edge_id,from,to,distance,danger_type,congestion,passable,road_name,instruction,polyline,strategy,variant,path_index,step_index
AM0001,N001,N003,0.034,normal,0.15,true,向东南行驶34米右转,向东南行驶34米右转,"116.326803,40.003166;116.32697,40.002888",0,default_fast,0,0
AM0002,N003,N004,0.056,normal,0.15,true,向西行驶56米左转,向西行驶56米左转,"116.32697,40.002888;116.326305,40.002861",0,default_fast,0,1
AM0003,N004,N005,0.216,normal,0.05,true,向南行驶216米左转,向南行驶216米左转,"116.326305,40.002861;116.326326,40.002711;116.326412,40.002186;116.326417,40.002046;116.326406,40.001944;116.326256,40.001596;116.326122,40.001317;116.326036,40.00122;116.325854,40.001006",0,default_fast,0,2
AM0004,N005,N006,0.179,normal,0.05,true,清华路,沿清华路向东行驶179米右转进入左侧道路,"116.325854,40.001006;116.3266,40.001016;116.327453,40.001006;116.327962,40.001021",0,default_fast,0,3
AM0005,N006,N007,0.406,normal,0.05,true,学堂路,沿学堂路向南行驶406米左转进入左侧道路,"116.327962,40.001021;116.328059,40.000276;116.328107,39.999916;116.32815,39.999589;116.328252,39.998999;116.328348,39.998157;116.328354,39.99813;116.328472,39.997363",0,default_fast,0,4
AM0006,N007,N008,0.347,normal,0.05,true,日新路,沿日新路向东行驶347米右转,"116.328568,39.997368;116.328837,39.997385;116.329818,39.997422;116.330902,39.99746;116.331776,39.997503;116.33264,39.99754",0,default_fast,0,5
AM0007,N008,N009,1.239,normal,0.19,true,中关村东路,沿中关村东路向南行驶1.2千米左转,"116.33264,39.99754;116.332667,39.997208;116.332705,39.996735;116.332715,39.996564;116.332705,39.996548;116.332586,39.996322;116.332608,39.996145;116.332624,39.995979;116.332645,39.995813;116.332683,39.995228;116.332688,39.995137;116.332694,39.994997;116.332699,39.994767;116.332747,39.993801;116.332774,39.993039;116.33278,39.992889;116.332796,39.992605;116.332806,39.992498;116.332849,39.991736;116.33286,39.99157;116.33286,39.991521;116.332908,39.990861;116.332919,39.99062;116.332924,39.990534;116.33294,39.990234;116.33294,39.990191;116.332962,39.989713;116.332973,39.989493;116.333042,39.988126;116.333075,39.987433;116.333091,39.987063;116.333096,39.986972;116.333101,39.986881;116.333118,39.986484;116.333123,39.986275",0,default_fast,0,6
AM0008,N009,N010,1.069,normal,0.05,true,北四环西路辅路,沿北四环西路辅路途径北四环中路辅路向东行驶1.1千米向左前方行驶进入主路,"116.333429,39.985819;116.334147,39.985856;116.334807,39.985894;116.334872,39.985899;116.334947,39.985899;116.33786,39.986044;116.338857,39.986098;116.339581,39.986114;116.339769,39.986125;116.340547,39.986151;116.342511,39.986232;116.343991,39.986307;116.344774,39.986355;116.345101,39.986361;116.345193,39.986366;116.345214,39.986366;116.345504,39.986377;116.345997,39.986404",0,default_fast,0,7
AM0009,N010,N011,14.209,collapse,0.472,true,北四环中路入口,沿北四环中路入口途径北四环中路、北四环东路、东四环北路向东行驶14.2千米向右前方行驶进入辅路,"116.345997,39.986404;116.346153,39.986468;116.346362,39.986554;116.348277,39.986602;116.350563,39.986677;116.355911,39.986854;116.35774,39.986913;116.359097,39.986961;116.3598,39.986983;116.36215,39.987053;116.363882,39.987106;116.364526,39.987128;116.366672,39.987187;116.367187,39.987203;116.371586,39.987316;116.373082,39.987342;116.373576,39.987369;116.376757,39.98745;116.377481,39.987487;116.378458,39.987546;116.379552,39.987578;116.380346,39.9876;116.381236,39.987643;116.383151,39.98767;116.383999,39.987691;116.384364,39.987707;116.384948,39.987723;116.385463,39.987745;116.387363,39.987788;116.387738,39.987798;116.389143,39.987825;116.38916,39.987825;116.389911,39.987863;116.390211,39.987873;116.393993,39.987997;116.397233,39.988083;116.397421,39.988083;116.397608,39.988083;116.399969,39.988142;116.402329,39.988201;116.402812,39.988206;116.403831,39.988249;116.40477,39.988281;116.405054,39.988297;116.405741,39.988319;116.406808,39.988356;116.407184,39.988367;116.40793,39.988388;116.408831,39.98841;116.409695,39.988437;116.410118,39.988453;116.410993,39.98848;116.411132,39.988485;116.412328,39.988506;116.414034,39.98856;116.415349,39.988598;116.418664,39.988705;116.419361,39.988726;116.42141,39.988775;116.427172,39.988925;116.429672,39.988989;116.43038,39.989011;116.433105,39.98908;116.433405,39.989086;116.434323,39.989113;116.43488,39.989118;116.435605,39.989145;116.436216,39.98914;116.436753,39.989123;116.437321,39.989075;116.438137,39.988978;116.439065,39.98878;116.439585,39.988635;116.440492,39.988335;116.441323,39.988034;116.44643,39.986044;116.447101,39.985755;116.447347,39.985631;116.447841,39.985384;116.448586,39.984928;116.449778,39.984166;116.45025,39.983866;116.450609,39.98363;116.452572,39.982353;116.455078,39.980701;116.457288,39.979247;116.457905,39.97884;116.460383,39.977193;116.461466,39.97648;116.462464,39.975803;116.463569,39.975053;116.463661,39.974993;116.46424,39.974602;116.46453,39.974409;116.465956,39.973497;116.467764,39.972333;116.468108,39.972113;116.468365,39.971946;116.469588,39.971153;116.469985,39.97089;116.470371,39.970632;116.472963,39.968905;116.473939,39.968261;116.47705,39.966206;116.477168,39.966131;116.477662,39.965804;116.478171,39.965466;116.480773,39.96375;116.48286,39.962285;116.483268,39.961985;116.483917,39.961523;116.484458,39.961083;116.48551,39.960161;116.485885,39.959764;116.486331,39.959297;116.486711,39.958857;116.486905,39.958621;116.487511,39.957795;116.487752,39.957425;116.487849,39.957275;116.488171,39.956728;116.488417,39.956229;116.48875,39.955505;116.488986,39.954866;116.489099,39.954512;116.489372,39.95353;116.489442,39.953198;116.48949,39.952849;116.489592,39.952195;116.489689,39.951073;116.489732,39.950355",0,default_fast,0,8
AM0010,N011,N012,0.574,congestion,0.75,true,东四环北路出口,沿东四环北路出口途径东四环北路辅路向南行驶574米左转进入主路,"116.489732,39.950355;116.48956,39.949936;116.489565,39.9494;116.489555,39.949169;116.489555,39.949105;116.489555,39.946959;116.489555,39.946288;116.489565,39.945602;116.489555,39.945457;116.489555,39.945167",0,default_fast,0,9
AM0011,N012,N013,0.927,normal,0.225,true,朝阳站路,沿朝阳站路向东行驶927米直行进入左侧道路,"116.490343,39.945055;116.49059,39.945038;116.490923,39.945017;116.491389,39.945017;116.491534,39.945023;116.493669,39.94506;116.495155,39.945189;116.495375,39.945216;116.497387,39.945425;116.499023,39.94558;116.500836,39.945757;116.501174,39.945795",0,default_fast,0,10
AM0012,N013,N014,0.533,normal,0.05,true,向东行驶533米右转,向东行驶533米右转,"116.501405,39.945827;116.501603,39.945865;116.501893,39.945891;116.502837,39.945993;116.504312,39.94616;116.505283,39.946288;116.506013,39.946385;116.506549,39.946487;116.507059,39.946573;116.507193,39.946573;116.507391,39.946525;116.507536,39.946433",0,default_fast,0,11
AM0013,N014,N015,0.111,congestion,0.4,true,向南行驶111米左转进入右岔路,向南行驶111米左转进入右岔路,"116.507536,39.946433;116.507541,39.946288;116.507547,39.946117;116.507552,39.945795;116.507563,39.94543",0,default_fast,0,12
AM0014,N015,N002,0.073,congestion,0.75,true,向东行驶73米到达目的地,向东行驶73米到达目的地,"116.507552,39.945183;116.507971,39.945178;116.508415,39.945174",0,default_fast,0,13
AM0015,N001,N016,0.034,normal,0.15,true,向东南行驶34米右转,向东南行驶34米右转,"116.326803,40.003166;116.32697,40.002888",0,via_xizhimen,0,0
AM0016,N016,N017,0.056,normal,0.15,true,向西行驶56米左转,向西行驶56米左转,"116.32697,40.002888;116.326305,40.002861",0,via_xizhimen,0,1
AM0017,N017,N018,0.216,normal,0.05,true,向南行驶216米左转,向南行驶216米左转,"116.326305,40.002861;116.326326,40.002711;116.326412,40.002186;116.326417,40.002046;116.326406,40.001944;116.326256,40.001596;116.326122,40.001317;116.326036,40.00122;116.325854,40.001006",0,via_xizhimen,0,2
AM0018,N018,N019,0.179,normal,0.05,true,清华路,沿清华路向东行驶179米右转进入左侧道路,"116.325854,40.001006;116.3266,40.001016;116.327453,40.001006;116.327962,40.001021",0,via_xizhimen,0,3
AM0019,N019,N020,0.406,normal,0.05,true,学堂路,沿学堂路向南行驶406米左转进入左侧道路,"116.327962,40.001021;116.328059,40.000276;116.328107,39.999916;116.32815,39.999589;116.328252,39.998999;116.328348,39.998157;116.328354,39.99813;116.328472,39.997363",0,via_xizhimen,0,4
AM0020,N020,N021,0.347,normal,0.05,true,日新路,沿日新路向东行驶347米右转,"116.328568,39.997368;116.328837,39.997385;116.329818,39.997422;116.330902,39.99746;116.331776,39.997503;116.33264,39.99754",0,via_xizhimen,0,5
AM0021,N021,N022,5.3,normal,0.05,true,中关村东路,沿中关村东路途径皂君庙路、大柳树路、高梁桥斜街向南行驶5.3千米向右前方行驶进入辅路,"116.33264,39.99754;116.332667,39.997208;116.332705,39.996735;116.332715,39.996564;116.332705,39.996548;116.332586,39.996322;116.332608,39.996145;116.332624,39.995979;116.332645,39.995813;116.332683,39.995228;116.332688,39.995137;116.332694,39.994997;116.332699,39.994767;116.332747,39.993801;116.332774,39.993039;116.33278,39.992889;116.332796,39.992605;116.332806,39.992498;116.332849,39.991736;116.33286,39.99157;116.33286,39.991521;116.332908,39.990861;116.332919,39.99062;116.332924,39.990534;116.33294,39.990234;116.33294,39.990191;116.332962,39.989713;116.332973,39.989493;116.333042,39.988126;116.333075,39.987433;116.333091,39.987063;116.333096,39.986972;116.333101,39.986881;116.333118,39.986484;116.333123,39.986275;116.33315,39.985813;116.33316,39.985567;116.333235,39.984306;116.333273,39.983512;116.333284,39.98326;116.3333,39.983008;116.333316,39.98267;116.333348,39.981913;116.33338,39.981302;116.333391,39.981125;116.333402,39.98091;116.333434,39.980261;116.333466,39.979575;116.333482,39.979247;116.333488,39.979167;116.333498,39.978995;116.333509,39.978748;116.333536,39.978164;116.333563,39.977536;116.333595,39.976769;116.3336,39.976624;116.333616,39.976388;116.333627,39.976243;116.333681,39.975755;116.333691,39.975616;116.333718,39.975337;116.333756,39.974135;116.333793,39.973175;116.333847,39.972435;116.333858,39.97229;116.333868,39.972038;116.333895,39.971592;116.333933,39.970713;116.333981,39.969645;116.334024,39.968744;116.334046,39.968261;116.334061,39.967864;116.334067,39.967719;116.334105,39.967247;116.334115,39.967129;116.334169,39.966646;116.334196,39.966432;116.334212,39.966292;116.334239,39.966067;116.334303,39.965466;116.334453,39.963948;116.334491,39.96354;116.334614,39.962151;116.33463,39.961985;116.334652,39.961792;116.334721,39.961255;116.334743,39.961083;116.334764,39.960917;116.334872,39.959882;116.334893,39.959635;116.33499,39.95853;116.33506,39.957913;116.335081,39.957704;116.335102,39.957446;116.335129,39.957275;116.335135,39.957248;116.335172,39.956985;116.335263,39.956411;116.335322,39.956105;116.335371,39.955762;116.33544,39.955338;116.335505,39.954871;116.335569,39.954442;116.335606,39.954228;116.335708,39.953584;116.335768,39.953139;116.33581,39.952844;116.335826,39.952731;116.335912,39.952248;116.335987,39.952028;116.33617,39.951605;116.336411,39.951095;116.336594,39.950784;116.336781,39.950505;116.337098,39.950119;116.337151,39.95007;116.337441,39.949818",0,via_xizhimen,0,6
AM0022,N022,N023,1.485,normal,0.05,true,高梁桥斜街,沿高梁桥斜街向东南行驶1.5千米右转,"116.337441,39.949818;116.33757,39.949636;116.337822,39.949448;116.337865,39.949421;116.338192,39.949207;116.33868,39.948922;116.340021,39.948182;116.340676,39.947812;116.340853,39.94771;116.34111,39.94756;116.341513,39.947335;116.341674,39.947243;116.342183,39.946996;116.342655,39.946787;116.342918,39.94668;116.343176,39.946573;116.343476,39.946444;116.343541,39.946417;116.343857,39.946288;116.344367,39.946079;116.345214,39.94579;116.347328,39.945108;116.347451,39.945065;116.34802,39.944878;116.348798,39.944572;116.349527,39.944357;116.349822,39.944271;116.350348,39.9441;116.350595,39.943993;116.350799,39.943869;116.350981,39.94373;116.351115,39.943606;116.351196,39.94351;116.351303,39.94336;116.351421,39.943102;116.351475,39.942963;116.351539,39.942785;116.351593,39.942528",0,via_xizhimen,0,7
AM0023,N023,N024,0.178,normal,0.05,true,北展北街,沿北展北街向西行驶178米右转,"116.351593,39.942528;116.350804,39.942372;116.350702,39.942351;116.350343,39.942308;116.349516,39.942286",0,via_xizhimen,0,8
AM0024,N024,N025,0.066,normal,0.15,true,向北行驶66米左转,向北行驶66米左转,"116.349516,39.942286;116.3495,39.942582;116.349495,39.942651;116.349484,39.942764;116.349479,39.942893",0,via_xizhimen,0,9
AM0025,N025,N026,0.262,normal,0.15,true,向西行驶262米左转,向西行驶262米左转,"116.349479,39.942893;116.348492,39.943118;116.347934,39.94322;116.347199,39.943311;116.34648,39.943354",0,via_xizhimen,0,10
AM0026,N026,N027,0.042,normal,0.15,true,向南行驶42米向左前方行驶,向南行驶42米向左前方行驶,"116.34648,39.943354;116.346464,39.942968",0,via_xizhimen,0,11
AM0027,N027,N028,0.013,normal,0.15,true,向东南行驶13米到达途经地,向东南行驶13米到达途经地,"116.346464,39.942968;116.346518,39.942903;116.346514,39.942864",0,via_xizhimen,0,12
AM0028,N028,N029,0.058,normal,0.15,true,向南行驶58米向右前方行驶,向南行驶58米向右前方行驶,"116.346514,39.942864;116.346512,39.94285;116.346475,39.942753;116.346464,39.942689;116.346496,39.942517;116.346448,39.942399;116.346416,39.942362",0,via_xizhimen,0,13
AM0029,N029,N030,0.091,normal,0.15,true,北展北街,沿北展北街向西行驶91米左转,"116.346416,39.942362;116.346271,39.942271;116.346164,39.942244;116.345922,39.942238;116.345692,39.942233;116.345676,39.942222;116.345676,39.942185;116.345558,39.942179;116.345429,39.942169",0,via_xizhimen,0,14
AM0030,N030,N031,0.389,normal,0.139,true,北展东马路,沿北展东马路途径北展桥向南行驶389米左转,"116.345429,39.942115;116.345413,39.942035;116.345407,39.941509;116.345418,39.941181;116.345402,39.939653;116.345386,39.939626;116.345391,39.939551;116.345397,39.939486;116.345413,39.93946;116.345434,39.939116;116.34552,39.93895;116.345461,39.938859;116.34545,39.938778;116.345466,39.938698;116.345515,39.938612",0,via_xizhimen,0,15
AM0031,N031,N032,0.359,normal,0.05,true,西直门外大街辅路,沿西直门外大街辅路向东行驶359米向左前方行驶进入主路,"116.345515,39.938612;116.3456,39.938553;116.345761,39.938515;116.346169,39.938612;116.346459,39.938698;116.346899,39.938843;116.347467,39.939041;116.347971,39.939223;116.348154,39.939293;116.348347,39.939406;116.348905,39.939545;116.349415,39.939636",0,via_xizhimen,0,16
AM0032,N032,N033,0.225,normal,0.05,true,西直门外大街入口,沿西直门外大街入口途径西直门外大街、西直门桥向东行驶225米向右前方行驶进入匝道,"116.349415,39.939636;116.349693,39.939738;116.349785,39.939798;116.351711,39.940071;116.351882,39.940098;116.351968,39.940109",0,via_xizhimen,0,17
AM0033,N033,N034,1.838,normal,0.05,true,西直门桥,沿西直门桥途径北二环向东北行驶1.8千米靠左沿主路行驶,"116.351968,39.940109;116.35273,39.940103;116.354688,39.9402;116.354833,39.940211;116.354961,39.940237;116.355171,39.940286;116.35524,39.940313;116.355375,39.940404;116.355541,39.940532;116.355648,39.940634;116.355707,39.940731;116.355734,39.940838;116.355755,39.940945;116.355771,39.941149;116.355761,39.941605;116.355766,39.941831;116.355782,39.94204;116.355814,39.942233;116.355873,39.942421;116.355943,39.942592;116.356023,39.942753;116.356131,39.942925;116.356319,39.943177;116.356592,39.943451;116.356753,39.94358;116.356898,39.943676;116.357048,39.943762;116.357247,39.943869;116.357456,39.943966;116.357552,39.944009;116.358287,39.944277;116.358352,39.944309;116.35847,39.944379;116.358636,39.944427;116.358802,39.944475;116.359146,39.944577;116.360186,39.944883;116.360696,39.945023;116.361656,39.945291;116.363378,39.945768;116.363721,39.94587;116.364821,39.946176;116.365186,39.946288;116.365406,39.946363;116.365894,39.946557;116.367187,39.947115;116.367375,39.947195;116.368217,39.947544;116.36907,39.947866",0,via_xizhimen,0,18
AM0034,N034,N035,5.086,congestion,0.661,true,北二环,沿北二环向东行驶5.1千米向右前方行驶进入匝道,"116.36907,39.947866;116.369719,39.948086;116.370046,39.948188;116.370518,39.948311;116.371049,39.948423;116.371414,39.948488;116.372042,39.948558;116.374,39.948692;116.374874,39.94874;116.375888,39.948767;116.376639,39.948788;116.377481,39.948799;116.379418,39.948804;116.381231,39.948826;116.382186,39.948831;116.382529,39.948831;116.382894,39.948826;116.383597,39.948842;116.387255,39.948863;116.38916,39.94888;116.389996,39.948885;116.391536,39.948896;116.392512,39.948901;116.393907,39.948917;116.39402,39.948917;116.394621,39.948928;116.395157,39.948944;116.398815,39.948971;116.400505,39.948971;116.401948,39.948987;116.403397,39.948998;116.404448,39.949014;116.404985,39.949019;116.405408,39.949019;116.406031,39.949019;116.409518,39.949046;116.411132,39.949073;116.411374,39.949078;116.411905,39.949105;116.412827,39.949121;116.413192,39.949142;116.414099,39.949175;116.418567,39.94933;116.419361,39.949357;116.420134,39.949378;116.420252,39.949384;116.420643,39.9494;116.421646,39.949416;116.422601,39.949459;116.423336,39.949486;116.427113,39.949609;116.42817,39.949646;116.428588,39.949657",0,via_xizhimen,0,19
AM0035,N035,N036,2.68,congestion,0.715,true,东直门北桥,沿东直门北桥途径S12机场高速向东行驶2.7千米向右前方行驶进入匝道,"116.428588,39.949657;116.42891,39.949566;116.430718,39.94955;116.430965,39.949529;116.431238,39.949486;116.431549,39.949405;116.432279,39.949191;116.432477,39.949142;116.432681,39.949121;116.43289,39.94911;116.433094,39.949126;116.433105,39.949126;116.433298,39.949153;116.433561,39.949212;116.434028,39.949335;116.434205,39.949368;116.434323,39.949389;116.434601,39.949416;116.435524,39.949421;116.436806,39.949421;116.439247,39.949453;116.43944,39.949453;116.439671,39.949453;116.44002,39.949459;116.442251,39.949475;116.44333,39.949486;116.443995,39.949496;116.44429,39.949518;116.444746,39.949615;116.445196,39.949748;116.445486,39.949861;116.445942,39.950092;116.446183,39.950258;116.4465,39.950521;116.44812,39.95198;116.449263,39.953005;116.449944,39.953638;116.4515,39.955043;116.451875,39.955365;116.45276,39.956175;116.453629,39.956974;116.453978,39.957275;116.454005,39.957296;116.454251,39.957521;116.454595,39.957833;116.454938,39.958144",0,via_xizhimen,0,20
AM0036,N036,N037,0.287,congestion,0.417,true,三元桥,沿三元桥途径北三环东路向西行驶287米右转,"116.454938,39.958144;116.455078,39.958181;116.455249,39.95824;116.455308,39.958246;116.45541,39.958251;116.455539,39.95823;116.45563,39.958192;116.455684,39.95816;116.455786,39.958074;116.455845,39.957988;116.455866,39.957902;116.455871,39.957854;116.455866,39.957785;116.45585,39.957736;116.455828,39.957688;116.455759,39.957602;116.455678,39.957548;116.45563,39.957521;116.455512,39.957484;116.455346,39.957468;116.455265,39.957468;116.455078,39.9575;116.454986,39.957516;116.454681,39.957715;116.454268,39.957978",0,via_xizhimen,0,21
AM0037,N037,N038,1.254,normal,0.087,true,三元桥,沿三元桥途径京密路向东北行驶1.3千米向右前方行驶进入辅路,"116.454268,39.957978;116.454214,39.95823;116.454225,39.958273;116.454262,39.958348;116.454396,39.958482;116.455078,39.959099;116.457121,39.96095;116.457588,39.961357;116.45784,39.961593;116.457926,39.961684;116.458001,39.961792;116.458028,39.96184;116.458065,39.961963;116.460115,39.963825;116.460206,39.963911;116.460871,39.964517;116.46255,39.966046;116.462867,39.96633;116.463344,39.966743",0,via_xizhimen,0,22
AM0038,N038,N039,0.444,normal,0.05,true,京密路,沿京密路向东北行驶444米向右前方行驶进入匝道,"116.463344,39.966743;116.463489,39.966781;116.463795,39.967027;116.46513,39.968261;116.465383,39.968492;116.466155,39.969168;116.466461,39.969457;116.466766,39.969747",0,via_xizhimen,0,23
AM0039,N039,N040,3.303,congestion,0.604,true,四元桥,沿四元桥途径北四环东路、东四环北路向东南行驶3.3千米向右前方行驶进入辅路,"116.466766,39.969747;116.466815,39.969768;116.466906,39.969833;116.467383,39.970241;116.468505,39.971099;116.46865,39.971185;116.468853,39.971238;116.468961,39.971249;116.469127,39.971233;116.469588,39.971153;116.469985,39.97089;116.470371,39.970632;116.472963,39.968905;116.473939,39.968261;116.47705,39.966206;116.477168,39.966131;116.477662,39.965804;116.478171,39.965466;116.480773,39.96375;116.48286,39.962285;116.483268,39.961985;116.483917,39.961523;116.484458,39.961083;116.48551,39.960161;116.485885,39.959764;116.486331,39.959297;116.486711,39.958857;116.486905,39.958621;116.487511,39.957795;116.487752,39.957425;116.487849,39.957275;116.488171,39.956728;116.488417,39.956229;116.48875,39.955505;116.488986,39.954866;116.489099,39.954512;116.489372,39.95353;116.489442,39.953198;116.48949,39.952849;116.489592,39.952195;116.489689,39.951073;116.489732,39.950355",0,via_xizhimen,0,24
AM0040,N040,N041,0.574,congestion,0.75,true,东四环北路出口,沿东四环北路出口途径东四环北路辅路向南行驶574米左转进入主路,"116.489732,39.950355;116.48956,39.949936;116.489565,39.9494;116.489555,39.949169;116.489555,39.949105;116.489555,39.946959;116.489555,39.946288;116.489565,39.945602;116.489555,39.945457;116.489555,39.945167",0,via_xizhimen,0,25
AM0041,N041,N042,0.927,normal,0.225,true,朝阳站路,沿朝阳站路向东行驶927米直行进入左侧道路,"116.490343,39.945055;116.49059,39.945038;116.490923,39.945017;116.491389,39.945017;116.491534,39.945023;116.493669,39.94506;116.495155,39.945189;116.495375,39.945216;116.497387,39.945425;116.499023,39.94558;116.500836,39.945757;116.501174,39.945795",0,via_xizhimen,0,26
AM0042,N042,N043,0.533,normal,0.05,true,向东行驶533米右转,向东行驶533米右转,"116.501405,39.945827;116.501603,39.945865;116.501893,39.945891;116.502837,39.945993;116.504312,39.94616;116.505283,39.946288;116.506013,39.946385;116.506549,39.946487;116.507059,39.946573;116.507193,39.946573;116.507391,39.946525;116.507536,39.946433",0,via_xizhimen,0,27
AM0043,N043,N044,0.111,congestion,0.4,true,向南行驶111米左转进入右岔路,向南行驶111米左转进入右岔路,"116.507536,39.946433;116.507541,39.946288;116.507547,39.946117;116.507552,39.945795;116.507563,39.94543",0,via_xizhimen,0,28
AM0044,N044,N002,0.073,congestion,0.75,true,向东行驶73米到达目的地,向东行驶73米到达目的地,"116.507552,39.945183;116.507971,39.945178;116.508415,39.945174",0,via_xizhimen,0,29
AM0045,N001,N045,0.034,normal,0.15,true,向东南行驶34米右转,向东南行驶34米右转,"116.326803,40.003166;116.32697,40.002888",0,via_wangjing,0,0
AM0046,N045,N046,0.056,normal,0.15,true,向西行驶56米左转,向西行驶56米左转,"116.32697,40.002888;116.326305,40.002861",0,via_wangjing,0,1
AM0047,N046,N047,0.216,normal,0.05,true,向南行驶216米左转,向南行驶216米左转,"116.326305,40.002861;116.326326,40.002711;116.326412,40.002186;116.326417,40.002046;116.326406,40.001944;116.326256,40.001596;116.326122,40.001317;116.326036,40.00122;116.325854,40.001006",0,via_wangjing,0,2
AM0048,N047,N048,0.179,normal,0.05,true,清华路,沿清华路向东行驶179米右转进入左侧道路,"116.325854,40.001006;116.3266,40.001016;116.327453,40.001006;116.327962,40.001021",0,via_wangjing,0,3
AM0049,N048,N049,0.406,normal,0.05,true,学堂路,沿学堂路向南行驶406米左转进入左侧道路,"116.327962,40.001021;116.328059,40.000276;116.328107,39.999916;116.32815,39.999589;116.328252,39.998999;116.328348,39.998157;116.328354,39.99813;116.328472,39.997363",0,via_wangjing,0,4
AM0050,N049,N050,0.347,normal,0.05,true,日新路,沿日新路向东行驶347米右转,"116.328568,39.997368;116.328837,39.997385;116.329818,39.997422;116.330902,39.99746;116.331776,39.997503;116.33264,39.99754",0,via_wangjing,0,5
AM0051,N050,N051,1.239,normal,0.19,true,中关村东路,沿中关村东路向南行驶1.2千米左转,"116.33264,39.99754;116.332667,39.997208;116.332705,39.996735;116.332715,39.996564;116.332705,39.996548;116.332586,39.996322;116.332608,39.996145;116.332624,39.995979;116.332645,39.995813;116.332683,39.995228;116.332688,39.995137;116.332694,39.994997;116.332699,39.994767;116.332747,39.993801;116.332774,39.993039;116.33278,39.992889;116.332796,39.992605;116.332806,39.992498;116.332849,39.991736;116.33286,39.99157;116.33286,39.991521;116.332908,39.990861;116.332919,39.99062;116.332924,39.990534;116.33294,39.990234;116.33294,39.990191;116.332962,39.989713;116.332973,39.989493;116.333042,39.988126;116.333075,39.987433;116.333091,39.987063;116.333096,39.986972;116.333101,39.986881;116.333118,39.986484;116.333123,39.986275",0,via_wangjing,0,6
AM0052,N051,N052,1.069,normal,0.05,true,北四环西路辅路,沿北四环西路辅路途径北四环中路辅路向东行驶1.1千米向左前方行驶进入主路,"116.333429,39.985819;116.334147,39.985856;116.334807,39.985894;116.334872,39.985899;116.334947,39.985899;116.33786,39.986044;116.338857,39.986098;116.339581,39.986114;116.339769,39.986125;116.340547,39.986151;116.342511,39.986232;116.343991,39.986307;116.344774,39.986355;116.345101,39.986361;116.345193,39.986366;116.345214,39.986366;116.345504,39.986377;116.345997,39.986404",0,via_wangjing,0,7
AM0053,N052,N053,7.694,collapse,0.394,true,北四环中路入口,沿北四环中路入口途径北四环中路、北四环东路向东行驶7.7千米向右前方行驶进入匝道,"116.345997,39.986404;116.346153,39.986468;116.346362,39.986554;116.348277,39.986602;116.350563,39.986677;116.355911,39.986854;116.35774,39.986913;116.359097,39.986961;116.3598,39.986983;116.36215,39.987053;116.363882,39.987106;116.364526,39.987128;116.366672,39.987187;116.367187,39.987203;116.371586,39.987316;116.373082,39.987342;116.373576,39.987369;116.376757,39.98745;116.377481,39.987487;116.378458,39.987546;116.379552,39.987578;116.380346,39.9876;116.381236,39.987643;116.383151,39.98767;116.383999,39.987691;116.384364,39.987707;116.384948,39.987723;116.385463,39.987745;116.387363,39.987788;116.387738,39.987798;116.389143,39.987825;116.38916,39.987825;116.389911,39.987863;116.390211,39.987873;116.393993,39.987997;116.397233,39.988083;116.397421,39.988083;116.397608,39.988083;116.399969,39.988142;116.402329,39.988201;116.402812,39.988206;116.403831,39.988249;116.40477,39.988281;116.405054,39.988297;116.405741,39.988319;116.406808,39.988356;116.407184,39.988367;116.40793,39.988388;116.408831,39.98841;116.409695,39.988437;116.410118,39.988453;116.410993,39.98848;116.411132,39.988485;116.412328,39.988506;116.414034,39.98856;116.415349,39.988598;116.418664,39.988705;116.419361,39.988726;116.42141,39.988775;116.427172,39.988925;116.429672,39.988989;116.43038,39.989011;116.433105,39.98908;116.433405,39.989086;116.434323,39.989113;116.43488,39.989118;116.435605,39.989145;116.436216,39.98914",0,via_wangjing,0,8
AM0054,N053,N054,0.249,collapse,0.75,true,望和桥,沿望和桥向东行驶249米靠左,"116.436216,39.98914;116.436736,39.989027;116.437016,39.988973;116.437413,39.98893;116.437627,39.988893;116.43781,39.988866;116.438158,39.988785;116.438453,39.9887;116.439,39.988485",0,via_wangjing,0,9
AM0055,N054,N055,1.16,collapse,0.75,true,望和桥,沿望和桥途径S11京承高速向东北行驶1.2千米向右前方行驶,"116.439,39.988485;116.439333,39.988372;116.439526,39.988292;116.439794,39.988142;116.440186,39.98789;116.44083,39.987428;116.441076,39.987267;116.441318,39.987133;116.441506,39.987053;116.441747,39.986967;116.441988,39.986913;116.442203,39.986881;116.442423,39.98687;116.442643,39.986881;116.442857,39.986908;116.443136,39.986972;116.443303,39.987031;116.443496,39.987117;116.4437,39.98724;116.443834,39.987337;116.443952,39.987444;116.444054,39.987557;116.444161,39.987707;116.444247,39.987863;116.4443,39.987997;116.444343,39.988163;116.444375,39.988388;116.444435,39.988893;116.444488,39.989198;116.444574,39.989531;116.444655,39.989719;116.444864,39.990218;116.444869,39.990234;116.444944,39.990395;116.445164,39.990878;116.445218,39.991076;116.4454,39.99135;116.446516,39.992991",0,via_wangjing,0,10
AM0056,N055,N056,0.344,normal,0.05,true,S11京承高速出口,沿S11京承高速出口途径京承东辅路向东北行驶344米向右前方行驶进入匝道,"116.446516,39.992991;116.446704,39.993157;116.447675,39.994396;116.448023,39.994938;116.448335,39.995394;116.448431,39.995539;116.448528,39.995684",0,via_wangjing,0,11
AM0057,N056,N057,1.79,normal,0.063,true,姜庄路,沿姜庄路途径湖光中街、宏昌路向东行驶1.8千米右转,"116.448528,39.995684;116.44885,39.995893;116.449101,39.996027;116.449193,39.99606;116.4493,39.996092;116.449836,39.996204;116.450743,39.996371;116.451103,39.996456;116.451542,39.996569;116.451725,39.996628;116.45187,39.996687;116.452047,39.996719;116.452218,39.996751;116.452642,39.996821;116.453291,39.996907;116.45409,39.996939;116.454246,39.996939;116.454568,39.996945;116.455078,39.99695;116.455351,39.996961;116.457164,39.996988;116.45732,39.996988;116.457797,39.997004;116.458001,39.997004;116.45865,39.997014;116.458725,39.997014;116.458822,39.997014;116.459348,39.997025;116.460463,39.997052;116.461279,39.997068;116.462266,39.997079;116.462588,39.997079;116.462899,39.997084;116.463124,39.99709;116.464369,39.997122;116.46446,39.997122;116.465012,39.997143;116.465361,39.997148;116.465983,39.997159;116.466702,39.997175;116.466842,39.997175;116.466922,39.997181;116.467046,39.997181;116.467582,39.997191;116.467786,39.997197;116.468247,39.997202;116.468473,39.997229;116.468575,39.997245;116.468698,39.997288;116.468837,39.997363;116.469143,39.997631",0,via_wangjing,0,12
AM0058,N057,N058,0.108,normal,0.15,true,向东南行驶108米右转,向东南行驶108米右转,"116.469223,39.997545;116.469283,39.997481;116.469368,39.997417;116.469856,39.997111;116.470162,39.99687",0,via_wangjing,0,13
AM0059,N058,N059,0.02,normal,0.15,true,向西南行驶20米左转,向西南行驶20米左转,"116.470162,39.99687;116.469996,39.996741",0,via_wangjing,0,14
AM0060,N059,N060,0.037,normal,0.15,true,向东南行驶37米到达途经地,向东南行驶37米到达途经地,"116.469996,39.996741;116.470316,39.996517",0,via_wangjing,0,15
AM0061,N060,N061,0.002,normal,0.15,true,向东南行驶2米左转调头,向东南行驶2米左转调头,"116.470316,39.996517;116.470334,39.996505",0,via_wangjing,0,16
AM0062,N061,N062,0.038,normal,0.15,true,向西北行驶38米左转,向西北行驶38米左转,"116.470334,39.996505;116.469996,39.996741",0,via_wangjing,0,17
AM0063,N062,N063,0.095,normal,0.15,true,向西南行驶95米向左前方行驶,向西南行驶95米向左前方行驶,"116.469996,39.996741;116.469862,39.996617;116.469696,39.996467;116.469583,39.996371;116.469465,39.996258;116.469261,39.99607",0,via_wangjing,0,18
AM0064,N063,N064,0.085,normal,0.15,true,向南行驶85米向左前方行驶,向南行驶85米向左前方行驶,"116.469261,39.99607;116.469283,39.995866;116.469299,39.995679;116.469304,39.99563;116.469309,39.995561;116.469325,39.995405;116.469347,39.995287",0,via_wangjing,0,19
AM0065,N064,N065,0.11,normal,0.15,true,向东南行驶110米左转,向东南行驶110米左转,"116.469347,39.995287;116.469385,39.995223;116.469561,39.995105;116.469894,39.994879;116.470066,39.994772;116.470125,39.994745;116.470339,39.994633",0,via_wangjing,0,20
AM0066,N065,N066,0.118,normal,0.15,true,向东北行驶118米向右前方行驶,向东北行驶118米向右前方行驶,"116.470339,39.994633;116.471042,39.995271;116.471165,39.995368;116.471225,39.995405;116.471278,39.995421",0,via_wangjing,0,21
AM0067,N066,N067,0.109,normal,0.13,true,阜荣街,沿阜荣街向东南行驶109米右转进入主路,"116.471278,39.995421;116.471316,39.99541;116.471573,39.995223;116.471949,39.994965;116.471997,39.994933;116.472035,39.994911;116.472254,39.994767",0,via_wangjing,0,22
AM0068,N067,N068,1.745,normal,0.05,true,阜通西大街,沿阜通西大街向西南行驶1.7千米左转,"116.472362,39.994676;116.472056,39.994402;116.471058,39.99349;116.470704,39.993173;116.47049,39.992959;116.470382,39.992857;116.470055,39.992573;116.46991,39.992428;116.469068,39.991645;116.46843,39.991065;116.468317,39.990969;116.468285,39.990936;116.468215,39.990878;116.468156,39.990824;116.46806,39.990733;116.467995,39.990674;116.46785,39.99055;116.467813,39.990513;116.467512,39.990234;116.467485,39.990207;116.467239,39.989987;116.467185,39.989939;116.466766,39.989553;116.466112,39.98886;116.465833,39.988571;116.465737,39.98848;116.465522,39.98826;116.465388,39.988126;116.465136,39.987879;116.464701,39.987482;116.464106,39.986945;116.46387,39.986752;116.463693,39.986623;116.463328,39.986404;116.463017,39.986237;116.462775,39.986146;116.462582,39.986071;116.462357,39.985991;116.462035,39.985883;116.460206,39.985379;116.459814,39.985266;116.459643,39.985218;116.458554,39.984928;116.458189,39.984816;116.457529,39.984537;116.457341,39.984451",0,via_wangjing,0,23
AM0069,N068,N069,0.387,normal,0.206,true,望京西路,沿望京西路向西南行驶387米左转,"116.456993,39.984247;116.456918,39.983941;116.456842,39.983721;116.456832,39.983695;116.456692,39.9834;116.456644,39.983314;116.45659,39.983223;116.456306,39.982804;116.455753,39.98201;116.45526,39.981297;116.455088,39.981077",0,via_wangjing,0,24
AM0070,N069,N070,0.546,congestion,0.875,true,北四环东路辅路,沿北四环东路辅路向东南行驶546米向左前方行驶进入主路,"116.454997,39.980567;116.455078,39.980508;116.455356,39.980315;116.456091,39.979854;116.45702,39.979247;116.457315,39.979054;116.457524,39.978915;116.458951,39.977971;116.459128,39.977858;116.459578,39.977558;116.459702,39.977477;116.4599,39.977332",0,via_wangjing,0,25
AM0071,N070,N071,4.068,congestion,0.498,true,北四环东路入口,沿北四环东路入口途径北四环东路、东四环北路向东南行驶4.1千米向右前方行驶进入辅路,"116.4599,39.977332;116.460185,39.977241;116.460383,39.977193;116.461466,39.97648;116.462464,39.975803;116.463569,39.975053;116.463661,39.974993;116.46424,39.974602;116.46453,39.974409;116.465956,39.973497;116.467764,39.972333;116.468108,39.972113;116.468365,39.971946;116.469588,39.971153;116.469985,39.97089;116.470371,39.970632;116.472963,39.968905;116.473939,39.968261;116.47705,39.966206;116.477168,39.966131;116.477662,39.965804;116.478171,39.965466;116.480773,39.96375;116.48286,39.962285;116.483268,39.961985;116.483917,39.961523;116.484458,39.961083;116.48551,39.960161;116.485885,39.959764;116.486331,39.959297;116.486711,39.958857;116.486905,39.958621;116.487511,39.957795;116.487752,39.957425;116.487849,39.957275;116.488171,39.956728;116.488417,39.956229;116.48875,39.955505;116.488986,39.954866;116.489099,39.954512;116.489372,39.95353;116.489442,39.953198;116.48949,39.952849;116.489592,39.952195;116.489689,39.951073;116.489732,39.950355",0,via_wangjing,0,26
AM0072,N071,N072,0.574,congestion,0.75,true,东四环北路出口,沿东四环北路出口途径东四环北路辅路向南行驶574米左转进入主路,"116.489732,39.950355;116.48956,39.949936;116.489565,39.9494;116.489555,39.949169;116.489555,39.949105;116.489555,39.946959;116.489555,39.946288;116.489565,39.945602;116.489555,39.945457;116.489555,39.945167",0,via_wangjing,0,27
AM0073,N072,N073,0.927,normal,0.225,true,朝阳站路,沿朝阳站路向东行驶927米直行进入左侧道路,"116.490343,39.945055;116.49059,39.945038;116.490923,39.945017;116.491389,39.945017;116.491534,39.945023;116.493669,39.94506;116.495155,39.945189;116.495375,39.945216;116.497387,39.945425;116.499023,39.94558;116.500836,39.945757;116.501174,39.945795",0,via_wangjing,0,28
AM0074,N073,N074,0.533,normal,0.05,true,向东行驶533米右转,向东行驶533米右转,"116.501405,39.945827;116.501603,39.945865;116.501893,39.945891;116.502837,39.945993;116.504312,39.94616;116.505283,39.946288;116.506013,39.946385;116.506549,39.946487;116.507059,39.946573;116.507193,39.946573;116.507391,39.946525;116.507536,39.946433",0,via_wangjing,0,29
AM0075,N074,N075,0.111,congestion,0.4,true,向南行驶111米左转进入右岔路,向南行驶111米左转进入右岔路,"116.507536,39.946433;116.507541,39.946288;116.507547,39.946117;116.507552,39.945795;116.507563,39.94543",0,via_wangjing,0,30
AM0076,N075,N002,0.073,congestion,0.75,true,向东行驶73米到达目的地,向东行驶73米到达目的地,"116.507552,39.945183;116.507971,39.945178;116.508415,39.945174",0,via_wangjing,0,31
AM0077,N001,N076,0.034,normal,0.15,true,向东南行驶34米右转,向东南行驶34米右转,"116.326803,40.003166;116.32697,40.002888",0,context_via_jimenqiao,0,0
AM0078,N076,N077,0.056,normal,0.15,true,向西行驶56米左转,向西行驶56米左转,"116.32697,40.002888;116.326305,40.002861",0,context_via_jimenqiao,0,1
AM0079,N077,N078,0.216,normal,0.05,true,向南行驶216米左转,向南行驶216米左转,"116.326305,40.002861;116.326326,40.002711;116.326412,40.002186;116.326417,40.002046;116.326406,40.001944;116.326256,40.001596;116.326122,40.001317;116.326036,40.00122;116.325854,40.001006",0,context_via_jimenqiao,0,2
AM0080,N078,N079,0.723,normal,0.05,true,清华路,沿清华路向东行驶723米左转,"116.325854,40.001006;116.3266,40.001016;116.327453,40.001006;116.327962,40.001021;116.328493,40.001016;116.329711,40.001048;116.330103,40.001059;116.330698,40.00107;116.331299,40.001091;116.331803,40.001113;116.332388,40.001129;116.332543,40.001129;116.332613,40.001134;116.333257,40.00115;116.333858,40.001172;116.334389,40.001188",0,context_via_jimenqiao,0,3
AM0081,N079,N080,0.266,normal,0.05,true,清华路,沿清华路途径明德路向北行驶266米右转,"116.334389,40.001188;116.334389,40.00122;116.334394,40.001327;116.334394,40.001386;116.334389,40.001708;116.334389,40.001853;116.334383,40.002191;116.334378,40.002502;116.334357,40.002717;116.334346,40.003178;116.334335,40.003548;116.334335,40.003629",0,context_via_jimenqiao,0,4
AM0082,N080,N081,0.228,normal,0.05,true,向东行驶228米右转,向东行驶228米右转,"116.334335,40.003629;116.335242,40.003645;116.335912,40.003666;116.33669,40.003698;116.336787,40.003698;116.337017,40.003682",0,context_via_jimenqiao,0,5
AM0083,N081,N082,0.347,congestion,0.55,true,荷清路,沿荷清路向南行驶347米左转,"116.337017,40.003682;116.337087,40.001912;116.337109,40.001333;116.337114,40.00122;116.337157,40.000539",0,context_via_jimenqiao,0,6
AM0084,N082,N083,1.3,normal,0.05,true,清华东路,沿清华东路向东行驶1.3千米右转进入主路,"116.337184,40.000469;116.338149,40.00048;116.33853,40.000528;116.339716,40.000587;116.339914,40.000598;116.340054,40.000598;116.340595,40.000608;116.340912,40.000625;116.342366,40.000678;116.343417,40.000694;116.345214,40.000753;116.345236,40.000753;116.345273,40.000753;116.348347,40.000861;116.348739,40.000866;116.348926,40.000871;116.350053,40.000909;116.35052,40.00092;116.351067,40.000925;116.351678,40.000946;116.352274,40.000963;116.352483,40.000973",0,context_via_jimenqiao,0,7
AM0085,N083,N084,2.371,normal,0.05,true,学院路,沿学院路向南行驶2.4千米靠左,"116.352628,40.000973;116.352639,40.000673;116.352676,39.9996;116.352698,39.999171;116.352762,39.9979;116.352783,39.997411;116.352805,39.997208;116.352832,39.996913;116.352907,39.9954;116.352955,39.99466;116.352987,39.993737;116.352998,39.99349;116.353003,39.993324;116.353014,39.993125;116.353116,39.991446;116.353127,39.991296;116.353138,39.991017;116.353148,39.990776;116.353164,39.990411;116.353175,39.990234;116.353229,39.989231;116.353288,39.98811;116.353309,39.987761;116.353347,39.987112;116.353379,39.986656;116.353427,39.985878;116.353449,39.985631;116.353459,39.985127;116.353518,39.984574;116.353599,39.983646;116.353722,39.982048;116.353744,39.981806;116.353808,39.980926;116.353856,39.979972;116.353883,39.979623;116.353888,39.979526",0,context_via_jimenqiao,0,8
AM0086,N084,N085,2.07,normal,0.087,true,西土城路,沿西土城路途径学知桥向南行驶2.1千米向右前方行驶进入辅路,"116.353888,39.979526;116.353894,39.979247;116.353894,39.979049;116.353899,39.978877;116.353942,39.977933;116.353953,39.977606;116.353931,39.977445;116.353883,39.97723;116.353835,39.977075;116.353765,39.976914;116.353213,39.975863;116.353084,39.975557;116.35303,39.975326;116.353003,39.975133;116.352998,39.974875;116.353025,39.97436;116.353046,39.974119;116.353073,39.973577;116.353095,39.972869;116.353105,39.97252;116.353127,39.972043;116.353127,39.971952;116.353138,39.971705;116.353229,39.9703;116.353245,39.970096;116.353315,39.969752;116.353427,39.969162;116.353438,39.969055;116.35347,39.96846;116.353481,39.968261;116.353535,39.967167;116.353556,39.96663;116.353545,39.966244;116.353508,39.96604;116.353357,39.965488;116.353331,39.965359;116.353325,39.965316;116.35332,39.965262;116.353309,39.965134;116.353315,39.96464;116.353341,39.963851;116.353449,39.96192;116.35347,39.961556;116.353486,39.96125;116.353508,39.960939",0,context_via_jimenqiao,0,9
AM0087,N085,N086,0.33,normal,0.33,true,西土城路出口,沿西土城路出口途径西土城路辅路向南行驶330米左转调头,"116.353508,39.960939;116.35339,39.96059;116.3534,39.960477;116.353411,39.960252;116.353486,39.959936;116.353556,39.959732;116.353765,39.959367;116.354565,39.958144",0,context_via_jimenqiao,0,10
AM0088,N086,N087,0.266,normal,0.05,true,西土城路辅路,沿西土城路辅路向北行驶266米向左前方行驶进入主路,"116.35523,39.958096;116.355144,39.959463;116.355117,39.960053;116.355106,39.960504",0,context_via_jimenqiao,0,11
AM0089,N087,N088,0.096,normal,0.05,true,西土城路入口,沿西土城路入口途径西土城路向北行驶96米左转,"116.355106,39.960504;116.35508,39.96067;116.355058,39.960874;116.35502,39.961041;116.355004,39.96111;116.354961,39.961185;116.354961,39.961368",0,context_via_jimenqiao,0,12
AM0090,N088,N089,0.064,normal,0.15,true,向西行驶64米右转,向西行驶64米右转,"116.354961,39.961368;116.354849,39.961363;116.354205,39.961352",0,context_via_jimenqiao,0,13
AM0091,N089,N090,0.379,normal,0.15,true,向北行驶379米靠左,向北行驶379米靠左,"116.354205,39.961352;116.354253,39.961421;116.354275,39.961545;116.354269,39.961743;116.3542,39.962296;116.354146,39.963857;116.354146,39.963895;116.354205,39.963986;116.354216,39.964039;116.3542,39.964098;116.354114,39.964248;116.354114,39.964281;116.354141,39.96456;116.354135,39.964731",0,context_via_jimenqiao,0,14
AM0092,N090,N091,0.03,normal,0.15,true,向西北行驶30米右转,向西北行驶30米右转,"116.354135,39.964731;116.354135,39.96479;116.354098,39.964839;116.353894,39.964871",0,context_via_jimenqiao,0,15
AM0093,N091,N092,0.258,normal,0.15,true,向北行驶258米到达途经地,向北行驶258米到达途经地,"116.353894,39.964871;116.353883,39.965064;116.353867,39.965182;116.353862,39.965681;116.353937,39.96611;116.353937,39.966228;116.353915,39.966711;116.353835,39.967092;116.353811,39.967187",0,context_via_jimenqiao,0,16
AM0094,N092,N093,0.537,normal,0.15,true,向北行驶537米右转,向北行驶537米右转,"116.353811,39.967187;116.353744,39.967462;116.353728,39.96787;116.35376,39.968261;116.35377,39.968513;116.353786,39.969098;116.353695,39.969828;116.353658,39.970053;116.353588,39.971008;116.35354,39.972021",0,context_via_jimenqiao,0,17
AM0095,N093,N094,0.026,normal,0.15,true,向东北行驶26米向左前方行驶,向东北行驶26米向左前方行驶,"116.35354,39.972021;116.353647,39.972086;116.353685,39.972118;116.353749,39.972204",0,context_via_jimenqiao,0,18
AM0096,N094,N095,0.11,normal,0.15,true,向北行驶110米右转,向北行驶110米右转,"116.353749,39.972204;116.353722,39.972316;116.353733,39.972354;116.35376,39.972386;116.353985,39.972531;116.354001,39.97258;116.35398,39.973116",0,context_via_jimenqiao,0,19
AM0097,N095,N096,0.03,normal,0.15,true,向东行驶30米左转,向东行驶30米左转,"116.35398,39.973116;116.35405,39.973121;116.354339,39.973137",0,context_via_jimenqiao,0,20
AM0098,N096,N097,0.092,congestion,0.75,true,西土城路,沿西土城路向北行驶92米靠左沿主路行驶,"116.354339,39.973137;116.354307,39.973663;116.354291,39.97398",0,context_via_jimenqiao,0,21
AM0099,N097,N098,1.403,congestion,0.515,true,西土城路,沿西土城路途径学知桥、学院路向北行驶1.4千米右转,"116.354291,39.97398;116.354275,39.974167;116.354264,39.974339;116.354243,39.974731;116.354216,39.975272;116.354114,39.977321;116.354092,39.977654;116.354028,39.978888;116.354023,39.979054;116.354017,39.979231;116.354017,39.979247;116.354006,39.979376;116.35399,39.979886;116.353958,39.980358;116.353878,39.981806;116.353862,39.98216;116.353738,39.983555;116.353695,39.984633;116.353636,39.985642;116.353626,39.985883;116.353583,39.986666",0,context_via_jimenqiao,0,22
AM0100,N098,N099,0.698,congestion,0.39,true,北四环中路辅路,沿北四环中路辅路向东行驶698米向左前方行驶进入主路,"116.353583,39.986666;116.353948,39.986677;116.355042,39.986709;116.356002,39.986736;116.356598,39.986752;116.358041,39.986811;116.358502,39.986817;116.359017,39.986827;116.359671,39.986843;116.359918,39.986854;116.361565,39.986908;116.361774,39.986913",0,context_via_jimenqiao,0,23
AM0101,N099,N100,12.862,collapse,0.504,true,北四环中路入口,沿北四环中路入口途径北四环中路、北四环东路、东四环北路向东行驶12.9千米向右前方行驶进入辅路,"116.361774,39.986913;116.36215,39.987053;116.363882,39.987106;116.364526,39.987128;116.366672,39.987187;116.367187,39.987203;116.371586,39.987316;116.373082,39.987342;116.373576,39.987369;116.376757,39.98745;116.377481,39.987487;116.378458,39.987546;116.379552,39.987578;116.380346,39.9876;116.381236,39.987643;116.383151,39.98767;116.383999,39.987691;116.384364,39.987707;116.384948,39.987723;116.385463,39.987745;116.387363,39.987788;116.387738,39.987798;116.389143,39.987825;116.38916,39.987825;116.389911,39.987863;116.390211,39.987873;116.393993,39.987997;116.397233,39.988083;116.397421,39.988083;116.397608,39.988083;116.399969,39.988142;116.402329,39.988201;116.402812,39.988206;116.403831,39.988249;116.40477,39.988281;116.405054,39.988297;116.405741,39.988319;116.406808,39.988356;116.407184,39.988367;116.40793,39.988388;116.408831,39.98841;116.409695,39.988437;116.410118,39.988453;116.410993,39.98848;116.411132,39.988485;116.412328,39.988506;116.414034,39.98856;116.415349,39.988598;116.418664,39.988705;116.419361,39.988726;116.42141,39.988775;116.427172,39.988925;116.429672,39.988989;116.43038,39.989011;116.433105,39.98908;116.433405,39.989086;116.434323,39.989113;116.43488,39.989118;116.435605,39.989145;116.436216,39.98914;116.436753,39.989123;116.437321,39.989075;116.438137,39.988978;116.439065,39.98878;116.439585,39.988635;116.440492,39.988335;116.441323,39.988034;116.44643,39.986044;116.447101,39.985755;116.447347,39.985631;116.447841,39.985384;116.448586,39.984928;116.449778,39.984166;116.45025,39.983866;116.450609,39.98363;116.452572,39.982353;116.455078,39.980701;116.457288,39.979247;116.457905,39.97884;116.460383,39.977193;116.461466,39.97648;116.462464,39.975803;116.463569,39.975053;116.463661,39.974993;116.46424,39.974602;116.46453,39.974409;116.465956,39.973497;116.467764,39.972333;116.468108,39.972113;116.468365,39.971946;116.469588,39.971153;116.469985,39.97089;116.470371,39.970632;116.472963,39.968905;116.473939,39.968261;116.47705,39.966206;116.477168,39.966131;116.477662,39.965804;116.478171,39.965466;116.480773,39.96375;116.48286,39.962285;116.483268,39.961985;116.483917,39.961523;116.484458,39.961083;116.48551,39.960161;116.485885,39.959764;116.486331,39.959297;116.486711,39.958857;116.486905,39.958621;116.487511,39.957795;116.487752,39.957425;116.487849,39.957275;116.488171,39.956728;116.488417,39.956229;116.48875,39.955505;116.488986,39.954866;116.489099,39.954512;116.489372,39.95353;116.489442,39.953198;116.48949,39.952849;116.489592,39.952195;116.489689,39.951073;116.489732,39.950355",0,context_via_jimenqiao,0,24
AM0102,N100,N101,0.574,congestion,0.75,true,东四环北路出口,沿东四环北路出口途径东四环北路辅路向南行驶574米左转进入主路,"116.489732,39.950355;116.48956,39.949936;116.489565,39.9494;116.489555,39.949169;116.489555,39.949105;116.489555,39.946959;116.489555,39.946288;116.489565,39.945602;116.489555,39.945457;116.489555,39.945167",0,context_via_jimenqiao,0,25
AM0103,N101,N102,0.927,normal,0.225,true,朝阳站路,沿朝阳站路向东行驶927米直行进入左侧道路,"116.490343,39.945055;116.49059,39.945038;116.490923,39.945017;116.491389,39.945017;116.491534,39.945023;116.493669,39.94506;116.495155,39.945189;116.495375,39.945216;116.497387,39.945425;116.499023,39.94558;116.500836,39.945757;116.501174,39.945795",0,context_via_jimenqiao,0,26
AM0104,N102,N103,0.533,normal,0.05,true,向东行驶533米右转,向东行驶533米右转,"116.501405,39.945827;116.501603,39.945865;116.501893,39.945891;116.502837,39.945993;116.504312,39.94616;116.505283,39.946288;116.506013,39.946385;116.506549,39.946487;116.507059,39.946573;116.507193,39.946573;116.507391,39.946525;116.507536,39.946433",0,context_via_jimenqiao,0,27
AM0105,N103,N104,0.111,congestion,0.4,true,向南行驶111米左转进入右岔路,向南行驶111米左转进入右岔路,"116.507536,39.946433;116.507541,39.946288;116.507547,39.946117;116.507552,39.945795;116.507563,39.94543",0,context_via_jimenqiao,0,28
AM0106,N104,N002,0.073,congestion,0.75,true,向东行驶73米到达目的地,向东行驶73米到达目的地,"116.507552,39.945183;116.507971,39.945178;116.508415,39.945174",0,context_via_jimenqiao,0,29
AM0107,N001,N105,0.034,normal,0.15,true,向东南行驶34米右转,向东南行驶34米右转,"116.326803,40.003166;116.32697,40.002888",0,context_via_deshengmen,0,0
AM0108,N105,N106,0.056,normal,0.15,true,向西行驶56米左转,向西行驶56米左转,"116.32697,40.002888;116.326305,40.002861",0,context_via_deshengmen,0,1
AM0109,N106,N107,0.216,normal,0.05,true,向南行驶216米左转,向南行驶216米左转,"116.326305,40.002861;116.326326,40.002711;116.326412,40.002186;116.326417,40.002046;116.326406,40.001944;116.326256,40.001596;116.326122,40.001317;116.326036,40.00122;116.325854,40.001006",0,context_via_deshengmen,0,2
AM0110,N107,N108,0.723,normal,0.05,true,清华路,沿清华路向东行驶723米左转,"116.325854,40.001006;116.3266,40.001016;116.327453,40.001006;116.327962,40.001021;116.328493,40.001016;116.329711,40.001048;116.330103,40.001059;116.330698,40.00107;116.331299,40.001091;116.331803,40.001113;116.332388,40.001129;116.332543,40.001129;116.332613,40.001134;116.333257,40.00115;116.333858,40.001172;116.334389,40.001188",0,context_via_deshengmen,0,3
AM0111,N108,N109,0.266,normal,0.05,true,清华路,沿清华路途径明德路向北行驶266米右转,"116.334389,40.001188;116.334389,40.00122;116.334394,40.001327;116.334394,40.001386;116.334389,40.001708;116.334389,40.001853;116.334383,40.002191;116.334378,40.002502;116.334357,40.002717;116.334346,40.003178;116.334335,40.003548;116.334335,40.003629",0,context_via_deshengmen,0,4
AM0112,N109,N110,0.228,normal,0.05,true,向东行驶228米右转,向东行驶228米右转,"116.334335,40.003629;116.335242,40.003645;116.335912,40.003666;116.33669,40.003698;116.336787,40.003698;116.337017,40.003682",0,context_via_deshengmen,0,5
AM0113,N110,N111,0.347,congestion,0.55,true,荷清路,沿荷清路向南行驶347米左转,"116.337017,40.003682;116.337087,40.001912;116.337109,40.001333;116.337114,40.00122;116.337157,40.000539",0,context_via_deshengmen,0,6
AM0114,N111,N112,2.764,normal,0.066,true,清华东路,沿清华东路向东行驶2.8千米右转,"116.337184,40.000469;116.338149,40.00048;116.33853,40.000528;116.339716,40.000587;116.339914,40.000598;116.340054,40.000598;116.340595,40.000608;116.340912,40.000625;116.342366,40.000678;116.343417,40.000694;116.345214,40.000753;116.345236,40.000753;116.345273,40.000753;116.348347,40.000861;116.348739,40.000866;116.348926,40.000871;116.350053,40.000909;116.35052,40.00092;116.351067,40.000925;116.351678,40.000946;116.352274,40.000963;116.352483,40.000973;116.352971,40.000984;116.353154,40.000984;116.354269,40.001016;116.354543,40.001027;116.35486,40.001038;116.355997,40.001075;116.356281,40.001081;116.357906,40.001134;116.358346,40.001145;116.360138,40.001199;116.360835,40.00122;116.361007,40.001225;116.361388,40.001236;116.361624,40.001241;116.361758,40.001247;116.361919,40.001252;116.363416,40.001301;116.364038,40.001333;116.364456,40.001343;116.36473,40.001338;116.364993,40.001327;116.365266,40.001333;116.365401,40.001338;116.366055,40.001349;116.366366,40.00137;116.366785,40.001386;116.367031,40.001397;116.367187,40.001397;116.368356,40.001408;116.369392,40.001467;116.36974,40.001494",0,context_via_deshengmen,0,7
AM0115,N112,N113,0.349,normal,0.05,true,G6辅路,沿G6辅路向东南行驶349米向左前方行驶进入高速,"116.36974,40.001494;116.369837,40.001376;116.36996,40.00122;116.370159,40.000963;116.370518,40.000496;116.371189,39.999611;116.371285,39.999477;116.371838,39.998768",0,context_via_deshengmen,0,8
AM0116,N113,N114,5.599,normal,0.202,true,G6京藏高速入口,沿G6京藏高速入口途径G6京藏高速、德胜门外大街、德胜门外大街出口、德胜门桥向南行驶5.6千米向左前方行驶,"116.371838,39.998768;116.371966,39.998672;116.372203,39.998441;116.372326,39.998371;116.372696,39.997889;116.373984,39.996226;116.374692,39.995287;116.376145,39.993415;116.376623,39.992718;116.376805,39.992385;116.377057,39.991843;116.377138,39.991639;116.377293,39.991167;116.377583,39.990234;116.377835,39.989402;116.378001,39.988758;116.378173,39.988115;116.378211,39.987997;116.378903,39.985679;116.379139,39.984853;116.379498,39.983695;116.379761,39.982788;116.380324,39.980868;116.38055,39.980063;116.380786,39.979247;116.380845,39.979033;116.380995,39.978491;116.381199,39.977703;116.381236,39.97744;116.38129,39.977026;116.381301,39.976619;116.381279,39.975954;116.381236,39.975514;116.381124,39.974795;116.380995,39.973631;116.380973,39.973454;116.380871,39.972735;116.380855,39.972638;116.380609,39.970611;116.38048,39.96949;116.380335,39.968261;116.380324,39.96817;116.380271,39.967719;116.380249,39.967515;116.380222,39.967285;116.380099,39.966212;116.380019,39.965573;116.379847,39.964131;116.379616,39.962167;116.379482,39.961212;116.379348,39.959898;116.379294,39.959405;116.379251,39.958696;116.379235,39.958283;116.379235,39.957275;116.379235,39.957264;116.379262,39.955252;116.379284,39.954287;116.379294,39.953691;116.379321,39.952629;116.379316,39.952296;116.379289,39.952055;116.379251,39.951873;116.379214,39.951755;116.379064,39.951428;116.379021,39.951331;116.378881,39.951111;116.378817,39.951036;116.378753,39.950961;116.37872,39.950666;116.378694,39.949791",0,context_via_deshengmen,0,9
AM0117,N114,N115,0.153,normal,0.07,true,德胜门桥,沿德胜门桥向南行驶153米左转,"116.378694,39.949791;116.378742,39.94963;116.378881,39.94947;116.378967,39.949384;116.379031,39.949298;116.379053,39.949223;116.379069,39.948965;116.379075,39.948472",0,context_via_deshengmen,0,10
AM0118,N115,N116,0.031,normal,0.05,true,德胜门桥,沿德胜门桥向东南行驶31米靠左,"116.379075,39.948472;116.37938,39.948316",0,context_via_deshengmen,0,11
AM0119,N116,N117,0.051,normal,0.15,true,德胜门桥,沿德胜门桥向东行驶51米向右前方行驶,"116.37938,39.948316;116.379621,39.948327;116.379729,39.948365;116.379927,39.948477",0,context_via_deshengmen,0,12
AM0120,N117,N118,0.131,normal,0.05,true,鼓楼桥,沿鼓楼桥向东行驶131米向左前方行驶,"116.379927,39.948477;116.380029,39.948547;116.380147,39.948574;116.380609,39.948574;116.381081,39.948563;116.381231,39.948558;116.381451,39.948563",0,context_via_deshengmen,0,13
AM0121,N118,N119,1.021,congestion,0.509,true,德胜门东大街,沿德胜门东大街向东行驶1.0千米左转调头,"116.381451,39.948563;116.381741,39.948611;116.381869,39.948638;116.382229,39.948718;116.382454,39.948708;116.383511,39.948708;116.383591,39.948708;116.383886,39.948702;116.384739,39.948724;116.386821,39.94874;116.388688,39.948751;116.38916,39.948756;116.389406,39.948761;116.391037,39.948783;116.39145,39.948788;116.392137,39.948788;116.39247,39.948794;116.39328,39.948799;116.393456,39.948799",0,context_via_deshengmen,0,14
AM0122,N119,N120,0.96,normal,0.05,true,德胜门东大街,沿德胜门东大街向西行驶960米向右前方行驶进入中间岔道,"116.393456,39.948799;116.393483,39.948869;116.393483,39.94903;116.393473,39.9491;116.393435,39.949131;116.393333,39.949131;116.392652,39.949137;116.392432,39.949137;116.392131,39.949137;116.391429,39.949142;116.391096,39.949142;116.391032,39.949142;116.38916,39.949137;116.389004,39.949137;116.386756,39.949126;116.386182,39.949121;116.38475,39.94911;116.383581,39.949089;116.382942,39.949067;116.382561,39.949056",0,context_via_deshengmen,0,15
AM0123,N120,N121,0.147,normal,0.05,true,德胜门东大街,沿德胜门东大街途径德胜门桥向西行驶147米向右前方行驶,"116.382561,39.949056;116.382046,39.949056;116.381628,39.949153;116.381274,39.949185;116.381231,39.94918;116.381145,39.94918;116.380931,39.949175;116.380845,39.949175",0,context_via_deshengmen,0,16
AM0124,N121,N122,0.049,normal,0.15,true,德胜门桥,沿德胜门桥向西北行驶49米到达途经地,"116.380845,39.949175;116.380646,39.949217;116.380576,39.94926;116.380472,39.949454",0,context_via_deshengmen,0,17
AM0125,N122,N123,0.035,normal,0.15,true,德胜门桥,沿德胜门桥向西北行驶35米向右前方行驶进入主路,"116.380472,39.949454;116.380314,39.949748",0,context_via_deshengmen,0,18
AM0126,N123,N124,0.584,normal,0.067,true,德胜门桥,沿德胜门桥途径德胜门外大街辅路向北行驶584米向左前方行驶进入主路,"116.380314,39.949748;116.380324,39.950746;116.380303,39.950886;116.380222,39.951068;116.380003,39.951336;116.379841,39.951551;116.379729,39.951744;116.379654,39.951985;116.379616,39.952238;116.379621,39.953053;116.379627,39.953482;116.379621,39.953627;116.379616,39.954131;116.379616,39.95426;116.379606,39.954614;116.379595,39.954947",0,context_via_deshengmen,0,19
AM0127,N124,N125,3.206,collapse,0.471,true,德胜门外大街入口,沿德胜门外大街入口途径德胜门外大街、G6京藏高速向北行驶3.2千米向右前方行驶进入匝道,"116.379595,39.954947;116.379434,39.955161;116.379402,39.956368;116.37938,39.957275;116.379375,39.958015;116.379402,39.958734;116.379455,39.959528;116.379498,39.959925;116.379643,39.961266;116.379659,39.9614;116.379772,39.962194;116.379997,39.964098;116.380163,39.965504;116.380244,39.966212;116.380271,39.966421;116.380351,39.967081;116.380378,39.96728;116.380405,39.967505;116.380426,39.967687;116.380501,39.968261;116.380566,39.968851;116.380673,39.969656;116.38077,39.970562;116.381016,39.972633;116.381027,39.972724;116.381166,39.973717;116.381231,39.974301;116.38136,39.975348;116.38143,39.976104;116.381456,39.976549;116.381435,39.977048;116.381397,39.97737;116.381338,39.977729;116.381236,39.97825;116.38115,39.978641;116.380979,39.979247;116.380753,39.980063;116.380464,39.98105;116.379927,39.982836;116.379815,39.983249;116.379702,39.983662",0,context_via_deshengmen,0,20
AM0128,N125,N126,11.72,collapse,0.567,true,健翔桥,沿健翔桥途径北四环中路、北四环东路、东四环北路向东行驶11.7千米向右前方行驶进入辅路,"116.379702,39.983662;116.379723,39.983866;116.379718,39.983893;116.379595,39.984408;116.379498,39.984746;116.379332,39.985288;116.379278,39.985545;116.379251,39.98576;116.379246,39.985953;116.379262,39.986114;116.3793,39.986264;116.379364,39.98642;116.379445,39.986565;116.379541,39.986704;116.379686,39.986865;116.379858,39.987004;116.380019,39.987112;116.380196,39.987203;116.380405,39.987283;116.380936,39.987439;116.381086,39.987455;116.381236,39.987476;116.381596,39.987503;116.381805,39.987514;116.382669,39.987541;116.383505,39.987595;116.383747,39.987632;116.383999,39.987691;116.384364,39.987707;116.384948,39.987723;116.385463,39.987745;116.387363,39.987788;116.387738,39.987798;116.389143,39.987825;116.38916,39.987825;116.389911,39.987863;116.390211,39.987873;116.393993,39.987997;116.397233,39.988083;116.397421,39.988083;116.397608,39.988083;116.399969,39.988142;116.402329,39.988201;116.402812,39.988206;116.403831,39.988249;116.40477,39.988281;116.405054,39.988297;116.405741,39.988319;116.406808,39.988356;116.407184,39.988367;116.40793,39.988388;116.408831,39.98841;116.409695,39.988437;116.410118,39.988453;116.410993,39.98848;116.411132,39.988485;116.412328,39.988506;116.414034,39.98856;116.415349,39.988598;116.418664,39.988705;116.419361,39.988726;116.42141,39.988775;116.427172,39.988925;116.429672,39.988989;116.43038,39.989011;116.433105,39.98908;116.433405,39.989086;116.434323,39.989113;116.43488,39.989118;116.435605,39.989145;116.436216,39.98914;116.436753,39.989123;116.437321,39.989075;116.438137,39.988978;116.439065,39.98878;116.439585,39.988635;116.440492,39.988335;116.441323,39.988034;116.44643,39.986044;116.447101,39.985755;116.447347,39.985631;116.447841,39.985384;116.448586,39.984928;116.449778,39.984166;116.45025,39.983866;116.450609,39.98363;116.452572,39.982353;116.455078,39.980701;116.457288,39.979247;116.457905,39.97884;116.460383,39.977193;116.461466,39.97648;116.462464,39.975803;116.463569,39.975053;116.463661,39.974993;116.46424,39.974602;116.46453,39.974409;116.465956,39.973497;116.467764,39.972333;116.468108,39.972113;116.468365,39.971946;116.469588,39.971153;116.469985,39.97089;116.470371,39.970632;116.472963,39.968905;116.473939,39.968261;116.47705,39.966206;116.477168,39.966131;116.477662,39.965804;116.478171,39.965466;116.480773,39.96375;116.48286,39.962285;116.483268,39.961985;116.483917,39.961523;116.484458,39.961083;116.48551,39.960161;116.485885,39.959764;116.486331,39.959297;116.486711,39.958857;116.486905,39.958621;116.487511,39.957795;116.487752,39.957425;116.487849,39.957275;116.488171,39.956728;116.488417,39.956229;116.48875,39.955505;116.488986,39.954866;116.489099,39.954512;116.489372,39.95353;116.489442,39.953198;116.48949,39.952849;116.489592,39.952195;116.489689,39.951073;116.489732,39.950355",0,context_via_deshengmen,0,21
AM0129,N126,N127,0.574,congestion,0.75,true,东四环北路出口,沿东四环北路出口途径东四环北路辅路向南行驶574米左转进入主路,"116.489732,39.950355;116.48956,39.949936;116.489565,39.9494;116.489555,39.949169;116.489555,39.949105;116.489555,39.946959;116.489555,39.946288;116.489565,39.945602;116.489555,39.945457;116.489555,39.945167",0,context_via_deshengmen,0,22
AM0130,N127,N128,0.927,normal,0.225,true,朝阳站路,沿朝阳站路向东行驶927米直行进入左侧道路,"116.490343,39.945055;116.49059,39.945038;116.490923,39.945017;116.491389,39.945017;116.491534,39.945023;116.493669,39.94506;116.495155,39.945189;116.495375,39.945216;116.497387,39.945425;116.499023,39.94558;116.500836,39.945757;116.501174,39.945795",0,context_via_deshengmen,0,23
AM0131,N128,N129,0.533,normal,0.05,true,向东行驶533米右转,向东行驶533米右转,"116.501405,39.945827;116.501603,39.945865;116.501893,39.945891;116.502837,39.945993;116.504312,39.94616;116.505283,39.946288;116.506013,39.946385;116.506549,39.946487;116.507059,39.946573;116.507193,39.946573;116.507391,39.946525;116.507536,39.946433",0,context_via_deshengmen,0,24
AM0132,N129,N130,0.111,congestion,0.4,true,向南行驶111米左转进入右岔路,向南行驶111米左转进入右岔路,"116.507536,39.946433;116.507541,39.946288;116.507547,39.946117;116.507552,39.945795;116.507563,39.94543",0,context_via_deshengmen,0,25
AM0133,N130,N002,0.073,congestion,0.75,true,向东行驶73米到达目的地,向东行驶73米到达目的地,"116.507552,39.945183;116.507971,39.945178;116.508415,39.945174",0,context_via_deshengmen,0,26
AM0134,N001,N131,0.034,normal,0.15,true,向东南行驶34米右转,向东南行驶34米右转,"116.326803,40.003166;116.32697,40.002888",0,context_via_anzhenqiao,0,0
AM0135,N131,N132,0.056,normal,0.15,true,向西行驶56米左转,向西行驶56米左转,"116.32697,40.002888;116.326305,40.002861",0,context_via_anzhenqiao,0,1
AM0136,N132,N133,0.216,normal,0.05,true,向南行驶216米左转,向南行驶216米左转,"116.326305,40.002861;116.326326,40.002711;116.326412,40.002186;116.326417,40.002046;116.326406,40.001944;116.326256,40.001596;116.326122,40.001317;116.326036,40.00122;116.325854,40.001006",0,context_via_anzhenqiao,0,2
AM0137,N133,N134,0.179,normal,0.05,true,清华路,沿清华路向东行驶179米右转进入左侧道路,"116.325854,40.001006;116.3266,40.001016;116.327453,40.001006;116.327962,40.001021",0,context_via_anzhenqiao,0,3
AM0138,N134,N135,0.406,normal,0.05,true,学堂路,沿学堂路向南行驶406米左转进入左侧道路,"116.327962,40.001021;116.328059,40.000276;116.328107,39.999916;116.32815,39.999589;116.328252,39.998999;116.328348,39.998157;116.328354,39.99813;116.328472,39.997363",0,context_via_anzhenqiao,0,4
AM0139,N135,N136,0.347,normal,0.05,true,日新路,沿日新路向东行驶347米右转,"116.328568,39.997368;116.328837,39.997385;116.329818,39.997422;116.330902,39.99746;116.331776,39.997503;116.33264,39.99754",0,context_via_anzhenqiao,0,5
AM0140,N136,N137,1.239,normal,0.19,true,中关村东路,沿中关村东路向南行驶1.2千米左转,"116.33264,39.99754;116.332667,39.997208;116.332705,39.996735;116.332715,39.996564;116.332705,39.996548;116.332586,39.996322;116.332608,39.996145;116.332624,39.995979;116.332645,39.995813;116.332683,39.995228;116.332688,39.995137;116.332694,39.994997;116.332699,39.994767;116.332747,39.993801;116.332774,39.993039;116.33278,39.992889;116.332796,39.992605;116.332806,39.992498;116.332849,39.991736;116.33286,39.99157;116.33286,39.991521;116.332908,39.990861;116.332919,39.99062;116.332924,39.990534;116.33294,39.990234;116.33294,39.990191;116.332962,39.989713;116.332973,39.989493;116.333042,39.988126;116.333075,39.987433;116.333091,39.987063;116.333096,39.986972;116.333101,39.986881;116.333118,39.986484;116.333123,39.986275",0,context_via_anzhenqiao,0,6
AM0141,N137,N138,1.069,normal,0.05,true,北四环西路辅路,沿北四环西路辅路途径北四环中路辅路向东行驶1.1千米向左前方行驶进入主路,"116.333429,39.985819;116.334147,39.985856;116.334807,39.985894;116.334872,39.985899;116.334947,39.985899;116.33786,39.986044;116.338857,39.986098;116.339581,39.986114;116.339769,39.986125;116.340547,39.986151;116.342511,39.986232;116.343991,39.986307;116.344774,39.986355;116.345101,39.986361;116.345193,39.986366;116.345214,39.986366;116.345504,39.986377;116.345997,39.986404",0,context_via_anzhenqiao,0,7
AM0142,N138,N139,4.935,collapse,0.098,true,北四环中路入口,沿北四环中路入口途径北四环中路向东行驶4.9千米向右前方行驶进入辅路,"116.345997,39.986404;116.346153,39.986468;116.346362,39.986554;116.348277,39.986602;116.350563,39.986677;116.355911,39.986854;116.35774,39.986913;116.359097,39.986961;116.3598,39.986983;116.36215,39.987053;116.363882,39.987106;116.364526,39.987128;116.366672,39.987187;116.367187,39.987203;116.371586,39.987316;116.373082,39.987342;116.373576,39.987369;116.376757,39.98745;116.377481,39.987487;116.378458,39.987546;116.379552,39.987578;116.380346,39.9876;116.381236,39.987643;116.383151,39.98767;116.383999,39.987691;116.384364,39.987707;116.384948,39.987723;116.385463,39.987745;116.387363,39.987788;116.387738,39.987798;116.389143,39.987825;116.38916,39.987825;116.389911,39.987863;116.390211,39.987873;116.393993,39.987997;116.397233,39.988083;116.397421,39.988083;116.397608,39.988083;116.399969,39.988142;116.402329,39.988201;116.402812,39.988206;116.403831,39.988249",0,context_via_anzhenqiao,0,8
AM0143,N139,N140,0.163,collapse,0.05,true,北四环中路出口,沿北四环中路出口途径北四环中路辅路向东行驶163米右转进入匝道,"116.403831,39.988249;116.40411,39.98819;116.404577,39.988163;116.404733,39.988168;116.40506,39.988179;116.405403,39.98819;116.405752,39.988195",0,context_via_anzhenqiao,0,9
AM0144,N140,N141,0.135,collapse,0.05,true,安慧桥,沿安慧桥向东南行驶135米靠右,"116.405752,39.988195;116.405864,39.988158;116.405913,39.988131;116.406288,39.987841;116.406648,39.987551;116.40691,39.987369",0,context_via_anzhenqiao,0,10
AM0145,N141,N142,2.029,collapse,0.097,true,安慧桥,沿安慧桥途径安定路向南行驶2.0千米直行,"116.40691,39.987369;116.407001,39.987273;116.407216,39.987106;116.407436,39.986924;116.407436,39.986275;116.407404,39.985003;116.407383,39.983319;116.407377,39.983115;116.407377,39.983013;116.407377,39.982831;116.40734,39.981978;116.40734,39.98194;116.407329,39.981586;116.407323,39.981409;116.407318,39.981007;116.407307,39.979886;116.407302,39.979247;116.407302,39.979124;116.407313,39.978234;116.40735,39.97707;116.40735,39.976946;116.407361,39.976415;116.407366,39.976292;116.407377,39.975996;116.407388,39.975514;116.407409,39.974811;116.40742,39.974532;116.407431,39.974065;116.407452,39.973373;116.407452,39.973293;116.407458,39.973089;116.407463,39.972901;116.407479,39.972461;116.40749,39.972;116.407495,39.971506;116.407474,39.97119;116.407361,39.970627;116.407329,39.970461;116.407307,39.970305;116.407302,39.969903;116.407302,39.969688;116.407286,39.969575;116.407211,39.969473;116.406991,39.969189",0,context_via_anzhenqiao,0,11
AM0146,N142,N143,0.073,collapse,0.05,true,安定路,沿安定路向南行驶73米向右前方行驶进入主路,"116.406991,39.969189;116.407012,39.968663;116.407061,39.968535",0,context_via_anzhenqiao,0,12
AM0147,N143,N144,0.072,collapse,0.05,true,安定路,沿安定路途径安定门外大街向东南行驶72米到达途经地,"116.407061,39.968535;116.407136,39.968449;116.407195,39.968406;116.407323,39.968368;116.40735,39.968261;116.407377,39.968127;116.407388,39.967999",0,context_via_anzhenqiao,0,13
AM0148,N144,N145,0.659,collapse,0.05,true,安定门外大街,沿安定门外大街向南行驶659米左转调头进入主路,"116.407388,39.967999;116.40742,39.967607;116.407618,39.966781;116.407645,39.966577;116.407688,39.965418;116.407688,39.96538;116.407694,39.96515;116.407699,39.96493;116.40771,39.964624;116.407715,39.964281;116.407763,39.96294;116.407796,39.962178;116.40779,39.962044",0,context_via_anzhenqiao,0,14
AM0149,N145,N146,0.699,collapse,0.05,true,安定门外大街,沿安定门外大街向北行驶699米直行,"116.407924,39.962044;116.407919,39.962178;116.40786,39.9639;116.407855,39.964013;116.407844,39.964366;116.407838,39.964565;116.407833,39.964796;116.407828,39.965058;116.407828,39.965396;116.407828,39.965498;116.40779,39.966496;116.407763,39.966759;116.407576,39.967607;116.407554,39.96802;116.407565,39.968261;116.40757,39.968374",0,context_via_anzhenqiao,0,15
AM0150,N146,N147,2.065,collapse,0.05,true,安定路,沿安定路向北行驶2.1千米右转,"116.40757,39.968374;116.407774,39.96846;116.407844,39.968529;116.407876,39.968723;116.407855,39.969103;116.407801,39.969318;116.407586,39.969473;116.407511,39.969565;116.407468,39.96964;116.407447,39.969795;116.407436,39.97009;116.407463,39.970364;116.407586,39.970933;116.40764,39.971319;116.407651,39.971405;116.407645,39.971898;116.40764,39.971984;116.407629,39.972327;116.407629,39.97237;116.407613,39.972923;116.407608,39.973019;116.407602,39.97333;116.407581,39.973942;116.407581,39.974001;116.407581,39.974076;116.407565,39.974688;116.40756,39.974849;116.407527,39.975525;116.40749,39.976946;116.40749,39.97707;116.407485,39.977504;116.407479,39.977686;116.407474,39.978008;116.407463,39.978754;116.407452,39.97913;116.407452,39.979247;116.407468,39.980905;116.407479,39.981259;116.40749,39.981661;116.4075,39.981946;116.407506,39.982069;116.407506,39.982836;116.407511,39.983024;116.407511,39.983126;116.407516,39.983319;116.407549,39.984848;116.407554,39.985121;116.40757,39.986006;116.407602,39.986886",0,context_via_anzhenqiao,0,16
AM0151,N147,N148,0.154,collapse,0.05,true,安慧桥,沿安慧桥向东北行驶154米靠右,"116.407602,39.986886;116.40778,39.987053;116.408171,39.987391;116.408498,39.987653;116.40882,39.987916",0,context_via_anzhenqiao,0,17
AM0152,N148,N149,0.092,collapse,0.05,true,安慧桥,沿安慧桥途径北四环中路辅路向东北行驶92米向左前方行驶进入主路,"116.40882,39.987916;116.408917,39.98797;116.409196,39.98819;116.409308,39.98827;116.409458,39.988324;116.409711,39.988319",0,context_via_anzhenqiao,0,18
AM0153,N149,N150,8.776,collapse,0.643,true,北四环东路入口,沿北四环东路入口途径北四环东路、东四环北路向东南行驶8.8千米向右前方行驶进入辅路,"116.409711,39.988319;116.410118,39.988453;116.410993,39.98848;116.411132,39.988485;116.412328,39.988506;116.414034,39.98856;116.415349,39.988598;116.418664,39.988705;116.419361,39.988726;116.42141,39.988775;116.427172,39.988925;116.429672,39.988989;116.43038,39.989011;116.433105,39.98908;116.433405,39.989086;116.434323,39.989113;116.43488,39.989118;116.435605,39.989145;116.436216,39.98914;116.436753,39.989123;116.437321,39.989075;116.438137,39.988978;116.439065,39.98878;116.439585,39.988635;116.440492,39.988335;116.441323,39.988034;116.44643,39.986044;116.447101,39.985755;116.447347,39.985631;116.447841,39.985384;116.448586,39.984928;116.449778,39.984166;116.45025,39.983866;116.450609,39.98363;116.452572,39.982353;116.455078,39.980701;116.457288,39.979247;116.457905,39.97884;116.460383,39.977193;116.461466,39.97648;116.462464,39.975803;116.463569,39.975053;116.463661,39.974993;116.46424,39.974602;116.46453,39.974409;116.465956,39.973497;116.467764,39.972333;116.468108,39.972113;116.468365,39.971946;116.469588,39.971153;116.469985,39.97089;116.470371,39.970632;116.472963,39.968905;116.473939,39.968261;116.47705,39.966206;116.477168,39.966131;116.477662,39.965804;116.478171,39.965466;116.480773,39.96375;116.48286,39.962285;116.483268,39.961985;116.483917,39.961523;116.484458,39.961083;116.48551,39.960161;116.485885,39.959764;116.486331,39.959297;116.486711,39.958857;116.486905,39.958621;116.487511,39.957795;116.487752,39.957425;116.487849,39.957275;116.488171,39.956728;116.488417,39.956229;116.48875,39.955505;116.488986,39.954866;116.489099,39.954512;116.489372,39.95353;116.489442,39.953198;116.48949,39.952849;116.489592,39.952195;116.489689,39.951073;116.489732,39.950355",0,context_via_anzhenqiao,0,19
AM0154,N150,N151,0.574,congestion,0.75,true,东四环北路出口,沿东四环北路出口途径东四环北路辅路向南行驶574米左转进入主路,"116.489732,39.950355;116.48956,39.949936;116.489565,39.9494;116.489555,39.949169;116.489555,39.949105;116.489555,39.946959;116.489555,39.946288;116.489565,39.945602;116.489555,39.945457;116.489555,39.945167",0,context_via_anzhenqiao,0,20
AM0155,N151,N152,0.927,normal,0.225,true,朝阳站路,沿朝阳站路向东行驶927米直行进入左侧道路,"116.490343,39.945055;116.49059,39.945038;116.490923,39.945017;116.491389,39.945017;116.491534,39.945023;116.493669,39.94506;116.495155,39.945189;116.495375,39.945216;116.497387,39.945425;116.499023,39.94558;116.500836,39.945757;116.501174,39.945795",0,context_via_anzhenqiao,0,21
AM0156,N152,N153,0.533,normal,0.05,true,向东行驶533米右转,向东行驶533米右转,"116.501405,39.945827;116.501603,39.945865;116.501893,39.945891;116.502837,39.945993;116.504312,39.94616;116.505283,39.946288;116.506013,39.946385;116.506549,39.946487;116.507059,39.946573;116.507193,39.946573;116.507391,39.946525;116.507536,39.946433",0,context_via_anzhenqiao,0,22
AM0157,N153,N154,0.111,congestion,0.4,true,向南行驶111米左转进入右岔路,向南行驶111米左转进入右岔路,"116.507536,39.946433;116.507541,39.946288;116.507547,39.946117;116.507552,39.945795;116.507563,39.94543",0,context_via_anzhenqiao,0,23
AM0158,N154,N002,0.073,congestion,0.75,true,向东行驶73米到达目的地,向东行驶73米到达目的地,"116.507552,39.945183;116.507971,39.945178;116.508415,39.945174",0,context_via_anzhenqiao,0,24
AM0159,N001,N155,0.034,normal,0.15,true,向东南行驶34米右转,向东南行驶34米右转,"116.326803,40.003166;116.32697,40.002888",0,context_via_sanyuanqiao,0,0
AM0160,N155,N156,0.056,normal,0.15,true,向西行驶56米左转,向西行驶56米左转,"116.32697,40.002888;116.326305,40.002861",0,context_via_sanyuanqiao,0,1
AM0161,N156,N157,0.216,normal,0.05,true,向南行驶216米左转,向南行驶216米左转,"116.326305,40.002861;116.326326,40.002711;116.326412,40.002186;116.326417,40.002046;116.326406,40.001944;116.326256,40.001596;116.326122,40.001317;116.326036,40.00122;116.325854,40.001006",0,context_via_sanyuanqiao,0,2
AM0162,N157,N158,0.179,normal,0.05,true,清华路,沿清华路向东行驶179米右转进入左侧道路,"116.325854,40.001006;116.3266,40.001016;116.327453,40.001006;116.327962,40.001021",0,context_via_sanyuanqiao,0,3
AM0163,N158,N159,0.406,normal,0.05,true,学堂路,沿学堂路向南行驶406米左转进入左侧道路,"116.327962,40.001021;116.328059,40.000276;116.328107,39.999916;116.32815,39.999589;116.328252,39.998999;116.328348,39.998157;116.328354,39.99813;116.328472,39.997363",0,context_via_sanyuanqiao,0,4
AM0164,N159,N160,0.347,normal,0.05,true,日新路,沿日新路向东行驶347米右转,"116.328568,39.997368;116.328837,39.997385;116.329818,39.997422;116.330902,39.99746;116.331776,39.997503;116.33264,39.99754",0,context_via_sanyuanqiao,0,5
AM0165,N160,N161,3.287,normal,0.05,true,中关村东路,沿中关村东路向南行驶3.3千米左转进入主路,"116.33264,39.99754;116.332667,39.997208;116.332705,39.996735;116.332715,39.996564;116.332705,39.996548;116.332586,39.996322;116.332608,39.996145;116.332624,39.995979;116.332645,39.995813;116.332683,39.995228;116.332688,39.995137;116.332694,39.994997;116.332699,39.994767;116.332747,39.993801;116.332774,39.993039;116.33278,39.992889;116.332796,39.992605;116.332806,39.992498;116.332849,39.991736;116.33286,39.99157;116.33286,39.991521;116.332908,39.990861;116.332919,39.99062;116.332924,39.990534;116.33294,39.990234;116.33294,39.990191;116.332962,39.989713;116.332973,39.989493;116.333042,39.988126;116.333075,39.987433;116.333091,39.987063;116.333096,39.986972;116.333101,39.986881;116.333118,39.986484;116.333123,39.986275;116.33315,39.985813;116.33316,39.985567;116.333235,39.984306;116.333273,39.983512;116.333284,39.98326;116.3333,39.983008;116.333316,39.98267;116.333348,39.981913;116.33338,39.981302;116.333391,39.981125;116.333402,39.98091;116.333434,39.980261;116.333466,39.979575;116.333482,39.979247;116.333488,39.979167;116.333498,39.978995;116.333509,39.978748;116.333536,39.978164;116.333563,39.977536;116.333595,39.976769;116.3336,39.976624;116.333616,39.976388;116.333627,39.976243;116.333681,39.975755;116.333691,39.975616;116.333718,39.975337;116.333756,39.974135;116.333793,39.973175;116.333847,39.972435;116.333858,39.97229;116.333868,39.972038;116.333895,39.971592;116.333933,39.970713;116.333981,39.969645;116.334024,39.968744;116.334046,39.968261;116.334061,39.967864;116.334067,39.967719",0,context_via_sanyuanqiao,0,6
AM0166,N161,N162,1.129,normal,0.05,true,北三环西路辅路,沿北三环西路辅路向东行驶1.1千米向左前方行驶进入主路,"116.334298,39.967349;116.33529,39.967381;116.335644,39.967376;116.335773,39.967381;116.336299,39.967392;116.337055,39.967413;116.337527,39.967419;116.338187,39.967435;116.33853,39.96744;116.33904,39.96744;116.339147,39.96744;116.339281,39.96744;116.340247,39.967419;116.341346,39.96743;116.341717,39.96743;116.342194,39.96743;116.342425,39.96743;116.342661,39.96743;116.343128,39.96743;116.343288,39.96743;116.34361,39.96743;116.343723,39.96743;116.344571,39.967435;116.344994,39.96744;116.345214,39.967446;116.345381,39.967451;116.346909,39.967473;116.347655,39.967483",0,context_via_sanyuanqiao,0,7
AM0167,N162,N163,9.614,collapse,0.703,true,北三环西路入口,沿北三环西路入口途径北三环西路、北三环中路、北三环东路、西坝河桥向东行驶9.6千米向右前方行驶进入匝道,"116.347655,39.967483;116.348235,39.967607;116.348771,39.967607;116.349425,39.967607;116.350171,39.967607;116.35178,39.967644;116.356737,39.967682;116.3587,39.967666;116.360229,39.967655;116.36215,39.967666;116.363936,39.967676;116.365535,39.967709;116.365958,39.967714;116.366527,39.96773;116.366774,39.967741;116.367026,39.967751;116.367187,39.967757;116.370357,39.967853;116.372262,39.967923;116.373769,39.967966;116.373946,39.967971;116.376151,39.968025;116.379332,39.96809;116.380405,39.968111;116.381231,39.968132;116.381633,39.968138;116.383393,39.968175;116.383666,39.968181;116.38402,39.968186;116.38511,39.968218;116.385651,39.968224;116.386113,39.96824;116.386574,39.96825;116.387046,39.968261;116.388709,39.968299;116.38916,39.968309;116.389476,39.96832;116.390018,39.968336;116.390093,39.968336;116.390216,39.968341;116.390705,39.968352;116.391118,39.968368;116.391799,39.96839;116.391938,39.96839;116.392078,39.968395;116.393365,39.968443;116.39572,39.968513;116.397475,39.968551;116.399432,39.968605;116.401852,39.96868;116.402801,39.968706;116.40344,39.968733;116.405221,39.968792;116.407082,39.968851;116.407425,39.968862;116.407742,39.968867;116.409008,39.968894;116.410011,39.968916;116.410606,39.968921;116.411132,39.968937;116.411218,39.968937;116.411293,39.968937;116.411384,39.968942;116.411685,39.968948;116.412135,39.968958;116.413718,39.969001;116.414206,39.969012;116.415531,39.969044;116.418471,39.969114;116.418895,39.96913;116.426281,39.969334;116.428674,39.969404;116.42935,39.969436;116.433105,39.969516;116.433502,39.969522;116.434317,39.969543;116.434553,39.969549;116.435015,39.969527;116.435293,39.969495;116.435717,39.96942;116.436318,39.969286;116.436366,39.969275;116.436726,39.969162;116.437075,39.969023;116.437434,39.968867;116.437906,39.968615;116.438341,39.968336;116.438453,39.968261;116.440476,39.96692;116.44054,39.966877;116.440921,39.966636;116.440975,39.966603;116.441999,39.965933;116.443115,39.965198;116.443372,39.965026;116.443721,39.96479;116.444172,39.964506;116.445421,39.96368;116.445824,39.963412;116.447809,39.962108;116.448211,39.96184;116.449536,39.96096;116.450426,39.960375;116.451714,39.959501;116.452358,39.95904;116.453018,39.958627;116.453087,39.958584;116.453511,39.958278;116.45408,39.957918;116.454568,39.957602;116.45489,39.957387",0,context_via_sanyuanqiao,0,8
AM0168,N163,N164,0.328,congestion,0.725,true,三元桥,沿三元桥途径S12机场高速向北行驶328米向右前方行驶进入匝道,"116.45489,39.957387;116.454938,39.957275;116.454992,39.957146;116.454992,39.957039;116.454981,39.956985;116.454943,39.956899;116.4549,39.95683;116.454852,39.956781;116.454777,39.956728;116.454691,39.956679;116.454627,39.956658;116.454525,39.956642;116.454418,39.956647;116.4543,39.956669;116.454214,39.956701;116.454128,39.956744;116.454053,39.956808;116.454015,39.956851;116.453978,39.956926;116.453962,39.95698;116.453951,39.957028;116.453956,39.957087;116.453999,39.957275;116.454005,39.957296;116.454251,39.957521;116.454595,39.957833;116.454938,39.958144",0,context_via_sanyuanqiao,0,9
AM0169,N164,N165,0.287,congestion,0.417,true,三元桥,沿三元桥途径北三环东路向西行驶287米右转,"116.454938,39.958144;116.455078,39.958181;116.455249,39.95824;116.455308,39.958246;116.45541,39.958251;116.455539,39.95823;116.45563,39.958192;116.455684,39.95816;116.455786,39.958074;116.455845,39.957988;116.455866,39.957902;116.455871,39.957854;116.455866,39.957785;116.45585,39.957736;116.455828,39.957688;116.455759,39.957602;116.455678,39.957548;116.45563,39.957521;116.455512,39.957484;116.455346,39.957468;116.455265,39.957468;116.455078,39.9575;116.454986,39.957516;116.454681,39.957715;116.454268,39.957978",0,context_via_sanyuanqiao,0,10
AM0170,N165,N166,0.298,normal,0.15,true,三元桥,沿三元桥向东北行驶298米到达途经地,"116.454268,39.957978;116.454214,39.95823;116.454224,39.958273;116.454262,39.958348;116.454396,39.958482;116.455078,39.959099;116.45619,39.960106",0,context_via_sanyuanqiao,0,11
AM0171,N166,N167,0.957,normal,0.087,true,三元桥,沿三元桥途径京密路向东北行驶957米向右前方行驶进入辅路,"116.45619,39.960106;116.457121,39.960949;116.457588,39.961357;116.45784,39.961593;116.457926,39.961684;116.458001,39.961792;116.458028,39.96184;116.458065,39.961963;116.460115,39.963825;116.460206,39.963911;116.460871,39.964517;116.46255,39.966046;116.462867,39.96633;116.463344,39.966743",0,context_via_sanyuanqiao,0,12
AM0172,N167,N168,0.444,normal,0.05,true,京密路,沿京密路向东北行驶444米向右前方行驶进入匝道,"116.463344,39.966743;116.463489,39.966781;116.463795,39.967027;116.46513,39.968261;116.465383,39.968492;116.466155,39.969168;116.466461,39.969457;116.466766,39.969747",0,context_via_sanyuanqiao,0,13
AM0173,N168,N169,3.303,congestion,0.604,true,四元桥,沿四元桥途径北四环东路、东四环北路向东南行驶3.3千米向右前方行驶进入辅路,"116.466766,39.969747;116.466815,39.969768;116.466906,39.969833;116.467383,39.970241;116.468505,39.971099;116.46865,39.971185;116.468853,39.971238;116.468961,39.971249;116.469127,39.971233;116.469588,39.971153;116.469985,39.97089;116.470371,39.970632;116.472963,39.968905;116.473939,39.968261;116.47705,39.966206;116.477168,39.966131;116.477662,39.965804;116.478171,39.965466;116.480773,39.96375;116.48286,39.962285;116.483268,39.961985;116.483917,39.961523;116.484458,39.961083;116.48551,39.960161;116.485885,39.959764;116.486331,39.959297;116.486711,39.958857;116.486905,39.958621;116.487511,39.957795;116.487752,39.957425;116.487849,39.957275;116.488171,39.956728;116.488417,39.956229;116.48875,39.955505;116.488986,39.954866;116.489099,39.954512;116.489372,39.95353;116.489442,39.953198;116.48949,39.952849;116.489592,39.952195;116.489689,39.951073;116.489732,39.950355",0,context_via_sanyuanqiao,0,14
AM0174,N169,N170,0.574,congestion,0.75,true,东四环北路出口,沿东四环北路出口途径东四环北路辅路向南行驶574米左转进入主路,"116.489732,39.950355;116.48956,39.949936;116.489565,39.9494;116.489555,39.949169;116.489555,39.949105;116.489555,39.946959;116.489555,39.946288;116.489565,39.945602;116.489555,39.945457;116.489555,39.945167",0,context_via_sanyuanqiao,0,15
AM0175,N170,N171,0.927,normal,0.225,true,朝阳站路,沿朝阳站路向东行驶927米直行进入左侧道路,"116.490343,39.945055;116.49059,39.945038;116.490923,39.945017;116.491389,39.945017;116.491534,39.945023;116.493669,39.94506;116.495155,39.945189;116.495375,39.945216;116.497387,39.945425;116.499023,39.94558;116.500836,39.945757;116.501174,39.945795",0,context_via_sanyuanqiao,0,16
AM0176,N171,N172,0.533,normal,0.05,true,向东行驶533米右转,向东行驶533米右转,"116.501405,39.945827;116.501603,39.945865;116.501893,39.945891;116.502837,39.945993;116.504312,39.94616;116.505283,39.946288;116.506013,39.946385;116.506549,39.946487;116.507059,39.946573;116.507193,39.946573;116.507391,39.946525;116.507536,39.946433",0,context_via_sanyuanqiao,0,17
AM0177,N172,N173,0.111,congestion,0.4,true,向南行驶111米左转进入右岔路,向南行驶111米左转进入右岔路,"116.507536,39.946433;116.507541,39.946288;116.507547,39.946117;116.507552,39.945795;116.507563,39.94543",0,context_via_sanyuanqiao,0,18
AM0178,N173,N002,0.073,congestion,0.75,true,向东行驶73米到达目的地,向东行驶73米到达目的地,"116.507552,39.945183;116.507971,39.945178;116.508415,39.945174",0,context_via_sanyuanqiao,0,19
AM0179,N001,N174,0.034,normal,0.15,true,向东南行驶34米右转,向东南行驶34米右转,"116.326803,40.003166;116.32697,40.002888",0,context_via_olympic_center,0,0
AM0180,N174,N175,0.056,normal,0.15,true,向西行驶56米左转,向西行驶56米左转,"116.32697,40.002888;116.326305,40.002861",0,context_via_olympic_center,0,1
AM0181,N175,N176,0.216,normal,0.05,true,向南行驶216米左转,向南行驶216米左转,"116.326305,40.002861;116.326326,40.002711;116.326412,40.002186;116.326417,40.002046;116.326406,40.001944;116.326256,40.001596;116.326122,40.001317;116.326036,40.00122;116.325854,40.001006",0,context_via_olympic_center,0,2
AM0182,N176,N177,0.179,normal,0.05,true,清华路,沿清华路向东行驶179米右转进入左侧道路,"116.325854,40.001006;116.3266,40.001016;116.327453,40.001006;116.327962,40.001021",0,context_via_olympic_center,0,3
AM0183,N177,N178,0.406,normal,0.05,true,学堂路,沿学堂路向南行驶406米左转进入左侧道路,"116.327962,40.001021;116.328059,40.000276;116.328107,39.999916;116.32815,39.999589;116.328252,39.998999;116.328348,39.998157;116.328354,39.99813;116.328472,39.997363",0,context_via_olympic_center,0,4
AM0184,N178,N179,0.347,normal,0.05,true,日新路,沿日新路向东行驶347米右转,"116.328568,39.997368;116.328837,39.997385;116.329818,39.997422;116.330902,39.99746;116.331776,39.997503;116.33264,39.99754",0,context_via_olympic_center,0,5
AM0185,N179,N180,1.239,normal,0.19,true,中关村东路,沿中关村东路向南行驶1.2千米左转,"116.33264,39.99754;116.332667,39.997208;116.332705,39.996735;116.332715,39.996564;116.332705,39.996548;116.332586,39.996322;116.332608,39.996145;116.332624,39.995979;116.332645,39.995813;116.332683,39.995228;116.332688,39.995137;116.332694,39.994997;116.332699,39.994767;116.332747,39.993801;116.332774,39.993039;116.33278,39.992889;116.332796,39.992605;116.332806,39.992498;116.332849,39.991736;116.33286,39.99157;116.33286,39.991521;116.332908,39.990861;116.332919,39.99062;116.332924,39.990534;116.33294,39.990234;116.33294,39.990191;116.332962,39.989713;116.332973,39.989493;116.333042,39.988126;116.333075,39.987433;116.333091,39.987063;116.333096,39.986972;116.333101,39.986881;116.333118,39.986484;116.333123,39.986275",0,context_via_olympic_center,0,6
AM0186,N180,N181,1.069,normal,0.05,true,北四环西路辅路,沿北四环西路辅路途径北四环中路辅路向东行驶1.1千米向左前方行驶进入主路,"116.333429,39.985819;116.334147,39.985856;116.334807,39.985894;116.334872,39.985899;116.334947,39.985899;116.33786,39.986044;116.338857,39.986098;116.339581,39.986114;116.339769,39.986125;116.340547,39.986151;116.342511,39.986232;116.343991,39.986307;116.344774,39.986355;116.345101,39.986361;116.345193,39.986366;116.345214,39.986366;116.345504,39.986377;116.345997,39.986404",0,context_via_olympic_center,0,7
AM0187,N181,N182,3.683,collapse,0.109,true,北四环中路入口,沿北四环中路入口途径北四环中路向东行驶3.7千米向右前方行驶进入辅路,"116.345997,39.986404;116.346153,39.986468;116.346362,39.986554;116.348277,39.986602;116.350563,39.986677;116.355911,39.986854;116.35774,39.986913;116.359097,39.986961;116.3598,39.986983;116.36215,39.987053;116.363882,39.987106;116.364526,39.987128;116.366672,39.987187;116.367187,39.987203;116.371586,39.987316;116.373082,39.987342;116.373576,39.987369;116.376757,39.98745;116.377481,39.987487;116.378458,39.987546;116.379552,39.987578;116.380346,39.9876;116.381236,39.987643;116.383151,39.98767;116.383999,39.987691;116.384364,39.987707;116.384948,39.987723;116.385463,39.987745;116.387363,39.987788;116.387738,39.987798;116.389143,39.987825",0,context_via_olympic_center,0,8
AM0188,N182,N183,0.172,collapse,0.05,true,北四环中路出口,沿北四环中路出口途径北四环中路辅路向东行驶172米向右前方行驶进入匝道,"116.389143,39.987825;116.38916,39.987825;116.389546,39.987766;116.389819,39.98775;116.389873,39.987734;116.389975,39.987739;116.39116,39.987766",0,context_via_olympic_center,0,9
AM0189,N183,N184,0.7,collapse,0.05,true,北辰桥,沿北辰桥途径北辰路向东南行驶700米左转,"116.39116,39.987766;116.391268,39.98775;116.392593,39.987675;116.392679,39.98767;116.392781,39.987648;116.392872,39.987616;116.392952,39.987568;116.393022,39.987509;116.393113,39.987369;116.393151,39.987321;116.393215,39.986446;116.393258,39.985819;116.393311,39.984977;116.393311,39.984907;116.393322,39.984719;116.393397,39.982686",0,context_via_olympic_center,0,10
AM0190,N184,N185,0.089,collapse,0.15,true,民族园路,沿民族园路向东行驶89米左转进入主路,"116.393408,39.982579;116.393945,39.982595;116.39446,39.982616",0,context_via_olympic_center,0,11
AM0191,N185,N186,0.771,collapse,0.05,true,北辰路,沿北辰路途径北辰桥向北行驶771米右转,"116.394454,39.982718;116.394347,39.984472;116.394336,39.984644;116.394331,39.984773;116.39432,39.984982;116.394266,39.98605;116.394229,39.986843;116.394234,39.987187;116.394213,39.987525;116.39417,39.988592;116.394159,39.988882;116.394132,39.989316;116.394122,39.989681",0,context_via_olympic_center,0,12
AM0192,N186,N187,0.061,collapse,0.05,true,国家体育场南路,沿国家体育场南路向东行驶61米右转,"116.394122,39.989681;116.394336,39.989724;116.394653,39.989746;116.39484,39.989756",0,context_via_olympic_center,0,13
AM0193,N187,N188,0.195,collapse,0.15,true,向东行驶195米左转调头,向东行驶195米左转调头,"116.39484,39.989756;116.394889,39.989692;116.394996,39.989638;116.395484,39.989622;116.396772,39.989649;116.39696,39.989601;116.397018,39.989547",0,context_via_olympic_center,0,14
AM0194,N188,N189,0.195,collapse,0.15,true,向西行驶195米向右前方行驶,向西行驶195米向右前方行驶,"116.397018,39.989547;116.39696,39.989601;116.396772,39.989649;116.395484,39.989622;116.394996,39.989638;116.394889,39.989692;116.39484,39.989756",0,context_via_olympic_center,0,15
AM0195,N189,N190,0.148,collapse,0.15,true,向北行驶148米右转,向北行驶148米右转,"116.39484,39.989756;116.394846,39.989826;116.394878,39.990234;116.394916,39.990684;116.394926,39.990776;116.394953,39.99099;116.394964,39.991113",0,context_via_olympic_center,0,16
AM0196,N190,N191,0.037,collapse,0.15,true,向东行驶37米向右前方行驶,向东行驶37米向右前方行驶,"116.394964,39.991113;116.395388,39.991189",0,context_via_olympic_center,0,17
AM0197,N191,N192,0.03,collapse,0.15,true,向东行驶30米左转,向东行驶30米左转,"116.395388,39.991189;116.395533,39.991146;116.395726,39.991087",0,context_via_olympic_center,0,18
AM0198,N192,N193,0.036,collapse,0.15,true,向北行驶36米右转,向北行驶36米右转,"116.395726,39.991087;116.395779,39.991242;116.395828,39.991403",0,context_via_olympic_center,0,19
AM0199,N193,N194,0.222,collapse,0.15,true,向东行驶222米向左前方行驶,向东行驶222米向左前方行驶,"116.395828,39.991403;116.395999,39.991339;116.396273,39.991285;116.396423,39.991269;116.396573,39.99128;116.396782,39.991291;116.396868,39.991317;116.397222,39.991484;116.39756,39.991639;116.398027,39.992063",0,context_via_olympic_center,0,20
AM0200,N194,N195,0.116,collapse,0.15,true,向北行驶116米到达途经地,向北行驶116米到达途经地,"116.398027,39.992063;116.398145,39.992251;116.398161,39.992932;116.398115,39.993083",0,context_via_olympic_center,0,21
AM0201,N195,N196,0.25,collapse,0.15,true,向西北行驶250米左转调头,向西北行驶250米左转调头,"116.398115,39.993083;116.397989,39.99349;116.397641,39.994005;116.397099,39.994273;116.396584,39.994338;116.396117,39.9943",0,context_via_olympic_center,0,22
AM0202,N196,N197,0.461,collapse,0.15,true,向南行驶461米左转,向南行驶461米左转,"116.396117,39.9943;116.396584,39.994338;116.397099,39.994273;116.397641,39.994005;116.397989,39.99349;116.398161,39.992932;116.398145,39.992251;116.398027,39.992063;116.39756,39.991639;116.397222,39.991484",0,context_via_olympic_center,0,23
AM0203,N197,N198,0.049,collapse,0.15,true,向东行驶49米右转,向东行驶49米右转,"116.397222,39.991484;116.397496,39.991393;116.397759,39.991301",0,context_via_olympic_center,0,24
AM0204,N198,N199,0.167,collapse,0.15,true,向南行驶167米左转,向南行驶167米左转,"116.397759,39.991301;116.397603,39.991103;116.397362,39.990958;116.397319,39.990904;116.397287,39.990872;116.397233,39.990641;116.397228,39.990363;116.397228,39.990234;116.397217,39.990051;116.397255,39.989992;116.397324,39.989971",0,context_via_olympic_center,0,25
AM0205,N199,N200,0.516,collapse,0.15,true,湖景西路,沿湖景西路向北行驶516米右转,"116.397324,39.989971;116.397383,39.990143;116.397426,39.990234;116.397576,39.99054;116.398059,39.991275;116.398172,39.991451;116.398236,39.99158;116.39837,39.991832;116.398429,39.992009;116.398467,39.992127;116.398553,39.992369;116.39859,39.99261;116.398612,39.992873;116.398612,39.993066;116.398585,39.993458;116.398499,39.993828;116.398451,39.993983;116.398338,39.994198;116.398161,39.994407",0,context_via_olympic_center,0,26
AM0206,N200,N201,0.049,collapse,0.15,true,向东北行驶49米向右前方行驶进入主路,向东北行驶49米向右前方行驶进入主路,"116.398161,39.994407;116.398215,39.994429;116.39866,39.994643",0,context_via_olympic_center,0,27
AM0207,N201,N202,0.727,collapse,0.05,true,慧忠路,沿慧忠路途径慧忠路辅路向东行驶727米右转进入主路,"116.39895,39.994697;116.399851,39.994713;116.400629,39.994756;116.401117,39.994649;116.401353,39.994654;116.402233,39.994676;116.403407,39.994713;116.404056,39.99474;116.404271,39.994772;116.404341,39.994815;116.404716,39.994831;116.405956,39.994874;116.40609,39.994879;116.406191,39.994879;116.406288,39.994879;116.407495,39.994901",0,context_via_olympic_center,0,28
AM0208,N202,N203,0.816,collapse,0.05,true,安立路,沿安立路向南行驶816米右转,"116.407597,39.994901;116.407602,39.99444;116.407581,39.993603;116.407576,39.993329;116.40757,39.993007;116.407554,39.99224;116.407511,39.990234;116.407506,39.990105;116.407495,39.989472;116.407447,39.987535",0,context_via_olympic_center,0,29
AM0209,N203,N204,0.134,collapse,0.15,true,安慧桥,沿安慧桥向西行驶134米靠右,"116.407447,39.987535;116.407377,39.987428;116.40734,39.98738;116.407302,39.987353;116.407281,39.987337;116.407205,39.98731;116.407136,39.987305;116.407093,39.98731;116.407018,39.987332;116.40691,39.987369;116.406648,39.987551;116.406288,39.987841",0,context_via_olympic_center,0,30
AM0210,N204,N205,0.327,collapse,0.067,true,安慧桥,沿安慧桥途径北四环中路辅路向东行驶327米向左前方行驶进入主路,"116.406288,39.987841;116.406261,39.987938;116.406245,39.988024;116.406256,39.988077;116.406272,39.988115;116.406288,39.988131;116.406347,39.988168;116.406508,39.988233;116.406739,39.988238;116.407538,39.988222;116.408423,39.988292;116.408541,39.988297;116.409072,39.988313;116.409458,39.988324;116.409711,39.988319",0,context_via_olympic_center,0,31
AM0211,N205,N206,8.776,collapse,0.643,true,北四环东路入口,沿北四环东路入口途径北四环东路、东四环北路向东南行驶8.8千米向右前方行驶进入辅路,"116.409711,39.988319;116.410118,39.988453;116.410993,39.98848;116.411132,39.988485;116.412328,39.988506;116.414034,39.98856;116.415349,39.988598;116.418664,39.988705;116.419361,39.988726;116.42141,39.988775;116.427172,39.988925;116.429672,39.988989;116.43038,39.989011;116.433105,39.98908;116.433405,39.989086;116.434323,39.989113;116.43488,39.989118;116.435605,39.989145;116.436216,39.98914;116.436753,39.989123;116.437321,39.989075;116.438137,39.988978;116.439065,39.98878;116.439585,39.988635;116.440492,39.988335;116.441323,39.988034;116.44643,39.986044;116.447101,39.985755;116.447347,39.985631;116.447841,39.985384;116.448586,39.984928;116.449778,39.984166;116.45025,39.983866;116.450609,39.98363;116.452572,39.982353;116.455078,39.980701;116.457288,39.979247;116.457905,39.97884;116.460383,39.977193;116.461466,39.97648;116.462464,39.975803;116.463569,39.975053;116.463661,39.974993;116.46424,39.974602;116.46453,39.974409;116.465956,39.973497;116.467764,39.972333;116.468108,39.972113;116.468365,39.971946;116.469588,39.971153;116.469985,39.97089;116.470371,39.970632;116.472963,39.968905;116.473939,39.968261;116.47705,39.966206;116.477168,39.966131;116.477662,39.965804;116.478171,39.965466;116.480773,39.96375;116.48286,39.962285;116.483268,39.961985;116.483917,39.961523;116.484458,39.961083;116.48551,39.960161;116.485885,39.959764;116.486331,39.959297;116.486711,39.958857;116.486905,39.958621;116.487511,39.957795;116.487752,39.957425;116.487849,39.957275;116.488171,39.956728;116.488417,39.956229;116.48875,39.955505;116.488986,39.954866;116.489099,39.954512;116.489372,39.95353;116.489442,39.953198;116.48949,39.952849;116.489592,39.952195;116.489689,39.951073;116.489732,39.950355",0,context_via_olympic_center,0,32
AM0212,N206,N207,0.574,congestion,0.75,true,东四环北路出口,沿东四环北路出口途径东四环北路辅路向南行驶574米左转进入主路,"116.489732,39.950355;116.48956,39.949936;116.489565,39.9494;116.489555,39.949169;116.489555,39.949105;116.489555,39.946959;116.489555,39.946288;116.489565,39.945602;116.489555,39.945457;116.489555,39.945167",0,context_via_olympic_center,0,33
AM0213,N207,N208,0.927,normal,0.225,true,朝阳站路,沿朝阳站路向东行驶927米直行进入左侧道路,"116.490343,39.945055;116.49059,39.945038;116.490923,39.945017;116.491389,39.945017;116.491534,39.945023;116.493669,39.94506;116.495155,39.945189;116.495375,39.945216;116.497387,39.945425;116.499023,39.94558;116.500836,39.945757;116.501174,39.945795",0,context_via_olympic_center,0,34
AM0214,N208,N209,0.533,normal,0.05,true,向东行驶533米右转,向东行驶533米右转,"116.501405,39.945827;116.501603,39.945865;116.501893,39.945891;116.502837,39.945993;116.504312,39.94616;116.505283,39.946288;116.506013,39.946385;116.506549,39.946487;116.507059,39.946573;116.507193,39.946573;116.507391,39.946525;116.507536,39.946433",0,context_via_olympic_center,0,35
AM0215,N209,N210,0.111,congestion,0.4,true,向南行驶111米左转进入右岔路,向南行驶111米左转进入右岔路,"116.507536,39.946433;116.507541,39.946288;116.507547,39.946117;116.507552,39.945795;116.507563,39.94543",0,context_via_olympic_center,0,36
AM0216,N210,N002,0.073,congestion,0.75,true,向东行驶73米到达目的地,向东行驶73米到达目的地,"116.507552,39.945183;116.507971,39.945178;116.508415,39.945174",0,context_via_olympic_center,0,37
AM0217,N001,N211,0.034,normal,0.15,true,向东南行驶34米右转,向东南行驶34米右转,"116.326803,40.003166;116.32697,40.002888",0,context_via_dongzhimen,0,0
AM0218,N211,N212,0.056,normal,0.15,true,向西行驶56米左转,向西行驶56米左转,"116.32697,40.002888;116.326305,40.002861",0,context_via_dongzhimen,0,1
AM0219,N212,N213,0.216,normal,0.05,true,向南行驶216米左转,向南行驶216米左转,"116.326305,40.002861;116.326326,40.002711;116.326412,40.002186;116.326417,40.002046;116.326406,40.001944;116.326256,40.001596;116.326122,40.001317;116.326036,40.00122;116.325854,40.001006",0,context_via_dongzhimen,0,2
AM0220,N213,N214,0.179,normal,0.05,true,清华路,沿清华路向东行驶179米右转进入左侧道路,"116.325854,40.001006;116.3266,40.001016;116.327453,40.001006;116.327962,40.001021",0,context_via_dongzhimen,0,3
AM0221,N214,N215,0.406,normal,0.05,true,学堂路,沿学堂路向南行驶406米左转进入左侧道路,"116.327962,40.001021;116.328059,40.000276;116.328107,39.999916;116.32815,39.999589;116.328252,39.998999;116.328348,39.998157;116.328354,39.99813;116.328472,39.997363",0,context_via_dongzhimen,0,4
AM0222,N215,N216,0.347,normal,0.05,true,日新路,沿日新路向东行驶347米右转,"116.328568,39.997368;116.328837,39.997385;116.329818,39.997422;116.330902,39.99746;116.331776,39.997503;116.33264,39.99754",0,context_via_dongzhimen,0,5
AM0223,N216,N217,1.239,normal,0.19,true,中关村东路,沿中关村东路向南行驶1.2千米左转,"116.33264,39.99754;116.332667,39.997208;116.332705,39.996735;116.332715,39.996564;116.332705,39.996548;116.332586,39.996322;116.332608,39.996145;116.332624,39.995979;116.332645,39.995813;116.332683,39.995228;116.332688,39.995137;116.332694,39.994997;116.332699,39.994767;116.332747,39.993801;116.332774,39.993039;116.33278,39.992889;116.332796,39.992605;116.332806,39.992498;116.332849,39.991736;116.33286,39.99157;116.33286,39.991521;116.332908,39.990861;116.332919,39.99062;116.332924,39.990534;116.33294,39.990234;116.33294,39.990191;116.332962,39.989713;116.332973,39.989493;116.333042,39.988126;116.333075,39.987433;116.333091,39.987063;116.333096,39.986972;116.333101,39.986881;116.333118,39.986484;116.333123,39.986275",0,context_via_dongzhimen,0,6
AM0224,N217,N218,1.069,normal,0.05,true,北四环西路辅路,沿北四环西路辅路途径北四环中路辅路向东行驶1.1千米向左前方行驶进入主路,"116.333429,39.985819;116.334147,39.985856;116.334807,39.985894;116.334872,39.985899;116.334947,39.985899;116.33786,39.986044;116.338857,39.986098;116.339581,39.986114;116.339769,39.986125;116.340547,39.986151;116.342511,39.986232;116.343991,39.986307;116.344774,39.986355;116.345101,39.986361;116.345193,39.986366;116.345214,39.986366;116.345504,39.986377;116.345997,39.986404",0,context_via_dongzhimen,0,7
AM0225,N218,N219,10.652,collapse,0.485,true,北四环中路入口,沿北四环中路入口途径北四环中路、北四环东路向东行驶10.7千米向右前方行驶进入中间岔道,"116.345997,39.986404;116.346153,39.986468;116.346362,39.986554;116.348277,39.986602;116.350563,39.986677;116.355911,39.986854;116.35774,39.986913;116.359097,39.986961;116.3598,39.986983;116.36215,39.987053;116.363882,39.987106;116.364526,39.987128;116.366672,39.987187;116.367187,39.987203;116.371586,39.987316;116.373082,39.987342;116.373576,39.987369;116.376757,39.98745;116.377481,39.987487;116.378458,39.987546;116.379552,39.987578;116.380346,39.9876;116.381236,39.987643;116.383151,39.98767;116.383999,39.987691;116.384364,39.987707;116.384948,39.987723;116.385463,39.987745;116.387363,39.987788;116.387738,39.987798;116.389143,39.987825;116.38916,39.987825;116.389911,39.987863;116.390211,39.987873;116.393993,39.987997;116.397233,39.988083;116.397421,39.988083;116.397608,39.988083;116.399969,39.988142;116.402329,39.988201;116.402812,39.988206;116.403831,39.988249;116.40477,39.988281;116.405054,39.988297;116.405741,39.988319;116.406808,39.988356;116.407184,39.988367;116.40793,39.988388;116.408831,39.98841;116.409695,39.988437;116.410118,39.988453;116.410993,39.98848;116.411132,39.988485;116.412328,39.988506;116.414034,39.98856;116.415349,39.988598;116.418664,39.988705;116.419361,39.988726;116.42141,39.988775;116.427172,39.988925;116.429672,39.988989;116.43038,39.989011;116.433105,39.98908;116.433405,39.989086;116.434323,39.989113;116.43488,39.989118;116.435605,39.989145;116.436216,39.98914;116.436753,39.989123;116.437321,39.989075;116.438137,39.988978;116.439065,39.98878;116.439585,39.988635;116.440492,39.988335;116.441323,39.988034;116.44643,39.986044;116.447101,39.985755;116.447347,39.985631;116.447841,39.985384;116.448586,39.984928;116.449778,39.984166;116.45025,39.983866;116.450609,39.98363;116.452572,39.982353;116.455078,39.980701;116.457288,39.979247;116.457905,39.97884;116.460383,39.977193;116.461466,39.97648;116.462464,39.975803;116.463569,39.975053;116.463661,39.974993;116.46424,39.974602;116.46453,39.974409",0,context_via_dongzhimen,0,8
AM0226,N219,N220,0.182,normal,0.05,true,四元桥,沿四元桥向东南行驶182米靠右,"116.46453,39.974409;116.464723,39.9742;116.465962,39.973186",0,context_via_dongzhimen,0,9
AM0227,N220,N221,0.835,normal,0.19,true,四元桥,沿四元桥途径京密路向西南行驶835米靠左沿辅路行驶,"116.465962,39.973186;116.46601,39.973095;116.466171,39.972891;116.466359,39.972606;116.466477,39.972392;116.466552,39.972209;116.466606,39.972043;116.46667,39.971743;116.466691,39.971421;116.466691,39.971265;116.466665,39.970981;116.466616,39.970756;116.466563,39.970578;116.466461,39.970316;116.466332,39.970058;116.466246,39.96993;116.466128,39.969763;116.465881,39.969468;116.465667,39.969232;116.465366,39.968937;116.465281,39.968846;116.465227,39.968792;116.464857,39.968443;116.464835,39.968422;116.464664,39.968261;116.462969,39.966663",0,context_via_dongzhimen,0,10
AM0228,N221,N222,2.287,normal,0.25,true,京密路,沿京密路途径香河园路向西南行驶2.3千米左转进入主路,"116.462969,39.966663;116.462835,39.966507;116.462813,39.966432;116.462695,39.96633;116.460796,39.964597;116.460115,39.96398;116.460013,39.963895;116.459406,39.963342;116.458355,39.962382;116.458216,39.962258;116.457915,39.961985;116.45777,39.961851;116.457336,39.961454;116.457223,39.961357;116.457175,39.961314;116.456901,39.961094;116.456756,39.960976;116.456644,39.960885;116.456403,39.960719;116.456343,39.960681;116.456006,39.960466;116.455528,39.960215;116.455078,39.959995;116.454761,39.959839;116.4543,39.959571;116.452293,39.95772;116.4518,39.957275;116.451022,39.956577;116.450668,39.956282;116.449981,39.955681;116.449681,39.955413;116.449284,39.955043;116.44915,39.95492;116.448962,39.954743;116.448308,39.954169;116.447573,39.953606;116.447015,39.953198;116.446655,39.95293;116.446307,39.952661;116.446071,39.9525;116.445363,39.952007;116.444976,39.951723;116.444719,39.95153",0,context_via_dongzhimen,0,11
AM0229,N222,N223,0.153,normal,0.05,true,新东路,沿新东路向东南行驶153米右转进入主路,"116.44474,39.951379;116.44488,39.951213;116.44496,39.951138;116.445282,39.95095;116.445341,39.950907;116.44606,39.950435",0,context_via_dongzhimen,0,12
AM0230,N223,N224,1.24,normal,0.05,true,东直门外斜街,沿东直门外斜街向西南行驶1.2千米右转进入主路,"116.445996,39.950355;116.44584,39.950135;116.445706,39.949995;116.445271,39.949604;116.445019,39.949373;116.444343,39.948756;116.443383,39.947908;116.443083,39.947662;116.443008,39.947603;116.442831,39.947453;116.442235,39.94697;116.442069,39.946825;116.441452,39.946288;116.441398,39.94624;116.440749,39.945629;116.440636,39.945527;116.440454,39.945366;116.440266,39.945189;116.440213,39.94514;116.439971,39.944921;116.439708,39.944668;116.439344,39.944363;116.438882,39.943928;116.438764,39.943789;116.438684,39.94366;116.438576,39.943397;116.438544,39.943081;116.438544,39.942898;116.438566,39.942485;116.438598,39.941552;116.438614,39.941192",0,context_via_dongzhimen,0,13
AM0231,N224,N225,0.238,normal,0.05,true,东直门外大街,沿东直门外大街向西行驶238米到达途经地,"116.438614,39.941192;116.437622,39.94116;116.437504,39.94116;116.437439,39.94116;116.437085,39.94116;116.436361,39.941149;116.435798,39.941151",0,context_via_dongzhimen,0,14
AM0232,N225,N226,0.106,normal,0.05,true,东直门外大街,沿东直门外大街向西行驶106米右转,"116.435798,39.941151;116.435025,39.941155;116.434703,39.941203;116.434569,39.941251",0,context_via_dongzhimen,0,15
AM0233,N226,N227,0.131,congestion,0.883,true,东直门桥,沿东直门桥向北行驶131米靠右,"116.434591,39.941348;116.434478,39.941471;116.434462,39.941525;116.43443,39.941621;116.434414,39.942018;116.434387,39.942512",0,context_via_dongzhimen,0,16
AM0234,N227,N228,0.092,congestion,0.45,true,东直门桥,沿东直门桥向西北行驶92米向左前方行驶,"116.434387,39.942512;116.434381,39.942571;116.434333,39.942726;116.43428,39.942845;116.43414,39.943065;116.434054,39.943209;116.433979,39.943274",0,context_via_dongzhimen,0,17
AM0235,N228,N229,0.17,congestion,0.75,true,东直门北大街,沿东直门北大街向北行驶170米右转,"116.433979,39.943274;116.433968,39.943526;116.433958,39.943692;116.433963,39.943778;116.433963,39.943896;116.433974,39.944266;116.434001,39.944835",0,context_via_dongzhimen,0,18
AM0236,N229,N230,0.28,normal,0.064,true,香河园路,沿香河园路向东行驶280米左转,"116.434001,39.944835;116.434231,39.94484;116.434489,39.94484;116.434827,39.944835;116.434961,39.944835;116.435181,39.94484;116.435299,39.944845;116.437321,39.944824",0,context_via_dongzhimen,0,19
AM0237,N230,N231,3.282,normal,0.191,true,香河园路,沿香河园路途径京密路向东北行驶3.3千米向右前方行驶进入辅路,"116.43745,39.944851;116.437563,39.945055;116.437928,39.945629;116.438088,39.945854;116.438341,39.94617;116.438437,39.946288;116.438496,39.946363;116.438571,39.946449;116.438636,39.94653;116.438684,39.946583;116.438791,39.946712;116.438968,39.946905;116.439011,39.946954;116.439033,39.94698;116.439263,39.947227;116.439488,39.947442;116.439998,39.947871;116.44062,39.948391;116.44068,39.94844;116.4412,39.948842;116.441286,39.948906;116.441436,39.949008;116.442246,39.949604;116.442632,39.949883;116.442664,39.949904;116.443834,39.950752;116.444188,39.951009;116.444451,39.951186;116.44474,39.951379;116.444837,39.951454;116.445084,39.951626;116.44547,39.9519;116.445904,39.952221;116.44628,39.9525;116.446468,39.95264;116.447675,39.95353;116.447739,39.953579;116.448018,39.953783;116.448603,39.954255;116.448764,39.954389;116.449085,39.954668;116.449273,39.954839;116.449407,39.954957;116.449836,39.95537;116.450266,39.955757;116.450416,39.95588;116.450759,39.956175;116.451076,39.956454;116.452004,39.957275;116.452385,39.957618;116.454375,39.959431;116.454643,39.95964;116.454804,39.959742;116.455078,39.959871;116.455566,39.960107;116.456204,39.960461;116.45673,39.960826;116.457255,39.961255;116.457422,39.9614;116.458065,39.961963;116.460115,39.963825;116.460206,39.963911;116.460871,39.964517;116.46255,39.966046;116.462867,39.96633;116.463344,39.966743",0,context_via_dongzhimen,0,20
AM0238,N231,N232,0.444,normal,0.05,true,京密路,沿京密路向东北行驶444米向右前方行驶进入匝道,"116.463344,39.966743;116.463489,39.966781;116.463795,39.967027;116.46513,39.968261;116.465383,39.968492;116.466155,39.969168;116.466461,39.969457;116.466766,39.969747",0,context_via_dongzhimen,0,21
AM0239,N232,N233,3.303,congestion,0.604,true,四元桥,沿四元桥途径北四环东路、东四环北路向东南行驶3.3千米向右前方行驶进入辅路,"116.466766,39.969747;116.466815,39.969768;116.466906,39.969833;116.467383,39.970241;116.468505,39.971099;116.46865,39.971185;116.468853,39.971238;116.468961,39.971249;116.469127,39.971233;116.469588,39.971153;116.469985,39.97089;116.470371,39.970632;116.472963,39.968905;116.473939,39.968261;116.47705,39.966206;116.477168,39.966131;116.477662,39.965804;116.478171,39.965466;116.480773,39.96375;116.48286,39.962285;116.483268,39.961985;116.483917,39.961523;116.484458,39.961083;116.48551,39.960161;116.485885,39.959764;116.486331,39.959297;116.486711,39.958857;116.486905,39.958621;116.487511,39.957795;116.487752,39.957425;116.487849,39.957275;116.488171,39.956728;116.488417,39.956229;116.48875,39.955505;116.488986,39.954866;116.489099,39.954512;116.489372,39.95353;116.489442,39.953198;116.48949,39.952849;116.489592,39.952195;116.489689,39.951073;116.489732,39.950355",0,context_via_dongzhimen,0,22
AM0240,N233,N234,0.574,congestion,0.75,true,东四环北路出口,沿东四环北路出口途径东四环北路辅路向南行驶574米左转进入主路,"116.489732,39.950355;116.48956,39.949936;116.489565,39.9494;116.489555,39.949169;116.489555,39.949105;116.489555,39.946959;116.489555,39.946288;116.489565,39.945602;116.489555,39.945457;116.489555,39.945167",0,context_via_dongzhimen,0,23
AM0241,N234,N235,0.927,normal,0.225,true,朝阳站路,沿朝阳站路向东行驶927米直行进入左侧道路,"116.490343,39.945055;116.49059,39.945038;116.490923,39.945017;116.491389,39.945017;116.491534,39.945023;116.493669,39.94506;116.495155,39.945189;116.495375,39.945216;116.497387,39.945425;116.499023,39.94558;116.500836,39.945757;116.501174,39.945795",0,context_via_dongzhimen,0,24
AM0242,N235,N236,0.533,normal,0.05,true,向东行驶533米右转,向东行驶533米右转,"116.501405,39.945827;116.501603,39.945865;116.501893,39.945891;116.502837,39.945993;116.504312,39.94616;116.505283,39.946288;116.506013,39.946385;116.506549,39.946487;116.507059,39.946573;116.507193,39.946573;116.507391,39.946525;116.507536,39.946433",0,context_via_dongzhimen,0,25
AM0243,N236,N237,0.111,congestion,0.4,true,向南行驶111米左转进入右岔路,向南行驶111米左转进入右岔路,"116.507536,39.946433;116.507541,39.946288;116.507547,39.946117;116.507552,39.945795;116.507563,39.94543",0,context_via_dongzhimen,0,26
AM0244,N237,N002,0.073,congestion,0.75,true,向东行驶73米到达目的地,向东行驶73米到达目的地,"116.507552,39.945183;116.507971,39.945178;116.508415,39.945174",0,context_via_dongzhimen,0,27
AM0245,N001,N238,0.034,normal,0.15,true,向东南行驶34米右转,向东南行驶34米右转,"116.326803,40.003166;116.32697,40.002888",0,context_via_baishiqiao,0,0
AM0246,N238,N239,0.056,normal,0.15,true,向西行驶56米左转,向西行驶56米左转,"116.32697,40.002888;116.326305,40.002861",0,context_via_baishiqiao,0,1
AM0247,N239,N240,0.216,normal,0.05,true,向南行驶216米左转,向南行驶216米左转,"116.326305,40.002861;116.326326,40.002711;116.326412,40.002186;116.326417,40.002046;116.326406,40.001944;116.326256,40.001596;116.326122,40.001317;116.326036,40.00122;116.325854,40.001006",0,context_via_baishiqiao,0,2
AM0248,N240,N241,0.179,normal,0.05,true,清华路,沿清华路向东行驶179米右转进入左侧道路,"116.325854,40.001006;116.3266,40.001016;116.327453,40.001006;116.327962,40.001021",0,context_via_baishiqiao,0,3
AM0249,N241,N242,0.406,normal,0.05,true,学堂路,沿学堂路向南行驶406米左转进入左侧道路,"116.327962,40.001021;116.328059,40.000276;116.328107,39.999916;116.32815,39.999589;116.328252,39.998999;116.328348,39.998157;116.328354,39.99813;116.328472,39.997363",0,context_via_baishiqiao,0,4
AM0250,N242,N243,0.347,normal,0.05,true,日新路,沿日新路向东行驶347米右转,"116.328568,39.997368;116.328837,39.997385;116.329818,39.997422;116.330902,39.99746;116.331776,39.997503;116.33264,39.99754",0,context_via_baishiqiao,0,5
AM0251,N243,N244,5.3,normal,0.05,true,中关村东路,沿中关村东路途径皂君庙路、大柳树路、高梁桥斜街向南行驶5.3千米向右前方行驶进入辅路,"116.33264,39.99754;116.332667,39.997208;116.332705,39.996735;116.332715,39.996564;116.332705,39.996548;116.332586,39.996322;116.332608,39.996145;116.332624,39.995979;116.332645,39.995813;116.332683,39.995228;116.332688,39.995137;116.332694,39.994997;116.332699,39.994767;116.332747,39.993801;116.332774,39.993039;116.33278,39.992889;116.332796,39.992605;116.332806,39.992498;116.332849,39.991736;116.33286,39.99157;116.33286,39.991521;116.332908,39.990861;116.332919,39.99062;116.332924,39.990534;116.33294,39.990234;116.33294,39.990191;116.332962,39.989713;116.332973,39.989493;116.333042,39.988126;116.333075,39.987433;116.333091,39.987063;116.333096,39.986972;116.333101,39.986881;116.333118,39.986484;116.333123,39.986275;116.33315,39.985813;116.33316,39.985567;116.333235,39.984306;116.333273,39.983512;116.333284,39.98326;116.3333,39.983008;116.333316,39.98267;116.333348,39.981913;116.33338,39.981302;116.333391,39.981125;116.333402,39.98091;116.333434,39.980261;116.333466,39.979575;116.333482,39.979247;116.333488,39.979167;116.333498,39.978995;116.333509,39.978748;116.333536,39.978164;116.333563,39.977536;116.333595,39.976769;116.3336,39.976624;116.333616,39.976388;116.333627,39.976243;116.333681,39.975755;116.333691,39.975616;116.333718,39.975337;116.333756,39.974135;116.333793,39.973175;116.333847,39.972435;116.333858,39.97229;116.333868,39.972038;116.333895,39.971592;116.333933,39.970713;116.333981,39.969645;116.334024,39.968744;116.334046,39.968261;116.334061,39.967864;116.334067,39.967719;116.334105,39.967247;116.334115,39.967129;116.334169,39.966646;116.334196,39.966432;116.334212,39.966292;116.334239,39.966067;116.334303,39.965466;116.334453,39.963948;116.334491,39.96354;116.334614,39.962151;116.33463,39.961985;116.334652,39.961792;116.334721,39.961255;116.334743,39.961083;116.334764,39.960917;116.334872,39.959882;116.334893,39.959635;116.33499,39.95853;116.33506,39.957913;116.335081,39.957704;116.335102,39.957446;116.335129,39.957275;116.335135,39.957248;116.335172,39.956985;116.335263,39.956411;116.335322,39.956105;116.335371,39.955762;116.33544,39.955338;116.335505,39.954871;116.335569,39.954442;116.335606,39.954228;116.335708,39.953584;116.335768,39.953139;116.33581,39.952844;116.335826,39.952731;116.335912,39.952248;116.335987,39.952028;116.33617,39.951605;116.336411,39.951095;116.336594,39.950784;116.336781,39.950505;116.337098,39.950119;116.337151,39.95007;116.337441,39.949818",0,context_via_baishiqiao,0,6
AM0252,N244,N245,0.354,normal,0.05,true,高梁桥斜街,沿高梁桥斜街向东南行驶354米向右后方行驶,"116.337441,39.949818;116.33757,39.949636;116.337822,39.949448;116.337865,39.949421;116.338192,39.949207;116.33868,39.948922;116.340021,39.948182;116.340676,39.947812",0,context_via_baishiqiao,0,7
AM0253,N245,N246,0.221,normal,0.05,true,气象路,沿气象路向西行驶221米左转调头,"116.340676,39.947812;116.340354,39.947785;116.339812,39.947748;116.33948,39.947726;116.33904,39.947689;116.338069,39.947603",0,context_via_baishiqiao,0,8
AM0254,N246,N247,0.148,normal,0.05,true,气象路,沿气象路向东行驶148米右转,"116.338085,39.947517;116.339056,39.947576;116.339496,39.947619;116.339818,39.947635",0,context_via_baishiqiao,0,9
AM0255,N247,N248,0.621,normal,0.15,true,向西南行驶621米左转,向西南行驶621米左转,"116.339818,39.947635;116.339839,39.947442;116.339855,39.94727;116.339979,39.946326;116.339952,39.946288;116.339909,39.946235;116.33904,39.945414;116.338906,39.94535;116.338815,39.945339;116.337972,39.945258;116.337645,39.94491;116.337618,39.944888;116.337366,39.944861;116.335934,39.944722;116.335258,39.944609",0,context_via_baishiqiao,0,10
AM0256,N248,N249,0.123,normal,0.15,true,向南行驶123米右转,向南行驶123米右转,"116.335258,39.944609;116.335333,39.944465;116.335387,39.944336;116.335424,39.94418;116.335478,39.943933;116.335499,39.943697;116.335494,39.943515",0,context_via_baishiqiao,0,11
AM0257,N249,N250,0.044,normal,0.15,true,向西行驶44米到达途经地,向西行驶44米到达途经地,"116.335494,39.943515;116.335013,39.943649",0,context_via_baishiqiao,0,12
AM0258,N250,N251,0.176,normal,0.117,true,五塔寺路,沿五塔寺路向西行驶176米向左前方行驶,"116.335013,39.943649;116.334898,39.943681;116.33477,39.943697;116.334496,39.943697;116.334206,39.943671;116.334003,39.943671;116.333938,39.943687;116.333525,39.943971;116.333311,39.944078;116.333182,39.944164",0,context_via_baishiqiao,0,13
AM0259,N251,N252,0.735,normal,0.05,true,五塔寺路,沿五塔寺路向西行驶735米右转,"116.333182,39.944164;116.332881,39.944223;116.332656,39.944245;116.332479,39.944245;116.332141,39.944191;116.331793,39.944035;116.331261,39.943681;116.331106,39.943611;116.330902,39.943553;116.330537,39.943467;116.330178,39.943386;116.330033,39.943354;116.329663,39.943274;116.329523,39.943225;116.32932,39.94314;116.329126,39.943065;116.32867,39.942887;116.327914,39.942523;116.327335,39.94211;116.327243,39.942056;116.327104,39.942002;116.326948,39.94197;116.32682,39.941954;116.326144,39.941933;116.325387,39.941879",0,context_via_baishiqiao,0,14
AM0260,N252,N253,2.604,normal,0.05,true,中关村南大街,沿中关村南大街向北行驶2.6千米向右前方行驶进入右转专用道,"116.325387,39.941879;116.325296,39.942517;116.325226,39.943054;116.325189,39.943316;116.325087,39.944073;116.325039,39.944443;116.324996,39.944738;116.324985,39.944835;116.324942,39.945092;116.324931,39.945156;116.324792,39.946208;116.324781,39.946288;116.324744,39.946573;116.324711,39.946809;116.324604,39.94763;116.324545,39.947978;116.324486,39.948402;116.324454,39.948606;116.32432,39.949604;116.32417,39.950816;116.324116,39.95139;116.324089,39.951615;116.324073,39.95175;116.323993,39.95249;116.323971,39.952678;116.323944,39.952897;116.323891,39.953321;116.323837,39.953681;116.323735,39.954523;116.323676,39.95492;116.323494,39.95618;116.32344,39.956572;116.323413,39.956781;116.323403,39.956856;116.323381,39.957012;116.323349,39.957275;116.323338,39.957366;116.323258,39.958112;116.323241,39.958219;116.323231,39.958289;116.323156,39.958825;116.323113,39.95911;116.322995,39.95986;116.322946,39.960193;116.322941,39.960241;116.322882,39.960638;116.322823,39.961062;116.322743,39.961593;116.322517,39.963251;116.322458,39.963675;116.322421,39.963825;116.322356,39.964141;116.322265,39.964485;116.322056,39.965139;116.32197,39.96537",0,context_via_baishiqiao,0,15
AM0261,N253,N254,0.159,normal,0.05,true,中关村南大街,沿中关村南大街向北行驶159米右转,"116.322088,39.965413;116.322035,39.965531;116.321563,39.966786",0,context_via_baishiqiao,0,16
AM0262,N254,N255,0.36,normal,0.05,true,北三环西路辅路,沿北三环西路辅路向东行驶360米向左前方行驶进入主路,"116.321563,39.966786;116.321788,39.966823;116.322501,39.966883;116.322619,39.966888;116.323038,39.966915;116.323241,39.966925;116.323268,39.966925;116.323842,39.966947;116.324518,39.966974;116.325001,39.966995;116.325141,39.967006;116.325811,39.967033",0,context_via_baishiqiao,0,17
AM0263,N255,N256,8.562,collapse,0.615,true,北三环西路入口,沿北三环西路入口途径北三环西路、北三环中路、北三环东路向东行驶8.6千米向右前方行驶进入匝道,"116.325811,39.967033;116.326074,39.967092;116.326396,39.967145;116.326626,39.967204;116.327957,39.967258;116.328139,39.967263;116.328831,39.967296;116.330553,39.96736;116.330773,39.967365;116.331154,39.967381;116.332281,39.967424;116.334341,39.967489;116.336315,39.967521;116.34214,39.967564;116.34412,39.967575;116.345214,39.967585;116.348235,39.967607;116.348771,39.967607;116.349425,39.967607;116.350171,39.967607;116.35178,39.967644;116.356737,39.967682;116.3587,39.967666;116.360229,39.967655;116.36215,39.967666;116.363936,39.967676;116.365535,39.967709;116.365958,39.967714;116.366527,39.96773;116.366774,39.967741;116.367026,39.967751;116.367187,39.967757;116.370357,39.967853;116.372262,39.967923;116.373769,39.967966;116.373946,39.967971;116.376151,39.968025;116.379332,39.96809;116.380405,39.968111;116.381231,39.968132;116.381633,39.968138;116.383393,39.968175;116.383666,39.968181;116.38402,39.968186;116.38511,39.968218;116.385651,39.968224;116.386113,39.96824;116.386574,39.96825;116.387046,39.968261;116.388709,39.968299;116.38916,39.968309;116.389476,39.96832;116.390018,39.968336;116.390093,39.968336;116.390216,39.968341;116.390705,39.968352;116.391118,39.968368;116.391799,39.96839;116.391938,39.96839;116.392078,39.968395;116.393365,39.968443;116.39572,39.968513;116.397475,39.968551;116.399432,39.968605;116.401852,39.96868;116.402801,39.968706;116.40344,39.968733;116.405221,39.968792;116.407082,39.968851;116.407425,39.968862;116.407742,39.968867;116.409008,39.968894;116.410011,39.968916;116.410606,39.968921;116.411132,39.968937;116.411218,39.968937;116.411293,39.968937;116.411384,39.968942;116.411685,39.968948;116.412135,39.968958;116.413718,39.969001;116.414206,39.969012;116.415531,39.969044;116.418471,39.969114;116.418895,39.96913;116.426281,39.969334",0,context_via_baishiqiao,0,18
AM0264,N256,N257,2.362,collapse,0.058,true,太阳宫桥,沿太阳宫桥途径S11京承高速向东北行驶2.4千米向右前方行驶进入匝道,"116.426281,39.969334;116.426689,39.96927;116.427451,39.969237;116.428202,39.969211;116.429521,39.969098;116.429854,39.969087;116.430348,39.969093;116.431807,39.96913;116.431962,39.969141;116.432123,39.969168;116.432198,39.969189;116.432268,39.969221;116.432397,39.969307;116.432493,39.969415;116.432552,39.969538;116.432568,39.969666;116.432547,39.969795;116.432483,39.969913;116.432273,39.970176;116.432204,39.970305;116.432161,39.970412;116.432139,39.970525;116.432134,39.9706;116.432139,39.970675;116.432171,39.970911;116.432214,39.971126;116.432279,39.97134;116.432311,39.971415;116.432375,39.971576;116.432499,39.971823;116.432805,39.972349;116.432837,39.972418;116.432869,39.972569;116.432917,39.972633;116.433094,39.972907;116.433105,39.972923;116.43347,39.97347;116.434086,39.974403;116.434333,39.974773;116.434907,39.975669;116.435229,39.976158;116.436184,39.977595;116.436618,39.978244;116.436876,39.978636;116.437246,39.979167;116.4373,39.979247;116.439515,39.982461;116.43973,39.982777;116.44068,39.98421",0,context_via_baishiqiao,0,19
AM0265,N257,N258,0.123,collapse,0.05,true,望和桥,沿望和桥向东北行驶123米靠右,"116.44068,39.98421;116.440878,39.98437;116.441135,39.984639;116.441575,39.985084",0,context_via_baishiqiao,0,20
AM0266,N258,N259,6.031,collapse,0.535,true,望和桥,沿望和桥途径北四环东路、东四环北路向东南行驶6.0千米向右前方行驶进入辅路,"116.441575,39.985084;116.442085,39.985438;116.442342,39.985615;116.442927,39.985996;116.443061,39.986071;116.443185,39.986125;116.443351,39.986189;116.443506,39.986237;116.443673,39.986275;116.443989,39.986328;116.44415,39.986345;116.444467,39.986361;116.444687,39.98635;116.445084,39.986286;116.445411,39.986216;116.445743,39.986135;116.446033,39.986044;116.446505,39.985878;116.446945,39.985733;116.44717,39.985674;116.447347,39.985631;116.447841,39.985384;116.448586,39.984928;116.449778,39.984166;116.45025,39.983866;116.450609,39.98363;116.452572,39.982353;116.455078,39.980701;116.457288,39.979247;116.457905,39.97884;116.460383,39.977193;116.461466,39.97648;116.462464,39.975803;116.463569,39.975053;116.463661,39.974993;116.46424,39.974602;116.46453,39.974409;116.465956,39.973497;116.467764,39.972333;116.468108,39.972113;116.468365,39.971946;116.469588,39.971153;116.469985,39.97089;116.470371,39.970632;116.472963,39.968905;116.473939,39.968261;116.47705,39.966206;116.477168,39.966131;116.477662,39.965804;116.478171,39.965466;116.480773,39.96375;116.48286,39.962285;116.483268,39.961985;116.483917,39.961523;116.484458,39.961083;116.48551,39.960161;116.485885,39.959764;116.486331,39.959297;116.486711,39.958857;116.486905,39.958621;116.487511,39.957795;116.487752,39.957425;116.487849,39.957275;116.488171,39.956728;116.488417,39.956229;116.48875,39.955505;116.488986,39.954866;116.489099,39.954512;116.489372,39.95353;116.489442,39.953198;116.48949,39.952849;116.489592,39.952195;116.489689,39.951073;116.489732,39.950355",0,context_via_baishiqiao,0,21
AM0267,N259,N260,0.574,congestion,0.75,true,东四环北路出口,沿东四环北路出口途径东四环北路辅路向南行驶574米左转进入主路,"116.489732,39.950355;116.48956,39.949936;116.489565,39.9494;116.489555,39.949169;116.489555,39.949105;116.489555,39.946959;116.489555,39.946288;116.489565,39.945602;116.489555,39.945457;116.489555,39.945167",0,context_via_baishiqiao,0,22
AM0268,N260,N261,0.927,normal,0.225,true,朝阳站路,沿朝阳站路向东行驶927米直行进入左侧道路,"116.490343,39.945055;116.49059,39.945038;116.490923,39.945017;116.491389,39.945017;116.491534,39.945023;116.493669,39.94506;116.495155,39.945189;116.495375,39.945216;116.497387,39.945425;116.499023,39.94558;116.500836,39.945757;116.501174,39.945795",0,context_via_baishiqiao,0,23
AM0269,N261,N262,0.533,normal,0.05,true,向东行驶533米右转,向东行驶533米右转,"116.501405,39.945827;116.501603,39.945865;116.501893,39.945891;116.502837,39.945993;116.504312,39.94616;116.505283,39.946288;116.506013,39.946385;116.506549,39.946487;116.507059,39.946573;116.507193,39.946573;116.507391,39.946525;116.507536,39.946433",0,context_via_baishiqiao,0,24
AM0270,N262,N263,0.111,congestion,0.4,true,向南行驶111米左转进入右岔路,向南行驶111米左转进入右岔路,"116.507536,39.946433;116.507541,39.946288;116.507547,39.946117;116.507552,39.945795;116.507563,39.94543",0,context_via_baishiqiao,0,25
AM0271,N263,N002,0.073,congestion,0.75,true,向东行驶73米到达目的地,向东行驶73米到达目的地,"116.507552,39.945183;116.507971,39.945178;116.508415,39.945174",0,context_via_baishiqiao,0,26
AM0272,N001,N264,0.034,normal,0.15,true,向东南行驶34米右转,向东南行驶34米右转,"116.326803,40.003166;116.32697,40.002888",0,context_via_chaoyang_park,0,0
AM0273,N264,N265,0.056,normal,0.15,true,向西行驶56米左转,向西行驶56米左转,"116.32697,40.002888;116.326305,40.002861",0,context_via_chaoyang_park,0,1
AM0274,N265,N266,0.216,normal,0.05,true,向南行驶216米左转,向南行驶216米左转,"116.326305,40.002861;116.326326,40.002711;116.326412,40.002186;116.326417,40.002046;116.326406,40.001944;116.326256,40.001596;116.326122,40.001317;116.326036,40.00122;116.325854,40.001006",0,context_via_chaoyang_park,0,2
AM0275,N266,N267,0.179,normal,0.05,true,清华路,沿清华路向东行驶179米右转进入左侧道路,"116.325854,40.001006;116.3266,40.001016;116.327453,40.001006;116.327962,40.001021",0,context_via_chaoyang_park,0,3
AM0276,N267,N268,0.406,normal,0.05,true,学堂路,沿学堂路向南行驶406米左转进入左侧道路,"116.327962,40.001021;116.328059,40.000276;116.328107,39.999916;116.32815,39.999589;116.328252,39.998999;116.328348,39.998157;116.328354,39.99813;116.328472,39.997363",0,context_via_chaoyang_park,0,4
AM0277,N268,N269,0.347,normal,0.05,true,日新路,沿日新路向东行驶347米右转,"116.328568,39.997368;116.328837,39.997385;116.329818,39.997422;116.330902,39.99746;116.331776,39.997503;116.33264,39.99754",0,context_via_chaoyang_park,0,5
AM0278,N269,N270,1.239,normal,0.19,true,中关村东路,沿中关村东路向南行驶1.2千米左转,"116.33264,39.99754;116.332667,39.997208;116.332705,39.996735;116.332715,39.996564;116.332705,39.996548;116.332586,39.996322;116.332608,39.996145;116.332624,39.995979;116.332645,39.995813;116.332683,39.995228;116.332688,39.995137;116.332694,39.994997;116.332699,39.994767;116.332747,39.993801;116.332774,39.993039;116.33278,39.992889;116.332796,39.992605;116.332806,39.992498;116.332849,39.991736;116.33286,39.99157;116.33286,39.991521;116.332908,39.990861;116.332919,39.99062;116.332924,39.990534;116.33294,39.990234;116.33294,39.990191;116.332962,39.989713;116.332973,39.989493;116.333042,39.988126;116.333075,39.987433;116.333091,39.987063;116.333096,39.986972;116.333101,39.986881;116.333118,39.986484;116.333123,39.986275",0,context_via_chaoyang_park,0,6
AM0279,N270,N271,1.069,normal,0.05,true,北四环西路辅路,沿北四环西路辅路途径北四环中路辅路向东行驶1.1千米向左前方行驶进入主路,"116.333429,39.985819;116.334147,39.985856;116.334807,39.985894;116.334872,39.985899;116.334947,39.985899;116.33786,39.986044;116.338857,39.986098;116.339581,39.986114;116.339769,39.986125;116.340547,39.986151;116.342511,39.986232;116.343991,39.986307;116.344774,39.986355;116.345101,39.986361;116.345193,39.986366;116.345214,39.986366;116.345504,39.986377;116.345997,39.986404",0,context_via_chaoyang_park,0,7
AM0280,N271,N272,14.209,collapse,0.472,true,北四环中路入口,沿北四环中路入口途径北四环中路、北四环东路、东四环北路向东行驶14.2千米向右前方行驶进入辅路,"116.345997,39.986404;116.346153,39.986468;116.346362,39.986554;116.348277,39.986602;116.350563,39.986677;116.355911,39.986854;116.35774,39.986913;116.359097,39.986961;116.3598,39.986983;116.36215,39.987053;116.363882,39.987106;116.364526,39.987128;116.366672,39.987187;116.367187,39.987203;116.371586,39.987316;116.373082,39.987342;116.373576,39.987369;116.376757,39.98745;116.377481,39.987487;116.378458,39.987546;116.379552,39.987578;116.380346,39.9876;116.381236,39.987643;116.383151,39.98767;116.383999,39.987691;116.384364,39.987707;116.384948,39.987723;116.385463,39.987745;116.387363,39.987788;116.387738,39.987798;116.389143,39.987825;116.38916,39.987825;116.389911,39.987863;116.390211,39.987873;116.393993,39.987997;116.397233,39.988083;116.397421,39.988083;116.397608,39.988083;116.399969,39.988142;116.402329,39.988201;116.402812,39.988206;116.403831,39.988249;116.40477,39.988281;116.405054,39.988297;116.405741,39.988319;116.406808,39.988356;116.407184,39.988367;116.40793,39.988388;116.408831,39.98841;116.409695,39.988437;116.410118,39.988453;116.410993,39.98848;116.411132,39.988485;116.412328,39.988506;116.414034,39.98856;116.415349,39.988598;116.418664,39.988705;116.419361,39.988726;116.42141,39.988775;116.427172,39.988925;116.429672,39.988989;116.43038,39.989011;116.433105,39.98908;116.433405,39.989086;116.434323,39.989113;116.43488,39.989118;116.435605,39.989145;116.436216,39.98914;116.436753,39.989123;116.437321,39.989075;116.438137,39.988978;116.439065,39.98878;116.439585,39.988635;116.440492,39.988335;116.441323,39.988034;116.44643,39.986044;116.447101,39.985755;116.447347,39.985631;116.447841,39.985384;116.448586,39.984928;116.449778,39.984166;116.45025,39.983866;116.450609,39.98363;116.452572,39.982353;116.455078,39.980701;116.457288,39.979247;116.457905,39.97884;116.460383,39.977193;116.461466,39.97648;116.462464,39.975803;116.463569,39.975053;116.463661,39.974993;116.46424,39.974602;116.46453,39.974409;116.465956,39.973497;116.467764,39.972333;116.468108,39.972113;116.468365,39.971946;116.469588,39.971153;116.469985,39.97089;116.470371,39.970632;116.472963,39.968905;116.473939,39.968261;116.47705,39.966206;116.477168,39.966131;116.477662,39.965804;116.478171,39.965466;116.480773,39.96375;116.48286,39.962285;116.483268,39.961985;116.483917,39.961523;116.484458,39.961083;116.48551,39.960161;116.485885,39.959764;116.486331,39.959297;116.486711,39.958857;116.486905,39.958621;116.487511,39.957795;116.487752,39.957425;116.487849,39.957275;116.488171,39.956728;116.488417,39.956229;116.48875,39.955505;116.488986,39.954866;116.489099,39.954512;116.489372,39.95353;116.489442,39.953198;116.48949,39.952849;116.489592,39.952195;116.489689,39.951073;116.489732,39.950355",0,context_via_chaoyang_park,0,8
AM0281,N272,N273,0.132,congestion,0.75,true,东四环北路出口,沿东四环北路出口途径东四环北路辅路向南行驶132米右转,"116.489732,39.950355;116.48956,39.949936;116.489565,39.9494;116.489555,39.949169",0,context_via_chaoyang_park,0,9
AM0282,N273,N274,0.051,normal,0.15,true,向西行驶51米左转,向西行驶51米左转,"116.489474,39.949169;116.48905,39.949158;116.488991,39.949158;116.488868,39.949164",0,context_via_chaoyang_park,0,10
AM0283,N274,N275,0.136,normal,0.15,true,向南行驶136米右转,向南行驶136米右转,"116.488863,39.949115;116.488873,39.948772;116.489018,39.947887",0,context_via_chaoyang_park,0,11
AM0284,N275,N276,0.141,normal,0.15,true,向西南行驶141米右转,向西南行驶141米右转,"116.489018,39.947887;116.488857,39.94779;116.488745,39.947689;116.488503,39.947393;116.488358,39.947216;116.48824,39.947115;116.488144,39.94705;116.487945,39.946921",0,context_via_chaoyang_park,0,12
AM0285,N276,N277,0.713,normal,0.15,true,朝阳公园步道,沿朝阳公园步道向西北行驶713米左转,"116.487945,39.946921;116.487902,39.947061;116.4878,39.947238;116.48713,39.9483;116.48684,39.948761;116.486475,39.949362;116.486395,39.949523;116.486325,39.949598;116.486271,39.949636;116.486116,39.949711;116.485907,39.949791;116.485687,39.949834;116.485456,39.94985;116.485086,39.949856;116.484764,39.949856;116.484544,39.949888;116.48418,39.950086;116.483949,39.950263;116.483144,39.950741;116.48301,39.950805;116.482758,39.950875;116.482581,39.950902;116.482291,39.950896",0,context_via_chaoyang_park,0,13
AM0286,N277,N278,0.291,normal,0.15,true,朝阳公园步道,沿朝阳公园步道途径水碓桥向西南行驶291米到达途经地,"116.482291,39.950896;116.482195,39.950591;116.481664,39.949357;116.481363,39.948627;116.481258,39.948403",0,context_via_chaoyang_park,0,14
AM0287,N278,N279,0.292,normal,0.15,true,朝阳公园步道,沿朝阳公园步道向南行驶292米左转,"116.481258,39.948403;116.481063,39.947984;116.481052,39.947903;116.481057,39.947839;116.481133,39.947603;116.481149,39.94756;116.481138,39.9472;116.481197,39.947179;116.481395,39.947082;116.481411,39.947061;116.481444,39.946938;116.481433,39.946884;116.481406,39.946841;116.481229,39.946589;116.481197,39.946492;116.481218,39.946396;116.48124,39.946288;116.481283,39.946095;116.481358,39.94595",0,context_via_chaoyang_park,0,15
AM0288,N279,N280,0.072,normal,0.15,true,农展馆北路,沿农展馆北路向东行驶72米靠右,"116.481358,39.94595;116.481857,39.945811;116.482141,39.945693",0,context_via_chaoyang_park,0,16
AM0289,N280,N281,0.021,normal,0.15,true,农展馆北路,沿农展馆北路向东南行驶21米向左前方行驶,"116.482141,39.945693;116.482318,39.945553",0,context_via_chaoyang_park,0,17
AM0290,N281,N282,0.392,normal,0.15,true,农展馆北路,沿农展馆北路向东行驶392米左转,"116.482318,39.945553;116.482409,39.945511;116.483091,39.945291;116.48367,39.945023;116.484163,39.944803;116.484298,39.944776;116.485193,39.94469;116.485505,39.944663;116.486229,39.944604;116.486465,39.944572;116.486679,39.94455",0,context_via_chaoyang_park,0,18
AM0291,N282,N283,0.097,normal,0.15,true,向北行驶97米右转,向北行驶97米右转,"116.486679,39.94455;116.486781,39.945253;116.486808,39.94543",0,context_via_chaoyang_park,0,19
AM0292,N283,N284,0.169,normal,0.15,true,向东行驶169米左转,向东行驶169米左转,"116.486808,39.94543;116.487194,39.945409;116.487715,39.945409;116.488096,39.945409;116.488176,39.945409;116.488251,39.945393;116.488433,39.945382;116.488621,39.945371;116.488809,39.945371",0,context_via_chaoyang_park,0,20
AM0293,N284,N285,0.053,normal,0.15,true,向北行驶53米右转,向北行驶53米右转,"116.488809,39.945371;116.48883,39.945849",0,context_via_chaoyang_park,0,21
AM0294,N285,N286,0.016,normal,0.15,true,向东行驶16米左转,向东行驶16米左转,"116.48883,39.945849;116.489018,39.945849",0,context_via_chaoyang_park,0,22
AM0295,N286,N287,0.364,normal,0.15,true,向北行驶364米右转,向北行驶364米右转,"116.489018,39.945849;116.489093,39.945935;116.489099,39.946288;116.489093,39.946889;116.489077,39.947581;116.489018,39.947887;116.488873,39.948772;116.488863,39.949115",0,context_via_chaoyang_park,0,23
AM0296,N287,N288,0.051,normal,0.15,true,向东行驶51米右转进入主路,向东行驶51米右转进入主路,"116.488863,39.949115;116.488997,39.94911;116.489061,39.94911;116.489474,39.949105",0,context_via_chaoyang_park,0,24
AM0297,N288,N289,0.435,congestion,0.75,true,东四环北路辅路,沿东四环北路辅路向南行驶435米左转进入主路,"116.489555,39.949105;116.489555,39.946959;116.489555,39.946288;116.489565,39.945602;116.489555,39.945457;116.489555,39.945167",0,context_via_chaoyang_park,0,25
AM0298,N289,N290,0.927,normal,0.225,true,朝阳站路,沿朝阳站路向东行驶927米直行进入左侧道路,"116.490343,39.945055;116.49059,39.945038;116.490923,39.945017;116.491389,39.945017;116.491534,39.945023;116.493669,39.94506;116.495155,39.945189;116.495375,39.945216;116.497387,39.945425;116.499023,39.94558;116.500836,39.945757;116.501174,39.945795",0,context_via_chaoyang_park,0,26
AM0299,N290,N291,0.533,normal,0.05,true,向东行驶533米右转,向东行驶533米右转,"116.501405,39.945827;116.501603,39.945865;116.501893,39.945891;116.502837,39.945993;116.504312,39.94616;116.505283,39.946288;116.506013,39.946385;116.506549,39.946487;116.507059,39.946573;116.507193,39.946573;116.507391,39.946525;116.507536,39.946433",0,context_via_chaoyang_park,0,27
AM0300,N291,N292,0.111,congestion,0.4,true,向南行驶111米左转进入右岔路,向南行驶111米左转进入右岔路,"116.507536,39.946433;116.507541,39.946288;116.507547,39.946117;116.507552,39.945795;116.507563,39.94543",0,context_via_chaoyang_park,0,28
AM0301,N292,N002,0.073,congestion,0.75,true,向东行驶73米到达目的地,向东行驶73米到达目的地,"116.507552,39.945183;116.507971,39.945178;116.508415,39.945174",0,context_via_chaoyang_park,0,29
AM0302,N293,N295,1.089,normal,0.05,true,北三环西路辅路,沿北三环西路辅路向东行驶1.1千米向左前方行驶进入主路,"116.334797,39.967263;116.335344,39.967274;116.335644,39.967376;116.335773,39.967381;116.336299,39.967392;116.337055,39.967413;116.337527,39.967419;116.338187,39.967435;116.33853,39.96744;116.33904,39.96744;116.339147,39.96744;116.339281,39.96744;116.340247,39.967419;116.341346,39.96743;116.341717,39.96743;116.342194,39.96743;116.342425,39.96743;116.342661,39.96743;116.343128,39.96743;116.343288,39.96743;116.34361,39.96743;116.343723,39.96743;116.344571,39.967435;116.344994,39.96744;116.345214,39.967446;116.345381,39.967451;116.346909,39.967473;116.347655,39.967483",0,context_cross_beisanhuan,0,0
AM0303,N295,N296,9.614,collapse,0.703,true,北三环西路入口,沿北三环西路入口途径北三环西路、北三环中路、北三环东路、西坝河桥向东行驶9.6千米向右前方行驶进入匝道,"116.347655,39.967483;116.348235,39.967607;116.348771,39.967607;116.349425,39.967607;116.350171,39.967607;116.35178,39.967644;116.356737,39.967682;116.3587,39.967666;116.360229,39.967655;116.36215,39.967666;116.363936,39.967676;116.365535,39.967709;116.365958,39.967714;116.366527,39.96773;116.366774,39.967741;116.367026,39.967751;116.367187,39.967757;116.370357,39.967853;116.372262,39.967923;116.373769,39.967966;116.373946,39.967971;116.376151,39.968025;116.379332,39.96809;116.380405,39.968111;116.381231,39.968132;116.381633,39.968138;116.383393,39.968175;116.383666,39.968181;116.38402,39.968186;116.38511,39.968218;116.385651,39.968224;116.386113,39.96824;116.386574,39.96825;116.387046,39.968261;116.388709,39.968299;116.38916,39.968309;116.389476,39.96832;116.390018,39.968336;116.390093,39.968336;116.390216,39.968341;116.390705,39.968352;116.391118,39.968368;116.391799,39.96839;116.391938,39.96839;116.392078,39.968395;116.393365,39.968443;116.39572,39.968513;116.397475,39.968551;116.399432,39.968605;116.401852,39.96868;116.402801,39.968706;116.40344,39.968733;116.405221,39.968792;116.407082,39.968851;116.407425,39.968862;116.407742,39.968867;116.409008,39.968894;116.410011,39.968916;116.410606,39.968921;116.411132,39.968937;116.411218,39.968937;116.411293,39.968937;116.411384,39.968942;116.411685,39.968948;116.412135,39.968958;116.413718,39.969001;116.414206,39.969012;116.415531,39.969044;116.418471,39.969114;116.418895,39.96913;116.426281,39.969334;116.428674,39.969404;116.42935,39.969436;116.433105,39.969516;116.433502,39.969522;116.434317,39.969543;116.434553,39.969549;116.435015,39.969527;116.435293,39.969495;116.435717,39.96942;116.436318,39.969286;116.436366,39.969275;116.436726,39.969162;116.437075,39.969023;116.437434,39.968867;116.437906,39.968615;116.438341,39.968336;116.438453,39.968261;116.440476,39.96692;116.44054,39.966877;116.440921,39.966636;116.440975,39.966603;116.441999,39.965933;116.443115,39.965198;116.443372,39.965026;116.443721,39.96479;116.444172,39.964506;116.445421,39.96368;116.445824,39.963412;116.447809,39.962108;116.448211,39.96184;116.449536,39.96096;116.450426,39.960375;116.451714,39.959501;116.452358,39.95904;116.453018,39.958627;116.453087,39.958584;116.453511,39.958278;116.45408,39.957918;116.454568,39.957602;116.45489,39.957387",0,context_cross_beisanhuan,0,1
AM0304,N296,N297,0.328,congestion,0.725,true,三元桥,沿三元桥途径S12机场高速向北行驶328米向右前方行驶进入匝道,"116.45489,39.957387;116.454938,39.957275;116.454992,39.957146;116.454992,39.957039;116.454981,39.956985;116.454943,39.956899;116.4549,39.95683;116.454852,39.956781;116.454777,39.956728;116.454691,39.956679;116.454627,39.956658;116.454525,39.956642;116.454418,39.956647;116.4543,39.956669;116.454214,39.956701;116.454128,39.956744;116.454053,39.956808;116.454015,39.956851;116.453978,39.956926;116.453962,39.95698;116.453951,39.957028;116.453956,39.957087;116.453999,39.957275;116.454005,39.957296;116.454251,39.957521;116.454595,39.957833;116.454938,39.958144",0,context_cross_beisanhuan,0,2
AM0305,N297,N298,0.287,congestion,0.417,true,三元桥,沿三元桥途径北三环东路向西行驶287米右转,"116.454938,39.958144;116.455078,39.958181;116.455249,39.95824;116.455308,39.958246;116.45541,39.958251;116.455539,39.95823;116.45563,39.958192;116.455684,39.95816;116.455786,39.958074;116.455845,39.957988;116.455866,39.957902;116.455871,39.957854;116.455866,39.957785;116.45585,39.957736;116.455828,39.957688;116.455759,39.957602;116.455678,39.957548;116.45563,39.957521;116.455512,39.957484;116.455346,39.957468;116.455265,39.957468;116.455078,39.9575;116.454986,39.957516;116.454681,39.957715;116.454268,39.957978",0,context_cross_beisanhuan,0,3
AM0306,N298,N294,0.298,normal,0.15,true,三元桥,沿三元桥向东北行驶298米到达目的地,"116.454268,39.957978;116.454214,39.95823;116.454224,39.958273;116.454262,39.958348;116.454396,39.958482;116.455078,39.959099;116.45619,39.960106",0,context_cross_beisanhuan,0,4
AM0307,N299,N301,0.003,congestion,0.75,true,中关村东路,沿中关村东路向南行驶3米左转,"116.333122,39.9863;116.333123,39.986275",0,context_cross_beisihuan,0,0
AM0308,N301,N302,1.069,normal,0.05,true,北四环西路辅路,沿北四环西路辅路途径北四环中路辅路向东行驶1.1千米向左前方行驶进入主路,"116.333429,39.985819;116.334147,39.985856;116.334807,39.985894;116.334872,39.985899;116.334947,39.985899;116.33786,39.986044;116.338857,39.986098;116.339581,39.986114;116.339769,39.986125;116.340547,39.986151;116.342511,39.986232;116.343991,39.986307;116.344774,39.986355;116.345101,39.986361;116.345193,39.986366;116.345214,39.986366;116.345504,39.986377;116.345997,39.986404",0,context_cross_beisihuan,0,1
AM0309,N302,N303,9.046,collapse,0.445,true,北四环中路入口,沿北四环中路入口途径北四环中路、北四环东路向东行驶9.0千米向右前方行驶进入辅路,"116.345997,39.986404;116.346153,39.986468;116.346362,39.986554;116.348277,39.986602;116.350563,39.986677;116.355911,39.986854;116.35774,39.986913;116.359097,39.986961;116.3598,39.986983;116.36215,39.987053;116.363882,39.987106;116.364526,39.987128;116.366672,39.987187;116.367187,39.987203;116.371586,39.987316;116.373082,39.987342;116.373576,39.987369;116.376757,39.98745;116.377481,39.987487;116.378458,39.987546;116.379552,39.987578;116.380346,39.9876;116.381236,39.987643;116.383151,39.98767;116.383999,39.987691;116.384364,39.987707;116.384948,39.987723;116.385463,39.987745;116.387363,39.987788;116.387738,39.987798;116.389143,39.987825;116.38916,39.987825;116.389911,39.987863;116.390211,39.987873;116.393993,39.987997;116.397233,39.988083;116.397421,39.988083;116.397608,39.988083;116.399969,39.988142;116.402329,39.988201;116.402812,39.988206;116.403831,39.988249;116.40477,39.988281;116.405054,39.988297;116.405741,39.988319;116.406808,39.988356;116.407184,39.988367;116.40793,39.988388;116.408831,39.98841;116.409695,39.988437;116.410118,39.988453;116.410993,39.98848;116.411132,39.988485;116.412328,39.988506;116.414034,39.98856;116.415349,39.988598;116.418664,39.988705;116.419361,39.988726;116.42141,39.988775;116.427172,39.988925;116.429672,39.988989;116.43038,39.989011;116.433105,39.98908;116.433405,39.989086;116.434323,39.989113;116.43488,39.989118;116.435605,39.989145;116.436216,39.98914;116.436753,39.989123;116.437321,39.989075;116.438137,39.988978;116.439065,39.98878;116.439585,39.988635;116.440492,39.988335;116.441323,39.988034;116.44643,39.986044;116.447101,39.985755;116.447347,39.985631;116.447841,39.985384;116.448586,39.984928;116.449778,39.984166;116.45025,39.983866",0,context_cross_beisihuan,0,2
AM0310,N303,N304,0.475,congestion,0.495,true,北四环东路出口,沿北四环东路出口途径北四环东路辅路向东南行驶475米向左前方行驶进入左转专用道,"116.45025,39.983866;116.450389,39.983582;116.450706,39.983367;116.450797,39.983314;116.45092,39.983244;116.451312,39.982986;116.451725,39.982718;116.452041,39.982509;116.452148,39.982434;116.452422,39.982251;116.452862,39.981962;116.453688,39.981415;116.454386,39.980996",0,context_cross_beisihuan,0,3
AM0311,N304,N305,0.072,normal,0.05,true,望京西路,沿望京西路向东行驶72米左转进入主路,"116.454386,39.980996;116.454809,39.980921;116.454986,39.980932;116.455078,39.980953;116.455206,39.980996",0,context_cross_beisihuan,0,4
AM0312,N305,N306,0.399,normal,0.05,true,望京西路,沿望京西路向东北行驶399米右转进入主路,"116.455206,39.980996;116.455405,39.981227;116.455898,39.981935;116.456408,39.982659;116.456623,39.98297;116.456671,39.98304;116.456816,39.983244;116.456901,39.983405;116.457084,39.983909;116.45717,39.984279",0,context_cross_beisihuan,0,5
AM0313,N306,N307,2.141,normal,0.05,true,阜通西大街,沿阜通西大街向东北行驶2.1千米左转调头,"116.457352,39.984317;116.457577,39.984424;116.458403,39.984794;116.458822,39.984923;116.459648,39.985143;116.459868,39.985207;116.459991,39.98524;116.460174,39.985288;116.461413,39.98562;116.4624,39.985889;116.46284,39.986066;116.463113,39.986184;116.463392,39.986334;116.463489,39.986388;116.463698,39.986516;116.463977,39.986704;116.464165,39.986854;116.465495,39.98805;116.46564,39.988179;116.465855,39.988399;116.465956,39.988517;116.466203,39.988775;116.466858,39.989493;116.467051,39.989692;116.467137,39.989772;116.467308,39.989944;116.467421,39.990051;116.467539,39.990164;116.46762,39.990234;116.467882,39.99047;116.46792,39.990507;116.467984,39.990561;116.468054,39.990625;116.468226,39.990776;116.468301,39.990845;116.468494,39.991017;116.469234,39.991693;116.470001,39.992374;116.470151,39.992508;116.470479,39.992787;116.470608,39.992895;116.470972,39.993206;116.471074,39.993291;116.471198,39.993399;116.472195,39.994311;116.472485,39.994574;116.472539,39.994616;116.472678,39.994751;116.473569,39.995582;116.47388,39.995823;116.474143,39.996027;116.474711,39.996569;116.475441,39.997256",0,context_cross_beisihuan,0,6
AM0314,N307,N308,0.201,normal,0.05,true,阜通西大街,沿阜通西大街向西南行驶201米向右前方行驶进入辅路,"116.475328,39.99732;116.474572,39.996671;116.473982,39.996161;116.473767,39.995952",0,context_cross_beisihuan,0,7
AM0315,N308,N300,0.176,normal,0.15,true,阜通西大街辅路,沿阜通西大街辅路向西南行驶176米到达目的地,"116.473655,39.996006;116.473494,39.995861;116.473349,39.995727;116.473054,39.995464;116.472796,39.995228;116.472296,39.994802",0,context_cross_beisihuan,0,8
AM0316,N309,N311,0.001,normal,0.15,true,向西行驶1米右转,向西行驶1米右转,"116.349495,39.942889;116.349479,39.942893",0,context_cross_xizhimen_dongzhimen,0,0
AM0317,N311,N312,0.053,normal,0.15,true,向北行驶53米右转,向北行驶53米右转,"116.349479,39.942893;116.349527,39.943032;116.349597,39.943209;116.349651,39.94336",0,context_cross_xizhimen_dongzhimen,0,1
AM0318,N312,N313,0.131,normal,0.15,true,向东行驶131米右转,向东行驶131米右转,"116.349651,39.94336;116.349994,39.943295;116.350219,39.9433;116.350418,39.94336;116.35082,39.943622;116.350981,39.94373",0,context_cross_xizhimen_dongzhimen,0,2
AM0319,N313,N314,0.429,normal,0.26,true,高梁桥斜街,沿高梁桥斜街途径高梁桥路向南行驶429米左转,"116.350981,39.94373;116.351115,39.943606;116.351196,39.94351;116.351303,39.94336;116.351421,39.943102;116.351475,39.942963;116.351539,39.942785;116.351593,39.942528;116.351598,39.94249;116.351625,39.942324;116.351963,39.940532;116.351995,39.940398;116.352065,39.939969",0,context_cross_xizhimen_dongzhimen,0,3
AM0320,N314,N315,0.11,normal,0.05,true,西直门外大街辅路,沿西直门外大街辅路向东行驶110米向左前方行驶沿当前道路行驶,"116.352183,39.93998;116.352461,39.940007;116.352526,39.940012;116.353245,39.940055;116.353486,39.940082",0,context_cross_xizhimen_dongzhimen,0,4
AM0321,N315,N316,0.261,normal,0.05,true,西直门外大街辅路,沿西直门外大街辅路向东行驶261米向右前方行驶进入匝道,"116.353486,39.940082;116.353567,39.940151;116.353658,39.940195;116.354221,39.940248;116.354596,39.940286;116.354935,39.940302;116.356147,39.940345;116.356501,39.940355",0,context_cross_xizhimen_dongzhimen,0,5
AM0322,N316,N317,0.894,normal,0.05,true,西直门桥,沿西直门桥途径西直门南大街、西直门北大街、德胜门西大街向东北行驶894米向左前方行驶进入主路,"116.356501,39.940355;116.356603,39.940313;116.35663,39.940291;116.356651,39.94027;116.356678,39.940221;116.356683,39.940195;116.356673,39.940141;116.356608,39.940023;116.356233,39.939728;116.356093,39.939669;116.356034,39.939663;116.355975,39.939669;116.3559,39.939717;116.355857,39.939776;116.355836,39.93983;116.355809,39.9402;116.355798,39.940608;116.35582,39.940892;116.35589,39.941246;116.35589,39.941638;116.355879,39.941868;116.355916,39.942056;116.355959,39.942228;116.356099,39.942598;116.35634,39.942952;116.356598,39.943258;116.356662,39.943316;116.357053,39.943617;116.357279,39.943746;116.357794,39.943987;116.358931,39.944379;116.359248,39.944481;116.359505,39.944561;116.359763,39.944631;116.360074,39.944717;116.36038,39.944808",0,context_cross_xizhimen_dongzhimen,0,6
AM0323,N317,N318,0.817,normal,0.05,true,北二环入口,沿北二环入口途径北二环向东行驶817米靠左沿主路行驶,"116.36038,39.944808;116.360696,39.945023;116.361656,39.945291;116.363378,39.945768;116.363721,39.94587;116.364821,39.946176;116.365186,39.946288;116.365406,39.946363;116.365894,39.946557;116.367187,39.947115;116.367375,39.947195;116.368217,39.947544;116.36907,39.947866",0,context_cross_xizhimen_dongzhimen,0,7
AM0324,N318,N319,5.572,congestion,0.58,true,北二环,沿北二环途径东二环向东行驶5.6千米向右前方行驶进入辅路,"116.36907,39.947866;116.369719,39.948086;116.370046,39.948188;116.370518,39.948311;116.371049,39.948423;116.371414,39.948488;116.372042,39.948558;116.374,39.948692;116.374874,39.94874;116.375888,39.948767;116.376639,39.948788;116.377481,39.948799;116.379418,39.948804;116.381231,39.948826;116.382186,39.948831;116.382529,39.948831;116.382894,39.948826;116.383597,39.948842;116.387255,39.948863;116.38916,39.94888;116.389996,39.948885;116.391536,39.948896;116.392512,39.948901;116.393907,39.948917;116.39402,39.948917;116.394621,39.948928;116.395157,39.948944;116.398815,39.948971;116.400505,39.948971;116.401948,39.948987;116.403397,39.948998;116.404448,39.949014;116.404985,39.949019;116.405408,39.949019;116.406031,39.949019;116.409518,39.949046;116.411132,39.949073;116.411374,39.949078;116.411905,39.949105;116.412827,39.949121;116.413192,39.949142;116.414099,39.949175;116.418567,39.94933;116.419361,39.949357;116.420134,39.949378;116.420252,39.949384;116.420643,39.9494;116.421646,39.949416;116.422601,39.949459;116.423336,39.949486;116.427113,39.949609;116.42817,39.949646;116.428588,39.949657;116.429752,39.94969;116.430423,39.949706;116.430884,39.949679;116.431436,39.949577;116.431715,39.949491;116.431989,39.9494;116.432284,39.949266;116.432719,39.948981;116.432928,39.94882;116.433046,39.948702;116.433105,39.948638;116.43333,39.948348;116.433453,39.948145",0,context_cross_xizhimen_dongzhimen,0,8
AM0325,N319,N320,0.942,congestion,0.377,true,东二环出口,沿东二环出口途径东直门北大街、东直门南大街向南行驶942米向右前方行驶进入匝道,"116.433453,39.948145;116.433389,39.947758;116.433448,39.947393;116.433453,39.947324;116.433438,39.947211;116.433464,39.946878;116.433453,39.94638;116.433453,39.946288;116.433448,39.946111;116.433438,39.945489;116.433432,39.94542;116.433421,39.944931;116.433427,39.94484;116.433432,39.944604;116.43347,39.943628;116.433427,39.943268;116.433518,39.942662;116.433561,39.941702;116.433561,39.941643;116.433588,39.941085;116.433615,39.940484;116.433652,39.93961",0,context_cross_xizhimen_dongzhimen,0,9
AM0326,N320,N321,0.045,normal,0.15,true,东直门桥,沿东直门桥向西行驶45米右转,"116.433652,39.93961;116.433588,39.939513;116.433566,39.939492;116.433523,39.939481;116.433443,39.939481;116.433405,39.939497;116.43326,39.939594",0,context_cross_xizhimen_dongzhimen,0,10
AM0327,N321,N322,0.116,normal,0.05,true,东直门桥,沿东直门桥向北行驶116米靠右,"116.43326,39.939594;116.433271,39.93968;116.433362,39.940093;116.433368,39.940221;116.433362,39.94064",0,context_cross_xizhimen_dongzhimen,0,11
AM0328,N322,N323,0.021,normal,0.1,true,东直门桥,沿东直门桥向东北行驶21米右转,"116.433362,39.94064;116.433438,39.940704;116.433534,39.94079",0,context_cross_xizhimen_dongzhimen,0,12
AM0329,N323,N324,0.042,normal,0.05,true,东直门桥,沿东直门桥向东行驶42米靠左,"116.433534,39.94079;116.434033,39.94079",0,context_cross_xizhimen_dongzhimen,0,13
AM0330,N324,N325,0.394,congestion,0.35,true,东直门桥,沿东直门桥途径东直门外大街向东行驶394米左转调头进入主路,"116.434033,39.94079;116.434634,39.940967;116.434827,39.94101;116.435411,39.941031;116.436361,39.941037;116.437128,39.941037;116.437525,39.941042;116.438614,39.941063",0,context_cross_xizhimen_dongzhimen,0,14
AM0331,N325,N310,0.238,normal,0.05,true,东直门外大街,沿东直门外大街向西行驶238米到达目的地,"116.438614,39.941192;116.437622,39.94116;116.437504,39.94116;116.437439,39.94116;116.437085,39.94116;116.436361,39.941149;116.435798,39.941151",0,context_cross_xizhimen_dongzhimen,0,15
AM0332,N326,N327,0.106,normal,0.05,true,东直门外大街,沿东直门外大街向西行驶106米右转,"116.435798,39.941151;116.435025,39.941155;116.434703,39.941203;116.434569,39.941251",0,context_cross_dongzhimen_chaoyang,0,0
AM0333,N327,N328,0.131,congestion,0.883,true,东直门桥,沿东直门桥向北行驶131米靠右,"116.434591,39.941348;116.434478,39.941471;116.434462,39.941525;116.43443,39.941621;116.434414,39.942018;116.434387,39.942512",0,context_cross_dongzhimen_chaoyang,0,1
AM0334,N328,N329,0.092,congestion,0.45,true,东直门桥,沿东直门桥向西北行驶92米向左前方行驶,"116.434387,39.942512;116.434381,39.942571;116.434333,39.942726;116.43428,39.942845;116.43414,39.943065;116.434054,39.943209;116.433979,39.943274",0,context_cross_dongzhimen_chaoyang,0,2
AM0335,N329,N330,0.17,congestion,0.75,true,东直门北大街,沿东直门北大街向北行驶170米右转,"116.433979,39.943274;116.433968,39.943526;116.433958,39.943692;116.433963,39.943778;116.433963,39.943896;116.433974,39.944266;116.434001,39.944835",0,context_cross_dongzhimen_chaoyang,0,3
AM0336,N330,N331,0.28,normal,0.064,true,香河园路,沿香河园路向东行驶280米左转,"116.434001,39.944835;116.434231,39.94484;116.434489,39.94484;116.434827,39.944835;116.434961,39.944835;116.435181,39.94484;116.435299,39.944845;116.437321,39.944824",0,context_cross_dongzhimen_chaoyang,0,4
AM0337,N331,N332,3.282,normal,0.191,true,香河园路,沿香河园路途径京密路向东北行驶3.3千米向右前方行驶进入辅路,"116.43745,39.944851;116.437563,39.945055;116.437928,39.945629;116.438088,39.945854;116.438341,39.94617;116.438437,39.946288;116.438496,39.946363;116.438571,39.946449;116.438636,39.94653;116.438684,39.946583;116.438791,39.946712;116.438968,39.946905;116.439011,39.946954;116.439033,39.94698;116.439263,39.947227;116.439488,39.947442;116.439998,39.947871;116.44062,39.948391;116.44068,39.94844;116.4412,39.948842;116.441286,39.948906;116.441436,39.949008;116.442246,39.949604;116.442632,39.949883;116.442664,39.949904;116.443834,39.950752;116.444188,39.951009;116.444451,39.951186;116.44474,39.951379;116.444837,39.951454;116.445084,39.951626;116.44547,39.9519;116.445904,39.952221;116.44628,39.9525;116.446468,39.95264;116.447675,39.95353;116.447739,39.953579;116.448018,39.953783;116.448603,39.954255;116.448764,39.954389;116.449085,39.954668;116.449273,39.954839;116.449407,39.954957;116.449836,39.95537;116.450266,39.955757;116.450416,39.95588;116.450759,39.956175;116.451076,39.956454;116.452004,39.957275;116.452385,39.957618;116.454375,39.959431;116.454643,39.95964;116.454804,39.959742;116.455078,39.959871;116.455566,39.960107;116.456204,39.960461;116.45673,39.960826;116.457255,39.961255;116.457422,39.9614;116.458065,39.961963;116.460115,39.963825;116.460206,39.963911;116.460871,39.964517;116.46255,39.966046;116.462867,39.96633;116.463344,39.966743",0,context_cross_dongzhimen_chaoyang,0,5
AM0338,N332,N333,0.444,normal,0.05,true,京密路,沿京密路向东北行驶444米向右前方行驶进入匝道,"116.463344,39.966743;116.463489,39.966781;116.463795,39.967027;116.46513,39.968261;116.465383,39.968492;116.466155,39.969168;116.466461,39.969457;116.466766,39.969747",0,context_cross_dongzhimen_chaoyang,0,6
AM0339,N333,N334,3.303,congestion,0.604,true,四元桥,沿四元桥途径北四环东路、东四环北路向东南行驶3.3千米向右前方行驶进入辅路,"116.466766,39.969747;116.466815,39.969768;116.466906,39.969833;116.467383,39.970241;116.468505,39.971099;116.46865,39.971185;116.468853,39.971238;116.468961,39.971249;116.469127,39.971233;116.469588,39.971153;116.469985,39.97089;116.470371,39.970632;116.472963,39.968905;116.473939,39.968261;116.47705,39.966206;116.477168,39.966131;116.477662,39.965804;116.478171,39.965466;116.480773,39.96375;116.48286,39.962285;116.483268,39.961985;116.483917,39.961523;116.484458,39.961083;116.48551,39.960161;116.485885,39.959764;116.486331,39.959297;116.486711,39.958857;116.486905,39.958621;116.487511,39.957795;116.487752,39.957425;116.487849,39.957275;116.488171,39.956728;116.488417,39.956229;116.48875,39.955505;116.488986,39.954866;116.489099,39.954512;116.489372,39.95353;116.489442,39.953198;116.48949,39.952849;116.489592,39.952195;116.489689,39.951073;116.489732,39.950355",0,context_cross_dongzhimen_chaoyang,0,7
AM0340,N334,N335,0.574,congestion,0.75,true,东四环北路出口,沿东四环北路出口途径东四环北路辅路向南行驶574米左转进入主路,"116.489732,39.950355;116.48956,39.949936;116.489565,39.9494;116.489555,39.949169;116.489555,39.949105;116.489555,39.946959;116.489555,39.946288;116.489565,39.945602;116.489555,39.945457;116.489555,39.945167",0,context_cross_dongzhimen_chaoyang,0,8
AM0341,N335,N336,0.927,normal,0.225,true,朝阳站路,沿朝阳站路向东行驶927米直行进入左侧道路,"116.490343,39.945055;116.49059,39.945038;116.490923,39.945017;116.491389,39.945017;116.491534,39.945023;116.493669,39.94506;116.495155,39.945189;116.495375,39.945216;116.497387,39.945425;116.499023,39.94558;116.500836,39.945757;116.501174,39.945795",0,context_cross_dongzhimen_chaoyang,0,9
AM0342,N336,N337,0.533,normal,0.05,true,向东行驶533米右转,向东行驶533米右转,"116.501405,39.945827;116.501603,39.945865;116.501893,39.945891;116.502837,39.945993;116.504312,39.94616;116.505283,39.946288;116.506013,39.946385;116.506549,39.946487;116.507059,39.946573;116.507193,39.946573;116.507391,39.946525;116.507536,39.946433",0,context_cross_dongzhimen_chaoyang,0,10
AM0343,N337,N338,0.111,congestion,0.4,true,向南行驶111米左转进入右岔路,向南行驶111米左转进入右岔路,"116.507536,39.946433;116.507541,39.946288;116.507547,39.946117;116.507552,39.945795;116.507563,39.94543",0,context_cross_dongzhimen_chaoyang,0,11
AM0344,N338,N002,0.073,congestion,0.75,true,向东行驶73米到达目的地,向东行驶73米到达目的地,"116.507552,39.945183;116.507971,39.945178;116.508415,39.945174",0,context_cross_dongzhimen_chaoyang,0,12
AM0345,N001,N340,0.034,normal,0.15,true,向东南行驶34米右转,向东南行驶34米右转,"116.326803,40.003166;116.32697,40.002888",0,context_vertical_zhongguancun,0,0
AM0346,N340,N341,0.056,normal,0.15,true,向西行驶56米左转,向西行驶56米左转,"116.32697,40.002888;116.326305,40.002861",0,context_vertical_zhongguancun,0,1
AM0347,N341,N342,0.216,normal,0.05,true,向南行驶216米左转,向南行驶216米左转,"116.326305,40.002861;116.326326,40.002711;116.326412,40.002186;116.326417,40.002046;116.326406,40.001944;116.326256,40.001596;116.326122,40.001317;116.326036,40.00122;116.325854,40.001006",0,context_vertical_zhongguancun,0,2
AM0348,N342,N343,0.179,normal,0.05,true,清华路,沿清华路向东行驶179米右转进入左侧道路,"116.325854,40.001006;116.3266,40.001016;116.327453,40.001006;116.327962,40.001021",0,context_vertical_zhongguancun,0,3
AM0349,N343,N344,0.406,normal,0.05,true,学堂路,沿学堂路向南行驶406米左转进入左侧道路,"116.327962,40.001021;116.328059,40.000276;116.328107,39.999916;116.32815,39.999589;116.328252,39.998999;116.328348,39.998157;116.328354,39.99813;116.328472,39.997363",0,context_vertical_zhongguancun,0,4
AM0350,N344,N345,0.347,normal,0.05,true,日新路,沿日新路向东行驶347米右转,"116.328568,39.997368;116.328837,39.997385;116.329818,39.997422;116.330902,39.99746;116.331776,39.997503;116.33264,39.99754",0,context_vertical_zhongguancun,0,5
AM0351,N345,N339,5.3,normal,0.05,true,中关村东路,沿中关村东路途径皂君庙路、大柳树路、高梁桥斜街向南行驶5.3千米到达目的地,"116.33264,39.99754;116.332667,39.997208;116.332705,39.996735;116.332715,39.996564;116.332705,39.996548;116.332586,39.996322;116.332608,39.996145;116.332624,39.995979;116.332645,39.995813;116.332683,39.995228;116.332688,39.995137;116.332694,39.994997;116.332699,39.994767;116.332747,39.993801;116.332774,39.993039;116.33278,39.992889;116.332796,39.992605;116.332806,39.992498;116.332849,39.991736;116.33286,39.99157;116.33286,39.991521;116.332908,39.990861;116.332919,39.99062;116.332924,39.990534;116.33294,39.990234;116.33294,39.990191;116.332962,39.989713;116.332973,39.989493;116.333042,39.988126;116.333075,39.987433;116.333091,39.987063;116.333096,39.986972;116.333101,39.986881;116.333118,39.986484;116.333123,39.986275;116.33315,39.985813;116.33316,39.985567;116.333235,39.984306;116.333273,39.983512;116.333284,39.98326;116.3333,39.983008;116.333316,39.98267;116.333348,39.981913;116.33338,39.981302;116.333391,39.981125;116.333402,39.98091;116.333434,39.980261;116.333466,39.979575;116.333482,39.979247;116.333488,39.979167;116.333498,39.978995;116.333509,39.978748;116.333536,39.978164;116.333563,39.977536;116.333595,39.976769;116.3336,39.976624;116.333616,39.976388;116.333627,39.976243;116.333681,39.975755;116.333691,39.975616;116.333718,39.975337;116.333756,39.974135;116.333793,39.973175;116.333847,39.972435;116.333858,39.97229;116.333868,39.972038;116.333895,39.971592;116.333933,39.970713;116.333981,39.969645;116.334024,39.968744;116.334046,39.968261;116.334061,39.967864;116.334067,39.967719;116.334105,39.967247;116.334115,39.967129;116.334169,39.966646;116.334196,39.966432;116.334212,39.966292;116.334239,39.966067;116.334303,39.965466;116.334453,39.963948;116.334491,39.96354;116.334614,39.962151;116.33463,39.961985;116.334652,39.961792;116.334721,39.961255;116.334743,39.961083;116.334764,39.960917;116.334872,39.959882;116.334893,39.959635;116.33499,39.95853;116.33506,39.957913;116.335081,39.957704;116.335102,39.957446;116.335129,39.957275;116.335135,39.957248;116.335172,39.956985;116.335263,39.956411;116.335322,39.956105;116.335371,39.955762;116.33544,39.955338;116.335505,39.954871;116.335569,39.954442;116.335606,39.954228;116.335708,39.953584;116.335768,39.953139;116.33581,39.952844;116.335826,39.952731;116.335912,39.952248;116.335987,39.952028;116.33617,39.951605;116.336411,39.951095;116.336594,39.950784;116.336781,39.950505;116.337098,39.950119;116.337151,39.95007;116.337435,39.949823",0,context_vertical_zhongguancun,0,6
AM0352,N346,N348,0.031,normal,0.15,true,向西行驶31米左转,向西行驶31米左转,"116.359987,39.997983;116.359628,39.997969",0,context_vertical_xueyuanlu,0,0
AM0353,N348,N349,0.154,normal,0.15,true,向南行驶154米右转,向南行驶154米右转,"116.359628,39.997969;116.359655,39.997401;116.359666,39.997127;116.359693,39.996714;116.359682,39.99658",0,context_vertical_xueyuanlu,0,1
AM0354,N349,N350,0.181,normal,0.15,true,向西行驶181米左转,向西行驶181米左转,"116.359682,39.99658;116.358421,39.996558;116.358153,39.996548;116.357558,39.996521",0,context_vertical_xueyuanlu,0,2
AM0355,N350,N351,0.322,normal,0.11,true,向南行驶322米右转进入主路,向南行驶322米右转进入主路,"116.35752,39.996515;116.357585,39.995437;116.357601,39.995008;116.357665,39.994016;116.357681,39.99379;116.357697,39.993608",0,context_vertical_xueyuanlu,0,3
AM0356,N351,N352,0.367,normal,0.05,true,志新路,沿志新路向西行驶367米左转进入主路,"116.357703,39.99357;116.357408,39.993554;116.356007,39.993501;116.355369,39.99349;116.35354,39.993436;116.353379,39.993431",0,context_vertical_xueyuanlu,0,4
AM0357,N352,N353,1.526,normal,0.05,true,学院路,沿学院路向南行驶1.5千米靠左,"116.353003,39.993324;116.353014,39.993125;116.353116,39.991446;116.353127,39.991296;116.353138,39.991017;116.353148,39.990776;116.353164,39.990411;116.353175,39.990234;116.353229,39.989231;116.353288,39.98811;116.353309,39.987761;116.353347,39.987112;116.353379,39.986656;116.353427,39.985878;116.353449,39.985631;116.353459,39.985127;116.353518,39.984574;116.353599,39.983646;116.353722,39.982048;116.353744,39.981806;116.353808,39.980926;116.353856,39.979972;116.353883,39.979623;116.353888,39.979526",0,context_vertical_xueyuanlu,0,5
AM0358,N353,N354,2.07,normal,0.154,true,西土城路,沿西土城路途径学知桥向南行驶2.1千米靠左沿主路行驶,"116.353888,39.979526;116.353894,39.979247;116.353894,39.979049;116.353899,39.978877;116.353942,39.977933;116.353953,39.977606;116.353931,39.977445;116.353883,39.97723;116.353835,39.977075;116.353765,39.976914;116.353213,39.975863;116.353084,39.975557;116.35303,39.975326;116.353003,39.975133;116.352998,39.974875;116.353025,39.97436;116.353046,39.974119;116.353073,39.973577;116.353095,39.972869;116.353105,39.97252;116.353127,39.972043;116.353127,39.971952;116.353138,39.971705;116.353229,39.9703;116.353245,39.970096;116.353315,39.969752;116.353427,39.969162;116.353438,39.969055;116.35347,39.96846;116.353481,39.968261;116.353535,39.967167;116.353556,39.96663;116.353545,39.966244;116.353508,39.96604;116.353357,39.965488;116.353331,39.965359;116.353325,39.965316;116.35332,39.965262;116.353309,39.965134;116.353315,39.96464;116.353341,39.963851;116.353449,39.96192;116.35347,39.961556;116.353486,39.96125;116.353508,39.960939",0,context_vertical_xueyuanlu,0,6
AM0359,N354,N355,1.69,congestion,0.823,true,西土城路,沿西土城路途径西直门北大街向南行驶1.7千米向右前方行驶进入辅路,"116.353508,39.960939;116.353545,39.960547;116.353604,39.960188;116.35369,39.959957;116.353792,39.959737;116.353937,39.959474;116.354704,39.958133;116.3548,39.957929;116.354924,39.957565;116.354956,39.95735;116.354961,39.957275;116.354994,39.956835;116.355026,39.956202;116.355047,39.955794;116.355101,39.954335;116.355171,39.95308;116.355219,39.952715;116.355283,39.952393;116.355428,39.951846;116.355455,39.951766;116.355643,39.951181;116.355771,39.950789;116.355975,39.95014;116.356066,39.949775;116.356174,39.949282;116.356179,39.949089;116.356195,39.948702;116.356217,39.947056;116.356227,39.946288;116.356233,39.94595",0,context_vertical_xueyuanlu,0,7
AM0360,N355,N356,0.107,congestion,0.75,true,西直门北大街出口,沿西直门北大街出口途径西直门北大街辅路向南行驶107米直行进入中间岔道,"116.356233,39.94595;116.356115,39.945564;116.356109,39.945516;116.356093,39.945135;116.356083,39.944985",0,context_vertical_xueyuanlu,0,8
AM0361,N356,N357,0.277,congestion,0.75,true,西直门北大街辅路,沿西直门北大街辅路向南行驶277米靠右,"116.356083,39.944985;116.356061,39.944508;116.35604,39.944277;116.356007,39.944132;116.355852,39.943848;116.355482,39.943402;116.355364,39.943241;116.355294,39.943118;116.355224,39.942957;116.355155,39.942641",0,context_vertical_xueyuanlu,0,9
AM0362,N357,N358,0.116,congestion,0.75,true,西直门北大街辅路,沿西直门北大街辅路途径西直门北大街向南行驶116米靠左沿辅路行驶,"116.355155,39.942641;116.355036,39.94248;116.355058,39.942174;116.355069,39.941857;116.355074,39.941804;116.355074,39.9416",0,context_vertical_xueyuanlu,0,10
AM0363,N358,N359,0.196,congestion,0.75,true,西直门南大街,沿西直门南大街向南行驶196米右转,"116.355074,39.9416;116.355171,39.941305;116.355197,39.941101;116.355208,39.940785;116.35524,39.940082;116.355251,39.939824",0,context_vertical_xueyuanlu,0,11
AM0364,N359,N360,0.075,normal,0.15,true,西直门桥,沿西直门桥向西行驶75米右转,"116.355251,39.939824;116.355133,39.939749;116.355095,39.939733;116.355004,39.939728;116.354892,39.939755;116.354822,39.939803;116.354527,39.940018",0,context_vertical_xueyuanlu,0,12
AM0365,N360,N361,0.197,normal,0.05,true,西直门桥,沿西直门桥途径西直门外大街辅路向东行驶197米向右前方行驶进入匝道,"116.354527,39.940018;116.354484,39.940087;116.354479,39.94013;116.354479,39.940168;116.354495,39.940216;116.354516,39.940243;116.354596,39.940286;116.354935,39.940302;116.356147,39.940345;116.356501,39.940355",0,context_vertical_xueyuanlu,0,13
AM0366,N361,N362,0.894,normal,0.05,true,西直门桥,沿西直门桥途径西直门南大街、西直门北大街、德胜门西大街向东北行驶894米向左前方行驶进入主路,"116.356501,39.940355;116.356603,39.940313;116.35663,39.940291;116.356651,39.94027;116.356678,39.940221;116.356683,39.940195;116.356673,39.940141;116.356608,39.940023;116.356233,39.939728;116.356093,39.939669;116.356034,39.939663;116.355975,39.939669;116.3559,39.939717;116.355857,39.939776;116.355836,39.93983;116.355809,39.9402;116.355798,39.940608;116.35582,39.940892;116.35589,39.941246;116.35589,39.941638;116.355879,39.941868;116.355916,39.942056;116.355959,39.942228;116.356099,39.942598;116.35634,39.942952;116.356598,39.943258;116.356662,39.943316;116.357053,39.943617;116.357279,39.943746;116.357794,39.943987;116.358931,39.944379;116.359248,39.944481;116.359505,39.944561;116.359763,39.944631;116.360074,39.944717;116.36038,39.944808",0,context_vertical_xueyuanlu,0,14
AM0367,N362,N363,0.817,normal,0.05,true,北二环入口,沿北二环入口途径北二环向东行驶817米靠左沿主路行驶,"116.36038,39.944808;116.360696,39.945023;116.361656,39.945291;116.363378,39.945768;116.363721,39.94587;116.364821,39.946176;116.365186,39.946288;116.365406,39.946363;116.365894,39.946557;116.367187,39.947115;116.367375,39.947195;116.368217,39.947544;116.36907,39.947866",0,context_vertical_xueyuanlu,0,15
AM0368,N363,N347,0.004,normal,0.05,true,北二环,沿北二环向东行驶4米到达目的地,"116.36907,39.947866;116.369111,39.94788",0,context_vertical_xueyuanlu,0,16
AM0369,N364,N366,0.071,collapse,0.05,true,安立路辅路,沿安立路辅路向南行驶71米向左前方行驶进入主路,"116.407434,39.992899;116.407431,39.992771;116.407425,39.992519;116.40742,39.992245",0,context_vertical_anzhen,0,0
AM0370,N366,N367,2.55,collapse,0.093,true,安立路,沿安立路途径安定路向南行驶2.5千米直行,"116.407554,39.99224;116.407511,39.990234;116.407506,39.990105;116.407495,39.989472;116.407447,39.987535;116.407441,39.98723;116.407436,39.986924;116.407436,39.986275;116.407404,39.985003;116.407383,39.983319;116.407377,39.983115;116.407377,39.983013;116.407377,39.982831;116.40734,39.981978;116.40734,39.98194;116.407329,39.981586;116.407323,39.981409;116.407318,39.981007;116.407307,39.979886;116.407302,39.979247;116.407302,39.979124;116.407313,39.978234;116.40735,39.97707;116.40735,39.976946;116.407361,39.976415;116.407366,39.976292;116.407377,39.975996;116.407388,39.975514;116.407409,39.974811;116.40742,39.974532;116.407431,39.974065;116.407452,39.973373;116.407452,39.973293;116.407458,39.973089;116.407463,39.972901;116.407479,39.972461;116.40749,39.972;116.407495,39.971506;116.407474,39.97119;116.407361,39.970627;116.407329,39.970461;116.407307,39.970305;116.407302,39.969903;116.407302,39.969688;116.407286,39.969575;116.407211,39.969473;116.406991,39.969189",0,context_vertical_anzhen,0,1
AM0371,N367,N368,0.073,collapse,0.05,true,安定路,沿安定路向南行驶73米向右前方行驶进入主路,"116.406991,39.969189;116.407012,39.968663;116.407061,39.968535",0,context_vertical_anzhen,0,2
AM0372,N368,N369,2.119,collapse,0.138,true,安定路,沿安定路途径安定门外大街向南行驶2.1千米右转进入主路,"116.407061,39.968535;116.407136,39.968449;116.407195,39.968406;116.407323,39.968368;116.40735,39.968261;116.407377,39.968127;116.40742,39.967607;116.407618,39.966781;116.407645,39.966577;116.407688,39.965418;116.407688,39.96538;116.407694,39.96515;116.407699,39.96493;116.40771,39.964624;116.407715,39.964281;116.407763,39.96294;116.407796,39.962178;116.40779,39.962044;116.407817,39.961261;116.407838,39.960338;116.407849,39.959882;116.407876,39.959147;116.407881,39.958986;116.407903,39.958155;116.407908,39.95809;116.40793,39.957275;116.407935,39.957173;116.407962,39.956433;116.407967,39.956282;116.408005,39.954142;116.408031,39.953193;116.408048,39.952811;116.408053,39.952624;116.408058,39.951996;116.408064,39.951637;116.40808,39.951331;116.408091,39.950526;116.408107,39.949883;116.408091,39.949748;116.408037,39.949641;116.408015,39.949609;116.407908,39.949475",0,context_vertical_anzhen,0,3
AM0373,N369,N365,0.038,normal,0.05,true,安定门桥,沿安定门桥向西行驶38米到达目的地,"116.407849,39.949405;116.407399,39.949402",0,context_vertical_anzhen,0,4
AM0374,N370,N372,0.076,normal,0.15,true,望京西路辅路,沿望京西路辅路向南行驶76米向左前方行驶进入主路,"116.457314,39.995699;116.457309,39.995019",0,context_vertical_wangjing,0,0
AM0375,N372,N373,1.574,normal,0.088,true,望京西路,沿望京西路向南行驶1.6千米左转,"116.45739,39.99503;116.457363,39.994456;116.457357,39.994354;116.457357,39.994289;116.457277,39.992959;116.457261,39.992766;116.457255,39.992739;116.457229,39.99246;116.457196,39.992036;116.457175,39.991575;116.457186,39.991087;116.457218,39.990631;116.457239,39.990282;116.457239,39.990234;116.457245,39.989955;116.457234,39.989686;116.457213,39.989472;116.45718,39.989327;116.457143,39.989166;116.45703,39.988818;116.456993,39.988657;116.456944,39.988345;116.456923,39.987986;116.456934,39.987557;116.456939,39.987058;116.456944,39.986741;116.456944,39.986688;116.45696,39.986479;116.456993,39.985658;116.457014,39.985261;116.45702,39.984971;116.45702,39.984843;116.456998,39.984295;116.456993,39.984247;116.456918,39.983941;116.456842,39.983721;116.456832,39.983695;116.456692,39.9834;116.456644,39.983314;116.45659,39.983223;116.456306,39.982804;116.455753,39.98201;116.45526,39.981297;116.455088,39.981077",0,context_vertical_wangjing,0,1
AM0376,N373,N374,0.546,congestion,0.875,true,北四环东路辅路,沿北四环东路辅路向东南行驶546米向左前方行驶进入主路,"116.454997,39.980567;116.455078,39.980508;116.455356,39.980315;116.456091,39.979854;116.45702,39.979247;116.457315,39.979054;116.457524,39.978915;116.458951,39.977971;116.459128,39.977858;116.459578,39.977558;116.459702,39.977477;116.4599,39.977332",0,context_vertical_wangjing,0,2
AM0377,N374,N371,4.063,congestion,0.498,true,北四环东路入口,沿北四环东路入口途径北四环东路、东四环北路向东南行驶4.1千米到达目的地,"116.4599,39.977332;116.460185,39.977241;116.460383,39.977193;116.461466,39.97648;116.462464,39.975803;116.463569,39.975053;116.463661,39.974993;116.46424,39.974602;116.46453,39.974409;116.465956,39.973497;116.467764,39.972333;116.468108,39.972113;116.468365,39.971946;116.469588,39.971153;116.469985,39.97089;116.470371,39.970632;116.472963,39.968905;116.473939,39.968261;116.47705,39.966206;116.477168,39.966131;116.477662,39.965804;116.478171,39.965466;116.480773,39.96375;116.48286,39.962285;116.483268,39.961985;116.483917,39.961523;116.484458,39.961083;116.48551,39.960161;116.485885,39.959764;116.486331,39.959297;116.486711,39.958857;116.486905,39.958621;116.487511,39.957795;116.487752,39.957425;116.487849,39.957275;116.488171,39.956728;116.488417,39.956229;116.48875,39.955505;116.488986,39.954866;116.489099,39.954512;116.489372,39.95353;116.489442,39.953198;116.48949,39.952849;116.489592,39.952195;116.489689,39.951073;116.489729,39.9504",0,context_vertical_wangjing,0,3
AM0378,N375,N377,0.211,collapse,0.15,true,向西南行驶211米左转,向西南行驶211米左转,"116.398115,39.993083;116.398161,39.992932;116.398145,39.992251;116.398027,39.992063;116.39756,39.991639;116.397222,39.991484",0,context_diagonal_olympic_dongzhimen,0,0
AM0379,N377,N378,0.049,collapse,0.15,true,向东行驶49米右转,向东行驶49米右转,"116.397222,39.991484;116.397496,39.991393;116.397759,39.991301",0,context_diagonal_olympic_dongzhimen,0,1
AM0380,N378,N379,0.167,collapse,0.15,true,向南行驶167米左转,向南行驶167米左转,"116.397759,39.991301;116.397603,39.991103;116.397362,39.990958;116.397319,39.990904;116.397287,39.990872;116.397233,39.990641;116.397228,39.990363;116.397228,39.990234;116.397217,39.990051;116.397255,39.989992;116.397324,39.989971",0,context_diagonal_olympic_dongzhimen,0,2
AM0381,N379,N380,0.516,collapse,0.15,true,湖景西路,沿湖景西路向北行驶516米右转,"116.397324,39.989971;116.397383,39.990143;116.397426,39.990234;116.397576,39.99054;116.398059,39.991275;116.398172,39.991451;116.398236,39.99158;116.39837,39.991832;116.398429,39.992009;116.398467,39.992127;116.398553,39.992369;116.39859,39.99261;116.398612,39.992873;116.398612,39.993066;116.398585,39.993458;116.398499,39.993828;116.398451,39.993983;116.398338,39.994198;116.398161,39.994407",0,context_diagonal_olympic_dongzhimen,0,3
AM0382,N380,N381,0.049,collapse,0.15,true,向东北行驶49米向右前方行驶进入主路,向东北行驶49米向右前方行驶进入主路,"116.398161,39.994407;116.398215,39.994429;116.39866,39.994643",0,context_diagonal_olympic_dongzhimen,0,4
AM0383,N381,N382,0.727,collapse,0.05,true,慧忠路,沿慧忠路途径慧忠路辅路向东行驶727米右转进入主路,"116.39895,39.994697;116.399851,39.994713;116.400629,39.994756;116.401117,39.994649;116.401353,39.994654;116.402233,39.994676;116.403407,39.994713;116.404056,39.99474;116.404271,39.994772;116.404341,39.994815;116.404716,39.994831;116.405956,39.994874;116.40609,39.994879;116.406191,39.994879;116.406288,39.994879;116.407495,39.994901",0,context_diagonal_olympic_dongzhimen,0,5
AM0384,N382,N383,2.845,collapse,0.089,true,安立路,沿安立路途径安定路向南行驶2.8千米直行,"116.407597,39.994901;116.407602,39.99444;116.407581,39.993603;116.407576,39.993329;116.40757,39.993007;116.407554,39.99224;116.407511,39.990234;116.407506,39.990105;116.407495,39.989472;116.407447,39.987535;116.407441,39.98723;116.407436,39.986924;116.407436,39.986275;116.407404,39.985003;116.407383,39.983319;116.407377,39.983115;116.407377,39.983013;116.407377,39.982831;116.40734,39.981978;116.40734,39.98194;116.407329,39.981586;116.407323,39.981409;116.407318,39.981007;116.407307,39.979886;116.407302,39.979247;116.407302,39.979124;116.407313,39.978234;116.40735,39.97707;116.40735,39.976946;116.407361,39.976415;116.407366,39.976292;116.407377,39.975996;116.407388,39.975514;116.407409,39.974811;116.40742,39.974532;116.407431,39.974065;116.407452,39.973373;116.407452,39.973293;116.407458,39.973089;116.407463,39.972901;116.407479,39.972461;116.40749,39.972;116.407495,39.971506;116.407474,39.97119;116.407361,39.970627;116.407329,39.970461;116.407307,39.970305;116.407302,39.969903;116.407302,39.969688;116.407286,39.969575;116.407211,39.969473;116.406991,39.969189",0,context_diagonal_olympic_dongzhimen,0,6
AM0385,N383,N384,0.073,collapse,0.05,true,安定路,沿安定路向南行驶73米向右前方行驶进入主路,"116.406991,39.969189;116.407012,39.968663;116.407061,39.968535",0,context_diagonal_olympic_dongzhimen,0,7
AM0386,N384,N385,2.119,collapse,0.138,true,安定路,沿安定路途径安定门外大街向南行驶2.1千米向左前方行驶,"116.407061,39.968535;116.407136,39.968449;116.407195,39.968406;116.407323,39.968368;116.40735,39.968261;116.407377,39.968127;116.40742,39.967607;116.407618,39.966781;116.407645,39.966577;116.407688,39.965418;116.407688,39.96538;116.407694,39.96515;116.407699,39.96493;116.40771,39.964624;116.407715,39.964281;116.407763,39.96294;116.407796,39.962178;116.40779,39.962044;116.407817,39.961261;116.407838,39.960338;116.407849,39.959882;116.407876,39.959147;116.407881,39.958986;116.407903,39.958155;116.407908,39.95809;116.40793,39.957275;116.407935,39.957173;116.407962,39.956433;116.407967,39.956282;116.408005,39.954142;116.408031,39.953193;116.408048,39.952811;116.408053,39.952624;116.408058,39.951996;116.408064,39.951637;116.40808,39.951331;116.408091,39.950526;116.408107,39.949883;116.408091,39.949748;116.408037,39.949641;116.408015,39.949609;116.407908,39.949475",0,context_diagonal_olympic_dongzhimen,0,8
AM0387,N385,N386,0.948,congestion,0.644,true,安定门桥,沿安定门桥途径安定门内大街向南行驶948米左转进入主路,"116.407849,39.949405;116.407844,39.949244;116.407833,39.949083;116.407844,39.94889;116.407892,39.948729;116.407956,39.948649;116.408021,39.948585;116.408133,39.948488;116.408182,39.948386;116.408219,39.947673;116.408235,39.946878;116.408251,39.946288;116.408257,39.94617;116.408289,39.945441;116.408332,39.944776;116.408375,39.944041;116.408407,39.943343;116.408445,39.942619;116.40845,39.942415;116.408455,39.942281;116.408471,39.941927;116.408471,39.941766;116.408482,39.941262;116.408488,39.940892",0,context_diagonal_olympic_dongzhimen,0,9
AM0388,N386,N387,2.158,normal,0.05,true,交道口东大街,沿交道口东大街途径东直门内大街、东直门桥向东行驶2.2千米靠左,"116.408595,39.940811;116.409839,39.940795;116.410161,39.940795;116.41022,39.940795;116.411132,39.940801;116.411465,39.940806;116.411502,39.940806;116.413659,39.940828;116.413696,39.940828;116.414957,39.940844;116.415467,39.940849;116.415821,39.940854;116.416658,39.94087;116.416829,39.94087;116.417435,39.940886;116.417537,39.940886;116.419098,39.940908;116.42119,39.94094;116.421652,39.940951;116.422076,39.940956;116.423288,39.940983;116.423663,39.940983;116.424184,39.940983;116.42471,39.940983;116.42487,39.940983;116.425632,39.940988;116.42575,39.940994;116.426029,39.940988;116.426431,39.940983;116.426603,39.940983;116.426936,39.940988;116.427478,39.940994;116.428454,39.94101;116.42876,39.941015;116.428883,39.941015;116.430192,39.941026;116.430938,39.941031;116.431066,39.941031;116.431292,39.941037;116.431946,39.941037;116.432703,39.941037;116.432847,39.941005;116.433094,39.940908;116.433105,39.940903;116.43326,39.940838;116.433534,39.94079;116.434033,39.94079",0,context_diagonal_olympic_dongzhimen,0,10
AM0389,N387,N388,0.394,congestion,0.35,true,东直门桥,沿东直门桥途径东直门外大街向东行驶394米左转调头进入主路,"116.434033,39.94079;116.434634,39.940967;116.434827,39.94101;116.435411,39.941031;116.436361,39.941037;116.437128,39.941037;116.437525,39.941042;116.438614,39.941063",0,context_diagonal_olympic_dongzhimen,0,11
AM0390,N388,N376,0.238,normal,0.05,true,东直门外大街,沿东直门外大街向西行驶238米到达目的地,"116.438614,39.941192;116.437622,39.94116;116.437504,39.94116;116.437439,39.94116;116.437085,39.94116;116.436361,39.941149;116.435798,39.941151",0,context_diagonal_olympic_dongzhimen,0,12
AM0391,N001,N390,0.034,normal,0.15,true,向东南行驶34米右转,向东南行驶34米右转,"116.326803,40.003166;116.32697,40.002888",0,context_diagonal_tsinghua_anzhen,0,0
AM0392,N390,N391,0.056,normal,0.15,true,向西行驶56米左转,向西行驶56米左转,"116.32697,40.002888;116.326305,40.002861",0,context_diagonal_tsinghua_anzhen,0,1
AM0393,N391,N392,0.216,normal,0.05,true,向南行驶216米左转,向南行驶216米左转,"116.326305,40.002861;116.326326,40.002711;116.326412,40.002186;116.326417,40.002046;116.326406,40.001944;116.326256,40.001596;116.326122,40.001317;116.326036,40.00122;116.325854,40.001006",0,context_diagonal_tsinghua_anzhen,0,2
AM0394,N392,N393,0.179,normal,0.05,true,清华路,沿清华路向东行驶179米右转进入左侧道路,"116.325854,40.001006;116.3266,40.001016;116.327453,40.001006;116.327962,40.001021",0,context_diagonal_tsinghua_anzhen,0,3
AM0395,N393,N394,0.406,normal,0.05,true,学堂路,沿学堂路向南行驶406米左转进入左侧道路,"116.327962,40.001021;116.328059,40.000276;116.328107,39.999916;116.32815,39.999589;116.328252,39.998999;116.328348,39.998157;116.328354,39.99813;116.328472,39.997363",0,context_diagonal_tsinghua_anzhen,0,4
AM0396,N394,N395,0.347,normal,0.05,true,日新路,沿日新路向东行驶347米右转,"116.328568,39.997368;116.328837,39.997385;116.329818,39.997422;116.330902,39.99746;116.331776,39.997503;116.33264,39.99754",0,context_diagonal_tsinghua_anzhen,0,5
AM0397,N395,N396,1.239,normal,0.19,true,中关村东路,沿中关村东路向南行驶1.2千米左转,"116.33264,39.99754;116.332667,39.997208;116.332705,39.996735;116.332715,39.996564;116.332705,39.996548;116.332586,39.996322;116.332608,39.996145;116.332624,39.995979;116.332645,39.995813;116.332683,39.995228;116.332688,39.995137;116.332694,39.994997;116.332699,39.994767;116.332747,39.993801;116.332774,39.993039;116.33278,39.992889;116.332796,39.992605;116.332806,39.992498;116.332849,39.991736;116.33286,39.99157;116.33286,39.991521;116.332908,39.990861;116.332919,39.99062;116.332924,39.990534;116.33294,39.990234;116.33294,39.990191;116.332962,39.989713;116.332973,39.989493;116.333042,39.988126;116.333075,39.987433;116.333091,39.987063;116.333096,39.986972;116.333101,39.986881;116.333118,39.986484;116.333123,39.986275",0,context_diagonal_tsinghua_anzhen,0,6
AM0398,N396,N397,1.069,normal,0.05,true,北四环西路辅路,沿北四环西路辅路途径北四环中路辅路向东行驶1.1千米向左前方行驶进入主路,"116.333429,39.985819;116.334147,39.985856;116.334807,39.985894;116.334872,39.985899;116.334947,39.985899;116.33786,39.986044;116.338857,39.986098;116.339581,39.986114;116.339769,39.986125;116.340547,39.986151;116.342511,39.986232;116.343991,39.986307;116.344774,39.986355;116.345101,39.986361;116.345193,39.986366;116.345214,39.986366;116.345504,39.986377;116.345997,39.986404",0,context_diagonal_tsinghua_anzhen,0,7
AM0399,N397,N398,4.935,collapse,0.098,true,北四环中路入口,沿北四环中路入口途径北四环中路向东行驶4.9千米向右前方行驶进入辅路,"116.345997,39.986404;116.346153,39.986468;116.346362,39.986554;116.348277,39.986602;116.350563,39.986677;116.355911,39.986854;116.35774,39.986913;116.359097,39.986961;116.3598,39.986983;116.36215,39.987053;116.363882,39.987106;116.364526,39.987128;116.366672,39.987187;116.367187,39.987203;116.371586,39.987316;116.373082,39.987342;116.373576,39.987369;116.376757,39.98745;116.377481,39.987487;116.378458,39.987546;116.379552,39.987578;116.380346,39.9876;116.381236,39.987643;116.383151,39.98767;116.383999,39.987691;116.384364,39.987707;116.384948,39.987723;116.385463,39.987745;116.387363,39.987788;116.387738,39.987798;116.389143,39.987825;116.38916,39.987825;116.389911,39.987863;116.390211,39.987873;116.393993,39.987997;116.397233,39.988083;116.397421,39.988083;116.397608,39.988083;116.399969,39.988142;116.402329,39.988201;116.402812,39.988206;116.403831,39.988249",0,context_diagonal_tsinghua_anzhen,0,8
AM0400,N398,N399,0.163,collapse,0.05,true,北四环中路出口,沿北四环中路出口途径北四环中路辅路向东行驶163米右转进入匝道,"116.403831,39.988249;116.40411,39.98819;116.404577,39.988163;116.404733,39.988168;116.40506,39.988179;116.405403,39.98819;116.405752,39.988195",0,context_diagonal_tsinghua_anzhen,0,9
AM0401,N399,N400,0.135,collapse,0.05,true,安慧桥,沿安慧桥向东南行驶135米靠右,"116.405752,39.988195;116.405864,39.988158;116.405913,39.988131;116.406288,39.987841;116.406648,39.987551;116.40691,39.987369",0,context_diagonal_tsinghua_anzhen,0,10
AM0402,N400,N401,2.029,collapse,0.097,true,安慧桥,沿安慧桥途径安定路向南行驶2.0千米直行,"116.40691,39.987369;116.407001,39.987273;116.407216,39.987106;116.407436,39.986924;116.407436,39.986275;116.407404,39.985003;116.407383,39.983319;116.407377,39.983115;116.407377,39.983013;116.407377,39.982831;116.40734,39.981978;116.40734,39.98194;116.407329,39.981586;116.407323,39.981409;116.407318,39.981007;116.407307,39.979886;116.407302,39.979247;116.407302,39.979124;116.407313,39.978234;116.40735,39.97707;116.40735,39.976946;116.407361,39.976415;116.407366,39.976292;116.407377,39.975996;116.407388,39.975514;116.407409,39.974811;116.40742,39.974532;116.407431,39.974065;116.407452,39.973373;116.407452,39.973293;116.407458,39.973089;116.407463,39.972901;116.407479,39.972461;116.40749,39.972;116.407495,39.971506;116.407474,39.97119;116.407361,39.970627;116.407329,39.970461;116.407307,39.970305;116.407302,39.969903;116.407302,39.969688;116.407286,39.969575;116.407211,39.969473;116.406991,39.969189",0,context_diagonal_tsinghua_anzhen,0,11
AM0403,N401,N402,0.073,collapse,0.05,true,安定路,沿安定路向南行驶73米向右前方行驶进入主路,"116.406991,39.969189;116.407012,39.968663;116.407061,39.968535",0,context_diagonal_tsinghua_anzhen,0,12
AM0404,N402,N389,0.072,collapse,0.05,true,安定路,沿安定路途径安定门外大街向东南行驶72米到达目的地,"116.407061,39.968535;116.407136,39.968449;116.407195,39.968406;116.407323,39.968368;116.40735,39.968261;116.407377,39.968127;116.407388,39.967999",0,context_diagonal_tsinghua_anzhen,0,13
AM0405,N403,N405,0.076,normal,0.15,true,向东北行驶76米右转,向东北行驶76米右转,"116.374043,39.96722;116.374311,39.96744;116.374365,39.967478;116.374391,39.967515;116.374429,39.96765;116.374418,39.96781",0,context_cross_madian_anzhen,0,0
AM0406,N405,N406,0.272,normal,0.097,true,北三环中路辅路,沿北三环中路辅路向东行驶272米向右前方行驶,"116.374418,39.96781;116.374686,39.967816;116.37496,39.967826;116.375378,39.967837;116.37548,39.967843;116.375829,39.967853;116.376274,39.967864;116.376591,39.96787;116.376854,39.967875;116.377015,39.967875;116.377154,39.96788;116.377208,39.96788;116.377326,39.967886;116.377428,39.967886;116.377567,39.967896;116.37769,39.967907",0,context_cross_madian_anzhen,0,1
AM0407,N406,N407,0.22,normal,0.05,true,马甸桥,沿马甸桥向东行驶220米右转,"116.37769,39.967907;116.377782,39.967875;116.378495,39.967633;116.37872,39.96758;116.378903,39.967564;116.379101,39.967553;116.379455,39.967564;116.379895,39.967569;116.379954,39.967553;116.379986,39.967531;116.380105,39.967408",0,context_cross_madian_anzhen,0,2
AM0408,N407,N408,0.151,normal,0.05,true,德胜门外大街辅路,沿德胜门外大街辅路向南行驶151米向左前方行驶进入主路,"116.380105,39.967408;116.380008,39.966925;116.379992,39.966732;116.379917,39.966051",0,context_cross_madian_anzhen,0,3
AM0409,N408,N409,1.812,congestion,0.425,true,德胜门外大街入口,沿德胜门外大街入口途径德胜门外大街、德胜门外大街出口、德胜门桥向南行驶1.8千米向左前方行驶,"116.379917,39.966051;116.37996,39.96589;116.379976,39.965735;116.380019,39.965573;116.379847,39.964131;116.379616,39.962167;116.379482,39.961212;116.379348,39.959898;116.379294,39.959405;116.379251,39.958696;116.379235,39.958283;116.379235,39.957275;116.379235,39.957264;116.379262,39.955252;116.379284,39.954287;116.379294,39.953691;116.379321,39.952629;116.379316,39.952296;116.379289,39.952055;116.379251,39.951873;116.379214,39.951755;116.379064,39.951428;116.379021,39.951331;116.378881,39.951111;116.378817,39.951036;116.378753,39.950961;116.37872,39.950666;116.378694,39.949791",0,context_cross_madian_anzhen,0,4
AM0410,N409,N410,0.153,normal,0.07,true,德胜门桥,沿德胜门桥向南行驶153米左转,"116.378694,39.949791;116.378742,39.94963;116.378881,39.94947;116.378967,39.949384;116.379031,39.949298;116.379053,39.949223;116.379069,39.948965;116.379075,39.948472",0,context_cross_madian_anzhen,0,5
AM0411,N410,N411,0.031,normal,0.05,true,德胜门桥,沿德胜门桥向东南行驶31米靠左,"116.379075,39.948472;116.37938,39.948316",0,context_cross_madian_anzhen,0,6
AM0412,N411,N412,0.051,normal,0.15,true,德胜门桥,沿德胜门桥向东行驶51米向右前方行驶,"116.37938,39.948316;116.379621,39.948327;116.379729,39.948365;116.379927,39.948477",0,context_cross_madian_anzhen,0,7
AM0413,N412,N413,0.131,normal,0.05,true,鼓楼桥,沿鼓楼桥向东行驶131米向左前方行驶,"116.379927,39.948477;116.380029,39.948547;116.380147,39.948574;116.380609,39.948574;116.381081,39.948563;116.381231,39.948558;116.381451,39.948563",0,context_cross_madian_anzhen,0,8
AM0414,N413,N414,0.457,congestion,0.372,true,德胜门东大街,沿德胜门东大街向东行驶457米向左前方行驶进入主路,"116.381451,39.948563;116.381741,39.948611;116.381869,39.948638;116.382229,39.948718;116.382454,39.948708;116.383511,39.948708;116.383591,39.948708;116.383886,39.948702;116.384739,39.948724;116.386821,39.94874",0,context_cross_madian_anzhen,0,9
AM0415,N414,N404,3.562,congestion,0.742,true,北二环入口,沿北二环入口途径北二环向东行驶3.6千米到达目的地,"116.386821,39.94874;116.387255,39.948863;116.38916,39.94888;116.389996,39.948885;116.391536,39.948896;116.392512,39.948901;116.393907,39.948917;116.39402,39.948917;116.394621,39.948928;116.395157,39.948944;116.398815,39.948971;116.400505,39.948971;116.401948,39.948987;116.403397,39.948998;116.404448,39.949014;116.404985,39.949019;116.405408,39.949019;116.406031,39.949019;116.409518,39.949046;116.411132,39.949073;116.411374,39.949078;116.411905,39.949105;116.412827,39.949121;116.413192,39.949142;116.414099,39.949175;116.418567,39.94933;116.419361,39.949357;116.420134,39.949378;116.420252,39.949384;116.420643,39.9494;116.421646,39.949416;116.422601,39.949459;116.423336,39.949486;116.427113,39.949609;116.42817,39.949646;116.428588,39.949657",0,context_cross_madian_anzhen,0,10
AM0416,N415,N416,0.957,normal,0.087,true,三元桥,沿三元桥途径京密路向东北行驶957米向右前方行驶进入辅路,"116.45619,39.960106;116.457121,39.960949;116.457588,39.961357;116.45784,39.961593;116.457926,39.961684;116.458001,39.961792;116.458028,39.96184;116.458065,39.961963;116.460115,39.963825;116.460206,39.963911;116.460871,39.964517;116.46255,39.966046;116.462867,39.96633;116.463344,39.966743",0,context_cross_sanyuan_chaoyang,0,0
AM0417,N416,N417,0.444,normal,0.05,true,京密路,沿京密路向东北行驶444米向右前方行驶进入匝道,"116.463344,39.966743;116.463489,39.966781;116.463795,39.967027;116.46513,39.968261;116.465383,39.968492;116.466155,39.969168;116.466461,39.969457;116.466766,39.969747",0,context_cross_sanyuan_chaoyang,0,1
AM0418,N417,N418,3.303,congestion,0.604,true,四元桥,沿四元桥途径北四环东路、东四环北路向东南行驶3.3千米向右前方行驶进入辅路,"116.466766,39.969747;116.466815,39.969768;116.466906,39.969833;116.467383,39.970241;116.468505,39.971099;116.46865,39.971185;116.468853,39.971238;116.468961,39.971249;116.469127,39.971233;116.469588,39.971153;116.469985,39.97089;116.470371,39.970632;116.472963,39.968905;116.473939,39.968261;116.47705,39.966206;116.477168,39.966131;116.477662,39.965804;116.478171,39.965466;116.480773,39.96375;116.48286,39.962285;116.483268,39.961985;116.483917,39.961523;116.484458,39.961083;116.48551,39.960161;116.485885,39.959764;116.486331,39.959297;116.486711,39.958857;116.486905,39.958621;116.487511,39.957795;116.487752,39.957425;116.487849,39.957275;116.488171,39.956728;116.488417,39.956229;116.48875,39.955505;116.488986,39.954866;116.489099,39.954512;116.489372,39.95353;116.489442,39.953198;116.48949,39.952849;116.489592,39.952195;116.489689,39.951073;116.489732,39.950355",0,context_cross_sanyuan_chaoyang,0,2
AM0419,N418,N419,0.574,congestion,0.75,true,东四环北路出口,沿东四环北路出口途径东四环北路辅路向南行驶574米左转进入主路,"116.489732,39.950355;116.48956,39.949936;116.489565,39.9494;116.489555,39.949169;116.489555,39.949105;116.489555,39.946959;116.489555,39.946288;116.489565,39.945602;116.489555,39.945457;116.489555,39.945167",0,context_cross_sanyuan_chaoyang,0,3
AM0420,N419,N420,0.927,normal,0.225,true,朝阳站路,沿朝阳站路向东行驶927米直行进入左侧道路,"116.490343,39.945055;116.49059,39.945038;116.490923,39.945017;116.491389,39.945017;116.491534,39.945023;116.493669,39.94506;116.495155,39.945189;116.495375,39.945216;116.497387,39.945425;116.499023,39.94558;116.500836,39.945757;116.501174,39.945795",0,context_cross_sanyuan_chaoyang,0,4
AM0421,N420,N421,0.533,normal,0.05,true,向东行驶533米右转,向东行驶533米右转,"116.501405,39.945827;116.501603,39.945865;116.501893,39.945891;116.502837,39.945993;116.504312,39.94616;116.505283,39.946288;116.506013,39.946385;116.506549,39.946487;116.507059,39.946573;116.507193,39.946573;116.507391,39.946525;116.507536,39.946433",0,context_cross_sanyuan_chaoyang,0,5
AM0422,N421,N422,0.111,congestion,0.4,true,向南行驶111米左转进入右岔路,向南行驶111米左转进入右岔路,"116.507536,39.946433;116.507541,39.946288;116.507547,39.946117;116.507552,39.945795;116.507563,39.94543",0,context_cross_sanyuan_chaoyang,0,6
AM0423,N422,N002,0.073,congestion,0.75,true,向东行驶73米到达目的地,向东行驶73米到达目的地,"116.507552,39.945183;116.507971,39.945178;116.508415,39.945174",0,context_cross_sanyuan_chaoyang,0,7
AM0424,N423,N425,0.211,collapse,0.15,true,向西南行驶211米左转,向西南行驶211米左转,"116.398115,39.993083;116.398161,39.992932;116.398145,39.992251;116.398027,39.992063;116.39756,39.991639;116.397222,39.991484",0,context_north_olympic_wangjing,0,0
AM0425,N425,N426,0.049,collapse,0.15,true,向东行驶49米右转,向东行驶49米右转,"116.397222,39.991484;116.397496,39.991393;116.397759,39.991301",0,context_north_olympic_wangjing,0,1
AM0426,N426,N427,0.167,collapse,0.15,true,向南行驶167米左转,向南行驶167米左转,"116.397759,39.991301;116.397603,39.991103;116.397362,39.990958;116.397319,39.990904;116.397287,39.990872;116.397233,39.990641;116.397228,39.990363;116.397228,39.990234;116.397217,39.990051;116.397255,39.989992;116.397324,39.989971",0,context_north_olympic_wangjing,0,2
AM0427,N427,N428,0.516,collapse,0.15,true,湖景西路,沿湖景西路向北行驶516米右转,"116.397324,39.989971;116.397383,39.990143;116.397426,39.990234;116.397576,39.99054;116.398059,39.991275;116.398172,39.991451;116.398236,39.99158;116.39837,39.991832;116.398429,39.992009;116.398467,39.992127;116.398553,39.992369;116.39859,39.99261;116.398612,39.992873;116.398612,39.993066;116.398585,39.993458;116.398499,39.993828;116.398451,39.993983;116.398338,39.994198;116.398161,39.994407",0,context_north_olympic_wangjing,0,3
AM0428,N428,N429,0.049,collapse,0.15,true,向东北行驶49米向右前方行驶进入主路,向东北行驶49米向右前方行驶进入主路,"116.398161,39.994407;116.398215,39.994429;116.39866,39.994643",0,context_north_olympic_wangjing,0,4
AM0429,N429,N430,0.806,collapse,0.319,true,慧忠路,沿慧忠路途径慧忠路辅路向东行驶806米靠左沿主路行驶,"116.39895,39.994697;116.399851,39.994713;116.400629,39.994756;116.401117,39.994649;116.401353,39.994654;116.402233,39.994676;116.403407,39.994713;116.404056,39.99474;116.404271,39.994772;116.404341,39.994815;116.404716,39.994831;116.405956,39.994874;116.40609,39.994879;116.406191,39.994879;116.406288,39.994879;116.407495,39.994901;116.407898,39.994906;116.408075,39.994917;116.408428,39.994933",0,context_north_olympic_wangjing,0,5
AM0430,N430,N431,5.565,collapse,0.197,true,慧忠路,沿慧忠路途径小营西路、小营东路、育慧东路、姜庄路、湖光中街、宏昌路向东行驶5.6千米右转进入主路,"116.408428,39.994933;116.408943,39.99496;116.409249,39.994976;116.409636,39.994997;116.410521,39.995035;116.410751,39.99504;116.411132,39.995051;116.412232,39.995078;116.412361,39.995089;116.412918,39.995094;116.413171,39.995099;116.413417,39.995105;116.415488,39.995142;116.416363,39.995153;116.416497,39.995153;116.416566,39.995153;116.417173,39.995126;116.417425,39.995056;116.418186,39.994799;116.41839,39.994729;116.418498,39.994691;116.418948,39.994541;116.420048,39.994155;116.420793,39.993887;116.421067,39.993801;116.421351,39.993731;116.421518,39.993699;116.421765,39.993646;116.422016,39.993613;116.422306,39.993608;116.42243,39.993603;116.422548,39.993603;116.42266,39.993597;116.422762,39.993597;116.422837,39.993597;116.423841,39.993597;116.424039,39.993603;116.424157,39.993603;116.424956,39.993597;116.425445,39.993613;116.4256,39.993619;116.425911,39.993624;116.426206,39.99363;116.426957,39.993624;116.427102,39.993624;116.427676,39.993624;116.429548,39.993613;116.430149,39.993608;116.430423,39.993603;116.430584,39.993608;116.43229,39.993619;116.432906,39.993619;116.43304,39.993624;116.433105,39.993624;116.433765,39.993613;116.435074,39.993597;116.43531,39.993592;116.435766,39.993586;116.435868,39.993586;116.435926,39.993586;116.436077,39.993586;116.436479,39.993592;116.437032,39.993597;116.437155,39.993597;116.437407,39.993597;116.437509,39.993597;116.438378,39.993619;116.4387,39.993651;116.43929,39.993758;116.439794,39.993892;116.441323,39.994418;116.443029,39.994997;116.443115,39.995024;116.443201,39.995056;116.443678,39.995206;116.444263,39.995346;116.445346,39.995534;116.445727,39.995609;116.446108,39.995684;116.449477,39.996269;116.450115,39.996381;116.45187,39.996687;116.452047,39.996719;116.452218,39.996751;116.452642,39.996821;116.453291,39.996907;116.45409,39.996939;116.454246,39.996939;116.454568,39.996945;116.455078,39.99695;116.455351,39.996961;116.457164,39.996988;116.45732,39.996988;116.457797,39.997004;116.458001,39.997004;116.45865,39.997014;116.458725,39.997014;116.458822,39.997014;116.459348,39.997025;116.460463,39.997052;116.461279,39.997068;116.462266,39.997079;116.462588,39.997079;116.462899,39.997084;116.463124,39.99709;116.464369,39.997122;116.46446,39.997122;116.465012,39.997143;116.465361,39.997148;116.465983,39.997159;116.466702,39.997175;116.466842,39.997175;116.466922,39.997181;116.467046,39.997181;116.467582,39.997191;116.467786,39.997197;116.468247,39.997202;116.468473,39.997229;116.468575,39.997245;116.468698,39.997288;116.468837,39.997363;116.469143,39.997631;116.470227,39.998608;116.470355,39.99872;116.471273,39.99952;116.4716,39.999798",0,context_north_olympic_wangjing,0,6
AM0431,N431,N432,0.412,normal,0.05,true,望京街,沿望京街向东南行驶412米右转,"116.471664,39.999756;116.471804,39.999665;116.472716,39.999048;116.473316,39.998645;116.473338,39.998629;116.473966,39.998211;116.474561,39.997825;116.475328,39.99732",0,context_north_olympic_wangjing,0,7
AM0432,N432,N433,0.201,normal,0.05,true,阜通西大街,沿阜通西大街向西南行驶201米向右前方行驶进入辅路,"116.475328,39.99732;116.474572,39.996671;116.473982,39.996161;116.473767,39.995952",0,context_north_olympic_wangjing,0,8
AM0433,N433,N424,0.176,normal,0.15,true,阜通西大街辅路,沿阜通西大街辅路向西南行驶176米到达目的地,"116.473655,39.996006;116.473494,39.995861;116.473349,39.995727;116.473054,39.995464;116.472796,39.995228;116.472296,39.994802",0,context_north_olympic_wangjing,0,9
AM0434,N434,N435,0.176,normal,0.117,true,五塔寺路,沿五塔寺路向西行驶176米向左前方行驶,"116.335013,39.943649;116.334898,39.943681;116.33477,39.943697;116.334496,39.943697;116.334206,39.943671;116.334003,39.943671;116.333938,39.943687;116.333525,39.943971;116.333311,39.944078;116.333182,39.944164",0,context_south_baishiqiao_chaoyang,0,0
AM0435,N435,N436,0.735,normal,0.05,true,五塔寺路,沿五塔寺路向西行驶735米右转,"116.333182,39.944164;116.332881,39.944223;116.332656,39.944245;116.332479,39.944245;116.332141,39.944191;116.331793,39.944035;116.331261,39.943681;116.331106,39.943611;116.330902,39.943553;116.330537,39.943467;116.330178,39.943386;116.330033,39.943354;116.329663,39.943274;116.329523,39.943225;116.32932,39.94314;116.329126,39.943065;116.32867,39.942887;116.327914,39.942523;116.327335,39.94211;116.327243,39.942056;116.327104,39.942002;116.326948,39.94197;116.32682,39.941954;116.326144,39.941933;116.325387,39.941879",0,context_south_baishiqiao_chaoyang,0,1
AM0436,N436,N437,2.604,normal,0.05,true,中关村南大街,沿中关村南大街向北行驶2.6千米向右前方行驶进入右转专用道,"116.325387,39.941879;116.325296,39.942517;116.325226,39.943054;116.325189,39.943316;116.325087,39.944073;116.325039,39.944443;116.324996,39.944738;116.324985,39.944835;116.324942,39.945092;116.324931,39.945156;116.324792,39.946208;116.324781,39.946288;116.324744,39.946573;116.324711,39.946809;116.324604,39.94763;116.324545,39.947978;116.324486,39.948402;116.324454,39.948606;116.32432,39.949604;116.32417,39.950816;116.324116,39.95139;116.324089,39.951615;116.324073,39.95175;116.323993,39.95249;116.323971,39.952678;116.323944,39.952897;116.323891,39.953321;116.323837,39.953681;116.323735,39.954523;116.323676,39.95492;116.323494,39.95618;116.32344,39.956572;116.323413,39.956781;116.323403,39.956856;116.323381,39.957012;116.323349,39.957275;116.323338,39.957366;116.323258,39.958112;116.323241,39.958219;116.323231,39.958289;116.323156,39.958825;116.323113,39.95911;116.322995,39.95986;116.322946,39.960193;116.322941,39.960241;116.322882,39.960638;116.322823,39.961062;116.322743,39.961593;116.322517,39.963251;116.322458,39.963675;116.322421,39.963825;116.322356,39.964141;116.322265,39.964485;116.322056,39.965139;116.32197,39.96537",0,context_south_baishiqiao_chaoyang,0,2
AM0437,N437,N438,0.159,normal,0.05,true,中关村南大街,沿中关村南大街向北行驶159米右转,"116.322088,39.965413;116.322035,39.965531;116.321563,39.966786",0,context_south_baishiqiao_chaoyang,0,3
AM0438,N438,N439,0.36,normal,0.05,true,北三环西路辅路,沿北三环西路辅路向东行驶360米向左前方行驶进入主路,"116.321563,39.966786;116.321788,39.966823;116.322501,39.966883;116.322619,39.966888;116.323038,39.966915;116.323241,39.966925;116.323268,39.966925;116.323842,39.966947;116.324518,39.966974;116.325001,39.966995;116.325141,39.967006;116.325811,39.967033",0,context_south_baishiqiao_chaoyang,0,4
AM0439,N439,N440,8.562,collapse,0.615,true,北三环西路入口,沿北三环西路入口途径北三环西路、北三环中路、北三环东路向东行驶8.6千米向右前方行驶进入匝道,"116.325811,39.967033;116.326074,39.967092;116.326396,39.967145;116.326626,39.967204;116.327957,39.967258;116.328139,39.967263;116.328831,39.967296;116.330553,39.96736;116.330773,39.967365;116.331154,39.967381;116.332281,39.967424;116.334341,39.967489;116.336315,39.967521;116.34214,39.967564;116.34412,39.967575;116.345214,39.967585;116.348235,39.967607;116.348771,39.967607;116.349425,39.967607;116.350171,39.967607;116.35178,39.967644;116.356737,39.967682;116.3587,39.967666;116.360229,39.967655;116.36215,39.967666;116.363936,39.967676;116.365535,39.967709;116.365958,39.967714;116.366527,39.96773;116.366774,39.967741;116.367026,39.967751;116.367187,39.967757;116.370357,39.967853;116.372262,39.967923;116.373769,39.967966;116.373946,39.967971;116.376151,39.968025;116.379332,39.96809;116.380405,39.968111;116.381231,39.968132;116.381633,39.968138;116.383393,39.968175;116.383666,39.968181;116.38402,39.968186;116.38511,39.968218;116.385651,39.968224;116.386113,39.96824;116.386574,39.96825;116.387046,39.968261;116.388709,39.968299;116.38916,39.968309;116.389476,39.96832;116.390018,39.968336;116.390093,39.968336;116.390216,39.968341;116.390705,39.968352;116.391118,39.968368;116.391799,39.96839;116.391938,39.96839;116.392078,39.968395;116.393365,39.968443;116.39572,39.968513;116.397475,39.968551;116.399432,39.968605;116.401852,39.96868;116.402801,39.968706;116.40344,39.968733;116.405221,39.968792;116.407082,39.968851;116.407425,39.968862;116.407742,39.968867;116.409008,39.968894;116.410011,39.968916;116.410606,39.968921;116.411132,39.968937;116.411218,39.968937;116.411293,39.968937;116.411384,39.968942;116.411685,39.968948;116.412135,39.968958;116.413718,39.969001;116.414206,39.969012;116.415531,39.969044;116.418471,39.969114;116.418895,39.96913;116.426281,39.969334",0,context_south_baishiqiao_chaoyang,0,5
AM0440,N440,N441,2.362,collapse,0.058,true,太阳宫桥,沿太阳宫桥途径S11京承高速向东北行驶2.4千米向右前方行驶进入匝道,"116.426281,39.969334;116.426689,39.96927;116.427451,39.969237;116.428202,39.969211;116.429521,39.969098;116.429854,39.969087;116.430348,39.969093;116.431807,39.96913;116.431962,39.969141;116.432123,39.969168;116.432198,39.969189;116.432268,39.969221;116.432397,39.969307;116.432493,39.969415;116.432552,39.969538;116.432568,39.969666;116.432547,39.969795;116.432483,39.969913;116.432273,39.970176;116.432204,39.970305;116.432161,39.970412;116.432139,39.970525;116.432134,39.9706;116.432139,39.970675;116.432171,39.970911;116.432214,39.971126;116.432279,39.97134;116.432311,39.971415;116.432375,39.971576;116.432499,39.971823;116.432805,39.972349;116.432837,39.972418;116.432869,39.972569;116.432917,39.972633;116.433094,39.972907;116.433105,39.972923;116.43347,39.97347;116.434086,39.974403;116.434333,39.974773;116.434907,39.975669;116.435229,39.976158;116.436184,39.977595;116.436618,39.978244;116.436876,39.978636;116.437246,39.979167;116.4373,39.979247;116.439515,39.982461;116.43973,39.982777;116.44068,39.98421",0,context_south_baishiqiao_chaoyang,0,6
AM0441,N441,N442,0.123,collapse,0.05,true,望和桥,沿望和桥向东北行驶123米靠右,"116.44068,39.98421;116.440878,39.98437;116.441135,39.984639;116.441575,39.985084",0,context_south_baishiqiao_chaoyang,0,7
AM0442,N442,N443,6.031,collapse,0.535,true,望和桥,沿望和桥途径北四环东路、东四环北路向东南行驶6.0千米向右前方行驶进入辅路,"116.441575,39.985084;116.442085,39.985438;116.442342,39.985615;116.442927,39.985996;116.443061,39.986071;116.443185,39.986125;116.443351,39.986189;116.443506,39.986237;116.443673,39.986275;116.443989,39.986328;116.44415,39.986345;116.444467,39.986361;116.444687,39.98635;116.445084,39.986286;116.445411,39.986216;116.445743,39.986135;116.446033,39.986044;116.446505,39.985878;116.446945,39.985733;116.44717,39.985674;116.447347,39.985631;116.447841,39.985384;116.448586,39.984928;116.449778,39.984166;116.45025,39.983866;116.450609,39.98363;116.452572,39.982353;116.455078,39.980701;116.457288,39.979247;116.457905,39.97884;116.460383,39.977193;116.461466,39.97648;116.462464,39.975803;116.463569,39.975053;116.463661,39.974993;116.46424,39.974602;116.46453,39.974409;116.465956,39.973497;116.467764,39.972333;116.468108,39.972113;116.468365,39.971946;116.469588,39.971153;116.469985,39.97089;116.470371,39.970632;116.472963,39.968905;116.473939,39.968261;116.47705,39.966206;116.477168,39.966131;116.477662,39.965804;116.478171,39.965466;116.480773,39.96375;116.48286,39.962285;116.483268,39.961985;116.483917,39.961523;116.484458,39.961083;116.48551,39.960161;116.485885,39.959764;116.486331,39.959297;116.486711,39.958857;116.486905,39.958621;116.487511,39.957795;116.487752,39.957425;116.487849,39.957275;116.488171,39.956728;116.488417,39.956229;116.48875,39.955505;116.488986,39.954866;116.489099,39.954512;116.489372,39.95353;116.489442,39.953198;116.48949,39.952849;116.489592,39.952195;116.489689,39.951073;116.489732,39.950355",0,context_south_baishiqiao_chaoyang,0,8
AM0443,N443,N444,0.574,congestion,0.75,true,东四环北路出口,沿东四环北路出口途径东四环北路辅路向南行驶574米左转进入主路,"116.489732,39.950355;116.48956,39.949936;116.489565,39.9494;116.489555,39.949169;116.489555,39.949105;116.489555,39.946959;116.489555,39.946288;116.489565,39.945602;116.489555,39.945457;116.489555,39.945167",0,context_south_baishiqiao_chaoyang,0,9
AM0444,N444,N445,0.927,normal,0.225,true,朝阳站路,沿朝阳站路向东行驶927米直行进入左侧道路,"116.490343,39.945055;116.49059,39.945038;116.490923,39.945017;116.491389,39.945017;116.491534,39.945023;116.493669,39.94506;116.495155,39.945189;116.495375,39.945216;116.497387,39.945425;116.499023,39.94558;116.500836,39.945757;116.501174,39.945795",0,context_south_baishiqiao_chaoyang,0,10
AM0445,N445,N446,0.533,normal,0.05,true,向东行驶533米右转,向东行驶533米右转,"116.501405,39.945827;116.501603,39.945865;116.501893,39.945891;116.502837,39.945993;116.504312,39.94616;116.505283,39.946288;116.506013,39.946385;116.506549,39.946487;116.507059,39.946573;116.507193,39.946573;116.507391,39.946525;116.507536,39.946433",0,context_south_baishiqiao_chaoyang,0,11
AM0446,N446,N447,0.111,congestion,0.4,true,向南行驶111米左转进入右岔路,向南行驶111米左转进入右岔路,"116.507536,39.946433;116.507541,39.946288;116.507547,39.946117;116.507552,39.945795;116.507563,39.94543",0,context_south_baishiqiao_chaoyang,0,12
AM0447,N447,N002,0.073,congestion,0.75,true,向东行驶73米到达目的地,向东行驶73米到达目的地,"116.507552,39.945183;116.507971,39.945178;116.508415,39.945174",0,context_south_baishiqiao_chaoyang,0,13
AM0448,N001,N449,0.034,normal,0.15,true,向东南行驶34米右转,向东南行驶34米右转,"116.326803,40.003166;116.32697,40.002888",0,context_west_tsinghua_baishiqiao,0,0
AM0449,N449,N450,0.056,normal,0.15,true,向西行驶56米左转,向西行驶56米左转,"116.32697,40.002888;116.326305,40.002861",0,context_west_tsinghua_baishiqiao,0,1
AM0450,N450,N451,0.216,normal,0.05,true,向南行驶216米左转,向南行驶216米左转,"116.326305,40.002861;116.326326,40.002711;116.326412,40.002186;116.326417,40.002046;116.326406,40.001944;116.326256,40.001596;116.326122,40.001317;116.326036,40.00122;116.325854,40.001006",0,context_west_tsinghua_baishiqiao,0,2
AM0451,N451,N452,0.179,normal,0.05,true,清华路,沿清华路向东行驶179米右转进入左侧道路,"116.325854,40.001006;116.3266,40.001016;116.327453,40.001006;116.327962,40.001021",0,context_west_tsinghua_baishiqiao,0,3
AM0452,N452,N453,0.406,normal,0.05,true,学堂路,沿学堂路向南行驶406米左转进入左侧道路,"116.327962,40.001021;116.328059,40.000276;116.328107,39.999916;116.32815,39.999589;116.328252,39.998999;116.328348,39.998157;116.328354,39.99813;116.328472,39.997363",0,context_west_tsinghua_baishiqiao,0,4
AM0453,N453,N454,0.347,normal,0.05,true,日新路,沿日新路向东行驶347米右转,"116.328568,39.997368;116.328837,39.997385;116.329818,39.997422;116.330902,39.99746;116.331776,39.997503;116.33264,39.99754",0,context_west_tsinghua_baishiqiao,0,5
AM0454,N454,N455,5.3,normal,0.05,true,中关村东路,沿中关村东路途径皂君庙路、大柳树路、高梁桥斜街向南行驶5.3千米向右前方行驶进入辅路,"116.33264,39.99754;116.332667,39.997208;116.332705,39.996735;116.332715,39.996564;116.332705,39.996548;116.332586,39.996322;116.332608,39.996145;116.332624,39.995979;116.332645,39.995813;116.332683,39.995228;116.332688,39.995137;116.332694,39.994997;116.332699,39.994767;116.332747,39.993801;116.332774,39.993039;116.33278,39.992889;116.332796,39.992605;116.332806,39.992498;116.332849,39.991736;116.33286,39.99157;116.33286,39.991521;116.332908,39.990861;116.332919,39.99062;116.332924,39.990534;116.33294,39.990234;116.33294,39.990191;116.332962,39.989713;116.332973,39.989493;116.333042,39.988126;116.333075,39.987433;116.333091,39.987063;116.333096,39.986972;116.333101,39.986881;116.333118,39.986484;116.333123,39.986275;116.33315,39.985813;116.33316,39.985567;116.333235,39.984306;116.333273,39.983512;116.333284,39.98326;116.3333,39.983008;116.333316,39.98267;116.333348,39.981913;116.33338,39.981302;116.333391,39.981125;116.333402,39.98091;116.333434,39.980261;116.333466,39.979575;116.333482,39.979247;116.333488,39.979167;116.333498,39.978995;116.333509,39.978748;116.333536,39.978164;116.333563,39.977536;116.333595,39.976769;116.3336,39.976624;116.333616,39.976388;116.333627,39.976243;116.333681,39.975755;116.333691,39.975616;116.333718,39.975337;116.333756,39.974135;116.333793,39.973175;116.333847,39.972435;116.333858,39.97229;116.333868,39.972038;116.333895,39.971592;116.333933,39.970713;116.333981,39.969645;116.334024,39.968744;116.334046,39.968261;116.334061,39.967864;116.334067,39.967719;116.334105,39.967247;116.334115,39.967129;116.334169,39.966646;116.334196,39.966432;116.334212,39.966292;116.334239,39.966067;116.334303,39.965466;116.334453,39.963948;116.334491,39.96354;116.334614,39.962151;116.33463,39.961985;116.334652,39.961792;116.334721,39.961255;116.334743,39.961083;116.334764,39.960917;116.334872,39.959882;116.334893,39.959635;116.33499,39.95853;116.33506,39.957913;116.335081,39.957704;116.335102,39.957446;116.335129,39.957275;116.335135,39.957248;116.335172,39.956985;116.335263,39.956411;116.335322,39.956105;116.335371,39.955762;116.33544,39.955338;116.335505,39.954871;116.335569,39.954442;116.335606,39.954228;116.335708,39.953584;116.335768,39.953139;116.33581,39.952844;116.335826,39.952731;116.335912,39.952248;116.335987,39.952028;116.33617,39.951605;116.336411,39.951095;116.336594,39.950784;116.336781,39.950505;116.337098,39.950119;116.337151,39.95007;116.337441,39.949818",0,context_west_tsinghua_baishiqiao,0,6
AM0455,N455,N456,0.354,normal,0.05,true,高梁桥斜街,沿高梁桥斜街向东南行驶354米向右后方行驶,"116.337441,39.949818;116.33757,39.949636;116.337822,39.949448;116.337865,39.949421;116.338192,39.949207;116.33868,39.948922;116.340021,39.948182;116.340676,39.947812",0,context_west_tsinghua_baishiqiao,0,7
AM0456,N456,N457,0.221,normal,0.05,true,气象路,沿气象路向西行驶221米左转调头,"116.340676,39.947812;116.340354,39.947785;116.339812,39.947748;116.33948,39.947726;116.33904,39.947689;116.338069,39.947603",0,context_west_tsinghua_baishiqiao,0,8
AM0457,N457,N458,0.148,normal,0.05,true,气象路,沿气象路向东行驶148米右转,"116.338085,39.947517;116.339056,39.947576;116.339496,39.947619;116.339818,39.947635",0,context_west_tsinghua_baishiqiao,0,9
AM0458,N458,N459,0.621,normal,0.15,true,向西南行驶621米左转,向西南行驶621米左转,"116.339818,39.947635;116.339839,39.947442;116.339855,39.94727;116.339979,39.946326;116.339952,39.946288;116.339909,39.946235;116.33904,39.945414;116.338906,39.94535;116.338815,39.945339;116.337972,39.945258;116.337645,39.94491;116.337618,39.944888;116.337366,39.944861;116.335934,39.944722;116.335258,39.944609",0,context_west_tsinghua_baishiqiao,0,10
AM0459,N459,N460,0.123,normal,0.15,true,向南行驶123米右转,向南行驶123米右转,"116.335258,39.944609;116.335333,39.944465;116.335387,39.944336;116.335424,39.94418;116.335478,39.943933;116.335499,39.943697;116.335494,39.943515",0,context_west_tsinghua_baishiqiao,0,11
AM0460,N460,N448,0.044,normal,0.15,true,向西行驶44米到达目的地,向西行驶44米到达目的地,"116.335494,39.943515;116.335013,39.943649",0,context_west_tsinghua_baishiqiao,0,12
AM0461,N461,N462,0.005,normal,0.15,true,阜通西大街辅路,沿阜通西大街辅路向西南行驶5米向左前方行驶进入主路,"116.472296,39.994802;116.472254,39.994767",0,context_east_wangjing_chaoyang,0,0
AM0462,N462,N463,1.745,normal,0.05,true,阜通西大街,沿阜通西大街向西南行驶1.7千米左转,"116.472362,39.994676;116.472056,39.994402;116.471058,39.99349;116.470704,39.993173;116.47049,39.992959;116.470382,39.992857;116.470055,39.992573;116.46991,39.992428;116.469068,39.991645;116.46843,39.991065;116.468317,39.990969;116.468285,39.990936;116.468215,39.990878;116.468156,39.990824;116.46806,39.990733;116.467995,39.990674;116.46785,39.99055;116.467813,39.990513;116.467512,39.990234;116.467485,39.990207;116.467239,39.989987;116.467185,39.989939;116.466766,39.989553;116.466112,39.98886;116.465833,39.988571;116.465737,39.98848;116.465522,39.98826;116.465388,39.988126;116.465136,39.987879;116.464701,39.987482;116.464106,39.986945;116.46387,39.986752;116.463693,39.986623;116.463328,39.986404;116.463017,39.986237;116.462775,39.986146;116.462582,39.986071;116.462357,39.985991;116.462035,39.985883;116.460206,39.985379;116.459814,39.985266;116.459643,39.985218;116.458554,39.984928;116.458189,39.984816;116.457529,39.984537;116.457341,39.984451",0,context_east_wangjing_chaoyang,0,1
AM0463,N463,N464,0.387,normal,0.206,true,望京西路,沿望京西路向西南行驶387米左转,"116.456993,39.984247;116.456918,39.983941;116.456842,39.983721;116.456832,39.983695;116.456692,39.9834;116.456644,39.983314;116.45659,39.983223;116.456306,39.982804;116.455753,39.98201;116.45526,39.981297;116.455088,39.981077",0,context_east_wangjing_chaoyang,0,2
AM0464,N464,N465,0.546,congestion,0.875,true,北四环东路辅路,沿北四环东路辅路向东南行驶546米向左前方行驶进入主路,"116.454997,39.980567;116.455078,39.980508;116.455356,39.980315;116.456091,39.979854;116.45702,39.979247;116.457315,39.979054;116.457524,39.978915;116.458951,39.977971;116.459128,39.977858;116.459578,39.977558;116.459702,39.977477;116.4599,39.977332",0,context_east_wangjing_chaoyang,0,3
AM0465,N465,N466,4.068,congestion,0.498,true,北四环东路入口,沿北四环东路入口途径北四环东路、东四环北路向东南行驶4.1千米向右前方行驶进入辅路,"116.4599,39.977332;116.460185,39.977241;116.460383,39.977193;116.461466,39.97648;116.462464,39.975803;116.463569,39.975053;116.463661,39.974993;116.46424,39.974602;116.46453,39.974409;116.465956,39.973497;116.467764,39.972333;116.468108,39.972113;116.468365,39.971946;116.469588,39.971153;116.469985,39.97089;116.470371,39.970632;116.472963,39.968905;116.473939,39.968261;116.47705,39.966206;116.477168,39.966131;116.477662,39.965804;116.478171,39.965466;116.480773,39.96375;116.48286,39.962285;116.483268,39.961985;116.483917,39.961523;116.484458,39.961083;116.48551,39.960161;116.485885,39.959764;116.486331,39.959297;116.486711,39.958857;116.486905,39.958621;116.487511,39.957795;116.487752,39.957425;116.487849,39.957275;116.488171,39.956728;116.488417,39.956229;116.48875,39.955505;116.488986,39.954866;116.489099,39.954512;116.489372,39.95353;116.489442,39.953198;116.48949,39.952849;116.489592,39.952195;116.489689,39.951073;116.489732,39.950355",0,context_east_wangjing_chaoyang,0,4
AM0466,N466,N467,0.574,congestion,0.75,true,东四环北路出口,沿东四环北路出口途径东四环北路辅路向南行驶574米左转进入主路,"116.489732,39.950355;116.48956,39.949936;116.489565,39.9494;116.489555,39.949169;116.489555,39.949105;116.489555,39.946959;116.489555,39.946288;116.489565,39.945602;116.489555,39.945457;116.489555,39.945167",0,context_east_wangjing_chaoyang,0,5
AM0467,N467,N468,0.927,normal,0.225,true,朝阳站路,沿朝阳站路向东行驶927米直行进入左侧道路,"116.490343,39.945055;116.49059,39.945038;116.490923,39.945017;116.491389,39.945017;116.491534,39.945023;116.493669,39.94506;116.495155,39.945189;116.495375,39.945216;116.497387,39.945425;116.499023,39.94558;116.500836,39.945757;116.501174,39.945795",0,context_east_wangjing_chaoyang,0,6
AM0468,N468,N469,0.533,normal,0.05,true,向东行驶533米右转,向东行驶533米右转,"116.501405,39.945827;116.501603,39.945865;116.501893,39.945891;116.502837,39.945993;116.504312,39.94616;116.505283,39.946288;116.506013,39.946385;116.506549,39.946487;116.507059,39.946573;116.507193,39.946573;116.507391,39.946525;116.507536,39.946433",0,context_east_wangjing_chaoyang,0,7
AM0469,N469,N470,0.111,congestion,0.4,true,向南行驶111米左转进入右岔路,向南行驶111米左转进入右岔路,"116.507536,39.946433;116.507541,39.946288;116.507547,39.946117;116.507552,39.945795;116.507563,39.94543",0,context_east_wangjing_chaoyang,0,8
AM0470,N470,N002,0.073,congestion,0.75,true,向东行驶73米到达目的地,向东行驶73米到达目的地,"116.507552,39.945183;116.507971,39.945178;116.508415,39.945174",0,context_east_wangjing_chaoyang,0,9
