record_id,captured_at,query_location,query_radius_m,query_level,area_description,evaluation_status,evaluation_description,evaluation_expedite,evaluation_congested,evaluation_blocked,evaluation_unknown,road_name,status,status_label,direction,angle,speed_kmh,lcodes,polyline
TR0001,2026-06-22T21:31:15,"121.439175,31.235771",3000,5,秣陵路：双向缓慢，从长安路到民立路严重拥堵，从梅园路到民立路严重拥堵；南北高架路：从共和新路立交桥到天目中路立交桥行驶缓慢；武宁路：从中宁路到中山北路行驶缓慢；沪太路：恒丰北路立交桥附近自北向南行驶缓慢；潮州路：自西向东缓慢，反向畅通；天目西路：外贸锦程大厦附近自西向东行驶缓慢；镇宁路：自北向南缓慢，从华山路到延安西路行驶缓慢；西康路：从宜昌路到长寿路行驶缓慢；镇坪路：自南向北缓慢，反向畅通；铜仁路：自南向北缓慢，反向畅通；长安路：从秣陵路到恒丰路行驶缓慢；民立路：从共和路到天目西路行驶缓慢。,2,轻度拥堵,73.40%,3.69%,0.74%,22.17%,秣陵路,3,blocked,从长安路到民立路,335,10,5127,"121.453285,31.2478924;121.453636,31.2477474;121.454445,31.2474308;121.455254,31.2471027;121.455536,31.2469959;121.455696,31.2469425"
TR0002,2026-06-22T21:31:15,"121.439175,31.235771",3000,5,秣陵路：双向缓慢，从长安路到民立路严重拥堵，从梅园路到民立路严重拥堵；南北高架路：从共和新路立交桥到天目中路立交桥行驶缓慢；武宁路：从中宁路到中山北路行驶缓慢；沪太路：恒丰北路立交桥附近自北向南行驶缓慢；潮州路：自西向东缓慢，反向畅通；天目西路：外贸锦程大厦附近自西向东行驶缓慢；镇宁路：自北向南缓慢，从华山路到延安西路行驶缓慢；西康路：从宜昌路到长寿路行驶缓慢；镇坪路：自南向北缓慢，反向畅通；铜仁路：自南向北缓慢，反向畅通；长安路：从秣陵路到恒丰路行驶缓慢；民立路：从共和路到天目西路行驶缓慢。,2,轻度拥堵,73.40%,3.69%,0.74%,22.17%,秣陵路,3,blocked,从梅园路到民立路,192,5,-5127,"121.45723,31.2474003;121.456314,31.2475872;121.456116,31.2476444;121.45594,31.2476978;121.455505,31.2470837"
TR0003,2026-06-22T21:31:15,"121.439175,31.235771",3000,5,秣陵路：双向缓慢，从长安路到民立路严重拥堵，从梅园路到民立路严重拥堵；南北高架路：从共和新路立交桥到天目中路立交桥行驶缓慢；武宁路：从中宁路到中山北路行驶缓慢；沪太路：恒丰北路立交桥附近自北向南行驶缓慢；潮州路：自西向东缓慢，反向畅通；天目西路：外贸锦程大厦附近自西向东行驶缓慢；镇宁路：自北向南缓慢，从华山路到延安西路行驶缓慢；西康路：从宜昌路到长寿路行驶缓慢；镇坪路：自南向北缓慢，反向畅通；铜仁路：自南向北缓慢，反向畅通；长安路：从秣陵路到恒丰路行驶缓慢；民立路：从共和路到天目西路行驶缓慢。,2,轻度拥堵,73.40%,3.69%,0.74%,22.17%,南京西路,3,blocked,从黄陂北路到九江路,56,5,3808,"121.470161,31.2310791;121.470345,31.2311554;121.470474,31.2312317;121.470558,31.2312927;121.470634,31.2313519;121.470657,31.2313862;121.470863,31.2317562;121.470917,31.2319469;121.471024,31.232235;121.471092,31.2323685;121.471138,31.2324486;121.471161,31.2324886;121.471451,31.2328663;121.471573,31.233017;121.471695,31.2331429;121.471893,31.2333374"
TR0004,2026-06-22T21:31:15,"121.439175,31.235771",3000,5,秣陵路：双向缓慢，从长安路到民立路严重拥堵，从梅园路到民立路严重拥堵；南北高架路：从共和新路立交桥到天目中路立交桥行驶缓慢；武宁路：从中宁路到中山北路行驶缓慢；沪太路：恒丰北路立交桥附近自北向南行驶缓慢；潮州路：自西向东缓慢，反向畅通；天目西路：外贸锦程大厦附近自西向东行驶缓慢；镇宁路：自北向南缓慢，从华山路到延安西路行驶缓慢；西康路：从宜昌路到长寿路行驶缓慢；镇坪路：自南向北缓慢，反向畅通；铜仁路：自南向北缓慢，反向畅通；长安路：从秣陵路到恒丰路行驶缓慢；民立路：从共和路到天目西路行驶缓慢。,2,轻度拥堵,73.40%,3.69%,0.74%,22.17%,南北高架路,2,congested,从共和新路立交桥到天目中路立交桥,268,20,-43,"121.463219,31.2582531;121.463333,31.2579594;121.463478,31.2575283;121.463531,31.2573109;121.463562,31.2571335;121.463608,31.2568493;121.463623,31.2556839;121.463661,31.2547474;121.463699,31.2536354;121.463699,31.2533607;121.463699,31.2530403;121.463699,31.2526798;121.463676,31.252285;121.463646,31.2518711;121.463608,31.2515202;121.463539,31.2508526;121.46347,31.2503376;121.463379,31.249752;121.463318,31.2494621;121.463165,31.2487564;121.46302,31.2481022;121.462967,31.247858;121.462814,31.2471294;121.462753,31.2468929;121.462418,31.2453556;121.46225,31.2444935;121.462204,31.2440929;121.462219,31.2434578;121.462296,31.2430172;121.462364,31.2427387;121.462425,31.2425594;121.462685,31.2418976;121.462669,31.2417202"
TR0005,2026-06-22T21:31:15,"121.439175,31.235771",3000,5,秣陵路：双向缓慢，从长安路到民立路严重拥堵，从梅园路到民立路严重拥堵；南北高架路：从共和新路立交桥到天目中路立交桥行驶缓慢；武宁路：从中宁路到中山北路行驶缓慢；沪太路：恒丰北路立交桥附近自北向南行驶缓慢；潮州路：自西向东缓慢，反向畅通；天目西路：外贸锦程大厦附近自西向东行驶缓慢；镇宁路：自北向南缓慢，从华山路到延安西路行驶缓慢；西康路：从宜昌路到长寿路行驶缓慢；镇坪路：自南向北缓慢，反向畅通；铜仁路：自南向北缓慢，反向畅通；长安路：从秣陵路到恒丰路行驶缓慢；民立路：从共和路到天目西路行驶缓慢。,2,轻度拥堵,73.40%,3.69%,0.74%,22.17%,武宁路,2,congested,从中宁路到中山北路,325,20,704,"121.413094,31.2452316;121.413475,31.2451324;121.413956,31.244978;121.414688,31.2447071;121.415215,31.2444706;121.415497,31.2443333;121.415985,31.244072;121.416573,31.2437191;121.417122,31.2433071;121.417358,31.2431202;121.417618,31.2429333;121.41787,31.242733;121.41861,31.2421417;121.419067,31.2417965;121.419182,31.2416973;121.419243,31.241663;121.419395,31.2415638"
TR0006,2026-06-22T21:31:15,"121.439175,31.235771",3000,5,秣陵路：双向缓慢，从长安路到民立路严重拥堵，从梅园路到民立路严重拥堵；南北高架路：从共和新路立交桥到天目中路立交桥行驶缓慢；武宁路：从中宁路到中山北路行驶缓慢；沪太路：恒丰北路立交桥附近自北向南行驶缓慢；潮州路：自西向东缓慢，反向畅通；天目西路：外贸锦程大厦附近自西向东行驶缓慢；镇宁路：自北向南缓慢，从华山路到延安西路行驶缓慢；西康路：从宜昌路到长寿路行驶缓慢；镇坪路：自南向北缓慢，反向畅通；铜仁路：自南向北缓慢，反向畅通；长安路：从秣陵路到恒丰路行驶缓慢；民立路：从共和路到天目西路行驶缓慢。,2,轻度拥堵,73.40%,3.69%,0.74%,22.17%,沪太路,2,congested,从延长中路到恒丰路立交桥,303,25,"-792,-791","121.444145,31.2654934;121.444427,31.2651062;121.445457,31.263773;121.445732,31.2634354;121.445923,31.263195;121.447144,31.261591;121.447273,31.2613907;121.447433,31.2611828;121.447784,31.2607327;121.448265,31.2600937;121.448708,31.2594986;121.449059,31.2590351;121.449516,31.25844;121.449669,31.2582493;121.449799,31.2581158;121.449875,31.2579861;121.449959,31.257822;121.450012,31.2577076;121.450127,31.2575016;121.450417,31.2570438;121.450851,31.2564392;121.450943,31.2563248;121.451042,31.2562046;121.451149,31.2560806;121.451332,31.2559109;121.45179,31.2555504;121.451988,31.2553997;121.45208,31.2553558"
TR0007,2026-06-22T21:31:15,"121.439175,31.235771",3000,5,秣陵路：双向缓慢，从长安路到民立路严重拥堵，从梅园路到民立路严重拥堵；南北高架路：从共和新路立交桥到天目中路立交桥行驶缓慢；武宁路：从中宁路到中山北路行驶缓慢；沪太路：恒丰北路立交桥附近自北向南行驶缓慢；潮州路：自西向东缓慢，反向畅通；天目西路：外贸锦程大厦附近自西向东行驶缓慢；镇宁路：自北向南缓慢，从华山路到延安西路行驶缓慢；西康路：从宜昌路到长寿路行驶缓慢；镇坪路：自南向北缓慢，反向畅通；铜仁路：自南向北缓慢，反向畅通；长安路：从秣陵路到恒丰路行驶缓慢；民立路：从共和路到天目西路行驶缓慢。,2,轻度拥堵,73.40%,3.69%,0.74%,22.17%,宁夏路,2,congested,中山北路附近,350,16,781,"121.410416,31.231142;121.410667,31.2311058"
TR0008,2026-06-22T21:31:15,"121.439175,31.235771",3000,5,秣陵路：双向缓慢，从长安路到民立路严重拥堵，从梅园路到民立路严重拥堵；南北高架路：从共和新路立交桥到天目中路立交桥行驶缓慢；武宁路：从中宁路到中山北路行驶缓慢；沪太路：恒丰北路立交桥附近自北向南行驶缓慢；潮州路：自西向东缓慢，反向畅通；天目西路：外贸锦程大厦附近自西向东行驶缓慢；镇宁路：自北向南缓慢，从华山路到延安西路行驶缓慢；西康路：从宜昌路到长寿路行驶缓慢；镇坪路：自南向北缓慢，反向畅通；铜仁路：自南向北缓慢，反向畅通；长安路：从秣陵路到恒丰路行驶缓慢；民立路：从共和路到天目西路行驶缓慢。,2,轻度拥堵,73.40%,3.69%,0.74%,22.17%,潮州路,2,congested,从曹杨路到真华路,17,25,"1841,1842","121.404945,31.2582302;121.405029,31.2582035;121.40519,31.2581825;121.405373,31.2581692;121.405663,31.258152;121.405968,31.258152;121.406113,31.2581596;121.406273,31.2581921;121.406418,31.2582397;121.4067,31.2583427;121.40699,31.2584839;121.408012,31.2589378;121.408211,31.2590275;121.40863,31.2592125;121.408768,31.2592716;121.408821,31.2593021"
TR0009,2026-06-22T21:31:15,"121.439175,31.235771",3000,5,秣陵路：双向缓慢，从长安路到民立路严重拥堵，从梅园路到民立路严重拥堵；南北高架路：从共和新路立交桥到天目中路立交桥行驶缓慢；武宁路：从中宁路到中山北路行驶缓慢；沪太路：恒丰北路立交桥附近自北向南行驶缓慢；潮州路：自西向东缓慢，反向畅通；天目西路：外贸锦程大厦附近自西向东行驶缓慢；镇宁路：自北向南缓慢，从华山路到延安西路行驶缓慢；西康路：从宜昌路到长寿路行驶缓慢；镇坪路：自南向北缓慢，反向畅通；铜仁路：自南向北缓慢，反向畅通；长安路：从秣陵路到恒丰路行驶缓慢；民立路：从共和路到天目西路行驶缓慢。,2,轻度拥堵,73.40%,3.69%,0.74%,22.17%,天目西路,2,congested,从长安路到恒丰路,9,15,192,"121.451607,31.2454891;121.453651,31.2457771;121.453728,31.2457905"
TR0010,2026-06-22T21:31:15,"121.439175,31.235771",3000,5,秣陵路：双向缓慢，从长安路到民立路严重拥堵，从梅园路到民立路严重拥堵；南北高架路：从共和新路立交桥到天目中路立交桥行驶缓慢；武宁路：从中宁路到中山北路行驶缓慢；沪太路：恒丰北路立交桥附近自北向南行驶缓慢；潮州路：自西向东缓慢，反向畅通；天目西路：外贸锦程大厦附近自西向东行驶缓慢；镇宁路：自北向南缓慢，从华山路到延安西路行驶缓慢；西康路：从宜昌路到长寿路行驶缓慢；镇坪路：自南向北缓慢，反向畅通；铜仁路：自南向北缓慢，反向畅通；长安路：从秣陵路到恒丰路行驶缓慢；民立路：从共和路到天目西路行驶缓慢。,2,轻度拥堵,73.40%,3.69%,0.74%,22.17%,秣陵路,2,congested,从大统路到梅园路,184,20,-5128,"121.46019,31.2476177;121.459831,31.2476311;121.459595,31.2476616;121.459435,31.2476749;121.458992,31.2476978;121.458595,31.2477112;121.458237,31.2477112;121.457901,31.2477016;121.457718,31.2476845;121.457581,31.2476482;121.457497,31.2476082;121.457405,31.247551;121.457207,31.2473965"
TR0011,2026-06-22T21:31:15,"121.439175,31.235771",3000,5,秣陵路：双向缓慢，从长安路到民立路严重拥堵，从梅园路到民立路严重拥堵；南北高架路：从共和新路立交桥到天目中路立交桥行驶缓慢；武宁路：从中宁路到中山北路行驶缓慢；沪太路：恒丰北路立交桥附近自北向南行驶缓慢；潮州路：自西向东缓慢，反向畅通；天目西路：外贸锦程大厦附近自西向东行驶缓慢；镇宁路：自北向南缓慢，从华山路到延安西路行驶缓慢；西康路：从宜昌路到长寿路行驶缓慢；镇坪路：自南向北缓慢，反向畅通；铜仁路：自南向北缓慢，反向畅通；长安路：从秣陵路到恒丰路行驶缓慢；民立路：从共和路到天目西路行驶缓慢。,2,轻度拥堵,73.40%,3.69%,0.74%,22.17%,秣陵路,2,congested,从民立路到长安路,154,20,-5126,"121.455505,31.2470837;121.455276,31.2471638;121.454597,31.2474346;121.453682,31.2478085;121.453392,31.2479286"
TR0012,2026-06-22T21:31:15,"121.439175,31.235771",3000,5,秣陵路：双向缓慢，从长安路到民立路严重拥堵，从梅园路到民立路严重拥堵；南北高架路：从共和新路立交桥到天目中路立交桥行驶缓慢；武宁路：从中宁路到中山北路行驶缓慢；沪太路：恒丰北路立交桥附近自北向南行驶缓慢；潮州路：自西向东缓慢，反向畅通；天目西路：外贸锦程大厦附近自西向东行驶缓慢；镇宁路：自北向南缓慢，从华山路到延安西路行驶缓慢；西康路：从宜昌路到长寿路行驶缓慢；镇坪路：自南向北缓慢，反向畅通；铜仁路：自南向北缓慢，反向畅通；长安路：从秣陵路到恒丰路行驶缓慢；民立路：从共和路到天目西路行驶缓慢。,2,轻度拥堵,73.40%,3.69%,0.74%,22.17%,镇宁路,2,congested,从华山路到延安西路,117,25,4181,"121.439445,31.2144928;121.439323,31.2144222;121.439285,31.214426;121.439278,31.2144318;121.43927,31.2144356;121.439247,31.2144585;121.439178,31.214529;121.439056,31.2146702;121.438934,31.2148495;121.438774,31.2151203;121.438667,31.2153339;121.437775,31.2172127;121.437759,31.2172718;121.437645,31.2174702"
TR0013,2026-06-22T21:31:15,"121.439175,31.235771",3000,5,秣陵路：双向缓慢，从长安路到民立路严重拥堵，从梅园路到民立路严重拥堵；南北高架路：从共和新路立交桥到天目中路立交桥行驶缓慢；武宁路：从中宁路到中山北路行驶缓慢；沪太路：恒丰北路立交桥附近自北向南行驶缓慢；潮州路：自西向东缓慢，反向畅通；天目西路：外贸锦程大厦附近自西向东行驶缓慢；镇宁路：自北向南缓慢，从华山路到延安西路行驶缓慢；西康路：从宜昌路到长寿路行驶缓慢；镇坪路：自南向北缓慢，反向畅通；铜仁路：自南向北缓慢，反向畅通；长安路：从秣陵路到恒丰路行驶缓慢；民立路：从共和路到天目西路行驶缓慢。,2,轻度拥堵,73.40%,3.69%,0.74%,22.17%,镇宁路,2,congested,从万航渡路到延安西路,284,20,-4181,"121.43541,31.2250671;121.435432,31.2243786;121.435448,31.2242393;121.435539,31.2239552;121.435623,31.2235947;121.435692,31.2233467;121.435806,31.2228756;121.435837,31.2227859;121.43586,31.2226982;121.435974,31.2219162;121.436096,31.2210217;121.436104,31.2208481;121.43615,31.2206707;121.436371,31.220089;121.436462,31.2198715;121.436768,31.2190933;121.436935,31.2187061;121.437103,31.2183552;121.437294,31.217968;121.437614,31.2174587;121.437721,31.2172623"
TR0014,2026-06-22T21:31:15,"121.439175,31.235771",3000,5,秣陵路：双向缓慢，从长安路到民立路严重拥堵，从梅园路到民立路严重拥堵；南北高架路：从共和新路立交桥到天目中路立交桥行驶缓慢；武宁路：从中宁路到中山北路行驶缓慢；沪太路：恒丰北路立交桥附近自北向南行驶缓慢；潮州路：自西向东缓慢，反向畅通；天目西路：外贸锦程大厦附近自西向东行驶缓慢；镇宁路：自北向南缓慢，从华山路到延安西路行驶缓慢；西康路：从宜昌路到长寿路行驶缓慢；镇坪路：自南向北缓慢，反向畅通；铜仁路：自南向北缓慢，反向畅通；长安路：从秣陵路到恒丰路行驶缓慢；民立路：从共和路到天目西路行驶缓慢。,2,轻度拥堵,73.40%,3.69%,0.74%,22.17%,西康路,2,congested,从宜昌路到长寿路,327,20,-3683,"121.43438,31.2450447;121.434654,31.2449284;121.434914,31.2447548;121.436569,31.2438087;121.43721,31.243475;121.438774,31.2426186;121.439575,31.2422352;121.439766,31.2421608;121.439926,31.2420807"
TR0015,2026-06-22T21:31:15,"121.439175,31.235771",3000,5,秣陵路：双向缓慢，从长安路到民立路严重拥堵，从梅园路到民立路严重拥堵；南北高架路：从共和新路立交桥到天目中路立交桥行驶缓慢；武宁路：从中宁路到中山北路行驶缓慢；沪太路：恒丰北路立交桥附近自北向南行驶缓慢；潮州路：自西向东缓慢，反向畅通；天目西路：外贸锦程大厦附近自西向东行驶缓慢；镇宁路：自北向南缓慢，从华山路到延安西路行驶缓慢；西康路：从宜昌路到长寿路行驶缓慢；镇坪路：自南向北缓慢，反向畅通；铜仁路：自南向北缓慢，反向畅通；长安路：从秣陵路到恒丰路行驶缓慢；民立路：从共和路到天目西路行驶缓慢。,2,轻度拥堵,73.40%,3.69%,0.74%,22.17%,镇坪路,2,congested,从宜昌路到中山北路,115,25,6088,"121.432999,31.2435017;121.432945,31.243782;121.432747,31.2444496;121.43264,31.2448215;121.432533,31.2451591;121.432426,31.2454662;121.432274,31.2458;121.432053,31.2462578;121.431992,31.2463875;121.431824,31.246685;121.431595,31.2470398;121.431351,31.247364;121.431183,31.2475681;121.431145,31.2476044;121.430611,31.2480488;121.43042,31.2481022"
TR0016,2026-06-22T21:31:15,"121.439175,31.235771",3000,5,秣陵路：双向缓慢，从长安路到民立路严重拥堵，从梅园路到民立路严重拥堵；南北高架路：从共和新路立交桥到天目中路立交桥行驶缓慢；武宁路：从中宁路到中山北路行驶缓慢；沪太路：恒丰北路立交桥附近自北向南行驶缓慢；潮州路：自西向东缓慢，反向畅通；天目西路：外贸锦程大厦附近自西向东行驶缓慢；镇宁路：自北向南缓慢，从华山路到延安西路行驶缓慢；西康路：从宜昌路到长寿路行驶缓慢；镇坪路：自南向北缓慢，反向畅通；铜仁路：自南向北缓慢，反向畅通；长安路：从秣陵路到恒丰路行驶缓慢；民立路：从共和路到天目西路行驶缓慢。,2,轻度拥堵,73.40%,3.69%,0.74%,22.17%,铜仁路,2,congested,从延安中路到南京西路,109,20,"3645,3648","121.451523,31.2224808;121.451424,31.2226982;121.451157,31.2233429;121.450935,31.2239151;121.45047,31.2250481;121.450371,31.2252884"
TR0017,2026-06-22T21:31:15,"121.439175,31.235771",3000,5,秣陵路：双向缓慢，从长安路到民立路严重拥堵，从梅园路到民立路严重拥堵；南北高架路：从共和新路立交桥到天目中路立交桥行驶缓慢；武宁路：从中宁路到中山北路行驶缓慢；沪太路：恒丰北路立交桥附近自北向南行驶缓慢；潮州路：自西向东缓慢，反向畅通；天目西路：外贸锦程大厦附近自西向东行驶缓慢；镇宁路：自北向南缓慢，从华山路到延安西路行驶缓慢；西康路：从宜昌路到长寿路行驶缓慢；镇坪路：自南向北缓慢，反向畅通；铜仁路：自南向北缓慢，反向畅通；长安路：从秣陵路到恒丰路行驶缓慢；民立路：从共和路到天目西路行驶缓慢。,2,轻度拥堵,73.40%,3.69%,0.74%,22.17%,长安路,2,congested,从秣陵路到恒丰路,295,20,"-5131,-5130","121.453339,31.2479553;121.453285,31.2478924;121.453247,31.2478352;121.453209,31.2478046;121.453156,31.2477684;121.452942,31.2476578;121.45266,31.2475243;121.45253,31.2474308;121.452301,31.2473335;121.45224,31.247303;121.452194,31.247263;121.452164,31.2472305;121.452118,31.2471828;121.452087,31.2471294;121.451859,31.2465515;121.451736,31.2462215;121.451698,31.2461147;121.45166,31.2459965;121.45163,31.2458534;121.451591,31.2456093;121.451576,31.2451591;121.451538,31.2448082;121.4515,31.2443562;121.45153,31.2443237;121.451553,31.2442894;121.451584,31.244257;121.452003,31.2439022;121.452301,31.2436275;121.452774,31.2430668;121.452797,31.2430134;121.452812,31.2429771;121.452835,31.2429199;121.45285,31.2428932;121.452904,31.2428265;121.452972,31.2427597;121.453011,31.2427158;121.453423,31.2423191;121.453529,31.242218;121.453621,31.2421513;121.454063,31.2418842;121.454628,31.2415905;121.454872,31.2414627;121.455803,31.2409115;121.456268,31.2404079;121.456367,31.2402897;121.456512,31.2401772;121.456657,31.2400932;121.456802,31.2400398;121.456871,31.240036;121.457497,31.2401161;121.457687,31.2401295;121.457771,31.2401428"
TR0018,2026-06-22T21:31:15,"121.439175,31.235771",3000,5,秣陵路：双向缓慢，从长安路到民立路严重拥堵，从梅园路到民立路严重拥堵；南北高架路：从共和新路立交桥到天目中路立交桥行驶缓慢；武宁路：从中宁路到中山北路行驶缓慢；沪太路：恒丰北路立交桥附近自北向南行驶缓慢；潮州路：自西向东缓慢，反向畅通；天目西路：外贸锦程大厦附近自西向东行驶缓慢；镇宁路：自北向南缓慢，从华山路到延安西路行驶缓慢；西康路：从宜昌路到长寿路行驶缓慢；镇坪路：自南向北缓慢，反向畅通；铜仁路：自南向北缓慢，反向畅通；长安路：从秣陵路到恒丰路行驶缓慢；民立路：从共和路到天目西路行驶缓慢。,2,轻度拥堵,73.40%,3.69%,0.74%,22.17%,民立路,2,congested,从共和路到天目西路,94,15,5134,"121.456184,31.2442932;121.456154,31.2450485;121.456123,31.2457333;121.456108,31.2458038;121.456085,31.2458706;121.456024,31.2459564;121.456001,31.2461205"
TR0019,2026-06-22T21:31:15,"121.439175,31.235771",3000,5,秣陵路：双向缓慢，从长安路到民立路严重拥堵，从梅园路到民立路严重拥堵；南北高架路：从共和新路立交桥到天目中路立交桥行驶缓慢；武宁路：从中宁路到中山北路行驶缓慢；沪太路：恒丰北路立交桥附近自北向南行驶缓慢；潮州路：自西向东缓慢，反向畅通；天目西路：外贸锦程大厦附近自西向东行驶缓慢；镇宁路：自北向南缓慢，从华山路到延安西路行驶缓慢；西康路：从宜昌路到长寿路行驶缓慢；镇坪路：自南向北缓慢，反向畅通；铜仁路：自南向北缓慢，反向畅通；长安路：从秣陵路到恒丰路行驶缓慢；民立路：从共和路到天目西路行驶缓慢。,2,轻度拥堵,73.40%,3.69%,0.74%,22.17%,延安高架路,1,expedite,从外环沪青平立交桥到外滩隧道,24,50,"676,64,62,59,58,56,53","121.362396,31.1847286;121.363113,31.1849957;121.364037,31.1852894;121.364746,31.1855106;121.370979,31.1874847;121.372551,31.1879902;121.372879,31.1880894;121.374863,31.1887207;121.379211,31.190094;121.379623,31.1902351;121.380264,31.1904659;121.381332,31.1908436;121.381691,31.1909771;121.382393,31.1912575;121.384232,31.1920891;121.384514,31.1922359;121.385132,31.1925507;121.385521,31.1927605;121.386169,31.1931248;121.387161,31.1937103;121.388359,31.194418;121.389236,31.1949387;121.390488,31.1956711;121.392746,31.1970177;121.393188,31.1972809;121.395416,31.198595;121.395859,31.1988392;121.396263,31.1990318;121.396782,31.1992569;121.397652,31.1995735;121.398247,31.1997414;121.399429,31.2000446;121.400032,31.2001991;121.40049,31.2003193;121.40329,31.2010307;121.404106,31.2012444;121.405228,31.2015591;121.405441,31.2016258;121.405991,31.201889;121.406258,31.2020302;121.406403,31.2021198;121.406578,31.2022305;121.407043,31.2025509;121.407837,31.2031288;121.409111,31.2040138;121.409882,31.2045784;121.410744,31.2051868;121.411201,31.2055073;121.413002,31.2067909;121.413315,31.2070045;121.413521,31.2071381;121.413742,31.2072659;121.414062,31.2074223;121.414368,31.207552;121.414795,31.2077065;121.41507,31.2077465;121.416214,31.2080135;121.418365,31.2084618;121.419464,31.2087021;121.420052,31.2088184;121.421227,31.2090664;121.422066,31.2092495;121.42453,31.2098484;121.425369,31.2100353;121.425842,31.2101116;121.426308,31.2101727;121.427162,31.2102261;121.427483,31.2102356;121.427956,31.2102852;121.428261,31.2103424;121.428459,31.210413;121.428673,31.2104969;121.428963,31.2106361;121.429367,31.2108898;121.429733,31.2112007;121.429993,31.2114925;121.43026,31.2119102;121.43045,31.2122364;121.430664,31.2125549;121.430878,31.2128315;121.431061,31.2130184;121.431259,31.2132053;121.431358,31.2132893;121.431572,31.2134361;121.431854,31.213604;121.432312,31.2138214;121.433052,31.2141685;121.433685,31.2145119;121.433998,31.2147198;121.434456,31.2150707;121.43486,31.2154274;121.435242,31.2157555;121.43576,31.2161503;121.436104,31.216383;121.436501,31.2166405;121.436729,31.2167873;121.437653,31.2172985;121.438263,31.2176533;121.438713,31.2179871;121.439201,31.2184181;121.439522,31.2186852;121.439842,31.2189026;121.440109,31.2190361;121.440376,31.2191334;121.440659,31.2192268;121.440819,31.2192669;121.441147,31.2193241;121.441956,31.2194309;121.442223,31.2194881;121.442482,31.2195549;121.442772,31.2196541;121.443077,31.2198048;121.443321,31.2199516;121.443855,31.2202892;121.444229,31.2204933;121.444504,31.2206135;121.444763,31.2207069;121.445168,31.2208214;121.44574,31.2209282;121.446136,31.2209873;121.446434,31.2210178;121.446793,31.2210617;121.447235,31.2211246;121.447563,31.2211876;121.447708,31.2212181;121.448181,31.2213249;121.448601,31.2214451;121.449287,31.2216721;121.449814,31.2218838;121.450302,31.2220707;121.450775,31.2222404;121.451324,31.2224579;121.452362,31.2228489;121.453957,31.2234535;121.454277,31.2235813;121.454575,31.223671;121.454887,31.2237415;121.455132,31.2237873;121.455292,31.2238045;121.455589,31.2238274;121.456062,31.2238407;121.456558,31.223835;121.456764,31.2238445;121.45813,31.2238674;121.459869,31.2238808;121.460098,31.2238712;121.460854,31.2238846;121.463058,31.2239075;121.464012,31.2239208;121.46505,31.223835;121.46534,31.2238083;121.465866,31.2237682;121.466187,31.2237644;121.466743,31.2237339;121.467041,31.2237415;121.467484,31.2238045;121.468056,31.2239246;121.468559,31.224062;121.468941,31.2241859;121.47139,31.2251911;121.472,31.2254524;121.472183,31.2255249;121.473137,31.2259235;121.473991,31.2262573;121.475433,31.2268753;121.475945,31.227129;121.476242,31.2273064;121.476814,31.2276974;121.477234,31.2279739;121.477707,31.2282581;121.478508,31.2286854;121.479004,31.2289429;121.480026,31.2294807;121.481529,31.2302628;121.482193,31.2306042;121.482277,31.2306404;121.482399,31.2306805;121.482544,31.2307243;121.482719,31.2307777;121.483429,31.230938;121.484245,31.2311115;121.484436,31.2311459;121.484726,31.2311859;121.484962,31.2311859;121.485161,31.2311821;121.485474,31.2311459;121.485886,31.2310848;121.486382,31.2309952;121.486702,31.2309608;121.486908,31.2309685;121.487007,31.2309818;121.487114,31.2310085;121.487274,31.2310619;121.487465,31.2311459;121.487579,31.2312183;121.487755,31.231329;121.48793,31.231472;121.487991,31.2315063;121.488083,31.2315731;121.489243,31.2319298;121.489403,31.2319813;121.489723,31.2321339;121.489975,31.2322712;121.490005,31.2323074;121.490364,31.2324924;121.490593,31.2325993;121.491005,31.2327518;121.491219,31.2328358;121.491325,31.2328987;121.491417,31.2329597;121.491486,31.2330265;121.491554,31.2331104;121.491592,31.2331734;121.491623,31.2332668;121.491646,31.2334003;121.491646,31.2334747;121.491623,31.2336044;121.4916,31.2336807;121.491554,31.2337818;121.49147,31.2339249;121.491219,31.2343121;121.491165,31.2344131;121.491135,31.2345371"
TR0020,2026-06-22T21:31:15,"121.439175,31.235771",3000,5,秣陵路：双向缓慢，从长安路到民立路严重拥堵，从梅园路到民立路严重拥堵；南北高架路：从共和新路立交桥到天目中路立交桥行驶缓慢；武宁路：从中宁路到中山北路行驶缓慢；沪太路：恒丰北路立交桥附近自北向南行驶缓慢；潮州路：自西向东缓慢，反向畅通；天目西路：外贸锦程大厦附近自西向东行驶缓慢；镇宁路：自北向南缓慢，从华山路到延安西路行驶缓慢；西康路：从宜昌路到长寿路行驶缓慢；镇坪路：自南向北缓慢，反向畅通；铜仁路：自南向北缓慢，反向畅通；长安路：从秣陵路到恒丰路行驶缓慢；民立路：从共和路到天目西路行驶缓慢。,2,轻度拥堵,73.40%,3.69%,0.74%,22.17%,延安高架路,1,expedite,从外滩隧道到外环沪青平立交桥,203,55,"-53,-56,-58,-59,-62,-64,-676","121.491486,31.2339382;121.491592,31.2337151;121.491615,31.2336216;121.491638,31.2335072;121.491623,31.2334442;121.4916,31.2333431;121.491554,31.2332497;121.491501,31.2331638;121.49147,31.23312;121.491417,31.2330704;121.491325,31.2330132;121.491188,31.2329464;121.49099,31.2328663;121.490738,31.2327728;121.490509,31.2326756;121.490273,31.2325554;121.490135,31.2324848;121.489914,31.2323475;121.48983,31.2323151;121.489662,31.232214;121.489502,31.2321339;121.489372,31.2320805;121.48909,31.2320004;121.488403,31.2318363;121.48835,31.2318401;121.488266,31.2318096;121.488197,31.2317734;121.488068,31.2316971;121.487892,31.2315598;121.487732,31.2314053;121.487503,31.231245;121.487389,31.2311859;121.487251,31.2311325;121.487144,31.231102;121.487022,31.2310715;121.486916,31.2310581;121.486824,31.2310486;121.486664,31.2310524;121.486435,31.2310753;121.485405,31.2312393;121.484818,31.2312717;121.484444,31.2312393;121.484192,31.2311916;121.482681,31.230854;121.482414,31.2307777;121.482208,31.2306976;121.481865,31.2305374;121.480186,31.2296619;121.479332,31.2292042;121.47847,31.228756;121.477852,31.2284355;121.477386,31.2281647;121.47702,31.2279415;121.476303,31.2274532;121.475998,31.2272663;121.475624,31.2270584;121.473724,31.2262974;121.472427,31.2257118;121.471306,31.2252407;121.469055,31.2243252;121.468765,31.2242184;121.468452,31.2241058;121.468018,31.2239914;121.467552,31.2239246;121.467079,31.2238617;121.466309,31.223835;121.465851,31.2238541;121.464531,31.2239647;121.463997,31.2240009;121.463165,31.2240009;121.462379,31.2239876;121.460907,31.2239685;121.459564,31.2239609;121.458366,31.2239552;121.456833,31.2239342;121.45639,31.2239285;121.456123,31.2239285;121.455795,31.2239208;121.455132,31.2238674;121.45488,31.2238178;121.454575,31.2237511;121.454254,31.2236576;121.453217,31.2232533;121.452309,31.2229118;121.450294,31.2221298;121.449181,31.2217159;121.448624,31.2215328;121.448151,31.2213993;121.447685,31.2212982;121.447548,31.2212658;121.447189,31.2211952;121.446457,31.2210979;121.445953,31.2210407;121.445709,31.2210045;121.445122,31.2208881;121.444756,31.2207909;121.444466,31.2206841;121.444176,31.2205601;121.443932,31.2204304;121.443314,31.2200451;121.443024,31.2198715;121.442726,31.2197285;121.442581,31.2196712;121.442451,31.2196312;121.442177,31.2195644;121.441917,31.2195072;121.441048,31.2193909;121.440781,31.2193413;121.440514,31.2192764;121.440163,31.2191467;121.440002,31.2190704;121.439766,31.2189503;121.43943,31.2187252;121.439255,31.2185783;121.438759,31.2181377;121.438187,31.2177029;121.437866,31.2175064;121.437668,31.2173958;121.436623,31.216814;121.436462,31.2167149;121.436028,31.2164307;121.43531,31.2159157;121.434792,31.2154808;121.434349,31.2150974;121.434082,31.2148762;121.433762,31.2146492;121.433495,31.214489;121.432999,31.2142258;121.431999,31.213768;121.431648,31.2135773;121.431503,31.2134838;121.431305,31.213356;121.431198,31.2132568;121.430916,31.2130051;121.43058,31.212595;121.430145,31.2118931;121.429993,31.2116623;121.429886,31.2115021;121.429794,31.2113991;121.429619,31.2112179;121.429535,31.211134;121.42939,31.2110138;121.429123,31.2108269;121.428909,31.2107029;121.428459,31.2105103;121.42823,31.2104435;121.427856,31.2103653;121.427559,31.2103252;121.427162,31.2103024;121.426437,31.210289;121.425743,31.210186;121.425339,31.2101192;121.423698,31.2097511;121.422806,31.2095146;121.422096,31.209343;121.418404,31.2085648;121.415039,31.2078629;121.414948,31.2078228;121.414772,31.2077694;121.414452,31.2076569;121.414062,31.2075062;121.413582,31.2072525;121.413277,31.2070713;121.412605,31.2065868;121.412384,31.2064304;121.411606,31.2058792;121.411156,31.205595;121.410522,31.2051601;121.408302,31.2035236;121.407295,31.2028084;121.407074,31.2026577;121.40654,31.2022934;121.406219,31.2021065;121.40593,31.201952;121.405617,31.2018051;121.405136,31.2016182;121.404922,31.2015419;121.404747,31.2014942;121.404442,31.2014084;121.404091,31.2013149;121.401199,31.2005825;121.399529,31.2001514;121.398277,31.1998348;121.397499,31.1996136;121.397011,31.1994362;121.396744,31.1993294;121.39621,31.1991024;121.395699,31.1988354;121.394897,31.1983948;121.394379,31.1980839;121.39344,31.197525;121.39061,31.1958485;121.389191,31.1950035;121.386177,31.1932259;121.385727,31.1929741;121.385315,31.1927471;121.38446,31.1923027;121.383606,31.191885;121.38224,31.1912804;121.381508,31.1909904;121.38063,31.1906719;121.379623,31.1903286;121.37912,31.1901817;121.377953,31.1898136;121.375633,31.189085;121.373726,31.1884747;121.372246,31.1880093;121.371582,31.1877956;121.36718,31.186409;121.366356,31.1861324;121.36599,31.186018;121.365028,31.1857147;121.364777,31.185627;121.362869,31.1850662"
TR0021,2026-06-22T21:31:15,"121.439175,31.235771",3000,5,秣陵路：双向缓慢，从长安路到民立路严重拥堵，从梅园路到民立路严重拥堵；南北高架路：从共和新路立交桥到天目中路立交桥行驶缓慢；武宁路：从中宁路到中山北路行驶缓慢；沪太路：恒丰北路立交桥附近自北向南行驶缓慢；潮州路：自西向东缓慢，反向畅通；天目西路：外贸锦程大厦附近自西向东行驶缓慢；镇宁路：自北向南缓慢，从华山路到延安西路行驶缓慢；西康路：从宜昌路到长寿路行驶缓慢；镇坪路：自南向北缓慢，反向畅通；铜仁路：自南向北缓慢，反向畅通；长安路：从秣陵路到恒丰路行驶缓慢；民立路：从共和路到天目西路行驶缓慢。,2,轻度拥堵,73.40%,3.69%,0.74%,22.17%,内环高架路,1,expedite,从龙阳路立交桥到罗山路立交桥,54,55,"35,36,11,12,16,17,19,20,21,22,928,25,27,28,30,31,34,166","121.534416,31.1977463;121.533295,31.1979961;121.532471,31.1981869;121.528915,31.1989861;121.526688,31.1995029;121.524864,31.1999111;121.524101,31.2000942;121.522865,31.2003593;121.520798,31.2008667;121.520569,31.2009296;121.517845,31.2015591;121.51667,31.201849;121.516045,31.2019863;121.514381,31.2023506;121.513603,31.2025471;121.512871,31.2027683;121.511429,31.2032585;121.510345,31.2036667;121.508141,31.2044621;121.505234,31.205534;121.504425,31.205822;121.502876,31.2063999;121.501884,31.2067642;121.501259,31.206995;121.500984,31.2071476;121.5009,31.2072124;121.500809,31.2072983;121.500786,31.2073288;121.500732,31.2073917;121.500656,31.2075024;121.500603,31.2075787;121.500572,31.2076759;121.500534,31.2077637;121.500519,31.2078762;121.500519,31.2079697;121.500519,31.2080669;121.500534,31.2081909;121.500572,31.2083073;121.500603,31.208395;121.500656,31.2084885;121.50071,31.2085724;121.500854,31.2087326;121.500961,31.2088127;121.501045,31.2088718;121.501175,31.2089329;121.501282,31.2089787;121.501411,31.2090187;121.501549,31.2090397;121.501686,31.209053;121.501846,31.2090435;121.501991,31.2090321;121.502136,31.2089958;121.502228,31.2089653;121.502327,31.2089252;121.502419,31.2088757;121.502525,31.2088051;121.502617,31.2087421;121.502686,31.2086716;121.502739,31.2086048;121.5028,31.2085342;121.502853,31.2084446;121.502899,31.2083549;121.50293,31.2082615;121.502953,31.2081871;121.502968,31.2081146;121.502968,31.2080231;121.502968,31.2079201;121.502953,31.2078094;121.502907,31.2076931;121.502846,31.2075787;121.502747,31.2074623;121.502647,31.2073784;121.502525,31.2073059;121.502419,31.2072487;121.502312,31.2072182;121.50222,31.2071915;121.502136,31.2071781;121.502014,31.2071686;121.501923,31.2071724;121.501762,31.2071915;121.501663,31.2072182;121.501579,31.2072449;121.501457,31.2072926;121.501396,31.207325;121.501343,31.2073555;121.501236,31.2074356;121.50119,31.2074757;121.501122,31.2075462;121.501068,31.2076263;121.501015,31.2077026;121.500984,31.2077599;121.500961,31.2078304;121.500923,31.2079773;121.500908,31.2080631;121.500908,31.2081413;121.500923,31.2082748;121.500961,31.2084045;121.501068,31.2085915;121.501137,31.2086716;121.501228,31.208746;121.501312,31.2088089;121.501442,31.2088795;121.501549,31.2089195;121.501656,31.2089558;121.50174,31.2089825;121.501831,31.208992;121.501991,31.2089958;121.502083,31.208992;121.502205,31.2089729;121.502281,31.2089558;121.50235,31.2089329;121.502472,31.2088852;121.502594,31.2088051;121.502655,31.2087593;121.502724,31.2087116;121.502823,31.2085991;121.502899,31.208498;121.502945,31.2084084;121.502983,31.2083015;121.503021,31.2081509;121.503036,31.2079964;121.503029,31.2079105;121.503006,31.2077961;121.502983,31.2077065;121.50293,31.2076187;121.502861,31.2075062;121.502808,31.2074451;121.502739,31.2073689;121.502632,31.2072983;121.502563,31.2072487;121.502487,31.207222;121.502365,31.2071724;121.502243,31.2071381;121.502083,31.2071152;121.5019,31.2071152;121.501816,31.2071209;121.501633,31.2071552;121.501511,31.2071953;121.501396,31.2072392;121.501244,31.2073116;121.501083,31.207386;121.500504,31.2076492;121.500206,31.2077637;121.5,31.2078362;121.499886,31.2078667;121.499725,31.2078972;121.499619,31.2079067;121.499504,31.2079105;121.499359,31.2078972;121.49926,31.2078838;121.499161,31.2078571;121.499084,31.2078362;121.498909,31.2077694;121.49865,31.2076435;121.498116,31.207365;121.497246,31.2069016;121.496674,31.206543;121.496407,31.2063637;121.494041,31.2045689;121.491432,31.2025871;121.490814,31.2021561;121.490433,31.2019291;121.489883,31.2016392;121.489433,31.2014351;121.488899,31.2012215;121.486824,31.2005291;121.484642,31.1997871;121.484062,31.199604;121.483162,31.1993065;121.480019,31.1982498;121.478844,31.1978436;121.478065,31.1975727;121.476532,31.1970615;121.473351,31.1959858;121.47168,31.1954308;121.470451,31.1949863;121.470131,31.1948624;121.46994,31.1947784;121.469101,31.1943474;121.46814,31.1938171;121.467316,31.1933594;121.465759,31.192503;121.465736,31.1924896;121.465263,31.1922302;121.465126,31.192152;121.464874,31.1919823;121.46447,31.1916943;121.46331,31.1907692;121.463112,31.1906319;121.462959,31.1905251;121.462517,31.1902485;121.458717,31.1879425;121.458046,31.1875381;121.457886,31.1874619;121.457695,31.1873684;121.457497,31.1872749;121.457253,31.1871872;121.456711,31.187027;121.455452,31.1867027;121.452713,31.1859913;121.452309,31.185894;121.451965,31.185791;121.451424,31.1855965;121.451363,31.185564;121.451004,31.1854095;121.450768,31.1852932;121.450279,31.1850262;121.449852,31.1847591;121.449425,31.1844215;121.449066,31.1841373;121.448631,31.1837826;121.448318,31.1835155;121.44809,31.1833324;121.445953,31.1815681;121.444733,31.1806049;121.443771,31.1798801;121.442108,31.1786346;121.441864,31.178484;121.441734,31.1784039;121.44162,31.1783562;121.441544,31.1783199;121.441315,31.178236;121.441139,31.1781826;121.44104,31.1781597;121.440826,31.1781254;121.440674,31.1781063;121.440407,31.1780891;121.440071,31.178093;121.439919,31.178112;121.439766,31.178133;121.439415,31.1782169;121.436882,31.1790619;121.435318,31.1796265;121.434952,31.1797695;121.434631,31.1799107;121.433601,31.1803951;121.43338,31.1805115;121.432732,31.1808224;121.432159,31.1810665;121.431961,31.1811371;121.431419,31.1813164;121.431007,31.181448;121.430588,31.1815548;121.430008,31.1816845;121.428459,31.1820087;121.427956,31.1821194;121.427612,31.1822186;121.427292,31.1823254;121.42704,31.1824226;121.426918,31.1824799;121.426788,31.1825371;121.426567,31.1826534;121.426094,31.1829376;121.425941,31.1830482;121.42569,31.1832409;121.425354,31.1835518;121.425163,31.1837635;121.424927,31.184063;121.424294,31.1850052;121.423965,31.1855068;121.423592,31.1860046;121.423523,31.1861153;121.421333,31.1892452;121.420158,31.1908932;121.419106,31.1923237;121.41861,31.1929779;121.417511,31.1944351;121.417297,31.1947117;121.416977,31.195097;121.416145,31.196209;121.414421,31.1984844;121.414185,31.1987991;121.414032,31.1990356;121.413963,31.199152;121.413597,31.1998081;121.413406,31.2001247;121.413315,31.2002792;121.41301,31.2009697;121.412819,31.2015114;121.412643,31.2020798;121.412605,31.2022495;121.412537,31.2025604;121.412415,31.2032452;121.412354,31.2036438;121.412285,31.2042446;121.412231,31.204649;121.412216,31.2048187;121.412163,31.205183;121.412071,31.2057419;121.411987,31.2062569;121.411942,31.2066574;121.411888,31.2071381;121.411873,31.2073994;121.411896,31.2076664;121.411919,31.207943;121.41201,31.2083645;121.412086,31.2086086;121.412231,31.2090054;121.412537,31.2097816;121.412735,31.2103329;121.412766,31.2104053;121.412834,31.2106571;121.412872,31.210783;121.412926,31.2111149;121.412941,31.2114124;121.412926,31.2116089;121.41291,31.2117958;121.412888,31.2118969;121.412857,31.21208;121.412819,31.2122307;121.412804,31.212307;121.412781,31.2123814;121.412712,31.2125416;121.41259,31.212822;121.412125,31.2136936;121.411789,31.2143726;121.41153,31.2149696;121.411362,31.215435;121.411232,31.2157955;121.411118,31.2162132;121.410988,31.2167683;121.410934,31.2170448;121.410881,31.2173653;121.410812,31.2178402;121.410774,31.2180481;121.410736,31.218338;121.410706,31.2187157;121.410706,31.2191029;121.410706,31.2197018;121.410721,31.220089;121.410774,31.2208004;121.410896,31.2222481;121.410927,31.2225819;121.411057,31.2245598;121.411095,31.2248974;121.411095,31.2252407;121.411072,31.2255459;121.411026,31.2259102;121.410988,31.2260971;121.410873,31.226511;121.410721,31.2270393;121.410652,31.2272186;121.410492,31.2276268;121.410309,31.2281551;121.410225,31.2285385;121.410202,31.2287636;121.410187,31.229063;121.410194,31.2293606;121.410225,31.2296143;121.410263,31.2299061;121.410522,31.230854;121.410599,31.2311687;121.410713,31.2315769;121.410828,31.2319374;121.410988,31.2323551;121.411163,31.232729;121.411285,31.2329865;121.411476,31.2333336;121.411659,31.2336216;121.411858,31.2339249;121.412086,31.2342529;121.41227,31.2344837;121.412392,31.2346706;121.412727,31.2351418;121.413139,31.235693;121.413971,31.2368488;121.414139,31.2370758;121.414528,31.2376003;121.414696,31.2378349;121.415138,31.2384357;121.415413,31.23876;121.41581,31.2391548;121.416107,31.2394314;121.416412,31.2396927;121.416771,31.239996;121.417206,31.2403069;121.41774,31.2406616;121.418297,31.2409782;121.419487,31.2416573;121.420601,31.2422924;121.421494,31.2427998;121.423752,31.2440987;121.424957,31.2447777;121.425301,31.2449646;121.425697,31.2451553;121.42601,31.2452927;121.426247,31.2453651;121.426811,31.2456169;121.427643,31.2459507;121.428032,31.2461147;121.42823,31.2462044;121.428604,31.2463951;121.428886,31.2465591;121.429153,31.2467461;121.429474,31.2469769;121.429718,31.2471828;121.430046,31.247488;121.430649,31.2481594;121.430763,31.2482853;121.430984,31.2485161;121.431198,31.2487507;121.43129,31.2488403;121.431488,31.2490444;121.431854,31.2493725;121.432053,31.2495327;121.432114,31.2495861;121.432426,31.2498169;121.432785,31.2500896;121.432961,31.2502232;121.433456,31.2506084;121.434074,31.251173;121.434418,31.2515373;121.434616,31.2517509;121.435287,31.2525997;121.435608,31.252964;121.435913,31.2532978;121.436157,31.2535248;121.436455,31.2537518;121.436607,31.2538586;121.436745,31.2539463;121.436874,31.2540092;121.436943,31.2540493;121.437157,31.2541466;121.437454,31.2542934;121.437706,31.2543869;121.438042,31.254528;121.438362,31.2546444;121.439697,31.2551556;121.441193,31.2557335;121.442703,31.2563286;121.443573,31.2566719;121.444283,31.2569427;121.444557,31.2570438;121.444778,31.2571068;121.444954,31.2571468;121.445206,31.2571964;121.445648,31.2572937;121.445816,31.2573242;121.446815,31.257534;121.447273,31.2576275;121.448112,31.2577991;121.449219,31.2580395;121.450172,31.2582359;121.450714,31.2583504;121.453148,31.2588482;121.453545,31.258934;121.454147,31.2590675;121.454575,31.2591457;121.45488,31.2592049;121.455521,31.2593517;121.458389,31.2599106;121.458771,31.2599964;121.459465,31.2601814;121.460052,31.260334;121.460304,31.2604046;121.460892,31.2605782;121.461395,31.260746;121.4617,31.2608528;121.461975,31.2609692;121.462265,31.261076;121.462357,31.261116;121.462898,31.2613239;121.463478,31.2615604;121.463715,31.2616482;121.46434,31.2618847;121.464745,31.2620449;121.466118,31.2625866;121.467392,31.2631149;121.467606,31.2632084;121.467972,31.2633724;121.468071,31.263422;121.468307,31.263546;121.468651,31.2637386;121.469032,31.2639866;121.469223,31.2641163;121.469376,31.2642231;121.469742,31.2645073;121.470062,31.2647552;121.470688,31.2653236;121.470955,31.2655697;121.471039,31.2656708;121.471375,31.2660542;121.471481,31.2661858;121.471947,31.2667637;121.472015,31.26684;121.472237,31.2670574;121.472389,31.2671814;121.472496,31.267271;121.47287,31.2675343;121.473152,31.2677555;121.473755,31.2681866;121.474358,31.2686481;121.474625,31.2688751;121.474983,31.2691994;121.475075,31.269289;121.475403,31.2696438;121.47554,31.2697964;121.475929,31.270298;121.476158,31.2706089;121.476341,31.2708893;121.476921,31.2717686;121.477173,31.2722359;121.477219,31.2723331;121.477371,31.2727413;121.477654,31.2735119;121.477707,31.2736835;121.477745,31.2738094;121.47789,31.2742672;121.478134,31.2749958;121.478363,31.2757072;121.478416,31.2758541;121.478539,31.276165;121.478683,31.2764359;121.478897,31.276783;121.479095,31.2770081;121.479164,31.2770748;121.479324,31.2772274;121.479416,31.2773018;121.479591,31.2774315;121.479881,31.2776127;121.479927,31.2776394;121.480476,31.2779236;121.480812,31.2780762;121.481216,31.2782803;121.481422,31.2783909;121.481575,31.2784805;121.481651,31.2785282;121.481857,31.2786808;121.48201,31.2788124;121.482079,31.2788887;121.482155,31.2789555;121.482254,31.2790852;121.482414,31.2792931;121.482491,31.2793961;121.482613,31.2796307;121.482697,31.2798347;121.482735,31.2799683;121.48278,31.2801552;121.482811,31.2802849;121.482826,31.2804661;121.482841,31.2806625;121.48288,31.2814808;121.482925,31.2824841;121.482986,31.2831593;121.483055,31.2835827;121.483109,31.2838573;121.483185,31.2841549;121.483253,31.2843819;121.483322,31.2845821;121.483543,31.285017;121.48365,31.2851696;121.483734,31.2852535;121.48381,31.2853432;121.483879,31.285408;121.484001,31.285511;121.484116,31.2856045;121.484268,31.2857075;121.484543,31.2858391;121.484665,31.2858982;121.484886,31.2859688;121.485008,31.2859993;121.485138,31.2860317;121.48526,31.2860584;121.485397,31.2860794;121.485512,31.2860889;121.485657,31.2860985;121.485802,31.2860985;121.48597,31.2860928;121.48613,31.2860756;121.486313,31.2860489;121.486488,31.2860088;121.486877,31.2859154;121.487396,31.2858009;121.487556,31.2857742;121.487701,31.2857552;121.487976,31.2857342;121.488319,31.2857208;121.488869,31.2857151;121.489777,31.2857075;121.490349,31.2857151;121.490776,31.2857151;121.493332,31.2857151;121.494843,31.2857018;121.496178,31.2856979;121.49646,31.2857075;121.496628,31.2857151;121.49678,31.2857342;121.497086,31.2857819;121.497246,31.2858219;121.497398,31.2858658;121.497543,31.2859249;121.49781,31.2860222;121.49794,31.2860851;121.49823,31.2862587;121.498383,31.2863598;121.499046,31.2868538;121.499199,31.2869606;121.499374,31.2870541;121.499504,31.2871113;121.499588,31.2871609;121.499718,31.2872047;121.499832,31.2872486;121.499947,31.2872849;121.50016,31.2873383;121.500267,31.287365;121.500412,31.2873859;121.500534,31.2873993;121.500679,31.2874126;121.500816,31.2874184;121.501137,31.2874222;121.501579,31.2874222;121.502762,31.2873917;121.503517,31.2873554;121.504433,31.2872982;121.504639,31.2872715;121.504852,31.2872448;121.505119,31.287178;121.505447,31.2870941;121.505638,31.2870407;121.505852,31.2869606;121.507973,31.2861958;121.509529,31.2856178;121.510773,31.2851734;121.511345,31.2849693;121.511841,31.2848129;121.512215,31.284729;121.512482,31.2846794;121.512779,31.2846394;121.513138,31.2846184;121.513458,31.2846184;121.51387,31.2846355;121.514183,31.2846718;121.514397,31.2847157;121.514717,31.2847652;121.515274,31.2848892;121.515518,31.2849464;121.516472,31.2851639;121.517593,31.2854347;121.518097,31.2855473;121.518845,31.2857246;121.519493,31.2858658;121.519646,31.2858925;121.519836,31.2859192;121.519981,31.2859287;121.520126,31.2859325;121.520233,31.2859325;121.52034,31.2859249;121.520729,31.2858791;121.520836,31.2858582;121.520935,31.2858353;121.521103,31.2857914;121.52121,31.2857513;121.521324,31.2856941;121.521469,31.2856312;121.521721,31.2854977;121.52182,31.2854214;121.521919,31.285347;121.522064,31.2852402;121.522217,31.28508;121.522285,31.2849903;121.522362,31.2848892;121.522476,31.2847195;121.522598,31.284502;121.523026,31.2835636;121.523399,31.282711;121.523926,31.2815075;121.524117,31.2810764;121.5243,31.2806625;121.524673,31.2798042;121.524925,31.2792225;121.525047,31.2789421;121.525383,31.2781906;121.52565,31.2777119;121.525742,31.2775688;121.525902,31.2773285;121.526047,31.2771339;121.526184,31.2769775;121.526283,31.2768631;121.526558,31.2765732;121.526703,31.2764397;121.527077,31.2761116;121.527405,31.2758541;121.527672,31.2756214;121.528397,31.275013;121.528519,31.2749157;121.528847,31.2746487;121.52935,31.2742443;121.529709,31.2739372;121.530098,31.273592;121.53051,31.2731743;121.530724,31.2729511;121.530884,31.2727776;121.531006,31.2726173;121.53109,31.2725105;121.531273,31.2722797;121.531441,31.2720394;121.531555,31.271862;121.531647,31.2717381;121.531929,31.2712631;121.532059,31.2710629;121.532524,31.2703075;121.532913,31.2696838;121.533279,31.2691555;121.533867,31.2683239;121.535873,31.265604;121.536072,31.2653561;121.536354,31.2649593;121.536789,31.2643871;121.536995,31.2640972;121.537369,31.2635727;121.537941,31.2626972;121.538223,31.2621784;121.538521,31.2616749;121.538834,31.2611961;121.539001,31.2609425;121.539185,31.2606926;121.539429,31.2603645;121.539894,31.2598305;121.540215,31.2594891;121.540443,31.2592449;121.540749,31.2589645;121.540932,31.2588081;121.541405,31.2584305;121.541977,31.2579651;121.543205,31.2569771;121.543701,31.2565689;121.544586,31.2558498;121.545898,31.2548084;121.546509,31.2543335;121.547333,31.2536583;121.54818,31.2529831;121.548424,31.2527733;121.549225,31.2521286;121.549515,31.2519073;121.549774,31.2516708;121.550415,31.2511959;121.550735,31.2509727;121.551094,31.2507381;121.551224,31.250658;121.551468,31.2505283;121.551582,31.2504711;121.55175,31.2503777;121.552162,31.2501774;121.552696,31.249897;121.554688,31.248848;121.555237,31.2485733;121.555588,31.2483635;121.556175,31.2479992;121.556412,31.2478485;121.557014,31.2474174;121.557228,31.247263;121.557762,31.2468185;121.558189,31.2464676;121.55883,31.2458401;121.55957,31.2450848;121.561241,31.243391;121.561867,31.2427559;121.56263,31.2419605;121.563721,31.2407742;121.564461,31.239809;121.564674,31.2395153;121.564835,31.2392712;121.565033,31.2389431;121.565269,31.2384663;121.565887,31.2371254;121.566422,31.23592"
TR0022,2026-06-22T21:31:15,"121.439175,31.235771",3000,5,秣陵路：双向缓慢，从长安路到民立路严重拥堵，从梅园路到民立路严重拥堵；南北高架路：从共和新路立交桥到天目中路立交桥行驶缓慢；武宁路：从中宁路到中山北路行驶缓慢；沪太路：恒丰北路立交桥附近自北向南行驶缓慢；潮州路：自西向东缓慢，反向畅通；天目西路：外贸锦程大厦附近自西向东行驶缓慢；镇宁路：自北向南缓慢，从华山路到延安西路行驶缓慢；西康路：从宜昌路到长寿路行驶缓慢；镇坪路：自南向北缓慢，反向畅通；铜仁路：自南向北缓慢，反向畅通；长安路：从秣陵路到恒丰路行驶缓慢；民立路：从共和路到天目西路行驶缓慢。,2,轻度拥堵,73.40%,3.69%,0.74%,22.17%,内环高架路,1,expedite,从罗山路立交桥到龙阳路立交桥,234,50,"-166,-34,-31,-30,-28,-27,-25,-928,-22,-21,-20,-19,-17,-16,-12,-11,-36,-35,-178","121.566628,31.2360229;121.565895,31.2377949;121.565598,31.238472;121.565491,31.2387066;121.565315,31.2390442;121.565224,31.2391949;121.56514,31.2393246;121.56485,31.2397423;121.56469,31.2399368;121.564323,31.2403507;121.56411,31.240591;121.563644,31.241045;121.562614,31.2421341;121.560219,31.2445431;121.559715,31.2450581;121.558907,31.2458801;121.558273,31.2464886;121.557549,31.2471104;121.557411,31.2472229;121.556702,31.2477417;121.556267,31.2480316;121.555855,31.2482891;121.555573,31.248457;121.555267,31.2486267;121.554718,31.2489204;121.55407,31.2492619;121.553879,31.2493591;121.553719,31.2494488;121.553261,31.2496929;121.552811,31.2499237;121.552345,31.2501869;121.551926,31.2504005;121.551361,31.2506981;121.5513,31.2507381;121.550919,31.2509823;121.550507,31.2512531;121.550255,31.2514439;121.550041,31.2516098;121.548744,31.2526798;121.54821,31.2531109;121.54734,31.2538185;121.545937,31.2549324;121.544624,31.2560081;121.544044,31.2564754;121.543411,31.2569904;121.542198,31.2579689;121.541687,31.2583828;121.541473,31.2585468;121.540901,31.2590179;121.540512,31.2593784;121.540123,31.2597828;121.539963,31.2599506;121.539543,31.2604542;121.539146,31.261013;121.53904,31.2611828;121.538383,31.2622185;121.538132,31.2626667;121.537834,31.2631607;121.537682,31.2633858;121.537498,31.2636452;121.536797,31.2646141;121.536507,31.2650051;121.536018,31.2656708;121.535393,31.2664795;121.534897,31.2671509;121.534576,31.2675819;121.534065,31.2682705;121.53363,31.2688313;121.53344,31.2691021;121.533264,31.2693653;121.53257,31.2704258;121.532349,31.2707691;121.532036,31.2712765;121.531517,31.2720661;121.53138,31.2722797;121.531113,31.2726402;121.531006,31.2727776;121.530861,31.272934;121.530685,31.273138;121.530487,31.2733326;121.530273,31.2735462;121.530174,31.2736397;121.529846,31.2739296;121.529243,31.2744312;121.528854,31.2747726;121.528305,31.2752171;121.527763,31.2756577;121.527252,31.2760792;121.52681,31.276453;121.526398,31.2768497;121.526237,31.2770405;121.526009,31.2773247;121.525833,31.2775822;121.525742,31.277729;121.525612,31.2779636;121.525475,31.278223;121.525352,31.2784939;121.525284,31.2786674;121.524773,31.2798138;121.524445,31.2805328;121.524216,31.2810841;121.523865,31.2818489;121.523659,31.2823372;121.523247,31.2832584;121.523094,31.2836132;121.522667,31.2845726;121.522491,31.2848892;121.522346,31.2850571;121.522293,31.2851105;121.522186,31.285223;121.522026,31.2853546;121.521851,31.2854977;121.52169,31.2856083;121.521545,31.2856808;121.521461,31.2857246;121.521248,31.2858219;121.521103,31.2858658;121.52095,31.2859116;121.520782,31.2859554;121.520393,31.286005;121.520248,31.286005;121.520081,31.286005;121.519806,31.2859859;121.519661,31.285965;121.51947,31.2859287;121.519073,31.2858391;121.518364,31.2856884;121.518059,31.2856274;121.517029,31.2853947;121.516335,31.2852097;121.515076,31.2849331;121.514793,31.2848625;121.514534,31.2848129;121.51429,31.2847729;121.514,31.284729;121.513687,31.2847023;121.513359,31.2846928;121.512978,31.2847118;121.512856,31.2847252;121.512711,31.2847328;121.51255,31.2847557;121.512337,31.2847862;121.51207,31.2848396;121.511665,31.2849503;121.510826,31.285244;121.510208,31.285471;121.509811,31.2856083;121.50843,31.2861195;121.507393,31.2864895;121.506042,31.2869873;121.505814,31.2870617;121.505455,31.2871819;121.50528,31.2872219;121.505135,31.287262;121.50489,31.2873154;121.504662,31.287365;121.504433,31.2873917;121.504135,31.2873955;121.503609,31.2874184;121.501579,31.2874889;121.501175,31.2874985;121.500839,31.2875023;121.500626,31.2874889;121.500443,31.2874718;121.500305,31.2874527;121.50016,31.2874222;121.500015,31.2873917;121.499893,31.2873592;121.499786,31.2873154;121.499664,31.2872715;121.499527,31.2872181;121.499359,31.2871418;121.499199,31.2870445;121.499016,31.2869282;121.498795,31.2867737;121.498367,31.2864532;121.498192,31.2863369;121.498062,31.2862492;121.49794,31.2861824;121.497795,31.2861118;121.497643,31.2860451;121.49749,31.2859859;121.497314,31.2859325;121.497147,31.2858887;121.496979,31.2858486;121.496803,31.2858181;121.496498,31.2857914;121.496231,31.285778;121.495911,31.2857742;121.494614,31.2857819;121.490692,31.2857914;121.490349,31.285778;121.489548,31.2857742;121.4888,31.285778;121.48848,31.2857876;121.487938,31.2858143;121.487633,31.2858391;121.487465,31.285862;121.487251,31.2859058;121.486771,31.286026;121.486542,31.2860794;121.486313,31.286129;121.486115,31.2861557;121.485931,31.2861729;121.48571,31.2861824;121.485504,31.2861691;121.485291,31.2861423;121.484978,31.2860794;121.484856,31.2860451;121.484741,31.286005;121.484642,31.2859688;121.484505,31.2859116;121.484375,31.2858448;121.484238,31.2857685;121.4841,31.2856808;121.483971,31.2855949;121.483826,31.2854576;121.483719,31.285368;121.483612,31.2852402;121.483521,31.2851334;121.483429,31.284996;121.48336,31.2848835;121.483269,31.2847195;121.483185,31.2844982;121.483055,31.2840137;121.483025,31.283823;121.482971,31.2835598;121.482933,31.2833557;121.48288,31.2830887;121.482841,31.2826805;121.482773,31.2812309;121.482758,31.280817;121.48275,31.2805691;121.482719,31.2803459;121.482697,31.2801781;121.482643,31.2799683;121.482567,31.279768;121.482468,31.2795601;121.482346,31.2793503;121.482254,31.2792225;121.48217,31.2791061;121.482101,31.279026;121.481979,31.2789116;121.481728,31.2786846;121.481438,31.2784939;121.481194,31.2783604;121.480743,31.2781334;121.480392,31.2779636;121.479927,31.277729;121.479805,31.2776661;121.479576,31.2775154;121.479446,31.2774353;121.479256,31.2772884;121.479095,31.2771416;121.479019,31.2770672;121.478882,31.2768974;121.47879,31.276783;121.478683,31.2766171;121.478561,31.2764091;121.478333,31.2758808;121.478233,31.2755775;121.47805,31.2750187;121.4776,31.2736359;121.47747,31.2732716;121.477341,31.2729015;121.477264,31.2726765;121.477013,31.2721462;121.476921,31.2719727;121.476196,31.2708321;121.476059,31.2706356;121.475929,31.2704487;121.4757,31.2701473;121.47554,31.2699509;121.475296,31.2696533;121.475136,31.2694893;121.475006,31.269352;121.474861,31.2692089;121.474716,31.2690849;121.474472,31.2688618;121.474167,31.2686081;121.47374,31.26828;121.472923,31.2676792;121.47258,31.2674313;121.472427,31.2673111;121.472115,31.2670441;121.472,31.2669334;121.471893,31.2668228;121.471718,31.2666054;121.471558,31.2663994;121.471321,31.2661018;121.471161,31.2659206;121.471092,31.2658443;121.470932,31.2656841;121.470421,31.2651997;121.470238,31.2650394;121.469833,31.2646809;121.469322,31.2642879;121.468987,31.2640533;121.468605,31.263813;121.468307,31.263649;121.468239,31.2635994;121.467712,31.2633381;121.467049,31.2630539;121.466652,31.262888;121.466347,31.262764;121.465179,31.2623062;121.464607,31.2620754;121.46402,31.2618484;121.462433,31.26124;121.461899,31.2610226;121.461624,31.2609158;121.461372,31.2608318;121.460823,31.2606525;121.459572,31.2603111;121.458313,31.2599964;121.456535,31.2596302;121.456161,31.2595596;121.455505,31.2594128;121.455185,31.259346;121.454865,31.2592888;121.454506,31.2592125;121.454292,31.2591648;121.453117,31.2589207;121.4515,31.2585869;121.449776,31.2582169;121.448853,31.2580318;121.445892,31.2574139;121.445175,31.2572842;121.444977,31.2572308;121.444664,31.257143;121.444305,31.2570133;121.441811,31.2560482;121.437866,31.254528;121.437531,31.2544003;121.437157,31.2542439;121.436928,31.254137;121.436623,31.2539654;121.436409,31.2538185;121.436234,31.2536888;121.43605,31.2535591;121.435913,31.253418;121.435837,31.2533607;121.435745,31.2532539;121.435516,31.2530174;121.435272,31.2527237;121.434723,31.2520447;121.434364,31.2516136;121.434082,31.2513294;121.433815,31.2510662;121.433456,31.2507458;121.432838,31.2502403;121.431984,31.2495956;121.431763,31.2494221;121.431488,31.2491684;121.431221,31.2489071;121.430916,31.2485828;121.43026,31.2478275;121.430008,31.247551;121.429672,31.2472363;121.429474,31.2470627;121.429138,31.2468128;121.428909,31.2466583;121.428642,31.2464924;121.428551,31.2464447;121.428162,31.2462482;121.428024,31.2461872;121.427628,31.2460213;121.426201,31.2454586;121.425865,31.2453117;121.425476,31.2451324;121.423531,31.2440529;121.422562,31.2435074;121.419884,31.2419739;121.418259,31.2410526;121.417313,31.2404881;121.416801,31.2401237;121.416641,31.2399902;121.416252,31.239666;121.416016,31.2394657;121.415848,31.2393074;121.415642,31.2391014;121.415375,31.2388229;121.415298,31.2387333;121.414925,31.2382717;121.41433,31.2374668;121.413918,31.2368889;121.412697,31.235218;121.41259,31.2350712;121.412399,31.2347832;121.412231,31.2345638;121.411919,31.2341385;121.411629,31.2337151;121.411385,31.2333107;121.41127,31.2331066;121.411026,31.2325993;121.410843,31.2321911;121.410667,31.2317028;121.410545,31.2312717;121.410522,31.2311592;121.41037,31.2306004;121.410301,31.2303467;121.410202,31.2299461;121.410149,31.2296619;121.410118,31.2293549;121.41011,31.2290535;121.410126,31.228756;121.410149,31.2285385;121.410172,31.228405;121.410202,31.2282715;121.410248,31.2281017;121.410309,31.2279015;121.410599,31.227005;121.410759,31.2265606;121.410896,31.2260895;121.41098,31.225729;121.411003,31.2255116;121.411026,31.225338;121.411026,31.2251072;121.411003,31.2245865;121.410934,31.223835;121.410851,31.2228851;121.410774,31.2220497;121.410728,31.2213383;121.410667,31.2207165;121.410629,31.2201061;121.410614,31.2198124;121.410614,31.2192039;121.410614,31.2189426;121.410629,31.2186127;121.41069,31.2179413;121.410728,31.2176762;121.410774,31.2173519;121.410835,31.2170315;121.410934,31.2166443;121.410995,31.2163773;121.411102,31.2159786;121.411263,31.2154846;121.411446,31.2149467;121.411705,31.2143459;121.411842,31.2140579;121.411964,31.2138443;121.412056,31.2136631;121.412216,31.2133236;121.412323,31.2131462;121.41256,31.2126884;121.412643,31.2125282;121.412697,31.2123814;121.412758,31.2121601;121.412819,31.2119064;121.412827,31.2118092;121.412834,31.2116795;121.412857,31.2114353;121.412834,31.2112846;121.412827,31.211134;121.41275,31.2107162;121.412659,31.2104053;121.412598,31.2102127;121.412354,31.2095776;121.412086,31.2088795;121.412018,31.2086792;121.411911,31.2083378;121.411842,31.2079735;121.411804,31.2076397;121.411797,31.2074585;121.411797,31.2072582;121.411819,31.2069244;121.41185,31.2066708;121.411911,31.2062092;121.412018,31.2055244;121.412117,31.2047329;121.41243,31.2025547;121.41259,31.201952;121.412697,31.2015686;121.412834,31.2011814;121.413078,31.2005959;121.413254,31.2002316;121.413315,31.2001019;121.413383,31.1999512;121.413567,31.1996441;121.413734,31.1993599;121.41407,31.1988392;121.41526,31.1972446;121.415665,31.1967297;121.416069,31.1961823;121.417725,31.1940002;121.419273,31.1919518;121.41993,31.1910667;121.420998,31.1895733;121.421265,31.1891994;121.421654,31.1886311;121.423447,31.1860542;121.423721,31.1856747;121.42421,31.1849594;121.424278,31.1848621;121.42485,31.1840401;121.425011,31.183836;121.425209,31.1836052;121.425438,31.1833687;121.425659,31.1831741;121.42585,31.1830349;121.426079,31.1828709;121.426544,31.1825867;121.426788,31.1824665;121.427055,31.1823425;121.427292,31.1822491;121.427574,31.1821594;121.427917,31.1820583;121.428246,31.181982;121.430397,31.1815338;121.430931,31.1813965;121.431602,31.1811962;121.431847,31.1811028;121.43264,31.1807785;121.434525,31.1798801;121.434738,31.1797771;121.435204,31.1795902;121.436737,31.1790485;121.438347,31.178503;121.43911,31.1782436;121.439598,31.1780891;121.439804,31.1780624;121.439949,31.1780453;121.440178,31.1780262;121.440247,31.1780224;121.440483,31.1780262;121.440552,31.1780224;121.440697,31.1780319;121.440834,31.1780453;121.440941,31.1780663;121.441315,31.1781559;121.44149,31.1782093;121.441597,31.1782532;121.441757,31.1783295;121.441849,31.1783733;121.441956,31.1784306;121.442154,31.1785736;121.442543,31.1788578;121.444748,31.1805191;121.446007,31.1815109;121.449463,31.1843643;121.449921,31.1846981;121.450333,31.1849689;121.450592,31.1851196;121.450806,31.1852303;121.451019,31.1853371;121.451324,31.1854706;121.451416,31.185503;121.451485,31.1855335;121.452034,31.1857338;121.452393,31.1858273;121.452728,31.185915;121.454788,31.1864529;121.456978,31.1870174;121.457481,31.1871777;121.457695,31.1872673;121.457939,31.1873779;121.459084,31.1880569;121.460091,31.1886711;121.460281,31.1887817;121.461594,31.1895866;121.462135,31.1899147;121.462723,31.1902714;121.463005,31.1904583;121.463341,31.1906929;121.463661,31.1909428;121.464073,31.1912708;121.464531,31.1916275;121.464844,31.1918583;121.465141,31.1920452;121.465302,31.1921387;121.465721,31.1923904;121.466293,31.1927071;121.467407,31.1933193;121.467819,31.1935558;121.468185,31.1937561;121.468513,31.1939297;121.468697,31.1940308;121.469742,31.1945953;121.470367,31.1948795;121.470581,31.1949654;121.471283,31.1952133;121.472801,31.195734;121.473686,31.1960182;121.474007,31.1961288;121.47863,31.1976891;121.479256,31.1979027;121.48011,31.1981964;121.481316,31.1986008;121.481537,31.1986809;121.483109,31.1992092;121.48407,31.1995296;121.485107,31.1998577;121.485611,31.2000351;121.48703,31.2005119;121.488998,31.2011776;121.489502,31.2013683;121.490204,31.2017059;121.490486,31.2018623;121.491112,31.2022533;121.492409,31.2032223;121.495293,31.2054081;121.495834,31.2058125;121.495964,31.205925;121.496513,31.2063236;121.496834,31.206543;121.497185,31.2067471;121.497475,31.2069016;121.497597,31.2069645;121.497704,31.2070141;121.498795,31.2074089;121.499359,31.2076359;121.499451,31.2076664;121.499519,31.2076797;121.499588,31.2076893;121.499664,31.2076931;121.499779,31.2076931;121.499878,31.2076797;121.499992,31.2076492;121.500114,31.2076054;121.500305,31.2075119;121.500427,31.2074661;121.500854,31.2073021;121.501205,31.2071857;121.50135,31.2071381;121.501549,31.2070808;121.501656,31.207058;121.50177,31.2070408;121.501907,31.2070351;121.502045,31.2070408;121.502167,31.2070541;121.502274,31.2070713;121.50238,31.2071114;121.50251,31.2071609;121.502632,31.2072182;121.502724,31.2072887;121.502846,31.2073994;121.502945,31.2075119;121.503021,31.2076435;121.503075,31.2077827;121.50309,31.2079067;121.503105,31.2080097;121.50309,31.2081203;121.503075,31.2082043;121.503059,31.2082882;121.503021,31.2083817;121.502968,31.2084885;121.502914,31.2085781;121.502846,31.2086716;121.502777,31.2087517;121.502686,31.2088394;121.502594,31.2089157;121.502464,31.2089958;121.502365,31.2090435;121.502281,31.2090797;121.502151,31.2091293;121.502007,31.2091637;121.501846,31.209177;121.501686,31.2091827;121.501511,31.2091637;121.501358,31.209137;121.501198,31.2090893;121.501099,31.2090492;121.500984,31.208992;121.500877,31.2089195;121.500763,31.2088261;121.500656,31.2087288;121.500587,31.2086487;121.500534,31.2085609;121.500473,31.2084675;121.500427,31.2083511;121.500381,31.2082405;121.500359,31.2080841;121.500359,31.2079697;121.500366,31.2078667;121.500389,31.2077465;121.500427,31.2076435;121.500481,31.2075253;121.500526,31.2074394;121.500572,31.2073689;121.500626,31.2073059;121.500694,31.2072353;121.500839,31.2071342;121.500916,31.2070751;121.501228,31.2069206;121.502159,31.2065601;121.502983,31.2062531;121.504425,31.2057076;121.505173,31.2054348;121.505959,31.205164;121.508133,31.2043552;121.509323,31.203928;121.510086,31.2036629;121.51152,31.2031326;121.512222,31.2028942;121.513214,31.2025681;121.513817,31.2024136;121.515938,31.2019062;121.517212,31.2015953;121.518044,31.2014046;121.520355,31.2008839;121.522842,31.2003117;121.524055,31.2000351;121.524834,31.199831;121.526665,31.1994267;121.530388,31.1985416;121.53241,31.198103;121.533669,31.1978035;121.534416,31.1976051"
TR0023,2026-06-22T21:31:15,"121.439175,31.235771",3000,5,秣陵路：双向缓慢，从长安路到民立路严重拥堵，从梅园路到民立路严重拥堵；南北高架路：从共和新路立交桥到天目中路立交桥行驶缓慢；武宁路：从中宁路到中山北路行驶缓慢；沪太路：恒丰北路立交桥附近自北向南行驶缓慢；潮州路：自西向东缓慢，反向畅通；天目西路：外贸锦程大厦附近自西向东行驶缓慢；镇宁路：自北向南缓慢，从华山路到延安西路行驶缓慢；西康路：从宜昌路到长寿路行驶缓慢；镇坪路：自南向北缓慢，反向畅通；铜仁路：自南向北缓慢，反向畅通；长安路：从秣陵路到恒丰路行驶缓慢；民立路：从共和路到天目西路行驶缓慢。,2,轻度拥堵,73.40%,3.69%,0.74%,22.17%,南北高架路,1,expedite,从耀华路出入口到联谊路,102,50,"50,49,48,46,45,43,41,38,37,151,150","121.48008,31.1670971;121.479576,31.1682892;121.479164,31.1692924;121.478233,31.171627;121.478142,31.1718674;121.478119,31.1719913;121.478096,31.1720657;121.478081,31.1721554;121.478065,31.1723595;121.478043,31.1726627;121.478065,31.1729107;121.478119,31.173214;121.478188,31.1734219;121.478287,31.1736584;121.478523,31.1740837;121.478638,31.1742439;121.478775,31.1743946;121.479172,31.1747551;121.479431,31.1749382;121.480034,31.1752529;121.482399,31.1764488;121.483238,31.1768894;121.483513,31.1770668;121.483742,31.1772537;121.483986,31.1774883;121.484138,31.1776752;121.484329,31.1779423;121.484428,31.178112;121.484497,31.1782703;121.484596,31.1785164;121.484688,31.1788311;121.484711,31.1791019;121.484726,31.1793652;121.484695,31.1797733;121.484665,31.179903;121.484566,31.1802349;121.484444,31.1805553;121.483238,31.1836262;121.482277,31.1861019;121.48082,31.1898098;121.479828,31.1923733;121.479721,31.1926441;121.478912,31.1946316;121.478645,31.1951504;121.478508,31.1954002;121.478027,31.1961727;121.477615,31.1968536;121.477455,31.1971378;121.477371,31.1973248;121.47715,31.1978264;121.476303,31.2001247;121.476021,31.2008896;121.473732,31.2071476;121.473022,31.2090664;121.472794,31.2095642;121.47258,31.2099724;121.472382,31.2103024;121.472092,31.2107639;121.471916,31.2110081;121.471748,31.2112751;121.471642,31.2114391;121.470963,31.2125511;121.470833,31.2127953;121.470779,31.2129154;121.470718,31.213089;121.470657,31.2132931;121.470612,31.2134933;121.470566,31.2138538;121.470558,31.2140141;121.470581,31.214365;121.470596,31.2145729;121.470665,31.2149773;121.471054,31.2164497;121.471558,31.2182846;121.471786,31.2191162;121.47184,31.219408;121.471893,31.2197876;121.471901,31.2200718;121.471901,31.2202721;121.471878,31.2205963;121.471825,31.2208748;121.471802,31.2210083;121.471748,31.2211914;121.47171,31.2213249;121.471626,31.2215252;121.471397,31.2219963;121.471237,31.2222748;121.471107,31.2224674;121.47094,31.2226849;121.470795,31.2228661;121.470543,31.2231197;121.469193,31.2244053;121.468658,31.2248974;121.4683,31.225275;121.46814,31.2254753;121.468018,31.225626;121.467964,31.2257061;121.467804,31.2259693;121.467651,31.2262363;121.467499,31.2265873;121.467415,31.2268658;121.467339,31.2271652;121.467308,31.2275162;121.467255,31.2278938;121.467255,31.2279911;121.467216,31.2285156;121.467148,31.2295742;121.467079,31.230444;121.467026,31.2309608;121.466949,31.2313957;121.466843,31.2320042;121.466667,31.2329865;121.466492,31.2338753;121.466385,31.2343159;121.466286,31.2346497;121.466187,31.2349148;121.466118,31.2350845;121.465958,31.2354088;121.465752,31.2357693;121.465157,31.2367554;121.46489,31.2371902;121.464577,31.2378006;121.464394,31.2381916;121.463943,31.2392311;121.463531,31.2402401;121.463257,31.2409325;121.463257,31.2410526;121.462967,31.241827;121.46286,31.2419147;121.462578,31.2426224;121.462471,31.2428799;121.462418,31.2431164;121.462372,31.2433949;121.462349,31.2436714;121.462341,31.2439919;121.462379,31.244463;121.462433,31.2448215;121.462563,31.2454319;121.46283,31.2465954;121.462952,31.2470932;121.463104,31.2478409;121.463257,31.2485294;121.463432,31.2494049;121.463501,31.2497387;121.463623,31.2504482;121.463669,31.2507992;121.46373,31.2514133;121.463806,31.2522888;121.463821,31.2526169;121.463821,31.2535782;121.463806,31.2544365;121.463783,31.2550926;121.463783,31.2554035;121.463753,31.2559242;121.46373,31.2562275;121.463707,31.2567787;121.463676,31.25704;121.463623,31.2573147;121.463516,31.2577324;121.463432,31.2579918;121.463364,31.258173;121.463287,31.2583637;121.463074,31.2588482;121.462952,31.2590942;121.462799,31.2593594;121.462708,31.2594986;121.462547,31.2597065;121.462433,31.2598495;121.462257,31.2600403;121.46199,31.2603016;121.461723,31.2605953;121.461548,31.2607727;121.461388,31.2609386;121.461227,31.2611103;121.461113,31.26124;121.460999,31.2613831;121.460815,31.2616081;121.460709,31.2617645;121.460587,31.2619514;121.460442,31.2621994;121.460358,31.2623997;121.460251,31.2626305;121.459999,31.2633114;121.459557,31.2644806;121.459274,31.2652798;121.458931,31.2661209;121.458832,31.2663517;121.45871,31.2666264;121.458595,31.2668571;121.458344,31.2673378;121.457985,31.2679653;121.45726,31.2690983;121.456856,31.2696972;121.456421,31.2703552;121.45607,31.2708797;121.454628,31.2729683;121.454185,31.2736187;121.453888,31.2740898;121.45369,31.2744045;121.453529,31.2746925;121.453232,31.2752533;121.453102,31.2755413;121.452995,31.2758312;121.452744,31.2764568;121.45266,31.2767162;121.452553,31.2770844;121.452362,31.2779026;121.452316,31.278183;121.452286,31.2784672;121.452202,31.2792225;121.452003,31.2813778;121.45195,31.2820625;121.451897,31.2826805;121.451843,31.2833958;121.451645,31.2856083;121.451538,31.286417;121.451469,31.2869473;121.451378,31.2874126;121.451309,31.2878036;121.451012,31.2891865;121.450134,31.2932262;121.449974,31.2939682;121.44986,31.2945461;121.449455,31.2964172;121.449272,31.2973785;121.449188,31.2977867;121.449066,31.2985592;121.448975,31.2995338;121.448921,31.3003502;121.448868,31.3014984;121.448692,31.304987;121.448654,31.3057384;121.448654,31.3059559;121.448654,31.3062;121.448677,31.3066444;121.44873,31.3074226;121.448746,31.3078842;121.448746,31.3080177;121.448746,31.3086891;121.44873,31.3089333;121.448502,31.3141022;121.448479,31.3143024;121.448463,31.3144894;121.448402,31.3151016;121.448357,31.3153915;121.448311,31.3156357;121.448196,31.3162003;121.448158,31.3163338;121.44809,31.3165951;121.447983,31.3169327;121.447929,31.317112;121.447838,31.3173866;121.447624,31.3179073;121.447327,31.3185997;121.446953,31.319418;121.446579,31.3202305;121.444801,31.3241196;121.444481,31.3248177;121.44426,31.3253117;121.441475,31.3314133;121.441422,31.3315105;121.440033,31.3345203;121.43943,31.3360214;121.439262,31.3364315;121.439117,31.336813;121.438919,31.3373508;121.437706,31.3403244;121.437439,31.3409996;121.436195,31.3440304;121.435646,31.3453865;121.435379,31.346138;121.435188,31.346756"
TR0024,2026-06-22T21:31:15,"121.439175,31.235771",3000,5,秣陵路：双向缓慢，从长安路到民立路严重拥堵，从梅园路到民立路严重拥堵；南北高架路：从共和新路立交桥到天目中路立交桥行驶缓慢；武宁路：从中宁路到中山北路行驶缓慢；沪太路：恒丰北路立交桥附近自北向南行驶缓慢；潮州路：自西向东缓慢，反向畅通；天目西路：外贸锦程大厦附近自西向东行驶缓慢；镇宁路：自北向南缓慢，从华山路到延安西路行驶缓慢；西康路：从宜昌路到长寿路行驶缓慢；镇坪路：自南向北缓慢，反向畅通；铜仁路：自南向北缓慢，反向畅通；长安路：从秣陵路到恒丰路行驶缓慢；民立路：从共和路到天目西路行驶缓慢。,2,轻度拥堵,73.40%,3.69%,0.74%,22.17%,南北高架路,1,expedite,从联谊路到共和新路立交桥,285,55,"-151,-37,-38,-41","121.434891,31.3467331;121.434967,31.3463821;121.435112,31.345911;121.435234,31.3454762;121.43541,31.344986;121.435608,31.3444939;121.435966,31.3436222;121.43618,31.343071;121.436584,31.3421059;121.437401,31.3401413;121.437546,31.339777;121.437988,31.3387165;121.438408,31.337738;121.438782,31.3369026;121.439262,31.3358974;121.439919,31.3344975;121.441307,31.3315105;121.441368,31.3313828;121.444588,31.324337;121.445297,31.3227997;121.446098,31.321022;121.446327,31.320507;121.446861,31.3193512;121.447487,31.317955;121.447594,31.3177147;121.447701,31.3174496;121.447891,31.3168888;121.447945,31.3167019;121.448036,31.3164043;121.448097,31.3161373;121.448151,31.3159065;121.448235,31.3154755;121.448288,31.3151779;121.448311,31.3149147;121.448364,31.3144302;121.44838,31.3140926;121.448524,31.3111057;121.448624,31.3090305;121.448639,31.308609;121.448639,31.3081245;121.448631,31.3076496;121.448578,31.3067017;121.448563,31.3063469;121.448547,31.3060799;121.448547,31.3057861;121.448578,31.3052444;121.448616,31.3044624;121.448692,31.3029823;121.44873,31.3021507;121.448792,31.3009205;121.448868,31.2991638;121.448936,31.2985382;121.448959,31.2984047;121.449028,31.2979298;121.449188,31.2971153;121.449615,31.2951298;121.449867,31.2939415;121.450066,31.2930183;121.450157,31.2925243;121.45031,31.2918587;121.451111,31.2881432;121.45118,31.2877769;121.451233,31.2875385;121.451347,31.2868671;121.451477,31.2859383;121.451523,31.2855473;121.451576,31.284893;121.451653,31.2841911;121.451897,31.2814846;121.452087,31.2792225;121.452126,31.278862;121.452263,31.2778625;121.452423,31.2771339;121.452553,31.27668;121.452621,31.2765102;121.452675,31.2763691;121.452866,31.2758808;121.452957,31.2756271;121.453102,31.2753029;121.453209,31.2750835;121.453552,31.2744312;121.453903,31.2738628;121.454185,31.2734261;121.454872,31.2724228;121.455589,31.2713871;121.457108,31.2691116;121.457428,31.2686176;121.45771,31.2681961;121.458023,31.2676716;121.45826,31.2672272;121.458588,31.2665863;121.458755,31.2662086;121.458885,31.2658672;121.459038,31.2654362;121.459579,31.2641296;121.459824,31.263525;121.459999,31.2630405;121.460144,31.2626495;121.46022,31.2624702;121.460411,31.262085;121.46064,31.2617073;121.460762,31.2615242;121.460907,31.2613335;121.461281,31.2608929;121.461479,31.2607117;121.461617,31.2605591;121.46183,31.2603474;121.462074,31.2601013;121.462166,31.2600002;121.462212,31.2599468;121.462402,31.259716;121.462585,31.2594662;121.462685,31.2593193;121.462799,31.2591324;121.462967,31.2588348;121.463066,31.2586098;121.463219,31.2582531"
TR0025,2026-06-22T21:31:15,"121.439175,31.235771",3000,5,秣陵路：双向缓慢，从长安路到民立路严重拥堵，从梅园路到民立路严重拥堵；南北高架路：从共和新路立交桥到天目中路立交桥行驶缓慢；武宁路：从中宁路到中山北路行驶缓慢；沪太路：恒丰北路立交桥附近自北向南行驶缓慢；潮州路：自西向东缓慢，反向畅通；天目西路：外贸锦程大厦附近自西向东行驶缓慢；镇宁路：自北向南缓慢，从华山路到延安西路行驶缓慢；西康路：从宜昌路到长寿路行驶缓慢；镇坪路：自南向北缓慢，反向畅通；铜仁路：自南向北缓慢，反向畅通；长安路：从秣陵路到恒丰路行驶缓慢；民立路：从共和路到天目西路行驶缓慢。,2,轻度拥堵,73.40%,3.69%,0.74%,22.17%,武宁路,1,expedite,从真北路立交桥到中宁路,355,45,"707,706,3550,705,4105","121.38842,31.2467422;121.388809,31.2466354;121.388992,31.2465782;121.390175,31.2462616;121.391136,31.2459965;121.391678,31.2458534;121.391914,31.2458572;121.392548,31.245676;121.39447,31.2452183;121.394646,31.2452221;121.395042,31.2451057;121.395592,31.2449951;121.396156,31.2449017;121.396935,31.2448006;121.397438,31.2447472;121.398224,31.2446842;121.398819,31.2446537;121.39917,31.2446175;121.399719,31.2446003;121.400925,31.2445965;121.402359,31.2446098;121.40274,31.244627;121.403145,31.2446537;121.403664,31.2446938;121.404442,31.2447815;121.405228,31.2448845;121.405975,31.245018;121.406944,31.2451954;121.408104,31.2454185;121.408585,31.2454891;121.408928,31.245533;121.409225,31.2455597;121.409897,31.2455902;121.410263,31.2455902;121.410599,31.2455826;121.411095,31.2455521;121.411552,31.2455158;121.41198,31.2454586;121.41243,31.2453823;121.412872,31.2452888;121.413094,31.2452316"
TR0026,2026-06-22T21:31:15,"121.439175,31.235771",3000,5,秣陵路：双向缓慢，从长安路到民立路严重拥堵，从梅园路到民立路严重拥堵；南北高架路：从共和新路立交桥到天目中路立交桥行驶缓慢；武宁路：从中宁路到中山北路行驶缓慢；沪太路：恒丰北路立交桥附近自北向南行驶缓慢；潮州路：自西向东缓慢，反向畅通；天目西路：外贸锦程大厦附近自西向东行驶缓慢；镇宁路：自北向南缓慢，从华山路到延安西路行驶缓慢；西康路：从宜昌路到长寿路行驶缓慢；镇坪路：自南向北缓慢，反向畅通；铜仁路：自南向北缓慢，反向畅通；长安路：从秣陵路到恒丰路行驶缓慢；民立路：从共和路到天目西路行驶缓慢。,2,轻度拥堵,73.40%,3.69%,0.74%,22.17%,武宁路,1,expedite,从中山北路到长寿路,317,50,701,"121.419395,31.2415638;121.419479,31.2415028;121.421387,31.2399826;121.422577,31.2390614;121.423485,31.2383461;121.424393,31.237648;121.424583,31.2374897;121.425034,31.2371464;121.426331,31.2361336;121.42939,31.2337379;121.429741,31.2335339"
TR0027,2026-06-22T21:31:15,"121.439175,31.235771",3000,5,秣陵路：双向缓慢，从长安路到民立路严重拥堵，从梅园路到民立路严重拥堵；南北高架路：从共和新路立交桥到天目中路立交桥行驶缓慢；武宁路：从中宁路到中山北路行驶缓慢；沪太路：恒丰北路立交桥附近自北向南行驶缓慢；潮州路：自西向东缓慢，反向畅通；天目西路：外贸锦程大厦附近自西向东行驶缓慢；镇宁路：自北向南缓慢，从华山路到延安西路行驶缓慢；西康路：从宜昌路到长寿路行驶缓慢；镇坪路：自南向北缓慢，反向畅通；铜仁路：自南向北缓慢，反向畅通；长安路：从秣陵路到恒丰路行驶缓慢；民立路：从共和路到天目西路行驶缓慢。,2,轻度拥堵,73.40%,3.69%,0.74%,22.17%,武宁路,1,expedite,从长寿路到真北路立交桥,158,45,"-704,-4105,-705,-3550,-706,-707","121.429825,31.2336273;121.429527,31.2338181;121.426918,31.2358494;121.425972,31.2365875;121.424744,31.2375431;121.4245,31.2377548;121.422684,31.2391644;121.42247,31.2393112;121.420364,31.2409153;121.419563,31.2415962;121.41938,31.2417431;121.419334,31.2417908;121.419167,31.2419281;121.41687,31.2437019;121.416763,31.2437725;121.416054,31.2442265;121.414993,31.2447472;121.414536,31.2449512;121.413994,31.2451553;121.413155,31.2453995;121.412888,31.2454624;121.41198,31.2456264;121.411713,31.2456665;121.411491,31.2456932;121.411148,31.2457161;121.410828,31.2457466;121.410507,31.2457638;121.410149,31.2457638;121.409821,31.2457561;121.40976,31.2457561;121.409172,31.2457199;121.408875,31.2457027;121.408783,31.2456932;121.408508,31.2456532;121.40789,31.2455425;121.407516,31.245472;121.40583,31.2451324;121.404869,31.2449818;121.40435,31.2449112;121.403954,31.244875;121.40361,31.2448406;121.402542,31.2447605;121.402344,31.2447548;121.401634,31.2447548;121.400993,31.2447472;121.400658,31.2447472;121.399681,31.2447681;121.399147,31.2447872;121.398827,31.2448139;121.398216,31.2448444;121.397461,31.2449074;121.397011,31.2449608;121.396889,31.2449818;121.396614,31.2450314;121.396255,31.2450848;121.395966,31.2451458;121.395737,31.2451954;121.39502,31.2453289;121.393188,31.2458267;121.391983,31.2461643;121.391792,31.246315;121.390518,31.2466393;121.389435,31.2469521;121.388664,31.2471466"
TR0028,2026-06-22T21:31:15,"121.439175,31.235771",3000,5,秣陵路：双向缓慢，从长安路到民立路严重拥堵，从梅园路到民立路严重拥堵；南北高架路：从共和新路立交桥到天目中路立交桥行驶缓慢；武宁路：从中宁路到中山北路行驶缓慢；沪太路：恒丰北路立交桥附近自北向南行驶缓慢；潮州路：自西向东缓慢，反向畅通；天目西路：外贸锦程大厦附近自西向东行驶缓慢；镇宁路：自北向南缓慢，从华山路到延安西路行驶缓慢；西康路：从宜昌路到长寿路行驶缓慢；镇坪路：自南向北缓慢，反向畅通；铜仁路：自南向北缓慢，反向畅通；长安路：从秣陵路到恒丰路行驶缓慢；民立路：从共和路到天目西路行驶缓慢。,2,轻度拥堵,73.40%,3.69%,0.74%,22.17%,沪太路,1,expedite,从普善路到Ｇ１５０１上海绕城高速出入口,123,45,"791,792,793,795,4510,796,4981,797,798,799,1129,4983","121.458397,31.2538853;121.457672,31.2533951;121.456299,31.2536087;121.455383,31.2537327;121.454895,31.2537918;121.454292,31.2538261;121.45414,31.2538528;121.454071,31.2538853;121.453972,31.2539387;121.453728,31.2541199;121.453255,31.2545414;121.453171,31.2546139;121.453011,31.254755;121.452354,31.2552891;121.452072,31.2554436;121.451843,31.2556229;121.4515,31.2558937;121.451324,31.2560616;121.451172,31.2562141;121.451096,31.2563152;121.450989,31.2564354;121.450775,31.2567387;121.450539,31.2570896;121.450256,31.257515;121.450104,31.2577515;121.449982,31.258009;121.449921,31.2581425;121.449814,31.2582836;121.449654,31.2584934;121.449051,31.2592754;121.448654,31.2597904;121.447876,31.2608452;121.447487,31.2613735;121.447441,31.2614365;121.447273,31.2616405;121.446381,31.2628174;121.445854,31.2634888;121.445618,31.2637863;121.445404,31.26408;121.444252,31.265564;121.444153,31.265707;121.443733,31.2662659;121.443352,31.2667561;121.44313,31.2670498;121.442871,31.2673073;121.442749,31.2674179;121.442635,31.267498;121.442444,31.267622;121.442329,31.2676849;121.442047,31.2678185;121.441566,31.2679691;121.439735,31.2685871;121.439537,31.2686405;121.437965,31.2691517;121.437393,31.2693691;121.43721,31.2694626;121.437042,31.2695427;121.436455,31.2698536;121.435608,31.2703552;121.434738,31.270813;121.43351,31.2714043;121.432739,31.2718182;121.431946,31.2724133;121.431877,31.2724705;121.431564,31.2727737;121.431335,31.2730408;121.431038,31.2734184;121.430557,31.2740974;121.429886,31.2749691;121.429749,31.2751026;121.428833,31.276062;121.427574,31.277338;121.427292,31.2775917;121.427048,31.2777996;121.425957,31.2786846;121.425797,31.2788391;121.425385,31.2792225;121.425102,31.2795296;121.424873,31.2797909;121.42466,31.2800579;121.424477,31.2802887;121.424316,31.2805195;121.42424,31.2806454;121.424088,31.28088;121.423965,31.2810974;121.423363,31.2821198;121.422852,31.2829952;121.422615,31.2833824;121.421921,31.284565;121.421837,31.2847023;121.421669,31.2849464;121.421013,31.2860317;121.420677,31.2866173;121.420044,31.287672;121.419662,31.2883282;121.418556,31.2901955;121.418137,31.2909431;121.417389,31.2921772;121.417084,31.2927208;121.416069,31.2944317;121.415558,31.2952881;121.414864,31.2964706;121.41465,31.2968273;121.414459,31.2972355;121.414398,31.2973919;121.414299,31.2976398;121.414238,31.2978401;121.414017,31.2986851;121.413902,31.2992096;121.413872,31.2993832;121.413849,31.2996273;121.413834,31.2998581;121.413795,31.3009014;121.413788,31.3018665;121.413757,31.3034668;121.413757,31.303688;121.413742,31.3039074;121.413727,31.3041115;121.413696,31.304285;121.41362,31.3047466;121.413582,31.3049335;121.41346,31.3054085;121.413368,31.3056927;121.413208,31.3061333;121.413048,31.3065205;121.412918,31.3067951;121.412766,31.3071194;121.412567,31.3074932;121.41243,31.3077507;121.412018,31.3083992;121.411903,31.3085861;121.411163,31.3097954;121.410683,31.3105869;121.410439,31.3110142;121.410202,31.3114357;121.410019,31.3117962;121.409454,31.312973;121.409264,31.3134308;121.40905,31.3139248;121.408691,31.3148746;121.408447,31.3156223;121.408287,31.3161201;121.408157,31.3165245;121.407784,31.3179779;121.407707,31.3183689;121.407616,31.3188896;121.407455,31.3200703;121.407379,31.3208447;121.407341,31.3213387;121.407219,31.3238449;121.407204,31.3242264;121.407166,31.324564;121.407104,31.3251648;121.407043,31.3256836;121.406952,31.3262177;121.40686,31.3266182;121.406792,31.3269558;121.406693,31.3273735;121.406601,31.327774;121.406563,31.3279152;121.406433,31.3283291;121.406364,31.3285904;121.406303,31.3288002;121.406044,31.3297253;121.40551,31.3315372;121.405449,31.3317547;121.405342,31.3320942;121.405212,31.3324928;121.405075,31.3328667;121.404999,31.3330898;121.404808,31.3335114;121.404694,31.3337517;121.40448,31.3341904;121.404305,31.3345108;121.404198,31.3347015;121.403732,31.3354435;121.403572,31.3357029;121.403145,31.3363743;121.402794,31.3369331;121.401825,31.3384495;121.401497,31.3389549;121.401176,31.3394394;121.400566,31.340374;121.400269,31.3407459;121.400017,31.3410397;121.399666,31.3414173;121.399376,31.3416939;121.399132,31.3419209;121.39872,31.3422527;121.398361,31.3425198;121.398079,31.3427467;121.397232,31.3432484;121.396904,31.343399;121.3965,31.3436127;121.39637,31.3436451;121.396286,31.3436852;121.395638,31.3439636;121.393906,31.344635;121.393349,31.3448524;121.392654,31.3451252;121.391937,31.3454094;121.389992,31.3461685;121.38942,31.3464088;121.388763,31.3466721;121.388199,31.3468933;121.387306,31.3472271;121.386398,31.3475685;121.386269,31.3476181;121.38591,31.3477688;121.385788,31.3478222;121.385559,31.347929;121.384987,31.3482227;121.384605,31.348444;121.384094,31.3487644;121.383751,31.3490143;121.383415,31.3492851;121.383125,31.3495235;121.382828,31.3498096;121.382607,31.3500443;121.382141,31.3505993;121.381737,31.3511295;121.381653,31.3512573;121.38118,31.3520088;121.380783,31.3526707;121.380341,31.3534126;121.379646,31.3545551;121.379379,31.3549957;121.37838,31.3566971;121.377831,31.3576088;121.377602,31.3579559;121.377174,31.3585472;121.376892,31.3589325;121.376678,31.3591957;121.37384,31.362751;121.373459,31.3632393;121.373283,31.363472;121.372658,31.364418;121.37207,31.3653698;121.372032,31.3654537;121.371155,31.3674583;121.370148,31.3692493;121.370064,31.3694;121.369987,31.369524;121.369904,31.3696442;121.369759,31.3698311;121.36969,31.369915;121.368408,31.3713284;121.368233,31.3714581;121.366096,31.3731155;121.365105,31.3740616;121.364746,31.3744926;121.364586,31.3746986;121.364151,31.375288;121.363663,31.3759518;121.362877,31.3771286;121.361176,31.3797684;121.359467,31.3823948;121.359238,31.3827858;121.359093,31.3830395;121.358879,31.3834763;121.358772,31.3837643;121.358772,31.383791"
TR0029,2026-06-22T21:31:15,"121.439175,31.235771",3000,5,秣陵路：双向缓慢，从长安路到民立路严重拥堵，从梅园路到民立路严重拥堵；南北高架路：从共和新路立交桥到天目中路立交桥行驶缓慢；武宁路：从中宁路到中山北路行驶缓慢；沪太路：恒丰北路立交桥附近自北向南行驶缓慢；潮州路：自西向东缓慢，反向畅通；天目西路：外贸锦程大厦附近自西向东行驶缓慢；镇宁路：自北向南缓慢，从华山路到延安西路行驶缓慢；西康路：从宜昌路到长寿路行驶缓慢；镇坪路：自南向北缓慢，反向畅通；铜仁路：自南向北缓慢，反向畅通；长安路：从秣陵路到恒丰路行驶缓慢；民立路：从共和路到天目西路行驶缓慢。,2,轻度拥堵,73.40%,3.69%,0.74%,22.17%,沪太路,1,expedite,从恒丰路立交桥到普善路,344,50,-790,"121.45208,31.2553558;121.452316,31.2552395;121.452972,31.2547207;121.45314,31.254591;121.453224,31.2545242;121.453705,31.2541027;121.453957,31.2539158;121.454056,31.2538586;121.454132,31.2538261;121.454292,31.2537994;121.454887,31.2537594;121.455376,31.2537022;121.456299,31.253582;121.457687,31.2533741;121.45842,31.2538624"
TR0030,2026-06-22T21:31:15,"121.439175,31.235771",3000,5,秣陵路：双向缓慢，从长安路到民立路严重拥堵，从梅园路到民立路严重拥堵；南北高架路：从共和新路立交桥到天目中路立交桥行驶缓慢；武宁路：从中宁路到中山北路行驶缓慢；沪太路：恒丰北路立交桥附近自北向南行驶缓慢；潮州路：自西向东缓慢，反向畅通；天目西路：外贸锦程大厦附近自西向东行驶缓慢；镇宁路：自北向南缓慢，从华山路到延安西路行驶缓慢；西康路：从宜昌路到长寿路行驶缓慢；镇坪路：自南向北缓慢，反向畅通；铜仁路：自南向北缓慢，反向畅通；长安路：从秣陵路到恒丰路行驶缓慢；民立路：从共和路到天目西路行驶缓慢。,2,轻度拥堵,73.40%,3.69%,0.74%,22.17%,衡山路,1,expedite,从天平路到桃江路,57,35,"1492,4027,1493","121.440247,31.1962261;121.440605,31.1966934;121.440895,31.1971016;121.441383,31.1977921;121.441673,31.1981564;121.442932,31.1998405;121.443092,31.2000313;121.443481,31.2005692;121.444534,31.201973;121.445351,31.2030888;121.445503,31.2033024;121.445679,31.2035332;121.445923,31.2038364;121.446739,31.204937;121.447464,31.2059155;121.447609,31.2061329;121.448097,31.2068005;121.448288,31.2070541;121.448692,31.2075691;121.449478,31.2086449;121.450096,31.2094707"
TR0031,2026-06-22T21:31:15,"121.439175,31.235771",3000,5,秣陵路：双向缓慢，从长安路到民立路严重拥堵，从梅园路到民立路严重拥堵；南北高架路：从共和新路立交桥到天目中路立交桥行驶缓慢；武宁路：从中宁路到中山北路行驶缓慢；沪太路：恒丰北路立交桥附近自北向南行驶缓慢；潮州路：自西向东缓慢，反向畅通；天目西路：外贸锦程大厦附近自西向东行驶缓慢；镇宁路：自北向南缓慢，从华山路到延安西路行驶缓慢；西康路：从宜昌路到长寿路行驶缓慢；镇坪路：自南向北缓慢，反向畅通；铜仁路：自南向北缓慢，反向畅通；长安路：从秣陵路到恒丰路行驶缓慢；民立路：从共和路到天目西路行驶缓慢。,2,轻度拥堵,73.40%,3.69%,0.74%,22.17%,衡山路,1,expedite,从桃江路到天平路,237,35,"-4027,-1492,-1491","121.450073,31.2094841;121.449455,31.208662;121.448669,31.2075863;121.448265,31.2070713;121.448074,31.2068176;121.447594,31.2061462;121.447441,31.2059326;121.446709,31.2049503;121.445892,31.2038498;121.445656,31.2035465;121.445473,31.2033157;121.445328,31.2031021;121.444504,31.201992;121.443459,31.2005825;121.443077,31.2000484;121.442894,31.1998577;121.441643,31.1981735;121.441353,31.1978035;121.440872,31.1971207;121.440567,31.1967068;121.440224,31.1962452"
TR0032,2026-06-22T21:31:15,"121.439175,31.235771",3000,5,秣陵路：双向缓慢，从长安路到民立路严重拥堵，从梅园路到民立路严重拥堵；南北高架路：从共和新路立交桥到天目中路立交桥行驶缓慢；武宁路：从中宁路到中山北路行驶缓慢；沪太路：恒丰北路立交桥附近自北向南行驶缓慢；潮州路：自西向东缓慢，反向畅通；天目西路：外贸锦程大厦附近自西向东行驶缓慢；镇宁路：自北向南缓慢，从华山路到延安西路行驶缓慢；西康路：从宜昌路到长寿路行驶缓慢；镇坪路：自南向北缓慢，反向畅通；铜仁路：自南向北缓慢，反向畅通；长安路：从秣陵路到恒丰路行驶缓慢；民立路：从共和路到天目西路行驶缓慢。,2,轻度拥堵,73.40%,3.69%,0.74%,22.17%,华山路,1,expedite,从虹桥路到愚园路,80,30,"658,659,660,661,690,691,693,694,1591","121.438652,31.1938038;121.438599,31.1939335;121.438545,31.1941471;121.438438,31.1945515;121.43792,31.1962662;121.437653,31.1970043;121.437561,31.1971817;121.437424,31.1974583;121.436958,31.1983109;121.436768,31.1987991;121.436676,31.1991253;121.436554,31.1996632;121.436485,31.1999645;121.436356,31.2005653;121.436287,31.2008305;121.436241,31.2009602;121.436127,31.2012577;121.436073,31.201355;121.435997,31.2014751;121.435905,31.201622;121.435837,31.2017155;121.435707,31.2018719;121.435638,31.2019558;121.435448,31.202137;121.43528,31.2023296;121.435127,31.2024937;121.434723,31.2030354;121.434647,31.2031288;121.434586,31.2032452;121.434433,31.2035828;121.434059,31.2044716;121.433815,31.2050972;121.433655,31.2055473;121.433601,31.2057152;121.433495,31.2061462;121.433128,31.2077198;121.433105,31.2078838;121.433067,31.2080708;121.433029,31.2084312;121.433014,31.2085991;121.433029,31.2088528;121.433083,31.2091694;121.433159,31.2093697;121.433212,31.209507;121.433243,31.2096004;121.43335,31.209774;121.433548,31.2100849;121.433662,31.2102318;121.433731,31.2103062;121.43383,31.210413;121.433899,31.2104664;121.434097,31.210537;121.434639,31.2109737;121.434647,31.2109604;121.434906,31.2110443;121.435219,31.2111206;121.435425,31.2111378;121.435944,31.2111473;121.436409,31.2111549;121.436501,31.2111683;121.436562,31.2111874;121.436638,31.2112141;121.436943,31.2113018;121.437225,31.2114086;121.437454,31.2115154;121.437851,31.2117729;121.438248,31.2121201;121.438545,31.2124043;121.438736,31.2126007;121.438934,31.2128258;121.439056,31.2130051;121.439163,31.2131424;121.439201,31.2132359;121.439232,31.2133102;121.439377,31.2139015;121.439484,31.2144794;121.439514,31.2147026;121.439552,31.2149696;121.439629,31.2152538;121.439659,31.215395;121.439713,31.2155209;121.439766,31.2156391;121.439842,31.2157822;121.439865,31.2158623;121.439949,31.2160053;121.440033,31.2162132;121.440109,31.2163296;121.440163,31.2164135;121.440216,31.2164669;121.440285,31.2165337;121.440338,31.2165813;121.44043,31.2166271;121.44059,31.2167072;121.440651,31.2167282;121.440765,31.2167606;121.441299,31.2168579;121.441635,31.2169113;121.442062,31.2169647;121.443108,31.2170124;121.443665,31.2170486;121.44384,31.2170925;121.444016,31.2171383;121.444145,31.2171593;121.444359,31.2171993;121.44445,31.2172222;121.444603,31.2172756;121.444817,31.2173786;121.445679,31.2178497;121.445854,31.2179413;121.446083,31.2180672;121.446167,31.2181282;121.44622,31.2181683;121.446457,31.2183113;121.446526,31.2183609;121.446457,31.2186623;121.446213,31.2191963;121.446098,31.2194214;121.446007,31.2196617;121.445976,31.2197342;121.445885,31.2200584;121.445656,31.2211113;121.44545,31.2221069;121.445404,31.2222805;121.445351,31.2224541;121.445312,31.2225285;121.445229,31.2226582;121.445122,31.2228584;121.444695,31.2235031;121.444557,31.223671"
TR0033,2026-06-22T21:31:15,"121.439175,31.235771",3000,5,秣陵路：双向缓慢，从长安路到民立路严重拥堵，从梅园路到民立路严重拥堵；南北高架路：从共和新路立交桥到天目中路立交桥行驶缓慢；武宁路：从中宁路到中山北路行驶缓慢；沪太路：恒丰北路立交桥附近自北向南行驶缓慢；潮州路：自西向东缓慢，反向畅通；天目西路：外贸锦程大厦附近自西向东行驶缓慢；镇宁路：自北向南缓慢，从华山路到延安西路行驶缓慢；西康路：从宜昌路到长寿路行驶缓慢；镇坪路：自南向北缓慢，反向畅通；铜仁路：自南向北缓慢，反向畅通；长安路：从秣陵路到恒丰路行驶缓慢；民立路：从共和路到天目西路行驶缓慢。,2,轻度拥堵,73.40%,3.69%,0.74%,22.17%,华山路,1,expedite,从愚园路到虹桥路,260,30,"-694,-693,-691,-690,-661,-660,-659,-658","121.444504,31.2236004;121.444611,31.2234535;121.445045,31.2227955;121.445145,31.2226181;121.445244,31.2224617;121.445251,31.2224312;121.445259,31.2224007;121.445297,31.2222977;121.445496,31.221262;121.445526,31.2210884;121.445602,31.220787;121.445786,31.2199688;121.445831,31.2198257;121.445869,31.2197342;121.445976,31.2194881;121.44619,31.2190132;121.44619,31.2189026;121.446434,31.2183285;121.446205,31.2181911;121.446152,31.2181511;121.44606,31.2180882;121.445839,31.2179642;121.445663,31.2178707;121.444801,31.2173996;121.444588,31.2173023;121.444443,31.2172489;121.444359,31.217226;121.444145,31.217186;121.444,31.217165;121.443832,31.2171192;121.443642,31.2170753;121.443108,31.2170391;121.442062,31.2169914;121.44162,31.216938;121.441292,31.2168846;121.440765,31.2167873;121.440643,31.2167549;121.440567,31.2167282;121.440407,31.2166538;121.440323,31.2166042;121.440269,31.2165508;121.440186,31.2164898;121.440132,31.2164307;121.440071,31.2163429;121.44001,31.2162266;121.439911,31.2160187;121.439842,31.2158756;121.439804,31.2157917;121.439735,31.2156487;121.439682,31.2155342;121.439629,31.2154045;121.43959,31.2152615;121.439522,31.2149734;121.439484,31.2147064;121.439445,31.2144852;121.439339,31.2139072;121.439201,31.2133198;121.439171,31.2132454;121.439133,31.2131557;121.439041,31.2130222;121.438904,31.2128448;121.438705,31.2126179;121.438507,31.2124214;121.438225,31.2121429;121.43782,31.2117958;121.437439,31.2115383;121.43721,31.2114353;121.436935,31.2113285;121.43663,31.2112408;121.436554,31.2112141;121.436485,31.211195;121.436409,31.2111816;121.435944,31.211174;121.43541,31.2111683;121.435219,31.2111511;121.434898,31.211071;121.434631,31.2109871;121.434311,31.2108974;121.434181,31.2108669;121.434059,31.2107334;121.433975,31.2106533;121.433868,31.210556;121.433792,31.2104969;121.43367,31.2103729;121.433601,31.210289;121.433517,31.2101955;121.433372,31.2099819;121.433281,31.2098484;121.433167,31.2096539;121.433121,31.2095375;121.433067,31.2093906;121.433014,31.2092133;121.432961,31.2089252;121.432945,31.2086792;121.432945,31.2085953;121.432961,31.2082405;121.432976,31.2080669;121.433014,31.2078705;121.43306,31.207653;121.433334,31.2064533;121.43351,31.2057114;121.433578,31.2054977;121.433739,31.2050571;121.433792,31.2049332;121.433922,31.2046127;121.434433,31.2033253;121.434525,31.2031422;121.434586,31.203022;121.434631,31.2029591;121.434677,31.202898;121.435059,31.2024136;121.435219,31.2022266;121.43541,31.2020302;121.435593,31.2018394;121.435707,31.2017193;121.435822,31.2015686;121.435959,31.2013874;121.43605,31.2012043;121.436089,31.2011147;121.436127,31.2010307;121.436195,31.20084;121.436234,31.2007198;121.436409,31.1999149;121.436462,31.199707;121.436554,31.1992664;121.436607,31.1990623;121.436661,31.1988926;121.436691,31.1987648;121.436768,31.1985874;121.436882,31.1982708;121.437431,31.1972809;121.437546,31.1970482;121.437614,31.1968842;121.437706,31.1966534;121.437958,31.1958218;121.438095,31.1953907;121.438286,31.1947556;121.438469,31.1941242;121.438515,31.1939201;121.438492,31.1937866"
TR0034,2026-06-22T21:31:15,"121.439175,31.235771",3000,5,秣陵路：双向缓慢，从长安路到民立路严重拥堵，从梅园路到民立路严重拥堵；南北高架路：从共和新路立交桥到天目中路立交桥行驶缓慢；武宁路：从中宁路到中山北路行驶缓慢；沪太路：恒丰北路立交桥附近自北向南行驶缓慢；潮州路：自西向东缓慢，反向畅通；天目西路：外贸锦程大厦附近自西向东行驶缓慢；镇宁路：自北向南缓慢，从华山路到延安西路行驶缓慢；西康路：从宜昌路到长寿路行驶缓慢；镇坪路：自南向北缓慢，反向畅通；铜仁路：自南向北缓慢，反向畅通；长安路：从秣陵路到恒丰路行驶缓慢；民立路：从共和路到天目西路行驶缓慢。,2,轻度拥堵,73.40%,3.69%,0.74%,22.17%,定西路,1,expedite,从安顺路到延安西路,83,30,1590,"121.422516,31.2014542;121.422821,31.2024803;121.422989,31.2031059;121.423096,31.2034931;121.423233,31.2040272;121.423279,31.2042408;121.423325,31.2043591;121.423645,31.2055073;121.423683,31.2056618;121.423737,31.2058315;121.423843,31.206213;121.423897,31.20644;121.423965,31.2068138;121.423981,31.206974;121.424004,31.2072182;121.424004,31.2074852;121.424004,31.2075596;121.423965,31.2079906;121.42395,31.2081909;121.423882,31.2084808;121.42382,31.2087288;121.423645,31.2093868;121.423561,31.2098408"
TR0035,2026-06-22T21:31:15,"121.439175,31.235771",3000,5,秣陵路：双向缓慢，从长安路到民立路严重拥堵，从梅园路到民立路严重拥堵；南北高架路：从共和新路立交桥到天目中路立交桥行驶缓慢；武宁路：从中宁路到中山北路行驶缓慢；沪太路：恒丰北路立交桥附近自北向南行驶缓慢；潮州路：自西向东缓慢，反向畅通；天目西路：外贸锦程大厦附近自西向东行驶缓慢；镇宁路：自北向南缓慢，从华山路到延安西路行驶缓慢；西康路：从宜昌路到长寿路行驶缓慢；镇坪路：自南向北缓慢，反向畅通；铜仁路：自南向北缓慢，反向畅通；长安路：从秣陵路到恒丰路行驶缓慢；民立路：从共和路到天目西路行驶缓慢。,2,轻度拥堵,73.40%,3.69%,0.74%,22.17%,定西路,1,expedite,从愚园路到长宁路,94,30,1589,"121.421638,31.2188454;121.421638,31.2191563;121.4216,31.2193642;121.421585,31.2194443"
TR0036,2026-06-22T21:31:15,"121.439175,31.235771",3000,5,秣陵路：双向缓慢，从长安路到民立路严重拥堵，从梅园路到民立路严重拥堵；南北高架路：从共和新路立交桥到天目中路立交桥行驶缓慢；武宁路：从中宁路到中山北路行驶缓慢；沪太路：恒丰北路立交桥附近自北向南行驶缓慢；潮州路：自西向东缓慢，反向畅通；天目西路：外贸锦程大厦附近自西向东行驶缓慢；镇宁路：自北向南缓慢，从华山路到延安西路行驶缓慢；西康路：从宜昌路到长寿路行驶缓慢；镇坪路：自南向北缓慢，反向畅通；铜仁路：自南向北缓慢，反向畅通；长安路：从秣陵路到恒丰路行驶缓慢；民立路：从共和路到天目西路行驶缓慢。,2,轻度拥堵,73.40%,3.69%,0.74%,22.17%,定西路,1,expedite,从长宁路到安顺路,272,25,"-1589,-4837,-4432,-1590,-1937","121.421509,31.2194176;121.421532,31.2193298;121.421547,31.2191467;121.421638,31.2188454;121.421661,31.2186527;121.4217,31.2182446;121.4217,31.218195;121.421745,31.2177773;121.421776,31.2176132;121.421822,31.2174358;121.421883,31.2172585;121.421974,31.217062;121.422089,31.2168179;121.422325,31.2163372;121.422401,31.2161503;121.422508,31.2158756;121.422577,31.2156658;121.42263,31.215414;121.422745,31.2148399;121.422943,31.2137032;121.423058,31.2130585;121.423378,31.2108974;121.423485,31.2102051;121.423531,31.2098351;121.423584,31.2095413;121.423607,31.2093773;121.423798,31.2087193;121.423859,31.2084751;121.423912,31.2081871;121.423927,31.2079868;121.423965,31.2075596;121.423965,31.2074852;121.423965,31.2072182;121.42395,31.2069778;121.423927,31.2068176;121.423866,31.2064438;121.423813,31.2062225;121.423698,31.2058392;121.423645,31.2056675;121.423607,31.2055149;121.423286,31.2043686;121.423256,31.2042484;121.423203,31.204031;121.423058,31.2035027;121.422951,31.2031116;121.422783,31.2024879;121.422485,31.201458"
TR0037,2026-06-22T21:31:15,"121.439175,31.235771",3000,5,秣陵路：双向缓慢，从长安路到民立路严重拥堵，从梅园路到民立路严重拥堵；南北高架路：从共和新路立交桥到天目中路立交桥行驶缓慢；武宁路：从中宁路到中山北路行驶缓慢；沪太路：恒丰北路立交桥附近自北向南行驶缓慢；潮州路：自西向东缓慢，反向畅通；天目西路：外贸锦程大厦附近自西向东行驶缓慢；镇宁路：自北向南缓慢，从华山路到延安西路行驶缓慢；西康路：从宜昌路到长寿路行驶缓慢；镇坪路：自南向北缓慢，反向畅通；铜仁路：自南向北缓慢，反向畅通；长安路：从秣陵路到恒丰路行驶缓慢；民立路：从共和路到天目西路行驶缓慢。,2,轻度拥堵,73.40%,3.69%,0.74%,22.17%,江苏路,1,expedite,从华山路到长宁路,112,35,"654,2227,655","121.434311,31.2108974;121.434349,31.2109909;121.434364,31.2110443;121.434364,31.2110977;121.434372,31.2111645;121.434364,31.2112408;121.434357,31.2113285;121.434326,31.2114258;121.434296,31.2115154;121.434242,31.2116585;121.434151,31.2118263;121.433617,31.2129421;121.433495,31.2131824;121.433121,31.2140312;121.432976,31.2143459;121.432838,31.2147503;121.43251,31.2155743;121.432487,31.2156219;121.432373,31.2159023;121.431595,31.2178764;121.431557,31.2179604;121.431145,31.2193737;121.430984,31.2199059;121.430901,31.2201519;121.430595,31.2209682;121.430397,31.2214584;121.430237,31.2218628;121.430168,31.2219696;121.430107,31.2220631;121.42997,31.2222137;121.429794,31.2224178;121.429749,31.2224617;121.42971,31.2225113;121.42939,31.2228127;121.429161,31.2230186;121.429054,31.2231197;121.428337,31.2237644;121.427948,31.2241058;121.427788,31.224226"
TR0038,2026-06-22T21:31:15,"121.439175,31.235771",3000,5,秣陵路：双向缓慢，从长安路到民立路严重拥堵，从梅园路到民立路严重拥堵；南北高架路：从共和新路立交桥到天目中路立交桥行驶缓慢；武宁路：从中宁路到中山北路行驶缓慢；沪太路：恒丰北路立交桥附近自北向南行驶缓慢；潮州路：自西向东缓慢，反向畅通；天目西路：外贸锦程大厦附近自西向东行驶缓慢；镇宁路：自北向南缓慢，从华山路到延安西路行驶缓慢；西康路：从宜昌路到长寿路行驶缓慢；镇坪路：自南向北缓慢，反向畅通；铜仁路：自南向北缓慢，反向畅通；长安路：从秣陵路到恒丰路行驶缓慢；民立路：从共和路到天目西路行驶缓慢。,2,轻度拥堵,73.40%,3.69%,0.74%,22.17%,江苏路,1,expedite,从长宁路到华山路,292,30,"-2227,-654,-656","121.427719,31.2241688;121.427879,31.2240524;121.428886,31.2231426;121.428993,31.223053;121.429085,31.2229652;121.429581,31.2225018;121.429726,31.2223682;121.42981,31.2222576;121.429993,31.2220402;121.430077,31.2218971;121.43013,31.221796;121.430214,31.2216187;121.430489,31.2209511;121.430878,31.2198849;121.431038,31.2193108;121.43145,31.217947;121.432213,31.2160797;121.432426,31.2155685;121.432732,31.2148228;121.432999,31.2140751;121.433075,31.2139072;121.433495,31.2129822;121.433792,31.2123642;121.434029,31.2118568;121.434151,31.2116451;121.434242,31.2114124;121.434258,31.2113152;121.434273,31.2112083;121.434273,31.2111416;121.434273,31.2110748;121.434258,31.2110043;121.434181,31.2108669"
TR0039,2026-06-22T21:31:15,"121.439175,31.235771",3000,5,秣陵路：双向缓慢，从长安路到民立路严重拥堵，从梅园路到民立路严重拥堵；南北高架路：从共和新路立交桥到天目中路立交桥行驶缓慢；武宁路：从中宁路到中山北路行驶缓慢；沪太路：恒丰北路立交桥附近自北向南行驶缓慢；潮州路：自西向东缓慢，反向畅通；天目西路：外贸锦程大厦附近自西向东行驶缓慢；镇宁路：自北向南缓慢，从华山路到延安西路行驶缓慢；西康路：从宜昌路到长寿路行驶缓慢；镇坪路：自南向北缓慢，反向畅通；铜仁路：自南向北缓慢，反向畅通；长安路：从秣陵路到恒丰路行驶缓慢；民立路：从共和路到天目西路行驶缓慢。,2,轻度拥堵,73.40%,3.69%,0.74%,22.17%,天山路,1,expedite,从北虹路到延安西路,345,35,"725,3486,724,723,722,721,720","121.376488,31.2161102;121.376854,31.2160625;121.377197,31.2160358;121.377457,31.216013;121.378418,31.2159424;121.378937,31.2159023;121.379623,31.2158489;121.37986,31.2158394;121.380554,31.2157822;121.380783,31.2157555;121.380981,31.2157326;121.382843,31.2155914;121.383621,31.2155247;121.384056,31.2154713;121.384384,31.2154083;121.38475,31.2153416;121.385376,31.2152081;121.388695,31.2145157;121.389023,31.2144489;121.390846,31.2140579;121.391678,31.2138805;121.391861,31.2138348;121.393097,31.2135773;121.395287,31.2131023;121.395531,31.2130451;121.395645,31.2130127;121.395844,31.2129517;121.396576,31.2127743;121.397064,31.2126617;121.397728,31.2124977;121.398064,31.2124138;121.3983,31.212347;121.398811,31.2121906;121.399681,31.211937;121.400139,31.2117786;121.400284,31.2117062;121.400352,31.2116852;121.400421,31.2116661;121.40139,31.2115154;121.402222,31.2113819;121.404411,31.2110004;121.407661,31.2105064;121.408966,31.2101593;121.40921,31.2101021;121.409904,31.209938;121.41095,31.2096748;121.411209,31.2095909;121.411957,31.2093239;121.412331,31.2091827;121.413193,31.2088528;121.413368,31.2087822;121.41362,31.2086792;121.413742,31.2086258;121.413811,31.2085819;121.413963,31.2084942;121.414154,31.2083645;121.414558,31.2080231;121.414711,31.2079067;121.414757,31.20788;121.414986,31.2076931"
TR0040,2026-06-22T21:31:15,"121.439175,31.235771",3000,5,秣陵路：双向缓慢，从长安路到民立路严重拥堵，从梅园路到民立路严重拥堵；南北高架路：从共和新路立交桥到天目中路立交桥行驶缓慢；武宁路：从中宁路到中山北路行驶缓慢；沪太路：恒丰北路立交桥附近自北向南行驶缓慢；潮州路：自西向东缓慢，反向畅通；天目西路：外贸锦程大厦附近自西向东行驶缓慢；镇宁路：自北向南缓慢，从华山路到延安西路行驶缓慢；西康路：从宜昌路到长寿路行驶缓慢；镇坪路：自南向北缓慢，反向畅通；铜仁路：自南向北缓慢，反向畅通；长安路：从秣陵路到恒丰路行驶缓慢；民立路：从共和路到天目西路行驶缓慢。,2,轻度拥堵,73.40%,3.69%,0.74%,22.17%,天山路,1,expedite,从延安西路到北虹路,165,35,"-720,-721,-722,-723,-724,-3486,-725,-726","121.415054,31.2077065;121.41478,31.2079239;121.414291,31.208334;121.414192,31.2084045;121.414009,31.2085419;121.413727,31.2087021;121.413567,31.2087727;121.41333,31.2088623;121.413139,31.2089424;121.412354,31.2092533;121.412201,31.2093201;121.411964,31.2094173;121.411125,31.2097206;121.410309,31.2099018;121.409203,31.2101727;121.407677,31.2105904;121.406403,31.210804;121.404427,31.2111073;121.400391,31.2117558;121.400269,31.2117996;121.400085,31.2118969;121.399734,31.2120171;121.399193,31.2121773;121.398933,31.2122402;121.397873,31.212534;121.39727,31.2126846;121.395844,31.2130318;121.395607,31.2131062;121.395287,31.2131863;121.394066,31.2134399;121.392097,31.2138577;121.391869,31.2139072;121.391701,31.2139473;121.38903,31.2145157;121.387146,31.2149162;121.386566,31.2150269;121.385368,31.2152805;121.384392,31.2154808;121.384033,31.2155418;121.383713,31.2155876;121.382988,31.2156448;121.380981,31.2158184;121.380569,31.2158661;121.37989,31.2159157;121.379623,31.2159328;121.377457,31.2160969;121.377213,31.2161198;121.376495,31.216217"
TR0041,2026-06-22T21:31:15,"121.439175,31.235771",3000,5,秣陵路：双向缓慢，从长安路到民立路严重拥堵，从梅园路到民立路严重拥堵；南北高架路：从共和新路立交桥到天目中路立交桥行驶缓慢；武宁路：从中宁路到中山北路行驶缓慢；沪太路：恒丰北路立交桥附近自北向南行驶缓慢；潮州路：自西向东缓慢，反向畅通；天目西路：外贸锦程大厦附近自西向东行驶缓慢；镇宁路：自北向南缓慢，从华山路到延安西路行驶缓慢；西康路：从宜昌路到长寿路行驶缓慢；镇坪路：自南向北缓慢，反向畅通；铜仁路：自南向北缓慢，反向畅通；长安路：从秣陵路到恒丰路行驶缓慢；民立路：从共和路到天目西路行驶缓慢。,2,轻度拥堵,73.40%,3.69%,0.74%,22.17%,宝庆路,1,expedite,从桃江路到淮海中路,99,25,1498,"121.450096,31.2094803;121.450012,31.2105961;121.449944,31.211134;121.449921,31.2112713;121.449852,31.2115326;121.449532,31.2124882"
TR0042,2026-06-22T21:31:15,"121.439175,31.235771",3000,5,秣陵路：双向缓慢，从长安路到民立路严重拥堵，从梅园路到民立路严重拥堵；南北高架路：从共和新路立交桥到天目中路立交桥行驶缓慢；武宁路：从中宁路到中山北路行驶缓慢；沪太路：恒丰北路立交桥附近自北向南行驶缓慢；潮州路：自西向东缓慢，反向畅通；天目西路：外贸锦程大厦附近自西向东行驶缓慢；镇宁路：自北向南缓慢，从华山路到延安西路行驶缓慢；西康路：从宜昌路到长寿路行驶缓慢；镇坪路：自南向北缓慢，反向畅通；铜仁路：自南向北缓慢，反向畅通；长安路：从秣陵路到恒丰路行驶缓慢；民立路：从共和路到天目西路行驶缓慢。,2,轻度拥堵,73.40%,3.69%,0.74%,22.17%,宝庆路,1,expedite,从淮海中路到桃江路,279,30,-1497,"121.449493,31.2124805;121.449821,31.2115288;121.449883,31.2112617;121.449913,31.2111282;121.449982,31.2105961;121.450073,31.2094765"
TR0043,2026-06-22T21:31:15,"121.439175,31.235771",3000,5,秣陵路：双向缓慢，从长安路到民立路严重拥堵，从梅园路到民立路严重拥堵；南北高架路：从共和新路立交桥到天目中路立交桥行驶缓慢；武宁路：从中宁路到中山北路行驶缓慢；沪太路：恒丰北路立交桥附近自北向南行驶缓慢；潮州路：自西向东缓慢，反向畅通；天目西路：外贸锦程大厦附近自西向东行驶缓慢；镇宁路：自北向南缓慢，从华山路到延安西路行驶缓慢；西康路：从宜昌路到长寿路行驶缓慢；镇坪路：自南向北缓慢，反向畅通；铜仁路：自南向北缓慢，反向畅通；长安路：从秣陵路到恒丰路行驶缓慢；民立路：从共和路到天目西路行驶缓慢。,2,轻度拥堵,73.40%,3.69%,0.74%,22.17%,常熟路,1,expedite,从淮海中路到华山路,113,35,"5211,1501","121.449509,31.2124844;121.449516,31.2125683;121.449455,31.2127342;121.448868,31.2143288;121.448784,31.2145329;121.448532,31.2151871;121.448296,31.2158451;121.448196,31.2160702;121.448074,31.2163963;121.448021,31.2165337;121.447945,31.2166977;121.447861,31.2168751;121.447701,31.2171516;121.447502,31.2174835;121.447433,31.2176094;121.447357,31.2177067;121.447289,31.2177868;121.447166,31.2178841;121.446686,31.2182617;121.446541,31.2183819"
TR0044,2026-06-22T21:31:15,"121.439175,31.235771",3000,5,秣陵路：双向缓慢，从长安路到民立路严重拥堵，从梅园路到民立路严重拥堵；南北高架路：从共和新路立交桥到天目中路立交桥行驶缓慢；武宁路：从中宁路到中山北路行驶缓慢；沪太路：恒丰北路立交桥附近自北向南行驶缓慢；潮州路：自西向东缓慢，反向畅通；天目西路：外贸锦程大厦附近自西向东行驶缓慢；镇宁路：自北向南缓慢，从华山路到延安西路行驶缓慢；西康路：从宜昌路到长寿路行驶缓慢；镇坪路：自南向北缓慢，反向畅通；铜仁路：自南向北缓慢，反向畅通；长安路：从秣陵路到恒丰路行驶缓慢；民立路：从共和路到天目西路行驶缓慢。,2,轻度拥堵,73.40%,3.69%,0.74%,22.17%,常熟路,1,expedite,从华山路到淮海中路,293,30,-5211,"121.446518,31.2183609;121.446655,31.2182407;121.447144,31.2178631;121.447266,31.2177696;121.447334,31.2176895;121.447395,31.2175961;121.447464,31.2174759;121.447662,31.2171383;121.447823,31.2168617;121.447922,31.2166843;121.44799,31.2165241;121.448044,31.2163868;121.448158,31.2160625;121.448235,31.215826;121.448479,31.2151737;121.44873,31.2145195;121.448814,31.2143059;121.449478,31.2125206;121.449509,31.2124844"
TR0045,2026-06-22T21:31:15,"121.439175,31.235771",3000,5,秣陵路：双向缓慢，从长安路到民立路严重拥堵，从梅园路到民立路严重拥堵；南北高架路：从共和新路立交桥到天目中路立交桥行驶缓慢；武宁路：从中宁路到中山北路行驶缓慢；沪太路：恒丰北路立交桥附近自北向南行驶缓慢；潮州路：自西向东缓慢，反向畅通；天目西路：外贸锦程大厦附近自西向东行驶缓慢；镇宁路：自北向南缓慢，从华山路到延安西路行驶缓慢；西康路：从宜昌路到长寿路行驶缓慢；镇坪路：自南向北缓慢，反向畅通；铜仁路：自南向北缓慢，反向畅通；长安路：从秣陵路到恒丰路行驶缓慢；民立路：从共和路到天目西路行驶缓慢。,2,轻度拥堵,73.40%,3.69%,0.74%,22.17%,长宁路,1,expedite,从哈密路到万航渡路,12,35,"475,3521,474,473,472,471,470,469","121.377724,31.2196484;121.377937,31.2196274;121.378113,31.2195911;121.379623,31.2193737;121.37989,31.2193604;121.38018,31.2193508;121.380554,31.2193508;121.382332,31.2194004;121.382614,31.2194004;121.382904,31.2193813;121.383072,31.219368;121.38327,31.2193413;121.383461,31.2193108;121.384453,31.2190666;121.386063,31.2186527;121.386635,31.218502;121.387024,31.2184048;121.387421,31.2183247;121.388092,31.2182178;121.388306,31.2181873;121.388504,31.2181606;121.38871,31.2181416;121.389549,31.218111;121.390038,31.2181072;121.390549,31.2181244;121.393051,31.2182217;121.394463,31.2182274;121.394936,31.2182541;121.395348,31.2182941;121.395874,31.2183208;121.396248,31.2183247;121.396629,31.2182941;121.396935,31.2182484;121.397064,31.218214;121.397942,31.2179546;121.398224,31.2178764;121.398491,31.217823;121.398521,31.2178173;121.398773,31.217804;121.398949,31.217804;121.399162,31.217844;121.400177,31.2181339;121.400497,31.2181816;121.401405,31.2182617;121.401619,31.2182751;121.402176,31.218298;121.403198,31.2183151;121.403473,31.218298;121.403801,31.2182541;121.404137,31.218174;121.404579,31.2180405;121.405243,31.2178307;121.405495,31.2177429;121.406494,31.2173824;121.406731,31.2173061;121.407204,31.2171822;121.40744,31.2171288;121.408257,31.2170124;121.408859,31.2169514;121.409271,31.2169819;121.409721,31.2170219;121.410667,31.2171116;121.41095,31.2171326;121.411285,31.217165;121.412338,31.2172852;121.412399,31.2172985;121.412651,31.217329;121.41304,31.2173996;121.415054,31.217783;121.415665,31.2178936;121.416077,31.2179546;121.417122,31.2181683;121.41758,31.2182674;121.419304,31.2186718;121.420357,31.2189064;121.420723,31.219017;121.421082,31.2191429;121.421326,31.2192402;121.4216,31.2193642;121.422859,31.2198982;121.423492,31.2202492;121.424034,31.2205772;121.424294,31.2207909;121.424675,31.2211514;121.425278,31.2216797;121.426071,31.2224045;121.426773,31.223053;121.427025,31.22332;121.427269,31.223608;121.427628,31.2240391;121.427719,31.2241688;121.427788,31.224226;121.427826,31.2242718;121.427849,31.2243328;121.427879,31.2244186;121.427895,31.2244968;121.427917,31.2246838;121.427948,31.2249775;121.427948,31.2252312;121.427948,31.2256317;121.42794,31.2258186;121.427902,31.2261333;121.427856,31.2265415;121.427734,31.2276306;121.427612,31.2289906;121.427574,31.2292709"
TR0046,2026-06-22T21:31:15,"121.439175,31.235771",3000,5,秣陵路：双向缓慢，从长安路到民立路严重拥堵，从梅园路到民立路严重拥堵；南北高架路：从共和新路立交桥到天目中路立交桥行驶缓慢；武宁路：从中宁路到中山北路行驶缓慢；沪太路：恒丰北路立交桥附近自北向南行驶缓慢；潮州路：自西向东缓慢，反向畅通；天目西路：外贸锦程大厦附近自西向东行驶缓慢；镇宁路：自北向南缓慢，从华山路到延安西路行驶缓慢；西康路：从宜昌路到长寿路行驶缓慢；镇坪路：自南向北缓慢，反向畅通；铜仁路：自南向北缓慢，反向畅通；长安路：从秣陵路到恒丰路行驶缓慢；民立路：从共和路到天目西路行驶缓慢。,2,轻度拥堵,73.40%,3.69%,0.74%,22.17%,长宁路,1,expedite,从万航渡路到哈密路,192,35,"-470,-471,-472,-473,-474,-3521,-475,-477","121.427452,31.2292881;121.427467,31.2289906;121.427505,31.2285061;121.427696,31.2267151;121.427795,31.2259426;121.427826,31.225729;121.427826,31.2253914;121.427826,31.2250614;121.427788,31.2246799;121.427773,31.2245064;121.42775,31.2244091;121.427734,31.2243519;121.427696,31.2242889;121.427666,31.2242088;121.426971,31.2233868;121.426918,31.2233238;121.426346,31.2227783;121.42585,31.2222977;121.425224,31.2217236;121.424622,31.2211952;121.424248,31.2208538;121.424011,31.220644;121.423805,31.2205162;121.423531,31.220356;121.423126,31.220129;121.422836,31.2199688;121.422096,31.2196541;121.421585,31.2194443;121.421509,31.2194176;121.421211,31.2193165;121.420853,31.2192001;121.420341,31.2190571;121.418137,31.2185287;121.417595,31.2184086;121.416054,31.2181244;121.415955,31.2180977;121.415627,31.2180138;121.414261,31.2177505;121.413567,31.217617;121.412521,31.217432;121.411568,31.2173119;121.410919,31.2172489;121.410721,31.2172356;121.4095,31.2171192;121.40905,31.2170925;121.408882,31.2170753;121.408371,31.2171249;121.407944,31.2171783;121.407341,31.2172756;121.407059,31.2173328;121.406532,31.2174969;121.40583,31.2177601;121.405548,31.2178707;121.405266,31.2179642;121.4048,31.2181015;121.404091,31.2183018;121.403816,31.2183647;121.403519,31.218399;121.403198,31.2184181;121.402328,31.2184124;121.401527,31.2183819;121.40078,31.2183208;121.400322,31.2182713;121.399994,31.218214;121.399872,31.2181816;121.3992,31.2179947;121.398972,31.2179413;121.39875,31.2179375;121.398544,31.2179546;121.39843,31.217968;121.3983,31.2180004;121.39817,31.2180309;121.397949,31.2180843;121.397339,31.2182674;121.396889,31.2183685;121.396744,31.2183914;121.396667,31.218399;121.396461,31.2184086;121.396179,31.2184181;121.395874,31.2184124;121.39534,31.2183876;121.394455,31.2183247;121.393997,31.218338;121.393669,31.218338;121.393295,31.2183342;121.393028,31.2183342;121.390167,31.2182007;121.389839,31.218195;121.389519,31.2181911;121.388725,31.2182217;121.388496,31.2182446;121.38826,31.2182751;121.388,31.2183113;121.387375,31.2184181;121.387054,31.2184792;121.386757,31.2185555;121.38549,31.2188835;121.384537,31.2191296;121.383499,31.2193871;121.38327,31.2194271;121.383148,31.2194405;121.383003,31.2194576;121.382828,31.219471;121.382599,31.2194805;121.382347,31.2194805;121.380859,31.2194347;121.380524,31.2194309;121.380203,31.2194309;121.37986,31.2194443;121.379623,31.2194576;121.378136,31.2196712;121.377968,31.2197018;121.377708,31.2197342"
TR0047,2026-06-22T21:31:15,"121.439175,31.235771",3000,5,秣陵路：双向缓慢，从长安路到民立路严重拥堵，从梅园路到民立路严重拥堵；南北高架路：从共和新路立交桥到天目中路立交桥行驶缓慢；武宁路：从中宁路到中山北路行驶缓慢；沪太路：恒丰北路立交桥附近自北向南行驶缓慢；潮州路：自西向东缓慢，反向畅通；天目西路：外贸锦程大厦附近自西向东行驶缓慢；镇宁路：自北向南缓慢，从华山路到延安西路行驶缓慢；西康路：从宜昌路到长寿路行驶缓慢；镇坪路：自南向北缓慢，反向畅通；铜仁路：自南向北缓慢，反向畅通；长安路：从秣陵路到恒丰路行驶缓慢；民立路：从共和路到天目西路行驶缓慢。,2,轻度拥堵,73.40%,3.69%,0.74%,22.17%,江苏北路,1,expedite,从长宁路到曹杨路桥,122,41,"718,717","121.427788,31.224226;121.427696,31.2242889;121.427467,31.2244129;121.426918,31.2247066;121.42662,31.2248631;121.426437,31.2249775;121.426292,31.2250805;121.42617,31.2251816;121.425949,31.2254047;121.425888,31.225462;121.425652,31.2257729;121.425568,31.225893;121.425476,31.2260227;121.425385,31.2262096;121.424179,31.2285252;121.42334,31.2300987"
TR0048,2026-06-22T21:31:15,"121.439175,31.235771",3000,5,秣陵路：双向缓慢，从长安路到民立路严重拥堵，从梅园路到民立路严重拥堵；南北高架路：从共和新路立交桥到天目中路立交桥行驶缓慢；武宁路：从中宁路到中山北路行驶缓慢；沪太路：恒丰北路立交桥附近自北向南行驶缓慢；潮州路：自西向东缓慢，反向畅通；天目西路：外贸锦程大厦附近自西向东行驶缓慢；镇宁路：自北向南缓慢，从华山路到延安西路行驶缓慢；西康路：从宜昌路到长寿路行驶缓慢；镇坪路：自南向北缓慢，反向畅通；铜仁路：自南向北缓慢，反向畅通；长安路：从秣陵路到恒丰路行驶缓慢；民立路：从共和路到天目西路行驶缓慢。,2,轻度拥堵,73.40%,3.69%,0.74%,22.17%,江苏北路,1,expedite,从曹杨路桥到长宁路,302,45,"-717,-718","121.423286,31.2300587;121.42334,31.2299461;121.42366,31.2293282;121.42453,31.2276363;121.425209,31.2263603;121.425331,31.2261295;121.425423,31.2259693;121.425568,31.2257462;121.425674,31.2256088;121.425751,31.2255058;121.425835,31.2254143;121.425941,31.2252979;121.42617,31.225071;121.426308,31.224968;121.426674,31.2247467;121.427452,31.2243328;121.427666,31.2242088;121.427719,31.2241688"
TR0049,2026-06-22T21:31:15,"121.439175,31.235771",3000,5,秣陵路：双向缓慢，从长安路到民立路严重拥堵，从梅园路到民立路严重拥堵；南北高架路：从共和新路立交桥到天目中路立交桥行驶缓慢；武宁路：从中宁路到中山北路行驶缓慢；沪太路：恒丰北路立交桥附近自北向南行驶缓慢；潮州路：自西向东缓慢，反向畅通；天目西路：外贸锦程大厦附近自西向东行驶缓慢；镇宁路：自北向南缓慢，从华山路到延安西路行驶缓慢；西康路：从宜昌路到长寿路行驶缓慢；镇坪路：自南向北缓慢，反向畅通；铜仁路：自南向北缓慢，反向畅通；长安路：从秣陵路到恒丰路行驶缓慢；民立路：从共和路到天目西路行驶缓慢。,2,轻度拥堵,73.40%,3.69%,0.74%,22.17%,宁夏路,1,expedite,从中山北路到曹杨路,27,35,"4121,4176,780","121.410667,31.2311058;121.410934,31.2310753;121.411201,31.2310581;121.412193,31.2310581;121.412697,31.2310658;121.412941,31.2310925;121.413383,31.2311592;121.413826,31.2312851;121.414108,31.231369;121.414474,31.2314987;121.414803,31.2316265;121.415031,31.2317295;121.416985,31.2325592;121.417137,31.2326221;121.417435,31.2327423;121.417816,31.2329121;121.417938,31.2329826;121.418144,31.2331028;121.418274,31.2331905;121.418404,31.233284;121.418648,31.2334976;121.418968,31.2338314;121.419113,31.2339687;121.419556,31.2344227;121.420052,31.2349243;121.420403,31.2352924;121.420494,31.2353859;121.420547,31.2354221;121.420601,31.2355022"
TR0050,2026-06-22T21:31:15,"121.439175,31.235771",3000,5,秣陵路：双向缓慢，从长安路到民立路严重拥堵，从梅园路到民立路严重拥堵；南北高架路：从共和新路立交桥到天目中路立交桥行驶缓慢；武宁路：从中宁路到中山北路行驶缓慢；沪太路：恒丰北路立交桥附近自北向南行驶缓慢；潮州路：自西向东缓慢，反向畅通；天目西路：外贸锦程大厦附近自西向东行驶缓慢；镇宁路：自北向南缓慢，从华山路到延安西路行驶缓慢；西康路：从宜昌路到长寿路行驶缓慢；镇坪路：自南向北缓慢，反向畅通；铜仁路：自南向北缓慢，反向畅通；长安路：从秣陵路到恒丰路行驶缓慢；民立路：从共和路到天目西路行驶缓慢。,2,轻度拥堵,73.40%,3.69%,0.74%,22.17%,宁夏路,1,expedite,从曹杨路到中山北路,206,30,"-780,-4176,-4121,-781","121.420601,31.2355022;121.420517,31.2354755;121.42041,31.2353992;121.420357,31.2353554;121.419998,31.2349682;121.419487,31.234457;121.41906,31.234026;121.4189,31.2338619;121.418472,31.2334442;121.418381,31.2333603;121.418205,31.2332363;121.418114,31.2331696;121.417992,31.2330894;121.417923,31.2330437;121.417816,31.2329826;121.417099,31.2326927;121.415771,31.2321243;121.414429,31.2315502;121.414078,31.2314358;121.413872,31.2313824;121.413673,31.231329;121.41333,31.2312489;121.412971,31.2311821;121.412674,31.2311554;121.412125,31.2311459;121.411118,31.2311554;121.410934,31.2311649;121.410683,31.2311954;121.410454,31.231226"
TR0051,2026-06-22T21:31:15,"121.439175,31.235771",3000,5,秣陵路：双向缓慢，从长安路到民立路严重拥堵，从梅园路到民立路严重拥堵；南北高架路：从共和新路立交桥到天目中路立交桥行驶缓慢；武宁路：从中宁路到中山北路行驶缓慢；沪太路：恒丰北路立交桥附近自北向南行驶缓慢；潮州路：自西向东缓慢，反向畅通；天目西路：外贸锦程大厦附近自西向东行驶缓慢；镇宁路：自北向南缓慢，从华山路到延安西路行驶缓慢；西康路：从宜昌路到长寿路行驶缓慢；镇坪路：自南向北缓慢，反向畅通；铜仁路：自南向北缓慢，反向畅通；长安路：从秣陵路到恒丰路行驶缓慢；民立路：从共和路到天目西路行驶缓慢。,2,轻度拥堵,73.40%,3.69%,0.74%,22.17%,长寿路,1,expedite,从万航渡路到长安路,38,30,"483,3346,4412,481,480,479","121.427574,31.2292709;121.427612,31.2295017;121.427734,31.2302799;121.427788,31.2305374;121.427841,31.2307415;121.427887,31.2308846;121.427925,31.2309952;121.427971,31.2310925;121.428055,31.2312489;121.428215,31.231472;121.428322,31.2316227;121.428551,31.2319241;121.429314,31.2328491;121.429657,31.2332535;121.429916,31.2335644;121.430077,31.2337475;121.430313,31.2340221;121.430664,31.2344265;121.430916,31.2347775;121.431061,31.2350273;121.431091,31.2351017;121.431114,31.2351818;121.43129,31.2356319;121.431435,31.2359734;121.431511,31.2361469;121.431564,31.2362347;121.431625,31.2363377;121.43177,31.236515;121.431877,31.2366352;121.431961,31.2367191;121.432091,31.2368317;121.432465,31.2371368;121.43264,31.237236;121.432869,31.2373371;121.433052,31.2374134;121.433296,31.2374897;121.434753,31.2378445;121.435051,31.2379284;121.435295,31.2380314;121.435547,31.2381649;121.435753,31.2382889;121.435913,31.2384586;121.436516,31.2391911;121.436836,31.2395515;121.437248,31.2398853;121.437851,31.2403507;121.438446,31.2407742;121.438774,31.2410316;121.439232,31.2414532;121.439789,31.2419415;121.439941,31.242094;121.440071,31.2422276;121.440414,31.2425289;121.440521,31.2426128;121.440659,31.2427025;121.440811,31.2427902;121.441132,31.2429562;121.441353,31.2430573;121.44149,31.243124;121.441689,31.2432041;121.442375,31.243515;121.442436,31.2435417;121.442848,31.2437286;121.4431,31.2438259;121.443321,31.243906;121.443573,31.2439785;121.44384,31.2440357;121.445015,31.2443027;121.4459,31.2444839;121.445984,31.2445374;121.446114,31.2445736;121.447075,31.2447948;121.447563,31.2449074;121.447838,31.2449608;121.44873,31.2450924;121.450363,31.2453289;121.450447,31.2453423;121.450607,31.2453327;121.451607,31.2454891"
TR0052,2026-06-22T21:31:15,"121.439175,31.235771",3000,5,秣陵路：双向缓慢，从长安路到民立路严重拥堵，从梅园路到民立路严重拥堵；南北高架路：从共和新路立交桥到天目中路立交桥行驶缓慢；武宁路：从中宁路到中山北路行驶缓慢；沪太路：恒丰北路立交桥附近自北向南行驶缓慢；潮州路：自西向东缓慢，反向畅通；天目西路：外贸锦程大厦附近自西向东行驶缓慢；镇宁路：自北向南缓慢，从华山路到延安西路行驶缓慢；西康路：从宜昌路到长寿路行驶缓慢；镇坪路：自南向北缓慢，反向畅通；铜仁路：自南向北缓慢，反向畅通；长安路：从秣陵路到恒丰路行驶缓慢；民立路：从共和路到天目西路行驶缓慢。,2,轻度拥堵,73.40%,3.69%,0.74%,22.17%,长寿路,1,expedite,从长安路到万航渡路,218,30,"-480,-481,-4412,-3346,-483,-484","121.451607,31.2456093;121.45031,31.2454357;121.450188,31.2453823;121.449852,31.2453423;121.449547,31.2453022;121.44873,31.2451859;121.44838,31.2451382;121.447929,31.2450676;121.447708,31.2450275;121.447517,31.2449913;121.447021,31.2448845;121.44635,31.2447243;121.445984,31.244627;121.445847,31.2446041;121.444954,31.2444134;121.444656,31.2443428;121.443695,31.2441387;121.44342,31.2440758;121.443291,31.2440453;121.443092,31.2439823;121.442863,31.2438984;121.442535,31.2437592;121.44162,31.2433605;121.441368,31.243248;121.44088,31.2430305;121.440643,31.242897;121.44046,31.2427635;121.440269,31.2426128;121.44014,31.2425156;121.440033,31.2424049;121.439781,31.2421741;121.438972,31.2414131;121.438713,31.2411823;121.438545,31.2410488;121.438446,31.2409649;121.438286,31.2408676;121.43766,31.2404346;121.437637,31.2404137;121.437317,31.2401905;121.437012,31.2399597;121.436729,31.2397118;121.436394,31.2392941;121.43589,31.2386837;121.435661,31.238409;121.43541,31.2382488;121.435204,31.2381458;121.435066,31.2380848;121.434937,31.2380447;121.434723,31.2379875;121.434395,31.2379017;121.43367,31.2377415;121.433334,31.2376537;121.433159,31.2376003;121.433014,31.2375507;121.432816,31.2374763;121.43264,31.2374001;121.432495,31.2373238;121.432335,31.2372265;121.432175,31.2370987;121.431816,31.2367821;121.431595,31.2365475;121.431465,31.2363777;121.431328,31.2361431;121.43119,31.2358093;121.430984,31.2351952;121.430962,31.2351151;121.430916,31.2350178;121.430809,31.234827;121.430725,31.2347107;121.43055,31.2344894;121.429741,31.2335339;121.42955,31.2332935;121.428886,31.2324886;121.428459,31.231987;121.428108,31.2315159;121.428055,31.2314491;121.42791,31.2312183;121.427841,31.2310925;121.427788,31.230938;121.42775,31.230835;121.427681,31.2306309;121.427559,31.2299995;121.427467,31.2294884;121.42746,31.2293873;121.427452,31.2292881"
TR0053,2026-06-22T21:31:15,"121.439175,31.235771",3000,5,秣陵路：双向缓慢，从长安路到民立路严重拥堵，从梅园路到民立路严重拥堵；南北高架路：从共和新路立交桥到天目中路立交桥行驶缓慢；武宁路：从中宁路到中山北路行驶缓慢；沪太路：恒丰北路立交桥附近自北向南行驶缓慢；潮州路：自西向东缓慢，反向畅通；天目西路：外贸锦程大厦附近自西向东行驶缓慢；镇宁路：自北向南缓慢，从华山路到延安西路行驶缓慢；西康路：从宜昌路到长寿路行驶缓慢；镇坪路：自南向北缓慢，反向畅通；铜仁路：自南向北缓慢，反向畅通；长安路：从秣陵路到恒丰路行驶缓慢；民立路：从共和路到天目西路行驶缓慢。,2,轻度拥堵,73.40%,3.69%,0.74%,22.17%,金沙江路,1,expedite,从大渡河路到中山北路,356,40,"784,783","121.396263,31.2318401;121.397369,31.2319164;121.399055,31.2320004;121.400299,31.2320538;121.401688,31.2320843;121.402077,31.2320881;121.40226,31.2320881;121.402725,31.2320747;121.403236,31.2320538;121.403923,31.232008;121.404655,31.2319374;121.406036,31.2317734;121.408035,31.2314892;121.408371,31.231432;121.410172,31.2311783;121.410416,31.231142"
TR0054,2026-06-22T21:31:15,"121.439175,31.235771",3000,5,秣陵路：双向缓慢，从长安路到民立路严重拥堵，从梅园路到民立路严重拥堵；南北高架路：从共和新路立交桥到天目中路立交桥行驶缓慢；武宁路：从中宁路到中山北路行驶缓慢；沪太路：恒丰北路立交桥附近自北向南行驶缓慢；潮州路：自西向东缓慢，反向畅通；天目西路：外贸锦程大厦附近自西向东行驶缓慢；镇宁路：自北向南缓慢，从华山路到延安西路行驶缓慢；西康路：从宜昌路到长寿路行驶缓慢；镇坪路：自南向北缓慢，反向畅通；铜仁路：自南向北缓慢，反向畅通；长安路：从秣陵路到恒丰路行驶缓慢；民立路：从共和路到天目西路行驶缓慢。,2,轻度拥堵,73.40%,3.69%,0.74%,22.17%,金沙江路,1,expedite,从中山北路到丰华公路,166,35,"-784,-785,-3531,-786,-3599,-3586,-787,-3584,-788","121.410454,31.231226;121.409325,31.231369;121.408722,31.2314529;121.408394,31.231493;121.408043,31.2315197;121.406044,31.2318039;121.404655,31.2319641;121.403931,31.2320404;121.403236,31.2320805;121.402725,31.2321072;121.40226,31.2321205;121.401901,31.2321148;121.401688,31.232111;121.400291,31.2320805;121.399048,31.2320271;121.397369,31.2319469;121.396263,31.2318707;121.396179,31.231884;121.395874,31.2318707;121.395432,31.2318439;121.394257,31.2317734;121.393082,31.2317104;121.392288,31.2316437;121.392105,31.2316265;121.39045,31.231493;121.389938,31.2314529;121.389549,31.2314186;121.389381,31.2314053;121.389015,31.2313728;121.388756,31.2313728;121.388496,31.2313862;121.386826,31.2316093;121.384888,31.2318573;121.384674,31.2318935;121.38382,31.232008;121.383606,31.2320309;121.381882,31.2322712;121.381012,31.2323875;121.379997,31.2325459;121.379623,31.2326355;121.378845,31.2327957;121.378059,31.2329731;121.377068,31.2332096;121.376854,31.2332764;121.376358,31.2334347;121.376259,31.2334709;121.375725,31.233675;121.375389,31.2338314;121.37442,31.2342758;121.374161,31.2344036;121.373848,31.2345428;121.372696,31.2350883;121.372566,31.2351418;121.371666,31.2355652;121.37146,31.2356625;121.369263,31.2366791;121.369049,31.2367859;121.368423,31.237072;121.368134,31.2372093;121.367844,31.2373466;121.367332,31.2375908;121.367233,31.2376442;121.366379,31.2381458;121.366013,31.2383595;121.365654,31.2385502;121.365097,31.2388706;121.364891,31.2390041;121.364655,31.2391376;121.364075,31.2394753;121.363663,31.239706;121.363396,31.2398663;121.363075,31.2400436;121.362793,31.2402172;121.36216,31.2405777;121.36203,31.2406483;121.361641,31.2408085;121.361351,31.2409115;121.361076,31.2409916;121.360306,31.2412052;121.357742,31.2418938;121.35733,31.2420177;121.355003,31.2426662;121.35479,31.2427197;121.354622,31.2427597;121.354065,31.2428837;121.353531,31.2429695"
TR0055,2026-06-22T21:31:15,"121.439175,31.235771",3000,5,秣陵路：双向缓慢，从长安路到民立路严重拥堵，从梅园路到民立路严重拥堵；南北高架路：从共和新路立交桥到天目中路立交桥行驶缓慢；武宁路：从中宁路到中山北路行驶缓慢；沪太路：恒丰北路立交桥附近自北向南行驶缓慢；潮州路：自西向东缓慢，反向畅通；天目西路：外贸锦程大厦附近自西向东行驶缓慢；镇宁路：自北向南缓慢，从华山路到延安西路行驶缓慢；西康路：从宜昌路到长寿路行驶缓慢；镇坪路：自南向北缓慢，反向畅通；铜仁路：自南向北缓慢，反向畅通；长安路：从秣陵路到恒丰路行驶缓慢；民立路：从共和路到天目西路行驶缓慢。,2,轻度拥堵,73.40%,3.69%,0.74%,22.17%,光新路,1,expedite,从光复西路到光新路铁路立交桥,98,35,"1093,1087,1085","121.433403,31.2494125;121.43335,31.249609;121.433319,31.2496624;121.433014,31.2501774;121.432899,31.2504082;121.432175,31.2516441;121.431854,31.2523651;121.43161,31.2530041;121.431488,31.253334;121.431168,31.2541065;121.430992,31.2545547;121.430862,31.2548752;121.430794,31.2551327;121.430763,31.2552662;121.430748,31.2553997;121.43074,31.2555828;121.430756,31.2559147;121.430779,31.2563019;121.430809,31.2569866;121.43087,31.2581425;121.430984,31.2600136;121.431091,31.2617512;121.431122,31.2621994;121.431114,31.2622929;121.431114,31.2623825"
TR0056,2026-06-22T21:31:15,"121.439175,31.235771",3000,5,秣陵路：双向缓慢，从长安路到民立路严重拥堵，从梅园路到民立路严重拥堵；南北高架路：从共和新路立交桥到天目中路立交桥行驶缓慢；武宁路：从中宁路到中山北路行驶缓慢；沪太路：恒丰北路立交桥附近自北向南行驶缓慢；潮州路：自西向东缓慢，反向畅通；天目西路：外贸锦程大厦附近自西向东行驶缓慢；镇宁路：自北向南缓慢，从华山路到延安西路行驶缓慢；西康路：从宜昌路到长寿路行驶缓慢；镇坪路：自南向北缓慢，反向畅通；铜仁路：自南向北缓慢，反向畅通；长安路：从秣陵路到恒丰路行驶缓慢；民立路：从共和路到天目西路行驶缓慢。,2,轻度拥堵,73.40%,3.69%,0.74%,22.17%,光新路,1,expedite,从光新路铁路立交桥到光复西路,278,35,"-1087,-1093,-1098","121.431007,31.2623692;121.43103,31.2621994;121.431023,31.261694;121.430901,31.2598763;121.430794,31.2581253;121.430702,31.2563076;121.430664,31.2559338;121.430656,31.2555962;121.430687,31.2552757;121.430695,31.2551956;121.430717,31.2550926;121.430794,31.2548485;121.430878,31.2546043;121.431091,31.2540798;121.43129,31.2535515;121.431381,31.253315;121.431488,31.253027;121.431625,31.2526226;121.431725,31.2523918;121.431931,31.2519207;121.431999,31.2517548;121.432068,31.2516041;121.432159,31.25144;121.432533,31.2508125;121.432808,31.2503376;121.432922,31.2501163;121.433212,31.2496529;121.433266,31.2495461;121.433403,31.2494125"
TR0057,2026-06-22T21:31:15,"121.439175,31.235771",3000,5,秣陵路：双向缓慢，从长安路到民立路严重拥堵，从梅园路到民立路严重拥堵；南北高架路：从共和新路立交桥到天目中路立交桥行驶缓慢；武宁路：从中宁路到中山北路行驶缓慢；沪太路：恒丰北路立交桥附近自北向南行驶缓慢；潮州路：自西向东缓慢，反向畅通；天目西路：外贸锦程大厦附近自西向东行驶缓慢；镇宁路：自北向南缓慢，从华山路到延安西路行驶缓慢；西康路：从宜昌路到长寿路行驶缓慢；镇坪路：自南向北缓慢，反向畅通；铜仁路：自南向北缓慢，反向畅通；长安路：从秣陵路到恒丰路行驶缓慢；民立路：从共和路到天目西路行驶缓慢。,2,轻度拥堵,73.40%,3.69%,0.74%,22.17%,曹杨路,1,expedite,从曹杨路桥到桃浦路,119,35,"714,713,3915,712,711,710,709","121.42334,31.2300987;121.422417,31.2319031;121.421509,31.2336445;121.421173,31.2343502;121.420845,31.2349949;121.420601,31.2355022;121.420532,31.2356319;121.420319,31.2359505;121.420258,31.2360363;121.420197,31.2361107;121.420036,31.2362709;121.419785,31.2364941;121.419579,31.2366581;121.419212,31.2368889;121.418823,31.2371197;121.418167,31.2375507;121.41758,31.2379208;121.416695,31.2385254;121.41581,31.2390976;121.415665,31.2391872;121.415451,31.2393284;121.414474,31.2399426;121.413193,31.2407207;121.413033,31.2408276;121.412437,31.2412224;121.411392,31.2419071;121.410789,31.2422676;121.410576,31.242382;121.410454,31.2424622;121.410332,31.2425385;121.410065,31.242733;121.409935,31.2428493;121.409775,31.2430439;121.409698,31.2431641;121.409584,31.2433777;121.409485,31.2436047;121.408981,31.2453327;121.408875,31.2457027;121.408798,31.2459373;121.408539,31.2467861;121.408096,31.2481728;121.407875,31.2488976;121.40728,31.2508221;121.406456,31.2536182;121.406006,31.2549725;121.405823,31.2556095;121.405663,31.2561378;121.405472,31.2567692;121.40519,31.2577114;121.405006,31.2582836;121.4048,31.258955;121.404594,31.2595997;121.404282,31.2606449;121.404213,31.2608795;121.40416,31.2610226;121.404121,31.261137;121.404091,31.2612495;121.404045,31.2613373;121.403984,31.2614365;121.403923,31.261507;121.403801,31.2616043;121.403709,31.2616749;121.403572,31.2617416;121.40345,31.2617912;121.403305,31.2618275;121.403038,31.2618809;121.402916,31.261898;121.402771,31.2619076;121.40255,31.2618885"
TR0058,2026-06-22T21:31:15,"121.439175,31.235771",3000,5,秣陵路：双向缓慢，从长安路到民立路严重拥堵，从梅园路到民立路严重拥堵；南北高架路：从共和新路立交桥到天目中路立交桥行驶缓慢；武宁路：从中宁路到中山北路行驶缓慢；沪太路：恒丰北路立交桥附近自北向南行驶缓慢；潮州路：自西向东缓慢，反向畅通；天目西路：外贸锦程大厦附近自西向东行驶缓慢；镇宁路：自北向南缓慢，从华山路到延安西路行驶缓慢；西康路：从宜昌路到长寿路行驶缓慢；镇坪路：自南向北缓慢，反向畅通；铜仁路：自南向北缓慢，反向畅通；长安路：从秣陵路到恒丰路行驶缓慢；民立路：从共和路到天目西路行驶缓慢。,2,轻度拥堵,73.40%,3.69%,0.74%,22.17%,曹杨路,1,expedite,从桃浦路到曹杨路桥,299,30,"-710,-711,-712,-3915,-713,-714,-715","121.402557,31.2618046;121.402695,31.2618275;121.402824,31.2618275;121.403008,31.2618179;121.403168,31.2617912;121.403328,31.2617512;121.40345,31.2617207;121.403557,31.2616806;121.403641,31.2616348;121.403717,31.2615776;121.403786,31.2615204;121.403854,31.2614536;121.403946,31.2613506;121.403984,31.2612801;121.404037,31.2611561;121.404091,31.2610264;121.404175,31.2607193;121.404732,31.2589378;121.404945,31.2582302;121.405594,31.2561111;121.405846,31.2552357;121.406029,31.2546749;121.406242,31.2539825;121.407181,31.2508087;121.40744,31.2500095;121.4077,31.2491913;121.407745,31.2490139;121.40802,31.2481728;121.408211,31.2475109;121.408783,31.2456932;121.408829,31.2455196;121.409393,31.243578;121.409492,31.2433414;121.409599,31.2431507;121.409668,31.2430305;121.409721,31.2429638;121.409874,31.2427902;121.409988,31.2426796;121.410263,31.2424717;121.410652,31.2422314;121.411041,31.2420044;121.412987,31.2407341;121.414375,31.2398891;121.415588,31.2391109;121.415955,31.2388763;121.417526,31.2378674;121.419182,31.2368183;121.419434,31.2366581;121.419769,31.2364082;121.419945,31.2362442;121.420052,31.2361469;121.420143,31.2360439;121.420303,31.2358265;121.420441,31.2356129;121.420517,31.2354755;121.420547,31.2354221;121.420731,31.2350674;121.421158,31.2341919;121.4217,31.2331295;121.421959,31.2326126;121.422318,31.2319202;121.423286,31.2300587"
TR0059,2026-06-22T21:31:15,"121.439175,31.235771",3000,5,秣陵路：双向缓慢，从长安路到民立路严重拥堵，从梅园路到民立路严重拥堵；南北高架路：从共和新路立交桥到天目中路立交桥行驶缓慢；武宁路：从中宁路到中山北路行驶缓慢；沪太路：恒丰北路立交桥附近自北向南行驶缓慢；潮州路：自西向东缓慢，反向畅通；天目西路：外贸锦程大厦附近自西向东行驶缓慢；镇宁路：自北向南缓慢，从华山路到延安西路行驶缓慢；西康路：从宜昌路到长寿路行驶缓慢；镇坪路：自南向北缓慢，反向畅通；铜仁路：自南向北缓慢，反向畅通；长安路：从秣陵路到恒丰路行驶缓慢；民立路：从共和路到天目西路行驶缓慢。,2,轻度拥堵,73.40%,3.69%,0.74%,22.17%,岚皋路,1,expedite,从中山北路到新村路,100,40,"1621,2109,2110,1625","121.426788,31.2455597;121.426682,31.2457504;121.426285,31.2464752;121.426033,31.2468319;121.425705,31.2473602;121.42514,31.248312;121.424156,31.2499733;121.42366,31.2507153;121.423271,31.2513065;121.422829,31.2519741;121.422508,31.2524586;121.422432,31.2526035;121.422318,31.2528839;121.422234,31.2532444;121.422188,31.2535114;121.422127,31.2540264;121.422066,31.2545338;121.422028,31.2551689;121.422028,31.2554493;121.422035,31.2558098;121.422066,31.2574139;121.422203,31.2587414;121.422241,31.2592449;121.422478,31.2615108;121.422623,31.2628975;121.422691,31.2635689;121.422806,31.2646408;121.422775,31.2647476"
TR0060,2026-06-22T21:31:15,"121.439175,31.235771",3000,5,秣陵路：双向缓慢，从长安路到民立路严重拥堵，从梅园路到民立路严重拥堵；南北高架路：从共和新路立交桥到天目中路立交桥行驶缓慢；武宁路：从中宁路到中山北路行驶缓慢；沪太路：恒丰北路立交桥附近自北向南行驶缓慢；潮州路：自西向东缓慢，反向畅通；天目西路：外贸锦程大厦附近自西向东行驶缓慢；镇宁路：自北向南缓慢，从华山路到延安西路行驶缓慢；西康路：从宜昌路到长寿路行驶缓慢；镇坪路：自南向北缓慢，反向畅通；铜仁路：自南向北缓慢，反向畅通；长安路：从秣陵路到恒丰路行驶缓慢；民立路：从共和路到天目西路行驶缓慢。,2,轻度拥堵,73.40%,3.69%,0.74%,22.17%,岚皋路,1,expedite,从新村路到中山北路,279,35,"-1625,-2110,-2109,-1621","121.422775,31.2647476;121.422722,31.2646542;121.422691,31.264431;121.422607,31.2635021;121.422379,31.2612801;121.422241,31.2599163;121.422012,31.2576885;121.421982,31.2574215;121.421936,31.2558002;121.421928,31.2555294;121.421928,31.2551823;121.421959,31.2548485;121.421997,31.2543774;121.422035,31.2541771;121.422081,31.2537422;121.422127,31.253418;121.42218,31.2531509;121.422264,31.2528496;121.422356,31.2526302;121.422409,31.252512;121.42247,31.2524185;121.422874,31.2518082;121.42411,31.2499504;121.424286,31.2496357;121.425209,31.2480717;121.425659,31.2473373;121.425972,31.2467957;121.426224,31.2464447;121.426407,31.2461205;121.426628,31.2457237;121.426735,31.2455387"
TR0061,2026-06-22T21:31:15,"121.439175,31.235771",3000,5,秣陵路：双向缓慢，从长安路到民立路严重拥堵，从梅园路到民立路严重拥堵；南北高架路：从共和新路立交桥到天目中路立交桥行驶缓慢；武宁路：从中宁路到中山北路行驶缓慢；沪太路：恒丰北路立交桥附近自北向南行驶缓慢；潮州路：自西向东缓慢，反向畅通；天目西路：外贸锦程大厦附近自西向东行驶缓慢；镇宁路：自北向南缓慢，从华山路到延安西路行驶缓慢；西康路：从宜昌路到长寿路行驶缓慢；镇坪路：自南向北缓慢，反向畅通；铜仁路：自南向北缓慢，反向畅通；长安路：从秣陵路到恒丰路行驶缓慢；民立路：从共和路到天目西路行驶缓慢。,2,轻度拥堵,73.40%,3.69%,0.74%,22.17%,潮州路,1,expedite,从真华路到曹杨路,199,25,-1841,"121.408752,31.2593822;121.408661,31.2593193;121.408562,31.2592621;121.408051,31.2590218;121.406952,31.2585335;121.40667,31.2584038;121.406403,31.258297;121.406258,31.2582531;121.406136,31.2582302;121.406006,31.2582092;121.40583,31.2582035;121.405602,31.2582169;121.405426,31.2582302;121.405212,31.2582531;121.405006,31.2582836;121.404945,31.2582302"
TR0062,2026-06-22T21:31:15,"121.439175,31.235771",3000,5,秣陵路：双向缓慢，从长安路到民立路严重拥堵，从梅园路到民立路严重拥堵；南北高架路：从共和新路立交桥到天目中路立交桥行驶缓慢；武宁路：从中宁路到中山北路行驶缓慢；沪太路：恒丰北路立交桥附近自北向南行驶缓慢；潮州路：自西向东缓慢，反向畅通；天目西路：外贸锦程大厦附近自西向东行驶缓慢；镇宁路：自北向南缓慢，从华山路到延安西路行驶缓慢；西康路：从宜昌路到长寿路行驶缓慢；镇坪路：自南向北缓慢，反向畅通；铜仁路：自南向北缓慢，反向畅通；长安路：从秣陵路到恒丰路行驶缓慢；民立路：从共和路到天目西路行驶缓慢。,2,轻度拥堵,73.40%,3.69%,0.74%,22.17%,志丹路,1,expedite,从光新路铁路立交桥到沪太路,86,30,"1065,1064","121.431114,31.2623825;121.431076,31.2624836;121.430878,31.2633419;121.430634,31.2645149;121.430397,31.2656803;121.43029,31.2661152;121.430275,31.2662487;121.430237,31.2664452;121.430222,31.2665863;121.430214,31.26688;121.430237,31.2670307;121.430611,31.2687683;121.430771,31.2694225;121.431198,31.2712307;121.431274,31.2715149;121.431305,31.2716618;121.431366,31.2717915;121.43145,31.271925;121.431488,31.2719822;121.431572,31.272089;121.431816,31.2723103"
TR0063,2026-06-22T21:31:15,"121.439175,31.235771",3000,5,秣陵路：双向缓慢，从长安路到民立路严重拥堵，从梅园路到民立路严重拥堵；南北高架路：从共和新路立交桥到天目中路立交桥行驶缓慢；武宁路：从中宁路到中山北路行驶缓慢；沪太路：恒丰北路立交桥附近自北向南行驶缓慢；潮州路：自西向东缓慢，反向畅通；天目西路：外贸锦程大厦附近自西向东行驶缓慢；镇宁路：自北向南缓慢，从华山路到延安西路行驶缓慢；西康路：从宜昌路到长寿路行驶缓慢；镇坪路：自南向北缓慢，反向畅通；铜仁路：自南向北缓慢，反向畅通；长安路：从秣陵路到恒丰路行驶缓慢；民立路：从共和路到天目西路行驶缓慢。,2,轻度拥堵,73.40%,3.69%,0.74%,22.17%,志丹路,1,expedite,从沪太路到光新路铁路立交桥,266,40,"-1065,-1079","121.43174,31.2723732;121.431648,31.2722797;121.431541,31.2721825;121.431435,31.2720528;121.431351,31.2719517;121.431305,31.2718754;121.431252,31.2717609;121.431198,31.2716217;121.431175,31.2715073;121.430862,31.2702351;121.430679,31.2694359;121.430237,31.2675209;121.430183,31.2672577;121.43013,31.266983;121.43013,31.2668705;121.43013,31.2666225;121.430145,31.2664089;121.43029,31.265667;121.430649,31.2639561;121.431007,31.2623692"
TR0064,2026-06-22T21:31:15,"121.439175,31.235771",3000,5,秣陵路：双向缓慢，从长安路到民立路严重拥堵，从梅园路到民立路严重拥堵；南北高架路：从共和新路立交桥到天目中路立交桥行驶缓慢；武宁路：从中宁路到中山北路行驶缓慢；沪太路：恒丰北路立交桥附近自北向南行驶缓慢；潮州路：自西向东缓慢，反向畅通；天目西路：外贸锦程大厦附近自西向东行驶缓慢；镇宁路：自北向南缓慢，从华山路到延安西路行驶缓慢；西康路：从宜昌路到长寿路行驶缓慢；镇坪路：自南向北缓慢，反向畅通；铜仁路：自南向北缓慢，反向畅通；长安路：从秣陵路到恒丰路行驶缓慢；民立路：从共和路到天目西路行驶缓慢。,2,轻度拥堵,73.40%,3.69%,0.74%,22.17%,真华路,1,expedite,从潮州路到真华路北口,86,30,"2119,2122,2123,2150","121.408821,31.2593021;121.408852,31.259325;121.408943,31.2593918;121.40905,31.2594719;121.409119,31.2595425;121.40921,31.2596436;121.409286,31.2597504;121.409348,31.2598629;121.409424,31.2599907;121.40947,31.2601337;121.409531,31.2604446;121.409546,31.2605686;121.409752,31.2623386;121.409798,31.26264;121.409958,31.2641373;121.410118,31.2656136;121.410149,31.2659912;121.41024,31.2667828;121.410309,31.2674217;121.410492,31.2687912;121.410507,31.2689857;121.410629,31.2700214;121.410759,31.2711468;121.410835,31.2719288;121.410904,31.27244;121.41095,31.2728539;121.41095,31.2731609;121.411064,31.2741032;121.411316,31.2762756;121.411316,31.2780399;121.411324,31.2789917;121.411308,31.2795067;121.411308,31.2801991;121.411308,31.2804222;121.411308,31.2809868;121.411324,31.2814579;121.411324,31.282444;121.411324,31.2848091;121.411316,31.2855282;121.411316,31.286644;121.411285,31.2873955;121.411278,31.2874489;121.411301,31.287632;121.411308,31.2877331;121.411308,31.2892494;121.411308,31.2913818;121.411316,31.2926846"
TR0065,2026-06-22T21:31:15,"121.439175,31.235771",3000,5,秣陵路：双向缓慢，从长安路到民立路严重拥堵，从梅园路到民立路严重拥堵；南北高架路：从共和新路立交桥到天目中路立交桥行驶缓慢；武宁路：从中宁路到中山北路行驶缓慢；沪太路：恒丰北路立交桥附近自北向南行驶缓慢；潮州路：自西向东缓慢，反向畅通；天目西路：外贸锦程大厦附近自西向东行驶缓慢；镇宁路：自北向南缓慢，从华山路到延安西路行驶缓慢；西康路：从宜昌路到长寿路行驶缓慢；镇坪路：自南向北缓慢，反向畅通；铜仁路：自南向北缓慢，反向畅通；长安路：从秣陵路到恒丰路行驶缓慢；民立路：从共和路到天目西路行驶缓慢。,2,轻度拥堵,73.40%,3.69%,0.74%,22.17%,真华路,1,expedite,从真华路北口到潮州路,266,35,"-2123,-2122,-2119,-2117","121.411255,31.2926846;121.411247,31.2913876;121.411232,31.2892494;121.411247,31.2877331;121.41127,31.2874489;121.411255,31.2873955;121.411285,31.286644;121.411285,31.2855282;121.411285,31.2848091;121.411285,31.282444;121.411285,31.2814617;121.41127,31.2809868;121.41127,31.2804222;121.411278,31.2801991;121.41127,31.2795067;121.411285,31.278986;121.411278,31.2780399;121.411278,31.2762756;121.411041,31.274107;121.410919,31.2731647;121.410866,31.2728481;121.410812,31.2723427;121.410736,31.2717514;121.410576,31.2705059;121.410492,31.26968;121.4104,31.2690182;121.410385,31.2688141;121.410255,31.2675476;121.410172,31.2668362;121.410065,31.2660179;121.410011,31.265707;121.409973,31.265192;121.40966,31.2626495;121.409431,31.260582;121.409386,31.2602615;121.409348,31.260128;121.409309,31.2600002;121.409264,31.2599163;121.40921,31.2598267;121.409157,31.2597466;121.409096,31.259676;121.409035,31.2595997;121.408943,31.2595253;121.408844,31.2594395;121.408752,31.2593822"
TR0066,2026-06-22T21:31:15,"121.439175,31.235771",3000,5,秣陵路：双向缓慢，从长安路到民立路严重拥堵，从梅园路到民立路严重拥堵；南北高架路：从共和新路立交桥到天目中路立交桥行驶缓慢；武宁路：从中宁路到中山北路行驶缓慢；沪太路：恒丰北路立交桥附近自北向南行驶缓慢；潮州路：自西向东缓慢，反向畅通；天目西路：外贸锦程大厦附近自西向东行驶缓慢；镇宁路：自北向南缓慢，从华山路到延安西路行驶缓慢；西康路：从宜昌路到长寿路行驶缓慢；镇坪路：自南向北缓慢，反向畅通；铜仁路：自南向北缓慢，反向畅通；长安路：从秣陵路到恒丰路行驶缓慢；民立路：从共和路到天目西路行驶缓慢。,2,轻度拥堵,73.40%,3.69%,0.74%,22.17%,淮海中路,1,expedite,从华山路到西藏南路,31,35,"349,350,351,352,859,353,5212,4513,354,357,358,2680,2681,359,1894,360","121.435219,31.2022266;121.435326,31.20228;121.43573,31.2025146;121.436768,31.2031689;121.437042,31.2033386;121.437935,31.2039146;121.438896,31.2045288;121.439514,31.2049198;121.439964,31.2052002;121.441048,31.2059059;121.441566,31.2062359;121.441597,31.2062626;121.442108,31.206583;121.443413,31.2074356;121.445229,31.2085781;121.447037,31.2097416;121.447594,31.2100925;121.447678,31.2101555;121.447754,31.2102127;121.447868,31.2103157;121.447929,31.2103786;121.447975,31.2104435;121.448654,31.2113152;121.448914,31.2116089;121.449509,31.2124844;121.44976,31.2127209;121.449829,31.2127743;121.449905,31.212822;121.450951,31.2133102;121.451591,31.2135906;121.452126,31.2138214;121.452675,31.2140541;121.453354,31.2143421;121.453674,31.214489;121.454231,31.2147293;121.454773,31.2149563;121.45575,31.2153683;121.456009,31.2154675;121.456726,31.215786;121.457687,31.2161961;121.458046,31.2163506;121.458366,31.2164898;121.459091,31.2167816;121.459717,31.2170353;121.460114,31.2172184;121.460999,31.2175732;121.461281,31.2177067;121.463699,31.2187157;121.463974,31.2188225;121.464424,31.2190266;121.465851,31.2196274;121.466003,31.2196808;121.466896,31.2200527;121.468224,31.2206097;121.468414,31.2206841;121.470062,31.2213783;121.470718,31.2216587;121.471184,31.221817;121.471558,31.2219772;121.471771,31.2220535;121.472282,31.2222672;121.472481,31.2223377;121.473206,31.2226486;121.473335,31.2227058;121.473495,31.2227821;121.474426,31.2231636;121.474579,31.2232399;121.475227,31.2235069;121.47538,31.2235603;121.475517,31.2236347;121.476341,31.2239742;121.476463,31.2240257;121.476601,31.2240849;121.476837,31.2241859;121.477325,31.2243824;121.477478,31.2244453;121.4776,31.2244968;121.478485,31.2248707;121.478882,31.2250214;121.479218,31.2251606;121.479431,31.2252483;121.479591,31.2253208;121.479927,31.2254486;121.480232,31.2255859;121.480354,31.2256393"
TR0067,2026-06-22T21:31:15,"121.439175,31.235771",3000,5,秣陵路：双向缓慢，从长安路到民立路严重拥堵，从梅园路到民立路严重拥堵；南北高架路：从共和新路立交桥到天目中路立交桥行驶缓慢；武宁路：从中宁路到中山北路行驶缓慢；沪太路：恒丰北路立交桥附近自北向南行驶缓慢；潮州路：自西向东缓慢，反向畅通；天目西路：外贸锦程大厦附近自西向东行驶缓慢；镇宁路：自北向南缓慢，从华山路到延安西路行驶缓慢；西康路：从宜昌路到长寿路行驶缓慢；镇坪路：自南向北缓慢，反向畅通；铜仁路：自南向北缓慢，反向畅通；长安路：从秣陵路到恒丰路行驶缓慢；民立路：从共和路到天目西路行驶缓慢。,2,轻度拥堵,73.40%,3.69%,0.74%,22.17%,淮海中路,1,expedite,从西藏南路到华山路,211,30,"-360,-1894,-359,-2681,-2680,-358,-357,-354,-4513,-5212,-353,-859,-352,-351,-350,-349","121.480324,31.2257061;121.480194,31.2256489;121.480019,31.2255592;121.479179,31.2252083;121.478851,31.225071;121.47863,31.2249947;121.478447,31.2249241;121.47744,31.2245064;121.47728,31.2244453;121.47657,31.2241421;121.476425,31.2240925;121.476288,31.2240353;121.475494,31.2236881;121.475357,31.2236137;121.475189,31.2235508;121.474548,31.2232838;121.474426,31.2232399;121.474365,31.223217;121.474205,31.223156;121.473892,31.2230358;121.473297,31.2227726;121.473137,31.222702;121.472466,31.2224178;121.472267,31.2223415;121.471535,31.2220364;121.471199,31.2218933;121.471153,31.2218666;121.471001,31.2218132;121.470703,31.2217064;121.470047,31.2214317;121.468834,31.2209206;121.468193,31.2206669;121.466866,31.2201157;121.466736,31.2200584;121.46595,31.2197342;121.465828,31.2196941;121.463943,31.2188797;121.463676,31.2187729;121.46125,31.2177773;121.459801,31.2171383;121.459061,31.2168407;121.45771,31.2162762;121.456703,31.2158585;121.455986,31.2155418;121.455719,31.2154408;121.455254,31.2152405;121.453812,31.2146263;121.453514,31.214489;121.453407,31.2144451;121.452637,31.2141075;121.451981,31.2138309;121.451538,31.2136364;121.450935,31.2133865;121.450844,31.2133465;121.449814,31.2128487;121.449516,31.2125683;121.449478,31.2125149;121.449371,31.2123547;121.44886,31.2116394;121.448601,31.2113476;121.447891,31.2104435;121.447876,31.2104092;121.447823,31.2103519;121.447716,31.2102528;121.447647,31.2101994;121.447556,31.2101383;121.447021,31.209795;121.445183,31.208622;121.444214,31.2080002;121.443565,31.2076054;121.443375,31.2074795;121.44207,31.2066269;121.441849,31.2064838;121.441582,31.2063103;121.44101,31.2059517;121.439926,31.2052441;121.439476,31.2049637;121.43792,31.203968;121.436996,31.2033787;121.436729,31.2032127;121.435699,31.2025547;121.43528,31.2023296;121.435181,31.2022667"
TR0068,2026-06-22T21:31:15,"121.439175,31.235771",3000,5,秣陵路：双向缓慢，从长安路到民立路严重拥堵，从梅园路到民立路严重拥堵；南北高架路：从共和新路立交桥到天目中路立交桥行驶缓慢；武宁路：从中宁路到中山北路行驶缓慢；沪太路：恒丰北路立交桥附近自北向南行驶缓慢；潮州路：自西向东缓慢，反向畅通；天目西路：外贸锦程大厦附近自西向东行驶缓慢；镇宁路：自北向南缓慢，从华山路到延安西路行驶缓慢；西康路：从宜昌路到长寿路行驶缓慢；镇坪路：自南向北缓慢，反向畅通；铜仁路：自南向北缓慢，反向畅通；长安路：从秣陵路到恒丰路行驶缓慢；民立路：从共和路到天目西路行驶缓慢。,2,轻度拥堵,73.40%,3.69%,0.74%,22.17%,金陵西路,1,expedite,从重庆中路到黄陂南路,21,35,"363,362","121.470451,31.2230263;121.470619,31.223156;121.470863,31.2233162;121.471024,31.2234173;121.471107,31.2234707;121.471207,31.2235031;121.471298,31.2235298;121.471375,31.223547;121.471878,31.2236214;121.472076,31.2236576;121.472588,31.2237778;121.472656,31.2238045;121.47303,31.2239647;121.473244,31.2240486;121.473343,31.2240753;121.473656,31.2241516;121.473938,31.224226"
TR0069,2026-06-22T21:31:15,"121.439175,31.235771",3000,5,秣陵路：双向缓慢，从长安路到民立路严重拥堵，从梅园路到民立路严重拥堵；南北高架路：从共和新路立交桥到天目中路立交桥行驶缓慢；武宁路：从中宁路到中山北路行驶缓慢；沪太路：恒丰北路立交桥附近自北向南行驶缓慢；潮州路：自西向东缓慢，反向畅通；天目西路：外贸锦程大厦附近自西向东行驶缓慢；镇宁路：自北向南缓慢，从华山路到延安西路行驶缓慢；西康路：从宜昌路到长寿路行驶缓慢；镇坪路：自南向北缓慢，反向畅通；铜仁路：自南向北缓慢，反向畅通；长安路：从秣陵路到恒丰路行驶缓慢；民立路：从共和路到天目西路行驶缓慢。,2,轻度拥堵,73.40%,3.69%,0.74%,22.17%,金陵西路,1,expedite,从黄陂南路到重庆中路,202,25,"-362,-363","121.473907,31.2242889;121.473831,31.2242661;121.473701,31.224226;121.473305,31.2241421;121.47319,31.2241058;121.473152,31.2240925;121.472763,31.2239246;121.472588,31.2238541;121.472466,31.2238216;121.471855,31.2236938;121.471359,31.2236214;121.471199,31.2236042;121.471054,31.2235165;121.470779,31.2233467;121.47065,31.2232494;121.470589,31.2231865;121.470436,31.2230453"
TR0070,2026-06-22T21:31:15,"121.439175,31.235771",3000,5,秣陵路：双向缓慢，从长安路到民立路严重拥堵，从梅园路到民立路严重拥堵；南北高架路：从共和新路立交桥到天目中路立交桥行驶缓慢；武宁路：从中宁路到中山北路行驶缓慢；沪太路：恒丰北路立交桥附近自北向南行驶缓慢；潮州路：自西向东缓慢，反向畅通；天目西路：外贸锦程大厦附近自西向东行驶缓慢；镇宁路：自北向南缓慢，从华山路到延安西路行驶缓慢；西康路：从宜昌路到长寿路行驶缓慢；镇坪路：自南向北缓慢，反向畅通；铜仁路：自南向北缓慢，反向畅通；长安路：从秣陵路到恒丰路行驶缓慢；民立路：从共和路到天目西路行驶缓慢。,2,轻度拥堵,73.40%,3.69%,0.74%,22.17%,黄陂北路,1,expedite,从延安东路立交桥到南京西路,116,31,"423,4515,422,424","121.473183,31.2258759;121.473068,31.2261505;121.472771,31.2267075;121.472443,31.2273197;121.472389,31.2273865;121.472328,31.2274532;121.472183,31.2275734;121.471947,31.2277908;121.471802,31.2279282;121.471611,31.2281742;121.471291,31.2285728;121.471184,31.228796;121.471031,31.2291737;121.470726,31.229826;121.470329,31.230648;121.470207,31.2309208;121.470184,31.2309952;121.470161,31.2310791;121.470131,31.2311287"
TR0071,2026-06-22T21:31:15,"121.439175,31.235771",3000,5,秣陵路：双向缓慢，从长安路到民立路严重拥堵，从梅园路到民立路严重拥堵；南北高架路：从共和新路立交桥到天目中路立交桥行驶缓慢；武宁路：从中宁路到中山北路行驶缓慢；沪太路：恒丰北路立交桥附近自北向南行驶缓慢；潮州路：自西向东缓慢，反向畅通；天目西路：外贸锦程大厦附近自西向东行驶缓慢；镇宁路：自北向南缓慢，从华山路到延安西路行驶缓慢；西康路：从宜昌路到长寿路行驶缓慢；镇坪路：自南向北缓慢，反向畅通；铜仁路：自南向北缓慢，反向畅通；长安路：从秣陵路到恒丰路行驶缓慢；民立路：从共和路到天目西路行驶缓慢。,2,轻度拥堵,73.40%,3.69%,0.74%,22.17%,黄陂北路,1,expedite,从南京西路到延安东路立交桥,295,25,"-424,-422,-4515,-423","121.470131,31.2311287;121.470131,31.2310715;121.470154,31.2309875;121.470177,31.2309113;121.470291,31.2306404;121.47065,31.2299194;121.471001,31.2291603;121.471153,31.2287865;121.471214,31.2285328;121.471565,31.2280807;121.47168,31.2279339;121.471832,31.2277603;121.471939,31.2276707;121.472054,31.2275829;121.472305,31.2273731;121.472343,31.2273235;121.472389,31.227253;121.472603,31.2268448;121.472664,31.2267418;121.472923,31.2262535;121.473099,31.2258396"
TR0072,2026-06-22T21:31:15,"121.439175,31.235771",3000,5,秣陵路：双向缓慢，从长安路到民立路严重拥堵，从梅园路到民立路严重拥堵；南北高架路：从共和新路立交桥到天目中路立交桥行驶缓慢；武宁路：从中宁路到中山北路行驶缓慢；沪太路：恒丰北路立交桥附近自北向南行驶缓慢；潮州路：自西向东缓慢，反向畅通；天目西路：外贸锦程大厦附近自西向东行驶缓慢；镇宁路：自北向南缓慢，从华山路到延安西路行驶缓慢；西康路：从宜昌路到长寿路行驶缓慢；镇坪路：自南向北缓慢，反向畅通；铜仁路：自南向北缓慢，反向畅通；长安路：从秣陵路到恒丰路行驶缓慢；民立路：从共和路到天目西路行驶缓慢。,2,轻度拥堵,73.40%,3.69%,0.74%,22.17%,北京西路,1,expedite,从乌鲁木齐北路到西藏中路,28,30,"217,4380,219,220,221,222,223","121.442032,31.2233372;121.442192,31.2236977;121.442505,31.2242622;121.442635,31.2244358;121.442688,31.2245064;121.44281,31.2246571;121.442886,31.2247105;121.443466,31.2251606;121.444572,31.2260132;121.444992,31.2262001;121.445259,31.2263298;121.44558,31.2264805;121.447029,31.2271423;121.447571,31.2273865;121.449203,31.2280674;121.45118,31.2289104;121.451363,31.2290001;121.451401,31.229023;121.451538,31.2290802;121.453064,31.229538;121.453255,31.2295876;121.453957,31.2297955;121.454147,31.2298489;121.454521,31.2299728;121.455193,31.230196;121.456406,31.2306004;121.457085,31.2309074;121.457558,31.2311058;121.458397,31.2314358;121.459518,31.2318897;121.459747,31.231987;121.459908,31.2320747;121.460068,31.2321606;121.460304,31.2322941;121.460548,31.2324409;121.460999,31.2326889;121.461105,31.2327557;121.461334,31.2328587;121.46151,31.2329197;121.461662,31.2329769;121.46199,31.2331104;121.463127,31.2335281;121.463982,31.2338142;121.464119,31.2338657;121.465813,31.2344704;121.466095,31.2345695;121.466362,31.2346497;121.467255,31.2349873;121.468102,31.2352924;121.468445,31.2354355;121.469971,31.2360039;121.470131,31.2360802;121.470596,31.2362804;121.471611,31.2367382;121.471909,31.2368526;121.472977,31.2373829;121.473183,31.2374973;121.473442,31.2376709;121.473564,31.2377415"
TR0073,2026-06-22T21:31:15,"121.439175,31.235771",3000,5,秣陵路：双向缓慢，从长安路到民立路严重拥堵，从梅园路到民立路严重拥堵；南北高架路：从共和新路立交桥到天目中路立交桥行驶缓慢；武宁路：从中宁路到中山北路行驶缓慢；沪太路：恒丰北路立交桥附近自北向南行驶缓慢；潮州路：自西向东缓慢，反向畅通；天目西路：外贸锦程大厦附近自西向东行驶缓慢；镇宁路：自北向南缓慢，从华山路到延安西路行驶缓慢；西康路：从宜昌路到长寿路行驶缓慢；镇坪路：自南向北缓慢，反向畅通；铜仁路：自南向北缓慢，反向畅通；长安路：从秣陵路到恒丰路行驶缓慢；民立路：从共和路到天目西路行驶缓慢。,2,轻度拥堵,73.40%,3.69%,0.74%,22.17%,北京西路,1,expedite,从西藏中路到乌鲁木齐北路,208,30,"-223,-222,-221,-220,-219,-4380,-217,-2326","121.473549,31.2377911;121.473419,31.2377472;121.473183,31.237587;121.472908,31.2374439;121.471855,31.236969;121.471558,31.2367916;121.470558,31.2363472;121.470238,31.2362003;121.469955,31.2360668;121.468414,31.2354851;121.468071,31.235342;121.467224,31.2350349;121.466438,31.2347374;121.466087,31.2346172;121.465813,31.23452;121.464035,31.2338982;121.463486,31.2337246;121.463097,31.2335873;121.462402,31.2333298;121.461952,31.2331562;121.461296,31.2329292;121.461067,31.2328262;121.460388,31.2324409;121.460281,31.232378;121.46022,31.2323341;121.460068,31.232254;121.459938,31.2321873;121.45974,31.2320843;121.459679,31.2320442;121.459572,31.2319946;121.458366,31.2314987;121.457535,31.2311783;121.457069,31.2309608;121.456375,31.2306576;121.455109,31.2302303;121.454163,31.2299118;121.453812,31.2298126;121.453209,31.2296352;121.452835,31.2295208;121.452003,31.2292709;121.451447,31.2290974;121.451324,31.229044;121.451164,31.2289734;121.449905,31.2284393;121.449173,31.2281246;121.448593,31.2278938;121.446953,31.2271862;121.446701,31.2270794;121.446419,31.2269421;121.44558,31.2265511;121.444962,31.2262802;121.444519,31.2260971;121.443832,31.2255554;121.443504,31.2252979;121.442795,31.2247601;121.442802,31.2246666;121.442795,31.2246761;121.44265,31.2245235;121.442596,31.224453;121.442482,31.2242756;121.442169,31.223711;121.442009,31.2233505"
TR0074,2026-06-22T21:31:15,"121.439175,31.235771",3000,5,秣陵路：双向缓慢，从长安路到民立路严重拥堵，从梅园路到民立路严重拥堵；南北高架路：从共和新路立交桥到天目中路立交桥行驶缓慢；武宁路：从中宁路到中山北路行驶缓慢；沪太路：恒丰北路立交桥附近自北向南行驶缓慢；潮州路：自西向东缓慢，反向畅通；天目西路：外贸锦程大厦附近自西向东行驶缓慢；镇宁路：自北向南缓慢，从华山路到延安西路行驶缓慢；西康路：从宜昌路到长寿路行驶缓慢；镇坪路：自南向北缓慢，反向畅通；铜仁路：自南向北缓慢，反向畅通；长安路：从秣陵路到恒丰路行驶缓慢；民立路：从共和路到天目西路行驶缓慢。,2,轻度拥堵,73.40%,3.69%,0.74%,22.17%,武宁南路,1,expedite,从万航渡路到长寿路,131,35,"696,698,4660,699","121.438278,31.225462;121.438278,31.2255459;121.438171,31.2256184;121.438065,31.2256985;121.437988,31.2257652;121.437691,31.2260399;121.437164,31.2264881;121.436668,31.2269154;121.436356,31.2272129;121.435463,31.2280178;121.435158,31.2283192;121.435043,31.2284451;121.434792,31.2287827;121.434166,31.2296619;121.433723,31.2303162;121.433617,31.2304668;121.433563,31.2305241;121.433441,31.2306671;121.433136,31.2309952;121.432999,31.2311554;121.432762,31.2313919;121.432632,31.2315369;121.432495,31.2316704;121.431953,31.2322884;121.431801,31.2324448;121.431625,31.232626;121.431061,31.2329865;121.430862,31.2330971;121.430717,31.2331696;121.430252,31.2333813;121.429916,31.2335644;121.429825,31.2336273"
TR0075,2026-06-22T21:31:15,"121.439175,31.235771",3000,5,秣陵路：双向缓慢，从长安路到民立路严重拥堵，从梅园路到民立路严重拥堵；南北高架路：从共和新路立交桥到天目中路立交桥行驶缓慢；武宁路：从中宁路到中山北路行驶缓慢；沪太路：恒丰北路立交桥附近自北向南行驶缓慢；潮州路：自西向东缓慢，反向畅通；天目西路：外贸锦程大厦附近自西向东行驶缓慢；镇宁路：自北向南缓慢，从华山路到延安西路行驶缓慢；西康路：从宜昌路到长寿路行驶缓慢；镇坪路：自南向北缓慢，反向畅通；铜仁路：自南向北缓慢，反向畅通；长安路：从秣陵路到恒丰路行驶缓慢；民立路：从共和路到天目西路行驶缓慢。,2,轻度拥堵,73.40%,3.69%,0.74%,22.17%,武宁南路,1,expedite,从长寿路到万航渡路,311,35,"-699,-4660,-698,-696","121.429741,31.2335339;121.42984,31.2334709;121.430206,31.2332706;121.430824,31.2329903;121.430992,31.2329063;121.431145,31.232832;121.431328,31.232729;121.431435,31.232666;121.431519,31.2325993;121.431648,31.2324982;121.431694,31.2324409;121.432442,31.2316036;121.432571,31.231472;121.432701,31.2313251;121.432945,31.2310791;121.433136,31.2308617;121.433479,31.2304974;121.433495,31.2304668;121.433525,31.2304306;121.433685,31.2302036;121.434052,31.2296791;121.434616,31.2288799;121.434959,31.228405;121.435074,31.2283115;121.435432,31.2279549;121.436302,31.2271423;121.436432,31.2270126;121.436623,31.2268353;121.437454,31.2260838;121.437752,31.2258492;121.437866,31.2257328;121.437973,31.2256527;121.438065,31.2255859;121.438118,31.2255421;121.438141,31.2254925"
TR0076,2026-06-22T21:31:15,"121.439175,31.235771",3000,5,秣陵路：双向缓慢，从长安路到民立路严重拥堵，从梅园路到民立路严重拥堵；南北高架路：从共和新路立交桥到天目中路立交桥行驶缓慢；武宁路：从中宁路到中山北路行驶缓慢；沪太路：恒丰北路立交桥附近自北向南行驶缓慢；潮州路：自西向东缓慢，反向畅通；天目西路：外贸锦程大厦附近自西向东行驶缓慢；镇宁路：自北向南缓慢，从华山路到延安西路行驶缓慢；西康路：从宜昌路到长寿路行驶缓慢；镇坪路：自南向北缓慢，反向畅通；铜仁路：自南向北缓慢，反向畅通；长安路：从秣陵路到恒丰路行驶缓慢；民立路：从共和路到天目西路行驶缓慢。,2,轻度拥堵,73.40%,3.69%,0.74%,22.17%,常德路,1,expedite,从延安中路到长寿路,118,30,"3661,4400,5210","121.449669,31.2217102;121.449318,31.22188;121.449211,31.2219334;121.449104,31.2220764;121.448669,31.2226791;121.448624,31.2227917;121.448479,31.2232132;121.448097,31.2242393;121.447701,31.2251606;121.447678,31.2252178;121.447647,31.2254086;121.447289,31.2262096;121.447182,31.2264709;121.447128,31.2266407;121.447075,31.2268581;121.447029,31.2271423;121.447014,31.2272129;121.44677,31.2282085;121.446617,31.2294273;121.446457,31.2297287;121.44635,31.2299385;121.44619,31.2301693;121.446045,31.2303562;121.445885,31.2305069;121.445335,31.230978;121.445152,31.2311058;121.443985,31.2322941;121.443802,31.2324352;121.442825,31.2333908;121.442635,31.2336407;121.442207,31.2343998;121.441811,31.235075;121.441673,31.2352524;121.441132,31.2361565;121.440918,31.2365875;121.440491,31.2373199;121.440384,31.2374973;121.440201,31.237751;121.440163,31.2377949;121.440002,31.2379646;121.439056,31.2391911;121.438934,31.2393341;121.438774,31.2395153;121.438019,31.2402306;121.437859,31.2403469;121.437637,31.2404137"
TR0077,2026-06-22T21:31:15,"121.439175,31.235771",3000,5,秣陵路：双向缓慢，从长安路到民立路严重拥堵，从梅园路到民立路严重拥堵；南北高架路：从共和新路立交桥到天目中路立交桥行驶缓慢；武宁路：从中宁路到中山北路行驶缓慢；沪太路：恒丰北路立交桥附近自北向南行驶缓慢；潮州路：自西向东缓慢，反向畅通；天目西路：外贸锦程大厦附近自西向东行驶缓慢；镇宁路：自北向南缓慢，从华山路到延安西路行驶缓慢；西康路：从宜昌路到长寿路行驶缓慢；镇坪路：自南向北缓慢，反向畅通；铜仁路：自南向北缓慢，反向畅通；长安路：从秣陵路到恒丰路行驶缓慢；民立路：从共和路到天目西路行驶缓慢。,2,轻度拥堵,73.40%,3.69%,0.74%,22.17%,常德路,1,expedite,从长寿路到延安中路,298,30,"-5210,-4400,-3661","121.437637,31.2404137;121.43779,31.2402973;121.437958,31.2401695;121.438721,31.2394657;121.438919,31.239315;121.439964,31.2379513;121.440147,31.2377205;121.440323,31.2374706;121.44043,31.2372971;121.440865,31.2365646;121.440964,31.2363644;121.441063,31.2361336;121.441628,31.2352314;121.441772,31.235054;121.442047,31.2345867;121.442154,31.2343769;121.442513,31.2336845;121.442589,31.2335682;121.442757,31.2333469;121.443733,31.2324047;121.443932,31.2322578;121.445122,31.2310753;121.445282,31.2309513;121.445831,31.2304707;121.445992,31.2303238;121.446136,31.2301426;121.446281,31.2299118;121.446404,31.2297058;121.446564,31.2294044;121.446716,31.2281952;121.446968,31.2271156;121.447006,31.2268524;121.44706,31.2266273;121.447113,31.2264576;121.447227,31.2261734;121.447594,31.2253647;121.447617,31.2252083;121.447647,31.2251549;121.448051,31.2241955;121.448372,31.2231731;121.448532,31.2227592;121.448593,31.2226448;121.449135,31.2219067;121.449242,31.2218533;121.4496,31.2216835"
TR0078,2026-06-22T21:31:15,"121.439175,31.235771",3000,5,秣陵路：双向缓慢，从长安路到民立路严重拥堵，从梅园路到民立路严重拥堵；南北高架路：从共和新路立交桥到天目中路立交桥行驶缓慢；武宁路：从中宁路到中山北路行驶缓慢；沪太路：恒丰北路立交桥附近自北向南行驶缓慢；潮州路：自西向东缓慢，反向畅通；天目西路：外贸锦程大厦附近自西向东行驶缓慢；镇宁路：自北向南缓慢，从华山路到延安西路行驶缓慢；西康路：从宜昌路到长寿路行驶缓慢；镇坪路：自南向北缓慢，反向畅通；铜仁路：自南向北缓慢，反向畅通；长安路：从秣陵路到恒丰路行驶缓慢；民立路：从共和路到天目西路行驶缓慢。,2,轻度拥堵,73.40%,3.69%,0.74%,22.17%,恒丰路,1,expedite,从康定东路到恒丰路立交桥,116,35,"209,208,207,205","121.458984,31.2380047;121.458679,31.2387028;121.458023,31.2401295;121.45768,31.2408924;121.457527,31.2412529;121.457497,31.2413063;121.457451,31.2414036;121.457077,31.2420177;121.456932,31.2421417;121.456078,31.2429504;121.455345,31.2436543;121.454865,31.2442093;121.454544,31.2446346;121.454239,31.2450752;121.453903,31.2455597;121.453728,31.2457905;121.453674,31.2459297;121.453476,31.2462482;121.452789,31.2472935;121.45266,31.2475243;121.45224,31.2481251;121.451935,31.2486;121.451752,31.2489243;121.451591,31.2492847;121.4515,31.2494984;121.451439,31.2496986;121.451393,31.2498531;121.451363,31.2500362;121.45134,31.2502003;121.45134,31.2503815;121.45134,31.2505283;121.45134,31.2507114;121.451363,31.2508583;121.451416,31.2512398"
TR0079,2026-06-22T21:31:15,"121.439175,31.235771",3000,5,秣陵路：双向缓慢，从长安路到民立路严重拥堵，从梅园路到民立路严重拥堵；南北高架路：从共和新路立交桥到天目中路立交桥行驶缓慢；武宁路：从中宁路到中山北路行驶缓慢；沪太路：恒丰北路立交桥附近自北向南行驶缓慢；潮州路：自西向东缓慢，反向畅通；天目西路：外贸锦程大厦附近自西向东行驶缓慢；镇宁路：自北向南缓慢，从华山路到延安西路行驶缓慢；西康路：从宜昌路到长寿路行驶缓慢；镇坪路：自南向北缓慢，反向畅通；铜仁路：自南向北缓慢，反向畅通；长安路：从秣陵路到恒丰路行驶缓慢；民立路：从共和路到天目西路行驶缓慢。,2,轻度拥堵,73.40%,3.69%,0.74%,22.17%,恒丰路,1,expedite,从恒丰路立交桥到康定东路,296,35,"-207,-208,-209,-210","121.451286,31.251276;121.451218,31.2507381;121.451218,31.2506351;121.451218,31.2504807;121.451218,31.2502537;121.451233,31.2500629;121.451271,31.2498627;121.451332,31.2496223;121.451416,31.2493782;121.451553,31.2490616;121.45163,31.2489071;121.451736,31.2487373;121.45211,31.2481251;121.452553,31.2474174;121.45266,31.2472229;121.453522,31.2459068;121.45359,31.2458401;121.453651,31.2457771;121.453812,31.2455196;121.454384,31.2446575;121.454712,31.2441959;121.455246,31.2435818;121.455826,31.2430305;121.456993,31.2419548;121.457314,31.2414494;121.45742,31.2412395;121.457443,31.2411995;121.457466,31.2411594;121.457886,31.2402172;121.45826,31.2394218;121.458527,31.2388039;121.458717,31.2383995;121.458923,31.2379608"
TR0080,2026-06-22T21:31:15,"121.439175,31.235771",3000,5,秣陵路：双向缓慢，从长安路到民立路严重拥堵，从梅园路到民立路严重拥堵；南北高架路：从共和新路立交桥到天目中路立交桥行驶缓慢；武宁路：从中宁路到中山北路行驶缓慢；沪太路：恒丰北路立交桥附近自北向南行驶缓慢；潮州路：自西向东缓慢，反向畅通；天目西路：外贸锦程大厦附近自西向东行驶缓慢；镇宁路：自北向南缓慢，从华山路到延安西路行驶缓慢；西康路：从宜昌路到长寿路行驶缓慢；镇坪路：自南向北缓慢，反向畅通；铜仁路：自南向北缓慢，反向畅通；长安路：从秣陵路到恒丰路行驶缓慢；民立路：从共和路到天目西路行驶缓慢。,2,轻度拥堵,73.40%,3.69%,0.74%,22.17%,天目西路,1,expedite,从恒丰路到大统路,1,35,"193,194,1116","121.453728,31.2457905;121.454132,31.2458363;121.455254,31.2459106;121.455795,31.2459335;121.456017,31.2459564;121.456078,31.2459602;121.456245,31.2459698;121.457306,31.2459602;121.458076,31.245924;121.458237,31.2459698;121.459442,31.2459507;121.459686,31.245924;121.459892,31.2458973"
TR0081,2026-06-22T21:31:15,"121.439175,31.235771",3000,5,秣陵路：双向缓慢，从长安路到民立路严重拥堵，从梅园路到民立路严重拥堵；南北高架路：从共和新路立交桥到天目中路立交桥行驶缓慢；武宁路：从中宁路到中山北路行驶缓慢；沪太路：恒丰北路立交桥附近自北向南行驶缓慢；潮州路：自西向东缓慢，反向畅通；天目西路：外贸锦程大厦附近自西向东行驶缓慢；镇宁路：自北向南缓慢，从华山路到延安西路行驶缓慢；西康路：从宜昌路到长寿路行驶缓慢；镇坪路：自南向北缓慢，反向畅通；铜仁路：自南向北缓慢，反向畅通；长安路：从秣陵路到恒丰路行驶缓慢；民立路：从共和路到天目西路行驶缓慢。,2,轻度拥堵,73.40%,3.69%,0.74%,22.17%,天目西路,1,expedite,从大统路到长安路,183,46,"-194,-193,-192,-191","121.459892,31.2460003;121.459625,31.2460346;121.459419,31.2460537;121.45826,31.246088;121.458168,31.2461281;121.457344,31.2461147;121.45723,31.2461205;121.456177,31.2461147;121.456001,31.2461205;121.455849,31.2461109;121.455139,31.2460537;121.454506,31.2459965;121.454002,31.2459641;121.453674,31.2459297;121.453522,31.2459068;121.451607,31.2456093"
TR0082,2026-06-22T21:31:15,"121.439175,31.235771",3000,5,秣陵路：双向缓慢，从长安路到民立路严重拥堵，从梅园路到民立路严重拥堵；南北高架路：从共和新路立交桥到天目中路立交桥行驶缓慢；武宁路：从中宁路到中山北路行驶缓慢；沪太路：恒丰北路立交桥附近自北向南行驶缓慢；潮州路：自西向东缓慢，反向畅通；天目西路：外贸锦程大厦附近自西向东行驶缓慢；镇宁路：自北向南缓慢，从华山路到延安西路行驶缓慢；西康路：从宜昌路到长寿路行驶缓慢；镇坪路：自南向北缓慢，反向畅通；铜仁路：自南向北缓慢，反向畅通；长安路：从秣陵路到恒丰路行驶缓慢；民立路：从共和路到天目西路行驶缓慢。,2,轻度拥堵,73.40%,3.69%,0.74%,22.17%,秣陵路,1,expedite,从恒丰路立交桥到长安路,331,31,"5125,5126","121.451591,31.2487602;121.451897,31.2488842;121.452454,31.249115;121.452553,31.2491474;121.452637,31.2491684;121.452713,31.2491283;121.453629,31.2485104;121.453415,31.2481251;121.453339,31.2479553"
TR0083,2026-06-22T21:31:15,"121.439175,31.235771",3000,5,秣陵路：双向缓慢，从长安路到民立路严重拥堵，从梅园路到民立路严重拥堵；南北高架路：从共和新路立交桥到天目中路立交桥行驶缓慢；武宁路：从中宁路到中山北路行驶缓慢；沪太路：恒丰北路立交桥附近自北向南行驶缓慢；潮州路：自西向东缓慢，反向畅通；天目西路：外贸锦程大厦附近自西向东行驶缓慢；镇宁路：自北向南缓慢，从华山路到延安西路行驶缓慢；西康路：从宜昌路到长寿路行驶缓慢；镇坪路：自南向北缓慢，反向畅通；铜仁路：自南向北缓慢，反向畅通；长安路：从秣陵路到恒丰路行驶缓慢；民立路：从共和路到天目西路行驶缓慢。,2,轻度拥堵,73.40%,3.69%,0.74%,22.17%,秣陵路,1,expedite,从民立路到大统路,9,25,"5128,5184","121.455681,31.2470303;121.456116,31.2476215;121.456299,31.2475605;121.45723,31.2473736;121.457237,31.2473736;121.45742,31.2475281;121.457512,31.2475872;121.457603,31.2476215;121.457726,31.2476578;121.457901,31.2476749;121.458237,31.2476845;121.458595,31.2476845;121.458984,31.2476673;121.459435,31.2476444;121.459595,31.2476311;121.459686,31.2476177"
TR0084,2026-06-22T21:31:15,"121.439175,31.235771",3000,5,秣陵路：双向缓慢，从长安路到民立路严重拥堵，从梅园路到民立路严重拥堵；南北高架路：从共和新路立交桥到天目中路立交桥行驶缓慢；武宁路：从中宁路到中山北路行驶缓慢；沪太路：恒丰北路立交桥附近自北向南行驶缓慢；潮州路：自西向东缓慢，反向畅通；天目西路：外贸锦程大厦附近自西向东行驶缓慢；镇宁路：自北向南缓慢，从华山路到延安西路行驶缓慢；西康路：从宜昌路到长寿路行驶缓慢；镇坪路：自南向北缓慢，反向畅通；铜仁路：自南向北缓慢，反向畅通；长安路：从秣陵路到恒丰路行驶缓慢；民立路：从共和路到天目西路行驶缓慢。,2,轻度拥堵,73.40%,3.69%,0.74%,22.17%,秣陵路,1,expedite,从长安路到恒丰路立交桥,149,52,-5125,"121.453392,31.2479286;121.453476,31.2481251;121.453712,31.2485371;121.452843,31.2491207;121.452675,31.2492218;121.452637,31.2492619;121.452553,31.2492542;121.452499,31.2492409;121.452255,31.2491474;121.451546,31.2488575"
TR0085,2026-06-22T21:31:15,"121.439175,31.235771",3000,5,秣陵路：双向缓慢，从长安路到民立路严重拥堵，从梅园路到民立路严重拥堵；南北高架路：从共和新路立交桥到天目中路立交桥行驶缓慢；武宁路：从中宁路到中山北路行驶缓慢；沪太路：恒丰北路立交桥附近自北向南行驶缓慢；潮州路：自西向东缓慢，反向畅通；天目西路：外贸锦程大厦附近自西向东行驶缓慢；镇宁路：自北向南缓慢，从华山路到延安西路行驶缓慢；西康路：从宜昌路到长寿路行驶缓慢；镇坪路：自南向北缓慢，反向畅通；铜仁路：自南向北缓慢，反向畅通；长安路：从秣陵路到恒丰路行驶缓慢；民立路：从共和路到天目西路行驶缓慢。,2,轻度拥堵,73.40%,3.69%,0.74%,22.17%,恒丰北路,1,expedite,从恒丰路立交桥到沪太路,82,51,203,"121.451416,31.2512398;121.45166,31.2528229;121.451736,31.2532711;121.451874,31.2541332;121.452057,31.2551517;121.45208,31.2553558;121.452072,31.2554436"
TR0086,2026-06-22T21:31:15,"121.439175,31.235771",3000,5,秣陵路：双向缓慢，从长安路到民立路严重拥堵，从梅园路到民立路严重拥堵；南北高架路：从共和新路立交桥到天目中路立交桥行驶缓慢；武宁路：从中宁路到中山北路行驶缓慢；沪太路：恒丰北路立交桥附近自北向南行驶缓慢；潮州路：自西向东缓慢，反向畅通；天目西路：外贸锦程大厦附近自西向东行驶缓慢；镇宁路：自北向南缓慢，从华山路到延安西路行驶缓慢；西康路：从宜昌路到长寿路行驶缓慢；镇坪路：自南向北缓慢，反向畅通；铜仁路：自南向北缓慢，反向畅通；长安路：从秣陵路到恒丰路行驶缓慢；民立路：从共和路到天目西路行驶缓慢。,2,轻度拥堵,73.40%,3.69%,0.74%,22.17%,恒丰北路,1,expedite,从沪太路到恒丰路立交桥,260,30,"-203,-202","121.452072,31.2554436;121.451988,31.2553997;121.451935,31.2551517;121.451645,31.2534046;121.451523,31.2526264;121.451286,31.251276"
TR0087,2026-06-22T21:31:15,"121.439175,31.235771",3000,5,秣陵路：双向缓慢，从长安路到民立路严重拥堵，从梅园路到民立路严重拥堵；南北高架路：从共和新路立交桥到天目中路立交桥行驶缓慢；武宁路：从中宁路到中山北路行驶缓慢；沪太路：恒丰北路立交桥附近自北向南行驶缓慢；潮州路：自西向东缓慢，反向畅通；天目西路：外贸锦程大厦附近自西向东行驶缓慢；镇宁路：自北向南缓慢，从华山路到延安西路行驶缓慢；西康路：从宜昌路到长寿路行驶缓慢；镇坪路：自南向北缓慢，反向畅通；铜仁路：自南向北缓慢，反向畅通；长安路：从秣陵路到恒丰路行驶缓慢；民立路：从共和路到天目西路行驶缓慢。,2,轻度拥堵,73.40%,3.69%,0.74%,22.17%,中兴路,1,expedite,从交通路到东宝兴路,17,35,"1774,1773,1771","121.45031,31.2527905;121.451736,31.2527466;121.454987,31.2526264;121.455376,31.2525997;121.4571,31.2525024;121.459473,31.2523193;121.460625,31.2522659;121.46386,31.2521515;121.464088,31.2521515;121.464447,31.2521687;121.464859,31.2522125;121.465263,31.252285;121.465584,31.2523518;121.466454,31.2525425;121.467133,31.2526798;121.467964,31.2528763;121.468643,31.2530441;121.468941,31.2531509;121.469528,31.2533684;121.470802,31.253952;121.471184,31.2541695;121.471748,31.2545147;121.472176,31.2548275;121.472321,31.2549515;121.472466,31.2550621;121.472801,31.255352;121.473068,31.2555962;121.473312,31.2558041;121.473488,31.255928;121.474174,31.2564659;121.474297,31.2565651;121.474434,31.2566986;121.474739,31.2570038;121.474953,31.2572613;121.475357,31.2577152;121.475464,31.2578087;121.475998,31.2583828;121.476288,31.2586708;121.476425,31.2588272;121.477165,31.2595558;121.477486,31.2598763;121.477654,31.2600136;121.477829,31.260128;121.477943,31.2601948;121.478096,31.2603512"
TR0088,2026-06-22T21:31:15,"121.439175,31.235771",3000,5,秣陵路：双向缓慢，从长安路到民立路严重拥堵，从梅园路到民立路严重拥堵；南北高架路：从共和新路立交桥到天目中路立交桥行驶缓慢；武宁路：从中宁路到中山北路行驶缓慢；沪太路：恒丰北路立交桥附近自北向南行驶缓慢；潮州路：自西向东缓慢，反向畅通；天目西路：外贸锦程大厦附近自西向东行驶缓慢；镇宁路：自北向南缓慢，从华山路到延安西路行驶缓慢；西康路：从宜昌路到长寿路行驶缓慢；镇坪路：自南向北缓慢，反向畅通；铜仁路：自南向北缓慢，反向畅通；长安路：从秣陵路到恒丰路行驶缓慢；民立路：从共和路到天目西路行驶缓慢。,2,轻度拥堵,73.40%,3.69%,0.74%,22.17%,中兴路,1,expedite,从东宝兴路到交通路,197,35,"-1773,-1774,-4933","121.478096,31.2603512;121.477905,31.2602844;121.477707,31.2601814;121.477547,31.2600708;121.477425,31.2599602;121.477104,31.2596169;121.476456,31.2589779;121.476196,31.2587414;121.476021,31.2585602;121.47567,31.2582035;121.475273,31.2577724;121.474861,31.2573071;121.474365,31.2567787;121.47422,31.2566528;121.474098,31.2565689;121.473473,31.2560539;121.473259,31.255888;121.472748,31.2554531;121.472374,31.2551384;121.471825,31.2546978;121.471573,31.2545147;121.47113,31.2542496;121.470711,31.2540226;121.469505,31.253458;121.468826,31.2532215;121.468552,31.2531281;121.467926,31.2529736;121.467133,31.2527828;121.466225,31.2525826;121.465561,31.2524452;121.46505,31.2523518;121.464661,31.2522755;121.464478,31.2522526;121.464233,31.2522392;121.46386,31.2522392;121.463593,31.2522526;121.462563,31.2523117;121.460114,31.2523956;121.459488,31.2524052;121.457108,31.2525826;121.454994,31.2527065;121.45253,31.2528;121.450104,31.2528839"
TR0089,2026-06-22T21:31:15,"121.439175,31.235771",3000,5,秣陵路：双向缓慢，从长安路到民立路严重拥堵，从梅园路到民立路严重拥堵；南北高架路：从共和新路立交桥到天目中路立交桥行驶缓慢；武宁路：从中宁路到中山北路行驶缓慢；沪太路：恒丰北路立交桥附近自北向南行驶缓慢；潮州路：自西向东缓慢，反向畅通；天目西路：外贸锦程大厦附近自西向东行驶缓慢；镇宁路：自北向南缓慢，从华山路到延安西路行驶缓慢；西康路：从宜昌路到长寿路行驶缓慢；镇坪路：自南向北缓慢，反向畅通；铜仁路：自南向北缓慢，反向畅通；长安路：从秣陵路到恒丰路行驶缓慢；民立路：从共和路到天目西路行驶缓慢。,2,轻度拥堵,73.40%,3.69%,0.74%,22.17%,天目中路,1,expedite,从大统路到浙江北路,12,35,"197,4646,199","121.459892,31.2458973;121.460327,31.2457905;121.460495,31.2457466;121.462509,31.2451191;121.462631,31.2450752;121.463066,31.2449341;121.463501,31.2448006;121.464134,31.2446136;121.464745,31.2444763;121.465263,31.2443905;121.465477,31.2443695;121.465706,31.2443371;121.466011,31.2443104;121.466461,31.2442837;121.466515,31.2442894;121.466682,31.244297;121.466789,31.2443104;121.466888,31.2443295;121.467056,31.2443771;121.467133,31.2444038;121.467186,31.2444305;121.467789,31.2448044;121.468285,31.2451286;121.468994,31.2455997;121.469566,31.2459908;121.47039,31.246542;121.470505,31.2466259;121.470863,31.2468719;121.471397,31.2471962;121.47271,31.2479553;121.472923,31.2480793;121.473724,31.248497;121.473953,31.2486"
TR0090,2026-06-22T21:31:15,"121.439175,31.235771",3000,5,秣陵路：双向缓慢，从长安路到民立路严重拥堵，从梅园路到民立路严重拥堵；南北高架路：从共和新路立交桥到天目中路立交桥行驶缓慢；武宁路：从中宁路到中山北路行驶缓慢；沪太路：恒丰北路立交桥附近自北向南行驶缓慢；潮州路：自西向东缓慢，反向畅通；天目西路：外贸锦程大厦附近自西向东行驶缓慢；镇宁路：自北向南缓慢，从华山路到延安西路行驶缓慢；西康路：从宜昌路到长寿路行驶缓慢；镇坪路：自南向北缓慢，反向畅通；铜仁路：自南向北缓慢，反向畅通；长安路：从秣陵路到恒丰路行驶缓慢；民立路：从共和路到天目西路行驶缓慢。,2,轻度拥堵,73.40%,3.69%,0.74%,22.17%,天目中路,1,expedite,从浙江北路到大统路,192,30,"-4646,-197,-196","121.473923,31.2486763;121.473793,31.2486229;121.473671,31.24856;121.472801,31.2480793;121.470825,31.2469387;121.470482,31.2466984;121.470329,31.2465992;121.469864,31.2462883;121.469528,31.2460575;121.467911,31.2449741;121.467148,31.2444935;121.467079,31.244463;121.466988,31.2444363;121.466827,31.2443962;121.466545,31.24436;121.466011,31.2444172;121.465744,31.2444401;121.465469,31.2444706;121.465225,31.2445068;121.465012,31.2445431;121.46489,31.2445564;121.464798,31.2445774;121.464172,31.2447147;121.463539,31.2449017;121.463112,31.2450314;121.46254,31.2452221;121.462311,31.2452927;121.462112,31.2453461;121.46032,31.2458973;121.459892,31.2460003"
TR0091,2026-06-22T21:31:15,"121.439175,31.235771",3000,5,秣陵路：双向缓慢，从长安路到民立路严重拥堵，从梅园路到民立路严重拥堵；南北高架路：从共和新路立交桥到天目中路立交桥行驶缓慢；武宁路：从中宁路到中山北路行驶缓慢；沪太路：恒丰北路立交桥附近自北向南行驶缓慢；潮州路：自西向东缓慢，反向畅通；天目西路：外贸锦程大厦附近自西向东行驶缓慢；镇宁路：自北向南缓慢，从华山路到延安西路行驶缓慢；西康路：从宜昌路到长寿路行驶缓慢；镇坪路：自南向北缓慢，反向畅通；铜仁路：自南向北缓慢，反向畅通；长安路：从秣陵路到恒丰路行驶缓慢；民立路：从共和路到天目西路行驶缓慢。,2,轻度拥堵,73.40%,3.69%,0.74%,22.17%,海宁路,1,expedite,从天目中路到溧阳路,22,40,"639,640,641,4483,642,643","121.466461,31.2442837;121.466972,31.2442627;121.467323,31.2442398;121.467636,31.2442303;121.467972,31.2442493;121.468285,31.2442703;121.468559,31.2443066;121.468834,31.2443428;121.469086,31.2443829;121.469383,31.2444439;121.469559,31.2444839;121.470528,31.2446938;121.471107,31.2448215;121.471199,31.2448444;121.471695,31.2449474;121.472626,31.2451286;121.47406,31.2454319;121.475426,31.2457829;121.477264,31.2463245;121.477669,31.2464409;121.477974,31.2465153;121.478989,31.2468185;121.47963,31.247076;121.480888,31.2476139;121.481277,31.2477379;121.481369,31.2477608;121.481674,31.2478485;121.482208,31.2479954;121.482574,31.2481194;121.482773,31.2482052;121.482933,31.2482796;121.483131,31.2483902;121.483269,31.2484837;121.483414,31.2485771;121.483536,31.2486763;121.48365,31.2487774;121.483932,31.2490311;121.484161,31.2492218;121.484322,31.2493782;121.484497,31.2495193;121.484833,31.2497826;121.485069,31.2499294;121.485229,31.2500267;121.485352,31.2500896;121.486221,31.2505112;121.48674,31.2507782;121.487122,31.2509861;121.48774,31.2513428;121.488411,31.2517204;121.488586,31.2518082;121.488693,31.2518749;121.489014,31.2520447;121.489479,31.2522717;121.49073,31.2528629;121.491127,31.2530575;121.491287,31.2531376;121.491539,31.2532406;121.491768,31.2533245;121.491913,31.2533646;121.492043,31.2533913;121.492157,31.2534046;121.492249,31.2534084"
TR0092,2026-06-22T21:31:15,"121.439175,31.235771",3000,5,秣陵路：双向缓慢，从长安路到民立路严重拥堵，从梅园路到民立路严重拥堵；南北高架路：从共和新路立交桥到天目中路立交桥行驶缓慢；武宁路：从中宁路到中山北路行驶缓慢；沪太路：恒丰北路立交桥附近自北向南行驶缓慢；潮州路：自西向东缓慢，反向畅通；天目西路：外贸锦程大厦附近自西向东行驶缓慢；镇宁路：自北向南缓慢，从华山路到延安西路行驶缓慢；西康路：从宜昌路到长寿路行驶缓慢；镇坪路：自南向北缓慢，反向畅通；铜仁路：自南向北缓慢，反向畅通；长安路：从秣陵路到恒丰路行驶缓慢；民立路：从共和路到天目西路行驶缓慢。,2,轻度拥堵,73.40%,3.69%,0.74%,22.17%,海宁路,1,expedite,从溧阳路到天目中路,202,35,"-642,-4483,-641,-640,-639,-638","121.492233,31.2535019;121.492104,31.2534885;121.491982,31.2534714;121.491875,31.2534447;121.49173,31.2534008;121.491486,31.2533073;121.491058,31.2531204;121.490402,31.2528133;121.489899,31.2526035;121.489601,31.2524719;121.489441,31.2523918;121.488945,31.2521458;121.488655,31.2519951;121.488541,31.2519283;121.488304,31.251791;121.487602,31.2513905;121.486717,31.2508926;121.486549,31.2508049;121.486313,31.2506809;121.486008,31.2505283;121.485443,31.2502708;121.485283,31.2501965;121.485138,31.250124;121.484993,31.2500305;121.484802,31.2499104;121.484459,31.2496529;121.484352,31.2495689;121.484222,31.2494583;121.484108,31.2493515;121.483894,31.2491608;121.483574,31.2488575;121.483429,31.2487507;121.483307,31.2486496;121.483131,31.2485237;121.482918,31.2484093;121.482704,31.2483025;121.482552,31.2482395;121.482437,31.2481995;121.48233,31.2481594;121.48201,31.2480526;121.481728,31.2479992;121.4813,31.2478981;121.481209,31.2478752;121.48082,31.2477512;121.480339,31.247551;121.479752,31.2472935;121.479141,31.2470398;121.478699,31.2468853;121.478416,31.2467918;121.477974,31.2466717;121.4776,31.2465591;121.477165,31.2464352;121.47654,31.2462578;121.47538,31.245924;121.473991,31.2455769;121.473495,31.2454624;121.473152,31.2453957;121.472603,31.2452755;121.471092,31.2449512;121.47049,31.2448082;121.469528,31.2446098;121.46907,31.2445202;121.468536,31.2444439;121.468246,31.2444134;121.467331,31.2443562;121.466545,31.24436"
TR0093,2026-06-22T21:31:15,"121.439175,31.235771",3000,5,秣陵路：双向缓慢，从长安路到民立路严重拥堵，从梅园路到民立路严重拥堵；南北高架路：从共和新路立交桥到天目中路立交桥行驶缓慢；武宁路：从中宁路到中山北路行驶缓慢；沪太路：恒丰北路立交桥附近自北向南行驶缓慢；潮州路：自西向东缓慢，反向畅通；天目西路：外贸锦程大厦附近自西向东行驶缓慢；镇宁路：自北向南缓慢，从华山路到延安西路行驶缓慢；西康路：从宜昌路到长寿路行驶缓慢；镇坪路：自南向北缓慢，反向畅通；铜仁路：自南向北缓慢，反向畅通；长安路：从秣陵路到恒丰路行驶缓慢；民立路：从共和路到天目西路行驶缓慢。,2,轻度拥堵,73.40%,3.69%,0.74%,22.17%,西藏北路,1,expedite,从西藏中路到柳营路,105,35,"447,448,4661,450,451,452,453,454","121.472282,31.2402134;121.472023,31.2405815;121.471931,31.2407417;121.471832,31.2409382;121.471786,31.241066;121.471718,31.2414093;121.471573,31.2422791;121.471397,31.2433548;121.471291,31.2441864;121.47123,31.2446041;121.471191,31.2449741;121.471153,31.2451057;121.471092,31.2453117;121.470879,31.246027;121.470192,31.248085;121.470047,31.2485199;121.469757,31.2493782;121.469643,31.2497997;121.469559,31.2501373;121.469521,31.2503109;121.46933,31.2514668;121.469315,31.2515602;121.468918,31.2532539;121.468658,31.2544098;121.468559,31.2548046;121.468452,31.255085;121.468384,31.2552452;121.468163,31.2557201;121.467751,31.2566128;121.467705,31.2567158;121.467682,31.2568092;121.467606,31.2570095;121.467545,31.2572803;121.467484,31.2578087;121.467468,31.2580585;121.467415,31.2588711;121.467377,31.2594128;121.467339,31.2597637;121.467323,31.259903;121.467285,31.2600708;121.46727,31.2601509;121.467232,31.2602482;121.466843,31.2611694;121.466316,31.2623558;121.466095,31.2627201;121.465652,31.2635288;121.465263,31.264267;121.464607,31.2654495;121.463776,31.2669067;121.463432,31.2675247"
TR0094,2026-06-22T21:31:15,"121.439175,31.235771",3000,5,秣陵路：双向缓慢，从长安路到民立路严重拥堵，从梅园路到民立路严重拥堵；南北高架路：从共和新路立交桥到天目中路立交桥行驶缓慢；武宁路：从中宁路到中山北路行驶缓慢；沪太路：恒丰北路立交桥附近自北向南行驶缓慢；潮州路：自西向东缓慢，反向畅通；天目西路：外贸锦程大厦附近自西向东行驶缓慢；镇宁路：自北向南缓慢，从华山路到延安西路行驶缓慢；西康路：从宜昌路到长寿路行驶缓慢；镇坪路：自南向北缓慢，反向畅通；铜仁路：自南向北缓慢，反向畅通；长安路：从秣陵路到恒丰路行驶缓慢；民立路：从共和路到天目西路行驶缓慢。,2,轻度拥堵,73.40%,3.69%,0.74%,22.17%,西藏北路,1,expedite,从柳营路到西藏中路,285,35,"-454,-453,-452,-451,-450,-4661,-448,-447,-446","121.463341,31.2674675;121.463371,31.2674179;121.463692,31.2668629;121.4645,31.2654037;121.465065,31.2643642;121.46534,31.2639027;121.465988,31.2626705;121.46608,31.2625237;121.466179,31.2623596;121.466255,31.2622356;121.466728,31.2611332;121.466972,31.2605953;121.467079,31.2603607;121.467155,31.2601471;121.467201,31.2600002;121.467232,31.2598438;121.467285,31.2593861;121.467308,31.2588577;121.467361,31.2580452;121.467377,31.2577991;121.467415,31.2575245;121.467468,31.2571774;121.467522,31.2569599;121.467628,31.2566795;121.467758,31.2563553;121.468109,31.2556305;121.468407,31.2549515;121.468483,31.2547607;121.468857,31.2531204;121.469193,31.2515907;121.469437,31.2502842;121.469467,31.2501202;121.469528,31.2498627;121.469597,31.2496452;121.469971,31.2485027;121.470116,31.248085;121.470802,31.2460098;121.471069,31.2450676;121.471092,31.2449512;121.471107,31.2448215;121.47113,31.2445965;121.471451,31.2422714;121.471626,31.2411785;121.47168,31.2410221;121.471718,31.2409248;121.47184,31.2406673;121.472015,31.2403774;121.472176,31.2401562"
TR0095,2026-06-22T21:31:15,"121.439175,31.235771",3000,5,秣陵路：双向缓慢，从长安路到民立路严重拥堵，从梅园路到民立路严重拥堵；南北高架路：从共和新路立交桥到天目中路立交桥行驶缓慢；武宁路：从中宁路到中山北路行驶缓慢；沪太路：恒丰北路立交桥附近自北向南行驶缓慢；潮州路：自西向东缓慢，反向畅通；天目西路：外贸锦程大厦附近自西向东行驶缓慢；镇宁路：自北向南缓慢，从华山路到延安西路行驶缓慢；西康路：从宜昌路到长寿路行驶缓慢；镇坪路：自南向北缓慢，反向畅通；铜仁路：自南向北缓慢，反向畅通；长安路：从秣陵路到恒丰路行驶缓慢；民立路：从共和路到天目西路行驶缓慢。,2,轻度拥堵,73.40%,3.69%,0.74%,22.17%,柳营路,1,expedite,从普善路到同心路,33,30,"5225,2033,2032,2031","121.453606,31.262476;121.45369,31.2625027;121.453743,31.2625332;121.453781,31.2625599;121.453819,31.2625771;121.45417,31.2627029;121.454437,31.2627869;121.454811,31.2629108;121.4552,31.2630615;121.455475,31.2632046;121.455719,31.2633419;121.455788,31.2633724;121.455948,31.2635059;121.45623,31.2637997;121.456535,31.2640972;121.456856,31.2643204;121.457352,31.2645512;121.457832,31.2647514;121.458221,31.2648888;121.459015,31.2651596;121.459068,31.265173;121.459358,31.2652397;121.459396,31.2652397;121.459633,31.2652931;121.459801,31.2653294;121.459961,31.2653732;121.460175,31.2654629;121.460266,31.2655029;121.460922,31.2658939;121.461121,31.2660046;121.46154,31.2662582;121.461937,31.266489;121.462189,31.2666302;121.463005,31.2671909;121.46347,31.2674751;121.46402,31.2678318;121.465561,31.2687511;121.465698,31.2688351;121.465828,31.2689247;121.466011,31.2690582;121.466202,31.2691917;121.467079,31.2697334;121.467834,31.2702579;121.470612,31.2719822"
TR0096,2026-06-22T21:31:15,"121.439175,31.235771",3000,5,秣陵路：双向缓慢，从长安路到民立路严重拥堵，从梅园路到民立路严重拥堵；南北高架路：从共和新路立交桥到天目中路立交桥行驶缓慢；武宁路：从中宁路到中山北路行驶缓慢；沪太路：恒丰北路立交桥附近自北向南行驶缓慢；潮州路：自西向东缓慢，反向畅通；天目西路：外贸锦程大厦附近自西向东行驶缓慢；镇宁路：自北向南缓慢，从华山路到延安西路行驶缓慢；西康路：从宜昌路到长寿路行驶缓慢；镇坪路：自南向北缓慢，反向畅通；铜仁路：自南向北缓慢，反向畅通；长安路：从秣陵路到恒丰路行驶缓慢；民立路：从共和路到天目西路行驶缓慢。,2,轻度拥堵,73.40%,3.69%,0.74%,22.17%,柳营路,1,expedite,从同心路到普善路,213,35,"-2032,-2033,-5225,-2034","121.470581,31.2720261;121.467804,31.2703075;121.467041,31.2697868;121.466171,31.2692356;121.465973,31.2690983;121.46579,31.2689686;121.465652,31.2688808;121.46553,31.268795;121.463982,31.2678719;121.463341,31.2674675;121.462967,31.2672348;121.462158,31.2666759;121.461899,31.2665329;121.46151,31.2663021;121.461403,31.2662392;121.460495,31.2657108;121.460266,31.2655602;121.460091,31.2654839;121.459961,31.2654305;121.459854,31.2653961;121.459518,31.2653236;121.459381,31.2652969;121.459343,31.2652969;121.459045,31.2652264;121.458183,31.2649422;121.457817,31.2647991;121.457314,31.2646008;121.456818,31.2643642;121.456482,31.2641373;121.456177,31.2638359;121.455894,31.2635422;121.455757,31.2634182;121.455429,31.2632351;121.4552,31.2631283;121.454994,31.2630482;121.454575,31.2628937;121.453781,31.2626095;121.453705,31.2625828;121.453659,31.2625504;121.453606,31.262476"
TR0097,2026-06-22T21:31:15,"121.439175,31.235771",3000,5,秣陵路：双向缓慢，从长安路到民立路严重拥堵，从梅园路到民立路严重拥堵；南北高架路：从共和新路立交桥到天目中路立交桥行驶缓慢；武宁路：从中宁路到中山北路行驶缓慢；沪太路：恒丰北路立交桥附近自北向南行驶缓慢；潮州路：自西向东缓慢，反向畅通；天目西路：外贸锦程大厦附近自西向东行驶缓慢；镇宁路：自北向南缓慢，从华山路到延安西路行驶缓慢；西康路：从宜昌路到长寿路行驶缓慢；镇坪路：自南向北缓慢，反向畅通；铜仁路：自南向北缓慢，反向畅通；长安路：从秣陵路到恒丰路行驶缓慢；民立路：从共和路到天目西路行驶缓慢。,2,轻度拥堵,73.40%,3.69%,0.74%,22.17%,岳阳路,1,expedite,从汾阳路到永嘉路,306,26,-4156,"121.451416,31.2089691;121.45179,31.2085419"
TR0098,2026-06-22T21:31:15,"121.439175,31.235771",3000,5,秣陵路：双向缓慢，从长安路到民立路严重拥堵，从梅园路到民立路严重拥堵；南北高架路：从共和新路立交桥到天目中路立交桥行驶缓慢；武宁路：从中宁路到中山北路行驶缓慢；沪太路：恒丰北路立交桥附近自北向南行驶缓慢；潮州路：自西向东缓慢，反向畅通；天目西路：外贸锦程大厦附近自西向东行驶缓慢；镇宁路：自北向南缓慢，从华山路到延安西路行驶缓慢；西康路：从宜昌路到长寿路行驶缓慢；镇坪路：自南向北缓慢，反向畅通；铜仁路：自南向北缓慢，反向畅通；长安路：从秣陵路到恒丰路行驶缓慢；民立路：从共和路到天目西路行驶缓慢。,2,轻度拥堵,73.40%,3.69%,0.74%,22.17%,乌鲁木齐南路,1,expedite,从肇嘉浜路到淮海中路,111,30,4131,"121.448296,31.2070675;121.448204,31.2073784;121.447891,31.2085114;121.447807,31.2087727;121.447624,31.2089958;121.44706,31.2097473;121.447037,31.2098007"
TR0099,2026-06-22T21:31:15,"121.439175,31.235771",3000,5,秣陵路：双向缓慢，从长安路到民立路严重拥堵，从梅园路到民立路严重拥堵；南北高架路：从共和新路立交桥到天目中路立交桥行驶缓慢；武宁路：从中宁路到中山北路行驶缓慢；沪太路：恒丰北路立交桥附近自北向南行驶缓慢；潮州路：自西向东缓慢，反向畅通；天目西路：外贸锦程大厦附近自西向东行驶缓慢；镇宁路：自北向南缓慢，从华山路到延安西路行驶缓慢；西康路：从宜昌路到长寿路行驶缓慢；镇坪路：自南向北缓慢，反向畅通；铜仁路：自南向北缓慢，反向畅通；长安路：从秣陵路到恒丰路行驶缓慢；民立路：从共和路到天目西路行驶缓慢。,2,轻度拥堵,73.40%,3.69%,0.74%,22.17%,乌鲁木齐南路,1,expedite,从淮海中路到肇嘉浜路,285,25,"-4131,-4126","121.447006,31.2097912;121.447021,31.2097378;121.447029,31.209734;121.447601,31.2089825;121.447769,31.2087593;121.447868,31.2085018;121.448181,31.2073689;121.448257,31.207058;121.448341,31.2068043;121.448837,31.2049904;121.448936,31.2045994;121.449043,31.2042084;121.449173,31.2036495;121.449562,31.2021561;121.450287,31.2000675;121.450317,31.1999073;121.450356,31.1996536"
TR0100,2026-06-22T21:31:15,"121.439175,31.235771",3000,5,秣陵路：双向缓慢，从长安路到民立路严重拥堵，从梅园路到民立路严重拥堵；南北高架路：从共和新路立交桥到天目中路立交桥行驶缓慢；武宁路：从中宁路到中山北路行驶缓慢；沪太路：恒丰北路立交桥附近自北向南行驶缓慢；潮州路：自西向东缓慢，反向畅通；天目西路：外贸锦程大厦附近自西向东行驶缓慢；镇宁路：自北向南缓慢，从华山路到延安西路行驶缓慢；西康路：从宜昌路到长寿路行驶缓慢；镇坪路：自南向北缓慢，反向畅通；铜仁路：自南向北缓慢，反向畅通；长安路：从秣陵路到恒丰路行驶缓慢；民立路：从共和路到天目西路行驶缓慢。,2,轻度拥堵,73.40%,3.69%,0.74%,22.17%,武康路,1,expedite,从淮海中路到华山路,161,32,4196,"121.440132,31.2130718;121.439804,31.2131462;121.439217,31.2133293"
TR0101,2026-06-22T21:31:15,"121.439175,31.235771",3000,5,秣陵路：双向缓慢，从长安路到民立路严重拥堵，从梅园路到民立路严重拥堵；南北高架路：从共和新路立交桥到天目中路立交桥行驶缓慢；武宁路：从中宁路到中山北路行驶缓慢；沪太路：恒丰北路立交桥附近自北向南行驶缓慢；潮州路：自西向东缓慢，反向畅通；天目西路：外贸锦程大厦附近自西向东行驶缓慢；镇宁路：自北向南缓慢，从华山路到延安西路行驶缓慢；西康路：从宜昌路到长寿路行驶缓慢；镇坪路：自南向北缓慢，反向畅通；铜仁路：自南向北缓慢，反向畅通；长安路：从秣陵路到恒丰路行驶缓慢；民立路：从共和路到天目西路行驶缓慢。,2,轻度拥堵,73.40%,3.69%,0.74%,22.17%,武康路,1,expedite,从华山路到淮海中路,263,25,-4194,"121.439217,31.2133026;121.439789,31.2131195;121.440125,31.2130489;121.44046,31.2124348;121.44091,31.2116127;121.441093,31.2112484;121.441116,31.211174;121.441132,31.2111416;121.441139,31.2111073;121.441139,31.211071;121.440552,31.2090225;121.440163,31.2075958;121.440086,31.2073193;121.440033,31.207222;121.439972,31.2071419;121.439148,31.2061691;121.43885,31.2056885;121.438507,31.2051201;121.437958,31.2042313;121.437935,31.2041817;121.437935,31.204134;121.43792,31.203968"
TR0102,2026-06-22T21:31:15,"121.439175,31.235771",3000,5,秣陵路：双向缓慢，从长安路到民立路严重拥堵，从梅园路到民立路严重拥堵；南北高架路：从共和新路立交桥到天目中路立交桥行驶缓慢；武宁路：从中宁路到中山北路行驶缓慢；沪太路：恒丰北路立交桥附近自北向南行驶缓慢；潮州路：自西向东缓慢，反向畅通；天目西路：外贸锦程大厦附近自西向东行驶缓慢；镇宁路：自北向南缓慢，从华山路到延安西路行驶缓慢；西康路：从宜昌路到长寿路行驶缓慢；镇坪路：自南向北缓慢，反向畅通；铜仁路：自南向北缓慢，反向畅通；长安路：从秣陵路到恒丰路行驶缓慢；民立路：从共和路到天目西路行驶缓慢。,2,轻度拥堵,73.40%,3.69%,0.74%,22.17%,复兴西路,1,expedite,从华山路到淮海中路,353,30,872,"121.437439,31.2115192;121.437553,31.2113857;121.437813,31.2111206;121.437904,31.2110481;121.437981,31.2109947;121.438065,31.2109547;121.438171,31.2109146;121.438278,31.2108936;121.439041,31.2108402;121.439323,31.2108269;121.44104,31.2107334;121.443291,31.21064;121.445404,31.210537;121.446587,31.2104931;121.44693,31.2104702;121.447701,31.2104435;121.447891,31.2104321;121.447975,31.2104263"
TR0103,2026-06-22T21:31:15,"121.439175,31.235771",3000,5,秣陵路：双向缓慢，从长安路到民立路严重拥堵，从梅园路到民立路严重拥堵；南北高架路：从共和新路立交桥到天目中路立交桥行驶缓慢；武宁路：从中宁路到中山北路行驶缓慢；沪太路：恒丰北路立交桥附近自北向南行驶缓慢；潮州路：自西向东缓慢，反向畅通；天目西路：外贸锦程大厦附近自西向东行驶缓慢；镇宁路：自北向南缓慢，从华山路到延安西路行驶缓慢；西康路：从宜昌路到长寿路行驶缓慢；镇坪路：自南向北缓慢，反向畅通；铜仁路：自南向北缓慢，反向畅通；长安路：从秣陵路到恒丰路行驶缓慢；民立路：从共和路到天目西路行驶缓慢。,2,轻度拥堵,73.40%,3.69%,0.74%,22.17%,复兴西路,1,expedite,从淮海中路到华山路,173,25,"-872,-870","121.447975,31.2104568;121.447891,31.2104568;121.447899,31.2104568;121.447701,31.2104702;121.44693,31.2105026;121.446587,31.2105236;121.445404,31.2105694;121.443291,31.2106667;121.441048,31.2107601;121.439323,31.2108536;121.438293,31.2109203;121.438187,31.210947;121.43808,31.2109814;121.438011,31.2110176;121.437927,31.2110672;121.437828,31.2111378;121.437584,31.2114048;121.437469,31.2115383"
TR0104,2026-06-22T21:31:15,"121.439175,31.235771",3000,5,秣陵路：双向缓慢，从长安路到民立路严重拥堵，从梅园路到民立路严重拥堵；南北高架路：从共和新路立交桥到天目中路立交桥行驶缓慢；武宁路：从中宁路到中山北路行驶缓慢；沪太路：恒丰北路立交桥附近自北向南行驶缓慢；潮州路：自西向东缓慢，反向畅通；天目西路：外贸锦程大厦附近自西向东行驶缓慢；镇宁路：自北向南缓慢，从华山路到延安西路行驶缓慢；西康路：从宜昌路到长寿路行驶缓慢；镇坪路：自南向北缓慢，反向畅通；铜仁路：自南向北缓慢，反向畅通；长安路：从秣陵路到恒丰路行驶缓慢；民立路：从共和路到天目西路行驶缓慢。,2,轻度拥堵,73.40%,3.69%,0.74%,22.17%,思南路,1,expedite,从泰康路到淮海中路,119,25,4071,"121.471344,31.2082405;121.471039,31.2085609;121.470848,31.2088223;121.470695,31.2090702;121.470154,31.2099781;121.469864,31.2104836"
TR0105,2026-06-22T21:31:15,"121.439175,31.235771",3000,5,秣陵路：双向缓慢，从长安路到民立路严重拥堵，从梅园路到民立路严重拥堵；南北高架路：从共和新路立交桥到天目中路立交桥行驶缓慢；武宁路：从中宁路到中山北路行驶缓慢；沪太路：恒丰北路立交桥附近自北向南行驶缓慢；潮州路：自西向东缓慢，反向畅通；天目西路：外贸锦程大厦附近自西向东行驶缓慢；镇宁路：自北向南缓慢，从华山路到延安西路行驶缓慢；西康路：从宜昌路到长寿路行驶缓慢；镇坪路：自南向北缓慢，反向畅通；铜仁路：自南向北缓慢，反向畅通；长安路：从秣陵路到恒丰路行驶缓慢；民立路：从共和路到天目西路行驶缓慢。,2,轻度拥堵,73.40%,3.69%,0.74%,22.17%,思南路,1,expedite,从淮海中路到泰康路,292,25,"-4071,-4068","121.465828,31.2196941;121.465851,31.2196274;121.466164,31.2187386;121.466347,31.218174;121.466652,31.217432;121.466759,31.2171688;121.467201,31.216116;121.467461,31.2154942;121.46759,31.2152271;121.468285,31.2140617;121.468552,31.213604;121.468697,31.2133465;121.468918,31.2128887;121.468994,31.2126942;121.469086,31.2124615;121.469254,31.211977;121.469513,31.211195;121.469566,31.2110271;121.469666,31.2108307;121.469833,31.2104702;121.470116,31.2099686;121.470665,31.2090569;121.470818,31.2088051;121.471001,31.2085419;121.471306,31.2082214"
TR0106,2026-06-22T21:31:15,"121.439175,31.235771",3000,5,秣陵路：双向缓慢，从长安路到民立路严重拥堵，从梅园路到民立路严重拥堵；南北高架路：从共和新路立交桥到天目中路立交桥行驶缓慢；武宁路：从中宁路到中山北路行驶缓慢；沪太路：恒丰北路立交桥附近自北向南行驶缓慢；潮州路：自西向东缓慢，反向畅通；天目西路：外贸锦程大厦附近自西向东行驶缓慢；镇宁路：自北向南缓慢，从华山路到延安西路行驶缓慢；西康路：从宜昌路到长寿路行驶缓慢；镇坪路：自南向北缓慢，反向畅通；铜仁路：自南向北缓慢，反向畅通；长安路：从秣陵路到恒丰路行驶缓慢；民立路：从共和路到天目西路行驶缓慢。,2,轻度拥堵,73.40%,3.69%,0.74%,22.17%,番禺路,1,expedite,凯旋路附近,31,28,2603,"121.424576,31.1906624;121.424652,31.1907024"
TR0107,2026-06-22T21:31:15,"121.439175,31.235771",3000,5,秣陵路：双向缓慢，从长安路到民立路严重拥堵，从梅园路到民立路严重拥堵；南北高架路：从共和新路立交桥到天目中路立交桥行驶缓慢；武宁路：从中宁路到中山北路行驶缓慢；沪太路：恒丰北路立交桥附近自北向南行驶缓慢；潮州路：自西向东缓慢，反向畅通；天目西路：外贸锦程大厦附近自西向东行驶缓慢；镇宁路：自北向南缓慢，从华山路到延安西路行驶缓慢；西康路：从宜昌路到长寿路行驶缓慢；镇坪路：自南向北缓慢，反向畅通；铜仁路：自南向北缓慢，反向畅通；长安路：从秣陵路到恒丰路行驶缓慢；民立路：从共和路到天目西路行驶缓慢。,2,轻度拥堵,73.40%,3.69%,0.74%,22.17%,番禺路,1,expedite,从虹桥路到延安西路,87,50,2606,"121.428123,31.1939774;121.428192,31.1945114;121.42823,31.1947384;121.428322,31.1954403;121.428391,31.1959419;121.428436,31.1962719;121.428543,31.1970577;121.428589,31.1974525;121.428619,31.1976318;121.428658,31.1977692;121.428726,31.1979961;121.429016,31.1985683;121.429581,31.1996574;121.429688,31.1999245;121.430046,31.2018757;121.430229,31.2029514;121.430267,31.203186;121.43029,31.2034664;121.43029,31.2036362;121.430283,31.2037296;121.43026,31.2038269;121.430206,31.2039204;121.430145,31.2040043;121.429794,31.2044086;121.429672,31.2045422;121.429512,31.2047291;121.429443,31.2048225;121.42939,31.2049427;121.429321,31.2050972;121.429291,31.205204;121.429283,31.205267;121.429268,31.2053471;121.429268,31.205431;121.429283,31.205698;121.429298,31.2059917;121.429314,31.2062798;121.429337,31.2064896;121.429367,31.2067375;121.429428,31.2070179;121.429459,31.207222;121.429474,31.2072983;121.429466,31.2075596;121.429413,31.2094936;121.429405,31.2101154;121.42939,31.2103863;121.429314,31.2106228;121.429283,31.2106972;121.429245,31.2107105;121.42923,31.2107372;121.429176,31.2107773;121.429123,31.210804;121.429031,31.2108307;121.428978,31.2108402"
TR0108,2026-06-22T21:31:15,"121.439175,31.235771",3000,5,秣陵路：双向缓慢，从长安路到民立路严重拥堵，从梅园路到民立路严重拥堵；南北高架路：从共和新路立交桥到天目中路立交桥行驶缓慢；武宁路：从中宁路到中山北路行驶缓慢；沪太路：恒丰北路立交桥附近自北向南行驶缓慢；潮州路：自西向东缓慢，反向畅通；天目西路：外贸锦程大厦附近自西向东行驶缓慢；镇宁路：自北向南缓慢，从华山路到延安西路行驶缓慢；西康路：从宜昌路到长寿路行驶缓慢；镇坪路：自南向北缓慢，反向畅通；铜仁路：自南向北缓慢，反向畅通；长安路：从秣陵路到恒丰路行驶缓慢；民立路：从共和路到天目西路行驶缓慢。,2,轻度拥堵,73.40%,3.69%,0.74%,22.17%,番禺路,1,expedite,从延安西路到虹桥路,266,25,-2604,"121.429245,31.2106838;121.429291,31.2106133;121.429352,31.2103825;121.429367,31.2101154;121.429375,31.2094898;121.429443,31.2075596;121.429443,31.2072983;121.429428,31.2072315;121.429405,31.2070274;121.429337,31.2067413;121.429298,31.2064896;121.429283,31.2062798;121.429268,31.2059917;121.429245,31.2057018;121.429237,31.205431;121.429237,31.2053471;121.429245,31.205267;121.429253,31.2051964;121.429291,31.2050896;121.429352,31.2049332;121.42942,31.2048092;121.429482,31.2047157;121.429634,31.204525;121.429779,31.2043915;121.430115,31.2039871;121.430168,31.203907;121.430222,31.2038174;121.430252,31.2037239;121.43026,31.2036362;121.43026,31.2034664;121.430237,31.203186;121.430206,31.2029552;121.430016,31.2018795;121.429657,31.1999283;121.42955,31.199667;121.428986,31.1985817;121.428696,31.1980038;121.428665,31.1979103;121.428589,31.1976357;121.428551,31.1974525;121.428513,31.1970615;121.428406,31.1962757;121.428352,31.1959457;121.428291,31.1954403;121.428192,31.1947422;121.428162,31.1945152;121.428085,31.1939831;121.428032,31.1938095"
TR0109,2026-06-22T21:31:15,"121.439175,31.235771",3000,5,秣陵路：双向缓慢，从长安路到民立路严重拥堵，从梅园路到民立路严重拥堵；南北高架路：从共和新路立交桥到天目中路立交桥行驶缓慢；武宁路：从中宁路到中山北路行驶缓慢；沪太路：恒丰北路立交桥附近自北向南行驶缓慢；潮州路：自西向东缓慢，反向畅通；天目西路：外贸锦程大厦附近自西向东行驶缓慢；镇宁路：自北向南缓慢，从华山路到延安西路行驶缓慢；西康路：从宜昌路到长寿路行驶缓慢；镇坪路：自南向北缓慢，反向畅通；铜仁路：自南向北缓慢，反向畅通；长安路：从秣陵路到恒丰路行驶缓慢；民立路：从共和路到天目西路行驶缓慢。,2,轻度拥堵,73.40%,3.69%,0.74%,22.17%,凯旋路,1,expedite,从中山西路到盘湾里,111,35,"3309,3310,3315,3317,3318","121.433723,31.1809502;121.43367,31.1810932;121.433632,31.1811695;121.433578,31.1812534;121.43351,31.1813202;121.432892,31.1818619;121.43103,31.1834259;121.430359,31.184;121.429085,31.1851254;121.428452,31.1856537;121.42823,31.1858749;121.427574,31.1866798;121.426971,31.1873684;121.426758,31.1876354;121.426353,31.1881428;121.426109,31.1885014;121.425919,31.1888313;121.425209,31.1898479;121.424637,31.1907158;121.423256,31.192627;121.422935,31.1931114;121.422699,31.1934853;121.422401,31.1942711;121.422226,31.1949024;121.422035,31.1953773;121.421959,31.1955242;121.421814,31.1957645;121.420792,31.1982136;121.420349,31.1991863;121.420204,31.1996403;121.419868,31.2008266;121.419571,31.2019157;121.419243,31.2031059;121.419128,31.2034531;121.419075,31.2035637;121.418526,31.2043476;121.418381,31.2045517;121.418152,31.2048626;121.41806,31.2049866;121.417992,31.2050972;121.417923,31.2052269;121.41774,31.2056351;121.417709,31.2057552;121.417656,31.2058926;121.417351,31.2066002;121.417297,31.2067375;121.417244,31.2069149;121.417206,31.2070541;121.417152,31.2072983;121.417122,31.2075863;121.417099,31.2077599;121.416992,31.2080765;121.417084,31.2083607;121.417122,31.2086754;121.417336,31.2098675;121.417419,31.2104187;121.417519,31.2110481;121.417564,31.2112007;121.417618,31.2114124;121.417877,31.2121239;121.417923,31.2122707;121.417953,31.2123909;121.417992,31.2125015;121.417992,31.2125778;121.417984,31.2126751;121.417953,31.2128582;121.4179,31.2130718;121.417603,31.2140942;121.417458,31.2145958;121.417336,31.2150631;121.417206,31.2154942;121.416977,31.2160492;121.4161,31.2179604;121.416054,31.2181244;121.415947,31.2183247;121.415581,31.2190628;121.415398,31.2194672;121.415215,31.2197514;121.415047,31.2199688;121.414879,31.2203026;121.414436,31.2211113;121.414154,31.2216835;121.41375,31.2224846;121.413475,31.2230625;121.413307,31.2233868;121.412994,31.2240257;121.412788,31.2244968;121.412682,31.2247963;121.412605,31.2250347;121.412498,31.2253685;121.412407,31.2257385;121.412338,31.2260666;121.412186,31.226675"
TR0110,2026-06-22T21:31:15,"121.439175,31.235771",3000,5,秣陵路：双向缓慢，从长安路到民立路严重拥堵，从梅园路到民立路严重拥堵；南北高架路：从共和新路立交桥到天目中路立交桥行驶缓慢；武宁路：从中宁路到中山北路行驶缓慢；沪太路：恒丰北路立交桥附近自北向南行驶缓慢；潮州路：自西向东缓慢，反向畅通；天目西路：外贸锦程大厦附近自西向东行驶缓慢；镇宁路：自北向南缓慢，从华山路到延安西路行驶缓慢；西康路：从宜昌路到长寿路行驶缓慢；镇坪路：自南向北缓慢，反向畅通；铜仁路：自南向北缓慢，反向畅通；长安路：从秣陵路到恒丰路行驶缓慢；民立路：从共和路到天目西路行驶缓慢。,2,轻度拥堵,73.40%,3.69%,0.74%,22.17%,凯旋路,1,expedite,从盘湾里到延安西路,282,35,"-3317,-3315","121.412148,31.2266674;121.4123,31.2260571;121.412384,31.2257328;121.412468,31.2253647;121.412567,31.2250271;121.412659,31.2247868;121.412766,31.2244892;121.412971,31.2240181;121.413277,31.2233772;121.413437,31.223053;121.413727,31.2224751;121.414124,31.2216759;121.414406,31.2210979;121.414856,31.2202892;121.415024,31.2199554;121.415184,31.219738;121.415306,31.2194309;121.415955,31.2180977;121.416077,31.2179546;121.416069,31.2179508;121.416954,31.2160397;121.417183,31.2154846;121.417305,31.2150631;121.417046,31.2149429;121.417122,31.2147694;121.417137,31.2147102;121.417168,31.2146492;121.417206,31.2144394;121.417244,31.214325;121.417305,31.2141685;121.417336,31.2141113;121.417366,31.2139874;121.417404,31.2137947;121.417442,31.2133904;121.417458,31.2132053;121.417458,31.2130451;121.417458,31.2129688;121.417419,31.212862;121.417404,31.2126846;121.417404,31.2124977;121.417389,31.2122498;121.417358,31.2120361;121.417297,31.2116318;121.417244,31.2112579;121.417191,31.2108803;121.417168,31.210783;121.417137,31.2106838;121.417084,31.210556;121.41703,31.2104626;121.417015,31.210413;121.416977,31.2101784;121.416939,31.2099285;121.416862,31.209404;121.416801,31.2089386;121.416779,31.2087288;121.416771,31.2086086;121.416771,31.2085648;121.416779,31.2085152;121.416817,31.2083912;121.416977,31.2080765"
TR0111,2026-06-22T21:31:15,"121.439175,31.235771",3000,5,秣陵路：双向缓慢，从长安路到民立路严重拥堵，从梅园路到民立路严重拥堵；南北高架路：从共和新路立交桥到天目中路立交桥行驶缓慢；武宁路：从中宁路到中山北路行驶缓慢；沪太路：恒丰北路立交桥附近自北向南行驶缓慢；潮州路：自西向东缓慢，反向畅通；天目西路：外贸锦程大厦附近自西向东行驶缓慢；镇宁路：自北向南缓慢，从华山路到延安西路行驶缓慢；西康路：从宜昌路到长寿路行驶缓慢；镇坪路：自南向北缓慢，反向畅通；铜仁路：自南向北缓慢，反向畅通；长安路：从秣陵路到恒丰路行驶缓慢；民立路：从共和路到天目西路行驶缓慢。,2,轻度拥堵,73.40%,3.69%,0.74%,22.17%,武夷路,1,expedite,从中山西路到延安西路,2,25,"4062,4064,4065","121.412552,31.2124748;121.412781,31.2124672;121.412941,31.2124615;121.413033,31.2124615;121.413261,31.2124805;121.413994,31.212574;121.415154,31.2127247;121.415695,31.2127819;121.416092,31.2128124;121.417419,31.2128487;121.418221,31.2128448;121.419289,31.2127209;121.419701,31.2126675;121.419983,31.2126446;121.420097,31.2126541;121.420158,31.2126579;121.420219,31.2126675;121.420425,31.2126942;121.421761,31.2128716;121.422585,31.212986;121.422882,31.2130318;121.423065,31.2130451;121.424263,31.213192;121.426804,31.2134762;121.427399,31.2135563;121.428062,31.2136307;121.4291,31.213747;121.429207,31.2137508;121.429298,31.2137508;121.429352,31.213747;121.42942,31.2137413;121.429474,31.213728;121.429771,31.2136497;121.430862,31.2132759;121.431038,31.2132397;121.431381,31.2131824"
TR0112,2026-06-22T21:31:15,"121.439175,31.235771",3000,5,秣陵路：双向缓慢，从长安路到民立路严重拥堵，从梅园路到民立路严重拥堵；南北高架路：从共和新路立交桥到天目中路立交桥行驶缓慢；武宁路：从中宁路到中山北路行驶缓慢；沪太路：恒丰北路立交桥附近自北向南行驶缓慢；潮州路：自西向东缓慢，反向畅通；天目西路：外贸锦程大厦附近自西向东行驶缓慢；镇宁路：自北向南缓慢，从华山路到延安西路行驶缓慢；西康路：从宜昌路到长寿路行驶缓慢；镇坪路：自南向北缓慢，反向畅通；铜仁路：自南向北缓慢，反向畅通；长安路：从秣陵路到恒丰路行驶缓慢；民立路：从共和路到天目西路行驶缓慢。,2,轻度拥堵,73.40%,3.69%,0.74%,22.17%,武夷路,1,expedite,从延安西路到中山西路,182,25,"-4065,-4064,-4062","121.431389,31.213213;121.431038,31.2132702;121.430862,31.2133026;121.429779,31.2136765;121.429497,31.2137547;121.42942,31.213768;121.429298,31.2137814;121.429207,31.2137814;121.429092,31.2137737;121.428055,31.2136631;121.427399,31.213583;121.426788,31.2135067;121.424263,31.2132187;121.423058,31.2130756;121.422882,31.2130585;121.422577,31.2130127;121.421761,31.2129021;121.420425,31.2127247;121.420212,31.2126942;121.420158,31.2126846;121.42009,31.2126808;121.419983,31.2126751;121.419701,31.212698;121.419296,31.2127476;121.418221,31.2128716;121.417419,31.2128754;121.416092,31.2128448;121.415695,31.2128124;121.415146,31.2127514;121.413994,31.2126007;121.413254,31.2125111;121.413033,31.2124939;121.412941,31.2124882;121.41256,31.2125072"
TR0113,2026-06-22T21:31:15,"121.439175,31.235771",3000,5,秣陵路：双向缓慢，从长安路到民立路严重拥堵，从梅园路到民立路严重拥堵；南北高架路：从共和新路立交桥到天目中路立交桥行驶缓慢；武宁路：从中宁路到中山北路行驶缓慢；沪太路：恒丰北路立交桥附近自北向南行驶缓慢；潮州路：自西向东缓慢，反向畅通；天目西路：外贸锦程大厦附近自西向东行驶缓慢；镇宁路：自北向南缓慢，从华山路到延安西路行驶缓慢；西康路：从宜昌路到长寿路行驶缓慢；镇坪路：自南向北缓慢，反向畅通；铜仁路：自南向北缓慢，反向畅通；长安路：从秣陵路到恒丰路行驶缓慢；民立路：从共和路到天目西路行驶缓慢。,2,轻度拥堵,73.40%,3.69%,0.74%,22.17%,华阳路,1,expedite,从长宁路到万航渡路,133,25,"4080,4081","121.42469,31.2211609;121.424622,31.2212048;121.424622,31.2212048;121.424545,31.2212486;121.424507,31.2212715;121.424446,31.2213192;121.422638,31.2230225;121.4216,31.2239685;121.42086,31.2245827"
TR0114,2026-06-22T21:31:15,"121.439175,31.235771",3000,5,秣陵路：双向缓慢，从长安路到民立路严重拥堵，从梅园路到民立路严重拥堵；南北高架路：从共和新路立交桥到天目中路立交桥行驶缓慢；武宁路：从中宁路到中山北路行驶缓慢；沪太路：恒丰北路立交桥附近自北向南行驶缓慢；潮州路：自西向东缓慢，反向畅通；天目西路：外贸锦程大厦附近自西向东行驶缓慢；镇宁路：自北向南缓慢，从华山路到延安西路行驶缓慢；西康路：从宜昌路到长寿路行驶缓慢；镇坪路：自南向北缓慢，反向畅通；铜仁路：自南向北缓慢，反向畅通；长安路：从秣陵路到恒丰路行驶缓慢；民立路：从共和路到天目西路行驶缓慢。,2,轻度拥堵,73.40%,3.69%,0.74%,22.17%,华阳路,1,expedite,从万航渡路到长宁路,313,25,-4080,"121.420837,31.2245598;121.421585,31.2239513;121.422615,31.2229996;121.424423,31.2212982;121.424477,31.2212486;121.424522,31.2212219;121.424606,31.2211819;121.424667,31.221138"
TR0115,2026-06-22T21:31:15,"121.439175,31.235771",3000,5,秣陵路：双向缓慢，从长安路到民立路严重拥堵，从梅园路到民立路严重拥堵；南北高架路：从共和新路立交桥到天目中路立交桥行驶缓慢；武宁路：从中宁路到中山北路行驶缓慢；沪太路：恒丰北路立交桥附近自北向南行驶缓慢；潮州路：自西向东缓慢，反向畅通；天目西路：外贸锦程大厦附近自西向东行驶缓慢；镇宁路：自北向南缓慢，从华山路到延安西路行驶缓慢；西康路：从宜昌路到长寿路行驶缓慢；镇坪路：自南向北缓慢，反向畅通；铜仁路：自南向北缓慢，反向畅通；长安路：从秣陵路到恒丰路行驶缓慢；民立路：从共和路到天目西路行驶缓慢。,2,轻度拥堵,73.40%,3.69%,0.74%,22.17%,遵义路,1,expedite,从仙霞路到天山路,76,25,"5074,3524","121.406166,31.2051773;121.406723,31.206728;121.406792,31.2070408;121.406937,31.2076759;121.406952,31.2077637;121.407059,31.2082214;121.407272,31.2088661;121.407486,31.209734;121.407677,31.2105064;121.4077,31.2105865"
TR0116,2026-06-22T21:31:15,"121.439175,31.235771",3000,5,秣陵路：双向缓慢，从长安路到民立路严重拥堵，从梅园路到民立路严重拥堵；南北高架路：从共和新路立交桥到天目中路立交桥行驶缓慢；武宁路：从中宁路到中山北路行驶缓慢；沪太路：恒丰北路立交桥附近自北向南行驶缓慢；潮州路：自西向东缓慢，反向畅通；天目西路：外贸锦程大厦附近自西向东行驶缓慢；镇宁路：自北向南缓慢，从华山路到延安西路行驶缓慢；西康路：从宜昌路到长寿路行驶缓慢；镇坪路：自南向北缓慢，反向畅通；铜仁路：自南向北缓慢，反向畅通；长安路：从秣陵路到恒丰路行驶缓慢；民立路：从共和路到天目西路行驶缓慢。,2,轻度拥堵,73.40%,3.69%,0.74%,22.17%,遵义路,1,expedite,从长宁路到仙霞路,258,25,"-3526,-3524,-5074,-3523","121.408882,31.2170753;121.408859,31.2169514;121.408745,31.2161064;121.408554,31.2148266;121.408371,31.2139072;121.40818,31.2129154;121.407822,31.2112484;121.407661,31.2105961;121.407646,31.2105103;121.407234,31.2088718;121.407021,31.2082272;121.406914,31.2077694;121.406906,31.2076797;121.406761,31.2070446;121.406685,31.2067375;121.406143,31.2051868"
TR0117,2026-06-22T21:31:15,"121.439175,31.235771",3000,5,秣陵路：双向缓慢，从长安路到民立路严重拥堵，从梅园路到民立路严重拥堵；南北高架路：从共和新路立交桥到天目中路立交桥行驶缓慢；武宁路：从中宁路到中山北路行驶缓慢；沪太路：恒丰北路立交桥附近自北向南行驶缓慢；潮州路：自西向东缓慢，反向畅通；天目西路：外贸锦程大厦附近自西向东行驶缓慢；镇宁路：自北向南缓慢，从华山路到延安西路行驶缓慢；西康路：从宜昌路到长寿路行驶缓慢；镇坪路：自南向北缓慢，反向畅通；铜仁路：自南向北缓慢，反向畅通；长安路：从秣陵路到恒丰路行驶缓慢；民立路：从共和路到天目西路行驶缓慢。,2,轻度拥堵,73.40%,3.69%,0.74%,22.17%,玉屏南路,1,expedite,从娄山关路到中山西路,352,30,3517,"121.404495,31.2134399;121.40818,31.2129021;121.409973,31.212635;121.410629,31.2125607;121.411148,31.2125111;121.411781,31.2124748;121.412018,31.212471;121.412292,31.2124672;121.41256,31.2124748"
TR0118,2026-06-22T21:31:15,"121.439175,31.235771",3000,5,秣陵路：双向缓慢，从长安路到民立路严重拥堵，从梅园路到民立路严重拥堵；南北高架路：从共和新路立交桥到天目中路立交桥行驶缓慢；武宁路：从中宁路到中山北路行驶缓慢；沪太路：恒丰北路立交桥附近自北向南行驶缓慢；潮州路：自西向东缓慢，反向畅通；天目西路：外贸锦程大厦附近自西向东行驶缓慢；镇宁路：自北向南缓慢，从华山路到延安西路行驶缓慢；西康路：从宜昌路到长寿路行驶缓慢；镇坪路：自南向北缓慢，反向畅通；铜仁路：自南向北缓慢，反向畅通；长安路：从秣陵路到恒丰路行驶缓慢；民立路：从共和路到天目西路行驶缓慢。,2,轻度拥堵,73.40%,3.69%,0.74%,22.17%,玉屏南路,1,expedite,从中山西路到娄山关路,172,30,-5207,"121.412552,31.2125072;121.412292,31.2124977;121.412018,31.2124977;121.411781,31.2125072;121.411148,31.2125416;121.410629,31.2125874;121.409988,31.2126617;121.40818,31.2129326;121.404503,31.2134666"
TR0119,2026-06-22T21:31:15,"121.439175,31.235771",3000,5,秣陵路：双向缓慢，从长安路到民立路严重拥堵，从梅园路到民立路严重拥堵；南北高架路：从共和新路立交桥到天目中路立交桥行驶缓慢；武宁路：从中宁路到中山北路行驶缓慢；沪太路：恒丰北路立交桥附近自北向南行驶缓慢；潮州路：自西向东缓慢，反向畅通；天目西路：外贸锦程大厦附近自西向东行驶缓慢；镇宁路：自北向南缓慢，从华山路到延安西路行驶缓慢；西康路：从宜昌路到长寿路行驶缓慢；镇坪路：自南向北缓慢，反向畅通；铜仁路：自南向北缓慢，反向畅通；长安路：从秣陵路到恒丰路行驶缓慢；民立路：从共和路到天目西路行驶缓慢。,2,轻度拥堵,73.40%,3.69%,0.74%,22.17%,乌鲁木齐中路,1,expedite,从淮海中路到华山路,110,25,4135,"121.447037,31.2098007;121.446785,31.2105026;121.446632,31.2109241;121.446259,31.2119293;121.446045,31.2124615;121.445992,31.2125816;121.445953,31.2126884;121.445518,31.2137032;121.445244,31.2143192;121.444748,31.2151604;121.444519,31.2155113;121.444481,31.2156086;121.444283,31.2159424;121.444016,31.2165337;121.443855,31.2171059"
TR0120,2026-06-22T21:31:15,"121.439175,31.235771",3000,5,秣陵路：双向缓慢，从长安路到民立路严重拥堵，从梅园路到民立路严重拥堵；南北高架路：从共和新路立交桥到天目中路立交桥行驶缓慢；武宁路：从中宁路到中山北路行驶缓慢；沪太路：恒丰北路立交桥附近自北向南行驶缓慢；潮州路：自西向东缓慢，反向畅通；天目西路：外贸锦程大厦附近自西向东行驶缓慢；镇宁路：自北向南缓慢，从华山路到延安西路行驶缓慢；西康路：从宜昌路到长寿路行驶缓慢；镇坪路：自南向北缓慢，反向畅通；铜仁路：自南向北缓慢，反向畅通；长安路：从秣陵路到恒丰路行驶缓慢；民立路：从共和路到天目西路行驶缓慢。,2,轻度拥堵,73.40%,3.69%,0.74%,22.17%,乌鲁木齐中路,1,expedite,从华山路到淮海中路,290,25,-4133,"121.443825,31.2171021;121.443993,31.2165241;121.444267,31.215929;121.444443,31.2155952;121.444489,31.215498;121.444717,31.215147;121.445221,31.2143116;121.445496,31.2136936;121.445923,31.2126808;121.445961,31.212574;121.446014,31.2124538;121.446228,31.2119198;121.446602,31.2109146;121.446754,31.2104931;121.447006,31.2097912"
TR0121,2026-06-22T21:31:15,"121.439175,31.235771",3000,5,秣陵路：双向缓慢，从长安路到民立路严重拥堵，从梅园路到民立路严重拥堵；南北高架路：从共和新路立交桥到天目中路立交桥行驶缓慢；武宁路：从中宁路到中山北路行驶缓慢；沪太路：恒丰北路立交桥附近自北向南行驶缓慢；潮州路：自西向东缓慢，反向畅通；天目西路：外贸锦程大厦附近自西向东行驶缓慢；镇宁路：自北向南缓慢，从华山路到延安西路行驶缓慢；西康路：从宜昌路到长寿路行驶缓慢；镇坪路：自南向北缓慢，反向畅通；铜仁路：自南向北缓慢，反向畅通；长安路：从秣陵路到恒丰路行驶缓慢；民立路：从共和路到天目西路行驶缓慢。,2,轻度拥堵,73.40%,3.69%,0.74%,22.17%,镇宁路,1,expedite,从延安西路到万航渡路,110,50,4178,"121.437645,31.2174702;121.437332,31.2179813;121.437126,31.2183647;121.436958,31.2187157;121.436798,31.2191029;121.436501,31.2198792;121.436409,31.2201023;121.436188,31.2206802;121.436134,31.2208576"
TR0122,2026-06-22T21:31:15,"121.439175,31.235771",3000,5,秣陵路：双向缓慢，从长安路到民立路严重拥堵，从梅园路到民立路严重拥堵；南北高架路：从共和新路立交桥到天目中路立交桥行驶缓慢；武宁路：从中宁路到中山北路行驶缓慢；沪太路：恒丰北路立交桥附近自北向南行驶缓慢；潮州路：自西向东缓慢，反向畅通；天目西路：外贸锦程大厦附近自西向东行驶缓慢；镇宁路：自北向南缓慢，从华山路到延安西路行驶缓慢；西康路：从宜昌路到长寿路行驶缓慢；镇坪路：自南向北缓慢，反向畅通；铜仁路：自南向北缓慢，反向畅通；长安路：从秣陵路到恒丰路行驶缓慢；民立路：从共和路到天目西路行驶缓慢。,2,轻度拥堵,73.40%,3.69%,0.74%,22.17%,镇宁路,1,expedite,从延安西路到华山路,298,51,-4183,"121.437721,31.2172623;121.438629,31.2153206;121.438736,31.215107;121.438919,31.2148361;121.439026,31.2146568;121.439148,31.2145119;121.439217,31.2144394;121.439255,31.2144127;121.439285,31.2143955;121.439308,31.2143955;121.439331,31.2143993;121.439468,31.2144718"
TR0123,2026-06-22T21:31:15,"121.439175,31.235771",3000,5,秣陵路：双向缓慢，从长安路到民立路严重拥堵，从梅园路到民立路严重拥堵；南北高架路：从共和新路立交桥到天目中路立交桥行驶缓慢；武宁路：从中宁路到中山北路行驶缓慢；沪太路：恒丰北路立交桥附近自北向南行驶缓慢；潮州路：自西向东缓慢，反向畅通；天目西路：外贸锦程大厦附近自西向东行驶缓慢；镇宁路：自北向南缓慢，从华山路到延安西路行驶缓慢；西康路：从宜昌路到长寿路行驶缓慢；镇坪路：自南向北缓慢，反向畅通；铜仁路：自南向北缓慢，反向畅通；长安路：从秣陵路到恒丰路行驶缓慢；民立路：从共和路到天目西路行驶缓慢。,2,轻度拥堵,73.40%,3.69%,0.74%,22.17%,乌鲁木齐北路,1,expedite,从华山路到延安西路,99,25,4144,"121.443855,31.2171059;121.443733,31.2177067;121.443642,31.2180672;121.443604,31.2182484;121.443558,31.2184658;121.443497,31.2187862;121.44342,31.2192039;121.44339,31.2194805;121.443321,31.2198048;121.443253,31.2201061"
TR0124,2026-06-22T21:31:15,"121.439175,31.235771",3000,5,秣陵路：双向缓慢，从长安路到民立路严重拥堵，从梅园路到民立路严重拥堵；南北高架路：从共和新路立交桥到天目中路立交桥行驶缓慢；武宁路：从中宁路到中山北路行驶缓慢；沪太路：恒丰北路立交桥附近自北向南行驶缓慢；潮州路：自西向东缓慢，反向畅通；天目西路：外贸锦程大厦附近自西向东行驶缓慢；镇宁路：自北向南缓慢，从华山路到延安西路行驶缓慢；西康路：从宜昌路到长寿路行驶缓慢；镇坪路：自南向北缓慢，反向畅通；铜仁路：自南向北缓慢，反向畅通；长安路：从秣陵路到恒丰路行驶缓慢；民立路：从共和路到天目西路行驶缓慢。,2,轻度拥堵,73.40%,3.69%,0.74%,22.17%,乌鲁木齐北路,1,expedite,从愚园路到万航渡路,134,25,4973,"121.442024,31.2233562;121.44191,31.2234001;121.441826,31.2234402;121.441734,31.2234974;121.441223,31.2238884;121.441063,31.2240314;121.440926,31.2241688;121.440819,31.2242851;121.440552,31.2246094;121.440414,31.2247639"
TR0125,2026-06-22T21:31:15,"121.439175,31.235771",3000,5,秣陵路：双向缓慢，从长安路到民立路严重拥堵，从梅园路到民立路严重拥堵；南北高架路：从共和新路立交桥到天目中路立交桥行驶缓慢；武宁路：从中宁路到中山北路行驶缓慢；沪太路：恒丰北路立交桥附近自北向南行驶缓慢；潮州路：自西向东缓慢，反向畅通；天目西路：外贸锦程大厦附近自西向东行驶缓慢；镇宁路：自北向南缓慢，从华山路到延安西路行驶缓慢；西康路：从宜昌路到长寿路行驶缓慢；镇坪路：自南向北缓慢，反向畅通；铜仁路：自南向北缓慢，反向畅通；长安路：从秣陵路到恒丰路行驶缓慢；民立路：从共和路到天目西路行驶缓慢。,2,轻度拥堵,73.40%,3.69%,0.74%,22.17%,乌鲁木齐北路,1,expedite,从万航渡路到华山路,286,30,"-4973,-4146,-4144,-4143","121.441032,31.2253284;121.440964,31.2252407;121.440964,31.2252407;121.440598,31.2249203;121.440392,31.2247562;121.440788,31.2242661;121.440895,31.2241516;121.441032,31.2240143;121.441208,31.2238712;121.441704,31.2234764;121.441803,31.2234173;121.441895,31.2233734;121.442009,31.2233295;121.442024,31.2233429;121.442078,31.223177;121.442131,31.2230587;121.442192,31.2229328;121.442749,31.221796;121.442863,31.2215595;121.442917,31.2214222;121.44297,31.2212486;121.443184,31.2202835;121.443214,31.2201023;121.443291,31.2198009;121.443352,31.2194805;121.443398,31.2192001;121.443459,31.2187824;121.443481,31.2186222;121.443565,31.2182446;121.443619,31.2180614;121.443695,31.2177029;121.443825,31.2171021"
TR0126,2026-06-22T21:31:15,"121.439175,31.235771",3000,5,秣陵路：双向缓慢，从长安路到民立路严重拥堵，从梅园路到民立路严重拥堵；南北高架路：从共和新路立交桥到天目中路立交桥行驶缓慢；武宁路：从中宁路到中山北路行驶缓慢；沪太路：恒丰北路立交桥附近自北向南行驶缓慢；潮州路：自西向东缓慢，反向畅通；天目西路：外贸锦程大厦附近自西向东行驶缓慢；镇宁路：自北向南缓慢，从华山路到延安西路行驶缓慢；西康路：从宜昌路到长寿路行驶缓慢；镇坪路：自南向北缓慢，反向畅通；铜仁路：自南向北缓慢，反向畅通；长安路：从秣陵路到恒丰路行驶缓慢；民立路：从共和路到天目西路行驶缓慢。,2,轻度拥堵,73.40%,3.69%,0.74%,22.17%,愚园路,1,expedite,从长宁路到常德路,15,25,"2217,2218,2532,2533","121.420357,31.2189064;121.420494,31.2188625;121.420624,31.2188454;121.420753,31.218832;121.420891,31.2188263;121.421638,31.218832;121.422516,31.2188587;121.424339,31.2189331;121.424423,31.2189331;121.424576,31.2189331;121.424957,31.2189198;121.425499,31.2188892;121.427589,31.2187252;121.428329,31.2187023;121.428864,31.2186928;121.42894,31.2187023;121.42907,31.2187157;121.429237,31.2187386;121.42971,31.2188187;121.430168,31.2188969;121.430489,31.2189865;121.430595,31.2190228;121.430687,31.2190571;121.430763,31.2191067;121.430862,31.2191639;121.431061,31.2192974;121.431168,31.2193604;121.431786,31.2196579;121.431931,31.2197018;121.432106,31.2197475;121.432587,31.2198849;121.432785,31.2199326;121.433617,31.2201653;121.434113,31.220293;121.434776,31.22048;121.435936,31.2208042;121.436127,31.2208405;121.436676,31.2209911;121.436943,31.2210712;121.43721,31.2211647;121.437683,31.2213516;121.43792,31.2214451;121.437973,31.2214527;121.438736,31.2215519;121.438797,31.2215652;121.438843,31.2215824;121.438904,31.2216091;121.439117,31.2217064;121.439804,31.2220135;121.440285,31.2222881;121.440964,31.2226925;121.441116,31.2227783;121.441582,31.2229919;121.441788,31.2231026;121.441879,31.223156;121.441917,31.2231903;121.441978,31.2232533;121.442032,31.2233372;121.442017,31.2233295;121.442184,31.2233067;121.442299,31.2232971;121.442459,31.2232971;121.442612,31.2232704;121.442772,31.2232399;121.443108,31.223156;121.443199,31.2231503;121.44371,31.2231598;121.443855,31.2232094;121.443993,31.2232666;121.444366,31.2234764;121.444427,31.2235203;121.444466,31.2235603;121.444504,31.2236004;121.444557,31.223671;121.444923,31.2241459;121.444962,31.2241821;121.444992,31.2242126;121.445099,31.2242985;121.445145,31.2243252;121.445206,31.2243595;121.44529,31.2243958;121.445557,31.2244968;121.44606,31.2247162;121.44606,31.2247295;121.44632,31.224844;121.446564,31.224947;121.447235,31.225174;121.447388,31.2252216;121.447433,31.2252407;121.44751,31.2252884;121.447647,31.2254086"
TR0127,2026-06-22T21:31:15,"121.439175,31.235771",3000,5,秣陵路：双向缓慢，从长安路到民立路严重拥堵，从梅园路到民立路严重拥堵；南北高架路：从共和新路立交桥到天目中路立交桥行驶缓慢；武宁路：从中宁路到中山北路行驶缓慢；沪太路：恒丰北路立交桥附近自北向南行驶缓慢；潮州路：自西向东缓慢，反向畅通；天目西路：外贸锦程大厦附近自西向东行驶缓慢；镇宁路：自北向南缓慢，从华山路到延安西路行驶缓慢；西康路：从宜昌路到长寿路行驶缓慢；镇坪路：自南向北缓慢，反向畅通；铜仁路：自南向北缓慢，反向畅通；长安路：从秣陵路到恒丰路行驶缓慢；民立路：从共和路到天目西路行驶缓慢。,2,轻度拥堵,73.40%,3.69%,0.74%,22.17%,愚园路,1,expedite,从常德路到长宁路,195,25,"-2532,-2218,-2217,-2216","121.446045,31.2247429;121.445549,31.2245235;121.44371,31.2231903;121.443199,31.223177;121.443108,31.2231865;121.44278,31.2232666;121.442619,31.2232971;121.442474,31.2233238;121.442299,31.2233238;121.442184,31.2233334;121.442024,31.2233601;121.442009,31.2233505;121.441956,31.2232704;121.441902,31.2232094;121.441849,31.223177;121.441757,31.2231236;121.441566,31.2230129;121.441101,31.2227993;121.440941,31.2227192;121.440269,31.222311;121.439789,31.2220364;121.439102,31.2217293;121.438896,31.221632;121.438828,31.2216053;121.438789,31.2215919;121.438728,31.2215786;121.437958,31.2214851;121.437904,31.2214718;121.437668,31.2213783;121.437195,31.2211914;121.436935,31.2210979;121.436661,31.2210178;121.436104,31.2208672;121.435928,31.2208309;121.434753,31.2205105;121.434113,31.2203236;121.433609,31.220192;121.432762,31.2199593;121.432579,31.2199116;121.432091,31.2197742;121.431908,31.2197285;121.431778,31.2196846;121.431145,31.2193813;121.43103,31.2193203;121.430847,31.2191906;121.430748,31.2191296;121.430664,31.21908;121.43058,31.2190495;121.430481,31.2190132;121.43026,31.218956;121.430168,31.2189293;121.429695,31.2188454;121.42923,31.2187691;121.429054,31.2187424;121.42894,31.218729;121.428864,31.2187252;121.428329,31.218729;121.427597,31.2187519;121.425514,31.2189198;121.424957,31.2189503;121.424576,31.2189636;121.424423,31.2189636;121.424339,31.2189598;121.422516,31.2188892;121.421638,31.2188587"
TR0128,2026-06-22T21:31:15,"121.439175,31.235771",3000,5,秣陵路：双向缓慢，从长安路到民立路严重拥堵，从梅园路到民立路严重拥堵；南北高架路：从共和新路立交桥到天目中路立交桥行驶缓慢；武宁路：从中宁路到中山北路行驶缓慢；沪太路：恒丰北路立交桥附近自北向南行驶缓慢；潮州路：自西向东缓慢，反向畅通；天目西路：外贸锦程大厦附近自西向东行驶缓慢；镇宁路：自北向南缓慢，从华山路到延安西路行驶缓慢；西康路：从宜昌路到长寿路行驶缓慢；镇坪路：自南向北缓慢，反向畅通；铜仁路：自南向北缓慢，反向畅通；长安路：从秣陵路到恒丰路行驶缓慢；民立路：从共和路到天目西路行驶缓慢。,2,轻度拥堵,73.40%,3.69%,0.74%,22.17%,光复西路,1,expedite,从中江路到凯旋路桥,11,40,"4833,4159","121.392937,31.2197018;121.393661,31.2197285;121.393959,31.2197647;121.394157,31.2198009;121.394409,31.2198582;121.394684,31.2199459;121.395523,31.2202797;121.396957,31.2209148;121.397041,31.2209511;121.397369,31.221035;121.397675,31.2211552;121.397873,31.2212181;121.398087,31.2212658;121.398216,31.2212849;121.398346,31.2212849;121.398949,31.2213058;121.400497,31.2212715;121.400772,31.2212658;121.400917,31.2212524;121.401093,31.2212124;121.401451,31.221035;121.401581,31.2209682;121.401901,31.2208977;121.402275,31.2208405;121.402596,31.2208176;121.402939,31.2208138;121.403198,31.2208176;121.403435,31.2208214;121.403748,31.2208481;121.404015,31.2208805;121.404533,31.2209682;121.40493,31.2210579;121.405388,31.2211876;121.405792,31.2213249;121.406113,31.2214622;121.406898,31.2218094;121.406967,31.2218437;121.407394,31.2220764;121.407654,31.2222137;121.407906,31.2223282;121.408119,31.2224178;121.408371,31.2225075;121.408722,31.2226009;121.408997,31.222662;121.409279,31.2227116;121.409508,31.2227383;121.410355,31.2227955;121.410469,31.2228088;121.410576,31.2228394;121.41082,31.2228622;121.41127,31.2228718"
TR0129,2026-06-22T21:31:15,"121.439175,31.235771",3000,5,秣陵路：双向缓慢，从长安路到民立路严重拥堵，从梅园路到民立路严重拥堵；南北高架路：从共和新路立交桥到天目中路立交桥行驶缓慢；武宁路：从中宁路到中山北路行驶缓慢；沪太路：恒丰北路立交桥附近自北向南行驶缓慢；潮州路：自西向东缓慢，反向畅通；天目西路：外贸锦程大厦附近自西向东行驶缓慢；镇宁路：自北向南缓慢，从华山路到延安西路行驶缓慢；西康路：从宜昌路到长寿路行驶缓慢；镇坪路：自南向北缓慢，反向畅通；铜仁路：自南向北缓慢，反向畅通；长安路：从秣陵路到恒丰路行驶缓慢；民立路：从共和路到天目西路行驶缓慢。,2,轻度拥堵,73.40%,3.69%,0.74%,22.17%,万航渡路,1,expedite,从长宁路到愚园路,9,30,"4651,2550,3343,687,686,688","121.405563,31.2178669;121.405769,31.2187424;121.405891,31.2194347;121.405952,31.2196007;121.406029,31.2197514;121.406044,31.2198219;121.406075,31.219902;121.40609,31.2199783;121.406158,31.2205601;121.406204,31.2207642;121.406219,31.2209377;121.406403,31.2210083;121.406593,31.2210846;121.406937,31.2212257;121.407104,31.221302;121.407318,31.2214088;121.407883,31.2217102;121.408447,31.2219105;121.408859,31.2220631;121.409065,31.2221107;121.409492,31.2222004;121.410606,31.2222748;121.41098,31.222311;121.411324,31.2223511;121.411659,31.2224083;121.412071,31.2224617;121.412132,31.2224751;121.412498,31.222538;121.412781,31.2225952;121.413208,31.2226658;121.413368,31.2226982;121.413506,31.2227287;121.413742,31.2228127;121.413757,31.222826;121.414101,31.2230263;121.414223,31.2231064;121.414391,31.2231903;121.41465,31.2232971;121.415161,31.2235298;121.415306,31.2235909;121.415375,31.223608;121.41552,31.2236214;121.415581,31.2236214;121.415825,31.2236042;121.416039,31.2235813;121.417168,31.2234268;121.417671,31.2233601;121.417946,31.2233295;121.417992,31.2233295;121.41803,31.2233295;121.418159,31.2233429;121.418228,31.2233562;121.418365,31.2233963;121.418442,31.2234535;121.418579,31.2235641;121.418663,31.2236404;121.418701,31.2236748;121.418915,31.2237682;121.418968,31.223814;121.419014,31.2238846;121.419022,31.223938;121.419052,31.2242393;121.419685,31.2242756;121.420074,31.224329;121.420456,31.2243996;121.420654,31.2244492;121.420799,31.2245159;121.42086,31.2245598;121.420975,31.2247028;121.421234,31.225008;121.421402,31.225214;121.421707,31.2256393;121.421921,31.2259464;121.422401,31.2265511;121.422508,31.226675;121.422592,31.2267876;121.42318,31.2275295;121.424065,31.2283325;121.424339,31.2285252;121.424553,31.2286491;121.425407,31.229084;121.425652,31.2292137;121.425865,31.2293205;121.426056,31.2293816;121.426224,31.2294006;121.426331,31.2294006;121.426437,31.2293911;121.426544,31.2293777;121.427452,31.2292747;121.427574,31.2292576;121.427574,31.2292614;121.428696,31.2287636;121.429207,31.2285023;121.429474,31.2283783;121.430374,31.2278748;121.431274,31.2274094;121.431686,31.2271824;121.432053,31.2269955;121.432312,31.2268715;121.432922,31.2265644;121.434097,31.2259865;121.434296,31.2258759;121.434631,31.2256393;121.434967,31.2253685;121.435219,31.2251682;121.435394,31.2250538;121.435623,31.2250042;121.435753,31.2249813;121.435822,31.2249775;121.435974,31.224987;121.436134,31.2250042;121.436317,31.2250538;121.436676,31.2251606;121.43689,31.2252216;121.437401,31.2253609;121.437614,31.2254047;121.438133,31.2254791;121.438278,31.225462;121.43869,31.2254715;121.438942,31.2254753;121.439926,31.2255058;121.440269,31.2254448;121.44059,31.2253685;121.440804,31.2253017;121.440964,31.2252407;121.441528,31.2250748;121.441887,31.2249737;121.442184,31.2248764;121.442619,31.2247334;121.442802,31.2246666;121.442986,31.2245598;121.443588,31.2241955;121.444336,31.2237244;121.444504,31.2236004"
TR0130,2026-06-22T21:31:15,"121.439175,31.235771",3000,5,秣陵路：双向缓慢，从长安路到民立路严重拥堵，从梅园路到民立路严重拥堵；南北高架路：从共和新路立交桥到天目中路立交桥行驶缓慢；武宁路：从中宁路到中山北路行驶缓慢；沪太路：恒丰北路立交桥附近自北向南行驶缓慢；潮州路：自西向东缓慢，反向畅通；天目西路：外贸锦程大厦附近自西向东行驶缓慢；镇宁路：自北向南缓慢，从华山路到延安西路行驶缓慢；西康路：从宜昌路到长寿路行驶缓慢；镇坪路：自南向北缓慢，反向畅通；铜仁路：自南向北缓慢，反向畅通；长安路：从秣陵路到恒丰路行驶缓慢；民立路：从共和路到天目西路行驶缓慢。,2,轻度拥堵,73.40%,3.69%,0.74%,22.17%,万航渡路,1,expedite,从愚园路到长宁路,189,30,"-686,-687,-3343,-2550,-4651,-2548","121.444557,31.223671;121.444359,31.2238407;121.443657,31.2242584;121.443001,31.2246494;121.442886,31.2247105;121.442795,31.2247601;121.442238,31.2249546;121.441917,31.2250538;121.441566,31.2251606;121.441032,31.2253284;121.440605,31.2254715;121.440285,31.2255421;121.43998,31.2256088;121.439522,31.2255859;121.439003,31.2255688;121.438843,31.2255516;121.438362,31.2255459;121.438278,31.2255459;121.438133,31.2255058;121.437607,31.2254353;121.437386,31.2253876;121.436874,31.2252483;121.436661,31.2251873;121.43631,31.2250805;121.436127,31.2250347;121.435966,31.2250137;121.435822,31.225008;121.435753,31.2250137;121.435623,31.2250309;121.43541,31.2250805;121.435234,31.2251911;121.43499,31.2253914;121.434654,31.2256622;121.434311,31.2259026;121.434113,31.2260094;121.432945,31.2265911;121.432327,31.2268982;121.432068,31.2270184;121.431709,31.2272091;121.43129,31.2274303;121.430389,31.2278976;121.429497,31.228405;121.42923,31.228529;121.428711,31.2287865;121.427589,31.2292843;121.42746,31.2293015;121.426544,31.2294044;121.426437,31.2294216;121.426331,31.2294312;121.426224,31.2294273;121.426041,31.2294083;121.42585,31.2293472;121.425636,31.2292404;121.425385,31.2291107;121.42453,31.228672;121.424316,31.2285461;121.424034,31.2283554;121.423149,31.2275467;121.422569,31.2268047;121.42247,31.2266941;121.422379,31.2265682;121.421883,31.2259636;121.421677,31.2256527;121.421379,31.2252274;121.421211,31.2250214;121.420944,31.2247162;121.420837,31.2245827;121.420784,31.2245369;121.420639,31.2244759;121.420441,31.2244263;121.420052,31.2243595;121.419678,31.2243023;121.419029,31.2242527;121.418983,31.2239418;121.418983,31.2238941;121.418953,31.2238312;121.4189,31.2237911;121.418678,31.2236977;121.41864,31.2236576;121.418556,31.2235813;121.418419,31.2234764;121.41835,31.2234173;121.418221,31.2233868;121.418152,31.2233734;121.41803,31.2233601;121.417992,31.2233562;121.417953,31.2233601;121.417671,31.2233906;121.417175,31.2234535;121.416046,31.2236137;121.415825,31.2236347;121.415581,31.2236481;121.41552,31.2236481;121.415375,31.2236347;121.415298,31.2236176;121.415146,31.2235546;121.414635,31.2233238;121.414375,31.223217;121.414207,31.2231293;121.41407,31.2230492;121.413742,31.2228527;121.413727,31.2228394;121.41349,31.2227554;121.413353,31.2227249;121.413208,31.2226982;121.412773,31.2226219;121.412498,31.2225685;121.412125,31.2225018;121.412071,31.2224941;121.411659,31.222435;121.411316,31.2223816;121.410973,31.2223377;121.410599,31.2223072;121.409492,31.2222271;121.409065,31.2221375;121.408852,31.2220898;121.408424,31.2219372;121.407875,31.2217369;121.407295,31.2214317;121.407097,31.2213249;121.406914,31.2212524;121.406586,31.2211113;121.406387,31.221035;121.406204,31.2209511;121.406166,31.220768;121.406128,31.2205639;121.406052,31.2199821;121.406044,31.2199059;121.406021,31.2198257;121.405991,31.2197609;121.405922,31.2196083;121.405869,31.2194443;121.405731,31.2187462;121.405525,31.2178707"
TR0131,2026-06-22T21:31:15,"121.439175,31.235771",3000,5,秣陵路：双向缓慢，从长安路到民立路严重拥堵，从梅园路到民立路严重拥堵；南北高架路：从共和新路立交桥到天目中路立交桥行驶缓慢；武宁路：从中宁路到中山北路行驶缓慢；沪太路：恒丰北路立交桥附近自北向南行驶缓慢；潮州路：自西向东缓慢，反向畅通；天目西路：外贸锦程大厦附近自西向东行驶缓慢；镇宁路：自北向南缓慢，从华山路到延安西路行驶缓慢；西康路：从宜昌路到长寿路行驶缓慢；镇坪路：自南向北缓慢，反向畅通；铜仁路：自南向北缓慢，反向畅通；长安路：从秣陵路到恒丰路行驶缓慢；民立路：从共和路到天目西路行驶缓慢。,2,轻度拥堵,73.40%,3.69%,0.74%,22.17%,凯旋北路,1,expedite,从盘湾里到宁夏路,81,40,4120,"121.412186,31.2266712;121.412132,31.2271252;121.412117,31.2273998;121.412117,31.2276974;121.412148,31.2281151;121.412193,31.228466;121.412323,31.2290134;121.412376,31.2292614;121.41243,31.2294617;121.412567,31.2299194;121.412926,31.2309151;121.412987,31.2311783"
TR0132,2026-06-22T21:31:15,"121.439175,31.235771",3000,5,秣陵路：双向缓慢，从长安路到民立路严重拥堵，从梅园路到民立路严重拥堵；南北高架路：从共和新路立交桥到天目中路立交桥行驶缓慢；武宁路：从中宁路到中山北路行驶缓慢；沪太路：恒丰北路立交桥附近自北向南行驶缓慢；潮州路：自西向东缓慢，反向畅通；天目西路：外贸锦程大厦附近自西向东行驶缓慢；镇宁路：自北向南缓慢，从华山路到延安西路行驶缓慢；西康路：从宜昌路到长寿路行驶缓慢；镇坪路：自南向北缓慢，反向畅通；铜仁路：自南向北缓慢，反向畅通；长安路：从秣陵路到恒丰路行驶缓慢；民立路：从共和路到天目西路行驶缓慢。,2,轻度拥堵,73.40%,3.69%,0.74%,22.17%,凯旋北路,1,expedite,从宁夏路到盘湾里,261,35,"-4120,-4119","121.412956,31.2311859;121.412933,31.2310982;121.412888,31.2309246;121.412544,31.229929;121.412392,31.2294674;121.412338,31.2292671;121.412285,31.2290173;121.412163,31.2284718;121.412117,31.2281208;121.412086,31.2277031;121.412079,31.227396;121.412094,31.2271252;121.412148,31.2266712"
TR0133,2026-06-22T21:31:15,"121.439175,31.235771",3000,5,秣陵路：双向缓慢，从长安路到民立路严重拥堵，从梅园路到民立路严重拥堵；南北高架路：从共和新路立交桥到天目中路立交桥行驶缓慢；武宁路：从中宁路到中山北路行驶缓慢；沪太路：恒丰北路立交桥附近自北向南行驶缓慢；潮州路：自西向东缓慢，反向畅通；天目西路：外贸锦程大厦附近自西向东行驶缓慢；镇宁路：自北向南缓慢，从华山路到延安西路行驶缓慢；西康路：从宜昌路到长寿路行驶缓慢；镇坪路：自南向北缓慢，反向畅通；铜仁路：自南向北缓慢，反向畅通；长安路：从秣陵路到恒丰路行驶缓慢；民立路：从共和路到天目西路行驶缓慢。,2,轻度拥堵,73.40%,3.69%,0.74%,22.17%,白玉路,1,expedite,从光复西路到曹杨路,100,25,"4162,4167,4168","121.421371,31.2264271;121.421211,31.2265606;121.420944,31.2268448;121.420784,31.2269726;121.42057,31.2271194;121.420265,31.2273636;121.42009,31.2275295;121.419983,31.2276535;121.419785,31.2279148;121.419655,31.2280979;121.419487,31.2283649;121.419212,31.2287865;121.419006,31.2291431;121.418961,31.2292271;121.4189,31.2293148;121.418823,31.2294216;121.418739,31.2295246;121.418633,31.2296448;121.418556,31.2297325;121.418495,31.2298088;121.418434,31.2298927;121.41835,31.2300529;121.418259,31.2302227;121.418114,31.2307014;121.418045,31.2309246;121.417992,31.2310619;121.417938,31.2311916;121.417274,31.2324448;121.417152,31.2326317;121.417122,31.2327023;121.417061,31.2328224;121.416801,31.2332668;121.416672,31.2334843;121.416595,31.2336216;121.416534,31.2337475;121.416466,31.2338524;121.416466,31.2338409;121.416534,31.2339058;121.416588,31.2339783;121.416649,31.2340622;121.41671,31.2341652;121.417099,31.234787;121.417633,31.2356129;121.417793,31.2358665;121.41803,31.2361832;121.418213,31.2363377;121.418304,31.2364216;121.418808,31.2368622;121.419006,31.2370052"
TR0134,2026-06-22T21:31:15,"121.439175,31.235771",3000,5,秣陵路：双向缓慢，从长安路到民立路严重拥堵，从梅园路到民立路严重拥堵；南北高架路：从共和新路立交桥到天目中路立交桥行驶缓慢；武宁路：从中宁路到中山北路行驶缓慢；沪太路：恒丰北路立交桥附近自北向南行驶缓慢；潮州路：自西向东缓慢，反向畅通；天目西路：外贸锦程大厦附近自西向东行驶缓慢；镇宁路：自北向南缓慢，从华山路到延安西路行驶缓慢；西康路：从宜昌路到长寿路行驶缓慢；镇坪路：自南向北缓慢，反向畅通；铜仁路：自南向北缓慢，反向畅通；长安路：从秣陵路到恒丰路行驶缓慢；民立路：从共和路到天目西路行驶缓慢。,2,轻度拥堵,73.40%,3.69%,0.74%,22.17%,白玉路,1,expedite,从曹杨路到光复西路,280,25,"-4168,-4167,-4162,-5059","121.418983,31.2370262;121.418922,31.2369862;121.418793,31.2368793;121.418274,31.2364445;121.41819,31.2363605;121.418007,31.2362003;121.417763,31.2358799;121.417603,31.2356262;121.417068,31.2348003;121.416687,31.2341824;121.416626,31.2340755;121.416557,31.2339954;121.416496,31.2339249;121.416443,31.2338581;121.416443,31.2338409;121.416496,31.2337341;121.416573,31.2336082;121.416641,31.2334709;121.416771,31.2332573;121.41703,31.2328129;121.417084,31.2326889;121.41713,31.2326183;121.417244,31.2324314;121.4179,31.2311783;121.417953,31.2310524;121.418007,31.2309208;121.418083,31.2306938;121.418228,31.2302094;121.418312,31.2300396;121.418411,31.2298794;121.418472,31.2297955;121.418526,31.2297153;121.418594,31.2296276;121.418701,31.2295074;121.418793,31.2294044;121.418869,31.2293015;121.41893,31.2292137;121.418968,31.2291298;121.419182,31.2287731;121.419449,31.2283459;121.419624,31.2280807;121.419754,31.2278976;121.419952,31.2276363;121.420074,31.2275105;121.420242,31.2273426;121.420547,31.2270985;121.420761,31.2269554;121.420914,31.2268257;121.421173,31.2265415;121.421349,31.2264042"
TR0135,2026-06-22T21:31:15,"121.439175,31.235771",3000,5,秣陵路：双向缓慢，从长安路到民立路严重拥堵，从梅园路到民立路严重拥堵；南北高架路：从共和新路立交桥到天目中路立交桥行驶缓慢；武宁路：从中宁路到中山北路行驶缓慢；沪太路：恒丰北路立交桥附近自北向南行驶缓慢；潮州路：自西向东缓慢，反向畅通；天目西路：外贸锦程大厦附近自西向东行驶缓慢；镇宁路：自北向南缓慢，从华山路到延安西路行驶缓慢；西康路：从宜昌路到长寿路行驶缓慢；镇坪路：自南向北缓慢，反向畅通；铜仁路：自南向北缓慢，反向畅通；长安路：从秣陵路到恒丰路行驶缓慢；民立路：从共和路到天目西路行驶缓慢。,2,轻度拥堵,73.40%,3.69%,0.74%,22.17%,白兰路,1,expedite,从白玉路到兰溪路,122,25,"4164,5114","121.416451,31.2338486;121.416367,31.2339783;121.416267,31.2341118;121.415794,31.2346706;121.41552,31.235054;121.415199,31.2355251;121.415001,31.2358093;121.414948,31.2358704;121.414894,31.2359428;121.41478,31.2360497;121.414726,31.2360935;121.414642,31.2362041;121.414261,31.2367458;121.414207,31.236805;121.414169,31.2368622;121.414131,31.2369785;121.414055,31.2371502;121.414055,31.2371559;121.414009,31.2372532;121.413956,31.2373161;121.413208,31.238245;121.412727,31.2389107"
TR0136,2026-06-22T21:31:15,"121.439175,31.235771",3000,5,秣陵路：双向缓慢，从长安路到民立路严重拥堵，从梅园路到民立路严重拥堵；南北高架路：从共和新路立交桥到天目中路立交桥行驶缓慢；武宁路：从中宁路到中山北路行驶缓慢；沪太路：恒丰北路立交桥附近自北向南行驶缓慢；潮州路：自西向东缓慢，反向畅通；天目西路：外贸锦程大厦附近自西向东行驶缓慢；镇宁路：自北向南缓慢，从华山路到延安西路行驶缓慢；西康路：从宜昌路到长寿路行驶缓慢；镇坪路：自南向北缓慢，反向畅通；铜仁路：自南向北缓慢，反向畅通；长安路：从秣陵路到恒丰路行驶缓慢；民立路：从共和路到天目西路行驶缓慢。,2,轻度拥堵,73.40%,3.69%,0.74%,22.17%,白兰路,1,expedite,从兰溪路到中山北路,301,25,-4164,"121.412704,31.2388935;121.413185,31.2382317;121.413925,31.2372971;121.413971,31.2372398;121.414024,31.2371426;121.414108,31.236969"
TR0137,2026-06-22T21:31:15,"121.439175,31.235771",3000,5,秣陵路：双向缓慢，从长安路到民立路严重拥堵，从梅园路到民立路严重拥堵；南北高架路：从共和新路立交桥到天目中路立交桥行驶缓慢；武宁路：从中宁路到中山北路行驶缓慢；沪太路：恒丰北路立交桥附近自北向南行驶缓慢；潮州路：自西向东缓慢，反向畅通；天目西路：外贸锦程大厦附近自西向东行驶缓慢；镇宁路：自北向南缓慢，从华山路到延安西路行驶缓慢；西康路：从宜昌路到长寿路行驶缓慢；镇坪路：自南向北缓慢，反向畅通；铜仁路：自南向北缓慢，反向畅通；长安路：从秣陵路到恒丰路行驶缓慢；民立路：从共和路到天目西路行驶缓慢。,2,轻度拥堵,73.40%,3.69%,0.74%,22.17%,普雄路,1,expedite,从曹杨路到武宁路桥,34,50,4124,"121.420601,31.2354927;121.42086,31.2356358;121.422241,31.2363014;121.422859,31.2366009;121.423225,31.2367783;121.423485,31.2369061;121.423698,31.2370186;121.423813,31.237093;121.423965,31.2372093;121.424232,31.2374439;121.424408,31.2376404;121.424507,31.2377472"
TR0138,2026-06-22T21:31:15,"121.439175,31.235771",3000,5,秣陵路：双向缓慢，从长安路到民立路严重拥堵，从梅园路到民立路严重拥堵；南北高架路：从共和新路立交桥到天目中路立交桥行驶缓慢；武宁路：从中宁路到中山北路行驶缓慢；沪太路：恒丰北路立交桥附近自北向南行驶缓慢；潮州路：自西向东缓慢，反向畅通；天目西路：外贸锦程大厦附近自西向东行驶缓慢；镇宁路：自北向南缓慢，从华山路到延安西路行驶缓慢；西康路：从宜昌路到长寿路行驶缓慢；镇坪路：自南向北缓慢，反向畅通；铜仁路：自南向北缓慢，反向畅通；长安路：从秣陵路到恒丰路行驶缓慢；民立路：从共和路到天目西路行驶缓慢。,2,轻度拥堵,73.40%,3.69%,0.74%,22.17%,普雄路,1,expedite,从武宁路桥到曹杨路,214,30,"-4124,-4123","121.424477,31.2377644;121.424385,31.2376575;121.424194,31.237463;121.423935,31.2372303;121.42379,31.2371159;121.423683,31.2370453;121.42347,31.2369328;121.42321,31.2367992;121.422844,31.2366219;121.422226,31.2363281;121.420845,31.2356625;121.420586,31.2355156"
TR0139,2026-06-22T21:31:15,"121.439175,31.235771",3000,5,秣陵路：双向缓慢，从长安路到民立路严重拥堵，从梅园路到民立路严重拥堵；南北高架路：从共和新路立交桥到天目中路立交桥行驶缓慢；武宁路：从中宁路到中山北路行驶缓慢；沪太路：恒丰北路立交桥附近自北向南行驶缓慢；潮州路：自西向东缓慢，反向畅通；天目西路：外贸锦程大厦附近自西向东行驶缓慢；镇宁路：自北向南缓慢，从华山路到延安西路行驶缓慢；西康路：从宜昌路到长寿路行驶缓慢；镇坪路：自南向北缓慢，反向畅通；铜仁路：自南向北缓慢，反向畅通；长安路：从秣陵路到恒丰路行驶缓慢；民立路：从共和路到天目西路行驶缓慢。,2,轻度拥堵,73.40%,3.69%,0.74%,22.17%,光复西路,1,expedite,从光复西路西口到江宁路,50,30,"4935,2172,2173","121.416969,31.2280846;121.417282,31.2277641;121.417816,31.2272625;121.418045,31.2270527;121.419037,31.2261162;121.419357,31.2258053;121.419449,31.2257328;121.419518,31.2256794;121.419609,31.225626;121.419777,31.2255383;121.41993,31.2254753;121.419998,31.2254524;121.420059,31.2254391;121.420135,31.2254314;121.420204,31.2254314;121.420265,31.2254391;121.420326,31.2254524;121.420395,31.2254658;121.420479,31.2254982;121.420532,31.2255325;121.420586,31.2255726;121.420654,31.2256451;121.420731,31.2257652;121.420784,31.2258663;121.420815,31.2259102;121.420837,31.2259369;121.420921,31.2260094;121.420975,31.2260494;121.421051,31.2260895;121.421135,31.22616;121.421265,31.2262707;121.421371,31.2264042;121.421494,31.2265339;121.421906,31.2270584;121.422447,31.2277374;121.422661,31.2279739;121.422859,31.2281551;121.423294,31.2285194;121.423744,31.2288361;121.424011,31.2290802;121.424034,31.2291203;121.424141,31.2293148;121.424316,31.2296085;121.424423,31.2297592;121.424515,31.229866;121.424744,31.2302494;121.42485,31.230444;121.424988,31.2307339;121.425056,31.2308979;121.425194,31.2312489;121.425575,31.232275;121.425652,31.2324982;121.425735,31.2327595;121.425758,31.2329197;121.425812,31.2337017;121.425819,31.2340355;121.425797,31.234333;121.425758,31.2344837;121.425743,31.2346706;121.425728,31.2348881;121.425659,31.2357121;121.425652,31.2359161;121.425652,31.2360401;121.425659,31.2362709;121.425659,31.2364616;121.426025,31.2367859;121.426025,31.2367821;121.426514,31.2369823;121.42746,31.2373333;121.428162,31.2376404;121.428268,31.2376747;121.428337,31.2377014;121.428406,31.2377377;121.428452,31.2377739;121.428619,31.2378941;121.428917,31.2381058;121.429054,31.2381954;121.4291,31.2382259;121.429123,31.2382488;121.429131,31.2382755;121.429138,31.2383194;121.429153,31.2383423;121.429176,31.238369;121.429207,31.2384052;121.429779,31.23876;121.430267,31.2390575;121.430344,31.2391109;121.430389,31.2391644;121.43042,31.2392044;121.430435,31.239254;121.430435,31.2392941;121.43042,31.2393608;121.430382,31.2394447;121.430305,31.2396355;121.43029,31.2397423;121.430283,31.2399826;121.430267,31.2400761;121.430237,31.24016;121.429901,31.241045;121.429634,31.2417068;121.429375,31.2422485;121.429283,31.2424622;121.429199,31.2427292;121.429047,31.2431164;121.42881,31.2436543;121.42878,31.2437458;121.428749,31.2438221;121.428741,31.2438889;121.428726,31.2439651;121.428749,31.2441502;121.428764,31.2442436;121.42878,31.2443161;121.428818,31.2443771;121.428886,31.244524;121.428947,31.2445965;121.428993,31.2446308;121.429184,31.2447643;121.429314,31.2448273;121.429512,31.2448978;121.429657,31.2449379;121.429955,31.2449913;121.431488,31.2452316;121.432495,31.2454052;121.433105,31.2455254;121.433159,31.2455292;121.433174,31.2455292;121.433243,31.245512;121.433304,31.2455025;121.43335,31.2454987;121.433388,31.2455063;121.433456,31.2455292;121.433525,31.2455559;121.433578,31.2455959;121.433632,31.2456398;121.433685,31.2457066;121.433723,31.2457695;121.433739,31.2458401;121.433739,31.2458839;121.433739,31.2459373;121.433723,31.2460613;121.433701,31.2461681;121.43367,31.2463207;121.433632,31.2466755;121.433548,31.247488;121.433479,31.2481556;121.433426,31.2486629;121.433403,31.2489243;121.433411,31.2491341;121.433426,31.2493382;121.433426,31.2494125;121.433426,31.2493992;121.433578,31.2495022;121.433739,31.2495995;121.433899,31.2496796;121.434059,31.249752;121.434189,31.2497902;121.434296,31.2498093;121.434418,31.2498169;121.434525,31.2498131;121.434639,31.2497997;121.434753,31.249773;121.434914,31.2497253;121.435127,31.2496395;121.435379,31.2495289;121.435646,31.2493687;121.435913,31.2491817;121.436188,31.2489777;121.436447,31.248764;121.436523,31.2487202;121.436607,31.2486839;121.436691,31.2486496;121.436783,31.2486267"
TR0140,2026-06-22T21:31:15,"121.439175,31.235771",3000,5,秣陵路：双向缓慢，从长安路到民立路严重拥堵，从梅园路到民立路严重拥堵；南北高架路：从共和新路立交桥到天目中路立交桥行驶缓慢；武宁路：从中宁路到中山北路行驶缓慢；沪太路：恒丰北路立交桥附近自北向南行驶缓慢；潮州路：自西向东缓慢，反向畅通；天目西路：外贸锦程大厦附近自西向东行驶缓慢；镇宁路：自北向南缓慢，从华山路到延安西路行驶缓慢；西康路：从宜昌路到长寿路行驶缓慢；镇坪路：自南向北缓慢，反向畅通；铜仁路：自南向北缓慢，反向畅通；长安路：从秣陵路到恒丰路行驶缓慢；民立路：从共和路到天目西路行驶缓慢。,2,轻度拥堵,73.40%,3.69%,0.74%,22.17%,光复西路,1,expedite,从江宁路到光复西路西口,230,30,"-2172,-4935,-4938","121.436798,31.2486534;121.436714,31.2486801;121.436623,31.2487068;121.436539,31.2487469;121.436462,31.2487869;121.436211,31.2490005;121.435928,31.2492046;121.435661,31.2493916;121.435394,31.2495518;121.43515,31.2496662;121.434921,31.249752;121.434776,31.2497997;121.434647,31.2498264;121.434525,31.2498436;121.434418,31.2498436;121.434296,31.249836;121.434189,31.2498169;121.434044,31.2497768;121.433884,31.2497025;121.433723,31.2496223;121.433563,31.2495289;121.433395,31.2494259;121.433388,31.2494125;121.433388,31.2493382;121.43338,31.2491379;121.43338,31.2489243;121.433388,31.2486629;121.433441,31.2481556;121.43351,31.247488;121.433601,31.2466717;121.433632,31.246315;121.433662,31.2461643;121.433685,31.2460575;121.433708,31.2459373;121.433708,31.2458839;121.433708,31.2458401;121.433685,31.2457771;121.433655,31.2457199;121.433601,31.245657;121.433556,31.2456131;121.433502,31.2455826;121.433441,31.2455559;121.43338,31.245533;121.433342,31.2455292;121.433319,31.2455292;121.43325,31.2455387;121.433189,31.2455559;121.433159,31.2455597;121.433121,31.2455597;121.433105,31.2455559;121.43248,31.2454357;121.431488,31.2452621;121.429939,31.245018;121.429657,31.2449646;121.429504,31.2449245;121.429298,31.244854;121.429161,31.244791;121.428978,31.2446537;121.428925,31.2446136;121.428871,31.2445374;121.42878,31.2443905;121.428757,31.2443237;121.428726,31.2442532;121.428711,31.2441559;121.428696,31.2439651;121.428711,31.243885;121.428719,31.2438183;121.428749,31.2437382;121.42878,31.2436447;121.429016,31.2431068;121.429176,31.2427197;121.429245,31.2424526;121.429352,31.2422409;121.429604,31.2416973;121.429863,31.2410355;121.430206,31.2401505;121.430237,31.2400703;121.430252,31.2399769;121.43026,31.2397423;121.430267,31.2396317;121.430389,31.2393551;121.430397,31.2392941;121.430397,31.2392578;121.430382,31.2392139;121.430367,31.2391777;121.430328,31.2391338;121.430252,31.2390804;121.429764,31.2387829;121.429192,31.2384262;121.429146,31.2383862;121.429123,31.2383556;121.4291,31.2383289;121.4291,31.2382851;121.429077,31.238245;121.428894,31.2381287;121.428604,31.237915;121.428429,31.2377949;121.428391,31.2377605;121.428322,31.2377281;121.428246,31.2377014;121.428139,31.2376671;121.427452,31.23736;121.426506,31.237009;121.42601,31.2368088;121.425636,31.2364807;121.425636,31.2364674;121.425636,31.2362709;121.425621,31.2360439;121.425621,31.2359161;121.425629,31.2357121;121.42569,31.2348881;121.425705,31.2346668;121.425728,31.2344799;121.425758,31.2343292;121.425789,31.2340355;121.425781,31.2337017;121.425728,31.2329235;121.425697,31.232769;121.425621,31.2325058;121.425545,31.2322845;121.425156,31.2312584;121.425034,31.2309074;121.424957,31.2307415;121.42482,31.2304573;121.424713,31.2302628;121.424492,31.2298794;121.424408,31.2297783;121.424286,31.2296219;121.424118,31.2293243;121.424011,31.2291336;121.423981,31.2290936;121.423714,31.228857;121.423271,31.2285385;121.422844,31.228178;121.42263,31.2279911;121.422417,31.2277565;121.421867,31.2270718;121.421463,31.2265511;121.421341,31.2264214;121.421227,31.2262897;121.421112,31.2261829;121.421021,31.2261105;121.420959,31.2260704;121.420906,31.2260303;121.420807,31.2259598;121.420784,31.2259293;121.420746,31.2258797;121.420692,31.2257786;121.420624,31.2256622;121.42057,31.2255955;121.420517,31.2255554;121.420464,31.2255249;121.42038,31.2254925;121.420319,31.2254791;121.420258,31.2254658;121.420197,31.2254581;121.420143,31.2254581;121.420074,31.2254658;121.420006,31.2254848;121.419937,31.225502;121.419876,31.2255325;121.419792,31.225565;121.419624,31.2256527;121.41954,31.2257023;121.419464,31.2257557;121.419388,31.2258263;121.419075,31.2261333;121.418083,31.2270756;121.417839,31.2272797;121.417305,31.2277813;121.416992,31.2281017"
TR0141,2026-06-22T21:31:15,"121.439175,31.235771",3000,5,秣陵路：双向缓慢，从长安路到民立路严重拥堵，从梅园路到民立路严重拥堵；南北高架路：从共和新路立交桥到天目中路立交桥行驶缓慢；武宁路：从中宁路到中山北路行驶缓慢；沪太路：恒丰北路立交桥附近自北向南行驶缓慢；潮州路：自西向东缓慢，反向畅通；天目西路：外贸锦程大厦附近自西向东行驶缓慢；镇宁路：自北向南缓慢，从华山路到延安西路行驶缓慢；西康路：从宜昌路到长寿路行驶缓慢；镇坪路：自南向北缓慢，反向畅通；铜仁路：自南向北缓慢，反向畅通；长安路：从秣陵路到恒丰路行驶缓慢；民立路：从共和路到天目西路行驶缓慢。,2,轻度拥堵,73.40%,3.69%,0.74%,22.17%,凯旋北路,1,expedite,从宁夏路到光新路,46,35,"5527,5528,5529,5530","121.413116,31.2312756;121.413155,31.231329;121.413162,31.2313652;121.413162,31.2314091;121.413155,31.231493;121.41317,31.2315235;121.413597,31.2327557;121.41362,31.2328091;121.41362,31.2328396;121.413612,31.2328663;121.413574,31.2329369;121.413811,31.2335777;121.414009,31.234129;121.414444,31.2352219;121.414589,31.2356091;121.414673,31.2358227;121.414795,31.2360439;121.415001,31.2364845;121.415237,31.2368393;121.415359,31.2370319;121.415504,31.2372093;121.415718,31.2374706;121.416145,31.2379551;121.416626,31.2384396;121.41671,31.2385159;121.419304,31.240284;121.419891,31.2406349;121.420288,31.2408581;121.420372,31.2409019;121.420364,31.2409153;121.420685,31.2411022;121.422379,31.242115;121.424942,31.2436142;121.425163,31.2437325;121.42601,31.2442398;121.427032,31.2448273;121.428925,31.2458935;121.429047,31.2459469;121.429039,31.2460041;121.429047,31.2460346;121.42907,31.2460575;121.429092,31.2460842;121.429405,31.2462807;121.431114,31.2475471;121.431145,31.2475948;121.431786,31.2481461;121.432304,31.2486935;121.433014,31.2494354;121.433212,31.2496395;121.433296,31.2497025"
TR0142,2026-06-22T21:31:15,"121.439175,31.235771",3000,5,秣陵路：双向缓慢，从长安路到民立路严重拥堵，从梅园路到民立路严重拥堵；南北高架路：从共和新路立交桥到天目中路立交桥行驶缓慢；武宁路：从中宁路到中山北路行驶缓慢；沪太路：恒丰北路立交桥附近自北向南行驶缓慢；潮州路：自西向东缓慢，反向畅通；天目西路：外贸锦程大厦附近自西向东行驶缓慢；镇宁路：自北向南缓慢，从华山路到延安西路行驶缓慢；西康路：从宜昌路到长寿路行驶缓慢；镇坪路：自南向北缓慢，反向畅通；铜仁路：自南向北缓慢，反向畅通；长安路：从秣陵路到恒丰路行驶缓慢；民立路：从共和路到天目西路行驶缓慢。,2,轻度拥堵,73.40%,3.69%,0.74%,22.17%,凯旋北路,1,expedite,从光新路到宁夏路,226,56,"-5530,-5529,-5528,-5527,-5526","121.433281,31.2497253;121.433189,31.2496624;121.432976,31.2494526;121.432266,31.2487106;121.43177,31.2481689;121.431129,31.2476139;121.431076,31.2475643;121.431091,31.2475548;121.430367,31.2469387;121.42907,31.2461071;121.429031,31.2460747;121.429016,31.2460442;121.429001,31.2460041;121.429016,31.2459641;121.429024,31.2459469;121.420357,31.2409286;121.420265,31.2408791;121.419876,31.2406616;121.419289,31.2403069;121.418663,31.2399502;121.418579,31.2399025;121.418259,31.2397022;121.417831,31.2394276;121.417351,31.2390671;121.416809,31.2386265;121.416672,31.238533;121.416603,31.2384624;121.416107,31.2379742;121.415695,31.237484;121.415474,31.2372265;121.415337,31.2370453;121.415199,31.2368526;121.41497,31.2364941;121.414764,31.2360573;121.41465,31.2358303;121.414558,31.2356224;121.414406,31.2352314;121.413971,31.2341385;121.41378,31.2335873;121.413544,31.2329369;121.413582,31.2328587;121.413582,31.2328396;121.413582,31.2328091;121.413567,31.2327652;121.413139,31.2315331;121.413116,31.231493;121.413139,31.2314091;121.413132,31.231369;121.413116,31.2313423;121.413086,31.2312927"
TR0143,2026-06-22T21:31:15,"121.439175,31.235771",3000,5,秣陵路：双向缓慢，从长安路到民立路严重拥堵，从梅园路到民立路严重拥堵；南北高架路：从共和新路立交桥到天目中路立交桥行驶缓慢；武宁路：从中宁路到中山北路行驶缓慢；沪太路：恒丰北路立交桥附近自北向南行驶缓慢；潮州路：自西向东缓慢，反向畅通；天目西路：外贸锦程大厦附近自西向东行驶缓慢；镇宁路：自北向南缓慢，从华山路到延安西路行驶缓慢；西康路：从宜昌路到长寿路行驶缓慢；镇坪路：自南向北缓慢，反向畅通；铜仁路：自南向北缓慢，反向畅通；长安路：从秣陵路到恒丰路行驶缓慢；民立路：从共和路到天目西路行驶缓慢。,2,轻度拥堵,73.40%,3.69%,0.74%,22.17%,康定路,1,expedite,从延平路到泰兴路,26,30,5177,"121.439735,31.2305946;121.441719,31.2314663;121.441963,31.2315998;121.443802,31.2324352;121.445206,31.232996;121.446136,31.2333508;121.447449,31.2337952;121.448051,31.2341156;121.448311,31.2342491;121.448677,31.2343903;121.448891,31.2344704;121.449013,31.2345104;121.449669,31.2347603;121.44989,31.2348309;121.450226,31.2349472;121.450966,31.2351875;121.45134,31.2353153;121.451576,31.2353821;121.451767,31.2354527;121.45192,31.2355156;121.452087,31.2355785;121.45266,31.2357864;121.452789,31.2358265;121.45314,31.2359161;121.453415,31.2360001;121.453583,31.2360897;121.453918,31.2362671;121.455513,31.2371292;121.455681,31.2372532"
TR0144,2026-06-22T21:31:15,"121.439175,31.235771",3000,5,秣陵路：双向缓慢，从长安路到民立路严重拥堵，从梅园路到民立路严重拥堵；南北高架路：从共和新路立交桥到天目中路立交桥行驶缓慢；武宁路：从中宁路到中山北路行驶缓慢；沪太路：恒丰北路立交桥附近自北向南行驶缓慢；潮州路：自西向东缓慢，反向畅通；天目西路：外贸锦程大厦附近自西向东行驶缓慢；镇宁路：自北向南缓慢，从华山路到延安西路行驶缓慢；西康路：从宜昌路到长寿路行驶缓慢；镇坪路：自南向北缓慢，反向畅通；铜仁路：自南向北缓慢，反向畅通；长安路：从秣陵路到恒丰路行驶缓慢；民立路：从共和路到天目西路行驶缓慢。,2,轻度拥堵,73.40%,3.69%,0.74%,22.17%,康定路,1,expedite,从泰兴路到延平路,208,30,-5176,"121.455666,31.2372761;121.45549,31.2371502;121.453903,31.2362938;121.453568,31.2361107;121.453392,31.2360268;121.453133,31.2359467;121.452782,31.2358532;121.452637,31.2358131;121.452072,31.2356052;121.451912,31.2355423;121.451752,31.2354755;121.451561,31.2354088"
TR0145,2026-06-22T21:31:15,"121.439175,31.235771",3000,5,秣陵路：双向缓慢，从长安路到民立路严重拥堵，从梅园路到民立路严重拥堵；南北高架路：从共和新路立交桥到天目中路立交桥行驶缓慢；武宁路：从中宁路到中山北路行驶缓慢；沪太路：恒丰北路立交桥附近自北向南行驶缓慢；潮州路：自西向东缓慢，反向畅通；天目西路：外贸锦程大厦附近自西向东行驶缓慢；镇宁路：自北向南缓慢，从华山路到延安西路行驶缓慢；西康路：从宜昌路到长寿路行驶缓慢；镇坪路：自南向北缓慢，反向畅通；铜仁路：自南向北缓慢，反向畅通；长安路：从秣陵路到恒丰路行驶缓慢；民立路：从共和路到天目西路行驶缓慢。,2,轻度拥堵,73.40%,3.69%,0.74%,22.17%,昌平路,1,expedite,从康定路到西苏州路,25,30,4805,"121.435692,31.2316303;121.436287,31.2320175;121.436554,31.2321777;121.437561,31.2327423;121.437668,31.2327919;121.437927,31.2329025;121.439896,31.2335472;121.440712,31.2338181;121.441643,31.2341652;121.442215,31.2343864;121.443153,31.2346668;121.444977,31.2353115;121.445122,31.2353592;121.445526,31.2355022;121.445885,31.2356224;121.447067,31.2360401;121.448082,31.2364273;121.448318,31.2365074;121.44976,31.2370358;121.450134,31.2371902;121.45063,31.2374363;121.451233,31.2377472;121.451447,31.2378941;121.451561,31.2379551;121.451736,31.2380352;121.451897,31.2381115;121.452888,31.2385464;121.453331,31.23876;121.453705,31.2389469;121.454308,31.2392406;121.454468,31.2393341"
TR0146,2026-06-22T21:31:15,"121.439175,31.235771",3000,5,秣陵路：双向缓慢，从长安路到民立路严重拥堵，从梅园路到民立路严重拥堵；南北高架路：从共和新路立交桥到天目中路立交桥行驶缓慢；武宁路：从中宁路到中山北路行驶缓慢；沪太路：恒丰北路立交桥附近自北向南行驶缓慢；潮州路：自西向东缓慢，反向畅通；天目西路：外贸锦程大厦附近自西向东行驶缓慢；镇宁路：自北向南缓慢，从华山路到延安西路行驶缓慢；西康路：从宜昌路到长寿路行驶缓慢；镇坪路：自南向北缓慢，反向畅通；铜仁路：自南向北缓慢，反向畅通；长安路：从秣陵路到恒丰路行驶缓慢；民立路：从共和路到天目西路行驶缓慢。,2,轻度拥堵,73.40%,3.69%,0.74%,22.17%,昌平路,1,expedite,从西苏州路到康定路,206,35,-3568,"121.454453,31.2393551;121.454292,31.2392673;121.45369,31.2389736;121.453316,31.2387829;121.452873,31.2385731;121.451881,31.2381382;121.451721,31.2380581;121.451546,31.2379818;121.451431,31.2379208;121.451218,31.2377739;121.450615,31.2374573;121.450119,31.2372169;121.449745,31.2370625;121.448311,31.2365341;121.448074,31.236454;121.44706,31.2360668;121.445869,31.2356491;121.445518,31.2355289;121.445099,31.2353859;121.444962,31.2353382;121.443146,31.2346935;121.442207,31.2344131;121.441635,31.2341919;121.440697,31.2338448;121.439873,31.2335739;121.43792,31.2329292;121.437653,31.2328186;121.437546,31.232769;121.436531,31.2322044;121.436264,31.2320442;121.435539,31.2315636;121.435158,31.2313423;121.434563,31.2309513;121.434418,31.230854"
TR0147,2026-06-22T21:31:15,"121.439175,31.235771",3000,5,秣陵路：双向缓慢，从长安路到民立路严重拥堵，从梅园路到民立路严重拥堵；南北高架路：从共和新路立交桥到天目中路立交桥行驶缓慢；武宁路：从中宁路到中山北路行驶缓慢；沪太路：恒丰北路立交桥附近自北向南行驶缓慢；潮州路：自西向东缓慢，反向畅通；天目西路：外贸锦程大厦附近自西向东行驶缓慢；镇宁路：自北向南缓慢，从华山路到延安西路行驶缓慢；西康路：从宜昌路到长寿路行驶缓慢；镇坪路：自南向北缓慢，反向畅通；铜仁路：自南向北缓慢，反向畅通；长安路：从秣陵路到恒丰路行驶缓慢；民立路：从共和路到天目西路行驶缓慢。,2,轻度拥堵,73.40%,3.69%,0.74%,22.17%,陕西北路,1,expedite,从延安中路到宜昌路,126,25,"2501,2503,2505,2506","121.456833,31.2237244;121.456764,31.2240143;121.456444,31.2253017;121.455055,31.2273235;121.454834,31.2277374;121.454758,31.2278976;121.454643,31.2280884;121.454521,31.2282524;121.454308,31.2285118;121.453941,31.2288227;121.452034,31.2322273;121.451981,31.2323551;121.451965,31.2324009;121.451927,31.2324486;121.451904,31.2324982;121.451767,31.2326584;121.451637,31.2328358;121.450989,31.233654;121.450882,31.233778;121.450737,31.2339249;121.450562,31.2340584;121.449692,31.2347736;121.449455,31.2350006;121.448654,31.235857;121.44809,31.2364483;121.447929,31.2366447;121.44725,31.2375202;121.446823,31.2380276;121.44648,31.2384663;121.446136,31.2389297;121.4459,31.2392139;121.445816,31.2393112;121.445625,31.2394791;121.445229,31.2398129;121.44458,31.2402897;121.444336,31.2404881;121.444099,31.2407284;121.44265,31.242075;121.442383,31.2423248;121.441704,31.2429466;121.441505,31.2431335;121.441383,31.2432575;121.441383,31.2432613;121.440491,31.2439785;121.440048,31.2443466;121.439056,31.2451458;121.437386,31.2464676;121.437248,31.2465858;121.437141,31.2466793;121.437035,31.246769"
TR0148,2026-06-22T21:31:15,"121.439175,31.235771",3000,5,秣陵路：双向缓慢，从长安路到民立路严重拥堵，从梅园路到民立路严重拥堵；南北高架路：从共和新路立交桥到天目中路立交桥行驶缓慢；武宁路：从中宁路到中山北路行驶缓慢；沪太路：恒丰北路立交桥附近自北向南行驶缓慢；潮州路：自西向东缓慢，反向畅通；天目西路：外贸锦程大厦附近自西向东行驶缓慢；镇宁路：自北向南缓慢，从华山路到延安西路行驶缓慢；西康路：从宜昌路到长寿路行驶缓慢；镇坪路：自南向北缓慢，反向畅通；铜仁路：自南向北缓慢，反向畅通；长安路：从秣陵路到恒丰路行驶缓慢；民立路：从共和路到天目西路行驶缓慢。,2,轻度拥堵,73.40%,3.69%,0.74%,22.17%,陕西北路,1,expedite,从宜昌路到延安中路,306,25,"-2505,-2503,-2501","121.437004,31.2467518;121.437111,31.2466583;121.43721,31.2465687;121.437363,31.2464485;121.439041,31.2451248;121.439568,31.2447014;121.440018,31.2443237;121.44046,31.2439556;121.441353,31.2432404;121.441475,31.2431164;121.441689,31.2429237;121.442368,31.2423019;121.442612,31.242054;121.444069,31.2407112;121.444321,31.2404709;121.44455,31.2402706;121.445206,31.2397919;121.445602,31.2394619;121.445786,31.2392883;121.445877,31.2391949;121.446106,31.2389164;121.446457,31.2384491;121.446793,31.2380085;121.44722,31.2375031;121.447891,31.2366276;121.448059,31.2364311;121.448631,31.2358398;121.449425,31.2349815;121.449669,31.2347507;121.450531,31.2340393;121.450714,31.2339058;121.450844,31.2337608;121.450951,31.2336349;121.451607,31.2328186;121.451744,31.2326393;121.45182,31.2325459;121.451912,31.2324352;121.451927,31.2323875;121.45195,31.2323475;121.452003,31.2322178;121.452057,31.2321205;121.452072,31.2320614;121.452293,31.231657;121.452637,31.2310143;121.452866,31.2306004;121.452942,31.2304306;121.45298,31.2303295;121.453087,31.2300529;121.453171,31.2297382;121.453209,31.2296391;121.453255,31.2295876;121.453438,31.229351;121.453918,31.2288036;121.454285,31.2284927;121.454498,31.2282391;121.454613,31.228075;121.454727,31.2278843;121.454811,31.2277241;121.455032,31.2273102;121.45517,31.2271652;121.455559,31.2266884;121.456284,31.2257919;121.456337,31.2256985;121.456375,31.2256126;121.456398,31.2255325;121.456421,31.2252941;121.456726,31.2240086;121.456802,31.2237206"
TR0149,2026-06-22T21:31:15,"121.439175,31.235771",3000,5,秣陵路：双向缓慢，从长安路到民立路严重拥堵，从梅园路到民立路严重拥堵；南北高架路：从共和新路立交桥到天目中路立交桥行驶缓慢；武宁路：从中宁路到中山北路行驶缓慢；沪太路：恒丰北路立交桥附近自北向南行驶缓慢；潮州路：自西向东缓慢，反向畅通；天目西路：外贸锦程大厦附近自西向东行驶缓慢；镇宁路：自北向南缓慢，从华山路到延安西路行驶缓慢；西康路：从宜昌路到长寿路行驶缓慢；镇坪路：自南向北缓慢，反向畅通；铜仁路：自南向北缓慢，反向畅通；长安路：从秣陵路到恒丰路行驶缓慢；民立路：从共和路到天目西路行驶缓慢。,2,轻度拥堵,73.40%,3.69%,0.74%,22.17%,西康路,1,expedite,从南京西路到宜昌路,131,25,"3679,4834,3683,3686","121.453033,31.2267818;121.452423,31.2275562;121.451843,31.2283115;121.451469,31.2288494;121.451378,31.2290096;121.45134,31.2290535;121.451248,31.2291737;121.451096,31.2293777;121.450783,31.2298126;121.450699,31.2299385;121.450485,31.2303772;121.450211,31.2309513;121.450134,31.2311058;121.450035,31.231205;121.449913,31.2312851;121.449776,31.2314053;121.449692,31.2314854;121.449242,31.2319202;121.448784,31.232378;121.448639,31.2325153;121.447731,31.2334976;121.447456,31.2338047;121.447273,31.2339993;121.446739,31.2345161;121.446297,31.2349205;121.445831,31.235302;121.445541,31.2355289;121.445175,31.2357826;121.444832,31.2360229;121.444656,31.2361336;121.444664,31.236124;121.444603,31.2363949;121.444534,31.2365742;121.444481,31.2367058;121.444389,31.2368889;121.444313,31.2370358;121.44413,31.2373505;121.44397,31.2376003;121.443733,31.2379646;121.443451,31.2383957;121.442711,31.2395115;121.442558,31.2396126;121.442299,31.239912;121.442177,31.2401237;121.442101,31.2402363;121.442047,31.2403107;121.44146,31.2409191;121.441139,31.2412186;121.440857,31.241457;121.44072,31.2415562;121.44059,31.2416573;121.44046,31.2417431;121.440338,31.2418346;121.439949,31.2421017;121.439789,31.2421875;121.43959,31.2422619;121.438789,31.2426453;121.437225,31.2435017;121.436584,31.2438354;121.434937,31.2447777;121.434677,31.2449551;121.434395,31.2450714"
TR0150,2026-06-22T21:31:15,"121.439175,31.235771",3000,5,秣陵路：双向缓慢，从长安路到民立路严重拥堵，从梅园路到民立路严重拥堵；南北高架路：从共和新路立交桥到天目中路立交桥行驶缓慢；武宁路：从中宁路到中山北路行驶缓慢；沪太路：恒丰北路立交桥附近自北向南行驶缓慢；潮州路：自西向东缓慢，反向畅通；天目西路：外贸锦程大厦附近自西向东行驶缓慢；镇宁路：自北向南缓慢，从华山路到延安西路行驶缓慢；西康路：从宜昌路到长寿路行驶缓慢；镇坪路：自南向北缓慢，反向畅通；铜仁路：自南向北缓慢，反向畅通；长安路：从秣陵路到恒丰路行驶缓慢；民立路：从共和路到天目西路行驶缓慢。,2,轻度拥堵,73.40%,3.69%,0.74%,22.17%,西康路,1,expedite,从长寿路到北京西路,306,30,"-4834,-3679","121.439926,31.2420807;121.440323,31.2418137;121.440445,31.2417202;121.440567,31.2416363;121.440697,31.2415333;121.440834,31.241436;121.441116,31.2411995;121.441422,31.2408981;121.442009,31.2402973;121.442078,31.2402172;121.442154,31.2401104;121.442276,31.2398987;121.442543,31.2395916;121.442688,31.2394924;121.443413,31.2383823;121.443695,31.2379513;121.443947,31.237587;121.444107,31.2373371;121.444283,31.2370224;121.444359,31.2368793;121.444443,31.2366982;121.444504,31.2365646;121.444572,31.2363911;121.444633,31.2361202;121.444641,31.2361107;121.444817,31.2360001;121.445152,31.2357597;121.445511,31.2355061;121.445816,31.2352791;121.446266,31.2349014;121.446709,31.2344933;121.44725,31.2339821;121.447433,31.2337875;121.447708,31.2334805;121.448624,31.2324982;121.448761,31.2323551;121.449211,31.2319031;121.449669,31.2314625;121.449753,31.2313862;121.449883,31.231266;121.450012,31.2311859;121.450104,31.2310925;121.450455,31.2303696;121.450668,31.2299252;121.450752,31.2297993;121.451057,31.2293644;121.451218,31.2291565;121.45134,31.2289906"
TR0151,2026-06-22T21:31:15,"121.439175,31.235771",3000,5,秣陵路：双向缓慢，从长安路到民立路严重拥堵，从梅园路到民立路严重拥堵；南北高架路：从共和新路立交桥到天目中路立交桥行驶缓慢；武宁路：从中宁路到中山北路行驶缓慢；沪太路：恒丰北路立交桥附近自北向南行驶缓慢；潮州路：自西向东缓慢，反向畅通；天目西路：外贸锦程大厦附近自西向东行驶缓慢；镇宁路：自北向南缓慢，从华山路到延安西路行驶缓慢；西康路：从宜昌路到长寿路行驶缓慢；镇坪路：自南向北缓慢，反向畅通；铜仁路：自南向北缓慢，反向畅通；长安路：从秣陵路到恒丰路行驶缓慢；民立路：从共和路到天目西路行驶缓慢。,2,轻度拥堵,73.40%,3.69%,0.74%,22.17%,海防路,1,expedite,从余姚路到普济路,26,25,3388,"121.442032,31.2366486;121.442909,31.2369385;121.444122,31.2373333;121.444328,31.2374134;121.445206,31.2378407;121.446472,31.2384453;121.446655,31.2385502;121.447914,31.2391472;121.448181,31.2392673;121.448357,31.2393379;121.449333,31.2397594;121.449745,31.2399197"
TR0152,2026-06-22T21:31:15,"121.439175,31.235771",3000,5,秣陵路：双向缓慢，从长安路到民立路严重拥堵，从梅园路到民立路严重拥堵；南北高架路：从共和新路立交桥到天目中路立交桥行驶缓慢；武宁路：从中宁路到中山北路行驶缓慢；沪太路：恒丰北路立交桥附近自北向南行驶缓慢；潮州路：自西向东缓慢，反向畅通；天目西路：外贸锦程大厦附近自西向东行驶缓慢；镇宁路：自北向南缓慢，从华山路到延安西路行驶缓慢；西康路：从宜昌路到长寿路行驶缓慢；镇坪路：自南向北缓慢，反向畅通；铜仁路：自南向北缓慢，反向畅通；长安路：从秣陵路到恒丰路行驶缓慢；民立路：从共和路到天目西路行驶缓慢。,2,轻度拥堵,73.40%,3.69%,0.74%,22.17%,海防路,1,expedite,从普济路到余姚路,206,25,-3384,"121.449722,31.2399464;121.449326,31.2397861;121.448349,31.2393646;121.448158,31.2392941;121.447891,31.2391739;121.44664,31.2385731;121.446457,31.238472;121.44519,31.2378674;121.444313,31.2374401;121.444107,31.23736;121.442894,31.2369652;121.442024,31.2366753"
TR0153,2026-06-22T21:31:15,"121.439175,31.235771",3000,5,秣陵路：双向缓慢，从长安路到民立路严重拥堵，从梅园路到民立路严重拥堵；南北高架路：从共和新路立交桥到天目中路立交桥行驶缓慢；武宁路：从中宁路到中山北路行驶缓慢；沪太路：恒丰北路立交桥附近自北向南行驶缓慢；潮州路：自西向东缓慢，反向畅通；天目西路：外贸锦程大厦附近自西向东行驶缓慢；镇宁路：自北向南缓慢，从华山路到延安西路行驶缓慢；西康路：从宜昌路到长寿路行驶缓慢；镇坪路：自南向北缓慢，反向畅通；铜仁路：自南向北缓慢，反向畅通；长安路：从秣陵路到恒丰路行驶缓慢；民立路：从共和路到天目西路行驶缓慢。,2,轻度拥堵,73.40%,3.69%,0.74%,22.17%,江宁路,1,expedite,从南京西路到光复西路,129,30,"2195,2181,2176","121.456612,31.2282219;121.45591,31.2291946;121.4552,31.230196;121.4552,31.2302628;121.454964,31.2306271;121.454628,31.2311649;121.454521,31.2313595;121.454346,31.2316227;121.453705,31.2327061;121.453148,31.2335472;121.452744,31.2340794;121.45253,31.234436;121.452499,31.2345295;121.452446,31.2346096;121.452385,31.2346897;121.451736,31.2352924;121.451591,31.235405;121.45137,31.2356091;121.451149,31.2358437;121.449959,31.2371368;121.44873,31.2384853;121.448677,31.2385559;121.448586,31.2386761;121.44857,31.2387333;121.448181,31.2392883;121.448044,31.2394543;121.447891,31.2396126;121.447723,31.2397823;121.447319,31.2401829;121.447067,31.2404308;121.446335,31.2410851;121.446098,31.2413158;121.445953,31.2414494;121.444656,31.2427731;121.444542,31.2428799;121.443581,31.2439861;121.443512,31.2440929;121.443359,31.2442093;121.443268,31.2442837;121.442398,31.2452888;121.442238,31.2454853;121.442108,31.2456169;121.441269,31.2465515;121.44043,31.2474575;121.440353,31.2475014;121.440109,31.2477684;121.439804,31.2481556;121.439484,31.2484894;121.43943,31.2485428;121.439377,31.2485867;121.439308,31.2486267;121.439232,31.2486629;121.439163,31.2486839;121.439087,31.248703;121.438957,31.2487164;121.43679,31.2486534"
TR0154,2026-06-22T21:31:15,"121.439175,31.235771",3000,5,秣陵路：双向缓慢，从长安路到民立路严重拥堵，从梅园路到民立路严重拥堵；南北高架路：从共和新路立交桥到天目中路立交桥行驶缓慢；武宁路：从中宁路到中山北路行驶缓慢；沪太路：恒丰北路立交桥附近自北向南行驶缓慢；潮州路：自西向东缓慢，反向畅通；天目西路：外贸锦程大厦附近自西向东行驶缓慢；镇宁路：自北向南缓慢，从华山路到延安西路行驶缓慢；西康路：从宜昌路到长寿路行驶缓慢；镇坪路：自南向北缓慢，反向畅通；铜仁路：自南向北缓慢，反向畅通；长安路：从秣陵路到恒丰路行驶缓慢；民立路：从共和路到天目西路行驶缓慢。,2,轻度拥堵,73.40%,3.69%,0.74%,22.17%,江宁路,1,expedite,从光复西路到南京西路,309,30,"-2181,-2195,-2196","121.43679,31.2486267;121.438957,31.2486897;121.439079,31.2486763;121.439148,31.2486572;121.439217,31.2486362;121.439285,31.2486038;121.439354,31.2485638;121.439407,31.2485237;121.439468,31.2484665;121.439781,31.2481384;121.440071,31.2477551;121.440338,31.2474842;121.440376,31.2474232;121.441223,31.2465153;121.442169,31.2454586;121.442741,31.2448044;121.443237,31.2442398;121.44342,31.2440758;121.443573,31.2439785;121.443558,31.243969;121.444519,31.2428627;121.444633,31.2427559;121.44593,31.2414265;121.446083,31.2412987;121.446312,31.241066;121.447037,31.2404079;121.447289,31.2401638;121.447701,31.2397652;121.447868,31.2395954;121.448021,31.2394352;121.448151,31.2392712;121.448532,31.2387199;121.44857,31.2386627;121.448647,31.2385368;121.448708,31.2384663;121.449936,31.2371197;121.451111,31.2358265;121.45134,31.2355919;121.451553,31.2353859;121.451698,31.2352715;121.452354,31.2346706;121.452408,31.2345963;121.452461,31.2345161;121.452507,31.2344227;121.452713,31.234066;121.453117,31.2335339;121.453674,31.2326927;121.454323,31.2316093;121.454453,31.231329;121.454575,31.2311287;121.455109,31.2302361;121.455193,31.230196;121.455185,31.2301865;121.455879,31.2291775;121.456589,31.2282085"
TR0155,2026-06-22T21:31:15,"121.439175,31.235771",3000,5,秣陵路：双向缓慢，从长安路到民立路严重拥堵，从梅园路到民立路严重拥堵；南北高架路：从共和新路立交桥到天目中路立交桥行驶缓慢；武宁路：从中宁路到中山北路行驶缓慢；沪太路：恒丰北路立交桥附近自北向南行驶缓慢；潮州路：自西向东缓慢，反向畅通；天目西路：外贸锦程大厦附近自西向东行驶缓慢；镇宁路：自北向南缓慢，从华山路到延安西路行驶缓慢；西康路：从宜昌路到长寿路行驶缓慢；镇坪路：自南向北缓慢，反向畅通；铜仁路：自南向北缓慢，反向畅通；长安路：从秣陵路到恒丰路行驶缓慢；民立路：从共和路到天目西路行驶缓慢。,2,轻度拥堵,73.40%,3.69%,0.74%,22.17%,安远路,1,expedite,从长寿路到西苏州路,25,25,"3579,4374,4580,4792","121.430984,31.2351818;121.431114,31.2351685;121.431335,31.2351379;121.432167,31.235054;121.432564,31.2350216;121.432854,31.2350006;121.433014,31.2349815;121.433174,31.2349815;121.43335,31.2349873;121.433632,31.235014;121.434593,31.2351341;121.435165,31.2352352;121.435287,31.2352619;121.435501,31.2353287;121.435692,31.2353954;121.435875,31.2354794;121.436195,31.2356453;121.436356,31.2357597;121.437195,31.2362347;121.437286,31.2363071;121.437531,31.2365112;121.437668,31.2366543;121.437904,31.2369194;121.437973,31.2370052;121.437958,31.237009;121.438126,31.2370853;121.438385,31.2372169;121.439148,31.2375908;121.439537,31.2377739;121.439697,31.2378445;121.439819,31.2378845;121.43998,31.2379551;121.440163,31.2379818;121.440269,31.238018;121.440338,31.2380409;121.44043,31.2380924;121.440552,31.2381916;121.44194,31.2390747;121.442581,31.2394543;121.442612,31.2394657;121.442703,31.2394886;121.443001,31.2396221;121.443192,31.239706;121.443466,31.2398491;121.443634,31.2399693;121.444107,31.2403069;121.444336,31.2404671;121.444534,31.240591;121.445778,31.241333;121.445953,31.2414265;121.446526,31.2416573;121.447235,31.2419548;121.447411,31.2419777;121.447556,31.2420139;121.449135,31.2424355;121.449188,31.2424583;121.449265,31.242485;121.449295,31.2425156;121.449333,31.2425594;121.44976,31.2430096"
TR0156,2026-06-22T21:31:15,"121.439175,31.235771",3000,5,秣陵路：双向缓慢，从长安路到民立路严重拥堵，从梅园路到民立路严重拥堵；南北高架路：从共和新路立交桥到天目中路立交桥行驶缓慢；武宁路：从中宁路到中山北路行驶缓慢；沪太路：恒丰北路立交桥附近自北向南行驶缓慢；潮州路：自西向东缓慢，反向畅通；天目西路：外贸锦程大厦附近自西向东行驶缓慢；镇宁路：自北向南缓慢，从华山路到延安西路行驶缓慢；西康路：从宜昌路到长寿路行驶缓慢；镇坪路：自南向北缓慢，反向畅通；铜仁路：自南向北缓慢，反向畅通；长安路：从秣陵路到恒丰路行驶缓慢；民立路：从共和路到天目西路行驶缓慢。,2,轻度拥堵,73.40%,3.69%,0.74%,22.17%,安远路,1,expedite,从西苏州路到长寿路,205,30,"-4580,-4374,-3579","121.449745,31.2430267;121.449318,31.2425823;121.449272,31.2425327;121.449242,31.242506;121.449173,31.2424793;121.44912,31.2424622;121.447548,31.2420406;121.447403,31.2420082;121.447227,31.2419815;121.44651,31.241684;121.445938,31.2414494;121.445763,31.2413597;121.444519,31.2406139;121.444321,31.2404881;121.444092,31.2403297;121.443611,31.2399902;121.443451,31.239872;121.443176,31.2397289;121.442696,31.2395153;121.43795,31.2370186;121.437881,31.2369328;121.437653,31.2366714;121.4375,31.2365284;121.437263,31.2363281;121.437164,31.2362576;121.43634,31.2357826;121.43618,31.235672;121.435867,31.2355022;121.435677,31.2354221;121.435493,31.2353554;121.435272,31.2352924;121.435165,31.2352619;121.434578,31.2351608;121.433632,31.2350445;121.43335,31.2350178;121.433174,31.2350082;121.433014,31.235014;121.432854,31.2350273;121.432571,31.2350483;121.432175,31.2350845;121.431343,31.2351646;121.431122,31.2351952;121.430984,31.2352085"
TR0157,2026-06-22T21:31:15,"121.439175,31.235771",3000,5,秣陵路：双向缓慢，从长安路到民立路严重拥堵，从梅园路到民立路严重拥堵；南北高架路：从共和新路立交桥到天目中路立交桥行驶缓慢；武宁路：从中宁路到中山北路行驶缓慢；沪太路：恒丰北路立交桥附近自北向南行驶缓慢；潮州路：自西向东缓慢，反向畅通；天目西路：外贸锦程大厦附近自西向东行驶缓慢；镇宁路：自北向南缓慢，从华山路到延安西路行驶缓慢；西康路：从宜昌路到长寿路行驶缓慢；镇坪路：自南向北缓慢，反向畅通；铜仁路：自南向北缓慢，反向畅通；长安路：从秣陵路到恒丰路行驶缓慢；民立路：从共和路到天目西路行驶缓慢。,2,轻度拥堵,73.40%,3.69%,0.74%,22.17%,昌化路,1,expedite,从新闸路到宜昌路,122,25,"3627,3628","121.455788,31.2332134;121.454643,31.2347164;121.454521,31.2348442;121.453514,31.2359104;121.453423,31.2360229;121.452545,31.2368317;121.451576,31.2376938;121.451363,31.2378578;121.450607,31.2385368;121.450455,31.2386761;121.450333,31.2388;121.450104,31.238987;121.450035,31.2390537;121.449341,31.2397823;121.449051,31.2401161;121.448761,31.2404079;121.448547,31.2406082;121.448318,31.2408409;121.447426,31.2417774;121.447243,31.2419777;121.44622,31.2429962;121.445541,31.2437115;121.445335,31.2439289;121.445244,31.2440052;121.445175,31.2440929;121.445114,31.2441597;121.445068,31.244236;121.444962,31.2444172;121.444832,31.2447338;121.444763,31.2450218;121.444633,31.2455959;121.444603,31.24576;121.444588,31.2459106;121.444557,31.2460098;121.444443,31.2470303;121.444427,31.2471294;121.444412,31.2472572;121.444176,31.2481422;121.444107,31.2484226;121.443947,31.2493553"
TR0158,2026-06-22T21:31:15,"121.439175,31.235771",3000,5,秣陵路：双向缓慢，从长安路到民立路严重拥堵，从梅园路到民立路严重拥堵；南北高架路：从共和新路立交桥到天目中路立交桥行驶缓慢；武宁路：从中宁路到中山北路行驶缓慢；沪太路：恒丰北路立交桥附近自北向南行驶缓慢；潮州路：自西向东缓慢，反向畅通；天目西路：外贸锦程大厦附近自西向东行驶缓慢；镇宁路：自北向南缓慢，从华山路到延安西路行驶缓慢；西康路：从宜昌路到长寿路行驶缓慢；镇坪路：自南向北缓慢，反向畅通；铜仁路：自南向北缓慢，反向畅通；长安路：从秣陵路到恒丰路行驶缓慢；民立路：从共和路到天目西路行驶缓慢。,2,轻度拥堵,73.40%,3.69%,0.74%,22.17%,昌化路,1,expedite,从宜昌路到新闸路,302,30,"-3627,-3621","121.443909,31.2493515;121.444077,31.2484169;121.444145,31.2481384;121.444374,31.2472534;121.444389,31.2471237;121.444412,31.2470264;121.444534,31.2460041;121.44455,31.2459068;121.444572,31.2457561;121.444595,31.2455902;121.444733,31.2450142;121.444801,31.2447243;121.444931,31.2444038;121.444992,31.244297;121.44503,31.2442226;121.445084,31.2441425;121.445137,31.2440758;121.445229,31.2439861;121.445305,31.243906;121.445511,31.2436924;121.446205,31.2429771;121.44722,31.2419605;121.447395,31.2417603;121.448296,31.2408218;121.448532,31.240591;121.448738,31.2403908;121.449013,31.240097;121.449318,31.2397652;121.450012,31.2390347;121.450081,31.2389641;121.45031,31.2387829;121.450432,31.2386532;121.450577,31.2385159;121.45134,31.2378407;121.451546,31.2376709;121.452515,31.2368088;121.453384,31.2360039;121.453491,31.2358932;121.454498,31.234827;121.454613,31.2346973;121.455757,31.2332001"
TR0159,2026-06-22T21:31:15,"121.439175,31.235771",3000,5,秣陵路：双向缓慢，从长安路到民立路严重拥堵，从梅园路到民立路严重拥堵；南北高架路：从共和新路立交桥到天目中路立交桥行驶缓慢；武宁路：从中宁路到中山北路行驶缓慢；沪太路：恒丰北路立交桥附近自北向南行驶缓慢；潮州路：自西向东缓慢，反向畅通；天目西路：外贸锦程大厦附近自西向东行驶缓慢；镇宁路：自北向南缓慢，从华山路到延安西路行驶缓慢；西康路：从宜昌路到长寿路行驶缓慢；镇坪路：自南向北缓慢，反向畅通；铜仁路：自南向北缓慢，反向畅通；长安路：从秣陵路到恒丰路行驶缓慢；民立路：从共和路到天目西路行驶缓慢。,2,轻度拥堵,73.40%,3.69%,0.74%,22.17%,常德路,1,expedite,从长寿路到宜昌路,142,30,4355,"121.437637,31.2404213;121.437157,31.240715;121.435745,31.2415028;121.435387,31.241684;121.434723,31.2419949;121.43438,31.2421608;121.43399,31.2423592;121.433884,31.2424355;121.433762,31.2425251;121.433556,31.242712;121.433388,31.2428932;121.433228,31.2430973;121.433014,31.2435074"
TR0160,2026-06-22T21:31:15,"121.439175,31.235771",3000,5,秣陵路：双向缓慢，从长安路到民立路严重拥堵，从梅园路到民立路严重拥堵；南北高架路：从共和新路立交桥到天目中路立交桥行驶缓慢；武宁路：从中宁路到中山北路行驶缓慢；沪太路：恒丰北路立交桥附近自北向南行驶缓慢；潮州路：自西向东缓慢，反向畅通；天目西路：外贸锦程大厦附近自西向东行驶缓慢；镇宁路：自北向南缓慢，从华山路到延安西路行驶缓慢；西康路：从宜昌路到长寿路行驶缓慢；镇坪路：自南向北缓慢，反向畅通；铜仁路：自南向北缓慢，反向畅通；长安路：从秣陵路到恒丰路行驶缓慢；民立路：从共和路到天目西路行驶缓慢。,2,轻度拥堵,73.40%,3.69%,0.74%,22.17%,常德路,1,expedite,从宜昌路到长寿路,322,30,-3669,"121.432976,31.2434978;121.433197,31.243084;121.43335,31.2428761;121.433525,31.2426929;121.433739,31.242506;121.433861,31.2424126;121.433975,31.2423382;121.434364,31.2421341;121.4347,31.2419739;121.435371,31.2416573;121.435722,31.2414799;121.437141,31.2406883;121.437614,31.2404003"
TR0161,2026-06-22T21:31:15,"121.439175,31.235771",3000,5,秣陵路：双向缓慢，从长安路到民立路严重拥堵，从梅园路到民立路严重拥堵；南北高架路：从共和新路立交桥到天目中路立交桥行驶缓慢；武宁路：从中宁路到中山北路行驶缓慢；沪太路：恒丰北路立交桥附近自北向南行驶缓慢；潮州路：自西向东缓慢，反向畅通；天目西路：外贸锦程大厦附近自西向东行驶缓慢；镇宁路：自北向南缓慢，从华山路到延安西路行驶缓慢；西康路：从宜昌路到长寿路行驶缓慢；镇坪路：自南向北缓慢，反向畅通；铜仁路：自南向北缓慢，反向畅通；长安路：从秣陵路到恒丰路行驶缓慢；民立路：从共和路到天目西路行驶缓慢。,2,轻度拥堵,73.40%,3.69%,0.74%,22.17%,梅岭南路,1,expedite,从杨柳青路到兰溪路,48,20,3910,"121.404388,31.2325993;121.405556,31.2330036;121.405685,31.2330437;121.405815,31.2330799;121.405952,31.2330971;121.406456,31.2331238;121.406586,31.2331467;121.406723,31.2331772;121.407021,31.2332897;121.408531,31.2338886;121.409546,31.2343025;121.409706,31.2343826;121.409798,31.234436;121.409874,31.2344894;121.409935,31.2345428;121.410011,31.2346172;121.410065,31.2346802;121.410126,31.2347698;121.410172,31.2348614;121.410202,31.2349377;121.410225,31.2350216;121.41024,31.2351074;121.41024,31.2352009;121.410202,31.2355061;121.410133,31.2357121;121.410072,31.2359695;121.410011,31.2362576;121.40995,31.2365475;121.40992,31.2366791;121.409882,31.2368126;121.409874,31.2370129;121.409851,31.2379417"
TR0162,2026-06-22T21:31:15,"121.439175,31.235771",3000,5,秣陵路：双向缓慢，从长安路到民立路严重拥堵，从梅园路到民立路严重拥堵；南北高架路：从共和新路立交桥到天目中路立交桥行驶缓慢；武宁路：从中宁路到中山北路行驶缓慢；沪太路：恒丰北路立交桥附近自北向南行驶缓慢；潮州路：自西向东缓慢，反向畅通；天目西路：外贸锦程大厦附近自西向东行驶缓慢；镇宁路：自北向南缓慢，从华山路到延安西路行驶缓慢；西康路：从宜昌路到长寿路行驶缓慢；镇坪路：自南向北缓慢，反向畅通；铜仁路：自南向北缓慢，反向畅通；长安路：从秣陵路到恒丰路行驶缓慢；民立路：从共和路到天目西路行驶缓慢。,2,轻度拥堵,73.40%,3.69%,0.74%,22.17%,梅岭南路,1,expedite,从兰溪路到杨柳青路,228,30,-5077,"121.409813,31.2379417;121.409843,31.237009;121.409859,31.2368126;121.409882,31.2366714;121.409912,31.2365379;121.409973,31.2362537;121.410034,31.23596;121.41011,31.2357025;121.410172,31.2355022;121.410202,31.2351952;121.410202,31.2351074;121.410187,31.2350273;121.410172,31.2349472;121.410133,31.2348709;121.410095,31.2347775;121.410034,31.2346973;121.409981,31.2346363;121.40992,31.2345638;121.409851,31.2345104;121.409775,31.234457;121.409691,31.2344036;121.409531,31.2343292;121.40937,31.2342625;121.408524,31.2339115;121.407005,31.2333164;121.4067,31.2332039;121.406578,31.2331734;121.406456,31.2331562;121.405945,31.2331295;121.405815,31.2331104;121.40567,31.2330704;121.405548,31.2330303;121.404373,31.232626"
TR0163,2026-06-22T21:31:15,"121.439175,31.235771",3000,5,秣陵路：双向缓慢，从长安路到民立路严重拥堵，从梅园路到民立路严重拥堵；南北高架路：从共和新路立交桥到天目中路立交桥行驶缓慢；武宁路：从中宁路到中山北路行驶缓慢；沪太路：恒丰北路立交桥附近自北向南行驶缓慢；潮州路：自西向东缓慢，反向畅通；天目西路：外贸锦程大厦附近自西向东行驶缓慢；镇宁路：自北向南缓慢，从华山路到延安西路行驶缓慢；西康路：从宜昌路到长寿路行驶缓慢；镇坪路：自南向北缓慢，反向畅通；铜仁路：自南向北缓慢，反向畅通；长安路：从秣陵路到恒丰路行驶缓慢；民立路：从共和路到天目西路行驶缓慢。,2,轻度拥堵,73.40%,3.69%,0.74%,22.17%,梅岭北路,1,expedite,从丹巴路到兰溪路,342,30,"5083,3903","121.390137,31.2433071;121.39093,31.2431202;121.392006,31.2428665;121.393974,31.2423859;121.394295,31.2423191;121.395538,31.2420216;121.396423,31.2418137;121.39669,31.2417431;121.396843,31.241703;121.397491,31.2415504;121.39785,31.2415028;121.397987,31.241497;121.398331,31.2414932;121.400673,31.2415733;121.401176,31.2415867;121.401703,31.2416096;121.402039,31.2416267;121.402206,31.2416496;121.402336,31.2416763;121.402687,31.2417603;121.402824,31.2418041;121.404907,31.2423592;121.406036,31.242672;121.406364,31.2427387;121.406487,31.2427464;121.406631,31.2427387;121.406738,31.2427292;121.407043,31.2426987;121.40741,31.2426529;121.407486,31.2426395;121.407608,31.242609;121.407722,31.242569;121.407799,31.2425385;121.407944,31.2424583;121.40802,31.2424126;121.408081,31.2423649;121.408241,31.2422276;121.409111,31.2412796;121.409317,31.2410622;121.409431,31.2409382;121.409492,31.2408619;121.409554,31.2407417;121.409599,31.2406483;121.409691,31.2404137;121.409737,31.2402935;121.40976,31.2401562;121.409775,31.2400227;121.409775,31.2397652;121.409828,31.2384453;121.409828,31.2379417"
TR0164,2026-06-22T21:31:15,"121.439175,31.235771",3000,5,秣陵路：双向缓慢，从长安路到民立路严重拥堵，从梅园路到民立路严重拥堵；南北高架路：从共和新路立交桥到天目中路立交桥行驶缓慢；武宁路：从中宁路到中山北路行驶缓慢；沪太路：恒丰北路立交桥附近自北向南行驶缓慢；潮州路：自西向东缓慢，反向畅通；天目西路：外贸锦程大厦附近自西向东行驶缓慢；镇宁路：自北向南缓慢，从华山路到延安西路行驶缓慢；西康路：从宜昌路到长寿路行驶缓慢；镇坪路：自南向北缓慢，反向畅通；铜仁路：自南向北缓慢，反向畅通；长安路：从秣陵路到恒丰路行驶缓慢；民立路：从共和路到天目西路行驶缓慢。,2,轻度拥堵,73.40%,3.69%,0.74%,22.17%,梅岭北路,1,expedite,从兰溪路到丹巴路,172,30,"-5083,-5082","121.409142,31.2412987;121.408264,31.2422447;121.408104,31.2423859;121.408035,31.2424355;121.407967,31.2424793;121.407883,31.2425289;121.407814,31.2425652;121.407677,31.2426186;121.407623,31.2426357;121.407486,31.2426662;121.407303,31.2426929;121.406738,31.2427597;121.406631,31.2427692;121.406487,31.2427731;121.406364,31.2427692;121.406029,31.2426987;121.404892,31.2423859;121.402817,31.2418308;121.402664,31.241787;121.402328,31.241703;121.402206,31.2416763;121.402023,31.2416534;121.401695,31.2416363;121.401176,31.2416172;121.400673,31.2416039;121.398331,31.2415237;121.397987,31.2415295;121.39785,31.2415333;121.397499,31.2415771;121.396851,31.2417297;121.396622,31.2417908;121.396439,31.2418442;121.395554,31.2420483;121.394295,31.2423458;121.39399,31.2424183;121.392021,31.2428932;121.390953,31.2431469;121.390137,31.2433338"
TR0165,2026-06-22T21:31:15,"121.439175,31.235771",3000,5,秣陵路：双向缓慢，从长安路到民立路严重拥堵，从梅园路到民立路严重拥堵；南北高架路：从共和新路立交桥到天目中路立交桥行驶缓慢；武宁路：从中宁路到中山北路行驶缓慢；沪太路：恒丰北路立交桥附近自北向南行驶缓慢；潮州路：自西向东缓慢，反向畅通；天目西路：外贸锦程大厦附近自西向东行驶缓慢；镇宁路：自北向南缓慢，从华山路到延安西路行驶缓慢；西康路：从宜昌路到长寿路行驶缓慢；镇坪路：自南向北缓慢，反向畅通；铜仁路：自南向北缓慢，反向畅通；长安路：从秣陵路到恒丰路行驶缓慢；民立路：从共和路到天目西路行驶缓慢。,2,轻度拥堵,73.40%,3.69%,0.74%,22.17%,宜昌路,1,expedite,从宜昌路西口到昌化路,29,30,"3636,3638","121.430626,31.2428532;121.432266,31.2432537;121.432388,31.2432976;121.432747,31.243391;121.432854,31.2434273;121.433136,31.2435513;121.433372,31.2437859;121.433968,31.2445431;121.434402,31.2450485;121.434685,31.2449341;121.434883,31.2451019;121.435341,31.2454262;121.435974,31.2458668;121.43634,31.2461281;121.436607,31.2463474;121.437035,31.2467518;121.437386,31.2471237;121.43792,31.2476444;121.438019,31.2477551;121.438095,31.2478542;121.438309,31.2481422;121.438362,31.2481918;121.438934,31.2485294;121.439285,31.2487469;121.43959,31.2489948;121.439697,31.2490807;121.439804,31.249155;121.439957,31.2492447;121.440178,31.2493458;121.440376,31.2494259;121.440544,31.2494755;121.440811,31.2495193;121.441025,31.2495289;121.441399,31.2495384;121.441612,31.2495518;121.442329,31.2495594;121.442451,31.2495556;121.442543,31.2495384;121.442802,31.2494354;121.442932,31.2493916;121.443077,31.2493591;121.443184,31.249342;121.443291,31.2493286;121.443405,31.2493153;121.443558,31.2493153;121.443932,31.2493382"
TR0166,2026-06-22T21:31:15,"121.439175,31.235771",3000,5,秣陵路：双向缓慢，从长安路到民立路严重拥堵，从梅园路到民立路严重拥堵；南北高架路：从共和新路立交桥到天目中路立交桥行驶缓慢；武宁路：从中宁路到中山北路行驶缓慢；沪太路：恒丰北路立交桥附近自北向南行驶缓慢；潮州路：自西向东缓慢，反向畅通；天目西路：外贸锦程大厦附近自西向东行驶缓慢；镇宁路：自北向南缓慢，从华山路到延安西路行驶缓慢；西康路：从宜昌路到长寿路行驶缓慢；镇坪路：自南向北缓慢，反向畅通；铜仁路：自南向北缓慢，反向畅通；长安路：从秣陵路到恒丰路行驶缓慢；民立路：从共和路到天目西路行驶缓慢。,2,轻度拥堵,73.40%,3.69%,0.74%,22.17%,宜昌路,1,expedite,从昌化路到宜昌路西口,209,25,"-3636,-4808","121.443932,31.2493687;121.443558,31.249342;121.443405,31.2493458;121.443291,31.2493553;121.443192,31.2493687;121.443092,31.2493858;121.44294,31.2494183;121.44281,31.2494621;121.442551,31.2495651;121.442451,31.2495861;121.442329,31.2495918;121.441612,31.2495785;121.441383,31.2495651;121.44101,31.2495594;121.440804,31.2495518;121.440536,31.2495022;121.440361,31.2494526;121.440163,31.2493725;121.439941,31.2492676;121.439789,31.2491779;121.439682,31.2491016;121.439568,31.2490177;121.43927,31.2487698;121.438919,31.2485504;121.438347,31.2482128;121.438293,31.2481594;121.43808,31.2478676;121.437988,31.2477741;121.437881,31.2476616;121.437363,31.2471428;121.436996,31.246769;121.436569,31.2463646;121.436317,31.246151;121.435944,31.2458897;121.435326,31.2454491;121.43486,31.2451191;121.434647,31.2449512;121.434364,31.2450676;121.433937,31.2445564;121.433334,31.2438049;121.433121,31.2435741;121.432846,31.243454;121.432739,31.2434177;121.432373,31.2433243;121.432251,31.2432804;121.430611,31.2428837"
TR0167,2026-06-22T21:31:15,"121.439175,31.235771",3000,5,秣陵路：双向缓慢，从长安路到民立路严重拥堵，从梅园路到民立路严重拥堵；南北高架路：从共和新路立交桥到天目中路立交桥行驶缓慢；武宁路：从中宁路到中山北路行驶缓慢；沪太路：恒丰北路立交桥附近自北向南行驶缓慢；潮州路：自西向东缓慢，反向畅通；天目西路：外贸锦程大厦附近自西向东行驶缓慢；镇宁路：自北向南缓慢，从华山路到延安西路行驶缓慢；西康路：从宜昌路到长寿路行驶缓慢；镇坪路：自南向北缓慢，反向畅通；铜仁路：自南向北缓慢，反向畅通；长安路：从秣陵路到恒丰路行驶缓慢；民立路：从共和路到天目西路行驶缓慢。,2,轻度拥堵,73.40%,3.69%,0.74%,22.17%,中潭路,1,expedite,从宜昌路到中山北路,115,30,3633,"121.443932,31.2493553;121.443962,31.2494888;121.443893,31.2504272;121.443855,31.2506618;121.443817,31.2509022;121.443733,31.2511654;121.443573,31.2514763;121.443451,31.2516804;121.443214,31.2519913;121.442665,31.2527294;121.442436,31.2530136;121.442215,31.2532806;121.442062,31.2534218;121.441887,31.2535591;121.441719,31.2536659;121.441612,31.2537556;121.441513,31.2538624;121.44146,31.253933;121.441429,31.2539902;121.441406,31.2540569;121.441368,31.2541504;121.441315,31.2544804;121.441208,31.255125;121.441185,31.2552319;121.441154,31.2552795;121.441116,31.2553291;121.44101,31.2554169;121.440926,31.2554626;121.440407,31.2556801"
TR0168,2026-06-22T21:31:15,"121.439175,31.235771",3000,5,秣陵路：双向缓慢，从长安路到民立路严重拥堵，从梅园路到民立路严重拥堵；南北高架路：从共和新路立交桥到天目中路立交桥行驶缓慢；武宁路：从中宁路到中山北路行驶缓慢；沪太路：恒丰北路立交桥附近自北向南行驶缓慢；潮州路：自西向东缓慢，反向畅通；天目西路：外贸锦程大厦附近自西向东行驶缓慢；镇宁路：自北向南缓慢，从华山路到延安西路行驶缓慢；西康路：从宜昌路到长寿路行驶缓慢；镇坪路：自南向北缓慢，反向畅通；铜仁路：自南向北缓慢，反向畅通；长安路：从秣陵路到恒丰路行驶缓慢；民立路：从共和路到天目西路行驶缓慢。,2,轻度拥堵,73.40%,3.69%,0.74%,22.17%,中潭路,1,expedite,从中山北路到宜昌路,295,30,"-3633,-3632","121.440392,31.2556572;121.44091,31.2554359;121.440994,31.2553959;121.441086,31.255312;121.441116,31.2552662;121.441154,31.2552223;121.44117,31.2551193;121.441223,31.2547741;121.441277,31.2544746;121.441292,31.2543106;121.441299,31.2542267;121.44133,31.2540836;121.441353,31.2540264;121.441368,31.2539787;121.441422,31.2538795;121.441513,31.2537727;121.441559,31.2537251;121.44165,31.2536488;121.441811,31.2535381;121.44194,31.2534447;121.44207,31.2533283;121.442177,31.2532272;121.44239,31.2529907;121.442513,31.2528362;121.442947,31.2522621;121.443161,31.2519779;121.44339,31.2516575;121.443512,31.2514534;121.443619,31.2512531;121.443672,31.2511292;121.443726,31.2509995;121.443748,31.2508888;121.443787,31.2507687;121.443802,31.250658;121.44384,31.2502003;121.443893,31.2494984;121.443932,31.2493553"
TR0169,2026-06-22T21:31:15,"121.439175,31.235771",3000,5,秣陵路：双向缓慢，从长安路到民立路严重拥堵，从梅园路到民立路严重拥堵；南北高架路：从共和新路立交桥到天目中路立交桥行驶缓慢；武宁路：从中宁路到中山北路行驶缓慢；沪太路：恒丰北路立交桥附近自北向南行驶缓慢；潮州路：自西向东缓慢，反向畅通；天目西路：外贸锦程大厦附近自西向东行驶缓慢；镇宁路：自北向南缓慢，从华山路到延安西路行驶缓慢；西康路：从宜昌路到长寿路行驶缓慢；镇坪路：自南向北缓慢，反向畅通；铜仁路：自南向北缓慢，反向畅通；长安路：从秣陵路到恒丰路行驶缓慢；民立路：从共和路到天目西路行驶缓慢。,2,轻度拥堵,73.40%,3.69%,0.74%,22.17%,交通西路,1,expedite,从交通路到中山北路,98,30,4278,"121.448128,31.2536526;121.448105,31.2541828;121.448051,31.2546749;121.447998,31.2550087;121.447914,31.2554836;121.447792,31.2559872;121.447731,31.256258;121.447479,31.2575207"
TR0170,2026-06-22T21:31:15,"121.439175,31.235771",3000,5,秣陵路：双向缓慢，从长安路到民立路严重拥堵，从梅园路到民立路严重拥堵；南北高架路：从共和新路立交桥到天目中路立交桥行驶缓慢；武宁路：从中宁路到中山北路行驶缓慢；沪太路：恒丰北路立交桥附近自北向南行驶缓慢；潮州路：自西向东缓慢，反向畅通；天目西路：外贸锦程大厦附近自西向东行驶缓慢；镇宁路：自北向南缓慢，从华山路到延安西路行驶缓慢；西康路：从宜昌路到长寿路行驶缓慢；镇坪路：自南向北缓慢，反向畅通；铜仁路：自南向北缓慢，反向畅通；长安路：从秣陵路到恒丰路行驶缓慢；民立路：从共和路到天目西路行驶缓慢。,2,轻度拥堵,73.40%,3.69%,0.74%,22.17%,交通西路,1,expedite,从中山北路到交通路,278,25,-4277,"121.447449,31.257515;121.447701,31.2562542;121.447762,31.2559814;121.447876,31.2554798;121.447968,31.2550049;121.448021,31.2546749;121.448074,31.2541828;121.44809,31.2536526"
TR0171,2026-06-22T21:31:15,"121.439175,31.235771",3000,5,秣陵路：双向缓慢，从长安路到民立路严重拥堵，从梅园路到民立路严重拥堵；南北高架路：从共和新路立交桥到天目中路立交桥行驶缓慢；武宁路：从中宁路到中山北路行驶缓慢；沪太路：恒丰北路立交桥附近自北向南行驶缓慢；潮州路：自西向东缓慢，反向畅通；天目西路：外贸锦程大厦附近自西向东行驶缓慢；镇宁路：自北向南缓慢，从华山路到延安西路行驶缓慢；西康路：从宜昌路到长寿路行驶缓慢；镇坪路：自南向北缓慢，反向畅通；铜仁路：自南向北缓慢，反向畅通；长安路：从秣陵路到恒丰路行驶缓慢；民立路：从共和路到天目西路行驶缓慢。,2,轻度拥堵,73.40%,3.69%,0.74%,22.17%,延长西路,1,expedite,从双山路到沪太路,20,30,"4095,4097","121.425743,31.2596703;121.426399,31.2599068;121.426598,31.2599697;121.426727,31.2600002;121.426826,31.2600231;121.426971,31.2600441;121.427109,31.2600574;121.427315,31.2600632;121.427521,31.2600536;121.428391,31.2599735;121.430824,31.2598228;121.431046,31.2598;121.431763,31.2597504;121.432869,31.2596798;121.433052,31.259676;121.43351,31.2596931;121.433846,31.2597332;121.434082,31.2597694;121.434311,31.2598171;121.434647,31.2599068;121.43502,31.2600136;121.435692,31.2603073;121.436424,31.2607327;121.438278,31.2618542;121.439255,31.2624264;121.439857,31.2627869;121.440109,31.2629471;121.440567,31.2632141;121.440872,31.2633991;121.440994,31.2634716;121.4412,31.2635956;121.441528,31.2637863;121.441833,31.2639828;121.441971,31.2640934;121.442741,31.2645874;121.442825,31.2646351;121.444145,31.26548"
TR0172,2026-06-22T21:31:15,"121.439175,31.235771",3000,5,秣陵路：双向缓慢，从长安路到民立路严重拥堵，从梅园路到民立路严重拥堵；南北高架路：从共和新路立交桥到天目中路立交桥行驶缓慢；武宁路：从中宁路到中山北路行驶缓慢；沪太路：恒丰北路立交桥附近自北向南行驶缓慢；潮州路：自西向东缓慢，反向畅通；天目西路：外贸锦程大厦附近自西向东行驶缓慢；镇宁路：自北向南缓慢，从华山路到延安西路行驶缓慢；西康路：从宜昌路到长寿路行驶缓慢；镇坪路：自南向北缓慢，反向畅通；铜仁路：自南向北缓慢，反向畅通；长安路：从秣陵路到恒丰路行驶缓慢；民立路：从共和路到天目西路行驶缓慢。,2,轻度拥堵,73.40%,3.69%,0.74%,22.17%,延长西路,1,expedite,从沪太路到双山路,200,25,"-4095,-4094","121.444122,31.2655029;121.44281,31.264658;121.442719,31.2646084;121.441956,31.2641163;121.441811,31.2640038;121.441505,31.2638092;121.441185,31.2636223;121.440979,31.2634926;121.440857,31.2634258;121.440552,31.2632351;121.440086,31.2629681;121.439835,31.2628098;121.439232,31.2624531;121.438255,31.2618809;121.436409,31.2607555;121.435669,31.260334;121.435005,31.2600403;121.434631,31.2599335;121.434311,31.2598438;121.434074,31.2597961;121.43383,31.2597637;121.433502,31.2597198;121.433052,31.2597027;121.432869,31.2597065;121.431763,31.2597771;121.431061,31.2598305;121.430824,31.2598495;121.430824,31.2598495;121.428391,31.260004;121.427528,31.2600803;121.427315,31.2600937;121.427109,31.2600842;121.426971,31.2600746;121.426819,31.2600498;121.42672,31.2600307;121.42659,31.2599964;121.426384,31.2599335;121.425728,31.259697"
TR0173,2026-06-22T21:31:15,"121.439175,31.235771",3000,5,秣陵路：双向缓慢，从长安路到民立路严重拥堵，从梅园路到民立路严重拥堵；南北高架路：从共和新路立交桥到天目中路立交桥行驶缓慢；武宁路：从中宁路到中山北路行驶缓慢；沪太路：恒丰北路立交桥附近自北向南行驶缓慢；潮州路：自西向东缓慢，反向畅通；天目西路：外贸锦程大厦附近自西向东行驶缓慢；镇宁路：自北向南缓慢，从华山路到延安西路行驶缓慢；西康路：从宜昌路到长寿路行驶缓慢；镇坪路：自南向北缓慢，反向畅通；铜仁路：自南向北缓慢，反向畅通；长安路：从秣陵路到恒丰路行驶缓慢；民立路：从共和路到天目西路行驶缓慢。,2,轻度拥堵,73.40%,3.69%,0.74%,22.17%,宜川路,1,expedite,从交通路到万荣路,82,25,2406,"121.440872,31.2561417;121.440697,31.2575684;121.440544,31.2585201;121.440453,31.258728;121.440331,31.2590408;121.440079,31.2595596;121.439926,31.2597771;121.439575,31.2602539;121.439461,31.2603912;121.439079,31.2608795;121.438957,31.2610168;121.438393,31.2617416;121.438278,31.2618752;121.437935,31.2623329;121.437851,31.2624493;121.437653,31.2627239;121.43705,31.2636852;121.436462,31.2645912;121.436348,31.264782;121.43631,31.2648582;121.436249,31.2649822;121.436195,31.2651157;121.436119,31.2652969;121.436035,31.2655029;121.435928,31.2658405;121.435715,31.2666798;121.435623,31.2670269;121.435593,31.2671814;121.435585,31.2673473;121.435585,31.2675209;121.435608,31.2676582;121.435638,31.2677784;121.435677,31.2678986;121.43573,31.2680187;121.435783,31.2681332;121.43586,31.2682438;121.435944,31.2683506;121.436043,31.2684631;121.436157,31.2685738;121.436363,31.268755;121.436913,31.2691994;121.437073,31.2693386;121.43721,31.269453;121.437897,31.2699604;121.440018,31.2716484;121.440758,31.2722397;121.441803,31.2730713;121.442436,31.2735729;121.443306,31.2742615;121.44355,31.2744617;121.443626,31.2744884"
TR0174,2026-06-22T21:31:15,"121.439175,31.235771",3000,5,秣陵路：双向缓慢，从长安路到民立路严重拥堵，从梅园路到民立路严重拥堵；南北高架路：从共和新路立交桥到天目中路立交桥行驶缓慢；武宁路：从中宁路到中山北路行驶缓慢；沪太路：恒丰北路立交桥附近自北向南行驶缓慢；潮州路：自西向东缓慢，反向畅通；天目西路：外贸锦程大厦附近自西向东行驶缓慢；镇宁路：自北向南缓慢，从华山路到延安西路行驶缓慢；西康路：从宜昌路到长寿路行驶缓慢；镇坪路：自南向北缓慢，反向畅通；铜仁路：自南向北缓慢，反向畅通；长安路：从秣陵路到恒丰路行驶缓慢；民立路：从共和路到天目西路行驶缓慢。,2,轻度拥堵,73.40%,3.69%,0.74%,22.17%,宜川路,1,expedite,从万荣路到交通路,262,30,"-2406,-2411","121.443611,31.2745152;121.443535,31.2744884;121.44352,31.2744846;121.443283,31.2742805;121.442406,31.2735958;121.44178,31.2730942;121.440727,31.2722626;121.440002,31.2716713;121.437866,31.2699814;121.437195,31.2694759;121.43705,31.2693596;121.43689,31.2692184;121.43634,31.268774;121.436142,31.2685909;121.43602,31.2684841;121.435913,31.2683697;121.435829,31.2682571;121.43576,31.2681427;121.435699,31.2680302;121.435646,31.2679062;121.435608,31.2677822;121.43557,31.2676659;121.435555,31.2675247;121.435555,31.2673416;121.435562,31.2671776;121.435593,31.2670231;121.435677,31.2666702;121.435905,31.265831;121.436012,31.2654934;121.436089,31.2652893;121.436157,31.2651062;121.436211,31.2649689;121.436287,31.2648487;121.436317,31.2647686;121.436424,31.2645779;121.437012,31.2636719;121.43763,31.2627106;121.437828,31.2624359;121.437904,31.2623158;121.438248,31.261858;121.438362,31.2617283;121.438934,31.2610035;121.439041,31.2608624;121.43943,31.2603741;121.439545,31.2602406;121.439911,31.2597637;121.440056,31.2595463;121.4403,31.2590313;121.440414,31.2587204;121.440514,31.2585163;121.440659,31.2575684;121.440834,31.2561378"
TR0175,2026-06-22T21:31:15,"121.439175,31.235771",3000,5,秣陵路：双向缓慢，从长安路到民立路严重拥堵，从梅园路到民立路严重拥堵；南北高架路：从共和新路立交桥到天目中路立交桥行驶缓慢；武宁路：从中宁路到中山北路行驶缓慢；沪太路：恒丰北路立交桥附近自北向南行驶缓慢；潮州路：自西向东缓慢，反向畅通；天目西路：外贸锦程大厦附近自西向东行驶缓慢；镇宁路：自北向南缓慢，从华山路到延安西路行驶缓慢；西康路：从宜昌路到长寿路行驶缓慢；镇坪路：自南向北缓慢，反向畅通；铜仁路：自南向北缓慢，反向畅通；长安路：从秣陵路到恒丰路行驶缓慢；民立路：从共和路到天目西路行驶缓慢。,2,轻度拥堵,73.40%,3.69%,0.74%,22.17%,中宁路,1,expedite,从曹杨路到中宁路东口,52,25,4929,"121.411392,31.2418938;121.411751,31.2419949;121.411751,31.2424927;121.411728,31.2431164;121.411713,31.2431602;121.411697,31.2431965;121.411659,31.2432575;121.411644,31.2433071;121.411629,31.2433777;121.411629,31.2436676;121.411766,31.2436752;121.411896,31.2436981;121.412003,31.2437382;121.412193,31.2438622;121.412514,31.244072;121.412621,31.2441635;121.412697,31.244276;121.412766,31.2444134;121.413109,31.2452259;121.41317,31.2453957;121.413536,31.2461948;121.413834,31.2467155;121.413887,31.2467918;121.413994,31.2469158;121.414398,31.2472305;121.414581,31.2473564;121.41497,31.2476006;121.415428,31.247858;121.415611,31.2479591;121.415802,31.2480583;121.416069,31.2481556;121.416214,31.2482185;121.416359,31.2482758;121.416412,31.2483025;121.416481,31.2483196;121.416603,31.2483559;121.416939,31.2484035;121.417343,31.2485332"
TR0176,2026-06-22T21:31:15,"121.439175,31.235771",3000,5,秣陵路：双向缓慢，从长安路到民立路严重拥堵，从梅园路到民立路严重拥堵；南北高架路：从共和新路立交桥到天目中路立交桥行驶缓慢；武宁路：从中宁路到中山北路行驶缓慢；沪太路：恒丰北路立交桥附近自北向南行驶缓慢；潮州路：自西向东缓慢，反向畅通；天目西路：外贸锦程大厦附近自西向东行驶缓慢；镇宁路：自北向南缓慢，从华山路到延安西路行驶缓慢；西康路：从宜昌路到长寿路行驶缓慢；镇坪路：自南向北缓慢，反向畅通；铜仁路：自南向北缓慢，反向畅通；长安路：从秣陵路到恒丰路行驶缓慢；民立路：从共和路到天目西路行驶缓慢。,2,轻度拥堵,73.40%,3.69%,0.74%,22.17%,中宁路,1,expedite,从中宁路东口到曹杨路,232,40,-4759,"121.417336,31.24856;121.416939,31.2484303;121.416595,31.2483826;121.416473,31.2483521;121.416412,31.2483292;121.416336,31.2483025;121.416199,31.2482452;121.416061,31.2481823;121.415787,31.2480793;121.415588,31.247982;121.415413,31.2478848;121.414948,31.2476215;121.414551,31.2473774;121.414375,31.2472534;121.413963,31.246933;121.413857,31.2468052;121.413795,31.2467289;121.413513,31.2462044;121.413139,31.2454052;121.413078,31.2452354;121.412727,31.2444229;121.412674,31.2442894;121.41259,31.2441826;121.412498,31.2440929;121.412178,31.243885;121.41198,31.2437649;121.411873,31.2437248;121.411758,31.2437019;121.411606,31.243679;121.411591,31.2433739;121.411606,31.2432976;121.411629,31.2432442;121.411674,31.2431831;121.411682,31.2431507;121.41169,31.2431164;121.411736,31.2420082;121.411392,31.2419205"
TR0177,2026-06-22T21:31:15,"121.439175,31.235771",3000,5,秣陵路：双向缓慢，从长安路到民立路严重拥堵，从梅园路到民立路严重拥堵；南北高架路：从共和新路立交桥到天目中路立交桥行驶缓慢；武宁路：从中宁路到中山北路行驶缓慢；沪太路：恒丰北路立交桥附近自北向南行驶缓慢；潮州路：自西向东缓慢，反向畅通；天目西路：外贸锦程大厦附近自西向东行驶缓慢；镇宁路：自北向南缓慢，从华山路到延安西路行驶缓慢；西康路：从宜昌路到长寿路行驶缓慢；镇坪路：自南向北缓慢，反向畅通；铜仁路：自南向北缓慢，反向畅通；长安路：从秣陵路到恒丰路行驶缓慢；民立路：从共和路到天目西路行驶缓慢。,2,轻度拥堵,73.40%,3.69%,0.74%,22.17%,镇坪路,1,expedite,从中山北路到石泉路,125,50,6089,"121.430435,31.2481022;121.430435,31.2481594;121.43045,31.2482719;121.43045,31.248333;121.430435,31.2483864;121.43,31.2488098;121.429939,31.2488937;121.429665,31.2492046;121.429428,31.2494888;121.42907,31.2499027;121.428505,31.2504845;121.428055,31.2510452;121.427643,31.2514935"
TR0178,2026-06-22T21:31:15,"121.439175,31.235771",3000,5,秣陵路：双向缓慢，从长安路到民立路严重拥堵，从梅园路到民立路严重拥堵；南北高架路：从共和新路立交桥到天目中路立交桥行驶缓慢；武宁路：从中宁路到中山北路行驶缓慢；沪太路：恒丰北路立交桥附近自北向南行驶缓慢；潮州路：自西向东缓慢，反向畅通；天目西路：外贸锦程大厦附近自西向东行驶缓慢；镇宁路：自北向南缓慢，从华山路到延安西路行驶缓慢；西康路：从宜昌路到长寿路行驶缓慢；镇坪路：自南向北缓慢，反向畅通；铜仁路：自南向北缓慢，反向畅通；长安路：从秣陵路到恒丰路行驶缓慢；民立路：从共和路到天目西路行驶缓慢。,2,轻度拥堵,73.40%,3.69%,0.74%,22.17%,镇坪路,1,expedite,从石泉路到宜昌路,299,35,"-6088,-6087","121.427628,31.2514763;121.428017,31.2510262;121.428482,31.2504673;121.429039,31.2498837;121.429405,31.2494717;121.429634,31.2491875;121.429901,31.2488747;121.42997,31.2487907;121.430397,31.248373;121.43042,31.2483292;121.43042,31.2482758;121.430397,31.2481594;121.430412,31.2480984;121.43058,31.2480087;121.431129,31.2475204;121.431297,31.2473335;121.431541,31.2470093;121.43177,31.2466583;121.431885,31.2464581;121.432213,31.2457771;121.432365,31.2454491;121.432495,31.2450809;121.432587,31.2448082;121.432892,31.2437687;121.432999,31.2435017"
TR0179,2026-06-22T21:31:15,"121.439175,31.235771",3000,5,秣陵路：双向缓慢，从长安路到民立路严重拥堵，从梅园路到民立路严重拥堵；南北高架路：从共和新路立交桥到天目中路立交桥行驶缓慢；武宁路：从中宁路到中山北路行驶缓慢；沪太路：恒丰北路立交桥附近自北向南行驶缓慢；潮州路：自西向东缓慢，反向畅通；天目西路：外贸锦程大厦附近自西向东行驶缓慢；镇宁路：自北向南缓慢，从华山路到延安西路行驶缓慢；西康路：从宜昌路到长寿路行驶缓慢；镇坪路：自南向北缓慢，反向畅通；铜仁路：自南向北缓慢，反向畅通；长安路：从秣陵路到恒丰路行驶缓慢；民立路：从共和路到天目西路行驶缓慢。,2,轻度拥堵,73.40%,3.69%,0.74%,22.17%,石泉路,1,expedite,从中宁路到光新路,24,30,"4112,4113","121.413742,31.2465687;121.413971,31.2465553;121.415024,31.2465324;121.415192,31.2465324;121.415306,31.246542;121.415474,31.2465687;121.415749,31.2466259;121.416252,31.2467651;121.416748,31.2469158;121.417366,31.2470837;121.418221,31.2472496;121.418465,31.2472897;121.418648,31.2473106;121.418823,31.2473202;121.418976,31.2473202;121.419441,31.2472973;121.419556,31.2472897;121.41967,31.2472839;121.419792,31.247303;121.419922,31.2473297;121.420036,31.247364;121.420143,31.2474174;121.420319,31.2475109;121.421227,31.2480621;121.421295,31.248106;121.4216,31.2484303;121.421867,31.248764;121.421989,31.248888;121.422043,31.2489338;121.422089,31.2489605;121.422623,31.2492275;121.423393,31.2496052;121.423859,31.2498093;121.42411,31.2499371;121.424156,31.2499599;121.424515,31.2501469;121.42485,31.2503204;121.425003,31.2503815;121.425117,31.2504311;121.425331,31.2504978;121.426414,31.2508755;121.426895,31.251049;121.427643,31.2514706;121.429161,31.2523785;121.429657,31.2526798;121.430145,31.2529736;121.430504,31.2531738;121.431381,31.2535782"
TR0180,2026-06-22T21:31:15,"121.439175,31.235771",3000,5,秣陵路：双向缓慢，从长安路到民立路严重拥堵，从梅园路到民立路严重拥堵；南北高架路：从共和新路立交桥到天目中路立交桥行驶缓慢；武宁路：从中宁路到中山北路行驶缓慢；沪太路：恒丰北路立交桥附近自北向南行驶缓慢；潮州路：自西向东缓慢，反向畅通；天目西路：外贸锦程大厦附近自西向东行驶缓慢；镇宁路：自北向南缓慢，从华山路到延安西路行驶缓慢；西康路：从宜昌路到长寿路行驶缓慢；镇坪路：自南向北缓慢，反向畅通；铜仁路：自南向北缓慢，反向畅通；长安路：从秣陵路到恒丰路行驶缓慢；民立路：从共和路到天目西路行驶缓慢。,2,轻度拥堵,73.40%,3.69%,0.74%,22.17%,石泉路,1,expedite,从光新路到中宁路,204,30,"-4113,-4112,-4111","121.431358,31.2536049;121.43129,31.2535648;121.430489,31.2532005;121.430122,31.2529964;121.429634,31.2527027;121.429146,31.2524052;121.427628,31.2514935;121.42688,31.2510757;121.426399,31.2509022;121.425316,31.2505245;121.42511,31.2504578;121.424988,31.2504082;121.424843,31.2503414;121.4245,31.2501736;121.424141,31.2499866;121.424088,31.2499599;121.423843,31.249836;121.423378,31.2496262;121.422607,31.2492485;121.422066,31.2489815;121.422028,31.2489548;121.421974,31.2489071;121.421837,31.2487774;121.42157,31.2484493;121.421272,31.2481289;121.421211,31.248085;121.420303,31.2475338;121.420128,31.2474442;121.420021,31.2473907;121.419914,31.2473564;121.419785,31.2473297;121.419662,31.2473164;121.419556,31.2473164;121.419449,31.247324;121.418983,31.2473507;121.418823,31.2473507;121.418648,31.2473373;121.418457,31.2473164;121.418213,31.2472763;121.417366,31.2471161;121.41674,31.2469425;121.416237,31.2467957;121.415749,31.2466526;121.415466,31.2465954;121.415306,31.2465687;121.415192,31.2465649;121.415024,31.2465591;121.413979,31.2465858;121.413742,31.2465992"
TR0181,2026-06-22T21:31:15,"121.439175,31.235771",3000,5,秣陵路：双向缓慢，从长安路到民立路严重拥堵，从梅园路到民立路严重拥堵；南北高架路：从共和新路立交桥到天目中路立交桥行驶缓慢；武宁路：从中宁路到中山北路行驶缓慢；沪太路：恒丰北路立交桥附近自北向南行驶缓慢；潮州路：自西向东缓慢，反向畅通；天目西路：外贸锦程大厦附近自西向东行驶缓慢；镇宁路：自北向南缓慢，从华山路到延安西路行驶缓慢；西康路：从宜昌路到长寿路行驶缓慢；镇坪路：自南向北缓慢，反向畅通；铜仁路：自南向北缓慢，反向畅通；长安路：从秣陵路到恒丰路行驶缓慢；民立路：从共和路到天目西路行驶缓慢。,2,轻度拥堵,73.40%,3.69%,0.74%,22.17%,交通路,1,expedite,从真南路到交通路东口,341,35,"2306,2307,4997,2621","121.390877,31.2689247;121.390892,31.2688484;121.390892,31.2688446;121.390968,31.2687016;121.391006,31.268631;121.391037,31.2685547;121.39106,31.2684708;121.391075,31.2683468;121.39109,31.2680435;121.39109,31.2678852;121.391113,31.2672348;121.391113,31.2668362;121.391129,31.2667065;121.391144,31.2665958;121.391182,31.2664661;121.391251,31.2662716;121.391319,31.2661819;121.391396,31.2660751;121.391472,31.2659779;121.391594,31.2658672;121.391716,31.2657642;121.391876,31.2656536;121.392059,31.2655697;121.392265,31.2654972;121.392601,31.2654095;121.395058,31.2648582;121.395325,31.2648048;121.397331,31.2644615;121.39814,31.2642975;121.398621,31.2642231;121.398788,31.2642136;121.400009,31.2642536;121.400452,31.2642097;121.40081,31.2641964;121.402908,31.2638054;121.403259,31.2637119;121.403748,31.2636127;121.404167,31.2634926;121.405197,31.2631073;121.405563,31.2629604;121.406914,31.2627163;121.408157,31.2624226;121.409119,31.2621994;121.409454,31.2621326;121.409866,31.2620392;121.410126,31.2619724;121.410469,31.2618942;121.410789,31.2618313;121.411026,31.2617817;121.414505,31.2611332;121.419395,31.2601948;121.421913,31.2597237;121.422455,31.2596264;121.422775,31.2595654;121.423775,31.2593727;121.425865,31.2589684;121.429886,31.2581997;121.430222,31.2581387;121.430954,31.2580128;121.431839,31.2578316;121.43264,31.2576714;121.435783,31.2570705;121.438721,31.256506;121.440842,31.2561245;121.441269,31.2560139;121.441971,31.255827;121.441963,31.255827;121.444252,31.2550316;121.445137,31.2547817;121.445908,31.2544975;121.446732,31.2541866;121.448502,31.2534847;121.449188,31.2532177;121.449394,31.2531471;121.450096,31.2528706;121.45031,31.2527771;121.45063,31.2526493;121.451645,31.2522793;121.453552,31.2515335;121.45472,31.2510891"
TR0182,2026-06-22T21:31:15,"121.439175,31.235771",3000,5,秣陵路：双向缓慢，从长安路到民立路严重拥堵，从梅园路到民立路严重拥堵；南北高架路：从共和新路立交桥到天目中路立交桥行驶缓慢；武宁路：从中宁路到中山北路行驶缓慢；沪太路：恒丰北路立交桥附近自北向南行驶缓慢；潮州路：自西向东缓慢，反向畅通；天目西路：外贸锦程大厦附近自西向东行驶缓慢；镇宁路：自北向南缓慢，从华山路到延安西路行驶缓慢；西康路：从宜昌路到长寿路行驶缓慢；镇坪路：自南向北缓慢，反向畅通；铜仁路：自南向北缓慢，反向畅通；长安路：从秣陵路到恒丰路行驶缓慢；民立路：从共和路到天目西路行驶缓慢。,2,轻度拥堵,73.40%,3.69%,0.74%,22.17%,交通路,1,expedite,从交通路东口到真南路,161,40,"-2621,-4997,-2307,-2306","121.454735,31.251112;121.453568,31.2515602;121.45166,31.252306;121.451393,31.2524052;121.450333,31.2528038;121.450119,31.2528973;121.449402,31.2531738;121.449211,31.2532444;121.448509,31.2535114;121.446739,31.2542133;121.445923,31.2545242;121.445152,31.2548084;121.44426,31.2550583;121.441971,31.2558537;121.441277,31.2560444;121.440857,31.2561512;121.438721,31.2565327;121.435799,31.257103;121.43264,31.2577019;121.431847,31.2578583;121.430962,31.2580452;121.430237,31.2581654;121.429901,31.2582264;121.425865,31.2589951;121.42379,31.2594051;121.422791,31.2595959;121.422455,31.2596569;121.421921,31.2597504;121.419403,31.2602215;121.414528,31.2611637;121.411034,31.2618141;121.410812,31.261858;121.410469,31.2619209;121.410133,31.2619991;121.409874,31.2620659;121.409477,31.2621593;121.40947,31.2621593;121.409142,31.2622261;121.408173,31.2624493;121.406921,31.262743;121.405579,31.2629871;121.405212,31.263134;121.404175,31.2635193;121.403748,31.2636395;121.403275,31.2637386;121.402916,31.2638302;121.400818,31.2642231;121.400459,31.2642403;121.400009,31.2642803;121.398788,31.2642403;121.398628,31.2642498;121.398148,31.2643242;121.397331,31.2644882;121.395325,31.2648315;121.395073,31.2648849;121.392616,31.26544;121.392273,31.2655239;121.392075,31.2655964;121.391891,31.2656803;121.391731,31.2657871;121.391609,31.2658882;121.391502,31.265995;121.391411,31.2660885;121.391342,31.2661953;121.391289,31.2662849;121.391212,31.2664757;121.391182,31.2665997;121.391167,31.2667103;121.391144,31.26684;121.391144,31.2672348;121.391129,31.2678852;121.391129,31.2680435;121.391113,31.2682133;121.391113,31.2683506;121.391083,31.2684765;121.391068,31.2685604;121.391037,31.2686405;121.391006,31.2687149;121.390915,31.268858;121.390915,31.2689285"
TR0183,2026-06-22T21:31:15,"121.439175,31.235771",3000,5,秣陵路：双向缓慢，从长安路到民立路严重拥堵，从梅园路到民立路严重拥堵；南北高架路：从共和新路立交桥到天目中路立交桥行驶缓慢；武宁路：从中宁路到中山北路行驶缓慢；沪太路：恒丰北路立交桥附近自北向南行驶缓慢；潮州路：自西向东缓慢，反向畅通；天目西路：外贸锦程大厦附近自西向东行驶缓慢；镇宁路：自北向南缓慢，从华山路到延安西路行驶缓慢；西康路：从宜昌路到长寿路行驶缓慢；镇坪路：自南向北缓慢，反向畅通；铜仁路：自南向北缓慢，反向畅通；长安路：从秣陵路到恒丰路行驶缓慢；民立路：从共和路到天目西路行驶缓慢。,2,轻度拥堵,73.40%,3.69%,0.74%,22.17%,兰溪路,1,expedite,桃浦路附近,281,25,-3922,"121.39872,31.2606258;121.398735,31.2605591"
TR0184,2026-06-22T21:31:15,"121.439175,31.235771",3000,5,秣陵路：双向缓慢，从长安路到民立路严重拥堵，从梅园路到民立路严重拥堵；南北高架路：从共和新路立交桥到天目中路立交桥行驶缓慢；武宁路：从中宁路到中山北路行驶缓慢；沪太路：恒丰北路立交桥附近自北向南行驶缓慢；潮州路：自西向东缓慢，反向畅通；天目西路：外贸锦程大厦附近自西向东行驶缓慢；镇宁路：自北向南缓慢，从华山路到延安西路行驶缓慢；西康路：从宜昌路到长寿路行驶缓慢；镇坪路：自南向北缓慢，反向畅通；铜仁路：自南向北缓慢，反向畅通；长安路：从秣陵路到恒丰路行驶缓慢；民立路：从共和路到天目西路行驶缓慢。,2,轻度拥堵,73.40%,3.69%,0.74%,22.17%,兰溪路,1,expedite,从铜川路到曹杨路,314,25,"-3928,-3929","121.401855,31.2507515;121.401955,31.2502041;121.402008,31.2494392;121.4021,31.2483826;121.402107,31.2481689;121.402122,31.2478313;121.402214,31.2465286;121.402313,31.2452888;121.402328,31.2447548;121.402336,31.2446098;121.402328,31.2444096;121.402344,31.2440395;121.402428,31.2427769;121.402435,31.2426395;121.402451,31.242485;121.402481,31.2423248;121.402519,31.2421646;121.40255,31.2420444;121.402596,31.2419205;121.402657,31.2417698;121.40274,31.2416267;121.402794,31.2415237;121.402863,31.2414169;121.402962,31.2412758;121.403076,31.2411251;121.40329,31.2408714;121.404373,31.2401104;121.405922,31.2390079;121.406151,31.2388363;121.406464,31.2386169;121.406807,31.238369;121.406898,31.2383022;121.407013,31.2382317;121.407074,31.2381916;121.407242,31.2381191;121.407326,31.2380886;121.407448,31.2380581;121.407555,31.2380314;121.407784,31.2380009;121.40802,31.2379875;121.408173,31.2379875;121.408508,31.2379742;121.409828,31.2379284;121.410149,31.2379475;121.4104,31.2379417;121.410614,31.2379608;121.410736,31.2379818;121.410866,31.2380219;121.41143,31.238266;121.411911,31.2384892;121.412712,31.238903;121.414169,31.2397823;121.414474,31.2399426"
TR0185,2026-06-22T21:31:15,"121.439175,31.235771",3000,5,秣陵路：双向缓慢，从长安路到民立路严重拥堵，从梅园路到民立路严重拥堵；南北高架路：从共和新路立交桥到天目中路立交桥行驶缓慢；武宁路：从中宁路到中山北路行驶缓慢；沪太路：恒丰北路立交桥附近自北向南行驶缓慢；潮州路：自西向东缓慢，反向畅通；天目西路：外贸锦程大厦附近自西向东行驶缓慢；镇宁路：自北向南缓慢，从华山路到延安西路行驶缓慢；西康路：从宜昌路到长寿路行驶缓慢；镇坪路：自南向北缓慢，反向畅通；铜仁路：自南向北缓慢，反向畅通；长安路：从秣陵路到恒丰路行驶缓慢；民立路：从共和路到天目西路行驶缓慢。,2,轻度拥堵,73.40%,3.69%,0.74%,22.17%,铜川路,1,expedite,从大渡河路到岚皋路立交桥,13,30,"3887,2317,2316","121.397476,31.2507553;121.397598,31.2507458;121.397865,31.2507381;121.399254,31.250742;121.400726,31.2507381;121.401878,31.2507515;121.403709,31.2507591;121.403938,31.2507687;121.405655,31.250782;121.406677,31.2507858;121.407005,31.250782;121.407181,31.2507954;121.40728,31.2508087;121.40834,31.2510185;121.411285,31.2517471;121.411438,31.2517776;121.41198,31.2518883;121.412605,31.2520275;121.413101,31.2521515;121.414368,31.2524757;121.416,31.2528839;121.417618,31.253294;121.417824,31.2533512;121.418137,31.2534447;121.418549,31.2536087;121.418739,31.2536888;121.418953,31.2537994;121.419357,31.2540436;121.42057,31.2548981;121.420837,31.255085;121.42144,31.2555237;121.421936,31.2557869;121.422043,31.2557964"
TR0186,2026-06-22T21:31:15,"121.439175,31.235771",3000,5,秣陵路：双向缓慢，从长安路到民立路严重拥堵，从梅园路到民立路严重拥堵；南北高架路：从共和新路立交桥到天目中路立交桥行驶缓慢；武宁路：从中宁路到中山北路行驶缓慢；沪太路：恒丰北路立交桥附近自北向南行驶缓慢；潮州路：自西向东缓慢，反向畅通；天目西路：外贸锦程大厦附近自西向东行驶缓慢；镇宁路：自北向南缓慢，从华山路到延安西路行驶缓慢；西康路：从宜昌路到长寿路行驶缓慢；镇坪路：自南向北缓慢，反向畅通；铜仁路：自南向北缓慢，反向畅通；长安路：从秣陵路到恒丰路行驶缓慢；民立路：从共和路到天目西路行驶缓慢。,2,轻度拥堵,73.40%,3.69%,0.74%,22.17%,铜川路,1,expedite,从岚皋路立交桥到曹杨路,201,35,"-2316,-2317","121.422035,31.2558231;121.421936,31.2558174;121.421921,31.2558136;121.42141,31.2555466;121.420815,31.255106;121.420547,31.2549191;121.419342,31.2540665;121.41893,31.2538223;121.418716,31.2537155;121.418533,31.2536354;121.418114,31.2534714;121.417816,31.2533779;121.417603,31.2533207;121.415993,31.2529163;121.414368,31.2525024;121.413086,31.2521782;121.41259,31.2520542;121.411964,31.251915;121.41143,31.2518044;121.411285,31.2517738;121.40834,31.2510452;121.407272,31.2508354;121.407181,31.2508221"
TR0187,2026-06-22T21:31:15,"121.439175,31.235771",3000,5,秣陵路：双向缓慢，从长安路到民立路严重拥堵，从梅园路到民立路严重拥堵；南北高架路：从共和新路立交桥到天目中路立交桥行驶缓慢；武宁路：从中宁路到中山北路行驶缓慢；沪太路：恒丰北路立交桥附近自北向南行驶缓慢；潮州路：自西向东缓慢，反向畅通；天目西路：外贸锦程大厦附近自西向东行驶缓慢；镇宁路：自北向南缓慢，从华山路到延安西路行驶缓慢；西康路：从宜昌路到长寿路行驶缓慢；镇坪路：自南向北缓慢，反向畅通；铜仁路：自南向北缓慢，反向畅通；长安路：从秣陵路到恒丰路行驶缓慢；民立路：从共和路到天目西路行驶缓慢。,2,轻度拥堵,73.40%,3.69%,0.74%,22.17%,双山路,1,expedite,从交通路到新村路,107,25,4090,"121.425888,31.2589779;121.425903,31.2590847;121.425919,31.2591648;121.425919,31.259222;121.425919,31.259285;121.425911,31.2593422;121.425888,31.2594185;121.42585,31.2595024;121.425751,31.2596931;121.423981,31.2626629;121.423912,31.262804;121.423859,31.2629375;121.423805,31.2631149;121.423775,31.2632847;121.423767,31.26408;121.423767,31.2642937;121.423759,31.2646484"
TR0188,2026-06-22T21:31:15,"121.439175,31.235771",3000,5,秣陵路：双向缓慢，从长安路到民立路严重拥堵，从梅园路到民立路严重拥堵；南北高架路：从共和新路立交桥到天目中路立交桥行驶缓慢；武宁路：从中宁路到中山北路行驶缓慢；沪太路：恒丰北路立交桥附近自北向南行驶缓慢；潮州路：自西向东缓慢，反向畅通；天目西路：外贸锦程大厦附近自西向东行驶缓慢；镇宁路：自北向南缓慢，从华山路到延安西路行驶缓慢；西康路：从宜昌路到长寿路行驶缓慢；镇坪路：自南向北缓慢，反向畅通；铜仁路：自南向北缓慢，反向畅通；长安路：从秣陵路到恒丰路行驶缓慢；民立路：从共和路到天目西路行驶缓慢。,2,轻度拥堵,73.40%,3.69%,0.74%,22.17%,双山路,1,expedite,从新村路到交通路,287,25,-4086,"121.423737,31.2646484;121.423744,31.2632847;121.423767,31.2631073;121.42382,31.262928;121.423882,31.2627964;121.423958,31.2626495;121.425728,31.2596798;121.425812,31.2594929;121.42585,31.259409;121.425873,31.2593384;121.425896,31.2592793;121.425896,31.259222;121.425888,31.2591686;121.425865,31.2590885;121.42585,31.2589817"
TR0189,2026-06-22T21:31:15,"121.439175,31.235771",3000,5,秣陵路：双向缓慢，从长安路到民立路严重拥堵，从梅园路到民立路严重拥堵；南北高架路：从共和新路立交桥到天目中路立交桥行驶缓慢；武宁路：从中宁路到中山北路行驶缓慢；沪太路：恒丰北路立交桥附近自北向南行驶缓慢；潮州路：自西向东缓慢，反向畅通；天目西路：外贸锦程大厦附近自西向东行驶缓慢；镇宁路：自北向南缓慢，从华山路到延安西路行驶缓慢；西康路：从宜昌路到长寿路行驶缓慢；镇坪路：自南向北缓慢，反向畅通；铜仁路：自南向北缓慢，反向畅通；长安路：从秣陵路到恒丰路行驶缓慢；民立路：从共和路到天目西路行驶缓慢。,2,轻度拥堵,73.40%,3.69%,0.74%,22.17%,永嘉路,1,expedite,从衡山路到瑞金二路,25,30,4286,"121.445671,31.2035236;121.445923,31.2035732;121.446045,31.2036037;121.446159,31.20364;121.447304,31.2040539;121.447548,31.204134;121.447647,31.2041683;121.447762,31.2042179;121.44809,31.2043514;121.448311,31.2044487;121.448479,31.204525;121.448906,31.2047195;121.449905,31.2050934;121.451195,31.205595;121.451973,31.2059059;121.452087,31.205946;121.452171,31.2059689;121.452301,31.2059956;121.452568,31.2060394;121.45285,31.206089;121.453011,31.2061329;121.453201,31.2062054;121.453407,31.206316;121.453651,31.2064533;121.453972,31.2066631;121.454346,31.206934;121.454788,31.2072449;121.455879,31.20788;121.456848,31.2084484;121.457909,31.2090702;121.45945,31.2094898;121.460197,31.2097149;121.46077,31.2099113;121.461395,31.2101059;121.461555,31.2101784;121.462471,31.2105236;121.463516,31.210928;121.46386,31.2110577;121.464676,31.2113743;121.465805,31.211792"
TR0190,2026-06-22T21:31:15,"121.439175,31.235771",3000,5,秣陵路：双向缓慢，从长安路到民立路严重拥堵，从梅园路到民立路严重拥堵；南北高架路：从共和新路立交桥到天目中路立交桥行驶缓慢；武宁路：从中宁路到中山北路行驶缓慢；沪太路：恒丰北路立交桥附近自北向南行驶缓慢；潮州路：自西向东缓慢，反向畅通；天目西路：外贸锦程大厦附近自西向东行驶缓慢；镇宁路：自北向南缓慢，从华山路到延安西路行驶缓慢；西康路：从宜昌路到长寿路行驶缓慢；镇坪路：自南向北缓慢，反向畅通；铜仁路：自南向北缓慢，反向畅通；长安路：从秣陵路到恒丰路行驶缓慢；民立路：从共和路到天目西路行驶缓慢。,2,轻度拥堵,73.40%,3.69%,0.74%,22.17%,永嘉路,1,expedite,从瑞金二路到衡山路,205,30,-4289,"121.465797,31.2118187;121.464661,31.2113991;121.463837,31.2110844;121.463501,31.2109547;121.462456,31.2105503;121.461548,31.2102051;121.461388,31.2101326;121.460762,31.209938;121.460197,31.2097416;121.459435,31.2095146;121.457901,31.2090969;121.456818,31.2084751;121.455856,31.2079067;121.454773,31.2072659;121.454323,31.206955;121.453957,31.2066841;121.453636,31.20648;121.453384,31.206337;121.453194,31.2062302;121.453003,31.2061596;121.452835,31.2061157;121.452568,31.2060661;121.452293,31.2060223;121.452164,31.2059994;121.452072,31.2059727;121.451965,31.2059326;121.45118,31.2056217;121.449883,31.2051201;121.448891,31.2047462;121.448463,31.2045517;121.448303,31.2044716;121.448074,31.2043781;121.447754,31.2042446;121.447624,31.2041912;121.44754,31.2041607;121.447289,31.2040806;121.446152,31.2036667;121.44603,31.2036304;121.445908,31.2035999;121.445663,31.2035561"
TR0191,2026-06-22T21:31:15,"121.439175,31.235771",3000,5,秣陵路：双向缓慢，从长安路到民立路严重拥堵，从梅园路到民立路严重拥堵；南北高架路：从共和新路立交桥到天目中路立交桥行驶缓慢；武宁路：从中宁路到中山北路行驶缓慢；沪太路：恒丰北路立交桥附近自北向南行驶缓慢；潮州路：自西向东缓慢，反向畅通；天目西路：外贸锦程大厦附近自西向东行驶缓慢；镇宁路：自北向南缓慢，从华山路到延安西路行驶缓慢；西康路：从宜昌路到长寿路行驶缓慢；镇坪路：自南向北缓慢，反向畅通；铜仁路：自南向北缓慢，反向畅通；长安路：从秣陵路到恒丰路行驶缓慢；民立路：从共和路到天目西路行驶缓慢。,2,轻度拥堵,73.40%,3.69%,0.74%,22.17%,汾阳路,1,expedite,从桃江路到淮海中路,59,25,"4235,4218","121.451431,31.2089787;121.451691,31.2089825;121.452003,31.2090092;121.45359,31.210062;121.453758,31.210186;121.453888,31.2103462;121.453972,31.2106266;121.454483,31.2117653;121.454514,31.211832;121.454987,31.2128716;121.455627,31.2144051;121.455666,31.2144585;121.456032,31.2152271;121.456055,31.2152977;121.456055,31.215374;121.456024,31.2154713;121.456001,31.2155476"
TR0192,2026-06-22T21:31:15,"121.439175,31.235771",3000,5,秣陵路：双向缓慢，从长安路到民立路严重拥堵，从梅园路到民立路严重拥堵；南北高架路：从共和新路立交桥到天目中路立交桥行驶缓慢；武宁路：从中宁路到中山北路行驶缓慢；沪太路：恒丰北路立交桥附近自北向南行驶缓慢；潮州路：自西向东缓慢，反向畅通；天目西路：外贸锦程大厦附近自西向东行驶缓慢；镇宁路：自北向南缓慢，从华山路到延安西路行驶缓慢；西康路：从宜昌路到长寿路行驶缓慢；镇坪路：自南向北缓慢，反向畅通；铜仁路：自南向北缓慢，反向畅通；长安路：从秣陵路到恒丰路行驶缓慢；民立路：从共和路到天目西路行驶缓慢。,2,轻度拥堵,73.40%,3.69%,0.74%,22.17%,汾阳路,1,expedite,从淮海中路到桃江路,250,25,"-4218,-4235","121.455963,31.215538;121.456001,31.2154617;121.456017,31.2153683;121.456017,31.2153015;121.456009,31.2152348;121.455826,31.2148705;121.455627,31.2144718;121.455597,31.2144127;121.454948,31.2128792;121.454491,31.2118454;121.454453,31.2117786;121.453949,31.2106361;121.453857,31.2103558"
TR0193,2026-06-22T21:31:15,"121.439175,31.235771",3000,5,秣陵路：双向缓慢，从长安路到民立路严重拥堵，从梅园路到民立路严重拥堵；南北高架路：从共和新路立交桥到天目中路立交桥行驶缓慢；武宁路：从中宁路到中山北路行驶缓慢；沪太路：恒丰北路立交桥附近自北向南行驶缓慢；潮州路：自西向东缓慢，反向畅通；天目西路：外贸锦程大厦附近自西向东行驶缓慢；镇宁路：自北向南缓慢，从华山路到延安西路行驶缓慢；西康路：从宜昌路到长寿路行驶缓慢；镇坪路：自南向北缓慢，反向畅通；铜仁路：自南向北缓慢，反向畅通；长安路：从秣陵路到恒丰路行驶缓慢；民立路：从共和路到天目西路行驶缓慢。,2,轻度拥堵,73.40%,3.69%,0.74%,22.17%,陕西南路,1,expedite,从肇嘉浜路到延安中路,90,34,2499,"121.456833,31.2231903;121.456848,31.2235241;121.456833,31.2237206"
TR0194,2026-06-22T21:31:15,"121.439175,31.235771",3000,5,秣陵路：双向缓慢，从长安路到民立路严重拥堵，从梅园路到民立路严重拥堵；南北高架路：从共和新路立交桥到天目中路立交桥行驶缓慢；武宁路：从中宁路到中山北路行驶缓慢；沪太路：恒丰北路立交桥附近自北向南行驶缓慢；潮州路：自西向东缓慢，反向畅通；天目西路：外贸锦程大厦附近自西向东行驶缓慢；镇宁路：自北向南缓慢，从华山路到延安西路行驶缓慢；西康路：从宜昌路到长寿路行驶缓慢；镇坪路：自南向北缓慢，反向畅通；铜仁路：自南向北缓慢，反向畅通；长安路：从秣陵路到恒丰路行驶缓慢；民立路：从共和路到天目西路行驶缓慢。,2,轻度拥堵,73.40%,3.69%,0.74%,22.17%,复兴中路,1,expedite,从淮海中路到重庆南路,5,30,862,"121.447975,31.2104263;121.449814,31.2105598;121.449997,31.2105827"
TR0195,2026-06-22T21:31:15,"121.439175,31.235771",3000,5,秣陵路：双向缓慢，从长安路到民立路严重拥堵，从梅园路到民立路严重拥堵；南北高架路：从共和新路立交桥到天目中路立交桥行驶缓慢；武宁路：从中宁路到中山北路行驶缓慢；沪太路：恒丰北路立交桥附近自北向南行驶缓慢；潮州路：自西向东缓慢，反向畅通；天目西路：外贸锦程大厦附近自西向东行驶缓慢；镇宁路：自北向南缓慢，从华山路到延安西路行驶缓慢；西康路：从宜昌路到长寿路行驶缓慢；镇坪路：自南向北缓慢，反向畅通；铜仁路：自南向北缓慢，反向畅通；长安路：从秣陵路到恒丰路行驶缓慢；民立路：从共和路到天目西路行驶缓慢。,2,轻度拥堵,73.40%,3.69%,0.74%,22.17%,复兴中路,1,expedite,从西藏南路到淮海中路,195,25,"-862,-858","121.48288,31.2188358;121.482704,31.2188358;121.482666,31.2188358;121.482628,31.218832;121.481941,31.2185955;121.481049,31.2182941;121.479736,31.2178497;121.479576,31.217823;121.478363,31.2174187;121.478226,31.2173729;121.476677,31.2168808;121.476463,31.2167816;121.474983,31.2162533;121.473312,31.2156887;121.472656,31.2155418;121.472313,31.2154942;121.472015,31.2154617;121.471634,31.2154713;121.471504,31.2154846;121.471069,31.2155552;121.470963,31.2155819;121.470665,31.2156086;121.470428,31.2156124;121.470184,31.2155991;121.469833,31.2155552;121.469307,31.2154808;121.46759,31.2152271;121.466446,31.2150631;121.465446,31.2149105;121.464966,31.2148228;121.463997,31.2146053;121.463516,31.2145023;121.463326,31.2144585;121.463165,31.2144089;121.463058,31.2143555;121.462753,31.2141819;121.462585,31.2140808;121.462433,31.2140141;121.462326,31.2139473;121.462288,31.2139244;121.462219,31.2139015;121.461815,31.2137814;121.460693,31.21348;121.459061,31.2130718;121.458153,31.212822;121.457504,31.2126541;121.457428,31.2126408;121.457314,31.2126179;121.456818,31.2124748;121.455994,31.2122498;121.455154,31.2120171;121.454506,31.2118397;121.45433,31.2117958;121.453064,31.2114391;121.45237,31.2112484;121.450989,31.2108631;121.449989,31.2106094;121.449814,31.2105904;121.447975,31.2104568"
TR0196,2026-06-22T21:31:15,"121.439175,31.235771",3000,5,秣陵路：双向缓慢，从长安路到民立路严重拥堵，从梅园路到民立路严重拥堵；南北高架路：从共和新路立交桥到天目中路立交桥行驶缓慢；武宁路：从中宁路到中山北路行驶缓慢；沪太路：恒丰北路立交桥附近自北向南行驶缓慢；潮州路：自西向东缓慢，反向畅通；天目西路：外贸锦程大厦附近自西向东行驶缓慢；镇宁路：自北向南缓慢，从华山路到延安西路行驶缓慢；西康路：从宜昌路到长寿路行驶缓慢；镇坪路：自南向北缓慢，反向畅通；铜仁路：自南向北缓慢，反向畅通；长安路：从秣陵路到恒丰路行驶缓慢；民立路：从共和路到天目西路行驶缓慢。,2,轻度拥堵,73.40%,3.69%,0.74%,22.17%,东湖路,1,expedite,从淮海中路到长乐路,156,30,4117,"121.456001,31.2155476;121.455963,31.2155991;121.45591,31.2156353;121.455856,31.2156715;121.455719,31.2157288;121.455559,31.2157784;121.45504,31.2159653;121.453995,31.2163239;121.452782,31.2167683;121.452393,31.2168941"
TR0197,2026-06-22T21:31:15,"121.439175,31.235771",3000,5,秣陵路：双向缓慢，从长安路到民立路严重拥堵，从梅园路到民立路严重拥堵；南北高架路：从共和新路立交桥到天目中路立交桥行驶缓慢；武宁路：从中宁路到中山北路行驶缓慢；沪太路：恒丰北路立交桥附近自北向南行驶缓慢；潮州路：自西向东缓慢，反向畅通；天目西路：外贸锦程大厦附近自西向东行驶缓慢；镇宁路：自北向南缓慢，从华山路到延安西路行驶缓慢；西康路：从宜昌路到长寿路行驶缓慢；镇坪路：自南向北缓慢，反向畅通；铜仁路：自南向北缓慢，反向畅通；长安路：从秣陵路到恒丰路行驶缓慢；民立路：从共和路到天目西路行驶缓慢。,2,轻度拥堵,73.40%,3.69%,0.74%,22.17%,东湖路,1,expedite,从长乐路到淮海中路,336,25,-4115,"121.451523,31.2171783;121.45237,31.2168674;121.452766,31.2167416;121.453979,31.2162971;121.455025,31.2159386;121.455544,31.2157516;121.455704,31.2157021;121.455841,31.2156487;121.455894,31.2156124;121.455933,31.2155819;121.455963,31.2155342"
TR0198,2026-06-22T21:31:15,"121.439175,31.235771",3000,5,秣陵路：双向缓慢，从长安路到民立路严重拥堵，从梅园路到民立路严重拥堵；南北高架路：从共和新路立交桥到天目中路立交桥行驶缓慢；武宁路：从中宁路到中山北路行驶缓慢；沪太路：恒丰北路立交桥附近自北向南行驶缓慢；潮州路：自西向东缓慢，反向畅通；天目西路：外贸锦程大厦附近自西向东行驶缓慢；镇宁路：自北向南缓慢，从华山路到延安西路行驶缓慢；西康路：从宜昌路到长寿路行驶缓慢；镇坪路：自南向北缓慢，反向畅通；铜仁路：自南向北缓慢，反向畅通；长安路：从秣陵路到恒丰路行驶缓慢；民立路：从共和路到天目西路行驶缓慢。,2,轻度拥堵,73.40%,3.69%,0.74%,22.17%,南昌路,1,expedite,从襄阳南路到重庆南路,21,25,4085,"121.457024,31.2142048;121.457901,31.2144661;121.45813,31.2145329;121.458809,31.2147732;121.45929,31.2149372;121.459679,31.215107;121.459801,31.2151508;121.459961,31.2152309;121.460388,31.2154045;121.460999,31.2156353;121.461266,31.215765;121.461349,31.2158184;121.461586,31.215992;121.461761,31.2161732;121.461899,31.2163239;121.462364,31.2167683;121.462517,31.2169113;121.462578,31.2169876;121.462631,31.2170258;121.4627,31.2170658;121.462845,31.2171326;121.463264,31.2173119;121.463928,31.2175331;121.464127,31.2175903;121.464264,31.217617;121.464539,31.2176628;121.465111,31.2177696;121.465233,31.2178097;121.465797,31.2179871;121.466225,31.2181339;121.466347,31.2181683;121.466942,31.218399;121.467148,31.2184849;121.468567,31.2190971;121.469185,31.2193165;121.469276,31.2193413;121.46933,31.2193508;121.469421,31.2193546;121.469749,31.2193508;121.470398,31.2193604;121.470505,31.2193642;121.470581,31.2193642;121.470612,31.2193604;121.470665,31.219347;121.470703,31.2193241;121.470741,31.2192974;121.470764,31.2192669;121.470795,31.219223;121.470802,31.219183;121.470825,31.2190971;121.470848,31.21908;121.470856,31.2190666;121.470901,31.2190437;121.470955,31.219017;121.471024,31.2189903;121.471092,31.218977;121.47113,31.2189732;121.471397,31.2189598;121.471451,31.2189598;121.471588,31.2189999"
TR0199,2026-06-22T21:31:15,"121.439175,31.235771",3000,5,秣陵路：双向缓慢，从长安路到民立路严重拥堵，从梅园路到民立路严重拥堵；南北高架路：从共和新路立交桥到天目中路立交桥行驶缓慢；武宁路：从中宁路到中山北路行驶缓慢；沪太路：恒丰北路立交桥附近自北向南行驶缓慢；潮州路：自西向东缓慢，反向畅通；天目西路：外贸锦程大厦附近自西向东行驶缓慢；镇宁路：自北向南缓慢，从华山路到延安西路行驶缓慢；西康路：从宜昌路到长寿路行驶缓慢；镇坪路：自南向北缓慢，反向畅通；铜仁路：自南向北缓慢，反向畅通；长安路：从秣陵路到恒丰路行驶缓慢；民立路：从共和路到天目西路行驶缓慢。,2,轻度拥堵,73.40%,3.69%,0.74%,22.17%,南昌路,1,expedite,从重庆南路到襄阳南路,200,25,-4075,"121.459282,31.2149639;121.458801,31.2147999;121.45813,31.2145596;121.457886,31.2144928;121.457016,31.2142315"
TR0200,2026-06-22T21:31:15,"121.439175,31.235771",3000,5,秣陵路：双向缓慢，从长安路到民立路严重拥堵，从梅园路到民立路严重拥堵；南北高架路：从共和新路立交桥到天目中路立交桥行驶缓慢；武宁路：从中宁路到中山北路行驶缓慢；沪太路：恒丰北路立交桥附近自北向南行驶缓慢；潮州路：自西向东缓慢，反向畅通；天目西路：外贸锦程大厦附近自西向东行驶缓慢；镇宁路：自北向南缓慢，从华山路到延安西路行驶缓慢；西康路：从宜昌路到长寿路行驶缓慢；镇坪路：自南向北缓慢，反向畅通；铜仁路：自南向北缓慢，反向畅通；长安路：从秣陵路到恒丰路行驶缓慢；民立路：从共和路到天目西路行驶缓慢。,2,轻度拥堵,73.40%,3.69%,0.74%,22.17%,茂名南路,1,expedite,从永嘉路到延安中路,99,30,2510,"121.463531,31.210947;121.463417,31.2112083;121.463219,31.2116451;121.463181,31.2117386;121.462967,31.2124748;121.462868,31.212822;121.462753,31.2130985;121.462723,31.213232;121.462456,31.2140141;121.462021,31.2153816;121.461777,31.2161732;121.461555,31.2169151;121.461296,31.2177105;121.461273,31.217783;121.461067,31.218338;121.460587,31.2197285;121.460381,31.2202663;121.460304,31.2205296;121.460251,31.2207298;121.460327,31.2216969;121.460327,31.2218037;121.460411,31.2228127;121.460442,31.2229519;121.460518,31.2230759;121.460785,31.2236404;121.460838,31.223835;121.460846,31.2239342;121.460854,31.224062"
TR0201,2026-06-22T21:31:15,"121.439175,31.235771",3000,5,秣陵路：双向缓慢，从长安路到民立路严重拥堵，从梅园路到民立路严重拥堵；南北高架路：从共和新路立交桥到天目中路立交桥行驶缓慢；武宁路：从中宁路到中山北路行驶缓慢；沪太路：恒丰北路立交桥附近自北向南行驶缓慢；潮州路：自西向东缓慢，反向畅通；天目西路：外贸锦程大厦附近自西向东行驶缓慢；镇宁路：自北向南缓慢，从华山路到延安西路行驶缓慢；西康路：从宜昌路到长寿路行驶缓慢；镇坪路：自南向北缓慢，反向畅通；铜仁路：自南向北缓慢，反向畅通；长安路：从秣陵路到恒丰路行驶缓慢；民立路：从共和路到天目西路行驶缓慢。,2,轻度拥堵,73.40%,3.69%,0.74%,22.17%,茂名南路,1,expedite,从延安中路到永嘉路,279,25,"-2510,-2508","121.460815,31.224062;121.460808,31.223938;121.4608,31.2238407;121.460747,31.2236481;121.46048,31.2230892;121.460419,31.2229595;121.460373,31.2228184;121.460304,31.2218037;121.460304,31.2216969;121.460213,31.2207298;121.460266,31.22052;121.460358,31.2202587;121.460548,31.2197208;121.461037,31.2183285;121.461243,31.2177734;121.461273,31.2177029;121.461517,31.2169075;121.461739,31.2161694;121.46199,31.215374;121.462418,31.2140083;121.462685,31.2132263;121.46273,31.213089;121.462845,31.2128124;121.462944,31.212471;121.463158,31.211729;121.463188,31.2116356;121.463379,31.211195;121.463501,31.2109375"
TR0202,2026-06-22T21:31:15,"121.439175,31.235771",3000,5,秣陵路：双向缓慢，从长安路到民立路严重拥堵，从梅园路到民立路严重拥堵；南北高架路：从共和新路立交桥到天目中路立交桥行驶缓慢；武宁路：从中宁路到中山北路行驶缓慢；沪太路：恒丰北路立交桥附近自北向南行驶缓慢；潮州路：自西向东缓慢，反向畅通；天目西路：外贸锦程大厦附近自西向东行驶缓慢；镇宁路：自北向南缓慢，从华山路到延安西路行驶缓慢；西康路：从宜昌路到长寿路行驶缓慢；镇坪路：自南向北缓慢，反向畅通；铜仁路：自南向北缓慢，反向畅通；长安路：从秣陵路到恒丰路行驶缓慢；民立路：从共和路到天目西路行驶缓慢。,2,轻度拥堵,73.40%,3.69%,0.74%,22.17%,襄阳北路,1,expedite,从巨鹿路到淮海中路,292,25,-4104,"121.454086,31.2210445;121.454643,31.219862;121.454788,31.2195244;121.454971,31.2191868"
TR0203,2026-06-22T21:31:15,"121.439175,31.235771",3000,5,秣陵路：双向缓慢，从长安路到民立路严重拥堵，从梅园路到民立路严重拥堵；南北高架路：从共和新路立交桥到天目中路立交桥行驶缓慢；武宁路：从中宁路到中山北路行驶缓慢；沪太路：恒丰北路立交桥附近自北向南行驶缓慢；潮州路：自西向东缓慢，反向畅通；天目西路：外贸锦程大厦附近自西向东行驶缓慢；镇宁路：自北向南缓慢，从华山路到延安西路行驶缓慢；西康路：从宜昌路到长寿路行驶缓慢；镇坪路：自南向北缓慢，反向畅通；铜仁路：自南向北缓慢，反向畅通；长安路：从秣陵路到恒丰路行驶缓慢；民立路：从共和路到天目西路行驶缓慢。,2,轻度拥堵,73.40%,3.69%,0.74%,22.17%,长乐路,1,expedite,从华山路到重庆中路,17,25,4188,"121.439468,31.2144661;121.439896,31.2145386;121.44075,31.2147102;121.442116,31.2149906;121.443375,31.2152443;121.444008,31.2153873;121.444504,31.2154884;121.444679,31.2155018;121.444962,31.2155514;121.445557,31.2156219;121.445709,31.2156353;121.44619,31.2156754;121.446564,31.2157288;121.446968,31.2158051;121.448036,31.216013;121.448181,31.2160492;121.448837,31.2162361;121.449547,31.2164574;121.450882,31.2169285;121.451538,31.217165;121.452179,31.2174187;121.452316,31.2174797;121.453651,31.2183247;121.454987,31.219183;121.455261,31.219347;121.455742,31.2196541;121.455856,31.2197151;121.455933,31.2197418;121.455963,31.2197514;121.456818,31.2199459;121.457565,31.2201252;121.457687,31.2201729;121.457939,31.2202187;121.458275,31.2202969;121.459946,31.2206402;121.460228,31.2207165;121.460442,31.2207413;121.46138,31.2209206;121.461815,31.2210007;121.461922,31.2210274;121.462418,31.2211342;121.462914,31.2212257;121.463432,31.2212982;121.464355,31.221386;121.464981,31.2214489;121.465485,31.2215061;121.465874,31.2215462;121.466293,31.2216091;121.466682,31.2216835;121.467621,31.2219067;121.469421,31.2222881;121.469902,31.2223949;121.470024,31.2224846;121.4701,31.2225513;121.470291,31.2228451;121.470428,31.2229996;121.470451,31.2230263"
TR0204,2026-06-22T21:31:15,"121.439175,31.235771",3000,5,秣陵路：双向缓慢，从长安路到民立路严重拥堵，从梅园路到民立路严重拥堵；南北高架路：从共和新路立交桥到天目中路立交桥行驶缓慢；武宁路：从中宁路到中山北路行驶缓慢；沪太路：恒丰北路立交桥附近自北向南行驶缓慢；潮州路：自西向东缓慢，反向畅通；天目西路：外贸锦程大厦附近自西向东行驶缓慢；镇宁路：自北向南缓慢，从华山路到延安西路行驶缓慢；西康路：从宜昌路到长寿路行驶缓慢；镇坪路：自南向北缓慢，反向畅通；铜仁路：自南向北缓慢，反向畅通；长安路：从秣陵路到恒丰路行驶缓慢；民立路：从共和路到天目西路行驶缓慢。,2,轻度拥堵,73.40%,3.69%,0.74%,22.17%,长乐路,1,expedite,从重庆中路到华山路,197,25,-4185,"121.470436,31.2230453;121.470398,31.2230186;121.470268,31.2228622;121.47007,31.2225685;121.470009,31.2225075;121.469887,31.2224216;121.469421,31.2223148;121.467606,31.2219334;121.466667,31.2217159;121.466293,31.2216396;121.465866,31.2215786;121.465477,31.2215328;121.464966,31.2214756;121.464348,31.2214184;121.463432,31.2213249;121.462906,31.2212582;121.462418,31.2211609;121.461922,31.2210541;121.461807,31.2210312;121.461372,31.2209473;121.460434,31.220768;121.460228,31.2207413;121.459938,31.2206936;121.45826,31.2203503;121.457916,31.2202721;121.45768,31.2201996;121.457558,31.2201557;121.456818,31.2199726;121.455948,31.2197781;121.45591,31.2197685;121.455841,31.219738;121.455727,31.2196751;121.455238,31.2193737;121.454971,31.2192039;121.453636,31.2183514;121.452301,31.2175064;121.452171,31.2174454;121.451523,31.2171917;121.450859,31.2169552;121.449539,31.2164841;121.448814,31.2162628;121.448181,31.2160797;121.448029,31.2160397;121.446968,31.2158318;121.446548,31.2157555;121.44619,31.2157059;121.445694,31.2156658;121.445549,31.2156487;121.444962,31.2155781;121.444664,31.2155342;121.444496,31.2155209;121.444,31.215414;121.443367,31.2152748;121.442116,31.215023;121.440735,31.2147369;121.439896,31.2145691;121.439461,31.2144985"
TR0205,2026-06-22T21:31:15,"121.439175,31.235771",3000,5,秣陵路：双向缓慢，从长安路到民立路严重拥堵，从梅园路到民立路严重拥堵；南北高架路：从共和新路立交桥到天目中路立交桥行驶缓慢；武宁路：从中宁路到中山北路行驶缓慢；沪太路：恒丰北路立交桥附近自北向南行驶缓慢；潮州路：自西向东缓慢，反向畅通；天目西路：外贸锦程大厦附近自西向东行驶缓慢；镇宁路：自北向南缓慢，从华山路到延安西路行驶缓慢；西康路：从宜昌路到长寿路行驶缓慢；镇坪路：自南向北缓慢，反向畅通；铜仁路：自南向北缓慢，反向畅通；长安路：从秣陵路到恒丰路行驶缓慢；民立路：从共和路到天目西路行驶缓慢。,2,轻度拥堵,73.40%,3.69%,0.74%,22.17%,富民路,1,expedite,从东湖路到延安中路,115,25,4214,"121.452393,31.2168808;121.452278,31.2171059;121.452202,31.2173023;121.452194,31.2174358;121.451416,31.2187557;121.450806,31.2197609;121.450745,31.2198849;121.450699,31.2200089;121.450623,31.2201653;121.450264,31.220808;121.450096,31.2210941;121.449905,31.221426;121.449753,31.2216759;121.449669,31.2217102"
TR0206,2026-06-22T21:31:15,"121.439175,31.235771",3000,5,秣陵路：双向缓慢，从长安路到民立路严重拥堵，从梅园路到民立路严重拥堵；南北高架路：从共和新路立交桥到天目中路立交桥行驶缓慢；武宁路：从中宁路到中山北路行驶缓慢；沪太路：恒丰北路立交桥附近自北向南行驶缓慢；潮州路：自西向东缓慢，反向畅通；天目西路：外贸锦程大厦附近自西向东行驶缓慢；镇宁路：自北向南缓慢，从华山路到延安西路行驶缓慢；西康路：从宜昌路到长寿路行驶缓慢；镇坪路：自南向北缓慢，反向畅通；铜仁路：自南向北缓慢，反向畅通；长安路：从秣陵路到恒丰路行驶缓慢；民立路：从共和路到天目西路行驶缓慢。,2,轻度拥堵,73.40%,3.69%,0.74%,22.17%,富民路,1,expedite,从延安中路到东湖路,297,25,-4213,"121.4496,31.2216835;121.449722,31.2216587;121.449837,31.2214622;121.449867,31.2214127;121.450066,31.2210808;121.450241,31.2207947;121.450592,31.2201557;121.450668,31.2199993;121.450722,31.2198753;121.450775,31.2197514;121.451378,31.2187462;121.452164,31.2174263"
TR0207,2026-06-22T21:31:15,"121.439175,31.235771",3000,5,秣陵路：双向缓慢，从长安路到民立路严重拥堵，从梅园路到民立路严重拥堵；南北高架路：从共和新路立交桥到天目中路立交桥行驶缓慢；武宁路：从中宁路到中山北路行驶缓慢；沪太路：恒丰北路立交桥附近自北向南行驶缓慢；潮州路：自西向东缓慢，反向畅通；天目西路：外贸锦程大厦附近自西向东行驶缓慢；镇宁路：自北向南缓慢，从华山路到延安西路行驶缓慢；西康路：从宜昌路到长寿路行驶缓慢；镇坪路：自南向北缓慢，反向畅通；铜仁路：自南向北缓慢，反向畅通；长安路：从秣陵路到恒丰路行驶缓慢；民立路：从共和路到天目西路行驶缓慢。,2,轻度拥堵,73.40%,3.69%,0.74%,22.17%,巨鹿路,1,expedite,从常熟路到重庆中路,17,25,4210,"121.447166,31.2178707;121.448257,31.2184048;121.449448,31.2189732;121.449547,31.2190266;121.449623,31.21908;121.450531,31.2197247;121.450745,31.2198715;121.45079,31.2199154;121.450844,31.2199554;121.450897,31.2199917;121.45121,31.2201328;121.451797,31.220377;121.452499,31.2206497;121.452583,31.2206802;121.453079,31.220808;121.453423,31.2209072;121.453972,31.221014;121.454117,31.221035;121.454384,31.2211018;121.454704,31.2211647;121.455132,31.2212753;121.455788,31.2214622;121.456085,31.2215824;121.456749,31.2218628;121.456909,31.2219028;121.45742,31.2220974;121.458107,31.2223644;121.458504,31.2225208;121.458611,31.2225552;121.458969,31.2226391;121.460434,31.2229424;121.46096,31.2230396;121.461197,31.223093;121.461334,31.2231064;121.461403,31.2231026;121.461494,31.2230892;121.461617,31.2230453;121.462082,31.2228584;121.462257,31.222805;121.462418,31.2227993;121.462631,31.2228088;121.463181,31.2228451;121.465958,31.2229385;121.466141,31.2229462;121.466278,31.2229652;121.4664,31.2229919;121.466652,31.2230492;121.467468,31.2232761;121.468216,31.2234707;121.469276,31.2237339;121.469597,31.2238216"
TR0208,2026-06-22T21:31:15,"121.439175,31.235771",3000,5,秣陵路：双向缓慢，从长安路到民立路严重拥堵，从梅园路到民立路严重拥堵；南北高架路：从共和新路立交桥到天目中路立交桥行驶缓慢；武宁路：从中宁路到中山北路行驶缓慢；沪太路：恒丰北路立交桥附近自北向南行驶缓慢；潮州路：自西向东缓慢，反向畅通；天目西路：外贸锦程大厦附近自西向东行驶缓慢；镇宁路：自北向南缓慢，从华山路到延安西路行驶缓慢；西康路：从宜昌路到长寿路行驶缓慢；镇坪路：自南向北缓慢，反向畅通；铜仁路：自南向北缓慢，反向畅通；长安路：从秣陵路到恒丰路行驶缓慢；民立路：从共和路到天目西路行驶缓慢。,2,轻度拥堵,73.40%,3.69%,0.74%,22.17%,巨鹿路,1,expedite,从重庆中路到常熟路,193,25,-4207,"121.469582,31.2238541;121.469261,31.2237606;121.468201,31.2234974;121.467445,31.2233067;121.466652,31.2230759;121.4664,31.2230186;121.46627,31.2229958;121.466133,31.2229729;121.465958,31.2229652;121.463173,31.2228756;121.462624,31.2228355;121.462418,31.222826;121.462265,31.2228317;121.462166,31.2228622;121.46209,31.2228851;121.461624,31.2230721;121.461502,31.2231197;121.461411,31.2231331;121.461334,31.2231369;121.461189,31.2231197;121.46096,31.2230721;121.460426,31.2229691;121.458969,31.2226715;121.458595,31.2225819;121.458488,31.2225475;121.458099,31.2223911;121.457413,31.2221203;121.456886,31.2219296;121.456741,31.2218895;121.45607,31.2216091;121.455772,31.221489;121.455116,31.221302;121.454681,31.2211914;121.454376,31.2211285;121.454102,31.2210617;121.453964,31.2210407;121.453423,31.2209339;121.453064,31.2208347;121.452576,31.2207069;121.452492,31.2206764;121.45179,31.2204037;121.451202,31.2201595;121.450882,31.2200127;121.450829,31.2199783;121.450775,31.2199383;121.450722,31.2198887"
TR0209,2026-06-22T21:31:15,"121.439175,31.235771",3000,5,秣陵路：双向缓慢，从长安路到民立路严重拥堵，从梅园路到民立路严重拥堵；南北高架路：从共和新路立交桥到天目中路立交桥行驶缓慢；武宁路：从中宁路到中山北路行驶缓慢；沪太路：恒丰北路立交桥附近自北向南行驶缓慢；潮州路：自西向东缓慢，反向畅通；天目西路：外贸锦程大厦附近自西向东行驶缓慢；镇宁路：自北向南缓慢，从华山路到延安西路行驶缓慢；西康路：从宜昌路到长寿路行驶缓慢；镇坪路：自南向北缓慢，反向畅通；铜仁路：自南向北缓慢，反向畅通；长安路：从秣陵路到恒丰路行驶缓慢；民立路：从共和路到天目西路行驶缓慢。,2,轻度拥堵,73.40%,3.69%,0.74%,22.17%,武胜路,1,expedite,从重庆北路到黄陂北路,357,25,4028,"121.469528,31.227663;121.470985,31.2276039;121.47168,31.2275734;121.471931,31.2275734;121.472176,31.22756"
TR0210,2026-06-22T21:31:15,"121.439175,31.235771",3000,5,秣陵路：双向缓慢，从长安路到民立路严重拥堵，从梅园路到民立路严重拥堵；南北高架路：从共和新路立交桥到天目中路立交桥行驶缓慢；武宁路：从中宁路到中山北路行驶缓慢；沪太路：恒丰北路立交桥附近自北向南行驶缓慢；潮州路：自西向东缓慢，反向畅通；天目西路：外贸锦程大厦附近自西向东行驶缓慢；镇宁路：自北向南缓慢，从华山路到延安西路行驶缓慢；西康路：从宜昌路到长寿路行驶缓慢；镇坪路：自南向北缓慢，反向畅通；铜仁路：自南向北缓慢，反向畅通；长安路：从秣陵路到恒丰路行驶缓慢；民立路：从共和路到天目西路行驶缓慢。,2,轻度拥堵,73.40%,3.69%,0.74%,22.17%,武胜路,1,expedite,从西藏中路到重庆北路,201,30,"-4028,-4023","121.477188,31.2302437;121.477188,31.2298527;121.477165,31.2295609;121.477135,31.2294846;121.477081,31.2292347;121.477066,31.2291641;121.477028,31.229084;121.476837,31.2287598;121.476631,31.2284718;121.476448,31.2282276;121.476288,31.228035;121.476151,31.2278938;121.475945,31.227747;121.475731,31.2276268;121.475426,31.2274895;121.475281,31.2274303;121.475143,31.2273827;121.474899,31.2272968;121.474739,31.227272;121.474564,31.2272491;121.47451,31.2272453;121.474319,31.2272453;121.474091,31.2272587;121.473763,31.2272854;121.473633,31.2272968;121.473297,31.2273426;121.473145,31.2273693;121.472664,31.227457;121.472229,31.2275696;121.472183,31.2275906;121.472054,31.2275963;121.471931,31.2276039;121.47168,31.2276001;121.470985,31.2276306;121.469528,31.2276897"
TR0211,2026-06-22T21:31:15,"121.439175,31.235771",3000,5,秣陵路：双向缓慢，从长安路到民立路严重拥堵，从梅园路到民立路严重拥堵；南北高架路：从共和新路立交桥到天目中路立交桥行驶缓慢；武宁路：从中宁路到中山北路行驶缓慢；沪太路：恒丰北路立交桥附近自北向南行驶缓慢；潮州路：自西向东缓慢，反向畅通；天目西路：外贸锦程大厦附近自西向东行驶缓慢；镇宁路：自北向南缓慢，从华山路到延安西路行驶缓慢；西康路：从宜昌路到长寿路行驶缓慢；镇坪路：自南向北缓慢，反向畅通；铜仁路：自南向北缓慢，反向畅通；长安路：从秣陵路到恒丰路行驶缓慢；民立路：从共和路到天目西路行驶缓慢。,2,轻度拥堵,73.40%,3.69%,0.74%,22.17%,威海路,1,expedite,从延安中路到重庆北路,16,25,"3996,4006,4007","121.454666,31.2238884;121.455101,31.2242756;121.455505,31.2246227;121.455879,31.2249165;121.456245,31.2251644;121.456444,31.2252846;121.456993,31.2255993;121.457787,31.2260571;121.457993,31.2261772;121.458069,31.2262173;121.458168,31.2262497;121.459381,31.2265415;121.459938,31.2266712;121.460518,31.2267818;121.460922,31.226862;121.46106,31.2268791;121.461357,31.226902;121.46154,31.2269115;121.462257,31.2269058;121.462578,31.2268982;121.46283,31.226902;121.463127,31.2269192;121.463234,31.2269382;121.463364,31.2269592;121.464943,31.2273693;121.465118,31.2273865;121.46595,31.2274494;121.46608,31.2274532;121.466255,31.2274704;121.466995,31.22752;121.467377,31.2275562;121.468269,31.2276306;121.469131,31.2276669;121.469528,31.227663"
TR0212,2026-06-22T21:31:15,"121.439175,31.235771",3000,5,秣陵路：双向缓慢，从长安路到民立路严重拥堵，从梅园路到民立路严重拥堵；南北高架路：从共和新路立交桥到天目中路立交桥行驶缓慢；武宁路：从中宁路到中山北路行驶缓慢；沪太路：恒丰北路立交桥附近自北向南行驶缓慢；潮州路：自西向东缓慢，反向畅通；天目西路：外贸锦程大厦附近自西向东行驶缓慢；镇宁路：自北向南缓慢，从华山路到延安西路行驶缓慢；西康路：从宜昌路到长寿路行驶缓慢；镇坪路：自南向北缓慢，反向畅通；铜仁路：自南向北缓慢，反向畅通；长安路：从秣陵路到恒丰路行驶缓慢；民立路：从共和路到天目西路行驶缓慢。,2,轻度拥堵,73.40%,3.69%,0.74%,22.17%,威海路,1,expedite,从黄陂北路到延安中路,198,25,"-4968,-4007,-4006,-3996","121.471291,31.2285728;121.471214,31.2285328;121.470963,31.228405;121.470398,31.2280712;121.470062,31.2278614;121.470016,31.2278404;121.469955,31.2278175;121.469528,31.2276764;121.469528,31.2276897;121.469131,31.2276974;121.468269,31.227663;121.467422,31.2275867;121.467056,31.2275562;121.466255,31.2274971;121.466072,31.2274799;121.465935,31.2274761;121.465118,31.2274132;121.464928,31.227396;121.463341,31.2269859;121.463234,31.226965;121.46312,31.2269459;121.46283,31.2269287;121.462578,31.2269249;121.462257,31.2269325;121.461533,31.2269421;121.461349,31.2269325;121.461052,31.2269058;121.460915,31.2268887;121.46051,31.2268143;121.45993,31.2266979;121.459366,31.2265682;121.458168,31.2262764;121.458061,31.226244;121.45797,31.2262001;121.457771,31.2260838;121.456978,31.225626;121.456429,31.2253113;121.45623,31.2251873;121.455856,31.2249374;121.455467,31.2246437;121.455162,31.2243729;121.454651,31.2239075"
TR0213,2026-06-22T21:31:15,"121.439175,31.235771",3000,5,秣陵路：双向缓慢，从长安路到民立路严重拥堵，从梅园路到民立路严重拥堵；南北高架路：从共和新路立交桥到天目中路立交桥行驶缓慢；武宁路：从中宁路到中山北路行驶缓慢；沪太路：恒丰北路立交桥附近自北向南行驶缓慢；潮州路：自西向东缓慢，反向畅通；天目西路：外贸锦程大厦附近自西向东行驶缓慢；镇宁路：自北向南缓慢，从华山路到延安西路行驶缓慢；西康路：从宜昌路到长寿路行驶缓慢；镇坪路：自南向北缓慢，反向畅通；铜仁路：自南向北缓慢，反向畅通；长安路：从秣陵路到恒丰路行驶缓慢；民立路：从共和路到天目西路行驶缓慢。,2,轻度拥堵,73.40%,3.69%,0.74%,22.17%,南京西路,1,expedite,从延安西路到黄陂北路,25,25,"437,435,428,426","121.440605,31.2190971;121.440536,31.2193737;121.440536,31.2193604;121.440643,31.2195644;121.440697,31.2196312;121.440727,31.2196674;121.442154,31.2209339;121.442474,31.2212181;121.442924,31.2214127;121.443306,31.2215958;121.443802,31.2218266;121.443947,31.2219028;121.444229,31.2220669;121.445015,31.2225285;121.445152,31.2226048;121.445244,31.2226448;121.446899,31.2234306;121.447304,31.2236176;121.447495,31.2237206;121.447578,31.223774;121.447662,31.2238407;121.447769,31.2239151;121.447861,31.2240143;121.448051,31.2241859;121.448265,31.2243824;121.448326,31.2244186;121.44841,31.2244625;121.448807,31.2246494;121.44928,31.2248669;121.449478,31.224947;121.449654,31.225008;121.449974,31.2251339;121.450188,31.2252045;121.450363,31.2252712;121.450699,31.2254181;121.45166,31.2259026;121.452454,31.2263603;121.452705,31.2265205;121.453041,31.2267742;121.453278,31.2269058;121.453476,31.2269993;121.453583,31.2270355;121.45385,31.2271118;121.453995,31.2271385;121.45414,31.2271595;121.454254,31.2271729;121.454674,31.2272491;121.455055,31.2273026;121.455475,31.2274837;121.455734,31.2276096;121.455933,31.2277241;121.455994,31.2277603;121.456497,31.2281113;121.456604,31.2282047;121.457253,31.2285919;121.457458,31.2287102;121.457672,31.2288227;121.458168,31.2291164;121.458473,31.2293339;121.458633,31.2295151;121.458969,31.2298794;121.459114,31.2300053;121.459282,31.2301064;121.459442,31.2301331;121.459518,31.2301559;121.459908,31.2303104;121.460426,31.2305107;121.460747,31.2306347;121.460869,31.2306747;121.460953,31.2306976;121.461189,31.2307739;121.461441,31.2308311;121.461761,31.2309017;121.462097,31.2309647;121.462418,31.2309742;121.463203,31.2309647;121.463646,31.2309647;121.463821,31.2309551;121.46402,31.2309284;121.464531,31.230854;121.464691,31.230835;121.464981,31.2308178;121.465332,31.2308044;121.465714,31.2308006;121.466095,31.230835;121.466309,31.2308578;121.466492,31.2308712;121.466843,31.2308807;121.466972,31.2308807;121.467094,31.2308617;121.467949,31.2308712;121.468521,31.2308979;121.469635,31.2309875;121.469841,31.2310047;121.469994,31.2310314;121.470078,31.2310524;121.470161,31.2310791"
TR0214,2026-06-22T21:31:15,"121.439175,31.235771",3000,5,秣陵路：双向缓慢，从长安路到民立路严重拥堵，从梅园路到民立路严重拥堵；南北高架路：从共和新路立交桥到天目中路立交桥行驶缓慢；武宁路：从中宁路到中山北路行驶缓慢；沪太路：恒丰北路立交桥附近自北向南行驶缓慢；潮州路：自西向东缓慢，反向畅通；天目西路：外贸锦程大厦附近自西向东行驶缓慢；镇宁路：自北向南缓慢，从华山路到延安西路行驶缓慢；西康路：从宜昌路到长寿路行驶缓慢；镇坪路：自南向北缓慢，反向畅通；铜仁路：自南向北缓慢，反向畅通；长安路：从秣陵路到恒丰路行驶缓慢；民立路：从共和路到天目西路行驶缓慢。,2,轻度拥堵,73.40%,3.69%,0.74%,22.17%,南京西路,1,expedite,从西藏中路到延安西路,208,30,"-3808,-426,-428,-435,-437","121.47438,31.2346764;121.474083,31.2345695;121.473564,31.2344437;121.473228,31.234333;121.473015,31.2342453;121.472855,31.234169;121.472694,31.2340755;121.472588,31.2340088;121.47245,31.2339115;121.472374,31.2338486;121.47226,31.2337475;121.472054,31.233551;121.471909,31.2334442;121.471741,31.2332897;121.471558,31.2331161;121.471428,31.2329903;121.471313,31.2328491;121.471176,31.232666;121.471077,31.232542;121.471046,31.2324982;121.47094,31.2322674;121.470795,31.2318573;121.470581,31.2314396;121.470543,31.2313919;121.47049,31.2313423;121.470352,31.2312393;121.470131,31.2311287;121.470009,31.2310982;121.469917,31.2310791;121.469688,31.2310486;121.46946,31.2310352;121.468941,31.2309914;121.468658,31.2309685;121.468246,31.230938;121.467979,31.2309246;121.467255,31.2309151;121.467087,31.2309151;121.466843,31.2308941;121.466843,31.2309074;121.466492,31.2309017;121.466309,31.2308884;121.466087,31.2308617;121.465706,31.2308311;121.465332,31.2308311;121.464989,31.2308445;121.464691,31.2308674;121.464539,31.2308807;121.464027,31.2309551;121.463821,31.2309875;121.463646,31.2309952;121.463203,31.2309952;121.462418,31.2310047;121.46209,31.2309914;121.461754,31.2309284;121.461433,31.2308617;121.461182,31.2308006;121.460945,31.2307243;121.460854,31.2307014;121.460732,31.2306614;121.460411,31.2305374;121.459892,31.2303371;121.459503,31.2301826;121.459435,31.2301598;121.459274,31.2301331;121.459091,31.2300262;121.458954,31.2298985;121.458603,31.2295284;121.458443,31.229351;121.458153,31.2291374;121.457657,31.2288437;121.457443,31.2287331;121.45723,31.2286186;121.456589,31.2282276;121.456482,31.2281342;121.455963,31.2277813;121.45591,31.227747;121.455719,31.2276363;121.45546,31.2275066;121.45504,31.2273331;121.454666,31.2272797;121.454254,31.2272053;121.454132,31.2271862;121.453995,31.227169;121.45385,31.2271385;121.453568,31.2270622;121.453468,31.227026;121.453262,31.2269325;121.452637,31.2265873;121.452408,31.2264309;121.45195,31.22616;121.451591,31.2259598;121.450668,31.2254925;121.450348,31.2252979;121.45018,31.2252312;121.449959,31.2251606;121.449638,31.2250347;121.449455,31.2249737;121.449265,31.2248936;121.448799,31.2246761;121.448395,31.2244854;121.448311,31.2244453;121.44825,31.2243996;121.448036,31.2242088;121.447823,31.2240353;121.447731,31.223938;121.447647,31.2238617;121.447556,31.2237949;121.447479,31.2237415;121.447289,31.2236404;121.446877,31.2234535;121.445229,31.2226715;121.445137,31.2226315;121.444992,31.2225552;121.444214,31.2220936;121.443932,31.2219296;121.443787,31.2218494;121.443291,31.2216187;121.442917,31.2214355;121.442451,31.2212391;121.440704,31.2196846;121.440666,31.2196484;121.44062,31.2195778;121.440598,31.2195473;121.440506,31.219368;121.440567,31.2190933"
TR0215,2026-06-22T21:31:15,"121.439175,31.235771",3000,5,秣陵路：双向缓慢，从长安路到民立路严重拥堵，从梅园路到民立路严重拥堵；南北高架路：从共和新路立交桥到天目中路立交桥行驶缓慢；武宁路：从中宁路到中山北路行驶缓慢；沪太路：恒丰北路立交桥附近自北向南行驶缓慢；潮州路：自西向东缓慢，反向畅通；天目西路：外贸锦程大厦附近自西向东行驶缓慢；镇宁路：自北向南缓慢，从华山路到延安西路行驶缓慢；西康路：从宜昌路到长寿路行驶缓慢；镇坪路：自南向北缓慢，反向畅通；铜仁路：自南向北缓慢，反向畅通；长安路：从秣陵路到恒丰路行驶缓慢；民立路：从共和路到天目西路行驶缓慢。,2,轻度拥堵,73.40%,3.69%,0.74%,22.17%,新闸路,1,expedite,从万航渡路到西藏中路,23,30,"3393,3394,3402,3405,3413","121.439941,31.2254982;121.440002,31.2255993;121.440125,31.2257652;121.440247,31.2258625;121.440323,31.225893;121.440392,31.2259293;121.440536,31.2259903;121.440681,31.2260399;121.441208,31.2262363;121.441315,31.226284;121.441406,31.2263374;121.441528,31.226408;121.44165,31.2264938;121.44178,31.2265873;121.441902,31.2267075;121.442368,31.2271252;121.442429,31.2271919;121.4431,31.2277908;121.443184,31.2278576;121.44326,31.2279015;121.44339,31.227951;121.444984,31.2286663;121.446281,31.229248;121.446404,31.2293072;121.446564,31.2293911;121.446617,31.229414;121.446625,31.2294178;121.44677,31.2295208;121.447678,31.2300987;121.448692,31.230751;121.448837,31.2308311;121.449104,31.2309475;121.449669,31.2311726;121.449913,31.2312622;121.450363,31.2314587;121.451599,31.2320442;121.451866,31.2321606;121.452019,31.2322083;121.453186,31.2325153;121.45369,31.2326851;121.45578,31.2331905;121.456886,31.2334347;121.457397,31.2335339;121.457611,31.2335949;121.457687,31.2336407;121.458282,31.2340221;121.459114,31.2345066;121.459343,31.2346439;121.459503,31.2347507;121.459595,31.234827;121.459679,31.2349072;121.45977,31.235014;121.45993,31.2352753;121.460121,31.2355518;121.460167,31.2356663;121.460197,31.2357025;121.460251,31.2358532;121.460281,31.2359428;121.460335,31.2360363;121.460388,31.2361164;121.460442,31.2361946;121.460564,31.2363071;121.46067,31.2364006;121.460793,31.2364979;121.460976,31.2366657;121.461143,31.2368393;121.461388,31.2370586;121.461456,31.2371197;121.46151,31.2371502;121.461609,31.237236;121.461723,31.2373199;121.461838,31.2373867;121.461952,31.2374496;121.462029,31.2374802;121.462135,31.2375069;121.462311,31.2375774;121.463074,31.2379646;121.463181,31.2380085;121.464066,31.2382584;121.464409,31.2384129;121.464409,31.2383995;121.465111,31.238512;121.465302,31.2385502;121.46537,31.2385769;121.465431,31.238596;121.465477,31.2386169;121.465584,31.2386703;121.465828,31.2388172;121.466026,31.238924;121.466553,31.2391739;121.466667,31.2392311;121.466713,31.2392578;121.466774,31.2392807;121.466827,31.2392979;121.466949,31.2393246;121.467026,31.2393379;121.46711,31.2393379;121.467194,31.2393284;121.467369,31.239275;121.467896,31.2390575;121.468445,31.2388363;121.469086,31.2386036;121.46949,31.2384892;121.471413,31.2381382;121.472961,31.237875;121.473122,31.237854;121.473259,31.2378139;121.473412,31.2377338"
TR0216,2026-06-22T21:31:15,"121.439175,31.235771",3000,5,秣陵路：双向缓慢，从长安路到民立路严重拥堵，从梅园路到民立路严重拥堵；南北高架路：从共和新路立交桥到天目中路立交桥行驶缓慢；武宁路：从中宁路到中山北路行驶缓慢；沪太路：恒丰北路立交桥附近自北向南行驶缓慢；潮州路：自西向东缓慢，反向畅通；天目西路：外贸锦程大厦附近自西向东行驶缓慢；镇宁路：自北向南缓慢，从华山路到延安西路行驶缓慢；西康路：从宜昌路到长寿路行驶缓慢；镇坪路：自南向北缓慢，反向畅通；铜仁路：自南向北缓慢，反向畅通；长安路：从秣陵路到恒丰路行驶缓慢；民立路：从共和路到天目西路行驶缓慢。,2,轻度拥堵,73.40%,3.69%,0.74%,22.17%,新闸路,1,expedite,从西藏中路到万航渡路,203,30,"-3405,-3402,-3394,-3393","121.473434,31.2377548;121.473282,31.2378407;121.473122,31.2378807;121.472961,31.2379017;121.471428,31.2381649;121.469513,31.2385197;121.469086,31.2386303;121.46846,31.238863;121.467911,31.2390842;121.467377,31.2393017;121.467201,31.2393608;121.46711,31.2393646;121.467026,31.2393646;121.466942,31.2393513;121.466827,31.2393284;121.466759,31.2393074;121.466705,31.2392807;121.466652,31.239254;121.46653,31.2391949;121.466011,31.2389469;121.465813,31.2388401;121.465561,31.2386932;121.465454,31.2386436;121.465416,31.2386227;121.465355,31.2386036;121.465302,31.2385769;121.465103,31.2385368;121.464409,31.2384262;121.464233,31.2383785;121.464035,31.2383327;121.463806,31.2382584;121.463234,31.2380981;121.463165,31.2380753;121.462753,31.2378807;121.462296,31.2376442;121.462128,31.2375336;121.462021,31.2375069;121.461937,31.2374706;121.461769,31.2373829;121.461655,31.2373104;121.461586,31.237257;121.461487,31.2371731;121.461441,31.2371426;121.461372,31.2370796;121.461121,31.2368584;121.460945,31.2366848;121.460762,31.236515;121.46064,31.2364216;121.460533,31.2363281;121.460419,31.2362137;121.460358,31.2361298;121.460304,31.2360497;121.460258,31.2359505;121.46022,31.2358627;121.460167,31.2357121;121.460159,31.2356853;121.460106,31.2356319;121.460091,31.2356186;121.459877,31.235302;121.459717,31.2350407;121.459633,31.2349415;121.459557,31.2348614;121.459465,31.2347908;121.459305,31.234684;121.459076,31.2345505;121.458252,31.234066;121.457565,31.2336311;121.457497,31.2335949;121.45739,31.2335606;121.456879,31.2334671;121.455772,31.2332172;121.453682,31.2327156;121.453171,31.232542;121.452019,31.232235;121.451859,31.2321873;121.451584,31.2320709;121.450348,31.2314854;121.44989,31.2312889;121.449661,31.2311993;121.449081,31.2309685;121.448814,31.2308578;121.448677,31.2307739;121.447662,31.2301235;121.446754,31.2295475;121.446602,31.2294407;121.446548,31.2294178;121.446541,31.2294178;121.446388,31.2293282;121.446266,31.2292747;121.444969,31.2286892;121.443367,31.2279778;121.443245,31.2279282;121.443161,31.2278843;121.443077,31.227808;121.442398,31.2272129;121.442329,31.2271423;121.441887,31.2267246;121.441742,31.2266045;121.441635,31.2265148;121.441513,31.2264309;121.441383,31.2263641;121.441299,31.2263107;121.441193,31.2262573;121.440674,31.2260666;121.440521,31.226017;121.440376,31.225956;121.440231,31.2258854;121.440109,31.2257824;121.439964,31.2256184;121.439911,31.2255116"
TR0217,2026-06-22T21:31:15,"121.439175,31.235771",3000,5,秣陵路：双向缓慢，从长安路到民立路严重拥堵，从梅园路到民立路严重拥堵；南北高架路：从共和新路立交桥到天目中路立交桥行驶缓慢；武宁路：从中宁路到中山北路行驶缓慢；沪太路：恒丰北路立交桥附近自北向南行驶缓慢；潮州路：自西向东缓慢，反向畅通；天目西路：外贸锦程大厦附近自西向东行驶缓慢；镇宁路：自北向南缓慢，从华山路到延安西路行驶缓慢；西康路：从宜昌路到长寿路行驶缓慢；镇坪路：自南向北缓慢，反向畅通；铜仁路：自南向北缓慢，反向畅通；长安路：从秣陵路到恒丰路行驶缓慢；民立路：从共和路到天目西路行驶缓慢。,2,轻度拥堵,73.40%,3.69%,0.74%,22.17%,石门二路,1,expedite,从南京西路到康定东路,110,35,"214,213,212","121.462097,31.230978;121.462082,31.2311382;121.462059,31.231205;121.462029,31.2312889;121.461784,31.231863;121.461349,31.2328625;121.461319,31.232933;121.460892,31.2339153;121.460571,31.2346764;121.460167,31.2356262;121.460167,31.2356663;121.460159,31.2356853;121.459732,31.2364483;121.45945,31.2370052;121.459343,31.2372303;121.458984,31.2380047"
TR0218,2026-06-22T21:31:15,"121.439175,31.235771",3000,5,秣陵路：双向缓慢，从长安路到民立路严重拥堵，从梅园路到民立路严重拥堵；南北高架路：从共和新路立交桥到天目中路立交桥行驶缓慢；武宁路：从中宁路到中山北路行驶缓慢；沪太路：恒丰北路立交桥附近自北向南行驶缓慢；潮州路：自西向东缓慢，反向畅通；天目西路：外贸锦程大厦附近自西向东行驶缓慢；镇宁路：自北向南缓慢，从华山路到延安西路行驶缓慢；西康路：从宜昌路到长寿路行驶缓慢；镇坪路：自南向北缓慢，反向畅通；铜仁路：自南向北缓慢，反向畅通；长安路：从秣陵路到恒丰路行驶缓慢；民立路：从共和路到天目西路行驶缓慢。,2,轻度拥堵,73.40%,3.69%,0.74%,22.17%,石门二路,1,expedite,从康定东路到北京西路,291,30,"-213,-214","121.458923,31.2379608;121.459465,31.2367954;121.459908,31.2359562;121.460121,31.2355785;121.460144,31.2356186;121.460533,31.2346668;121.460854,31.2339058;121.461281,31.2329235;121.461319,31.2328491"
TR0219,2026-06-22T21:31:15,"121.439175,31.235771",3000,5,秣陵路：双向缓慢，从长安路到民立路严重拥堵，从梅园路到民立路严重拥堵；南北高架路：从共和新路立交桥到天目中路立交桥行驶缓慢；武宁路：从中宁路到中山北路行驶缓慢；沪太路：恒丰北路立交桥附近自北向南行驶缓慢；潮州路：自西向东缓慢，反向畅通；天目西路：外贸锦程大厦附近自西向东行驶缓慢；镇宁路：自北向南缓慢，从华山路到延安西路行驶缓慢；西康路：从宜昌路到长寿路行驶缓慢；镇坪路：自南向北缓慢，反向畅通；铜仁路：自南向北缓慢，反向畅通；长安路：从秣陵路到恒丰路行驶缓慢；民立路：从共和路到天目西路行驶缓慢。,2,轻度拥堵,73.40%,3.69%,0.74%,22.17%,康定东路,1,expedite,从泰兴路到石门二路,16,25,5032,"121.455681,31.2372494;121.455948,31.2373638;121.456139,31.2374401;121.45623,31.2374535;121.456322,31.2374668;121.456406,31.2374573;121.456512,31.2374268;121.456551,31.2374039;121.456589,31.2373829;121.45665,31.2373066;121.456711,31.2372303;121.456802,31.2371063;121.456833,31.2370853;121.456863,31.2370663;121.456902,31.2370586;121.456932,31.2370529;121.456978,31.2370529;121.457016,31.2370586;121.457138,31.237112;121.458183,31.2375641;121.458389,31.2376575;121.458473,31.2376881;121.45858,31.2377911;121.458755,31.2379646;121.458862,31.2380619"
TR0220,2026-06-22T21:31:15,"121.439175,31.235771",3000,5,秣陵路：双向缓慢，从长安路到民立路严重拥堵，从梅园路到民立路严重拥堵；南北高架路：从共和新路立交桥到天目中路立交桥行驶缓慢；武宁路：从中宁路到中山北路行驶缓慢；沪太路：恒丰北路立交桥附近自北向南行驶缓慢；潮州路：自西向东缓慢，反向畅通；天目西路：外贸锦程大厦附近自西向东行驶缓慢；镇宁路：自北向南缓慢，从华山路到延安西路行驶缓慢；西康路：从宜昌路到长寿路行驶缓慢；镇坪路：自南向北缓慢，反向畅通；铜仁路：自南向北缓慢，反向畅通；长安路：从秣陵路到恒丰路行驶缓慢；民立路：从共和路到天目西路行驶缓慢。,2,轻度拥堵,73.40%,3.69%,0.74%,22.17%,康定东路,1,expedite,从石门二路到泰兴路,196,25,-5031,"121.458847,31.2380791;121.45874,31.2379818;121.45845,31.237711;121.458382,31.2376804;121.458168,31.2375908;121.457123,31.2371368;121.456993,31.2370853;121.45697,31.2370853;121.45694,31.2370853;121.456909,31.2370892;121.456871,31.237093;121.456856,31.2371063;121.456825,31.2371254;121.456741,31.2372437;121.456673,31.2373238;121.456604,31.2374001;121.456566,31.2374268;121.456535,31.2374496;121.456429,31.237484;121.456322,31.2374935;121.456223,31.237484;121.456131,31.2374668;121.455933,31.2373905;121.455666,31.2372761"
TR0221,2026-06-22T21:31:15,"121.439175,31.235771",3000,5,秣陵路：双向缓慢，从长安路到民立路严重拥堵，从梅园路到民立路严重拥堵；南北高架路：从共和新路立交桥到天目中路立交桥行驶缓慢；武宁路：从中宁路到中山北路行驶缓慢；沪太路：恒丰北路立交桥附近自北向南行驶缓慢；潮州路：自西向东缓慢，反向畅通；天目西路：外贸锦程大厦附近自西向东行驶缓慢；镇宁路：自北向南缓慢，从华山路到延安西路行驶缓慢；西康路：从宜昌路到长寿路行驶缓慢；镇坪路：自南向北缓慢，反向畅通；铜仁路：自南向北缓慢，反向畅通；长安路：从秣陵路到恒丰路行驶缓慢；民立路：从共和路到天目西路行驶缓慢。,2,轻度拥堵,73.40%,3.69%,0.74%,22.17%,武定西路,1,expedite,从江苏路到武宁南路,31,25,"4773,4776","121.429016,31.2230453;121.42907,31.2231102;121.429298,31.2233372;121.429405,31.2234669;121.429565,31.2236748;121.429672,31.2238045;121.429741,31.2238941;121.429779,31.2239246;121.430153,31.2241955;121.430222,31.2242317;121.430313,31.2242718;121.430389,31.2243023;121.430634,31.2243652;121.430984,31.2244053;121.431145,31.2244186;121.431366,31.2244453;121.431709,31.2245064;121.431793,31.2245235;121.431992,31.2245731;121.432121,31.2246132;121.43222,31.2246494;121.43232,31.2246971;121.432915,31.2250347;121.433281,31.2252407;121.433922,31.2256355;121.434166,31.2257996;121.434311,31.2258759;121.434532,31.2259865;121.435966,31.2267342;121.436447,31.2269993"
TR0222,2026-06-22T21:31:15,"121.439175,31.235771",3000,5,秣陵路：双向缓慢，从长安路到民立路严重拥堵，从梅园路到民立路严重拥堵；南北高架路：从共和新路立交桥到天目中路立交桥行驶缓慢；武宁路：从中宁路到中山北路行驶缓慢；沪太路：恒丰北路立交桥附近自北向南行驶缓慢；潮州路：自西向东缓慢，反向畅通；天目西路：外贸锦程大厦附近自西向东行驶缓慢；镇宁路：自北向南缓慢，从华山路到延安西路行驶缓慢；西康路：从宜昌路到长寿路行驶缓慢；镇坪路：自南向北缓慢，反向畅通；铜仁路：自南向北缓慢，反向畅通；长安路：从秣陵路到恒丰路行驶缓慢；民立路：从共和路到天目西路行驶缓慢。,2,轻度拥堵,73.40%,3.69%,0.74%,22.17%,铜仁路,1,expedite,从北京西路到延安中路,289,25,"-3650,-3648,-3645","121.449173,31.2281246;121.449203,31.2280674;121.449585,31.2273293;121.449654,31.2271423;121.449799,31.2268314;121.449852,31.2267113;121.449883,31.226614;121.449905,31.2265377;121.449944,31.2261467;121.450226,31.2255383;121.450356,31.2252846;121.450348,31.2252808;121.450447,31.2250404;121.450905,31.2239075;121.451126,31.2233334;121.451393,31.2226849;121.451485,31.2224674"
TR0223,2026-06-22T21:31:15,"121.439175,31.235771",3000,5,秣陵路：双向缓慢，从长安路到民立路严重拥堵，从梅园路到民立路严重拥堵；南北高架路：从共和新路立交桥到天目中路立交桥行驶缓慢；武宁路：从中宁路到中山北路行驶缓慢；沪太路：恒丰北路立交桥附近自北向南行驶缓慢；潮州路：自西向东缓慢，反向畅通；天目西路：外贸锦程大厦附近自西向东行驶缓慢；镇宁路：自北向南缓慢，从华山路到延安西路行驶缓慢；西康路：从宜昌路到长寿路行驶缓慢；镇坪路：自南向北缓慢，反向畅通；铜仁路：自南向北缓慢，反向畅通；长安路：从秣陵路到恒丰路行驶缓慢；民立路：从共和路到天目西路行驶缓慢。,2,轻度拥堵,73.40%,3.69%,0.74%,22.17%,康定路,1,expedite,从万航渡路到延平路,19,25,"3355,3566","121.429482,31.2283916;121.429565,31.228466;121.429642,31.228529;121.43087,31.2292404;121.430916,31.2292137;121.430939,31.2292004;121.430984,31.2291908;121.431038,31.2291775;121.431091,31.2291679;121.431152,31.2291737;121.431198,31.2291775;121.431236,31.2291908;121.431381,31.2292805;121.431931,31.2296352;121.432121,31.2297459;121.43248,31.2299423;121.433289,31.2303696;121.433495,31.2304668;121.433617,31.2304668;121.433815,31.2305336;121.434158,31.230648;121.43438,31.2307243;121.434486,31.2307644;121.434578,31.2307949;121.434647,31.2308216;121.434708,31.230835;121.434776,31.2308407;121.434868,31.2308273;121.435028,31.2307949;121.435158,31.2307777;121.435455,31.2307339;121.436478,31.230587;121.437004,31.2305336;121.437088,31.2305336;121.437119,31.2305431;121.43737,31.2306404;121.437881,31.2308216;121.438469,31.2310352;121.439255,31.2312756"
TR0224,2026-06-22T21:31:15,"121.439175,31.235771",3000,5,秣陵路：双向缓慢，从长安路到民立路严重拥堵，从梅园路到民立路严重拥堵；南北高架路：从共和新路立交桥到天目中路立交桥行驶缓慢；武宁路：从中宁路到中山北路行驶缓慢；沪太路：恒丰北路立交桥附近自北向南行驶缓慢；潮州路：自西向东缓慢，反向畅通；天目西路：外贸锦程大厦附近自西向东行驶缓慢；镇宁路：自北向南缓慢，从华山路到延安西路行驶缓慢；西康路：从宜昌路到长寿路行驶缓慢；镇坪路：自南向北缓慢，反向畅通；铜仁路：自南向北缓慢，反向畅通；长安路：从秣陵路到恒丰路行驶缓慢；民立路：从共和路到天目西路行驶缓慢。,2,轻度拥堵,73.40%,3.69%,0.74%,22.17%,康定路,1,expedite,从延平路到万航渡路,210,31,"-3355,-3354","121.434418,31.230854;121.434311,31.2307949;121.434258,31.2307644;121.434151,31.2307205;121.433563,31.2305241;121.433495,31.2304668;121.430847,31.2292843;121.429718,31.2286358;121.429619,31.2285824;121.429565,31.2285461;121.42955,31.2285194;121.429527,31.2284927;121.429482,31.2283916"
TR0225,2026-06-22T21:31:15,"121.439175,31.235771",3000,5,秣陵路：双向缓慢，从长安路到民立路严重拥堵，从梅园路到民立路严重拥堵；南北高架路：从共和新路立交桥到天目中路立交桥行驶缓慢；武宁路：从中宁路到中山北路行驶缓慢；沪太路：恒丰北路立交桥附近自北向南行驶缓慢；潮州路：自西向东缓慢，反向畅通；天目西路：外贸锦程大厦附近自西向东行驶缓慢；镇宁路：自北向南缓慢，从华山路到延安西路行驶缓慢；西康路：从宜昌路到长寿路行驶缓慢；镇坪路：自南向北缓慢，反向畅通；铜仁路：自南向北缓慢，反向畅通；长安路：从秣陵路到恒丰路行驶缓慢；民立路：从共和路到天目西路行驶缓慢。,2,轻度拥堵,73.40%,3.69%,0.74%,22.17%,延平路,1,expedite,从新闸路到安远路,122,25,4763,"121.442436,31.2272091;121.442383,31.2273235;121.442337,31.227396;121.442291,31.227457;121.442192,31.2275867;121.441742,31.2281551;121.441521,31.2284184;121.441086,31.2289734;121.440826,31.229311;121.440483,31.2296753;121.439751,31.2306004;121.43927,31.2312851;121.437599,31.2337208;121.436874,31.2347431;121.436768,31.2349014;121.436501,31.2352791;121.43631,31.2355328;121.436203,31.2356663"
TR0226,2026-06-22T21:31:15,"121.439175,31.235771",3000,5,秣陵路：双向缓慢，从长安路到民立路严重拥堵，从梅园路到民立路严重拥堵；南北高架路：从共和新路立交桥到天目中路立交桥行驶缓慢；武宁路：从中宁路到中山北路行驶缓慢；沪太路：恒丰北路立交桥附近自北向南行驶缓慢；潮州路：自西向东缓慢，反向畅通；天目西路：外贸锦程大厦附近自西向东行驶缓慢；镇宁路：自北向南缓慢，从华山路到延安西路行驶缓慢；西康路：从宜昌路到长寿路行驶缓慢；镇坪路：自南向北缓慢，反向畅通；铜仁路：自南向北缓慢，反向畅通；长安路：从秣陵路到恒丰路行驶缓慢；民立路：从共和路到天目西路行驶缓慢。,2,轻度拥堵,73.40%,3.69%,0.74%,22.17%,延平路,1,expedite,从安远路到新闸路,302,25,-3592,"121.43618,31.2356491;121.436287,31.2355156;121.436462,31.2352619;121.436729,31.2348881;121.436836,31.2347298;121.437561,31.2337074;121.439232,31.2312717;121.439713,31.230587;121.440453,31.2296581;121.440804,31.2292938;121.441048,31.22896;121.44149,31.2283993;121.441704,31.2281418;121.442169,31.2275696;121.442268,31.2274437;121.442314,31.2273827;121.442345,31.2273159;121.442398,31.2271957"
TR0227,2026-06-22T21:31:15,"121.439175,31.235771",3000,5,秣陵路：双向缓慢，从长安路到民立路严重拥堵，从梅园路到民立路严重拥堵；南北高架路：从共和新路立交桥到天目中路立交桥行驶缓慢；武宁路：从中宁路到中山北路行驶缓慢；沪太路：恒丰北路立交桥附近自北向南行驶缓慢；潮州路：自西向东缓慢，反向畅通；天目西路：外贸锦程大厦附近自西向东行驶缓慢；镇宁路：自北向南缓慢，从华山路到延安西路行驶缓慢；西康路：从宜昌路到长寿路行驶缓慢；镇坪路：自南向北缓慢，反向畅通；铜仁路：自南向北缓慢，反向畅通；长安路：从秣陵路到恒丰路行驶缓慢；民立路：从共和路到天目西路行驶缓慢。,2,轻度拥堵,73.40%,3.69%,0.74%,22.17%,武定路,1,expedite,从武宁南路到延平路,37,25,"4779,4780","121.436447,31.2269993;121.436531,31.2270451;121.436691,31.2271118;121.437256,31.2274036;121.437866,31.2278004;121.438133,31.2279816;121.438507,31.2282143;121.438736,31.228405;121.43927,31.2289505;121.439438,31.2291107;121.439522,31.2291679;121.439743,31.2292843;121.439888,31.2293549;121.440483,31.2296524"
TR0228,2026-06-22T21:31:15,"121.439175,31.235771",3000,5,秣陵路：双向缓慢，从长安路到民立路严重拥堵，从梅园路到民立路严重拥堵；南北高架路：从共和新路立交桥到天目中路立交桥行驶缓慢；武宁路：从中宁路到中山北路行驶缓慢；沪太路：恒丰北路立交桥附近自北向南行驶缓慢；潮州路：自西向东缓慢，反向畅通；天目西路：外贸锦程大厦附近自西向东行驶缓慢；镇宁路：自北向南缓慢，从华山路到延安西路行驶缓慢；西康路：从宜昌路到长寿路行驶缓慢；镇坪路：自南向北缓慢，反向畅通；铜仁路：自南向北缓慢，反向畅通；长安路：从秣陵路到恒丰路行驶缓慢；民立路：从共和路到天目西路行驶缓慢。,2,轻度拥堵,73.40%,3.69%,0.74%,22.17%,武定路,1,expedite,从江宁路到石门二路,21,25,4797,"121.452522,31.2344131;121.452744,31.2344532;121.453247,31.2345333;121.454117,31.2346935;121.45433,31.2347507;121.454521,31.2348213;121.455208,31.2350578;121.455894,31.235302;121.456619,31.2356091;121.456848,31.2357063;121.458076,31.2362309;121.459457,31.2367859"
TR0229,2026-06-22T21:31:15,"121.439175,31.235771",3000,5,秣陵路：双向缓慢，从长安路到民立路严重拥堵，从梅园路到民立路严重拥堵；南北高架路：从共和新路立交桥到天目中路立交桥行驶缓慢；武宁路：从中宁路到中山北路行驶缓慢；沪太路：恒丰北路立交桥附近自北向南行驶缓慢；潮州路：自西向东缓慢，反向畅通；天目西路：外贸锦程大厦附近自西向东行驶缓慢；镇宁路：自北向南缓慢，从华山路到延安西路行驶缓慢；西康路：从宜昌路到长寿路行驶缓慢；镇坪路：自南向北缓慢，反向畅通；铜仁路：自南向北缓慢，反向畅通；长安路：从秣陵路到恒丰路行驶缓慢；民立路：从共和路到天目西路行驶缓慢。,2,轻度拥堵,73.40%,3.69%,0.74%,22.17%,武定路,1,expedite,从石门二路到武宁南路,206,25,"-4796,-4794,-4780,-4779","121.459442,31.2368126;121.458061,31.2362537;121.456833,31.2357292;121.456612,31.2356358;121.455879,31.2353287;121.4552,31.2350845;121.454506,31.234848;121.454323,31.2347775;121.454102,31.2347202;121.453247,31.2345638;121.452744,31.2344799;121.452515,31.2344437;121.452515,31.2344265;121.452347,31.2344131;121.452217,31.234396;121.452026,31.2343693;121.451912,31.2343464;121.451752,31.2343063;121.451576,31.2342529;121.451157,31.2340927;121.450943,31.2340088;121.450722,31.2339153;121.450554,31.2337952;121.450119,31.2334747;121.449005,31.2327194;121.448891,31.2326317;121.448837,31.2325954;121.448784,31.2325649;121.448425,31.2324219;121.446648,31.231596;121.445549,31.2310886;121.445335,31.230978;121.445282,31.2309513;121.445084,31.2308807;121.444267,31.2305813;121.442558,31.2299862;121.441544,31.2296352;121.441216,31.2294979;121.440819,31.2293015;121.44046,31.2296791;121.439873,31.2293816;121.439728,31.229311;121.439499,31.2291908;121.439415,31.2291336;121.439247,31.2289734;121.438713,31.228426;121.438477,31.2282352;121.438118,31.2280045;121.437851,31.2278214;121.437233,31.2274303;121.436676,31.2271385;121.436516,31.227066;121.436424,31.2270222"
TR0230,2026-06-22T21:31:15,"121.439175,31.235771",3000,5,秣陵路：双向缓慢，从长安路到民立路严重拥堵，从梅园路到民立路严重拥堵；南北高架路：从共和新路立交桥到天目中路立交桥行驶缓慢；武宁路：从中宁路到中山北路行驶缓慢；沪太路：恒丰北路立交桥附近自北向南行驶缓慢；潮州路：自西向东缓慢，反向畅通；天目西路：外贸锦程大厦附近自西向东行驶缓慢；镇宁路：自北向南缓慢，从华山路到延安西路行驶缓慢；西康路：从宜昌路到长寿路行驶缓慢；镇坪路：自南向北缓慢，反向畅通；铜仁路：自南向北缓慢，反向畅通；长安路：从秣陵路到恒丰路行驶缓慢；民立路：从共和路到天目西路行驶缓慢。,2,轻度拥堵,73.40%,3.69%,0.74%,22.17%,胶州路,1,expedite,从愚园路到规划二路,128,25,"3602,4999","121.445549,31.2245102;121.444954,31.2254314;121.444847,31.2255821;121.444702,31.2258091;121.444588,31.226017;121.444534,31.2261028;121.444229,31.2266045;121.443825,31.227272;121.443481,31.227787;121.443398,31.2279682;121.443321,31.2281647;121.44297,31.2290134;121.442688,31.2297153;121.442566,31.2299919;121.442337,31.2305107;121.442314,31.2305908;121.442284,31.2306938;121.442215,31.2310009;121.442169,31.231142;121.442062,31.2314186;121.441971,31.2316036;121.44146,31.2325821;121.441292,31.2328892;121.440964,31.2334137;121.440712,31.2338409;121.440643,31.2339993;121.440506,31.2342587;121.440399,31.234436;121.440353,31.23452;121.440285,31.2346096;121.440224,31.2346897;121.440025,31.2349072;121.439499,31.2354889;121.439163,31.2358665;121.439041,31.2360229;121.438828,31.2363472;121.438759,31.2364349;121.438629,31.2366047;121.438614,31.2366409;121.438576,31.2366753;121.43853,31.2367058;121.438477,31.236742;121.4384,31.2367821;121.438202,31.2368984;121.437973,31.2370224;121.436852,31.2376175;121.435928,31.2381248;121.435875,31.2381687;121.435829,31.2382126;121.43576,31.2382984;121.435677,31.2384186;121.435677,31.2384129;121.435623,31.238533;121.435608,31.2385769;121.435585,31.2386169;121.43541,31.2388096;121.435112,31.2391376;121.434891,31.2393475;121.434814,31.2394218;121.434746,31.2394848;121.434685,31.2395382;121.434563,31.2396221;121.434357,31.2397289;121.434296,31.2397594;121.434204,31.2397957;121.434082,31.2398453;121.432846,31.2402706;121.432137,31.2405243;121.431984,31.2405739;121.431801,31.2406178;121.431732,31.2406273;121.431664,31.2406311;121.43158,31.2406311;121.43145,31.2406139;121.431381,31.2406006;121.430931,31.2404537"
TR0231,2026-06-22T21:31:15,"121.439175,31.235771",3000,5,秣陵路：双向缓慢，从长安路到民立路严重拥堵，从梅园路到民立路严重拥堵；南北高架路：从共和新路立交桥到天目中路立交桥行驶缓慢；武宁路：从中宁路到中山北路行驶缓慢；沪太路：恒丰北路立交桥附近自北向南行驶缓慢；潮州路：自西向东缓慢，反向畅通；天目西路：外贸锦程大厦附近自西向东行驶缓慢；镇宁路：自北向南缓慢，从华山路到延安西路行驶缓慢；西康路：从宜昌路到长寿路行驶缓慢；镇坪路：自南向北缓慢，反向畅通；铜仁路：自南向北缓慢，反向畅通；长安路：从秣陵路到恒丰路行驶缓慢；民立路：从共和路到天目西路行驶缓慢。,2,轻度拥堵,73.40%,3.69%,0.74%,22.17%,胶州路,1,expedite,从规划二路到愚园路,308,25,"-3602,-4998","121.430939,31.240427;121.431396,31.2405739;121.431458,31.2405872;121.431595,31.2406006;121.431664,31.2406044;121.431732,31.2405949;121.431786,31.2405872;121.431976,31.2405472;121.432121,31.2404976;121.432838,31.2402439;121.434059,31.2398186;121.434189,31.2397728;121.434273,31.2397327;121.434341,31.2397022;121.43454,31.2395992;121.434654,31.2395153;121.434723,31.2394657;121.434792,31.2394047;121.43486,31.2393284;121.435097,31.2391205;121.435394,31.2387905;121.435555,31.2386036;121.435593,31.2385254;121.435646,31.2384052;121.43573,31.2382793;121.435806,31.2381954;121.435852,31.2381516;121.435913,31.238102;121.436836,31.2375946;121.437958,31.2369995;121.438187,31.2368755;121.438385,31.2367554;121.438461,31.2367153;121.438507,31.2366848;121.438545,31.2366543;121.438576,31.2366219;121.438614,31.2365913;121.438721,31.2364216;121.438789,31.2363338;121.439011,31.2360096;121.439148,31.2358494;121.439476,31.2354717;121.440002,31.2348881;121.440193,31.2346706;121.440269,31.2345905;121.440323,31.2345066;121.440376,31.2344227;121.440483,31.2342453;121.440613,31.2339916;121.440681,31.2338276;121.440926,31.2334042;121.441261,31.2328758;121.441429,31.2325687;121.441948,31.2315903;121.442032,31.2314091;121.442131,31.2311382;121.442184,31.2309952;121.442245,31.2306881;121.442276,31.2305813;121.442314,31.2305031;121.442543,31.2299824;121.44265,31.2297058;121.442932,31.2290039;121.443291,31.2281551;121.443359,31.2279606;121.443451,31.2277775;121.443787,31.2272587;121.444206,31.2265911;121.444496,31.2260895;121.44455,31.2260036"
TR0232,2026-06-22T21:31:15,"121.439175,31.235771",3000,5,秣陵路：双向缓慢，从长安路到民立路严重拥堵，从梅园路到民立路严重拥堵；南北高架路：从共和新路立交桥到天目中路立交桥行驶缓慢；武宁路：从中宁路到中山北路行驶缓慢；沪太路：恒丰北路立交桥附近自北向南行驶缓慢；潮州路：自西向东缓慢，反向畅通；天目西路：外贸锦程大厦附近自西向东行驶缓慢；镇宁路：自北向南缓慢，从华山路到延安西路行驶缓慢；西康路：从宜昌路到长寿路行驶缓慢；镇坪路：自南向北缓慢，反向畅通；铜仁路：自南向北缓慢，反向畅通；长安路：从秣陵路到恒丰路行驶缓慢；民立路：从共和路到天目西路行驶缓慢。,2,轻度拥堵,73.40%,3.69%,0.74%,22.17%,余姚路,1,expedite,从康定路到西康路,30,30,"3364,4831","121.430855,31.2292881;121.430832,31.2293415;121.430817,31.2294312;121.430809,31.229475;121.430824,31.2296181;121.430847,31.2296886;121.430878,31.2297859;121.430931,31.2298851;121.430969,31.229929;121.431076,31.2300396;121.431572,31.2305069;121.432121,31.2310181;121.432457,31.2313328;121.43264,31.2315292;121.43264,31.2315235;121.4328,31.2316628;121.433617,31.2324448;121.434097,31.2328854;121.434364,31.2331429;121.434647,31.233387;121.43483,31.2335548;121.435204,31.2338486;121.435623,31.2341652;121.43615,31.2344837;121.436569,31.2347565;121.436752,31.2348843;121.438759,31.2357368;121.438873,31.2357769;121.438995,31.2358036;121.439148,31.2358437;121.439209,31.2357769;121.439445,31.2358532;121.440987,31.2362881;121.441048,31.2363377;121.442024,31.2366486;121.442398,31.2365475;121.443611,31.2362804;121.444237,31.2361736;121.444649,31.2361202"
TR0233,2026-06-22T21:31:15,"121.439175,31.235771",3000,5,秣陵路：双向缓慢，从长安路到民立路严重拥堵，从梅园路到民立路严重拥堵；南北高架路：从共和新路立交桥到天目中路立交桥行驶缓慢；武宁路：从中宁路到中山北路行驶缓慢；沪太路：恒丰北路立交桥附近自北向南行驶缓慢；潮州路：自西向东缓慢，反向畅通；天目西路：外贸锦程大厦附近自西向东行驶缓慢；镇宁路：自北向南缓慢，从华山路到延安西路行驶缓慢；西康路：从宜昌路到长寿路行驶缓慢；镇坪路：自南向北缓慢，反向畅通；铜仁路：自南向北缓慢，反向畅通；长安路：从秣陵路到恒丰路行驶缓慢；民立路：从共和路到天目西路行驶缓慢。,2,轻度拥堵,73.40%,3.69%,0.74%,22.17%,余姚路,1,expedite,从西康路到康定路,217,100,"-3364,-3363","121.442024,31.2366753;121.441032,31.2363605;121.440964,31.2363644;121.439339,31.2358932;121.439148,31.2358704;121.438866,31.2358036;121.438744,31.2357635;121.436737,31.2349072;121.436554,31.2347775;121.436127,31.2345104;121.435608,31.2341862;121.435181,31.2338715;121.434807,31.2335777;121.434624,31.2334042;121.434341,31.2331638;121.434074,31.2329063;121.433601,31.2324619;121.432785,31.2316799;121.432625,31.2315464;121.432549,31.2314796;121.432426,31.2313519;121.432106,31.231039;121.431557,31.2305241;121.431038,31.2300587;121.430954,31.2299461;121.430916,31.2298985;121.430855,31.2297955;121.430809,31.2296982;121.430794,31.2296219;121.430779,31.229475;121.430794,31.2294273;121.430801,31.2293377;121.430824,31.2292805"
TR0234,2026-06-22T21:31:15,"121.439175,31.235771",3000,5,秣陵路：双向缓慢，从长安路到民立路严重拥堵，从梅园路到民立路严重拥堵；南北高架路：从共和新路立交桥到天目中路立交桥行驶缓慢；武宁路：从中宁路到中山北路行驶缓慢；沪太路：恒丰北路立交桥附近自北向南行驶缓慢；潮州路：自西向东缓慢，反向畅通；天目西路：外贸锦程大厦附近自西向东行驶缓慢；镇宁路：自北向南缓慢，从华山路到延安西路行驶缓慢；西康路：从宜昌路到长寿路行驶缓慢；镇坪路：自南向北缓慢，反向畅通；铜仁路：自南向北缓慢，反向畅通；长安路：从秣陵路到恒丰路行驶缓慢；民立路：从共和路到天目西路行驶缓慢。,2,轻度拥堵,73.40%,3.69%,0.74%,22.17%,乌镇路,1,expedite,从新闸路到天目中路立交桥,96,25,3961,"121.467216,31.2393417;121.467285,31.2395191;121.46759,31.2402229;121.467644,31.2403641;121.46769,31.2404842;121.467735,31.2407074;121.467735,31.2408924;121.467735,31.2409592;121.467651,31.241293;121.467514,31.2418938;121.467415,31.2421951;121.467216,31.2426891;121.46701,31.2431431;121.466949,31.2432976;121.466614,31.243969;121.466476,31.2442799;121.466553,31.2443504"
TR0235,2026-06-22T21:31:15,"121.439175,31.235771",3000,5,秣陵路：双向缓慢，从长安路到民立路严重拥堵，从梅园路到民立路严重拥堵；南北高架路：从共和新路立交桥到天目中路立交桥行驶缓慢；武宁路：从中宁路到中山北路行驶缓慢；沪太路：恒丰北路立交桥附近自北向南行驶缓慢；潮州路：自西向东缓慢，反向畅通；天目西路：外贸锦程大厦附近自西向东行驶缓慢；镇宁路：自北向南缓慢，从华山路到延安西路行驶缓慢；西康路：从宜昌路到长寿路行驶缓慢；镇坪路：自南向北缓慢，反向畅通；铜仁路：自南向北缓慢，反向畅通；长安路：从秣陵路到恒丰路行驶缓慢；民立路：从共和路到天目西路行驶缓慢。,2,轻度拥堵,73.40%,3.69%,0.74%,22.17%,乌镇路,1,expedite,从天目中路立交桥到新闸路,276,25,"-3961,-3960","121.466522,31.2443695;121.466454,31.2442932;121.466454,31.2442799;121.466576,31.2439556;121.466919,31.243288;121.466988,31.2431335;121.467194,31.2426796;121.467377,31.2421913;121.467484,31.241888;121.467628,31.2412891;121.467697,31.2409592;121.467697,31.2408886;121.467697,31.2407074;121.467651,31.2404881;121.467606,31.2403736;121.467552,31.2402306;121.467255,31.2395287;121.467186,31.2393513"
TR0236,2026-06-22T21:31:15,"121.439175,31.235771",3000,5,秣陵路：双向缓慢，从长安路到民立路严重拥堵，从梅园路到民立路严重拥堵；南北高架路：从共和新路立交桥到天目中路立交桥行驶缓慢；武宁路：从中宁路到中山北路行驶缓慢；沪太路：恒丰北路立交桥附近自北向南行驶缓慢；潮州路：自西向东缓慢，反向畅通；天目西路：外贸锦程大厦附近自西向东行驶缓慢；镇宁路：自北向南缓慢，从华山路到延安西路行驶缓慢；西康路：从宜昌路到长寿路行驶缓慢；镇坪路：自南向北缓慢，反向畅通；铜仁路：自南向北缓慢，反向畅通；长安路：从秣陵路到恒丰路行驶缓慢；民立路：从共和路到天目西路行驶缓慢。,2,轻度拥堵,73.40%,3.69%,0.74%,22.17%,恒通路,1,expedite,从长安路到共和新路,30,41,"6083,6084,6085","121.456291,31.2404079;121.456779,31.2408009;121.45742,31.2412262;121.457527,31.2412529;121.458206,31.2416401;121.458763,31.2419281;121.459389,31.2421741;121.45945,31.2421913;121.459503,31.2422009;121.460358,31.242712;121.460732,31.2428894;121.461395,31.2430897;121.461586,31.2431564;121.462151,31.2434006;121.462471,31.2435017"
TR0237,2026-06-22T21:31:15,"121.439175,31.235771",3000,5,秣陵路：双向缓慢，从长安路到民立路严重拥堵，从梅园路到民立路严重拥堵；南北高架路：从共和新路立交桥到天目中路立交桥行驶缓慢；武宁路：从中宁路到中山北路行驶缓慢；沪太路：恒丰北路立交桥附近自北向南行驶缓慢；潮州路：自西向东缓慢，反向畅通；天目西路：外贸锦程大厦附近自西向东行驶缓慢；镇宁路：自北向南缓慢，从华山路到延安西路行驶缓慢；西康路：从宜昌路到长寿路行驶缓慢；镇坪路：自南向北缓慢，反向畅通；铜仁路：自南向北缓慢，反向畅通；长安路：从秣陵路到恒丰路行驶缓慢；民立路：从共和路到天目西路行驶缓慢。,2,轻度拥堵,73.40%,3.69%,0.74%,22.17%,恒通路,1,expedite,从共和新路到长安路,210,36,"-6085,-6084,-6083,-6082","121.462456,31.2435341;121.462135,31.2434273;121.462135,31.2434273;121.461563,31.2431831;121.461388,31.2431564;121.460693,31.2429371;121.46032,31.2427597;121.459465,31.2422676;121.459419,31.2422409;121.458771,31.2419777;121.45845,31.2418041;121.457497,31.2413063;121.45742,31.2412395;121.457405,31.2412529;121.456764,31.2408218;121.456268,31.240427"
TR0238,2026-06-22T21:31:15,"121.439175,31.235771",3000,5,秣陵路：双向缓慢，从长安路到民立路严重拥堵，从梅园路到民立路严重拥堵；南北高架路：从共和新路立交桥到天目中路立交桥行驶缓慢；武宁路：从中宁路到中山北路行驶缓慢；沪太路：恒丰北路立交桥附近自北向南行驶缓慢；潮州路：自西向东缓慢，反向畅通；天目西路：外贸锦程大厦附近自西向东行驶缓慢；镇宁路：自北向南缓慢，从华山路到延安西路行驶缓慢；西康路：从宜昌路到长寿路行驶缓慢；镇坪路：自南向北缓慢，反向畅通；铜仁路：自南向北缓慢，反向畅通；长安路：从秣陵路到恒丰路行驶缓慢；民立路：从共和路到天目西路行驶缓慢。,2,轻度拥堵,73.40%,3.69%,0.74%,22.17%,长安路,1,expedite,从恒丰路到秣陵路,115,25,"5130,5131","121.457764,31.2401695;121.45768,31.24016;121.457497,31.2401428;121.456871,31.2400665;121.45681,31.2400665;121.456673,31.2401161;121.456535,31.2402;121.45639,31.2403107;121.456291,31.240427;121.455826,31.2409325;121.454887,31.2414837;121.454651,31.2416172;121.454079,31.2419071;121.453636,31.2421741;121.453545,31.2422409;121.453461,31.2423382;121.453033,31.242733;121.452995,31.2427769;121.452881,31.2429066;121.452866,31.2429333;121.452835,31.2429867;121.452835,31.2430229;121.451538,31.24436;121.451576,31.2448082;121.451599,31.2451591;121.45163,31.2456036;121.45166,31.2458496;121.451698,31.2459908;121.451721,31.2461071;121.451767,31.2462139;121.452087,31.247057;121.452126,31.2471199;121.452141,31.2471695;121.452179,31.2472134;121.452217,31.2472439;121.452263,31.2472801;121.452286,31.2472973;121.452316,31.2473106;121.452553,31.2474041;121.45269,31.2474442;121.453011,31.2475948;121.453262,31.2477379;121.453316,31.2477818;121.453369,31.2478542;121.453392,31.2479286"
TR0239,2026-06-22T21:31:15,"121.439175,31.235771",3000,5,秣陵路：双向缓慢，从长安路到民立路严重拥堵，从梅园路到民立路严重拥堵；南北高架路：从共和新路立交桥到天目中路立交桥行驶缓慢；武宁路：从中宁路到中山北路行驶缓慢；沪太路：恒丰北路立交桥附近自北向南行驶缓慢；潮州路：自西向东缓慢，反向畅通；天目西路：外贸锦程大厦附近自西向东行驶缓慢；镇宁路：自北向南缓慢，从华山路到延安西路行驶缓慢；西康路：从宜昌路到长寿路行驶缓慢；镇坪路：自南向北缓慢，反向畅通；铜仁路：自南向北缓慢，反向畅通；长安路：从秣陵路到恒丰路行驶缓慢；民立路：从共和路到天目西路行驶缓慢。,2,轻度拥堵,73.40%,3.69%,0.74%,22.17%,梅园路,1,expedite,从光复路到秣陵路,115,25,"5138,5139","121.460815,31.2409191;121.460381,31.2414227;121.460335,31.241457;121.460297,31.2414932;121.460121,31.2415695;121.460098,31.2415867;121.460068,31.2416039;121.459679,31.2420406;121.459465,31.2422676;121.458862,31.2428932;121.458755,31.2429867;121.458633,31.2430763;121.457848,31.2438087;121.457657,31.2439861;121.45755,31.2440891;121.457458,31.2441826;121.457405,31.2442436;121.457336,31.2443638;121.457321,31.244463;121.457352,31.2456932;121.457321,31.2459602;121.457344,31.2461147;121.457306,31.2463512;121.457291,31.2471294;121.45723,31.2473869"
TR0240,2026-06-22T21:31:15,"121.439175,31.235771",3000,5,秣陵路：双向缓慢，从长安路到民立路严重拥堵，从梅园路到民立路严重拥堵；南北高架路：从共和新路立交桥到天目中路立交桥行驶缓慢；武宁路：从中宁路到中山北路行驶缓慢；沪太路：恒丰北路立交桥附近自北向南行驶缓慢；潮州路：自西向东缓慢，反向畅通；天目西路：外贸锦程大厦附近自西向东行驶缓慢；镇宁路：自北向南缓慢，从华山路到延安西路行驶缓慢；西康路：从宜昌路到长寿路行驶缓慢；镇坪路：自南向北缓慢，反向畅通；铜仁路：自南向北缓慢，反向畅通；长安路：从秣陵路到恒丰路行驶缓慢；民立路：从共和路到天目西路行驶缓慢。,2,轻度拥堵,73.40%,3.69%,0.74%,22.17%,梅园路,1,expedite,从秣陵路到光复路,295,30,"-5138,-5137","121.45723,31.2473869;121.457176,31.2471199;121.457207,31.2463379;121.45723,31.2461205;121.45726,31.2460747;121.457306,31.2459602;121.457291,31.2459602;121.457314,31.2456932;121.457291,31.244463;121.457306,31.24436;121.457367,31.2442303;121.45742,31.2441635;121.457512,31.244072;121.457626,31.243969;121.457832,31.2437859;121.458603,31.2430573;121.458733,31.2429638;121.458817,31.2428665;121.458969,31.2427254;121.459328,31.242342;121.459412,31.2422447;121.459496,31.2421913;121.459663,31.2420216;121.460052,31.2415867;121.460068,31.2415638;121.460106,31.2415466;121.460274,31.2414703;121.46032,31.2414398;121.460358,31.2414036;121.460793,31.2409019"
TR0241,2026-06-22T21:31:15,"121.439175,31.235771",3000,5,秣陵路：双向缓慢，从长安路到民立路严重拥堵，从梅园路到民立路严重拥堵；南北高架路：从共和新路立交桥到天目中路立交桥行驶缓慢；武宁路：从中宁路到中山北路行驶缓慢；沪太路：恒丰北路立交桥附近自北向南行驶缓慢；潮州路：自西向东缓慢，反向畅通；天目西路：外贸锦程大厦附近自西向东行驶缓慢；镇宁路：自北向南缓慢，从华山路到延安西路行驶缓慢；西康路：从宜昌路到长寿路行驶缓慢；镇坪路：自南向北缓慢，反向畅通；铜仁路：自南向北缓慢，反向畅通；长安路：从秣陵路到恒丰路行驶缓慢；民立路：从共和路到天目西路行驶缓慢。,2,轻度拥堵,73.40%,3.69%,0.74%,22.17%,民立路,1,expedite,从汉中路到共和路,126,30,4426,"121.457794,31.2424355;121.457314,31.2429371;121.45639,31.2438793;121.456276,31.244009;121.456215,31.2441025;121.456192,31.2441463;121.456192,31.2441826;121.456184,31.2442398;121.456184,31.2442932"
TR0242,2026-06-22T21:31:15,"121.439175,31.235771",3000,5,秣陵路：双向缓慢，从长安路到民立路严重拥堵，从梅园路到民立路严重拥堵；南北高架路：从共和新路立交桥到天目中路立交桥行驶缓慢；武宁路：从中宁路到中山北路行驶缓慢；沪太路：恒丰北路立交桥附近自北向南行驶缓慢；潮州路：自西向东缓慢，反向畅通；天目西路：外贸锦程大厦附近自西向东行驶缓慢；镇宁路：自北向南缓慢，从华山路到延安西路行驶缓慢；西康路：从宜昌路到长寿路行驶缓慢；镇坪路：自南向北缓慢，反向畅通；铜仁路：自南向北缓慢，反向畅通；长安路：从秣陵路到恒丰路行驶缓慢；民立路：从共和路到天目西路行驶缓慢。,2,轻度拥堵,73.40%,3.69%,0.74%,22.17%,民立路,1,expedite,从天目西路到秣陵路,106,54,5135,"121.456001,31.2461205;121.455956,31.2461872;121.455933,31.2462311;121.455902,31.246294;121.455879,31.2463551;121.455803,31.2466087;121.455681,31.2470303"
TR0243,2026-06-22T21:31:15,"121.439175,31.235771",3000,5,秣陵路：双向缓慢，从长安路到民立路严重拥堵，从梅园路到民立路严重拥堵；南北高架路：从共和新路立交桥到天目中路立交桥行驶缓慢；武宁路：从中宁路到中山北路行驶缓慢；沪太路：恒丰北路立交桥附近自北向南行驶缓慢；潮州路：自西向东缓慢，反向畅通；天目西路：外贸锦程大厦附近自西向东行驶缓慢；镇宁路：自北向南缓慢，从华山路到延安西路行驶缓慢；西康路：从宜昌路到长寿路行驶缓慢；镇坪路：自南向北缓慢，反向畅通；铜仁路：自南向北缓慢，反向畅通；长安路：从秣陵路到恒丰路行驶缓慢；民立路：从共和路到天目西路行驶缓慢。,2,轻度拥堵,73.40%,3.69%,0.74%,22.17%,民立路,1,expedite,从秣陵路到汉中路,292,30,"-5135,-5134,-4426,-5133","121.455505,31.2470837;121.455536,31.2469959;121.455589,31.2468262;121.455742,31.2463379;121.45578,31.2462311;121.455811,31.2461681;121.455849,31.2461109;121.456017,31.2459564;121.456001,31.2459469;121.456055,31.245863;121.456078,31.2457962;121.456085,31.2457294;121.456116,31.2450485;121.456154,31.2442932;121.456154,31.244236;121.456161,31.2441826;121.456169,31.2441387;121.456184,31.2440929;121.456245,31.2439957;121.456375,31.2438622;121.457298,31.2429199;121.457779,31.2424183"
TR0244,2026-06-22T21:31:15,"121.439175,31.235771",3000,5,秣陵路：双向缓慢，从长安路到民立路严重拥堵，从梅园路到民立路严重拥堵；南北高架路：从共和新路立交桥到天目中路立交桥行驶缓慢；武宁路：从中宁路到中山北路行驶缓慢；沪太路：恒丰北路立交桥附近自北向南行驶缓慢；潮州路：自西向东缓慢，反向畅通；天目西路：外贸锦程大厦附近自西向东行驶缓慢；镇宁路：自北向南缓慢，从华山路到延安西路行驶缓慢；西康路：从宜昌路到长寿路行驶缓慢；镇坪路：自南向北缓慢，反向畅通；铜仁路：自南向北缓慢，反向畅通；长安路：从秣陵路到恒丰路行驶缓慢；民立路：从共和路到天目西路行驶缓慢。,2,轻度拥堵,73.40%,3.69%,0.74%,22.17%,大统路,1,expedite,从太阳山路到中山北路,92,25,"4849,2224","121.459473,31.2500801;121.45929,31.2502232;121.459236,31.2502975;121.459183,31.2503815;121.459129,31.2505112;121.459068,31.2512264;121.459061,31.251524;121.459007,31.251894;121.459023,31.2523518;121.458984,31.2524452;121.459251,31.2537651;121.459419,31.256649;121.459435,31.256916;121.459435,31.257103;121.45945,31.2572937;121.45945,31.2574139;121.459465,31.2577515;121.459465,31.2580528;121.45945,31.2581158;121.45945,31.2581825;121.459435,31.2582664;121.459358,31.2584896;121.459274,31.2588043;121.459038,31.2595787;121.458931,31.2599106;121.458855,31.2601776"
TR0245,2026-06-22T21:31:15,"121.439175,31.235771",3000,5,秣陵路：双向缓慢，从长安路到民立路严重拥堵，从梅园路到民立路严重拥堵；南北高架路：从共和新路立交桥到天目中路立交桥行驶缓慢；武宁路：从中宁路到中山北路行驶缓慢；沪太路：恒丰北路立交桥附近自北向南行驶缓慢；潮州路：自西向东缓慢，反向畅通；天目西路：外贸锦程大厦附近自西向东行驶缓慢；镇宁路：自北向南缓慢，从华山路到延安西路行驶缓慢；西康路：从宜昌路到长寿路行驶缓慢；镇坪路：自南向北缓慢，反向畅通；铜仁路：自南向北缓慢，反向畅通；长安路：从秣陵路到恒丰路行驶缓慢；民立路：从共和路到天目西路行驶缓慢。,2,轻度拥堵,73.40%,3.69%,0.74%,22.17%,大统路,1,expedite,从中山北路到太阳山路,273,25,"-2224,-4849","121.458771,31.2601547;121.458847,31.2599697;121.458969,31.2595654;121.459343,31.258316;121.459381,31.2582092;121.459396,31.2580795;121.459404,31.2579155;121.459389,31.2575016;121.459381,31.2572937;121.459396,31.257103;121.459396,31.256916;121.459396,31.256649;121.459404,31.2562485;121.459396,31.2549953;121.459221,31.2537689;121.458961,31.2524452;121.458916,31.2523689;121.458885,31.251894;121.458817,31.2515297;121.458878,31.2508392;121.458961,31.2503414;121.459007,31.2502575;121.459099,31.2501774;121.459473,31.2500801"
TR0246,2026-06-22T21:31:15,"121.439175,31.235771",3000,5,秣陵路：双向缓慢，从长安路到民立路严重拥堵，从梅园路到民立路严重拥堵；南北高架路：从共和新路立交桥到天目中路立交桥行驶缓慢；武宁路：从中宁路到中山北路行驶缓慢；沪太路：恒丰北路立交桥附近自北向南行驶缓慢；潮州路：自西向东缓慢，反向畅通；天目西路：外贸锦程大厦附近自西向东行驶缓慢；镇宁路：自北向南缓慢，从华山路到延安西路行驶缓慢；西康路：从宜昌路到长寿路行驶缓慢；镇坪路：自南向北缓慢，反向畅通；铜仁路：自南向北缓慢，反向畅通；长安路：从秣陵路到恒丰路行驶缓慢；民立路：从共和路到天目西路行驶缓慢。,2,轻度拥堵,73.40%,3.69%,0.74%,22.17%,芷江西路,1,expedite,从沪太路到西藏北路,10,25,"4709,4229","121.45208,31.2554302;121.453529,31.255888;121.454277,31.256115;121.455086,31.2563648;121.455246,31.2564182;121.45546,31.2564888;121.455643,31.256546;121.455788,31.2565823;121.456169,31.2566357;121.456535,31.2566929;121.457603,31.2568359;121.45919,31.2570629;121.459412,31.2570896;121.460854,31.2573681;121.462135,31.2576313;121.462219,31.2576542;121.462845,31.2577782;121.463028,31.2578049;121.46357,31.257822;121.463768,31.2578125;121.463959,31.2578049;121.464149,31.2578087;121.464622,31.2577991;121.466347,31.2577686;121.467377,31.2577858;121.467484,31.2577953"
TR0247,2026-06-22T21:31:15,"121.439175,31.235771",3000,5,秣陵路：双向缓慢，从长安路到民立路严重拥堵，从梅园路到民立路严重拥堵；南北高架路：从共和新路立交桥到天目中路立交桥行驶缓慢；武宁路：从中宁路到中山北路行驶缓慢；沪太路：恒丰北路立交桥附近自北向南行驶缓慢；潮州路：自西向东缓慢，反向畅通；天目西路：外贸锦程大厦附近自西向东行驶缓慢；镇宁路：自北向南缓慢，从华山路到延安西路行驶缓慢；西康路：从宜昌路到长寿路行驶缓慢；镇坪路：自南向北缓慢，反向畅通；铜仁路：自南向北缓慢，反向畅通；长安路：从秣陵路到恒丰路行驶缓慢；民立路：从共和路到天目西路行驶缓慢。,2,轻度拥堵,73.40%,3.69%,0.74%,22.17%,芷江西路,1,expedite,从西藏北路到沪太路,190,25,"-4229,-4709,-4227","121.467484,31.2578259;121.467377,31.2578182;121.466347,31.2577991;121.464622,31.2578259;121.464149,31.2578392;121.463959,31.2578354;121.463768,31.2578392;121.46357,31.2578487;121.46331,31.2578392;121.46302,31.2578316;121.46283,31.2578049;121.462219,31.2576847;121.462112,31.2576618;121.460838,31.2573948;121.459412,31.2571201;121.459183,31.2570896;121.457588,31.2568665;121.456528,31.2567196;121.456161,31.2566662;121.455772,31.2566128;121.455643,31.2565784;121.455452,31.2565155;121.455238,31.2564449;121.455078,31.2563915;121.454254,31.2561417;121.453522,31.2559147;121.452072,31.2554569"
TR0248,2026-06-22T21:31:15,"121.439175,31.235771",3000,5,秣陵路：双向缓慢，从长安路到民立路严重拥堵，从梅园路到民立路严重拥堵；南北高架路：从共和新路立交桥到天目中路立交桥行驶缓慢；武宁路：从中宁路到中山北路行驶缓慢；沪太路：恒丰北路立交桥附近自北向南行驶缓慢；潮州路：自西向东缓慢，反向畅通；天目西路：外贸锦程大厦附近自西向东行驶缓慢；镇宁路：自北向南缓慢，从华山路到延安西路行驶缓慢；西康路：从宜昌路到长寿路行驶缓慢；镇坪路：自南向北缓慢，反向畅通；铜仁路：自南向北缓慢，反向畅通；长安路：从秣陵路到恒丰路行驶缓慢；民立路：从共和路到天目西路行驶缓慢。,2,轻度拥堵,73.40%,3.69%,0.74%,22.17%,虬江路,1,expedite,从共和新路到宝山路,11,30,"3936,3938","121.463623,31.2500401;121.464333,31.2499065;121.465004,31.2497864;121.465744,31.2496529;121.466225,31.2495651;121.466385,31.2495461;121.46653,31.2495518;121.466667,31.2495651;121.466827,31.2495861;121.468231,31.2499599;121.469048,31.2502003;121.469246,31.2502441;121.469437,31.2502842;121.469521,31.2503109;121.469673,31.2503414;121.470276,31.2504978;121.470581,31.2505875;121.470955,31.2506981;121.471184,31.2507858;121.47171,31.2510262;121.471855,31.2510986;121.472015,31.2511864;121.47216,31.251276;121.472443,31.2514706;121.472694,31.2516403;121.472748,31.2516708;121.472786,31.2516937;121.472839,31.2517204;121.472923,31.2517548;121.473045,31.2517815;121.473175,31.2517948;121.473335,31.2518082;121.473671,31.2518082;121.473801,31.2518177;121.473923,31.2518215;121.474167,31.2518482;121.474258,31.2518616;121.47435,31.2518749;121.474434,31.251894;121.474655,31.251955;121.474838,31.2520218;121.475113,31.252142;121.475235,31.2521858;121.475372,31.2522316;121.475479,31.2522583;121.475609,31.252285;121.475929,31.2523518;121.475998,31.2523117;121.476234,31.2522259;121.476318,31.2522049;121.47641,31.252182;121.476479,31.2521648;121.476601,31.2521515;121.476639,31.2521515;121.47702,31.2523556;121.477081,31.2524052;121.477119,31.2524319;121.477173,31.2524986"
TR0249,2026-06-22T21:31:15,"121.439175,31.235771",3000,5,秣陵路：双向缓慢，从长安路到民立路严重拥堵，从梅园路到民立路严重拥堵；南北高架路：从共和新路立交桥到天目中路立交桥行驶缓慢；武宁路：从中宁路到中山北路行驶缓慢；沪太路：恒丰北路立交桥附近自北向南行驶缓慢；潮州路：自西向东缓慢，反向畅通；天目西路：外贸锦程大厦附近自西向东行驶缓慢；镇宁路：自北向南缓慢，从华山路到延安西路行驶缓慢；西康路：从宜昌路到长寿路行驶缓慢；镇坪路：自南向北缓慢，反向畅通；铜仁路：自南向北缓慢，反向畅通；长安路：从秣陵路到恒丰路行驶缓慢；民立路：从共和路到天目西路行驶缓慢。,2,轻度拥堵,73.40%,3.69%,0.74%,22.17%,虬江路,1,expedite,四川北路附近,199,38,-3940,"121.48349,31.2547073;121.482437,31.2543907"
TR0250,2026-06-22T21:31:15,"121.439175,31.235771",3000,5,秣陵路：双向缓慢，从长安路到民立路严重拥堵，从梅园路到民立路严重拥堵；南北高架路：从共和新路立交桥到天目中路立交桥行驶缓慢；武宁路：从中宁路到中山北路行驶缓慢；沪太路：恒丰北路立交桥附近自北向南行驶缓慢；潮州路：自西向东缓慢，反向畅通；天目西路：外贸锦程大厦附近自西向东行驶缓慢；镇宁路：自北向南缓慢，从华山路到延安西路行驶缓慢；西康路：从宜昌路到长寿路行驶缓慢；镇坪路：自南向北缓慢，反向畅通；铜仁路：自南向北缓慢，反向畅通；长安路：从秣陵路到恒丰路行驶缓慢；民立路：从共和路到天目西路行驶缓慢。,2,轻度拥堵,73.40%,3.69%,0.74%,22.17%,芷江中路,1,expedite,从西藏北路到东宝兴路,35,25,4710,"121.467484,31.2577953;121.467735,31.2578888;121.467819,31.257925;121.467926,31.2579784;121.46907,31.2586403;121.469482,31.2588577;121.469673,31.2589607;121.470383,31.2593994;121.470634,31.2595253;121.470772,31.2595863;121.471603,31.2599239;121.471878,31.2600269;121.472061,31.2601109;121.472252,31.260191;121.472466,31.2602882;121.473198,31.2607384;121.473793,31.2611465;121.473923,31.2612438;121.474014,31.261343;121.474258,31.2616081;121.47451,31.2618885;121.47506,31.2624092;121.475197,31.2625637"
TR0251,2026-06-22T21:31:15,"121.439175,31.235771",3000,5,秣陵路：双向缓慢，从长安路到民立路严重拥堵，从梅园路到民立路严重拥堵；南北高架路：从共和新路立交桥到天目中路立交桥行驶缓慢；武宁路：从中宁路到中山北路行驶缓慢；沪太路：恒丰北路立交桥附近自北向南行驶缓慢；潮州路：自西向东缓慢，反向畅通；天目西路：外贸锦程大厦附近自西向东行驶缓慢；镇宁路：自北向南缓慢，从华山路到延安西路行驶缓慢；西康路：从宜昌路到长寿路行驶缓慢；镇坪路：自南向北缓慢，反向畅通；铜仁路：自南向北缓慢，反向畅通；长安路：从秣陵路到恒丰路行驶缓慢；民立路：从共和路到天目西路行驶缓慢。,2,轻度拥堵,73.40%,3.69%,0.74%,22.17%,芷江中路,1,expedite,从东宝兴路到西藏北路,215,25,-2438,"121.475174,31.2625828;121.475021,31.2624264;121.474487,31.2619076;121.47422,31.2616272;121.473991,31.2613602;121.4739,31.2612629;121.473778,31.2611694;121.473175,31.2607594;121.472443,31.2603111;121.472229,31.2602177;121.472046,31.2601376;121.47187,31.2600498;121.471581,31.2599506;121.470757,31.259613;121.470612,31.259552;121.470367,31.2594223;121.46965,31.2589817;121.469467,31.2588844;121.469048,31.258667;121.467911,31.2579994;121.467804,31.257946;121.467712,31.2579155;121.467468,31.257822"
TR0252,2026-06-22T21:31:15,"121.439175,31.235771",3000,5,秣陵路：双向缓慢，从长安路到民立路严重拥堵，从梅园路到民立路严重拥堵；南北高架路：从共和新路立交桥到天目中路立交桥行驶缓慢；武宁路：从中宁路到中山北路行驶缓慢；沪太路：恒丰北路立交桥附近自北向南行驶缓慢；潮州路：自西向东缓慢，反向畅通；天目西路：外贸锦程大厦附近自西向东行驶缓慢；镇宁路：自北向南缓慢，从华山路到延安西路行驶缓慢；西康路：从宜昌路到长寿路行驶缓慢；镇坪路：自南向北缓慢，反向畅通；铜仁路：自南向北缓慢，反向畅通；长安路：从秣陵路到恒丰路行驶缓慢；民立路：从共和路到天目西路行驶缓慢。,2,轻度拥堵,73.40%,3.69%,0.74%,22.17%,南北高架路,0,unknown,从天目中路立交桥到耀华路出入口,281,,"-45,-46,-48,-49,-50,-51","121.462669,31.2417202;121.462837,31.2413635;121.462967,31.2410393;121.463097,31.2409248;121.464256,31.2381554;121.46447,31.2377243;121.464767,31.2371559;121.465034,31.2367153;121.465355,31.2362003;121.465851,31.2353382;121.466064,31.2348938;121.466171,31.2346001;121.466255,31.2343025;121.466385,31.2337608;121.466766,31.2317505;121.466904,31.2308941;121.466949,31.2304401;121.467033,31.2295418;121.467102,31.2284985;121.467155,31.2278843;121.467163,31.2277241;121.467186,31.2274971;121.467224,31.227232;121.467323,31.2268219;121.467468,31.2264271;121.467636,31.2260799;121.467857,31.2257061;121.468086,31.2254009;121.46843,31.2250137;121.468781,31.2246704;121.469116,31.2243519;121.469154,31.2243118;121.469528,31.2239742;121.470345,31.2231998;121.470741,31.2227993;121.470963,31.2225246;121.4711,31.2223244;121.471306,31.2219868;121.471428,31.2217503;121.471519,31.2214985;121.471626,31.2211742;121.47168,31.2209873;121.471695,31.220911;121.471733,31.2206535;121.471771,31.2203598;121.471786,31.2200985;121.471779,31.2198582;121.471733,31.2194443;121.471672,31.2191467;121.471619,31.2189198;121.471252,31.2175827;121.471107,31.2170258;121.470848,31.216053;121.470558,31.214983;121.470459,31.2145023;121.470436,31.2142754;121.470436,31.2140484;121.470444,31.2138481;121.470482,31.2135506;121.470528,31.2132969;121.470566,31.2131519;121.470619,31.2129917;121.470665,31.212862;121.470772,31.2126484;121.470833,31.2125111;121.471558,31.2113743;121.471672,31.2112141;121.471992,31.2107239;121.472305,31.2102585;121.472466,31.2099991;121.47271,31.2095375;121.472908,31.2091331;121.473656,31.2071247;121.474274,31.2054214;121.474365,31.205164;121.474792,31.2039948;121.474869,31.2038136;121.475197,31.2029247;121.475967,31.2008305;121.47657,31.1991329;121.477013,31.197937;121.477112,31.1976852;121.477341,31.1971779;121.477478,31.1969337;121.477867,31.1962719;121.478409,31.1953831;121.478615,31.1950264;121.47879,31.1946983;121.478897,31.1944675;121.479164,31.1938171;121.479736,31.192337;121.481445,31.1879768;121.482185,31.1860676;121.484344,31.1805592;121.484489,31.1801815;121.48455,31.1799908;121.484604,31.1797371;121.484634,31.1795597;121.484642,31.179369;121.484634,31.1791248;121.484604,31.178915;121.484558,31.1787014;121.484497,31.178503;121.484344,31.1781425;121.484215,31.1779156;121.484009,31.1776485;121.483719,31.1773376;121.483429,31.177103;121.483017,31.1768532;121.480675,31.1756668;121.479958,31.175312;121.479378,31.1749992;121.479065,31.1747818;121.478806,31.1745548;121.478714,31.174448;121.478447,31.1741295;121.478195,31.1736984;121.478073,31.173378;121.478027,31.1732178;121.477974,31.1729202;121.477943,31.1726627;121.477959,31.1723385;121.477974,31.1722126;121.477997,31.1720581;121.478043,31.1718845;121.478081,31.1717415;121.478256,31.1713066;121.478523,31.1706409;121.478935,31.1696491;121.479744,31.167614;121.479927,31.1670628"
TR0253,2026-06-22T21:31:15,"121.439175,31.235771",3000,5,秣陵路：双向缓慢，从长安路到民立路严重拥堵，从梅园路到民立路严重拥堵；南北高架路：从共和新路立交桥到天目中路立交桥行驶缓慢；武宁路：从中宁路到中山北路行驶缓慢；沪太路：恒丰北路立交桥附近自北向南行驶缓慢；潮州路：自西向东缓慢，反向畅通；天目西路：外贸锦程大厦附近自西向东行驶缓慢；镇宁路：自北向南缓慢，从华山路到延安西路行驶缓慢；西康路：从宜昌路到长寿路行驶缓慢；镇坪路：自南向北缓慢，反向畅通；铜仁路：自南向北缓慢，反向畅通；长安路：从秣陵路到恒丰路行驶缓慢；民立路：从共和路到天目西路行驶缓慢。,2,轻度拥堵,73.40%,3.69%,0.74%,22.17%,瑞金一路,0,unknown,从淮海中路到延安东路立交桥,96,,889,"121.463943,31.2188797;121.463676,31.2197647;121.463608,31.2199554;121.463562,31.2201595;121.463516,31.2203503;121.463379,31.221302;121.463364,31.2214451;121.463287,31.2219296;121.463272,31.2220535;121.463226,31.2223511;121.463181,31.2227192;121.463173,31.2228584;121.463272,31.2237377;121.463272,31.2238445;121.463287,31.2239609;121.463287,31.2240849"
TR0254,2026-06-22T21:31:15,"121.439175,31.235771",3000,5,秣陵路：双向缓慢，从长安路到民立路严重拥堵，从梅园路到民立路严重拥堵；南北高架路：从共和新路立交桥到天目中路立交桥行驶缓慢；武宁路：从中宁路到中山北路行驶缓慢；沪太路：恒丰北路立交桥附近自北向南行驶缓慢；潮州路：自西向东缓慢，反向畅通；天目西路：外贸锦程大厦附近自西向东行驶缓慢；镇宁路：自北向南缓慢，从华山路到延安西路行驶缓慢；西康路：从宜昌路到长寿路行驶缓慢；镇坪路：自南向北缓慢，反向畅通；铜仁路：自南向北缓慢，反向畅通；长安路：从秣陵路到恒丰路行驶缓慢；民立路：从共和路到天目西路行驶缓慢。,2,轻度拥堵,73.40%,3.69%,0.74%,22.17%,岳阳路,0,unknown,从肇嘉浜路到汾阳路,100,,"4156,4862","121.4533,31.2006493;121.453262,31.2007465;121.453247,31.2007904;121.453102,31.2015686;121.452797,31.2032661;121.452782,31.2035294;121.452766,31.2036095;121.45269,31.2039337;121.452553,31.2047157;121.452461,31.2051773;121.452293,31.2060089;121.452072,31.2070217;121.451981,31.2076225;121.451874,31.2082043;121.451843,31.2083416;121.451813,31.2085552;121.451447,31.2089863"
TR0255,2026-06-22T21:31:15,"121.439175,31.235771",3000,5,秣陵路：双向缓慢，从长安路到民立路严重拥堵，从梅园路到民立路严重拥堵；南北高架路：从共和新路立交桥到天目中路立交桥行驶缓慢；武宁路：从中宁路到中山北路行驶缓慢；沪太路：恒丰北路立交桥附近自北向南行驶缓慢；潮州路：自西向东缓慢，反向畅通；天目西路：外贸锦程大厦附近自西向东行驶缓慢；镇宁路：自北向南缓慢，从华山路到延安西路行驶缓慢；西康路：从宜昌路到长寿路行驶缓慢；镇坪路：自南向北缓慢，反向畅通；铜仁路：自南向北缓慢，反向畅通；长安路：从秣陵路到恒丰路行驶缓慢；民立路：从共和路到天目西路行驶缓慢。,2,轻度拥堵,73.40%,3.69%,0.74%,22.17%,太原路,0,unknown,从汾阳路到肇嘉浜路,283,,-4931,"121.453873,31.2103519;121.453995,31.2101059;121.454025,31.2099857;121.454147,31.2095642;121.454613,31.2078762;121.454758,31.2073059;121.454773,31.2072525;121.454811,31.207098;121.455002,31.2063999;121.45536,31.2050629;121.45623,31.2018223;121.456406,31.2014351"
TR0256,2026-06-22T21:31:15,"121.439175,31.235771",3000,5,秣陵路：双向缓慢，从长安路到民立路严重拥堵，从梅园路到民立路严重拥堵；南北高架路：从共和新路立交桥到天目中路立交桥行驶缓慢；武宁路：从中宁路到中山北路行驶缓慢；沪太路：恒丰北路立交桥附近自北向南行驶缓慢；潮州路：自西向东缓慢，反向畅通；天目西路：外贸锦程大厦附近自西向东行驶缓慢；镇宁路：自北向南缓慢，从华山路到延安西路行驶缓慢；西康路：从宜昌路到长寿路行驶缓慢；镇坪路：自南向北缓慢，反向畅通；铜仁路：自南向北缓慢，反向畅通；长安路：从秣陵路到恒丰路行驶缓慢；民立路：从共和路到天目西路行驶缓慢。,2,轻度拥堵,73.40%,3.69%,0.74%,22.17%,桃江路,0,unknown,从汾阳路到乌鲁木齐南路,179,,"-4149,-4148","121.451431,31.2089787;121.451225,31.2090569;121.450417,31.2093506;121.450081,31.2094803;121.449905,31.2095203;121.449509,31.2095032;121.449135,31.2094669;121.448776,31.2094173;121.448624,31.209383;121.44841,31.2093067;121.448181,31.2092228;121.447922,31.2091198;121.447609,31.2089863"
TR0257,2026-06-22T21:31:15,"121.439175,31.235771",3000,5,秣陵路：双向缓慢，从长安路到民立路严重拥堵，从梅园路到民立路严重拥堵；南北高架路：从共和新路立交桥到天目中路立交桥行驶缓慢；武宁路：从中宁路到中山北路行驶缓慢；沪太路：恒丰北路立交桥附近自北向南行驶缓慢；潮州路：自西向东缓慢，反向畅通；天目西路：外贸锦程大厦附近自西向东行驶缓慢；镇宁路：自北向南缓慢，从华山路到延安西路行驶缓慢；西康路：从宜昌路到长寿路行驶缓慢；镇坪路：自南向北缓慢，反向畅通；铜仁路：自南向北缓慢，反向畅通；长安路：从秣陵路到恒丰路行驶缓慢；民立路：从共和路到天目西路行驶缓慢。,2,轻度拥堵,73.40%,3.69%,0.74%,22.17%,建国中路,0,unknown,从瑞金二路到重庆南路,26,,1301,"121.466652,31.2084846;121.469246,31.2095871;121.470009,31.2099075;121.470131,31.2099724;121.470802,31.2102661;121.471893,31.2107372;121.472145,31.2108307"
TR0258,2026-06-22T21:31:15,"121.439175,31.235771",3000,5,秣陵路：双向缓慢，从长安路到民立路严重拥堵，从梅园路到民立路严重拥堵；南北高架路：从共和新路立交桥到天目中路立交桥行驶缓慢；武宁路：从中宁路到中山北路行驶缓慢；沪太路：恒丰北路立交桥附近自北向南行驶缓慢；潮州路：自西向东缓慢，反向畅通；天目西路：外贸锦程大厦附近自西向东行驶缓慢；镇宁路：自北向南缓慢，从华山路到延安西路行驶缓慢；西康路：从宜昌路到长寿路行驶缓慢；镇坪路：自南向北缓慢，反向畅通；铜仁路：自南向北缓慢，反向畅通；长安路：从秣陵路到恒丰路行驶缓慢；民立路：从共和路到天目西路行驶缓慢。,2,轻度拥堵,73.40%,3.69%,0.74%,22.17%,合肥路,0,unknown,从重庆南路到肇周路,16,,"2701,2703","121.470352,31.2137032;121.470703,31.213728;121.470833,31.2137337;121.47142,31.213728;121.472382,31.2137375;121.472466,31.213747;121.472572,31.2137642;121.472603,31.2137737;121.472687,31.2138004;121.473228,31.213974;121.473679,31.2141075;121.475288,31.2146263;121.475449,31.2146568;121.476677,31.2150307;121.478745,31.2156982;121.480606,31.2162838"
TR0259,2026-06-22T21:31:15,"121.439175,31.235771",3000,5,秣陵路：双向缓慢，从长安路到民立路严重拥堵，从梅园路到民立路严重拥堵；南北高架路：从共和新路立交桥到天目中路立交桥行驶缓慢；武宁路：从中宁路到中山北路行驶缓慢；沪太路：恒丰北路立交桥附近自北向南行驶缓慢；潮州路：自西向东缓慢，反向畅通；天目西路：外贸锦程大厦附近自西向东行驶缓慢；镇宁路：自北向南缓慢，从华山路到延安西路行驶缓慢；西康路：从宜昌路到长寿路行驶缓慢；镇坪路：自南向北缓慢，反向畅通；铜仁路：自南向北缓慢，反向畅通；长安路：从秣陵路到恒丰路行驶缓慢；民立路：从共和路到天目西路行驶缓慢。,2,轻度拥堵,73.40%,3.69%,0.74%,22.17%,光复西路,0,unknown,从凯旋路桥到中江路,192,,"-4159,-4833,-4832","121.413361,31.2235165;121.413109,31.2234097;121.412994,31.2233334;121.412979,31.2232895;121.412979,31.2232571;121.412949,31.223217;121.412933,31.223196;121.412926,31.2231827;121.41288,31.2231598;121.412216,31.2229862;121.412003,31.2229385;121.411911,31.2229195;121.411682,31.2228851;121.411423,31.2228584;121.411263,31.2228756;121.411285,31.2229862;121.410736,31.2229729;121.410454,31.2228355;121.410347,31.2228222;121.409508,31.2227688;121.409264,31.2227383;121.408997,31.2226925;121.408714,31.2226315;121.408363,31.2225342;121.408104,31.2224445;121.40789,31.2223549;121.407646,31.2222347;121.407379,31.2221031;121.406952,31.2218666;121.406883,31.2218304;121.406097,31.221489;121.405777,31.2213516;121.405388,31.2212124;121.404922,31.2210846;121.404526,31.2209949;121.404015,31.2209072;121.403748,31.2208748;121.403435,31.2208481;121.403198,31.2208443;121.402939,31.2208405;121.402596,31.2208443;121.402283,31.220871;121.401901,31.2209282;121.401604,31.2209949;121.401466,31.2210579;121.4011,31.2212391;121.400925,31.2212791;121.400772,31.2212925;121.400497,31.2212982;121.398949,31.2213326;121.398346,31.2213116;121.398216,31.2213116;121.398079,31.2212925;121.397865,31.2212448;121.397659,31.2211819;121.397362,31.2210617;121.397034,31.2209778;121.396942,31.2209415;121.3955,31.2203064;121.394669,31.2199726;121.394402,31.2198887;121.39415,31.2198257;121.393944,31.2197952;121.393661,31.2197552;121.392937,31.2197285"
TR0260,2026-06-22T21:31:15,"121.439175,31.235771",3000,5,秣陵路：双向缓慢，从长安路到民立路严重拥堵，从梅园路到民立路严重拥堵；南北高架路：从共和新路立交桥到天目中路立交桥行驶缓慢；武宁路：从中宁路到中山北路行驶缓慢；沪太路：恒丰北路立交桥附近自北向南行驶缓慢；潮州路：自西向东缓慢，反向畅通；天目西路：外贸锦程大厦附近自西向东行驶缓慢；镇宁路：自北向南缓慢，从华山路到延安西路行驶缓慢；西康路：从宜昌路到长寿路行驶缓慢；镇坪路：自南向北缓慢，反向畅通；铜仁路：自南向北缓慢，反向畅通；长安路：从秣陵路到恒丰路行驶缓慢；民立路：从共和路到天目西路行驶缓慢。,2,轻度拥堵,73.40%,3.69%,0.74%,22.17%,梅岭支路,0,unknown,从中山北路到梅岭南路,115,,4754,"121.411308,31.2334709;121.411148,31.2337341;121.410866,31.2343121;121.410362,31.2352448;121.410187,31.2355022"
TR0261,2026-06-22T21:31:15,"121.439175,31.235771",3000,5,秣陵路：双向缓慢，从长安路到民立路严重拥堵，从梅园路到民立路严重拥堵；南北高架路：从共和新路立交桥到天目中路立交桥行驶缓慢；武宁路：从中宁路到中山北路行驶缓慢；沪太路：恒丰北路立交桥附近自北向南行驶缓慢；潮州路：自西向东缓慢，反向畅通；天目西路：外贸锦程大厦附近自西向东行驶缓慢；镇宁路：自北向南缓慢，从华山路到延安西路行驶缓慢；西康路：从宜昌路到长寿路行驶缓慢；镇坪路：自南向北缓慢，反向畅通；铜仁路：自南向北缓慢，反向畅通；长安路：从秣陵路到恒丰路行驶缓慢；民立路：从共和路到天目西路行驶缓慢。,2,轻度拥堵,73.40%,3.69%,0.74%,22.17%,兰溪路,0,unknown,从曹杨路到桃浦路,112,,"3928,3923,3922","121.409828,31.2379551;121.408508,31.2380047;121.40818,31.2380142;121.40802,31.238018;121.407784,31.2380314;121.407562,31.2380581;121.407455,31.2380848;121.407341,31.2381153;121.407257,31.2381458;121.407166,31.2381821;121.407097,31.2382183;121.407028,31.2382526;121.406914,31.2383251;121.40683,31.2383919;121.406487,31.2386398;121.406181,31.2388573;121.405937,31.2390308;121.404388,31.2401333;121.403313,31.2408886;121.403099,31.2411423;121.402985,31.2412891;121.402885,31.2414303;121.402824,31.2415371;121.402763,31.2416401;121.402687,31.2417774;121.402588,31.242054;121.402542,31.2421741;121.402519,31.2423286;121.402489,31.2424889;121.402473,31.2426395;121.402451,31.2427769;121.402382,31.2440395;121.402367,31.2444096;121.402367,31.2446098;121.402367,31.2447548;121.402344,31.2452888;121.402237,31.2465324;121.402161,31.2478352;121.40213,31.2481728;121.40213,31.2483826;121.402046,31.2494392;121.401985,31.2502098;121.401894,31.2507553;121.401833,31.2509861;121.401566,31.2517338;121.401512,31.2518749;121.401367,31.2522583;121.401245,31.2525959;121.401123,31.2530231;121.40107,31.2534618;121.401054,31.2539062;121.40107,31.2542763;121.401047,31.254427;121.401047,31.2549248;121.401031,31.255085;121.401001,31.2552853;121.400932,31.2554836;121.400833,31.2557201;121.400696,31.2559814;121.400551,31.2562008;121.400391,31.2564754;121.400299,31.2566586;121.400246,31.2568092;121.400215,31.2570629;121.400108,31.2576141;121.400032,31.2579021;121.400002,31.2580185;121.399948,31.2581425;121.399841,31.2583294;121.39978,31.2584362;121.399414,31.2589283;121.399307,31.2590752;121.399147,31.2594128;121.399055,31.2596931;121.398949,31.2600403;121.398865,31.260294;121.398773,31.2605648;121.398758,31.2606316"
TR0262,2026-06-22T21:31:15,"121.439175,31.235771",3000,5,秣陵路：双向缓慢，从长安路到民立路严重拥堵，从梅园路到民立路严重拥堵；南北高架路：从共和新路立交桥到天目中路立交桥行驶缓慢；武宁路：从中宁路到中山北路行驶缓慢；沪太路：恒丰北路立交桥附近自北向南行驶缓慢；潮州路：自西向东缓慢，反向畅通；天目西路：外贸锦程大厦附近自西向东行驶缓慢；镇宁路：自北向南缓慢，从华山路到延安西路行驶缓慢；西康路：从宜昌路到长寿路行驶缓慢；镇坪路：自南向北缓慢，反向畅通；铜仁路：自南向北缓慢，反向畅通；长安路：从秣陵路到恒丰路行驶缓慢；民立路：从共和路到天目西路行驶缓慢。,2,轻度拥堵,73.40%,3.69%,0.74%,22.17%,襄阳南路,0,unknown,从肇嘉浜路到淮海中路,97,,"4778,4099","121.458809,31.2020893;121.458687,31.202383;121.458633,31.2025204;121.458282,31.2037296;121.458168,31.2041607;121.458122,31.2045422;121.458076,31.2052097;121.458023,31.2064304;121.457947,31.2080135;121.457916,31.208746;121.457901,31.2090836;121.457634,31.2106762;121.457626,31.2108002;121.457558,31.2112007;121.457314,31.2126179;121.45726,31.2128181;121.457016,31.2142181;121.456848,31.2151203;121.456726,31.215786;121.456703,31.2158585"
TR0263,2026-06-22T21:31:15,"121.439175,31.235771",3000,5,秣陵路：双向缓慢，从长安路到民立路严重拥堵，从梅园路到民立路严重拥堵；南北高架路：从共和新路立交桥到天目中路立交桥行驶缓慢；武宁路：从中宁路到中山北路行驶缓慢；沪太路：恒丰北路立交桥附近自北向南行驶缓慢；潮州路：自西向东缓慢，反向畅通；天目西路：外贸锦程大厦附近自西向东行驶缓慢；镇宁路：自北向南缓慢，从华山路到延安西路行驶缓慢；西康路：从宜昌路到长寿路行驶缓慢；镇坪路：自南向北缓慢，反向畅通；铜仁路：自南向北缓慢，反向畅通；长安路：从秣陵路到恒丰路行驶缓慢；民立路：从共和路到天目西路行驶缓慢。,2,轻度拥堵,73.40%,3.69%,0.74%,22.17%,瑞金二路,0,unknown,从徐家汇路到淮海中路,102,,"883,4060,884,886","121.467545,31.2049961;121.467484,31.2052174;121.467445,31.2052975;121.466934,31.2072792;121.466652,31.2084846;121.466507,31.2090492;121.466187,31.2103119;121.465797,31.2118053;121.465431,31.2132092;121.464966,31.2148228;121.46489,31.2151203;121.464783,31.2155476;121.464569,31.2164974;121.46431,31.2174759;121.464264,31.217617;121.464211,31.2178135;121.464172,31.2180405;121.464119,31.2182713;121.463997,31.2187157;121.463943,31.2188797"
TR0264,2026-06-22T21:31:15,"121.439175,31.235771",3000,5,秣陵路：双向缓慢，从长安路到民立路严重拥堵，从梅园路到民立路严重拥堵；南北高架路：从共和新路立交桥到天目中路立交桥行驶缓慢；武宁路：从中宁路到中山北路行驶缓慢；沪太路：恒丰北路立交桥附近自北向南行驶缓慢；潮州路：自西向东缓慢，反向畅通；天目西路：外贸锦程大厦附近自西向东行驶缓慢；镇宁路：自北向南缓慢，从华山路到延安西路行驶缓慢；西康路：从宜昌路到长寿路行驶缓慢；镇坪路：自南向北缓慢，反向畅通；铜仁路：自南向北缓慢，反向畅通；长安路：从秣陵路到恒丰路行驶缓慢；民立路：从共和路到天目西路行驶缓慢。,2,轻度拥堵,73.40%,3.69%,0.74%,22.17%,陕西南路,0,unknown,从延安中路到肇嘉浜路,282,,-2496,"121.456802,31.2237206;121.456818,31.2235203;121.456802,31.2231903;121.456833,31.2224941;121.456856,31.2222614;121.456886,31.2219162;121.456947,31.2217331;121.457176,31.221302;121.457344,31.2210712;121.457619,31.220356;121.457687,31.2201786;121.457687,31.2201862;121.457878,31.2196445;121.458061,31.2190704;121.458145,31.2188587;121.458206,31.2186794;121.458237,31.2185287;121.45829,31.2183876;121.458649,31.2176628;121.459061,31.2168407;121.459221,31.2165546;121.459343,31.2162533;121.459381,31.2161636;121.459396,31.2160587;121.459412,31.2159557;121.459419,31.2159195;121.459465,31.2158127;121.459801,31.2151508;121.460091,31.2146702;121.46051,31.2138538;121.460701,31.21348;121.460892,31.2128754;121.461281,31.2114487;121.461388,31.2110348;121.461494,31.2104969;121.461548,31.2101917;121.461761,31.2084808;121.461845,31.2078762;121.461998,31.2066307;121.462097,31.2058315;121.462143,31.2054482;121.462135,31.2052841;121.462135,31.205267;121.462158,31.2052765;121.462135,31.205267;121.462166,31.2052708;121.462135,31.2052631;121.462166,31.2052708;121.462242,31.2046528;121.462242,31.2045326;121.462242,31.2042351;121.462242,31.2029953"
TR0265,2026-06-22T21:31:15,"121.439175,31.235771",3000,5,秣陵路：双向缓慢，从长安路到民立路严重拥堵，从梅园路到民立路严重拥堵；南北高架路：从共和新路立交桥到天目中路立交桥行驶缓慢；武宁路：从中宁路到中山北路行驶缓慢；沪太路：恒丰北路立交桥附近自北向南行驶缓慢；潮州路：自西向东缓慢，反向畅通；天目西路：外贸锦程大厦附近自西向东行驶缓慢；镇宁路：自北向南缓慢，从华山路到延安西路行驶缓慢；西康路：从宜昌路到长寿路行驶缓慢；镇坪路：自南向北缓慢，反向畅通；铜仁路：自南向北缓慢，反向畅通；长安路：从秣陵路到恒丰路行驶缓慢；民立路：从共和路到天目西路行驶缓慢。,2,轻度拥堵,73.40%,3.69%,0.74%,22.17%,延庆路,0,unknown,从常熟路到东湖路,40,,"4417,4418","121.448814,31.2143059;121.448868,31.2143288;121.448959,31.2143383;121.449028,31.2143593;121.45018,31.2148228;121.450417,31.2149067;121.450775,31.2150173;121.451233,31.2151814;121.451561,31.2153072;121.45166,31.2153511;121.451752,31.2154083;121.451927,31.2155342;121.452141,31.2157421;121.452248,31.2158756;121.452347,31.2160625;121.4524,31.2162132;121.452423,31.2162933;121.452423,31.2163601;121.452446,31.2164631;121.452446,31.2165604;121.452423,31.216671;121.452393,31.2168808"
TR0266,2026-06-22T21:31:15,"121.439175,31.235771",3000,5,秣陵路：双向缓慢，从长安路到民立路严重拥堵，从梅园路到民立路严重拥堵；南北高架路：从共和新路立交桥到天目中路立交桥行驶缓慢；武宁路：从中宁路到中山北路行驶缓慢；沪太路：恒丰北路立交桥附近自北向南行驶缓慢；潮州路：自西向东缓慢，反向畅通；天目西路：外贸锦程大厦附近自西向东行驶缓慢；镇宁路：自北向南缓慢，从华山路到延安西路行驶缓慢；西康路：从宜昌路到长寿路行驶缓慢；镇坪路：自南向北缓慢，反向畅通；铜仁路：自南向北缓慢，反向畅通；长安路：从秣陵路到恒丰路行驶缓慢；民立路：从共和路到天目西路行驶缓慢。,2,轻度拥堵,73.40%,3.69%,0.74%,22.17%,新乐路,0,unknown,从东湖路到陕西南路,20,,4102,"121.452782,31.2167549;121.452888,31.2168407;121.452942,31.2168713;121.452972,31.2168884;121.453056,31.2169151;121.453407,31.2170219;121.454063,31.2172318;121.455643,31.2177429;121.456749,31.2181377;121.456924,31.218195;121.457085,31.2182407;121.457352,31.2183113;121.458237,31.2185287"
TR0267,2026-06-22T21:31:15,"121.439175,31.235771",3000,5,秣陵路：双向缓慢，从长安路到民立路严重拥堵，从梅园路到民立路严重拥堵；南北高架路：从共和新路立交桥到天目中路立交桥行驶缓慢；武宁路：从中宁路到中山北路行驶缓慢；沪太路：恒丰北路立交桥附近自北向南行驶缓慢；潮州路：自西向东缓慢，反向畅通；天目西路：外贸锦程大厦附近自西向东行驶缓慢；镇宁路：自北向南缓慢，从华山路到延安西路行驶缓慢；西康路：从宜昌路到长寿路行驶缓慢；镇坪路：自南向北缓慢，反向畅通；铜仁路：自南向北缓慢，反向畅通；长安路：从秣陵路到恒丰路行驶缓慢；民立路：从共和路到天目西路行驶缓慢。,2,轻度拥堵,73.40%,3.69%,0.74%,22.17%,襄阳北路,0,unknown,从淮海中路到巨鹿路,113,,4108,"121.456703,31.2158585;121.455727,31.2176094;121.455643,31.2177429;121.455055,31.2190361;121.454994,31.2192001;121.454826,31.2195339;121.454666,31.2198715;121.454117,31.2210541"
TR0268,2026-06-22T21:31:15,"121.439175,31.235771",3000,5,秣陵路：双向缓慢，从长安路到民立路严重拥堵，从梅园路到民立路严重拥堵；南北高架路：从共和新路立交桥到天目中路立交桥行驶缓慢；武宁路：从中宁路到中山北路行驶缓慢；沪太路：恒丰北路立交桥附近自北向南行驶缓慢；潮州路：自西向东缓慢，反向畅通；天目西路：外贸锦程大厦附近自西向东行驶缓慢；镇宁路：自北向南缓慢，从华山路到延安西路行驶缓慢；西康路：从宜昌路到长寿路行驶缓慢；镇坪路：自南向北缓慢，反向畅通；铜仁路：自南向北缓慢，反向畅通；长安路：从秣陵路到恒丰路行驶缓慢；民立路：从共和路到天目西路行驶缓慢。,2,轻度拥堵,73.40%,3.69%,0.74%,22.17%,茂名北路,0,unknown,从南京西路到延安中路,291,,-2512,"121.45845,31.2293415;121.45874,31.2291241;121.458878,31.2288761;121.459023,31.2286625;121.459122,31.2285118;121.459381,31.2279472;121.459633,31.2273331;121.459785,31.2269955;121.459938,31.2266846;121.46003,31.2264843;121.460144,31.2262135;121.460464,31.225378;121.460617,31.224968;121.460693,31.2246838;121.46077,31.2243595;121.460838,31.224062"
TR0269,2026-06-22T21:31:15,"121.439175,31.235771",3000,5,秣陵路：双向缓慢，从长安路到民立路严重拥堵，从梅园路到民立路严重拥堵；南北高架路：从共和新路立交桥到天目中路立交桥行驶缓慢；武宁路：从中宁路到中山北路行驶缓慢；沪太路：恒丰北路立交桥附近自北向南行驶缓慢；潮州路：自西向东缓慢，反向畅通；天目西路：外贸锦程大厦附近自西向东行驶缓慢；镇宁路：自北向南缓慢，从华山路到延安西路行驶缓慢；西康路：从宜昌路到长寿路行驶缓慢；镇坪路：自南向北缓慢，反向畅通；铜仁路：自南向北缓慢，反向畅通；长安路：从秣陵路到恒丰路行驶缓慢；民立路：从共和路到天目西路行驶缓慢。,2,轻度拥堵,73.40%,3.69%,0.74%,22.17%,石门一路,0,unknown,从延安中路到南京西路,103,,893,"121.463287,31.2240849;121.463287,31.2241859;121.463203,31.2251873;121.463058,31.2264309;121.463043,31.2266083;121.463028,31.2266846;121.463013,31.2267418;121.462959,31.2269249;121.462753,31.2276402;121.462639,31.2279873;121.462006,31.2294941;121.461647,31.2303371;121.461441,31.2308483"
TR0270,2026-06-22T21:31:15,"121.439175,31.235771",3000,5,秣陵路：双向缓慢，从长安路到民立路严重拥堵，从梅园路到民立路严重拥堵；南北高架路：从共和新路立交桥到天目中路立交桥行驶缓慢；武宁路：从中宁路到中山北路行驶缓慢；沪太路：恒丰北路立交桥附近自北向南行驶缓慢；潮州路：自西向东缓慢，反向畅通；天目西路：外贸锦程大厦附近自西向东行驶缓慢；镇宁路：自北向南缓慢，从华山路到延安西路行驶缓慢；西康路：从宜昌路到长寿路行驶缓慢；镇坪路：自南向北缓慢，反向畅通；铜仁路：自南向北缓慢，反向畅通；长安路：从秣陵路到恒丰路行驶缓慢；民立路：从共和路到天目西路行驶缓慢。,2,轻度拥堵,73.40%,3.69%,0.74%,22.17%,武定西路,0,unknown,从武宁南路到江苏路,211,,-4773,"121.436424,31.2270222;121.435944,31.2267551;121.434525,31.2260132;121.434296,31.2259026;121.434151,31.2258263;121.433891,31.2256584;121.433266,31.2252617;121.432899,31.2250576;121.432304,31.2247238;121.432213,31.2246761;121.432114,31.2246399;121.431984,31.2245998;121.431786,31.2245502;121.431694,31.2245331;121.431358,31.224472;121.431145,31.2244453;121.430984,31.2244358;121.430634,31.2243919;121.430382,31.2243328;121.43029,31.2242985;121.430206,31.2242584;121.43013,31.2242184;121.429764,31.2239475;121.429726,31.2239113;121.429634,31.2238216;121.42955,31.2236938;121.429375,31.223484;121.429268,31.2233562;121.428978,31.2230625"
TR0271,2026-06-22T21:31:15,"121.439175,31.235771",3000,5,秣陵路：双向缓慢，从长安路到民立路严重拥堵，从梅园路到民立路严重拥堵；南北高架路：从共和新路立交桥到天目中路立交桥行驶缓慢；武宁路：从中宁路到中山北路行驶缓慢；沪太路：恒丰北路立交桥附近自北向南行驶缓慢；潮州路：自西向东缓慢，反向畅通；天目西路：外贸锦程大厦附近自西向东行驶缓慢；镇宁路：自北向南缓慢，从华山路到延安西路行驶缓慢；西康路：从宜昌路到长寿路行驶缓慢；镇坪路：自南向北缓慢，反向畅通；铜仁路：自南向北缓慢，反向畅通；长安路：从秣陵路到恒丰路行驶缓慢；民立路：从共和路到天目西路行驶缓慢。,2,轻度拥堵,73.40%,3.69%,0.74%,22.17%,愚园东路,0,unknown,从常德路到铜仁路,20,,2536,"121.447647,31.2254086;121.447754,31.2255058;121.447807,31.2255383;121.448181,31.2257023;121.448288,31.2257423;121.448502,31.2258091;121.448761,31.2259026;121.448921,31.2259636;121.448997,31.2259903;121.449051,31.2259998;121.449135,31.2260094;121.449265,31.2259998;121.449333,31.2259998;121.44944,31.2260094;121.449722,31.2260571;121.449768,31.2260666;121.449867,31.2261066;121.449905,31.22612;121.449944,31.2261467"
