node_id,x,y,label,type
O62906018,121.4732812,31.2080433,,normal
O62906019,121.4725905,31.2096234,,normal
O62906021,121.4706289,31.2127932,,normal
O62906023,121.4704579,31.2132856,,normal
O62906024,121.470398,31.2137485,,normal
O62906025,121.4703981,31.2142993,,normal
O62906027,121.4705997,31.2152282,,normal
O62906028,121.4709818,31.2166975,,normal
O62906029,121.4710288,31.2173247,,normal
O62906030,121.4714062,31.2185734,,normal
O62906031,121.4717456,31.2198771,,normal
O62906032,121.4715574,31.2213141,,normal
O62906035,121.4714538,31.2215411,,normal
O62917024,121.4676072,31.2219006,,normal
O62917028,121.4675069,31.2232023,,normal
O62917029,121.4674704,31.2235329,,normal
O62917031,121.467482,31.2238041,,normal
O62917032,121.4672182,31.2237749,,normal
O62917034,121.4659077,31.2237368,,normal
O62917035,121.4649715,31.2238386,,normal
O62921380,121.4562039,31.2259269,,normal
O62924733,121.4557112,31.2247758,,normal
O63242769,121.4670011,31.2314181,,normal
O63242770,121.4666292,31.2333119,,normal
O63242772,121.4664212,31.2342341,,normal
O63242773,121.4661731,31.2349883,,normal
O63242774,121.465689,31.2359024,,normal
O63242775,121.464901,31.2371382,,normal
O63242778,121.4643442,31.2382299,,normal
O63242780,121.4627267,31.2421859,,normal
O63242781,121.4624823,31.2429345,,normal
O63242783,121.46239,31.2433149,,normal
O63242784,121.4623477,31.2436522,,normal
O63242785,121.4623572,31.2441969,,normal
O63242786,121.4624344,31.2447571,,normal
O63242788,121.4625065,31.2451213,,normal
O63242789,121.4625909,31.2455253,,normal
O63242790,121.4629135,31.2470509,,normal
O63242791,121.4632,31.2484374,,normal
O63242793,121.463636,31.2507022,,normal
O63242794,121.4636724,31.2510453,,normal
O63242795,121.4637828,31.2524872,,normal
O63242797,121.463784,31.2557718,,normal
O63279258,121.4636492,31.255939,,normal
O63279259,121.4636609,31.2524876,,normal
O63279260,121.4635391,31.2510485,,normal
O63279261,121.4635019,31.2507121,,normal
O63279263,121.4630777,31.2484535,,normal
O63279264,121.4627997,31.2470806,,normal
O63279265,121.4624276,31.2455489,,normal
O63279266,121.4622,31.2442891,,normal
O63279267,121.4621791,31.244085,,normal
O63279270,121.4622049,31.2434358,,normal
O63279271,121.4625349,31.2422558,,normal
O63279273,121.4639464,31.2388732,,normal
O63279275,121.4642149,31.238273,,normal
O63279276,121.4649495,31.2369069,,normal
O63279278,121.4655803,31.2358516,,normal
O63279279,121.4660677,31.2349448,,normal
O63279281,121.4662983,31.2341982,,normal
O63279282,121.4668203,31.2315843,,normal
O63283237,121.4601948,31.2357995,,normal
O63283238,121.4599021,31.2353178,,normal
O63283241,121.4574872,31.2335965,,normal
O63283242,121.4561523,31.2333223,,normal
O63283243,121.4554112,31.2331135,,normal
O63283244,121.4547045,31.2329473,,normal
O63283246,121.4536993,31.232732,,normal
O63283249,121.4520455,31.2322192,,normal
O63288791,121.4510117,31.2224207,,normal
O63288792,121.4540239,31.2234642,,normal
O63288794,121.4557317,31.2237937,,normal
O63288795,121.4563187,31.2238085,,normal
O63288796,121.4571771,31.2238083,,normal
O63288797,121.4586029,31.2238262,,normal
O63288799,121.4606253,31.2238566,,normal
O63288802,121.4617171,31.2238699,,normal
O63338306,121.4464154,31.2185655,,normal
O63338307,121.4459476,31.2196762,,normal
O63338308,121.4455844,31.220812,,normal
O64806122,121.4293984,31.2110163,,normal
O64806123,121.4282122,31.2104394,,normal
O64806124,121.4252392,31.2101035,,normal
O64806126,121.4175509,31.2084307,,normal
O64806128,121.4134568,31.2072096,,normal
O64806543,121.4316306,31.2179737,,normal
O64806544,121.4324372,31.2181025,,normal
O64806545,121.4336397,31.2183392,,normal
O64806546,121.4342515,31.2182969,,normal
O64806568,121.4330782,31.2143578,,normal
O64807049,121.4329341,31.2142948,,normal
O64807050,121.4318025,31.213811,,normal
O64807892,121.4516438,31.2225208,,normal
O64808790,121.4435515,31.2203359,,normal
O64808792,121.4444079,31.2207775,,normal
O64809064,121.4532077,31.2297503,,normal
O64809066,121.4537674,31.2289075,,normal
O64809068,121.4545286,31.2282738,,normal
O64809069,121.4548603,31.2277774,,normal
O64809070,121.4551107,31.2273294,,normal
O64809072,121.4557443,31.2264954,,normal
O64809714,121.4415547,31.2107606,,normal
O64809715,121.4461784,31.2105206,,normal
O64809717,121.4524622,31.211242,,normal
O64809718,121.4562211,31.2122716,,normal
O64809719,121.4582602,31.2128145,,normal
O64809720,121.4608654,31.2134615,,normal
O64811165,121.4123956,31.2094099,,normal
O64811166,121.4128135,31.2104474,,normal
O64811167,121.4127974,31.2112941,,normal
O64811169,121.412793,31.2121794,,normal
O64811178,121.410509,31.2306962,,normal
O64811181,121.4116489,31.2335112,,normal
O64811184,121.4126208,31.2348912,,normal
O64811185,121.4136458,31.2362956,,normal
O64811186,121.4141699,31.2371135,,normal
O64811187,121.415115,31.2384151,,normal
O64811188,121.415583,31.2389497,,normal
O64811189,121.416505,31.2397841,,normal
O64811190,121.4169679,31.2401226,,normal
O64812045,121.4109456,31.2262692,,normal
O64812047,121.4105025,31.2275924,,normal
O64812048,121.4102289,31.2288687,,normal
O64812049,121.4102875,31.2296898,,normal
O64813782,121.4819603,31.2186058,,normal
O64832922,121.43065,31.212916,,normal
O64832924,121.4301741,31.2121338,,normal
O64832925,121.4297506,31.2114958,,normal
O64837055,121.4631739,31.2143283,,normal
O64837057,121.4662003,31.2149832,,normal
O64837059,121.4692142,31.2154382,,normal
O64837060,121.4702866,31.2155847,,normal
O64837061,121.4717333,31.2154638,,normal
O64837062,121.471955,31.2154681,,normal
O64837067,121.4765603,31.2168579,,normal
O64837068,121.4776916,31.2172804,,normal
O64837069,121.4797231,31.2179383,,normal
O64841408,121.473464,31.2080925,,normal
O64841409,121.4727553,31.2096911,,normal
O64841410,121.4718329,31.2111895,,normal
O64841411,121.4707744,31.2129029,,normal
O64841412,121.4705484,31.2137408,,normal
O64841414,121.4705422,31.2142822,,normal
O64841416,121.4707302,31.2152132,,normal
O64841417,121.471101,31.2166387,,normal
O64841419,121.4719198,31.219879,,normal
O64841420,121.4718656,31.2207294,,normal
O64841425,121.469929,31.2237803,,normal
O64841426,121.4682457,31.225439,,normal
O64841427,121.4675639,31.2264802,,normal
O64841428,121.4672571,31.2279254,,normal
O64846819,121.4627891,31.2268683,,normal
O64846820,121.4642931,31.2272408,,normal
O64846821,121.465863,31.227462,,normal
O64846822,121.4673514,31.2275502,,normal
O64846823,121.4673822,31.2284874,,normal
O64849276,121.4621222,31.2309791,,normal
O64849280,121.4606128,31.2305483,,normal
O64849283,121.4585066,31.2292895,,normal
O64849286,121.4576394,31.2287959,,normal
O64849287,121.4566204,31.2282572,,normal
O64849291,121.4537996,31.2271158,,normal
O64849294,121.4516013,31.2259037,,normal
O64849297,121.4500705,31.2251576,,normal
O64849817,121.4509191,31.2240432,,normal
O64869242,121.4368732,31.2540504,,normal
O64869243,121.4377901,31.254429,,normal
O64869244,121.4409982,31.2556768,,normal
O64869247,121.4429737,31.2564472,,normal
O64869248,121.4462128,31.2574389,,normal
O64869249,121.4498057,31.2581563,,normal
O64914956,121.465216,31.2366402,,normal
O64917312,121.466957,31.2301235,,normal
O64917995,121.4666593,31.2323029,,normal
O64923860,121.4696029,31.2223205,,normal
O64925321,121.4716907,31.2208708,,normal
O64925322,121.4717758,31.2202525,,normal
O64925324,121.4717163,31.2194953,,normal
O64925325,121.4715687,31.2187348,,normal
O64925326,121.4710582,31.2169699,,normal
O64926223,121.4708396,31.2226111,,normal
O65667395,121.4343825,31.2152208,,normal
O65667396,121.4352894,31.2159759,,normal
O65667398,121.4370442,31.217135,,normal
O66899647,121.4475531,31.2238219,,normal
O66899648,121.4452168,31.222634,,normal
O68065435,121.4761111,31.2006838,,normal
O68522266,121.4321085,31.2162898,,normal
O68522692,121.4230901,31.2096132,,normal
O68522712,121.4224231,31.2094592,,normal
O68522804,121.4241526,31.2098463,,normal
O68522992,121.420783,31.2091692,,normal
O68523085,121.4110777,31.2055777,,normal
O68523208,121.410815,31.2053833,,normal
O68532553,121.4095689,31.2044995,,normal
O68532588,121.4138429,31.207415,,normal
O68532912,121.4116668,31.2059569,,normal
O68607281,121.4108563,31.2265611,,normal
O68607547,121.4106331,31.2274616,,normal
O68607666,121.4106635,31.2313531,,normal
O68608023,121.4121902,31.2341308,,normal
O68608106,121.4159075,31.2392718,,normal
O68608170,121.4165589,31.2396689,,normal
O68608835,121.422082,31.2430179,,normal
O68621605,121.4261585,31.2452953,,normal
O68621844,121.4449567,31.2571646,,normal
O68622547,121.4542015,31.2590597,,normal
O71017355,121.4317328,31.1812432,,normal
O71017356,121.4303398,31.1816459,,normal
O71017357,121.4277496,31.1821978,,normal
O71017358,121.4265097,31.1826496,,normal
O71017359,121.4254673,31.1834703,,normal
O71017360,121.4173833,31.1945944,,normal
O71017361,121.4138714,31.1992803,,normal
O71017363,121.4128835,31.2012277,,normal
O71017364,121.4122946,31.2037776,,normal
O71017365,121.4119423,31.2067543,,normal
O71017370,121.4124027,31.2097841,,normal
O71027548,121.4110014,31.2323174,,normal
O71070319,121.41296,31.2113412,,normal
O71120734,121.4664857,31.2332816,,normal
O71121973,121.4670646,31.2286074,,normal
O71121975,121.4671207,31.2280167,,normal
O71121976,121.4681374,31.225421,,normal
O71121978,121.4692832,31.2242903,,normal
O71121979,121.4705025,31.2231066,,normal
O71127134,121.4654827,31.2194794,,normal
O71127135,121.4661841,31.21976,,normal
O71127137,121.4687073,31.2208131,,normal
O71127139,121.4694662,31.2211255,,normal
O71127148,121.4770351,31.225362,,normal
O71127847,121.4722749,31.2275246,,normal
O71128708,121.4733289,31.2157099,,normal
O71129460,121.473128,31.2186984,,normal
O71129462,121.4731042,31.2194123,,normal
O71129470,121.475596,31.2200437,,normal
O71132194,121.459044,31.2379609,,normal
O71132195,121.4577296,31.2409235,,normal
O73626115,121.4645279,31.2190916,,normal
O73626278,121.4611913,31.217654,,normal
O73626352,121.4546668,31.2148963,,normal
O73626515,121.4518253,31.213694,,normal
O75349972,121.4911853,31.234442,,normal
O75349973,121.4885333,31.2336282,,normal
O75350956,121.4870218,31.2330552,,normal
O75350958,121.4848677,31.2326597,,normal
O75351492,121.4844605,31.2290525,,normal
O75352048,121.4824899,31.232361,,normal
O76482084,121.4709287,31.2155147,,normal
O76482085,121.4749926,31.2162747,,normal
O76482203,121.4676044,31.2151943,,normal
O76482720,121.4687331,31.213224,,normal
O76482721,121.4689299,31.2128342,,normal
O76482722,121.4693148,31.211783,,normal
O76482723,121.4696141,31.2108777,,normal
O76482724,121.4698928,31.2104228,,normal
O76482731,121.4667565,31.2081751,,normal
O76482738,121.4850736,31.215162,,normal
O78011918,121.4626327,31.2240145,,normal
O78011919,121.4639894,31.2239907,,normal
O78011920,121.4655319,31.2238865,,normal
O78011923,121.4686147,31.2240935,,normal
O78011924,121.470147,31.224677,,normal
O78011925,121.4736657,31.2261203,,normal
O78011927,121.4758448,31.2270653,,normal
O78011928,121.476845,31.2278307,,normal
O78011930,121.4775595,31.2282768,,normal
O78011931,121.4797477,31.2294394,,normal
O78013494,121.4378541,31.2174973,,normal
O78013496,121.439191,31.2185287,,normal
O78013497,121.4401629,31.2191492,,normal
O78013499,121.4405648,31.219296,,normal
O78013500,121.4414709,31.2194634,,normal
O78013501,121.4429367,31.2198371,,normal
O78013502,121.4441112,31.2205154,,normal
O78013503,121.4452762,31.2209174,,normal
O78013505,121.4467879,31.2211462,,normal
O78013507,121.4474519,31.2212583,,normal
O78013508,121.4484059,31.221482,,normal
O78013509,121.4501616,31.2220893,,normal
O78017290,121.4299894,31.2116192,,normal
O78017291,121.4306899,31.2127477,,normal
O78017292,121.4312903,31.2133416,,normal
O78017293,121.431794,31.2136963,,normal
O78017294,121.4330259,31.214252,,normal
O78017295,121.4344686,31.2151943,,normal
O78017296,121.4354692,31.2160359,,normal
O78017298,121.4369591,31.2170175,,normal
O78586278,121.476876,31.2277379,,normal
O78586279,121.4777493,31.228277,,normal
O78586280,121.4785001,31.2286745,,normal
O78603287,121.4576631,31.2239423,,normal
O78603289,121.4606079,31.2239794,,normal
O78603290,121.4662415,31.2238416,,normal
O78604042,121.4666902,31.2238305,,normal
O78604043,121.4681427,31.2240659,,normal
O78604044,121.4699424,31.2247108,,normal
O78604047,121.4748058,31.2267396,,normal
O78604049,121.4755651,31.227026,,normal
O78604050,121.4762669,31.227424,,normal
O78606951,121.4762322,31.2272869,,normal
O78607695,121.4678389,31.2240033,,normal
O78607867,121.4680303,31.2239366,,normal
O78614953,121.4527485,31.2230855,,normal
O78614954,121.4539986,31.223553,,normal
O78614955,121.454658,31.2237646,,normal
O78614957,121.4551118,31.2238518,,normal
O78614958,121.455694,31.2239093,,normal
O78614960,121.456495,31.2239379,,normal
O78620550,121.4309008,31.2131657,,normal
O78621048,121.4323285,31.213761,,normal
O78621049,121.4330298,31.214043,,normal
O78621050,121.4340595,31.2146197,,normal
O78621051,121.4343208,31.2148014,,normal
O78621053,121.4345641,31.2149688,,normal
O78621054,121.4377549,31.2172803,,normal
O78621979,121.4294436,31.213787,,normal
O78621980,121.4290665,31.2138094,,normal
O78621981,121.4286121,31.2137511,,normal
O78621983,121.4280587,31.2136543,,normal
O78621984,121.427669,31.2136198,,normal
O78622461,121.4279562,31.2147541,,normal
O78622766,121.4278667,31.2152397,,normal
O78623988,121.4274285,31.2147188,,normal
O78625608,121.4286657,31.2137655,,normal
O78627019,121.453045,31.2267455,,normal
O78629036,121.4394099,31.2184513,,normal
O78629037,121.44045,31.2190573,,normal
O78629038,121.4412606,31.2192505,,normal
O78629040,121.4421957,31.219374,,normal
O78629041,121.4435495,31.2199378,,normal
O78632220,121.4439844,31.2219018,,normal
O78632221,121.442479,31.2212239,,normal
O78632223,121.4413306,31.2201782,,normal
O78632226,121.4405901,31.2193827,,normal
O78632227,121.4397691,31.2190511,,normal
O81320423,121.4124796,31.2128814,,normal
O81320424,121.4122349,31.2133608,,normal
O81320425,121.4119207,31.2140492,,normal
O81320427,121.4113291,31.2155098,,normal
O81320428,121.4111262,31.2161791,,normal
O81320429,121.4108933,31.2173162,,normal
O81320430,121.4107713,31.218321,,normal
O81320431,121.4107571,31.2196943,,normal
O81320432,121.4108342,31.220986,,normal
O81320433,121.4109374,31.222125,,normal
O81320434,121.4109945,31.2232913,,normal
O81320435,121.4110758,31.2246563,,normal
O81320436,121.411097,31.2253668,,normal
O81320437,121.4110309,31.225955,,normal
O81321631,121.4182776,31.2409599,,normal
O81321632,121.4211545,31.2425992,,normal
O81321633,121.4237532,31.2440592,,normal
O81321635,121.4261663,31.2453658,,normal
O81321636,121.4278779,31.2460374,,normal
O81321637,121.4292285,31.2467873,,normal
O81321638,121.4300151,31.2473652,,normal
O81321640,121.4307772,31.248254,,normal
O81321641,121.4316659,31.2491797,,normal
O81321642,121.4326205,31.2499295,,normal
O81321643,121.4336676,31.250763,,normal
O81321644,121.4346369,31.251665,,normal
O81321646,121.4357286,31.2530997,,normal
O81321647,121.4363622,31.2537345,,normal
O81322529,121.4101324,31.2288708,,normal
O81322530,121.4101795,31.2296949,,normal
O81322531,121.410409,31.2307118,,normal
O81322532,121.4109074,31.2323495,,normal
O81322533,121.4115536,31.2335516,,normal
O81322534,121.4125435,31.2349461,,normal
O81322535,121.4135709,31.2363351,,normal
O81322536,121.4141186,31.2371845,,normal
O81322537,121.4154907,31.2389849,,normal
O81322538,121.4158042,31.2392983,,normal
O81322539,121.4170528,31.2403113,,normal
O81322540,121.4182309,31.2410343,,normal
O81322541,121.4201608,31.2421297,,normal
O81322542,121.4211373,31.2426832,,normal
O81322543,121.4236108,31.2440669,,normal
O81322544,121.4256612,31.2452422,,normal
O81322545,121.4260849,31.2454212,,normal
O81322546,121.4278117,31.2460949,,normal
O81322548,121.4291722,31.2468667,,normal
O81322549,121.4298752,31.2473886,,normal
O81322550,121.4306725,31.248332,,normal
O81322551,121.4315726,31.2492853,,normal
O81322552,121.4325327,31.2500404,,normal
O81322553,121.4335871,31.2508613,,normal
O81322554,121.4345042,31.2517925,,normal
O81322555,121.4356442,31.2532078,,normal
O81322556,121.4362698,31.253809,,normal
O81322557,121.436866,31.2541596,,normal
O81322558,121.4377472,31.2545171,,normal
O81322969,121.4461828,31.2575215,,normal
O81322970,121.4449065,31.2572534,,normal
O81322971,121.4428367,31.2564989,,normal
O81322972,121.4409501,31.2557694,,normal
O81323350,121.4141515,31.207571,,normal
O81326270,121.4094128,31.204191,,normal
O81326271,121.410994,31.2053519,,normal
O81326272,121.4117663,31.2059394,,normal
O81326273,121.4122555,31.2062697,,normal
O81326274,121.4130277,31.2067984,,normal
O81326275,121.4136284,31.2072095,,normal
O81326276,121.4143835,31.2075764,,normal
O81326277,121.4151985,31.2078259,,normal
O81326278,121.4179763,31.2084161,,normal
O81326281,121.4267917,31.2101191,,normal
O81326282,121.4274779,31.2101575,,normal
O81326283,121.4281607,31.2102056,,normal
O81326284,121.4291752,31.2105084,,normal
O81326337,121.4224721,31.2093323,,normal
O81326612,121.4233976,31.2095533,,normal
O81326613,121.4243377,31.2097657,,normal
O81326614,121.425126,31.2099615,,normal
O81326615,121.4256629,31.2100508,,normal
O81326616,121.426829,31.2101868,,normal
O81326617,121.4280277,31.2102889,,normal
O81326618,121.4284474,31.2103859,,normal
O81326619,121.4294905,31.2109489,,normal
O81326620,121.4298206,31.2112436,,normal
O81326621,121.4303851,31.211982,,normal
O81326622,121.4307657,31.2126289,,normal
O82515933,121.4514631,31.2089507,,normal
O82515934,121.4521301,31.2091581,,normal
O82515935,121.4524835,31.2094089,,normal
O82515936,121.4529224,31.2096651,,normal
O82515963,121.4513121,31.2089866,,normal
O82516857,121.4500851,31.209471,,normal
O82517936,121.4495461,31.2086182,,normal
O82518112,121.4458421,31.2035544,,normal
O82519517,121.4490041,31.2078788,,normal
O82520027,121.4516769,31.2090171,,normal
O82523942,121.4506639,31.205368,,normal
O82524707,121.4462068,31.2040426,,normal
O82526036,121.4483059,31.206981,,normal
O83316739,121.471616,31.2211437,,normal
O85008077,121.4693918,31.2077411,,normal
O85010251,121.4758044,31.2193201,,normal
O85010431,121.4744133,31.2231929,,normal
O85011021,121.4740686,31.2212165,,normal
O85011298,121.4752294,31.2216376,,normal
O85014614,121.4456799,31.2035632,,normal
O85631867,121.4429613,31.2199774,,normal
O85632327,121.4440083,31.2202343,,normal
O85632620,121.442018,31.2196268,,normal
O87604258,121.4701884,31.2099206,,normal
O87723676,121.4482598,31.2071248,,normal
O87752335,121.4455384,31.2210641,,normal
O87752549,121.4739171,31.2242704,,normal
O87752571,121.4546781,31.2236629,,normal
O87752591,121.4551201,31.2237355,,normal
O87781402,121.450028,31.209496,,normal
O87781592,121.4743444,31.2197259,,normal
O93245999,121.4756165,31.220697,,normal
O93246009,121.4757785,31.2207034,,normal
O93246063,121.4759881,31.2207005,,normal
O93246152,121.476184,31.2206641,,normal
O93246153,121.4763984,31.2206,,normal
O93246155,121.4766136,31.2204941,,normal
O93246158,121.4769104,31.2203508,,normal
O93246162,121.4771724,31.2202233,,normal
O93246167,121.4773863,31.2201248,,normal
O93246170,121.4777956,31.2200061,,normal
O93246181,121.4782119,31.2200119,,normal
O93246183,121.4783786,31.2200519,,normal
O93246189,121.4792809,31.2205169,,normal
O93246191,121.4786447,31.2201441,,normal
O93246200,121.4787544,31.2199222,,normal
O93246664,121.4737081,31.2218775,,normal
O93246685,121.4749091,31.2223127,,normal
O93309349,121.4754868,31.2204041,,normal
O93310009,121.480187,31.220034,,normal
O93310233,121.4826932,31.218822,,normal
O93310272,121.4819167,31.2206677,,normal
O94544453,121.4126848,31.2121774,,normal
O94544466,121.4124036,31.2128449,,normal
O94544478,121.4121632,31.2133303,,normal
O94544490,121.4118326,31.2140262,,normal
O94544523,121.4114349,31.2149416,,normal
O94544539,121.4112355,31.2154867,,normal
O94544540,121.411039,31.2161655,,normal
O94544544,121.4107999,31.2173069,,normal
O94544570,121.4106739,31.2183157,,normal
O94544617,121.4106484,31.219696,,normal
O94544647,121.4107239,31.2209858,,normal
O94544666,121.4108329,31.2221472,,normal
O94544682,121.4109217,31.2232834,,normal
O94544718,121.4109746,31.2246744,,normal
O94544734,121.4109951,31.2253592,,normal
O94544739,121.4109292,31.2259341,,normal
O94544748,121.4108473,31.2262485,,normal
O94544794,121.4106214,31.2269326,,normal
O94544796,121.4104109,31.2275681,,normal
O94570014,121.4148986,31.2382589,,normal
O94570026,121.4124316,31.2346397,,normal
O94574920,121.4478428,31.208712,,normal
O94574925,121.4494477,31.2086266,,normal
O94574934,121.4483293,31.2087044,,normal
O94574950,121.4508768,31.2084297,,normal
O94574990,121.451593,31.2084293,,normal
O94589934,121.4475954,31.2090249,,normal
O94630294,121.4475,31.2100829,,normal
O94632188,121.4489422,31.2046883,,normal
O94706586,121.412969,31.2068677,,normal
O94707271,121.4509071,31.2222648,,normal
O94761700,121.4539804,31.2287715,,normal
O94820531,121.4564598,31.2253221,,normal
O94820938,121.4657655,31.2345142,,normal
O94821259,121.4610928,31.2366639,,normal
O94821548,121.4573671,31.2335497,,normal
O95350375,121.4746592,31.2048086,,normal
O95350463,121.4745025,31.2056476,,normal
O95386222,121.486166,31.232812,,normal
O95386499,121.4878472,31.2333279,,normal
O95386562,121.4893966,31.2338694,,normal
O95398699,121.4291065,31.2108242,,normal
O95430109,121.4262878,31.2101403,,normal
O95430233,121.4469465,31.2210467,,normal
O95430322,121.4716523,31.2218619,,normal
O95612191,121.4810971,31.2138636,,normal
O95612298,121.4775354,31.2126064,,normal
O95626455,121.4706011,31.2133248,,normal
O95679551,121.4839684,31.2157923,,normal
O95724083,121.4755001,31.2216964,,normal
O103781600,121.4859056,31.2433862,,normal
O103810745,121.4839974,31.2392253,,normal
O103832206,121.4854064,31.2432352,,normal
O103894194,121.4313998,31.2132931,,normal
O103894227,121.4319021,31.2136229,,normal
O103894308,121.4330707,31.2141446,,normal
O103894362,121.4345505,31.2151082,,normal
O103894380,121.4355473,31.2159426,,normal
O103894417,121.4360924,31.2163433,,normal
O103894443,121.4366344,31.2167006,,normal
O103894518,121.4393572,31.2185055,,normal
O103894611,121.4397813,31.2188338,,normal
O103894702,121.4410133,31.2192824,,normal
O103894705,121.4421761,31.2194628,,normal
O103894725,121.4442395,31.2204743,,normal
O103894818,121.4451678,31.2207814,,normal
O103894851,121.4464326,31.2209668,,normal
O103895144,121.4370729,31.2169147,,normal
O103895156,121.4533222,31.2232009,,normal
O103895952,121.4620691,31.2238739,,normal
O103896122,121.4626148,31.2238858,,normal
O103896270,121.4725754,31.2256624,,normal
O103896524,121.4746774,31.226515,,normal
O103896610,121.4727308,31.2257267,,normal
O103896729,121.4780809,31.2292769,,normal
O105253317,121.4453327,31.208686,,normal
O105253333,121.4447938,31.2083457,,normal
O105253353,121.4438836,31.2077596,,normal
O105253363,121.4432802,31.2073872,,normal
O105253385,121.4387749,31.2044968,,normal
O105253431,121.4378916,31.2039609,,normal
O105253460,121.4370793,31.2063177,,normal
O105253478,121.4374206,31.2052822,,normal
O105259205,121.4356986,31.209313,,normal
O105259252,121.436075,31.2084728,,normal
O105259310,121.4353585,31.2105261,,normal
O105265362,121.4477488,31.2181796,,normal
O107524132,121.4242138,31.1850449,,normal
O107524493,121.4119042,31.20767,,normal
O107524545,121.4121295,31.2086972,,normal
O107524596,121.4122746,31.2093731,,normal
O107524633,121.4119507,31.2084576,,normal
O107525198,121.4118157,31.2076819,,normal
O107525227,121.4118525,31.2067589,,normal
O107525322,121.4119691,31.2055162,,normal
O107743908,121.4587002,31.2024294,,normal
O107744210,121.4625054,31.203336,,normal
O107744254,121.4628998,31.2034202,,normal
O107744391,121.4638198,31.2035926,,normal
O107744419,121.4646544,31.2038201,,normal
O107744516,121.4653284,31.2041581,,normal
O107744633,121.4658419,31.2044231,,normal
O109424347,121.4583639,31.2033771,,normal
O109424516,121.4675021,31.2052933,,normal
O109425002,121.4662985,31.2097912,,normal
O109425172,121.4661675,31.210324,,normal
O109425203,121.4660295,31.2109963,,normal
O109425332,121.4658267,31.2117699,,normal
O109425376,121.4652228,31.2138289,,normal
O109425491,121.465033,31.2147774,,normal
O109425717,121.4648528,31.2155447,,normal
O109425720,121.4647112,31.2160617,,normal
O109425796,121.4643133,31.2174885,,normal
O109425825,121.463961,31.2188365,,normal
O109426004,121.4637847,31.2194236,,normal
O109426027,121.4635791,31.2201652,,normal
O109426242,121.4633875,31.2212803,,normal
O109426276,121.4633357,31.2214668,,normal
O109426392,121.4632807,31.2218875,,normal
O109426441,121.4631754,31.2226888,,normal
O109426471,121.4632424,31.2232595,,normal
O109426506,121.4632767,31.2239128,,normal
O109426553,121.4632425,31.2247139,,normal
O109426702,121.4632075,31.2250519,,normal
O109426785,121.4631096,31.2262814,,normal
O109427057,121.4629942,31.2268921,,normal
O109427633,121.4593396,31.230058,,normal
O109428563,121.4584044,31.2315242,,normal
O109428857,121.4575921,31.2311887,,normal
O109428956,121.4575165,31.2313652,,normal
O109429474,121.457442,31.2322074,,normal
O109429507,121.4574065,31.2329153,,normal
O109429717,121.4598039,31.2350234,,normal
O109429793,121.4602734,31.2357459,,normal
O109430205,121.4563689,31.242698,,normal
O109430331,121.4553593,31.243656,,normal
O109430367,121.4550182,31.2440272,,normal
O109430518,121.4531072,31.2469096,,normal
O109430663,121.4527689,31.2456714,,normal
O109430907,121.4557889,31.2459039,,normal
O109430975,121.4581535,31.2459219,,normal
O109431244,121.4594565,31.2458766,,normal
O109431383,121.4601345,31.2457592,,normal
O109431419,121.4605559,31.2456241,,normal
O109431506,121.4618199,31.2452353,,normal
O109431611,121.4608227,31.2455256,,normal
O109431647,121.461084,31.2454545,,normal
O109460983,121.466312,31.2083213,,normal
O109461430,121.4656963,31.2157508,,normal
O109461662,121.464718,31.2214465,,normal
O109461767,121.4632023,31.2212578,,normal
O109461790,121.4622552,31.2228188,,normal
O109484748,121.4620581,31.2305841,,normal
O109650542,121.4602588,31.2359381,,normal
O109651383,121.4537732,31.2457952,,normal
O109651849,121.4549107,31.2439706,,normal
O109651881,121.4552821,31.2435924,,normal
O109651987,121.4562949,31.2426412,,normal
O109652012,121.4574644,31.2412595,,normal
O109652182,121.4589218,31.2379663,,normal
O109652252,121.4600719,31.2356511,,normal
O109652287,121.4601186,31.2355503,,normal
O109652400,121.460276,31.2352218,,normal
O109652594,121.4600083,31.2353577,,normal
O109652634,121.4600017,31.2355105,,normal
O109652930,121.4573004,31.2411479,,normal
O109653414,121.453258,31.2457447,,normal
O109654455,121.4599097,31.2360149,,normal
O109654524,121.4600313,31.2360538,,normal
O109679524,121.4570194,31.2409421,,normal
O109679666,121.4564483,31.241432,,normal
O109679742,121.456857,31.2417773,,normal
O109679874,121.4570207,31.2419327,,normal
O109680332,121.4570839,31.2419869,,normal
O109680411,121.4572651,31.2421176,,normal
O109681837,121.461353,31.2455947,,normal
O109681918,121.4601471,31.2460229,,normal
O109681935,121.4595879,31.2461201,,normal
O109681979,121.4592634,31.2461394,,normal
O109682024,121.4580791,31.2461641,,normal
O109682074,121.457326,31.2461734,,normal
O109682153,121.4538681,31.2459407,,normal
O109682169,121.4536808,31.2459319,,normal
O109682178,121.4535198,31.2459184,,normal
O109682228,121.4531885,31.2458825,,normal
O109682242,121.4527284,31.2458171,,normal
O109703785,121.4621264,31.2443646,,normal
O109703809,121.4624792,31.2442327,,normal
O109704102,121.4630873,31.2478821,,normal
O109731794,121.4637814,31.2560879,,normal
O109731885,121.4637583,31.2564409,,normal
O109732004,121.4636612,31.2573293,,normal
O109732033,121.4635666,31.257633,,normal
O109732068,121.4632557,31.2584809,,normal
O109732117,121.4628561,31.2592607,,normal
O109732203,121.4623237,31.2599837,,normal
O109758613,121.4621216,31.2601997,,normal
O110952626,121.462574,31.2595184,,normal
O110952643,121.4631479,31.2584655,,normal
O110952657,121.463429,31.2577549,,normal
O110952660,121.46355,31.2573493,,normal
O110952663,121.4636026,31.2568912,,normal
O111138587,121.4573324,31.2459457,,normal
O130014462,121.4488178,31.2246448,,normal
O130015480,121.4495766,31.2216978,,normal
O130015481,121.4498578,31.2214995,,normal
O130015482,121.4507332,31.219913,,normal
O130015483,121.4513924,31.2187525,,normal
O130015484,121.4519874,31.2204324,,normal
O130022539,121.4547033,31.2211777,,normal
O130022540,121.4541157,31.2210472,,normal
O130022542,121.4527271,31.2176968,,normal
O130022631,121.4550123,31.2192049,,normal
O130156613,121.4560283,31.2197954,,normal
O131151425,121.4569565,31.2219245,,normal
O131166129,121.4575412,31.220102,,normal
O131166911,121.4573437,31.2125704,,normal
O131167245,121.4567824,31.2157847,,normal
O131184023,121.4470261,31.2097757,,normal
O131343940,121.4467497,31.2270674,,normal
O131346897,121.4491691,31.2280737,,normal
O131349380,121.4515457,31.2290815,,normal
O131349812,121.4513433,31.2290161,,normal
O131350175,121.4518497,31.228346,,normal
O131937183,121.4449281,31.2241358,,normal
O131937881,121.4481105,31.2241842,,normal
O131939120,121.4475997,31.2253102,,normal
O131940524,121.4470154,31.22718,,normal
O131941151,121.4494625,31.2249522,,normal
O132369185,121.4532666,31.2296211,,normal
O132386149,121.4495757,31.2273499,,normal
O132406821,121.4513879,31.2228247,,normal
O132491635,121.4702437,31.2311354,,normal
O146017147,121.4298078,31.2111328,,normal
O146017176,121.4304371,31.2118674,,normal
O146017206,121.4311159,31.2128897,,normal
O146017367,121.4333184,31.2136842,,normal
O146017403,121.4331672,31.2141151,,normal
O146017735,121.4338058,31.2144649,,normal
O146017773,121.4341832,31.2141739,,normal
O147477301,121.4810731,31.2203749,,normal
O147477352,121.4818539,31.2208035,,normal
O152846089,121.4522111,31.2173786,,normal
O152846113,121.452422,31.216815,,normal
O152846277,121.4559271,31.2156032,,normal
O152846422,121.4560093,31.2154638,,normal
O152878617,121.4804267,31.2256545,,normal
O152878638,121.4811609,31.2239361,,normal
O152887810,121.4516835,31.2171813,,normal
O152888266,121.4524782,31.2166176,,normal
O152888329,121.4528207,31.2167489,,normal
O154072852,121.4467486,31.2105015,,normal
O154072886,121.446339,31.2117635,,normal
O154072919,121.445994,31.2125668,,normal
O154072987,121.4452838,31.2142967,,normal
O154073025,121.4440393,31.2164402,,normal
O154073058,121.4427534,31.2195236,,normal
O154073095,121.4438595,31.2153397,,normal
O154073129,121.4445646,31.2154552,,normal
O154073184,121.4448152,31.2141998,,normal
O154073217,121.4456556,31.2143755,,normal
O154073243,121.4455209,31.2124798,,normal
O154073270,121.4471755,31.2129803,,normal
O154073348,121.4545221,31.2117936,,normal
O154073639,121.4672828,31.2159305,,normal
O154080003,121.4438576,31.2170958,,normal
O154080029,121.4430621,31.2170065,,normal
O154884705,121.443997,31.2165934,,normal
O154884971,121.4437588,31.2175408,,normal
O154885091,121.4436156,31.2182544,,normal
O154885125,121.4433424,31.2197981,,normal
O154902768,121.4514013,31.2225686,,normal
O154902915,121.4549353,31.2238914,,normal
O154902971,121.4535254,31.2234642,,normal
O154903600,121.4557091,31.2239901,,normal
O154903678,121.4624654,31.2240656,,normal
O154903712,121.4632845,31.2240813,,normal
O154903748,121.4642839,31.2240614,,normal
O154903771,121.4650146,31.2239471,,normal
O156252296,121.4577263,31.2461657,,normal
O156252538,121.4662096,31.2443996,,normal
O156252570,121.4664617,31.2443708,,normal
O156252615,121.4671446,31.2443799,,normal
O156252637,121.4678322,31.2443929,,normal
O156252664,121.4681211,31.2444139,,normal
O156252687,121.4687191,31.2444923,,normal
O156252711,121.4697267,31.2446658,,normal
O156252735,121.4708616,31.2448955,,normal
O156252964,121.4714517,31.2423601,,normal
O156252996,121.4716809,31.2417124,,normal
O156253025,121.4719484,31.2407418,,normal
O156253081,121.472299,31.2402688,,normal
O156253209,121.4726757,31.239721,,normal
O156253326,121.4728776,31.2393619,,normal
O156253374,121.4732907,31.238486,,normal
O156253399,121.4735134,31.2379862,,normal
O156253438,121.4736039,31.2377781,,normal
O156253446,121.4745708,31.2347143,,normal
O156253588,121.4731273,31.23883,,normal
O156253614,121.4748599,31.2393953,,normal
O156253649,121.4764018,31.2396734,,normal
O156253692,121.4777041,31.2400543,,normal
O156253782,121.4517141,31.2456721,,normal
O156253806,121.4495076,31.2453913,,normal
O156253826,121.4485207,31.2452332,,normal
O156253853,121.4467661,31.2449196,,normal
O156253934,121.445615,31.2446055,,normal
O156253964,121.4450121,31.24441,,normal
O156254168,121.4413981,31.243251,,normal
O156254295,121.4444267,31.2441709,,normal
O156254330,121.4450699,31.2442784,,normal
O156254346,121.4458948,31.2443993,,normal
O156254688,121.4468348,31.2445764,,normal
O156254715,121.4475844,31.2447529,,normal
O156254755,121.4495905,31.2450426,,normal
O156254894,121.4517635,31.2454843,,normal
O156254951,121.4451739,31.2441009,,normal
O156254960,121.4449373,31.244605,,normal
O156255147,121.4440999,31.2484486,,normal
O156255291,121.4442963,31.2484733,,normal
O156255401,121.4468613,31.2487825,,normal
O156255435,121.4471862,31.2487626,,normal
O156255454,121.447346,31.2487035,,normal
O156255471,121.4474122,31.2486664,,normal
O156255495,121.4478672,31.248322,,normal
O156255513,121.4484954,31.2475918,,normal
O156255526,121.4492184,31.2468555,,normal
O156261340,121.4422494,31.2454659,,normal
O156261359,121.4435833,31.2439812,,normal
O156261389,121.4438088,31.2437402,,normal
O156261501,121.4444189,31.2430635,,normal
O156261519,121.4446075,31.242842,,normal
O156261562,121.4460116,31.2414039,,normal
O156261622,121.4471189,31.2403991,,normal
O156261648,121.4473119,31.2402049,,normal
O156261757,121.4480744,31.2393795,,normal
O156261805,121.4482221,31.2392061,,normal
O156261881,121.4485111,31.2388462,,normal
O156261912,121.4490307,31.2381814,,normal
O156261938,121.4499337,31.2371191,,normal
O156261953,121.4507323,31.2362641,,normal
O156344145,121.4843244,31.2445161,,normal
O156344176,121.4826893,31.2439026,,normal
O156344299,121.4820216,31.243734,,normal
O156344457,121.4778612,31.2433553,,normal
O156344925,121.4751468,31.2411418,,normal
O156344953,121.4756074,31.2395831,,normal
O156345030,121.4743254,31.2409635,,normal
O156345052,121.4759934,31.2411597,,normal
O156345074,121.4735006,31.2405759,,normal
O156345148,121.4741457,31.2391679,,normal
O156345717,121.4738193,31.2390646,,normal
O156346908,121.470006,31.2421508,,normal
O156346934,121.4724948,31.2425164,,normal
O156347314,121.4837948,31.2441565,,normal
O156347379,121.4819911,31.2457793,,normal
O156347476,121.4822727,31.2437777,,normal
O156347524,121.4850014,31.2430629,,normal
O156347556,121.4843748,31.2426644,,normal
O156347579,121.4846979,31.2428903,,normal
O156380673,121.4837155,31.2404426,,normal
O156380930,121.4639884,31.244631,,normal
O156381029,121.4662515,31.2442434,,normal
O156381281,121.4665086,31.2442301,,normal
O156381307,121.4668185,31.2442167,,normal
O156381343,121.4670272,31.2442152,,normal
O156381369,121.4678475,31.2442277,,normal
O156381384,121.4682199,31.2442449,,normal
O156381507,121.4687543,31.2443151,,normal
O156381537,121.4697453,31.2445083,,normal
O156381565,121.4708928,31.2447494,,normal
O156381596,121.4711349,31.2447925,,normal
O156381617,121.4714876,31.2448584,,normal
O171146304,121.4122486,31.2040587,,normal
O210642730,121.4601847,31.2322877,,normal
O210642770,121.4626979,31.2334291,,normal
O210642852,121.4788521,31.2390723,,normal
O210642888,121.4810841,31.2397479,,normal
O210643019,121.4822517,31.2401293,,normal
O243843174,121.410326,31.2098534,,normal
O243843188,121.4112873,31.2095658,,normal
O243843190,121.4135805,31.2087055,,normal
O243843191,121.4141636,31.2083704,,normal
O243843193,121.4142231,31.2075238,,normal
O243843200,121.4148139,31.2076934,,normal
O243843201,121.4157951,31.2078882,,normal
O243843229,121.4193158,31.2086149,,normal
O243843230,121.4214654,31.2091052,,normal
O243843238,121.434,31.2119554,,normal
O243843273,121.4335341,31.2101111,,normal
O243843277,121.4331108,31.2093792,,normal
O243843278,121.4330262,31.209035,,normal
O243843279,121.4330348,31.2080082,,normal
O243843280,121.4336377,31.2054833,,normal
O243843281,121.4342969,31.2037512,,normal
O243843282,121.4346091,31.2030817,,normal
O243843283,121.4349685,31.2025487,,normal
O243843284,121.4351778,31.202293,,normal
O243843483,121.4430353,31.2002047,,normal
O243843484,121.4427236,31.2007284,,normal
O243843485,121.4422096,31.2016566,,normal
O244498485,121.4407353,31.2427385,,normal
O251086533,121.474923,31.2198735,,normal
O257067131,121.4754555,31.220548,,normal
O257172499,121.4206024,31.2355109,,normal
O257172511,121.4227134,31.2391615,,normal
O257172516,121.4227768,31.239203,,normal
O257172517,121.4249329,31.2404704,,normal
O257173233,121.463222,31.2582872,,normal
O265711409,121.4829619,31.248274,,normal
O265711410,121.4821363,31.2479619,,normal
O265711411,121.4813083,31.2477156,,normal
O265711412,121.4798726,31.2471397,,normal
O265711413,121.4789981,31.2467999,,normal
O265711414,121.4771252,31.2462344,,normal
O265711415,121.4754478,31.2456877,,normal
O265711416,121.4741675,31.2453173,,normal
O265711417,121.4720603,31.2449183,,normal
O266082085,121.483541,31.2547089,,normal
O266082087,121.4843748,31.251756,,normal
O266082088,121.4851781,31.248194,,normal
O267101861,121.4105652,31.2313652,,normal
O267194970,121.4818761,31.2335274,,normal
O267194971,121.4845467,31.2344067,,normal
O267194981,121.4764547,31.2315794,,normal
O267194982,121.4782851,31.2323345,,normal
O267194983,121.4792333,31.2326942,,normal
O267195027,121.4718766,31.2333061,,normal
O267195028,121.4711749,31.232622,,normal
O267195068,121.4718376,31.2278154,,normal
O267195069,121.4708844,31.2293839,,normal
O267195120,121.4851172,31.23662,,normal
O267195121,121.4827806,31.2360013,,normal
O267195122,121.4806974,31.2352155,,normal
O267195150,121.4716697,31.2281093,,normal
O267195152,121.4769135,31.2318043,,normal
O267198013,121.4776046,31.2336275,,normal
O267198014,121.4790406,31.2339436,,normal
O267198015,121.4810923,31.2345757,,normal
O267198017,121.4853318,31.2358976,,normal
O267198208,121.4764641,31.2340563,,normal
O267198209,121.4768399,31.2333735,,normal
O267198210,121.4776372,31.2320763,,normal
O267198211,121.479322,31.2292836,,normal
O267198230,121.4843537,31.2356827,,normal
O267198231,121.4842294,31.236413,,normal
O267198281,121.4803264,31.2358441,,normal
O267198397,121.4774199,31.2342774,,normal
O267198429,121.4797763,31.2300812,,normal
O267198431,121.4771219,31.2352445,,normal
O267198435,121.4784532,31.2355205,,normal
O267198436,121.4788077,31.2346104,,normal
O267198437,121.4796506,31.2328464,,normal
O267198438,121.4806347,31.2313629,,normal
O267198467,121.4791075,31.2391474,,normal
O267198468,121.4802719,31.2317102,,normal
O267198469,121.4790017,31.2311787,,normal
O267198470,121.4782689,31.2308942,,normal
O267198471,121.4772287,31.2304806,,normal
O267198472,121.481208,31.2321159,,normal
O267198543,121.4785928,31.2302917,,normal
O267198544,121.4796104,31.2303108,,normal
O267198545,121.4809853,31.2310411,,normal
O267198547,121.4816252,31.2322384,,normal
O267198558,121.4770455,31.2376718,,normal
O267198568,121.4765626,31.2397328,,normal
O267198569,121.4766221,31.2391123,,normal
O267198570,121.4766928,31.2385082,,normal
O267198578,121.476574,31.2419158,,normal
O267198580,121.4758854,31.2446213,,normal
O267198581,121.4749274,31.2469827,,normal
O267198615,121.4812865,31.2306584,,normal
O267198716,121.4823413,31.2408435,,normal
O267198717,121.4832163,31.2416049,,normal
O267198718,121.4838731,31.2421345,,normal
O267198762,121.4794017,31.2392222,,normal
O267198763,121.4791958,31.2399373,,normal
O267198764,121.4802993,31.239874,,normal
O267198765,121.4809746,31.2400224,,normal
O267198766,121.4820179,31.2405898,,normal
O267671947,121.4543539,31.2117505,,normal
O267671967,121.4539116,31.2103416,,normal
O267671969,121.4539875,31.2100749,,normal
O267698932,121.4532131,31.2011345,,normal
O267698933,121.4529585,31.2025869,,normal
O267698934,121.4524387,31.2055991,,normal
O267698935,121.452189,31.2068232,,normal
O267698936,121.4519502,31.207854,,normal
O287798491,121.4276748,31.224205,,normal
O287798492,121.4278996,31.2240271,,normal
O287798493,121.428414,31.2235566,,normal
O287798494,121.4295198,31.2225421,,normal
O287798495,121.4297341,31.222351,,normal
O287798496,121.429897,31.2221305,,normal
O287798497,121.4300341,31.2218587,,normal
O287798498,121.4302398,31.2213445,,normal
O287798499,121.4307711,31.2199193,,normal
O287798500,121.4310196,31.2191407,,normal
O287798501,121.4313453,31.2182591,,normal
O287798508,121.4219012,31.2327882,,normal
O287798510,121.4234034,31.2298726,,normal
O287798512,121.4247893,31.2272115,,normal
O287798513,121.4252912,31.2262476,,normal
O287798514,121.425487,31.2259172,,normal
O287798515,121.4258768,31.2254084,,normal
O287798516,121.4262635,31.2250163,,normal
O287798564,121.431491,31.2183544,,normal
O287798565,121.4311225,31.2193462,,normal
O287798566,121.4309169,31.2198971,,normal
O287798567,121.4304712,31.221124,,normal
O287798568,121.430257,31.2216308,,normal
O287798569,121.4301198,31.221932,,normal
O287798570,121.4299741,31.2222259,,normal
O287798571,121.4297942,31.2224538,,normal
O287798573,121.4279683,31.2241372,,normal
O287798574,121.4267891,31.2247839,,normal
O287798575,121.4262919,31.2250966,,normal
O287798576,121.4258758,31.2255298,,normal
O287798577,121.4255387,31.2259778,,normal
O287798578,121.4253688,31.2262775,,normal
O287798579,121.4248671,31.2272404,,normal
O287798580,121.4234797,31.229903,,normal
O287798581,121.421975,31.2328141,,normal
O301373453,121.4083369,31.2136514,,normal
O301373454,121.4081368,31.2129231,,normal
O301373456,121.4079507,31.2119445,,normal
O301373459,121.407268,31.2088559,,normal
O301373461,121.4066584,31.2065327,,normal
O301373467,121.4057765,31.2042268,,normal
O301639384,121.4813947,31.223219,,normal
O312947132,121.4410295,31.2253883,,normal
O312947133,121.4404493,31.2247385,,normal
O313633798,121.4429419,31.2214421,,normal
O313634466,121.4382559,31.2256021,,normal
O313634467,121.4399589,31.2256065,,normal
O313634468,121.4429223,31.224775,,normal
O313634469,121.4445753,31.2235636,,normal
O313634568,121.4428086,31.223279,,normal
O313634569,121.4439542,31.223261,,normal
O313634614,121.444391,31.2259222,,normal
O314633092,121.4076777,31.2105164,,normal
O314641771,121.4029853,31.20341,,normal
O314641772,121.4029391,31.2039755,,normal
O314641773,121.4043828,31.2110548,,normal
O321972576,121.4090304,31.2038809,,normal
O321995739,121.4001523,31.2059545,,normal
O321995958,121.4040516,31.2095435,,normal
O321999686,121.410405,31.205026,,normal
O321999687,121.4111104,31.2047016,,normal
O321999688,121.4115168,31.2046506,,normal
O321999690,121.4157631,31.2052123,,normal
O321999691,121.4176128,31.2056045,,normal
O321999693,121.4184956,31.2055294,,normal
O321999695,121.4194924,31.205297,,normal
O321999698,121.420063,31.2051328,,normal
O321999699,121.4208409,31.2049642,,normal
O322006810,121.4233141,31.204237,,normal
O322007080,121.4219709,31.2046754,,normal
O322008008,121.429558,31.2336668,,normal
O322008278,121.4321677,31.2350603,,normal
O322008308,121.4326756,31.2350218,,normal
O322008442,121.4377657,31.2260068,,normal
O322008443,121.4368098,31.2269099,,normal
O322008444,121.4365635,31.2271306,,normal
O322008449,121.4351086,31.2284216,,normal
O322008459,121.4314873,31.2327365,,normal
O322008460,121.4311393,31.2330123,,normal
O322008461,121.4301922,31.2334805,,normal
O322008714,121.4362281,31.2356752,,normal
O322008718,121.4368065,31.2348601,,normal
O322008726,121.4381331,31.2329864,,normal
O322008728,121.4391627,31.2315048,,normal
O322008730,121.439681,31.2307471,,normal
O322008734,121.4398934,31.2304616,,normal
O322008743,121.4414112,31.2285974,,normal
O322008779,121.4433853,31.2279632,,normal
O322008785,121.4443019,31.2264829,,normal
O322008786,121.4448453,31.2255993,,normal
O322008792,121.433373,31.2350252,,normal
O322008793,121.4342632,31.2351238,,normal
O322008794,121.4346044,31.2351626,,normal
O322009018,121.4296498,31.2337675,,normal
O322009071,121.4171288,31.2433156,,normal
O324831361,121.4203666,31.1905921,,normal
O338640325,121.4608571,31.2408967,,normal
O338640326,121.46017,31.2415101,,normal
O338641342,121.4613591,31.2433985,,normal
O338641346,121.4603351,31.2442481,,normal
O338641347,121.4604856,31.2442519,,normal
O338641348,121.4607376,31.2439188,,normal
O338641349,121.4612017,31.2435328,,normal
O338641350,121.4618378,31.2430028,,normal
O338642239,121.4538403,31.2411758,,normal
O338642240,121.4546469,31.2402729,,normal
O338642241,121.4558788,31.2409197,,normal
O358431247,121.4215866,31.2193369,,normal
O358431254,121.4089468,31.2171055,,normal
O358432785,121.4298753,31.2240011,,normal
O358432786,121.4306149,31.2243716,,normal
O358432787,121.4310277,31.2244241,,normal
O358432788,121.4314116,31.2244742,,normal
O358432789,121.432123,31.2246107,,normal
O358432790,121.4324415,31.2247238,,normal
O358432791,121.4333685,31.2252813,,normal
O358433773,121.4309654,31.2275987,,normal
O358433776,121.4349173,31.2254867,,normal
O358433777,121.435494,31.2250236,,normal
O358433778,121.4358859,31.2250217,,normal
O385113763,121.4837154,31.2216632,,normal
O385113971,121.4829778,31.2241186,,normal
O385113975,121.4837811,31.2270614,,normal
O385114569,121.48179,31.2209264,,normal
O419162976,121.4446369,31.2469867,,normal
O419162977,121.4450197,31.246911,,normal
O420696546,121.4854437,31.2394747,,normal
O420697447,121.4794928,31.2380892,,normal
O422389181,121.4795329,31.2498269,,normal
O422389183,121.4797016,31.2496529,,normal
O423833591,121.4703445,31.2055527,,normal
O423833592,121.470886,31.2056933,,normal
O423833599,121.4774103,31.2094448,,normal
O423833601,121.479686,31.2101021,,normal
O423833602,121.4800753,31.2103284,,normal
O423833603,121.4687591,31.2054886,,normal
O423833606,121.4711163,31.2061943,,normal
O423833607,121.4712055,31.206549,,normal
O423833608,121.4714028,31.20709,,normal
O423833614,121.4799717,31.2105147,,normal
O443291839,121.4778521,31.2363134,,normal
O461667022,121.4786279,31.2598896,,normal
O461673879,121.477208,31.2525432,,normal
O461673881,121.4770288,31.2523743,,normal
O461673882,121.4765931,31.252178,,normal
O461673885,121.4764346,31.2521843,,normal
O461673888,121.4763497,31.2522025,,normal
O461673889,121.4760959,31.2522813,,normal
O461673893,121.4758988,31.2523372,,normal
O461673894,121.4757484,31.2523322,,normal
O461673900,121.4752642,31.2521864,,normal
O461673902,121.4738122,31.251821,,normal
O461673906,121.4730705,31.251766,,normal
O461673909,121.4728689,31.2517102,,normal
O461673910,121.472339,31.2514012,,normal
O461673913,121.4705959,31.250616,,normal
O469878004,121.4534026,31.2404328,,normal
O469878022,121.4544639,31.2392713,,normal
O469878046,121.4514178,31.2378299,,normal
O469878118,121.4570144,31.2354217,,normal
O469878134,121.4557192,31.2372403,,normal
O469878159,121.4551954,31.2386855,,normal
O469878178,121.4453345,31.2438484,,normal
O469878191,121.4472815,31.2419529,,normal
O469878195,121.4492232,31.2399193,,normal
O469878199,121.4501217,31.2390067,,normal
O469878212,121.4517661,31.2461474,,normal
O469878216,121.4515589,31.24448,,normal
O469878219,121.4516838,31.2442085,,normal
O469878227,121.4528031,31.2430325,,normal
O469878244,121.452095,31.2553565,,normal
O469878253,121.451407,31.2519989,,normal
O469878256,121.4512301,31.2506718,,normal
O469878260,121.4515523,31.2487907,,normal
O469878287,121.4522869,31.2481533,,normal
O469878290,121.4518905,31.2489622,,normal
O469878293,121.4514036,31.2498456,,normal
O469878296,121.4513245,31.2506624,,normal
O469878303,121.4522591,31.2553217,,normal
O469878389,121.465283,31.2385636,,normal
O469878392,121.4657366,31.2387681,,normal
O469878397,121.4663248,31.239064,,normal
O469878401,121.4672014,31.2393156,,normal
O469878402,121.4676151,31.2402754,,normal
O469878404,121.4677002,31.2406862,,normal
O469878406,121.4676803,31.2410678,,normal
O469878408,121.4676056,31.241408,,normal
O469878411,121.4672053,31.2426738,,normal
O469878413,121.4666231,31.2439984,,normal
O469878444,121.4645689,31.2323459,,normal
O469878446,121.4642892,31.2332965,,normal
O469878450,121.4629911,31.2358665,,normal
O469878452,121.4621232,31.2375231,,normal
O469878462,121.4674222,31.2373081,,normal
O469878468,121.4678353,31.2364016,,normal
O469878471,121.4681612,31.2359146,,normal
O469878473,121.4684353,31.2354542,,normal
O469878547,121.4681275,31.2428478,,normal
O469878599,121.4700266,31.2405738,,normal
O469878603,121.4703141,31.240567,,normal
O469878609,121.4698393,31.2431413,,normal
O469886929,121.4333534,31.2430106,,normal
O469886946,121.4337657,31.2425534,,normal
O469886957,121.4343927,31.2397217,,normal
O469886959,121.4349162,31.2393221,,normal
O469886961,121.4357541,31.238327,,normal
O469886965,121.4376244,31.2372127,,normal
O469886967,121.4384293,31.2367918,,normal
O469886970,121.4386502,31.2365861,,normal
O469886972,121.4391289,31.2358717,,normal
O469886974,121.4408162,31.2338744,,normal
O469886976,121.4419668,31.2315707,,normal
O469886978,121.4425646,31.2299842,,normal
O469886984,121.4389771,31.2392458,,normal
O469886986,121.4378523,31.240374,,normal
O469886991,121.4399689,31.2420703,,normal
O469887010,121.4441539,31.2373523,,normal
O469887012,121.4444603,31.2361213,,normal
O469887032,121.4405571,31.2371963,,normal
O469887039,121.4483561,31.2408076,,normal
O469887055,121.4410145,31.2363821,,normal
O469887058,121.4424473,31.2368216,,normal
O469887080,121.4508291,31.2297576,,normal
O469887206,121.4423225,31.2271013,,normal
O469887207,121.4424657,31.2272305,,normal
O469887214,121.444279,31.2284006,,normal
O469887237,121.4458836,31.2291043,,normal
O469887249,121.4466011,31.22941,,normal
O469887275,121.4479183,31.2302553,,normal
O469887289,121.4486904,31.2307574,,normal
O469887428,121.4421828,31.2343467,,normal
O469887442,121.4486827,31.2325058,,normal
O469887457,121.442882,31.233328,,normal
O469887461,121.4452291,31.2311614,,normal
O469887464,121.4453782,31.2309967,,normal
O469888092,121.447496,31.233801,,normal
O469888104,121.4438316,31.2324597,,normal
O469888163,121.4496872,31.2347536,,normal
O469888185,121.4507788,31.2339083,,normal
O469888189,121.4467291,31.2315978,,normal
O469888202,121.4515447,31.235411,,normal
O469888205,121.4534257,31.2360078,,normal
O469939954,121.4336766,31.2304961,,normal
O469939966,121.4326871,31.2315496,,normal
O469940083,121.4308294,31.2292413,,normal
O469940086,121.4308173,31.2294129,,normal
O469940088,121.4310366,31.229984,,normal
O469940091,121.4345192,31.2333124,,normal
O469940094,121.4352063,31.2338873,,normal
O469940100,121.4345525,31.2308411,,normal
O469940102,121.434576,31.2309725,,normal
O469940104,121.4369463,31.2324288,,normal
O469940110,121.4338534,31.2305475,,normal
O469940111,121.4356439,31.2307294,,normal
O469940114,121.4368801,31.2305502,,normal
O469940117,121.4371838,31.2305558,,normal
O469940124,121.440202,31.2258226,,normal
O469940126,121.4404624,31.2259704,,normal
O469945118,121.4250763,31.2146873,,normal
O469945141,121.4227761,31.214848,,normal
O469945164,121.4202229,31.2151661,,normal
O469945183,121.4199183,31.2153253,,normal
O469945208,121.4196408,31.2156465,,normal
O469945230,121.4188127,31.2157415,,normal
O469945247,121.418279,31.2155733,,normal
O469945249,121.4173662,31.2150152,,normal
O469945316,121.4126947,31.2124586,,normal
O469945466,121.4061227,31.2107809,,normal
O469945522,121.412758,31.2225834,,normal
O469945569,121.4088975,31.2220812,,normal
O469945573,121.4080404,31.2217877,,normal
O469945583,121.406535,31.2210798,,normal
O469945588,121.4059756,31.2195982,,normal
O469945592,121.4055745,31.2180045,,normal
O469945596,121.4051258,31.2167145,,normal
O469945601,121.4049201,31.2157168,,normal
O469945608,121.4045285,31.2134574,,normal
O469945631,121.4179741,31.2128858,,normal
O469945721,121.4272116,31.229297,,normal
O469945832,121.4231776,31.2274649,,normal
O469945834,121.4224038,31.2264818,,normal
O469945836,121.421761,31.2256187,,normal
O469945837,121.4215811,31.2253549,,normal
O469945841,121.42088,31.2245841,,normal
O469945843,121.4226703,31.2230233,,normal
O469945854,121.4253666,31.2261037,,normal
O469945855,121.4254351,31.2261534,,normal
O469945857,121.4262966,31.2268104,,normal
O469945864,121.4237343,31.2057461,,normal
O469945865,121.4240219,31.2074046,,normal
O469945868,121.4238832,31.208601,,normal
O469945869,121.4235259,31.2101279,,normal
O469945870,121.4234401,31.2107619,,normal
O469945872,121.4231795,31.2124514,,normal
O469945881,121.4230977,31.2130674,,normal
O469945896,121.4226618,31.2155329,,normal
O469945911,121.4223603,31.2163501,,normal
O469945923,121.4219169,31.2172445,,normal
O469945938,121.4217774,31.2178095,,normal
O469946023,121.4113368,31.2125227,,normal
O469946025,121.4125844,31.2124707,,normal
O469946035,121.414047,31.2125866,,normal
O469946036,121.4167792,31.2128796,,normal
O469946060,121.4199129,31.2126558,,normal
O471697848,121.4737693,31.2272953,,normal
O471697851,121.4740003,31.2272728,,normal
O471697853,121.4745003,31.2272583,,normal
O471697876,121.4774964,31.230121,,normal
O475359854,121.4321085,31.2197585,,normal
O475359856,121.4371809,31.2211613,,normal
O475359857,121.4381388,31.2214994,,normal
O475359859,121.4388591,31.2216135,,normal
O475428894,121.4502869,31.2572403,,normal
O475428896,121.4506951,31.2565946,,normal
O475428897,121.4513802,31.2558985,,normal
O475429480,121.4521537,31.2554511,,normal
O475429481,121.4508153,31.256658,,normal
O475429483,121.450407,31.2573399,,normal
O475432068,121.4532486,31.2545224,,normal
O475432133,121.4537741,31.2540669,,normal
O475432455,121.4537224,31.2559825,,normal
O475432457,121.4558074,31.2565872,,normal
O475432458,121.4591019,31.2570505,,normal
O475432459,121.4633384,31.2578176,,normal
O475432545,121.4547954,31.258234,,normal
O475432547,121.4548452,31.257902,,normal
O475432548,121.4549857,31.2575553,,normal
O475432550,121.4569146,31.2554536,,normal
O475432689,121.4592791,31.253606,,normal
O475432741,121.4590351,31.2525072,,normal
O475432835,121.4520221,31.2548768,,normal
O475432841,121.452096,31.2548754,,normal
O475432965,121.4539534,31.2544561,,normal
O475432966,121.455898,31.2541778,,normal
O475432969,121.4588124,31.2538015,,normal
O475432970,121.4599815,31.2536923,,normal
O475433143,121.4480601,31.2550015,,normal
O475433144,121.449973,31.255169,,normal
O475433145,121.4503522,31.255113,,normal
O475433353,121.4480555,31.2536959,,normal
O476547829,121.4752427,31.2272165,,normal
O476548240,121.4770174,31.2281857,,normal
O476548799,121.4827512,31.2318878,,normal
O476675164,121.4766985,31.231222,,normal
O476675199,121.4727465,31.2289357,,normal
O476675200,121.4716054,31.2282006,,normal
O476675362,121.470912,31.2320798,,normal
O476677722,121.4760162,31.2309549,,normal
O476677929,121.4750097,31.2274846,,normal
O476678024,121.4747208,31.230109,,normal
O476679685,121.4761589,31.2310479,,normal
O476680925,121.4757873,31.2325509,,normal
O476681947,121.4714248,31.2329367,,normal
O476682036,121.4712652,31.2287291,,normal
O476682044,121.4730251,31.229127,,normal
O476682057,121.4710001,31.2291853,,normal
O476791764,121.4714569,31.2251841,,normal
O476791768,121.4732078,31.2259155,,normal
O476791779,121.4791871,31.2289591,,normal
O476791781,121.4806788,31.2296651,,normal
O476792253,121.4820613,31.2303456,,normal
O476792256,121.4829339,31.2306652,,normal
O476794305,121.4831044,31.2311523,,normal
O476794306,121.4822689,31.2309257,,normal
O476794309,121.4808925,31.2301818,,normal
O476794314,121.4772866,31.2283482,,normal
O476794475,121.4761222,31.2275026,,normal
O476794486,121.473151,31.2260488,,normal
O476799801,121.4826495,31.2308331,,normal
O476799805,121.4817409,31.2304504,,normal
O476799809,121.4810528,31.2301,,normal
O476799812,121.4806886,31.2299071,,normal
O476799813,121.4801694,31.2296349,,normal
O477408388,121.4753266,31.2555032,,normal
O477408394,121.4742356,31.2566355,,normal
O477408400,121.4732972,31.2574599,,normal
O477410226,121.4753083,31.2577573,,normal
O477410227,121.4723998,31.2550044,,normal
O477410228,121.4718013,31.2545485,,normal
O477410229,121.4710893,31.2540947,,normal
O477410231,121.4691846,31.2532169,,normal
O477410236,121.4685306,31.2530149,,normal
O477410240,121.46727,31.2527298,,normal
O477410242,121.4648835,31.2522578,,normal
O477410245,121.4641518,31.2521775,,normal
O477410248,121.4592139,31.2522827,,normal
O477410249,121.4574662,31.252449,,normal
O477410250,121.4561916,31.2525173,,normal
O477410251,121.4551194,31.2526001,,normal
O477410252,121.4517843,31.2527213,,normal
O477410610,121.4503107,31.2528465,,normal
O477410612,121.4504842,31.2527994,,normal
O477410615,121.4532266,31.2516929,,normal
O477411851,121.460337,31.2459679,,normal
O477412277,121.4603422,31.2456866,,normal
O477414579,121.458899,31.2521004,,normal
O477414584,121.4589246,31.2523037,,normal
O477414605,121.4594654,31.2570923,,normal
O477417227,121.4578247,31.2560436,,normal
O477417231,121.4587322,31.2564747,,normal
O477417234,121.4594365,31.2566333,,normal
O477418176,121.4515852,31.2561371,,normal
O477418751,121.4613428,31.2536135,,normal
O477418752,121.4633628,31.2535868,,normal
O477418754,121.4648339,31.2535971,,normal
O477418756,121.46528,31.253663,,normal
O477418762,121.4658535,31.2538231,,normal
O477418764,121.4683071,31.2546601,,normal
O477418766,121.4694222,31.2553411,,normal
O477418768,121.4701276,31.255753,,normal
O477418770,121.4707988,31.2560196,,normal
O477418772,121.4719538,31.2561982,,normal
O477418775,121.4724607,31.2564324,,normal
O477418776,121.4725541,31.2564887,,normal
O477418777,121.472701,31.2566578,,normal
O477418778,121.4730267,31.2571652,,normal
O477418779,121.4739851,31.2582557,,normal
O477425258,121.4350138,31.2600359,,normal
O477433694,121.4688639,31.253111,,normal
O477444970,121.4846393,31.2117509,,normal
O477444973,121.4825682,31.2114775,,normal
O477444978,121.4807896,31.2110159,,normal
O477444980,121.4801715,31.2106389,,normal
O477445159,121.4809027,31.2108329,,normal
O477445161,121.4812689,31.2110095,,normal
O477445163,121.4817221,31.2111609,,normal
O477445166,121.4822926,31.2112894,,normal
O477445170,121.4844056,31.2115757,,normal
O477568284,121.4713492,31.2285954,,normal
O477568534,121.4696467,31.2276546,,normal
O477571087,121.4702258,31.2249404,,normal
O477571096,121.4694119,31.2246136,,normal
O477571135,121.4664393,31.2238815,,normal
O477571713,121.4703139,31.2249758,,normal
O477572438,121.4702016,31.2259251,,normal
O477572445,121.4696331,31.2275633,,normal
O477572746,121.4691668,31.2276605,,normal
O477573041,121.4683318,31.2295252,,normal
O477575712,121.4690945,31.2297409,,normal
O477575732,121.4693247,31.2297882,,normal
O477575747,121.4695502,31.2297075,,normal
O477575763,121.4697128,31.2297071,,normal
O477575777,121.4705472,31.2301425,,normal
O477576916,121.4727396,31.2267725,,normal
O477577621,121.4696257,31.2258533,,normal
O477577626,121.468034,31.2257178,,normal
O477577633,121.4669056,31.2255948,,normal
O477577641,121.4637902,31.2252425,,normal
O477577665,121.4631969,31.2251909,,normal
O477582620,121.4567222,31.22549,,normal
O477582636,121.4578341,31.2261073,,normal
O477582641,121.4581749,31.2262327,,normal
O477582652,121.4599471,31.2266906,,normal
O477582664,121.4613252,31.2269444,,normal
O477583491,121.4609233,31.2240472,,normal
O477584345,121.4606675,31.2249373,,normal
O477586562,121.4591082,31.2299305,,normal
O477587540,121.470592,31.2313853,,normal
O477589181,121.4693526,31.2326907,,normal
O477589229,121.4691491,31.2329754,,normal
O477589255,121.4689536,31.233406,,normal
O477590698,121.4626939,31.231376,,normal
O477591943,121.4662437,31.2328743,,normal
O477591953,121.4675052,31.2331342,,normal
O477591967,121.4682326,31.2331911,,normal
O477591978,121.4707571,31.2339313,,normal
O477592012,121.4712451,31.2339399,,normal
O477592018,121.4718529,31.2344659,,normal
O477592037,121.473066,31.2354056,,normal
O477592049,121.4740959,31.2360806,,normal
O477593026,121.4681393,31.2353344,,normal
O477593106,121.4691644,31.233483,,normal
O477595366,121.4677486,31.225698,,normal
O477595666,121.4674947,31.2240127,,normal
O477597199,121.4682605,31.2206301,,normal
O477598679,121.4700211,31.2224055,,normal
O477599986,121.4702284,31.222662,,normal
O477600024,121.4704513,31.223064,,normal
O477601189,121.4716714,31.2214387,,normal
O477602113,121.4708102,31.2249449,,normal
O477602810,121.4741422,31.2264688,,normal
O477603292,121.4685572,31.2251021,,normal
O477607568,121.4681399,31.2239543,,normal
O477615613,121.4795755,31.234806,,normal
O477615647,121.4803162,31.2342711,,normal
O477615666,121.4808367,31.2334655,,normal
O477615681,121.4814145,31.2323478,,normal
O477615693,121.4813322,31.2319402,,normal
O477615709,121.4816807,31.2314249,,normal
O477615722,121.4820743,31.2308285,,normal
O477616429,121.4814338,31.2304752,,normal
O477618430,121.4795486,31.2291425,,normal
O477618769,121.4800422,31.2296889,,normal
O477618799,121.4802027,31.229452,,normal
O477619297,121.4816714,31.2301565,,normal
O477620688,121.4836314,31.2341609,,normal
O477620748,121.4832029,31.2353233,,normal
O477623868,121.4798925,31.23492,,normal
O477625999,121.4760863,31.238349,,normal
O477626137,121.4765235,31.2371933,,normal
O477626301,121.4768017,31.2341306,,normal
O477626820,121.4754787,31.2382008,,normal
O477628417,121.479892,31.2370677,,normal
O477628490,121.4819957,31.2377643,,normal
O477629479,121.4832039,31.2381668,,normal
O477629492,121.4844448,31.2385689,,normal
O477633750,121.4764347,31.2374445,,normal
O477633756,121.4758552,31.2372491,,normal
O477633764,121.4751848,31.2370243,,normal
O477633771,121.4746789,31.236856,,normal
O477633780,121.4740071,31.2363671,,normal
O477634424,121.4748338,31.2363031,,normal
O477634427,121.4760706,31.2365886,,normal
O477634429,121.4766742,31.2367371,,normal
O477634433,121.4774625,31.23695,,normal
O477634435,121.4796332,31.2377139,,normal
O477634626,121.4744742,31.2379797,,normal
O477635164,121.4753754,31.2364263,,normal
O477635800,121.4750426,31.2374871,,normal
O477636380,121.4737935,31.2378209,,normal
O477636511,121.4744585,31.2375894,,normal
O477636580,121.4756842,31.237688,,normal
O477636653,121.4762689,31.237878,,normal
O477636742,121.4768425,31.238071,,normal
O477639369,121.4799078,31.2381808,,normal
O477639508,121.4800603,31.2377261,,normal
O477639525,121.4802605,31.2371866,,normal
O477639693,121.4808193,31.236039,,normal
O477639727,121.4813029,31.2354671,,normal
O477640011,121.480807,31.2383793,,normal
O477640277,121.4809623,31.237864,,normal
O477640288,121.4811153,31.2374616,,normal
O477640296,121.4814517,31.2362756,,normal
O477640432,121.479577,31.2387003,,normal
O477640461,121.4813355,31.2391584,,normal
O477640643,121.4783939,31.2379039,,normal
O477640821,121.4783702,31.2380457,,normal
O477640827,121.4793961,31.2383209,,normal
O477640830,121.4796808,31.2383898,,normal
O477640961,121.4776029,31.2387477,,normal
O477640984,121.4779679,31.2378306,,normal
O477641134,121.478184,31.2371905,,normal
O477641267,121.4784913,31.237293,,normal
O477641659,121.4768253,31.2310428,,normal
O477641710,121.4779453,31.2314865,,normal
O477641733,121.4786316,31.231763,,normal
O477641795,121.4787243,31.2325041,,normal
O477641820,121.4794416,31.2313567,,normal
O477642555,121.4789208,31.2404304,,normal
O477643018,121.4749997,31.2394372,,normal
O477643369,121.4731445,31.24035,,normal
O477643992,121.4765316,31.2410859,,normal
O477644839,121.4783666,31.2402239,,normal
O477645079,121.4769653,31.2409648,,normal
O477645082,121.4778451,31.2405567,,normal
O477645648,121.4728451,31.2401011,,normal
O478373250,121.481064,31.2182874,,normal
O478373279,121.4797272,31.2110725,,normal
O478373282,121.4792942,31.2132213,,normal
O478373286,121.4790244,31.214472,,normal
O479284692,121.4829727,31.2282728,,normal
O479286226,121.4808167,31.2297288,,normal
O479286375,121.4831793,31.2267838,,normal
O479286446,121.4822685,31.227904,,normal
O479288842,121.4816823,31.2275924,,normal
O479288912,121.4825621,31.2265305,,normal
O479290062,121.4817705,31.2262058,,normal
O479291272,121.483421,31.2264126,,normal
O479292469,121.4810305,31.2272526,,normal
O479292494,121.4823407,31.2250333,,normal
O479292512,121.482717,31.2242172,,normal
O479292967,121.4803198,31.2281645,,normal
O479293036,121.4809608,31.2284827,,normal
O479293180,121.4815679,31.2287924,,normal
O479293261,121.4823319,31.2291597,,normal
O479294032,121.4839108,31.2299019,,normal
O479294044,121.4846153,31.2301996,,normal
O479294057,121.4853338,31.2305569,,normal
O479294061,121.4855498,31.2306829,,normal
O479294074,121.4859118,31.2309611,,normal
O479297279,121.4830295,31.2189374,,normal
O479298745,121.4775083,31.2244654,,normal
O479299022,121.4783816,31.2226263,,normal
O479299038,121.4790955,31.2217142,,normal
O479299194,121.4792557,31.2263856,,normal
O479299222,121.4796223,31.2253269,,normal
O479299959,121.4785387,31.2260982,,normal
O479300368,121.4787141,31.2249581,,normal
O479302313,121.4749989,31.2245105,,normal
O479302751,121.4728938,31.2239223,,normal
O479302758,121.4727948,31.2238656,,normal
O479302873,121.4753962,31.2236025,,normal
O479302935,121.4760656,31.2249541,,normal
O479304858,121.4705767,31.2231652,,normal
O479305237,121.4714684,31.2228356,,normal
O479305241,121.4730431,31.2233469,,normal
O479305319,121.4718895,31.2236841,,normal
O479305361,121.4720724,31.2230008,,normal
O479305380,121.4723005,31.2223171,,normal
O479305781,121.4732997,31.2241155,,normal
O479306800,121.469356,31.2243304,,normal
O479306936,121.4654305,31.2254221,,normal
O479307240,121.4660302,31.2238856,,normal
O479307277,121.458498,31.2224829,,normal
O479307282,121.4605313,31.2229376,,normal
O479307290,121.461154,31.2230784,,normal
O479307298,121.4615679,31.2230962,,normal
O479307526,121.4631933,31.2228527,,normal
O479307549,121.4660431,31.2228881,,normal
O479307572,121.4666342,31.2229785,,normal
O479307593,121.4674971,31.2232899,,normal
O479310679,121.4702284,31.2233137,,normal
O479311193,121.4664507,31.2237025,,normal
O479311320,121.4663855,31.2229217,,normal
O479312903,121.4661729,31.2216371,,normal
O479314640,121.4691389,31.224514,,normal
O479314658,121.4688336,31.2248006,,normal
O479314680,121.4684254,31.2251889,,normal
O479314700,121.468149,31.2255122,,normal
O479317017,121.4775222,31.2244395,,normal
O479317369,121.4785734,31.2222253,,normal
O479317530,121.4758652,31.2217679,,normal
O479317539,121.4762382,31.2218379,,normal
O479317555,121.4770555,31.2218074,,normal
O479317574,121.4774063,31.2218579,,normal
O479319990,121.4798692,31.2207222,,normal
O479322189,121.4781334,31.2214948,,normal
O479322299,121.4801492,31.2223607,,normal
O479914786,121.4785316,31.243405,,normal
O479914787,121.4780068,31.246494,,normal
O479915009,121.4740227,31.2408623,,normal
O479915143,121.4737233,31.2407016,,normal
O479915836,121.4808295,31.2405808,,normal
O479915845,121.480611,31.2415527,,normal
O479915848,121.4802501,31.2435588,,normal
O479915857,121.4801122,31.2455198,,normal
O479920136,121.4726637,31.2417468,,normal
O479920137,121.4727068,31.2416358,,normal
O479920138,121.4731129,31.2411033,,normal
O479921326,121.4827643,31.2422382,,normal
O479921328,121.4765754,31.2417901,,normal
O479921360,121.4730613,31.2410753,,normal
O479921364,121.4736607,31.2413647,,normal
O479921372,121.4742201,31.2415968,,normal
O479921375,121.4746615,31.2417154,,normal
O479921381,121.4754512,31.2417704,,normal
O479921389,121.4756518,31.2417825,,normal
O479921390,121.4773935,31.2418027,,normal
O479921393,121.4782371,31.2410962,,normal
O479921400,121.4797433,31.2403902,,normal
O479921431,121.4814325,31.2410578,,normal
O479921437,121.4826613,31.2421221,,normal
O479922149,121.4747985,31.2417426,,normal
O479922225,121.4746153,31.2428372,,normal
O479922545,121.4742588,31.2453491,,normal
O479922816,121.4726514,31.2450238,,normal
O479923010,121.4727446,31.2443906,,normal
O479924173,121.4746756,31.2446017,,normal
O479924179,121.4748038,31.2445899,,normal
O479924191,121.4751808,31.2445435,,normal
O479924212,121.4782412,31.2452364,,normal
O479924220,121.4832524,31.2458893,,normal
O479925407,121.4756496,31.2451783,,normal
O479925940,121.4772023,31.2456767,,normal
O479925943,121.477758,31.245826,,normal
O479925968,121.4780908,31.2458806,,normal
O479925977,121.4787114,31.2459219,,normal
O479925982,121.4790272,31.2459753,,normal
O479925992,121.4793061,31.2460756,,normal
O479926004,121.4796583,31.2461661,,normal
O479926013,121.4799347,31.2462224,,normal
O479926019,121.4806052,31.246286,,normal
O479926030,121.4813098,31.2463741,,normal
O479926042,121.4817451,31.2464774,,normal
O479927623,121.4830158,31.247319,,normal
O479928646,121.4831833,31.2473902,,normal
O479928652,121.4831627,31.2483876,,normal
O479928806,121.4819431,31.2459179,,normal
O479928883,121.4819856,31.2468808,,normal
O479928951,121.4823095,31.2480122,,normal
O479930264,121.4774559,31.2457558,,normal
O479930526,121.4772499,31.2462717,,normal
O479932425,121.4787971,31.2420555,,normal
O479932851,121.4804843,31.242283,,normal
O479934463,121.4844272,31.244592,,normal
O479938531,121.4708211,31.2398387,,normal
O479938880,121.4704814,31.2396916,,normal
O479938883,121.4702199,31.2396196,,normal
O479938886,121.469523,31.2395854,,normal
O479938888,121.4689731,31.239685,,normal
O479938891,121.4682291,31.2399592,,normal
O479938893,121.4676412,31.2403497,,normal
O479938895,121.4669527,31.2408097,,normal
O479938896,121.4662542,31.2411313,,normal
O479938898,121.4651399,31.2415006,,normal
O479939586,121.464423,31.241621,,normal
O479939587,121.4636474,31.2417366,,normal
O479939588,121.4630363,31.2416831,,normal
O479939590,121.4624499,31.2415347,,normal
O479939591,121.4615093,31.2412029,,normal
O479939592,121.4603309,31.2403489,,normal
O479939593,121.4595341,31.239444,,normal
O479939594,121.459053,31.2389867,,normal
O479939595,121.4579425,31.2384693,,normal
O479939597,121.4574665,31.2383885,,normal
O479939598,121.4569174,31.23851,,normal
O479939599,121.455813,31.2391144,,normal
O479939685,121.4553507,31.239453,,normal
O479939686,121.4550425,31.2397327,,normal
O479939814,121.4487488,31.2449336,,normal
O479939820,121.4495218,31.2442925,,normal
O479939821,121.4497563,31.2439076,,normal
O479939823,121.4518294,31.2425503,,normal
O479939867,121.4495981,31.2440912,,normal
O479942141,121.4628062,31.2443918,,normal
O479942147,121.4641667,31.2436065,,normal
O479942154,121.4649988,31.2429355,,normal
O479942161,121.4659432,31.2421301,,normal
O479942162,121.4661418,31.241661,,normal
O479942165,121.4661692,31.2412831,,normal
O479942168,121.4661323,31.2411725,,normal
O479942729,121.4658693,31.2405552,,normal
O479942733,121.465938,31.2397624,,normal
O479942735,121.4660853,31.2394662,,normal
O479943844,121.4656966,31.2405681,,normal
O479943873,121.4596288,31.2385561,,normal
O479943874,121.4599021,31.2388155,,normal
O479943881,121.4609753,31.2402118,,normal
O479943884,121.4613091,31.2405193,,normal
O479943885,121.46178,31.2407459,,normal
O479943888,121.4625747,31.2409787,,normal
O479943890,121.4634686,31.241038,,normal
O479995042,121.470812,31.2163743,,normal
O479995053,121.4671189,31.215121,,normal
O479995536,121.4705393,31.2155771,,normal
O479995801,121.4710768,31.2222662,,normal
O481390556,121.4812793,31.2236375,,normal
O481390557,121.4803527,31.223371,,normal
O481390560,121.4827766,31.2240647,,normal
O481390600,121.4826854,31.2242856,,normal
O481397090,121.4814703,31.2224797,,normal
O481397312,121.4833439,31.2228639,,normal
O482732359,121.4853778,31.2144957,,normal
O482732480,121.4871175,31.2154695,,normal
O482773529,121.4639719,31.233882,,normal
O482773674,121.4613837,31.2329525,,normal
O482773734,121.4623408,31.2311941,,normal
O482799179,121.4653498,31.2254162,,normal
O482799180,121.4655554,31.2239107,,normal
O482799182,121.4685905,31.2247261,,normal
O482799183,121.4679167,31.2254364,,normal
O483103066,121.4831548,31.2115568,,normal
O483103082,121.483176,31.2114198,,normal
O483103101,121.4834565,31.2147628,,normal
O483103124,121.4829181,31.2123705,,normal
O483103127,121.4827281,31.2129239,,normal
O483103130,121.4826391,31.2135424,,normal
O483103133,121.4826657,31.2138365,,normal
O483103137,121.4827471,31.2140014,,normal
O483103140,121.4831257,31.2144158,,normal
O483103143,121.4832428,31.214552,,normal
O483103146,121.4836967,31.2152985,,normal
O483103149,121.4838443,31.2156516,,normal
O483103362,121.4819086,31.2114031,,normal
O483103400,121.4819783,31.2112324,,normal
O483104729,121.4826868,31.2097199,,normal
O483104733,121.483046,31.2091534,,normal
O483106120,121.4814063,31.2129713,,normal
O483106129,121.4826348,31.2133775,,normal
O483106139,121.4836874,31.2137591,,normal
O483106759,121.4806288,31.2162769,,normal
O483107387,121.4816728,31.2141359,,normal
O483108069,121.4829616,31.2122504,,normal
O483108446,121.481849,31.2167184,,normal
O483108462,121.4827701,31.2170498,,normal
O483108693,121.4815462,31.2113298,,normal
O483109960,121.4806366,31.2226861,,normal
O483110054,121.4796734,31.22121,,normal
O483110717,121.4815691,31.2218723,,normal
O483112744,121.4781103,31.2231786,,normal
O483113556,121.4799287,31.2245334,,normal
O483113599,121.4778442,31.2237878,,normal
O483115405,121.4759616,31.2223073,,normal
O483115423,121.4761492,31.2218242,,normal
O483116582,121.4767819,31.2217997,,normal
O483116732,121.4771623,31.2205183,,normal
O483117301,121.4724056,31.2219024,,normal
O483117303,121.472844,31.2204827,,normal
O483117306,121.4729006,31.2202702,,normal
O483117310,121.4730437,31.2196874,,normal
O483118665,121.4731827,31.2180366,,normal
O483118702,121.4716084,31.2177108,,normal
O483119185,121.4714964,31.2189244,,normal
O483119728,121.4643055,31.2175695,,normal
O483119780,121.4696612,31.2193234,,normal
O483119787,121.4692266,31.2192959,,normal
O483119790,121.4685707,31.219077,,normal
O483119795,121.4672613,31.2185148,,normal
O483119801,121.4664361,31.2181373,,normal
O483119805,121.4652318,31.2177775,,normal
O483119810,121.4644807,31.2176196,,normal
O483122140,121.4758199,31.2226135,,normal
O483122165,121.4725072,31.2215068,,normal
O483122241,121.4700464,31.2209048,,normal
O483122251,121.471908,31.2213119,,normal
O483124613,121.4697976,31.2193289,,normal
O483124807,121.4696429,31.2187795,,normal
O483125834,121.4637372,31.2174045,,normal
O483125838,121.4630136,31.2171847,,normal
O483125840,121.4627609,31.2170557,,normal
O483125843,121.4623735,31.2167692,,normal
O483125845,121.4617663,31.2161925,,normal
O483125856,121.4614325,31.2158703,,normal
O483125859,121.4606487,31.2154496,,normal
O483125862,121.4591992,31.2148787,,normal
O483125865,121.458539,31.214637,,normal
O483126248,121.457055,31.2141766,,normal
O483133315,121.4635931,31.2109866,,normal
O483133323,121.4624916,31.2139492,,normal
O483133333,121.4613044,31.2177018,,normal
O483133338,121.460917,31.2186923,,normal
O483133346,121.460254,31.2206982,,normal
O483133350,121.4602602,31.2211015,,normal
O483133358,121.4603592,31.2220911,,normal
O483133367,121.4608257,31.2236542,,normal
O483133379,121.4608696,31.2238737,,normal
O485285204,121.436916,31.2484606,,normal
O485285205,121.4392851,31.24864,,normal
O485285208,121.4396119,31.2483733,,normal
O485286375,121.4512335,31.2495324,,normal
O485286378,121.4511222,31.2498557,,normal
O485286381,121.45116,31.2508622,,normal
O485286385,121.4512041,31.2512359,,normal
O485286387,121.4511032,31.2513255,,normal
O485286388,121.4501101,31.2520391,,normal
O485286390,121.4490314,31.2526214,,normal
O485286392,121.448622,31.2528015,,normal
O485286396,121.4444697,31.2545311,,normal
O485286398,121.4437624,31.254679,,normal
O485286399,121.4433341,31.2547161,,normal
O485286402,121.4413081,31.2544961,,normal
O485288849,121.441364,31.2536146,,normal
O485288857,121.4400377,31.2533236,,normal
O485288865,121.4394383,31.2529264,,normal
O485288874,121.4392031,31.2525418,,normal
O485288880,121.4384406,31.2503776,,normal
O485288889,121.4379474,31.2490622,,normal
O485288906,121.4374084,31.2482303,,normal
O485288914,121.4371499,31.2483062,,normal
O485288924,121.4352357,31.2496309,,normal
O485288946,121.4350094,31.2497062,,normal
O485288958,121.4340871,31.2497528,,normal
O485288970,121.4337461,31.2495645,,normal
O485288978,121.4334386,31.2490562,,normal
O485288991,121.4335366,31.2478884,,normal
O485288999,121.433741,31.2458534,,normal
O485289011,121.4336215,31.2456577,,normal
O485289016,121.4331202,31.2455387,,normal
O485289028,121.4300188,31.2450287,,normal
O485289058,121.4295964,31.2449427,,normal
O485289069,121.4289513,31.2445698,,normal
O485289079,121.4287952,31.2443438,,normal
O485289092,121.428733,31.2440393,,normal
O485289104,121.4293093,31.2424114,,normal
O485289112,121.4302663,31.2400934,,normal
O485289117,121.4303013,31.2396516,,normal
O485289118,121.430345,31.2395237,,normal
O485289120,121.4303979,31.2391805,,normal
O485289133,121.427919,31.2378455,,normal
O485289157,121.4265689,31.2370203,,normal
O485289164,121.426276,31.2368845,,normal
O485289182,121.4257053,31.2363155,,normal
O485289189,121.42566,31.2361357,,normal
O485289197,121.4258485,31.2343297,,normal
O485289206,121.4258097,31.2332517,,normal
O485289212,121.4248107,31.2303603,,normal
O485289218,121.4244766,31.2297758,,normal
O485289229,121.4213877,31.2263964,,normal
O485289266,121.4208685,31.2258131,,normal
O485289275,121.4204997,31.2255637,,normal
O485289280,121.420311,31.2254904,,normal
O485289286,121.4200108,31.2254906,,normal
O485289292,121.4195819,31.225689,,normal
O485289299,121.417604,31.2275422,,normal
O485289324,121.4152744,31.2295473,,normal
O486131798,121.476486,31.2240478,,normal
O486172966,121.4707086,31.2230281,,normal
O486173029,121.4678822,31.2259678,,normal
O486173048,121.4676746,31.2263725,,normal
O486173072,121.4675133,31.2268188,,normal
O486173092,121.4673938,31.2273241,,normal
O486176720,121.4717467,31.2204153,,normal
O486178387,121.4715088,31.217685,,normal
O486178405,121.4716457,31.2181033,,normal
O486178426,121.4719321,31.2191323,,normal
O486178439,121.4720823,31.2197324,,normal
O486178447,121.4720908,31.2201143,,normal
O486178451,121.4719976,31.220957,,normal
O486178505,121.4714692,31.2219693,,normal
O486179370,121.4706155,31.2155746,,normal
O486181397,121.4710377,31.2126485,,normal
O486181402,121.4708751,31.2129059,,normal
O486181408,121.4706955,31.2133176,,normal
O486181416,121.4706699,31.2134646,,normal
O486181422,121.4706527,31.2138758,,normal
O486181428,121.470687,31.2143972,,normal
O486181456,121.4707555,31.2147936,,normal
O486183676,121.4734266,31.2085055,,normal
O486183804,121.4733582,31.20864,,normal
O486183839,121.4722624,31.2108233,,normal
O486184021,121.4740788,31.2067914,,normal
O486184083,121.4731754,31.2090888,,normal
O486184095,121.472782,31.2100124,,normal
O486184139,121.4718916,31.2113919,,normal
O486190110,121.4753729,31.2030348,,normal
O486190182,121.4750045,31.2040242,,normal
O486190579,121.4747818,31.2048604,,normal
O486193667,121.4729959,31.2084672,,normal
O486193791,121.4729425,31.2086193,,normal
O486193835,121.4718489,31.2106321,,normal
O486193966,121.4703961,31.2147651,,normal
O486193978,121.4702848,31.2142219,,normal
O486193994,121.4702848,31.2137226,,normal
O486194010,121.4703532,31.2133111,,normal
O486194026,121.4705575,31.2128229,,normal
O486194039,121.4712466,31.2115971,,normal
O486194050,121.4723931,31.2097126,,normal
O486194095,121.4727059,31.2091336,,normal
O486196349,121.4733454,31.2076149,,normal
O486206939,121.4800532,31.2173291,,normal
O486206993,121.4764749,31.2167742,,normal
O486207014,121.4813692,31.2176883,,normal
O486207031,121.4785547,31.2166696,,normal
O486589091,121.4671497,31.2302232,,normal
O486589110,121.4671133,31.2308818,,normal
O486589138,121.4668131,31.2327466,,normal
O486589182,121.4667701,31.2329898,,normal
O486589247,121.4664478,31.2344953,,normal
O486589279,121.4663753,31.2347398,,normal
O486589303,121.4662537,31.2350244,,normal
O486589322,121.4654368,31.2364763,,normal
O486589610,121.4647992,31.23769,,normal
O486589912,121.4644557,31.2383861,,normal
O486590067,121.464566,31.2381357,,normal
O486590791,121.4634192,31.2395968,,normal
O486590809,121.4640604,31.2382849,,normal
O486590833,121.464628,31.2373202,,normal
O486590870,121.4659127,31.2351351,,normal
O486590926,121.4661096,31.2346458,,normal
O486590938,121.4662395,31.234218,,normal
O486590949,121.466513,31.2329516,,normal
O486591050,121.4666158,31.2323519,,normal
O486591550,121.4667463,31.2317228,,normal
O486591646,121.466881,31.2308765,,normal
O486591897,121.4671666,31.2275411,,normal
O486592050,121.4670734,31.2289503,,normal
O486592065,121.4672477,31.2269897,,normal
O486592081,121.4665968,31.2275086,,normal
O486593857,121.4675514,31.2261108,,normal
O486595521,121.4624665,31.243828,,normal
O486597494,121.4625557,31.24468,,normal
O486597506,121.4630324,31.2455914,,normal
O486598211,121.4621484,31.2447791,,normal
O486598242,121.4624083,31.2423721,,normal
O486604077,121.4635436,31.2521843,,normal
O486604085,121.4634465,31.2510682,,normal
O486604095,121.4633294,31.2504217,,normal
O486604105,121.4627659,31.2476891,,normal
O486604900,121.4638855,31.2521742,,normal
O486606107,121.4639134,31.2535671,,normal
O486609026,121.4636401,31.2535781,,normal
O486609328,121.463501,31.2571493,,normal
O486609358,121.4635574,31.2561393,,normal
O486609409,121.4635864,31.2547121,,normal
O486611800,121.4512283,31.2501804,,normal
O486611838,121.4513449,31.2501736,,normal
O486612115,121.4517767,31.2540103,,normal
O486612161,121.4518709,31.2540009,,normal
O486620567,121.4527137,31.247487,,normal
O486620572,121.4518056,31.248914,,normal
O486620579,121.4512216,31.2505031,,normal
O486620585,121.4513257,31.2504189,,normal
O486620708,121.4535146,31.2486445,,normal
O486620743,121.4535845,31.2485814,,normal
O486620761,121.4536178,31.2484983,,normal
O486620784,121.4535807,31.2483282,,normal
O486620786,121.4532538,31.2477857,,normal
O486620791,121.4533515,31.2479183,,normal
O486620806,121.455652,31.2470012,,normal
O486655527,121.4752825,31.2199627,,normal
O495832245,121.4551705,31.2302384,,normal
O517673401,121.4848449,31.2568647,,normal
O517751590,121.4714442,31.2407119,,normal
O517759046,121.4703385,31.2465991,,normal
O517759047,121.4688107,31.2455561,,normal
O517759049,121.4673375,31.2445922,,normal
O517777613,121.4587391,31.2477034,,normal
O517777614,121.457912,31.2476907,,normal
O517777629,121.4577236,31.2476669,,normal
O517777633,121.4575218,31.2475747,,normal
O517777640,121.4572914,31.2473673,,normal
O517777654,121.4562687,31.2475489,,normal
O517777657,121.4561056,31.2475307,,normal
O517783993,121.4561176,31.2442342,,normal
O518302525,121.4788958,31.2505509,,normal
O518302529,121.4802557,31.2507153,,normal
O518302700,121.4817275,31.2507163,,normal
O518306076,121.4796594,31.2532214,,normal
O538725435,121.4439335,31.2499106,,normal
O538725436,121.4428949,31.2523987,,normal
O538725437,121.4419922,31.2534854,,normal
O552679258,121.4598256,31.2151385,,normal
O552679262,121.4569039,31.2221504,,normal
O552679263,121.4572821,31.2212153,,normal
O552679264,121.457553,31.2206224,,normal
O552679266,121.4579592,31.2193837,,normal
O552679267,121.4582644,31.2184906,,normal
O552679270,121.4586616,31.2177192,,normal
O552689596,121.4416674,31.2135423,,normal
O552689671,121.4468042,31.2147419,,normal
O552689675,121.4461747,31.2145203,,normal
O554132620,121.4545509,31.2347962,,normal
O554132623,121.4557434,31.2332195,,normal
O554132715,121.4525611,31.2344114,,normal
O554132775,121.4568844,31.23572,,normal
O554142400,121.4556245,31.2333954,,normal
O554149797,121.4420299,31.2427082,,normal
O554149799,121.4481436,31.2364313,,normal
O554174238,121.4408304,31.2293128,,normal
O554175076,121.4405042,31.2296959,,normal
O554175082,121.4388035,31.2284763,,normal
O554175983,121.43935,31.2312401,,normal
O554177080,121.4397651,31.230634,,normal
O554206380,121.4421945,31.2169809,,normal
O554206381,121.4405238,31.216731,,normal
O554206382,121.4399882,31.2162591,,normal
O554206383,121.4396883,31.2155756,,normal
O554206384,121.4395007,31.214814,,normal
O554206391,121.4337636,31.2051169,,normal
O554206394,121.4313151,31.2054212,,normal
O554206395,121.4308714,31.2033369,,normal
O554206396,121.4308333,31.2032259,,normal
O554206399,121.4759603,31.2120644,,normal
O554224842,121.4649426,31.2076719,,normal
O554224844,121.4640003,31.2072766,,normal
O554224846,121.4626398,31.2067359,,normal
O554224858,121.4620142,31.2065202,,normal
O554224859,121.4621881,31.204917,,normal
O554224861,121.4622059,31.2042407,,normal
O554224863,121.4622332,31.2035574,,normal
O554236865,121.4400777,31.2053321,,normal
O554236870,121.4607411,31.2134275,,normal
O554236871,121.4616047,31.2101414,,normal
O554236879,121.4659254,31.2196477,,normal
O554236880,121.4559151,31.2121856,,normal
O554236886,121.4543083,31.2088977,,normal
O554236893,121.4530837,31.2114007,,normal
O554238927,121.4495645,31.2124849,,normal
O554736032,121.4511222,31.2505018,,normal
O554736733,121.4515514,31.2497669,,normal
O554736737,121.4514573,31.2504058,,normal
O555609886,121.4561952,31.2374606,,normal
O555615155,121.4606061,31.2397283,,normal
O555620401,121.4615869,31.2354764,,normal
O555620411,121.4615471,31.2355679,,normal
O555620419,121.4615326,31.2356861,,normal
O555620428,121.4615456,31.2361791,,normal
O555620440,121.4615285,31.2362879,,normal
O555620452,121.4614116,31.2364553,,normal
O555620465,121.461125,31.2366485,,normal
O555624719,121.4564477,31.2307201,,normal
O555628670,121.4559447,31.2291845,,normal
O555631162,121.4590097,31.2305797,,normal
O555631228,121.4617827,31.2318993,,normal
O555637741,121.4610215,31.2268889,,normal
O555654415,121.4455811,31.2355032,,normal
O558628790,121.4833686,31.2551372,,normal
O558628793,121.4825802,31.2544868,,normal
O559812391,121.4626722,31.2450096,,normal
O559812401,121.4627597,31.2451371,,normal
O559813154,121.4673734,31.2445293,,normal
O559813155,121.46901,31.2456053,,normal
O559813225,121.4772991,31.2464729,,normal
O559813226,121.4771897,31.2464398,,normal
O559813227,121.4753807,31.2459573,,normal
O559813229,121.4724807,31.2453036,,normal
O559813230,121.4711141,31.2449507,,normal
O559813336,121.4812161,31.2478654,,normal
O559813337,121.4831689,31.2485482,,normal
O559813339,121.4797697,31.2473016,,normal
O559813341,121.484832,31.2499118,,normal
O559813396,121.4845969,31.2497228,,normal
O559813397,121.4832707,31.2486212,,normal
O559813398,121.4824111,31.2481835,,normal
O559813399,121.4820455,31.2480688,,normal
O559813400,121.4796167,31.2472369,,normal
O559821389,121.4640146,31.2238996,,normal
O559821457,121.455156,31.2239357,,normal
O559821818,121.4443051,31.220398,,normal
O559821824,121.4464844,31.2209123,,normal
O559822203,121.4314668,31.2132257,,normal
O559822224,121.4295954,31.2112962,,normal
O559822225,121.4292447,31.211045,,normal
O559822226,121.4282062,31.2104796,,normal
O559822227,121.4287954,31.2105098,,normal
O559822228,121.4286699,31.210602,,normal
O559822229,121.4289771,31.2108552,,normal
O559822230,121.4285903,31.2106093,,normal
O559822363,121.4252913,31.210093,,normal
O559822364,121.4235834,31.209748,,normal
O559822416,121.4161753,31.2081447,,normal
O560400092,121.3984807,31.217857,,normal
O560440806,121.4015718,31.2060495,,normal
O560440807,121.402521,31.2060155,,normal
O560440808,121.4031925,31.2058883,,normal
O560440810,121.4035405,31.2072076,,normal
O560440812,121.4022472,31.2146588,,normal
O560440813,121.4014702,31.2148053,,normal
O560440814,121.4076682,31.2048457,,normal
O560440816,121.4061497,31.2051834,,normal
O560440817,121.4045869,31.205584,,normal
O560440818,121.4073988,31.206381,,normal
O560440819,121.4094097,31.2062511,,normal
O560440820,121.4098356,31.2063199,,normal
O560440821,121.4101645,31.2066416,,normal
O560440822,121.4101753,31.2077243,,normal
O560440823,121.4100073,31.2080655,,normal
O560440824,121.4091647,31.2084056,,normal
O560440825,121.4045803,31.2140247,,normal
O560649014,121.4616685,31.2092682,,normal
O560769405,121.4045273,31.2116274,,normal
O564507963,121.4037441,31.2208928,,normal
O564507965,121.4044513,31.2209749,,normal
O564508043,121.4056638,31.2212881,,normal
O564508044,121.4070548,31.2219446,,normal
O564508046,121.4077694,31.2223387,,normal
O564508047,121.4079612,31.2224274,,normal
O564508050,121.4095426,31.222788,,normal
O564508051,121.4106205,31.2228244,,normal
O564636587,121.4126027,31.2124237,,normal
O565170990,121.4497746,31.2580838,,normal
O565171010,121.4496087,31.2583229,,normal
O565171016,121.4471097,31.2577373,,normal
O565171052,121.4450726,31.257398,,normal
O565171053,121.4443702,31.257157,,normal
O565171054,121.4428233,31.2566012,,normal
O565171069,121.4429653,31.2563372,,normal
O565171082,121.4455008,31.2575032,,normal
O565171088,121.445,31.2583999,,normal
O565171119,121.4401122,31.2555781,,normal
O565171121,121.437702,31.2545975,,normal
O565171128,121.4378481,31.2543558,,normal
O565224381,121.4663314,31.2046857,,normal
O565232053,121.4374119,31.254189,,normal
O565232058,121.4368826,31.2542628,,normal
O565232756,121.4329554,31.2500916,,normal
O565232760,121.4337456,31.2507199,,normal
O565232765,121.4345942,31.2515116,,normal
O565232768,121.4349456,31.2519296,,normal
O565232771,121.4358199,31.2530663,,normal
O565232786,121.4365758,31.2537552,,normal
O565232788,121.4370834,31.2540427,,normal
O565233175,121.4330682,31.2501781,,normal
O565233176,121.4323368,31.2513965,,normal
O565233177,121.4321838,31.2516673,,normal
O565233180,121.4313918,31.2536654,,normal
O565233181,121.4307806,31.2553283,,normal
O565233182,121.4307654,31.2554609,,normal
O565233183,121.4307588,31.2556069,,normal
O565233220,121.4306685,31.2556059,,normal
O565233221,121.4306767,31.2554545,,normal
O565233222,121.4311486,31.2540166,,normal
O565233224,121.4320689,31.2516906,,normal
O565233225,121.4322201,31.2514174,,normal
O565233643,121.4328154,31.2503899,,normal
O565233654,121.4329029,31.2504581,,normal
O565233661,121.4363849,31.2539809,,normal
O565233662,121.4358798,31.2535581,,normal
O565233664,121.434457,31.2518935,,normal
O565233668,121.4343371,31.2517322,,normal
O565233670,121.4334371,31.250845,,normal
O565233673,121.432057,31.2498335,,normal
O565233676,121.4314741,31.2493498,,normal
O565233691,121.4308654,31.248719,,normal
O565233697,121.4299824,31.2476702,,normal
O565233703,121.4298281,31.2474722,,normal
O565233707,121.4290907,31.2469077,,normal
O565234292,121.42811,31.2463152,,normal
O565234631,121.4266729,31.2454857,,normal
O565234634,121.4283836,31.2461855,,normal
O565234636,121.4293137,31.2467019,,normal
O565234639,121.4301281,31.2473471,,normal
O565234640,121.4303167,31.2475744,,normal
O565234641,121.431697,31.2491146,,normal
O565234712,121.4307548,31.2480468,,normal
O565234755,121.4305134,31.2482965,,normal
O565235081,121.427617,31.2514793,,normal
O565235596,121.4268361,31.2455445,,normal
O565235605,121.4267312,31.2457448,,normal
O565235993,121.4266513,31.24571,,normal
O565235994,121.4267568,31.2455166,,normal
O565236520,121.4244607,31.2443643,,normal
O565236529,121.4257126,31.2450754,,normal
O565236730,121.4248776,31.2449156,,normal
O565236737,121.4242426,31.2445679,,normal
O565237003,121.4199675,31.2418301,,normal
O565237013,121.4227197,31.2433085,,normal
O565237184,121.4212071,31.2425225,,normal
O565237211,121.4196469,31.2416488,,normal
O565237216,121.4183196,31.2407857,,normal
O565237367,121.4191636,31.2417041,,normal
O565237380,121.419369,31.2418434,,normal
O565237410,121.4216048,31.2430376,,normal
O565237412,121.4188926,31.2415633,,normal
O565237413,121.4176064,31.2408853,,normal
O565237465,121.4161683,31.2393432,,normal
O565237466,121.4169385,31.2399454,,normal
O565237534,121.4169214,31.2404266,,normal
O565237537,121.416134,31.239776,,normal
O565237538,121.4152152,31.2388118,,normal
O565237603,121.4154601,31.2386847,,normal
O565238742,121.418997,31.2371291,,normal
O565238751,121.4158692,31.2390832,,normal
O565238757,121.4156075,31.2392519,,normal
O565238762,121.4138208,31.2403563,,normal
O565238766,121.4103093,31.2425459,,normal
O565239511,121.4102485,31.2424752,,normal
O565239522,121.4138977,31.2401555,,normal
O565239538,121.4154985,31.2391335,,normal
O565239556,121.417556,31.2379228,,normal
O565239561,121.4189197,31.2370043,,normal
O565240485,121.4135061,31.2359645,,normal
O565240518,121.4145072,31.2374388,,normal
O565240523,121.4148969,31.2379762,,normal
O565240858,121.4142059,31.2374509,,normal
O565240863,121.4133414,31.2361061,,normal
O565241222,121.4141917,31.236978,,normal
O565241224,121.4140335,31.237185,,normal
O565241500,121.411314,31.2327764,,normal
O565241502,121.4117328,31.2334771,,normal
O565241507,121.4125134,31.2345835,,normal
O565241565,121.4116442,31.2339602,,normal
O565241607,121.4131458,31.2358436,,normal
O565241797,121.4114555,31.2333881,,normal
O565242361,121.4110431,31.2328696,,normal
O565242566,121.4114153,31.23359,,normal
O565242570,121.4112793,31.2336688,,normal
O565242574,121.4111516,31.2338181,,normal
O565242577,121.4102571,31.2355605,,normal
O565244008,121.4107285,31.2311852,,normal
O565244055,121.4105815,31.2306848,,normal
O565244061,121.4107672,31.2313541,,normal
O565244132,121.4104568,31.2312274,,normal
O565244224,121.410381,31.2307373,,normal
O565244436,121.4106527,31.2319597,,normal
O565244629,121.4097868,31.2321403,,normal
O565244631,121.4094454,31.2322841,,normal
O565244633,121.409223,31.232508,,normal
O565244646,121.4088408,31.2333184,,normal
O565245037,121.4100923,31.2296806,,normal
O565245039,121.410065,31.2291844,,normal
O565245042,121.4099713,31.228945,,normal
O565245044,121.4101439,31.2280297,,normal
O565245047,121.4104726,31.2270992,,normal
O565245050,121.410797,31.2262562,,normal
O565245344,121.4111009,31.2263988,,normal
O565245345,121.4104127,31.2280914,,normal
O565245346,121.4102706,31.228984,,normal
O565245348,121.4103219,31.2297012,,normal
O565245372,121.4112066,31.2256263,,normal
O565245373,121.411232,31.2249919,,normal
O565245375,121.4111677,31.2238632,,normal
O565245397,121.4109004,31.2256468,,normal
O565245398,121.4108982,31.2250463,,normal
O565245399,121.4108651,31.2238399,,normal
O565245784,121.4108792,31.2185842,,normal
O565245813,121.4107918,31.2227992,,normal
O565245814,121.4107279,31.2221413,,normal
O565245815,121.4106196,31.2210077,,normal
O565245817,121.4105263,31.2196921,,normal
O565245818,121.4105361,31.2185842,,normal
O565245823,121.4104114,31.222276,,normal
O565245837,121.4105186,31.2222269,,normal
O565245838,121.4105707,31.2221091,,normal
O565245861,121.4105908,31.2178638,,normal
O565245862,121.410684,31.2172684,,normal
O565246057,121.411003,31.217299,,normal
O565246068,121.4109292,31.217874,,normal
O565246755,121.4128121,31.2124718,,normal
O565247044,121.4108707,31.2164006,,normal
O565247046,121.4117519,31.2140568,,normal
O565247116,121.4126716,31.2121441,,normal
O565247117,121.4127375,31.2117563,,normal
O565247119,121.412716,31.2111018,,normal
O565247138,121.4123723,31.2091644,,normal
O565247142,121.4128694,31.2104979,,normal
O565247143,121.4129833,31.2108737,,normal
O565247144,121.4130091,31.2111463,,normal
O565247145,121.4129797,31.2118082,,normal
O565247154,121.4121139,31.2092395,,normal
O565247157,121.412612,31.210535,,normal
O565247286,121.4122431,31.2047393,,normal
O565247333,121.4119901,31.2070438,,normal
O565247336,121.4119839,31.2076069,,normal
O565247925,121.412089,31.2047268,,normal
O565247962,121.4118496,31.2083784,,normal
O565249186,121.4134217,31.2070681,,normal
O565250060,121.4135281,31.2071453,,normal
O565250313,121.4135265,31.2073537,,normal
O565250758,121.4089557,31.2039688,,normal
O566178664,121.4007562,31.205987,,normal
O566178672,121.4123112,31.2032158,,normal
O566178673,121.4125259,31.202408,,normal
O573259239,121.435931,31.2184369,,normal
O573259241,121.4376407,31.2174998,,normal
O573267343,121.4368793,31.2189228,,normal
O573267344,121.4404656,31.2207942,,normal
O573267345,121.4410011,31.220922,,normal
O573989786,121.4036115,31.214346,,normal
O574703885,121.4309794,31.2192527,,normal
O574703888,121.4303448,31.2189403,,normal
O574703891,121.4295777,31.2187833,,normal
O574737603,121.4355609,31.2128406,,normal
O574737605,121.435385,31.2132468,,normal
O574737606,121.4350013,31.2136909,,normal
O574737608,121.4336443,31.2129863,,normal
O574737611,121.436648,31.2112455,,normal
O574737614,121.4389529,31.2148041,,normal
O574737618,121.43516,31.2135833,,normal
O574737620,121.43866,31.2154164,,normal
O579550826,121.4111069,31.2261579,,normal
O579550860,121.4172194,31.2326436,,normal
O582323566,121.4183866,31.2299893,,normal
O582323569,121.4165117,31.233837,,normal
O582323586,121.4181565,31.2363208,,normal
O582338424,121.4172544,31.2158052,,normal
O582338431,121.417286,31.2161446,,normal
O582338437,121.4177634,31.2199205,,normal
O582338449,121.4201261,31.218852,,normal
O582338453,121.4253885,31.2189278,,normal
O582338454,121.4239392,31.2189259,,normal
O582338456,121.4216603,31.2188527,,normal
O582338461,121.4147499,31.2233331,,normal
O582338463,121.4153835,31.2236049,,normal
O582338467,121.4181084,31.2233716,,normal
O582338469,121.4188038,31.2236869,,normal
O582338471,121.4189976,31.2238775,,normal
O582338479,121.4191476,31.2241975,,normal
O582338482,121.4192549,31.2242319,,normal
O582338487,121.4207147,31.2244934,,normal
O582338489,121.4198182,31.2279234,,normal
O582338492,121.4229549,31.2282513,,normal
O582338494,121.4206696,31.2270814,,normal
O582338496,121.4278614,31.2187536,,normal
O582338498,121.4264334,31.2188606,,normal
O599405172,121.4409312,31.2414934,,normal
O599405174,121.4417346,31.2408043,,normal
O599405175,121.4428042,31.2395362,,normal
O599405185,121.4424955,31.2422609,,normal
O599405186,121.4457237,31.2394463,,normal
O599408518,121.4863051,31.2328363,,normal
O599408884,121.4833135,31.2416883,,normal
O599408886,121.4842834,31.2392706,,normal
O599408909,121.4828707,31.2423408,,normal
O599409987,121.4825203,31.2401998,,normal
O599410298,121.483048,31.2414391,,normal
O600143392,121.4830246,31.2309239,,normal
O600144559,121.4703564,31.2233697,,normal
O600486973,121.4394204,31.2144102,,normal
O600487087,121.4392642,31.2144304,,normal
O600487399,121.4577465,31.2201464,,normal
O600488660,121.4354696,31.224297,,normal
O600488663,121.4358699,31.2228404,,normal
O600488722,121.4343373,31.2258944,,normal
O600489668,121.4400517,31.2379567,,normal
O600489669,121.4380373,31.2370012,,normal
O600489670,121.4443487,31.2404381,,normal
O600490995,121.427734,31.2243015,,normal
O600490996,121.4290904,31.2231082,,normal
O600493481,121.4678821,31.2331637,,normal
O600493482,121.4497799,31.2430175,,normal
O600493483,121.4310756,31.2352211,,normal
O600493484,121.4350201,31.2352201,,normal
O600493486,121.4412612,31.2386168,,normal
O600493487,121.4491054,31.2424194,,normal
O600493488,121.449262,31.2424781,,normal
O600502720,121.4834185,31.2310138,,normal
O600502722,121.4817932,31.2302126,,normal
O600504930,121.4622623,31.2032952,,normal
O600504932,121.4590716,31.2167582,,normal
O600569869,121.4459179,31.2574874,,normal
O600571590,121.4367247,31.25444,,normal
O600571594,121.4369646,31.2545719,,normal
O600571595,121.4373963,31.2546209,,normal
O600571596,121.437611,31.2546697,,normal
O600571597,121.4401249,31.255641,,normal
O600571598,121.4404231,31.2556497,,normal
O600571599,121.44077,31.2555744,,normal
O600571600,121.4409933,31.2554569,,normal
O600571601,121.4411944,31.2551668,,normal
O600571602,121.4412473,31.254842,,normal
O600571605,121.4361266,31.2537897,,normal
O600571606,121.4217076,31.2428125,,normal
O600571609,121.442137,31.2558249,,normal
O600571610,121.4406257,31.2561643,,normal
O600571611,121.4311462,31.2579863,,normal
O601099883,121.4750782,31.2303402,,normal
O601099884,121.4749648,31.2304084,,normal
O601099893,121.4733103,31.2293142,,normal
O601099894,121.4733772,31.2292349,,normal
O601145227,121.4758155,31.2325067,,normal
O601145232,121.4753897,31.2329704,,normal
O601145284,121.4852692,31.2144342,,normal
O601145285,121.4858704,31.211915,,normal
O601145286,121.4859266,31.2117751,,normal
O601145287,121.4814551,31.2218438,,normal
O601145288,121.481784,31.2206301,,normal
O601145290,121.4849119,31.2151024,,normal
O601145291,121.472578,31.2396645,,normal
O601145292,121.4727723,31.2393923,,normal
O601145293,121.4732047,31.2382913,,normal
O601145294,121.4734778,31.2376525,,normal
O601145296,121.4744838,31.2345954,,normal
O601145297,121.4746029,31.2343404,,normal
O601145298,121.4749185,31.2337353,,normal
O601145299,121.4761374,31.2318189,,normal
O601145301,121.4763278,31.2311495,,normal
O601145302,121.4774389,31.2299534,,normal
O601145306,121.4782766,31.2287468,,normal
O601145308,121.4718326,31.2406931,,normal
O601145309,121.472501,31.2397784,,normal
O601145310,121.4715516,31.2415886,,normal
O601145311,121.4716237,31.2409701,,normal
O601145312,121.4717142,31.2407443,,normal
O601145313,121.4718831,31.240432,,normal
O601145314,121.4799894,31.2261456,,normal
O601145315,121.4802911,31.2255986,,normal
O601145317,121.4808981,31.2241611,,normal
O601145318,121.4811317,31.2236007,,normal
O601145319,121.4816626,31.2208779,,normal
O601145320,121.482758,31.219078,,normal
O601145353,121.4718133,31.2403949,,normal
O601145354,121.471601,31.2413292,,normal
O601145356,121.4808229,31.2235081,,normal
O601145357,121.4710889,31.2423137,,normal
O601661130,121.4743061,31.2115169,,normal
O601661132,121.4758432,31.2120302,,normal
O601661206,121.476361,31.2092929,,normal
O601661208,121.4775508,31.2096524,,normal
O601661225,121.4725938,31.2103444,,normal
O601661226,121.4742835,31.2108701,,normal
O601661227,121.4743901,31.2109705,,normal
O601661228,121.4744136,31.2110912,,normal
O601661229,121.4741432,31.2121439,,normal
O601661230,121.4737167,31.2141093,,normal
O601661235,121.4726952,31.2155405,,normal
O601661242,121.4734496,31.2343415,,normal
O601662222,121.4711839,31.2235935,,normal
O601662223,121.4703963,31.2235645,,normal
O601662224,121.4702538,31.2235263,,normal
O601662226,121.4796843,31.2265608,,normal
O601663327,121.4798143,31.2266183,,normal
O601663332,121.479147,31.2275788,,normal
O601669703,121.4513948,31.2056464,,normal
O601669704,121.4523638,31.2060113,,normal
O601669705,121.4530383,31.2061624,,normal
O601669706,121.4548097,31.2072468,,normal
O601669707,121.4560047,31.207942,,normal
O601669708,121.4579365,31.2090675,,normal
O601669709,121.4595027,31.2094857,,normal
O601669712,121.4664086,31.209427,,normal
O601669716,121.4609489,31.2030269,,normal
O601669718,121.460392,31.2051508,,normal
O601669719,121.4602743,31.2058214,,normal
O601669723,121.4591509,31.2106729,,normal
O601669724,121.4591538,31.2107479,,normal
O601669725,121.4593425,31.2115434,,normal
O601669726,121.4593648,31.2120849,,normal
O601669727,121.4593447,31.2121974,,normal
O601669728,121.4590572,31.2130143,,normal
O601669804,121.4674625,31.2055397,,normal
O601675009,121.4517837,31.2084704,,normal
O601675019,121.45335,31.2006828,,normal
O601675065,121.4504538,31.2026731,,normal
O601675067,121.4516743,31.2031248,,normal
O601675069,121.4528113,31.2033984,,normal
O601675073,121.4533393,31.2035775,,normal
O601675075,121.4555977,31.2042706,,normal
O601675077,121.4581126,31.2050635,,normal
O601675092,121.459859,31.2085632,,normal
O601675094,121.4600076,31.2081032,,normal
O601675099,121.4600744,31.2074718,,normal
O601675119,121.4536289,31.2101686,,normal
O601675122,121.4541748,31.2109478,,normal
O601675126,121.4555608,31.214176,,normal
O601675287,121.4518091,31.2085198,,normal
O601675378,121.4563165,31.2017972,,normal
O601681398,121.4672061,31.2161261,,normal
O601681402,121.4645996,31.2164438,,normal
O601681404,121.466812,31.2171368,,normal
O601681407,121.4665151,31.2089997,,normal
O601681418,121.4720001,31.2082368,,normal
O601681433,121.4669834,31.2166932,,normal
O601681509,121.4592403,31.2112235,,normal
O601681519,121.4576891,31.2107837,,normal
O601681521,121.4558382,31.2100114,,normal
O601681523,121.4541372,31.2095176,,normal
O601712348,121.4430944,31.2000321,,normal
O601712368,121.449611,31.2021531,,normal
O601712415,121.4722117,31.2081454,,normal
O601712416,121.4728628,31.2060866,,normal
O601712418,121.4728771,31.206051,,normal
O601712444,121.4742649,31.2063133,,normal
O601712448,121.4788182,31.2070134,,normal
O601712450,121.48037,31.2072086,,normal
O601712452,121.480903,31.207292,,normal
O601712453,121.4813632,31.2074902,,normal
O601712455,121.4833785,31.2087551,,normal
O601712458,121.486694,31.2100666,,normal
O601712459,121.4868514,31.2101155,,normal
O601712524,121.4675216,31.2049094,,normal
O601712532,121.4716127,31.205786,,normal
O601712533,121.472269,31.2059183,,normal
O601712535,121.4738163,31.2062168,,normal
O601712540,121.4738042,31.206256,,normal
O601712541,121.4722592,31.2059592,,normal
O601712542,121.4715065,31.2058339,,normal
O601712544,121.4714474,31.2058791,,normal
O601712549,121.4714121,31.2059599,,normal
O601712550,121.4713736,31.2061989,,normal
O601712593,121.4678125,31.2050266,,normal
O602243205,121.462258,31.2320318,,normal
O602243206,121.4627743,31.2321868,,normal
O602243207,121.4632668,31.2320372,,normal
O602243208,121.4634579,31.2317697,,normal
O602243214,121.45962,31.2295351,,normal
O602243237,121.4563908,31.2374828,,normal
O602243240,121.4565574,31.2374199,,normal
O602243244,121.4567011,31.2372758,,normal
O602243249,121.4568551,31.2371016,,normal
O602243254,121.4570871,31.2370872,,normal
O602243262,121.4584342,31.2376771,,normal
O602243306,121.4651799,31.2274082,,normal
O602243498,121.4592105,31.2293766,,normal
O602243501,121.458718,31.2291255,,normal
O602243609,121.4694949,31.2384892,,normal
O602243614,121.473201,31.2378707,,normal
O602244252,121.464987,31.2308573,,normal
O602259363,121.4768794,31.2360331,,normal
O602259365,121.476288,31.2359048,,normal
O602259562,121.4707772,31.229625,,normal
O603837371,121.4834022,31.1994631,,normal
O603891401,121.4335072,31.21293,,normal
O603891403,121.4337984,31.2103716,,normal
O603891404,121.434624,31.2109921,,normal
O603891406,121.439472,31.2132741,,normal
O603891407,121.4397557,31.2131924,,normal
O603891408,121.4400516,31.2130802,,normal
O603891409,121.4405749,31.2123642,,normal
O603891410,121.4408962,31.2118588,,normal
O603891412,121.4409818,31.2116566,,normal
O603891413,121.440995,31.2116034,,normal
O603891414,121.4410568,31.2113536,,normal
O603891415,121.4410782,31.2109497,,normal
O603891416,121.4410448,31.2107751,,normal
O603891417,121.4403863,31.2083827,,normal
O603891418,121.4399534,31.2072057,,normal
O603891419,121.4384323,31.2049494,,normal
O603891425,121.4445503,31.2018327,,normal
O603891426,121.444503,31.2019393,,normal
O603891427,121.4437333,31.2032521,,normal
O603891428,121.4432729,31.203868,,normal
O603891429,121.4428767,31.2043277,,normal
O603891430,121.4422021,31.2051551,,normal
O603891431,121.4420201,31.2055684,,normal
O603891432,121.4417494,31.2064049,,normal
O603891462,121.4501012,31.2099265,,normal
O603891465,121.4500822,31.2102898,,normal
O603891474,121.4500397,31.209922,,normal
O603891484,121.4432558,31.2201718,,normal
O603891494,121.4488931,31.2135877,,normal
O603891496,121.4509999,31.2133452,,normal
O603891497,121.4502263,31.2148038,,normal
O603891498,121.4495488,31.2164963,,normal
O603891525,121.4441089,31.2105712,,normal
O603891530,121.4384863,31.2108983,,normal
O603891533,121.4381543,31.2109722,,normal
O603891537,121.4378222,31.2111655,,normal
O603891557,121.4488681,31.2094344,,normal
O603891558,121.4486466,31.2094007,,normal
O603891564,121.4451159,31.2175757,,normal
O603891569,121.4404692,31.2132492,,normal
O603891572,121.4402429,31.2131727,,normal
O603891623,121.4513594,31.2151739,,normal
O603891625,121.4519135,31.2154495,,normal
O603891628,121.4523375,31.2159424,,normal
O603891630,121.4524755,31.2164592,,normal
O616791784,121.4406415,31.2581591,,normal
O616791785,121.4409055,31.2561042,,normal
O616791928,121.418921,31.2602914,,normal
O616791929,121.4253636,31.2591034,,normal
O616793245,121.4220414,31.2570484,,normal
O616793253,121.4222661,31.2592517,,normal
O616793257,121.4225066,31.2616288,,normal
O616793798,121.4219548,31.2570511,,normal
O616793799,121.4221726,31.2592623,,normal
O616793800,121.4224299,31.2616322,,normal
O616796220,121.444108,31.2571843,,normal
O616796224,121.4453321,31.2578121,,normal
O616796523,121.4363144,31.2581375,,normal
O616796524,121.4362861,31.2571536,,normal
O616796525,121.4362786,31.257003,,normal
O616796671,121.4360876,31.2583453,,normal
O616796674,121.4354398,31.2590996,,normal
O616796677,121.4351713,31.2597053,,normal
O616796713,121.4309631,31.2580371,,normal
O616796723,121.4307074,31.2580857,,normal
O616796834,121.4310217,31.2606674,,normal
O616797408,121.4258608,31.2590092,,normal
O616806197,121.4242855,31.2283565,,normal
O616806219,121.4242188,31.2283069,,normal
O616806539,121.4157525,31.2389764,,normal
O616806981,121.4200386,31.2362945,,normal
O616807329,121.4197233,31.2364455,,normal
O616807330,121.4199806,31.2362159,,normal
O616807990,121.4077842,31.2354108,,normal
O616807995,121.4072635,31.2359261,,normal
O616808006,121.4039291,31.2382268,,normal
O616808015,121.4030151,31.2388594,,normal
O616808021,121.4026843,31.2391778,,normal
O616808028,121.4021639,31.2399639,,normal
O616808889,121.408534,31.2339168,,normal
O616808892,121.4096439,31.2343202,,normal
O616808896,121.4099473,31.2345575,,normal
O616808903,121.4101952,31.2349376,,normal
O616808907,121.4098988,31.2365761,,normal
O616808912,121.4098365,31.2369737,,normal
O616808917,121.4097283,31.2402167,,normal
O616808939,121.409565,31.2407885,,normal
O616808943,121.4091081,31.2413089,,normal
O616808945,121.4082486,31.2422151,,normal
O616808946,121.4080426,31.2423855,,normal
O616808950,121.4072964,31.24265,,normal
O616808954,121.4062609,31.2427215,,normal
O616808962,121.4052562,31.2424528,,normal
O616809567,121.4114753,31.2383082,,normal
O616809571,121.4108114,31.2380346,,normal
O616809574,121.4104086,31.2379577,,normal
O616809577,121.4098241,31.2379683,,normal
O616809580,121.4082122,31.237989,,normal
O616809592,121.4078581,31.2379988,,normal
O616809594,121.4075356,31.2380383,,normal
O616809597,121.4070055,31.2382359,,normal
O616809599,121.4033259,31.2408795,,normal
O616809600,121.4030004,31.2412082,,normal
O616809601,121.402787,31.2415053,,normal
O616809602,121.4026629,31.2417723,,normal
O616809938,121.4088809,31.2457086,,normal
O616810067,121.4095166,31.2435157,,normal
O616810069,121.4078701,31.2488947,,normal
O616810150,121.4087692,31.2456912,,normal
O616810178,121.4049182,31.2582583,,normal
O616810182,121.409427,31.2434939,,normal
O618487067,121.4264451,31.2294028,,normal
O618487068,121.426032,31.2293683,,normal
O618487069,121.4259117,31.2293252,,normal
O618487070,121.424497,31.2285808,,normal
O618487072,121.4233008,31.2275911,,normal
O618487088,121.4364636,31.2270039,,normal
O618487090,121.4381166,31.2255958,,normal
O618487093,121.4325897,31.231457,,normal
O618487096,121.4240466,31.2282916,,normal
O618487098,121.4312475,31.2292223,,normal
O618487099,121.4313246,31.2292527,,normal
O618487100,121.4314555,31.2293404,,normal
O618487101,121.4335556,31.2304526,,normal
O618487102,121.4343379,31.2307713,,normal
O618487110,121.430768,31.2330665,,normal
O618487111,121.4310986,31.2329003,,normal
O618487112,121.4316446,31.2324734,,normal
O618487113,121.4350228,31.2283575,,normal
O618745295,121.4466696,31.229021,,normal
O618745296,121.4469514,31.2273559,,normal
O618745363,121.4491074,31.2220508,,normal
O618745364,121.4493426,31.2218476,,normal
O618745389,121.4412781,31.2228518,,normal
O618745434,121.4455367,31.2245276,,normal
O618745491,121.4499813,31.2261123,,normal
O618746519,121.4515259,31.222505,,normal
O618746521,121.4514445,31.2226939,,normal
O618746744,121.4484469,31.2232033,,normal
O618746951,121.4509603,31.2239403,,normal
O618746983,121.4503896,31.225299,,normal
O618747263,121.4492267,31.2280964,,normal
O618747729,121.4415229,31.2431395,,normal
O618747732,121.4426542,31.2436245,,normal
O618747782,121.4435073,31.2440792,,normal
O618748547,121.4312436,31.2353722,,normal
O618748548,121.4316852,31.2363666,,normal
O618748550,121.4319295,31.2366656,,normal
O618748551,121.4323473,31.237023,,normal
O618748552,121.4330542,31.2373887,,normal
O618748554,121.4344794,31.2377822,,normal
O618748555,121.4355507,31.2381571,,normal
O618748557,121.4361185,31.2386611,,normal
O618748558,121.439719,31.2418763,,normal
O618749458,121.4407073,31.2428835,,normal
O618749461,121.4397614,31.2421853,,normal
O618749463,121.4386651,31.2411804,,normal
O618749465,121.4376865,31.2404949,,normal
O618749468,121.4356831,31.2384697,,normal
O618749471,121.4353931,31.2382393,,normal
O618749479,121.4344074,31.2379073,,normal
O618749483,121.433297,31.237627,,normal
O618749485,121.4326476,31.2373783,,normal
O618749488,121.4321033,31.2370496,,normal
O618749494,121.4315437,31.2365651,,normal
O618749496,121.4311947,31.2358058,,normal
O618749499,121.4309483,31.2351065,,normal
O618749501,121.4298394,31.2336495,,normal
O618749504,121.4297525,31.2335506,,normal
O618749506,121.4293317,31.2330232,,normal
O618749509,121.4280071,31.2313648,,normal
O618749512,121.4277562,31.2307591,,normal
O618749568,121.4276057,31.2278041,,normal
O618749575,121.427464,31.2292588,,normal
O618749795,121.4274883,31.2295096,,normal
O618749799,121.427869,31.2253099,,normal
O618749802,121.427845,31.2248351,,normal
O618749804,121.4277935,31.2244972,,normal
O618749898,121.4279114,31.2243989,,normal
O618749899,121.4279689,31.2248296,,normal
O618749900,121.4279774,31.225302,,normal
O618750236,121.4277757,31.2241355,,normal
O618750242,121.4278464,31.2242204,,normal
O618750448,121.4278893,31.2265141,,normal
O618750683,121.4276657,31.2290067,,normal
O618750686,121.4276334,31.2292309,,normal
O618750688,121.4276388,31.2294954,,normal
O618750690,121.4278771,31.2306919,,normal
O618750692,121.4281043,31.23128,,normal
O618751030,121.4299275,31.2334543,,normal
O618751039,121.4311766,31.2351939,,normal
O618751043,121.4300184,31.2335611,,normal
O618751068,121.4285041,31.2318165,,normal
O618751071,121.4296896,31.2331804,,normal
O618751076,121.4308861,31.23469,,normal
O618751271,121.4310065,31.2352515,,normal
O618751480,121.4247573,31.2211521,,normal
O618751482,121.4259888,31.2223039,,normal
O618751492,121.4257556,31.2222342,,normal
O618751493,121.424626,31.2211719,,normal
O618751494,121.423896,31.2205479,,normal
O618751495,121.422945,31.2200322,,normal
O618751496,121.421594,31.2194472,,normal
O618751589,121.4175862,31.2182649,,normal
O618751591,121.4179939,31.2183565,,normal
O618751592,121.4230019,31.2199506,,normal
O618751593,121.4239684,31.2204934,,normal
O618751757,121.4175972,31.2184174,,normal
O618751783,121.4150539,31.2177387,,normal
O618751846,121.4149571,31.2178661,,normal
O618751849,121.411027,31.2171599,,normal
O618751850,121.4107105,31.217128,,normal
O618751898,121.4000084,31.218102,,normal
O618751900,121.4016154,31.2182762,,normal
O618751901,121.4027993,31.218318,,normal
O618751902,121.4032448,31.2183064,,normal
O618751904,121.4038307,31.2182183,,normal
O618751910,121.4066738,31.2173338,,normal
O618751952,121.4055298,31.2178766,,normal
O618751955,121.4089252,31.2169826,,normal
O619534668,121.4823585,31.2026144,,normal
O619534669,121.481347,31.2051654,,normal
O619534673,121.4810236,31.1986996,,normal
O619534743,121.4792748,31.2020451,,normal
O620101524,121.4687106,31.230989,,normal
O620101576,121.470493,31.2302642,,normal
O620107479,121.4709257,31.2234201,,normal
O621541037,121.473731,31.2485083,,normal
O621541038,121.4739543,31.2486168,,normal
O621541041,121.4759974,31.2494229,,normal
O621541060,121.4760574,31.2495074,,normal
O621541080,121.4761863,31.2494798,,normal
O621541082,121.4784414,31.2500715,,normal
O621541083,121.4791382,31.2502555,,normal
O621541448,121.4823815,31.2438091,,normal
O621541449,121.4821047,31.2457907,,normal
O621541487,121.4820606,31.2459465,,normal
O621541488,121.4818024,31.2468029,,normal
O621541489,121.4814163,31.2477517,,normal
O621541490,121.4813502,31.2478948,,normal
O621541491,121.4812329,31.2480995,,normal
O621541492,121.4796379,31.2498923,,normal
O621541493,121.4807957,31.2486613,,normal
O621541502,121.4792017,31.2503269,,normal
O621541503,121.477456,31.2522924,,normal
O621541505,121.4772726,31.2525939,,normal
O621541545,121.4790979,31.2503114,,normal
O621541564,121.4766902,31.253621,,normal
O622194021,121.4290019,31.2230324,,normal
O622622429,121.4846806,31.2068767,,normal
O622622430,121.4784075,31.2043596,,normal
O622622431,121.4771546,31.2036448,,normal
O622622432,121.4776986,31.2039204,,normal
O622622433,121.4793375,31.2047904,,normal
O622622434,121.4805111,31.2053357,,normal
O622622435,121.4811292,31.2057249,,normal
O622622441,121.4805044,31.2072221,,normal
O622622442,121.479197,31.2099385,,normal
O622622443,121.4790875,31.210113,,normal
O622622645,121.4838182,31.2066143,,normal
O622623197,121.4708042,31.2028608,,normal
O622678116,121.4746554,31.2301995,,normal
O622678118,121.4736392,31.2295245,,normal
O622678172,121.4737044,31.2294448,,normal
O623247448,121.4211559,31.1974093,,normal
O623406201,121.478521,31.2044282,,normal
O623406666,121.4772725,31.2068359,,normal
O623406676,121.4765288,31.209344,,normal
O623406700,121.4764976,31.2091436,,normal
O623410196,121.4800788,31.2005259,,normal
O623410210,121.4826877,31.2016205,,normal
O623415093,121.4824656,31.2022755,,normal
O623415360,121.4822801,31.2028241,,normal
O623415959,121.4819655,31.203595,,normal
O623416254,121.4819237,31.2037119,,normal
O623416391,121.4816501,31.2043707,,normal
O623416408,121.4789769,31.2032263,,normal
O623416771,121.4771406,31.2073052,,normal
O623416833,121.4782728,31.2076348,,normal
O623416835,121.478814,31.2077591,,normal
O623416838,121.4789447,31.2077461,,normal
O623416841,121.4791848,31.2076932,,normal
O623416845,121.4794478,31.2077146,,normal
O623416847,121.4801721,31.2079025,,normal
O623417007,121.4796617,31.2077645,,normal
O623417110,121.476985,31.2077464,,normal
O623417131,121.4739611,31.207228,,normal
O623417146,121.4734322,31.2073272,,normal
O623770208,121.4795824,31.2498581,,normal
O623770371,121.4799202,31.2529378,,normal
O623770373,121.4799041,31.253212,,normal
O623770431,121.479534,31.2535914,,normal
O623770436,121.4796315,31.2534478,,normal
O624315081,121.4242995,31.2284635,,normal
O624315154,121.4515267,31.2523456,,normal
O624783812,121.4828731,31.2188621,,normal
O624786471,121.4069239,31.2173917,,normal
O624786472,121.4046792,31.2181436,,normal
O624786473,121.4038638,31.2183467,,normal
O624786474,121.4032438,31.218442,,normal
O624786475,121.4016,31.2184019,,normal
O624787442,121.4711861,31.2451057,,normal
O624787443,121.4714511,31.2433646,,normal
O624787444,121.4715938,31.2423764,,normal
O624787449,121.4713209,31.2433444,,normal
O624787502,121.4700367,31.2486162,,normal
O624787504,121.471161,31.2451757,,normal
O624787559,121.4699628,31.2485987,,normal
O624787698,121.4711158,31.2450199,,normal
O624787982,121.4712786,31.2451905,,normal
O624787983,121.4710121,31.2469477,,normal
O624787985,121.4705668,31.2467518,,normal
O624788043,121.4704765,31.2465779,,normal
O624788044,121.4704344,31.2466716,,normal
O624788057,121.4704185,31.2465393,,normal
O624788134,121.4689626,31.2456603,,normal
O624788585,121.4674647,31.2568015,,normal
O624788587,121.4680743,31.2555062,,normal
O624788589,121.4684708,31.2547323,,normal
O624788590,121.4694702,31.2503155,,normal
O624788777,121.4695795,31.2503419,,normal
O624788778,121.4692133,31.2522354,,normal
O624788779,121.4690165,31.253158,,normal
O624788780,121.4687802,31.2542199,,normal
O624788781,121.4686006,31.2548184,,normal
O624788782,121.4676652,31.2568217,,normal
O638736459,121.472752,31.2334357,,normal
O638736465,121.4691268,31.2377246,,normal
O638736466,121.4674989,31.2371155,,normal
O638736467,121.4705742,31.2363303,,normal
O638736468,121.4736635,31.237005,,normal
O638736469,121.4722124,31.2364011,,normal
O638736470,121.4714975,31.2361464,,normal
O638736472,121.4701829,31.2356558,,normal
O638736473,121.4711339,31.2382157,,normal
O638736474,121.4719164,31.2369311,,normal
O638736477,121.472161,31.2347921,,normal
O638736478,121.4717296,31.2332414,,normal
O638736479,121.4711385,31.2337864,,normal
O638736480,121.4710249,31.2339496,,normal
O638736481,121.4699706,31.2360359,,normal
O638736482,121.4690038,31.2379999,,normal
O638736483,121.4689558,31.2381479,,normal
O638736485,121.4690966,31.2386041,,normal
O638736491,121.4617694,31.2352137,,normal
O638736492,121.460524,31.23468,,normal
O638736493,121.4670909,31.2377566,,normal
O638736494,121.4652333,31.2368198,,normal
O638736495,121.4650058,31.2366713,,normal
O638736497,121.4619489,31.2353342,,normal
O638736559,121.4705541,31.2349037,,normal
O638736560,121.4712776,31.2351626,,normal
O639309865,121.4712327,31.2449766,,normal
O639309866,121.4721497,31.2405727,,normal
O639309867,121.4719968,31.2408384,,normal
O639309868,121.4717043,31.2415588,,normal
O639309869,121.4712573,31.2448175,,normal
O639328005,121.4767628,31.2476718,,normal
O639334152,121.477333,31.257061,,normal
O639334158,121.4785181,31.2556586,,normal
O639334160,121.4781604,31.2563106,,normal
O639334162,121.4775368,31.25697,,normal
O639335480,121.4764173,31.2519119,,normal
O639335484,121.4746606,31.250935,,normal
O639335491,121.4742648,31.2507341,,normal
O639335496,121.473741,31.2507689,,normal
O639341145,121.4802985,31.2586657,,normal
O639341146,121.480349,31.2565673,,normal
O639341147,121.480286,31.2564367,,normal
O639341148,121.4800321,31.2562662,,normal
O639341149,121.4785772,31.2555412,,normal
O639341150,121.4777648,31.2550037,,normal
O639341153,121.4755316,31.2575688,,normal
O639341154,121.4769593,31.2561272,,normal
O639341155,121.4770688,31.2559984,,normal
O639341156,121.4785461,31.2556019,,normal
O639341171,121.4856908,31.2558566,,normal
O639341194,121.4850541,31.2537508,,normal
O639341197,121.4856515,31.2559147,,normal
O639341198,121.4857419,31.255781,,normal
O639341199,121.4859104,31.2554947,,normal
O639341200,121.4859526,31.2548052,,normal
O639341201,121.4858976,31.2546869,,normal
O639341202,121.4840554,31.2531506,,normal
O639341203,121.4831744,31.256746,,normal
O639991852,121.4581505,31.2402194,,normal
O639991857,121.459362,31.2409223,,normal
O639991862,121.4623189,31.2426291,,normal
O639991875,121.4563105,31.240408,,normal
O639991878,121.4567348,31.2407192,,normal
O639991885,121.4621468,31.2434308,,normal
O639991888,121.4625323,31.2433604,,normal
O639992003,121.451687,31.2456682,,normal
O639992006,121.4516783,31.2454724,,normal
O639992010,121.4533419,31.2424423,,normal
O639992016,121.4540965,31.2419393,,normal
O639992033,121.4560887,31.2406748,,normal
O639992042,121.4562225,31.2405222,,normal
O639992047,121.4566637,31.2401246,,normal
O639992055,121.4567223,31.2400949,,normal
O639992059,121.4571925,31.240087,,normal
O639992064,121.4578021,31.2401728,,normal
O639992103,121.4536063,31.2485477,,normal
O639992111,121.4589074,31.2461524,,normal
O639992112,121.459017,31.2459036,,normal
O639992118,121.459024,31.2443152,,normal
O639992122,121.4590236,31.2441881,,normal
O639992125,121.4590242,31.2440697,,normal
O639992129,121.4591343,31.2437321,,normal
O639992131,121.4594328,31.2434376,,normal
O639992168,121.4538871,31.247722,,normal
O639992170,121.4552364,31.2471956,,normal
O639992188,121.4559123,31.2461372,,normal
O639992190,121.4560675,31.2459388,,normal
O639992233,121.4573248,31.2446764,,normal
O639992236,121.4573344,31.2443561,,normal
O639992239,121.4574932,31.2441678,,normal
O639992299,121.4529804,31.2418109,,normal
O639992413,121.4606241,31.2440307,,normal
O639992630,121.4575828,31.2443664,,normal
O639992633,121.4585192,31.2443613,,normal
O640007838,121.4517706,31.2407945,,normal
O640007841,121.4522459,31.2408808,,normal
O640007844,121.4524897,31.2409786,,normal
O640007850,121.4526131,31.2411385,,normal
O640007866,121.4525426,31.2412024,,normal
O640007869,121.4517487,31.2408335,,normal
O640007875,121.4497568,31.2399368,,normal
O640007899,121.454365,31.2447036,,normal
O640007901,121.4544412,31.2448058,,normal
O640008009,121.4588291,31.238846,,normal
O640008022,121.4578601,31.2408915,,normal
O640008035,121.4587186,31.237958,,normal
O640008045,121.4587573,31.2378948,,normal
O640008050,121.4589198,31.2375638,,normal
O640008053,121.4590215,31.2374465,,normal
O640008056,121.459386,31.2367443,,normal
O640008059,121.4598621,31.2358343,,normal
O640008063,121.4600036,31.2358104,,normal
O640008088,121.4601171,31.2358733,,normal
O640008089,121.460101,31.235991,,normal
O640008090,121.4600871,31.236088,,normal
O640008091,121.4593547,31.2375457,,normal
O640008094,121.4590602,31.2381846,,normal
O640008107,121.461414,31.2386058,,normal
O640008162,121.4575062,31.2408341,,normal
O640008163,121.4583379,31.2385946,,normal
O640008222,121.4493564,31.239772,,normal
O640008250,121.4606081,31.236348,,normal
O640008260,121.459713,31.2350233,,normal
O640008313,121.457633,31.2408934,,normal
O640008335,121.4587847,31.2380233,,normal
O640008540,121.4606654,31.2363184,,normal
O640008588,121.4550478,31.2404915,,normal
O640008678,121.4522575,31.2414451,,normal
O640008681,121.4524598,31.2412978,,normal
O640019018,121.449328,31.2524818,,normal
O640019024,121.4438461,31.2546902,,normal
O640019037,121.4427459,31.2549396,,normal
O640019039,121.4425184,31.2549261,,normal
O640019041,121.4402048,31.2545917,,normal
O640019164,121.450719,31.2516109,,normal
O640019171,121.450348,31.2518702,,normal
O640197898,121.417155,31.2083736,,normal
O640197905,121.4168581,31.2083267,,normal
O640197944,121.4172906,31.2153339,,normal
O640197967,121.4168975,31.2080975,,normal
O640197971,121.4170767,31.208135,,normal
O640198037,121.4196211,31.2018716,,normal
O640198094,121.4134095,31.2227004,,normal
O640198113,121.4138359,31.22193,,normal
O640198122,121.4145168,31.2208464,,normal
O640198134,121.4151628,31.2198513,,normal
O640198139,121.415076,31.220089,,normal
O640198142,121.4141343,31.2220244,,normal
O640198144,121.4138656,31.2225575,,normal
O640198147,121.4138771,31.2226584,,normal
O640198150,121.4142523,31.2231055,,normal
O640198167,121.4151157,31.2197256,,normal
O640198184,121.415894,31.2180685,,normal
O640198188,121.4159644,31.217928,,normal
O640198196,121.4162783,31.2164188,,normal
O640198200,121.4167151,31.2155368,,normal
O640198205,121.4169977,31.2148146,,normal
O640198209,121.4171085,31.2146762,,normal
O640198215,121.4174748,31.213567,,normal
O640198222,121.417485,31.2128774,,normal
O640198226,121.417325,31.2115913,,normal
O640198230,121.4170709,31.2102942,,normal
O640198236,121.4168309,31.2087501,,normal
O640198336,121.4201145,31.2000452,,normal
O640198340,121.4196582,31.2017191,,normal
O640198343,121.4191894,31.2034975,,normal
O640198347,121.4190287,31.2037547,,normal
O640198350,121.4181834,31.2048448,,normal
O640198353,121.417948,31.20524,,normal
O640198356,121.4173427,31.2065108,,normal
O640198360,121.4171739,31.2073499,,normal
O640198372,121.4172814,31.20942,,normal
O640198375,121.4175818,31.2111825,,normal
O640198378,121.417732,31.2117149,,normal
O640198381,121.417979,31.2124992,,normal
O640198384,121.4177213,31.2137161,,normal
O640198387,121.4170916,31.2156542,,normal
O640198390,121.4164993,31.216847,,normal
O640198393,121.4160772,31.2179513,,normal
O640198396,121.4160094,31.2180958,,normal
O640198403,121.4152123,31.2197615,,normal
O640198411,121.4140118,31.2219883,,normal
O640198564,121.4127634,31.2245631,,normal
O640198567,121.4123421,31.2260501,,normal
O640198700,121.4134531,31.2234036,,normal
O640198706,121.4132577,31.2233226,,normal
O640198712,121.4123895,31.2230623,,normal
O640198718,121.411386,31.2228885,,normal
O640198722,121.4102749,31.2228171,,normal
O640198754,121.4108953,31.2249605,,normal
O640198815,121.4122203,31.22666,,normal
O640199000,121.4110769,31.2228541,,normal
O640199023,121.415636,31.2236383,,normal
O640199097,121.4165154,31.2385001,,normal
O640199122,121.4166245,31.2386033,,normal
O640199132,121.414731,31.23612,,normal
O640199139,121.4130755,31.2311757,,normal
O640199176,121.4131171,31.2240644,,normal
O640199179,121.4126596,31.2251653,,normal
O640199183,121.412181,31.2277039,,normal
O640199189,121.4122739,31.2286439,,normal
O640199226,121.4133826,31.2329541,,normal
O640199267,121.4332425,31.249619,,normal
O640199270,121.4311322,31.2476416,,normal
O640199276,121.4308361,31.2473595,,normal
O640199281,121.4303699,31.2469599,,normal
O640199288,121.4290269,31.2459663,,normal
O640199291,121.4291299,31.2458327,,normal
O640199295,121.4292495,31.2458236,,normal
O640199299,121.4305467,31.2466639,,normal
O640199304,121.4305588,31.2467063,,normal
O640199324,121.4305234,31.2467748,,normal
O640199340,121.4296704,31.2464712,,normal
O640199347,121.4270039,31.2448281,,normal
O640199353,121.4225868,31.2422548,,normal
O640199363,121.4202712,31.2408834,,normal
O640199368,121.4176043,31.2393885,,normal
O640199372,121.4155527,31.2373377,,normal
O640199375,121.4150031,31.236584,,normal
O640199381,121.4143697,31.2349789,,normal
O640199384,121.4139244,31.2336575,,normal
O640199406,121.412225,31.2261741,,normal
O640199409,121.4126777,31.2245273,,normal
O640199558,121.44015,31.2544539,,normal
O640199561,121.4391664,31.2542284,,normal
O640199578,121.4382474,31.2538756,,normal
O640199581,121.4371548,31.2533007,,normal
O640199583,121.4363621,31.252687,,normal
O640199587,121.4352442,31.2516125,,normal
O640199610,121.4439727,31.2493537,,normal
O640199622,121.4417398,31.2536537,,normal
O640199624,121.4433393,31.2536097,,normal
O640199628,121.4438983,31.2535373,,normal
O640199634,121.4452015,31.2532983,,normal
O640199646,121.4461218,31.2538521,,normal
O640199711,121.4412628,31.2547594,,normal
O640199714,121.440125,31.2545373,,normal
O640199738,121.4402649,31.2543282,,normal
O640200009,121.4415085,31.2538671,,normal
O640200016,121.4415727,31.2537875,,normal
O640200049,121.4433389,31.2518263,,normal
O640200058,121.4437127,31.2511849,,normal
O640200237,121.4440686,31.2485945,,normal
O640200256,121.4444507,31.2470062,,normal
O640248232,121.4219523,31.1955633,,normal
O640248236,121.4217685,31.1959628,,normal
O640248239,121.4206688,31.1985204,,normal
O640448813,121.4671996,31.2051828,,normal
O640476665,121.4349002,31.2028332,,normal
O640476668,121.4345068,31.2035069,,normal
O640476670,121.4342296,31.2042228,,normal
O640477271,121.4337011,31.2055827,,normal
O640477272,121.4332227,31.2076514,,normal
O640477274,121.4331218,31.2084089,,normal
O640477279,121.4331306,31.2090142,,normal
O640477283,121.4333464,31.2096367,,normal
O640477295,121.4337341,31.2102087,,normal
O640477775,121.4345069,31.2107652,,normal
O640478554,121.4346662,31.2108502,,normal
O640479996,121.4344071,31.2113873,,normal
O640482387,121.4374972,31.21153,,normal
O640483261,121.4392905,31.2133203,,normal
O640483265,121.4395918,31.2144787,,normal
O640483800,121.4439189,31.2168753,,normal
O640483962,121.4466785,31.2182492,,normal
O640484221,121.4465192,31.2184147,,normal
O640484229,121.4462134,31.2182034,,normal
O640627218,121.4738078,31.2359922,,normal
O640627221,121.4739301,31.2361725,,normal
O640627286,121.4742727,31.2366067,,normal
O648266491,121.4621189,31.2437888,,normal
O648266558,121.4655608,31.2443388,,normal
O648266559,121.4654251,31.2444918,,normal
O648296821,121.4445817,31.246033,,normal
O648296825,121.4432619,31.2458668,,normal
O648296828,121.4431197,31.2458306,,normal
O648296831,121.4400702,31.2443126,,normal
O648296844,121.4330936,31.2435597,,normal
O648296846,121.4328493,31.2434233,,normal
O648296908,121.4371669,31.2486669,,normal
O648296925,121.436779,31.2486715,,normal
O648296935,121.4333912,31.2438187,,normal
O648296937,121.4341981,31.2448213,,normal
O648296939,121.4343159,31.2449587,,normal
O648296945,121.4343688,31.2450064,,normal
O648296948,121.4344412,31.2450373,,normal
O648296951,121.4345135,31.2450457,,normal
O648296952,121.4347471,31.2449541,,normal
O648296961,121.4360524,31.2458666,,normal
O648296963,121.4370796,31.2467451,,normal
O648296966,121.437715,31.2473291,,normal
O648296969,121.4390426,31.2486197,,normal
O648296972,121.439279,31.2487693,,normal
O648296974,121.4396429,31.2490539,,normal
O648296976,121.4408061,31.2495775,,normal
O648296979,121.4410246,31.2495972,,normal
O648296986,121.4423915,31.2496069,,normal
O648296988,121.4428012,31.2494883,,normal
O648296991,121.4431468,31.249389,,normal
O648296992,121.4435612,31.2493506,,normal
O648296994,121.443831,31.2493538,,normal
O648297018,121.4402315,31.2476986,,normal
O648297037,121.4402222,31.2478518,,normal
O648297042,121.4395729,31.2485947,,normal
O648297048,121.4394432,31.2486913,,normal
O648297084,121.4331878,31.2433375,,normal
O648297096,121.4371439,31.2434868,,normal
O648297097,121.4414865,31.2410628,,normal
O648297105,121.4390591,31.2451208,,normal
O648297112,121.4410685,31.2467636,,normal
O648297120,121.4428736,31.2419454,,normal
O648297122,121.4409709,31.2407171,,normal
O648297129,121.4394578,31.2485216,,normal
O648297130,121.4411886,31.2466316,,normal
O648297174,121.4465258,31.2384585,,normal
O648297210,121.4369372,31.2486617,,normal
O648297222,121.4528937,31.233907,,normal
O648297224,121.4534074,31.2331535,,normal
O648297304,121.4413955,31.2466937,,normal
O648297306,121.4419256,31.2468044,,normal
O648297391,121.4480441,31.2455096,,normal
O648297394,121.4478794,31.2452264,,normal
O648297395,121.4477915,31.2447045,,normal
O648297396,121.4478096,31.2446412,,normal
O648297399,121.4480488,31.2442991,,normal
O648297403,121.4484688,31.243909,,normal
O648297494,121.4494162,31.24489,,normal
O648491485,121.4712562,31.2582311,,normal
O648491486,121.4701871,31.2576992,,normal
O648491487,121.4677604,31.2565696,,normal
O648491488,121.4675981,31.2565181,,normal
O648491501,121.4775055,31.257672,,normal
O648491502,121.4773856,31.257747,,normal
O648491509,121.4694665,31.2588513,,normal
O648491510,121.4675272,31.2577841,,normal
O648491511,121.4673638,31.2577417,,normal
O648491513,121.4647565,31.2567088,,normal
O648491515,121.4654104,31.2566705,,normal
O648491516,121.4663896,31.2566542,,normal
O648491517,121.4666531,31.2567534,,normal
O648491518,121.4667209,31.2568046,,normal
O648491519,121.4670179,31.2569901,,normal
O648491520,121.4671752,31.2571011,,normal
O648491521,121.4674247,31.2571321,,normal
O648491522,121.4676026,31.2571431,,normal
O648491528,121.4679717,31.2614709,,normal
O648491533,121.467162,31.2629378,,normal
O648491539,121.4739658,31.254961,,normal
O648491540,121.475229,31.2556134,,normal
O648491541,121.4758162,31.2559477,,normal
O648491542,121.4765452,31.256579,,normal
O648491543,121.4708857,31.2565937,,normal
O648491547,121.4726318,31.25656,,normal
O648491548,121.472835,31.2564951,,normal
O648491549,121.4733489,31.2558149,,normal
O648491550,121.4745047,31.254217,,normal
O648491551,121.4735698,31.2508978,,normal
O648491552,121.4721327,31.2529026,,normal
O648491553,121.471656,31.2535252,,normal
O648491554,121.4716122,31.2535618,,normal
O648491555,121.4715299,31.2535954,,normal
O648491556,121.4712121,31.2536442,,normal
O648491557,121.4708262,31.2539576,,normal
O648491560,121.4711891,31.2541521,,normal
O648491561,121.4710502,31.2545258,,normal
O648491562,121.4710359,31.254675,,normal
O648491563,121.4710281,31.2548211,,normal
O648491564,121.4710278,31.2552043,,normal
O648491565,121.471046,31.2560497,,normal
O648491566,121.4709479,31.2564772,,normal
O648491567,121.4695381,31.2587258,,normal
O648491568,121.4679338,31.2615374,,normal
O648491571,121.4692467,31.2513498,,normal
O648491572,121.4693642,31.2513821,,normal
O648491573,121.4757613,31.2548974,,normal
O648491574,121.4672697,31.2511066,,normal
O648491575,121.4637469,31.2506672,,normal
O648491576,121.4633786,31.250714,,normal
O648491577,121.4624788,31.2510743,,normal
O648491578,121.4614654,31.2513977,,normal
O648491579,121.4607716,31.2514687,,normal
O648491584,121.4803514,31.2570169,,normal
O648491585,121.4797751,31.2561438,,normal
O648491586,121.4790392,31.2545782,,normal
O648491587,121.4795995,31.2548282,,normal
O648491588,121.4797631,31.2549592,,normal
O648491589,121.4803957,31.2556902,,normal
O648491591,121.4804056,31.2564315,,normal
O648491592,121.4805802,31.2555913,,normal
O648491593,121.4806564,31.2557173,,normal
O648491594,121.4812927,31.2567834,,normal
O648491595,121.4815748,31.2566821,,normal
O648491596,121.4817954,31.256627,,normal
O648491597,121.4819311,31.256601,,normal
O648620755,121.463824,31.2388341,,normal
O648620761,121.4639742,31.2384736,,normal
O648620767,121.4625591,31.2418423,,normal
O648620769,121.4626078,31.2421106,,normal
O648620778,121.4629598,31.2416251,,normal
O648620800,121.4632429,31.2405303,,normal
O648620801,121.4631796,31.2403778,,normal
O648620826,121.4626882,31.2416124,,normal
O648620846,121.4628105,31.2410167,,normal
O648620862,121.4636575,31.240545,,normal
O648620928,121.4633605,31.2399481,,normal
O648620931,121.4626805,31.2426218,,normal
O648620939,121.4643742,31.2385737,,normal
O652833208,121.4524682,31.2555204,,normal
O652833209,121.4528423,31.2556522,,normal
O652833210,121.4530186,31.2557552,,normal
O652833216,121.4309393,31.2606752,,normal
O652833217,121.4529154,31.2557433,,normal
O652833218,121.4524293,31.2555824,,normal
O652833219,121.4514762,31.2559819,,normal
O652833220,121.4499484,31.25812,,normal
O654394586,121.4858876,31.2148087,,normal
O654397600,121.4866955,31.2152427,,normal
O654414267,121.4859512,31.2395709,,normal
O654575691,121.4769474,31.2212112,,normal
O654577319,121.4755499,31.2329298,,normal
O654578475,121.4780434,31.2344252,,normal
O660192145,121.4601777,31.247883,,normal
O662709378,121.4633026,31.2477288,,normal
O662709379,121.4634979,31.2485864,,normal
O662709380,121.4637509,31.249878,,normal
O662709381,121.4636832,31.2500373,,normal
O662709383,121.4636393,31.2497959,,normal
O662709401,121.4650864,31.2471253,,normal
O662709402,121.4660878,31.2478159,,normal
O662709403,121.4670433,31.2486497,,normal
O662709404,121.4670886,31.2488251,,normal
O662709405,121.4670804,31.249645,,normal
O662709406,121.4656866,31.2481644,,normal
O662709407,121.4655361,31.2482511,,normal
O662709408,121.4700154,31.2477648,,normal
O662709409,121.4703489,31.2481259,,normal
O662709410,121.4702135,31.2484388,,normal
O662709411,121.4698926,31.2494755,,normal
O662709412,121.4697208,31.2496375,,normal
O662709413,121.4696513,31.2496238,,normal
O662709414,121.4695909,31.2494031,,normal
O662709415,121.4699718,31.2481689,,normal
O662709416,121.4700266,31.248004,,normal
O662709417,121.4697792,31.2476097,,normal
O662709418,121.4680356,31.2469808,,normal
O662709439,121.4664621,31.2495998,,normal
O662710458,121.4626226,31.2494899,,normal
O662710459,121.4624944,31.2485983,,normal
O662710474,121.461874,31.2536065,,normal
O662710476,121.4616988,31.2522083,,normal
O662710477,121.4613067,31.2497414,,normal
O662710478,121.4616168,31.2493819,,normal
O662710479,121.461788,31.2491246,,normal
O662710480,121.4619163,31.2487939,,normal
O662710481,121.4619377,31.248592,,normal
O662710482,121.4618854,31.2482325,,normal
O662710484,121.4662962,31.2496054,,normal
O662710499,121.4678348,31.2498561,,normal
O662710500,121.4675572,31.2511425,,normal
O662710501,121.4672872,31.2517084,,normal
O662710502,121.4671802,31.2521674,,normal
O662710503,121.4671419,31.2527088,,normal
O662710504,121.4670948,31.2536266,,normal
O662710505,121.4670306,31.2538929,,normal
O662710506,121.4669259,31.2541819,,normal
O662710507,121.4681509,31.2484256,,normal
O662710508,121.4675291,31.2480937,,normal
O662710509,121.4674017,31.2480569,,normal
O662710510,121.4629025,31.2485912,,normal
O662710511,121.4597316,31.2500245,,normal
O662710512,121.4630759,31.2494058,,normal
O662710513,121.46277,31.2479125,,normal
O662710515,121.4588432,31.2509293,,normal
O662712029,121.4556123,31.2517996,,normal
O662712097,121.4594981,31.2500597,,normal
O662712101,121.4588136,31.2512889,,normal
O662713116,121.4543671,31.2561807,,normal
O662713118,121.4550007,31.253726,,normal
O662713119,121.4542443,31.2538224,,normal
O662713145,121.4539385,31.2539543,,normal
O664813750,121.4511322,31.2561179,,normal
O664813752,121.4510236,31.2564186,,normal
O664813760,121.4512228,31.2561949,,normal
O664813762,121.4518816,31.2548661,,normal
O664813773,121.452214,31.2548549,,normal
O664813777,121.452048,31.255233,,normal
O664813778,121.4514011,31.252723,,normal
O664813779,121.451351,31.2523941,,normal
O664813815,121.4509047,31.2563478,,normal
O664813850,121.451712,31.25228,,normal
O664813853,121.4521758,31.2546762,,normal
O664813855,121.4522103,31.2551919,,normal
O664814110,121.4588352,31.2515154,,normal
O664820541,121.4450431,31.2583207,,normal
O664820588,121.4405681,31.2585359,,normal
O677795597,121.4833922,31.2309173,,normal
O677795606,121.4839729,31.2310496,,normal
O677796834,121.4846028,31.2311774,,normal
O677796835,121.4849137,31.2311915,,normal
O677796836,121.4857673,31.2310989,,normal
O677796837,121.4865646,31.2309797,,normal
O677796838,121.4872486,31.2310268,,normal
O677796839,121.4873697,31.2310675,,normal
O677797898,121.4881169,31.2316796,,normal
O677797901,121.4879703,31.231578,,normal
O677797903,121.4878557,31.2314741,,normal
O677797905,121.4873105,31.2311225,,normal
O677797908,121.4869989,31.2310585,,normal
O677797911,121.4868428,31.2310463,,normal
O677797914,121.4858437,31.2311702,,normal
O677797917,121.4853628,31.2312406,,normal
O677797920,121.4846911,31.2312687,,normal
O677797922,121.484079,31.231159,,normal
O726701581,121.4231819,31.2302979,,normal
O726701585,121.4192243,31.2287853,,normal
O726702731,121.4242057,31.2293456,,normal
O726702742,121.4237264,31.2288606,,normal
O726704339,121.4220494,31.2326672,,normal
O726704817,121.4180075,31.2309426,,normal
O726704995,121.4219776,31.2326363,,normal
O726707025,121.4211211,31.234314,,normal
O726707043,121.4211907,31.2343456,,normal
O726707130,121.4234516,31.2353388,,normal
O726707131,121.4250526,31.2362021,,normal
O726707331,121.4254138,31.2363651,,normal
O726707828,121.424703,31.2375765,,normal
O726707858,121.4246091,31.2374838,,normal
O726707891,121.4283824,31.2347431,,normal
O726707897,121.4282779,31.2346537,,normal
O726710353,121.4107032,31.2310668,,normal
O726710435,121.4130047,31.2310642,,normal
O726710690,121.4139841,31.2312788,,normal
O726710692,121.4150244,31.2316732,,normal
O726710696,121.4180807,31.2330394,,normal
O726710699,121.4187454,31.2335347,,normal
O726710701,121.4205504,31.2354271,,normal
O726711357,121.4205165,31.2354904,,normal
O726711576,121.419104,31.23405,,normal
O726711580,121.4185525,31.2334981,,normal
O726711585,121.4179306,31.233067,,normal
O726711588,121.4171748,31.23272,,normal
O726711592,121.4148873,31.2317075,,normal
O726711596,121.413917,31.2313462,,normal
O726715974,121.4207787,31.2356217,,normal
O726716554,121.4244362,31.2376172,,normal
O726716616,121.422971,31.2366587,,normal
O726716619,121.4239148,31.2371831,,normal
O726717124,121.4089234,31.2455631,,normal
O726717129,121.4088018,31.2455574,,normal
O726718764,121.4023506,31.2446172,,normal
O726721804,121.4053852,31.2319543,,normal
O726721806,121.4035895,31.2321056,,normal
O726721947,121.4104193,31.2311154,,normal
O726721976,121.4035544,31.2320379,,normal
O726721978,121.4053852,31.2318843,,normal
O726722382,121.4043753,31.2326279,,normal
O726722494,121.409346,31.2313862,,normal
O726722743,121.4064266,31.2331371,,normal
O726722765,121.4058519,31.2346104,,normal
O726722768,121.4056756,31.2350624,,normal
O726722771,121.4054844,31.2353397,,normal
O726722772,121.4051303,31.23567,,normal
O726722773,121.4041418,31.2363288,,normal
O726722882,121.4043538,31.2319966,,normal
O726722919,121.4043617,31.2320648,,normal
O726723121,121.4043333,31.2327927,,normal
O726723124,121.4042641,31.2330005,,normal
O726723125,121.4033228,31.2347027,,normal
O726723127,121.4030314,31.2349663,,normal
O726723129,121.4029029,31.2350615,,normal
O726723192,121.4064596,31.2386285,,normal
O726723197,121.405197,31.2373656,,normal
O726723394,121.4026534,31.2208846,,normal
O726726627,121.4144395,31.2399679,,normal
O726726632,121.4143299,31.2398915,,normal
O726726638,121.4126766,31.2388864,,normal
O726726644,121.4118447,31.2384739,,normal
O761957030,121.4030372,31.2049638,,normal
O765348783,121.4219273,31.2597304,,normal
O787322835,121.408329,31.259089,,normal
O787322836,121.4066857,31.2583675,,normal
O793836778,121.417553,31.2605559,,normal
O793965936,121.4569112,31.2227975,,normal
O793965939,121.457397,31.2210395,,normal
O804464883,121.4456263,31.2032652,,normal
O804464903,121.445559,31.2033925,,normal
O804464933,121.4403655,31.2082998,,normal
O804464952,121.4411472,31.2083917,,normal
O804464954,121.4415903,31.2084615,,normal
O804464956,121.4422502,31.2083349,,normal
O804464958,121.4428078,31.2080177,,normal
O804464960,121.4434163,31.2074713,,normal
O804464968,121.444306,31.2057886,,normal
O804474344,121.4342751,31.2018672,,normal
O804474351,121.4297415,31.2000893,,normal
O804474392,121.4343435,31.201748,,normal
O804474402,121.4330106,31.202678,,normal
O804474404,121.4340913,31.2021284,,normal
O804474407,121.4342425,31.2019278,,normal
O804474451,121.4353008,31.2023732,,normal
O822647717,121.4023427,31.244749,,normal
O822647722,121.4005216,31.2385989,,normal
O822647747,121.4043771,31.2323789,,normal
O824480990,121.4408581,31.2194442,,normal
O824481003,121.4407188,31.2196472,,normal
O824481035,121.4698522,31.2310415,,normal
O824481082,121.4551146,31.224023,,normal
O824481084,121.4550878,31.2240999,,normal
O824481086,121.4550812,31.2241308,,normal
O824481103,121.4550783,31.2242003,,normal
O824481201,121.4429835,31.2197137,,normal
O824481236,121.4402272,31.2192465,,normal
O824481246,121.4456398,31.2210717,,normal
O824481275,121.4540135,31.2236304,,normal
O824481305,121.4465224,31.2185892,,normal
O824481307,121.4460728,31.219711,,normal
O824481319,121.4456862,31.2208305,,normal
O824481324,121.4452937,31.2226786,,normal
O824481359,121.4568843,31.2238084,,normal
O824481378,121.4600037,31.2238559,,normal
O824481386,121.4421872,31.2195797,,normal
O824481630,121.4477343,31.2211425,,normal
O824481701,121.4403759,31.2193804,,normal
O824481706,121.4399727,31.218852,,normal
O824541594,121.4050818,31.2582727,,normal
O824633975,121.4253263,31.2099158,,normal
O824634577,121.4265982,31.2102888,,normal
O824634579,121.4259211,31.2102059,,normal
O824638933,121.4105153,31.2214533,,normal
O824638935,121.4104186,31.2197552,,normal
O824638937,121.4104293,31.2187546,,normal
O824638941,121.4105528,31.2183061,,normal
O824642697,121.4108057,31.2272008,,normal
O824646853,121.4110561,31.2225494,,normal
O824646981,121.4107623,31.2225466,,normal
O827174421,121.4290502,31.223073,,normal
O827192196,121.4109288,31.2318785,,normal
O827637344,121.4636272,31.2578274,,normal
O827637472,121.4638914,31.2567883,,normal
O827637474,121.4638598,31.2572951,,normal
O827637477,121.463777,31.2576715,,normal
O829674954,121.4072678,31.2509006,,normal
O829675299,121.424121,31.2499738,,normal
O829675303,121.4201751,31.247456,,normal
O829675304,121.4155287,31.2465879,,normal
O829675305,121.4116318,31.2417275,,normal
O829675306,121.4130738,31.2453056,,normal
O829675307,121.4194474,31.2473025,,normal
O829675308,121.4175331,31.2533211,,normal
O829675311,121.4152332,31.246537,,normal
O829675312,121.4218375,31.2558802,,normal
O829675313,121.4184211,31.2472972,,normal
O829675314,121.4219292,31.2559429,,normal
O829675315,121.4216644,31.2485405,,normal
O829675316,121.4193486,31.2541022,,normal
O829675319,121.4149443,31.2465395,,normal
O829675324,121.4212462,31.2481104,,normal
O829675326,121.4116501,31.2437341,,normal
O829787648,121.4622079,31.2451605,,normal
O829787649,121.4622389,31.2453111,,normal
O836103776,121.3994863,31.2179142,,normal
O836103778,121.4005709,31.2182029,,normal
O836103781,121.3989165,31.2177885,,normal
O836103791,121.4054829,31.2177486,,normal
O836103798,121.404626,31.2180097,,normal
O843042330,121.4267863,31.2172541,,normal
O843042334,121.4314435,31.2179467,,normal
O843042336,121.4220004,31.2170775,,normal
O843042342,121.4340643,31.2104912,,normal
O846561984,121.408286,31.2389185,,normal
O846561986,121.4081916,31.2377806,,normal
O846561988,121.409836,31.2316146,,normal
O846561990,121.4080411,31.2394384,,normal
O846561992,121.4102038,31.2320461,,normal
O846561995,121.4076402,31.239835,,normal
O846561996,121.4062341,31.2353956,,normal
O846561999,121.4067423,31.2404512,,normal
O846562000,121.4069604,31.2361384,,normal
O846562002,121.4093497,31.231286,,normal
O848254801,121.4767044,31.2279493,,normal
O848254817,121.4717645,31.227942,,normal
O848254820,121.4712432,31.2276547,,normal
O848254821,121.4751512,31.2272964,,normal
O848254822,121.4750451,31.2273147,,normal
O848532997,121.4241722,31.2499991,,normal
O848532998,121.4225287,31.2524679,,normal
O848532999,121.4222216,31.2534047,,normal
O848533000,121.4221606,31.2534011,,normal
O848533001,121.422469,31.2524492,,normal
O850261330,121.4841811,31.2392542,,normal
O850261339,121.481594,31.238595,,normal
O850278592,121.4750338,31.2337525,,normal
O850279563,121.4756944,31.2325051,,normal
O850279767,121.4770764,31.2304438,,normal
O850283413,121.4691253,31.2242567,,normal
O850287499,121.4670552,31.2309724,,normal
O850287516,121.468901,31.2244273,,normal
O853268437,121.402365,31.2376046,,normal
O853268456,121.4043744,31.2401325,,normal
O853268496,121.4013423,31.2371325,,normal
O853268517,121.4034762,31.2385333,,normal
O856441196,121.4020907,31.2484222,,normal
O856909086,121.4720239,31.2079726,,normal
O856909109,121.4804662,31.2086902,,normal
O856909111,121.4811968,31.2088587,,normal
O856909116,121.4803771,31.2105114,,normal
O856909118,121.4803065,31.2107088,,normal
O856909184,121.4721992,31.2079083,,normal
O856909185,121.4724473,31.2073086,,normal
O856909194,121.4806792,31.2080732,,normal
O856909195,121.4807182,31.2081442,,normal
O856909198,121.4807034,31.2098658,,normal
O856909572,121.4890184,31.210772,,normal
O856909573,121.4903003,31.2111637,,normal
O857585645,121.4446238,31.2236759,,normal
O857585649,121.443772,31.2242058,,normal
O857585659,121.4384254,31.2256008,,normal
O857585668,121.4382369,31.2255073,,normal
O857585674,121.4409734,31.2252921,,normal
O857585676,121.4428439,31.2246792,,normal
O857585677,121.4437902,31.2240739,,normal
O857585691,121.4372471,31.2253362,,normal
O857585695,121.4374399,31.2253452,,normal
O857585698,121.4377291,31.225464,,normal
O857585700,121.4379541,31.2254913,,normal
O857585707,121.4377736,31.2258992,,normal
O857585712,121.4377399,31.2255742,,normal
O857585715,121.437547,31.2254827,,normal
O857585716,121.4373757,31.2254278,,normal
O857585730,121.4366345,31.2270673,,normal
O857585742,121.4362493,31.225088,,normal
O857586125,121.4482665,31.2160827,,normal
O857586140,121.4472724,31.2179245,,normal
O857586199,121.4342894,31.2113758,,normal
O857586200,121.4343455,31.211114,,normal
O857586203,121.4343188,31.2110017,,normal
O857586204,121.434295,31.2109123,,normal
O857586230,121.4341438,31.2105661,,normal
O857586231,121.4344226,31.2109388,,normal
O857586233,121.4344312,31.2110176,,normal
O857586245,121.4472274,31.2178774,,normal
O857586280,121.4473478,31.2177544,,normal
O857586282,121.4473479,31.2176989,,normal
O857586285,121.447715,31.217231,,normal
O857586287,121.4478341,31.2170293,,normal
O857586290,121.447966,31.2167353,,normal
O857586297,121.4487866,31.2142691,,normal
O857586301,121.4488886,31.2140529,,normal
O857586305,121.449434,31.2128092,,normal
O857586322,121.4498816,31.2111245,,normal
O857586331,121.4499351,31.2108673,,normal
O857586344,121.4348195,31.2110286,,normal
O857586345,121.4343188,31.2109168,,normal
O857586380,121.45006,31.2106223,,normal
O857586416,121.4499137,31.2114641,,normal
O857764925,121.439852,31.2254781,,normal
O857764996,121.4477801,31.2255091,,normal
O857764998,121.448706,31.225884,,normal
O857765002,121.4490237,31.2260067,,normal
O857765004,121.4498413,31.2260767,,normal
O857765022,121.46138,31.2349793,,normal
O857765084,121.4614165,31.2327202,,normal
O857780844,121.4759777,31.218611,,normal
O857780853,121.4780177,31.219094,,normal
O857780856,121.4797653,31.2178558,,normal
O857780858,121.4788729,31.2195575,,normal
O857780861,121.4769757,31.2203254,,normal
O857780924,121.4710396,31.218993,,normal
O857781003,121.4720723,31.2204768,,normal
O857781031,121.4727557,31.220671,,normal
O857781087,121.4445465,31.2366163,,normal
O857781089,121.4446352,31.2363376,,normal
O857781090,121.4447239,31.2361319,,normal
O857781107,121.4418984,31.2366492,,normal
O858404191,121.4557613,31.2177227,,normal
O858404199,121.4713208,31.2082097,,normal
O858404201,121.4717154,31.2083055,,normal
O858404202,121.4717774,31.2082396,,normal
O858404204,121.4718199,31.2081879,,normal
O858404205,121.4717899,31.2080146,,normal
O858404212,121.4634708,31.214416,,normal
O858404213,121.4629118,31.2142119,,normal
O858404226,121.4617801,31.2084429,,normal
O858404230,121.4635173,31.2090769,,normal
O858404232,121.463917,31.2092945,,normal
O858404234,121.464674,31.2097162,,normal
O858404237,121.4651356,31.2099841,,normal
O858404238,121.4656326,31.210172,,normal
O858404323,121.4674423,31.2056274,,normal
O858404347,121.4666328,31.2049031,,normal
O858404348,121.4667001,31.2044335,,normal
O858404364,121.4669278,31.2044999,,normal
O858404382,121.4720677,31.2083934,,normal
O858404385,121.4709111,31.2087671,,normal
O874282808,121.4790486,31.2413703,,normal
O874282811,121.4787788,31.2421557,,normal
O874283609,121.4791166,31.2406274,,normal
O874283856,121.4789077,31.241611,,normal
O874286865,121.4790339,31.2394231,,normal
O874286960,121.4789243,31.2397881,,normal
O874286961,121.4789206,31.2399161,,normal
O874287211,121.478816,31.2399801,,normal
O874287496,121.4788218,31.2397954,,normal
O874287498,121.479038,31.2391238,,normal
O874287741,121.4790207,31.2396528,,normal
O874287743,121.4790179,31.239818,,normal
O874287746,121.4790767,31.2399484,,normal
O874290340,121.4729938,31.2425941,,normal
O874290376,121.4727411,31.2436501,,normal
O874292866,121.4703213,31.2396471,,normal
O874295185,121.4723326,31.2397561,,normal
O874295583,121.4731029,31.2388803,,normal
O874296162,121.472732,31.2400311,,normal
O874296367,121.4730651,31.2386454,,normal
O874298243,121.4827119,31.2423363,,normal
O874298434,121.4828014,31.242425,,normal
O874300005,121.4829399,31.2424021,,normal
O874300429,121.4823988,31.2429085,,normal
O874300431,121.4825096,31.2426017,,normal
O874300433,121.4827027,31.2421703,,normal
O874300749,121.4831513,31.2415455,,normal
O874306798,121.4777777,31.2362564,,normal
O874312382,121.4834875,31.232465,,normal
O875000369,121.4140058,31.2128057,,normal
O875000372,121.4139773,31.212949,,normal
O875000373,121.4139882,31.213037,,normal
O875000374,121.4141934,31.2134884,,normal
O875000375,121.4141899,31.2138578,,normal
O875000377,121.4141551,31.2140771,,normal
O875000380,121.4141455,31.2142333,,normal
O875000383,121.4140274,31.2142764,,normal
O875000391,121.4135839,31.2144106,,normal
O875000395,121.4133869,31.21426,,normal
O875000397,121.4131815,31.2139064,,normal
O875000398,121.4129485,31.2133521,,normal
O875000399,121.4125384,31.2130694,,normal
O875000416,121.4138027,31.2128994,,normal
O875000418,121.4135849,31.2128662,,normal
O875000422,121.4133323,31.2128626,,normal
O875000426,121.4130982,31.213072,,normal
O875815570,121.430525,31.2379011,,normal
O875815574,121.4307456,31.2378087,,normal
O875815577,121.4322095,31.2373147,,normal
O875815581,121.4323824,31.2372317,,normal
O875815594,121.4325193,31.2371377,,normal
O875815605,121.4326391,31.2370387,,normal
O875815610,121.4331408,31.2366166,,normal
O875815613,121.4332322,31.2364606,,normal
O875815617,121.4332358,31.2363804,,normal
O875815621,121.4331643,31.2353419,,normal
O875815623,121.4331874,31.2350115,,normal
O875815637,121.4332441,31.2348536,,normal
O875815640,121.4334019,31.2345137,,normal
O875815642,121.4334642,31.234381,,normal
O875815645,121.4336823,31.2339869,,normal
O875815649,121.4343872,31.2331993,,normal
O875815992,121.4309975,31.2404542,,normal
O875815995,121.4314283,31.2405805,,normal
O875815998,121.4317702,31.2406014,,normal
O875816002,121.431957,31.2405668,,normal
O875816004,121.4341829,31.2398089,,normal
O875816437,121.4346841,31.2308592,,normal
O884634356,121.4123299,31.2256625,,normal
O884634363,121.4137295,31.2228192,,normal
O884634369,121.4128738,31.2245939,,normal
O884634373,121.4125539,31.2297605,,normal
O884634381,121.4122042,31.2281333,,normal
O884634392,121.4125105,31.2259027,,normal
O884634395,121.4130101,31.2240261,,normal
O884634397,121.4122009,31.2264873,,normal
O884634409,121.414051,31.2340518,,normal
O884634438,121.4147614,31.2358655,,normal
O884634443,121.4124821,31.2251172,,normal
O884634454,121.4124003,31.2291957,,normal
O884634462,121.4121648,31.2273281,,normal
O884634484,121.4129317,31.2240057,,normal
O884634490,121.4125641,31.2251506,,normal
O884634492,121.4139249,31.2227676,,normal
O971168073,121.4816146,31.2123452,,normal
O971168076,121.4778094,31.2117257,,normal
O971168077,121.4793681,31.21218,,normal
O971168079,121.4795085,31.2122205,,normal
O971168080,121.4800622,31.2122708,,normal
O971168090,121.4779238,31.2114948,,normal
O971168092,121.4785243,31.2107126,,normal
O973126757,121.4530229,31.2303454,,normal
O973126763,121.4531139,31.2301251,,normal
O973126787,121.473429,31.2378166,,normal
O994212276,121.4294645,31.2083623,,normal
O994212278,121.4312917,31.2084792,,normal
O994212280,121.4329996,31.2086068,,normal
O994212281,121.4330992,31.2086135,,normal
O994212286,121.4313052,31.2052611,,normal
O994212287,121.4336619,31.205376,,normal
O994212300,121.4338593,31.2049005,,normal
O994212301,121.433956,31.2049252,,normal
O994212302,121.4357156,31.2054421,,normal
O994212303,121.4365297,31.2056063,,normal
O994212305,121.4372612,31.2057555,,normal
O994212307,121.4375902,31.2057977,,normal
O994212308,121.4388649,31.2060714,,normal
O994212309,121.4392409,31.206149,,normal
O994212316,121.4236404,31.2095193,,normal
O994212317,121.4240042,31.2069709,,normal
O994212320,121.4237102,31.20566,,normal
O994212329,121.4249114,31.2037023,,normal
O994212330,121.425432,31.2047974,,normal
O994212333,121.4263457,31.2044042,,normal
O994212334,121.4266945,31.2068954,,normal
O994212336,121.4293768,31.20674,,normal
O994212353,121.4202983,31.2071753,,normal
O994212355,121.4258193,31.2046152,,normal
O994212356,121.4276779,31.2039813,,normal
O994212357,121.4303234,31.2033423,,normal
O994212360,121.4184459,31.2084121,,normal
O994212361,121.4185727,31.2078354,,normal
O994212363,121.4186354,31.2077391,,normal
O994212365,121.4188684,31.2076236,,normal
O994212366,121.4191082,31.2075904,,normal
O994212368,121.4195975,31.2074401,,normal
O994212373,121.420331,31.2088573,,normal
O994212374,121.4205195,31.2077802,,normal
O994212375,121.420466,31.2074434,,normal
O994212378,121.4204016,31.2073091,,normal
O994212381,121.4198418,31.2067286,,normal
O994212382,121.4195762,31.2063941,,normal
O994212384,121.4186026,31.2045132,,normal
O994212385,121.4185276,31.2044025,,normal
O994212415,121.4300729,31.2018893,,normal
O994212459,121.4314124,31.2070078,,normal
O994212460,121.4313856,31.2068225,,normal
O994212511,121.4297484,31.2001231,,normal
O994212513,121.4303128,31.2036166,,normal
O994212514,121.4303004,31.2037311,,normal
O994212515,121.430248,31.203906,,normal
O994212516,121.4301735,31.2040023,,normal
O994212518,121.4295223,31.2047303,,normal
O994212520,121.4293389,31.2050672,,normal
O994212522,121.4292719,31.2054127,,normal
O994212524,121.429466,31.2082895,,normal
O994212526,121.4294137,31.2102775,,normal
O994212529,121.4293997,31.2103654,,normal
O994217440,121.4327272,31.2125238,,normal
O994217443,121.4324058,31.2124233,,normal
O994217446,121.4321769,31.21246,,normal
O994217448,121.43202,31.2125889,,normal
O994217467,121.4233382,31.2114841,,normal
O994217478,121.4305588,31.2127752,,normal
O994217482,121.4303378,31.2127743,,normal
O994217485,121.427991,31.2123635,,normal
O994217487,121.4274873,31.2123182,,normal
O994217497,121.4264048,31.2120712,,normal
O994217502,121.4259901,31.2119734,,normal
O994217506,121.4246577,31.2117055,,normal
O994217507,121.4218205,31.2112434,,normal
O994217509,121.4206485,31.2111666,,normal
O994217518,121.4197479,31.2111856,,normal
O994217522,121.4193727,31.2110664,,normal
O994217524,121.4192119,31.211039,,normal
O994217526,121.419126,31.2110666,,normal
O994217528,121.4189009,31.211287,,normal
O994217532,121.4182577,31.2123522,,normal
O994217535,121.4181398,31.212444,,normal
O994217569,121.4310024,31.2132297,,normal
O994217572,121.4307958,31.2132754,,normal
O994217577,121.4301524,31.2135342,,normal
O994223700,121.4323477,31.21612,,normal
O994223753,121.4321933,31.21608,,normal
O994223755,121.4316786,31.2159413,,normal
O994223766,121.4304741,31.215621,,normal
O994223767,121.4287939,31.2152909,,normal
O994223768,121.4283473,31.2152417,,normal
O994223774,121.4280583,31.2152385,,normal
O994223776,121.4277385,31.2152347,,normal
O994223780,121.4269657,31.2150887,,normal
O994223785,121.425231,31.2147375,,normal
O994223819,121.4202955,31.2090454,,normal
O994223822,121.4201808,31.210295,,normal
O994223828,121.4201945,31.2105967,,normal
O994223834,121.4201244,31.2116498,,normal
O994223839,121.4201063,31.2117217,,normal
O994223844,121.420103,31.2117941,,normal
O994223866,121.4200942,31.2120119,,normal
O994223899,121.4204158,31.2151228,,normal
O994909970,121.4352021,31.2111103,,normal
O994909973,121.4356122,31.2111606,,normal
O994909976,121.4363673,31.2111986,,normal
O994909983,121.4371118,31.2113721,,normal
O994909998,121.4378456,31.2117589,,normal
O994910010,121.4386436,31.2124509,,normal
O994910011,121.4389971,31.2128727,,normal
O994910021,121.4391417,31.2130836,,normal
O994910026,121.4392302,31.2133337,,normal
O996019321,121.4099847,31.236241,,normal
O1078474561,121.4078034,31.2418544,,normal
O1078474585,121.4055414,31.2416866,,normal
O1078474597,121.4078416,31.236966,,normal
O1078474646,121.4076445,31.2416108,,normal
O1078474668,121.4060805,31.2409121,,normal
O1078474686,121.4082894,31.2385994,,normal
O1078474754,121.4074931,31.24132,,normal
O1078474799,121.4056659,31.2391779,,normal
O1078474852,121.4059714,31.2352213,,normal
O1078474922,121.4058533,31.2411472,,normal
O1078474946,121.4080217,31.2420585,,normal
O1078475012,121.4097073,31.2405085,,normal
O1080129463,121.4052512,31.2493763,,normal
O1080129494,121.4049396,31.2492267,,normal
O1080129530,121.4040285,31.2486437,,normal
O1080129544,121.4033266,31.2483798,,normal
O1080129574,121.4038171,31.2485136,,normal
O1080129596,121.4035528,31.2484179,,normal
O1080129613,121.4074287,31.2500388,,normal
O1080129666,121.4030739,31.2483788,,normal
O1080129691,121.4066715,31.2498762,,normal
O1080129723,121.4060903,31.2497323,,normal
O1080189218,121.398456,31.2179787,,normal
O1080189225,121.4073013,31.217293,,normal
O1080189227,121.3999608,31.2182293,,normal
O1080189231,121.398127,31.2180404,,normal
O1080189234,121.407268,31.2171771,,normal
O1080189236,121.3993369,31.2180334,,normal
O1080189252,121.4027686,31.2184466,,normal
O1080189258,121.39895,31.2179425,,normal
O1080189271,121.4005548,31.2183134,,normal
O1091694407,121.4094878,31.2598686,,normal
O1091694435,121.4060709,31.2581921,,normal
O1091694468,121.406492,31.2582874,,normal
O1091694480,121.4058598,31.258189,,normal
O1091694489,121.4062851,31.2582252,,normal
O1091694553,121.4094552,31.2606028,,normal
O1091732407,121.4072882,31.2508308,,normal
O1091732451,121.4184619,31.2536241,,normal
O1091732525,121.4180226,31.2534192,,normal
O1091732585,121.418955,31.2537976,,normal
O1091732605,121.4175507,31.2532686,,normal
O1091732678,121.4218386,31.2557934,,normal
O1091732729,121.4184914,31.253584,,normal
O1091732740,121.4219334,31.2558653,,normal
O1091732769,121.4180017,31.2534594,,normal
O1091732793,121.4193799,31.2540539,,normal
O1091732809,121.4189116,31.2538408,,normal
O1093108924,121.4074194,31.2452961,,normal
O1093108932,121.4141947,31.2470914,,normal
O1093108945,121.4096287,31.2432486,,normal
O1093108947,121.4153115,31.2444155,,normal
O1093108953,121.4166275,31.2483946,,normal
O1093108955,121.4256229,31.2408494,,normal
O1093108970,121.404237,31.2448803,,normal
O1093108977,121.4080667,31.2455672,,normal
O1093108982,121.4188599,31.2473336,,normal
O1093108992,121.41536,31.2478687,,normal
O1093108997,121.409962,31.2426907,,normal
O1093108999,121.4279749,31.2421104,,normal
O1093109001,121.4161476,31.2439625,,normal
O1093109005,121.4054607,31.2451836,,normal
O1093109021,121.4247891,31.2502997,,normal
O1093109023,121.4213569,31.2482055,,normal
O1093109024,121.4262044,31.2412863,,normal
O1093109027,121.4023124,31.2453078,,normal
O1093109042,121.4061298,31.2451647,,normal
O1093109051,121.4125581,31.2440396,,normal
O1093109069,121.4290309,31.2460802,,normal
O1093109071,121.4219697,31.2488816,,normal
O1093109084,121.4054937,31.245056,,normal
O1093109086,121.4105197,31.2458351,,normal
O1093109093,121.4127998,31.2443728,,normal
O1093109094,121.4268926,31.2511021,,normal
O1093109101,121.4098018,31.2429829,,normal
O1093109103,121.426871,31.2417073,,normal
O1093109106,121.4042542,31.2447717,,normal
O1093109116,121.4305253,31.2531981,,normal
O1093109118,121.419825,31.2473199,,normal
O1093109136,121.4161466,31.2482361,,normal
O1093109138,121.4054122,31.2483153,,normal
O1093109140,121.4273221,31.2418932,,normal
O1093109150,121.409292,31.2457346,,normal
O1093109151,121.4028982,31.2447688,,normal
O1093109153,121.4132502,31.2452496,,normal
O1093109156,121.4196306,31.2473012,,normal
O1093109165,121.4048958,31.2448588,,normal
O1093109171,121.4058274,31.2452473,,normal
O1093109174,121.4170476,31.2485113,,normal
O1093109176,121.4258208,31.2409681,,normal
O1093109186,121.405525,31.2449514,,normal
O1093109190,121.4312725,31.2536029,,normal
O1093109197,121.4073962,31.2454125,,normal
O1093109202,121.4139463,31.2468654,,normal
O1093109211,121.4095486,31.2432137,,normal
O1093109216,121.4250163,31.2504028,,normal
O1093109217,121.422283,31.249083,,normal
O1093109233,121.4036148,31.2447073,,normal
O1093109236,121.41437,31.2448596,,normal
O1093109241,121.4081071,31.2454521,,normal
O1093109243,121.4178768,31.2471985,,normal
O1093109246,121.4144272,31.2472654,,normal
O1093109251,121.4100258,31.2427494,,normal
O1093109258,121.4276839,31.2420239,,normal
O1093109262,121.4299159,31.246219,,normal
O1093109267,121.4098314,31.245706,,normal
O1093109270,121.404864,31.2449698,,normal
O1093109273,121.4147271,31.2447101,,normal
O1093109276,121.4174279,31.248611,,normal
O1093109277,121.4285202,31.2422393,,normal
O1093109280,121.407791,31.2488748,,normal
O1093109286,121.4029692,31.2446482,,normal
O1093109291,121.420011,31.2473704,,normal
O1093109304,121.4061644,31.2450613,,normal
O1093109307,121.4166536,31.2436366,,normal
O1093109314,121.4126674,31.2441549,,normal
O1093109316,121.4252331,31.2504863,,normal
O1093109320,121.4097186,31.2429312,,normal
O1093109321,121.4055056,31.2483341,,normal
O1093109324,121.4265422,31.2415123,,normal
O1093109331,121.421478,31.2483292,,normal
O1093109335,121.4034534,31.2453124,,normal
O1093109342,121.4117433,31.245602,,normal
O1093109351,121.4156971,31.2442182,,normal
O1093109355,121.4053713,31.248216,,normal
O1093109357,121.4157439,31.2480693,,normal
O1093109358,121.4271652,31.2418436,,normal
O1093109369,121.4035976,31.2448159,,normal
O1118533488,121.4142401,31.2144837,,normal
O1118533489,121.4152106,31.2172764,,normal
O1129239786,121.4140784,31.2229853,,normal
O1129239945,121.4139858,31.222875,,normal
O1129239984,121.4130686,31.2226262,,normal
O1130831349,121.4062805,31.2271048,,normal
O1130831352,121.4076027,31.2268667,,normal
O1130831355,121.4076317,31.2263275,,normal
O1130831356,121.4045996,31.2269054,,normal
O1130831357,121.4071833,31.2273164,,normal
O1130831359,121.4059055,31.2270363,,normal
O1130831360,121.4056541,31.2269886,,normal
O1130831363,121.4067871,31.227331,,normal
O1130831365,121.4047028,31.2265851,,normal
O1130831368,121.4080646,31.2275378,,normal
O1130831371,121.4067637,31.2272187,,normal
O1130831373,121.4055455,31.2267807,,normal
O1130831375,121.4068601,31.2271285,,normal
O1130831376,121.4073889,31.2283923,,normal
O1130831380,121.4078169,31.2255488,,normal
O1130831381,121.4075232,31.2274022,,normal
O1130831384,121.4064099,31.2304909,,normal
O1130831385,121.4054394,31.227098,,normal
O1130836004,121.4043637,31.2269137,,normal
O1130836010,121.4079823,31.2275172,,normal
O1130836029,121.4099494,31.2261629,,normal
O1130836040,121.403169,31.2309908,,normal
O1130836049,121.4043048,31.226834,,normal
O1130836054,121.4048222,31.225736,,normal
O1130836060,121.4046447,31.2265192,,normal
O1130836065,121.4103435,31.2261523,,normal
O1130836072,121.4045089,31.2269448,,normal
O1130836085,121.4044037,31.2265214,,normal
O1130836087,121.409409,31.2260829,,normal
O1130836103,121.4070461,31.2253461,,normal
O1130836108,121.4044851,31.2264809,,normal
O1130836110,121.4096476,31.2261373,,normal
O1130836117,121.4077949,31.2274703,,normal
O1130836133,121.4045832,31.2265057,,normal
O1130836138,121.4044503,31.2269337,,normal
O1130836715,121.4060449,31.2316538,,normal
O1130836719,121.4059855,31.231338,,normal
O1130836721,121.4060704,31.231789,,normal
O1130837517,121.4057893,31.233082,,normal
O1130837518,121.4069478,31.2332676,,normal
O1130837519,121.4055847,31.2330314,,normal
O1130837520,121.4066921,31.2331818,,normal
O1130837521,121.405965,31.2331032,,normal
O1130854204,121.406561,31.2427368,,normal
O1130854208,121.4079583,31.2401544,,normal
O1130854210,121.4082557,31.2390423,,normal
O1130854216,121.4040303,31.238159,,normal
O1130854222,121.4057529,31.2412798,,normal
O1130854224,121.403671,31.2341985,,normal
O1130854235,121.4044685,31.2400642,,normal
O1130854242,121.4071458,31.2381627,,normal
O1130854247,121.4080573,31.2373187,,normal
O1130854252,121.4028339,31.2390101,,normal
O1130854253,121.4078731,31.2400689,,normal
O1130854257,121.4056239,31.2414926,,normal
O1130854259,121.4075979,31.2356473,,normal
O1130854263,121.404607,31.2399574,,normal
O1130854267,121.4102331,31.2351996,,normal
O1130854269,121.4059586,31.2410258,,normal
O1130854270,121.4035221,31.2344602,,normal
O1130854272,121.4071539,31.2360037,,normal
O1130854274,121.4055806,31.2415853,,normal
O1130854276,121.4078299,31.2396744,,normal
O1130854284,121.4106125,31.2379679,,normal
O1130854287,121.4028134,31.2378895,,normal
O1130854293,121.4056825,31.2413842,,normal
O1130854295,121.4058112,31.2347242,,normal
O1130854303,121.4101135,31.2347516,,normal
O1130854305,121.403607,31.2343293,,normal
O1130854306,121.407408,31.2358178,,normal
O1130854324,121.4081501,31.2392637,,normal
O1130854331,121.4077805,31.2425254,,normal
O1130854333,121.4025943,31.2377455,,normal
O1133497965,121.4163922,31.2145498,,normal
O1133497977,121.4128446,31.2131736,,normal
O1133497988,121.414224,31.2144299,,normal
O1133497993,121.4149803,31.2142786,,normal
O1133497994,121.4145313,31.2144265,,normal
O1133497996,121.4153372,31.2142778,,normal
O1133497998,121.4160585,31.2144355,,normal
O1133498000,121.4163069,31.2145185,,normal
O1133498005,121.4168902,31.2147642,,normal
O1133498012,121.4157954,31.2143839,,normal
O1168461357,121.4438983,31.2120411,,normal
O1168461360,121.4438764,31.2121674,,normal
O1168461405,121.4440032,31.2111896,,normal
O1168462976,121.4440917,31.2104748,,normal
O1168462980,121.4431451,31.2096278,,normal
O1168462997,121.4427422,31.2084167,,normal
O1168463002,121.4427918,31.2089031,,normal
O1168463008,121.4435581,31.2100709,,normal
O1168463014,121.4428346,31.2090683,,normal
O1168463018,121.4427568,31.208599,,normal
O1168463020,121.4433594,31.2098753,,normal
O1168463051,121.4429202,31.2092793,,normal
O1168463053,121.442619,31.2081366,,normal
O1169541245,121.4330167,31.2491504,,normal
O1169541247,121.4334249,31.2489581,,normal
O1169541248,121.4331572,31.2489658,,normal
O1174951491,121.4084777,31.237984,,normal
O1174951589,121.4069541,31.2406863,,normal
O1174951612,121.4068682,31.2405844,,normal
O1174951627,121.4083018,31.237986,,normal
O1198211025,121.4020534,31.232147,,normal
O1198211064,121.4020761,31.2320799,,normal
O1198605368,121.3995717,31.2151351,,normal
O1255055270,121.405871,31.2552636,,normal
O1255055283,121.4059718,31.2552896,,normal
O1255055335,121.4005138,31.2484311,,normal
O1255055436,121.4010664,31.253464,,normal
O1288541774,121.4082309,31.2288149,,normal
O1288541791,121.4094646,31.2278886,,normal
O1288541818,121.4089898,31.2290572,,normal
O1288541837,121.408067,31.2291889,,normal
O1288541839,121.4090903,31.2286977,,normal
O1288541865,121.4083551,31.228501,,normal
O1288541868,121.4086848,31.2276933,,normal
O1288541877,121.4034771,31.2300493,,normal
O1288541891,121.4091773,31.2287471,,normal
O1288546433,121.4088401,31.2271697,,normal
O1288546434,121.4083253,31.2266525,,normal
O1288546442,121.4076245,31.2264636,,normal
O1288546443,121.4084183,31.2264014,,normal
O1288546451,121.4089735,31.2267625,,normal
O1288546453,121.4090003,31.2266616,,normal
O1288546454,121.4076545,31.2260626,,normal
O1288546457,121.4089404,31.2265399,,normal
O1288546460,121.4089896,31.2266111,,normal
O1288652656,121.4038898,31.2242847,,normal
O1288652657,121.4032732,31.2306671,,normal
O1288652662,121.4035583,31.2242018,,normal
O1288652663,121.4035156,31.2227675,,normal
O1288652664,121.4034498,31.2219509,,normal
O1288652666,121.4034586,31.2222579,,normal
O1288652670,121.4077022,31.2279962,,normal
O1288652676,121.4047737,31.2294414,,normal
O1288652677,121.4062744,31.2307227,,normal
O1288652679,121.4035885,31.2297135,,normal
O1288652680,121.4044512,31.2299256,,normal
O1288652681,121.4044787,31.2298522,,normal
O1288652692,121.4042303,31.227642,,normal
O1288652694,121.4055368,31.2279388,,normal
O1288652695,121.4059909,31.2265493,,normal
O1288652697,121.4028337,31.2219565,,normal
O1288652698,121.4058375,31.2270221,,normal
O1288652700,121.4084629,31.2282367,,normal
O1288652701,121.4041559,31.2243909,,normal
O1288652703,121.4045805,31.2295505,,normal
O1288652704,121.4060284,31.2262371,,normal
O1288652705,121.4059564,31.2259959,,normal
O1288652706,121.4058047,31.2259585,,normal
O1288652707,121.4060002,31.2253069,,normal
O1288652708,121.4061193,31.2248429,,normal
O1288652709,121.4060826,31.2243757,,normal
O1288652710,121.406088,31.2236998,,normal
O1288652711,121.4052795,31.2286831,,normal
O1288652713,121.4061641,31.2233552,,normal
O1288652716,121.4044846,31.2243906,,normal
O1288664478,121.4081888,31.225698,,normal
O1288664479,121.4082314,31.2241371,,normal
O1288664481,121.4104367,31.2256946,,normal
O1288664482,121.4054096,31.224374,,normal
O1288664483,121.4086588,31.2258184,,normal
O1288664484,121.4057409,31.2303841,,normal
O1288664485,121.4076606,31.2259885,,normal
O1288664487,121.4027563,31.2298779,,normal
O1288664488,121.4071571,31.2253779,,normal
O1288664491,121.4069355,31.228804,,normal
O1288664492,121.4062321,31.2234422,,normal
O1288664493,121.4070067,31.2258201,,normal
O1288664494,121.4065129,31.2238292,,normal
O1288664497,121.4075464,31.223915,,normal
O1288664498,121.4054062,31.2232501,,normal
O1288664500,121.4064432,31.2292506,,normal
O1288664503,121.405853,31.2310067,,normal
O1288664504,121.4098191,31.2257109,,normal
O1288664507,121.4068041,31.2287556,,normal
O1288664510,121.4105118,31.2252115,,normal
O1288664511,121.4074513,31.2254511,,normal
O1288664512,121.4087199,31.2242319,,normal
O1288664513,121.4079513,31.224048,,normal
O1288664515,121.4077357,31.2255261,,normal
O1288664520,121.4091561,31.2244146,,normal
O1288689054,121.4074982,31.2240717,,normal
O1288689057,121.4069296,31.2239267,,normal
O1297097619,121.4059364,31.2286145,,normal
O1297097666,121.4048625,31.2243745,,normal
O1297097683,121.4041814,31.2255983,,normal
O1297097747,121.4082884,31.2286686,,normal
O1297097771,121.4042656,31.2253023,,normal
O1297097799,121.4059185,31.2299976,,normal
O1297097803,121.4051936,31.2297607,,normal
O1297097902,121.4071521,31.2289042,,normal
O1306480312,121.4233647,31.225402,,normal
O1306480314,121.4238022,31.2251411,,normal
O1306480337,121.4221346,31.225596,,normal
O1306480357,121.4223719,31.2255956,,normal
O1306480394,121.4238083,31.2247983,,normal
O1306480440,121.4238776,31.2247414,,normal
O1306480516,121.4237348,31.2249969,,normal
O1306480522,121.4240754,31.2246122,,normal
O1306480856,121.4229581,31.225526,,normal
O1306480921,121.4237569,31.2250672,,normal
O1314685709,121.4812753,31.2367716,,normal
O1314685710,121.4823442,31.2369874,,normal
O1314685711,121.4805059,31.2366053,,normal
O1314685712,121.48008,31.2365002,,normal
O1315242580,121.4840976,31.2423844,,normal
O1315678544,121.4826132,31.2342273,,normal
O1315678567,121.4822041,31.2349733,,normal
O1315678568,121.4792745,31.2316255,,normal
O1315678569,121.482329,31.2346912,,normal
O1315678572,121.4800251,31.2319617,,normal
O1315678575,121.4824449,31.2344328,,normal
O1315678579,121.4826868,31.2351427,,normal
O1315678581,121.483758,31.2395741,,normal
O1315678588,121.4828108,31.2348505,,normal
O1315678593,121.4787352,31.2316034,,normal
O1315678607,121.4798941,31.2320982,,normal
O1315678612,121.4853293,31.2346102,,normal
O1315678619,121.4820951,31.2339529,,normal
O1315678639,121.479285,31.233374,,normal
O1315678657,121.4780375,31.2313206,,normal
O1315678660,121.4830634,31.2330789,,normal
O1315678667,121.4782667,31.2319719,,normal
O1315678677,121.4851754,31.2345732,,normal
O1315678678,121.4823767,31.2398231,,normal
O1315678681,121.4779416,31.2329387,,normal
O1315678682,121.482252,31.2332521,,normal
O1315678691,121.4791193,31.2315641,,normal
O1315678697,121.477851,31.2316729,,normal
O1315678699,121.4833165,31.2350105,,normal
O1315678711,121.4788355,31.2314499,,normal
O1315678714,121.4829175,31.2345792,,normal
O1315678718,121.482529,31.2394359,,normal
O1315678726,121.4823633,31.2346122,,normal
O1315678736,121.4819318,31.2342709,,normal
O1315678739,121.4801546,31.2318252,,normal
O1315678742,121.4828673,31.2339512,,normal
O1315678744,121.4822979,31.2347633,,normal
O1315678745,121.4817764,31.2345866,,normal
O1315678747,121.4785554,31.2315306,,normal
O1315678764,121.4781175,31.2311721,,normal
O1315678766,121.4846501,31.235755,,normal
O1315678776,121.477788,31.2317909,,normal
O1315678777,121.4830081,31.2343441,,normal
O1315678783,121.4837802,31.239397,,normal
O1315678786,121.4834578,31.2400306,,normal
O1315678799,121.4835817,31.2397398,,normal
O1315678800,121.4833963,31.2335439,,normal
O1315678804,121.4846499,31.23933,,normal
O1315678805,121.4818514,31.2344363,,normal
O1315678807,121.4812476,31.2343858,,normal
O1315678810,121.4824652,31.2395974,,normal
O1315678830,121.4825929,31.2392654,,normal
O1315678842,121.4784218,31.2318936,,normal
O1315678849,121.4789351,31.2318922,,normal
O1315678866,121.4829382,31.2334334,,normal
O1315785175,121.4883692,31.2335603,,normal
O1315785176,121.4830456,31.2218762,,normal
O1315785181,121.4814793,31.2232345,,normal
O1315785184,121.4826459,31.2206829,,normal
O1315785192,121.4826443,31.2269151,,normal
O1315785194,121.4825909,31.2208345,,normal
O1315785195,121.4824844,31.2229931,,normal
O1315785196,121.4825411,31.2209719,,normal
O1315785206,121.4814022,31.2230975,,normal
O1315785207,121.4828285,31.2216926,,normal
O1315785210,121.481923,31.222421,,normal
O1315785213,121.4813599,31.2242748,,normal
O1315785214,121.4825217,31.2218593,,normal
O1315785219,121.4820827,31.222901,,normal
O1315785230,121.4824633,31.2269859,,normal
O1315785234,121.4815278,31.228122,,normal
O1315785238,121.4832583,31.2295988,,normal
O1315785239,121.4824675,31.2241642,,normal
O1315785242,121.4823132,31.2219334,,normal
O1315785243,121.4824736,31.2222542,,normal
O1315785248,121.4825165,31.2221118,,normal
O1315785249,121.4821716,31.2240732,,normal
O1315785252,121.4822546,31.2246092,,normal
O1315785253,121.4830671,31.2217661,,normal
O1315785254,121.4814953,31.2233859,,normal
O1315785255,121.4822436,31.2204144,,normal
O1315785257,121.4827208,31.2276722,,normal
O1315785261,121.4826254,31.22747,,normal
O1315785263,121.4807262,31.2279635,,normal
O1315785266,121.4828907,31.2224366,,normal
O1315785268,121.4815221,31.2231242,,normal
O1315785274,121.4815139,31.2277965,,normal
O1315785275,121.4823259,31.2330979,,normal
O1315785276,121.4818587,31.2214206,,normal
O1315785281,121.4827463,31.2219137,,normal
O1315785285,121.481779,31.2266343,,normal
O1315785288,121.4820653,31.2243296,,normal
O1315785290,121.4811825,31.2292766,,normal
O1315785294,121.4817841,31.2241974,,normal
O1315785296,121.4824703,31.2213875,,normal
O1315785297,121.4825381,31.2275756,,normal
O1315785302,121.4824182,31.2329159,,normal
O1315785303,121.4832757,31.2326236,,normal
O1315785306,121.4825638,31.2209093,,normal
O1315785307,121.4826572,31.2287145,,normal
O1315785310,121.4828375,31.2272147,,normal
O1315785314,121.4828886,31.2215515,,normal
O1315785319,121.4824683,31.2223918,,normal
O1315785325,121.4820498,31.2230455,,normal
O1315785327,121.4827945,31.2235796,,normal
O1315785332,121.4815198,31.2238627,,normal
O1315785333,121.4810305,31.2275406,,normal
O1315785335,121.4820035,31.2296898,,normal
O1315785337,121.4820431,31.2271361,,normal
O1315785338,121.4795754,31.2282964,,normal
O1315785339,121.4828935,31.227148,,normal
O1315785341,121.4823671,31.2271329,,normal
O1315785344,121.4814071,31.227928,,normal
O1315785349,121.4811911,31.2247104,,normal
O1315785358,121.4810829,31.2283303,,normal
O1315785362,121.4823542,31.2244653,,normal
O1315785370,121.4834539,31.227581,,normal
O1315785374,121.4859114,31.2327836,,normal
O1315785380,121.4819818,31.2221546,,normal
O1315785383,121.4827355,31.220436,,normal
O1315785384,121.4824386,31.2277055,,normal
O1315785392,121.4815115,31.2249554,,normal
O1315785394,121.4822603,31.2272801,,normal
O1315785395,121.4821363,31.2226163,,normal
O1315785399,121.4812967,31.2280636,,normal
O1315785400,121.4829845,31.2330596,,normal
O1315785401,121.4819281,31.2272878,,normal
O1315785407,121.4821795,31.2216721,,normal
O1315785408,121.4824735,31.2215657,,normal
O1315785409,121.4824363,31.2225205,,normal
O1315785411,121.4828959,31.220821,,normal
O1315785417,121.4823989,31.2243702,,normal
O1315785427,121.4827338,31.2273376,,normal
O1315785440,121.4816667,31.2267632,,normal
O1315785441,121.4813655,31.2233516,,normal
O1315785442,121.4818122,31.2241205,,normal
O1315785443,121.4813301,31.2280226,,normal
O1315785445,121.4831098,31.2216512,,normal
O1315785446,121.4826916,31.2205568,,normal
O1315785447,121.4799967,31.2281918,,normal
O1315785448,121.4822801,31.2220607,,normal
O1315785450,121.4830366,31.2328103,,normal
O1315785451,121.480946,31.2276838,,normal
O1315785461,121.4797418,31.2280682,,normal
O1315785462,121.4826128,31.2242089,,normal
O1315785464,121.481423,31.2241122,,normal
O1315785467,121.4826233,31.2217718,,normal
O1315785469,121.4827677,31.222056,,normal
O1315785475,121.4819444,31.2222832,,normal
O1315785476,121.4821734,31.222472,,normal
O1315785477,121.4830352,31.2238275,,normal
O1315785479,121.4822437,31.2268932,,normal
O1315785485,121.4815277,31.2268738,,normal
O1315785490,121.48247,31.2211679,,normal
O1315785491,121.4815751,31.2237151,,normal
O1315785494,121.4806338,31.2281022,,normal
O1315785495,121.4818589,31.223977,,normal
O1315785501,121.4829399,31.2270889,,normal
O1315785505,121.4829922,31.2332777,,normal
O1315785507,121.4819319,31.2283311,,normal
O1315785509,121.4826283,31.2207316,,normal
O1315785511,121.4828251,31.2279019,,normal
O1315785524,121.482007,31.2232439,,normal
O1315785529,121.4821078,31.222782,,normal
O1315785531,121.4824183,31.2324918,,normal
O1315785534,121.4825583,31.2245612,,normal
O1315785535,121.4826605,31.222027,,normal
O1315785537,121.4796428,31.2282037,,normal
O1315785539,121.4814233,31.2229083,,normal
O1315785549,121.482463,31.2231308,,normal
O1315785560,121.481079,31.2249869,,normal
O1315785561,121.4836423,31.2269737,,normal
O1315785563,121.4811898,31.2281978,,normal
O1315785568,121.4798971,31.2283331,,normal
O1315785570,121.482805,31.2209911,,normal
O1315785574,121.482896,31.2225834,,normal
O1315785577,121.4816719,31.224542,,normal
O1315785579,121.4813329,31.2234852,,normal
O1315785587,121.4817253,31.2243766,,normal
O1315785589,121.4818912,31.2264918,,normal
O1315785593,121.482244,31.2222003,,normal
O1315785595,121.4820299,31.2220351,,normal
O1315785598,121.4821046,31.220704,,normal
O1315785600,121.4821383,31.2270129,,normal
O1315785601,121.4812628,31.2269413,,normal
O1315785602,121.4826114,31.2327293,,normal
O1315785605,121.4831366,31.2235172,,normal
O1315785608,121.4822084,31.2223373,,normal
O1315785610,121.481581,31.224836,,normal
O1315785611,121.4821421,31.2218742,,normal
O1315785613,121.4814692,31.222631,,normal
O1315785614,121.4823551,31.2267568,,normal
O1315785615,121.4833392,31.2277485,,normal
O1315785618,121.4821795,31.2205477,,normal
O1315785621,121.4814457,31.2227471,,normal
O1315785622,121.4827842,31.2272792,,normal
O1315785624,121.4798414,31.2279289,,normal
O1315785627,121.4820511,31.2208326,,normal
O1315785630,121.48295,31.2277922,,normal
O1315785636,121.4825432,31.2228782,,normal
O1315785642,121.4808345,31.2278211,,normal
O1315785643,121.4821103,31.2242103,,normal
O1315785646,121.4811401,31.2248428,,normal
O1315785647,121.4827853,31.2218088,,normal
O1315785649,121.4813102,31.224403,,normal
O1317175521,121.4361176,31.2083813,,normal
O1317204199,121.4058135,31.2302272,,normal
O1317204248,121.4066086,31.2312486,,normal
O1317204252,121.4066604,31.2315397,,normal
O1317204254,121.405272,31.2311878,,normal
O1317204260,121.4055519,31.231275,,normal
O1317204261,121.4049634,31.2314358,,normal
O1317204264,121.4049243,31.2312336,,normal
O1317204269,121.4079979,31.2293573,,normal
O1317204275,121.4056237,31.2316705,,normal
O1317204277,121.4087821,31.2296098,,normal
O1317204315,121.4043282,31.2273297,,normal
O1317204320,121.4028851,31.2279198,,normal
O1317204334,121.4066385,31.2314097,,normal
O1317204342,121.4073644,31.2307651,,normal
O1317204352,121.4061302,31.2281053,,normal
O1317204360,121.4070719,31.2313456,,normal
O1317204373,121.4040617,31.2281905,,normal
O1317204395,121.4070982,31.2306722,,normal
O1317204408,121.4036464,31.2258633,,normal
O1317204423,121.404708,31.2261037,,normal
O1317204425,121.402513,31.2298205,,normal
O1317204480,121.4036846,31.2294178,,normal
O1317204483,121.4066217,31.2271855,,normal
O1317204486,121.4032156,31.222771,,normal
O1317204544,121.4073935,31.2273701,,normal
O1317204551,121.4066297,31.2300434,,normal
O1317204563,121.4032662,31.2270918,,normal
O1317204570,121.4061072,31.2298713,,normal
O1317204572,121.4031249,31.2271238,,normal
O1317204645,121.4045662,31.2241413,,normal
O1317204652,121.4054063,31.2235225,,normal
O1317204679,121.4060653,31.2232526,,normal
O1317204680,121.4045637,31.2235202,,normal
O1317204727,121.4054097,31.2241436,,normal
O1317204749,121.4038892,31.2287681,,normal
O1317204768,121.4038644,31.2252035,,normal
O1317216508,121.4098701,31.2256038,,normal
O1317216513,121.408988,31.2249119,,normal
O1317216562,121.4100328,31.2251392,,normal
O1317248020,121.4065164,31.2307811,,normal
O1404152835,121.490082,31.2110996,,normal
O1404152848,121.4895324,31.210928,,normal
O1404618504,121.4808081,31.1991517,,normal
O1404618587,121.4804637,31.1998024,,normal
O1404618611,121.4828622,31.2010936,,normal
O1414884244,121.4394857,31.2013667,,normal
O1414884245,121.4416737,31.2026157,,normal
O1414884247,121.4435637,31.2042246,,normal
O1414884248,121.4439546,31.2046676,,normal
O1414884249,121.4445525,31.2053003,,normal
O1427084326,121.4288816,31.2382136,,normal
O1427084335,121.4302693,31.238197,,normal
O1427084340,121.4292123,31.2384226,,normal
O1427084341,121.4292682,31.2384705,,normal
O1427084344,121.4296563,31.2387071,,normal
O1427084351,121.4299265,31.2388719,,normal
O1427084357,121.4302853,31.2397638,,normal
O1427084358,121.4302853,31.2399803,,normal
O1446811926,121.4418336,31.2289443,,normal
O1446811930,121.4420985,31.2290787,,normal
O1446811931,121.4422053,31.2291485,,normal
O1446811932,121.4422908,31.2292067,,normal
O1446811933,121.4424101,31.2292453,,normal
O1446811934,121.4425032,31.2292706,,normal
O1446811935,121.4426564,31.2292857,,normal
O1446811936,121.4428282,31.2293311,,normal
O1447151970,121.4190306,31.2371059,,normal
O1447152009,121.4209168,31.2268901,,normal
O1447152011,121.4204761,31.2272164,,normal
O1447152014,121.4202668,31.2273684,,normal
O1447152016,121.4201612,31.2274624,,normal
O1447152019,121.4200356,31.2276041,,normal
O1447152022,121.4199555,31.2277089,,normal
O1447152026,121.4195969,31.2282342,,normal
O1447152028,121.4194315,31.2284869,,normal
O1447152032,121.4189411,31.2293081,,normal
O1447152035,121.41887,31.2294108,,normal
O1447152038,121.4187876,31.2295045,,normal
O1447152041,121.418654,31.2296326,,normal
O1447152043,121.4185423,31.2297453,,normal
O1447152045,121.4184606,31.2298512,,normal
O1447152048,121.4177507,31.2358667,,normal
O1447152050,121.4178667,31.236011,,normal
O1447152053,121.417996,31.2361592,,normal
O1447161933,121.4190983,31.2339389,,normal
O1447161949,121.4190331,31.2339798,,normal
O1447161964,121.4189452,31.2340546,,normal
O1447161966,121.4189019,31.2340951,,normal
O1447161967,121.4183509,31.2348708,,normal
O1447161968,121.4183204,31.2348808,,normal
O1447161969,121.4177215,31.235819,,normal
O1447161970,121.4170987,31.2368098,,normal
O1447161971,121.4168327,31.2371966,,normal
O1447161980,121.4166351,31.2374358,,normal
O1447161982,121.4161219,31.2380831,,normal
O1447171238,121.4197313,31.2316068,,normal
O1447171240,121.4192847,31.2314098,,normal
O1447171242,121.418806,31.2312281,,normal
O1447180238,121.4208653,31.234998,,normal
O1447180239,121.4220206,31.235451,,normal
O1447180240,121.422923,31.2358604,,normal
O1447180241,121.4235714,31.2361559,,normal
O1447180242,121.4238282,31.2362619,,normal
O1448165315,121.4021391,31.2478375,,normal
O1448165321,121.400685,31.2477866,,normal
O1448165323,121.4012829,31.2478108,,normal
O1448165324,121.4028245,31.2478565,,normal
O1448165326,121.4031065,31.2478758,,normal
O1448165328,121.4034155,31.2479168,,normal
O1448165330,121.4012741,31.2484268,,normal
O1448179112,121.417401,31.2468446,,normal
O1448179116,121.417413,31.2466723,,normal
O1448179120,121.4174069,31.2465,,normal
O1448179126,121.4172776,31.2460169,,normal
O1448179133,121.4169115,31.2455738,,normal
O1448179138,121.4164423,31.2453746,,normal
O1448179141,121.4163068,31.2453022,,normal
O1448179143,121.416218,31.2452233,,normal
O1448179144,121.416016,31.2449277,,normal
O1448179146,121.4159971,31.2448097,,normal
O1448179148,121.4160059,31.2447347,,normal
O1448182473,121.4173636,31.2469759,,normal
O1448218886,121.421116,31.2480208,,normal
O1448218904,121.421308,31.2477017,,normal
O1448218906,121.4213055,31.2475448,,normal
O1448218908,121.4213128,31.2474498,,normal
O1448218909,121.4213472,31.2470458,,normal
O1448218920,121.4215531,31.2461417,,normal
O1448218923,121.4216035,31.2459445,,normal
O1448218925,121.4216677,31.2457412,,normal
O1448218927,121.4220473,31.2446876,,normal
O1448218928,121.4222716,31.244224,,normal
O1448218929,121.4223804,31.2440478,,normal
O1448218930,121.4226623,31.243651,,normal
O1448225088,121.4199229,31.2463928,,normal
O1448225095,121.421265,31.2469408,,normal
O1448225096,121.4213529,31.2469733,,normal
O1448225097,121.4214322,31.2469963,,normal
O1448225101,121.4220725,31.2471333,,normal
O1448225103,121.4222226,31.2471648,,normal
O1448225106,121.4223787,31.2472064,,normal
O1448225110,121.4224963,31.2472414,,normal
O1448225111,121.4226137,31.247283,,normal
O1448225116,121.4249883,31.2482591,,normal
O1448225118,121.4250995,31.2483029,,normal
O1448225123,121.4251587,31.2483258,,normal
O1448905845,121.4347,31.2395325,,normal
O1448905846,121.4345973,31.2396154,,normal
O1448905851,121.4354478,31.2406924,,normal
O1448905855,121.4355337,31.2408121,,normal
O1448905861,121.4355636,31.2409197,,normal
O1448905863,121.4357628,31.2413353,,normal
O1448905865,121.4358259,31.2414319,,normal
O1448909712,121.4362731,31.2432872,,normal
O1448909713,121.4363256,31.2434416,,normal
O1448909714,121.4363751,31.2435412,,normal
O1448909715,121.4364369,31.2436449,,normal
O1448909717,121.4364987,31.2437338,,normal
O1448909718,121.436575,31.2438241,,normal
O1448940595,121.4546548,31.2543439,,normal
O1448940597,121.4579388,31.2539148,,normal
O1448940598,121.4582488,31.2538793,,normal
O1448940601,121.4540697,31.2538828,,normal
O1448940602,121.4544364,31.2537831,,normal
O1448940603,121.4551225,31.2537153,,normal
O1448940604,121.4568696,31.2535028,,normal
O1448940607,121.4581802,31.2541563,,normal
O1448940608,121.4582419,31.2540559,,normal
O1448946717,121.4555257,31.252559,,normal
O1448950001,121.4555559,31.2517,,normal
O1448950002,121.4547629,31.2510966,,normal
O1469016687,121.4761192,31.2268544,,normal
O1487384233,121.4402415,31.2083162,,normal
O1487384235,121.4331646,31.2079017,,normal
O1487384237,121.4376779,31.2084585,,normal
O1487384243,121.4390426,31.2084234,,normal
O1487384244,121.438432,31.2084519,,normal
O1490094601,121.4595654,31.2296331,,normal
O1490094602,121.459225,31.2283638,,normal
O1490094611,121.4605731,31.2268034,,normal
O1490095298,121.4620233,31.2269421,,normal
O1490095327,121.4619591,31.2240605,,normal
O1490095356,121.4604549,31.2254195,,normal
O1490096859,121.4562693,31.2279786,,normal
O1490096863,121.4519418,31.2282097,,normal
O1490098823,121.4715431,31.2340592,,normal
O1490098824,121.4728579,31.2341065,,normal
O1490098825,121.4699853,31.2337208,,normal
O1490098826,121.4499063,31.2312789,,normal
O1490098827,121.4497882,31.231382,,normal
O1490098828,121.4716923,31.2342167,,normal
O1490098830,121.4697984,31.2336865,,normal
O1490098831,121.4657669,31.2308367,,normal
O1490098832,121.4725371,31.2358163,,normal
O1490098833,121.4633858,31.2360323,,normal
O1490098835,121.472549,31.233887,,normal
O1490098836,121.4719696,31.2346234,,normal
O1490098838,121.4718405,31.2353988,,normal
O1490098839,121.4680068,31.2309465,,normal
O1490098841,121.45003,31.2312017,,normal
O1490099795,121.4578492,31.2361738,,normal
O1490099796,121.4466445,31.2346698,,normal
O1490099797,121.4516468,31.2379359,,normal
O1490099798,121.4418518,31.223131,,normal
O1490099799,121.4554827,31.2376778,,normal
O1490099800,121.439674,31.2292932,,normal
O1490099801,121.4415772,31.2296375,,normal
O1490099802,121.4499267,31.2348356,,normal
O1490099803,121.4626647,31.2365187,,normal
O1490099805,121.440459,31.234446,,normal
O1490099806,121.435976,31.2221739,,normal
O1490099807,121.4392134,31.2289367,,normal
O1490099808,121.4484938,31.2343189,,normal
O1490099809,121.4374257,31.2274983,,normal
O1490099810,121.4518814,31.234304,,normal
O1490101116,121.4670145,31.2393215,,normal
O1490101117,121.4600449,31.2387217,,normal
O1490101118,121.4604836,31.2384271,,normal
O1490101119,121.4598458,31.2377932,,normal
O1490101120,121.4605693,31.2384085,,normal
O1490101121,121.4599753,31.238295,,normal
O1490101122,121.4608089,31.2385351,,normal
O1490101123,121.4602145,31.238813,,normal
O1490101124,121.4601027,31.2383347,,normal
O1490101125,121.4667775,31.2392717,,normal
O1490101126,121.4602804,31.2389965,,normal
O1490101127,121.4596115,31.238328,,normal
O1490101128,121.4595741,31.2382088,,normal
O1490101129,121.4658028,31.2401991,,normal
O1490101130,121.4602901,31.2393186,,normal
O1490101131,121.4605061,31.2381391,,normal
O1490101132,121.4602953,31.2384352,,normal
O1490101133,121.4598287,31.2383402,,normal
O1490101134,121.4603699,31.2390733,,normal
O1490101135,121.4605854,31.2389499,,normal
O1490101136,121.4597246,31.2384307,,normal
O1490101137,121.467223,31.2377105,,normal
O1490101138,121.4603981,31.2391843,,normal
O1490101139,121.4601947,31.2388865,,normal
O1490101140,121.4608357,31.2386005,,normal
O1490932754,121.4346412,31.203181,,normal
O1490932756,121.4330594,31.2078738,,normal
O1502974420,121.4085489,31.2315002,,normal
O1502974431,121.4085274,31.2314262,,normal
O1503743818,121.4425625,31.2243334,,normal
O1503753463,121.4417333,31.2265587,,normal
O1503753466,121.4413311,31.2263048,,normal
O1503753471,121.4409053,31.2261221,,normal
O1503753480,121.4525733,31.2264039,,normal
O1503753482,121.4521101,31.226156,,normal
O1503756955,121.4556615,31.227622,,normal
O1503756960,121.4641837,31.2335187,,normal
O1503769891,121.4816679,31.2263935,,normal
O1503769908,121.4783352,31.2259982,,normal
O1505226421,121.4210208,31.2357296,,normal
O1505226422,121.4213826,31.2352027,,normal
O1505226424,121.4217002,31.2360584,,normal
O1505226425,121.4220778,31.2354755,,normal
O1505226453,121.422239,31.2363081,,normal
O1505226454,121.4226332,31.2357284,,normal
O1505226457,121.423296,31.236033,,normal
O1505226458,121.4229059,31.2366263,,normal
O1505226466,121.4221608,31.2352058,,normal
O1505226467,121.4221718,31.235203,,normal
O1505226468,121.4223692,31.2348504,,normal
O1505226470,121.4220203,31.2351445,,normal
O1505226471,121.4217233,31.2350151,,normal
O1505226472,121.4218373,31.2348199,,normal
O1505226473,121.4219343,31.2346642,,normal
O1505226476,121.421574,31.2345099,,normal
O1505226477,121.4212393,31.2351472,,normal
O1505226478,121.4212672,31.235094,,normal
O1505226479,121.421535,31.2345842,,normal
O1505226482,121.4227061,31.2349947,,normal
O1505226483,121.4224079,31.2355101,,normal
O1505226485,121.4230718,31.2351513,,normal
O1505226489,121.4227345,31.2357745,,normal
O1505242490,121.4264144,31.2268683,,normal
O1505242491,121.4265203,31.2268838,,normal
O1505242492,121.4266176,31.2268868,,normal
O1505242493,121.4267743,31.2268727,,normal
O1505242495,121.4269174,31.226848,,normal
O1505242496,121.4270566,31.2268018,,normal
O1505242497,121.4271762,31.2267321,,normal
O1505242498,121.4273743,31.226611,,normal
O1505242503,121.4274578,31.2265993,,normal
O1505242504,121.427525,31.2266077,,normal
O1505242505,121.4275872,31.2266279,,normal
O1505242506,121.4276317,31.2266557,,normal
O1505242507,121.4277162,31.2268487,,normal
O1505242508,121.4274575,31.22655,,normal
O1505242509,121.4275432,31.2264778,,normal
O1505242511,121.4276128,31.226408,,normal
O1505242512,121.4276917,31.2263026,,normal
O1505242513,121.4278311,31.2260124,,normal
O1505251381,121.4285383,31.2175342,,normal
O1505251385,121.4275976,31.2174004,,normal
O1505251387,121.4281675,31.2174582,,normal
O1505251388,121.4300194,31.2177453,,normal
O1505251389,121.4293155,31.2176403,,normal
O1505251390,121.4244038,31.2171722,,normal
O1505251391,121.4231919,31.2171322,,normal
O1505251398,121.4255716,31.2171845,,normal
O1505251401,121.4249957,31.2171879,,normal
O1505251403,121.4247025,31.2171818,,normal
O1505251406,121.4252862,31.2171882,,normal
O1505251407,121.4262033,31.217185,,normal
O1505251408,121.4259004,31.2171786,,normal
O1505251409,121.426051,31.217179,,normal
O1505251410,121.4265101,31.2172104,,normal
O1505251415,121.4263611,31.2171929,,normal
O1505251418,121.4307463,31.2178485,,normal
O1505262764,121.4252183,31.2209504,,normal
O1505262765,121.425325,31.2208934,,normal
O1505262766,121.425427,31.2208281,,normal
O1505262767,121.4254945,31.2207653,,normal
O1505262768,121.4255431,31.2206959,,normal
O1505262770,121.425583,31.2206098,,normal
O1505262771,121.4256075,31.2205087,,normal
O1505262772,121.4256119,31.2204063,,normal
O1505262773,121.4256047,31.22032,,normal
O1505262774,121.4254139,31.2190836,,normal
O1505262775,121.4254026,31.2190061,,normal
O1505262776,121.4253691,31.2188531,,normal
O1505262777,121.4253637,31.2187749,,normal
O1505262778,121.4253538,31.2183361,,normal
O1505262780,121.4253688,31.2180465,,normal
O1505262782,121.4254325,31.2171862,,normal
O1505262783,121.4252271,31.2167246,,normal
O1505262784,121.4252019,31.216613,,normal
O1505262785,121.4251895,31.2165031,,normal
O1505262786,121.4251793,31.2162564,,normal
O1505262788,121.4251764,31.21601,,normal
O1505262790,121.4251777,31.215723,,normal
O1505262791,121.4252091,31.2146089,,normal
O1505262792,121.4251913,31.2144579,,normal
O1505262793,121.4251825,31.2143565,,normal
O1505262794,121.4251862,31.2141837,,normal
O1505262795,121.4251767,31.21413,,normal
O1505262796,121.4251748,31.2140704,,normal
O1505262798,121.4253041,31.213341,,normal
O1505266651,121.425655,31.2133825,,normal
O1505266654,121.4259172,31.2121476,,normal
O1505266655,121.425947,31.2120589,,normal
O1505266656,121.4260154,31.2119129,,normal
O1505266657,121.4260324,31.2118475,,normal
O1505266658,121.4260931,31.2115657,,normal
O1505266659,121.426284,31.2109017,,normal
O1505266660,121.4263201,31.2107292,,normal
O1505266661,121.426335,31.2106067,,normal
O1505266662,121.4263637,31.2102866,,normal
O1508314463,121.4304872,31.2341358,,normal
O1508314465,121.4304083,31.2343791,,normal
O1508314468,121.4307186,31.2347457,,normal
O1508314473,121.4314494,31.2359383,,normal
O1508314474,121.4313654,31.2362761,,normal
O1508314476,121.4318381,31.2368308,,normal
O1508314478,121.4329248,31.2375027,,normal
O1508314480,121.4333557,31.2374956,,normal
O1508314482,121.4350893,31.2379566,,normal
O1508314484,121.4349325,31.2380534,,normal
O1545306521,121.4334062,31.2455248,,normal
O1545306523,121.4336932,31.2457459,,normal
O1545306525,121.4335347,31.2455835,,normal
O1545396214,121.4332072,31.2455423,,normal
O1545396217,121.4333399,31.2455228,,normal
O1545396272,121.4322981,31.2454057,,normal
O1545396274,121.4293867,31.2448799,,normal
O1545396275,121.4290827,31.2446975,,normal
O1545396279,121.4287487,31.2438671,,normal
O1545396281,121.4291161,31.2429936,,normal
O1545396284,121.4292097,31.2427262,,normal
O1545396289,121.428747,31.244198,,normal
O1545396290,121.4288624,31.2444598,,normal
O1545396291,121.429226,31.2447992,,normal
O1545396292,121.428779,31.2437401,,normal
O1545396294,121.4293501,31.2423012,,normal
O1545396295,121.4295958,31.2418525,,normal
O1545396296,121.4294639,31.2421015,,normal
O1545411589,121.4297149,31.2415803,,normal
O1545411591,121.4304134,31.2393668,,normal
O1545411592,121.4304258,31.2392999,,normal
O1545411593,121.4304202,31.2392366,,normal
O1545411594,121.4303564,31.2391341,,normal
O1545411596,121.4291379,31.2383624,,normal
O1545411598,121.4290808,31.2383175,,normal
O1545411599,121.4291792,31.2383872,,normal
O1545411604,121.4286024,31.2381128,,normal
O1545411605,121.4282312,31.2380058,,normal
O1545411607,121.4276188,31.2376424,,normal
O1545411608,121.427379,31.2374295,,normal
O1545411609,121.4267912,31.2370723,,normal
O1545411610,121.4263668,31.2369364,,normal
O1545411611,121.4337551,31.2459445,,normal
O1545411613,121.433696,31.2463365,,normal
O1545411614,121.4337473,31.2460493,,normal
O1545411615,121.4334773,31.2492067,,normal
O1545411616,121.4335177,31.2493314,,normal
O1545411617,121.4335852,31.2494585,,normal
O1545411625,121.4335426,31.2493857,,normal
O1545411626,121.4343512,31.2498266,,normal
O1545411627,121.4345285,31.2498153,,normal
O1545411628,121.4346933,31.2497872,,normal
O1545411629,121.4355535,31.2494642,,normal
O1545411630,121.4365392,31.2487618,,normal
O1545411634,121.4366468,31.2487101,,normal
O1545411635,121.4359041,31.2492264,,normal
O1545433386,121.4319604,31.2519302,,normal
O1545433388,121.432057,31.2519538,,normal
O1545433389,121.4316567,31.2526574,,normal
O1545433391,121.4315992,31.2527754,,normal
O1545433392,121.4319053,31.2522966,,normal
O1545433393,121.4318214,31.2524977,,normal
O1545433394,121.4316083,31.2530441,,normal
O1545433395,121.4315686,31.2531797,,normal
O1545433397,121.4306937,31.2553187,,normal
O1545433399,121.4307239,31.2551683,,normal
O1545433401,121.4308107,31.2551795,,normal
O1545433402,121.4307749,31.2549985,,normal
O1545433404,121.4308561,31.2550129,,normal
O1545433405,121.4311657,31.2541976,,normal
O1545433406,121.43067,31.2558935,,normal
O1545433407,121.4307608,31.2558858,,normal
O1545433423,121.4311067,31.2538938,,normal
O1545433424,121.4306987,31.2550016,,normal
O1545433425,121.4306476,31.2551837,,normal
O1545433426,121.4306137,31.255347,,normal
O1545433428,121.4305953,31.2555183,,normal
O1545433429,121.4305892,31.2557027,,normal
O1545433430,121.430697,31.2575568,,normal
O1545433431,121.4312368,31.2540729,,normal
O1545433433,121.4312298,31.2542204,,normal
O1545433435,121.4309197,31.2550365,,normal
O1545433436,121.4308709,31.2552057,,normal
O1545433437,121.430843,31.255357,,normal
O1545433438,121.4308244,31.2555302,,normal
O1545433439,121.4308175,31.2557054,,normal
O1545433441,121.4309098,31.257537,,normal
O1545433442,121.4318111,31.253966,,normal
O1545433444,121.4319564,31.2540584,,normal
O1545433445,121.4321444,31.254168,,normal
O1545433446,121.4325524,31.254461,,normal
O1545433447,121.4328198,31.2547197,,normal
O1545433448,121.4330535,31.2550132,,normal
O1545433449,121.4332121,31.2552426,,normal
O1545433451,121.4333011,31.2553655,,normal
O1545433452,121.4333698,31.2554464,,normal
O1545433453,121.4334361,31.2554998,,normal
O1545433454,121.4336829,31.2556142,,normal
O1545433455,121.4337895,31.2556364,,normal
O1545433456,121.433891,31.2556479,,normal
O1545564498,121.4335126,31.2555458,,normal
O1545564506,121.4342735,31.2556569,,normal
O1545568866,121.4263286,31.2464477,,normal
O1545568867,121.4261882,31.2466604,,normal
O1545568868,121.4260828,31.2468001,,normal
O1545568869,121.4260094,31.246905,,normal
O1545568909,121.4260175,31.2467594,,normal
O1545568911,121.4262559,31.2464156,,normal
O1545568913,121.4261906,31.2465144,,normal
O1545568916,121.4261078,31.2466283,,normal
O1545579041,121.4223574,31.2526574,,normal
O1545579043,121.4224151,31.2526778,,normal
O1545579045,121.4222725,31.2528762,,normal
O1545579053,121.422329,31.2529059,,normal
O1545579055,121.4221963,31.2531721,,normal
O1545579058,121.4222554,31.2531775,,normal
O1545579149,121.4220002,31.2544105,,normal
O1545579150,121.4219596,31.2546728,,normal
O1545579151,121.4219126,31.2550624,,normal
O1545579152,121.4220785,31.2544124,,normal
O1545579153,121.4218701,31.255449,,normal
O1545579159,121.4220428,31.2546919,,normal
O1545579169,121.4219986,31.2550632,,normal
O1545579170,121.4219965,31.255184,,normal
O1545579182,121.4219712,31.2554543,,normal
O1545579190,121.4219418,31.2557392,,normal
O1545579207,121.4265849,31.2555366,,normal
O1545579209,121.4223012,31.2527873,,normal
O1545579211,121.4223665,31.2527921,,normal
O1545579218,121.430845,31.2562501,,normal
O1545579219,121.4306215,31.2562576,,normal
O1545579220,121.4289687,31.2562938,,normal
O1545579222,121.4287411,31.2562881,,normal
O1545579226,121.4285183,31.2562629,,normal
O1545579228,121.4281773,31.2561837,,normal
O1545579230,121.4271685,31.2558092,,normal
O1545748728,121.4265062,31.2516197,,normal
O1545748732,121.4263753,31.2517832,,normal
O1545748735,121.4243431,31.2541502,,normal
O1545758053,121.4242305,31.2542976,,normal
O1545758056,121.4241296,31.2544495,,normal
O1545758057,121.4240505,31.2546036,,normal
O1545758063,121.4240041,31.2547601,,normal
O1545758066,121.4239796,31.2549235,,normal
O1545758068,121.4239769,31.255213,,normal
O1545758071,121.4241913,31.2569729,,normal
O1545758073,121.4242475,31.2570617,,normal
O1545758074,121.4243274,31.257134,,normal
O1545758075,121.4244177,31.2571665,,normal
O1545758076,121.4245409,31.2571738,,normal
O1545758077,121.4246625,31.2571644,,normal
O1545758085,121.4276618,31.256835,,normal
O1545758089,121.4278717,31.2567881,,normal
O1545758091,121.4280135,31.2567272,,normal
O1545758092,121.4281198,31.2566524,,normal
O1545758093,121.4281982,31.2565515,,normal
O1545758094,121.4283171,31.2562232,,normal
O1545758116,121.4287367,31.2540986,,normal
O1545758118,121.4287838,31.2538775,,normal
O1545758119,121.4289013,31.2536478,,normal
O1545758122,121.4296575,31.2526853,,normal
O1545758154,121.4257326,31.2525357,,normal
O1545758155,121.4269631,31.2532846,,normal
O1545758156,121.4273168,31.2534817,,normal
O1545758158,121.4279638,31.2537826,,normal
O1548530709,121.4364967,31.2307153,,normal
O1548530712,121.4365363,31.2306023,,normal
O1548530714,121.4361325,31.2311747,,normal
O1548530715,121.4356853,31.231685,,normal
O1562115876,121.4775518,31.2200534,,normal
O1562117598,121.482171,31.2254075,,normal
O1562117599,121.4816129,31.2246797,,normal
O1562117605,121.481247,31.2245662,,normal
O1563370106,121.4812477,31.2232242,,normal
O1563370132,121.481365,31.2224798,,normal
O1563370150,121.4814107,31.2221403,,normal
O1563370154,121.4811937,31.223453,,normal
O1565169788,121.4620804,31.231256,,normal
O1572267371,121.4795376,31.2197797,,normal
O1572268640,121.4783813,31.2175089,,normal
O1572270866,121.4770471,31.2208149,,normal
O1572270881,121.4775187,31.2213503,,normal
O1572270908,121.4748056,31.2215433,,normal
O1572270933,121.4717456,31.2205539,,normal
O1572270946,121.4716651,31.2191337,,normal
O1572270954,121.4753023,31.2235634,,normal
O1572270958,121.4717777,31.2199067,,normal
O1572270960,121.4716485,31.2184545,,normal
O1572270961,121.4722516,31.2224583,,normal
O1572275730,121.46333,31.2115284,,normal
O1572275750,121.4629216,31.2127203,,normal
O1572275987,121.4652044,31.2139012,,normal
O1572276014,121.463872,31.2145183,,normal
O1572276016,121.4653852,31.2132752,,normal
O1572280924,121.456399,31.225571,,normal
O1572281563,121.4716314,31.2265205,,normal
O1572281567,121.4720952,31.2265736,,normal
O1572281575,121.4714087,31.226398,,normal
O1572281623,121.4704503,31.2260225,,normal
O1572286482,121.4773022,31.2254717,,normal
O1572286483,121.4784659,31.2260576,,normal
O1572286521,121.4785627,31.2258434,,normal
O1572286538,121.4735745,31.2249659,,normal
O1572553784,121.4541932,31.2272268,,normal
O1572553824,121.4554191,31.2274957,,normal
O1572553924,121.4559829,31.2278063,,normal
O1573510971,121.4811539,31.2436566,,normal
O1573511027,121.4814287,31.2436765,,normal
O1573535304,121.4710593,31.2406035,,normal
O1573535314,121.4760217,31.2449062,,normal
O1573535369,121.4740806,31.2377011,,normal
O1573535372,121.4755891,31.2411643,,normal
O1573535374,121.4758931,31.2445721,,normal
O1573535376,121.4760227,31.2441654,,normal
O1573535387,121.4765164,31.2402936,,normal
O1573535400,121.476072,31.2439628,,normal
O1573535406,121.4748102,31.2410947,,normal
O1573535408,121.4717268,31.2434256,,normal
O1573781748,121.4808777,31.2274505,,normal
O1573781768,121.4801512,31.2258897,,normal
O1573839153,121.4423836,31.2249856,,normal
O1573839154,121.4425188,31.2393886,,normal
O1573839155,121.438164,31.2405947,,normal
O1573839157,121.4463619,31.2428605,,normal
O1573839158,121.4370484,31.2400623,,normal
O1573839160,121.4378557,31.2353498,,normal
O1573839162,121.4404695,31.2255389,,normal
O1573839164,121.4426592,31.2335887,,normal
O1573839165,121.4419824,31.2346871,,normal
O1573839175,121.4404317,31.2254347,,normal
O1573839179,121.4404644,31.2381132,,normal
O1573839180,121.4464651,31.2297521,,normal
O1573839183,121.4405747,31.2342543,,normal
O1573839188,121.4371242,31.2398884,,normal
O1573839190,121.4445821,31.2260312,,normal
O1573839192,121.4386147,31.2409122,,normal
O1573839193,121.4468669,31.2417583,,normal
O1573839194,121.4313903,31.2326992,,normal
O1573839196,121.4375023,31.2401448,,normal
O1573839197,121.431865,31.2323853,,normal
O1573839199,121.4476663,31.2390051,,normal
O1573839201,121.4461667,31.2388623,,normal
O1573839208,121.4392772,31.24147,,normal
O1573839210,121.4360858,31.2389355,,normal
O1573839212,121.4423644,31.2248849,,normal
O1573839215,121.4380649,31.24075,,normal
O1573839217,121.4359075,31.238144,,normal
O1573839220,121.4388844,31.2357793,,normal
O1573839222,121.4372316,31.2362741,,normal
O1573839224,121.4393702,31.2359008,,normal
O1573839227,121.4406605,31.2416801,,normal
O1573839229,121.4462167,31.2301406,,normal
O1573839230,121.4435604,31.2398717,,normal
O1573839232,121.435568,31.2386593,,normal
O1573839235,121.4431997,31.2231983,,normal
O1573839237,121.4354227,31.2353185,,normal
O1573839244,121.4424152,31.2339646,,normal
O1573839246,121.443047,31.2437785,,normal
O1573839248,121.4389497,31.2411715,,normal
O1573839249,121.442141,31.2391635,,normal
O1573839251,121.4366986,31.2397321,,normal
O1575913101,121.4841837,31.2090743,,normal
O1576344477,121.4705744,31.2092414,,normal
O1576344584,121.4669391,31.2075043,,normal
O1576344588,121.4701854,31.2079339,,normal
O1576344742,121.4708891,31.2087981,,normal
O1576353686,121.4828723,31.2113688,,normal
O1576353688,121.476134,31.2104163,,normal
O1576353689,121.4675153,31.205,,normal
O1576353692,121.4710258,31.2060506,,normal
O1576353698,121.4706945,31.2058225,,normal
O1576353700,121.4581765,31.2040615,,normal
O1576353701,121.4799842,31.2078419,,normal
O1576353702,121.4708881,31.2059309,,normal
O1576353703,121.4766308,31.2089386,,normal
O1576353706,121.4780057,31.2096045,,normal
O1576353707,121.4814089,31.2058479,,normal
O1576353711,121.4713136,31.2060203,,normal
O1576353715,121.4721389,31.2083388,,normal
O1576353716,121.4759052,31.2114889,,normal
O1576353720,121.481136,31.2111914,,normal
O1576353721,121.4798603,31.2106677,,normal
O1576353724,121.4674605,31.2049279,,normal
O1576353726,121.4795697,31.2102961,,normal
O1576353727,121.4712172,31.2058985,,normal
O1576353729,121.4798668,31.2050058,,normal
O1576353730,121.4753522,31.2075174,,normal
O1576353731,121.4696959,31.205416,,normal
O1576353733,121.4763053,31.2094425,,normal
O1576354798,121.4681309,31.2097524,,normal
O1576354799,121.4558371,31.2197308,,normal
O1576354800,121.4522439,31.2157747,,normal
O1576354801,121.4524554,31.216286,,normal
O1576354803,121.4465755,31.2111028,,normal
O1576354805,121.4621697,31.22285,,normal
O1576354806,121.4586972,31.220351,,normal
O1576354807,121.4559256,31.2215248,,normal
O1576354811,121.4604127,31.2201953,,normal
O1576354812,121.4571235,31.2215053,,normal
O1576354813,121.4526407,31.2206635,,normal
O1576354815,121.4490636,31.213654,,normal
O1576354816,121.4493207,31.218915,,normal
O1576354821,121.4544676,31.2203248,,normal
O1576354822,121.4568414,31.2180867,,normal
O1576354825,121.44874,31.2225652,,normal
O1576354826,121.4656279,31.2215387,,normal
O1576354827,121.4619283,31.221026,,normal
O1576354828,121.4520619,31.2155661,,normal
O1576354829,121.455471,31.2213617,,normal
O1576354832,121.4596637,31.2205676,,normal
O1576354833,121.4517501,31.2153384,,normal
O1576354834,121.4612555,31.2116034,,normal
O1576354835,121.4532656,31.2208454,,normal
O1576354836,121.4551024,31.221264,,normal
O1576354837,121.449631,31.2190691,,normal
O1580625972,121.4720537,31.2107231,,normal
O1582414231,121.4606598,31.2194835,,normal
O1582414234,121.4605911,31.2196743,,normal
O1584401131,121.4843142,31.2532199,,normal
O1584401132,121.4846617,31.2534393,,normal
O1584401133,121.4847599,31.2535044,,normal
O1588112396,121.438353,31.2255053,,normal
O1608848499,121.4309364,31.2292123,,normal
O1608848502,121.4311422,31.2292074,,normal
O1608848504,121.4308176,31.2295203,,normal
O1608848506,121.4308456,31.2296832,,normal
O1608848508,121.4309178,31.2298379,,normal
O1608848514,121.4349241,31.2308566,,normal
O1608848515,121.43479,31.2308664,,normal
O1608883755,121.4427396,31.2293035,,normal
O1609088893,121.4836115,31.2149424,,normal
O1609088897,121.4828619,31.2170894,,normal
O1609088898,121.4829509,31.2171524,,normal
O1609088904,121.483181,31.2173652,,normal
O1614360253,121.4091781,31.2180261,,normal
O1614360258,121.4076106,31.2184196,,normal
O1614360259,121.4057487,31.2185354,,normal
O1614360260,121.4057947,31.2187215,,normal
O1614360261,121.4058232,31.2188311,,normal
O1614360263,121.4058454,31.2189495,,normal
O1614360264,121.4077782,31.2190464,,normal
O1614360266,121.4059003,31.2191912,,normal
O1614360267,121.4059243,31.2193578,,normal
O1614360269,121.4059425,31.2195018,,normal
O1614360278,121.4060475,31.2198057,,normal
O1614360279,121.4060697,31.2199208,,normal
O1614360281,121.4060833,31.2200773,,normal
O1614360282,121.4061743,31.2207787,,normal
O1614360284,121.4061943,31.2208669,,normal
O1614360285,121.4062378,31.220932,,normal
O1614360286,121.4063041,31.2209735,,normal
O1614402253,121.4204754,31.1989042,,normal
O1614402256,121.4203867,31.1991044,,normal
O1614402258,121.4203153,31.1993144,,normal
O1614402282,121.4186808,31.2047871,,normal
O1614402284,121.4180318,31.2050702,,normal
O1614402285,121.4179847,31.2051563,,normal
O1614402289,121.4189628,31.2053083,,normal
O1614402293,121.4190013,31.20539,,normal
O1614402294,121.4165256,31.2053969,,normal
O1614402295,121.4178557,31.2054517,,normal
O1614402296,121.4189856,31.2055189,,normal
O1614402302,121.418263,31.2055776,,normal
O1614402303,121.4174163,31.2055821,,normal
O1614402304,121.4180206,31.2056069,,normal
O1614402305,121.4178113,31.2056153,,normal
O1614402308,121.4177943,31.2057872,,normal
O1614402309,121.4176361,31.2057909,,normal
O1621812413,121.4310208,31.2543524,,normal
O1621812415,121.4310999,31.254371,,normal
O1621812417,121.4405906,31.2584171,,normal
O1627091364,121.4499263,31.2399793,,normal
O1627091365,121.4498854,31.2400006,,normal
O1627091366,121.4503997,31.2401601,,normal
O1627091368,121.4504102,31.24021,,normal
O1627091370,121.4514337,31.2406668,,normal
O1627091375,121.4520359,31.240899,,normal
O1627091378,121.4523035,31.2409458,,normal
O1627091380,121.459913,31.2460694,,normal
O1627091384,121.4598813,31.2463479,,normal
O1627091387,121.4598664,31.2464884,,normal
O1627091389,121.4557756,31.2470824,,normal
O1627091391,121.4598106,31.2472038,,normal
O1627091392,121.4597983,31.2473102,,normal
O1627091393,121.4523257,31.247335,,normal
O1627091395,121.4597821,31.2474135,,normal
O1627091396,121.4573884,31.2474647,,normal
O1627091397,121.4560556,31.2474979,,normal
O1627091398,121.459766,31.2474912,,normal
O1627091399,121.4561844,31.2475495,,normal
O1627091400,121.4597498,31.2475445,,normal
O1627091401,121.4574522,31.2475234,,normal
O1627091402,121.4597238,31.2475999,,normal
O1627091403,121.4601999,31.2476285,,normal
O1627091404,121.4575868,31.247614,,normal
O1627091405,121.4576532,31.2476441,,normal
O1627091406,121.4596898,31.247664,,normal
O1627091408,121.4536123,31.2484097,,normal
O1627091410,121.4535526,31.2486142,,normal
O1627091413,121.4588809,31.2506694,,normal
O1627091414,121.4588589,31.2507991,,normal
O1627091415,121.4604387,31.2514804,,normal
O1627091416,121.4598395,31.2514981,,normal
O1627091418,121.4588685,31.2516908,,normal
O1627091419,121.4588787,31.2519007,,normal
O1627091420,121.459151,31.25314,,normal
O1627091421,121.4591939,31.2533421,,normal
O1627091422,121.4592297,31.2534643,,normal
O1627091423,121.4593027,31.2536591,,normal
O1627091424,121.4593793,31.2538383,,normal
O1627091425,121.4594051,31.2539478,,normal
O1627091426,121.4594691,31.2579263,,normal
O1627091427,121.4594617,31.2580587,,normal
O1627091428,121.4594412,31.2581917,,normal
O1627091429,121.459408,31.2583357,,normal
O1632904377,121.4791549,31.2390035,,normal
O1632904379,121.4791683,31.2391632,,normal
O1632904382,121.4800838,31.2394088,,normal
O1632904383,121.4789825,31.239553,,normal
O1632904384,121.4788636,31.2395924,,normal
O1632904385,121.4789431,31.2396799,,normal
O1632904386,121.4788374,31.2396967,,normal
O1632904387,121.4790091,31.2397701,,normal
O1632904388,121.4787609,31.2407773,,normal
O1632904389,121.4788182,31.2409264,,normal
O1632904390,121.4788264,31.2409839,,normal
O1632904391,121.4788315,31.2413626,,normal
O1632904392,121.4789327,31.2413625,,normal
O1632904393,121.4788212,31.2414669,,normal
O1632904394,121.4789264,31.2414864,,normal
O1632904395,121.4790364,31.2414889,,normal
O1632904396,121.4787924,31.2416663,,normal
O1632904397,121.4790018,31.2416905,,normal
O1632904398,121.4788824,31.2417293,,normal
O1632904399,121.4787409,31.2419038,,normal
O1632904400,121.4788306,31.2419229,,normal
O1632904401,121.4787326,31.2420468,,normal
O1632904402,121.4788872,31.2420676,,normal
O1632908821,121.4788933,31.2395056,,normal
O1632908822,121.4790453,31.2395619,,normal
O1632908823,121.4790408,31.239876,,normal
O1632952255,121.462861,31.2521894,,normal
O1632952262,121.4644709,31.2522019,,normal
O1632952263,121.4647122,31.2522256,,normal
O1632952265,121.4597852,31.2522472,,normal
O1632952281,121.4603416,31.2522282,,normal
O1632952283,121.4587282,31.2523179,,normal
O1632952285,121.4654102,31.2523394,,normal
O1632952288,121.4656598,31.2523864,,normal
O1632952290,121.4571579,31.2524758,,normal
O1632952292,121.4568851,31.2524862,,normal
O1632952310,121.450668,31.2526484,,normal
O1632952315,121.4505679,31.2527178,,normal
O1632952318,121.467016,31.2526858,,normal
O1632952320,121.4507189,31.2527639,,normal
O1632952322,121.4671349,31.2527976,,normal
O1632952324,121.4680039,31.2528879,,normal
O1632952326,121.4500083,31.2529448,,normal
O1632952327,121.449965,31.252972,,normal
O1632952335,121.4671392,31.2529736,,normal
O1632952338,121.4671482,31.2531568,,normal
O1632952341,121.4671469,31.2532904,,normal
O1632952344,121.4695215,31.2533521,,normal
O1632952348,121.4671344,31.2534266,,normal
O1632952351,121.4699177,31.2535269,,normal
O1632952355,121.4700368,31.2535862,,normal
O1632952358,121.4701363,31.2536388,,normal
O1632952364,121.4704682,31.2537764,,normal
O1632952366,121.4705594,31.2538292,,normal
O1632952368,121.4711381,31.2542271,,normal
O1632952370,121.4714302,31.2543035,,normal
O1632952372,121.4710732,31.2543926,,normal
O1632952374,121.4720415,31.2547211,,normal
O1632952376,121.4722231,31.2548603,,normal
O1632952378,121.4725934,31.2551683,,normal
O1632952380,121.4710321,31.2557805,,normal
O1632952384,121.4710343,31.2559198,,normal
O1632952385,121.4710454,31.2561019,,normal
O1632952386,121.4710373,31.2561733,,normal
O1640516456,121.4591659,31.2500498,,normal
O1640516470,121.4590119,31.2502874,,normal
O1640516471,121.4592785,31.2503505,,normal
O1640516472,121.4589747,31.2503677,,normal
O1640516474,121.4592414,31.2504245,,normal
O1640516476,121.4589391,31.250463,,normal
O1640516478,121.459209,31.2505108,,normal
O1640516480,121.4589061,31.2505661,,normal
O1640516483,121.4591755,31.2506043,,normal
O1640516485,121.4591504,31.2507029,,normal
O1640516487,121.4591253,31.2508292,,normal
O1640516489,121.4591097,31.2509473,,normal
O1640516491,121.459087,31.2512821,,normal
O1640516496,121.4590683,31.251396,,normal
O1640516498,121.4588198,31.2514059,,normal
O1640516500,121.4590332,31.2515107,,normal
O1640516501,121.4590013,31.2515953,,normal
O1640516504,121.4588557,31.2515999,,normal
O1640516506,121.4589913,31.2516848,,normal
O1640516508,121.4590081,31.2519003,,normal
O1640516510,121.4590284,31.2520862,,normal
O1640516512,121.4590587,31.2522939,,normal
O1640516514,121.4590858,31.2524502,,normal
O1640516517,121.4589515,31.2524617,,normal
O1640522812,121.4601474,31.248931,,normal
O1640522820,121.4600404,31.2489896,,normal
O1640522821,121.4599561,31.2490585,,normal
O1640522822,121.4598908,31.2491364,,normal
O1640522823,121.459846,31.2492287,,normal
O1640522824,121.4598203,31.2493097,,normal
O1640522825,121.4594916,31.2493727,,normal
O1640522826,121.4597797,31.2494841,,normal
O1640522827,121.4594461,31.2495175,,normal
O1640522828,121.4594605,31.2495576,,normal
O1640522829,121.459415,31.2496819,,normal
O1640522837,121.4597153,31.2496816,,normal
O1640522839,121.4593276,31.2498402,,normal
O1640522841,121.4596308,31.2498764,,normal
O1640522842,121.4592749,31.2499194,,normal
O1640522844,121.4590702,31.2501806,,normal
O1640522845,121.4593644,31.25021,,normal
O1640537477,121.4596778,31.2537155,,normal
O1640537479,121.4594366,31.2537294,,normal
O1640556943,121.4517786,31.2557593,,normal
O1640556945,121.451762,31.2558339,,normal
O1640556946,121.4517366,31.2558674,,normal
O1640556949,121.4515859,31.2560376,,normal
O1640556951,121.4515672,31.2560681,,normal
O1640556954,121.4515621,31.2561074,,normal
O1640556956,121.4528331,31.257102,,normal
O1640556969,121.4529858,31.2572274,,normal
O1640556970,121.4531305,31.2573693,,normal
O1640556971,121.4533882,31.2576181,,normal
O1640556972,121.4534966,31.2577167,,normal
O1640556973,121.454904,31.2577268,,normal
O1640556974,121.4536084,31.2577948,,normal
O1640556975,121.4536829,31.2578251,,normal
O1640556976,121.4537659,31.2578439,,normal
O1640556977,121.4539045,31.2578534,,normal
O1640556978,121.4548092,31.2580654,,normal
O1640556984,121.4544823,31.2583433,,normal
O1640556988,121.454765,31.2583079,,normal
O1640556991,121.45454,31.2583998,,normal
O1640556994,121.4545975,31.2584447,,normal
O1640556995,121.4546771,31.2584852,,normal
O1641955345,121.4638905,31.2523069,,normal
O1641955349,121.4641471,31.2523057,,normal
O1641955350,121.4643952,31.2523151,,normal
O1641955352,121.4635507,31.2523268,,normal
O1641955354,121.462556,31.2523421,,normal
O1641955357,121.4634658,31.2523297,,normal
O1641955359,121.4628833,31.2523341,,normal
O1641955361,121.4647061,31.2523348,,normal
O1641955364,121.4617092,31.2523633,,normal
O1641955365,121.4648633,31.2523509,,normal
O1641955366,121.4651369,31.2523875,,normal
O1641955373,121.4599514,31.2524037,,normal
O1641955376,121.4603798,31.2523902,,normal
O1641955378,121.459298,31.2524321,,normal
O1641955380,121.4653949,31.2524244,,normal
O1641955382,121.4587301,31.2524806,,normal
O1641955384,121.465515,31.252446,,normal
O1641955386,121.4574672,31.2526065,,normal
O1641955387,121.4571645,31.2526337,,normal
O1641955389,121.4561986,31.2526786,,normal
O1641955390,121.45581,31.2526893,,normal
O1641955391,121.4553703,31.2527131,,normal
O1641955393,121.4551111,31.2527239,,normal
O1641955402,121.4540862,31.2527549,,normal
O1641955404,121.4506168,31.2527754,,normal
O1641955406,121.4669767,31.2527682,,normal
O1641955408,121.4514239,31.2528227,,normal
O1641955409,121.451253,31.2528243,,normal
O1641955410,121.4520066,31.2528283,,normal
O1641955411,121.4518047,31.2528253,,normal
O1641955412,121.4507387,31.252857,,normal
O1641955413,121.4673265,31.252831,,normal
O1641955414,121.4671342,31.2528318,,normal
O1641955415,121.4506305,31.252869,,normal
O1641955424,121.4504967,31.25289,,normal
O1641955426,121.4503343,31.2529219,,normal
O1641955428,121.4676744,31.2529045,,normal
O1641955429,121.4500255,31.2529788,,normal
O1641955430,121.4678255,31.252942,,normal
O1641955432,121.449836,31.2530146,,normal
O1641955433,121.4679835,31.2529839,,normal
O1641955434,121.4496199,31.2530962,,normal
O1641955435,121.4684982,31.2531108,,normal
O1641955436,121.4492776,31.2532267,,normal
O1641955438,121.4718957,31.253206,,normal
O1641955441,121.4688386,31.2532143,,normal
O1641955449,121.4689926,31.2532624,,normal
O1641955450,121.4692373,31.2533445,,normal
O1641955451,121.4717772,31.2533606,,normal
O1641955452,121.4694814,31.2534425,,normal
O1641955453,121.4715762,31.2535815,,normal
O1641955455,121.4714734,31.2536034,,normal
O1641955456,121.4698653,31.2536144,,normal
O1641955458,121.4713071,31.2536172,,normal
O1641955460,121.4712539,31.2536291,,normal
O1641955462,121.4711685,31.2536689,,normal
O1641955466,121.4702302,31.253793,,normal
O1641955473,121.4705165,31.2539145,,normal
O1641955475,121.4707799,31.2540411,,normal
O1641955478,121.4710292,31.254167,,normal
O1641955480,121.471098,31.2543087,,normal
O1641955484,121.4714122,31.254397,,normal
O1641955486,121.4715264,31.2544735,,normal
O1641955488,121.4716467,31.2545559,,normal
O1641955495,121.471971,31.2547914,,normal
O1641955498,121.4721641,31.2549377,,normal
O1641955500,121.4723264,31.255075,,normal
O1641955502,121.4725204,31.2552343,,normal
O1641955504,121.4728176,31.2553738,,normal
O1641955506,121.4727511,31.2554404,,normal
O1641955508,121.472939,31.2554801,,normal
O1641955510,121.4729394,31.2556023,,normal
O1641955512,121.4731919,31.2556873,,normal
O1641955513,121.4731495,31.2557695,,normal
O1641955514,121.4732968,31.255886,,normal
O1641955515,121.4735462,31.2559635,,normal
O1641955521,121.4734795,31.256026,,normal
O1641955523,121.4709269,31.2560439,,normal
O1641955525,121.4731878,31.2560411,,normal
O1641955527,121.4712239,31.2560677,,normal
O1641955529,121.4737443,31.2561134,,normal
O1641955531,121.471805,31.2561636,,normal
O1641955532,121.4738059,31.2561638,,normal
O1641955533,121.473689,31.2561821,,normal
O1641955534,121.473854,31.2562052,,normal
O1641955535,121.4739074,31.2562514,,normal
O1641955536,121.4737831,31.256256,,normal
O1641955537,121.4738736,31.256333,,normal
O1641955538,121.4729854,31.2563815,,normal
O1641955549,121.4744382,31.2564005,,normal
O1641955551,121.4741345,31.2564284,,normal
O1641955552,121.4729268,31.2564418,,normal
O1641955553,121.4740887,31.2565099,,normal
O1641955554,121.4742942,31.2565672,,normal
O1641955555,121.4744571,31.2567186,,normal
O1641955556,121.4741235,31.2567555,,normal
O1641955557,121.4743836,31.2567761,,normal
O1641955559,121.474663,31.25692,,normal
O1641955561,121.4728717,31.2569485,,normal
O1641955563,121.4738547,31.2569947,,normal
O1641955565,121.4747334,31.2569881,,normal
O1641955572,121.4746335,31.2570188,,normal
O1641955573,121.473792,31.2570436,,normal
O1641955574,121.4748141,31.2570888,,normal
O1641955575,121.4747313,31.2571221,,normal
O1641955577,121.4736167,31.2571565,,normal
O1641955579,121.4748798,31.2571634,,normal
O1641955581,121.473556,31.2572012,,normal
O1641955584,121.4749304,31.2572206,,normal
O1641955586,121.4748195,31.2572256,,normal
O1641955588,121.4734887,31.2572582,,normal
O1641955591,121.4749831,31.2572746,,normal
O1641955593,121.4750305,31.25732,,normal
O1641955594,121.4731965,31.257364,,normal
O1641955598,121.474978,31.2574042,,normal
O1641955600,121.473378,31.2575366,,normal
O1641955601,121.4752413,31.2575493,,normal
O1641955603,121.4751696,31.2576111,,normal
O1641955606,121.4753801,31.2577001,,normal
O1641955608,121.4735771,31.257748,,normal
O1641955610,121.4773224,31.2578133,,normal
O1641955613,121.4755043,31.2578356,,normal
O1641955616,121.4738947,31.258129,,normal
O1641955622,121.4758269,31.2581807,,normal
O1641955630,121.4758809,31.2582417,,normal
O1641955632,121.475925,31.2582949,,normal
O1641955634,121.475975,31.2583533,,normal
O1641955636,121.4764032,31.2587957,,normal
O1641955637,121.4763,31.2586914,,normal
O1666718699,121.4393539,31.2108469,,normal
O1666718700,121.4372979,31.2091489,,normal
O1666718701,121.4372872,31.2088093,,normal
O1666718702,121.4374468,31.2093915,,normal
O1684430781,121.4376145,31.2327821,,normal
O1684430784,121.4372488,31.2325971,,normal
O1695012074,121.4327146,31.2446403,,normal
O1695012075,121.4312624,31.2474892,,normal
O1695012076,121.4320886,31.2462865,,normal
O1695012077,121.4318041,31.2467737,,normal
O1695012078,121.4324161,31.245574,,normal
O1704369269,121.4075797,31.2382147,,normal
O1704369272,121.4075972,31.2383071,,normal
O1704369281,121.4076134,31.238401,,normal
O1704369301,121.4070675,31.2384736,,normal
O1704369303,121.4076259,31.2384872,,normal
O1704369305,121.4070706,31.2385591,,normal
O1704369308,121.4070638,31.2386543,,normal
O1704369310,121.4076371,31.238671,,normal
O1704369313,121.4070519,31.2387307,,normal
O1704369316,121.4062232,31.2387922,,normal
O1704369318,121.4076377,31.2387755,,normal
O1704369320,121.4068355,31.2388129,,normal
O1704369322,121.4070137,31.2388642,,normal
O1704369324,121.4063133,31.2389084,,normal
O1704369342,121.40761,31.2389507,,normal
O1704369345,121.4069722,31.2389464,,normal
O1704369348,121.4075851,31.239018,,normal
O1704369350,121.4069153,31.2390238,,normal
O1704369353,121.4064593,31.2390964,,normal
O1704369355,121.4068259,31.239109,,normal
O1704369357,121.4075178,31.2391277,,normal
O1704369359,121.4074878,31.2391727,,normal
O1704369368,121.40743,31.2392497,,normal
O1704369371,121.4065995,31.2392771,,normal
O1704369394,121.4072635,31.2394129,,normal
O1704369398,121.4063637,31.239443,,normal
O1704369411,121.4066881,31.2398136,,normal
O1704369413,121.4064272,31.2399828,,normal
O1704369417,121.406375,31.2400168,,normal
O1704369420,121.4063007,31.240065,,normal
O1704369450,121.4053535,31.2406794,,normal
O1704369475,121.4062082,31.2408126,,normal
O1710788652,121.4504272,31.239293,,normal
O1710788659,121.451704,31.2400141,,normal
O1710788660,121.4486836,31.2388245,,normal
O1720120503,121.4449989,31.2552469,,normal
O1720120505,121.4449448,31.2548442,,normal
O1720120507,121.445717,31.2564912,,normal
O1720120510,121.4460529,31.2544535,,normal
O1720120513,121.4458787,31.2555431,,normal
O1720120516,121.4455772,31.255675,,normal
O1720120519,121.445792,31.2557459,,normal
O1720120531,121.4451056,31.2550215,,normal
O1720120533,121.4459254,31.2552974,,normal
O1720120536,121.4455177,31.2564294,,normal
O1720120540,121.4452698,31.2563533,,normal
O1720122819,121.4532586,31.2377641,,normal
O1720122820,121.4513439,31.2387536,,normal
O1720122823,121.4514127,31.2390959,,normal
O1720122824,121.4524651,31.2388728,,normal
O1720122825,121.4522692,31.2392158,,normal
O1720122826,121.4521045,31.2394485,,normal
O1720122827,121.4512964,31.2392449,,normal
O1720122828,121.451683,31.2392321,,normal
O1720122830,121.4520107,31.2387683,,normal
O1720122831,121.4509183,31.2387301,,normal
O1720122832,121.4520359,31.2387326,,normal
O1720122833,121.4509594,31.2382457,,normal
O1720122834,121.4529391,31.2385275,,normal
O1720122835,121.4508667,31.2388171,,normal
O1720122836,121.4553613,31.2383912,,normal
O1720122837,121.4524216,31.238926,,normal
O1720122838,121.4519738,31.239633,,normal
O1720122839,121.4518433,31.2390051,,normal
O1720122840,121.4526122,31.2389463,,normal
O1720141490,121.4804497,31.2356373,,normal
O1720857563,121.4764767,31.2352415,,normal
O1720857632,121.4802962,31.2359121,,normal
O1721521086,121.4688754,31.2246871,,normal
O1721521087,121.4689958,31.2246914,,normal
O1721521091,121.4693916,31.2242934,,normal
O1721521097,121.469342,31.2244588,,normal
O1721521098,121.4674436,31.2268201,,normal
O1721521105,121.4645918,31.223955,,normal
O1721521108,121.4697324,31.223852,,normal
O1721521114,121.4672689,31.2276368,,normal
O1721521117,121.467323,31.227242,,normal
O1721521123,121.4677189,31.2261827,,normal
O1721521125,121.4684717,31.2250782,,normal
O1721527680,121.4736152,31.2261894,,normal
O1721530565,121.4661237,31.2237475,,normal
O1721530566,121.4670483,31.2237421,,normal
O1721530568,121.4675891,31.2238378,,normal
O1721530569,121.4665659,31.2237277,,normal
O1721530571,121.467047,31.2238545,,normal
O1721530572,121.4641968,31.223883,,normal
O1721530573,121.4656313,31.2237759,,normal
O1721530576,121.4634336,31.2239033,,normal
O1721531085,121.4674582,31.2265161,,normal
O1721531089,121.4672147,31.2273841,,normal
O1721531093,121.4672924,31.227019,,normal
O1721531126,121.4677324,31.2259646,,normal
O1721531134,121.4679503,31.2256508,,normal
O1721531795,121.4714397,31.2217107,,normal
O1721531798,121.4707766,31.2228305,,normal
O1721531799,121.4711014,31.2223856,,normal
O1721531804,121.4711954,31.222212,,normal
O1721531808,121.4715462,31.2214292,,normal
O1721531811,121.4709958,31.2225557,,normal
O1721533833,121.4715071,31.2218228,,normal
O1721533835,121.4713615,31.2221139,,normal
O1721533837,121.4708314,31.2229049,,normal
O1721533839,121.4713182,31.2219879,,normal
O1722215093,121.4912639,31.2344787,,normal
O1723066743,121.4622647,31.2431136,,normal
O1723066744,121.4596227,31.2458656,,normal
O1723066745,121.4624351,31.2425093,,normal
O1723066748,121.4622744,31.2447629,,normal
O1723066750,121.4628436,31.2421531,,normal
O1723066757,121.462341,31.2439429,,normal
O1723066758,121.462182,31.2437884,,normal
O1723066763,121.462471,31.2419918,,normal
O1723066766,121.4625896,31.2425769,,normal
O1723083538,121.4599171,31.2458092,,normal
O1723083542,121.4636024,31.2447428,,normal
O1723083553,121.4645758,31.2445034,,normal
O1723083567,121.4632805,31.2417371,,normal
O1723083573,121.4626065,31.2415902,,normal
O1723083588,121.4622314,31.2445076,,normal
O1723083593,121.4640326,31.244765,,normal
O1723083625,121.4632817,31.2481713,,normal
O1723083640,121.4646185,31.2446496,,normal
O1723083644,121.4623884,31.2444725,,normal
O1723083646,121.4630251,31.2475401,,normal
O1723083648,121.4629673,31.2472924,,normal
O1723083652,121.4632615,31.250424,,normal
O1723083657,121.4622351,31.2429488,,normal
O1723083658,121.4597446,31.2461014,,normal
O1723083671,121.4626232,31.2463348,,normal
O1723132672,121.4629395,31.2589154,,normal
O1723132677,121.463708,31.2568332,,normal
O1723132702,121.4627473,31.2592479,,normal
O1723132751,121.4630542,31.2586678,,normal
O1723200818,121.4630206,31.2589658,,normal
O1723200819,121.4625598,31.259696,,normal
O1728704350,121.4743418,31.2353391,,normal
O1728704351,121.4747759,31.2342809,,normal
O1728704353,121.4747237,31.2341162,,normal
O1728704354,121.4742292,31.2352791,,normal
O1729306105,121.4819052,31.2357054,,normal
O1730217993,121.4359694,31.2161924,,normal
O1730217996,121.4385838,31.2178448,,normal
O1730217998,121.4426168,31.2195656,,normal
O1730218000,121.4414881,31.2193561,,normal
O1730218002,121.4339936,31.2146776,,normal
O1730218005,121.4363753,31.216665,,normal
O1730218026,121.4396736,31.2188964,,normal
O1730218037,121.4339268,31.2147677,,normal
O1730218044,121.4342228,31.2151046,,normal
O1730218046,121.4409986,31.219393,,normal
O1730218049,121.4403634,31.2191152,,normal
O1730218059,121.4425462,31.2196718,,normal
O1730218062,121.4386627,31.2180492,,normal
O1730218064,121.4380308,31.2174629,,normal
O1730218066,121.4368272,31.2167684,,normal
O1730919684,121.4742168,31.229777,,normal
O1752624064,121.4036072,31.2208849,,normal
O1752624065,121.4041121,31.2209275,,normal
O1752624068,121.4048808,31.2210589,,normal
O1752699947,121.4211152,31.234647,,normal
O1752699948,121.4214361,31.2347724,,normal
O1752699949,121.4225852,31.2352036,,normal
O1752699950,121.4228303,31.2353055,,normal
O1752699951,121.4224847,31.2353772,,normal
O1752699952,121.4228611,31.2355406,,normal
O1752699953,121.4219585,31.2356596,,normal
O1752699954,121.4218505,31.2358264,,normal
O1752699955,121.4225033,31.2359195,,normal
O1752699956,121.4224975,31.235928,,normal
O1752699957,121.4227232,31.235979,,normal
O1752699958,121.422697,31.2360193,,normal
O1752699959,121.422402,31.2360684,,normal
O1752699960,121.4223895,31.2360869,,normal
O1752699961,121.4231871,31.2361986,,normal
O1752699962,121.4231641,31.2362334,,normal
O1752699963,121.4234511,31.2363688,,normal
O1752699964,121.423063,31.2363873,,normal
O1752699965,121.4230586,31.236394,,normal
O1752699966,121.423339,31.2365231,,normal
O1752699967,121.4234639,31.2369019,,normal
O1752699968,121.4236968,31.23704,,normal
O1752699969,121.4242209,31.2374227,,normal
O1781673986,121.4813879,31.2512248,,normal
O1781673988,121.4789483,31.2505921,,normal
O1781674008,121.4798143,31.2497197,,normal
O1782387987,121.4080316,31.2382768,,normal
O1782387989,121.4081166,31.2384593,,normal
O1782387991,121.408143,31.2386497,,normal
O1782387993,121.4082935,31.2387717,,normal
O1782387996,121.4076293,31.2388566,,normal
O1782387997,121.4081202,31.2389117,,normal
O1782387998,121.4082162,31.2391349,,normal
O1782387999,121.4080557,31.2391465,,normal
O1782388000,121.4073738,31.2393125,,normal
O1782388002,121.4080998,31.2393558,,normal
O1782388004,121.4073141,31.2393703,,normal
O1782388006,121.4078948,31.2393938,,normal
O1782388008,121.4079595,31.2395443,,normal
O1782388010,121.40768,31.239661,,normal
O1782388014,121.4077535,31.2397447,,normal
O1782388016,121.4074085,31.2412091,,normal
O1782388017,121.4075441,31.2414074,,normal
O1782388018,121.4075769,31.241471,,normal
O1782388019,121.4077148,31.2417384,,normal
O1782388020,121.4079029,31.2419573,,normal
O1782392987,121.4070386,31.2387921,,normal
O1782392988,121.4076225,31.2389003,,normal
O1782392989,121.4068731,31.2390695,,normal
O1782392990,121.4067102,31.2391957,,normal
O1782392991,121.4065331,31.2393238,,normal
O1782392992,121.4072111,31.2394527,,normal
O1782392993,121.4063348,31.2394633,,normal
O1782392994,121.4070453,31.2395761,,normal
O1782392995,121.406174,31.2395608,,normal
O1782392996,121.4068645,31.2396991,,normal
O1782392997,121.4075072,31.2397886,,normal
O1782392998,121.4073328,31.2399024,,normal
O1782392999,121.4065067,31.2399313,,normal
O1782393000,121.4071513,31.240024,,normal
O1782393001,121.406975,31.2401412,,normal
O1782393002,121.4067906,31.2402541,,normal
O1782456906,121.4658834,31.2469828,,normal
O1782456907,121.4643613,31.2473566,,normal
O1782456908,121.4660961,31.2471427,,normal
O1782456910,121.4639157,31.2475055,,normal
O1782456914,121.4664023,31.247509,,normal
O1782456916,121.4634964,31.2476586,,normal
O1782456927,121.4657445,31.2481163,,normal
O1782456949,121.4656135,31.2482175,,normal
O1782456950,121.4655751,31.2482371,,normal
O1782456951,121.4670742,31.2483373,,normal
O1782456954,121.4644844,31.2484871,,normal
O1782456955,121.4685255,31.2486149,,normal
O1782456958,121.4643091,31.2485181,,normal
O1782456960,121.4641243,31.2485362,,normal
O1782456962,121.4637757,31.2485658,,normal
O1782456967,121.4669956,31.2485674,,normal
O1782456969,121.4670628,31.2486794,,normal
O1782456971,121.4670773,31.2487154,,normal
O1782456973,121.4670844,31.2487575,,normal
O1782456975,121.466688,31.249603,,normal
O1782456977,121.4669331,31.2496249,,normal
O1782456979,121.4661167,31.249628,,normal
O1782456988,121.4656087,31.2497088,,normal
O1782456989,121.465026,31.249809,,normal
O1782456990,121.4713956,31.2509059,,normal
O1782456991,121.4719641,31.2511864,,normal
O1798205454,121.4330684,31.2436312,,normal
O1798205456,121.4325764,31.2451083,,normal
O1798205458,121.4324988,31.2453418,,normal
O1798205459,121.4322597,31.2459319,,normal
O1798205461,121.4319156,31.2465924,,normal
O1798205463,121.4316736,31.2469659,,normal
O1798205465,121.4315125,31.2471819,,normal
O1798205467,121.4313897,31.2473353,,normal
O1798209871,121.4323616,31.2454159,,normal
O1798209877,121.432605,31.2454554,,normal
O1798209879,121.4323062,31.2455458,,normal
O1798209881,121.4325362,31.2456072,,normal
O1798209883,121.4321551,31.2458889,,normal
O1798209884,121.4323758,31.2459732,,normal
O1798209885,121.4320476,31.2461026,,normal
O1798209888,121.4319307,31.2463109,,normal
O1798209889,121.4321842,31.2463483,,normal
O1798209891,121.4321628,31.2463758,,normal
O1798209893,121.4321317,31.2463994,,normal
O1798209897,121.4319889,31.2464667,,normal
O1798209901,121.4318155,31.2465018,,normal
O1798209904,121.4316737,31.2467142,,normal
O1798209910,121.4315506,31.2468932,,normal
O1798209944,121.4313917,31.2471029,,normal
O1798209947,121.4311607,31.2473836,,normal
O1798214969,121.4403457,31.2475753,,normal
O1807311599,121.472385,31.2137474,,normal
O1807311600,121.4724931,31.213755,,normal
O1807311601,121.4726052,31.2137727,,normal
O1807311602,121.472723,31.2138001,,normal
O1807311604,121.4826087,31.2145143,,normal
O1807311606,121.4753008,31.2146077,,normal
O1807311607,121.4768968,31.2151078,,normal
O1807311608,121.4787631,31.2156925,,normal
O1807318141,121.4706589,31.213727,,normal
O1810910347,121.4096071,31.2321959,,normal
O1810910348,121.4093186,31.2323845,,normal
O1810910349,121.4090253,31.232934,,normal
O1838996520,121.4045636,31.2118829,,normal
O1838996524,121.4045756,31.2121779,,normal
O1838996543,121.4029496,31.2145109,,normal
O1838996544,121.4085461,31.214888,,normal
O1838996545,121.4073402,31.2150551,,normal
O1838996546,121.4069148,31.2151218,,normal
O1838996547,121.4065698,31.2151967,,normal
O1838996548,121.4060286,31.2153806,,normal
O1838996549,121.405504,31.2155505,,normal
O1838996550,121.4028212,31.2163408,,normal
O1838996552,121.402569,31.2164063,,normal
O1838996553,121.4021952,31.2164911,,normal
O1838996555,121.4017921,31.2165376,,normal
O1838996558,121.4015482,31.2165436,,normal
O1838996559,121.4051838,31.2169527,,normal
O1838996563,121.4052659,31.2172023,,normal
O1840106365,121.4204657,31.2244375,,normal
O1840106368,121.4205959,31.2244627,,normal
O1840106370,121.4209806,31.224513,,normal
O1840106372,121.4208043,31.2245315,,normal
O1840106385,121.4209454,31.2246401,,normal
O1840106386,121.4210232,31.224704,,normal
O1840106387,121.4210934,31.2247706,,normal
O1840106389,121.4212996,31.2249745,,normal
O1840106443,121.4219989,31.225587,,normal
O1840106445,121.4218918,31.2255936,,normal
O1840106447,121.4218053,31.2256088,,normal
O1840106475,121.4333899,31.2263767,,normal
O1840106476,121.432504,31.2268058,,normal
O1840106477,121.4318881,31.2271115,,normal
O1840106479,121.4313818,31.2273755,,normal
O1840106501,121.429576,31.2283331,,normal
O1840106503,121.4294354,31.2284007,,normal
O1840106504,121.4295298,31.2284779,,normal
O1840106508,121.4296503,31.2285597,,normal
O1840106513,121.4285717,31.2288282,,normal
O1840106514,121.4278388,31.2291838,,normal
O1840106530,121.4261189,31.2293913,,normal
O1840106531,121.4263359,31.2294096,,normal
O1840106532,121.4262294,31.2294044,,normal
O1841631248,121.422389,31.2276788,,normal
O1841631249,121.422656,31.2279723,,normal
O1841631250,121.4234973,31.2286854,,normal
O1841631251,121.4238903,31.2289969,,normal
O1841631252,121.4240401,31.2291328,,normal
O1841631253,121.4241002,31.2291987,,normal
O1841631255,121.424152,31.2292646,,normal
O1841631256,121.4243346,31.2295613,,normal
O1841631258,121.4244025,31.2296709,,normal
O1841631260,121.4245448,31.2298665,,normal
O1841631262,121.4245985,31.2299448,,normal
O1841631264,121.4246414,31.2300192,,normal
O1841631266,121.4249694,31.2307075,,normal
O1841631268,121.4251194,31.2310552,,normal
O1841631270,121.4254048,31.2317909,,normal
O1841631272,121.4256436,31.2324449,,normal
O1841631274,121.4256576,31.2324975,,normal
O1841631276,121.4256697,31.2325511,,normal
O1841631277,121.4257061,31.2327146,,normal
O1841631279,121.4257258,31.232804,,normal
O1841631287,121.4257672,31.2329867,,normal
O1841631288,121.4257923,31.2331229,,normal
O1841631289,121.4258025,31.2331875,,normal
O1841631290,121.4258497,31.2336993,,normal
O1841631291,121.4258546,31.2337949,,normal
O1841631292,121.4258558,31.2338924,,normal
O1841631294,121.4258416,31.2343744,,normal
O1841631296,121.4258192,31.2344171,,normal
O1841631297,121.4257719,31.2344704,,normal
O1841631299,121.4257539,31.2345021,,normal
O1841631301,121.4257457,31.2345422,,normal
O1841631303,121.4232069,31.2352125,,normal
O1841631305,121.423331,31.2352729,,normal
O1841631307,121.4256622,31.2356723,,normal
O1841631309,121.4240353,31.2356918,,normal
O1841631311,121.4241709,31.2357706,,normal
O1841631312,121.4242933,31.2358401,,normal
O1841631314,121.4256554,31.235866,,normal
O1841631316,121.4244639,31.2359296,,normal
O1841631326,121.4256542,31.2360004,,normal
O1841631327,121.4246415,31.2360161,,normal
O1841631328,121.4256667,31.2362063,,normal
O1841631329,121.4256785,31.2362625,,normal
O1841631330,121.425642,31.2363429,,normal
O1841631331,121.4255911,31.2363761,,normal
O1841631332,121.4255482,31.2364262,,normal
O1841631333,121.4255174,31.2364889,,normal
O1841631334,121.4254947,31.2365447,,normal
O1841631336,121.42546,31.2366404,,normal
O1841631338,121.4254482,31.2366669,,normal
O1841631340,121.4254384,31.2366844,,normal
O1841631341,121.4254233,31.2367032,,normal
O1841631343,121.4253998,31.2367246,,normal
O1841631345,121.4261669,31.2367972,,normal
O1841631365,121.4263188,31.2369124,,normal
O1841631370,121.4264621,31.2369788,,normal
O1841687072,121.4196532,31.2289706,,normal
O1841687074,121.419868,31.2290577,,normal
O1841687076,121.4200826,31.2291426,,normal
O1841687082,121.4227069,31.2312098,,normal
O1841687085,121.4227856,31.231235,,normal
O1841687087,121.4220599,31.2324725,,normal
O1841687090,121.4221316,31.2325046,,normal
O1841687096,121.4213,31.2343925,,normal
O1841876155,121.4558241,31.2371027,,normal
O1841876167,121.4555647,31.2371561,,normal
O1841876170,121.4558736,31.2373243,,normal
O1841876177,121.4556213,31.2373723,,normal
O1841876179,121.4566244,31.237362,,normal
O1841876181,121.4560701,31.2374144,,normal
O1841876183,121.4564804,31.2374606,,normal
O1841876185,121.4555651,31.2374764,,normal
O1841876186,121.4562939,31.2374831,,normal
O1841876189,121.4555233,31.2375675,,normal
O1841876191,121.4512324,31.2377435,,normal
O1841876194,121.4554565,31.2377699,,normal
O1841876200,121.455436,31.2378598,,normal
O1841876205,121.455418,31.2379437,,normal
O1841876207,121.4554028,31.238035,,normal
O1841876209,121.4358655,31.2381756,,normal
O1841876211,121.4358269,31.2382147,,normal
O1841876213,121.4357868,31.2382718,,normal
O1841876215,121.4553526,31.2384362,,normal
O1841876217,121.4553423,31.2384714,,normal
O1841876223,121.4553279,31.2385094,,normal
O1841876225,121.4356423,31.2385491,,normal
O1841876227,121.4553093,31.2385469,,normal
O1841876229,121.4356107,31.2386064,,normal
O1841876231,121.4552876,31.2385823,,normal
O1841876234,121.455262,31.2386163,,normal
O1841876236,121.4552305,31.2386511,,normal
O1841876241,121.4498173,31.2392872,,normal
O1841876243,121.4494957,31.2396219,,normal
O1841876245,121.4471955,31.2403282,,normal
O1841876247,121.4470163,31.2404895,,normal
O1841876249,121.4320831,31.2405272,,normal
O1841876251,121.4318838,31.240584,,normal
O1841876254,121.4318251,31.2405952,,normal
O1841876256,121.4315057,31.2405967,,normal
O1841876259,121.4315766,31.2406042,,normal
O1841876262,121.4317104,31.2406058,,normal
O1841876265,121.431651,31.2406069,,normal
O1841876280,121.445605,31.2418038,,normal
O1841876289,121.4491954,31.2424515,,normal
O1841876291,121.4493101,31.2425092,,normal
O1841876293,121.4493492,31.2425469,,normal
O1841876296,121.4407444,31.2437777,,normal
O1841876300,121.447969,31.2443839,,normal
O1841876302,121.4478921,31.2444802,,normal
O1841876304,121.4478375,31.2445739,,normal
O1841876309,121.447781,31.2447804,,normal
O1841876314,121.4477782,31.2448511,,normal
O1841876320,121.4477847,31.2449148,,normal
O1841876322,121.4477924,31.2449708,,normal
O1841876324,121.4478089,31.2450476,,normal
O1841876331,121.4478381,31.2451382,,normal
O1841876337,121.4446644,31.245469,,normal
O1841876339,121.4480598,31.2455427,,normal
O1841876341,121.4446372,31.2456119,,normal
O1841876345,121.448071,31.2455833,,normal
O1841876349,121.4480808,31.2456482,,normal
O1841876351,121.4446202,31.245738,,normal
O1841876353,121.4397226,31.2457076,,normal
O1841876356,121.4479459,31.2456981,,normal
O1841876358,121.4480957,31.2457002,,normal
O1841876362,121.4481141,31.2457359,,normal
O1841876364,121.4481433,31.2457732,,normal
O1841876365,121.4432027,31.2458566,,normal
O1841876372,121.4446025,31.2458821,,normal
O1841876376,121.4401272,31.2460538,,normal
O1841876380,121.4461203,31.2464023,,normal
O1841876382,121.4415262,31.2462585,,normal
O1841876384,121.4460212,31.2464441,,normal
O1841876387,121.4459245,31.2464883,,normal
O1841876389,121.4409286,31.2466714,,normal
O1841876391,121.4409967,31.2467192,,normal
O1841876393,121.4491485,31.2467852,,normal
O1841876396,121.4416067,31.2467495,,normal
O1841876401,121.4417472,31.2467772,,normal
O1841876402,121.4409509,31.2468941,,normal
O1841876404,121.4444682,31.2468816,,normal
O1841876405,121.4491467,31.2469306,,normal
O1841876411,121.4449291,31.2469429,,normal
O1841876415,121.4448269,31.2469638,,normal
O1841876417,121.4442005,31.2470078,,normal
O1841876419,121.4443625,31.2470134,,normal
O1841876421,121.4442871,31.2470122,,normal
O1841876423,121.4444109,31.2471984,,normal
O1841876425,121.4488506,31.2472404,,normal
O1841876427,121.4483158,31.2477814,,normal
O1841876430,121.4481165,31.2480124,,normal
O1841876432,121.4441284,31.2483157,,normal
O1841876436,121.4478325,31.248361,,normal
O1841876438,121.4477936,31.2484003,,normal
O1841876440,121.4477486,31.2484403,,normal
O1841876441,121.4476974,31.2484801,,normal
O1841876442,121.4391175,31.2486957,,normal
O1841876443,121.4388867,31.248711,,normal
O1841876444,121.4472706,31.2487378,,normal
O1841876445,121.4440391,31.2487524,,normal
O1841876453,121.4471107,31.2487762,,normal
O1841876455,121.4470344,31.248784,,normal
O1841876457,121.4469491,31.2487868,,normal
O1841876458,121.4440138,31.2489085,,normal
O1841876460,121.4439931,31.2490676,,normal
O1841876462,121.4439823,31.2492247,,normal
O1841880608,121.4512418,31.2379892,,normal
O1841880609,121.4544605,31.238118,,normal
O1842556814,121.4750754,31.2470383,,normal
O1842556822,121.4796784,31.247455,,normal
O1842556824,121.4778128,31.248093,,normal
O1842556837,121.4783525,31.2482947,,normal
O1842556840,121.4790043,31.2484696,,normal
O1842556843,121.4788696,31.2484846,,normal
O1842556847,121.4789928,31.2484905,,normal
O1842556852,121.4789828,31.2485143,,normal
O1842556857,121.4789791,31.2485256,,normal
O1842556861,121.479043,31.2485495,,normal
O1842556865,121.4789588,31.2485878,,normal
O1842556869,121.4793786,31.2486821,,normal
O1842556873,121.4797247,31.2488053,,normal
O1842556877,121.4801052,31.2489372,,normal
O1842556880,121.4802967,31.2490044,,normal
O1842807786,121.4793421,31.2504001,,normal
O1842807788,121.4798196,31.2505575,,normal
O1842807790,121.4800516,31.2506377,,normal
O1842807792,121.4801559,31.2506756,,normal
O1842807793,121.4814204,31.2511635,,normal
O1842807795,121.4814029,31.2511927,,normal
O1842807797,121.4813646,31.2512862,,normal
O1842807799,121.4813469,31.2513321,,normal
O1842807801,121.4813233,31.2513817,,normal
O1842807802,121.4813042,31.2514166,,normal
O1842807803,121.4812822,31.2514511,,normal
O1842807804,121.4812299,31.2515193,,normal
O1842807805,121.4727091,31.2516334,,normal
O1842807806,121.4727884,31.2516733,,normal
O1842807807,121.4729744,31.2517431,,normal
O1842807808,121.4731673,31.2517855,,normal
O1842807809,121.4732483,31.2517964,,normal
O1842807810,121.4733541,31.2518045,,normal
O1842807811,121.4740815,31.2518308,,normal
O1842807812,121.4741725,31.2518373,,normal
O1842807813,121.4742486,31.2518459,,normal
O1842807814,121.4743179,31.251857,,normal
O1842807815,121.4743877,31.2518701,,normal
O1842807816,121.4744806,31.2518952,,normal
O1842807817,121.4745788,31.2519261,,normal
O1842807818,121.4764858,31.2519545,,normal
O1842807819,121.4746959,31.251967,,normal
O1842807820,121.476522,31.2519855,,normal
O1842807821,121.4765448,31.252014,,normal
O1842807822,121.4765579,31.2520474,,normal
O1842807824,121.475061,31.2521048,,normal
O1842807826,121.4765436,31.2521755,,normal
O1842807827,121.4764935,31.2521767,,normal
O1842807829,121.4766422,31.2521855,,normal
O1842807831,121.4766807,31.2521946,,normal
O1842807832,121.476714,31.2522056,,normal
O1842807834,121.4767608,31.2522275,,normal
O1842807836,121.4753875,31.2522365,,normal
O1842807846,121.4755202,31.2522827,,normal
O1842807848,121.4773315,31.2523257,,normal
O1842807849,121.4756214,31.2523082,,normal
O1842807851,121.4758022,31.2523402,,normal
O1842807853,121.4758505,31.2523422,,normal
O1842807855,121.477268,31.2523956,,normal
O1842807856,121.475889,31.2523775,,normal
O1842807857,121.4773962,31.2523685,,normal
O1842807858,121.4770832,31.2524093,,normal
O1842807859,121.477222,31.2524864,,normal
O1842807860,121.4758706,31.2524212,,normal
O1842807861,121.4771239,31.2524454,,normal
O1842807862,121.4772947,31.2525007,,normal
O1842807863,121.4758417,31.2524727,,normal
O1842807866,121.4773591,31.2526444,,normal
O1842807868,121.4774727,31.2526967,,normal
O1842807869,121.480182,31.252652,,normal
O1842807871,121.4802341,31.2526868,,normal
O1842807872,121.4800754,31.252757,,normal
O1842807873,121.4777308,31.2528349,,normal
O1842807874,121.4799626,31.252879,,normal
O1842807876,121.4799354,31.2529145,,normal
O1842807877,121.4799044,31.2529695,,normal
O1842807879,121.4798933,31.2530056,,normal
O1842807881,121.4781335,31.2530216,,normal
O1842807883,121.4798859,31.2530439,,normal
O1842807884,121.4798854,31.2530853,,normal
O1842807886,121.4797869,31.2532115,,normal
O1842807888,121.4799641,31.2532209,,normal
O1842807889,121.4794046,31.2532462,,normal
O1842807891,121.4786314,31.2532493,,normal
O1842807893,121.4792889,31.2532626,,normal
O1842807895,121.4800712,31.2532607,,normal
O1842807896,121.4791651,31.2532859,,normal
O1842807908,121.4790226,31.2533094,,normal
O1842807910,121.4787723,31.2533137,,normal
O1842807911,121.4788042,31.2533215,,normal
O1842807912,121.4789108,31.2533219,,normal
O1842807913,121.4788384,31.2533246,,normal
O1842807915,121.4796522,31.2534002,,normal
O1842807916,121.4786981,31.2534384,,normal
O1842807918,121.4765469,31.2537389,,normal
O1842807919,121.4763778,31.253969,,normal
O1842807923,121.4768109,31.2544527,,normal
O1842807924,121.4769499,31.2544935,,normal
O1842807925,121.4769913,31.254521,,normal
O1842807928,121.4796453,31.2548531,,normal
O1842807929,121.4796833,31.2548802,,normal
O1842807931,121.4797253,31.2549175,,normal
O1842807932,121.4740885,31.2550259,,normal
O1842807934,121.4744929,31.2552082,,normal
O1842807936,121.4799769,31.2552536,,normal
O1842807938,121.4746927,31.2553054,,normal
O1842807939,121.4800813,31.2553795,,normal
O1842807941,121.4748994,31.2554141,,normal
O1842807943,121.476766,31.2554136,,normal
O1842807944,121.4769196,31.2554317,,normal
O1842807946,121.4768362,31.2554326,,normal
O1842807948,121.4768929,31.2554359,,normal
O1842807949,121.4786276,31.255434,,normal
O1842807951,121.4784592,31.2554628,,normal
O1842807953,121.4801893,31.2554946,,normal
O1842807955,121.4750934,31.2555336,,normal
O1842807958,121.4786791,31.2556078,,normal
O1842807960,121.475136,31.2557059,,normal
O1842807967,121.4788588,31.2557159,,normal
O1842807968,121.4789452,31.2557644,,normal
O1842807969,121.4772351,31.2557944,,normal
O1842807970,121.4790367,31.2558094,,normal
O1842807971,121.4791882,31.2558798,,normal
O1842807972,121.4783823,31.2559402,,normal
O1842807973,121.4783261,31.2560418,,normal
O1842807974,121.4782643,31.2561492,,normal
O1842807975,121.478106,31.2563877,,normal
O1842807976,121.4780582,31.2564522,,normal
O1842807977,121.4779932,31.2565288,,normal
O1842807978,121.4779206,31.2566071,,normal
O1842807979,121.477487,31.2570116,,normal
O1842807980,121.4774006,31.2570484,,normal
O1842807981,121.4760631,31.2570745,,normal
O1842807982,121.4758241,31.2573116,,normal
O1842807983,121.4756854,31.257439,,normal
O1845626070,121.4658437,31.2400091,,normal
O1845626071,121.4658169,31.2401204,,normal
O1845626072,121.4657974,31.2402691,,normal
O1845626074,121.465798,31.2403293,,normal
O1845626077,121.4658151,31.2404086,,normal
O1845626099,121.4658371,31.2404736,,normal
O1845626100,121.4658487,31.240506,,normal
O1845626107,121.4666132,31.240981,,normal
O1845626109,121.4661076,31.2411042,,normal
O1845626110,121.4660289,31.2412076,,normal
O1845626112,121.4661744,31.2413051,,normal
O1845626113,121.4661774,31.2413275,,normal
O1845626115,121.4655626,31.2413677,,normal
O1845626116,121.4661808,31.2413801,,normal
O1845626117,121.4661819,31.2414266,,normal
O1845626119,121.4653449,31.2414382,,normal
O1845626120,121.4661797,31.2414734,,normal
O1845626122,121.4650886,31.241512,,normal
O1845626124,121.4650442,31.2415184,,normal
O1845626125,121.4649902,31.2415225,,normal
O1845626126,121.4661741,31.2415204,,normal
O1845626127,121.4648659,31.2415262,,normal
O1845626128,121.4648327,31.2415285,,normal
O1845626129,121.464799,31.2415331,,normal
O1845626130,121.4647666,31.2415393,,normal
O1845626131,121.4661655,31.2415672,,normal
O1845626132,121.4661553,31.2416143,,normal
O1845626133,121.4642684,31.2416531,,normal
O1845626134,121.4641072,31.2416819,,normal
O1845626135,121.4639373,31.2417088,,normal
O1845626136,121.4637802,31.2417279,,normal
O1845626137,121.4634851,31.241743,,normal
O1845626138,121.4635676,31.2417395,,normal
O1845626139,121.4660135,31.2420276,,normal
O1845635873,121.4660045,31.24205,,normal
O1845635874,121.4659937,31.2420696,,normal
O1845635875,121.4659777,31.2420908,,normal
O1845635876,121.4656911,31.2423732,,normal
O1845635877,121.4654933,31.2425422,,normal
O1845635878,121.4647932,31.2431047,,normal
O1845635880,121.4644625,31.2433933,,normal
O1845635882,121.4643537,31.2434744,,normal
O1845635884,121.4642557,31.2435482,,normal
O1845635886,121.4638302,31.2438223,,normal
O1845635888,121.4635866,31.2439813,,normal
O1845635890,121.4635268,31.2440143,,normal
O1845635892,121.4634644,31.24405,,normal
O1845635895,121.4633834,31.2440857,,normal
O1845635897,121.4633183,31.2441156,,normal
O1845635899,121.4631753,31.2441896,,normal
O1845635902,121.4630531,31.244256,,normal
O1845635917,121.4638785,31.2444194,,normal
O1845635918,121.4639027,31.2444448,,normal
O1845635920,121.4639211,31.2444706,,normal
O1845635921,121.4639378,31.2445065,,normal
O1845635922,121.4625325,31.2445272,,normal
O1845703182,121.4577148,31.238414,,normal
O1845703183,121.4571639,31.2384347,,normal
O1845703184,121.4581645,31.2385343,,normal
O1845703185,121.4584647,31.2386466,,normal
O1845703186,121.4565363,31.2386706,,normal
O1845703187,121.4586098,31.2387145,,normal
O1845703196,121.4581594,31.2391078,,normal
O1845703198,121.4586623,31.2391497,,normal
O1845703200,121.4584536,31.2395316,,normal
O1845703202,121.4580802,31.2395447,,normal
O1845703204,121.4568962,31.2400521,,normal
O1845703207,121.4569462,31.240053,,normal
O1845703209,121.4568487,31.2400564,,normal
O1845703211,121.4567992,31.2400669,,normal
O1845703215,121.4563859,31.2403188,,normal
O1845703218,121.4588254,31.2404849,,normal
O1845703219,121.45646,31.2405114,,normal
O1845703220,121.4589399,31.2405418,,normal
O1845703221,121.4590307,31.2406054,,normal
O1845703222,121.4591183,31.2406778,,normal
O1845703223,121.4592173,31.2407789,,normal
O1845703224,121.4594632,31.2410092,,normal
O1845703225,121.4595713,31.2410942,,normal
O1845703226,121.4596735,31.2411656,,normal
O1845703240,121.4599055,31.2413122,,normal
O1845703242,121.4603733,31.2414389,,normal
O1845703244,121.460316,31.2415976,,normal
O1845703246,121.4600309,31.2416179,,normal
O1845703248,121.4597025,31.242023,,normal
O1845703258,121.4617934,31.2424075,,normal
O1845703262,121.4581064,31.2425533,,normal
O1845703266,121.4582359,31.242626,,normal
O1845703268,121.4620831,31.2428083,,normal
O1845703270,121.458354,31.2426968,,normal
O1845703278,121.4645057,31.2427357,,normal
O1845703288,121.4647453,31.2428545,,normal
O1845703294,121.4585788,31.2428414,,normal
O1845703306,121.4641903,31.2428169,,normal
O1845703307,121.4648174,31.2429224,,normal
O1845703312,121.4648962,31.2430203,,normal
O1845703316,121.4588975,31.2430563,,normal
O1845703318,121.4636858,31.2429552,,normal
O1845703319,121.4617098,31.2431094,,normal
O1845703323,121.4650095,31.2431115,,normal
O1845703358,121.4652075,31.2432625,,normal
O1845703360,121.4614887,31.2433015,,normal
O1845703364,121.4652619,31.2433127,,normal
O1845703378,121.4653058,31.2433543,,normal
O1845703379,121.45936,31.2433858,,normal
O1845703380,121.4653694,31.243425,,normal
O1845703381,121.4595194,31.243493,,normal
O1845703384,121.4654199,31.2435029,,normal
O1845703386,121.4593423,31.243527,,normal
O1845703388,121.4596741,31.2435834,,normal
O1845703390,121.4654681,31.2435957,,normal
O1845703392,121.459799,31.2436492,,normal
O1845703394,121.4598989,31.2436996,,normal
O1845703396,121.4600056,31.2437501,,normal
O1845703398,121.4655428,31.2437605,,normal
O1845703400,121.4590865,31.2437951,,normal
O1845703402,121.4604643,31.2439577,,normal
O1845703404,121.4590319,31.2439724,,normal
O1845703406,121.4605812,31.2440824,,normal
O1845703408,121.4605465,31.2441362,,normal
O1845703410,121.4599805,31.2442431,,normal
O1845703412,121.4598892,31.2442438,,normal
O1845703416,121.4597932,31.2442475,,normal
O1845703417,121.4596497,31.2442579,,normal
O1845703418,121.4657983,31.2443011,,normal
O1845703420,121.4591598,31.2443075,,normal
O1845703422,121.4590764,31.2443128,,normal
O1845703423,121.4589677,31.2443176,,normal
O1845703426,121.4588912,31.2443226,,normal
O1845703427,121.4583685,31.2443743,,normal
O1845703429,121.4579611,31.244382,,normal
O1845703431,121.4582387,31.2443824,,normal
O1845703433,121.4580986,31.2443844,,normal
O1845703435,121.459045,31.2457239,,normal
O1850260316,121.4586116,31.2365067,,normal
O1850260319,121.4587592,31.2365644,,normal
O1850260320,121.4589083,31.2366137,,normal
O1850260321,121.4596526,31.2369144,,normal
O1850260322,121.4589874,31.2374975,,normal
O1850260323,121.4589509,31.2375382,,normal
O1850260324,121.458819,31.2376139,,normal
O1850260325,121.4587093,31.2376486,,normal
O1850260326,121.4585878,31.2376715,,normal
O1850260327,121.4585757,31.2377425,,normal
O1850260328,121.4586239,31.237791,,normal
O1850260329,121.4586578,31.2378408,,normal
O1850260330,121.4587478,31.2379921,,normal
O1850260332,121.4592264,31.2382808,,normal
O1850260334,121.4594384,31.2384158,,normal
O1850260336,121.4597723,31.2386812,,normal
O1850260338,121.458282,31.2387119,,normal
O1850260350,121.4582322,31.2388226,,normal
O1850260352,121.458199,31.2389141,,normal
O1850260354,121.4581712,31.2390211,,normal
O1850260356,121.4593037,31.2392167,,normal
O1850260358,121.4581466,31.2392904,,normal
O1850260359,121.4581384,31.2393537,,normal
O1850260360,121.4585294,31.2393797,,normal
O1850260361,121.4581235,31.2394169,,normal
O1850260362,121.4601436,31.2401272,,normal
O1850260363,121.4605371,31.2405834,,normal
O1850260364,121.4607652,31.2408191,,normal
O1850260365,121.4575009,31.2408708,,normal
O1850260366,121.4575036,31.2409088,,normal
O1850260367,121.4578338,31.240944,,normal
O1850260368,121.4609583,31.240963,,normal
O1850260370,121.457803,31.2409795,,normal
O1850260372,121.4611403,31.2410484,,normal
O1850260374,121.4575526,31.2410775,,normal
O1850260376,121.4576393,31.2411096,,normal
O1850260387,121.4613227,31.2411285,,normal
O1850260389,121.4619792,31.2413774,,normal
O1850260391,121.457368,31.241436,,normal
O1850260393,121.457456,31.2414604,,normal
O1850260396,121.4622146,31.2414565,,normal
O1850260397,121.4571146,31.2418047,,normal
O1850260399,121.4571862,31.2418536,,normal
O1850260400,121.4569491,31.2418645,,normal
O1850260401,121.4569612,31.2420094,,normal
O1850260402,121.4570284,31.242053,,normal
O1850260403,121.4571686,31.2420532,,normal
O1850260404,121.4569093,31.2420695,,normal
O1850260405,121.4569698,31.2421184,,normal
O1850260412,121.4594365,31.2422858,,normal
O1850260414,121.459667,31.2423058,,normal
O1850260415,121.4595045,31.2423192,,normal
O1850260427,121.4593834,31.2423433,,normal
O1850260429,121.4596171,31.2423746,,normal
O1850260431,121.4597959,31.2423766,,normal
O1850260433,121.4594441,31.242386,,normal
O1850260435,121.4592909,31.2424349,,normal
O1850260437,121.4597434,31.2424439,,normal
O1850260438,121.4593463,31.2424827,,normal
O1850260439,121.4601524,31.2425897,,normal
O1850260440,121.4602417,31.2426401,,normal
O1850260441,121.4600994,31.2426566,,normal
O1850260442,121.4603326,31.242689,,normal
O1850260443,121.4601907,31.2427082,,normal
O1850260444,121.4604274,31.242737,,normal
O1850260445,121.4602833,31.2427581,,normal
O1850260446,121.4605252,31.2427835,,normal
O1850260447,121.4603801,31.2428072,,normal
O1850260449,121.4588639,31.2428116,,normal
O1850260451,121.460616,31.2428209,,normal
O1850260453,121.4589199,31.2428587,,normal
O1850260457,121.4604817,31.2428555,,normal
O1850260458,121.4607072,31.2428561,,normal
O1850260459,121.4608042,31.2428924,,normal
O1850260460,121.4605758,31.2428943,,normal
O1850260461,121.460909,31.2429287,,normal
O1850260462,121.4606695,31.2429305,,normal
O1850260463,121.4587208,31.2429372,,normal
O1850260464,121.4610141,31.2429618,,normal
O1850260465,121.4607674,31.2429671,,normal
O1850260466,121.4586939,31.2430088,,normal
O1850260467,121.4587822,31.2429786,,normal
O1850260468,121.4611143,31.2429907,,normal
O1850260469,121.4608744,31.243004,,normal
O1850260470,121.4612161,31.2430176,,normal
O1850260471,121.4609822,31.243038,,normal
O1850260472,121.4613219,31.2430415,,normal
O1850260474,121.4586447,31.2430532,,normal
O1850260475,121.461085,31.2430676,,normal
O1850260476,121.4556802,31.2431916,,normal
O1850260477,121.4611908,31.2430956,,normal
O1850260482,121.4612976,31.2431198,,normal
O1850260484,121.4558635,31.2431614,,normal
O1850260486,121.4582803,31.2433743,,normal
O1850260487,121.458192,31.2434627,,normal
O1850260488,121.4580507,31.2435972,,normal
O1850260489,121.4579002,31.243735,,normal
O1850260490,121.4555547,31.2438163,,normal
O1850260492,121.4576227,31.2440189,,normal
O1853993812,121.4575907,31.2412044,,normal
O1853993815,121.4574367,31.2413137,,normal
O1853993816,121.4577948,31.2413071,,normal
O1853993817,121.4575466,31.241303,,normal
O1853993820,121.4577219,31.2413956,,normal
O1853993821,121.4580299,31.2414431,,normal
O1853993822,121.4579729,31.2415152,,normal
O1853993823,121.4582934,31.2415928,,normal
O1853993824,121.4582426,31.2416607,,normal
O1853993825,121.459314,31.2421317,,normal
O1853993826,121.4594042,31.2421772,,normal
O1853993827,121.4592655,31.2422009,,normal
O1853993828,121.4595259,31.2422368,,normal
O1853993829,121.4593607,31.2422486,,normal
O1859042350,121.468954,31.2382552,,normal
O1859042353,121.4689724,31.2383375,,normal
O1859042355,121.4690008,31.2384146,,normal
O1859042357,121.4674533,31.2392407,,normal
O1859042359,121.4673314,31.239284,,normal
O1859042361,121.4668745,31.2392992,,normal
O1859042363,121.4671095,31.2393249,,normal
O1859042378,121.4673351,31.2396273,,normal
O1859042379,121.4703203,31.2397772,,normal
O1859042382,121.4676693,31.240466,,normal
O1859042383,121.4703147,31.2404954,,normal
O1859042384,121.4676891,31.240551,,normal
O1859042385,121.4701737,31.2405667,,normal
O1859042386,121.4676953,31.2406236,,normal
O1859042387,121.4703122,31.2406318,,normal
O1859042389,121.4703054,31.2406909,,normal
O1859042391,121.4677062,31.2407668,,normal
O1859042393,121.467699,31.2408783,,normal
O1859042394,121.4676921,31.2409571,,normal
O1859042400,121.4676469,31.2411904,,normal
O1859042401,121.4702058,31.241254,,normal
O1859042403,121.4675164,31.2417757,,normal
O1859042405,121.46745,31.2418972,,normal
O1859042416,121.4700404,31.2419971,,normal
O1859042417,121.4673822,31.2421099,,normal
O1859042418,121.4699831,31.2422607,,normal
O1859042419,121.4673382,31.2422716,,normal
O1859042420,121.4682525,31.2428683,,normal
O1859042421,121.469033,31.2429999,,normal
O1859042422,121.4698572,31.2430273,,normal
O1859042423,121.4697134,31.2431246,,normal
O1859042424,121.4699732,31.2431553,,normal
O1859042426,121.4670121,31.2431753,,normal
O1859042427,121.4704101,31.2432203,,normal
O1859042428,121.4698211,31.2432586,,normal
O1859042430,121.4711097,31.2433145,,normal
O1859042432,121.466905,31.2434187,,normal
O1859042434,121.4696619,31.2441561,,normal
O1859042437,121.4696093,31.2444699,,normal
O1859042439,121.4695756,31.2446285,,normal
O1859042440,121.4695347,31.2448083,,normal
O1859042442,121.4694789,31.2449591,,normal
O1859042455,121.4694421,31.2450404,,normal
O1859042456,121.4694029,31.2451107,,normal
O1859042457,121.469349,31.2451944,,normal
O1859042458,121.4692498,31.2453268,,normal
O1859042459,121.4691347,31.2454593,,normal
O1859109410,121.4765125,31.240391,,normal
O1859109413,121.4765114,31.2405076,,normal
O1859109414,121.4704371,31.2405673,,normal
O1859109416,121.4692309,31.2405989,,normal
O1859109417,121.4711927,31.2406329,,normal
O1859109419,121.471283,31.2406627,,normal
O1859109423,121.4765212,31.2409103,,normal
O1859109424,121.4728179,31.240936,,normal
O1859109425,121.4766877,31.2410559,,normal
O1859109426,121.4763863,31.2411108,,normal
O1859109429,121.4765346,31.2411351,,normal
O1859109430,121.4762103,31.2411398,,normal
O1859109431,121.4761044,31.2411528,,normal
O1859109433,121.475369,31.2411584,,normal
O1859109436,121.4732735,31.2411842,,normal
O1859109438,121.4780622,31.2412579,,normal
O1859109442,121.4779434,31.2414099,,normal
O1859109446,121.4778755,31.2415088,,normal
O1859109447,121.4777963,31.2416219,,normal
O1859109448,121.4739434,31.2414905,,normal
O1859109449,121.4777169,31.2416996,,normal
O1859109451,121.4776014,31.2417595,,normal
O1859109452,121.4743694,31.2416454,,normal
O1859109453,121.4745016,31.2416799,,normal
O1859109454,121.4726809,31.2416871,,normal
O1859109462,121.4771934,31.2418001,,normal
O1859109463,121.4765686,31.2416924,,normal
O1859109466,121.4769915,31.2417944,,normal
O1859109467,121.4748831,31.2417502,,normal
O1859109469,121.4767659,31.2417907,,normal
O1859109470,121.4764697,31.2418034,,normal
O1859109471,121.4759381,31.2418111,,normal
O1859109473,121.4763574,31.2418133,,normal
O1859109474,121.4747857,31.2418177,,normal
O1859109475,121.4760441,31.2418182,,normal
O1859109477,121.4761411,31.2418197,,normal
O1859109478,121.4765791,31.2418676,,normal
O1859109479,121.468701,31.2420158,,normal
O1859109481,121.4765774,31.2418948,,normal
O1859109482,121.4684066,31.2420283,,normal
O1859109483,121.4696568,31.2421624,,normal
O1859109486,121.4720832,31.2424474,,normal
O1859109487,121.4655998,31.2424512,,normal
O1859109488,121.4699481,31.2424458,,normal
O1859109489,121.465735,31.2425377,,normal
O1859109490,121.4699162,31.242637,,normal
O1859109491,121.4746466,31.2426278,,normal
O1859109493,121.4681711,31.2427026,,normal
O1859109494,121.4743911,31.2428025,,normal
O1859109495,121.4747819,31.2428722,,normal
O1859109497,121.4680075,31.2428282,,normal
O1859109499,121.4680943,31.2429588,,normal
O1859109501,121.4762383,31.2429684,,normal
O1859109502,121.4762164,31.2430526,,normal
O1859109503,121.4759431,31.24312,,normal
O1859109509,121.4668411,31.2432398,,normal
O1859109510,121.466901,31.243272,,normal
O1859109511,121.4761786,31.2432666,,normal
O1859109513,121.4669585,31.2432969,,normal
O1859109519,121.4670835,31.2433448,,normal
O1859109523,121.4724088,31.2435707,,normal
O1859109529,121.4675409,31.2435509,,normal
O1859109531,121.4676632,31.2436028,,normal
O1859109532,121.4677754,31.2436419,,normal
O1859109533,121.4678891,31.2436721,,normal
O1859109540,121.476093,31.2438458,,normal
O1859109542,121.4760499,31.244065,,normal
O1859109543,121.4759765,31.244318,,normal
O1859109545,121.4752851,31.244537,,normal
O1859109546,121.4754014,31.2445383,,normal
O1859109548,121.4755445,31.2445501,,normal
O1859109553,121.4747291,31.2445952,,normal
O1859109554,121.4727232,31.2446932,,normal
O1859109571,121.4757945,31.2448507,,normal
O1859109572,121.472703,31.2449475,,normal
O1859109573,121.4757471,31.2449655,,normal
O1859109574,121.4706349,31.2450453,,normal
O1859109575,121.4706072,31.2451152,,normal
O1859109576,121.4705535,31.2452376,,normal
O1859109579,121.4755636,31.2453636,,normal
O1859109582,121.4754657,31.2455841,,normal
O1859109588,121.4702667,31.2459768,,normal
O1859109599,121.4702149,31.2460769,,normal
O1859109600,121.4753306,31.2460798,,normal
O1859109604,121.4701816,31.246131,,normal
O1859109606,121.4701358,31.2461941,,normal
O1859109609,121.4700535,31.2462929,,normal
O1859109613,121.4751906,31.2464155,,normal
O1859109617,121.4749891,31.2468641,,normal
O1859109622,121.4748699,31.247087,,normal
O1859109623,121.473198,31.2472456,,normal
O1859109624,121.4744749,31.2477638,,normal
O1859109625,121.4744405,31.2478205,,normal
O1859109626,121.4727163,31.2479422,,normal
O1859109629,121.4743859,31.2479108,,normal
O1860413477,121.4698085,31.2395668,,normal
O1860413479,121.4697249,31.2395673,,normal
O1860413481,121.4698914,31.2395689,,normal
O1860413492,121.4696273,31.2395735,,normal
O1860413494,121.4699769,31.2395746,,normal
O1860413495,121.4700585,31.2395845,,normal
O1860413496,121.470139,31.2395997,,normal
O1860413497,121.468881,31.2397051,,normal
O1860413498,121.4687908,31.2397283,,normal
O1860413499,121.4705733,31.2397262,,normal
O1860413501,121.4686916,31.2397587,,normal
O1860413503,121.4706568,31.2397611,,normal
O1860413505,121.4685957,31.2397908,,normal
O1860413506,121.4707423,31.2397997,,normal
O1860413507,121.4685023,31.2398272,,normal
O1860413508,121.468413,31.2398669,,normal
O1860413509,121.468323,31.2399096,,normal
O1860413511,121.4681578,31.2399997,,normal
O1860413512,121.4680898,31.2400427,,normal
O1860413514,121.4677667,31.2402621,,normal
O1860413516,121.467518,31.2404357,,normal
O1860413549,121.479574,31.2404207,,normal
O1860413553,121.4794252,31.2404724,,normal
O1860413555,121.4722136,31.2406021,,normal
O1860413556,121.4672481,31.2406308,,normal
O1860413560,121.4722741,31.240626,,normal
O1860413562,121.4723321,31.2406517,,normal
O1860413564,121.4723831,31.2406775,,normal
O1860413566,121.4792415,31.2405625,,normal
O1860413569,121.4671059,31.2407224,,normal
O1860413581,121.4725033,31.2407465,,normal
O1860413583,121.4809763,31.240692,,normal
O1860413586,121.4808215,31.2407323,,normal
O1860413588,121.4726935,31.2408619,,normal
O1860413590,121.4667839,31.2408959,,normal
O1860413592,121.471947,31.2409407,,normal
O1860413594,121.4664352,31.2410592,,normal
O1860413596,121.4718995,31.2410533,,normal
O1860413598,121.4815369,31.2411363,,normal
O1860413601,121.4715472,31.2412164,,normal
O1860413602,121.4807083,31.2411648,,normal
O1860413603,121.4816349,31.2412145,,normal
O1860413604,121.4718273,31.2412831,,normal
O1860413606,121.4715227,31.2413196,,normal
O1860413607,121.481731,31.2412966,,normal
O1860413609,121.481817,31.2413778,,normal
O1860413616,121.4715076,31.2414447,,normal
O1860413621,121.4717932,31.2414878,,normal
O1860413623,121.4819587,31.2415158,,normal
O1860413625,121.4820278,31.2415765,,normal
O1860413627,121.4821007,31.2416359,,normal
O1860413629,121.482177,31.2416947,,normal
O1860413631,121.4822501,31.2417489,,normal
O1860413633,121.4823443,31.2418168,,normal
O1860413634,121.4824109,31.2418702,,normal
O1860413636,121.4824795,31.2419298,,normal
O1860413638,121.482533,31.2419797,,normal
O1860413640,121.4825805,31.2420302,,normal
O1860413643,121.4828324,31.2425205,,normal
O1860413645,121.4824514,31.2427523,,normal
O1860413647,121.482756,31.2427062,,normal
O1860413648,121.4826967,31.2429224,,normal
O1860413649,121.4674367,31.2442185,,normal
O1860413651,121.4684481,31.2442738,,normal
O1860413653,121.4670081,31.2443656,,normal
O1860413654,121.4674829,31.2443822,,normal
O1860413656,121.4668348,31.2443839,,normal
O1860413660,121.4668059,31.2444147,,normal
O1860413662,121.4694691,31.2444311,,normal
O1860413663,121.4671821,31.2444407,,normal
O1860413665,121.4684205,31.2444461,,normal
O1860413667,121.4669803,31.2444522,,normal
O1860413669,121.4650582,31.244421,,normal
O1860413670,121.4695444,31.2444497,,normal
O1860413672,121.4696739,31.2444895,,normal
O1860413674,121.4671514,31.2445055,,normal
O1860413677,121.4651133,31.2445475,,normal
O1860413679,121.4674824,31.2445904,,normal
O1860413681,121.4694369,31.244602,,normal
O1860413682,121.4642132,31.2445789,,normal
O1860413688,121.4695132,31.2446153,,normal
O1860413689,121.4674419,31.2446487,,normal
O1860413690,121.4696487,31.2446475,,normal
O1860413691,121.4675848,31.2446535,,normal
O1860413693,121.4642862,31.2447123,,normal
O1860413695,121.4675376,31.244706,,normal
O1860413697,121.4677622,31.2447687,,normal
O1860413698,121.4677041,31.2448178,,normal
O1860413700,121.4759048,31.2448824,,normal
O1860413702,121.4714308,31.2450198,,normal
O1860413707,121.4743323,31.2453953,,normal
O1860413709,121.4688561,31.2455014,,normal
O1860413710,121.4748141,31.2454854,,normal
O1860413712,121.4691066,31.2456705,,normal
O1860413714,121.4752583,31.2456344,,normal
O1860413716,121.469057,31.2457251,,normal
O1860413717,121.4747513,31.2458616,,normal
O1860413728,121.4776011,31.2457946,,normal
O1860413729,121.4756214,31.2458013,,normal
O1860413730,121.4751753,31.2459408,,normal
O1860413731,121.4787968,31.2459292,,normal
O1860413732,121.4788729,31.245939,,normal
O1860413733,121.4789474,31.2459529,,normal
O1860413734,121.4755467,31.2459694,,normal
O1860413735,121.4753595,31.2459985,,normal
O1860413736,121.4793971,31.2461041,,normal
O1860413737,121.4794765,31.2461263,,normal
O1860413738,121.4795673,31.2461485,,normal
O1860413739,121.4773613,31.246305,,normal
O1860413740,121.478039,31.2463193,,normal
O1860413742,121.4700697,31.2463914,,normal
O1860413744,121.4770561,31.2463993,,normal
O1860413746,121.4814119,31.2463914,,normal
O1860413748,121.4701426,31.2464416,,normal
O1860413749,121.4815096,31.2464132,,normal
O1860413751,121.4702096,31.2464924,,normal
O1860413762,121.4771287,31.2466101,,normal
O1860413763,121.4784719,31.2466302,,normal
O1860413765,121.4787049,31.2466994,,normal
O1860413767,121.4788535,31.2467468,,normal
O1860413769,121.4784315,31.2468031,,normal
O1860413771,121.4786084,31.246856,,normal
O1860413772,121.4787645,31.246907,,normal
O1860413773,121.4793479,31.2469318,,normal
O1860413774,121.4789493,31.24697,,normal
O1860413775,121.4796813,31.2470644,,normal
O1860413776,121.4792804,31.2470975,,normal
O1860413778,121.479897,31.2473556,,normal
O1860413779,121.4805459,31.2474369,,normal
O1860413780,121.4806857,31.2474946,,normal
O1860413781,121.4808261,31.2475468,,normal
O1860413782,121.4804642,31.2476038,,normal
O1860413783,121.4811217,31.2476497,,normal
O1860413784,121.4806456,31.2476847,,normal
O1860413795,121.4810469,31.2478188,,normal
O1860455466,121.482097,31.2437402,,normal
O1860455468,121.4821457,31.243747,,normal
O1860455469,121.4822047,31.2437582,,normal
O1860455474,121.4831175,31.2440408,,normal
O1860455475,121.4831777,31.2440551,,normal
O1860455476,121.4832333,31.2440646,,normal
O1860455477,121.4832945,31.2440709,,normal
O1860455486,121.4833605,31.2440749,,normal
O1860455488,121.4835337,31.2440764,,normal
O1860455490,121.4835726,31.2440794,,normal
O1860455492,121.4836097,31.2440846,,normal
O1860455496,121.483643,31.2440928,,normal
O1860455498,121.4836761,31.2441027,,normal
O1860455502,121.4839037,31.2442296,,normal
O1860543285,121.4714914,31.2420041,,normal
O1860543286,121.4716414,31.2420196,,normal
O1860543288,121.4714279,31.2425353,,normal
O1860543290,121.4715708,31.2425502,,normal
O1860543291,121.4713457,31.2431591,,normal
O1860543293,121.471489,31.2431714,,normal
O1860543295,121.4714739,31.2432562,,normal
O1860543297,121.4714412,31.2434032,,normal
O1860543299,121.4713047,31.2434663,,normal
O1860543301,121.4714279,31.2434772,,normal
O1860543303,121.4712768,31.2437373,,normal
O1860543304,121.4713962,31.2437432,,normal
O1860543306,121.4712434,31.2440082,,normal
O1860543318,121.4713624,31.2440205,,normal
O1860543319,121.4711643,31.2445522,,normal
O1860543320,121.4712867,31.2445722,,normal
O1860543321,121.4712228,31.2450321,,normal
O1860543322,121.4711149,31.2450587,,normal
O1860543323,121.4711098,31.2450955,,normal
O1860543324,121.470999,31.2450985,,normal
O1860543325,121.4710888,31.2451593,,normal
O1860543326,121.4707243,31.2459143,,normal
O1860543327,121.4708246,31.2459664,,normal
O1860543328,121.4710157,31.2459738,,normal
O1860543330,121.4708974,31.2459823,,normal
O1860543331,121.470652,31.2461201,,normal
O1860543333,121.4709385,31.2461951,,normal
O1860543335,121.4709164,31.2462648,,normal
O1860543337,121.4705936,31.2462728,,normal
O1860543339,121.4705446,31.246319,,normal
O1860543341,121.4708959,31.2463419,,normal
O1860543343,121.4705106,31.2463446,,normal
O1860543352,121.4704766,31.2463673,,normal
O1860543353,121.4704205,31.2463952,,normal
O1860543354,121.4702098,31.2463984,,normal
O1860543355,121.4705415,31.2464029,,normal
O1860543356,121.4703686,31.2464084,,normal
O1860543357,121.4703177,31.2464093,,normal
O1860543358,121.4705341,31.2464349,,normal
O1860543359,121.4705311,31.2464637,,normal
O1860543360,121.4708644,31.2464779,,normal
O1860543361,121.4705335,31.2464946,,normal
O1860543362,121.4708449,31.2465171,,normal
O1860543363,121.4705456,31.2465223,,normal
O1860543365,121.470828,31.24654,,normal
O1860543366,121.4708538,31.2465416,,normal
O1860543368,121.470558,31.2465435,,normal
O1860543370,121.4705714,31.2465587,,normal
O1860543371,121.4708031,31.2465602,,normal
O1860543372,121.4705881,31.2465722,,normal
O1860543373,121.4707691,31.246577,,normal
O1860543379,121.4706117,31.2465846,,normal
O1860543383,121.4707311,31.2465893,,normal
O1860543385,121.4706347,31.2465925,,normal
O1860543388,121.4706595,31.2465979,,normal
O1860543391,121.4706862,31.2465996,,normal
O1860543394,121.4708504,31.2466022,,normal
O1860543396,121.4703893,31.2466393,,normal
O1860543398,121.4708577,31.2466627,,normal
O1860543400,121.4708751,31.2467188,,normal
O1860543402,121.4707783,31.2467696,,normal
O1860543404,121.4709013,31.246778,,normal
O1860543406,121.470815,31.2467944,,normal
O1860543408,121.470848,31.2468191,,normal
O1860543410,121.4709318,31.2468348,,normal
O1860543411,121.4709148,31.2468747,,normal
O1860543412,121.4707676,31.2468755,,normal
O1860543413,121.4709641,31.2469136,,normal
O1860543414,121.4709416,31.2469846,,normal
O1860543415,121.4711159,31.2470123,,normal
O1860543416,121.4726753,31.2479946,,normal
O1860543422,121.4732193,31.2482318,,normal
O1860543423,121.4731768,31.2482814,,normal
O1860543425,121.473473,31.2483708,,normal
O1860543427,121.4734338,31.2484211,,normal
O1860543429,121.4740502,31.2484629,,normal
O1860543431,121.4736922,31.2485631,,normal
O1860543433,121.47392,31.2486718,,normal
O1860543435,121.4741375,31.2486958,,normal
O1860543436,121.4741034,31.2487485,,normal
O1860543438,121.4762409,31.2493105,,normal
O1860543440,121.4760803,31.2494501,,normal
O1860543442,121.475968,31.2494792,,normal
O1860543444,121.4763753,31.2495297,,normal
O1860543446,121.4761672,31.2495382,,normal
O1860543448,121.4763532,31.2495906,,normal
O1860543450,121.469661,31.249896,,normal
O1860543452,121.4784961,31.2499146,,normal
O1860543453,121.478253,31.2500231,,normal
O1860543454,121.4782308,31.250081,,normal
O1860543458,121.4785492,31.2500992,,normal
O1860543460,121.4695104,31.2501493,,normal
O1860543462,121.4784206,31.2501311,,normal
O1860543464,121.4696045,31.2501682,,normal
O1860543466,121.478523,31.2501581,,normal
O1860543468,121.4789619,31.2502015,,normal
O1860543470,121.4692506,31.250259,,normal
O1860543471,121.4695886,31.2502642,,normal
O1860543473,121.4789385,31.2502641,,normal
O1860543475,121.4792394,31.2503522,,normal
O1860543477,121.4697974,31.2503968,,normal
O1860543479,121.4792873,31.2503777,,normal
O1860543481,121.4695681,31.2504241,,normal
O1860543483,121.4694268,31.2504948,,normal
O1860543485,121.4695539,31.2505102,,normal
O1860543487,121.4709632,31.2507304,,normal
O1860543488,121.4711199,31.2507874,,normal
O1860543490,121.4712184,31.2508286,,normal
O1860572910,121.4700672,31.2478194,,normal
O1860572911,121.4700909,31.2478697,,normal
O1860572912,121.4701046,31.2479462,,normal
O1860572913,121.4701444,31.2479468,,normal
O1860572914,121.4700706,31.2479536,,normal
O1860572915,121.4701922,31.2479541,,normal
O1860572916,121.470045,31.2479725,,normal
O1860572917,121.4702363,31.2479765,,normal
O1860572918,121.4702754,31.2482837,,normal
O1860572919,121.4697469,31.2488574,,normal
O1860572920,121.470016,31.2490501,,normal
O1860572921,121.4719434,31.249085,,normal
O1860572922,121.4715538,31.2495385,,normal
O1860572923,121.471315,31.2498064,,normal
O1860572924,121.4711568,31.2498406,,normal
O1860572925,121.4712558,31.2498728,,normal
O1860572926,121.4712357,31.2498954,,normal
O1860572927,121.4711736,31.2499654,,normal
O1860572928,121.4716243,31.2501274,,normal
O1860572929,121.4716916,31.2501767,,normal
O1860572930,121.4717214,31.2502011,,normal
O1860572931,121.4717346,31.2502197,,normal
O1860572932,121.4717415,31.2502379,,normal
O1860572933,121.4717448,31.250257,,normal
O1860572934,121.4717499,31.2502771,,normal
O1860572935,121.4717616,31.2502964,,normal
O1860572936,121.4717835,31.2503166,,normal
O1860572937,121.470702,31.2504975,,normal
O1860572938,121.4720706,31.2505082,,normal
O1860572939,121.4704393,31.2505731,,normal
O1860572940,121.4722762,31.25063,,normal
O1860572941,121.4707319,31.2506584,,normal
O1860572942,121.4724139,31.2507018,,normal
O1860572943,121.4727853,31.2508897,,normal
O1860572944,121.4729855,31.2509958,,normal
O1860572945,121.4730518,31.2510315,,normal
O1860572946,121.4731132,31.251069,,normal
O1860572947,121.4731784,31.2511168,,normal
O1860572948,121.4732923,31.2512195,,normal
O1861861244,121.4797324,31.2499465,,normal
O1861861245,121.4797867,31.2499745,,normal
O1861861247,121.4798343,31.2499944,,normal
O1861861249,121.4815283,31.2506404,,normal
O1861861251,121.4821136,31.25087,,normal
O1861861252,121.4816755,31.250792,,normal
O1861861253,121.4835749,31.2514267,,normal
O1861861254,121.4836769,31.2514697,,normal
O1861861258,121.4837743,31.251514,,normal
O1861861275,121.4838688,31.2515575,,normal
O1861861279,121.4839607,31.2515956,,normal
O1861861282,121.4842385,31.2517042,,normal
O1861930191,121.4833263,31.2474466,,normal
O1861930195,121.4816428,31.2478232,,normal
O1861930200,121.4814736,31.2479195,,normal
O1861930203,121.4815882,31.2479431,,normal
O1861930225,121.4824911,31.2480734,,normal
O1861930229,121.4826142,31.2481172,,normal
O1861930231,121.4822402,31.248126,,normal
O1861930233,121.4850082,31.2481326,,normal
O1861930235,121.4827321,31.248166,,normal
O1861930237,121.482541,31.2482307,,normal
O1861930239,121.4826692,31.2482857,,normal
O1861930241,121.4830805,31.2483384,,normal
O1861930242,121.4829157,31.2484014,,normal
O1861930243,121.4830293,31.2484613,,normal
O1861930245,121.4831675,31.2485798,,normal
O1861930246,121.4831634,31.2486068,,normal
O1861930248,121.4831568,31.2486356,,normal
O1861930258,121.4831456,31.2486702,,normal
O1861930260,121.4833606,31.2486851,,normal
O1861930262,121.4831324,31.2487007,,normal
O1861930266,121.4831111,31.2487334,,normal
O1861930268,121.4834463,31.2487514,,normal
O1861930272,121.4835298,31.2488152,,normal
O1861930274,121.4836176,31.2488804,,normal
O1861930278,121.484148,31.2493561,,normal
O1861930283,121.4824765,31.2495685,,normal
O1861930285,121.4843416,31.2495126,,normal
O1861930287,121.4824199,31.249643,,normal
O1861930288,121.4844498,31.2496072,,normal
O1861930290,121.482373,31.2497046,,normal
O1861930301,121.4817071,31.2505809,,normal
O1861930304,121.4816319,31.2506798,,normal
O1861975369,121.4826417,31.2424889,,normal
O1861975370,121.4827473,31.2425453,,normal
O1861975373,121.4825779,31.2426458,,normal
O1861975374,121.4826934,31.242684,,normal
O1861975375,121.4825209,31.2428004,,normal
O1861975376,121.4826404,31.2428305,,normal
O1861975379,121.4824706,31.242963,,normal
O1861975380,121.4825905,31.2429929,,normal
O1861975382,121.4823765,31.2432929,,normal
O1861975383,121.4824923,31.2433179,,normal
O1861975386,121.4822107,31.2436044,,normal
O1861975387,121.482295,31.2436224,,normal
O1861975388,121.4824062,31.243659,,normal
O1861975389,121.4824888,31.2436805,,normal
O1861975390,121.4822811,31.243701,,normal
O1861975391,121.4823904,31.243738,,normal
O1861975393,121.4823811,31.2439074,,normal
O1861975394,121.4823807,31.2439628,,normal
O1861975395,121.4822311,31.2441412,,normal
O1861975397,121.4823756,31.244031,,normal
O1861975399,121.4821164,31.2451715,,normal
O1861975402,121.482222,31.2451876,,normal
O1861975403,121.4820796,31.2453969,,normal
O1861975406,121.4821848,31.2454082,,normal
O1861975412,121.4820352,31.245609,,normal
O1861975414,121.4821414,31.2456279,,normal
O1861975420,121.4815751,31.2469781,,normal
O1861975421,121.4817202,31.2470582,,normal
O1861975423,121.4815429,31.2470789,,normal
O1861975425,121.4814847,31.2472804,,normal
O1861975427,121.4815798,31.2474202,,normal
O1861975428,121.4814505,31.2473867,,normal
O1861975430,121.4813868,31.2475541,,normal
O1861975431,121.4814687,31.2476635,,normal
O1861975432,121.4813512,31.2476353,,normal
O1861975436,121.4811248,31.2478415,,normal
O1861975454,121.48129,31.2480035,,normal
O1861975458,121.4811872,31.2481711,,normal
O1861975460,121.4811385,31.2482413,,normal
O1861975463,121.4810893,31.2483103,,normal
O1861975465,121.4810361,31.2483783,,normal
O1861975466,121.4808,31.2484481,,normal
O1861975467,121.4809187,31.2485218,,normal
O1861975470,121.4806778,31.2485921,,normal
O1861975479,121.4794334,31.2499295,,normal
O1861975492,121.4795303,31.2499976,,normal
O1861975494,121.4792422,31.2501289,,normal
O1861975497,121.4793444,31.2501897,,normal
O1861975498,121.4791886,31.2501939,,normal
O1861975499,121.4790023,31.2504258,,normal
O1861975501,121.4790738,31.2504579,,normal
O1861980858,121.4818079,31.2457583,,normal
O1861980859,121.482405,31.2458164,,normal
O1861980860,121.4830975,31.245876,,normal
O1861994048,121.480017,31.2532371,,normal
O1861994050,121.4802941,31.2534053,,normal
O1861994051,121.4803317,31.2534255,,normal
O1861994052,121.4803714,31.2534444,,normal
O1861994053,121.4804159,31.2534632,,normal
O1861994054,121.4804644,31.2534813,,normal
O1861994055,121.4806427,31.2535347,,normal
O1861994056,121.4806934,31.2535513,,normal
O1861994057,121.4807394,31.2535681,,normal
O1861994058,121.4807834,31.2535862,,normal
O1861994059,121.4808307,31.2536073,,normal
O1861994060,121.4809079,31.2536452,,normal
O1861994062,121.4809965,31.2536927,,normal
O1861994064,121.4815377,31.2539823,,normal
O1861994065,121.4818605,31.2541518,,normal
O1861994066,121.4819341,31.254188,,normal
O1861994067,121.482008,31.2542233,,normal
O1861994068,121.4820913,31.2542582,,normal
O1861994069,121.4821822,31.2542926,,normal
O1861994070,121.4822998,31.2543352,,normal
O1861994071,121.4824446,31.2543801,,normal
O1861994072,121.4827251,31.2544568,,normal
O1862001096,121.4837077,31.2516414,,normal
O1862001097,121.4836576,31.2517304,,normal
O1862001098,121.4836113,31.2518042,,normal
O1862001099,121.4835703,31.2518623,,normal
O1862001100,121.4835114,31.251933,,normal
O1862001101,121.4826811,31.2527835,,normal
O1862001103,121.4813627,31.2535114,,normal
O1862001104,121.4813073,31.2535133,,normal
O1862001105,121.4814425,31.2535161,,normal
O1862001106,121.4812605,31.2535211,,normal
O1862001107,121.4815271,31.2535265,,normal
O1862001108,121.4812101,31.2535382,,normal
O1862001109,121.4816033,31.2535425,,normal
O1862001110,121.4816725,31.2535632,,normal
O1862001111,121.4811135,31.253581,,normal
O1862001112,121.4817409,31.2535879,,normal
O1862001113,121.4818986,31.2536039,,normal
O1862001114,121.4817952,31.2536135,,normal
O1862001115,121.4810423,31.2536282,,normal
O1862001116,121.4818542,31.2536504,,normal
O1862001117,121.4809774,31.2536823,,normal
O1862001118,121.4818116,31.253695,,normal
O1862001119,121.4816204,31.2538955,,normal
O1862001120,121.4814816,31.2539524,,normal
O1862001121,121.4816333,31.2540325,,normal
O1862007771,121.4805829,31.2529204,,normal
O1862007772,121.4806289,31.2529499,,normal
O1862007773,121.4806863,31.2529815,,normal
O1862007774,121.4807265,31.253005,,normal
O1862007775,121.4807658,31.2530346,,normal
O1862007776,121.4808625,31.25312,,normal
O1862007777,121.4809522,31.2531893,,normal
O1862007778,121.4810582,31.2532612,,normal
O1862007779,121.4812235,31.2533739,,normal
O1862007780,121.4812419,31.253388,,normal
O1862007781,121.4812532,31.2534009,,normal
O1862007782,121.481258,31.2534124,,normal
O1862007783,121.4812597,31.2534277,,normal
O1862007784,121.48126,31.253443,,normal
O1862013761,121.478127,31.2514794,,normal
O1863089273,121.4779282,31.251694,,normal
O1863116179,121.4797585,31.2534695,,normal
O1863116180,121.4829934,31.2537675,,normal
O1863116181,121.4829463,31.2538433,,normal
O1863116182,121.4829173,31.2538832,,normal
O1863116183,121.4804409,31.2539143,,normal
O1863116184,121.4828824,31.2539239,,normal
O1863116185,121.4805419,31.2539761,,normal
O1863116186,121.4806495,31.2540396,,normal
O1863116187,121.4807494,31.2540907,,normal
O1863116188,121.4808025,31.2541135,,normal
O1863116189,121.4808609,31.2541362,,normal
O1863116190,121.4809187,31.2541569,,normal
O1863116191,121.4809828,31.2541783,,normal
O1863116192,121.4825086,31.2543176,,normal
O1863116193,121.4823819,31.2544301,,normal
O1863116194,121.4820665,31.2544855,,normal
O1863116195,121.4823003,31.2544869,,normal
O1863116196,121.4822305,31.2545321,,normal
O1863116197,121.4821194,31.2546017,,normal
O1863116198,121.4814815,31.2550052,,normal
O1863133787,121.4806627,31.2555421,,normal
O1863133799,121.4820039,31.2565943,,normal
O1863133801,121.4820746,31.2565941,,normal
O1863133803,121.482154,31.2565988,,normal
O1863133805,121.4816823,31.2566522,,normal
O1863133808,121.4830238,31.2567234,,normal
O1865210139,121.4803088,31.2585038,,normal
O1865212852,121.4806224,31.2555671,,normal
O1865212853,121.4805192,31.2556244,,normal
O1865212854,121.4804211,31.2556769,,normal
O1865212855,121.4804091,31.255683,,normal
O1865212856,121.4804356,31.2557016,,normal
O1865212857,121.4804419,31.2557162,,normal
O1865212858,121.4804464,31.2557346,,normal
O1865212859,121.4804494,31.2557568,,normal
O1865212860,121.4804503,31.25578,,normal
O1865212861,121.4804498,31.2558041,,normal
O1865212862,121.4800618,31.2562817,,normal
O1865212863,121.4800896,31.256297,,normal
O1865212864,121.4801193,31.2563151,,normal
O1865212865,121.4801497,31.2563352,,normal
O1865212866,121.4803159,31.2564641,,normal
O1865212867,121.4803268,31.2564774,,normal
O1865212868,121.4803354,31.2564917,,normal
O1865212869,121.4803421,31.2565084,,normal
O1865212870,121.4803461,31.256526,,normal
O1865212871,121.4803485,31.2565464,,normal
O1865212874,121.4803287,31.2568836,,normal
O1865212878,121.4803631,31.2569391,,normal
O1865212882,121.4803305,31.2575335,,normal
O1865212883,121.480327,31.2578524,,normal
O1865212884,121.4803204,31.2581735,,normal
O1865213238,121.4803045,31.2585872,,normal
O1865240965,121.4810762,31.2516978,,normal
O1865240972,121.4838982,31.253109,,normal
O1865240975,121.4841756,31.2531794,,normal
O1865240977,121.4842129,31.2531883,,normal
O1865240978,121.4842493,31.2531973,,normal
O1865240979,121.484281,31.2532069,,normal
O1865240980,121.4844566,31.2532905,,normal
O1865240981,121.4844896,31.2533098,,normal
O1865240982,121.4845208,31.2533307,,normal
O1865240984,121.4845923,31.2533875,,normal
O1865240985,121.4846261,31.2534141,,normal
O1865240987,121.4848196,31.2535464,,normal
O1865241001,121.484878,31.2535923,,normal
O1865241011,121.485003,31.2537028,,normal
O1865241012,121.4851104,31.2538089,,normal
O1865241019,121.485757,31.2544768,,normal
O1865241020,121.485804,31.2545331,,normal
O1865241021,121.4858464,31.2545928,,normal
O1865241023,121.4859268,31.2547457,,normal
O1865241026,121.4859722,31.2548636,,normal
O1865241027,121.4859885,31.2549489,,normal
O1865241028,121.4832206,31.2550248,,normal
O1865241029,121.4859966,31.2550376,,normal
O1865241031,121.4832951,31.2550826,,normal
O1865241034,121.4859931,31.2551557,,normal
O1865241037,121.4859791,31.2552637,,normal
O1865241038,121.4859504,31.2553876,,normal
O1865241039,121.4858473,31.2556206,,normal
O1865241068,121.4853798,31.2562967,,normal
O1865241069,121.485326,31.2563675,,normal
O1865241071,121.4852744,31.2564318,,normal
O1865241072,121.4852073,31.2565026,,normal
O1865241073,121.4851162,31.2565985,,normal
O1865241074,121.4814415,31.2567255,,normal
O1865241075,121.4849536,31.2567698,,normal
O1865241076,121.4848991,31.256822,,normal
O1865241077,121.4803264,31.256938,,normal
O1865242735,121.4803758,31.2557024,,normal
O1865242736,121.4803578,31.2557145,,normal
O1865247655,121.4833557,31.2546517,,normal
O1865787845,121.4797806,31.2536191,,normal
O1865787846,121.4798841,31.2537484,,normal
O1865787847,121.4800238,31.2539423,,normal
O1865787848,121.4801348,31.254113,,normal
O1865787849,121.4802298,31.2542718,,normal
O1865787850,121.4803062,31.2544212,,normal
O1865787851,121.4803677,31.2545673,,normal
O1865787852,121.4804256,31.2547286,,normal
O1865787853,121.4804843,31.2549076,,normal
O1865787854,121.4805234,31.2550554,,normal
O1865787855,121.4805476,31.2551832,,normal
O1865787856,121.4805662,31.2553135,,normal
O1865787857,121.4805774,31.2554478,,normal
O1881138444,121.441164,31.2560452,,normal
O1881138445,121.4453369,31.2575902,,normal
O1881138446,121.4452375,31.2575884,,normal
O1881138457,121.4358384,31.2585826,,normal
O1881138459,121.4357156,31.2587122,,normal
O1881138461,121.4355976,31.2588593,,normal
O1881138464,121.4355118,31.2589772,,normal
O1881138466,121.4353403,31.2593032,,normal
O1881138480,121.4350824,31.2598981,,normal
O1881233339,121.4361811,31.2206968,,normal
O1881233348,121.4361626,31.2207755,,normal
O1881233351,121.4361516,31.2208475,,normal
O1881233355,121.4362966,31.2208905,,normal
O1881233359,121.4361481,31.2209284,,normal
O1881233363,121.4361393,31.2210338,,normal
O1881233367,121.4369446,31.221069,,normal
O1881233371,121.4370991,31.2211315,,normal
O1881233375,121.4378877,31.2214471,,normal
O1881233399,121.4379493,31.2214667,,normal
O1881233400,121.4380182,31.2214824,,normal
O1881233401,121.4380776,31.2214916,,normal
O1881233403,121.438609,31.2215459,,normal
O1881233404,121.4386807,31.2215579,,normal
O1881233408,121.4387426,31.2215729,,normal
O1881233411,121.4387996,31.2215911,,normal
O1881233413,121.4429347,31.2214776,,normal
O1881233416,121.4396055,31.2219375,,normal
O1881233424,121.4397986,31.2220246,,normal
O1881233428,121.4398551,31.2220511,,normal
O1881233432,121.4399065,31.2220777,,normal
O1881233435,121.4399928,31.2221279,,normal
O1881233440,121.4408564,31.2226351,,normal
O1881233443,121.4424025,31.2226247,,normal
O1881233447,121.4409784,31.222702,,normal
O1881233450,121.4411046,31.2227667,,normal
O1881233454,121.4433283,31.2229377,,normal
O1881233458,121.4434144,31.2229682,,normal
O1881233478,121.4434911,31.2230065,,normal
O1881233481,121.4421605,31.2231046,,normal
O1881233483,121.443681,31.2231034,,normal
O1881233485,121.4419072,31.2231597,,normal
O1881233489,121.442129,31.2231635,,normal
O1881233491,121.4437298,31.2231401,,normal
O1881233494,121.4419491,31.2231855,,normal
O1881233497,121.4431418,31.2232002,,normal
O1881233500,121.4430868,31.2232077,,normal
O1881233503,121.4419856,31.2232126,,normal
O1881233506,121.4438021,31.2231943,,normal
O1881233510,121.4420898,31.2232203,,normal
O1881233513,121.4438749,31.2232283,,normal
O1881233516,121.4420141,31.2232408,,normal
O1881233519,121.442038,31.2232769,,normal
O1881233522,121.4427162,31.2233007,,normal
O1881233526,121.4421133,31.2233035,,normal
O1881233530,121.4426583,31.2233097,,normal
O1881233534,121.4425922,31.2233165,,normal
O1881233538,121.4421802,31.2233175,,normal
O1881233554,121.4425018,31.2233211,,normal
O1881233557,121.4422648,31.2233257,,normal
O1881233559,121.442335,31.2233279,,normal
O1881233562,121.4420716,31.2233648,,normal
O1881233566,121.4418229,31.2234482,,normal
O1881233568,121.4421024,31.2234663,,normal
O1881233577,121.442139,31.2235675,,normal
O1881233580,121.4412946,31.22384,,normal
O1881233584,121.4411421,31.2239757,,normal
O1881233589,121.4423577,31.2240123,,normal
O1881233592,121.4424084,31.2241032,,normal
O1881233596,121.4410098,31.2241142,,normal
O1881233600,121.4424468,31.2241692,,normal
O1881233604,121.4424949,31.2242406,,normal
O1881233609,121.4427279,31.2245316,,normal
O1881233613,121.4429816,31.2248382,,normal
O1881233616,121.4430377,31.2248897,,normal
O1881233619,121.4408785,31.2251614,,normal
O1881233632,121.4476527,31.2251721,,normal
O1881233635,121.4409355,31.2252306,,normal
O1881233637,121.4475654,31.2254242,,normal
O1881233640,121.4475333,31.2255176,,normal
O1881233644,121.4474589,31.2256979,,normal
O1881233647,121.4400755,31.2257208,,normal
O1881233650,121.4473888,31.2258842,,normal
O1881233654,121.4403278,31.2259012,,normal
O1881233657,121.4444794,31.2259772,,normal
O1881233661,121.4406891,31.2260591,,normal
O1881233665,121.4473252,31.2260682,,normal
O1881233668,121.4447605,31.2261142,,normal
O1881233672,121.4411498,31.2262027,,normal
O1881233677,121.4472667,31.2262565,,normal
O1881233680,121.4415398,31.2264229,,normal
O1881233684,121.4471702,31.2266257,,normal
O1881233688,121.4470812,31.2269992,,normal
O1881233689,121.447063,31.2270592,,normal
O1881233692,121.4470274,31.2271509,,normal
O1881233716,121.4469935,31.2272326,,normal
O1881233718,121.4470813,31.2272041,,normal
O1881233720,121.4469695,31.2272963,,normal
O1881233723,121.4420481,31.2277823,,normal
O1881233726,121.4417531,31.2281679,,normal
O1881233729,121.4387107,31.2311188,,normal
O1881233732,121.4389081,31.2311834,,normal
O1881233735,121.4390163,31.2312057,,normal
O1881233738,121.4391226,31.2312182,,normal
O1881233742,121.4386074,31.2322906,,normal
O1881273220,121.449394,31.2260238,,normal
O1881273221,121.44953,31.2260217,,normal
O1881273228,121.4492668,31.2260269,,normal
O1881273231,121.4496443,31.2260345,,normal
O1881273243,121.4352389,31.2285009,,normal
O1881273244,121.4352561,31.2285863,,normal
O1881273246,121.435261,31.2286184,,normal
O1881273247,121.4352633,31.2286563,,normal
O1881273249,121.4352647,31.2287976,,normal
O1881273250,121.4352682,31.2288218,,normal
O1881273252,121.4352751,31.2288407,,normal
O1881273254,121.4352896,31.2288667,,normal
O1881273256,121.4353068,31.2288862,,normal
O1881273258,121.4353281,31.2289009,,normal
O1881273264,121.4353723,31.2289215,,normal
O1881273266,121.4354958,31.2289645,,normal
O1881273267,121.435618,31.229004,,normal
O1881273270,121.4356473,31.229021,,normal
O1881273271,121.4356672,31.2290402,,normal
O1881273275,121.4356765,31.2290602,,normal
O1881273280,121.435676,31.2290874,,normal
O1881273282,121.4356283,31.2292479,,normal
O1881273283,121.4358545,31.2293052,,normal
O1881273284,121.4359189,31.2293244,,normal
O1881273286,121.4361014,31.2293968,,normal
O1881273287,121.4361275,31.2294145,,normal
O1881273288,121.4361407,31.2294311,,normal
O1881273290,121.4361483,31.2294594,,normal
O1881273292,121.4361496,31.2295279,,normal
O1881273293,121.4361441,31.2296154,,normal
O1881273300,121.4361304,31.2297146,,normal
O1881273303,121.4360863,31.229951,,normal
O1881273304,121.4360614,31.2301306,,normal
O1881273306,121.4360164,31.2305676,,normal
O1881273307,121.4360087,31.2306774,,normal
O1881631858,121.4800175,31.2500624,,normal
O1882272209,121.469625,31.2056267,,normal
O1882272210,121.4404857,31.2082843,,normal
O1882272212,121.4405935,31.2082926,,normal
O1882278349,121.4746724,31.2038996,,normal
O1882278351,121.4766277,31.2043536,,normal
O1882278353,121.4768782,31.2044214,,normal
O1882278355,121.4771425,31.2045035,,normal
O1882278356,121.4772774,31.2045267,,normal
O1882278358,121.477382,31.2045312,,normal
O1882278361,121.4775417,31.2045355,,normal
O1882278363,121.4776849,31.2045634,,normal
O1882278366,121.477795,31.2045986,,normal
O1882278368,121.47793,31.2046644,,normal
O1882278372,121.4781364,31.2047962,,normal
O1882278373,121.4782996,31.2048779,,normal
O1882296810,121.471132,31.2020464,,normal
O1887591399,121.4806482,31.2352816,,normal
O1887596136,121.4910707,31.2344018,,normal
O1887854441,121.4827048,31.2389733,,normal
O1887854479,121.479973,31.2398561,,normal
O1887854488,121.4795835,31.2398831,,normal
O1887854519,121.4834873,31.2399246,,normal
O1887854521,121.4806767,31.2399415,,normal
O1887854524,121.4830193,31.239942,,normal
O1887854550,121.4814373,31.2402351,,normal
O1887877261,121.4807599,31.2361128,,normal
O1887877264,121.4806965,31.236179,,normal
O1887877266,121.4806367,31.2362858,,normal
O1887877274,121.4811397,31.2371838,,normal
O1887877276,121.4786987,31.2373683,,normal
O1887877278,121.478857,31.2374345,,normal
O1887877280,121.4789664,31.237483,,normal
O1887877282,121.4791695,31.2375665,,normal
O1887877283,121.4792861,31.2376106,,normal
O1887877284,121.4796608,31.2376439,,normal
O1887877285,121.4795409,31.2376876,,normal
O1887877292,121.4809161,31.2380508,,normal
O1887877294,121.4798829,31.2381753,,normal
O1887877296,121.4798634,31.2382117,,normal
O1887877298,121.4798486,31.2382376,,normal
O1887877300,121.4797708,31.2382589,,normal
O1887877304,121.4797254,31.2382797,,normal
O1887877306,121.4803385,31.2385601,,normal
O1887877308,121.481392,31.2385376,,normal
O1887877312,121.4806302,31.2386363,,normal
O1887877317,121.4811986,31.238805,,normal
O1887877318,121.4802349,31.2388758,,normal
O1887877320,121.4806042,31.2389579,,normal
O1887877324,121.4797424,31.2393079,,normal
O1887877334,121.479604,31.2397067,,normal
O1887877338,121.4795932,31.2397493,,normal
O1887877340,121.4795878,31.2397933,,normal
O1887877346,121.4796891,31.2398713,,normal
O1887877348,121.4794466,31.2399014,,normal
O1887877350,121.4789819,31.2399541,,normal
O1887877352,121.4788907,31.2399649,,normal
O1887913923,121.478984,31.2302797,,normal
O1887913924,121.4795219,31.2302997,,normal
O1887913925,121.4799933,31.2304045,,normal
O1887913926,121.4801549,31.2304551,,normal
O1887913927,121.4803464,31.2305304,,normal
O1887913928,121.4804901,31.2305884,,normal
O1887913929,121.4805864,31.2306385,,normal
O1887913930,121.4806502,31.2306844,,normal
O1887913931,121.480777,31.2307855,,normal
O1887913932,121.480859,31.2308674,,normal
O1887913933,121.4809035,31.2309227,,normal
O1887913934,121.4813648,31.2312531,,normal
O1887913937,121.4808448,31.2311544,,normal
O1887913939,121.4810483,31.2312194,,normal
O1887913940,121.4820462,31.2316258,,normal
O1887913941,121.4822833,31.2317278,,normal
O1887913944,121.4826196,31.2318451,,normal
O1887913947,121.4814051,31.2321794,,normal
O1887913948,121.4796627,31.2323907,,normal
O1887913950,121.4827527,31.2323428,,normal
O1887913951,121.4826268,31.2323435,,normal
O1887913952,121.4822196,31.2323519,,normal
O1887913954,121.4823603,31.2323679,,normal
O1887913956,121.4835616,31.2324747,,normal
O1887913957,121.4796091,31.2324794,,normal
O1887913959,121.4813767,31.232529,,normal
O1887913960,121.4795209,31.2326655,,normal
O1887913962,121.4813057,31.2327432,,normal
O1887913964,121.4794599,31.2329653,,normal
O1887913965,121.4811518,31.2330671,,normal
O1887913966,121.4802704,31.2343389,,normal
O1887913967,121.4801528,31.2344413,,normal
O1887913969,121.4831011,31.2352889,,normal
O1887913970,121.4785569,31.2353522,,normal
O1887913971,121.4785079,31.2354503,,normal
O1887913976,121.4749774,31.2374883,,normal
O1887913977,121.4752018,31.237531,,normal
O1887913978,121.4742822,31.237634,,normal
O1887913981,121.475289,31.2395241,,normal
O1887913982,121.4754465,31.2395586,,normal
O1887913983,121.4771261,31.239898,,normal
O1887913984,121.4787035,31.2400269,,normal
O1887913985,121.4784526,31.2401679,,normal
O1887913986,121.4782721,31.2403036,,normal
O1887913987,121.4781818,31.2403678,,normal
O1887913989,121.4775542,31.2407003,,normal
O1887913990,121.4773363,31.2408079,,normal
O1887913991,121.4771644,31.2408895,,normal
O1887915506,121.4703809,31.2312131,,normal
O1888322965,121.4885366,31.231595,,normal
O1888322970,121.4879127,31.2314001,,normal
O1888322974,121.4877312,31.2312686,,normal
O1888322978,121.4883465,31.2315701,,normal
O1888323007,121.4882326,31.2315486,,normal
O1888323017,121.487568,31.2311645,,normal
O1888323036,121.4874719,31.2311134,,normal
O1888323040,121.4879797,31.2314468,,normal
O1888323060,121.4881308,31.2315178,,normal
O1888338503,121.4871112,31.2309929,,normal
O1888338527,121.4873971,31.2311569,,normal
O1888338559,121.4876025,31.23127,,normal
O1888343877,121.486765,31.2309647,,normal
O1888343878,121.4871279,31.2310762,,normal
O1888343879,121.4865122,31.2310608,,normal
O1888343880,121.4852933,31.2311715,,normal
O1888343881,121.4851063,31.2311844,,normal
O1888343882,121.4847714,31.2311906,,normal
O1888343883,121.4844899,31.2311606,,normal
O1888343886,121.4851884,31.2312631,,normal
O1888343889,121.4855116,31.2311364,,normal
O1888343890,121.4872211,31.2310967,,normal
O1888343891,121.486696,31.2310456,,normal
O1888343892,121.4864448,31.230991,,normal
O1888343893,121.487485,31.2311991,,normal
O1888343894,121.4850372,31.2312718,,normal
O1888343896,121.4848463,31.2312729,,normal
O1888343898,121.4869496,31.2309715,,normal
O1888344627,121.4842922,31.2312104,,normal
O1888344628,121.4845039,31.2312498,,normal
O1888344634,121.4820573,31.2306124,,normal
O1888344642,121.4823438,31.2307405,,normal
O1889249224,121.4812614,31.2302062,,normal
O1889249226,121.4852324,31.2312838,,normal
O1889249233,121.4822097,31.2307633,,normal
O1889249235,121.4814957,31.2303921,,normal
O1889249241,121.4842648,31.2311536,,normal
O1889249243,121.4833127,31.2311643,,normal
O1889249248,121.4821689,31.2305446,,normal
O1889249252,121.4822819,31.2305934,,normal
O1889249255,121.4833358,31.2307903,,normal
O1889249262,121.4856547,31.2312403,,normal
O1889249267,121.483138,31.2308791,,normal
O1889249269,121.4824129,31.2308454,,normal
O1889249275,121.4837902,31.2310287,,normal
O1889249290,121.4809899,31.22991,,normal
O1889249291,121.4830275,31.2311375,,normal
O1889249292,121.4829663,31.2310056,,normal
O1889249298,121.4847512,31.2312703,,normal
O1889249301,121.485036,31.2312983,,normal
O1889249302,121.484532,31.2312297,,normal
O1889249305,121.4829704,31.2314321,,normal
O1889249306,121.4826002,31.2305474,,normal
O1889249309,121.4829928,31.2308391,,normal
O1889249312,121.4825681,31.2310417,,normal
O1889249316,121.4824529,31.2306548,,normal
O1889249324,121.4810334,31.2301632,,normal
O1889249325,121.4844317,31.2312036,,normal
O1889249327,121.4834972,31.2309412,,normal
O1889249332,121.4818755,31.2303925,,normal
O1889249333,121.4826347,31.2309159,,normal
O1889249335,121.4832883,31.2309841,,normal
O1889249336,121.4811317,31.2299945,,normal
O1889249337,121.4816057,31.2302446,,normal
O1889249345,121.482648,31.2307254,,normal
O1889249354,121.4827682,31.2310922,,normal
O1889249364,121.4848595,31.2312884,,normal
O1889249365,121.4832668,31.2309079,,normal
O1889249369,121.4831657,31.2310531,,normal
O1889255108,121.4869414,31.2308998,,normal
O1889255113,121.4867614,31.2309432,,normal
O1889255114,121.4871676,31.2308738,,normal
O1889255121,121.4868505,31.2309162,,normal
O1889255127,121.4864348,31.23108,,normal
O1889255129,121.4870308,31.2308832,,normal
O1889255141,121.4866757,31.2309824,,normal
O1890502796,121.4785257,31.228549,,normal
O1890502805,121.4765246,31.2278461,,normal
O1890502807,121.4779916,31.2285431,,normal
O1890502809,121.4764513,31.2275782,,normal
O1890502811,121.477199,31.230278,,normal
O1890502815,121.4784104,31.2285006,,normal
O1890502816,121.4763586,31.2276661,,normal
O1890502819,121.4787356,31.2281941,,normal
O1890502826,121.4772071,31.2297869,,normal
O1890502828,121.4768868,31.2278914,,normal
O1890502839,121.4771872,31.229519,,normal
O1890502841,121.4772317,31.2301094,,normal
O1890502851,121.4775325,31.2303894,,normal
O1890502860,121.4765205,31.2276263,,normal
O1890502866,121.4771803,31.2294267,,normal
O1890502870,121.4770236,31.22882,,normal
O1890502872,121.479049,31.2277232,,normal
O1890502874,121.478434,31.230303,,normal
O1890502876,121.4760739,31.2273314,,normal
O1890502881,121.477229,31.2301828,,normal
O1890502889,121.475185,31.226872,,normal
O1890502898,121.4772851,31.2304111,,normal
O1890502899,121.4784572,31.230531,,normal
O1890502900,121.4811162,31.2310953,,normal
O1890502901,121.4769161,31.2284925,,normal
O1890502902,121.4773225,31.2281657,,normal
O1890502904,121.4783824,31.228779,,normal
O1890502906,121.4774366,31.2279696,,normal
O1890502908,121.4781213,31.2303296,,normal
O1890502910,121.4810443,31.2310631,,normal
O1890502915,121.4779328,31.2292519,,normal
O1890502917,121.4788583,31.2277935,,normal
O1890502921,121.4811989,31.2311522,,normal
O1890502923,121.4767398,31.2281167,,normal
O1890502938,121.4761985,31.2317268,,normal
O1890502939,121.4762638,31.227448,,normal
O1890502940,121.4771568,31.229256,,normal
O1890502946,121.4776459,31.2283506,,normal
O1890502958,121.4798242,31.230359,,normal
O1890502960,121.4792804,31.2302831,,normal
O1890502962,121.4771995,31.2280583,,normal
O1890502977,121.476828,31.2282679,,normal
O1890502979,121.4771354,31.2291826,,normal
O1890502980,121.475684,31.2271235,,normal
O1890502981,121.4766429,31.2279803,,normal
O1890502982,121.4767213,31.2317328,,normal
O1890502983,121.4759583,31.2272366,,normal
O1890531857,121.4775556,31.2281662,,normal
O1890531861,121.4780808,31.2285538,,normal
O1890531870,121.4754709,31.2268509,,normal
O1890531871,121.4743846,31.2263648,,normal
O1890531874,121.4781901,31.2285124,,normal
O1890531875,121.4759379,31.2273823,,normal
O1890531879,121.4753393,31.2270678,,normal
O1890531887,121.4749346,31.2265919,,normal
O1890531893,121.4751979,31.2272627,,normal
O1890531895,121.4782937,31.2285666,,normal
O1890531896,121.4785975,31.2288283,,normal
O1890531901,121.4784709,31.228761,,normal
O1890531904,121.4771949,31.2279498,,normal
O1890531905,121.4786655,31.228769,,normal
O1890531906,121.4782411,31.2286389,,normal
O1890531920,121.4781393,31.2284853,,normal
O1890531928,121.475836,31.2273229,,normal
O1890531930,121.4756983,31.2269673,,normal
O1890531937,121.472094,31.2254472,,normal
O1890732631,121.475693,31.2307503,,normal
O1890732708,121.4765701,31.2311638,,normal
O1890732755,121.4763631,31.2314713,,normal
O1890732888,121.4758947,31.2310216,,normal
O1890745479,121.4748435,31.2280849,,normal
O1890750304,121.4748546,31.2272955,,normal
O1890811880,121.4719375,31.2277163,,normal
O1890811881,121.4714955,31.2264587,,normal
O1890811902,121.4722771,31.2277108,,normal
O1890811903,121.4729619,31.2275932,,normal
O1890811906,121.4715696,31.2264994,,normal
O1890811911,121.4717967,31.22788,,normal
O1890811916,121.472057,31.2275792,,normal
O1890811926,121.4720632,31.227716,,normal
O1890811940,121.4719504,31.2276017,,normal
O1890811942,121.4717289,31.2276306,,normal
O1890811944,121.475097,31.2273088,,normal
O1890811945,121.4718576,31.22655,,normal
O1890811948,121.4752963,31.2269376,,normal
O1890811951,121.4719805,31.2276964,,normal
O1890811952,121.4703198,31.227676,,normal
O1890811965,121.4724414,31.227244,,normal
O1890812005,121.4717135,31.2265449,,normal
O1890812009,121.472226,31.2275666,,normal
O1890812034,121.4727241,31.2276412,,normal
O1890812036,121.4720152,31.2265624,,normal
O1890812037,121.4720766,31.2276517,,normal
O1890812046,121.4721738,31.2275544,,normal
O1890812048,121.472839,31.2276216,,normal
O1890812050,121.4721381,31.2277227,,normal
O1890812065,121.472358,31.2266521,,normal
O1890812067,121.4721455,31.2276179,,normal
O1890818626,121.477154,31.2294579,,normal
O1890818638,121.4770391,31.2293137,,normal
O1890818672,121.4765953,31.2287509,,normal
O1890819975,121.4767278,31.2280999,,normal
O1890819988,121.4767019,31.2280634,,normal
O1890842750,121.4749299,31.2278635,,normal
O1890842753,121.474962,31.2277212,,normal
O1890842755,121.4751738,31.2272801,,normal
O1890842757,121.4749086,31.2279278,,normal
O1890842758,121.4749514,31.2277693,,normal
O1890842762,121.4749975,31.2273191,,normal
O1890850187,121.4724076,31.2276905,,normal
O1890850223,121.4767823,31.2289717,,normal
O1890885478,121.476022,31.2321833,,normal
O1890885493,121.4758439,31.2322623,,normal
O1890935349,121.476851,31.2283258,,normal
O1890935355,121.4750195,31.2274414,,normal
O1890935413,121.4765665,31.228411,,normal
O1890935453,121.4770873,31.2293741,,normal
O1891590920,121.4768043,31.2282273,,normal
O1891590934,121.4782846,31.2287283,,normal
O1891590954,121.4772179,31.2299813,,normal
O1891590958,121.478105,31.2286075,,normal
O1891590964,121.4734527,31.2273301,,normal
O1891590974,121.4742607,31.2272553,,normal
O1928785175,121.4717318,31.2279998,,normal
O1928785178,121.4715188,31.2283333,,normal
O1928818253,121.4721643,31.2333439,,normal
O1928818273,121.4746708,31.2337004,,normal
O1965214869,121.4477173,31.2250268,,normal
O1965214874,121.4469301,31.2250676,,normal
O1984193664,121.4117875,31.2080094,,normal
O1984193666,121.4118813,31.2081633,,normal
O1984193667,121.4123873,31.2096779,,normal
O1984193669,121.4121016,31.2088948,,normal
O1984193676,121.4119529,31.2080503,,normal
O1984193686,121.4118179,31.2072662,,normal
O1984193690,121.4119001,31.2072423,,normal
O1984195976,121.4074851,31.2097453,,normal
O1984195978,121.410043,31.206437,,normal
O1984195979,121.4086506,31.2062163,,normal
O1984195980,121.4101129,31.2079021,,normal
O1984201348,121.4208364,31.2089599,,normal
O1984201351,121.4208232,31.2091034,,normal
O1984211685,121.4291517,31.2107064,,normal
O1984211688,121.4275317,31.2103322,,normal
O1984211689,121.4310253,31.2129335,,normal
O1984211690,121.429687,31.2112787,,normal
O1984211691,121.4300328,31.2113897,,normal
O1984211692,121.4301031,31.2115698,,normal
O1984211695,121.4295009,31.2108375,,normal
O1984211696,121.4308426,31.2125016,,normal
O1984211697,121.4303149,31.2121354,,normal
O1984211700,121.4303213,31.2117743,,normal
O1984211701,121.4310162,31.2131141,,normal
O1984212343,121.4276521,31.2102531,,normal
O1984212349,121.4286117,31.2102797,,normal
O1984265229,121.4228332,31.209411,,normal
O1984265232,121.4259526,31.2100277,,normal
O1984271641,121.4423378,31.2196912,,normal
O1984271647,121.4413473,31.2195359,,normal
O1984271653,121.4390046,31.2182009,,normal
O1984271656,121.4479931,31.2213703,,normal
O1984271659,121.4446416,31.2207531,,normal
O1984271662,121.4480379,31.2212526,,normal
O1984271673,121.4474841,31.2213326,,normal
O1984271698,121.4425426,31.2197653,,normal
O1984271701,121.4383655,31.2179346,,normal
O1984271704,121.4493041,31.2216337,,normal
O1984271706,121.4439312,31.2202906,,normal
O1984271708,121.4497378,31.2219288,,normal
O1984271710,121.4447382,31.2205961,,normal
O1984271715,121.4490596,31.2216845,,normal
O1984271717,121.4384333,31.2176688,,normal
O1984271719,121.4446985,31.2206558,,normal
O1984271723,121.4503519,31.2220387,,normal
O2049780802,121.4732251,31.2227038,,normal
O2049780804,121.4745544,31.2232518,,normal
O2049780805,121.4733677,31.2226254,,normal
O2049780806,121.473755,31.2242297,,normal
O2049780807,121.4739899,31.2241154,,normal
O2049780809,121.4737465,31.2217956,,normal
O2049780810,121.473612,31.221848,,normal
O2049780811,121.4789907,31.2196101,,normal
O2049780812,121.4774527,31.2200844,,normal
O2049780813,121.4673099,31.2239745,,normal
O2049780814,121.4757379,31.2225827,,normal
O2049780815,121.4736815,31.2219478,,normal
O2049780816,121.4750185,31.2223525,,normal
O2049780817,121.4753529,31.2237019,,normal
O2049780818,121.4744982,31.2230356,,normal
O2049780820,121.475942,31.2187457,,normal
O2049780821,121.4750938,31.2216075,,normal
O2049780825,121.478849,31.2196456,,normal
O2049780826,121.4780387,31.2190013,,normal
O2049780827,121.4769689,31.2211256,,normal
O2049780828,121.478944,31.2194494,,normal
O2049780829,121.4748862,31.2244816,,normal
O2049780830,121.4760517,31.2218065,,normal
O2049780832,121.4748742,31.2223773,,normal
O2049780833,121.4769574,31.2217979,,normal
O2049780834,121.476116,31.2219097,,normal
O2049780835,121.4779549,31.219079,,normal
O2049780837,121.4751986,31.2217189,,normal
O2049780838,121.4738032,31.2219157,,normal
O2049780839,121.4770493,31.2212361,,normal
O2049780841,121.4673162,31.2232258,,normal
O2049780843,121.4758594,31.2225283,,normal
O2049780844,121.4768324,31.2216867,,normal
O2049780845,121.4742923,31.2231432,,normal
O2049780847,121.4751078,31.2245416,,normal
O2049780848,121.4757806,31.2226957,,normal
O2049780851,121.4787443,31.2201966,,normal
O2049780853,121.4668577,31.2239099,,normal
O2049780855,121.4786089,31.2202663,,normal
O2049780856,121.4740333,31.2212941,,normal
O2049780857,121.4760539,31.2186299,,normal
O2049780858,121.4740969,31.2243126,,normal
O2049780860,121.4749417,31.2222459,,normal
O2049780861,121.4740988,31.2211444,,normal
O2049780863,121.4780228,31.2199964,,normal
O2049780864,121.4739814,31.22118,,normal
O2049780865,121.4785426,31.220099,,normal
O2049780866,121.4760112,31.2184756,,normal
O2049780867,121.4786917,31.2200209,,normal
O2049780868,121.4733923,31.2227733,,normal
O2049780869,121.4752609,31.2215464,,normal
O2049780870,121.4676148,31.2240348,,normal
O2049780871,121.4741788,31.2212643,,normal
O2049780874,121.4747869,31.2222716,,normal
O2049780875,121.4753456,31.2216663,,normal
O2049780876,121.4738547,31.224397,,normal
O2049780879,121.474368,31.2232847,,normal
O2151684690,121.4669705,31.211918,,normal
O2151684691,121.4696247,31.2105577,,normal
O2151684693,121.4689922,31.2122707,,normal
O2151710921,121.4650118,31.2099122,,normal
O2151710922,121.4643008,31.2102943,,normal
O2151710923,121.4638545,31.2110732,,normal
O2151710924,121.4648144,31.210495,,normal
O2151710925,121.4650377,31.2099272,,normal
O2151714128,121.4579971,31.2073965,,normal
O2151714134,121.4618506,31.2078284,,normal
O2181350351,121.4532091,31.2419036,,normal
O2181350353,121.4535981,31.2422292,,normal
O2181350354,121.4513578,31.2406813,,normal
O2181350358,121.4541797,31.2408342,,normal
O2181350359,121.4519618,31.240839,,normal
O2181350365,121.4551525,31.2434923,,normal
O2181350369,121.4522127,31.2409217,,normal
O2181350371,121.4523869,31.2409185,,normal
O2181350376,121.453064,31.2417476,,normal
O2181350378,121.4551485,31.2434243,,normal
O2181350388,121.4523623,31.2409876,,normal
O2182880301,121.4535127,31.2423069,,normal
O2182895571,121.4569531,31.237072,,normal
O2182895574,121.4567777,31.2371693,,normal
O2182895576,121.4570163,31.2370689,,normal
O2185138884,121.4584968,31.2389145,,normal
O2292202163,121.4637226,31.2503911,,normal
O2292202166,121.4632119,31.2507649,,normal
O2292202168,121.4645444,31.2507762,,normal
O2292202169,121.4630022,31.2508434,,normal
O2292202171,121.461677,31.2513447,,normal
O2292202180,121.4611164,31.2514463,,normal
O2298470762,121.4169771,31.2389128,,normal
O2298470763,121.4184425,31.2399235,,normal
O2298470764,121.4188351,31.2400465,,normal
O2298470768,121.4258861,31.2419029,,normal
O2298470773,121.425743,31.2422346,,normal
O2298470774,121.4257084,31.2422921,,normal
O2298470775,121.4256737,31.2423556,,normal
O2298470776,121.4256413,31.2424307,,normal
O2298470777,121.4256136,31.2424862,,normal
O2298470778,121.4255743,31.2425515,,normal
O2298470779,121.4255142,31.2426328,,normal
O2298470780,121.4254425,31.2427338,,normal
O2298470781,121.4253709,31.2428427,,normal
O2298470782,121.4252622,31.243021,,normal
O2298470783,121.4251929,31.2431517,,normal
O2298470784,121.4251007,31.243353,,normal
O2298470785,121.4249882,31.2436496,,normal
O2298470786,121.4247404,31.2444585,,normal
O2298470787,121.4247234,31.2445136,,normal
O2298470788,121.4266988,31.2446547,,normal
O2298470789,121.4246395,31.244785,,normal
O2298485636,121.4336066,31.234091,,normal
O2298485639,121.4335558,31.2341861,,normal
O2298485640,121.4332016,31.2349588,,normal
O2298485642,121.4329332,31.2350105,,normal
O2298485644,121.4331643,31.2351528,,normal
O2298485648,121.4332041,31.236545,,normal
O2298485654,121.4327211,31.237249,,normal
O2298485656,121.4320277,31.2373879,,normal
O2298514188,121.4374696,31.2329845,,normal
O2298514190,121.4373929,31.2330827,,normal
O2298514191,121.4372786,31.2332172,,normal
O2298514193,121.4347885,31.2335709,,normal
O2298514196,121.4349452,31.2336992,,normal
O2298514198,121.43679,31.2337331,,normal
O2298514199,121.4366691,31.233869,,normal
O2298514201,121.4365499,31.2340147,,normal
O2298514203,121.4359038,31.2343526,,normal
O2298514205,121.4361642,31.2345179,,normal
O2298586959,121.4291807,31.2231912,,normal
O2298586960,121.4294114,31.2234439,,normal
O2298586961,121.4296946,31.2238356,,normal
O2298586965,121.4303282,31.2242892,,normal
O2298586966,121.4304374,31.2243297,,normal
O2298586968,121.4316917,31.2245255,,normal
O2298586971,121.4303973,31.2254368,,normal
O2298586972,121.4294779,31.2261377,,normal
O2298586973,121.4294171,31.2262614,,normal
O2298586974,121.4293917,31.2263595,,normal
O2298586975,121.4293091,31.2269863,,normal
O2298586980,121.4290489,31.2277026,,normal
O2298586981,121.4290365,31.2277827,,normal
O2298586982,121.4290806,31.227924,,normal
O2298586983,121.4291292,31.22798,,normal
O2298619532,121.4282615,31.2238711,,normal
O2298619535,121.4287236,31.224227,,normal
O2298619549,121.4293851,31.2246323,,normal
O2298619551,121.4296519,31.2247825,,normal
O2298619554,121.4298542,31.2249218,,normal
O2298632143,121.4299773,31.2250312,,normal
O2298632144,121.4296057,31.2253145,,normal
O2298632145,121.4294041,31.2254345,,normal
O2298638248,121.4308089,31.2258476,,normal
O2298638249,121.430868,31.2258996,,normal
O2298638250,121.4309204,31.2259357,,normal
O2298638251,121.4313671,31.2259592,,normal
O2298638252,121.4310266,31.2259838,,normal
O2298638254,121.4310886,31.2259877,,normal
O2298638255,121.4290489,31.227859,,normal
O2306577219,121.4357544,31.2233245,,normal
O2306747383,121.4200951,31.218985,,normal
O2306747385,121.4213402,31.2192423,,normal
O2306747387,121.4270602,31.2233281,,normal
O2306747389,121.4269564,31.2233536,,normal
O2306747399,121.4239438,31.2244609,,normal
O2306747401,121.4267394,31.2247243,,normal
O2306747403,121.4237635,31.224861,,normal
O2306747405,121.4237384,31.224931,,normal
O2306747409,121.4236416,31.2252481,,normal
O2306747411,121.4235069,31.2253284,,normal
O2306747413,121.4231793,31.2254693,,normal
O2306747415,121.4226724,31.2255714,,normal
O2306747418,121.4276754,31.2267176,,normal
O2318459728,121.4193147,31.254154,,normal
O2318459729,121.416147,31.2589907,,normal
O2318459730,121.4161111,31.2590422,,normal
O2318459731,121.4160654,31.2590977,,normal
O2318459732,121.4160144,31.2591534,,normal
O2318459733,121.4159639,31.2592001,,normal
O2318459735,121.4159046,31.2592478,,normal
O2318459739,121.4158374,31.2592919,,normal
O2318459743,121.415761,31.2593357,,normal
O2318459745,121.4156865,31.2593725,,normal
O2318459747,121.4156018,31.2594072,,normal
O2318459749,121.415513,31.2594328,,normal
O2318459750,121.4154282,31.2594487,,normal
O2318459751,121.4153258,31.2594608,,normal
O2318459753,121.4126035,31.2596628,,normal
O2318459756,121.4119971,31.2596917,,normal
O2318488410,121.4130957,31.2522668,,normal
O2318488418,121.4145938,31.2525475,,normal
O2318488420,121.4147572,31.252588,,normal
O2318488424,121.4147686,31.2526502,,normal
O2318488426,121.4192311,31.2539633,,normal
O2318488428,121.4191993,31.2540061,,normal
O2318488430,121.4195458,31.2541678,,normal
O2318488432,121.4195107,31.2542094,,normal
O2318488434,121.4205241,31.2548614,,normal
O2318488436,121.4205782,31.2548998,,normal
O2318488438,121.4204846,31.254908,,normal
O2318488440,121.4205589,31.2549613,,normal
O2318488442,121.4207837,31.2550454,,normal
O2318488444,121.4129693,31.2550811,,normal
O2318488445,121.4205193,31.2550876,,normal
O2318488447,121.420738,31.2550898,,normal
O2318488449,121.4132466,31.255154,,normal
O2318488451,121.4134493,31.2552074,,normal
O2318488455,121.4199496,31.2567361,,normal
O2318488457,121.420002,31.256739,,normal
O2318488459,121.4198999,31.2567506,,normal
O2318488461,121.4200491,31.2567588,,normal
O2318488463,121.4198604,31.2567802,,normal
O2318488465,121.4200838,31.2567926,,normal
O2318488467,121.4198373,31.2568206,,normal
O2318488469,121.4201006,31.2568351,,normal
O2318488471,121.4198338,31.2568654,,normal
O2318488473,121.4200972,31.2568799,,normal
O2318488475,121.4200912,31.256894,,normal
O2318488477,121.4198506,31.2569079,,normal
O2318488479,121.420074,31.2569203,,normal
O2318488481,121.4198853,31.2569417,,normal
O2318488483,121.4200345,31.2569499,,normal
O2318488485,121.4199324,31.2569616,,normal
O2318488486,121.4199848,31.2569644,,normal
O2318509287,121.421621,31.2557278,,normal
O2318509290,121.4216598,31.255774,,normal
O2318509292,121.4216809,31.2558214,,normal
O2318509294,121.4216986,31.2558822,,normal
O2318509296,121.4220433,31.2559566,,normal
O2318509298,121.4217172,31.2559929,,normal
O2318509300,121.4219603,31.256259,,normal
O2318509302,121.421872,31.2562643,,normal
O2318509303,121.422216,31.25768,,normal
O2318509306,121.4218986,31.2577049,,normal
O2318509308,121.4223053,31.2585712,,normal
O2318509310,121.4219927,31.2585935,,normal
O2318509311,121.4223386,31.2589034,,normal
O2318509313,121.422028,31.2589264,,normal
O2318528733,121.4224854,31.2596287,,normal
O2318537714,121.4160821,31.2467657,,normal
O2318537732,121.4150354,31.2476589,,normal
O2318537735,121.4151373,31.2477248,,normal
O2318537739,121.4213425,31.2480606,,normal
O2325767887,121.406798,31.23779,,normal
O2325767891,121.4073235,31.2380913,,normal
O2325790197,121.4119309,31.2437935,,normal
O2325790205,121.4121865,31.2438629,,normal
O2325790211,121.4123787,31.2439401,,normal
O2325790217,121.4127365,31.244253,,normal
O2325852881,121.4075682,31.2426031,,normal
O2325852882,121.407626,31.2428476,,normal
O2325852883,121.407638,31.24293,,normal
O2325852884,121.4076437,31.2429971,,normal
O2325852885,121.4076402,31.2430813,,normal
O2325852886,121.4076303,31.2431524,,normal
O2325852887,121.4070715,31.245231,,normal
O2329789972,121.4603422,31.2216941,,normal
O2341553950,121.4039741,31.2452889,,normal
O2341553951,121.403723,31.2453034,,normal
O2341553952,121.4034681,31.2455794,,normal
O2341553953,121.4034681,31.2457098,,normal
O2341553954,121.4034659,31.2458366,,normal
O2341553955,121.4034529,31.2460137,,normal
O2341553956,121.403795,31.2460547,,normal
O2341553958,121.4040958,31.2460734,,normal
O2341553959,121.4051767,31.2461201,,normal
O2341553960,121.4055624,31.24615,,normal
O2341553961,121.4056866,31.2461633,,normal
O2343487190,121.4090803,31.2180525,,normal
O2343487191,121.4092149,31.2181192,,normal
O2343487192,121.4092932,31.2181477,,normal
O2343487193,121.4095851,31.2181476,,normal
O2343538822,121.4126537,31.2174731,,normal
O2343538829,121.4126637,31.2176605,,normal
O2343538844,121.4141915,31.2202265,,normal
O2343538851,121.4136931,31.2202486,,normal
O2343538856,121.4134153,31.22026,,normal
O2343538860,121.4114869,31.2204048,,normal
O2343538867,121.4110599,31.2204314,,normal
O2343538871,121.4128137,31.2204356,,normal
O2343538874,121.4127032,31.2205234,,normal
O2343538878,121.4142105,31.2205505,,normal
O2343538881,121.4122334,31.2205601,,normal
O2343538885,121.4119751,31.2206136,,normal
O2343538888,121.4123115,31.2206078,,normal
O2343538891,121.4116064,31.2206871,,normal
O2343538894,121.4142155,31.2206266,,normal
O2343538897,121.4141317,31.2208254,,normal
O2343538901,121.4134815,31.2225415,,normal
O2346183499,121.4296577,31.2334318,,normal
O2346183507,121.4294378,31.2335558,,normal
O2346183511,121.4292129,31.2337122,,normal
O2346183514,121.4299486,31.2337895,,normal
O2346183518,121.4290003,31.2338639,,normal
O2346183521,121.4286826,31.2341046,,normal
O2346183524,121.4285781,31.2341923,,normal
O2346183527,121.4293405,31.2342397,,normal
O2346183530,121.4284737,31.2342857,,normal
O2346183533,121.4291759,31.2343559,,normal
O2346183537,121.4283343,31.2344181,,normal
O2346183540,121.4290049,31.2344716,,normal
O2346183543,121.4281803,31.2345463,,normal
O2346183546,121.4288257,31.2345907,,normal
O2346183549,121.428653,31.2347135,,normal
O2346183553,121.4284833,31.2348349,,normal
O2346183556,121.427942,31.2352831,,normal
O2346183559,121.4268633,31.2355706,,normal
O2346183566,121.4267725,31.2356237,,normal
O2346183576,121.4284319,31.2355892,,normal
O2346183588,121.4266493,31.2356774,,normal
O2346183610,121.4300954,31.2357196,,normal
O2346183613,121.4265191,31.2357475,,normal
O2346183619,121.4264169,31.235789,,normal
O2346183625,121.4263624,31.2358384,,normal
O2346183630,121.4263429,31.2358673,,normal
O2346183633,121.4263364,31.2358898,,normal
O2346183636,121.4263396,31.2359103,,normal
O2346183639,121.4263472,31.2359289,,normal
O2346183642,121.4268599,31.2360945,,normal
O2346183645,121.4268317,31.2361327,,normal
O2346183648,121.4268153,31.2361692,,normal
O2346183651,121.4268066,31.2362083,,normal
O2346183654,121.4267996,31.236233,,normal
O2346183657,121.4267888,31.2362554,,normal
O2346183661,121.4267719,31.2362733,,normal
O2346183663,121.4267376,31.2362985,,normal
O2346241648,121.4358491,31.2402001,,normal
O2346241665,121.4352435,31.2404341,,normal
O2346241669,121.4341203,31.2408044,,normal
O2346255703,121.4321391,31.2384866,,normal
O2355864316,121.4442123,31.24329,,normal
O2355891366,121.4396581,31.2368996,,normal
O2355891367,121.445284,31.2378439,,normal
O2355891369,121.4449196,31.23827,,normal
O2355891370,121.444668,31.2387349,,normal
O2355891371,121.4434999,31.2383675,,normal
O2355891374,121.4445814,31.2388893,,normal
O2355891376,121.4458485,31.2392516,,normal
O2355891378,121.4444231,31.2404072,,normal
O2355892983,121.4463462,31.2349369,,normal
O2355892984,121.4460499,31.2351735,,normal
O2355892985,121.4458454,31.2353166,,normal
O2355892986,121.4447904,31.2360703,,normal
O2355892987,121.4445923,31.2361115,,normal
O2355892988,121.4446862,31.2361942,,normal
O2355892989,121.4442729,31.2361534,,normal
O2355892990,121.4436516,31.2362831,,normal
O2355892991,121.4444918,31.2367638,,normal
O2355892992,121.4444203,31.2369088,,normal
O2355898100,121.4508562,31.2404309,,normal
O2355898111,121.4498445,31.241668,,normal
O2355898131,121.4497045,31.2418281,,normal
O2355898133,121.4496847,31.2419836,,normal
O2355987910,121.4217215,31.2432001,,normal
O2355987912,121.4213792,31.2436342,,normal
O2355987914,121.4213508,31.2436675,,normal
O2355987918,121.4223284,31.2441258,,normal
O2356000366,121.4337182,31.2511221,,normal
O2356000367,121.4341351,31.2515331,,normal
O2356000368,121.4330204,31.2516419,,normal
O2356000369,121.4331828,31.2517004,,normal
O2356000370,121.4332644,31.2517357,,normal
O2356000371,121.4333408,31.2517826,,normal
O2356000372,121.4335326,31.2519453,,normal
O2356192441,121.4355198,31.2531368,,normal
O2356192442,121.435194,31.2534176,,normal
O2356192443,121.4351456,31.2534655,,normal
O2356192444,121.4351079,31.2535159,,normal
O2356192445,121.434871,31.2539183,,normal
O2356192446,121.4348318,31.2539778,,normal
O2356192447,121.4347715,31.2540438,,normal
O2356192448,121.4347071,31.2541224,,normal
O2356192449,121.4346381,31.2542155,,normal
O2356192450,121.4346243,31.2542545,,normal
O2356192451,121.4322979,31.254264,,normal
O2356192452,121.4346282,31.2542941,,normal
O2356192453,121.4346512,31.2543327,,normal
O2356192454,121.4324171,31.254353,,normal
O2356192455,121.434694,31.2543711,,normal
O2356192456,121.4326979,31.254597,,normal
O2356192457,121.432944,31.2548643,,normal
O2356192458,121.4354827,31.2548985,,normal
O2356192459,121.4351135,31.2553084,,normal
O2356192460,121.4350238,31.255389,,normal
O2356192461,121.4349342,31.2554567,,normal
O2356192462,121.434805,31.2555291,,normal
O2356192463,121.4346813,31.2555878,,normal
O2356192464,121.4335938,31.2555842,,normal
O2356192465,121.4345235,31.255631,,normal
O2356192467,121.4340157,31.2556548,,normal
O2356207388,121.4321088,31.2518161,,normal
O2356207394,121.4318824,31.2523496,,normal
O2356207398,121.4326478,31.2526154,,normal
O2356207414,121.4330549,31.2526942,,normal
O2356207423,121.4332786,31.2527164,,normal
O2356207431,121.4334716,31.2527788,,normal
O2356207439,121.4335733,31.2528433,,normal
O2356207441,121.434191,31.2530889,,normal
O2356207445,121.4342825,31.2531314,,normal
O2356207469,121.4343444,31.253166,,normal
O2356207472,121.4343945,31.2532005,,normal
O2356207475,121.4344405,31.2532362,,normal
O2356207478,121.4344917,31.2532792,,normal
O2356207481,121.4345354,31.2533084,,normal
O2356207484,121.4345867,31.2533302,,normal
O2356207487,121.4346508,31.2533457,,normal
O2356207490,121.4347403,31.2533538,,normal
O2356207493,121.4348065,31.2533619,,normal
O2356207496,121.4348621,31.2533784,,normal
O2356207499,121.4349304,31.2534084,,normal
O2356275275,121.4374972,31.2482394,,normal
O2356275276,121.4373146,31.2482409,,normal
O2356275277,121.4375666,31.2482626,,normal
O2356275278,121.4372301,31.2482669,,normal
O2356275279,121.43763,31.2483051,,normal
O2356275280,121.4376707,31.2483581,,normal
O2356275281,121.43771,31.2484266,,normal
O2356275282,121.4368514,31.2485286,,normal
O2356275283,121.4368121,31.248592,,normal
O2356275284,121.4378353,31.2486927,,normal
O2356275285,121.4378684,31.2488167,,normal
O2356275286,121.4379091,31.2488782,,normal
O2356275287,121.4433488,31.2493603,,normal
O2356275288,121.4429686,31.2494346,,normal
O2356275289,121.4439688,31.2494057,,normal
O2356275290,121.4425794,31.2495786,,normal
O2356275291,121.4424813,31.2495982,,normal
O2356275294,121.4439114,31.2502196,,normal
O2356275295,121.4438794,31.2505287,,normal
O2356275296,121.4438664,31.2506357,,normal
O2356275297,121.4438489,31.2507404,,normal
O2356275298,121.4438259,31.2508461,,normal
O2356275299,121.4437961,31.2509532,,normal
O2356275300,121.4386766,31.2509626,,normal
O2356275301,121.4437457,31.2511009,,normal
O2356275302,121.4436796,31.2512566,,normal
O2356275303,121.4436051,31.2513985,,normal
O2356275304,121.4388495,31.2514358,,normal
O2356275305,121.4435228,31.2515426,,normal
O2356275306,121.4434334,31.2516867,,normal
O2356275307,121.4390032,31.2519347,,normal
O2356275308,121.4393258,31.2527871,,normal
O2356275309,121.442528,31.252931,,normal
O2356275310,121.4424538,31.2530271,,normal
O2356275311,121.4396197,31.2530903,,normal
O2356275312,121.4423673,31.2531227,,normal
O2356275313,121.4422841,31.2532129,,normal
O2356275314,121.4398128,31.2532232,,normal
O2356275315,121.4421964,31.2532991,,normal
O2356275316,121.4420985,31.2533923,,normal
O2356275317,121.4403424,31.2534085,,normal
O2356275318,121.4373485,31.2534144,,normal
O2356275319,121.4445322,31.2534256,,normal
O2356275320,121.4407,31.2534946,,normal
O2356275321,121.4410335,31.2535614,,normal
O2356275322,121.4362969,31.253575,,normal
O2356275323,121.4418492,31.2535864,,normal
O2356275324,121.442875,31.2536473,,normal
O2356275325,121.4420904,31.2536681,,normal
O2356275326,121.4424137,31.2536685,,normal
O2356275327,121.4416612,31.2537101,,normal
O2356275328,121.4367151,31.2537451,,normal
O2356275329,121.4368365,31.2537511,,normal
O2356275330,121.4369295,31.2537616,,normal
O2356275331,121.4370644,31.2537941,,normal
O2356275332,121.4371732,31.2538335,,normal
O2356275333,121.4372856,31.2538891,,normal
O2356275334,121.4373731,31.2539427,,normal
O2356275335,121.4414514,31.2539432,,normal
O2356275336,121.4414087,31.254023,,normal
O2356275337,121.4413821,31.2541001,,normal
O2356275338,121.4376249,31.2541123,,normal
O2356275339,121.4364615,31.2541192,,normal
O2356275340,121.4377174,31.2541741,,normal
O2356275341,121.4413628,31.2541812,,normal
O2356275342,121.437817,31.2542272,,normal
O2356275343,121.4365613,31.2542599,,normal
O2356275344,121.4379045,31.2542637,,normal
O2356275345,121.4413292,31.2543775,,normal
O2356275346,121.4367785,31.2544924,,normal
O2356275347,121.4368383,31.2545307,,normal
O2356275348,121.4368947,31.2545547,,normal
O2356275349,121.4375043,31.2546414,,normal
O2356275350,121.441177,31.255231,,normal
O2356275351,121.4411481,31.2552914,,normal
O2356275352,121.4411086,31.2553464,,normal
O2356275353,121.4410477,31.25541,,normal
O2356275354,121.440935,31.2555014,,normal
O2356275355,121.4408528,31.2555463,,normal
O2356275356,121.4402165,31.2556596,,normal
O2356275357,121.4403292,31.2556629,,normal
O2356275991,121.4294228,31.2463198,,normal
O2356275992,121.4291677,31.2466163,,normal
O2356329813,121.4622913,31.235536,,normal
O2356329816,121.462649,31.2357126,,normal
O2356329818,121.463686,31.2361405,,normal
O2356329820,121.4640036,31.2362495,,normal
O2356329824,121.4614856,31.2363762,,normal
O2356329826,121.4643489,31.2363729,,normal
O2356329830,121.4649073,31.236613,,normal
O2365827799,121.4229407,31.2138527,,normal
O2365827800,121.4254711,31.214197,,normal
O2365827801,121.4256019,31.2142074,,normal
O2365827802,121.4256713,31.2142206,,normal
O2365827803,121.4257251,31.2142363,,normal
O2365827804,121.4257821,31.2142601,,normal
O2365827805,121.4258328,31.2142904,,normal
O2365827806,121.4258806,31.2143179,,normal
O2365827807,121.4259406,31.2143456,,normal
O2365827808,121.4260206,31.2143719,,normal
O2365827809,121.4260991,31.2143943,,normal
O2365827810,121.4262819,31.2144272,,normal
O2365827811,121.4266102,31.2144953,,normal
O2365827812,121.4271413,31.2145911,,normal
O2365827813,121.4272458,31.2146174,,normal
O2365827814,121.4293624,31.2146179,,normal
O2365827815,121.4294086,31.2146191,,normal
O2365827816,121.4293101,31.2146231,,normal
O2365827817,121.4294578,31.2146257,,normal
O2365827818,121.4292592,31.2146351,,normal
O2365827819,121.4272967,31.2146384,,normal
O2365827820,121.4292254,31.2146496,,normal
O2365827821,121.4273366,31.2146608,,normal
O2365827822,121.4291931,31.214672,,normal
O2365827823,121.4273705,31.2146898,,normal
O2365827824,121.4251529,31.2146961,,normal
O2365827825,121.4291654,31.2146984,,normal
O2365827826,121.4298025,31.2147017,,normal
O2365827827,121.4273952,31.2147069,,normal
O2365827828,121.4291408,31.2147314,,normal
O2365827829,121.428008,31.2147377,,normal
O2365827830,121.4279722,31.2147452,,normal
O2365827831,121.4281819,31.2147535,,normal
O2365827833,121.4279396,31.2147639,,normal
O2365827836,121.4279095,31.2147695,,normal
O2365827837,121.4283159,31.2147704,,normal
O2365827839,121.4291023,31.2147816,,normal
O2365827840,121.4284497,31.2147861,,normal
O2365827841,121.4286052,31.2148005,,normal
O2365827842,121.4290792,31.2148053,,normal
O2365827843,121.4290484,31.2148172,,normal
O2365827844,121.4290161,31.2148251,,normal
O2365827845,121.4289684,31.2148291,,normal
O2365827846,121.4303275,31.2148319,,normal
O2365827847,121.4305874,31.2149013,,normal
O2365827848,121.4306643,31.2149263,,normal
O2365827849,121.4307028,31.2149473,,normal
O2365827850,121.4307243,31.2149697,,normal
O2365827851,121.4307335,31.215,,normal
O2365827852,121.4307443,31.2150343,,normal
O2365827853,121.4307628,31.2150567,,normal
O2365827854,121.4307875,31.2150751,,normal
O2365827855,121.4308244,31.2150883,,normal
O2365827856,121.4312322,31.2151736,,normal
O2365827857,121.4276074,31.2152193,,normal
O2365827858,121.4284552,31.2152421,,normal
O2365827859,121.4315631,31.215247,,normal
O2365827860,121.4286174,31.2152642,,normal
O2365827861,121.4317277,31.2152877,,normal
O2365827862,121.4318246,31.2153179,,normal
O2365827863,121.43192,31.2153587,,normal
O2365827864,121.4324023,31.2155764,,normal
O2365827865,121.430868,31.2157181,,normal
O2365827866,121.4285465,31.2187203,,normal
O2365827867,121.4291039,31.2187344,,normal
O2365827868,121.4300304,31.2188574,,normal
O2365827869,121.4305936,31.2190361,,normal
O2365827870,121.4308319,31.2191571,,normal
O2365827871,121.4313366,31.2194598,,normal
O2365827872,121.4316705,31.2196058,,normal
O2365827873,121.4318798,31.2196873,,normal
O2365897155,121.4267509,31.2167544,,normal
O2365897156,121.4275759,31.2167817,,normal
O2365897157,121.4276673,31.2167816,,normal
O2365897158,121.4274714,31.2167967,,normal
O2365897160,121.4277826,31.2167927,,normal
O2365897163,121.4274148,31.2168004,,normal
O2365897165,121.4279351,31.2168038,,normal
O2365897167,121.4280742,31.2168116,,normal
O2365897169,121.428363,31.2168264,,normal
O2365897171,121.4284849,31.216835,,normal
O2365897173,121.4289551,31.2168904,,normal
O2365897175,121.4290095,31.2169258,,normal
O2365897177,121.4296102,31.2170109,,normal
O2365897179,121.4225855,31.2171062,,normal
O2365897181,121.4237978,31.2171492,,normal
O2365897184,121.426669,31.2172336,,normal
O2365897186,121.426488,31.217784,,normal
O2365897187,121.4264642,31.2178848,,normal
O2365897189,121.4264467,31.2179855,,normal
O2365897191,121.4279276,31.2187504,,normal
O2366018566,121.430311,31.203228,,normal
O2366018567,121.4283871,31.2037614,,normal
O2366018568,121.4302856,31.2038251,,normal
O2366018569,121.4279037,31.2039132,,normal
O2366018570,121.4260776,31.2045044,,normal
O2366018571,121.4312683,31.204579,,normal
O2366018572,121.4294128,31.2048986,,normal
O2366018573,121.4292839,31.2052467,,normal
O2366018574,121.42646,31.2057009,,normal
O2366018575,121.4265306,31.2057336,,normal
O2366018576,121.4265653,31.2057786,,normal
O2366018577,121.4292926,31.2057984,,normal
O2366018578,121.4313494,31.2059233,,normal
O2366018579,121.4293113,31.2061288,,normal
O2366018580,121.4226752,31.2061492,,normal
O2366018581,121.4293316,31.2063767,,normal
O2366018582,121.4239178,31.2064037,,normal
O2366018583,121.4228754,31.206471,,normal
O2366018584,121.4197048,31.2065667,,normal
O2366018585,121.4239525,31.2065841,,normal
O2366018586,121.4313763,31.2066383,,normal
O2366018587,121.429361,31.2066396,,normal
O2366018588,121.4230022,31.2066943,,normal
O2366018590,121.4239836,31.206773,,normal
O2366018591,121.4230453,31.2067906,,normal
O2366018592,121.428004,31.2068141,,normal
O2366018593,121.4278475,31.2068244,,normal
O2366018594,121.4276834,31.2068434,,normal
O2366018595,121.4273162,31.2068713,,normal
O2366018596,121.4270071,31.2068867,,normal
O2366018597,121.4264193,31.2069038,,normal
O2366018598,121.4254495,31.2069336,,normal
O2366018599,121.4231027,31.2069362,,normal
O2366018600,121.4248288,31.2069445,,normal
O2366018601,121.4241452,31.2069594,,normal
O2366018602,121.4231255,31.2069646,,normal
O2366018603,121.4231535,31.2069856,,normal
O2366018604,121.4237475,31.2069989,,normal
O2366018605,121.4231933,31.2070051,,normal
O2366018606,121.423585,31.207015,,normal
O2366018607,121.4234789,31.2070216,,normal
O2366018608,121.4232576,31.2070239,,normal
O2366018609,121.4233823,31.2070251,,normal
O2366018610,121.42057,31.2071442,,normal
O2366018611,121.4201369,31.2071595,,normal
O2366018612,121.4202148,31.2071609,,normal
O2366018613,121.4204721,31.2071708,,normal
O2366018614,121.4203755,31.2071767,,normal
O2366018615,121.4200743,31.2071798,,normal
O2366018616,121.429468,31.2071763,,normal
O2366018617,121.4199642,31.207235,,normal
O2366018618,121.4314128,31.2071838,,normal
O2366018619,121.4264148,31.2072788,,normal
O2366018620,121.4294816,31.2072849,,normal
O2366018621,121.4294848,31.207386,,normal
O2366018622,121.4232909,31.2074505,,normal
O2366018623,121.4194356,31.2075068,,normal
O2366018624,121.4264172,31.2075124,,normal
O2366018625,121.4204949,31.2075429,,normal
O2366018626,121.419268,31.2075581,,normal
O2366018627,121.4205169,31.2076559,,normal
O2366018628,121.4187317,31.2076597,,normal
O2366018629,121.4240125,31.2077188,,normal
O2366018630,121.4264292,31.2077215,,normal
O2366018631,121.4233089,31.207804,,normal
O2366018632,121.4239874,31.2079976,,normal
O2366018633,121.4232055,31.2080203,,normal
O2366018634,121.4239713,31.2081566,,normal
O2366018635,121.4264389,31.2082995,,normal
O2366018636,121.4231633,31.2085204,,normal
O2366018637,121.426446,31.2085516,,normal
O2366018638,121.426458,31.2086807,,normal
O2366018639,121.4231363,31.2087074,,normal
O2366018640,121.4238106,31.2088877,,normal
O2366018641,121.4230973,31.2088973,,normal
O2366018642,121.4265226,31.208984,,normal
O2366018643,121.4265466,31.2091091,,normal
O2366018644,121.426549,31.2092095,,normal
O2366018645,121.4265346,31.2093202,,normal
O2366018646,121.4231449,31.2094107,,normal
O2366018647,121.4294411,31.2097078,,normal
O2366018648,121.4263887,31.2100753,,normal
O2366018651,121.4293732,31.2104378,,normal
O2366018653,121.4293167,31.210509,,normal
O2366018655,121.4202193,31.2108167,,normal
O2366018656,121.4202485,31.2111239,,normal
O2366018657,121.420286,31.2111767,,normal
O2366018658,121.4202171,31.2113825,,normal
O2366018659,121.4201105,31.2118741,,normal
O2366018660,121.4201089,31.2119443,,normal
O2366018661,121.4200014,31.2126529,,normal
O2366018662,121.4201469,31.2126596,,normal
O2366018663,121.4205222,31.2127186,,normal
O2366018664,121.4203139,31.2135851,,normal
O2366018665,121.4201959,31.2140402,,normal
O2366018666,121.4200552,31.2146363,,normal
O2366018667,121.4199992,31.2147309,,normal
O2366018668,121.421664,31.2149546,,normal
O2366018669,121.421133,31.2150026,,normal
O2366018670,121.420973,31.2150186,,normal
O2366018671,121.4208013,31.2150465,,normal
O2366018672,121.4199019,31.215099,,normal
O2366018673,121.4201125,31.2152018,,normal
O2366018674,121.4200163,31.2152474,,normal
O2366018675,121.4198346,31.2152789,,normal
O2366018676,121.4179604,31.215399,,normal
O2366018677,121.419857,31.2153969,,normal
O2366018678,121.4197983,31.215479,,normal
O2366018679,121.4181102,31.2154884,,normal
O2366018680,121.4197264,31.2155694,,normal
O2366018681,121.419549,31.2156946,,normal
O2366018682,121.4185709,31.2156981,,normal
O2366018683,121.4194515,31.2157264,,normal
O2366018684,121.4186946,31.2157316,,normal
O2366018685,121.422608,31.2157343,,normal
O2366018686,121.4193472,31.2157384,,normal
O2366018687,121.4198285,31.2157436,,normal
O2366018688,121.4199118,31.215802,,normal
O2366018689,121.4199605,31.2158636,,normal
O2366018690,121.4225384,31.215943,,normal
O2366018691,121.4221221,31.2159774,,normal
O2366018692,121.4222241,31.2159813,,normal
O2366018693,121.4219783,31.2159854,,normal
O2366018694,121.4223424,31.2159931,,normal
O2366018695,121.4218089,31.2160014,,normal
O2366018696,121.4225027,31.2160295,,normal
O2366018697,121.421577,31.2160314,,normal
O2366018698,121.4203247,31.216064,,normal
O2366018699,121.4200625,31.2160799,,normal
O2366018700,121.422455,31.2161455,,normal
O2366018701,121.4212338,31.2162897,,normal
O2366018702,121.4204546,31.2163418,,normal
O2366018703,121.4204824,31.2163696,,normal
O2366018704,121.4205172,31.2163855,,normal
O2366018705,121.4205566,31.2163855,,normal
O2366018706,121.4218545,31.2174288,,normal
O2366018707,121.4218058,31.2176255,,normal
O2373517651,121.4324021,31.2053238,,normal
O2373668009,121.4339933,31.2022326,,normal
O2373668010,121.4338641,31.2023409,,normal
O2373668011,121.4337287,31.2024228,,normal
O2373668012,121.4335256,31.2025193,,normal
O2373668013,121.4332917,31.2026013,,normal
O2373668014,121.4320823,31.2029245,,normal
O2373668015,121.4310943,31.2040486,,normal
O2373668016,121.4311532,31.2042238,,normal
O2373668017,121.4312468,31.2044698,,normal
O2373668018,121.4312608,31.2045205,,normal
O2373668019,121.4313688,31.2062779,,normal
O2373668021,121.4313949,31.2069118,,normal
O2373668022,121.4314173,31.2070893,,normal
O2373668024,121.4312832,31.2080772,,normal
O2373668025,121.4312701,31.2082617,,normal
O2373668027,121.4312675,31.2084146,,normal
O2373668029,121.4312724,31.208457,,normal
O2373668030,121.4313108,31.2085087,,normal
O2373668032,121.4313095,31.2085532,,normal
O2373668034,121.4311928,31.2099342,,normal
O2385528055,121.4214708,31.2048033,,normal
O2385528056,121.4219345,31.2056649,,normal
O2385528057,121.4219252,31.2057492,,normal
O2385528058,121.4222336,31.2063579,,normal
O2390896721,121.4688712,31.2076145,,normal
O2407492908,121.4264157,31.2072005,,normal
O2412392615,121.4402038,31.2129433,,normal
O2412392616,121.4700437,31.2213694,,normal
O2447713058,121.4489181,31.2517096,,normal
O2447713060,121.4493641,31.2521086,,normal
O2447713061,121.449845,31.2522055,,normal
O2447713127,121.4436962,31.2512207,,normal
O2460670007,121.4788981,31.203485,,normal
O2460670010,121.4788085,31.2037564,,normal
O2460670012,121.4787271,31.2039734,,normal
O2460670014,121.4786336,31.2041894,,normal
O2460670022,121.4706288,31.2056169,,normal
O2460670023,121.4710425,31.2056899,,normal
O2460670025,121.4712754,31.2057257,,normal
O2460670026,121.4710799,31.205785,,normal
O2460670027,121.4715964,31.2058242,,normal
O2460670044,121.4806817,31.2072426,,normal
O2460670048,121.481136,31.2073756,,normal
O2460670051,121.4765826,31.2090421,,normal
O2460670055,121.476426,31.2092037,,normal
O2460670058,121.4763262,31.2093636,,normal
O2460670062,121.4783975,31.2108633,,normal
O2460670068,121.4780646,31.2112558,,normal
O2463103247,121.4714258,31.2352414,,normal
O2463103248,121.4715052,31.2352803,,normal
O2463103249,121.4715836,31.235311,,normal
O2483020635,121.456161,31.2441143,,normal
O2483020636,121.457833,31.2424117,,normal
O2483020638,121.4577718,31.2424753,,normal
O2483020639,121.4569593,31.2433203,,normal
O2483020640,121.457451,31.244361,,normal
O2483609764,121.457387,31.2539851,,normal
O2483609766,121.4694602,31.2553869,,normal
O2483609767,121.4694899,31.2554473,,normal
O2483609768,121.4695518,31.2554965,,normal
O2483609769,121.4697884,31.2555818,,normal
O2483609770,121.4698787,31.2556182,,normal
O2483609771,121.4703222,31.2558524,,normal
O2483609772,121.4705227,31.2559308,,normal
O2483786466,121.4293143,31.2233205,,normal
O2483786471,121.4447239,31.2257986,,normal
O2483786473,121.4449431,31.2258434,,normal
O2483786476,121.4451011,31.2258672,,normal
O2483786478,121.4455506,31.2260095,,normal
O2483786480,121.4456015,31.2260139,,normal
O2483786483,121.4472059,31.2264895,,normal
O2483786485,121.4363338,31.2269424,,normal
O2483786487,121.4367499,31.2271215,,normal
O2483786489,121.4370026,31.2272499,,normal
O2483786490,121.4372371,31.2273799,,normal
O2483786491,121.4389147,31.2285745,,normal
O2483786492,121.4390048,31.228672,,normal
O2483786493,121.459968,31.2287677,,normal
O2483786494,121.4393004,31.2290324,,normal
O2483786496,121.4394135,31.229134,,normal
O2483786498,121.4395312,31.2292181,,normal
O2483786506,121.434032,31.2423554,,normal
O2483786508,121.4338996,31.2424447,,normal
O2483786510,121.4335384,31.2427718,,normal
O2483786512,121.4334438,31.2428868,,normal
O2483786514,121.43298,31.2434806,,normal
O2483786516,121.4332238,31.2436586,,normal
O2483786519,121.4345966,31.2450257,,normal
O2483786522,121.4383217,31.2481323,,normal
O2483786527,121.4383899,31.2482022,,normal
O2483786529,121.438469,31.2482573,,normal
O2483786531,121.4394366,31.2488777,,normal
O2483786533,121.4398182,31.2491833,,normal
O2483786538,121.440194,31.2493829,,normal
O2483786540,121.4403879,31.2494635,,normal
O2483786542,121.440599,31.2495334,,normal
O2483821944,121.4514841,31.2509945,,normal
O2483821948,121.4495961,31.2523465,,normal
O2483821951,121.447363,31.253324,,normal
O2483821953,121.4401828,31.2543664,,normal
O2483821955,121.4446369,31.2544685,,normal
O2483821958,121.4442936,31.2545864,,normal
O2483821960,121.4441151,31.2546306,,normal
O2483821962,121.4427589,31.2546874,,normal
O2483821964,121.4435509,31.2547026,,normal
O2483821966,121.4430452,31.2547141,,normal
O2483821968,121.4437694,31.2547322,,normal
O2483821970,121.4431912,31.254898,,normal
O2483821973,121.4429627,31.2549303,,normal
O2484845259,121.400407,31.2117235,,normal
O2531707869,121.4697498,31.2056496,,normal
O2531707872,121.4732529,31.2256098,,normal
O2531707894,121.4684559,31.2220863,,normal
O2541286663,121.4301005,31.2356765,,normal
O2542654331,121.4361736,31.2522945,,normal
O2542655875,121.4391754,31.2524576,,normal
O2542655877,121.439008,31.2524541,,normal
O2542655879,121.4388947,31.252478,,normal
O2542655881,121.4387345,31.2525516,,normal
O2542655883,121.4377154,31.253303,,normal
O2542655885,121.4376594,31.2533386,,normal
O2542655887,121.437448,31.2532328,,normal
O2542655889,121.4373149,31.2533947,,normal
O2542656103,121.4383134,31.2500606,,normal
O2542656117,121.4382248,31.2498396,,normal
O2542657854,121.4353511,31.2515285,,normal
O2542657857,121.4349276,31.2511029,,normal
O2542660874,121.4348796,31.2518511,,normal
O2542661791,121.4380756,31.2506864,,normal
O2542661792,121.4379668,31.250638,,normal
O2542661793,121.4378158,31.2507555,,normal
O2542661794,121.4377946,31.2507684,,normal
O2542661795,121.4377619,31.2507752,,normal
O2542661796,121.4377265,31.2507722,,normal
O2542661797,121.4376312,31.2507928,,normal
O2542661798,121.4374607,31.2508226,,normal
O2542661799,121.4373953,31.2508476,,normal
O2542661800,121.4373123,31.2508553,,normal
O2542663187,121.4453241,31.2533074,,normal
O2542663188,121.4454035,31.2533724,,normal
O2542663189,121.4454371,31.2534495,,normal
O2542663190,121.4454901,31.253513,,normal
O2542663191,121.4455625,31.2535567,,normal
O2542663192,121.4456543,31.2536035,,normal
O2542663193,121.4457496,31.2536351,,normal
O2542663194,121.4458715,31.2536546,,normal
O2542663195,121.4460057,31.2536528,,normal
O2542663196,121.4461541,31.2536162,,normal
O2542663197,121.4463007,31.2535403,,normal
O2542663198,121.4471112,31.2531939,,normal
O2542663199,121.4478404,31.2529141,,normal
O2542663200,121.448093,31.2528108,,normal
O2542663201,121.4482236,31.2527258,,normal
O2542663202,121.4483048,31.2526363,,normal
O2542663487,121.4447427,31.2512617,,normal
O2542663488,121.4451372,31.2514904,,normal
O2542663489,121.4453059,31.2515613,,normal
O2542663490,121.4454879,31.2516091,,normal
O2542663491,121.4456806,31.2516203,,normal
O2542663492,121.445868,31.2516245,,normal
O2542663493,121.4460607,31.2516288,,normal
O2542663494,121.4461866,31.2516286,,normal
O2542663495,121.4463444,31.2516168,,normal
O2542663496,121.4465104,31.2515729,,normal
O2542663497,121.4467513,31.2514762,,normal
O2542663498,121.4469306,31.2514254,,normal
O2542663499,121.447118,31.2513953,,normal
O2542663500,121.4473455,31.2513697,,normal
O2542663501,121.4475783,31.2513693,,normal
O2542663502,121.4477791,31.2513849,,normal
O2542663503,121.4480403,31.2514258,,normal
O2542663504,121.4481721,31.2514585,,normal
O2542663505,121.4483002,31.2514847,,normal
O2542663506,121.4483202,31.2514705,,normal
O2542663507,121.4483567,31.2514374,,normal
O2542663508,121.4484322,31.2513389,,normal
O2542664526,121.440172,31.2543952,,normal
O2542664535,121.4373884,31.2533053,,normal
O2542666549,121.4334078,31.2496047,,normal
O2542667837,121.4334377,31.249563,,normal
O2542667839,121.4333539,31.2494671,,normal
O2542667840,121.4326701,31.2487814,,normal
O2542667841,121.4322603,31.2483666,,normal
O2542667842,121.4318505,31.2479701,,normal
O2542667843,121.4315598,31.2476825,,normal
O2542667844,121.4314513,31.2477882,,normal
O2542671635,121.431209,31.2475517,,normal
O2542671640,121.4332522,31.2496064,,normal
O2542671641,121.4333461,31.2497096,,normal
O2542685475,121.4313124,31.2474286,,normal
O2542686014,121.4416369,31.2496016,,normal
O2542686024,121.4413665,31.2495997,,normal
O2542686292,121.4376876,31.2486802,,normal
O2542704684,121.4399956,31.2492839,,normal
O2544329333,121.4414942,31.253071,,normal
O2544329429,121.4437807,31.2509983,,normal
O2544329430,121.4435389,31.2509102,,normal
O2544329431,121.4434415,31.2508112,,normal
O2544329432,121.4432265,31.2508238,,normal
O2544329433,121.4430458,31.2509092,,normal
O2544329434,121.4428146,31.250993,,normal
O2544332294,121.4434654,31.2508356,,normal
O2544332296,121.4435571,31.2507571,,normal
O2544332298,121.4436424,31.2506822,,normal
O2544332300,121.4436768,31.2506126,,normal
O2544332302,121.4436911,31.2505413,,normal
O2544332303,121.443687,31.2504545,,normal
O2544332305,121.4436646,31.2503797,,normal
O2544332307,121.4436991,31.2503136,,normal
O2544332309,121.4437335,31.2502353,,normal
O2544332311,121.4437457,31.25019,,normal
O2544332312,121.4437417,31.2501083,,normal
O2544332314,121.4437032,31.2500388,,normal
O2544332319,121.4436119,31.249966,,normal
O2544332321,121.4435064,31.249914,,normal
O2544332323,121.4434009,31.2498986,,normal
O2544332325,121.4432832,31.2499161,,normal
O2544332327,121.443196,31.2499406,,normal
O2544332328,121.443127,31.2499702,,normal
O2544332330,121.4430803,31.2500242,,normal
O2544332332,121.4430296,31.2501026,,normal
O2544332334,121.4430154,31.2501825,,normal
O2544332336,121.4430154,31.250252,,normal
O2544332337,121.4430012,31.2503112,,normal
O2544332339,121.4429505,31.250386,,normal
O2544332341,121.4428998,31.2504365,,normal
O2544332343,121.4428247,31.2504818,,normal
O2544332345,121.4427354,31.2505029,,normal
O2544332346,121.4426725,31.250529,,normal
O2544332348,121.4426137,31.2505674,,normal
O2544332350,121.4425812,31.2506179,,normal
O2544332352,121.4425589,31.2507361,,normal
O2544332354,121.4425488,31.25083,,normal
O2544332356,121.4425183,31.2510092,,normal
O2544332358,121.44249,31.2512421,,normal
O2544332360,121.4424433,31.2515013,,normal
O2544332362,121.4424231,31.2516282,,normal
O2544332364,121.4423054,31.2519743,,normal
O2544332366,121.4422304,31.2521709,,normal
O2544332367,121.4420803,31.2524823,,normal
O2544332369,121.4419342,31.2526599,,normal
O2544332371,121.4417678,31.2528513,,normal
O2544333275,121.4410612,31.2535658,,normal
O2544335171,121.4420079,31.2534716,,normal
O2544357201,121.4437592,31.2543318,,normal
O2544357203,121.4437753,31.2542675,,normal
O2544357204,121.4438199,31.2542222,,normal
O2544357206,121.4438788,31.2541995,,normal
O2544357208,121.4439823,31.2541785,,normal
O2544357209,121.4441507,31.2541521,,normal
O2544357210,121.4442419,31.2541381,,normal
O2544357211,121.444315,31.2541292,,normal
O2544357212,121.4443738,31.2541308,,normal
O2544357213,121.4443982,31.2541534,,normal
O2544357214,121.4444124,31.2541951,,normal
O2544357216,121.4444245,31.2542368,,normal
O2544357217,121.4444469,31.2542629,,normal
O2544357219,121.4444935,31.2542698,,normal
O2544357220,121.4445544,31.2542575,,normal
O2544357222,121.4446619,31.254226,,normal
O2544357223,121.44495,31.2541056,,normal
O2544357225,121.4452319,31.2539677,,normal
O2544357226,121.4453637,31.2538893,,normal
O2544357228,121.4454429,31.2538509,,normal
O2544357229,121.4455159,31.2538248,,normal
O2544357231,121.4456051,31.2537915,,normal
O2544357233,121.4456559,31.253748,,normal
O2544357234,121.4456964,31.2536871,,normal
O2544357236,121.4457106,31.2536222,,normal
O2544382399,121.4438981,31.2534139,,normal
O2544382402,121.4439357,31.2533354,,normal
O2544382403,121.4439776,31.2532654,,normal
O2544382406,121.4440639,31.2532055,,normal
O2544382409,121.4441851,31.2531612,,normal
O2544382411,121.4443616,31.2530882,,normal
O2544382414,121.4445229,31.252975,,normal
O2544382416,121.4446348,31.252873,,normal
O2544382419,121.444721,31.252775,,normal
O2544382422,121.4447614,31.2526136,,normal
O2544382424,121.4448111,31.252522,,normal
O2544382427,121.4448667,31.2523474,,normal
O2544382429,121.4442132,31.2513587,,normal
O2544382431,121.445155,31.2533072,,normal
O2544382483,121.4444721,31.2534361,,normal
O2544382520,121.4441486,31.2534928,,normal
O2544382525,121.4439503,31.2533112,,normal
O2559764100,121.4084045,31.2044672,,normal
O2559764110,121.4080486,31.2046719,,normal
O2559764146,121.4072784,31.2049766,,normal
O2559764150,121.4069691,31.2050564,,normal
O2559764169,121.406549,31.2051314,,normal
O2559764183,121.4020193,31.2060605,,normal
O2613113525,121.4496742,31.2271372,,normal
O2613113526,121.4491368,31.2269499,,normal
O2629524985,121.474388,31.2213642,,normal
O2629533632,121.4747633,31.2215254,,normal
O2633114510,121.4301528,31.2352445,,normal
O2633114512,121.4283957,31.2350851,,normal
O2716404713,121.4723671,31.2081474,,normal
O2716404715,121.472565,31.2082478,,normal
O2716404717,121.4725207,31.2083206,,normal
O2716404719,121.4716553,31.2072419,,normal
O2716404722,121.47222,31.2080375,,normal
O2716404724,121.4719892,31.2077852,,normal
O2716404726,121.4728503,31.2083246,,normal
O2716404728,121.4720729,31.2078864,,normal
O2716404730,121.4715721,31.2076098,,normal
O2716404732,121.471673,31.2078147,,normal
O2716404734,121.4713988,31.2064941,,normal
O2716404736,121.4718662,31.2075262,,normal
O2716404738,121.4737869,31.2085291,,normal
O2716404740,121.4718677,31.2077641,,normal
O2716404742,121.4715078,31.2064507,,normal
O2716404744,121.4754928,31.2088552,,normal
O2716405300,121.4730452,31.208502,,normal
O2716405301,121.4731083,31.2085772,,normal
O2716405302,121.4736726,31.2085695,,normal
O2716405303,121.4732139,31.2088468,,normal
O2716405304,121.4731682,31.2086978,,normal
O2716405305,121.4732253,31.2089514,,normal
O2716408620,121.4751506,31.2090305,,normal
O2716408621,121.4755802,31.2088084,,normal
O2716408622,121.4736586,31.2084285,,normal
O2716408623,121.4735864,31.2083828,,normal
O2716408624,121.4728101,31.2084923,,normal
O2716408625,121.4735294,31.2085087,,normal
O2716408626,121.4754798,31.2089249,,normal
O2716408627,121.4718876,31.2079782,,normal
O2716408628,121.4735998,31.2085457,,normal
O2716408629,121.472778,31.2086047,,normal
O2716408630,121.4735133,31.2084193,,normal
O2716408631,121.4735065,31.2082631,,normal
O2716408632,121.4722487,31.2082872,,normal
O2716408633,121.471671,31.2076208,,normal
O2716408634,121.4735294,31.2086188,,normal
O2716408635,121.4733984,31.2086811,,normal
O2716408636,121.4728807,31.208783,,normal
O2716408637,121.4736391,31.2086346,,normal
O2716408638,121.472827,31.2086786,,normal
O2716408639,121.4759799,31.2090073,,normal
O2716408640,121.4734947,31.2087772,,normal
O2716408641,121.4758926,31.2091159,,normal
O2716408642,121.4734207,31.2088032,,normal
O2716408643,121.4723034,31.2084484,,normal
O2716408644,121.4720508,31.2081477,,normal
O2716408645,121.4733034,31.2088944,,normal
O2716408646,121.4735864,31.2087845,,normal
O2716408648,121.4740749,31.2088882,,normal
O2716408649,121.4711959,31.2062707,,normal
O2716408650,121.4724919,31.2083967,,normal
O2716408651,121.4737514,31.2087375,,normal
O2716408652,121.4760933,31.2092106,,normal
O2716408653,121.4712459,31.2063641,,normal
O2716408654,121.4726604,31.2085293,,normal
O2716408655,121.4757901,31.2092108,,normal
O2716408656,121.4734626,31.2086397,,normal
O2716408710,121.4725106,31.2081419,,normal
O2716408711,121.4729946,31.2082233,,normal
O2716408712,121.4719365,31.2075288,,normal
O2716408713,121.471554,31.2064188,,normal
O2716408714,121.471794,31.2071202,,normal
O2716408715,121.4721798,31.2078815,,normal
O2716408716,121.4720266,31.2077025,,normal
O2716408717,121.4722914,31.2080025,,normal
O2716408718,121.4727994,31.2082376,,normal
O2716408719,121.4731324,31.2081057,,normal
O2716408720,121.4729064,31.2082487,,normal
O2716408739,121.4732861,31.2082684,,normal
O2716408741,121.473222,31.2079667,,normal
O2716408744,121.4733342,31.208367,,normal
O2716408746,121.4733984,31.2084792,,normal
O2716408748,121.4734527,31.2085346,,normal
O2716408749,121.4732227,31.2081083,,normal
O2716408751,121.4735195,31.208585,,normal
O2717309906,121.4138438,31.2049121,,normal
O2717309907,121.4172201,31.2055414,,normal
O2822040271,121.4453228,31.2155856,,normal
O2822040272,121.4453003,31.2159854,,normal
O2822040273,121.4452896,31.2162103,,normal
O2822040274,121.445236,31.2163252,,normal
O2822040275,121.4451826,31.216486,,normal
O2822040276,121.4450434,31.2172067,,normal
O2822040277,121.4449435,31.2173459,,normal
O2822040415,121.4440787,31.214046,,normal
O2822040416,121.4441616,31.2138371,,normal
O2822040417,121.4442278,31.2136501,,normal
O2822040421,121.444355,31.2133798,,normal
O2822040422,121.4444309,31.213218,,normal
O2822040423,121.444637,31.2127784,,normal
O2822040424,121.4447797,31.2123411,,normal
O2822040456,121.4471532,31.2148722,,normal
O2822040457,121.4472631,31.2146686,,normal
O2822040458,121.4471467,31.2146226,,normal
O2822040459,121.4474362,31.2139981,,normal
O2822040461,121.4475615,31.2137,,normal
O2822040463,121.4477908,31.2131985,,normal
O2822040779,121.443988,31.2113137,,normal
O2822040780,121.4443334,31.2114463,,normal
O2822040781,121.4447573,31.2115425,,normal
O2822040782,121.445386,31.2116747,,normal
O2822040783,121.4462636,31.2119525,,normal
O2822041103,121.4429981,31.2093999,,normal
O2822041104,121.4434287,31.2094678,,normal
O2822041105,121.4440924,31.2096041,,normal
O2822041106,121.4444776,31.2096524,,normal
O2822041107,121.4448058,31.2097295,,normal
O2822041108,121.44547,31.2098338,,normal
O2822041109,121.4455589,31.209861,,normal
O2822041110,121.4419587,31.205758,,normal
O2822041116,121.4440247,31.2063207,,normal
O2822042433,121.4477107,31.2131694,,normal
O2822042434,121.4478639,31.2128444,,normal
O2822042435,121.4480969,31.2123049,,normal
O2822042436,121.447772,31.212245,,normal
O2822042437,121.4478567,31.212057,,normal
O2822042438,121.4480403,31.2115479,,normal
O2822042439,121.4482098,31.2110026,,normal
O2822042440,121.4482943,31.2108637,,normal
O2822042441,121.4420643,31.2118092,,normal
O2822042442,121.4420414,31.2119422,,normal
O2822042443,121.4420363,31.2121677,,normal
O2822042444,121.4420187,31.2124502,,normal
O2822042445,121.441979,31.2125452,,normal
O2822042446,121.4407298,31.2133126,,normal
O2822042447,121.4408912,31.2127811,,normal
O2822042449,121.4413494,31.2127668,,normal
O2822042450,121.4416984,31.2126927,,normal
O2822042468,121.4449424,31.2148629,,normal
O2822042469,121.4450674,31.2149068,,normal
O2822042470,121.4451103,31.2148665,,normal
O2822042471,121.445151,31.214851,,normal
O2822042472,121.4451953,31.2148481,,normal
O2822042473,121.445301,31.2149104,,normal
O2822042474,121.4453134,31.2149463,,normal
O2822042475,121.4452669,31.2150467,,normal
O2822042476,121.4451116,31.2150549,,normal
O2822042477,121.4450822,31.2150327,,normal
O2834485261,121.4700962,31.2319208,,normal
O2965788185,121.4689957,31.2073776,,normal
O2965788186,121.4689173,31.2074993,,normal
O2969904054,121.4700317,31.2085723,,normal
O2969904056,121.4703863,31.2087303,,normal
O2969904057,121.4706078,31.208774,,normal
O2969904058,121.470727,31.2087451,,normal
O2969904059,121.4707945,31.2086369,,normal
O2969904060,121.4707924,31.208532,,normal
O2969904061,121.4707433,31.208455,,normal
O2969904062,121.4706174,31.2083976,,normal
O2969904065,121.4707688,31.2086952,,normal
O2969904104,121.4686686,31.2093458,,normal
O2969904106,121.4694551,31.2085176,,normal
O2969904107,121.469719,31.2078205,,normal
O2969904129,121.4696601,31.2075102,,normal
O2969904130,121.4697904,31.2075208,,normal
O2969904131,121.4698723,31.2075399,,normal
O2969904132,121.4699792,31.2076355,,normal
O2969904133,121.4699626,31.2078797,,normal
O2969904134,121.4699397,31.2075801,,normal
O2969904135,121.4699821,31.2077053,,normal
O2969920787,121.4664402,31.2071187,,normal
O2969920788,121.46616,31.2069098,,normal
O2969920789,121.4659689,31.2068522,,normal
O2969920790,121.4661039,31.2062981,,normal
O2969920791,121.466398,31.2070873,,normal
O2969920792,121.4665322,31.2064932,,normal
O2969920793,121.4664157,31.206343,,normal
O2969920794,121.4656267,31.2064571,,normal
O2969920795,121.4660428,31.2065489,,normal
O2969920796,121.4656928,31.2062017,,normal
O2969920797,121.4660273,31.2066124,,normal
O2969920798,121.4664855,31.2066996,,normal
O2969921092,121.466823,31.2079307,,normal
O2969921094,121.4676295,31.2080947,,normal
O2969921095,121.4676987,31.2078795,,normal
O2969921273,121.4690062,31.2122328,,normal
O2970054886,121.4700159,31.2084334,,normal
O2970054888,121.4699611,31.2086598,,normal
O2970054889,121.4705027,31.208761,,normal
O2970054890,121.4699025,31.2087866,,normal
O2970054896,121.469965,31.2089365,,normal
O2970054909,121.4701475,31.2090608,,normal
O2970054920,121.470335,31.2091392,,normal
O2970332722,121.4379738,31.2041789,,normal
O2970332729,121.4381336,31.2044539,,normal
O2970334135,121.4355991,31.2096678,,normal
O2974114618,121.4670212,31.207228,,normal
O2974114619,121.4678298,31.2089972,,normal
O2974114620,121.4675386,31.2088793,,normal
O2974114621,121.4666569,31.2085001,,normal
O2974114622,121.4680914,31.207438,,normal
O2974114623,121.468379,31.207495,,normal
O2974114631,121.4680278,31.2090809,,normal
O2982221118,121.4402025,31.2165204,,normal
O2982221119,121.4413473,31.2168667,,normal
O2982221123,121.4393239,31.2137402,,normal
O2991482211,121.4858027,31.2097171,,normal
O2991482218,121.4845926,31.2115967,,normal
O2991482230,121.4829077,31.2093715,,normal
O2991483740,121.4824414,31.2048713,,normal
O2991483741,121.4824942,31.2049316,,normal
O2991483742,121.4825009,31.2049694,,normal
O2991483743,121.4824964,31.2050299,,normal
O2991483744,121.4824723,31.2050905,,normal
O2991483745,121.4819269,31.2060127,,normal
O2991483746,121.4821611,31.2056165,,normal
O2991483747,121.4819791,31.2054775,,normal
O2991483748,121.4818779,31.2053794,,normal
O2991483749,121.481825,31.2052907,,normal
O2991483750,121.4818184,31.2052246,,normal
O2991483751,121.481836,31.2051603,,normal
O2991483752,121.4818624,31.2050959,,normal
O2991483753,121.4819153,31.205005,,normal
O2997636587,121.4440993,31.2163009,,normal
O2997636588,121.4427139,31.2161407,,normal
O2997636589,121.4433095,31.2162057,,normal
O2997636590,121.4435054,31.2152667,,normal
O2997636591,121.443476,31.2154075,,normal
O2997636592,121.442849,31.2152894,,normal
O2997636593,121.4427792,31.2156851,,normal
O2997636620,121.4338056,31.2124015,,normal
O2999221560,121.4062361,31.2215543,,normal
O2999221562,121.4070934,31.2213208,,normal
O3001689517,121.4315275,31.2375533,,normal
O3001690082,121.4618609,31.2352751,,normal
O3017585191,121.4326238,31.209021,,normal
O3017585192,121.4325487,31.2093823,,normal
O3017585193,121.4320773,31.2093482,,normal
O3017585194,121.4320629,31.2094119,,normal
O3017585195,121.431756,31.2093896,,normal
O3017585196,121.4317105,31.2097019,,normal
O3017585197,121.4319695,31.2097243,,normal
O3017585198,121.4320389,31.2094098,,normal
O3017585223,121.4336663,31.2102455,,normal
O3017753311,121.4348221,31.2081694,,normal
O3017753312,121.4351187,31.2073803,,normal
O3017753313,121.4364137,31.207746,,normal
O3017757710,121.4278647,31.2101731,,normal
O3020066685,121.436842,31.206827,,normal
O3020066686,121.4383594,31.2071807,,normal
O3020066687,121.4401066,31.2076046,,normal
O3021845820,121.4558759,31.2033135,,normal
O3021846159,121.4551509,31.2059483,,normal
O3027169553,121.4844758,31.2140858,,normal
O3027169573,121.4826435,31.2135913,,normal
O3027181884,121.4795501,31.2182459,,normal
O3027181885,121.4780974,31.2191289,,normal
O3027181886,121.4787703,31.2195067,,normal
O3027181887,121.478598,31.2194266,,normal
O3027181888,121.4783833,31.2193131,,normal
O3044168564,121.4080208,31.2062549,,normal
O3047465736,121.4877061,31.2103672,,normal
O3047470158,121.4817905,31.2074214,,normal
O3047470159,121.481574,31.2073004,,normal
O3047470160,121.4816257,31.2076549,,normal
O3048216957,121.4374314,31.2084724,,normal
O3049125265,121.4135977,31.2465752,,normal
O3049125267,121.4158308,31.2466866,,normal
O3049125268,121.4146274,31.2465504,,normal
O3049125279,121.413258,31.2455563,,normal
O3049128060,121.4186714,31.2474934,,normal
O3055920274,121.4778969,31.222012,,normal
O3064901886,121.4842248,31.2090905,,normal
O3064901891,121.4851582,31.2094642,,normal
O3065373718,121.4668855,31.2079435,,normal
O3110525720,121.4806986,31.2234734,,normal
O3110525721,121.4806652,31.2235332,,normal
O3110525722,121.4806558,31.2235614,,normal
O3110525723,121.4806953,31.2236094,,normal
O3110525724,121.4807667,31.2236064,,normal
O3110525725,121.4807942,31.2235707,,normal
O3113807403,121.477938,31.222025,,normal
O3113807404,121.4767775,31.2241669,,normal
O3113807409,121.4777215,31.2240361,,normal
O3113821585,121.4764045,31.2187169,,normal
O3113821603,121.477187,31.2189039,,normal
O3237648019,121.4443548,31.226396,,normal
O3237648020,121.443664,31.2261079,,normal
O3239101354,121.4435278,31.2252636,,normal
O3239101355,121.4431565,31.2256464,,normal
O3239101356,121.442991,31.2259426,,normal
O3239101357,121.4434431,31.2260904,,normal
O3239101358,121.4435327,31.2257952,,normal
O3239101359,121.4432756,31.2264095,,normal
O3239101360,121.4441275,31.2267739,,normal
O3239101624,121.4438963,31.2271459,,normal
O3239101625,121.443372,31.2269127,,normal
O3239101669,121.4413946,31.2326804,,normal
O3318976586,121.4871882,31.2331078,,normal
O3344197447,121.467689,31.2049769,,normal
O3344197448,121.4673126,31.2052234,,normal
O3344211623,121.4706231,31.2448472,,normal
O3344211624,121.4712257,31.2453482,,normal
O3344211626,121.4711934,31.2443523,,normal
O3344211631,121.4706694,31.2447025,,normal
O3344211632,121.4713039,31.2444463,,normal
O3344211633,121.4709376,31.2452809,,normal
O3344211634,121.4716462,31.2448693,,normal
O3344211637,121.4716511,31.2450686,,normal
O3355861040,121.4331566,31.2137474,,normal
O3355861041,121.4333519,31.2145349,,normal
O3355861042,121.4326329,31.2141833,,normal
O3355861045,121.4328139,31.2145845,,normal
O3355861049,121.4334538,31.2142622,,normal
O3355861050,121.4327639,31.2139361,,normal
O3355861052,121.4332586,31.2138544,,normal
O3355861053,121.4329585,31.2146465,,normal
O3355874983,121.4451848,31.2210124,,normal
O3355874986,121.445688,31.2204382,,normal
O3355878495,121.4460308,31.2208702,,normal
O3355878498,121.4458132,31.2204703,,normal
O3355899006,121.4777347,31.2285772,,normal
O3355899007,121.4782663,31.2289708,,normal
O3355899008,121.4788412,31.2290208,,normal
O3355899009,121.4785465,31.2285018,,normal
O3355899010,121.4789533,31.228832,,normal
O3355899011,121.4785883,31.2281846,,normal
O3355899012,121.4780045,31.2291492,,normal
O3355916998,121.4829575,31.2314591,,normal
O3355916999,121.4830229,31.2306965,,normal
O3359528954,121.4052755,31.2449147,,normal
O3359528955,121.4050776,31.2449964,,normal
O3359528956,121.4049185,31.2449773,,normal
O3359528957,121.4049396,31.2448652,,normal
O3382609547,121.4390091,31.2247361,,normal
O3382609548,121.4379816,31.2242308,,normal
O3382609549,121.4367597,31.2237295,,normal
O3382616032,121.4473878,31.2159277,,normal
O3382616034,121.4473601,31.214946,,normal
O3382616037,121.4468528,31.2147621,,normal
O3421417537,121.4818306,31.2071574,,normal
O3421417538,121.4819126,31.2072304,,normal
O3421417539,121.4821245,31.2067526,,normal
O3421417540,121.4822235,31.2064195,,normal
O3421417541,121.4823216,31.2064604,,normal
O3421417542,121.482345,31.2061457,,normal
O3421417543,121.4817984,31.2062991,,normal
O3439480965,121.4110104,31.2517386,,normal
O3439480967,121.4112785,31.2518171,,normal
O3439480968,121.4112834,31.2518894,,normal
O3439590055,121.4095315,31.2513885,,normal
O3439590056,121.4096608,31.2514206,,normal
O3439590057,121.4095074,31.2514527,,normal
O3439590058,121.4097958,31.2514542,,normal
O3439590059,121.4096405,31.2514855,,normal
O3439590060,121.4097793,31.2515198,,normal
O3439590061,121.409596,31.2516284,,normal
O3439590063,121.4112213,31.2529046,,normal
O3439590065,121.4111715,31.2533759,,normal
O3439590066,121.4063064,31.2538011,,normal
O3439590067,121.4064057,31.2538198,,normal
O3439590068,121.4066174,31.2538542,,normal
O3439590070,121.4110721,31.2539682,,normal
O3439590071,121.4087923,31.2542075,,normal
O3439590072,121.4107576,31.2543863,,normal
O3439590073,121.4109829,31.2544288,,normal
O3439590074,121.4105233,31.2544885,,normal
O3439590076,121.4109636,31.2546845,,normal
O3439590078,121.4109462,31.2548486,,normal
O3439590079,121.4106145,31.2550824,,normal
O3439590080,121.4109052,31.255124,,normal
O3439590081,121.4010157,31.255165,,normal
O3439590084,121.4108073,31.2556318,,normal
O3439590086,121.4103965,31.2561703,,normal
O3439590087,121.4106767,31.2562285,,normal
O3439590088,121.4055655,31.2562628,,normal
O3439590089,121.4056747,31.2562851,,normal
O3439590091,121.4068036,31.2563705,,normal
O3439590093,121.4072819,31.2563917,,normal
O3439590094,121.4062634,31.2563952,,normal
O3439590096,121.4058539,31.2564118,,normal
O3439590097,121.4077106,31.2564622,,normal
O3439590099,121.405597,31.2565453,,normal
O3439590100,121.4080591,31.2565596,,normal
O3439590101,121.4083745,31.2567019,,normal
O3439590103,121.409459,31.2574142,,normal
O3439590105,121.4103711,31.2574776,,normal
O3439590106,121.4096436,31.2575027,,normal
O3439590107,121.4098156,31.2575675,,normal
O3439590108,121.4100852,31.2576449,,normal
O3439590109,121.4102603,31.2576765,,normal
O3439590110,121.4100816,31.2577428,,normal
O3439590111,121.4102112,31.2577646,,normal
O3439590112,121.4074389,31.2585495,,normal
O3439590113,121.4072148,31.2585998,,normal
O3439590115,121.4073982,31.2586803,,normal
O3439590117,121.4073771,31.2587478,,normal
O3439590118,121.4075739,31.2587574,,normal
O3439590122,121.4094446,31.2601198,,normal
O3439590126,121.4094379,31.2603856,,normal
O3439612473,121.4213661,31.2483077,,normal
O3439612474,121.4213723,31.2483949,,normal
O3439612476,121.4213847,31.2487581,,normal
O3439612480,121.4213845,31.2489911,,normal
O3439612483,121.4183291,31.2488357,,normal
O3439612484,121.4213684,31.2493289,,normal
O3439612485,121.4213334,31.2496208,,normal
O3439612486,121.4212919,31.2498325,,normal
O3439612487,121.4211397,31.2502481,,normal
O3569237097,121.476927,31.2255498,,normal
O3653899008,121.4026628,31.2239941,,normal
O3724312997,121.4674618,31.2173521,,normal
O3724314427,121.4743138,31.2199024,,normal
O3731181391,121.4712516,31.2262835,,normal
O3731181721,121.4690128,31.2280058,,normal
O3731181758,121.468835,31.2284016,,normal
O3731181935,121.4687098,31.2295927,,normal
O3737443860,121.4479926,31.2202883,,normal
O3755634504,121.4481362,31.2543952,,normal
O3786062520,121.4052244,31.228797,,normal
O3786062528,121.4051296,31.2289547,,normal
O3786083216,121.4106675,31.2262099,,normal
O3786086544,121.4066535,31.2288119,,normal
O3787350668,121.4067157,31.228841,,normal
O3787665964,121.4037953,31.2281177,,normal
O3787665965,121.4038726,31.2281493,,normal
O3787792962,121.4080124,31.2275243,,normal
O3787792978,121.4069719,31.2288183,,normal
O3788622815,121.4072481,31.2258823,,normal
O3788622820,121.4070721,31.2263919,,normal
O3788622826,121.4076223,31.2265245,,normal
O3788863918,121.406944,31.2284975,,normal
O3789195186,121.4039733,31.2284781,,normal
O3790337616,121.4067307,31.225998,,normal
O3790337742,121.4071681,31.2261139,,normal
O3790337900,121.4068555,31.2286925,,normal
O3791158241,121.4055322,31.2259008,,normal
O3791158260,121.4041516,31.2265387,,normal
O3791158269,121.4043822,31.2265894,,normal
O3791158310,121.4041234,31.2266277,,normal
O3791158313,121.4043538,31.2266792,,normal
O3791158354,121.4040975,31.2267091,,normal
O3791158365,121.4043278,31.2267613,,normal
O3791506977,121.4061241,31.2249268,,normal
O3791506978,121.4061046,31.2250733,,normal
O3791506982,121.4060656,31.2251995,,normal
O3792330754,121.4098099,31.2279752,,normal
O3792330892,121.4098383,31.2279823,,normal
O3792673102,121.4062067,31.2278968,,normal
O3792691697,121.406836,31.2287688,,normal
O3792691711,121.4064894,31.2291986,,normal
O3792792789,121.406201,31.2296863,,normal
O3798129545,121.4068826,31.2239236,,normal
O3798131419,121.4100138,31.2252189,,normal
O3798131494,121.4097528,31.2258088,,normal
O3798358812,121.4053848,31.2211938,,normal
O3798358813,121.4059918,31.2214323,,normal
O3798358814,121.4065558,31.2216977,,normal
O3798358815,121.4078498,31.2217079,,normal
O3798358816,121.4095254,31.2222287,,normal
O3798358817,121.4082298,31.222531,,normal
O3798358818,121.4091833,31.2227499,,normal
O3798358819,121.4128179,31.2231485,,normal
O3798358820,121.4102965,31.2293606,,normal
O3798358821,121.4100709,31.2293851,,normal
O3798359084,121.4102498,31.2302156,,normal
O3802235059,121.4119268,31.2124831,,normal
O3802235068,121.4106293,31.2125841,,normal
O3802235069,121.411931,31.2125875,,normal
O3802235074,121.410213,31.2126364,,normal
O3802235076,121.4119339,31.212647,,normal
O3802235079,121.4118578,31.2126764,,normal
O3802235101,121.411293,31.212905,,normal
O3802235116,121.4120632,31.2130472,,normal
O3802235118,121.4121115,31.213063,,normal
O3802235120,121.412229,31.213094,,normal
O3802235132,121.4114991,31.2132698,,normal
O3805432506,121.407855,31.2269289,,normal
O3805432507,121.4079276,31.2269462,,normal
O3805651370,121.406954,31.2273736,,normal
O3805651372,121.4068863,31.2275634,,normal
O3805651422,121.407027,31.2282501,,normal
O3806362890,121.4088402,31.2265133,,normal
O3806721400,121.4071491,31.2271984,,normal
O3806721447,121.4071979,31.2272706,,normal
O3806721496,121.4071675,31.2273641,,normal
O3806721508,121.4070803,31.2274041,,normal
O3806928012,121.4068763,31.2268777,,normal
O3806928014,121.4068174,31.2270578,,normal
O3806928017,121.4067774,31.2271799,,normal
O3807157263,121.4063027,31.22711,,normal
O3808132048,121.4057647,31.2272439,,normal
O3808132666,121.4055879,31.2274394,,normal
O3808132667,121.4056928,31.2274633,,normal
O3808132688,121.4060606,31.2278613,,normal
O3808214960,121.4068785,31.2266432,,normal
O3808214973,121.4068249,31.2268649,,normal
O3808214974,121.406754,31.2272517,,normal
O3812810127,121.4471575,31.2236057,,normal
O3814803440,121.4568186,31.2238563,,normal
O3815222366,121.4824724,31.2324996,,normal
O3815222374,121.4827401,31.2325422,,normal
O3815222962,121.4832841,31.239104,,normal
O3817595113,121.408093,31.2265899,,normal
O3817595128,121.4078876,31.2269367,,normal
O3822940919,121.4048672,31.2257461,,normal
O3824265559,121.404376,31.2243263,,normal
O3824265561,121.404262,31.2243925,,normal
O3824265566,121.4043758,31.2244662,,normal
O3824265588,121.404371,31.2249122,,normal
O3824265598,121.4043233,31.2251011,,normal
O3824265608,121.4040192,31.2252378,,normal
O3824265612,121.4040562,31.2252582,,normal
O3824265624,121.4042578,31.2253309,,normal
O3824266193,121.4032477,31.2271528,,normal
O3826201101,121.4023425,31.229778,,normal
O3829559402,121.406273,31.2295364,,normal
O3829559418,121.4035351,31.2298746,,normal
O3830943566,121.4061184,31.2245017,,normal
O3830943567,121.4061276,31.2245517,,normal
O3830943569,121.4061266,31.2246227,,normal
O3830943571,121.4061139,31.2246726,,normal
O3830943572,121.4061057,31.2247147,,normal
O3830943573,121.4061048,31.2247553,,normal
O3836778602,121.4821833,31.2337548,,normal
O3839574182,121.4060643,31.2299581,,normal
O3839574196,121.4061217,31.2299776,,normal
O3841289882,121.4058159,31.230222,,normal
O3841438217,121.4057511,31.2303592,,normal
O3841476362,121.4057627,31.2305063,,normal
O3842280714,121.4057673,31.2299477,,normal
O3842546507,121.4065214,31.2302691,,normal
O3842546510,121.4063153,31.2303917,,normal
O3842546517,121.4065717,31.2307538,,normal
O3842546528,121.4064902,31.2307974,,normal
O3842607383,121.4065,31.2303109,,normal
O3842607384,121.4065235,31.2304153,,normal
O3842607405,121.40596,31.2312171,,normal
O3842607409,121.4053253,31.2312265,,normal
O3842607410,121.4058933,31.2312272,,normal
O3842607416,121.4057416,31.2312486,,normal
O3842608464,121.4053634,31.2313022,,normal
O3842608467,121.4053242,31.2313867,,normal
O3843017552,121.4063756,31.2304358,,normal
O3846674512,121.4065223,31.23041,,normal
O3846674520,121.4071439,31.2306847,,normal
O3846674521,121.4072092,31.2307098,,normal
O3846674524,121.4060878,31.2313233,,normal
O3846953137,121.4061772,31.2297341,,normal
O3847040739,121.4061568,31.2297741,,normal
O3851481657,121.4570115,31.2297775,,normal
O3851481658,121.4546211,31.2290023,,normal
O3851481659,121.4554033,31.2289012,,normal
O3856137360,121.4078906,31.2280517,,normal
O3856137364,121.4079244,31.228079,,normal
O3862393075,121.4098334,31.2279811,,normal
O3871133031,121.4109925,31.2250012,,normal
O3871133032,121.4110944,31.2250062,,normal
O3871133033,121.4109,31.2253589,,normal
O3871133034,121.4109771,31.2256526,,normal
O3871133035,121.411078,31.2256564,,normal
O3871133036,121.4108751,31.2259129,,normal
O3871133037,121.4111444,31.2259552,,normal
O3871133038,121.4102669,31.2280763,,normal
O3871133039,121.4103541,31.2281,,normal
O3871133043,121.410103,31.2282215,,normal
O3871133044,121.410175,31.2284373,,normal
O3871133045,121.4102736,31.2284508,,normal
O3871133046,121.4103457,31.2283729,,normal
O3871133047,121.4102396,31.2286915,,normal
O3871133048,121.4101432,31.2286847,,normal
O3871133049,121.4102394,31.2292518,,normal
O3871133050,121.4101331,31.2292565,,normal
O3871133051,121.4108272,31.2318997,,normal
O3871133052,121.4107336,31.2319331,,normal
O3871133053,121.4110907,31.2322859,,normal
O3871133054,121.4112363,31.2328101,,normal
O3871133055,121.4111416,31.2328398,,normal
O3876528866,121.4117236,31.2309853,,normal
O3876528867,121.4120991,31.2309943,,normal
O3876528868,121.4113267,31.2310054,,normal
O3876528869,121.41173,31.2311021,,normal
O3876528870,121.4120713,31.2311093,,normal
O3876528871,121.4121943,31.231117,,normal
O3876528872,121.411348,31.2311222,,normal
O3876528880,121.4104915,31.2313707,,normal
O3881772900,121.4108207,31.232376,,normal
O3881772925,121.4121015,31.2341728,,normal
O3881772926,121.4120251,31.2342164,,normal
O3883215887,121.4134943,31.2332845,,normal
O3883215888,121.4135408,31.2333682,,normal
O3883215889,121.4136371,31.2334779,,normal
O3883292141,121.411643,31.2333485,,normal
O3883296380,121.4114967,31.2331099,,normal
O3883296381,121.4114221,31.2331455,,normal
O3883296382,121.411339,31.2331908,,normal
O3883296383,121.4112272,31.2332386,,normal
O3906162211,121.4099319,31.2316748,,normal
O3906162212,121.4100896,31.2317739,,normal
O3906162214,121.4101354,31.2318026,,normal
O3906828081,121.4710353,31.2323577,,normal
O3906828082,121.4699123,31.2337075,,normal
O3906828083,121.4700337,31.2334873,,normal
O3906828084,121.470015,31.2333382,,normal
O3906828085,121.4706647,31.2323064,,normal
O3906828086,121.4703384,31.2327294,,normal
O3906828087,121.4705363,31.2324214,,normal
O3908007813,121.4112196,31.23372,,normal
O3912996815,121.4100187,31.2285458,,normal
O3912996816,121.4102805,31.2286973,,normal
O3913038323,121.4114776,31.230046,,normal
O3913038326,121.4114799,31.230311,,normal
O3913038355,121.4114812,31.2309975,,normal
O3913042391,121.4114807,31.2307655,,normal
O3918545108,121.4098329,31.2344454,,normal
O3918551955,121.41003,31.2346451,,normal
O3918552460,121.4101619,31.2348495,,normal
O3920321570,121.411481,31.230915,,normal
O3923611462,121.4096081,31.2312437,,normal
O3923611464,121.4080729,31.2314927,,normal
O3923611465,121.4070305,31.231647,,normal
O3925409218,121.4035477,31.2238507,,normal
O3925427728,121.4035308,31.2232921,,normal
O3927043683,121.4061632,31.2236353,,normal
O3927075311,121.4060848,31.2241131,,normal
O3928378265,121.4112597,31.2228516,,normal
O3930645469,121.4063719,31.2210086,,normal
O3930645475,121.4068242,31.2218305,,normal
O3942247798,121.4132232,31.2129114,,normal
O3946386875,121.4133719,31.2178827,,normal
O3946386878,121.4128157,31.2180485,,normal
O3947690515,121.4165378,31.2159053,,normal
O3947721958,121.4143835,31.2150133,,normal
O3947721959,121.4144714,31.2150884,,normal
O3947721960,121.4149192,31.2153743,,normal
O3947721961,121.414601,31.2154296,,normal
O3947721962,121.414957,31.21554,,normal
O3947721963,121.4149259,31.2157095,,normal
O3947721964,121.4149771,31.2159095,,normal
O3947721965,121.414837,31.2160271,,normal
O3947721966,121.4143184,31.2161097,,normal
O3947721967,121.4141827,31.2162756,,normal
O3947721968,121.4143786,31.2166888,,normal
O3947721969,121.4145522,31.2168773,,normal
O3947721970,121.4147191,31.2171783,,normal
O3948082337,121.4160291,31.2169269,,normal
O3948082338,121.4159438,31.2171013,,normal
O3948256732,121.4175179,31.219406,,normal
O3953267267,121.417562,31.2180846,,normal
O3953267268,121.4153759,31.2181372,,normal
O3953317411,121.4163257,31.2180021,,normal
O3953317412,121.4162596,31.2181454,,normal
O3953317414,121.4158222,31.2182205,,normal
O3953317415,121.4159385,31.2182417,,normal
O3953557560,121.421464,31.2188586,,normal
O3953557561,121.4218637,31.218864,,normal
O3953557603,121.4207865,31.2191854,,normal
O3953557606,121.4214103,31.2192669,,normal
O3953557614,121.4213919,31.2193779,,normal
O3953557616,121.4217694,31.2194162,,normal
O3953557624,121.4217268,31.2195114,,normal
O3953557656,121.4245796,31.2212158,,normal
O3953698712,121.4195702,31.2172131,,normal
O3953698713,121.4197926,31.2178831,,normal
O3953698714,121.419472,31.2179652,,normal
O3953699001,121.419459,31.2186967,,normal
O3954059245,121.417795,31.2197548,,normal
O3954059248,121.4177992,31.2198463,,normal
O3954059253,121.4163125,31.2198516,,normal
O3954059254,121.4176373,31.2199614,,normal
O3955523853,121.4130246,31.2131795,,normal
O3955525464,121.4128832,31.213192,,normal
O3956277212,121.4134597,31.2128434,,normal
O3956293526,121.4127626,31.2117402,,normal
O3956293527,121.4128852,31.2118884,,normal
O3956293528,121.4125258,31.2126065,,normal
O3956293529,121.4126168,31.2126273,,normal
O3956293530,121.415144,31.2142691,,normal
O3956293535,121.4147697,31.2143636,,normal
O3956293540,121.4140857,31.21439,,normal
O3956293547,121.4141793,31.2144093,,normal
O3956582192,121.4135576,31.2202564,,normal
O3956582193,121.4124884,31.2205592,,normal
O3956907117,121.4163888,31.2137958,,normal
O3956907118,121.4163752,31.2143159,,normal
O3956907119,121.4159587,31.2144128,,normal
O3956907120,121.4163511,31.2144372,,normal
O3957001897,121.4126724,31.2128052,,normal
O3957001908,121.4174958,31.2131253,,normal
O3957001911,121.4174842,31.2134191,,normal
O3957001941,121.4174527,31.2138744,,normal
O3957123500,121.4140032,31.2175377,,normal
O3957123517,121.4139699,31.21768,,normal
O3958282654,121.4130211,31.2124698,,normal
O3958282655,121.4132351,31.2124771,,normal
O3958282658,121.4125189,31.2126059,,normal
O3958282659,121.4127528,31.2126423,,normal
O3958282662,121.4127364,31.2131353,,normal
O3958566139,121.4141076,31.2133269,,normal
O3958566145,121.4142169,31.213571,,normal
O3958566148,121.4135702,31.2143765,,normal
O3959251510,121.4140331,31.2126601,,normal
O3959251511,121.4147367,31.2126606,,normal
O3959791826,121.4169223,31.2150176,,normal
O3959791855,121.4150924,31.217625,,normal
O3959807271,121.4161388,31.217792,,normal
O3995627844,121.4136281,31.2176213,,normal
O3995627848,121.4135925,31.2179036,,normal
O3995627849,121.4154332,31.217969,,normal
O3995627850,121.4152719,31.2181808,,normal
O3995627854,121.4149838,31.218282,,normal
O3995627855,121.4137158,31.2182603,,normal
O3995627856,121.4148848,31.2183124,,normal
O3995629059,121.4148227,31.2184073,,normal
O3995629062,121.4147764,31.2184912,,normal
O3995629065,121.4146727,31.2187105,,normal
O3995629082,121.4145574,31.2189382,,normal
O3995629094,121.4144295,31.219165,,normal
O3995629097,121.4143385,31.2193346,,normal
O3995629099,121.4134892,31.2193122,,normal
O3995629103,121.4142787,31.2194639,,normal
O3995629105,121.414228,31.2196024,,normal
O3995629107,121.4142051,31.2196773,,normal
O3995629111,121.4136268,31.219765,,normal
O3995629113,121.4141817,31.2197895,,normal
O3995629118,121.414163,31.2199021,,normal
O3995629125,121.4141321,31.2200695,,normal
O3995629126,121.4137588,31.2200856,,normal
O3995826753,121.4146847,31.2160344,,normal
O4000851880,121.4124527,31.2173032,,normal
O4001018680,121.4124265,31.2174416,,normal
O4001032063,121.411176,31.2154446,,normal
O4001032064,121.4107166,31.2178635,,normal
O4001032065,121.4108139,31.2178767,,normal
O4001032066,121.4108957,31.2183254,,normal
O4002131739,121.4115249,31.2149678,,normal
O4009348498,121.4174508,31.2182366,,normal
O4009348499,121.4174735,31.2183925,,normal
O4009384434,121.4176187,31.218542,,normal
O4011124018,121.4168162,31.2152953,,normal
O4011124019,121.4171906,31.2154082,,normal
O4011124020,121.4172556,31.2155841,,normal
O4014497016,121.4109427,31.2209754,,normal
O4016728629,121.4112805,31.2171853,,normal
O4016728630,121.4112533,31.2173241,,normal
O4016728632,121.4106661,31.2173765,,normal
O4016728633,121.4109886,31.2174088,,normal
O4016728657,121.4126602,31.2175952,,normal
O4018031223,121.4111194,31.2190469,,normal
O4018031229,121.4108736,31.2191481,,normal
O4018182758,121.4109616,31.2191161,,normal
O4021804553,121.4131469,31.2188789,,normal
O4021804558,121.4132445,31.2191236,,normal
O4021804582,121.4133932,31.2194965,,normal
O4024089237,121.4113962,31.2223582,,normal
O4026460693,121.4081084,31.2224842,,normal
O4026973248,121.4312076,31.2043669,,normal
O4026973249,121.4296745,31.2045601,,normal
O4031037028,121.4108714,31.2196941,,normal
O4031037029,121.4109895,31.2200141,,normal
O4031037046,121.4110913,31.2213534,,normal
O4031037049,121.4111115,31.2215923,,normal
O4031037051,121.4111823,31.2218461,,normal
O4031037053,121.412201,31.2224921,,normal
O4036405635,121.4138751,31.2215518,,normal
O4036543583,121.4130406,31.2186214,,normal
O4039917155,121.4131994,31.2190054,,normal
O4062440153,121.4292746,31.2105721,,normal
O4065366415,121.4477892,31.2102697,,normal
O4066074289,121.4442998,31.2159213,,normal
O4069801671,121.4740873,31.2272676,,normal
O4075546737,121.4802893,31.2259411,,normal
O4075546738,121.4801451,31.2261917,,normal
O4075546739,121.4798335,31.2263741,,normal
O4075546740,121.4799739,31.2264277,,normal
O4075552727,121.4766465,31.2092032,,normal
O4075917875,121.4675666,31.2262691,,normal
O4075917877,121.4673685,31.2265812,,normal
O4075917879,121.4632791,31.2269444,,normal
O4075923594,121.4670468,31.2316265,,normal
O4075923597,121.4661698,31.2344475,,normal
O4075923598,121.4662366,31.2344702,,normal
O4075923599,121.4663623,31.2344883,,normal
O4075923601,121.4661645,31.2347015,,normal
O4075923602,121.4662761,31.234742,,normal
O4075923604,121.4660098,31.2349257,,normal
O4075923606,121.4655227,31.2358411,,normal
O4075923609,121.4631413,31.2410406,,normal
O4076047542,121.4491408,31.2518759,,normal
O4076047546,121.4494807,31.2521518,,normal
O4076047550,121.4515648,31.2523723,,normal
O4076047552,121.4514577,31.252392,,normal
O4076047554,121.452001,31.2527144,,normal
O4076047555,121.4518286,31.2529669,,normal
O4076047556,121.4514567,31.2529951,,normal
O4076047557,121.4552644,31.2529875,,normal
O4076047558,121.4553688,31.2530148,,normal
O4076047567,121.455045,31.2536279,,normal
O4076047568,121.4551574,31.25363,,normal
O4076047572,121.4481561,31.2538752,,normal
O4076047577,121.451969,31.2539761,,normal
O4076047579,121.4516693,31.2540386,,normal
O4076047584,121.4520493,31.2546481,,normal
O4076047585,121.4518323,31.2546622,,normal
O4076047593,121.4498917,31.2551732,,normal
O4076047608,121.4443617,31.2568615,,normal
O4076047610,121.4449854,31.2570554,,normal
O4076047626,121.4491289,31.2579496,,normal
O4076056547,121.4706685,31.2158068,,normal
O4076338509,121.448344,31.2068177,,normal
O4150437386,121.457896,31.2301186,,normal
O4150437387,121.4601127,31.2312548,,normal
O4150438057,121.4614095,31.2308212,,normal
O4150438058,121.4626935,31.2277405,,normal
O4150438059,121.4616747,31.2303116,,normal
O4150438060,121.462367,31.2286952,,normal
O4150438061,121.4619573,31.2301002,,normal
O4150438062,121.4619958,31.2297748,,normal
O4150438889,121.459482,31.2307317,,normal
O4150438890,121.460024,31.2309494,,normal
O4150438892,121.4576552,31.2301399,,normal
O4150440351,121.4621194,31.2293081,,normal
O4151656176,121.4599434,31.2476522,,normal
O4151656177,121.4597632,31.2476591,,normal
O4151834966,121.4035369,31.232107,,normal
O4151834967,121.4028222,31.2321263,,normal
O4151834970,121.403543,31.232206,,normal
O4151834971,121.4035434,31.2322138,,normal
O4151834981,121.4041677,31.2323184,,normal
O4151834983,121.4035515,31.2323463,,normal
O4151834985,121.4028396,31.2323785,,normal
O4151834986,121.4021717,31.2324087,,normal
O4151840597,121.4041663,31.2325588,,normal
O4151840598,121.4038465,31.2325733,,normal
O4151840599,121.4042811,31.2325786,,normal
O4151840601,121.4035661,31.2325859,,normal
O4151840603,121.4043755,31.2325946,,normal
O4151840604,121.4032393,31.2326008,,normal
O4151840605,121.4028561,31.232618,,normal
O4151840606,121.4021705,31.2326491,,normal
O4151840613,121.4037354,31.2328059,,normal
O4151840616,121.4032531,31.2328278,,normal
O4151840617,121.4037159,31.2328467,,normal
O4151840626,121.4036174,31.233053,,normal
O4151840627,121.4036091,31.2330705,,normal
O4151840632,121.4035058,31.2332866,,normal
O4151840635,121.4040299,31.2334736,,normal
O4151840636,121.4036598,31.2336891,,normal
O4151840637,121.4038023,31.2337381,,normal
O4151840638,121.4038849,31.2337665,,normal
O4153938967,121.4041471,31.2310497,,normal
O4153938969,121.4038946,31.2310603,,normal
O4153938975,121.4042536,31.2311322,,normal
O4153938979,121.4039014,31.231179,,normal
O4153938980,121.4034431,31.2311982,,normal
O4153938981,121.4040366,31.2312275,,normal
O4153938986,121.4046609,31.2314229,,normal
O4153938987,121.4040493,31.2314487,,normal
O4153938988,121.403459,31.2314735,,normal
O4153939189,121.4028723,31.2314981,,normal
O4153939190,121.4024853,31.2315143,,normal
O4153939192,121.4046374,31.2316336,,normal
O4153939193,121.4040613,31.2316578,,normal
O4153939194,121.4038727,31.2316657,,normal
O4153939195,121.4038342,31.2316917,,normal
O4153939196,121.4034724,31.2317068,,normal
O4153939197,121.4028858,31.2317314,,normal
O4153939199,121.4046207,31.2317839,,normal
O4153939201,121.4046142,31.2318422,,normal
O4153939204,121.4040737,31.2318732,,normal
O4153939209,121.4034854,31.2319312,,normal
O4153939212,121.403487,31.2319587,,normal
O4153939213,121.4045999,31.2319698,,normal
O4153939216,121.4034917,31.2320397,,normal
O4153939217,121.4029046,31.2320564,,normal
O4154357526,121.4499763,31.2391466,,normal
O4154680717,121.4453175,31.2105461,,normal
O4155994860,121.4043986,31.2311262,,normal
O4156135393,121.4024177,31.231751,,normal
O4156175130,121.4022737,31.2315231,,normal
O4157154112,121.4554689,31.2516339,,normal
O4157154156,121.4517604,31.2525749,,normal
O4157154157,121.4553992,31.2529279,,normal
O4158565644,121.4810694,31.2373801,,normal
O4171203489,121.4139495,31.2058883,,normal
O4171203490,121.4143747,31.2028458,,normal
O4198266305,121.4779398,31.2112165,,normal
O4198271793,121.4165237,31.2060465,,normal
O4198271794,121.4151176,31.2057696,,normal
O4198271795,121.4154849,31.2050784,,normal
O4198271796,121.4145082,31.2065409,,normal
O4198271797,121.4154512,31.2058134,,normal
O4198271798,121.4140026,31.205399,,normal
O4198271799,121.4172083,31.206192,,normal
O4198271800,121.4151565,31.2055398,,normal
O4198271801,121.4153669,31.2057968,,normal
O4198271802,121.4144367,31.2070136,,normal
O4198271803,121.4164561,31.2059309,,normal
O4198271804,121.4157876,31.2030424,,normal
O4198271805,121.4146686,31.2054812,,normal
O4198271806,121.415304,31.2067266,,normal
O4198271807,121.4152934,31.2066563,,normal
O4199822179,121.4297014,31.1998845,,normal
O4215841631,121.4516759,31.208706,,normal
O4215841632,121.4444134,31.2172219,,normal
O4215841634,121.4568948,31.2232773,,normal
O4225698900,121.470761,31.2216763,,normal
O4225698901,121.4704245,31.2224966,,normal
O4239813530,121.432849,31.2181824,,normal
O4239813531,121.4346017,31.2182815,,normal
O4239813532,121.4349307,31.2183011,,normal
O4239813533,121.4333016,31.2183111,,normal
O4239813534,121.436289,31.2185154,,normal
O4239813535,121.4365995,31.2186109,,normal
O4239813536,121.4367673,31.2187347,,normal
O4239813537,121.4447173,31.2239223,,normal
O4239813538,121.4452096,31.2243375,,normal
O4239813541,121.4593692,31.2307367,,normal
O4239813542,121.4618866,31.2318818,,normal
O4239813543,121.4621034,31.2319513,,normal
O4239813544,121.4631757,31.2321288,,normal
O4239813545,121.4630498,31.232189,,normal
O4239813546,121.462917,31.2322074,,normal
O4239813547,121.4531632,31.2426125,,normal
O4239813548,121.4529953,31.2427988,,normal
O4239813549,121.4524572,31.243382,,normal
O4239813550,121.4520675,31.2437763,,normal
O4239813551,121.4515869,31.244337,,normal
O4241260091,121.4515796,31.2119199,,normal
O4252530967,121.461221,31.2329707,,normal
O4273551502,121.4490257,31.2263276,,normal
O4281861636,121.4491345,31.2260284,,normal
O4299417133,121.4362802,31.2460463,,normal
O4299417134,121.4367107,31.2464059,,normal
O4301871994,121.4383441,31.2464515,,normal
O4301871995,121.4383212,31.2469853,,normal
O4303610166,121.4653409,31.2255083,,normal
O4310750514,121.4437909,31.2544625,,normal
O4311052095,121.4477107,31.232054,,normal
O4311052096,121.4474993,31.2323885,,normal
O4311220573,121.4597899,31.237765,,normal
O4311220574,121.4605507,31.238162,,normal
O4314184482,121.4271101,31.229311,,normal
O4314184483,121.4271375,31.2292205,,normal
O4319031120,121.4409149,31.2535376,,normal
O4319033594,121.4448737,31.2513788,,normal
O4319033596,121.4448819,31.2521867,,normal
O4319033597,121.4448785,31.2520523,,normal
O4319033598,121.444846,31.2518899,,normal
O4319033599,121.4447516,31.2518065,,normal
O4319033600,121.44464,31.2517465,,normal
O4319033601,121.4445254,31.2516661,,normal
O4319033602,121.4444413,31.2515755,,normal
O4333704481,121.474357,31.22135,,normal
O4333704487,121.4748694,31.2198601,,normal
O4333704488,121.4749712,31.2198857,,normal
O4333704514,121.4744892,31.2214108,,normal
O4333704545,121.4756811,31.2197482,,normal
O4333704619,121.4754365,31.220685,,normal
O4333704620,121.4754131,31.2208447,,normal
O4337268705,121.4694308,31.229186,,normal
O4337268706,121.4696492,31.2292591,,normal
O4337268707,121.4696675,31.2292747,,normal
O4337268708,121.469683,31.2293282,,normal
O4337268709,121.4696518,31.2294354,,normal
O4337268710,121.4696206,31.2295873,,normal
O4337268711,121.4695946,31.2297074,,normal
O4339911673,121.4590441,31.2204315,,normal
O4339911674,121.459226,31.2189209,,normal
O4339911675,121.458195,31.2186652,,normal
O4339912104,121.4578992,31.2199449,,normal
O4339912105,121.4591021,31.2202057,,normal
O4339912106,121.4579681,31.2197658,,normal
O4339912107,121.4591548,31.2200228,,normal
O4339912108,121.4580462,31.2195596,,normal
O4339912109,121.4592047,31.2198309,,normal
O4339912110,121.4581353,31.2193293,,normal
O4339912111,121.459266,31.2196212,,normal
O4339912112,121.458185,31.2191113,,normal
O4339912113,121.4590893,31.2193486,,normal
O4339912114,121.4582801,31.2189103,,normal
O4339912115,121.4591609,31.2191221,,normal
O4339973916,121.4523961,31.2160903,,normal
O4339973917,121.4526465,31.2155296,,normal
O4339973918,121.452815,31.2155762,,normal
O4339973919,121.4529096,31.2153388,,normal
O4339973920,121.4531765,31.2153917,,normal
O4339973921,121.4535039,31.2144047,,normal
O4340943467,121.4483057,31.2257405,,normal
O4340943468,121.4489522,31.2265201,,normal
O4345731849,121.4687796,31.2285254,,normal
O4345731850,121.4685998,31.2289268,,normal
O4345731851,121.4694824,31.2292033,,normal
O4345731853,121.4688151,31.2284461,,normal
O4345732828,121.4688061,31.2284663,,normal
O4352688169,121.466894,31.2330181,,normal
O4352688170,121.4666492,31.2329704,,normal
O4353429880,121.4705279,31.2301959,,normal
O4354001218,121.4691925,31.2285895,,normal
O4354001223,121.4694379,31.2286565,,normal
O4356072970,121.4392968,31.2249299,,normal
O4356784867,121.4691131,31.2277808,,normal
O4361728172,121.44894,31.2143162,,normal
O4361758827,121.4525315,31.2094369,,normal
O4362371178,121.4520061,31.2213186,,normal
O4364305856,121.4406518,31.2254899,,normal
O4364305857,121.4409258,31.2254162,,normal
O4364305859,121.4405024,31.225416,,normal
O4364305867,121.4407057,31.2253625,,normal
O4364305868,121.4403464,31.2255552,,normal
O4364305869,121.4402412,31.2254489,,normal
O4364329979,121.4325116,31.2212751,,normal
O4364329980,121.4323705,31.2198284,,normal
O4364329986,121.4331653,31.2200456,,normal
O4364329992,121.4314686,31.2210329,,normal
O4364329993,121.4316668,31.2208178,,normal
O4364409923,121.4420928,31.2220337,,normal
O4364409924,121.4423334,31.2225219,,normal
O4364409925,121.4425341,31.2221911,,normal
O4364409926,121.4421405,31.2219347,,normal
O4364409927,121.4424241,31.2223473,,normal
O4364409928,121.4414576,31.2224038,,normal
O4364409929,121.4416905,31.221894,,normal
O4364409930,121.4421251,31.2226396,,normal
O4364409931,121.4425052,31.2212362,,normal
O4364409932,121.4422575,31.2217106,,normal
O4364409933,121.4421802,31.2218588,,normal
O4364409934,121.4406185,31.2224924,,normal
O4364409935,121.4395304,31.225484,,normal
O4364409936,121.4410413,31.2227343,,normal
O4364409937,121.4424276,31.2225591,,normal
O4364409938,121.4419046,31.2215862,,normal
O4364409939,121.442012,31.2222012,,normal
O4364409940,121.4426117,31.2220028,,normal
O4364409941,121.4400342,31.2254645,,normal
O4364409942,121.4395732,31.2256051,,normal
O4364409943,121.4415406,31.2222339,,normal
O4364409944,121.441929,31.222373,,normal
O4364409945,121.4417571,31.2227291,,normal
O4364409946,121.4420529,31.2228232,,normal
O4364409947,121.4413158,31.2221814,,normal
O4364409948,121.4418071,31.2217242,,normal
O4364409949,121.4418448,31.2225475,,normal
O4364409950,121.4426819,31.2220286,,normal
O4364409951,121.4410988,31.2252554,,normal
O4364409952,121.4411475,31.2253529,,normal
O4364409953,121.4416182,31.2220571,,normal
O4364409954,121.442684,31.2218352,,normal
O4364409955,121.4401421,31.2255823,,normal
O4364409956,121.4413693,31.2225875,,normal
O4364409958,121.441618,31.2230172,,normal
O4364433250,121.4382623,31.2202604,,normal
O4364437351,121.4373939,31.2212474,,normal
O4364843458,121.4481531,31.2256669,,normal
O4366077864,121.4695262,31.227654,,normal
O4369417187,121.4428956,31.2259676,,normal
O4369417689,121.4425673,31.2267836,,normal
O4369417690,121.4428797,31.2269244,,normal
O4369417691,121.4430778,31.2268552,,normal
O4369417692,121.4425326,31.2266827,,normal
O4375143145,121.468001,31.22573,,normal
O4375143304,121.4715811,31.2212984,,normal
O4375143305,121.4717696,31.2211041,,normal
O4375143306,121.4718235,31.2209127,,normal
O4375143307,121.4718974,31.220524,,normal
O4375143308,121.4719202,31.2202694,,normal
O4375143309,121.471927,31.2200702,,normal
O4375143311,121.4711883,31.2224164,,normal
O4375143312,121.471052,31.2226244,,normal
O4375143314,121.4673526,31.2268055,,normal
O4375169540,121.4310561,31.181458,,normal
O4375169574,121.4271397,31.1824007,,normal
O4375169575,121.4259508,31.1830339,,normal
O4375169578,121.4252141,31.1837378,,normal
O4375199061,121.412022,31.2079401,,normal
O4375199062,121.4120961,31.2082739,,normal
O4375199076,121.4127438,31.2108416,,normal
O4375199077,121.4127799,31.2110519,,normal
O4375199078,121.4129632,31.2111251,,normal
O4377320468,121.4686827,31.2287419,,normal
O4377320469,121.4673747,31.2283335,,normal
O4377321599,121.4683948,31.2286557,,normal
O4377321600,121.4680424,31.2294378,,normal
O4377321603,121.4683106,31.2295187,,normal
O4378605914,121.4674256,31.2283488,,normal
O4378605915,121.4686453,31.2287308,,normal
O4378623096,121.4680566,31.2285542,,normal
O4378623097,121.4680064,31.2286743,,normal
O4378623098,121.4680852,31.2285628,,normal
O4378623099,121.468167,31.2283597,,normal
O4378623100,121.468275,31.2286197,,normal
O4378623101,121.4683598,31.2284051,,normal
O4378623102,121.4684562,31.2284325,,normal
O4378623103,121.4678929,31.228505,,normal
O4378623104,121.4679506,31.2283436,,normal
O4380028727,121.446272,31.2231652,,normal
O4380028733,121.4460717,31.2230656,,normal
O4380028734,121.4452859,31.2243819,,normal
O4380028749,121.4470126,31.2218413,,normal
O4381580529,121.4692835,31.2297797,,normal
O4393447774,121.4538763,31.2163188,,normal
O4394529836,121.4105709,31.2171169,,normal
O4394529838,121.4105478,31.2172566,,normal
O4394543322,121.4193589,31.2198411,,normal
O4394543327,121.4196651,31.218951,,normal
O4394543334,121.4196812,31.218891,,normal
O4394577698,121.480283,31.2403984,,normal
O4394577711,121.4672081,31.2396135,,normal
O4394577716,121.480117,31.2403763,,normal
O4394577721,121.4674108,31.2392558,,normal
O4394577726,121.4674404,31.2395897,,normal
O4394577743,121.4799488,31.2403681,,normal
O4394577744,121.4672073,31.2397803,,normal
O4394577746,121.4673645,31.2394115,,normal
O4394577754,121.4806466,31.2404999,,normal
O4395563254,121.4467703,31.2223052,,normal
O4395647241,121.4491665,31.2260279,,normal
O4395647242,121.4495671,31.2249934,,normal
O4397155856,121.4811951,31.2164818,,normal
O4397550251,121.4645476,31.232434,,normal
O4397550252,121.4646385,31.2323902,,normal
O4397550253,121.4644925,31.2322913,,normal
O4397550268,121.4639218,31.2321261,,normal
O4397550288,121.4630219,31.2321929,,normal
O4397580820,121.4610171,31.2316043,,normal
O4397580831,121.4611035,31.231592,,normal
O4397580833,121.4611805,31.2314369,,normal
O4397580834,121.4610849,31.2316313,,normal
O4397696163,121.4702946,31.2307105,,normal
O4397696295,121.470831,31.2284263,,normal
O4398671976,121.4674749,31.2287341,,normal
O4398671977,121.4676015,31.2287697,,normal
O4398739786,121.4395398,31.221909,,normal
O4398739787,121.4395592,31.2218779,,normal
O4398739788,121.4396104,31.2218059,,normal
O4398740189,121.4400179,31.2211828,,normal
O4398740191,121.4397995,31.2215168,,normal
O4401366673,121.4396975,31.2216727,,normal
O4402293311,121.4668787,31.2302,,normal
O4402293316,121.4661684,31.2316005,,normal
O4402293322,121.4653128,31.2325269,,normal
O4402293323,121.4652883,31.2325906,,normal
O4402293324,121.4657901,31.2326264,,normal
O4402804213,121.4399158,31.2213389,,normal
O4405899409,121.4640599,31.233913,,normal
O4406380697,121.4665437,31.2314282,,normal
O4408218250,121.4526847,31.2150254,,normal
O4408218251,121.4526746,31.2151026,,normal
O4408218252,121.4524142,31.2149632,,normal
O4408218253,121.4532227,31.2152219,,normal
O4408218254,121.4521596,31.2156544,,normal
O4411037086,121.4430611,31.2246821,,normal
O4411037088,121.445096,31.222561,,normal
O4411037490,121.4444684,31.2237998,,normal
O4411037491,121.4444093,31.2236852,,normal
O4411037493,121.4400982,31.2257391,,normal
O4411037494,121.4429861,31.2245894,,normal
O4411037499,121.4430008,31.2248559,,normal
O4411037501,121.4427874,31.2248277,,normal
O4411037504,121.445386,31.2227245,,normal
O4411037507,121.4446568,31.2238203,,normal
O4411037510,121.4427174,31.2247334,,normal
O4412977758,121.4404487,31.2266528,,normal
O4412977772,121.4406656,31.2263221,,normal
O4412977773,121.4416637,31.2265099,,normal
O4412977776,121.4407689,31.2260824,,normal
O4412977779,121.4413124,31.2262943,,normal
O4412977782,121.4398838,31.2271309,,normal
O4412978093,121.4392412,31.2277445,,normal
O4412978097,121.4410538,31.2267024,,normal
O4412978099,121.4402157,31.2268641,,normal
O4412978125,121.4420497,31.2259276,,normal
O4413616656,121.4602661,31.2415659,,normal
O4413620153,121.4135574,31.2088627,,normal
O4413620154,121.4147366,31.2095999,,normal
O4413620155,121.4145109,31.2090182,,normal
O4418370168,121.4171245,31.2244314,,normal
O4418370174,121.4165402,31.2263913,,normal
O4418370180,121.4170212,31.2234702,,normal
O4418370181,121.4170989,31.22692,,normal
O4418370182,121.4171183,31.2250119,,normal
O4418371190,121.4168093,31.2273574,,normal
O4418371191,121.4176179,31.2257345,,normal
O4418371192,121.4169041,31.2270766,,normal
O4426235652,121.4685709,31.2295986,,normal
O4427250482,121.4624806,31.2182,,normal
O4427250483,121.4623362,31.2184604,,normal
O4449490214,121.4586101,31.2177987,,normal
O4449490215,121.4593665,31.2180735,,normal
O4450432234,121.4518234,31.2283353,,normal
O4450432235,121.4518369,31.2283653,,normal
O4458655106,121.4349569,31.2199701,,normal
O4458655107,121.4350458,31.2196841,,normal
O4458655109,121.435545,31.2197784,,normal
O4458655110,121.4353174,31.2183528,,normal
O4458655111,121.4351835,31.2189359,,normal
O4458655112,121.4358075,31.2188525,,normal
O4458655113,121.4394309,31.2262685,,normal
O4458655114,121.4398241,31.225606,,normal
O4458655115,121.4356763,31.219392,,normal
O4458655117,121.435574,31.2197637,,normal
O4458655118,121.4348007,31.2204859,,normal
O4459017689,121.4591702,31.2265214,,normal
O4459055160,121.4297639,31.2188137,,normal
O4459055162,121.4226946,31.2199252,,normal
O4459852489,121.451806,31.2136858,,normal
O4459852490,121.4571772,31.2091162,,normal
O4459852491,121.4530156,31.2113834,,normal
O4459852492,121.4526958,31.212842,,normal
O4459852493,121.4532906,31.2114578,,normal
O4459852494,121.4521312,31.2134484,,normal
O4459852495,121.4565394,31.2102965,,normal
O4459852496,121.4519211,31.2133905,,normal
O4459852497,121.4563626,31.2111929,,normal
O4460257293,121.4504391,31.2123726,,normal
O4460257294,121.4522834,31.2123886,,normal
O4460257295,121.4505334,31.2121178,,normal
O4460257298,121.4656924,31.2179162,,normal
O4460257305,121.4656656,31.2184452,,normal
O4460257309,121.465203,31.2187389,,normal
O4460257310,121.4652432,31.2186367,,normal
O4460257312,121.4519717,31.2131139,,normal
O4460257313,121.4505199,31.2118295,,normal
O4460257314,121.4491507,31.2200522,,normal
O4460257315,121.4521869,31.212645,,normal
O4460257318,121.4466548,31.2203317,,normal
O4460257319,121.4655373,31.2187507,,normal
O4460257320,121.4652482,31.2193832,,normal
O4460257322,121.4520633,31.2128894,,normal
O4460257323,121.4496995,31.2191209,,normal
O4460257326,121.4503508,31.2125891,,normal
O4461099629,121.4350091,31.2205434,,normal
O4461632045,121.4424963,31.2212556,,normal
O4461632046,121.4416317,31.2229881,,normal
O4461632047,121.4428953,31.2214199,,normal
O4461632048,121.4429514,31.2214035,,normal
O4461632049,121.4429944,31.2214622,,normal
O4461632063,121.4465927,31.2226413,,normal
O4461640030,121.4439609,31.224504,,normal
O4461640031,121.443447,31.225202,,normal
O4461640032,121.4437108,31.2242468,,normal
O4462712730,121.4417324,31.2251758,,normal
O4462712731,121.441552,31.2254749,,normal
O4463188455,121.4365848,31.2196454,,normal
O4463188456,121.4365249,31.2198043,,normal
O4463188457,121.4359399,31.2194695,,normal
O4463188458,121.435893,31.2196313,,normal
O4463188459,121.4366497,31.2194886,,normal
O4463188460,121.4359757,31.2193098,,normal
O4464604062,121.457558,31.2143313,,normal
O4464816505,121.4686292,31.2295783,,normal
O4464816506,121.468795,31.2292192,,normal
O4464816507,121.4684872,31.2295544,,normal
O4464816508,121.4686654,31.2291784,,normal
O4464834316,121.4690137,31.2297098,,normal
O4464835965,121.4700281,31.2298717,,normal
O4464835966,121.4702615,31.2294453,,normal
O4464835967,121.4700577,31.2293811,,normal
O4464835968,121.4704877,31.2295235,,normal
O4464835969,121.4699334,31.2296018,,normal
O4464835970,121.4701374,31.2296721,,normal
O4464835971,121.4703471,31.2297511,,normal
O4464876466,121.4450658,31.2265527,,normal
O4464876467,121.444427,31.2262801,,normal
O4465151264,121.4689082,31.2296691,,normal
O4465151265,121.4688091,31.2298445,,normal
O4467995406,121.467887,31.2292277,,normal
O4467995407,121.4681044,31.2293002,,normal
O4467995408,121.4683112,31.2293673,,normal
O4467995409,121.4679393,31.2290957,,normal
O4467995410,121.4681646,31.2291667,,normal
O4467995411,121.4683814,31.2292362,,normal
O4467995412,121.4679723,31.2289647,,normal
O4467995413,121.4682237,31.2290355,,normal
O4467995414,121.4684372,31.2291009,,normal
O4467995415,121.4680282,31.2288338,,normal
O4467995416,121.4682812,31.2289078,,normal
O4467995417,121.4684881,31.2289766,,normal
O4467995418,121.4681146,31.2287138,,normal
O4467995419,121.4683395,31.2287785,,normal
O4467995420,121.4685567,31.2288478,,normal
O4467995421,121.4680506,31.2294214,,normal
O4467995422,121.4681699,31.2291682,,normal
O4469538154,121.4264547,31.2134786,,normal
O4470004597,121.4394099,31.2143376,,normal
O4470004598,121.4391601,31.2131354,,normal
O4470004601,121.4381306,31.213641,,normal
O4470004605,121.4383755,31.2132805,,normal
O4470023334,121.4704326,31.2366131,,normal
O4470023337,121.472818,31.2384143,,normal
O4470023339,121.4720919,31.2380559,,normal
O4470023340,121.471711,31.2386202,,normal
O4470023341,121.4665898,31.2391907,,normal
O4470023342,121.4697864,31.2364045,,normal
O4470023343,121.4666883,31.2367706,,normal
O4470023344,121.4664659,31.2396056,,normal
O4470023345,121.4677094,31.2366688,,normal
O4470023347,121.4671729,31.2373743,,normal
O4470023349,121.4708788,31.237329,,normal
O4470023351,121.4665076,31.2370453,,normal
O4470023352,121.4665916,31.2369175,,normal
O4470023353,121.4701821,31.2371385,,normal
O4470023355,121.4693595,31.237259,,normal
O4470023356,121.4728702,31.2380975,,normal
O4470023358,121.4663017,31.2373587,,normal
O4470023359,121.4715194,31.2375827,,normal
O4470023361,121.4721232,31.2382283,,normal
O4470023362,121.4721763,31.2385192,,normal
O4470023363,121.4662503,31.2403283,,normal
O4470023364,121.4711656,31.2383853,,normal
O4470023365,121.4728809,31.238265,,normal
O4470023366,121.4664021,31.2398471,,normal
O4470023367,121.4713821,31.2385121,,normal
O4470023369,121.4721603,31.2383971,,normal
O4475361246,121.4648605,31.2308612,,normal
O4475361259,121.4640918,31.230887,,normal
O4475361260,121.4639463,31.2320093,,normal
O4475361261,121.4639958,31.2320343,,normal
O4475361262,121.4636269,31.2325497,,normal
O4475361264,121.4631889,31.2323275,,normal
O4475361265,121.4633634,31.232416,,normal
O4475361266,121.4627398,31.2334446,,normal
O4475361268,121.4638403,31.2322329,,normal
O4475361269,121.463611,31.2321194,,normal
O4475361270,121.4640749,31.2322791,,normal
O4475361271,121.4637943,31.232636,,normal
O4475361272,121.4631403,31.2327294,,normal
O4475361273,121.4625889,31.2324254,,normal
O4475361274,121.4626701,31.2322745,,normal
O4475361275,121.4628474,31.2334814,,normal
O4475361276,121.462873,31.2334893,,normal
O4479304769,121.4682113,31.2294888,,normal
O4479304770,121.4679874,31.2300488,,normal
O4479304771,121.4681931,31.2300832,,normal
O4479304772,121.4680509,31.2307757,,normal
O4479304773,121.468045,31.2309488,,normal
O4479304774,121.4682038,31.229505,,normal
O4479304775,121.4681547,31.2302703,,normal
O4479304776,121.4682376,31.2302813,,normal
O4479304777,121.4684961,31.2301634,,normal
O4479304778,121.4683583,31.2301269,,normal
O4479304779,121.4684472,31.2299266,,normal
O4479304780,121.4683694,31.2299054,,normal
O4479304781,121.4684063,31.2309706,,normal
O4479304782,121.4684374,31.2307088,,normal
O4479304783,121.4684779,31.2305497,,normal
O4479304784,121.4685204,31.2304187,,normal
O4479304785,121.4681227,31.2306847,,normal
O4479304786,121.4684423,31.2306908,,normal
O4479304787,121.4687965,31.2307245,,normal
O4479304788,121.4681728,31.2305255,,normal
O4479305189,121.4688988,31.2305834,,normal
O4479305190,121.4682868,31.2303712,,normal
O4479305191,121.4688119,31.2304726,,normal
O4479305192,121.4686033,31.230434,,normal
O4479305193,121.4686687,31.2302374,,normal
O4479305194,121.4690497,31.2303484,,normal
O4479305195,121.4687419,31.2300102,,normal
O4479305196,121.4692401,31.2300214,,normal
O4479328411,121.4701221,31.2299208,,normal
O4481538613,121.4538765,31.228836,,normal
O4481538614,121.4543343,31.229269,,normal
O4481538615,121.4546159,31.2294096,,normal
O4481538617,121.4542204,31.2294337,,normal
O4481538618,121.4544304,31.2295337,,normal
O4481538619,121.4540358,31.2289867,,normal
O4481538621,121.4539542,31.2289142,,normal
O4481543618,121.4614328,31.2317641,,normal
O4481543619,121.4609504,31.2327261,,normal
O4481543620,121.4609792,31.232667,,normal
O4481543621,121.4614235,31.2317775,,normal
O4481543622,121.4612616,31.2320899,,normal
O4481543623,121.459993,31.2316768,,normal
O4481543624,121.4600502,31.2315406,,normal
O4484129193,121.4475136,31.2273847,,normal
O4484129199,121.4486486,31.2278591,,normal
O4484129206,121.4492484,31.228052,,normal
O4484129211,121.4488237,31.2279376,,normal
O4484129212,121.4484455,31.2288307,,normal
O4484129214,121.4484654,31.2287839,,normal
O4484129215,121.4482967,31.2287393,,normal
O4484129217,121.4485379,31.2286126,,normal
O4484129218,121.4490733,31.2287343,,normal
O4484129219,121.4485821,31.2285226,,normal
O4484129220,121.4480315,31.2283689,,normal
O4484129221,121.4485771,31.2285184,,normal
O4484129222,121.4486478,31.2283529,,normal
O4484129223,121.4489716,31.2284336,,normal
O4484129226,121.4488116,31.2279606,,normal
O4484137323,121.4499487,31.2295957,,normal
O4484137324,121.4506403,31.2298551,,normal
O4484137325,121.4502275,31.229699,,normal
O4484137326,121.450646,31.2287182,,normal
O4484137327,121.4502965,31.2295371,,normal
O4484137329,121.4503734,31.2293571,,normal
O4484137330,121.4507118,31.2294796,,normal
O4484137331,121.4503234,31.2294742,,normal
O4484137332,121.4500367,31.2293797,,normal
O4484137333,121.4503974,31.2293005,,normal
O4484137334,121.4501065,31.2292082,,normal
O4484137336,121.450454,31.2291682,,normal
O4484137337,121.4508531,31.2293164,,normal
O4484137338,121.4504662,31.2291397,,normal
O4484137339,121.4501723,31.2290466,,normal
O4484137340,121.450517,31.2290208,,normal
O4484137341,121.4508288,31.2291392,,normal
O4484137342,121.4506265,31.2287604,,normal
O4484901031,121.4513403,31.2290204,,normal
O4484901032,121.4513376,31.2290137,,normal
O4484901033,121.4513492,31.2290183,,normal
O4484901034,121.4513474,31.2290108,,normal
O4484920619,121.449974,31.2275279,,normal
O4484920620,121.4501209,31.2272868,,normal
O4484920621,121.4502768,31.227351,,normal
O4485375687,121.4560592,31.2178201,,normal
O4485375688,121.4557673,31.2183244,,normal
O4485378991,121.4578288,31.2174374,,normal
O4485489321,121.4612659,31.2178029,,normal
O4485489322,121.4613751,31.2177295,,normal
O4485489323,121.4613506,31.2175797,,normal
O4485489327,121.4617194,31.2163338,,normal
O4485489334,121.461416,31.2173586,,normal
O4485489335,121.4619707,31.2175269,,normal
O4487092950,121.4517335,31.2136548,,normal
O4487092951,121.4516065,31.2140414,,normal
O4487092959,121.4523515,31.2135079,,normal
O4487092960,121.4522309,31.213236,,normal
O4487092961,121.4524579,31.2133015,,normal
O4487092962,121.4520036,31.2131681,,normal
O4494408804,121.4518358,31.229171,,normal
O4494408805,121.4520103,31.2287715,,normal
O4494408806,121.4606131,31.2350963,,normal
O4506506189,121.4499869,31.2260966,,normal
O4506506190,121.4499471,31.2261035,,normal
O4506506191,121.450035,31.2259329,,normal
O4506506194,121.4502123,31.2256385,,normal
O4506506196,121.4503351,31.2253968,,normal
O4506506197,121.4505136,31.2253619,,normal
O4506506198,121.4502757,31.2252455,,normal
O4506506199,121.4492753,31.2281152,,normal
O4508546841,121.4509052,31.2240759,,normal
O4508546842,121.4515306,31.2243197,,normal
O4508546843,121.4513833,31.224691,,normal
O4509874719,121.4622916,31.239281,,normal
O4509874720,121.462073,31.2379389,,normal
O4509874721,121.4618193,31.2379888,,normal
O4509874722,121.4608335,31.240026,,normal
O4509874723,121.4626687,31.2387699,,normal
O4509874724,121.461981,31.2380703,,normal
O4509874725,121.4618869,31.2382047,,normal
O4509874726,121.4611798,31.2392138,,normal
O4509874728,121.4618641,31.2385275,,normal
O4509874729,121.4610293,31.2391403,,normal
O4509874730,121.4613752,31.239308,,normal
O4509874731,121.461684,31.2387922,,normal
O4509874732,121.4631868,31.2380678,,normal
O4509874733,121.462867,31.2385012,,normal
O4509874734,121.4614501,31.2388279,,normal
O4509874735,121.4611324,31.2396585,,normal
O4509874736,121.4607173,31.239874,,normal
O4509874737,121.4627677,31.2386358,,normal
O4509874738,121.4622026,31.2394016,,normal
O4509874739,121.4617767,31.238656,,normal
O4509874740,121.4621053,31.2395335,,normal
O4509874741,121.4613893,31.2386402,,normal
O4509874742,121.4612689,31.2390866,,normal
O4509874744,121.4623854,31.2391539,,normal
O4509874745,121.4615306,31.2387131,,normal
O4509874746,121.4629611,31.2383737,,normal
O4509874748,121.4620366,31.2396267,,normal
O4509874751,121.4617983,31.2383309,,normal
O4509874752,121.4621615,31.2378127,,normal
O4509874753,121.4622898,31.2376295,,normal
O4509874754,121.4625685,31.2389057,,normal
O4509874755,121.46248,31.2390257,,normal
O4509874756,121.4619512,31.2383994,,normal
O4509874758,121.4613548,31.238964,,normal
O4509874760,121.4630632,31.2382353,,normal
O4522265788,121.4454129,31.2222082,,normal
O4553246014,121.4145941,31.2059728,,normal
O4553246015,121.4131006,31.2058054,,normal
O4553246016,121.4130657,31.2058008,,normal
O4553246017,121.41313,31.2052958,,normal
O4553246018,121.4140197,31.2058963,,normal
O4553246019,121.4139058,31.2066503,,normal
O4553246020,121.4138495,31.2069406,,normal
O4553246022,121.4145407,31.2063265,,normal
O4553246023,121.4134808,31.2061936,,normal
O4553246024,121.4134111,31.2065643,,normal
O4553246025,121.4134929,31.2066045,,normal
O4553246026,121.4144819,31.2067206,,normal
O4553246027,121.4145922,31.2069908,,normal
O4553246028,121.414812,31.2069425,,normal
O4553246029,121.415052,31.2069273,,normal
O4553246030,121.4152155,31.2069226,,normal
O4553246031,121.4152973,31.2068816,,normal
O4553246032,121.4149698,31.2066043,,normal
O4553246033,121.4150948,31.205938,,normal
O4553246034,121.4150805,31.2060278,,normal
O4553246035,121.4135384,31.2058482,,normal
O4553246036,121.4141188,31.2046005,,normal
O4553246051,121.4156861,31.2037253,,normal
O4553246053,121.4165683,31.2052929,,normal
O4553246054,121.4167533,31.204361,,normal
O4553246055,121.4168873,31.2035251,,normal
O4553246056,121.415736,31.2033895,,normal
O4553470910,121.4086494,31.2154687,,normal
O4553470911,121.4101137,31.2152812,,normal
O4553470912,121.4107513,31.2151877,,normal
O4553470913,121.4111556,31.2150982,,normal
O4553470914,121.4105996,31.2152151,,normal
O4553470915,121.4103623,31.2158097,,normal
O4553470916,121.4104918,31.2154703,,normal
O4553470917,121.4101722,31.2155042,,normal
O4553470918,121.4101106,31.2155595,,normal
O4553470919,121.4098334,31.2155991,,normal
O4553470920,121.4099813,31.2163161,,normal
O4553470921,121.409895,31.2164918,,normal
O4553470922,121.4098087,31.2165419,,normal
O4553470923,121.4096971,31.2170477,,normal
O4553470924,121.4093466,31.2156562,,normal
O4553470925,121.4093188,31.2156641,,normal
O4553470926,121.4094453,31.2163047,,normal
O4553470927,121.4088182,31.2163908,,normal
O4553470928,121.4099608,31.216217,,normal
O4553470929,121.4099146,31.215993,,normal
O4553470930,121.4093995,31.2160727,,normal
O4553470931,121.4088814,31.2161387,,normal
O4553470932,121.4098733,31.2157928,,normal
O4553470933,121.4093587,31.2158663,,normal
O4553470934,121.4088475,31.2159331,,normal
O4553470935,121.4088106,31.2157248,,normal
O4553470936,121.409288,31.2154743,,normal
O4553470937,121.4104016,31.2157135,,normal
O4553470938,121.4101938,31.2157563,,normal
O4553470939,121.4101537,31.2158433,,normal
O4553470940,121.4099505,31.2158697,,normal
O4553470941,121.4113163,31.2150668,,normal
O4553470942,121.4092781,31.2153886,,normal
O4573378155,121.4548692,31.2511775,,normal
O4573378158,121.4554078,31.2515874,,normal
O4573378159,121.4585779,31.2515678,,normal
O4573378160,121.4577536,31.2515966,,normal
O4573378161,121.4576747,31.2515901,,normal
O4573378162,121.4575958,31.2515531,,normal
O4573378163,121.4574538,31.2512861,,normal
O4573378164,121.4573907,31.2512288,,normal
O4573378165,121.4573078,31.251212,,normal
O4573378166,121.4557821,31.2517461,,normal
O4573378167,121.4556881,31.2519078,,normal
O4573378168,121.455405,31.2525776,,normal
O4573378169,121.4560471,31.2516248,,normal
O4573378170,121.4558696,31.2517005,,normal
O4573378171,121.4557294,31.2518111,,normal
O4573378172,121.4555541,31.252418,,normal
O4573378173,121.4556161,31.2514161,,normal
O4573378174,121.4550443,31.251014,,normal
O4573378175,121.4555887,31.251562,,normal
O4573378176,121.4548967,31.2510573,,normal
O4573378177,121.4585805,31.2514585,,normal
O4573378178,121.4580492,31.2514683,,normal
O4573378179,121.4579397,31.2514182,,normal
O4573378180,121.4578039,31.2513124,,normal
O4573378181,121.4577045,31.2511179,,normal
O4573378182,121.4575345,31.2507815,,normal
O4573378184,121.4576231,31.2506319,,normal
O4573378185,121.4588686,31.2501462,,normal
O4573378186,121.4578614,31.2513724,,normal
O4573378187,121.4579058,31.2514971,,normal
O4573378188,121.4578172,31.2514964,,normal
O4573378589,121.4577421,31.2514679,,normal
O4573378590,121.4576952,31.2514349,,normal
O4573378591,121.4576608,31.2513993,,normal
O4573378592,121.4573544,31.2508369,,normal
O4573378593,121.4574867,31.2504246,,normal
O4573378594,121.4586964,31.2499461,,normal
O4573378595,121.4588301,31.2499132,,normal
O4573378596,121.4589104,31.2499148,,normal
O4573378597,121.4573144,31.2506085,,normal
O4573378598,121.4573817,31.2505054,,normal
O4573378599,121.4573076,31.2507276,,normal
O4573378600,121.4574729,31.2506488,,normal
O4573378601,121.4575398,31.2505302,,normal
O4573378602,121.4588814,31.2500113,,normal
O4573378603,121.4589789,31.2500099,,normal
O4573378604,121.4575834,31.2506517,,normal
O4573378605,121.4574855,31.2505798,,normal
O4573378606,121.4573305,31.250781,,normal
O4573378607,121.4575002,31.2507075,,normal
O4573378608,121.4575672,31.250675,,normal
O4573378609,121.4575058,31.2505596,,normal
O4573378610,121.4574512,31.2504519,,normal
O4573378611,121.4582493,31.2503876,,normal
O4573378612,121.4581858,31.2502804,,normal
O4573378613,121.4581262,31.250175,,normal
O4573378614,121.4589923,31.2499372,,normal
O4573378615,121.4589264,31.2501274,,normal
O4573378616,121.4589443,31.2500104,,normal
O4573378617,121.4589576,31.2499278,,normal
O4573378618,121.4590392,31.2502373,,normal
O4573378619,121.4593102,31.2502986,,normal
O4573378620,121.4592989,31.2498833,,normal
O4573378622,121.459586,31.2499403,,normal
O4598294795,121.4315603,31.2136718,,normal
O4599535994,121.4380042,31.2177118,,normal
O4601283897,121.4294429,31.2111792,,normal
O4601375504,121.422381,31.209493,,normal
O4601375507,121.4480104,31.2214482,,normal
O4601381079,121.4609791,31.2240468,,normal
O4601381080,121.4526657,31.2231445,,normal
O4601381081,121.4679207,31.2240997,,normal
O4601431497,121.4733542,31.2261335,,normal
O4676162754,121.4878276,31.2313418,,normal
O4676162755,121.4876524,31.2312149,,normal
O4676162756,121.4880403,31.2314796,,normal
O4676162770,121.4877144,31.231347,,normal
O4676163129,121.4323864,31.2139907,,normal
O4676163130,121.4322998,31.2138086,,normal
O4676163131,121.4326595,31.2139711,,normal
O4679395119,121.4532144,31.2069954,,normal
O4679395120,121.4529314,31.2071526,,normal
O4679395121,121.4528264,31.2080336,,normal
O4679395122,121.4521679,31.2069363,,normal
O4679395123,121.4521296,31.2070978,,normal
O4685337146,121.4433121,31.2414889,,normal
O4685337147,121.4424729,31.2407852,,normal
O4685439802,121.4205248,31.1988062,,normal
O4686736453,121.4693244,31.2385383,,normal
O4689124038,121.431186,31.2399239,,normal
O4689124039,121.4304102,31.2419549,,normal
O4690264550,121.4620399,31.2295739,,normal
O4690264551,121.4598557,31.2289932,,normal
O4690264553,121.4590934,31.228575,,normal
O4690264556,121.4648287,31.2104527,,normal
O4705342936,121.482979,31.2213703,,normal
O4705342937,121.4817464,31.2211133,,normal
O4705342938,121.4816162,31.2210938,,normal
O4705342953,121.4720058,31.2191499,,normal
O4705342957,121.4713726,31.2189267,,normal
O4705342963,121.4577716,31.2138762,,normal
O4706110052,121.4171241,31.2247792,,normal
O4706110053,121.4180443,31.2252944,,normal
O4706110054,121.4180211,31.2253397,,normal
O4706110055,121.4188464,31.2237288,,normal
O4706176030,121.4168663,31.2254679,,normal
O4706176031,121.4219511,31.2255899,,normal
O4706176032,121.4170329,31.2269858,,normal
O4706176040,121.4187393,31.2239288,,normal
O4706176041,121.4172177,31.2256443,,normal
O4706176042,121.4164377,31.2268195,,normal
O4706176043,121.4177914,31.2265527,,normal
O4706176050,121.4180769,31.2259824,,normal
O4706176053,121.4176594,31.2256938,,normal
O4706176058,121.4173499,31.2264468,,normal
O4706176061,121.4179093,31.2264746,,normal
O4706176062,121.4169145,31.2253993,,normal
O4706176065,121.4170782,31.2255251,,normal
O4706176067,121.4236894,31.2252163,,normal
O4706176069,121.4164295,31.2252362,,normal
O4706176072,121.4181289,31.2258091,,normal
O4706247958,121.4485863,31.2475625,,normal
O4706247961,121.4485513,31.2475366,,normal
O4708397767,121.4765449,31.2365315,,normal
O4708397771,121.4767178,31.2359976,,normal
O4708397776,121.4775986,31.2362017,,normal
O4708397777,121.4767269,31.2365686,,normal
O4708397780,121.4768291,31.23623,,normal
O4708397781,121.4764821,31.2366895,,normal
O4715079379,121.4786955,31.228951,,normal
O4715079380,121.4790689,31.2288948,,normal
O4715079381,121.4731753,31.2259834,,normal
O4715079383,121.4739147,31.2261882,,normal
O4715107670,121.4742954,31.2265166,,normal
O4715107675,121.4685732,31.2240597,,normal
O4715107676,121.4579462,31.2238546,,normal
O4715107679,121.4668558,31.2237386,,normal
O4715107681,121.4616534,31.2238839,,normal
O4715107688,121.4522506,31.2229902,,normal
O4715107689,121.452333,31.2228334,,normal
O4715107690,121.453391,31.2231868,,normal
O4715107691,121.4494688,31.2217706,,normal
O4715107696,121.4492636,31.2215939,,normal
O4715107699,121.437705,31.2173783,,normal
O4715107705,121.4390306,31.2181268,,normal
O4715149707,121.4312212,31.2132272,,normal
O4715149709,121.4324566,31.2138125,,normal
O4715149710,121.4318776,31.2135106,,normal
O4715149711,121.4316589,31.2133681,,normal
O4715149718,121.4301757,31.2115688,,normal
O4715149719,121.4236008,31.2096922,,normal
O4715149721,121.423317,31.2094519,,normal
O4715149722,121.4154761,31.2079946,,normal
O4715149723,121.4163241,31.207975,,normal
O4715149728,121.4034779,31.2018808,,normal
O4715211601,121.4677993,31.223878,,normal
O4715211602,121.4685297,31.2242939,,normal
O4725272571,121.4320036,31.2095501,,normal
O4725272572,121.4319969,31.2096058,,normal
O4728774035,121.4732778,31.2228387,,normal
O4729028228,121.4709257,31.2257858,,normal
O4729028229,121.4709895,31.2258111,,normal
O4729028230,121.4707923,31.2261339,,normal
O4730215262,121.4710103,31.2255448,,normal
O4730215265,121.4709799,31.2256315,,normal
O4730215266,121.4713762,31.2257804,,normal
O4730215267,121.4708038,31.2261069,,normal
O4734225026,121.4691432,31.2335201,,normal
O4734225027,121.4692182,31.2335018,,normal
O4743045953,121.4686432,31.2344423,,normal
O4743045954,121.4690584,31.2346232,,normal
O4753836290,121.4414972,31.2296036,,normal
O4770388729,121.4781463,31.2357879,,normal
O4770388730,121.4782599,31.2356544,,normal
O4770388731,121.4782024,31.2357149,,normal
O4779853276,121.4759766,31.2217909,,normal
O4779853277,121.4760575,31.2214969,,normal
O4785783414,121.41987,31.2316704,,normal
O4785783415,121.4201555,31.2311691,,normal
O4785783416,121.419094,31.230743,,normal
O4785783417,121.4197532,31.2295678,,normal
O4785783418,121.4218975,31.2304797,,normal
O4785783419,121.4213884,31.2315676,,normal
O4785783420,121.4206012,31.2299284,,normal
O4785783921,121.4208692,31.2294354,,normal
O4785783922,121.4231716,31.2303176,,normal
O4789032297,121.426548,31.2293906,,normal
O4789032307,121.4252734,31.2289894,,normal
O4789032314,121.4245504,31.2282702,,normal
O4789032349,121.4236923,31.2297455,,normal
O4789032350,121.4234022,31.2303064,,normal
O4789032351,121.4237988,31.2295397,,normal
O4789032352,121.4239006,31.2294157,,normal
O4789032353,121.4245142,31.2281761,,normal
O4796042249,121.4404765,31.2266104,,normal
O4796042250,121.4411822,31.2269153,,normal
O4796042251,121.4419113,31.2279676,,normal
O4796042252,121.4431195,31.2285852,,normal
O4796042253,121.4409797,31.2268278,,normal
O4796042254,121.4416481,31.2272873,,normal
O4796042255,121.4421166,31.2276918,,normal
O4797352661,121.4445571,31.2307098,,normal
O4797352662,121.4448682,31.2302742,,normal
O4805966381,121.4641556,31.2307843,,normal
O4808918883,121.4609498,31.227924,,normal
O4808918884,121.4610893,31.2279787,,normal
O4808918892,121.4614708,31.22812,,normal
O4808918894,121.4605101,31.2277641,,normal
O4808918895,121.4608158,31.2278763,,normal
O4810700696,121.4622046,31.2199933,,normal
O4810764193,121.4536277,31.2232725,,normal
O4810764194,121.4609957,31.2218411,,normal
O4810764197,121.4482228,31.2196729,,normal
O4810764199,121.4647851,31.2214534,,normal
O4810764200,121.4528729,31.223023,,normal
O4810764202,121.4536726,31.2209422,,normal
O4810764206,121.4485476,31.2213717,,normal
O4810764213,121.4562622,31.2231983,,normal
O4810764218,121.4568983,31.2231761,,normal
O4810814267,121.4577245,31.2272546,,normal
O4810814268,121.4562585,31.2265402,,normal
O4810814269,121.4575113,31.2279118,,normal
O4810814270,121.4572546,31.2282611,,normal
O4810814272,121.4573294,31.2278112,,normal
O4810814273,121.4568977,31.2284169,,normal
O4810814274,121.4570737,31.2281657,,normal
O4811022695,121.4525736,31.2312663,,normal
O4811022696,121.4519698,31.2310464,,normal
O4811480770,121.4479186,31.2168409,,normal
O4812447328,121.4468777,31.2073717,,normal
O4812447329,121.4463363,31.2093302,,normal
O4812447330,121.4466114,31.2083298,,normal
O4812454414,121.4224883,31.2197279,,normal
O4812454416,121.4226435,31.2188873,,normal
O4812463374,121.4284096,31.222358,,normal
O4812463378,121.4283399,31.2204792,,normal
O4812463379,121.4280987,31.220573,,normal
O4812463380,121.4284954,31.2221331,,normal
O4812463381,121.4267635,31.2230445,,normal
O4812463384,121.4270701,31.2228731,,normal
O4812463385,121.4282116,31.2225051,,normal
O4812463386,121.4285329,31.2193655,,normal
O4812463387,121.428174,31.2204904,,normal
O4812463388,121.4286298,31.2187224,,normal
O4812468247,121.4263463,31.2201914,,normal
O4812468250,121.4262443,31.2188728,,normal
O4812503523,121.4276967,31.2187659,,normal
O4812512936,121.4626942,31.2067576,,normal
O4812512937,121.462359,31.2074277,,normal
O4812592420,121.4355204,31.205392,,normal
O4812753087,121.4504812,31.2180985,,normal
O4812753089,121.4509636,31.2169384,,normal
O4813076759,121.4228785,31.2198971,,normal
O4813076774,121.4230837,31.2189004,,normal
O4814953387,121.4075031,31.250063,,normal
O4814953388,121.4071914,31.2508295,,normal
O4814953390,121.4114998,31.2418196,,normal
O4814953393,121.4031259,31.2557324,,normal
O4814953396,121.4152488,31.2502949,,normal
O4814953397,121.4187727,31.2509675,,normal
O4814953398,121.4195828,31.2512752,,normal
O4814953409,121.4089963,31.2593796,,normal
O4814953410,121.4092049,31.2593958,,normal
O4814953411,121.4094039,31.2593147,,normal
O4814953412,121.4095176,31.2591607,,normal
O4814953416,121.4105925,31.2577182,,normal
O4814953417,121.4109544,31.2576981,,normal
O4814953418,121.4115773,31.2573279,,normal
O4814953419,121.4117476,31.2570776,,normal
O4814953420,121.4118693,31.2566565,,normal
O4814954028,121.4052758,31.2461278,,normal
O4814954029,121.403952,31.2460678,,normal
O4814954034,121.4036714,31.2479747,,normal
O4814954053,121.4046418,31.2490394,,normal
O4814954055,121.4066814,31.2486229,,normal
O4814954056,121.4058481,31.2451165,,normal
O4815429603,121.4186065,31.2473159,,normal
O4815429604,121.4186982,31.2477335,,normal
O4815429605,121.4185867,31.2483867,,normal
O4815429606,121.4160839,31.2529109,,normal
O4815429618,121.4087158,31.246229,,normal
O4815429620,121.4045711,31.2452467,,normal
O4815429723,121.4029086,31.2453102,,normal
O4815429738,121.4018759,31.2478294,,normal
O4815429741,121.4023744,31.2478441,,normal
O4815429758,121.4068111,31.2486523,,normal
O4815429759,121.4080095,31.248112,,normal
O4815429763,121.4050531,31.2492812,,normal
O4815855228,121.4039568,31.24043,,normal
O4817429906,121.4020478,31.249072,,normal
O4819732367,121.4035098,31.2544473,,normal
O4819732368,121.4046134,31.2548886,,normal
O4819732369,121.4041796,31.2560157,,normal
O4819732521,121.4184074,31.2555395,,normal
O4819732522,121.4202569,31.2559253,,normal
O4819732533,121.4158526,31.2558407,,normal
O4819732535,121.4182899,31.2557135,,normal
O4819732536,121.4178639,31.2563694,,normal
O4819732537,121.4178002,31.2533999,,normal
O4819732540,121.4144387,31.2554679,,normal
O4819732591,121.4110046,31.2494879,,normal
O4819732593,121.4073293,31.2506798,,normal
O4819732596,121.4131433,31.2516735,,normal
O4819732601,121.4173232,31.2506633,,normal
O4819732610,121.4157776,31.250371,,normal
O4819732612,121.4131013,31.2522012,,normal
O4823845396,121.4602153,31.2158259,,normal
O4823845397,121.4617099,31.21614,,normal
O4823845399,121.4601025,31.2161766,,normal
O4823845401,121.459941,31.2167292,,normal
O4823845407,121.4600509,31.2163496,,normal
O4823845408,121.4598575,31.2170904,,normal
O4823845409,121.460154,31.2160113,,normal
O4823869420,121.4681609,31.2205884,,normal
O4824410317,121.4266782,31.2230943,,normal
O4824410815,121.4100753,31.2172158,,normal
O4824550728,121.4448568,31.2174451,,normal
O4824558607,121.4400918,31.2175763,,normal
O4824558617,121.4404341,31.2166722,,normal
O4824564120,121.4520125,31.2292243,,normal
O4824564925,121.4516369,31.2301768,,normal
O4824564934,121.4518349,31.2296854,,normal
O4824564936,121.4523592,31.2298194,,normal
O4824564939,121.4525389,31.2293874,,normal
O4824581010,121.4434533,31.2313247,,normal
O4824581011,121.4429764,31.2320547,,normal
O4826190831,121.4548093,31.2329719,,normal
O4826228019,121.4381175,31.2208279,,normal
O4826228020,121.4378686,31.2211696,,normal
O4826228821,121.4382863,31.2206573,,normal
O4826228822,121.4379543,31.2207909,,normal
O4826228823,121.4378718,31.2203759,,normal
O4826228824,121.4380663,31.2210224,,normal
O4826228825,121.4382171,31.2204492,,normal
O4826228826,121.4380179,31.221206,,normal
O4826228827,121.4379141,31.2209883,,normal
O4826228828,121.4378016,31.2205593,,normal
O4826228829,121.4384496,31.2204873,,normal
O4826228830,121.4382408,31.2210613,,normal
O4826228831,121.4382596,31.2208616,,normal
O4826228832,121.4381471,31.2212359,,normal
O4826228833,121.4381682,31.2206351,,normal
O4826233713,121.4651051,31.2245415,,normal
O4826233714,121.4644218,31.2240502,,normal
O4826233716,121.4644098,31.2250031,,normal
O4826661065,121.4485811,31.219455,,normal
O4826661067,121.4489997,31.2187648,,normal
O4826663660,121.4490527,31.2192952,,normal
O4826663663,121.4499878,31.2197268,,normal
O4826663664,121.4493863,31.2196402,,normal
O4826663665,121.4499859,31.2196215,,normal
O4826663666,121.4499112,31.2198854,,normal
O4826663667,121.4489642,31.2194451,,normal
O4826663668,121.4491462,31.2191279,,normal
O4826663669,121.4495763,31.2193322,,normal
O4826663670,121.4494791,31.219491,,normal
O4828317130,121.4593411,31.2537392,,normal
O4849372238,121.4374044,31.2263831,,normal
O4851067139,121.4129315,31.2109103,,normal
O4851067140,121.4128779,31.2106899,,normal
O4851162185,121.4121483,31.2093288,,normal
O4851162187,121.4133386,31.2088899,,normal
O4851162188,121.4137019,31.208755,,normal
O4851162189,121.4141554,31.208508,,normal
O4851162190,121.4142837,31.2084335,,normal
O4851162191,121.4145384,31.2082292,,normal
O4851162192,121.4147741,31.2078369,,normal
O4851162193,121.4144257,31.2081856,,normal
O4851186951,121.4139237,31.2085343,,normal
O4851200533,121.4124022,31.2092404,,normal
O4851205030,121.4124716,31.2092189,,normal
O4851304856,121.4132477,31.2073034,,normal
O4851304857,121.413922,31.2076934,,normal
O4851304858,121.4117382,31.2060029,,normal
O4851304859,121.4120158,31.2067613,,normal
O4851304860,121.412112,31.2067804,,normal
O4851304861,121.4127958,31.2070326,,normal
O4851304862,121.4130613,31.2071702,,normal
O4851304863,121.4134554,31.2074502,,normal
O4851304864,121.4136914,31.2075902,,normal
O4851304865,121.4142089,31.2077988,,normal
O4851304866,121.4146067,31.2079048,,normal
O4851304867,121.4120639,31.2062497,,normal
O4851304868,121.4133562,31.2072368,,normal
O4851304869,121.4128547,31.2068972,,normal
O4851304870,121.4142303,31.2076749,,normal
O4851325600,121.414737,31.2079364,,normal
O4851325601,121.4164529,31.2082478,,normal
O4851325602,121.4152679,31.2080464,,normal
O4851325630,121.4130664,31.2048384,,normal
O4851325631,121.4148547,31.2050536,,normal
O4851344273,121.4138013,31.2075029,,normal
O4851362355,121.4140856,31.2073123,,normal
O4851362356,121.4159623,31.2078556,,normal
O4851362357,121.4149427,31.2076133,,normal
O4851362358,121.415528,31.2077456,,normal
O4851362359,121.4143161,31.2074109,,normal
O4851362360,121.4138026,31.2071448,,normal
O4851362362,121.4138871,31.2073629,,normal
O4851373548,121.4172329,31.2069507,,normal
O4851436128,121.4168256,31.2085277,,normal
O4851496354,121.4191952,31.2087881,,normal
O4851496355,121.4180716,31.2083301,,normal
O4851496356,121.4180157,31.2085319,,normal
O4851726420,121.4203558,31.2087163,,normal
O4851728521,121.4194177,31.2085333,,normal
O4851766211,121.4229449,31.2093251,,normal
O4851766212,121.4215485,31.2089555,,normal
O4851789913,121.4221409,31.2095415,,normal
O4851789914,121.4235721,31.2098224,,normal
O4853206390,121.4178065,31.2060875,,normal
O4853206391,121.418616,31.2060022,,normal
O4853206392,121.4181496,31.206147,,normal
O4853206393,121.4189512,31.2065827,,normal
O4853206394,121.4189514,31.2063027,,normal
O4853206395,121.4181336,31.20673,,normal
O4853206396,121.4188787,31.2067342,,normal
O4853206397,121.4188707,31.2063004,,normal
O4853206398,121.4194509,31.2062219,,normal
O4853208190,121.4192727,31.206291,,normal
O4853208192,121.4190556,31.2058275,,normal
O4853208193,121.4187741,31.2059103,,normal
O4853208194,121.418631,31.205614,,normal
O4853222083,121.4204823,31.2079927,,normal
O4853224177,121.4204112,31.2083997,,normal
O4853384257,121.4179902,31.2067312,,normal
O4853384258,121.4178414,31.2068082,,normal
O4853384259,121.4181778,31.20701,,normal
O4853384260,121.4178725,31.2069994,,normal
O4853384261,121.418064,31.2074083,,normal
O4853384262,121.4178441,31.2069275,,normal
O4853384263,121.4179996,31.207321,,normal
O4853384282,121.4189029,31.2067319,,normal
O4853384283,121.4188975,31.2070004,,normal
O4853384287,121.418844,31.2070188,,normal
O4853384288,121.418852,31.2074159,,normal
O4853384289,121.4180344,31.2073911,,normal
O4855448139,121.4129098,31.2121393,,normal
O4855459824,121.4123805,31.2099568,,normal
O4855459825,121.4120908,31.2093463,,normal
O4855459834,121.4125201,31.2124719,,normal
O4855459835,121.4127479,31.2114186,,normal
O4855482843,121.4117181,31.2063395,,normal
O4855482844,121.4088499,31.2040615,,normal
O4855482845,121.4114356,31.2059479,,normal
O4855482849,121.4116938,31.2075581,,normal
O4855482854,121.4120602,31.2092646,,normal
O4855482856,121.4117259,31.2064935,,normal
O4855482857,121.4117474,31.206808,,normal
O4855482858,121.4110463,31.207627,,normal
O4855482859,121.4117788,31.2075583,,normal
O4855493821,121.4119003,31.2061172,,normal
O4855502798,121.4129504,31.2068042,,normal
O4855560465,121.4123313,31.2065938,,normal
O4855560467,121.4106424,31.2048377,,normal
O4855573702,121.412667,31.2066118,,normal
O4855573703,121.4105134,31.2049268,,normal
O4855573705,121.4103013,31.2051238,,normal
O4855591703,121.4119684,31.205439,,normal
O4855591707,121.4113782,31.2055732,,normal
O4855605903,121.412844,31.2066149,,normal
O4855605904,121.4131818,31.2067892,,normal
O4855605905,121.4126027,31.2063924,,normal
O4855605906,121.4123908,31.206117,,normal
O4855757186,121.4424117,31.2076473,,normal
O4855757189,121.4425177,31.2073745,,normal
O4855757192,121.4439199,31.2083547,,normal
O4855757198,121.4442481,31.2079944,,normal
O4855757201,121.4437647,31.2087589,,normal
O4855757203,121.4421605,31.2083761,,normal
O4855777095,121.4521816,31.2032469,,normal
O4855777102,121.4511117,31.2029903,,normal
O4855777107,121.4516085,31.2031091,,normal
O4855963643,121.4113102,31.2046641,,normal
O4855963646,121.4108012,31.2047799,,normal
O4857171101,121.4119687,31.2047107,,normal
O4857228966,121.4133824,31.2002133,,normal
O4857241813,121.4123478,31.2047468,,normal
O4857253803,121.4123211,31.2060092,,normal
O4857253804,121.4123077,31.2050199,,normal
O4857253805,121.4122648,31.205876,,normal
O4857253806,121.4122406,31.2057039,,normal
O4857373605,121.4124582,31.2091373,,normal
O4857388505,121.410903,31.2101131,,normal
O4857388506,121.4110099,31.2097611,,normal
O4857388507,121.4110853,31.2099547,,normal
O4857388508,121.4109538,31.2100076,,normal
O4857388509,121.4110961,31.2106616,,normal
O4857388510,121.4116618,31.2104963,,normal
O4857388511,121.411466,31.2099983,,normal
O4857388512,121.4113748,31.2099318,,normal
O4857388513,121.4113025,31.2099134,,normal
O4857388514,121.411147,31.2099341,,normal
O4857388515,121.4110756,31.2097436,,normal
O4857388516,121.4100876,31.2100007,,normal
O4857388517,121.4108948,31.2096954,,normal
O4857388518,121.4077167,31.2107136,,normal
O4857388519,121.4112167,31.2096931,,normal
O4857388520,121.4116161,31.2095484,,normal
O4857388521,121.4106857,31.2097597,,normal
O4857572915,121.4134953,31.2069765,,normal
O4859436093,121.4035102,31.2017932,,normal
O4859814927,121.4034012,31.2021192,,normal
O4859814928,121.4032566,31.2025679,,normal
O4861590685,121.4673436,31.2151502,,normal
O4861627046,121.4659338,31.2090332,,normal
O4861627049,121.4664829,31.2091289,,normal
O4863808659,121.4196159,31.21393,,normal
O4863815565,121.4342672,31.2217827,,normal
O4863815568,121.4347866,31.22109,,normal
O4863815573,121.4344125,31.2216827,,normal
O4863859587,121.4353756,31.2115305,,normal
O4863859602,121.4350624,31.2120427,,normal
O4863859611,121.4352499,31.2117876,,normal
O4863859615,121.4355023,31.2111471,,normal
O4863859616,121.4356382,31.2118446,,normal
O4863859617,121.4353009,31.2116834,,normal
O4863941336,121.4226755,31.2230184,,normal
O4867399721,121.4189529,31.2127684,,normal
O4867399722,121.41889,31.2125499,,normal
O4867399723,121.4188311,31.2125041,,normal
O4867399724,121.4187426,31.2125133,,normal
O4867399725,121.4186246,31.2125386,,normal
O4867399726,121.4185737,31.2125777,,normal
O4867399727,121.4185817,31.2126488,,normal
O4867399728,121.4186067,31.2128099,,normal
O4868927533,121.4856743,31.2327573,,normal
O4869671432,121.4817011,31.2368686,,normal
O4874015454,121.4785003,31.2477708,,normal
O4874015455,121.4794121,31.2478557,,normal
O4874015459,121.4786876,31.2478095,,normal
O4874339083,121.4388262,31.2426503,,normal
O4874339087,121.4403576,31.2440829,,normal
O4908327481,121.4806798,31.2224219,,normal
O4908327489,121.4782794,31.2221099,,normal
O4908327490,121.4786402,31.22216,,normal
O4908327491,121.479476,31.2222788,,normal
O4908327492,121.4794406,31.2214868,,normal
O4908356462,121.4722766,31.2077217,,normal
O4933453145,121.4715114,31.2208304,,normal
O4961858913,121.4460914,31.2196646,,normal
O4961858914,121.4464131,31.2197845,,normal
O4961858917,121.4459833,31.2195972,,normal
O4987512926,121.4685304,31.2239158,,normal
O4987519206,121.4674765,31.223666,,normal
O4987519207,121.4671505,31.2236186,,normal
O4987519208,121.4666316,31.223574,,normal
O4987519209,121.4662839,31.2235657,,normal
O4987519210,121.4659122,31.2235918,,normal
O4987519211,121.4650269,31.2237041,,normal
O4987519212,121.4641992,31.2237645,,normal
O4987519213,121.4632711,31.2237918,,normal
O4987519215,121.4636397,31.2241478,,normal
O4987519216,121.4644184,31.2241621,,normal
O4987519217,121.4651047,31.2240929,,normal
O4987519220,121.4681079,31.224151,,normal
O4987519321,121.4654549,31.224061,,normal
O4987519322,121.4657116,31.2240329,,normal
O4987519323,121.4663749,31.2239968,,normal
O4987519324,121.4668911,31.2240346,,normal
O4987519325,121.4675015,31.2241272,,normal
O4988370703,121.4711748,31.2218461,,normal
O4988370704,121.4712922,31.2218953,,normal
O4988370705,121.471608,31.220459,,normal
O4988370706,121.4708214,31.2224577,,normal
O4988370707,121.4691107,31.2241083,,normal
O4988370708,121.4695185,31.2237871,,normal
O4988370709,121.4683444,31.223525,,normal
O4988370710,121.4693407,31.2237085,,normal
O4988370711,121.4696224,31.2238699,,normal
O4988370712,121.4696802,31.2236536,,normal
O4988370713,121.4708916,31.2223448,,normal
O4988370714,121.4707312,31.2225811,,normal
O4988370715,121.4703743,31.2229893,,normal
O4988370716,121.4701081,31.2232647,,normal
O4988384162,121.4715999,31.2196673,,normal
O4988384164,121.4715289,31.2191695,,normal
O4988384165,121.471648,31.219993,,normal
O4988384172,121.4716895,31.2194628,,normal
O4988384173,121.471485,31.220932,,normal
O4988384174,121.4714416,31.22114,,normal
O4988384175,121.4716642,31.2208902,,normal
O4988384176,121.4713555,31.2217548,,normal
O4988384177,121.4712391,31.2217381,,normal
O4988384178,121.4713497,31.2215296,,normal
O5000713104,121.4581427,31.2042905,,normal
O5000713105,121.4582068,31.2038751,,normal
O5000715349,121.460897,31.2032247,,normal
O5000973043,121.4708996,31.2230287,,normal
O5000973044,121.4706844,31.2232564,,normal
O5000973045,121.4713802,31.2223676,,normal
O5000973046,121.4713391,31.222187,,normal
O5000973047,121.4711401,31.2227322,,normal
O5000973048,121.4712926,31.2225137,,normal
O5000992865,121.4677978,31.2264097,,normal
O5000992866,121.4685439,31.2252513,,normal
O5000992867,121.4683941,31.2254123,,normal
O5000992868,121.4681642,31.2257342,,normal
O5000992869,121.468707,31.2250719,,normal
O5000992870,121.4687444,31.2248854,,normal
O5000992871,121.4698624,31.2238874,,normal
O5000992872,121.4702231,31.2237487,,normal
O5000992873,121.470271,31.224718,,normal
O5002541029,121.4679769,31.2242224,,normal
O5002541030,121.468592,31.2244022,,normal
O5002541031,121.4690627,31.2245914,,normal
O5002541032,121.4704227,31.2250237,,normal
O5002541033,121.4702688,31.2250462,,normal
O5002541034,121.4731005,31.22613,,normal
O5002541037,121.4676476,31.2259148,,normal
O5002541038,121.4674725,31.2262837,,normal
O5002541039,121.467608,31.2256736,,normal
O5002541040,121.4674475,31.226048,,normal
O5002541041,121.4673058,31.2264108,,normal
O5002541042,121.4672122,31.2266945,,normal
O5002561614,121.4732476,31.2258198,,normal
O5002561615,121.4702594,31.2245787,,normal
O5002566876,121.4712872,31.225006,,normal
O5002566877,121.4712363,31.2250979,,normal
O5002566878,121.471115,31.225291,,normal
O5002566879,121.4710683,31.2254331,,normal
O5016330936,121.4831625,31.2308611,,normal
O5016330937,121.4827424,31.2307689,,normal
O5016330938,121.4824573,31.2306929,,normal
O5016330939,121.4822876,31.2306326,,normal
O5016330940,121.4818271,31.2304195,,normal
O5016330941,121.4814039,31.2301966,,normal
O5016330942,121.4808558,31.2298925,,normal
O5016330943,121.4801306,31.2295265,,normal
O5016330944,121.479161,31.2290187,,normal
O5016330946,121.4707541,31.2250484,,normal
O5016330950,121.4145076,31.2077192,,normal
O5016330951,121.4147387,31.2078194,,normal
O5016330952,121.4150526,31.2079103,,normal
O5016366578,121.4731853,31.2090643,,normal
O5017787783,121.4744303,31.226287,,normal
O5017787784,121.4742486,31.2265965,,normal
O5017787785,121.4750144,31.2268047,,normal
O5017787786,121.4748573,31.2268436,,normal
O5017787787,121.4740096,31.2264993,,normal
O5017787788,121.4760541,31.2269695,,normal
O5017787789,121.4756326,31.226745,,normal
O5021317172,121.4714976,31.2283661,,normal
O5021317182,121.4775972,31.2321467,,normal
O5021317210,121.4744284,31.2347102,,normal
O5021424180,121.4558055,31.2464916,,normal
O5027691005,121.4060471,31.2318593,,normal
O5027772757,121.4061093,31.2270735,,normal
O5030726365,121.4767797,31.2273983,,normal
O5030726366,121.4764,31.2271607,,normal
O5031510659,121.4635242,31.2239052,,normal
O5031510660,121.4633564,31.223793,,normal
O5031510661,121.4629006,31.224074,,normal
O5031510662,121.4632874,31.2241453,,normal
O5031510663,121.4628644,31.2239046,,normal
O5031510664,121.4615343,31.2243825,,normal
O5031510665,121.4616221,31.2240585,,normal
O5031516796,121.4585269,31.2241182,,normal
O5031516797,121.4577561,31.2241226,,normal
O5031516800,121.4596265,31.2240334,,normal
O5031516801,121.4599233,31.2240381,,normal
O5031550688,121.4599207,31.2238558,,normal
O5031550689,121.4593375,31.2237631,,normal
O5031550690,121.4584921,31.2237523,,normal
O5031550691,121.4582193,31.2238571,,normal
O5031550692,121.4578475,31.2237617,,normal
O5031550693,121.4568321,31.2237591,,normal
O5031550694,121.4549177,31.2236967,,normal
O5031599801,121.4570582,31.2239585,,normal
O5031599802,121.4550301,31.2236896,,normal
O5031599803,121.4544848,31.2237712,,normal
O5031599804,121.4548991,31.2238184,,normal
O5031599805,121.4554984,31.2237185,,normal
O5031599806,121.4550569,31.2237493,,normal
O5031599807,121.4547439,31.2238486,,normal
O5031606753,121.4565494,31.2237819,,normal
O5031637177,121.449277,31.2219044,,normal
O5031637179,121.4511502,31.2225754,,normal
O5031700509,121.4472853,31.221272,,normal
O5031700510,121.4485674,31.2216024,,normal
O5031700513,121.4496935,31.2216366,,normal
O5032187727,121.44675,31.2209515,,normal
O5032187728,121.4466831,31.2211744,,normal
O5032187729,121.4517849,31.224072,,normal
O5032404905,121.4225468,31.239019,,normal
O5032404914,121.4244549,31.2377594,,normal
O5032404919,121.4229024,31.2392721,,normal
O5032404937,121.4204678,31.2410049,,normal
O5032404940,121.424454,31.2374774,,normal
O5032404945,121.4245288,31.2373983,,normal
O5032404951,121.4229127,31.2387699,,normal
O5032404956,121.4202164,31.2408341,,normal
O5032404957,121.420522,31.241032,,normal
O5032404958,121.4200552,31.2407575,,normal
O5032404959,121.42044,31.2406907,,normal
O5032404961,121.4203631,31.2410878,,normal
O5032404962,121.4201134,31.2409287,,normal
O5075446172,121.4790838,31.2410149,,normal
O5082912936,121.4675238,31.2273099,,normal
O5082912937,121.4675827,31.2265823,,normal
O5082912938,121.4674704,31.2275589,,normal
O5082912939,121.4676067,31.2269815,,normal
O5082912940,121.4677379,31.226542,,normal
O5082912941,121.467711,31.2266015,,normal
O5082912942,121.4678555,31.2263047,,normal
O5082912943,121.468047,31.2259503,,normal
O5082912944,121.4680062,31.2257717,,normal
O5082912945,121.468092,31.2263217,,normal
O5082912946,121.4682726,31.2260092,,normal
O5082912947,121.4681449,31.2257706,,normal
O5082929017,121.4668696,31.23033,,normal
O5082929018,121.4669105,31.2305541,,normal
O5082929019,121.4671172,31.2278206,,normal
O5082929921,121.4670637,31.2275392,,normal
O5082929922,121.4668019,31.2308732,,normal
O5082929923,121.4669985,31.2287808,,normal
O5082929926,121.4669061,31.2310731,,normal
O5082929927,121.4674222,31.2278818,,normal
O5082944420,121.4671919,31.2272971,,normal
O5082945221,121.4671293,31.226985,,normal
O5082972161,121.4673902,31.2292546,,normal
O5082972162,121.4673462,31.2297631,,normal
O5082972163,121.4675441,31.2292877,,normal
O5082972164,121.4674411,31.2287246,,normal
O5082972165,121.4670906,31.2272592,,normal
O5083013938,121.4671131,31.231848,,normal
O5083013939,121.4672464,31.2308422,,normal
O5083013940,121.4671236,31.2306837,,normal
O5083013941,121.4672411,31.2308921,,normal
O5111062347,121.4702677,31.2250661,,normal
O5111062348,121.4702647,31.2251191,,normal
O5167744610,121.4229335,31.2178034,,normal
O5167744611,121.4230014,31.217124,,normal
O5167744612,121.4230321,31.2161015,,normal
O5167744613,121.4233482,31.2161013,,normal
O5176444827,121.4570472,31.214242,,normal
O5176444833,121.4553783,31.2137059,,normal
O5176456089,121.4244177,31.2132329,,normal
O5211671438,121.466567,31.234093,,normal
O5211671439,121.4668638,31.2330104,,normal
O5211671445,121.4669635,31.2317178,,normal
O5211671446,121.4667996,31.2325256,,normal
O5211671447,121.467016,31.2330515,,normal
O5211671450,121.466934,31.2290471,,normal
O5226901246,121.4388541,31.2126768,,normal
O5226901247,121.444909,31.2130324,,normal
O5226901248,121.4450199,31.2123824,,normal
O5226901249,121.4449067,31.2127774,,normal
O5226901250,121.4448375,31.2129875,,normal
O5226901252,121.4453088,31.2131312,,normal
O5226901253,121.4451197,31.2134992,,normal
O5226901255,121.4372436,31.2089678,,normal
O5226901256,121.4379823,31.2098001,,normal
O5226901257,121.438344,31.2100762,,normal
O5226901258,121.4391905,31.2084102,,normal
O5226901259,121.4382321,31.2092701,,normal
O5226901260,121.4384139,31.2089822,,normal
O5226901261,121.4385118,31.2088861,,normal
O5226901262,121.4386562,31.208746,,normal
O5226901263,121.4389082,31.2084297,,normal
O5226901264,121.4390016,31.2105749,,normal
O5226901265,121.4391436,31.2101909,,normal
O5226901267,121.4392392,31.2098431,,normal
O5226901268,121.4393603,31.2094763,,normal
O5226901269,121.4394815,31.2091244,,normal
O5226901270,121.4396447,31.2088366,,normal
O5226901271,121.4397782,31.2083768,,normal
O5226901272,121.4413415,31.2095914,,normal
O5226901273,121.4419232,31.2084453,,normal
O5261906554,121.4631663,31.2476541,,normal
O5266088423,121.4351711,31.2283661,,normal
O5272031406,121.4241983,31.2279688,,normal
O5272031407,121.4244813,31.2275256,,normal
O5272031408,121.424761,31.2270101,,normal
O5272031409,121.4249992,31.2265513,,normal
O5272031410,121.4253149,31.2260447,,normal
O5273452180,121.4215383,31.2240213,,normal
O5273452188,121.4219987,31.2236117,,normal
O5278934069,121.4257778,31.2369245,,normal
O5285342687,121.4288008,31.21482,,normal
O5285342688,121.428076,31.2147439,,normal
O5285342690,121.4280319,31.2141751,,normal
O5298851976,121.4004166,31.2074066,,normal
O5298851977,121.4006508,31.2073608,,normal
O5298851978,121.4010399,31.2072828,,normal
O5298851979,121.4014665,31.2072416,,normal
O5298851980,121.4034262,31.2072156,,normal
O5304839805,121.4636898,31.2536126,,normal
O5307538938,121.4177381,31.2233761,,normal
O5307538966,121.4243429,31.220806,,normal
O5307540019,121.4222452,31.2129521,,normal
O5307540020,121.4383209,31.2121783,,normal
O5307540221,121.4341561,31.2119006,,normal
O5307540222,121.4452084,31.2027029,,normal
O5307548596,121.4628439,31.2273157,,normal
O5307548598,121.4269814,31.204205,,normal
O5307553073,121.4324975,31.2299114,,normal
O5312024930,121.4620163,31.2303721,,normal
O5312271330,121.4315294,31.2304554,,normal
O5314272525,121.4316243,31.2195816,,normal
O5345153723,121.4770661,31.2307071,,normal
O5345153724,121.4768702,31.2307339,,normal
O5345153726,121.4711123,31.2325126,,normal
O5345153727,121.4799016,31.2346003,,normal
O5345153728,121.4799583,31.2329628,,normal
O5345153732,121.4813809,31.2342161,,normal
O5345153733,121.4824615,31.2338378,,normal
O5345153734,121.482052,31.2323278,,normal
O5436983548,121.4742119,31.2345303,,normal
O5436983554,121.4748511,31.2338671,,normal
O5436983555,121.474961,31.2339018,,normal
O5436983557,121.4752801,31.2337949,,normal
O5436983560,121.4765035,31.2339852,,normal
O5436983567,121.476232,31.2316764,,normal
O5436983568,121.4763506,31.2317302,,normal
O5436983586,121.4766657,31.2317114,,normal
O5436983589,121.4775468,31.2320428,,normal
O5436983591,121.4776943,31.2319684,,normal
O5436983592,121.4769443,31.2310905,,normal
O5436983594,121.4774423,31.2305669,,normal
O5436983595,121.4775589,31.2303873,,normal
O5436983597,121.4730363,31.2341882,,normal
O5436983598,121.471958,31.233376,,normal
O5436983599,121.472017,31.2333153,,normal
O5436983616,121.4707665,31.231694,,normal
O5436983721,121.4706717,31.2314942,,normal
O5436983734,121.4716298,31.2331536,,normal
O5436983735,121.4716616,31.2333041,,normal
O5437083633,121.4715034,31.2328191,,normal
O5437083634,121.4717645,31.23308,,normal
O5437083635,121.4723688,31.233373,,normal
O5437083636,121.4717374,31.2330531,,normal
O5437083637,121.4713145,31.2326806,,normal
O5437083639,121.4712464,31.2327248,,normal
O5437083640,121.4704891,31.2312203,,normal
O5437083641,121.4706402,31.2313433,,normal
O5437083642,121.4707323,31.231467,,normal
O5437083643,121.4708122,31.2316447,,normal
O5437083644,121.4709321,31.2319251,,normal
O5437083645,121.4710933,31.23232,,normal
O5437083646,121.4711748,31.232482,,normal
O5437083647,121.4712408,31.2325886,,normal
O5437083648,121.4714451,31.2328331,,normal
O5437083649,121.4716463,31.2330395,,normal
O5437083650,121.4717501,31.2331394,,normal
O5437083651,121.4706908,31.2314032,,normal
O5437083652,121.4706302,31.2314307,,normal
O5437083653,121.4703279,31.2311541,,normal
O5437083654,121.4704216,31.2311884,,normal
O5437083655,121.4705777,31.231283,,normal
O5437083656,121.4705063,31.2313096,,normal
O5437083657,121.4704513,31.231265,,normal
O5437083658,121.4705407,31.2312541,,normal
O5437083665,121.4702427,31.2308539,,normal
O5437083666,121.4702378,31.2309316,,normal
O5437083667,121.4702608,31.2307873,,normal
O5437083668,121.4706234,31.2313273,,normal
O5437083669,121.470782,31.23173,,normal
O5437083670,121.4708271,31.2316792,,normal
O5437083678,121.4717833,31.2330991,,normal
O5437083679,121.4716888,31.233007,,normal
O5437083687,121.4717897,31.2331845,,normal
O5437083688,121.4720269,31.2332854,,normal
O5437083702,121.4700314,31.2310743,,normal
O5437083703,121.4702378,31.2308995,,normal
O5437621652,121.4325387,31.240373,,normal
O5437621653,121.4336208,31.2421167,,normal
O5437621654,121.4356189,31.2410897,,normal
O5452905194,121.4742318,31.2236139,,normal
O5519058248,121.4114204,31.2455705,,normal
O5534285984,121.4199496,31.2006726,,normal
O5534285985,121.420074,31.2001992,,normal
O5534285988,121.4193391,31.2029158,,normal
O5534285992,121.4191389,31.2035784,,normal
O5534285994,121.4207566,31.2049825,,normal
O5534285996,121.4202662,31.2050887,,normal
O5534285997,121.4222581,31.2045816,,normal
O5534286000,121.4210007,31.2049234,,normal
O5534286007,121.4218526,31.2055127,,normal
O5534286010,121.424365,31.2053371,,normal
O5534286012,121.4251254,31.2041639,,normal
O5534286376,121.4298489,31.2006703,,normal
O5534286387,121.4292978,31.2035378,,normal
O5534286390,121.4301462,31.2023014,,normal
O5534286395,121.4302766,31.2030346,,normal
O5534286397,121.4301586,31.203376,,normal
O5534286401,121.4288341,31.2036333,,normal
O5534349547,121.4301873,31.2025329,,normal
O5534349548,121.4314184,31.2030847,,normal
O5534349552,121.432523,31.2028075,,normal
O5535725867,121.4316612,31.2030261,,normal
O5535725869,121.4310124,31.203787,,normal
O5535725875,121.4328137,31.2053472,,normal
O5535725878,121.4320072,31.2053012,,normal
O5535725880,121.4312801,31.2047985,,normal
O5535725883,121.432932,31.205354,,normal
O5535725887,121.4312964,31.2050974,,normal
O5535725890,121.431285,31.2048894,,normal
O5535725891,121.4292762,31.2054923,,normal
O5535725899,121.429298,31.2058945,,normal
O5535725901,121.4313307,31.2056494,,normal
O5535725903,121.4293076,31.2051695,,normal
O5535727626,121.4264202,31.2052499,,normal
O5535727639,121.4272819,31.2041129,,normal
O5535727641,121.4279372,31.2068185,,normal
O5535748515,121.4330912,31.2077663,,normal
O5535748520,121.4333015,31.2068046,,normal
O5535749423,121.4324417,31.205326,,normal
O5535749433,121.4334192,31.2053817,,normal
O5535749440,121.4333907,31.2064894,,normal
O5535749445,121.4313035,31.2079372,,normal
O5535749447,121.4302487,31.2084147,,normal
O5535749449,121.431336,31.207713,,normal
O5535843247,121.4294719,31.2079389,,normal
O5535843250,121.4294839,31.2074308,,normal
O5535843254,121.4294429,31.2096063,,normal
O5535843260,121.4273955,31.2101529,,normal
O5535843270,121.4247919,31.2097902,,normal
O5535843276,121.4241962,31.2096501,,normal
O5535843279,121.425235,31.2069373,,normal
O5535843282,121.4257377,31.2069247,,normal
O5535843283,121.4258136,31.2069224,,normal
O5535856253,121.4253946,31.2069345,,normal
O5535856262,121.4266137,31.2061971,,normal
O5535856263,121.4252623,31.2048954,,normal
O5535921096,121.4238488,31.2061565,,normal
O5535921105,121.4193472,31.2085245,,normal
O5535921109,121.4208706,31.2088196,,normal
O5535921110,121.4203953,31.2084902,,normal
O5535921114,121.421225,31.2088906,,normal
O5535921118,121.4215208,31.2066948,,normal
O5535921325,121.4228501,31.2064303,,normal
O5535921327,121.4232637,31.2078988,,normal
O5535921329,121.4305921,31.2098319,,normal
O5535921341,121.4300843,31.2084037,,normal
O5535921346,121.4306773,31.2084433,,normal
O5535921352,121.430619,31.2121688,,normal
O5535921358,121.4307985,31.212436,,normal
O5535921371,121.4295962,31.2109071,,normal
O5536174512,121.4375353,31.2049605,,normal
O5536174513,121.4376458,31.2046506,,normal
O5536174725,121.434392,31.2037993,,normal
O5538046494,121.421441,31.1967362,,normal
O5580300263,121.415123,31.2029659,,normal
O5610617626,121.4358029,31.2416218,,normal
O5621151649,121.4450149,31.2155356,,normal
O5658751868,121.4280014,31.2174341,,normal
O5658751869,121.4280883,31.2163074,,normal
O5658751870,121.4281044,31.215923,,normal
O5731004866,121.4129019,31.2553024,,normal
O5731004867,121.411226,31.2548429,,normal
O5731004868,121.4119204,31.2551742,,normal
O5731004869,121.4126043,31.2554447,,normal
O5731004874,121.412792,31.255494,,normal
O5731004875,121.4113013,31.2575714,,normal
O5731004876,121.4120198,31.2563785,,normal
O5731004877,121.4191963,31.2511043,,normal
O5731004878,121.4204536,31.2517935,,normal
O5731004880,121.418688,31.2480259,,normal
O5731029499,121.4114902,31.2437119,,normal
O5774423771,121.4698398,31.2490036,,normal
O5889625740,121.4669758,31.2421056,,normal
O5889625741,121.4629844,31.2431182,,normal
O5889625742,121.4625782,31.2431737,,normal
O5942969249,121.4672373,31.2051964,,normal
O6041265786,121.413009,31.2111716,,normal
O6041265787,121.4132066,31.2110788,,normal
O6041265788,121.4132353,31.2110842,,normal
O6041276544,121.4135499,31.2089908,,normal
O6041276546,121.4139949,31.2096912,,normal
O6041276547,121.414461,31.2104948,,normal
O6043006283,121.4137958,31.2093601,,normal
O6043006284,121.4144467,31.2097033,,normal
O6043007085,121.4146321,31.2096869,,normal
O6043007086,121.4147002,31.2096569,,normal
O6043007087,121.4142762,31.2097134,,normal
O6043007088,121.4135622,31.2103416,,normal
O6043007089,121.414151,31.2100547,,normal
O6043007090,121.4142981,31.21026,,normal
O6043007091,121.4137197,31.2105468,,normal
O6047922605,121.4139017,31.2107872,,normal
O6047933625,121.4171767,31.2107551,,normal
O6047994178,121.4174158,31.212251,,normal
O6052089680,121.4133114,31.2112733,,normal
O6052093946,121.4092435,31.2102055,,normal
O6052093947,121.4087058,31.2102336,,normal
O6052116881,121.4188346,31.2113969,,normal
O6053565709,121.4131709,31.2099716,,normal
O6053565711,121.4133349,31.2097958,,normal
O6053565712,121.4130224,31.2092026,,normal
O6053565715,121.4128388,31.2091772,,normal
O6053565716,121.4127929,31.2090932,,normal
O6053580220,121.4138135,31.2106579,,normal
O6053609480,121.4128146,31.209133,,normal
O6053609481,121.4134191,31.208919,,normal
O6053609484,121.4141913,31.2085595,,normal
O6053743510,121.4140009,31.2109282,,normal
O6053743516,121.4134706,31.2102223,,normal
O6054361185,121.4115031,31.2100926,,normal
O6054361186,121.4120018,31.2099583,,normal
O6054361187,121.4120966,31.2102407,,normal
O6054361188,121.4120947,31.2102715,,normal
O6054361189,121.4120644,31.2102959,,normal
O6054361190,121.4115757,31.2102774,,normal
O6069091028,121.4049362,31.2054981,,normal
O6069091029,121.4047713,31.2051156,,normal
O6069091030,121.4049242,31.2054723,,normal
O6069955728,121.4139132,31.2094339,,normal
O6069955729,121.4140713,31.2096341,,normal
O6069955730,121.4141638,31.2096928,,normal
O6074895692,121.4464935,31.2157739,,normal
O6074944544,121.4446968,31.2152449,,normal
O6115921988,121.4459465,31.2201051,,normal
O6124904943,121.4460874,31.224741,,normal
O6124904944,121.4456944,31.2253456,,normal
O6127535320,121.4596737,31.2320699,,normal
O6127766435,121.4059134,31.2045828,,normal
O6131161460,121.4539558,31.2483652,,normal
O6131161461,121.4536529,31.2478134,,normal
O6132131310,121.4532321,31.2488338,,normal
O6148330458,121.4146133,31.2526104,,normal
O6148330470,121.4110273,31.2528933,,normal
O6148330471,121.4110171,31.2518375,,normal
O6148330472,121.4109872,31.2533468,,normal
O6148330473,121.4109341,31.2536939,,normal
O6148330476,121.4100873,31.2574168,,normal
O6148330477,121.4105257,31.2555862,,normal
O6148330478,121.4106831,31.2546834,,normal
O6148330479,121.4107222,31.2545227,,normal
O6157879450,121.4557591,31.240858,,normal
O6157879451,121.4621116,31.2440845,,normal
O6157879452,121.463658,31.2523817,,normal
O6239043920,121.4712082,31.2442411,,normal
O6239043921,121.4696904,31.244011,,normal
O6244083604,121.4063266,31.2540847,,normal
O6244083605,121.4085723,31.2467083,,normal
O6244083606,121.4197681,31.2365699,,normal
O6244083607,121.4217437,31.233232,,normal
O6244083608,121.4303226,31.2214878,,normal
O6244083609,121.4322078,31.2164459,,normal
O6244083610,121.4324218,31.2159581,,normal
O6244083612,121.4559081,31.2239998,,normal
O6244083613,121.479736,31.2295159,,normal
O6244497063,121.4642153,31.2389287,,normal
O6244497064,121.463501,31.2411121,,normal
O6244497065,121.4634306,31.2412841,,normal
O6244497066,121.4632386,31.2417335,,normal
O6244497067,121.4628937,31.2424238,,normal
O6244497068,121.4626664,31.2429344,,normal
O6244497070,121.4630205,31.2421568,,normal
O6269129936,121.4045635,31.2055894,,normal
O6269129937,121.4046132,31.2057295,,normal
O6276966719,121.4807407,31.2236155,,normal
O6276966720,121.4806692,31.2235876,,normal
O6284525188,121.4452311,31.2150649,,normal
O6290544717,121.4443065,31.2143606,,normal
O6290544718,121.444819,31.2148898,,normal
O6290544719,121.4442724,31.2140864,,normal
O6290544720,121.444382,31.2141094,,normal
O6290544721,121.4449114,31.21491,,normal
O6290544722,121.4445684,31.2148266,,normal
O6290544723,121.4443437,31.2142077,,normal
O6295217252,121.4481385,31.2162448,,normal
O6295217253,121.4474535,31.2159994,,normal
O6295217254,121.4480931,31.2163739,,normal
O6295217255,121.4472635,31.2160839,,normal
O6295217256,121.4480504,31.2164953,,normal
O6295217257,121.4471794,31.2162078,,normal
O6295217258,121.4480081,31.2166156,,normal
O6295217259,121.4471383,31.2163288,,normal
O6295217260,121.4479702,31.2167233,,normal
O6295217261,121.4470957,31.2164406,,normal
O6297247114,121.4038464,31.2087101,,normal
O6297489983,121.4036997,31.2079654,,normal
O6297489984,121.402874,31.2097439,,normal
O6300480178,121.4475811,31.2174369,,normal
O6300480179,121.4491438,31.2181811,,normal
O6300480180,121.4476703,31.2174764,,normal
O6300685580,121.4477693,31.2171391,,normal
O6300685687,121.4479482,31.2167748,,normal
O6301194358,121.445086,31.2148844,,normal
O6301194359,121.4452383,31.2148579,,normal
O6301194360,121.4452748,31.2148795,,normal
O6301194361,121.4453115,31.2149836,,normal
O6301194362,121.4452953,31.2150184,,normal
O6301194363,121.4451907,31.2150727,,normal
O6301194364,121.4451495,31.2150692,,normal
O6301194365,121.4450619,31.2150042,,normal
O6301194366,121.4450522,31.2149718,,normal
O6301194367,121.4450541,31.2149382,,normal
O6314155441,121.4545315,31.2474707,,normal
O6314155443,121.4539647,31.2486639,,normal
O6314155444,121.4541012,31.2486522,,normal
O6314155445,121.4545694,31.2484677,,normal
O6314155446,121.4553386,31.2481736,,normal
O6314155447,121.4556236,31.2480618,,normal
O6314155448,121.4559874,31.2479165,,normal
O6314155449,121.4569251,31.2476116,,normal
O6314155450,121.4570709,31.2475483,,normal
O6314155451,121.4571793,31.2474689,,normal
O6316601377,121.4503451,31.2085268,,normal
O6316601378,121.4502311,31.2078722,,normal
O6316601379,121.450321,31.2084085,,normal
O6317679169,121.4495148,31.2085807,,normal
O6317679176,121.4492799,31.2083918,,normal
O6326808010,121.4432726,31.2120482,,normal
O6326808011,121.44305,31.2125949,,normal
O6328342883,121.4476222,31.2089888,,normal
O6328343885,121.4476568,31.2090478,,normal
O6339504009,121.4500048,31.2103051,,normal
O6339504010,121.4495489,31.2102632,,normal
O6340981044,121.4396189,31.2067064,,normal
O6340981045,121.4393845,31.2063608,,normal
O6341161535,121.4454,31.225829,,normal
O6346445096,121.4472422,31.2263503,,normal
O6346445097,121.4456002,31.2258713,,normal
O6346445098,121.4458876,31.2254085,,normal
O6346445099,121.445471,31.2258443,,normal
O6346445100,121.4457532,31.2253646,,normal
O6358519847,121.4498712,31.2266966,,normal
O6358599861,121.4676457,31.2080444,,normal
O6358640829,121.4672684,31.216141,,normal
O6358640830,121.4681099,31.2163417,,normal
O6360292377,121.4479619,31.2160394,,normal
O6360292378,121.4483181,31.2157257,,normal
O6360292379,121.4482015,31.2160761,,normal
O6360292380,121.4484449,31.2153527,,normal
O6366856438,121.4439359,31.2143365,,normal
O6366856440,121.4439803,31.214227,,normal
O6366856441,121.443884,31.2141881,,normal
O6366856443,121.4439615,31.2143224,,normal
O6366856445,121.4439903,31.2142515,,normal
O6366856446,121.4439803,31.2143021,,normal
O6366856448,121.4439615,31.2142066,,normal
O6366856452,121.4439903,31.2142775,,normal
O6366898607,121.4440196,31.2140328,,normal
O6366898608,121.4439398,31.2140161,,normal
O6366898609,121.4439117,31.2141873,,normal
O6366898610,121.4439383,31.2141936,,normal
O6366898611,121.4439064,31.2143424,,normal
O6366898612,121.4438761,31.2143397,,normal
O6366898613,121.4438488,31.2143286,,normal
O6366898614,121.4438271,31.2143105,,normal
O6366898615,121.4438137,31.2142872,,normal
O6366898616,121.44381,31.2142614,,normal
O6366898617,121.4438164,31.2142359,,normal
O6366898618,121.4438321,31.2142137,,normal
O6366898619,121.4438556,31.2141972,,normal
O6369165291,121.4451376,31.2136295,,normal
O6369165292,121.4455192,31.2137426,,normal
O6388770554,121.4680668,31.2143933,,normal
O6388820782,121.4677756,31.2149041,,normal
O6388820964,121.4689602,31.2153895,,normal
O6388820967,121.4685912,31.2153376,,normal
O6388820980,121.4687743,31.2153682,,normal
O6389340030,121.4195913,31.2191652,,normal
O6397510990,121.4669482,31.2074756,,normal
O6415525482,121.447268,31.2298649,,normal
O6415525483,121.4471373,31.2300431,,normal
O6415525484,121.4474334,31.2301321,,normal
O6415525885,121.4476152,31.2302309,,normal
O6415525886,121.4468512,31.2300517,,normal
O6415525887,121.4466314,31.2301057,,normal
O6415525888,121.4464881,31.230169,,normal
O6415525889,121.4464963,31.2301807,,normal
O6415525890,121.4464998,31.2301941,,normal
O6415525891,121.4464983,31.2302078,,normal
O6415525892,121.446492,31.2302203,,normal
O6415525893,121.4464094,31.2302249,,normal
O6415525894,121.4464008,31.2302117,,normal
O6415525895,121.4463979,31.2301967,,normal
O6415525896,121.4464011,31.2301818,,normal
O6415525897,121.44641,31.2301686,,normal
O6415525898,121.4464236,31.230159,,normal
O6415525917,121.4461755,31.2310046,,normal
O6415525918,121.4467945,31.2316282,,normal
O6415525919,121.4468691,31.231516,,normal
O6415525920,121.44684,31.2314694,,normal
O6415525921,121.4468415,31.2314468,,normal
O6415525922,121.4468512,31.2314258,,normal
O6415525923,121.4468683,31.2314084,,normal
O6415525924,121.4468908,31.2313967,,normal
O6415525925,121.4469987,31.2314386,,normal
O6415525926,121.4470033,31.2314609,,normal
O6415525927,121.4469992,31.2314834,,normal
O6415525928,121.4469872,31.2315036,,normal
O6415525929,121.4465643,31.231362,,normal
O6415525930,121.4462475,31.2312091,,normal
O6415525931,121.4461563,31.2311038,,normal
O6415525932,121.4461342,31.2311066,,normal
O6415525933,121.4461121,31.2311028,,normal
O6415525934,121.446093,31.2310929,,normal
O6415525935,121.4460787,31.2310781,,normal
O6415525936,121.4461899,31.2310172,,normal
O6415525937,121.4461989,31.231033,,normal
O6415525938,121.447279,31.231409,,normal
O6415525939,121.4474838,31.2314398,,normal
O6415525940,121.4476996,31.2315689,,normal
O6415525941,121.4478335,31.2316605,,normal
O6415525957,121.4464125,31.2312888,,normal
O6415525981,121.4473595,31.2314211,,normal
O6422175214,121.4465458,31.2156193,,normal
O6422175215,121.4466173,31.2156105,,normal
O6422175216,121.4471688,31.2158916,,normal
O6422175217,121.4470891,31.2157495,,normal
O6432532116,121.4255943,31.225904,,normal
O6434247920,121.4216036,31.2333554,,normal
O6439215263,121.4060092,31.2547996,,normal
O6439215264,121.4056414,31.2563967,,normal
O6439215268,121.4055365,31.2563382,,normal
O6439215278,121.405243,31.2572691,,normal
O6442459322,121.4056987,31.2067327,,normal
O6442461276,121.4066405,31.2064739,,normal
O6442461346,121.4049595,31.2054924,,normal
O6442461347,121.4050495,31.2054703,,normal
O6442461348,121.4051279,31.205451,,normal
O6442461349,121.4052174,31.2054291,,normal
O6442461350,121.4053444,31.2053979,,normal
O6442461351,121.4053897,31.2053867,,normal
O6442461352,121.4055075,31.2053578,,normal
O6442461353,121.4057228,31.2053049,,normal
O6442461354,121.4064006,31.2058116,,normal
O6442461355,121.4064693,31.2059846,,normal
O6442461356,121.4065356,31.2061561,,normal
O6448837572,121.4624617,31.2253891,,normal
O6448837573,121.4621246,31.2253081,,normal
O6448837574,121.4618003,31.2261072,,normal
O6448837575,121.4616809,31.2251954,,normal
O6448837576,121.4620046,31.2241047,,normal
O6448837577,121.4631913,31.2253446,,normal
O6448837578,121.4625713,31.2252341,,normal
O6448839786,121.46699,31.2240496,,normal
O6451311078,121.4466523,31.2225278,,normal
O6536561392,121.4362083,31.2366132,,normal
O6536561393,121.4363225,31.236642,,normal
O6536561394,121.4364017,31.2366873,,normal
O6536561395,121.4364546,31.2367375,,normal
O6536561396,121.4370778,31.2375188,,normal
O6537367199,121.4379891,31.2384592,,normal
O6537367200,121.4375602,31.2381109,,normal
O6541835558,121.4461058,31.2161221,,normal
O6541835559,121.4461784,31.2157216,,normal
O6544304847,121.4697779,31.2052271,,normal
O6544304849,121.4699194,31.2054632,,normal
O6544304850,121.4698582,31.2056694,,normal
O6544304854,121.4694603,31.2053673,,normal
O6544304855,121.4693843,31.2055827,,normal
O6544304865,121.4673197,31.2061597,,normal
O6547125353,121.4594156,31.2558687,,normal
O6547125354,121.4597933,31.2558699,,normal
O6547125355,121.4602633,31.2558731,,normal
O6547125356,121.4602633,31.25568,,normal
O6547125357,121.460322,31.2555267,,normal
O6547125358,121.4604345,31.2553984,,normal
O6547125359,121.4606034,31.2553435,,normal
O6547125360,121.4608211,31.2553451,,normal
O6547125379,121.446202,31.2310504,,normal
O6547125380,121.4461987,31.2310677,,normal
O6547125381,121.4461893,31.2310834,,normal
O6547125382,121.4461746,31.2310959,,normal
O6547125383,121.4460711,31.2310601,,normal
O6547125384,121.4460709,31.2310409,,normal
O6547128285,121.4460783,31.2310227,,normal
O6547128286,121.4460924,31.2310078,,normal
O6547128287,121.4461114,31.2309976,,normal
O6547128288,121.4461333,31.2309935,,normal
O6547128289,121.4461555,31.230996,,normal
O6547128290,121.4464403,31.2301539,,normal
O6547128291,121.446458,31.230154,,normal
O6547128292,121.4464746,31.2301592,,normal
O6547128293,121.4464814,31.2302307,,normal
O6547128294,121.4464676,31.2302377,,normal
O6547128295,121.446452,31.2302407,,normal
O6547128296,121.4464361,31.2302393,,normal
O6547128297,121.4464214,31.230234,,normal
O6547128298,121.4469681,31.2315194,,normal
O6547128299,121.4469441,31.2315291,,normal
O6547128300,121.4469179,31.2315319,,normal
O6547128301,121.446892,31.2315273,,normal
O6547128302,121.4468548,31.2315028,,normal
O6547128303,121.4468448,31.2314869,,normal
O6547128304,121.4469166,31.2313917,,normal
O6547128305,121.4469428,31.231394,,normal
O6547128306,121.4469669,31.2314033,,normal
O6547128307,121.4469861,31.2314187,,normal
O6563200795,121.4760876,31.2106334,,normal
O6563200800,121.4761652,31.2106578,,normal
O6563209896,121.4497633,31.2480928,,normal
O6563209897,121.4495211,31.2481173,,normal
O6563209898,121.4493231,31.2480168,,normal
O6563209914,121.4487001,31.2476216,,normal
O6563369996,121.4446356,31.2234568,,normal
O6563369997,121.4447351,31.2235226,,normal
O6705421444,121.4417678,31.2460766,,normal
O6705421445,121.4419975,31.2461639,,normal
O6705421446,121.4424829,31.2462114,,normal
O6705421447,121.4431196,31.2462414,,normal
O6705421448,121.442386,31.2468526,,normal
O6705421451,121.4438988,31.24698,,normal
O6705435476,121.4445314,31.2463626,,normal
O6705435480,121.4455607,31.2466636,,normal
O6755160624,121.4513736,31.252552,,normal
O6756235570,121.457313,31.2467026,,normal
O6756235571,121.455738,31.2467156,,normal
O6756235572,121.4559737,31.2467127,,normal
O6756235573,121.4562435,31.2467101,,normal
O6763199020,121.4361211,31.2427488,,normal
O6763199021,121.4356646,31.2430177,,normal
O6763199022,121.4354986,31.2431017,,normal
O6763199023,121.4353843,31.2431003,,normal
O6763199024,121.4348711,31.2433398,,normal
O6763199025,121.4343236,31.243209,,normal
O6763199026,121.4344194,31.243122,,normal
O6763199027,121.4346057,31.2430427,,normal
O6763199028,121.4347792,31.2429651,,normal
O6763199029,121.4348751,31.2429728,,normal
O6763199030,121.4350448,31.2428826,,normal
O6763199031,121.4352398,31.2431711,,normal
O6763199032,121.4361014,31.2427603,,normal
O6796878437,121.4554222,31.2120461,,normal
O6796878438,121.4556674,31.2115054,,normal
O6796878440,121.4561771,31.2110916,,normal
O6796878441,121.4565726,31.2103099,,normal
O6796878443,121.4554323,31.2120222,,normal
O6844627532,121.4359547,31.2366047,,normal
O6844627539,121.435959,31.2360873,,normal
O6845782365,121.4363056,31.2539222,,normal
O6845800290,121.4647427,31.2319654,,normal
O6845800291,121.4649194,31.2312071,,normal
O6845800303,121.4646264,31.2321556,,normal
O6845800320,121.4624198,31.2302708,,normal
O6845800322,121.4628784,31.230438,,normal
O6845800348,121.4633571,31.2306012,,normal
O6845800361,121.4649593,31.2312766,,normal
O6845800363,121.4639054,31.2307858,,normal
O6845863148,121.4134839,31.2460286,,normal
O6845863150,121.4114165,31.2457636,,normal
O6845863164,121.4159824,31.2443515,,normal
O6845863178,121.4040374,31.2507974,,normal
O6845863181,121.4053196,31.2508039,,normal
O6845887488,121.4025887,31.2507899,,normal
O6875234226,121.4313749,31.2065698,,normal
O6875234231,121.4313619,31.2061517,,normal
O6877723757,121.4702082,31.2172498,,normal
O6877723758,121.4704003,31.2173141,,normal
O6877723759,121.4705867,31.2180283,,normal
O6877723760,121.470571,31.2181236,,normal
O6877723761,121.4704976,31.2182267,,normal
O6877723762,121.4702217,31.2182364,,normal
O6877723763,121.4699249,31.2181433,,normal
O6877723764,121.4698047,31.2180992,,normal
O6877759495,121.4696302,31.2186058,,normal
O6878129673,121.4666423,31.2175966,,normal
O6878129674,121.4670731,31.217752,,normal
O6878129675,121.4668557,31.2182106,,normal
O6878129676,121.4668121,31.2182462,,normal
O6878129677,121.4667648,31.2182456,,normal
O6878129678,121.4667305,31.2183248,,normal
O6878129679,121.4666787,31.2182214,,normal
O6878129680,121.4665818,31.218188,,normal
O6878129681,121.4665348,31.2181353,,normal
O6878129682,121.4664917,31.2180741,,normal
O6878129683,121.4666767,31.2176085,,normal
O6878129684,121.4670867,31.2177253,,normal
O6878130685,121.467264,31.2177412,,normal
O6878130686,121.4675366,31.217855,,normal
O6878130687,121.4674995,31.2180216,,normal
O6878130688,121.467469,31.2182255,,normal
O6878130689,121.4673013,31.218532,,normal
O6878130690,121.467408,31.218187,,normal
O6878130742,121.4685424,31.2190649,,normal
O6878130743,121.4685628,31.2190338,,normal
O6878130744,121.4685771,31.2190294,,normal
O6878130745,121.4687344,31.2190793,,normal
O6878130746,121.4687473,31.2191013,,normal
O6878130747,121.4687354,31.21913,,normal
O6878130748,121.4686624,31.2190565,,normal
O6878132917,121.4679084,31.2184496,,normal
O6878132918,121.4696846,31.2190685,,normal
O6933844077,121.4733,31.2219087,,normal
O6933844079,121.4733642,31.2217723,,normal
O6933844080,121.4736466,31.2220232,,normal
O6933844081,121.4725258,31.2219174,,normal
O6933844084,121.4726068,31.2216758,,normal
O6946748643,121.4014873,31.2183923,,normal
O6946748644,121.4015076,31.2182687,,normal
O6946748645,121.4053827,31.2179228,,normal
O6946748646,121.4053326,31.2177944,,normal
O6946748647,121.405755,31.2176546,,normal
O6946748648,121.4058091,31.217778,,normal
O6946748649,121.4054099,31.2175752,,normal
O6947740571,121.4006704,31.2116764,,normal
O6947740572,121.4042352,31.2110806,,normal
O6947740573,121.4044344,31.2112615,,normal
O6947740574,121.4046562,31.2110081,,normal
O6947740575,121.4043204,31.2107866,,normal
O6947740576,121.4074589,31.2105698,,normal
O6947740577,121.4076386,31.2103717,,normal
O6947740578,121.4078577,31.2105302,,normal
O6947740579,121.4078257,31.21044,,normal
O6965871215,121.482875,31.2424448,,normal
O6965871216,121.4826835,31.2429705,,normal
O6965871227,121.4826892,31.2429499,,normal
O6966009922,121.4817011,31.242877,,normal
O6966009923,121.4816858,31.2428939,,normal
O6966009924,121.4816775,31.2429141,,normal
O6966009925,121.4816767,31.2429354,,normal
O6966009926,121.4818099,31.2429761,,normal
O6966009927,121.4818264,31.2429571,,normal
O6966009928,121.4818343,31.2429344,,normal
O6966009929,121.4818327,31.2429108,,normal
O6966009930,121.4816835,31.2429559,,normal
O6966009931,121.4816976,31.2429734,,normal
O6966009932,121.4817172,31.2429865,,normal
O6966009933,121.4817406,31.2429936,,normal
O6966009934,121.4817655,31.2429942,,normal
O6966009935,121.4817893,31.2429882,,normal
O6966009936,121.4818219,31.242889,,normal
O6966009937,121.481803,31.2428719,,normal
O6966009938,121.4817784,31.2428613,,normal
O6966009939,121.481751,31.2428585,,normal
O6966009940,121.4817242,31.242864,,normal
O6966009941,121.4804386,31.2425469,,normal
O6966009942,121.4816048,31.242719,,normal
O6966009943,121.4816542,31.2427462,,normal
O6966009944,121.4816895,31.2428036,,normal
O6966009945,121.4816895,31.2428399,,normal
O6966009946,121.4817258,31.2428369,,normal
O6966009947,121.4816394,31.2426812,,normal
O6966009948,121.4816481,31.2426358,,normal
O6966009949,121.4824668,31.2419188,,normal
O6966009950,121.4814924,31.2427025,,normal
O6966009951,121.4815635,31.242689,,normal
O6966009952,121.4816058,31.2426692,,normal
O6966009953,121.4819738,31.2423505,,normal
O6966009954,121.4808766,31.2413936,,normal
O6966009955,121.4808121,31.2413622,,normal
O6966009956,121.4806642,31.2413395,,normal
O6966009957,121.482464,31.2427199,,normal
O6966009958,121.4824011,31.2427025,,normal
O6966009959,121.4823871,31.2426799,,normal
O6966009960,121.4823729,31.2426451,,normal
O6966009961,121.4823747,31.2426088,,normal
O6966009962,121.4825175,31.2421937,,normal
O6967995913,121.4801724,31.2447317,,normal
O6967995915,121.4810516,31.2456635,,normal
O6967995916,121.4811661,31.2448178,,normal
O6967995917,121.4812717,31.2436651,,normal
O6967995918,121.4810368,31.2448055,,normal
O6967995929,121.4783636,31.2446867,,normal
O6967995930,121.4785111,31.2437368,,normal
O6967995931,121.4785143,31.2435981,,normal
O6967995932,121.4785159,31.2435076,,normal
O6968000117,121.4783085,31.2451571,,normal
O6968024697,121.4804648,31.2404395,,normal
O6968024744,121.4807145,31.2411408,,normal
O6968024745,121.4800301,31.2410028,,normal
O6968024746,121.4797671,31.2409796,,normal
O6968024747,121.4793389,31.2409808,,normal
O6968074675,121.4804412,31.2404342,,normal
O6968074676,121.4803727,31.2404835,,normal
O6968074677,121.4803139,31.2405204,,normal
O6968074678,121.4802912,31.2405354,,normal
O6968074679,121.4802538,31.2405493,,normal
O6968074680,121.4802097,31.2405517,,normal
O6968074681,121.4800867,31.2405279,,normal
O6968074682,121.4798033,31.2404977,,normal
O6968074683,121.4797485,31.2405001,,normal
O6968074684,121.4797044,31.2404969,,normal
O6968098585,121.4796696,31.2404821,,normal
O6968098586,121.4796536,31.2404614,,normal
O6968098587,121.4796236,31.2404117,,normal
O6968098592,121.4799727,31.2467234,,normal
O6968098593,121.4799463,31.246937,,normal
O6968098594,121.4799144,31.2470478,,normal
O6975896822,121.4701147,31.2225109,,normal
O6975896823,121.4703166,31.2228167,,normal
O6976180598,121.4763766,31.203314,,normal
O6976180599,121.4755717,31.2030821,,normal
O7001106287,121.4033911,31.2096615,,normal
O7028570194,121.4483859,31.2269392,,normal
O7028570195,121.4489506,31.227101,,normal
O7028570196,121.4490376,31.2270963,,normal
O7028570197,121.4490817,31.2270525,,normal
O7028570198,121.4491954,31.2267392,,normal
O7028570199,121.44917,31.2266841,,normal
O7028570200,121.4491058,31.2266372,,normal
O7028570201,121.4484821,31.2264514,,normal
O7028570211,121.4789135,31.2262364,,normal
O7028570212,121.479708,31.2267367,,normal
O7028570213,121.4795767,31.2266885,,normal
O7028570214,121.4799041,31.2266611,,normal
O7028570215,121.4795972,31.2265251,,normal
O7028570216,121.4786763,31.2250595,,normal
O7028570217,121.479589,31.225418,,normal
O7030830299,121.4758272,31.2121099,,normal
O7030830300,121.4757395,31.2119998,,normal
O7030830301,121.4758624,31.2119227,,normal
O7050707887,121.4358048,31.2416284,,normal
O7055234223,121.4613689,31.2062557,,normal
O7055234224,121.4612716,31.2065602,,normal
O7055234225,121.461189,31.2068171,,normal
O7055234226,121.4611037,31.2070292,,normal
O7055234227,121.4610168,31.2073346,,normal
O7055234228,121.4609565,31.2075528,,normal
O7056853212,121.4611722,31.2061751,,normal
O7056853213,121.4611033,31.2062614,,normal
O7056853214,121.4610413,31.2064263,,normal
O7056853215,121.4609994,31.2065206,,normal
O7056853216,121.460959,31.206564,,normal
O7056853217,121.4608926,31.2066719,,normal
O7056853218,121.4608465,31.2067871,,normal
O7056853219,121.4607927,31.2068955,,normal
O7056853220,121.4607556,31.2069894,,normal
O7056853221,121.4606727,31.2070926,,normal
O7056853222,121.460594,31.2071939,,normal
O7056853223,121.4605481,31.207299,,normal
O7056853224,121.4604933,31.2073759,,normal
O7056853225,121.4603669,31.207408,,normal
O7056853241,121.4603191,31.2073906,,normal
O7056853242,121.4602465,31.2073384,,normal
O7056853243,121.4602054,31.2072689,,normal
O7056853244,121.4604322,31.2074019,,normal
O7056853245,121.4605742,31.2072356,,normal
O7056875762,121.4579788,31.207884,,normal
O7056875763,121.4583958,31.207911,,normal
O7056875764,121.4584376,31.2077673,,normal
O7056875765,121.4584094,31.2078857,,normal
O7056875766,121.4583781,31.2079436,,normal
O7056875767,121.4583641,31.208062,,normal
O7056875768,121.4583609,31.2081977,,normal
O7056875769,121.4583656,31.2082623,,normal
O7056875770,121.4584001,31.2084088,,normal
O7056875771,121.458654,31.2084311,,normal
O7056875772,121.4589769,31.2084546,,normal
O7056875773,121.4586353,31.2087471,,normal
O7056875774,121.4590037,31.2088458,,normal
O7056875775,121.4590844,31.2088712,,normal
O7056875776,121.4589116,31.2093271,,normal
O7068383264,121.4801211,31.2390088,,normal
O7068383265,121.4799505,31.2392124,,normal
O7068383266,121.4798479,31.2393352,,normal
O7068415292,121.4783653,31.2380123,,normal
O7068415297,121.4791961,31.2382626,,normal
O7068415343,121.4771418,31.2375187,,normal
O7068415351,121.4777209,31.2370362,,normal
O7068415356,121.4786526,31.2379451,,normal
O7068415357,121.4787561,31.2375397,,normal
O7068415359,121.478511,31.2374925,,normal
O7068415360,121.4787307,31.2376599,,normal
O7068415361,121.4784735,31.2376235,,normal
O7068415412,121.4794299,31.2369299,,normal
O7068415413,121.4789707,31.2367863,,normal
O7068415414,121.4781815,31.2365303,,normal
O7068432756,121.4803233,31.2370431,,normal
O7068432759,121.4804492,31.236745,,normal
O7068432763,121.4809639,31.2367047,,normal
O7068432768,121.4807999,31.2366713,,normal
O7068432784,121.4811586,31.2371305,,normal
O7068433294,121.4780375,31.2364553,,normal
O7068433317,121.4784178,31.2366093,,normal
O7068433319,121.4785878,31.2366636,,normal
O7068434087,121.4772253,31.2368782,,normal
O7068434088,121.4768843,31.2374458,,normal
O7068434089,121.4769659,31.2373099,,normal
O7068434090,121.4765186,31.2372102,,normal
O7068434091,121.4770509,31.2371684,,normal
O7068434092,121.4765687,31.2370601,,normal
O7068434093,121.4771312,31.2370349,,normal
O7068434094,121.4766156,31.2369167,,normal
O7068434125,121.4759286,31.2370156,,normal
O7068434127,121.4763597,31.2366593,,normal
O7068466283,121.4812885,31.2392707,,normal
O7068466284,121.4819324,31.2394771,,normal
O7068466285,121.4820037,31.2393156,,normal
O7068466286,121.4816933,31.2392155,,normal
O7068466287,121.4816231,31.2393745,,normal
O7068466288,121.4824164,31.2388876,,normal
O7068466289,121.4823078,31.2391155,,normal
O7068466290,121.4822474,31.2391027,,normal
O7068466291,121.4818861,31.2400297,,normal
O7068466292,121.4821463,31.2393621,,normal
O7068679775,121.4594846,31.2149927,,normal
O7068679776,121.4582944,31.2145597,,normal
O7068679777,121.4583094,31.2146169,,normal
O7068679778,121.4583308,31.2146499,,normal
O7068679779,121.4583631,31.2146656,,normal
O7068679780,121.4587211,31.214798,,normal
O7068679781,121.4587825,31.2148018,,normal
O7068679782,121.458876,31.2147603,,normal
O7068679783,121.4595341,31.2157031,,normal
O7068679784,121.4594171,31.2159699,,normal
O7068681085,121.4594146,31.2158488,,normal
O7068681086,121.4593912,31.2157849,,normal
O7068681087,121.4593214,31.215743,,normal
O7068681088,121.4592398,31.2156554,,normal
O7068681089,121.4591211,31.2154638,,normal
O7068681090,121.4590325,31.2153322,,normal
O7068681091,121.4589207,31.2152245,,normal
O7068681092,121.4588136,31.2151488,,normal
O7068681093,121.4586925,31.2150732,,normal
O7068681094,121.4584875,31.2149917,,normal
O7068681095,121.4582686,31.2149102,,normal
O7068681096,121.4580474,31.2148528,,normal
O7068681097,121.4578354,31.2148153,,normal
O7068681098,121.4576538,31.2147997,,normal
O7068681099,121.4574582,31.2148041,,normal
O7068681100,121.4572834,31.2148205,,normal
O7068681101,121.457167,31.2148267,,normal
O7068681102,121.4569367,31.2148565,,normal
O7068681103,121.4572112,31.2148244,,normal
O7068681104,121.4571461,31.2148028,,normal
O7068681105,121.4571321,31.2147628,,normal
O7068681106,121.4571414,31.2147209,,normal
O7068681107,121.4571717,31.2146869,,normal
O7068681108,121.4572089,31.2146688,,normal
O7068681109,121.4572485,31.2146607,,normal
O7068681110,121.4572998,31.2146706,,normal
O7068681111,121.4574092,31.2147183,,normal
O7068681112,121.4570995,31.2147769,,normal
O7068681113,121.4570646,31.214805,,normal
O7068681114,121.4569924,31.2148355,,normal
O7074164384,121.4598803,31.2169419,,normal
O7074212159,121.4601492,31.2160264,,normal
O7074212161,121.460093,31.2162082,,normal
O7074212163,121.4600407,31.2163852,,normal
O7074212164,121.4616009,31.2167345,,normal
O7074212165,121.4608356,31.2165632,,normal
O7074212166,121.4606575,31.2171195,,normal
O7074212167,121.4606148,31.217258,,normal
O7074212168,121.4605782,31.2173949,,normal
O7074212193,121.4585538,31.217873,,normal
O7074212194,121.4575224,31.2175043,,normal
O7074212195,121.4573286,31.2180074,,normal
O7074220716,121.4574847,31.2182854,,normal
O7074220717,121.4571149,31.218177,,normal
O7074242992,121.4593141,31.2194141,,normal
O7074255067,121.4602713,31.2196018,,normal
O7074255068,121.4601707,31.2195865,,normal
O7074255069,121.4601015,31.2195888,,normal
O7074255070,121.459922,31.2195833,,normal
O7074255071,121.4598218,31.2195269,,normal
O7074255072,121.4597643,31.2195003,,normal
O7074255073,121.45956,31.2194567,,normal
O7074255074,121.4595381,31.2194382,,normal
O7074255075,121.4595323,31.2194139,,normal
O7074255076,121.4595913,31.2191808,,normal
O7074255077,121.4595809,31.2191546,,normal
O7074255078,121.4595283,31.2190376,,normal
O7074255079,121.4595033,31.2189344,,normal
O7074255080,121.4595033,31.2188908,,normal
O7074255081,121.4595219,31.2188303,,normal
O7074255082,121.4596543,31.2186142,,normal
O7074255083,121.4597227,31.2184451,,normal
O7074255084,121.4597566,31.218338,,normal
O7074278585,121.4597605,31.2182674,,normal
O7074278586,121.4597521,31.2181283,,normal
O7074278587,121.459765,31.2180459,,normal
O7074278588,121.4598174,31.2179334,,normal
O7074278589,121.4598624,31.2178923,,normal
O7074278590,121.4599232,31.2178801,,normal
O7074278591,121.4607016,31.2180298,,normal
O7074278592,121.4608007,31.2180709,,normal
O7074278593,121.4608462,31.2181305,,normal
O7074278594,121.4608515,31.2181741,,normal
O7074278595,121.4608462,31.2182475,,normal
O7074278596,121.460544,31.2191294,,normal
O7074278597,121.4604985,31.2192558,,normal
O7074278598,121.4604949,31.219303,,normal
O7074278599,121.4605429,31.21937,,normal
O7074278600,121.4605876,31.2193846,,normal
O7074278601,121.4606834,31.2194082,,normal
O7074278602,121.4598737,31.2195612,,normal
O7074278603,121.4600443,31.2195943,,normal
O7074278604,121.4599752,31.2195934,,normal
O7074278605,121.4602176,31.2194295,,normal
O7074278606,121.4595677,31.2192988,,normal
O7074278607,121.4605092,31.2193434,,normal
O7074278608,121.4604928,31.2193804,,normal
O7074278609,121.4604063,31.2194033,,normal
O7074278610,121.4603057,31.2194278,,normal
O7074278611,121.4602581,31.2194324,,normal
O7074278612,121.4604999,31.2193532,,normal
O7074278613,121.4604963,31.2193653,,normal
O7074278614,121.4604683,31.2193869,,normal
O7074278615,121.4606381,31.2188549,,normal
O7074278616,121.460604,31.2188927,,normal
O7074278617,121.4605545,31.2189337,,normal
O7074278618,121.4604875,31.219005,,normal
O7074278619,121.4604593,31.2190686,,normal
O7074278620,121.4604487,31.2191171,,normal
O7074278621,121.4604575,31.2192033,,normal
O7074278622,121.4604734,31.2192366,,normal
O7074278623,121.4598053,31.2195192,,normal
O7074278624,121.4598526,31.2193561,,normal
O7074278625,121.4598091,31.2193473,,normal
O7074278630,121.4595065,31.218982,,normal
O7074278631,121.4595925,31.2192174,,normal
O7074278632,121.4596358,31.2186479,,normal
O7074278633,121.4596051,31.2186924,,normal
O7074278634,121.4597617,31.2183054,,normal
O7074278635,121.4597532,31.2180872,,normal
O7074278636,121.4598913,31.2178797,,normal
O7074278637,121.4598353,31.2179076,,normal
O7074278691,121.4596963,31.2185103,,normal
O7074304128,121.4604534,31.2191635,,normal
O7074304130,121.4605585,31.2190871,,normal
O7074304290,121.4558457,31.2175521,,normal
O7079045123,121.4558648,31.2177517,,normal
O7079045124,121.4573159,31.2160161,,normal
O7104188346,121.4625239,31.2138628,,normal
O7104188347,121.462445,31.214081,,normal
O7104188348,121.4626109,31.2140221,,normal
O7104188349,121.4622698,31.2138232,,normal
O7104188350,121.4651478,31.2148079,,normal
O7104188351,121.4649165,31.2147465,,normal
O7104188352,121.4650208,31.2148885,,normal
O7104188353,121.4650435,31.2146819,,normal
O7104188372,121.4681286,31.2152704,,normal
O7104188374,121.4683663,31.215305,,normal
O7104201475,121.4609667,31.209951,,normal
O7104201481,121.4629276,31.2112558,,normal
O7104201482,121.4631322,31.211291,,normal
O7104201483,121.463179,31.2113276,,normal
O7104201484,121.4631777,31.2113895,,normal
O7104204885,121.4631082,31.2115171,,normal
O7104204886,121.4630146,31.2117618,,normal
O7104204887,121.4629517,31.2119524,,normal
O7104204888,121.4629544,31.21202,,normal
O7104204889,121.4629751,31.2121426,,normal
O7104204890,121.462825,31.2126323,,normal
O7104204891,121.462786,31.2127595,,normal
O7104204892,121.4628742,31.2128513,,normal
O7104204893,121.4618803,31.2110425,,normal
O7104204894,121.4617975,31.2110725,,normal
O7104204895,121.4617533,31.2111198,,normal
O7104204896,121.4617253,31.2112047,,normal
O7104204897,121.4616945,31.2112553,,normal
O7104204898,121.4616369,31.2113024,,normal
O7104204899,121.4615661,31.2113221,,normal
O7104204900,121.4613383,31.2112789,,normal
O7104204901,121.4614966,31.2121324,,normal
O7104204902,121.461518,31.2120394,,normal
O7104204903,121.461498,31.2119821,,normal
O7104204904,121.4614391,31.2119283,,normal
O7104204905,121.4611744,31.2118742,,normal
O7104204921,121.4629439,31.2126551,,normal
O7104204929,121.4617004,31.2136728,,normal
O7104204935,121.4619288,31.2137295,,normal
O7104204936,121.4607009,31.2135044,,normal
O7104204937,121.4607669,31.2133386,,normal
O7104204940,121.4623902,31.2138872,,normal
O7104204942,121.4576782,31.2108488,,normal
O7104204943,121.4577027,31.210687,,normal
O7104204944,121.4577888,31.2108134,,normal
O7104204945,121.4574577,31.2106874,,normal
O7104204946,121.4593883,31.2117617,,normal
O7104204947,121.4590745,31.2111734,,normal
O7104204950,121.4591985,31.2110436,,normal
O7104230655,121.4706814,31.2126,,normal
O7104230657,121.4713685,31.2184368,,normal
O7104230658,121.4717433,31.218456,,normal
O7104230660,121.4709167,31.219077,,normal
O7104230661,121.4708271,31.2191977,,normal
O7104230662,121.4707362,31.2192829,,normal
O7104230663,121.4706131,31.2193245,,normal
O7104230664,121.4699768,31.2193192,,normal
O7113798195,121.4674437,31.2285916,,normal
O7113798198,121.4718506,31.2282286,,normal
O7113798199,121.4717826,31.2283148,,normal
O7113864499,121.4828892,31.2191557,,normal
O7113940098,121.469724,31.2104763,,normal
O7113940198,121.4654611,31.2181795,,normal
O7113940199,121.465564,31.2181103,,normal
O7113940200,121.4650867,31.2181941,,normal
O7113940201,121.4625007,31.2177099,,normal
O7113940202,121.462968,31.2172463,,normal
O7113940203,121.4622179,31.2180851,,normal
O7113941794,121.4676856,31.2079199,,normal
O7114595655,121.4700798,31.2212374,,normal
O7114595659,121.4717803,31.2216035,,normal
O7114595660,121.4713781,31.2214485,,normal
O7114595662,121.4714851,31.2221735,,normal
O7114684911,121.4566966,31.2244605,,normal
O7114684945,121.4501015,31.2129662,,normal
O7114684946,121.4498512,31.2128221,,normal
O7114684947,121.4496934,31.2126894,,normal
O7114684949,121.4733174,31.2227425,,normal
O7116057878,121.4814203,31.2363677,,normal
O7116075700,121.4777695,31.2352777,,normal
O7116075705,121.4752261,31.2350117,,normal
O7116075706,121.477158,31.235116,,normal
O7116075707,121.4770805,31.2353696,,normal
O7116097510,121.4708284,31.2321005,,normal
O7116097511,121.471709,31.2330999,,normal
O7116097512,121.4756674,31.2329702,,normal
O7116137133,121.4719582,31.2236985,,normal
O7116140839,121.4645416,31.2228695,,normal
O7116140840,121.4661959,31.2229031,,normal
O7116140849,121.4635734,31.2241474,,normal
O7116140850,121.4632162,31.222923,,normal
O7116140853,121.4632643,31.2236463,,normal
O7116140869,121.4693394,31.2243521,,normal
O7116140870,121.4687805,31.2242307,,normal
O7116140872,121.4689977,31.2242035,,normal
O7116140873,121.4687824,31.2243847,,normal
O7116140874,121.4687068,31.2244483,,normal
O7116140875,121.4695873,31.2243036,,normal
O7116140876,121.4694905,31.2243881,,normal
O7116140877,121.4692851,31.2245673,,normal
O7116140878,121.4691988,31.2246427,,normal
O7116150106,121.4702407,31.2257989,,normal
O7116150120,121.4728601,31.2237317,,normal
O7116150121,121.4726884,31.2238244,,normal
O7118978332,121.4558501,31.2153965,,normal
O7118978337,121.4546143,31.2148741,,normal
O7118978338,121.4529101,31.2178162,,normal
O7118978339,121.4532736,31.2174235,,normal
O7118978340,121.4521331,31.2173466,,normal
O7118978341,121.4522534,31.2172882,,normal
O7118978342,121.4521798,31.2174455,,normal
O7118978343,121.4523096,31.2174188,,normal
O7118978344,121.4525504,31.2167942,,normal
O7118978345,121.4522681,31.2168946,,normal
O7118978346,121.4523605,31.2169563,,normal
O7118978352,121.4515818,31.2171403,,normal
O7118978353,121.4517878,31.2170917,,normal
O7118978355,121.452996,31.2168288,,normal
O7118978356,121.4560207,31.2153642,,normal
O7118978366,121.4530265,31.2166522,,normal
O7118978383,121.4717185,31.2078924,,normal
O7118978987,121.4690957,31.2071483,,normal
O7118978989,121.4702619,31.2074373,,normal
O7118978990,121.4707188,31.2075296,,normal
O7118978991,121.4708488,31.2070331,,normal
O7118978992,121.4708056,31.2072246,,normal
O7118978993,121.470683,31.207675,,normal
O7118978994,121.4706002,31.2077474,,normal
O7118978995,121.4704999,31.2078085,,normal
O7118978996,121.4704336,31.2079942,,normal
O7119012118,121.4819123,31.2480322,,normal
O7119012119,121.4819465,31.2479085,,normal
O7119012120,121.4816225,31.2473101,,normal
O7119012121,121.4809319,31.2483136,,normal
O7119012122,121.4811245,31.2480504,,normal
O7119012131,121.4821489,31.2449005,,normal
O7119012132,121.4821958,31.2453424,,normal
O7119012133,121.4820777,31.244893,,normal
O7119012134,121.4819119,31.2457702,,normal
O7119012135,121.4822747,31.2458053,,normal
O7124228876,121.4574891,31.2167696,,normal
O7124228877,121.4576735,31.2168304,,normal
O7124228878,121.4581042,31.2169787,,normal
O7124228879,121.4582648,31.2167477,,normal
O7124228880,121.4587249,31.2169211,,normal
O7124228881,121.4588684,31.2166724,,normal
O7124228882,121.4579959,31.2172199,,normal
O7124228883,121.4587754,31.2174522,,normal
O7124362534,121.4160569,31.2529628,,normal
O7124362535,121.4173927,31.250537,,normal
O7124362537,121.4163137,31.2504214,,normal
O7124362538,121.4163003,31.2504698,,normal
O7124362539,121.416412,31.2500626,,normal
O7124362540,121.4178252,31.2497511,,normal
O7124362542,121.4172136,31.2500094,,normal
O7124362543,121.4170796,31.2501471,,normal
O7124362544,121.4157632,31.2498839,,normal
O7124362545,121.4157659,31.2496843,,normal
O7124362546,121.4159938,31.2494869,,normal
O7124362547,121.4164682,31.2493009,,normal
O7124362548,121.4169294,31.2492136,,normal
O7124362549,121.4173288,31.2490275,,normal
O7124362550,121.417865,31.2491718,,normal
O7124362551,121.4176153,31.2496735,,normal
O7124362552,121.41757,31.2488072,,normal
O7124362553,121.4180055,31.2489148,,normal
O7124362559,121.4161191,31.2499819,,normal
O7124362561,121.4162022,31.2500048,,normal
O7124362567,121.4174003,31.2497207,,normal
O7124396418,121.4111053,31.2494695,,normal
O7124396419,121.4109961,31.2514332,,normal
O7124396420,121.4109863,31.2516164,,normal
O7124396422,121.4131431,31.2515181,,normal
O7125928305,121.4043104,31.2110675,,normal
O7125928319,121.4039412,31.2095652,,normal
O7125928323,121.4037892,31.2095952,,normal
O7136988619,121.4207652,31.1983005,,normal
O7136988625,121.420655,31.1985477,,normal
O7142418519,121.4232347,31.2301965,,normal
O7142418520,121.4232184,31.230097,,normal
O7142418521,121.423288,31.2298812,,normal
O7142418522,121.4234006,31.2296287,,normal
O7142418523,121.4235345,31.2292937,,normal
O7142418524,121.4236309,31.2290595,,normal
O7142418525,121.4237113,31.2289585,,normal
O7142418526,121.4236943,31.2288361,,normal
O7142418527,121.4235805,31.228749,,normal
O7142418530,121.4232609,31.2303581,,normal
O7150800837,121.4157488,31.2186385,,normal
O7151426593,121.4174177,31.2196741,,normal
O7151426594,121.4174668,31.2194717,,normal
O7151426595,121.4176521,31.2191292,,normal
O7151426596,121.4176844,31.2189939,,normal
O7151426597,121.417425,31.2196439,,normal
O7151435628,121.4250836,31.2270129,,normal
O7151435629,121.4253374,31.2263863,,normal
O7151435630,121.4483764,31.2291045,,normal
O7151435631,121.4487952,31.2292161,,normal
O7151435632,121.4486603,31.2295569,,normal
O7151435633,121.4482556,31.2294477,,normal
O7151435634,121.4481982,31.22961,,normal
O7151435635,121.4486369,31.229731,,normal
O7151435636,121.4484781,31.230152,,normal
O7151435637,121.4481429,31.2299867,,normal
O7153554062,121.4443432,31.2474662,,normal
O7153554063,121.4450327,31.2475099,,normal
O7153554064,121.4453934,31.2473989,,normal
O7153554065,121.4455652,31.2471116,,normal
O7153554066,121.4456167,31.2467323,,normal
O7153596892,121.4348284,31.2152332,,normal
O7153596893,121.4347034,31.2138628,,normal
O7153647489,121.4204911,31.198873,,normal
O7180710730,121.4294919,31.2225646,,normal
O7180710731,121.4320452,31.2164534,,normal
O7180845355,121.4536203,31.2484567,,normal
O7180845356,121.4538833,31.2482268,,normal
O7180845357,121.4512442,31.2500182,,normal
O7180845358,121.4513196,31.249664,,normal
O7180845359,121.4513685,31.2495168,,normal
O7180845360,121.4516525,31.2489268,,normal
O7180845361,121.4518633,31.2485642,,normal
O7180845362,121.4525701,31.2474297,,normal
O7180845363,121.4534802,31.2459879,,normal
O7180845364,121.4535975,31.2457822,,normal
O7180845365,121.4519966,31.24811,,normal
O7180845366,121.4524062,31.2475158,,normal
O7180845367,121.4526005,31.2492569,,normal
O7180845368,121.4517344,31.2490417,,normal
O7180845369,121.443044,31.2561845,,normal
O7180845370,121.4440827,31.2565819,,normal
O7180845371,121.444337,31.2566755,,normal
O7180845372,121.4446101,31.2567026,,normal
O7180845373,121.4448135,31.2567184,,normal
O7180845374,121.4448965,31.2567939,,normal
O7180845375,121.4449688,31.2569268,,normal
O7180845376,121.4450839,31.2570573,,normal
O7180845377,121.4451556,31.2571044,,normal
O7180934815,121.4513681,31.2500128,,normal
O7180934816,121.4514479,31.2496936,,normal
O7180934817,121.4515353,31.2494716,,normal
O7180934818,121.4514348,31.2493697,,normal
O7180934819,121.4515273,31.2491563,,normal
O7180934820,121.4512749,31.2498411,,normal
O7180934821,121.4512226,31.2503577,,normal
O7183350596,121.4527472,31.2476369,,normal
O7184149853,121.4480969,31.2577551,,normal
O7184149854,121.4463532,31.257574,,normal
O7196339753,121.4167012,31.2046232,,normal
O7276144861,121.4174386,31.2496229,,normal
O7276144879,121.4155988,31.2503376,,normal
O7276154665,121.4319238,31.2522495,,normal
O7276154666,121.4318343,31.2522214,,normal
O7276154667,121.4279547,31.2511082,,normal
O7276154668,121.4282779,31.2507532,,normal
O7276154669,121.4351379,31.2526901,,normal
O7276154670,121.435448,31.2530529,,normal
O7276154671,121.4355625,31.2527318,,normal
O7276154673,121.4379536,31.2531274,,normal
O7276162787,121.4147876,31.2525953,,normal
O7276162803,121.415822,31.2593007,,normal
O7276162804,121.4172661,31.2499283,,normal
O7320972944,121.4098953,31.2514776,,normal
O7361928285,121.4564323,31.2106965,,normal
O7374642600,121.4542031,31.2110181,,normal
O7384279601,121.4553862,31.2112598,,normal
O7388011763,121.458681,31.2174241,,normal
O7389837782,121.4259303,31.2366316,,normal
O7393103203,121.4409315,31.2103632,,normal
O7393103204,121.4410791,31.2102919,,normal
O7393103205,121.4411757,31.2102104,,normal
O7393103206,121.4412443,31.2101751,,normal
O7393103207,121.441294,31.2101174,,normal
O7393103208,121.4413306,31.2100635,,normal
O7393103209,121.4413803,31.2100309,,normal
O7393103210,121.4414227,31.2099669,,normal
O7393103211,121.441525,31.2097411,,normal
O7393103329,121.4422875,31.2079877,,normal
O7409254218,121.4592661,31.2054421,,normal
O7409254219,121.4592998,31.2053725,,normal
O7409254220,121.4595713,31.2050207,,normal
O7409254221,121.4595619,31.204983,,normal
O7409254222,121.459158,31.2047611,,normal
O7409254223,121.4591566,31.2046912,,normal
O7409254224,121.4596635,31.2040485,,normal
O7409415059,121.4548245,31.2290011,,normal
O7409415060,121.4552283,31.2288991,,normal
O7409415061,121.4531842,31.226844,,normal
O7409474026,121.4595344,31.2093899,,normal
O7409474027,121.4595933,31.2095098,,normal
O7409474028,121.4594719,31.2095736,,normal
O7409474029,121.4593999,31.209457,,normal
O7409474039,121.4618909,31.208464,,normal
O7409474054,121.4617183,31.2101836,,normal
O7409474055,121.4615046,31.2101053,,normal
O7409474056,121.4616096,31.2100444,,normal
O7409474057,121.4616001,31.2102308,,normal
O7409508772,121.44803,31.2243609,,normal
O7409508773,121.4481773,31.2240089,,normal
O7409508774,121.448349,31.2244339,,normal
O7409508775,121.4478812,31.2240238,,normal
O7415250577,121.4478801,31.2119922,,normal
O7472809903,121.4668622,31.2077865,,normal
O7472809904,121.4665308,31.2076989,,normal
O7528764738,121.4626077,31.2448463,,normal
O7528764739,121.4618983,31.244078,,normal
O7528764741,121.4620908,31.2425932,,normal
O7553217566,121.4696331,31.2287169,,normal
O7553217567,121.468894,31.2284943,,normal
O7553217568,121.4687407,31.228866,,normal
O7553217569,121.4693264,31.2290493,,normal
O7553217572,121.4708947,31.2283443,,normal
O7553217573,121.4707529,31.2285477,,normal
O7553217574,121.4711429,31.2284838,,normal
O7553217575,121.4700223,31.2278622,,normal
O7553217576,121.4701058,31.2276693,,normal
O7602380250,121.4624823,31.2436442,,normal
O7602380251,121.4625919,31.2429374,,normal
O7602380252,121.4644612,31.2385899,,normal
O7602380253,121.464076,31.2389029,,normal
O7602380254,121.4619153,31.2443063,,normal
O7602380258,121.4626436,31.2416694,,normal
O7602380259,121.4638995,31.2384467,,normal
O7602380260,121.4637444,31.2388119,,normal
O7602380261,121.4636536,31.2404273,,normal
O7602380262,121.4636964,31.2402345,,normal
O7602380263,121.4637472,31.2400463,,normal
O7602380264,121.4638862,31.2397041,,normal
O7602380265,121.4635707,31.2408749,,normal
O7602380268,121.4634877,31.24029,,normal
O7602380269,121.4637498,31.2396654,,normal
O7602380270,121.4645949,31.2377201,,normal
O7602380271,121.4627765,31.2426674,,normal
O7602380278,121.4618885,31.243781,,normal
O7602380280,121.4619447,31.24446,,normal
O7602380281,121.4620063,31.244719,,normal
O7602380282,121.4620732,31.24493,,normal
O7602380284,121.4666227,31.2443915,,normal
O7602404193,121.46218,31.243193,,normal
O7602404195,121.4630657,31.2464533,,normal
O7602404196,121.4639007,31.2528745,,normal
O7602404199,121.4621693,31.2424451,,normal
O7602404200,121.4620222,31.2427758,,normal
O7602404201,121.4619046,31.2434231,,normal
O7602404202,121.4619576,31.2430514,,normal
O7602404203,121.4619794,31.2429342,,normal
O7602404204,121.4622656,31.2423096,,normal
O7602404206,121.4636406,31.2448437,,normal
O7602404207,121.4631003,31.2450308,,normal
O7602404227,121.4626102,31.2471312,,normal
O7602404229,121.4632276,31.24796,,normal
O7602404230,121.4631406,31.2481436,,normal
O7602404231,121.4631526,31.2471482,,normal
O7602404232,121.4631085,31.2467353,,normal
O7602404233,121.4631433,31.2470128,,normal
O7602404234,121.46315,31.2474395,,normal
O7602404235,121.46315,31.2475404,,normal
O7602404236,121.4630067,31.2454393,,normal
O7602404237,121.4629532,31.245334,,normal
O7602404238,121.4628944,31.2452561,,normal
O7602404246,121.4627635,31.2463232,,normal
O7602404248,121.462469,31.2449103,,normal
O7602404259,121.4630111,31.2488059,,normal
O7602404260,121.4628344,31.2479771,,normal
O7602404261,121.4629749,31.2479262,,normal
O7602404262,121.4631862,31.2477572,,normal
O7602404276,121.4628759,31.2484679,,normal
O7602404277,121.4629375,31.2484631,,normal
O7602404278,121.463082,31.2491384,,normal
O7602404279,121.4636731,31.2493584,,normal
O7602404280,121.463403,31.2501344,,normal
O7602404281,121.4635394,31.2501295,,normal
O7602404282,121.4637081,31.2513656,,normal
O7602404283,121.4633454,31.2491023,,normal
O7602404284,121.4632116,31.249114,,normal
O7602404285,121.4632478,31.2499536,,normal
O7602404286,121.4637534,31.2497849,,normal
O7602404287,121.463043,31.2462061,,normal
O7602404288,121.4633427,31.2484255,,normal
O7602404289,121.4634912,31.2490835,,normal
O7602404290,121.4635635,31.2506846,,normal
O7602404291,121.4637348,31.2517073,,normal
O7602404292,121.4635875,31.2495238,,normal
O7602404293,121.4634297,31.2495563,,normal
O7602404294,121.4633013,31.2495749,,normal
O7602404295,121.4631877,31.2496131,,normal
O7602404296,121.4632827,31.2507426,,normal
O7602404297,121.4635342,31.2520427,,normal
O7602404298,121.46387,31.2520316,,normal
O7602404299,121.4637616,31.2520399,,normal
O7602404300,121.4636305,31.2520379,,normal
O7602404301,121.4636011,31.2517168,,normal
O7602404302,121.4637883,31.251042,,normal
O7602463528,121.4623407,31.2451496,,normal
O7616807689,121.3881472,31.2191414,,normal
O7616807692,121.388158,31.2192516,,normal
O7616807693,121.3888829,31.2192315,,normal
O7616807694,121.3894949,31.2192825,,normal
O7616807695,121.3911019,31.2196073,,normal
O7616807696,121.3886627,31.2191212,,normal
O7616807697,121.3893096,31.2191905,,normal
O7616807698,121.3911136,31.2195589,,normal
O7617590706,121.4551438,31.2396316,,normal
O7636790983,121.4203843,31.2119342,,normal
O7682147002,121.4719528,31.2199319,,normal
O7682147003,121.4719145,31.2193806,,normal
O7682147004,121.4717908,31.2211693,,normal
O7682147006,121.4719293,31.2205316,,normal
O7682737119,121.4214559,31.2575063,,normal
O7682737120,121.4214357,31.2560527,,normal
O7682737121,121.4214348,31.2560011,,normal
O7682737122,121.4214234,31.2559537,,normal
O7682737123,121.4214088,31.2559092,,normal
O7682737124,121.4213778,31.2558758,,normal
O7682737125,121.420471,31.255242,,normal
O7716824722,121.4715701,31.2220115,,normal
O7716824723,121.4727446,31.2217218,,normal
O7716824724,121.4727283,31.2217593,,normal
O7730947253,121.4203706,31.2548263,,normal
O7730947282,121.4187318,31.2538933,,normal
O7730947283,121.4184088,31.2538427,,normal
O7730947284,121.4183052,31.253568,,normal
O7730950685,121.4184677,31.2538975,,normal
O7730950708,121.4166716,31.253112,,normal
O7730950709,121.41488,31.2526772,,normal
O7730950711,121.4159435,31.2531412,,normal
O7730950713,121.4153299,31.2527864,,normal
O7730950714,121.4158964,31.2532374,,normal
O7730950715,121.4157501,31.2536082,,normal
O7730950716,121.4160084,31.2538209,,normal
O7730950717,121.4161072,31.2540528,,normal
O7730950718,121.4160754,31.2543528,,normal
O7730950719,121.415798,31.2546476,,normal
O7730950720,121.4156418,31.2547622,,normal
O7730950721,121.4160008,31.2530511,,normal
O7730950724,121.4190682,31.2539307,,normal
O7730950741,121.4115049,31.2518707,,normal
O7730950744,121.4139061,31.2523797,,normal
O7730950745,121.4176919,31.2497128,,normal
O7792191804,121.4512129,31.2232814,,normal
O7792191805,121.4509367,31.2231993,,normal
O7792191806,121.4508761,31.2231986,,normal
O7792191807,121.4508224,31.2231932,,normal
O7792191808,121.4507782,31.2231727,,normal
O7792191809,121.4507764,31.2231058,,normal
O7792191810,121.4508586,31.2228805,,normal
O7792191811,121.450887,31.2228435,,normal
O7792191812,121.4509479,31.2228386,,normal
O7792191813,121.4509828,31.2228657,,normal
O7792191814,121.4510075,31.2229241,,normal
O7792191815,121.450982,31.2229942,,normal
O7792191816,121.4509129,31.223199,,normal
O7821885584,121.4652783,31.2260814,,normal
O7821896385,121.4652403,31.2264744,,normal
O7858356346,121.4094132,31.2189333,,normal
O7858356348,121.4108057,31.20772,,normal
O7858364556,121.4087921,31.2084941,,normal
O7858364557,121.4092706,31.210101,,normal
O7983267416,121.4715985,31.2183071,,normal
O7983267421,121.4717698,31.2212822,,normal
O7983267422,121.4717827,31.2212217,,normal
O8000282857,121.4316341,31.2490435,,normal
O8000282858,121.4313727,31.2492447,,normal
O8000282859,121.4219637,31.2432457,,normal
O8000282860,121.4222705,31.2430463,,normal
O8000282863,121.4392517,31.2551699,,normal
O8000282864,121.4391339,31.2551149,,normal
O8000282865,121.4130662,31.240685,,normal
O8000282866,121.4126869,31.2410654,,normal
O8000282867,121.4045103,31.2447967,,normal
O8000282868,121.4051918,31.2450119,,normal
O8017691337,121.4045994,31.2508002,,normal
O8041868167,121.4131868,31.2499302,,normal
O8108672709,121.4172818,31.1947308,,normal
O8108672713,121.4199255,31.1911848,,normal
O8108691820,121.4142787,31.1986641,,normal
O8108691823,121.4140504,31.1989845,,normal
O8108691839,121.4109058,31.2203109,,normal
O8108691845,121.4106819,31.2271846,,normal
O8108691846,121.4103779,31.2283502,,normal
O8108691847,121.4103134,31.228903,,normal
O8108691848,121.4103402,31.2293147,,normal
O8108691849,121.4103672,31.2297079,,normal
O8108691850,121.4104403,31.2299817,,normal
O8108691851,121.4104833,31.2303143,,normal
O8108691852,121.410351,31.2294951,,normal
O8108691853,121.4104103,31.2310292,,normal
O8108691861,121.4103533,31.2277713,,normal
O8108691862,121.4129654,31.2355165,,normal
O8108691869,121.4112502,31.2326361,,normal
O8108691873,121.4126729,31.2349627,,normal
O8108691878,121.419411,31.241497,,normal
O8108691882,121.4245151,31.2445853,,normal
O8108691886,121.4205021,31.2424368,,normal
O8108691887,121.4283895,31.2463935,,normal
O8108691888,121.4284297,31.2463213,,normal
O8108691892,121.4295335,31.246876,,normal
O8108691893,121.427218,31.2457651,,normal
O8108691895,121.4256505,31.2451343,,normal
O8108691906,121.4364041,31.253911,,normal
O8108691911,121.4342266,31.2516233,,normal
O8108691913,121.4366825,31.2540563,,normal
O8108691914,121.4359793,31.253423,,normal
O8108691916,121.4493922,31.2582747,,normal
O8108691918,121.4558077,31.2594773,,normal
O8159034986,121.4400768,31.2221768,,normal
O8159034990,121.4408297,31.2226191,,normal
O8221559064,121.4525505,31.2112645,,normal
O8221559065,121.4527276,31.2107806,,normal
O8221559066,121.4524786,31.2107406,,normal
O8221559067,121.4527589,31.2106959,,normal
O8221559068,121.4529943,31.2107416,,normal
O8269804629,121.4715786,31.207941,,normal
O8269808859,121.4707354,31.2077416,,normal
O8269875534,121.4703863,31.2071172,,normal
O8280457150,121.4327949,31.2090256,,normal
O8282475287,121.4151607,31.2465376,,normal
O8282475298,121.4161009,31.2450879,,normal
O8282475300,121.4170877,31.2457779,,normal
O8282475316,121.4173304,31.2470844,,normal
O8282682719,121.4173655,31.246329,,normal
O8282682720,121.4174046,31.2467932,,normal
O8282682726,121.4173942,31.2464286,,normal
O8282682732,121.4167453,31.245474,,normal
O8283167727,121.4163383,31.2503349,,normal
O8283167734,121.4186709,31.2551372,,normal
O8283167735,121.4198221,31.2544327,,normal
O8283167737,121.415287,31.2556912,,normal
O8283167738,121.4153209,31.2556023,,normal
O8283167750,121.4143914,31.2525568,,normal
O8283167751,121.414314,31.2527843,,normal
O8283167752,121.4138601,31.2539869,,normal
O8283167753,121.414374,31.2526079,,normal
O8283167756,121.4181838,31.242491,,normal
O8283167757,121.4188487,31.2419455,,normal
O8283167758,121.4198073,31.2420357,,normal
O8283167759,121.4181588,31.2427301,,normal
O8283167762,121.4096262,31.2457714,,normal
O8283739415,121.4109613,31.2458467,,normal
O8308238488,121.443444,31.2232063,,normal
O8308238489,121.4435811,31.2230503,,normal
O8314000815,121.450771,31.2028481,,normal
O8314047989,121.4541429,31.220971,,normal
O8314047994,121.4518136,31.2207451,,normal
O8314047995,121.4510616,31.2204734,,normal
O8314047996,121.4512351,31.2201353,,normal
O8314416385,121.4409188,31.2293596,,normal
O8314416386,121.4426754,31.2283853,,normal
O8314422159,121.4416376,31.2293574,,normal
O8327559040,121.4069153,31.2075171,,normal
O8327559041,121.4070329,31.2075128,,normal
O8327559042,121.4071295,31.2075381,,normal
O8327559043,121.4071509,31.2076024,,normal
O8327559044,121.4070678,31.2077171,,normal
O8327559045,121.4069731,31.2077367,,normal
O8327559046,121.4071523,31.2076735,,normal
O8327559049,121.4086447,31.2067233,,normal
O8327559050,121.4087654,31.2066544,,normal
O8327559051,121.4087738,31.2062219,,normal
O8327559052,121.4084919,31.2066958,,normal
O8327559053,121.4080976,31.2066442,,normal
O8327559054,121.4074298,31.2067739,,normal
O8327559055,121.4073627,31.2067118,,normal
O8327559056,121.4072593,31.2064127,,normal
O8327559059,121.4088061,31.2062234,,normal
O8327559060,121.4081426,31.2066501,,normal
O8339239956,121.4594831,31.2111769,,normal
O8339239970,121.4591817,31.2109641,,normal
O8339239976,121.4593294,31.2099859,,normal
O8339239994,121.4752144,31.2150661,,normal
O8339239996,121.4746229,31.2143953,,normal
O8339240000,121.4741395,31.2159883,,normal
O8339240004,121.4736162,31.2145277,,normal
O8339246229,121.4542947,31.2457759,,normal
O8339246230,121.4539603,31.2455181,,normal
O8339246231,121.4538167,31.2454742,,normal
O8339246232,121.4534434,31.2463367,,normal
O8339246233,121.4532788,31.2463071,,normal
O8339246234,121.4561424,31.2457093,,normal
O8339246237,121.4562614,31.2442912,,normal
O8339246241,121.4575054,31.2443633,,normal
O8339246243,121.457443,31.2442273,,normal
O8339246244,121.4571645,31.244347,,normal
O8339246247,121.4564705,31.2438286,,normal
O8339246252,121.4335364,31.2201434,,normal
O8339246257,121.4335144,31.2183306,,normal
O8339246259,121.4444998,31.2222005,,normal
O8339246446,121.4818599,31.2466123,,normal
O8339246447,121.4817114,31.2465768,,normal
O8339246450,121.4078886,31.2062817,,normal
O8339246451,121.4078573,31.2061222,,normal
O8339246452,121.4077085,31.2051548,,normal
O8339246453,121.4076991,31.2049689,,normal
O8359232443,121.429038,31.2164096,,normal
O8359232444,121.4290486,31.2162904,,normal
O8359232445,121.4293274,31.2187574,,normal
O8359232446,121.4295148,31.2179413,,normal
O8359232447,121.4295416,31.217674,,normal
O8363556552,121.4797409,31.2265837,,normal
O8363556573,121.4705363,31.2231326,,normal
O8363556610,121.4819429,31.2113193,,normal
O8364430725,121.4565138,31.2402023,,normal
O8364430726,121.4573674,31.2410609,,normal
O8364430727,121.4575139,31.2411564,,normal
O8364430728,121.4571988,31.2409351,,normal
O8364430729,121.4567091,31.2405668,,normal
O8364430730,121.4562623,31.2402235,,normal
O8364430731,121.4559305,31.2399879,,normal
O8364430732,121.4555265,31.2397271,,normal
O8364430733,121.4552319,31.239551,,normal
O8364430734,121.455172,31.2395226,,normal
O8364430735,121.4546141,31.2392312,,normal
O8364430736,121.4550877,31.2396008,,normal
O8364430737,121.4545422,31.2393169,,normal
O8364430738,121.4557513,31.2399952,,normal
O8364473744,121.4669073,31.2319948,,normal
O8364473746,121.466714,31.2320587,,normal
O8364473747,121.4668623,31.2313408,,normal
O8364473749,121.4669291,31.2308173,,normal
O8364544019,121.473317,31.2076827,,normal
O8364544020,121.4712337,31.2118121,,normal
O8364544027,121.4718031,31.2191344,,normal
O8364559989,121.4675409,31.223939,,normal
O8371962012,121.4431674,31.2562317,,normal
O8371962014,121.4537218,31.2458712,,normal
O8379786546,121.4733434,31.2273539,,normal
O8379786547,121.4805833,31.2296239,,normal
O8380029669,121.4211382,31.2301567,,normal
O8380029670,121.4203392,31.2298132,,normal
O8380029671,121.4201261,31.2297264,,normal
O8385741345,121.4356365,31.2145943,,normal
O8385741351,121.4589477,31.2167058,,normal
O8385741352,121.4590281,31.21686,,normal
O8385741353,121.4591231,31.2166407,,normal
O8385741354,121.4592279,31.2168242,,normal
O8389415162,121.4353767,31.2206428,,normal
O8389415163,121.4352984,31.220835,,normal
O8389415164,121.4351506,31.2211971,,normal
O8389415167,121.4348277,31.2204932,,normal
O8389415182,121.4342021,31.2203233,,normal
O8389415183,121.434154,31.2204463,,normal
O8389415184,121.4336753,31.2203165,,normal
O8389415185,121.4340703,31.2206575,,normal
O8389415186,121.4344607,31.2207652,,normal
O8389415187,121.431293,31.2210687,,normal
O8389415188,121.4311348,31.2212188,,normal
O8389415189,121.4322618,31.2215112,,normal
O8425718636,121.4209049,31.224606,,normal
O8455909572,121.4669024,31.2076383,,normal
O8485710276,121.4217689,31.2094395,,normal
O8485710277,121.4216834,31.2097517,,normal
O8485710278,121.421551,31.2104478,,normal
O8485710279,121.4212908,31.2104216,,normal
O8485710280,121.4217589,31.2104714,,normal
O8485710281,121.4215761,31.2103158,,normal
O8485710282,121.4212955,31.2102871,,normal
O8485710283,121.4217773,31.2103356,,normal
O8485710284,121.4213109,31.210154,,normal
O8485710285,121.4216011,31.2101845,,normal
O8485710286,121.421788,31.2102011,,normal
O8485710287,121.4213482,31.2100104,,normal
O8485710288,121.4216287,31.2100392,,normal
O8485710289,121.421805,31.2100588,,normal
O8485710290,121.4213652,31.2098767,,normal
O8485710291,121.4216554,31.2098987,,normal
O8485710292,121.4218204,31.2099151,,normal
O8485710293,121.4213733,31.2097311,,normal
O8485710294,121.4216815,31.2097616,,normal
O8485710295,121.4218188,31.2097727,,normal
O8485710296,121.4222465,31.2095622,,normal
O8485710297,121.4219851,31.2103039,,normal
O8485710298,121.4224746,31.2104037,,normal
O8485710299,121.422687,31.2098829,,normal
O8485710300,121.4221723,31.2097729,,normal
O8485710302,121.4225315,31.2104115,,normal
O8485710303,121.4212315,31.2104822,,normal
O8485710304,121.4213918,31.2093361,,normal
O8485710307,121.4008954,31.2149052,,normal
O8490798147,121.4298332,31.2224043,,normal
O8490798195,121.4404664,31.2247195,,normal
O8508706928,121.4711025,31.2253653,,normal
O8515994609,121.4438324,31.225496,,normal
O8515994612,121.4448728,31.2255567,,normal
O8519442798,121.4645218,31.2512981,,normal
O8519442799,121.4644744,31.2507667,,normal
O8519442800,121.4643375,31.2499261,,normal
O8519500592,121.444526,31.2261167,,normal
O8519500593,121.4446904,31.2258529,,normal
O8614368994,121.4155931,31.2503365,,normal
O8614368995,121.4156507,31.2503473,,normal
O8614401324,121.4191626,31.2543863,,normal
O8666099904,121.4094307,31.2314256,,normal
O8666099905,121.4104838,31.2313398,,normal
O8666099906,121.4107578,31.2313134,,normal
O8794231962,121.4134094,31.23933,,normal
O8794231963,121.4130932,31.2397689,,normal
O8794231964,121.4130731,31.2398148,,normal
O8794231965,121.4130681,31.2398521,,normal
O8794231966,121.4130664,31.2399496,,normal
O8794231967,121.4130748,31.2399825,,normal
O8794231968,121.4130949,31.240004,,normal
O8794231969,121.4133228,31.2401517,,normal
O8794231970,121.4131318,31.2400155,,normal
O8794231971,121.4132692,31.2400155,,normal
O8794231972,121.4132943,31.2400284,,normal
O8794231973,121.4133061,31.2400456,,normal
O8794231974,121.4133027,31.2400671,,normal
O8794231975,121.4132876,31.2400843,,normal
O8794231976,121.4132692,31.24009,,normal
O8794231977,121.4132087,31.2400778,,normal
O8794231978,121.4132423,31.2400892,,normal
O8794231979,121.4130673,31.2397959,,normal
O8794231980,121.4130304,31.2398074,,normal
O8794231981,121.4129935,31.2398088,,normal
O8794231982,121.4127924,31.2398031,,normal
O8794231983,121.4127304,31.2397945,,normal
O8794231984,121.4126634,31.2397774,,normal
O8794231985,121.4125812,31.2397458,,normal
O8794231986,121.412479,31.2396914,,normal
O8794231987,121.4123483,31.2396126,,normal
O8794231988,121.412231,31.2395365,,normal
O8794231989,121.4121119,31.2394476,,normal
O8794231990,121.4119511,31.2393143,,normal
O8794231991,121.4118505,31.239214,,normal
O8794231992,121.411812,31.2391653,,normal
O8794231993,121.4118002,31.2391251,,normal
O8794231994,121.4117969,31.2390677,,normal
O8794231995,121.4118092,31.2389623,,normal
O8794231996,121.4118271,31.2389401,,normal
O8794231997,121.411875,31.2389337,,normal
O8794231998,121.4119386,31.2389471,,normal
O8794231999,121.4121622,31.2390446,,normal
O8794232000,121.4122043,31.2390464,,normal
O8794232001,121.4122341,31.2390365,,normal
O8794232002,121.4122578,31.2390095,,normal
O8794232003,121.4124196,31.238759,,normal
O8794232004,121.4130333,31.2398195,,normal
O8794232005,121.4130532,31.2398374,,normal
O8794232006,121.4130677,31.2398772,,normal
O8794232007,121.4117987,31.2389838,,normal
O8794232008,121.4124482,31.2391918,,normal
O8794232009,121.4122454,31.2390421,,normal
O8794232010,121.4122454,31.2390646,,normal
O8794232011,121.4122541,31.2390783,,normal
O8794232012,121.4122816,31.2391061,,normal
O8794232013,121.4129228,31.2398068,,normal
O8794232026,121.4122454,31.239054,,normal
O8794281570,121.4133716,31.2393071,,normal
O8794281571,121.4137809,31.2388248,,normal
O8794281572,121.4139358,31.2386423,,normal
O8794281573,121.413979,31.2385466,,normal
O8794281574,121.4142965,31.2381684,,normal
O8794281575,121.4140271,31.2377902,,normal
O8794281576,121.4132144,31.2387599,,normal
O8794281577,121.4129611,31.2390587,,normal
O8794281578,121.4138076,31.2374768,,normal
O8794281579,121.415,31.2391091,,normal
O8794281580,121.4149849,31.239144,,normal
O8794281581,121.4140769,31.2397339,,normal
O8794281582,121.4137391,31.2381339,,normal
O8794281583,121.4141206,31.2383779,,normal
O8794281584,121.4145352,31.2386442,,normal
O8794281585,121.4145759,31.2386529,,normal
O8794281586,121.4146379,31.2386249,,normal
O8794281587,121.4133388,31.2381991,,normal
O8794281588,121.4135687,31.2383373,,normal
O8794281589,121.4139646,31.2385784,,normal
O8794281590,121.4131585,31.2384403,,normal
O8794281591,121.4133717,31.2385721,,normal
O8794281592,121.4130189,31.238599,,normal
O8794281593,121.4132367,31.2387333,,normal
O8794281594,121.4131831,31.2387968,,normal
O8794281595,121.4135898,31.23905,,normal
O8794281596,121.4137062,31.2381731,,normal
O8794281597,121.4134684,31.2380316,,normal
O8794281598,121.4138673,31.237981,,normal
O8794281599,121.4136157,31.2378338,,normal
O8794281600,121.4136919,31.2395009,,normal
O8794281601,121.4140197,31.2391095,,normal
O8819320419,121.4164299,31.2398466,,normal
O8819320420,121.4167515,31.2400981,,normal
O8819320421,121.4176668,31.2407035,,normal
O8819320423,121.4172352,31.2406502,,normal
O8819320424,121.4165266,31.2401154,,normal
O8819320425,121.4182738,31.2412527,,normal
O8819320435,121.4160619,31.2405274,,normal
O8819320436,121.4160331,31.2405341,,normal
O8819320437,121.4160032,31.2405329,,normal
O8819320438,121.4159754,31.2405237,,normal
O8819320439,121.4159522,31.2405076,,normal
O8819320440,121.4159854,31.2403788,,normal
O8819320441,121.4160172,31.2403724,,normal
O8819320442,121.4160498,31.2403756,,normal
O8819320443,121.4160791,31.2403881,,normal
O8819320444,121.4161017,31.2404083,,normal
O8819320445,121.415936,31.2404862,,normal
O8819320446,121.4159284,31.2404615,,normal
O8819320447,121.4159301,31.240436,,normal
O8819320448,121.4159411,31.2404122,,normal
O8819320449,121.4159601,31.2403926,,normal
O8819320450,121.4161149,31.240434,,normal
O8819320451,121.4161171,31.2404619,,normal
O8819320452,121.4161082,31.2404888,,normal
O8819320453,121.416089,31.2405116,,normal
O8819320454,121.4157717,31.2406247,,normal
O8819320455,121.4156016,31.2407335,,normal
O8819320456,121.4154823,31.2408247,,normal
O8819320457,121.4153654,31.2409204,,normal
O8819320458,121.4152816,31.2410096,,normal
O8819320459,121.4152461,31.2410465,,normal
O8819320460,121.4152435,31.2410879,,normal
O8819320461,121.4152918,31.2411509,,normal
O8819320462,121.4155077,31.2413616,,normal
O8819320463,121.4155814,31.2414094,,normal
O8819320464,121.4157388,31.2414701,,normal
O8819320465,121.4158836,31.2415049,,normal
O8819320466,121.4160385,31.2414961,,normal
O8819320467,121.4161807,31.2414722,,normal
O8819320468,121.4163331,31.2414221,,normal
O8819320469,121.4165007,31.2413373,,normal
O8819320470,121.4166886,31.2411937,,normal
O8819320471,121.4167115,31.2411459,,normal
O8819320472,121.4167013,31.2411112,,normal
O8819320473,121.4157336,31.2402009,,normal
O8819320474,121.4153171,31.2398186,,normal
O8819320475,121.4152434,31.2397795,,normal
O8819320476,121.4151647,31.2397947,,normal
O8819320477,121.4151038,31.2398512,,normal
O8819320478,121.4150276,31.239949,,normal
O8819320479,121.4149564,31.2400078,,normal
O8819320480,121.4149006,31.2400404,,normal
O8819320481,121.4147761,31.2400883,,normal
O8819320482,121.4146492,31.2401035,,normal
O8819320483,121.414578,31.240134,,normal
O8819320484,121.4145297,31.2401861,,normal
O8819320485,121.414507,31.2402426,,normal
O8819320486,121.414507,31.2402882,,normal
O8819320487,121.4145451,31.2403579,,normal
O8819320488,121.4146212,31.2404448,,normal
O8819320489,121.4151571,31.2410118,,normal
O8819320490,121.4151927,31.2410291,,normal
O8819320491,121.4164988,31.2400897,,normal
O8819320634,121.4157198,31.240658,,normal
O8819320639,121.4162872,31.2407058,,normal
O8819320641,121.4160214,31.2405336,,normal
O8819320642,121.4148533,31.2399951,,normal
O8819356170,121.4129724,31.2407426,,normal
O8819356171,121.4127592,31.2404901,,normal
O8819356172,121.4127039,31.2404169,,normal
O8819356173,121.4126603,31.2403424,,normal
O8819356174,121.4126419,31.2402578,,normal
O8819356175,121.4126385,31.2401774,,normal
O8819356176,121.4126385,31.2400542,,normal
O8819356177,121.4126469,31.2400341,,normal
O8819356178,121.412667,31.2400212,,normal
O8819356179,121.4127358,31.2400168,,normal
O8819356180,121.4128413,31.2400168,,normal
O8819356181,121.4128698,31.2400283,,normal
O8819356182,121.4128782,31.2400498,,normal
O8819356183,121.4128681,31.2400684,,normal
O8819356184,121.4128414,31.2400741,,normal
O8819356185,121.412667,31.2400742,,normal
O8819356186,121.4126486,31.2400828,,normal
O8819356187,121.4126385,31.2401029,,normal
O8819360119,121.4135576,31.2405217,,normal
O8819360120,121.4141362,31.2411947,,normal
O8819360121,121.4131914,31.2418013,,normal
O8819360122,121.4125962,31.2411256,,normal
O8819360123,121.4149388,31.242155,,normal
O8819360124,121.4139534,31.2427725,,normal
O8819360125,121.4139102,31.242777,,normal
O8819360126,121.4138493,31.2427531,,normal
O8819360127,121.4131507,31.2419513,,normal
O8819360128,121.4131304,31.2418926,,normal
O8819360129,121.4131405,31.2418513,,normal
O8819360130,121.4154849,31.2418093,,normal
O8819360131,121.4151471,31.2414181,,normal
O8819360132,121.4146113,31.2417626,,normal
O8819360133,121.4146873,31.2408336,,normal
O8819360134,121.4129794,31.2415608,,normal
O8819360135,121.4131812,31.2414253,,normal
O8819360136,121.4130135,31.2412384,,normal
O8819360137,121.4134554,31.2409645,,normal
O8819360138,121.4137298,31.2412643,,normal
O8819360139,121.4132041,31.2416035,,normal
O8819360140,121.4136243,31.2411466,,normal
O8819360141,121.413101,31.2413359,,normal
O8819360142,121.4135461,31.2410623,,normal
O8819360151,121.4139053,31.2413429,,normal
O8819360152,121.4139489,31.2413405,,normal
O8819360153,121.4140086,31.2413454,,normal
O8819360154,121.4140662,31.2413767,,normal
O8819360155,121.4141067,31.2414195,,normal
O8819360156,121.41474,31.2421621,,normal
O8819360157,121.4147612,31.2422066,,normal
O8819360158,121.4147516,31.2422444,,normal
O8819360159,121.4147084,31.2422995,,normal
O8819626668,121.4157797,31.2380632,,normal
O8819626669,121.4160507,31.2383821,,normal
O8819626680,121.414672,31.2381199,,normal
O8819626681,121.4149537,31.2384917,,normal
O8819626682,121.4158707,31.2395139,,normal
O8819626683,121.4145454,31.2377912,,normal
O8819626684,121.415201,31.2386524,,normal
O8819626685,121.4153618,31.2387063,,normal
O8819626686,121.4146349,31.2377665,,normal
O8819626687,121.4151709,31.2383348,,normal
O8819626701,121.4145499,31.2374977,,normal
O8819626702,121.4149932,31.2371965,,normal
O8819626703,121.4150262,31.2371944,,normal
O8819626704,121.4150618,31.2372117,,normal
O8819626705,121.4160355,31.2383643,,normal
O8819626706,121.4160244,31.2384285,,normal
O8819626707,121.4157476,31.2386003,,normal
O8819626708,121.4156968,31.2386025,,normal
O8819626709,121.4156612,31.2385938,,normal
O8819626710,121.4146687,31.2374169,,normal
O8819626711,121.4157222,31.2386286,,normal
O8819626712,121.4157756,31.238635,,normal
O8819626713,121.4158263,31.2386242,,normal
O8819626714,121.4160396,31.2384915,,normal
O8819626715,121.4160676,31.2384567,,normal
O8819626716,121.4160727,31.2384371,,normal
O8819694282,121.413368,31.2376091,,normal
O8819694283,121.4136054,31.2376144,,normal
O8819694284,121.4136435,31.2376253,,normal
O8819694285,121.4136742,31.2376431,,normal
O8819694292,121.4139485,31.2373011,,normal
O8819694293,121.4138314,31.2372366,,normal
O8819694294,121.4137924,31.2372248,,normal
O8819694295,121.4125836,31.2372144,,normal
O8819694296,121.4125617,31.2372044,,normal
O8819694297,121.4125471,31.2371907,,normal
O8819694298,121.412553,31.2370084,,normal
O8819694299,121.4125661,31.2369922,,normal
O8819694300,121.4125895,31.2369884,,normal
O8819694301,121.4130694,31.2369933,,normal
O8819694302,121.4130825,31.2369871,,normal
O8819694303,121.4130898,31.2369721,,normal
O8819694304,121.4130884,31.2369171,,normal
O8819694305,121.4130709,31.2369059,,normal
O8819694306,121.4128929,31.2369035,,normal
O8819694307,121.4128725,31.236911,,normal
O8819694308,121.412871,31.2369609,,normal
O8819694309,121.4128637,31.2369784,,normal
O8819694310,121.4128433,31.236991,,normal
O8819694311,121.4138103,31.2372285,,normal
O8819694360,121.4129314,31.2372174,,normal
O8819694384,121.412558,31.2366908,,normal
O8819694385,121.4125668,31.2366746,,normal
O8819694386,121.4125853,31.236663,,normal
O8819694387,121.4133971,31.2366787,,normal
O8819694388,121.4134576,31.2366767,,normal
O8819694389,121.4136129,31.2365965,,normal
O8819694390,121.4125447,31.2372319,,normal
O8819694391,121.4125345,31.2372494,,normal
O8819694392,121.4125009,31.2373069,,normal
O8819694393,121.4124047,31.2373818,,normal
O8819694394,121.4123244,31.237453,,normal
O8819694395,121.4123084,31.2374792,,normal
O8819694396,121.4123011,31.2378176,,normal
O8819694397,121.4123069,31.2378537,,normal
O8819694398,121.4124674,31.2379985,,normal
O8819694399,121.4124966,31.2380122,,normal
O8819694400,121.4125623,31.2380184,,normal
O8819694401,121.4131167,31.2380282,,normal
O8819694402,121.4131361,31.2380315,,normal
O8819694403,121.4132908,31.2381208,,normal
O8819694406,121.4125695,31.2369819,,normal
O8819694407,121.4125537,31.2369654,,normal
O8819694408,121.4125594,31.2372207,,normal
O8819779146,121.4122348,31.2412118,,normal
O8819779147,121.4121523,31.2410953,,normal
O8819779148,121.4121319,31.2410541,,normal
O8819779149,121.4121261,31.2410178,,normal
O8819779150,121.4121289,31.2407208,,normal
O8819779151,121.4121216,31.2406946,,normal
O8819779152,121.4121041,31.2406821,,normal
O8819779153,121.4117948,31.2406722,,normal
O8819779154,121.4117641,31.2406847,,normal
O8819779155,121.4117437,31.2407109,,normal
O8819779156,121.4117291,31.2407496,,normal
O8819779157,121.4117132,31.2412951,,normal
O8819779158,121.4117231,31.2413387,,normal
O8819779159,121.4117332,31.2413745,,normal
O8819779160,121.4117215,31.241396,,normal
O8819779161,121.4115957,31.2414835,,normal
O8819779162,121.4115773,31.2415122,,normal
O8819779163,121.411579,31.2415323,,normal
O8819779164,121.4116283,31.2415976,,normal
O8819779165,121.4121678,31.2411172,,normal
O8819844636,121.4170417,31.2389682,,normal
O8819844641,121.4164779,31.2386965,,normal
O8819844642,121.4165599,31.2387845,,normal
O8819844643,121.416573,31.2388094,,normal
O8819844644,121.4164345,31.2389231,,normal
O8819844645,121.4164301,31.2389443,,normal
O8819844646,121.4164431,31.2389705,,normal
O8819844647,121.4167364,31.2392363,,normal
O8819844648,121.4167524,31.2392363,,normal
O8819844649,121.4167816,31.23922,,normal
O8819844650,121.4168982,31.2391189,,normal
O8819844651,121.4169012,31.2391039,,normal
O8819844652,121.4168953,31.2390877,,normal
O8819844653,121.4166371,31.2388394,,normal
O8868031242,121.4634373,31.2448906,,normal
O8868031248,121.4659246,31.2444088,,normal
O8868031249,121.4644518,31.2446467,,normal
O8868031250,121.4653443,31.2444764,,normal
O8868031256,121.4659223,31.2443114,,normal
O8868031257,121.4653433,31.2443964,,normal
O8868031258,121.4643897,31.2445743,,normal
O8868031259,121.463819,31.2447024,,normal
O8868031260,121.4634089,31.2448203,,normal
O8868031261,121.460559,31.2457284,,normal
O8868031262,121.4608719,31.2457715,,normal
O8872379006,121.4602771,31.2458987,,normal
O8872379007,121.4600132,31.2459678,,normal
O8872379008,121.459653,31.2460387,,normal
O8872379009,121.459159,31.2460862,,normal
O8872379010,121.458177,31.2461022,,normal
O8872379011,121.457279,31.246111,,normal
O8872379012,121.4561668,31.2460973,,normal
O8872379013,121.4553176,31.2460783,,normal
O8872379014,121.4546169,31.2460265,,normal
O8872379015,121.4539951,31.2459609,,normal
O8872379016,121.4528131,31.2458002,,normal
O8872390169,121.4487352,31.2444023,,normal
O8872390170,121.448663,31.244492,,normal
O8872390171,121.4494714,31.2449493,,normal
O8872390172,121.4509031,31.2454639,,normal
O8872390173,121.4513541,31.2455342,,normal
O8872390174,121.4505592,31.2453774,,normal
O8872390175,121.4503491,31.2453261,,normal
O8872390176,121.4501311,31.245252,,normal
O8872390177,121.4498916,31.2451378,,normal
O8872390178,121.449003,31.2446771,,normal
O8872390179,121.4483017,31.2443228,,normal
O8872390180,121.4478948,31.2441652,,normal
O8872390181,121.4475228,31.2440489,,normal
O8872390182,121.4471561,31.2439486,,normal
O8872390183,121.4477289,31.2440026,,normal
O8872390184,121.450202,31.2451979,,normal
O8872390185,121.4504107,31.2452756,,normal
O8872390186,121.4513714,31.2454951,,normal
O8872390187,121.4509567,31.2454305,,normal
O8872390188,121.4507158,31.2453736,,normal
O8872390189,121.45074,31.2452225,,normal
O8872390190,121.4499905,31.2451043,,normal
O8872390191,121.4495355,31.244862,,normal
O8872390192,121.4490832,31.2445921,,normal
O8872390193,121.4483739,31.2442332,,normal
O8872390194,121.4479752,31.2440733,,normal
O8872390195,121.4474666,31.2439435,,normal
O8872390196,121.4471508,31.2438775,,normal
O8872390197,121.4465591,31.2437707,,normal
O8872390198,121.4459666,31.2435501,,normal
O8872390199,121.4450462,31.2431332,,normal
O8872390200,121.4444941,31.2428768,,normal
O8872390201,121.4437084,31.2424966,,normal
O8872390202,121.4428521,31.242047,,normal
O8872390203,121.4423201,31.2417301,,normal
O8872390204,121.4417292,31.2413606,,normal
O8872390205,121.4411043,31.2409202,,normal
O8872390206,121.4403727,31.2404162,,normal
O8872390207,121.4391793,31.2395287,,normal
O8872390208,121.4385143,31.2389897,,normal
O8872390209,121.4381818,31.2387192,,normal
O8872390210,121.4379211,31.2384983,,normal
O8872390211,121.4376031,31.2382125,,normal
O8872390212,121.4373567,31.2379579,,normal
O8872390213,121.4371133,31.2376662,,normal
O8872390214,121.4368328,31.2372738,,normal
O8872390215,121.436665,31.2370027,,normal
O8872390216,121.4365187,31.2367221,,normal
O8872392317,121.4364266,31.236504,,normal
O8872392318,121.4363268,31.2362409,,normal
O8872392319,121.4362244,31.2359224,,normal
O8872392320,121.4360985,31.2354731,,normal
O8872392321,121.4360057,31.2351937,,normal
O8872392322,121.4359022,31.2349506,,normal
O8872392323,121.4357881,31.2347009,,normal
O8872392324,121.4356448,31.2344509,,normal
O8872392325,121.4355255,31.2342534,,normal
O8872392326,121.435338,31.2339889,,normal
O8872392327,121.435062,31.2336803,,normal
O8872392328,121.434831,31.2334462,,normal
O8872392329,121.4345552,31.2331944,,normal
O8872392330,121.4342943,31.2329963,,normal
O8872392331,121.4336776,31.2325124,,normal
O8872392332,121.4334647,31.2323395,,normal
O8872392333,121.4330294,31.2319534,,normal
O8872392334,121.4326942,31.2316436,,normal
O8872392335,121.4321015,31.2310952,,normal
O8872392336,121.4318507,31.2308461,,normal
O8872392337,121.4315704,31.2305348,,normal
O8872392338,121.4313173,31.2302283,,normal
O8872392339,121.4310942,31.2299384,,normal
O8872392340,121.430712,31.2294193,,normal
O8872392341,121.4304875,31.2291661,,normal
O8872392342,121.4302252,31.2289214,,normal
O8872392343,121.429981,31.2287192,,normal
O8872392344,121.4296958,31.2285049,,normal
O8872392345,121.4292425,31.2281769,,normal
O8872392346,121.4290183,31.2280013,,normal
O8872392347,121.4287637,31.2277812,,normal
O8872392348,121.4285467,31.2275583,,normal
O8872392349,121.4283948,31.227382,,normal
O8872392350,121.4281995,31.2271313,,normal
O8872392351,121.4280262,31.226851,,normal
O8872392352,121.4278753,31.2265902,,normal
O8872392353,121.4277612,31.2263671,,normal
O8872392354,121.4276739,31.2261498,,normal
O8872392355,121.4276088,31.2259224,,normal
O8872392356,121.4275333,31.2256431,,normal
O8872392357,121.4274791,31.2253626,,normal
O8872392358,121.4274468,31.2251114,,normal
O8872392359,121.4274043,31.2248085,,normal
O8872392360,121.4273219,31.2244631,,normal
O8872392361,121.427229,31.224163,,normal
O8872392362,121.4270723,31.2237493,,normal
O8872392363,121.4269055,31.2234297,,normal
O8872392364,121.4267336,31.2231491,,normal
O8872392365,121.4264923,31.2228427,,normal
O8872392366,121.4262456,31.2225591,,normal
O8872392367,121.4259914,31.2223212,,normal
O8872392368,121.4257116,31.2220863,,normal
O8872392369,121.4254761,31.2218962,,normal
O8872392370,121.4251944,31.2217206,,normal
O8872392371,121.4246558,31.2214415,,normal
O8872392372,121.4240616,31.2212194,,normal
O8872392373,121.4234516,31.2210518,,normal
O8872392374,121.4229701,31.2209751,,normal
O8872392375,121.4224984,31.2209392,,normal
O8872392376,121.4219465,31.2209395,,normal
O8872392377,121.4214427,31.2209853,,normal
O8872392378,121.420993,31.221058,,normal
O8872392379,121.446874,31.2438693,,normal
O8872392380,121.42053,31.2211858,,normal
O8872392381,121.4468992,31.2438183,,normal
O8872392382,121.4465807,31.2437248,,normal
O8872392383,121.4459918,31.2435055,,normal
O8872392384,121.4450736,31.2430896,,normal
O8872392385,121.4445222,31.2428335,,normal
O8872392386,121.4437378,31.242454,,normal
O8872392387,121.4428837,31.2420057,,normal
O8872392388,121.4423536,31.2416899,,normal
O8872392389,121.4417646,31.2413212,,normal
O8872392390,121.4411407,31.2408819,,normal
O8872392391,121.4404098,31.2403782,,normal
O8872392392,121.4392182,31.2394921,,normal
O8872392393,121.438554,31.2389539,,normal
O8872392394,121.438222,31.2386836,,normal
O8872392395,121.4379622,31.2384637,,normal
O8872392396,121.4376462,31.2381797,,normal
O8872392397,121.4374026,31.2379276,,normal
O8872392398,121.4371615,31.2376389,,normal
O8872392399,121.4368829,31.2372492,,normal
O8872392400,121.4367169,31.236981,,normal
O8872392401,121.4365723,31.2367035,,normal
O8872392402,121.4364812,31.236488,,normal
O8872392403,121.436382,31.2362266,,normal
O8872392404,121.4362803,31.2359101,,normal
O8872392405,121.4361543,31.2354605,,normal
O8872392406,121.4360607,31.2351784,,normal
O8872392407,121.4359562,31.234933,,normal
O8872392408,121.4358409,31.2346808,,normal
O8872392409,121.4356963,31.2344286,,normal
O8872392410,121.4355758,31.2342291,,normal
O8872392411,121.4353857,31.2339609,,normal
O8872392412,121.4351071,31.2336492,,normal
O8872392413,121.4348741,31.2334132,,normal
O8872392414,121.4345955,31.2331588,,normal
O8872392415,121.434333,31.2329596,,normal
O8872392416,121.4337169,31.2324762,,normal
O8872392417,121.4335053,31.2323044,,normal
O8872392418,121.4330714,31.2319194,,normal
O8872392419,121.4327365,31.2316101,,normal
O8872392420,121.4321446,31.2310623,,normal
O8872392421,121.4318954,31.2308147,,normal
O8872392422,121.4316168,31.2305053,,normal
O8872392423,121.431365,31.2302004,,normal
O8872392424,121.4311426,31.2299115,,normal
O8872392425,121.4307596,31.2293911,,normal
O8872392426,121.4305318,31.2291343,,normal
O8872392427,121.4302666,31.2288868,,normal
O8872392428,121.4300201,31.2286829,,normal
O8872392429,121.4297335,31.2284675,,normal
O8872392430,121.4292807,31.2281398,,normal
O8872392431,121.4290583,31.2279656,,normal
O8872392432,121.4288064,31.2277479,,normal
O8872392433,121.4285921,31.2275278,,normal
O8872392434,121.4284421,31.2273535,,normal
O8872392435,121.4282491,31.2271059,,normal
O8872392436,121.4280777,31.2268284,,normal
O8872392437,121.4279276,31.2265692,,normal
O8872392438,121.427815,31.2263491,,normal
O8872392439,121.4277293,31.2261357,,normal
O8872392440,121.427665,31.225911,,normal
O8872392441,121.4275899,31.2256333,,normal
O8872392442,121.4275364,31.2253557,,normal
O8872392443,121.4275042,31.2251057,,normal
O8872392444,121.4274613,31.2248006,,normal
O8872392445,121.4273782,31.2244518,,normal
O8872392446,121.4272844,31.224149,,normal
O8872392447,121.4271263,31.2237315,,normal
O8872392448,121.4269574,31.2234081,,normal
O8872392449,121.4267833,31.2231237,,normal
O8872392450,121.4265394,31.2228142,,normal
O8872392451,121.4262902,31.2225275,,normal
O8872392452,121.426033,31.2222867,,normal
O8872392453,121.4257516,31.2220507,,normal
O8872392454,121.4255131,31.2218581,,normal
O8872392455,121.4252264,31.2216793,,normal
O8872392456,121.4246824,31.2213975,,normal
O8872392457,121.4240821,31.2211731,,normal
O8872392458,121.4234657,31.2210038,,normal
O8872392459,121.422978,31.2209261,,normal
O8872392460,121.422501,31.2208897,,normal
O8872392461,121.4219435,31.2208901,,normal
O8872392462,121.4214343,31.2209363,,normal
O8872392463,121.4209787,31.22101,,normal
O8872392464,121.4205124,31.2211388,,normal
O8872392465,121.3885209,31.2192332,,normal
O8872392466,121.3892054,31.2192521,,normal
O8872392467,121.3898766,31.2193467,,normal
O8872392468,121.4198277,31.2214532,,normal
O8872392469,121.4195257,31.2216166,,normal
O8872392470,121.4190459,31.2218999,,normal
O8872392471,121.4186447,31.2221749,,normal
O8872392472,121.4182187,31.2224475,,normal
O8872392473,121.4178872,31.2226291,,normal
O8872392474,121.4174812,31.2228007,,normal
O8872392475,121.4170767,31.2229533,,normal
O8872392476,121.4167395,31.2230652,,normal
O8872392477,121.4164246,31.2231304,,normal
O8872392478,121.4160521,31.2232044,,normal
O8872392479,121.4157225,31.2232462,,normal
O8872392480,121.4154895,31.2232741,,normal
O8872392481,121.4152276,31.2232883,,normal
O8872392482,121.4149678,31.2232837,,normal
O8872392483,121.4146871,31.2232792,,normal
O8872392484,121.4143782,31.2232561,,normal
O8872392485,121.414129,31.2232283,,normal
O8872392486,121.4138267,31.2231822,,normal
O8872392487,121.4135069,31.2231267,,normal
O8872392488,121.413209,31.223048,,normal
O8872392489,121.4127951,31.2229377,,normal
O8872392490,121.4122655,31.2227775,,normal
O8872392491,121.4117446,31.222664,,normal
O8872392492,121.4112335,31.2225867,,normal
O8872392493,121.4106896,31.2225319,,normal
O8872392494,121.4102782,31.2225092,,normal
O8872392495,121.4099324,31.2224907,,normal
O8872392496,121.4096503,31.2224536,,normal
O8872392497,121.4093153,31.2224028,,normal
O8872392498,121.4090442,31.2223472,,normal
O8872392499,121.408746,31.2222729,,normal
O8872392500,121.4084654,31.2221852,,normal
O8872392501,121.4081785,31.2220973,,normal
O8872392502,121.4078377,31.2219584,,normal
O8872392503,121.4068121,31.2215313,,normal
O8872392504,121.4061639,31.2212424,,normal
O8872392505,121.4055931,31.2210234,,normal
O8872392506,121.4053334,31.2209417,,normal
O8872392507,121.4050999,31.2208782,,normal
O8872392508,121.40483,31.220817,,normal
O8872392509,121.4044425,31.220758,,normal
O8872392510,121.4041287,31.2207283,,normal
O8872392511,121.4038773,31.22071,,normal
O8872392512,121.4026061,31.2206226,,normal
O8872392513,121.4015763,31.2205582,,normal
O8872392514,121.4007713,31.220512,,normal
O8872392515,121.3999554,31.2204614,,normal
O8872392516,121.3994184,31.2204244,,normal
O8872392517,121.3989724,31.2203921,,normal
O8872392518,121.3984777,31.2203505,,normal
O8872392519,121.3980738,31.220309,,normal
O8872392520,121.3974063,31.2202259,,normal
O8872392521,121.3966751,31.220106,,normal
O8872392522,121.3960041,31.2199955,,normal
O8872392523,121.3952325,31.2198668,,normal
O8872392524,121.3947094,31.2198027,,normal
O8872392525,121.3942349,31.2197659,,normal
O8872392526,121.3936903,31.2197519,,normal
O8872392528,121.3924217,31.2197466,,normal
O8872392529,121.3919627,31.2197232,,normal
O8872392530,121.3914915,31.2196766,,normal
O8872392531,121.4201626,31.2213119,,normal
O8872392532,121.4041343,31.2206792,,normal
O8872392533,121.4201371,31.2212675,,normal
O8872392534,121.4197994,31.22141,,normal
O8872392535,121.4194939,31.2215754,,normal
O8872392536,121.4190115,31.2218602,,normal
O8872392537,121.4186093,31.2221359,,normal
O8872392538,121.4181859,31.2224068,,normal
O8872392539,121.4178588,31.222586,,normal
O8872392540,121.4174568,31.2227559,,normal
O8872392541,121.4170547,31.2229076,,normal
O8872392542,121.4167223,31.2230179,,normal
O8872392543,121.4164113,31.2230822,,normal
O8872392544,121.4160414,31.2231558,,normal
O8872392545,121.4157143,31.2231973,,normal
O8872392546,121.4154837,31.223225,,normal
O8872392547,121.4152264,31.2232388,,normal
O8872392548,121.414969,31.2232343,,normal
O8872392549,121.4146902,31.2232298,,normal
O8872392550,121.4143845,31.2232069,,normal
O8872392551,121.4141378,31.2231795,,normal
O8872392552,121.4138375,31.2231337,,normal
O8872392553,121.4135211,31.2230788,,normal
O8872392554,121.4132262,31.2230008,,normal
O8872392555,121.4128133,31.2228908,,normal
O8872392556,121.4122823,31.2227302,,normal
O8872392557,121.4117568,31.2226156,,normal
O8872392558,121.4112419,31.2225377,,normal
O8872392559,121.4106949,31.2224827,,normal
O8872392560,121.4102819,31.2224599,,normal
O8872392561,121.4099386,31.2224415,,normal
O8872392562,121.4096597,31.2224048,,normal
O8872392563,121.4093271,31.2223544,,normal
O8872392564,121.4090589,31.2222993,,normal
O8872392565,121.408764,31.2222259,,normal
O8872392566,121.408485,31.2221388,,normal
O8872392567,121.4082007,31.2220516,,normal
O8872392568,121.4078627,31.2219139,,normal
O8872392569,121.4068381,31.221487,,normal
O8872392570,121.406189,31.2211979,,normal
O8872392571,121.405615,31.2209776,,normal
O8872392572,121.4053521,31.220895,,normal
O8872392573,121.4051161,31.2208307,,normal
O8872392574,121.4048425,31.2207687,,normal
O8872392575,121.4044508,31.220709,,normal
O8872392576,121.403882,31.2206607,,normal
O8872392577,121.4026105,31.2205733,,normal
O8872392578,121.4015803,31.2205088,,normal
O8872392579,121.4007753,31.2204627,,normal
O8872392580,121.3999598,31.2204121,,normal
O8872392581,121.3994231,31.2203752,,normal
O8872392582,121.3989777,31.2203429,,normal
O8872392583,121.3984839,31.2203014,,normal
O8872392584,121.3980814,31.2202599,,normal
O8872392585,121.3974159,31.220177,,normal
O8872392586,121.396686,31.2200575,,normal
O8872392587,121.3960151,31.219947,,normal
O8872392588,121.3952421,31.2198181,,normal
O8872392589,121.3947161,31.2197536,,normal
O8872392590,121.3942384,31.2197166,,normal
O8872392591,121.3936909,31.2197025,,normal
O8872392592,121.3929179,31.2197067,,normal
O8872392593,121.392424,31.2196971,,normal
O8872392594,121.3919677,31.219674,,normal
O8872392595,121.3915006,31.2196277,,normal
O8872392596,121.3889719,31.2191394,,normal
O8872392597,121.3900994,31.2193515,,normal
O8872401317,121.4519374,31.245641,,normal
O8872401318,121.4599815,31.2459074,,normal
O8872401319,121.4596337,31.2459701,,normal
O8872401320,121.4591549,31.2459964,,normal
O8872401322,121.4572794,31.2460211,,normal
O8872401323,121.4561691,31.2460074,,normal
O8872401324,121.4553237,31.2459885,,normal
O8872401325,121.4546281,31.2459372,,normal
O8872401326,121.45401,31.2458719,,normal
O8872401327,121.4528299,31.2457114,,normal
O8872401328,121.4516015,31.245536,,normal
O8872607740,121.4264692,31.2227631,,normal
O8872607797,121.4245475,31.2211047,,normal
O8872744860,121.473383,31.2451429,,normal
O8872744861,121.473842,31.2456377,,normal
O8872744862,121.4720793,31.245116,,normal
O8872744863,121.4714322,31.2449869,,normal
O8872744864,121.4700169,31.2446899,,normal
O8872744865,121.4694516,31.2445609,,normal
O8872744866,121.4689654,31.2444714,,normal
O8872744867,121.468423,31.2443979,,normal
O8872744868,121.4679725,31.244356,,normal
O8872744869,121.4675932,31.2443435,,normal
O8872744870,121.467075,31.2443401,,normal
O8872744871,121.4667217,31.2443455,,normal
O8872744872,121.4663551,31.2443713,,normal
O8872744873,121.4724166,31.2451863,,normal
O8872744874,121.4729551,31.2452128,,normal
O8872744875,121.4724416,31.2451017,,normal
O8872744876,121.4714604,31.244891,,normal
O8872744877,121.4700457,31.244594,,normal
O8872744878,121.4694788,31.2444647,,normal
O8872744879,121.4689868,31.2443742,,normal
O8872744880,121.4684385,31.2442998,,normal
O8872744881,121.4679813,31.2442574,,normal
O8872744882,121.4675961,31.2442446,,normal
O8872744883,121.4670747,31.2442413,,normal
O8872744884,121.4667163,31.2442468,,normal
O8872744885,121.4663445,31.2442729,,normal
O8872744886,121.4633789,31.2405651,,normal
O8872744887,121.4630214,31.2481646,,normal
O8872744891,121.464871,31.2444794,,normal
O8872744892,121.464895,31.2445586,,normal
O8872744907,121.4577263,31.2459192,,normal
O8872744916,121.4615583,31.2454806,,normal
O8872745617,121.4615303,31.2454106,,normal
O8872745621,121.4605359,31.2458197,,normal
O8872745623,121.4587908,31.2460023,,normal
O8872745632,121.4549518,31.2458287,,normal
O8872745633,121.4564635,31.246011,,normal
O8872745642,121.4496491,31.2454307,,normal
O8872745646,121.4475952,31.2450834,,normal
O8906619594,121.4127269,31.2310504,,normal
O8906699815,121.4128153,31.231275,,normal
O8911717293,121.4006548,31.2387096,,normal
O8911717299,121.4043677,31.2321861,,normal
O8911717301,121.4046155,31.2320374,,normal
O8911717304,121.4041621,31.2320064,,normal
O8941505954,121.4714212,31.2425866,,normal
O8941505955,121.4715638,31.2426033,,normal
O8941505958,121.4712793,31.2423302,,normal
O8941505961,121.4714858,31.2420504,,normal
O8941505962,121.4716356,31.2420639,,normal
O8941505965,121.4717989,31.2423969,,normal
O8941505972,121.4720958,31.2380771,,normal
O8941505973,121.4721213,31.2382176,,normal
O8941505974,121.4714285,31.2375195,,normal
O8941505975,121.4700402,31.2374173,,normal
O8941505976,121.4698859,31.2375906,,normal
O8941505977,121.4696552,31.2380763,,normal
O8941505982,121.4689643,31.238301,,normal
O8941505983,121.4690473,31.2385066,,normal
O8941505984,121.4674247,31.2395279,,normal
O8941505985,121.4672433,31.2372239,,normal
O8941505986,121.4673543,31.2372763,,normal
O8941505987,121.4686631,31.2344056,,normal
O8941505988,121.4686887,31.2343953,,normal
O8941505989,121.4687864,31.2342117,,normal
O8941505990,121.4687795,31.2341909,,normal
O8941505991,121.4692185,31.2346965,,normal
O8941505992,121.4697774,31.2349187,,normal
O8941505993,121.4695862,31.2352921,,normal
O8941505994,121.4694298,31.2355322,,normal
O8941505995,121.4688936,31.2353363,,normal
O8941646064,121.4781842,31.2500051,,normal
O8941646065,121.4781585,31.2500621,,normal
O8941646066,121.4781183,31.2501604,,normal
O8941646067,121.4781111,31.25018,,normal
O8941646068,121.4779862,31.2505236,,normal
O8941646071,121.4793081,31.2503863,,normal
O8941646074,121.4521095,31.2373376,,normal
O8941646075,121.4520074,31.237294,,normal
O8941660834,121.4555607,31.2515415,,normal
O8941660835,121.4555999,31.2515021,,normal
O8947636723,121.4103269,31.2286266,,normal
O8947636728,121.4119769,31.2135824,,normal
O8947636732,121.4109165,31.2167502,,normal
O8947636733,121.4110172,31.2167114,,normal
O8947636737,121.4122275,31.2136536,,normal
O8947636742,121.4115279,31.2145539,,normal
O8947636743,121.4174848,31.2404686,,normal
O8947636744,121.4232563,31.2437083,,normal
O8947636745,121.4198939,31.2414642,,normal
O8947636746,121.4197404,31.2412492,,normal
O8947636747,121.4188041,31.2422561,,normal
O8947636748,121.4190841,31.2420541,,normal
O8947636751,121.427136,31.2458185,,normal
O8947636752,121.4274643,31.2457941,,normal
O8947636753,121.4287827,31.2463889,,normal
O8947636754,121.4259217,31.245184,,normal
O8955286863,121.4667303,31.204987,,normal
O8955354771,121.4222288,31.2392486,,normal
O8955354772,121.444633,31.220548,,normal
O8955354773,121.4667115,31.2235809,,normal
O8955354774,121.4692451,31.2241634,,normal
O8955354775,121.4694506,31.2242476,,normal
O8955369205,121.4154987,31.2393186,,normal
O8958577805,121.4711862,31.2124131,,normal
O8958577806,121.4711937,31.2165063,,normal
O8958577807,121.4734912,31.2223587,,normal
O8959211561,121.4131135,31.2065196,,normal
O8959211585,121.4165438,31.2034847,,normal
O8959211588,121.4164132,31.206208,,normal
O8959211589,121.4164902,31.2057553,,normal
O8959211590,121.4164436,31.2060324,,normal
O8959211591,121.4153134,31.2068162,,normal
O8959211595,121.4151153,31.202965,,normal
O8959211596,121.4139688,31.2062577,,normal
O8983194997,121.4725513,31.2133401,,normal
O8983194998,121.4717986,31.2132044,,normal
O8983194999,121.4714362,31.2126579,,normal
O8983195000,121.4714963,31.2124604,,normal
O8983195001,121.4719746,31.2125204,,normal
O8983195002,121.471991,31.2124522,,normal
O8983195003,121.4712958,31.2129222,,normal
O8983195004,121.4718427,31.2130333,,normal
O8983195005,121.4719176,31.2127565,,normal
O8983195006,121.4726342,31.2128889,,normal
O8983195007,121.4719495,31.2121288,,normal
O8983195008,121.4727865,31.2123159,,normal
O8983195009,121.4726168,31.2129543,,normal
O8983195010,121.4739209,31.2132128,,normal
O8983232428,121.4708533,31.2123278,,normal
O8992134562,121.4416686,31.2195795,,normal
O8992134563,121.4417278,31.2193122,,normal
O8992730609,121.4071493,31.2306868,,normal
O9024721894,121.4729489,31.2088518,,normal
O9024721895,121.4731262,31.2089016,,normal
O9024721898,121.4736454,31.2078369,,normal
O9024721900,121.4748592,31.2037402,,normal
O9024721903,121.4734822,31.2070925,,normal
O9024721905,121.4722644,31.2101822,,normal
O9024721906,121.4725229,31.2101022,,normal
O9024721912,121.473,31.2096642,,normal
O9024721917,121.4712081,31.2122009,,normal
O9024721934,121.4710474,31.2169316,,normal
O9035330867,121.4129715,31.2317373,,normal
O9045249120,121.4030923,31.2406953,,normal
O9045249121,121.4060522,31.2396348,,normal
O9083990448,121.480482,31.2502401,,normal
O9083990452,121.4838087,31.2490501,,normal
O9108195683,121.4382146,31.2178392,,normal
O9108195684,121.438882,31.2179996,,normal
O9108195685,121.4440388,31.2206279,,normal
O9108225257,121.4179889,31.237606,,normal
O9108226036,121.4112386,31.2462805,,normal
O9108226040,121.4212619,31.2403413,,normal
O9108228217,121.4114773,31.2461589,,normal
O9108228218,121.411488,31.2463906,,normal
O9108228219,121.4113634,31.2495422,,normal
O9108228220,121.411278,31.2514765,,normal
O9108228221,121.411278,31.2516555,,normal
O9108228222,121.4111031,31.2456083,,normal
O9108228223,121.4107505,31.2457483,,normal
O9108228224,121.4095303,31.2456477,,normal
O9121595871,121.4163815,31.2196723,,normal
O9121595872,121.4163641,31.2197021,,normal
O9121595873,121.4163306,31.2197778,,normal
O9121602907,121.4184498,31.2184623,,normal
O9121602908,121.419106,31.2187603,,normal
O9121602910,121.4166228,31.219874,,normal
O9121602911,121.4166443,31.2196859,,normal
O9121602912,121.416899,31.2199002,,normal
O9121602913,121.4168816,31.2198407,,normal
O9121602914,121.4168774,31.219796,,normal
O9121602915,121.416864,31.2197134,,normal
O9121602916,121.4168494,31.2196996,,normal
O9121929024,121.4430247,31.2319808,,normal
O9122030070,121.4227769,31.2188953,,normal
O9122036846,121.4594796,31.2461265,,normal
O9122036849,121.4554026,31.2458714,,normal
O9122036852,121.4409996,31.2430619,,normal
O9122036853,121.436313,31.239229,,normal
O9122036854,121.4367465,31.239452,,normal
O9122080035,121.4773496,31.2497858,,normal
O9122080036,121.4746706,31.2489708,,normal
O9122080038,121.4677792,31.2448679,,normal
O9122080040,121.469789,31.246119,,normal
O9122080042,121.4579188,31.2459204,,normal
O9122082332,121.4316334,31.236269,,normal
O9122082333,121.4312882,31.2360511,,normal
O9122082335,121.4291632,31.2325752,,normal
O9122082336,121.4275393,31.2284122,,normal
O9122082337,121.427771,31.2278419,,normal
O9122082339,121.4277318,31.2306623,,normal
O9122082340,121.4270432,31.2234539,,normal
O9122082341,121.4264075,31.2227042,,normal
O9127038013,121.4789865,31.239277,,normal
O9127157465,121.482282,31.2447363,,normal
O9127157466,121.4818704,31.2461236,,normal
O9127157468,121.481619,31.2468487,,normal
O9127191288,121.4817559,31.2399857,,normal
O9127191289,121.4796067,31.2434944,,normal
O9127191291,121.4830341,31.2440138,,normal
O9127191400,121.4794484,31.2381949,,normal
O9127249779,121.4766466,31.2389027,,normal
O9127249781,121.4763297,31.2426818,,normal
O9148426414,121.4502773,31.2435779,,normal
O9148426415,121.4504915,31.2437542,,normal
O9148426416,121.4512451,31.2438342,,normal
O9148433617,121.4516732,31.2439528,,normal
O9148433618,121.4517536,31.2440489,,normal
O9148433619,121.4536188,31.2439433,,normal
O9148433620,121.4531467,31.2434831,,normal
O9148495216,121.4757229,31.2445788,,normal
O9148503120,121.4745379,31.2445659,,normal
O9148503121,121.4742184,31.2443717,,normal
O9148503122,121.4736422,31.2440429,,normal
O9148503123,121.4730913,31.2438218,,normal
O9148503124,121.4725696,31.2436058,,normal
O9148503125,121.4727482,31.2437977,,normal
O9148503126,121.472842,31.2430695,,normal
O9215272783,121.4116818,31.2384009,,normal
O9268761642,121.4616148,31.2431898,,normal
O9268761643,121.4618658,31.2431964,,normal
O9268761644,121.4618881,31.2431059,,normal
O9268761645,121.4622012,31.2430988,,normal
O9268761646,121.4626173,31.2430676,,normal
O9268761647,121.4630376,31.2430172,,normal
O9268761648,121.4640293,31.2427696,,normal
O9268761649,121.4650704,31.2425099,,normal
O9268761650,121.4657419,31.2423243,,normal
O9268761651,121.4667008,31.2420881,,normal
O9268761652,121.4679888,31.2418429,,normal
O9268761653,121.4684678,31.2418492,,normal
O9268761654,121.4625843,31.2430701,,normal
O9268761655,121.4684219,31.2419838,,normal
O9268761656,121.4706883,31.2422656,,normal
O9268761657,121.4676601,31.2419819,,normal
O9268761659,121.4674131,31.2420128,,normal
O9268807305,121.4684439,31.2419199,,normal
O9268807306,121.4699981,31.2421889,,normal
O9268807307,121.4692734,31.2420023,,normal
O9268807308,121.4700178,31.2420979,,normal
O9268807309,121.4714641,31.2422475,,normal
O9268807310,121.47129,31.2422295,,normal
O9268807311,121.4720009,31.2423096,,normal
O9268807312,121.4730009,31.2424447,,normal
O9268807313,121.4740036,31.2426508,,normal
O9268807314,121.4748192,31.242784,,normal
O9268807315,121.4716088,31.2422643,,normal
O9268807316,121.4718236,31.2422892,,normal
O9268808017,121.4725223,31.2423752,,normal
O9268808018,121.4746241,31.2427522,,normal
O9268808019,121.4761958,31.2431731,,normal
O9268808020,121.4767011,31.2432417,,normal
O9268808021,121.4771075,31.2431994,,normal
O9268808022,121.4781956,31.2433042,,normal
O9268808023,121.4793532,31.2434111,,normal
O9268808024,121.4800242,31.2434735,,normal
O9268808025,121.4810427,31.2435648,,normal
O9268808026,121.4819596,31.2436553,,normal
O9268808027,121.4821889,31.2437055,,normal
O9268808028,121.4785452,31.2433365,,normal
O9268808029,121.480262,31.2434949,,normal
O9268808030,121.4822537,31.2437243,,normal
O9268808031,121.4822769,31.2437398,,normal
O9269522770,121.4479634,31.2104474,,normal
O9269522772,121.4499669,31.2106015,,normal
O9269522773,121.4497844,31.210562,,normal
O9269522774,121.4487941,31.2104905,,normal
O9269522775,121.4484194,31.2104658,,normal
O9291712711,121.4158811,31.240351,,normal
O9291712712,121.4157956,31.240264,,normal
O9291712713,121.4156191,31.2378735,,normal
O9291712714,121.4154728,31.2376998,,normal
O9291712716,121.4138641,31.2372546,,normal
O9291959553,121.4451767,31.2263137,,normal
O9291959554,121.4453915,31.2259591,,normal
O9296331113,121.4670442,31.2443812,,normal
O9296371118,121.4705504,31.2466249,,normal
O9296371119,121.4705495,31.2466179,,normal
O9296371120,121.4705411,31.246619,,normal
O9296371122,121.4721188,31.243509,,normal
O9296371125,121.4600539,31.2416,,normal
O9296371128,121.4603046,31.2414629,,normal
O9296371131,121.4603051,31.2415907,,normal
O9296371134,121.4599491,31.2413449,,normal
O9296381373,121.4575294,31.2409976,,normal
O9296381374,121.4575759,31.241024,,normal
O9296381375,121.4576634,31.2410598,,normal
O9296381376,121.4576888,31.2410703,,normal
O9296381379,121.4577137,31.2412662,,normal
O9296381380,121.4576665,31.2413664,,normal
O9296381383,121.4573048,31.2410142,,normal
O9296381384,121.4572606,31.2411187,,normal
O9296381394,121.459647,31.2420902,,normal
O9296381397,121.4592822,31.2424425,,normal
O9296381402,121.4596913,31.2423192,,normal
O9296381403,121.4596349,31.2423843,,normal
O9296400124,121.4582062,31.2402413,,normal
O9339213751,121.4583273,31.2342528,,normal
O9339213757,121.4571572,31.2348704,,normal
O9339213759,121.4575343,31.2360255,,normal
O9339213789,121.4572357,31.2348977,,normal
O9339213790,121.4577714,31.235575,,normal
O9339213791,121.4587419,31.2345025,,normal
O9366918597,121.4652831,31.2260615,,normal
O9366918599,121.4652543,31.2260035,,normal
O9366918600,121.4651772,31.2259184,,normal
O9366918601,121.4651793,31.2258628,,normal
O9366918602,121.4652462,31.2258157,,normal
O9366918603,121.4653029,31.2258069,,normal
O9366918604,121.4653293,31.2260068,,normal
O9366918605,121.4653638,31.2259615,,normal
O9366918606,121.4654022,31.2259197,,normal
O9366918607,121.4654103,31.2258657,,normal
O9366918608,121.4653819,31.2258223,,normal
O9366918609,121.4656474,31.225886,,normal
O9366918610,121.4660387,31.2259111,,normal
O9366918611,121.4665798,31.2259115,,normal
O9366918612,121.4668109,31.2259128,,normal
O9366918613,121.4640502,31.2257037,,normal
O9366918614,121.4642914,31.2257484,,normal
O9366918615,121.4647942,31.2258255,,normal
O9381975868,121.4856827,31.2347053,,normal
O9381975882,121.4849533,31.2365848,,normal
O9381975886,121.4818196,31.2336341,,normal
O9381975887,121.4819395,31.2336778,,normal
O9381975888,121.4809379,31.2333088,,normal
O9381975889,121.4811447,31.2333877,,normal
O9381975890,121.4810433,31.2331896,,normal
O9381975891,121.479488,31.2327949,,normal
O9381975892,121.4794762,31.23289,,normal
O9381975893,121.4763027,31.2315707,,normal
O9381975894,121.4764305,31.2316206,,normal
O9381975895,121.4764281,31.2313641,,normal
O9381975896,121.4765523,31.2314372,,normal
O9381975897,121.4766248,31.2313259,,normal
O9381975898,121.4765031,31.2312549,,normal
O9382225254,121.4224221,31.2393808,,normal
O9412183917,121.411753,31.2058752,,normal
O9412183919,121.411902,31.2059953,,normal
O9412183920,121.412079,31.206138,,normal
O9412183921,121.4121791,31.2062186,,normal
O9412183923,121.4121553,31.206418,,normal
O9412183924,121.4120575,31.2063291,,normal
O9412183925,121.4120502,31.2064047,,normal
O9412183927,121.4118822,31.2061699,,normal
O9412183928,121.4118731,31.2062922,,normal
O9412183929,121.4117212,31.2061958,,normal
O9473058432,121.4099601,31.2059718,,normal
O9473058433,121.4090885,31.2079058,,normal
O9503866675,121.4342947,31.2141072,,normal
O9503881547,121.4351169,31.2131247,,normal
O9503881548,121.4351328,31.2131505,,normal
O9503881549,121.4353132,31.21308,,normal
O9503881550,121.4353015,31.2130536,,normal
O9503881551,121.4351576,31.2131704,,normal
O9503881552,121.4351888,31.2131821,,normal
O9503881553,121.4352227,31.2131842,,normal
O9503881554,121.4352557,31.2131768,,normal
O9503881555,121.4352838,31.2131604,,normal
O9503881556,121.4353042,31.2131369,,normal
O9503881557,121.4353143,31.2131091,,normal
O9503881558,121.4352805,31.2130318,,normal
O9503881559,121.4352525,31.2130168,,normal
O9503881560,121.4352203,31.2130105,,normal
O9503881561,121.4351875,31.2130132,,normal
O9503881562,121.4351573,31.2130248,,normal
O9503881563,121.4351331,31.2130441,,normal
O9503881564,121.4351174,31.213069,,normal
O9503881565,121.4351118,31.2130968,,normal
O9503881566,121.4353386,31.2133163,,normal
O9503881567,121.4353025,31.2132872,,normal
O9503881568,121.435235,31.2132327,,normal
O9503881569,121.4350721,31.2135053,,normal
O9503881570,121.43504,31.2135214,,normal
O9503881571,121.4349803,31.2135186,,normal
O9503881572,121.4344029,31.2132037,,normal
O9503881573,121.4343191,31.2131453,,normal
O9503881574,121.4343179,31.2130762,,normal
O9503881575,121.4344087,31.2125006,,normal
O9503881576,121.4343976,31.2124409,,normal
O9503881577,121.434551,31.2122619,,normal
O9503881578,121.4353279,31.2126251,,normal
O9503881579,121.4353727,31.2127024,,normal
O9503881580,121.4353539,31.2127918,,normal
O9503881581,121.4345134,31.2126918,,normal
O9509782640,121.4772623,31.232702,,normal
O9509790227,121.4360457,31.2523917,,normal
O9509804200,121.4412127,31.2535902,,normal
O9509810452,121.4377512,31.2485143,,normal
O9579722538,121.4342197,31.214152,,normal
O9579722539,121.4340702,31.2140423,,normal
O9579722540,121.4342076,31.2138885,,normal
O9579722541,121.4344171,31.214034,,normal
O9609914352,121.4266022,31.2555454,,normal
O9609919923,121.423227,31.2556654,,normal
O9609919924,121.4240223,31.2556069,,normal
O9609919925,121.4244755,31.2556277,,normal
O9609919926,121.4246685,31.2557148,,normal
O9609919927,121.4249858,31.255919,,normal
O9609919928,121.4260743,31.256545,,normal
O9609919929,121.4261334,31.2570384,,normal
O9609919930,121.4261431,31.2574893,,normal
O9609919931,121.4231891,31.2555226,,normal
O9609919932,121.4225717,31.2555123,,normal
O9609919937,121.4255556,31.2552591,,normal
O9609919938,121.4254842,31.25618,,normal
O9609919939,121.4258177,31.2557636,,normal
O9609919940,121.425528,31.2561228,,normal
O9609919943,121.4255979,31.2562504,,normal
O9609919944,121.4257928,31.2563709,,normal
O9609919945,121.4254771,31.2564978,,normal
O9609919946,121.4255572,31.2566963,,normal
O9609919947,121.424772,31.2566067,,normal
O9609919948,121.4247278,31.2564254,,normal
O9609919949,121.4250651,31.2562878,,normal
O9609919951,121.4253163,31.2567583,,normal
O9609919952,121.4253066,31.256087,,normal
O9609919957,121.424947,31.256336,,normal
O9609919961,121.4248782,31.2568529,,normal
O9609919969,121.4257152,31.2563229,,normal
O9609919970,121.4255148,31.2564826,,normal
O9609919971,121.4262117,31.2560042,,normal
O9609919972,121.4241134,31.2563979,,normal
O9609919973,121.4245998,31.2561874,,normal
O9609919974,121.4241683,31.2563742,,normal
O9609919975,121.4240882,31.25561,,normal
O9609919976,121.4261211,31.2569497,,normal
O9609919977,121.4239121,31.255615,,normal
O9609919979,121.4225668,31.2548795,,normal
O9609919980,121.4224762,31.2548723,,normal
O9609919981,121.4224789,31.2545789,,normal
O9609919982,121.4240703,31.2545649,,normal
O9609919983,121.4222066,31.2545721,,normal
O9609919984,121.4246367,31.2557004,,normal
O9609919986,121.4246254,31.2561074,,normal
O9609919987,121.4245008,31.255916,,normal
O9609919988,121.4245612,31.2559992,,normal
O9609919989,121.4249058,31.2559375,,normal
O9609919990,121.4249544,31.2558988,,normal
O9609919993,121.4225722,31.2555777,,normal
O9609919994,121.4219584,31.2555783,,normal
O9609919997,121.4238635,31.2545671,,normal
O9609920000,121.427308,31.2558702,,normal
O9609920001,121.4279481,31.2548477,,normal
O9609920002,121.4260993,31.2577563,,normal
O9609920003,121.4258999,31.257869,,normal
O9609920004,121.4233719,31.2580625,,normal
O9609920008,121.4248903,31.2570742,,normal
O9609920009,121.4248931,31.2571419,,normal
O9609920013,121.4237421,31.256851,,normal
O9609920014,121.4240197,31.2568195,,normal
O9609920015,121.4240683,31.2568945,,normal
O9609920016,121.4241696,31.2568856,,normal
O9610369180,121.4259144,31.2567629,,normal
O9610369183,121.4255056,31.2567095,,normal
O9610369184,121.4256549,31.2568624,,normal
O9611712088,121.4186636,31.2570161,,normal
O9611712089,121.42262,31.2556186,,normal
O9611712090,121.4192794,31.2570946,,normal
O9611712091,121.4184524,31.2554713,,normal
O9611712093,121.4226487,31.2560405,,normal
O9611712096,121.41944,31.2567297,,normal
O9611712101,121.4202731,31.2558736,,normal
O9611712104,121.420694,31.2576359,,normal
O9611712106,121.4200068,31.2567239,,normal
O9612036202,121.4344244,31.212375,,normal
O9612036203,121.4346126,31.2122692,,normal
O9612036204,121.4344866,31.2122854,,normal
O9612036205,121.4344433,31.2123479,,normal
O9612036206,121.4340225,31.2121839,,normal
O9612036207,121.4341386,31.2122291,,normal
O9612036208,121.4354295,31.2128003,,normal
O9612036211,121.4341124,31.2132167,,normal
O9620080862,121.4256593,31.2570775,,normal
O9620438358,121.4261124,31.2568255,,normal
O9623149690,121.4252853,31.2555517,,normal
O9623149692,121.4262829,31.2557122,,normal
O9623149693,121.4254426,31.2551875,,normal
O9623149694,121.425651,31.2549581,,normal
O9623149695,121.4246865,31.254703,,normal
O9623153782,121.4246812,31.2563388,,normal
O9623153785,121.4244001,31.2562738,,normal
O9623153787,121.4242248,31.2563497,,normal
O9623193661,121.4261129,31.2563935,,normal
O9623193664,121.4258843,31.2564275,,normal
O9630984931,121.4692859,31.2374062,,normal
O9630984932,121.46777,31.2368513,,normal
O9630984933,121.4690485,31.2373194,,normal
O9630984934,121.4689839,31.2374355,,normal
O9630984935,121.4677045,31.2369881,,normal
O9630984936,121.4679266,31.2365472,,normal
O9630984937,121.4684995,31.2367678,,normal
O9630984938,121.4683531,31.2372149,,normal
O9630984939,121.4684178,31.2370884,,normal
O9630984940,121.4678423,31.2367109,,normal
O9630984941,121.4691173,31.2371814,,normal
O9630984942,121.4691972,31.2370266,,normal
O9630984943,121.4684888,31.2369495,,normal
O9630984944,121.4681837,31.2366462,,normal
O9630984945,121.468334,31.2363535,,normal
O9630984946,121.4693437,31.2367315,,normal
O9630984947,121.4682544,31.2365086,,normal
O9630984948,121.4692641,31.2368916,,normal
O9630984949,121.4694966,31.2369845,,normal
O9630984952,121.4695804,31.2368169,,normal
O9630984956,121.4677924,31.2364924,,normal
O9631193792,121.4251697,31.2571196,,normal
O9681334206,121.435584,31.2129732,,normal
O9681334214,121.4355138,31.2129496,,normal
O9681334215,121.4356726,31.2130039,,normal
O9681334216,121.4357805,31.2127961,,normal
O9681338235,121.4339689,31.2183164,,normal
O9681338236,121.4339602,31.2181002,,normal
O9681338237,121.4339926,31.2179463,,normal
O9681338238,121.4343325,31.21713,,normal
O9681338239,121.4344236,31.2171024,,normal
O9681338241,121.4350852,31.21732,,normal
O9681338262,121.4347325,31.2180281,,normal
O9681338263,121.4346917,31.218107,,normal
O9681345817,121.4358302,31.2127836,,normal
O9681345818,121.4373818,31.2135454,,normal
O9681345819,121.4358104,31.2139239,,normal
O9681345820,121.436049,31.2135134,,normal
O9681345821,121.4360227,31.2134635,,normal
O9681345822,121.4356959,31.2133314,,normal
O9681345823,121.4356347,31.2132965,,normal
O9681345824,121.4355939,31.2132565,,normal
O9681345825,121.4355734,31.2132015,,normal
O9681345826,121.4355909,31.2131465,,normal
O9681345827,121.435829,31.2138911,,normal
O9681349081,121.4341926,31.2174849,,normal
O9681349082,121.4342454,31.2174791,,normal
O9681349083,121.434275,31.217425,,normal
O9693471709,121.4267514,31.2531598,,normal
O9693471710,121.4261162,31.2539565,,normal
O9693471715,121.4276242,31.2564687,,normal
O9693471716,121.4272421,31.2565226,,normal
O9693475717,121.4272316,31.256359,,normal
O9693475726,121.427596,31.2564726,,normal
O9693475727,121.4264334,31.2557288,,normal
O9693475728,121.4272638,31.2561244,,normal
O9693475729,121.4254136,31.2554047,,normal
O9693475730,121.4255015,31.2552251,,normal
O9704400497,121.4114947,31.2574008,,normal
O9704400498,121.4116846,31.257451,,normal
O9704400499,121.4119446,31.2573798,,normal
O9704400500,121.4118511,31.2596186,,normal
O9722142315,121.4396923,31.2181398,,normal
O9722142316,121.4399361,31.217831,,normal
O9722149117,121.4400544,31.2176661,,normal
O9722149118,121.438702,31.2202147,,normal
O9722149119,121.4388411,31.2200596,,normal
O9722149120,121.4386913,31.2203661,,normal
O9722149121,121.4391143,31.2205719,,normal
O9722149122,121.4392695,31.2206634,,normal
O9722149123,121.4380701,31.2200596,,normal
O9722149128,121.4304146,31.214553,,normal
O9722149129,121.4304949,31.2143603,,normal
O9722149130,121.4307734,31.2134285,,normal
O9722149131,121.4307466,31.2133047,,normal
O9722149132,121.4307412,31.2132966,,normal
O9722149140,121.4223395,31.2113257,,normal
O9722149141,121.4221681,31.2122706,,normal
O9722149142,121.4220343,31.2129235,,normal
O9722149144,121.4095902,31.211254,,normal
O9722149147,121.4097025,31.212205,,normal
O9722149148,121.4097722,31.2126973,,normal
O9726991350,121.481301,31.2161744,,normal
O9730268478,121.4702299,31.2041849,,normal
O9768621604,121.4810202,31.2138362,,normal
O9768681081,121.4378893,31.2039672,,normal
O9768708982,121.439544,31.2144618,,normal
O9768708983,121.4393632,31.2144184,,normal
O9768711345,121.4353304,31.2111263,,normal
O9768711346,121.4353575,31.2111297,,normal
O9771025714,121.4312666,31.2132265,,normal
O9772828275,121.4380652,31.2369929,,normal
O9772938378,121.4585192,31.2292819,,normal
O9775005119,121.4746318,31.2474911,,normal
O9775005120,121.4484995,31.2153744,,normal
O9775005121,121.4491272,31.213679,,normal
O9775005122,121.4488562,31.2142905,,normal
O9775005123,121.4481602,31.2164054,,normal
O9775005124,121.4480151,31.2167962,,normal
O9775005125,121.4478237,31.2171594,,normal
O9775005126,121.4476326,31.2174615,,normal
O9775005127,121.4475473,31.2175769,,normal
O9775024277,121.4472074,31.2179676,,normal
O9775024278,121.4470388,31.2180987,,normal
O9775024279,121.4468488,31.2182023,,normal
O9775024280,121.4467042,31.2183242,,normal
O9775024281,121.4465998,31.218485,,normal
O9775024282,121.4496184,31.2125705,,normal
O9775024283,121.4496558,31.2124369,,normal
O9775061978,121.4465236,31.218344,,normal
O9775061979,121.4472663,31.2177793,,normal
O9775061980,121.447182,31.2178495,,normal
O9775061981,121.4466561,31.2182118,,normal
O9775061982,121.4466052,31.2182693,,normal
O9775061983,121.4473928,31.2176953,,normal
O9775061984,121.4463723,31.2189627,,normal
O9775061985,121.4474696,31.2176826,,normal
O9775061987,121.4486031,31.2150665,,normal
O9775070888,121.4487086,31.2144766,,normal
O9775070889,121.4498432,31.2118216,,normal
O9775070890,121.4498699,31.211211,,normal
O9775070892,121.4495699,31.2088408,,normal
O9775070893,121.4494253,31.2084462,,normal
O9775112273,121.4466993,31.2233796,,normal
O9775112274,121.4459364,31.223,,normal
O9775112275,121.4448577,31.223167,,normal
O9775112277,121.4439985,31.2240795,,normal
O9775208443,121.4715271,31.2428834,,normal
O9775208445,121.4708344,31.2421762,,normal
O9775208447,121.4735908,31.2372525,,normal
O9775208448,121.4737538,31.2367197,,normal
O9775208449,121.4738795,31.2368226,,normal
O9775225830,121.4688978,31.2356263,,normal
O9775225832,121.467903,31.2352525,,normal
O9775225833,121.4571631,31.2309981,,normal
O9775225834,121.4522497,31.229297,,normal
O9775225835,121.4523542,31.2293309,,normal
O9775225836,121.4480032,31.2275858,,normal
O9775225837,121.448402,31.2277617,,normal
O9775228253,121.4715988,31.2381387,,normal
O9775228255,121.4714905,31.2376319,,normal
O9775228256,121.4721763,31.2370474,,normal
O9775228258,121.470989,31.2365112,,normal
O9776197072,121.4704247,31.2037015,,normal
O9776197075,121.4688523,31.2052386,,normal
O9776199195,121.4766076,31.216789,,normal
O9776199196,121.4783989,31.2174233,,normal
O9776199197,121.4796769,31.2178259,,normal
O9776973401,121.4679034,31.209028,,normal
O9776973406,121.4670965,31.2072437,,normal
O9776973407,121.4675594,31.2054921,,normal
O9776973408,121.4675607,31.2053024,,normal
O9776973409,121.4675179,31.205149,,normal
O9778289810,121.4804122,31.2201246,,normal
O9778289811,121.4808373,31.2202882,,normal
O9778289812,121.4784871,31.2169754,,normal
O9778289813,121.4790767,31.2142294,,normal
O9778406212,121.4739783,31.2114078,,normal
O9778457750,121.4621367,31.2055761,,normal
O9778457751,121.4613059,31.2114007,,normal
O9778459419,121.4614178,31.2136037,,normal
O9778459420,121.4640017,31.2145593,,normal
O9778459421,121.4656226,31.2148951,,normal
O9778459424,121.4767614,31.2169388,,normal
O9778528616,121.4776445,31.2579932,,normal
O9778541067,121.4833283,31.2268449,,normal
O9778550783,121.4814388,31.2260697,,normal
O9778550785,121.4804127,31.2253048,,normal
O9778550787,121.4807708,31.2244433,,normal
O9778550789,121.4809179,31.2245324,,normal
O9778574563,121.4775609,31.257658,,normal
O9778574564,121.4769722,31.2554187,,normal
O9778574567,121.4767016,31.2540257,,normal
O9778574568,121.4768667,31.2536958,,normal
O9778574569,121.4770068,31.2532003,,normal
O9778574571,121.4783977,31.2595295,,normal
O9778574572,121.4779357,31.2587333,,normal
O9778579359,121.4771482,31.2529166,,normal
O9778579360,121.4769827,31.2533208,,normal
O9778579361,121.4767949,31.2540588,,normal
O9778579362,121.4768035,31.2543175,,normal
O9778579363,121.4767815,31.2545788,,normal
O9778579364,121.4771214,31.2559342,,normal
O9778579366,121.4774352,31.2571743,,normal
O9778579367,121.4775248,31.2575401,,normal
O9778579368,121.4776325,31.2578707,,normal
O9778597704,121.4718731,31.2277831,,normal
O9778597710,121.4770993,31.2290553,,normal
O9778602873,121.4778162,31.2583147,,normal
O9778602874,121.4779851,31.2587228,,normal
O9778602875,121.4782071,31.2591492,,normal
O9778602876,121.4786879,31.2598474,,normal
O9778612017,121.477196,31.2565144,,normal
O9778612018,121.4767362,31.2545765,,normal
O9778612020,121.4767185,31.2544579,,normal
O9778612022,121.4766935,31.2537981,,normal
O9778612023,121.4767088,31.253532,,normal
O9778612024,121.4769586,31.2529709,,normal
O9778612025,121.4770567,31.2527578,,normal
O9778632882,121.4838413,31.2116431,,normal
O9778633474,121.4825348,31.2194496,,normal
O9778634194,121.4830759,31.2172587,,normal
O9778634197,121.4806712,31.2160767,,normal
O9778634198,121.4815203,31.2126365,,normal
O9778634200,121.483614,31.211467,,normal
O9778637881,121.4782772,31.2513171,,normal
O9778637883,121.471527,31.2417638,,normal
O9778646166,121.4769152,31.255183,,normal
O9778646168,121.4772158,31.2563079,,normal
O9778646170,121.4782966,31.2512307,,normal
O9778646373,121.4793503,31.2272582,,normal
O9778864455,121.4784864,31.2389784,,normal
O9778864459,121.4781847,31.2389022,,normal
O9778864462,121.4790275,31.2391551,,normal
O9778864464,121.4841408,31.2443977,,normal
O9778892323,121.440876,31.2447391,,normal
O9778999113,121.4501424,31.2371154,,normal
O9778999114,121.4509078,31.2374627,,normal
O9778999115,121.4515231,31.2377358,,normal
O9778999116,121.451682,31.2378088,,normal
O9779030812,121.4595605,31.2348155,,normal
O9779030813,121.45963,31.2347878,,normal
O9779030814,121.4639262,31.2382424,,normal
O9779030815,121.4618452,31.2373457,,normal
O9779030816,121.4614413,31.2370161,,normal
O9779030931,121.4619762,31.2373247,,normal
O9779030932,121.4618986,31.2372721,,normal
O9779030933,121.461381,31.2368523,,normal
O9779030936,121.463418,31.2380303,,normal
O9779030939,121.4684328,31.2388419,,normal
O9779030940,121.4695572,31.2384788,,normal
O9779033925,121.4575915,31.2335854,,normal
O9779033926,121.458691,31.2341956,,normal
O9779033927,121.4591752,31.2344469,,normal
O9779033928,121.4577198,31.2337503,,normal
O9779033929,121.4583996,31.2341239,,normal
O9779033930,121.4588226,31.2343558,,normal
O9779033931,121.4592823,31.234628,,normal
O9779033933,121.4611764,31.2368012,,normal
O9779034050,121.4503719,31.2454316,,normal
O9779034051,121.4506178,31.2455404,,normal
O9779034052,121.450855,31.2455713,,normal
O9779034054,121.4513086,31.2453576,,normal
O9779034057,121.4452823,31.2421187,,normal
O9779034059,121.450402,31.2373696,,normal
O9779034686,121.4473382,31.2448293,,normal
O9779034687,121.4460695,31.2445286,,normal
O9779034688,121.4454329,31.2443384,,normal
O9779034689,121.4452932,31.2444313,,normal
O9779034690,121.4455395,31.2444698,,normal
O9779034691,121.4463827,31.2446726,,normal
O9779034692,121.4472847,31.2448844,,normal
O9779034693,121.4476782,31.2449754,,normal
O9779034694,121.4499049,31.2453029,,normal
O9779034695,121.4501177,31.2453565,,normal
O9779036046,121.4488731,31.2383704,,normal
O9779036050,121.4522429,31.2347872,,normal
O9779036052,121.4554487,31.2371026,,normal
O9779036054,121.4582335,31.2340268,,normal
O9779036055,121.4595364,31.2346894,,normal
O9779037828,121.4418426,31.2459196,,normal
O9779037829,121.446404,31.2446037,,normal
O9779037830,121.4506651,31.2452108,,normal
O9779037831,121.4504308,31.2452388,,normal
O9779037832,121.4502341,31.2452576,,normal
O9779037833,121.4499102,31.2452421,,normal
O9779037834,121.4497443,31.2452149,,normal
O9779037835,121.4490511,31.2451152,,normal
O9779037836,121.4480287,31.2449542,,normal
O9779038017,121.4526178,31.2382349,,normal
O9779038018,121.4545431,31.2391926,,normal
O9779038019,121.454578,31.2392038,,normal
O9779038020,121.4478356,31.239632,,normal
O9779038021,121.4477794,31.2396963,,normal
O9779038117,121.4610667,31.2366982,,normal
O9779038118,121.4639209,31.2381553,,normal
O9779038119,121.4632789,31.2379986,,normal
O9779038120,121.462958,31.2378363,,normal
O9779038121,121.4621746,31.2374279,,normal
O9779339505,121.4262785,31.2188724,,normal
O9779339506,121.4269035,31.2188301,,normal
O9779339509,121.4216904,31.219382,,normal
O9779339510,121.4217036,31.2191955,,normal
O9779339511,121.4217062,31.2189247,,normal
O9779339512,121.421603,31.2189385,,normal
O9779339514,121.4232515,31.222445,,normal
O9779349796,121.4168505,31.2181161,,normal
O9779349798,121.4189688,31.2237855,,normal
O9779349799,121.4189339,31.2237431,,normal
O9779349800,121.4188682,31.2236881,,normal
O9779349801,121.4187436,31.2236227,,normal
O9779353878,121.4717887,31.2331182,,normal
O9779353879,121.4717969,31.2331473,,normal
O9779355266,121.4662411,31.230853,,normal
O9779355269,121.4631538,31.2309413,,normal
O9779355270,121.4534491,31.2269811,,normal
O9779355271,121.442178,31.2236533,,normal
O9779355272,121.4406411,31.2225025,,normal
O9779355274,121.4354407,31.220659,,normal
O9779355275,121.4325266,31.21987,,normal
O9802922806,121.445776,31.2254551,,normal
O9802922807,121.4457121,31.2254346,,normal
O9802922809,121.4458161,31.2253853,,normal
O9802922810,121.4455432,31.2258599,,normal
O9802928882,121.4456573,31.2254066,,normal
O9802928884,121.4458434,31.2254797,,normal
O9804104546,121.4625157,31.2268995,,normal
O9804104550,121.4708866,31.2276571,,normal
O9804104551,121.4704909,31.2276718,,normal
O9804104552,121.4725737,31.2255163,,normal
O9804104554,121.4755576,31.2247329,,normal
O9804159548,121.4510441,31.2352483,,normal
O9804159551,121.4514631,31.2341632,,normal
O9804159552,121.4555765,31.2296936,,normal
O9804159555,121.4562426,31.2287836,,normal
O9804159557,121.4624566,31.2284369,,normal
O9804168252,121.4764373,31.2251046,,normal
O9804168254,121.4845125,31.2149919,,normal
O9804252402,121.447016,31.2336281,,normal
O9804252404,121.4413017,31.2295194,,normal
O9804252405,121.444671,31.2307512,,normal
O9804252407,121.4480731,31.2322184,,normal
O9804298440,121.4336572,31.2305168,,normal
O9804298441,121.4338347,31.2305831,,normal
O9804298442,121.4343486,31.2308355,,normal
O9804298444,121.4327284,31.2300428,,normal
O9804298446,121.4316326,31.2272447,,normal
O9804302532,121.4337587,31.2261911,,normal
O9804302535,121.4381621,31.2280144,,normal
O9804302536,121.4353287,31.2264303,,normal
O9804302537,121.4409659,31.2311608,,normal
O9804302539,121.4435307,31.2323155,,normal
O9804361017,121.441612,31.2409446,,normal
O9804361019,121.4375397,31.2463677,,normal
O9804361021,121.4360693,31.2425822,,normal
O9804361023,121.4338466,31.2443927,,normal
O9805222692,121.4506583,31.2300361,,normal
O9805222696,121.4478015,31.2334948,,normal
O9805222698,121.4439852,31.2408121,,normal
O9805222700,121.443588,31.2382239,,normal
O9805248931,121.440435,31.244016,,normal
O9805249276,121.4809154,31.2183259,,normal
O9805249278,121.4814574,31.2184371,,normal
O9805249280,121.4800989,31.2134988,,normal
O9805249281,121.4649058,31.2153581,,normal
O9805249283,121.4633431,31.2070147,,normal
O9805270347,121.4593636,31.2160891,,normal
O9805270349,121.4588902,31.2171619,,normal
O9805270351,121.4632134,31.2223568,,normal
O9805270352,121.4568962,31.2232337,,normal
O9805270353,121.4546398,31.2281211,,normal
O9805270355,121.4503268,31.234254,,normal
O9806174827,121.4579221,31.2162823,,normal
O9806174828,121.45824,31.2164091,,normal
O9806174831,121.4513106,31.2170589,,normal
O9806174834,121.4535216,31.2182142,,normal
O9806174835,121.4484051,31.210995,,normal
O9806207970,121.4462472,31.2092725,,normal
O9806207972,121.4465425,31.2094703,,normal
O9806207973,121.4429386,31.2071816,,normal
O9806207974,121.4414804,31.2062154,,normal
O9808097985,121.4713398,31.2114429,,normal
O9808097987,121.4726833,31.2093108,,normal
O9808097988,121.4725711,31.2096048,,normal
O9808097989,121.4724681,31.209783,,normal
O9808097990,121.4719368,31.2106712,,normal
O9808097991,121.4713786,31.2115485,,normal
O9808097992,121.4709989,31.2121346,,normal
O9808097994,121.470749,31.2130854,,normal
O9808097995,121.4709201,31.2127166,,normal
O9808097996,121.4712116,31.2122133,,normal
O9808097997,121.4721667,31.2107774,,normal
O9808097998,121.4726085,31.2100558,,normal
O9808097999,121.4728358,31.2097109,,normal
O9808098000,121.4730977,31.2091324,,normal
O9808098001,121.4744062,31.2045725,,normal
O9808125071,121.4667501,31.2312181,,normal
O9808125072,121.46681,31.2313381,,normal
O9808125074,121.4663623,31.233329,,normal
O9808125075,121.466222,31.2341169,,normal
O9808125076,121.4662928,31.2337065,,normal
O9808125077,121.4664344,31.2329323,,normal
O9808125078,121.4665816,31.2320171,,normal
O9808125079,121.46671,31.2314715,,normal
O9808125080,121.4663223,31.2340633,,normal
O9808129462,121.4747256,31.2040495,,normal
O9808129463,121.4740437,31.2056013,,normal
O9808129464,121.4740949,31.2057787,,normal
O9808129465,121.4742605,31.2053132,,normal
O9808129466,121.4739303,31.2062413,,normal
O9808129467,121.4739161,31.2062699,,normal
O9808129468,121.4735267,31.2072235,,normal
O9808129469,121.4731819,31.2092418,,normal
O9808129470,121.4736764,31.2076408,,normal
O9808129471,121.4741538,31.2062995,,normal
O9808129472,121.474158,31.2062903,,normal
O9808129473,121.4738369,31.2075325,,normal
O9808133558,121.4667582,31.2335689,,normal
O9808133560,121.4668397,31.2326452,,normal
O9808133561,121.4669321,31.232695,,normal
O9808133562,121.4671483,31.231638,,normal
O9808133563,121.4670562,31.2315213,,normal
O9808133564,121.4673113,31.2285816,,normal
O9808133565,121.4672579,31.2289443,,normal
O9808133567,121.4679503,31.2261202,,normal
O9808151123,121.4741777,31.2062371,,normal
O9808151124,121.4742485,31.2060567,,normal
O9808151125,121.4747498,31.2050215,,normal
O9808151126,121.4747311,31.2051084,,normal
O9808151127,121.4746971,31.2049064,,normal
O9808151128,121.4747682,31.2049241,,normal
O9808151129,121.4747348,31.2047989,,normal
O9808151130,121.4745881,31.2052204,,normal
O9808151131,121.4748607,31.2044796,,normal
O9808151132,121.4250539,31.2405703,,normal
O9808152382,121.4250378,31.2404945,,normal
O9808152568,121.4707572,31.22297,,normal
O9808152569,121.4709825,31.2229413,,normal
O9808152570,121.4709986,31.2226819,,normal
O9808152571,121.4715919,31.21897,,normal
O9808152572,121.4715758,31.2188642,,normal
O9808152573,121.4710674,31.2174309,,normal
O9808152574,121.471185,31.2175207,,normal
O9808152575,121.4713391,31.2179996,,normal
O9808152577,121.4709954,31.2169311,,normal
O9808153128,121.425496,31.2408337,,normal
O9808153129,121.4257988,31.2410216,,normal
O9808153130,121.4261636,31.2413506,,normal
O9808153131,121.4267795,31.2417182,,normal
O9808153132,121.4269805,31.2418167,,normal
O9808153133,121.4272484,31.2419335,,normal
O9808153134,121.4275726,31.2420571,,normal
O9808153135,121.4279183,31.2421554,,normal
O9808153136,121.4281862,31.2422193,,normal
O9808153137,121.4292892,31.2424749,,normal
O9808163706,121.4549266,31.232999,,normal
O9808163707,121.4244696,31.2401945,,normal
O9808163709,121.423655,31.2397179,,normal
O9808383097,121.478676,31.2366905,,normal
O9808383098,121.4779568,31.2363987,,normal
O9808383100,121.4839104,31.2383942,,normal
O9808581981,121.443484,31.2189515,,normal
O9809131546,121.428562,31.2504412,,normal
O9809131547,121.4294382,31.2525507,,normal
O9809131550,121.4286237,31.252056,,normal
O9809143010,121.4468833,31.2158362,,normal
O9809143011,121.4441807,31.2266882,,normal
O9809143012,121.4414613,31.2325597,,normal
O9809143013,121.4399915,31.2349798,,normal
O9809143015,121.4387574,31.2364412,,normal
O9809144879,121.4254966,31.2477644,,normal
O9809144881,121.4248134,31.2487881,,normal
O9809144883,121.4257032,31.2506639,,normal
O9809144885,121.4261105,31.2508104,,normal
O9809145318,121.4251373,31.2447365,,normal
O9811782178,121.4551342,31.2512262,,normal
O9811782179,121.4552172,31.2511275,,normal
O9811782183,121.4556248,31.2473655,,normal
O9811801912,121.4612515,31.2328844,,normal
O9811801913,121.4607107,31.2342439,,normal
O9811801915,121.4613955,31.2330354,,normal
O9811801916,121.461382,31.2331319,,normal
O9811804346,121.4533948,31.2488348,,normal
O9811804347,121.4534509,31.2487659,,normal
O9811804348,121.4535793,31.248683,,normal
O9811804349,121.4537158,31.24863,,normal
O9811809962,121.4506499,31.2569447,,normal
O9811809963,121.4586871,31.2500808,,normal
O9811809964,121.4587378,31.2501978,,normal
O9811809965,121.458061,31.2504617,,normal
O9811809966,121.4580236,31.2503369,,normal
O9811815207,121.4658882,31.2117849,,normal
O9811815208,121.4654977,31.2128915,,normal
O9811815209,121.4656063,31.212786,,normal
O9811815210,121.4660609,31.2111716,,normal
O9811831207,121.4532367,31.2469104,,normal
O9811831208,121.4528518,31.2475569,,normal
O9811831209,121.4529237,31.2474112,,normal
O9811831210,121.4535801,31.24637,,normal
O9811831211,121.453713,31.2462098,,normal
O9811831212,121.4536291,31.2460202,,normal
O9811832740,121.4559994,31.2476836,,normal
O9811832741,121.4560984,31.2477029,,normal
O9811832742,121.456164,31.2477039,,normal
O9811834795,121.4606382,31.2348106,,normal
O9811834796,121.4612937,31.2330461,,normal
O9811834797,121.4601706,31.2356015,,normal
O9811834798,121.4605989,31.2347004,,normal
O9811838144,121.4567289,31.2526566,,normal
O9811839079,121.457593,31.2509137,,normal
O9811839080,121.458128,31.2514746,,normal
O9811839084,121.4573598,31.2505388,,normal
O9811839085,121.4574773,31.2506245,,normal
O9811839086,121.4579247,31.2513351,,normal
O9811840160,121.4536516,31.2483227,,normal
O9811840162,121.4537827,31.2482674,,normal
O9811840163,121.4538581,31.2484036,,normal
O9811840164,121.4535563,31.247847,,normal
O9811840165,121.4534301,31.247891,,normal
O9811840166,121.4537207,31.2484577,,normal
O9811840167,121.452822,31.2470236,,normal
O9811841054,121.4528297,31.2493202,,normal
O9811841055,121.452972,31.2493082,,normal
O9811841056,121.4530416,31.2493035,,normal
O9811841057,121.4532905,31.2491355,,normal
O9811841058,121.4533681,31.2490069,,normal
O9811845920,121.4574432,31.2509851,,normal
O9811845923,121.4554983,31.2470934,,normal
O9811845924,121.4557519,31.2476348,,normal
O9811845925,121.4558499,31.2476952,,normal
O9811845926,121.4558897,31.2477034,,normal
O9811845927,121.4559927,31.2477077,,normal
O9811845928,121.4556058,31.247029,,normal
O9811845929,121.4557371,31.2473056,,normal
O9811845930,121.4559205,31.2476276,,normal
O9811846417,121.4612243,31.2334282,,normal
O9811846418,121.4611253,31.233651,,normal
O9811846419,121.4602258,31.2356822,,normal
O9811846420,121.460676,31.2347304,,normal
O9811846421,121.4607678,31.2347652,,normal
O9812010101,121.4579557,31.2083443,,normal
O9812010102,121.4552132,31.2056785,,normal
O9812010104,121.4580626,31.2060627,,normal
O9812010105,121.455708,31.2038597,,normal
O9812010108,121.452283,31.2032698,,normal
O9812022919,121.4792139,31.225161,,normal
O9812022920,121.4798828,31.2254328,,normal
O9812022922,121.4756897,31.2237225,,normal
O9812022923,121.4773388,31.2243962,,normal
O9812022925,121.4697148,31.2212372,,normal
O9812022928,121.4672451,31.2202083,,normal
O9812024238,121.4786002,31.2255829,,normal
O9812043018,121.4552541,31.2151432,,normal
O9812043020,121.4570159,31.2144193,,normal
O9812043022,121.4574594,31.2120334,,normal
O9812043025,121.4541112,31.2096008,,normal
O9816134319,121.4124966,31.2596631,,normal
O9825060898,121.4112829,31.2228584,,normal
O9849380280,121.4258711,31.2100275,,normal
O9849380281,121.4242688,31.2099921,,normal
O9849380282,121.4247018,31.2100799,,normal
O9849380283,121.4250433,31.2100429,,normal
O9849380284,121.4263571,31.2103597,,normal
O9849380285,121.4259676,31.2103074,,normal
O9849380286,121.4252682,31.2102047,,normal
O9849380287,121.424376,31.210008,,normal
O9849380288,121.4239042,31.2085188,,normal
O9849398481,121.4119093,31.2341631,,normal
O9849398482,121.4123371,31.2348571,,normal
O9849398483,121.4124925,31.2349649,,normal
O9849398484,121.4145807,31.2379889,,normal
O9849398487,121.4148225,31.2378736,,normal
O9849398489,121.4257667,31.2256763,,normal
O9849400655,121.4095376,31.2379688,,normal
O9849400657,121.408945,31.2379803,,normal
O9849400658,121.4137653,31.2395417,,normal
O9849400659,121.409854,31.2367894,,normal
O9849400662,121.4101859,31.2357527,,normal
O9849400663,121.4111785,31.2330069,,normal
O9849400664,121.4114373,31.2334738,,normal
O9849402407,121.4363744,31.2163095,,normal
O9849402408,121.4362914,31.2164085,,normal
O9849402409,121.4359458,31.2159857,,normal
O9849402410,121.435839,31.2160827,,normal
O9849402411,121.4349535,31.2152106,,normal
O9849402412,121.4377274,31.2172114,,normal
O9849402413,121.4372105,31.2168885,,normal
O9849402414,121.4365223,31.2164213,,normal
O9849402415,121.435743,31.2158324,,normal
O9849402416,121.4301231,31.2112605,,normal
O9849411464,121.4346984,31.2150168,,normal
O9849411465,121.4346662,31.2151017,,normal
O9849411468,121.4283469,31.210645,,normal
O9849411469,121.4279852,31.2105489,,normal
O9849411470,121.4271358,31.2104464,,normal
O9849411471,121.4274386,31.2103841,,normal
O9849411472,121.4286979,31.210718,,normal
O9849411473,121.4304044,31.2116458,,normal
O9849412117,121.429598,31.2107676,,normal
O9849412118,121.4297274,31.2108772,,normal
O9849412119,121.429183,31.2106446,,normal
O9849412120,121.4287835,31.2104402,,normal
O9849412121,121.4282637,31.2102801,,normal
O9849412122,121.4276581,31.2101655,,normal
O9849412123,121.4281149,31.2102,,normal
O9849412124,121.4282211,31.2102156,,normal
O9849828092,121.4057506,31.2379253,,normal
O9849888403,121.4039127,31.2337103,,normal
O9849888406,121.4039808,31.2335728,,normal
O9849888407,121.4046561,31.2368331,,normal
O9854733751,121.4368378,31.2252156,,normal
O9854733753,121.4320749,31.2309843,,normal
O9854733754,121.4339578,31.2301125,,normal
O9854733759,121.4376553,31.225999,,normal
O9854768349,121.4464124,31.2183408,,normal
O9854768353,121.446279,31.2188912,,normal
O9854768354,121.4356874,31.2250209,,normal
O9854768356,121.436515,31.2251346,,normal
O9854775340,121.4513861,31.2135044,,normal
O9854775342,121.4495452,31.2127358,,normal
O9854775343,121.449968,31.2128894,,normal
O9854775347,121.4582336,31.2037671,,normal
O9854898684,121.469327,31.2509367,,normal
O9854898689,121.4715632,31.2282633,,normal
O9854898690,121.4701888,31.2279617,,normal
O9854904490,121.4636388,31.2541047,,normal
O9854904491,121.4636226,31.2526802,,normal
O9854904492,121.4635573,31.2525152,,normal
O9854904493,121.4635369,31.2526483,,normal
O9854904494,121.4635616,31.2535794,,normal
O9854904495,121.4635558,31.2540958,,normal
O9854904496,121.4636056,31.2542814,,normal
O9854904498,121.4662891,31.2525363,,normal
O9855497965,121.4638315,31.2559393,,normal
O9855497966,121.4638394,31.2555609,,normal
O9855497967,121.4638702,31.2551915,,normal
O9855497968,121.4639143,31.2550721,,normal
O9855497969,121.4639304,31.2551982,,normal
O9855497971,121.4639143,31.254978,,normal
O9855498275,121.4637166,31.257761,,normal
O9855498276,121.4634429,31.2578244,,normal
O9855498277,121.4635828,31.2573897,,normal
O9855498278,121.4636149,31.2571602,,normal
O9855498279,121.4636561,31.2560268,,normal
O9855498280,121.4635827,31.2556464,,normal
O9855500637,121.4636356,31.2568006,,normal
O9855500638,121.4636656,31.2555797,,normal
O9855500639,121.4635747,31.2554903,,normal
O9855500640,121.4635934,31.2552885,,normal
O9855500641,121.4638911,31.2567478,,normal
O9855500642,121.4638152,31.2565955,,normal
O9855500643,121.4636752,31.2576257,,normal
O9855500644,121.4637921,31.2571868,,normal
O9855500645,121.4638034,31.2567955,,normal
O9855500646,121.4639117,31.256086,,normal
O9855943373,121.4445744,31.2591002,,normal
O9856086334,121.4472831,31.2574967,,normal
O9856086335,121.447125,31.2575548,,normal
O9856086336,121.4461497,31.2573427,,normal
O9856086337,121.445646,31.2572339,,normal
O9856086338,121.4468495,31.2574149,,normal
O9856094033,121.4489532,31.2578401,,normal
O9856094034,121.4474912,31.2575358,,normal
O9856094035,121.4461616,31.2572808,,normal
O9856094036,121.4489265,31.258143,,normal
O9856105634,121.445417,31.2571797,,normal
O9856105635,121.4456566,31.2571871,,normal
O9856105639,121.4481128,31.2576674,,normal
O9857438738,121.4343231,31.2112511,,normal
O9857438739,121.4361202,31.2111823,,normal
O9857438741,121.4335245,31.2058724,,normal
O9857438742,121.4334736,31.2065243,,normal
O9857442897,121.4422417,31.2169867,,normal
O9857442899,121.4425469,31.2169863,,normal
O9857442901,121.4395882,31.215164,,normal
O9857442902,121.433265,31.2096781,,normal
O9857442903,121.4332033,31.209304,,normal
O9857442904,121.4343177,31.210783,,normal
O9857442905,121.4341088,31.2106685,,normal
O9857442906,121.434449,31.2111798,,normal
O9857828742,121.4553086,31.2238339,,normal
O9857828743,121.4568011,31.2239645,,normal
O9857828744,121.457014,31.2238484,,normal
O9857828747,121.4524747,31.2230752,,normal
O9857831200,121.4575854,31.2259881,,normal
O9857831201,121.4565873,31.223909,,normal
O9857831202,121.45661,31.2238768,,normal
O9857831203,121.4561311,31.2238595,,normal
O9857831204,121.4553204,31.2238004,,normal
O9857839976,121.4485099,31.2062504,,normal
O9857839977,121.451098,31.2090743,,normal
O9863649274,121.4762366,31.2541518,,normal
O9863649277,121.4761991,31.2542794,,normal
O9872568657,121.4488661,31.2403092,,normal
O9872691964,121.4483817,31.239347,,normal
O9873767415,121.399278,31.2178599,,normal
O9873767416,121.3995946,31.2179542,,normal
O9873784962,121.424684,31.2211631,,normal
O9873784965,121.4402223,31.2361534,,normal
O9873784967,121.4401122,31.2361204,,normal
O9873784968,121.4437693,31.2372482,,normal
O9873790617,121.402562,31.2183152,,normal
O9873790619,121.4022347,31.2184207,,normal
O9873790621,121.4128182,31.2173603,,normal
O9873790622,121.4141106,31.2177076,,normal
O9873790623,121.4263216,31.2226221,,normal
O9873790624,121.4253153,31.22182,,normal
O9873790718,121.4444045,31.2374086,,normal
O9879041730,121.4439045,31.2218606,,normal
O9879041732,121.4409367,31.2198367,,normal
O9879041733,121.4417146,31.2205124,,normal
O9879041736,121.4408845,31.2197839,,normal
O9879041737,121.4183213,31.2085981,,normal
O9879041739,121.4209428,31.2088376,,normal
O9879059047,121.4136599,31.2070666,,normal
O9879059048,121.4133589,31.2070463,,normal
O9879059049,121.414797,31.2078422,,normal
O9879059050,121.4148831,31.207707,,normal
O9879059051,121.4146961,31.2078137,,normal
O9879068752,121.4116426,31.2060135,,normal
O9879068753,121.4073187,31.2029017,,normal
O9879068754,121.4089243,31.2040009,,normal
O9879068755,121.4103848,31.2050444,,normal
O9879068756,121.410806,31.2053588,,normal
O9879068757,121.4117237,31.206077,,normal
O9879068758,121.4118793,31.2062093,,normal
O9879068759,121.412166,31.2063288,,normal
O9879068760,121.4121581,31.2063827,,normal
O9881155266,121.4530015,31.2470582,,normal
O9881155267,121.4531097,31.2471206,,normal
O9881155270,121.4558802,31.2459782,,normal
O9881155271,121.4542802,31.2458576,,normal
O9890846215,121.4404446,31.2552449,,normal
O9890871554,121.4486426,31.25108,,normal
O9890893428,121.4467124,31.2514918,,normal
O9890893470,121.4439456,31.2512218,,normal
O9890893471,121.4486771,31.2515272,,normal
O9890896618,121.4427286,31.2560594,,normal
O9890896633,121.44189,31.2563261,,normal
O9896899273,121.4484765,31.2523269,,normal
O9896899274,121.4473698,31.2530947,,normal
O9905601355,121.4745942,31.2183277,,normal
O9905601356,121.4744782,31.2189087,,normal
O9905601357,121.4744134,31.2193196,,normal
O9942189876,121.4067244,31.2527567,,normal
O9942189890,121.4210305,31.2402211,,normal
O9942189891,121.4209187,31.2404034,,normal
O9942189892,121.419174,31.241738,,normal
O9942189893,121.4168554,31.2435355,,normal
O9942189894,121.4158408,31.2441653,,normal
O9942189895,121.4145062,31.2448117,,normal
O9942189896,121.4124227,31.2454128,,normal
O9942189897,121.4118392,31.2454912,,normal
O9942189898,121.410552,31.2456199,,normal
O9942189899,121.4086305,31.2455593,,normal
O9942189900,121.4064781,31.2451407,,normal
O9942189901,121.4042973,31.2448354,,normal
O9942189902,121.4026716,31.2447136,,normal
O9942189903,121.4020935,31.2446756,,normal
O9942189904,121.3996262,31.2446354,,normal
O9942189909,121.396319,31.2450236,,normal
O9942189910,121.3973389,31.2448806,,normal
O9942189911,121.3989234,31.244731,,normal
O9942189912,121.4011612,31.244704,,normal
O9942189913,121.4027306,31.244795,,normal
O9942189914,121.4040881,31.2448951,,normal
O9942189915,121.4060034,31.2451177,,normal
O9942189916,121.4085997,31.2456224,,normal
O9942223017,121.4099326,31.2456773,,normal
O9942223018,121.4113003,31.2456863,,normal
O9942223019,121.4123058,31.2455783,,normal
O9942223020,121.413346,31.2453532,,normal
O9942223021,121.4143649,31.2449835,,normal
O9942223022,121.4153381,31.2445519,,normal
O9942223023,121.4163353,31.2440071,,normal
O9942223024,121.4168903,31.2436496,,normal
O9942223025,121.4178097,31.2429678,,normal
O9942223026,121.420435,31.2409624,,normal
O9942223027,121.4209062,31.2405523,,normal
O9942223028,121.4212198,31.2403763,,normal
O9942223029,121.411732,31.2457481,,normal
O9942223030,121.4132106,31.2454655,,normal
O9942223031,121.4141934,31.2450914,,normal
O9942223032,121.414878,31.2448128,,normal
O9942223033,121.4162429,31.244111,,normal
O9942223034,121.4135159,31.247046,,normal
O9942223035,121.4177013,31.2430242,,normal
O9942361927,121.4069201,31.2382786,,normal
O9942361929,121.4054771,31.239311,,normal
O9942588731,121.4227757,31.2365501,,normal
O9942588732,121.4070621,31.2426788,,normal
O9942588734,121.4079745,31.2424312,,normal
O9942745821,121.4394109,31.2548456,,normal
O9942745822,121.4396285,31.2549296,,normal
O9942745823,121.4394242,31.2553702,,normal
O9942745824,121.4391256,31.2552549,,normal
O9942745825,121.4395074,31.2548829,,normal
O9942745826,121.4392968,31.255321,,normal
O9942762266,121.4442449,31.2478548,,normal
O9942762267,121.4442179,31.2479617,,normal
O9942769227,121.4391664,31.2552707,,normal
O9942769228,121.4395582,31.2549025,,normal
O9942769229,121.4394311,31.2550503,,normal
O9942769230,121.4395676,31.2550708,,normal
O9942769231,121.4390654,31.2552316,,normal
O9942769232,121.4392932,31.2548002,,normal
O9942769233,121.4391989,31.2552832,,normal
O9999763593,121.4749371,31.252058,,normal
O9999763600,121.4801211,31.2537228,,normal
O9999763602,121.4831701,31.2545944,,normal
O10001241441,121.4755576,31.2551827,,normal
O10001891258,121.4077,31.2315445,,normal
O10001891261,121.4108856,31.2269597,,normal
O10001891262,121.4100626,31.228862,,normal
O10001891263,121.4101134,31.2284811,,normal
O10001891264,121.4102362,31.2280509,,normal
O10001891265,121.4107394,31.2265111,,normal
O10001891266,121.410671,31.2264984,,normal
O10001891267,121.4104327,31.2301469,,normal
O10001897041,121.4108723,31.2194811,,normal
O10001908427,121.4110482,31.2158689,,normal
O10001908429,121.4113717,31.2156922,,normal
O10001908431,121.4110564,31.2169522,,normal
O10001908432,121.411193,31.2162843,,normal
O10001908433,121.4114121,31.2155287,,normal
O10001908434,121.4114745,31.2152906,,normal
O10001908435,121.4119758,31.2140971,,normal
O10001908524,121.4089834,31.23144,,normal
O10001972790,121.4542988,31.2350966,,normal
O10002054153,121.4539991,31.2354094,,normal
O10004198586,121.4324153,31.2512602,,normal
O10004387112,121.4042125,31.2102969,,normal
O10004387113,121.4034919,31.2070584,,normal
O10004387114,121.4048263,31.2055277,,normal
O10004387115,121.4053079,31.205406,,normal
O10004387116,121.4059649,31.2047106,,normal
O10004388075,121.4127335,31.2112752,,normal
O10004388076,121.4127278,31.2101167,,normal
O10004388079,121.4675732,31.2573365,,normal
O10004388083,121.4729532,31.253336,,normal
O10050169340,121.4816405,31.2356038,,normal
O10050169341,121.4801549,31.2342304,,normal
O10055096560,121.4784164,31.2321179,,normal
O10073042336,121.4746542,31.2272663,,normal
O10073042344,121.4708998,31.2252959,,normal
O10073042350,121.4445042,31.2208063,,normal
O10073042351,121.4451065,31.2207021,,normal
O10073054524,121.4804318,31.2298252,,normal
O10074912625,121.4026446,31.21135,,normal
O10074912626,121.402548,31.2113661,,normal
O10074912628,121.4064377,31.2058983,,normal
O10081234347,121.4299052,31.2010059,,normal
O10081234348,121.4301946,31.2025847,,normal
O10081234349,121.4293189,31.2062373,,normal
O10081234350,121.4294692,31.2085553,,normal
O10081234351,121.4294531,31.2094297,,normal
O10081234353,121.4463774,31.2298947,,normal
O10081234356,121.4427839,31.2334364,,normal
O10081234359,121.44159,31.2353679,,normal
O10081234362,121.4415338,31.2354598,,normal
O10081234363,121.4467133,31.242516,,normal
O10081384694,121.4800214,31.245866,,normal
O10081820391,121.4622316,31.2522017,,normal
O10081826680,121.4407218,31.2574983,,normal
O10081826683,121.4407432,31.2572895,,normal
O10081826684,121.439549,31.256376,,normal
O10081826685,121.4374283,31.2567437,,normal
O10081826687,121.443091,31.2555265,,normal
O10081826688,121.4436237,31.2553123,,normal
O10081826690,121.4466912,31.2542199,,normal
O10081826693,121.446528,31.2542706,,normal
O10081826695,121.4536573,31.2526515,,normal
O10081826697,121.4767224,31.2584844,,normal
O10086067844,121.4051116,31.219561,,normal
O10086067845,121.4053701,31.2195385,,normal
O10086067846,121.4053619,31.2194501,,normal
O10086067847,121.4053506,31.2193589,,normal
O10086067848,121.4053237,31.2191359,,normal
O10086067849,121.4053582,31.2189293,,normal
O10086067850,121.4053328,31.2188476,,normal
O10086067851,121.4052835,31.2186823,,normal
O10086067852,121.4051258,31.2184336,,normal
O10086067853,121.4048899,31.2184819,,normal
O10086067854,121.4040819,31.2187385,,normal
O10086067855,121.4041228,31.2188481,,normal
O10086067856,121.4039478,31.2188944,,normal
O10086067857,121.4039315,31.2188339,,normal
O10086067858,121.4039097,31.2187625,,normal
O10086067859,121.4038624,31.2185374,,normal
O10086067860,121.4058345,31.2188908,,normal
O10157137556,121.4077787,31.2110659,,normal
O10157137557,121.4082428,31.2132943,,normal
O10157137558,121.4088465,31.2165799,,normal
O10157170987,121.4071244,31.2130672,,normal
O10158849368,121.4836136,31.2065532,,normal
O10158849369,121.4831431,31.206403,,normal
O10158849373,121.4767883,31.2034736,,normal
O10223445689,121.4479226,31.2084189,,normal
O10223449208,121.4448091,31.2150682,,normal
O10224406478,121.4287398,31.2381625,,normal
O10232214603,121.4555083,31.2182116,,normal
O10235721166,121.4629052,31.2472382,,normal
O10235721167,121.4627876,31.2472361,,normal
O10235721168,121.4627528,31.2471881,,normal
O10235721169,121.4623541,31.24584,,normal
O10235723283,121.4634619,31.2513272,,normal
O10235759612,121.4626616,31.2452084,,normal
O10235759613,121.4626403,31.2453025,,normal
O10235759614,121.4626876,31.2451612,,normal
O10235759615,121.462857,31.2463826,,normal
O10235759616,121.4629855,31.247183,,normal
O10235855226,121.4568509,31.2084315,,normal
O10235855228,121.4489652,31.2104967,,normal
O10235855232,121.4399493,31.2108259,,normal
O10235855233,121.4417325,31.2107384,,normal
O10235856758,121.4173783,31.2140838,,normal
O10235856759,121.4172363,31.2142903,,normal
O10235866607,121.4303563,31.2134566,,normal
O10235867710,121.4606535,31.2098534,,normal
O10235867810,121.4257508,31.2133967,,normal
O10235867811,121.4252016,31.2133306,,normal
O10235867814,121.4191018,31.2127472,,normal
O10238030653,121.4593544,31.2585061,,normal
O10239348077,121.4550919,31.2574015,,normal
O10239348078,121.4569701,31.256737,,normal
O10239348081,121.4573446,31.2567958,,normal
O10281833006,121.4577983,31.2438383,,normal
O10290555919,121.4279933,31.2175364,,normal
O10290555920,121.427831,31.2174146,,normal
O10290555921,121.4280223,31.2173116,,normal
O10295029098,121.4173218,31.2431791,,normal
O10296345164,121.4756885,31.2229243,,normal
O10296345165,121.4770331,31.2208875,,normal
O10296345166,121.4797649,31.2109663,,normal
O10296345167,121.4799388,31.2107966,,normal
O10296345168,121.480001,31.2106509,,normal
O10296345169,121.4796603,31.2113404,,normal
O10296345170,121.4772083,31.2070645,,normal
O10296345172,121.478772,31.2038584,,normal
O10296349524,121.4802983,31.2001014,,normal
O10296349526,121.4828272,31.2012075,,normal
O10296349528,121.4808682,31.206359,,normal
O10296349530,121.4762869,31.2174887,,normal
O10296349532,121.4742097,31.2205027,,normal
O10296369829,121.4661554,31.2344948,,normal
O10296369831,121.4640066,31.2338223,,normal
O10296369833,121.4633021,31.2336426,,normal
O10296369834,121.4608765,31.2338302,,normal
O10296369835,121.4609538,31.2338552,,normal
O10296384647,121.4750895,31.2219484,,normal
O10296384648,121.4727156,31.2268171,,normal
O10296384651,121.4692232,31.2258071,,normal
O10554611140,121.4248968,31.2534976,,normal
O10554614530,121.4227181,31.2521023,,normal
O10554614531,121.4237018,31.2537578,,normal
O10554614534,121.4233962,31.2535745,,normal
O10554791911,121.4430305,31.2346445,,normal
O10554791914,121.446558,31.2358556,,normal
O10554791916,121.4492806,31.2368692,,normal
O10554823942,121.4480984,31.2548187,,normal
O10613499456,121.41838,31.223414,,normal
O10613499457,121.4186284,31.2235092,,normal
O10613499458,121.4190947,31.2241175,,normal
O10614551638,121.4499701,31.2220168,,normal
O10634702021,121.4041013,31.2159604,,normal
O10634702022,121.4037203,31.2143099,,normal
O10664133545,121.4562854,31.2019044,,normal
O10700926451,121.4231154,31.2595203,,normal
O10700926452,121.4240319,31.2593408,,normal
O10700926453,121.4324984,31.2577274,,normal
O10700926454,121.4298383,31.2582514,,normal
O10703754083,121.4360444,31.2085413,,normal
O10703754088,121.4363883,31.2084001,,normal
O10703754099,121.4359533,31.2087445,,normal
O10703761839,121.4372611,31.2090614,,normal
O10754997585,121.4748496,31.2362506,,normal
O10758454864,121.462625,31.2365923,,normal
O10758463443,121.4814108,31.2113435,,normal
O10758463444,121.4807836,31.2112132,,normal
O10758463445,121.4804196,31.2110742,,normal
O10758463446,121.4801438,31.2108369,,normal
O10758463447,121.4799846,31.2106892,,normal
O10761121005,121.450018,31.2274564,,normal
O10765554775,121.4341553,31.2422875,,normal
O10765554776,121.4343187,31.2425119,,normal
O10789601313,121.4469513,31.2050751,,normal
O10789601320,121.4475661,31.2061671,,normal
O10789601321,121.4464229,31.206794,,normal
O10789601322,121.4463903,31.2068386,,normal
O10789601323,121.4463826,31.2068815,,normal
O10789601324,121.4464056,31.206926,,normal
O10789601325,121.4465865,31.207183,,normal
O10789601326,121.4466153,31.2072061,,normal
O10789601327,121.4466673,31.2072209,,normal
O10789601328,121.447433,31.2073564,,normal
O10789601329,121.4475062,31.2073646,,normal
O10789601330,121.4475773,31.2073397,,normal
O10789601331,121.4481817,31.207017,,normal
O10789601332,121.448029,31.2070985,,normal
O10789601333,121.4474148,31.2062466,,normal
O10789601336,121.4467579,31.2066091,,normal
O10789601338,121.4477648,31.2072396,,normal
O10789601339,121.4465929,31.2067002,,normal
O10789601354,121.4472939,31.2063133,,normal
O10789601355,121.4472979,31.2063515,,normal
O10789601356,121.4471093,31.2064541,,normal
O10789601357,121.4477693,31.2071854,,normal
O10789601358,121.4478501,31.2071424,,normal
O10789601359,121.4479183,31.2071577,,normal
O10823276934,121.4789052,31.2150291,,normal
O10823276937,121.4807296,31.2157732,,normal
O10823516432,121.4594152,31.2501528,,normal
O10823516434,121.4594513,31.2501124,,normal
O10823516435,121.4617452,31.2491889,,normal
O10823516436,121.4612804,31.2514235,,normal
O10823516437,121.4616531,31.2520495,,normal
O10823516438,121.463649,31.2522692,,normal
O10872568590,121.4597425,31.2170418,,normal
O10872576033,121.4711289,31.2219426,,normal
O10872576034,121.4716687,31.2218288,,normal
O10872576035,121.4721456,31.222779,,normal
O10872585424,121.4752071,31.224035,,normal
O10872585427,121.4795303,31.2267609,,normal
O10875039315,121.4719556,31.2333112,,normal
O10908181067,121.4831244,31.2268611,,normal
O10908181068,121.4789346,31.2289046,,normal
O10908242226,121.4738668,31.2263421,,normal
O10908242228,121.4763988,31.2264729,,normal
O10908242229,121.4764534,31.2261693,,normal
O10908242230,121.4766407,31.226029,,normal
O10908242231,121.4738734,31.2243592,,normal
O10908242233,121.471378,31.2263755,,normal
O10908242234,121.4702186,31.2242178,,normal
O10908336520,121.4741135,31.221059,,normal
O10920733221,121.4782449,31.2500847,,normal
O10920733222,121.4747969,31.2489535,,normal
O10920733224,121.4634153,31.2494791,,normal
O10921479360,121.443837,31.2552367,,normal
O10921479361,121.4424975,31.2546529,,normal
O10922706383,121.4089808,31.2091281,,normal
O10922706384,121.4088288,31.2086173,,normal
O10922706386,121.4048568,31.2053151,,normal
O10922706387,121.404781,31.2051382,,normal
O10922706393,121.4172023,31.2108996,,normal
O10922706394,121.4145535,31.2079873,,normal
O10922706395,121.4146712,31.2080335,,normal
O10922706396,121.413099,31.2111293,,normal
O10922706397,121.4173375,31.2128778,,normal
O10922729121,121.4130298,31.2111618,,normal
O10926173903,121.4391815,31.2550208,,normal
O10926174460,121.4858102,31.2556769,,normal
O10926174600,121.4859946,31.255016,,normal
O10926198643,121.4174406,31.2392663,,normal
O10926200605,121.4364525,31.254103,,normal
O10926200614,121.4319972,31.2493477,,normal
O10939006108,121.4270597,31.2101341,,normal
O10939577933,121.4168621,31.2384557,,normal
O10939759864,121.4482094,31.2268827,,normal
O10939759865,121.4483341,31.2265676,,normal
O10939759866,121.4483921,31.2265587,,normal
O10939759867,121.4484382,31.2265323,,normal
O10939759868,121.4489227,31.2265826,,normal
O10939759869,121.4483273,31.2269205,,normal
O10939759870,121.4483446,31.2268793,,normal
O10939843914,121.4542829,31.24462,,normal
O10939843915,121.4574083,31.2412214,,normal
O10939843916,121.4580239,31.2396719,,normal
O10939920420,121.4614872,31.2329901,,normal
O10939920421,121.4613914,31.2330647,,normal
O10939920422,121.4613159,31.233023,,normal
O10940007370,121.4635556,31.2203022,,normal
O10947958446,121.4556712,31.2239071,,normal
O10947958449,121.4121929,31.2039148,,normal
O11010274363,121.4261174,31.2576457,,normal
O11010278542,121.4288432,31.2565414,,normal
O11010278543,121.4288993,31.2576987,,normal
O11010278544,121.4290373,31.257809,,normal
O11010278545,121.4289884,31.2564953,,normal
O11010278551,121.4288149,31.2578266,,normal
O11010278552,121.4287356,31.2580025,,normal
O11047484904,121.4210353,31.2547332,,normal
O11047496905,121.4212818,31.2544579,,normal
O11047496906,121.4213353,31.2543706,,normal
O11047496907,121.4213407,31.2543294,,normal
O11047496908,121.4212389,31.2539118,,normal
O11047496909,121.4208744,31.2535863,,normal
O11047496910,121.4200543,31.2529767,,normal
O11047496911,121.4199308,31.2528941,,normal
O11047496912,121.419931,31.2528895,,normal
O11047496913,121.4197273,31.2527015,,normal
O11070324019,121.4759328,31.2207012,,normal
O11073144539,121.4451268,31.2510398,,normal
O11073144540,121.4453701,31.2509301,,normal
O11073144541,121.4457807,31.2508473,,normal
O11073144542,121.446339,31.2507952,,normal
O11073144543,121.4467697,31.2507978,,normal
O11073144544,121.447284,31.2508619,,normal
O11073144545,121.4477745,31.251001,,normal
O11073144546,121.4483008,31.2512291,,normal
O11073144547,121.4450437,31.2514575,,normal
O11073144573,121.4481147,31.2514442,,normal
O11073144574,121.4431227,31.2527859,,normal
O11073144575,121.4430801,31.252721,,normal
O11073144576,121.4430537,31.2526309,,normal
O11073144577,121.4431928,31.252427,,normal
O11073144578,121.4432885,31.2522355,,normal
O11073144579,121.4433621,31.2521495,,normal
O11073144580,121.4434543,31.2521338,,normal
O11073144581,121.4435516,31.2519138,,normal
O11073144582,121.4436833,31.2518966,,normal
O11073144583,121.443767,31.2519101,,normal
O11073144584,121.4443214,31.2522407,,normal
O11073144585,121.4445526,31.2523838,,normal
O11073144586,121.4446045,31.2524486,,normal
O11073144587,121.4446045,31.2525956,,normal
O11073144588,121.4439266,31.2523746,,normal
O11073144589,121.444114,31.2525281,,normal
O11073144590,121.4442496,31.252603,,normal
O11073144591,121.4444649,31.2526608,,normal
O11073144592,121.4445447,31.2526333,,normal
O11073144593,121.4440303,31.2528289,,normal
O11073144594,121.4438588,31.2527131,,normal
O11073144595,121.4436554,31.25258,,normal
O11073144596,121.4433243,31.252461,,normal
O11073144597,121.444878,31.2519358,,normal
O11073144598,121.4435691,31.2533663,,normal
O11073144599,121.4437099,31.2531194,,normal
O11073144600,121.4433102,31.2533478,,normal
O11073144601,121.4431251,31.25322,,normal
O11073146032,121.4434652,31.2535929,,normal
O11073579480,121.4474996,31.2530448,,normal
O11073666273,121.4483861,31.2525108,,normal
O11073666274,121.4484182,31.2524503,,normal
O11073666283,121.4450325,31.2540652,,normal
O11073666284,121.4448967,31.2540327,,normal
O11073666285,121.4447835,31.2540292,,normal
O11073666286,121.4445718,31.2540421,,normal
O11073666287,121.4444617,31.2540839,,normal
O11091354875,121.4305363,31.2209449,,normal
O11101896422,121.479922,31.2369754,,normal
O11101896423,121.4803055,31.2370804,,normal
O11101896424,121.4802247,31.2361085,,normal
O11101896429,121.4801613,31.236278,,normal
O11103594140,121.4802711,31.2359877,,normal
O11103594147,121.4801244,31.2363782,,normal
O11103925314,121.4798981,31.2363469,,normal
O11104354052,121.4798225,31.2321796,,normal
O11104555717,121.4722629,31.2363101,,normal
O11104555718,121.4728845,31.2352817,,normal
O11104555721,121.4746659,31.2368481,,normal
O11104563634,121.4777008,31.2362264,,normal
O11104651471,121.4825361,31.2379419,,normal
O11104651485,121.4835672,31.2382831,,normal
O11104826326,121.4821166,31.2357813,,normal
O11104826328,121.4833848,31.236185,,normal
O11104966884,121.4785997,31.2354273,,normal
O11104966885,121.4785321,31.2354144,,normal
O11105034073,121.4795243,31.2362972,,normal
O11105034074,121.4787671,31.2361649,,normal
O11105034075,121.4783408,31.2360763,,normal
O11105034076,121.4780354,31.2360038,,normal
O11107097989,121.4818573,31.2386913,,normal
O11107097990,121.4822755,31.2378548,,normal
O11107097991,121.4820419,31.2383282,,normal
O11107155547,121.4821606,31.2369312,,normal
O11107155548,121.4820652,31.2369568,,normal
O11107159150,121.4807953,31.237358,,normal
O11107343122,121.4821911,31.2334078,,normal
O11107343123,121.4829974,31.2336339,,normal
O11107343124,121.4829143,31.2336082,,normal
O11107343125,121.4829814,31.2334448,,normal
O11109097146,121.4800474,31.2267309,,normal
O11109097148,121.4800376,31.2263529,,normal
O11109098061,121.4832719,31.2266764,,normal
O11109098062,121.4833382,31.2265751,,normal
O11109446452,121.4789269,31.2298199,,normal
O11113312650,121.4791492,31.2336904,,normal
O11113312653,121.4806547,31.2337473,,normal
O11114106177,121.4831472,31.239078,,normal
O11114209459,121.4814485,31.2388834,,normal
O11114209461,121.4814824,31.2388159,,normal
O11114243707,121.4819233,31.2394742,,normal
O11114444258,121.482047,31.2340385,,normal
O11115326267,121.4135758,31.2234969,,normal
O11115356795,121.4550728,31.2434952,,normal
O11115656608,121.4886758,31.2336759,,normal
O11118907453,121.4790098,31.2397124,,normal
O11118907455,121.4792608,31.2399303,,normal
O11121327991,121.474869,31.2369193,,normal
O11121637242,121.4804883,31.2389397,,normal
O11121637243,121.4807942,31.2390044,,normal
O11121637244,121.4809065,31.2400002,,normal
O11121637245,121.4810439,31.2400492,,normal
O11124591488,121.4567891,31.2199478,,normal
O11125176227,121.4511548,31.2292563,,normal
O11125292444,121.4420899,31.2122121,,normal
O11127156352,121.4593326,31.2226966,,normal
O11127331064,121.4591612,31.2265331,,normal
O11127460764,121.4555142,31.2274059,,normal
O11127466622,121.427728,31.2283431,,normal
O11127466623,121.4285238,31.2288511,,normal
O11129060728,121.4622902,31.2303083,,normal
O11129060729,121.462546,31.2302655,,normal
O11129060730,121.4626743,31.2302981,,normal
O11129060731,121.4627615,31.2303495,,normal
O11129088481,121.4583599,31.229171,,normal
O11129088484,121.4591718,31.2299783,,normal
O11129264915,121.4496075,31.2286198,,normal
O11129264916,121.4502855,31.2288254,,normal
O11131068155,121.4655214,31.2308414,,normal
O11131068156,121.465186,31.2319459,,normal
O11131068157,121.4649639,31.2317232,,normal
O11131068158,121.4655026,31.2318407,,normal
O11131068159,121.4652357,31.2317828,,normal
O11131068160,121.4650113,31.2315682,,normal
O11131068161,121.4652823,31.2316301,,normal
O11131068162,121.4655502,31.2316891,,normal
O11131068163,121.4650563,31.2314279,,normal
O11131068164,121.4653257,31.2314874,,normal
O11131068165,121.4655932,31.231547,,normal
O11131068166,121.4650987,31.2312809,,normal
O11131068167,121.4653705,31.2313408,,normal
O11131068168,121.4656419,31.2314017,,normal
O11131068169,121.4654157,31.2311928,,normal
O11131068170,121.4651911,31.2309881,,normal
O11131068171,121.4654616,31.2310422,,normal
O11131068172,121.4654717,31.231009,,normal
O11131068173,121.4657486,31.2310669,,normal
O11131068174,121.4651496,31.2311343,,normal
O11131068175,121.4654214,31.2311738,,normal
O11131068176,121.4656925,31.2312342,,normal
O11131164540,121.4638815,31.2321779,,normal
O11131164548,121.4638595,31.2322075,,normal
O11131349271,121.4536515,31.2290534,,normal
O11131349272,121.4537127,31.2289573,,normal
O11133558999,121.4607363,31.2234302,,normal
O11133724092,121.4623245,31.2228084,,normal
O11133724093,121.4614988,31.2231129,,normal
O11133724094,121.4612191,31.2230875,,normal
O11133724095,121.4615333,31.2231082,,normal
O11133724096,121.4611855,31.2230846,,normal
O11135950508,121.4604169,31.2361639,,normal
O11135950509,121.4604738,31.2361232,,normal
O11135950510,121.4603513,31.2359439,,normal
O11137517354,121.4350933,31.2219478,,normal
O11146451473,121.4356341,31.2532706,,normal
O11146451476,121.4361389,31.2534066,,normal
O11146451477,121.4468361,31.2574952,,normal
O11152318453,121.4827782,31.2389907,,normal
O11158574581,121.4495311,31.2094937,,normal
O11160025687,121.4406726,31.2122106,,normal
O11160097058,121.4762758,31.2272798,,normal
O11160097059,121.4771455,31.2278009,,normal
O11160103315,121.4813223,31.2235154,,normal
O11171957673,121.4489706,31.2203816,,normal
O11182234175,121.4783931,31.2372602,,normal
O11201355934,121.478056,31.221664,,normal
O11201355935,121.4784363,31.2207122,,normal
O11201355936,121.4770756,31.2207447,,normal
O11203050816,121.4797671,31.2461882,,normal
O11209357665,121.4715591,31.2328756,,normal
O11209544485,121.482587,31.2510503,,normal
O11209557538,121.4831292,31.2512569,,normal
O11209557541,121.4837389,31.2514979,,normal
O11209557544,121.4840001,31.251611,,normal
O11209557553,121.4846102,31.2497336,,normal
O11216978072,121.4316452,31.2195904,,normal
O11221442869,121.4688284,31.2244971,,normal
O11224178213,121.4748604,31.2042661,,normal
O11224212180,121.4673818,31.2061691,,normal
O11225126589,121.4769403,31.2431718,,normal
O11225126595,121.4772738,31.2432154,,normal
O11225126613,121.4784522,31.2409307,,normal
O11225126670,121.4787751,31.2417461,,normal
O11225585719,121.4794971,31.2270442,,normal
O11225585720,121.4794888,31.2270562,,normal
O11225585721,121.4800683,31.2273528,,normal
O11225585722,121.4800361,31.2274907,,normal
O11225585723,121.4799202,31.2276338,,normal
O11225585724,121.479881,31.2276779,,normal
O11225585725,121.4795512,31.2275625,,normal
O11225585726,121.4793969,31.2274854,,normal
O11225585727,121.4792422,31.2274286,,normal
O11225585728,121.4803133,31.2274722,,normal
O11225585729,121.4806008,31.2270246,,normal
O11225585730,121.4799925,31.2273141,,normal
O11225604451,121.4806867,31.227695,,normal
O11227225196,121.4356764,31.2292705,,normal
O11227225214,121.4354091,31.2220561,,normal
O11228271518,121.4576129,31.2287823,,normal
O11228292819,121.4575344,31.2282578,,normal
O11228292820,121.4582099,31.2285982,,normal
O11228292821,121.4578611,31.2284213,,normal
O11228292822,121.4576425,31.2280816,,normal
O11228292823,121.4579787,31.2282506,,normal
O11228292824,121.4583463,31.2284373,,normal
O11228292825,121.4577496,31.227901,,normal
O11228292826,121.4580984,31.2280758,,normal
O11228292827,121.4584516,31.2282539,,normal
O11228292828,121.4578712,31.2277456,,normal
O11228292829,121.4582097,31.2279151,,normal
O11228292830,121.4585737,31.2280961,,normal
O11228292831,121.4579862,31.2275839,,normal
O11228292832,121.4583214,31.2277529,,normal
O11228292833,121.4586822,31.2279344,,normal
O11228292834,121.4581045,31.2274164,,normal
O11228292835,121.4584377,31.227584,,normal
O11228292836,121.4587974,31.2277663,,normal
O11228347137,121.4578926,31.2270746,,normal
O11228347138,121.4589168,31.2276021,,normal
O11228347139,121.4580242,31.226916,,normal
O11228347140,121.4590198,31.2274297,,normal
O11228347141,121.458141,31.2267493,,normal
O11228347142,121.4591486,31.2272676,,normal
O11228347143,121.4582623,31.2265839,,normal
O11228347144,121.459258,31.2270977,,normal
O11228347145,121.4585495,31.2265197,,normal
O11228347146,121.4593762,31.2269336,,normal
O11228347195,121.4574523,31.2284107,,normal
O11228347196,121.457762,31.2285655,,normal
O11228347197,121.4581278,31.2287511,,normal
O11228347198,121.4585531,31.2274163,,normal
O11228347199,121.4586688,31.2272483,,normal
O11228347200,121.4587845,31.2270802,,normal
O11228347201,121.4589003,31.2269121,,normal
O11228347202,121.4590107,31.2267518,,normal
O11228620295,121.4624732,31.2437491,,normal
O11228620311,121.4640782,31.2436626,,normal
O11228654650,121.4646369,31.2427852,,normal
O11228654654,121.4660465,31.2419335,,normal
O11228654655,121.4660938,31.2420358,,normal
O11228654656,121.4661888,31.242145,,normal
O11228654657,121.4663,31.2421869,,normal
O11228654658,121.466138,31.2420949,,normal
O11228654912,121.4635232,31.242993,,normal
O11228655011,121.4632285,31.2429695,,normal
O11228655022,121.4629808,31.2422405,,normal
O11228655027,121.4634234,31.2417451,,normal
O11228655033,121.4639702,31.2427844,,normal
O11228655042,121.4642428,31.2427164,,normal
O11256955763,121.4771337,31.2282559,,normal
O11268270264,121.4380531,31.2477769,,normal
O11268370016,121.4250401,31.2288666,,normal
O11268370017,121.4266083,31.2361762,,normal
O11273735821,121.4593747,31.2120105,,normal
O11273735822,121.4593692,31.2120461,,normal
O11273735838,121.4593896,31.2118187,,normal
O11274325550,121.4591657,31.2105161,,normal
O11274325552,121.4591764,31.2104592,,normal
O11274325554,121.4592111,31.2103261,,normal
O11300000486,121.4443489,31.2080592,,normal
O11331308643,121.4079835,31.2315814,,normal
O11331308644,121.4079724,31.2315067,,normal
O11335350792,121.4711183,31.2225079,,normal
O11335350793,121.4710142,31.2228992,,normal
O11335350794,121.4702177,31.2243131,,normal
O11340995724,121.4805791,31.2247919,,normal
O11340995725,121.480769,31.2248726,,normal
O11340995726,121.4806193,31.2248077,,normal
O11363539786,121.4486692,31.2179541,,normal
O11363539787,121.4483447,31.2184584,,normal
O11363539788,121.4483943,31.2183813,,normal
O11368346538,121.4612059,31.2574351,,normal
O11368346539,121.461871,31.2575519,,normal
O11370367300,121.4290583,31.2107453,,normal
O11374745930,121.4567403,31.224311,,normal
O11374745931,121.4572615,31.2241181,,normal
O11374745932,121.45678,31.2240851,,normal
O11374745933,121.456226,31.2240291,,normal
O11374745934,121.448603,31.2212421,,normal
O11416973346,121.4620434,31.2448358,,normal
O11416973347,121.4521745,31.2485229,,normal
O11416973348,121.4523805,31.248206,,normal
O11455079169,121.4701404,31.2245286,,normal
O11462666785,121.412156,31.2042258,,normal
O11464491981,121.4632104,31.2185153,,normal
O11498938459,121.4784164,31.2345184,,normal
O11498938460,121.4723219,31.2192295,,normal
O11505323130,121.4132267,31.2496446,,normal
O11505323132,121.4132719,31.2490556,,normal
O11524721286,121.4593986,31.2583655,,normal
O11524721288,121.4583198,31.2569461,,normal
O11524721289,121.4582738,31.2581913,,normal
O11524721290,121.4582781,31.2580755,,normal
O11524721292,121.4583125,31.2571446,,normal
O11536859913,121.4542882,31.2561575,,normal
O11539974536,121.4206904,31.2407298,,normal
O11539974537,121.4206141,31.2406533,,normal
O11539974538,121.4218789,31.2398305,,normal
O11539974539,121.4215916,31.239993,,normal
O11539974540,121.4217215,31.2396603,,normal
O11539974541,121.4215104,31.2399196,,normal
O11539974553,121.4157583,31.2443844,,normal
O11539974554,121.415338,31.2446009,,normal
O11539974555,121.4182472,31.2426767,,normal
O11539974560,121.4161469,31.2441303,,normal
O11539974561,121.4165032,31.2439004,,normal
O11539974562,121.4130784,31.2450629,,normal
O11539974563,121.4114767,31.2455275,,normal
O11539997570,121.4133082,31.2452358,,normal
O11539997571,121.4152294,31.2444792,,normal
O11539997572,121.4055167,31.2450612,,normal
O11539997576,121.4031876,31.2447876,,normal
O11539997580,121.3991957,31.2446462,,normal
O11550164271,121.4539507,31.2578652,,normal
O11550164272,121.4539905,31.257886,,normal
O11550164273,121.4541104,31.2580157,,normal
O11550164274,121.4546922,31.2583157,,normal
O11550164281,121.4547174,31.2584941,,normal
O11550164282,121.4547371,31.258111,,normal
O11550164283,121.4546647,31.2581214,,normal
O11550164284,121.4545476,31.2575103,,normal
O11577064720,121.4431966,31.212235,,normal
O11591953786,121.4742631,31.2351824,,normal
O11664726194,121.473445,31.2209636,,normal
O11664726196,121.4735721,31.2068607,,normal
O11664726198,121.4797386,31.2210729,,normal
O11667615955,121.4765256,31.226449,,normal
O11667615957,121.4761807,31.2267368,,normal
O11667615959,121.4770099,31.2255839,,normal
O11667615960,121.4762058,31.2270534,,normal
O11667615961,121.4762693,31.2269195,,normal
O11667615962,121.476432,31.226619,,normal
O11667615963,121.476277,31.2265047,,normal
O11667615964,121.47682,31.225495,,normal
O11667615965,121.4762756,31.2265609,,normal
O11667615966,121.4765375,31.2262178,,normal
O11715892803,121.4799153,31.2105922,,normal
O11715892804,121.4798418,31.2107258,,normal
O11715917041,121.4751708,31.215304,,normal
O11715917042,121.4801233,31.2161186,,normal
O11751917350,121.4021051,31.212711,,normal
O11751917351,121.4031384,31.2124908,,normal
O11751917352,121.4037139,31.2124039,,normal
O11751917353,121.4044736,31.2123756,,normal
O11751917354,121.4037768,31.2123799,,normal
O11751917356,121.4032533,31.2128827,,normal
O11751917357,121.4032535,31.213082,,normal
O11751917358,121.4038541,31.2130138,,normal
O11751917359,121.4045451,31.213008,,normal
O11751917360,121.4044315,31.2130073,,normal
O11751917361,121.4038104,31.212802,,normal
O11751917362,121.4044539,31.2127901,,normal
O11751917363,121.4032025,31.2127007,,normal
O11751917364,121.4037584,31.2126061,,normal
O11751917365,121.4040575,31.2125936,,normal
O11751917366,121.4044295,31.2125901,,normal
O11751956762,121.4026001,31.212605,,normal
O11752025070,121.4033132,31.2130748,,normal
O11752025079,121.4038462,31.2129668,,normal
O11752025080,121.403877,31.2132127,,normal
O11752025081,121.4038597,31.2130622,,normal
O11752121541,121.4033675,31.2130687,,normal
O11752121542,121.403408,31.2132652,,normal
O11752121543,121.404475,31.2132033,,normal
O11752121544,121.4045378,31.2132064,,normal
O11795402296,121.4489579,31.2388075,,normal
O11795402297,121.4491817,31.2388377,,normal
O11795402323,121.4494221,31.2389102,,normal
O11795585749,121.4232142,31.2122395,,normal
O11795772512,121.4163894,31.2172191,,normal
O11799252619,121.4028215,31.2404991,,normal
O11799252653,121.4249194,31.2361419,,normal
O11811141178,121.4525746,31.2456403,,normal
O11811141189,121.4787881,31.246726,,normal
O11811141190,121.4786821,31.2468801,,normal
O11816207256,121.4427197,31.2083656,,normal
O11816207258,121.4419071,31.2059178,,normal
O11816207260,121.4440312,31.202744,,normal
O11816207262,121.440731,31.2096291,,normal
O11816207263,121.4440499,31.206273,,normal
O11816837199,121.4767422,31.226063,,normal
O11817973345,121.4139107,31.2260308,,normal
O11817973348,121.413411,31.2272118,,normal
O11817973349,121.4146801,31.2271578,,normal
O11817973352,121.4132795,31.2275735,,normal
O11817973353,121.4122024,31.2268751,,normal
O11817973354,121.4134405,31.2261636,,normal
O11817973356,121.4134969,31.2272357,,normal
O11817973361,121.4135564,31.2266955,,normal
O11817973362,121.4133348,31.2264286,,normal
O11817973363,121.4125223,31.2296443,,normal
O11817973365,121.4142154,31.2272629,,normal
O11819354055,121.4517036,31.2493657,,normal
O11819354056,121.4515913,31.2496367,,normal
O11821484245,121.4558238,31.2472825,,normal
O11821484249,121.455985,31.2475529,,normal
O11821484250,121.4560476,31.2476112,,normal
O11821484251,121.4561546,31.2476248,,normal
O11821484252,121.4562536,31.247612,,normal
O11821484253,121.4565386,31.2475631,,normal
O11821484254,121.4567516,31.2475603,,normal
O11823854490,121.4786682,31.2176007,,normal
O11824776119,121.4603727,31.2536512,,normal
O11824776121,121.4643929,31.2535777,,normal
O11824776127,121.4672967,31.2424151,,normal
O11824776145,121.4492566,31.237904,,normal
O11824776147,121.4528957,31.2324731,,normal
O11824776155,121.4522895,31.2277483,,normal
O11826801834,121.4252495,31.2543592,,normal
O11826801842,121.4258461,31.2550789,,normal
O11826801843,121.4250688,31.2545984,,normal
O11826801844,121.4263333,31.2542839,,normal
O11826825215,121.4261958,31.2538582,,normal
O11826825216,121.4261841,31.2531292,,normal
O11826825218,121.4268302,31.2535106,,normal
O11826825219,121.4272085,31.2537263,,normal
O11826825220,121.4258088,31.2536229,,normal
O11826825223,121.4266965,31.2555945,,normal
O11826825227,121.4263953,31.2540539,,normal
O11826865487,121.425558,31.2527406,,normal
O11826865488,121.4257888,31.2528885,,normal
O11826865489,121.4250102,31.2537855,,normal
O11826865490,121.4248071,31.254029,,normal
O11826865491,121.4265913,31.2533661,,normal
O11826865492,121.4247751,31.253642,,normal
O11826919656,121.4289198,31.2536242,,normal
O11826919658,121.4279816,31.2531192,,normal
O11826919659,121.428755,31.2521357,,normal
O11829956252,121.4231171,31.2558101,,normal
O11829956253,121.4233372,31.258701,,normal
O11829956254,121.4232842,31.258155,,normal
O11829956255,121.4225266,31.2581306,,normal
O11829956256,121.4232788,31.2570917,,normal
O11834044412,121.4581055,31.2131728,,normal
O11834377492,121.4532775,31.2062473,,normal
O11834377493,121.4534717,31.206343,,normal
O11834849943,121.4135132,31.2234671,,normal
O11834849957,121.4176373,31.227511,,normal
O11849339114,121.4557064,31.207805,,normal
O11853906624,121.4231637,31.2456731,,normal
O11853906625,121.4241338,31.2459543,,normal
O11853906626,121.423132,31.2456639,,normal
O11853906627,121.4241962,31.2446286,,normal
O11853906628,121.4230727,31.2440113,,normal
O11853906629,121.4228542,31.2473819,,normal
O11853906630,121.4233305,31.2451727,,normal
O11853906631,121.4241005,31.2447536,,normal
O11853906632,121.4246603,31.2450661,,normal
O11853906633,121.4226075,31.2439618,,normal
O11853906634,121.4229551,31.2441638,,normal
O11853906635,121.4234913,31.2446592,,normal
O11853906636,121.4229832,31.2441273,,normal
O11853906637,121.4235214,31.2444303,,normal
O11853906638,121.4231377,31.2439269,,normal
O11853906639,121.4228393,31.2443138,,normal
O11853906640,121.4233861,31.2446151,,normal
O11853906641,121.4240762,31.2447855,,normal
O11853906642,121.4235951,31.2446875,,normal
O11853906644,121.4234176,31.2450762,,normal
O11853906645,121.4233888,31.245117,,normal
O11853906646,121.4233064,31.2452048,,normal
O11853906647,121.4229373,31.2461766,,normal
O11853906648,121.4232375,31.2462613,,normal
O11853906649,121.4229495,31.2469577,,normal
O11853906650,121.4230071,31.2470838,,normal
O11853906651,121.4213368,31.2480008,,normal
O11853906652,121.421369,31.2483488,,normal
O11853906653,121.4215242,31.2483815,,normal
O11853906654,121.4215,31.248354,,normal
O11853906655,121.4211587,31.2480501,,normal
O11853906656,121.4234669,31.2475659,,normal
O11853906657,121.4235066,31.24765,,normal
O11853906658,121.4233702,31.247594,,normal
O11853906659,121.4234884,31.247527,,normal
O11853906660,121.4233185,31.2475727,,normal
O11853906661,121.4235529,31.247669,,normal
O11853906662,121.4213603,31.246922,,normal
O11853906663,121.4213503,31.2470057,,normal
O11853906664,121.4212204,31.2469242,,normal
O11853906665,121.4214725,31.2470049,,normal
O11853906666,121.4253645,31.2481512,,normal
O11853906667,121.425416,31.2481761,,normal
O11853906668,121.4252865,31.2481135,,normal
O11853938869,121.4252288,31.2480856,,normal
O11853938870,121.4261274,31.2485249,,normal
O11853938871,121.4261967,31.2485662,,normal
O11853938872,121.4268512,31.2489998,,normal
O11853938873,121.4271981,31.249261,,normal
O11853938874,121.4260547,31.2484849,,normal
O11853938875,121.425322,31.2480546,,normal
O11853938876,121.4252496,31.2481748,,normal
O11853938877,121.425191,31.2481491,,normal
O11853938878,121.4250297,31.2482753,,normal
O11853938879,121.4251235,31.2483858,,normal
O11853938880,121.4250641,31.2483628,,normal
O11853938881,121.4250406,31.2484029,,normal
O11853938882,121.4221111,31.2445345,,normal
O11853938883,121.4221861,31.2443814,,normal
O11853938884,121.4228577,31.2433921,,normal
O11853938885,121.4213663,31.24688,,normal
O11853938886,121.4218508,31.2487628,,normal
O11853938887,121.4221094,31.2489863,,normal
O11853938888,121.4234362,31.2476211,,normal
O11853938889,121.4244098,31.2458703,,normal
O11861165339,121.4274585,31.2450839,,normal
O11861188403,121.4273195,31.2450056,,normal
O11861188407,121.4270439,31.245627,,normal
O11861188409,121.4293025,31.2424329,,normal
O11861753288,121.4542887,31.2272375,,normal
O11861753289,121.4545408,31.2267462,,normal
O11861753290,121.454555,31.226665,,normal
O11861753291,121.4543608,31.2265151,,normal
O11861753292,121.4542945,31.2263528,,normal
O11861753293,121.4539724,31.226195,,normal
O11861753294,121.453783,31.2261994,,normal
O11861753295,121.453362,31.2269361,,normal
O11861753297,121.4546169,31.2265952,,normal
O11861753298,121.4544998,31.2264447,,normal
O11861753299,121.4555207,31.2267897,,normal
O11861753302,121.456058,31.2261074,,normal
O11861753303,121.4556859,31.2265724,,normal
O11861754889,121.4544059,31.2272505,,normal
O11863880024,121.4028061,31.2208847,,normal
O11863880029,121.4100278,31.2228073,,normal
O11863880031,121.4039859,31.2209156,,normal
O11863987721,121.4313946,31.2445754,,normal
O11863987725,121.4325202,31.2447432,,normal
O11863987729,121.4328516,31.244047,,normal
O11863987732,121.4324749,31.2438376,,normal
O11865532808,121.4068642,31.2212219,,normal
O11871198317,121.4248383,31.2574549,,normal
O11871198318,121.4242275,31.257997,,normal
O11871198319,121.4233201,31.2575227,,normal
O11871198321,121.4241686,31.2574796,,normal
O11871198322,121.4257084,31.2573354,,normal
O11871725040,121.4657998,31.2188714,,normal
O11871725041,121.4661554,31.2189677,,normal
O11871725042,121.4663146,31.2190278,,normal
O11871812037,121.4762389,31.2360591,,normal
O11880559069,121.4052296,31.250117,,normal
O11880559070,121.4037972,31.250158,,normal
O11880895519,121.424114,31.2464024,,normal
O11880895521,121.4246305,31.2491013,,normal
O11880895524,121.4251954,31.2492829,,normal
O11880895525,121.4250564,31.2467773,,normal
O11880895528,121.4247062,31.2490933,,normal
O11880895532,121.4239265,31.2467394,,normal
O11880895535,121.4243516,31.2479973,,normal
O11880895539,121.425626,31.2474177,,normal
O11880895540,121.4254705,31.2473559,,normal
O11880895542,121.4247944,31.2471706,,normal
O11880895546,121.4243421,31.2489922,,normal
O11880895553,121.4251293,31.2466315,,normal
O11880895557,121.4248837,31.2471226,,normal
O11880904686,121.4291648,31.2469643,,normal
O11880904687,121.4286255,31.2479632,,normal
O11880904688,121.4271551,31.2492285,,normal
O11880904690,121.4265551,31.2497866,,normal
O11880904691,121.4280073,31.2485199,,normal
O11880910835,121.4243614,31.2459574,,normal
O11880910837,121.4237198,31.247111,,normal
O11880910839,121.4246374,31.2474687,,normal
O11881015727,121.4100332,31.258812,,normal
O11881015728,121.4096804,31.2601832,,normal
O11881015729,121.409675,31.2604976,,normal
O11881015730,121.4097133,31.2609043,,normal
O11881015731,121.4097775,31.2597485,,normal
O11881015733,121.4098557,31.2585515,,normal
O11881015734,121.4099788,31.2585785,,normal
O11881205203,121.4101596,31.2582244,,normal
O11881205204,121.4100831,31.25858,,normal
O11881245048,121.445249,31.2224768,,normal
O11881245049,121.4453364,31.2225102,,normal
O11883292927,121.4152294,31.2089408,,normal
O11883292928,121.4152609,31.2093572,,normal
O11883292930,121.4152821,31.2090978,,normal
O11884770964,121.4255531,31.2506072,,normal
O11884770965,121.4257418,31.2498144,,normal
O11884770966,121.4256644,31.2499104,,normal
O11884770967,121.4256513,31.2501988,,normal
O11895188437,121.4309422,31.2513876,,normal
O11895188438,121.4300906,31.2512591,,normal
O11895188439,121.4315017,31.2511228,,normal
O11895188440,121.4291312,31.2510978,,normal
O11895188441,121.4288806,31.251004,,normal
O11895188443,121.4283538,31.2506698,,normal
O11895188444,121.4291582,31.2506647,,normal
O11895188445,121.431213,31.2515355,,normal
O11895188446,121.4297676,31.251258,,normal
O11909639438,121.4090431,31.2491167,,normal
O11909677489,121.4095225,31.2492075,,normal
O11915680790,121.4197416,31.253494,,normal
O11915713003,121.4127558,31.2521379,,normal
O11915713005,121.4122471,31.2520292,,normal
O11915928967,121.4030402,31.2554748,,normal
O11915928968,121.4025217,31.2555699,,normal
O11915957053,121.4017236,31.2537284,,normal
O11915986469,121.4029155,31.2544512,,normal
O11915986471,121.4032826,31.254555,,normal
O11915986473,121.402635,31.2554623,,normal
O11915987382,121.4032108,31.2507932,,normal
O11921696892,121.4238079,31.2471454,,normal
O11921696993,121.4133805,31.2596051,,normal
O11921704338,121.421982,31.2584924,,normal
O11921704339,121.4214478,31.2585121,,normal
O11921704340,121.4190772,31.257982,,normal
O11921704341,121.4197038,31.2582003,,normal
O11921704342,121.4198079,31.2585296,,normal
O11921704343,121.4214742,31.2575145,,normal
O11921704344,121.4202515,31.256966,,normal
O11921704348,121.4196681,31.2567818,,normal
O11921704349,121.419771,31.2572662,,normal
O11921704350,121.4210367,31.2578491,,normal
O11921704351,121.4209918,31.2580994,,normal
O11921704352,121.4209318,31.2577328,,normal
O11921704355,121.4185351,31.2578238,,normal
O11921704356,121.4182523,31.2576621,,normal
O11921704357,121.4179383,31.2575605,,normal
O11921704358,121.4180183,31.2572584,,normal
O11921704359,121.4184004,31.257088,,normal
O11921704360,121.4195701,31.2581204,,normal
O11921704365,121.4213312,31.2586097,,normal
O11921704366,121.4210115,31.2586501,,normal
O11921704367,121.4208477,31.2586284,,normal
O11921704368,121.4207657,31.2586285,,normal
O11921704869,121.4209588,31.2582629,,normal
O11921704870,121.4210444,31.2584042,,normal
O11921704871,121.4197569,31.2583831,,normal
O11921704872,121.4200697,31.2587457,,normal
O11921704873,121.4198591,31.2587425,,normal
O11922647865,121.424085,31.2468051,,normal
O11922647866,121.4242244,31.2464463,,normal
O11924717791,121.4419728,31.2496736,,normal
O11925216470,121.4186065,31.25393,,normal
O11925216471,121.419265,31.2542299,,normal
O11925421404,121.4106613,31.2472922,,normal
O11925421405,121.4111824,31.2476252,,normal
O11925421407,121.410711,31.2476228,,normal
O11925421409,121.4104601,31.2481389,,normal
O11925421411,121.4108261,31.2479044,,normal
O11925432202,121.4111507,31.2483809,,normal
O11925432386,121.4111709,31.2479003,,normal
O11925486980,121.4135808,31.2467859,,normal
O11925486982,121.4138456,31.2467816,,normal
O11925647403,121.4180743,31.2496835,,normal
O11925647405,121.4186096,31.2486379,,normal
O11925647406,121.4183593,31.2491267,,normal
O11925647407,121.4202785,31.249643,,normal
O11925647408,121.4188034,31.2492595,,normal
O11925647411,121.4183078,31.2492273,,normal
O11925647413,121.4181478,31.2491652,,normal
O11925662292,121.4210244,31.2497825,,normal
O11925674687,121.4162161,31.2526712,,normal
O11925685459,121.4148896,31.2526199,,normal
O11925685460,121.4159273,31.2528727,,normal
O11928488926,121.4263625,31.2297384,,normal
O11928488927,121.4268754,31.2300306,,normal
O11928488928,121.4275641,31.2299295,,normal
O11928816896,121.4298266,31.2431766,,normal
O11928816897,121.4303015,31.2432863,,normal
O11928816898,121.4305425,31.2430474,,normal
O11928816899,121.4307098,31.242891,,normal
O11928816900,121.4304924,31.2431855,,normal
O11928819168,121.432397,31.2456178,,normal
O11928837063,121.4298173,31.2443583,,normal
O11928837064,121.4295617,31.2441075,,normal
O11928837065,121.4296223,31.2442659,,normal
O11928837066,121.4323554,31.2447608,,normal
O11928837067,121.4298998,31.2431945,,normal
O11928928570,121.4326544,31.2448442,,normal
O11930127066,121.4315274,31.2547821,,normal
O11930127067,121.4320443,31.2547313,,normal
O11930127068,121.4309323,31.2558241,,normal
O11930141359,121.4320691,31.2555764,,normal
O11930141360,121.4308244,31.2558427,,normal
O11930141361,121.4308806,31.2558331,,normal
O11930141362,121.4315788,31.2558088,,normal
O11930141363,121.4325284,31.2556099,,normal
O11930145169,121.4309309,31.255478,,normal
O11930145170,121.4316566,31.2540879,,normal
O11930145171,121.431345,31.2541774,,normal
O11930145172,121.4311734,31.2546708,,normal
O11931991358,121.4306912,31.2574573,,normal
O11934865652,121.420954,31.2385344,,normal
O11934865653,121.4188855,31.2380228,,normal
O11934865654,121.4191625,31.2377167,,normal
O11934865655,121.4195272,31.2375044,,normal
O11934865656,121.4193277,31.2368901,,normal
O11934865658,121.4187346,31.2372922,,normal
O11934865659,121.4207271,31.2383198,,normal
O11934865660,121.4202062,31.2387092,,normal
O11934865661,121.4207486,31.238967,,normal
O11934865662,121.4194928,31.2370747,,normal
O11934865666,121.420368,31.237991,,normal
O11934865667,121.4194096,31.2375379,,normal
O11934894620,121.4203291,31.2407619,,normal
O11934894621,121.4203235,31.2406588,,normal
O11934894622,121.4187099,31.2397429,,normal
O11934894623,121.4201469,31.2405681,,normal
O11934894624,121.4200756,31.2405271,,normal
O11934915010,121.4205762,31.2409213,,normal
O11934930470,121.4191513,31.2372435,,normal
O11934930474,121.4203926,31.2380152,,normal
O11934930475,121.4187277,31.2379412,,normal
O11934930478,121.4197558,31.238469,,normal
O11934930479,121.4198993,31.2385579,,normal
O11934930483,121.4201799,31.2381379,,normal
O11934930484,121.4183275,31.2375452,,normal
O11934937068,121.4199825,31.2407151,,normal
O11935088749,121.4277003,31.2461415,,normal
O11935088750,121.4274621,31.2465587,,normal
O11935088751,121.4270686,31.2465566,,normal
O11936904397,121.4562352,31.2096057,,normal
O11936904399,121.4575928,31.21018,,normal
O11936904400,121.4567724,31.2098797,,normal
O11936904401,121.4569814,31.209967,,normal
O11936904402,121.4567947,31.2098239,,normal
O11936904403,121.4570349,31.209959,,normal
O11939189537,121.4085711,31.247973,,normal
O11939189539,121.407928,31.2487146,,normal
O11939189546,121.4081185,31.2481212,,normal
O11939671620,121.4183703,31.2540151,,normal
O11951408724,121.4214378,31.2562064,,normal
O11951408725,121.4209446,31.2562046,,normal
O11952599459,121.4042831,31.2209513,,normal
O11954017591,121.4332831,31.232128,,normal
O11954017592,121.4335021,31.2319498,,normal
O11954017593,121.4344486,31.2308957,,normal
O11958508012,121.4611763,31.2335363,,normal
O11958530705,121.4660348,31.2348556,,normal
O11958530711,121.464537,31.2364538,,normal
O11958530718,121.4652786,31.2362332,,normal
O11959326950,121.466677,31.2337914,,normal
O11959326951,121.4671967,31.2339279,,normal
O11959326952,121.4671925,31.2343583,,normal
O11959326953,121.4667971,31.2344614,,normal
O11959326954,121.4675969,31.2344728,,normal
O11959326955,121.4669777,31.2338704,,normal
O11972065228,121.4179758,31.2262921,,normal
O11972065229,121.4180661,31.2260155,,normal
O11972065231,121.4176839,31.226527,,normal
O11972065233,121.4180901,31.2256401,,normal
O11982278295,121.4751847,31.2152144,,normal
O11982497549,121.482626,31.2321144,,normal
O11982611240,121.4293802,31.2467546,,normal
O11982618844,121.4300959,31.2463459,,normal
O11982618845,121.430341,31.2460362,,normal
O11982618846,121.4297282,31.2457124,,normal
O11982618847,121.4308463,31.2463267,,normal
O11982618851,121.4304088,31.2460772,,normal
O11982622327,121.4292201,31.2470067,,normal
O11982622328,121.4294274,31.246792,,normal
O11982664338,121.4191311,31.2094247,,normal
O11982675239,121.4187731,31.2099009,,normal
O11982675242,121.4192577,31.20996,,normal
O11982675244,121.4197038,31.2094933,,normal
O11982675252,121.4195286,31.2094682,,normal
O11982675255,121.4193719,31.2094475,,normal
O11982675257,121.4143964,31.2078488,,normal
O11982675258,121.4196194,31.2099976,,normal
O11982675260,121.4175193,31.2055938,,normal
O11982675268,121.4190767,31.2094196,,normal
O11982692372,121.4117136,31.2412968,,normal
O11982692373,121.4114735,31.2172047,,normal
O11982692374,121.4104158,31.2172452,,normal
O11982692375,121.4118424,31.2342168,,normal
O11982692376,121.4110846,31.2168146,,normal
O11982692377,121.4126478,31.2311472,,normal
O11982692378,121.4126463,31.2310432,,normal
O11982692469,121.4171676,31.2074008,,normal
O11982692473,121.4168293,31.2086832,,normal
O11982693932,121.4121626,31.2124786,,normal
O11982698680,121.4114987,31.2416801,,normal
O11982699779,121.4171383,31.207637,,normal
O11982699787,121.4177775,31.2082724,,normal
O11982699789,121.4171926,31.2086852,,normal
O11985337174,121.4338127,31.2425153,,normal
O11985337175,121.4336866,31.2424035,,normal
O11985337177,121.4336146,31.2422557,,normal
O11985337202,121.4335492,31.2422197,,normal
O11985341671,121.4331394,31.2426564,,normal
O11985341672,121.4326014,31.2419284,,normal
O11986831529,121.4311404,31.2398913,,normal
O11986831534,121.431247,31.2419195,,normal
O11986831535,121.4327298,31.242131,,normal
O11986831537,121.4330764,31.2417073,,normal
O11986831547,121.4331932,31.2422827,,normal
O11986831549,121.4317002,31.2426149,,normal
O11986831555,121.4327535,31.2421675,,normal
O11986831562,121.4334293,31.2422385,,normal
O11986855471,121.4311847,31.2399276,,normal
O11986855474,121.4329144,31.2424203,,normal
O11986855488,121.4309482,31.2404331,,normal
O11986855510,121.4332392,31.2419416,,normal
O11986855519,121.4323035,31.2420643,,normal
O11989832959,121.411168,31.2479686,,normal
O12023157332,121.4751145,31.2218959,,normal
O12023157334,121.4747934,31.2173014,,normal
O12023157342,121.4787112,31.2353564,,normal
O12023157344,121.4803983,31.2357235,,normal
O12025294821,121.4654153,31.2308428,,normal
O12025294823,121.4622056,31.2290619,,normal
O12025294825,121.4523397,31.2262789,,normal
O12025294829,121.4744502,31.2213929,,normal
O12025294833,121.4738098,31.2344366,,normal
O12038572475,121.460246,31.2442468,,normal
O12045664487,121.4201176,31.25637,,normal
O12045664488,121.4206723,31.2571547,,normal
O12045664491,121.4211071,31.2567386,,normal
O12045664496,121.4208227,31.256895,,normal
O12045664497,121.421445,31.2567211,,normal
O12045664500,121.4214452,31.2567318,,normal
O12045664502,121.4214428,31.2565673,,normal
O12045664519,121.4207413,31.2561044,,normal
O12045706079,121.4221069,31.2565916,,normal
O12045706080,121.4220852,31.2563746,,normal
O12045706092,121.4221441,31.2569626,,normal
O12050492105,121.4211462,31.2553024,,normal
O12074745096,121.4569033,31.2230292,,normal
O12074745101,121.4464628,31.2187374,,normal
O12074745102,121.4469058,31.2188622,,normal
O12074745103,121.4469456,31.2187692,,normal
O12074745104,121.4470434,31.2187231,,normal
O12074745105,121.4476606,31.2189473,,normal
O12074745106,121.4476962,31.218978,,normal
O12074745107,121.4479822,31.2190908,,normal
O12074745108,121.4480554,31.2192139,,normal
O12074745109,121.4480468,31.2193297,,normal
O12074745110,121.4479553,31.2195092,,normal
O12074745112,121.4480213,31.2167796,,normal
O12074745113,121.4499916,31.2174699,,normal
O12074745114,121.4497961,31.2174013,,normal
O12074745115,121.4500944,31.2166668,,normal
O12074758267,121.4592744,31.2265441,,normal
O12074758268,121.4594942,31.2260083,,normal
O12074779369,121.4590762,31.2258982,,normal
O12074779370,121.4593076,31.2259591,,normal
O12074779371,121.4595456,31.225414,,normal
O12074779372,121.4595185,31.2253836,,normal
O12074779373,121.4600803,31.2240395,,normal
O12074779374,121.4537087,31.2209507,,normal
O12074779375,121.4572543,31.226829,,normal
O12074779377,121.460181,31.2261051,,normal
O12074779378,121.4606717,31.2262304,,normal
O12074779379,121.460244,31.2261212,,normal
O12105344271,121.426547,31.2469075,,normal
O12105344272,121.4279681,31.2475646,,normal
O12105344274,121.4261429,31.2467204,,normal
O12105344275,121.4275022,31.2473525,,normal
O12105344276,121.426626,31.2467774,,normal
O12105344277,121.4266739,31.2466978,,normal
O12105344278,121.4264165,31.2487119,,normal
O12105344279,121.427047,31.2477637,,normal
O12105344280,121.4266858,31.2484255,,normal
O12105344281,121.4272462,31.2477233,,normal
O12105344282,121.426805,31.2481074,,normal
O12110279087,121.4530573,31.2489509,,normal
O12110279089,121.4527247,31.2491737,,normal
O12110463398,121.4536108,31.2479481,,normal
O12110463400,121.453486,31.2479994,,normal
O12110480802,121.4537062,31.247909,,normal
O12110480803,121.4534135,31.2480292,,normal
O12118167844,121.4535682,31.2479041,,normal
O12118167845,121.4543732,31.2476632,,normal
O12118167846,121.4538439,31.2478544,,normal
O12118167847,121.4534651,31.2479589,,normal
O12118167848,121.454016,31.2477819,,normal
O12204232918,121.4486423,31.2112997,,normal
O12221944920,121.415005,31.2523277,,normal
O12221944923,121.4155066,31.25247,,normal
O12221944924,121.4155779,31.2522928,,normal
O12231123367,121.4265507,31.2556015,,normal
O12231151925,121.4260767,31.2565449,,normal
O12231170502,121.4269802,31.2564691,,normal
O12231170503,121.4267329,31.2561856,,normal
O12231170504,121.4266856,31.2565284,,normal
O12231170505,121.4261471,31.2562586,,normal
O12231170506,121.426689,31.2563436,,normal
O12231170507,121.4268542,31.2559292,,normal
O12231170508,121.4272754,31.2568862,,normal
O12231170509,121.4272678,31.2568024,,normal
O12231170510,121.4266876,31.256418,,normal
O12231198398,121.4280222,31.2561388,,normal
O12231198399,121.4274249,31.2559219,,normal
O12231198400,121.4278594,31.2562015,,normal
O12231218801,121.4274248,31.2560444,,normal
O12241491062,121.4754177,31.2139957,,normal
O12241491064,121.4755039,31.2136441,,normal
O12241682062,121.4407923,31.2367801,,normal
O12241682064,121.4380654,31.2401605,,normal
O12241682065,121.4384996,31.2397251,,normal
O12241682077,121.4218139,31.2047155,,normal
O12243094880,121.4184357,31.2333038,,normal
O12243094881,121.419264,31.2342131,,normal
O12243094884,121.4156213,31.2320181,,normal
O12243094885,121.4163712,31.2322686,,normal
O12243094886,121.4431111,31.2277447,,normal
O12243094888,121.4477253,31.2301394,,normal
O12243094889,121.4475676,31.2300448,,normal
O12243094892,121.4700796,31.23734,,normal
O12257698035,121.4561334,31.2451723,,normal
O12257895722,121.4520072,31.2226681,,normal
O12257895726,121.4516666,31.2227755,,normal
O12257895730,121.4517726,31.222573,,normal
O12257895731,121.4519287,31.2228718,,normal
O12258569323,121.4377102,31.2328198,,normal
O12258569328,121.4362265,31.2345541,,normal
O12258569330,121.4365836,31.2351553,,normal
O12263162362,121.4551817,31.2532287,,normal
O12269472726,121.4586111,31.2417606,,normal
O12276829164,121.4154598,31.252818,,normal
O12276829165,121.4169606,31.2531247,,normal
O12276829180,121.4276274,31.2561183,,normal
O12277836645,121.4336112,31.2324463,,normal
O12278939402,121.4226632,31.2198038,,normal
O12282269938,121.4777184,31.258066,,normal
O12282269940,121.4030708,31.2418792,,normal
O12282269942,121.4095407,31.2417383,,normal
O12282269952,121.4497683,31.2269266,,normal
O12291509546,121.4329081,31.2555933,,normal
O12291509548,121.4328395,31.256047,,normal
O12291509550,121.4330701,31.2554994,,normal
O12291509551,121.4323861,31.2558158,,normal
O12291509554,121.432705,31.2566074,,normal
O12291509555,121.4319741,31.2560921,,normal
O12291509557,121.4326003,31.2560385,,normal
O12291509559,121.4330306,31.2559301,,normal
O12291509561,121.4323605,31.2564278,,normal
O12291509562,121.433376,31.2566519,,normal
O12291519183,121.4357314,31.2553863,,normal
O12291519184,121.4353266,31.2550717,,normal
O12291519185,121.4362645,31.2552508,,normal
O12304989069,121.4258414,31.2570629,,normal
O12311248732,121.4441955,31.2405904,,normal
O12313446729,121.4364941,31.2537023,,normal
O12331254876,121.4262318,31.2293197,,normal
O12331254877,121.4260657,31.2292947,,normal
O12331254878,121.4259317,31.2292489,,normal
O12331254879,121.4257066,31.229132,,normal
O12331254880,121.4255994,31.2290381,,normal
O12331254881,121.425562,31.2289462,,normal
O12331254882,121.4254923,31.2288844,,normal
O12331254883,121.4254226,31.2288798,,normal
O12331254884,121.4253476,31.2289029,,normal
O12334437481,121.4197629,31.2507536,,normal
O12334437482,121.4197091,31.2505312,,normal
O12334437483,121.4199046,31.2501521,,normal
O12334437484,121.4200558,31.2500671,,normal
O12334437485,121.4203838,31.2490514,,normal
O12334437486,121.420431,31.2485132,,normal
O12334437487,121.4206553,31.2484439,,normal
O12334557349,121.4199001,31.2508881,,normal
O12334557350,121.4197771,31.2510395,,normal
O12334557351,121.419689,31.2510828,,normal
O12334557352,121.4192148,31.2509461,,normal
O12334557353,121.4189934,31.2500094,,normal
O12334557354,121.4190841,31.2500894,,normal
O12334557355,121.4189935,31.2503273,,normal
O12334557356,121.4181309,31.2500549,,normal
O12334557377,121.4188443,31.2482145,,normal
O12334557378,121.4188956,31.2479429,,normal
O12334557379,121.4194719,31.2477828,,normal
O12334557380,121.4204427,31.2482796,,normal
O12334557382,121.4195804,31.2478384,,normal
O12334559220,121.4192305,31.2478499,,normal
O12334559231,121.4188105,31.2499446,,normal
O12334559240,121.4203125,31.2494525,,normal
O12334559241,121.4197443,31.2493484,,normal
O12334559249,121.4206524,31.2513456,,normal
O12334559250,121.4208331,31.2509385,,normal
O12334559270,121.4207295,31.2511718,,normal
O12334566662,121.4157053,31.2469793,,normal
O12334566663,121.4173382,31.2474334,,normal
O12334566664,121.4183031,31.2476319,,normal
O12334566665,121.4174008,31.2472313,,normal
O12334566666,121.4163145,31.2471487,,normal
O12334566667,121.416212,31.2474061,,normal
O12334566668,121.4155959,31.2472337,,normal
O12334566669,121.4168853,31.2475944,,normal
O12334566670,121.4163103,31.2474336,,normal
O12334566671,121.4161771,31.2478162,,normal
O12334566672,121.415423,31.2474683,,normal
O12334566673,121.416529,31.2479617,,normal
O12334566674,121.4176049,31.2482488,,normal
O12334566675,121.4170307,31.2480956,,normal
O12334566676,121.4170919,31.247913,,normal
O12334566677,121.4178228,31.2480894,,normal
O12334566678,121.417072,31.2477079,,normal
O12334566679,121.4162263,31.2476747,,normal
O12334566680,121.416432,31.247728,,normal
O12334566681,121.4169726,31.2476475,,normal
O12334566682,121.4172123,31.2474973,,normal
O12334566683,121.4172873,31.2476815,,normal
O12334566684,121.4180965,31.2478489,,normal
O12334566685,121.4156803,31.2484364,,normal
O12334566686,121.4165971,31.2487319,,normal
O12334566687,121.4167794,31.2486653,,normal
O12334566688,121.4168904,31.2484677,,normal
O12334566689,121.4166615,31.2488604,,normal
O12334566690,121.4168974,31.2490025,,normal
O12334566691,121.4172271,31.2488594,,normal
O12334566692,121.4172629,31.2487674,,normal
O12334566693,121.4161683,31.2485937,,normal
O12334566694,121.4160212,31.2489011,,normal
O12334566695,121.4156299,31.2488789,,normal
O12334581094,121.408456,31.246689,,normal
O12334581095,121.4071834,31.2464092,,normal
O12334581096,121.4056981,31.2460881,,normal
O12334581097,121.4055069,31.2473331,,normal
O12334581098,121.4080756,31.2479014,,normal
O12334581099,121.4059575,31.2461442,,normal
O12334581100,121.4056784,31.2480476,,normal
O12334595501,121.4057745,31.2473923,,normal
O12334595502,121.4062232,31.2483483,,normal
O12334595503,121.4066982,31.2467865,,normal
O12334595504,121.4064673,31.2475456,,normal
O12334595519,121.4070736,31.2476798,,normal
O12334595520,121.4068675,31.2463409,,normal
O12334595521,121.4067387,31.2467951,,normal
O12334595522,121.4063617,31.2467155,,normal
O12334595523,121.4072189,31.2477119,,normal
O12334595524,121.4075903,31.2464987,,normal
O12334595525,121.4042393,31.2452702,,normal
O12334595526,121.4042652,31.245542,,normal
O12334595527,121.4044508,31.2456896,,normal
O12334595528,121.4051528,31.2456437,,normal
O12334595529,121.4035648,31.2453594,,normal
O12334595530,121.4035649,31.245851,,normal
O12334595531,121.4036838,31.2459388,,normal
O12334595532,121.4044574,31.2459529,,normal
O12334595533,121.4052505,31.2459585,,normal
O12336555508,121.4509575,31.2133271,,normal
O12336555510,121.450273,31.2127702,,normal
O12336555520,121.4518833,31.213304,,normal
O12336555521,121.4510831,31.2130431,,normal
O12336555522,121.4511675,31.2128536,,normal
O12336555523,121.4512647,31.2126353,,normal
O12336555524,121.4513738,31.2123862,,normal
O12336555525,121.451481,31.21214,,normal
O12338701876,121.457849,31.2090238,,normal
O12338701877,121.4575945,31.2094857,,normal
O12338800543,121.4550374,31.2040981,,normal
O12338800544,121.4549004,31.205026,,normal
O12338800545,121.4549031,31.204846,,normal
O12338800546,121.4549177,31.2046749,,normal
O12338800547,121.4549375,31.2045268,,normal
O12338800553,121.4549657,31.2043802,,normal
O12338800568,121.457307,31.2048072,,normal
O12338800569,121.4568359,31.2060285,,normal
O12339517487,121.457209,31.2113658,,normal
O12339517488,121.4569194,31.2112836,,normal
O12339517489,121.4566452,31.211927,,normal
O12339517490,121.4569998,31.212027,,normal
O12339517491,121.4568439,31.2124364,,normal
O12343206338,121.456537,31.2104612,,normal
O12343206341,121.4565089,31.2105492,,normal
O12343206342,121.455645,31.2115464,,normal
O12343206343,121.4558979,31.211538,,normal
O12343206344,121.4557603,31.2114943,,normal
O12343206345,121.4553225,31.2113946,,normal
O12343206346,121.455597,31.2108197,,normal
O12343206347,121.4557261,31.210597,,normal
O12343206348,121.4563641,31.2108021,,normal
O12353464455,121.480106,31.2240475,,normal
O12357175243,121.4550092,31.2241277,,normal
O12367500269,121.4523984,31.2481758,,normal
O12367500271,121.4668937,31.2298882,,normal
O12374272782,121.4522173,31.2477864,,normal
O12374273811,121.4083884,31.2225674,,normal
O12374273812,121.4086813,31.2226347,,normal
O12374273815,121.4060489,31.2341054,,normal
O12374273817,121.4037198,31.2358972,,normal
O12374273818,121.403886,31.2360671,,normal
O12374273821,121.407938,31.2351044,,normal
O12374273823,121.4091515,31.2341413,,normal
O12374273824,121.4092585,31.2341801,,normal
O12374273827,121.4097382,31.2399858,,normal
O12374273828,121.408462,31.2406601,,normal
O12378731907,121.4929745,31.2533977,,normal
O12378731926,121.4963164,31.2544649,,normal
O12378731949,121.4957311,31.254001,,normal
O12378731950,121.4952793,31.2537455,,normal
O12378731951,121.4947341,31.2535314,,normal
O12378731952,121.4942905,31.253441,,normal
O12378731953,121.4925278,31.2533694,,normal
O12378731954,121.4920334,31.253294,,normal
O12378731955,121.4915496,31.2531693,,normal
O12378731956,121.4903882,31.2527208,,normal
O12378731957,121.4886935,31.2518999,,normal
O12378731958,121.4853254,31.2500355,,normal
O12378731959,121.4847614,31.2497068,,normal
O12378731960,121.4843471,31.2493638,,normal
O12378731961,121.483426,31.2485567,,normal
O12378731962,121.4831039,31.248374,,normal
O12378731963,121.4825318,31.2481164,,normal
O12378731964,121.4808156,31.2475799,,normal
O12378731965,121.4794896,31.2470306,,normal
O12378731966,121.4785004,31.2466777,,normal
O12378731967,121.475645,31.2458665,,normal
O12378732017,121.49614,31.2544609,,normal
O12378732018,121.4955306,31.2539878,,normal
O12378732019,121.4949426,31.2537144,,normal
O12378732020,121.4946446,31.2536086,,normal
O12378732021,121.4943185,31.2535384,,normal
O12378732022,121.494106,31.2535265,,normal
O12378732023,121.4927964,31.2535188,,normal
O12378732024,121.4921923,31.2534862,,normal
O12378732025,121.4915909,31.2533389,,normal
O12378732026,121.4906956,31.2530272,,normal
O12378732027,121.4887337,31.2520971,,normal
O12378732028,121.4850047,31.2499687,,normal
O12378732029,121.4848015,31.2498442,,normal
O12378732030,121.4840048,31.2491767,,normal
O12378732031,121.4830692,31.2484315,,normal
O12378732032,121.4824998,31.248175,,normal
O12378732033,121.481869,31.2479783,,normal
O12378732034,121.4807996,31.2476716,,normal
O12378732035,121.4794602,31.2470949,,normal
O12378732036,121.4784683,31.2467421,,normal
O12378732037,121.4756396,31.2459285,,normal
O12378732038,121.4742921,31.2455168,,normal
O12378732041,121.4731396,31.2455015,,normal
O12378732042,121.4742627,31.2455949,,normal
O12378732043,121.4727492,31.245257,,normal
O12378732044,121.4737332,31.2454724,,normal
O12379457645,121.4750044,31.2275112,,normal
O12379457646,121.4749977,31.2275441,,normal
O12412521846,121.4686291,31.2438217,,normal
O12412521847,121.4687391,31.243938,,normal
O12412521848,121.4686577,31.2442995,,normal
O12431314155,121.4660092,31.2566392,,normal
O12431314156,121.4672895,31.2571325,,normal
O12431314164,121.4638241,31.2575074,,normal
O12432739484,121.4337699,31.2023978,,normal
O12432739486,121.4336624,31.2024543,,normal
O12433502644,121.4313741,31.2065338,,normal
O12435606355,121.4348058,31.2419491,,normal
O12435606356,121.4352955,31.2417085,,normal
O12451913115,121.4657237,31.2405166,,normal
O12451913116,121.4656896,31.2403287,,normal
O12451913117,121.4656839,31.2401652,,normal
O12451913118,121.4657236,31.2400285,,normal
O12452263259,121.4525265,31.2433119,,normal
O12452263266,121.4523855,31.2421832,,normal
O12452294177,121.4494214,31.2448606,,normal
O12452681491,121.4517158,31.2458426,,normal
O12452681496,121.4516556,31.2452834,,normal
O12452693222,121.4531284,31.2419488,,normal
O12452693225,121.453115,31.2417099,,normal
O12452693228,121.4523716,31.2409983,,normal
O12452693229,121.4520089,31.240592,,normal
O12452695110,121.451405,31.2456353,,normal
O12452695127,121.4512703,31.2474557,,normal
O12452695128,121.4521337,31.2474463,,normal
O12452695131,121.4521069,31.2479483,,normal
O12452695134,121.4523858,31.2475451,,normal
O12452695135,121.4513111,31.2474552,,normal
O12452696056,121.4517541,31.2426007,,normal
O12452696057,121.4525686,31.2432693,,normal
O12452696062,121.4529757,31.2428226,,normal
O12453408147,121.4170925,31.2103881,,normal
O12453408148,121.4173485,31.2104691,,normal
O12453408149,121.4173861,31.2107491,,normal
O12453408150,121.4174182,31.2110291,,normal
O12453408151,121.417488,31.2113778,,normal
O12453408152,121.4173309,31.2116339,,normal
O12459082215,121.4355908,31.2175663,,normal
O12459082216,121.4350389,31.2174454,,normal
O12459082217,121.4356449,31.2175311,,normal
O12459082218,121.4356868,31.2173654,,normal
O12459082219,121.4356,31.2172564,,normal
O12459082220,121.4351361,31.217163,,normal
O12459082229,121.434863,31.2177781,,normal
O12459082230,121.434831,31.2177117,,normal
O12459082231,121.4348858,31.217608,,normal
O12459082244,121.4341894,31.2174441,,normal
O12459103365,121.4360357,31.2184599,,normal
O12459103366,121.4359776,31.2170853,,normal
O12459103367,121.4361537,31.2165464,,normal
O12459103368,121.4360876,31.2181662,,normal
O12459103369,121.4360568,31.2180325,,normal
O12459103370,121.4362444,31.2175695,,normal
O12459103371,121.4364179,31.2175125,,normal
O12459103372,121.4368003,31.2169733,,normal
O12459103373,121.4360956,31.2174855,,normal
O12459103374,121.4360806,31.2171121,,normal
O12459103375,121.4361887,31.2169495,,normal
O12459103376,121.4367044,31.2171107,,normal
O12459103377,121.4372314,31.2174027,,normal
O12459103378,121.4373229,31.2177432,,normal
O12459103379,121.4371151,31.218141,,normal
O12459103380,121.4372627,31.218191,,normal
O12459103381,121.4373362,31.2175429,,normal
O12459103382,121.4363817,31.2169111,,normal
O12459103383,121.4362727,31.2169111,,normal
O12459103384,121.4365199,31.2175518,,normal
O12459103385,121.4361518,31.2177979,,normal
O12459103386,121.4362447,31.2178264,,normal
O12459161823,121.4144873,31.2314695,,normal
O12459161824,121.4144534,31.2315475,,normal
O12459274212,121.4311042,31.221646,,normal
O12459274213,121.4312749,31.2214282,,normal
O12459274214,121.431084,31.2213222,,normal
O12459274215,121.4309918,31.2214263,,normal
O12459274216,121.4307238,31.2212577,,normal
O12459274217,121.4304557,31.2211619,,normal
O12459274218,121.4306441,31.2212292,,normal
O12459274219,121.4320975,31.2217413,,normal
O12459274220,121.4315018,31.2211044,,normal
O12459274221,121.4313335,31.221113,,normal
O12459274222,121.4311996,31.2212525,,normal
O12459274223,121.4323346,31.2236872,,normal
O12459274224,121.4321285,31.223638,,normal
O12459274225,121.4317998,31.2237779,,normal
O12459274226,121.4316549,31.2237285,,normal
O12459274227,121.4310487,31.2244269,,normal
O12459274230,121.4325811,31.2221418,,normal
O12459274231,121.4323056,31.2218512,,normal
O12459319513,121.4370896,31.2192393,,normal
O12459319514,121.4369658,31.2191145,,normal
O12459888712,121.4359952,31.2175028,,normal
O12459888713,121.4360641,31.2168206,,normal
O12459888743,121.4346202,31.2154188,,normal
O12459888744,121.4338961,31.2161098,,normal
O12459888745,121.4330598,31.2154812,,normal
O12459888746,121.432798,31.2158206,,normal
O12459888747,121.4325183,31.2157223,,normal
O12459888748,121.4335835,31.2149205,,normal
O12459888749,121.434434,31.2155949,,normal
O12459888750,121.43399,31.2152428,,normal
O12459888751,121.4341668,31.2150679,,normal
O12460911577,121.4344236,31.2216651,,normal
O12479695729,121.4618571,31.2077769,,normal
O12479695743,121.4647088,31.2075738,,normal
O12479866963,121.4306475,31.2567056,,normal
O12479866965,121.4308678,31.2567021,,normal
O12480299057,121.4162791,31.2172237,,normal
O12480299058,121.4162846,31.2172669,,normal
O12480299059,121.4160445,31.2177728,,normal
O12480299060,121.4154877,31.2178289,,normal
O12480494980,121.4661777,31.2149798,,normal
O12480494989,121.4652482,31.2137423,,normal
O12520197011,121.4668295,31.2150775,,normal
O12522315246,121.4231747,31.2481051,,normal
O12522327532,121.4244073,31.2458751,,normal
O12522327533,121.4237818,31.2471352,,normal
O12522327534,121.4243432,31.2464418,,normal
O12522327535,121.4241793,31.2464284,,normal
O12522327536,121.4242274,31.2463998,,normal
O12522327537,121.4238342,31.2470336,,normal
O12588862011,121.4382246,31.2182132,,normal
O12588862012,121.4379562,31.2182396,,normal
O12588862013,121.4376506,31.2181291,,normal
O12588862014,121.4385907,31.2180965,,normal
O12588862015,121.4374971,31.2184348,,normal
O12588862016,121.4371939,31.2183222,,normal
O12588862017,121.4376163,31.2186797,,normal
O12588862018,121.4379331,31.2187793,,normal
O12588862019,121.4381407,31.2186836,,normal
O12588862020,121.4382923,31.2183445,,normal
O12589901076,121.4254067,31.2548071,,normal
O12589944948,121.4277151,31.2560342,,normal
O12589944953,121.4279036,31.2554913,,normal
O12589944954,121.4277577,31.2559191,,normal
O12591856252,121.4570907,31.2092747,,normal
O12591856253,121.4576862,31.209524,,normal
O12591856286,121.4576653,31.2093571,,normal
O12591856287,121.4573507,31.2092242,,normal
O12591856288,121.4577342,31.2092321,,normal
O12591952203,121.4574174,31.2090967,,normal
O12592463539,121.4577162,31.2092646,,normal
O12592463555,121.4577988,31.2091149,,normal
O12592463556,121.4574812,31.2089765,,normal
O12592463558,121.4576382,31.2098415,,normal
O12592463559,121.4576603,31.2096916,,normal
O12592463560,121.4570076,31.2094273,,normal
O12592463561,121.4569302,31.2095728,,normal
O12592463562,121.4576141,31.2100261,,normal
O12592463563,121.4568445,31.2097315,,normal
O12592477702,121.4576363,31.2098589,,normal
O12592477811,121.4570496,31.2098117,,normal
O12592477812,121.4570809,31.2098067,,normal
O12592477813,121.4567074,31.2099988,,normal
O12592477814,121.4574024,31.2101064,,normal
O12592593994,121.4587097,31.2110689,,normal
O12592605956,121.4580195,31.2108778,,normal
O12592605963,121.4580524,31.2108869,,normal
O12592682635,121.458083,31.2108953,,normal
O12592682636,121.4582684,31.210432,,normal
O12592682639,121.4587405,31.2110775,,normal
O12592682640,121.4589212,31.2106139,,normal
O12592703313,121.458155,31.2107207,,normal
O12592703314,121.4588073,31.2109073,,normal
O12592703315,121.4582125,31.2105724,,normal
O12592703316,121.4588652,31.2107575,,normal
O12592749759,121.4581676,31.2106867,,normal
O12592749760,121.4578928,31.2106065,,normal
O12592749761,121.4582274,31.2105336,,normal
O12592749762,121.4579468,31.2104501,,normal
O12592749777,121.4591217,31.2109962,,normal
O12592749788,121.4591598,31.2108374,,normal
O12592749789,121.4579051,31.2105553,,normal
O12600303963,121.4294893,31.2137707,,normal
O12600303970,121.4293331,31.2146208,,normal
O12603453874,121.4299882,31.256279,,normal
O12603453877,121.4289886,31.2564994,,normal
O12606247465,121.4276864,31.2152286,,normal
O12606247466,121.4272083,31.2167861,,normal
O12606247467,121.4272094,31.2167044,,normal
O12606247468,121.4261185,31.2165907,,normal
O12606247469,121.4260487,31.2165534,,normal
O12606247470,121.42613,31.2158771,,normal
O12606247471,121.4261251,31.2159177,,normal
O12606247472,121.4256579,31.2158714,,normal
O12606247473,121.4268447,31.2159852,,normal
O12606247474,121.42614,31.2158043,,normal
O12606247475,121.4258243,31.2157491,,normal
O12606259616,121.4262927,31.214377,,normal
O12606259617,121.4265282,31.2134872,,normal
O12606259618,121.4263924,31.2142265,,normal
O12606259619,121.426566,31.2142469,,normal
O12606259620,121.4265195,31.2144765,,normal
O12606259621,121.4265255,31.214447,,normal
O12606327756,121.4309233,31.2131799,,normal
O12606328313,121.4294713,31.2079722,,normal
O12606328355,121.4291414,31.2058098,,normal
O12606328356,121.4291144,31.2056578,,normal
O12606328357,121.4290913,31.205633,,normal
O12606328358,121.4290585,31.2056249,,normal
O12606328359,121.4289949,31.2056265,,normal
O12606328360,121.4287595,31.2056533,,normal
O12606328361,121.4287866,31.2059721,,normal
O12606328362,121.428802,31.2059902,,normal
O12606328363,121.4288483,31.2059918,,normal
O12606328364,121.4291298,31.2059717,,normal
O12606328365,121.4291472,31.2059568,,normal
O12606328366,121.4287817,31.2056424,,normal
O12606328367,121.4287576,31.2056846,,normal
O12606328368,121.4290816,31.2053819,,normal
O12606328369,121.4283681,31.2054338,,normal
O12606328370,121.4284588,31.2062913,,normal
O12606328371,121.429209,31.2062409,,normal
O12606328372,121.4291678,31.2059206,,normal
O12611727665,121.4578023,31.2099975,,normal
O12611727666,121.4587628,31.2102642,,normal
O12611727667,121.4583194,31.2101428,,normal
O12611727668,121.4585037,31.2095578,,normal
O12611727688,121.4577692,31.2102266,,normal
O12611727695,121.4577901,31.2100814,,normal
O12611730411,121.4578216,31.2098635,,normal
O12612972012,121.455573,31.2099338,,normal
O12612972013,121.4556928,31.2096752,,normal
O12612972014,121.4542853,31.2092762,,normal
O12612972077,121.455108,31.209509,,normal
O12612972078,121.4551894,31.2093039,,normal
O12612972079,121.4543544,31.2090704,,normal
O12612972080,121.4557431,31.2094612,,normal
O12635612486,121.4103253,31.2516599,,normal
O12635612490,121.4186616,31.2481204,,normal
O12635612492,121.4139995,31.2500817,,normal
O12635612494,121.4143069,31.2501341,,normal
O12636078713,121.4573044,31.2469706,,normal
O12642113676,121.4281265,31.2155786,,normal
O12642113677,121.4281355,31.2157508,,normal
O12642658581,121.4188322,31.2159591,,normal
O12642658582,121.4188737,31.2158989,,normal
O12642658583,121.4188098,31.2158223,,normal
O12642658584,121.4187682,31.215784,,normal
O12642658585,121.4187726,31.2157381,,normal
O12642685932,121.4274889,31.2135989,,normal
O12642685936,121.4276172,31.2123298,,normal
O12643507829,121.458758,31.2105684,,normal
O12643507830,121.4589827,31.2099593,,normal
O12643507831,121.4593086,31.2100469,,normal
O12643507832,121.4589241,31.2101183,,normal
O12643507833,121.4592526,31.2102102,,normal
O12643507834,121.4588141,31.2104163,,normal
O12643507836,121.4588684,31.210269,,normal
O12643507837,121.4592003,31.2103616,,normal
O12647164413,121.4010544,31.2183557,,normal
O12647164414,121.4006244,31.2183194,,normal
O12647168822,121.4111116,31.2232395,,normal
O12647478172,121.4481482,31.2442069,,normal
O12647478388,121.4420017,31.2496041,,normal
O12647478389,121.4418364,31.2500024,,normal
O12647487420,121.4488266,31.2449437,,normal
O12647487422,121.4478604,31.2445344,,normal
O12647531013,121.4532691,31.2415965,,normal
O12647531014,121.4537744,31.2415899,,normal
O12647531015,121.4548952,31.2410169,,normal
O12647531016,121.4553666,31.2406557,,normal
O12647795668,121.431153,31.2400168,,normal
O12647812837,121.433581,31.245623,,normal
O12647833544,121.4271128,31.2372579,,normal
O12647833550,121.4288991,31.2382227,,normal
O12647833551,121.4286456,31.2381307,,normal
O12647895591,121.4246729,31.2377557,,normal
O12647895592,121.4260715,31.2366977,,normal
O12648724533,121.4361618,31.2490379,,normal
O12648785803,121.4405733,31.2473189,,normal
O12648785804,121.4407746,31.2474434,,normal
O12648785805,121.4395893,31.2487411,,normal
O12648785806,121.4402463,31.2491769,,normal
O12648785808,121.4406143,31.2483396,,normal
O12648785809,121.441168,31.2476864,,normal
O12648785810,121.4398408,31.2482883,,normal
O12648785811,121.4399408,31.2483564,,normal
O12655284992,121.4024752,31.2402173,,normal
O12655291801,121.4015594,31.2394616,,normal
O12655402994,121.4057696,31.2412578,,normal
O12655466716,121.4041383,31.2403007,,normal
O12655466741,121.4056109,31.2415203,,normal
O12655466759,121.4056967,31.2413631,,normal
O12655466768,121.4068563,31.2405718,,normal
O12655466785,121.4079462,31.2395577,,normal
O12655792559,121.4085479,31.2407463,,normal
O12655799556,121.4058798,31.2345389,,normal
O12655926384,121.4031829,31.235348,,normal
O12655926394,121.4032551,31.234764,,normal
O12655944379,121.4051822,31.2402476,,normal
O12655944380,121.4058225,31.2409635,,normal
O12655944381,121.405494,31.2405883,,normal
O12655944382,121.4053492,31.2401353,,normal
O12655944383,121.4059639,31.2408157,,normal
O12655944384,121.4056639,31.240478,,normal
O12655944385,121.4055154,31.2400233,,normal
O12655944386,121.4058426,31.2403622,,normal
O12655944387,121.4050565,31.2403322,,normal
O12655944388,121.4057317,31.2410821,,normal
O12655944389,121.4053633,31.240673,,normal
O12655944390,121.4058168,31.2406501,,normal
O12655944391,121.4059866,31.2405395,,normal
O12655944392,121.406134,31.2407147,,normal
O12655944393,121.4060289,31.2402412,,normal
O12655944394,121.4062975,31.2405806,,normal
O12655944395,121.4061689,31.240418,,normal
O12655944396,121.4058704,31.2397843,,normal
O12655944397,121.4061862,31.2401392,,normal
O12655944398,121.4057052,31.2398956,,normal
O12655944399,121.4064623,31.2404481,,normal
O12657813060,121.4844569,31.2159896,,normal
O12657813061,121.4820951,31.2143122,,normal
O12657813068,121.4805498,31.2122412,,normal
O12657813069,121.4812302,31.2122649,,normal
O12657813070,121.4808278,31.2122357,,normal
O12657813071,121.4810325,31.212244,,normal
O12657813072,121.4797745,31.212262,,normal
O12657813079,121.4806133,31.2111674,,normal
O12662966121,121.4755719,31.2159429,,normal
O12662966122,121.475776,31.2152544,,normal
O12662966257,121.4768129,31.216613,,normal
O12662966258,121.4771374,31.2153797,,normal
O12664506664,121.4573182,31.2102508,,normal
O12664506671,121.4572307,31.21035,,normal
O12664506672,121.4566517,31.2101034,,normal
O12664584044,121.4571282,31.2105462,,normal
O12682703869,121.4463444,31.2230471,,normal
O12682703870,121.4464524,31.2228705,,normal
O12684817009,121.4159809,31.2442588,,normal
O12684817010,121.415998,31.2446066,,normal
O12684817011,121.4163861,31.244343,,normal
O12684817012,121.4164746,31.2444163,,normal
O12684819750,121.4183406,31.2463058,,normal
O12690763897,121.4581757,31.2460123,,normal
O12692200977,121.4325601,31.2141507,,normal
O12692200978,121.4325115,31.2142287,,normal
O12692200979,121.4325681,31.2142587,,normal
O12692200980,121.4326171,31.2143071,,normal
O12692200981,121.4323358,31.2147869,,normal
O12692200982,121.4320744,31.2146824,,normal
O12692200983,121.4323434,31.2142079,,normal
O12692200984,121.4323877,31.2141895,,normal
O12692200985,121.4324535,31.2142064,,normal
O12692200986,121.4317624,31.2152985,,normal
O12692200987,121.4320067,31.2153978,,normal
O12692200988,121.4317741,31.2152755,,normal
O12692200989,121.4320221,31.2153692,,normal
O12709967685,121.4202595,31.2094374,,normal
O12709967686,121.4202366,31.2096871,,normal
O12709967694,121.4201884,31.2104625,,normal
O12709975400,121.4206249,31.2091291,,normal
O12710017682,121.4196844,31.2096349,,normal
O12710017683,121.4202334,31.2097221,,normal
O12710017684,121.4197218,31.2096717,,normal
O12710017685,121.4196559,31.2100777,,normal
O12710017686,121.4194175,31.2100447,,normal
O12710035443,121.4173294,31.2149952,,normal
O12710035990,121.4187914,31.2108261,,normal
O12710035991,121.4187455,31.2107737,,normal
O12710035992,121.4187455,31.2107121,,normal
O12710035993,121.4187899,31.2106005,,normal
O12710035994,121.4190579,31.2106018,,normal
O12710035995,121.418864,31.2108629,,normal
O12710035996,121.4187409,31.21088,,normal
O12710035997,121.4187149,31.210956,,normal
O12710035998,121.4187547,31.2110268,,normal
O12710035999,121.4188221,31.211053,,normal
O12710036000,121.418911,31.2110346,,normal
O12710045469,121.4173588,31.2098741,,normal
O12710045470,121.4177938,31.2098779,,normal
O12710045471,121.4180541,31.2100963,,normal
O12710067209,121.4174657,31.209875,,normal
O12710076701,121.4189645,31.2109637,,normal
O12710076702,121.4171596,31.2104093,,normal
O12710076703,121.4173507,31.2116017,,normal
O12713036692,121.4469334,31.248786,,normal
O12713036693,121.4469282,31.2492873,,normal
O12713036694,121.4467977,31.2492927,,normal
O12731469737,121.4277752,31.2292047,,normal
O12743859116,121.4027127,31.2570288,,normal
O12743859120,121.4028893,31.2564748,,normal
O12744146188,121.4554548,31.2086726,,normal
O12744146189,121.4557155,31.2077739,,normal
O12744146190,121.4555618,31.2076844,,normal
O12744252236,121.4556247,31.2080869,,normal
O12744252245,121.455263,31.2078706,,normal
O12744252246,121.4553493,31.2075607,,normal
O12744762467,121.4256835,31.2498868,,normal
O12744762499,121.4256633,31.2499357,,normal
O12747614335,121.4554584,31.2080389,,normal
O12749946292,121.4776372,31.212652,,normal
O12791791995,121.4346188,31.2291413,,normal
O12791791996,121.4341072,31.2296648,,normal
O12808907700,121.4423237,31.2305108,,normal
O12808909901,121.442238,31.2308247,,normal
O12808909902,121.442274,31.2306733,,normal
O12808909903,121.4420742,31.2313228,,normal
O12808909904,121.4421223,31.2312003,,normal
O12808909905,121.4421806,31.2310265,,normal
O12808909906,121.4422108,31.230928,,normal
O12808909907,121.4423696,31.2303994,,normal
O12810493555,121.4549913,31.247413,,normal
O12810493556,121.4552737,31.247285,,normal
O12810493557,121.4553426,31.2471542,,normal
O12810493558,121.4539334,31.247817,,normal
O12810493559,121.4535854,31.247901,,normal
O12810493560,121.4536911,31.2478819,,normal
O12810493561,121.454191,31.2477238,,normal
O12810493562,121.4559917,31.2475592,,normal
O12810493565,121.4573316,31.2458177,,normal
O12810493572,121.4558231,31.2372968,,normal
O12810493578,121.4817308,31.2275323,,normal
O12810493586,121.4717529,31.2330686,,normal
O12810493587,121.4685839,31.2295707,,normal
O12810493588,121.4316034,31.2514964,,normal
O12810493591,121.4256612,31.2499812,,normal
O12830428509,121.4187599,31.2473266,,normal
O12837433114,121.449014,31.2517812,,normal
O12837433123,121.4491906,31.2511306,,normal
O12837433124,121.4488525,31.2510726,,normal
O12837433125,121.4484324,31.2508978,,normal
O12837433126,121.4480448,31.2506586,,normal
O12837433127,121.4472944,31.2504424,,normal
O12837433128,121.4467598,31.2503806,,normal
O12837433129,121.4460815,31.2502393,,normal
O12837433130,121.4454392,31.250161,,normal
O12837433131,121.4449561,31.2502608,,normal
O12837433132,121.4448255,31.2504306,,normal
O12837433133,121.4448796,31.250711,,normal
O12837433134,121.445156,31.2510266,,normal
O12837433135,121.4446935,31.2501482,,normal
O12837433136,121.4443969,31.2500638,,normal
O12837433137,121.4441569,31.2501329,,normal
O12837433138,121.4458459,31.2502106,,normal
O12837433139,121.4457783,31.2505106,,normal
O12837433140,121.4458361,31.2508422,,normal
O12837433141,121.4467237,31.2507975,,normal
O12837433142,121.4478415,31.2506,,normal
O12837433143,121.4476876,31.2509764,,normal
O12837433144,121.4473381,31.2508772,,normal
O12837433146,121.4474652,31.2513695,,normal
O12837433174,121.4454894,31.2501671,,normal
O12837433178,121.4489501,31.2510894,,normal
O12837433199,121.4410666,31.2553902,,normal
O12837433200,121.4416093,31.2554779,,normal
O12837433201,121.4422278,31.2553487,,normal
O12837433202,121.4426,31.2552071,,normal
O12837433203,121.4426672,31.2551635,,normal
O12837433204,121.44262,31.2549321,,normal
O12837433205,121.4421538,31.2548777,,normal
O12837433206,121.4420787,31.2553799,,normal
O12837433213,121.4332916,31.2427717,,normal
O12837433214,121.4330091,31.2425678,,normal
O12837433226,121.4319229,31.2427906,,normal
O12837433227,121.4317916,31.2431379,,normal
O12837433228,121.4318068,31.2430849,,normal
O12837433229,121.430842,31.2424964,,normal
O12837433230,121.4322848,31.2428892,,normal
O12837433231,121.4318252,31.2430378,,normal
O12837433232,121.4321878,31.2431353,,normal
O12837433233,121.4307068,31.2427369,,normal
O12837433235,121.431644,31.2427147,,normal
O12837433236,121.4326025,31.240481,,normal
O12837433237,121.4317459,31.2409035,,normal
O12837433238,121.4319165,31.2412691,,normal
O12837433239,121.4326057,31.2411191,,normal
O12837433240,121.4324595,31.2407698,,normal
O12837433241,121.4317595,31.2409326,,normal
O12837433242,121.4310941,31.2409,,normal
O12837433244,121.4328,31.2426768,,normal
O12837433245,121.4324914,31.2422431,,normal
O12837433246,121.4325269,31.2428191,,normal
O12837433247,121.4314881,31.2422944,,normal
O12837433248,121.4319521,31.2420751,,normal
O12837433249,121.4321571,31.2424002,,normal
O12837433250,121.4313411,31.2420646,,normal
O12837433251,121.4318044,31.2418408,,normal
O12837433252,121.4500119,31.2521007,,normal
O12837433265,121.4524796,31.2474773,,normal
O12837433268,121.4518843,31.2548726,,normal
O12839097242,121.4426387,31.2510458,,normal
O12839097243,121.4425123,31.2510596,,normal
O12839097244,121.4399804,31.2535012,,normal
O12839097245,121.4397842,31.2537037,,normal
O12839097246,121.4378555,31.248768,,normal
O12842351450,121.4783065,31.2593923,,normal
O12842351451,121.4783466,31.2593813,,normal
O12843318331,121.4768949,31.2544718,,normal
O12843318332,121.476712,31.2543131,,normal
O12843318333,121.476801,31.254517,,normal
O12843318334,121.4768191,31.2538663,,normal
O12843318335,121.4766124,31.2536779,,normal
O12843318336,121.4767689,31.2536217,,normal
O12843318337,121.4768307,31.2536514,,normal
O12843318382,121.4761593,31.2575278,,normal
O12843318383,121.4767395,31.2570269,,normal
O12843318384,121.4767913,31.257021,,normal
O12843318385,121.4768331,31.2570438,,normal
O12843318386,121.4769697,31.2574936,,normal
O12843318387,121.4765812,31.2578979,,normal
O12843318388,121.4763733,31.2567558,,normal
O12843318395,121.4774417,31.2577119,,normal
O12843318396,121.4770092,31.2560685,,normal
O12843318397,121.4768547,31.2554337,,normal
O12843694207,121.4277786,31.2277552,,normal
O12850442204,121.4137665,31.2452539,,normal
O12850442212,121.4152163,31.2446569,,normal
O12850442213,121.4133456,31.2457393,,normal
O12850442219,121.415667,31.2444315,,normal
O12850442220,121.4135395,31.2462959,,normal
O12850442223,121.4138554,31.2465691,,normal
O12864887288,121.4469208,31.2271415,,normal
O12888527879,121.4589769,31.2086188,,normal
O12888527880,121.458645,31.2085841,,normal
O12888527881,121.4584509,31.2085682,,normal
O12888527882,121.4594628,31.2089691,,normal
O12888527883,121.4593974,31.2091279,,normal
O12888527884,121.4590291,31.2090218,,normal
O12888527885,121.4587079,31.2089362,,normal
O12888527886,121.4591965,31.2092349,,normal
O12888527887,121.4589728,31.2091722,,normal
O12888527888,121.4586625,31.2090845,,normal
O12888527889,121.4590264,31.2082707,,normal
O12888527890,121.4583638,31.2082378,,normal
O12888527891,121.4590505,31.2080985,,normal
O12888527892,121.4590665,31.2079434,,normal
O12919878115,121.4749534,31.2407086,,normal
O12919878116,121.4749941,31.2405615,,normal
O12919878117,121.4750262,31.2404548,,normal
O12919878118,121.4749921,31.2403817,,normal
O12919878119,121.4746012,31.2402699,,normal
O12919878120,121.4745371,31.2402913,,normal
O12919878122,121.4743552,31.2407433,,normal
O12919878123,121.4740538,31.2391402,,normal
O12919959142,121.4755264,31.2411626,,normal
O12919959145,121.4750175,31.2404278,,normal
O12934449903,121.4499749,31.2094958,,normal
O12947774525,121.4588469,31.2289365,,normal
O12947774527,121.4596675,31.2294353,,normal
O12947774570,121.4601292,31.2284488,,normal
O12947774571,121.4603154,31.228114,,normal
O12947774572,121.4611324,31.228435,,normal
O12947774573,121.4601176,31.2284717,,normal
O12947774574,121.4608595,31.228758,,normal
O12947774575,121.4608287,31.2288166,,normal
O12947774576,121.4612166,31.2289844,,normal
O12947774577,121.460463,31.228605,,normal
O12947774578,121.4602657,31.2290117,,normal
O12947774579,121.4603699,31.2287969,,normal
O12947774580,121.460024,31.2286569,,normal
O12947774581,121.4605816,31.2286508,,normal
O12947774582,121.4607579,31.2282879,,normal
O12947774583,121.4604174,31.2285874,,normal
O12947774584,121.4605975,31.2282248,,normal
O12955661111,121.4590221,31.2101459,,normal
O12955661112,121.4569473,31.2084895,,normal
O12955662175,121.4600174,31.2080111,,normal
O12955662182,121.4595715,31.2087146,,normal
O12955662183,121.4593683,31.2086279,,normal
O12955662184,121.4592504,31.2089131,,normal
O12955662185,121.4591851,31.2086068,,normal
O12999261330,121.4707999,31.2358861,,normal
O12999261331,121.4708419,31.2359017,,normal
O12999261333,121.4708232,31.2358947,,normal
O13020130446,121.4710875,31.2249237,,normal
O13044578152,121.4213322,31.2098824,,normal
O13049957260,121.4579959,31.207432,,normal
O13061347851,121.4702246,31.2245256,,normal
O13061347852,121.470216,31.2244829,,normal
O13061901313,121.4630454,31.2266215,,normal
O13063677499,121.4540901,31.2287318,,normal
O13063677500,121.454185,31.22868,,normal
O13063733201,121.4476249,31.2370304,,normal
O13063733202,121.4460528,31.2390016,,normal
O13075885199,121.4712758,31.2287121,,normal
O13081629324,121.4735931,31.2413331,,normal
O13095436153,121.4247173,31.2211187,,normal
O13099830416,121.4442931,31.2058129,,normal
O13135510034,121.4496728,31.2475608,,normal
O13135510035,121.4490742,31.24717,,normal
O13135510036,121.4489779,31.2471071,,normal
O13135552269,121.4337278,31.2458235,,normal
O13135596710,121.43611,31.2523429,,normal
O13135596711,121.4353166,31.2515556,,normal
O13136463961,121.4220584,31.2178485,,normal
O13136463962,121.4222493,31.2178675,,normal
O13136463963,121.4224538,31.2178705,,normal
O13136463964,121.4226498,31.2178683,,normal
O13136463965,121.422806,31.2178363,,normal
O13136463999,121.4218102,31.217814,,normal
O13136483501,121.4254307,31.2172101,,normal
O13136483502,121.4229993,31.2171446,,normal
O13136483504,121.4229957,31.217181,,normal
O13142673500,121.4243469,31.21717,,normal
O13142708401,121.4243756,31.2163032,,normal
O13142708402,121.4247882,31.2163181,,normal
O13142708403,121.4247379,31.2170214,,normal
O13142708404,121.4243523,31.2170063,,normal
O13142708414,121.4247633,31.2166663,,normal
O13142708415,121.4243639,31.2166541,,normal
O13142708416,121.4239222,31.2166616,,normal
O13142708417,121.4239049,31.2171532,,normal
O13142708418,121.4239078,31.2170761,,normal
O13142708428,121.4243574,31.2168539,,normal
O13142708433,121.424784,31.2163766,,normal
O13142708435,121.4239168,31.216837,,normal
O13142708436,121.4245479,31.217014,,normal
O13142708451,121.4230024,31.217091,,normal
O13142708452,121.4239059,31.2171272,,normal
O13142708453,121.4243476,31.2171485,,normal
O13142708454,121.4254221,31.2171628,,normal
O13142708469,121.4230073,31.2169289,,normal
O13142708470,121.4231009,31.2169318,,normal
O13142708471,121.4238352,31.2169631,,normal
O13142708472,121.4239119,31.2169671,,normal
O13142708486,121.4229919,31.2172186,,normal
O13142708497,121.4219506,31.2171678,,normal
O13142708498,121.4221709,31.2170859,,normal
O13142708515,121.4253525,31.2189277,,normal
O13142708522,121.4266451,31.2172301,,normal
O13142708527,121.4264037,31.2188628,,normal
O13142708528,121.4264591,31.218859,,normal
O13142708534,121.4266989,31.2172389,,normal
O13146496135,121.4599465,31.2321862,,normal
O13157324806,121.4173601,31.2364393,,normal
O13158070586,121.4131616,31.2513479,,normal
O13158070591,121.4112872,31.2512697,,normal
O13159529936,121.4320191,31.2559539,,normal
O13159529998,121.4459077,31.2554701,,normal
O13159529999,121.4460393,31.2545365,,normal
O13159538111,121.4449706,31.2554737,,normal
O13159538115,121.4454019,31.2560497,,normal
O13159538118,121.4453358,31.256203,,normal
O13159562161,121.4213069,31.2437191,,normal
O13159612223,121.4285807,31.2465743,,normal
O13159612224,121.4268824,31.2465925,,normal
O13161620641,121.4460422,31.2303187,,normal
O13161620642,121.445657,31.230119,,normal
O13161620643,121.4451388,31.2297054,,normal
O13161620644,121.444891,31.229437,,normal
O13161620645,121.4445703,31.229289,,normal
O13162049630,121.4423689,31.2282331,,normal
O13162049637,121.4427816,31.2284594,,normal
O13162049638,121.4427197,31.2284291,,normal
O13166860751,121.4560786,31.2101063,,normal
O13166860794,121.4566218,31.2101609,,normal
O13167415257,121.4287049,31.2242846,,normal
O13167415258,121.4287565,31.2243072,,normal
O13167415259,121.4287992,31.2243416,,normal
O13167415260,121.4292985,31.2247007,,normal
O13167415261,121.4293157,31.2247475,,normal
O13167415262,121.4291838,31.2248707,,normal
O13167415263,121.4290157,31.2248593,,normal
O13167415264,121.4288842,31.2247749,,normal
O13167415265,121.4286867,31.2247928,,normal
O13167415266,121.4283024,31.2250801,,normal
O13167415267,121.4279821,31.2251485,,normal
O13167415268,121.4281999,31.2251194,,normal
O13167415269,121.4285851,31.22487,,normal
O13167415270,121.4289125,31.2247905,,normal
O13167415271,121.4290535,31.2248803,,normal
O13167415272,121.4280982,31.2251377,,normal
O13167415273,121.4286316,31.2248197,,normal
O13167415275,121.4289476,31.2244713,,normal
O13167415276,121.4288957,31.2244339,,normal
O13167415277,121.4288648,31.2243902,,normal
O13167426407,121.428064,31.2243189,,normal
O13167426408,121.428021,31.2243331,,normal
O13167426409,121.4278917,31.2243188,,normal
O13167426410,121.4277723,31.224382,,normal
O13167486948,121.4277859,31.2244561,,normal
O13168864818,121.424383,31.2243175,,normal
O13168864819,121.4249844,31.2241021,,normal
O13168864820,121.4256881,31.2238265,,normal
O13168864821,121.4264939,31.2234815,,normal
O13168864822,121.4268544,31.2232586,,normal
O13168876624,121.4240495,31.2246267,,normal
O13169067586,121.4377701,31.2382911,,normal
O13172354640,121.4132105,31.2096293,,normal
O13172389812,121.404817,31.2069313,,normal
O13172441983,121.4096379,31.2114495,,normal
O13176186058,121.4585415,31.2128856,,normal
O13176186061,121.4581848,31.2130077,,normal
O13176250741,121.4578661,31.2144269,,normal
O13176250742,121.4580194,31.2140844,,normal
O13176309259,121.4577186,31.213989,,normal
O13176325934,121.4579029,31.2136333,,normal
O13176325947,121.4573272,31.2142604,,normal
O13176325948,121.4575291,31.2137814,,normal
O13176348440,121.4582782,31.2134022,,normal
O13176348441,121.4580389,31.2139472,,normal
O13176348442,121.4580571,31.2139867,,normal
O13176460145,121.4595819,31.2131447,,normal
O13176460146,121.4593778,31.2136803,,normal
O13176463581,121.4599054,31.2132236,,normal
O13176463582,121.4597714,31.2135938,,normal
O13176463585,121.4600192,31.2132514,,normal
O13176463586,121.459882,31.2136749,,normal
O13176463621,121.4599221,31.2135321,,normal
O13176700072,121.4571854,31.2134671,,normal
O13176700073,121.4567829,31.2133641,,normal
O13176700090,121.4572093,31.213337,,normal
O13176717767,121.4573091,31.2127677,,normal
O13176717768,121.4569486,31.2126621,,normal
O13176717769,121.4572423,31.2131489,,normal
O13176717770,121.4569331,31.2130646,,normal
O13179641017,121.4572295,31.2105896,,normal
O13179876910,121.4576653,31.2109333,,normal
O13180122158,121.4576025,31.21126,,normal
O13180122159,121.457337,31.2111823,,normal
O13180276867,121.4577372,31.2104482,,normal
O13180276868,121.4575173,31.2104293,,normal
O13180276889,121.4573174,31.2106272,,normal
O13180276890,121.4575435,31.210221,,normal
O13180291703,121.457337,31.2106357,,normal
O13180291706,121.4574113,31.2104627,,normal
O13180291707,121.4573437,31.2105806,,normal
O13180291708,121.4573978,31.2104858,,normal
O13182471133,121.4605532,31.2102996,,normal
O13183111111,121.4567413,31.2083681,,normal
O13183357799,121.4592452,31.2112388,,normal
O13183367755,121.4591637,31.2105369,,normal
O13183367757,121.4591958,31.2103802,,normal
O13183367759,121.4592481,31.2102198,,normal
O13183367761,121.4593,31.2100721,,normal
O13183401414,121.4615177,31.2105609,,normal
O13183401415,121.4606903,31.2103432,,normal
O13183401416,121.4609737,31.2104055,,normal
O13183401432,121.4610917,31.2099868,,normal
O13183420461,121.4607625,31.2098873,,normal
O13183420462,121.4605919,31.2102732,,normal
O13188699570,121.4311363,31.2244375,,normal
O13188699571,121.4307017,31.2248654,,normal
O13188951934,121.4372863,31.2281296,,normal
O13188951935,121.438365,31.228497,,normal
O13188951936,121.4384478,31.2285607,,normal
O13188951937,121.4384542,31.2286535,,normal
O13188951938,121.4384181,31.2287264,,normal
O13188951939,121.4383543,31.2288103,,normal
O13188951940,121.4382927,31.2288522,,normal
O13188951941,121.4382247,31.2288596,,normal
O13188951942,121.4381078,31.2288598,,normal
O13188951943,121.4373831,31.2287824,,normal
O13188951944,121.4384877,31.228249,,normal
O13191788278,121.4321136,31.2232161,,normal
O13191788279,121.4322522,31.2238883,,normal
O13191788280,121.4321089,31.2240812,,normal
O13191788285,121.4318641,31.2237884,,normal
O13191791402,121.4329749,31.2204931,,normal
O13191791403,121.4327367,31.2209295,,normal
O13191791411,121.4336479,31.2201735,,normal
O13191791412,121.4335179,31.2210794,,normal
O13191791417,121.4320606,31.2236519,,normal
O13191791420,121.4319819,31.2237536,,normal
O13191791421,121.4319257,31.2237786,,normal
O13191791470,121.432349,31.2211468,,normal
O13191791471,121.4323634,31.2211735,,normal
O13191791472,121.4323612,31.221188,,normal
O13191791473,121.4323788,31.2212129,,normal
O13191791474,121.4323666,31.2212021,,normal
O13191791475,121.4318602,31.2205567,,normal
O13191791476,121.4323617,31.2211603,,normal
O13192414731,121.4821277,31.2079701,,normal
O13192414732,121.4817557,31.2083694,,normal
O13192414733,121.4814078,31.208469,,normal
O13192414734,121.4820622,31.2080398,,normal
O13192414785,121.4800363,31.2095876,,normal
O13192414786,121.4811633,31.2089272,,normal
O13192414793,121.4804568,31.20871,,normal
O13192416602,121.4806685,31.2098511,,normal
O13192416603,121.480134,31.2093837,,normal
O13192416604,121.4808205,31.2096266,,normal
O13192416605,121.4807832,31.2096135,,normal
O13192416606,121.4802435,31.2091551,,normal
O13192416607,121.480932,31.2093992,,normal
O13192416608,121.4808933,31.2093855,,normal
O13192416609,121.4803562,31.2089199,,normal
O13192416610,121.4810493,31.2091597,,normal
O13192416611,121.481009,31.2091459,,normal
O13192416618,121.4815922,31.2076339,,normal
O13192416619,121.4807912,31.2079531,,normal
O13192416646,121.4811279,31.2081633,,normal
O13192416647,121.4812991,31.2079661,,normal
O13192416648,121.4812441,31.2074301,,normal
O13192416649,121.4806959,31.208061,,normal
O13192416650,121.4809672,31.2077504,,normal
O13192416686,121.4827603,31.2096073,,normal
O13192416687,121.4824102,31.2094471,,normal
O13192416688,121.4830529,31.2085501,,normal
O13192416689,121.4825426,31.2092466,,normal
O13192416690,121.482512,31.2092267,,normal
O13192416691,121.4822833,31.2093869,,normal
O13192416692,121.4816856,31.2090136,,normal
O13192416693,121.4812108,31.2088337,,normal
O13192416694,121.4819414,31.2091858,,normal
O13192416695,121.4821098,31.2092936,,normal
O13192416696,121.4822301,31.2093595,,normal
O13192416697,121.4817401,31.20904,,normal
O13192416698,121.4817918,31.2090774,,normal
O13193519011,121.487999,31.2104578,,normal
O13193519025,121.4872284,31.2102265,,normal
O13194790586,121.4250009,31.2502209,,normal
O13194790587,121.4249629,31.2503786,,normal
O13194790588,121.4251422,31.2499663,,normal
O13194790589,121.4249692,31.2503527,,normal
O13196688995,121.3929145,31.2197476,,normal
O13276965581,121.4504307,31.2426045,,normal
O13276965582,121.4509007,31.243156,,normal
O13279034829,121.4670592,31.253774,,normal
O13279034830,121.4672684,31.2537744,,normal
O13279034831,121.4672944,31.2536607,,normal
O13279034832,121.4671335,31.2537742,,normal
O13290354019,121.479978,31.2223399,,normal
O13290354020,121.4810289,31.2203586,,normal
O13290354021,121.4814752,31.2217501,,normal
O13290354023,121.4797769,31.2209701,,normal
O13290354024,121.4798654,31.2209839,,normal
O13290354025,121.4799306,31.2210583,,normal
O13290354026,121.479889,31.2211628,,normal
O13290354027,121.4798068,31.2211786,,normal
O13290354028,121.4796985,31.2211574,,normal
O13290354029,121.4799151,31.2210969,,normal
O13375365551,121.4511556,31.2573298,,normal
O13375365552,121.4505894,31.2570434,,normal
O13375365553,121.4509116,31.2576862,,normal
O13375365554,121.4515002,31.2568293,,normal
O13382712815,121.4481149,31.2546882,,normal
O13382792653,121.4458263,31.2572159,,normal
O13382792654,121.4459824,31.2566431,,normal
O13382792663,121.4457152,31.2567796,,normal
O13382941823,121.4464364,31.2573344,,normal
O13382941824,121.4466255,31.2565907,,normal
O13382941830,121.4449075,31.2554528,,normal
O13382941831,121.4457903,31.256298,,normal
O13382941832,121.4462275,31.2564184,,normal
O13382941833,121.4457214,31.2566127,,normal
O13382941838,121.4457271,31.2564644,,normal
O13382941840,121.4458649,31.256598,,normal
O13382941841,121.446579,31.2567733,,normal
O13382941842,121.4459274,31.2568451,,normal
O13382941843,121.446527,31.256978,,normal
O13382965697,121.4455939,31.2562469,,normal
O13382965698,121.4456121,31.2561439,,normal
O13383322827,121.4570367,31.2537251,,normal
O13383322828,121.457891,31.2536641,,normal
O13383322829,121.4577817,31.2536345,,normal
O13383322830,121.4578487,31.2536377,,normal
O13383322831,121.4569189,31.2535327,,normal
O13383322832,121.4569496,31.253695,,normal
O13383322833,121.4569817,31.2537188,,normal
O13383322881,121.4568149,31.2534985,,normal
O13383322882,121.4566534,31.2535192,,normal
O13383322883,121.4566065,31.2531295,,normal
O13383322884,121.4565853,31.2531029,,normal
O13383322885,121.4565408,31.2530917,,normal
O13383322886,121.4562094,31.2531008,,normal
O13383322887,121.4561715,31.253125,,normal
O13383322888,121.4561566,31.2531589,,normal
O13383322889,121.4561417,31.2535848,,normal
O13383322896,121.453888,31.2560337,,normal
O13383322897,121.4541603,31.2553957,,normal
O13383419644,121.4533635,31.2545383,,normal
O13383419645,121.4535075,31.2545308,,normal
O13392068451,121.4417779,31.2084632,,normal
O13411668059,121.4367815,31.2398261,,normal
O13411668063,121.4369471,31.2396838,,normal
O13423316972,121.4288405,31.2241363,,normal
O13423316973,121.4290371,31.224005,,normal
O13423316974,121.4290684,31.2239902,,normal
O13423316975,121.4291019,31.2239418,,normal
O13423316976,121.4291076,31.2239003,,normal
O13423316977,121.4291496,31.2238451,,normal
O13423316978,121.429187,31.2238232,,normal
O13423316979,121.4292314,31.2238126,,normal
O13423316980,121.4293182,31.2237769,,normal
O13423316981,121.42954,31.2236217,,normal
O13423316982,121.4292728,31.2238008,,normal
O13423316983,121.4287455,31.2238985,,normal
O13423316986,121.4289962,31.2240055,,normal
O13423316987,121.4290957,31.2239621,,normal
O13423316988,121.4291222,31.2238691,,normal
O13423322723,121.4289146,31.2235947,,normal
O13423322724,121.4287007,31.2237267,,normal
O13423322725,121.428656,31.223763,,normal
O13423322726,121.4286969,31.2238564,,normal
O13423322727,121.4286916,31.2237963,,normal
O13423322728,121.4299344,31.2240772,,normal
O13423322731,121.4295221,31.2245067,,normal
O13425548264,121.4279713,31.225585,,normal
O13425548265,121.4278622,31.2256137,,normal
O13425548271,121.4283368,31.2255862,,normal
O13425548272,121.4285986,31.2254184,,normal
O13425548273,121.4286232,31.2254441,,normal
O13425548274,121.4287131,31.2254295,,normal
O13425548275,121.4288632,31.2253165,,normal
O13425548276,121.4290997,31.2255577,,normal
O13425548277,121.4288823,31.2257114,,normal
O13425548280,121.4283811,31.2255629,,normal
O13425548281,121.4286716,31.2258616,,normal
O13425548286,121.4292838,31.2255156,,normal
O13425548287,121.4286825,31.2249401,,normal
O13425548288,121.4282948,31.225586,,normal
O13425548289,121.4285527,31.2258506,,normal
O13425548290,121.4285442,31.2259898,,normal
O13425548291,121.4282423,31.2262033,,normal
O13425548292,121.4280391,31.2261944,,normal
O13425548309,121.4287004,31.2259333,,normal
O13425548310,121.429083,31.226312,,normal
O13425548311,121.4288882,31.2257988,,normal
O13425548312,121.4292614,31.2261749,,normal
O13425548313,121.429073,31.2256665,,normal
O13425548314,121.4294433,31.226035,,normal
O13425548315,121.4292496,31.2255401,,normal
O13425548316,121.4296137,31.2259041,,normal
O13425548325,121.4289703,31.2251949,,normal
O13425548326,121.4289077,31.2251892,,normal
O13426108731,121.4297842,31.2251784,,normal
O13426108732,121.4295389,31.2249473,,normal
O13426108746,121.4283064,31.2262154,,normal
O13426108747,121.4285979,31.2265004,,normal
O13426108748,121.4278397,31.2270698,,normal
O13426108750,121.4282769,31.2262366,,normal
O13426108754,121.4285597,31.2262871,,normal
O13426108755,121.4284103,31.226141,,normal
O13426108757,121.4282879,31.2267332,,normal
O13426108758,121.4286298,31.2266853,,normal
O13426108759,121.4290339,31.2269729,,normal
O13426108762,121.4284257,31.2267492,,normal
O13426108763,121.4284993,31.2266877,,normal
O13426108770,121.430126,31.2256474,,normal
O13426108771,121.4300381,31.2255651,,normal
O13426108772,121.429737,31.2255691,,normal
O13426108776,121.4292398,31.2263178,,normal
O13426108777,121.4289163,31.2265751,,normal
O13426108778,121.4291791,31.2268184,,normal
O13426108779,121.4293461,31.2268564,,normal
O13426108780,121.4287775,31.2265553,,normal
O13426108781,121.4291419,31.2268735,,normal
O13426108793,121.4278082,31.2274275,,normal
O13426108794,121.428014,31.2274413,,normal
O13426108795,121.4278327,31.2271502,,normal
O13426108796,121.4279343,31.2271334,,normal
O13426108797,121.4282677,31.2268801,,normal
O13426108798,121.4283171,31.2268745,,normal
O13426109305,121.4279764,31.227109,,normal
O13426109306,121.428293,31.2268714,,normal
O13426109307,121.4287117,31.2271921,,normal
O13426109308,121.4287083,31.2272169,,normal
O13426109309,121.4278892,31.2274328,,normal
O13426217107,121.4282631,31.2275981,,normal
O13426217108,121.4282206,31.2276031,,normal
O13426217112,121.4291295,31.2274808,,normal
O13426217113,121.4290552,31.2274693,,normal
O13426217114,121.4287187,31.2277628,,normal
O13426217115,121.4277996,31.2275236,,normal
O13426217116,121.4280637,31.2275412,,normal
O13426217117,121.4281599,31.2276381,,normal
O13426217118,121.4281466,31.2277935,,normal
O13426217119,121.4280157,31.2279127,,normal
O13426217120,121.4277648,31.2279063,,normal
O13426217121,121.4280541,31.2274731,,normal
O13426217136,121.4280087,31.2283377,,normal
O13426217137,121.4294642,31.2283875,,normal
O13426217138,121.4279002,31.2283517,,normal
O13426217139,121.4283583,31.227944,,normal
O13426217140,121.4281965,31.2278067,,normal
O13426217141,121.4279449,31.2280222,,normal
O13426217142,121.4282043,31.2280793,,normal
O13426217143,121.4280387,31.2279419,,normal
O13426217146,121.4287488,31.2277881,,normal
O13426217147,121.4285004,31.227582,,normal
O13426217148,121.428388,31.2277978,,normal
O13426217152,121.4283396,31.2277257,,normal
O13426217153,121.4283423,31.2277592,,normal
O13426217168,121.4283884,31.2279981,,normal
O13426217169,121.4285109,31.2280986,,normal
O13426217170,121.4288148,31.227842,,normal
O13426217173,121.4279877,31.2283824,,normal
O13426217175,121.4278399,31.2279082,,normal
O13426217176,121.4279551,31.2283024,,normal
O13426535118,121.4293542,31.2267714,,normal
O13426535119,121.4294385,31.2262021,,normal
O13426535120,121.4292725,31.2270873,,normal
O13426535121,121.4297853,31.2274519,,normal
O13426535126,121.4297897,31.2272948,,normal
O13426535127,121.4297424,31.2272674,,normal
O13426535128,121.4298203,31.2273335,,normal
O13426535129,121.4298384,31.2273836,,normal
O13426535130,121.4298244,31.2274167,,normal
O13426535131,121.4300295,31.2280934,,normal
O13426535132,121.4300038,31.2276817,,normal
O13426535133,121.4298473,31.2275283,,normal
O13426535134,121.4299889,31.2276562,,normal
O13426535154,121.4303807,31.2279077,,normal
O13426535155,121.4300785,31.2275105,,normal
O13426535156,121.4300465,31.2274164,,normal
O13426535157,121.4301174,31.2271461,,normal
O13426535158,121.4300571,31.2270247,,normal
O13426535159,121.4300252,31.2269367,,normal
O13426535160,121.430073,31.226888,,normal
O13426535161,121.4301794,31.2268408,,normal
O13426535162,121.4303034,31.2268574,,normal
O13426535163,121.4304134,31.2269301,,normal
O13426535164,121.4305091,31.2269696,,normal
O13426535165,121.4306704,31.2269724,,normal
O13426535166,121.4308033,31.2269449,,normal
O13426535167,121.4309097,31.2269699,,normal
O13426535168,121.431189,31.2271953,,normal
O13426535169,121.4312974,31.2272969,,normal
O13426535170,121.430312,31.2278174,,normal
O13426535171,121.4302471,31.2277321,,normal
O13426535172,121.4313398,31.2273377,,normal
O13426535173,121.4303451,31.2278608,,normal
O13426535174,121.4310453,31.2270609,,normal
O13426765235,121.4254852,31.2291008,,normal
O13426765237,121.4220231,31.2260116,,normal
O13426765238,121.4218942,31.2258295,,normal
O13426765245,121.4252941,31.2293555,,normal
O13426765246,121.4252669,31.2294257,,normal
O13426765247,121.4253568,31.2294964,,normal
O13426765248,121.4254384,31.2295443,,normal
O13426765249,121.4255478,31.2295938,,normal
O13426765250,121.4256879,31.2296331,,normal
O13426765251,121.4258266,31.2296575,,normal
O13426765252,121.425952,31.2296799,,normal
O13426765253,121.4261053,31.229715,,normal
O13426765256,121.4254559,31.2298437,,normal
O13426765257,121.4254943,31.2298942,,normal
O13426765258,121.4256529,31.2298966,,normal
O13426765259,121.4255868,31.2299227,,normal
O13426765260,121.4255341,31.2299182,,normal
O13426765261,121.4252782,31.2293943,,normal
O13426765262,121.425277,31.2294694,,normal
O13428111343,121.4422622,31.2415593,,normal
O13428111344,121.441782,31.2420714,,normal
O13428111345,121.4417192,31.2421295,,normal
O13428111346,121.4416276,31.242159,,normal
O13428111347,121.4412365,31.2421961,,normal
O13428111348,121.4411283,31.242219,,normal
O13428111349,121.4410318,31.2422686,,normal
O13428111350,121.4406016,31.2426388,,normal
O13428111352,121.4411574,31.2429804,,normal
O13428111574,121.441381,31.2417841,,normal
O13428111578,121.4416301,31.2417216,,normal
O13428111579,121.4418332,31.2417195,,normal
O13428111580,121.4419186,31.2417687,,normal
O13428111582,121.4421621,31.2414941,,normal
O13429792020,121.4423797,31.2408922,,normal
O13429792022,121.4422308,31.2409534,,normal
O13429792023,121.4419118,31.2413335,,normal
O13429792024,121.4427478,31.2411278,,normal
O13429792025,121.4426339,31.241258,,normal
O13429792026,121.440236,31.2401965,,normal
O13429792027,121.4421796,31.2410144,,normal
O13429792028,121.4419977,31.2412311,,normal
O13430272385,121.4435703,31.242321,,normal
O13430272386,121.4424742,31.2435512,,normal
O13430272387,121.4423453,31.2424052,,normal
O13430272388,121.4431053,31.2428429,,normal
O13430272389,121.4430875,31.2428628,,normal
O13430272390,121.4435881,31.243211,,normal
O13431656174,121.439528,31.2455336,,normal
O13431656175,121.4397386,31.245327,,normal
O13431656176,121.439888,31.2453238,,normal
O13431656177,121.4400815,31.2453728,,normal
O13431656178,121.4405168,31.2449265,,normal
O13431656179,121.4407038,31.2446479,,normal
O13431656183,121.4403344,31.2451135,,normal
O13431795354,121.4416684,31.2469075,,normal
O13431795355,121.4417708,31.2470311,,normal
O13431795357,121.4417416,31.2471966,,normal
O13431795358,121.4416255,31.2472404,,normal
O13432407405,121.4310724,31.2445537,,normal
O13432512081,121.4358484,31.2457047,,normal
O13432512085,121.4380362,31.2459602,,normal
O13432512086,121.4382231,31.246131,,normal
O13432512087,121.4383181,31.2474079,,normal
O13432512088,121.4383306,31.2463057,,normal
O13432512089,121.4383451,31.2465003,,normal
O13432512090,121.4395265,31.2464807,,normal
O13432550915,121.4383527,31.2467387,,normal
O13432550916,121.4376488,31.2467508,,normal
O13432550921,121.4383545,31.2469331,,normal
O13432550922,121.438292,31.2462216,,normal
O13432550950,121.4383392,31.2463635,,normal
O13432550951,121.4379684,31.2463685,,normal
O13432550952,121.4378942,31.2463898,,normal
O13432550953,121.4378376,31.2464293,,normal
O13432550954,121.437774,31.2464854,,normal
O13432550955,121.4377777,31.2467485,,normal
O13432637986,121.4458007,31.2434001,,normal
O13432637987,121.446683,31.2437143,,normal
O13432637988,121.4469952,31.2438094,,normal
O13432637989,121.4472843,31.2438784,,normal
O13432637990,121.4476581,31.2439719,,normal
O13432637991,121.4479268,31.2440637,,normal
O13432637992,121.448193,31.2441653,,normal
O13433810159,121.434722,31.2406061,,normal
O13433810160,121.434815,31.2408027,,normal
O13433810161,121.4345084,31.2409081,,normal
O13433810162,121.4352504,31.2406531,,normal
O13433810163,121.4348043,31.24078,,normal
O13433810164,121.434745,31.2406549,,normal
O13433810187,121.4342993,31.2411346,,normal
O13433810188,121.4347449,31.2409582,,normal
O13433810189,121.4352577,31.2417267,,normal
O13433810190,121.4345464,31.2415837,,normal
O13433810195,121.4350623,31.2414388,,normal
O13433810196,121.4350214,31.2413686,,normal
O13433810197,121.4347215,31.2409629,,normal
O13433810198,121.434796,31.2409754,,normal
O13433810199,121.4347732,31.2409619,,normal
O13433948952,121.4337787,31.2443072,,normal
O13433948953,121.4335655,31.2444103,,normal
O13433948954,121.4330048,31.2444258,,normal
O13433948955,121.4331284,31.2437306,,normal
O13433948956,121.4329812,31.2436854,,normal
O13433948957,121.432819,31.2448057,,normal
O13433948958,121.4327542,31.2448395,,normal
O13433948959,121.4325626,31.2448032,,normal
O13433948960,121.4328811,31.2448639,,normal
O13433948961,121.4334199,31.2438549,,normal
O13433948962,121.4331362,31.2439739,,normal
O13433948963,121.4332334,31.2438721,,normal
O13433948964,121.4341527,31.2447659,,normal
O13433948965,121.4340231,31.2448914,,normal
O13433948966,121.4338944,31.2449109,,normal
O13433948967,121.4337476,31.244863,,normal
O13433948968,121.4330506,31.2447471,,normal
O13433948969,121.433976,31.2449103,,normal
O13433948970,121.433828,31.2448957,,normal
O13434062800,121.4395578,31.2377533,,normal
O13434131801,121.4392454,31.2376128,,normal
O13434131802,121.4396957,31.2378118,,normal
O13434131804,121.4403329,31.2380633,,normal
O13434131805,121.4358476,31.2354803,,normal
O13434131807,121.4376025,31.2365618,,normal
O13434131829,121.4372752,31.2363085,,normal
O13434131830,121.4368295,31.2372076,,normal
O13434131831,121.4369821,31.2365244,,normal
O13434131832,121.436955,31.2365761,,normal
O13434131833,121.4369966,31.2366735,,normal
O13434131834,121.4369662,31.236622,,normal
O13434131851,121.4371932,31.2368746,,normal
O13434131852,121.4371899,31.2369118,,normal
O13434131853,121.43693,31.2371253,,normal
O13434131854,121.4370316,31.2370419,,normal
O13434477899,121.4350141,31.2392314,,normal
O13434477900,121.4345992,31.2390547,,normal
O13434492801,121.4345888,31.2389928,,normal
O13434492802,121.4346578,31.2383421,,normal
O13434492803,121.4348009,31.2380162,,normal
O13434492804,121.4346827,31.238501,,normal
O13434492805,121.4346931,31.2382615,,normal
O13434492806,121.4348878,31.2382655,,normal
O13434492807,121.4349963,31.2382742,,normal
O13434492808,121.4351972,31.2383428,,normal
O13434492809,121.4353533,31.2384511,,normal
O13434492810,121.4354305,31.2385882,,normal
O13434492897,121.4333014,31.2381898,,normal
O13434492898,121.4332914,31.2385701,,normal
O13434492899,121.4334022,31.2388102,,normal
O13434492900,121.4334157,31.2392662,,normal
O13434492924,121.4334562,31.2389382,,normal
O13434492925,121.4336081,31.2388961,,normal
O13434492926,121.4337127,31.2391417,,normal
O13434492927,121.4336968,31.2391757,,normal
O13434492928,121.4337097,31.2391589,,normal
O13434492929,121.433677,31.2391872,,normal
O13434492930,121.4333284,31.2389749,,normal
O13434492931,121.4333017,31.2390065,,normal
O13434492933,121.4344266,31.2390753,,normal
O13434492934,121.4339332,31.2392763,,normal
O13434492935,121.4336923,31.2388864,,normal
O13434492936,121.4337306,31.2388036,,normal
O13434492937,121.4336907,31.2386805,,normal
O13434492938,121.4337092,31.2386471,,normal
O13434492939,121.434444,31.2383586,,normal
O13434492940,121.434521,31.2383806,,normal
O13434492941,121.4345427,31.2385579,,normal
O13434492944,121.4339814,31.2392845,,normal
O13434492945,121.4344638,31.239124,,normal
O13434492946,121.4344758,31.239033,,normal
O13434492947,121.4344925,31.2383724,,normal
O13435743323,121.4299897,31.2351969,,normal
O13435743332,121.430128,31.2352065,,normal
O13435743333,121.4264165,31.2359945,,normal
O13436782745,121.4311929,31.2365559,,normal
O13436782746,121.430777,31.2365192,,normal
O13436782747,121.4306904,31.2365396,,normal
O13436782748,121.4314884,31.2364755,,normal
O13436782751,121.4314193,31.2364948,,normal
O13436782787,121.430953,31.2377411,,normal
O13436782788,121.4307447,31.2372759,,normal
O13436782789,121.4312516,31.2371044,,normal
O13436782790,121.4312795,31.2370802,,normal
O13436782791,121.4312894,31.2370553,,normal
O13436782792,121.4312838,31.2368783,,normal
O13436782793,121.4312739,31.2368576,,normal
O13436782794,121.4312419,31.2368441,,normal
O13436782795,121.4308534,31.2368515,,normal
O13436782796,121.4308575,31.2369752,,normal
O13436782797,121.4306718,31.2370327,,normal
O13436782798,121.4306646,31.2371003,,normal
O13436960089,121.4362481,31.2310289,,normal
O13436960090,121.4370153,31.2313421,,normal
O13436960091,121.4377412,31.2307614,,normal
O13436960092,121.4376864,31.2308921,,normal
O13436960093,121.4375996,31.231041,,normal
O13436960094,121.4375195,31.2310396,,normal
O13436960095,121.4366931,31.2307804,,normal
O13436960096,121.4364622,31.2311163,,normal
O13436960097,121.4376506,31.2309534,,normal
O13436960098,121.4365132,31.231042,,normal
O13437076541,121.4042213,31.2048019,,normal
O13437076542,121.4030344,31.2049352,,normal
O13437086507,121.4463492,31.2314288,,normal
O13437090153,121.4326289,31.2383616,,normal
O13437090154,121.4331111,31.2386462,,normal
O13437090157,121.4326996,31.2385557,,normal
O13437090158,121.4324225,31.238632,,normal
O13437090159,121.4325992,31.2390889,,normal
O13437090160,121.4331232,31.2389379,,normal
O13437090161,121.4332497,31.239241,,normal
O13437090162,121.4324437,31.2394798,,normal
O13437090163,121.4333869,31.2392005,,normal
O13437090166,121.4327632,31.2387384,,normal
O13437102213,121.4314649,31.2386587,,normal
O13437102270,121.4321852,31.2384748,,normal
O13437102271,121.4320712,31.2381439,,normal
O13437102272,121.4325523,31.2380171,,normal
O13437102273,121.4319301,31.2380348,,normal
O13437102274,121.4318811,31.2378972,,normal
O13437102288,121.4317257,31.2379353,,normal
O13437102289,121.4316514,31.2378934,,normal
O13437102301,121.4315426,31.2375977,,normal
O13437102310,121.4320235,31.2381214,,normal
O13437102311,121.4319762,31.2380874,,normal
O13437175746,121.4210755,31.1975928,,normal
O13437175754,121.4211106,31.1975127,,normal
O13437217051,121.431022,31.2377189,,normal
O13437217052,121.430829,31.2372967,,normal
O13437217053,121.4316898,31.2370033,,normal
O13437217054,121.4317342,31.2370054,,normal
O13437217055,121.4320309,31.2372374,,normal
O13437217056,121.4313345,31.2371234,,normal
O13437217057,121.4315139,31.2375577,,normal
O13437217058,121.431336,31.2371936,,normal
O13437217059,121.4313315,31.237158,,normal
O13437527290,121.4307964,31.2428693,,normal
O13437527294,121.4305956,31.2429161,,normal
O13437596486,121.4304485,31.24288,,normal
O13437645526,121.4303432,31.2431522,,normal
O13437645527,121.430025,31.2430746,,normal
O13437645528,121.4301268,31.2428011,,normal
O13437762574,121.4362522,31.2432128,,normal
O13437762575,121.4371226,31.242818,,normal
O13437762576,121.4372468,31.2429782,,normal
O13437762577,121.4376625,31.2427637,,normal
O13437762578,121.4379136,31.2431041,,normal
O13437762580,121.4367307,31.2429958,,normal
O13437762581,121.4372909,31.2434137,,normal
O13437762582,121.4367115,31.2431229,,normal
O13438933912,121.4394377,31.2416176,,normal
O13438933913,121.4399832,31.2413139,,normal
O13438933914,121.4403715,31.2418433,,normal
O13438933915,121.4396175,31.2415175,,normal
O13438933916,121.4397628,31.2414366,,normal
O13439189047,121.4364113,31.241035,,normal
O13439189062,121.4362391,31.2404234,,normal
O13439189063,121.436005,31.2401142,,normal
O13439189234,121.4364636,31.2411107,,normal
O13439189235,121.4362246,31.2407795,,normal
O13439189236,121.4362385,31.2407499,,normal
O13439189237,121.4362759,31.2407189,,normal
O13439189238,121.4365156,31.2405939,,normal
O13439189239,121.4365389,31.2405684,,normal
O13439189240,121.4365555,31.2405408,,normal
O13439189241,121.4366342,31.2403198,,normal
O13439189242,121.4366342,31.2402978,,normal
O13439189243,121.4366252,31.2402768,,normal
O13439189244,121.4364691,31.2400638,,normal
O13439189245,121.4368319,31.2398707,,normal
O13439189246,121.4365912,31.2399989,,normal
O13439189247,121.4366741,31.2399545,,normal
O13439189254,121.43675,31.2399143,,normal
O13439323330,121.4338205,31.2365583,,normal
O13439323331,121.4337872,31.237134,,normal
O13439323332,121.4336049,31.2375592,,normal
O13439424375,121.4336629,31.2374529,,normal
O13439743738,121.4389909,31.2425685,,normal
O13439743739,121.4387805,31.2422585,,normal
O13439743740,121.4384164,31.2414275,,normal
O13439743741,121.4387145,31.2412258,,normal
O13439743749,121.438588,31.2427687,,normal
O13439743750,121.4379815,31.2420039,,normal
O13439743751,121.4380265,31.2419246,,normal
O13439743752,121.4384551,31.2417104,,normal
O13439743753,121.4379835,31.2419765,,normal
O13439743754,121.4379991,31.2419512,,normal
O13439743755,121.4382522,31.2422888,,normal
O13439743756,121.438608,31.2420959,,normal
O13439743760,121.4381395,31.2422402,,normal
O13439743761,121.4382023,31.2422789,,normal
O13439743762,121.4381684,31.2422629,,normal
O13439743764,121.4385161,31.2428046,,normal
O13439743765,121.438239,31.2424712,,normal
O13439743766,121.4381032,31.2423732,,normal
O13439743767,121.438004,31.2423748,,normal
O13439743768,121.4377476,31.2425045,,normal
O13439743769,121.4376911,31.2425661,,normal
O13439743770,121.4377049,31.2426393,,normal
O13439743771,121.4380281,31.2430472,,normal
O13440044736,121.43667,31.2369958,,normal
O13440044737,121.4364182,31.2371297,,normal
O13440044738,121.4361353,31.2371793,,normal
O13440044739,121.4359928,31.2372601,,normal
O13440044740,121.4359853,31.2374143,,normal
O13440044741,121.4361073,31.2375807,,normal
O13440044824,121.4358124,31.2366016,,normal
O13440044830,121.4364422,31.2378584,,normal
O13440044831,121.4362819,31.2376387,,normal
O13440044859,121.4348862,31.2365815,,normal
O13440044860,121.4348744,31.2368141,,normal
O13440044861,121.4348915,31.2368726,,normal
O13440044862,121.434956,31.2369762,,normal
O13440044863,121.4350112,31.2370866,,normal
O13440044864,121.4350375,31.2371812,,normal
O13440044865,121.4350402,31.2372376,,normal
O13440044866,121.4350047,31.2373797,,normal
O13440044867,121.4346481,31.2373147,,normal
O13440044868,121.4346218,31.2374196,,normal
O13440044869,121.4345403,31.2374591,,normal
O13440044870,121.4344139,31.2377655,,normal
O13440044873,121.4353718,31.2368964,,normal
O13440044913,121.4362451,31.2375869,,normal
O13440044914,121.4365758,31.2374103,,normal
O13441435737,121.4399654,31.2399921,,normal
O13441435738,121.4392629,31.240478,,normal
O13441435739,121.4394968,31.2404352,,normal
O13441435740,121.4396419,31.2402979,,normal
O13441435741,121.439768,31.2406716,,normal
O13441435742,121.4399581,31.240527,,normal
O13441785272,121.4374279,31.2379485,,normal
O13441785273,121.4371724,31.2381425,,normal
O13441785274,121.4367433,31.2381485,,normal
O13441785275,121.4366152,31.2385294,,normal
O13441785276,121.4366902,31.2385534,,normal
O13441785277,121.4367701,31.2385548,,normal
O13441785278,121.4368462,31.2385335,,normal
O13441785279,121.4369098,31.2384918,,normal
O13441785280,121.4369537,31.2384344,,normal
O13441785281,121.436937,31.2382436,,normal
O13441785282,121.4368859,31.2381942,,normal
O13441785283,121.436819,31.2381613,,normal
O13441785284,121.4366669,31.2381571,,normal
O13441785285,121.4365975,31.2381861,,normal
O13441785286,121.4365426,31.2382326,,normal
O13441785287,121.4369671,31.2383044,,normal
O13441785288,121.4365078,31.2382916,,normal
O13441785289,121.4364968,31.2383596,,normal
O13441785290,121.4365128,31.2384267,,normal
O13441785291,121.4365538,31.2384856,,normal
O13441785299,121.4369728,31.2383704,,normal
O13441785300,121.4368935,31.2381763,,normal
O13441785301,121.4369371,31.2381458,,normal
O13441785302,121.4369082,31.238159,,normal
O13441813587,121.441074,31.2439934,,normal
O13441813588,121.4408935,31.2442261,,normal
O13441813589,121.4408927,31.2444307,,normal
O13441813590,121.4407282,31.2446608,,normal
O13441813591,121.4409977,31.2439246,,normal
O13441882572,121.4419871,31.2434822,,normal
O13441882573,121.441321,31.2443816,,normal
O13441882574,121.4415989,31.2445216,,normal
O13441882575,121.4413017,31.2449644,,normal
O13444764802,121.429958,31.2240538,,normal
O13446169213,121.4328298,31.2249526,,normal
O13446169214,121.4341001,31.2260156,,normal
O13446169215,121.4333397,31.2255366,,normal
O13446169216,121.4334058,31.2254268,,normal
O13446169217,121.4334766,31.2253492,,normal
O13446340035,121.4334873,31.2263287,,normal
O13446340036,121.4329739,31.2259687,,normal
O13446340037,121.432589,31.2257111,,normal
O13446340038,121.4329129,31.2259106,,normal
O13446340039,121.4328123,31.2258487,,normal
O13446340040,121.4329684,31.2256851,,normal
O13446340041,121.4330691,31.2257327,,normal
O13446340042,121.4330861,31.2257105,,normal
O13446340043,121.4330497,31.2257404,,normal
O13446340054,121.4331979,31.2254996,,normal
O13446340055,121.4330784,31.225505,,normal
O13446340056,121.4330372,31.2255602,,normal
O13446340057,121.432784,31.2255699,,normal
O13446340058,121.4325844,31.2254427,,normal
O13446340059,121.4325988,31.2253715,,normal
O13446340060,121.4328873,31.2249864,,normal
O13447257608,121.4322989,31.2256175,,normal
O13447257609,121.432115,31.2255012,,normal
O13447257610,121.4322764,31.2253051,,normal
O13447257611,121.432458,31.225417,,normal
O13447257621,121.432499,31.2247577,,normal
O13447257622,121.4322833,31.225038,,normal
O13447257627,121.432245,31.224654,,normal
O13447257628,121.4320195,31.2249653,,normal
O13447346023,121.4312273,31.2259508,,normal
O13447346024,121.4312817,31.2259429,,normal
O13447346025,121.4311543,31.2259757,,normal
O13447346057,121.4321057,31.2265092,,normal
O13447346058,121.4324509,31.2261179,,normal
O13447346059,121.432501,31.2261077,,normal
O13447346060,121.4330516,31.2265411,,normal
O13447346061,121.4323643,31.2262003,,normal
O13447346062,121.4323044,31.2263143,,normal
O13447346063,121.4321186,31.2265188,,normal
O13447346064,121.4318613,31.2267603,,normal
O13447346065,121.431329,31.2263613,,normal
O13447358562,121.4315032,31.226492,,normal
O13447503277,121.4448658,31.2383365,,normal
O13447503282,121.4482896,31.2392907,,normal
O13447786877,121.4322145,31.2219444,,normal
O13447786878,121.4325814,31.2211607,,normal
O13447786889,121.4324181,31.222061,,normal
O13447786895,121.4330537,31.2218942,,normal
O13447786896,121.4332054,31.2215056,,normal
O13447855092,121.4324692,31.2219837,,normal
O13447855096,121.4321923,31.2217273,,normal
O13447855097,121.4322868,31.2215703,,normal
O13447860508,121.4322853,31.2218816,,normal
O13447860509,121.4322281,31.2218024,,normal
O13447865813,121.4333634,31.2210156,,normal
O13447865814,121.4337585,31.2211831,,normal
O13447865815,121.4336975,31.2212768,,normal
O13447865816,121.4334616,31.2211748,,normal
O13448163416,121.4294061,31.2228147,,normal
O13448163417,121.4298611,31.22318,,normal
O13448163418,121.42948,31.2235388,,normal
O13448188153,121.4323044,31.2198112,,normal
O13448188154,121.432102,31.2201256,,normal
O13448188155,121.4318062,31.2205443,,normal
O13448188156,121.4316205,31.2207907,,normal
O13448188157,121.4314304,31.2209969,,normal
O13448188158,121.4312642,31.2210327,,normal
O13448188159,121.4310922,31.2211994,,normal
O13448188160,121.4320796,31.2201574,,normal
O13449418237,121.4340918,31.2206046,,normal
O13449418238,121.434149,31.2204577,,normal
O13449418245,121.4349898,31.2205905,,normal
O13449418246,121.4349345,31.2207264,,normal
O13449418247,121.4356013,31.2221003,,normal
O13449418249,121.4338848,31.2226849,,normal
O13449418250,121.4338643,31.2227327,,normal
O13449418252,121.4328908,31.2224278,,normal
O13449418253,121.4329423,31.2222903,,normal
O13449418254,121.4329762,31.2222018,,normal
O13449418255,121.4329828,31.2221846,,normal
O13449418256,121.4329741,31.2220068,,normal
O13454673639,121.4426406,31.2336174,,normal
O13454673640,121.4431122,31.233884,,normal
O13454673641,121.4430679,31.2339779,,normal
O13454673642,121.4430587,31.2340963,,normal
O13454673643,121.4431031,31.2341632,,normal
O13454673644,121.4432404,31.2342401,,normal
O13454673645,121.4432063,31.2343312,,normal
O13454673646,121.4432851,31.2343578,,normal
O13455370458,121.4478732,31.2395923,,normal
O13455370459,121.4483128,31.2398844,,normal
O13455370460,121.448135,31.2400655,,normal
O13455370461,121.4481503,31.240096,,normal
O13455370462,121.4481548,31.2401263,,normal
O13455370463,121.4481465,31.2401618,,normal
O13455370464,121.4481266,31.2401964,,normal
O13455370465,121.4478498,31.2405153,,normal
O13455399240,121.4453763,31.2397327,,normal
O13455399241,121.4450442,31.2399761,,normal
O13456019620,121.4411484,31.2374305,,normal
O13456019621,121.4406277,31.2382164,,normal
O13456248497,121.4306638,31.2343811,,normal
O13456248498,121.4309558,31.2341369,,normal
O13456248499,121.431346,31.2337371,,normal
O13456248500,121.4313404,31.2336662,,normal
O13456257601,121.4313158,31.2335492,,normal
O13456257602,121.431272,31.2332039,,normal
O13456257603,121.4312436,31.2334685,,normal
O13456257616,121.4312404,31.2332546,,normal
O13456257617,121.4312227,31.2333499,,normal
O13456257618,121.4320044,31.2322436,,normal
O13456257620,121.4313093,31.2333293,,normal
O13456335607,121.4312565,31.2331742,,normal
O13456335608,121.4313717,31.2334468,,normal
O13456335666,121.4314447,31.2334916,,normal
O13456335667,121.4315025,31.233502,,normal
O13456335668,121.4316466,31.233491,,normal
O13456335669,121.4317345,31.2334256,,normal
O13456335670,121.431985,31.2330869,,normal
O13456335672,121.4319737,31.2329376,,normal
O13456335673,121.4322399,31.2328001,,normal
O13456335674,121.4325168,31.232599,,normal
O13456335675,121.4323964,31.2324619,,normal
O13456335677,121.4319412,31.2329739,,normal
O13456335678,121.4319516,31.2329541,,normal
O13456335679,121.4317845,31.2332767,,normal
O13456335680,121.4318032,31.2333272,,normal
O13457153038,121.4426628,31.2396082,,normal
O13457153039,121.4427203,31.2395704,,normal
O13457153040,121.4431181,31.2389882,,normal
O13457155055,121.4451356,31.2408951,,normal
O13457155056,121.4453142,31.2406319,,normal
O13457155057,121.4451662,31.2398867,,normal
O13457155094,121.4453513,31.2405187,,normal
O13457155095,121.4454858,31.2403396,,normal
O13457155096,121.4455748,31.2402066,,normal
O13457155097,121.4455272,31.2402786,,normal
O13457155098,121.4454557,31.2399764,,normal
O13457155099,121.4455629,31.2400676,,normal
O13457155100,121.4455839,31.2401344,,normal
O13457167856,121.4421474,31.2387534,,normal
O13457172929,121.4431642,31.2389133,,normal
O13457172930,121.4429224,31.2385365,,normal
O13457172931,121.4427102,31.2390356,,normal
O13457172932,121.4425125,31.2386032,,normal
O13457172933,121.4426448,31.2384036,,normal
O13457172934,121.4423433,31.2388584,,normal
O13457251402,121.4453998,31.2399613,,normal
O13457251403,121.4452264,31.239997,,normal
O13457251404,121.4451648,31.2400577,,normal
O13457251405,121.4451391,31.2401231,,normal
O13457251406,121.4451671,31.2402474,,normal
O13457251407,121.4452093,31.2402921,,normal
O13457251408,121.4453884,31.2403409,,normal
O13457251410,121.4451423,31.2401935,,normal
O13457251411,121.4453025,31.240336,,normal
O13457251412,121.4452718,31.2404413,,normal
O13457251413,121.4452277,31.2403758,,normal
O13457251414,121.4452918,31.2399679,,normal
O13457282617,121.4454495,31.2403266,,normal
O13457282618,121.4453452,31.240342,,normal
O13457282619,121.4452528,31.2403188,,normal
O13457282620,121.4451369,31.2401585,,normal
O13457282621,121.4451485,31.2400894,,normal
O13457282622,121.4451919,31.2400246,,normal
O13457282623,121.4455186,31.2400141,,normal
O13457282624,121.445577,31.2401002,,normal
O13457282625,121.4455834,31.2401708,,normal
O13457282626,121.4455556,31.2402448,,normal
O13457282627,121.4453405,31.2399593,,normal
O13457282628,121.4454889,31.2403069,,normal
O13457282629,121.4453066,31.2399316,,normal
O13457376328,121.4440194,31.2375595,,normal
O13457376329,121.4443257,31.2377005,,normal
O13457376330,121.4443388,31.2377105,,normal
O13457376331,121.4443614,31.2377396,,normal
O13457376332,121.4446,31.2378773,,normal
O13457376333,121.4443879,31.2381914,,normal
O13457376334,121.4437917,31.2379104,,normal
O13457376335,121.4443485,31.2377275,,normal
O13457431930,121.4447975,31.238451,,normal
O13457431931,121.444714,31.2386405,,normal
O13457431955,121.4437022,31.2380481,,normal
O13457431956,121.4440037,31.238202,,normal
O13457431957,121.4443351,31.2383929,,normal
O13457431958,121.4444974,31.2382211,,normal
O13457431959,121.4446687,31.2383018,,normal
O13459480983,121.4399197,31.2350581,,normal
O13459480984,121.4392159,31.2346424,,normal
O13459480985,121.4391763,31.2346163,,normal
O13459480986,121.4391567,31.234579,,normal
O13459480987,121.4391917,31.23451,,normal
O13459480988,121.4392821,31.2345292,,normal
O13459480989,121.4394435,31.2345933,,normal
O13459480990,121.4395707,31.2346209,,normal
O13459480991,121.4395142,31.2348205,,normal
O13459480992,121.4392361,31.2345138,,normal
O13459480993,121.4391627,31.2345422,,normal
O13459481016,121.4398494,31.2351364,,normal
O13459481017,121.4395344,31.2349608,,normal
O13459481018,121.4394769,31.2349543,,normal
O13459481019,121.4390811,31.2347337,,normal
O13459481020,121.4388979,31.2349996,,normal
O13459481021,121.4390478,31.2350761,,normal
O13459587337,121.4392275,31.2358138,,normal
O13459587345,121.4382919,31.2355383,,normal
O13459587350,121.4393791,31.2356487,,normal
O13459671359,121.438717,31.2364959,,normal
O13459671360,121.4382926,31.2362818,,normal
O13459671361,121.4382507,31.2362211,,normal
O13459671362,121.4386014,31.2356641,,normal
O13459671378,121.4385094,31.235627,,normal
O13459671379,121.438199,31.2361298,,normal
O13459671380,121.4376414,31.2358858,,normal
O13459671381,121.4379408,31.2353866,,normal
O13459703239,121.438507,31.237239,,normal
O13459703240,121.4385779,31.2371083,,normal
O13459703241,121.4386074,31.2370286,,normal
O13459703242,121.4386352,31.2369476,,normal
O13459703243,121.4386759,31.2368733,,normal
O13459703244,121.4387285,31.2368022,,normal
O13459703245,121.4388217,31.2367523,,normal
O13459703246,121.4389059,31.2367638,,normal
O13459703247,121.4394207,31.2369912,,normal
O13459770794,121.4486993,31.2394854,,normal
O13459770795,121.4484206,31.2398256,,normal
O13459895754,121.4700153,31.2085009,,normal
O13459895756,121.4700964,31.2086313,,normal
O13459895764,121.4668813,31.2072253,,normal
O13460550496,121.443192,31.234193,,normal
O13460550497,121.4432223,31.2342115,,normal
O13460550498,121.4432377,31.2342685,,normal
O13460572071,121.4432186,31.2347078,,normal
O13460572072,121.443391,31.2343565,,normal
O13460572073,121.4434339,31.234355,,normal
O13460572074,121.4436788,31.2344305,,normal
O13460572076,121.4438349,31.2341494,,normal
O13460572077,121.4437123,31.2344196,,normal
O13460572078,121.4444204,31.2351125,,normal
O13460572079,121.4440826,31.2345458,,normal
O13460572080,121.4441579,31.2344944,,normal
O13460572081,121.4442476,31.234317,,normal
O13460584358,121.443646,31.234426,,normal
O13460584359,121.4445554,31.2347073,,normal
O13460584360,121.4445707,31.2347431,,normal
O13461557607,121.4462565,31.2352622,,normal
O13461557608,121.4463095,31.2353748,,normal
O13461557609,121.4465643,31.2354682,,normal
O13461557610,121.4468347,31.2354191,,normal
O13461557611,121.4469212,31.2352611,,normal
O13461557612,121.4468546,31.235085,,normal
O13461557613,121.4464859,31.2348118,,normal
O13461557614,121.4466544,31.2354733,,normal
O13461557615,121.4467514,31.235456,,normal
O13461557616,121.4468933,31.2351398,,normal
O13461557617,121.4469206,31.2352016,,normal
O13461597333,121.4489138,31.2326082,,normal
O13461734009,121.4471898,31.2341135,,normal
O13461734010,121.4476081,31.2343266,,normal
O13461734011,121.4478467,31.233983,,normal
O13461843829,121.448191,31.2349273,,normal
O13461843830,121.4485204,31.2351183,,normal
O13461843831,121.4487251,31.2353216,,normal
O13461843832,121.449,31.2355006,,normal
O13461843833,121.4478489,31.2346104,,normal
O13461843834,121.4482605,31.2348404,,normal
O13461843835,121.4480943,31.2350478,,normal
O13461843836,121.447542,31.2347482,,normal
O13461843837,121.4476015,31.2345768,,normal
O13461843849,121.448113,31.2341213,,normal
O13461843850,121.4479415,31.2343643,,normal
O13461843851,121.4477929,31.2342852,,normal
O13461843853,121.4475595,31.2345222,,normal
O13461843854,121.4478924,31.2340067,,normal
O13461843855,121.4475743,31.2346399,,normal
O13461843859,121.4475765,31.2346801,,normal
O13461887624,121.4469467,31.2343615,,normal
O13461887625,121.4474284,31.234663,,normal
O13461887626,121.4470516,31.2351494,,normal
O13461887627,121.4465275,31.2347747,,normal
O13461887628,121.4476114,31.2355589,,normal
O13461887629,121.447096,31.2351805,,normal
O13461887630,121.4471159,31.2352116,,normal
O13461887631,121.4471094,31.2352682,,normal
O13461887632,121.4471162,31.2352402,,normal
O13461918912,121.4472169,31.2360949,,normal
O13461918913,121.4473436,31.2358673,,normal
O13461918914,121.4475197,31.2356674,,normal
O13461918915,121.4478624,31.2352841,,normal
O13461918916,121.4476797,31.2354766,,normal
O13461918917,121.4477544,31.2354237,,normal
O13461918918,121.4476115,31.236238,,normal
O13461918919,121.4478481,31.2358316,,normal
O13461952536,121.4477812,31.2362996,,normal
O13461952537,121.4479344,31.2360077,,normal
O13461952538,121.4479906,31.2359451,,normal
O13461952539,121.4480568,31.235814,,normal
O13462234402,121.4430146,31.2348662,,normal
O13462234403,121.4431112,31.2346717,,normal
O13462234404,121.4428456,31.2352064,,normal
O13462234405,121.4429028,31.2353015,,normal
O13462234406,121.4428425,31.2352506,,normal
O13462234407,121.4428553,31.2352799,,normal
O13462234408,121.4434898,31.2352941,,normal
O13462234409,121.4435163,31.2352871,,normal
O13462234410,121.4435619,31.2352246,,normal
O13462234411,121.443549,31.2351705,,normal
O13462234412,121.4435429,31.2352688,,normal
O13462234413,121.4435565,31.2351959,,normal
O13462234414,121.4435573,31.2352504,,normal
O13462234415,121.4435553,31.2350457,,normal
O13462234416,121.4437893,31.2349,,normal
O13462234417,121.4436534,31.2351978,,normal
O13462234418,121.4435458,31.235808,,normal
O13462234420,121.4443338,31.235703,,normal
O13462234421,121.4444448,31.2356563,,normal
O13462234422,121.4444471,31.2356235,,normal
O13462234423,121.4444296,31.2355751,,normal
O13462234424,121.444388,31.2355521,,normal
O13462234425,121.4436255,31.235315,,normal
O13462234426,121.4443959,31.2356909,,normal
O13462234428,121.4441646,31.2357225,,normal
O13462392289,121.4417996,31.2350043,,normal
O13462392290,121.4426255,31.2353615,,normal
O13462392291,121.4425332,31.2355319,,normal
O13463279160,121.443548,31.2357007,,normal
O13463279161,121.4435783,31.2354843,,normal
O13463303228,121.4758945,31.218594,,normal
O13463328599,121.4491513,31.2399977,,normal
O13463328600,121.4487166,31.2397186,,normal
O13463364528,121.4477991,31.2404861,,normal
O13463364529,121.4477061,31.2406303,,normal
O13463364530,121.4474698,31.2408745,,normal
O13463364531,121.447452,31.2409061,,normal
O13463364532,121.4474533,31.2409377,,normal
O13463364533,121.4474698,31.2409799,,normal
O13463364534,121.4478047,31.2412171,,normal
O13463364535,121.4479572,31.2410607,,normal
O13463364536,121.4480604,31.2411227,,normal
O13463957015,121.4828443,31.2251543,,normal
O13465515092,121.4499918,31.2415739,,normal
O13466584425,121.4498462,31.2391052,,normal
O13466584426,121.4499102,31.2391272,,normal
O13468150964,121.4481325,31.2304047,,normal
O13468481612,121.4518013,31.2342838,,normal
O13468481613,121.4516988,31.2345558,,normal
O13468481614,121.4517325,31.2346685,,normal
O13468481615,121.4518208,31.2347684,,normal
O13468481616,121.4520902,31.2349237,,normal
O13472892027,121.4223255,31.2045597,,normal
O13565825842,121.400967,31.2389692,,normal
O13646689842,121.4612392,31.2313275,,normal
O13646689843,121.4613944,31.23138,,normal
O13646689844,121.461578,31.2314155,,normal
O13646689845,121.4617733,31.2314517,,normal
O13646689846,121.4618357,31.23147,,normal
O13715684473,121.4459243,31.2197444,,normal
O13715684474,121.4447607,31.219466,,normal
O13715684483,121.4419455,31.2211149,,normal
O13715684484,121.4417679,31.2215727,,normal
O13715684485,121.4416795,31.2215637,,normal
O13720618349,121.4708695,31.2191406,,normal
O13720618350,121.4707438,31.2190766,,normal
O13720618351,121.4706849,31.2190699,,normal
O13720618352,121.470663,31.2190263,,normal
O13720618353,121.4706132,31.2186029,,normal
O13720618354,121.4702964,31.2186225,,normal
O13720618355,121.4703475,31.2193223,,normal
O13763062563,121.4675256,31.2417377,,normal
O13763062564,121.4700463,31.2419709,,normal
O13763062566,121.4701352,31.2421092,,normal
O13763062567,121.4701148,31.2422019,,normal
O13763068307,121.4661654,31.2412717,,normal
O13763068310,121.4659511,31.2421212,,normal
O13763068311,121.4661706,31.242127,,normal
O13763081179,121.4764261,31.2418072,,normal
O13763081185,121.4725291,31.2423445,,normal
O13763081186,121.4746327,31.2427048,,normal
O13763081191,121.4762415,31.2429584,,normal
O13763096986,121.4704307,31.2300818,,normal
O13801410871,121.4563801,31.2165439,,normal
O13801410872,121.4556033,31.21624,,normal
O13801410873,121.4556625,31.216136,,normal
O13801410874,121.4564373,31.2164358,,normal
O13814120458,121.4134013,31.2478459,,normal
O13814120459,121.4114047,31.2484975,,normal
O13814120460,121.4134238,31.2477366,,normal
O13821196729,121.4690596,31.2406272,,normal
O13821196730,121.4689146,31.2406697,,normal
O13821196731,121.4687598,31.2407735,,normal
O13821196732,121.4684969,31.2411051,,normal
O13821196733,121.4683765,31.2411982,,normal
O13821196734,121.4682511,31.2412511,,normal
O13821196735,121.468084,31.2413022,,normal
O13821196736,121.4679267,31.2413068,,normal
O13821196737,121.4676314,31.2412723,,normal
O13859357566,121.4308747,31.2032159,,normal
O13859357567,121.4307259,31.2032504,,normal
O13859357585,121.4325014,31.2028132,,normal
O13871788306,121.4329671,31.2026895,,normal
O13871788310,121.4332024,31.2026256,,normal
O13871788314,121.4337384,31.202417,,normal
O13871850529,121.4315493,31.2030531,,normal
O13871850535,121.431005,31.2037633,,normal
O13871850536,121.4315051,31.2030638,,normal
O13871850537,121.4316283,31.203034,,normal
O13871850541,121.4323016,31.2028663,,normal
O13871850544,121.4319846,31.2029481,,normal
O13871850546,121.4324083,31.2028379,,normal
O13871850551,121.4323626,31.2028501,,normal
O13871850562,121.4333071,31.2025959,,normal
O13871850575,121.4340723,31.2021487,,normal
O13871850576,121.433707,31.202433,,normal
O13871850578,121.4341225,31.2020871,,normal
O13871850579,121.4349982,31.2025124,,normal
O13871850590,121.4300307,31.2016667,,normal
O13871850592,121.4299969,31.2014891,,normal
O13871850594,121.4299608,31.2012987,,normal
O13871863320,121.4301208,31.2021587,,normal
O13871863324,121.4292436,31.203549,,normal
O13871863338,121.4302123,31.2026818,,normal
O13871863341,121.4302711,31.2030045,,normal
O13871863342,121.4299441,31.2034163,,normal
O13950570478,121.416748,31.2438943,,normal
O13950570479,121.416845,31.2440168,,normal
O13950570480,121.4171747,31.2443677,,normal
O13950591572,121.4182684,31.2427475,,normal
O13950591573,121.4176465,31.2432732,,normal
O13950591574,121.4171533,31.243629,,normal
O13950591575,121.4168235,31.243854,,normal
O13950591576,121.4162311,31.2441709,,normal
O13950607037,121.4301816,31.2462377,,normal
O13950607038,121.4302582,31.2461409,,normal
O13950607040,121.422677,31.2349822,,normal
O13953720503,121.4026496,31.2505571,,normal
O13953720504,121.4046401,31.2495838,,normal
O13953720505,121.4044415,31.2494498,,normal
O13953720506,121.4035241,31.2489524,,normal
O13953720507,121.40323,31.248889,,normal
O13953720508,121.402907,31.2488807,,normal
O13953720509,121.4021859,31.2489898,,normal
O13953720514,121.4073276,31.2503512,,normal
O13953720515,121.4072188,31.2506676,,normal
O13953720516,121.4073306,31.250675,,normal
O13953720517,121.407414,31.2503789,,normal
O13953725111,121.4107057,31.2480222,,normal
O13953725127,121.4107275,31.2477726,,normal
O13953979032,121.4114666,31.2469308,,normal
O13953988656,121.4114152,31.2495568,,normal
O13953989482,121.4121236,31.2482267,,normal
O13953992250,121.41339,31.2458322,,normal
O13953992268,121.413507,31.2461395,,normal
O13953992297,121.4114197,31.248119,,normal
O13954019420,121.4135537,31.2468947,,normal
O13954019421,121.4114115,31.2483254,,normal
O13955107798,121.4304647,31.2379709,,normal
O13955138802,121.4309855,31.2377307,,normal
START,121.426226,31.237003,Putuo Wuning Fire Rescue Station,start
TARGET,121.439175,31.235771,Shanghai Jiaozhou Road 728 fire site,target
