relation_id,source,target,source_id,target_id,head_id,tail_id,head,tail,head_name,tail_name,head_type,tail_type,relation_type,relation_label,confidence,doc_id,chunk_id,source_name,source_file,evidence_text,extraction_method,expert_status,review_status
REL_EQ_000001,tech_eq_001,stage_eq_002,tech_eq_001,stage_eq_002,tech_eq_001,stage_eq_002,地震早期预警,震时预警,地震早期预警,震时预警,AITech,Scenario,SERVES_STAGE,SERVES_STAGE（服务阶段）,0.6,EQ_DOC_007,CHK_EQ_000019,分布式AI地震预警,地震灾害数据收集与整理.docx,"## 七、 分布式AI地震预警系统、边缘计算与众包传感器网络 传统的地震早期预警系统（EEW）虽然在减轻次生灾害方面发挥了巨大作用，但在处理超大规模传感器数据流（如来自数以万计众包手机或极高密度的窄带无线传感网络 WSN）时，仍然面临系统算力和Telemetry延迟的瓶颈 [69, 70, 71]。在极短响应时窗下，为了避免中央服务器出现灾难性的网络拥堵或单点物理瘫...",规则抽取,待复核,待复核
REL_EQ_000002,tech_eq_001,task_eq_002,tech_eq_001,task_eq_002,tech_eq_001,task_eq_002,地震早期预警,地震监测预警,地震早期预警,地震监测预警,AITech,Task,SOLVES,SOLVES（解决任务）,0.6,EQ_DOC_007,CHK_EQ_000019,分布式AI地震预警,地震灾害数据收集与整理.docx,"## 七、 分布式AI地震预警系统、边缘计算与众包传感器网络 传统的地震早期预警系统（EEW）虽然在减轻次生灾害方面发挥了巨大作用，但在处理超大规模传感器数据流（如来自数以万计众包手机或极高密度的窄带无线传感网络 WSN）时，仍然面临系统算力和Telemetry延迟的瓶颈 [69, 70, 71]。在极短响应时窗下，为了避免中央服务器出现灾难性的网络拥堵或单点物理瘫...",规则抽取,待复核,待复核
REL_EQ_000003,tech_eq_001,data_eq_015,tech_eq_001,data_eq_015,tech_eq_001,data_eq_015,地震早期预警,台站波形数据,地震早期预警,台站波形数据,AITech,Dataset,DEPENDS_ON,DEPENDS_ON（依赖数据）,0.6,EQ_DOC_007,CHK_EQ_000019,分布式AI地震预警,地震灾害数据收集与整理.docx,"## 七、 分布式AI地震预警系统、边缘计算与众包传感器网络 传统的地震早期预警系统（EEW）虽然在减轻次生灾害方面发挥了巨大作用，但在处理超大规模传感器数据流（如来自数以万计众包手机或极高密度的窄带无线传感网络 WSN）时，仍然面临系统算力和Telemetry延迟的瓶颈 [69, 70, 71]。在极短响应时窗下，为了避免中央服务器出现灾难性的网络拥堵或单点物理瘫...",规则抽取,待复核,待复核
REL_EQ_000004,tech_eq_011,task_eq_002,tech_eq_011,task_eq_002,tech_eq_011,task_eq_002,分布式AI地震预警,地震监测预警,分布式AI地震预警,地震监测预警,AITech,Task,SOLVES,SOLVES（解决任务）,0.6,EQ_DOC_007,CHK_EQ_000019,分布式AI地震预警,地震灾害数据收集与整理.docx,"## 七、 分布式AI地震预警系统、边缘计算与众包传感器网络 传统的地震早期预警系统（EEW）虽然在减轻次生灾害方面发挥了巨大作用，但在处理超大规模传感器数据流（如来自数以万计众包手机或极高密度的窄带无线传感网络 WSN）时，仍然面临系统算力和Telemetry延迟的瓶颈 [69, 70, 71]。在极短响应时...",规则抽取,待复核,待复核
REL_EQ_000005,tech_eq_011,stage_eq_002,tech_eq_011,stage_eq_002,tech_eq_011,stage_eq_002,分布式AI地震预警,震时预警,分布式AI地震预警,震时预警,AITech,Scenario,SERVES_STAGE,SERVES_STAGE（服务阶段）,0.6,EQ_DOC_007,CHK_EQ_000019,分布式AI地震预警,地震灾害数据收集与整理.docx,"## 七、 分布式AI地震预警系统、边缘计算与众包传感器网络 传统的地震早期预警系统（EEW）虽然在减轻次生灾害方面发挥了巨大作用，但在处理超大规模传感器数据流（如来自数以万计众包手机或极高密度的窄带无线传感网络 WSN）时，仍然面临系统算力和Telemetry延迟的瓶颈 [69, 70, 71]。在极短响应时...",规则抽取,待复核,待复核
REL_EQ_000006,tech_eq_011,model_eq_012,tech_eq_011,model_eq_012,tech_eq_011,model_eq_012,分布式AI地震预警,Edge-AI CNN,分布式AI地震预警,Edge-AI CNN,AITech,Model,USES_MODEL,USES_MODEL（采用模型）,0.6,EQ_DOC_007,CHK_EQ_000019,分布式AI地震预警,地震灾害数据收集与整理.docx,"## 七、 分布式AI地震预警系统、边缘计算与众包传感器网络 传统的地震早期预警系统（EEW）虽然在减轻次生灾害方面发挥了巨大作用，但在处理超大规模传感器数据流（如来自数以万计众包手机或极高密度的窄带无线传感网络 WSN）时，仍然面临系统算力和Telemetry延迟的瓶颈 [69, 70, 71]。在极短响应时...",规则抽取,待复核,待复核
REL_EQ_000007,tech_eq_011,model_eq_013,tech_eq_011,model_eq_013,tech_eq_011,model_eq_013,分布式AI地震预警,PhaseNet,分布式AI地震预警,PhaseNet,AITech,Model,USES_MODEL,USES_MODEL（采用模型）,0.75,EQ_DOC_007,CHK_EQ_000020,分布式AI地震预警,地震灾害数据收集与整理.docx,...化的超轻量级卷机神经网络（CNN），仅含 物理模型权重参数；专攻 2 秒短时波形的高速 P-Wave 起始Picking [72] | 与 PhaseNet、EQTransformer 在高信噪比表现上相当；对微地震波定位精度保持在极高水准 [72] | 在低成本嵌入式 Raspberry Pi 等硬件上，单次波形前向计算耗时低于 [72] | 部署于低功耗 MEMS 边缘传感器（如 Raspberry Shake 社区网络边缘节,规则抽取,待复核,待复核
REL_EQ_000008,tech_eq_011,model_eq_014,tech_eq_011,model_eq_014,tech_eq_011,model_eq_014,分布式AI地震预警,EQTransformer,分布式AI地震预警,EQTransformer,AITech,Model,USES_MODEL,USES_MODEL（采用模型）,0.75,EQ_DOC_007,CHK_EQ_000020,分布式AI地震预警,地震灾害数据收集与整理.docx,...经网络（CNN），仅含 物理模型权重参数；专攻 2 秒短时波形的高速 P-Wave 起始Picking [72] | 与 PhaseNet、EQTransformer 在高信噪比表现上相当；对微地震波定位精度保持在极高水准 [72] | 在低成本嵌入式 Raspberry Pi 等硬件上，单次波形前向计算耗时低于 [72] | 部署于低功耗 MEMS 边缘传感器（如 Raspberry Shake 社区网络边缘节点）；完美支持纯分,规则抽取,待复核,待复核
REL_EQ_000009,tech_eq_011,model_eq_017,tech_eq_011,model_eq_017,tech_eq_011,model_eq_017,分布式AI地震预警,QuakeWake,分布式AI地震预警,QuakeWake,AITech,Model,USES_MODEL,USES_MODEL（采用模型）,0.75,EQ_DOC_007,CHK_EQ_000020,分布式AI地震预警,地震灾害数据收集与整理.docx,...流及计算Latency响应表现 | 传感器源依赖与边缘部署环境特征 | | --- | --- | --- | --- | --- | | QuakeWake 系统 [75] | 双阶段架构：本地端微型神经网络实时监控，云端采用深度神经网络模块进行全局烈度及波路径传播动态演化分析 [75] | 地震动识别及方向传播预测准确度高达 [75] | 本地微内核秒级即时响应；终端不消耗电池；附加的 Raspberry Pi adjunct,规则抽取,待复核,待复核
REL_EQ_000010,tech_eq_011,model_eq_018,tech_eq_011,model_eq_018,tech_eq_011,model_eq_018,分布式AI地震预警,E3WS,分布式AI地震预警,E3WS,AITech,Model,USES_MODEL,USES_MODEL（采用模型）,0.9,EQ_DOC_007,CHK_EQ_000020,分布式AI地震预警,地震灾害数据收集与整理.docx,...] | 部署于低功耗 MEMS 边缘传感器（如 Raspberry Shake 社区网络边缘节点）；完美支持纯分布式计算 [72] | | AI-Powered EEWS (印度) [79] | 端到端混合深度神经网络，包含深度一维 CNN、循环神经网络（RNN）及多层感知机（MLP）特征层 [79] | 在庞大验证数据集上达到 的综合分类精确度 [79] | 实测毫秒级超低前向推理时间，为在破坏性破坏剪切 S-Wave 到达前赢,规则抽取,待复核,待复核
REL_EQ_000011,tech_eq_011,model_eq_015,tech_eq_011,model_eq_015,tech_eq_011,model_eq_015,分布式AI地震预警,DBSCAN,分布式AI地震预警,DBSCAN,AITech,Model,USES_MODEL,USES_MODEL（采用模型）,0.75,EQ_DOC_007,CHK_EQ_000019,分布式AI地震预警,地震灾害数据收集与整理.docx,"## 七、 分布式AI地震预警系统、边缘计算与众包传感器网络 传统的地震早期预警系统（EEW）虽然在减轻次生灾害方面发挥了巨大作用，但在处理超大规模传感器数据流（如来自数以万计众包手机或极高密度的窄带无线传感网络 WSN）时，仍然面临系统算力和Telemetry延迟的瓶颈 [69, 70, 71]。在极短响应时窗下，为了避免中央服务器出现灾难性的网络拥堵或单点物理瘫痪，防灾AI架构必须采取“云-边-端”协同决策模式 [71, 72]。 ",规则抽取,待复核,待复核
REL_EQ_000012,tech_eq_011,data_eq_016,tech_eq_011,data_eq_016,tech_eq_011,data_eq_016,分布式AI地震预警,MEMS 加速度计,分布式AI地震预警,MEMS 加速度计,AITech,Dataset,DEPENDS_ON,DEPENDS_ON（依赖数据）,0.75,EQ_DOC_007,CHK_EQ_000019,分布式AI地震预警,地震灾害数据收集与整理.docx,"## 七、 分布式AI地震预警系统、边缘计算与众包传感器网络 传统的地震早期预警系统（EEW）虽然在减轻次生灾害方面发挥了巨大作用，但在处理超大规模传感器数据流（如来自数以万计众包手机或极高密度的窄带无线传感网络 WSN）时，仍然面临系统算力和Telemetry延迟的瓶颈 [69, 70, 71]。在极短响应时窗下，为了避免中央服务器出现灾难性的网络拥堵或单点物理瘫痪，防灾AI架构必须采取“云-边-端”协同决策模式 [71, 72]。 ",规则抽取,待复核,待复核
REL_EQ_000013,tech_eq_011,data_eq_015,tech_eq_011,data_eq_015,tech_eq_011,data_eq_015,分布式AI地震预警,台站波形数据,分布式AI地震预警,台站波形数据,AITech,Dataset,DEPENDS_ON,DEPENDS_ON（依赖数据）,0.6,EQ_DOC_007,CHK_EQ_000019,分布式AI地震预警,地震灾害数据收集与整理.docx,"## 七、 分布式AI地震预警系统、边缘计算与众包传感器网络 传统的地震早期预警系统（EEW）虽然在减轻次生灾害方面发挥了巨大作用，但在处理超大规模传感器数据流（如来自数以万计众包手机或极高密度的窄带无线传感网络 WSN）时，仍然面临系统算力和Telemetry延迟的瓶颈 [69, 70, 71]。在极短响应时...",规则抽取,待复核,待复核
REL_EQ_000014,tech_eq_011,limit_eq_001,tech_eq_011,limit_eq_001,tech_eq_011,limit_eq_001,分布式AI地震预警,预警盲区,分布式AI地震预警,预警盲区,AITech,Limitation,LIMITED_BY,LIMITED_BY（受限于）,0.6,EQ_DOC_007,CHK_EQ_000019,分布式AI地震预警,地震灾害数据收集与整理.docx,"## 七、 分布式AI地震预警系统、边缘计算与众包传感器网络 传统的地震早期预警系统（EEW）虽然在减轻次生灾害方面发挥了巨大作用，但在处理超大规模传感器数据流（如来自数以万计众包手机或极高密度的窄带无线传感网络 WSN）时，仍然面临系统算力和Telemetry延迟的瓶颈 [69, 70, 71]。在极短响应时...",规则抽取,待复核,待复核
REL_EQ_000015,tech_eq_011,limit_eq_016,tech_eq_011,limit_eq_016,tech_eq_011,limit_eq_016,分布式AI地震预警,通信延迟,分布式AI地震预警,通信延迟,AITech,Limitation,LIMITED_BY,LIMITED_BY（受限于）,0.6,EQ_DOC_007,CHK_EQ_000019,分布式AI地震预警,地震灾害数据收集与整理.docx,"## 七、 分布式AI地震预警系统、边缘计算与众包传感器网络 传统的地震早期预警系统（EEW）虽然在减轻次生灾害方面发挥了巨大作用，但在处理超大规模传感器数据流（如来自数以万计众包手机或极高密度的窄带无线传感网络 WSN）时，仍然面临系统算力和Telemetry延迟的瓶颈 [69, 70, 71]。在极短响应时...",规则抽取,待复核,待复核
REL_EQ_000016,tech_eq_004,task_eq_003,tech_eq_004,task_eq_003,tech_eq_004,task_eq_003,地震风险时空预测,地震风险评估,地震风险时空预测,地震风险评估,AITech,Task,SOLVES,SOLVES（解决任务）,0.9,EQ_DOC_008,CHK_EQ_000024,工程损失评估系统,地震灾害数据收集与整理.docx,"这些先进的计算工具表明，现代地震风险评估已呈现出显著的高精度（Site-specific）发展趋势 [25, 67]。过去，Hazus 常常使用区域性的普查区数据（Census Tract）来近似模拟平均建筑属性 [26, 67]。但现代 AI 防灾系统可以基于超高清街景、LiDAR 激光雷达扫描及建筑物三维模型，为每一栋建筑...",规则抽取,待复核,待复核
REL_EQ_000017,tech_eq_004,data_eq_002,tech_eq_004,data_eq_002,tech_eq_004,data_eq_002,地震风险时空预测,CENC 地震目录,地震风险时空预测,CENC 地震目录,AITech,Dataset,DEPENDS_ON,DEPENDS_ON（依赖数据）,0.6,EQ_DOC_002,CHK_EQ_000004,全球典型地震事件参数,地震灾害数据收集与整理.docx,"...决定了后续地震动模拟、破坏力评估及次生灾害链预测模型的输出质量 [1]。由于不同地震观测网络（如美国地质调查局 USGS、中国地震台网中心 CENC、日本气象厅 JMA）在台网分布、仪器校准、计算方法（如面波震级 与矩震级 的差异）等方面的技术路径不同，同一地震事件的测定参数往往存在系统性偏差 [2, 3]。 通过对比 USGS 与中国地震台网中心（CENC）对全球典型地震事件的正式测定结果，可以清晰地看出这些物理参数的技术异同点",规则抽取,待复核,待复核
REL_EQ_000018,data_eq_004,data_eq_006,data_eq_004,data_eq_006,data_eq_004,data_eq_006,ShakeMap,Finite Fault Model,ShakeMap,Finite Fault Model,Dataset,Dataset,DEPENDS_ON,DEPENDS_ON（依赖数据）,0.9,EQ_DOC_003,CHK_EQ_000007,ShakeMap与PAGER影响评估,地震灾害数据收集与整理.docx,"...地面峰值加速度 PGA、地面峰值速度 PGV）是评估地面震动剧烈程度和预测建筑物结构物理破坏力的核心指标 [4, 26]。美国地质调查局的 ShakeMap 系统和 PAGER（Prompt Assessment of Global Earthquakes for Response）系统，是当前全球最为先进的震后快速半结构化影响评估工具，广泛服务于灾害防御及应急资源调度决策 [26, 27, 28]。 PAGER 系统在发震后数分",规则抽取,待复核,待复核
REL_EQ_000019,data_eq_004,data_eq_017,data_eq_004,data_eq_017,data_eq_004,data_eq_017,ShakeMap,Vs30,ShakeMap,Vs30,Dataset,Dataset,DEPENDS_ON,DEPENDS_ON（依赖数据）,0.6,EQ_DOC_003,CHK_EQ_000007,ShakeMap与PAGER影响评估,地震灾害数据收集与整理.docx,"...地面峰值加速度 PGA、地面峰值速度 PGV）是评估地面震动剧烈程度和预测建筑物结构物理破坏力的核心指标 [4, 26]。美国地质调查局的 ShakeMap 系统和 PAGER（Prompt Assessment of Global Earthquakes for Response）系统，是当前全球最为先进的震后快速半结构化影响评估工具，广泛服务于灾害防御及应急资源调度决策 [26, 27, 28]。 PAGER 系统在发震后数分",规则抽取,待复核,待复核
REL_EQ_000020,data_eq_004,metric_eq_001,data_eq_004,metric_eq_001,data_eq_004,metric_eq_001,ShakeMap,PGA,ShakeMap,PGA,Dataset,Metric,HAS_METRIC,HAS_METRIC（具有指标）,0.9,EQ_DOC_003,CHK_EQ_000007,ShakeMap与PAGER影响评估,地震灾害数据收集与整理.docx,"## 三、 地震动、烈度图与PAGER快速影响评估数据链 地震动参数（如地面峰值加速度 PGA、地面峰值速度 PGV）是评估地面震动剧烈程度和预测建筑物结构物理破坏力的核心指标 [4, 26]。美国地质调查局的 ShakeMap 系统和 PAGER（Prompt Assessment of Global Earthquakes for Response）系统，是当前全球最为先进的震后快速半结构化影响评估工具，广泛服务于灾害防御及应急资源",规则抽取,待复核,待复核
REL_EQ_000021,data_eq_004,metric_eq_002,data_eq_004,metric_eq_002,data_eq_004,metric_eq_002,ShakeMap,PGV,ShakeMap,PGV,Dataset,Metric,HAS_METRIC,HAS_METRIC（具有指标）,0.9,EQ_DOC_003,CHK_EQ_000007,ShakeMap与PAGER影响评估,地震灾害数据收集与整理.docx,"## 三、 地震动、烈度图与PAGER快速影响评估数据链 地震动参数（如地面峰值加速度 PGA、地面峰值速度 PGV）是评估地面震动剧烈程度和预测建筑物结构物理破坏力的核心指标 [4, 26]。美国地质调查局的 ShakeMap 系统和 PAGER（Prompt Assessment of Global Earthquakes for Response）系统，是当前全球最为先进的震后快速半结构化影响评估工具，广泛服务于灾害防御及应急资源",规则抽取,待复核,待复核
REL_EQ_000022,data_eq_004,metric_eq_003,data_eq_004,metric_eq_003,data_eq_004,metric_eq_003,ShakeMap,MMI,ShakeMap,MMI,Dataset,Metric,HAS_METRIC,HAS_METRIC（具有指标）,0.9,EQ_DOC_003,CHK_EQ_000007,ShakeMap与PAGER影响评估,地震灾害数据收集与整理.docx,"...地面峰值加速度 PGA、地面峰值速度 PGV）是评估地面震动剧烈程度和预测建筑物结构物理破坏力的核心指标 [4, 26]。美国地质调查局的 ShakeMap 系统和 PAGER（Prompt Assessment of Global Earthquakes for Response）系统，是当前全球最为先进的震后快速半结构化影响评估工具，广泛服务于灾害防御及应急资源调度决策 [26, 27, 28]。 PAGER 系统在发震后数分",规则抽取,待复核,待复核
REL_EQ_000023,data_eq_004,product_eq_003,data_eq_004,product_eq_003,data_eq_004,product_eq_003,ShakeMap,Intensity Contours,ShakeMap,Intensity Contours,Dataset,ImpactProduct,HAS_IMPACT,HAS_IMPACT（产生影响）,0.9,EQ_DOC_003,CHK_EQ_000008,ShakeMap与PAGER影响评估,地震灾害数据收集与整理.docx,"..., 33, 34] | 2021年海地大震数据值 [20, 21] | | --- | --- | --- | --- | --- | | ShakeMap 最大实测PGA | () [2] | 超出 范围 [10, 35] | - （由于 Kathmandu 盆地厚软沉积层放大，长周期波突出） [16] | [20] | | 最大修正麦加利烈度 (MMI) | MMI IX - XI (极度暴烈震动) [2, 5] | MMI ",规则抽取,待复核,待复核
REL_EQ_000024,data_eq_004,product_eq_004,data_eq_004,product_eq_004,data_eq_004,product_eq_004,ShakeMap,XML Grid,ShakeMap,XML Grid,Dataset,ImpactProduct,HAS_IMPACT,HAS_IMPACT（产生影响）,0.9,EQ_DOC_003,CHK_EQ_000008,ShakeMap与PAGER影响评估,地震灾害数据收集与整理.docx,"..., 33, 34] | 2021年海地大震数据值 [20, 21] | | --- | --- | --- | --- | --- | | ShakeMap 最大实测PGA | () [2] | 超出 范围 [10, 35] | - （由于 Kathmandu 盆地厚软沉积层放大，长周期波突出） [16] | [20] | | 最大修正麦加利烈度 (MMI) | MMI IX - XI (极度暴烈震动) [2, 5] | MMI ",规则抽取,待复核,待复核
REL_EQ_000025,data_eq_004,product_eq_005,data_eq_004,product_eq_005,data_eq_004,product_eq_005,ShakeMap,Fault Rupture JSON,ShakeMap,Fault Rupture JSON,Dataset,ImpactProduct,HAS_IMPACT,HAS_IMPACT（产生影响）,0.9,EQ_DOC_003,CHK_EQ_000008,ShakeMap与PAGER影响评估,地震灾害数据收集与整理.docx,"..., 33, 34] | 2021年海地大震数据值 [20, 21] | | --- | --- | --- | --- | --- | | ShakeMap 最大实测PGA | () [2] | 超出 范围 [10, 35] | - （由于 Kathmandu 盆地厚软沉积层放大，长周期波突出） [16] | [20] | | 最大修正麦加利烈度 (MMI) | MMI IX - XI (极度暴烈震动) [2, 5] | MMI ",规则抽取,待复核,待复核
REL_EQ_000026,data_eq_005,data_eq_004,data_eq_005,data_eq_004,data_eq_005,data_eq_004,PAGER,ShakeMap,PAGER,ShakeMap,Dataset,Dataset,DEPENDS_ON,DEPENDS_ON（依赖数据）,0.9,EQ_DOC_003,CHK_EQ_000007,ShakeMap与PAGER影响评估,地震灾害数据收集与整理.docx,"## 三、 地震动、烈度图与PAGER快速影响评估数据链 地震动参数（如地面峰值加速度 PGA、地面峰值速度 PGV）是评估地面震动剧烈程度和预测建筑物结构物理破坏力的核心指标 [4, 26]。美国地质调查局的 ShakeMap 系统和 PAGER（Prompt Assessment of Global Earthquakes for Response）系统，是当前全球最为先进的震后快速半结构化影响评估工具，广泛服务于灾害防御及应急资源",规则抽取,待复核,待复核
REL_EQ_000027,data_eq_005,data_eq_007,data_eq_005,data_eq_007,data_eq_005,data_eq_007,PAGER,WorldPop,PAGER,WorldPop,Dataset,Dataset,DEPENDS_ON,DEPENDS_ON（依赖数据）,0.9,EQ_DOC_003,CHK_EQ_000007,ShakeMap与PAGER影响评估,地震灾害数据收集与整理.docx,"## 三、 地震动、烈度图与PAGER快速影响评估数据链 地震动参数（如地面峰值加速度 PGA、地面峰值速度 PGV）是评估地面震动剧烈程度和预测建筑物结构物理破坏力的核心指标 [4, 26]。美国地质调查局的 ShakeMap 系统和 PAGER（Prompt Assessment of Global Earthquakes for Response）系统，是当前全球最为先进的震后快速半结构化影响评估工具，广泛服务于灾害防御及应急资源",规则抽取,待复核,待复核
REL_EQ_000028,data_eq_005,task_eq_006,data_eq_005,task_eq_006,data_eq_005,task_eq_006,PAGER,人员伤亡估计,PAGER,人员伤亡估计,Dataset,Task,SOLVES,SOLVES（解决任务）,0.6,EQ_DOC_003,CHK_EQ_000007,ShakeMap与PAGER影响评估,地震灾害数据收集与整理.docx,"## 三、 地震动、烈度图与PAGER快速影响评估数据链 地震动参数（如地面峰值加速度 PGA、地面峰值速度 PGV）是评估地面震动剧烈程度和预测建筑物结构物理破坏力的核心指标 [4, 26]。美国地质调查局的 ShakeMap 系统和 PAGER（Prompt Assessment of Global Earthquakes...",规则抽取,待复核,待复核
REL_EQ_000029,data_eq_005,task_eq_007,data_eq_005,task_eq_007,data_eq_005,task_eq_007,PAGER,经济损失估计,PAGER,经济损失估计,Dataset,Task,SOLVES,SOLVES（解决任务）,0.9,EQ_DOC_003,CHK_EQ_000007,ShakeMap与PAGER影响评估,地震灾害数据收集与整理.docx,"## 三、 地震动、烈度图与PAGER快速影响评估数据链 地震动参数（如地面峰值加速度 PGA、地面峰值速度 PGV）是评估地面震动剧烈程度和预测建筑物结构物理破坏力的核心指标 [4, 26]。美国地质调查局的 ShakeMap 系统和 PAGER（Prompt Assessment of Global Earthquakes for Response）系统，是当前全球最为先进的震后快速半结构化影响评估工具，广泛服务于灾害防御及应急资源",规则抽取,待复核,待复核
REL_EQ_000030,data_eq_005,product_eq_001,data_eq_005,product_eq_001,data_eq_005,product_eq_001,PAGER,PAGER XML,PAGER,PAGER XML,Dataset,ImpactProduct,HAS_IMPACT,HAS_IMPACT（产生影响）,0.9,EQ_DOC_003,CHK_EQ_000008,ShakeMap与PAGER影响评估,地震灾害数据收集与整理.docx,"...MMI X (毁灭性强烈震动) [9] | MMI IX - X [3, 33] | MMI VIII (严重破坏烈度) [20] | | PAGER 经济损失警报级别 | 红色警报（经济损失极可能达到数亿美元，占日本国内生产总值的1%以下） [29] | 红色警报（经济损失数额极其巨大，破坏性极广） [9] | 红色警报（预估经济损失达到数十亿美元，约占尼泊尔国内生产总值的50%） [16] | 红色警报（预估损失巨大，占其GD",规则抽取,待复核,待复核
REL_EQ_000031,data_eq_005,product_eq_002,data_eq_005,product_eq_002,data_eq_005,product_eq_002,PAGER,PAGER 快速评估结果,PAGER,PAGER 快速评估结果,Dataset,ImpactProduct,HAS_IMPACT,HAS_IMPACT（产生影响）,0.9,EQ_DOC_003,CHK_EQ_000007,ShakeMap与PAGER影响评估,地震灾害数据收集与整理.docx,"## 三、 地震动、烈度图与PAGER快速影响评估数据链 地震动参数（如地面峰值加速度 PGA、地面峰值速度 PGV）是评估地面震动剧烈程度和预测建筑物结构物理破坏力的核心指标 [4, 26]。美国地质调查局的 ShakeMap 系统和 PAGER（Prompt Assessment of Global Earthquakes for Response）系统，是当前全球最为先进的震后快速半结构化影响评估工具，广泛服务于灾害防御及应急资源",规则抽取,待复核,待复核
REL_EQ_000032,data_eq_004,case_eq_001,data_eq_004,case_eq_001,data_eq_004,case_eq_001,ShakeMap,2024 年日本能登半岛地震,ShakeMap,2024 年日本能登半岛地震,Dataset,Case,VALIDATED_IN,VALIDATED_IN（案例验证）,0.9,EQ_DOC_003,CHK_EQ_000008,ShakeMap与PAGER影响评估,地震灾害数据收集与整理.docx,"| 评估指标与评估报告产品类型 | 2024年能登半岛地震数据值 [2, 4, 5, 29] | 2023年土耳其双震（主震）数据值 [9, 10, 31, 32] | 2015年尼泊尔大震数据值 [16, 17, 33, 34] | 2021年海地大震数据值 [20, 21] | | --- | --- | --- | --- | --- | | ShakeMap 最大实测PGA | () [2] | 超出 范围 [10, 35] |",规则抽取,待复核,待复核
REL_EQ_000033,tech_eq_005,stage_eq_003,tech_eq_005,stage_eq_003,tech_eq_005,stage_eq_003,震后灾情快速评估,震后评估,震后灾情快速评估,震后评估,AITech,Scenario,SERVES_STAGE,SERVES_STAGE（服务阶段）,0.6,EQ_DOC_003,CHK_EQ_000007,ShakeMap与PAGER影响评估,地震灾害数据收集与整理.docx,"## 三、 地震动、烈度图与PAGER快速影响评估数据链 地震动参数（如地面峰值加速度 PGA、地面峰值速度 PGV）是评估地面震动剧烈程度和预测建筑物结构物理破坏力的核心指标 [4, 26]。美国地质调查局的 ShakeMap 系统和 PAGER（Prompt Assessment of Global Earthquakes for...",规则抽取,待复核,待复核
REL_EQ_000034,tech_eq_005,data_eq_004,tech_eq_005,data_eq_004,tech_eq_005,data_eq_004,震后灾情快速评估,ShakeMap,震后灾情快速评估,ShakeMap,AITech,Dataset,DEPENDS_ON,DEPENDS_ON（依赖数据）,0.75,EQ_DOC_003,CHK_EQ_000007,ShakeMap与PAGER影响评估,地震灾害数据收集与整理.docx,"## 三、 地震动、烈度图与PAGER快速影响评估数据链 地震动参数（如地面峰值加速度 PGA、地面峰值速度 PGV）是评估地面震动剧烈程度和预测建筑物结构物理破坏力的核心指标 [4, 26]。美国地质调查局的 ShakeMap 系统和 PAGER（Prompt Assessment of Global Earthquakes for Response）系统，是当前全球最为先进的震后快速半结构化影响评估工具，广泛服务于灾害防御及应急资源",规则抽取,待复核,待复核
REL_EQ_000035,tech_eq_005,data_eq_005,tech_eq_005,data_eq_005,tech_eq_005,data_eq_005,震后灾情快速评估,PAGER,震后灾情快速评估,PAGER,AITech,Dataset,DEPENDS_ON,DEPENDS_ON（依赖数据）,0.9,EQ_DOC_003,CHK_EQ_000007,ShakeMap与PAGER影响评估,地震灾害数据收集与整理.docx,"## 三、 地震动、烈度图与PAGER快速影响评估数据链 地震动参数（如地面峰值加速度 PGA、地面峰值速度 PGV）是评估地面震动剧烈程度和预测建筑物结构物理破坏力的核心指标 [4, 26]。美国地质调查局的 ShakeMap 系统和 PAGER（Prompt Assessment of Global Earthquakes for...",规则抽取,待复核,待复核
REL_EQ_000036,tech_eq_005,task_eq_006,tech_eq_005,task_eq_006,tech_eq_005,task_eq_006,震后灾情快速评估,人员伤亡估计,震后灾情快速评估,人员伤亡估计,AITech,Task,SOLVES,SOLVES（解决任务）,0.6,EQ_DOC_003,CHK_EQ_000007,ShakeMap与PAGER影响评估,地震灾害数据收集与整理.docx,"## 三、 地震动、烈度图与PAGER快速影响评估数据链 地震动参数（如地面峰值加速度 PGA、地面峰值速度 PGV）是评估地面震动剧烈程度和预测建筑物结构物理破坏力的核心指标 [4, 26]。美国地质调查局的 ShakeMap 系统和 PAGER（Prompt Assessment of Global Earthquakes for...",规则抽取,待复核,待复核
REL_EQ_000037,tech_eq_005,task_eq_007,tech_eq_005,task_eq_007,tech_eq_005,task_eq_007,震后灾情快速评估,经济损失估计,震后灾情快速评估,经济损失估计,AITech,Task,SOLVES,SOLVES（解决任务）,0.75,EQ_DOC_003,CHK_EQ_000007,ShakeMap与PAGER影响评估,地震灾害数据收集与整理.docx,"## 三、 地震动、烈度图与PAGER快速影响评估数据链 地震动参数（如地面峰值加速度 PGA、地面峰值速度 PGV）是评估地面震动剧烈程度和预测建筑物结构物理破坏力的核心指标 [4, 26]。美国地质调查局的 ShakeMap 系统和 PAGER（Prompt Assessment of Global Earthquakes for Response）系统，是当前全球最为先进的震后快速半结构化影响评估工具，广泛服务于灾害防御及应急资源",规则抽取,待复核,待复核
REL_EQ_000038,tech_eq_002,stage_eq_003,tech_eq_002,stage_eq_003,tech_eq_002,stage_eq_003,震后建筑损毁识别,震后评估,震后建筑损毁识别,震后评估,AITech,Scenario,SERVES_STAGE,SERVES_STAGE（服务阶段）,0.6,EQ_DOC_005,CHK_EQ_000013,遥感影像与建筑震损标签,地震灾害数据收集与整理.docx,"## 五、 遥感影像解译、建筑震损标签与多源几何特征提取 面对大面积地震灾害，现场地毯式排查在效率和安全性上均无法满足应急决策的急迫时效要求 [49]。通过联合天基高分辨率卫星与空基无人机（UAV）遥感手段进行智能解译，是目前实现大范围、快速建筑震损评估的核心路径 [50, 51]。 在遥感智能算法的研制与工程标定中，高质量...",规则抽取,待复核,待复核
REL_EQ_000039,tech_eq_002,data_eq_008,tech_eq_002,data_eq_008,tech_eq_002,data_eq_008,震后建筑损毁识别,xBD,震后建筑损毁识别,xBD,AITech,Dataset,DEPENDS_ON,DEPENDS_ON（依赖数据）,0.6,EQ_DOC_005,CHK_EQ_000013,遥感影像与建筑震损标签,地震灾害数据收集与整理.docx,"## 五、 遥感影像解译、建筑震损标签与多源几何特征提取 面对大面积地震灾害，现场地毯式排查在效率和安全性上均无法满足应急决策的急迫时效要求 [49]。通过联合天基高分辨率卫星与空基无人机（UAV）遥感手段进行智能解译，是目前实现大范围、快速建筑震损评估的核心路径 [50, 51]。 在遥感智能算法的研制与工程标定中，高质量...",规则抽取,待复核,待复核
REL_EQ_000040,tech_eq_002,data_eq_009,tech_eq_002,data_eq_009,tech_eq_002,data_eq_009,震后建筑损毁识别,Copernicus EMS,震后建筑损毁识别,Copernicus EMS,AITech,Dataset,DEPENDS_ON,DEPENDS_ON（依赖数据）,0.6,EQ_DOC_005,CHK_EQ_000013,遥感影像与建筑震损标签,地震灾害数据收集与整理.docx,"## 五、 遥感影像解译、建筑震损标签与多源几何特征提取 面对大面积地震灾害，现场地毯式排查在效率和安全性上均无法满足应急决策的急迫时效要求 [49]。通过联合天基高分辨率卫星与空基无人机（UAV）遥感手段进行智能解译，是目前实现大范围、快速建筑震损评估的核心路径 [50, 51]。 在遥感智能算法的研制与工程标定中，高质量...",规则抽取,待复核,待复核
REL_EQ_000041,tech_eq_002,data_eq_010,tech_eq_002,data_eq_010,tech_eq_002,data_eq_010,震后建筑损毁识别,ALOS-2-BDE,震后建筑损毁识别,ALOS-2-BDE,AITech,Dataset,DEPENDS_ON,DEPENDS_ON（依赖数据）,0.6,EQ_DOC_005,CHK_EQ_000013,遥感影像与建筑震损标签,地震灾害数据收集与整理.docx,"## 五、 遥感影像解译、建筑震损标签与多源几何特征提取 面对大面积地震灾害，现场地毯式排查在效率和安全性上均无法满足应急决策的急迫时效要求 [49]。通过联合天基高分辨率卫星与空基无人机（UAV）遥感手段进行智能解译，是目前实现大范围、快速建筑震损评估的核心路径 [50, 51]。 在遥感智能算法的研制与工程标定中，高质量...",规则抽取,待复核,待复核
REL_EQ_000042,tech_eq_002,data_eq_011,tech_eq_002,data_eq_011,tech_eq_002,data_eq_011,震后建筑损毁识别,Sentinel-1,震后建筑损毁识别,Sentinel-1,AITech,Dataset,DEPENDS_ON,DEPENDS_ON（依赖数据）,0.6,EQ_DOC_005,CHK_EQ_000013,遥感影像与建筑震损标签,地震灾害数据收集与整理.docx,"## 五、 遥感影像解译、建筑震损标签与多源几何特征提取 面对大面积地震灾害，现场地毯式排查在效率和安全性上均无法满足应急决策的急迫时效要求 [49]。通过联合天基高分辨率卫星与空基无人机（UAV）遥感手段进行智能解译，是目前实现大范围、快速建筑震损评估的核心路径 [50, 51]。 在遥感智能算法的研制与工程标定中，高质量...",规则抽取,待复核,待复核
REL_EQ_000043,tech_eq_002,data_eq_012,tech_eq_002,data_eq_012,tech_eq_002,data_eq_012,震后建筑损毁识别,PALSAR-2,震后建筑损毁识别,PALSAR-2,AITech,Dataset,DEPENDS_ON,DEPENDS_ON（依赖数据）,0.6,EQ_DOC_005,CHK_EQ_000013,遥感影像与建筑震损标签,地震灾害数据收集与整理.docx,"## 五、 遥感影像解译、建筑震损标签与多源几何特征提取 面对大面积地震灾害，现场地毯式排查在效率和安全性上均无法满足应急决策的急迫时效要求 [49]。通过联合天基高分辨率卫星与空基无人机（UAV）遥感手段进行智能解译，是目前实现大范围、快速建筑震损评估的核心路径 [50, 51]。 在遥感智能算法的研制与工程标定中，高质量...",规则抽取,待复核,待复核
REL_EQ_000044,tech_eq_002,data_eq_013,tech_eq_002,data_eq_013,tech_eq_002,data_eq_013,震后建筑损毁识别,OpenStreetMap,震后建筑损毁识别,OpenStreetMap,AITech,Dataset,DEPENDS_ON,DEPENDS_ON（依赖数据）,0.6,EQ_DOC_005,CHK_EQ_000013,遥感影像与建筑震损标签,地震灾害数据收集与整理.docx,"## 五、 遥感影像解译、建筑震损标签与多源几何特征提取 面对大面积地震灾害，现场地毯式排查在效率和安全性上均无法满足应急决策的急迫时效要求 [49]。通过联合天基高分辨率卫星与空基无人机（UAV）遥感手段进行智能解译，是目前实现大范围、快速建筑震损评估的核心路径 [50, 51]。 在遥感智能算法的研制与工程标定中，高质量...",规则抽取,待复核,待复核
REL_EQ_000045,tech_eq_002,data_eq_014,tech_eq_002,data_eq_014,tech_eq_002,data_eq_014,震后建筑损毁识别,建筑物足迹,震后建筑损毁识别,建筑物足迹,AITech,Dataset,DEPENDS_ON,DEPENDS_ON（依赖数据）,0.6,EQ_DOC_005,CHK_EQ_000013,遥感影像与建筑震损标签,地震灾害数据收集与整理.docx,"## 五、 遥感影像解译、建筑震损标签与多源几何特征提取 面对大面积地震灾害，现场地毯式排查在效率和安全性上均无法满足应急决策的急迫时效要求 [49]。通过联合天基高分辨率卫星与空基无人机（UAV）遥感手段进行智能解译，是目前实现大范围、快速建筑震损评估的核心路径 [50, 51]。 在遥感智能算法的研制与工程标定中，高质量...",规则抽取,待复核,待复核
REL_EQ_000046,tech_eq_002,task_eq_004,tech_eq_002,task_eq_004,tech_eq_002,task_eq_004,震后建筑损毁识别,震后建筑损毁识别,震后建筑损毁识别,震后建筑损毁识别,AITech,Task,SOLVES,SOLVES（解决任务）,0.6,EQ_DOC_005,CHK_EQ_000013,遥感影像与建筑震损标签,地震灾害数据收集与整理.docx,"## 五、 遥感影像解译、建筑震损标签与多源几何特征提取 面对大面积地震灾害，现场地毯式排查在效率和安全性上均无法满足应急决策的急迫时效要求 [49]。通过联合天基高分辨率卫星与空基无人机（UAV）遥感手段进行智能解译，是目前实现大范围、快速建筑震损评估的核心路径 [50, 51]。 在遥感智能算法的研制与工程标定中，高质量...",规则抽取,待复核,待复核
REL_EQ_000047,tech_eq_002,model_eq_001,tech_eq_002,model_eq_001,tech_eq_002,model_eq_001,震后建筑损毁识别,CNN,震后建筑损毁识别,CNN,AITech,Model,USES_MODEL,USES_MODEL（采用模型）,0.6,EQ_DOC_005,CHK_EQ_000013,遥感影像与建筑震损标签,地震灾害数据收集与整理.docx,"## 五、 遥感影像解译、建筑震损标签与多源几何特征提取 面对大面积地震灾害，现场地毯式排查在效率和安全性上均无法满足应急决策的急迫时效要求 [49]。通过联合天基高分辨率卫星与空基无人机（UAV）遥感手段进行智能解译，是目前实现大范围、快速建筑震损评估的核心路径 [50, 51]。 在遥感智能算法的研制与工程标定中，高质量...",规则抽取,待复核,待复核
REL_EQ_000048,tech_eq_002,model_eq_006,tech_eq_002,model_eq_006,tech_eq_002,model_eq_006,震后建筑损毁识别,U-Net,震后建筑损毁识别,U-Net,AITech,Model,USES_MODEL,USES_MODEL（采用模型）,0.6,EQ_DOC_005,CHK_EQ_000013,遥感影像与建筑震损标签,地震灾害数据收集与整理.docx,"## 五、 遥感影像解译、建筑震损标签与多源几何特征提取 面对大面积地震灾害，现场地毯式排查在效率和安全性上均无法满足应急决策的急迫时效要求 [49]。通过联合天基高分辨率卫星与空基无人机（UAV）遥感手段进行智能解译，是目前实现大范围、快速建筑震损评估的核心路径 [50, 51]。 在遥感智能算法的研制与工程标定中，高质量...",规则抽取,待复核,待复核
REL_EQ_000049,tech_eq_002,model_eq_005,tech_eq_002,model_eq_005,tech_eq_002,model_eq_005,震后建筑损毁识别,Transformer,震后建筑损毁识别,Transformer,AITech,Model,USES_MODEL,USES_MODEL（采用模型）,0.6,EQ_DOC_005,CHK_EQ_000013,遥感影像与建筑震损标签,地震灾害数据收集与整理.docx,"## 五、 遥感影像解译、建筑震损标签与多源几何特征提取 面对大面积地震灾害，现场地毯式排查在效率和安全性上均无法满足应急决策的急迫时效要求 [49]。通过联合天基高分辨率卫星与空基无人机（UAV）遥感手段进行智能解译，是目前实现大范围、快速建筑震损评估的核心路径 [50, 51]。 在遥感智能算法的研制与工程标定中，高质量...",规则抽取,待复核,待复核
REL_EQ_000050,tech_eq_002,limit_eq_010,tech_eq_002,limit_eq_010,tech_eq_002,limit_eq_010,震后建筑损毁识别,光学影像云层遮挡,震后建筑损毁识别,光学影像云层遮挡,AITech,Limitation,LIMITED_BY,LIMITED_BY（受限于）,0.6,EQ_DOC_005,CHK_EQ_000013,遥感影像与建筑震损标签,地震灾害数据收集与整理.docx,"## 五、 遥感影像解译、建筑震损标签与多源几何特征提取 面对大面积地震灾害，现场地毯式排查在效率和安全性上均无法满足应急决策的急迫时效要求 [49]。通过联合天基高分辨率卫星与空基无人机（UAV）遥感手段进行智能解译，是目前实现大范围、快速建筑震损评估的核心路径 [50, 51]。 在遥感智能算法的研制与工程标定中，高质量...",规则抽取,待复核,待复核
REL_EQ_000051,tech_eq_002,limit_eq_009,tech_eq_002,limit_eq_009,tech_eq_002,limit_eq_009,震后建筑损毁识别,SAR 影像解释不确定性,震后建筑损毁识别,SAR 影像解释不确定性,AITech,Limitation,LIMITED_BY,LIMITED_BY（受限于）,0.6,EQ_DOC_005,CHK_EQ_000013,遥感影像与建筑震损标签,地震灾害数据收集与整理.docx,"## 五、 遥感影像解译、建筑震损标签与多源几何特征提取 面对大面积地震灾害，现场地毯式排查在效率和安全性上均无法满足应急决策的急迫时效要求 [49]。通过联合天基高分辨率卫星与空基无人机（UAV）遥感手段进行智能解译，是目前实现大范围、快速建筑震损评估的核心路径 [50, 51]。 在遥感智能算法的研制与工程标定中，高质量...",规则抽取,待复核,待复核
REL_EQ_000052,tech_eq_002,limit_eq_011,tech_eq_002,limit_eq_011,tech_eq_002,limit_eq_011,震后建筑损毁识别,中等损伤标签混淆,震后建筑损毁识别,中等损伤标签混淆,AITech,Limitation,LIMITED_BY,LIMITED_BY（受限于）,0.6,EQ_DOC_005,CHK_EQ_000013,遥感影像与建筑震损标签,地震灾害数据收集与整理.docx,"## 五、 遥感影像解译、建筑震损标签与多源几何特征提取 面对大面积地震灾害，现场地毯式排查在效率和安全性上均无法满足应急决策的急迫时效要求 [49]。通过联合天基高分辨率卫星与空基无人机（UAV）遥感手段进行智能解译，是目前实现大范围、快速建筑震损评估的核心路径 [50, 51]。 在遥感智能算法的研制与工程标定中，高质量...",规则抽取,待复核,待复核
REL_EQ_000053,data_eq_008,product_eq_006,data_eq_008,product_eq_006,data_eq_008,product_eq_006,xBD,震损标签图,xBD,震损标签图,Dataset,ImpactProduct,HAS_IMPACT,HAS_IMPACT（产生影响）,0.6,EQ_DOC_005,CHK_EQ_000014,遥感影像与建筑震损标签,地震灾害数据收集与整理.docx,"...损等级（Damage Classification）与标签分布特点 | | --- | --- | --- | --- | --- | | xBD (xView2 Benchmark) [54, 55] | 全球多地（含19种自然灾害，覆盖地震、海啸、野火、火山等场景） [53, 54] | 3波段标准 RGB 图像，源自 Maxar/DigitalGlobe 开放数据计划 [53, 56] | 个高精度标定建筑物多边形（Foot",规则抽取,待复核,待复核
REL_EQ_000054,data_eq_010,case_eq_001,data_eq_010,case_eq_001,data_eq_010,case_eq_001,ALOS-2-BDE,2024 年日本能登半岛地震,ALOS-2-BDE,2024 年日本能登半岛地震,Dataset,Case,VALIDATED_IN,VALIDATED_IN（案例验证）,0.6,EQ_DOC_005,CHK_EQ_000014,遥感影像与建筑震损标签,地震灾害数据收集与整理.docx,"...分级：无可见损伤（Grade 0）、可能损伤（不确定性）、受损（Grade 1-3）、被毁（Grade 4-5） [58, 59] | | ALOS-2-BDE (能登地震震损底图) [62] | 2024 年能登半岛重点受灾城镇（轮岛市、珠洲市、能登町、穴水町、七尾市） [2, 62] | 日本 L 波段 PALSAR-2 合成孔径雷达影像，支持 spotlight（1x3m）及 stripmap（3m）高分辨观测 [63] |",规则抽取,待复核,待复核
REL_EQ_000055,tech_eq_003,stage_eq_003,tech_eq_003,stage_eq_003,tech_eq_003,stage_eq_003,遥感震损智能解译,震后评估,遥感震损智能解译,震后评估,AITech,Scenario,SERVES_STAGE,SERVES_STAGE（服务阶段）,0.6,EQ_DOC_005,CHK_EQ_000013,遥感影像与建筑震损标签,地震灾害数据收集与整理.docx,"## 五、 遥感影像解译、建筑震损标签与多源几何特征提取 面对大面积地震灾害，现场地毯式排查在效率和安全性上均无法满足应急决策的急迫时效要求 [49]。通过联合天基高分辨率卫星与空基无人机（UAV）遥感手段进行智能解译，是目前实现大范围、快速建筑震损评估的核心路径 [50, 51]。 在遥感智能算法的研制与工程...",规则抽取,待复核,待复核
REL_EQ_000056,tech_eq_003,task_eq_004,tech_eq_003,task_eq_004,tech_eq_003,task_eq_004,遥感震损智能解译,震后建筑损毁识别,遥感震损智能解译,震后建筑损毁识别,AITech,Task,SOLVES,SOLVES（解决任务）,0.6,EQ_DOC_005,CHK_EQ_000013,遥感影像与建筑震损标签,地震灾害数据收集与整理.docx,"## 五、 遥感影像解译、建筑震损标签与多源几何特征提取 面对大面积地震灾害，现场地毯式排查在效率和安全性上均无法满足应急决策的急迫时效要求 [49]。通过联合天基高分辨率卫星与空基无人机（UAV）遥感手段进行智能解译，是目前实现大范围、快速建筑震损评估的核心路径 [50, 51]。 在遥感智能算法的研制与工程...",规则抽取,待复核,待复核
REL_EQ_000057,tech_eq_003,data_eq_008,tech_eq_003,data_eq_008,tech_eq_003,data_eq_008,遥感震损智能解译,xBD,遥感震损智能解译,xBD,AITech,Dataset,DEPENDS_ON,DEPENDS_ON（依赖数据）,0.9,EQ_DOC_005,CHK_EQ_000014,遥感影像与建筑震损标签,地震灾害数据收集与整理.docx,"| 遥感与震损标签数据集名称 | 空间覆盖范围与覆盖灾区详情 | 原始影像波段与雷达传感器规格 | 建筑物 Footprint 注释数与图像像素分辨率 | 采用的建筑物震损等级（Damage Classification）与标签分布特点 | | --- | --- | --- | --- | --- | | xBD (xView2 Benchmark) [54, 55] | 全球多地（含19种自然灾害，覆盖地震、海啸、野火、火山等场景）",规则抽取,待复核,待复核
REL_EQ_000058,tech_eq_003,data_eq_009,tech_eq_003,data_eq_009,tech_eq_003,data_eq_009,遥感震损智能解译,Copernicus EMS,遥感震损智能解译,Copernicus EMS,AITech,Dataset,DEPENDS_ON,DEPENDS_ON（依赖数据）,0.75,EQ_DOC_005,CHK_EQ_000014,遥感影像与建筑震损标签,地震灾害数据收集与整理.docx,"| 遥感与震损标签数据集名称 | 空间覆盖范围与覆盖灾区详情 | 原始影像波段与雷达传感器规格 | 建筑物 Footprint 注释数与图像像素分辨率 | 采用的建筑物震损等级（Damage Classification）与标签分布特点 | | --- | --- | --- | --- | --- | | xBD (xView2 Benchmark) [54, 55] | 全球多地（含19种自然灾害，覆盖地震、海啸、野火、火山等场景）",规则抽取,待复核,待复核
REL_EQ_000059,tech_eq_003,data_eq_010,tech_eq_003,data_eq_010,tech_eq_003,data_eq_010,遥感震损智能解译,ALOS-2-BDE,遥感震损智能解译,ALOS-2-BDE,AITech,Dataset,DEPENDS_ON,DEPENDS_ON（依赖数据）,0.75,EQ_DOC_005,CHK_EQ_000014,遥感影像与建筑震损标签,地震灾害数据收集与整理.docx,"| 遥感与震损标签数据集名称 | 空间覆盖范围与覆盖灾区详情 | 原始影像波段与雷达传感器规格 | 建筑物 Footprint 注释数与图像像素分辨率 | 采用的建筑物震损等级（Damage Classification）与标签分布特点 | | --- | --- | --- | --- | --- | | xBD (xView2 Benchmark) [54, 55] | 全球多地（含19种自然灾害，覆盖地震、海啸、野火、火山等场景）",规则抽取,待复核,待复核
REL_EQ_000060,tech_eq_003,data_eq_011,tech_eq_003,data_eq_011,tech_eq_003,data_eq_011,遥感震损智能解译,Sentinel-1,遥感震损智能解译,Sentinel-1,AITech,Dataset,DEPENDS_ON,DEPENDS_ON（依赖数据）,0.75,EQ_DOC_005,CHK_EQ_000014,遥感影像与建筑震损标签,地震灾害数据收集与整理.docx,"| 遥感与震损标签数据集名称 | 空间覆盖范围与覆盖灾区详情 | 原始影像波段与雷达传感器规格 | 建筑物 Footprint 注释数与图像像素分辨率 | 采用的建筑物震损等级（Damage Classification）与标签分布特点 | | --- | --- | --- | --- | --- | | xBD (xView2 Benchmark) [54, 55] | 全球多地（含19种自然灾害，覆盖地震、海啸、野火、火山等场景）",规则抽取,待复核,待复核
REL_EQ_000061,tech_eq_003,limit_eq_009,tech_eq_003,limit_eq_009,tech_eq_003,limit_eq_009,遥感震损智能解译,SAR 影像解释不确定性,遥感震损智能解译,SAR 影像解释不确定性,AITech,Limitation,LIMITED_BY,LIMITED_BY（受限于）,0.6,EQ_DOC_005,CHK_EQ_000013,遥感影像与建筑震损标签,地震灾害数据收集与整理.docx,"## 五、 遥感影像解译、建筑震损标签与多源几何特征提取 面对大面积地震灾害，现场地毯式排查在效率和安全性上均无法满足应急决策的急迫时效要求 [49]。通过联合天基高分辨率卫星与空基无人机（UAV）遥感手段进行智能解译，是目前实现大范围、快速建筑震损评估的核心路径 [50, 51]。 在遥感智能算法的研制与工程...",规则抽取,待复核,待复核
REL_EQ_000062,tech_eq_007,model_eq_002,tech_eq_007,model_eq_002,tech_eq_007,model_eq_002,生命线震损风险传播GNN,GNN,生命线震损风险传播GNN,GNN,AITech,Model,USES_MODEL,USES_MODEL（采用模型）,0.9,EQ_DOC_010,CHK_EQ_000029,本体与复核机制,地震灾害数据收集与整理.docx,"...| --- | --- | --- | --- | | AITech | AI关键技术 | 泛指防灾减灾中的核心前沿AI技术大类（如 基于图神经网络的结构易损性分析技术） [1] | 不直接关联具体代码库，作为高级分类中介 [1] | | Model | 计算模型 | 具体的计算、感知、解译或预测算法（如 PhaseNet, EQTransformer, LEGG） [50, 72, 74] | Model -> USES_MOD",规则抽取,待复核,待复核
REL_EQ_000063,tech_eq_007,data_eq_019,tech_eq_007,data_eq_019,tech_eq_007,data_eq_019,生命线震损风险传播GNN,生命线设施数据,生命线震损风险传播GNN,生命线设施数据,AITech,Dataset,DEPENDS_ON,DEPENDS_ON（依赖数据）,0.6,EQ_DOC_006,CHK_EQ_000016,暴露体与生命线韧性,地震灾害数据收集与整理.docx,"## 六、 暴露体脆弱性、生命线系统韧性与地理空间数据依赖 地震灾害的破坏力不仅取决于断层破裂释放的能量本身，更取决于地震动波形在穿越区域地层介质时与特定地层及地面建筑物结构发生共振的物理放大现象 [65, 66]。暴露体（General Building Stock, 包含各类学校、住宅、医院等）的内部结构属性，直接决定了...",规则抽取,待复核,待复核
REL_EQ_000064,tech_eq_007,data_eq_020,tech_eq_007,data_eq_020,tech_eq_007,data_eq_020,生命线震损风险传播GNN,道路网络,生命线震损风险传播GNN,道路网络,AITech,Dataset,DEPENDS_ON,DEPENDS_ON（依赖数据）,0.6,EQ_DOC_006,CHK_EQ_000016,暴露体与生命线韧性,地震灾害数据收集与整理.docx,"## 六、 暴露体脆弱性、生命线系统韧性与地理空间数据依赖 地震灾害的破坏力不仅取决于断层破裂释放的能量本身，更取决于地震动波形在穿越区域地层介质时与特定地层及地面建筑物结构发生共振的物理放大现象 [65, 66]。暴露体（General Building Stock, 包含各类学校、住宅、医院等）的内部结构属性，直接决定了...",规则抽取,待复核,待复核
REL_EQ_000065,tech_eq_007,data_eq_013,tech_eq_007,data_eq_013,tech_eq_007,data_eq_013,生命线震损风险传播GNN,OpenStreetMap,生命线震损风险传播GNN,OpenStreetMap,AITech,Dataset,DEPENDS_ON,DEPENDS_ON（依赖数据）,0.6,EQ_DOC_006,CHK_EQ_000016,暴露体与生命线韧性,地震灾害数据收集与整理.docx,"## 六、 暴露体脆弱性、生命线系统韧性与地理空间数据依赖 地震灾害的破坏力不仅取决于断层破裂释放的能量本身，更取决于地震动波形在穿越区域地层介质时与特定地层及地面建筑物结构发生共振的物理放大现象 [65, 66]。暴露体（General Building Stock, 包含各类学校、住宅、医院等）的内部结构属性，直接决定了...",规则抽取,待复核,待复核
REL_EQ_000066,tech_eq_007,task_eq_011,tech_eq_007,task_eq_011,tech_eq_007,task_eq_011,生命线震损风险传播GNN,生命线风险传播分析,生命线震损风险传播GNN,生命线风险传播分析,AITech,Task,SOLVES,SOLVES（解决任务）,0.6,EQ_DOC_006,CHK_EQ_000016,暴露体与生命线韧性,地震灾害数据收集与整理.docx,"## 六、 暴露体脆弱性、生命线系统韧性与地理空间数据依赖 地震灾害的破坏力不仅取决于断层破裂释放的能量本身，更取决于地震动波形在穿越区域地层介质时与特定地层及地面建筑物结构发生共振的物理放大现象 [65, 66]。暴露体（General Building Stock, 包含各类学校、住宅、医院等）的内部结构属性，直接决定了...",规则抽取,待复核,待复核
REL_EQ_000067,tech_eq_007,stage_eq_008,tech_eq_007,stage_eq_008,tech_eq_007,stage_eq_008,生命线震损风险传播GNN,城市韧性评估,生命线震损风险传播GNN,城市韧性评估,AITech,Scenario,SERVES_STAGE,SERVES_STAGE（服务阶段）,0.6,EQ_DOC_006,CHK_EQ_000016,暴露体与生命线韧性,地震灾害数据收集与整理.docx,"## 六、 暴露体脆弱性、生命线系统韧性与地理空间数据依赖 地震灾害的破坏力不仅取决于断层破裂释放的能量本身，更取决于地震动波形在穿越区域地层介质时与特定地层及地面建筑物结构发生共振的物理放大现象 [65, 66]。暴露体（General Building Stock, 包含各类学校、住宅、医院等）的内部结构属性，直接决定了...",规则抽取,待复核,待复核
REL_EQ_000068,tech_eq_010,model_eq_011,tech_eq_010,model_eq_011,tech_eq_010,model_eq_011,数字孪生城市地震风险模拟,OpenQuake,数字孪生城市地震风险模拟,OpenQuake,AITech,Model,USES_MODEL,USES_MODEL（采用模型）,0.9,EQ_DOC_008,CHK_EQ_000024,工程损失评估系统,地震灾害数据收集与整理.docx,"...AI 防灾系统可以基于超高清街景、LiDAR 激光雷达扫描及建筑物三维模型，为每一栋建筑生成独立的物理刚度及易损性节点 [50]。 通过在 OpenQuake 或 Hazus AEBM（高级工程建筑模块）中为每个结构分配其真实的动力学属性，可以实现真正物理意义上的“数字孪生城市地震风险高保真演化模拟” [66, 67]。",规则抽取,待复核,待复核
REL_EQ_000069,tech_eq_010,model_eq_010,tech_eq_010,model_eq_010,tech_eq_010,model_eq_010,数字孪生城市地震风险模拟,Hazus,数字孪生城市地震风险模拟,Hazus,AITech,Model,USES_MODEL,USES_MODEL（采用模型）,0.9,EQ_DOC_008,CHK_EQ_000024,工程损失评估系统,地震灾害数据收集与整理.docx,"这些先进的计算工具表明，现代地震风险评估已呈现出显著的高精度（Site-specific）发展趋势 [25, 67]。过去，Hazus 常常使用区域性的普查区数据（Census Tract）来近似模拟平均建筑属性 [26, 67]。但现代 AI 防灾系统可以基于超高清街景、LiDAR 激光雷达扫描及建筑物三维模型，为每一栋建筑生成独立的物理刚度及易损性节点 [50]。 通过在 OpenQuake 或 Hazus AEBM（高级工程建筑模",规则抽取,待复核,待复核
REL_EQ_000070,tech_eq_010,task_eq_003,tech_eq_010,task_eq_003,tech_eq_010,task_eq_003,数字孪生城市地震风险模拟,地震风险评估,数字孪生城市地震风险模拟,地震风险评估,AITech,Task,SOLVES,SOLVES（解决任务）,0.75,EQ_DOC_008,CHK_EQ_000024,工程损失评估系统,地震灾害数据收集与整理.docx,"这些先进的计算工具表明，现代地震风险评估已呈现出显著的高精度（Site-specific）发展趋势 [25, 67]。过去，Hazus 常常使用区域性的普查区数据（Census Tract）来近似模拟平均建筑属性 [26, 67]。但现代 AI 防灾系统可以基于超高清街景、LiDAR 激光雷达扫描及建筑物三维模型，为每一栋建筑生成独立的物理刚度及易损性节点 [50]。 通过在 OpenQuake 或 Hazus AEBM（高级工程建筑模",规则抽取,待复核,待复核
REL_EQ_000071,tech_eq_010,stage_eq_008,tech_eq_010,stage_eq_008,tech_eq_010,stage_eq_008,数字孪生城市地震风险模拟,城市韧性评估,数字孪生城市地震风险模拟,城市韧性评估,AITech,Scenario,SERVES_STAGE,SERVES_STAGE（服务阶段）,0.6,EQ_DOC_008,CHK_EQ_000024,工程损失评估系统,地震灾害数据收集与整理.docx,"...]。 通过在 OpenQuake 或 Hazus AEBM（高级工程建筑模块）中为每个结构分配其真实的动力学属性，可以实现真正物理意义上的“数字孪生城市地震风险高保真演化模拟” [66, 67]。",规则抽取,待复核,待复核
REL_EQ_000072,tech_eq_008,stage_eq_004,tech_eq_008,stage_eq_004,tech_eq_008,stage_eq_004,震后救援调度优化,应急响应,震后救援调度优化,应急响应,AITech,Scenario,SERVES_STAGE,SERVES_STAGE（服务阶段）,0.6,EQ_DOC_004,CHK_EQ_000010,灾后应急响应与人道需求,地震灾害数据收集与整理.docx,"## 四、 灾后应急响应、复盘报告与人道主义需求演变 真实的震后灾后复盘（Post-Disaster Needs Assessment, PDNA）不仅是重建决策的客观基础，更是AI图谱训练大语言模型在多轮交互对话中生成逻辑自洽、证据充实之推演结果的直接依据 [1]。 分析 2023 年土耳其-叙利亚大地震中的响应...",规则抽取,待复核,待复核
REL_EQ_000073,tech_eq_006,stage_eq_004,tech_eq_006,stage_eq_004,tech_eq_006,stage_eq_004,地震应急辅助决策,应急响应,地震应急辅助决策,应急响应,AITech,Scenario,SERVES_STAGE,SERVES_STAGE（服务阶段）,0.9,EQ_DOC_004,CHK_EQ_000010,灾后应急响应与人道需求,地震灾害数据收集与整理.docx,"## 四、 灾后应急响应、复盘报告与人道主义需求演变 真实的震后灾后复盘（Post-Disaster Needs Assessment, PDNA）不仅是重建决策的客观基础，更是AI图谱训练大语言模型在多轮交互对话中生成逻辑自洽、证据充实之推演结果的直接依据 [1]。 分析 2023 年土耳其-叙利亚大地震中的响应...",规则抽取,待复核,待复核
REL_EQ_000074,tech_eq_006,task_eq_008,tech_eq_006,task_eq_008,tech_eq_006,task_eq_008,地震应急辅助决策,应急响应分级,地震应急辅助决策,应急响应分级,AITech,Task,SOLVES,SOLVES（解决任务）,0.6,EQ_DOC_009,CHK_EQ_000025,应急治理政策标准,地震灾害数据收集与整理.docx,"...案) ] │ +---------------------+---------------------+ | | ▼ ▼ [ 甘肃省地震灾害应急响应 ] [ 新疆克州/宣城市等市县预案 ] - 设置一、二、三、四级梯度响应 - 创新制定“震级+距离”双维度初判启动 - 设立跨部门4大核心应急专业组 - 对不达响应标准显著地震延伸触角 - 24小时现场扁平化通信扁平化指挥 - 自下而上建立灾情日报告、零报告制度 `[47, 48, ",规则抽取,待复核,待复核
REL_EQ_000075,tech_eq_006,data_eq_005,tech_eq_006,data_eq_005,tech_eq_006,data_eq_005,地震应急辅助决策,PAGER,地震应急辅助决策,PAGER,AITech,Dataset,DEPENDS_ON,DEPENDS_ON（依赖数据）,0.6,EQ_DOC_003,CHK_EQ_000007,ShakeMap与PAGER影响评估,地震灾害数据收集与整理.docx,"## 三、 地震动、烈度图与PAGER快速影响评估数据链 地震动参数（如地面峰值加速度 PGA、地面峰值速度 PGV）是评估地面震动剧烈程度和预测建筑物结构物理破坏力的核心指标 [4, 26]。美国地质调查局的 ShakeMap 系统和 PAGER（Prompt Assessment of Global Earthquakes...",规则抽取,待复核,待复核
REL_EQ_000076,tech_eq_006,data_eq_004,tech_eq_006,data_eq_004,tech_eq_006,data_eq_004,地震应急辅助决策,ShakeMap,地震应急辅助决策,ShakeMap,AITech,Dataset,DEPENDS_ON,DEPENDS_ON（依赖数据）,0.6,EQ_DOC_003,CHK_EQ_000007,ShakeMap与PAGER影响评估,地震灾害数据收集与整理.docx,"...地面峰值加速度 PGA、地面峰值速度 PGV）是评估地面震动剧烈程度和预测建筑物结构物理破坏力的核心指标 [4, 26]。美国地质调查局的 ShakeMap 系统和 PAGER（Prompt Assessment of Global Earthquakes for Response）系统，是当前全球最为先进的震后快速半结构化影响评估工具，广泛服务于灾害防御及应急资源调度决策 [26, 27, 28]。 PAGER 系统在发震后数分",规则抽取,待复核,待复核
REL_EQ_000077,tech_eq_006,standard_eq_001,tech_eq_006,standard_eq_001,tech_eq_006,standard_eq_001,地震应急辅助决策,ISO 22320:2018,地震应急辅助决策,ISO 22320:2018,AITech,Standard,REQUIRED_BY,REQUIRED_BY（政策要求）,0.75,EQ_DOC_009,CHK_EQ_000025,应急治理政策标准,地震灾害数据收集与整理.docx,"...[91, 92, 93]。 联合国倡导的《仙台减灾框架》（Sendai Framework）构成了这一层面的全球最高行动共识 [94]。而 ISO 22320:2018 则是具体执行这些共识的国际管理流程标准 [91]。 [ 联合国 仙台减灾框架 (2015-2030) ] │ ▼ (宏观指导与减灾评价指标体系) │ ▼ (具体国家层面本土化执行落地) [ 国家地震应急预案 (2026年修订现代化预案) ] │ +--------",规则抽取,待复核,待复核
REL_EQ_000078,tech_eq_006,policy_eq_001,tech_eq_006,policy_eq_001,tech_eq_006,policy_eq_001,地震应急辅助决策,Sendai Framework,地震应急辅助决策,Sendai Framework,AITech,Policy,REQUIRED_BY,REQUIRED_BY（政策要求）,0.75,EQ_DOC_009,CHK_EQ_000025,应急治理政策标准,地震灾害数据收集与整理.docx,"...急部门的行政管理指令，需要对应急治理模型、国家预案以及国际应急标准进行数字化映射 [91, 92, 93]。 联合国倡导的《仙台减灾框架》（Sendai Framework）构成了这一层面的全球最高行动共识 [94]。而 ISO 22320:2018 则是具体执行这些共识的国际管理流程标准 [91]。 [ 联合国 仙台减灾框架 (2015-2030) ] │ ▼ (宏观指导与减灾评价指标体系) │ ▼ (具体国家层面本土化执行落地",规则抽取,待复核,待复核
REL_EQ_000079,model_eq_010,model_eq_009,model_eq_010,model_eq_009,model_eq_010,model_eq_009,Hazus,能力谱法,Hazus,能力谱法,Model,Model,USES_MODEL,USES_MODEL（采用模型）,0.9,EQ_DOC_008,CHK_EQ_000022,工程损失评估系统,地震灾害数据收集与整理.docx,"## 八、 工程损失评估软件、能力谱法与高级易损性分析系统 在防震减灾 AI 的工程应用中，评估地震发生后整个城市在建筑损毁方面的经济损失和资本损耗，是一项计算极其密集的任务 [81]。这要求损失评估软件必须建立在严谨的非线性结构动力学计算模型之上，而非简单的线性插值 [66]。 Hazus 作为全球最为主流的损失建模系统，其核心算法是基于能力谱法（Capacity Spectrum Method, CSM）的非线性反应谱分析 [82,",规则抽取,待复核,待复核
REL_EQ_000080,model_eq_010,task_eq_007,model_eq_010,task_eq_007,model_eq_010,task_eq_007,Hazus,经济损失估计,Hazus,经济损失估计,Model,Task,SOLVES,SOLVES（解决任务）,0.6,EQ_DOC_008,CHK_EQ_000022,工程损失评估系统,地震灾害数据收集与整理.docx,"...本损耗，是一项计算极其密集的任务 [81]。这要求损失评估软件必须建立在严谨的非线性结构动力学计算模型之上，而非简单的线性插值 [66]。 Hazus 作为全球最为主流的损失建模系统，其核心算法是基于能力谱法（Capacity Spectrum Method, CSM）的非线性反应谱分析 [82, 83]。系统通过 36 类建筑模型能力参数确定 Yield 与 Ultimate 两个临界屈服性能点 [66]。 而为了在大规模区域性",规则抽取,待复核,待复核
REL_EQ_000081,model_eq_011,task_eq_003,model_eq_011,task_eq_003,model_eq_011,task_eq_003,OpenQuake,地震风险评估,OpenQuake,地震风险评估,Model,Task,SOLVES,SOLVES（解决任务）,0.75,EQ_DOC_008,CHK_EQ_000024,工程损失评估系统,地震灾害数据收集与整理.docx,"这些先进的计算工具表明，现代地震风险评估已呈现出显著的高精度（Site-specific）发展趋势 [25, 67]。过去，Hazus 常常使用区域性的普查区数据（Census Tract）来近似模拟平均建筑属性 [26, 67]。但现代 AI 防灾系统可以基于超高清街景、LiDAR 激光雷达扫描及建筑物三维模型，为每一栋建筑生成独立的物理刚度及易损性节点 [50]。 通过在 OpenQuake 或 Hazus AEBM（高级工程建筑模",规则抽取,待复核,待复核
REL_EQ_000082,model_eq_011,metric_eq_001,model_eq_011,metric_eq_001,model_eq_011,metric_eq_001,OpenQuake,PGA,OpenQuake,PGA,Model,Metric,EVALUATED_BY,EVALUATED_BY（由对象评估）,0.6,EQ_DOC_008,CHK_EQ_000023,工程损失评估系统,地震灾害数据收集与整理.docx,"...86] | 自有统一的 Inventory Technical Manual 规范格式，内嵌于专用 GIS 系统 [67, 85] | | OpenQuake-engine (GEM) [87, 88] | 基于 Python 的解耦运行；拥有自主核心库：oq-hazardlib（用于快速进行随机事件集、地震动场分析和计算），oq-risklib（处理暴露体和易损性矩阵），oq-nrmllib（XML格式底层校验解析） [88] ",规则抽取,待复核,待复核
REL_EQ_000083,model_eq_011,metric_eq_004,model_eq_011,metric_eq_004,model_eq_011,metric_eq_004,OpenQuake,AEL,OpenQuake,AEL,Model,Metric,HAS_METRIC,HAS_METRIC（具有指标）,0.9,EQ_DOC_008,CHK_EQ_000023,工程损失评估系统,地震灾害数据收集与整理.docx,"...stock（GBS）、核心生命线工程体系、应急救灾基础设施、次生产生泥石流滑坡等次生灾害模型 [66, 67] | 年均化地震预期直接损失（AEL），年均化预期损失率（AELR），计算涵盖建筑重置价值和直接间接经济中断成本 [81, 86] | 自有统一的 Inventory Technical Manual 规范格式，内嵌于专用 GIS 系统 [67, 85] | | OpenQuake-engine (GEM) [87, 88",规则抽取,待复核,待复核
REL_EQ_000084,model_eq_011,metric_eq_005,model_eq_011,metric_eq_005,model_eq_011,metric_eq_005,OpenQuake,AELR,OpenQuake,AELR,Model,Metric,HAS_METRIC,HAS_METRIC（具有指标）,0.9,EQ_DOC_008,CHK_EQ_000023,工程损失评估系统,地震灾害数据收集与整理.docx,"...命线工程体系、应急救灾基础设施、次生产生泥石流滑坡等次生灾害模型 [66, 67] | 年均化地震预期直接损失（AEL），年均化预期损失率（AELR），计算涵盖建筑重置价值和直接间接经济中断成本 [81, 86] | 自有统一的 Inventory Technical Manual 规范格式，内嵌于专用 GIS 系统 [67, 85] | | OpenQuake-engine (GEM) [87, 88] | 基于 Python ",规则抽取,待复核,待复核
REL_EQ_000085,model_eq_011,metric_eq_006,model_eq_011,metric_eq_006,model_eq_011,metric_eq_006,OpenQuake,MDF,OpenQuake,MDF,Model,Metric,HAS_METRIC,HAS_METRIC（具有指标）,0.75,EQ_DOC_008,CHK_EQ_000023,工程损失评估系统,地震灾害数据收集与整理.docx,"...86] | 自有统一的 Inventory Technical Manual 规范格式，内嵌于专用 GIS 系统 [67, 85] | | OpenQuake-engine (GEM) [87, 88] | 基于 Python 的解耦运行；拥有自主核心库：oq-hazardlib（用于快速进行随机事件集、地震动场分析和计算），oq-risklib（处理暴露体和易损性矩阵），oq-nrmllib（XML格式底层校验解析） [88] ",规则抽取,待复核,待复核
REL_EQ_000086,model_eq_011,metric_eq_007,model_eq_011,metric_eq_007,model_eq_011,metric_eq_007,OpenQuake,COV,OpenQuake,COV,Model,Metric,HAS_METRIC,HAS_METRIC（具有指标）,0.75,EQ_DOC_008,CHK_EQ_000023,工程损失评估系统,地震灾害数据收集与整理.docx,"...86] | 自有统一的 Inventory Technical Manual 规范格式，内嵌于专用 GIS 系统 [67, 85] | | OpenQuake-engine (GEM) [87, 88] | 基于 Python 的解耦运行；拥有自主核心库：oq-hazardlib（用于快速进行随机事件集、地震动场分析和计算），oq-risklib（处理暴露体和易损性矩阵），oq-nrmllib（XML格式底层校验解析） [88] ",规则抽取,待复核,待复核
REL_EQ_000087,task_eq_012,policy_eq_001,task_eq_012,policy_eq_001,task_eq_012,policy_eq_001,政策合规映射,Sendai Framework,政策合规映射,Sendai Framework,Task,Policy,REQUIRED_BY,REQUIRED_BY（政策要求）,0.6,EQ_DOC_009,CHK_EQ_000025,应急治理政策标准,地震灾害数据收集与整理.docx,"...急部门的行政管理指令，需要对应急治理模型、国家预案以及国际应急标准进行数字化映射 [91, 92, 93]。 联合国倡导的《仙台减灾框架》（Sendai Framework）构成了这一层面的全球最高行动共识 [94]。而 ISO 22320:2018 则是具体执行这些共识的国际管理流程标准 [91]。 [ 联合国 仙台减灾框架 (2015-2030) ] │ ▼ (宏观指导与减灾评价指标体系) │ ▼ (具体国家层面本土化执行落地",规则抽取,待复核,待复核
REL_EQ_000088,task_eq_008,standard_eq_001,task_eq_008,standard_eq_001,task_eq_008,standard_eq_001,应急响应分级,ISO 22320:2018,应急响应分级,ISO 22320:2018,Task,Standard,REQUIRED_BY,REQUIRED_BY（政策要求）,0.6,EQ_DOC_009,CHK_EQ_000025,应急治理政策标准,地震灾害数据收集与整理.docx,"...[91, 92, 93]。 联合国倡导的《仙台减灾框架》（Sendai Framework）构成了这一层面的全球最高行动共识 [94]。而 ISO 22320:2018 则是具体执行这些共识的国际管理流程标准 [91]。 [ 联合国 仙台减灾框架 (2015-2030) ] │ ▼ (宏观指导与减灾评价指标体系) │ ▼ (具体国家层面本土化执行落地) [ 国家地震应急预案 (2026年修订现代化预案) ] │ +--------",规则抽取,待复核,待复核
REL_EQ_000089,policy_eq_002,policy_eq_001,policy_eq_002,policy_eq_001,policy_eq_002,policy_eq_001,国家地震应急预案,Sendai Framework,国家地震应急预案,Sendai Framework,Policy,Policy,REQUIRED_BY,REQUIRED_BY（政策要求）,0.75,EQ_DOC_009,CHK_EQ_000025,应急治理政策标准,地震灾害数据收集与整理.docx,"...急部门的行政管理指令，需要对应急治理模型、国家预案以及国际应急标准进行数字化映射 [91, 92, 93]。 联合国倡导的《仙台减灾框架》（Sendai Framework）构成了这一层面的全球最高行动共识 [94]。而 ISO 22320:2018 则是具体执行这些共识的国际管理流程标准 [91]。 [ 联合国 仙台减灾框架 (2015-2030) ] │ ▼ (宏观指导与减灾评价指标体系) │ ▼ (具体国家层面本土化执行落地",规则抽取,待复核,待复核
REL_EQ_000090,tech_eq_009,task_eq_013,tech_eq_009,task_eq_013,tech_eq_009,task_eq_013,地震证据图谱GraphRAG,证据问答,地震证据图谱GraphRAG,证据问答,AITech,Task,SOLVES,SOLVES（解决任务）,0.9,EQ_DOC_010,CHK_EQ_000030,本体与复核机制,地震灾害数据收集与整理.docx,为了确保基于该图谱的 GraphRAG 证据问答检索结果的无幻觉性，必须在图谱数据层单独构建对应的“GraphRAG 问答评测集”与“专家复核质量控制模板” [1]。通过在知识图谱底层加入双向核验证据链条属性（如 evidence_text 字段），并在抽取、融合的生命周期中引入专家人工确认状态（review_status），能够使 AI...,规则抽取,待复核,待复核
REL_EQ_000091,tech_eq_009,EQ_DOC_010,tech_eq_009,EQ_DOC_010,tech_eq_009,EQ_DOC_010,地震证据图谱GraphRAG,本体与复核机制,地震证据图谱GraphRAG,本体与复核机制,AITech,Document,DERIVES_FROM,DERIVES_FROM（来源于）,0.6,EQ_DOC_010,CHK_EQ_000028,本体与复核机制,地震灾害数据收集与整理.docx,## 十、 基于GraphRAG的知识图谱领域本体与评测复核系统设计 在实现地震灾害 AI 关键技术图谱时，必须从顶层构建高表现力的知识图谱本体（Ontology） [1]。 参照项目资料收集目录总表 [1] 的技术演进逻辑，图谱应统一定义 10 类核心概念节点（Nodes）和 6 类主要关联边（Edges） [1...,规则抽取,待复核,待复核
REL_EQ_000092,tech_eq_009,limit_eq_014,tech_eq_009,limit_eq_014,tech_eq_009,limit_eq_014,地震证据图谱GraphRAG,大模型幻觉风险,地震证据图谱GraphRAG,大模型幻觉风险,AITech,Limitation,LIMITED_BY,LIMITED_BY（受限于）,0.6,EQ_DOC_010,CHK_EQ_000028,本体与复核机制,地震灾害数据收集与整理.docx,## 十、 基于GraphRAG的知识图谱领域本体与评测复核系统设计 在实现地震灾害 AI 关键技术图谱时，必须从顶层构建高表现力的知识图谱本体（Ontology） [1]。 参照项目资料收集目录总表 [1] 的技术演进逻辑，图谱应统一定义 10 类核心概念节点（Nodes）和 6 类主要关联边（Edges） [1...,规则抽取,待复核,待复核
REL_EQ_000093,tech_eq_009,limit_eq_015,tech_eq_009,limit_eq_015,tech_eq_009,limit_eq_015,地震证据图谱GraphRAG,证据链断裂,地震证据图谱GraphRAG,证据链断裂,AITech,Limitation,LIMITED_BY,LIMITED_BY（受限于）,0.6,EQ_DOC_010,CHK_EQ_000028,本体与复核机制,地震灾害数据收集与整理.docx,## 十、 基于GraphRAG的知识图谱领域本体与评测复核系统设计 在实现地震灾害 AI 关键技术图谱时，必须从顶层构建高表现力的知识图谱本体（Ontology） [1]。 参照项目资料收集目录总表 [1] 的技术演进逻辑，图谱应统一定义 10 类核心概念节点（Nodes）和 6 类主要关联边（Edges） [1...,规则抽取,待复核,待复核
REL_EQ_000094,tech_eq_009,limit_eq_013,tech_eq_009,limit_eq_013,tech_eq_009,limit_eq_013,地震证据图谱GraphRAG,专家复核不足,地震证据图谱GraphRAG,专家复核不足,AITech,Limitation,LIMITED_BY,LIMITED_BY（受限于）,0.9,EQ_DOC_010,CHK_EQ_000031,本体与复核机制,地震灾害数据收集与整理.docx,"| 字段名称 | 评测与复核项数据格式 | GraphRAG 检索评价机制说明 | 专家核验与质控制度约束 | | --- | --- | --- | --- | | 测试问题 (QA Question) | 全局宏观问题与微观细粒度物理问题的双重混合（例如 对于2023年土耳其地震，其同震地表形变最大位移是多少？） [1, 15] | 检测 GraphRAG 是否能在海量图谱拓扑路径中成功进行多跳（Multi-Hop）关联抽取，不发生",规则抽取,待复核,待复核
REL_EQ_000095,tech_eq_009,EQ_DOC_001,tech_eq_009,EQ_DOC_001,tech_eq_009,EQ_DOC_001,地震证据图谱GraphRAG,原始来源核验机制,地震证据图谱GraphRAG,原始来源核验机制,AITech,Document,SUPPORTED_BY,SUPPORTED_BY（证据支持）,0.75,EQ_DOC_001,CHK_EQ_000001,原始来源核验机制,地震灾害数据收集与整理.docx,基于知识图谱与大语言模型的地震灾害AI防灾减灾关键技术与多源数据融合研究报告 ## 一、 引言与原始来源核验机制分析 在地震灾害的预防、减灾、应急响应及震后恢复重建过程中，构建高可信、可追溯的智能决策系统具有重要的现实意义。随着检索增强生成技术（RAG）特别是基于知识图谱的检索增强生成技术（GraphRAG）在防灾减灾领域的广泛应用，如何保证知识图谱底座语料的绝对真实性与高可追溯性，成为制约AI模型应用落地的技术瓶颈 [1]。传统的自动,规则抽取,待复核,待复核
REL_EQ_000096,data_eq_004,org_eq_001,data_eq_004,org_eq_001,data_eq_004,org_eq_001,ShakeMap,USGS,ShakeMap,USGS,Dataset,Organization,PUBLISHED_BY,PUBLISHED_BY（由机构发布）,0.9,EQ_DOC_003,CHK_EQ_000007,ShakeMap与PAGER影响评估,地震灾害数据收集与整理.docx,"...地面峰值加速度 PGA、地面峰值速度 PGV）是评估地面震动剧烈程度和预测建筑物结构物理破坏力的核心指标 [4, 26]。美国地质调查局的 ShakeMap 系统和 PAGER（Prompt Assessment of Global Earthquakes for Response）系统，是当前全球最为先进的震后快速半结构化影响评估工具，广泛服务于灾害防御及应急资源调度决策 [26, 27, 28]。 PAGER 系统在发震后数分",规则抽取,待复核,待复核
REL_EQ_000097,data_eq_005,org_eq_001,data_eq_005,org_eq_001,data_eq_005,org_eq_001,PAGER,USGS,PAGER,USGS,Dataset,Organization,PUBLISHED_BY,PUBLISHED_BY（由机构发布）,0.9,EQ_DOC_003,CHK_EQ_000007,ShakeMap与PAGER影响评估,地震灾害数据收集与整理.docx,"## 三、 地震动、烈度图与PAGER快速影响评估数据链 地震动参数（如地面峰值加速度 PGA、地面峰值速度 PGV）是评估地面震动剧烈程度和预测建筑物结构物理破坏力的核心指标 [4, 26]。美国地质调查局的 ShakeMap 系统和 PAGER（Prompt Assessment of Global Earthquakes for Response）系统，是当前全球最为先进的震后快速半结构化影响评估工具，广泛服务于灾害防御及应急资源",规则抽取,待复核,待复核
REL_EQ_000098,data_eq_002,org_eq_002,data_eq_002,org_eq_002,data_eq_002,org_eq_002,CENC 地震目录,CENC,CENC 地震目录,CENC,Dataset,Organization,PUBLISHED_BY,PUBLISHED_BY（由机构发布）,0.9,EQ_DOC_002,CHK_EQ_000004,全球典型地震事件参数,地震灾害数据收集与整理.docx,"...决定了后续地震动模拟、破坏力评估及次生灾害链预测模型的输出质量 [1]。由于不同地震观测网络（如美国地质调查局 USGS、中国地震台网中心 CENC、日本气象厅 JMA）在台网分布、仪器校准、计算方法（如面波震级 与矩震级 的差异）等方面的技术路径不同，同一地震事件的测定参数往往存在系统性偏差 [2, 3]。 通过对比 USGS 与中国地震台网中心（CENC）对全球典型地震事件的正式测定结果，可以清晰地看出这些物理参数的技术异同点",规则抽取,待复核,待复核
REL_EQ_000099,data_eq_003,org_eq_003,data_eq_003,org_eq_003,data_eq_003,org_eq_003,JMA 地震目录,JMA,JMA 地震目录,JMA,Dataset,Organization,PUBLISHED_BY,PUBLISHED_BY（由机构发布）,0.9,EQ_DOC_002,CHK_EQ_000004,全球典型地震事件参数,地震灾害数据收集与整理.docx,"...破坏力评估及次生灾害链预测模型的输出质量 [1]。由于不同地震观测网络（如美国地质调查局 USGS、中国地震台网中心 CENC、日本气象厅 JMA）在台网分布、仪器校准、计算方法（如面波震级 与矩震级 的差异）等方面的技术路径不同，同一地震事件的测定参数往往存在系统性偏差 [2, 3]。 通过对比 USGS 与中国地震台网中心（CENC）对全球典型地震事件的正式测定结果，可以清晰地看出这些物理参数的技术异同点。这些偏差和参数的对比",规则抽取,待复核,待复核
REL_EQ_000100,model_eq_010,org_eq_004,model_eq_010,org_eq_004,model_eq_010,org_eq_004,Hazus,FEMA,Hazus,FEMA,Model,Organization,PUBLISHED_BY,PUBLISHED_BY（由机构发布）,0.9,EQ_DOC_008,CHK_EQ_000023,工程损失评估系统,地震灾害数据收集与整理.docx,"...核心工程计算指标与评估物理维度指标 | 系统输入数据源格式、依赖条件与集成方式 | | --- | --- | --- | --- | | Hazus Earthquake Model (FEMA) [67, 85] | 能力谱法（CSM）；主要功能模块包含：一般建筑 stock（GBS）、核心生命线工程体系、应急救灾基础设施、次生产生泥石流滑坡等次生灾害模型 [66, 67] | 年均化地震预期直接损失（AEL），年均化预期损失",规则抽取,待复核,待复核
REL_EQ_000101,model_eq_011,org_eq_005,model_eq_011,org_eq_005,model_eq_011,org_eq_005,OpenQuake,GEM,OpenQuake,GEM,Model,Organization,PUBLISHED_BY,PUBLISHED_BY（由机构发布）,0.9,EQ_DOC_008,CHK_EQ_000023,工程损失评估系统,地震灾害数据收集与整理.docx,"...86] | 自有统一的 Inventory Technical Manual 规范格式，内嵌于专用 GIS 系统 [67, 85] | | OpenQuake-engine (GEM) [87, 88] | 基于 Python 的解耦运行；拥有自主核心库：oq-hazardlib（用于快速进行随机事件集、地震动场分析和计算），oq-risklib（处理暴露体和易损性矩阵），oq-nrmllib（XML格式底层校验解析） [88] ",规则抽取,待复核,待复核
REL_EQ_000102,policy_eq_001,org_eq_006,policy_eq_001,org_eq_006,policy_eq_001,org_eq_006,Sendai Framework,UNDRR,Sendai Framework,UNDRR,Policy,Organization,PUBLISHED_BY,PUBLISHED_BY（由机构发布）,0.6,EQ_DOC_009,CHK_EQ_000025,应急治理政策标准,地震灾害数据收集与整理.docx,"...急部门的行政管理指令，需要对应急治理模型、国家预案以及国际应急标准进行数字化映射 [91, 92, 93]。 联合国倡导的《仙台减灾框架》（Sendai Framework）构成了这一层面的全球最高行动共识 [94]。而 ISO 22320:2018 则是具体执行这些共识的国际管理流程标准 [91]。 [ 联合国 仙台减灾框架 (2015-2030) ] │ ▼ (宏观指导与减灾评价指标体系) │ ▼ (具体国家层面本土化执行落地",规则抽取,待复核,待复核
REL_EQ_000103,standard_eq_001,org_eq_012,standard_eq_001,org_eq_012,standard_eq_001,org_eq_012,ISO 22320:2018,ISO,ISO 22320:2018,ISO,Standard,Organization,PUBLISHED_BY,PUBLISHED_BY（由机构发布）,0.9,EQ_DOC_009,CHK_EQ_000025,应急治理政策标准,地震灾害数据收集与整理.docx,"...[91, 92, 93]。 联合国倡导的《仙台减灾框架》（Sendai Framework）构成了这一层面的全球最高行动共识 [94]。而 ISO 22320:2018 则是具体执行这些共识的国际管理流程标准 [91]。 [ 联合国 仙台减灾框架 (2015-2030) ] │ ▼ (宏观指导与减灾评价指标体系) │ ▼ (具体国家层面本土化执行落地) [ 国家地震应急预案 (2026年修订现代化预案) ] │ +--------",规则抽取,待复核,待复核
REL_EQ_000104,case_eq_001,metric_eq_010,case_eq_001,metric_eq_010,case_eq_001,metric_eq_010,2024 年日本能登半岛地震,震级,2024 年日本能登半岛地震,震级,Case,Metric,HAS_PARAMETER,HAS_PARAMETER（具有参数）,0.9,EQ_DOC_002,CHK_EQ_000005,全球典型地震事件参数,地震灾害数据收集与整理.docx,"| 地震事件名称与标定编号 | 测定网络机构 | 发震时刻 (UTC/北京时间) | 测定震级 (Magnitude) | 震源深度 (km) | 震中经纬度坐标 | 震源物理机制与破裂断层特性 | | --- | --- | --- | --- | --- | --- | --- | | 2024年日本能登半岛地震 us6000m0xl [4, 5] | USGS [4] | 2024-01-01 07:10:09 UTC [4] |",规则抽取,待复核,待复核
REL_EQ_000105,case_eq_001,metric_eq_011,case_eq_001,metric_eq_011,case_eq_001,metric_eq_011,2024 年日本能登半岛地震,震源深度,2024 年日本能登半岛地震,震源深度,Case,Metric,HAS_PARAMETER,HAS_PARAMETER（具有参数）,0.9,EQ_DOC_002,CHK_EQ_000005,全球典型地震事件参数,地震灾害数据收集与整理.docx,"| 地震事件名称与标定编号 | 测定网络机构 | 发震时刻 (UTC/北京时间) | 测定震级 (Magnitude) | 震源深度 (km) | 震中经纬度坐标 | 震源物理机制与破裂断层特性 | | --- | --- | --- | --- | --- | --- | --- | | 2024年日本能登半岛地震 us6000m0xl [4, 5] | USGS [4] | 2024-01-01 07:10:09 UTC [4] |",规则抽取,待复核,待复核
REL_EQ_000106,case_eq_001,metric_eq_012,case_eq_001,metric_eq_012,case_eq_001,metric_eq_012,2024 年日本能登半岛地震,震中位置,2024 年日本能登半岛地震,震中位置,Case,Metric,HAS_PARAMETER,HAS_PARAMETER（具有参数）,0.6,EQ_DOC_002,CHK_EQ_000005,全球典型地震事件参数,地震灾害数据收集与整理.docx,"...震源物理机制与破裂断层特性 | | --- | --- | --- | --- | --- | --- | --- | | 2024年日本能登半岛地震 us6000m0xl [4, 5] | USGS [4] | 2024-01-01 07:10:09 UTC [4] | [4] | [4] | , [4] | Noroshi-oki 逆断层破裂，走向西南-东北，最大走向滑动角呈逆冲滑移 [5, 6] | | | CENC [7]",规则抽取,待复核,待复核
REL_EQ_000107,hazard_eq_001,EQ_DOC_001,hazard_eq_001,EQ_DOC_001,hazard_eq_001,EQ_DOC_001,地震,原始来源核验机制,地震,原始来源核验机制,DisasterType,Document,DERIVES_FROM,DERIVES_FROM（来源于）,0.75,EQ_DOC_001,CHK_EQ_000001,原始来源核验机制,地震灾害数据收集与整理.docx,基于知识图谱与大语言模型的地震灾害AI防灾减灾关键技术与多源数据融合研究报告 ## 一、 引言与原始来源核验机制分析 在地震灾害的预防、减灾、应急响应及震后恢复重建过程中，构建高可信、可追溯的智能决策系统具有重要的现实意义。随着检索增强生成技术（RAG）特别是基于知识图谱的检索增强生成技术（GraphRAG）在防灾减灾领域的...,规则抽取,待复核,待复核
REL_EQ_000108,hazard_eq_001,EQ_DOC_002,hazard_eq_001,EQ_DOC_002,hazard_eq_001,EQ_DOC_002,地震,全球典型地震事件参数,地震,全球典型地震事件参数,DisasterType,Document,DERIVES_FROM,DERIVES_FROM（来源于）,0.75,EQ_DOC_002,CHK_EQ_000004,全球典型地震事件参数,地震灾害数据收集与整理.docx,## 二、 全球典型地震事件及多网源参数核验 在防灾减灾AI图谱的“地震事件（Event）”节点构建中，震源物理参数的准确性直接决定了后续地震动模拟、破坏力评估及次生灾害链预测模型的输出质量 [1]。由于不同地震观测网络（如美国地质调查局 USGS、中国地震台网中心 CENC、日本气象厅 JMA）在台网分布、仪器校准、...,规则抽取,待复核,待复核
REL_EQ_000109,hazard_eq_001,EQ_DOC_003,hazard_eq_001,EQ_DOC_003,hazard_eq_001,EQ_DOC_003,地震,ShakeMap与PAGER影响评估,地震,ShakeMap与PAGER影响评估,DisasterType,Document,DERIVES_FROM,DERIVES_FROM（来源于）,0.75,EQ_DOC_003,CHK_EQ_000007,ShakeMap与PAGER影响评估,地震灾害数据收集与整理.docx,"## 三、 地震动、烈度图与PAGER快速影响评估数据链 地震动参数（如地面峰值加速度 PGA、地面峰值速度 PGV）是评估地面震动剧烈程度和预测建筑物结构物理破坏力的核心指标 [4, 26]。美国地质调查局的 ShakeMap 系统和 PAGER（Prompt Assessment of Global Ear...",规则抽取,待复核,待复核
REL_EQ_000110,stage_eq_004,EQ_DOC_001,stage_eq_004,EQ_DOC_001,stage_eq_004,EQ_DOC_001,应急响应,原始来源核验机制,应急响应,原始来源核验机制,Scenario,Document,DERIVES_FROM,DERIVES_FROM（来源于）,0.75,EQ_DOC_001,CHK_EQ_000001,原始来源核验机制,地震灾害数据收集与整理.docx,...于知识图谱与大语言模型的地震灾害AI防灾减灾关键技术与多源数据融合研究报告 ## 一、 引言与原始来源核验机制分析 在地震灾害的预防、减灾、应急响应及震后恢复重建过程中，构建高可信、可追溯的智能决策系统具有重要的现实意义。随着检索增强生成技术（RAG）特别是基于知识图谱的检索增强生成技术（GraphRAG）在防灾减灾领域的广泛应用，如何保证知识图谱底座语料的绝对真实性与高可追溯性，成为制约AI模型应用落地的技术瓶颈 [1]。传统的,规则抽取,待复核,待复核
REL_EQ_000111,stage_eq_004,EQ_DOC_004,stage_eq_004,EQ_DOC_004,stage_eq_004,EQ_DOC_004,应急响应,灾后应急响应与人道需求,应急响应,灾后应急响应与人道需求,Scenario,Document,DERIVES_FROM,DERIVES_FROM（来源于）,0.75,EQ_DOC_004,CHK_EQ_000010,灾后应急响应与人道需求,地震灾害数据收集与整理.docx,"## 四、 灾后应急响应、复盘报告与人道主义需求演变 真实的震后灾后复盘（Post-Disaster Needs Assessment, PDNA）不仅是重建决策的客观基础，更是AI图谱训练大语言模型在多轮交互对话中生成逻辑自洽、证据充实之推演结果的直接依据 [1]。 分析 2023 年土耳其-叙利亚大地震中的响应...",规则抽取,待复核,待复核
REL_EQ_000112,stage_eq_004,EQ_DOC_009,stage_eq_004,EQ_DOC_009,stage_eq_004,EQ_DOC_009,应急响应,应急治理政策标准,应急响应,应急治理政策标准,Scenario,Document,DERIVES_FROM,DERIVES_FROM（来源于）,0.75,EQ_DOC_009,CHK_EQ_000025,应急治理政策标准,地震灾害数据收集与整理.docx,"...案) ] │ +---------------------+---------------------+ | | ▼ ▼ [ 甘肃省地震灾害应急响应 ] [ 新疆克州/宣城市等市县预案 ] - 设置一、二、三、四级梯度响应 - 创新制定“震级+距离”双维度初判启动 - 设立跨部门4大核心应急专业组 - 对不达响应标准显著地震延伸触角 - 24小时现场扁平化通信扁平化指挥 - 自下而上建立灾情日报告、零报告制度 `[47, 48, ",规则抽取,待复核,待复核
REL_EQ_000113,stage_eq_005,EQ_DOC_001,stage_eq_005,EQ_DOC_001,stage_eq_005,EQ_DOC_001,恢复重建,原始来源核验机制,恢复重建,原始来源核验机制,Scenario,Document,DERIVES_FROM,DERIVES_FROM（来源于）,0.75,EQ_DOC_001,CHK_EQ_000001,原始来源核验机制,地震灾害数据收集与整理.docx,...语言模型的地震灾害AI防灾减灾关键技术与多源数据融合研究报告 ## 一、 引言与原始来源核验机制分析 在地震灾害的预防、减灾、应急响应及震后恢复重建过程中，构建高可信、可追溯的智能决策系统具有重要的现实意义。随着检索增强生成技术（RAG）特别是基于知识图谱的检索增强生成技术（GraphRAG）在防灾减灾领域的广泛应用，如何保证知识图谱底座语料的绝对真实性与高可追溯性，成为制约AI模型应用落地的技术瓶颈 [1]。传统的自动文本抽取技,规则抽取,待复核,待复核
REL_EQ_000114,stage_eq_005,EQ_DOC_004,stage_eq_005,EQ_DOC_004,stage_eq_005,EQ_DOC_004,恢复重建,灾后应急响应与人道需求,恢复重建,灾后应急响应与人道需求,Scenario,Document,DERIVES_FROM,DERIVES_FROM（来源于）,0.75,EQ_DOC_004,CHK_EQ_000011,灾后应急响应与人道需求,地震灾害数据收集与整理.docx,"...6 月 39.41 暴跌至 12 月的 42.66，产生严重通胀 [43] | 受灾群众长期在避难所和临时安置点安置，电力和供水网彻底切断，恢复重建进度由于断路断电极为缓慢 [2, 45] | 废墟瓦砾多依靠灾民徒手清理回收；3%人口坠入贫困线以下，损耗超过1.5亿工作日，农业损失惨重 [17, 34] | | 针对特殊脆弱群体及特定边缘群体的救援覆盖 | 土耳其南部约 叙利亚难民受到直接波及；巴勒斯坦 PRCS 专门针对境内 A",规则抽取,待复核,待复核
REL_EQ_000115,stage_eq_006,EQ_DOC_004,stage_eq_006,EQ_DOC_004,stage_eq_006,EQ_DOC_004,灾后复盘,灾后应急响应与人道需求,灾后复盘,灾后应急响应与人道需求,Scenario,Document,DERIVES_FROM,DERIVES_FROM（来源于）,0.75,EQ_DOC_004,CHK_EQ_000010,灾后应急响应与人道需求,地震灾害数据收集与整理.docx,"## 四、 灾后应急响应、复盘报告与人道主义需求演变 真实的震后灾后复盘（Post-Disaster Needs Assessment, PDNA）不仅是重建决策的客观基础，更是AI图谱训练大语言模型在多轮交互对话中生成逻辑自洽、证据充实之推演结果的直接依据 [1]。 分析 2023 年土耳其-叙利亚大地震中的响应过程和人道主义支援详情，可以为应急管理系统提供清...",规则抽取,待复核,待复核
REL_EQ_000116,tech_eq_001,EQ_DOC_007,tech_eq_001,EQ_DOC_007,tech_eq_001,EQ_DOC_007,地震早期预警,分布式AI地震预警,地震早期预警,分布式AI地震预警,AITech,Document,DERIVES_FROM,DERIVES_FROM（来源于）,0.75,EQ_DOC_007,CHK_EQ_000019,分布式AI地震预警,地震灾害数据收集与整理.docx,"## 七、 分布式AI地震预警系统、边缘计算与众包传感器网络 传统的地震早期预警系统（EEW）虽然在减轻次生灾害方面发挥了巨大作用，但在处理超大规模传感器数据流（如来自数以万计众包手机或极高密度的窄带无线传感网络 WSN）时，仍然面临系统算力和Telemetry延迟的瓶颈 [69, 70, 71]。在极短响应时窗下，为了避免中央服务器出现灾难性的网络拥堵或单点物理瘫...",规则抽取,待复核,待复核
REL_EQ_000117,tech_eq_002,EQ_DOC_005,tech_eq_002,EQ_DOC_005,tech_eq_002,EQ_DOC_005,震后建筑损毁识别,遥感影像与建筑震损标签,震后建筑损毁识别,遥感影像与建筑震损标签,AITech,Document,DERIVES_FROM,DERIVES_FROM（来源于）,0.75,EQ_DOC_005,CHK_EQ_000013,遥感影像与建筑震损标签,地震灾害数据收集与整理.docx,"## 五、 遥感影像解译、建筑震损标签与多源几何特征提取 面对大面积地震灾害，现场地毯式排查在效率和安全性上均无法满足应急决策的急迫时效要求 [49]。通过联合天基高分辨率卫星与空基无人机（UAV）遥感手段进行智能解译，是目前实现大范围、快速建筑震损评估的核心路径 [50, 51]。 在遥感智能算法的研制与工程标定中，高质量...",规则抽取,待复核,待复核
REL_EQ_000118,tech_eq_002,EQ_DOC_008,tech_eq_002,EQ_DOC_008,tech_eq_002,EQ_DOC_008,震后建筑损毁识别,工程损失评估系统,震后建筑损毁识别,工程损失评估系统,AITech,Document,DERIVES_FROM,DERIVES_FROM（来源于）,0.75,EQ_DOC_008,CHK_EQ_000022,工程损失评估系统,地震灾害数据收集与整理.docx,"## 八、 工程损失评估软件、能力谱法与高级易损性分析系统 在防震减灾 AI 的工程应用中，评估地震发生后整个城市在建筑损毁方面的经济损失和资本损耗，是一项计算极其密集的任务 [81]。这要求损失评估软件必须建立在严谨的非线性结构动力学计算模型之上，而非简单的线性插值 [66]。 Hazus 作为全球最为主流的损失建模系统，其核心算法是基于能力谱法（Capacity Spectrum Method, CSM）的非...",规则抽取,待复核,待复核
REL_EQ_000119,tech_eq_003,EQ_DOC_005,tech_eq_003,EQ_DOC_005,tech_eq_003,EQ_DOC_005,遥感震损智能解译,遥感影像与建筑震损标签,遥感震损智能解译,遥感影像与建筑震损标签,AITech,Document,DERIVES_FROM,DERIVES_FROM（来源于）,0.75,EQ_DOC_005,CHK_EQ_000013,遥感影像与建筑震损标签,地震灾害数据收集与整理.docx,"## 五、 遥感影像解译、建筑震损标签与多源几何特征提取 面对大面积地震灾害，现场地毯式排查在效率和安全性上均无法满足应急决策的急迫时效要求 [49]。通过联合天基高分辨率卫星与空基无人机（UAV）遥感手段进行智能解译，是目前实现大范围、快速建筑震损评估的核心路径 [50, 51]。 在遥感智能算法的研制与工程...",规则抽取,待复核,待复核
REL_EQ_000120,tech_eq_004,EQ_DOC_008,tech_eq_004,EQ_DOC_008,tech_eq_004,EQ_DOC_008,地震风险时空预测,工程损失评估系统,地震风险时空预测,工程损失评估系统,AITech,Document,DERIVES_FROM,DERIVES_FROM（来源于）,0.75,EQ_DOC_008,CHK_EQ_000024,工程损失评估系统,地震灾害数据收集与整理.docx,"这些先进的计算工具表明，现代地震风险评估已呈现出显著的高精度（Site-specific）发展趋势 [25, 67]。过去，Hazus 常常使用区域性的普查区数据（Census Tract）来近似模拟平均建筑属性 [26, 67]。但现代 AI 防灾系统可以基于超高清街景、LiDAR 激光雷达扫描及建筑物三维模型，为每一栋建筑...",规则抽取,待复核,待复核
REL_EQ_000121,tech_eq_005,EQ_DOC_003,tech_eq_005,EQ_DOC_003,tech_eq_005,EQ_DOC_003,震后灾情快速评估,ShakeMap与PAGER影响评估,震后灾情快速评估,ShakeMap与PAGER影响评估,AITech,Document,DERIVES_FROM,DERIVES_FROM（来源于）,0.75,EQ_DOC_003,CHK_EQ_000007,ShakeMap与PAGER影响评估,地震灾害数据收集与整理.docx,"## 三、 地震动、烈度图与PAGER快速影响评估数据链 地震动参数（如地面峰值加速度 PGA、地面峰值速度 PGV）是评估地面震动剧烈程度和预测建筑物结构物理破坏力的核心指标 [4, 26]。美国地质调查局的 ShakeMap 系统和 PAGER（Prompt Assessment of Global Earthquakes for...",规则抽取,待复核,待复核
REL_EQ_000122,tech_eq_006,EQ_DOC_001,tech_eq_006,EQ_DOC_001,tech_eq_006,EQ_DOC_001,地震应急辅助决策,原始来源核验机制,地震应急辅助决策,原始来源核验机制,AITech,Document,DERIVES_FROM,DERIVES_FROM（来源于）,0.75,EQ_DOC_001,CHK_EQ_000001,原始来源核验机制,地震灾害数据收集与整理.docx,...于知识图谱与大语言模型的地震灾害AI防灾减灾关键技术与多源数据融合研究报告 ## 一、 引言与原始来源核验机制分析 在地震灾害的预防、减灾、应急响应及震后恢复重建过程中，构建高可信、可追溯的智能决策系统具有重要的现实意义。随着检索增强生成技术（RAG）特别是基于知识图谱的检索增强生成技术（GraphRAG）在防灾减灾领域的广泛应用，如何保证知识图谱底座语料的绝对真实性与高可追溯性，成为制约AI模型应用落地的技术瓶颈 [1]。传统的,规则抽取,待复核,待复核
REL_EQ_000123,tech_eq_006,EQ_DOC_004,tech_eq_006,EQ_DOC_004,tech_eq_006,EQ_DOC_004,地震应急辅助决策,灾后应急响应与人道需求,地震应急辅助决策,灾后应急响应与人道需求,AITech,Document,DERIVES_FROM,DERIVES_FROM（来源于）,0.75,EQ_DOC_004,CHK_EQ_000010,灾后应急响应与人道需求,地震灾害数据收集与整理.docx,"## 四、 灾后应急响应、复盘报告与人道主义需求演变 真实的震后灾后复盘（Post-Disaster Needs Assessment, PDNA）不仅是重建决策的客观基础，更是AI图谱训练大语言模型在多轮交互对话中生成逻辑自洽、证据充实之推演结果的直接依据 [1]。 分析 2023 年土耳其-叙利亚大地震中的响应...",规则抽取,待复核,待复核
REL_EQ_000124,tech_eq_006,EQ_DOC_009,tech_eq_006,EQ_DOC_009,tech_eq_006,EQ_DOC_009,地震应急辅助决策,应急治理政策标准,地震应急辅助决策,应急治理政策标准,AITech,Document,DERIVES_FROM,DERIVES_FROM（来源于）,0.75,EQ_DOC_009,CHK_EQ_000025,应急治理政策标准,地震灾害数据收集与整理.docx,"...案) ] │ +---------------------+---------------------+ | | ▼ ▼ [ 甘肃省地震灾害应急响应 ] [ 新疆克州/宣城市等市县预案 ] - 设置一、二、三、四级梯度响应 - 创新制定“震级+距离”双维度初判启动 - 设立跨部门4大核心应急专业组 - 对不达响应标准显著地震延伸触角 - 24小时现场扁平化通信扁平化指挥 - 自下而上建立灾情日报告、零报告制度 `[47, 48, ",规则抽取,待复核,待复核
REL_EQ_000125,tech_eq_007,EQ_DOC_006,tech_eq_007,EQ_DOC_006,tech_eq_007,EQ_DOC_006,生命线震损风险传播GNN,暴露体与生命线韧性,生命线震损风险传播GNN,暴露体与生命线韧性,AITech,Document,DERIVES_FROM,DERIVES_FROM（来源于）,0.75,EQ_DOC_006,CHK_EQ_000016,暴露体与生命线韧性,地震灾害数据收集与整理.docx,"## 六、 暴露体脆弱性、生命线系统韧性与地理空间数据依赖 地震灾害的破坏力不仅取决于断层破裂释放的能量本身，更取决于地震动波形在穿越区域地层介质时与特定地层及地面建筑物结构发生共振的物理放大现象 [65, 66]。暴露体（General Building Stock, 包含各类学校、住宅、医院等）的内部结构属性，直接决定了...",规则抽取,待复核,待复核
REL_EQ_000126,tech_eq_007,EQ_DOC_010,tech_eq_007,EQ_DOC_010,tech_eq_007,EQ_DOC_010,生命线震损风险传播GNN,本体与复核机制,生命线震损风险传播GNN,本体与复核机制,AITech,Document,DERIVES_FROM,DERIVES_FROM（来源于）,0.75,EQ_DOC_010,CHK_EQ_000029,本体与复核机制,地震灾害数据收集与整理.docx,"...| --- | --- | --- | --- | | AITech | AI关键技术 | 泛指防灾减灾中的核心前沿AI技术大类（如 基于图神经网络的结构易损性分析技术） [1] | 不直接关联具体代码库，作为高级分类中介 [1] | | Model | 计算模型 | 具体的计算、感知、解译或预测算法（如 PhaseNet, EQTransformer, LEGG） [50, 72, 74] | Model -> USES_MOD",规则抽取,待复核,待复核
REL_EQ_000127,tech_eq_009,EQ_DOC_001,tech_eq_009,EQ_DOC_001,tech_eq_009,EQ_DOC_001,地震证据图谱GraphRAG,原始来源核验机制,地震证据图谱GraphRAG,原始来源核验机制,AITech,Document,DERIVES_FROM,DERIVES_FROM（来源于）,0.75,EQ_DOC_001,CHK_EQ_000001,原始来源核验机制,地震灾害数据收集与整理.docx,...震后恢复重建过程中，构建高可信、可追溯的智能决策系统具有重要的现实意义。随着检索增强生成技术（RAG）特别是基于知识图谱的检索增强生成技术（GraphRAG）在防灾减灾领域的广泛应用，如何保证知识图谱底座语料的绝对真实性与高可追溯性，成为制约AI模型应用落地的技术瓶颈 [1]。传统的自动文本抽取技术在处理多源异构灾情文本时，极易因语料噪声产生“幻觉”现象。因此，在技术图谱语料构建的首要环节，必须建立严格的原始数据来源核验机制 [1,规则抽取,待复核,待复核
REL_EQ_000128,tech_eq_010,EQ_DOC_008,tech_eq_010,EQ_DOC_008,tech_eq_010,EQ_DOC_008,数字孪生城市地震风险模拟,工程损失评估系统,数字孪生城市地震风险模拟,工程损失评估系统,AITech,Document,DERIVES_FROM,DERIVES_FROM（来源于）,0.75,EQ_DOC_008,CHK_EQ_000024,工程损失评估系统,地震灾害数据收集与整理.docx,"...]。 通过在 OpenQuake 或 Hazus AEBM（高级工程建筑模块）中为每个结构分配其真实的动力学属性，可以实现真正物理意义上的“数字孪生城市地震风险高保真演化模拟” [66, 67]。",规则抽取,待复核,待复核
REL_EQ_000129,tech_eq_011,EQ_DOC_007,tech_eq_011,EQ_DOC_007,tech_eq_011,EQ_DOC_007,分布式AI地震预警,分布式AI地震预警,分布式AI地震预警,分布式AI地震预警,AITech,Document,DERIVES_FROM,DERIVES_FROM（来源于）,0.75,EQ_DOC_007,CHK_EQ_000019,分布式AI地震预警,地震灾害数据收集与整理.docx,"## 七、 分布式AI地震预警系统、边缘计算与众包传感器网络 传统的地震早期预警系统（EEW）虽然在减轻次生灾害方面发挥了巨大作用，但在处理超大规模传感器数据流（如来自数以万计众包手机或极高密度的窄带无线传感网络 WSN）时，仍然面临系统算力和Telemetry延迟的瓶颈 [69, 70, 71]。在极短响应时...",规则抽取,待复核,待复核
REL_EQ_000130,model_eq_001,EQ_DOC_007,model_eq_001,EQ_DOC_007,model_eq_001,EQ_DOC_007,CNN,分布式AI地震预警,CNN,分布式AI地震预警,Model,Document,DERIVES_FROM,DERIVES_FROM（来源于）,0.75,EQ_DOC_007,CHK_EQ_000020,分布式AI地震预警,地震灾害数据收集与整理.docx,...[75] | 依赖于海量智能手机加速度计；云端运行在分布式云服务器群，支持本地辅助加速器硬件扩展 [75] | | Edge-AI 紧凑型CNN模型 [72] | 极度优化的超轻量级卷机神经网络（CNN），仅含 物理模型权重参数；专攻 2 秒短时波形的高速 P-Wave 起始Picking [72] | 与 PhaseNet、EQTransformer 在高信噪比表现上相当；对微地震波定位精度保持在极高水准 [72] | 在低成本,规则抽取,待复核,待复核
REL_EQ_000131,model_eq_002,EQ_DOC_010,model_eq_002,EQ_DOC_010,model_eq_002,EQ_DOC_010,GNN,本体与复核机制,GNN,本体与复核机制,Model,Document,DERIVES_FROM,DERIVES_FROM（来源于）,0.75,EQ_DOC_010,CHK_EQ_000029,本体与复核机制,地震灾害数据收集与整理.docx,"...| --- | --- | --- | --- | | AITech | AI关键技术 | 泛指防灾减灾中的核心前沿AI技术大类（如 基于图神经网络的结构易损性分析技术） [1] | 不直接关联具体代码库，作为高级分类中介 [1] | | Model | 计算模型 | 具体的计算、感知、解译或预测算法（如 PhaseNet, EQTransformer, LEGG） [50, 72, 74] | Model -> USES_MOD",规则抽取,待复核,待复核
REL_EQ_000132,model_eq_004,EQ_DOC_007,model_eq_004,EQ_DOC_007,model_eq_004,EQ_DOC_007,RNN,分布式AI地震预警,RNN,分布式AI地震预警,Model,Document,DERIVES_FROM,DERIVES_FROM（来源于）,0.75,EQ_DOC_007,CHK_EQ_000020,分布式AI地震预警,地震灾害数据收集与整理.docx,...计算 [72] | | AI-Powered EEWS (印度) [79] | 端到端混合深度神经网络，包含深度一维 CNN、循环神经网络（RNN）及多层感知机（MLP）特征层 [79] | 在庞大验证数据集上达到 的综合分类精确度 [79] | 实测毫秒级超低前向推理时间，为在破坏性破坏剪切 S-Wave 到达前赢得十几秒的避险时窗 [79] | 依托于区域、国家级地震观测台站连续大震动加速度和波形波速数据流 [79] | | ,规则抽取,待复核,待复核
REL_EQ_000133,model_eq_005,EQ_DOC_007,model_eq_005,EQ_DOC_007,model_eq_005,EQ_DOC_007,Transformer,分布式AI地震预警,Transformer,分布式AI地震预警,Model,Document,DERIVES_FROM,DERIVES_FROM（来源于）,0.75,EQ_DOC_007,CHK_EQ_000020,分布式AI地震预警,地震灾害数据收集与整理.docx,...络（CNN），仅含 物理模型权重参数；专攻 2 秒短时波形的高速 P-Wave 起始Picking [72] | 与 PhaseNet、EQTransformer 在高信噪比表现上相当；对微地震波定位精度保持在极高水准 [72] | 在低成本嵌入式 Raspberry Pi 等硬件上，单次波形前向计算耗时低于 [72] | 部署于低功耗 MEMS 边缘传感器（如 Raspberry Shake 社区网络边缘节点）；完美支持纯分布式,规则抽取,待复核,待复核
REL_EQ_000134,model_eq_005,EQ_DOC_010,model_eq_005,EQ_DOC_010,model_eq_005,EQ_DOC_010,Transformer,本体与复核机制,Transformer,本体与复核机制,Model,Document,DERIVES_FROM,DERIVES_FROM（来源于）,0.75,EQ_DOC_010,CHK_EQ_000029,本体与复核机制,地震灾害数据收集与整理.docx,"...联具体代码库，作为高级分类中介 [1] | | Model | 计算模型 | 具体的计算、感知、解译或预测算法（如 PhaseNet, EQTransformer, LEGG） [50, 72, 74] | Model -> USES_MODEL -> Model（支持子模型依赖） [1] | | Dataset | 支撑数据集 | 用于模型训练、测试或校验的底层结构化/非结构化数据集（如 xBD, NGA-West2） [25,",规则抽取,待复核,待复核
REL_EQ_000135,model_eq_007,EQ_DOC_007,model_eq_007,EQ_DOC_007,model_eq_007,EQ_DOC_007,随机森林,分布式AI地震预警,随机森林,分布式AI地震预警,Model,Document,DERIVES_FROM,DERIVES_FROM（来源于）,0.75,EQ_DOC_007,CHK_EQ_000020,分布式AI地震预警,地震灾害数据收集与整理.docx,...、国家级地震观测台站连续大震动加速度和波形波速数据流 [79] | | E3WS 预警模型 [80] | 基于全连接、CNN、RNN与多分类随机森林（RF）融合深度预测，专攻震源深度、走向及标量级震级参数的动态收敛回归 [80] | 判别地震与 impulsive 噪声的成功率达 ，虚警率（False Positive）保持为 [80] | 平均每秒自动向服务器动态推送和迭代求解一次物理参数估计值，极大缩短决策延时 [80] | ,规则抽取,待复核,待复核
REL_EQ_000136,model_eq_009,EQ_DOC_008,model_eq_009,EQ_DOC_008,model_eq_009,EQ_DOC_008,能力谱法,工程损失评估系统,能力谱法,工程损失评估系统,Model,Document,DERIVES_FROM,DERIVES_FROM（来源于）,0.75,EQ_DOC_008,CHK_EQ_000022,工程损失评估系统,地震灾害数据收集与整理.docx,## 八、 工程损失评估软件、能力谱法与高级易损性分析系统 在防震减灾 AI 的工程应用中，评估地震发生后整个城市在建筑损毁方面的经济损失和资本损耗，是一项计算极其密集的任务 [81]。这要求损失评估软件必须建立在严谨的非线性结构动力学计算模型之上，而非简单的线性插值 [66]。 Hazus 作为全球最为主流的损失建模系统，其核...,规则抽取,待复核,待复核
REL_EQ_000137,model_eq_010,EQ_DOC_008,model_eq_010,EQ_DOC_008,model_eq_010,EQ_DOC_008,Hazus,工程损失评估系统,Hazus,工程损失评估系统,Model,Document,DERIVES_FROM,DERIVES_FROM（来源于）,0.75,EQ_DOC_008,CHK_EQ_000022,工程损失评估系统,地震灾害数据收集与整理.docx,"...本损耗，是一项计算极其密集的任务 [81]。这要求损失评估软件必须建立在严谨的非线性结构动力学计算模型之上，而非简单的线性插值 [66]。 Hazus 作为全球最为主流的损失建模系统，其核心算法是基于能力谱法（Capacity Spectrum Method, CSM）的非线性反应谱分析 [82, 83]。系统通过 36 类建筑模型能力参数确定 Yield 与 Ultimate 两个临界屈服性能点 [66]。 而为了在大规模区域性",规则抽取,待复核,待复核
REL_EQ_000138,model_eq_011,EQ_DOC_008,model_eq_011,EQ_DOC_008,model_eq_011,EQ_DOC_008,OpenQuake,工程损失评估系统,OpenQuake,工程损失评估系统,Model,Document,DERIVES_FROM,DERIVES_FROM（来源于）,0.75,EQ_DOC_008,CHK_EQ_000023,工程损失评估系统,地震灾害数据收集与整理.docx,"...86] | 自有统一的 Inventory Technical Manual 规范格式，内嵌于专用 GIS 系统 [67, 85] | | OpenQuake-engine (GEM) [87, 88] | 基于 Python 的解耦运行；拥有自主核心库：oq-hazardlib（用于快速进行随机事件集、地震动场分析和计算），oq-risklib（处理暴露体和易损性矩阵），oq-nrmllib（XML格式底层校验解析） [88] ",规则抽取,待复核,待复核
REL_EQ_000139,model_eq_013,EQ_DOC_007,model_eq_013,EQ_DOC_007,model_eq_013,EQ_DOC_007,PhaseNet,分布式AI地震预警,PhaseNet,分布式AI地震预警,Model,Document,DERIVES_FROM,DERIVES_FROM（来源于）,0.75,EQ_DOC_007,CHK_EQ_000020,分布式AI地震预警,地震灾害数据收集与整理.docx,...化的超轻量级卷机神经网络（CNN），仅含 物理模型权重参数；专攻 2 秒短时波形的高速 P-Wave 起始Picking [72] | 与 PhaseNet、EQTransformer 在高信噪比表现上相当；对微地震波定位精度保持在极高水准 [72] | 在低成本嵌入式 Raspberry Pi 等硬件上，单次波形前向计算耗时低于 [72] | 部署于低功耗 MEMS 边缘传感器（如 Raspberry Shake 社区网络边缘节,规则抽取,待复核,待复核
REL_EQ_000140,model_eq_013,EQ_DOC_010,model_eq_013,EQ_DOC_010,model_eq_013,EQ_DOC_010,PhaseNet,本体与复核机制,PhaseNet,本体与复核机制,Model,Document,DERIVES_FROM,DERIVES_FROM（来源于）,0.75,EQ_DOC_010,CHK_EQ_000029,本体与复核机制,地震灾害数据收集与整理.docx,"...） [1] | 不直接关联具体代码库，作为高级分类中介 [1] | | Model | 计算模型 | 具体的计算、感知、解译或预测算法（如 PhaseNet, EQTransformer, LEGG） [50, 72, 74] | Model -> USES_MODEL -> Model（支持子模型依赖） [1] | | Dataset | 支撑数据集 | 用于模型训练、测试或校验的底层结构化/非结构化数据集（如 xBD, NGA",规则抽取,待复核,待复核
REL_EQ_000141,model_eq_014,EQ_DOC_007,model_eq_014,EQ_DOC_007,model_eq_014,EQ_DOC_007,EQTransformer,分布式AI地震预警,EQTransformer,分布式AI地震预警,Model,Document,DERIVES_FROM,DERIVES_FROM（来源于）,0.75,EQ_DOC_007,CHK_EQ_000020,分布式AI地震预警,地震灾害数据收集与整理.docx,...经网络（CNN），仅含 物理模型权重参数；专攻 2 秒短时波形的高速 P-Wave 起始Picking [72] | 与 PhaseNet、EQTransformer 在高信噪比表现上相当；对微地震波定位精度保持在极高水准 [72] | 在低成本嵌入式 Raspberry Pi 等硬件上，单次波形前向计算耗时低于 [72] | 部署于低功耗 MEMS 边缘传感器（如 Raspberry Shake 社区网络边缘节点）；完美支持纯分,规则抽取,待复核,待复核
REL_EQ_000142,model_eq_014,EQ_DOC_010,model_eq_014,EQ_DOC_010,model_eq_014,EQ_DOC_010,EQTransformer,本体与复核机制,EQTransformer,本体与复核机制,Model,Document,DERIVES_FROM,DERIVES_FROM（来源于）,0.75,EQ_DOC_010,CHK_EQ_000029,本体与复核机制,地震灾害数据收集与整理.docx,"...接关联具体代码库，作为高级分类中介 [1] | | Model | 计算模型 | 具体的计算、感知、解译或预测算法（如 PhaseNet, EQTransformer, LEGG） [50, 72, 74] | Model -> USES_MODEL -> Model（支持子模型依赖） [1] | | Dataset | 支撑数据集 | 用于模型训练、测试或校验的底层结构化/非结构化数据集（如 xBD, NGA-West2） [2",规则抽取,待复核,待复核
REL_EQ_000143,model_eq_015,EQ_DOC_007,model_eq_015,EQ_DOC_007,model_eq_015,EQ_DOC_007,DBSCAN,分布式AI地震预警,DBSCAN,分布式AI地震预警,Model,Document,DERIVES_FROM,DERIVES_FROM（来源于）,0.75,EQ_DOC_007,CHK_EQ_000019,分布式AI地震预警,地震灾害数据收集与整理.docx,"...P-Wave 触发信号，自动向云端 CPC 推送 XML/JSON 短包) [ 云端 CPC 消息中介 / ActiveMQ ] │ ▼ (DBSCAN 空间相关性动态聚集校验，去除虚警干扰) [ 极速秒级物理参数求解与全通路预警发布 ] 这种架构可以在保证秒级高可靠响应的同时，将系统的通信带宽消耗降低数个数量级 [76, 78]。 表 6",规则抽取,待复核,待复核
REL_EQ_000144,model_eq_017,EQ_DOC_007,model_eq_017,EQ_DOC_007,model_eq_017,EQ_DOC_007,QuakeWake,分布式AI地震预警,QuakeWake,分布式AI地震预警,Model,Document,DERIVES_FROM,DERIVES_FROM（来源于）,0.75,EQ_DOC_007,CHK_EQ_000020,分布式AI地震预警,地震灾害数据收集与整理.docx,...流及计算Latency响应表现 | 传感器源依赖与边缘部署环境特征 | | --- | --- | --- | --- | --- | | QuakeWake 系统 [75] | 双阶段架构：本地端微型神经网络实时监控，云端采用深度神经网络模块进行全局烈度及波路径传播动态演化分析 [75] | 地震动识别及方向传播预测准确度高达 [75] | 本地微内核秒级即时响应；终端不消耗电池；附加的 Raspberry Pi adjunct,规则抽取,待复核,待复核
REL_EQ_000145,model_eq_018,EQ_DOC_007,model_eq_018,EQ_DOC_007,model_eq_018,EQ_DOC_007,E3WS,分布式AI地震预警,E3WS,分布式AI地震预警,Model,Document,DERIVES_FROM,DERIVES_FROM（来源于）,0.75,EQ_DOC_007,CHK_EQ_000020,分布式AI地震预警,地震灾害数据收集与整理.docx,...S-Wave 到达前赢得十几秒的避险时窗 [79] | 依托于区域、国家级地震观测台站连续大震动加速度和波形波速数据流 [79] | | E3WS 预警模型 [80] | 基于全连接、CNN、RNN与多分类随机森林（RF）融合深度预测，专攻震源深度、走向及标量级震级参数的动态收敛回归 [80] | 判别地震与 impulsive 噪声的成功率达 ，虚警率（False Positive）保持为 [80] | 平均每秒自动向服务器动态,规则抽取,待复核,待复核
REL_EQ_000146,data_eq_002,EQ_DOC_002,data_eq_002,EQ_DOC_002,data_eq_002,EQ_DOC_002,CENC 地震目录,全球典型地震事件参数,CENC 地震目录,全球典型地震事件参数,Dataset,Document,DERIVES_FROM,DERIVES_FROM（来源于）,0.75,EQ_DOC_002,CHK_EQ_000004,全球典型地震事件参数,地震灾害数据收集与整理.docx,"...决定了后续地震动模拟、破坏力评估及次生灾害链预测模型的输出质量 [1]。由于不同地震观测网络（如美国地质调查局 USGS、中国地震台网中心 CENC、日本气象厅 JMA）在台网分布、仪器校准、计算方法（如面波震级 与矩震级 的差异）等方面的技术路径不同，同一地震事件的测定参数往往存在系统性偏差 [2, 3]。 通过对比 USGS 与中国地震台网中心（CENC）对全球典型地震事件的正式测定结果，可以清晰地看出这些物理参数的技术异同点",规则抽取,待复核,待复核
REL_EQ_000147,data_eq_003,EQ_DOC_002,data_eq_003,EQ_DOC_002,data_eq_003,EQ_DOC_002,JMA 地震目录,全球典型地震事件参数,JMA 地震目录,全球典型地震事件参数,Dataset,Document,DERIVES_FROM,DERIVES_FROM（来源于）,0.75,EQ_DOC_002,CHK_EQ_000004,全球典型地震事件参数,地震灾害数据收集与整理.docx,"...破坏力评估及次生灾害链预测模型的输出质量 [1]。由于不同地震观测网络（如美国地质调查局 USGS、中国地震台网中心 CENC、日本气象厅 JMA）在台网分布、仪器校准、计算方法（如面波震级 与矩震级 的差异）等方面的技术路径不同，同一地震事件的测定参数往往存在系统性偏差 [2, 3]。 通过对比 USGS 与中国地震台网中心（CENC）对全球典型地震事件的正式测定结果，可以清晰地看出这些物理参数的技术异同点。这些偏差和参数的对比",规则抽取,待复核,待复核
REL_EQ_000148,data_eq_004,EQ_DOC_003,data_eq_004,EQ_DOC_003,data_eq_004,EQ_DOC_003,ShakeMap,ShakeMap与PAGER影响评估,ShakeMap,ShakeMap与PAGER影响评估,Dataset,Document,DERIVES_FROM,DERIVES_FROM（来源于）,0.75,EQ_DOC_003,CHK_EQ_000007,ShakeMap与PAGER影响评估,地震灾害数据收集与整理.docx,"...地面峰值加速度 PGA、地面峰值速度 PGV）是评估地面震动剧烈程度和预测建筑物结构物理破坏力的核心指标 [4, 26]。美国地质调查局的 ShakeMap 系统和 PAGER（Prompt Assessment of Global Earthquakes for Response）系统，是当前全球最为先进的震后快速半结构化影响评估工具，广泛服务于灾害防御及应急资源调度决策 [26, 27, 28]。 PAGER 系统在发震后数分",规则抽取,待复核,待复核
REL_EQ_000149,data_eq_005,EQ_DOC_003,data_eq_005,EQ_DOC_003,data_eq_005,EQ_DOC_003,PAGER,ShakeMap与PAGER影响评估,PAGER,ShakeMap与PAGER影响评估,Dataset,Document,DERIVES_FROM,DERIVES_FROM（来源于）,0.75,EQ_DOC_003,CHK_EQ_000007,ShakeMap与PAGER影响评估,地震灾害数据收集与整理.docx,"## 三、 地震动、烈度图与PAGER快速影响评估数据链 地震动参数（如地面峰值加速度 PGA、地面峰值速度 PGV）是评估地面震动剧烈程度和预测建筑物结构物理破坏力的核心指标 [4, 26]。美国地质调查局的 ShakeMap 系统和 PAGER（Prompt Assessment of Global Earthquakes...",规则抽取,待复核,待复核
REL_EQ_000150,data_eq_006,EQ_DOC_003,data_eq_006,EQ_DOC_003,data_eq_006,EQ_DOC_003,Finite Fault Model,ShakeMap与PAGER影响评估,Finite Fault Model,ShakeMap与PAGER影响评估,Dataset,Document,DERIVES_FROM,DERIVES_FROM（来源于）,0.75,EQ_DOC_003,CHK_EQ_000007,ShakeMap与PAGER影响评估,地震灾害数据收集与整理.docx,"...化的指挥链依据 [5, 29, 30]。 发震 (Earthquake Origin) │ ▼ 计算震源机制解与有限断层破裂线 (USGS Finite Fault Model) │ ▼ 融合台站实测波形 (Strong Motion Seismometers) ──► 绘制 ShakeMap 地震动图 (PGA / PGV / MMI) │ ▼ 合并暴露人口格网数据 (WorldPop Population Grid) ◄───",规则抽取,待复核,待复核
REL_EQ_000151,data_eq_007,EQ_DOC_003,data_eq_007,EQ_DOC_003,data_eq_007,EQ_DOC_003,WorldPop,ShakeMap与PAGER影响评估,WorldPop,ShakeMap与PAGER影响评估,Dataset,Document,DERIVES_FROM,DERIVES_FROM（来源于）,0.75,EQ_DOC_003,CHK_EQ_000007,ShakeMap与PAGER影响评估,地震灾害数据收集与整理.docx,"...6, 27, 28]。 PAGER 系统在发震后数分钟内自动触发，通过将快速推定的 ShakeMap 地震动场叠加在动态全球人口暴露体格网（WorldPop）及历史脆弱性矩阵上，预测可能造成的死亡人数和经济损失 [26, 27, 29]。PAGER 的红、橙、黄、绿四色警报阈值，为国际应急协调提供了量化的指挥链依据 [5, 29, 30]。 发震 (Earthquake Origin) │ ▼ 计算震源机制解与有限断层破裂线 (U",规则抽取,待复核,待复核
REL_EQ_000152,data_eq_008,EQ_DOC_005,data_eq_008,EQ_DOC_005,data_eq_008,EQ_DOC_005,xBD,遥感影像与建筑震损标签,xBD,遥感影像与建筑震损标签,Dataset,Document,DERIVES_FROM,DERIVES_FROM（来源于）,0.75,EQ_DOC_005,CHK_EQ_000014,遥感影像与建筑震损标签,地震灾害数据收集与整理.docx,"...损等级（Damage Classification）与标签分布特点 | | --- | --- | --- | --- | --- | | xBD (xView2 Benchmark) [54, 55] | 全球多地（含19种自然灾害，覆盖地震、海啸、野火、火山等场景） [53, 54] | 3波段标准 RGB 图像，源自 Maxar/DigitalGlobe 开放数据计划 [53, 56] | 个高精度标定建筑物多边形（Foot",规则抽取,待复核,待复核
REL_EQ_000153,data_eq_008,EQ_DOC_010,data_eq_008,EQ_DOC_010,data_eq_008,EQ_DOC_010,xBD,本体与复核机制,xBD,本体与复核机制,Dataset,Document,DERIVES_FROM,DERIVES_FROM（来源于）,0.75,EQ_DOC_010,CHK_EQ_000029,本体与复核机制,地震灾害数据收集与整理.docx,"...Model（支持子模型依赖） [1] | | Dataset | 支撑数据集 | 用于模型训练、测试或校验的底层结构化/非结构化数据集（如 xBD, NGA-West2） [25, 54] | 必须具备明确的许可证属性和版本控制记录 [1] | | Task | 防灾减灾任务 | AI算法所针对并期望解决的物理工程任务（如 震后倒塌建筑物智能快速识别） [1] | Model -> SOLVES -> Task [1] | | S",规则抽取,待复核,待复核
REL_EQ_000154,data_eq_009,EQ_DOC_005,data_eq_009,EQ_DOC_005,data_eq_009,EQ_DOC_005,Copernicus EMS,遥感影像与建筑震损标签,Copernicus EMS,遥感影像与建筑震损标签,Dataset,Document,DERIVES_FROM,DERIVES_FROM（来源于）,0.75,EQ_DOC_005,CHK_EQ_000014,遥感影像与建筑震损标签,地震灾害数据收集与整理.docx,"...、重度损伤（2）、摧毁（3） [52, 56]。其中轻度/重度等中等损伤存在强烈的 intraclass 高重叠不确定性 [57] | | Copernicus EMS (CEMS) 应急制图 [58, 59] | 欧盟成员国及全球提供援助区域；典型如 2021 年德国洪灾、意大利火山及各类地震区 [59] | 高分、超高分光学卫星波段，联合哨兵-1（Sentinel-1）双极化 SAR 影像数据 [51, 60] | 依事件实时",规则抽取,待复核,待复核
REL_EQ_000155,data_eq_010,EQ_DOC_005,data_eq_010,EQ_DOC_005,data_eq_010,EQ_DOC_005,ALOS-2-BDE,遥感影像与建筑震损标签,ALOS-2-BDE,遥感影像与建筑震损标签,Dataset,Document,DERIVES_FROM,DERIVES_FROM（来源于）,0.75,EQ_DOC_005,CHK_EQ_000014,遥感影像与建筑震损标签,地震灾害数据收集与整理.docx,"...分级：无可见损伤（Grade 0）、可能损伤（不确定性）、受损（Grade 1-3）、被毁（Grade 4-5） [58, 59] | | ALOS-2-BDE (能登地震震损底图) [62] | 2024 年能登半岛重点受灾城镇（轮岛市、珠洲市、能登町、穴水町、七尾市） [2, 62] | 日本 L 波段 PALSAR-2 合成孔径雷达影像，支持 spotlight（1x3m）及 stripmap（3m）高分辨观测 [63] |",规则抽取,待复核,待复核
REL_EQ_000156,data_eq_011,EQ_DOC_005,data_eq_011,EQ_DOC_005,data_eq_011,EQ_DOC_005,Sentinel-1,遥感影像与建筑震损标签,Sentinel-1,遥感影像与建筑震损标签,Dataset,Document,DERIVES_FROM,DERIVES_FROM（来源于）,0.75,EQ_DOC_005,CHK_EQ_000014,遥感影像与建筑震损标签,地震灾害数据收集与整理.docx,"...欧盟成员国及全球提供援助区域；典型如 2021 年德国洪灾、意大利火山及各类地震区 [59] | 高分、超高分光学卫星波段，联合哨兵-1（Sentinel-1）双极化 SAR 影像数据 [51, 60] | 依事件实时应急生成；融合 OpenStreetMap 等众包向量底图 [51, 61] | 基于 EMS-98 宏观烈度表建筑损伤分级：无可见损伤（Grade 0）、可能损伤（不确定性）、受损（Grade 1-3）、被毁（Gr",规则抽取,待复核,待复核
REL_EQ_000157,data_eq_012,EQ_DOC_005,data_eq_012,EQ_DOC_005,data_eq_012,EQ_DOC_005,PALSAR-2,遥感影像与建筑震损标签,PALSAR-2,遥感影像与建筑震损标签,Dataset,Document,DERIVES_FROM,DERIVES_FROM（来源于）,0.75,EQ_DOC_005,CHK_EQ_000014,遥感影像与建筑震损标签,地震灾害数据收集与整理.docx,"...震震损底图) [62] | 2024 年能登半岛重点受灾城镇（轮岛市、珠洲市、能登町、穴水町、七尾市） [2, 62] | 日本 L 波段 PALSAR-2 合成孔径雷达影像，支持 spotlight（1x3m）及 stripmap（3m）高分辨观测 [63] | 灾前与灾后多期雷达振幅干涉；在 2024 年 1 月 1-2 日共融合估计出 栋潜在损毁建筑 [62] | 极度损毁（Full collapse）、半倒塌（Half c",规则抽取,待复核,待复核
REL_EQ_000158,data_eq_013,EQ_DOC_005,data_eq_013,EQ_DOC_005,data_eq_013,EQ_DOC_005,OpenStreetMap,遥感影像与建筑震损标签,OpenStreetMap,遥感影像与建筑震损标签,Dataset,Document,DERIVES_FROM,DERIVES_FROM（来源于）,0.75,EQ_DOC_005,CHK_EQ_000014,遥感影像与建筑震损标签,地震灾害数据收集与整理.docx,"...| 高分、超高分光学卫星波段，联合哨兵-1（Sentinel-1）双极化 SAR 影像数据 [51, 60] | 依事件实时应急生成；融合 OpenStreetMap 等众包向量底图 [51, 61] | 基于 EMS-98 宏观烈度表建筑损伤分级：无可见损伤（Grade 0）、可能损伤（不确定性）、受损（Grade 1-3）、被毁（Grade 4-5） [58, 59] | | ALOS-2-BDE (能登地震震损底图) [62",规则抽取,待复核,待复核
REL_EQ_000159,data_eq_016,EQ_DOC_007,data_eq_016,EQ_DOC_007,data_eq_016,EQ_DOC_007,MEMS 加速度计,分布式AI地震预警,MEMS 加速度计,分布式AI地震预警,Dataset,Document,DERIVES_FROM,DERIVES_FROM（来源于）,0.75,EQ_DOC_007,CHK_EQ_000019,分布式AI地震预警,地震灾害数据收集与整理.docx,"...习框架，实现了区域或国家级地震震级的端到端快速预测 [73, 74]。 同时，智能手机众包监测网络的关键技术——利用智能手机内置低成本三轴 MEMS 加速度计进行地震动高精度识别，也得到了极大的发展 [75, 76, 77]。 [ 众包移动手机端 ] (STA/LTA 连续监控 + 本地紧凑型网络过滤非震日常噪声) │ ▼ (若检测到 P-Wave 触发信号，自动向云端 CPC 推送 XML/JSON 短包) [ 云端 CPC 消",规则抽取,待复核,待复核
REL_EQ_000160,data_eq_017,EQ_DOC_006,data_eq_017,EQ_DOC_006,data_eq_017,EQ_DOC_006,Vs30,暴露体与生命线韧性,Vs30,暴露体与生命线韧性,Dataset,Document,DERIVES_FROM,DERIVES_FROM（来源于）,0.75,EQ_DOC_006,CHK_EQ_000018,暴露体与生命线韧性,地震灾害数据收集与整理.docx,"因此，在防灾减灾AI图谱构建中，绝不能将地理空间要素视为孤立节点，必须将“地基岩土Vs30（等效剪切波速）”、“结构基础类型”及“网状拓扑联通性”作为生命线节点的必备属性进行关联度计算 [1, 65, 68]。",规则抽取,待复核,待复核
REL_EQ_000161,data_eq_018,EQ_DOC_003,data_eq_018,EQ_DOC_003,data_eq_018,EQ_DOC_003,人口暴露格网,ShakeMap与PAGER影响评估,人口暴露格网,ShakeMap与PAGER影响评估,Dataset,Document,DERIVES_FROM,DERIVES_FROM（来源于）,0.75,EQ_DOC_003,CHK_EQ_000007,ShakeMap与PAGER影响评估,地震灾害数据收集与整理.docx,...ters) ──► 绘制 ShakeMap 地震动图 (PGA / PGV / MMI) │ ▼ 合并暴露人口格网数据 (WorldPop Population Grid) ◄──────────┘ │ ▼ 叠加历史脆弱性矩阵 (Vulnerability Matrix) │ ▼ 生成 PAGER 快速评估结果 (死亡人数 / 经济损失估计值) │ ▼ 触发多色警报级别 ──► 输出标准 XML / XML-PAGER 数据包 表,规则抽取,待复核,待复核
REL_EQ_000162,data_eq_023,EQ_DOC_003,data_eq_023,EQ_DOC_003,data_eq_023,EQ_DOC_003,Uncertainty Grid,ShakeMap与PAGER影响评估,Uncertainty Grid,ShakeMap与PAGER影响评估,Dataset,Document,DERIVES_FROM,DERIVES_FROM（来源于）,0.75,EQ_DOC_003,CHK_EQ_000008,ShakeMap与PAGER影响评估,地震灾害数据收集与整理.docx,"...） [20] | | 对应 ShakeMap 可下载物理产品 | Intensity Contours (JSON), XML Grid, Uncertainty Grid, PGA Contours, Shape Files (ZIP) [4, 36] | Intensity Contours (JSON), XML Grid, PGA Map (JPG/PDF), Fault Rupture JSON [36] | Inten",规则抽取,待复核,待复核
REL_EQ_000163,task_eq_003,EQ_DOC_008,task_eq_003,EQ_DOC_008,task_eq_003,EQ_DOC_008,地震风险评估,工程损失评估系统,地震风险评估,工程损失评估系统,Task,Document,DERIVES_FROM,DERIVES_FROM（来源于）,0.75,EQ_DOC_008,CHK_EQ_000024,工程损失评估系统,地震灾害数据收集与整理.docx,"这些先进的计算工具表明，现代地震风险评估已呈现出显著的高精度（Site-specific）发展趋势 [25, 67]。过去，Hazus 常常使用区域性的普查区数据（Census Tract）来近似模拟平均建筑属性 [26, 67]。但现代 AI 防灾系统可以基于超高清街景、LiDAR 激光雷达扫描及建筑物三维模型，为每一栋建筑...",规则抽取,待复核,待复核
REL_EQ_000164,task_eq_007,EQ_DOC_003,task_eq_007,EQ_DOC_003,task_eq_007,EQ_DOC_003,经济损失估计,ShakeMap与PAGER影响评估,经济损失估计,ShakeMap与PAGER影响评估,Task,Document,DERIVES_FROM,DERIVES_FROM（来源于）,0.75,EQ_DOC_003,CHK_EQ_000007,ShakeMap与PAGER影响评估,地震灾害数据收集与整理.docx,...───┘ │ ▼ 叠加历史脆弱性矩阵 (Vulnerability Matrix) │ ▼ 生成 PAGER 快速评估结果 (死亡人数 / 经济损失估计值) │ ▼ 触发多色警报级别 ──► 输出标准 XML / XML-PAGER 数据包 表 3,规则抽取,待复核,待复核
REL_EQ_000165,task_eq_013,EQ_DOC_010,task_eq_013,EQ_DOC_010,task_eq_013,EQ_DOC_010,证据问答,本体与复核机制,证据问答,本体与复核机制,Task,Document,DERIVES_FROM,DERIVES_FROM（来源于）,0.75,EQ_DOC_010,CHK_EQ_000030,本体与复核机制,地震灾害数据收集与整理.docx,为了确保基于该图谱的 GraphRAG 证据问答检索结果的无幻觉性，必须在图谱数据层单独构建对应的“GraphRAG 问答评测集”与“专家复核质量控制模板” [1]。通过在知识图谱底层加入双向核验证据链条属性（如 evidence_text 字段），并在抽取、融合的生命周期中引入专家人工确认状态（review_status），能够使 AI...,规则抽取,待复核,待复核
REL_EQ_000166,task_eq_014,EQ_DOC_002,task_eq_014,EQ_DOC_002,task_eq_014,EQ_DOC_002,地震动模拟,全球典型地震事件参数,地震动模拟,全球典型地震事件参数,Task,Document,DERIVES_FROM,DERIVES_FROM（来源于）,0.75,EQ_DOC_002,CHK_EQ_000004,全球典型地震事件参数,地震灾害数据收集与整理.docx,"## 二、 全球典型地震事件及多网源参数核验 在防灾减灾AI图谱的“地震事件（Event）”节点构建中，震源物理参数的准确性直接决定了后续地震动模拟、破坏力评估及次生灾害链预测模型的输出质量 [1]。由于不同地震观测网络（如美国地质调查局 USGS、中国地震台网中心 CENC、日本气象厅 JMA）在台网分布、仪器校准、计算方法（如面波震级 与矩震级 的差异）等方面的技术路径不同，同一地震事件的测定参数往往存在系统性偏差 [2, 3]。.",规则抽取,待复核,待复核
REL_EQ_000167,case_eq_001,EQ_DOC_002,case_eq_001,EQ_DOC_002,case_eq_001,EQ_DOC_002,2024 年日本能登半岛地震,全球典型地震事件参数,2024 年日本能登半岛地震,全球典型地震事件参数,Case,Document,DERIVES_FROM,DERIVES_FROM（来源于）,0.75,EQ_DOC_002,CHK_EQ_000005,全球典型地震事件参数,地震灾害数据收集与整理.docx,"...震源物理机制与破裂断层特性 | | --- | --- | --- | --- | --- | --- | --- | | 2024年日本能登半岛地震 us6000m0xl [4, 5] | USGS [4] | 2024-01-01 07:10:09 UTC [4] | [4] | [4] | , [4] | Noroshi-oki 逆断层破裂，走向西南-东北，最大走向滑动角呈逆冲滑移 [5, 6] | | | CENC [7]",规则抽取,待复核,待复核
REL_EQ_000168,case_eq_001,EQ_DOC_003,case_eq_001,EQ_DOC_003,case_eq_001,EQ_DOC_003,2024 年日本能登半岛地震,ShakeMap与PAGER影响评估,2024 年日本能登半岛地震,ShakeMap与PAGER影响评估,Case,Document,DERIVES_FROM,DERIVES_FROM（来源于）,0.75,EQ_DOC_003,CHK_EQ_000008,ShakeMap与PAGER影响评估,地震灾害数据收集与整理.docx,"| 评估指标与评估报告产品类型 | 2024年能登半岛地震数据值 [2, 4, 5, 29] | 2023年土耳其双震（主震）数据值 [9, 10, 31, 32] | 2015年尼泊尔大震数据值 [16, 17, 33, 34] | 2021年海地大震数据值 [20, 21] | | --- | --- | --- | --- | --- |...",规则抽取,待复核,待复核
REL_EQ_000169,case_eq_001,EQ_DOC_010,case_eq_001,EQ_DOC_010,case_eq_001,EQ_DOC_010,2024 年日本能登半岛地震,本体与复核机制,2024 年日本能登半岛地震,本体与复核机制,Case,Document,DERIVES_FROM,DERIVES_FROM（来源于）,0.75,EQ_DOC_010,CHK_EQ_000029,本体与复核机制,地震灾害数据收集与整理.docx,"...反演） [1] | 关联具体的行业标准和合规安全边界 [1] | | Case | 典型历史案例 | 真实发生的地震灾害事件（如 2024年能登半岛地震, 2023年土耳其强震） [2, 9] | Model/System -> VALIDATED_IN -> Case [1] | | Policy | 应急政策标准 | 发挥法律、行政或技术规约约束力、强制力要求的政策规章或技术规范标准（如 ISO 22320） [91] | D",规则抽取,待复核,待复核
REL_EQ_000170,event_eq_001,EQ_DOC_002,event_eq_001,EQ_DOC_002,event_eq_001,EQ_DOC_002,2024 年日本能登半岛地震,全球典型地震事件参数,2024 年日本能登半岛地震,全球典型地震事件参数,Event,Document,DERIVES_FROM,DERIVES_FROM（来源于）,0.75,EQ_DOC_002,CHK_EQ_000005,全球典型地震事件参数,地震灾害数据收集与整理.docx,"...震源物理机制与破裂断层特性 | | --- | --- | --- | --- | --- | --- | --- | | 2024年日本能登半岛地震 us6000m0xl [4, 5] | USGS [4] | 2024-01-01 07:10:09 UTC [4] | [4] | [4] | , [4] | Noroshi-oki 逆断层破裂，走向西南-东北，最大走向滑动角呈逆冲滑移 [5, 6] | | | CENC [7]",规则抽取,待复核,待复核
REL_EQ_000171,event_eq_001,EQ_DOC_003,event_eq_001,EQ_DOC_003,event_eq_001,EQ_DOC_003,2024 年日本能登半岛地震,ShakeMap与PAGER影响评估,2024 年日本能登半岛地震,ShakeMap与PAGER影响评估,Event,Document,DERIVES_FROM,DERIVES_FROM（来源于）,0.75,EQ_DOC_003,CHK_EQ_000008,ShakeMap与PAGER影响评估,地震灾害数据收集与整理.docx,"| 评估指标与评估报告产品类型 | 2024年能登半岛地震数据值 [2, 4, 5, 29] | 2023年土耳其双震（主震）数据值 [9, 10, 31, 32] | 2015年尼泊尔大震数据值 [16, 17, 33, 34] | 2021年海地大震数据值 [20, 21] | | --- | --- | --- | --- | --- |...",规则抽取,待复核,待复核
REL_EQ_000172,event_eq_001,EQ_DOC_010,event_eq_001,EQ_DOC_010,event_eq_001,EQ_DOC_010,2024 年日本能登半岛地震,本体与复核机制,2024 年日本能登半岛地震,本体与复核机制,Event,Document,DERIVES_FROM,DERIVES_FROM（来源于）,0.75,EQ_DOC_010,CHK_EQ_000029,本体与复核机制,地震灾害数据收集与整理.docx,"...反演） [1] | 关联具体的行业标准和合规安全边界 [1] | | Case | 典型历史案例 | 真实发生的地震灾害事件（如 2024年能登半岛地震, 2023年土耳其强震） [2, 9] | Model/System -> VALIDATED_IN -> Case [1] | | Policy | 应急政策标准 | 发挥法律、行政或技术规约约束力、强制力要求的政策规章或技术规范标准（如 ISO 22320） [91] | D",规则抽取,待复核,待复核
REL_EQ_000173,case_eq_002,EQ_DOC_004,case_eq_002,EQ_DOC_004,case_eq_002,EQ_DOC_004,2023 年土耳其-叙利亚地震,灾后应急响应与人道需求,2023 年土耳其-叙利亚地震,灾后应急响应与人道需求,Case,Document,DERIVES_FROM,DERIVES_FROM（来源于）,0.75,EQ_DOC_004,CHK_EQ_000010,灾后应急响应与人道需求,地震灾害数据收集与整理.docx,"...不仅是重建决策的客观基础，更是AI图谱训练大语言模型在多轮交互对话中生成逻辑自洽、证据充实之推演结果的直接依据 [1]。 分析 2023 年土耳其-叙利亚大地震中的响应过程和人道主义支援详情，可以为应急管理系统提供清晰的资源流向和行动网络映射 [31, 32]。国际人道主义救援网络如欧盟民事保护机制（UCPM）和国际搜索与救援咨询团（INSARAG）在极短时间内启动了最大规模的响应 [40, 41]。 发震 (Day 0) ──►",规则抽取,待复核,待复核
REL_EQ_000174,event_eq_002,EQ_DOC_004,event_eq_002,EQ_DOC_004,event_eq_002,EQ_DOC_004,2023 年土耳其-叙利亚地震,灾后应急响应与人道需求,2023 年土耳其-叙利亚地震,灾后应急响应与人道需求,Event,Document,DERIVES_FROM,DERIVES_FROM（来源于）,0.75,EQ_DOC_004,CHK_EQ_000010,灾后应急响应与人道需求,地震灾害数据收集与整理.docx,"...不仅是重建决策的客观基础，更是AI图谱训练大语言模型在多轮交互对话中生成逻辑自洽、证据充实之推演结果的直接依据 [1]。 分析 2023 年土耳其-叙利亚大地震中的响应过程和人道主义支援详情，可以为应急管理系统提供清晰的资源流向和行动网络映射 [31, 32]。国际人道主义救援网络如欧盟民事保护机制（UCPM）和国际搜索与救援咨询团（INSARAG）在极短时间内启动了最大规模的响应 [40, 41]。 发震 (Day 0) ──►",规则抽取,待复核,待复核
REL_EQ_000175,case_eq_004,EQ_DOC_006,case_eq_004,EQ_DOC_006,case_eq_004,EQ_DOC_006,2015 年尼泊尔廓尔喀地震,暴露体与生命线韧性,2015 年尼泊尔廓尔喀地震,暴露体与生命线韧性,Case,Document,DERIVES_FROM,DERIVES_FROM（来源于）,0.75,EQ_DOC_006,CHK_EQ_000016,暴露体与生命线韧性,地震灾害数据收集与整理.docx,"...校、住宅、医院等）的内部结构属性，直接决定了其在特定频段强震动下的物理易损性（Vulnerability） [16, 17, 67]。 以 2015 年尼泊尔廓尔喀地震为例，在灾害中暴露出极强的“建筑-地层耦合”脆弱性规律 [16, 18]。由于加德满都盆地底部填充了极厚软、未完全固结的湖相软弱沉积层，当地震动波形传入盆地后，高频地震动在介质层发生剧烈的透射衰减，而低频长周期面波（Long-Period Ground Motion",规则抽取,待复核,待复核
REL_EQ_000176,event_eq_004,EQ_DOC_006,event_eq_004,EQ_DOC_006,event_eq_004,EQ_DOC_006,2015 年尼泊尔廓尔喀地震,暴露体与生命线韧性,2015 年尼泊尔廓尔喀地震,暴露体与生命线韧性,Event,Document,DERIVES_FROM,DERIVES_FROM（来源于）,0.75,EQ_DOC_006,CHK_EQ_000016,暴露体与生命线韧性,地震灾害数据收集与整理.docx,"...校、住宅、医院等）的内部结构属性，直接决定了其在特定频段强震动下的物理易损性（Vulnerability） [16, 17, 67]。 以 2015 年尼泊尔廓尔喀地震为例，在灾害中暴露出极强的“建筑-地层耦合”脆弱性规律 [16, 18]。由于加德满都盆地底部填充了极厚软、未完全固结的湖相软弱沉积层，当地震动波形传入盆地后，高频地震动在介质层发生剧烈的透射衰减，而低频长周期面波（Long-Period Ground Motion",规则抽取,待复核,待复核
REL_EQ_000177,policy_eq_001,EQ_DOC_009,policy_eq_001,EQ_DOC_009,policy_eq_001,EQ_DOC_009,Sendai Framework,应急治理政策标准,Sendai Framework,应急治理政策标准,Policy,Document,DERIVES_FROM,DERIVES_FROM（来源于）,0.75,EQ_DOC_009,CHK_EQ_000025,应急治理政策标准,地震灾害数据收集与整理.docx,"...急部门的行政管理指令，需要对应急治理模型、国家预案以及国际应急标准进行数字化映射 [91, 92, 93]。 联合国倡导的《仙台减灾框架》（Sendai Framework）构成了这一层面的全球最高行动共识 [94]。而 ISO 22320:2018 则是具体执行这些共识的国际管理流程标准 [91]。 [ 联合国 仙台减灾框架 (2015-2030) ] │ ▼ (宏观指导与减灾评价指标体系) │ ▼ (具体国家层面本土化执行落地",规则抽取,待复核,待复核
REL_EQ_000178,policy_eq_002,EQ_DOC_009,policy_eq_002,EQ_DOC_009,policy_eq_002,EQ_DOC_009,国家地震应急预案,应急治理政策标准,国家地震应急预案,应急治理政策标准,Policy,Document,DERIVES_FROM,DERIVES_FROM（来源于）,0.75,EQ_DOC_009,CHK_EQ_000025,应急治理政策标准,地震灾害数据收集与整理.docx,...[ 联合国 仙台减灾框架 (2015-2030) ] │ ▼ (宏观指导与减灾评价指标体系) │ ▼ (具体国家层面本土化执行落地) [ 国家地震应急预案 (2026年修订现代化预案) ] │ +---------------------+---------------------+ | | ▼ ▼ [ 甘肃省地震灾害应急响应 ] [ 新疆克州/宣城市等市县预案 ] - 设置一、二、三、四级梯度响应 - 创新制定“震级+距离”双维,规则抽取,待复核,待复核
REL_EQ_000179,policy_eq_003,EQ_DOC_009,policy_eq_003,EQ_DOC_009,policy_eq_003,EQ_DOC_009,甘肃省地震应急预案,应急治理政策标准,甘肃省地震应急预案,应急治理政策标准,Policy,Document,DERIVES_FROM,DERIVES_FROM（来源于）,0.75,EQ_DOC_009,CHK_EQ_000026,应急治理政策标准,地震灾害数据收集与整理.docx,"...安、地质次生灾害监控 [99] | 明确对达到国家级应急响应的受灾区域，中央财政遵循及时快速原则提前拨付专项救灾托底资金 [98] | | 甘肃省地震应急预案 [48] | 省委、省政府统一领导下的一、二、三、四级梯度响应格局；设综合协调、抢险救援、医疗防疫、通信保障等常设专业组 [48] | 灾区所在地市县级抗震指挥体系若无力支持，即刻逐级提请跨区域调拨省内物资装备和战地医疗增援 [47, 48] | 将应急响应触角前伸：对不达",规则抽取,待复核,待复核
REL_EQ_000180,policy_eq_005,EQ_DOC_009,policy_eq_005,EQ_DOC_009,policy_eq_005,EQ_DOC_009,应急管理体系现代化规划,应急治理政策标准,应急管理体系现代化规划,应急治理政策标准,Policy,Document,DERIVES_FROM,DERIVES_FROM（来源于）,0.75,EQ_DOC_009,CHK_EQ_000027,应急治理政策标准,地震灾害数据收集与整理.docx,"中国 2026-2030 年应急管理体系现代化的一个核心创新，在于防灾决策流程的数字化转型，特别是量化启动标准的引入 [93, 96]。在宣城及新疆克州等地方预案的修订中，创新建立了“初判指标（震级 + 发震距离）+ 人员伤亡”的双维度决策模型 [93]。当台网智能系统监测到震级及人口热力格网的组合超过临界安全阈值时，即便前线...",规则抽取,待复核,待复核
REL_EQ_000181,standard_eq_001,EQ_DOC_009,standard_eq_001,EQ_DOC_009,standard_eq_001,EQ_DOC_009,ISO 22320:2018,应急治理政策标准,ISO 22320:2018,应急治理政策标准,Standard,Document,DERIVES_FROM,DERIVES_FROM（来源于）,0.75,EQ_DOC_009,CHK_EQ_000025,应急治理政策标准,地震灾害数据收集与整理.docx,"...[91, 92, 93]。 联合国倡导的《仙台减灾框架》（Sendai Framework）构成了这一层面的全球最高行动共识 [94]。而 ISO 22320:2018 则是具体执行这些共识的国际管理流程标准 [91]。 [ 联合国 仙台减灾框架 (2015-2030) ] │ ▼ (宏观指导与减灾评价指标体系) │ ▼ (具体国家层面本土化执行落地) [ 国家地震应急预案 (2026年修订现代化预案) ] │ +--------",规则抽取,待复核,待复核
REL_EQ_000182,standard_eq_001,EQ_DOC_010,standard_eq_001,EQ_DOC_010,standard_eq_001,EQ_DOC_010,ISO 22320:2018,本体与复核机制,ISO 22320:2018,本体与复核机制,Standard,Document,DERIVES_FROM,DERIVES_FROM（来源于）,0.75,EQ_DOC_010,CHK_EQ_000029,本体与复核机制,地震灾害数据收集与整理.docx,...-> Case [1] | | Policy | 应急政策标准 | 发挥法律、行政或技术规约约束力、强制力要求的政策规章或技术规范标准（如 ISO 22320） [91] | Dataset/Model -> REQUIRED_BY -> Policy [1] | | Limitation | 技术局限性 | 技术在运行、推理及跨区应用时的局限、瓶颈与高风险虚警点（如 小震级虚警高噪声敏感） [100] | Model/AITec,规则抽取,待复核,待复核
REL_EQ_000183,standard_eq_002,EQ_DOC_008,standard_eq_002,EQ_DOC_008,standard_eq_002,EQ_DOC_008,OASIS CAP,工程损失评估系统,OASIS CAP,工程损失评估系统,Standard,Document,DERIVES_FROM,DERIVES_FROM（来源于）,0.75,EQ_DOC_008,CHK_EQ_000022,工程损失评估系统,地震灾害数据收集与整理.docx,"...在严谨的非线性结构动力学计算模型之上，而非简单的线性插值 [66]。 Hazus 作为全球最为主流的损失建模系统，其核心算法是基于能力谱法（Capacity Spectrum Method, CSM）的非线性反应谱分析 [82, 83]。系统通过 36 类建筑模型能力参数确定 Yield 与 Ultimate 两个临界屈服性能点 [66]。 而为了在大规模区域性评估中克服 CSM 迭代收敛缓慢的缺陷，学者们开发了“Cracking",规则抽取,待复核,待复核
REL_EQ_000184,standard_eq_004,EQ_DOC_009,standard_eq_004,EQ_DOC_009,standard_eq_004,EQ_DOC_009,DesInventar Sendai,应急治理政策标准,DesInventar Sendai,应急治理政策标准,Standard,Document,DERIVES_FROM,DERIVES_FROM（来源于）,0.75,EQ_DOC_009,CHK_EQ_000026,应急治理政策标准,地震灾害数据收集与整理.docx,"...相关方协同共治 [94] | 指导全球成员国预防新风险、消减旧隐患，设置 7 个全球减灾指标并辅以 38 个评价指标 [94] | 基于 “DesInventar Sendai” 灾损数据收集系统建设完全标准合规的国家级灾害损失大数据库 [94] | | ISO 22320:2018 标准 [91] | 基于“全灾害管理”理念，规范跨区域、跨层级间无缝协作的 Command and Control（指挥与控制）机制 [91, 97",规则抽取,待复核,待复核
REL_EQ_000185,limit_eq_001,EQ_DOC_007,limit_eq_001,EQ_DOC_007,limit_eq_001,EQ_DOC_007,预警盲区,分布式AI地震预警,预警盲区,分布式AI地震预警,Limitation,Document,DERIVES_FROM,DERIVES_FROM（来源于）,0.75,EQ_DOC_007,CHK_EQ_000021,分布式AI地震预警,地震灾害数据收集与整理.docx,"...I 预警系统表现优异，但在实际运行中，传统 EEW 仍然存在物理意义上的“盲区”（Late Alert Zone / Epicentral Blind Zone） [30, 70]。因为地震发生后，震中附近的传感器需要 2 到 4 秒才能采集到完整的 P 波信息以判定震级，而传播速度较慢、破坏力极强的 S 波在此期间可能已经波及了震中周边数十公里的极震区 [30, 70]。 因此，即便算法的延迟能够控制在 7 毫秒以内 [72]，",规则抽取,待复核,待复核
REL_EQ_000186,limit_eq_004,EQ_DOC_010,limit_eq_004,EQ_DOC_010,limit_eq_004,EQ_DOC_010,数据偏差,本体与复核机制,数据偏差,本体与复核机制,Limitation,Document,DERIVES_FROM,DERIVES_FROM（来源于）,0.75,EQ_DOC_010,CHK_EQ_000029,本体与复核机制,地震灾害数据收集与整理.docx,..._IN -> Case [1] | | LIMITED_BY | 局限约束关系 | 指向并暴露该 AI 算法目前的物理盲区、泛化能力天花板、数据偏差影响或高耗能瓶颈 [1] | Model -> LIMITED_BY -> Limitation [1] | | REQUIRED_BY | 政策合规要求 | 关联模型或数据集开发在输出结果、地理精度以及隐私伦理上受何种法规标准约束 [1] | Dataset/Model -> REQ,规则抽取,待复核,待复核
REL_EQ_000187,limit_eq_013,EQ_DOC_010,limit_eq_013,EQ_DOC_010,limit_eq_013,EQ_DOC_010,专家复核不足,本体与复核机制,专家复核不足,本体与复核机制,Limitation,Document,DERIVES_FROM,DERIVES_FROM（来源于）,0.75,EQ_DOC_010,CHK_EQ_000031,本体与复核机制,地震灾害数据收集与整理.docx,...进行强一致性物理绑定 [1] | 若原始核验文本发生内容更迭，对应的图谱关系必须进行级联同步删除或自动重构 [1] | | 专家复核日志 (Expert Review Log) | 包含：复核主键（review_item_id）、复核结论（保留/修改/删除/待确认）、复核专家唯一签名属性等 [1] | 对关系边和实体属性的置信度低于 0.70 的低置信度清单，强制要求执行专家一票否决权制度 [1] | 每一个领域本体实体及其关联关,规则抽取,待复核,待复核
REL_EQ_000188,limit_eq_017,EQ_DOC_003,limit_eq_017,EQ_DOC_003,limit_eq_017,EQ_DOC_003,台站稀疏,ShakeMap与PAGER影响评估,台站稀疏,ShakeMap与PAGER影响评估,Limitation,Document,DERIVES_FROM,DERIVES_FROM（来源于）,0.75,EQ_DOC_003,CHK_EQ_000009,ShakeMap与PAGER影响评估,地震灾害数据收集与整理.docx,"...体分析时，不能仅读取“地面峰值加速度（PGA）”的平均值，还必须同时读取“不确定性网格（Uncertainty Grid）” [4]。在实测台站稀疏（台间距大于 ）的地区，不确定性标准差通常会剧烈上升 [26, 39]。如果在评估中未对高不确定性区域进行均值校正，将导致后端 AI 模型输出极高方差的建筑破坏预测，从而引发应急物资配置失衡 [1, 39]。",规则抽取,待复核,待复核
REL_EQ_000189,limit_eq_018,EQ_DOC_003,limit_eq_018,EQ_DOC_003,limit_eq_018,EQ_DOC_003,不确定性网格,ShakeMap与PAGER影响评估,不确定性网格,ShakeMap与PAGER影响评估,Limitation,Document,DERIVES_FROM,DERIVES_FROM（来源于）,0.75,EQ_DOC_003,CHK_EQ_000008,ShakeMap与PAGER影响评估,地震灾害数据收集与整理.docx,"...） [20] | | 对应 ShakeMap 可下载物理产品 | Intensity Contours (JSON), XML Grid, Uncertainty Grid, PGA Contours, Shape Files (ZIP) [4, 36] | Intensity Contours (JSON), XML Grid, PGA Map (JPG/PDF), Fault Rupture JSON [36] | Inten",规则抽取,待复核,待复核
REL_EQ_000190,org_eq_001,EQ_DOC_002,org_eq_001,EQ_DOC_002,org_eq_001,EQ_DOC_002,USGS,全球典型地震事件参数,USGS,全球典型地震事件参数,Organization,Document,DERIVES_FROM,DERIVES_FROM（来源于）,0.75,EQ_DOC_002,CHK_EQ_000004,全球典型地震事件参数,地震灾害数据收集与整理.docx,"...中，震源物理参数的准确性直接决定了后续地震动模拟、破坏力评估及次生灾害链预测模型的输出质量 [1]。由于不同地震观测网络（如美国地质调查局 USGS、中国地震台网中心 CENC、日本气象厅 JMA）在台网分布、仪器校准、计算方法（如面波震级 与矩震级 的差异）等方面的技术路径不同，同一地震事件的测定参数往往存在系统性偏差 [2, 3]。 通过对比 USGS 与中国地震台网中心（CENC）对全球典型地震事件的正式测定结果，可以清晰地",规则抽取,待复核,待复核
REL_EQ_000191,org_eq_001,EQ_DOC_003,org_eq_001,EQ_DOC_003,org_eq_001,EQ_DOC_003,USGS,ShakeMap与PAGER影响评估,USGS,ShakeMap与PAGER影响评估,Organization,Document,DERIVES_FROM,DERIVES_FROM（来源于）,0.75,EQ_DOC_003,CHK_EQ_000007,ShakeMap与PAGER影响评估,地震灾害数据收集与整理.docx,"...调提供了量化的指挥链依据 [5, 29, 30]。 发震 (Earthquake Origin) │ ▼ 计算震源机制解与有限断层破裂线 (USGS Finite Fault Model) │ ▼ 融合台站实测波形 (Strong Motion Seismometers) ──► 绘制 ShakeMap 地震动图 (PGA / PGV / MMI) │ ▼ 合并暴露人口格网数据 (WorldPop Population Grid)",规则抽取,待复核,待复核
REL_EQ_000192,org_eq_002,EQ_DOC_002,org_eq_002,EQ_DOC_002,org_eq_002,EQ_DOC_002,CENC,全球典型地震事件参数,CENC,全球典型地震事件参数,Organization,Document,DERIVES_FROM,DERIVES_FROM（来源于）,0.75,EQ_DOC_002,CHK_EQ_000004,全球典型地震事件参数,地震灾害数据收集与整理.docx,"...决定了后续地震动模拟、破坏力评估及次生灾害链预测模型的输出质量 [1]。由于不同地震观测网络（如美国地质调查局 USGS、中国地震台网中心 CENC、日本气象厅 JMA）在台网分布、仪器校准、计算方法（如面波震级 与矩震级 的差异）等方面的技术路径不同，同一地震事件的测定参数往往存在系统性偏差 [2, 3]。 通过对比 USGS 与中国地震台网中心（CENC）对全球典型地震事件的正式测定结果，可以清晰地看出这些物理参数的技术异同点",规则抽取,待复核,待复核
REL_EQ_000193,org_eq_003,EQ_DOC_002,org_eq_003,EQ_DOC_002,org_eq_003,EQ_DOC_002,JMA,全球典型地震事件参数,JMA,全球典型地震事件参数,Organization,Document,DERIVES_FROM,DERIVES_FROM（来源于）,0.75,EQ_DOC_002,CHK_EQ_000004,全球典型地震事件参数,地震灾害数据收集与整理.docx,"...破坏力评估及次生灾害链预测模型的输出质量 [1]。由于不同地震观测网络（如美国地质调查局 USGS、中国地震台网中心 CENC、日本气象厅 JMA）在台网分布、仪器校准、计算方法（如面波震级 与矩震级 的差异）等方面的技术路径不同，同一地震事件的测定参数往往存在系统性偏差 [2, 3]。 通过对比 USGS 与中国地震台网中心（CENC）对全球典型地震事件的正式测定结果，可以清晰地看出这些物理参数的技术异同点。这些偏差和参数的对比",规则抽取,待复核,待复核
REL_EQ_000194,org_eq_004,EQ_DOC_008,org_eq_004,EQ_DOC_008,org_eq_004,EQ_DOC_008,FEMA,工程损失评估系统,FEMA,工程损失评估系统,Organization,Document,DERIVES_FROM,DERIVES_FROM（来源于）,0.75,EQ_DOC_008,CHK_EQ_000023,工程损失评估系统,地震灾害数据收集与整理.docx,"...数据源格式、依赖条件与集成方式 | | --- | --- | --- | --- | | Hazus Earthquake Model (FEMA) [67, 85] | 能力谱法（CSM）；主要功能模块包含：一般建筑 stock（GBS）、核心生命线工程体系、应急救灾基础设施、次生产生泥石流滑坡等次生灾害模型 [66, 67] | 年均化地震预期直接损失（AEL），年均化预期损失率（AELR），计算涵盖建筑重置价值和直接间接经",规则抽取,待复核,待复核
REL_EQ_000195,org_eq_005,EQ_DOC_008,org_eq_005,EQ_DOC_008,org_eq_005,EQ_DOC_008,GEM,工程损失评估系统,GEM,工程损失评估系统,Organization,Document,DERIVES_FROM,DERIVES_FROM（来源于）,0.75,EQ_DOC_008,CHK_EQ_000023,工程损失评估系统,地震灾害数据收集与整理.docx,"...ory Technical Manual 规范格式，内嵌于专用 GIS 系统 [67, 85] | | OpenQuake-engine (GEM) [87, 88] | 基于 Python 的解耦运行；拥有自主核心库：oq-hazardlib（用于快速进行随机事件集、地震动场分析和计算），oq-risklib（处理暴露体和易损性矩阵），oq-nrmllib（XML格式底层校验解析） [88] | 支持经典概率性断冲构造 PSHA",规则抽取,待复核,待复核
REL_EQ_000196,org_eq_007,EQ_DOC_004,org_eq_007,EQ_DOC_004,org_eq_007,EQ_DOC_004,INSARAG,灾后应急响应与人道需求,INSARAG,灾后应急响应与人道需求,Organization,Document,DERIVES_FROM,DERIVES_FROM（来源于）,0.75,EQ_DOC_004,CHK_EQ_000010,灾后应急响应与人道需求,地震灾害数据收集与整理.docx,"...为应急管理系统提供清晰的资源流向和行动网络映射 [31, 32]。国际人道主义救援网络如欧盟民事保护机制（UCPM）和国际搜索与救援咨询团（INSARAG）在极短时间内启动了最大规模的响应 [40, 41]。 发震 (Day 0) ──► 触发国际搜救网络 (INSARAG/UNDAC 部署) ──► 设立安卡拉/阿达纳现场协调中心 (OSOCC/UCC) │ ▼ 长期民生保障与经济重建 (WFP 粮食凭证扩张 / 本币 TRY ",规则抽取,待复核,待复核
REL_EQ_000197,org_eq_008,EQ_DOC_004,org_eq_008,EQ_DOC_004,org_eq_008,EQ_DOC_004,UNDAC,灾后应急响应与人道需求,UNDAC,灾后应急响应与人道需求,Organization,Document,DERIVES_FROM,DERIVES_FROM（来源于）,0.75,EQ_DOC_004,CHK_EQ_000010,灾后应急响应与人道需求,地震灾害数据收集与整理.docx,"...团（INSARAG）在极短时间内启动了最大规模的响应 [40, 41]。 发震 (Day 0) ──► 触发国际搜救网络 (INSARAG/UNDAC 部署) ──► 设立安卡拉/阿达纳现场协调中心 (OSOCC/UCC) │ ▼ 长期民生保障与经济重建 (WFP 粮食凭证扩张 / 本币 TRY 汇率剧烈波动风险) ◄───────── 开展现场生命搜救与跨国重伤员分类转运 表 4",规则抽取,待复核,待复核
REL_EQ_000198,org_eq_009,EQ_DOC_004,org_eq_009,EQ_DOC_004,org_eq_009,EQ_DOC_004,AFAD,灾后应急响应与人道需求,AFAD,灾后应急响应与人道需求,Organization,Document,DERIVES_FROM,DERIVES_FROM（来源于）,0.75,EQ_DOC_004,CHK_EQ_000011,灾后应急响应与人道需求,地震灾害数据收集与整理.docx,"...参与 [3, 19] | | 跨机构、区域合作与部署协调情况 | 21个欧盟成员国和3个合作国联合部署38支搜救和医疗队；土耳其应急管理局（AFAD）统筹，中国、印尼等多国派出专业中重型搜救队 [40, 41, 44] | 本土应急协同高度成熟，但由于半岛地狭、交通中断，救援队伍面临极其严重的现场通行及多点协同困难 [2, 45] | 加德满都特里布万机场由于规模小、救灾飞机极其密集，发生严重国际援助物资滞留堵塞，交通管理出现多级",规则抽取,待复核,待复核
REL_EQ_000199,org_eq_010,EQ_DOC_004,org_eq_010,EQ_DOC_004,org_eq_010,EQ_DOC_004,WFP,灾后应急响应与人道需求,WFP,灾后应急响应与人道需求,Organization,Document,DERIVES_FROM,DERIVES_FROM（来源于）,0.75,EQ_DOC_004,CHK_EQ_000010,灾后应急响应与人道需求,地震灾害数据收集与整理.docx,...络 (INSARAG/UNDAC 部署) ──► 设立安卡拉/阿达纳现场协调中心 (OSOCC/UCC) │ ▼ 长期民生保障与经济重建 (WFP 粮食凭证扩张 / 本币 TRY 汇率剧烈波动风险) ◄───────── 开展现场生命搜救与跨国重伤员分类转运 表 4,规则抽取,待复核,待复核
REL_EQ_000200,org_eq_012,EQ_DOC_009,org_eq_012,EQ_DOC_009,org_eq_012,EQ_DOC_009,ISO,应急治理政策标准,ISO,应急治理政策标准,Organization,Document,DERIVES_FROM,DERIVES_FROM（来源于）,0.75,EQ_DOC_009,CHK_EQ_000025,应急治理政策标准,地震灾害数据收集与整理.docx,"...[91, 92, 93]。 联合国倡导的《仙台减灾框架》（Sendai Framework）构成了这一层面的全球最高行动共识 [94]。而 ISO 22320:2018 则是具体执行这些共识的国际管理流程标准 [91]。 [ 联合国 仙台减灾框架 (2015-2030) ] │ ▼ (宏观指导与减灾评价指标体系) │ ▼ (具体国家层面本土化执行落地) [ 国家地震应急预案 (2026年修订现代化预案) ] │ +--------",规则抽取,待复核,待复核
REL_EQ_000201,org_eq_012,EQ_DOC_010,org_eq_012,EQ_DOC_010,org_eq_012,EQ_DOC_010,ISO,本体与复核机制,ISO,本体与复核机制,Organization,Document,DERIVES_FROM,DERIVES_FROM（来源于）,0.75,EQ_DOC_010,CHK_EQ_000029,本体与复核机制,地震灾害数据收集与整理.docx,...-> Case [1] | | Policy | 应急政策标准 | 发挥法律、行政或技术规约约束力、强制力要求的政策规章或技术规范标准（如 ISO 22320） [91] | Dataset/Model -> REQUIRED_BY -> Policy [1] | | Limitation | 技术局限性 | 技术在运行、推理及跨区应用时的局限、瓶颈与高风险虚警点（如 小震级虚警高噪声敏感） [100] | Model/AITec,规则抽取,待复核,待复核
REL_EQ_000202,org_eq_015,EQ_DOC_002,org_eq_015,EQ_DOC_002,org_eq_015,EQ_DOC_002,Taiwan CWA,全球典型地震事件参数,Taiwan CWA,全球典型地震事件参数,Organization,Document,DERIVES_FROM,DERIVES_FROM（来源于）,0.75,EQ_DOC_002,CHK_EQ_000005,全球典型地震事件参数,地震灾害数据收集与整理.docx,"...3] | 东西向走滑型断裂，震中位于首都太子港西南约 [23] | | 2024年中国台湾花莲地震 （台湾气象署第019号） [24] | Taiwan CWA [24] | 2024-04-03 07:58:09 当地时间 [24] | (2025年2月修正) [24] | [24] | , [24] | 菲律宾海板块与欧亚板块碰撞边界浅源逆断层破裂，伴随强烈盆地放大效应 [24] | | | CENC [24] | 2024-",规则抽取,待复核,待复核
REL_EQ_000203,metric_eq_001,EQ_DOC_003,metric_eq_001,EQ_DOC_003,metric_eq_001,EQ_DOC_003,PGA,ShakeMap与PAGER影响评估,PGA,ShakeMap与PAGER影响评估,Metric,Document,DERIVES_FROM,DERIVES_FROM（来源于）,0.75,EQ_DOC_003,CHK_EQ_000007,ShakeMap与PAGER影响评估,地震灾害数据收集与整理.docx,"## 三、 地震动、烈度图与PAGER快速影响评估数据链 地震动参数（如地面峰值加速度 PGA、地面峰值速度 PGV）是评估地面震动剧烈程度和预测建筑物结构物理破坏力的核心指标 [4, 26]。美国地质调查局的 ShakeMap 系统和 PAGER（Prompt Assessment of Global Earthquakes for Response）系统，是当前全球最为先进的震后快...",规则抽取,待复核,待复核
REL_EQ_000204,metric_eq_002,EQ_DOC_003,metric_eq_002,EQ_DOC_003,metric_eq_002,EQ_DOC_003,PGV,ShakeMap与PAGER影响评估,PGV,ShakeMap与PAGER影响评估,Metric,Document,DERIVES_FROM,DERIVES_FROM（来源于）,0.75,EQ_DOC_003,CHK_EQ_000007,ShakeMap与PAGER影响评估,地震灾害数据收集与整理.docx,"## 三、 地震动、烈度图与PAGER快速影响评估数据链 地震动参数（如地面峰值加速度 PGA、地面峰值速度 PGV）是评估地面震动剧烈程度和预测建筑物结构物理破坏力的核心指标 [4, 26]。美国地质调查局的 ShakeMap 系统和 PAGER（Prompt Assessment of Global Earthquakes for Response）系统，是当前全球最为先进的震后快速半结构化影响评估工具...",规则抽取,待复核,待复核
REL_EQ_000205,metric_eq_003,EQ_DOC_003,metric_eq_003,EQ_DOC_003,metric_eq_003,EQ_DOC_003,MMI,ShakeMap与PAGER影响评估,MMI,ShakeMap与PAGER影响评估,Metric,Document,DERIVES_FROM,DERIVES_FROM（来源于）,0.75,EQ_DOC_003,CHK_EQ_000007,ShakeMap与PAGER影响评估,地震灾害数据收集与整理.docx,...台站实测波形 (Strong Motion Seismometers) ──► 绘制 ShakeMap 地震动图 (PGA / PGV / MMI) │ ▼ 合并暴露人口格网数据 (WorldPop Population Grid) ◄──────────┘ │ ▼ 叠加历史脆弱性矩阵 (Vulnerability Matrix) │ ▼ 生成 PAGER 快速评估结果 (死亡人数 / 经济损失估计值) │ ▼ 触发多色警报级别 ,规则抽取,待复核,待复核
REL_EQ_000206,metric_eq_004,EQ_DOC_008,metric_eq_004,EQ_DOC_008,metric_eq_004,EQ_DOC_008,AEL,工程损失评估系统,AEL,工程损失评估系统,Metric,Document,DERIVES_FROM,DERIVES_FROM（来源于）,0.75,EQ_DOC_008,CHK_EQ_000023,工程损失评估系统,地震灾害数据收集与整理.docx,"...stock（GBS）、核心生命线工程体系、应急救灾基础设施、次生产生泥石流滑坡等次生灾害模型 [66, 67] | 年均化地震预期直接损失（AEL），年均化预期损失率（AELR），计算涵盖建筑重置价值和直接间接经济中断成本 [81, 86] | 自有统一的 Inventory Technical Manual 规范格式，内嵌于专用 GIS 系统 [67, 85] | | OpenQuake-engine (GEM) [87, 88",规则抽取,待复核,待复核
REL_EQ_000207,metric_eq_005,EQ_DOC_008,metric_eq_005,EQ_DOC_008,metric_eq_005,EQ_DOC_008,AELR,工程损失评估系统,AELR,工程损失评估系统,Metric,Document,DERIVES_FROM,DERIVES_FROM（来源于）,0.75,EQ_DOC_008,CHK_EQ_000023,工程损失评估系统,地震灾害数据收集与整理.docx,"...命线工程体系、应急救灾基础设施、次生产生泥石流滑坡等次生灾害模型 [66, 67] | 年均化地震预期直接损失（AEL），年均化预期损失率（AELR），计算涵盖建筑重置价值和直接间接经济中断成本 [81, 86] | 自有统一的 Inventory Technical Manual 规范格式，内嵌于专用 GIS 系统 [67, 85] | | OpenQuake-engine (GEM) [87, 88] | 基于 Python ",规则抽取,待复核,待复核
REL_EQ_000208,metric_eq_006,EQ_DOC_008,metric_eq_006,EQ_DOC_008,metric_eq_006,EQ_DOC_008,MDF,工程损失评估系统,MDF,工程损失评估系统,Metric,Document,DERIVES_FROM,DERIVES_FROM（来源于）,0.75,EQ_DOC_008,CHK_EQ_000023,工程损失评估系统,地震灾害数据收集与整理.docx,...采用独特的非经典反应谱直接代数计算公式，取代传统的迭代能力点交叉法，消除数值循环逼近过程中的求解死循环 [82] | 直接求解平均损失率（MDF，即 repair cost 与 replacement cost 的比值）及反映损失不确定性的变异系数（COV） [82] | 仅需调用标准 Hazus 物理能力曲线参数作为背景参数库，输入外部结构不相关的地震动强度 数据点即可直接快速输出 MDF 矩阵 [82] |,规则抽取,待复核,待复核
REL_EQ_000209,metric_eq_007,EQ_DOC_008,metric_eq_007,EQ_DOC_008,metric_eq_007,EQ_DOC_008,COV,工程损失评估系统,COV,工程损失评估系统,Metric,Document,DERIVES_FROM,DERIVES_FROM（来源于）,0.75,EQ_DOC_008,CHK_EQ_000022,工程损失评估系统,地震灾害数据收集与整理.docx,...──────────────────────────┐ │ 快速输出大范围建筑组合 Expected│ │ 经济损失均值 E[L] 与方差 COV │ └──────────────────────────────┘ 这种逆向解析策略在处理百万级建筑组合时表现出极强的工程适应性 [82]。 表 7,规则抽取,待复核,待复核
REL_EQ_000210,metric_eq_008,EQ_DOC_006,metric_eq_008,EQ_DOC_006,metric_eq_008,EQ_DOC_006,Vs30,暴露体与生命线韧性,Vs30,暴露体与生命线韧性,Metric,Document,DERIVES_FROM,DERIVES_FROM（来源于）,0.75,EQ_DOC_006,CHK_EQ_000018,暴露体与生命线韧性,地震灾害数据收集与整理.docx,"因此，在防灾减灾AI图谱构建中，绝不能将地理空间要素视为孤立节点，必须将“地基岩土Vs30（等效剪切波速）”、“结构基础类型”及“网状拓扑联通性”作为生命线节点的必备属性进行关联度计算 [1, 65, 68]。",规则抽取,待复核,待复核
REL_EQ_000211,metric_eq_009,EQ_DOC_010,metric_eq_009,EQ_DOC_010,metric_eq_009,EQ_DOC_010,confidence,本体与复核机制,confidence,本体与复核机制,Metric,Document,DERIVES_FROM,DERIVES_FROM（来源于）,0.75,EQ_DOC_010,CHK_EQ_000031,本体与复核机制,地震灾害数据收集与整理.docx,...含：复核主键（review_item_id）、复核结论（保留/修改/删除/待确认）、复核专家唯一签名属性等 [1] | 对关系边和实体属性的置信度低于 0.70 的低置信度清单，强制要求执行专家一票否决权制度 [1] | 每一个领域本体实体及其关联关系，必须有至少两位防灾、地震地学和IT领域的高级职称学者双盲核验记录 [1] |,规则抽取,待复核,待复核
REL_EQ_000212,metric_eq_010,EQ_DOC_002,metric_eq_010,EQ_DOC_002,metric_eq_010,EQ_DOC_002,震级,全球典型地震事件参数,震级,全球典型地震事件参数,Metric,Document,DERIVES_FROM,DERIVES_FROM（来源于）,0.75,EQ_DOC_002,CHK_EQ_000004,全球典型地震事件参数,地震灾害数据收集与整理.docx,"...]。由于不同地震观测网络（如美国地质调查局 USGS、中国地震台网中心 CENC、日本气象厅 JMA）在台网分布、仪器校准、计算方法（如面波震级 与矩震级 的差异）等方面的技术路径不同，同一地震事件的测定参数往往存在系统性偏差 [2, 3]。 通过对比 USGS 与中国地震台网中心（CENC）对全球典型地震事件的正式测定结果，可以清晰地看出这些物理参数的技术异同点。这些偏差和参数的对比，为AI模型在跨区域部署时进行鲁棒性泛化提供了",规则抽取,待复核,待复核
REL_EQ_000213,metric_eq_010,EQ_DOC_007,metric_eq_010,EQ_DOC_007,metric_eq_010,EQ_DOC_007,震级,分布式AI地震预警,震级,分布式AI地震预警,Metric,Document,DERIVES_FROM,DERIVES_FROM（来源于）,0.75,EQ_DOC_007,CHK_EQ_000019,分布式AI地震预警,地震灾害数据收集与整理.docx,"...法的应用极大地打破了这一局限。例如，卡耐基梅隆大学与美国国防创新局联合试验的 SENSE 系统，通过融合深度学习框架，实现了区域或国家级地震震级的端到端快速预测 [73, 74]。 同时，智能手机众包监测网络的关键技术——利用智能手机内置低成本三轴 MEMS 加速度计进行地震动高精度识别，也得到了极大的发展 [75, 76, 77]。 [ 众包移动手机端 ] (STA/LTA 连续监控 + 本地紧凑型网络过滤非震日常噪声) │ ▼",规则抽取,待复核,待复核
REL_EQ_000214,metric_eq_010,EQ_DOC_009,metric_eq_010,EQ_DOC_009,metric_eq_010,EQ_DOC_009,震级,应急治理政策标准,震级,应急治理政策标准,Metric,Document,DERIVES_FROM,DERIVES_FROM（来源于）,0.75,EQ_DOC_009,CHK_EQ_000025,应急治理政策标准,地震灾害数据收集与整理.docx,"...--+ | | ▼ ▼ [ 甘肃省地震灾害应急响应 ] [ 新疆克州/宣城市等市县预案 ] - 设置一、二、三、四级梯度响应 - 创新制定“震级+距离”双维度初判启动 - 设立跨部门4大核心应急专业组 - 对不达响应标准显著地震延伸触角 - 24小时现场扁平化通信扁平化指挥 - 自下而上建立灾情日报告、零报告制度 `[47, 48, 93]` `[93, 95, 96]` 这些治理模型与标准的关键特征在表 9 中进行了整理： 表 ",规则抽取,待复核,待复核
REL_EQ_000215,metric_eq_011,EQ_DOC_002,metric_eq_011,EQ_DOC_002,metric_eq_011,EQ_DOC_002,震源深度,全球典型地震事件参数,震源深度,全球典型地震事件参数,Metric,Document,DERIVES_FROM,DERIVES_FROM（来源于）,0.75,EQ_DOC_002,CHK_EQ_000005,全球典型地震事件参数,地震灾害数据收集与整理.docx,"| 地震事件名称与标定编号 | 测定网络机构 | 发震时刻 (UTC/北京时间) | 测定震级 (Magnitude) | 震源深度 (km) | 震中经纬度坐标 | 震源物理机制与破裂断层特性 | | --- | --- | --- | --- | --- | --- | --- | | 2024年日本能登半岛地震 us6000m0xl [4, 5] | USGS [4] | 2024-01-01 07:10:09 U...",规则抽取,待复核,待复核
REL_EQ_000216,metric_eq_011,EQ_DOC_007,metric_eq_011,EQ_DOC_007,metric_eq_011,EQ_DOC_007,震源深度,分布式AI地震预警,震源深度,分布式AI地震预警,Metric,Document,DERIVES_FROM,DERIVES_FROM（来源于）,0.75,EQ_DOC_007,CHK_EQ_000020,分布式AI地震预警,地震灾害数据收集与整理.docx,...度和波形波速数据流 [79] | | E3WS 预警模型 [80] | 基于全连接、CNN、RNN与多分类随机森林（RF）融合深度预测，专攻震源深度、走向及标量级震级参数的动态收敛回归 [80] | 判别地震与 impulsive 噪声的成功率达 ，虚警率（False Positive）保持为 [80] | 平均每秒自动向服务器动态推送和迭代求解一次物理参数估计值，极大缩短决策延时 [80] | 采用极其简单的单台站 3 方向单点,规则抽取,待复核,待复核
REL_EQ_000217,product_eq_001,EQ_DOC_003,product_eq_001,EQ_DOC_003,product_eq_001,EQ_DOC_003,PAGER XML,ShakeMap与PAGER影响评估,PAGER XML,ShakeMap与PAGER影响评估,ImpactProduct,Document,DERIVES_FROM,DERIVES_FROM（来源于）,0.75,EQ_DOC_003,CHK_EQ_000008,ShakeMap与PAGER影响评估,地震灾害数据收集与整理.docx,"...id, PGA Map (JPG/PDF), Fault Rupture JSON [36] | Intensity Map (PDF), PAGER XML results, Fatality Alert Histogram (PDF/PNG) [29] | PGA contours, Landslide Inventory Data Release, XML Grid [37, 38] |",规则抽取,待复核,待复核
REL_EQ_000218,product_eq_002,EQ_DOC_003,product_eq_002,EQ_DOC_003,product_eq_002,EQ_DOC_003,PAGER 快速评估结果,ShakeMap与PAGER影响评估,PAGER 快速评估结果,ShakeMap与PAGER影响评估,ImpactProduct,Document,DERIVES_FROM,DERIVES_FROM（来源于）,0.75,EQ_DOC_003,CHK_EQ_000007,ShakeMap与PAGER影响评估,地震灾害数据收集与整理.docx,...lation Grid) ◄──────────┘ │ ▼ 叠加历史脆弱性矩阵 (Vulnerability Matrix) │ ▼ 生成 PAGER 快速评估结果 (死亡人数 / 经济损失估计值) │ ▼ 触发多色警报级别 ──► 输出标准 XML / XML-PAGER 数据包 表 3,规则抽取,待复核,待复核
REL_EQ_000219,product_eq_003,EQ_DOC_003,product_eq_003,EQ_DOC_003,product_eq_003,EQ_DOC_003,Intensity Contours,ShakeMap与PAGER影响评估,Intensity Contours,ShakeMap与PAGER影响评估,ImpactProduct,Document,DERIVES_FROM,DERIVES_FROM（来源于）,0.75,EQ_DOC_003,CHK_EQ_000008,ShakeMap与PAGER影响评估,地震灾害数据收集与整理.docx,"...死亡） [33, 34] | 红色警报（实际造成 人确认遇难，超过 人受伤） [20] | | 对应 ShakeMap 可下载物理产品 | Intensity Contours (JSON), XML Grid, Uncertainty Grid, PGA Contours, Shape Files (ZIP) [4, 36] | Intensity Contours (JSON), XML Grid, PGA Map (JPG/",规则抽取,待复核,待复核
REL_EQ_000220,product_eq_004,EQ_DOC_003,product_eq_004,EQ_DOC_003,product_eq_004,EQ_DOC_003,XML Grid,ShakeMap与PAGER影响评估,XML Grid,ShakeMap与PAGER影响评估,ImpactProduct,Document,DERIVES_FROM,DERIVES_FROM（来源于）,0.75,EQ_DOC_003,CHK_EQ_000008,ShakeMap与PAGER影响评估,地震灾害数据收集与整理.docx,"...认遇难，超过 人受伤） [20] | | 对应 ShakeMap 可下载物理产品 | Intensity Contours (JSON), XML Grid, Uncertainty Grid, PGA Contours, Shape Files (ZIP) [4, 36] | Intensity Contours (JSON), XML Grid, PGA Map (JPG/PDF), Fault Rupture JSON [3",规则抽取,待复核,待复核
REL_EQ_000221,product_eq_005,EQ_DOC_003,product_eq_005,EQ_DOC_003,product_eq_005,EQ_DOC_003,Fault Rupture JSON,ShakeMap与PAGER影响评估,Fault Rupture JSON,ShakeMap与PAGER影响评估,ImpactProduct,Document,DERIVES_FROM,DERIVES_FROM（来源于）,0.75,EQ_DOC_003,CHK_EQ_000008,ShakeMap与PAGER影响评估,地震灾害数据收集与整理.docx,"...IP) [4, 36] | Intensity Contours (JSON), XML Grid, PGA Map (JPG/PDF), Fault Rupture JSON [36] | Intensity Map (PDF), PAGER XML results, Fatality Alert Histogram (PDF/PNG) [29] | PGA contours, Landslide Inventory Data ",规则抽取,待复核,待复核
REL_EQ_000222,tech_eq_001,evidence_eq_001,tech_eq_001,evidence_eq_001,tech_eq_001,evidence_eq_001,地震早期预警,证据片段001,地震早期预警,证据片段001,AITech,Evidence,SUPPORTED_BY,SUPPORTED_BY（证据支持）,0.6,EQ_DOC_007,CHK_EQ_000019,分布式AI地震预警,地震灾害数据收集与整理.docx,"## 七、 分布式AI地震预警系统、边缘计算与众包传感器网络 传统的地震早期预警系统（EEW）虽然在减轻次生灾害方面发挥了巨大作用，但在处理超大规模传感器数据流（如来自数以万计众包手机或极高密度的窄带无线传感网络 WSN）时，仍然面临系统算力和Telemetry延迟的瓶颈 [69, 70, 71]。在极短响应时窗下，为了避免中央服务器出现灾难性的网络拥堵或单点物理瘫...",规则抽取,待复核,待复核
REL_EQ_000223,tech_eq_001,evidence_eq_002,tech_eq_001,evidence_eq_002,tech_eq_001,evidence_eq_002,地震早期预警,证据片段002,地震早期预警,证据片段002,AITech,Evidence,SUPPORTED_BY,SUPPORTED_BY（证据支持）,0.6,EQ_DOC_007,CHK_EQ_000019,分布式AI地震预警,地震灾害数据收集与整理.docx,"## 七、 分布式AI地震预警系统、边缘计算与众包传感器网络 传统的地震早期预警系统（EEW）虽然在减轻次生灾害方面发挥了巨大作用，但在处理超大规模传感器数据流（如来自数以万计众包手机或极高密度的窄带无线传感网络 WSN）时，仍然面临系统算力和Telemetry延迟的瓶颈 [69, 70, 71]。在极短响应时窗下，为了避免中央服务器出现灾难性的网络拥堵或单点物理瘫...",规则抽取,待复核,待复核
REL_EQ_000224,tech_eq_001,evidence_eq_003,tech_eq_001,evidence_eq_003,tech_eq_001,evidence_eq_003,地震早期预警,证据片段003,地震早期预警,证据片段003,AITech,Evidence,SUPPORTED_BY,SUPPORTED_BY（证据支持）,0.6,EQ_DOC_007,CHK_EQ_000019,分布式AI地震预警,地震灾害数据收集与整理.docx,"## 七、 分布式AI地震预警系统、边缘计算与众包传感器网络 传统的地震早期预警系统（EEW）虽然在减轻次生灾害方面发挥了巨大作用，但在处理超大规模传感器数据流（如来自数以万计众包手机或极高密度的窄带无线传感网络 WSN）时，仍然面临系统算力和Telemetry延迟的瓶颈 [69, 70, 71]。在极短响应时窗下，为了避免中央服务器出现灾难性的网络拥堵或单点物理瘫...",规则抽取,待复核,待复核
REL_EQ_000225,tech_eq_011,evidence_eq_004,tech_eq_011,evidence_eq_004,tech_eq_011,evidence_eq_004,分布式AI地震预警,证据片段004,分布式AI地震预警,证据片段004,AITech,Evidence,SUPPORTED_BY,SUPPORTED_BY（证据支持）,0.6,EQ_DOC_007,CHK_EQ_000019,分布式AI地震预警,地震灾害数据收集与整理.docx,"## 七、 分布式AI地震预警系统、边缘计算与众包传感器网络 传统的地震早期预警系统（EEW）虽然在减轻次生灾害方面发挥了巨大作用，但在处理超大规模传感器数据流（如来自数以万计众包手机或极高密度的窄带无线传感网络 WSN）时，仍然面临系统算力和Telemetry延迟的瓶颈 [69, 70, 71]。在极短响应时...",规则抽取,待复核,待复核
REL_EQ_000226,tech_eq_011,evidence_eq_005,tech_eq_011,evidence_eq_005,tech_eq_011,evidence_eq_005,分布式AI地震预警,证据片段005,分布式AI地震预警,证据片段005,AITech,Evidence,SUPPORTED_BY,SUPPORTED_BY（证据支持）,0.6,EQ_DOC_007,CHK_EQ_000019,分布式AI地震预警,地震灾害数据收集与整理.docx,"## 七、 分布式AI地震预警系统、边缘计算与众包传感器网络 传统的地震早期预警系统（EEW）虽然在减轻次生灾害方面发挥了巨大作用，但在处理超大规模传感器数据流（如来自数以万计众包手机或极高密度的窄带无线传感网络 WSN）时，仍然面临系统算力和Telemetry延迟的瓶颈 [69, 70, 71]。在极短响应时...",规则抽取,待复核,待复核
REL_EQ_000227,tech_eq_011,evidence_eq_006,tech_eq_011,evidence_eq_006,tech_eq_011,evidence_eq_006,分布式AI地震预警,证据片段006,分布式AI地震预警,证据片段006,AITech,Evidence,SUPPORTED_BY,SUPPORTED_BY（证据支持）,0.6,EQ_DOC_007,CHK_EQ_000019,分布式AI地震预警,地震灾害数据收集与整理.docx,"## 七、 分布式AI地震预警系统、边缘计算与众包传感器网络 传统的地震早期预警系统（EEW）虽然在减轻次生灾害方面发挥了巨大作用，但在处理超大规模传感器数据流（如来自数以万计众包手机或极高密度的窄带无线传感网络 WSN）时，仍然面临系统算力和Telemetry延迟的瓶颈 [69, 70, 71]。在极短响应时...",规则抽取,待复核,待复核
REL_EQ_000228,tech_eq_011,evidence_eq_007,tech_eq_011,evidence_eq_007,tech_eq_011,evidence_eq_007,分布式AI地震预警,证据片段007,分布式AI地震预警,证据片段007,AITech,Evidence,SUPPORTED_BY,SUPPORTED_BY（证据支持）,0.75,EQ_DOC_007,CHK_EQ_000020,分布式AI地震预警,地震灾害数据收集与整理.docx,...化的超轻量级卷机神经网络（CNN），仅含 物理模型权重参数；专攻 2 秒短时波形的高速 P-Wave 起始Picking [72] | 与 PhaseNet、EQTransformer 在高信噪比表现上相当；对微地震波定位精度保持在极高水准 [72] | 在低成本嵌入式 Raspberry Pi 等硬件上，单次波形前向计算耗时低于 [72] | 部署于低功耗 MEMS 边缘传感器（如 Raspberry Shake 社区网络边缘节,规则抽取,待复核,待复核
REL_EQ_000229,tech_eq_011,evidence_eq_008,tech_eq_011,evidence_eq_008,tech_eq_011,evidence_eq_008,分布式AI地震预警,证据片段008,分布式AI地震预警,证据片段008,AITech,Evidence,SUPPORTED_BY,SUPPORTED_BY（证据支持）,0.75,EQ_DOC_007,CHK_EQ_000020,分布式AI地震预警,地震灾害数据收集与整理.docx,...经网络（CNN），仅含 物理模型权重参数；专攻 2 秒短时波形的高速 P-Wave 起始Picking [72] | 与 PhaseNet、EQTransformer 在高信噪比表现上相当；对微地震波定位精度保持在极高水准 [72] | 在低成本嵌入式 Raspberry Pi 等硬件上，单次波形前向计算耗时低于 [72] | 部署于低功耗 MEMS 边缘传感器（如 Raspberry Shake 社区网络边缘节点）；完美支持纯分,规则抽取,待复核,待复核
REL_EQ_000230,tech_eq_011,evidence_eq_009,tech_eq_011,evidence_eq_009,tech_eq_011,evidence_eq_009,分布式AI地震预警,证据片段009,分布式AI地震预警,证据片段009,AITech,Evidence,SUPPORTED_BY,SUPPORTED_BY（证据支持）,0.75,EQ_DOC_007,CHK_EQ_000020,分布式AI地震预警,地震灾害数据收集与整理.docx,...流及计算Latency响应表现 | 传感器源依赖与边缘部署环境特征 | | --- | --- | --- | --- | --- | | QuakeWake 系统 [75] | 双阶段架构：本地端微型神经网络实时监控，云端采用深度神经网络模块进行全局烈度及波路径传播动态演化分析 [75] | 地震动识别及方向传播预测准确度高达 [75] | 本地微内核秒级即时响应；终端不消耗电池；附加的 Raspberry Pi adjunct,规则抽取,待复核,待复核
REL_EQ_000231,tech_eq_011,evidence_eq_010,tech_eq_011,evidence_eq_010,tech_eq_011,evidence_eq_010,分布式AI地震预警,证据片段010,分布式AI地震预警,证据片段010,AITech,Evidence,SUPPORTED_BY,SUPPORTED_BY（证据支持）,0.9,EQ_DOC_007,CHK_EQ_000020,分布式AI地震预警,地震灾害数据收集与整理.docx,...] | 部署于低功耗 MEMS 边缘传感器（如 Raspberry Shake 社区网络边缘节点）；完美支持纯分布式计算 [72] | | AI-Powered EEWS (印度) [79] | 端到端混合深度神经网络，包含深度一维 CNN、循环神经网络（RNN）及多层感知机（MLP）特征层 [79] | 在庞大验证数据集上达到 的综合分类精确度 [79] | 实测毫秒级超低前向推理时间，为在破坏性破坏剪切 S-Wave 到达前赢,规则抽取,待复核,待复核
REL_EQ_000232,tech_eq_011,evidence_eq_011,tech_eq_011,evidence_eq_011,tech_eq_011,evidence_eq_011,分布式AI地震预警,证据片段011,分布式AI地震预警,证据片段011,AITech,Evidence,SUPPORTED_BY,SUPPORTED_BY（证据支持）,0.75,EQ_DOC_007,CHK_EQ_000019,分布式AI地震预警,地震灾害数据收集与整理.docx,"## 七、 分布式AI地震预警系统、边缘计算与众包传感器网络 传统的地震早期预警系统（EEW）虽然在减轻次生灾害方面发挥了巨大作用，但在处理超大规模传感器数据流（如来自数以万计众包手机或极高密度的窄带无线传感网络 WSN）时，仍然面临系统算力和Telemetry延迟的瓶颈 [69, 70, 71]。在极短响应时窗下，为了避免中央服务器出现灾难性的网络拥堵或单点物理瘫痪，防灾AI架构必须采取“云-边-端”协同决策模式 [71, 72]。 ",规则抽取,待复核,待复核
REL_EQ_000233,tech_eq_011,evidence_eq_012,tech_eq_011,evidence_eq_012,tech_eq_011,evidence_eq_012,分布式AI地震预警,证据片段012,分布式AI地震预警,证据片段012,AITech,Evidence,SUPPORTED_BY,SUPPORTED_BY（证据支持）,0.75,EQ_DOC_007,CHK_EQ_000019,分布式AI地震预警,地震灾害数据收集与整理.docx,"## 七、 分布式AI地震预警系统、边缘计算与众包传感器网络 传统的地震早期预警系统（EEW）虽然在减轻次生灾害方面发挥了巨大作用，但在处理超大规模传感器数据流（如来自数以万计众包手机或极高密度的窄带无线传感网络 WSN）时，仍然面临系统算力和Telemetry延迟的瓶颈 [69, 70, 71]。在极短响应时窗下，为了避免中央服务器出现灾难性的网络拥堵或单点物理瘫痪，防灾AI架构必须采取“云-边-端”协同决策模式 [71, 72]。 ",规则抽取,待复核,待复核
REL_EQ_000234,tech_eq_011,evidence_eq_013,tech_eq_011,evidence_eq_013,tech_eq_011,evidence_eq_013,分布式AI地震预警,证据片段013,分布式AI地震预警,证据片段013,AITech,Evidence,SUPPORTED_BY,SUPPORTED_BY（证据支持）,0.6,EQ_DOC_007,CHK_EQ_000019,分布式AI地震预警,地震灾害数据收集与整理.docx,"## 七、 分布式AI地震预警系统、边缘计算与众包传感器网络 传统的地震早期预警系统（EEW）虽然在减轻次生灾害方面发挥了巨大作用，但在处理超大规模传感器数据流（如来自数以万计众包手机或极高密度的窄带无线传感网络 WSN）时，仍然面临系统算力和Telemetry延迟的瓶颈 [69, 70, 71]。在极短响应时...",规则抽取,待复核,待复核
REL_EQ_000235,tech_eq_011,evidence_eq_014,tech_eq_011,evidence_eq_014,tech_eq_011,evidence_eq_014,分布式AI地震预警,证据片段014,分布式AI地震预警,证据片段014,AITech,Evidence,SUPPORTED_BY,SUPPORTED_BY（证据支持）,0.6,EQ_DOC_007,CHK_EQ_000019,分布式AI地震预警,地震灾害数据收集与整理.docx,"## 七、 分布式AI地震预警系统、边缘计算与众包传感器网络 传统的地震早期预警系统（EEW）虽然在减轻次生灾害方面发挥了巨大作用，但在处理超大规模传感器数据流（如来自数以万计众包手机或极高密度的窄带无线传感网络 WSN）时，仍然面临系统算力和Telemetry延迟的瓶颈 [69, 70, 71]。在极短响应时...",规则抽取,待复核,待复核
REL_EQ_000236,tech_eq_011,evidence_eq_015,tech_eq_011,evidence_eq_015,tech_eq_011,evidence_eq_015,分布式AI地震预警,证据片段015,分布式AI地震预警,证据片段015,AITech,Evidence,SUPPORTED_BY,SUPPORTED_BY（证据支持）,0.6,EQ_DOC_007,CHK_EQ_000019,分布式AI地震预警,地震灾害数据收集与整理.docx,"## 七、 分布式AI地震预警系统、边缘计算与众包传感器网络 传统的地震早期预警系统（EEW）虽然在减轻次生灾害方面发挥了巨大作用，但在处理超大规模传感器数据流（如来自数以万计众包手机或极高密度的窄带无线传感网络 WSN）时，仍然面临系统算力和Telemetry延迟的瓶颈 [69, 70, 71]。在极短响应时...",规则抽取,待复核,待复核
REL_EQ_000237,tech_eq_004,evidence_eq_016,tech_eq_004,evidence_eq_016,tech_eq_004,evidence_eq_016,地震风险时空预测,证据片段016,地震风险时空预测,证据片段016,AITech,Evidence,SUPPORTED_BY,SUPPORTED_BY（证据支持）,0.9,EQ_DOC_008,CHK_EQ_000024,工程损失评估系统,地震灾害数据收集与整理.docx,"这些先进的计算工具表明，现代地震风险评估已呈现出显著的高精度（Site-specific）发展趋势 [25, 67]。过去，Hazus 常常使用区域性的普查区数据（Census Tract）来近似模拟平均建筑属性 [26, 67]。但现代 AI 防灾系统可以基于超高清街景、LiDAR 激光雷达扫描及建筑物三维模型，为每一栋建筑...",规则抽取,待复核,待复核
REL_EQ_000238,tech_eq_004,evidence_eq_017,tech_eq_004,evidence_eq_017,tech_eq_004,evidence_eq_017,地震风险时空预测,证据片段017,地震风险时空预测,证据片段017,AITech,Evidence,SUPPORTED_BY,SUPPORTED_BY（证据支持）,0.6,EQ_DOC_002,CHK_EQ_000004,全球典型地震事件参数,地震灾害数据收集与整理.docx,"...决定了后续地震动模拟、破坏力评估及次生灾害链预测模型的输出质量 [1]。由于不同地震观测网络（如美国地质调查局 USGS、中国地震台网中心 CENC、日本气象厅 JMA）在台网分布、仪器校准、计算方法（如面波震级 与矩震级 的差异）等方面的技术路径不同，同一地震事件的测定参数往往存在系统性偏差 [2, 3]。 通过对比 USGS 与中国地震台网中心（CENC）对全球典型地震事件的正式测定结果，可以清晰地看出这些物理参数的技术异同点",规则抽取,待复核,待复核
REL_EQ_000239,data_eq_004,evidence_eq_018,data_eq_004,evidence_eq_018,data_eq_004,evidence_eq_018,ShakeMap,证据片段018,ShakeMap,证据片段018,Dataset,Evidence,SUPPORTED_BY,SUPPORTED_BY（证据支持）,0.9,EQ_DOC_003,CHK_EQ_000007,ShakeMap与PAGER影响评估,地震灾害数据收集与整理.docx,"...地面峰值加速度 PGA、地面峰值速度 PGV）是评估地面震动剧烈程度和预测建筑物结构物理破坏力的核心指标 [4, 26]。美国地质调查局的 ShakeMap 系统和 PAGER（Prompt Assessment of Global Earthquakes for Response）系统，是当前全球最为先进的震后快速半结构化影响评估工具，广泛服务于灾害防御及应急资源调度决策 [26, 27, 28]。 PAGER 系统在发震后数分",规则抽取,待复核,待复核
REL_EQ_000240,data_eq_004,evidence_eq_019,data_eq_004,evidence_eq_019,data_eq_004,evidence_eq_019,ShakeMap,证据片段019,ShakeMap,证据片段019,Dataset,Evidence,SUPPORTED_BY,SUPPORTED_BY（证据支持）,0.6,EQ_DOC_003,CHK_EQ_000007,ShakeMap与PAGER影响评估,地震灾害数据收集与整理.docx,"...地面峰值加速度 PGA、地面峰值速度 PGV）是评估地面震动剧烈程度和预测建筑物结构物理破坏力的核心指标 [4, 26]。美国地质调查局的 ShakeMap 系统和 PAGER（Prompt Assessment of Global Earthquakes for Response）系统，是当前全球最为先进的震后快速半结构化影响评估工具，广泛服务于灾害防御及应急资源调度决策 [26, 27, 28]。 PAGER 系统在发震后数分",规则抽取,待复核,待复核
REL_EQ_000241,data_eq_004,evidence_eq_020,data_eq_004,evidence_eq_020,data_eq_004,evidence_eq_020,ShakeMap,证据片段020,ShakeMap,证据片段020,Dataset,Evidence,SUPPORTED_BY,SUPPORTED_BY（证据支持）,0.9,EQ_DOC_003,CHK_EQ_000007,ShakeMap与PAGER影响评估,地震灾害数据收集与整理.docx,"## 三、 地震动、烈度图与PAGER快速影响评估数据链 地震动参数（如地面峰值加速度 PGA、地面峰值速度 PGV）是评估地面震动剧烈程度和预测建筑物结构物理破坏力的核心指标 [4, 26]。美国地质调查局的 ShakeMap 系统和 PAGER（Prompt Assessment of Global Earthquakes for Response）系统，是当前全球最为先进的震后快速半结构化影响评估工具，广泛服务于灾害防御及应急资源",规则抽取,待复核,待复核
REL_EQ_000242,data_eq_004,evidence_eq_021,data_eq_004,evidence_eq_021,data_eq_004,evidence_eq_021,ShakeMap,证据片段021,ShakeMap,证据片段021,Dataset,Evidence,SUPPORTED_BY,SUPPORTED_BY（证据支持）,0.9,EQ_DOC_003,CHK_EQ_000007,ShakeMap与PAGER影响评估,地震灾害数据收集与整理.docx,"## 三、 地震动、烈度图与PAGER快速影响评估数据链 地震动参数（如地面峰值加速度 PGA、地面峰值速度 PGV）是评估地面震动剧烈程度和预测建筑物结构物理破坏力的核心指标 [4, 26]。美国地质调查局的 ShakeMap 系统和 PAGER（Prompt Assessment of Global Earthquakes for Response）系统，是当前全球最为先进的震后快速半结构化影响评估工具，广泛服务于灾害防御及应急资源",规则抽取,待复核,待复核
REL_EQ_000243,data_eq_004,evidence_eq_022,data_eq_004,evidence_eq_022,data_eq_004,evidence_eq_022,ShakeMap,证据片段022,ShakeMap,证据片段022,Dataset,Evidence,SUPPORTED_BY,SUPPORTED_BY（证据支持）,0.9,EQ_DOC_003,CHK_EQ_000007,ShakeMap与PAGER影响评估,地震灾害数据收集与整理.docx,"...地面峰值加速度 PGA、地面峰值速度 PGV）是评估地面震动剧烈程度和预测建筑物结构物理破坏力的核心指标 [4, 26]。美国地质调查局的 ShakeMap 系统和 PAGER（Prompt Assessment of Global Earthquakes for Response）系统，是当前全球最为先进的震后快速半结构化影响评估工具，广泛服务于灾害防御及应急资源调度决策 [26, 27, 28]。 PAGER 系统在发震后数分",规则抽取,待复核,待复核
REL_EQ_000244,data_eq_004,evidence_eq_023,data_eq_004,evidence_eq_023,data_eq_004,evidence_eq_023,ShakeMap,证据片段023,ShakeMap,证据片段023,Dataset,Evidence,SUPPORTED_BY,SUPPORTED_BY（证据支持）,0.9,EQ_DOC_003,CHK_EQ_000008,ShakeMap与PAGER影响评估,地震灾害数据收集与整理.docx,"..., 33, 34] | 2021年海地大震数据值 [20, 21] | | --- | --- | --- | --- | --- | | ShakeMap 最大实测PGA | () [2] | 超出 范围 [10, 35] | - （由于 Kathmandu 盆地厚软沉积层放大，长周期波突出） [16] | [20] | | 最大修正麦加利烈度 (MMI) | MMI IX - XI (极度暴烈震动) [2, 5] | MMI ",规则抽取,待复核,待复核
REL_EQ_000245,data_eq_004,evidence_eq_024,data_eq_004,evidence_eq_024,data_eq_004,evidence_eq_024,ShakeMap,证据片段024,ShakeMap,证据片段024,Dataset,Evidence,SUPPORTED_BY,SUPPORTED_BY（证据支持）,0.9,EQ_DOC_003,CHK_EQ_000008,ShakeMap与PAGER影响评估,地震灾害数据收集与整理.docx,"..., 33, 34] | 2021年海地大震数据值 [20, 21] | | --- | --- | --- | --- | --- | | ShakeMap 最大实测PGA | () [2] | 超出 范围 [10, 35] | - （由于 Kathmandu 盆地厚软沉积层放大，长周期波突出） [16] | [20] | | 最大修正麦加利烈度 (MMI) | MMI IX - XI (极度暴烈震动) [2, 5] | MMI ",规则抽取,待复核,待复核
REL_EQ_000246,data_eq_004,evidence_eq_025,data_eq_004,evidence_eq_025,data_eq_004,evidence_eq_025,ShakeMap,证据片段025,ShakeMap,证据片段025,Dataset,Evidence,SUPPORTED_BY,SUPPORTED_BY（证据支持）,0.9,EQ_DOC_003,CHK_EQ_000008,ShakeMap与PAGER影响评估,地震灾害数据收集与整理.docx,"..., 33, 34] | 2021年海地大震数据值 [20, 21] | | --- | --- | --- | --- | --- | | ShakeMap 最大实测PGA | () [2] | 超出 范围 [10, 35] | - （由于 Kathmandu 盆地厚软沉积层放大，长周期波突出） [16] | [20] | | 最大修正麦加利烈度 (MMI) | MMI IX - XI (极度暴烈震动) [2, 5] | MMI ",规则抽取,待复核,待复核
REL_EQ_000247,data_eq_005,evidence_eq_026,data_eq_005,evidence_eq_026,data_eq_005,evidence_eq_026,PAGER,证据片段026,PAGER,证据片段026,Dataset,Evidence,SUPPORTED_BY,SUPPORTED_BY（证据支持）,0.9,EQ_DOC_003,CHK_EQ_000007,ShakeMap与PAGER影响评估,地震灾害数据收集与整理.docx,"## 三、 地震动、烈度图与PAGER快速影响评估数据链 地震动参数（如地面峰值加速度 PGA、地面峰值速度 PGV）是评估地面震动剧烈程度和预测建筑物结构物理破坏力的核心指标 [4, 26]。美国地质调查局的 ShakeMap 系统和 PAGER（Prompt Assessment of Global Earthquakes for Response）系统，是当前全球最为先进的震后快速半结构化影响评估工具，广泛服务于灾害防御及应急资源",规则抽取,待复核,待复核
REL_EQ_000248,data_eq_005,evidence_eq_027,data_eq_005,evidence_eq_027,data_eq_005,evidence_eq_027,PAGER,证据片段027,PAGER,证据片段027,Dataset,Evidence,SUPPORTED_BY,SUPPORTED_BY（证据支持）,0.9,EQ_DOC_003,CHK_EQ_000007,ShakeMap与PAGER影响评估,地震灾害数据收集与整理.docx,"## 三、 地震动、烈度图与PAGER快速影响评估数据链 地震动参数（如地面峰值加速度 PGA、地面峰值速度 PGV）是评估地面震动剧烈程度和预测建筑物结构物理破坏力的核心指标 [4, 26]。美国地质调查局的 ShakeMap 系统和 PAGER（Prompt Assessment of Global Earthquakes for Response）系统，是当前全球最为先进的震后快速半结构化影响评估工具，广泛服务于灾害防御及应急资源",规则抽取,待复核,待复核
REL_EQ_000249,data_eq_005,evidence_eq_028,data_eq_005,evidence_eq_028,data_eq_005,evidence_eq_028,PAGER,证据片段028,PAGER,证据片段028,Dataset,Evidence,SUPPORTED_BY,SUPPORTED_BY（证据支持）,0.6,EQ_DOC_003,CHK_EQ_000007,ShakeMap与PAGER影响评估,地震灾害数据收集与整理.docx,"## 三、 地震动、烈度图与PAGER快速影响评估数据链 地震动参数（如地面峰值加速度 PGA、地面峰值速度 PGV）是评估地面震动剧烈程度和预测建筑物结构物理破坏力的核心指标 [4, 26]。美国地质调查局的 ShakeMap 系统和 PAGER（Prompt Assessment of Global Earthquakes...",规则抽取,待复核,待复核
REL_EQ_000250,data_eq_005,evidence_eq_029,data_eq_005,evidence_eq_029,data_eq_005,evidence_eq_029,PAGER,证据片段029,PAGER,证据片段029,Dataset,Evidence,SUPPORTED_BY,SUPPORTED_BY（证据支持）,0.9,EQ_DOC_003,CHK_EQ_000007,ShakeMap与PAGER影响评估,地震灾害数据收集与整理.docx,"## 三、 地震动、烈度图与PAGER快速影响评估数据链 地震动参数（如地面峰值加速度 PGA、地面峰值速度 PGV）是评估地面震动剧烈程度和预测建筑物结构物理破坏力的核心指标 [4, 26]。美国地质调查局的 ShakeMap 系统和 PAGER（Prompt Assessment of Global Earthquakes for Response）系统，是当前全球最为先进的震后快速半结构化影响评估工具，广泛服务于灾害防御及应急资源",规则抽取,待复核,待复核
REL_EQ_000251,data_eq_005,evidence_eq_030,data_eq_005,evidence_eq_030,data_eq_005,evidence_eq_030,PAGER,证据片段030,PAGER,证据片段030,Dataset,Evidence,SUPPORTED_BY,SUPPORTED_BY（证据支持）,0.9,EQ_DOC_003,CHK_EQ_000008,ShakeMap与PAGER影响评估,地震灾害数据收集与整理.docx,"...MMI X (毁灭性强烈震动) [9] | MMI IX - X [3, 33] | MMI VIII (严重破坏烈度) [20] | | PAGER 经济损失警报级别 | 红色警报（经济损失极可能达到数亿美元，占日本国内生产总值的1%以下） [29] | 红色警报（经济损失数额极其巨大，破坏性极广） [9] | 红色警报（预估经济损失达到数十亿美元，约占尼泊尔国内生产总值的50%） [16] | 红色警报（预估损失巨大，占其GD",规则抽取,待复核,待复核
REL_EQ_000252,data_eq_005,evidence_eq_031,data_eq_005,evidence_eq_031,data_eq_005,evidence_eq_031,PAGER,证据片段031,PAGER,证据片段031,Dataset,Evidence,SUPPORTED_BY,SUPPORTED_BY（证据支持）,0.9,EQ_DOC_003,CHK_EQ_000007,ShakeMap与PAGER影响评估,地震灾害数据收集与整理.docx,"## 三、 地震动、烈度图与PAGER快速影响评估数据链 地震动参数（如地面峰值加速度 PGA、地面峰值速度 PGV）是评估地面震动剧烈程度和预测建筑物结构物理破坏力的核心指标 [4, 26]。美国地质调查局的 ShakeMap 系统和 PAGER（Prompt Assessment of Global Earthquakes for Response）系统，是当前全球最为先进的震后快速半结构化影响评估工具，广泛服务于灾害防御及应急资源",规则抽取,待复核,待复核
REL_EQ_000253,data_eq_004,evidence_eq_032,data_eq_004,evidence_eq_032,data_eq_004,evidence_eq_032,ShakeMap,证据片段032,ShakeMap,证据片段032,Dataset,Evidence,SUPPORTED_BY,SUPPORTED_BY（证据支持）,0.9,EQ_DOC_003,CHK_EQ_000008,ShakeMap与PAGER影响评估,地震灾害数据收集与整理.docx,"| 评估指标与评估报告产品类型 | 2024年能登半岛地震数据值 [2, 4, 5, 29] | 2023年土耳其双震（主震）数据值 [9, 10, 31, 32] | 2015年尼泊尔大震数据值 [16, 17, 33, 34] | 2021年海地大震数据值 [20, 21] | | --- | --- | --- | --- | --- | | ShakeMap 最大实测PGA | () [2] | 超出 范围 [10, 35] |",规则抽取,待复核,待复核
REL_EQ_000254,tech_eq_005,evidence_eq_033,tech_eq_005,evidence_eq_033,tech_eq_005,evidence_eq_033,震后灾情快速评估,证据片段033,震后灾情快速评估,证据片段033,AITech,Evidence,SUPPORTED_BY,SUPPORTED_BY（证据支持）,0.6,EQ_DOC_003,CHK_EQ_000007,ShakeMap与PAGER影响评估,地震灾害数据收集与整理.docx,"## 三、 地震动、烈度图与PAGER快速影响评估数据链 地震动参数（如地面峰值加速度 PGA、地面峰值速度 PGV）是评估地面震动剧烈程度和预测建筑物结构物理破坏力的核心指标 [4, 26]。美国地质调查局的 ShakeMap 系统和 PAGER（Prompt Assessment of Global Earthquakes for...",规则抽取,待复核,待复核
REL_EQ_000255,tech_eq_005,evidence_eq_034,tech_eq_005,evidence_eq_034,tech_eq_005,evidence_eq_034,震后灾情快速评估,证据片段034,震后灾情快速评估,证据片段034,AITech,Evidence,SUPPORTED_BY,SUPPORTED_BY（证据支持）,0.75,EQ_DOC_003,CHK_EQ_000007,ShakeMap与PAGER影响评估,地震灾害数据收集与整理.docx,"## 三、 地震动、烈度图与PAGER快速影响评估数据链 地震动参数（如地面峰值加速度 PGA、地面峰值速度 PGV）是评估地面震动剧烈程度和预测建筑物结构物理破坏力的核心指标 [4, 26]。美国地质调查局的 ShakeMap 系统和 PAGER（Prompt Assessment of Global Earthquakes for Response）系统，是当前全球最为先进的震后快速半结构化影响评估工具，广泛服务于灾害防御及应急资源",规则抽取,待复核,待复核
REL_EQ_000256,tech_eq_005,evidence_eq_035,tech_eq_005,evidence_eq_035,tech_eq_005,evidence_eq_035,震后灾情快速评估,证据片段035,震后灾情快速评估,证据片段035,AITech,Evidence,SUPPORTED_BY,SUPPORTED_BY（证据支持）,0.9,EQ_DOC_003,CHK_EQ_000007,ShakeMap与PAGER影响评估,地震灾害数据收集与整理.docx,"## 三、 地震动、烈度图与PAGER快速影响评估数据链 地震动参数（如地面峰值加速度 PGA、地面峰值速度 PGV）是评估地面震动剧烈程度和预测建筑物结构物理破坏力的核心指标 [4, 26]。美国地质调查局的 ShakeMap 系统和 PAGER（Prompt Assessment of Global Earthquakes for...",规则抽取,待复核,待复核
REL_EQ_000257,tech_eq_005,evidence_eq_036,tech_eq_005,evidence_eq_036,tech_eq_005,evidence_eq_036,震后灾情快速评估,证据片段036,震后灾情快速评估,证据片段036,AITech,Evidence,SUPPORTED_BY,SUPPORTED_BY（证据支持）,0.6,EQ_DOC_003,CHK_EQ_000007,ShakeMap与PAGER影响评估,地震灾害数据收集与整理.docx,"## 三、 地震动、烈度图与PAGER快速影响评估数据链 地震动参数（如地面峰值加速度 PGA、地面峰值速度 PGV）是评估地面震动剧烈程度和预测建筑物结构物理破坏力的核心指标 [4, 26]。美国地质调查局的 ShakeMap 系统和 PAGER（Prompt Assessment of Global Earthquakes for...",规则抽取,待复核,待复核
REL_EQ_000258,tech_eq_005,evidence_eq_037,tech_eq_005,evidence_eq_037,tech_eq_005,evidence_eq_037,震后灾情快速评估,证据片段037,震后灾情快速评估,证据片段037,AITech,Evidence,SUPPORTED_BY,SUPPORTED_BY（证据支持）,0.75,EQ_DOC_003,CHK_EQ_000007,ShakeMap与PAGER影响评估,地震灾害数据收集与整理.docx,"## 三、 地震动、烈度图与PAGER快速影响评估数据链 地震动参数（如地面峰值加速度 PGA、地面峰值速度 PGV）是评估地面震动剧烈程度和预测建筑物结构物理破坏力的核心指标 [4, 26]。美国地质调查局的 ShakeMap 系统和 PAGER（Prompt Assessment of Global Earthquakes for Response）系统，是当前全球最为先进的震后快速半结构化影响评估工具，广泛服务于灾害防御及应急资源",规则抽取,待复核,待复核
REL_EQ_000259,tech_eq_002,evidence_eq_038,tech_eq_002,evidence_eq_038,tech_eq_002,evidence_eq_038,震后建筑损毁识别,证据片段038,震后建筑损毁识别,证据片段038,AITech,Evidence,SUPPORTED_BY,SUPPORTED_BY（证据支持）,0.6,EQ_DOC_005,CHK_EQ_000013,遥感影像与建筑震损标签,地震灾害数据收集与整理.docx,"## 五、 遥感影像解译、建筑震损标签与多源几何特征提取 面对大面积地震灾害，现场地毯式排查在效率和安全性上均无法满足应急决策的急迫时效要求 [49]。通过联合天基高分辨率卫星与空基无人机（UAV）遥感手段进行智能解译，是目前实现大范围、快速建筑震损评估的核心路径 [50, 51]。 在遥感智能算法的研制与工程标定中，高质量...",规则抽取,待复核,待复核
REL_EQ_000260,tech_eq_002,evidence_eq_039,tech_eq_002,evidence_eq_039,tech_eq_002,evidence_eq_039,震后建筑损毁识别,证据片段039,震后建筑损毁识别,证据片段039,AITech,Evidence,SUPPORTED_BY,SUPPORTED_BY（证据支持）,0.6,EQ_DOC_005,CHK_EQ_000013,遥感影像与建筑震损标签,地震灾害数据收集与整理.docx,"## 五、 遥感影像解译、建筑震损标签与多源几何特征提取 面对大面积地震灾害，现场地毯式排查在效率和安全性上均无法满足应急决策的急迫时效要求 [49]。通过联合天基高分辨率卫星与空基无人机（UAV）遥感手段进行智能解译，是目前实现大范围、快速建筑震损评估的核心路径 [50, 51]。 在遥感智能算法的研制与工程标定中，高质量...",规则抽取,待复核,待复核
REL_EQ_000261,tech_eq_002,evidence_eq_040,tech_eq_002,evidence_eq_040,tech_eq_002,evidence_eq_040,震后建筑损毁识别,证据片段040,震后建筑损毁识别,证据片段040,AITech,Evidence,SUPPORTED_BY,SUPPORTED_BY（证据支持）,0.6,EQ_DOC_005,CHK_EQ_000013,遥感影像与建筑震损标签,地震灾害数据收集与整理.docx,"## 五、 遥感影像解译、建筑震损标签与多源几何特征提取 面对大面积地震灾害，现场地毯式排查在效率和安全性上均无法满足应急决策的急迫时效要求 [49]。通过联合天基高分辨率卫星与空基无人机（UAV）遥感手段进行智能解译，是目前实现大范围、快速建筑震损评估的核心路径 [50, 51]。 在遥感智能算法的研制与工程标定中，高质量...",规则抽取,待复核,待复核
