timestamp,rule_anomaly_label,rule_anomaly_type,if_anomaly_score,if_anomaly_label,lstm_reconstruction_error,lstm_anomaly_label,hybrid_anomaly_label,hybrid_anomaly_type,hybrid_confidence,final_decision,anomaly_source
2024-06-01 00:00:00,0,,-0.1717123427699851,0,0.20013363659381866,0,0,normal,0.98,keep,none
2024-06-01 00:10:00,0,,-0.14262396893740964,0,0.20013363659381866,0,0,normal,0.98,keep,none
2024-06-01 00:20:00,0,,-0.15669240655795819,0,0.20013363659381866,0,0,normal,0.98,keep,none
2024-06-01 00:30:00,0,,-0.13346346240528423,0,0.20013363659381866,0,0,normal,0.98,keep,none
2024-06-01 00:40:00,0,,-0.16504751365122888,0,0.20013363659381866,0,0,normal,0.98,keep,none
2024-06-01 00:50:00,0,,-0.16267028704991304,0,0.20013363659381866,0,0,normal,0.98,keep,none
2024-06-01 01:00:00,0,,-0.1684599565061916,0,0.20013363659381866,0,0,normal,0.98,keep,none
2024-06-01 01:10:00,0,,-0.14647461570416737,0,0.20013363659381866,0,0,normal,0.98,keep,none
2024-06-01 01:20:00,0,,-0.1481429399624269,0,0.20013363659381866,0,0,normal,0.98,keep,none
2024-06-01 01:30:00,0,,-0.16528620705192615,0,0.20013363659381866,0,0,normal,0.98,keep,none
2024-06-01 01:40:00,0,,-0.16016470868344013,0,0.20013363659381866,0,0,normal,0.98,keep,none
2024-06-01 01:50:00,0,,-0.1578938993112125,0,0.20013363659381866,0,0,normal,0.98,keep,none
2024-06-01 02:00:00,0,,-0.16429993501550305,0,0.20013363659381866,0,0,normal,0.98,keep,none
2024-06-01 02:10:00,0,,-0.1309166095608194,0,0.20013363659381866,0,0,normal,0.98,keep,none
2024-06-01 02:20:00,0,,-0.14801255519224926,0,0.20013363659381866,0,0,normal,0.98,keep,none
2024-06-01 02:30:00,0,,-0.16058025217233685,0,0.20013363659381866,0,0,normal,0.98,keep,none
2024-06-01 02:40:00,0,,-0.13687844157934087,0,0.20013363659381866,0,0,normal,0.98,keep,none
2024-06-01 02:50:00,0,,-0.16417856069001163,0,0.20013363659381866,0,0,normal,0.98,keep,none
2024-06-01 03:00:00,0,,-0.1636509078488193,0,0.20585006475448608,0,0,normal,0.98,keep,none
2024-06-01 03:10:00,0,,-0.16939331261865576,0,0.19224953651428223,0,0,normal,0.98,keep,none
2024-06-01 03:20:00,0,,-0.16944622943381477,0,0.19002781808376312,0,0,normal,0.98,keep,none
2024-06-01 03:30:00,0,,-0.16610462101108953,0,0.175298273563385,0,0,normal,0.98,keep,none
2024-06-01 03:40:00,0,,-0.14426183902608197,0,0.18523600697517395,0,0,normal,0.98,keep,none
2024-06-01 03:50:00,0,,-0.16282119099455028,0,0.19017598032951355,0,0,normal,0.98,keep,none
2024-06-01 04:00:00,0,,-0.1684736563188996,0,0.19473318755626678,0,0,normal,0.98,keep,none
2024-06-01 04:10:00,0,,-0.16701418696818449,0,0.18754957616329193,0,0,normal,0.98,keep,none
2024-06-01 04:20:00,0,,-0.17309873650246416,0,0.18262414634227753,0,0,normal,0.98,keep,none
2024-06-01 04:30:00,0,,-0.1708644130157097,0,0.18660813570022583,0,0,normal,0.98,keep,none
2024-06-01 04:40:00,0,,-0.1524891193219441,0,0.19205039739608765,0,0,normal,0.98,keep,none
2024-06-01 04:50:00,0,,-0.16421724969565704,0,0.19842109084129333,0,0,normal,0.98,keep,none
2024-06-01 05:00:00,0,,-0.16362946733170086,0,0.19865353405475616,0,0,normal,0.98,keep,none
2024-06-01 05:10:00,0,,-0.17877327646732638,0,0.18152856826782227,0,0,normal,0.98,keep,none
2024-06-01 05:20:00,0,,-0.15842769685219976,0,0.18386490643024445,0,0,normal,0.98,keep,none
2024-06-01 05:30:00,0,,-0.15811608906607322,0,0.18837925791740417,0,0,normal,0.98,keep,none
2024-06-01 05:40:00,0,,-0.14334633146001924,0,0.18380101025104523,0,0,normal,0.98,keep,none
2024-06-01 05:50:00,0,,-0.16596922711632622,0,0.1851481944322586,0,0,normal,0.98,keep,none
2024-06-01 06:00:00,0,,-0.17741182693247892,0,0.18245306611061096,0,0,normal,0.98,keep,none
2024-06-01 06:10:00,1,spurious,-0.13192967964210278,0,0.21864108741283417,0,1,spurious,0.86,correct,rule
2024-06-01 06:20:00,0,,-0.16330259830720228,0,0.21976397931575775,0,0,normal,0.98,keep,none
2024-06-01 06:30:00,0,,-0.1672662079410303,0,0.2182854413986206,0,0,normal,0.98,keep,none
2024-06-01 06:40:00,0,,-0.16351779720575388,0,0.21034137904644012,0,0,normal,0.98,keep,none
2024-06-01 06:50:00,0,,-0.15943831516011608,0,0.21260932087898254,0,0,normal,0.98,keep,none
2024-06-01 07:00:00,0,,-0.1566390962246022,0,0.2212778776884079,0,0,normal,0.98,keep,none
2024-06-01 07:10:00,0,,-0.13134120045477476,0,0.2408786416053772,0,0,normal,0.98,keep,none
2024-06-01 07:20:00,0,,-0.15732139304127485,0,0.2518664002418518,0,0,normal,0.98,keep,none
2024-06-01 07:30:00,0,,-0.1635353763091365,0,0.25201210379600525,0,0,normal,0.98,keep,none
2024-06-01 07:40:00,0,,-0.16334309719519308,0,0.24898293614387512,0,0,normal,0.98,keep,none
2024-06-01 07:50:00,0,,-0.17098243585180406,0,0.24328821897506714,0,0,normal,0.98,keep,none
2024-06-01 08:00:00,0,,-0.141324861977087,0,0.24825753271579742,0,0,normal,0.98,keep,none
2024-06-01 08:10:00,0,,-0.16865538185304052,0,0.2470516413450241,0,0,normal,0.98,keep,none
2024-06-01 08:20:00,0,,-0.1633469174355271,0,0.24292203783988953,0,0,normal,0.98,keep,none
2024-06-01 08:30:00,0,,-0.1477133193713671,0,0.23709729313850403,0,0,normal,0.98,keep,none
2024-06-01 08:40:00,0,,-0.1608365265145501,0,0.2349623739719391,0,0,normal,0.98,keep,none
2024-06-01 08:50:00,0,,-0.16143460889361538,0,0.22992467880249023,0,0,normal,0.98,keep,none
2024-06-01 09:00:00,0,,-0.16620353577809055,0,0.23344281315803528,0,0,normal,0.98,keep,none
2024-06-01 09:10:00,0,,-0.1687995688041578,0,0.20829035341739655,0,0,normal,0.98,keep,none
2024-06-01 09:20:00,0,,-0.1576181307481357,0,0.20699480175971985,0,0,normal,0.98,keep,none
2024-06-01 09:30:00,0,,-0.16511284827321632,0,0.2077193707227707,0,0,normal,0.98,keep,none
2024-06-01 09:40:00,0,,-0.15736654692542607,0,0.20571410655975342,0,0,normal,0.98,keep,none
2024-06-01 09:50:00,0,,-0.04606883273965967,0,0.24564281105995178,0,0,normal,0.98,keep,none
2024-06-01 10:00:00,0,,-0.029303152406929045,0,0.29429635405540466,0,0,normal,0.98,keep,none
2024-06-01 10:10:00,0,,-0.03553048177883289,0,0.3164082467556,0,0,normal,0.98,keep,none
2024-06-01 10:20:00,0,,-0.009799617105419323,0,0.3536210358142853,0,0,normal,0.98,keep,none
2024-06-01 10:30:00,0,,-0.001864050923335192,0,0.40393760800361633,0,0,normal,0.98,keep,none
2024-06-01 10:40:00,0,,-0.00886723289481739,0,0.43908628821372986,0,0,normal,0.98,keep,none
2024-06-01 10:50:00,0,,0.009873416592196982,1,0.4889361560344696,0,1,ml_suspicious,0.62,manual_review,isolation_forest
2024-06-01 11:00:00,0,,0.021516635959900055,1,0.5301905870437622,0,1,ml_suspicious,0.62,manual_review,isolation_forest
2024-06-01 11:10:00,0,,0.024003663958005017,1,0.6227902173995972,0,1,ml_suspicious,0.62,manual_review,isolation_forest
2024-06-01 11:20:00,0,,0.021024634208800852,1,0.6658651828765869,0,1,ml_suspicious,0.62,manual_review,isolation_forest
2024-06-01 11:30:00,0,,0.01935536115844705,1,0.6966723799705505,0,1,ml_suspicious,0.62,manual_review,isolation_forest
2024-06-01 11:40:00,0,,0.018876589835391755,1,0.7143629193305969,0,1,ml_suspicious,0.62,manual_review,isolation_forest
2024-06-01 11:50:00,0,,0.024567981460984933,1,0.7524524927139282,0,1,ml_suspicious,0.62,manual_review,isolation_forest
2024-06-01 12:00:00,0,,0.011436065168130893,1,0.7682961225509644,0,1,ml_suspicious,0.62,manual_review,isolation_forest
2024-06-01 12:10:00,0,,0.01032376074398278,1,0.7678771018981934,0,1,ml_suspicious,0.62,manual_review,isolation_forest
2024-06-01 12:20:00,0,,0.0013848413723930308,1,0.7569274306297302,0,1,ml_suspicious,0.62,manual_review,isolation_forest
2024-06-01 12:30:00,0,,-0.0042572367308663095,0,0.7634398341178894,0,0,normal,0.98,keep,none
2024-06-01 12:40:00,0,,0.0008033309930961519,1,0.7837424278259277,0,1,ml_suspicious,0.62,manual_review,isolation_forest
2024-06-01 12:50:00,0,,-0.009722079913059734,0,0.7658761143684387,0,0,normal,0.98,keep,none
2024-06-01 13:00:00,0,,-0.015587925196780539,0,0.7410813570022583,0,0,normal,0.98,keep,none
2024-06-01 13:10:00,0,,-0.015913141639167128,0,0.7341292500495911,0,0,normal,0.98,keep,none
2024-06-01 13:20:00,0,,-0.011936435857342387,0,0.729301393032074,0,0,normal,0.98,keep,none
2024-06-01 13:30:00,0,,-0.02549053959864489,0,0.7412500977516174,0,0,normal,0.98,keep,none
2024-06-01 13:40:00,0,,-0.049516516953241996,0,0.7429529428482056,0,0,normal,0.98,keep,none
2024-06-01 13:50:00,0,,-0.05690646632096552,0,0.7591709494590759,0,0,normal,0.98,keep,none
2024-06-01 14:00:00,0,,-0.04809643231158889,0,0.7617473602294922,0,0,normal,0.98,keep,none
2024-06-01 14:10:00,0,,-0.0732165796178571,0,0.731606662273407,0,0,normal,0.98,keep,none
2024-06-01 14:20:00,0,,-0.10255901560970382,0,0.7298409342765808,0,0,normal,0.98,keep,none
2024-06-01 14:30:00,1,spurious,-0.050741762126299994,0,0.7608948349952698,0,1,spurious,0.86,correct,rule
2024-06-01 14:40:00,0,,-0.10835565976325673,0,0.7804709672927856,0,0,normal,0.98,keep,none
2024-06-01 14:50:00,0,,-0.11055088301888105,0,0.776077389717102,0,0,normal,0.98,keep,none
2024-06-01 15:00:00,0,,-0.10682041711464729,0,0.804749071598053,0,0,normal,0.98,keep,none
2024-06-01 15:10:00,0,,-0.11072175204131568,0,0.8090169429779053,0,0,normal,0.98,keep,none
2024-06-01 15:20:00,0,,-0.10850047691885606,0,0.8055852055549622,0,0,normal,0.98,keep,none
2024-06-01 15:30:00,0,,-0.10918562084025774,0,0.8166487812995911,0,0,normal,0.98,keep,none
2024-06-01 15:40:00,0,,-0.11863002577876314,0,0.7930543422698975,0,0,normal,0.98,keep,none
2024-06-01 15:50:00,0,,-0.11528895498150082,0,0.7655296921730042,0,0,normal,0.98,keep,none
2024-06-01 16:00:00,0,,-0.12761031884197654,0,0.7137261033058167,0,0,normal,0.98,keep,none
2024-06-01 16:10:00,0,,-0.11453775852148346,0,0.6886981725692749,0,0,normal,0.98,keep,none
2024-06-01 16:20:00,0,,-0.12562297647257753,0,0.6413500308990479,0,0,normal,0.98,keep,none
2024-06-01 16:30:00,0,,-0.12517691008684423,0,0.5980972647666931,0,0,normal,0.98,keep,none
2024-06-01 16:40:00,0,,-0.13480581946923503,0,0.5646711587905884,0,0,normal,0.98,keep,none
2024-06-01 16:50:00,0,,-0.1274540813369366,0,0.5296595692634583,0,0,normal,0.98,keep,none
2024-06-01 17:00:00,0,,-0.13190345382497587,0,0.48020774126052856,0,0,normal,0.98,keep,none
2024-06-01 17:10:00,0,,-0.12494441310720023,0,0.4425260126590729,0,0,normal,0.98,keep,none
2024-06-01 17:20:00,0,,-0.13474029183329628,0,0.4241957366466522,0,0,normal,0.98,keep,none
2024-06-01 17:30:00,0,,-0.14061625112140408,0,0.3823108673095703,0,0,normal,0.98,keep,none
2024-06-01 17:40:00,0,,-0.13369566581797931,0,0.3807251751422882,0,0,normal,0.98,keep,none
2024-06-01 17:50:00,0,,-0.14450204149497348,0,0.3749035596847534,0,0,normal,0.98,keep,none
2024-06-01 18:00:00,0,,-0.13110580017558082,0,0.37457942962646484,0,0,normal,0.98,keep,none
2024-06-01 18:10:00,0,,-0.1405576802685477,0,0.3684825301170349,0,0,normal,0.98,keep,none
2024-06-01 18:20:00,0,,-0.13369344464649519,0,0.3573995530605316,0,0,normal,0.98,keep,none
2024-06-01 18:30:00,0,,-0.1252343060613194,0,0.35967597365379333,0,0,normal,0.98,keep,none
2024-06-01 18:40:00,0,,-0.13884259154879963,0,0.35866579413414,0,0,normal,0.98,keep,none
2024-06-01 18:50:00,0,,-0.1450060270603568,0,0.35331782698631287,0,0,normal,0.98,keep,none
2024-06-01 19:00:00,1,spurious,-0.08466118928901428,0,0.4268668293952942,0,1,spurious,0.86,correct,rule
2024-06-01 19:10:00,0,,-0.1116592916526164,0,0.36007291078567505,0,0,normal,0.98,keep,none
2024-06-01 19:20:00,0,,-0.1165465745321913,0,0.3599358797073364,0,0,normal,0.98,keep,none
2024-06-01 19:30:00,0,,-0.13715654204794725,0,0.3670234978199005,0,0,normal,0.98,keep,none
2024-06-01 19:40:00,0,,-0.11923775470300357,0,0.373343825340271,0,0,normal,0.98,keep,none
2024-06-01 19:50:00,0,,-0.1222698120113378,0,0.3770211935043335,0,0,normal,0.98,keep,none
2024-06-01 20:00:00,0,,-0.09973491496597003,0,0.40905460715293884,0,0,normal,0.98,keep,none
2024-06-01 20:10:00,0,,-0.130127260167263,0,0.3925885856151581,0,0,normal,0.98,keep,none
2024-06-01 20:20:00,0,,-0.12987143349307423,0,0.38956713676452637,0,0,normal,0.98,keep,none
2024-06-01 20:30:00,0,,-0.14405539084398583,0,0.38076862692832947,0,0,normal,0.98,keep,none
2024-06-01 20:40:00,0,,-0.1428011383872978,0,0.3822541832923889,0,0,normal,0.98,keep,none
2024-06-01 20:50:00,0,,-0.1256943161347211,0,0.38105934858322144,0,0,normal,0.98,keep,none
2024-06-01 21:00:00,0,,-0.10561005979783489,0,0.3741404712200165,0,0,normal,0.98,keep,none
2024-06-01 21:10:00,0,,-0.12727367701116493,0,0.3759728670120239,0,0,normal,0.98,keep,none
2024-06-01 21:20:00,0,,-0.109642978584788,0,0.373941570520401,0,0,normal,0.98,keep,none
2024-06-01 21:30:00,0,,-0.11968957665387264,0,0.36369073390960693,0,0,normal,0.98,keep,none
2024-06-01 21:40:00,0,,-0.11575937582696222,0,0.3581704795360565,0,0,normal,0.98,keep,none
2024-06-01 21:50:00,0,,-0.13488320379473712,0,0.3398948609828949,0,0,normal,0.98,keep,none
2024-06-01 22:00:00,0,,-0.12720723156421748,0,0.3041035532951355,0,0,normal,0.98,keep,none
2024-06-01 22:10:00,0,,-0.1370860886737128,0,0.29235783219337463,0,0,normal,0.98,keep,none
2024-06-01 22:20:00,0,,-0.13082324800433792,0,0.2813487648963928,0,0,normal,0.98,keep,none
2024-06-01 22:30:00,0,,-0.1370405974963419,0,0.27655255794525146,0,0,normal,0.98,keep,none
2024-06-01 22:40:00,0,,-0.11016622416587774,0,0.28532835841178894,0,0,normal,0.98,keep,none
2024-06-01 22:50:00,0,,-0.13078162016058348,0,0.2811381220817566,0,0,normal,0.98,keep,none
2024-06-01 23:00:00,0,,-0.12623402649489768,0,0.25129905343055725,0,0,normal,0.98,keep,none
2024-06-01 23:10:00,0,,-0.14597247921992296,0,0.23878726363182068,0,0,normal,0.98,keep,none
2024-06-01 23:20:00,0,,-0.1347929511013945,0,0.2299589067697525,0,0,normal,0.98,keep,none
2024-06-01 23:30:00,0,,-0.13594251154181347,0,0.2264477163553238,0,0,normal,0.98,keep,none
2024-06-01 23:40:00,0,,-0.14067929573350685,0,0.22331002354621887,0,0,normal,0.98,keep,none
2024-06-01 23:50:00,0,,-0.13192449934650885,0,0.21416619420051575,0,0,normal,0.98,keep,none
2024-06-02 00:00:00,0,,-0.15315648326765646,0,0.19761750102043152,0,0,normal,0.98,keep,none
2024-06-02 00:10:00,0,,-0.15003476036112084,0,0.19066689908504486,0,0,normal,0.98,keep,none
2024-06-02 00:20:00,0,,-0.15498363501667983,0,0.17288988828659058,0,0,normal,0.98,keep,none
2024-06-02 00:30:00,0,,-0.15435622032541452,0,0.16160224378108978,0,0,normal,0.98,keep,none
2024-06-02 00:40:00,0,,-0.12257207188787878,0,0.15891580283641815,0,0,normal,0.98,keep,none
2024-06-02 00:50:00,0,,-0.14364164562109738,0,0.16001024842262268,0,0,normal,0.98,keep,none
2024-06-02 01:00:00,0,,-0.14784956889282586,0,0.1535482257604599,0,0,normal,0.98,keep,none
2024-06-02 01:10:00,0,,-0.15162358579761254,0,0.15296366810798645,0,0,normal,0.98,keep,none
2024-06-02 01:20:00,0,,-0.13580478598990425,0,0.15485824644565582,0,0,normal,0.98,keep,none
2024-06-02 01:30:00,0,,-0.14310050107966665,0,0.14923213422298431,0,0,normal,0.98,keep,none
2024-06-02 01:40:00,0,,-0.1441762240454687,0,0.1316838264465332,0,0,normal,0.98,keep,none
2024-06-02 01:50:00,0,,-0.14605729420848396,0,0.1331048458814621,0,0,normal,0.98,keep,none
2024-06-02 02:00:00,0,,-0.14790489898050435,0,0.12792296707630157,0,0,normal,0.98,keep,none
2024-06-02 02:10:00,0,,-0.15312734809998102,0,0.12602536380290985,0,0,normal,0.98,keep,none
2024-06-02 02:20:00,0,,-0.15706946452008907,0,0.12294808030128479,0,0,normal,0.98,keep,none
2024-06-02 02:30:00,0,,-0.14612961767277421,0,0.1267101764678955,0,0,normal,0.98,keep,none
2024-06-02 02:40:00,0,,-0.16046535747297486,0,0.12083781510591507,0,0,normal,0.98,keep,none
2024-06-02 02:50:00,0,,-0.15833578238490598,0,0.11902185529470444,0,0,normal,0.98,keep,none
2024-06-02 03:00:00,0,,-0.13793460617413567,0,0.1284676045179367,0,0,normal,0.98,keep,none
2024-06-02 03:10:00,1,spike,0.029191716516887234,1,0.23355211317539215,0,1,spike,0.95,correct,hybrid
2024-06-02 03:20:00,0,,-0.011917436073971444,0,0.2256164401769638,0,0,normal,0.98,keep,none
2024-06-02 03:30:00,0,,-0.02058456511425255,0,0.2718968391418457,0,0,normal,0.98,keep,none
2024-06-02 03:40:00,0,,-0.04984717033734243,0,0.2824600636959076,0,0,normal,0.98,keep,none
2024-06-02 03:50:00,0,,-0.055826876118829416,0,0.3077201247215271,0,0,normal,0.98,keep,none
2024-06-02 04:00:00,0,,-0.05169722883729433,0,0.3060113787651062,0,0,normal,0.98,keep,none
2024-06-02 04:10:00,0,,-0.12458150639638554,0,0.30969053506851196,0,0,normal,0.98,keep,none
2024-06-02 04:20:00,0,,-0.11819566898608985,0,0.32486259937286377,0,0,normal,0.98,keep,none
2024-06-02 04:30:00,0,,-0.11828917968089359,0,0.3193316161632538,0,0,normal,0.98,keep,none
2024-06-02 04:40:00,0,,-0.11850446677200727,0,0.3274206519126892,0,0,normal,0.98,keep,none
2024-06-02 04:50:00,0,,-0.12116319879116744,0,0.3209664225578308,0,0,normal,0.98,keep,none
2024-06-02 05:00:00,0,,-0.11034624027787115,0,0.29677727818489075,0,0,normal,0.98,keep,none
2024-06-02 05:10:00,0,,-0.12496357106254374,0,0.2953251898288727,0,0,normal,0.98,keep,none
2024-06-02 05:20:00,0,,-0.12344416067801511,0,0.2860962748527527,0,0,normal,0.98,keep,none
2024-06-02 05:30:00,0,,-0.11711580156823354,0,0.27205511927604675,0,0,normal,0.98,keep,none
2024-06-02 05:40:00,0,,-0.11989712834620664,0,0.25530844926834106,0,0,normal,0.98,keep,none
2024-06-02 05:50:00,0,,-0.11961549939397892,0,0.2430521696805954,0,0,normal,0.98,keep,none
2024-06-02 06:00:00,0,,-0.12650397890793613,0,0.22386211156845093,0,0,normal,0.98,keep,none
2024-06-02 06:10:00,0,,-0.1303586939626633,0,0.16256847977638245,0,0,normal,0.98,keep,none
2024-06-02 06:20:00,0,,-0.13865196688579495,0,0.14927047491073608,0,0,normal,0.98,keep,none
2024-06-02 06:30:00,0,,-0.13554488225206912,0,0.14667120575904846,0,0,normal,0.98,keep,none
2024-06-02 06:40:00,0,,-0.13033626454787878,0,0.14440606534481049,0,0,normal,0.98,keep,none
2024-06-02 06:50:00,0,,-0.138343992632477,0,0.14514924585819244,0,0,normal,0.98,keep,none
2024-06-02 07:00:00,0,,-0.11987874166230539,0,0.14643023908138275,0,0,normal,0.98,keep,none
2024-06-02 07:10:00,0,,-0.09661007247695824,0,0.15575376152992249,0,0,normal,0.98,keep,none
2024-06-02 07:20:00,0,,-0.11161695143050515,0,0.17026972770690918,0,0,normal,0.98,keep,none
2024-06-02 07:30:00,0,,-0.12316793965052453,0,0.17045937478542328,0,0,normal,0.98,keep,none
2024-06-02 07:40:00,0,,-0.1363279093485737,0,0.16196754574775696,0,0,normal,0.98,keep,none
2024-06-02 07:50:00,0,,-0.14089729878023233,0,0.1571427881717682,0,0,normal,0.98,keep,none
2024-06-02 08:00:00,0,,-0.13845601106039074,0,0.1494944542646408,0,0,normal,0.98,keep,none
2024-06-02 08:10:00,0,,-0.13348163162237991,0,0.14876966178417206,0,0,normal,0.98,keep,none
2024-06-02 08:20:00,0,,-0.13009207909142856,0,0.1472957283258438,0,0,normal,0.98,keep,none
2024-06-02 08:30:00,0,,-0.1368044401661902,0,0.15057533979415894,0,0,normal,0.98,keep,none
2024-06-02 08:40:00,0,,-0.13394469877950105,0,0.14847072958946228,0,0,normal,0.98,keep,none
2024-06-02 08:50:00,0,,-0.13611920535932698,0,0.14757195115089417,0,0,normal,0.98,keep,none
2024-06-02 09:00:00,0,,-0.1420681569457552,0,0.1432274729013443,0,0,normal,0.98,keep,none
2024-06-02 09:10:00,0,,-0.12881885210199417,0,0.1378742903470993,0,0,normal,0.98,keep,none
2024-06-02 09:20:00,0,,-0.1348364538014089,0,0.1405007392168045,0,0,normal,0.98,keep,none
2024-06-02 09:30:00,0,,-0.13832819469013213,0,0.13593502342700958,0,0,normal,0.98,keep,none
2024-06-02 09:40:00,0,,-0.13710974838237794,0,0.1300923079252243,0,0,normal,0.98,keep,none
2024-06-02 09:50:00,0,,-0.13885471479880407,0,0.12803976237773895,0,0,normal,0.98,keep,none
2024-06-02 10:00:00,0,,-0.13837800686368967,0,0.11891154199838638,0,0,normal,0.98,keep,none
2024-06-02 10:10:00,0,,-0.12213443646474881,0,0.1084580197930336,0,0,normal,0.98,keep,none
2024-06-02 10:20:00,0,,-0.11796857702755326,0,0.0929480493068695,0,0,normal,0.98,keep,none
2024-06-02 10:30:00,0,,-0.13471951522950176,0,0.08830586820840836,0,0,normal,0.98,keep,none
2024-06-02 10:40:00,0,,-0.13026489908359773,0,0.08959388732910156,0,0,normal,0.98,keep,none
2024-06-02 10:50:00,0,,-0.12533797948296993,0,0.09174957126379013,0,0,normal,0.98,keep,none
2024-06-02 11:00:00,0,,-0.1352223853163903,0,0.08628141134977341,0,0,normal,0.98,keep,none
2024-06-02 11:10:00,0,,-0.14274694601626697,0,0.0824214294552803,0,0,normal,0.98,keep,none
2024-06-02 11:20:00,0,,-0.13689426207659905,0,0.08228874206542969,0,0,normal,0.98,keep,none
2024-06-02 11:30:00,0,,-0.13473689812799367,0,0.08781546354293823,0,0,normal,0.98,keep,none
2024-06-02 11:40:00,0,,-0.13500442965193293,0,0.08595039695501328,0,0,normal,0.98,keep,none
2024-06-02 11:50:00,0,,-0.13754325471960666,0,0.0885339006781578,0,0,normal,0.98,keep,none
2024-06-02 12:00:00,0,,-0.13907525457007142,0,0.08931345492601395,0,0,normal,0.98,keep,none
2024-06-02 12:10:00,0,,-0.13689274002491475,0,0.0879826545715332,0,0,normal,0.98,keep,none
2024-06-02 12:20:00,0,,-0.1313479308882377,0,0.09015204012393951,0,0,normal,0.98,keep,none
2024-06-02 12:30:00,0,,-0.13873699038548593,0,0.08841236680746078,0,0,normal,0.98,keep,none
2024-06-02 12:40:00,0,,-0.1345934226701191,0,0.08866451680660248,0,0,normal,0.98,keep,none
2024-06-02 12:50:00,0,,-0.12638304727353666,0,0.09522233158349991,0,0,normal,0.98,keep,none
2024-06-02 13:00:00,0,,-0.11113905667298568,0,0.10795409977436066,0,0,normal,0.98,keep,none
2024-06-02 13:10:00,0,,-0.12195987445093992,0,0.11454804241657257,0,0,normal,0.98,keep,none
2024-06-02 13:20:00,0,,-0.12328795019886357,0,0.11018485575914383,0,0,normal,0.98,keep,none
2024-06-02 13:30:00,0,,-0.12997682913449127,0,0.11804844439029694,0,0,normal,0.98,keep,none
2024-06-02 13:40:00,0,,-0.13256826977749558,0,0.11783716082572937,0,0,normal,0.98,keep,none
2024-06-02 13:50:00,0,,-0.1309271192243897,0,0.11687266826629639,0,0,normal,0.98,keep,none
2024-06-02 14:00:00,0,,-0.13005347759213137,0,0.11895488202571869,0,0,normal,0.98,keep,none
2024-06-02 14:10:00,0,,-0.12887707104921198,0,0.1199021115899086,0,0,normal,0.98,keep,none
2024-06-02 14:20:00,0,,-0.12900843161564518,0,0.11831657588481903,0,0,normal,0.98,keep,none
2024-06-02 14:30:00,0,,-0.1231372791991367,0,0.12144338339567184,0,0,normal,0.98,keep,none
2024-06-02 14:40:00,0,,-0.12606743908598644,0,0.11846677213907242,0,0,normal,0.98,keep,none
2024-06-02 14:50:00,0,,-0.1286777907712729,0,0.11875541508197784,0,0,normal,0.98,keep,none
2024-06-02 15:00:00,0,,-0.13106385704006607,0,0.11835195869207382,0,0,normal,0.98,keep,none
2024-06-02 15:10:00,0,,-0.12939168025240733,0,0.12048451602458954,0,0,normal,0.98,keep,none
2024-06-02 15:20:00,0,,-0.12698963659784884,0,0.11937215179204941,0,0,normal,0.98,keep,none
2024-06-02 15:30:00,0,,-0.13495257273640293,0,0.12041553854942322,0,0,normal,0.98,keep,none
2024-06-02 15:40:00,0,,-0.13247952734893986,0,0.1213255375623703,0,0,normal,0.98,keep,none
2024-06-02 15:50:00,0,,-0.1341455242151247,0,0.11724352091550827,0,0,normal,0.98,keep,none
2024-06-02 16:00:00,0,,-0.1252201905306598,0,0.11480534821748734,0,0,normal,0.98,keep,none
2024-06-02 16:10:00,0,,-0.13884949494611976,0,0.1048530712723732,0,0,normal,0.98,keep,none
2024-06-02 16:20:00,1,spike,0.07352293061860193,1,0.6591951847076416,0,1,spike,0.95,correct,hybrid
2024-06-02 16:30:00,0,,0.015151950130701253,1,0.4274425804615021,0,1,ml_suspicious,0.62,manual_review,isolation_forest
2024-06-02 16:40:00,0,,0.00013710192425231416,1,0.4873024523258209,0,1,ml_suspicious,0.62,manual_review,isolation_forest
2024-06-02 16:50:00,0,,-0.032942551605434245,0,0.4823465347290039,0,0,normal,0.98,keep,none
2024-06-02 17:00:00,0,,-0.02192820594187106,0,0.5260181427001953,0,0,normal,0.98,keep,none
2024-06-02 17:10:00,0,,-0.03262759098524293,0,0.5709370374679565,0,0,normal,0.98,keep,none
2024-06-02 17:20:00,0,,-0.14831131078291054,0,0.47688809037208557,0,0,normal,0.98,keep,none
2024-06-02 17:30:00,0,,-0.16084133100810827,0,0.44517484307289124,0,0,normal,0.98,keep,none
2024-06-02 17:40:00,0,,-0.1500930774517491,0,0.4324268698692322,0,0,normal,0.98,keep,none
2024-06-02 17:50:00,0,,-0.14939979734386832,0,0.4185357689857483,0,0,normal,0.98,keep,none
2024-06-02 18:00:00,0,,-0.14416779237595412,0,0.4082995355129242,0,0,normal,0.98,keep,none
2024-06-02 18:10:00,0,,-0.13678507223751163,0,0.4045906662940979,0,0,normal,0.98,keep,none
2024-06-02 18:20:00,0,,-0.14848148778890008,0,0.3953555226325989,0,0,normal,0.98,keep,none
2024-06-02 18:30:00,0,,-0.1532066199305886,0,0.38905012607574463,0,0,normal,0.98,keep,none
2024-06-02 18:40:00,0,,-0.14730900890653564,0,0.3825037479400635,0,0,normal,0.98,keep,none
2024-06-02 18:50:00,0,,-0.1415961419604964,0,0.3839467465877533,0,0,normal,0.98,keep,none
2024-06-02 19:00:00,0,,-0.13936037131903178,0,0.3762039840221405,0,0,normal,0.98,keep,none
2024-06-02 19:10:00,0,,-0.1482583266053088,0,0.3714468777179718,0,0,normal,0.98,keep,none
2024-06-02 19:20:00,0,,-0.1734125798733897,0,0.25715914368629456,0,0,normal,0.98,keep,none
2024-06-02 19:30:00,0,,-0.16288818647697367,0,0.2148110270500183,0,0,normal,0.98,keep,none
2024-06-02 19:40:00,0,,-0.1582430023215573,0,0.19483186304569244,0,0,normal,0.98,keep,none
2024-06-02 19:50:00,0,,-0.16097170788216553,0,0.1720525175333023,0,0,normal,0.98,keep,none
2024-06-02 20:00:00,0,,-0.16848086791132655,0,0.15227867662906647,0,0,normal,0.98,keep,none
2024-06-02 20:10:00,0,,-0.17366145354509316,0,0.1305159330368042,0,0,normal,0.98,keep,none
2024-06-02 20:20:00,0,,-0.16725738962762898,0,0.12573249638080597,0,0,normal,0.98,keep,none
2024-06-02 20:30:00,0,,-0.16966365174807863,0,0.1307964026927948,0,0,normal,0.98,keep,none
2024-06-02 20:40:00,0,,-0.14516651398221386,0,0.13573868572711945,0,0,normal,0.98,keep,none
2024-06-02 20:50:00,0,,-0.15090171405271002,0,0.13761800527572632,0,0,normal,0.98,keep,none
2024-06-02 21:00:00,0,,-0.16226576557601985,0,0.13105615973472595,0,0,normal,0.98,keep,none
2024-06-02 21:10:00,0,,-0.16990920805825027,0,0.12161584943532944,0,0,normal,0.98,keep,none
2024-06-02 21:20:00,0,,-0.15752375425068926,0,0.1251235008239746,0,0,normal,0.98,keep,none
2024-06-02 21:30:00,0,,-0.14198540905326634,0,0.13491585850715637,0,0,normal,0.98,keep,none
2024-06-02 21:40:00,0,,-0.16268910301205364,0,0.13531090319156647,0,0,normal,0.98,keep,none
2024-06-02 21:50:00,0,,-0.16687352008436052,0,0.12560667097568512,0,0,normal,0.98,keep,none
2024-06-02 22:00:00,0,,-0.16587482042028162,0,0.11263969540596008,0,0,normal,0.98,keep,none
2024-06-02 22:10:00,0,,-0.16697771562574842,0,0.10889153182506561,0,0,normal,0.98,keep,none
2024-06-02 22:20:00,0,,-0.1699146033985795,0,0.1085282564163208,0,0,normal,0.98,keep,none
2024-06-02 22:30:00,0,,-0.16511244233203098,0,0.10094968229532242,0,0,normal,0.98,keep,none
2024-06-02 22:40:00,0,,-0.14924225700073684,0,0.10022899508476257,0,0,normal,0.98,keep,none
2024-06-02 22:50:00,0,,-0.16173011207212667,0,0.10062316060066223,0,0,normal,0.98,keep,none
2024-06-02 23:00:00,1,negative,-0.08320420950715018,0,0.1509552150964737,0,1,negative,0.86,correct,rule
2024-06-02 23:10:00,0,,-0.10843344189064108,0,0.16908083856105804,0,0,normal,0.98,keep,none
2024-06-02 23:20:00,0,,-0.13302765823788876,0,0.1716797649860382,0,0,normal,0.98,keep,none
2024-06-02 23:30:00,0,,-0.14269288890286108,0,0.1799316108226776,0,0,normal,0.98,keep,none
2024-06-02 23:40:00,0,,-0.11985116692453146,0,0.1819879412651062,0,0,normal,0.98,keep,none
2024-06-02 23:50:00,0,,-0.14000815803115063,0,0.18306438624858856,0,0,normal,0.98,keep,none
2024-06-03 00:00:00,1,missing,-0.13516097862083432,0,0.21438445150852203,0,1,missing,0.86,correct,rule
2024-06-03 00:10:00,0,,-0.1730158176177039,0,0.21261464059352875,0,0,normal,0.98,keep,none
2024-06-03 00:20:00,0,,-0.1531557037851251,0,0.2093631774187088,0,0,normal,0.98,keep,none
2024-06-03 00:30:00,0,,-0.16897810686198106,0,0.203630730509758,0,0,normal,0.98,keep,none
2024-06-03 00:40:00,0,,-0.17561491539684393,0,0.19921189546585083,0,0,normal,0.98,keep,none
2024-06-03 00:50:00,0,,-0.1594727888506789,0,0.21160030364990234,0,0,normal,0.98,keep,none
2024-06-03 01:00:00,0,,-0.16569897565540637,0,0.2176545411348343,0,0,normal,0.98,keep,none
2024-06-03 01:10:00,0,,-0.16823469010606018,0,0.21990123391151428,0,0,normal,0.98,keep,none
2024-06-03 01:20:00,0,,-0.17514539253425876,0,0.23139694333076477,0,0,normal,0.98,keep,none
2024-06-03 01:30:00,0,,-0.1802941185942865,0,0.24047556519508362,0,0,normal,0.98,keep,none
2024-06-03 01:40:00,0,,-0.1508921240024621,0,0.24387967586517334,0,0,normal,0.98,keep,none
2024-06-03 01:50:00,0,,-0.16447204053466252,0,0.26037412881851196,0,0,normal,0.98,keep,none
2024-06-03 02:00:00,0,,-0.17692449483532463,0,0.23573815822601318,0,0,normal,0.98,keep,none
2024-06-03 02:10:00,0,,-0.18095326659534627,0,0.2294887751340866,0,0,normal,0.98,keep,none
2024-06-03 02:20:00,0,,-0.16950922207937102,0,0.2260344922542572,0,0,normal,0.98,keep,none
2024-06-03 02:30:00,0,,-0.18010601126778214,0,0.22362862527370453,0,0,normal,0.98,keep,none
2024-06-03 02:40:00,0,,-0.18398428811060452,0,0.2109394520521164,0,0,normal,0.98,keep,none
2024-06-03 02:50:00,0,,-0.1797055524918637,0,0.20898227393627167,0,0,normal,0.98,keep,none
2024-06-03 03:00:00,0,,-0.18078187847106947,0,0.17983295023441315,0,0,normal,0.98,keep,none
2024-06-03 03:10:00,1,missing,-0.12533081356107034,0,0.21452412009239197,0,1,missing,0.86,correct,rule
2024-06-03 03:20:00,0,,-0.17672390703458368,0,0.20258696377277374,0,0,normal,0.98,keep,none
2024-06-03 03:30:00,0,,-0.184762272659998,0,0.1975202113389969,0,0,normal,0.98,keep,none
2024-06-03 03:40:00,0,,-0.17801211911517212,0,0.1983279585838318,0,0,normal,0.98,keep,none
2024-06-03 03:50:00,0,,-0.18544905718931043,0,0.1945967674255371,0,0,normal,0.98,keep,none
2024-06-03 04:00:00,0,,-0.18547926490915156,0,0.18874867260456085,0,0,normal,0.98,keep,none
2024-06-03 04:10:00,0,,-0.17524804495682322,0,0.20097213983535767,0,0,normal,0.98,keep,none
2024-06-03 04:20:00,0,,-0.17680425610953537,0,0.20085713267326355,0,0,normal,0.98,keep,none
2024-06-03 04:30:00,0,,-0.19093952018283433,0,0.20915637910366058,0,0,normal,0.98,keep,none
2024-06-03 04:40:00,0,,-0.17543933366746545,0,0.19879150390625,0,0,normal,0.98,keep,none
2024-06-03 04:50:00,1,missing,-0.15056730461145162,0,0.21916718780994415,0,1,missing,0.86,correct,rule
2024-06-03 05:00:00,0,,-0.1902977283348431,0,0.2081558257341385,0,0,normal,0.98,keep,none
2024-06-03 05:10:00,0,,-0.1907874885936367,0,0.20856599509716034,0,0,normal,0.98,keep,none
2024-06-03 05:20:00,0,,-0.17405590330753262,0,0.2024976760149002,0,0,normal,0.98,keep,none
2024-06-03 05:30:00,0,,-0.18352783184482485,0,0.21598218381404877,0,0,normal,0.98,keep,none
2024-06-03 05:40:00,0,,-0.1873036276934315,0,0.2147136628627777,0,0,normal,0.98,keep,none
2024-06-03 05:50:00,0,,-0.1877587296000856,0,0.21785075962543488,0,0,normal,0.98,keep,none
2024-06-03 06:00:00,0,,-0.1854675032512617,0,0.22335907816886902,0,0,normal,0.98,keep,none
2024-06-03 06:10:00,0,,-0.18067799998897127,0,0.18866348266601562,0,0,normal,0.98,keep,none
2024-06-03 06:20:00,1,missing,-0.1372362681452155,0,0.2277335524559021,0,1,missing,0.86,correct,rule
2024-06-03 06:30:00,0,,-0.17446705964982656,0,0.22506557404994965,0,0,normal,0.98,keep,none
2024-06-03 06:40:00,0,,-0.1870126832393979,0,0.21743440628051758,0,0,normal,0.98,keep,none
2024-06-03 06:50:00,0,,-0.18840605904330066,0,0.22007644176483154,0,0,normal,0.98,keep,none
2024-06-03 07:00:00,0,,-0.17473563802316394,0,0.21465563774108887,0,0,normal,0.98,keep,none
2024-06-03 07:10:00,0,,-0.18375839492003804,0,0.21769481897354126,0,0,normal,0.98,keep,none
2024-06-03 07:20:00,0,,-0.188485341190208,0,0.20387274026870728,0,0,normal,0.98,keep,none
2024-06-03 07:30:00,0,,-0.17179067419527616,0,0.21139439940452576,0,0,normal,0.98,keep,none
2024-06-03 07:40:00,0,,-0.1849457526247058,0,0.20031650364398956,0,0,normal,0.98,keep,none
2024-06-03 07:50:00,0,,-0.19223771085808022,0,0.17729660868644714,0,0,normal,0.98,keep,none
2024-06-03 08:00:00,0,,-0.18533100470587838,0,0.18317732214927673,0,0,normal,0.98,keep,none
2024-06-03 08:10:00,0,,-0.18851901212853378,0,0.17521880567073822,0,0,normal,0.98,keep,none
2024-06-03 08:20:00,0,,-0.18904256715395995,0,0.16246241331100464,0,0,normal,0.98,keep,none
2024-06-03 08:30:00,0,,-0.18417074146812984,0,0.15575091540813446,0,0,normal,0.98,keep,none
2024-06-03 08:40:00,0,,-0.18231793846178201,0,0.1569281667470932,0,0,normal,0.98,keep,none
2024-06-03 08:50:00,0,,-0.18510922813920355,0,0.15385964512825012,0,0,normal,0.98,keep,none
2024-06-03 09:00:00,0,,-0.17690178457786382,0,0.1499185860157013,0,0,normal,0.98,keep,none
2024-06-03 09:10:00,0,,-0.17859810662511777,0,0.15173976123332977,0,0,normal,0.98,keep,none
2024-06-03 09:20:00,0,,-0.18372342966049232,0,0.12233612686395645,0,0,normal,0.98,keep,none
2024-06-03 09:30:00,0,,-0.18369748662158436,0,0.11749599128961563,0,0,normal,0.98,keep,none
2024-06-03 09:40:00,1,spike,0.09612978568053565,1,0.7546941637992859,0,1,spike,0.95,correct,hybrid
2024-06-03 09:50:00,0,,0.042679849988260354,1,0.8084374070167542,0,1,ml_suspicious,0.62,manual_review,isolation_forest
2024-06-03 10:00:00,0,,0.04591844546890833,1,0.9362553358078003,0,1,ml_suspicious,0.62,manual_review,isolation_forest
2024-06-03 10:10:00,0,,-0.009063032996556197,0,0.9380739331245422,0,0,normal,0.98,keep,none
2024-06-03 10:20:00,0,,-0.013124092041535529,0,0.9923529624938965,0,0,normal,0.98,keep,none
2024-06-03 10:30:00,0,,0.0016883983489942578,1,1.0534722805023193,0,1,ml_suspicious,0.62,manual_review,isolation_forest
2024-06-03 10:40:00,0,,-0.13558027055121813,0,0.9453046917915344,0,0,normal,0.98,keep,none
2024-06-03 10:50:00,0,,-0.12017475606100819,0,0.8834345936775208,0,0,normal,0.98,keep,none
2024-06-03 11:00:00,0,,-0.1359478030756296,0,0.805559515953064,0,0,normal,0.98,keep,none
2024-06-03 11:10:00,0,,-0.1251622528591506,0,0.7765098810195923,0,0,normal,0.98,keep,none
2024-06-03 11:20:00,0,,-0.13687776018386633,0,0.7596054673194885,0,0,normal,0.98,keep,none
2024-06-03 11:30:00,0,,-0.1388414500318605,0,0.7516604661941528,0,0,normal,0.98,keep,none
2024-06-03 11:40:00,0,,-0.14624906858219117,0,0.7445799708366394,0,0,normal,0.98,keep,none
2024-06-03 11:50:00,0,,-0.13779928926557627,0,0.7376114130020142,0,0,normal,0.98,keep,none
2024-06-03 12:00:00,0,,-0.1466192563743175,0,0.7271192073822021,0,0,normal,0.98,keep,none
2024-06-03 12:10:00,0,,-0.14611111576783375,0,0.7192269563674927,0,0,normal,0.98,keep,none
2024-06-03 12:20:00,0,,-0.14590604334266183,0,0.713320255279541,0,0,normal,0.98,keep,none
2024-06-03 12:30:00,0,,-0.1331703246895976,0,0.7075468897819519,0,0,normal,0.98,keep,none
2024-06-03 12:40:00,0,,-0.14007690708424286,0,0.49788323044776917,0,0,normal,0.98,keep,none
2024-06-03 12:50:00,0,,-0.16492633496435444,0,0.37697410583496094,0,0,normal,0.98,keep,none
2024-06-03 13:00:00,0,,-0.13792994798331737,0,0.3039548993110657,0,0,normal,0.98,keep,none
2024-06-03 13:10:00,0,,-0.16254508950335578,0,0.25785401463508606,0,0,normal,0.98,keep,none
2024-06-03 13:20:00,0,,-0.16743685269822456,0,0.2116365134716034,0,0,normal,0.98,keep,none
2024-06-03 13:30:00,0,,-0.15549824276605156,0,0.1648440957069397,0,0,normal,0.98,keep,none
2024-06-03 13:40:00,0,,-0.1457350411498165,0,0.17025479674339294,0,0,normal,0.98,keep,none
2024-06-03 13:50:00,0,,-0.15327978001004838,0,0.15822842717170715,0,0,normal,0.98,keep,none
2024-06-03 14:00:00,0,,-0.1513120833258645,0,0.15436817705631256,0,0,normal,0.98,keep,none
2024-06-03 14:10:00,0,,-0.16475314830596582,0,0.14349208772182465,0,0,normal,0.98,keep,none
2024-06-03 14:20:00,0,,-0.15563264264307214,0,0.13560977578163147,0,0,normal,0.98,keep,none
2024-06-03 14:30:00,0,,-0.1538024910880525,0,0.13505512475967407,0,0,normal,0.98,keep,none
2024-06-03 14:40:00,0,,-0.15857630915078724,0,0.12849542498588562,0,0,normal,0.98,keep,none
2024-06-03 14:50:00,0,,-0.1502605543096271,0,0.1270800232887268,0,0,normal,0.98,keep,none
2024-06-03 15:00:00,0,,-0.15447495555011093,0,0.11998331546783447,0,0,normal,0.98,keep,none
2024-06-03 15:10:00,0,,-0.14476541517766434,0,0.12419876456260681,0,0,normal,0.98,keep,none
2024-06-03 15:20:00,0,,-0.14520295512289216,0,0.13099217414855957,0,0,normal,0.98,keep,none
2024-06-03 15:30:00,0,,-0.1561747270360742,0,0.1211092472076416,0,0,normal,0.98,keep,none
2024-06-03 15:40:00,0,,-0.1441211176110223,0,0.1184726133942604,0,0,normal,0.98,keep,none
2024-06-03 15:50:00,0,,-0.1332431200864409,0,0.13571704924106598,0,0,normal,0.98,keep,none
2024-06-03 16:00:00,0,,-0.1615959088257588,0,0.12016074359416962,0,0,normal,0.98,keep,none
2024-06-03 16:10:00,0,,-0.15219199304922093,0,0.12399966269731522,0,0,normal,0.98,keep,none
2024-06-03 16:20:00,0,,-0.15210439720044777,0,0.13248282670974731,0,0,normal,0.98,keep,none
2024-06-03 16:30:00,0,,-0.15347420861695682,0,0.13660509884357452,0,0,normal,0.98,keep,none
2024-06-03 16:40:00,0,,-0.16673928349396605,0,0.12803921103477478,0,0,normal,0.98,keep,none
2024-06-03 16:50:00,0,,-0.1673306439850646,0,0.12108628451824188,0,0,normal,0.98,keep,none
2024-06-03 17:00:00,0,,-0.1625921474334031,0,0.11934773623943329,0,0,normal,0.98,keep,none
2024-06-03 17:10:00,0,,-0.16286496625188546,0,0.12026648223400116,0,0,normal,0.98,keep,none
2024-06-03 17:20:00,0,,-0.16746930411929312,0,0.11912862956523895,0,0,normal,0.98,keep,none
2024-06-03 17:30:00,0,,-0.16580235234423485,0,0.11610405147075653,0,0,normal,0.98,keep,none
2024-06-03 17:40:00,0,,-0.15971026295910334,0,0.1184549406170845,0,0,normal,0.98,keep,none
2024-06-03 17:50:00,0,,-0.16137810783992806,0,0.11496227234601974,0,0,normal,0.98,keep,none
2024-06-03 18:00:00,0,,-0.16648935950386384,0,0.1166120395064354,0,0,normal,0.98,keep,none
2024-06-03 18:10:00,0,,-0.1533481005905163,0,0.1126079112291336,0,0,normal,0.98,keep,none
2024-06-03 18:20:00,1,missing,-0.1289190258744835,0,0.16838763654232025,0,1,missing,0.86,correct,rule
2024-06-03 18:30:00,0,,-0.17161798934855887,0,0.17108513414859772,0,0,normal,0.98,keep,none
2024-06-03 18:40:00,0,,-0.15734556475628042,0,0.1798740029335022,0,0,normal,0.98,keep,none
2024-06-03 18:50:00,0,,-0.15405843090559324,0,0.18317218124866486,0,0,normal,0.98,keep,none
2024-06-03 19:00:00,0,,-0.16838163343150642,0,0.18803730607032776,0,0,normal,0.98,keep,none
2024-06-03 19:10:00,0,,-0.16906152676382535,0,0.1868617683649063,0,0,normal,0.98,keep,none
2024-06-03 19:20:00,0,,-0.1635887655973674,0,0.18770208954811096,0,0,normal,0.98,keep,none
2024-06-03 19:30:00,0,,-0.18491124202090486,0,0.1828615814447403,0,0,normal,0.98,keep,none
2024-06-03 19:40:00,1,missing,-0.14271379473189677,0,0.2290010303258896,0,1,missing,0.86,correct,rule
2024-06-03 19:50:00,0,,-0.08064334945442564,0,0.33580082654953003,0,0,normal,0.98,keep,none
2024-06-03 20:00:00,0,,-0.0939867427620088,0,0.5229786038398743,0,0,normal,0.98,keep,none
2024-06-03 20:10:00,0,,-0.10398034177348581,0,0.637946605682373,0,0,normal,0.98,keep,none
2024-06-03 20:20:00,0,,-0.10751467470469983,0,0.6790417432785034,0,0,normal,0.98,keep,none
2024-06-03 20:30:00,0,,-0.10126543943509864,0,0.7120928764343262,0,0,normal,0.98,keep,none
2024-06-03 20:40:00,0,,-0.09721099582063186,0,0.7255148887634277,0,0,normal,0.98,keep,none
2024-06-03 20:50:00,0,,-0.09156002785475292,0,0.7489975094795227,0,0,normal,0.98,keep,none
2024-06-03 21:00:00,0,,-0.09257894218424578,0,0.7220836877822876,0,0,normal,0.98,keep,none
2024-06-03 21:10:00,0,,-0.06268971599846418,0,0.6888377666473389,0,0,normal,0.98,keep,none
2024-06-03 21:20:00,0,,-0.09300760255988283,0,0.6124182343482971,0,0,normal,0.98,keep,none
2024-06-03 21:30:00,0,,-0.09951424968707379,0,0.5696224570274353,0,0,normal,0.98,keep,none
2024-06-03 21:40:00,0,,-0.10087534025678119,0,0.5178489089012146,0,0,normal,0.98,keep,none
2024-06-03 21:50:00,0,,-0.07658716479517375,0,0.4518938362598419,0,0,normal,0.98,keep,none
2024-06-03 22:00:00,0,,-0.10166684962276906,0,0.40550732612609863,0,0,normal,0.98,keep,none
2024-06-03 22:10:00,0,,-0.1013321439359664,0,0.35620611906051636,0,0,normal,0.98,keep,none
2024-06-03 22:20:00,0,,-0.09271699478249051,0,0.31123536825180054,0,0,normal,0.98,keep,none
2024-06-03 22:30:00,0,,-0.09866257585016164,0,0.2832792103290558,0,0,normal,0.98,keep,none
2024-06-03 22:40:00,0,,-0.10526214737870987,0,0.2544693648815155,0,0,normal,0.98,keep,none
2024-06-03 22:50:00,0,,-0.08334908709806388,0,0.24993796646595,0,0,normal,0.98,keep,none
2024-06-03 23:00:00,0,,-0.1012572062554355,0,0.2476409375667572,0,0,normal,0.98,keep,none
2024-06-03 23:10:00,0,,-0.08176624918024633,0,0.24647477269172668,0,0,normal,0.98,keep,none
2024-06-03 23:20:00,0,,-0.11125440549523902,0,0.2535202205181122,0,0,normal,0.98,keep,none
2024-06-03 23:30:00,0,,-0.1036139152057372,0,0.25032883882522583,0,0,normal,0.98,keep,none
2024-06-03 23:40:00,0,,-0.09634184273663365,0,0.2542160153388977,0,0,normal,0.98,keep,none
2024-06-03 23:50:00,0,,-0.10225865509099907,0,0.2507378160953522,0,0,normal,0.98,keep,none
2024-06-04 00:00:00,0,,-0.09984890574534572,0,0.24765528738498688,0,0,normal,0.98,keep,none
2024-06-04 00:10:00,0,,-0.09393651796264102,0,0.2513740658760071,0,0,normal,0.98,keep,none
2024-06-04 00:20:00,0,,-0.08995968608826926,0,0.2552263140678406,0,0,normal,0.98,keep,none
2024-06-04 00:30:00,0,,-0.10743451785730335,0,0.2559903562068939,0,0,normal,0.98,keep,none
2024-06-04 00:40:00,0,,-0.11021407252642412,0,0.25750941038131714,0,0,normal,0.98,keep,none
2024-06-04 00:50:00,0,,-0.09925435720497605,0,0.244686096906662,0,0,normal,0.98,keep,none
2024-06-04 01:00:00,0,,-0.10369025686470135,0,0.24643217027187347,0,0,normal,0.98,keep,none
2024-06-04 01:10:00,0,,-0.09003832324303707,0,0.25011196732521057,0,0,normal,0.98,keep,none
2024-06-04 01:20:00,0,,-0.09989912975242254,0,0.2541393041610718,0,0,normal,0.98,keep,none
2024-06-04 01:30:00,0,,-0.08989196465210991,0,0.2613203525543213,0,0,normal,0.98,keep,none
2024-06-04 01:40:00,0,,-0.11112114499653547,0,0.2574520707130432,0,0,normal,0.98,keep,none
2024-06-04 01:50:00,0,,-0.10195296858955616,0,0.2483517974615097,0,0,normal,0.98,keep,none
2024-06-04 02:00:00,0,,-0.10217300317628264,0,0.2503235936164856,0,0,normal,0.98,keep,none
2024-06-04 02:10:00,0,,-0.11309576211350275,0,0.24425017833709717,0,0,normal,0.98,keep,none
2024-06-04 02:20:00,0,,-0.0829124014880449,0,0.25479593873023987,0,0,normal,0.98,keep,none
2024-06-04 02:30:00,0,,-0.10580546102636973,0,0.2641810476779938,0,0,normal,0.98,keep,none
2024-06-04 02:40:00,0,,-0.11915260715956794,0,0.25708237290382385,0,0,normal,0.98,keep,none
2024-06-04 02:50:00,0,,-0.11319327967740628,0,0.2598690986633301,0,0,normal,0.98,keep,none
2024-06-04 03:00:00,0,,-0.10431752641918574,0,0.25345951318740845,0,0,normal,0.98,keep,none
2024-06-04 03:10:00,0,,-0.11031250967786782,0,0.2466033697128296,0,0,normal,0.98,keep,none
2024-06-04 03:20:00,0,,-0.10994107214243332,0,0.23206809163093567,0,0,normal,0.98,keep,none
2024-06-04 03:30:00,0,,-0.09909809139419734,0,0.23626334965229034,0,0,normal,0.98,keep,none
2024-06-04 03:40:00,0,,-0.10788690756009939,0,0.2417619526386261,0,0,normal,0.98,keep,none
2024-06-04 03:50:00,0,,-0.11374609087396059,0,0.2395341694355011,0,0,normal,0.98,keep,none
2024-06-04 04:00:00,0,,-0.10744614632971683,0,0.23661835491657257,0,0,normal,0.98,keep,none
2024-06-04 04:10:00,0,,-0.10497200454316624,0,0.22789856791496277,0,0,normal,0.98,keep,none
2024-06-04 04:20:00,0,,-0.10983962478112524,0,0.21883344650268555,0,0,normal,0.98,keep,none
2024-06-04 04:30:00,0,,-0.10550045738690739,0,0.20634178817272186,0,0,normal,0.98,keep,none
2024-06-04 04:40:00,0,,-0.10253803363816838,0,0.20786303281784058,0,0,normal,0.98,keep,none
2024-06-04 04:50:00,0,,-0.09664477390925219,0,0.21245184540748596,0,0,normal,0.98,keep,none
2024-06-04 05:00:00,0,,-0.10594144071303796,0,0.2094469517469406,0,0,normal,0.98,keep,none
2024-06-04 05:10:00,0,,-0.11073095244056258,0,0.20523785054683685,0,0,normal,0.98,keep,none
2024-06-04 05:20:00,0,,-0.11142731458379851,0,0.1876693069934845,0,0,normal,0.98,keep,none
2024-06-04 05:30:00,0,,-0.10413035103555662,0,0.1808539479970932,0,0,normal,0.98,keep,none
2024-06-04 05:40:00,0,,-0.10647363082675765,0,0.18564464151859283,0,0,normal,0.98,keep,none
2024-06-04 05:50:00,0,,-0.11120276223271808,0,0.18310809135437012,0,0,normal,0.98,keep,none
2024-06-04 06:00:00,0,,-0.0957662606818433,0,0.18730013072490692,0,0,normal,0.98,keep,none
2024-06-04 06:10:00,0,,-0.10789000663484921,0,0.18890009820461273,0,0,normal,0.98,keep,none
2024-06-04 06:20:00,0,,-0.0999320949866464,0,0.19168490171432495,0,0,normal,0.98,keep,none
2024-06-04 06:30:00,0,,-0.10899154930826888,0,0.18930687010288239,0,0,normal,0.98,keep,none
2024-06-04 06:40:00,0,,-0.1116196118044469,0,0.18255287408828735,0,0,normal,0.98,keep,none
2024-06-04 06:50:00,0,,-0.11308526730786433,0,0.1803377866744995,0,0,normal,0.98,keep,none
2024-06-04 07:00:00,0,,-0.11357266329730503,0,0.1787068247795105,0,0,normal,0.98,keep,none
2024-06-04 07:10:00,0,,-0.09054244360146457,0,0.1909494400024414,0,0,normal,0.98,keep,none
2024-06-04 07:20:00,0,,-0.10170448041281921,0,0.19463206827640533,0,0,normal,0.98,keep,none
2024-06-04 07:30:00,0,,-0.09787896083714226,0,0.19911055266857147,0,0,normal,0.98,keep,none
2024-06-04 07:40:00,0,,-0.09820692029714717,0,0.20252494513988495,0,0,normal,0.98,keep,none
2024-06-04 07:50:00,0,,-0.10576978694592204,0,0.19553470611572266,0,0,normal,0.98,keep,none
2024-06-04 08:00:00,0,,-0.10667545240531856,0,0.19106870889663696,0,0,normal,0.98,keep,none
2024-06-04 08:10:00,0,,-0.10007668785102475,0,0.19775618612766266,0,0,normal,0.98,keep,none
2024-06-04 08:20:00,0,,-0.08906843087604516,0,0.19955722987651825,0,0,normal,0.98,keep,none
2024-06-04 08:30:00,0,,-0.10079101309096705,0,0.19960784912109375,0,0,normal,0.98,keep,none
2024-06-04 08:40:00,0,,-0.09156549876509595,0,0.20281626284122467,0,0,normal,0.98,keep,none
2024-06-04 08:50:00,0,,-0.08683073893325399,0,0.2111591398715973,0,0,normal,0.98,keep,none
2024-06-04 09:00:00,0,,-0.09447297508519104,0,0.20830745995044708,0,0,normal,0.98,keep,none
2024-06-04 09:10:00,0,,-0.1006557238289773,0,0.2073887288570404,0,0,normal,0.98,keep,none
2024-06-04 09:20:00,0,,-0.10527835659728196,0,0.20251861214637756,0,0,normal,0.98,keep,none
2024-06-04 09:30:00,0,,-0.10751275034839375,0,0.19697782397270203,0,0,normal,0.98,keep,none
2024-06-04 09:40:00,0,,-0.11004048038267161,0,0.19619561731815338,0,0,normal,0.98,keep,none
2024-06-04 09:50:00,0,,-0.10383631436464141,0,0.19630908966064453,0,0,normal,0.98,keep,none
2024-06-04 10:00:00,0,,-0.10682473502515516,0,0.20347797870635986,0,0,normal,0.98,keep,none
2024-06-04 10:10:00,0,,-0.08747223782869351,0,0.20155934989452362,0,0,normal,0.98,keep,none
2024-06-04 10:20:00,0,,-0.08334692654431625,0,0.2049279808998108,0,0,normal,0.98,keep,none
2024-06-04 10:30:00,0,,-0.10623031564933844,0,0.19781838357448578,0,0,normal,0.98,keep,none
2024-06-04 10:40:00,0,,-0.1048077388924219,0,0.1884283721446991,0,0,normal,0.98,keep,none
2024-06-04 10:50:00,0,,-0.10514270170266127,0,0.18860800564289093,0,0,normal,0.98,keep,none
2024-06-04 11:00:00,0,,-0.10779489173846957,0,0.18611371517181396,0,0,normal,0.98,keep,none
2024-06-04 11:10:00,0,,-0.1056901729374981,0,0.1832761913537979,0,0,normal,0.98,keep,none
2024-06-04 11:20:00,0,,-0.10199754931600935,0,0.18176893889904022,0,0,normal,0.98,keep,none
2024-06-04 11:30:00,0,,-0.10161183586587741,0,0.182793527841568,0,0,normal,0.98,keep,none
2024-06-04 11:40:00,0,,-0.1066791374105247,0,0.18271276354789734,0,0,normal,0.98,keep,none
2024-06-04 11:50:00,0,,-0.10159389181913336,0,0.17340654134750366,0,0,normal,0.98,keep,none
2024-06-04 12:00:00,0,,-0.10583665793316532,0,0.1649509221315384,0,0,normal,0.98,keep,none
2024-06-04 12:10:00,0,,-0.10598280200183352,0,0.16418829560279846,0,0,normal,0.98,keep,none
2024-06-04 12:20:00,0,,-0.10368326470447714,0,0.16392408311367035,0,0,normal,0.98,keep,none
2024-06-04 12:30:00,0,,-0.09919648773734852,0,0.16799117624759674,0,0,normal,0.98,keep,none
2024-06-04 12:40:00,0,,-0.10403184503534302,0,0.16850325465202332,0,0,normal,0.98,keep,none
2024-06-04 12:50:00,0,,-0.09898692270593384,0,0.17680908739566803,0,0,normal,0.98,keep,none
2024-06-04 13:00:00,0,,-0.07742453321465748,0,0.1935119479894638,0,0,normal,0.98,keep,none
2024-06-04 13:10:00,0,,-0.10094862142097055,0,0.1840669810771942,0,0,normal,0.98,keep,none
2024-06-04 13:20:00,0,,-0.10468977928394602,0,0.17611950635910034,0,0,normal,0.98,keep,none
2024-06-04 13:30:00,0,,-0.09686098228909779,0,0.17962047457695007,0,0,normal,0.98,keep,none
2024-06-04 13:40:00,0,,-0.07549580527336786,0,0.19324900209903717,0,0,normal,0.98,keep,none
2024-06-04 13:50:00,0,,-0.09485892904714943,0,0.19802749156951904,0,0,normal,0.98,keep,none
2024-06-04 14:00:00,0,,-0.09362725491799007,0,0.20754684507846832,0,0,normal,0.98,keep,none
2024-06-04 14:10:00,0,,-0.07938913470920017,0,0.21705232560634613,0,0,normal,0.98,keep,none
2024-06-04 14:20:00,0,,-0.09513840896805692,0,0.22254322469234467,0,0,normal,0.98,keep,none
2024-06-04 14:30:00,0,,-0.10078099826432485,0,0.21885061264038086,0,0,normal,0.98,keep,none
2024-06-04 14:40:00,0,,-0.09938849542732664,0,0.22292283177375793,0,0,normal,0.98,keep,none
2024-06-04 14:50:00,0,,-0.069508802383484,0,0.2462308555841446,0,0,normal,0.98,keep,none
2024-06-04 15:00:00,0,,-0.09965148999774781,0,0.24955816566944122,0,0,normal,0.98,keep,none
2024-06-04 15:10:00,0,,-0.10418907915532866,0,0.25684502720832825,0,0,normal,0.98,keep,none
2024-06-04 15:20:00,0,,-0.09854469471786598,0,0.25872892141342163,0,0,normal,0.98,keep,none
2024-06-04 15:30:00,0,,-0.10266264529716962,0,0.2606861889362335,0,0,normal,0.98,keep,none
2024-06-04 15:40:00,0,,-0.09738494903469952,0,0.2627921402454376,0,0,normal,0.98,keep,none
2024-06-04 15:50:00,0,,-0.09691788324753764,0,0.26233458518981934,0,0,normal,0.98,keep,none
2024-06-04 16:00:00,0,,-0.09977466367321097,0,0.25540462136268616,0,0,normal,0.98,keep,none
2024-06-04 16:10:00,0,,-0.1017810094770693,0,0.2656404674053192,0,0,normal,0.98,keep,none
2024-06-04 16:20:00,1,missing,-0.1319282922889145,0,0.43118470907211304,0,1,missing,0.86,correct,rule
2024-06-04 16:30:00,0,,-0.1786855573375018,0,0.5010267496109009,0,0,normal,0.98,keep,none
2024-06-04 16:40:00,0,,-0.17722584481118547,0,0.6004296541213989,0,0,normal,0.98,keep,none
2024-06-04 16:50:00,0,,-0.17737866199256708,0,0.6780227422714233,0,0,normal,0.98,keep,none
2024-06-04 17:00:00,0,,-0.17796483867529195,0,0.6928730010986328,0,0,normal,0.98,keep,none
2024-06-04 17:10:00,0,,-0.17501610061379053,0,0.6907584071159363,0,0,normal,0.98,keep,none
2024-06-04 17:20:00,0,,-0.17640870148765658,0,0.6730196475982666,0,0,normal,0.98,keep,none
2024-06-04 17:30:00,0,,-0.1653763666427039,0,0.624371349811554,0,0,normal,0.98,keep,none
2024-06-04 17:40:00,0,,-0.18308913068997884,0,0.5944411754608154,0,0,normal,0.98,keep,none
2024-06-04 17:50:00,0,,-0.16375790921047212,0,0.545161247253418,0,0,normal,0.98,keep,none
2024-06-04 18:00:00,0,,-0.17604887944161351,0,0.4881460964679718,0,0,normal,0.98,keep,none
2024-06-04 18:10:00,0,,-0.18003034463302459,0,0.44476035237312317,0,0,normal,0.98,keep,none
2024-06-04 18:20:00,1,missing,-0.13701807330436389,0,0.45358631014823914,0,1,missing,0.86,correct,rule
2024-06-04 18:30:00,1,missing,-0.13883001883194052,0,0.4330402910709381,0,1,missing,0.86,correct,rule
2024-06-04 18:40:00,0,,-0.1843249133771067,0,0.3686216175556183,0,0,normal,0.98,keep,none
2024-06-04 18:50:00,0,,-0.1861571826455608,0,0.3179451525211334,0,0,normal,0.98,keep,none
2024-06-04 19:00:00,0,,-0.1848141618598358,0,0.277878075838089,0,0,normal,0.98,keep,none
2024-06-04 19:10:00,0,,-0.1797854212483433,0,0.23200497031211853,0,0,normal,0.98,keep,none
2024-06-04 19:20:00,0,,-0.18115217034096998,0,0.20392289757728577,0,0,normal,0.98,keep,none
2024-06-04 19:30:00,0,,-0.16722459456509686,0,0.2122761756181717,0,0,normal,0.98,keep,none
2024-06-04 19:40:00,0,,-0.1834584180056657,0,0.21195748448371887,0,0,normal,0.98,keep,none
2024-06-04 19:50:00,0,,-0.19202167298220585,0,0.20735354721546173,0,0,normal,0.98,keep,none
2024-06-04 20:00:00,0,,-0.19010230138152662,0,0.20057235658168793,0,0,normal,0.98,keep,none
2024-06-04 20:10:00,0,,-0.1909000020859139,0,0.19020408391952515,0,0,normal,0.98,keep,none
2024-06-04 20:20:00,0,,-0.186950160244437,0,0.17802844941616058,0,0,normal,0.98,keep,none
2024-06-04 20:30:00,0,,-0.18544942208197407,0,0.17721882462501526,0,0,normal,0.98,keep,none
2024-06-04 20:40:00,0,,-0.16814017277404059,0,0.17511755228042603,0,0,normal,0.98,keep,none
2024-06-04 20:50:00,0,,-0.16564413257380273,0,0.17483162879943848,0,0,normal,0.98,keep,none
2024-06-04 21:00:00,0,,-0.1758024277550388,0,0.17165878415107727,0,0,normal,0.98,keep,none
2024-06-04 21:10:00,0,,-0.1835011913962757,0,0.16471055150032043,0,0,normal,0.98,keep,none
2024-06-04 21:20:00,0,,-0.18018507165057734,0,0.13777214288711548,0,0,normal,0.98,keep,none
2024-06-04 21:30:00,0,,-0.17264243538937096,0,0.11332300305366516,0,0,normal,0.98,keep,none
2024-06-04 21:40:00,0,,-0.18126124212899136,0,0.11489474028348923,0,0,normal,0.98,keep,none
2024-06-04 21:50:00,0,,-0.18407289480105238,0,0.11604391038417816,0,0,normal,0.98,keep,none
2024-06-04 22:00:00,0,,-0.17760583810253328,0,0.11589950323104858,0,0,normal,0.98,keep,none
2024-06-04 22:10:00,0,,-0.18292513180151027,0,0.11242756247520447,0,0,normal,0.98,keep,none
2024-06-04 22:20:00,0,,-0.18014274534271263,0,0.11439245939254761,0,0,normal,0.98,keep,none
2024-06-04 22:30:00,0,,-0.18465235346502729,0,0.10846171528100967,0,0,normal,0.98,keep,none
2024-06-04 22:40:00,0,,-0.1777401855440593,0,0.10693901777267456,0,0,normal,0.98,keep,none
2024-06-04 22:50:00,0,,-0.18741156946842769,0,0.10640772432088852,0,0,normal,0.98,keep,none
2024-06-04 23:00:00,0,,-0.17509913481369765,0,0.11220282316207886,0,0,normal,0.98,keep,none
2024-06-04 23:10:00,1,missing,-0.14063048180576931,0,0.14874336123466492,0,1,missing,0.86,correct,rule
2024-06-04 23:20:00,0,,-0.16829895617256635,0,0.1506313681602478,0,0,normal,0.98,keep,none
2024-06-04 23:30:00,0,,-0.16985940748296702,0,0.16315971314907074,0,0,normal,0.98,keep,none
2024-06-04 23:40:00,0,,-0.1577785217876589,0,0.1619826853275299,0,0,normal,0.98,keep,none
2024-06-04 23:50:00,0,,-0.15725947081043212,0,0.16003045439720154,0,0,normal,0.98,keep,none
2024-06-05 00:00:00,0,,-0.18427881361591458,0,0.16595646739006042,0,0,normal,0.98,keep,none
2024-06-05 00:10:00,0,,-0.167313716013047,0,0.16861677169799805,0,0,normal,0.98,keep,none
2024-06-05 00:20:00,0,,-0.18204622645317087,0,0.18318839371204376,0,0,normal,0.98,keep,none
2024-06-05 00:30:00,0,,-0.19406097361906127,0,0.17724904417991638,0,0,normal,0.98,keep,none
2024-06-05 00:40:00,0,,-0.1702380365715982,0,0.17974352836608887,0,0,normal,0.98,keep,none
2024-06-05 00:50:00,0,,-0.1909119079637271,0,0.1841358244419098,0,0,normal,0.98,keep,none
2024-06-05 01:00:00,0,,-0.18920368423616846,0,0.18604183197021484,0,0,normal,0.98,keep,none
2024-06-05 01:10:00,0,,-0.19231940402408043,0,0.1854153573513031,0,0,normal,0.98,keep,none
2024-06-05 01:20:00,0,,-0.19411439419768495,0,0.18153062462806702,0,0,normal,0.98,keep,none
2024-06-05 01:30:00,0,,-0.18000472067575157,0,0.18194283545017242,0,0,normal,0.98,keep,none
2024-06-05 01:40:00,0,,-0.17498148969791505,0,0.18638546764850616,0,0,normal,0.98,keep,none
2024-06-05 01:50:00,0,,-0.17128761918463858,0,0.1933722347021103,0,0,normal,0.98,keep,none
2024-06-05 02:00:00,0,,-0.18224416761015028,0,0.1947801560163498,0,0,normal,0.98,keep,none
2024-06-05 02:10:00,0,,-0.1876748482640963,0,0.16633754968643188,0,0,normal,0.98,keep,none
2024-06-05 02:20:00,0,,-0.18926326952519212,0,0.15712814033031464,0,0,normal,0.98,keep,none
2024-06-05 02:30:00,0,,-0.1864860540778735,0,0.15064863860607147,0,0,normal,0.98,keep,none
2024-06-05 02:40:00,0,,-0.1756264789295977,0,0.15027080476284027,0,0,normal,0.98,keep,none
2024-06-05 02:50:00,0,,-0.17494456756381732,0,0.14410698413848877,0,0,normal,0.98,keep,none
2024-06-05 03:00:00,1,spurious,-0.14002197991447818,0,0.17289312183856964,0,1,spurious,0.86,correct,rule
2024-06-05 03:10:00,1,missing,-0.14120654303065716,0,0.19221997261047363,0,1,missing,0.86,correct,rule
2024-06-05 03:20:00,0,,-0.18311661478534486,0,0.1728561520576477,0,0,normal,0.98,keep,none
2024-06-05 03:30:00,0,,-0.18436771131810475,0,0.17549866437911987,0,0,normal,0.98,keep,none
2024-06-05 03:40:00,0,,-0.18987615334161478,0,0.16290146112442017,0,0,normal,0.98,keep,none
2024-06-05 03:50:00,0,,-0.19307872634947276,0,0.16400077939033508,0,0,normal,0.98,keep,none
2024-06-05 04:00:00,0,,-0.20023439665528453,0,0.161137193441391,0,0,normal,0.98,keep,none
2024-06-05 04:10:00,0,,-0.18555909534881837,0,0.16513830423355103,0,0,normal,0.98,keep,none
2024-06-05 04:20:00,0,,-0.1887799211779646,0,0.17288924753665924,0,0,normal,0.98,keep,none
2024-06-05 04:30:00,0,,-0.19286752808411917,0,0.17771250009536743,0,0,normal,0.98,keep,none
2024-06-05 04:40:00,0,,-0.19647976608289297,0,0.17165842652320862,0,0,normal,0.98,keep,none
2024-06-05 04:50:00,0,,-0.18900866053740478,0,0.174773171544075,0,0,normal,0.98,keep,none
2024-06-05 05:00:00,0,,-0.19132181039390234,0,0.17183338105678558,0,0,normal,0.98,keep,none
2024-06-05 05:10:00,0,,-0.18554239130096745,0,0.17803595960140228,0,0,normal,0.98,keep,none
2024-06-05 05:20:00,0,,-0.19269773392886552,0,0.1754130870103836,0,0,normal,0.98,keep,none
2024-06-05 05:30:00,0,,-0.1915637382845592,0,0.17786499857902527,0,0,normal,0.98,keep,none
2024-06-05 05:40:00,0,,-0.19680348361975097,0,0.16751185059547424,0,0,normal,0.98,keep,none
2024-06-05 05:50:00,0,,-0.1921492137030416,0,0.16214962303638458,0,0,normal,0.98,keep,none
2024-06-05 06:00:00,0,,-0.18145867338825672,0,0.13521592319011688,0,0,normal,0.98,keep,none
2024-06-05 06:10:00,0,,-0.19337915951218826,0,0.10903013497591019,0,0,normal,0.98,keep,none
2024-06-05 06:20:00,0,,-0.17288141957381403,0,0.12480048090219498,0,0,normal,0.98,keep,none
2024-06-05 06:30:00,0,,-0.18894684790612803,0,0.12363499402999878,0,0,normal,0.98,keep,none
2024-06-05 06:40:00,0,,-0.18143163501985404,0,0.1287228912115097,0,0,normal,0.98,keep,none
2024-06-05 06:50:00,0,,-0.17604743704963077,0,0.1400659829378128,0,0,normal,0.98,keep,none
2024-06-05 07:00:00,0,,-0.14462107041907202,0,0.15932321548461914,0,0,normal,0.98,keep,none
2024-06-05 07:10:00,0,,-0.16653665464213013,0,0.1795133650302887,0,0,normal,0.98,keep,none
2024-06-05 07:20:00,0,,-0.18632402220508248,0,0.17556121945381165,0,0,normal,0.98,keep,none
2024-06-05 07:30:00,0,,-0.19489706587077743,0,0.17105276882648468,0,0,normal,0.98,keep,none
2024-06-05 07:40:00,0,,-0.19302793943018004,0,0.16804911196231842,0,0,normal,0.98,keep,none
2024-06-05 07:50:00,1,negative,-0.12661763009488286,0,0.1944633573293686,0,1,negative,0.86,correct,rule
2024-06-05 08:00:00,0,,-0.13222055494375146,0,0.20536619424819946,0,0,normal,0.98,keep,none
2024-06-05 08:10:00,1,missing,-0.12026408144325867,0,0.23511643707752228,0,1,missing,0.86,correct,rule
2024-06-05 08:20:00,0,,-0.1653624683902521,0,0.2385084331035614,0,0,normal,0.98,keep,none
2024-06-05 08:30:00,0,,-0.1701671273361503,0,0.2381581813097,0,0,normal,0.98,keep,none
2024-06-05 08:40:00,0,,-0.16906017437187854,0,0.24348829686641693,0,0,normal,0.98,keep,none
2024-06-05 08:50:00,0,,-0.16671575757159413,0,0.2531979978084564,0,0,normal,0.98,keep,none
2024-06-05 09:00:00,0,,-0.17630949057881978,0,0.25220057368278503,0,0,normal,0.98,keep,none
2024-06-05 09:10:00,1,missing,-0.14318225339361762,0,0.27349773049354553,0,1,missing,0.86,correct,rule
2024-06-05 09:20:00,0,,-0.17741885490902098,0,0.27174174785614014,0,0,normal,0.98,keep,none
2024-06-05 09:30:00,0,,-0.1755010675697946,0,0.27631062269210815,0,0,normal,0.98,keep,none
2024-06-05 09:40:00,0,,-0.16740482469214324,0,0.2798096537590027,0,0,normal,0.98,keep,none
2024-06-05 09:50:00,0,,-0.17535852151432113,0,0.26992067694664,0,0,normal,0.98,keep,none
2024-06-05 10:00:00,0,,-0.18106193655446856,0,0.2604719400405884,0,0,normal,0.98,keep,none
2024-06-05 10:10:00,0,,-0.16761641610712807,0,0.24488447606563568,0,0,normal,0.98,keep,none
2024-06-05 10:20:00,1,negative,-0.13290990932763364,0,0.2639238238334656,0,1,negative,0.86,correct,rule
2024-06-05 10:30:00,0,,-0.1617019900871257,0,0.3077298104763031,0,0,normal,0.98,keep,none
2024-06-05 10:40:00,0,,-0.1433272525347996,0,0.33993855118751526,0,0,normal,0.98,keep,none
2024-06-05 10:50:00,0,,-0.15868694318543936,0,0.33012649416923523,0,0,normal,0.98,keep,none
2024-06-05 11:00:00,0,,-0.15065341801365428,0,0.31690630316734314,0,0,normal,0.98,keep,none
2024-06-05 11:10:00,0,,-0.1690020474896854,0,0.284256249666214,0,0,normal,0.98,keep,none
2024-06-05 11:20:00,0,,-0.17546356273526414,0,0.2790153920650482,0,0,normal,0.98,keep,none
2024-06-05 11:30:00,0,,-0.16582659472650174,0,0.2640571892261505,0,0,normal,0.98,keep,none
2024-06-05 11:40:00,0,,-0.16744492566928953,0,0.26878759264945984,0,0,normal,0.98,keep,none
2024-06-05 11:50:00,0,,-0.1648958543723616,0,0.2595055401325226,0,0,normal,0.98,keep,none
2024-06-05 12:00:00,0,,-0.16149576373341518,0,0.25452208518981934,0,0,normal,0.98,keep,none
2024-06-05 12:10:00,0,,-0.16538678237337773,0,0.2267153263092041,0,0,normal,0.98,keep,none
2024-06-05 12:20:00,0,,-0.15916082885645244,0,0.22213837504386902,0,0,normal,0.98,keep,none
2024-06-05 12:30:00,0,,-0.16157515815639095,0,0.217792809009552,0,0,normal,0.98,keep,none
2024-06-05 12:40:00,0,,-0.15513272060682542,0,0.21236348152160645,0,0,normal,0.98,keep,none
2024-06-05 12:50:00,0,,-0.1734546192751853,0,0.19962124526500702,0,0,normal,0.98,keep,none
2024-06-05 13:00:00,0,,-0.16838263810125453,0,0.18638890981674194,0,0,normal,0.98,keep,none
2024-06-05 13:10:00,0,,-0.17109763208185852,0,0.1617298275232315,0,0,normal,0.98,keep,none
2024-06-05 13:20:00,0,,-0.1561559080019636,0,0.13716170191764832,0,0,normal,0.98,keep,none
2024-06-05 13:30:00,0,,-0.16356353777285032,0,0.13486343622207642,0,0,normal,0.98,keep,none
2024-06-05 13:40:00,0,,-0.15421762775148368,0,0.13465027511119843,0,0,normal,0.98,keep,none
2024-06-05 13:50:00,0,,-0.1597154922198359,0,0.13268448412418365,0,0,normal,0.98,keep,none
2024-06-05 14:00:00,0,,-0.17330421607315416,0,0.12796112895011902,0,0,normal,0.98,keep,none
2024-06-05 14:10:00,0,,-0.17541810714783035,0,0.12563113868236542,0,0,normal,0.98,keep,none
2024-06-05 14:20:00,0,,-0.16645623049533947,0,0.12928909063339233,0,0,normal,0.98,keep,none
2024-06-05 14:30:00,0,,-0.16282673244764173,0,0.12734411656856537,0,0,normal,0.98,keep,none
2024-06-05 14:40:00,0,,-0.16185055407204751,0,0.1252232789993286,0,0,normal,0.98,keep,none
2024-06-05 14:50:00,0,,-0.1564194094854398,0,0.1315254271030426,0,0,normal,0.98,keep,none
2024-06-05 15:00:00,0,,-0.17378436686905946,0,0.1252085566520691,0,0,normal,0.98,keep,none
2024-06-05 15:10:00,0,,-0.1608786437557737,0,0.12515825033187866,0,0,normal,0.98,keep,none
2024-06-05 15:20:00,0,,-0.15896745720847982,0,0.1222217008471489,0,0,normal,0.98,keep,none
2024-06-05 15:30:00,0,,-0.17076103118725589,0,0.11390335857868195,0,0,normal,0.98,keep,none
2024-06-05 15:40:00,0,,-0.17027566852615228,0,0.10184497386217117,0,0,normal,0.98,keep,none
2024-06-05 15:50:00,0,,-0.1741420570469544,0,0.09931890666484833,0,0,normal,0.98,keep,none
2024-06-05 16:00:00,0,,-0.1627761419921332,0,0.10425765067338943,0,0,normal,0.98,keep,none
2024-06-05 16:10:00,0,,-0.1468682507111585,0,0.12074962258338928,0,0,normal,0.98,keep,none
2024-06-05 16:20:00,0,,-0.1694524414421164,0,0.11215666681528091,0,0,normal,0.98,keep,none
2024-06-05 16:30:00,0,,-0.16908019273855718,0,0.10873327404260635,0,0,normal,0.98,keep,none
2024-06-05 16:40:00,0,,-0.15307048132904177,0,0.11292079091072083,0,0,normal,0.98,keep,none
2024-06-05 16:50:00,0,,-0.17117093401595102,0,0.10781066119670868,0,0,normal,0.98,keep,none
2024-06-05 17:00:00,0,,-0.1732189907104955,0,0.10876858979463577,0,0,normal,0.98,keep,none
2024-06-05 17:10:00,0,,-0.16766433378323925,0,0.11028890311717987,0,0,normal,0.98,keep,none
2024-06-05 17:20:00,0,,-0.171616434092576,0,0.10888808965682983,0,0,normal,0.98,keep,none
2024-06-05 17:30:00,0,,-0.1571713907480794,0,0.11933477967977524,0,0,normal,0.98,keep,none
2024-06-05 17:40:00,0,,-0.14633651161154942,0,0.11947391927242279,0,0,normal,0.98,keep,none
2024-06-05 17:50:00,0,,-0.1683289583492944,0,0.11088724434375763,0,0,normal,0.98,keep,none
2024-06-05 18:00:00,0,,-0.16598031139590835,0,0.1115524172782898,0,0,normal,0.98,keep,none
2024-06-05 18:10:00,0,,-0.17018709718062502,0,0.10636455565690994,0,0,normal,0.98,keep,none
2024-06-05 18:20:00,0,,-0.1673090374402812,0,0.10185879468917847,0,0,normal,0.98,keep,none
2024-06-05 18:30:00,0,,-0.16468523857834982,0,0.10382143408060074,0,0,normal,0.98,keep,none
2024-06-05 18:40:00,0,,-0.16921523380191383,0,0.10491971671581268,0,0,normal,0.98,keep,none
2024-06-05 18:50:00,0,,-0.1635415887490942,0,0.10770169645547867,0,0,normal,0.98,keep,none
2024-06-05 19:00:00,1,stuck,-0.09397381602284716,0,0.16902978718280792,0,1,stuck,0.86,correct,rule
2024-06-05 19:10:00,1,stuck,-0.11523381901751523,0,0.20060348510742188,0,1,stuck,0.86,correct,rule
2024-06-05 19:20:00,1,stuck,-0.11161147025303852,0,0.24389849603176117,0,1,stuck,0.86,correct,rule
2024-06-05 19:30:00,1,stuck,-0.10577681163907282,0,0.2691490352153778,0,1,stuck,0.86,correct,rule
2024-06-05 19:40:00,1,stuck,-0.09264065407984629,0,0.28122812509536743,0,1,stuck,0.86,correct,rule
2024-06-05 19:50:00,1,stuck,-0.10665737678805004,0,0.3136478364467621,0,1,stuck,0.86,correct,rule
2024-06-05 20:00:00,1,stuck,-0.10163406215515414,0,0.35005566477775574,0,1,stuck,0.86,correct,rule
2024-06-05 20:10:00,1,stuck,-0.07885318985613082,0,0.3771420419216156,0,1,stuck,0.86,correct,rule
2024-06-05 20:20:00,1,stuck,-0.10028626310677152,0,0.40241944789886475,0,1,stuck,0.86,correct,rule
2024-06-05 20:30:00,0,,-0.12035711973637747,0,0.3746035397052765,0,0,normal,0.98,keep,none
2024-06-05 20:40:00,0,,-0.12987186959576108,0,0.35174500942230225,0,0,normal,0.98,keep,none
2024-06-05 20:50:00,0,,-0.15105818312490782,0,0.3620392382144928,0,0,normal,0.98,keep,none
2024-06-05 21:00:00,0,,-0.16085857943770931,0,0.3583243787288666,0,0,normal,0.98,keep,none
2024-06-05 21:10:00,1,missing,-0.14156544958871176,0,0.3883514702320099,0,1,missing,0.86,correct,rule
2024-06-05 21:20:00,0,,-0.16574717996520988,0,0.3736446499824524,0,0,normal,0.98,keep,none
2024-06-05 21:30:00,0,,-0.1714629420608862,0,0.391461580991745,0,0,normal,0.98,keep,none
2024-06-05 21:40:00,1,spike,0.022316727058078634,1,0.5289021134376526,0,1,spike,0.95,correct,hybrid
2024-06-05 21:50:00,0,,-0.02571175522848146,0,0.5346596837043762,0,0,normal,0.98,keep,none
2024-06-05 22:00:00,0,,-0.01713074325575359,0,0.5952737331390381,0,0,normal,0.98,keep,none
2024-06-05 22:10:00,0,,-0.07215212921988567,0,0.5629996061325073,0,0,normal,0.98,keep,none
2024-06-05 22:20:00,0,,-0.07465388646300097,0,0.5450695157051086,0,0,normal,0.98,keep,none
2024-06-05 22:30:00,0,,-0.06661065975398428,0,0.5392876863479614,0,0,normal,0.98,keep,none
2024-06-05 22:40:00,0,,-0.16306995448795525,0,0.4857107102870941,0,0,normal,0.98,keep,none
2024-06-05 22:50:00,0,,-0.14696283571370006,0,0.43296578526496887,0,0,normal,0.98,keep,none
2024-06-05 23:00:00,0,,-0.1626421417424111,0,0.4076550006866455,0,0,normal,0.98,keep,none
2024-06-05 23:10:00,0,,-0.15807586901537662,0,0.35980090498924255,0,0,normal,0.98,keep,none
2024-06-05 23:20:00,0,,-0.1681369491699785,0,0.33212077617645264,0,0,normal,0.98,keep,none
2024-06-05 23:30:00,0,,-0.18077551754069976,0,0.3159898817539215,0,0,normal,0.98,keep,none
2024-06-05 23:40:00,0,,-0.17542192266425732,0,0.30022117495536804,0,0,normal,0.98,keep,none
2024-06-05 23:50:00,0,,-0.181168623463851,0,0.28236696124076843,0,0,normal,0.98,keep,none
2024-06-06 00:00:00,0,,-0.16711980411186705,0,0.2759294807910919,0,0,normal,0.98,keep,none
2024-06-06 00:10:00,0,,-0.1804627300728583,0,0.2554152011871338,0,0,normal,0.98,keep,none
2024-06-06 00:20:00,0,,-0.17530459514009666,0,0.24425390362739563,0,0,normal,0.98,keep,none
2024-06-06 00:30:00,0,,-0.1795098017538902,0,0.23967860639095306,0,0,normal,0.98,keep,none
2024-06-06 00:40:00,0,,-0.1961165171789257,0,0.18738114833831787,0,0,normal,0.98,keep,none
2024-06-06 00:50:00,0,,-0.16621325331081555,0,0.16903312504291534,0,0,normal,0.98,keep,none
2024-06-06 01:00:00,0,,-0.18467527872929618,0,0.13738508522510529,0,0,normal,0.98,keep,none
2024-06-06 01:10:00,0,,-0.19271270607441848,0,0.13214744627475739,0,0,normal,0.98,keep,none
2024-06-06 01:20:00,0,,-0.16923098882106813,0,0.1333790123462677,0,0,normal,0.98,keep,none
2024-06-06 01:30:00,0,,-0.18219609954440308,0,0.13798879086971283,0,0,normal,0.98,keep,none
2024-06-06 01:40:00,0,,-0.19653997284754493,0,0.13632211089134216,0,0,normal,0.98,keep,none
2024-06-06 01:50:00,0,,-0.16963804118902298,0,0.13528190553188324,0,0,normal,0.98,keep,none
2024-06-06 02:00:00,0,,-0.1829000857951349,0,0.13440093398094177,0,0,normal,0.98,keep,none
2024-06-06 02:10:00,0,,-0.17514837768218938,0,0.14762185513973236,0,0,normal,0.98,keep,none
2024-06-06 02:20:00,1,missing,-0.13143332064025015,0,0.18454183638095856,0,1,missing,0.86,correct,rule
2024-06-06 02:30:00,0,,-0.1829976856086747,0,0.18307799100875854,0,0,normal,0.98,keep,none
2024-06-06 02:40:00,0,,-0.16054198080912685,0,0.1937757283449173,0,0,normal,0.98,keep,none
2024-06-06 02:50:00,0,,-0.17183720593839696,0,0.20923370122909546,0,0,normal,0.98,keep,none
2024-06-06 03:00:00,0,,-0.1893780783701196,0,0.2078443467617035,0,0,normal,0.98,keep,none
2024-06-06 03:10:00,1,missing,-0.14573171776181465,0,0.23822630941867828,0,1,missing,0.86,correct,rule
2024-06-06 03:20:00,0,,-0.19115794333160507,0,0.23779000341892242,0,0,normal,0.98,keep,none
2024-06-06 03:30:00,0,,-0.18584375060374686,0,0.23845641314983368,0,0,normal,0.98,keep,none
2024-06-06 03:40:00,0,,-0.19486615524870893,0,0.24584002792835236,0,0,normal,0.98,keep,none
2024-06-06 03:50:00,0,,-0.19740038740039317,0,0.23635661602020264,0,0,normal,0.98,keep,none
2024-06-06 04:00:00,0,,-0.19535009326431824,0,0.23471367359161377,0,0,normal,0.98,keep,none
2024-06-06 04:10:00,0,,-0.19706652616538883,0,0.23924008011817932,0,0,normal,0.98,keep,none
2024-06-06 04:20:00,0,,-0.19872353726781938,0,0.23012368381023407,0,0,normal,0.98,keep,none
2024-06-06 04:30:00,0,,-0.20131331991794776,0,0.22330808639526367,0,0,normal,0.98,keep,none
2024-06-06 04:40:00,0,,-0.20209954248358902,0,0.22821557521820068,0,0,normal,0.98,keep,none
2024-06-06 04:50:00,0,,-0.18408415291303443,0,0.24428774416446686,0,0,normal,0.98,keep,none
2024-06-06 05:00:00,1,missing,-0.14573375868265603,0,0.2714826762676239,0,1,missing,0.86,correct,rule
2024-06-06 05:10:00,0,,-0.1912825402083902,0,0.2662919759750366,0,0,normal,0.98,keep,none
2024-06-06 05:20:00,0,,-0.183873533895635,0,0.2419859617948532,0,0,normal,0.98,keep,none
2024-06-06 05:30:00,0,,-0.18650279296761813,0,0.2437518984079361,0,0,normal,0.98,keep,none
2024-06-06 05:40:00,0,,-0.18266174003586422,0,0.24338163435459137,0,0,normal,0.98,keep,none
2024-06-06 05:50:00,0,,-0.18859270774211495,0,0.22723335027694702,0,0,normal,0.98,keep,none
2024-06-06 06:00:00,0,,-0.18233241830874491,0,0.21808798611164093,0,0,normal,0.98,keep,none
2024-06-06 06:10:00,0,,-0.18852665105947514,0,0.18910227715969086,0,0,normal,0.98,keep,none
2024-06-06 06:20:00,0,,-0.19083124389277056,0,0.17914029955863953,0,0,normal,0.98,keep,none
2024-06-06 06:30:00,0,,-0.18995994842581748,0,0.1713193655014038,0,0,normal,0.98,keep,none
2024-06-06 06:40:00,0,,-0.18591767900494877,0,0.16827262938022614,0,0,normal,0.98,keep,none
2024-06-06 06:50:00,0,,-0.18885337802860946,0,0.1591109335422516,0,0,normal,0.98,keep,none
2024-06-06 07:00:00,0,,-0.18503180001237918,0,0.1583729237318039,0,0,normal,0.98,keep,none
2024-06-06 07:10:00,0,,-0.18555398129612255,0,0.1520605981349945,0,0,normal,0.98,keep,none
2024-06-06 07:20:00,0,,-0.1868059569523326,0,0.1505805104970932,0,0,normal,0.98,keep,none
2024-06-06 07:30:00,0,,-0.1880934980244925,0,0.14475084841251373,0,0,normal,0.98,keep,none
2024-06-06 07:40:00,0,,-0.19175838418150692,0,0.13569825887680054,0,0,normal,0.98,keep,none
2024-06-06 07:50:00,0,,-0.18650417073789377,0,0.12056992948055267,0,0,normal,0.98,keep,none
2024-06-06 08:00:00,0,,-0.18016403491040794,0,0.08513206243515015,0,0,normal,0.98,keep,none
2024-06-06 08:10:00,0,,-0.18275609631014372,0,0.09158119559288025,0,0,normal,0.98,keep,none
2024-06-06 08:20:00,0,,-0.18313702416110111,0,0.0885433554649353,0,0,normal,0.98,keep,none
2024-06-06 08:30:00,0,,-0.18221315622217543,0,0.08798440545797348,0,0,normal,0.98,keep,none
2024-06-06 08:40:00,0,,-0.16612717257859633,0,0.09201602637767792,0,0,normal,0.98,keep,none
2024-06-06 08:50:00,0,,-0.1626146484755976,0,0.10484439134597778,0,0,normal,0.98,keep,none
2024-06-06 09:00:00,0,,-0.18248166213563066,0,0.10621988028287888,0,0,normal,0.98,keep,none
2024-06-06 09:10:00,0,,-0.1789091264950044,0,0.10934096574783325,0,0,normal,0.98,keep,none
2024-06-06 09:20:00,0,,-0.1838795139632446,0,0.11054682731628418,0,0,normal,0.98,keep,none
2024-06-06 09:30:00,0,,-0.18691046060714434,0,0.1089227944612503,0,0,normal,0.98,keep,none
2024-06-06 09:40:00,0,,-0.1815228180317875,0,0.11038818210363388,0,0,normal,0.98,keep,none
2024-06-06 09:50:00,0,,-0.16985881375920975,0,0.11696143448352814,0,0,normal,0.98,keep,none
2024-06-06 10:00:00,0,,-0.16774401125590188,0,0.12258682399988174,0,0,normal,0.98,keep,none
2024-06-06 10:10:00,0,,-0.1832044029056102,0,0.11810977011919022,0,0,normal,0.98,keep,none
2024-06-06 10:20:00,0,,-0.16891913492751537,0,0.12332169711589813,0,0,normal,0.98,keep,none
2024-06-06 10:30:00,0,,-0.17204049626455326,0,0.127653568983078,0,0,normal,0.98,keep,none
2024-06-06 10:40:00,0,,-0.18062056539664567,0,0.12837086617946625,0,0,normal,0.98,keep,none
2024-06-06 10:50:00,0,,-0.18614580180429668,0,0.12654833495616913,0,0,normal,0.98,keep,none
2024-06-06 11:00:00,0,,-0.18479731692084272,0,0.12438485771417618,0,0,normal,0.98,keep,none
2024-06-06 11:10:00,0,,-0.17983281844181187,0,0.12219178676605225,0,0,normal,0.98,keep,none
2024-06-06 11:20:00,0,,-0.1783351395817407,0,0.12853436172008514,0,0,normal,0.98,keep,none
2024-06-06 11:30:00,0,,-0.16506041923624803,0,0.14270523190498352,0,0,normal,0.98,keep,none
2024-06-06 11:40:00,0,,-0.1681389447511611,0,0.15044823288917542,0,0,normal,0.98,keep,none
2024-06-06 11:50:00,0,,-0.17023808941851482,0,0.1509406715631485,0,0,normal,0.98,keep,none
2024-06-06 12:00:00,0,,-0.18345492081168308,0,0.15316545963287354,0,0,normal,0.98,keep,none
2024-06-06 12:10:00,0,,-0.18592000657275892,0,0.14671175181865692,0,0,normal,0.98,keep,none
2024-06-06 12:20:00,0,,-0.18385592873967804,0,0.14887046813964844,0,0,normal,0.98,keep,none
2024-06-06 12:30:00,0,,-0.1811554909016539,0,0.15142153203487396,0,0,normal,0.98,keep,none
2024-06-06 12:40:00,1,negative,-0.11878849509009809,0,0.20573240518569946,0,1,negative,0.86,correct,rule
2024-06-06 12:50:00,0,,-0.16503261823538146,0,0.18573163449764252,0,0,normal,0.98,keep,none
2024-06-06 13:00:00,0,,-0.17775355811603027,0,0.18279847502708435,0,0,normal,0.98,keep,none
2024-06-06 13:10:00,0,,-0.1671883279639984,0,0.19097739458084106,0,0,normal,0.98,keep,none
2024-06-06 13:20:00,0,,-0.17343068600946782,0,0.19503232836723328,0,0,normal,0.98,keep,none
2024-06-06 13:30:00,0,,-0.1694054947773933,0,0.19532231986522675,0,0,normal,0.98,keep,none
2024-06-06 13:40:00,0,,-0.1764981112532421,0,0.1966516226530075,0,0,normal,0.98,keep,none
2024-06-06 13:50:00,0,,-0.161179215746942,0,0.22581079602241516,0,0,normal,0.98,keep,none
2024-06-06 14:00:00,0,,-0.1752994143496474,0,0.21963724493980408,0,0,normal,0.98,keep,none
2024-06-06 14:10:00,0,,-0.17308767264452524,0,0.21946963667869568,0,0,normal,0.98,keep,none
2024-06-06 14:20:00,0,,-0.17716476996137015,0,0.21333155035972595,0,0,normal,0.98,keep,none
2024-06-06 14:30:00,0,,-0.1804790500037916,0,0.20494221150875092,0,0,normal,0.98,keep,none
2024-06-06 14:40:00,0,,-0.18175809003414206,0,0.19175441563129425,0,0,normal,0.98,keep,none
2024-06-06 14:50:00,1,missing,-0.1366771185442625,0,0.21286773681640625,0,1,missing,0.86,correct,rule
2024-06-06 15:00:00,0,,-0.1769922114664954,0,0.19789201021194458,0,0,normal,0.98,keep,none
2024-06-06 15:10:00,0,,-0.17505244516389468,0,0.2007046341896057,0,0,normal,0.98,keep,none
2024-06-06 15:20:00,0,,-0.17950215195869423,0,0.1997091919183731,0,0,normal,0.98,keep,none
2024-06-06 15:30:00,0,,-0.17583419554434554,0,0.21172097325325012,0,0,normal,0.98,keep,none
2024-06-06 15:40:00,0,,-0.18393587876715867,0,0.19073328375816345,0,0,normal,0.98,keep,none
2024-06-06 15:50:00,0,,-0.18757606632587354,0,0.18692390620708466,0,0,normal,0.98,keep,none
2024-06-06 16:00:00,0,,-0.18689065076222106,0,0.18965646624565125,0,0,normal,0.98,keep,none
2024-06-06 16:10:00,0,,-0.1808545752206261,0,0.18794429302215576,0,0,normal,0.98,keep,none
2024-06-06 16:20:00,0,,-0.19147015240950366,0,0.18031153082847595,0,0,normal,0.98,keep,none
2024-06-06 16:30:00,0,,-0.19741807378258752,0,0.1706237643957138,0,0,normal,0.98,keep,none
2024-06-06 16:40:00,0,,-0.19473416189433468,0,0.1669517308473587,0,0,normal,0.98,keep,none
2024-06-06 16:50:00,0,,-0.19193579412421136,0,0.14863957464694977,0,0,normal,0.98,keep,none
2024-06-06 17:00:00,0,,-0.1859119182416772,0,0.14285214245319366,0,0,normal,0.98,keep,none
2024-06-06 17:10:00,0,,-0.1792047246143385,0,0.13916656374931335,0,0,normal,0.98,keep,none
2024-06-06 17:20:00,0,,-0.17544496629253858,0,0.15176016092300415,0,0,normal,0.98,keep,none
2024-06-06 17:30:00,0,,-0.1731160589611752,0,0.16000309586524963,0,0,normal,0.98,keep,none
2024-06-06 17:40:00,0,,-0.1983245087788817,0,0.14526155591011047,0,0,normal,0.98,keep,none
2024-06-06 17:50:00,0,,-0.19390582648966026,0,0.11533460021018982,0,0,normal,0.98,keep,none
2024-06-06 18:00:00,0,,-0.189165184685604,0,0.11481545865535736,0,0,normal,0.98,keep,none
2024-06-06 18:10:00,0,,-0.19141584717241378,0,0.11180441081523895,0,0,normal,0.98,keep,none
2024-06-06 18:20:00,0,,-0.19168143106589447,0,0.11084435880184174,0,0,normal,0.98,keep,none
2024-06-06 18:30:00,0,,-0.1799738082900526,0,0.10800331085920334,0,0,normal,0.98,keep,none
2024-06-06 18:40:00,0,,-0.1870383663054077,0,0.11032082140445709,0,0,normal,0.98,keep,none
2024-06-06 18:50:00,0,,-0.19448254010450522,0,0.10808946192264557,0,0,normal,0.98,keep,none
2024-06-06 19:00:00,0,,-0.17816351506754674,0,0.11435622721910477,0,0,normal,0.98,keep,none
2024-06-06 19:10:00,0,,-0.1909773347854175,0,0.11244740337133408,0,0,normal,0.98,keep,none
2024-06-06 19:20:00,0,,-0.1943664846003711,0,0.11176630854606628,0,0,normal,0.98,keep,none
2024-06-06 19:30:00,0,,-0.195959170591536,0,0.10997006297111511,0,0,normal,0.98,keep,none
2024-06-06 19:40:00,0,,-0.1953873727168265,0,0.10969800502061844,0,0,normal,0.98,keep,none
2024-06-06 19:50:00,0,,-0.19439019011144132,0,0.10710514336824417,0,0,normal,0.98,keep,none
2024-06-06 20:00:00,0,,-0.19841893440397046,0,0.10425496101379395,0,0,normal,0.98,keep,none
2024-06-06 20:10:00,0,,-0.19911348662709655,0,0.09888911247253418,0,0,normal,0.98,keep,none
2024-06-06 20:20:00,0,,-0.203540230237441,0,0.08402381837368011,0,0,normal,0.98,keep,none
2024-06-06 20:30:00,1,negative,-0.13945312919696884,0,0.10948481410741806,0,1,negative,0.86,correct,rule
2024-06-06 20:40:00,0,,-0.14705393797939453,0,0.10943038761615753,0,0,normal,0.98,keep,none
2024-06-06 20:50:00,0,,-0.15633149844830196,0,0.11978193372488022,0,0,normal,0.98,keep,none
2024-06-06 21:00:00,0,,-0.17959852539699273,0,0.12122315168380737,0,0,normal,0.98,keep,none
2024-06-06 21:10:00,0,,-0.18580024749801016,0,0.12537412345409393,0,0,normal,0.98,keep,none
2024-06-06 21:20:00,0,,-0.17030931404322375,0,0.1276174634695053,0,0,normal,0.98,keep,none
2024-06-06 21:30:00,0,,-0.17804626137334517,0,0.12072669714689255,0,0,normal,0.98,keep,none
2024-06-06 21:40:00,0,,-0.183823672180634,0,0.11780635267496109,0,0,normal,0.98,keep,none
2024-06-06 21:50:00,0,,-0.17643772452744,0,0.1226768046617508,0,0,normal,0.98,keep,none
2024-06-06 22:00:00,0,,-0.18591574269213978,0,0.11028119921684265,0,0,normal,0.98,keep,none
2024-06-06 22:10:00,0,,-0.18714768059167908,0,0.10679864883422852,0,0,normal,0.98,keep,none
2024-06-06 22:20:00,0,,-0.18203319759880632,0,0.10608337819576263,0,0,normal,0.98,keep,none
2024-06-06 22:30:00,0,,-0.17239408857902033,0,0.10915877670049667,0,0,normal,0.98,keep,none
2024-06-06 22:40:00,0,,-0.17769618861690434,0,0.11075998097658157,0,0,normal,0.98,keep,none
2024-06-06 22:50:00,0,,-0.17602981528089262,0,0.11045865714550018,0,0,normal,0.98,keep,none
2024-06-06 23:00:00,0,,-0.1742053093642335,0,0.12874841690063477,0,0,normal,0.98,keep,none
2024-06-06 23:10:00,0,,-0.18441202193082246,0,0.12217260897159576,0,0,normal,0.98,keep,none
2024-06-06 23:20:00,0,,-0.17908366239316548,0,0.12076786160469055,0,0,normal,0.98,keep,none
2024-06-06 23:30:00,0,,-0.18578474175103282,0,0.0897962674498558,0,0,normal,0.98,keep,none
2024-06-06 23:40:00,0,,-0.18263551083298202,0,0.07806286215782166,0,0,normal,0.98,keep,none
2024-06-06 23:50:00,0,,-0.18644282352698482,0,0.07051343470811844,0,0,normal,0.98,keep,none
2024-06-07 00:00:00,0,,-0.18587100801791862,0,0.06540394574403763,0,0,normal,0.98,keep,none
2024-06-07 00:10:00,0,,-0.1810630652065754,0,0.07282956689596176,0,0,normal,0.98,keep,none
2024-06-07 00:20:00,0,,-0.14293092430680532,0,0.09881310164928436,0,0,normal,0.98,keep,none
2024-06-07 00:30:00,0,,-0.17076145655328556,0,0.10081494599580765,0,0,normal,0.98,keep,none
2024-06-07 00:40:00,0,,-0.18336027950433653,0,0.09928789734840393,0,0,normal,0.98,keep,none
2024-06-07 00:50:00,0,,-0.18341277751011853,0,0.09477946907281876,0,0,normal,0.98,keep,none
2024-06-07 01:00:00,0,,-0.1831602449292935,0,0.10344871878623962,0,0,normal,0.98,keep,none
2024-06-07 01:10:00,0,,-0.16470300844781222,0,0.10998497158288956,0,0,normal,0.98,keep,none
2024-06-07 01:20:00,0,,-0.18734488636072988,0,0.10845886170864105,0,0,normal,0.98,keep,none
2024-06-07 01:30:00,0,,-0.16660344737307153,0,0.1159529760479927,0,0,normal,0.98,keep,none
2024-06-07 01:40:00,0,,-0.1803711250009531,0,0.11913544684648514,0,0,normal,0.98,keep,none
2024-06-07 01:50:00,0,,-0.1792861837304489,0,0.11692225188016891,0,0,normal,0.98,keep,none
2024-06-07 02:00:00,0,,-0.18315300130797812,0,0.112667977809906,0,0,normal,0.98,keep,none
2024-06-07 02:10:00,0,,-0.17113040186308098,0,0.1173999235033989,0,0,normal,0.98,keep,none
2024-06-07 02:20:00,0,,-0.17557354465130143,0,0.11832709610462189,0,0,normal,0.98,keep,none
2024-06-07 02:30:00,0,,-0.18493778251394938,0,0.11993053555488586,0,0,normal,0.98,keep,none
2024-06-07 02:40:00,0,,-0.18804415562696358,0,0.12299957126379013,0,0,normal,0.98,keep,none
2024-06-07 02:50:00,0,,-0.17046685997534738,0,0.13340142369270325,0,0,normal,0.98,keep,none
2024-06-07 03:00:00,0,,-0.1697072350734034,0,0.14515599608421326,0,0,normal,0.98,keep,none
2024-06-07 03:10:00,0,,-0.18762318987306292,0,0.14411355555057526,0,0,normal,0.98,keep,none
2024-06-07 03:20:00,1,negative,-0.11913811692245524,0,0.14976118505001068,0,1,negative,0.86,correct,rule
2024-06-07 03:30:00,1,missing,-0.1398686124632063,0,0.17679201066493988,0,1,missing,0.86,correct,rule
2024-06-07 03:40:00,0,,-0.17240739151005113,0,0.17448194324970245,0,0,normal,0.98,keep,none
2024-06-07 03:50:00,0,,-0.1850849136285012,0,0.1798631101846695,0,0,normal,0.98,keep,none
2024-06-07 04:00:00,0,,-0.18601213975343955,0,0.17766781151294708,0,0,normal,0.98,keep,none
2024-06-07 04:10:00,0,,-0.1804235460089686,0,0.17633651196956635,0,0,normal,0.98,keep,none
2024-06-07 04:20:00,0,,-0.1847893412474514,0,0.18902720510959625,0,0,normal,0.98,keep,none
2024-06-07 04:30:00,0,,-0.20442296403226667,0,0.1828291267156601,0,0,normal,0.98,keep,none
2024-06-07 04:40:00,0,,-0.1933543760801532,0,0.18973806500434875,0,0,normal,0.98,keep,none
2024-06-07 04:50:00,0,,-0.198391936073468,0,0.1907222718000412,0,0,normal,0.98,keep,none
2024-06-07 05:00:00,0,,-0.20170378211256634,0,0.19360144436359406,0,0,normal,0.98,keep,none
2024-06-07 05:10:00,0,,-0.20367231313733575,0,0.18770943582057953,0,0,normal,0.98,keep,none
2024-06-07 05:20:00,0,,-0.18956052265055173,0,0.1956074833869934,0,0,normal,0.98,keep,none
2024-06-07 05:30:00,0,,-0.1978915871975263,0,0.19632644951343536,0,0,normal,0.98,keep,none
2024-06-07 05:40:00,0,,-0.2003255494605622,0,0.19707803428173065,0,0,normal,0.98,keep,none
2024-06-07 05:50:00,0,,-0.19357999620173272,0,0.20335979759693146,0,0,normal,0.98,keep,none
2024-06-07 06:00:00,0,,-0.19059867521124513,0,0.19355717301368713,0,0,normal,0.98,keep,none
2024-06-07 06:10:00,1,missing,-0.15233364572733388,0,0.2484278678894043,0,1,missing,0.86,correct,rule
2024-06-07 06:20:00,0,,-0.19534808687099292,0,0.21150070428848267,0,0,normal,0.98,keep,none
2024-06-07 06:30:00,0,,-0.1954546027796623,0,0.1915581375360489,0,0,normal,0.98,keep,none
2024-06-07 06:40:00,0,,-0.2005778130601712,0,0.18666748702526093,0,0,normal,0.98,keep,none
2024-06-07 06:50:00,0,,-0.18301759867466,0,0.19761832058429718,0,0,normal,0.98,keep,none
2024-06-07 07:00:00,0,,-0.18465865749164861,0,0.19221892952919006,0,0,normal,0.98,keep,none
2024-06-07 07:10:00,0,,-0.19809853369959174,0,0.19761009514331818,0,0,normal,0.98,keep,none
2024-06-07 07:20:00,0,,-0.19883631063798202,0,0.18971174955368042,0,0,normal,0.98,keep,none
2024-06-07 07:30:00,0,,-0.18413705238052375,0,0.2037101835012436,0,0,normal,0.98,keep,none
2024-06-07 07:40:00,0,,-0.17010440165825347,0,0.20163075625896454,0,0,normal,0.98,keep,none
2024-06-07 07:50:00,1,spurious,-0.13707732584638121,0,0.24307258427143097,0,1,spurious,0.86,correct,rule
2024-06-07 08:00:00,0,,-0.17318591143450612,0,0.2423357516527176,0,0,normal,0.98,keep,none
2024-06-07 08:10:00,0,,-0.18311941891289418,0,0.24493218958377838,0,0,normal,0.98,keep,none
2024-06-07 08:20:00,0,,-0.1804248500247016,0,0.2455451935529709,0,0,normal,0.98,keep,none
2024-06-07 08:30:00,0,,-0.18865793951641702,0,0.237440824508667,0,0,normal,0.98,keep,none
2024-06-07 08:40:00,0,,-0.17826024925517653,0,0.24886871874332428,0,0,normal,0.98,keep,none
2024-06-07 08:50:00,0,,-0.1979322318830875,0,0.2367110252380371,0,0,normal,0.98,keep,none
2024-06-07 09:00:00,0,,-0.19452583367478976,0,0.22733227908611298,0,0,normal,0.98,keep,none
2024-06-07 09:10:00,0,,-0.18946066124650734,0,0.19980168342590332,0,0,normal,0.98,keep,none
2024-06-07 09:20:00,0,,-0.18638888828489386,0,0.1982118785381317,0,0,normal,0.98,keep,none
2024-06-07 09:30:00,0,,-0.19524323434554025,0,0.1935977041721344,0,0,normal,0.98,keep,none
2024-06-07 09:40:00,0,,-0.18809921471732022,0,0.19644547998905182,0,0,normal,0.98,keep,none
2024-06-07 09:50:00,0,,-0.19454619607693624,0,0.18722552061080933,0,0,normal,0.98,keep,none
2024-06-07 10:00:00,0,,-0.19863697166991057,0,0.175634503364563,0,0,normal,0.98,keep,none
2024-06-07 10:10:00,0,,-0.1971735668671969,0,0.17361663281917572,0,0,normal,0.98,keep,none
2024-06-07 10:20:00,0,,-0.19910129920977454,0,0.16818787157535553,0,0,normal,0.98,keep,none
2024-06-07 10:30:00,0,,-0.19448329936543085,0,0.15560424327850342,0,0,normal,0.98,keep,none
2024-06-07 10:40:00,0,,-0.18210040772508557,0,0.15112151205539703,0,0,normal,0.98,keep,none
2024-06-07 10:50:00,0,,-0.1864135060484468,0,0.11901615560054779,0,0,normal,0.98,keep,none
2024-06-07 11:00:00,0,,-0.19464289354295022,0,0.11460328847169876,0,0,normal,0.98,keep,none
2024-06-07 11:10:00,0,,-0.1917271660362233,0,0.12038539350032806,0,0,normal,0.98,keep,none
2024-06-07 11:20:00,0,,-0.19560810830438535,0,0.11821003258228302,0,0,normal,0.98,keep,none
2024-06-07 11:30:00,0,,-0.18881031887728705,0,0.12224195897579193,0,0,normal,0.98,keep,none
2024-06-07 11:40:00,0,,-0.1913767928190625,0,0.11502102762460709,0,0,normal,0.98,keep,none
2024-06-07 11:50:00,0,,-0.1910015006807838,0,0.11688124388456345,0,0,normal,0.98,keep,none
2024-06-07 12:00:00,0,,-0.19026259006250257,0,0.1175156757235527,0,0,normal,0.98,keep,none
2024-06-07 12:10:00,0,,-0.1767157872186748,0,0.12718436121940613,0,0,normal,0.98,keep,none
2024-06-07 12:20:00,0,,-0.16746526498983721,0,0.14383196830749512,0,0,normal,0.98,keep,none
2024-06-07 12:30:00,1,spurious,-0.13301724377290564,0,0.1786864995956421,0,1,spurious,0.86,correct,rule
2024-06-07 12:40:00,0,,-0.16626451795468072,0,0.17083640396595,0,0,normal,0.98,keep,none
2024-06-07 12:50:00,0,,-0.1719390726342972,0,0.1708993911743164,0,0,normal,0.98,keep,none
2024-06-07 13:00:00,0,,-0.18079465091583768,0,0.17503951489925385,0,0,normal,0.98,keep,none
2024-06-07 13:10:00,0,,-0.16398433305092963,0,0.1794845312833786,0,0,normal,0.98,keep,none
2024-06-07 13:20:00,0,,-0.17888305195710413,0,0.1836087852716446,0,0,normal,0.98,keep,none
2024-06-07 13:30:00,0,,-0.18243749421165784,0,0.18492595851421356,0,0,normal,0.98,keep,none
2024-06-07 13:40:00,0,,-0.18656361851795045,0,0.17111262679100037,0,0,normal,0.98,keep,none
2024-06-07 13:50:00,0,,-0.18978440669178126,0,0.16078326106071472,0,0,normal,0.98,keep,none
2024-06-07 14:00:00,0,,-0.18287686921891289,0,0.1566239893436432,0,0,normal,0.98,keep,none
2024-06-07 14:10:00,0,,-0.17599552735476715,0,0.15383973717689514,0,0,normal,0.98,keep,none
2024-06-07 14:20:00,0,,-0.17521115760486333,0,0.15197299420833588,0,0,normal,0.98,keep,none
2024-06-07 14:30:00,0,,-0.1817755601276136,0,0.15045586228370667,0,0,normal,0.98,keep,none
2024-06-07 14:40:00,0,,-0.18218926297547772,0,0.15571561455726624,0,0,normal,0.98,keep,none
2024-06-07 14:50:00,0,,-0.17741393791620458,0,0.15827576816082,0,0,normal,0.98,keep,none
2024-06-07 15:00:00,0,,-0.18318144722708268,0,0.15379653871059418,0,0,normal,0.98,keep,none
2024-06-07 15:10:00,0,,-0.187103453226536,0,0.14154565334320068,0,0,normal,0.98,keep,none
2024-06-07 15:20:00,0,,-0.1795100993412903,0,0.12315067648887634,0,0,normal,0.98,keep,none
2024-06-07 15:30:00,0,,-0.1753003174393477,0,0.09589170664548874,0,0,normal,0.98,keep,none
2024-06-07 15:40:00,0,,-0.17859238824098994,0,0.08591870218515396,0,0,normal,0.98,keep,none
2024-06-07 15:50:00,0,,-0.17630085751568614,0,0.09010684490203857,0,0,normal,0.98,keep,none
2024-06-07 16:00:00,0,,-0.1800654093235005,0,0.09511198848485947,0,0,normal,0.98,keep,none
2024-06-07 16:10:00,0,,-0.16993017092954532,0,0.09548214823007584,0,0,normal,0.98,keep,none
2024-06-07 16:20:00,0,,-0.16919849830979267,0,0.10491782426834106,0,0,normal,0.98,keep,none
2024-06-07 16:30:00,0,,-0.18399278016826626,0,0.10314638912677765,0,0,normal,0.98,keep,none
2024-06-07 16:40:00,0,,-0.18987252534567395,0,0.09987900406122208,0,0,normal,0.98,keep,none
2024-06-07 16:50:00,0,,-0.19119739102702776,0,0.10133377462625504,0,0,normal,0.98,keep,none
2024-06-07 17:00:00,0,,-0.18699476479813015,0,0.10225847363471985,0,0,normal,0.98,keep,none
2024-06-07 17:10:00,0,,-0.19273728091771047,0,0.09911008179187775,0,0,normal,0.98,keep,none
2024-06-07 17:20:00,0,,-0.18386456713140703,0,0.09460378438234329,0,0,normal,0.98,keep,none
2024-06-07 17:30:00,0,,-0.19158234955949394,0,0.09513670951128006,0,0,normal,0.98,keep,none
2024-06-07 17:40:00,0,,-0.18956910062792787,0,0.09173725545406342,0,0,normal,0.98,keep,none
2024-06-07 17:50:00,0,,-0.1669632446272849,0,0.09647855162620544,0,0,normal,0.98,keep,none
2024-06-07 18:00:00,0,,-0.18166064812388993,0,0.09948763996362686,0,0,normal,0.98,keep,none
2024-06-07 18:10:00,0,,-0.15582598299281497,0,0.11958055943250656,0,0,normal,0.98,keep,none
2024-06-07 18:20:00,0,,-0.1717789689855747,0,0.12420211732387543,0,0,normal,0.98,keep,none
2024-06-07 18:30:00,0,,-0.18892286431572652,0,0.11927609145641327,0,0,normal,0.98,keep,none
2024-06-07 18:40:00,0,,-0.19291174379638004,0,0.11694435775279999,0,0,normal,0.98,keep,none
2024-06-07 18:50:00,0,,-0.16778861195077277,0,0.12163060903549194,0,0,normal,0.98,keep,none
2024-06-07 19:00:00,0,,-0.18423021506990722,0,0.12183726578950882,0,0,normal,0.98,keep,none
2024-06-07 19:10:00,0,,-0.18725923862554972,0,0.1132671907544136,0,0,normal,0.98,keep,none
2024-06-07 19:20:00,0,,-0.18018653339640678,0,0.10711188614368439,0,0,normal,0.98,keep,none
2024-06-07 19:30:00,1,spurious,-0.1338643287291531,0,0.16261453926563263,0,1,spurious,0.86,correct,rule
2024-06-07 19:40:00,1,missing,-0.14355185586799496,0,0.20095232129096985,0,1,missing,0.86,correct,rule
2024-06-07 19:50:00,0,,-0.1736988948052673,0,0.1905645877122879,0,0,normal,0.98,keep,none
2024-06-07 20:00:00,0,,-0.17947103405885895,0,0.19198384881019592,0,0,normal,0.98,keep,none
2024-06-07 20:10:00,0,,-0.18699984015978782,0,0.18985114991664886,0,0,normal,0.98,keep,none
2024-06-07 20:20:00,0,,-0.1745138768195263,0,0.19508829712867737,0,0,normal,0.98,keep,none
2024-06-07 20:30:00,0,,-0.18209431973518836,0,0.20034191012382507,0,0,normal,0.98,keep,none
2024-06-07 20:40:00,0,,-0.19056662839917582,0,0.2026643007993698,0,0,normal,0.98,keep,none
2024-06-07 20:50:00,1,spurious,-0.12638960368978236,0,0.2402569204568863,0,1,spurious,0.86,correct,rule
2024-06-07 21:00:00,0,,-0.17477056272287594,0,0.22370833158493042,0,0,normal,0.98,keep,none
2024-06-07 21:10:00,0,,-0.17554663747498334,0,0.20635190606117249,0,0,normal,0.98,keep,none
2024-06-07 21:20:00,0,,-0.15849303708945983,0,0.20802320539951324,0,0,normal,0.98,keep,none
2024-06-07 21:30:00,0,,-0.17814350212738272,0,0.21620988845825195,0,0,normal,0.98,keep,none
2024-06-07 21:40:00,0,,-0.17824327914563354,0,0.22202759981155396,0,0,normal,0.98,keep,none
2024-06-07 21:50:00,0,,-0.1915152557776642,0,0.21540199220180511,0,0,normal,0.98,keep,none
2024-06-07 22:00:00,0,,-0.19967075042023075,0,0.21185117959976196,0,0,normal,0.98,keep,none
2024-06-07 22:10:00,0,,-0.1974611095980337,0,0.21512168645858765,0,0,normal,0.98,keep,none
2024-06-07 22:20:00,0,,-0.1975377788213067,0,0.20746147632598877,0,0,normal,0.98,keep,none
2024-06-07 22:30:00,0,,-0.1904087685091323,0,0.18571028113365173,0,0,normal,0.98,keep,none
2024-06-07 22:40:00,0,,-0.18456690278833282,0,0.16602003574371338,0,0,normal,0.98,keep,none
2024-06-07 22:50:00,0,,-0.19469023501658328,0,0.16339440643787384,0,0,normal,0.98,keep,none
2024-06-07 23:00:00,0,,-0.1932872314595958,0,0.15929850935935974,0,0,normal,0.98,keep,none
2024-06-07 23:10:00,0,,-0.1868158772327912,0,0.15861685574054718,0,0,normal,0.98,keep,none
2024-06-07 23:20:00,0,,-0.18805012462456538,0,0.15763339400291443,0,0,normal,0.98,keep,none
2024-06-07 23:30:00,0,,-0.1789047311791523,0,0.15516652166843414,0,0,normal,0.98,keep,none
2024-06-07 23:40:00,0,,-0.19733712733272707,0,0.15138335525989532,0,0,normal,0.98,keep,none
2024-06-07 23:50:00,0,,-0.20300142893000928,0,0.11581836640834808,0,0,normal,0.98,keep,none
2024-06-08 00:00:00,0,,-0.17836299094963504,0,0.12258178740739822,0,0,normal,0.98,keep,none
2024-06-08 00:10:00,0,,-0.18802189268962077,0,0.12907108664512634,0,0,normal,0.98,keep,none
2024-06-08 00:20:00,0,,-0.19622460092262306,0,0.11520568281412125,0,0,normal,0.98,keep,none
2024-06-08 00:30:00,0,,-0.19484631349718434,0,0.1158405989408493,0,0,normal,0.98,keep,none
2024-06-08 00:40:00,1,spike,-0.00332025036799366,0,0.19179603457450867,0,1,spike,0.86,correct,rule
2024-06-08 00:50:00,0,,-0.0643768928327122,0,0.19103160500526428,0,0,normal,0.98,keep,none
2024-06-08 01:00:00,0,,-0.0780273238969536,0,0.20602986216545105,0,0,normal,0.98,keep,none
2024-06-08 01:10:00,0,,-0.10135014916450641,0,0.2190268337726593,0,0,normal,0.98,keep,none
2024-06-08 01:20:00,0,,-0.09662646587376816,0,0.23831510543823242,0,0,normal,0.98,keep,none
2024-06-08 01:30:00,0,,-0.09189260183067932,0,0.23955242335796356,0,0,normal,0.98,keep,none
2024-06-08 01:40:00,1,spurious,-0.13786280891353542,0,0.2568213939666748,0,1,spurious,0.86,correct,rule
2024-06-08 01:50:00,0,,-0.16053586994972557,0,0.2558367848396301,0,0,normal,0.98,keep,none
2024-06-08 02:00:00,0,,-0.1654347163660423,0,0.26165688037872314,0,0,normal,0.98,keep,none
2024-06-08 02:10:00,0,,-0.1770635345113677,0,0.2580017149448395,0,0,normal,0.98,keep,none
2024-06-08 02:20:00,0,,-0.1620397455552678,0,0.2770038843154907,0,0,normal,0.98,keep,none
2024-06-08 02:30:00,0,,-0.18283449181213873,0,0.25978028774261475,0,0,normal,0.98,keep,none
2024-06-08 02:40:00,0,,-0.1813210752650492,0,0.25455939769744873,0,0,normal,0.98,keep,none
2024-06-08 02:50:00,0,,-0.19358925640113622,0,0.26291581988334656,0,0,normal,0.98,keep,none
2024-06-08 03:00:00,0,,-0.1954864521964091,0,0.2516140639781952,0,0,normal,0.98,keep,none
2024-06-08 03:10:00,0,,-0.18460773805868996,0,0.24299335479736328,0,0,normal,0.98,keep,none
2024-06-08 03:20:00,0,,-0.19286082254973957,0,0.24455951154232025,0,0,normal,0.98,keep,none
2024-06-08 03:30:00,0,,-0.19072541810499766,0,0.24560581147670746,0,0,normal,0.98,keep,none
2024-06-08 03:40:00,0,,-0.2056172376315969,0,0.20221158862113953,0,0,normal,0.98,keep,none
2024-06-08 03:50:00,0,,-0.2013086094166937,0,0.18914242088794708,0,0,normal,0.98,keep,none
2024-06-08 04:00:00,0,,-0.185501873887909,0,0.1784515231847763,0,0,normal,0.98,keep,none
2024-06-08 04:10:00,0,,-0.19784103448994916,0,0.17177815735340118,0,0,normal,0.98,keep,none
2024-06-08 04:20:00,0,,-0.1918368633836655,0,0.16235889494419098,0,0,normal,0.98,keep,none
2024-06-08 04:30:00,0,,-0.18760857470307463,0,0.16301612555980682,0,0,normal,0.98,keep,none
2024-06-08 04:40:00,0,,-0.19742110487936781,0,0.138633593916893,0,0,normal,0.98,keep,none
2024-06-08 04:50:00,0,,-0.19415713434861176,0,0.14396391808986664,0,0,normal,0.98,keep,none
2024-06-08 05:00:00,0,,-0.19229311763928902,0,0.1406564861536026,0,0,normal,0.98,keep,none
2024-06-08 05:10:00,0,,-0.19565078080892762,0,0.14688868820667267,0,0,normal,0.98,keep,none
2024-06-08 05:20:00,0,,-0.20448179273282674,0,0.13371238112449646,0,0,normal,0.98,keep,none
2024-06-08 05:30:00,0,,-0.20270843114150094,0,0.13335968554019928,0,0,normal,0.98,keep,none
2024-06-08 05:40:00,0,,-0.1989950232379717,0,0.13619624078273773,0,0,normal,0.98,keep,none
2024-06-08 05:50:00,0,,-0.1978007463745296,0,0.1416502743959427,0,0,normal,0.98,keep,none
2024-06-08 06:00:00,0,,-0.1853865064350635,0,0.15784499049186707,0,0,normal,0.98,keep,none
2024-06-08 06:10:00,0,,-0.19817579589615691,0,0.15619932115077972,0,0,normal,0.98,keep,none
2024-06-08 06:20:00,0,,-0.17995195082433224,0,0.17472389340400696,0,0,normal,0.98,keep,none
2024-06-08 06:30:00,1,missing,-0.16209737931782608,0,0.2100144475698471,0,1,missing,0.86,correct,rule
2024-06-08 06:40:00,0,,-0.20170620832011343,0,0.21060703694820404,0,0,normal,0.98,keep,none
2024-06-08 06:50:00,0,,-0.19852244800345936,0,0.2092808037996292,0,0,normal,0.98,keep,none
2024-06-08 07:00:00,0,,-0.20358430803188005,0,0.20420512557029724,0,0,normal,0.98,keep,none
2024-06-08 07:10:00,0,,-0.19967579866117607,0,0.2045987993478775,0,0,normal,0.98,keep,none
2024-06-08 07:20:00,0,,-0.20088871160445604,0,0.20059119164943695,0,0,normal,0.98,keep,none
2024-06-08 07:30:00,0,,-0.16380057750646615,0,0.22396118938922882,0,0,normal,0.98,keep,none
2024-06-08 07:40:00,0,,-0.1786060732205474,0,0.23875893652439117,0,0,normal,0.98,keep,none
2024-06-08 07:50:00,0,,-0.1837525021574803,0,0.2489011436700821,0,0,normal,0.98,keep,none
2024-06-08 08:00:00,1,missing,-0.16772089211996616,0,0.26133662462234497,0,1,missing,0.86,correct,rule
2024-06-08 08:10:00,0,,-0.16915667977127846,0,0.2942577600479126,0,0,normal,0.98,keep,none
2024-06-08 08:20:00,0,,-0.17628503862467054,0,0.31921273469924927,0,0,normal,0.98,keep,none
2024-06-08 08:30:00,0,,-0.1750170687235813,0,0.34886181354522705,0,0,normal,0.98,keep,none
2024-06-08 08:40:00,0,,-0.1762612846643044,0,0.3440014123916626,0,0,normal,0.98,keep,none
2024-06-08 08:50:00,0,,-0.1750509771866186,0,0.3546971082687378,0,0,normal,0.98,keep,none
2024-06-08 09:00:00,0,,-0.17985407303206025,0,0.336930513381958,0,0,normal,0.98,keep,none
2024-06-08 09:10:00,0,,-0.1779935187514745,0,0.3260929584503174,0,0,normal,0.98,keep,none
2024-06-08 09:20:00,0,,-0.1770858032567561,0,0.3058675229549408,0,0,normal,0.98,keep,none
2024-06-08 09:30:00,0,,-0.1780924499990582,0,0.27496492862701416,0,0,normal,0.98,keep,none
2024-06-08 09:40:00,0,,-0.18098982911275957,0,0.25763845443725586,0,0,normal,0.98,keep,none
2024-06-08 09:50:00,0,,-0.1800266518849068,0,0.24889756739139557,0,0,normal,0.98,keep,none
2024-06-08 10:00:00,0,,-0.18278840689903697,0,0.23634029924869537,0,0,normal,0.98,keep,none
2024-06-08 10:10:00,0,,-0.16806034777978518,0,0.22675471007823944,0,0,normal,0.98,keep,none
2024-06-08 10:20:00,0,,-0.17718104310167865,0,0.21526187658309937,0,0,normal,0.98,keep,none
2024-06-08 10:30:00,0,,-0.1741772023207696,0,0.1793246865272522,0,0,normal,0.98,keep,none
2024-06-08 10:40:00,0,,-0.17598613055814782,0,0.14263463020324707,0,0,normal,0.98,keep,none
2024-06-08 10:50:00,0,,-0.17523388734742779,0,0.11898364126682281,0,0,normal,0.98,keep,none
2024-06-08 11:00:00,0,,-0.1610912482948889,0,0.08729428052902222,0,0,normal,0.98,keep,none
2024-06-08 11:10:00,0,,-0.16282891062304095,0,0.09075713157653809,0,0,normal,0.98,keep,none
2024-06-08 11:20:00,0,,-0.15311462008725063,0,0.1035689115524292,0,0,normal,0.98,keep,none
2024-06-08 11:30:00,0,,-0.15018830413689138,0,0.11795167624950409,0,0,normal,0.98,keep,none
2024-06-08 11:40:00,0,,-0.17034812147936734,0,0.12517480552196503,0,0,normal,0.98,keep,none
2024-06-08 11:50:00,0,,-0.16683078139532648,0,0.13229866325855255,0,0,normal,0.98,keep,none
2024-06-08 12:00:00,0,,-0.18332402124688962,0,0.13209831714630127,0,0,normal,0.98,keep,none
2024-06-08 12:10:00,0,,-0.18223195498077344,0,0.13103528320789337,0,0,normal,0.98,keep,none
2024-06-08 12:20:00,0,,-0.18484480576815954,0,0.12897031009197235,0,0,normal,0.98,keep,none
2024-06-08 12:30:00,0,,-0.1800366749656015,0,0.13025973737239838,0,0,normal,0.98,keep,none
2024-06-08 12:40:00,0,,-0.18569877993067047,0,0.1298404037952423,0,0,normal,0.98,keep,none
2024-06-08 12:50:00,0,,-0.17671823028040712,0,0.1349395215511322,0,0,normal,0.98,keep,none
2024-06-08 13:00:00,0,,-0.17788575009910823,0,0.14327411353588104,0,0,normal,0.98,keep,none
2024-06-08 13:10:00,0,,-0.17770858784116844,0,0.1397726684808731,0,0,normal,0.98,keep,none
2024-06-08 13:20:00,0,,-0.17752486398081319,0,0.1376926600933075,0,0,normal,0.98,keep,none
2024-06-08 13:30:00,0,,-0.1798283849626422,0,0.13932080566883087,0,0,normal,0.98,keep,none
2024-06-08 13:40:00,0,,-0.18182061930934856,0,0.14024299383163452,0,0,normal,0.98,keep,none
2024-06-08 13:50:00,0,,-0.17678737171148934,0,0.13878260552883148,0,0,normal,0.98,keep,none
2024-06-08 14:00:00,0,,-0.1711493661749217,0,0.13605882227420807,0,0,normal,0.98,keep,none
2024-06-08 14:10:00,0,,-0.17059474598402863,0,0.12470267713069916,0,0,normal,0.98,keep,none
2024-06-08 14:20:00,0,,-0.17795872459641204,0,0.10365218669176102,0,0,normal,0.98,keep,none
2024-06-08 14:30:00,0,,-0.1743687647414382,0,0.08936867117881775,0,0,normal,0.98,keep,none
2024-06-08 14:40:00,0,,-0.15313738463274262,0,0.09624651074409485,0,0,normal,0.98,keep,none
2024-06-08 14:50:00,0,,-0.17652882893077743,0,0.08533001691102982,0,0,normal,0.98,keep,none
2024-06-08 15:00:00,0,,-0.18045590501808828,0,0.08344357460737228,0,0,normal,0.98,keep,none
2024-06-08 15:10:00,0,,-0.1856632494402144,0,0.08145838230848312,0,0,normal,0.98,keep,none
2024-06-08 15:20:00,0,,-0.17361765068805385,0,0.08575837314128876,0,0,normal,0.98,keep,none
2024-06-08 15:30:00,0,,-0.15992254076985268,0,0.09474851191043854,0,0,normal,0.98,keep,none
2024-06-08 15:40:00,0,,-0.16660559219347554,0,0.1006120815873146,0,0,normal,0.98,keep,none
2024-06-08 15:50:00,0,,-0.17346423976635283,0,0.09927376359701157,0,0,normal,0.98,keep,none
2024-06-08 16:00:00,0,,-0.16985597435348476,0,0.10422693938016891,0,0,normal,0.98,keep,none
2024-06-08 16:10:00,0,,-0.17058905907953437,0,0.103353351354599,0,0,normal,0.98,keep,none
2024-06-08 16:20:00,0,,-0.1796224477836159,0,0.10376433283090591,0,0,normal,0.98,keep,none
2024-06-08 16:30:00,0,,-0.17930492114423463,0,0.10220454633235931,0,0,normal,0.98,keep,none
2024-06-08 16:40:00,0,,-0.16630800123460898,0,0.11595313996076584,0,0,normal,0.98,keep,none
2024-06-08 16:50:00,0,,-0.17603728625724346,0,0.11892664432525635,0,0,normal,0.98,keep,none
2024-06-08 17:00:00,0,,-0.15861573349620478,0,0.12473709881305695,0,0,normal,0.98,keep,none
2024-06-08 17:10:00,0,,-0.16948048670434207,0,0.1298205405473709,0,0,normal,0.98,keep,none
2024-06-08 17:20:00,0,,-0.15815414310496295,0,0.13963660597801208,0,0,normal,0.98,keep,none
2024-06-08 17:30:00,0,,-0.1714412661571123,0,0.14602628350257874,0,0,normal,0.98,keep,none
2024-06-08 17:40:00,1,spike,0.06956116506769694,1,0.47344347834587097,0,1,spike,0.95,correct,hybrid
2024-06-08 17:50:00,1,missing,0.028009052914650612,1,0.5222221612930298,0,1,missing,0.95,correct,hybrid
2024-06-08 18:00:00,0,,-0.01188386304691591,0,0.5727919936180115,0,0,normal,0.98,keep,none
2024-06-08 18:10:00,0,,-0.048325384376318614,0,0.6053236722946167,0,0,normal,0.98,keep,none
2024-06-08 18:20:00,0,,-0.014831572713095986,0,0.644205629825592,0,0,normal,0.98,keep,none
2024-06-08 18:30:00,0,,-0.03856124833756913,0,0.6771336197853088,0,0,normal,0.98,keep,none
2024-06-08 18:40:00,0,,-0.17158855862104477,0,0.6050394177436829,0,0,normal,0.98,keep,none
2024-06-08 18:50:00,0,,-0.1609976968171653,0,0.5896174311637878,0,0,normal,0.98,keep,none
2024-06-08 19:00:00,0,,-0.17951880508504353,0,0.5538007020950317,0,0,normal,0.98,keep,none
2024-06-08 19:10:00,0,,-0.181939705621516,0,0.5413192510604858,0,0,normal,0.98,keep,none
2024-06-08 19:20:00,0,,-0.18214631293093397,0,0.5287850499153137,0,0,normal,0.98,keep,none
2024-06-08 19:30:00,0,,-0.17006672744721807,0,0.5231586694717407,0,0,normal,0.98,keep,none
2024-06-08 19:40:00,0,,-0.1794143024303531,0,0.5158318281173706,0,0,normal,0.98,keep,none
2024-06-08 19:50:00,0,,-0.17296551413356026,0,0.5102784633636475,0,0,normal,0.98,keep,none
2024-06-08 20:00:00,0,,-0.156318096934625,0,0.5080386400222778,0,0,normal,0.98,keep,none
2024-06-08 20:10:00,0,,-0.17327195968527515,0,0.5047760009765625,0,0,normal,0.98,keep,none
2024-06-08 20:20:00,0,,-0.15412201455977587,0,0.4974158704280853,0,0,normal,0.98,keep,none
2024-06-08 20:30:00,0,,-0.17295878872856707,0,0.5054419040679932,0,0,normal,0.98,keep,none
2024-06-08 20:40:00,0,,-0.16746103305363674,0,0.3919067978858948,0,0,normal,0.98,keep,none
2024-06-08 20:50:00,0,,-0.18767923647709056,0,0.32014200091362,0,0,normal,0.98,keep,none
2024-06-08 21:00:00,0,,-0.1836474922120661,0,0.2880008816719055,0,0,normal,0.98,keep,none
2024-06-08 21:10:00,0,,-0.19745720082130414,0,0.26017430424690247,0,0,normal,0.98,keep,none
2024-06-08 21:20:00,0,,-0.18428479242699203,0,0.21544812619686127,0,0,normal,0.98,keep,none
2024-06-08 21:30:00,1,negative,-0.12487722941973789,0,0.2188401222229004,0,1,negative,0.86,correct,rule
2024-06-08 21:40:00,0,,-0.17128233879456595,0,0.2073102593421936,0,0,normal,0.98,keep,none
2024-06-08 21:50:00,0,,-0.18541803877496615,0,0.1957358568906784,0,0,normal,0.98,keep,none
2024-06-08 22:00:00,0,,-0.18342645458463663,0,0.1893150359392166,0,0,normal,0.98,keep,none
2024-06-08 22:10:00,0,,-0.18779540800063566,0,0.19064439833164215,0,0,normal,0.98,keep,none
2024-06-08 22:20:00,0,,-0.18448560913106216,0,0.18952643871307373,0,0,normal,0.98,keep,none
2024-06-08 22:30:00,0,,-0.17445679060749364,0,0.1819092184305191,0,0,normal,0.98,keep,none
2024-06-08 22:40:00,0,,-0.18285042235168164,0,0.17614179849624634,0,0,normal,0.98,keep,none
2024-06-08 22:50:00,0,,-0.1949715274365848,0,0.17491945624351501,0,0,normal,0.98,keep,none
2024-06-08 23:00:00,0,,-0.1865349103689628,0,0.16516733169555664,0,0,normal,0.98,keep,none
2024-06-08 23:10:00,0,,-0.1959837497320523,0,0.16455991566181183,0,0,normal,0.98,keep,none
2024-06-08 23:20:00,0,,-0.1824919063580563,0,0.15336991846561432,0,0,normal,0.98,keep,none
2024-06-08 23:30:00,0,,-0.18421297977115536,0,0.1511005163192749,0,0,normal,0.98,keep,none
2024-06-08 23:40:00,0,,-0.19477309672441467,0,0.13818618655204773,0,0,normal,0.98,keep,none
2024-06-08 23:50:00,0,,-0.19686684168067992,0,0.13645415008068085,0,0,normal,0.98,keep,none
2024-06-09 00:00:00,0,,-0.19820842903183455,0,0.13106884062290192,0,0,normal,0.98,keep,none
2024-06-09 00:10:00,0,,-0.19126912043735544,0,0.13608859479427338,0,0,normal,0.98,keep,none
2024-06-09 00:20:00,0,,-0.17313123053785517,0,0.13553361594676971,0,0,normal,0.98,keep,none
2024-06-09 00:30:00,0,,-0.19156743139840815,0,0.10872238874435425,0,0,normal,0.98,keep,none
2024-06-09 00:40:00,0,,-0.18620099282785557,0,0.10963719338178635,0,0,normal,0.98,keep,none
2024-06-09 00:50:00,0,,-0.19871439415674702,0,0.11196661740541458,0,0,normal,0.98,keep,none
2024-06-09 01:00:00,1,missing,-0.1613851780600618,0,0.1448492854833603,0,1,missing,0.86,correct,rule
2024-06-09 01:10:00,0,,-0.18961625825894235,0,0.1416814625263214,0,0,normal,0.98,keep,none
2024-06-09 01:20:00,0,,-0.19912105520269896,0,0.1406184881925583,0,0,normal,0.98,keep,none
2024-06-09 01:30:00,0,,-0.20214841371329578,0,0.13914626836776733,0,0,normal,0.98,keep,none
2024-06-09 01:40:00,0,,-0.19241428359434165,0,0.1417880803346634,0,0,normal,0.98,keep,none
2024-06-09 01:50:00,0,,-0.18667578121150868,0,0.1459326595067978,0,0,normal,0.98,keep,none
2024-06-09 02:00:00,0,,-0.20250158718726452,0,0.143183633685112,0,0,normal,0.98,keep,none
2024-06-09 02:10:00,0,,-0.1982749858472866,0,0.1428682953119278,0,0,normal,0.98,keep,none
2024-06-09 02:20:00,0,,-0.19933124893617826,0,0.14258266985416412,0,0,normal,0.98,keep,none
2024-06-09 02:30:00,0,,-0.2025846970167452,0,0.13652515411376953,0,0,normal,0.98,keep,none
2024-06-09 02:40:00,0,,-0.1898564340473357,0,0.13896912336349487,0,0,normal,0.98,keep,none
2024-06-09 02:50:00,0,,-0.18196265099851056,0,0.14828011393547058,0,0,normal,0.98,keep,none
2024-06-09 03:00:00,0,,-0.20329405809602052,0,0.15197564661502838,0,0,normal,0.98,keep,none
2024-06-09 03:10:00,0,,-0.1876829208955702,0,0.15178382396697998,0,0,normal,0.98,keep,none
2024-06-09 03:20:00,0,,-0.2010045796756536,0,0.14627930521965027,0,0,normal,0.98,keep,none
2024-06-09 03:30:00,0,,-0.19738803034459473,0,0.15035715699195862,0,0,normal,0.98,keep,none
2024-06-09 03:40:00,0,,-0.20980940373256268,0,0.14123979210853577,0,0,normal,0.98,keep,none
2024-06-09 03:50:00,0,,-0.20702456436824707,0,0.14214569330215454,0,0,normal,0.98,keep,none
2024-06-09 04:00:00,0,,-0.1973346918757925,0,0.11676255613565445,0,0,normal,0.98,keep,none
2024-06-09 04:10:00,0,,-0.2033349693219857,0,0.1157117560505867,0,0,normal,0.98,keep,none
2024-06-09 04:20:00,0,,-0.20871712463079073,0,0.11666713654994965,0,0,normal,0.98,keep,none
2024-06-09 04:30:00,0,,-0.20891632364524054,0,0.11988981813192368,0,0,normal,0.98,keep,none
2024-06-09 04:40:00,0,,-0.2077148404976123,0,0.11767787486314774,0,0,normal,0.98,keep,none
2024-06-09 04:50:00,0,,-0.17552987958911714,0,0.13120925426483154,0,0,normal,0.98,keep,none
2024-06-09 05:00:00,0,,-0.17792420029722328,0,0.1389007270336151,0,0,normal,0.98,keep,none
2024-06-09 05:10:00,0,,-0.20520844330076032,0,0.1395062953233719,0,0,normal,0.98,keep,none
2024-06-09 05:20:00,0,,-0.20890914854308845,0,0.13762539625167847,0,0,normal,0.98,keep,none
2024-06-09 05:30:00,1,negative,-0.13454323693879106,0,0.17564265429973602,0,1,negative,0.86,correct,rule
2024-06-09 05:40:00,0,,-0.15928149061792135,0,0.17694877088069916,0,0,normal,0.98,keep,none
2024-06-09 05:50:00,0,,-0.16830278360297823,0,0.17116111516952515,0,0,normal,0.98,keep,none
2024-06-09 06:00:00,0,,-0.1810210159229979,0,0.1792268306016922,0,0,normal,0.98,keep,none
2024-06-09 06:10:00,1,spurious,-0.13749547477332802,0,0.21038088202476501,0,1,spurious,0.86,correct,rule
2024-06-09 06:20:00,0,,-0.15753311636279854,0,0.2141122668981552,0,0,normal,0.98,keep,none
2024-06-09 06:30:00,0,,-0.18009508225123416,0,0.2357279509305954,0,0,normal,0.98,keep,none
2024-06-09 06:40:00,0,,-0.1978740495442342,0,0.23043093085289001,0,0,normal,0.98,keep,none
2024-06-09 06:50:00,0,,-0.1860440406718779,0,0.24767599999904633,0,0,normal,0.98,keep,none
2024-06-09 07:00:00,0,,-0.19952988593219528,0,0.24073654413223267,0,0,normal,0.98,keep,none
2024-06-09 07:10:00,0,,-0.20604799645915045,0,0.24427171051502228,0,0,normal,0.98,keep,none
2024-06-09 07:20:00,0,,-0.20561588222476745,0,0.24546805024147034,0,0,normal,0.98,keep,none
2024-06-09 07:30:00,0,,-0.2028631260258884,0,0.25161388516426086,0,0,normal,0.98,keep,none
2024-06-09 07:40:00,0,,-0.2058797574036118,0,0.25259190797805786,0,0,normal,0.98,keep,none
2024-06-09 07:50:00,0,,-0.19862053583277295,0,0.24218536913394928,0,0,normal,0.98,keep,none
2024-06-09 08:00:00,0,,-0.20136996448693445,0,0.22621262073516846,0,0,normal,0.98,keep,none
2024-06-09 08:10:00,1,missing,-0.16746326507855896,0,0.25095003843307495,0,1,missing,0.86,correct,rule
2024-06-09 08:20:00,0,,-0.18968346841370315,0,0.26365965604782104,0,0,normal,0.98,keep,none
2024-06-09 08:30:00,0,,-0.18573764780498447,0,0.25880879163742065,0,0,normal,0.98,keep,none
2024-06-09 08:40:00,1,spurious,-0.1599989466607878,0,0.27321743965148926,0,1,spurious,0.86,correct,rule
2024-06-09 08:50:00,0,,-0.19566139445445135,0,0.26651516556739807,0,0,normal,0.98,keep,none
2024-06-09 09:00:00,0,,-0.2000235246507857,0,0.25767090916633606,0,0,normal,0.98,keep,none
2024-06-09 09:10:00,0,,-0.19754435505616907,0,0.22758646309375763,0,0,normal,0.98,keep,none
2024-06-09 09:20:00,0,,-0.1974226786925214,0,0.21022747457027435,0,0,normal,0.98,keep,none
2024-06-09 09:30:00,0,,-0.19986434206903592,0,0.19520685076713562,0,0,normal,0.98,keep,none
2024-06-09 09:40:00,0,,-0.2006272112604897,0,0.1966058909893036,0,0,normal,0.98,keep,none
2024-06-09 09:50:00,0,,-0.19993684484512853,0,0.18669603765010834,0,0,normal,0.98,keep,none
2024-06-09 10:00:00,0,,-0.1839835664979994,0,0.19165155291557312,0,0,normal,0.98,keep,none
2024-06-09 10:10:00,0,,-0.19390361746561174,0,0.19539722800254822,0,0,normal,0.98,keep,none
2024-06-09 10:20:00,0,,-0.20000177232876748,0,0.1890743225812912,0,0,normal,0.98,keep,none
2024-06-09 10:30:00,0,,-0.20201054999778578,0,0.18549403548240662,0,0,normal,0.98,keep,none
2024-06-09 10:40:00,0,,-0.20362807990354365,0,0.18419994413852692,0,0,normal,0.98,keep,none
2024-06-09 10:50:00,0,,-0.19422534460931767,0,0.17828579246997833,0,0,normal,0.98,keep,none
2024-06-09 11:00:00,0,,-0.18745994777959296,0,0.17785987257957458,0,0,normal,0.98,keep,none
2024-06-09 11:10:00,0,,-0.20138582982017283,0,0.1532454639673233,0,0,normal,0.98,keep,none
2024-06-09 11:20:00,0,,-0.19840049281834,0,0.1456412672996521,0,0,normal,0.98,keep,none
2024-06-09 11:30:00,0,,-0.18320514857812714,0,0.14533966779708862,0,0,normal,0.98,keep,none
2024-06-09 11:40:00,0,,-0.19960113524011808,0,0.1226649284362793,0,0,normal,0.98,keep,none
2024-06-09 11:50:00,0,,-0.19796308427141462,0,0.1244790256023407,0,0,normal,0.98,keep,none
2024-06-09 12:00:00,0,,-0.19982834101770408,0,0.1277628391981125,0,0,normal,0.98,keep,none
2024-06-09 12:10:00,0,,-0.20056626550172268,0,0.12895427644252777,0,0,normal,0.98,keep,none
2024-06-09 12:20:00,1,spurious,-0.13698375526405826,0,0.1623411327600479,0,1,spurious,0.86,correct,rule
2024-06-09 12:30:00,1,missing,-0.15192680415151072,0,0.1872774064540863,0,1,missing,0.86,correct,rule
2024-06-09 12:40:00,0,,-0.1692766417002401,0,0.2042149007320404,0,0,normal,0.98,keep,none
2024-06-09 12:50:00,0,,-0.18669072150727367,0,0.20549903810024261,0,0,normal,0.98,keep,none
2024-06-09 13:00:00,0,,-0.19126442743074978,0,0.2000783085823059,0,0,normal,0.98,keep,none
2024-06-09 13:10:00,0,,-0.17366058162828213,0,0.20817716419696808,0,0,normal,0.98,keep,none
2024-06-09 13:20:00,0,,-0.18991650830780848,0,0.20908130705356598,0,0,normal,0.98,keep,none
2024-06-09 13:30:00,0,,-0.18031372186752986,0,0.21902109682559967,0,0,normal,0.98,keep,none
2024-06-09 13:40:00,0,,-0.163995286726629,0,0.23538687825202942,0,0,normal,0.98,keep,none
2024-06-09 13:50:00,0,,-0.19400705242829708,0,0.23174530267715454,0,0,normal,0.98,keep,none
2024-06-09 14:00:00,0,,-0.18145079078795462,0,0.22852067649364471,0,0,normal,0.98,keep,none
2024-06-09 14:10:00,0,,-0.18459245784120665,0,0.23360420763492584,0,0,normal,0.98,keep,none
2024-06-09 14:20:00,0,,-0.19029830775432816,0,0.23084329068660736,0,0,normal,0.98,keep,none
2024-06-09 14:30:00,0,,-0.1914986640040467,0,0.22028715908527374,0,0,normal,0.98,keep,none
2024-06-09 14:40:00,0,,-0.18241383454223076,0,0.2192332148551941,0,0,normal,0.98,keep,none
2024-06-09 14:50:00,0,,-0.1920218416237467,0,0.21568799018859863,0,0,normal,0.98,keep,none
2024-06-09 15:00:00,0,,-0.19016838981566947,0,0.21295611560344696,0,0,normal,0.98,keep,none
2024-06-09 15:10:00,0,,-0.1944334779523632,0,0.21578317880630493,0,0,normal,0.98,keep,none
2024-06-09 15:20:00,0,,-0.19153913526013194,0,0.1858871728181839,0,0,normal,0.98,keep,none
2024-06-09 15:30:00,0,,-0.19477389261209527,0,0.16196031868457794,0,0,normal,0.98,keep,none
2024-06-09 15:40:00,0,,-0.19082327298548024,0,0.14140424132347107,0,0,normal,0.98,keep,none
2024-06-09 15:50:00,0,,-0.19388873110725696,0,0.13643015921115875,0,0,normal,0.98,keep,none
2024-06-09 16:00:00,0,,-0.19237615890038845,0,0.1417866051197052,0,0,normal,0.98,keep,none
2024-06-09 16:10:00,0,,-0.19699813434286562,0,0.13270314037799835,0,0,normal,0.98,keep,none
2024-06-09 16:20:00,0,,-0.19659925442775805,0,0.12697216868400574,0,0,normal,0.98,keep,none
2024-06-09 16:30:00,0,,-0.19958662923771076,0,0.11580578982830048,0,0,normal,0.98,keep,none
2024-06-09 16:40:00,0,,-0.19844695336377183,0,0.09256599843502045,0,0,normal,0.98,keep,none
2024-06-09 16:50:00,0,,-0.19921051300071613,0,0.09142360836267471,0,0,normal,0.98,keep,none
2024-06-09 17:00:00,0,,-0.1952924134666164,0,0.0897434651851654,0,0,normal,0.98,keep,none
2024-06-09 17:10:00,0,,-0.20030426904339654,0,0.08471056073904037,0,0,normal,0.98,keep,none
2024-06-09 17:20:00,0,,-0.19639117567260428,0,0.0869373306632042,0,0,normal,0.98,keep,none
2024-06-09 17:30:00,0,,-0.1955043198935988,0,0.09013038873672485,0,0,normal,0.98,keep,none
2024-06-09 17:40:00,0,,-0.1692513918131438,0,0.09493213891983032,0,0,normal,0.98,keep,none
2024-06-09 17:50:00,0,,-0.19826012697443102,0,0.09594839066267014,0,0,normal,0.98,keep,none
2024-06-09 18:00:00,0,,-0.19590217621565326,0,0.09510786831378937,0,0,normal,0.98,keep,none
2024-06-09 18:10:00,0,,-0.20023997417562472,0,0.09049507975578308,0,0,normal,0.98,keep,none
2024-06-09 18:20:00,0,,-0.20045098633658498,0,0.0853675976395607,0,0,normal,0.98,keep,none
2024-06-09 18:30:00,1,spike,0.05772589635868575,1,0.3482969105243683,0,1,spike,0.95,correct,hybrid
2024-06-09 18:40:00,0,,0.017441801531118406,1,0.38854870200157166,0,1,ml_suspicious,0.62,manual_review,isolation_forest
2024-06-09 18:50:00,0,,-0.004929821209362473,0,0.47351303696632385,0,0,normal,0.98,keep,none
2024-06-09 19:00:00,0,,-0.052009919850654285,0,0.4799696207046509,0,0,normal,0.98,keep,none
2024-06-09 19:10:00,0,,-0.05238019282669082,0,0.49607959389686584,0,0,normal,0.98,keep,none
2024-06-09 19:20:00,0,,-0.052004745562464594,0,0.516208291053772,0,0,normal,0.98,keep,none
2024-06-09 19:30:00,0,,-0.16960639603496136,0,0.4614148736000061,0,0,normal,0.98,keep,none
2024-06-09 19:40:00,0,,-0.18356847070010163,0,0.4370500445365906,0,0,normal,0.98,keep,none
2024-06-09 19:50:00,0,,-0.17495039540017548,0,0.42552974820137024,0,0,normal,0.98,keep,none
2024-06-09 20:00:00,0,,-0.18282397013827878,0,0.4142701029777527,0,0,normal,0.98,keep,none
2024-06-09 20:10:00,0,,-0.17488924057831573,0,0.41157469153404236,0,0,normal,0.98,keep,none
2024-06-09 20:20:00,0,,-0.18124496690281738,0,0.40521353483200073,0,0,normal,0.98,keep,none
2024-06-09 20:30:00,0,,-0.18671447354926823,0,0.4100794792175293,0,0,normal,0.98,keep,none
2024-06-09 20:40:00,0,,-0.13842568793944432,0,0.4020914137363434,0,0,normal,0.98,keep,none
2024-06-09 20:50:00,0,,-0.17248650735107635,0,0.4168475866317749,0,0,normal,0.98,keep,none
2024-06-09 21:00:00,1,negative,-0.08133552291846335,0,0.44545549154281616,0,1,negative,0.86,correct,rule
2024-06-09 21:10:00,0,,-0.13124258461929106,0,0.45311224460601807,0,0,normal,0.98,keep,none
2024-06-09 21:20:00,0,,-0.14773594058972772,0,0.46790504455566406,0,0,normal,0.98,keep,none
2024-06-09 21:30:00,0,,-0.1518457107373843,0,0.3706730902194977,0,0,normal,0.98,keep,none
2024-06-09 21:40:00,0,,-0.16899336190388575,0,0.3068300187587738,0,0,normal,0.98,keep,none
2024-06-09 21:50:00,0,,-0.1708810541010503,0,0.27149152755737305,0,0,normal,0.98,keep,none
2024-06-09 22:00:00,0,,-0.18666864311242615,0,0.24856677651405334,0,0,normal,0.98,keep,none
2024-06-09 22:10:00,0,,-0.18399453870823096,0,0.22643882036209106,0,0,normal,0.98,keep,none
2024-06-09 22:20:00,0,,-0.1844106822189132,0,0.20839037001132965,0,0,normal,0.98,keep,none
2024-06-09 22:30:00,0,,-0.17948605042035853,0,0.19835279881954193,0,0,normal,0.98,keep,none
2024-06-09 22:40:00,0,,-0.18235415572012798,0,0.1938760131597519,0,0,normal,0.98,keep,none
2024-06-09 22:50:00,0,,-0.18216219140299572,0,0.1867973655462265,0,0,normal,0.98,keep,none
2024-06-09 23:00:00,0,,-0.18111555567427406,0,0.18476378917694092,0,0,normal,0.98,keep,none
2024-06-09 23:10:00,0,,-0.18452611073735048,0,0.17665621638298035,0,0,normal,0.98,keep,none
2024-06-09 23:20:00,0,,-0.178703502787938,0,0.17725025117397308,0,0,normal,0.98,keep,none
2024-06-09 23:30:00,0,,-0.17274910720509262,0,0.1784212440252304,0,0,normal,0.98,keep,none
2024-06-09 23:40:00,0,,-0.19430512647473447,0,0.15195311605930328,0,0,normal,0.98,keep,none
2024-06-09 23:50:00,0,,-0.19216569579505716,0,0.1411016285419464,0,0,normal,0.98,keep,none
2024-06-10 00:00:00,0,,-0.1747167100466805,0,0.10137790441513062,0,0,normal,0.98,keep,none
2024-06-10 00:10:00,0,,-0.1950158052568548,0,0.09915187954902649,0,0,normal,0.98,keep,none
2024-06-10 00:20:00,0,,-0.1961499807217238,0,0.09912873804569244,0,0,normal,0.98,keep,none
2024-06-10 00:30:00,0,,-0.1703689415649231,0,0.09774915128946304,0,0,normal,0.98,keep,none
2024-06-10 00:40:00,0,,-0.1943387611453284,0,0.09624403715133667,0,0,normal,0.98,keep,none
2024-06-10 00:50:00,0,,-0.17053693398802822,0,0.10220601409673691,0,0,normal,0.98,keep,none
2024-06-10 01:00:00,0,,-0.1754719226716544,0,0.11051122099161148,0,0,normal,0.98,keep,none
2024-06-10 01:10:00,0,,-0.1897542808357347,0,0.11050234735012054,0,0,normal,0.98,keep,none
2024-06-10 01:20:00,0,,-0.1904854072745954,0,0.11282636970281601,0,0,normal,0.98,keep,none
2024-06-10 01:30:00,0,,-0.1881998634969813,0,0.11292730271816254,0,0,normal,0.98,keep,none
2024-06-10 01:40:00,0,,-0.19394111664903813,0,0.1096528023481369,0,0,normal,0.98,keep,none
2024-06-10 01:50:00,0,,-0.18869602658108708,0,0.10753639787435532,0,0,normal,0.98,keep,none
2024-06-10 02:00:00,0,,-0.1970058113049688,0,0.10007180273532867,0,0,normal,0.98,keep,none
2024-06-10 02:10:00,0,,-0.1868774582690439,0,0.09838443994522095,0,0,normal,0.98,keep,none
2024-06-10 02:20:00,0,,-0.18765763883616865,0,0.08979066461324692,0,0,normal,0.98,keep,none
2024-06-10 02:30:00,0,,-0.19032395068375746,0,0.0811832994222641,0,0,normal,0.98,keep,none
2024-06-10 02:40:00,0,,-0.18616341615298487,0,0.08515746146440506,0,0,normal,0.98,keep,none
2024-06-10 02:50:00,0,,-0.19756061603335057,0,0.08179222047328949,0,0,normal,0.98,keep,none
2024-06-10 03:00:00,0,,-0.19620223228279982,0,0.07176464796066284,0,0,normal,0.98,keep,none
2024-06-10 03:10:00,0,,-0.19536119423334086,0,0.0733228549361229,0,0,normal,0.98,keep,none
2024-06-10 03:20:00,0,,-0.19603567448960701,0,0.07461842894554138,0,0,normal,0.98,keep,none
2024-06-10 03:30:00,0,,-0.1945242828674224,0,0.0707983523607254,0,0,normal,0.98,keep,none
2024-06-10 03:40:00,0,,-0.1782608778611906,0,0.08044248074293137,0,0,normal,0.98,keep,none
2024-06-10 03:50:00,0,,-0.19659004639993843,0,0.07512570917606354,0,0,normal,0.98,keep,none
2024-06-10 04:00:00,0,,-0.19861096908480047,0,0.07056104391813278,0,0,normal,0.98,keep,none
2024-06-10 04:10:00,0,,-0.1867935834260649,0,0.07444534450769424,0,0,normal,0.98,keep,none
2024-06-10 04:20:00,1,missing,-0.16845040355279328,0,0.11196587234735489,0,1,missing,0.86,correct,rule
2024-06-10 04:30:00,0,,-0.209174162246543,0,0.11768794059753418,0,0,normal,0.98,keep,none
2024-06-10 04:40:00,0,,-0.20969179907426938,0,0.12236528098583221,0,0,normal,0.98,keep,none
2024-06-10 04:50:00,0,,-0.20067684908711003,0,0.12759754061698914,0,0,normal,0.98,keep,none
2024-06-10 05:00:00,0,,-0.20166140247066883,0,0.13834095001220703,0,0,normal,0.98,keep,none
2024-06-10 05:10:00,0,,-0.2113403332594101,0,0.13634751737117767,0,0,normal,0.98,keep,none
2024-06-10 05:20:00,0,,-0.20534746774668827,0,0.13948489725589752,0,0,normal,0.98,keep,none
2024-06-10 05:30:00,0,,-0.2074334169709442,0,0.14148768782615662,0,0,normal,0.98,keep,none
2024-06-10 05:40:00,0,,-0.20474465791456226,0,0.1444680392742157,0,0,normal,0.98,keep,none
2024-06-10 05:50:00,0,,-0.20472822510520405,0,0.14605392515659332,0,0,normal,0.98,keep,none
2024-06-10 06:00:00,0,,-0.20649128671754963,0,0.15315955877304077,0,0,normal,0.98,keep,none
2024-06-10 06:10:00,0,,-0.20828707499210686,0,0.1549382209777832,0,0,normal,0.98,keep,none
2024-06-10 06:20:00,0,,-0.20556329828747616,0,0.1548842489719391,0,0,normal,0.98,keep,none
2024-06-10 06:30:00,0,,-0.2036901003884649,0,0.1599850058555603,0,0,normal,0.98,keep,none
2024-06-10 06:40:00,0,,-0.1985192432559727,0,0.16260971128940582,0,0,normal,0.98,keep,none
2024-06-10 06:50:00,0,,-0.07056749205534996,0,0.21464958786964417,0,0,normal,0.98,keep,none
2024-06-10 07:00:00,0,,-0.04124092834812221,0,0.3139950931072235,0,0,normal,0.98,keep,none
2024-06-10 07:10:00,0,,-0.07616609402129493,0,0.3735675513744354,0,0,normal,0.98,keep,none
2024-06-10 07:20:00,1,negative,-0.05651210897492176,0,0.4799312949180603,0,1,negative,0.86,correct,rule
2024-06-10 07:30:00,0,,-0.01749922635084178,0,0.5766432285308838,0,0,normal,0.98,keep,none
2024-06-10 07:40:00,1,missing,-0.04180503864622365,0,0.7477996349334717,0,1,missing,0.86,correct,rule
2024-06-10 07:50:00,0,,-0.008117619842079038,0,0.9959089756011963,0,0,normal,0.98,keep,none
2024-06-10 08:00:00,0,,0.005105343758883163,1,1.123891830444336,0,1,ml_suspicious,0.62,manual_review,isolation_forest
2024-06-10 08:10:00,0,,0.00039661481381758623,1,1.2123769521713257,0,1,ml_suspicious,0.62,manual_review,isolation_forest
2024-06-10 08:20:00,0,,0.013405187726692525,1,1.3771212100982666,0,1,ml_suspicious,0.62,manual_review,isolation_forest
2024-06-10 08:30:00,0,,0.01918702828011465,1,1.5488816499710083,0,1,ml_suspicious,0.62,manual_review,isolation_forest
2024-06-10 08:40:00,0,,0.028573108199907327,1,1.6795198917388916,0,1,ml_suspicious,0.62,manual_review,isolation_forest
2024-06-10 08:50:00,0,,0.0316498197556323,1,1.8100621700286865,0,1,ml_suspicious,0.62,manual_review,isolation_forest
2024-06-10 09:00:00,0,,0.031518592355049946,1,2.042363405227661,0,1,ml_suspicious,0.62,manual_review,isolation_forest
2024-06-10 09:10:00,0,,0.028951971969366275,1,2.2451019287109375,0,1,ml_suspicious,0.62,manual_review,isolation_forest
2024-06-10 09:20:00,0,,0.04335486071843009,1,2.3825201988220215,0,1,ml_suspicious,0.62,manual_review,isolation_forest
2024-06-10 09:30:00,0,,0.042679564447060336,1,2.460355520248413,0,1,ml_suspicious,0.62,manual_review,isolation_forest
2024-06-10 09:40:00,0,,0.042752765829395134,1,2.5819613933563232,1,1,ml_suspicious,0.62,manual_review,hybrid
2024-06-10 09:50:00,1,missing,0.01796832088037259,1,2.73547101020813,1,1,missing,0.95,correct,hybrid
2024-06-10 10:00:00,1,missing,0.02122708769329651,1,2.769117832183838,1,1,missing,0.95,correct,hybrid
2024-06-10 10:10:00,0,,0.02810751545192136,1,2.80806303024292,1,1,ml_suspicious,0.62,manual_review,hybrid
2024-06-10 10:20:00,0,,0.038248360398165815,1,2.7874205112457275,1,1,ml_suspicious,0.62,manual_review,hybrid
2024-06-10 10:30:00,0,,0.043074301787466074,1,2.842919111251831,1,1,ml_suspicious,0.62,manual_review,hybrid
2024-06-10 10:40:00,0,,0.033812334183169646,1,2.7436559200286865,1,1,ml_suspicious,0.62,manual_review,hybrid
2024-06-10 10:50:00,0,,0.03318332753143505,1,2.585977077484131,1,1,ml_suspicious,0.62,manual_review,hybrid
2024-06-10 11:00:00,0,,0.046261235714214255,1,2.6770074367523193,1,1,ml_suspicious,0.62,manual_review,hybrid
2024-06-10 11:10:00,0,,0.03854265178340388,1,2.6461267471313477,1,1,ml_suspicious,0.62,manual_review,hybrid
2024-06-10 11:20:00,0,,0.03180679445358536,1,2.598823070526123,1,1,ml_suspicious,0.62,manual_review,hybrid
2024-06-10 11:30:00,0,,0.02985280831768322,1,2.5131547451019287,1,1,ml_suspicious,0.62,manual_review,hybrid
2024-06-10 11:40:00,0,,0.03531592152814467,1,2.488861560821533,1,1,ml_suspicious,0.62,manual_review,hybrid
2024-06-10 11:50:00,0,,0.023564120390536347,1,2.455686569213867,0,1,ml_suspicious,0.62,manual_review,isolation_forest
2024-06-10 12:00:00,0,,0.027793519979642634,1,2.363764762878418,0,1,ml_suspicious,0.62,manual_review,isolation_forest
2024-06-10 12:10:00,0,,0.01603936128504413,1,2.3070530891418457,0,1,ml_suspicious,0.62,manual_review,isolation_forest
2024-06-10 12:20:00,0,,0.0016775049179973411,1,2.321228265762329,0,1,ml_suspicious,0.62,manual_review,isolation_forest
2024-06-10 12:30:00,0,,-0.012155970876962297,0,2.411916732788086,0,0,normal,0.98,keep,none
2024-06-10 12:40:00,0,,0.019895444233513526,1,2.430387496948242,0,1,ml_suspicious,0.62,manual_review,isolation_forest
2024-06-10 12:50:00,0,,0.00791188828453615,1,2.3879754543304443,0,1,ml_suspicious,0.62,manual_review,isolation_forest
2024-06-10 13:00:00,0,,-0.0014766476757546165,0,2.395024061203003,0,0,normal,0.98,keep,none
2024-06-10 13:10:00,0,,0.00017700950031085405,1,2.4334518909454346,0,1,ml_suspicious,0.62,manual_review,isolation_forest
2024-06-10 13:20:00,0,,0.000881271687730667,1,2.4723594188690186,1,1,ml_suspicious,0.62,manual_review,hybrid
2024-06-10 13:30:00,0,,-0.008311631995658986,0,2.4827210903167725,1,1,ml_suspicious,0.62,manual_review,lstm_ae
2024-06-10 13:40:00,0,,-0.014904550362594082,0,2.502146005630493,1,1,ml_suspicious,0.62,manual_review,lstm_ae
2024-06-10 13:50:00,0,,-0.011676578560621098,0,2.50433611869812,1,1,ml_suspicious,0.62,manual_review,lstm_ae
2024-06-10 14:00:00,0,,-0.0039051527327859104,0,2.4642772674560547,0,0,normal,0.98,keep,none
2024-06-10 14:10:00,1,missing,-0.004949759364569317,0,2.4596474170684814,0,1,missing,0.86,correct,rule
2024-06-10 14:20:00,0,,-0.013780727064019227,0,2.4456989765167236,0,0,normal,0.98,keep,none
2024-06-10 14:30:00,0,,-0.0020390218034895824,0,2.4337267875671387,0,0,normal,0.98,keep,none
2024-06-10 14:40:00,0,,-0.004102828047407581,0,2.383901357650757,0,0,normal,0.98,keep,none
2024-06-10 14:50:00,0,,-0.008332724001805514,0,2.329026937484741,0,0,normal,0.98,keep,none
2024-06-10 15:00:00,0,,-0.017337215923700744,0,2.2528252601623535,0,0,normal,0.98,keep,none
2024-06-10 15:10:00,0,,-0.011630656388011418,0,2.168260335922241,0,0,normal,0.98,keep,none
2024-06-10 15:20:00,0,,-0.028366593727155887,0,2.0886292457580566,0,0,normal,0.98,keep,none
2024-06-10 15:30:00,0,,-0.025016883873432594,0,2.022226095199585,0,0,normal,0.98,keep,none
2024-06-10 15:40:00,0,,-0.025639395987420044,0,1.957323431968689,0,0,normal,0.98,keep,none
2024-06-10 15:50:00,0,,-0.025003511236209586,0,1.9075138568878174,0,0,normal,0.98,keep,none
2024-06-10 16:00:00,0,,-0.020421031632720132,0,1.8725792169570923,0,0,normal,0.98,keep,none
2024-06-10 16:10:00,0,,-0.0324561062511971,0,1.830740213394165,0,0,normal,0.98,keep,none
2024-06-10 16:20:00,0,,-0.026741818716990662,0,1.7966426610946655,0,0,normal,0.98,keep,none
2024-06-10 16:30:00,0,,-0.03897153220721905,0,1.7755014896392822,0,0,normal,0.98,keep,none
2024-06-10 16:40:00,0,,-0.06085539910483406,0,1.8185924291610718,0,0,normal,0.98,keep,none
2024-06-10 16:50:00,1,missing,-0.0426845216118833,0,1.8146051168441772,0,1,missing,0.86,correct,rule
2024-06-10 17:00:00,1,missing,-0.062153667487952036,0,1.805356502532959,0,1,missing,0.86,correct,rule
2024-06-10 17:10:00,1,missing,-0.06318540347324264,0,1.7963248491287231,0,1,missing,0.86,correct,rule
2024-06-10 17:20:00,1,missing,-0.04923888075295313,0,1.8177871704101562,0,1,missing,0.86,correct,rule
2024-06-10 17:30:00,1,missing,-0.049802184105891434,0,1.853757381439209,0,1,missing,0.86,correct,rule
2024-06-10 17:40:00,1,missing,-0.06681286282121601,0,1.8701170682907104,0,1,missing,0.86,correct,rule
2024-06-10 17:50:00,1,missing,-0.06510865876487304,0,1.9067044258117676,0,1,long_gap_low_confidence,0.45,manual_review,rule
2024-06-10 18:00:00,1,missing,-0.06135901175602587,0,2.0093672275543213,0,1,long_gap_low_confidence,0.45,manual_review,rule
2024-06-10 18:10:00,1,missing,-0.06370138857306129,0,2.0959880352020264,0,1,long_gap_low_confidence,0.45,manual_review,rule
2024-06-10 18:20:00,1,missing,-0.0664628385975512,0,2.142573356628418,0,1,long_gap_low_confidence,0.45,manual_review,rule
2024-06-10 18:30:00,1,missing,-0.07210873741919721,0,2.1730401515960693,0,1,missing,0.86,correct,rule
2024-06-10 18:40:00,1,missing,-0.06666827695712563,0,2.1939260959625244,0,1,missing,0.86,correct,rule
2024-06-10 18:50:00,1,missing,-0.07028128795188393,0,2.190030813217163,0,1,missing,0.86,correct,rule
2024-06-10 19:00:00,1,missing,-0.06737351037589523,0,2.2326409816741943,0,1,missing,0.86,correct,rule
2024-06-10 19:10:00,1,missing,-0.06914916185202102,0,2.2774314880371094,0,1,missing,0.86,correct,rule
2024-06-10 19:20:00,1,missing,-0.08656976911311848,0,2.186333656311035,0,1,missing,0.86,correct,rule
2024-06-10 19:30:00,0,,-0.11588201784002766,0,2.1576428413391113,0,0,normal,0.98,keep,none
2024-06-10 19:40:00,0,,-0.12831730734912922,0,2.0518059730529785,0,0,normal,0.98,keep,none
2024-06-10 19:50:00,0,,-0.11305492324779087,0,2.027907609939575,0,0,normal,0.98,keep,none
2024-06-10 20:00:00,0,,-0.12442141313083876,0,1.9694253206253052,0,0,normal,0.98,keep,none
2024-06-10 20:10:00,0,,-0.12914667024512239,0,1.8791440725326538,0,0,normal,0.98,keep,none
2024-06-10 20:20:00,0,,-0.13161697977165737,0,1.7859443426132202,0,0,normal,0.98,keep,none
2024-06-10 20:30:00,1,missing,-0.09322893379445779,0,1.816658616065979,0,1,missing,0.86,correct,rule
2024-06-10 20:40:00,0,,-0.11209584648059284,0,1.6473878622055054,0,0,normal,0.98,keep,none
2024-06-10 20:50:00,0,,-0.12906147139134427,0,1.5804846286773682,0,0,normal,0.98,keep,none
2024-06-10 21:00:00,0,,-0.1240221449521437,0,1.4759209156036377,0,0,normal,0.98,keep,none
2024-06-10 21:10:00,0,,-0.12930482481822458,0,1.3962440490722656,0,0,normal,0.98,keep,none
2024-06-10 21:20:00,0,,-0.10957278179866031,0,1.3124052286148071,0,0,normal,0.98,keep,none
2024-06-10 21:30:00,0,,-0.12497963587898764,0,1.2114489078521729,0,0,normal,0.98,keep,none
2024-06-10 21:40:00,0,,-0.127524413767918,0,1.129512071609497,0,0,normal,0.98,keep,none
2024-06-10 21:50:00,0,,-0.131275864020575,0,1.0805363655090332,0,0,normal,0.98,keep,none
2024-06-10 22:00:00,0,,-0.12295188772641003,0,0.9923135638237,0,0,normal,0.98,keep,none
2024-06-10 22:10:00,0,,-0.1354559013136467,0,0.9431264400482178,0,0,normal,0.98,keep,none
2024-06-10 22:20:00,0,,-0.13036120131417067,0,0.9008046984672546,0,0,normal,0.98,keep,none
2024-06-10 22:30:00,0,,-0.1362736801497763,0,0.8673680424690247,0,0,normal,0.98,keep,none
2024-06-10 22:40:00,0,,-0.11509156948815874,0,0.8579195737838745,0,0,normal,0.98,keep,none
2024-06-10 22:50:00,0,,-0.13501159716792654,0,0.8242491483688354,0,0,normal,0.98,keep,none
2024-06-10 23:00:00,0,,-0.13508813578965007,0,0.7949097156524658,0,0,normal,0.98,keep,none
2024-06-10 23:10:00,0,,-0.13688912489260424,0,0.7708307504653931,0,0,normal,0.98,keep,none
2024-06-10 23:20:00,0,,-0.12009094105059964,0,0.7557607293128967,0,0,normal,0.98,keep,none
2024-06-10 23:30:00,0,,-0.13477057497675748,0,0.7237430810928345,0,0,normal,0.98,keep,none
2024-06-10 23:40:00,0,,-0.13963122604470324,0,0.7027052640914917,0,0,normal,0.98,keep,none
2024-06-10 23:50:00,0,,-0.10848708680669156,0,0.6944786310195923,0,0,normal,0.98,keep,none
2024-06-11 00:00:00,0,,-0.12315733937857165,0,0.6829294562339783,0,0,normal,0.98,keep,none
2024-06-11 00:10:00,0,,-0.14329774529146594,0,0.6795176863670349,0,0,normal,0.98,keep,none
2024-06-11 00:20:00,0,,-0.12147315599406422,0,0.6609315872192383,0,0,normal,0.98,keep,none
2024-06-11 00:30:00,0,,-0.1431674746452215,0,0.6451494097709656,0,0,normal,0.98,keep,none
2024-06-11 00:40:00,0,,-0.10861086432807288,0,0.6412373185157776,0,0,normal,0.98,keep,none
2024-06-11 00:50:00,0,,-0.10454223986562422,0,0.6646292805671692,0,0,normal,0.98,keep,none
2024-06-11 01:00:00,0,,-0.1405173118862974,0,0.6662909984588623,0,0,normal,0.98,keep,none
2024-06-11 01:10:00,1,spike,0.06310892848026528,1,1.0679073333740234,0,1,spike,0.95,correct,hybrid
2024-06-11 01:20:00,0,,0.001089064653485794,1,0.8388464450836182,0,1,ml_suspicious,0.62,manual_review,isolation_forest
2024-06-11 01:30:00,1,missing,0.003543627043120501,1,0.8761329650878906,0,1,missing,0.95,correct,hybrid
2024-06-11 01:40:00,0,,-0.050568239201170484,0,0.918176531791687,0,0,normal,0.98,keep,none
2024-06-11 01:50:00,0,,-0.05231486209594438,0,0.956863284111023,0,0,normal,0.98,keep,none
2024-06-11 02:00:00,0,,-0.06340522960777695,0,0.9865346550941467,0,0,normal,0.98,keep,none
2024-06-11 02:10:00,0,,-0.1480710548943749,0,0.8846074342727661,0,0,normal,0.98,keep,none
2024-06-11 02:20:00,0,,-0.14715633620792096,0,0.8673980236053467,0,0,normal,0.98,keep,none
2024-06-11 02:30:00,0,,-0.1528875817543492,0,0.8646856546401978,0,0,normal,0.98,keep,none
2024-06-11 02:40:00,0,,-0.15157839469772433,0,0.8484645485877991,0,0,normal,0.98,keep,none
2024-06-11 02:50:00,0,,-0.13151771674284007,0,0.8397837281227112,0,0,normal,0.98,keep,none
2024-06-11 03:00:00,0,,-0.13971570119443555,0,0.8275028467178345,0,0,normal,0.98,keep,none
2024-06-11 03:10:00,0,,-0.15151931723658174,0,0.7974887490272522,0,0,normal,0.98,keep,none
2024-06-11 03:20:00,0,,-0.1445574068701348,0,0.8388329744338989,0,0,normal,0.98,keep,none
2024-06-11 03:30:00,0,,-0.1479362259673771,0,0.7977342009544373,0,0,normal,0.98,keep,none
2024-06-11 03:40:00,0,,-0.15275315630583985,0,0.8023475408554077,0,0,normal,0.98,keep,none
2024-06-11 03:50:00,1,missing,-0.12496890107085717,0,0.7616446018218994,0,1,missing,0.86,correct,rule
2024-06-11 04:00:00,0,,-0.15731576433460814,0,0.7323708534240723,0,0,normal,0.98,keep,none
2024-06-11 04:10:00,0,,-0.1704973765157094,0,0.6577015519142151,0,0,normal,0.98,keep,none
2024-06-11 04:20:00,0,,-0.17374864555747238,0,0.6293666958808899,0,0,normal,0.98,keep,none
2024-06-11 04:30:00,0,,-0.17748880457432836,0,0.5726350545883179,0,0,normal,0.98,keep,none
2024-06-11 04:40:00,0,,-0.16914827169391072,0,0.5669196844100952,0,0,normal,0.98,keep,none
2024-06-11 04:50:00,0,,-0.17938048419964564,0,0.5368927121162415,0,0,normal,0.98,keep,none
2024-06-11 05:00:00,0,,-0.17222286884845117,0,0.5186532139778137,0,0,normal,0.98,keep,none
2024-06-11 05:10:00,0,,-0.17459099121656307,0,0.5370787978172302,0,0,normal,0.98,keep,none
2024-06-11 05:20:00,0,,-0.17744438381272482,0,0.523094654083252,0,0,normal,0.98,keep,none
2024-06-11 05:30:00,0,,-0.17646482951978754,0,0.5150541663169861,0,0,normal,0.98,keep,none
2024-06-11 05:40:00,0,,-0.17186513131029496,0,0.5267640352249146,0,0,normal,0.98,keep,none
2024-06-11 05:50:00,0,,-0.1841144126834609,0,0.5299140214920044,0,0,normal,0.98,keep,none
2024-06-11 06:00:00,0,,-0.16402195701788258,0,0.5136547088623047,0,0,normal,0.98,keep,none
2024-06-11 06:10:00,1,spike,0.08270297359481849,1,0.6665185689926147,0,1,spike,0.95,correct,hybrid
2024-06-11 06:20:00,0,,0.004075322436087769,1,0.6040156483650208,0,1,ml_suspicious,0.62,manual_review,isolation_forest
2024-06-11 06:30:00,0,,0.0032366013428024587,1,0.759577214717865,0,1,ml_suspicious,0.62,manual_review,isolation_forest
2024-06-11 06:40:00,0,,-0.05287547992502639,0,0.7197968363761902,0,0,normal,0.98,keep,none
2024-06-11 06:50:00,0,,-0.06774940222569381,0,0.7035471796989441,0,0,normal,0.98,keep,none
2024-06-11 07:00:00,0,,-0.059920313977860795,0,0.6938722133636475,0,0,normal,0.98,keep,none
2024-06-11 07:10:00,0,,-0.17097027424675088,0,0.7298631072044373,0,0,normal,0.98,keep,none
2024-06-11 07:20:00,0,,-0.1747170778914,0,0.8301989436149597,0,0,normal,0.98,keep,none
2024-06-11 07:30:00,0,,-0.1776605066752251,0,0.8857997059822083,0,0,normal,0.98,keep,none
2024-06-11 07:40:00,0,,-0.176009531924063,0,0.9046101570129395,0,0,normal,0.98,keep,none
2024-06-11 07:50:00,0,,-0.17635643959369124,0,0.9128744006156921,0,0,normal,0.98,keep,none
2024-06-11 08:00:00,0,,-0.16629861755780612,0,0.9324614405632019,0,0,normal,0.98,keep,none
2024-06-11 08:10:00,0,,-0.17589368721849086,0,0.9018009305000305,0,0,normal,0.98,keep,none
2024-06-11 08:20:00,0,,-0.17232304381479402,0,0.9388746023178101,0,0,normal,0.98,keep,none
2024-06-11 08:30:00,0,,-0.17234323097902066,0,0.9106203317642212,0,0,normal,0.98,keep,none
2024-06-11 08:40:00,1,missing,-0.13754473785345928,0,0.9644603729248047,0,1,missing,0.86,correct,rule
2024-06-11 08:50:00,0,,-0.16795019940621414,0,0.9156104922294617,0,0,normal,0.98,keep,none
2024-06-11 09:00:00,0,,-0.16745998878532758,0,0.8829423785209656,0,0,normal,0.98,keep,none
2024-06-11 09:10:00,0,,-0.18487107731944263,0,0.7264050245285034,0,0,normal,0.98,keep,none
2024-06-11 09:20:00,0,,-0.18647201022172377,0,0.610207736492157,0,0,normal,0.98,keep,none
2024-06-11 09:30:00,0,,-0.18478201948323292,0,0.6335882544517517,0,0,normal,0.98,keep,none
2024-06-11 09:40:00,0,,-0.1883023965313233,0,0.5157257318496704,0,0,normal,0.98,keep,none
2024-06-11 09:50:00,0,,-0.1778291538803749,0,0.5512523651123047,0,0,normal,0.98,keep,none
2024-06-11 10:00:00,0,,-0.18498393521297157,0,0.5174643397331238,0,0,normal,0.98,keep,none
2024-06-11 10:10:00,0,,-0.18951111471170706,0,0.49235570430755615,0,0,normal,0.98,keep,none
2024-06-11 10:20:00,0,,-0.18675870073439993,0,0.4517969787120819,0,0,normal,0.98,keep,none
2024-06-11 10:30:00,0,,-0.1805895433908794,0,0.47462931275367737,0,0,normal,0.98,keep,none
2024-06-11 10:40:00,0,,-0.18452578964263927,0,0.42433327436447144,0,0,normal,0.98,keep,none
2024-06-11 10:50:00,0,,-0.1886606116160906,0,0.43665412068367004,0,0,normal,0.98,keep,none
2024-06-11 11:00:00,0,,-0.1832067678618231,0,0.4555260241031647,0,0,normal,0.98,keep,none
2024-06-11 11:10:00,1,spurious,-0.1389409747420584,0,0.5606903433799744,0,1,spurious,0.86,correct,rule
2024-06-11 11:20:00,0,,-0.1647584551168088,0,0.4807877540588379,0,0,normal,0.98,keep,none
2024-06-11 11:30:00,1,missing,-0.14321196749093845,0,0.5798774361610413,0,1,missing,0.86,correct,rule
2024-06-11 11:40:00,0,,-0.13218134778537582,0,0.3454284369945526,0,0,normal,0.98,keep,none
2024-06-11 11:50:00,0,,-0.12487467464962204,0,0.38355493545532227,0,0,normal,0.98,keep,none
2024-06-11 12:00:00,0,,-0.10857146410210333,0,0.4602856934070587,0,0,normal,0.98,keep,none
2024-06-11 12:10:00,0,,-0.133302330451539,0,0.4913935363292694,0,0,normal,0.98,keep,none
2024-06-11 12:20:00,0,,-0.1278468828440411,0,0.5879650712013245,0,0,normal,0.98,keep,none
2024-06-11 12:30:00,0,,-0.12665972608318227,0,0.5431970357894897,0,0,normal,0.98,keep,none
2024-06-11 12:40:00,0,,-0.13625987025660186,0,0.5400158762931824,0,0,normal,0.98,keep,none
2024-06-11 12:50:00,0,,-0.1388357183529319,0,0.5679757595062256,0,0,normal,0.98,keep,none
2024-06-11 13:00:00,0,,-0.14509982967062807,0,0.535517156124115,0,0,normal,0.98,keep,none
2024-06-11 13:10:00,0,,-0.13840131055131533,0,0.5054713487625122,0,0,normal,0.98,keep,none
2024-06-11 13:20:00,0,,-0.1398073190336382,0,0.44414079189300537,0,0,normal,0.98,keep,none
2024-06-11 13:30:00,0,,-0.13798330120767338,0,0.40303510427474976,0,0,normal,0.98,keep,none
2024-06-11 13:40:00,0,,-0.13625970330514187,0,0.3939228653907776,0,0,normal,0.98,keep,none
2024-06-11 13:50:00,0,,-0.13567601995981043,0,0.3548797070980072,0,0,normal,0.98,keep,none
2024-06-11 14:00:00,0,,-0.1413468155741523,0,0.310939759016037,0,0,normal,0.98,keep,none
2024-06-11 14:10:00,0,,-0.1324624455975274,0,0.2489711195230484,0,0,normal,0.98,keep,none
2024-06-11 14:20:00,0,,-0.13611856333480454,0,0.22051729261875153,0,0,normal,0.98,keep,none
2024-06-11 14:30:00,0,,-0.1455991720749597,0,0.17178797721862793,0,0,normal,0.98,keep,none
2024-06-11 14:40:00,0,,-0.1358850299206339,0,0.17069315910339355,0,0,normal,0.98,keep,none
2024-06-11 14:50:00,0,,-0.14887583354140982,0,0.16080328822135925,0,0,normal,0.98,keep,none
2024-06-11 15:00:00,0,,-0.1475578229071286,0,0.14115211367607117,0,0,normal,0.98,keep,none
2024-06-11 15:10:00,0,,-0.14657418295671676,0,0.14161108434200287,0,0,normal,0.98,keep,none
2024-06-11 15:20:00,0,,-0.12624606388701415,0,0.1292661726474762,0,0,normal,0.98,keep,none
2024-06-11 15:30:00,0,,-0.14724298619140508,0,0.12382080405950546,0,0,normal,0.98,keep,none
2024-06-11 15:40:00,0,,-0.1503332267518367,0,0.1171082854270935,0,0,normal,0.98,keep,none
2024-06-11 15:50:00,0,,-0.14332571221978385,0,0.11340449005365372,0,0,normal,0.98,keep,none
2024-06-11 16:00:00,0,,-0.14289087789376798,0,0.11543716490268707,0,0,normal,0.98,keep,none
2024-06-11 16:10:00,0,,-0.14860457732267335,0,0.1069294661283493,0,0,normal,0.98,keep,none
2024-06-11 16:20:00,0,,-0.1284550899774397,0,0.11102356016635895,0,0,normal,0.98,keep,none
2024-06-11 16:30:00,0,,-0.14299734150187077,0,0.10666686296463013,0,0,normal,0.98,keep,none
2024-06-11 16:40:00,0,,-0.15312294902624396,0,0.09970014542341232,0,0,normal,0.98,keep,none
2024-06-11 16:50:00,0,,-0.14917647793850491,0,0.0983419194817543,0,0,normal,0.98,keep,none
2024-06-11 17:00:00,0,,-0.13750250769379224,0,0.11007068306207657,0,0,normal,0.98,keep,none
2024-06-11 17:10:00,0,,-0.15042606439418904,0,0.09724977612495422,0,0,normal,0.98,keep,none
2024-06-11 17:20:00,0,,-0.15349579931086876,0,0.09079176932573318,0,0,normal,0.98,keep,none
2024-06-11 17:30:00,0,,-0.13674533786825627,0,0.09809567779302597,0,0,normal,0.98,keep,none
2024-06-11 17:40:00,0,,-0.15320181498611168,0,0.0934792309999466,0,0,normal,0.98,keep,none
2024-06-11 17:50:00,0,,-0.14699061304808547,0,0.09801340103149414,0,0,normal,0.98,keep,none
2024-06-11 18:00:00,0,,-0.1500417214656603,0,0.10675806552171707,0,0,normal,0.98,keep,none
2024-06-11 18:10:00,0,,-0.1543939479003728,0,0.107210673391819,0,0,normal,0.98,keep,none
2024-06-11 18:20:00,0,,-0.1467092685341833,0,0.11174851655960083,0,0,normal,0.98,keep,none
2024-06-11 18:30:00,0,,-0.15208765684639386,0,0.10234913975000381,0,0,normal,0.98,keep,none
2024-06-11 18:40:00,0,,-0.14709481929094004,0,0.10148625820875168,0,0,normal,0.98,keep,none
2024-06-11 18:50:00,0,,-0.1535098651890578,0,0.10435653477907181,0,0,normal,0.98,keep,none
2024-06-11 19:00:00,0,,-0.1542623066469445,0,0.10322441160678864,0,0,normal,0.98,keep,none
2024-06-11 19:10:00,0,,-0.14722874505016437,0,0.10944917798042297,0,0,normal,0.98,keep,none
2024-06-11 19:20:00,0,,-0.15060627402267124,0,0.10793832689523697,0,0,normal,0.98,keep,none
2024-06-11 19:30:00,0,,-0.12983515758327036,0,0.11639444530010223,0,0,normal,0.98,keep,none
2024-06-11 19:40:00,0,,-0.14710038112462465,0,0.12153283506631851,0,0,normal,0.98,keep,none
2024-06-11 19:50:00,0,,-0.1547699322599182,0,0.12509982287883759,0,0,normal,0.98,keep,none
2024-06-11 20:00:00,0,,-0.14986972849826602,0,0.11503411084413528,0,0,normal,0.98,keep,none
2024-06-11 20:10:00,0,,-0.1449682101875251,0,0.11273891478776932,0,0,normal,0.98,keep,none
2024-06-11 20:20:00,0,,-0.14579498517816697,0,0.11214776337146759,0,0,normal,0.98,keep,none
2024-06-11 20:30:00,0,,-0.1490147548285855,0,0.10154152661561966,0,0,normal,0.98,keep,none
2024-06-11 20:40:00,0,,-0.1523327096043247,0,0.09911146759986877,0,0,normal,0.98,keep,none
2024-06-11 20:50:00,0,,-0.14898336637519033,0,0.0958266332745552,0,0,normal,0.98,keep,none
2024-06-11 21:00:00,0,,-0.15331112834418853,0,0.08852870017290115,0,0,normal,0.98,keep,none
2024-06-11 21:10:00,0,,-0.15911244531153446,0,0.08917450159788132,0,0,normal,0.98,keep,none
2024-06-11 21:20:00,0,,-0.14936999602688616,0,0.09081108123064041,0,0,normal,0.98,keep,none
2024-06-11 21:30:00,0,,-0.15250581678196523,0,0.0869227796792984,0,0,normal,0.98,keep,none
2024-06-11 21:40:00,0,,-0.15674510286013155,0,0.08401341736316681,0,0,normal,0.98,keep,none
2024-06-11 21:50:00,0,,-0.15657807328100204,0,0.08474212884902954,0,0,normal,0.98,keep,none
2024-06-11 22:00:00,0,,-0.12089561792399961,0,0.09420385956764221,0,0,normal,0.98,keep,none
2024-06-11 22:10:00,0,,-0.15793838700154955,0,0.09052380174398422,0,0,normal,0.98,keep,none
2024-06-11 22:20:00,0,,-0.13867650232609585,0,0.0890025720000267,0,0,normal,0.98,keep,none
2024-06-11 22:30:00,0,,-0.14727538430946863,0,0.09174339473247528,0,0,normal,0.98,keep,none
2024-06-11 22:40:00,0,,-0.15237140723732828,0,0.09289927780628204,0,0,normal,0.98,keep,none
2024-06-11 22:50:00,0,,-0.1537330703665209,0,0.0973764955997467,0,0,normal,0.98,keep,none
2024-06-11 23:00:00,0,,-0.15970854823181319,0,0.10358313471078873,0,0,normal,0.98,keep,none
2024-06-11 23:10:00,0,,-0.15525071313350275,0,0.1059919148683548,0,0,normal,0.98,keep,none
2024-06-11 23:20:00,0,,-0.15561196078911188,0,0.10524534434080124,0,0,normal,0.98,keep,none
2024-06-11 23:30:00,0,,-0.1579147377967095,0,0.10953284054994583,0,0,normal,0.98,keep,none
2024-06-11 23:40:00,0,,-0.1575547548720051,0,0.11443034559488297,0,0,normal,0.98,keep,none
2024-06-11 23:50:00,0,,-0.14983498749803315,0,0.11911100894212723,0,0,normal,0.98,keep,none
2024-06-12 00:00:00,0,,-0.1577888130350087,0,0.1156233623623848,0,0,normal,0.98,keep,none
2024-06-12 00:10:00,0,,-0.1581115673901114,0,0.12091977894306183,0,0,normal,0.98,keep,none
2024-06-12 00:20:00,0,,-0.1629166755848801,0,0.1197972521185875,0,0,normal,0.98,keep,none
2024-06-12 00:30:00,0,,-0.15044995823277885,0,0.12840130925178528,0,0,normal,0.98,keep,none
2024-06-12 00:40:00,0,,-0.14722093416922438,0,0.14907018840312958,0,0,normal,0.98,keep,none
2024-06-12 00:50:00,0,,-0.1573441154294406,0,0.15308433771133423,0,0,normal,0.98,keep,none
2024-06-12 01:00:00,0,,-0.155966097096644,0,0.14739248156547546,0,0,normal,0.98,keep,none
2024-06-12 01:10:00,0,,-0.1549715123595023,0,0.1454608142375946,0,0,normal,0.98,keep,none
2024-06-12 01:20:00,0,,-0.13940484203502973,0,0.16967685520648956,0,0,normal,0.98,keep,none
2024-06-12 01:30:00,0,,-0.15373408378308984,0,0.14952144026756287,0,0,normal,0.98,keep,none
2024-06-12 01:40:00,1,negative,-0.10735823521819016,0,0.21554861962795258,0,1,negative,0.86,correct,rule
2024-06-12 01:50:00,0,,-0.15339719362779586,0,0.260323703289032,0,0,normal,0.98,keep,none
2024-06-12 02:00:00,0,,-0.17441725517483048,0,0.2749113440513611,0,0,normal,0.98,keep,none
2024-06-12 02:10:00,0,,-0.18641345672233167,0,0.2825595438480377,0,0,normal,0.98,keep,none
2024-06-12 02:20:00,0,,-0.18384910177308184,0,0.29166945815086365,0,0,normal,0.98,keep,none
2024-06-12 02:30:00,0,,-0.18358964228886399,0,0.2967722713947296,0,0,normal,0.98,keep,none
2024-06-12 02:40:00,0,,-0.19698328179206165,0,0.29132774472236633,0,0,normal,0.98,keep,none
2024-06-12 02:50:00,0,,-0.20024365408956646,0,0.28186166286468506,0,0,normal,0.98,keep,none
2024-06-12 03:00:00,0,,-0.1806649727912205,0,0.2826501727104187,0,0,normal,0.98,keep,none
2024-06-12 03:10:00,0,,-0.20489137539888314,0,0.26198241114616394,0,0,normal,0.98,keep,none
2024-06-12 03:20:00,0,,-0.20512389854405205,0,0.25197291374206543,0,0,normal,0.98,keep,none
2024-06-12 03:30:00,0,,-0.1961559659417128,0,0.23622338473796844,0,0,normal,0.98,keep,none
2024-06-12 03:40:00,0,,-0.19455624970490015,0,0.23115476965904236,0,0,normal,0.98,keep,none
2024-06-12 03:50:00,0,,-0.18159313654107023,0,0.23069535195827484,0,0,normal,0.98,keep,none
2024-06-12 04:00:00,0,,-0.2035033929290493,0,0.2207021266222,0,0,normal,0.98,keep,none
2024-06-12 04:10:00,0,,-0.14827440068172976,0,0.24478314816951752,0,0,normal,0.98,keep,none
2024-06-12 04:20:00,0,,-0.1508503541712003,0,0.24897882342338562,0,0,normal,0.98,keep,none
2024-06-12 04:30:00,0,,-0.11111838629700949,0,0.26725608110427856,0,0,normal,0.98,keep,none
2024-06-12 04:40:00,0,,-0.12321190997306641,0,0.2655197083950043,0,0,normal,0.98,keep,none
2024-06-12 04:50:00,0,,-0.12243293759216417,0,0.26662325859069824,0,0,normal,0.98,keep,none
2024-06-12 05:00:00,0,,-0.10143884655743884,0,0.2788461148738861,0,0,normal,0.98,keep,none
2024-06-12 05:10:00,0,,-0.09938559540243702,0,0.30218270421028137,0,0,normal,0.98,keep,none
2024-06-12 05:20:00,0,,-0.08863971175265334,0,0.3210859000682831,0,0,normal,0.98,keep,none
2024-06-12 05:30:00,0,,-0.09214041977427939,0,0.3161976635456085,0,0,normal,0.98,keep,none
2024-06-12 05:40:00,0,,-0.07889411352782227,0,0.32661062479019165,0,0,normal,0.98,keep,none
2024-06-12 05:50:00,0,,-0.0888671465234443,0,0.33456751704216003,0,0,normal,0.98,keep,none
2024-06-12 06:00:00,0,,-0.08860633286239294,0,0.3341101408004761,0,0,normal,0.98,keep,none
2024-06-12 06:10:00,0,,-0.07525155645823112,0,0.3548794090747833,0,0,normal,0.98,keep,none
2024-06-12 06:20:00,0,,-0.0939272223405287,0,0.352434903383255,0,0,normal,0.98,keep,none
2024-06-12 06:30:00,0,,-0.09681671408116105,0,0.3478570580482483,0,0,normal,0.98,keep,none
2024-06-12 06:40:00,0,,-0.0818723085859368,0,0.3482113778591156,0,0,normal,0.98,keep,none
2024-06-12 06:50:00,0,,-0.0861708802195239,0,0.3435733914375305,0,0,normal,0.98,keep,none
2024-06-12 07:00:00,0,,-0.07613591869529307,0,0.36968618631362915,0,0,normal,0.98,keep,none
2024-06-12 07:10:00,0,,-0.0883801109984158,0,0.3747765123844147,0,0,normal,0.98,keep,none
2024-06-12 07:20:00,0,,-0.09019593738537068,0,0.3795055150985718,0,0,normal,0.98,keep,none
2024-06-12 07:30:00,0,,-0.08337579133333173,0,0.39121079444885254,0,0,normal,0.98,keep,none
2024-06-12 07:40:00,0,,-0.10025741058491294,0,0.3941803574562073,0,0,normal,0.98,keep,none
2024-06-12 07:50:00,0,,-0.10491931036418334,0,0.40244197845458984,0,0,normal,0.98,keep,none
2024-06-12 08:00:00,0,,-0.0915239095070195,0,0.4142758548259735,0,0,normal,0.98,keep,none
2024-06-12 08:10:00,0,,-0.10022101775772119,0,0.42745712399482727,0,0,normal,0.98,keep,none
2024-06-12 08:20:00,0,,-0.13734494473180492,0,0.46923843026161194,0,0,normal,0.98,keep,none
2024-06-12 08:30:00,0,,-0.15116225339495698,0,0.47908514738082886,0,0,normal,0.98,keep,none
2024-06-12 08:40:00,0,,-0.16910426594735545,0,0.48715081810951233,0,0,normal,0.98,keep,none
2024-06-12 08:50:00,0,,-0.17690385555400406,0,0.5022610425949097,0,0,normal,0.98,keep,none
2024-06-12 09:00:00,0,,-0.18385756190663427,0,0.5004411935806274,0,0,normal,0.98,keep,none
2024-06-12 09:10:00,0,,-0.1920415725108734,0,0.5081881284713745,0,0,normal,0.98,keep,none
2024-06-12 09:20:00,0,,-0.18900021904477993,0,0.504141628742218,0,0,normal,0.98,keep,none
2024-06-12 09:30:00,0,,-0.1392775363210204,0,0.5089602470397949,0,0,normal,0.98,keep,none
2024-06-12 09:40:00,0,,-0.11692665297610905,0,0.5068385004997253,0,0,normal,0.98,keep,none
2024-06-12 09:50:00,0,,-0.10809055087345731,0,0.5017057657241821,0,0,normal,0.98,keep,none
2024-06-12 10:00:00,0,,-0.10836274052203476,0,0.47262999415397644,0,0,normal,0.98,keep,none
2024-06-12 10:10:00,0,,-0.08988992791515188,0,0.4739192724227905,0,0,normal,0.98,keep,none
2024-06-12 10:20:00,0,,-0.08774921628622967,0,0.462362676858902,0,0,normal,0.98,keep,none
2024-06-12 10:30:00,0,,-0.07930975981476546,0,0.4556275010108948,0,0,normal,0.98,keep,none
2024-06-12 10:40:00,0,,-0.061365488686693226,0,0.4602985978126526,0,0,normal,0.98,keep,none
2024-06-12 10:50:00,0,,-0.06354492076621343,0,0.46560075879096985,0,0,normal,0.98,keep,none
2024-06-12 11:00:00,0,,-0.06151756797489383,0,0.4690958559513092,0,0,normal,0.98,keep,none
2024-06-12 11:10:00,0,,-0.04955677287124871,0,0.442643940448761,0,0,normal,0.98,keep,none
2024-06-12 11:20:00,0,,-0.04380126816348495,0,0.43274301290512085,0,0,normal,0.98,keep,none
2024-06-12 11:30:00,0,,-0.02854271372514594,0,0.43589457869529724,0,0,normal,0.98,keep,none
2024-06-12 11:40:00,0,,-0.04377375118610172,0,0.42567604780197144,0,0,normal,0.98,keep,none
2024-06-12 11:50:00,0,,-0.07192816393920443,0,0.407088041305542,0,0,normal,0.98,keep,none
2024-06-12 12:00:00,0,,-0.06348705156644885,0,0.3732892870903015,0,0,normal,0.98,keep,none
2024-06-12 12:10:00,0,,-0.07567546135619585,0,0.3493160903453827,0,0,normal,0.98,keep,none
2024-06-12 12:20:00,0,,-0.08473050760856782,0,0.3554064929485321,0,0,normal,0.98,keep,none
2024-06-12 12:30:00,0,,-0.09826153167166513,0,0.3652200698852539,0,0,normal,0.98,keep,none
2024-06-12 12:40:00,0,,-0.10490967273801982,0,0.38266223669052124,0,0,normal,0.98,keep,none
2024-06-12 12:50:00,0,,-0.10495601840192564,0,0.3972184956073761,0,0,normal,0.98,keep,none
2024-06-12 13:00:00,0,,-0.11478231512174081,0,0.44386208057403564,0,0,normal,0.98,keep,none
2024-06-12 13:10:00,0,,-0.10926269175362774,0,0.5213709473609924,0,0,normal,0.98,keep,none
2024-06-12 13:20:00,0,,-0.1485992218855698,0,0.5600675940513611,0,0,normal,0.98,keep,none
2024-06-12 13:30:00,0,,-0.15618835527938996,0,0.5537413954734802,0,0,normal,0.98,keep,none
2024-06-12 13:40:00,0,,-0.15544470021249018,0,0.5684141516685486,0,0,normal,0.98,keep,none
2024-06-12 13:50:00,0,,-0.13951282939162113,0,0.606102705001831,0,0,normal,0.98,keep,none
2024-06-12 14:00:00,0,,-0.13788022817038714,0,0.5920636653900146,0,0,normal,0.98,keep,none
2024-06-12 14:10:00,0,,-0.14881800916300691,0,0.5972860455513,0,0,normal,0.98,keep,none
2024-06-12 14:20:00,1,spike,0.007011149816269491,1,0.6418173313140869,0,1,spike,0.95,correct,hybrid
2024-06-12 14:30:00,0,,-0.055804082924894916,0,0.5789943337440491,0,0,normal,0.98,keep,none
2024-06-12 14:40:00,0,,-0.06174729883499075,0,0.5693984031677246,0,0,normal,0.98,keep,none
2024-06-12 14:50:00,0,,-0.08222333996043135,0,0.5722979307174683,0,0,normal,0.98,keep,none
2024-06-12 15:00:00,0,,-0.08628232828524718,0,0.574549674987793,0,0,normal,0.98,keep,none
2024-06-12 15:10:00,0,,-0.09534927284089983,0,0.5513076782226562,0,0,normal,0.98,keep,none
2024-06-12 15:20:00,0,,-0.16193623816476965,0,0.5454279780387878,0,0,normal,0.98,keep,none
2024-06-12 15:30:00,0,,-0.16435297518804926,0,0.5459371209144592,0,0,normal,0.98,keep,none
2024-06-12 15:40:00,0,,-0.1669917459999279,0,0.5225688815116882,0,0,normal,0.98,keep,none
2024-06-12 15:50:00,0,,-0.16340158027797252,0,0.513751208782196,0,0,normal,0.98,keep,none
2024-06-12 16:00:00,0,,-0.16989412230565898,0,0.509198784828186,0,0,normal,0.98,keep,none
2024-06-12 16:10:00,0,,-0.1627896871481837,0,0.4530177712440491,0,0,normal,0.98,keep,none
2024-06-12 16:20:00,0,,-0.1518487727775697,0,0.44358035922050476,0,0,normal,0.98,keep,none
2024-06-12 16:30:00,0,,-0.17020979712939838,0,0.45326849818229675,0,0,normal,0.98,keep,none
2024-06-12 16:40:00,1,missing,-0.12944166814454244,0,0.5421326160430908,0,1,missing,0.86,correct,rule
2024-06-12 16:50:00,0,,-0.1561008601281091,0,0.4241499900817871,0,0,normal,0.98,keep,none
2024-06-12 17:00:00,0,,-0.15016008672018683,0,0.49321889877319336,0,0,normal,0.98,keep,none
2024-06-12 17:10:00,1,missing,-0.12082180206289334,0,0.5480005145072937,0,1,missing,0.86,correct,rule
2024-06-12 17:20:00,0,,-0.18129567098322702,0,0.42716872692108154,0,0,normal,0.98,keep,none
2024-06-12 17:30:00,0,,-0.18338239784983368,0,0.39372625946998596,0,0,normal,0.98,keep,none
2024-06-12 17:40:00,0,,-0.18224909320259097,0,0.394992470741272,0,0,normal,0.98,keep,none
2024-06-12 17:50:00,0,,-0.17997411539885266,0,0.32902276515960693,0,0,normal,0.98,keep,none
2024-06-12 18:00:00,0,,-0.17548097851034017,0,0.3462658226490021,0,0,normal,0.98,keep,none
2024-06-12 18:10:00,0,,-0.17937550743481978,0,0.34262484312057495,0,0,normal,0.98,keep,none
2024-06-12 18:20:00,0,,-0.17860376078891438,0,0.3242477476596832,0,0,normal,0.98,keep,none
2024-06-12 18:30:00,0,,-0.17034552848129986,0,0.32642069458961487,0,0,normal,0.98,keep,none
2024-06-12 18:40:00,0,,-0.19053446121506884,0,0.3017994165420532,0,0,normal,0.98,keep,none
2024-06-12 18:50:00,0,,-0.18922195416816134,0,0.30170539021492004,0,0,normal,0.98,keep,none
2024-06-12 19:00:00,0,,-0.19278631757899373,0,0.2856869399547577,0,0,normal,0.98,keep,none
2024-06-12 19:10:00,0,,-0.18599490599463236,0,0.2777983248233795,0,0,normal,0.98,keep,none
2024-06-12 19:20:00,0,,-0.18817889420355127,0,0.25943151116371155,0,0,normal,0.98,keep,none
2024-06-12 19:30:00,1,missing,-0.1420683261478446,0,0.3416762351989746,0,1,missing,0.86,correct,rule
2024-06-12 19:40:00,0,,-0.18216200388303333,0,0.24763989448547363,0,0,normal,0.98,keep,none
2024-06-12 19:50:00,0,,-0.16948582071368695,0,0.23990093171596527,0,0,normal,0.98,keep,none
2024-06-12 20:00:00,0,,-0.17722419758208946,0,0.22306932508945465,0,0,normal,0.98,keep,none
2024-06-12 20:10:00,0,,-0.14595774988180416,0,0.204253152012825,0,0,normal,0.98,keep,none
2024-06-12 20:20:00,0,,-0.16658457461299148,0,0.21722185611724854,0,0,normal,0.98,keep,none
2024-06-12 20:30:00,0,,-0.1765950526701141,0,0.22427132725715637,0,0,normal,0.98,keep,none
2024-06-12 20:40:00,1,spurious,-0.1389188536513865,0,0.2879943549633026,0,1,spurious,0.86,correct,rule
2024-06-12 20:50:00,0,,-0.175952194188359,0,0.23193933069705963,0,0,normal,0.98,keep,none
2024-06-12 21:00:00,0,,-0.1793129948591735,0,0.22093966603279114,0,0,normal,0.98,keep,none
2024-06-12 21:10:00,0,,-0.18406547960091701,0,0.2091016322374344,0,0,normal,0.98,keep,none
2024-06-12 21:20:00,0,,-0.1777047265018541,0,0.20843371748924255,0,0,normal,0.98,keep,none
2024-06-12 21:30:00,0,,-0.16780093833956777,0,0.18966300785541534,0,0,normal,0.98,keep,none
2024-06-12 21:40:00,0,,-0.17733566262531025,0,0.20363835990428925,0,0,normal,0.98,keep,none
2024-06-12 21:50:00,0,,-0.18410931915025486,0,0.1987607330083847,0,0,normal,0.98,keep,none
2024-06-12 22:00:00,0,,-0.18525199154022415,0,0.2040446549654007,0,0,normal,0.98,keep,none
2024-06-12 22:10:00,0,,-0.18404201333597003,0,0.20286546647548676,0,0,normal,0.98,keep,none
2024-06-12 22:20:00,0,,-0.16953399370350725,0,0.21176360547542572,0,0,normal,0.98,keep,none
2024-06-12 22:30:00,0,,-0.1921509818255901,0,0.201926589012146,0,0,normal,0.98,keep,none
2024-06-12 22:40:00,0,,-0.19230956358590967,0,0.20176830887794495,0,0,normal,0.98,keep,none
2024-06-12 22:50:00,0,,-0.18220648511612458,0,0.20483696460723877,0,0,normal,0.98,keep,none
2024-06-12 23:00:00,0,,-0.19228301199281983,0,0.21037505567073822,0,0,normal,0.98,keep,none
2024-06-12 23:10:00,0,,-0.19979361500043336,0,0.19680872559547424,0,0,normal,0.98,keep,none
2024-06-12 23:20:00,0,,-0.17662963319025604,0,0.18650443851947784,0,0,normal,0.98,keep,none
2024-06-12 23:30:00,1,spike,0.16839996384903655,1,2.926105499267578,1,1,spike,0.95,correct,hybrid
2024-06-12 23:40:00,0,,0.11114589011867104,1,4.301612854003906,1,1,ml_suspicious,0.62,manual_review,hybrid
2024-06-12 23:50:00,0,,0.09507743711915362,1,5.166822910308838,1,1,ml_suspicious,0.62,manual_review,hybrid
2024-06-13 00:00:00,0,,0.04655284584654562,1,5.716724395751953,1,1,ml_suspicious,0.62,manual_review,hybrid
2024-06-13 00:10:00,0,,0.052820999672928415,1,6.265635013580322,1,1,ml_suspicious,0.62,manual_review,hybrid
2024-06-13 00:20:00,0,,0.06358630352928829,1,6.831489086151123,1,1,ml_suspicious,0.62,manual_review,hybrid
2024-06-13 00:30:00,0,,-0.12678006148164833,0,6.744625568389893,1,1,ml_suspicious,0.62,manual_review,lstm_ae
2024-06-13 00:40:00,0,,-0.14026605531955166,0,6.730838298797607,1,1,ml_suspicious,0.62,manual_review,lstm_ae
2024-06-13 00:50:00,0,,-0.13493761996236286,0,6.770705223083496,1,1,ml_suspicious,0.62,manual_review,lstm_ae
2024-06-13 01:00:00,0,,-0.14186794212895526,0,6.812101364135742,1,1,ml_suspicious,0.62,manual_review,lstm_ae
2024-06-13 01:10:00,0,,-0.13988528094007713,0,6.883046627044678,1,1,ml_suspicious,0.62,manual_review,lstm_ae
2024-06-13 01:20:00,1,spurious,-0.0981540659196024,0,6.975873947143555,1,1,spurious,0.95,correct,hybrid
2024-06-13 01:30:00,0,,-0.12564837394802347,0,6.985534191131592,1,1,ml_suspicious,0.62,manual_review,lstm_ae
2024-06-13 01:40:00,0,,-0.1172389613507504,0,7.036862850189209,1,1,ml_suspicious,0.62,manual_review,lstm_ae
2024-06-13 01:50:00,0,,-0.10330062294218151,0,7.092138767242432,1,1,ml_suspicious,0.62,manual_review,lstm_ae
2024-06-13 02:00:00,0,,-0.0994303990583908,0,7.243886470794678,1,1,ml_suspicious,0.62,manual_review,lstm_ae
2024-06-13 02:10:00,0,,-0.1101850726711125,0,7.247397422790527,1,1,ml_suspicious,0.62,manual_review,lstm_ae
2024-06-13 02:20:00,0,,-0.13022861129215385,0,7.2889723777771,1,1,ml_suspicious,0.62,manual_review,lstm_ae
2024-06-13 02:30:00,0,,-0.19582809021178732,0,4.799391269683838,1,1,ml_suspicious,0.62,manual_review,lstm_ae
2024-06-13 02:40:00,0,,-0.19450581514923032,0,3.3721272945404053,1,1,ml_suspicious,0.62,manual_review,lstm_ae
2024-06-13 02:50:00,0,,-0.196214172793163,0,2.4765286445617676,1,1,ml_suspicious,0.62,manual_review,lstm_ae
2024-06-13 03:00:00,0,,-0.2016540023681344,0,1.9175435304641724,0,0,normal,0.98,keep,none
2024-06-13 03:10:00,0,,-0.2014705717938265,0,1.3666502237319946,0,0,normal,0.98,keep,none
2024-06-13 03:20:00,0,,-0.2019571360778461,0,0.8023146986961365,0,0,normal,0.98,keep,none
2024-06-13 03:30:00,0,,-0.20325385550331204,0,0.7421842813491821,0,0,normal,0.98,keep,none
2024-06-13 03:40:00,0,,-0.20842719996703823,0,0.6870393753051758,0,0,normal,0.98,keep,none
2024-06-13 03:50:00,0,,-0.18352823483412273,0,0.6448597311973572,0,0,normal,0.98,keep,none
2024-06-13 04:00:00,0,,-0.20282562328006976,0,0.5904881954193115,0,0,normal,0.98,keep,none
2024-06-13 04:10:00,0,,-0.20409396410175257,0,0.5339085459709167,0,0,normal,0.98,keep,none
2024-06-13 04:20:00,0,,-0.20475553540164976,0,0.458476185798645,0,0,normal,0.98,keep,none
2024-06-13 04:30:00,0,,-0.20549553867174414,0,0.4042181372642517,0,0,normal,0.98,keep,none
2024-06-13 04:40:00,0,,-0.20328587488946576,0,0.35534998774528503,0,0,normal,0.98,keep,none
2024-06-13 04:50:00,0,,-0.20583886504645693,0,0.29365965723991394,0,0,normal,0.98,keep,none
2024-06-13 05:00:00,0,,-0.20042990500171198,0,0.22566105425357819,0,0,normal,0.98,keep,none
2024-06-13 05:10:00,0,,-0.19409820041751624,0,0.17562459409236908,0,0,normal,0.98,keep,none
2024-06-13 05:20:00,0,,-0.20117258915931963,0,0.12001840025186539,0,0,normal,0.98,keep,none
2024-06-13 05:30:00,0,,-0.19736559824799377,0,0.1327209174633026,0,0,normal,0.98,keep,none
2024-06-13 05:40:00,0,,-0.20009856035805562,0,0.13492409884929657,0,0,normal,0.98,keep,none
2024-06-13 05:50:00,0,,-0.19981463737114957,0,0.14014166593551636,0,0,normal,0.98,keep,none
2024-06-13 06:00:00,0,,-0.19970688594129749,0,0.14545311033725739,0,0,normal,0.98,keep,none
2024-06-13 06:10:00,1,missing,-0.16234038421110714,0,0.19283120334148407,0,1,missing,0.86,correct,rule
2024-06-13 06:20:00,0,,-0.18677421999037724,0,0.20658361911773682,0,0,normal,0.98,keep,none
2024-06-13 06:30:00,0,,-0.18473726484592923,0,0.21388950943946838,0,0,normal,0.98,keep,none
2024-06-13 06:40:00,0,,-0.1923019249490599,0,0.2119908183813095,0,0,normal,0.98,keep,none
2024-06-13 06:50:00,0,,-0.1780600103857769,0,0.23122888803482056,0,0,normal,0.98,keep,none
2024-06-13 07:00:00,1,missing,-0.14838932703581204,0,0.3508836627006531,0,1,missing,0.86,correct,rule
2024-06-13 07:10:00,0,,-0.17271344949727785,0,0.3006112277507782,0,0,normal,0.98,keep,none
2024-06-13 07:20:00,0,,-0.177942956275904,0,0.2797376215457916,0,0,normal,0.98,keep,none
2024-06-13 07:30:00,0,,-0.18510784902130106,0,0.27581787109375,0,0,normal,0.98,keep,none
2024-06-13 07:40:00,0,,-0.1985156116958599,0,0.26345300674438477,0,0,normal,0.98,keep,none
2024-06-13 07:50:00,0,,-0.19592423459363117,0,0.273653507232666,0,0,normal,0.98,keep,none
2024-06-13 08:00:00,0,,-0.2016843483207284,0,0.26595932245254517,0,0,normal,0.98,keep,none
2024-06-13 08:10:00,0,,-0.18797402504531985,0,0.2611887454986572,0,0,normal,0.98,keep,none
2024-06-13 08:20:00,0,,-0.20121116992512056,0,0.2573956549167633,0,0,normal,0.98,keep,none
2024-06-13 08:30:00,1,missing,-0.163039355244732,0,0.26618045568466187,0,1,missing,0.86,correct,rule
2024-06-13 08:40:00,0,,-0.19612577546634413,0,0.28118446469306946,0,0,normal,0.98,keep,none
2024-06-13 08:50:00,0,,-0.20252356425884277,0,0.26743075251579285,0,0,normal,0.98,keep,none
2024-06-13 09:00:00,0,,-0.20556330254307775,0,0.25527700781822205,0,0,normal,0.98,keep,none
2024-06-13 09:10:00,0,,-0.20423959849413953,0,0.2333136647939682,0,0,normal,0.98,keep,none
2024-06-13 09:20:00,0,,-0.1981422276374798,0,0.22313092648983002,0,0,normal,0.98,keep,none
2024-06-13 09:30:00,0,,-0.20098088345949222,0,0.21114596724510193,0,0,normal,0.98,keep,none
2024-06-13 09:40:00,0,,-0.20177765091336253,0,0.20593784749507904,0,0,normal,0.98,keep,none
2024-06-13 09:50:00,0,,-0.1969417228734685,0,0.19280220568180084,0,0,normal,0.98,keep,none
2024-06-13 10:00:00,0,,-0.19169080986473458,0,0.16915298998355865,0,0,normal,0.98,keep,none
2024-06-13 10:10:00,0,,-0.1843023099059815,0,0.16198675334453583,0,0,normal,0.98,keep,none
2024-06-13 10:20:00,0,,-0.2018354899753806,0,0.14241474866867065,0,0,normal,0.98,keep,none
2024-06-13 10:30:00,0,,-0.19060817872032043,0,0.13523231446743011,0,0,normal,0.98,keep,none
2024-06-13 10:40:00,0,,-0.19148979065168448,0,0.14081379771232605,0,0,normal,0.98,keep,none
2024-06-13 10:50:00,0,,-0.1924003381858188,0,0.14314600825309753,0,0,normal,0.98,keep,none
2024-06-13 11:00:00,0,,-0.19003475745570764,0,0.1518808752298355,0,0,normal,0.98,keep,none
2024-06-13 11:10:00,0,,-0.2027779209795924,0,0.14465929567813873,0,0,normal,0.98,keep,none
2024-06-13 11:20:00,0,,-0.200720815420104,0,0.14794130623340607,0,0,normal,0.98,keep,none
2024-06-13 11:30:00,0,,-0.20748536616625973,0,0.12834863364696503,0,0,normal,0.98,keep,none
2024-06-13 11:40:00,0,,-0.18776818180922017,0,0.13390964269638062,0,0,normal,0.98,keep,none
2024-06-13 11:50:00,0,,-0.19397206003379242,0,0.134893000125885,0,0,normal,0.98,keep,none
2024-06-13 12:00:00,0,,-0.2000201271266166,0,0.141710564494133,0,0,normal,0.98,keep,none
2024-06-13 12:10:00,0,,-0.1974917770874478,0,0.14262013137340546,0,0,normal,0.98,keep,none
2024-06-13 12:20:00,0,,-0.2000935814635713,0,0.13719302415847778,0,0,normal,0.98,keep,none
2024-06-13 12:30:00,0,,-0.18941077955068164,0,0.1485002636909485,0,0,normal,0.98,keep,none
2024-06-13 12:40:00,0,,-0.19364755524473376,0,0.14712972939014435,0,0,normal,0.98,keep,none
2024-06-13 12:50:00,0,,-0.179555314583699,0,0.15892750024795532,0,0,normal,0.98,keep,none
2024-06-13 13:00:00,0,,-0.19345525786922563,0,0.1527998149394989,0,0,normal,0.98,keep,none
2024-06-13 13:10:00,1,missing,-0.15578319643892757,0,0.17432521283626556,0,1,missing,0.86,correct,rule
2024-06-13 13:20:00,0,,-0.1986844425726475,0,0.1679714173078537,0,0,normal,0.98,keep,none
2024-06-13 13:30:00,0,,-0.1942530368521388,0,0.17150460183620453,0,0,normal,0.98,keep,none
2024-06-13 13:40:00,0,,-0.17572086459084257,0,0.17500878870487213,0,0,normal,0.98,keep,none
2024-06-13 13:50:00,0,,-0.17314517599287416,0,0.2068907916545868,0,0,normal,0.98,keep,none
2024-06-13 14:00:00,0,,-0.16898665498143634,0,0.19958892464637756,0,0,normal,0.98,keep,none
2024-06-13 14:10:00,0,,-0.1859535317763698,0,0.20580098032951355,0,0,normal,0.98,keep,none
2024-06-13 14:20:00,0,,-0.1925413612679593,0,0.20680932700634003,0,0,normal,0.98,keep,none
2024-06-13 14:30:00,0,,-0.18831828518264904,0,0.20969897508621216,0,0,normal,0.98,keep,none
2024-06-13 14:40:00,0,,-0.19516989852975597,0,0.2075578272342682,0,0,normal,0.98,keep,none
2024-06-13 14:50:00,0,,-0.19415590384993808,0,0.1959121972322464,0,0,normal,0.98,keep,none
2024-06-13 15:00:00,0,,-0.19593164335535895,0,0.19603480398654938,0,0,normal,0.98,keep,none
2024-06-13 15:10:00,0,,-0.18939825481201367,0,0.1931629627943039,0,0,normal,0.98,keep,none
2024-06-13 15:20:00,0,,-0.19595391069809887,0,0.20241540670394897,0,0,normal,0.98,keep,none
2024-06-13 15:30:00,0,,-0.18387252140659416,0,0.19685178995132446,0,0,normal,0.98,keep,none
2024-06-13 15:40:00,0,,-0.20067225659747084,0,0.2011128067970276,0,0,normal,0.98,keep,none
2024-06-13 15:50:00,0,,-0.191777871054014,0,0.19199614226818085,0,0,normal,0.98,keep,none
2024-06-13 16:00:00,0,,-0.20235491355477092,0,0.18751434981822968,0,0,normal,0.98,keep,none
2024-06-13 16:10:00,0,,-0.20578663336386666,0,0.15955229103565216,0,0,normal,0.98,keep,none
2024-06-13 16:20:00,0,,-0.1971503097998557,0,0.16586412489414215,0,0,normal,0.98,keep,none
2024-06-13 16:30:00,0,,-0.1888408510165802,0,0.16222290694713593,0,0,normal,0.98,keep,none
2024-06-13 16:40:00,0,,-0.1962703389183359,0,0.15144561231136322,0,0,normal,0.98,keep,none
2024-06-13 16:50:00,0,,-0.18940257324720128,0,0.13124433159828186,0,0,normal,0.98,keep,none
2024-06-13 17:00:00,0,,-0.18367411381325782,0,0.12694188952445984,0,0,normal,0.98,keep,none
2024-06-13 17:10:00,0,,-0.19013616597376803,0,0.13993191719055176,0,0,normal,0.98,keep,none
2024-06-13 17:20:00,0,,-0.20147202285290927,0,0.1387759894132614,0,0,normal,0.98,keep,none
2024-06-13 17:30:00,1,missing,-0.14883395334647193,0,0.17499586939811707,0,1,missing,0.86,correct,rule
2024-06-13 17:40:00,0,,-0.18929673324591356,0,0.17815127968788147,0,0,normal,0.98,keep,none
2024-06-13 17:50:00,0,,-0.19830309875969687,0,0.1854141503572464,0,0,normal,0.98,keep,none
2024-06-13 18:00:00,0,,-0.1961175951290603,0,0.18678270280361176,0,0,normal,0.98,keep,none
2024-06-13 18:10:00,0,,-0.19433666848626496,0,0.18732750415802002,0,0,normal,0.98,keep,none
2024-06-13 18:20:00,0,,-0.1964694014622247,0,0.18939059972763062,0,0,normal,0.98,keep,none
2024-06-13 18:30:00,1,missing,-0.1524865725428759,0,0.20900656282901764,0,1,missing,0.86,correct,rule
2024-06-13 18:40:00,0,,-0.1845959152339754,0,0.21559636294841766,0,0,normal,0.98,keep,none
2024-06-13 18:50:00,0,,-0.19034612368182136,0,0.21555930376052856,0,0,normal,0.98,keep,none
2024-06-13 19:00:00,0,,-0.19757026586609583,0,0.21830692887306213,0,0,normal,0.98,keep,none
2024-06-13 19:10:00,1,missing,-0.15521987178407892,0,0.23988021910190582,0,1,missing,0.86,correct,rule
2024-06-13 19:20:00,1,missing,-0.1562031384274536,0,0.25470036268234253,0,1,missing,0.86,correct,rule
2024-06-13 19:30:00,0,,-0.2061153950227228,0,0.2519531548023224,0,0,normal,0.98,keep,none
2024-06-13 19:40:00,0,,-0.20009841195761058,0,0.2487194985151291,0,0,normal,0.98,keep,none
2024-06-13 19:50:00,0,,-0.19598247450547307,0,0.2513981759548187,0,0,normal,0.98,keep,none
2024-06-13 20:00:00,0,,-0.1967199651598987,0,0.24924606084823608,0,0,normal,0.98,keep,none
2024-06-13 20:10:00,0,,-0.19558714094577662,0,0.23586034774780273,0,0,normal,0.98,keep,none
2024-06-13 20:20:00,0,,-0.20266679165236517,0,0.235887348651886,0,0,normal,0.98,keep,none
2024-06-13 20:30:00,0,,-0.19720540542009724,0,0.2083628624677658,0,0,normal,0.98,keep,none
2024-06-13 20:40:00,0,,-0.1931516823764426,0,0.19896262884140015,0,0,normal,0.98,keep,none
2024-06-13 20:50:00,1,missing,-0.16108881370362826,0,0.21319779753684998,0,1,missing,0.86,correct,rule
2024-06-13 21:00:00,0,,-0.2073141022273169,0,0.21072712540626526,0,0,normal,0.98,keep,none
2024-06-13 21:10:00,0,,-0.17558458827623524,0,0.215693399310112,0,0,normal,0.98,keep,none
2024-06-13 21:20:00,0,,-0.18691404688548724,0,0.21586419641971588,0,0,normal,0.98,keep,none
2024-06-13 21:30:00,0,,-0.18831272473469118,0,0.1984792947769165,0,0,normal,0.98,keep,none
2024-06-13 21:40:00,0,,-0.18472709749987265,0,0.20133644342422485,0,0,normal,0.98,keep,none
2024-06-13 21:50:00,0,,-0.18150961897256118,0,0.20245987176895142,0,0,normal,0.98,keep,none
2024-06-13 22:00:00,0,,-0.18974512108491587,0,0.2054029405117035,0,0,normal,0.98,keep,none
2024-06-13 22:10:00,0,,-0.1995864049730861,0,0.18182215094566345,0,0,normal,0.98,keep,none
2024-06-13 22:20:00,0,,-0.1715388199990462,0,0.17230404913425446,0,0,normal,0.98,keep,none
2024-06-13 22:30:00,0,,-0.17927282819739654,0,0.1773712933063507,0,0,normal,0.98,keep,none
2024-06-13 22:40:00,0,,-0.19133479723952773,0,0.1756376177072525,0,0,normal,0.98,keep,none
2024-06-13 22:50:00,0,,-0.20203987643961996,0,0.17000743746757507,0,0,normal,0.98,keep,none
2024-06-13 23:00:00,0,,-0.19645026185456005,0,0.1692282110452652,0,0,normal,0.98,keep,none
2024-06-13 23:10:00,0,,-0.1854186572455549,0,0.17480260133743286,0,0,normal,0.98,keep,none
2024-06-13 23:20:00,1,spike,0.0961349738910593,1,0.7391926050186157,0,1,spike,0.95,correct,hybrid
2024-06-13 23:30:00,1,missing,0.045024798951735834,1,0.7953721284866333,0,1,missing,0.95,correct,hybrid
2024-06-13 23:40:00,0,,0.029423943724782853,1,0.8986871838569641,0,1,ml_suspicious,0.62,manual_review,isolation_forest
2024-06-13 23:50:00,0,,-0.05085153189867586,0,0.9293250441551208,0,0,normal,0.98,keep,none
2024-06-14 00:00:00,0,,-0.039729115313942964,0,0.9959377646446228,0,0,normal,0.98,keep,none
2024-06-14 00:10:00,0,,-0.03511459393263083,0,1.0390386581420898,0,0,normal,0.98,keep,none
2024-06-14 00:20:00,0,,-0.18232052230117374,0,0.8652193546295166,0,0,normal,0.98,keep,none
2024-06-14 00:30:00,0,,-0.1689291421426945,0,0.8166186809539795,0,0,normal,0.98,keep,none
2024-06-14 00:40:00,0,,-0.18204767512721526,0,0.792213499546051,0,0,normal,0.98,keep,none
2024-06-14 00:50:00,0,,-0.18329945342472959,0,0.7736190557479858,0,0,normal,0.98,keep,none
2024-06-14 01:00:00,0,,-0.18409755996507404,0,0.767477810382843,0,0,normal,0.98,keep,none
2024-06-14 01:10:00,0,,-0.16632019041918872,0,0.7695691585540771,0,0,normal,0.98,keep,none
2024-06-14 01:20:00,0,,-0.18412665236885872,0,0.768072247505188,0,0,normal,0.98,keep,none
2024-06-14 01:30:00,0,,-0.1750170140044594,0,0.7617344260215759,0,0,normal,0.98,keep,none
2024-06-14 01:40:00,0,,-0.1799673127360763,0,0.7652784585952759,0,0,normal,0.98,keep,none
2024-06-14 01:50:00,0,,-0.17478644390764364,0,0.7685229182243347,0,0,normal,0.98,keep,none
2024-06-14 02:00:00,0,,-0.1451561606065307,0,0.7688870429992676,0,0,normal,0.98,keep,none
2024-06-14 02:10:00,0,,-0.17894747342638556,0,0.7712312340736389,0,0,normal,0.98,keep,none
2024-06-14 02:20:00,0,,-0.1981010907511757,0,0.5155534148216248,0,0,normal,0.98,keep,none
2024-06-14 02:30:00,0,,-0.2006403515658547,0,0.40307149291038513,0,0,normal,0.98,keep,none
2024-06-14 02:40:00,1,spurious,-0.14500377836827333,0,0.3482983112335205,0,1,spurious,0.86,correct,rule
2024-06-14 02:50:00,0,,-0.18993517513105873,0,0.28119173645973206,0,0,normal,0.98,keep,none
2024-06-14 03:00:00,0,,-0.1862681277070658,0,0.23151420056819916,0,0,normal,0.98,keep,none
2024-06-14 03:10:00,0,,-0.1926254966053133,0,0.17929421365261078,0,0,normal,0.98,keep,none
2024-06-14 03:20:00,1,missing,-0.15919867680105632,0,0.21805977821350098,0,1,missing,0.86,correct,rule
2024-06-14 03:30:00,0,,-0.19634034752317053,0,0.2084447592496872,0,0,normal,0.98,keep,none
2024-06-14 03:40:00,0,,-0.20439398772303324,0,0.20349159836769104,0,0,normal,0.98,keep,none
2024-06-14 03:50:00,0,,-0.20615950665141386,0,0.20570531487464905,0,0,normal,0.98,keep,none
2024-06-14 04:00:00,0,,-0.20675874158309349,0,0.2071332186460495,0,0,normal,0.98,keep,none
2024-06-14 04:10:00,0,,-0.19698554139602042,0,0.20427511632442474,0,0,normal,0.98,keep,none
2024-06-14 04:20:00,0,,-0.19412683730868974,0,0.21982891857624054,0,0,normal,0.98,keep,none
2024-06-14 04:30:00,0,,-0.19551146437800088,0,0.21806885302066803,0,0,normal,0.98,keep,none
2024-06-14 04:40:00,1,missing,-0.16416728944708325,0,0.26688313484191895,0,1,missing,0.86,correct,rule
2024-06-14 04:50:00,0,,-0.2057498838689205,0,0.24433360993862152,0,0,normal,0.98,keep,none
2024-06-14 05:00:00,0,,-0.205969571147546,0,0.2336685061454773,0,0,normal,0.98,keep,none
2024-06-14 05:10:00,0,,-0.20730565805555218,0,0.2326308786869049,0,0,normal,0.98,keep,none
2024-06-14 05:20:00,0,,-0.20030120873335466,0,0.24498817324638367,0,0,normal,0.98,keep,none
2024-06-14 05:30:00,0,,-0.21071066559041923,0,0.24104003608226776,0,0,normal,0.98,keep,none
2024-06-14 05:40:00,0,,-0.2115404388758792,0,0.21506866812705994,0,0,normal,0.98,keep,none
2024-06-14 05:50:00,0,,-0.2133705320292441,0,0.2094220668077469,0,0,normal,0.98,keep,none
2024-06-14 06:00:00,0,,-0.21276787595724372,0,0.20221580564975739,0,0,normal,0.98,keep,none
2024-06-14 06:10:00,0,,-0.2020257276591107,0,0.19894224405288696,0,0,normal,0.98,keep,none
2024-06-14 06:20:00,0,,-0.19067855074283563,0,0.1990794688463211,0,0,normal,0.98,keep,none
2024-06-14 06:30:00,0,,-0.20884203873064033,0,0.1883818656206131,0,0,normal,0.98,keep,none
2024-06-14 06:40:00,0,,-0.18944864002880807,0,0.19184239208698273,0,0,normal,0.98,keep,none
2024-06-14 06:50:00,0,,-0.20293573583804697,0,0.18927662074565887,0,0,normal,0.98,keep,none
2024-06-14 07:00:00,0,,-0.2043897934351177,0,0.1939047873020172,0,0,normal,0.98,keep,none
2024-06-14 07:10:00,0,,-0.2008387514023418,0,0.19922956824302673,0,0,normal,0.98,keep,none
2024-06-14 07:20:00,0,,-0.19351155440932355,0,0.18554499745368958,0,0,normal,0.98,keep,none
2024-06-14 07:30:00,0,,-0.19731253951130884,0,0.17899222671985626,0,0,normal,0.98,keep,none
2024-06-14 07:40:00,0,,-0.18458420713922807,0,0.15747950971126556,0,0,normal,0.98,keep,none
2024-06-14 07:50:00,0,,-0.1971864695316219,0,0.16360674798488617,0,0,normal,0.98,keep,none
2024-06-14 08:00:00,0,,-0.2054229001619295,0,0.1544346809387207,0,0,normal,0.98,keep,none
2024-06-14 08:10:00,0,,-0.19843478673351778,0,0.1521182656288147,0,0,normal,0.98,keep,none
2024-06-14 08:20:00,0,,-0.1728446316159894,0,0.1631624549627304,0,0,normal,0.98,keep,none
2024-06-14 08:30:00,0,,-0.2004143993930706,0,0.16475598514080048,0,0,normal,0.98,keep,none
2024-06-14 08:40:00,1,spike,0.15880654890922763,1,2.7582948207855225,1,1,spike,0.95,correct,hybrid
2024-06-14 08:50:00,0,,0.1027230292368061,1,4.200380802154541,1,1,ml_suspicious,0.62,manual_review,hybrid
2024-06-14 09:00:00,0,,0.0935265925953066,1,5.026750087738037,1,1,ml_suspicious,0.62,manual_review,hybrid
2024-06-14 09:10:00,0,,0.05205666278163612,1,5.563831806182861,1,1,ml_suspicious,0.62,manual_review,hybrid
2024-06-14 09:20:00,0,,0.05062047938941061,1,6.099313735961914,1,1,ml_suspicious,0.62,manual_review,hybrid
2024-06-14 09:30:00,0,,0.0411734448112554,1,6.64801549911499,1,1,ml_suspicious,0.62,manual_review,hybrid
2024-06-14 09:40:00,0,,-0.15114583218096517,0,6.6099114418029785,1,1,ml_suspicious,0.62,manual_review,lstm_ae
2024-06-14 09:50:00,0,,-0.1490261305473088,0,6.639977931976318,1,1,ml_suspicious,0.62,manual_review,lstm_ae
2024-06-14 10:00:00,0,,-0.15308370235351632,0,6.656252384185791,1,1,ml_suspicious,0.62,manual_review,lstm_ae
2024-06-14 10:10:00,0,,-0.15013219995581362,0,6.687767028808594,1,1,ml_suspicious,0.62,manual_review,lstm_ae
2024-06-14 10:20:00,0,,-0.14501991263435476,0,6.727962017059326,1,1,ml_suspicious,0.62,manual_review,lstm_ae
2024-06-14 10:30:00,0,,-0.13524758137242154,0,6.749847888946533,1,1,ml_suspicious,0.62,manual_review,lstm_ae
2024-06-14 10:40:00,0,,-0.14161793445231136,0,6.822303771972656,1,1,ml_suspicious,0.62,manual_review,lstm_ae
2024-06-14 10:50:00,0,,-0.13536378556909295,0,6.849795341491699,1,1,ml_suspicious,0.62,manual_review,lstm_ae
2024-06-14 11:00:00,0,,-0.127397171391467,0,6.908960819244385,1,1,ml_suspicious,0.62,manual_review,lstm_ae
2024-06-14 11:10:00,0,,-0.12270836224043646,0,6.9597392082214355,1,1,ml_suspicious,0.62,manual_review,lstm_ae
2024-06-14 11:20:00,0,,-0.10430750569116654,0,7.031801223754883,1,1,ml_suspicious,0.62,manual_review,lstm_ae
2024-06-14 11:30:00,0,,-0.13792120893868648,0,7.05229377746582,1,1,ml_suspicious,0.62,manual_review,lstm_ae
2024-06-14 11:40:00,0,,-0.20933737798092278,0,4.633264064788818,1,1,ml_suspicious,0.62,manual_review,lstm_ae
2024-06-14 11:50:00,0,,-0.20139087707651165,0,3.2469499111175537,1,1,ml_suspicious,0.62,manual_review,lstm_ae
2024-06-14 12:00:00,0,,-0.20293658334563974,0,2.3714520931243896,0,0,normal,0.98,keep,none
2024-06-14 12:10:00,0,,-0.18709364815245055,0,1.8516104221343994,0,0,normal,0.98,keep,none
2024-06-14 12:20:00,0,,-0.18664936483970124,0,1.3145794868469238,0,0,normal,0.98,keep,none
2024-06-14 12:30:00,1,missing,-0.15723215228803422,0,0.8066821098327637,0,1,missing,0.86,correct,rule
2024-06-14 12:40:00,0,,-0.17393451773300367,0,0.7753774523735046,0,0,normal,0.98,keep,none
2024-06-14 12:50:00,0,,-0.1905002079615397,0,0.7337824702262878,0,0,normal,0.98,keep,none
2024-06-14 13:00:00,0,,-0.18724362399741012,0,0.6960546970367432,0,0,normal,0.98,keep,none
2024-06-14 13:10:00,1,missing,-0.16124460495936505,0,0.663528323173523,0,1,missing,0.86,correct,rule
2024-06-14 13:20:00,0,,-0.18855321048001156,0,0.6300293803215027,0,0,normal,0.98,keep,none
2024-06-14 13:30:00,0,,-0.1891675943181731,0,0.5822128653526306,0,0,normal,0.98,keep,none
2024-06-14 13:40:00,0,,-0.1891697604579125,0,0.5508820414543152,0,0,normal,0.98,keep,none
2024-06-14 13:50:00,0,,-0.02222958355362281,0,0.7568330764770508,0,0,normal,0.98,keep,none
2024-06-14 14:00:00,0,,-0.06903737238227381,0,0.7235671281814575,0,0,normal,0.98,keep,none
2024-06-14 14:10:00,0,,-0.10863214272565352,0,0.6588702201843262,0,0,normal,0.98,keep,none
2024-06-14 14:20:00,0,,-0.1301287631236484,0,0.6096699237823486,0,0,normal,0.98,keep,none
2024-06-14 14:30:00,0,,-0.14077570444065624,0,0.599458634853363,0,0,normal,0.98,keep,none
2024-06-14 14:40:00,0,,-0.1312512296458404,0,0.6350639462471008,0,0,normal,0.98,keep,none
2024-06-14 14:50:00,1,missing,-0.10243223635121645,0,0.6855189204216003,0,1,missing,0.86,correct,rule
2024-06-14 15:00:00,0,,-0.13884077264896394,0,0.7179842591285706,0,0,normal,0.98,keep,none
2024-06-14 15:10:00,0,,-0.16726263588025497,0,0.7137986421585083,0,0,normal,0.98,keep,none
2024-06-14 15:20:00,0,,-0.18778358558797043,0,0.7137341499328613,0,0,normal,0.98,keep,none
2024-06-14 15:30:00,0,,-0.19216672460742462,0,0.7186475396156311,0,0,normal,0.98,keep,none
2024-06-14 15:40:00,0,,-0.19217025608297322,0,0.7178301215171814,0,0,normal,0.98,keep,none
2024-06-14 15:50:00,0,,-0.19553798079253304,0,0.7321043014526367,0,0,normal,0.98,keep,none
2024-06-14 16:00:00,0,,-0.19091832189374747,0,0.7348667979240417,0,0,normal,0.98,keep,none
2024-06-14 16:10:00,0,,-0.19415983049255892,0,0.7312176823616028,0,0,normal,0.98,keep,none
2024-06-14 16:20:00,0,,-0.18830277882455682,0,0.7203632593154907,0,0,normal,0.98,keep,none
2024-06-14 16:30:00,0,,-0.18190140733366494,0,0.7322219014167786,0,0,normal,0.98,keep,none
2024-06-14 16:40:00,1,negative,-0.13297393563670995,0,0.7135623693466187,0,1,negative,0.86,correct,rule
2024-06-14 16:50:00,0,,-0.18651981784641702,0,0.5029452443122864,0,0,normal,0.98,keep,none
2024-06-14 17:00:00,0,,-0.19029151475136047,0,0.4349709451198578,0,0,normal,0.98,keep,none
2024-06-14 17:10:00,0,,-0.2012672594999948,0,0.4042951166629791,0,0,normal,0.98,keep,none
2024-06-14 17:20:00,0,,-0.19246881359041923,0,0.37017276883125305,0,0,normal,0.98,keep,none
2024-06-14 17:30:00,0,,-0.19669977410164835,0,0.33145299553871155,0,0,normal,0.98,keep,none
2024-06-14 17:40:00,0,,-0.18263662120562946,0,0.2983524203300476,0,0,normal,0.98,keep,none
2024-06-14 17:50:00,0,,-0.20441673998665066,0,0.2463930994272232,0,0,normal,0.98,keep,none
2024-06-14 18:00:00,0,,-0.20028676101328086,0,0.1500423699617386,0,0,normal,0.98,keep,none
2024-06-14 18:10:00,0,,-0.19495665045122595,0,0.13929879665374756,0,0,normal,0.98,keep,none
2024-06-14 18:20:00,0,,-0.2048645920965877,0,0.13494008779525757,0,0,normal,0.98,keep,none
2024-06-14 18:30:00,0,,-0.20723870510087727,0,0.13080275058746338,0,0,normal,0.98,keep,none
2024-06-14 18:40:00,0,,-0.20143522499889416,0,0.130220428109169,0,0,normal,0.98,keep,none
2024-06-14 18:50:00,0,,-0.1978887683346935,0,0.12786468863487244,0,0,normal,0.98,keep,none
2024-06-14 19:00:00,0,,-0.2003846852366002,0,0.12420864403247833,0,0,normal,0.98,keep,none
2024-06-14 19:10:00,0,,-0.19238688355324418,0,0.1260567307472229,0,0,normal,0.98,keep,none
2024-06-14 19:20:00,0,,-0.18999567503630443,0,0.12544457614421844,0,0,normal,0.98,keep,none
2024-06-14 19:30:00,0,,-0.18596622774705446,0,0.12581312656402588,0,0,normal,0.98,keep,none
2024-06-14 19:40:00,0,,-0.1988380295588334,0,0.10260744392871857,0,0,normal,0.98,keep,none
2024-06-14 19:50:00,0,,-0.19730331896685344,0,0.10127288103103638,0,0,normal,0.98,keep,none
2024-06-14 20:00:00,0,,-0.20026714281266605,0,0.09632601588964462,0,0,normal,0.98,keep,none
2024-06-14 20:10:00,0,,-0.20408349618693544,0,0.0988755151629448,0,0,normal,0.98,keep,none
2024-06-14 20:20:00,0,,-0.20338549752836876,0,0.09655645489692688,0,0,normal,0.98,keep,none
2024-06-14 20:30:00,0,,-0.17983867352504157,0,0.10434147715568542,0,0,normal,0.98,keep,none
2024-06-14 20:40:00,0,,-0.2012873477647822,0,0.09272264689207077,0,0,normal,0.98,keep,none
2024-06-14 20:50:00,0,,-0.20069000761028782,0,0.08833204954862595,0,0,normal,0.98,keep,none
2024-06-14 21:00:00,1,missing,-0.15542461269102392,0,0.12100745737552643,0,1,missing,0.86,correct,rule
2024-06-14 21:10:00,0,,-0.19403778110942582,0,0.11633378267288208,0,0,normal,0.98,keep,none
2024-06-14 21:20:00,0,,-0.16900801711640656,0,0.12041283398866653,0,0,normal,0.98,keep,none
2024-06-14 21:30:00,0,,-0.17906878220143002,0,0.1301283985376358,0,0,normal,0.98,keep,none
2024-06-14 21:40:00,0,,-0.1660263958127161,0,0.14023591578006744,0,0,normal,0.98,keep,none
2024-06-14 21:50:00,0,,-0.18445250341366864,0,0.13891731202602386,0,0,normal,0.98,keep,none
2024-06-14 22:00:00,0,,-0.1622470836856919,0,0.15191134810447693,0,0,normal,0.98,keep,none
2024-06-14 22:10:00,1,missing,-0.14559027937780344,0,0.1870361715555191,0,1,missing,0.86,correct,rule
2024-06-14 22:20:00,0,,-0.19028627141451998,0,0.17415247857570648,0,0,normal,0.98,keep,none
2024-06-14 22:30:00,1,missing,-0.15723769567010137,0,0.19366686046123505,0,1,missing,0.86,correct,rule
2024-06-14 22:40:00,0,,-0.19351823247021965,0,0.18629884719848633,0,0,normal,0.98,keep,none
2024-06-14 22:50:00,0,,-0.20223946982448043,0,0.18426059186458588,0,0,normal,0.98,keep,none
2024-06-14 23:00:00,0,,-0.19296932311585668,0,0.18874746561050415,0,0,normal,0.98,keep,none
2024-06-14 23:10:00,0,,-0.18573786219764316,0,0.1920005828142166,0,0,normal,0.98,keep,none
2024-06-14 23:20:00,0,,-0.19898250878699042,0,0.20061783492565155,0,0,normal,0.98,keep,none
2024-06-14 23:30:00,0,,-0.1945468845161663,0,0.1948280930519104,0,0,normal,0.98,keep,none
2024-06-14 23:40:00,0,,-0.18481565714783155,0,0.19759096205234528,0,0,normal,0.98,keep,none
2024-06-14 23:50:00,0,,-0.1930807446161129,0,0.21149444580078125,0,0,normal,0.98,keep,none
2024-06-15 00:00:00,0,,-0.17991886728903717,0,0.19198442995548248,0,0,normal,0.98,keep,none
2024-06-15 00:10:00,0,,-0.1943260386930955,0,0.19043442606925964,0,0,normal,0.98,keep,none
2024-06-15 00:20:00,0,,-0.2003739416991605,0,0.1850692480802536,0,0,normal,0.98,keep,none
2024-06-15 00:30:00,0,,-0.19345241312370048,0,0.1808839738368988,0,0,normal,0.98,keep,none
2024-06-15 00:40:00,0,,-0.18844561669779003,0,0.17891258001327515,0,0,normal,0.98,keep,none
2024-06-15 00:50:00,0,,-0.19405040920126104,0,0.18555621802806854,0,0,normal,0.98,keep,none
2024-06-15 01:00:00,0,,-0.192827494616377,0,0.16895747184753418,0,0,normal,0.98,keep,none
2024-06-15 01:10:00,0,,-0.19269991447558077,0,0.14391086995601654,0,0,normal,0.98,keep,none
2024-06-15 01:20:00,0,,-0.1982370850056855,0,0.14097386598587036,0,0,normal,0.98,keep,none
2024-06-15 01:30:00,0,,-0.17818747657358336,0,0.1317390352487564,0,0,normal,0.98,keep,none
2024-06-15 01:40:00,0,,-0.19653667569882521,0,0.13194938004016876,0,0,normal,0.98,keep,none
2024-06-15 01:50:00,1,missing,-0.14359316890971485,0,0.17205670475959778,0,1,missing,0.86,correct,rule
2024-06-15 02:00:00,0,,-0.18704109608956931,0,0.16866928339004517,0,0,normal,0.98,keep,none
2024-06-15 02:10:00,0,,-0.18448134492044665,0,0.16662022471427917,0,0,normal,0.98,keep,none
2024-06-15 02:20:00,1,missing,-0.15264668177358998,0,0.20731548964977264,0,1,missing,0.86,correct,rule
2024-06-15 02:30:00,0,,-0.19437761729487057,0,0.1962933987379074,0,0,normal,0.98,keep,none
2024-06-15 02:40:00,0,,-0.197023098165804,0,0.18825191259384155,0,0,normal,0.98,keep,none
2024-06-15 02:50:00,0,,-0.19833949387882704,0,0.1879861205816269,0,0,normal,0.98,keep,none
2024-06-15 03:00:00,0,,-0.16674852031664655,0,0.19832126796245575,0,0,normal,0.98,keep,none
2024-06-15 03:10:00,0,,-0.20016071086047477,0,0.20244286954402924,0,0,normal,0.98,keep,none
2024-06-15 03:20:00,0,,-0.20566478924989479,0,0.20461581647396088,0,0,normal,0.98,keep,none
2024-06-15 03:30:00,0,,-0.19168165824986116,0,0.20849023759365082,0,0,normal,0.98,keep,none
2024-06-15 03:40:00,0,,-0.20538110100807233,0,0.20460328459739685,0,0,normal,0.98,keep,none
2024-06-15 03:50:00,0,,-0.20689826173110465,0,0.1985236257314682,0,0,normal,0.98,keep,none
2024-06-15 04:00:00,0,,-0.20709791028093272,0,0.1973704695701599,0,0,normal,0.98,keep,none
2024-06-15 04:10:00,0,,-0.20463619840114022,0,0.1969676911830902,0,0,normal,0.98,keep,none
2024-06-15 04:20:00,1,missing,-0.15783554071361555,0,0.25751638412475586,0,1,missing,0.86,correct,rule
2024-06-15 04:30:00,0,,-0.1932861606936087,0,0.2244103103876114,0,0,normal,0.98,keep,none
2024-06-15 04:40:00,0,,-0.20509575881970954,0,0.22722408175468445,0,0,normal,0.98,keep,none
2024-06-15 04:50:00,0,,-0.20175428237586307,0,0.20638225972652435,0,0,normal,0.98,keep,none
2024-06-15 05:00:00,0,,-0.2056436180251034,0,0.20123861730098724,0,0,normal,0.98,keep,none
2024-06-15 05:10:00,0,,-0.1983348501991778,0,0.1973208338022232,0,0,normal,0.98,keep,none
2024-06-15 05:20:00,0,,-0.19800067487107603,0,0.1693684607744217,0,0,normal,0.98,keep,none
2024-06-15 05:30:00,0,,-0.19905714834088573,0,0.17224645614624023,0,0,normal,0.98,keep,none
2024-06-15 05:40:00,0,,-0.20279402579719769,0,0.16680467128753662,0,0,normal,0.98,keep,none
2024-06-15 05:50:00,0,,-0.20277577566296912,0,0.1594686508178711,0,0,normal,0.98,keep,none
2024-06-15 06:00:00,0,,-0.2024439437775996,0,0.14041076600551605,0,0,normal,0.98,keep,none
2024-06-15 06:10:00,0,,-0.1983689705713224,0,0.13736218214035034,0,0,normal,0.98,keep,none
2024-06-15 06:20:00,0,,-0.19951252447291223,0,0.13448037207126617,0,0,normal,0.98,keep,none
2024-06-15 06:30:00,0,,-0.19489774524346515,0,0.13139967620372772,0,0,normal,0.98,keep,none
2024-06-15 06:40:00,0,,-0.19689537310266403,0,0.12713666260242462,0,0,normal,0.98,keep,none
2024-06-15 06:50:00,0,,-0.20030598514908393,0,0.12323421984910965,0,0,normal,0.98,keep,none
2024-06-15 07:00:00,0,,-0.19931026321955125,0,0.11788477748632431,0,0,normal,0.98,keep,none
2024-06-15 07:10:00,0,,-0.19724525367459084,0,0.11272524297237396,0,0,normal,0.98,keep,none
2024-06-15 07:20:00,0,,-0.19323418944431386,0,0.08268328756093979,0,0,normal,0.98,keep,none
2024-06-15 07:30:00,0,,-0.1979662569306611,0,0.07949185371398926,0,0,normal,0.98,keep,none
2024-06-15 07:40:00,0,,-0.20091594407460717,0,0.07682248204946518,0,0,normal,0.98,keep,none
2024-06-15 07:50:00,0,,-0.20134043641298854,0,0.07291688770055771,0,0,normal,0.98,keep,none
2024-06-15 08:00:00,0,,-0.19511869859296088,0,0.07718302309513092,0,0,normal,0.98,keep,none
2024-06-15 08:10:00,0,,-0.19814104470603644,0,0.072141632437706,0,0,normal,0.98,keep,none
2024-06-15 08:20:00,0,,-0.18151741135101696,0,0.07409410178661346,0,0,normal,0.98,keep,none
2024-06-15 08:30:00,0,,-0.1890394190057702,0,0.07973527908325195,0,0,normal,0.98,keep,none
2024-06-15 08:40:00,0,,-0.20311890143232386,0,0.07613708823919296,0,0,normal,0.98,keep,none
2024-06-15 08:50:00,0,,-0.20292401509336372,0,0.07453109323978424,0,0,normal,0.98,keep,none
2024-06-15 09:00:00,0,,-0.17948389349916982,0,0.08314745128154755,0,0,normal,0.98,keep,none
2024-06-15 09:10:00,0,,-0.1926808077240641,0,0.08689891546964645,0,0,normal,0.98,keep,none
2024-06-15 09:20:00,0,,-0.19467258610252652,0,0.09047621488571167,0,0,normal,0.98,keep,none
2024-06-15 09:30:00,0,,-0.19283973698939944,0,0.09093637764453888,0,0,normal,0.98,keep,none
2024-06-15 09:40:00,0,,-0.19614635204088482,0,0.09262458980083466,0,0,normal,0.98,keep,none
2024-06-15 09:50:00,0,,-0.19736577814723127,0,0.0996515229344368,0,0,normal,0.98,keep,none
2024-06-15 10:00:00,0,,-0.19827417451080032,0,0.10079824179410934,0,0,normal,0.98,keep,none
2024-06-15 10:10:00,0,,-0.1874895896358813,0,0.11278478801250458,0,0,normal,0.98,keep,none
2024-06-15 10:20:00,0,,-0.20020337945450856,0,0.11195454001426697,0,0,normal,0.98,keep,none
2024-06-15 10:30:00,0,,-0.1776446436708332,0,0.1251455545425415,0,0,normal,0.98,keep,none
2024-06-15 10:40:00,0,,-0.19911349596719696,0,0.12209682911634445,0,0,normal,0.98,keep,none
2024-06-15 10:50:00,1,spurious,-0.1527899075125974,0,0.1655259132385254,0,1,spurious,0.86,correct,rule
2024-06-15 11:00:00,0,,-0.181827171156199,0,0.16807261109352112,0,0,normal,0.98,keep,none
2024-06-15 11:10:00,0,,-0.1840549427947476,0,0.17321091890335083,0,0,normal,0.98,keep,none
2024-06-15 11:20:00,0,,-0.18781984284723713,0,0.1797967404127121,0,0,normal,0.98,keep,none
2024-06-15 11:30:00,1,missing,-0.1497316124147644,0,0.20550446212291718,0,1,missing,0.86,correct,rule
2024-06-15 11:40:00,0,,-0.15114449172020789,0,0.24383193254470825,0,0,normal,0.98,keep,none
2024-06-15 11:50:00,0,,-0.16635348291533686,0,0.26933953166007996,0,0,normal,0.98,keep,none
2024-06-15 12:00:00,0,,-0.15446095977467117,0,0.29127565026283264,0,0,normal,0.98,keep,none
2024-06-15 12:10:00,0,,-0.15812700025533655,0,0.3004474937915802,0,0,normal,0.98,keep,none
2024-06-15 12:20:00,0,,-0.15904942408469003,0,0.3094610273838043,0,0,normal,0.98,keep,none
2024-06-15 12:30:00,0,,-0.16136854900153902,0,0.32218828797340393,0,0,normal,0.98,keep,none
2024-06-15 12:40:00,0,,-0.16174336129670097,0,0.3358231782913208,0,0,normal,0.98,keep,none
2024-06-15 12:50:00,0,,-0.15970470778343038,0,0.34785929322242737,0,0,normal,0.98,keep,none
2024-06-15 13:00:00,0,,-0.1566587575103351,0,0.3420194685459137,0,0,normal,0.98,keep,none
2024-06-15 13:10:00,0,,-0.14616218302403566,0,0.3525601327419281,0,0,normal,0.98,keep,none
2024-06-15 13:20:00,0,,-0.15514668964918693,0,0.3258904814720154,0,0,normal,0.98,keep,none
2024-06-15 13:30:00,0,,-0.14623808644367853,0,0.33391839265823364,0,0,normal,0.98,keep,none
2024-06-15 13:40:00,0,,-0.13902350843349853,0,0.3065790832042694,0,0,normal,0.98,keep,none
2024-06-15 13:50:00,0,,-0.16030591136616773,0,0.2563241124153137,0,0,normal,0.98,keep,none
2024-06-15 14:00:00,0,,-0.15541027973524463,0,0.22392259538173676,0,0,normal,0.98,keep,none
2024-06-15 14:10:00,0,,-0.15613960775149693,0,0.1975698173046112,0,0,normal,0.98,keep,none
2024-06-15 14:20:00,0,,-0.14815643197552808,0,0.1664416342973709,0,0,normal,0.98,keep,none
2024-06-15 14:30:00,0,,-0.15110691044371344,0,0.12881354987621307,0,0,normal,0.98,keep,none
2024-06-15 14:40:00,0,,-0.15835668678377912,0,0.12450063973665237,0,0,normal,0.98,keep,none
2024-06-15 14:50:00,0,,-0.14029674557290478,0,0.13352398574352264,0,0,normal,0.98,keep,none
2024-06-15 15:00:00,0,,-0.1553101585995152,0,0.1319771707057953,0,0,normal,0.98,keep,none
2024-06-15 15:10:00,0,,-0.1525122972174976,0,0.15174563229084015,0,0,normal,0.98,keep,none
2024-06-15 15:20:00,0,,-0.16606683966528274,0,0.1352168470621109,0,0,normal,0.98,keep,none
2024-06-15 15:30:00,0,,-0.1564072758611033,0,0.13262617588043213,0,0,normal,0.98,keep,none
2024-06-15 15:40:00,0,,-0.14903057458606672,0,0.14142072200775146,0,0,normal,0.98,keep,none
2024-06-15 15:50:00,0,,-0.14335408806005018,0,0.156671404838562,0,0,normal,0.98,keep,none
2024-06-15 16:00:00,0,,-0.15380665218633727,0,0.16191940009593964,0,0,normal,0.98,keep,none
2024-06-15 16:10:00,0,,-0.14352351948213415,0,0.1735360324382782,0,0,normal,0.98,keep,none
2024-06-15 16:20:00,0,,-0.16085026821644827,0,0.17136631906032562,0,0,normal,0.98,keep,none
2024-06-15 16:30:00,0,,-0.16340563552362758,0,0.16264910995960236,0,0,normal,0.98,keep,none
2024-06-15 16:40:00,0,,-0.16309945708166668,0,0.14999662339687347,0,0,normal,0.98,keep,none
2024-06-15 16:50:00,0,,-0.14464219388732136,0,0.16293247044086456,0,0,normal,0.98,keep,none
2024-06-15 17:00:00,0,,-0.15452330028325967,0,0.16399617493152618,0,0,normal,0.98,keep,none
2024-06-15 17:10:00,0,,-0.14931599213115315,0,0.16669578850269318,0,0,normal,0.98,keep,none
2024-06-15 17:20:00,0,,-0.16339456367238958,0,0.16000030934810638,0,0,normal,0.98,keep,none
2024-06-15 17:30:00,0,,-0.15541357341275897,0,0.15465280413627625,0,0,normal,0.98,keep,none
2024-06-15 17:40:00,0,,-0.15929897977251184,0,0.16193564236164093,0,0,normal,0.98,keep,none
2024-06-15 17:50:00,0,,-0.1697075429694727,0,0.14590607583522797,0,0,normal,0.98,keep,none
2024-06-15 18:00:00,0,,-0.16904835030432336,0,0.13956212997436523,0,0,normal,0.98,keep,none
2024-06-15 18:10:00,0,,-0.14135463560639516,0,0.1497032195329666,0,0,normal,0.98,keep,none
2024-06-15 18:20:00,0,,-0.1575301479300556,0,0.15380507707595825,0,0,normal,0.98,keep,none
2024-06-15 18:30:00,0,,-0.16564237966842504,0,0.15480920672416687,0,0,normal,0.98,keep,none
2024-06-15 18:40:00,0,,-0.1687204457716101,0,0.1462344527244568,0,0,normal,0.98,keep,none
2024-06-15 18:50:00,0,,-0.1671344910622038,0,0.1330888718366623,0,0,normal,0.98,keep,none
2024-06-15 19:00:00,0,,-0.1585154866118979,0,0.12738876044750214,0,0,normal,0.98,keep,none
2024-06-15 19:10:00,0,,-0.15997086855470016,0,0.11751174181699753,0,0,normal,0.98,keep,none
2024-06-15 19:20:00,0,,-0.15539360946905129,0,0.1159844845533371,0,0,normal,0.98,keep,none
2024-06-15 19:30:00,0,,-0.1653381097711869,0,0.1135675460100174,0,0,normal,0.98,keep,none
2024-06-15 19:40:00,0,,-0.14291807042908233,0,0.12029562890529633,0,0,normal,0.98,keep,none
2024-06-15 19:50:00,0,,-0.15927377546457766,0,0.11513308435678482,0,0,normal,0.98,keep,none
2024-06-15 20:00:00,0,,-0.16648394610422274,0,0.1101352646946907,0,0,normal,0.98,keep,none
2024-06-15 20:10:00,0,,-0.1591599897874122,0,0.10644128918647766,0,0,normal,0.98,keep,none
2024-06-15 20:20:00,0,,-0.15774480671133823,0,0.11433898657560349,0,0,normal,0.98,keep,none
2024-06-15 20:30:00,0,,-0.16178577558810037,0,0.11266642808914185,0,0,normal,0.98,keep,none
2024-06-15 20:40:00,0,,-0.16771763516074756,0,0.11570293456315994,0,0,normal,0.98,keep,none
2024-06-15 20:50:00,0,,-0.1651929984756701,0,0.11830848455429077,0,0,normal,0.98,keep,none
2024-06-15 21:00:00,0,,-0.16481308657054067,0,0.12432451546192169,0,0,normal,0.98,keep,none
2024-06-15 21:10:00,0,,-0.16960622764453104,0,0.11223845183849335,0,0,normal,0.98,keep,none
2024-06-15 21:20:00,0,,-0.15260611564362875,0,0.11253856122493744,0,0,normal,0.98,keep,none
2024-06-15 21:30:00,0,,-0.1400671109709004,0,0.11546185612678528,0,0,normal,0.98,keep,none
2024-06-15 21:40:00,0,,-0.15570021531436334,0,0.12052956223487854,0,0,normal,0.98,keep,none
2024-06-15 21:50:00,0,,-0.15894519242850147,0,0.12394360452890396,0,0,normal,0.98,keep,none
2024-06-15 22:00:00,0,,-0.14421890556597894,0,0.12411434203386307,0,0,normal,0.98,keep,none
2024-06-15 22:10:00,0,,-0.15921881437558932,0,0.12375686317682266,0,0,normal,0.98,keep,none
2024-06-15 22:20:00,0,,-0.16091923050940832,0,0.12211542576551437,0,0,normal,0.98,keep,none
2024-06-15 22:30:00,0,,-0.15331684147555652,0,0.12502439320087433,0,0,normal,0.98,keep,none
2024-06-15 22:40:00,0,,-0.15200052839651407,0,0.11836133897304535,0,0,normal,0.98,keep,none
2024-06-15 22:50:00,0,,-0.1412859647725283,0,0.11490152031183243,0,0,normal,0.98,keep,none
2024-06-15 23:00:00,0,,-0.14987478043035196,0,0.11362183839082718,0,0,normal,0.98,keep,none
2024-06-15 23:10:00,0,,-0.15360230091382177,0,0.11540156602859497,0,0,normal,0.98,keep,none
2024-06-15 23:20:00,0,,-0.15645478843899785,0,0.11318077892065048,0,0,normal,0.98,keep,none
2024-06-15 23:30:00,0,,-0.15816210497276778,0,0.11401733756065369,0,0,normal,0.98,keep,none
2024-06-15 23:40:00,0,,-0.15046541154339965,0,0.11095412075519562,0,0,normal,0.98,keep,none
2024-06-15 23:50:00,0,,-0.16205980397380337,0,0.10958674550056458,0,0,normal,0.98,keep,none
2024-06-16 00:00:00,0,,-0.153689723503037,0,0.10813816636800766,0,0,normal,0.98,keep,none
2024-06-16 00:10:00,0,,-0.1478983335435064,0,0.13345733284950256,0,0,normal,0.98,keep,none
2024-06-16 00:20:00,0,,-0.16236761305339703,0,0.12295186519622803,0,0,normal,0.98,keep,none
2024-06-16 00:30:00,0,,-0.1395503891632009,0,0.12420011311769485,0,0,normal,0.98,keep,none
2024-06-16 00:40:00,0,,-0.15813550095444384,0,0.12422243505716324,0,0,normal,0.98,keep,none
2024-06-16 00:50:00,1,spurious,-0.14475721445072748,0,0.24525216221809387,0,1,spurious,0.86,correct,rule
2024-06-16 01:00:00,0,,-0.1825191827853877,0,0.27770158648490906,0,0,normal,0.98,keep,none
2024-06-16 01:10:00,0,,-0.17941890841951202,0,0.27763044834136963,0,0,normal,0.98,keep,none
2024-06-16 01:20:00,0,,-0.19206006665111564,0,0.2914775609970093,0,0,normal,0.98,keep,none
2024-06-16 01:30:00,0,,-0.18817358441441717,0,0.2946114242076874,0,0,normal,0.98,keep,none
2024-06-16 01:40:00,0,,-0.18370812058294284,0,0.30526551604270935,0,0,normal,0.98,keep,none
2024-06-16 01:50:00,0,,-0.1989752355466548,0,0.2981899380683899,0,0,normal,0.98,keep,none
2024-06-16 02:00:00,0,,-0.1901511292708552,0,0.2891284227371216,0,0,normal,0.98,keep,none
2024-06-16 02:10:00,0,,-0.19494342283119032,0,0.2770361006259918,0,0,normal,0.98,keep,none
2024-06-16 02:20:00,1,missing,-0.1599077784607706,0,0.2914223372936249,0,1,missing,0.86,correct,rule
2024-06-16 02:30:00,0,,-0.19964654639227958,0,0.2798420488834381,0,0,normal,0.98,keep,none
2024-06-16 02:40:00,0,,-0.20307576629356222,0,0.2597634792327881,0,0,normal,0.98,keep,none
2024-06-16 02:50:00,0,,-0.2053474443285938,0,0.2444237768650055,0,0,normal,0.98,keep,none
2024-06-16 03:00:00,0,,-0.18928696302786874,0,0.23824109137058258,0,0,normal,0.98,keep,none
2024-06-16 03:10:00,0,,-0.18262138616729517,0,0.2348146140575409,0,0,normal,0.98,keep,none
2024-06-16 03:20:00,0,,-0.20521086018005658,0,0.22569116950035095,0,0,normal,0.98,keep,none
2024-06-16 03:30:00,0,,-0.20373067717334054,0,0.20813460648059845,0,0,normal,0.98,keep,none
2024-06-16 03:40:00,0,,-0.20618607537784717,0,0.20232070982456207,0,0,normal,0.98,keep,none
2024-06-16 03:50:00,0,,-0.19192829692304664,0,0.18675163388252258,0,0,normal,0.98,keep,none
2024-06-16 04:00:00,0,,-0.1987265334236576,0,0.1851726472377777,0,0,normal,0.98,keep,none
2024-06-16 04:10:00,0,,-0.21308483539293344,0,0.17982783913612366,0,0,normal,0.98,keep,none
2024-06-16 04:20:00,0,,-0.20505974214234213,0,0.18197360634803772,0,0,normal,0.98,keep,none
2024-06-16 04:30:00,0,,-0.20897715679668205,0,0.17904894053936005,0,0,normal,0.98,keep,none
2024-06-16 04:40:00,0,,-0.17220742066939493,0,0.18775957822799683,0,0,normal,0.98,keep,none
2024-06-16 04:50:00,0,,-0.20387893124256706,0,0.1913740485906601,0,0,normal,0.98,keep,none
2024-06-16 05:00:00,0,,-0.2029565981750443,0,0.1890408992767334,0,0,normal,0.98,keep,none
2024-06-16 05:10:00,0,,-0.2077909658996538,0,0.18283408880233765,0,0,normal,0.98,keep,none
2024-06-16 05:20:00,0,,-0.202708441139401,0,0.1629762351512909,0,0,normal,0.98,keep,none
2024-06-16 05:30:00,0,,-0.18298998837024988,0,0.17389382421970367,0,0,normal,0.98,keep,none
2024-06-16 05:40:00,0,,-0.20620944305943367,0,0.17695818841457367,0,0,normal,0.98,keep,none
2024-06-16 05:50:00,0,,-0.1938404639525343,0,0.19277729094028473,0,0,normal,0.98,keep,none
2024-06-16 06:00:00,0,,-0.20444392560813834,0,0.1865173578262329,0,0,normal,0.98,keep,none
2024-06-16 06:10:00,0,,-0.20800441542616055,0,0.17305777966976166,0,0,normal,0.98,keep,none
2024-06-16 06:20:00,0,,-0.21027765805721244,0,0.17023298144340515,0,0,normal,0.98,keep,none
2024-06-16 06:30:00,0,,-0.1886803812205019,0,0.17358899116516113,0,0,normal,0.98,keep,none
2024-06-16 06:40:00,0,,-0.20448375452415657,0,0.16870026290416718,0,0,normal,0.98,keep,none
2024-06-16 06:50:00,0,,-0.20723942809042534,0,0.15716013312339783,0,0,normal,0.98,keep,none
2024-06-16 07:00:00,1,missing,-0.16175117624694124,0,0.1930314600467682,0,1,missing,0.86,correct,rule
2024-06-16 07:10:00,0,,-0.21288152925445708,0,0.18677304685115814,0,0,normal,0.98,keep,none
2024-06-16 07:20:00,0,,-0.2051185723323936,0,0.18262317776679993,0,0,normal,0.98,keep,none
2024-06-16 07:30:00,0,,-0.21028733458425336,0,0.17615610361099243,0,0,normal,0.98,keep,none
2024-06-16 07:40:00,0,,-0.2106916990398232,0,0.15959377586841583,0,0,normal,0.98,keep,none
2024-06-16 07:50:00,0,,-0.20700339718121524,0,0.15345719456672668,0,0,normal,0.98,keep,none
2024-06-16 08:00:00,0,,-0.20997713046995353,0,0.15182854235172272,0,0,normal,0.98,keep,none
2024-06-16 08:10:00,0,,-0.20598717088592222,0,0.14813750982284546,0,0,normal,0.98,keep,none
2024-06-16 08:20:00,0,,-0.20156312020847056,0,0.14269550144672394,0,0,normal,0.98,keep,none
2024-06-16 08:30:00,0,,-0.19851991201505598,0,0.13332901895046234,0,0,normal,0.98,keep,none
2024-06-16 08:40:00,0,,-0.20343136940131806,0,0.13093243539333344,0,0,normal,0.98,keep,none
2024-06-16 08:50:00,0,,-0.18555319882796983,0,0.125383198261261,0,0,normal,0.98,keep,none
2024-06-16 09:00:00,0,,-0.2041257035456659,0,0.1242784857749939,0,0,normal,0.98,keep,none
2024-06-16 09:10:00,0,,-0.20530037499531828,0,0.1272953301668167,0,0,normal,0.98,keep,none
2024-06-16 09:20:00,0,,-0.19915518162398405,0,0.129987433552742,0,0,normal,0.98,keep,none
2024-06-16 09:30:00,0,,-0.2067902941761991,0,0.12351803481578827,0,0,normal,0.98,keep,none
2024-06-16 09:40:00,0,,-0.19748914572041165,0,0.13118533790111542,0,0,normal,0.98,keep,none
2024-06-16 09:50:00,0,,-0.20535616315257976,0,0.13286758959293365,0,0,normal,0.98,keep,none
2024-06-16 10:00:00,0,,-0.2007113295215125,0,0.11274142563343048,0,0,normal,0.98,keep,none
2024-06-16 10:10:00,0,,-0.20055171310375708,0,0.11756347119808197,0,0,normal,0.98,keep,none
2024-06-16 10:20:00,0,,-0.20969240277271556,0,0.11835818737745285,0,0,normal,0.98,keep,none
2024-06-16 10:30:00,1,missing,-0.16241618120659052,0,0.1374104768037796,0,1,missing,0.86,correct,rule
2024-06-16 10:40:00,0,,-0.1998905144315561,0,0.15544168651103973,0,0,normal,0.98,keep,none
2024-06-16 10:50:00,0,,-0.20409515911009557,0,0.15525491535663605,0,0,normal,0.98,keep,none
2024-06-16 11:00:00,0,,-0.19384389745642533,0,0.155748650431633,0,0,normal,0.98,keep,none
2024-06-16 11:10:00,0,,-0.19157283381484086,0,0.17398907244205475,0,0,normal,0.98,keep,none
2024-06-16 11:20:00,0,,-0.1901003020879024,0,0.17736154794692993,0,0,normal,0.98,keep,none
2024-06-16 11:30:00,0,,-0.19899158325048344,0,0.17282679677009583,0,0,normal,0.98,keep,none
2024-06-16 11:40:00,0,,-0.19866294370421084,0,0.17761705815792084,0,0,normal,0.98,keep,none
2024-06-16 11:50:00,0,,-0.19954984647127072,0,0.17468376457691193,0,0,normal,0.98,keep,none
2024-06-16 12:00:00,0,,-0.19860949787471022,0,0.17056314647197723,0,0,normal,0.98,keep,none
2024-06-16 12:10:00,0,,-0.19181317730605968,0,0.1890433132648468,0,0,normal,0.98,keep,none
2024-06-16 12:20:00,1,missing,-0.15824277123788333,0,0.1952674388885498,0,1,missing,0.86,correct,rule
2024-06-16 12:30:00,0,,-0.19511644239175818,0,0.22182497382164001,0,0,normal,0.98,keep,none
2024-06-16 12:40:00,0,,-0.19093296682878808,0,0.2124798744916916,0,0,normal,0.98,keep,none
2024-06-16 12:50:00,0,,-0.19830435158282894,0,0.21989859640598297,0,0,normal,0.98,keep,none
2024-06-16 13:00:00,1,spurious,-0.15105891252554576,0,0.21897384524345398,0,1,spurious,0.86,correct,rule
2024-06-16 13:10:00,0,,-0.18241408223178018,0,0.22279849648475647,0,0,normal,0.98,keep,none
2024-06-16 13:20:00,0,,-0.18775026895565783,0,0.2282997965812683,0,0,normal,0.98,keep,none
2024-06-16 13:30:00,0,,-0.1953954053532846,0,0.21150855720043182,0,0,normal,0.98,keep,none
2024-06-16 13:40:00,0,,-0.18798519117813617,0,0.21018019318580627,0,0,normal,0.98,keep,none
2024-06-16 13:50:00,0,,-0.18881070844583625,0,0.2040308117866516,0,0,normal,0.98,keep,none
2024-06-16 14:00:00,0,,-0.199033942645314,0,0.2035790979862213,0,0,normal,0.98,keep,none
2024-06-16 14:10:00,0,,-0.19839485838948662,0,0.19890955090522766,0,0,normal,0.98,keep,none
2024-06-16 14:20:00,0,,-0.20088113444820527,0,0.19302476942539215,0,0,normal,0.98,keep,none
2024-06-16 14:30:00,0,,-0.19482820010689117,0,0.18852652609348297,0,0,normal,0.98,keep,none
2024-06-16 14:40:00,0,,-0.19889465249257776,0,0.1857287585735321,0,0,normal,0.98,keep,none
2024-06-16 14:50:00,0,,-0.20277838771644896,0,0.18349212408065796,0,0,normal,0.98,keep,none
2024-06-16 15:00:00,0,,-0.2000584783006985,0,0.18118642270565033,0,0,normal,0.98,keep,none
2024-06-16 15:10:00,0,,-0.1989504365523982,0,0.17056536674499512,0,0,normal,0.98,keep,none
2024-06-16 15:20:00,0,,-0.19568328856595196,0,0.15438973903656006,0,0,normal,0.98,keep,none
2024-06-16 15:30:00,0,,-0.19407375369413654,0,0.15614016354084015,0,0,normal,0.98,keep,none
2024-06-16 15:40:00,1,negative,-0.12743318359672628,0,0.1746939718723297,0,1,negative,0.86,correct,rule
2024-06-16 15:50:00,0,,-0.16079086000286996,0,0.16615109145641327,0,0,normal,0.98,keep,none
2024-06-16 16:00:00,0,,-0.18539612892326218,0,0.145682230591774,0,0,normal,0.98,keep,none
2024-06-16 16:10:00,0,,-0.19271117556306977,0,0.1471005380153656,0,0,normal,0.98,keep,none
2024-06-16 16:20:00,0,,-0.1867520154418535,0,0.15114007890224457,0,0,normal,0.98,keep,none
2024-06-16 16:30:00,0,,-0.18845490367590895,0,0.1528644859790802,0,0,normal,0.98,keep,none
2024-06-16 16:40:00,0,,-0.20454821895812197,0,0.14602366089820862,0,0,normal,0.98,keep,none
2024-06-16 16:50:00,0,,-0.18896481107367302,0,0.1510089784860611,0,0,normal,0.98,keep,none
2024-06-16 17:00:00,0,,-0.19598901064102103,0,0.14993193745613098,0,0,normal,0.98,keep,none
2024-06-16 17:10:00,0,,-0.20365175686755616,0,0.14761686325073242,0,0,normal,0.98,keep,none
2024-06-16 17:20:00,0,,-0.20122519045399195,0,0.14638209342956543,0,0,normal,0.98,keep,none
2024-06-16 17:30:00,0,,-0.20132923658408503,0,0.14471881091594696,0,0,normal,0.98,keep,none
2024-06-16 17:40:00,0,,-0.2027129132619871,0,0.14353038370609283,0,0,normal,0.98,keep,none
2024-06-16 17:50:00,1,spurious,-0.15816139798473927,0,0.167555570602417,0,1,spurious,0.86,correct,rule
2024-06-16 18:00:00,0,,-0.18347695647828416,0,0.16944171488285065,0,0,normal,0.98,keep,none
2024-06-16 18:10:00,0,,-0.190707013687471,0,0.17280736565589905,0,0,normal,0.98,keep,none
2024-06-16 18:20:00,0,,-0.17704566089064727,0,0.19102394580841064,0,0,normal,0.98,keep,none
2024-06-16 18:30:00,0,,-0.17911866791175757,0,0.19199049472808838,0,0,normal,0.98,keep,none
2024-06-16 18:40:00,0,,-0.19228391353267038,0,0.1728297472000122,0,0,normal,0.98,keep,none
2024-06-16 18:50:00,0,,-0.19857491757090523,0,0.17386013269424438,0,0,normal,0.98,keep,none
2024-06-16 19:00:00,0,,-0.19830199181493646,0,0.17137020826339722,0,0,normal,0.98,keep,none
2024-06-16 19:10:00,0,,-0.20019508385295326,0,0.17073531448841095,0,0,normal,0.98,keep,none
2024-06-16 19:20:00,0,,-0.20276528390866816,0,0.162308469414711,0,0,normal,0.98,keep,none
2024-06-16 19:30:00,0,,-0.17475356175021323,0,0.16467736661434174,0,0,normal,0.98,keep,none
2024-06-16 19:40:00,0,,-0.1808243343201154,0,0.1819983422756195,0,0,normal,0.98,keep,none
2024-06-16 19:50:00,0,,-0.18005249522257777,0,0.1745440512895584,0,0,normal,0.98,keep,none
2024-06-16 20:00:00,0,,-0.1960898680443281,0,0.17181919515132904,0,0,normal,0.98,keep,none
2024-06-16 20:10:00,0,,-0.1881456791137736,0,0.16976477205753326,0,0,normal,0.98,keep,none
2024-06-16 20:20:00,0,,-0.20057796440996867,0,0.1621847301721573,0,0,normal,0.98,keep,none
2024-06-16 20:30:00,0,,-0.1995789042883579,0,0.15509556233882904,0,0,normal,0.98,keep,none
2024-06-16 20:40:00,0,,-0.19475889358444926,0,0.15529604256153107,0,0,normal,0.98,keep,none
2024-06-16 20:50:00,0,,-0.19384204254629928,0,0.1315533071756363,0,0,normal,0.98,keep,none
2024-06-16 21:00:00,0,,-0.19870332742488728,0,0.1275981068611145,0,0,normal,0.98,keep,none
2024-06-16 21:10:00,0,,-0.20040977111727798,0,0.12526290118694305,0,0,normal,0.98,keep,none
2024-06-16 21:20:00,0,,-0.19361251520961864,0,0.11135666072368622,0,0,normal,0.98,keep,none
2024-06-16 21:30:00,0,,-0.1979683715001292,0,0.10089389234781265,0,0,normal,0.98,keep,none
2024-06-16 21:40:00,0,,-0.18647827580628668,0,0.10359116643667221,0,0,normal,0.98,keep,none
2024-06-16 21:50:00,0,,-0.19550201495955827,0,0.10528335720300674,0,0,normal,0.98,keep,none
2024-06-16 22:00:00,0,,-0.19562610372251132,0,0.1078699380159378,0,0,normal,0.98,keep,none
2024-06-16 22:10:00,0,,-0.1987341074159933,0,0.1098887100815773,0,0,normal,0.98,keep,none
2024-06-16 22:20:00,0,,-0.18383503076160534,0,0.11546434462070465,0,0,normal,0.98,keep,none
2024-06-16 22:30:00,0,,-0.19543944865819352,0,0.10311991721391678,0,0,normal,0.98,keep,none
2024-06-16 22:40:00,0,,-0.19937061340955786,0,0.08971915394067764,0,0,normal,0.98,keep,none
2024-06-16 22:50:00,0,,-0.18571722044823297,0,0.08937054127454758,0,0,normal,0.98,keep,none
2024-06-16 23:00:00,0,,-0.19930566330916877,0,0.08893521875143051,0,0,normal,0.98,keep,none
2024-06-16 23:10:00,0,,-0.19441906284080313,0,0.08746042847633362,0,0,normal,0.98,keep,none
2024-06-16 23:20:00,0,,-0.195677636512482,0,0.08864212781190872,0,0,normal,0.98,keep,none
2024-06-16 23:30:00,0,,-0.19989883598670805,0,0.08695241063833237,0,0,normal,0.98,keep,none
2024-06-16 23:40:00,1,negative,-0.1251695860987302,0,0.11146754771471024,0,1,negative,0.86,correct,rule
2024-06-16 23:50:00,0,,-0.1640426785648102,0,0.1105075404047966,0,0,normal,0.98,keep,none
2024-06-17 00:00:00,0,,-0.18270720419088615,0,0.10809533298015594,0,0,normal,0.98,keep,none
2024-06-17 00:10:00,0,,-0.1942713368851517,0,0.10727696120738983,0,0,normal,0.98,keep,none
2024-06-17 00:20:00,0,,-0.18440221311745075,0,0.10774827003479004,0,0,normal,0.98,keep,none
2024-06-17 00:30:00,0,,-0.18564075899951443,0,0.11166048049926758,0,0,normal,0.98,keep,none
2024-06-17 00:40:00,0,,-0.1925802407165369,0,0.11315727233886719,0,0,normal,0.98,keep,none
2024-06-17 00:50:00,0,,-0.19415579339433353,0,0.11593802273273468,0,0,normal,0.98,keep,none
2024-06-17 01:00:00,0,,-0.19697890045811922,0,0.12694336473941803,0,0,normal,0.98,keep,none
2024-06-17 01:10:00,0,,-0.19571857058231257,0,0.1333647072315216,0,0,normal,0.98,keep,none
2024-06-17 01:20:00,0,,-0.2015321541229506,0,0.12806397676467896,0,0,normal,0.98,keep,none
2024-06-17 01:30:00,0,,-0.1890551811471084,0,0.13191604614257812,0,0,normal,0.98,keep,none
2024-06-17 01:40:00,0,,-0.1937659418351318,0,0.139129176735878,0,0,normal,0.98,keep,none
2024-06-17 01:50:00,0,,-0.19585317505067085,0,0.13571646809577942,0,0,normal,0.98,keep,none
2024-06-17 02:00:00,0,,-0.20002892961287644,0,0.1376301795244217,0,0,normal,0.98,keep,none
2024-06-17 02:10:00,0,,-0.20143177626864756,0,0.13649746775627136,0,0,normal,0.98,keep,none
2024-06-17 02:20:00,0,,-0.19607407149657285,0,0.13741199672222137,0,0,normal,0.98,keep,none
2024-06-17 02:30:00,0,,-0.19914056118837847,0,0.1413324624300003,0,0,normal,0.98,keep,none
2024-06-17 02:40:00,0,,-0.2013426756790887,0,0.11680372059345245,0,0,normal,0.98,keep,none
2024-06-17 02:50:00,0,,-0.1908329160549097,0,0.13081926107406616,0,0,normal,0.98,keep,none
2024-06-17 03:00:00,1,spike,0.06601823002279883,1,0.5309863686561584,0,1,spike,0.95,correct,hybrid
2024-06-17 03:10:00,0,,0.0034739961053610324,1,0.620141863822937,0,1,ml_suspicious,0.62,manual_review,isolation_forest
2024-06-17 03:20:00,0,,-0.006663252972399669,0,0.6742613315582275,0,0,normal,0.98,keep,none
2024-06-17 03:30:00,0,,-0.042313430890995374,0,0.6766932606697083,0,0,normal,0.98,keep,none
2024-06-17 03:40:00,0,,-0.04716817395667072,0,0.6985025405883789,0,0,normal,0.98,keep,none
2024-06-17 03:50:00,0,,-0.05431094525665947,0,0.7185710072517395,0,0,normal,0.98,keep,none
2024-06-17 04:00:00,0,,-0.19201652785165524,0,0.5868337154388428,0,0,normal,0.98,keep,none
2024-06-17 04:10:00,0,,-0.18073261177413985,0,0.5429579615592957,0,0,normal,0.98,keep,none
2024-06-17 04:20:00,0,,-0.19256315539318442,0,0.5195223093032837,0,0,normal,0.98,keep,none
2024-06-17 04:30:00,0,,-0.18746808360707945,0,0.5007680058479309,0,0,normal,0.98,keep,none
2024-06-17 04:40:00,0,,-0.18652070705992985,0,0.4922600984573364,0,0,normal,0.98,keep,none
2024-06-17 04:50:00,0,,-0.18663484048442885,0,0.4891083538532257,0,0,normal,0.98,keep,none
2024-06-17 05:00:00,0,,-0.19125241560526418,0,0.4827027916908264,0,0,normal,0.98,keep,none
2024-06-17 05:10:00,0,,-0.19645193569671682,0,0.4803708493709564,0,0,normal,0.98,keep,none
2024-06-17 05:20:00,0,,-0.17908158748800862,0,0.4841443598270416,0,0,normal,0.98,keep,none
2024-06-17 05:30:00,0,,-0.1697939799306305,0,0.4935203194618225,0,0,normal,0.98,keep,none
2024-06-17 05:40:00,0,,-0.16156259532274203,0,0.5105279684066772,0,0,normal,0.98,keep,none
2024-06-17 05:50:00,0,,-0.19052395698503205,0,0.49346843361854553,0,0,normal,0.98,keep,none
2024-06-17 06:00:00,0,,-0.2081667239291768,0,0.3352976143360138,0,0,normal,0.98,keep,none
2024-06-17 06:10:00,0,,-0.20802670504446807,0,0.2645091116428375,0,0,normal,0.98,keep,none
2024-06-17 06:20:00,0,,-0.2070151518859375,0,0.22086791694164276,0,0,normal,0.98,keep,none
2024-06-17 06:30:00,0,,-0.2013800426071385,0,0.1907210350036621,0,0,normal,0.98,keep,none
2024-06-17 06:40:00,0,,-0.2055155522446882,0,0.1663694530725479,0,0,normal,0.98,keep,none
2024-06-17 06:50:00,0,,-0.20545189020479,0,0.14331914484500885,0,0,normal,0.98,keep,none
2024-06-17 07:00:00,0,,-0.20540139224448262,0,0.14065644145011902,0,0,normal,0.98,keep,none
2024-06-17 07:10:00,0,,-0.20726353998304042,0,0.13556629419326782,0,0,normal,0.98,keep,none
2024-06-17 07:20:00,0,,-0.20714373991998336,0,0.13021039962768555,0,0,normal,0.98,keep,none
2024-06-17 07:30:00,0,,-0.20780131047260608,0,0.12603913247585297,0,0,normal,0.98,keep,none
2024-06-17 07:40:00,0,,-0.19989522355479633,0,0.12851575016975403,0,0,normal,0.98,keep,none
2024-06-17 07:50:00,0,,-0.20235281655831883,0,0.12395597994327545,0,0,normal,0.98,keep,none
2024-06-17 08:00:00,0,,-0.20458007915593251,0,0.12106204032897949,0,0,normal,0.98,keep,none
2024-06-17 08:10:00,0,,-0.20460479671484816,0,0.12075874954462051,0,0,normal,0.98,keep,none
2024-06-17 08:20:00,0,,-0.1766111672925182,0,0.12312266230583191,0,0,normal,0.98,keep,none
2024-06-17 08:30:00,0,,-0.20257390415619025,0,0.10397471487522125,0,0,normal,0.98,keep,none
2024-06-17 08:40:00,1,missing,-0.16889812919804748,0,0.12071173638105392,0,1,missing,0.86,correct,rule
2024-06-17 08:50:00,0,,-0.19624459536267902,0,0.12108904868364334,0,0,normal,0.98,keep,none
2024-06-17 09:00:00,0,,-0.20746993981840978,0,0.12203893810510635,0,0,normal,0.98,keep,none
2024-06-17 09:10:00,0,,-0.18089160744409988,0,0.14557769894599915,0,0,normal,0.98,keep,none
2024-06-17 09:20:00,0,,-0.19999299061143316,0,0.1516469568014145,0,0,normal,0.98,keep,none
2024-06-17 09:30:00,0,,-0.20762242837822398,0,0.15305545926094055,0,0,normal,0.98,keep,none
2024-06-17 09:40:00,0,,-0.20631306535596167,0,0.15239572525024414,0,0,normal,0.98,keep,none
2024-06-17 09:50:00,0,,-0.206129739496904,0,0.15471377968788147,0,0,normal,0.98,keep,none
2024-06-17 10:00:00,0,,-0.1998380097834782,0,0.15531374514102936,0,0,normal,0.98,keep,none
2024-06-17 10:10:00,0,,-0.19337253599166815,0,0.16713520884513855,0,0,normal,0.98,keep,none
2024-06-17 10:20:00,0,,-0.20256871207119403,0,0.16961415112018585,0,0,normal,0.98,keep,none
2024-06-17 10:30:00,0,,-0.2058163884282011,0,0.17315371334552765,0,0,normal,0.98,keep,none
2024-06-17 10:40:00,0,,-0.19805048978129358,0,0.17137779295444489,0,0,normal,0.98,keep,none
2024-06-17 10:50:00,0,,-0.1667023065155393,0,0.1910223364830017,0,0,normal,0.98,keep,none
2024-06-17 11:00:00,0,,-0.1893374763637926,0,0.1976875215768814,0,0,normal,0.98,keep,none
2024-06-17 11:10:00,0,,-0.1946911464444066,0,0.20309188961982727,0,0,normal,0.98,keep,none
2024-06-17 11:20:00,0,,-0.20423227079514716,0,0.19337385892868042,0,0,normal,0.98,keep,none
2024-06-17 11:30:00,0,,-0.19917301232846357,0,0.19565416872501373,0,0,normal,0.98,keep,none
2024-06-17 11:40:00,0,,-0.19747372856447742,0,0.1752644032239914,0,0,normal,0.98,keep,none
2024-06-17 11:50:00,1,spike,0.16419655406898914,1,2.8842737674713135,1,1,spike,0.95,correct,hybrid
2024-06-17 12:00:00,0,,0.09527050647728719,1,4.3394083976745605,1,1,ml_suspicious,0.62,manual_review,hybrid
2024-06-17 12:10:00,0,,0.08382693584252221,1,5.142772197723389,1,1,ml_suspicious,0.62,manual_review,hybrid
2024-06-17 12:20:00,0,,0.04035556194063039,1,5.698416233062744,1,1,ml_suspicious,0.62,manual_review,hybrid
2024-06-17 12:30:00,0,,0.047935150846520225,1,6.253992557525635,1,1,ml_suspicious,0.62,manual_review,hybrid
2024-06-17 12:40:00,0,,0.054511681324142414,1,6.81132173538208,1,1,ml_suspicious,0.62,manual_review,hybrid
2024-06-17 12:50:00,0,,-0.1268187972924359,0,6.706131458282471,1,1,ml_suspicious,0.62,manual_review,lstm_ae
2024-06-17 13:00:00,0,,-0.12998172227367377,0,6.668359756469727,1,1,ml_suspicious,0.62,manual_review,lstm_ae
2024-06-17 13:10:00,0,,-0.14180455545660803,0,6.682343482971191,1,1,ml_suspicious,0.62,manual_review,lstm_ae
2024-06-17 13:20:00,0,,-0.14662633933955027,0,6.725872993469238,1,1,ml_suspicious,0.62,manual_review,lstm_ae
2024-06-17 13:30:00,0,,-0.14507014616580816,0,6.789589881896973,1,1,ml_suspicious,0.62,manual_review,lstm_ae
2024-06-17 13:40:00,0,,-0.13641926331985904,0,6.82738733291626,1,1,ml_suspicious,0.62,manual_review,lstm_ae
2024-06-17 13:50:00,0,,-0.14720990534387846,0,6.869117259979248,1,1,ml_suspicious,0.62,manual_review,lstm_ae
2024-06-17 14:00:00,0,,-0.13962359153666165,0,6.909173965454102,1,1,ml_suspicious,0.62,manual_review,lstm_ae
2024-06-17 14:10:00,1,missing,-0.1157812510646612,0,6.977532386779785,1,1,missing,0.95,correct,hybrid
2024-06-17 14:20:00,0,,-0.13543420006374396,0,7.030054092407227,1,1,ml_suspicious,0.62,manual_review,lstm_ae
2024-06-17 14:30:00,0,,-0.14774066125257157,0,7.071994781494141,1,1,ml_suspicious,0.62,manual_review,lstm_ae
2024-06-17 14:40:00,0,,-0.13833163159160233,0,7.107115745544434,1,1,ml_suspicious,0.62,manual_review,lstm_ae
2024-06-17 14:50:00,0,,-0.19797337989098007,0,4.667465686798096,1,1,ml_suspicious,0.62,manual_review,lstm_ae
2024-06-17 15:00:00,0,,-0.20238905423115,0,3.268181085586548,1,1,ml_suspicious,0.62,manual_review,lstm_ae
2024-06-17 15:10:00,0,,-0.20056561817231372,0,2.3857715129852295,0,0,normal,0.98,keep,none
2024-06-17 15:20:00,0,,-0.19540600015708426,0,1.8427754640579224,0,0,normal,0.98,keep,none
2024-06-17 15:30:00,0,,-0.19245539870946443,0,1.3063665628433228,0,0,normal,0.98,keep,none
2024-06-17 15:40:00,0,,-0.19164362511950767,0,0.769976794719696,0,0,normal,0.98,keep,none
2024-06-17 15:50:00,0,,-0.18648086549110082,0,0.715791642665863,0,0,normal,0.98,keep,none
2024-06-17 16:00:00,1,spurious,-0.1432162845675713,0,0.6881205439567566,0,1,spurious,0.86,correct,rule
2024-06-17 16:10:00,0,,-0.1762192405980751,0,0.6363765001296997,0,0,normal,0.98,keep,none
2024-06-17 16:20:00,0,,-0.18115040640121682,0,0.5876476168632507,0,0,normal,0.98,keep,none
2024-06-17 16:30:00,0,,-0.17108146323134182,0,0.543133556842804,0,0,normal,0.98,keep,none
2024-06-17 16:40:00,0,,-0.1841148704899096,0,0.4928858280181885,0,0,normal,0.98,keep,none
2024-06-17 16:50:00,0,,-0.1871829620358023,0,0.440915048122406,0,0,normal,0.98,keep,none
2024-06-17 17:00:00,0,,-0.17804713111635295,0,0.40087825059890747,0,0,normal,0.98,keep,none
2024-06-17 17:10:00,0,,-0.19716518976763692,0,0.3301374018192291,0,0,normal,0.98,keep,none
2024-06-17 17:20:00,0,,-0.19014036020583697,0,0.28125038743019104,0,0,normal,0.98,keep,none
2024-06-17 17:30:00,1,missing,-0.1432140431050964,0,0.2618436813354492,0,1,missing,0.86,correct,rule
2024-06-17 17:40:00,0,,-0.19750734697659117,0,0.21190761029720306,0,0,normal,0.98,keep,none
2024-06-17 17:50:00,0,,-0.19516429339253605,0,0.21277795732021332,0,0,normal,0.98,keep,none
2024-06-17 18:00:00,0,,-0.19525107428431132,0,0.21657952666282654,0,0,normal,0.98,keep,none
2024-06-17 18:10:00,0,,-0.19321341066734765,0,0.2165192812681198,0,0,normal,0.98,keep,none
2024-06-17 18:20:00,0,,-0.19206852875790797,0,0.2182684987783432,0,0,normal,0.98,keep,none
2024-06-17 18:30:00,0,,-0.19592711600274998,0,0.2160879671573639,0,0,normal,0.98,keep,none
2024-06-17 18:40:00,0,,-0.19018945300076923,0,0.20601344108581543,0,0,normal,0.98,keep,none
2024-06-17 18:50:00,0,,-0.12338128699153972,0,0.23832057416439056,0,0,normal,0.98,keep,none
2024-06-17 19:00:00,0,,-0.13311679956191685,0,0.24313984811306,0,0,normal,0.98,keep,none
2024-06-17 19:10:00,0,,-0.08850383920710375,0,0.2817496359348297,0,0,normal,0.98,keep,none
2024-06-17 19:20:00,0,,-0.0637038701566488,0,0.3429912328720093,0,0,normal,0.98,keep,none
2024-06-17 19:30:00,0,,-0.1032893444542457,0,0.3753794729709625,0,0,normal,0.98,keep,none
2024-06-17 19:40:00,0,,-0.0802649020877837,0,0.43309032917022705,0,0,normal,0.98,keep,none
2024-06-17 19:50:00,0,,-0.09478577520666681,0,0.47675883769989014,0,0,normal,0.98,keep,none
2024-06-17 20:00:00,0,,-0.09982894070155351,0,0.49751049280166626,0,0,normal,0.98,keep,none
2024-06-17 20:10:00,0,,-0.09985522145011416,0,0.5404312610626221,0,0,normal,0.98,keep,none
2024-06-17 20:20:00,0,,-0.12875507692390936,0,0.5429031848907471,0,0,normal,0.98,keep,none
2024-06-17 20:30:00,0,,-0.13369114784851754,0,0.5421062707901001,0,0,normal,0.98,keep,none
2024-06-17 20:40:00,0,,-0.13158025595615924,0,0.5974956154823303,0,0,normal,0.98,keep,none
2024-06-17 20:50:00,0,,-0.15739642555844452,0,0.6126161217689514,0,0,normal,0.98,keep,none
2024-06-17 21:00:00,0,,-0.13392812574733948,0,0.6667131185531616,0,0,normal,0.98,keep,none
2024-06-17 21:10:00,0,,-0.1691340174453666,0,0.6938915848731995,0,0,normal,0.98,keep,none
2024-06-17 21:20:00,0,,-0.17765677849226041,0,0.7147079706192017,0,0,normal,0.98,keep,none
2024-06-17 21:30:00,0,,-0.18627352136995484,0,0.737606406211853,0,0,normal,0.98,keep,none
2024-06-17 21:40:00,0,,-0.17178614273784942,0,0.7543417811393738,0,0,normal,0.98,keep,none
2024-06-17 21:50:00,0,,-0.17072712205639756,0,0.7350224256515503,0,0,normal,0.98,keep,none
2024-06-17 22:00:00,0,,-0.1781219970812461,0,0.734809935092926,0,0,normal,0.98,keep,none
2024-06-17 22:10:00,0,,-0.18618955947894367,0,0.6963521838188171,0,0,normal,0.98,keep,none
2024-06-17 22:20:00,0,,-0.18719327795148277,0,0.6217997074127197,0,0,normal,0.98,keep,none
2024-06-17 22:30:00,0,,-0.16335762700756923,0,0.5503708720207214,0,0,normal,0.98,keep,none
2024-06-17 22:40:00,0,,-0.17773322862439855,0,0.45933547616004944,0,0,normal,0.98,keep,none
2024-06-17 22:50:00,0,,-0.180145871331385,0,0.3982384502887726,0,0,normal,0.98,keep,none
2024-06-17 23:00:00,0,,-0.18362966397193253,0,0.33285316824913025,0,0,normal,0.98,keep,none
2024-06-17 23:10:00,0,,-0.18886547034921297,0,0.26822930574417114,0,0,normal,0.98,keep,none
2024-06-17 23:20:00,0,,-0.18121919126847819,0,0.23445197939872742,0,0,normal,0.98,keep,none
2024-06-17 23:30:00,0,,-0.18791889413691487,0,0.20527611672878265,0,0,normal,0.98,keep,none
2024-06-17 23:40:00,0,,-0.1888857172236964,0,0.1503206193447113,0,0,normal,0.98,keep,none
2024-06-17 23:50:00,0,,-0.1864052918180779,0,0.13235312700271606,0,0,normal,0.98,keep,none
2024-06-18 00:00:00,0,,-0.18795518903539066,0,0.08262495696544647,0,0,normal,0.98,keep,none
2024-06-18 00:10:00,0,,-0.18492136541828735,0,0.07653789967298508,0,0,normal,0.98,keep,none
2024-06-18 00:20:00,0,,-0.17572078060613705,0,0.08152427524328232,0,0,normal,0.98,keep,none
2024-06-18 00:30:00,0,,-0.17781160245514727,0,0.08898463845252991,0,0,normal,0.98,keep,none
2024-06-18 00:40:00,0,,-0.17634210517480237,0,0.08493513613939285,0,0,normal,0.98,keep,none
2024-06-18 00:50:00,0,,-0.1872993221097054,0,0.07929135859012604,0,0,normal,0.98,keep,none
2024-06-18 01:00:00,0,,-0.18745202548438983,0,0.07636625319719315,0,0,normal,0.98,keep,none
2024-06-18 01:10:00,0,,-0.18535572138390943,0,0.0789206475019455,0,0,normal,0.98,keep,none
2024-06-18 01:20:00,0,,-0.16438672126063142,0,0.09430386871099472,0,0,normal,0.98,keep,none
2024-06-18 01:30:00,0,,-0.14803134362393344,0,0.10509470850229263,0,0,normal,0.98,keep,none
2024-06-18 01:40:00,0,,-0.17623102408224495,0,0.10080894082784653,0,0,normal,0.98,keep,none
2024-06-18 01:50:00,0,,-0.17545086299253781,0,0.10478069633245468,0,0,normal,0.98,keep,none
2024-06-18 02:00:00,0,,-0.16572017397951638,0,0.11400663107633591,0,0,normal,0.98,keep,none
2024-06-18 02:10:00,0,,-0.18590211280717933,0,0.11661595106124878,0,0,normal,0.98,keep,none
2024-06-18 02:20:00,0,,-0.19261913618607956,0,0.1124955490231514,0,0,normal,0.98,keep,none
2024-06-18 02:30:00,0,,-0.19366146103510506,0,0.11255510151386261,0,0,normal,0.98,keep,none
2024-06-18 02:40:00,0,,-0.19122793912023028,0,0.11284688115119934,0,0,normal,0.98,keep,none
2024-06-18 02:50:00,0,,-0.1966939993050395,0,0.11366116255521774,0,0,normal,0.98,keep,none
2024-06-18 03:00:00,0,,-0.1977155519464302,0,0.11193838715553284,0,0,normal,0.98,keep,none
2024-06-18 03:10:00,0,,-0.19492357190302995,0,0.11178221553564072,0,0,normal,0.98,keep,none
2024-06-18 03:20:00,0,,-0.19350550616920476,0,0.10608190298080444,0,0,normal,0.98,keep,none
2024-06-18 03:30:00,0,,-0.19280490257037602,0,0.10181500762701035,0,0,normal,0.98,keep,none
2024-06-18 03:40:00,0,,-0.17838071740817718,0,0.10437166690826416,0,0,normal,0.98,keep,none
2024-06-18 03:50:00,0,,-0.1900338553594823,0,0.10934507101774216,0,0,normal,0.98,keep,none
2024-06-18 04:00:00,0,,-0.19691179935468733,0,0.11020474135875702,0,0,normal,0.98,keep,none
2024-06-18 04:10:00,1,spurious,-0.14934675808933,0,0.15898436307907104,0,1,spurious,0.86,correct,rule
2024-06-18 04:20:00,0,,-0.1871310886497411,0,0.16086888313293457,0,0,normal,0.98,keep,none
2024-06-18 04:30:00,0,,-0.19642944529662176,0,0.15803994238376617,0,0,normal,0.98,keep,none
2024-06-18 04:40:00,0,,-0.19419062381142171,0,0.16518869996070862,0,0,normal,0.98,keep,none
2024-06-18 04:50:00,0,,-0.19874625406088864,0,0.16314652562141418,0,0,normal,0.98,keep,none
2024-06-18 05:00:00,0,,-0.19004833103336116,0,0.1665349155664444,0,0,normal,0.98,keep,none
2024-06-18 05:10:00,1,spurious,-0.14296378663248932,0,0.21922294795513153,0,1,spurious,0.86,correct,rule
2024-06-18 05:20:00,0,,-0.17044339035410172,0,0.20219196379184723,0,0,normal,0.98,keep,none
2024-06-18 05:30:00,0,,-0.18638166221309127,0,0.19503404200077057,0,0,normal,0.98,keep,none
2024-06-18 05:40:00,0,,-0.19081369502483947,0,0.19305862486362457,0,0,normal,0.98,keep,none
2024-06-18 05:50:00,0,,-0.16827720294705512,0,0.20259548723697662,0,0,normal,0.98,keep,none
2024-06-18 06:00:00,0,,-0.17881502918850695,0,0.21488672494888306,0,0,normal,0.98,keep,none
2024-06-18 06:10:00,0,,-0.2005204105728592,0,0.2152974009513855,0,0,normal,0.98,keep,none
2024-06-18 06:20:00,0,,-0.19992983546544807,0,0.2136470377445221,0,0,normal,0.98,keep,none
2024-06-18 06:30:00,0,,-0.1985492659650273,0,0.21234147250652313,0,0,normal,0.98,keep,none
2024-06-18 06:40:00,0,,-0.19320487222753185,0,0.20890551805496216,0,0,normal,0.98,keep,none
2024-06-18 06:50:00,0,,-0.1872808252549087,0,0.2069372832775116,0,0,normal,0.98,keep,none
2024-06-18 07:00:00,0,,-0.18902321580034664,0,0.2123270034790039,0,0,normal,0.98,keep,none
2024-06-18 07:10:00,0,,-0.19076980534272076,0,0.18589064478874207,0,0,normal,0.98,keep,none
2024-06-18 07:20:00,0,,-0.19650335374165911,0,0.17740599811077118,0,0,normal,0.98,keep,none
2024-06-18 07:30:00,0,,-0.19994987805021613,0,0.16624537110328674,0,0,normal,0.98,keep,none
2024-06-18 07:40:00,0,,-0.18422660220145465,0,0.16040942072868347,0,0,normal,0.98,keep,none
2024-06-18 07:50:00,0,,-0.19426859060195123,0,0.15257012844085693,0,0,normal,0.98,keep,none
2024-06-18 08:00:00,0,,-0.18132312554943614,0,0.15041890740394592,0,0,normal,0.98,keep,none
2024-06-18 08:10:00,0,,-0.2003448855901559,0,0.11509579420089722,0,0,normal,0.98,keep,none
2024-06-18 08:20:00,0,,-0.18893261453593624,0,0.12062148004770279,0,0,normal,0.98,keep,none
2024-06-18 08:30:00,0,,-0.190389495587171,0,0.12731274962425232,0,0,normal,0.98,keep,none
2024-06-18 08:40:00,0,,-0.19973143398352805,0,0.12636922299861908,0,0,normal,0.98,keep,none
2024-06-18 08:50:00,0,,-0.19989131842854901,0,0.11369101703166962,0,0,normal,0.98,keep,none
2024-06-18 09:00:00,0,,-0.1976690947023093,0,0.10831359028816223,0,0,normal,0.98,keep,none
2024-06-18 09:10:00,0,,-0.19536980699123419,0,0.11108775436878204,0,0,normal,0.98,keep,none
2024-06-18 09:20:00,0,,-0.18974043223909498,0,0.11947919428348541,0,0,normal,0.98,keep,none
2024-06-18 09:30:00,0,,-0.18625167829276645,0,0.12311724573373795,0,0,normal,0.98,keep,none
2024-06-18 09:40:00,0,,-0.17121201009973291,0,0.1349031925201416,0,0,normal,0.98,keep,none
2024-06-18 09:50:00,0,,-0.1619956853356796,0,0.15484224259853363,0,0,normal,0.98,keep,none
2024-06-18 10:00:00,0,,-0.1965234764593653,0,0.1443232297897339,0,0,normal,0.98,keep,none
2024-06-18 10:10:00,0,,-0.19631859199928714,0,0.14065691828727722,0,0,normal,0.98,keep,none
2024-06-18 10:20:00,0,,-0.18854382772636774,0,0.14175984263420105,0,0,normal,0.98,keep,none
2024-06-18 10:30:00,0,,-0.1867187293583153,0,0.15225587785243988,0,0,normal,0.98,keep,none
2024-06-18 10:40:00,0,,-0.19865360714917352,0,0.1456485092639923,0,0,normal,0.98,keep,none
2024-06-18 10:50:00,0,,-0.19505419419586295,0,0.14381730556488037,0,0,normal,0.98,keep,none
2024-06-18 11:00:00,0,,-0.19725682713097958,0,0.13699661195278168,0,0,normal,0.98,keep,none
2024-06-18 11:10:00,0,,-0.20191029042358805,0,0.13775534927845,0,0,normal,0.98,keep,none
2024-06-18 11:20:00,0,,-0.19589878680147088,0,0.12836626172065735,0,0,normal,0.98,keep,none
2024-06-18 11:30:00,0,,-0.20087617733711371,0,0.1258144974708557,0,0,normal,0.98,keep,none
2024-06-18 11:40:00,0,,-0.20036110074915148,0,0.12622900307178497,0,0,normal,0.98,keep,none
2024-06-18 11:50:00,1,missing,-0.1588175343664172,0,0.17180021107196808,0,1,missing,0.86,correct,rule
2024-06-18 12:00:00,0,,-0.17958226082573586,0,0.17129658162593842,0,0,normal,0.98,keep,none
2024-06-18 12:10:00,0,,-0.16429006571409377,0,0.1858532726764679,0,0,normal,0.98,keep,none
2024-06-18 12:20:00,0,,-0.17577943214120534,0,0.18750858306884766,0,0,normal,0.98,keep,none
2024-06-18 12:30:00,0,,-0.16181411937156404,0,0.20146048069000244,0,0,normal,0.98,keep,none
2024-06-18 12:40:00,0,,-0.16536767130281538,0,0.20055817067623138,0,0,normal,0.98,keep,none
2024-06-18 12:50:00,0,,-0.18943571607725473,0,0.1765638291835785,0,0,normal,0.98,keep,none
2024-06-18 13:00:00,0,,-0.18680154972540386,0,0.17691582441329956,0,0,normal,0.98,keep,none
2024-06-18 13:10:00,0,,-0.17984307576281383,0,0.18005424737930298,0,0,normal,0.98,keep,none
2024-06-18 13:20:00,0,,-0.1736517039747451,0,0.17864544689655304,0,0,normal,0.98,keep,none
2024-06-18 13:30:00,0,,-0.1737202071681752,0,0.17952744662761688,0,0,normal,0.98,keep,none
2024-06-18 13:40:00,0,,-0.16250394485503378,0,0.1988595724105835,0,0,normal,0.98,keep,none
2024-06-18 13:50:00,0,,-0.15881146841957594,0,0.20691384375095367,0,0,normal,0.98,keep,none
2024-06-18 14:00:00,0,,-0.17496263423790548,0,0.21259547770023346,0,0,normal,0.98,keep,none
2024-06-18 14:10:00,0,,-0.18072526875801864,0,0.21747978031635284,0,0,normal,0.98,keep,none
2024-06-18 14:20:00,0,,-0.17642460969278895,0,0.2159593552350998,0,0,normal,0.98,keep,none
2024-06-18 14:30:00,0,,-0.1806161209437378,0,0.21822068095207214,0,0,normal,0.98,keep,none
2024-06-18 14:40:00,0,,-0.17780534780989599,0,0.2170320749282837,0,0,normal,0.98,keep,none
2024-06-18 14:50:00,0,,-0.17077254616071802,0,0.1818755567073822,0,0,normal,0.98,keep,none
2024-06-18 15:00:00,0,,-0.16273961844524104,0,0.18601681292057037,0,0,normal,0.98,keep,none
2024-06-18 15:10:00,0,,-0.1736218373336218,0,0.16922546923160553,0,0,normal,0.98,keep,none
2024-06-18 15:20:00,0,,-0.18094959948489947,0,0.1664794683456421,0,0,normal,0.98,keep,none
2024-06-18 15:30:00,0,,-0.174776199144065,0,0.15780594944953918,0,0,normal,0.98,keep,none
2024-06-18 15:40:00,0,,-0.17794084750504463,0,0.13462015986442566,0,0,normal,0.98,keep,none
2024-06-18 15:50:00,0,,-0.17951312447790668,0,0.13361163437366486,0,0,normal,0.98,keep,none
2024-06-18 16:00:00,0,,-0.17773715200038315,0,0.1376740038394928,0,0,normal,0.98,keep,none
2024-06-18 16:10:00,0,,-0.1667311471809924,0,0.1422726958990097,0,0,normal,0.98,keep,none
2024-06-18 16:20:00,0,,-0.1826848368932953,0,0.13668054342269897,0,0,normal,0.98,keep,none
2024-06-18 16:30:00,0,,-0.1838383966544978,0,0.13100607693195343,0,0,normal,0.98,keep,none
2024-06-18 16:40:00,0,,-0.18386370421484804,0,0.11844686418771744,0,0,normal,0.98,keep,none
2024-06-18 16:50:00,0,,-0.17881059232482066,0,0.10771695524454117,0,0,normal,0.98,keep,none
2024-06-18 17:00:00,0,,-0.17306409523586969,0,0.10905052721500397,0,0,normal,0.98,keep,none
2024-06-18 17:10:00,0,,-0.17401444280401163,0,0.11298468708992004,0,0,normal,0.98,keep,none
2024-06-18 17:20:00,0,,-0.16864541547542966,0,0.1173555850982666,0,0,normal,0.98,keep,none
2024-06-18 17:30:00,0,,-0.16335849045078898,0,0.1317262202501297,0,0,normal,0.98,keep,none
2024-06-18 17:40:00,0,,-0.18067981799756327,0,0.1296926736831665,0,0,normal,0.98,keep,none
2024-06-18 17:50:00,0,,-0.16529920570446688,0,0.13430747389793396,0,0,normal,0.98,keep,none
2024-06-18 18:00:00,0,,-0.1611272023611936,0,0.12934496998786926,0,0,normal,0.98,keep,none
2024-06-18 18:10:00,0,,-0.17524125732667778,0,0.14020174741744995,0,0,normal,0.98,keep,none
2024-06-18 18:20:00,0,,-0.17762487749033945,0,0.14876480400562286,0,0,normal,0.98,keep,none
2024-06-18 18:30:00,0,,-0.16456650112852966,0,0.14906463027000427,0,0,normal,0.98,keep,none
2024-06-18 18:40:00,0,,-0.17918705098289844,0,0.1504051387310028,0,0,normal,0.98,keep,none
2024-06-18 18:50:00,0,,-0.17806562431417522,0,0.1505582481622696,0,0,normal,0.98,keep,none
2024-06-18 19:00:00,0,,-0.17896239872941172,0,0.14806276559829712,0,0,normal,0.98,keep,none
2024-06-18 19:10:00,0,,-0.18163727071465774,0,0.13702571392059326,0,0,normal,0.98,keep,none
2024-06-18 19:20:00,0,,-0.1768269417221634,0,0.13791771233081818,0,0,normal,0.98,keep,none
2024-06-18 19:30:00,0,,-0.17923888790393777,0,0.14189527928829193,0,0,normal,0.98,keep,none
2024-06-18 19:40:00,0,,-0.17581274716418488,0,0.14433202147483826,0,0,normal,0.98,keep,none
2024-06-18 19:50:00,0,,-0.18260229284278967,0,0.13697484135627747,0,0,normal,0.98,keep,none
2024-06-18 20:00:00,0,,-0.1758499484435488,0,0.13770145177841187,0,0,normal,0.98,keep,none
2024-06-18 20:10:00,0,,-0.14688310907122576,0,0.15441840887069702,0,0,normal,0.98,keep,none
2024-06-18 20:20:00,0,,-0.1802837270657553,0,0.14292484521865845,0,0,normal,0.98,keep,none
2024-06-18 20:30:00,0,,-0.16720696265922447,0,0.1309477835893631,0,0,normal,0.98,keep,none
2024-06-18 20:40:00,0,,-0.17577643577778368,0,0.13023477792739868,0,0,normal,0.98,keep,none
2024-06-18 20:50:00,0,,-0.17794918083868727,0,0.13134802877902985,0,0,normal,0.98,keep,none
2024-06-18 21:00:00,0,,-0.1616483586474864,0,0.12045050412416458,0,0,normal,0.98,keep,none
2024-06-18 21:10:00,0,,-0.17780444874748363,0,0.11647550761699677,0,0,normal,0.98,keep,none
2024-06-18 21:20:00,0,,-0.16766908326978502,0,0.12633667886257172,0,0,normal,0.98,keep,none
2024-06-18 21:30:00,0,,-0.1327479525518201,0,0.12327516824007034,0,0,normal,0.98,keep,none
2024-06-18 21:40:00,0,,-0.16887623330053675,0,0.12594345211982727,0,0,normal,0.98,keep,none
2024-06-18 21:50:00,0,,-0.13343113511135535,0,0.17237262427806854,0,0,normal,0.98,keep,none
2024-06-18 22:00:00,0,,-0.12395288972653351,0,0.22001171112060547,0,0,normal,0.98,keep,none
2024-06-18 22:10:00,0,,-0.11348659060128391,0,0.26842111349105835,0,0,normal,0.98,keep,none
2024-06-18 22:20:00,0,,-0.092446227384551,0,0.32301077246665955,0,0,normal,0.98,keep,none
2024-06-18 22:30:00,0,,-0.11234226478365772,0,0.37634119391441345,0,0,normal,0.98,keep,none
2024-06-18 22:40:00,0,,-0.10199081502627177,0,0.41565731167793274,0,0,normal,0.98,keep,none
2024-06-18 22:50:00,0,,-0.09041626867450625,0,0.46057724952697754,0,0,normal,0.98,keep,none
2024-06-18 23:00:00,0,,-0.06049059452409744,0,0.5230114459991455,0,0,normal,0.98,keep,none
2024-06-18 23:10:00,0,,-0.06933756377346101,0,0.5508681535720825,0,0,normal,0.98,keep,none
2024-06-18 23:20:00,0,,-0.06408004513381838,0,0.5802475810050964,0,0,normal,0.98,keep,none
2024-06-18 23:30:00,0,,-0.067855837645313,0,0.5587643384933472,0,0,normal,0.98,keep,none
2024-06-18 23:40:00,0,,-0.058129777357912915,0,0.5319980978965759,0,0,normal,0.98,keep,none
2024-06-18 23:50:00,0,,-0.056462035057154525,0,0.5152298212051392,0,0,normal,0.98,keep,none
2024-06-19 00:00:00,0,,-0.019282911880703968,0,0.5177724361419678,0,0,normal,0.98,keep,none
2024-06-19 00:10:00,0,,-0.012121112711230952,0,0.5138928890228271,0,0,normal,0.98,keep,none
2024-06-19 00:20:00,0,,-0.03334771573430295,0,0.5085069537162781,0,0,normal,0.98,keep,none
2024-06-19 00:30:00,0,,-0.05675324371324908,0,0.47596490383148193,0,0,normal,0.98,keep,none
2024-06-19 00:40:00,0,,-0.02080063994244885,0,0.4671286642551422,0,0,normal,0.98,keep,none
2024-06-19 00:50:00,0,,-0.04458397603876485,0,0.4561920464038849,0,0,normal,0.98,keep,none
2024-06-19 01:00:00,0,,-0.006153206086915386,0,0.4697681963443756,0,0,normal,0.98,keep,none
2024-06-19 01:10:00,0,,-0.056430927808091336,0,0.45148634910583496,0,0,normal,0.98,keep,none
2024-06-19 01:20:00,0,,-0.04488283174489893,0,0.43410804867744446,0,0,normal,0.98,keep,none
2024-06-19 01:30:00,0,,0.009875030147729613,1,0.45459312200546265,0,1,ml_suspicious,0.62,manual_review,isolation_forest
2024-06-19 01:40:00,0,,-0.026511014074761974,0,0.45743119716644287,0,0,normal,0.98,keep,none
2024-06-19 01:50:00,0,,-0.0385329485921726,0,0.4529460668563843,0,0,normal,0.98,keep,none
2024-06-19 02:00:00,0,,-0.027997437307642703,0,0.4366886615753174,0,0,normal,0.98,keep,none
2024-06-19 02:10:00,0,,-0.02007563680007396,0,0.43063420057296753,0,0,normal,0.98,keep,none
2024-06-19 02:20:00,0,,-0.031526524115212506,0,0.42027589678764343,0,0,normal,0.98,keep,none
2024-06-19 02:30:00,0,,-0.03178597015154627,0,0.43275073170661926,0,0,normal,0.98,keep,none
2024-06-19 02:40:00,0,,-0.024719995426578434,0,0.42248475551605225,0,0,normal,0.98,keep,none
2024-06-19 02:50:00,0,,-0.0073372329066067055,0,0.44703248143196106,0,0,normal,0.98,keep,none
2024-06-19 03:00:00,0,,-0.01852652826892509,0,0.41001054644584656,0,0,normal,0.98,keep,none
2024-06-19 03:10:00,0,,-0.022555886410455805,0,0.383583128452301,0,0,normal,0.98,keep,none
2024-06-19 03:20:00,0,,-0.0254887572850806,0,0.3609389662742615,0,0,normal,0.98,keep,none
2024-06-19 03:30:00,0,,-0.012544718154760659,0,0.3860336244106293,0,0,normal,0.98,keep,none
2024-06-19 03:40:00,0,,-0.01749818961608185,0,0.38838306069374084,0,0,normal,0.98,keep,none
2024-06-19 03:50:00,0,,-0.03684533656249844,0,0.39611366391181946,0,0,normal,0.98,keep,none
2024-06-19 04:00:00,0,,-0.04542038095962275,0,0.3569292724132538,0,0,normal,0.98,keep,none
2024-06-19 04:10:00,0,,-0.029808751186231386,0,0.37437376379966736,0,0,normal,0.98,keep,none
2024-06-19 04:20:00,0,,-0.03853600568728721,0,0.3919728696346283,0,0,normal,0.98,keep,none
2024-06-19 04:30:00,0,,-0.048325435634171354,0,0.3714280128479004,0,0,normal,0.98,keep,none
2024-06-19 04:40:00,0,,-0.049386918552074444,0,0.3750333786010742,0,0,normal,0.98,keep,none
2024-06-19 04:50:00,0,,-0.041325198547398134,0,0.40787848830223083,0,0,normal,0.98,keep,none
2024-06-19 05:00:00,0,,-0.03453753931053394,0,0.42125388979911804,0,0,normal,0.98,keep,none
2024-06-19 05:10:00,0,,-0.05032466548960424,0,0.42438599467277527,0,0,normal,0.98,keep,none
2024-06-19 05:20:00,0,,-0.047240930915428136,0,0.43798595666885376,0,0,normal,0.98,keep,none
2024-06-19 05:30:00,0,,-0.047779364374471944,0,0.45604532957077026,0,0,normal,0.98,keep,none
2024-06-19 05:40:00,0,,-0.05428534276472308,0,0.45904794335365295,0,0,normal,0.98,keep,none
2024-06-19 05:50:00,0,,-0.05737440601594379,0,0.4666982889175415,0,0,normal,0.98,keep,none
2024-06-19 06:00:00,0,,-0.0663387156450308,0,0.4765264093875885,0,0,normal,0.98,keep,none
2024-06-19 06:10:00,0,,-0.07617231136472358,0,0.48656776547431946,0,0,normal,0.98,keep,none
2024-06-19 06:20:00,0,,-0.09509049702650818,0,0.5013318061828613,0,0,normal,0.98,keep,none
2024-06-19 06:30:00,0,,-0.10704939795697466,0,0.5436468720436096,0,0,normal,0.98,keep,none
2024-06-19 06:40:00,0,,-0.12770457713694155,0,0.5553502440452576,0,0,normal,0.98,keep,none
2024-06-19 06:50:00,0,,-0.12810241355972374,0,0.5944167971611023,0,0,normal,0.98,keep,none
2024-06-19 07:00:00,0,,-0.13339764900890227,0,0.6284730434417725,0,0,normal,0.98,keep,none
2024-06-19 07:10:00,0,,-0.1393702181833853,0,0.6703976988792419,0,0,normal,0.98,keep,none
2024-06-19 07:20:00,0,,-0.1488491546829529,0,0.7015466094017029,0,0,normal,0.98,keep,none
2024-06-19 07:30:00,0,,-0.1431987416269287,0,0.7521197199821472,0,0,normal,0.98,keep,none
2024-06-19 07:40:00,0,,-0.12568449736289194,0,0.7917352318763733,0,0,normal,0.98,keep,none
2024-06-19 07:50:00,0,,-0.12819284532645447,0,0.8624253869056702,0,0,normal,0.98,keep,none
2024-06-19 08:00:00,0,,-0.1315373473443957,0,0.8919402956962585,0,0,normal,0.98,keep,none
2024-06-19 08:10:00,0,,-0.156326724219084,0,0.9119311571121216,0,0,normal,0.98,keep,none
2024-06-19 08:20:00,0,,-0.15509849448185936,0,0.9378145933151245,0,0,normal,0.98,keep,none
2024-06-19 08:30:00,0,,-0.14754106683421453,0,0.9482335448265076,0,0,normal,0.98,keep,none
2024-06-19 08:40:00,1,missing,-0.11886401339601799,0,0.9775131940841675,0,1,missing,0.86,correct,rule
2024-06-19 08:50:00,0,,-0.06015559852390173,0,1.0404534339904785,0,0,normal,0.98,keep,none
2024-06-19 09:00:00,0,,-0.07683317174639837,0,0.8268898725509644,0,0,normal,0.98,keep,none
2024-06-19 09:10:00,0,,-0.06292725394965792,0,0.960072934627533,0,0,normal,0.98,keep,none
2024-06-19 09:20:00,0,,-0.07144794065841198,0,0.9855793118476868,0,0,normal,0.98,keep,none
2024-06-19 09:30:00,0,,-0.06803041205818028,0,0.9255484342575073,0,0,normal,0.98,keep,none
2024-06-19 09:40:00,0,,-0.07562227125678789,0,0.9051836729049683,0,0,normal,0.98,keep,none
2024-06-19 09:50:00,0,,-0.06140899429570723,0,0.8830843567848206,0,0,normal,0.98,keep,none
2024-06-19 10:00:00,0,,-0.05646155762203264,0,0.8468700051307678,0,0,normal,0.98,keep,none
2024-06-19 10:10:00,0,,-0.06945407448212315,0,0.8047986030578613,0,0,normal,0.98,keep,none
2024-06-19 10:20:00,0,,-0.07652793013977827,0,0.7597914338111877,0,0,normal,0.98,keep,none
2024-06-19 10:30:00,0,,-0.07900230512510686,0,0.7163174152374268,0,0,normal,0.98,keep,none
2024-06-19 10:40:00,0,,-0.09208030315101784,0,0.6505299210548401,0,0,normal,0.98,keep,none
2024-06-19 10:50:00,0,,-0.08919022459734899,0,0.5676156282424927,0,0,normal,0.98,keep,none
2024-06-19 11:00:00,0,,-0.07976149488500889,0,0.5153647661209106,0,0,normal,0.98,keep,none
2024-06-19 11:10:00,0,,-0.08840361188547247,0,0.4759572744369507,0,0,normal,0.98,keep,none
2024-06-19 11:20:00,0,,-0.08977598366606998,0,0.4318065643310547,0,0,normal,0.98,keep,none
2024-06-19 11:30:00,0,,-0.08734160979776945,0,0.39393699169158936,0,0,normal,0.98,keep,none
2024-06-19 11:40:00,0,,-0.08308569924385129,0,0.3545590341091156,0,0,normal,0.98,keep,none
2024-06-19 11:50:00,0,,-0.07952160981545753,0,0.3413926661014557,0,0,normal,0.98,keep,none
2024-06-19 12:00:00,0,,-0.08516301562052397,0,0.33581891655921936,0,0,normal,0.98,keep,none
2024-06-19 12:10:00,0,,-0.09123776425674696,0,0.32701608538627625,0,0,normal,0.98,keep,none
2024-06-19 12:20:00,0,,-0.08926671923303808,0,0.3204371929168701,0,0,normal,0.98,keep,none
2024-06-19 12:30:00,0,,-0.09304070817627674,0,0.30495333671569824,0,0,normal,0.98,keep,none
2024-06-19 12:40:00,0,,-0.08753154553156317,0,0.3026903569698334,0,0,normal,0.98,keep,none
2024-06-19 12:50:00,0,,-0.09713372843693979,0,0.2877386808395386,0,0,normal,0.98,keep,none
2024-06-19 13:00:00,0,,-0.0993467987609517,0,0.28193339705467224,0,0,normal,0.98,keep,none
2024-06-19 13:10:00,0,,-0.08638526334422214,0,0.26586154103279114,0,0,normal,0.98,keep,none
2024-06-19 13:20:00,0,,-0.09942188783852624,0,0.2603785991668701,0,0,normal,0.98,keep,none
2024-06-19 13:30:00,0,,-0.09974736265668893,0,0.26199421286582947,0,0,normal,0.98,keep,none
2024-06-19 13:40:00,0,,-0.08394992661905859,0,0.26945802569389343,0,0,normal,0.98,keep,none
2024-06-19 13:50:00,0,,-0.07613680751164892,0,0.27979907393455505,0,0,normal,0.98,keep,none
2024-06-19 14:00:00,0,,-0.09649709554288932,0,0.2774201035499573,0,0,normal,0.98,keep,none
2024-06-19 14:10:00,0,,-0.07656745037440621,0,0.28212255239486694,0,0,normal,0.98,keep,none
2024-06-19 14:20:00,0,,-0.09354607512087254,0,0.2813875079154968,0,0,normal,0.98,keep,none
2024-06-19 14:30:00,0,,-0.09795296694543593,0,0.2796131372451782,0,0,normal,0.98,keep,none
2024-06-19 14:40:00,0,,-0.0966437971611751,0,0.27313998341560364,0,0,normal,0.98,keep,none
2024-06-19 14:50:00,0,,-0.08213752915923617,0,0.27939578890800476,0,0,normal,0.98,keep,none
2024-06-19 15:00:00,0,,-0.09764476550914114,0,0.2742709815502167,0,0,normal,0.98,keep,none
2024-06-19 15:10:00,0,,-0.10049433953386733,0,0.27014246582984924,0,0,normal,0.98,keep,none
2024-06-19 15:20:00,0,,-0.10121842503346457,0,0.26130232214927673,0,0,normal,0.98,keep,none
2024-06-19 15:30:00,0,,-0.1010370340713796,0,0.25933897495269775,0,0,normal,0.98,keep,none
2024-06-19 15:40:00,0,,-0.09880567183620714,0,0.2533719539642334,0,0,normal,0.98,keep,none
2024-06-19 15:50:00,0,,-0.11116869416234809,0,0.2443830668926239,0,0,normal,0.98,keep,none
2024-06-19 16:00:00,0,,-0.09026647872231802,0,0.2511175870895386,0,0,normal,0.98,keep,none
2024-06-19 16:10:00,0,,-0.10625952968481789,0,0.2467261552810669,0,0,normal,0.98,keep,none
2024-06-19 16:20:00,0,,-0.10342183675599748,0,0.2429007589817047,0,0,normal,0.98,keep,none
2024-06-19 16:30:00,0,,-0.10655343519884525,0,0.24207253754138947,0,0,normal,0.98,keep,none
2024-06-19 16:40:00,0,,-0.11176306630792499,0,0.23857341706752777,0,0,normal,0.98,keep,none
2024-06-19 16:50:00,0,,-0.11427173429945686,0,0.2178773432970047,0,0,normal,0.98,keep,none
2024-06-19 17:00:00,0,,-0.1148992916021962,0,0.2119446098804474,0,0,normal,0.98,keep,none
2024-06-19 17:10:00,0,,-0.11786111218704298,0,0.20180729031562805,0,0,normal,0.98,keep,none
2024-06-19 17:20:00,0,,-0.11343019418257044,0,0.20102839171886444,0,0,normal,0.98,keep,none
2024-06-19 17:30:00,0,,-0.11467620237638992,0,0.20370349287986755,0,0,normal,0.98,keep,none
2024-06-19 17:40:00,0,,-0.11893997922545185,0,0.1990763396024704,0,0,normal,0.98,keep,none
2024-06-19 17:50:00,0,,-0.09665885316281214,0,0.19196610152721405,0,0,normal,0.98,keep,none
2024-06-19 18:00:00,0,,-0.11202960511090915,0,0.19936761260032654,0,0,normal,0.98,keep,none
2024-06-19 18:10:00,0,,-0.10700767891995233,0,0.20129257440567017,0,0,normal,0.98,keep,none
2024-06-19 18:20:00,0,,-0.11075005008131189,0,0.20954422652721405,0,0,normal,0.98,keep,none
2024-06-19 18:30:00,0,,-0.12001405143374655,0,0.20660363137722015,0,0,normal,0.98,keep,none
2024-06-19 18:40:00,0,,-0.12290737087551012,0,0.20301054418087006,0,0,normal,0.98,keep,none
2024-06-19 18:50:00,0,,-0.1164449670177925,0,0.2050880789756775,0,0,normal,0.98,keep,none
2024-06-19 19:00:00,0,,-0.1193935945163338,0,0.19282178580760956,0,0,normal,0.98,keep,none
2024-06-19 19:10:00,0,,-0.1178060854940588,0,0.18911655247211456,0,0,normal,0.98,keep,none
2024-06-19 19:20:00,0,,-0.12270098557732179,0,0.1815466433763504,0,0,normal,0.98,keep,none
2024-06-19 19:30:00,0,,-0.11636567435870315,0,0.17696760594844818,0,0,normal,0.98,keep,none
2024-06-19 19:40:00,0,,-0.12093507970067713,0,0.17586767673492432,0,0,normal,0.98,keep,none
2024-06-19 19:50:00,0,,-0.12477595358567728,0,0.1720578819513321,0,0,normal,0.98,keep,none
2024-06-19 20:00:00,0,,-0.12111887873867838,0,0.17041435837745667,0,0,normal,0.98,keep,none
2024-06-19 20:10:00,0,,-0.11225391840462051,0,0.1718759834766388,0,0,normal,0.98,keep,none
2024-06-19 20:20:00,0,,-0.10953369257202794,0,0.17782412469387054,0,0,normal,0.98,keep,none
2024-06-19 20:30:00,0,,-0.11328247042516165,0,0.1734602153301239,0,0,normal,0.98,keep,none
2024-06-19 20:40:00,0,,-0.11405110272922508,0,0.19069942831993103,0,0,normal,0.98,keep,none
2024-06-19 20:50:00,0,,-0.12505869986692286,0,0.17275704443454742,0,0,normal,0.98,keep,none
2024-06-19 21:00:00,0,,-0.12922495493150865,0,0.1683463305234909,0,0,normal,0.98,keep,none
2024-06-19 21:10:00,0,,-0.12898125332868537,0,0.16128642857074738,0,0,normal,0.98,keep,none
2024-06-19 21:20:00,0,,-0.1109363565834664,0,0.15989919006824493,0,0,normal,0.98,keep,none
2024-06-19 21:30:00,0,,-0.12899646763472533,0,0.15910671651363373,0,0,normal,0.98,keep,none
2024-06-19 21:40:00,0,,-0.12751537472697627,0,0.16024833917617798,0,0,normal,0.98,keep,none
2024-06-19 21:50:00,0,,-0.127971951529616,0,0.15815618634223938,0,0,normal,0.98,keep,none
2024-06-19 22:00:00,0,,-0.12456116102311787,0,0.16357462108135223,0,0,normal,0.98,keep,none
2024-06-19 22:10:00,0,,-0.12571257543053982,0,0.1627267450094223,0,0,normal,0.98,keep,none
2024-06-19 22:20:00,0,,-0.11257351503962959,0,0.16842971742153168,0,0,normal,0.98,keep,none
2024-06-19 22:30:00,0,,-0.12409501330291939,0,0.1696355640888214,0,0,normal,0.98,keep,none
2024-06-19 22:40:00,0,,-0.11945332873397468,0,0.17312666773796082,0,0,normal,0.98,keep,none
2024-06-19 22:50:00,0,,-0.12580220109424856,0,0.17777098715305328,0,0,normal,0.98,keep,none
2024-06-19 23:00:00,0,,-0.12630669699394026,0,0.1798330545425415,0,0,normal,0.98,keep,none
2024-06-19 23:10:00,0,,-0.1259299501726675,0,0.18606793880462646,0,0,normal,0.98,keep,none
2024-06-19 23:20:00,0,,-0.11810670247369731,0,0.18481819331645966,0,0,normal,0.98,keep,none
2024-06-19 23:30:00,0,,-0.11884596156909355,0,0.19114544987678528,0,0,normal,0.98,keep,none
2024-06-19 23:40:00,0,,-0.11306069345901482,0,0.1858557015657425,0,0,normal,0.98,keep,none
2024-06-19 23:50:00,0,,-0.13230687017145704,0,0.18377898633480072,0,0,normal,0.98,keep,none
2024-06-20 00:00:00,0,,-0.10576230122003477,0,0.19129818677902222,0,0,normal,0.98,keep,none
2024-06-20 00:10:00,0,,-0.12234812490850627,0,0.20501306653022766,0,0,normal,0.98,keep,none
2024-06-20 00:20:00,0,,-0.13124194626007024,0,0.20034635066986084,0,0,normal,0.98,keep,none
2024-06-20 00:30:00,0,,-0.12009500920490201,0,0.20395918190479279,0,0,normal,0.98,keep,none
2024-06-20 00:40:00,0,,-0.12666180839049618,0,0.20939216017723083,0,0,normal,0.98,keep,none
2024-06-20 00:50:00,0,,-0.1182731139892863,0,0.2149132937192917,0,0,normal,0.98,keep,none
2024-06-20 01:00:00,0,,-0.11599187229656233,0,0.22007250785827637,0,0,normal,0.98,keep,none
2024-06-20 01:10:00,0,,-0.12882156972172515,0,0.22321389615535736,0,0,normal,0.98,keep,none
2024-06-20 01:20:00,0,,-0.13464244819230592,0,0.2172759473323822,0,0,normal,0.98,keep,none
2024-06-20 01:30:00,0,,-0.13067071891889487,0,0.22788575291633606,0,0,normal,0.98,keep,none
2024-06-20 01:40:00,0,,-0.12560557321493376,0,0.226676806807518,0,0,normal,0.98,keep,none
2024-06-20 01:50:00,0,,-0.12470193413456931,0,0.24104684591293335,0,0,normal,0.98,keep,none
2024-06-20 02:00:00,0,,-0.11736741798332645,0,0.24504008889198303,0,0,normal,0.98,keep,none
2024-06-20 02:10:00,1,missing,-0.14692784698340983,0,0.39761602878570557,0,1,missing,0.86,correct,rule
2024-06-20 02:20:00,0,,-0.1887038898893879,0,0.4339938461780548,0,0,normal,0.98,keep,none
2024-06-20 02:30:00,0,,-0.19299480762399024,0,0.4937736690044403,0,0,normal,0.98,keep,none
2024-06-20 02:40:00,0,,-0.1924023113721589,0,0.4982585310935974,0,0,normal,0.98,keep,none
2024-06-20 02:50:00,0,,-0.19513075613288178,0,0.5047886967658997,0,0,normal,0.98,keep,none
2024-06-20 03:00:00,0,,-0.19337367469984895,0,0.47959545254707336,0,0,normal,0.98,keep,none
2024-06-20 03:10:00,0,,-0.19387362816344683,0,0.4656241536140442,0,0,normal,0.98,keep,none
2024-06-20 03:20:00,0,,-0.18983758883341745,0,0.4373281002044678,0,0,normal,0.98,keep,none
2024-06-20 03:30:00,0,,-0.19620643899113405,0,0.40687453746795654,0,0,normal,0.98,keep,none
2024-06-20 03:40:00,0,,-0.17937842883488148,0,0.39220646023750305,0,0,normal,0.98,keep,none
2024-06-20 03:50:00,0,,-0.20127232658514627,0,0.36136797070503235,0,0,normal,0.98,keep,none
2024-06-20 04:00:00,0,,-0.20008226630122472,0,0.3252466917037964,0,0,normal,0.98,keep,none
2024-06-20 04:10:00,0,,-0.1943053908480975,0,0.29750892519950867,0,0,normal,0.98,keep,none
2024-06-20 04:20:00,0,,-0.1926572677741556,0,0.26425063610076904,0,0,normal,0.98,keep,none
2024-06-20 04:30:00,0,,-0.18741952571632847,0,0.24708230793476105,0,0,normal,0.98,keep,none
2024-06-20 04:40:00,0,,-0.1933383367193549,0,0.21960225701332092,0,0,normal,0.98,keep,none
2024-06-20 04:50:00,0,,-0.18635833015983355,0,0.20685338973999023,0,0,normal,0.98,keep,none
2024-06-20 05:00:00,0,,-0.18540269236481693,0,0.18443895876407623,0,0,normal,0.98,keep,none
2024-06-20 05:10:00,1,spike,0.16743713955963135,1,2.851341962814331,1,1,spike,0.95,correct,hybrid
2024-06-20 05:20:00,0,,0.1060787135031318,1,4.328561305999756,1,1,ml_suspicious,0.62,manual_review,hybrid
2024-06-20 05:30:00,0,,0.08924014539951908,1,5.0815911293029785,1,1,ml_suspicious,0.62,manual_review,hybrid
2024-06-20 05:40:00,0,,0.04994118136571979,1,5.617897033691406,1,1,ml_suspicious,0.62,manual_review,hybrid
2024-06-20 05:50:00,0,,0.055627855780818636,1,6.171665668487549,1,1,ml_suspicious,0.62,manual_review,hybrid
2024-06-20 06:00:00,0,,0.04292430597439234,1,6.705311298370361,1,1,ml_suspicious,0.62,manual_review,hybrid
2024-06-20 06:10:00,0,,-0.14280623418452199,0,6.629528999328613,1,1,ml_suspicious,0.62,manual_review,lstm_ae
2024-06-20 06:20:00,0,,-0.14295224142273355,0,6.647562503814697,1,1,ml_suspicious,0.62,manual_review,lstm_ae
2024-06-20 06:30:00,1,missing,-0.09866740387365835,0,6.758983135223389,1,1,missing,0.95,correct,hybrid
2024-06-20 06:40:00,0,,-0.1382877771995954,0,6.759428977966309,1,1,ml_suspicious,0.62,manual_review,lstm_ae
2024-06-20 06:50:00,0,,-0.1359349335312009,0,6.797821044921875,1,1,ml_suspicious,0.62,manual_review,lstm_ae
2024-06-20 07:00:00,1,missing,-0.0902881213242237,0,6.923745632171631,1,1,missing,0.95,correct,hybrid
2024-06-20 07:10:00,0,,-0.15030037233812404,0,6.911874294281006,1,1,ml_suspicious,0.62,manual_review,lstm_ae
2024-06-20 07:20:00,0,,-0.14674835562545452,0,6.973331451416016,1,1,ml_suspicious,0.62,manual_review,lstm_ae
2024-06-20 07:30:00,0,,-0.1527787577914485,0,6.994173526763916,1,1,ml_suspicious,0.62,manual_review,lstm_ae
2024-06-20 07:40:00,0,,-0.1495782525677654,0,7.0509209632873535,1,1,ml_suspicious,0.62,manual_review,lstm_ae
2024-06-20 07:50:00,0,,-0.12924842253640595,0,7.032862663269043,1,1,ml_suspicious,0.62,manual_review,lstm_ae
2024-06-20 08:00:00,0,,-0.13531799900079033,0,7.132470607757568,1,1,ml_suspicious,0.62,manual_review,lstm_ae
2024-06-20 08:10:00,0,,-0.19984931318061078,0,4.714181900024414,1,1,ml_suspicious,0.62,manual_review,lstm_ae
2024-06-20 08:20:00,0,,-0.20316572851107995,0,3.3412389755249023,1,1,ml_suspicious,0.62,manual_review,lstm_ae
2024-06-20 08:30:00,1,missing,-0.153287566926542,0,2.5156702995300293,1,1,missing,0.95,correct,hybrid
2024-06-20 08:40:00,0,,-0.19698156625260566,0,1.919256329536438,0,0,normal,0.98,keep,none
2024-06-20 08:50:00,0,,-0.19522974226910222,0,1.3580361604690552,0,0,normal,0.98,keep,none
2024-06-20 09:00:00,0,,-0.20049540666582932,0,0.8195965886116028,0,0,normal,0.98,keep,none
2024-06-20 09:10:00,0,,-0.19767609119891494,0,0.7674421072006226,0,0,normal,0.98,keep,none
2024-06-20 09:20:00,0,,-0.1608920239733983,0,0.7466820478439331,0,0,normal,0.98,keep,none
2024-06-20 09:30:00,0,,-0.1923177324112707,0,0.664181649684906,0,0,normal,0.98,keep,none
2024-06-20 09:40:00,0,,-0.20076320277985932,0,0.6122252345085144,0,0,normal,0.98,keep,none
2024-06-20 09:50:00,0,,-0.20163064451073887,0,0.551335871219635,0,0,normal,0.98,keep,none
2024-06-20 10:00:00,0,,-0.18916598142126045,0,0.4788954257965088,0,0,normal,0.98,keep,none
2024-06-20 10:10:00,0,,-0.20184734222314504,0,0.42362767457962036,0,0,normal,0.98,keep,none
2024-06-20 10:20:00,0,,-0.2008080407681771,0,0.3708646893501282,0,0,normal,0.98,keep,none
2024-06-20 10:30:00,0,,-0.20348259515988,0,0.3195376992225647,0,0,normal,0.98,keep,none
2024-06-20 10:40:00,0,,-0.19001583627922536,0,0.27847161889076233,0,0,normal,0.98,keep,none
2024-06-20 10:50:00,0,,-0.19496060867176507,0,0.22264012694358826,0,0,normal,0.98,keep,none
2024-06-20 11:00:00,0,,-0.18106926074182295,0,0.1825094223022461,0,0,normal,0.98,keep,none
2024-06-20 11:10:00,0,,-0.19853002777233175,0,0.17848080396652222,0,0,normal,0.98,keep,none
2024-06-20 11:20:00,1,stuck,-0.109613943538724,0,0.2043590396642685,0,1,stuck,0.86,correct,rule
2024-06-20 11:30:00,1,stuck,-0.11056530014949811,0,0.20981347560882568,0,1,stuck,0.86,correct,rule
2024-06-20 11:40:00,1,stuck,-0.1193033504230504,0,0.23527519404888153,0,1,stuck,0.86,correct,rule
2024-06-20 11:50:00,1,stuck,-0.10681151556048835,0,0.25522956252098083,0,1,stuck,0.86,correct,rule
2024-06-20 12:00:00,1,stuck,-0.11361003579210366,0,0.2898380756378174,0,1,stuck,0.86,correct,rule
2024-06-20 12:10:00,1,stuck,-0.10487935677363314,0,0.29900801181793213,0,1,stuck,0.86,correct,rule
2024-06-20 12:20:00,1,stuck,-0.10075338919265592,0,0.3132018744945526,0,1,stuck,0.86,correct,rule
2024-06-20 12:30:00,1,stuck,-0.10029728434729757,0,0.30633002519607544,0,1,stuck,0.86,correct,rule
2024-06-20 12:40:00,1,stuck,-0.10194305639419077,0,0.32652029395103455,0,1,stuck,0.86,correct,rule
2024-06-20 12:50:00,1,stuck,-0.10333848724585837,0,0.3395802080631256,0,1,stuck,0.86,correct,rule
2024-06-20 13:00:00,0,,-0.11400678868968828,0,0.36516380310058594,0,0,normal,0.98,keep,none
2024-06-20 13:10:00,0,,-0.14443885678111873,0,0.36978650093078613,0,0,normal,0.98,keep,none
2024-06-20 13:20:00,0,,-0.1679931299391219,0,0.3913284242153168,0,0,normal,0.98,keep,none
2024-06-20 13:30:00,0,,-0.16597034268219524,0,0.38999423384666443,0,0,normal,0.98,keep,none
2024-06-20 13:40:00,0,,-0.1847117657478634,0,0.36785221099853516,0,0,normal,0.98,keep,none
2024-06-20 13:50:00,0,,-0.18102787326661357,0,0.3704642951488495,0,0,normal,0.98,keep,none
2024-06-20 14:00:00,0,,-0.17016346940732713,0,0.3789563775062561,0,0,normal,0.98,keep,none
2024-06-20 14:10:00,1,missing,-0.1535608008728806,0,0.37584230303764343,0,1,missing,0.86,correct,rule
2024-06-20 14:20:00,0,,-0.18575909357574377,0,0.3775683641433716,0,0,normal,0.98,keep,none
2024-06-20 14:30:00,0,,-0.1646597567923146,0,0.38484516739845276,0,0,normal,0.98,keep,none
2024-06-20 14:40:00,0,,-0.17343469609179663,0,0.38089996576309204,0,0,normal,0.98,keep,none
2024-06-20 14:50:00,0,,-0.18464899217342162,0,0.37235307693481445,0,0,normal,0.98,keep,none
2024-06-20 15:00:00,0,,-0.17991687469850848,0,0.3602452278137207,0,0,normal,0.98,keep,none
2024-06-20 15:10:00,0,,-0.18225509231784004,0,0.34803536534309387,0,0,normal,0.98,keep,none
2024-06-20 15:20:00,0,,-0.18707865042196425,0,0.3164866864681244,0,0,normal,0.98,keep,none
2024-06-20 15:30:00,0,,-0.1908782335599818,0,0.28941014409065247,0,0,normal,0.98,keep,none
2024-06-20 15:40:00,0,,-0.1867852136067295,0,0.2653416395187378,0,0,normal,0.98,keep,none
2024-06-20 15:50:00,0,,-0.18328447324138086,0,0.24259506165981293,0,0,normal,0.98,keep,none
2024-06-20 16:00:00,0,,-0.19386945560023094,0,0.21697233617305756,0,0,normal,0.98,keep,none
2024-06-20 16:10:00,0,,-0.18559881276393764,0,0.2009640783071518,0,0,normal,0.98,keep,none
2024-06-20 16:20:00,0,,-0.17837419463658488,0,0.1855490654706955,0,0,normal,0.98,keep,none
2024-06-20 16:30:00,0,,-0.18531680853305427,0,0.17806106805801392,0,0,normal,0.98,keep,none
2024-06-20 16:40:00,0,,-0.1898294902546293,0,0.17635983228683472,0,0,normal,0.98,keep,none
2024-06-20 16:50:00,0,,-0.17917443831230412,0,0.1625230759382248,0,0,normal,0.98,keep,none
2024-06-20 17:00:00,0,,-0.17915578971669704,0,0.15336008369922638,0,0,normal,0.98,keep,none
2024-06-20 17:10:00,0,,-0.17880358821690873,0,0.12997318804264069,0,0,normal,0.98,keep,none
2024-06-20 17:20:00,0,,-0.19664446726384605,0,0.13213184475898743,0,0,normal,0.98,keep,none
2024-06-20 17:30:00,0,,-0.18415922277302432,0,0.12246821075677872,0,0,normal,0.98,keep,none
2024-06-20 17:40:00,0,,-0.19663040047109248,0,0.12325407564640045,0,0,normal,0.98,keep,none
2024-06-20 17:50:00,0,,-0.17863070596743175,0,0.12826699018478394,0,0,normal,0.98,keep,none
2024-06-20 18:00:00,0,,-0.18595071971086635,0,0.13172785937786102,0,0,normal,0.98,keep,none
2024-06-20 18:10:00,0,,-0.1853271002326763,0,0.12820471823215485,0,0,normal,0.98,keep,none
2024-06-20 18:20:00,0,,-0.19063181986130234,0,0.127974733710289,0,0,normal,0.98,keep,none
2024-06-20 18:30:00,0,,-0.18285649737811016,0,0.12980979681015015,0,0,normal,0.98,keep,none
2024-06-20 18:40:00,0,,-0.19097231754095761,0,0.1363929957151413,0,0,normal,0.98,keep,none
2024-06-20 18:50:00,0,,-0.1821590781473147,0,0.1353917121887207,0,0,normal,0.98,keep,none
2024-06-20 19:00:00,0,,-0.19474118730818796,0,0.1325487643480301,0,0,normal,0.98,keep,none
2024-06-20 19:10:00,0,,-0.18233221374550224,0,0.13308456540107727,0,0,normal,0.98,keep,none
2024-06-20 19:20:00,0,,-0.19460025028900552,0,0.126304492354393,0,0,normal,0.98,keep,none
2024-06-20 19:30:00,0,,-0.19202537358714272,0,0.12479090690612793,0,0,normal,0.98,keep,none
2024-06-20 19:40:00,0,,-0.1960069691501436,0,0.120573028922081,0,0,normal,0.98,keep,none
2024-06-20 19:50:00,0,,-0.18675497908265315,0,0.11513195931911469,0,0,normal,0.98,keep,none
2024-06-20 20:00:00,0,,-0.19309231566329538,0,0.10703915357589722,0,0,normal,0.98,keep,none
2024-06-20 20:10:00,0,,-0.18536679227743308,0,0.10414636135101318,0,0,normal,0.98,keep,none
2024-06-20 20:20:00,0,,-0.19147300060462435,0,0.10517119616270065,0,0,normal,0.98,keep,none
2024-06-20 20:30:00,0,,-0.17985002331793043,0,0.10485363751649857,0,0,normal,0.98,keep,none
2024-06-20 20:40:00,0,,-0.18917008846515032,0,0.10434313863515854,0,0,normal,0.98,keep,none
2024-06-20 20:50:00,0,,-0.18960289903384553,0,0.09435116499662399,0,0,normal,0.98,keep,none
2024-06-20 21:00:00,0,,-0.18379164432963652,0,0.08916167169809341,0,0,normal,0.98,keep,none
2024-06-20 21:10:00,0,,-0.193698986468344,0,0.0831148698925972,0,0,normal,0.98,keep,none
2024-06-20 21:20:00,0,,-0.1890039716606488,0,0.08177301287651062,0,0,normal,0.98,keep,none
2024-06-20 21:30:00,0,,-0.1816740875185346,0,0.07566586881875992,0,0,normal,0.98,keep,none
2024-06-20 21:40:00,0,,-0.19112282938391845,0,0.07188565284013748,0,0,normal,0.98,keep,none
2024-06-20 21:50:00,0,,-0.17045834187274123,0,0.0740959644317627,0,0,normal,0.98,keep,none
2024-06-20 22:00:00,0,,-0.10133434365116806,0,0.1263473778963089,0,0,normal,0.98,keep,none
2024-06-20 22:10:00,0,,-0.071370547009728,0,0.19749948382377625,0,0,normal,0.98,keep,none
2024-06-20 22:20:00,0,,-0.06818679993265142,0,0.26433029770851135,0,0,normal,0.98,keep,none
2024-06-20 22:30:00,0,,-0.08180080565480924,0,0.32585984468460083,0,0,normal,0.98,keep,none
2024-06-20 22:40:00,0,,-0.04417494525142851,0,0.41418981552124023,0,0,normal,0.98,keep,none
2024-06-20 22:50:00,1,spike,0.17224900703926826,1,3.1394400596618652,1,1,spike,0.95,correct,hybrid
2024-06-20 23:00:00,0,,0.14087825919956376,1,4.639060974121094,1,1,ml_suspicious,0.62,manual_review,hybrid
2024-06-20 23:10:00,1,missing,0.14160552332968035,1,5.61591911315918,1,1,missing,0.95,correct,hybrid
2024-06-20 23:20:00,0,,0.10831809571400297,1,6.320506572723389,1,1,ml_suspicious,0.62,manual_review,hybrid
2024-06-20 23:30:00,0,,0.1157844303161687,1,7.027921676635742,1,1,ml_suspicious,0.62,manual_review,hybrid
2024-06-20 23:40:00,0,,0.12910662849500498,1,7.801551342010498,1,1,ml_suspicious,0.62,manual_review,hybrid
2024-06-20 23:50:00,0,,0.0031517030198958684,1,7.7656168937683105,1,1,ml_suspicious,0.62,manual_review,hybrid
2024-06-21 00:00:00,0,,-0.01677994833651386,0,7.749697685241699,1,1,ml_suspicious,0.62,manual_review,lstm_ae
2024-06-21 00:10:00,0,,0.013644650504231137,1,7.74336576461792,1,1,ml_suspicious,0.62,manual_review,hybrid
2024-06-21 00:20:00,0,,0.005548057147726881,1,7.689648151397705,1,1,ml_suspicious,0.62,manual_review,hybrid
2024-06-21 00:30:00,0,,-0.00453570382172197,0,7.608034610748291,1,1,ml_suspicious,0.62,manual_review,lstm_ae
2024-06-21 00:40:00,0,,-0.027113334952338253,0,7.611398696899414,1,1,ml_suspicious,0.62,manual_review,lstm_ae
2024-06-21 00:50:00,0,,-0.021110844354654823,0,7.647151947021484,1,1,ml_suspicious,0.62,manual_review,lstm_ae
2024-06-21 01:00:00,0,,-0.001079308097703402,0,7.655982494354248,1,1,ml_suspicious,0.62,manual_review,lstm_ae
2024-06-21 01:10:00,0,,0.0017453334792878472,1,7.694609642028809,1,1,ml_suspicious,0.62,manual_review,hybrid
2024-06-21 01:20:00,0,,-0.0044797022369228445,0,7.731233596801758,1,1,ml_suspicious,0.62,manual_review,lstm_ae
2024-06-21 01:30:00,0,,0.007637823458931159,1,7.7408552169799805,1,1,ml_suspicious,0.62,manual_review,hybrid
2024-06-21 01:40:00,0,,-0.013149466787877984,0,7.754327774047852,1,1,ml_suspicious,0.62,manual_review,lstm_ae
2024-06-21 01:50:00,0,,-0.03433378355875427,0,5.331225872039795,1,1,ml_suspicious,0.62,manual_review,lstm_ae
2024-06-21 02:00:00,0,,-0.037181855215287385,0,3.9016237258911133,1,1,ml_suspicious,0.62,manual_review,lstm_ae
2024-06-21 02:10:00,0,,-0.03789613039647188,0,2.9083211421966553,1,1,ml_suspicious,0.62,manual_review,lstm_ae
2024-06-21 02:20:00,0,,-0.019932295410461265,0,2.285081386566162,0,0,normal,0.98,keep,none
2024-06-21 02:30:00,0,,-0.039447529456859365,0,1.655735731124878,0,0,normal,0.98,keep,none
2024-06-21 02:40:00,0,,-0.05647152865339844,0,0.9940677881240845,0,0,normal,0.98,keep,none
2024-06-21 02:50:00,0,,-0.06300171722539805,0,0.9613039493560791,0,0,normal,0.98,keep,none
2024-06-21 03:00:00,0,,-0.06831980099186341,0,0.9428269863128662,0,0,normal,0.98,keep,none
2024-06-21 03:10:00,0,,-0.06761674505556003,0,0.91459059715271,0,0,normal,0.98,keep,none
2024-06-21 03:20:00,0,,-0.07866132139334403,0,0.9247032403945923,0,0,normal,0.98,keep,none
2024-06-21 03:30:00,0,,-0.13249332025555766,0,0.9066600799560547,0,0,normal,0.98,keep,none
2024-06-21 03:40:00,0,,-0.1314459706632381,0,0.9126566052436829,0,0,normal,0.98,keep,none
2024-06-21 03:50:00,0,,-0.14682533418415195,0,0.8445770144462585,0,0,normal,0.98,keep,none
2024-06-21 04:00:00,0,,-0.1512032174016129,0,0.8116586804389954,0,0,normal,0.98,keep,none
2024-06-21 04:10:00,0,,-0.15667787496946395,0,0.7656728625297546,0,0,normal,0.98,keep,none
2024-06-21 04:20:00,0,,-0.15224730696022132,0,0.7194522023200989,0,0,normal,0.98,keep,none
2024-06-21 04:30:00,0,,-0.16051892931158118,0,0.6680157780647278,0,0,normal,0.98,keep,none
2024-06-21 04:40:00,0,,-0.1514402852587125,0,0.6186524629592896,0,0,normal,0.98,keep,none
2024-06-21 04:50:00,0,,-0.15786584689789745,0,0.6179298162460327,0,0,normal,0.98,keep,none
2024-06-21 05:00:00,0,,-0.15657753576615674,0,0.619255542755127,0,0,normal,0.98,keep,none
2024-06-21 05:10:00,0,,-0.16257533456763035,0,0.6154117584228516,0,0,normal,0.98,keep,none
2024-06-21 05:20:00,0,,-0.15441665708606023,0,0.601986289024353,0,0,normal,0.98,keep,none
2024-06-21 05:30:00,0,,-0.14811979877467912,0,0.5839700102806091,0,0,normal,0.98,keep,none
2024-06-21 05:40:00,0,,-0.1489914045290599,0,0.5841588973999023,0,0,normal,0.98,keep,none
2024-06-21 05:50:00,0,,-0.15745820730005944,0,0.5779321789741516,0,0,normal,0.98,keep,none
2024-06-21 06:00:00,0,,-0.15468346271326694,0,0.5600763559341431,0,0,normal,0.98,keep,none
2024-06-21 06:10:00,1,missing,-0.11985860754083133,0,0.6564951539039612,0,1,missing,0.86,correct,rule
2024-06-21 06:20:00,0,,-0.1701840098101386,0,0.5173249840736389,0,0,normal,0.98,keep,none
2024-06-21 06:30:00,0,,-0.16655904457057663,0,0.5280617475509644,0,0,normal,0.98,keep,none
2024-06-21 06:40:00,0,,-0.1689572035171767,0,0.5302614569664001,0,0,normal,0.98,keep,none
2024-06-21 06:50:00,0,,-0.16589877209202364,0,0.5612043142318726,0,0,normal,0.98,keep,none
2024-06-21 07:00:00,0,,-0.17067717097492058,0,0.5613418221473694,0,0,normal,0.98,keep,none
2024-06-21 07:10:00,0,,-0.16193407516824315,0,0.5806577801704407,0,0,normal,0.98,keep,none
2024-06-21 07:20:00,0,,-0.17340441224309283,0,0.6362823843955994,0,0,normal,0.98,keep,none
2024-06-21 07:30:00,0,,-0.17196907946136336,0,0.7140336632728577,0,0,normal,0.98,keep,none
2024-06-21 07:40:00,0,,-0.17562300736225306,0,0.7040748000144958,0,0,normal,0.98,keep,none
2024-06-21 07:50:00,0,,-0.17386419593310637,0,0.757037341594696,0,0,normal,0.98,keep,none
2024-06-21 08:00:00,0,,-0.17189889585320017,0,0.772159218788147,0,0,normal,0.98,keep,none
2024-06-21 08:10:00,0,,-0.17008706480364943,0,0.7874119877815247,0,0,normal,0.98,keep,none
2024-06-21 08:20:00,0,,-0.16472746701213425,0,0.8091831803321838,0,0,normal,0.98,keep,none
2024-06-21 08:30:00,0,,-0.1613523148597285,0,0.8006354570388794,0,0,normal,0.98,keep,none
2024-06-21 08:40:00,0,,-0.17554694962925388,0,0.7973204255104065,0,0,normal,0.98,keep,none
2024-06-21 08:50:00,1,spurious,-0.13574639080965356,0,0.8361830115318298,0,1,spurious,0.86,correct,rule
2024-06-21 09:00:00,0,,-0.16513725470285046,0,0.7948683500289917,0,0,normal,0.98,keep,none
2024-06-21 09:10:00,0,,-0.15304763672292954,0,0.7708597779273987,0,0,normal,0.98,keep,none
2024-06-21 09:20:00,1,missing,-0.13874926102793816,0,0.8045191168785095,0,1,missing,0.86,correct,rule
2024-06-21 09:30:00,0,,-0.1426239539970432,0,0.7807670831680298,0,0,normal,0.98,keep,none
2024-06-21 09:40:00,0,,-0.15386816968489347,0,0.7747200727462769,0,0,normal,0.98,keep,none
2024-06-21 09:50:00,0,,-0.14243965017183502,0,0.7365248203277588,0,0,normal,0.98,keep,none
2024-06-21 10:00:00,0,,-0.1613614132320218,0,0.4939653277397156,0,0,normal,0.98,keep,none
2024-06-21 10:10:00,0,,-0.1490405033507199,0,0.43101903796195984,0,0,normal,0.98,keep,none
2024-06-21 10:20:00,0,,-0.14676392288204587,0,0.3613598346710205,0,0,normal,0.98,keep,none
2024-06-21 10:30:00,0,,-0.15424405271382685,0,0.3434078097343445,0,0,normal,0.98,keep,none
2024-06-21 10:40:00,0,,-0.1631180883714214,0,0.31809473037719727,0,0,normal,0.98,keep,none
2024-06-21 10:50:00,0,,-0.16372557774514201,0,0.30134549736976624,0,0,normal,0.98,keep,none
2024-06-21 11:00:00,0,,-0.16062544292025227,0,0.2891507148742676,0,0,normal,0.98,keep,none
2024-06-21 11:10:00,0,,-0.1475774518141349,0,0.28291210532188416,0,0,normal,0.98,keep,none
2024-06-21 11:20:00,0,,-0.16120619224632438,0,0.26393839716911316,0,0,normal,0.98,keep,none
2024-06-21 11:30:00,0,,-0.16707671026136972,0,0.25392526388168335,0,0,normal,0.98,keep,none
2024-06-21 11:40:00,0,,-0.16934270594713668,0,0.24664722383022308,0,0,normal,0.98,keep,none
2024-06-21 11:50:00,0,,-0.16972438238364507,0,0.22241812944412231,0,0,normal,0.98,keep,none
2024-06-21 12:00:00,0,,-0.17147301528563885,0,0.21267880499362946,0,0,normal,0.98,keep,none
2024-06-21 12:10:00,0,,-0.17245567416626667,0,0.1992769092321396,0,0,normal,0.98,keep,none
2024-06-21 12:20:00,0,,-0.1669362472802503,0,0.17618654668331146,0,0,normal,0.98,keep,none
2024-06-21 12:30:00,0,,-0.14885454863056208,0,0.17805612087249756,0,0,normal,0.98,keep,none
2024-06-21 12:40:00,0,,-0.17495682033135895,0,0.1764816790819168,0,0,normal,0.98,keep,none
2024-06-21 12:50:00,0,,-0.15825567480438768,0,0.17645694315433502,0,0,normal,0.98,keep,none
2024-06-21 13:00:00,0,,-0.16676239994605668,0,0.18916741013526917,0,0,normal,0.98,keep,none
2024-06-21 13:10:00,0,,-0.16465481431755086,0,0.17968089878559113,0,0,normal,0.98,keep,none
2024-06-21 13:20:00,0,,-0.1619658285464904,0,0.17659509181976318,0,0,normal,0.98,keep,none
2024-06-21 13:30:00,0,,-0.17508856978779097,0,0.17070508003234863,0,0,normal,0.98,keep,none
2024-06-21 13:40:00,0,,-0.1696840992958134,0,0.1713465303182602,0,0,normal,0.98,keep,none
2024-06-21 13:50:00,0,,-0.14992886236550323,0,0.18164117634296417,0,0,normal,0.98,keep,none
2024-06-21 14:00:00,0,,-0.1693110593187791,0,0.18344521522521973,0,0,normal,0.98,keep,none
2024-06-21 14:10:00,0,,-0.16910346345941712,0,0.17831099033355713,0,0,normal,0.98,keep,none
2024-06-21 14:20:00,0,,-0.16089939875640835,0,0.1798224300146103,0,0,normal,0.98,keep,none
2024-06-21 14:30:00,0,,-0.16672042594231884,0,0.18047676980495453,0,0,normal,0.98,keep,none
2024-06-21 14:40:00,0,,-0.16223867349955046,0,0.1879671961069107,0,0,normal,0.98,keep,none
2024-06-21 14:50:00,0,,-0.1722265161703651,0,0.1874619871377945,0,0,normal,0.98,keep,none
2024-06-21 15:00:00,0,,-0.15762799384341797,0,0.19126197695732117,0,0,normal,0.98,keep,none
2024-06-21 15:10:00,0,,-0.17750666033400103,0,0.19414697587490082,0,0,normal,0.98,keep,none
2024-06-21 15:20:00,0,,-0.17231979661134555,0,0.19116461277008057,0,0,normal,0.98,keep,none
2024-06-21 15:30:00,0,,-0.1757554049243027,0,0.17742104828357697,0,0,normal,0.98,keep,none
2024-06-21 15:40:00,0,,-0.17529095337409095,0,0.17843466997146606,0,0,normal,0.98,keep,none
2024-06-21 15:50:00,0,,-0.17769227607300037,0,0.16062109172344208,0,0,normal,0.98,keep,none
2024-06-21 16:00:00,0,,-0.16708954083097982,0,0.1591421365737915,0,0,normal,0.98,keep,none
2024-06-21 16:10:00,0,,-0.1688148623576401,0,0.15781493484973907,0,0,normal,0.98,keep,none
2024-06-21 16:20:00,0,,-0.1725979414399042,0,0.16038449108600616,0,0,normal,0.98,keep,none
2024-06-21 16:30:00,0,,-0.18035158583130445,0,0.15131866931915283,0,0,normal,0.98,keep,none
2024-06-21 16:40:00,1,missing,-0.1439747453860204,0,0.19807946681976318,0,1,missing,0.86,correct,rule
2024-06-21 16:50:00,0,,-0.19352423721168027,0,0.16017203032970428,0,0,normal,0.98,keep,none
2024-06-21 17:00:00,0,,-0.18808388876416088,0,0.15974844992160797,0,0,normal,0.98,keep,none
2024-06-21 17:10:00,0,,-0.1789158890131301,0,0.158603698015213,0,0,normal,0.98,keep,none
2024-06-21 17:20:00,0,,-0.16799666482230008,0,0.1704837828874588,0,0,normal,0.98,keep,none
2024-06-21 17:30:00,0,,-0.18946449769814966,0,0.1651432365179062,0,0,normal,0.98,keep,none
2024-06-21 17:40:00,0,,-0.16242719106208708,0,0.16924642026424408,0,0,normal,0.98,keep,none
2024-06-21 17:50:00,0,,-0.1816682110117232,0,0.18052859604358673,0,0,normal,0.98,keep,none
2024-06-21 18:00:00,0,,-0.19435092001492937,0,0.17277449369430542,0,0,normal,0.98,keep,none
2024-06-21 18:10:00,0,,-0.19522422647082727,0,0.17141275107860565,0,0,normal,0.98,keep,none
2024-06-21 18:20:00,0,,-0.18237497445208356,0,0.17558211088180542,0,0,normal,0.98,keep,none
2024-06-21 18:30:00,0,,-0.20086137650442182,0,0.17285007238388062,0,0,normal,0.98,keep,none
2024-06-21 18:40:00,0,,-0.18682028105604903,0,0.1715746372938156,0,0,normal,0.98,keep,none
2024-06-21 18:50:00,0,,-0.18086368379046291,0,0.18397404253482819,0,0,normal,0.98,keep,none
2024-06-21 19:00:00,0,,-0.1888483745052284,0,0.17472338676452637,0,0,normal,0.98,keep,none
2024-06-21 19:10:00,0,,-0.1927610723416513,0,0.17601270973682404,0,0,normal,0.98,keep,none
2024-06-21 19:20:00,0,,-0.19317610948421882,0,0.16707345843315125,0,0,normal,0.98,keep,none
2024-06-21 19:30:00,0,,-0.17523772930372256,0,0.18418946862220764,0,0,normal,0.98,keep,none
2024-06-21 19:40:00,0,,-0.19471301441496852,0,0.1501343995332718,0,0,normal,0.98,keep,none
2024-06-21 19:50:00,0,,-0.19248978075072426,0,0.14646707475185394,0,0,normal,0.98,keep,none
2024-06-21 20:00:00,0,,-0.16738028856361636,0,0.15145039558410645,0,0,normal,0.98,keep,none
2024-06-21 20:10:00,0,,-0.18765265530162012,0,0.14433841407299042,0,0,normal,0.98,keep,none
2024-06-21 20:20:00,0,,-0.18907128607243245,0,0.1298966407775879,0,0,normal,0.98,keep,none
2024-06-21 20:30:00,0,,-0.19283964319923563,0,0.13247442245483398,0,0,normal,0.98,keep,none
2024-06-21 20:40:00,0,,-0.19319924595031818,0,0.11083494126796722,0,0,normal,0.98,keep,none
2024-06-21 20:50:00,0,,-0.1793277850200668,0,0.10176168382167816,0,0,normal,0.98,keep,none
2024-06-21 21:00:00,0,,-0.18749155285422509,0,0.11126988381147385,0,0,normal,0.98,keep,none
2024-06-21 21:10:00,0,,-0.1822594852977802,0,0.11693089455366135,0,0,normal,0.98,keep,none
2024-06-21 21:20:00,0,,-0.18573091846547246,0,0.11039026826620102,0,0,normal,0.98,keep,none
2024-06-21 21:30:00,1,missing,-0.13550166652310291,0,0.166553795337677,0,1,missing,0.86,correct,rule
2024-06-21 21:40:00,0,,-0.17998013167632249,0,0.14246898889541626,0,0,normal,0.98,keep,none
2024-06-21 21:50:00,0,,-0.16013893003349466,0,0.1456615924835205,0,0,normal,0.98,keep,none
2024-06-21 22:00:00,0,,-0.17731775480860823,0,0.14405027031898499,0,0,normal,0.98,keep,none
2024-06-21 22:10:00,0,,-0.1794088688016986,0,0.15087482333183289,0,0,normal,0.98,keep,none
2024-06-21 22:20:00,0,,-0.17876990709996482,0,0.14983786642551422,0,0,normal,0.98,keep,none
2024-06-21 22:30:00,0,,-0.1843954319752969,0,0.13516740500926971,0,0,normal,0.98,keep,none
2024-06-21 22:40:00,0,,-0.17101937946266854,0,0.14262625575065613,0,0,normal,0.98,keep,none
2024-06-21 22:50:00,0,,-0.17812703414954184,0,0.1484210193157196,0,0,normal,0.98,keep,none
2024-06-21 23:00:00,0,,-0.18860648358641285,0,0.1342712938785553,0,0,normal,0.98,keep,none
2024-06-21 23:10:00,0,,-0.16654709736870138,0,0.140790656208992,0,0,normal,0.98,keep,none
2024-06-21 23:20:00,0,,-0.1752138691811812,0,0.139510378241539,0,0,normal,0.98,keep,none
2024-06-21 23:30:00,0,,-0.1819670921718463,0,0.13956360518932343,0,0,normal,0.98,keep,none
2024-06-21 23:40:00,0,,-0.16706607845360333,0,0.1457972377538681,0,0,normal,0.98,keep,none
2024-06-21 23:50:00,0,,-0.1845797292442699,0,0.1422671228647232,0,0,normal,0.98,keep,none
2024-06-22 00:00:00,0,,-0.18407687918334326,0,0.14136508107185364,0,0,normal,0.98,keep,none
2024-06-22 00:10:00,0,,-0.17840105072061052,0,0.13691557943820953,0,0,normal,0.98,keep,none
2024-06-22 00:20:00,0,,-0.17968389318064654,0,0.13308347761631012,0,0,normal,0.98,keep,none
2024-06-22 00:30:00,0,,-0.18387472379870862,0,0.10262694954872131,0,0,normal,0.98,keep,none
2024-06-22 00:40:00,0,,-0.18809856935721309,0,0.1030639037489891,0,0,normal,0.98,keep,none
2024-06-22 00:50:00,0,,-0.1853414265197902,0,0.09363722056150436,0,0,normal,0.98,keep,none
2024-06-22 01:00:00,0,,-0.16878806324171736,0,0.09384112060070038,0,0,normal,0.98,keep,none
2024-06-22 01:10:00,0,,-0.18083215502167116,0,0.09161719679832458,0,0,normal,0.98,keep,none
2024-06-22 01:20:00,0,,-0.1846784388662175,0,0.090334951877594,0,0,normal,0.98,keep,none
2024-06-22 01:30:00,0,,-0.18161519017519429,0,0.09249193221330643,0,0,normal,0.98,keep,none
2024-06-22 01:40:00,0,,-0.1851881106607901,0,0.08316907286643982,0,0,normal,0.98,keep,none
2024-06-22 01:50:00,0,,-0.17448203672508955,0,0.0856071338057518,0,0,normal,0.98,keep,none
2024-06-22 02:00:00,0,,-0.18311384542849612,0,0.0879344493150711,0,0,normal,0.98,keep,none
2024-06-22 02:10:00,0,,-0.18132926904475938,0,0.07876640558242798,0,0,normal,0.98,keep,none
2024-06-22 02:20:00,0,,-0.18451286070898204,0,0.07641101628541946,0,0,normal,0.98,keep,none
2024-06-22 02:30:00,0,,-0.187582103230644,0,0.08128593862056732,0,0,normal,0.98,keep,none
2024-06-22 02:40:00,0,,-0.16921539549217784,0,0.08637753874063492,0,0,normal,0.98,keep,none
2024-06-22 02:50:00,0,,-0.15266248839117835,0,0.09274168312549591,0,0,normal,0.98,keep,none
2024-06-22 03:00:00,0,,-0.18776872122779426,0,0.09845589101314545,0,0,normal,0.98,keep,none
2024-06-22 03:10:00,0,,-0.19678578875595,0,0.09405452013015747,0,0,normal,0.98,keep,none
2024-06-22 03:20:00,0,,-0.18641457550338852,0,0.09668939560651779,0,0,normal,0.98,keep,none
2024-06-22 03:30:00,0,,-0.19327366868803697,0,0.10019244253635406,0,0,normal,0.98,keep,none
2024-06-22 03:40:00,0,,-0.19174098823545416,0,0.1033310666680336,0,0,normal,0.98,keep,none
2024-06-22 03:50:00,0,,-0.19500764435549112,0,0.10472725331783295,0,0,normal,0.98,keep,none
2024-06-22 04:00:00,0,,-0.19561603505047764,0,0.0964493378996849,0,0,normal,0.98,keep,none
2024-06-22 04:10:00,0,,-0.19669633026992533,0,0.0954364463686943,0,0,normal,0.98,keep,none
2024-06-22 04:20:00,0,,-0.19162413968737096,0,0.09667462855577469,0,0,normal,0.98,keep,none
2024-06-22 04:30:00,1,spurious,-0.1544228229501261,0,0.13827162981033325,0,1,spurious,0.86,correct,rule
2024-06-22 04:40:00,0,,-0.18157178012830727,0,0.1314903348684311,0,0,normal,0.98,keep,none
2024-06-22 04:50:00,0,,-0.1904415948197941,0,0.1296844184398651,0,0,normal,0.98,keep,none
2024-06-22 05:00:00,0,,-0.19138415419223204,0,0.13705924153327942,0,0,normal,0.98,keep,none
2024-06-22 05:10:00,0,,-0.18626494733035626,0,0.14347346127033234,0,0,normal,0.98,keep,none
2024-06-22 05:20:00,0,,-0.18063877524076055,0,0.14725317060947418,0,0,normal,0.98,keep,none
2024-06-22 05:30:00,0,,-0.20217091577996138,0,0.1458604633808136,0,0,normal,0.98,keep,none
2024-06-22 05:40:00,0,,-0.19484822689380688,0,0.14426131546497345,0,0,normal,0.98,keep,none
2024-06-22 05:50:00,0,,-0.19048651560993168,0,0.13290749490261078,0,0,normal,0.98,keep,none
2024-06-22 06:00:00,0,,-0.20366639980381473,0,0.12911780178546906,0,0,normal,0.98,keep,none
2024-06-22 06:10:00,0,,-0.19815802870604504,0,0.13350974023342133,0,0,normal,0.98,keep,none
2024-06-22 06:20:00,0,,-0.20187466304164903,0,0.1306590437889099,0,0,normal,0.98,keep,none
2024-06-22 06:30:00,0,,-0.1823721875595708,0,0.13734114170074463,0,0,normal,0.98,keep,none
2024-06-22 06:40:00,0,,-0.1956835270771714,0,0.13847844302654266,0,0,normal,0.98,keep,none
2024-06-22 06:50:00,0,,-0.1892473950007304,0,0.146250382065773,0,0,normal,0.98,keep,none
2024-06-22 07:00:00,0,,-0.16428656367424355,0,0.16965927183628082,0,0,normal,0.98,keep,none
2024-06-22 07:10:00,0,,-0.18803004889345837,0,0.18136145174503326,0,0,normal,0.98,keep,none
2024-06-22 07:20:00,0,,-0.186951427063203,0,0.19093775749206543,0,0,normal,0.98,keep,none
2024-06-22 07:30:00,0,,-0.17557506041955534,0,0.17628991603851318,0,0,normal,0.98,keep,none
2024-06-22 07:40:00,0,,-0.20268649726184268,0,0.17471487820148468,0,0,normal,0.98,keep,none
2024-06-22 07:50:00,0,,-0.20057601666777786,0,0.1706800013780594,0,0,normal,0.98,keep,none
2024-06-22 08:00:00,0,,-0.19874081961027668,0,0.16969120502471924,0,0,normal,0.98,keep,none
2024-06-22 08:10:00,0,,-0.2002820646024434,0,0.16183269023895264,0,0,normal,0.98,keep,none
2024-06-22 08:20:00,0,,-0.19881776476084623,0,0.15740728378295898,0,0,normal,0.98,keep,none
2024-06-22 08:30:00,0,,-0.19663165084980494,0,0.15779277682304382,0,0,normal,0.98,keep,none
2024-06-22 08:40:00,0,,-0.1959483264905194,0,0.15765653550624847,0,0,normal,0.98,keep,none
2024-06-22 08:50:00,0,,-0.19757042548219916,0,0.156959667801857,0,0,normal,0.98,keep,none
2024-06-22 09:00:00,0,,-0.20335104299572904,0,0.15540023148059845,0,0,normal,0.98,keep,none
2024-06-22 09:10:00,0,,-0.19728380250918387,0,0.1566648781299591,0,0,normal,0.98,keep,none
2024-06-22 09:20:00,0,,-0.19605966612444037,0,0.1581755131483078,0,0,normal,0.98,keep,none
2024-06-22 09:30:00,0,,-0.20019280934050038,0,0.14867974817752838,0,0,normal,0.98,keep,none
2024-06-22 09:40:00,0,,-0.19999845477298478,0,0.1440659910440445,0,0,normal,0.98,keep,none
2024-06-22 09:50:00,0,,-0.19976797616462866,0,0.1369842290878296,0,0,normal,0.98,keep,none
2024-06-22 10:00:00,1,stuck,-0.11343199475710097,0,0.15054817497730255,0,1,stuck,0.86,correct,rule
2024-06-22 10:10:00,1,stuck,-0.10782556752623573,0,0.17062340676784515,0,1,stuck,0.86,correct,rule
2024-06-22 10:20:00,1,stuck,-0.11508847210253664,0,0.17690983414649963,0,1,stuck,0.86,correct,rule
2024-06-22 10:30:00,1,stuck,-0.09206108881349595,0,0.20183344185352325,0,1,stuck,0.86,correct,rule
2024-06-22 10:40:00,1,stuck,-0.08772765567393048,0,0.238081693649292,0,1,stuck,0.86,correct,rule
2024-06-22 10:50:00,1,stuck,-0.08074634089989247,0,0.2847638428211212,0,1,stuck,0.86,correct,rule
2024-06-22 11:00:00,1,stuck,-0.08978237407439121,0,0.319516658782959,0,1,long_gap_low_confidence,0.45,manual_review,rule
2024-06-22 11:10:00,1,stuck,-0.10344885765281736,0,0.3479805290699005,0,1,stuck,0.86,correct,rule
2024-06-22 11:20:00,1,stuck,-0.10805294632295398,0,0.39424869418144226,0,1,stuck,0.86,correct,rule
2024-06-22 11:30:00,1,stuck,-0.09806356785490555,0,0.4058079421520233,0,1,stuck,0.86,correct,rule
2024-06-22 11:40:00,1,stuck,-0.0997629197802754,0,0.45081278681755066,0,1,stuck,0.86,correct,rule
2024-06-22 11:50:00,1,stuck,-0.1098191076054667,0,0.4517885148525238,0,1,stuck,0.86,correct,rule
2024-06-22 12:00:00,1,stuck,-0.10227149679025849,0,0.47446560859680176,0,1,stuck,0.86,correct,rule
2024-06-22 12:10:00,0,,-0.13878380183115713,0,0.4814060926437378,0,0,normal,0.98,keep,none
2024-06-22 12:20:00,0,,-0.1709478759309082,0,0.47115689516067505,0,0,normal,0.98,keep,none
2024-06-22 12:30:00,0,,-0.18824846337832524,0,0.4572049677371979,0,0,normal,0.98,keep,none
2024-06-22 12:40:00,0,,-0.1780354193182937,0,0.4551754295825958,0,0,normal,0.98,keep,none
2024-06-22 12:50:00,0,,-0.1819058560157346,0,0.4561639428138733,0,0,normal,0.98,keep,none
2024-06-22 13:00:00,0,,-0.19613331093763153,0,0.4396817982196808,0,0,normal,0.98,keep,none
2024-06-22 13:10:00,0,,-0.200642848933395,0,0.40551209449768066,0,0,normal,0.98,keep,none
2024-06-22 13:20:00,0,,-0.18988098133370163,0,0.3812558054924011,0,0,normal,0.98,keep,none
2024-06-22 13:30:00,0,,-0.1945408040971861,0,0.347001850605011,0,0,normal,0.98,keep,none
2024-06-22 13:40:00,0,,-0.1832691945754759,0,0.33852508664131165,0,0,normal,0.98,keep,none
2024-06-22 13:50:00,0,,-0.18997216606464423,0,0.2868429124355316,0,0,normal,0.98,keep,none
2024-06-22 14:00:00,0,,-0.1877905398735955,0,0.26578834652900696,0,0,normal,0.98,keep,none
2024-06-22 14:10:00,1,missing,-0.14257551123663537,0,0.26250144839286804,0,1,missing,0.86,correct,rule
2024-06-22 14:20:00,0,,-0.1783714105284963,0,0.25517114996910095,0,0,normal,0.98,keep,none
2024-06-22 14:30:00,0,,-0.18770398269357363,0,0.2251366823911667,0,0,normal,0.98,keep,none
2024-06-22 14:40:00,0,,-0.18807869538687527,0,0.2016562670469284,0,0,normal,0.98,keep,none
2024-06-22 14:50:00,0,,-0.1950714883686131,0,0.1831105798482895,0,0,normal,0.98,keep,none
2024-06-22 15:00:00,0,,-0.18861917589624344,0,0.16350656747817993,0,0,normal,0.98,keep,none
2024-06-22 15:10:00,0,,-0.19519384682874485,0,0.16213686764240265,0,0,normal,0.98,keep,none
2024-06-22 15:20:00,0,,-0.18344339254430414,0,0.17855235934257507,0,0,normal,0.98,keep,none
2024-06-22 15:30:00,0,,-0.19012908783892163,0,0.18284864723682404,0,0,normal,0.98,keep,none
2024-06-22 15:40:00,0,,-0.19529723826618917,0,0.17778778076171875,0,0,normal,0.98,keep,none
2024-06-22 15:50:00,0,,-0.19805745060345775,0,0.1789713203907013,0,0,normal,0.98,keep,none
2024-06-22 16:00:00,0,,-0.1770334285330175,0,0.19160324335098267,0,0,normal,0.98,keep,none
2024-06-22 16:10:00,0,,-0.19139760324188354,0,0.19846369326114655,0,0,normal,0.98,keep,none
2024-06-22 16:20:00,0,,-0.18257636690814466,0,0.2025926560163498,0,0,normal,0.98,keep,none
2024-06-22 16:30:00,0,,-0.19556257363722174,0,0.20568180084228516,0,0,normal,0.98,keep,none
2024-06-22 16:40:00,0,,-0.1968726817009066,0,0.1963552087545395,0,0,normal,0.98,keep,none
2024-06-22 16:50:00,0,,-0.19903098120945378,0,0.18900112807750702,0,0,normal,0.98,keep,none
2024-06-22 17:00:00,0,,-0.11515440119381942,0,0.2314658761024475,0,0,normal,0.98,keep,none
2024-06-22 17:10:00,0,,-0.056333582813455796,0,0.32563450932502747,0,0,normal,0.98,keep,none
2024-06-22 17:20:00,0,,-0.072751683158925,0,0.39181187748908997,0,0,normal,0.98,keep,none
2024-06-22 17:30:00,0,,-0.04951700147755922,0,0.5025687217712402,0,0,normal,0.98,keep,none
2024-06-22 17:40:00,0,,-0.036251390959980645,0,0.6062148213386536,0,0,normal,0.98,keep,none
2024-06-22 17:50:00,1,missing,-0.052229928609947573,0,0.7379428744316101,0,1,missing,0.86,correct,rule
2024-06-22 18:00:00,0,,-0.029674195849992868,0,0.8354735970497131,0,0,normal,0.98,keep,none
2024-06-22 18:10:00,0,,-0.020133844216584262,0,0.9909592866897583,0,0,normal,0.98,keep,none
2024-06-22 18:20:00,0,,-0.012385312833982809,0,1.0557676553726196,0,0,normal,0.98,keep,none
2024-06-22 18:30:00,0,,-0.02987028573006245,0,1.116693377494812,0,0,normal,0.98,keep,none
2024-06-22 18:40:00,0,,-0.05054264377705475,0,1.1241960525512695,0,0,normal,0.98,keep,none
2024-06-22 18:50:00,0,,-0.0760095081744872,0,1.1180107593536377,0,0,normal,0.98,keep,none
2024-06-22 19:00:00,0,,-0.09842321638431772,0,1.1442736387252808,0,0,normal,0.98,keep,none
2024-06-22 19:10:00,0,,-0.10277859908295717,0,1.1315113306045532,0,0,normal,0.98,keep,none
2024-06-22 19:20:00,0,,-0.13193800541698858,0,1.1023651361465454,0,0,normal,0.98,keep,none
2024-06-22 19:30:00,0,,-0.13502775251586563,0,1.0734329223632812,0,0,normal,0.98,keep,none
2024-06-22 19:40:00,0,,-0.11181191874530938,0,1.1150445938110352,0,0,normal,0.98,keep,none
2024-06-22 19:50:00,0,,-0.1519611001323532,0,1.1417598724365234,0,0,normal,0.98,keep,none
2024-06-22 20:00:00,0,,-0.15463440536773781,0,1.140742540359497,0,0,normal,0.98,keep,none
2024-06-22 20:10:00,0,,-0.1717967937525242,0,1.0425299406051636,0,0,normal,0.98,keep,none
2024-06-22 20:20:00,0,,-0.16328690439523108,0,1.0176345109939575,0,0,normal,0.98,keep,none
2024-06-22 20:30:00,0,,-0.1679190071958177,0,0.9435930252075195,0,0,normal,0.98,keep,none
2024-06-22 20:40:00,0,,-0.14728352841145953,0,0.8989725708961487,0,0,normal,0.98,keep,none
2024-06-22 20:50:00,0,,-0.16788034387183648,0,0.8077118396759033,0,0,normal,0.98,keep,none
2024-06-22 21:00:00,0,,-0.16036256220874573,0,0.7453431487083435,0,0,normal,0.98,keep,none
2024-06-22 21:10:00,0,,-0.17202820740364988,0,0.5808508396148682,0,0,normal,0.98,keep,none
2024-06-22 21:20:00,0,,-0.1623006055955417,0,0.5169631242752075,0,0,normal,0.98,keep,none
2024-06-22 21:30:00,0,,-0.17376862432492046,0,0.45921003818511963,0,0,normal,0.98,keep,none
2024-06-22 21:40:00,0,,-0.17337153203407024,0,0.433657705783844,0,0,normal,0.98,keep,none
2024-06-22 21:50:00,1,negative,-0.08342746809440071,0,0.49377888441085815,0,1,negative,0.86,correct,rule
2024-06-22 22:00:00,0,,-0.13665822967373847,0,0.43286699056625366,0,0,normal,0.98,keep,none
2024-06-22 22:10:00,0,,-0.1445546449473658,0,0.39826375246047974,0,0,normal,0.98,keep,none
2024-06-22 22:20:00,0,,-0.16339895364246965,0,0.38204100728034973,0,0,normal,0.98,keep,none
2024-06-22 22:30:00,0,,-0.14981327756423363,0,0.3600396513938904,0,0,normal,0.98,keep,none
2024-06-22 22:40:00,0,,-0.15102973463317004,0,0.2861991226673126,0,0,normal,0.98,keep,none
2024-06-22 22:50:00,0,,-0.17109516629623633,0,0.27496424317359924,0,0,normal,0.98,keep,none
2024-06-22 23:00:00,0,,-0.14998192419714707,0,0.27559295296669006,0,0,normal,0.98,keep,none
2024-06-22 23:10:00,0,,-0.1676151913363898,0,0.31394991278648376,0,0,normal,0.98,keep,none
2024-06-22 23:20:00,0,,-0.17802973971822095,0,0.3060888350009918,0,0,normal,0.98,keep,none
2024-06-22 23:30:00,0,,-0.18173151375496993,0,0.2955526113510132,0,0,normal,0.98,keep,none
2024-06-22 23:40:00,0,,-0.1837159757360569,0,0.29489585757255554,0,0,normal,0.98,keep,none
2024-06-22 23:50:00,0,,-0.14275026129079055,0,0.2933046221733093,0,0,normal,0.98,keep,none
2024-06-23 00:00:00,0,,-0.17730557401071906,0,0.2884608805179596,0,0,normal,0.98,keep,none
2024-06-23 00:10:00,0,,-0.15176534829021449,0,0.2890903949737549,0,0,normal,0.98,keep,none
2024-06-23 00:20:00,0,,-0.16102466343913158,0,0.2926087975502014,0,0,normal,0.98,keep,none
2024-06-23 00:30:00,0,,-0.16956069917275574,0,0.29031938314437866,0,0,normal,0.98,keep,none
2024-06-23 00:40:00,0,,-0.16755588469614047,0,0.2799271047115326,0,0,normal,0.98,keep,none
2024-06-23 00:50:00,1,missing,-0.1272588916952242,0,0.30086255073547363,0,1,missing,0.86,correct,rule
2024-06-23 01:00:00,0,,-0.15916152327532523,0,0.2744384706020355,0,0,normal,0.98,keep,none
2024-06-23 01:10:00,0,,-0.1685573025805983,0,0.26856204867362976,0,0,normal,0.98,keep,none
2024-06-23 01:20:00,0,,-0.16760404259306239,0,0.26687929034233093,0,0,normal,0.98,keep,none
2024-06-23 01:30:00,0,,-0.15758407407257075,0,0.2737046480178833,0,0,normal,0.98,keep,none
2024-06-23 01:40:00,0,,-0.17673501062262642,0,0.26396578550338745,0,0,normal,0.98,keep,none
2024-06-23 01:50:00,0,,-0.16919759998037043,0,0.27005329728126526,0,0,normal,0.98,keep,none
2024-06-23 02:00:00,0,,-0.1755853611537062,0,0.23982077836990356,0,0,normal,0.98,keep,none
2024-06-23 02:10:00,0,,-0.17323682338211582,0,0.22958646714687347,0,0,normal,0.98,keep,none
2024-06-23 02:20:00,0,,-0.16993970704497802,0,0.22846750915050507,0,0,normal,0.98,keep,none
2024-06-23 02:30:00,0,,-0.17567957161311243,0,0.22882530093193054,0,0,normal,0.98,keep,none
2024-06-23 02:40:00,0,,-0.1684807582618862,0,0.23529288172721863,0,0,normal,0.98,keep,none
2024-06-23 02:50:00,0,,-0.1828508847469273,0,0.21514424681663513,0,0,normal,0.98,keep,none
2024-06-23 03:00:00,0,,-0.16292821083016523,0,0.2191772311925888,0,0,normal,0.98,keep,none
2024-06-23 03:10:00,0,,-0.17785480628581762,0,0.20811109244823456,0,0,normal,0.98,keep,none
2024-06-23 03:20:00,0,,-0.1769042862338176,0,0.20311065018177032,0,0,normal,0.98,keep,none
2024-06-23 03:30:00,0,,-0.17372469084055503,0,0.19735825061798096,0,0,normal,0.98,keep,none
2024-06-23 03:40:00,0,,-0.1738094579955295,0,0.19138795137405396,0,0,normal,0.98,keep,none
2024-06-23 03:50:00,0,,-0.17903636658793065,0,0.16332130134105682,0,0,normal,0.98,keep,none
2024-06-23 04:00:00,0,,-0.17962798133609909,0,0.15583506226539612,0,0,normal,0.98,keep,none
2024-06-23 04:10:00,0,,-0.18680890021699142,0,0.14957110583782196,0,0,normal,0.98,keep,none
2024-06-23 04:20:00,0,,-0.18877842751655904,0,0.14369136095046997,0,0,normal,0.98,keep,none
2024-06-23 04:30:00,0,,-0.18201973747751643,0,0.13463811576366425,0,0,normal,0.98,keep,none
2024-06-23 04:40:00,0,,-0.18058773541565942,0,0.13420885801315308,0,0,normal,0.98,keep,none
2024-06-23 04:50:00,0,,-0.18749098270205267,0,0.13369855284690857,0,0,normal,0.98,keep,none
2024-06-23 05:00:00,0,,-0.17901025106741952,0,0.13970331847667694,0,0,normal,0.98,keep,none
2024-06-23 05:10:00,0,,-0.19232315284727658,0,0.13918493688106537,0,0,normal,0.98,keep,none
2024-06-23 05:20:00,0,,-0.1673193433882056,0,0.14360567927360535,0,0,normal,0.98,keep,none
2024-06-23 05:30:00,0,,-0.19009149909666173,0,0.14698810875415802,0,0,normal,0.98,keep,none
2024-06-23 05:40:00,0,,-0.19193659874407337,0,0.14062948524951935,0,0,normal,0.98,keep,none
2024-06-23 05:50:00,0,,-0.19291307919197792,0,0.14276348054409027,0,0,normal,0.98,keep,none
2024-06-23 06:00:00,1,missing,-0.1562556713889925,0,0.16359299421310425,0,1,missing,0.86,correct,rule
2024-06-23 06:10:00,0,,-0.1804487995947009,0,0.1805223822593689,0,0,normal,0.98,keep,none
2024-06-23 06:20:00,0,,-0.19305039744317432,0,0.1883821189403534,0,0,normal,0.98,keep,none
2024-06-23 06:30:00,0,,-0.18830816090298946,0,0.19833628833293915,0,0,normal,0.98,keep,none
2024-06-23 06:40:00,1,negative,-0.12962301182773983,0,0.24159356951713562,0,1,negative,0.86,correct,rule
2024-06-23 06:50:00,0,,-0.158233236639106,0,0.23874887824058533,0,0,normal,0.98,keep,none
2024-06-23 07:00:00,0,,-0.1730464489249996,0,0.2504549026489258,0,0,normal,0.98,keep,none
2024-06-23 07:10:00,0,,-0.1924387020562729,0,0.25654420256614685,0,0,normal,0.98,keep,none
2024-06-23 07:20:00,0,,-0.183860704430875,0,0.26849982142448425,0,0,normal,0.98,keep,none
2024-06-23 07:30:00,0,,-0.18650654487983825,0,0.2706095278263092,0,0,normal,0.98,keep,none
2024-06-23 07:40:00,0,,-0.16117711283236313,0,0.2819122076034546,0,0,normal,0.98,keep,none
2024-06-23 07:50:00,0,,-0.18735920543153417,0,0.2901540696620941,0,0,normal,0.98,keep,none
2024-06-23 08:00:00,0,,-0.19810024445426588,0,0.2787545919418335,0,0,normal,0.98,keep,none
2024-06-23 08:10:00,0,,-0.19133272670211737,0,0.28737112879753113,0,0,normal,0.98,keep,none
2024-06-23 08:20:00,1,negative,-0.12179895277124908,0,0.34638747572898865,0,1,negative,0.86,correct,rule
2024-06-23 08:30:00,0,,-0.15292881501224953,0,0.31373319029808044,0,0,normal,0.98,keep,none
2024-06-23 08:40:00,0,,-0.172033895632754,0,0.30738791823387146,0,0,normal,0.98,keep,none
2024-06-23 08:50:00,0,,-0.17707507473564027,0,0.30291250348091125,0,0,normal,0.98,keep,none
2024-06-23 09:00:00,0,,-0.1770925083225981,0,0.27602022886276245,0,0,normal,0.98,keep,none
2024-06-23 09:10:00,0,,-0.1851590722690658,0,0.25021663308143616,0,0,normal,0.98,keep,none
2024-06-23 09:20:00,0,,-0.18871030312510118,0,0.23002584278583527,0,0,normal,0.98,keep,none
2024-06-23 09:30:00,0,,-0.1795001365163239,0,0.2264622002840042,0,0,normal,0.98,keep,none
2024-06-23 09:40:00,0,,-0.1933374689529892,0,0.19336068630218506,0,0,normal,0.98,keep,none
2024-06-23 09:50:00,0,,-0.18316346066907424,0,0.18854431807994843,0,0,normal,0.98,keep,none
2024-06-23 10:00:00,0,,-0.19015911926296586,0,0.17486537992954254,0,0,normal,0.98,keep,none
2024-06-23 10:10:00,0,,-0.17769999914183693,0,0.18024934828281403,0,0,normal,0.98,keep,none
2024-06-23 10:20:00,0,,-0.18332897352893968,0,0.1745443344116211,0,0,normal,0.98,keep,none
2024-06-23 10:30:00,0,,-0.18616772741345416,0,0.1728859841823578,0,0,normal,0.98,keep,none
2024-06-23 10:40:00,0,,-0.18182701580133526,0,0.15501046180725098,0,0,normal,0.98,keep,none
2024-06-23 10:50:00,0,,-0.18341370313933275,0,0.14682231843471527,0,0,normal,0.98,keep,none
2024-06-23 11:00:00,0,,-0.1850152050204737,0,0.1452222615480423,0,0,normal,0.98,keep,none
2024-06-23 11:10:00,1,missing,-0.15107703251761462,0,0.17210598289966583,0,1,missing,0.86,correct,rule
2024-06-23 11:20:00,0,,-0.18839780978573556,0,0.14240695536136627,0,0,normal,0.98,keep,none
2024-06-23 11:30:00,0,,-0.19007221626537346,0,0.13965627551078796,0,0,normal,0.98,keep,none
2024-06-23 11:40:00,0,,-0.1907007805972381,0,0.13639099895954132,0,0,normal,0.98,keep,none
2024-06-23 11:50:00,0,,-0.18988199486873025,0,0.13651876151561737,0,0,normal,0.98,keep,none
2024-06-23 12:00:00,0,,-0.18764320329828388,0,0.1375732570886612,0,0,normal,0.98,keep,none
2024-06-23 12:10:00,0,,-0.17432772471252905,0,0.14594869315624237,0,0,normal,0.98,keep,none
2024-06-23 12:20:00,0,,-0.18831173063735107,0,0.14437341690063477,0,0,normal,0.98,keep,none
2024-06-23 12:30:00,0,,-0.19080239282287897,0,0.14104321599006653,0,0,normal,0.98,keep,none
2024-06-23 12:40:00,0,,-0.1802016591495912,0,0.14377766847610474,0,0,normal,0.98,keep,none
2024-06-23 12:50:00,0,,-0.18524695097421562,0,0.1485898345708847,0,0,normal,0.98,keep,none
2024-06-23 13:00:00,0,,-0.18619317299289972,0,0.1483551412820816,0,0,normal,0.98,keep,none
2024-06-23 13:10:00,0,,-0.18368114520853684,0,0.1475946307182312,0,0,normal,0.98,keep,none
2024-06-23 13:20:00,1,missing,-0.15724991465030574,0,0.15733149647712708,0,1,missing,0.86,correct,rule
2024-06-23 13:30:00,0,,-0.19270122419737717,0,0.16205427050590515,0,0,normal,0.98,keep,none
2024-06-23 13:40:00,0,,-0.18317873037674315,0,0.16363635659217834,0,0,normal,0.98,keep,none
2024-06-23 13:50:00,0,,-0.17060274988806617,0,0.17868514358997345,0,0,normal,0.98,keep,none
2024-06-23 14:00:00,0,,-0.17787205532588662,0,0.17925971746444702,0,0,normal,0.98,keep,none
2024-06-23 14:10:00,0,,-0.17399071891145845,0,0.16439734399318695,0,0,normal,0.98,keep,none
2024-06-23 14:20:00,0,,-0.1669107808776636,0,0.17562077939510345,0,0,normal,0.98,keep,none
2024-06-23 14:30:00,0,,-0.17658866855402483,0,0.17847949266433716,0,0,normal,0.98,keep,none
2024-06-23 14:40:00,0,,-0.17833287224347416,0,0.1803465038537979,0,0,normal,0.98,keep,none
2024-06-23 14:50:00,0,,-0.18620245499629096,0,0.1776784509420395,0,0,normal,0.98,keep,none
2024-06-23 15:00:00,0,,-0.18590569443974042,0,0.1780492216348648,0,0,normal,0.98,keep,none
2024-06-23 15:10:00,0,,-0.19315130301874178,0,0.16790711879730225,0,0,normal,0.98,keep,none
2024-06-23 15:20:00,0,,-0.1941964034683894,0,0.1692572832107544,0,0,normal,0.98,keep,none
2024-06-23 15:30:00,0,,-0.19731025824255483,0,0.1712687909603119,0,0,normal,0.98,keep,none
2024-06-23 15:40:00,1,missing,-0.15953461587275186,0,0.19480000436306,0,1,missing,0.86,correct,rule
2024-06-23 15:50:00,0,,-0.18981198727922288,0,0.1851475089788437,0,0,normal,0.98,keep,none
2024-06-23 16:00:00,0,,-0.18044705242802273,0,0.18870055675506592,0,0,normal,0.98,keep,none
2024-06-23 16:10:00,0,,-0.19064549712723927,0,0.18647216260433197,0,0,normal,0.98,keep,none
2024-06-23 16:20:00,0,,-0.19785622161855448,0,0.16652217507362366,0,0,normal,0.98,keep,none
2024-06-23 16:30:00,0,,-0.19467253589964262,0,0.1685432642698288,0,0,normal,0.98,keep,none
2024-06-23 16:40:00,0,,-0.18786233344242764,0,0.16576364636421204,0,0,normal,0.98,keep,none
2024-06-23 16:50:00,0,,-0.20215541953827854,0,0.1586095541715622,0,0,normal,0.98,keep,none
2024-06-23 17:00:00,0,,-0.1792140128526375,0,0.17016524076461792,0,0,normal,0.98,keep,none
2024-06-23 17:10:00,0,,-0.18984764573346347,0,0.1576196551322937,0,0,normal,0.98,keep,none
2024-06-23 17:20:00,0,,-0.19437645977302753,0,0.1477998048067093,0,0,normal,0.98,keep,none
2024-06-23 17:30:00,0,,-0.19054382381205198,0,0.14150938391685486,0,0,normal,0.98,keep,none
2024-06-23 17:40:00,0,,-0.19311219533965163,0,0.13806532323360443,0,0,normal,0.98,keep,none
2024-06-23 17:50:00,0,,-0.19868499806358275,0,0.13416029512882233,0,0,normal,0.98,keep,none
2024-06-23 18:00:00,0,,-0.19051413395390893,0,0.13303586840629578,0,0,normal,0.98,keep,none
2024-06-23 18:10:00,0,,-0.2026096928447899,0,0.12696921825408936,0,0,normal,0.98,keep,none
2024-06-23 18:20:00,0,,-0.19965659199728725,0,0.1192733645439148,0,0,normal,0.98,keep,none
2024-06-23 18:30:00,0,,-0.1960026498118949,0,0.11330115050077438,0,0,normal,0.98,keep,none
2024-06-23 18:40:00,0,,-0.1985369690793311,0,0.0882553979754448,0,0,normal,0.98,keep,none
2024-06-23 18:50:00,0,,-0.19246595932282584,0,0.08805153518915176,0,0,normal,0.98,keep,none
2024-06-23 19:00:00,0,,-0.19703417981662757,0,0.08321516215801239,0,0,normal,0.98,keep,none
2024-06-23 19:10:00,0,,-0.19096086411951335,0,0.0818527489900589,0,0,normal,0.98,keep,none
2024-06-23 19:20:00,0,,-0.1964735994774931,0,0.08585815876722336,0,0,normal,0.98,keep,none
2024-06-23 19:30:00,0,,-0.18480262311515272,0,0.08888225257396698,0,0,normal,0.98,keep,none
2024-06-23 19:40:00,0,,-0.1847685821026704,0,0.08501043915748596,0,0,normal,0.98,keep,none
2024-06-23 19:50:00,0,,-0.1896920738533226,0,0.08693794906139374,0,0,normal,0.98,keep,none
2024-06-23 20:00:00,0,,-0.18618715821161114,0,0.0769752711057663,0,0,normal,0.98,keep,none
2024-06-23 20:10:00,0,,-0.18004358836196777,0,0.0800294354557991,0,0,normal,0.98,keep,none
2024-06-23 20:20:00,0,,-0.19690497982960364,0,0.0801122635602951,0,0,normal,0.98,keep,none
2024-06-23 20:30:00,0,,-0.17656680420446413,0,0.08780311048030853,0,0,normal,0.98,keep,none
2024-06-23 20:40:00,0,,-0.18426674335075832,0,0.09143678098917007,0,0,normal,0.98,keep,none
2024-06-23 20:50:00,0,,-0.1958918437525971,0,0.0901625007390976,0,0,normal,0.98,keep,none
2024-06-23 21:00:00,1,missing,-0.1553776312885688,0,0.12422152608633041,0,1,missing,0.86,correct,rule
2024-06-23 21:10:00,0,,-0.19173701552175576,0,0.12388911098241806,0,0,normal,0.98,keep,none
2024-06-23 21:20:00,0,,-0.19600205960589467,0,0.1258545219898224,0,0,normal,0.98,keep,none
2024-06-23 21:30:00,0,,-0.19810030619887103,0,0.1294270157814026,0,0,normal,0.98,keep,none
2024-06-23 21:40:00,0,,-0.18300243410962602,0,0.1416911482810974,0,0,normal,0.98,keep,none
2024-06-23 21:50:00,0,,-0.1928561277435904,0,0.15320329368114471,0,0,normal,0.98,keep,none
2024-06-23 22:00:00,0,,-0.17949311574812632,0,0.1607891172170639,0,0,normal,0.98,keep,none
2024-06-23 22:10:00,0,,-0.18167504649667043,0,0.16698049008846283,0,0,normal,0.98,keep,none
2024-06-23 22:20:00,0,,-0.19782953543092607,0,0.16846024990081787,0,0,normal,0.98,keep,none
2024-06-23 22:30:00,0,,-0.19631906608252048,0,0.16847269237041473,0,0,normal,0.98,keep,none
2024-06-23 22:40:00,0,,-0.17025974826502183,0,0.1812162697315216,0,0,normal,0.98,keep,none
2024-06-23 22:50:00,0,,-0.19732314010413476,0,0.17674224078655243,0,0,normal,0.98,keep,none
2024-06-23 23:00:00,0,,-0.19907084455013535,0,0.1724863499403,0,0,normal,0.98,keep,none
2024-06-23 23:10:00,1,missing,-0.14740842212545324,0,0.20845170319080353,0,1,missing,0.86,correct,rule
2024-06-23 23:20:00,0,,-0.19946866630795512,0,0.19899268448352814,0,0,normal,0.98,keep,none
2024-06-23 23:30:00,0,,-0.20251012081252479,0,0.18556071817874908,0,0,normal,0.98,keep,none
2024-06-23 23:40:00,0,,-0.18058640343039067,0,0.19928066432476044,0,0,normal,0.98,keep,none
2024-06-23 23:50:00,0,,-0.19773548693075288,0,0.2000623643398285,0,0,normal,0.98,keep,none
2024-06-24 00:00:00,0,,-0.18791685626090454,0,0.18802274763584137,0,0,normal,0.98,keep,none
2024-06-24 00:10:00,0,,-0.1980978751401133,0,0.18531332910060883,0,0,normal,0.98,keep,none
2024-06-24 00:20:00,0,,-0.19224366360578882,0,0.1857416033744812,0,0,normal,0.98,keep,none
2024-06-24 00:30:00,0,,-0.19583172827181478,0,0.18751956522464752,0,0,normal,0.98,keep,none
2024-06-24 00:40:00,0,,-0.1980433277659051,0,0.1734546273946762,0,0,normal,0.98,keep,none
2024-06-24 00:50:00,0,,-0.1657021634851003,0,0.17959171533584595,0,0,normal,0.98,keep,none
2024-06-24 01:00:00,0,,-0.18746913910795043,0,0.1722305566072464,0,0,normal,0.98,keep,none
2024-06-24 01:10:00,0,,-0.19289482084233,0,0.16631989181041718,0,0,normal,0.98,keep,none
2024-06-24 01:20:00,0,,-0.1894469911653638,0,0.1684020459651947,0,0,normal,0.98,keep,none
2024-06-24 01:30:00,0,,-0.1979997468310834,0,0.16680093109607697,0,0,normal,0.98,keep,none
2024-06-24 01:40:00,0,,-0.19666588121553646,0,0.14873801171779633,0,0,normal,0.98,keep,none
2024-06-24 01:50:00,0,,-0.1882456480754765,0,0.1504785567522049,0,0,normal,0.98,keep,none
2024-06-24 02:00:00,0,,-0.18031144553441042,0,0.15501932799816132,0,0,normal,0.98,keep,none
2024-06-24 02:10:00,0,,-0.17884224656771192,0,0.12969978153705597,0,0,normal,0.98,keep,none
2024-06-24 02:20:00,0,,-0.19448048874818852,0,0.13257655501365662,0,0,normal,0.98,keep,none
2024-06-24 02:30:00,0,,-0.1793514798659353,0,0.14327554404735565,0,0,normal,0.98,keep,none
2024-06-24 02:40:00,0,,-0.19298894994573967,0,0.13372032344341278,0,0,normal,0.98,keep,none
2024-06-24 02:50:00,0,,-0.19604869456792745,0,0.13635499775409698,0,0,normal,0.98,keep,none
2024-06-24 03:00:00,0,,-0.20113726627785505,0,0.1310066282749176,0,0,normal,0.98,keep,none
2024-06-24 03:10:00,0,,-0.19229688032617553,0,0.13524721562862396,0,0,normal,0.98,keep,none
2024-06-24 03:20:00,1,missing,-0.15140366671270145,0,0.17373104393482208,0,1,missing,0.86,correct,rule
2024-06-24 03:30:00,0,,-0.1788769828557138,0,0.17554207146167755,0,0,normal,0.98,keep,none
2024-06-24 03:40:00,0,,-0.19633317164691666,0,0.18065650761127472,0,0,normal,0.98,keep,none
2024-06-24 03:50:00,0,,-0.20104979951187385,0,0.16718804836273193,0,0,normal,0.98,keep,none
2024-06-24 04:00:00,0,,-0.19879778453604924,0,0.1620100438594818,0,0,normal,0.98,keep,none
2024-06-24 04:10:00,0,,-0.16306014264971785,0,0.18811440467834473,0,0,normal,0.98,keep,none
2024-06-24 04:20:00,0,,-0.18823223630642216,0,0.19363199174404144,0,0,normal,0.98,keep,none
2024-06-24 04:30:00,1,missing,-0.15129648461657164,0,0.2737348973751068,0,1,missing,0.86,correct,rule
2024-06-24 04:40:00,0,,-0.17352266764308838,0,0.2550513446331024,0,0,normal,0.98,keep,none
2024-06-24 04:50:00,0,,-0.19302002111341016,0,0.2595357596874237,0,0,normal,0.98,keep,none
2024-06-24 05:00:00,0,,-0.18452838655572412,0,0.2627886235713959,0,0,normal,0.98,keep,none
2024-06-24 05:10:00,0,,-0.19447191342119602,0,0.26958850026130676,0,0,normal,0.98,keep,none
2024-06-24 05:20:00,1,missing,-0.15945085154708616,0,0.3101021647453308,0,1,missing,0.86,correct,rule
2024-06-24 05:30:00,0,,-0.19508586609362638,0,0.2972925901412964,0,0,normal,0.98,keep,none
2024-06-24 05:40:00,0,,-0.20351346326711578,0,0.2946338653564453,0,0,normal,0.98,keep,none
2024-06-24 05:50:00,0,,-0.2010812685579747,0,0.2974514365196228,0,0,normal,0.98,keep,none
2024-06-24 06:00:00,0,,-0.20319590003682958,0,0.30196112394332886,0,0,normal,0.98,keep,none
2024-06-24 06:10:00,0,,-0.20026008368213322,0,0.30709710717201233,0,0,normal,0.98,keep,none
2024-06-24 06:20:00,0,,-0.19911897544906926,0,0.2832058072090149,0,0,normal,0.98,keep,none
2024-06-24 06:30:00,0,,-0.2010445502738985,0,0.27613529562950134,0,0,normal,0.98,keep,none
2024-06-24 06:40:00,0,,-0.19865535849716942,0,0.27946752309799194,0,0,normal,0.98,keep,none
2024-06-24 06:50:00,0,,-0.20509258451452012,0,0.2779407203197479,0,0,normal,0.98,keep,none
2024-06-24 07:00:00,0,,-0.1991959046027162,0,0.27720022201538086,0,0,normal,0.98,keep,none
2024-06-24 07:10:00,0,,-0.17731594700341746,0,0.27334722876548767,0,0,normal,0.98,keep,none
2024-06-24 07:20:00,1,missing,-0.1565117549683448,0,0.3034828007221222,0,1,missing,0.86,correct,rule
2024-06-24 07:30:00,0,,-0.19506226941016408,0,0.25960731506347656,0,0,normal,0.98,keep,none
2024-06-24 07:40:00,0,,-0.19382152538331987,0,0.24145430326461792,0,0,normal,0.98,keep,none
2024-06-24 07:50:00,0,,-0.19115797601271278,0,0.23052090406417847,0,0,normal,0.98,keep,none
2024-06-24 08:00:00,0,,-0.19634091104929857,0,0.2206987887620926,0,0,normal,0.98,keep,none
2024-06-24 08:10:00,0,,-0.18554298266637642,0,0.21519888937473297,0,0,normal,0.98,keep,none
2024-06-24 08:20:00,0,,-0.19185616186453575,0,0.18584701418876648,0,0,normal,0.98,keep,none
2024-06-24 08:30:00,0,,-0.18756711029805262,0,0.17970721423625946,0,0,normal,0.98,keep,none
2024-06-24 08:40:00,0,,-0.18518526790144468,0,0.17761163413524628,0,0,normal,0.98,keep,none
2024-06-24 08:50:00,0,,-0.19207566217675187,0,0.17556264996528625,0,0,normal,0.98,keep,none
2024-06-24 09:00:00,0,,-0.19389588247353967,0,0.16921962797641754,0,0,normal,0.98,keep,none
2024-06-24 09:10:00,0,,-0.18472304604851858,0,0.16517505049705505,0,0,normal,0.98,keep,none
2024-06-24 09:20:00,0,,-0.1838873755842126,0,0.1565616875886917,0,0,normal,0.98,keep,none
2024-06-24 09:30:00,0,,-0.18431888973756322,0,0.15496568381786346,0,0,normal,0.98,keep,none
2024-06-24 09:40:00,0,,-0.19000735484757725,0,0.14559383690357208,0,0,normal,0.98,keep,none
2024-06-24 09:50:00,0,,-0.17320288095913633,0,0.15107768774032593,0,0,normal,0.98,keep,none
2024-06-24 10:00:00,0,,-0.17196611236922515,0,0.1520395576953888,0,0,normal,0.98,keep,none
2024-06-24 10:10:00,0,,-0.18812410267300383,0,0.1344369500875473,0,0,normal,0.98,keep,none
2024-06-24 10:20:00,0,,-0.18905801031335978,0,0.10255701839923859,0,0,normal,0.98,keep,none
2024-06-24 10:30:00,0,,-0.18161910276492577,0,0.10583680123090744,0,0,normal,0.98,keep,none
2024-06-24 10:40:00,0,,-0.1816705233958219,0,0.1086888313293457,0,0,normal,0.98,keep,none
2024-06-24 10:50:00,0,,-0.186364277542253,0,0.11012039333581924,0,0,normal,0.98,keep,none
2024-06-24 11:00:00,0,,-0.18855625836582035,0,0.11058080941438675,0,0,normal,0.98,keep,none
2024-06-24 11:10:00,0,,-0.18904805334508767,0,0.11066950112581253,0,0,normal,0.98,keep,none
2024-06-24 11:20:00,0,,-0.18386713218473488,0,0.11520663648843765,0,0,normal,0.98,keep,none
2024-06-24 11:30:00,0,,-0.19220839781463134,0,0.1168554350733757,0,0,normal,0.98,keep,none
2024-06-24 11:40:00,0,,-0.1912733772795423,0,0.11477846652269363,0,0,normal,0.98,keep,none
2024-06-24 11:50:00,0,,-0.1867298092710699,0,0.1195155531167984,0,0,normal,0.98,keep,none
2024-06-24 12:00:00,0,,-0.17429278585442115,0,0.12876605987548828,0,0,normal,0.98,keep,none
2024-06-24 12:10:00,0,,-0.19321508362908874,0,0.12829503417015076,0,0,normal,0.98,keep,none
2024-06-24 12:20:00,0,,-0.1912937840886309,0,0.12312181293964386,0,0,normal,0.98,keep,none
2024-06-24 12:30:00,0,,-0.1943759788892061,0,0.11526626348495483,0,0,normal,0.98,keep,none
2024-06-24 12:40:00,0,,-0.18701576969281852,0,0.11746511608362198,0,0,normal,0.98,keep,none
2024-06-24 12:50:00,0,,-0.18084491672951325,0,0.11698917299509048,0,0,normal,0.98,keep,none
2024-06-24 13:00:00,0,,-0.192221889109483,0,0.1006040871143341,0,0,normal,0.98,keep,none
2024-06-24 13:10:00,0,,-0.18028042531440908,0,0.10679665952920914,0,0,normal,0.98,keep,none
2024-06-24 13:20:00,0,,-0.18427160922040314,0,0.10873518139123917,0,0,normal,0.98,keep,none
2024-06-24 13:30:00,0,,-0.18038023449958346,0,0.11340807378292084,0,0,normal,0.98,keep,none
2024-06-24 13:40:00,0,,-0.18553757015687344,0,0.10962063074111938,0,0,normal,0.98,keep,none
2024-06-24 13:50:00,0,,-0.18077536033678515,0,0.11014240235090256,0,0,normal,0.98,keep,none
2024-06-24 14:00:00,0,,-0.18032113036949926,0,0.11119787395000458,0,0,normal,0.98,keep,none
2024-06-24 14:10:00,0,,-0.18708050447497143,0,0.11037004739046097,0,0,normal,0.98,keep,none
2024-06-24 14:20:00,0,,-0.18115120304794047,0,0.10926809906959534,0,0,normal,0.98,keep,none
2024-06-24 14:30:00,0,,-0.17573203548670618,0,0.11521320790052414,0,0,normal,0.98,keep,none
2024-06-24 14:40:00,1,missing,-0.15746899436892586,0,0.15613432228565216,0,1,missing,0.86,correct,rule
2024-06-24 14:50:00,0,,-0.18023545469153296,0,0.1488521844148636,0,0,normal,0.98,keep,none
2024-06-24 15:00:00,0,,-0.18564306781638457,0,0.13722510635852814,0,0,normal,0.98,keep,none
2024-06-24 15:10:00,0,,-0.1853742110713359,0,0.13561223447322845,0,0,normal,0.98,keep,none
2024-06-24 15:20:00,0,,-0.17363473834247728,0,0.13898366689682007,0,0,normal,0.98,keep,none
2024-06-24 15:30:00,0,,-0.19001911151093948,0,0.14447177946567535,0,0,normal,0.98,keep,none
2024-06-24 15:40:00,0,,-0.1908475763109605,0,0.1449417769908905,0,0,normal,0.98,keep,none
2024-06-24 15:50:00,0,,-0.18269091892019657,0,0.13507981598377228,0,0,normal,0.98,keep,none
2024-06-24 16:00:00,0,,-0.1867716625620971,0,0.13717618584632874,0,0,normal,0.98,keep,none
2024-06-24 16:10:00,0,,-0.1705965908790773,0,0.13297663629055023,0,0,normal,0.98,keep,none
2024-06-24 16:20:00,0,,-0.17371511973862558,0,0.14497700333595276,0,0,normal,0.98,keep,none
2024-06-24 16:30:00,0,,-0.18472715571088533,0,0.135003000497818,0,0,normal,0.98,keep,none
2024-06-24 16:40:00,0,,-0.18340697353737578,0,0.13686515390872955,0,0,normal,0.98,keep,none
2024-06-24 16:50:00,0,,-0.18835521769690772,0,0.13457897305488586,0,0,normal,0.98,keep,none
2024-06-24 17:00:00,0,,-0.18324878999022726,0,0.135380819439888,0,0,normal,0.98,keep,none
2024-06-24 17:10:00,0,,-0.18407637173021052,0,0.1346791386604309,0,0,normal,0.98,keep,none
2024-06-24 17:20:00,0,,-0.17612222863583765,0,0.13603925704956055,0,0,normal,0.98,keep,none
2024-06-24 17:30:00,0,,-0.19249025956681132,0,0.12834346294403076,0,0,normal,0.98,keep,none
2024-06-24 17:40:00,0,,-0.1872149489008716,0,0.1005006805062294,0,0,normal,0.98,keep,none
2024-06-24 17:50:00,0,,-0.19002606731439292,0,0.09459613263607025,0,0,normal,0.98,keep,none
2024-06-24 18:00:00,0,,-0.17968430039702543,0,0.09578194469213486,0,0,normal,0.98,keep,none
2024-06-24 18:10:00,0,,-0.17147740979900872,0,0.10042314976453781,0,0,normal,0.98,keep,none
2024-06-24 18:20:00,0,,-0.18536934389612664,0,0.09672253578901291,0,0,normal,0.98,keep,none
2024-06-24 18:30:00,0,,-0.18005817803889496,0,0.1024567261338234,0,0,normal,0.98,keep,none
2024-06-24 18:40:00,0,,-0.17115982887600073,0,0.10670268535614014,0,0,normal,0.98,keep,none
2024-06-24 18:50:00,0,,-0.15947577089796755,0,0.11453118175268173,0,0,normal,0.98,keep,none
2024-06-24 19:00:00,0,,-0.16389802286123345,0,0.12573927640914917,0,0,normal,0.98,keep,none
2024-06-24 19:10:00,0,,-0.18464966499869,0,0.12090789526700974,0,0,normal,0.98,keep,none
2024-06-24 19:20:00,0,,-0.1845479304676378,0,0.11375154554843903,0,0,normal,0.98,keep,none
2024-06-24 19:30:00,0,,-0.1866769552566122,0,0.11376333981752396,0,0,normal,0.98,keep,none
2024-06-24 19:40:00,0,,-0.183532325758605,0,0.11770269274711609,0,0,normal,0.98,keep,none
2024-06-24 19:50:00,0,,-0.14395787158467832,0,0.14253999292850494,0,0,normal,0.98,keep,none
2024-06-24 20:00:00,0,,-0.18136188782271423,0,0.1464369297027588,0,0,normal,0.98,keep,none
2024-06-24 20:10:00,0,,-0.17930729553532093,0,0.1549604833126068,0,0,normal,0.98,keep,none
2024-06-24 20:20:00,0,,-0.16906284938939087,0,0.1590074896812439,0,0,normal,0.98,keep,none
2024-06-24 20:30:00,0,,-0.18019866058978234,0,0.16015712916851044,0,0,normal,0.98,keep,none
2024-06-24 20:40:00,0,,-0.17528863124776622,0,0.16997317969799042,0,0,normal,0.98,keep,none
2024-06-24 20:50:00,0,,-0.16960089264842737,0,0.17312799394130707,0,0,normal,0.98,keep,none
2024-06-24 21:00:00,0,,-0.15415280032944423,0,0.18110845983028412,0,0,normal,0.98,keep,none
2024-06-24 21:10:00,0,,-0.1773380077328559,0,0.18225441873073578,0,0,normal,0.98,keep,none
2024-06-24 21:20:00,0,,-0.14987601226633968,0,0.19251631200313568,0,0,normal,0.98,keep,none
2024-06-24 21:30:00,0,,-0.1810088141456686,0,0.19105666875839233,0,0,normal,0.98,keep,none
2024-06-24 21:40:00,0,,-0.17694145993925803,0,0.18860499560832977,0,0,normal,0.98,keep,none
2024-06-24 21:50:00,0,,-0.18027725225288227,0,0.1793901026248932,0,0,normal,0.98,keep,none
2024-06-24 22:00:00,0,,-0.16026155773035405,0,0.17154264450073242,0,0,normal,0.98,keep,none
2024-06-24 22:10:00,0,,-0.16766152118066818,0,0.17113088071346283,0,0,normal,0.98,keep,none
2024-06-24 22:20:00,0,,-0.1783977989969609,0,0.17485158145427704,0,0,normal,0.98,keep,none
2024-06-24 22:30:00,0,,-0.18078070269702318,0,0.17588627338409424,0,0,normal,0.98,keep,none
2024-06-24 22:40:00,1,spurious,-0.13231351484224668,0,0.2399521917104721,0,1,spurious,0.86,correct,rule
2024-06-24 22:50:00,0,,-0.15764212981164727,0,0.2201189398765564,0,0,normal,0.98,keep,none
2024-06-24 23:00:00,0,,-0.17539280149250147,0,0.22364257276058197,0,0,normal,0.98,keep,none
2024-06-24 23:10:00,0,,-0.17574916420768527,0,0.22443130612373352,0,0,normal,0.98,keep,none
2024-06-24 23:20:00,0,,-0.18751431601944613,0,0.2125035524368286,0,0,normal,0.98,keep,none
2024-06-24 23:30:00,0,,-0.18553541821452285,0,0.21183398365974426,0,0,normal,0.98,keep,none
2024-06-24 23:40:00,1,missing,-0.16024563380183826,0,0.24447914958000183,0,1,missing,0.86,correct,rule
2024-06-24 23:50:00,0,,-0.17476816164526798,0,0.24292048811912537,0,0,normal,0.98,keep,none
2024-06-25 00:00:00,1,missing,-0.1454625559148644,0,0.2685405910015106,0,1,missing,0.86,correct,rule
2024-06-25 00:10:00,0,,-0.16010432128047591,0,0.2603270411491394,0,0,normal,0.98,keep,none
2024-06-25 00:20:00,0,,-0.16884401663520793,0,0.2545766830444336,0,0,normal,0.98,keep,none
2024-06-25 00:30:00,0,,-0.17139714388643595,0,0.26115772128105164,0,0,normal,0.98,keep,none
2024-06-25 00:40:00,0,,-0.14514014206824438,0,0.28232380747795105,0,0,normal,0.98,keep,none
2024-06-25 00:50:00,0,,-0.169126504112048,0,0.27794891595840454,0,0,normal,0.98,keep,none
2024-06-25 01:00:00,0,,-0.1719577654067223,0,0.2759160101413727,0,0,normal,0.98,keep,none
2024-06-25 01:10:00,0,,-0.1762539427050392,0,0.27055975794792175,0,0,normal,0.98,keep,none
2024-06-25 01:20:00,0,,-0.16905668185925338,0,0.2711758017539978,0,0,normal,0.98,keep,none
2024-06-25 01:30:00,0,,-0.1725717613660422,0,0.26866817474365234,0,0,normal,0.98,keep,none
2024-06-25 01:40:00,0,,-0.17686728991779554,0,0.23770777881145477,0,0,normal,0.98,keep,none
2024-06-25 01:50:00,0,,-0.17967339426128176,0,0.22936755418777466,0,0,normal,0.98,keep,none
2024-06-25 02:00:00,0,,-0.15633668301457998,0,0.2308005392551422,0,0,normal,0.98,keep,none
2024-06-25 02:10:00,0,,-0.15969896951863083,0,0.23121517896652222,0,0,normal,0.98,keep,none
2024-06-25 02:20:00,0,,-0.17508435658727511,0,0.23332150280475616,0,0,normal,0.98,keep,none
2024-06-25 02:30:00,0,,-0.16898966281696215,0,0.22912479937076569,0,0,normal,0.98,keep,none
2024-06-25 02:40:00,0,,-0.17922902018427433,0,0.19848419725894928,0,0,normal,0.98,keep,none
2024-06-25 02:50:00,0,,-0.17832131237253152,0,0.18523067235946655,0,0,normal,0.98,keep,none
2024-06-25 03:00:00,0,,-0.17775579225795302,0,0.14643260836601257,0,0,normal,0.98,keep,none
2024-06-25 03:10:00,0,,-0.18165522492201108,0,0.13543571531772614,0,0,normal,0.98,keep,none
2024-06-25 03:20:00,0,,-0.18290929937626849,0,0.13152147829532623,0,0,normal,0.98,keep,none
2024-06-25 03:30:00,0,,-0.1793379218771871,0,0.1257351189851761,0,0,normal,0.98,keep,none
2024-06-25 03:40:00,0,,-0.182687603056999,0,0.11162056028842926,0,0,normal,0.98,keep,none
2024-06-25 03:50:00,0,,-0.1776266399552453,0,0.1146325096487999,0,0,normal,0.98,keep,none
2024-06-25 04:00:00,0,,-0.18595680391456326,0,0.1095239669084549,0,0,normal,0.98,keep,none
2024-06-25 04:10:00,0,,-0.18709821981930208,0,0.10829798132181168,0,0,normal,0.98,keep,none
2024-06-25 04:20:00,0,,-0.16586200935579987,0,0.11734993755817413,0,0,normal,0.98,keep,none
2024-06-25 04:30:00,0,,-0.18233283330943617,0,0.11035569757223129,0,0,normal,0.98,keep,none
2024-06-25 04:40:00,0,,-0.17649677854356827,0,0.10860788077116013,0,0,normal,0.98,keep,none
2024-06-25 04:50:00,0,,-0.18462011605684564,0,0.10727424174547195,0,0,normal,0.98,keep,none
2024-06-25 05:00:00,0,,-0.16836968692742882,0,0.11118146777153015,0,0,normal,0.98,keep,none
2024-06-25 05:10:00,0,,-0.18075708436293147,0,0.10563371330499649,0,0,normal,0.98,keep,none
2024-06-25 05:20:00,0,,-0.17066440423156531,0,0.10432960838079453,0,0,normal,0.98,keep,none
2024-06-25 05:30:00,0,,-0.18107001728682315,0,0.10245000571012497,0,0,normal,0.98,keep,none
2024-06-25 05:40:00,0,,-0.181643916115318,0,0.10117989778518677,0,0,normal,0.98,keep,none
2024-06-25 05:50:00,0,,-0.17397246703538188,0,0.10554379969835281,0,0,normal,0.98,keep,none
2024-06-25 06:00:00,0,,-0.17867225397661418,0,0.10643663257360458,0,0,normal,0.98,keep,none
2024-06-25 06:10:00,0,,-0.1814591647041509,0,0.10860288143157959,0,0,normal,0.98,keep,none
2024-06-25 06:20:00,0,,-0.18004024442227368,0,0.11094105243682861,0,0,normal,0.98,keep,none
2024-06-25 06:30:00,0,,-0.1769631272654591,0,0.116399385035038,0,0,normal,0.98,keep,none
2024-06-25 06:40:00,0,,-0.18191419335260278,0,0.115450918674469,0,0,normal,0.98,keep,none
2024-06-25 06:50:00,0,,-0.14851137350429927,0,0.1220071017742157,0,0,normal,0.98,keep,none
2024-06-25 07:00:00,0,,-0.17712644404111877,0,0.13054698705673218,0,0,normal,0.98,keep,none
2024-06-25 07:10:00,0,,-0.18107735279439352,0,0.13083761930465698,0,0,normal,0.98,keep,none
2024-06-25 07:20:00,0,,-0.17637966247772013,0,0.12243321537971497,0,0,normal,0.98,keep,none
2024-06-25 07:30:00,0,,-0.1790400855989268,0,0.11883312463760376,0,0,normal,0.98,keep,none
2024-06-25 07:40:00,0,,-0.17528762657360875,0,0.12118754535913467,0,0,normal,0.98,keep,none
2024-06-25 07:50:00,0,,-0.1687499322753866,0,0.12667784094810486,0,0,normal,0.98,keep,none
2024-06-25 08:00:00,0,,-0.17921616355354408,0,0.11298701912164688,0,0,normal,0.98,keep,none
2024-06-25 08:10:00,0,,-0.1789030606927871,0,0.11206246167421341,0,0,normal,0.98,keep,none
2024-06-25 08:20:00,1,spurious,-0.16004135629298555,0,0.16414619982242584,0,1,spurious,0.86,correct,rule
2024-06-25 08:30:00,0,,-0.18295111610231746,0,0.14656004309654236,0,0,normal,0.98,keep,none
2024-06-25 08:40:00,0,,-0.18712296453538385,0,0.149897962808609,0,0,normal,0.98,keep,none
2024-06-25 08:50:00,0,,-0.19645793418656415,0,0.14580807089805603,0,0,normal,0.98,keep,none
2024-06-25 09:00:00,0,,-0.19277980797432537,0,0.14419417083263397,0,0,normal,0.98,keep,none
2024-06-25 09:10:00,0,,-0.19322462444858385,0,0.1453215628862381,0,0,normal,0.98,keep,none
2024-06-25 09:20:00,0,,-0.19857031664298003,0,0.1421760469675064,0,0,normal,0.98,keep,none
2024-06-25 09:30:00,0,,-0.19420777132344086,0,0.13942919671535492,0,0,normal,0.98,keep,none
2024-06-25 09:40:00,0,,-0.19361345125335072,0,0.14488328993320465,0,0,normal,0.98,keep,none
2024-06-25 09:50:00,0,,-0.18524162312622716,0,0.14120623469352722,0,0,normal,0.98,keep,none
2024-06-25 10:00:00,0,,-0.19416660650029516,0,0.1383158266544342,0,0,normal,0.98,keep,none
2024-06-25 10:10:00,0,,-0.18562734016492544,0,0.14202742278575897,0,0,normal,0.98,keep,none
2024-06-25 10:20:00,0,,-0.19178366429244165,0,0.142463818192482,0,0,normal,0.98,keep,none
2024-06-25 10:30:00,0,,-0.18362074584458588,0,0.14582832157611847,0,0,normal,0.98,keep,none
2024-06-25 10:40:00,0,,-0.18375467811552926,0,0.14413046836853027,0,0,normal,0.98,keep,none
2024-06-25 10:50:00,0,,-0.18708953835716263,0,0.14186932146549225,0,0,normal,0.98,keep,none
2024-06-25 11:00:00,0,,-0.186008986874161,0,0.1423046886920929,0,0,normal,0.98,keep,none
2024-06-25 11:10:00,0,,-0.19099305391794413,0,0.1408936083316803,0,0,normal,0.98,keep,none
2024-06-25 11:20:00,0,,-0.18206634572603075,0,0.13092748820781708,0,0,normal,0.98,keep,none
2024-06-25 11:30:00,0,,-0.17033129862479252,0,0.1430254429578781,0,0,normal,0.98,keep,none
2024-06-25 11:40:00,0,,-0.1819663530336908,0,0.1518787294626236,0,0,normal,0.98,keep,none
2024-06-25 11:50:00,0,,-0.18558641314303487,0,0.15736031532287598,0,0,normal,0.98,keep,none
2024-06-25 12:00:00,0,,-0.19676714124065853,0,0.15437322854995728,0,0,normal,0.98,keep,none
2024-06-25 12:10:00,0,,-0.1973467133903204,0,0.1524326354265213,0,0,normal,0.98,keep,none
2024-06-25 12:20:00,1,spike,0.07389212496148034,1,0.6912767291069031,0,1,spike,0.95,correct,hybrid
2024-06-25 12:30:00,0,,0.01582705113270999,1,0.6867141127586365,0,1,ml_suspicious,0.62,manual_review,isolation_forest
2024-06-25 12:40:00,0,,0.0020859436679839805,1,0.7523947954177856,0,1,ml_suspicious,0.62,manual_review,isolation_forest
2024-06-25 12:50:00,0,,-0.03847233594236388,0,0.792874813079834,0,0,normal,0.98,keep,none
2024-06-25 13:00:00,0,,-0.046679590689543304,0,0.8330268859863281,0,0,normal,0.98,keep,none
2024-06-25 13:10:00,0,,-0.053263277436129686,0,0.8612069487571716,0,0,normal,0.98,keep,none
2024-06-25 13:20:00,0,,-0.16543517484044684,0,0.671445369720459,0,0,normal,0.98,keep,none
2024-06-25 13:30:00,0,,-0.15128094602124914,0,0.6481344103813171,0,0,normal,0.98,keep,none
2024-06-25 13:40:00,0,,-0.16686097844765407,0,0.6367273926734924,0,0,normal,0.98,keep,none
2024-06-25 13:50:00,0,,-0.18022046527947944,0,0.6259491443634033,0,0,normal,0.98,keep,none
2024-06-25 14:00:00,0,,-0.16087177629578608,0,0.636139452457428,0,0,normal,0.98,keep,none
2024-06-25 14:10:00,0,,-0.17003993969696046,0,0.6379422545433044,0,0,normal,0.98,keep,none
2024-06-25 14:20:00,0,,-0.16950404301556754,0,0.6340135335922241,0,0,normal,0.98,keep,none
2024-06-25 14:30:00,0,,-0.17172567232144548,0,0.616105318069458,0,0,normal,0.98,keep,none
2024-06-25 14:40:00,0,,-0.1735403668676599,0,0.6078881621360779,0,0,normal,0.98,keep,none
2024-06-25 14:50:00,0,,-0.17408201603769452,0,0.604880154132843,0,0,normal,0.98,keep,none
2024-06-25 15:00:00,0,,-0.16959722540019762,0,0.6039964556694031,0,0,normal,0.98,keep,none
2024-06-25 15:10:00,0,,-0.16980543554825728,0,0.604756236076355,0,0,normal,0.98,keep,none
2024-06-25 15:20:00,0,,-0.17662595861943703,0,0.4171801805496216,0,0,normal,0.98,keep,none
2024-06-25 15:30:00,0,,-0.1864407647532036,0,0.31004929542541504,0,0,normal,0.98,keep,none
2024-06-25 15:40:00,0,,-0.18494389362057434,0,0.2545152008533478,0,0,normal,0.98,keep,none
2024-06-25 15:50:00,0,,-0.1897929645975081,0,0.21167846024036407,0,0,normal,0.98,keep,none
2024-06-25 16:00:00,0,,-0.19849370957004575,0,0.16842693090438843,0,0,normal,0.98,keep,none
2024-06-25 16:10:00,0,,-0.18576666724123658,0,0.13574089109897614,0,0,normal,0.98,keep,none
2024-06-25 16:20:00,0,,-0.19123122395419562,0,0.13191980123519897,0,0,normal,0.98,keep,none
2024-06-25 16:30:00,0,,-0.19158419981808517,0,0.11943081766366959,0,0,normal,0.98,keep,none
2024-06-25 16:40:00,0,,-0.19565409485582008,0,0.11300762742757797,0,0,normal,0.98,keep,none
2024-06-25 16:50:00,0,,-0.19374016113536618,0,0.11680790781974792,0,0,normal,0.98,keep,none
2024-06-25 17:00:00,0,,-0.1951152057729157,0,0.10299917310476303,0,0,normal,0.98,keep,none
2024-06-25 17:10:00,0,,-0.19921876077286943,0,0.09674035757780075,0,0,normal,0.98,keep,none
2024-06-25 17:20:00,1,negative,-0.12236528094694926,0,0.13718213140964508,0,1,negative,0.86,correct,rule
2024-06-25 17:30:00,0,,-0.1491263725072688,0,0.1429782509803772,0,0,normal,0.98,keep,none
2024-06-25 17:40:00,0,,-0.18278774799847897,0,0.14064384996891022,0,0,normal,0.98,keep,none
2024-06-25 17:50:00,0,,-0.17122616729856405,0,0.14782851934432983,0,0,normal,0.98,keep,none
2024-06-25 18:00:00,0,,-0.188772385809242,0,0.14365755021572113,0,0,normal,0.98,keep,none
2024-06-25 18:10:00,0,,-0.1645320991663763,0,0.1535464972257614,0,0,normal,0.98,keep,none
2024-06-25 18:20:00,0,,-0.18481242037210255,0,0.1509459763765335,0,0,normal,0.98,keep,none
2024-06-25 18:30:00,0,,-0.18115164826599855,0,0.15935580432415009,0,0,normal,0.98,keep,none
2024-06-25 18:40:00,0,,-0.1966664712554151,0,0.1510721743106842,0,0,normal,0.98,keep,none
2024-06-25 18:50:00,0,,-0.18339301022845328,0,0.15347827970981598,0,0,normal,0.98,keep,none
2024-06-25 19:00:00,0,,-0.18814474699899664,0,0.1561030149459839,0,0,normal,0.98,keep,none
2024-06-25 19:10:00,0,,-0.19378146419129744,0,0.15077348053455353,0,0,normal,0.98,keep,none
2024-06-25 19:20:00,0,,-0.1927762547920589,0,0.15193720161914825,0,0,normal,0.98,keep,none
2024-06-25 19:30:00,0,,-0.17782491414327745,0,0.15783223509788513,0,0,normal,0.98,keep,none
2024-06-25 19:40:00,0,,-0.18031739048342316,0,0.16594727337360382,0,0,normal,0.98,keep,none
2024-06-25 19:50:00,1,spike,0.020713960409908583,1,0.2803367078304291,0,1,spike,0.95,correct,hybrid
2024-06-25 20:00:00,0,,-0.025988526791730915,0,0.2845507860183716,0,0,normal,0.98,keep,none
2024-06-25 20:10:00,1,missing,-0.03813335162055065,0,0.36628228425979614,0,1,missing,0.86,correct,rule
2024-06-25 20:20:00,0,,-0.08716357506363492,0,0.3328591287136078,0,0,normal,0.98,keep,none
2024-06-25 20:30:00,0,,-0.07642106401800919,0,0.31601250171661377,0,0,normal,0.98,keep,none
2024-06-25 20:40:00,0,,-0.0747265835083053,0,0.31715282797813416,0,0,normal,0.98,keep,none
2024-06-25 20:50:00,0,,-0.17392206310492536,0,0.29262369871139526,0,0,normal,0.98,keep,none
2024-06-25 21:00:00,0,,-0.18049836393219515,0,0.2825522720813751,0,0,normal,0.98,keep,none
2024-06-25 21:10:00,0,,-0.16765486518163758,0,0.27643659710884094,0,0,normal,0.98,keep,none
2024-06-25 21:20:00,0,,-0.15947877794014914,0,0.2831795811653137,0,0,normal,0.98,keep,none
2024-06-25 21:30:00,0,,-0.16804871462337312,0,0.2762748897075653,0,0,normal,0.98,keep,none
2024-06-25 21:40:00,0,,-0.16220689259856297,0,0.27848827838897705,0,0,normal,0.98,keep,none
2024-06-25 21:50:00,0,,-0.17849384622920744,0,0.27242571115493774,0,0,normal,0.98,keep,none
2024-06-25 22:00:00,0,,-0.17691109693790735,0,0.27040398120880127,0,0,normal,0.98,keep,none
2024-06-25 22:10:00,0,,-0.16450865626016442,0,0.27683189511299133,0,0,normal,0.98,keep,none
2024-06-25 22:20:00,0,,-0.1567363300186948,0,0.28059595823287964,0,0,normal,0.98,keep,none
2024-06-25 22:30:00,0,,-0.17846767794012935,0,0.2674112617969513,0,0,normal,0.98,keep,none
2024-06-25 22:40:00,0,,-0.17856573747019194,0,0.2573547661304474,0,0,normal,0.98,keep,none
2024-06-25 22:50:00,0,,-0.18266907937574822,0,0.2032107710838318,0,0,normal,0.98,keep,none
2024-06-25 23:00:00,0,,-0.18930769240179757,0,0.1779371201992035,0,0,normal,0.98,keep,none
2024-06-25 23:10:00,0,,-0.1873262552000467,0,0.14520245790481567,0,0,normal,0.98,keep,none
2024-06-25 23:20:00,0,,-0.18544622948736111,0,0.14079423248767853,0,0,normal,0.98,keep,none
2024-06-25 23:30:00,0,,-0.17548809729961773,0,0.13758552074432373,0,0,normal,0.98,keep,none
2024-06-25 23:40:00,0,,-0.19313787345157862,0,0.13044066727161407,0,0,normal,0.98,keep,none
2024-06-25 23:50:00,0,,-0.19500295578437638,0,0.1280083954334259,0,0,normal,0.98,keep,none
2024-06-26 00:00:00,0,,-0.16798443687204861,0,0.14045113325119019,0,0,normal,0.98,keep,none
2024-06-26 00:10:00,0,,-0.1869222437755344,0,0.13469812273979187,0,0,normal,0.98,keep,none
2024-06-26 00:20:00,0,,-0.19146240949943244,0,0.12310091406106949,0,0,normal,0.98,keep,none
2024-06-26 00:30:00,0,,-0.19048775861926381,0,0.12151253968477249,0,0,normal,0.98,keep,none
2024-06-26 00:40:00,0,,-0.17768328522505228,0,0.12203918397426605,0,0,normal,0.98,keep,none
2024-06-26 00:50:00,0,,-0.1760316348160516,0,0.12934978306293488,0,0,normal,0.98,keep,none
2024-06-26 01:00:00,0,,-0.1666479283699615,0,0.13934552669525146,0,0,normal,0.98,keep,none
2024-06-26 01:10:00,0,,-0.1731568825381416,0,0.13471756875514984,0,0,normal,0.98,keep,none
2024-06-26 01:20:00,0,,-0.18265089545498603,0,0.13023848831653595,0,0,normal,0.98,keep,none
2024-06-26 01:30:00,0,,-0.1832919561340185,0,0.12996229529380798,0,0,normal,0.98,keep,none
2024-06-26 01:40:00,0,,-0.18658017635089236,0,0.1300007700920105,0,0,normal,0.98,keep,none
2024-06-26 01:50:00,0,,-0.18293407638249792,0,0.12995155155658722,0,0,normal,0.98,keep,none
2024-06-26 02:00:00,1,missing,-0.14276407765818028,0,0.16558034718036652,0,1,missing,0.86,correct,rule
2024-06-26 02:10:00,0,,-0.184319302229368,0,0.16863976418972015,0,0,normal,0.98,keep,none
2024-06-26 02:20:00,1,missing,-0.15108641275008983,0,0.1986849009990692,0,1,missing,0.86,correct,rule
2024-06-26 02:30:00,0,,-0.19071742481267506,0,0.1863635629415512,0,0,normal,0.98,keep,none
2024-06-26 02:40:00,0,,-0.19411140789775794,0,0.18692073225975037,0,0,normal,0.98,keep,none
2024-06-26 02:50:00,0,,-0.16586728107017407,0,0.20419685542583466,0,0,normal,0.98,keep,none
2024-06-26 03:00:00,0,,-0.17833784947715908,0,0.19644802808761597,0,0,normal,0.98,keep,none
2024-06-26 03:10:00,0,,-0.18325366029152207,0,0.20013760030269623,0,0,normal,0.98,keep,none
2024-06-26 03:20:00,0,,-0.1893602372737288,0,0.2007284313440323,0,0,normal,0.98,keep,none
2024-06-26 03:30:00,0,,-0.19207128669067663,0,0.2057739496231079,0,0,normal,0.98,keep,none
2024-06-26 03:40:00,0,,-0.19876640718913985,0,0.20007069408893585,0,0,normal,0.98,keep,none
2024-06-26 03:50:00,0,,-0.19767711780030345,0,0.1937437206506729,0,0,normal,0.98,keep,none
2024-06-26 04:00:00,0,,-0.19852671124723065,0,0.18669651448726654,0,0,normal,0.98,keep,none
2024-06-26 04:10:00,0,,-0.1812435332361068,0,0.19260142743587494,0,0,normal,0.98,keep,none
2024-06-26 04:20:00,0,,-0.1922605011273273,0,0.19757802784442902,0,0,normal,0.98,keep,none
2024-06-26 04:30:00,0,,-0.17284186357609288,0,0.2113862931728363,0,0,normal,0.98,keep,none
2024-06-26 04:40:00,0,,-0.19350931302297442,0,0.21805961430072784,0,0,normal,0.98,keep,none
2024-06-26 04:50:00,0,,-0.2018616260803031,0,0.21649618446826935,0,0,normal,0.98,keep,none
2024-06-26 05:00:00,0,,-0.1842805273650972,0,0.19941766560077667,0,0,normal,0.98,keep,none
2024-06-26 05:10:00,0,,-0.1959614627603944,0,0.19647608697414398,0,0,normal,0.98,keep,none
2024-06-26 05:20:00,0,,-0.18826567559628132,0,0.1772506982088089,0,0,normal,0.98,keep,none
2024-06-26 05:30:00,1,spurious,-0.14416526562478793,0,0.23268026113510132,0,1,spurious,0.86,correct,rule
2024-06-26 05:40:00,0,,-0.181396442426005,0,0.2135980725288391,0,0,normal,0.98,keep,none
2024-06-26 05:50:00,0,,-0.17545111429898014,0,0.21314950287342072,0,0,normal,0.98,keep,none
2024-06-26 06:00:00,0,,-0.1924165141644138,0,0.2087646722793579,0,0,normal,0.98,keep,none
2024-06-26 06:10:00,0,,-0.16382878941027562,0,0.22642900049686432,0,0,normal,0.98,keep,none
2024-06-26 06:20:00,0,,-0.18599680337311936,0,0.23560602962970734,0,0,normal,0.98,keep,none
2024-06-26 06:30:00,0,,-0.19279002680874968,0,0.24190498888492584,0,0,normal,0.98,keep,none
2024-06-26 06:40:00,1,missing,-0.1591398623069708,0,0.2853294312953949,0,1,missing,0.86,correct,rule
2024-06-26 06:50:00,0,,-0.18873700547499955,0,0.2784784436225891,0,0,normal,0.98,keep,none
2024-06-26 07:00:00,0,,-0.19312142252933717,0,0.2837386131286621,0,0,normal,0.98,keep,none
2024-06-26 07:10:00,0,,-0.1938222088700554,0,0.2800995707511902,0,0,normal,0.98,keep,none
2024-06-26 07:20:00,0,,-0.1904062240894267,0,0.27799904346466064,0,0,normal,0.98,keep,none
2024-06-26 07:30:00,0,,-0.1964112504215449,0,0.26558971405029297,0,0,normal,0.98,keep,none
2024-06-26 07:40:00,0,,-0.19586591472019832,0,0.2636955976486206,0,0,normal,0.98,keep,none
2024-06-26 07:50:00,0,,-0.16113700864322772,0,0.295139342546463,0,0,normal,0.98,keep,none
2024-06-26 08:00:00,0,,-0.0420863959258273,0,0.3686174154281616,0,0,normal,0.98,keep,none
2024-06-26 08:10:00,0,,-0.030094632303075186,0,0.48262664675712585,0,0,normal,0.98,keep,none
2024-06-26 08:20:00,0,,-0.05921499120159546,0,0.5412670373916626,0,0,normal,0.98,keep,none
2024-06-26 08:30:00,0,,-0.07804555975598293,0,0.5149232149124146,0,0,normal,0.98,keep,none
2024-06-26 08:40:00,0,,-0.0908207623432446,0,0.5450781583786011,0,0,normal,0.98,keep,none
2024-06-26 08:50:00,0,,-0.11107910039090663,0,0.5464512705802917,0,0,normal,0.98,keep,none
2024-06-26 09:00:00,0,,-0.1206219137829796,0,0.5688260793685913,0,0,normal,0.98,keep,none
2024-06-26 09:10:00,0,,-0.1075490950663891,0,0.5812928080558777,0,0,normal,0.98,keep,none
2024-06-26 09:20:00,0,,-0.12038775296180992,0,0.6669376492500305,0,0,normal,0.98,keep,none
2024-06-26 09:30:00,0,,-0.1710492725237296,0,0.654477596282959,0,0,normal,0.98,keep,none
2024-06-26 09:40:00,0,,-0.17103361949339269,0,0.6522751450538635,0,0,normal,0.98,keep,none
2024-06-26 09:50:00,0,,-0.1711272928455571,0,0.644366443157196,0,0,normal,0.98,keep,none
2024-06-26 10:00:00,1,missing,-0.13920492702694032,0,0.6463905572891235,0,1,missing,0.86,correct,rule
2024-06-26 10:10:00,0,,-0.16328492132010103,0,0.6833679676055908,0,0,normal,0.98,keep,none
2024-06-26 10:20:00,0,,-0.18139623904846341,0,0.6796842813491821,0,0,normal,0.98,keep,none
2024-06-26 10:30:00,0,,-0.18202643141475877,0,0.6833990216255188,0,0,normal,0.98,keep,none
2024-06-26 10:40:00,0,,-0.18655245485722727,0,0.7005764245986938,0,0,normal,0.98,keep,none
2024-06-26 10:50:00,0,,-0.18001489900809553,0,0.6797179579734802,0,0,normal,0.98,keep,none
2024-06-26 11:00:00,0,,-0.18094800577167286,0,0.6073598265647888,0,0,normal,0.98,keep,none
2024-06-26 11:10:00,0,,-0.1712135960456419,0,0.48641759157180786,0,0,normal,0.98,keep,none
2024-06-26 11:20:00,0,,-0.1868589861521785,0,0.42553970217704773,0,0,normal,0.98,keep,none
2024-06-26 11:30:00,1,spurious,-0.14293086692933188,0,0.4064871370792389,0,1,spurious,0.86,correct,rule
2024-06-26 11:40:00,0,,-0.17604714084820428,0,0.39410895109176636,0,0,normal,0.98,keep,none
2024-06-26 11:50:00,0,,-0.18119263586750056,0,0.372640460729599,0,0,normal,0.98,keep,none
2024-06-26 12:00:00,0,,-0.17571971766,0,0.3373897671699524,0,0,normal,0.98,keep,none
2024-06-26 12:10:00,0,,-0.17842073595719005,0,0.3092172145843506,0,0,normal,0.98,keep,none
2024-06-26 12:20:00,0,,-0.178760547042212,0,0.203558549284935,0,0,normal,0.98,keep,none
2024-06-26 12:30:00,0,,-0.18421329339668047,0,0.20599733293056488,0,0,normal,0.98,keep,none
2024-06-26 12:40:00,0,,-0.1527086871952032,0,0.22814981639385223,0,0,normal,0.98,keep,none
2024-06-26 12:50:00,0,,-0.18785871891308825,0,0.21665579080581665,0,0,normal,0.98,keep,none
2024-06-26 13:00:00,0,,-0.1885691764637792,0,0.1874607652425766,0,0,normal,0.98,keep,none
2024-06-26 13:10:00,0,,-0.18697355953014527,0,0.18336060643196106,0,0,normal,0.98,keep,none
2024-06-26 13:20:00,0,,-0.18575763199190548,0,0.1809195876121521,0,0,normal,0.98,keep,none
2024-06-26 13:30:00,0,,-0.17682173668358364,0,0.19738689064979553,0,0,normal,0.98,keep,none
2024-06-26 13:40:00,0,,-0.18884829738005549,0,0.1898534595966339,0,0,normal,0.98,keep,none
2024-06-26 13:50:00,0,,-0.19398744886584274,0,0.18887531757354736,0,0,normal,0.98,keep,none
2024-06-26 14:00:00,0,,-0.18997492804593996,0,0.1850898414850235,0,0,normal,0.98,keep,none
2024-06-26 14:10:00,1,spurious,-0.1376456476187745,0,0.19198007881641388,0,1,spurious,0.86,correct,rule
2024-06-26 14:20:00,0,,-0.1578711125150491,0,0.19689644873142242,0,0,normal,0.98,keep,none
2024-06-26 14:30:00,0,,-0.16484634373189422,0,0.17894548177719116,0,0,normal,0.98,keep,none
2024-06-26 14:40:00,0,,-0.1705557154621269,0,0.1846695989370346,0,0,normal,0.98,keep,none
2024-06-26 14:50:00,0,,-0.1644271376839579,0,0.19247013330459595,0,0,normal,0.98,keep,none
2024-06-26 15:00:00,1,missing,-0.14692745818979552,0,0.21211762726306915,0,1,missing,0.86,correct,rule
2024-06-26 15:10:00,0,,-0.18527458212933728,0,0.2045249193906784,0,0,normal,0.98,keep,none
2024-06-26 15:20:00,0,,-0.1851131718568041,0,0.20384278893470764,0,0,normal,0.98,keep,none
2024-06-26 15:30:00,0,,-0.1805160418488086,0,0.20657558739185333,0,0,normal,0.98,keep,none
2024-06-26 15:40:00,0,,-0.17997538188706386,0,0.1923055201768875,0,0,normal,0.98,keep,none
2024-06-26 15:50:00,0,,-0.1885925993083376,0,0.19143477082252502,0,0,normal,0.98,keep,none
2024-06-26 16:00:00,0,,-0.18699328643189778,0,0.19845959544181824,0,0,normal,0.98,keep,none
2024-06-26 16:10:00,0,,-0.16427003374081967,0,0.2117527425289154,0,0,normal,0.98,keep,none
2024-06-26 16:20:00,1,missing,-0.14638512012159993,0,0.23290401697158813,0,1,missing,0.86,correct,rule
2024-06-26 16:30:00,0,,-0.17815444698460553,0,0.22984905540943146,0,0,normal,0.98,keep,none
2024-06-26 16:40:00,0,,-0.1992318459559665,0,0.2249860167503357,0,0,normal,0.98,keep,none
2024-06-26 16:50:00,0,,-0.19183367855904687,0,0.23147644102573395,0,0,normal,0.98,keep,none
2024-06-26 17:00:00,0,,-0.1952621314195735,0,0.2298356145620346,0,0,normal,0.98,keep,none
2024-06-26 17:10:00,0,,-0.194094762588705,0,0.21145181357860565,0,0,normal,0.98,keep,none
2024-06-26 17:20:00,0,,-0.1959553106621762,0,0.20748190581798553,0,0,normal,0.98,keep,none
2024-06-26 17:30:00,0,,-0.19328466013349477,0,0.1994188278913498,0,0,normal,0.98,keep,none
2024-06-26 17:40:00,0,,-0.19488774644221668,0,0.18938377499580383,0,0,normal,0.98,keep,none
2024-06-26 17:50:00,0,,-0.18809926277576983,0,0.18239103257656097,0,0,normal,0.98,keep,none
2024-06-26 18:00:00,0,,-0.19247926879391358,0,0.16167643666267395,0,0,normal,0.98,keep,none
2024-06-26 18:10:00,0,,-0.1863983468421635,0,0.16586121916770935,0,0,normal,0.98,keep,none
2024-06-26 18:20:00,0,,-0.1942638112925293,0,0.16121728718280792,0,0,normal,0.98,keep,none
2024-06-26 18:30:00,0,,-0.18749515441923864,0,0.1514369398355484,0,0,normal,0.98,keep,none
2024-06-26 18:40:00,0,,-0.17896488504213898,0,0.15402314066886902,0,0,normal,0.98,keep,none
2024-06-26 18:50:00,0,,-0.19756789044568435,0,0.14727981388568878,0,0,normal,0.98,keep,none
2024-06-26 19:00:00,0,,-0.17961138589271913,0,0.1460316777229309,0,0,normal,0.98,keep,none
2024-06-26 19:10:00,0,,-0.18938108792189512,0,0.13184872269630432,0,0,normal,0.98,keep,none
2024-06-26 19:20:00,0,,-0.17250469963195014,0,0.12027072161436081,0,0,normal,0.98,keep,none
2024-06-26 19:30:00,0,,-0.19542676934424957,0,0.11126916855573654,0,0,normal,0.98,keep,none
2024-06-26 19:40:00,1,spurious,-0.14752261418539886,0,0.1491316854953766,0,1,spurious,0.86,correct,rule
2024-06-26 19:50:00,0,,-0.18041965132832805,0,0.14340855181217194,0,0,normal,0.98,keep,none
2024-06-26 20:00:00,0,,-0.1772535638383098,0,0.1505841165781021,0,0,normal,0.98,keep,none
2024-06-26 20:10:00,0,,-0.1827694868844985,0,0.14952534437179565,0,0,normal,0.98,keep,none
2024-06-26 20:20:00,0,,-0.19523998677102028,0,0.14980337023735046,0,0,normal,0.98,keep,none
2024-06-26 20:30:00,0,,-0.17951223615912076,0,0.15844935178756714,0,0,normal,0.98,keep,none
2024-06-26 20:40:00,0,,-0.17712704943276203,0,0.17511004209518433,0,0,normal,0.98,keep,none
2024-06-26 20:50:00,0,,-0.19129469526887521,0,0.17341233789920807,0,0,normal,0.98,keep,none
2024-06-26 21:00:00,0,,-0.18745863752002578,0,0.17647936940193176,0,0,normal,0.98,keep,none
2024-06-26 21:10:00,1,missing,-0.15967653441650081,0,0.20599888265132904,0,1,missing,0.86,correct,rule
2024-06-26 21:20:00,0,,-0.1915849865970644,0,0.19988971948623657,0,0,normal,0.98,keep,none
2024-06-26 21:30:00,0,,-0.18731211205649578,0,0.1959344446659088,0,0,normal,0.98,keep,none
2024-06-26 21:40:00,0,,-0.17760071256076937,0,0.19780658185482025,0,0,normal,0.98,keep,none
2024-06-26 21:50:00,0,,-0.1789068811721728,0,0.20451432466506958,0,0,normal,0.98,keep,none
2024-06-26 22:00:00,0,,-0.18712013107289382,0,0.19842390716075897,0,0,normal,0.98,keep,none
2024-06-26 22:10:00,0,,-0.1686302025562792,0,0.20339304208755493,0,0,normal,0.98,keep,none
2024-06-26 22:20:00,0,,-0.1807570184888309,0,0.20120568573474884,0,0,normal,0.98,keep,none
2024-06-26 22:30:00,1,spurious,-0.13291772086466586,0,0.24204827845096588,0,1,spurious,0.86,correct,rule
2024-06-26 22:40:00,0,,-0.17314019112353135,0,0.21240392327308655,0,0,normal,0.98,keep,none
2024-06-26 22:50:00,0,,-0.16597201419072632,0,0.22198441624641418,0,0,normal,0.98,keep,none
2024-06-26 23:00:00,0,,-0.17582134822412698,0,0.21579381823539734,0,0,normal,0.98,keep,none
2024-06-26 23:10:00,0,,-0.18428563090041944,0,0.21518081426620483,0,0,normal,0.98,keep,none
2024-06-26 23:20:00,0,,-0.17845791294755964,0,0.22665928304195404,0,0,normal,0.98,keep,none
2024-06-26 23:30:00,1,missing,-0.14892105352916296,0,0.25744444131851196,0,1,missing,0.86,correct,rule
2024-06-26 23:40:00,0,,-0.19584346963068927,0,0.23095576465129852,0,0,normal,0.98,keep,none
2024-06-26 23:50:00,0,,-0.18301811018773284,0,0.23857882618904114,0,0,normal,0.98,keep,none
2024-06-27 00:00:00,0,,-0.18251733860407948,0,0.24153393507003784,0,0,normal,0.98,keep,none
2024-06-27 00:10:00,0,,-0.1773223870640891,0,0.23841442167758942,0,0,normal,0.98,keep,none
2024-06-27 00:20:00,0,,-0.19665173377355533,0,0.2327774316072464,0,0,normal,0.98,keep,none
2024-06-27 00:30:00,0,,-0.1908764753435075,0,0.23300251364707947,0,0,normal,0.98,keep,none
2024-06-27 00:40:00,0,,-0.19517310225952716,0,0.22293402254581451,0,0,normal,0.98,keep,none
2024-06-27 00:50:00,0,,-0.19701595937711452,0,0.2167912870645523,0,0,normal,0.98,keep,none
2024-06-27 01:00:00,0,,-0.19014586744383216,0,0.21388991177082062,0,0,normal,0.98,keep,none
2024-06-27 01:10:00,0,,-0.18906775000282133,0,0.20789797604084015,0,0,normal,0.98,keep,none
2024-06-27 01:20:00,0,,-0.19400540880841277,0,0.19859448075294495,0,0,normal,0.98,keep,none
2024-06-27 01:30:00,0,,-0.17037992745759112,0,0.18437768518924713,0,0,normal,0.98,keep,none
2024-06-27 01:40:00,0,,-0.1831567217767779,0,0.18028225004673004,0,0,normal,0.98,keep,none
2024-06-27 01:50:00,0,,-0.18376957030360774,0,0.17429104447364807,0,0,normal,0.98,keep,none
2024-06-27 02:00:00,0,,-0.17660840110457776,0,0.17656724154949188,0,0,normal,0.98,keep,none
2024-06-27 02:10:00,0,,-0.18259834327295665,0,0.17234906554222107,0,0,normal,0.98,keep,none
2024-06-27 02:20:00,0,,-0.18890299537238764,0,0.16555394232273102,0,0,normal,0.98,keep,none
2024-06-27 02:30:00,0,,-0.1806191509323476,0,0.14530767500400543,0,0,normal,0.98,keep,none
2024-06-27 02:40:00,0,,-0.17621364753164098,0,0.15525445342063904,0,0,normal,0.98,keep,none
2024-06-27 02:50:00,0,,-0.1845950102841154,0,0.15256597101688385,0,0,normal,0.98,keep,none
2024-06-27 03:00:00,1,missing,-0.15120463639457382,0,0.18647177517414093,0,1,missing,0.86,correct,rule
2024-06-27 03:10:00,0,,-0.18956702217874005,0,0.1643320918083191,0,0,normal,0.98,keep,none
2024-06-27 03:20:00,0,,-0.17891050733390257,0,0.17052118480205536,0,0,normal,0.98,keep,none
2024-06-27 03:30:00,0,,-0.1897814056072153,0,0.17067848145961761,0,0,normal,0.98,keep,none
2024-06-27 03:40:00,0,,-0.1947659987861704,0,0.171236053109169,0,0,normal,0.98,keep,none
2024-06-27 03:50:00,0,,-0.18602425396684175,0,0.1753930300474167,0,0,normal,0.98,keep,none
2024-06-27 04:00:00,0,,-0.1905330012823368,0,0.17921921610832214,0,0,normal,0.98,keep,none
2024-06-27 04:10:00,0,,-0.18342408017432615,0,0.18274134397506714,0,0,normal,0.98,keep,none
2024-06-27 04:20:00,0,,-0.1924554501578079,0,0.18461637198925018,0,0,normal,0.98,keep,none
2024-06-27 04:30:00,0,,-0.19014193400658747,0,0.1794014573097229,0,0,normal,0.98,keep,none
2024-06-27 04:40:00,0,,-0.1956787867738684,0,0.17652489244937897,0,0,normal,0.98,keep,none
2024-06-27 04:50:00,0,,-0.19419861524277093,0,0.1751338392496109,0,0,normal,0.98,keep,none
2024-06-27 05:00:00,0,,-0.1958157231737453,0,0.1702210009098053,0,0,normal,0.98,keep,none
2024-06-27 05:10:00,0,,-0.20203601917441955,0,0.17061695456504822,0,0,normal,0.98,keep,none
2024-06-27 05:20:00,0,,-0.19789679052155051,0,0.17041000723838806,0,0,normal,0.98,keep,none
2024-06-27 05:30:00,0,,-0.19480987508386377,0,0.16989223659038544,0,0,normal,0.98,keep,none
2024-06-27 05:40:00,0,,-0.13237195103151095,0,0.21253447234630585,0,0,normal,0.98,keep,none
2024-06-27 05:50:00,0,,-0.17235320866744386,0,0.19567202031612396,0,0,normal,0.98,keep,none
2024-06-27 06:00:00,1,negative,-0.11616299293653176,0,0.20171412825584412,0,1,negative,0.86,correct,rule
2024-06-27 06:10:00,0,,-0.15195315422598693,0,0.20186418294906616,0,0,normal,0.98,keep,none
2024-06-27 06:20:00,0,,-0.17041147040286492,0,0.19714093208312988,0,0,normal,0.98,keep,none
2024-06-27 06:30:00,0,,-0.1818308682832484,0,0.19619201123714447,0,0,normal,0.98,keep,none
2024-06-27 06:40:00,0,,-0.18417603574598396,0,0.19988159835338593,0,0,normal,0.98,keep,none
2024-06-27 06:50:00,0,,-0.17565530849483213,0,0.20020778477191925,0,0,normal,0.98,keep,none
2024-06-27 07:00:00,0,,-0.19758681657058363,0,0.20009177923202515,0,0,normal,0.98,keep,none
2024-06-27 07:10:00,0,,-0.19736145732335653,0,0.1962076872587204,0,0,normal,0.98,keep,none
2024-06-27 07:20:00,0,,-0.19758552533325968,0,0.19756059348583221,0,0,normal,0.98,keep,none
2024-06-27 07:30:00,0,,-0.19842236155131332,0,0.19235306978225708,0,0,normal,0.98,keep,none
2024-06-27 07:40:00,0,,-0.19564493534667565,0,0.19273342192173004,0,0,normal,0.98,keep,none
2024-06-27 07:50:00,0,,-0.19625795782094352,0,0.18858474493026733,0,0,normal,0.98,keep,none
2024-06-27 08:00:00,0,,-0.19491645102543687,0,0.18684770166873932,0,0,normal,0.98,keep,none
2024-06-27 08:10:00,0,,-0.19766136462253703,0,0.18561533093452454,0,0,normal,0.98,keep,none
2024-06-27 08:20:00,0,,-0.19572096906311087,0,0.1824193000793457,0,0,normal,0.98,keep,none
2024-06-27 08:30:00,0,,-0.1914089758250015,0,0.18072308599948883,0,0,normal,0.98,keep,none
2024-06-27 08:40:00,0,,-0.19343406367243077,0,0.15677611529827118,0,0,normal,0.98,keep,none
2024-06-27 08:50:00,1,missing,-0.1393829562417941,0,0.19505077600479126,0,1,missing,0.86,correct,rule
2024-06-27 09:00:00,0,,-0.18681280409050582,0,0.17383845150470734,0,0,normal,0.98,keep,none
2024-06-27 09:10:00,0,,-0.190100842839936,0,0.17537017166614532,0,0,normal,0.98,keep,none
2024-06-27 09:20:00,1,missing,-0.14697106823007217,0,0.20976294577121735,0,1,missing,0.86,correct,rule
2024-06-27 09:30:00,0,,-0.19252687629128196,0,0.21768969297409058,0,0,normal,0.98,keep,none
2024-06-27 09:40:00,0,,-0.19705028692644905,0,0.21532690525054932,0,0,normal,0.98,keep,none
2024-06-27 09:50:00,0,,-0.19215473731995808,0,0.20746217668056488,0,0,normal,0.98,keep,none
2024-06-27 10:00:00,0,,-0.1940238776624107,0,0.2046741545200348,0,0,normal,0.98,keep,none
2024-06-27 10:10:00,0,,-0.19090714158219346,0,0.2048700451850891,0,0,normal,0.98,keep,none
2024-06-27 10:20:00,0,,-0.1827691021121362,0,0.2102625072002411,0,0,normal,0.98,keep,none
2024-06-27 10:30:00,0,,-0.18967976841328954,0,0.21006767451763153,0,0,normal,0.98,keep,none
2024-06-27 10:40:00,0,,-0.18680202550737218,0,0.21140292286872864,0,0,normal,0.98,keep,none
2024-06-27 10:50:00,0,,-0.18801575770286022,0,0.21458402276039124,0,0,normal,0.98,keep,none
2024-06-27 11:00:00,0,,-0.18496950873159945,0,0.21544156968593597,0,0,normal,0.98,keep,none
2024-06-27 11:10:00,0,,-0.18317666317017767,0,0.217482790350914,0,0,normal,0.98,keep,none
2024-06-27 11:20:00,0,,-0.19080636155307046,0,0.22620002925395966,0,0,normal,0.98,keep,none
2024-06-27 11:30:00,0,,-0.16206955702371983,0,0.2359129935503006,0,0,normal,0.98,keep,none
2024-06-27 11:40:00,0,,-0.19287155365439002,0,0.23612339794635773,0,0,normal,0.98,keep,none
2024-06-27 11:50:00,0,,-0.19374060900586193,0,0.2068321704864502,0,0,normal,0.98,keep,none
2024-06-27 12:00:00,0,,-0.1861909649480668,0,0.19852259755134583,0,0,normal,0.98,keep,none
2024-06-27 12:10:00,0,,-0.1915978441617237,0,0.20395620167255402,0,0,normal,0.98,keep,none
2024-06-27 12:20:00,0,,-0.19350958180567118,0,0.1729566752910614,0,0,normal,0.98,keep,none
2024-06-27 12:30:00,0,,-0.19786661902259223,0,0.16896134614944458,0,0,normal,0.98,keep,none
2024-06-27 12:40:00,1,missing,-0.14659918254947046,0,0.19724225997924805,0,1,missing,0.86,correct,rule
2024-06-27 12:50:00,0,,-0.16723458651274858,0,0.21220800280570984,0,0,normal,0.98,keep,none
2024-06-27 13:00:00,0,,-0.16945942701903793,0,0.22496190667152405,0,0,normal,0.98,keep,none
2024-06-27 13:10:00,0,,-0.17860456332564273,0,0.2182275503873825,0,0,normal,0.98,keep,none
2024-06-27 13:20:00,0,,-0.18542805854863614,0,0.222991481423378,0,0,normal,0.98,keep,none
2024-06-27 13:30:00,0,,-0.17911518196924492,0,0.22539319097995758,0,0,normal,0.98,keep,none
2024-06-27 13:40:00,0,,-0.17877815040193834,0,0.22581541538238525,0,0,normal,0.98,keep,none
2024-06-27 13:50:00,1,missing,-0.14801207443187042,0,0.2426130473613739,0,1,missing,0.86,correct,rule
2024-06-27 14:00:00,0,,-0.18362169088547903,0,0.24513524770736694,0,0,normal,0.98,keep,none
2024-06-27 14:10:00,0,,-0.18091009465511226,0,0.2373010516166687,0,0,normal,0.98,keep,none
2024-06-27 14:20:00,0,,-0.1887786251815456,0,0.2319861352443695,0,0,normal,0.98,keep,none
2024-06-27 14:30:00,0,,-0.18969519474943303,0,0.21213439106941223,0,0,normal,0.98,keep,none
2024-06-27 14:40:00,0,,-0.1798922966830479,0,0.21490979194641113,0,0,normal,0.98,keep,none
2024-06-27 14:50:00,0,,-0.19236337695162953,0,0.21291279792785645,0,0,normal,0.98,keep,none
2024-06-27 15:00:00,0,,-0.19657577614435917,0,0.20184560120105743,0,0,normal,0.98,keep,none
2024-06-27 15:10:00,0,,-0.19263232455024015,0,0.1947752982378006,0,0,normal,0.98,keep,none
2024-06-27 15:20:00,0,,-0.17467367316630494,0,0.2063855528831482,0,0,normal,0.98,keep,none
2024-06-27 15:30:00,0,,-0.19263161184064115,0,0.20844267308712006,0,0,normal,0.98,keep,none
2024-06-27 15:40:00,0,,-0.19243659075871755,0,0.18635186553001404,0,0,normal,0.98,keep,none
2024-06-27 15:50:00,0,,-0.19282772498516,0,0.18071411550045013,0,0,normal,0.98,keep,none
2024-06-27 16:00:00,0,,-0.18291143855381053,0,0.1765512228012085,0,0,normal,0.98,keep,none
2024-06-27 16:10:00,0,,-0.19077711842285217,0,0.16783758997917175,0,0,normal,0.98,keep,none
2024-06-27 16:20:00,0,,-0.19671052280406187,0,0.16208840906620026,0,0,normal,0.98,keep,none
2024-06-27 16:30:00,0,,-0.18746373326633226,0,0.1641174703836441,0,0,normal,0.98,keep,none
2024-06-27 16:40:00,0,,-0.192844363876294,0,0.1552472859621048,0,0,normal,0.98,keep,none
2024-06-27 16:50:00,0,,-0.1932614652563766,0,0.13523989915847778,0,0,normal,0.98,keep,none
2024-06-27 17:00:00,0,,-0.18999570078527167,0,0.13874725997447968,0,0,normal,0.98,keep,none
2024-06-27 17:10:00,0,,-0.18994317789265408,0,0.13699670135974884,0,0,normal,0.98,keep,none
2024-06-27 17:20:00,1,missing,-0.1490281815135478,0,0.17226850986480713,0,1,missing,0.86,correct,rule
2024-06-27 17:30:00,1,missing,-0.1449952700185046,0,0.21957233548164368,0,1,missing,0.86,correct,rule
2024-06-27 17:40:00,1,missing,-0.15022589833405742,0,0.2493753880262375,0,1,missing,0.86,correct,rule
2024-06-27 17:50:00,1,missing,-0.15341466696932904,0,0.28760844469070435,0,1,missing,0.86,correct,rule
2024-06-27 18:00:00,1,missing,-0.13545633038964117,0,0.30571448802948,0,1,missing,0.86,correct,rule
2024-06-27 18:10:00,1,missing,-0.12026753265576112,0,0.36088672280311584,0,1,missing,0.86,correct,rule
2024-06-27 18:20:00,1,missing,-0.14304634164506952,0,0.3810950815677643,0,1,long_gap_low_confidence,0.45,manual_review,rule
2024-06-27 18:30:00,1,missing,-0.1451340323144436,0,0.42948317527770996,0,1,long_gap_low_confidence,0.45,manual_review,rule
2024-06-27 18:40:00,1,missing,-0.14591991468801968,0,0.4414588510990143,0,1,long_gap_low_confidence,0.45,manual_review,rule
2024-06-27 18:50:00,1,missing,-0.15040064517526663,0,0.4763537645339966,0,1,missing,0.86,correct,rule
2024-06-27 19:00:00,1,missing,-0.14724260097999337,0,0.4752832055091858,0,1,missing,0.86,correct,rule
2024-06-27 19:10:00,1,missing,-0.14736214616245485,0,0.5106143355369568,0,1,missing,0.86,correct,rule
2024-06-27 19:20:00,1,missing,-0.1525118935535103,0,0.5419386625289917,0,1,missing,0.86,correct,rule
2024-06-27 19:30:00,1,missing,-0.15057212252848323,0,0.5459669232368469,0,1,missing,0.86,correct,rule
2024-06-27 19:40:00,1,missing,-0.14186845458055442,0,0.5594407916069031,0,1,missing,0.86,correct,rule
2024-06-27 19:50:00,0,,-0.16712142221838033,0,0.5399470925331116,0,0,normal,0.98,keep,none
2024-06-27 20:00:00,0,,-0.16372542083082314,0,0.5676664113998413,0,0,normal,0.98,keep,none
2024-06-27 20:10:00,1,missing,-0.13416826134092963,0,0.5690101385116577,0,1,missing,0.86,correct,rule
2024-06-27 20:20:00,0,,-0.16238866714821393,0,0.5822111368179321,0,0,normal,0.98,keep,none
2024-06-27 20:30:00,0,,-0.19096468131040994,0,0.5430669784545898,0,0,normal,0.98,keep,none
2024-06-27 20:40:00,0,,-0.19223182561124003,0,0.522487461566925,0,0,normal,0.98,keep,none
2024-06-27 20:50:00,0,,-0.19520963859826385,0,0.4952297508716583,0,0,normal,0.98,keep,none
2024-06-27 21:00:00,0,,-0.19410844710995712,0,0.46330422163009644,0,0,normal,0.98,keep,none
2024-06-27 21:10:00,0,,-0.17101230320429983,0,0.43721428513526917,0,0,normal,0.98,keep,none
2024-06-27 21:20:00,0,,-0.18449308353859978,0,0.4028893709182739,0,0,normal,0.98,keep,none
2024-06-27 21:30:00,0,,-0.17404759322403462,0,0.3949942886829376,0,0,normal,0.98,keep,none
2024-06-27 21:40:00,0,,-0.1907047127246833,0,0.36292216181755066,0,0,normal,0.98,keep,none
2024-06-27 21:50:00,0,,-0.1907969103643602,0,0.33635061979293823,0,0,normal,0.98,keep,none
2024-06-27 22:00:00,0,,-0.19693378372242765,0,0.3086904287338257,0,0,normal,0.98,keep,none
2024-06-27 22:10:00,0,,-0.19320165709292797,0,0.2814567983150482,0,0,normal,0.98,keep,none
2024-06-27 22:20:00,0,,-0.1891577094836876,0,0.260589599609375,0,0,normal,0.98,keep,none
2024-06-27 22:30:00,0,,-0.19006902554528687,0,0.2417812943458557,0,0,normal,0.98,keep,none
2024-06-27 22:40:00,1,missing,-0.1462401475046291,0,0.25169023871421814,0,1,missing,0.86,correct,rule
2024-06-27 22:50:00,0,,-0.030725906134550063,0,0.39605870842933655,0,0,normal,0.98,keep,none
2024-06-27 23:00:00,0,,-0.057060601983040415,0,0.45164069533348083,0,0,normal,0.98,keep,none
2024-06-27 23:10:00,0,,-0.057412591544444336,0,0.46658849716186523,0,0,normal,0.98,keep,none
2024-06-27 23:20:00,0,,-0.05130262194309887,0,0.48494529724121094,0,0,normal,0.98,keep,none
2024-06-27 23:30:00,0,,-0.06594649434750344,0,0.5013166666030884,0,0,normal,0.98,keep,none
2024-06-27 23:40:00,0,,-0.11733097794766151,0,0.5170974731445312,0,0,normal,0.98,keep,none
2024-06-27 23:50:00,0,,-0.1077293215142372,0,0.5773990154266357,0,0,normal,0.98,keep,none
2024-06-28 00:00:00,0,,-0.12742924975238124,0,0.626037061214447,0,0,normal,0.98,keep,none
2024-06-28 00:10:00,0,,-0.1256382529189582,0,0.6167826652526855,0,0,normal,0.98,keep,none
2024-06-28 00:20:00,0,,-0.12330677788694322,0,0.645462155342102,0,0,normal,0.98,keep,none
2024-06-28 00:30:00,0,,-0.16693674405447823,0,0.6198745369911194,0,0,normal,0.98,keep,none
2024-06-28 00:40:00,0,,-0.17517231193283905,0,0.6115031838417053,0,0,normal,0.98,keep,none
2024-06-28 00:50:00,0,,-0.17203869728419524,0,0.6237577795982361,0,0,normal,0.98,keep,none
2024-06-28 01:00:00,0,,-0.17132721896298286,0,0.6352991461753845,0,0,normal,0.98,keep,none
2024-06-28 01:10:00,0,,-0.17341058505440177,0,0.6527001857757568,0,0,normal,0.98,keep,none
2024-06-28 01:20:00,0,,-0.17263907453432314,0,0.6432936191558838,0,0,normal,0.98,keep,none
2024-06-28 01:30:00,0,,-0.15585608601963008,0,0.6754372715950012,0,0,normal,0.98,keep,none
2024-06-28 01:40:00,0,,-0.15591782069254434,0,0.6474170088768005,0,0,normal,0.98,keep,none
2024-06-28 01:50:00,0,,-0.16453875140377677,0,0.5014519095420837,0,0,normal,0.98,keep,none
2024-06-28 02:00:00,0,,-0.17749749744652293,0,0.447090744972229,0,0,normal,0.98,keep,none
2024-06-28 02:10:00,1,missing,-0.13721289734006603,0,0.40211963653564453,0,1,missing,0.86,correct,rule
2024-06-28 02:20:00,0,,-0.16976171379323463,0,0.34759584069252014,0,0,normal,0.98,keep,none
2024-06-28 02:30:00,0,,-0.16695702227400167,0,0.3126393258571625,0,0,normal,0.98,keep,none
2024-06-28 02:40:00,0,,-0.17760839412948853,0,0.29550525546073914,0,0,normal,0.98,keep,none
2024-06-28 02:50:00,0,,-0.17883279519433892,0,0.27581584453582764,0,0,normal,0.98,keep,none
2024-06-28 03:00:00,0,,-0.17212641700786507,0,0.26092609763145447,0,0,normal,0.98,keep,none
2024-06-28 03:10:00,0,,-0.181169790524413,0,0.24368910491466522,0,0,normal,0.98,keep,none
2024-06-28 03:20:00,0,,-0.16071240212047827,0,0.20256605744361877,0,0,normal,0.98,keep,none
2024-06-28 03:30:00,0,,-0.18201229170057415,0,0.1979023814201355,0,0,normal,0.98,keep,none
2024-06-28 03:40:00,0,,-0.172840890340607,0,0.209468275308609,0,0,normal,0.98,keep,none
2024-06-28 03:50:00,0,,-0.18197150490404385,0,0.20917508006095886,0,0,normal,0.98,keep,none
2024-06-28 04:00:00,0,,-0.1835588206433429,0,0.20729313790798187,0,0,normal,0.98,keep,none
2024-06-28 04:10:00,0,,-0.18017980964040364,0,0.21405541896820068,0,0,normal,0.98,keep,none
2024-06-28 04:20:00,0,,-0.19238248341640185,0,0.2116222083568573,0,0,normal,0.98,keep,none
2024-06-28 04:30:00,0,,-0.19260893052102068,0,0.1923137754201889,0,0,normal,0.98,keep,none
2024-06-28 04:40:00,0,,-0.19111439499462596,0,0.18129922449588776,0,0,normal,0.98,keep,none
2024-06-28 04:50:00,0,,-0.1838809394675201,0,0.17627394199371338,0,0,normal,0.98,keep,none
2024-06-28 05:00:00,0,,-0.18510733010365016,0,0.18310031294822693,0,0,normal,0.98,keep,none
2024-06-28 05:10:00,0,,-0.19627276825098922,0,0.16246452927589417,0,0,normal,0.98,keep,none
2024-06-28 05:20:00,0,,-0.18714148849855727,0,0.16460439562797546,0,0,normal,0.98,keep,none
2024-06-28 05:30:00,0,,-0.17438600317472108,0,0.17435882985591888,0,0,normal,0.98,keep,none
2024-06-28 05:40:00,1,spurious,-0.13982291879197406,0,0.19744719564914703,0,1,spurious,0.86,correct,rule
2024-06-28 05:50:00,0,,-0.1801826627481775,0,0.2012067586183548,0,0,normal,0.98,keep,none
2024-06-28 06:00:00,0,,-0.17646143232563866,0,0.20020559430122375,0,0,normal,0.98,keep,none
2024-06-28 06:10:00,0,,-0.1820289862172631,0,0.20903469622135162,0,0,normal,0.98,keep,none
2024-06-28 06:20:00,0,,-0.1872315786006465,0,0.19719062745571136,0,0,normal,0.98,keep,none
2024-06-28 06:30:00,0,,-0.1876610982298681,0,0.1969083845615387,0,0,normal,0.98,keep,none
2024-06-28 06:40:00,0,,-0.17904972864244223,0,0.19540873169898987,0,0,normal,0.98,keep,none
2024-06-28 06:50:00,0,,-0.1979611797232782,0,0.1915370225906372,0,0,normal,0.98,keep,none
2024-06-28 07:00:00,0,,-0.18001275829583163,0,0.19609510898590088,0,0,normal,0.98,keep,none
2024-06-28 07:10:00,0,,-0.18592993357181725,0,0.19191907346248627,0,0,normal,0.98,keep,none
2024-06-28 07:20:00,0,,-0.1848694243434647,0,0.19607239961624146,0,0,normal,0.98,keep,none
2024-06-28 07:30:00,0,,-0.17516069409884488,0,0.20277903974056244,0,0,normal,0.98,keep,none
2024-06-28 07:40:00,0,,-0.1756071473570076,0,0.21050234138965607,0,0,normal,0.98,keep,none
2024-06-28 07:50:00,0,,-0.1724766362268249,0,0.2117663025856018,0,0,normal,0.98,keep,none
2024-06-28 08:00:00,0,,-0.19651834437159582,0,0.20568343997001648,0,0,normal,0.98,keep,none
2024-06-28 08:10:00,0,,-0.1937049118843922,0,0.20604081451892853,0,0,normal,0.98,keep,none
2024-06-28 08:20:00,0,,-0.1703893637126065,0,0.2085341066122055,0,0,normal,0.98,keep,none
2024-06-28 08:30:00,0,,-0.1845651701376444,0,0.19596552848815918,0,0,normal,0.98,keep,none
2024-06-28 08:40:00,0,,-0.1831017864911692,0,0.17909888923168182,0,0,normal,0.98,keep,none
2024-06-28 08:50:00,0,,-0.19650049574055262,0,0.1834660917520523,0,0,normal,0.98,keep,none
2024-06-28 09:00:00,0,,-0.18596530704074937,0,0.18141795694828033,0,0,normal,0.98,keep,none
2024-06-28 09:10:00,0,,-0.19243461086659353,0,0.1739339530467987,0,0,normal,0.98,keep,none
2024-06-28 09:20:00,1,spurious,-0.14149941859935694,0,0.22128406167030334,0,1,spurious,0.86,correct,rule
2024-06-28 09:30:00,0,,-0.1680224073742302,0,0.20667751133441925,0,0,normal,0.98,keep,none
2024-06-28 09:40:00,0,,-0.17641630618957155,0,0.1911671757698059,0,0,normal,0.98,keep,none
2024-06-28 09:50:00,0,,-0.16184102006159012,0,0.20833182334899902,0,0,normal,0.98,keep,none
2024-06-28 10:00:00,0,,-0.17878258240765815,0,0.20135724544525146,0,0,normal,0.98,keep,none
2024-06-28 10:10:00,0,,-0.17107376031973104,0,0.20433875918388367,0,0,normal,0.98,keep,none
2024-06-28 10:20:00,0,,-0.18299212621041683,0,0.20318703353405,0,0,normal,0.98,keep,none
2024-06-28 10:30:00,0,,-0.18450498150266892,0,0.2012539952993393,0,0,normal,0.98,keep,none
2024-06-28 10:40:00,0,,-0.18659273763395245,0,0.1923799216747284,0,0,normal,0.98,keep,none
2024-06-28 10:50:00,0,,-0.1854150636505682,0,0.18649835884571075,0,0,normal,0.98,keep,none
2024-06-28 11:00:00,0,,-0.1928415068571051,0,0.18986839056015015,0,0,normal,0.98,keep,none
2024-06-28 11:10:00,0,,-0.1905337321203292,0,0.18695370852947235,0,0,normal,0.98,keep,none
2024-06-28 11:20:00,0,,-0.17108524663011332,0,0.18422746658325195,0,0,normal,0.98,keep,none
2024-06-28 11:30:00,0,,-0.18473046241012747,0,0.17928330600261688,0,0,normal,0.98,keep,none
2024-06-28 11:40:00,0,,-0.18558679441304948,0,0.17191259562969208,0,0,normal,0.98,keep,none
2024-06-28 11:50:00,0,,-0.19182715409949808,0,0.16736239194869995,0,0,normal,0.98,keep,none
2024-06-28 12:00:00,0,,-0.1911540177165374,0,0.16109296679496765,0,0,normal,0.98,keep,none
2024-06-28 12:10:00,0,,-0.19163775009775208,0,0.1561093032360077,0,0,normal,0.98,keep,none
2024-06-28 12:20:00,0,,-0.1916563848417958,0,0.12857449054718018,0,0,normal,0.98,keep,none
2024-06-28 12:30:00,0,,-0.18135087540111178,0,0.13034749031066895,0,0,normal,0.98,keep,none
2024-06-28 12:40:00,0,,-0.18003037210611383,0,0.14190705120563507,0,0,normal,0.98,keep,none
2024-06-28 12:50:00,0,,-0.19138285863382448,0,0.13049112260341644,0,0,normal,0.98,keep,none
2024-06-28 13:00:00,0,,-0.17203042229313092,0,0.13545124232769012,0,0,normal,0.98,keep,none
2024-06-28 13:10:00,0,,-0.1788489184188362,0,0.13352738320827484,0,0,normal,0.98,keep,none
2024-06-28 13:20:00,0,,-0.18602231525451418,0,0.13207024335861206,0,0,normal,0.98,keep,none
2024-06-28 13:30:00,0,,-0.17876164616418394,0,0.1417803168296814,0,0,normal,0.98,keep,none
2024-06-28 13:40:00,0,,-0.19226413340940407,0,0.1345183551311493,0,0,normal,0.98,keep,none
2024-06-28 13:50:00,1,missing,-0.14511292724904967,0,0.1609770953655243,0,1,missing,0.86,correct,rule
2024-06-28 14:00:00,0,,-0.1894002377063635,0,0.1597607135772705,0,0,normal,0.98,keep,none
2024-06-28 14:10:00,0,,-0.1887966314488464,0,0.15910513699054718,0,0,normal,0.98,keep,none
2024-06-28 14:20:00,0,,-0.18242513478880035,0,0.15522588789463043,0,0,normal,0.98,keep,none
2024-06-28 14:30:00,0,,-0.17028311990586137,0,0.15767838060855865,0,0,normal,0.98,keep,none
2024-06-28 14:40:00,0,,-0.1716191014927405,0,0.16100981831550598,0,0,normal,0.98,keep,none
2024-06-28 14:50:00,0,,-0.17612781546538436,0,0.1670544445514679,0,0,normal,0.98,keep,none
2024-06-28 15:00:00,0,,-0.17583346846533915,0,0.16915619373321533,0,0,normal,0.98,keep,none
2024-06-28 15:10:00,0,,-0.17852962243684561,0,0.17355144023895264,0,0,normal,0.98,keep,none
2024-06-28 15:20:00,0,,-0.1887489596548656,0,0.17604798078536987,0,0,normal,0.98,keep,none
2024-06-28 15:30:00,0,,-0.1921803326976253,0,0.17041301727294922,0,0,normal,0.98,keep,none
2024-06-28 15:40:00,0,,-0.193616442169676,0,0.16287682950496674,0,0,normal,0.98,keep,none
2024-06-28 15:50:00,0,,-0.18120911733654887,0,0.1662164032459259,0,0,normal,0.98,keep,none
2024-06-28 16:00:00,0,,-0.18019528262634127,0,0.1652521938085556,0,0,normal,0.98,keep,none
2024-06-28 16:10:00,0,,-0.18277320766654276,0,0.15140271186828613,0,0,normal,0.98,keep,none
2024-06-28 16:20:00,0,,-0.1747971083793171,0,0.1580507457256317,0,0,normal,0.98,keep,none
2024-06-28 16:30:00,0,,-0.18465939812854626,0,0.14967265725135803,0,0,normal,0.98,keep,none
2024-06-28 16:40:00,0,,-0.18809831058384247,0,0.14859677851200104,0,0,normal,0.98,keep,none
2024-06-28 16:50:00,0,,-0.184062100184177,0,0.1256439983844757,0,0,normal,0.98,keep,none
2024-06-28 17:00:00,0,,-0.1816018017897819,0,0.12816564738750458,0,0,normal,0.98,keep,none
2024-06-28 17:10:00,0,,-0.19149021666560795,0,0.12677253782749176,0,0,normal,0.98,keep,none
2024-06-28 17:20:00,0,,-0.1882443895827462,0,0.12950384616851807,0,0,normal,0.98,keep,none
2024-06-28 17:30:00,0,,-0.1902229878500688,0,0.11680930852890015,0,0,normal,0.98,keep,none
2024-06-28 17:40:00,0,,-0.19246212935640583,0,0.11084501445293427,0,0,normal,0.98,keep,none
2024-06-28 17:50:00,0,,-0.1897103572923411,0,0.10280156135559082,0,0,normal,0.98,keep,none
2024-06-28 18:00:00,0,,-0.17837014048137723,0,0.10715464502573013,0,0,normal,0.98,keep,none
2024-06-28 18:10:00,0,,-0.18264115699123495,0,0.1035187840461731,0,0,normal,0.98,keep,none
2024-06-28 18:20:00,0,,-0.180024922309584,0,0.10369683057069778,0,0,normal,0.98,keep,none
2024-06-28 18:30:00,0,,-0.1624166470907682,0,0.12009581923484802,0,0,normal,0.98,keep,none
2024-06-28 18:40:00,0,,-0.16978993704378953,0,0.13264454901218414,0,0,normal,0.98,keep,none
2024-06-28 18:50:00,0,,-0.1798538330372862,0,0.12866660952568054,0,0,normal,0.98,keep,none
2024-06-28 19:00:00,0,,0.01187400234807734,1,0.4318365156650543,0,1,ml_suspicious,0.62,manual_review,isolation_forest
2024-06-28 19:10:00,0,,-0.028918385327743268,0,0.5289624929428101,0,0,normal,0.98,keep,none
2024-06-28 19:20:00,0,,-0.08751373216180602,0,0.5367016196250916,0,0,normal,0.98,keep,none
2024-06-28 19:30:00,0,,-0.12075158167941363,0,0.5530046820640564,0,0,normal,0.98,keep,none
2024-06-28 19:40:00,0,,-0.14196205092894143,0,0.5709813237190247,0,0,normal,0.98,keep,none
2024-06-28 19:50:00,0,,-0.13474723837192754,0,0.6131777167320251,0,0,normal,0.98,keep,none
2024-06-28 20:00:00,0,,-0.15172585409310652,0,0.6636020541191101,0,0,normal,0.98,keep,none
2024-06-28 20:10:00,0,,-0.13682420519900657,0,0.7974395751953125,0,0,normal,0.98,keep,none
2024-06-28 20:20:00,0,,-0.1832655533212837,0,0.7795793414115906,0,0,normal,0.98,keep,none
2024-06-28 20:30:00,0,,-0.17762870055738655,0,0.7831986546516418,0,0,normal,0.98,keep,none
2024-06-28 20:40:00,0,,-0.18707433935234646,0,0.7721871733665466,0,0,normal,0.98,keep,none
2024-06-28 20:50:00,0,,-0.16673030933108185,0,0.769044816493988,0,0,normal,0.98,keep,none
2024-06-28 21:00:00,0,,-0.16950342619298642,0,0.760460376739502,0,0,normal,0.98,keep,none
2024-06-28 21:10:00,0,,-0.17109091816699407,0,0.7569409608840942,0,0,normal,0.98,keep,none
2024-06-28 21:20:00,0,,-0.18425333506507507,0,0.7429972290992737,0,0,normal,0.98,keep,none
2024-06-28 21:30:00,0,,-0.1784349271871588,0,0.7228235006332397,0,0,normal,0.98,keep,none
2024-06-28 21:40:00,0,,-0.17840362822112782,0,0.7078202962875366,0,0,normal,0.98,keep,none
2024-06-28 21:50:00,0,,-0.18576272024270896,0,0.7056306004524231,0,0,normal,0.98,keep,none
2024-06-28 22:00:00,0,,-0.18199167621981494,0,0.4286801517009735,0,0,normal,0.98,keep,none
2024-06-28 22:10:00,0,,-0.17024340077202366,0,0.35039541125297546,0,0,normal,0.98,keep,none
2024-06-28 22:20:00,0,,-0.16631578800726232,0,0.35227346420288086,0,0,normal,0.98,keep,none
2024-06-28 22:30:00,0,,-0.17161916560805612,0,0.3396557867527008,0,0,normal,0.98,keep,none
2024-06-28 22:40:00,0,,-0.15384714954711493,0,0.34745416045188904,0,0,normal,0.98,keep,none
2024-06-28 22:50:00,0,,-0.17815189460902597,0,0.33120518922805786,0,0,normal,0.98,keep,none
2024-06-28 23:00:00,0,,-0.1911272353126393,0,0.3145517110824585,0,0,normal,0.98,keep,none
2024-06-28 23:10:00,1,missing,-0.13807630863295384,0,0.21562473475933075,0,1,missing,0.86,correct,rule
2024-06-28 23:20:00,0,,-0.17720178538507897,0,0.2055927813053131,0,0,normal,0.98,keep,none
2024-06-28 23:30:00,0,,-0.17797783758643687,0,0.21276941895484924,0,0,normal,0.98,keep,none
2024-06-28 23:40:00,0,,-0.17653751570583043,0,0.20824114978313446,0,0,normal,0.98,keep,none
2024-06-28 23:50:00,0,,-0.16748298571107145,0,0.20767860114574432,0,0,normal,0.98,keep,none
2024-06-29 00:00:00,0,,-0.17270387981865265,0,0.217377707362175,0,0,normal,0.98,keep,none
2024-06-29 00:10:00,0,,-0.16983362241177746,0,0.21634986996650696,0,0,normal,0.98,keep,none
2024-06-29 00:20:00,1,missing,-0.13680825336766034,0,0.25632089376449585,0,1,missing,0.86,correct,rule
2024-06-29 00:30:00,0,,-0.1286459285445053,0,0.26556867361068726,0,0,normal,0.98,keep,none
2024-06-29 00:40:00,0,,-0.1489241007693714,0,0.2839563488960266,0,0,normal,0.98,keep,none
2024-06-29 00:50:00,0,,-0.16056063296895157,0,0.3003738820552826,0,0,normal,0.98,keep,none
2024-06-29 01:00:00,0,,-0.17253915139315973,0,0.30730870366096497,0,0,normal,0.98,keep,none
2024-06-29 01:10:00,0,,-0.17380757367764382,0,0.29681336879730225,0,0,normal,0.98,keep,none
2024-06-29 01:20:00,0,,-0.17701615417278743,0,0.28522929549217224,0,0,normal,0.98,keep,none
2024-06-29 01:30:00,0,,-0.17830100966149875,0,0.2807319760322571,0,0,normal,0.98,keep,none
2024-06-29 01:40:00,0,,-0.15471254571251414,0,0.27193349599838257,0,0,normal,0.98,keep,none
2024-06-29 01:50:00,0,,-0.17653132500250185,0,0.271834135055542,0,0,normal,0.98,keep,none
2024-06-29 02:00:00,0,,-0.18432369250470831,0,0.2774497866630554,0,0,normal,0.98,keep,none
2024-06-29 02:10:00,1,spike,0.15651832857885328,1,3.163391351699829,1,1,spike,0.95,correct,hybrid
2024-06-29 02:20:00,0,,0.11976747826782297,1,4.675711154937744,1,1,ml_suspicious,0.62,manual_review,hybrid
2024-06-29 02:30:00,0,,0.09014465655940285,1,5.408820152282715,1,1,ml_suspicious,0.62,manual_review,hybrid
2024-06-29 02:40:00,0,,0.05102360990335686,1,5.946815013885498,1,1,ml_suspicious,0.62,manual_review,hybrid
2024-06-29 02:50:00,0,,0.06923904960191052,1,6.485162258148193,1,1,ml_suspicious,0.62,manual_review,hybrid
2024-06-29 03:00:00,0,,0.05525049479212374,1,7.010028839111328,1,1,ml_suspicious,0.62,manual_review,hybrid
2024-06-29 03:10:00,0,,-0.1326171257011564,0,6.882978439331055,1,1,ml_suspicious,0.62,manual_review,lstm_ae
2024-06-29 03:20:00,0,,-0.12960466963371287,0,6.8545942306518555,1,1,ml_suspicious,0.62,manual_review,lstm_ae
2024-06-29 03:30:00,0,,-0.13101129675408363,0,6.846078872680664,1,1,ml_suspicious,0.62,manual_review,lstm_ae
2024-06-29 03:40:00,0,,-0.13089098982991354,0,6.867701530456543,1,1,ml_suspicious,0.62,manual_review,lstm_ae
2024-06-29 03:50:00,0,,-0.13673722849365444,0,6.873216152191162,1,1,ml_suspicious,0.62,manual_review,lstm_ae
2024-06-29 04:00:00,0,,-0.14226622539373174,0,6.909540176391602,1,1,ml_suspicious,0.62,manual_review,lstm_ae
2024-06-29 04:10:00,0,,-0.13302110017237334,0,6.935399532318115,1,1,ml_suspicious,0.62,manual_review,lstm_ae
2024-06-29 04:20:00,0,,-0.13171354967033722,0,7.00420618057251,1,1,ml_suspicious,0.62,manual_review,lstm_ae
2024-06-29 04:30:00,0,,-0.13633111662713443,0,7.019716262817383,1,1,ml_suspicious,0.62,manual_review,lstm_ae
2024-06-29 04:40:00,0,,-0.14058460864088218,0,7.047440052032471,1,1,ml_suspicious,0.62,manual_review,lstm_ae
2024-06-29 04:50:00,0,,-0.1244036845566836,0,7.092092990875244,1,1,ml_suspicious,0.62,manual_review,lstm_ae
2024-06-29 05:00:00,0,,-0.11145621169397202,0,7.142009258270264,1,1,ml_suspicious,0.62,manual_review,lstm_ae
2024-06-29 05:10:00,0,,-0.18224912816816657,0,4.6425299644470215,1,1,ml_suspicious,0.62,manual_review,lstm_ae
2024-06-29 05:20:00,0,,-0.18585087028915437,0,3.252826452255249,1,1,ml_suspicious,0.62,manual_review,lstm_ae
2024-06-29 05:30:00,1,spike,0.033677533770570145,1,2.624307155609131,1,1,spike,0.95,correct,hybrid
2024-06-29 05:40:00,1,missing,-0.028438907584880213,0,2.071880578994751,0,1,missing,0.86,correct,rule
2024-06-29 05:50:00,0,,-0.053568464104336244,0,1.5161234140396118,0,0,normal,0.98,keep,none
2024-06-29 06:00:00,0,,-0.08816414880321655,0,0.9656597375869751,0,0,normal,0.98,keep,none
2024-06-29 06:10:00,0,,-0.09035085079376076,0,0.9101518988609314,0,0,normal,0.98,keep,none
2024-06-29 06:20:00,0,,-0.07620231006104905,0,0.8679376840591431,0,0,normal,0.98,keep,none
2024-06-29 06:30:00,0,,-0.17613476205515888,0,0.7741686701774597,0,0,normal,0.98,keep,none
2024-06-29 06:40:00,0,,-0.17532571266295155,0,0.7102763652801514,0,0,normal,0.98,keep,none
2024-06-29 06:50:00,0,,-0.13578828054777836,0,0.684939444065094,0,0,normal,0.98,keep,none
2024-06-29 07:00:00,0,,-0.16333693138403188,0,0.6283809542655945,0,0,normal,0.98,keep,none
2024-06-29 07:10:00,0,,-0.16825602126630107,0,0.5850473046302795,0,0,normal,0.98,keep,none
2024-06-29 07:20:00,1,negative,-0.09769108377833474,0,0.5741851329803467,0,1,negative,0.86,correct,rule
2024-06-29 07:30:00,0,,-0.1539666189168677,0,0.522977888584137,0,0,normal,0.98,keep,none
2024-06-29 07:40:00,0,,-0.15781410305044424,0,0.48103851079940796,0,0,normal,0.98,keep,none
2024-06-29 07:50:00,0,,-0.15489036133172523,0,0.42847397923469543,0,0,normal,0.98,keep,none
2024-06-29 08:00:00,0,,-0.17219791510486526,0,0.36414191126823425,0,0,normal,0.98,keep,none
2024-06-29 08:10:00,0,,-0.17485535462656465,0,0.35288330912590027,0,0,normal,0.98,keep,none
2024-06-29 08:20:00,0,,-0.18488719049571117,0,0.34804368019104004,0,0,normal,0.98,keep,none
2024-06-29 08:30:00,0,,-0.1881778973003148,0,0.29233428835868835,0,0,normal,0.98,keep,none
2024-06-29 08:40:00,0,,-0.18730604180458138,0,0.2518998384475708,0,0,normal,0.98,keep,none
2024-06-29 08:50:00,0,,-0.18764091535145405,0,0.23539398610591888,0,0,normal,0.98,keep,none
2024-06-29 09:00:00,0,,-0.18890197606077364,0,0.22647827863693237,0,0,normal,0.98,keep,none
2024-06-29 09:10:00,0,,-0.18369690270602373,0,0.21868839859962463,0,0,normal,0.98,keep,none
2024-06-29 09:20:00,0,,-0.18601299060821175,0,0.20239047706127167,0,0,normal,0.98,keep,none
2024-06-29 09:30:00,0,,-0.19096582374723015,0,0.19151851534843445,0,0,normal,0.98,keep,none
2024-06-29 09:40:00,0,,-0.19504754833625793,0,0.18376274406909943,0,0,normal,0.98,keep,none
2024-06-29 09:50:00,0,,-0.1951516478642802,0,0.15991808474063873,0,0,normal,0.98,keep,none
2024-06-29 10:00:00,0,,-0.19046630327818054,0,0.15310895442962646,0,0,normal,0.98,keep,none
2024-06-29 10:10:00,0,,-0.18823624249879528,0,0.14422963559627533,0,0,normal,0.98,keep,none
2024-06-29 10:20:00,0,,-0.1910154314360294,0,0.11375880241394043,0,0,normal,0.98,keep,none
2024-06-29 10:30:00,0,,-0.18725242134725895,0,0.1141323521733284,0,0,normal,0.98,keep,none
2024-06-29 10:40:00,0,,-0.1850872172013493,0,0.10353417694568634,0,0,normal,0.98,keep,none
2024-06-29 10:50:00,0,,-0.1838712371840202,0,0.10246460139751434,0,0,normal,0.98,keep,none
2024-06-29 11:00:00,0,,-0.17892840107899982,0,0.10458476096391678,0,0,normal,0.98,keep,none
2024-06-29 11:10:00,0,,-0.18408448739682137,0,0.1061210110783577,0,0,normal,0.98,keep,none
2024-06-29 11:20:00,0,,-0.18216552133062713,0,0.11405307054519653,0,0,normal,0.98,keep,none
2024-06-29 11:30:00,0,,-0.1870660779750879,0,0.11565535515546799,0,0,normal,0.98,keep,none
2024-06-29 11:40:00,0,,-0.19295083615359243,0,0.10979944467544556,0,0,normal,0.98,keep,none
2024-06-29 11:50:00,1,spike,0.1658731035157064,1,2.8975701332092285,1,1,spike,0.95,correct,hybrid
2024-06-29 12:00:00,0,,0.10565432709578837,1,4.384056091308594,1,1,ml_suspicious,0.62,manual_review,hybrid
2024-06-29 12:10:00,0,,0.08961910936119633,1,5.163806438446045,1,1,ml_suspicious,0.62,manual_review,hybrid
2024-06-29 12:20:00,0,,0.057759125740802,1,5.728959083557129,1,1,ml_suspicious,0.62,manual_review,hybrid
2024-06-29 12:30:00,0,,0.04633567211283618,1,6.282375812530518,1,1,ml_suspicious,0.62,manual_review,hybrid
2024-06-29 12:40:00,0,,0.051044121484812854,1,6.838537693023682,1,1,ml_suspicious,0.62,manual_review,hybrid
2024-06-29 12:50:00,0,,-0.12910047828440452,0,6.6792073249816895,1,1,ml_suspicious,0.62,manual_review,lstm_ae
2024-06-29 13:00:00,0,,-0.13373782297981046,0,6.636000633239746,1,1,ml_suspicious,0.62,manual_review,lstm_ae
2024-06-29 13:10:00,0,,-0.13943805172381601,0,6.642625331878662,1,1,ml_suspicious,0.62,manual_review,lstm_ae
2024-06-29 13:20:00,0,,-0.13569088291984788,0,6.678235054016113,1,1,ml_suspicious,0.62,manual_review,lstm_ae
2024-06-29 13:30:00,0,,-0.1315917289614581,0,6.719846725463867,1,1,ml_suspicious,0.62,manual_review,lstm_ae
2024-06-29 13:40:00,0,,-0.1370628259485196,0,6.763941764831543,1,1,ml_suspicious,0.62,manual_review,lstm_ae
2024-06-29 13:50:00,0,,-0.13349931840445356,0,6.814308166503906,1,1,ml_suspicious,0.62,manual_review,lstm_ae
2024-06-29 14:00:00,0,,-0.12559026478526136,0,6.865829944610596,1,1,ml_suspicious,0.62,manual_review,lstm_ae
2024-06-29 14:10:00,0,,-0.1356237235613434,0,6.907266616821289,1,1,ml_suspicious,0.62,manual_review,lstm_ae
2024-06-29 14:20:00,0,,-0.12616961873838273,0,6.939187049865723,1,1,ml_suspicious,0.62,manual_review,lstm_ae
2024-06-29 14:30:00,0,,-0.13058646116019312,0,6.994439125061035,1,1,ml_suspicious,0.62,manual_review,lstm_ae
2024-06-29 14:40:00,0,,-0.13252900521009126,0,7.041282653808594,1,1,ml_suspicious,0.62,manual_review,lstm_ae
2024-06-29 14:50:00,0,,-0.18880427018110074,0,4.568758010864258,1,1,ml_suspicious,0.62,manual_review,lstm_ae
2024-06-29 15:00:00,0,,-0.1814245319695872,0,3.1726396083831787,1,1,ml_suspicious,0.62,manual_review,lstm_ae
2024-06-29 15:10:00,0,,-0.18763389322944612,0,2.2805798053741455,0,0,normal,0.98,keep,none
2024-06-29 15:20:00,0,,-0.1881967375787445,0,1.7417491674423218,0,0,normal,0.98,keep,none
2024-06-29 15:30:00,0,,-0.18723692179243812,0,1.202538013458252,0,0,normal,0.98,keep,none
2024-06-29 15:40:00,0,,-0.1837730997031572,0,0.6691380143165588,0,0,normal,0.98,keep,none
2024-06-29 15:50:00,1,spurious,-0.1333485918901231,0,0.6533877849578857,0,1,spurious,0.86,correct,rule
2024-06-29 16:00:00,0,,-0.16204095629413778,0,0.6109326481819153,0,0,normal,0.98,keep,none
2024-06-29 16:10:00,0,,-0.17031859569164198,0,0.5599609613418579,0,0,normal,0.98,keep,none
2024-06-29 16:20:00,0,,-0.17756107950218364,0,0.5182543992996216,0,0,normal,0.98,keep,none
2024-06-29 16:30:00,0,,-0.17318619355110315,0,0.4717489778995514,0,0,normal,0.98,keep,none
2024-06-29 16:40:00,0,,-0.17556425057337866,0,0.4304441511631012,0,0,normal,0.98,keep,none
2024-06-29 16:50:00,0,,-0.17712926049297012,0,0.3862280249595642,0,0,normal,0.98,keep,none
2024-06-29 17:00:00,0,,-0.18338882800890705,0,0.3408691883087158,0,0,normal,0.98,keep,none
2024-06-29 17:10:00,0,,-0.1784171347838071,0,0.29717984795570374,0,0,normal,0.98,keep,none
2024-06-29 17:20:00,0,,-0.18712624225192387,0,0.24509115517139435,0,0,normal,0.98,keep,none
2024-06-29 17:30:00,0,,-0.19022265943862277,0,0.1945338249206543,0,0,normal,0.98,keep,none
2024-06-29 17:40:00,0,,-0.1835486329474239,0,0.14518678188323975,0,0,normal,0.98,keep,none
2024-06-29 17:50:00,0,,-0.1879059147142969,0,0.14861510694026947,0,0,normal,0.98,keep,none
2024-06-29 18:00:00,0,,-0.18985935709559454,0,0.14657753705978394,0,0,normal,0.98,keep,none
2024-06-29 18:10:00,0,,-0.17959503275628186,0,0.14913122355937958,0,0,normal,0.98,keep,none
2024-06-29 18:20:00,0,,-0.17549643245380186,0,0.1559642106294632,0,0,normal,0.98,keep,none
2024-06-29 18:30:00,0,,-0.1846818206494435,0,0.15368248522281647,0,0,normal,0.98,keep,none
2024-06-29 18:40:00,0,,-0.1832035268494755,0,0.15064379572868347,0,0,normal,0.98,keep,none
2024-06-29 18:50:00,0,,-0.17568293669462248,0,0.1280529499053955,0,0,normal,0.98,keep,none
2024-06-29 19:00:00,0,,-0.18037745792086451,0,0.129480242729187,0,0,normal,0.98,keep,none
2024-06-29 19:10:00,0,,-0.1797379542196716,0,0.1271355152130127,0,0,normal,0.98,keep,none
2024-06-29 19:20:00,0,,-0.17833918898201284,0,0.12591208517551422,0,0,normal,0.98,keep,none
2024-06-29 19:30:00,0,,-0.18286177309638452,0,0.12199128419160843,0,0,normal,0.98,keep,none
2024-06-29 19:40:00,0,,-0.17463606564267886,0,0.11795150488615036,0,0,normal,0.98,keep,none
2024-06-29 19:50:00,0,,-0.15767357133951654,0,0.12608106434345245,0,0,normal,0.98,keep,none
2024-06-29 20:00:00,1,missing,-0.12747668573670762,0,0.16553476452827454,0,1,missing,0.86,correct,rule
2024-06-29 20:10:00,0,,-0.17481644548363134,0,0.16341142356395721,0,0,normal,0.98,keep,none
2024-06-29 20:20:00,0,,-0.1854226767409648,0,0.16182421147823334,0,0,normal,0.98,keep,none
2024-06-29 20:30:00,0,,-0.17398273335870723,0,0.17007407546043396,0,0,normal,0.98,keep,none
2024-06-29 20:40:00,0,,-0.17135620366732734,0,0.1710454374551773,0,0,normal,0.98,keep,none
2024-06-29 20:50:00,1,missing,-0.12921843771989489,0,0.218987375497818,0,1,missing,0.86,correct,rule
2024-06-29 21:00:00,0,,-0.17862184741888554,0,0.2151934802532196,0,0,normal,0.98,keep,none
2024-06-29 21:10:00,0,,-0.1808670839651199,0,0.21776512265205383,0,0,normal,0.98,keep,none
2024-06-29 21:20:00,0,,-0.17530429478770165,0,0.2139098197221756,0,0,normal,0.98,keep,none
2024-06-29 21:30:00,0,,-0.17763420132307234,0,0.21936377882957458,0,0,normal,0.98,keep,none
2024-06-29 21:40:00,0,,-0.17436038655439456,0,0.22449490427970886,0,0,normal,0.98,keep,none
2024-06-29 21:50:00,0,,-0.18393390918436386,0,0.22200191020965576,0,0,normal,0.98,keep,none
2024-06-29 22:00:00,0,,-0.1845691706719712,0,0.219248428940773,0,0,normal,0.98,keep,none
2024-06-29 22:10:00,1,spurious,-0.131066472186112,0,0.256312757730484,0,1,spurious,0.86,correct,rule
2024-06-29 22:20:00,0,,-0.15836685504502535,0,0.24636660516262054,0,0,normal,0.98,keep,none
2024-06-29 22:30:00,0,,-0.15455650413469602,0,0.25865140557289124,0,0,normal,0.98,keep,none
2024-06-29 22:40:00,0,,-0.14980853207687633,0,0.26655516028404236,0,0,normal,0.98,keep,none
2024-06-29 22:50:00,0,,-0.1794735304554404,0,0.2599456012248993,0,0,normal,0.98,keep,none
2024-06-29 23:00:00,0,,-0.17298663425424493,0,0.23936112225055695,0,0,normal,0.98,keep,none
2024-06-29 23:10:00,0,,-0.17759377105967655,0,0.23667782545089722,0,0,normal,0.98,keep,none
2024-06-29 23:20:00,0,,-0.15397498193017345,0,0.2543379068374634,0,0,normal,0.98,keep,none
2024-06-29 23:30:00,0,,-0.16235382513086194,0,0.25267836451530457,0,0,normal,0.98,keep,none
2024-06-29 23:40:00,0,,-0.13384928148148295,0,0.28771767020225525,0,0,normal,0.98,keep,none
2024-06-29 23:50:00,0,,-0.16535955225908733,0,0.24469785392284393,0,0,normal,0.98,keep,none
2024-06-30 00:00:00,1,spike,0.1589233507404877,1,3.1862356662750244,1,1,spike,0.95,correct,hybrid
2024-06-30 00:10:00,0,,0.10208948287245834,1,4.604809761047363,1,1,ml_suspicious,0.62,manual_review,hybrid
2024-06-30 00:20:00,0,,0.09017717633580513,1,5.405285358428955,1,1,ml_suspicious,0.62,manual_review,hybrid
2024-06-30 00:30:00,0,,0.05495363277484966,1,5.959558010101318,1,1,ml_suspicious,0.62,manual_review,hybrid
2024-06-30 00:40:00,0,,0.047354725083381344,1,6.500229358673096,1,1,ml_suspicious,0.62,manual_review,hybrid
2024-06-30 00:50:00,0,,0.05342531305739673,1,7.047894477844238,1,1,ml_suspicious,0.62,manual_review,hybrid
2024-06-30 01:00:00,0,,-0.1266897277242191,0,6.913486480712891,1,1,ml_suspicious,0.62,manual_review,lstm_ae
2024-06-30 01:10:00,0,,-0.12454307164088352,0,6.847681999206543,1,1,ml_suspicious,0.62,manual_review,lstm_ae
2024-06-30 01:20:00,0,,-0.13620826217107013,0,6.846926212310791,1,1,ml_suspicious,0.62,manual_review,lstm_ae
2024-06-30 01:30:00,0,,-0.13311214066184174,0,6.863586902618408,1,1,ml_suspicious,0.62,manual_review,lstm_ae
2024-06-30 01:40:00,0,,-0.13579052488073962,0,6.896574020385742,1,1,ml_suspicious,0.62,manual_review,lstm_ae
2024-06-30 01:50:00,0,,-0.1078504185370514,0,6.948414325714111,1,1,ml_suspicious,0.62,manual_review,lstm_ae
2024-06-30 02:00:00,0,,-0.13001309080670037,0,6.9990458488464355,1,1,ml_suspicious,0.62,manual_review,lstm_ae
2024-06-30 02:10:00,0,,-0.13000223265722682,0,7.057577610015869,1,1,ml_suspicious,0.62,manual_review,lstm_ae
2024-06-30 02:20:00,0,,-0.1348741009690962,0,7.072587490081787,1,1,ml_suspicious,0.62,manual_review,lstm_ae
2024-06-30 02:30:00,1,missing,-0.06152954751492268,0,7.224585056304932,1,1,missing,0.95,correct,hybrid
2024-06-30 02:40:00,0,,-0.1020571866932996,0,7.180090427398682,1,1,ml_suspicious,0.62,manual_review,lstm_ae
2024-06-30 02:50:00,0,,-0.1139986118736544,0,7.246654033660889,1,1,ml_suspicious,0.62,manual_review,lstm_ae
2024-06-30 03:00:00,0,,-0.17432190616671522,0,4.699615001678467,1,1,ml_suspicious,0.62,manual_review,lstm_ae
2024-06-30 03:10:00,0,,-0.17983133303310583,0,3.3178999423980713,1,1,ml_suspicious,0.62,manual_review,lstm_ae
2024-06-30 03:20:00,0,,-0.18061766874534646,0,2.4402079582214355,0,0,normal,0.98,keep,none
2024-06-30 03:30:00,0,,-0.16748095276661262,0,1.8992888927459717,0,0,normal,0.98,keep,none
2024-06-30 03:40:00,0,,-0.16587993753349783,0,1.3616427183151245,0,0,normal,0.98,keep,none
2024-06-30 03:50:00,0,,-0.18042103568034407,0,0.820877194404602,0,0,normal,0.98,keep,none
2024-06-30 04:00:00,0,,-0.14778161522983602,0,0.789042055606842,0,0,normal,0.98,keep,none
2024-06-30 04:10:00,0,,-0.16981753436939423,0,0.7402894496917725,0,0,normal,0.98,keep,none
2024-06-30 04:20:00,0,,-0.18573603879813483,0,0.6876746416091919,0,0,normal,0.98,keep,none
2024-06-30 04:30:00,0,,-0.18572808114577605,0,0.6366773247718811,0,0,normal,0.98,keep,none
2024-06-30 04:40:00,0,,-0.18555338550490574,0,0.5913681387901306,0,0,normal,0.98,keep,none
2024-06-30 04:50:00,0,,-0.1797346757384996,0,0.5299527645111084,0,0,normal,0.98,keep,none
2024-06-30 05:00:00,0,,-0.18539673058379652,0,0.4747542142868042,0,0,normal,0.98,keep,none
2024-06-30 05:10:00,0,,-0.18323526214150887,0,0.4201168119907379,0,0,normal,0.98,keep,none
2024-06-30 05:20:00,0,,-0.17994907716345643,0,0.36907199025154114,0,0,normal,0.98,keep,none
2024-06-30 05:30:00,0,,-0.1853429464116063,0,0.2808021306991577,0,0,normal,0.98,keep,none
2024-06-30 05:40:00,0,,-0.17235932218873556,0,0.22375746071338654,0,0,normal,0.98,keep,none
2024-06-30 05:50:00,0,,-0.17764788502619971,0,0.1678859293460846,0,0,normal,0.98,keep,none
2024-06-30 06:00:00,0,,-0.186420607210655,0,0.16325734555721283,0,0,normal,0.98,keep,none
2024-06-30 06:10:00,0,,-0.18817656491081414,0,0.16253255307674408,0,0,normal,0.98,keep,none
2024-06-30 06:20:00,0,,-0.186513045619894,0,0.16614389419555664,0,0,normal,0.98,keep,none
2024-06-30 06:30:00,0,,-0.18107567182393086,0,0.15829040110111237,0,0,normal,0.98,keep,none
2024-06-30 06:40:00,0,,-0.1862112856928187,0,0.15493705868721008,0,0,normal,0.98,keep,none
2024-06-30 06:50:00,0,,-0.18051197165334104,0,0.1545783430337906,0,0,normal,0.98,keep,none
2024-06-30 07:00:00,0,,-0.17066700510604255,0,0.14528082311153412,0,0,normal,0.98,keep,none
2024-06-30 07:10:00,0,,-0.18414092631916912,0,0.12958556413650513,0,0,normal,0.98,keep,none
2024-06-30 07:20:00,0,,-0.18476553555318675,0,0.12910036742687225,0,0,normal,0.98,keep,none
2024-06-30 07:30:00,0,,-0.18533554090697818,0,0.1285373866558075,0,0,normal,0.98,keep,none
2024-06-30 07:40:00,0,,-0.18547090392139437,0,0.12680275738239288,0,0,normal,0.98,keep,none
2024-06-30 07:50:00,0,,-0.17955645237692397,0,0.1280643492937088,0,0,normal,0.98,keep,none
2024-06-30 08:00:00,0,,-0.18183209480753004,0,0.13301266729831696,0,0,normal,0.98,keep,none
2024-06-30 08:10:00,0,,-0.18060726879026356,0,0.1342652440071106,0,0,normal,0.98,keep,none
2024-06-30 08:20:00,0,,-0.182464930915045,0,0.13289234042167664,0,0,normal,0.98,keep,none
2024-06-30 08:30:00,0,,-0.1864285832778801,0,0.1319718360900879,0,0,normal,0.98,keep,none
2024-06-30 08:40:00,1,spike,0.1631789989297573,1,2.7990593910217285,1,1,spike,0.95,correct,hybrid
2024-06-30 08:50:00,0,,0.11629616122203223,1,4.283612251281738,1,1,ml_suspicious,0.62,manual_review,hybrid
2024-06-30 09:00:00,0,,0.08893919261054162,1,5.054819583892822,1,1,ml_suspicious,0.62,manual_review,hybrid
2024-06-30 09:10:00,0,,0.057054312385221295,1,5.598832607269287,1,1,ml_suspicious,0.62,manual_review,hybrid
2024-06-30 09:20:00,0,,0.05332329762123822,1,6.152438163757324,1,1,ml_suspicious,0.62,manual_review,hybrid
2024-06-30 09:30:00,0,,0.0704248212814198,1,6.702642440795898,1,1,ml_suspicious,0.62,manual_review,hybrid
2024-06-30 09:40:00,0,,-0.11012873374774274,0,6.625182151794434,1,1,ml_suspicious,0.62,manual_review,lstm_ae
2024-06-30 09:50:00,0,,-0.12420187199461064,0,6.647077560424805,1,1,ml_suspicious,0.62,manual_review,lstm_ae
2024-06-30 10:00:00,0,,-0.13779373774029274,0,6.662251949310303,1,1,ml_suspicious,0.62,manual_review,lstm_ae
2024-06-30 10:10:00,0,,-0.12993410023415708,0,6.704524993896484,1,1,ml_suspicious,0.62,manual_review,lstm_ae
2024-06-30 10:20:00,0,,-0.12432682147593976,0,6.74401330947876,1,1,ml_suspicious,0.62,manual_review,lstm_ae
2024-06-30 10:30:00,0,,-0.12718876594108286,0,6.79849910736084,1,1,ml_suspicious,0.62,manual_review,lstm_ae
2024-06-30 10:40:00,0,,-0.12466454068651389,0,6.844635963439941,1,1,ml_suspicious,0.62,manual_review,lstm_ae
2024-06-30 10:50:00,0,,-0.11442544455167569,0,6.894377708435059,1,1,ml_suspicious,0.62,manual_review,lstm_ae
2024-06-30 11:00:00,0,,-0.12064348227290672,0,6.945870399475098,1,1,ml_suspicious,0.62,manual_review,lstm_ae
2024-06-30 11:10:00,0,,-0.1121115734393427,0,6.9918951988220215,1,1,ml_suspicious,0.62,manual_review,lstm_ae
2024-06-30 11:20:00,0,,-0.12419965625974877,0,7.047054767608643,1,1,ml_suspicious,0.62,manual_review,lstm_ae
2024-06-30 11:30:00,0,,-0.11204688983549643,0,7.100770950317383,1,1,ml_suspicious,0.62,manual_review,lstm_ae
2024-06-30 11:40:00,0,,-0.16750671994449123,0,4.688765048980713,1,1,ml_suspicious,0.62,manual_review,lstm_ae
2024-06-30 11:50:00,0,,-0.1669711369503733,0,3.3209049701690674,1,1,ml_suspicious,0.62,manual_review,lstm_ae
2024-06-30 12:00:00,0,,-0.18559706839153134,0,2.434967517852783,0,0,normal,0.98,keep,none
2024-06-30 12:10:00,0,,-0.1804076213029982,0,1.8907438516616821,0,0,normal,0.98,keep,none
2024-06-30 12:20:00,0,,-0.18326216850771204,0,1.3463683128356934,0,0,normal,0.98,keep,none
2024-06-30 12:30:00,0,,-0.16769546404487867,0,0.8080771565437317,0,0,normal,0.98,keep,none
2024-06-30 12:40:00,0,,-0.18243986918019667,0,0.7325834631919861,0,0,normal,0.98,keep,none
2024-06-30 12:50:00,0,,-0.18021449896916264,0,0.6759494543075562,0,0,normal,0.98,keep,none
2024-06-30 13:00:00,0,,-0.17853845703820576,0,0.626869261264801,0,0,normal,0.98,keep,none
2024-06-30 13:10:00,0,,-0.16469632963929465,0,0.5920323729515076,0,0,normal,0.98,keep,none
2024-06-30 13:20:00,0,,-0.1731778192000179,0,0.536232054233551,0,0,normal,0.98,keep,none
2024-06-30 13:30:00,1,spike,0.16600428434564252,1,3.3766977787017822,1,1,spike,0.95,correct,hybrid
2024-06-30 13:40:00,0,,0.1097958916936258,1,4.803053855895996,1,1,ml_suspicious,0.62,manual_review,hybrid
2024-06-30 13:50:00,0,,0.09177227711190739,1,5.542425632476807,1,1,ml_suspicious,0.62,manual_review,hybrid
2024-06-30 14:00:00,0,,0.061320490107269365,1,6.057794570922852,1,1,ml_suspicious,0.62,manual_review,hybrid
2024-06-30 14:10:00,0,,0.06504469643569133,1,6.581063747406006,1,1,ml_suspicious,0.62,manual_review,hybrid
2024-06-30 14:20:00,0,,0.05877837453009649,1,7.083746910095215,1,1,ml_suspicious,0.62,manual_review,hybrid
2024-06-30 14:30:00,0,,-0.038855010195025574,0,6.83015251159668,1,1,ml_suspicious,0.62,manual_review,lstm_ae
2024-06-30 14:40:00,0,,0.006198582324606128,1,6.857210636138916,1,1,ml_suspicious,0.62,manual_review,hybrid
2024-06-30 14:50:00,0,,0.002002744804828094,1,6.961262226104736,1,1,ml_suspicious,0.62,manual_review,hybrid
2024-06-30 15:00:00,0,,-0.009876462165578359,0,7.041154384613037,1,1,ml_suspicious,0.62,manual_review,lstm_ae
2024-06-30 15:10:00,0,,0.009376474000237334,1,7.160195350646973,1,1,ml_suspicious,0.62,manual_review,hybrid
2024-06-30 15:20:00,0,,-0.0006938188287916036,0,7.284804821014404,1,1,ml_suspicious,0.62,manual_review,lstm_ae
2024-06-30 15:30:00,0,,0.027895768654735753,1,7.440626621246338,1,1,ml_suspicious,0.62,manual_review,hybrid
2024-06-30 15:40:00,0,,0.02940980159995854,1,7.600790023803711,1,1,ml_suspicious,0.62,manual_review,hybrid
2024-06-30 15:50:00,0,,0.03891279369189726,1,7.690484046936035,1,1,ml_suspicious,0.62,manual_review,hybrid
2024-06-30 16:00:00,0,,0.028533977440465708,1,7.743856906890869,1,1,ml_suspicious,0.62,manual_review,hybrid
2024-06-30 16:10:00,0,,0.03518744261794848,1,7.891615867614746,1,1,ml_suspicious,0.62,manual_review,hybrid
2024-06-30 16:20:00,0,,0.03832620716836033,1,8.042746543884277,1,1,ml_suspicious,0.62,manual_review,hybrid
2024-06-30 16:30:00,0,,0.028926082618262017,1,5.736878395080566,1,1,ml_suspicious,0.62,manual_review,hybrid
2024-06-30 16:40:00,0,,0.02175283582330867,1,4.359236240386963,1,1,ml_suspicious,0.62,manual_review,hybrid
2024-06-30 16:50:00,0,,0.018564641118279157,1,3.4976089000701904,1,1,ml_suspicious,0.62,manual_review,hybrid
2024-06-30 17:00:00,0,,0.019583487246882525,1,2.9632339477539062,1,1,ml_suspicious,0.62,manual_review,hybrid
2024-06-30 17:10:00,0,,-0.0022282961609983998,0,2.405796766281128,0,0,normal,0.98,keep,none
2024-06-30 17:20:00,0,,-0.006950810068732105,0,1.8917566537857056,0,0,normal,0.98,keep,none
2024-06-30 17:30:00,0,,-0.019981088903890942,0,1.8233654499053955,0,0,normal,0.98,keep,none
2024-06-30 17:40:00,0,,-0.032541637647371724,0,1.747076392173767,0,0,normal,0.98,keep,none
2024-06-30 17:50:00,0,,-0.02967235239726429,0,1.646337866783142,0,0,normal,0.98,keep,none
2024-06-30 18:00:00,0,,-0.027542782475432737,0,1.6022263765335083,0,0,normal,0.98,keep,none
2024-06-30 18:10:00,0,,-0.04772623289949329,0,1.5220938920974731,0,0,normal,0.98,keep,none
2024-06-30 18:20:00,0,,-0.04592939236638538,0,1.4676650762557983,0,0,normal,0.98,keep,none
2024-06-30 18:30:00,0,,-0.05923516057796496,0,1.337082028388977,0,0,normal,0.98,keep,none
2024-06-30 18:40:00,0,,-0.05648857821565145,0,1.2055672407150269,0,0,normal,0.98,keep,none
2024-06-30 18:50:00,0,,-0.05658452706974193,0,1.1340185403823853,0,0,normal,0.98,keep,none
2024-06-30 19:00:00,0,,-0.08778371194185508,0,1.0899828672409058,0,0,normal,0.98,keep,none
2024-06-30 19:10:00,0,,-0.10329077683187654,0,0.9636748433113098,0,0,normal,0.98,keep,none
2024-06-30 19:20:00,0,,-0.10877753839194698,0,0.8492574095726013,0,0,normal,0.98,keep,none
2024-06-30 19:30:00,0,,-0.09884296467251175,0,0.806281328201294,0,0,normal,0.98,keep,none
2024-06-30 19:40:00,0,,-0.10797617129523118,0,0.8015261292457581,0,0,normal,0.98,keep,none
2024-06-30 19:50:00,0,,-0.09950569459631481,0,0.7972889542579651,0,0,normal,0.98,keep,none
2024-06-30 20:00:00,0,,-0.11843800398126797,0,0.7981806993484497,0,0,normal,0.98,keep,none
2024-06-30 20:10:00,0,,-0.11165037218284807,0,0.8442441821098328,0,0,normal,0.98,keep,none
2024-06-30 20:20:00,0,,-0.11666909450341689,0,0.8644853234291077,0,0,normal,0.98,keep,none
2024-06-30 20:30:00,1,missing,-0.085780302954312,0,0.8940671682357788,0,1,missing,0.86,correct,rule
2024-06-30 20:40:00,0,,-0.11565908910482559,0,0.9059311151504517,0,0,normal,0.98,keep,none
2024-06-30 20:50:00,1,negative,-0.05963915436571732,0,0.9277868866920471,0,1,negative,0.86,correct,rule
2024-06-30 21:00:00,0,,-0.06421249456636013,0,0.9267460703849792,0,0,normal,0.98,keep,none
2024-06-30 21:10:00,1,missing,-0.058139556616183974,0,0.973625123500824,0,1,missing,0.86,correct,rule
2024-06-30 21:20:00,0,,-0.11145911097421479,0,0.9102296829223633,0,0,normal,0.98,keep,none
2024-06-30 21:30:00,0,,-0.10098289950601913,0,0.9351062178611755,0,0,normal,0.98,keep,none
2024-06-30 21:40:00,0,,-0.10922810837413627,0,0.9088404774665833,0,0,normal,0.98,keep,none
2024-06-30 21:50:00,0,,-0.12272046363906308,0,0.8869055509567261,0,0,normal,0.98,keep,none
2024-06-30 22:00:00,0,,-0.12474857997325967,0,0.8785433769226074,0,0,normal,0.98,keep,none
2024-06-30 22:10:00,0,,-0.12900174095678796,0,0.8737026453018188,0,0,normal,0.98,keep,none
2024-06-30 22:20:00,0,,-0.13089095271803292,0,0.8608984351158142,0,0,normal,0.98,keep,none
2024-06-30 22:30:00,0,,-0.1298528823768343,0,0.7998946309089661,0,0,normal,0.98,keep,none
2024-06-30 22:40:00,0,,-0.12186679393976152,0,0.7662879824638367,0,0,normal,0.98,keep,none
2024-06-30 22:50:00,0,,-0.12762908253273098,0,0.765985906124115,0,0,normal,0.98,keep,none
2024-06-30 23:00:00,0,,-0.12740020956110432,0,0.7436556816101074,0,0,normal,0.98,keep,none
2024-06-30 23:10:00,0,,-0.12850554904150618,0,0.7309097051620483,0,0,normal,0.98,keep,none
2024-06-30 23:20:00,0,,-0.1257850259515063,0,0.7286657691001892,0,0,normal,0.98,keep,none
2024-06-30 23:30:00,0,,-0.1377833327886473,0,0.6614004969596863,0,0,normal,0.98,keep,none
2024-06-30 23:40:00,0,,-0.12325439276215433,0,0.6759758591651917,0,0,normal,0.98,keep,none
2024-06-30 23:50:00,0,,-0.13368521235709013,0,0.6213001608848572,0,0,normal,0.98,keep,none
