event_id,event_date,hazard_type,source_agency,source_status,latitude,longitude,severity_metric,severity_value,location_name
ci39019703,2020-01-01,earthquake,USGS,real_downloaded,33.8113333,-117.6896667,magnitude,3.16,"11km ENE of North Tustin, CA"
ci39023271,2020-01-04,earthquake,USGS,real_downloaded,33.9055,-117.7863333,magnitude,1.33,"3km NE of Yorba Linda, CA"
ci39024047,2020-01-05,earthquake,USGS,real_downloaded,33.9936667,-118.8763333,magnitude,1.5,"6km WSW of Malibu, CA"
ci39024103,2020-01-05,earthquake,USGS,real_downloaded,34.5313333,-118.5163333,magnitude,1.63,"10km NNE of Valencia, CA"
ci39024383,2020-01-05,earthquake,USGS,real_downloaded,33.9268333,-117.8748333,magnitude,2.93,"3km ENE of Brea, CA"
ci39028215,2020-01-08,earthquake,USGS,real_downloaded,34.1618333,-118.1136667,magnitude,1.22,"2km ENE of Pasadena, CA"
ci39029927,2020-01-09,earthquake,USGS,real_downloaded,34.0015,-118.1801667,magnitude,1.86,"2km NNE of Maywood, CA"
ci39031079,2020-01-10,earthquake,USGS,real_downloaded,33.9715,-117.7143333,magnitude,1.03,"5km ESE of Chino Hills, CA"
ci39031423,2020-01-10,earthquake,USGS,real_downloaded,33.8913333,-118.2146667,magnitude,1.62,"1km SE of Compton, CA"
ci39033799,2020-01-12,earthquake,USGS,real_downloaded,34.5941667,-118.8861667,magnitude,1.33,"22km NNW of Piru, CA"
ci39034231,2020-01-13,earthquake,USGS,real_downloaded,33.6565,-117.9958333,magnitude,1.68,"4km S of Huntington Beach, CA"
ci39036895,2020-01-15,earthquake,USGS,real_downloaded,33.851,-117.6583333,magnitude,1.71,"9km WSW of Corona, CA"
ci39036911,2020-01-15,earthquake,USGS,real_downloaded,33.8508333,-117.6575,magnitude,2.89,"9km WSW of Corona, CA"
ci39037167,2020-01-15,earthquake,USGS,real_downloaded,33.8185,-117.7095,magnitude,1.27,"10km E of Villa Park, CA"
ci39272360,2020-01-16,earthquake,USGS,real_downloaded,33.8746667,-117.8208333,magnitude,1.2,"2km SSW of Yorba Linda, CA"
ci39272960,2020-01-16,earthquake,USGS,real_downloaded,33.7333333,-118.0558333,magnitude,2.26,"5km E of Seal Beach, CA"
ci39273792,2020-01-17,earthquake,USGS,real_downloaded,34.536,-118.6416667,magnitude,1.14,"6km NNW of Castaic, CA"
ci39275592,2020-01-19,earthquake,USGS,real_downloaded,33.9368333,-117.9198333,magnitude,1.36,"2km ENE of La Habra, CA"
ci39275792,2020-01-20,earthquake,USGS,real_downloaded,34.018,-118.2698333,magnitude,1.0,"4km S of MacArthur Park, CA"
ci39277736,2020-01-22,earthquake,USGS,real_downloaded,34.3005,-118.4855,magnitude,3.6,"4km NNE of Granada Hills, CA"
ci39278056,2020-01-22,earthquake,USGS,real_downloaded,34.279,-118.4891667,magnitude,1.28,"1km NE of Granada Hills, CA"
ci39278152,2020-01-22,earthquake,USGS,real_downloaded,34.2958333,-118.4895,magnitude,2.41,"3km NNE of Granada Hills, CA"
ci39279824,2020-01-23,earthquake,USGS,real_downloaded,33.9253333,-117.8795,magnitude,1.06,"2km ENE of Brea, CA"
ci39283304,2020-01-27,earthquake,USGS,real_downloaded,34.292,-118.4743333,magnitude,1.74,"3km NE of Granada Hills, CA"
ci39283312,2020-01-27,earthquake,USGS,real_downloaded,34.0833333,-118.2495,magnitude,1.34,"2km NNE of Echo Park, CA"
ci39284536,2020-01-28,earthquake,USGS,real_downloaded,34.0883333,-118.1828333,magnitude,1.48,"4km SSE of Highland Park, CA"
ci39284920,2020-01-28,earthquake,USGS,real_downloaded,33.8508333,-117.8293333,magnitude,2.0,"4km NNW of Villa Park, CA"
ci39286448,2020-01-30,earthquake,USGS,real_downloaded,34.1496667,-118.4655,magnitude,1.38,"2km W of Sherman Oaks, CA"
ci39287376,2020-01-31,earthquake,USGS,real_downloaded,34.2576667,-118.494,magnitude,1.57,"2km SSE of Granada Hills, CA"
ci39287472,2020-01-31,earthquake,USGS,real_downloaded,33.8708333,-117.7256667,magnitude,1.95,"8km ESE of Yorba Linda, CA"
ci39288912,2020-02-01,earthquake,USGS,real_downloaded,33.9595,-117.8765,magnitude,1.78,"3km SE of Rowland Heights, CA"
ci39289128,2020-02-01,earthquake,USGS,real_downloaded,34.2785,-118.4793333,magnitude,1.47,"2km ENE of Granada Hills, CA"
ci39289136,2020-02-01,earthquake,USGS,real_downloaded,34.2741667,-118.4756667,magnitude,1.42,"2km E of Granada Hills, CA"
ci39290208,2020-02-02,earthquake,USGS,real_downloaded,33.851,-117.7163333,magnitude,1.74,"10km ENE of Villa Park, CA"
ci39290800,2020-02-03,earthquake,USGS,real_downloaded,33.918,-118.2663333,magnitude,1.54,"1km W of Willowbrook, CA"
ci39295568,2020-02-07,earthquake,USGS,real_downloaded,33.374,-117.9793333,magnitude,1.99,"26km SW of Laguna Beach, CA"
ci39296752,2020-02-08,earthquake,USGS,real_downloaded,33.8526667,-117.8041667,magnitude,1.02,"4km SSE of Yorba Linda, CA"
ci39297968,2020-02-11,earthquake,USGS,real_downloaded,34.3715,-118.622,magnitude,1.49,"10km SSW of Valencia, CA"
ci39070223,2020-02-13,earthquake,USGS,real_downloaded,34.3236667,-118.4501667,magnitude,1.96,"5km NNW of Pacoima, CA"
ci39071255,2020-02-14,earthquake,USGS,real_downloaded,33.8626667,-117.8358333,magnitude,1.23,"3km ESE of Placentia, CA"
ci39072367,2020-02-15,earthquake,USGS,real_downloaded,33.9638333,-118.3725,magnitude,1.2,"2km WNW of Inglewood, CA"
ci39073119,2020-02-16,earthquake,USGS,real_downloaded,34.1641667,-117.7306667,magnitude,2.07,"8km N of Claremont, CA"
ci39073183,2020-02-16,earthquake,USGS,real_downloaded,34.338,-118.2233333,magnitude,1.39,"11km NE of Sunland, CA"
ci39073687,2020-02-16,earthquake,USGS,real_downloaded,34.1633333,-117.7276667,magnitude,1.61,"7km N of Claremont, CA"
ci39073751,2020-02-16,earthquake,USGS,real_downloaded,34.164,-117.7293333,magnitude,1.64,"8km N of Claremont, CA"
ci39074127,2020-02-17,earthquake,USGS,real_downloaded,34.0405,-118.903,magnitude,1.66,"9km WNW of Malibu, CA"
ci39075015,2020-02-18,earthquake,USGS,real_downloaded,34.0908333,-118.255,magnitude,1.02,"1km E of Silver Lake, CA"
ci39076471,2020-02-19,earthquake,USGS,real_downloaded,33.8781667,-118.273,magnitude,2.23,"4km ESE of Gardena, CA"
ci39076775,2020-02-19,earthquake,USGS,real_downloaded,33.8741667,-118.2761667,magnitude,1.25,"3km ESE of Gardena, CA"
ci39078343,2020-02-20,earthquake,USGS,real_downloaded,34.7641667,-117.9298333,magnitude,1.25,"16km S of Edwards Air Force Base, CA"
ci39079535,2020-02-21,earthquake,USGS,real_downloaded,34.5075,-118.6345,magnitude,3.52,"2km NNW of Castaic, CA"
ci39080663,2020-02-22,earthquake,USGS,real_downloaded,33.8583333,-117.803,magnitude,1.21,"4km SSE of Yorba Linda, CA"
ci39080735,2020-02-22,earthquake,USGS,real_downloaded,33.8841667,-118.6583333,magnitude,1.63,"17km S of Malibu Beach, CA"
ci39081599,2020-02-23,earthquake,USGS,real_downloaded,33.816,-117.6928333,magnitude,1.51,"11km ENE of North Tustin, CA"
ci39083063,2020-02-25,earthquake,USGS,real_downloaded,34.0065,-118.2068333,magnitude,1.17,"3km NW of Maywood, CA"
ci39084863,2020-02-27,earthquake,USGS,real_downloaded,33.8803333,-117.7283333,magnitude,2.16,"8 km E of Yorba Linda, CA"
ci39085007,2020-02-27,earthquake,USGS,real_downloaded,33.8575,-117.7916667,magnitude,1.29,"4 km SSE of Yorba Linda, CA"
ci39085695,2020-02-27,earthquake,USGS,real_downloaded,33.8436667,-117.7563333,magnitude,1.4,"6 km ENE of Villa Park, CA"
ci39085703,2020-02-27,earthquake,USGS,real_downloaded,33.8546667,-117.7933333,magnitude,2.04,"4km SSE of Yorba Linda, CA"
ci39086383,2020-02-28,earthquake,USGS,real_downloaded,34.0916667,-118.1918333,magnitude,1.17,"3 km S of Highland Park, CA"
ci39086631,2020-02-28,earthquake,USGS,real_downloaded,33.8115,-117.6758333,magnitude,1.18,"12km WSW of Corona, CA"
ci39086695,2020-02-28,earthquake,USGS,real_downloaded,33.9265,-117.8863333,magnitude,1.06,"2 km NE of Brea, CA"
ci39086767,2020-02-28,earthquake,USGS,real_downloaded,34.5123333,-118.6313333,magnitude,1.9,"3 km NNW of Castaic, CA"
ci39088239,2020-03-01,earthquake,USGS,real_downloaded,33.8191667,-117.7886667,magnitude,1.72,"2km ENE of Villa Park, CA"
ci39088319,2020-03-01,earthquake,USGS,real_downloaded,34.1506667,-118.3121667,magnitude,1.22,"3km S of Burbank, CA"
ci39089647,2020-03-03,earthquake,USGS,real_downloaded,33.9435,-118.3093333,magnitude,1.49,"4km ESE of Inglewood, CA"
ci39089719,2020-03-03,earthquake,USGS,real_downloaded,33.866,-118.5381667,magnitude,2.72,"12km W of Manhattan Beach, CA"
ci38384354,2020-03-05,earthquake,USGS,real_downloaded,34.6986667,-118.807,magnitude,1.19,"12km SSE of Gorman, CA"
ci38385746,2020-03-06,earthquake,USGS,real_downloaded,34.1618333,-118.1708333,magnitude,1.18,"4km W of Pasadena, CA"
ci38387954,2020-03-08,earthquake,USGS,real_downloaded,33.8915,-118.2691667,magnitude,1.57,"3km SSW of Willowbrook, CA"
ci38388090,2020-03-09,earthquake,USGS,real_downloaded,34.23,-118.585,magnitude,1.81,"3km SSE of Chatsworth, CA"
ci38388146,2020-03-09,earthquake,USGS,real_downloaded,34.2311667,-118.5766667,magnitude,2.02,"4km SE of Chatsworth, CA"
ci38388218,2020-03-09,earthquake,USGS,real_downloaded,34.5026667,-118.5905,magnitude,1.03,"3km ENE of Castaic, CA"
ci38388730,2020-03-09,earthquake,USGS,real_downloaded,34.3018333,-118.4723333,magnitude,1.39,"4km WNW of Pacoima, CA"
ci38390370,2020-03-10,earthquake,USGS,real_downloaded,33.9813333,-118.341,magnitude,1.53,"2km SSE of View Park-Windsor Hills, CA"
ci38390698,2020-03-11,earthquake,USGS,real_downloaded,34.2561667,-118.6898333,magnitude,1.1,"5km ESE of Simi Valley, CA"
ci38390714,2020-03-11,earthquake,USGS,real_downloaded,34.2645,-118.683,magnitude,1.29,"5km E of Simi Valley, CA"
ci38393746,2020-03-14,earthquake,USGS,real_downloaded,32.9941667,-117.797,magnitude,2.66,"45km WSW of Carlsbad, CA"
ci38395482,2020-03-16,earthquake,USGS,real_downloaded,34.0431667,-117.8781667,magnitude,1.95,"3km NNW of Walnut, CA"
ci39109567,2020-03-20,earthquake,USGS,real_downloaded,33.7398333,-118.763,magnitude,2.01,"30km S of Malibu, CA"
ci39113079,2020-03-23,earthquake,USGS,real_downloaded,33.9256667,-118.3118333,magnitude,1.24,"4km ENE of Hawthorne, CA"
ci39113471,2020-03-24,earthquake,USGS,real_downloaded,34.4838333,-118.6223333,magnitude,1.3,"1km S of Castaic, CA"
ci39113735,2020-03-24,earthquake,USGS,real_downloaded,34.0188333,-118.2875,magnitude,1.33,"4km SSW of MacArthur Park, CA"
ci39116279,2020-03-26,earthquake,USGS,real_downloaded,34.2406667,-118.4926667,magnitude,1.11,"4km SSE of Granada Hills, CA"
ci39117071,2020-03-26,earthquake,USGS,real_downloaded,34.775,-118.9221667,magnitude,1.07,"6km SSE of Frazier Park, CA"
ci39118343,2020-03-27,earthquake,USGS,real_downloaded,33.236,-118.7018333,magnitude,1.45,"24km NNW of San Clemente Is. (NW tip), CA"
ci39119359,2020-03-28,earthquake,USGS,real_downloaded,34.467,-117.9793333,magnitude,1.02,"6km S of Littlerock, CA"
ci39120103,2020-03-29,earthquake,USGS,real_downloaded,33.9093333,-118.6365,magnitude,1.67,"14km S of Las Flores, CA"
ci39122079,2020-03-31,earthquake,USGS,real_downloaded,33.8363333,-117.6571667,magnitude,1.13,"9km WSW of Corona, CA"
ci39124407,2020-04-02,earthquake,USGS,real_downloaded,34.2228333,-118.1558333,magnitude,1.22,"4km NE of La Canada Flintridge, CA"
ci39378440,2020-04-09,earthquake,USGS,real_downloaded,34.1126667,-118.4838333,magnitude,1.24,"5km SW of Sherman Oaks, CA"
ci39382608,2020-04-11,earthquake,USGS,real_downloaded,34.3791667,-118.5843333,magnitude,2.03,"8km WSW of Santa Clarita, CA"
ci39383224,2020-04-11,earthquake,USGS,real_downloaded,33.3655,-117.8341667,magnitude,1.72,"17km SW of Dana Point, CA"
ci39383928,2020-04-12,earthquake,USGS,real_downloaded,33.8795,-117.7293333,magnitude,1.09,"8 km E of Yorba Linda, CA"
ci39383968,2020-04-12,earthquake,USGS,real_downloaded,33.8735,-117.8265,magnitude,1.14,"2 km SW of Yorba Linda, CA"
ci39385104,2020-04-13,earthquake,USGS,real_downloaded,33.9515,-117.738,magnitude,1.04,"5 km SSE of Chino Hills, CA"
ci39385128,2020-04-13,earthquake,USGS,real_downloaded,33.5405,-117.6948333,magnitude,1.63,"2km NNE of Laguna Niguel, CA"
ci39393064,2020-04-17,earthquake,USGS,real_downloaded,34.3426667,-117.7198333,magnitude,1.07,"8km WSW of Wrightwood, CA"
ci39396896,2020-04-19,earthquake,USGS,real_downloaded,34.1753333,-118.191,magnitude,1.18,"3km S of La Canada Flintridge, CA"
ci39399616,2020-04-21,earthquake,USGS,real_downloaded,33.9866667,-118.3475,magnitude,2.07,"1km S of View Park-Windsor Hills, CA"
ci39400280,2020-04-22,earthquake,USGS,real_downloaded,34.492,-118.9296667,magnitude,1.47,"10km N of Fillmore, CA"
ci39400304,2020-04-22,earthquake,USGS,real_downloaded,33.989,-118.3495,magnitude,3.69,"1km S of View Park-Windsor Hills, CA"
ci39400328,2020-04-22,earthquake,USGS,real_downloaded,33.9941667,-118.3468333,magnitude,1.65,"0km SE of View Park-Windsor Hills, CA"
ci39400344,2020-04-22,earthquake,USGS,real_downloaded,34.0055,-118.3516667,magnitude,1.0,"1km NNW of View Park-Windsor Hills, CA"
ci39401552,2020-04-22,earthquake,USGS,real_downloaded,33.9901667,-118.342,magnitude,1.59,"1km SE of View Park-Windsor Hills, CA"
ci39402048,2020-04-23,earthquake,USGS,real_downloaded,34.4531667,-117.9475,magnitude,1.62,"7km SSW of Pearblossum, CA"
ci39402072,2020-04-23,earthquake,USGS,real_downloaded,33.9843333,-118.3495,magnitude,1.21,"1km S of View Park-Windsor Hills, CA"
ci39402336,2020-04-23,earthquake,USGS,real_downloaded,33.9995,-118.3581667,magnitude,1.22,"1km WNW of View Park-Windsor Hills, CA"
ci39403928,2020-04-24,earthquake,USGS,real_downloaded,33.9906667,-118.349,magnitude,1.55,"0km S of View Park-Windsor Hills, CA"
ci39404080,2020-04-24,earthquake,USGS,real_downloaded,34.4503333,-117.9503333,magnitude,1.14,"7km SSW of Pearblossum, CA"
ci39405088,2020-04-25,earthquake,USGS,real_downloaded,33.9933333,-118.3485,magnitude,1.57,"0km S of View Park-Windsor Hills, CA"
ci39405488,2020-04-25,earthquake,USGS,real_downloaded,34.0961667,-118.8941667,magnitude,2.12,"10km SW of Westlake Village, CA"
ci39405512,2020-04-25,earthquake,USGS,real_downloaded,34.1155,-118.8853333,magnitude,2.37,"8km WSW of Westlake Village, CA"
ci39405752,2020-04-25,earthquake,USGS,real_downloaded,34.1001667,-118.9008333,magnitude,1.39,"10 km WSW of Westlake Village, CA"
ci39406256,2020-04-26,earthquake,USGS,real_downloaded,34.1243333,-118.2306667,magnitude,1.51,"3km W of Highland Park, CA"
ci39406776,2020-04-26,earthquake,USGS,real_downloaded,33.9895,-118.3476667,magnitude,1.05,"1km S of View Park-Windsor Hills, CA"
ci39407064,2020-04-27,earthquake,USGS,real_downloaded,33.9941667,-118.3501667,magnitude,1.39,"0km SW of View Park-Windsor Hills, CA"
ci39407872,2020-04-27,earthquake,USGS,real_downloaded,34.0033333,-118.7211667,magnitude,1.31,"4 km SW of Malibu Beach, CA"
ci39408696,2020-04-28,earthquake,USGS,real_downloaded,34.0016667,-118.1968333,magnitude,1.23,"2km NNW of Maywood, CA"
ci39408736,2020-04-28,earthquake,USGS,real_downloaded,34.0006667,-118.3531667,magnitude,1.06,"1km NW of View Park-Windsor Hills, CA"
ci38474866,2020-04-30,earthquake,USGS,real_downloaded,34.259,-118.5195,magnitude,1.14,"2km SW of Granada Hills, CA"
ci38476402,2020-05-02,earthquake,USGS,real_downloaded,33.9895,-118.3463333,magnitude,1.22,"1km SSE of View Park-Windsor Hills, CA"
ci38476426,2020-05-02,earthquake,USGS,real_downloaded,34.0138333,-118.3491667,magnitude,1.06,"2km N of View Park-Windsor Hills, CA"
ci38476738,2020-05-02,earthquake,USGS,real_downloaded,34.4826667,-118.7353333,magnitude,1.8,"9km NE of Piru, CA"
ci38476986,2020-05-02,earthquake,USGS,real_downloaded,33.653,-118.359,magnitude,2.44,"10km SSE of Rancho Palos Verdes, CA"
ci38476994,2020-05-02,earthquake,USGS,real_downloaded,33.647,-118.3593333,magnitude,2.18,"11km SSE of Rancho Palos Verdes, CA"
ci38477842,2020-05-03,earthquake,USGS,real_downloaded,34.262,-118.6093333,magnitude,3.12,"1km NW of Chatsworth, CA"
ci38478058,2020-05-03,earthquake,USGS,real_downloaded,34.2615,-118.6315,magnitude,1.1,"3km WNW of Chatsworth, CA"
ci38478418,2020-05-03,earthquake,USGS,real_downloaded,34.2571667,-118.6113333,magnitude,2.88,"1km W of Chatsworth, CA"
ci38478434,2020-05-03,earthquake,USGS,real_downloaded,34.0301667,-118.216,magnitude,1.23,"4km SE of Los Angeles, CA"
ci38479226,2020-05-04,earthquake,USGS,real_downloaded,34.8081667,-118.9316667,magnitude,1.37,"2km SE of Frazier Park, CA"
ci38481162,2020-05-05,earthquake,USGS,real_downloaded,33.9318333,-117.6851667,magnitude,1.14,"9km S of Chino, CA"
ci38481674,2020-05-06,earthquake,USGS,real_downloaded,33.989,-118.3486667,magnitude,2.06,"1km S of View Park-Windsor Hills, CA"
ci38481922,2020-05-06,earthquake,USGS,real_downloaded,34.0568333,-118.9,magnitude,1.53,"10km NW of Malibu, CA"
ci38483138,2020-05-06,earthquake,USGS,real_downloaded,33.8475,-118.3851667,magnitude,1.51,"0km ESE of Redondo Beach, CA"
ci38484250,2020-05-07,earthquake,USGS,real_downloaded,34.6178333,-118.6411667,magnitude,2.18,"14km N of Castaic, CA"
ci38484274,2020-05-07,earthquake,USGS,real_downloaded,34.6153333,-118.6465,magnitude,1.53,"14km N of Castaic, CA"
ci38484298,2020-05-07,earthquake,USGS,real_downloaded,34.609,-118.6473333,magnitude,1.27,"14km N of Castaic, CA"
ci38484354,2020-05-07,earthquake,USGS,real_downloaded,34.5941667,-118.6521667,magnitude,1.25,"12km NNW of Castaic, CA"
ci38484426,2020-05-07,earthquake,USGS,real_downloaded,34.5996667,-118.6491667,magnitude,1.12,"12km N of Castaic, CA"
ci38485458,2020-05-08,earthquake,USGS,real_downloaded,34.614,-118.6431667,magnitude,1.55,"14km N of Castaic, CA"
ci38487546,2020-05-10,earthquake,USGS,real_downloaded,33.9435,-118.3313333,magnitude,1.48,"2km ENE of Lennox, CA"
ci38489474,2020-05-11,earthquake,USGS,real_downloaded,34.1828333,-117.9416667,magnitude,1.53,"5km NE of Bradbury, CA"
ci38491698,2020-05-13,earthquake,USGS,real_downloaded,34.2441667,-118.5105,magnitude,1.94,"2km ENE of Northridge, CA"
ci38492266,2020-05-13,earthquake,USGS,real_downloaded,34.5326667,-118.8055,magnitude,2.4,"13km N of Piru, CA"
ci39199479,2020-05-14,earthquake,USGS,real_downloaded,34.6066667,-118.6478333,magnitude,1.33,"13km N of Castaic, CA"
ci39200591,2020-05-14,earthquake,USGS,real_downloaded,34.5023333,-117.9255,magnitude,1.04,"2km WSW of Pearblossum, CA"
ci39200919,2020-05-15,earthquake,USGS,real_downloaded,34.3666667,-118.469,magnitude,1.31,"6km SSE of Santa Clarita, CA"
ci39200999,2020-05-15,earthquake,USGS,real_downloaded,33.8823333,-118.0045,magnitude,1.18,"2km NNW of Buena Park, CA"
ci39201447,2020-05-15,earthquake,USGS,real_downloaded,33.6441667,-118.2355,magnitude,2.08,"12km SSE of San Pedro, CA"
ci39203271,2020-05-16,earthquake,USGS,real_downloaded,34.604,-118.646,magnitude,1.06,"13km N of Castaic, CA"
ci39203615,2020-05-16,earthquake,USGS,real_downloaded,33.8556667,-117.7173333,magnitude,1.08,"10km ESE of Yorba Linda, CA"
ci39203903,2020-05-17,earthquake,USGS,real_downloaded,34.0095,-118.3556667,magnitude,1.24,"2km ENE of Baldwin Hills, CA"
ci39203919,2020-05-17,earthquake,USGS,real_downloaded,33.9961667,-118.3511667,magnitude,1.36,"0km WNW of View Park-Windsor Hills, CA"
ci39203951,2020-05-17,earthquake,USGS,real_downloaded,34.4683333,-118.6108333,magnitude,1.67,"2km SSE of Castaic, CA"
ci39204823,2020-05-17,earthquake,USGS,real_downloaded,33.6428333,-118.2171667,magnitude,1.29,"12km SE of San Pedro, CA"
ci39206351,2020-05-18,earthquake,USGS,real_downloaded,33.99,-118.7143333,magnitude,2.1,"5km SSW of Malibu Beach, CA"
ci39206623,2020-05-19,earthquake,USGS,real_downloaded,33.6823333,-117.9551667,magnitude,1.17,"3km S of Fountain Valley, CA"
ci39209615,2020-05-21,earthquake,USGS,real_downloaded,34.3641667,-117.6755,magnitude,1.0,"4km W of Wrightwood, CA"
ci39212143,2020-05-22,earthquake,USGS,real_downloaded,34.0476667,-118.8931667,magnitude,1.72,"9km WNW of Malibu, CA"
ci39213103,2020-05-23,earthquake,USGS,real_downloaded,33.8493333,-117.714,magnitude,1.0,"10km ENE of Villa Park, CA"
ci39215503,2020-05-25,earthquake,USGS,real_downloaded,34.8036667,-118.8528333,magnitude,1.03,"1km N of Gorman, CA"
nn00735632,2020-05-26,earthquake,USGS,real_downloaded,34.5718,-118.4839,magnitude,2.3,"8 km SW of Green Valley, California"
ci39219799,2020-05-27,earthquake,USGS,real_downloaded,33.9783333,-118.3718333,magnitude,1.34,"3km S of Baldwin Hills, CA"
ci39220423,2020-05-28,earthquake,USGS,real_downloaded,33.055,-117.8803333,magnitude,1.77,"48km SSW of San Clemente, CA"
ci39220607,2020-05-28,earthquake,USGS,real_downloaded,34.2313333,-118.5765,magnitude,1.05,"4km SE of Chatsworth, CA"
ci39221095,2020-05-28,earthquake,USGS,real_downloaded,34.3886667,-117.7175,magnitude,1.45,"8km SW of Pinon Hills, CA"
ci39221503,2020-05-29,earthquake,USGS,real_downloaded,34.004,-118.8821667,magnitude,1.64,"7km W of Malibu, CA"
ci39221511,2020-05-29,earthquake,USGS,real_downloaded,34.003,-118.3515,magnitude,1.16,"1km NNW of View Park-Windsor Hills, CA"
ci39223575,2020-05-30,earthquake,USGS,real_downloaded,34.2905,-118.7351667,magnitude,1.38,"2km N of Simi Valley, CA"
ci39225439,2020-06-01,earthquake,USGS,real_downloaded,34.8071667,-118.9173333,magnitude,1.16,"3km SE of Frazier Park, CA"
ci39225455,2020-06-01,earthquake,USGS,real_downloaded,34.0115,-118.3651667,magnitude,1.52,"1km NNE of Baldwin Hills, CA"
ci39225471,2020-06-01,earthquake,USGS,real_downloaded,33.8373333,-117.673,magnitude,1.74,"10km WSW of Corona, CA"
ci39225759,2020-06-01,earthquake,USGS,real_downloaded,34.0106667,-118.8698333,magnitude,1.85,"6km W of Malibu, CA"
ci39467008,2020-06-05,earthquake,USGS,real_downloaded,33.8236667,-118.5278333,magnitude,1.94,"13km WSW of Hermosa Beach, CA"
ci39467720,2020-06-06,earthquake,USGS,real_downloaded,34.6578333,-118.9496667,magnitude,1.54,"18km SSW of Gorman, CA"
ci39468696,2020-06-07,earthquake,USGS,real_downloaded,33.4451667,-117.6873333,magnitude,1.19,"3km SSE of Dana Point, CA"
ci39469552,2020-06-07,earthquake,USGS,real_downloaded,34.0325,-118.1008333,magnitude,1.3,"3km N of Montebello, CA"
ci39469560,2020-06-07,earthquake,USGS,real_downloaded,34.0351667,-118.0936667,magnitude,1.7,"3km NNE of Montebello, CA"
ci39475024,2020-06-11,earthquake,USGS,real_downloaded,33.8056667,-117.6766667,magnitude,1.52,"12km ENE of North Tustin, CA"
ci39479944,2020-06-15,earthquake,USGS,real_downloaded,33.9558333,-117.9531667,magnitude,1.45,"1km SSW of La Habra Heights, CA"
ci39480288,2020-06-15,earthquake,USGS,real_downloaded,33.8685,-118.2741667,magnitude,1.26,"4km SE of Gardena, CA"
ci39481480,2020-06-16,earthquake,USGS,real_downloaded,34.4083333,-117.734,magnitude,1.22,"8km WSW of Pinon Hills, CA"
ci39481520,2020-06-16,earthquake,USGS,real_downloaded,34.0176667,-118.4401667,magnitude,2.01,"4km W of Culver City, CA"
ci39482296,2020-06-16,earthquake,USGS,real_downloaded,33.8183333,-117.8116667,magnitude,1.13,"0km NNE of Villa Park, CA"
ci39482768,2020-06-17,earthquake,USGS,real_downloaded,33.994,-118.4353333,magnitude,1.0,"2km NE of Marina del Rey, CA"
ci39483288,2020-06-17,earthquake,USGS,real_downloaded,33.9045,-118.3013333,magnitude,1.88,"2km NNE of Gardena, CA"
ci39485664,2020-06-19,earthquake,USGS,real_downloaded,34.7081667,-118.5156667,magnitude,2.49,"7km WNW of Lake Hughes, CA"
ci39486024,2020-06-19,earthquake,USGS,real_downloaded,33.7126667,-118.2728333,magnitude,2.2,"3km SE of San Pedro, CA"
ci39486992,2020-06-20,earthquake,USGS,real_downloaded,34.6161667,-118.6436667,magnitude,1.6,"14km N of Castaic, CA"
ci39487408,2020-06-20,earthquake,USGS,real_downloaded,34.0491667,-118.0485,magnitude,2.01,"0km SSW of South El Monte, CA"
ci39489080,2020-06-21,earthquake,USGS,real_downloaded,33.9373333,-118.3226667,magnitude,1.89,"3 km E of Lennox, CA"
ci39489704,2020-06-22,earthquake,USGS,real_downloaded,34.6198333,-118.6408333,magnitude,2.15,"15 km N of Castaic, CA"
ci39490408,2020-06-22,earthquake,USGS,real_downloaded,34.7916667,-118.9353333,magnitude,1.18,"4 km SSE of Frazier Park, CA"
ci39492696,2020-06-23,earthquake,USGS,real_downloaded,33.9053333,-117.9085,magnitude,1.51,"2 km SSW of Brea, CA"
ci39492952,2020-06-24,earthquake,USGS,real_downloaded,33.9936667,-118.4333333,magnitude,1.28,"2 km NE of Marina del Rey, CA"
ci39493288,2020-06-24,earthquake,USGS,real_downloaded,33.659,-118.026,magnitude,1.88,"4km SSW of Huntington Beach, CA"
ci39266519,2020-06-25,earthquake,USGS,real_downloaded,33.9446667,-118.3485,magnitude,1.65,"1km NNE of Lennox, CA"
ci39266527,2020-06-25,earthquake,USGS,real_downloaded,33.9466667,-118.3475,magnitude,1.65,"1km NNE of Lennox, CA"
ci39266535,2020-06-25,earthquake,USGS,real_downloaded,33.9343333,-118.3368333,magnitude,1.9,"2km ESE of Lennox, CA"
ci39266559,2020-06-25,earthquake,USGS,real_downloaded,34.7976667,-118.934,magnitude,1.08,"3km SSE of Frazier Park, CA"
ci39266567,2020-06-25,earthquake,USGS,real_downloaded,33.9388333,-118.3355,magnitude,2.1,"2km E of Lennox, CA"
ci39267247,2020-06-26,earthquake,USGS,real_downloaded,33.6245,-117.9306667,magnitude,2.23,"1km NNW of Newport Beach, CA"
ci39271743,2020-06-29,earthquake,USGS,real_downloaded,33.9476667,-117.9073333,magnitude,1.16,"3 km S of Rowland Heights, CA"
ci39271767,2020-06-29,earthquake,USGS,real_downloaded,34.6566667,-118.9121667,magnitude,1.34,"16 km SSW of Gorman, CA"
ci39271831,2020-06-29,earthquake,USGS,real_downloaded,34.1096667,-118.2491667,magnitude,1.61,"2 km NE of Silver Lake, CA"
ci39272079,2020-06-29,earthquake,USGS,real_downloaded,33.464,-118.3186667,magnitude,2.25,"14km N of Avalon, CA"
ci39273439,2020-06-30,earthquake,USGS,real_downloaded,33.9196667,-118.6625,magnitude,1.43,"13 km S of Malibu Beach, CA"
ci39275175,2020-07-01,earthquake,USGS,real_downloaded,34.2953333,-118.4475,magnitude,1.65,"2km NNW of Pacoima, CA"
ci39275351,2020-07-01,earthquake,USGS,real_downloaded,34.2955,-118.442,magnitude,2.51,"1km NNW of San Fernando, CA"
ci39275367,2020-07-01,earthquake,USGS,real_downloaded,34.2953333,-118.4593333,magnitude,1.16,"2km NW of Pacoima, CA"
ci37449653,2020-07-01,earthquake,USGS,real_downloaded,34.2916667,-118.4651667,magnitude,1.19,"3km WNW of San Fernando, CA"
ci39275519,2020-07-01,earthquake,USGS,real_downloaded,34.4376667,-117.8341667,magnitude,1.48,"8km SW of Llano, CA"
ci39275535,2020-07-01,earthquake,USGS,real_downloaded,34.2905,-118.4628333,magnitude,1.05,"2km WNW of San Fernando, CA"
ci39276695,2020-07-02,earthquake,USGS,real_downloaded,34.2905,-118.4533333,magnitude,1.08,"2km WNW of Pacoima, CA"
ci39279215,2020-07-04,earthquake,USGS,real_downloaded,32.8663333,-117.6501667,magnitude,1.43,"35km W of La Jolla, CA"
ci39279983,2020-07-05,earthquake,USGS,real_downloaded,34.3806667,-118.3485,magnitude,1.21,"12km N of Lake View Terrace, CA"
ci39283719,2020-07-08,earthquake,USGS,real_downloaded,34.0881667,-117.9778333,magnitude,1.01,"2km WNW of Baldwin Park, CA"
ci39285151,2020-07-09,earthquake,USGS,real_downloaded,34.3495,-118.4613333,magnitude,2.12,"5km NNW of Sylmar, CA"
ci39285399,2020-07-09,earthquake,USGS,real_downloaded,34.0128333,-118.8375,magnitude,1.35,"3km WNW of Malibu, CA"
ci39286111,2020-07-09,earthquake,USGS,real_downloaded,34.6168333,-118.645,magnitude,1.41,"14km N of Castaic, CA"
ci39292191,2020-07-14,earthquake,USGS,real_downloaded,33.6708333,-118.0598333,magnitude,1.76,"6km WSW of Huntington Beach, CA"
ci38593618,2020-07-16,earthquake,USGS,real_downloaded,34.2633333,-118.7211667,magnitude,1.43,"2km ESE of Simi Valley, CA"
ci38593986,2020-07-16,earthquake,USGS,real_downloaded,34.1036667,-118.3231667,magnitude,1.72,"1km NNE of Hollywood, CA"
ci38594394,2020-07-17,earthquake,USGS,real_downloaded,34.1693333,-118.2835,magnitude,1.16,"3km ESE of Burbank, CA"
ci38595018,2020-07-17,earthquake,USGS,real_downloaded,34.2041667,-117.6623333,magnitude,1.19,"12km NW of Rancho Cucamonga, CA"
ci38595098,2020-07-17,earthquake,USGS,real_downloaded,33.9691667,-118.3541667,magnitude,1.17,"2km NNW of Inglewood, CA"
ci38595154,2020-07-17,earthquake,USGS,real_downloaded,34.56,-118.8216667,magnitude,1.29,"16km N of Piru, CA"
ci38595226,2020-07-17,earthquake,USGS,real_downloaded,34.2038333,-117.6721667,magnitude,1.08,"12km N of Upland, CA"
ci38597762,2020-07-19,earthquake,USGS,real_downloaded,34.2713333,-118.458,magnitude,2.01,"2km SW of San Fernando, CA"
ci38597786,2020-07-19,earthquake,USGS,real_downloaded,34.268,-118.4613333,magnitude,1.5,"3km SW of San Fernando, CA"
ci38600466,2020-07-21,earthquake,USGS,real_downloaded,33.918,-117.7931667,magnitude,1.3,"4km NNE of Yorba Linda, CA"
ci38600538,2020-07-21,earthquake,USGS,real_downloaded,33.225,-117.7561667,magnitude,1.39,"26km SSW of San Clemente, CA"
ci38602218,2020-07-22,earthquake,USGS,real_downloaded,33.6591667,-117.9685,magnitude,1.37,"5km SE of Huntington Beach, CA"
ci38604162,2020-07-23,earthquake,USGS,real_downloaded,34.082,-117.9745,magnitude,1.6,"1km WSW of Baldwin Park, CA"
ci38604170,2020-07-23,earthquake,USGS,real_downloaded,34.08,-117.979,magnitude,1.14,"2km WSW of Baldwin Park, CA"
ci38604186,2020-07-23,earthquake,USGS,real_downloaded,34.0833333,-117.9743333,magnitude,1.8,"1km W of Baldwin Park, CA"
ci38604946,2020-07-23,earthquake,USGS,real_downloaded,34.4715,-117.9675,magnitude,1.71,"6km SSE of Littlerock, CA"
ci38605066,2020-07-23,earthquake,USGS,real_downloaded,33.5883333,-118.0785,magnitude,1.91,"14km SSW of Huntington Beach, CA"
ci38606410,2020-07-24,earthquake,USGS,real_downloaded,34.4545,-118.0001667,magnitude,1.24,"8km SSW of Littlerock, CA"
ci38607914,2020-07-25,earthquake,USGS,real_downloaded,34.5066667,-118.6388333,magnitude,1.26,"2km NW of Castaic, CA"
ci38611082,2020-07-27,earthquake,USGS,real_downloaded,34.0488333,-118.506,magnitude,2.18,"4km NNW of Santa Monica, CA"
ci38611250,2020-07-27,earthquake,USGS,real_downloaded,32.923,-117.6796667,magnitude,1.38,"38km WSW of Encinitas, CA"
ci38611386,2020-07-27,earthquake,USGS,real_downloaded,34.261,-118.6286667,magnitude,1.24,"2km WNW of Chatsworth, CA"
ci38611866,2020-07-27,earthquake,USGS,real_downloaded,34.0576667,-118.4978333,magnitude,1.45,"4km N of Santa Monica, CA"
ci38612642,2020-07-28,earthquake,USGS,real_downloaded,33.942,-118.6761667,magnitude,1.65,"10km S of Malibu Beach, CA"
ci38613986,2020-07-29,earthquake,USGS,real_downloaded,33.9098333,-118.6483333,magnitude,1.76,"14km SSE of Malibu Beach, CA"
ci38614258,2020-07-29,earthquake,USGS,real_downloaded,34.7885,-118.9336667,magnitude,1.12,"4km SSE of Frazier Park, CA"
ci38614666,2020-07-29,earthquake,USGS,real_downloaded,33.5691667,-118.2615,magnitude,1.33,"19km S of San Pedro, CA"
ci39321671,2020-07-29,earthquake,USGS,real_downloaded,33.878,-117.6658333,magnitude,1.66,"9km W of Corona, CA"
ci39322287,2020-07-30,earthquake,USGS,real_downloaded,34.3016667,-118.4383333,magnitude,4.17,"1km SE of Sylmar, CA"
ci39322295,2020-07-30,earthquake,USGS,real_downloaded,34.3041667,-118.4606667,magnitude,2.54,"1km WSW of Sylmar, CA"
ci37451645,2020-07-30,earthquake,USGS,real_downloaded,34.3053333,-118.4561667,magnitude,2.39,"1km WSW of Sylmar, CA"
ci37451653,2020-07-30,earthquake,USGS,real_downloaded,34.3045,-118.462,magnitude,2.12,"1km WSW of Sylmar, CA"
ci37451661,2020-07-30,earthquake,USGS,real_downloaded,34.3065,-118.4596667,magnitude,1.87,"1km W of Sylmar, CA"
ci37451693,2020-07-30,earthquake,USGS,real_downloaded,34.2943333,-118.4456667,magnitude,1.22,"1km NW of San Fernando, CA"
ci39322335,2020-07-30,earthquake,USGS,real_downloaded,34.2925,-118.4506667,magnitude,1.44,"1km WNW of San Fernando, CA"
ci39322343,2020-07-30,earthquake,USGS,real_downloaded,34.3031667,-118.438,magnitude,2.11,"1km ESE of Sylmar, CA"
ci39322351,2020-07-30,earthquake,USGS,real_downloaded,34.296,-118.4453333,magnitude,1.05,"1km NNW of San Fernando, CA"
ci37451637,2020-07-30,earthquake,USGS,real_downloaded,34.302,-118.4495,magnitude,1.01,"1km S of Sylmar, CA"
ci39322359,2020-07-30,earthquake,USGS,real_downloaded,34.3005,-118.4443333,magnitude,1.29,"1km SSE of Sylmar, CA"
ci37451629,2020-07-30,earthquake,USGS,real_downloaded,34.2946667,-118.4535,magnitude,1.11,"2km SSW of Sylmar, CA"
ci39322367,2020-07-30,earthquake,USGS,real_downloaded,34.2973333,-118.4418333,magnitude,2.11,"1km NNW of San Fernando, CA"
ci39322383,2020-07-30,earthquake,USGS,real_downloaded,34.2996667,-118.4366667,magnitude,3.07,"1km N of San Fernando, CA"
ci39322391,2020-07-30,earthquake,USGS,real_downloaded,34.2961667,-118.4463333,magnitude,1.93,"1km NW of San Fernando, CA"
ci39322399,2020-07-30,earthquake,USGS,real_downloaded,34.3015,-118.4643333,magnitude,1.26,"2km WSW of Sylmar, CA"
ci39322407,2020-07-30,earthquake,USGS,real_downloaded,34.3065,-118.4595,magnitude,1.2,"1km W of Sylmar, CA"
ci39322423,2020-07-30,earthquake,USGS,real_downloaded,34.295,-118.4523333,magnitude,1.11,"2km SSW of Sylmar, CA"
ci37451677,2020-07-30,earthquake,USGS,real_downloaded,34.3043333,-118.4538333,magnitude,1.25,"1km SW of Sylmar, CA"
ci39322447,2020-07-30,earthquake,USGS,real_downloaded,34.3008333,-118.4451667,magnitude,1.46,"1km SSE of Sylmar, CA"
ci39322455,2020-07-30,earthquake,USGS,real_downloaded,34.3043333,-118.4513333,magnitude,1.47,"0km SW of Sylmar, CA"
ci39322479,2020-07-30,earthquake,USGS,real_downloaded,34.2983333,-118.4476667,magnitude,1.06,"1km S of Sylmar, CA"
ci39322487,2020-07-30,earthquake,USGS,real_downloaded,34.2955,-118.4425,magnitude,1.08,"1km NNW of San Fernando, CA"
ci39322503,2020-07-30,earthquake,USGS,real_downloaded,34.3015,-118.4488333,magnitude,1.36,"1km S of Sylmar, CA"
ci39322511,2020-07-30,earthquake,USGS,real_downloaded,34.2886667,-118.445,magnitude,1.29,"1km WNW of San Fernando, CA"
ci39322527,2020-07-30,earthquake,USGS,real_downloaded,34.3018333,-118.4595,magnitude,1.03,"1km WSW of Sylmar, CA"
ci39322535,2020-07-30,earthquake,USGS,real_downloaded,34.2935,-118.4401667,magnitude,1.02,"1km N of San Fernando, CA"
ci39322543,2020-07-30,earthquake,USGS,real_downloaded,34.3035,-118.4415,magnitude,2.07,"1km SE of Sylmar, CA"
ci39322559,2020-07-30,earthquake,USGS,real_downloaded,34.3063333,-118.4503333,magnitude,1.09,"0km SW of Sylmar, CA"
ci39322575,2020-07-30,earthquake,USGS,real_downloaded,34.3048333,-118.4558333,magnitude,1.35,"1km WSW of Sylmar, CA"
ci39322639,2020-07-30,earthquake,USGS,real_downloaded,34.3058333,-118.4496667,magnitude,1.17,"0km SSW of Sylmar, CA"
ci39322647,2020-07-30,earthquake,USGS,real_downloaded,34.302,-118.4485,magnitude,1.08,"1km S of Sylmar, CA"
ci39322671,2020-07-30,earthquake,USGS,real_downloaded,34.2936667,-118.4423333,magnitude,1.04,"1km NNW of San Fernando, CA"
ci39322695,2020-07-30,earthquake,USGS,real_downloaded,34.3035,-118.4475,magnitude,1.1,"0km S of Sylmar, CA"
ci39322767,2020-07-30,earthquake,USGS,real_downloaded,34.2936667,-118.4355,magnitude,3.73,"1km NNE of San Fernando, CA"
ci39322775,2020-07-30,earthquake,USGS,real_downloaded,34.2975,-118.4443333,magnitude,2.68,"1km SSE of Sylmar, CA"
ci39322791,2020-07-30,earthquake,USGS,real_downloaded,34.2906667,-118.4486667,magnitude,1.39,"1km WNW of San Fernando, CA"
ci39322799,2020-07-30,earthquake,USGS,real_downloaded,34.289,-118.4361667,magnitude,1.0,"0km NE of San Fernando, CA"
ci39322807,2020-07-30,earthquake,USGS,real_downloaded,34.2993333,-118.4466667,magnitude,1.25,"1km S of Sylmar, CA"
ci39322815,2020-07-30,earthquake,USGS,real_downloaded,34.2913333,-118.4445,magnitude,1.48,"1km NW of San Fernando, CA"
ci39322823,2020-07-30,earthquake,USGS,real_downloaded,34.298,-118.4566667,magnitude,1.54,"1km SW of Sylmar, CA"
ci39322839,2020-07-30,earthquake,USGS,real_downloaded,34.3058333,-118.4375,magnitude,2.57,"1km ESE of Sylmar, CA"
ci39322847,2020-07-30,earthquake,USGS,real_downloaded,34.2938333,-118.4503333,magnitude,1.22,"1km NW of San Fernando, CA"
ci39322879,2020-07-30,earthquake,USGS,real_downloaded,34.2908333,-118.441,magnitude,1.67,"0km NNW of San Fernando, CA"
ci39322895,2020-07-30,earthquake,USGS,real_downloaded,34.2916667,-118.449,magnitude,1.59,"1km WNW of San Fernando, CA"
ci39322903,2020-07-30,earthquake,USGS,real_downloaded,34.309,-118.4513333,magnitude,1.15,"0km WNW of Sylmar, CA"
ci37307164,2020-07-30,earthquake,USGS,real_downloaded,34.3053333,-118.4513333,magnitude,1.21,"0km SW of Sylmar, CA"
ci39322911,2020-07-30,earthquake,USGS,real_downloaded,34.3076667,-118.455,magnitude,1.21,"1km W of Sylmar, CA"
ci39322919,2020-07-30,earthquake,USGS,real_downloaded,34.3043333,-118.4396667,magnitude,2.48,"1km ESE of Sylmar, CA"
ci39322927,2020-07-30,earthquake,USGS,real_downloaded,34.2903333,-118.4523333,magnitude,1.28,"1km WNW of San Fernando, CA"
ci39322935,2020-07-30,earthquake,USGS,real_downloaded,34.2958333,-118.453,magnitude,1.82,"1km SSW of Sylmar, CA"
ci39322943,2020-07-30,earthquake,USGS,real_downloaded,34.2941667,-118.4453333,magnitude,1.81,"1km NW of San Fernando, CA"
ci39322975,2020-07-30,earthquake,USGS,real_downloaded,34.2941667,-118.4446667,magnitude,1.46,"1km NW of San Fernando, CA"
ci39323023,2020-07-30,earthquake,USGS,real_downloaded,34.3,-118.4475,magnitude,1.85,"1km S of Sylmar, CA"
ci39323063,2020-07-30,earthquake,USGS,real_downloaded,34.3046667,-118.4463333,magnitude,1.98,"0km SSE of Sylmar, CA"
ci39323071,2020-07-30,earthquake,USGS,real_downloaded,34.301,-118.4583333,magnitude,1.52,"1km SW of Sylmar, CA"
ci37308484,2020-07-30,earthquake,USGS,real_downloaded,34.2963333,-118.4465,magnitude,1.29,"1km NW of San Fernando, CA"
ci39323095,2020-07-30,earthquake,USGS,real_downloaded,34.302,-118.451,magnitude,1.01,"1km SSW of Sylmar, CA"
ci39323207,2020-07-30,earthquake,USGS,real_downloaded,34.299,-118.4473333,magnitude,1.25,"1km S of Sylmar, CA"
ci39323407,2020-07-30,earthquake,USGS,real_downloaded,34.3028333,-118.4526667,magnitude,1.23,"1km SW of Sylmar, CA"
ci39323439,2020-07-30,earthquake,USGS,real_downloaded,34.2953333,-118.449,magnitude,1.69,"1km NW of San Fernando, CA"
ci39323503,2020-07-30,earthquake,USGS,real_downloaded,34.2998333,-118.4588333,magnitude,1.07,"1km SW of Sylmar, CA"
ci39323527,2020-07-30,earthquake,USGS,real_downloaded,34.2975,-118.447,magnitude,1.09,"1km S of Sylmar, CA"
ci39323671,2020-07-30,earthquake,USGS,real_downloaded,34.2983333,-118.4498333,magnitude,1.22,"1km S of Sylmar, CA"
ci39323775,2020-07-30,earthquake,USGS,real_downloaded,34.304,-118.4408333,magnitude,1.92,"1km ESE of Sylmar, CA"
ci39323847,2020-07-30,earthquake,USGS,real_downloaded,34.3075,-118.4353333,magnitude,2.34,"1km E of Sylmar, CA"
ci39324023,2020-07-30,earthquake,USGS,real_downloaded,34.3111667,-118.45,magnitude,1.23,"0km NNW of Sylmar, CA"
ci39324071,2020-07-31,earthquake,USGS,real_downloaded,34.2928333,-118.4495,magnitude,1.54,"1km WNW of San Fernando, CA"
ci39324247,2020-07-31,earthquake,USGS,real_downloaded,34.301,-118.4501667,magnitude,1.15,"1km SSW of Sylmar, CA"
ci39324447,2020-07-31,earthquake,USGS,real_downloaded,34.3025,-118.4505,magnitude,1.19,"1km SSW of Sylmar, CA"
ci39324495,2020-07-31,earthquake,USGS,real_downloaded,34.2955,-118.4515,magnitude,1.12,"1km SSW of Sylmar, CA"
ci39324535,2020-07-31,earthquake,USGS,real_downloaded,34.291,-118.4481667,magnitude,1.16,"1km WNW of San Fernando, CA"
ci39325399,2020-07-31,earthquake,USGS,real_downloaded,34.2895,-118.4446667,magnitude,1.22,"1km WNW of San Fernando, CA"
ci39325735,2020-07-31,earthquake,USGS,real_downloaded,34.304,-118.4593333,magnitude,1.08,"1km WSW of Sylmar, CA"
ci39325911,2020-08-01,earthquake,USGS,real_downloaded,33.7468333,-118.0626667,magnitude,1.37,"4km E of Seal Beach, CA"
ci39326167,2020-08-01,earthquake,USGS,real_downloaded,34.3033333,-118.4491667,magnitude,1.15,"0km S of Sylmar, CA"
ci39326527,2020-08-01,earthquake,USGS,real_downloaded,34.2913333,-118.4455,magnitude,1.12,"1km NW of San Fernando, CA"
ci39326823,2020-08-01,earthquake,USGS,real_downloaded,34.303,-118.4486667,magnitude,1.19,"0km S of Sylmar, CA"
ci39327775,2020-08-03,earthquake,USGS,real_downloaded,34.292,-118.4458333,magnitude,1.19,"1km NW of San Fernando, CA"
ci39327815,2020-08-03,earthquake,USGS,real_downloaded,34.2883333,-118.4518333,magnitude,1.06,"1km W of San Fernando, CA"
ci39327991,2020-08-03,earthquake,USGS,real_downloaded,34.3023333,-118.447,magnitude,1.18,"1km SSE of Sylmar, CA"
ci39328911,2020-08-03,earthquake,USGS,real_downloaded,33.8656667,-117.8336667,magnitude,3.5,"3km SW of Yorba Linda, CA"
ci39328919,2020-08-03,earthquake,USGS,real_downloaded,33.8716667,-117.8348333,magnitude,1.85,"3km SW of Yorba Linda, CA"
ci39328935,2020-08-03,earthquake,USGS,real_downloaded,33.8693333,-117.8341667,magnitude,1.8,"3km SW of Yorba Linda, CA"
ci39328943,2020-08-03,earthquake,USGS,real_downloaded,33.8643333,-117.8361667,magnitude,1.28,"3km ESE of Placentia, CA"
ci39329247,2020-08-04,earthquake,USGS,real_downloaded,33.8666667,-117.8293333,magnitude,1.17,"3km SSW of Yorba Linda, CA"
ci39329615,2020-08-04,earthquake,USGS,real_downloaded,33.8671667,-117.8285,magnitude,1.83,"3km SSW of Yorba Linda, CA"
ci39329735,2020-08-04,earthquake,USGS,real_downloaded,33.8768333,-117.8276667,magnitude,1.06,"2km SW of Yorba Linda, CA"
ci39329751,2020-08-04,earthquake,USGS,real_downloaded,33.8746667,-117.83,magnitude,1.76,"2km SW of Yorba Linda, CA"
ci39329847,2020-08-04,earthquake,USGS,real_downloaded,34.2973333,-118.45,magnitude,1.02,"1km S of Sylmar, CA"
ci39329943,2020-08-04,earthquake,USGS,real_downloaded,33.8668333,-117.8306667,magnitude,1.2,"3km SW of Yorba Linda, CA"
ci39330303,2020-08-04,earthquake,USGS,real_downloaded,33.8626667,-117.8573333,magnitude,1.12,"2km SE of Placentia, CA"
ci39330999,2020-08-05,earthquake,USGS,real_downloaded,33.755,-117.94,magnitude,1.56,"3km SE of Garden Grove, CA"
ci39331047,2020-08-05,earthquake,USGS,real_downloaded,34.2018333,-117.6571667,magnitude,2.61,"11km NW of Rancho Cucamonga, CA"
ci39331135,2020-08-05,earthquake,USGS,real_downloaded,34.3068333,-118.449,magnitude,1.23,"0km SSW of Sylmar, CA"
ci39331367,2020-08-05,earthquake,USGS,real_downloaded,33.87,-117.831,magnitude,1.47,"3km SW of Yorba Linda, CA"
ci39331407,2020-08-05,earthquake,USGS,real_downloaded,33.7563333,-117.9418333,magnitude,1.65,"3km SE of Garden Grove, CA"
ci39331527,2020-08-05,earthquake,USGS,real_downloaded,34.2996667,-118.4486667,magnitude,1.42,"1km S of Sylmar, CA"
ci39332671,2020-08-06,earthquake,USGS,real_downloaded,34.3018333,-118.4425,magnitude,1.22,"1km SE of Sylmar, CA"
ci39332679,2020-08-06,earthquake,USGS,real_downloaded,34.306,-118.4493333,magnitude,1.55,"0km SSW of Sylmar, CA"
ci39332751,2020-08-06,earthquake,USGS,real_downloaded,33.752,-117.9433333,magnitude,1.47,"3km SSE of Garden Grove, CA"
ci39332831,2020-08-06,earthquake,USGS,real_downloaded,33.7501667,-117.9471667,magnitude,1.15,"3km SSE of Garden Grove, CA"
ci39333207,2020-08-06,earthquake,USGS,real_downloaded,34.2958333,-118.4508333,magnitude,1.06,"1km S of Sylmar, CA"
ci39334247,2020-08-06,earthquake,USGS,real_downloaded,34.2995,-118.4535,magnitude,1.13,"1km SSW of Sylmar, CA"
ci39334447,2020-08-07,earthquake,USGS,real_downloaded,34.3003333,-118.4431667,magnitude,1.86,"1km SSE of Sylmar, CA"
ci39334623,2020-08-07,earthquake,USGS,real_downloaded,34.2998333,-118.4488333,magnitude,1.32,"1km S of Sylmar, CA"
ci39335359,2020-08-07,earthquake,USGS,real_downloaded,34.2971667,-118.4495,magnitude,1.04,"1km S of Sylmar, CA"
ci39336439,2020-08-08,earthquake,USGS,real_downloaded,34.027,-118.3091667,magnitude,1.06,"4km SW of MacArthur Park, CA"
ci39336655,2020-08-08,earthquake,USGS,real_downloaded,34.3033333,-118.4466667,magnitude,1.05,"0km SSE of Sylmar, CA"
ci39336799,2020-08-09,earthquake,USGS,real_downloaded,33.8686667,-117.831,magnitude,1.34,"3km SW of Yorba Linda, CA"
ci39337415,2020-08-09,earthquake,USGS,real_downloaded,34.2948333,-118.4461667,magnitude,1.28,"1km NW of San Fernando, CA"
ci39339935,2020-08-10,earthquake,USGS,real_downloaded,33.4253333,-117.9925,magnitude,1.8,"22km SSW of Newport Beach, CA"
ci39341847,2020-08-12,earthquake,USGS,real_downloaded,34.5251667,-118.8498333,magnitude,1.22,"13km NNW of Piru, CA"
ci39342975,2020-08-13,earthquake,USGS,real_downloaded,33.8716667,-117.831,magnitude,1.13,"2km SW of Yorba Linda, CA"
ci39345111,2020-08-15,earthquake,USGS,real_downloaded,34.2785,-118.4325,magnitude,1.18,"1km SSE of San Fernando, CA"
ci39346487,2020-08-16,earthquake,USGS,real_downloaded,34.677,-118.4543333,magnitude,2.73,"1km W of Lake Hughes, CA"
ci39347119,2020-08-16,earthquake,USGS,real_downloaded,33.9993333,-118.3541667,magnitude,1.32,"1km NW of View Park-Windsor Hills, CA"
ci39348263,2020-08-17,earthquake,USGS,real_downloaded,34.4791667,-117.9621667,magnitude,1.48,"5km SSE of Littlerock, CA"
ci39348599,2020-08-17,earthquake,USGS,real_downloaded,34.297,-118.441,magnitude,1.64,"1km N of San Fernando, CA"
ci39348607,2020-08-17,earthquake,USGS,real_downloaded,34.3013333,-118.454,magnitude,1.31,"1km SW of Sylmar, CA"
ci39348623,2020-08-17,earthquake,USGS,real_downloaded,34.2976667,-118.4471667,magnitude,1.24,"1km S of Sylmar, CA"
ci39348775,2020-08-18,earthquake,USGS,real_downloaded,33.4053333,-117.9798333,magnitude,2.26,"24km SW of Laguna Beach, CA"
ci39349039,2020-08-18,earthquake,USGS,real_downloaded,33.4071667,-117.9716667,magnitude,1.59,"23km SW of Laguna Beach, CA"
ci39349159,2020-08-18,earthquake,USGS,real_downloaded,34.0543333,-118.4065,magnitude,1.77,"1km ESE of Century City, CA"
ci39584304,2020-08-19,earthquake,USGS,real_downloaded,34.2981667,-118.4555,magnitude,1.05,"1km SSW of Sylmar, CA"
ci39584384,2020-08-19,earthquake,USGS,real_downloaded,33.9145,-117.8761667,magnitude,1.01,"2km E of Brea, CA"
ci39587840,2020-08-21,earthquake,USGS,real_downloaded,34.18,-117.9275,magnitude,1.81,"5km NE of Bradbury, CA"
ci39355631,2020-08-22,earthquake,USGS,real_downloaded,34.7781667,-118.9171667,magnitude,1.01,"6km SSE of Frazier Park, CA"
ci39355647,2020-08-22,earthquake,USGS,real_downloaded,33.7253333,-118.0303333,magnitude,2.64,"4km SSW of Westminster, CA"
ci39356495,2020-08-22,earthquake,USGS,real_downloaded,33.4161667,-117.9595,magnitude,1.8,"22km SW of Laguna Beach, CA"
ci39357791,2020-08-24,earthquake,USGS,real_downloaded,33.417,-117.9836667,magnitude,1.52,"23km SSW of Newport Beach, CA"
ci39359559,2020-08-25,earthquake,USGS,real_downloaded,34.2573333,-118.0115,magnitude,2.01,"11km NNE of Sierra Madre, CA"
ci39360775,2020-08-26,earthquake,USGS,real_downloaded,34.0213333,-118.3173333,magnitude,1.44,"4km NE of View Park-Windsor Hills, CA"
ci39361191,2020-08-26,earthquake,USGS,real_downloaded,34.0205,-118.3053333,magnitude,1.69,"5km SSW of MacArthur Park, CA"
ci39361887,2020-08-27,earthquake,USGS,real_downloaded,33.8465,-117.7241667,magnitude,1.1,"9km ENE of Villa Park, CA"
ci39362967,2020-08-28,earthquake,USGS,real_downloaded,34.0245,-118.3053333,magnitude,1.15,"4km SW of MacArthur Park, CA"
ci39363287,2020-08-28,earthquake,USGS,real_downloaded,33.4131667,-117.9836667,magnitude,1.94,"23km SSW of Newport Beach, CA"
ci39365039,2020-08-30,earthquake,USGS,real_downloaded,33.8405,-117.7345,magnitude,1.09,"8km ENE of Villa Park, CA"
ci39365175,2020-08-30,earthquake,USGS,real_downloaded,33.6671667,-117.9726667,magnitude,1.3,"4km SE of Huntington Beach, CA"
ci39365663,2020-08-30,earthquake,USGS,real_downloaded,34.0193333,-118.3071667,magnitude,1.23,"5km NE of View Park-Windsor Hills, CA"
ci39365727,2020-08-31,earthquake,USGS,real_downloaded,33.9186667,-118.4665,magnitude,2.06,"5km W of El Segundo, CA"
ci39366183,2020-08-31,earthquake,USGS,real_downloaded,33.9185,-118.4673333,magnitude,1.82,"5km W of El Segundo, CA"
ci39366959,2020-09-01,earthquake,USGS,real_downloaded,33.4076667,-117.9823333,magnitude,1.68,"24km SW of Laguna Beach, CA"
ci39368087,2020-09-02,earthquake,USGS,real_downloaded,34.3048333,-118.4521667,magnitude,1.04,"0km SW of Sylmar, CA"
ci39368935,2020-09-02,earthquake,USGS,real_downloaded,34.308,-118.4515,magnitude,1.45,"0km W of Sylmar, CA"
ci38673442,2020-09-03,earthquake,USGS,real_downloaded,34.0116667,-118.3535,magnitude,1.21,"2km NNW of View Park-Windsor Hills, CA"
ci38675314,2020-09-04,earthquake,USGS,real_downloaded,33.6285,-118.3888333,magnitude,1.56,"13km S of Rancho Palos Verdes, CA"
ci38678418,2020-09-06,earthquake,USGS,real_downloaded,34.2995,-118.4555,magnitude,1.49,"1km SW of Sylmar, CA"
ci38678626,2020-09-06,earthquake,USGS,real_downloaded,33.409,-117.976,magnitude,2.26,"23km SW of Laguna Beach, CA"
ci38679242,2020-09-07,earthquake,USGS,real_downloaded,33.9183333,-118.4645,magnitude,1.26,"4km W of El Segundo, CA"
ci38679410,2020-09-07,earthquake,USGS,real_downloaded,33.9915,-118.35,magnitude,1.7,"0km SSW of View Park-Windsor Hills, CA"
ci38680122,2020-09-08,earthquake,USGS,real_downloaded,34.0556667,-118.1801667,magnitude,1.32,"3km NNW of East Los Angeles, CA"
ci38680346,2020-09-08,earthquake,USGS,real_downloaded,33.8538333,-117.6598333,magnitude,1.07,"9km WSW of Corona, CA"
ci38680354,2020-09-08,earthquake,USGS,real_downloaded,33.8516667,-117.6581667,magnitude,1.84,"9km WSW of Corona, CA"
ci38680546,2020-09-08,earthquake,USGS,real_downloaded,32.9895,-117.7123333,magnitude,1.79,"39km WSW of Carlsbad, CA"
ci38680938,2020-09-08,earthquake,USGS,real_downloaded,33.9703333,-118.315,magnitude,1.21,"3km ENE of Inglewood, CA"
ci37454669,2020-09-09,earthquake,USGS,real_downloaded,33.8586667,-118.2818333,magnitude,1.59,"3km N of Carson, CA"
ci38682434,2020-09-10,earthquake,USGS,real_downloaded,33.8338333,-118.2778333,magnitude,1.36,"0km NE of Carson, CA"
ci38683970,2020-09-11,earthquake,USGS,real_downloaded,34.5678333,-118.8855,magnitude,1.14,"19km NNW of Piru, CA"
ci38684690,2020-09-11,earthquake,USGS,real_downloaded,34.6178333,-118.6418333,magnitude,2.33,"14km N of Castaic, CA"
ci38684738,2020-09-11,earthquake,USGS,real_downloaded,34.6155,-118.64,magnitude,1.56,"14km N of Castaic, CA"
ci38684778,2020-09-11,earthquake,USGS,real_downloaded,34.5968333,-118.6458333,magnitude,1.2,"12km N of Castaic, CA"
ci38684882,2020-09-11,earthquake,USGS,real_downloaded,34.798,-118.938,magnitude,1.12,"3km SSE of Frazier Park, CA"
ci38684898,2020-09-11,earthquake,USGS,real_downloaded,34.8031667,-118.9408333,magnitude,1.05,"2km S of Frazier Park, CA"
ci38685954,2020-09-12,earthquake,USGS,real_downloaded,34.2968333,-118.4471667,magnitude,1.21,"1km S of Sylmar, CA"
ci38685970,2020-09-12,earthquake,USGS,real_downloaded,34.6195,-118.6401667,magnitude,1.63,"15km N of Castaic, CA"
ci38686138,2020-09-12,earthquake,USGS,real_downloaded,33.9096667,-117.7751667,magnitude,1.77,"4km NE of Yorba Linda, CA"
ci38686146,2020-09-12,earthquake,USGS,real_downloaded,33.7541667,-117.9431667,magnitude,1.48,"3km SSE of Garden Grove, CA"
ci38686890,2020-09-13,earthquake,USGS,real_downloaded,34.0605,-118.8828333,magnitude,1.48,"9km NW of Malibu, CA"
ci38686898,2020-09-13,earthquake,USGS,real_downloaded,33.8661667,-117.7331667,magnitude,1.47,"8km ESE of Yorba Linda, CA"
ci38687066,2020-09-13,earthquake,USGS,real_downloaded,34.2125,-117.746,magnitude,1.38,"13km N of La Verne, CA"
ci38688834,2020-09-14,earthquake,USGS,real_downloaded,34.4085,-117.7363333,magnitude,1.47,"9km WSW of Pinon Hills, CA"
ci38689314,2020-09-15,earthquake,USGS,real_downloaded,34.4811667,-118.0743333,magnitude,1.22,"4km ESE of Vincent, CA"
ci38689858,2020-09-15,earthquake,USGS,real_downloaded,34.407,-117.7388333,magnitude,1.24,"9km WSW of Pinon Hills, CA"
ci38691130,2020-09-16,earthquake,USGS,real_downloaded,33.8306667,-117.739,magnitude,1.54,"7km ENE of Villa Park, CA"
ci38691154,2020-09-16,earthquake,USGS,real_downloaded,34.1131667,-117.9605,magnitude,1.35,"2km WNW of Irwindale, CA"
ci38691282,2020-09-16,earthquake,USGS,real_downloaded,34.006,-118.6895,magnitude,1.89,"3km S of Malibu Beach, CA"
ci38694482,2020-09-18,earthquake,USGS,real_downloaded,34.4573333,-117.9241667,magnitude,1.11,"6km SSW of Pearblossom, CA"
ci38694850,2020-09-18,earthquake,USGS,real_downloaded,33.9898333,-118.8108333,magnitude,2.14,"2km S of Malibu, CA"
ci38695658,2020-09-19,earthquake,USGS,real_downloaded,34.038,-118.08,magnitude,4.54,"3km WSW of South El Monte, CA"
ci38695674,2020-09-19,earthquake,USGS,real_downloaded,34.0463333,-118.084,magnitude,1.94,"4km W of South El Monte, CA"
ci38695682,2020-09-19,earthquake,USGS,real_downloaded,34.0418333,-118.0776667,magnitude,1.57,"3km WSW of South El Monte, CA"
ci38695730,2020-09-19,earthquake,USGS,real_downloaded,34.0406667,-118.0776667,magnitude,2.13,"3km WSW of South El Monte, CA"
ci38695922,2020-09-19,earthquake,USGS,real_downloaded,34.048,-118.0801667,magnitude,1.57,"3km W of South El Monte, CA"
ci38696202,2020-09-19,earthquake,USGS,real_downloaded,34.0496667,-118.083,magnitude,1.76,"3km W of South El Monte, CA"
ci38696386,2020-09-20,earthquake,USGS,real_downloaded,34.0415,-118.0821667,magnitude,1.42,"4km WSW of South El Monte, CA"
ci38696754,2020-09-20,earthquake,USGS,real_downloaded,33.8538333,-117.6488333,magnitude,1.05,"8km WSW of Corona, CA"
ci38697138,2020-09-21,earthquake,USGS,real_downloaded,33.5656667,-118.2711667,magnitude,2.37,"19km S of San Pedro, CA"
ci38697818,2020-09-21,earthquake,USGS,real_downloaded,34.0463333,-118.0826667,magnitude,1.61,"3km W of South El Monte, CA"
ci38699066,2020-09-22,earthquake,USGS,real_downloaded,34.3241667,-118.4901667,magnitude,1.34,"4km WNW of Sylmar, CA"
ci38700898,2020-09-23,earthquake,USGS,real_downloaded,33.4283333,-118.394,magnitude,2.02,"11km NNW of Avalon, CA"
ci38700978,2020-09-23,earthquake,USGS,real_downloaded,34.2033333,-117.6536667,magnitude,3.2,"11km NW of Rancho Cucamonga, CA"
ci38702122,2020-09-23,earthquake,USGS,real_downloaded,34.6596667,-118.503,magnitude,1.19,"6km WSW of Lake Hughes, CA"
ci38702386,2020-09-24,earthquake,USGS,real_downloaded,34.0421667,-118.0766667,magnitude,2.3,"3km WSW of South El Monte, CA"
ci38703362,2020-09-25,earthquake,USGS,real_downloaded,33.994,-118.8098333,magnitude,1.91,"1km S of Malibu, CA"
ci38703506,2020-09-25,earthquake,USGS,real_downloaded,34.201,-117.6511667,magnitude,1.46,"11km NW of Rancho Cucamonga, CA"
ci38704362,2020-09-26,earthquake,USGS,real_downloaded,34.2016667,-117.654,magnitude,1.64,"11km NW of Rancho Cucamonga, CA"
ci38704970,2020-09-27,earthquake,USGS,real_downloaded,33.8946667,-118.0371667,magnitude,1.51,"3km SW of La Mirada, CA"
ci38705354,2020-09-27,earthquake,USGS,real_downloaded,34.7998333,-118.9233333,magnitude,1.32,"3km SE of Frazier Park, CA"
ci38706922,2020-09-29,earthquake,USGS,real_downloaded,33.932,-117.659,magnitude,1.59,"9km SSE of Chino, CA"
ci38707386,2020-09-29,earthquake,USGS,real_downloaded,33.9441667,-117.9105,magnitude,1.58,"3km NNW of Brea, CA"
ci39650376,2020-10-02,earthquake,USGS,real_downloaded,34.0726667,-118.3105,magnitude,1.2,"3km SSE of Hollywood, CA"
ci39652168,2020-10-04,earthquake,USGS,real_downloaded,34.0473333,-118.0861667,magnitude,1.64,"4km W of South El Monte, CA"
ci39653456,2020-10-05,earthquake,USGS,real_downloaded,33.8076667,-117.6488333,magnitude,1.09,"10km SW of Corona, CA"
ci39657632,2020-10-09,earthquake,USGS,real_downloaded,34.397,-117.6735,magnitude,1.86,"5km SSW of Pinon Hills, CA"
ci39657680,2020-10-09,earthquake,USGS,real_downloaded,34.269,-118.4856667,magnitude,2.47,"2km ESE of Granada Hills, CA"
ci39658840,2020-10-10,earthquake,USGS,real_downloaded,33.8638333,-117.8153333,magnitude,2.28,"3km S of Yorba Linda, CA"
ci39658848,2020-10-10,earthquake,USGS,real_downloaded,33.8636667,-117.8165,magnitude,1.12,"3km S of Yorba Linda, CA"
ci39658944,2020-10-10,earthquake,USGS,real_downloaded,34.7928333,-118.9336667,magnitude,1.19,"4km SSE of Frazier Park, CA"
ci39659752,2020-10-11,earthquake,USGS,real_downloaded,33.9948333,-118.3503333,magnitude,1.4,"0km WSW of View Park-Windsor Hills, CA"
ci39659808,2020-10-11,earthquake,USGS,real_downloaded,34.4015,-117.6715,magnitude,1.74,"4km SSW of Pinon Hills, CA"
ci39660384,2020-10-12,earthquake,USGS,real_downloaded,34.6186667,-118.644,magnitude,1.68,"15km N of Castaic, CA"
ci39661296,2020-10-13,earthquake,USGS,real_downloaded,33.8508333,-118.4471667,magnitude,2.44,"5km WSW of Hermosa Beach, CA"
ci39661400,2020-10-13,earthquake,USGS,real_downloaded,33.938,-117.9496667,magnitude,1.53,"1km NNW of La Habra, CA"
ci39664816,2020-10-16,earthquake,USGS,real_downloaded,34.8113333,-118.923,magnitude,1.4,"2km ESE of Frazier Park, CA"
ci39665088,2020-10-16,earthquake,USGS,real_downloaded,34.4586667,-117.9286667,magnitude,2.11,"6km SSW of Pearblossom, CA"
ci39665104,2020-10-16,earthquake,USGS,real_downloaded,34.0766667,-117.8198333,magnitude,1.87,"4km SSW of San Dimas, CA"
ci39666184,2020-10-17,earthquake,USGS,real_downloaded,34.3958333,-118.771,magnitude,1.24,"3km SE of Piru, CA"
ci39668056,2020-10-19,earthquake,USGS,real_downloaded,34.4631667,-117.9843333,magnitude,1.26,"6km S of Littlerock, CA"
ci39670632,2020-10-21,earthquake,USGS,real_downloaded,34.4598333,-117.931,magnitude,1.07,"6km SSW of Pearblossom, CA"
ci39670848,2020-10-21,earthquake,USGS,real_downloaded,34.464,-117.965,magnitude,1.72,"7km SSE of Littlerock, CA"
ci39441327,2020-10-22,earthquake,USGS,real_downloaded,33.881,-117.7541667,magnitude,1.28,"6km E of Yorba Linda, CA"
ci39441935,2020-10-22,earthquake,USGS,real_downloaded,34.3003333,-118.4513333,magnitude,1.57,"1km SSW of Sylmar, CA"
ci39444559,2020-10-25,earthquake,USGS,real_downloaded,32.9216667,-117.6743333,magnitude,2.58,"38km WSW of Encinitas, CA"
ci39445175,2020-10-26,earthquake,USGS,real_downloaded,34.5843333,-118.8936667,magnitude,2.0,"21km N of Fillmore, CA"
ci39445199,2020-10-26,earthquake,USGS,real_downloaded,33.9408333,-118.7863333,magnitude,1.8,"8km SSE of Malibu, CA"
ci39447295,2020-10-28,earthquake,USGS,real_downloaded,34.228,-117.6776667,magnitude,1.57,"15km NW of Rancho Cucamonga, CA"
ci39448679,2020-10-29,earthquake,USGS,real_downloaded,34.036,-117.8751667,magnitude,1.2,"2km NNW of Walnut, CA"
ci39448687,2020-10-29,earthquake,USGS,real_downloaded,34.036,-117.8758333,magnitude,1.27,"2km NNW of Walnut, CA"
ci39451135,2020-10-30,earthquake,USGS,real_downloaded,34.0568333,-117.8456667,magnitude,2.04,"4km NNE of Walnut, CA"
ci39451455,2020-10-31,earthquake,USGS,real_downloaded,34.336,-118.5348333,magnitude,1.07,"8km NNW of Granada Hills, CA"
ci39452847,2020-11-01,earthquake,USGS,real_downloaded,34.0988333,-117.9801667,magnitude,1.0,"2km NW of Baldwin Park, CA"
ci39454863,2020-11-03,earthquake,USGS,real_downloaded,33.9188333,-118.4628333,magnitude,1.94,"4km W of El Segundo, CA"
ci39455119,2020-11-03,earthquake,USGS,real_downloaded,33.8858333,-118.1973333,magnitude,1.56,"2km ESE of Compton, CA"
ci39455903,2020-11-04,earthquake,USGS,real_downloaded,34.6185,-118.6393333,magnitude,1.06,"14km N of Castaic, CA"
ci39456223,2020-11-04,earthquake,USGS,real_downloaded,33.9341667,-117.9288333,magnitude,1.53,"2km E of La Habra, CA"
ci39457175,2020-11-05,earthquake,USGS,real_downloaded,33.6968333,-118.4805,magnitude,1.91,"10km WSW of Rancho Palos Verdes, CA"
ci39457551,2020-11-05,earthquake,USGS,real_downloaded,33.9145,-118.588,magnitude,1.14,"14km SSE of Las Flores, CA"
ci39457559,2020-11-05,earthquake,USGS,real_downloaded,34.1675,-118.4555,magnitude,1.26,"2km NNW of Sherman Oaks, CA"
ci39458335,2020-11-05,earthquake,USGS,real_downloaded,33.893,-117.677,magnitude,1.1,"10km WNW of Corona, CA"
ci39459623,2020-11-07,earthquake,USGS,real_downloaded,34.073,-118.0773333,magnitude,1.34,"1km SSW of Rosemead, CA"
ci39459823,2020-11-07,earthquake,USGS,real_downloaded,34.039,-118.1,magnitude,1.59,"3km N of Montebello, CA"
ci39460023,2020-11-07,earthquake,USGS,real_downloaded,34.5618333,-118.9005,magnitude,1.57,"18km N of Fillmore, CA"
ci39460127,2020-11-08,earthquake,USGS,real_downloaded,34.5561667,-118.9018333,magnitude,1.59,"18km N of Fillmore, CA"
ci39460183,2020-11-08,earthquake,USGS,real_downloaded,34.4235,-117.8838333,magnitude,1.84,"10km SSE of Pearblossom, CA"
ci39460207,2020-11-08,earthquake,USGS,real_downloaded,33.9906667,-118.8101667,magnitude,1.71,"2km S of Malibu, CA"
ci39460527,2020-11-09,earthquake,USGS,real_downloaded,33.9918333,-118.3505,magnitude,2.21,"0km SSW of View Park-Windsor Hills, CA"
ci39462247,2020-11-11,earthquake,USGS,real_downloaded,34.551,-118.2021667,magnitude,1.09,"9km N of Acton, CA"
ci39463207,2020-11-12,earthquake,USGS,real_downloaded,34.0475,-117.7841667,magnitude,1.45,"3km WSW of Pomona, CA"
ci39466055,2020-11-15,earthquake,USGS,real_downloaded,33.97,-118.894,magnitude,2.36,"9km WSW of Malibu, CA"
ci39466351,2020-11-15,earthquake,USGS,real_downloaded,34.2453333,-118.6913333,magnitude,1.81,"5km ESE of Simi Valley, CA"
ci39469135,2020-11-18,earthquake,USGS,real_downloaded,34.5541667,-118.2735,magnitude,1.43,"7km S of Leona Valley, CA"
ci39469143,2020-11-18,earthquake,USGS,real_downloaded,34.5526667,-118.2821667,magnitude,1.13,"7km S of Leona Valley, CA"
ci39469295,2020-11-18,earthquake,USGS,real_downloaded,34.554,-118.2841667,magnitude,1.05,"7km S of Leona Valley, CA"
ci39469783,2020-11-18,earthquake,USGS,real_downloaded,34.6003333,-118.895,magnitude,1.13,"22km S of Gorman, CA"
ci39470015,2020-11-19,earthquake,USGS,real_downloaded,33.8778333,-117.8263333,magnitude,1.16,"2km SW of Yorba Linda, CA"
ci39470231,2020-11-19,earthquake,USGS,real_downloaded,34.4215,-117.693,magnitude,1.63,"4km WSW of Pinon Hills, CA"
ci39473383,2020-11-22,earthquake,USGS,real_downloaded,34.1616667,-118.4733333,magnitude,1.47,"2km E of Encino, CA"
ci39475095,2020-11-23,earthquake,USGS,real_downloaded,34.4001667,-118.18,magnitude,1.09,"8km S of Acton, CA"
ci39476271,2020-11-24,earthquake,USGS,real_downloaded,33.9558333,-117.7333333,magnitude,1.25,"5km SSE of Chino Hills, CA"
ci39477263,2020-11-26,earthquake,USGS,real_downloaded,33.8406667,-118.5125,magnitude,1.74,"11km WSW of Manhattan Beach, CA"
ci39477655,2020-11-26,earthquake,USGS,real_downloaded,34.4638333,-117.9625,magnitude,3.1,"7km SSE of Littlerock, CA"
ci39478215,2020-11-27,earthquake,USGS,real_downloaded,34.553,-118.2808333,magnitude,1.25,"7km S of Leona Valley, CA"
ci39478863,2020-11-28,earthquake,USGS,real_downloaded,34.329,-118.5,magnitude,1.31,"5km WNW of Sylmar, CA"
ci39479407,2020-11-28,earthquake,USGS,real_downloaded,34.0388333,-118.2123333,magnitude,2.22,"4km ESE of Los Angeles, CA"
ci39479463,2020-11-28,earthquake,USGS,real_downloaded,34.4643333,-117.979,magnitude,1.5,"6km S of Littlerock, CA"
ci39479815,2020-11-29,earthquake,USGS,real_downloaded,33.8013333,-117.7703333,magnitude,1.18,"4km ESE of Villa Park, CA"
ci39481551,2020-12-01,earthquake,USGS,real_downloaded,34.2488333,-118.5013333,magnitude,1.54,"2km S of Granada Hills, CA"
ci39482255,2020-12-01,earthquake,USGS,real_downloaded,33.819,-118.6316667,magnitude,2.41,"22km WSW of Manhattan Beach, CA"
ci39483463,2020-12-03,earthquake,USGS,real_downloaded,34.559,-118.8951667,magnitude,1.68,"18km N of Fillmore, CA"
ci39483559,2020-12-03,earthquake,USGS,real_downloaded,34.4473333,-117.9246667,magnitude,1.49,"7km SSW of Pearblossom, CA"
ci39484215,2020-12-03,earthquake,USGS,real_downloaded,34.0125,-118.312,magnitude,1.2,"4km ENE of View Park-Windsor Hills, CA"
ci39484975,2020-12-04,earthquake,USGS,real_downloaded,34.2913333,-118.4816667,magnitude,1.66,"3km NE of Granada Hills, CA"
ci39485031,2020-12-04,earthquake,USGS,real_downloaded,34.4416667,-117.927,magnitude,1.67,"7km SSW of Pearblossom, CA"
ci39485279,2020-12-04,earthquake,USGS,real_downloaded,34.3193333,-118.5676667,magnitude,1.21,"8km NNE of Chatsworth, CA"
ci39486031,2020-12-05,earthquake,USGS,real_downloaded,34.4021667,-118.4285,magnitude,1.56,"7km ESE of Santa Clarita, CA"
ci39486215,2020-12-06,earthquake,USGS,real_downloaded,34.4361667,-118.3948333,magnitude,1.12,"9km SW of Agua Dulce, CA"
ci39486335,2020-12-06,earthquake,USGS,real_downloaded,33.9553333,-118.7225,magnitude,1.31,"9km SSW of Malibu Beach, CA"
ci39486375,2020-12-06,earthquake,USGS,real_downloaded,33.9826667,-118.192,magnitude,2.52,"1km NW of Bell, CA"
ci39486599,2020-12-06,earthquake,USGS,real_downloaded,33.827,-117.7495,magnitude,1.86,"6km ENE of Villa Park, CA"
ci39486919,2020-12-06,earthquake,USGS,real_downloaded,34.5198333,-118.085,magnitude,1.06,"4km NE of Vincent, CA"
ci39487511,2020-12-07,earthquake,USGS,real_downloaded,33.294,-117.9771667,magnitude,2.01,"32km SW of Dana Point, CA"
ci39488151,2020-12-08,earthquake,USGS,real_downloaded,33.546,-118.2166667,magnitude,1.84,"22km SSE of San Pedro, CA"
ci39488479,2020-12-08,earthquake,USGS,real_downloaded,34.2781667,-117.9193333,magnitude,1.45,"15km NNE of Bradbury, CA"
ci39727200,2020-12-11,earthquake,USGS,real_downloaded,34.246,-118.4956667,magnitude,1.26,"3km S of Granada Hills, CA"
ci39729040,2020-12-13,earthquake,USGS,real_downloaded,34.2785,-118.4281667,magnitude,1.81,"1km SE of San Fernando, CA"
ci39729336,2020-12-14,earthquake,USGS,real_downloaded,33.9168333,-117.9071667,magnitude,1.72,"1km W of Brea, CA"
ci39729672,2020-12-14,earthquake,USGS,real_downloaded,34.5463333,-118.8951667,magnitude,1.7,"16km N of Fillmore, CA"
ci39729728,2020-12-14,earthquake,USGS,real_downloaded,34.5466667,-118.8948333,magnitude,1.72,"16km N of Fillmore, CA"
ci39729840,2020-12-14,earthquake,USGS,real_downloaded,34.5443333,-118.8973333,magnitude,2.81,"16km N of Fillmore, CA"
ci37308332,2020-12-14,earthquake,USGS,real_downloaded,34.548,-118.894,magnitude,2.83,"17km N of Fillmore, CA"
ci39495687,2020-12-17,earthquake,USGS,real_downloaded,34.459,-117.7205,magnitude,1.13,"7km ESE of Llano, CA"
ci39497863,2020-12-19,earthquake,USGS,real_downloaded,33.5748333,-118.4671667,magnitude,1.66,"20km SSW of Rancho Palos Verdes, CA"
ci39497919,2020-12-19,earthquake,USGS,real_downloaded,34.3088333,-118.4815,magnitude,1.67,"3km W of Sylmar, CA"
ci39498295,2020-12-19,earthquake,USGS,real_downloaded,34.2531667,-118.6081667,magnitude,1.48,"1km SW of Chatsworth, CA"
ci39498783,2020-12-20,earthquake,USGS,real_downloaded,34.4556667,-117.9251667,magnitude,1.59,"6km SSW of Pearblossom, CA"
ci39499015,2020-12-20,earthquake,USGS,real_downloaded,33.8828333,-117.685,magnitude,1.18,"11km W of Corona, CA"
ci39499391,2020-12-21,earthquake,USGS,real_downloaded,34.0943333,-118.105,magnitude,1.33,"0km SSE of San Gabriel, CA"
ci39500703,2020-12-22,earthquake,USGS,real_downloaded,34.4573333,-117.9221667,magnitude,2.76,"6km SSW of Pearblossom, CA"
ci39500799,2020-12-22,earthquake,USGS,real_downloaded,34.3015,-118.4455,magnitude,1.36,"1km SSE of Sylmar, CA"
ci39502383,2020-12-24,earthquake,USGS,real_downloaded,34.2858333,-118.4786667,magnitude,1.11,"3km NE of Granada Hills, CA"
ci39502479,2020-12-24,earthquake,USGS,real_downloaded,34.0053333,-118.469,magnitude,1.09,"3km SE of Santa Monica, CA"
ci39502487,2020-12-24,earthquake,USGS,real_downloaded,34.0085,-118.4675,magnitude,1.03,"2km ESE of Santa Monica, CA"
ci39503439,2020-12-25,earthquake,USGS,real_downloaded,33.9206667,-117.9678333,magnitude,1.17,"2km WSW of La Habra, CA"
ci39503591,2020-12-25,earthquake,USGS,real_downloaded,33.8286667,-117.8023333,magnitude,1.75,"2km NNE of Villa Park, CA"
ci39503783,2020-12-25,earthquake,USGS,real_downloaded,34.0485,-118.0821667,magnitude,1.55,"3km W of South El Monte, CA"
ci39503855,2020-12-25,earthquake,USGS,real_downloaded,33.851,-117.8598333,magnitude,2.71,"2km SSE of Placentia, CA"
ci39503951,2020-12-25,earthquake,USGS,real_downloaded,33.8543333,-117.8596667,magnitude,1.3,"2km SSE of Placentia, CA"
ci39504015,2020-12-25,earthquake,USGS,real_downloaded,33.8535,-117.855,magnitude,1.71,"2km SE of Placentia, CA"
ci39504343,2020-12-26,earthquake,USGS,real_downloaded,33.9211667,-117.9601667,magnitude,1.63,"2km SW of La Habra, CA"
ci39504607,2020-12-26,earthquake,USGS,real_downloaded,33.9186667,-117.9636667,magnitude,1.5,"2km SW of La Habra, CA"
ci39504919,2020-12-26,earthquake,USGS,real_downloaded,34.0858333,-118.1173333,magnitude,1.31,"1km SE of Alhambra, CA"
ci39505959,2020-12-28,earthquake,USGS,real_downloaded,34.2498333,-118.6461667,magnitude,1.31,"4km W of Chatsworth, CA"
ci39505967,2020-12-28,earthquake,USGS,real_downloaded,34.2448333,-118.6405,magnitude,1.49,"4km WSW of Chatsworth, CA"
ci39507567,2020-12-30,earthquake,USGS,real_downloaded,33.6626667,-117.9463333,magnitude,1.13,"3km W of Costa Mesa, CA"
ci39508351,2021-01-01,earthquake,USGS,real_downloaded,34.0395,-118.7598333,magnitude,1.77,"6km NE of Malibu, CA"
ci39508367,2021-01-01,earthquake,USGS,real_downloaded,33.8351667,-117.847,magnitude,1.91,"4km NNW of Orange, CA"
ci39509143,2021-01-02,earthquake,USGS,real_downloaded,34.006,-118.3636667,magnitude,1.83,"1km ENE of Baldwin Hills, CA"
ci39510303,2021-01-04,earthquake,USGS,real_downloaded,34.1746667,-118.1033333,magnitude,1.16,"3km ESE of Altadena, CA"
ci39510367,2021-01-04,earthquake,USGS,real_downloaded,34.1651667,-118.0996667,magnitude,1.15,"3km ENE of Pasadena, CA"
ci39510391,2021-01-04,earthquake,USGS,real_downloaded,34.1675,-118.0983333,magnitude,1.15,"3km ENE of Pasadena, CA"
ci39510399,2021-01-04,earthquake,USGS,real_downloaded,34.1771667,-118.096,magnitude,2.23,"4km ESE of Altadena, CA"
ci39510415,2021-01-04,earthquake,USGS,real_downloaded,34.1676667,-118.1013333,magnitude,1.0,"3km ENE of Pasadena, CA"
ci39510463,2021-01-04,earthquake,USGS,real_downloaded,34.1716667,-118.0986667,magnitude,1.45,"4km ENE of Pasadena, CA"
ci39510999,2021-01-04,earthquake,USGS,real_downloaded,34.5838333,-118.9003333,magnitude,1.28,"21km N of Fillmore, CA"
ci39511103,2021-01-04,earthquake,USGS,real_downloaded,33.3406667,-118.4341667,magnitude,1.36,"10km W of Avalon, CA"
ci39511223,2021-01-05,earthquake,USGS,real_downloaded,34.5743333,-118.89,magnitude,2.06,"20km N of Fillmore, CA"
ci39511247,2021-01-05,earthquake,USGS,real_downloaded,34.573,-118.8933333,magnitude,2.05,"20km N of Fillmore, CA"
ci39511263,2021-01-05,earthquake,USGS,real_downloaded,34.5725,-118.8935,magnitude,1.66,"19km N of Fillmore, CA"
ci39511311,2021-01-05,earthquake,USGS,real_downloaded,34.5688333,-118.8968333,magnitude,1.37,"19km N of Fillmore, CA"
ci39511351,2021-01-05,earthquake,USGS,real_downloaded,34.3655,-118.6366667,magnitude,1.4,"12km SSW of Valencia, CA"
ci39511375,2021-01-05,earthquake,USGS,real_downloaded,33.8785,-117.7408333,magnitude,1.02,"7km E of Yorba Linda, CA"
ci39751280,2021-01-08,earthquake,USGS,real_downloaded,33.9021667,-117.7236667,magnitude,2.01,"8km E of Yorba Linda, CA"
ci39751360,2021-01-08,earthquake,USGS,real_downloaded,33.995,-118.2385,magnitude,1.43,"2km NW of Huntington Park, CA"
ci39751576,2021-01-08,earthquake,USGS,real_downloaded,33.8911667,-117.6896667,magnitude,1.07,"11km E of Yorba Linda, CA"
ci39751736,2021-01-08,earthquake,USGS,real_downloaded,34.5843333,-118.8928333,magnitude,1.21,"21km N of Fillmore, CA"
ci39751984,2021-01-09,earthquake,USGS,real_downloaded,34.6145,-118.661,magnitude,1.05,"14km NNW of Castaic, CA"
ci39752176,2021-01-09,earthquake,USGS,real_downloaded,33.982,-118.803,magnitude,1.9,"3km SSE of Malibu, CA"
ci39752696,2021-01-10,earthquake,USGS,real_downloaded,33.9935,-118.1981667,magnitude,1.45,"1km WNW of Maywood, CA"
ci39755136,2021-01-12,earthquake,USGS,real_downloaded,34.2946667,-118.5618333,magnitude,2.19,"6km NE of Chatsworth, CA"
ci39756496,2021-01-13,earthquake,USGS,real_downloaded,34.4621667,-117.962,magnitude,1.07,"7km SSE of Littlerock, CA"
ci39756912,2021-01-14,earthquake,USGS,real_downloaded,34.0893333,-118.412,magnitude,1.36,"2km NNW of Beverly Hills, CA"
ci39757104,2021-01-14,earthquake,USGS,real_downloaded,34.5648333,-118.8878333,magnitude,1.55,"19km N of Fillmore, CA"
ci39759616,2021-01-17,earthquake,USGS,real_downloaded,34.3276667,-118.4626667,magnitude,1.28,"3km NNW of Sylmar, CA"
ci39759880,2021-01-17,earthquake,USGS,real_downloaded,34.5695,-118.888,magnitude,1.31,"19km N of Fillmore, CA"
ci39759888,2021-01-17,earthquake,USGS,real_downloaded,34.5701667,-118.8833333,magnitude,1.55,"19km NNW of Piru, CA"
ci37464285,2021-01-17,earthquake,USGS,real_downloaded,34.5663333,-118.8871667,magnitude,1.73,"19km N of Fillmore, CA"
ci39759872,2021-01-17,earthquake,USGS,real_downloaded,34.5673333,-118.8896667,magnitude,1.57,"19km N of Fillmore, CA"
ci39759896,2021-01-17,earthquake,USGS,real_downloaded,34.2133333,-118.4915,magnitude,1.36,"4km ENE of Reseda, CA"
ci39760408,2021-01-18,earthquake,USGS,real_downloaded,34.5681667,-118.8843333,magnitude,1.21,"19km NNW of Piru, CA"
ci39761928,2021-01-19,earthquake,USGS,real_downloaded,33.9103333,-117.6825,magnitude,1.16,"11km S of Chino, CA"
ci39762824,2021-01-20,earthquake,USGS,real_downloaded,33.5506667,-118.2223333,magnitude,2.17,"22km SSE of San Pedro, CA"
ci39762912,2021-01-20,earthquake,USGS,real_downloaded,33.9186667,-118.2716667,magnitude,3.52,"2km W of Willowbrook, CA"
ci39763664,2021-01-21,earthquake,USGS,real_downloaded,33.8873333,-117.871,magnitude,1.16,"2km N of Placentia, CA"
ci39763840,2021-01-21,earthquake,USGS,real_downloaded,33.9186667,-118.2721667,magnitude,1.72,"2km W of Willowbrook, CA"
ci39764392,2021-01-21,earthquake,USGS,real_downloaded,34.268,-118.4338333,magnitude,1.22,"1km WNW of Pacoima, CA"
ci39765112,2021-01-22,earthquake,USGS,real_downloaded,33.9128333,-117.6686667,magnitude,1.0,"10km WNW of Corona, CA"
ci39765752,2021-01-22,earthquake,USGS,real_downloaded,34.0163333,-118.5258333,magnitude,1.43,"3km W of Santa Monica, CA"
ci39767032,2021-01-24,earthquake,USGS,real_downloaded,33.9893333,-118.4216667,magnitude,1.21,"3km ENE of Marina del Rey, CA"
ci39767408,2021-01-24,earthquake,USGS,real_downloaded,34.694,-118.3683333,magnitude,1.78,"4km NNE of Elizabeth Lake, CA"
ci39767760,2021-01-25,earthquake,USGS,real_downloaded,33.8525,-117.72,magnitude,1.33,"10km ESE of Yorba Linda, CA"
ci39767816,2021-01-25,earthquake,USGS,real_downloaded,34.0843333,-117.8046667,magnitude,1.08,"2km S of San Dimas, CA"
ci39767952,2021-01-25,earthquake,USGS,real_downloaded,34.2473333,-117.7933333,magnitude,2.2,"14km NNE of Glendora, CA"
ci39768264,2021-01-26,earthquake,USGS,real_downloaded,34.2946667,-118.484,magnitude,1.19,"3km NNE of Granada Hills, CA"
ci39532535,2021-01-26,earthquake,USGS,real_downloaded,34.4646667,-117.9645,magnitude,1.01,"6km SSE of Littlerock, CA"
ci39533127,2021-01-27,earthquake,USGS,real_downloaded,33.8513333,-117.7323333,magnitude,1.39,"8km ENE of Villa Park, CA"
ci39533455,2021-01-27,earthquake,USGS,real_downloaded,33.7583333,-118.3431667,magnitude,1.62,"1km E of Rolling Hills, CA"
ci39534935,2021-01-29,earthquake,USGS,real_downloaded,33.8308333,-117.7321667,magnitude,1.38,"8km ENE of Villa Park, CA"
ci39535103,2021-01-29,earthquake,USGS,real_downloaded,34.5138333,-118.038,magnitude,1.1,"5km W of Littlerock, CA"
ci39536631,2021-01-31,earthquake,USGS,real_downloaded,34.0561667,-118.7191667,magnitude,1.28,"4km NW of Malibu Beach, CA"
ci39537295,2021-02-01,earthquake,USGS,real_downloaded,34.061,-118.3793333,magnitude,1.27,"2km SE of Beverly Hills, CA"
ci39537623,2021-02-01,earthquake,USGS,real_downloaded,33.9525,-117.9206667,magnitude,1.26,"3km ESE of La Habra Heights, CA"
ci39537791,2021-02-01,earthquake,USGS,real_downloaded,34.4636667,-117.9575,magnitude,1.01,"6km SW of Pearblossom, CA"
ci39540087,2021-02-03,earthquake,USGS,real_downloaded,34.1785,-117.9181667,magnitude,1.23,"5km N of Azusa, CA"
ci39541367,2021-02-05,earthquake,USGS,real_downloaded,34.5278333,-118.5361667,magnitude,1.35,"9km NNE of Valencia, CA"
ci39544711,2021-02-08,earthquake,USGS,real_downloaded,33.8635,-118.6386667,magnitude,1.54,"19km S of Las Flores, CA"
ci39545215,2021-02-08,earthquake,USGS,real_downloaded,33.8906667,-117.6813333,magnitude,1.64,"11km WNW of Corona, CA"
ci39545615,2021-02-09,earthquake,USGS,real_downloaded,33.9511667,-118.3368333,magnitude,1.15,"1km SE of Inglewood, CA"
ci39547567,2021-02-10,earthquake,USGS,real_downloaded,33.7568333,-118.3278333,magnitude,1.38,"2km E of Rolling Hills, CA"
ci39548223,2021-02-10,earthquake,USGS,real_downloaded,33.2725,-118.0885,magnitude,1.12,"24km ESE of Avalon, CA"
ci39549903,2021-02-12,earthquake,USGS,real_downloaded,34.5121667,-118.9458333,magnitude,1.35,"13km NNW of Fillmore, CA"
ci39550631,2021-02-13,earthquake,USGS,real_downloaded,33.8721667,-117.7445,magnitude,1.62,"7km ESE of Yorba Linda, CA"
ci39551135,2021-02-13,earthquake,USGS,real_downloaded,33.9806667,-118.3666667,magnitude,1.06,"2km SW of View Park-Windsor Hills, CA"
ci39551247,2021-02-13,earthquake,USGS,real_downloaded,33.5851667,-118.293,magnitude,2.62,"17km S of San Pedro, CA"
ci39552071,2021-02-14,earthquake,USGS,real_downloaded,34.0175,-118.7891667,magnitude,2.17,"2km NE of Malibu, CA"
ci39552095,2021-02-14,earthquake,USGS,real_downloaded,34.0013333,-118.7976667,magnitude,1.84,"1km ESE of Malibu, CA"
ci39553839,2021-02-17,earthquake,USGS,real_downloaded,34.0225,-118.473,magnitude,1.29,"2km ENE of Santa Monica, CA"
ci39554071,2021-02-17,earthquake,USGS,real_downloaded,33.9503333,-118.731,magnitude,1.39,"10km SE of Malibu, CA"
ci39793856,2021-02-18,earthquake,USGS,real_downloaded,34.5131667,-118.9171667,magnitude,1.6,"13km N of Fillmore, CA"
ci39794296,2021-02-19,earthquake,USGS,real_downloaded,34.5101667,-118.9193333,magnitude,1.21,"12km N of Fillmore, CA"
ci39794616,2021-02-19,earthquake,USGS,real_downloaded,34.5201667,-118.9216667,magnitude,1.48,"14km N of Fillmore, CA"
ci39794624,2021-02-19,earthquake,USGS,real_downloaded,34.5126667,-118.923,magnitude,1.3,"13km N of Fillmore, CA"
ci39794680,2021-02-19,earthquake,USGS,real_downloaded,34.519,-118.9235,magnitude,1.74,"13km N of Fillmore, CA"
ci39794832,2021-02-19,earthquake,USGS,real_downloaded,34.5171667,-118.9266667,magnitude,1.82,"13km N of Fillmore, CA"
ci39795720,2021-02-20,earthquake,USGS,real_downloaded,34.2973333,-118.621,magnitude,1.85,"5km NNW of Chatsworth, CA"
ci39796160,2021-02-20,earthquake,USGS,real_downloaded,33.8633333,-118.662,magnitude,1.52,"19km S of Malibu Beach, CA"
ci39796304,2021-02-21,earthquake,USGS,real_downloaded,34.1253333,-117.779,magnitude,1.23,"3km NNW of La Verne, CA"
ci39796552,2021-02-21,earthquake,USGS,real_downloaded,34.4018333,-118.3985,magnitude,1.44,"10km E of Santa Clarita, CA"
ci39801440,2021-02-25,earthquake,USGS,real_downloaded,34.0951667,-117.8215,magnitude,1.17,"2km SW of San Dimas, CA"
ci39801864,2021-02-25,earthquake,USGS,real_downloaded,34.7946667,-118.9001667,magnitude,1.31,"4km W of Gorman, CA"
ci39801880,2021-02-25,earthquake,USGS,real_downloaded,33.8468333,-117.785,magnitude,1.48,"4km NE of Villa Park, CA"
ci39803016,2021-02-26,earthquake,USGS,real_downloaded,34.2941667,-118.4558333,magnitude,1.75,"2km SSW of Sylmar, CA"
ci39803176,2021-02-26,earthquake,USGS,real_downloaded,34.2698333,-118.7046667,magnitude,3.02,"3km E of Simi Valley, CA"
ci39803712,2021-02-27,earthquake,USGS,real_downloaded,34.4556667,-117.9091667,magnitude,1.04,"6km S of Pearblossom, CA"
ci39803728,2021-02-27,earthquake,USGS,real_downloaded,34.2953333,-118.6291667,magnitude,1.3,"5km NNW of Chatsworth, CA"
ci39804184,2021-02-27,earthquake,USGS,real_downloaded,33.8565,-118.4626667,magnitude,2.41,"6km WSW of Manhattan Beach, CA"
ci39806840,2021-03-02,earthquake,USGS,real_downloaded,33.8501667,-118.468,magnitude,1.17,"6km WSW of Hermosa Beach, CA"
ci39807144,2021-03-02,earthquake,USGS,real_downloaded,34.4611667,-117.9656667,magnitude,2.65,"7km SSE of Littlerock, CA"
ci39807896,2021-03-03,earthquake,USGS,real_downloaded,34.4581667,-117.9595,magnitude,1.54,"7km SW of Pearblossom, CA"
ci39808944,2021-03-04,earthquake,USGS,real_downloaded,33.8756667,-117.7658333,magnitude,1.12,"5km ESE of Yorba Linda, CA"
ci39572023,2021-03-04,earthquake,USGS,real_downloaded,33.8485,-118.4493333,magnitude,1.67,"5km WSW of Hermosa Beach, CA"
ci39572607,2021-03-05,earthquake,USGS,real_downloaded,34.7788333,-118.9111667,magnitude,1.8,"6km WSW of Gorman, CA"
ci39573015,2021-03-05,earthquake,USGS,real_downloaded,33.9773333,-118.8755,magnitude,1.74,"7km WSW of Malibu, CA"
ci39573447,2021-03-06,earthquake,USGS,real_downloaded,34.4668333,-117.9626667,magnitude,1.21,"6km SSE of Littlerock, CA"
ci39573487,2021-03-06,earthquake,USGS,real_downloaded,33.8793333,-117.6933333,magnitude,1.47,"11km E of Yorba Linda, CA"
ci39574183,2021-03-07,earthquake,USGS,real_downloaded,34.089,-118.796,magnitude,2.08,"6km SSW of Agoura Hills, CA"
ci39574247,2021-03-07,earthquake,USGS,real_downloaded,34.0445,-118.0891667,magnitude,1.45,"4km ESE of Monterey Park, CA"
ci39574847,2021-03-08,earthquake,USGS,real_downloaded,34.4643333,-117.9571667,magnitude,1.16,"6km SW of Pearblossom, CA"
ci39575463,2021-03-09,earthquake,USGS,real_downloaded,34.041,-118.0878333,magnitude,1.5,"4km NNE of Montebello, CA"
ci39575559,2021-03-09,earthquake,USGS,real_downloaded,33.9446667,-117.8108333,magnitude,1.29,"6km N of Yorba Linda, CA"
ci39576495,2021-03-10,earthquake,USGS,real_downloaded,34.079,-117.8353333,magnitude,1.09,"3km SSE of Charter Oak, CA"
ci37319188,2021-03-10,earthquake,USGS,real_downloaded,34.0793333,-117.8276667,magnitude,1.56,"3km SSE of Charter Oak, CA"
ci39576703,2021-03-10,earthquake,USGS,real_downloaded,34.2683333,-118.4286667,magnitude,2.32,"1km WNW of Pacoima, CA"
ci39577103,2021-03-11,earthquake,USGS,real_downloaded,34.2676667,-118.4231667,magnitude,2.48,"0km NW of Pacoima, CA"
ci39579063,2021-03-13,earthquake,USGS,real_downloaded,34.3363333,-117.7181667,magnitude,1.02,"8km WSW of Wrightwood, CA"
ci39579111,2021-03-13,earthquake,USGS,real_downloaded,34.1733333,-118.089,magnitude,1.4,"4km WNW of Sierra Madre, CA"
ci39579583,2021-03-14,earthquake,USGS,real_downloaded,34.268,-118.4381667,magnitude,1.0,"2km W of Pacoima, CA"
ci39579647,2021-03-14,earthquake,USGS,real_downloaded,33.882,-117.6916667,magnitude,1.13,"11km E of Yorba Linda, CA"
ci39581063,2021-03-15,earthquake,USGS,real_downloaded,34.81,-118.9326667,magnitude,2.29,"2km SE of Frazier Park, CA"
ci39581263,2021-03-16,earthquake,USGS,real_downloaded,34.019,-118.3131667,magnitude,1.62,"4km NE of View Park-Windsor Hills, CA"
ci39581623,2021-03-16,earthquake,USGS,real_downloaded,34.8035,-118.9361667,magnitude,1.36,"2km SSE of Frazier Park, CA"
ci39582287,2021-03-17,earthquake,USGS,real_downloaded,33.9133333,-117.7838333,magnitude,2.01,"4km NE of Yorba Linda, CA"
ci39582335,2021-03-17,earthquake,USGS,real_downloaded,34.4565,-117.908,magnitude,1.32,"6km S of Pearblossom, CA"
ci39582407,2021-03-17,earthquake,USGS,real_downloaded,33.8888333,-118.4726667,magnitude,1.89,"6km W of Manhattan Beach, CA"
ci39583335,2021-03-18,earthquake,USGS,real_downloaded,33.8821667,-117.7055,magnitude,1.09,"10km E of Yorba Linda, CA"
ci39584207,2021-03-18,earthquake,USGS,real_downloaded,34.4583333,-117.9603333,magnitude,1.8,"7km SW of Pearblossom, CA"
ci39584639,2021-03-19,earthquake,USGS,real_downloaded,33.8801667,-117.696,magnitude,1.06,"11km E of Yorba Linda, CA"
ci39584679,2021-03-19,earthquake,USGS,real_downloaded,34.776,-118.9501667,magnitude,1.33,"5km S of Frazier Park, CA"
ci39585727,2021-03-20,earthquake,USGS,real_downloaded,34.5173333,-118.7595,magnitude,1.74,"12km NNE of Piru, CA"
ci39586999,2021-03-22,earthquake,USGS,real_downloaded,33.4416667,-117.6711667,magnitude,1.22,"4km SE of Dana Point, CA"
ci39587135,2021-03-22,earthquake,USGS,real_downloaded,33.9771667,-118.342,magnitude,1.37,"2km SSE of View Park-Windsor Hills, CA"
ci39587151,2021-03-22,earthquake,USGS,real_downloaded,33.4413333,-117.6686667,magnitude,1.44,"4km SE of Dana Point, CA"
ci39587967,2021-03-23,earthquake,USGS,real_downloaded,33.4461667,-117.663,magnitude,1.1,"4km SE of Dana Point, CA"
ci39588055,2021-03-23,earthquake,USGS,real_downloaded,33.4368333,-117.6778333,magnitude,1.44,"4km SSE of Dana Point, CA"
ci39588063,2021-03-23,earthquake,USGS,real_downloaded,33.4443333,-117.6673333,magnitude,1.79,"4km SE of Dana Point, CA"
ci39588711,2021-03-24,earthquake,USGS,real_downloaded,34.3905,-118.5828333,magnitude,1.47,"7km S of Valencia, CA"
ci39591951,2021-03-27,earthquake,USGS,real_downloaded,33.7178333,-118.3191667,magnitude,2.01,"3km SW of San Pedro, CA"
ci39592079,2021-03-27,earthquake,USGS,real_downloaded,33.4428333,-117.6661667,magnitude,1.11,"4km SE of Dana Point, CA"
ci39593647,2021-03-29,earthquake,USGS,real_downloaded,33.9576667,-118.3158333,magnitude,1.45,"3km E of Inglewood, CA"
ci39594863,2021-03-30,earthquake,USGS,real_downloaded,33.9081667,-117.7791667,magnitude,1.19,"4km NE of Yorba Linda, CA"
ci39596591,2021-03-31,earthquake,USGS,real_downloaded,34.7881667,-118.9161667,magnitude,1.59,"5km SE of Frazier Park, CA"
ci39597271,2021-04-01,earthquake,USGS,real_downloaded,33.9841667,-118.2136667,magnitude,2.95,"1km ENE of Huntington Park, CA"
ci39835384,2021-04-02,earthquake,USGS,real_downloaded,34.3606667,-118.7225,magnitude,1.21,"9km SE of Piru, CA"
ci39835832,2021-04-02,earthquake,USGS,real_downloaded,34.414,-118.8056667,magnitude,1.92,"1km W of Piru, CA"
ci39836352,2021-04-02,earthquake,USGS,real_downloaded,33.911,-117.7751667,magnitude,1.01,"4km NE of Yorba Linda, CA"
ci39836560,2021-04-02,earthquake,USGS,real_downloaded,33.9473333,-118.1518333,magnitude,1.43,"2km S of Bell Gardens, CA"
ci39836912,2021-04-03,earthquake,USGS,real_downloaded,34.1501667,-117.7121667,magnitude,1.31,"6km N of Claremont, CA"
ci39836936,2021-04-03,earthquake,USGS,real_downloaded,34.8021667,-118.9416667,magnitude,1.46,"2km S of Frazier Park, CA"
ci39837520,2021-04-03,earthquake,USGS,real_downloaded,34.8083333,-118.9326667,magnitude,1.2,"2km SE of Frazier Park, CA"
ci39838880,2021-04-05,earthquake,USGS,real_downloaded,33.9476667,-118.3308333,magnitude,1.74,"2km SE of Inglewood, CA"
ci39838888,2021-04-05,earthquake,USGS,real_downloaded,33.9421667,-118.3348333,magnitude,3.03,"2km ENE of Lennox, CA"
ci39838896,2021-04-05,earthquake,USGS,real_downloaded,33.9513333,-118.3686667,magnitude,2.42,"2km NW of Lennox, CA"
ci39838928,2021-04-05,earthquake,USGS,real_downloaded,33.9405,-118.3333333,magnitude,4.0,"2km E of Lennox, CA"
ci37471453,2021-04-05,earthquake,USGS,real_downloaded,33.9516667,-118.3673333,magnitude,1.97,"2km NW of Lennox, CA"
ci37471445,2021-04-05,earthquake,USGS,real_downloaded,33.9473333,-118.3713333,magnitude,1.75,"2km WNW of Lennox, CA"
ci39838936,2021-04-05,earthquake,USGS,real_downloaded,33.9481667,-118.3741667,magnitude,2.03,"2km WNW of Lennox, CA"
ci39838944,2021-04-05,earthquake,USGS,real_downloaded,33.9451667,-118.3436667,magnitude,2.4,"1km NE of Lennox, CA"
ci39838952,2021-04-05,earthquake,USGS,real_downloaded,33.9421667,-118.3286667,magnitude,1.57,"2km ENE of Lennox, CA"
ci37471629,2021-04-05,earthquake,USGS,real_downloaded,33.9445,-118.3708333,magnitude,1.68,"2km WNW of Lennox, CA"
ci39838960,2021-04-05,earthquake,USGS,real_downloaded,33.9586667,-118.3756667,magnitude,1.57,"3km W of Inglewood, CA"
ci39838968,2021-04-05,earthquake,USGS,real_downloaded,33.9538333,-118.3603333,magnitude,1.97,"1km WSW of Inglewood, CA"
ci37471693,2021-04-05,earthquake,USGS,real_downloaded,33.9486667,-118.3381667,magnitude,1.42,"1km SE of Inglewood, CA"
ci39838976,2021-04-05,earthquake,USGS,real_downloaded,33.956,-118.3631667,magnitude,1.58,"2km W of Inglewood, CA"
ci37471709,2021-04-05,earthquake,USGS,real_downloaded,33.9556667,-118.347,magnitude,1.37,"0km SSW of Inglewood, CA"
ci39838984,2021-04-05,earthquake,USGS,real_downloaded,33.9506667,-118.3526667,magnitude,1.55,"1km SW of Inglewood, CA"
ci37471613,2021-04-05,earthquake,USGS,real_downloaded,33.9458333,-118.355,magnitude,1.34,"1km NNW of Lennox, CA"
ci37471621,2021-04-05,earthquake,USGS,real_downloaded,33.951,-118.3588333,magnitude,1.4,"1km WSW of Inglewood, CA"
ci39838992,2021-04-05,earthquake,USGS,real_downloaded,33.954,-118.3613333,magnitude,1.63,"2km WSW of Inglewood, CA"
ci37471653,2021-04-05,earthquake,USGS,real_downloaded,33.9465,-118.3283333,magnitude,1.4,"2km SE of Inglewood, CA"
ci39839000,2021-04-05,earthquake,USGS,real_downloaded,33.9501667,-118.3443333,magnitude,1.78,"1km SSE of Inglewood, CA"
ci37471661,2021-04-05,earthquake,USGS,real_downloaded,33.955,-118.3643333,magnitude,1.38,"2km W of Inglewood, CA"
ci39839008,2021-04-05,earthquake,USGS,real_downloaded,33.953,-118.3493333,magnitude,1.4,"1km SSW of Inglewood, CA"
ci37471757,2021-04-05,earthquake,USGS,real_downloaded,33.9483333,-118.3486667,magnitude,1.39,"1km SSW of Inglewood, CA"
ci39839016,2021-04-05,earthquake,USGS,real_downloaded,33.9503333,-118.3593333,magnitude,1.35,"2km WSW of Inglewood, CA"
ci39839024,2021-04-05,earthquake,USGS,real_downloaded,33.9545,-118.3645,magnitude,1.26,"2km W of Inglewood, CA"
ci37471765,2021-04-05,earthquake,USGS,real_downloaded,33.9476667,-118.3576667,magnitude,1.45,"1km NNW of Lennox, CA"
ci39839032,2021-04-05,earthquake,USGS,real_downloaded,33.9553333,-118.3513333,magnitude,1.47,"0km WSW of Inglewood, CA"
ci39839040,2021-04-05,earthquake,USGS,real_downloaded,33.9473333,-118.3518333,magnitude,1.89,"1km N of Lennox, CA"
ci39839048,2021-04-05,earthquake,USGS,real_downloaded,33.9486667,-118.3543333,magnitude,1.68,"1km N of Lennox, CA"
ci37471781,2021-04-05,earthquake,USGS,real_downloaded,33.955,-118.367,magnitude,1.94,"2km W of Inglewood, CA"
ci37471421,2021-04-05,earthquake,USGS,real_downloaded,33.9571667,-118.3306667,magnitude,1.2,"1km E of Inglewood, CA"
ci37471413,2021-04-05,earthquake,USGS,real_downloaded,33.9461667,-118.3248333,magnitude,1.29,"2km ESE of Inglewood, CA"
ci39839056,2021-04-05,earthquake,USGS,real_downloaded,33.9538333,-118.3515,magnitude,1.57,"1km SW of Inglewood, CA"
ci39839064,2021-04-05,earthquake,USGS,real_downloaded,33.9561667,-118.355,magnitude,1.6,"1km W of Inglewood, CA"
ci39839072,2021-04-05,earthquake,USGS,real_downloaded,33.955,-118.3515,magnitude,1.67,"1km WSW of Inglewood, CA"
ci37471557,2021-04-05,earthquake,USGS,real_downloaded,33.9555,-118.3791667,magnitude,1.33,"3km W of Inglewood, CA"
ci39839080,2021-04-05,earthquake,USGS,real_downloaded,33.9455,-118.3525,magnitude,1.34,"1km N of Lennox, CA"
ci37471541,2021-04-05,earthquake,USGS,real_downloaded,33.9478333,-118.3295,magnitude,1.1,"2km SE of Inglewood, CA"
ci37471381,2021-04-05,earthquake,USGS,real_downloaded,33.9556667,-118.3448333,magnitude,1.21,"0km SSE of Inglewood, CA"
ci39839088,2021-04-05,earthquake,USGS,real_downloaded,33.9535,-118.3401667,magnitude,1.45,"1km SE of Inglewood, CA"
ci39839096,2021-04-05,earthquake,USGS,real_downloaded,33.9526667,-118.3358333,magnitude,1.61,"1km ESE of Inglewood, CA"
ci37471805,2021-04-05,earthquake,USGS,real_downloaded,33.9493333,-118.339,magnitude,1.52,"1km SE of Inglewood, CA"
ci39839104,2021-04-05,earthquake,USGS,real_downloaded,33.94,-118.3228333,magnitude,1.28,"3km E of Lennox, CA"
ci37471637,2021-04-05,earthquake,USGS,real_downloaded,33.9371667,-118.3463333,magnitude,1.26,"1km E of Lennox, CA"
ci37471813,2021-04-05,earthquake,USGS,real_downloaded,33.941,-118.3246667,magnitude,1.26,"3km E of Lennox, CA"
ci39839112,2021-04-05,earthquake,USGS,real_downloaded,33.9558333,-118.364,magnitude,1.34,"2km W of Inglewood, CA"
ci39839128,2021-04-05,earthquake,USGS,real_downloaded,33.9475,-118.34,magnitude,1.93,"1km SSE of Inglewood, CA"
ci39839136,2021-04-05,earthquake,USGS,real_downloaded,33.9605,-118.3603333,magnitude,1.19,"1km WNW of Inglewood, CA"
ci39839144,2021-04-05,earthquake,USGS,real_downloaded,33.9395,-118.3341667,magnitude,2.3,"2km E of Lennox, CA"
ci39839160,2021-04-05,earthquake,USGS,real_downloaded,33.9465,-118.3413333,magnitude,2.35,"1km SSE of Inglewood, CA"
ci39839168,2021-04-05,earthquake,USGS,real_downloaded,33.9421667,-118.3346667,magnitude,1.63,"2km ENE of Lennox, CA"
ci39839184,2021-04-05,earthquake,USGS,real_downloaded,33.9496667,-118.345,magnitude,1.83,"1km S of Inglewood, CA"
ci39839200,2021-04-05,earthquake,USGS,real_downloaded,33.9428333,-118.3385,magnitude,2.31,"1km ENE of Lennox, CA"
ci37471397,2021-04-05,earthquake,USGS,real_downloaded,33.9595,-118.3598333,magnitude,1.1,"1km W of Inglewood, CA"
ci39839208,2021-04-05,earthquake,USGS,real_downloaded,33.9548333,-118.3465,magnitude,1.15,"0km S of Inglewood, CA"
ci39839216,2021-04-05,earthquake,USGS,real_downloaded,33.9451667,-118.3486667,magnitude,1.46,"1km NNE of Lennox, CA"
ci37471405,2021-04-05,earthquake,USGS,real_downloaded,33.9583333,-118.3471667,magnitude,1.04,"0km NW of Inglewood, CA"
ci37471517,2021-04-05,earthquake,USGS,real_downloaded,33.9495,-118.3475,magnitude,1.16,"1km S of Inglewood, CA"
ci39839224,2021-04-05,earthquake,USGS,real_downloaded,33.9555,-118.3553333,magnitude,1.56,"1km WSW of Inglewood, CA"
ci39839232,2021-04-05,earthquake,USGS,real_downloaded,33.9615,-118.3496667,magnitude,1.5,"1km NW of Inglewood, CA"
ci39839240,2021-04-05,earthquake,USGS,real_downloaded,33.9445,-118.3495,magnitude,1.75,"1km NNE of Lennox, CA"
ci39839248,2021-04-05,earthquake,USGS,real_downloaded,33.9551667,-118.3521667,magnitude,1.43,"1km WSW of Inglewood, CA"
ci39839256,2021-04-05,earthquake,USGS,real_downloaded,33.9568333,-118.3495,magnitude,1.25,"0km WSW of Inglewood, CA"
ci39839280,2021-04-05,earthquake,USGS,real_downloaded,33.9381667,-118.3433333,magnitude,2.05,"1km E of Lennox, CA"
ci39839296,2021-04-05,earthquake,USGS,real_downloaded,33.9595,-118.3626667,magnitude,1.23,"2km W of Inglewood, CA"
ci39839328,2021-04-05,earthquake,USGS,real_downloaded,33.9485,-118.3613333,magnitude,1.13,"1km NW of Lennox, CA"
ci37471373,2021-04-05,earthquake,USGS,real_downloaded,33.9431667,-118.3255,magnitude,1.02,"2km SE of Inglewood, CA"
ci39839352,2021-04-05,earthquake,USGS,real_downloaded,33.9543333,-118.3555,magnitude,1.96,"1km WSW of Inglewood, CA"
ci39839376,2021-04-05,earthquake,USGS,real_downloaded,33.9538333,-118.3513333,magnitude,1.65,"1km SW of Inglewood, CA"
ci39839400,2021-04-05,earthquake,USGS,real_downloaded,33.9471667,-118.349,magnitude,1.63,"1km NNE of Lennox, CA"
ci39839408,2021-04-05,earthquake,USGS,real_downloaded,33.9461667,-118.3476667,magnitude,1.3,"1km NNE of Lennox, CA"
ci39839424,2021-04-05,earthquake,USGS,real_downloaded,33.9413333,-118.3566667,magnitude,1.66,"0km NW of Lennox, CA"
ci39839432,2021-04-05,earthquake,USGS,real_downloaded,33.9578333,-118.3483333,magnitude,1.45,"0km W of Inglewood, CA"
ci39839448,2021-04-05,earthquake,USGS,real_downloaded,33.9571667,-118.3448333,magnitude,1.27,"0km ESE of Inglewood, CA"
ci39839456,2021-04-05,earthquake,USGS,real_downloaded,33.9521667,-118.3533333,magnitude,1.94,"1km SW of Inglewood, CA"
ci39839464,2021-04-05,earthquake,USGS,real_downloaded,33.936,-118.3225,magnitude,1.27,"3km E of Lennox, CA"
ci39839472,2021-04-05,earthquake,USGS,real_downloaded,33.9325,-118.3448333,magnitude,2.05,"1km SE of Lennox, CA"
ci39839480,2021-04-05,earthquake,USGS,real_downloaded,33.9623333,-118.3341667,magnitude,1.64,"1km ENE of Inglewood, CA"
ci39839496,2021-04-05,earthquake,USGS,real_downloaded,33.9273333,-118.345,magnitude,1.26,"1km SSE of Lennox, CA"
ci39839528,2021-04-05,earthquake,USGS,real_downloaded,33.9505,-118.3321667,magnitude,1.84,"2km ESE of Inglewood, CA"
ci39839552,2021-04-05,earthquake,USGS,real_downloaded,33.94,-118.331,magnitude,1.85,"2km E of Lennox, CA"
ci39839656,2021-04-05,earthquake,USGS,real_downloaded,33.957,-118.3515,magnitude,1.39,"0km W of Inglewood, CA"
ci39839736,2021-04-05,earthquake,USGS,real_downloaded,33.9503333,-118.339,magnitude,1.35,"1km SE of Inglewood, CA"
ci37471437,2021-04-05,earthquake,USGS,real_downloaded,33.9298333,-118.3361667,magnitude,1.32,"2km ESE of Lennox, CA"
ci39839744,2021-04-05,earthquake,USGS,real_downloaded,33.9485,-118.3478333,magnitude,1.63,"1km S of Inglewood, CA"
ci37471829,2021-04-05,earthquake,USGS,real_downloaded,33.9525,-118.3673333,magnitude,1.37,"2km WSW of Inglewood, CA"
ci39839768,2021-04-05,earthquake,USGS,real_downloaded,33.9381667,-118.3553333,magnitude,1.72,"0km W of Lennox, CA"
ci39839864,2021-04-05,earthquake,USGS,real_downloaded,33.939,-118.3396667,magnitude,1.21,"1km E of Lennox, CA"
ci39839872,2021-04-05,earthquake,USGS,real_downloaded,33.959,-118.378,magnitude,1.44,"3km W of Inglewood, CA"
ci39839936,2021-04-05,earthquake,USGS,real_downloaded,33.9391667,-118.3483333,magnitude,2.31,"0km ENE of Lennox, CA"
ci39840016,2021-04-05,earthquake,USGS,real_downloaded,33.9541667,-118.3643333,magnitude,1.57,"2km WSW of Inglewood, CA"
ci39840096,2021-04-06,earthquake,USGS,real_downloaded,33.9476667,-118.3676667,magnitude,1.63,"2km NW of Lennox, CA"
ci39840128,2021-04-06,earthquake,USGS,real_downloaded,33.9441667,-118.3455,magnitude,2.28,"1km NE of Lennox, CA"
ci39840136,2021-04-06,earthquake,USGS,real_downloaded,33.949,-118.3503333,magnitude,2.09,"1km SSW of Inglewood, CA"
ci39840152,2021-04-06,earthquake,USGS,real_downloaded,33.9385,-118.3466667,magnitude,1.43,"0km E of Lennox, CA"
ci39840208,2021-04-06,earthquake,USGS,real_downloaded,33.933,-118.349,magnitude,1.49,"1km SSE of Lennox, CA"
ci39840224,2021-04-06,earthquake,USGS,real_downloaded,33.9313333,-118.3448333,magnitude,1.64,"1km SE of Lennox, CA"
ci37471701,2021-04-06,earthquake,USGS,real_downloaded,33.9455,-118.3538333,magnitude,1.46,"1km N of Lennox, CA"
ci39840256,2021-04-06,earthquake,USGS,real_downloaded,33.9481667,-118.3776667,magnitude,1.24,"3km WNW of Lennox, CA"
ci39840392,2021-04-06,earthquake,USGS,real_downloaded,34.0506667,-118.8811667,magnitude,1.79,"8km NW of Malibu, CA"
ci39840416,2021-04-06,earthquake,USGS,real_downloaded,33.948,-118.344,magnitude,1.48,"1km S of Inglewood, CA"
ci39840696,2021-04-06,earthquake,USGS,real_downloaded,33.9296667,-118.3396667,magnitude,1.24,"2km SE of Lennox, CA"
ci39841000,2021-04-06,earthquake,USGS,real_downloaded,33.9486667,-118.3585,magnitude,2.18,"1km NNW of Lennox, CA"
ci39841008,2021-04-06,earthquake,USGS,real_downloaded,33.9451667,-118.3793333,magnitude,1.9,"3km WNW of Lennox, CA"
ci39841368,2021-04-07,earthquake,USGS,real_downloaded,33.95,-118.379,magnitude,1.0,"3km WNW of Lennox, CA"
ci39841640,2021-04-07,earthquake,USGS,real_downloaded,33.9525,-118.3641667,magnitude,1.15,"2km WSW of Inglewood, CA"
ci39842624,2021-04-07,earthquake,USGS,real_downloaded,34.007,-118.2076667,magnitude,1.32,"3km NW of Maywood, CA"
ci39844160,2021-04-09,earthquake,USGS,real_downloaded,34.2981667,-118.4475,magnitude,1.43,"1km S of Sylmar, CA"
ci39845000,2021-04-09,earthquake,USGS,real_downloaded,33.8931667,-118.6568333,magnitude,1.69,"16km S of Malibu Beach, CA"
ci39847784,2021-04-12,earthquake,USGS,real_downloaded,34.1813333,-117.9148333,magnitude,1.06,"5km N of Azusa, CA"
ci39848008,2021-04-12,earthquake,USGS,real_downloaded,34.809,-118.9225,magnitude,1.59,"2km SE of Frazier Park, CA"
ci39849288,2021-04-14,earthquake,USGS,real_downloaded,34.4653333,-117.9638333,magnitude,1.01,"6km SSE of Littlerock, CA"
ci39849368,2021-04-14,earthquake,USGS,real_downloaded,34.4613333,-117.959,magnitude,1.4,"7km SW of Pearblossom, CA"
ci39849488,2021-04-14,earthquake,USGS,real_downloaded,34.459,-117.8935,magnitude,1.24,"6km SSE of Pearblossom, CA"
ci39851800,2021-04-16,earthquake,USGS,real_downloaded,33.8765,-117.796,magnitude,1.06,"2km SE of Yorba Linda, CA"
ci39852280,2021-04-16,earthquake,USGS,real_downloaded,33.5518333,-117.7793333,magnitude,2.02,"1km NNE of Laguna Beach, CA"
ci39855408,2021-04-19,earthquake,USGS,real_downloaded,34.4621667,-117.9605,magnitude,1.1,"7km SW of Pearblossom, CA"
ci39855520,2021-04-19,earthquake,USGS,real_downloaded,33.8751667,-118.689,magnitude,1.52,"18km S of Malibu Beach, CA"
ci39855616,2021-04-19,earthquake,USGS,real_downloaded,34.4985,-118.8131667,magnitude,1.14,"9km N of Piru, CA"
ci39856720,2021-04-19,earthquake,USGS,real_downloaded,33.3053333,-118.0008333,magnitude,1.77,"31km E of Avalon, CA"
ci39857040,2021-04-20,earthquake,USGS,real_downloaded,33.8798333,-117.6946667,magnitude,1.77,"11km E of Yorba Linda, CA"
ci39857440,2021-04-20,earthquake,USGS,real_downloaded,33.9736667,-118.443,magnitude,1.52,"1km SE of Marina del Rey, CA"
ci39857648,2021-04-20,earthquake,USGS,real_downloaded,33.9968333,-118.1336667,magnitude,2.39,"2km E of Commerce, CA"
ci39858208,2021-04-21,earthquake,USGS,real_downloaded,33.8843333,-117.6926667,magnitude,1.02,"11km E of Yorba Linda, CA"
ci39625527,2021-04-23,earthquake,USGS,real_downloaded,34.3933333,-117.6568333,magnitude,1.78,"4km NNW of Wrightwood, CA"
ci39625879,2021-04-23,earthquake,USGS,real_downloaded,34.0146667,-118.745,magnitude,1.95,"6km WSW of Malibu Beach, CA"
ci39627831,2021-04-24,earthquake,USGS,real_downloaded,33.9875,-118.3456667,magnitude,1.48,"1km SSE of View Park-Windsor Hills, CA"
us7000dxl8,2021-04-26,earthquake,USGS,real_downloaded,33.2596,-118.6431,magnitude,2.3,"30 km WSW of Avalon, California"
ci37322524,2021-04-27,earthquake,USGS,real_downloaded,33.8586667,-117.7455,magnitude,1.28,"7km ESE of Yorba Linda, CA"
ci39630607,2021-04-27,earthquake,USGS,real_downloaded,33.8398333,-117.7263333,magnitude,1.28,"8km ENE of Villa Park, CA"
ci39630919,2021-04-27,earthquake,USGS,real_downloaded,33.6246667,-118.0015,magnitude,1.26,"7km W of Newport Beach, CA"
ci39631423,2021-04-27,earthquake,USGS,real_downloaded,33.944,-118.3536667,magnitude,2.25,"1km N of Lennox, CA"
ci39631527,2021-04-27,earthquake,USGS,real_downloaded,33.9426667,-118.3523333,magnitude,2.08,"0km N of Lennox, CA"
ci39631543,2021-04-27,earthquake,USGS,real_downloaded,33.9521667,-118.3825,magnitude,1.8,"3km WNW of Lennox, CA"
ci39631551,2021-04-27,earthquake,USGS,real_downloaded,33.9403333,-118.3411667,magnitude,1.7,"1km ENE of Lennox, CA"
ci39631559,2021-04-27,earthquake,USGS,real_downloaded,33.9431667,-118.3528333,magnitude,2.18,"1km N of Lennox, CA"
ci39631695,2021-04-27,earthquake,USGS,real_downloaded,33.9368333,-118.3545,magnitude,1.93,"0km SW of Lennox, CA"
ci39631967,2021-04-27,earthquake,USGS,real_downloaded,33.9556667,-118.3613333,magnitude,1.34,"1km W of Inglewood, CA"
ci39632391,2021-04-28,earthquake,USGS,real_downloaded,34.1623333,-118.0683333,magnitude,1.58,"1km W of Sierra Madre, CA"
ci39635975,2021-04-30,earthquake,USGS,real_downloaded,33.7668333,-117.935,magnitude,1.58,"3km ESE of Garden Grove, CA"
ci39638159,2021-05-01,earthquake,USGS,real_downloaded,33.8363333,-118.7908333,magnitude,1.88,"19km S of Malibu, CA"
ci39638967,2021-05-03,earthquake,USGS,real_downloaded,34.3446667,-118.4745,magnitude,1.59,"5km NNW of Sylmar, CA"
ci39639031,2021-05-03,earthquake,USGS,real_downloaded,33.0983333,-117.9133333,magnitude,2.44,"46km SSW of Dana Point, CA"
ci39640071,2021-05-04,earthquake,USGS,real_downloaded,33.8788333,-117.6975,magnitude,1.21,"11km E of Yorba Linda, CA"
ci39640575,2021-05-04,earthquake,USGS,real_downloaded,33.8366667,-118.4671667,magnitude,2.57,"7km WSW of Hermosa Beach, CA"
ci39641191,2021-05-05,earthquake,USGS,real_downloaded,33.9188333,-117.9075,magnitude,1.04,"1km WNW of Brea, CA"
ci39642671,2021-05-06,earthquake,USGS,real_downloaded,33.8116667,-117.6923333,magnitude,1.62,"11km ENE of North Tustin, CA"
ci39643455,2021-05-06,earthquake,USGS,real_downloaded,32.9128333,-118.6066667,magnitude,3.04,"13km S of San Clemente Is. (NW tip), CA"
ci39644991,2021-05-08,earthquake,USGS,real_downloaded,33.8571667,-118.4668333,magnitude,1.69,"6km WSW of Manhattan Beach, CA"
ci39645599,2021-05-09,earthquake,USGS,real_downloaded,33.8453333,-118.449,magnitude,3.45,"5km WSW of Hermosa Beach, CA"
ci39645655,2021-05-09,earthquake,USGS,real_downloaded,33.8388333,-118.4576667,magnitude,1.47,"6km WSW of Hermosa Beach, CA"
ci39645791,2021-05-09,earthquake,USGS,real_downloaded,33.8425,-118.4511667,magnitude,2.5,"5km WSW of Hermosa Beach, CA"
ci39645967,2021-05-09,earthquake,USGS,real_downloaded,33.6155,-118.1396667,magnitude,1.73,"14km SSW of Seal Beach, CA"
ci39645983,2021-05-09,earthquake,USGS,real_downloaded,33.9865,-118.4053333,magnitude,1.49,"4km WSW of Baldwin Hills, CA"
ci39647751,2021-05-11,earthquake,USGS,real_downloaded,33.763,-118.216,magnitude,1.03,"6km SW of Signal Hill, CA"
ci39647775,2021-05-11,earthquake,USGS,real_downloaded,33.9625,-117.745,magnitude,1.0,"4km SSE of Chino Hills, CA"
ci39647791,2021-05-11,earthquake,USGS,real_downloaded,33.9628333,-117.7336667,magnitude,1.65,"4km SE of Chino Hills, CA"
ci39649255,2021-05-12,earthquake,USGS,real_downloaded,33.8748333,-117.6948333,magnitude,1.03,"11km E of Yorba Linda, CA"
ci39649319,2021-05-12,earthquake,USGS,real_downloaded,34.6193333,-118.6443333,magnitude,2.13,"15km N of Castaic, CA"
ci39650519,2021-05-12,earthquake,USGS,real_downloaded,33.99,-118.789,magnitude,1.42,"3km SE of Malibu, CA"
ci39650671,2021-05-13,earthquake,USGS,real_downloaded,34.026,-118.4888333,magnitude,1.04,"1km NNE of Santa Monica, CA"
ci39651679,2021-05-13,earthquake,USGS,real_downloaded,34.4586667,-117.9631667,magnitude,1.52,"7km SSE of Littlerock, CA"
ci39653511,2021-05-14,earthquake,USGS,real_downloaded,34.1765,-117.927,magnitude,1.12,"5km NNW of Azusa, CA"
ci39655695,2021-05-17,earthquake,USGS,real_downloaded,33.872,-117.6923333,magnitude,1.54,"11km E of Yorba Linda, CA"
ci39655743,2021-05-17,earthquake,USGS,real_downloaded,33.8721667,-117.6941667,magnitude,1.14,"11km E of Yorba Linda, CA"
ci39657847,2021-05-18,earthquake,USGS,real_downloaded,33.2826667,-118.2771667,magnitude,1.44,"8km SE of Avalon, CA"
ci39658071,2021-05-19,earthquake,USGS,real_downloaded,33.9831667,-118.324,magnitude,1.16,"3km ESE of View Park-Windsor Hills, CA"
ci39659375,2021-05-20,earthquake,USGS,real_downloaded,34.049,-118.811,magnitude,1.44,"5km N of Malibu, CA"
ci39899064,2021-05-21,earthquake,USGS,real_downloaded,34.6116667,-118.704,magnitude,1.1,"16km NNW of Castaic, CA"
ci39899096,2021-05-21,earthquake,USGS,real_downloaded,34.2751667,-118.4818333,magnitude,2.0,"2km ENE of Granada Hills, CA"
ci39899544,2021-05-22,earthquake,USGS,real_downloaded,33.8823333,-117.7021667,magnitude,1.32,"10km E of Yorba Linda, CA"
ci39899984,2021-05-22,earthquake,USGS,real_downloaded,34.4635,-117.9606667,magnitude,1.85,"7km SW of Pearblossom, CA"
ci39900344,2021-05-23,earthquake,USGS,real_downloaded,34.579,-118.894,magnitude,1.77,"20km N of Fillmore, CA"
ci39905040,2021-05-26,earthquake,USGS,real_downloaded,34.2725,-118.4576667,magnitude,1.75,"2km SW of San Fernando, CA"
ci39905056,2021-05-26,earthquake,USGS,real_downloaded,34.2733333,-118.4581667,magnitude,1.6,"2km SW of San Fernando, CA"
ci39905400,2021-05-26,earthquake,USGS,real_downloaded,33.8723333,-117.6956667,magnitude,2.06,"11km E of Yorba Linda, CA"
ci39907352,2021-05-28,earthquake,USGS,real_downloaded,33.8305,-117.8543333,magnitude,2.63,"3km E of Anaheim, CA"
ci39907616,2021-05-28,earthquake,USGS,real_downloaded,34.3418333,-118.4775,magnitude,1.1,"5km NW of Sylmar, CA"
ci39907672,2021-05-28,earthquake,USGS,real_downloaded,33.8366667,-117.8491667,magnitude,2.1,"4km E of Anaheim, CA"
ci39907696,2021-05-28,earthquake,USGS,real_downloaded,33.8325,-117.8663333,magnitude,1.07,"2km E of Anaheim, CA"
ci39907744,2021-05-28,earthquake,USGS,real_downloaded,33.838,-117.8488333,magnitude,1.51,"4km E of Anaheim, CA"
ci39907792,2021-05-28,earthquake,USGS,real_downloaded,33.836,-117.851,magnitude,1.5,"4km E of Anaheim, CA"
ci39907800,2021-05-28,earthquake,USGS,real_downloaded,33.838,-117.8586667,magnitude,1.14,"3km E of Anaheim, CA"
ci39908360,2021-05-28,earthquake,USGS,real_downloaded,33.8756667,-117.6951667,magnitude,1.02,"11km E of Yorba Linda, CA"
ci39909976,2021-05-30,earthquake,USGS,real_downloaded,34.462,-117.9598333,magnitude,2.16,"7km SW of Pearblossom, CA"
ci39910040,2021-05-30,earthquake,USGS,real_downloaded,33.84,-117.8441667,magnitude,1.16,"4km NW of Villa Park, CA"
ci39910744,2021-05-31,earthquake,USGS,real_downloaded,34.4653333,-117.9635,magnitude,1.34,"6km SSE of Littlerock, CA"
ci39910752,2021-05-31,earthquake,USGS,real_downloaded,34.4638333,-117.962,magnitude,1.41,"7km SSE of Littlerock, CA"
ci39910896,2021-05-31,earthquake,USGS,real_downloaded,34.7655,-118.944,magnitude,1.18,"6km S of Frazier Park, CA"
ci39911016,2021-05-31,earthquake,USGS,real_downloaded,33.8333333,-117.8541667,magnitude,2.68,"3km E of Anaheim, CA"
ci39911048,2021-05-31,earthquake,USGS,real_downloaded,33.8316667,-117.8563333,magnitude,1.12,"3km E of Anaheim, CA"
ci39911080,2021-05-31,earthquake,USGS,real_downloaded,33.8315,-117.856,magnitude,1.3,"3km E of Anaheim, CA"
ci39911136,2021-05-31,earthquake,USGS,real_downloaded,33.842,-117.8515,magnitude,1.3,"4km E of Anaheim, CA"
ci39911192,2021-05-31,earthquake,USGS,real_downloaded,33.8335,-117.8536667,magnitude,1.69,"3km E of Anaheim, CA"
ci39911216,2021-05-31,earthquake,USGS,real_downloaded,33.8343333,-117.8433333,magnitude,2.01,"4km NW of Villa Park, CA"
ci39911240,2021-05-31,earthquake,USGS,real_downloaded,33.8353333,-117.8548333,magnitude,1.19,"3km E of Anaheim, CA"
ci39911368,2021-05-31,earthquake,USGS,real_downloaded,33.937,-118.6676667,magnitude,2.89,"11km S of Malibu Beach, CA"
ci39914064,2021-06-02,earthquake,USGS,real_downloaded,33.8728333,-117.6941667,magnitude,1.71,"11km E of Yorba Linda, CA"
ci39914096,2021-06-02,earthquake,USGS,real_downloaded,33.8785,-118.268,magnitude,1.85,"4km ESE of Gardena, CA"
ci39914176,2021-06-02,earthquake,USGS,real_downloaded,33.8838333,-118.279,magnitude,1.55,"3km E of Gardena, CA"
ci39917920,2021-06-05,earthquake,USGS,real_downloaded,33.925,-117.7468333,magnitude,1.67,"7km ENE of Yorba Linda, CA"
ci39917984,2021-06-05,earthquake,USGS,real_downloaded,33.8761667,-117.8416667,magnitude,1.03,"3km E of Placentia, CA"
ci39920560,2021-06-05,earthquake,USGS,real_downloaded,33.8603333,-117.7271667,magnitude,1.11,"8km ESE of Yorba Linda, CA"
ci39927576,2021-06-07,earthquake,USGS,real_downloaded,33.8313333,-117.855,magnitude,1.68,"3km E of Anaheim, CA"
ci39928264,2021-06-07,earthquake,USGS,real_downloaded,33.834,-117.856,magnitude,1.79,"3km E of Anaheim, CA"
ci39929472,2021-06-08,earthquake,USGS,real_downloaded,34.2115,-118.407,magnitude,1.29,"4km ESE of Panorama City, CA"
ci39930848,2021-06-09,earthquake,USGS,real_downloaded,34.0566667,-117.7545,magnitude,1.07,"0km SSE of Pomona, CA"
ci39931016,2021-06-09,earthquake,USGS,real_downloaded,34.1431667,-118.4566667,magnitude,1.9,"1km SW of Sherman Oaks, CA"
ci39931344,2021-06-09,earthquake,USGS,real_downloaded,33.8713333,-117.8496667,magnitude,1.32,"2km E of Placentia, CA"
ci39931368,2021-06-09,earthquake,USGS,real_downloaded,33.8746667,-117.8385,magnitude,1.58,"3km WSW of Yorba Linda, CA"
ci39931688,2021-06-09,earthquake,USGS,real_downloaded,34.7041667,-118.5211667,magnitude,1.53,"8km WNW of Lake Hughes, CA"
ci39933144,2021-06-10,earthquake,USGS,real_downloaded,33.72,-118.0383333,magnitude,1.91,"5km NW of Huntington Beach, CA"
ci39933192,2021-06-10,earthquake,USGS,real_downloaded,34.1685,-118.0206667,magnitude,1.13,"3km NW of Monrovia, CA"
ci39933848,2021-06-11,earthquake,USGS,real_downloaded,33.8733333,-117.6901667,magnitude,1.79,"11km W of Corona, CA"
ci39934424,2021-06-11,earthquake,USGS,real_downloaded,33.835,-117.8415,magnitude,1.94,"4km NW of Villa Park, CA"
ci39934568,2021-06-11,earthquake,USGS,real_downloaded,34.2581667,-118.472,magnitude,1.07,"3km ESE of Granada Hills, CA"
ci39937680,2021-06-12,earthquake,USGS,real_downloaded,33.9445,-118.3681667,magnitude,1.61,"2km WNW of Lennox, CA"
ci39702375,2021-06-12,earthquake,USGS,real_downloaded,34.1151667,-117.718,magnitude,1.59,"2km N of Claremont, CA"
ci39702703,2021-06-13,earthquake,USGS,real_downloaded,33.8365,-117.8445,magnitude,1.76,"4km NW of Villa Park, CA"
ci39705279,2021-06-14,earthquake,USGS,real_downloaded,34.319,-118.4801667,magnitude,1.69,"3km WNW of Sylmar, CA"
ci39706327,2021-06-14,earthquake,USGS,real_downloaded,34.2583333,-118.4798333,magnitude,1.65,"2km SE of Granada Hills, CA"
ci39709799,2021-06-17,earthquake,USGS,real_downloaded,34.3703333,-118.6695,magnitude,1.36,"12km ESE of Piru, CA"
ci39710111,2021-06-17,earthquake,USGS,real_downloaded,33.8865,-117.6911667,magnitude,1.07,"11km E of Yorba Linda, CA"
ci39710935,2021-06-18,earthquake,USGS,real_downloaded,33.8498333,-118.442,magnitude,2.81,"4km WSW of Hermosa Beach, CA"
ci39712807,2021-06-19,earthquake,USGS,real_downloaded,34.1176667,-118.4836667,magnitude,2.02,"5km SW of Sherman Oaks, CA"
ci39713511,2021-06-20,earthquake,USGS,real_downloaded,33.9485,-118.4121667,magnitude,1.1,"3km N of El Segundo, CA"
ci39713831,2021-06-20,earthquake,USGS,real_downloaded,33.972,-118.4525,magnitude,1.08,"1km S of Marina del Rey, CA"
ci39713967,2021-06-21,earthquake,USGS,real_downloaded,33.5558333,-118.1401667,magnitude,1.92,"20km SW of Huntington Beach, CA"
ci39714023,2021-06-21,earthquake,USGS,real_downloaded,33.8365,-117.8523333,magnitude,1.07,"4km E of Anaheim, CA"
ci39716863,2021-06-24,earthquake,USGS,real_downloaded,33.9498333,-118.3946667,magnitude,3.16,"4km NNE of El Segundo, CA"
ci39716871,2021-06-24,earthquake,USGS,real_downloaded,33.9161667,-118.3921667,magnitude,1.5,"2km E of El Segundo, CA"
ci39716887,2021-06-24,earthquake,USGS,real_downloaded,33.9496667,-118.4301667,magnitude,1.37,"4km NNW of El Segundo, CA"
ci39717055,2021-06-24,earthquake,USGS,real_downloaded,34.4975,-118.3435,magnitude,1.09,"2km W of Agua Dulce, CA"
ci39717127,2021-06-24,earthquake,USGS,real_downloaded,33.8931667,-117.8498333,magnitude,1.71,"3km NE of Placentia, CA"
ci39717655,2021-06-24,earthquake,USGS,real_downloaded,33.9451667,-118.3985,magnitude,2.28,"3km NNE of El Segundo, CA"
ci39717695,2021-06-24,earthquake,USGS,real_downloaded,34.1948333,-118.559,magnitude,1.4,"2km NNW of Tarzana, CA"
ci39718415,2021-06-25,earthquake,USGS,real_downloaded,34.349,-118.4516667,magnitude,1.25,"5km N of Sylmar, CA"
ci39719047,2021-06-25,earthquake,USGS,real_downloaded,33.8851667,-117.6951667,magnitude,1.05,"11km E of Yorba Linda, CA"
ci39720911,2021-06-27,earthquake,USGS,real_downloaded,34.0368333,-118.1016667,magnitude,1.1,"3km N of Montebello, CA"
ci39722071,2021-06-28,earthquake,USGS,real_downloaded,34.1351667,-118.4651667,magnitude,1.28,"2km SW of Sherman Oaks, CA"
ci39722511,2021-06-28,earthquake,USGS,real_downloaded,34.519,-118.8293333,magnitude,2.15,"12km NNW of Piru, CA"
ci39722527,2021-06-28,earthquake,USGS,real_downloaded,34.511,-118.8311667,magnitude,1.58,"11km NNW of Piru, CA"
ci39724199,2021-06-30,earthquake,USGS,real_downloaded,34.0238333,-118.793,magnitude,1.62,"3km NE of Malibu, CA"
ci39724287,2021-06-30,earthquake,USGS,real_downloaded,33.165,-118.7131667,magnitude,2.51,"18km NW of San Clemente Is. (NW tip), CA"
ci39725663,2021-07-01,earthquake,USGS,real_downloaded,33.9961667,-118.3525,magnitude,1.18,"0km W of View Park-Windsor Hills, CA"
ci39726615,2021-07-02,earthquake,USGS,real_downloaded,33.8938333,-118.2898333,magnitude,2.16,"2km ENE of Gardena, CA"
ci39726623,2021-07-02,earthquake,USGS,real_downloaded,33.895,-118.2815,magnitude,1.49,"3km ENE of Gardena, CA"
ci39726999,2021-07-02,earthquake,USGS,real_downloaded,34.0466667,-118.2915,magnitude,1.25,"2km SW of MacArthur Park, CA"
ci39727127,2021-07-02,earthquake,USGS,real_downloaded,34.531,-118.786,magnitude,1.73,"13km N of Piru, CA"
ci39728111,2021-07-03,earthquake,USGS,real_downloaded,33.841,-117.8408333,magnitude,1.17,"4km NW of Villa Park, CA"
ci39729487,2021-07-05,earthquake,USGS,real_downloaded,34.1453333,-118.4545,magnitude,1.87,"1km SW of Sherman Oaks, CA"
ci39729495,2021-07-05,earthquake,USGS,real_downloaded,34.147,-118.4563333,magnitude,1.11,"1km WSW of Sherman Oaks, CA"
ci39730183,2021-07-05,earthquake,USGS,real_downloaded,34.531,-118.7951667,magnitude,1.02,"13km N of Piru, CA"
ci39731295,2021-07-07,earthquake,USGS,real_downloaded,34.474,-118.0505,magnitude,1.18,"7km ESE of Vincent, CA"
ci39731303,2021-07-07,earthquake,USGS,real_downloaded,33.8703333,-118.5975,magnitude,1.6,"17km W of Manhattan Beach, CA"
ci39731383,2021-07-07,earthquake,USGS,real_downloaded,33.9371667,-117.8425,magnitude,1.08,"6km ENE of Brea, CA"
ci39731911,2021-07-07,earthquake,USGS,real_downloaded,33.8698333,-117.6946667,magnitude,2.33,"11km E of Yorba Linda, CA"
ci39732119,2021-07-07,earthquake,USGS,real_downloaded,34.5478333,-118.9031667,magnitude,1.5,"17km N of Fillmore, CA"
ci39732191,2021-07-07,earthquake,USGS,real_downloaded,34.1751667,-117.9316667,magnitude,1.24,"5km NE of Bradbury, CA"
ci39734935,2021-07-09,earthquake,USGS,real_downloaded,33.8886667,-118.7246667,magnitude,2.53,"15km SSE of Malibu, CA"
ci39736975,2021-07-11,earthquake,USGS,real_downloaded,34.7741667,-118.9516667,magnitude,1.45,"5km S of Frazier Park, CA"
ci39737087,2021-07-12,earthquake,USGS,real_downloaded,33.8333333,-117.852,magnitude,1.31,"4km E of Anaheim, CA"
ci39737479,2021-07-12,earthquake,USGS,real_downloaded,34.3255,-118.4758333,magnitude,1.48,"3km NW of Sylmar, CA"
ci39973416,2021-07-13,earthquake,USGS,real_downloaded,33.8756667,-117.6933333,magnitude,1.19,"11km E of Yorba Linda, CA"
ci39975128,2021-07-14,earthquake,USGS,real_downloaded,34.2705,-118.7246667,magnitude,1.25,"1km E of Simi Valley, CA"
ci39743551,2021-07-16,earthquake,USGS,real_downloaded,33.9818333,-118.6961667,magnitude,1.57,"6km S of Malibu Beach, CA"
ci39744431,2021-07-17,earthquake,USGS,real_downloaded,33.8833333,-117.7208333,magnitude,1.66,"8km E of Yorba Linda, CA"
ci39745207,2021-07-18,earthquake,USGS,real_downloaded,33.8468333,-117.6748333,magnitude,1.36,"10km WSW of Corona, CA"
ci39746687,2021-07-20,earthquake,USGS,real_downloaded,33.838,-117.7653333,magnitude,1.67,"5km ENE of Villa Park, CA"
ci39748039,2021-07-21,earthquake,USGS,real_downloaded,34.1381667,-118.4608333,magnitude,1.13,"2km SW of Sherman Oaks, CA"
ci39748135,2021-07-21,earthquake,USGS,real_downloaded,34.1303333,-118.459,magnitude,1.22,"2km SSW of Sherman Oaks, CA"
ci39748215,2021-07-21,earthquake,USGS,real_downloaded,33.8846667,-118.2498333,magnitude,1.94,"3km WSW of Compton, CA"
ci39748975,2021-07-22,earthquake,USGS,real_downloaded,34.143,-118.4603333,magnitude,1.06,"1km SW of Sherman Oaks, CA"
ci39750215,2021-07-22,earthquake,USGS,real_downloaded,34.1436667,-118.4606667,magnitude,1.18,"1km WSW of Sherman Oaks, CA"
ci39750607,2021-07-23,earthquake,USGS,real_downloaded,33.5493333,-118.1691667,magnitude,1.59,"22km SSW of Seal Beach, CA"
ci39751039,2021-07-23,earthquake,USGS,real_downloaded,34.1426667,-118.4608333,magnitude,1.1,"1km SW of Sherman Oaks, CA"
ci39751367,2021-07-23,earthquake,USGS,real_downloaded,34.5641667,-118.922,magnitude,2.11,"18km N of Fillmore, CA"
ci39751927,2021-07-24,earthquake,USGS,real_downloaded,33.0083333,-117.742,magnitude,1.48,"40km WSW of Carlsbad, CA"
ci39753071,2021-07-26,earthquake,USGS,real_downloaded,33.9623333,-118.2163333,magnitude,1.56,"1km NNW of South Gate, CA"
ci39753911,2021-07-26,earthquake,USGS,real_downloaded,34.6018333,-118.6358333,magnitude,1.09,"13km N of Castaic, CA"
ci39755647,2021-07-28,earthquake,USGS,real_downloaded,33.9165,-117.9021667,magnitude,2.08,"0km W of Brea, CA"
ci39755807,2021-07-28,earthquake,USGS,real_downloaded,33.9173333,-117.906,magnitude,1.17,"0km W of Brea, CA"
ci39756983,2021-07-29,earthquake,USGS,real_downloaded,34.0808333,-117.879,magnitude,1.08,"2km SE of Covina, CA"
ci39757863,2021-07-30,earthquake,USGS,real_downloaded,32.9426667,-117.7371667,magnitude,2.69,"43km WSW of Encinitas, CA"
ci39761519,2021-08-02,earthquake,USGS,real_downloaded,33.7145,-118.0458333,magnitude,1.2,"5km WNW of Huntington Beach, CA"
ci39761543,2021-08-02,earthquake,USGS,real_downloaded,33.6603333,-118.4226667,magnitude,1.85,"10km SSW of Rancho Palos Verdes, CA"
ci39762695,2021-08-03,earthquake,USGS,real_downloaded,34.3533333,-118.5458333,magnitude,1.39,"8km SSW of Santa Clarita, CA"
ci39763559,2021-08-04,earthquake,USGS,real_downloaded,33.6575,-117.9371667,magnitude,1.5,"2km WSW of Costa Mesa, CA"
ci39764503,2021-08-05,earthquake,USGS,real_downloaded,34.7968333,-118.9375,magnitude,1.28,"3km SSE of Frazier Park, CA"
ci39765759,2021-08-06,earthquake,USGS,real_downloaded,33.908,-117.9378333,magnitude,1.15,"3km SSE of La Habra, CA"
ci39766591,2021-08-07,earthquake,USGS,real_downloaded,34.3888333,-118.7831667,magnitude,1.53,"3km SSE of Piru, CA"
ci39767383,2021-08-08,earthquake,USGS,real_downloaded,34.1525,-117.9358333,magnitude,1.35,"3km E of Bradbury, CA"
ci39767599,2021-08-08,earthquake,USGS,real_downloaded,34.1536667,-117.9371667,magnitude,1.19,"3km ENE of Bradbury, CA"
ci39769279,2021-08-10,earthquake,USGS,real_downloaded,33.9088333,-117.673,magnitude,1.07,"11km WNW of Corona, CA"
ci39770263,2021-08-11,earthquake,USGS,real_downloaded,33.922,-118.6556667,magnitude,1.98,"13km SSE of Malibu Beach, CA"
ci39773383,2021-08-14,earthquake,USGS,real_downloaded,33.8698333,-117.6896667,magnitude,1.49,"11km W of Corona, CA"
ci39773639,2021-08-14,earthquake,USGS,real_downloaded,34.461,-117.9701667,magnitude,1.28,"7km S of Littlerock, CA"
ci39773855,2021-08-15,earthquake,USGS,real_downloaded,33.9948333,-118.3588333,magnitude,1.33,"1km W of View Park-Windsor Hills, CA"
ci39774263,2021-08-15,earthquake,USGS,real_downloaded,34.0851667,-117.7908333,magnitude,1.09,"3km SW of La Verne, CA"
ci39775231,2021-08-17,earthquake,USGS,real_downloaded,34.0281667,-117.9543333,magnitude,1.8,"1km NNW of La Puente, CA"
ci39775439,2021-08-17,earthquake,USGS,real_downloaded,34.0873333,-118.2583333,magnitude,1.36,"1km SE of Silver Lake, CA"
ci39776279,2021-08-18,earthquake,USGS,real_downloaded,34.3991667,-118.7071667,magnitude,1.21,"8km ESE of Piru, CA"
ci40017368,2021-08-21,earthquake,USGS,real_downloaded,33.8615,-117.6626667,magnitude,1.08,"9km W of Corona, CA"
ci40017568,2021-08-22,earthquake,USGS,real_downloaded,34.4198333,-118.576,magnitude,1.31,"4km S of Valencia, CA"
ci40018024,2021-08-22,earthquake,USGS,real_downloaded,34.299,-118.4801667,magnitude,1.44,"3km WSW of Sylmar, CA"
ci40018032,2021-08-22,earthquake,USGS,real_downloaded,33.8755,-117.6951667,magnitude,1.12,"11km E of Yorba Linda, CA"
ci40018128,2021-08-22,earthquake,USGS,real_downloaded,33.475,-118.2488333,magnitude,1.92,"16km NNE of Avalon, CA"
ci40021120,2021-08-25,earthquake,USGS,real_downloaded,33.9155,-117.9103333,magnitude,1.2,"1km W of Brea, CA"
ci40023416,2021-08-26,earthquake,USGS,real_downloaded,34.074,-117.8151667,magnitude,1.12,"4km SSW of San Dimas, CA"
ci40025432,2021-08-28,earthquake,USGS,real_downloaded,32.9655,-117.7055,magnitude,2.12,"39km WSW of Encinitas, CA"
ci40025728,2021-08-28,earthquake,USGS,real_downloaded,33.754,-117.9455,magnitude,1.82,"3km SSE of Garden Grove, CA"
ci40025864,2021-08-29,earthquake,USGS,real_downloaded,34.449,-117.8948333,magnitude,1.08,"6km SSE of Pearblossom, CA"
ci40025880,2021-08-29,earthquake,USGS,real_downloaded,34.4538333,-117.8978333,magnitude,1.37,"6km S of Pearblossom, CA"
ci40025968,2021-08-29,earthquake,USGS,real_downloaded,34.4501667,-117.8945,magnitude,1.45,"6km SSE of Pearblossom, CA"
ci40026184,2021-08-29,earthquake,USGS,real_downloaded,34.4506667,-117.8981667,magnitude,1.52,"6km S of Pearblossom, CA"
ci40026192,2021-08-29,earthquake,USGS,real_downloaded,34.4523333,-117.8951667,magnitude,1.07,"6km SSE of Pearblossom, CA"
ci40026272,2021-08-29,earthquake,USGS,real_downloaded,34.448,-117.8965,magnitude,1.44,"7km S of Pearblossom, CA"
ci40026288,2021-08-29,earthquake,USGS,real_downloaded,34.4503333,-117.8956667,magnitude,1.39,"6km S of Pearblossom, CA"
ci40026344,2021-08-29,earthquake,USGS,real_downloaded,34.4501667,-117.8968333,magnitude,1.29,"6km S of Pearblossom, CA"
ci37348948,2021-08-29,earthquake,USGS,real_downloaded,34.4506667,-117.8971667,magnitude,1.29,"6km S of Pearblossom, CA"
ci40026464,2021-08-29,earthquake,USGS,real_downloaded,34.454,-117.898,magnitude,1.38,"6km S of Pearblossom, CA"
ci40026520,2021-08-29,earthquake,USGS,real_downloaded,34.4495,-117.8921667,magnitude,1.13,"6km SSE of Pearblossom, CA"
ci40026992,2021-08-30,earthquake,USGS,real_downloaded,34.119,-118.2875,magnitude,1.83,"4km NW of Silver Lake, CA"
ci40027936,2021-08-31,earthquake,USGS,real_downloaded,33.842,-118.4523333,magnitude,1.2,"5km WSW of Hermosa Beach, CA"
ci40027960,2021-08-31,earthquake,USGS,real_downloaded,33.9663333,-118.3933333,magnitude,1.08,"4km WNW of Inglewood, CA"
ci40028888,2021-09-01,earthquake,USGS,real_downloaded,34.0603333,-118.4071667,magnitude,1.48,"1km ENE of Century City, CA"
ci40029560,2021-09-01,earthquake,USGS,real_downloaded,33.8861667,-117.6998333,magnitude,1.26,"10km E of Yorba Linda, CA"
ci40029696,2021-09-02,earthquake,USGS,real_downloaded,33.6635,-118.0353333,magnitude,1.33,"5km SW of Huntington Beach, CA"
ci40030248,2021-09-02,earthquake,USGS,real_downloaded,34.0003333,-118.8138333,magnitude,1.89,"1km SSW of Malibu, CA"
ci40030800,2021-09-03,earthquake,USGS,real_downloaded,34.6103333,-118.6343333,magnitude,1.03,"14km N of Castaic, CA"
ci40032032,2021-09-04,earthquake,USGS,real_downloaded,33.315,-117.9618333,magnitude,1.69,"30km SW of Dana Point, CA"
ci40032080,2021-09-04,earthquake,USGS,real_downloaded,33.3106667,-117.9616667,magnitude,1.41,"30km SW of Dana Point, CA"
ci40032168,2021-09-04,earthquake,USGS,real_downloaded,33.9701667,-118.3506667,magnitude,1.73,"2km NNW of Inglewood, CA"
ci40032520,2021-09-04,earthquake,USGS,real_downloaded,33.3113333,-117.961,magnitude,2.05,"30km SW of Dana Point, CA"
ci40032584,2021-09-04,earthquake,USGS,real_downloaded,33.7656667,-118.2828333,magnitude,1.49,"3km NNE of San Pedro, CA"
ci40032784,2021-09-04,earthquake,USGS,real_downloaded,34.77,-118.9503333,magnitude,1.6,"6km S of Frazier Park, CA"
ci40033536,2021-09-05,earthquake,USGS,real_downloaded,33.294,-118.1198333,magnitude,1.46,"20km ESE of Avalon, CA"
ci40033640,2021-09-05,earthquake,USGS,real_downloaded,34.0038333,-118.0091667,magnitude,1.65,"4km NE of Whittier, CA"
ci40034256,2021-09-06,earthquake,USGS,real_downloaded,33.9521667,-117.9225,magnitude,1.0,"3km ESE of La Habra Heights, CA"
ci40034280,2021-09-06,earthquake,USGS,real_downloaded,34.4641667,-117.963,magnitude,1.08,"7km SSE of Littlerock, CA"
ci40034656,2021-09-06,earthquake,USGS,real_downloaded,33.986,-118.6748333,magnitude,2.8,"5km SSE of Malibu Beach, CA"
ci40036400,2021-09-08,earthquake,USGS,real_downloaded,34.1736667,-118.056,magnitude,1.25,"1km NNW of Sierra Madre, CA"
ci39804159,2021-09-10,earthquake,USGS,real_downloaded,34.4628333,-117.9656667,magnitude,1.21,"7km SSE of Littlerock, CA"
ci39805055,2021-09-11,earthquake,USGS,real_downloaded,34.1286667,-117.7771667,magnitude,2.59,"3km NNW of La Verne, CA"
ci39805535,2021-09-11,earthquake,USGS,real_downloaded,34.1246667,-117.7808333,magnitude,1.07,"3km NNW of La Verne, CA"
ci39806303,2021-09-12,earthquake,USGS,real_downloaded,33.8278333,-118.2628333,magnitude,1.47,"2km ESE of Carson, CA"
ci39806839,2021-09-13,earthquake,USGS,real_downloaded,34.1818333,-118.0656667,magnitude,1.16,"2km NNW of Sierra Madre, CA"
ci39807135,2021-09-13,earthquake,USGS,real_downloaded,34.2278333,-118.8976667,magnitude,3.62,"5km NNW of Thousand Oaks, CA"
ci39807159,2021-09-13,earthquake,USGS,real_downloaded,34.2353333,-118.9156667,magnitude,1.33,"6km NW of Thousand Oaks, CA"
ci39807447,2021-09-13,earthquake,USGS,real_downloaded,34.1735,-117.9221667,magnitude,1.37,"5km NNW of Azusa, CA"
ci39807959,2021-09-14,earthquake,USGS,real_downloaded,34.239,-118.931,magnitude,1.07,"7km SW of Moorpark, CA"
ci39808847,2021-09-15,earthquake,USGS,real_downloaded,34.2965,-118.4341667,magnitude,2.88,"1km NNE of San Fernando, CA"
ci39809111,2021-09-15,earthquake,USGS,real_downloaded,34.2943333,-118.4505,magnitude,1.18,"1km NW of San Fernando, CA"
ci39809255,2021-09-15,earthquake,USGS,real_downloaded,34.5081667,-118.6195,magnitude,1.18,"2km N of Castaic, CA"
ci39809303,2021-09-15,earthquake,USGS,real_downloaded,34.4411667,-117.9455,magnitude,2.29,"8km SSW of Pearblossom, CA"
ci39809703,2021-09-15,earthquake,USGS,real_downloaded,33.112,-117.6605,magnitude,1.59,"29km WSW of Camp Pendleton South, CA"
ci39810239,2021-09-16,earthquake,USGS,real_downloaded,34.243,-118.9085,magnitude,1.22,"5km SSW of Moorpark, CA"
ci39811999,2021-09-17,earthquake,USGS,real_downloaded,33.858,-117.6545,magnitude,1.39,"8km W of Corona, CA"
ci39812319,2021-09-18,earthquake,USGS,real_downloaded,33.8313333,-118.2636667,magnitude,4.28,"2km E of Carson, CA"
ci39812327,2021-09-18,earthquake,USGS,real_downloaded,33.824,-118.2765,magnitude,1.26,"1km SSE of Carson, CA"
ci39812343,2021-09-18,earthquake,USGS,real_downloaded,33.828,-118.268,magnitude,1.28,"1km ESE of Carson, CA"
ci39812479,2021-09-18,earthquake,USGS,real_downloaded,33.8261667,-118.264,magnitude,2.79,"2km ESE of Carson, CA"
ci39812567,2021-09-18,earthquake,USGS,real_downloaded,34.3593333,-118.4658333,magnitude,1.42,"6km NNW of Sylmar, CA"
ci39812871,2021-09-18,earthquake,USGS,real_downloaded,33.8183333,-118.34,magnitude,1.46,"2km S of Torrance, CA"
ci39813327,2021-09-19,earthquake,USGS,real_downloaded,33.8213333,-118.2665,magnitude,2.0,"2km SE of Carson, CA"
ci39813487,2021-09-19,earthquake,USGS,real_downloaded,33.83,-118.277,magnitude,2.46,"0km ESE of Carson, CA"
ci39813815,2021-09-20,earthquake,USGS,real_downloaded,34.4805,-118.6318333,magnitude,1.3,"1km SW of Castaic, CA"
ci37480997,2021-09-20,earthquake,USGS,real_downloaded,34.4831667,-118.6571667,magnitude,1.24,"3km WSW of Castaic, CA"
ci39813823,2021-09-20,earthquake,USGS,real_downloaded,34.4828333,-118.641,magnitude,1.42,"2km WSW of Castaic, CA"
ci39813895,2021-09-20,earthquake,USGS,real_downloaded,34.0458333,-118.9263333,magnitude,1.55,"12km WNW of Malibu, CA"
ci39814567,2021-09-21,earthquake,USGS,real_downloaded,33.8303333,-118.2651667,magnitude,1.64,"2km E of Carson, CA"
ci39814607,2021-09-21,earthquake,USGS,real_downloaded,33.831,-118.2776667,magnitude,1.33,"0km E of Carson, CA"
ci39817815,2021-09-24,earthquake,USGS,real_downloaded,33.8293333,-118.271,magnitude,2.64,"1km ESE of Carson, CA"
ci39817903,2021-09-24,earthquake,USGS,real_downloaded,33.8356667,-118.268,magnitude,1.38,"1km ENE of Carson, CA"
ci39818487,2021-09-24,earthquake,USGS,real_downloaded,33.707,-118.2261667,magnitude,1.93,"7km ESE of San Pedro, CA"
ci39818791,2021-09-25,earthquake,USGS,real_downloaded,34.383,-117.698,magnitude,1.81,"6km WNW of Wrightwood, CA"
ci39818823,2021-09-25,earthquake,USGS,real_downloaded,34.2323333,-118.2081667,magnitude,1.19,"2km E of La Crescenta-Montrose, CA"
ci39819871,2021-09-26,earthquake,USGS,real_downloaded,34.1481667,-118.5398333,magnitude,1.35,"3km SSE of Tarzana, CA"
ci39820671,2021-09-27,earthquake,USGS,real_downloaded,33.8343333,-118.2636667,magnitude,1.51,"2km E of Carson, CA"
ci37481525,2021-09-28,earthquake,USGS,real_downloaded,34.1456667,-118.4903333,magnitude,1.23,"2km SSE of Encino, CA"
ci39820775,2021-09-28,earthquake,USGS,real_downloaded,34.1496667,-118.4863333,magnitude,1.15,"2km SE of Encino, CA"
ci39820943,2021-09-28,earthquake,USGS,real_downloaded,33.8276667,-118.2811667,magnitude,1.89,"0km S of Carson, CA"
ci40060016,2021-09-30,earthquake,USGS,real_downloaded,34.2951667,-117.6856667,magnitude,1.11,"9km SSW of Wrightwood, CA"
ci40060128,2021-10-01,earthquake,USGS,real_downloaded,34.5141667,-118.574,magnitude,1.38,"5km ENE of Castaic, CA"
ci40060688,2021-10-01,earthquake,USGS,real_downloaded,34.4905,-118.828,magnitude,1.57,"9km NNW of Piru, CA"
ci37481757,2021-10-01,earthquake,USGS,real_downloaded,34.4778333,-118.8055,magnitude,1.66,"7km N of Piru, CA"
ci40061152,2021-10-02,earthquake,USGS,real_downloaded,34.5266667,-118.1233333,magnitude,1.07,"3km NNW of Vincent, CA"
ci40061232,2021-10-02,earthquake,USGS,real_downloaded,33.8316667,-118.2616667,magnitude,1.78,"2km E of Carson, CA"
ci40061408,2021-10-02,earthquake,USGS,real_downloaded,33.8341667,-118.2511667,magnitude,1.35,"3km E of Carson, CA"
ci40061584,2021-10-02,earthquake,USGS,real_downloaded,34.489,-118.8171667,magnitude,1.16,"8km NNW of Piru, CA"
ci40062192,2021-10-04,earthquake,USGS,real_downloaded,33.9113333,-117.7741667,magnitude,1.34,"4km NE of Yorba Linda, CA"
ci40063288,2021-10-05,earthquake,USGS,real_downloaded,33.0093333,-117.7336667,magnitude,1.75,"39km WSW of Carlsbad, CA"
ci40063904,2021-10-05,earthquake,USGS,real_downloaded,34.3328333,-117.8683333,magnitude,1.05,"19km SSW of Llano, CA"
ci40065576,2021-10-08,earthquake,USGS,real_downloaded,33.8306667,-118.2768333,magnitude,1.64,"0km E of Carson, CA"
ci40066392,2021-10-09,earthquake,USGS,real_downloaded,34.065,-118.1653333,magnitude,1.1,"4km N of East Los Angeles, CA"
ci40066704,2021-10-10,earthquake,USGS,real_downloaded,33.9138333,-117.897,magnitude,1.18,"0km SE of Brea, CA"
ci40067488,2021-10-11,earthquake,USGS,real_downloaded,33.9296667,-117.8023333,magnitude,1.0,"5km NNE of Yorba Linda, CA"
ci40067504,2021-10-11,earthquake,USGS,real_downloaded,34.511,-118.8001667,magnitude,1.17,"11km N of Piru, CA"
ci40067640,2021-10-11,earthquake,USGS,real_downloaded,33.7021667,-118.2181667,magnitude,1.74,"8km ESE of San Pedro, CA"
ci40068880,2021-10-13,earthquake,USGS,real_downloaded,33.7998333,-118.136,magnitude,1.39,"2km ESE of Long Beach, CA"
ci39834415,2021-10-15,earthquake,USGS,real_downloaded,33.7923333,-117.8318333,magnitude,1.25,"1km S of Orange, CA"
ci39834671,2021-10-15,earthquake,USGS,real_downloaded,34.3025,-118.4413333,magnitude,1.52,"1km SE of Sylmar, CA"
ci39834703,2021-10-15,earthquake,USGS,real_downloaded,34.3025,-118.4388333,magnitude,1.77,"1km SE of Sylmar, CA"
ci39835207,2021-10-16,earthquake,USGS,real_downloaded,34.0725,-117.8096667,magnitude,1.06,"4km S of San Dimas, CA"
ci39836087,2021-10-17,earthquake,USGS,real_downloaded,34.6378333,-118.5751667,magnitude,1.4,"13km WSW of Lake Hughes, CA"
ci39836223,2021-10-17,earthquake,USGS,real_downloaded,33.9948333,-118.1596667,magnitude,1.75,"1km S of Commerce, CA"
ci39836271,2021-10-18,earthquake,USGS,real_downloaded,34.639,-118.575,magnitude,1.26,"13km WSW of Lake Hughes, CA"
ci39839095,2021-10-21,earthquake,USGS,real_downloaded,34.4941667,-118.8078333,magnitude,1.27,"9km N of Piru, CA"
ci39839359,2021-10-21,earthquake,USGS,real_downloaded,34.0031667,-118.3568333,magnitude,2.39,"1km NW of View Park-Windsor Hills, CA"
ci39840159,2021-10-22,earthquake,USGS,real_downloaded,33.8276667,-118.2465,magnitude,1.2,"3km E of Carson, CA"
ci39840287,2021-10-22,earthquake,USGS,real_downloaded,34.2588333,-118.721,magnitude,1.68,"2km SE of Simi Valley, CA"
ci39840839,2021-10-23,earthquake,USGS,real_downloaded,34.6413333,-118.5726667,magnitude,1.76,"12km WSW of Lake Hughes, CA"
ci39840991,2021-10-23,earthquake,USGS,real_downloaded,33.836,-118.2693333,magnitude,1.49,"1km ENE of Carson, CA"
ci39840999,2021-10-24,earthquake,USGS,real_downloaded,34.642,-118.5708333,magnitude,1.82,"12km WSW of Lake Hughes, CA"
ci39841063,2021-10-24,earthquake,USGS,real_downloaded,34.052,-118.935,magnitude,1.73,"13km WNW of Malibu, CA"
ci39841223,2021-10-24,earthquake,USGS,real_downloaded,34.0168333,-118.1973333,magnitude,3.61,"3km WSW of East Los Angeles, CA"
ci39841231,2021-10-24,earthquake,USGS,real_downloaded,34.0096667,-118.2148333,magnitude,1.2,"3km NNE of Huntington Park, CA"
ci39841255,2021-10-24,earthquake,USGS,real_downloaded,34.0163333,-118.1963333,magnitude,1.99,"3km WSW of East Los Angeles, CA"
ci37483085,2021-10-24,earthquake,USGS,real_downloaded,34.031,-118.2333333,magnitude,1.17,"3km SSE of Los Angeles, CA"
ci39841263,2021-10-24,earthquake,USGS,real_downloaded,34.0236667,-118.2293333,magnitude,1.34,"4km SSE of Los Angeles, CA"
ci39841551,2021-10-25,earthquake,USGS,real_downloaded,34.3055,-118.4955,magnitude,1.17,"4km N of Granada Hills, CA"
ci39841615,2021-10-25,earthquake,USGS,real_downloaded,34.084,-118.284,magnitude,1.3,"2km WSW of Silver Lake, CA"
ci39843687,2021-10-29,earthquake,USGS,real_downloaded,34.0216667,-118.2125,magnitude,1.35,"4km WSW of East Los Angeles, CA"
ci39843703,2021-10-29,earthquake,USGS,real_downloaded,33.8791667,-118.3336667,magnitude,1.65,"2km ESE of Lawndale, CA"
ci39843711,2021-10-29,earthquake,USGS,real_downloaded,34.334,-118.4436667,magnitude,1.6,"3km N of Sylmar, CA"
ci39844679,2021-10-30,earthquake,USGS,real_downloaded,34.117,-117.958,magnitude,1.08,"2km WNW of Irwindale, CA"
ci39844719,2021-10-30,earthquake,USGS,real_downloaded,34.0115,-118.3483333,magnitude,1.47,"2km N of View Park-Windsor Hills, CA"
ci39844775,2021-10-30,earthquake,USGS,real_downloaded,33.8318333,-117.8641667,magnitude,1.58,"2km ESE of Anaheim, CA"
ci39844983,2021-10-30,earthquake,USGS,real_downloaded,33.8265,-117.8698333,magnitude,1.56,"2km ESE of Anaheim, CA"
ci39845703,2021-10-31,earthquake,USGS,real_downloaded,34.1306667,-118.4625,magnitude,1.55,"2km SSW of Sherman Oaks, CA"
ci39845823,2021-10-31,earthquake,USGS,real_downloaded,34.781,-118.928,magnitude,1.31,"5km SSE of Frazier Park, CA"
ci39845895,2021-11-01,earthquake,USGS,real_downloaded,33.5631667,-118.3385,magnitude,1.46,"20km SSW of San Pedro, CA"
ci39846895,2021-11-02,earthquake,USGS,real_downloaded,33.6581667,-118.4443333,magnitude,2.07,"11km SSW of Rancho Palos Verdes, CA"
ci39847063,2021-11-02,earthquake,USGS,real_downloaded,33.8973333,-117.7251667,magnitude,1.22,"8km E of Yorba Linda, CA"
ci39847415,2021-11-03,earthquake,USGS,real_downloaded,34.0725,-118.835,magnitude,2.47,"8km NNW of Malibu, CA"
ci39848663,2021-11-04,earthquake,USGS,real_downloaded,34.1311667,-118.4586667,magnitude,1.23,"2km SSW of Sherman Oaks, CA"
ci39849087,2021-11-04,earthquake,USGS,real_downloaded,34.2445,-118.5903333,magnitude,1.41,"2km SE of Chatsworth, CA"
ci39849095,2021-11-04,earthquake,USGS,real_downloaded,34.2391667,-118.582,magnitude,1.33,"3km SE of Chatsworth, CA"
ci39849183,2021-11-04,earthquake,USGS,real_downloaded,34.2348333,-118.5953333,magnitude,1.56,"2km SSE of Chatsworth, CA"
ci39849903,2021-11-05,earthquake,USGS,real_downloaded,32.8538333,-118.4495,magnitude,3.06,"10km WNW of San Clemente Is. (SE tip), CA"
ci39850079,2021-11-05,earthquake,USGS,real_downloaded,33.9808333,-118.348,magnitude,1.01,"2km S of View Park-Windsor Hills, CA"
ci39850423,2021-11-06,earthquake,USGS,real_downloaded,33.9728333,-118.7861667,magnitude,1.49,"4km SSE of Malibu, CA"
ci39850431,2021-11-06,earthquake,USGS,real_downloaded,34.065,-117.7956667,magnitude,1.3,"4km W of Pomona, CA"
ci39850623,2021-11-06,earthquake,USGS,real_downloaded,34.018,-118.2038333,magnitude,1.76,"4km WSW of East Los Angeles, CA"
ci39850887,2021-11-07,earthquake,USGS,real_downloaded,34.5341667,-118.1283333,magnitude,1.25,"4km NNW of Vincent, CA"
ci39851855,2021-11-08,earthquake,USGS,real_downloaded,33.8698333,-118.2826667,magnitude,1.4,"3km SE of Gardena, CA"
ci39852431,2021-11-08,earthquake,USGS,real_downloaded,34.4868333,-118.5688333,magnitude,1.04,"4km N of Valencia, CA"
ci39853839,2021-11-10,earthquake,USGS,real_downloaded,34.303,-118.4428333,magnitude,1.61,"1km SE of Sylmar, CA"
ci40093544,2021-11-11,earthquake,USGS,real_downloaded,34.0945,-117.823,magnitude,1.19,"2km SW of San Dimas, CA"
ci40094136,2021-11-12,earthquake,USGS,real_downloaded,34.0633333,-117.8006667,magnitude,1.64,"4km NNE of Diamond Bar, CA"
ci40095320,2021-11-13,earthquake,USGS,real_downloaded,34.065,-117.7971667,magnitude,2.23,"4km W of Pomona, CA"
ci40097096,2021-11-15,earthquake,USGS,real_downloaded,33.8098333,-117.7143333,magnitude,1.4,"9km NE of North Tustin, CA"
ci40098792,2021-11-16,earthquake,USGS,real_downloaded,34.1188333,-118.4905,magnitude,1.09,"5km S of Encino, CA"
ci40100760,2021-11-18,earthquake,USGS,real_downloaded,33.699,-118.227,magnitude,1.69,"7km SE of San Pedro, CA"
ci40100912,2021-11-18,earthquake,USGS,real_downloaded,33.7115,-118.2246667,magnitude,1.79,"7km ESE of San Pedro, CA"
ci40100976,2021-11-18,earthquake,USGS,real_downloaded,32.83,-118.4213333,magnitude,2.48,"7km W of San Clemente Is. (SE tip), CA"
ci39862719,2021-11-18,earthquake,USGS,real_downloaded,34.0861667,-117.8128333,magnitude,1.54,"2km SSW of San Dimas, CA"
ci39863951,2021-11-19,earthquake,USGS,real_downloaded,33.882,-118.323,magnitude,1.13,"2km WSW of Gardena, CA"
ci39864295,2021-11-19,earthquake,USGS,real_downloaded,34.6338333,-118.5738333,magnitude,1.12,"13km WSW of Lake Hughes, CA"
ci39864807,2021-11-20,earthquake,USGS,real_downloaded,34.3166667,-118.4783333,magnitude,1.58,"3km WNW of Sylmar, CA"
ci39865071,2021-11-20,earthquake,USGS,real_downloaded,34.794,-118.949,magnitude,2.22,"3km S of Frazier Park, CA"
ci39865407,2021-11-20,earthquake,USGS,real_downloaded,33.5065,-118.2641667,magnitude,2.06,"19km NNE of Avalon, CA"
ci39866207,2021-11-21,earthquake,USGS,real_downloaded,34.0921667,-118.2156667,magnitude,1.49,"4km SSW of Highland Park, CA"
ci39866271,2021-11-21,earthquake,USGS,real_downloaded,33.8238333,-117.708,magnitude,1.0,"10km E of Villa Park, CA"
ci39866767,2021-11-22,earthquake,USGS,real_downloaded,34.3285,-118.5023333,magnitude,1.28,"6km WNW of Sylmar, CA"
ci39867015,2021-11-22,earthquake,USGS,real_downloaded,33.7776667,-118.1555,magnitude,1.46,"3km S of Long Beach, CA"
ci39868231,2021-11-23,earthquake,USGS,real_downloaded,34.2326667,-118.9071667,magnitude,1.31,"6km NNW of Thousand Oaks, CA"
ci39870623,2021-11-26,earthquake,USGS,real_downloaded,34.2828333,-118.4366667,magnitude,2.31,"0km SSE of San Fernando, CA"
ci39871535,2021-11-27,earthquake,USGS,real_downloaded,33.8296667,-118.2598333,magnitude,1.73,"2km E of Carson, CA"
ci39871751,2021-11-27,earthquake,USGS,real_downloaded,34.0298333,-118.3723333,magnitude,1.4,"2km ENE of Culver City, CA"
ci39872727,2021-11-28,earthquake,USGS,real_downloaded,33.9996667,-118.3611667,magnitude,1.58,"1km ESE of Baldwin Hills, CA"
ci39872767,2021-11-28,earthquake,USGS,real_downloaded,34.4608333,-117.9645,magnitude,1.08,"7km SSE of Littlerock, CA"
ci39872831,2021-11-28,earthquake,USGS,real_downloaded,33.8345,-118.2681667,magnitude,1.24,"1km ENE of Carson, CA"
ci39875463,2021-12-01,earthquake,USGS,real_downloaded,33.7786667,-118.095,magnitude,1.53,"1km SW of Rossmoor, CA"
ci39877207,2021-12-03,earthquake,USGS,real_downloaded,34.3118333,-118.4485,magnitude,1.05,"0km N of Sylmar, CA"
ci39877319,2021-12-03,earthquake,USGS,real_downloaded,33.8743333,-117.686,magnitude,1.56,"11km W of Corona, CA"
ci39878095,2021-12-04,earthquake,USGS,real_downloaded,34.2221667,-117.9311667,magnitude,1.25,"9km NNE of Bradbury, CA"
ci39878119,2021-12-04,earthquake,USGS,real_downloaded,34.2278333,-117.9345,magnitude,2.19,"10km NNE of Bradbury, CA"
ci39879087,2021-12-04,earthquake,USGS,real_downloaded,33.7763333,-118.3573333,magnitude,1.13,"1km S of Rolling Hills Estates, CA"
ci39880231,2021-12-06,earthquake,USGS,real_downloaded,34.465,-118.004,magnitude,1.4,"6km SSW of Littlerock, CA"
ci39882639,2021-12-08,earthquake,USGS,real_downloaded,34.7881667,-118.9498333,magnitude,1.41,"4km S of Frazier Park, CA"
ci39882727,2021-12-08,earthquake,USGS,real_downloaded,34.078,-118.2975,magnitude,1.38,"3km NW of MacArthur Park, CA"
ci39885431,2021-12-11,earthquake,USGS,real_downloaded,33.9323333,-118.2855,magnitude,1.26,"3km WNW of Willowbrook, CA"
ci39886151,2021-12-12,earthquake,USGS,real_downloaded,34.0618333,-117.7951667,magnitude,1.18,"4km W of Pomona, CA"
ci39886239,2021-12-12,earthquake,USGS,real_downloaded,33.7856667,-117.8486667,magnitude,1.3,"2km SW of Orange, CA"
ci39886335,2021-12-13,earthquake,USGS,real_downloaded,34.3835,-118.606,magnitude,1.21,"8km SSW of Valencia, CA"
ci39886591,2021-12-13,earthquake,USGS,real_downloaded,33.7055,-118.2256667,magnitude,1.87,"7km ESE of San Pedro, CA"
ci40128048,2021-12-15,earthquake,USGS,real_downloaded,33.792,-117.8225,magnitude,2.34,"2km SE of Orange, CA"
ci40128144,2021-12-15,earthquake,USGS,real_downloaded,33.9715,-118.5065,magnitude,1.49,"5km W of Marina del Rey, CA"
ci40128224,2021-12-15,earthquake,USGS,real_downloaded,33.7823333,-117.852,magnitude,1.24,"3km SW of Orange, CA"
ci40129480,2021-12-17,earthquake,USGS,real_downloaded,33.7133333,-118.2833333,magnitude,1.47,"3km SSE of San Pedro, CA"
ci40131168,2021-12-19,earthquake,USGS,real_downloaded,34.0755,-117.8263333,magnitude,2.45,"4km SSE of Charter Oak, CA"
ci39893215,2021-12-22,earthquake,USGS,real_downloaded,34.792,-118.9306667,magnitude,1.18,"4km SSE of Frazier Park, CA"
ci39896383,2021-12-25,earthquake,USGS,real_downloaded,34.5191667,-118.9071667,magnitude,1.41,"13km N of Fillmore, CA"
ci39896399,2021-12-25,earthquake,USGS,real_downloaded,34.7196667,-118.5576667,magnitude,1.92,"8km SE of Neenach, CA"
ci39896439,2021-12-26,earthquake,USGS,real_downloaded,33.8971667,-118.712,magnitude,2.76,"15km SE of Malibu, CA"
ci39896583,2021-12-26,earthquake,USGS,real_downloaded,33.9268333,-117.8803333,magnitude,1.21,"2km ENE of Brea, CA"
ci39897095,2021-12-27,earthquake,USGS,real_downloaded,33.91,-118.7145,magnitude,1.95,"14km SE of Malibu, CA"
ci39897103,2021-12-27,earthquake,USGS,real_downloaded,33.9008333,-118.7108333,magnitude,2.28,"15km SE of Malibu, CA"
ci39898383,2021-12-29,earthquake,USGS,real_downloaded,33.8256667,-118.2405,magnitude,1.42,"4km E of Carson, CA"
ci39898607,2021-12-29,earthquake,USGS,real_downloaded,33.8181667,-118.2601667,magnitude,2.12,"2km SE of Carson, CA"
ci39898671,2021-12-29,earthquake,USGS,real_downloaded,34.7051667,-118.5188333,magnitude,1.72,"7km WNW of Lake Hughes, CA"
ci39898679,2021-12-29,earthquake,USGS,real_downloaded,33.5525,-118.1805,magnitude,1.8,"22km SSW of Seal Beach, CA"
ci39898767,2021-12-30,earthquake,USGS,real_downloaded,33.8146667,-118.2603333,magnitude,2.03,"3km SE of Carson, CA"
ci39898775,2021-12-30,earthquake,USGS,real_downloaded,33.8143333,-118.2573333,magnitude,2.16,"3km SE of Carson, CA"
ci39899687,2021-12-31,earthquake,USGS,real_downloaded,33.9938333,-118.4373333,magnitude,1.13,"2km NE of Marina del Rey, CA"
ci39900671,2022-01-01,earthquake,USGS,real_downloaded,34.2146667,-118.6741667,magnitude,1.37,"3km NW of West Hills, CA"
ci39900927,2022-01-02,earthquake,USGS,real_downloaded,33.8093333,-118.2695,magnitude,1.21,"3km SSE of Carson, CA"
ci39901087,2022-01-02,earthquake,USGS,real_downloaded,33.785,-117.835,magnitude,1.28,"2km S of Orange, CA"
ci39902231,2022-01-03,earthquake,USGS,real_downloaded,34.506,-118.7636667,magnitude,1.47,"10km NNE of Piru, CA"
ci39904071,2022-01-06,earthquake,USGS,real_downloaded,33.4416667,-117.6465,magnitude,1.25,"4km WNW of San Clemente, CA"
ci39904639,2022-01-07,earthquake,USGS,real_downloaded,33.5926667,-118.2873333,magnitude,2.35,"16km S of San Pedro, CA"
ci39904655,2022-01-07,earthquake,USGS,real_downloaded,33.5621667,-118.3106667,magnitude,2.49,"19km S of San Pedro, CA"
ci39905359,2022-01-07,earthquake,USGS,real_downloaded,33.8256667,-118.2553333,magnitude,1.71,"2km ESE of Carson, CA"
ci39905415,2022-01-08,earthquake,USGS,real_downloaded,34.0698333,-117.7995,magnitude,1.65,"4km WNW of Pomona, CA"
ci39905439,2022-01-08,earthquake,USGS,real_downloaded,34.252,-118.4178333,magnitude,1.0,"1km S of Pacoima, CA"
ci39905807,2022-01-08,earthquake,USGS,real_downloaded,34.5241667,-118.8328333,magnitude,1.62,"13km NNW of Piru, CA"
ci39906655,2022-01-09,earthquake,USGS,real_downloaded,33.561,-118.2926667,magnitude,1.83,"19km S of San Pedro, CA"
ci39906727,2022-01-09,earthquake,USGS,real_downloaded,33.8178333,-118.2643333,magnitude,1.59,"2km SE of Carson, CA"
ci39908399,2022-01-11,earthquake,USGS,real_downloaded,33.9876667,-118.4711667,magnitude,1.75,"2km WNW of Marina del Rey, CA"
ci39908511,2022-01-11,earthquake,USGS,real_downloaded,33.8261667,-118.2621667,magnitude,1.35,"2km ESE of Carson, CA"
ci39908519,2022-01-11,earthquake,USGS,real_downloaded,33.8083333,-118.2685,magnitude,2.83,"3km SSE of Carson, CA"
ci39908527,2022-01-11,earthquake,USGS,real_downloaded,33.8301667,-118.2806667,magnitude,1.51,"0km SE of Carson, CA"
ci39908535,2022-01-11,earthquake,USGS,real_downloaded,33.8181667,-118.247,magnitude,1.83,"4km ESE of Carson, CA"
ci39908575,2022-01-11,earthquake,USGS,real_downloaded,33.8301667,-118.2716667,magnitude,1.05,"1km E of Carson, CA"
ci39908647,2022-01-11,earthquake,USGS,real_downloaded,33.8201667,-118.2711667,magnitude,1.53,"2km SE of Carson, CA"
ci39908679,2022-01-11,earthquake,USGS,real_downloaded,33.9396667,-118.3768333,magnitude,1.47,"2km W of Lennox, CA"
ci39908695,2022-01-11,earthquake,USGS,real_downloaded,33.8123333,-118.2528333,magnitude,2.52,"3km SE of Carson, CA"
ci39909399,2022-01-12,earthquake,USGS,real_downloaded,33.8186667,-118.2505,magnitude,1.93,"3km ESE of Carson, CA"
ci39909423,2022-01-12,earthquake,USGS,real_downloaded,33.9376667,-118.6673333,magnitude,2.2,"11km S of Malibu Beach, CA"
ci39912015,2022-01-14,earthquake,USGS,real_downloaded,34.011,-118.4465,magnitude,1.06,"3km N of Marina del Rey, CA"
ci39912023,2022-01-14,earthquake,USGS,real_downloaded,33.8251667,-118.2596667,magnitude,1.53,"2km ESE of Carson, CA"
ci39912479,2022-01-14,earthquake,USGS,real_downloaded,34.255,-118.902,magnitude,1.4,"4km SSW of Moorpark, CA"
ci39913063,2022-01-15,earthquake,USGS,real_downloaded,33.9113333,-117.9298333,magnitude,1.3,"3km SSE of La Habra, CA"
ci39913295,2022-01-15,earthquake,USGS,real_downloaded,34.256,-118.8986667,magnitude,1.66,"4km SSW of Moorpark, CA"
ci39913327,2022-01-15,earthquake,USGS,real_downloaded,33.961,-117.7458333,magnitude,1.02,"4km SSE of Chino Hills, CA"
ci39913391,2022-01-15,earthquake,USGS,real_downloaded,34.295,-117.684,magnitude,1.28,"9km SSW of Wrightwood, CA"
ci39914591,2022-01-17,earthquake,USGS,real_downloaded,33.8178333,-118.2535,magnitude,2.32,"3km ESE of Carson, CA"
ci39915207,2022-01-18,earthquake,USGS,real_downloaded,33.5421667,-118.1601667,magnitude,1.99,"22km SW of Huntington Beach, CA"
ci39915719,2022-01-18,earthquake,USGS,real_downloaded,34.012,-118.2186667,magnitude,1.32,"3km N of Huntington Park, CA"
ci39916111,2022-01-18,earthquake,USGS,real_downloaded,33.8341667,-118.275,magnitude,1.55,"1km ENE of Carson, CA"
ci39916359,2022-01-19,earthquake,USGS,real_downloaded,33.8336667,-118.2693333,magnitude,1.14,"1km ENE of Carson, CA"
ci39916391,2022-01-19,earthquake,USGS,real_downloaded,33.9558333,-118.3718333,magnitude,1.6,"2km W of Inglewood, CA"
ci39917175,2022-01-19,earthquake,USGS,real_downloaded,34.4408333,-117.7408333,magnitude,1.02,"7km SE of Llano, CA"
ci39918727,2022-01-20,earthquake,USGS,real_downloaded,34.0613333,-118.87,magnitude,1.89,"8km NW of Malibu, CA"
ci39918807,2022-01-20,earthquake,USGS,real_downloaded,34.4471667,-117.9511667,magnitude,1.41,"8km SSW of Pearblossom, CA"
ci39920039,2022-01-22,earthquake,USGS,real_downloaded,34.007,-118.3478333,magnitude,1.22,"1km N of View Park-Windsor Hills, CA"
ci39920071,2022-01-22,earthquake,USGS,real_downloaded,33.9141667,-117.9015,magnitude,1.44,"0km SSW of Brea, CA"
ci39920319,2022-01-22,earthquake,USGS,real_downloaded,33.996,-118.3403333,magnitude,1.52,"1km E of View Park-Windsor Hills, CA"
ci39921767,2022-01-24,earthquake,USGS,real_downloaded,33.9458333,-117.7466667,magnitude,1.04,"6km SSE of Chino Hills, CA"
ci39922207,2022-01-24,earthquake,USGS,real_downloaded,33.3575,-117.911,magnitude,1.89,"23km WSW of Dana Point, CA"
ci39922767,2022-01-25,earthquake,USGS,real_downloaded,33.9231667,-117.9803333,magnitude,1.63,"3km ENE of La Mirada, CA"
ci39922799,2022-01-25,earthquake,USGS,real_downloaded,33.9236667,-117.987,magnitude,1.02,"2km ENE of La Mirada, CA"
ci39922935,2022-01-25,earthquake,USGS,real_downloaded,34.416,-117.7745,magnitude,1.2,"9km S of Llano, CA"
ci39923559,2022-01-26,earthquake,USGS,real_downloaded,32.9071667,-118.6475,magnitude,2.67,"14km SSW of San Clemente Is. (NW tip), CA"
ci39925519,2022-01-27,earthquake,USGS,real_downloaded,34.5038333,-118.8335,magnitude,1.68,"10km NNW of Piru, CA"
ci39926055,2022-01-28,earthquake,USGS,real_downloaded,34.3713333,-118.7218333,magnitude,1.46,"8km SE of Piru, CA"
ci39926127,2022-01-28,earthquake,USGS,real_downloaded,34.3698333,-118.749,magnitude,1.6,"6km SE of Piru, CA"
ci39926583,2022-01-28,earthquake,USGS,real_downloaded,34.3601667,-118.7286667,magnitude,1.7,"9km SE of Piru, CA"
ci39927023,2022-01-29,earthquake,USGS,real_downloaded,34.7936667,-118.9346667,magnitude,2.3,"3km SSE of Frazier Park, CA"
ci39927151,2022-01-29,earthquake,USGS,real_downloaded,34.3673333,-118.7065,magnitude,1.3,"10km ESE of Piru, CA"
ci39927175,2022-01-29,earthquake,USGS,real_downloaded,34.362,-118.733,magnitude,1.18,"8km SE of Piru, CA"
ci39927263,2022-01-29,earthquake,USGS,real_downloaded,34.3703333,-118.7198333,magnitude,2.27,"8km SE of Piru, CA"
ci39927295,2022-01-29,earthquake,USGS,real_downloaded,34.3673333,-118.7133333,magnitude,1.26,"9km SE of Piru, CA"
ci39927359,2022-01-29,earthquake,USGS,real_downloaded,32.9125,-117.6785,magnitude,1.54,"38km W of La Jolla, CA"
ci39927943,2022-01-30,earthquake,USGS,real_downloaded,34.0145,-118.217,magnitude,1.29,"4km NNE of Huntington Park, CA"
ci39928335,2022-01-30,earthquake,USGS,real_downloaded,33.8668333,-117.764,magnitude,1.08,"5km ESE of Yorba Linda, CA"
ci39929767,2022-02-01,earthquake,USGS,real_downloaded,34.365,-118.7201667,magnitude,1.63,"9km SE of Piru, CA"
ci39929895,2022-02-01,earthquake,USGS,real_downloaded,33.949,-118.2048333,magnitude,3.26,"1km SE of South Gate, CA"
ci39930271,2022-02-02,earthquake,USGS,real_downloaded,34.3603333,-118.725,magnitude,1.48,"9km SE of Piru, CA"
ci39930351,2022-02-02,earthquake,USGS,real_downloaded,34.6473333,-118.3771667,magnitude,1.36,"2km SSE of Elizabeth Lake, CA"
ci39930375,2022-02-02,earthquake,USGS,real_downloaded,34.6466667,-118.3828333,magnitude,1.16,"2km SSE of Elizabeth Lake, CA"
ci40174832,2022-02-02,earthquake,USGS,real_downloaded,34.2298333,-117.7603333,magnitude,1.26,"14km NE of Glendora, CA"
ci40175136,2022-02-03,earthquake,USGS,real_downloaded,33.9903333,-118.3581667,magnitude,2.07,"1km WSW of View Park-Windsor Hills, CA"
ci40175648,2022-02-03,earthquake,USGS,real_downloaded,33.8251667,-118.2521667,magnitude,1.45,"3km ESE of Carson, CA"
ci40177488,2022-02-05,earthquake,USGS,real_downloaded,34.7266667,-117.8086667,magnitude,1.26,"13km N of Lake Los Angeles, CA"
ci40177496,2022-02-05,earthquake,USGS,real_downloaded,33.9063333,-117.8081667,magnitude,1.12,"2km NNE of Yorba Linda, CA"
ci40177928,2022-02-05,earthquake,USGS,real_downloaded,33.7585,-117.9438333,magnitude,1.26,"3km SE of Garden Grove, CA"
ci40178480,2022-02-06,earthquake,USGS,real_downloaded,33.99,-118.465,magnitude,1.59,"2km NW of Marina del Rey, CA"
ci40179208,2022-02-07,earthquake,USGS,real_downloaded,34.2031667,-118.1725,magnitude,1.32,"2km ENE of La Canada Flintridge, CA"
ci40179984,2022-02-08,earthquake,USGS,real_downloaded,33.9911667,-118.3496667,magnitude,1.52,"0km SSW of View Park-Windsor Hills, CA"
ci40180104,2022-02-08,earthquake,USGS,real_downloaded,34.0871667,-118.2895,magnitude,2.59,"2km WSW of Silver Lake, CA"
ci40182920,2022-02-11,earthquake,USGS,real_downloaded,33.8158333,-118.2833333,magnitude,1.14,"2km S of Carson, CA"
ci40184552,2022-02-13,earthquake,USGS,real_downloaded,34.6148333,-118.6311667,magnitude,1.04,"14km N of Castaic, CA"
ci40184680,2022-02-13,earthquake,USGS,real_downloaded,34.505,-118.8395,magnitude,1.96,"11km NNW of Piru, CA"
ci40185640,2022-02-14,earthquake,USGS,real_downloaded,34.3891667,-118.6415,magnitude,3.17,"10km SW of Valencia, CA"
ci40186304,2022-02-15,earthquake,USGS,real_downloaded,33.2676667,-117.8911667,magnitude,1.82,"28km SW of Dana Point, CA"
ci40187592,2022-02-16,earthquake,USGS,real_downloaded,33.43,-117.6585,magnitude,1.16,"4km W of San Clemente, CA"
ci40188776,2022-02-18,earthquake,USGS,real_downloaded,34.1883333,-117.9715,magnitude,1.19,"5km N of Bradbury, CA"
ci40189856,2022-02-19,earthquake,USGS,real_downloaded,34.0143333,-118.2485,magnitude,1.18,"4km NNW of Huntington Park, CA"
ci40190472,2022-02-20,earthquake,USGS,real_downloaded,33.9571667,-118.73,magnitude,1.43,"9km SE of Malibu, CA"
ci40190544,2022-02-20,earthquake,USGS,real_downloaded,33.9051667,-118.2885,magnitude,2.1,"3km NE of Gardena, CA"
ci40191184,2022-02-21,earthquake,USGS,real_downloaded,34.2078333,-117.8766667,magnitude,1.82,"8km N of Glendora, CA"
ci40191408,2022-02-22,earthquake,USGS,real_downloaded,32.9993333,-117.7275,magnitude,1.37,"39km WSW of Carlsbad, CA"
ci40191512,2022-02-22,earthquake,USGS,real_downloaded,34.5113333,-118.791,magnitude,2.42,"11km N of Piru, CA"
ci40191520,2022-02-22,earthquake,USGS,real_downloaded,34.5131667,-118.79,magnitude,1.88,"11km N of Piru, CA"
ci40191760,2022-02-23,earthquake,USGS,real_downloaded,34.5108333,-118.7895,magnitude,2.0,"11km N of Piru, CA"
ci40191992,2022-02-23,earthquake,USGS,real_downloaded,34.463,-117.9655,magnitude,1.57,"7km SSE of Littlerock, CA"
ci40192144,2022-02-23,earthquake,USGS,real_downloaded,34.4978333,-118.067,magnitude,1.02,"4km E of Vincent, CA"
ci40192328,2022-02-24,earthquake,USGS,real_downloaded,33.0061667,-117.712,magnitude,2.04,"38km WSW of Carlsbad, CA"
ci40192880,2022-02-24,earthquake,USGS,real_downloaded,33.004,-117.716,magnitude,1.66,"38km WSW of Carlsbad, CA"
ci40193040,2022-02-25,earthquake,USGS,real_downloaded,34.1886667,-118.0661667,magnitude,1.1,"3km NNW of Sierra Madre, CA"
ci40194304,2022-02-26,earthquake,USGS,real_downloaded,33.7028333,-118.1286667,magnitude,1.2,"5km SSW of Seal Beach, CA"
ci40194864,2022-02-27,earthquake,USGS,real_downloaded,34.3645,-118.73,magnitude,1.41,"8km SE of Piru, CA"
ci40194936,2022-02-27,earthquake,USGS,real_downloaded,34.37,-118.7448333,magnitude,1.24,"7km SE of Piru, CA"
ci40194976,2022-02-27,earthquake,USGS,real_downloaded,34.37,-118.724,magnitude,1.1,"8km SE of Piru, CA"
ci40195048,2022-02-27,earthquake,USGS,real_downloaded,34.3711667,-118.7196667,magnitude,1.96,"8km SE of Piru, CA"
ci40195080,2022-02-27,earthquake,USGS,real_downloaded,34.0131667,-118.2193333,magnitude,1.15,"4km N of Huntington Park, CA"
ci40195152,2022-02-27,earthquake,USGS,real_downloaded,34.3728333,-118.7143333,magnitude,1.46,"9km ESE of Piru, CA"
ci40195672,2022-02-28,earthquake,USGS,real_downloaded,34.031,-118.2325,magnitude,1.49,"3km SSE of Los Angeles, CA"
ci40196312,2022-02-28,earthquake,USGS,real_downloaded,33.9388333,-117.8198333,magnitude,1.03,"6km N of Yorba Linda, CA"
ci40196680,2022-03-01,earthquake,USGS,real_downloaded,33.6973333,-118.274,magnitude,1.55,"5km SSE of San Pedro, CA"
ci40196800,2022-03-01,earthquake,USGS,real_downloaded,33.6993333,-118.2668333,magnitude,1.47,"5km SSE of San Pedro, CA"
ci40196872,2022-03-01,earthquake,USGS,real_downloaded,33.9793333,-118.4933333,magnitude,1.2,"4km W of Marina del Rey, CA"
ci40196888,2022-03-01,earthquake,USGS,real_downloaded,33.6961667,-118.2661667,magnitude,1.76,"5km SSE of San Pedro, CA"
ci40196912,2022-03-01,earthquake,USGS,real_downloaded,34.4641667,-118.0055,magnitude,2.18,"7km SSW of Littlerock, CA"
ci40196936,2022-03-01,earthquake,USGS,real_downloaded,34.0185,-118.2976667,magnitude,1.41,"5km SSW of MacArthur Park, CA"
ci40197112,2022-03-01,earthquake,USGS,real_downloaded,33.5476667,-118.2531667,magnitude,1.97,"21km S of San Pedro, CA"
ci40197160,2022-03-01,earthquake,USGS,real_downloaded,33.4681667,-117.8491667,magnitude,1.69,"10km SW of Laguna Beach, CA"
ci40197224,2022-03-01,earthquake,USGS,real_downloaded,34.383,-118.7715,magnitude,1.56,"4km SSE of Piru, CA"
ci40197688,2022-03-02,earthquake,USGS,real_downloaded,34.1661667,-117.7138333,magnitude,1.08,"8km N of Claremont, CA"
ci40197784,2022-03-02,earthquake,USGS,real_downloaded,34.2436667,-118.5961667,magnitude,1.03,"2km SSE of Chatsworth, CA"
ci40197840,2022-03-02,earthquake,USGS,real_downloaded,33.5918333,-118.2345,magnitude,2.0,"17km SSE of San Pedro, CA"
ci40198664,2022-03-03,earthquake,USGS,real_downloaded,34.2661667,-117.9843333,magnitude,1.33,"13km N of Monrovia, CA"
ci40199888,2022-03-05,earthquake,USGS,real_downloaded,34.5523333,-118.8215,magnitude,1.65,"15km N of Piru, CA"
ci40199920,2022-03-05,earthquake,USGS,real_downloaded,33.8065,-117.6548333,magnitude,1.3,"11km SW of Corona, CA"
ci40200104,2022-03-05,earthquake,USGS,real_downloaded,33.8048333,-117.6515,magnitude,1.05,"11km SW of Corona, CA"
ci40200472,2022-03-06,earthquake,USGS,real_downloaded,34.3695,-118.3205,magnitude,2.16,"11km NNE of Lake View Terrace, CA"
ci40200672,2022-03-06,earthquake,USGS,real_downloaded,34.5633333,-118.8166667,magnitude,1.25,"17km N of Piru, CA"
ci40200888,2022-03-06,earthquake,USGS,real_downloaded,34.5645,-118.8178333,magnitude,1.9,"17km N of Piru, CA"
ci40204184,2022-03-10,earthquake,USGS,real_downloaded,33.8371667,-117.7271667,magnitude,1.02,"8km ENE of Villa Park, CA"
ci40206784,2022-03-13,earthquake,USGS,real_downloaded,33.5238333,-117.784,magnitude,1.0,"2km S of Laguna Beach, CA"
ci40207024,2022-03-13,earthquake,USGS,real_downloaded,33.454,-118.1173333,magnitude,1.81,"23km ENE of Avalon, CA"
ci40207072,2022-03-14,earthquake,USGS,real_downloaded,34.5141667,-118.8363333,magnitude,1.69,"12km NNW of Piru, CA"
ci39969743,2022-03-17,earthquake,USGS,real_downloaded,33.8178333,-117.6628333,magnitude,1.4,"10km WSW of Corona, CA"
ci39970343,2022-03-17,earthquake,USGS,real_downloaded,33.6673333,-118.2313333,magnitude,2.12,"10km SE of San Pedro, CA"
ci39970871,2022-03-18,earthquake,USGS,real_downloaded,33.9341667,-118.1356667,magnitude,1.22,"1km SW of Downey, CA"
ci39970919,2022-03-18,earthquake,USGS,real_downloaded,34.1501667,-117.6991667,magnitude,1.24,"6km NNE of Claremont, CA"
ci39973479,2022-03-21,earthquake,USGS,real_downloaded,33.8888333,-118.755,magnitude,2.88,"14km SSE of Malibu, CA"
ci39974095,2022-03-22,earthquake,USGS,real_downloaded,34.0975,-118.2758333,magnitude,1.19,"1km WNW of Silver Lake, CA"
ci39974111,2022-03-22,earthquake,USGS,real_downloaded,34.3355,-118.4713333,magnitude,1.25,"4km NW of Sylmar, CA"
ci39974159,2022-03-22,earthquake,USGS,real_downloaded,33.8833333,-117.868,magnitude,1.12,"1km N of Placentia, CA"
ci39974167,2022-03-22,earthquake,USGS,real_downloaded,32.9261667,-118.4461667,magnitude,2.31,"15km NW of San Clemente Is. (SE tip), CA"
ci39974975,2022-03-23,earthquake,USGS,real_downloaded,34.291,-118.4318333,magnitude,2.61,"1km ENE of San Fernando, CA"
ci39975055,2022-03-23,earthquake,USGS,real_downloaded,33.8305,-118.1758333,magnitude,1.35,"3km NNW of Signal Hill, CA"
ci39976191,2022-03-23,earthquake,USGS,real_downloaded,34.2373333,-118.4423333,magnitude,1.17,"2km NNE of Panorama City, CA"
ci39976447,2022-03-24,earthquake,USGS,real_downloaded,34.1268333,-118.6116667,magnitude,1.78,"4km N of Topanga, CA"
ci39976927,2022-03-24,earthquake,USGS,real_downloaded,34.3336667,-118.5685,magnitude,1.27,"9km NNE of Chatsworth, CA"
ci39977727,2022-03-25,earthquake,USGS,real_downloaded,34.5283333,-118.7613333,magnitude,1.94,"13km NNE of Piru, CA"
ci39977887,2022-03-25,earthquake,USGS,real_downloaded,34.4595,-117.8031667,magnitude,1.06,"4km SSW of Llano, CA"
ci39978455,2022-03-25,earthquake,USGS,real_downloaded,34.0836667,-118.6136667,magnitude,1.46,"1km SW of Topanga, CA"
ci39981055,2022-03-29,earthquake,USGS,real_downloaded,34.0133333,-118.8683333,magnitude,1.81,"5km W of Malibu, CA"
ci39981383,2022-03-29,earthquake,USGS,real_downloaded,32.9103333,-117.6823333,magnitude,2.13,"39km W of La Jolla, CA"
ci39981671,2022-03-30,earthquake,USGS,real_downloaded,34.4713333,-117.7421667,magnitude,1.41,"5km ESE of Llano, CA"
ci39982647,2022-03-31,earthquake,USGS,real_downloaded,34.6376667,-118.5741667,magnitude,1.5,"13km WSW of Lake Hughes, CA"
ci39983111,2022-03-31,earthquake,USGS,real_downloaded,34.3593333,-118.446,magnitude,1.2,"6km N of Sylmar, CA"
ci39983383,2022-04-01,earthquake,USGS,real_downloaded,33.9935,-118.4201667,magnitude,2.32,"3km ENE of Marina del Rey, CA"
ci39983623,2022-04-01,earthquake,USGS,real_downloaded,34.6296667,-118.5755,magnitude,1.08,"13km WSW of Lake Hughes, CA"
ci39984343,2022-04-02,earthquake,USGS,real_downloaded,34.0111667,-118.598,magnitude,1.72,"4km SE of Las Flores, CA"
ci39985223,2022-04-03,earthquake,USGS,real_downloaded,33.9093333,-117.788,magnitude,1.89,"3km NE of Yorba Linda, CA"
ci39985367,2022-04-03,earthquake,USGS,real_downloaded,33.9068333,-117.8028333,magnitude,1.0,"2km NNE of Yorba Linda, CA"
ci39985399,2022-04-03,earthquake,USGS,real_downloaded,33.8455,-118.3595,magnitude,1.83,"2km NW of Torrance, CA"
ci39985727,2022-04-04,earthquake,USGS,real_downloaded,33.9071667,-117.7961667,magnitude,1.13,"3km NE of Yorba Linda, CA"
ci39985783,2022-04-04,earthquake,USGS,real_downloaded,34.505,-118.158,magnitude,1.02,"4km W of Vincent, CA"
ci39986351,2022-04-04,earthquake,USGS,real_downloaded,34.5098333,-118.7966667,magnitude,1.31,"10km N of Piru, CA"
ci39988031,2022-04-07,earthquake,USGS,real_downloaded,33.9948333,-118.3508333,magnitude,2.09,"0km WSW of View Park-Windsor Hills, CA"
ci39989559,2022-04-09,earthquake,USGS,real_downloaded,33.8673333,-117.8623333,magnitude,1.07,"1km SE of Placentia, CA"
ci39991359,2022-04-13,earthquake,USGS,real_downloaded,34.0948333,-118.3241667,magnitude,1.54,"0km SSE of Hollywood, CA"
ci39991647,2022-04-13,earthquake,USGS,real_downloaded,34.1038333,-118.3233333,magnitude,1.55,"1km NNE of Hollywood, CA"
ci39991983,2022-04-14,earthquake,USGS,real_downloaded,34.1053333,-118.2316667,magnitude,1.34,"3km ENE of Silver Lake, CA"
ci40237704,2022-04-15,earthquake,USGS,real_downloaded,34.061,-118.7755,magnitude,2.17,"7km NNE of Malibu, CA"
ci40237816,2022-04-15,earthquake,USGS,real_downloaded,33.9525,-117.9281667,magnitude,1.4,"2km ESE of La Habra Heights, CA"
ci40238056,2022-04-16,earthquake,USGS,real_downloaded,34.2608333,-118.3898333,magnitude,1.91,"3km E of Pacoima, CA"
ci40239520,2022-04-18,earthquake,USGS,real_downloaded,33.942,-117.9215,magnitude,1.11,"2km ENE of La Habra, CA"
ci40239528,2022-04-18,earthquake,USGS,real_downloaded,33.9435,-117.9305,magnitude,1.53,"2km NE of La Habra, CA"
ci40240760,2022-04-19,earthquake,USGS,real_downloaded,34.5621667,-118.5481667,magnitude,1.39,"11km NE of Castaic, CA"
ci40240896,2022-04-19,earthquake,USGS,real_downloaded,33.8173333,-118.253,magnitude,1.42,"3km ESE of Carson, CA"
ci40240904,2022-04-19,earthquake,USGS,real_downloaded,33.8168333,-118.2538333,magnitude,1.5,"3km ESE of Carson, CA"
ci40242104,2022-04-20,earthquake,USGS,real_downloaded,33.8295,-118.245,magnitude,1.27,"3km E of Carson, CA"
ci40243088,2022-04-21,earthquake,USGS,real_downloaded,33.5535,-118.3408333,magnitude,2.13,"21km SSW of San Pedro, CA"
ci40243552,2022-04-22,earthquake,USGS,real_downloaded,34.2666667,-118.5001667,magnitude,1.54,"1km SSE of Granada Hills, CA"
ci40243808,2022-04-22,earthquake,USGS,real_downloaded,33.8821667,-117.9351667,magnitude,1.08,"1km WNW of Fullerton, CA"
ci40244240,2022-04-23,earthquake,USGS,real_downloaded,33.8436667,-118.309,magnitude,1.16,"3km WNW of Carson, CA"
ci40244248,2022-04-23,earthquake,USGS,real_downloaded,34.053,-118.0248333,magnitude,1.07,"2km E of South El Monte, CA"
ci40244256,2022-04-23,earthquake,USGS,real_downloaded,34.0605,-118.019,magnitude,1.45,"2km SSE of El Monte, CA"
ci40244264,2022-04-23,earthquake,USGS,real_downloaded,33.899,-117.8006667,magnitude,1.03,"2km NE of Yorba Linda, CA"
ci40244352,2022-04-23,earthquake,USGS,real_downloaded,33.8043333,-117.7868333,magnitude,1.98,"3km ESE of Villa Park, CA"
ci40244704,2022-04-24,earthquake,USGS,real_downloaded,33.9206667,-118.305,magnitude,1.78,"4km N of Gardena, CA"
ci40244712,2022-04-24,earthquake,USGS,real_downloaded,33.9251667,-118.3045,magnitude,1.48,"4km N of Gardena, CA"
ci40244720,2022-04-24,earthquake,USGS,real_downloaded,33.919,-118.312,magnitude,1.73,"3km N of Gardena, CA"
ci37496509,2022-04-24,earthquake,USGS,real_downloaded,33.9276667,-118.3073333,magnitude,1.67,"4km ESE of Lennox, CA"
ci40244736,2022-04-24,earthquake,USGS,real_downloaded,33.9273333,-118.3146667,magnitude,1.72,"4km ESE of Lennox, CA"
ci40244744,2022-04-24,earthquake,USGS,real_downloaded,33.9328333,-118.306,magnitude,1.45,"4km E of Lennox, CA"
ci40244752,2022-04-24,earthquake,USGS,real_downloaded,33.9213333,-118.3031667,magnitude,2.04,"4km N of Gardena, CA"
ci40244760,2022-04-24,earthquake,USGS,real_downloaded,33.9236667,-118.2825,magnitude,1.08,"3km WNW of Willowbrook, CA"
ci40245000,2022-04-24,earthquake,USGS,real_downloaded,34.5458333,-118.8115,magnitude,1.43,"15km N of Piru, CA"
ci40245008,2022-04-24,earthquake,USGS,real_downloaded,34.5381667,-118.8126667,magnitude,1.23,"14km N of Piru, CA"
ci40245144,2022-04-24,earthquake,USGS,real_downloaded,33.0578333,-117.9548333,magnitude,2.27,"45km NE of San Clemente Is. (SE tip), CA"
ci40245272,2022-04-24,earthquake,USGS,real_downloaded,33.9261667,-118.3143333,magnitude,1.51,"4km ENE of Hawthorne, CA"
ci40245528,2022-04-25,earthquake,USGS,real_downloaded,33.9768333,-118.8636667,magnitude,1.84,"6km WSW of Malibu, CA"
ci40246072,2022-04-25,earthquake,USGS,real_downloaded,34.032,-118.303,magnitude,1.27,"4km SW of MacArthur Park, CA"
ci40246400,2022-04-26,earthquake,USGS,real_downloaded,33.851,-117.654,magnitude,2.36,"8km WSW of Corona, CA"
ci40246624,2022-04-26,earthquake,USGS,real_downloaded,33.85,-117.6556667,magnitude,1.91,"8km WSW of Corona, CA"
ci40246808,2022-04-27,earthquake,USGS,real_downloaded,33.8876667,-117.8196667,magnitude,1.78,"1km W of Yorba Linda, CA"
ci40247408,2022-04-28,earthquake,USGS,real_downloaded,34.0998333,-118.2196667,magnitude,1.26,"3km SW of Highland Park, CA"
ci40247472,2022-04-28,earthquake,USGS,real_downloaded,34.3316667,-118.6971667,magnitude,1.3,"8km NNE of Simi Valley, CA"
ci40247488,2022-04-28,earthquake,USGS,real_downloaded,34.0,-118.3691667,magnitude,1.55,"0km SSE of Baldwin Hills, CA"
ci40248184,2022-04-29,earthquake,USGS,real_downloaded,33.5885,-118.251,magnitude,1.62,"17km SSE of San Pedro, CA"
ci40249048,2022-04-30,earthquake,USGS,real_downloaded,34.8106667,-118.9356667,magnitude,1.62,"2km SSE of Frazier Park, CA"
ci40249688,2022-05-01,earthquake,USGS,real_downloaded,34.7136667,-118.555,magnitude,1.31,"8km SE of Neenach, CA"
ci40250056,2022-05-02,earthquake,USGS,real_downloaded,33.8683333,-117.7305,magnitude,1.73,"8km ESE of Yorba Linda, CA"
ci40250440,2022-05-02,earthquake,USGS,real_downloaded,33.5915,-118.2328333,magnitude,2.28,"17km SSE of San Pedro, CA"
ci40252136,2022-05-04,earthquake,USGS,real_downloaded,34.1806667,-117.9245,magnitude,1.07,"6km NNW of Azusa, CA"
ci40253504,2022-05-06,earthquake,USGS,real_downloaded,34.4513333,-118.0146667,magnitude,1.26,"8km SSW of Littlerock, CA"
ci40254176,2022-05-07,earthquake,USGS,real_downloaded,34.1398333,-118.3463333,magnitude,1.04,"1km E of Universal City, CA"
ci40254848,2022-05-09,earthquake,USGS,real_downloaded,34.2626667,-118.6278333,magnitude,1.46,"2km WNW of Chatsworth, CA"
ci40255312,2022-05-10,earthquake,USGS,real_downloaded,34.5055,-117.8066667,magnitude,2.43,"2km NW of Llano, CA"
ci40255984,2022-05-11,earthquake,USGS,real_downloaded,33.7153333,-118.0418333,magnitude,1.73,"5km WNW of Huntington Beach, CA"
ci40256168,2022-05-11,earthquake,USGS,real_downloaded,34.375,-118.635,magnitude,1.4,"11km SSW of Valencia, CA"
ci40256176,2022-05-11,earthquake,USGS,real_downloaded,34.373,-118.6286667,magnitude,1.63,"10km SSW of Valencia, CA"
ci40256192,2022-05-11,earthquake,USGS,real_downloaded,34.3748333,-118.6313333,magnitude,1.82,"10km SSW of Valencia, CA"
ci40256208,2022-05-11,earthquake,USGS,real_downloaded,34.3758333,-118.6396667,magnitude,1.97,"11km SW of Valencia, CA"
ci40256232,2022-05-11,earthquake,USGS,real_downloaded,34.3753333,-118.6363333,magnitude,1.48,"11km SW of Valencia, CA"
ci40256256,2022-05-11,earthquake,USGS,real_downloaded,34.3768333,-118.6288333,magnitude,2.28,"10km SSW of Valencia, CA"
ci40256272,2022-05-11,earthquake,USGS,real_downloaded,34.3721667,-118.6316667,magnitude,1.11,"11km SSW of Valencia, CA"
ci40016007,2022-05-11,earthquake,USGS,real_downloaded,33.121,-117.9393333,magnitude,1.36,"44km SE of Avalon, CA"
ci40017359,2022-05-13,earthquake,USGS,real_downloaded,33.7406667,-117.961,magnitude,1.92,"4km N of Fountain Valley, CA"
ci40019359,2022-05-15,earthquake,USGS,real_downloaded,34.5305,-118.8086667,magnitude,1.19,"13km N of Piru, CA"
ci40020751,2022-05-17,earthquake,USGS,real_downloaded,33.6561667,-118.001,magnitude,2.11,"4km S of Huntington Beach, CA"
ci40020831,2022-05-17,earthquake,USGS,real_downloaded,33.0311667,-118.045,magnitude,2.28,"36km NE of San Clemente Is. (SE tip), CA"
ci40021599,2022-05-18,earthquake,USGS,real_downloaded,33.8485,-117.6506667,magnitude,1.43,"8km WSW of Corona, CA"
ci40022439,2022-05-19,earthquake,USGS,real_downloaded,33.5945,-118.2293333,magnitude,1.88,"17km SSE of San Pedro, CA"
ci40022919,2022-05-20,earthquake,USGS,real_downloaded,34.0606667,-118.2766667,magnitude,1.14,"0km N of MacArthur Park, CA"
ci40022943,2022-05-20,earthquake,USGS,real_downloaded,34.0003333,-118.0598333,magnitude,1.2,"3km NW of Whittier, CA"
ci40023007,2022-05-20,earthquake,USGS,real_downloaded,34.0781667,-118.0545,magnitude,1.16,"2km E of Rosemead, CA"
ci40023255,2022-05-20,earthquake,USGS,real_downloaded,33.9445,-118.0203333,magnitude,1.56,"3km SE of South Whittier, CA"
ci40023903,2022-05-22,earthquake,USGS,real_downloaded,32.791,-118.2926667,magnitude,2.15,"6km ESE of San Clemente Is. (SE tip), CA"
ci40024223,2022-05-22,earthquake,USGS,real_downloaded,33.8575,-118.1591667,magnitude,1.78,"2km W of Lakewood, CA"
ci40024679,2022-05-23,earthquake,USGS,real_downloaded,34.541,-118.1273333,magnitude,1.85,"5km NNW of Vincent, CA"
ci40025855,2022-05-25,earthquake,USGS,real_downloaded,34.449,-117.9468333,magnitude,2.21,"7km SSW of Pearblossom, CA"
ci40026079,2022-05-25,earthquake,USGS,real_downloaded,34.7836667,-118.9476667,magnitude,2.14,"4km S of Frazier Park, CA"
ci40026375,2022-05-25,earthquake,USGS,real_downloaded,34.7298333,-118.1496667,magnitude,2.04,"5km N of Lancaster, CA"
ci40026471,2022-05-25,earthquake,USGS,real_downloaded,34.374,-118.722,magnitude,2.57,"8km SE of Piru, CA"
ci40027207,2022-05-26,earthquake,USGS,real_downloaded,34.506,-118.6151667,magnitude,1.96,"2km NNE of Castaic, CA"
ci40027775,2022-05-27,earthquake,USGS,real_downloaded,34.2741667,-118.4378333,magnitude,1.0,"2km S of San Fernando, CA"
ci40028399,2022-05-27,earthquake,USGS,real_downloaded,33.5571667,-117.9396667,magnitude,1.56,"7km S of Newport Beach, CA"
ci40028599,2022-05-27,earthquake,USGS,real_downloaded,33.779,-117.8521667,magnitude,1.67,"3km SW of Orange, CA"
ci40029039,2022-05-28,earthquake,USGS,real_downloaded,33.6341667,-118.0093333,magnitude,1.47,"7km S of Huntington Beach, CA"
ci40029047,2022-05-28,earthquake,USGS,real_downloaded,33.6311667,-118.009,magnitude,1.75,"7km S of Huntington Beach, CA"
ci40029079,2022-05-28,earthquake,USGS,real_downloaded,33.634,-118.0083333,magnitude,2.4,"7km S of Huntington Beach, CA"
ci40029103,2022-05-28,earthquake,USGS,real_downloaded,33.6321667,-118.0031667,magnitude,1.2,"7km S of Huntington Beach, CA"
ci40029135,2022-05-28,earthquake,USGS,real_downloaded,33.6356667,-118.0105,magnitude,1.73,"6km S of Huntington Beach, CA"
ci40029247,2022-05-28,earthquake,USGS,real_downloaded,33.632,-118.008,magnitude,1.58,"7km S of Huntington Beach, CA"
ci40030151,2022-05-30,earthquake,USGS,real_downloaded,33.5756667,-118.0528333,magnitude,1.82,"12km WSW of Newport Beach, CA"
ci40031455,2022-06-01,earthquake,USGS,real_downloaded,33.5,-118.3326667,magnitude,2.07,"18km N of Avalon, CA"
ci40032223,2022-06-02,earthquake,USGS,real_downloaded,32.9986667,-117.8638333,magnitude,1.64,"49km ENE of San Clemente Is. (SE tip), CA"
ci40032303,2022-06-02,earthquake,USGS,real_downloaded,34.024,-118.5785,magnitude,1.09,"6km ESE of Las Flores, CA"
ci40032903,2022-06-03,earthquake,USGS,real_downloaded,33.8388333,-118.4638333,magnitude,1.86,"6km WSW of Hermosa Beach, CA"
ci40033063,2022-06-03,earthquake,USGS,real_downloaded,33.9005,-118.4136667,magnitude,2.51,"2km N of Manhattan Beach, CA"
ci40033535,2022-06-03,earthquake,USGS,real_downloaded,34.4271667,-118.6285,magnitude,1.89,"6km WSW of Valencia, CA"
ci40033543,2022-06-03,earthquake,USGS,real_downloaded,34.426,-118.6251667,magnitude,1.79,"6km WSW of Valencia, CA"
ci40033639,2022-06-04,earthquake,USGS,real_downloaded,34.516,-118.8325,magnitude,1.23,"12km NNW of Piru, CA"
ci40033647,2022-06-04,earthquake,USGS,real_downloaded,34.5258333,-118.8471667,magnitude,1.21,"13km NNW of Piru, CA"
ci40033919,2022-06-04,earthquake,USGS,real_downloaded,34.0083333,-118.4053333,magnitude,1.77,"2km SSW of Culver City, CA"
ci40033927,2022-06-04,earthquake,USGS,real_downloaded,34.0066667,-118.402,magnitude,1.53,"2km SSW of Culver City, CA"
ci37421564,2022-06-04,earthquake,USGS,real_downloaded,33.9893333,-118.4215,magnitude,1.36,"3km ENE of Marina del Rey, CA"
ci40035871,2022-06-08,earthquake,USGS,real_downloaded,33.88,-118.2648333,magnitude,1.76,"4km ESE of Gardena, CA"
ci40038335,2022-06-11,earthquake,USGS,real_downloaded,34.4973333,-118.3365,magnitude,1.05,"1km W of Agua Dulce, CA"
ci40038887,2022-06-12,earthquake,USGS,real_downloaded,34.2918333,-118.4378333,magnitude,1.25,"0km N of San Fernando, CA"
ci40039071,2022-06-13,earthquake,USGS,real_downloaded,34.043,-118.1741667,magnitude,1.45,"1km NNW of East Los Angeles, CA"
ci40039287,2022-06-13,earthquake,USGS,real_downloaded,34.3791667,-117.8156667,magnitude,1.01,"13km SSW of Llano, CA"
ci40039471,2022-06-13,earthquake,USGS,real_downloaded,34.4611667,-117.9236667,magnitude,1.3,"5km SSW of Pearblossom, CA"
ci40039767,2022-06-14,earthquake,USGS,real_downloaded,34.0095,-118.2526667,magnitude,1.25,"4km NW of Huntington Park, CA"
ci40039863,2022-06-14,earthquake,USGS,real_downloaded,33.9743333,-118.721,magnitude,1.24,"7km SSW of Malibu Beach, CA"
ci40041039,2022-06-16,earthquake,USGS,real_downloaded,33.9335,-117.9111667,magnitude,1.18,"2km NNW of Brea, CA"
ci40041183,2022-06-16,earthquake,USGS,real_downloaded,34.0503333,-118.2321667,magnitude,1.05,"1km ESE of Los Angeles, CA"
ci40041399,2022-06-16,earthquake,USGS,real_downloaded,34.2593333,-118.496,magnitude,1.56,"2km SSE of Granada Hills, CA"
ci40287672,2022-06-20,earthquake,USGS,real_downloaded,34.2906667,-118.7675,magnitude,1.15,"3km NW of Simi Valley, CA"
ci40287720,2022-06-20,earthquake,USGS,real_downloaded,33.859,-117.6818333,magnitude,1.19,"11km W of Corona, CA"
ci40287728,2022-06-20,earthquake,USGS,real_downloaded,34.6811667,-118.34,magnitude,1.32,"5km ENE of Elizabeth Lake, CA"
ci40288808,2022-06-22,earthquake,USGS,real_downloaded,33.6936667,-118.0636667,magnitude,2.03,"6km W of Huntington Beach, CA"
ci40290680,2022-06-24,earthquake,USGS,real_downloaded,33.8326667,-118.2613333,magnitude,1.73,"2km E of Carson, CA"
ci40290712,2022-06-24,earthquake,USGS,real_downloaded,33.9975,-118.1778333,magnitude,1.53,"1km NNE of Maywood, CA"
ci40291160,2022-06-25,earthquake,USGS,real_downloaded,33.92,-118.5438333,magnitude,1.99,"11km SW of Marina del Rey, CA"
ci40291224,2022-06-25,earthquake,USGS,real_downloaded,33.6838333,-117.9778333,magnitude,1.97,"2km ESE of Huntington Beach, CA"
ci40291568,2022-06-26,earthquake,USGS,real_downloaded,34.2651667,-118.4968333,magnitude,1.26,"1km SSE of Granada Hills, CA"
ci40291656,2022-06-26,earthquake,USGS,real_downloaded,33.9876667,-118.3486667,magnitude,2.28,"1km S of View Park-Windsor Hills, CA"
ci40291816,2022-06-26,earthquake,USGS,real_downloaded,33.8371667,-118.5341667,magnitude,2.17,"12km WSW of Manhattan Beach, CA"
ci40291912,2022-06-26,earthquake,USGS,real_downloaded,33.9895,-118.3446667,magnitude,1.36,"1km SSE of View Park-Windsor Hills, CA"
ci40292048,2022-06-27,earthquake,USGS,real_downloaded,33.8411667,-118.5291667,magnitude,2.27,"12km WSW of Manhattan Beach, CA"
ci40292832,2022-06-28,earthquake,USGS,real_downloaded,33.7701667,-117.8645,magnitude,1.3,"4km NNE of Santa Ana, CA"
ci40293152,2022-06-28,earthquake,USGS,real_downloaded,33.8753333,-117.8433333,magnitude,1.36,"2km E of Placentia, CA"
ci40293496,2022-06-29,earthquake,USGS,real_downloaded,34.8025,-118.8841667,magnitude,1.54,"3km WNW of Gorman, CA"
ci40293608,2022-06-29,earthquake,USGS,real_downloaded,33.5833333,-118.1708333,magnitude,1.34,"19km SSW of Seal Beach, CA"
ci40295160,2022-07-02,earthquake,USGS,real_downloaded,33.7081667,-118.3505,magnitude,1.7,"5km SE of Rancho Palos Verdes, CA"
ci40295896,2022-07-03,earthquake,USGS,real_downloaded,33.8226667,-117.8055,magnitude,1.21,"1km NE of Villa Park, CA"
ci40296160,2022-07-04,earthquake,USGS,real_downloaded,34.0728333,-118.3683333,magnitude,1.13,"2km SSW of West Hollywood, CA"
ci40296896,2022-07-05,earthquake,USGS,real_downloaded,33.7811667,-118.5255,magnitude,2.36,"13km W of Palos Verdes Estates, CA"
ci40297992,2022-07-06,earthquake,USGS,real_downloaded,33.9351667,-118.3106667,magnitude,2.07,"4km E of Lennox, CA"
ci40299768,2022-07-08,earthquake,USGS,real_downloaded,34.1141667,-117.9823333,magnitude,1.94,"3km S of Duarte, CA"
ci40303504,2022-07-14,earthquake,USGS,real_downloaded,33.8396667,-118.2816667,magnitude,1.86,"1km N of Carson, CA"
ci40303528,2022-07-14,earthquake,USGS,real_downloaded,33.8603333,-118.3096667,magnitude,2.42,"3km S of Gardena, CA"
ci40303536,2022-07-14,earthquake,USGS,real_downloaded,33.8658333,-118.2966667,magnitude,1.64,"3km SSE of Gardena, CA"
ci40063359,2022-07-15,earthquake,USGS,real_downloaded,34.071,-117.8218333,magnitude,1.18,"4km SSE of Charter Oak, CA"
ci37507573,2022-07-15,earthquake,USGS,real_downloaded,34.0543333,-117.8443333,magnitude,1.17,"4km NW of Diamond Bar, CA"
ci40063375,2022-07-15,earthquake,USGS,real_downloaded,34.0625,-117.8418333,magnitude,1.3,"4km S of Charter Oak, CA"
ci40063839,2022-07-15,earthquake,USGS,real_downloaded,33.835,-117.7098333,magnitude,1.1,"10km ENE of Villa Park, CA"
ci40064951,2022-07-17,earthquake,USGS,real_downloaded,34.319,-118.4686667,magnitude,1.48,"2km WNW of Sylmar, CA"
ci40064983,2022-07-17,earthquake,USGS,real_downloaded,33.4225,-118.0136667,magnitude,2.67,"23km SSW of Newport Beach, CA"
ci40065151,2022-07-17,earthquake,USGS,real_downloaded,33.4196667,-118.009,magnitude,3.55,"23km SSW of Newport Beach, CA"
ci40066527,2022-07-20,earthquake,USGS,real_downloaded,33.9703333,-118.5138333,magnitude,1.71,"6km W of Marina del Rey, CA"
ci40067119,2022-07-21,earthquake,USGS,real_downloaded,33.8001667,-118.2658333,magnitude,1.21,"4km SSE of Carson, CA"
ci40068335,2022-07-23,earthquake,USGS,real_downloaded,33.8108333,-118.1103333,magnitude,1.15,"4km WNW of Los Alamitos, CA"
ci40068863,2022-07-24,earthquake,USGS,real_downloaded,34.4976667,-118.1416667,magnitude,1.26,"2km W of Vincent, CA"
ci40068903,2022-07-24,earthquake,USGS,real_downloaded,33.8353333,-118.2828333,magnitude,1.56,"0km N of Carson, CA"
ci40068919,2022-07-24,earthquake,USGS,real_downloaded,33.0605,-117.854,magnitude,1.88,"47km SSW of San Clemente, CA"
ci40068983,2022-07-24,earthquake,USGS,real_downloaded,33.861,-117.872,magnitude,1.14,"1km S of Placentia, CA"
ci40069055,2022-07-24,earthquake,USGS,real_downloaded,33.7218333,-118.2465,magnitude,1.45,"4km ESE of San Pedro, CA"
ci40069591,2022-07-25,earthquake,USGS,real_downloaded,34.4695,-117.9605,magnitude,1.42,"6km SSE of Littlerock, CA"
ci40071343,2022-07-28,earthquake,USGS,real_downloaded,34.3205,-118.4846667,magnitude,1.03,"4km WNW of Sylmar, CA"
ci40072207,2022-07-30,earthquake,USGS,real_downloaded,33.925,-117.7801667,magnitude,1.08,"5km NE of Yorba Linda, CA"
ci40072759,2022-07-31,earthquake,USGS,real_downloaded,34.2503333,-118.5843333,magnitude,1.78,"2km ESE of Chatsworth, CA"
ci40073823,2022-08-02,earthquake,USGS,real_downloaded,34.4701667,-117.9566667,magnitude,1.55,"6km SW of Pearblossom, CA"
ci40074431,2022-08-03,earthquake,USGS,real_downloaded,34.4603333,-117.8075,magnitude,3.33,"4km SSW of Llano, CA"
ci40074615,2022-08-03,earthquake,USGS,real_downloaded,34.4978333,-118.5365,magnitude,1.23,"6km NNE of Valencia, CA"
ci40074863,2022-08-04,earthquake,USGS,real_downloaded,34.457,-117.8048333,magnitude,1.17,"4km SSW of Llano, CA"
ci37434844,2022-08-04,earthquake,USGS,real_downloaded,34.3151667,-118.4825,magnitude,1.26,"3km WNW of Sylmar, CA"
ci40075895,2022-08-05,earthquake,USGS,real_downloaded,34.458,-117.8076667,magnitude,1.65,"4km SSW of Llano, CA"
ci40076167,2022-08-06,earthquake,USGS,real_downloaded,34.1611667,-117.7466667,magnitude,1.18,"7km NNE of La Verne, CA"
ci40076439,2022-08-06,earthquake,USGS,real_downloaded,34.3791667,-118.5818333,magnitude,1.28,"8km WSW of Santa Clarita, CA"
ci40076511,2022-08-06,earthquake,USGS,real_downloaded,33.7936667,-118.1508333,magnitude,2.1,"1km SSE of Long Beach, CA"
ci40077135,2022-08-07,earthquake,USGS,real_downloaded,34.4603333,-117.9585,magnitude,1.74,"7km SW of Pearblossom, CA"
ci40077311,2022-08-08,earthquake,USGS,real_downloaded,33.791,-117.6581667,magnitude,1.8,"12km N of Foothill Ranch, CA"
ci40077391,2022-08-08,earthquake,USGS,real_downloaded,34.4665,-118.6161667,magnitude,1.54,"3km SSE of Castaic, CA"
ci40077439,2022-08-08,earthquake,USGS,real_downloaded,34.5141667,-118.8318333,magnitude,1.43,"12km NNW of Piru, CA"
ci40077703,2022-08-08,earthquake,USGS,real_downloaded,34.2026667,-117.7861667,magnitude,1.33,"10km NE of Glendora, CA"
ci40078767,2022-08-10,earthquake,USGS,real_downloaded,34.2783333,-118.4825,magnitude,1.6,"2km ENE of Granada Hills, CA"
ci40078823,2022-08-10,earthquake,USGS,real_downloaded,34.2776667,-118.485,magnitude,1.06,"2km ENE of Granada Hills, CA"
ci40078983,2022-08-10,earthquake,USGS,real_downloaded,34.0776667,-118.1563333,magnitude,1.44,"3km SW of Alhambra, CA"
ci40079039,2022-08-10,earthquake,USGS,real_downloaded,34.1405,-117.8853333,magnitude,1.76,"2km WNW of Glendora, CA"
ci40323696,2022-08-11,earthquake,USGS,real_downloaded,34.494,-118.6591667,magnitude,1.48,"3km W of Castaic, CA"
ci40324464,2022-08-12,earthquake,USGS,real_downloaded,34.4775,-118.1045,magnitude,1.41,"3km SSE of Vincent, CA"
ci40324880,2022-08-13,earthquake,USGS,real_downloaded,34.133,-118.4945,magnitude,1.09,"3km S of Encino, CA"
ci40326256,2022-08-16,earthquake,USGS,real_downloaded,33.8243333,-117.6598333,magnitude,1.97,"10km WSW of Corona, CA"
ci40326376,2022-08-16,earthquake,USGS,real_downloaded,34.7691667,-118.924,magnitude,1.04,"6km SSE of Frazier Park, CA"
ci40326432,2022-08-16,earthquake,USGS,real_downloaded,33.5991667,-117.9635,magnitude,1.12,"4km SW of Newport Beach, CA"
ci40326952,2022-08-17,earthquake,USGS,real_downloaded,34.2473333,-118.5896667,magnitude,1.12,"2km SE of Chatsworth, CA"
ci40327344,2022-08-17,earthquake,USGS,real_downloaded,33.6006667,-118.2453333,magnitude,2.26,"16km SSE of San Pedro, CA"
ci40327360,2022-08-17,earthquake,USGS,real_downloaded,33.555,-118.2731667,magnitude,2.45,"20km S of San Pedro, CA"
ci40327768,2022-08-18,earthquake,USGS,real_downloaded,34.0846667,-117.8345,magnitude,1.66,"2km SSE of Charter Oak, CA"
ci40328344,2022-08-19,earthquake,USGS,real_downloaded,33.749,-118.152,magnitude,1.79,"4km W of Seal Beach, CA"
ci40329840,2022-08-22,earthquake,USGS,real_downloaded,32.788,-118.3668333,magnitude,2.03,"4km SSW of San Clemente Is. (SE tip), CA"
ci40330048,2022-08-22,earthquake,USGS,real_downloaded,34.0108333,-118.4203333,magnitude,1.31,"2km WSW of Culver City, CA"
ci40330216,2022-08-23,earthquake,USGS,real_downloaded,33.7135,-118.0301667,magnitude,1.36,"4km NW of Huntington Beach, CA"
ci40330584,2022-08-23,earthquake,USGS,real_downloaded,34.5066667,-118.0986667,magnitude,1.26,"2km ENE of Vincent, CA"
ci40330672,2022-08-23,earthquake,USGS,real_downloaded,32.7833333,-118.3356667,magnitude,1.96,"4km SSE of San Clemente Is. (SE tip), CA"
ci40330736,2022-08-24,earthquake,USGS,real_downloaded,34.3748333,-118.7811667,magnitude,1.96,"5km SSE of Piru, CA"
ci40330744,2022-08-24,earthquake,USGS,real_downloaded,33.9595,-117.791,magnitude,1.13,"5km SW of Chino Hills, CA"
ci40330896,2022-08-24,earthquake,USGS,real_downloaded,34.31,-118.6206667,magnitude,1.04,"6km NNW of Chatsworth, CA"
ci40331184,2022-08-24,earthquake,USGS,real_downloaded,32.764,-118.377,magnitude,2.37,"7km SSW of San Clemente Is. (SE tip), CA"
ci40331248,2022-08-25,earthquake,USGS,real_downloaded,34.5578333,-118.5831667,magnitude,1.07,"8km NNE of Castaic, CA"
ci40331944,2022-08-26,earthquake,USGS,real_downloaded,34.5436667,-118.7861667,magnitude,1.03,"14km N of Piru, CA"
ci40331976,2022-08-26,earthquake,USGS,real_downloaded,34.5383333,-118.786,magnitude,1.12,"14km N of Piru, CA"
ci40332472,2022-08-27,earthquake,USGS,real_downloaded,34.457,-117.8045,magnitude,1.12,"4km SSW of Llano, CA"
ci40332480,2022-08-27,earthquake,USGS,real_downloaded,33.822,-118.2778333,magnitude,1.74,"1km SSE of Carson, CA"
ci40332536,2022-08-27,earthquake,USGS,real_downloaded,33.987,-118.3461667,magnitude,1.36,"1km SSE of View Park-Windsor Hills, CA"
ci40332648,2022-08-27,earthquake,USGS,real_downloaded,34.2293333,-118.5798333,magnitude,1.42,"4km SE of Chatsworth, CA"
ci40332952,2022-08-28,earthquake,USGS,real_downloaded,34.4008333,-118.4248333,magnitude,1.4,"8km ESE of Santa Clarita, CA"
ci40332968,2022-08-28,earthquake,USGS,real_downloaded,34.4008333,-118.4251667,magnitude,1.66,"8km ESE of Santa Clarita, CA"
ci40333224,2022-08-28,earthquake,USGS,real_downloaded,34.5918333,-118.6348333,magnitude,1.04,"12km N of Castaic, CA"
ci40334744,2022-08-30,earthquake,USGS,real_downloaded,33.8368333,-117.8406667,magnitude,1.87,"4km NW of Villa Park, CA"
ci40334816,2022-08-31,earthquake,USGS,real_downloaded,33.8385,-117.8355,magnitude,1.4,"3km NW of Villa Park, CA"
ci40094639,2022-09-01,earthquake,USGS,real_downloaded,33.845,-117.721,magnitude,2.01,"9km ENE of Villa Park, CA"
ci40094831,2022-09-02,earthquake,USGS,real_downloaded,34.5471667,-118.8915,magnitude,1.27,"17km N of Fillmore, CA"
ci40095055,2022-09-02,earthquake,USGS,real_downloaded,34.0536667,-118.8885,magnitude,1.5,"9km NW of Malibu, CA"
ci40095623,2022-09-03,earthquake,USGS,real_downloaded,34.6075,-118.6415,magnitude,1.3,"13km N of Castaic, CA"
ci40095751,2022-09-04,earthquake,USGS,real_downloaded,34.8048333,-118.677,magnitude,1.41,"7km WNW of Neenach, CA"
ci40095991,2022-09-04,earthquake,USGS,real_downloaded,33.8796667,-118.4575,magnitude,2.88,"4km W of Manhattan Beach, CA"
ci40096007,2022-09-04,earthquake,USGS,real_downloaded,33.8763333,-118.46,magnitude,1.41,"5km WSW of Manhattan Beach, CA"
ci40096151,2022-09-04,earthquake,USGS,real_downloaded,33.9583333,-118.247,magnitude,1.11,"1km SSW of Florence-Graham, CA"
ci40096255,2022-09-04,earthquake,USGS,real_downloaded,33.4313333,-118.0168333,magnitude,2.17,"22km SSW of Newport Beach, CA"
ci40096343,2022-09-05,earthquake,USGS,real_downloaded,34.2091667,-118.6048333,magnitude,1.25,"1km N of Canoga Park, CA"
ci40096487,2022-09-05,earthquake,USGS,real_downloaded,33.686,-118.2291667,magnitude,1.75,"8km SE of San Pedro, CA"
ci40096511,2022-09-05,earthquake,USGS,real_downloaded,33.4878333,-118.2163333,magnitude,1.75,"19km NNE of Avalon, CA"
ci40096831,2022-09-06,earthquake,USGS,real_downloaded,34.1148333,-118.5235,magnitude,1.0,"6km SSW of Encino, CA"
ci40097999,2022-09-08,earthquake,USGS,real_downloaded,33.8621667,-118.4695,magnitude,1.4,"6km WSW of Manhattan Beach, CA"
ci40098703,2022-09-11,earthquake,USGS,real_downloaded,34.2648333,-118.477,magnitude,1.18,"2km ESE of Granada Hills, CA"
ci40099295,2022-09-12,earthquake,USGS,real_downloaded,34.2053333,-118.5978333,magnitude,2.6,"1km NE of Canoga Park, CA"
ci40101935,2022-09-18,earthquake,USGS,real_downloaded,34.4588333,-117.8898333,magnitude,1.54,"6km SSE of Pearblossom, CA"
ci40101943,2022-09-18,earthquake,USGS,real_downloaded,34.6335,-118.5756667,magnitude,1.43,"13km WSW of Lake Hughes, CA"
ci40102935,2022-09-19,earthquake,USGS,real_downloaded,34.1696667,-117.94,magnitude,1.06,"4km NE of Bradbury, CA"
ci40103047,2022-09-20,earthquake,USGS,real_downloaded,33.8268333,-117.7691667,magnitude,1.73,"4km ENE of Villa Park, CA"
ci40103223,2022-09-20,earthquake,USGS,real_downloaded,34.0533333,-118.8971667,magnitude,1.84,"10km NW of Malibu, CA"
ci40104751,2022-09-23,earthquake,USGS,real_downloaded,34.3961667,-118.7358333,magnitude,1.59,"6km ESE of Piru, CA"
ci40104895,2022-09-23,earthquake,USGS,real_downloaded,34.083,-117.7866667,magnitude,1.66,"3km SW of La Verne, CA"
ci40105215,2022-09-23,earthquake,USGS,real_downloaded,33.4398333,-118.1878333,magnitude,1.92,"17km NE of Avalon, CA"
ci40105687,2022-09-24,earthquake,USGS,real_downloaded,33.9493333,-118.3296667,magnitude,1.44,"2km ESE of Inglewood, CA"
ci40105735,2022-09-24,earthquake,USGS,real_downloaded,34.0045,-118.7776667,magnitude,1.82,"3km E of Malibu, CA"
ci40105823,2022-09-24,earthquake,USGS,real_downloaded,33.641,-117.9838333,magnitude,1.29,"6km WNW of Newport Beach, CA"
ci40106031,2022-09-25,earthquake,USGS,real_downloaded,34.0775,-118.1265,magnitude,1.06,"2km NNW of Monterey Park, CA"
ci40106775,2022-09-26,earthquake,USGS,real_downloaded,33.7275,-118.0126667,magnitude,1.54,"4km S of Westminster, CA"
ci40106799,2022-09-26,earthquake,USGS,real_downloaded,33.7321667,-118.009,magnitude,1.55,"3km S of Westminster, CA"
ci40107711,2022-09-27,earthquake,USGS,real_downloaded,34.0466667,-118.1565,magnitude,1.1,"2km NNE of East Los Angeles, CA"
ci40108071,2022-09-28,earthquake,USGS,real_downloaded,33.92,-117.8525,magnitude,1.07,"4km E of Brea, CA"
ci40353800,2022-09-30,earthquake,USGS,real_downloaded,34.1838333,-117.9223333,magnitude,1.04,"6km NNW of Azusa, CA"
ci40354344,2022-10-02,earthquake,USGS,real_downloaded,33.8923333,-117.8538333,magnitude,1.03,"3km NE of Placentia, CA"
ci40354936,2022-10-03,earthquake,USGS,real_downloaded,33.8696667,-117.7646667,magnitude,3.08,"5km ESE of Yorba Linda, CA"
ci40355672,2022-10-04,earthquake,USGS,real_downloaded,33.0356667,-117.8893333,magnitude,1.97,"49km ENE of San Clemente Is. (SE tip), CA"
ci40357328,2022-10-07,earthquake,USGS,real_downloaded,34.1206667,-117.9526667,magnitude,1.14,"2km NW of Irwindale, CA"
ci40357488,2022-10-07,earthquake,USGS,real_downloaded,34.283,-118.4371667,magnitude,1.11,"0km SSE of San Fernando, CA"
ci40358824,2022-10-10,earthquake,USGS,real_downloaded,34.1106667,-118.2426667,magnitude,1.82,"3km NE of Silver Lake, CA"
ci40359040,2022-10-11,earthquake,USGS,real_downloaded,33.9836667,-118.3518333,magnitude,1.54,"1km SSW of View Park-Windsor Hills, CA"
ci40359176,2022-10-11,earthquake,USGS,real_downloaded,34.355,-118.807,magnitude,1.46,"7km S of Piru, CA"
ci40359384,2022-10-11,earthquake,USGS,real_downloaded,33.8486667,-117.6601667,magnitude,1.12,"9km WSW of Corona, CA"
ci40359472,2022-10-12,earthquake,USGS,real_downloaded,33.8378333,-118.2661667,magnitude,2.52,"2km ENE of Carson, CA"
ci40359480,2022-10-12,earthquake,USGS,real_downloaded,33.8551667,-118.2841667,magnitude,1.32,"3km N of Carson, CA"
ci40361632,2022-10-15,earthquake,USGS,real_downloaded,34.4518333,-118.5655,magnitude,1.2,"1km ESE of Valencia, CA"
ci40361952,2022-10-16,earthquake,USGS,real_downloaded,34.2801667,-118.5875,magnitude,1.05,"3km NNE of Chatsworth, CA"
ci40363480,2022-10-19,earthquake,USGS,real_downloaded,34.1818333,-117.7193333,magnitude,1.17,"10km N of Claremont, CA"
ci40363760,2022-10-20,earthquake,USGS,real_downloaded,33.9235,-117.7811667,magnitude,1.19,"5km NE of Yorba Linda, CA"
ci40364120,2022-10-21,earthquake,USGS,real_downloaded,33.9301667,-118.5811667,magnitude,1.82,"13km SSE of Las Flores, CA"
ci40364536,2022-10-22,earthquake,USGS,real_downloaded,34.4581667,-117.803,magnitude,1.59,"4km SSW of Llano, CA"
ci40364784,2022-10-23,earthquake,USGS,real_downloaded,34.2573333,-118.469,magnitude,1.55,"3km ESE of Granada Hills, CA"
ci40365384,2022-10-25,earthquake,USGS,real_downloaded,33.5143333,-117.7406667,magnitude,1.1,"3km WSW of Laguna Niguel, CA"
ci40126055,2022-10-28,earthquake,USGS,real_downloaded,34.0061667,-118.3603333,magnitude,1.19,"1km ENE of Baldwin Hills, CA"
ci40126431,2022-10-28,earthquake,USGS,real_downloaded,34.7885,-118.9491667,magnitude,2.37,"4km S of Frazier Park, CA"
ci40127135,2022-10-30,earthquake,USGS,real_downloaded,33.9798333,-118.2543333,magnitude,1.32,"2km NW of Florence-Graham, CA"
ci40127143,2022-10-30,earthquake,USGS,real_downloaded,34.2336667,-117.7606667,magnitude,1.53,"14km NE of Glendora, CA"
ci40127391,2022-10-31,earthquake,USGS,real_downloaded,34.0256667,-118.2255,magnitude,1.3,"4km SSE of Los Angeles, CA"
ci40128199,2022-11-02,earthquake,USGS,real_downloaded,33.8921667,-117.729,magnitude,2.04,"8km E of Yorba Linda, CA"
ci40128591,2022-11-03,earthquake,USGS,real_downloaded,33.9288333,-118.673,magnitude,2.04,"12km S of Malibu Beach, CA"
ci40128831,2022-11-03,earthquake,USGS,real_downloaded,33.8476667,-117.6533333,magnitude,1.89,"8km WSW of Corona, CA"
ci40129247,2022-11-05,earthquake,USGS,real_downloaded,33.8818333,-118.4193333,magnitude,1.47,"1km WSW of Manhattan Beach, CA"
ci40129271,2022-11-05,earthquake,USGS,real_downloaded,34.4656667,-117.9596667,magnitude,1.32,"6km SW of Pearblossom, CA"
ci40129359,2022-11-05,earthquake,USGS,real_downloaded,33.8315,-118.2781667,magnitude,2.69,"0km E of Carson, CA"
ci40129399,2022-11-05,earthquake,USGS,real_downloaded,33.8761667,-117.7638333,magnitude,1.37,"5km ESE of Yorba Linda, CA"
ci40130135,2022-11-08,earthquake,USGS,real_downloaded,34.297,-118.5353333,magnitude,1.54,"4km NW of Granada Hills, CA"
ci40130415,2022-11-09,earthquake,USGS,real_downloaded,34.096,-118.284,magnitude,1.31,"2km WNW of Silver Lake, CA"
ci40130735,2022-11-10,earthquake,USGS,real_downloaded,33.991,-118.34,magnitude,1.63,"1km ESE of View Park-Windsor Hills, CA"
ci40130967,2022-11-11,earthquake,USGS,real_downloaded,34.0056667,-118.2185,magnitude,1.05,"3km NNE of Huntington Park, CA"
ci40131487,2022-11-12,earthquake,USGS,real_downloaded,33.8208333,-117.8998333,magnitude,1.05,"2km SSW of Anaheim, CA"
ci40131519,2022-11-12,earthquake,USGS,real_downloaded,34.1135,-117.9708333,magnitude,1.5,"3km SSE of Duarte, CA"
ci40131663,2022-11-12,earthquake,USGS,real_downloaded,33.9925,-118.3461667,magnitude,1.23,"0km SSE of View Park-Windsor Hills, CA"
ci40132255,2022-11-14,earthquake,USGS,real_downloaded,34.635,-118.2851667,magnitude,1.15,"2km N of Leona Valley, CA"
ci40132343,2022-11-14,earthquake,USGS,real_downloaded,34.5443333,-118.168,magnitude,1.28,"7km NW of Vincent, CA"
ci40132455,2022-11-14,earthquake,USGS,real_downloaded,34.5753333,-118.8825,magnitude,1.13,"20km NNW of Piru, CA"
ci40132783,2022-11-15,earthquake,USGS,real_downloaded,34.5215,-118.795,magnitude,1.69,"12km N of Piru, CA"
ci37466364,2022-11-15,earthquake,USGS,real_downloaded,34.5215,-118.813,magnitude,1.72,"12km N of Piru, CA"
ci40133151,2022-11-16,earthquake,USGS,real_downloaded,33.939,-117.9281667,magnitude,1.23,"2km ENE of La Habra, CA"
ci40377072,2022-11-17,earthquake,USGS,real_downloaded,33.6745,-118.0446667,magnitude,1.18,"5km WSW of Huntington Beach, CA"
ci40377528,2022-11-18,earthquake,USGS,real_downloaded,33.9905,-118.4058333,magnitude,1.03,"4km WSW of Baldwin Hills, CA"
ci40378264,2022-11-20,earthquake,USGS,real_downloaded,33.9518333,-117.7916667,magnitude,1.52,"6km SSW of Chino Hills, CA"
ci40378624,2022-11-20,earthquake,USGS,real_downloaded,34.3721667,-118.705,magnitude,1.43,"10km ESE of Piru, CA"
ci40379032,2022-11-21,earthquake,USGS,real_downloaded,34.1785,-117.9331667,magnitude,1.21,"5km NE of Bradbury, CA"
ci40379088,2022-11-21,earthquake,USGS,real_downloaded,34.4933333,-118.8355,magnitude,1.64,"10km NNW of Piru, CA"
ci40379368,2022-11-22,earthquake,USGS,real_downloaded,34.5405,-118.8121667,magnitude,1.01,"14km N of Piru, CA"
ci40380048,2022-11-23,earthquake,USGS,real_downloaded,33.8758333,-117.7658333,magnitude,2.78,"5km ESE of Yorba Linda, CA"
ci37469724,2022-11-23,earthquake,USGS,real_downloaded,33.8718333,-117.7708333,magnitude,1.0,"4km ESE of Yorba Linda, CA"
ci40380664,2022-11-25,earthquake,USGS,real_downloaded,33.978,-118.354,magnitude,1.14,"2km SSW of View Park-Windsor Hills, CA"
ci40380672,2022-11-25,earthquake,USGS,real_downloaded,33.9923333,-118.3508333,magnitude,2.52,"0km SSW of View Park-Windsor Hills, CA"
ci40380760,2022-11-25,earthquake,USGS,real_downloaded,33.9076667,-117.673,magnitude,1.37,"11km WNW of Corona, CA"
ci40381176,2022-11-26,earthquake,USGS,real_downloaded,33.0871667,-117.9728333,magnitude,2.49,"44km SE of Avalon, CA"
ci40381480,2022-11-27,earthquake,USGS,real_downloaded,33.9501667,-118.3995,magnitude,1.01,"4km NNE of El Segundo, CA"
ci40381840,2022-11-28,earthquake,USGS,real_downloaded,34.2845,-118.6961667,magnitude,2.05,"4km ENE of Simi Valley, CA"
ci40381864,2022-11-28,earthquake,USGS,real_downloaded,33.8253333,-117.7633333,magnitude,1.09,"5km ENE of Villa Park, CA"
ci40381896,2022-11-28,earthquake,USGS,real_downloaded,34.368,-118.6178333,magnitude,1.06,"10km SSW of Valencia, CA"
ci40381968,2022-11-28,earthquake,USGS,real_downloaded,34.549,-118.8165,magnitude,1.37,"15km N of Piru, CA"
ci40382096,2022-11-29,earthquake,USGS,real_downloaded,34.8016667,-118.9293333,magnitude,1.48,"3km SSE of Frazier Park, CA"
ci40382696,2022-11-30,earthquake,USGS,real_downloaded,34.3985,-118.4108333,magnitude,1.26,"9km ESE of Santa Clarita, CA"
ci40382848,2022-11-30,earthquake,USGS,real_downloaded,34.395,-118.1791667,magnitude,1.17,"8km S of Acton, CA"
ci40383024,2022-12-01,earthquake,USGS,real_downloaded,34.4566667,-117.958,magnitude,1.13,"7km SW of Pearblossom, CA"
ci40141463,2022-12-03,earthquake,USGS,real_downloaded,34.3948333,-118.7813333,magnitude,1.44,"3km SSE of Piru, CA"
ci40141895,2022-12-04,earthquake,USGS,real_downloaded,33.8911667,-117.7333333,magnitude,1.27,"7km E of Yorba Linda, CA"
ci40142031,2022-12-04,earthquake,USGS,real_downloaded,33.3703333,-117.9753333,magnitude,2.36,"26km SW of Laguna Beach, CA"
ci40142215,2022-12-05,earthquake,USGS,real_downloaded,34.241,-118.6015,magnitude,1.15,"2km S of Chatsworth, CA"
ci40142239,2022-12-05,earthquake,USGS,real_downloaded,33.8618333,-118.2783333,magnitude,1.85,"3km N of Carson, CA"
ci40142311,2022-12-05,earthquake,USGS,real_downloaded,34.0998333,-118.2861667,magnitude,1.27,"2km WNW of Silver Lake, CA"
ci40143271,2022-12-07,earthquake,USGS,real_downloaded,33.6673333,-118.2936667,magnitude,1.23,"8km S of San Pedro, CA"
ci40143487,2022-12-08,earthquake,USGS,real_downloaded,32.915,-117.7213333,magnitude,2.33,"42km WSW of Encinitas, CA"
ci40143791,2022-12-08,earthquake,USGS,real_downloaded,33.8495,-117.6655,magnitude,1.29,"9km WSW of Corona, CA"
ci40143975,2022-12-09,earthquake,USGS,real_downloaded,34.5523333,-118.8148333,magnitude,1.76,"15km N of Piru, CA"
ci40144191,2022-12-09,earthquake,USGS,real_downloaded,33.9155,-117.868,magnitude,1.47,"3km E of Brea, CA"
ci40144287,2022-12-10,earthquake,USGS,real_downloaded,34.4575,-117.958,magnitude,1.34,"7km SW of Pearblossom, CA"
ci40144359,2022-12-10,earthquake,USGS,real_downloaded,34.5503333,-118.2086667,magnitude,1.0,"9km N of Acton, CA"
ci40144671,2022-12-12,earthquake,USGS,real_downloaded,34.0656667,-117.8173333,magnitude,1.12,"4km N of Diamond Bar, CA"
ci40144855,2022-12-12,earthquake,USGS,real_downloaded,33.851,-118.4051667,magnitude,2.1,"1km SSW of Hermosa Beach, CA"
ci40145599,2022-12-14,earthquake,USGS,real_downloaded,34.636,-118.8723333,magnitude,1.25,"18km S of Gorman, CA"
ci40145631,2022-12-15,earthquake,USGS,real_downloaded,33.8701667,-118.3886667,magnitude,1.38,"1km NE of Hermosa Beach, CA"
ci40145647,2022-12-15,earthquake,USGS,real_downloaded,33.3665,-118.0228333,magnitude,2.18,"28km E of Avalon, CA"
ci40391032,2022-12-16,earthquake,USGS,real_downloaded,33.8498333,-117.8655,magnitude,2.63,"2km S of Placentia, CA"
ci40391224,2022-12-16,earthquake,USGS,real_downloaded,34.1826667,-117.9311667,magnitude,1.19,"5km NE of Bradbury, CA"
ci40391624,2022-12-18,earthquake,USGS,real_downloaded,33.8326667,-117.8953333,magnitude,1.18,"1km SW of Anaheim, CA"
ci40392152,2022-12-19,earthquake,USGS,real_downloaded,33.6541667,-118.2781667,magnitude,1.71,"9km S of San Pedro, CA"
ci40148575,2022-12-21,earthquake,USGS,real_downloaded,33.9821667,-118.3391667,magnitude,1.29,"2km SSE of View Park-Windsor Hills, CA"
ci40148847,2022-12-22,earthquake,USGS,real_downloaded,33.5556667,-118.1813333,magnitude,2.0,"22km SSW of Seal Beach, CA"
ci40149687,2022-12-25,earthquake,USGS,real_downloaded,33.9678333,-118.494,magnitude,1.96,"4km WSW of Marina del Rey, CA"
ci40150543,2022-12-27,earthquake,USGS,real_downloaded,33.8293333,-118.275,magnitude,1.22,"1km ESE of Carson, CA"
ci40151007,2022-12-29,earthquake,USGS,real_downloaded,33.4546667,-117.691,magnitude,1.64,"2km SSE of Dana Point, CA"
ci40151191,2022-12-29,earthquake,USGS,real_downloaded,34.4803333,-118.05,magnitude,1.14,"6km ESE of Vincent, CA"
ci40151303,2022-12-30,earthquake,USGS,real_downloaded,33.554,-118.2005,magnitude,1.75,"22km SSE of San Pedro, CA"
ci40152471,2023-01-01,earthquake,USGS,real_downloaded,34.4015,-118.7125,magnitude,1.93,"8km ESE of Piru, CA"
ci40152663,2023-01-01,earthquake,USGS,real_downloaded,34.2253333,-117.8683333,magnitude,1.17,"10km N of Glendora, CA"
ci40152927,2023-01-02,earthquake,USGS,real_downloaded,34.457,-117.9515,magnitude,1.13,"7km SW of Pearblossom, CA"
ci40153007,2023-01-02,earthquake,USGS,real_downloaded,34.102,-117.804,magnitude,1.48,"1km SSE of San Dimas, CA"
ci40153063,2023-01-02,earthquake,USGS,real_downloaded,34.5271667,-118.131,magnitude,1.67,"3km NNW of Vincent, CA"
ci40154391,2023-01-07,earthquake,USGS,real_downloaded,33.8481667,-117.7263333,magnitude,1.06,"9km ENE of Villa Park, CA"
ci40154399,2023-01-07,earthquake,USGS,real_downloaded,33.8305,-117.667,magnitude,1.86,"10km WSW of Corona, CA"
ci40154655,2023-01-08,earthquake,USGS,real_downloaded,33.646,-118.4345,magnitude,1.69,"12km SSW of Rancho Palos Verdes, CA"
ci40154839,2023-01-09,earthquake,USGS,real_downloaded,33.678,-118.3281667,magnitude,1.37,"7km SSW of San Pedro, CA"
ci40155159,2023-01-10,earthquake,USGS,real_downloaded,34.4463333,-117.9346667,magnitude,1.18,"7km SSW of Pearblossom, CA"
ci40401336,2023-01-11,earthquake,USGS,real_downloaded,33.6748333,-118.2905,magnitude,1.48,"7km S of San Pedro, CA"
ci40401344,2023-01-11,earthquake,USGS,real_downloaded,34.0628333,-117.8368333,magnitude,1.51,"4km NNW of Diamond Bar, CA"
ci40401680,2023-01-11,earthquake,USGS,real_downloaded,33.965,-118.3673333,magnitude,1.38,"2km WNW of Inglewood, CA"
ci40401992,2023-01-12,earthquake,USGS,real_downloaded,33.834,-117.667,magnitude,1.1,"10km WSW of Corona, CA"
ci40402024,2023-01-12,earthquake,USGS,real_downloaded,33.8318333,-117.6683333,magnitude,1.87,"10km WSW of Corona, CA"
ci40402048,2023-01-12,earthquake,USGS,real_downloaded,33.435,-118.0273333,magnitude,1.75,"22km SSW of Newport Beach, CA"
ci40402448,2023-01-14,earthquake,USGS,real_downloaded,33.921,-117.8341667,magnitude,1.23,"4km NNW of Yorba Linda, CA"
ci40402544,2023-01-14,earthquake,USGS,real_downloaded,33.8646667,-117.8273333,magnitude,1.19,"3km SSW of Yorba Linda, CA"
ci40402800,2023-01-15,earthquake,USGS,real_downloaded,34.4416667,-117.9196667,magnitude,1.19,"7km S of Pearblossom, CA"
ci40403032,2023-01-16,earthquake,USGS,real_downloaded,34.1373333,-117.6838333,magnitude,1.33,"6km NW of Upland, CA"
ci40403064,2023-01-16,earthquake,USGS,real_downloaded,34.1543333,-118.267,magnitude,1.32,"2km SW of Glendale, CA"
ci40403760,2023-01-18,earthquake,USGS,real_downloaded,34.1783333,-117.9348333,magnitude,1.23,"5km NE of Bradbury, CA"
ci40403832,2023-01-19,earthquake,USGS,real_downloaded,34.427,-117.9236667,magnitude,1.35,"9km S of Pearblossom, CA"
ci40404016,2023-01-19,earthquake,USGS,real_downloaded,33.9588333,-118.7231667,magnitude,1.36,"9km SSW of Malibu Beach, CA"
ci40404088,2023-01-19,earthquake,USGS,real_downloaded,33.5708333,-118.3011667,magnitude,2.11,"18km S of San Pedro, CA"
ci40404552,2023-01-21,earthquake,USGS,real_downloaded,34.7856667,-118.9266667,magnitude,1.09,"4km SSE of Frazier Park, CA"
ci40404592,2023-01-21,earthquake,USGS,real_downloaded,34.06,-117.8356667,magnitude,1.74,"4km NW of Diamond Bar, CA"
ci40404744,2023-01-22,earthquake,USGS,real_downloaded,34.1675,-118.4353333,magnitude,2.3,"2km NNE of Sherman Oaks, CA"
ci40160919,2023-01-24,earthquake,USGS,real_downloaded,34.0293333,-118.1111667,magnitude,1.35,"2km NNW of Montebello, CA"
ci40161263,2023-01-25,earthquake,USGS,real_downloaded,34.8028333,-118.925,magnitude,1.09,"3km SE of Frazier Park, CA"
ci40161279,2023-01-25,earthquake,USGS,real_downloaded,33.885,-118.7045,magnitude,4.19,"16km S of Malibu Beach, CA"
ci40161287,2023-01-25,earthquake,USGS,real_downloaded,33.8863333,-118.7026667,magnitude,3.61,"16km S of Malibu Beach, CA"
ci40161407,2023-01-25,earthquake,USGS,real_downloaded,33.883,-118.6923333,magnitude,2.9,"17km S of Malibu Beach, CA"
ci40161415,2023-01-25,earthquake,USGS,real_downloaded,33.9206667,-118.7386667,magnitude,1.33,"12km SE of Malibu, CA"
ci40161431,2023-01-25,earthquake,USGS,real_downloaded,33.8978333,-118.6956667,magnitude,2.75,"15km S of Malibu Beach, CA"
ci40161567,2023-01-25,earthquake,USGS,real_downloaded,33.9405,-117.9246667,magnitude,1.62,"2km ENE of La Habra, CA"
ci40161575,2023-01-25,earthquake,USGS,real_downloaded,33.8926667,-118.6975,magnitude,1.57,"16km S of Malibu Beach, CA"
ci40161615,2023-01-25,earthquake,USGS,real_downloaded,34.511,-118.7048333,magnitude,1.4,"8km WNW of Castaic, CA"
ci40161663,2023-01-25,earthquake,USGS,real_downloaded,33.8911667,-118.7116667,magnitude,1.55,"16km SE of Malibu, CA"
ci40161751,2023-01-25,earthquake,USGS,real_downloaded,33.932,-117.9405,magnitude,1.19,"0km E of La Habra, CA"
ci40161911,2023-01-26,earthquake,USGS,real_downloaded,33.8971667,-118.7146667,magnitude,1.5,"15km SE of Malibu, CA"
ci40161927,2023-01-26,earthquake,USGS,real_downloaded,33.8943333,-118.6975,magnitude,1.87,"15km S of Malibu Beach, CA"
ci40161935,2023-01-26,earthquake,USGS,real_downloaded,34.5138333,-118.5991667,magnitude,1.36,"4km NE of Castaic, CA"
ci40162047,2023-01-26,earthquake,USGS,real_downloaded,34.4585,-117.961,magnitude,1.53,"7km SW of Pearblossom, CA"
ci40162767,2023-01-27,earthquake,USGS,real_downloaded,33.8898333,-118.7031667,magnitude,1.37,"16km S of Malibu Beach, CA"
ci40163687,2023-01-29,earthquake,USGS,real_downloaded,34.4595,-117.959,magnitude,1.86,"7km SW of Pearblossom, CA"
ci40163751,2023-01-29,earthquake,USGS,real_downloaded,33.9805,-118.899,magnitude,1.14,"9km WSW of Malibu, CA"
ci40164271,2023-01-30,earthquake,USGS,real_downloaded,34.212,-117.6678333,magnitude,1.02,"13km NW of Rancho Cucamonga, CA"
ci40164695,2023-01-31,earthquake,USGS,real_downloaded,33.8641667,-117.8328333,magnitude,1.65,"3km SW of Yorba Linda, CA"
ci40164871,2023-02-01,earthquake,USGS,real_downloaded,33.8586667,-117.85,magnitude,1.32,"2km SE of Placentia, CA"
ci40165015,2023-02-01,earthquake,USGS,real_downloaded,34.5098333,-118.7095,magnitude,1.12,"8km WNW of Castaic, CA"
ci40165223,2023-02-02,earthquake,USGS,real_downloaded,34.3035,-118.4691667,magnitude,2.9,"2km WSW of Sylmar, CA"
ci40410472,2023-02-03,earthquake,USGS,real_downloaded,34.444,-117.9213333,magnitude,1.59,"7km S of Pearblossom, CA"
ci40410664,2023-02-04,earthquake,USGS,real_downloaded,34.524,-118.6701667,magnitude,2.51,"6km NW of Castaic, CA"
ci40410760,2023-02-04,earthquake,USGS,real_downloaded,34.4595,-117.9601667,magnitude,2.06,"7km SW of Pearblossom, CA"
ci40411536,2023-02-06,earthquake,USGS,real_downloaded,34.251,-118.6523333,magnitude,1.55,"5km W of Chatsworth, CA"
ci40411800,2023-02-07,earthquake,USGS,real_downloaded,33.4216667,-118.8061667,magnitude,2.83,"24km ESE of Santa Barbara Is., CA"
ci40412096,2023-02-08,earthquake,USGS,real_downloaded,34.0515,-118.9311667,magnitude,1.97,"12km WNW of Malibu, CA"
ci40412168,2023-02-08,earthquake,USGS,real_downloaded,34.0616667,-118.9363333,magnitude,1.12,"13km WNW of Malibu, CA"
ci40412984,2023-02-10,earthquake,USGS,real_downloaded,34.4633333,-117.9516667,magnitude,1.37,"6km SW of Pearblossom, CA"
ci40413104,2023-02-10,earthquake,USGS,real_downloaded,34.052,-118.2968333,magnitude,1.46,"2km WSW of MacArthur Park, CA"
ci40413296,2023-02-11,earthquake,USGS,real_downloaded,34.0423333,-118.2745,magnitude,1.3,"2km S of MacArthur Park, CA"
ci40413424,2023-02-11,earthquake,USGS,real_downloaded,34.4595,-117.9548333,magnitude,1.03,"7km SW of Pearblossom, CA"
ci40413640,2023-02-11,earthquake,USGS,real_downloaded,34.2686667,-117.9556667,magnitude,1.54,"14km N of Bradbury, CA"
ci40413656,2023-02-11,earthquake,USGS,real_downloaded,34.4591667,-117.9605,magnitude,1.32,"7km SW of Pearblossom, CA"
ci40414336,2023-02-13,earthquake,USGS,real_downloaded,33.9483333,-117.8175,magnitude,1.76,"7km N of Yorba Linda, CA"
ci40415064,2023-02-16,earthquake,USGS,real_downloaded,34.5188333,-118.7951667,magnitude,1.2,"12km N of Piru, CA"
ci40415576,2023-02-17,earthquake,USGS,real_downloaded,33.9031667,-118.3403333,magnitude,1.16,"2km SE of Hawthorne, CA"
ci40415664,2023-02-17,earthquake,USGS,real_downloaded,34.4951667,-118.6658333,magnitude,1.23,"4km W of Castaic, CA"
ci40415816,2023-02-18,earthquake,USGS,real_downloaded,34.0635,-118.9315,magnitude,1.71,"13km WNW of Malibu, CA"
ci40417568,2023-02-21,earthquake,USGS,real_downloaded,34.4583333,-117.9546667,magnitude,1.51,"7km SW of Pearblossom, CA"
ci40417720,2023-02-22,earthquake,USGS,real_downloaded,34.431,-118.592,magnitude,1.47,"3km SW of Valencia, CA"
ci40418048,2023-02-23,earthquake,USGS,real_downloaded,33.8068333,-118.3646667,magnitude,2.12,"2km NNW of Rolling Hills Estates, CA"
ci40418056,2023-02-23,earthquake,USGS,real_downloaded,33.8013333,-118.3641667,magnitude,1.5,"2km NNW of Rolling Hills Estates, CA"
ci40419896,2023-03-01,earthquake,USGS,real_downloaded,34.2638333,-118.477,magnitude,1.82,"2km ESE of Granada Hills, CA"
ci40419912,2023-03-01,earthquake,USGS,real_downloaded,33.8363333,-117.7093333,magnitude,1.18,"10km ENE of Villa Park, CA"
ci40420096,2023-03-02,earthquake,USGS,real_downloaded,34.093,-118.3736667,magnitude,1.08,"1km WNW of West Hollywood, CA"
ci40420448,2023-03-03,earthquake,USGS,real_downloaded,34.2431667,-117.8375,magnitude,1.61,"12km NNE of Glendora, CA"
ci40420488,2023-03-03,earthquake,USGS,real_downloaded,34.246,-117.84,magnitude,1.29,"12km N of Glendora, CA"
ci40420544,2023-03-03,earthquake,USGS,real_downloaded,34.243,-117.8423333,magnitude,1.14,"12km N of Glendora, CA"
ci40420848,2023-03-04,earthquake,USGS,real_downloaded,33.6786667,-118.054,magnitude,1.81,"5km WSW of Huntington Beach, CA"
ci40420952,2023-03-04,earthquake,USGS,real_downloaded,34.1626667,-118.4403333,magnitude,1.96,"2km NNE of Sherman Oaks, CA"
ci40420984,2023-03-04,earthquake,USGS,real_downloaded,34.0343333,-118.1763333,magnitude,1.48,"1km WNW of East Los Angeles, CA"
ci40421048,2023-03-05,earthquake,USGS,real_downloaded,34.1621667,-118.444,magnitude,1.31,"1km NNE of Sherman Oaks, CA"
ci40421424,2023-03-06,earthquake,USGS,real_downloaded,34.0603333,-118.9258333,magnitude,1.32,"12km WNW of Malibu, CA"
ci40421432,2023-03-06,earthquake,USGS,real_downloaded,34.3263333,-118.4943333,magnitude,1.4,"5km WNW of Sylmar, CA"
ci40421448,2023-03-06,earthquake,USGS,real_downloaded,33.9913333,-118.3386667,magnitude,1.25,"1km ESE of View Park-Windsor Hills, CA"
ci40421456,2023-03-06,earthquake,USGS,real_downloaded,34.4575,-117.9551667,magnitude,1.13,"7km SW of Pearblossom, CA"
ci40182031,2023-03-09,earthquake,USGS,real_downloaded,33.8223333,-118.2751667,magnitude,1.6,"1km SSE of Carson, CA"
ci40182519,2023-03-10,earthquake,USGS,real_downloaded,33.9126667,-118.711,magnitude,1.22,"14km S of Malibu Beach, CA"
ci40182879,2023-03-10,earthquake,USGS,real_downloaded,34.2688333,-118.4813333,magnitude,1.03,"2km E of Granada Hills, CA"
ci40182991,2023-03-11,earthquake,USGS,real_downloaded,34.0183333,-118.4171667,magnitude,1.32,"2km W of Culver City, CA"
ci40183231,2023-03-11,earthquake,USGS,real_downloaded,33.5986667,-117.9521667,magnitude,1.84,"3km SW of Newport Beach, CA"
ci40183391,2023-03-11,earthquake,USGS,real_downloaded,33.5976667,-117.9415,magnitude,1.75,"3km SSW of Newport Beach, CA"
ci40183407,2023-03-11,earthquake,USGS,real_downloaded,33.5981667,-117.9625,magnitude,2.01,"4km SW of Newport Beach, CA"
ci40183487,2023-03-12,earthquake,USGS,real_downloaded,33.5973333,-117.9406667,magnitude,1.27,"3km SSW of Newport Beach, CA"
ci40183967,2023-03-12,earthquake,USGS,real_downloaded,33.9251667,-117.8746667,magnitude,1.06,"2km ENE of Brea, CA"
ci40184039,2023-03-13,earthquake,USGS,real_downloaded,34.0073333,-118.8693333,magnitude,1.46,"6km W of Malibu, CA"
ci40185455,2023-03-16,earthquake,USGS,real_downloaded,33.8576667,-118.5933333,magnitude,2.14,"17km W of Manhattan Beach, CA"
ci40185479,2023-03-16,earthquake,USGS,real_downloaded,33.6566667,-118.5576667,magnitude,1.79,"19km WSW of Rancho Palos Verdes, CA"
ci40185583,2023-03-16,earthquake,USGS,real_downloaded,34.4736667,-117.9475,magnitude,1.12,"5km SW of Pearblossom, CA"
ci40187199,2023-03-19,earthquake,USGS,real_downloaded,33.9688333,-117.7615,magnitude,1.06,"3km S of Chino Hills, CA"
ci40187375,2023-03-20,earthquake,USGS,real_downloaded,33.798,-118.5815,magnitude,1.43,"18km W of Palos Verdes Estates, CA"
ci40187535,2023-03-20,earthquake,USGS,real_downloaded,34.0053333,-118.3588333,magnitude,1.94,"1km E of Baldwin Hills, CA"
ci40187711,2023-03-20,earthquake,USGS,real_downloaded,33.8773333,-118.22,magnitude,1.53,"2km S of Compton, CA"
ci40187927,2023-03-21,earthquake,USGS,real_downloaded,34.0866667,-117.8338333,magnitude,1.39,"2km SSE of Charter Oak, CA"
ci40187951,2023-03-21,earthquake,USGS,real_downloaded,34.0813333,-117.8128333,magnitude,1.62,"3km SSW of San Dimas, CA"
ci40188207,2023-03-22,earthquake,USGS,real_downloaded,33.8943333,-118.3213333,magnitude,1.75,"1km WNW of Gardena, CA"
ci40188951,2023-03-24,earthquake,USGS,real_downloaded,33.8911667,-118.6908333,magnitude,2.42,"16km S of Malibu Beach, CA"
ci40188975,2023-03-24,earthquake,USGS,real_downloaded,33.9656667,-117.9448333,magnitude,1.49,"1km NE of La Habra Heights, CA"
ci40189927,2023-03-26,earthquake,USGS,real_downloaded,34.0006667,-118.3081667,magnitude,1.08,"4km E of View Park-Windsor Hills, CA"
ci40189975,2023-03-26,earthquake,USGS,real_downloaded,34.0956667,-118.1781667,magnitude,1.81,"3km SE of Highland Park, CA"
ci40191079,2023-03-29,earthquake,USGS,real_downloaded,33.2221667,-117.8105,magnitude,1.78,"29km SSW of Dana Point, CA"
ci39507354,2023-03-29,earthquake,USGS,real_downloaded,34.4651667,-118.4328333,magnitude,1.28,"9km NE of Santa Clarita, CA"
ci39507826,2023-03-30,earthquake,USGS,real_downloaded,33.8476667,-117.665,magnitude,1.29,"9km WSW of Corona, CA"
ci39507866,2023-03-30,earthquake,USGS,real_downloaded,34.4106667,-118.391,magnitude,1.77,"11km E of Santa Clarita, CA"
ci39507962,2023-03-31,earthquake,USGS,real_downloaded,34.2515,-118.6163333,magnitude,1.6,"1km WSW of Chatsworth, CA"
ci39507978,2023-03-31,earthquake,USGS,real_downloaded,33.9418333,-118.3488333,magnitude,1.78,"0km NE of Lennox, CA"
ci39508402,2023-04-01,earthquake,USGS,real_downloaded,34.0445,-118.932,magnitude,2.13,"12km WNW of Malibu, CA"
ci39508826,2023-04-01,earthquake,USGS,real_downloaded,34.2845,-118.4348333,magnitude,1.02,"0km SE of San Fernando, CA"
ci39508858,2023-04-01,earthquake,USGS,real_downloaded,33.8516667,-118.0336667,magnitude,1.25,"1km ENE of La Palma, CA"
ci39509042,2023-04-02,earthquake,USGS,real_downloaded,34.0976667,-117.7948333,magnitude,1.12,"2km SE of San Dimas, CA"
ci39509194,2023-04-02,earthquake,USGS,real_downloaded,34.4113333,-117.7423333,magnitude,1.35,"9km WSW of Pinon Hills, CA"
ci39509290,2023-04-03,earthquake,USGS,real_downloaded,33.6081667,-117.9481667,magnitude,1.3,"2km SW of Newport Beach, CA"
ci39509474,2023-04-04,earthquake,USGS,real_downloaded,33.753,-118.3073333,magnitude,1.21,"2km NW of San Pedro, CA"
ci39509498,2023-04-04,earthquake,USGS,real_downloaded,33.8378333,-118.268,magnitude,1.53,"2km ENE of Carson, CA"
ci39509618,2023-04-04,earthquake,USGS,real_downloaded,33.9676667,-118.7583333,magnitude,1.28,"6km SE of Malibu, CA"
ci39509650,2023-04-04,earthquake,USGS,real_downloaded,33.9516667,-118.823,magnitude,1.53,"6km SSW of Malibu, CA"
ci39510522,2023-04-06,earthquake,USGS,real_downloaded,33.8698333,-117.7455,magnitude,1.4,"7km ESE of Yorba Linda, CA"
ci40437264,2023-04-06,earthquake,USGS,real_downloaded,34.3086667,-118.4421667,magnitude,1.06,"1km E of Sylmar, CA"
ci40437712,2023-04-07,earthquake,USGS,real_downloaded,33.8085,-117.7523333,magnitude,1.14,"6km E of Villa Park, CA"
ci37522277,2023-04-07,earthquake,USGS,real_downloaded,34.293,-118.5255,magnitude,1.02,"3km NW of Granada Hills, CA"
ci40438152,2023-04-08,earthquake,USGS,real_downloaded,33.8861667,-118.5933333,magnitude,2.47,"17km WSW of El Segundo, CA"
ci40438704,2023-04-09,earthquake,USGS,real_downloaded,34.4591667,-117.7536667,magnitude,1.06,"5km SE of Llano, CA"
ci40438776,2023-04-09,earthquake,USGS,real_downloaded,33.7818333,-117.7391667,magnitude,1.53,"5km ENE of North Tustin, CA"
ci40439192,2023-04-10,earthquake,USGS,real_downloaded,34.2558333,-118.7003333,magnitude,1.25,"4km ESE of Simi Valley, CA"
ci40439200,2023-04-10,earthquake,USGS,real_downloaded,34.2553333,-118.6978333,magnitude,1.36,"4km ESE of Simi Valley, CA"
ci40439776,2023-04-11,earthquake,USGS,real_downloaded,33.9956667,-118.2898333,magnitude,1.58,"5km NW of Florence-Graham, CA"
ci40439784,2023-04-11,earthquake,USGS,real_downloaded,34.0006667,-118.3006667,magnitude,1.93,"4km E of View Park-Windsor Hills, CA"
ci40440248,2023-04-12,earthquake,USGS,real_downloaded,33.937,-117.9518333,magnitude,1.08,"1km NW of La Habra, CA"
ci40440272,2023-04-12,earthquake,USGS,real_downloaded,33.2835,-118.2775,magnitude,1.2,"8km SE of Avalon, CA"
ci40440376,2023-04-13,earthquake,USGS,real_downloaded,34.3043333,-118.465,magnitude,1.12,"2km WSW of Sylmar, CA"
ci40441224,2023-04-15,earthquake,USGS,real_downloaded,33.8281667,-117.6575,magnitude,2.31,"10km WSW of Corona, CA"
ci40441288,2023-04-15,earthquake,USGS,real_downloaded,33.9506667,-118.664,magnitude,1.7,"9km SSE of Malibu Beach, CA"
ci40441352,2023-04-16,earthquake,USGS,real_downloaded,33.7266667,-118.7951667,magnitude,2.27,"31km S of Malibu, CA"
ci40441648,2023-04-16,earthquake,USGS,real_downloaded,33.8768333,-117.762,magnitude,1.71,"5km ESE of Yorba Linda, CA"
ci40442040,2023-04-17,earthquake,USGS,real_downloaded,34.1823333,-117.9243333,magnitude,1.06,"6km NNW of Azusa, CA"
ci40442336,2023-04-18,earthquake,USGS,real_downloaded,34.1603333,-118.5003333,magnitude,1.0,"0km NW of Encino, CA"
ci40442632,2023-04-19,earthquake,USGS,real_downloaded,33.8278333,-117.6591667,magnitude,2.26,"10km WSW of Corona, CA"
ci40442640,2023-04-19,earthquake,USGS,real_downloaded,33.8275,-117.6626667,magnitude,1.42,"10km WSW of Corona, CA"
ci40442648,2023-04-19,earthquake,USGS,real_downloaded,33.8288333,-117.6646667,magnitude,1.19,"10km WSW of Corona, CA"
ci40442664,2023-04-19,earthquake,USGS,real_downloaded,33.8265,-117.663,magnitude,1.35,"10km WSW of Corona, CA"
ci40443040,2023-04-20,earthquake,USGS,real_downloaded,34.368,-118.4506667,magnitude,1.01,"7km N of Sylmar, CA"
ci40443240,2023-04-20,earthquake,USGS,real_downloaded,34.4661667,-118.788,magnitude,1.23,"6km N of Piru, CA"
ci40443272,2023-04-20,earthquake,USGS,real_downloaded,34.4831667,-118.8041667,magnitude,1.55,"8km N of Piru, CA"
ci40443656,2023-04-21,earthquake,USGS,real_downloaded,34.5036667,-118.8418333,magnitude,1.52,"11km NNW of Piru, CA"
ci40443792,2023-04-21,earthquake,USGS,real_downloaded,34.4566667,-117.9308333,magnitude,1.57,"6km SSW of Pearblossom, CA"
ci40444320,2023-04-23,earthquake,USGS,real_downloaded,34.5113333,-118.8373333,magnitude,1.15,"11km NNW of Piru, CA"
ci40444328,2023-04-23,earthquake,USGS,real_downloaded,34.0346667,-117.735,magnitude,1.07,"4km SSE of Pomona, CA"
ci40444432,2023-04-23,earthquake,USGS,real_downloaded,34.0328333,-117.7363333,magnitude,1.04,"4km SSE of Pomona, CA"
ci40444624,2023-04-23,earthquake,USGS,real_downloaded,32.9711667,-117.7671667,magnitude,1.73,"44km WSW of Carlsbad, CA"
ci40444656,2023-04-24,earthquake,USGS,real_downloaded,33.9156667,-117.8008333,magnitude,1.01,"3km NNE of Yorba Linda, CA"
ci40445688,2023-04-26,earthquake,USGS,real_downloaded,34.4108333,-118.3958333,magnitude,1.75,"10km E of Santa Clarita, CA"
ci40212895,2023-04-28,earthquake,USGS,real_downloaded,34.777,-118.9181667,magnitude,1.3,"6km SSE of Frazier Park, CA"
ci40215007,2023-04-29,earthquake,USGS,real_downloaded,34.4565,-117.9063333,magnitude,1.02,"6km S of Pearblossom, CA"
ci40216231,2023-04-30,earthquake,USGS,real_downloaded,34.215,-117.7523333,magnitude,2.46,"13km N of La Verne, CA"
ci40216503,2023-05-01,earthquake,USGS,real_downloaded,33.8851667,-118.6956667,magnitude,1.25,"16km S of Malibu Beach, CA"
ci40216943,2023-05-01,earthquake,USGS,real_downloaded,33.649,-117.8551667,magnitude,1.79,"4km NNW of San Joaquin Hills, CA"
ci40217871,2023-05-03,earthquake,USGS,real_downloaded,33.8451667,-117.7813333,magnitude,1.33,"4km NE of Villa Park, CA"
ci40217999,2023-05-03,earthquake,USGS,real_downloaded,34.4936667,-118.6958333,magnitude,1.95,"7km W of Castaic, CA"
ci40218823,2023-05-04,earthquake,USGS,real_downloaded,34.0431667,-118.3785,magnitude,1.14,"3km NE of Culver City, CA"
ci40219071,2023-05-04,earthquake,USGS,real_downloaded,33.8395,-118.279,magnitude,1.68,"1km NNE of Carson, CA"
ci40219367,2023-05-05,earthquake,USGS,real_downloaded,33.8708333,-118.4098333,magnitude,2.14,"1km NW of Hermosa Beach, CA"
ci40219759,2023-05-06,earthquake,USGS,real_downloaded,34.5056667,-118.7908333,magnitude,1.2,"10km N of Piru, CA"
ci40219959,2023-05-06,earthquake,USGS,real_downloaded,33.8343333,-117.6598333,magnitude,1.09,"9km WSW of Corona, CA"
ci40220055,2023-05-06,earthquake,USGS,real_downloaded,34.093,-117.8115,magnitude,1.35,"2km SSW of San Dimas, CA"
ci40220063,2023-05-06,earthquake,USGS,real_downloaded,33.9561667,-118.4285,magnitude,1.09,"3km SE of Marina del Rey, CA"
ci40220127,2023-05-06,earthquake,USGS,real_downloaded,34.0976667,-117.809,magnitude,1.17,"1km SSW of San Dimas, CA"
ci40220335,2023-05-07,earthquake,USGS,real_downloaded,33.6176667,-117.9715,magnitude,1.16,"4km W of Newport Beach, CA"
ci40220951,2023-05-08,earthquake,USGS,real_downloaded,34.0453333,-118.6536667,magnitude,3.32,"2km WNW of Las Flores, CA"
ci40220983,2023-05-08,earthquake,USGS,real_downloaded,34.0413333,-118.6498333,magnitude,1.67,"1km WNW of Las Flores, CA"
ci40220991,2023-05-08,earthquake,USGS,real_downloaded,33.4195,-118.886,magnitude,2.0,"17km ESE of Santa Barbara Is., CA"
ci40221215,2023-05-08,earthquake,USGS,real_downloaded,34.2963333,-118.6708333,magnitude,1.54,"7km ENE of Simi Valley, CA"
ci40221551,2023-05-09,earthquake,USGS,real_downloaded,33.9921667,-118.6315,magnitude,1.24,"5km S of Las Flores, CA"
ci40222031,2023-05-10,earthquake,USGS,real_downloaded,34.7811667,-117.7095,magnitude,1.31,"22km NNE of Lake Los Angeles, CA"
ci40222135,2023-05-10,earthquake,USGS,real_downloaded,34.2935,-118.6383333,magnitude,1.67,"5km NW of Chatsworth, CA"
ci40222511,2023-05-11,earthquake,USGS,real_downloaded,33.9996667,-118.3798333,magnitude,1.5,"1km WSW of Baldwin Hills, CA"
ci40222719,2023-05-11,earthquake,USGS,real_downloaded,33.701,-117.923,magnitude,1.78,"3km ESE of Fountain Valley, CA"
ci40223463,2023-05-12,earthquake,USGS,real_downloaded,33.874,-117.8343333,magnitude,1.03,"2km SW of Yorba Linda, CA"
ci40224047,2023-05-12,earthquake,USGS,real_downloaded,34.3625,-118.7458333,magnitude,1.54,"7km SE of Piru, CA"
ci40224071,2023-05-13,earthquake,USGS,real_downloaded,34.355,-118.7448333,magnitude,1.46,"8km SE of Piru, CA"
ci40224319,2023-05-13,earthquake,USGS,real_downloaded,34.5993333,-118.2635,magnitude,1.11,"3km SE of Leona Valley, CA"
ci40224551,2023-05-13,earthquake,USGS,real_downloaded,34.4118333,-118.4036667,magnitude,1.11,"9km E of Santa Clarita, CA"
ci37524037,2023-05-14,earthquake,USGS,real_downloaded,33.4675,-118.293,magnitude,1.82,"14km NNE of Avalon, CA"
ci40225239,2023-05-15,earthquake,USGS,real_downloaded,34.5046667,-118.8098333,magnitude,1.19,"10km N of Piru, CA"
ci40225759,2023-05-15,earthquake,USGS,real_downloaded,33.9961667,-118.6713333,magnitude,2.17,"4km SSE of Malibu Beach, CA"
ci40225791,2023-05-15,earthquake,USGS,real_downloaded,34.5045,-118.8085,magnitude,1.96,"10km N of Piru, CA"
ci40226383,2023-05-16,earthquake,USGS,real_downloaded,33.8851667,-118.4178333,magnitude,1.73,"1km W of Manhattan Beach, CA"
ci40226423,2023-05-17,earthquake,USGS,real_downloaded,33.521,-118.3208333,magnitude,2.37,"20km N of Avalon, CA"
ci40226639,2023-05-17,earthquake,USGS,real_downloaded,33.8678333,-117.6813333,magnitude,1.51,"10km W of Corona, CA"
ci40226695,2023-05-17,earthquake,USGS,real_downloaded,33.9223333,-118.342,magnitude,1.42,"1km NE of Hawthorne, CA"
ci40227711,2023-05-18,earthquake,USGS,real_downloaded,34.1758333,-117.9221667,magnitude,1.02,"5km NNW of Azusa, CA"
ci40228007,2023-05-19,earthquake,USGS,real_downloaded,34.3961667,-117.675,magnitude,1.15,"5km SSW of Pinon Hills, CA"
ci40228415,2023-05-19,earthquake,USGS,real_downloaded,34.2255,-117.65,magnitude,1.42,"13km NNW of Rancho Cucamonga, CA"
ci40228991,2023-05-20,earthquake,USGS,real_downloaded,34.273,-118.443,magnitude,1.09,"2km SSW of San Fernando, CA"
ci40232631,2023-05-24,earthquake,USGS,real_downloaded,33.8953333,-117.7581667,magnitude,1.46,"5km E of Yorba Linda, CA"
ci40233119,2023-05-24,earthquake,USGS,real_downloaded,34.5126667,-118.8445,magnitude,1.29,"12km NNW of Piru, CA"
ci40233263,2023-05-25,earthquake,USGS,real_downloaded,33.8525,-118.7351667,magnitude,1.64,"18km SSE of Malibu, CA"
ci40233311,2023-05-25,earthquake,USGS,real_downloaded,34.1358333,-117.6748333,magnitude,1.6,"5km NNW of Upland, CA"
ci40233527,2023-05-25,earthquake,USGS,real_downloaded,34.3478333,-118.463,magnitude,2.19,"5km NNW of Sylmar, CA"
ci40233559,2023-05-25,earthquake,USGS,real_downloaded,34.353,-118.479,magnitude,1.46,"6km NNW of Sylmar, CA"
ci40233895,2023-05-26,earthquake,USGS,real_downloaded,34.4961667,-118.7011667,magnitude,1.22,"7km W of Castaic, CA"
ci40235591,2023-05-27,earthquake,USGS,real_downloaded,34.5111667,-118.8423333,magnitude,1.3,"12km NNW of Piru, CA"
ci40236895,2023-05-29,earthquake,USGS,real_downloaded,33.9885,-118.1041667,magnitude,1.53,"1km NW of Pico Rivera, CA"
ci40237231,2023-05-30,earthquake,USGS,real_downloaded,32.8166667,-118.4318333,magnitude,2.25,"8km W of San Clemente Is. (SE tip), CA"
ci40237679,2023-05-30,earthquake,USGS,real_downloaded,34.468,-117.9743333,magnitude,1.57,"6km S of Littlerock, CA"
ci40238479,2023-05-31,earthquake,USGS,real_downloaded,34.351,-118.465,magnitude,1.43,"5km NNW of Sylmar, CA"
ci40238615,2023-05-31,earthquake,USGS,real_downloaded,33.818,-118.1811667,magnitude,2.08,"2km NW of Signal Hill, CA"
ci40238647,2023-05-31,earthquake,USGS,real_downloaded,33.8158333,-118.1711667,magnitude,2.32,"1km NNW of Signal Hill, CA"
ci40239047,2023-05-31,earthquake,USGS,real_downloaded,33.973,-118.199,magnitude,1.46,"1km WSW of Bell, CA"
ci40239415,2023-06-01,earthquake,USGS,real_downloaded,33.812,-118.171,magnitude,2.67,"1km NNW of Signal Hill, CA"
ci40239615,2023-06-01,earthquake,USGS,real_downloaded,33.9853333,-118.6841667,magnitude,1.41,"5km S of Malibu Beach, CA"
ci40476048,2023-06-02,earthquake,USGS,real_downloaded,34.3493333,-118.4753333,magnitude,1.02,"5km NNW of Sylmar, CA"
ci40476792,2023-06-03,earthquake,USGS,real_downloaded,34.4558333,-117.9301667,magnitude,1.56,"6km SSW of Pearblossom, CA"
ci40476856,2023-06-03,earthquake,USGS,real_downloaded,33.836,-118.6633333,magnitude,1.74,"22km S of Malibu Beach, CA"
ci40477040,2023-06-03,earthquake,USGS,real_downloaded,34.3098333,-118.4526667,magnitude,1.24,"0km WNW of Sylmar, CA"
ci40477680,2023-06-04,earthquake,USGS,real_downloaded,33.6011667,-117.9418333,magnitude,1.41,"2km SSW of Newport Beach, CA"
ci40479120,2023-06-05,earthquake,USGS,real_downloaded,34.2915,-118.4678333,magnitude,1.6,"2km SW of Sylmar, CA"
ci40480208,2023-06-07,earthquake,USGS,real_downloaded,34.4695,-117.9761667,magnitude,1.26,"6km S of Littlerock, CA"
ci40480408,2023-06-08,earthquake,USGS,real_downloaded,33.8506667,-117.8631667,magnitude,1.27,"2km SSE of Placentia, CA"
ci40480440,2023-06-08,earthquake,USGS,real_downloaded,33.8231667,-118.2508333,magnitude,2.54,"3km ESE of Carson, CA"
ci40480448,2023-06-08,earthquake,USGS,real_downloaded,33.8136667,-118.2498333,magnitude,1.19,"4 km ESE of Carson, CA"
ci40481064,2023-06-08,earthquake,USGS,real_downloaded,34.2075,-118.0125,magnitude,3.07,"6km NE of Sierra Madre, CA"
ci40481072,2023-06-08,earthquake,USGS,real_downloaded,34.2056667,-118.0143333,magnitude,2.65,"6km NE of Sierra Madre, CA"
ci40481120,2023-06-08,earthquake,USGS,real_downloaded,34.2101667,-118.0135,magnitude,1.9,"6km NE of Sierra Madre, CA"
ci40481208,2023-06-09,earthquake,USGS,real_downloaded,34.1923333,-118.0141667,magnitude,1.36,"5km NE of Sierra Madre, CA"
ci40482456,2023-06-10,earthquake,USGS,real_downloaded,33.9555,-117.7156667,magnitude,2.7,"6km SE of Chino Hills, CA"
ci40482488,2023-06-10,earthquake,USGS,real_downloaded,33.9555,-117.7145,magnitude,1.44,"6km SE of Chino Hills, CA"
ci40483312,2023-06-11,earthquake,USGS,real_downloaded,33.9743333,-117.784,magnitude,1.77,"3km SW of Chino Hills, CA"
ci40483600,2023-06-12,earthquake,USGS,real_downloaded,33.2721667,-118.2315,magnitude,1.63,"12km SE of Avalon, CA"
ci40483824,2023-06-12,earthquake,USGS,real_downloaded,33.9566667,-117.7125,magnitude,1.6,"6km SE of Chino Hills, CA"
ci40484728,2023-06-13,earthquake,USGS,real_downloaded,34.0973333,-118.2835,magnitude,1.72,"2km WNW of Silver Lake, CA"
ci40485760,2023-06-14,earthquake,USGS,real_downloaded,34.577,-118.0271667,magnitude,1.06,"7km E of Palmdale, CA"
ci40486168,2023-06-15,earthquake,USGS,real_downloaded,34.208,-118.0136667,magnitude,2.2,"6km NE of Sierra Madre, CA"
ci40486280,2023-06-15,earthquake,USGS,real_downloaded,33.9708333,-118.4236667,magnitude,1.29,"3km ESE of Marina del Rey, CA"
ci40487016,2023-06-16,earthquake,USGS,real_downloaded,34.458,-117.9595,magnitude,1.56,"7km SW of Pearblossom, CA"
ci40487352,2023-06-16,earthquake,USGS,real_downloaded,34.458,-117.957,magnitude,1.93,"7km SW of Pearblossom, CA"
ci40487480,2023-06-16,earthquake,USGS,real_downloaded,34.011,-118.8636667,magnitude,2.63,"5km W of Malibu, CA"
ci40487776,2023-06-17,earthquake,USGS,real_downloaded,33.828,-117.6701667,magnitude,1.6,"10km WSW of Corona, CA"
ci40488000,2023-06-18,earthquake,USGS,real_downloaded,33.908,-117.7833333,magnitude,1.73,"4km NE of Yorba Linda, CA"
ci40488144,2023-06-18,earthquake,USGS,real_downloaded,34.4596667,-117.9606667,magnitude,1.38,"7km SW of Pearblossom, CA"
ci40488152,2023-06-18,earthquake,USGS,real_downloaded,34.0445,-118.7478333,magnitude,2.18,"6km WNW of Malibu Beach, CA"
ci40488608,2023-06-19,earthquake,USGS,real_downloaded,33.706,-118.0416667,magnitude,1.21,"4km WNW of Huntington Beach, CA"
ci40488952,2023-06-19,earthquake,USGS,real_downloaded,34.5913333,-118.9033333,magnitude,1.53,"21km N of Fillmore, CA"
ci40489376,2023-06-19,earthquake,USGS,real_downloaded,34.4561667,-117.956,magnitude,1.89,"7km SW of Pearblossom, CA"
ci40490752,2023-06-21,earthquake,USGS,real_downloaded,33.8301667,-117.6636667,magnitude,2.12,"10km WSW of Corona, CA"
ci40490936,2023-06-21,earthquake,USGS,real_downloaded,34.2688333,-118.8145,magnitude,1.54,"6km ESE of Moorpark, CA"
ci40491392,2023-06-21,earthquake,USGS,real_downloaded,32.7945,-118.3161667,magnitude,2.28,"4km SE of San Clemente Is. (SE tip), CA"
ci40492088,2023-06-22,earthquake,USGS,real_downloaded,33.8365,-117.6705,magnitude,1.14,"10km WSW of Corona, CA"
ci40492720,2023-06-23,earthquake,USGS,real_downloaded,33.9638333,-118.8765,magnitude,1.3,"8 km SW of Malibu, CA"
ci40493888,2023-06-24,earthquake,USGS,real_downloaded,34.2036667,-118.586,magnitude,1.15,"2km ENE of Canoga Park, CA"
ci40495320,2023-06-26,earthquake,USGS,real_downloaded,33.8743333,-117.8851667,magnitude,1.25,"1km W of Placentia, CA"
ci40496744,2023-06-27,earthquake,USGS,real_downloaded,34.4006667,-117.6671667,magnitude,1.07,"4km SSW of Pinon Hills, CA"
ci40497240,2023-06-27,earthquake,USGS,real_downloaded,34.807,-118.9211667,magnitude,2.06,"3km SE of Frazier Park, CA"
ci40497632,2023-06-28,earthquake,USGS,real_downloaded,33.9623333,-118.9088333,magnitude,1.82,"10km WSW of Malibu, CA"
ci40497856,2023-06-28,earthquake,USGS,real_downloaded,33.8301667,-117.6638333,magnitude,1.25,"10km WSW of Corona, CA"
ci40497864,2023-06-28,earthquake,USGS,real_downloaded,33.4676667,-118.0715,magnitude,1.43,"21km SW of Newport Beach, CA"
ci40497880,2023-06-28,earthquake,USGS,real_downloaded,33.8308333,-117.6613333,magnitude,1.81,"10km WSW of Corona, CA"
ci40498856,2023-06-29,earthquake,USGS,real_downloaded,33.8906667,-117.6826667,magnitude,1.2,"11km WNW of Corona, CA"
ci40498888,2023-06-29,earthquake,USGS,real_downloaded,33.8283333,-117.664,magnitude,1.55,"10km WSW of Corona, CA"
ci40499536,2023-06-29,earthquake,USGS,real_downloaded,33.8293333,-117.6643333,magnitude,1.1,"10km WSW of Corona, CA"
ci40500064,2023-06-30,earthquake,USGS,real_downloaded,34.4626667,-117.9568333,magnitude,1.23,"7km SW of Pearblossom, CA"
ci40500152,2023-06-30,earthquake,USGS,real_downloaded,34.285,-118.4963333,magnitude,1.37,"2km NNE of Granada Hills, CA"
ci40500208,2023-06-30,earthquake,USGS,real_downloaded,34.5011667,-118.6941667,magnitude,1.6,"7km WNW of Castaic, CA"
ci40500424,2023-06-30,earthquake,USGS,real_downloaded,34.078,-118.1943333,magnitude,1.04,"5km S of Highland Park, CA"
ci40501160,2023-07-01,earthquake,USGS,real_downloaded,34.2473333,-118.9515,magnitude,1.29,"8km WSW of Moorpark, CA"
ci40501272,2023-07-01,earthquake,USGS,real_downloaded,34.0613333,-118.9351667,magnitude,2.03,"13km WNW of Malibu, CA"
ci40501320,2023-07-01,earthquake,USGS,real_downloaded,33.7726667,-118.8028333,magnitude,1.73,"26km S of Malibu, CA"
ci40501944,2023-07-02,earthquake,USGS,real_downloaded,33.2896667,-118.1363333,magnitude,1.76,"19km ESE of Avalon, CA"
ci40501968,2023-07-02,earthquake,USGS,real_downloaded,33.827,-118.881,magnitude,3.72,"21km SSW of Malibu, CA"
ci40501976,2023-07-02,earthquake,USGS,real_downloaded,33.8568333,-118.8816667,magnitude,1.97,"18km SSW of Malibu, CA"
ci40502144,2023-07-02,earthquake,USGS,real_downloaded,33.7283333,-118.3851667,magnitude,1.7,"2km S of Rancho Palos Verdes, CA"
ci40503168,2023-07-04,earthquake,USGS,real_downloaded,32.9671667,-117.7255,magnitude,1.23,"41km WSW of Carlsbad, CA"
ci40504072,2023-07-05,earthquake,USGS,real_downloaded,34.5393333,-118.9021667,magnitude,1.14,"16km N of Fillmore, CA"
ci39605658,2023-07-06,earthquake,USGS,real_downloaded,34.2976667,-118.4485,magnitude,2.02,"1 km S of Sylmar, CA"
ci39605826,2023-07-06,earthquake,USGS,real_downloaded,34.1755,-117.93,magnitude,1.0,"5km NE of Bradbury, CA"
ci39606434,2023-07-07,earthquake,USGS,real_downloaded,33.7038333,-118.8713333,magnitude,1.84,"31km NE of Santa Barbara Is., CA"
ci39607282,2023-07-08,earthquake,USGS,real_downloaded,33.8261667,-118.2643333,magnitude,1.4,"2km ESE of Carson, CA"
ci39607826,2023-07-08,earthquake,USGS,real_downloaded,34.6133333,-118.6468333,magnitude,1.0,"14km N of Castaic, CA"
ci39608042,2023-07-09,earthquake,USGS,real_downloaded,34.3078333,-118.449,magnitude,1.41,"0km W of Sylmar, CA"
ci39609194,2023-07-10,earthquake,USGS,real_downloaded,33.0631667,-118.0706667,magnitude,1.16,"37 km NE of San Clemente Is. (SE tip), CA"
ci39609570,2023-07-11,earthquake,USGS,real_downloaded,34.3245,-118.587,magnitude,1.57,"8km N of Chatsworth, CA"
ci39610538,2023-07-12,earthquake,USGS,real_downloaded,34.0496667,-118.9361667,magnitude,1.39,"13km WNW of Malibu, CA"
ci39611274,2023-07-13,earthquake,USGS,real_downloaded,33.2935,-118.3176667,magnitude,1.31,"6 km S of Avalon, CA"
ci39611658,2023-07-13,earthquake,USGS,real_downloaded,34.541,-118.8928333,magnitude,1.83,"16km N of Fillmore, CA"
ci39612026,2023-07-13,earthquake,USGS,real_downloaded,34.1658333,-118.5348333,magnitude,1.29,"2km ESE of Tarzana, CA"
ci39612498,2023-07-14,earthquake,USGS,real_downloaded,34.0263333,-118.2123333,magnitude,1.38,"4km W of East Los Angeles, CA"
ci39613154,2023-07-14,earthquake,USGS,real_downloaded,34.0483333,-118.4205,magnitude,1.51,"1km SSW of Century City, CA"
ci39613442,2023-07-15,earthquake,USGS,real_downloaded,33.8921667,-117.9865,magnitude,2.32,"3km NNE of Buena Park, CA"
ci39614050,2023-07-16,earthquake,USGS,real_downloaded,33.8,-117.82,magnitude,1.11,"1km ESE of Orange, CA"
ci39614642,2023-07-17,earthquake,USGS,real_downloaded,33.9475,-117.7385,magnitude,1.26,"6km SSE of Chino Hills, CA"
ci39615106,2023-07-17,earthquake,USGS,real_downloaded,34.4216667,-118.6423333,magnitude,1.14,"8km WSW of Valencia, CA"
ci39615330,2023-07-18,earthquake,USGS,real_downloaded,33.835,-117.6676667,magnitude,1.14,"10km WSW of Corona, CA"
ci39615986,2023-07-19,earthquake,USGS,real_downloaded,33.9705,-118.2051667,magnitude,2.68,"2km WSW of Bell, CA"
ci39615994,2023-07-19,earthquake,USGS,real_downloaded,33.972,-118.2088333,magnitude,2.77,"2km ENE of Walnut Park, CA"
ci39617066,2023-07-19,earthquake,USGS,real_downloaded,34.0836667,-118.1851667,magnitude,1.79,"4km SSE of Highland Park, CA"
ci39617482,2023-07-20,earthquake,USGS,real_downloaded,34.8121667,-118.895,magnitude,1.35,"4km WNW of Gorman, CA"
ci39618650,2023-07-21,earthquake,USGS,real_downloaded,34.1803333,-117.9258333,magnitude,1.03,"6km NNW of Azusa, CA"
ci39618786,2023-07-21,earthquake,USGS,real_downloaded,34.7691667,-118.9183333,magnitude,1.93,"6km SSE of Frazier Park, CA"
ci39618922,2023-07-21,earthquake,USGS,real_downloaded,34.1755,-117.6676667,magnitude,1.45,"9km NNW of Upland, CA"
ci39619714,2023-07-23,earthquake,USGS,real_downloaded,33.5576667,-118.1845,magnitude,1.38,"22km SSW of Seal Beach, CA"
ci39619922,2023-07-23,earthquake,USGS,real_downloaded,34.5021667,-118.6958333,magnitude,1.6,"7km WNW of Castaic, CA"
ci39620186,2023-07-24,earthquake,USGS,real_downloaded,33.87,-118.2571667,magnitude,1.79,"4km SW of Compton, CA"
ci39622242,2023-07-26,earthquake,USGS,real_downloaded,34.3018333,-118.5683333,magnitude,1.59,"6km NNE of Chatsworth, CA"
ci39623194,2023-07-26,earthquake,USGS,real_downloaded,33.284,-118.2786667,magnitude,1.17,"8km SE of Avalon, CA"
ci39623322,2023-07-27,earthquake,USGS,real_downloaded,33.9623333,-118.3401667,magnitude,1.25,"1km NE of Inglewood, CA"
ci39623834,2023-07-27,earthquake,USGS,real_downloaded,34.1801667,-117.9205,magnitude,1.25,"5km NNW of Azusa, CA"
ci39624178,2023-07-28,earthquake,USGS,real_downloaded,34.2563333,-118.4081667,magnitude,1.19,"1 km SE of Pacoima, CA"
ci39624202,2023-07-28,earthquake,USGS,real_downloaded,34.539,-118.8945,magnitude,1.89,"16 km N of Fillmore, CA"
ci39624370,2023-07-28,earthquake,USGS,real_downloaded,34.0701667,-118.1281667,magnitude,1.43,"1 km NNW of Monterey Park, CA"
ci39624962,2023-07-29,earthquake,USGS,real_downloaded,34.4593333,-117.9533333,magnitude,1.34,"7 km SW of Pearblossom, CA"
ci39625042,2023-07-29,earthquake,USGS,real_downloaded,34.1355,-118.3568333,magnitude,1.03,"0 km SW of Universal City, CA"
ci39625754,2023-07-30,earthquake,USGS,real_downloaded,34.5081667,-118.9508333,magnitude,1.43,"12 km NNW of Fillmore, CA"
ci39625826,2023-07-31,earthquake,USGS,real_downloaded,33.9456667,-117.8271667,magnitude,1.09,"6 km NNW of Yorba Linda, CA"
ci39626626,2023-08-01,earthquake,USGS,real_downloaded,33.9403333,-118.3465,magnitude,1.66,"1 km ENE of Lennox, CA"
ci39628378,2023-08-03,earthquake,USGS,real_downloaded,34.1606667,-118.3558333,magnitude,1.29,"2 km ESE of North Hollywood, CA"
ci39628458,2023-08-03,earthquake,USGS,real_downloaded,32.9923333,-117.7416667,magnitude,3.09,"41 km WSW of Carlsbad, CA"
ci39628506,2023-08-03,earthquake,USGS,real_downloaded,34.8053333,-118.9308333,magnitude,2.16,"2 km SSE of Frazier Park, CA"
ci40529456,2023-08-04,earthquake,USGS,real_downloaded,34.5335,-118.8811667,magnitude,1.13,"15 km NNE of Fillmore, CA"
ci40529888,2023-08-04,earthquake,USGS,real_downloaded,34.4208333,-118.3965,magnitude,1.67,"10 km E of Santa Clarita, CA"
ci40530904,2023-08-06,earthquake,USGS,real_downloaded,34.142,-118.1233333,magnitude,1.36,"0 km NNE of Caltech, Pasadena, CA"
ci40531032,2023-08-07,earthquake,USGS,real_downloaded,34.2981667,-118.4868333,magnitude,2.13,"3 km NNE of Granada Hills, CA"
ci40531048,2023-08-07,earthquake,USGS,real_downloaded,34.5588333,-118.9225,magnitude,1.15,"18 km N of Fillmore, CA"
ci40531080,2023-08-07,earthquake,USGS,real_downloaded,34.3423333,-118.8241667,magnitude,1.3,"8 km NE of Moorpark, CA"
ci40531632,2023-08-08,earthquake,USGS,real_downloaded,33.9581667,-118.4143333,magnitude,1.23,"4 km SE of Marina del Rey, CA"
ci40532392,2023-08-09,earthquake,USGS,real_downloaded,33.8696667,-118.2685,magnitude,1.68,"4 km ESE of Gardena, CA"
ci40532840,2023-08-10,earthquake,USGS,real_downloaded,33.8765,-117.8036667,magnitude,1.25,"2 km SSE of Yorba Linda, CA"
ci40532872,2023-08-10,earthquake,USGS,real_downloaded,34.5578333,-118.5276667,magnitude,1.07,"12 km NE of Castaic, CA"
ci40533016,2023-08-10,earthquake,USGS,real_downloaded,34.466,-118.6941667,magnitude,1.04,"7 km WSW of Castaic, CA"
ci40533960,2023-08-11,earthquake,USGS,real_downloaded,33.5348333,-117.9045,magnitude,1.45,"10 km SSE of Newport Beach, CA"
ci40534064,2023-08-11,earthquake,USGS,real_downloaded,34.523,-118.8215,magnitude,1.17,"12 km NNW of Piru, CA"
ci37528309,2023-08-11,earthquake,USGS,real_downloaded,34.5203333,-118.8161667,magnitude,1.29,"12 km N of Piru, CA"
ci40535056,2023-08-12,earthquake,USGS,real_downloaded,33.3635,-118.0936667,magnitude,2.3,"22 km E of Avalon, CA"
ci40535992,2023-08-13,earthquake,USGS,real_downloaded,34.4775,-117.9653333,magnitude,1.02,"5 km SSE of Littlerock, CA"
ci40536104,2023-08-13,earthquake,USGS,real_downloaded,34.4761667,-117.965,magnitude,1.19,"5 km SSE of Littlerock, CA"
ci40536152,2023-08-13,earthquake,USGS,real_downloaded,34.6333333,-118.697,magnitude,1.47,"17 km NNW of Castaic, CA"
ci40536176,2023-08-14,earthquake,USGS,real_downloaded,34.0073333,-118.9231667,magnitude,1.52,"10 km W of Malibu, CA"
ci40537240,2023-08-15,earthquake,USGS,real_downloaded,33.6898333,-118.3406667,magnitude,1.26,"7 km SW of San Pedro, CA"
ci40537624,2023-08-15,earthquake,USGS,real_downloaded,33.7176667,-118.7276667,magnitude,2.32,"32 km W of Rancho Palos Verdes, CA"
ci40537744,2023-08-15,earthquake,USGS,real_downloaded,34.4718333,-117.9561667,magnitude,1.18,"6 km SW of Pearblossom, CA"
ci40537880,2023-08-16,earthquake,USGS,real_downloaded,34.4945,-118.1301667,magnitude,1.16,"1 km WSW of Vincent, CA"
ci40538448,2023-08-16,earthquake,USGS,real_downloaded,34.1778333,-117.9218333,magnitude,1.14,"5 km NNW of Azusa, CA"
ci40538616,2023-08-17,earthquake,USGS,real_downloaded,32.9938333,-118.8406667,magnitude,3.44,"22 km W of San Clemente Is. (NW tip), CA"
ci39643402,2023-08-18,earthquake,USGS,real_downloaded,34.2758333,-118.8118333,magnitude,1.72,"6 km E of Moorpark, CA"
ci37528429,2023-08-18,earthquake,USGS,real_downloaded,33.8186667,-117.6998333,magnitude,1.02,"10 km E of Villa Park, CA"
ci39644002,2023-08-18,earthquake,USGS,real_downloaded,33.3623333,-118.1078333,magnitude,2.17,"20 km E of Avalon, CA"
ci39644946,2023-08-19,earthquake,USGS,real_downloaded,34.2228333,-117.649,magnitude,1.22,"13 km NNW of Rancho Cucamonga, CA"
ci39645370,2023-08-20,earthquake,USGS,real_downloaded,33.9991667,-118.3553333,magnitude,1.35,"1 km WNW of View Park-Windsor Hills, CA"
ci39645762,2023-08-20,earthquake,USGS,real_downloaded,34.0248333,-118.3133333,magnitude,1.59,"5 km NE of View Park-Windsor Hills, CA"
ci39646674,2023-08-21,earthquake,USGS,real_downloaded,34.2046667,-117.8355,magnitude,1.18,"8 km NNE of Glendora, CA"
ci39647138,2023-08-22,earthquake,USGS,real_downloaded,34.3061667,-118.4606667,magnitude,1.01,"1 km W of Sylmar, CA"
ci39647586,2023-08-22,earthquake,USGS,real_downloaded,34.141,-118.1255,magnitude,1.18,"0 km N of Caltech, Pasadena, CA"
ci39647778,2023-08-22,earthquake,USGS,real_downloaded,34.1425,-118.1228333,magnitude,1.22,"0 km NNE of Caltech, Pasadena, CA"
ci39649290,2023-08-24,earthquake,USGS,real_downloaded,33.0055,-118.0175,magnitude,1.52,"37 km NE of San Clemente Is. (SE tip), CA"
ci39649738,2023-08-24,earthquake,USGS,real_downloaded,33.9728333,-118.3053333,magnitude,2.66,"4 km ENE of Inglewood, CA"
ci39650530,2023-08-25,earthquake,USGS,real_downloaded,33.8275,-118.2498333,magnitude,2.69,"3 km E of Carson, CA"
ci39650594,2023-08-25,earthquake,USGS,real_downloaded,34.5693333,-118.9301667,magnitude,2.17,"19 km N of Fillmore, CA"
ci39652354,2023-08-27,earthquake,USGS,real_downloaded,33.9623333,-118.7496667,magnitude,1.1,"7 km SE of Malibu, CA"
ci39652362,2023-08-27,earthquake,USGS,real_downloaded,34.0518333,-118.9178333,magnitude,1.73,"11 km WNW of Malibu, CA"
ci39653906,2023-08-29,earthquake,USGS,real_downloaded,33.0018333,-117.9176667,magnitude,3.6,"45 km ENE of San Clemente Is. (SE tip), CA"
ci39653914,2023-08-29,earthquake,USGS,real_downloaded,33.0323333,-117.8685,magnitude,1.59,"50 km SSW of San Clemente, CA"
ci39653930,2023-08-29,earthquake,USGS,real_downloaded,33.0196667,-117.9218333,magnitude,1.43,"45 km ENE of San Clemente Is. (SE tip), CA"
ci39653954,2023-08-29,earthquake,USGS,real_downloaded,34.0375,-118.345,magnitude,1.63,"4 km NNE of Baldwin Hills, CA"
ci39654722,2023-08-30,earthquake,USGS,real_downloaded,33.8161667,-117.6611667,magnitude,1.08,"10 km SW of Corona, CA"
ci39655802,2023-08-31,earthquake,USGS,real_downloaded,32.9926667,-117.9413333,magnitude,1.63,"42 km ENE of San Clemente Is. (SE tip), CA"
ci39656170,2023-08-31,earthquake,USGS,real_downloaded,34.0885,-118.6328333,magnitude,1.87,"3 km W of Topanga, CA"
ci39656378,2023-08-31,earthquake,USGS,real_downloaded,33.0181667,-117.9088333,magnitude,1.98,"46 km ENE of San Clemente Is. (SE tip), CA"
ci39656522,2023-09-01,earthquake,USGS,real_downloaded,34.3525,-118.5201667,magnitude,1.21,"7 km S of Santa Clarita, CA"
ci39657226,2023-09-02,earthquake,USGS,real_downloaded,33.6848333,-118.0358333,magnitude,1.5,"3 km WSW of Huntington Beach, CA"
ci39657306,2023-09-02,earthquake,USGS,real_downloaded,33.8743333,-117.806,magnitude,1.0,"2 km SSE of Yorba Linda, CA"
ci39658026,2023-09-04,earthquake,USGS,real_downloaded,33.816,-118.2541667,magnitude,1.31,"3 km ESE of Carson, CA"
ci39659250,2023-09-06,earthquake,USGS,real_downloaded,33.3308333,-117.9638333,magnitude,1.53,"29 km SW of Laguna Beach, CA"
ci39659898,2023-09-06,earthquake,USGS,real_downloaded,34.1813333,-117.9278333,magnitude,1.25,"6 km NE of Bradbury, CA"
ci39660178,2023-09-07,earthquake,USGS,real_downloaded,33.8933333,-117.9993333,magnitude,1.38,"3 km N of Buena Park, CA"
ci39660450,2023-09-07,earthquake,USGS,real_downloaded,34.8136667,-118.9151667,magnitude,1.35,"3 km ESE of Frazier Park, CA"
ci39661034,2023-09-08,earthquake,USGS,real_downloaded,33.9813333,-118.7141667,magnitude,1.64,"6 km SSW of Malibu Beach, CA"
ci39661682,2023-09-08,earthquake,USGS,real_downloaded,34.4265,-117.7085,magnitude,1.13,"6 km W of Pinon Hills, CA"
ci39663162,2023-09-11,earthquake,USGS,real_downloaded,34.811,-118.9183333,magnitude,1.3,"3 km ESE of Frazier Park, CA"
ci39664058,2023-09-13,earthquake,USGS,real_downloaded,33.8693333,-118.4421667,magnitude,1.48,"3 km WSW of Manhattan Beach, CA"
ci39665210,2023-09-14,earthquake,USGS,real_downloaded,33.9363333,-118.2856667,magnitude,1.13,"4 km NW of Willowbrook, CA"
ci39667186,2023-09-16,earthquake,USGS,real_downloaded,33.9888333,-118.346,magnitude,2.56,"1 km SSE of View Park-Windsor Hills, CA"
ci39667194,2023-09-16,earthquake,USGS,real_downloaded,34.0265,-118.357,magnitude,1.54,"3 km NNE of Baldwin Hills, CA"
ci39667706,2023-09-17,earthquake,USGS,real_downloaded,34.5508333,-118.7498333,magnitude,1.11,"14 km WNW of Castaic, CA"
ci39668114,2023-09-18,earthquake,USGS,real_downloaded,34.4661667,-117.955,magnitude,1.11,"6 km SW of Pearblossom, CA"
ci39668178,2023-09-18,earthquake,USGS,real_downloaded,34.1755,-117.9338333,magnitude,1.05,"5 km NE of Bradbury, CA"
ci39668730,2023-09-19,earthquake,USGS,real_downloaded,34.052,-117.7578333,magnitude,1.36,"1 km S of Pomona, CA"
ci39668738,2023-09-19,earthquake,USGS,real_downloaded,33.8338333,-117.6591667,magnitude,2.12,"9 km WSW of Corona, CA"
ci39669330,2023-09-20,earthquake,USGS,real_downloaded,33.9833333,-118.342,magnitude,1.09,"2 km SSE of View Park-Windsor Hills, CA"
ci39670178,2023-09-21,earthquake,USGS,real_downloaded,34.0543333,-118.0211667,magnitude,1.43,"2 km SSE of El Monte, CA"
ci40570824,2023-09-23,earthquake,USGS,real_downloaded,33.911,-118.2713333,magnitude,1.28,"2 km WSW of Willowbrook, CA"
ci40570840,2023-09-23,earthquake,USGS,real_downloaded,33.9996667,-118.3465,magnitude,1.09,"0 km NNE of View Park-Windsor Hills, CA"
ci40571096,2023-09-23,earthquake,USGS,real_downloaded,34.496,-118.7001667,magnitude,1.21,"7 km W of Castaic, CA"
ci40571144,2023-09-23,earthquake,USGS,real_downloaded,33.9981667,-118.7138333,magnitude,1.48,"4 km SSW of Malibu Beach, CA"
ci40571160,2023-09-23,earthquake,USGS,real_downloaded,33.9991667,-118.7165,magnitude,1.34,"4 km SW of Malibu Beach, CA"
ci40571712,2023-09-24,earthquake,USGS,real_downloaded,33.8663333,-118.2346667,magnitude,1.4,"4 km SSW of Compton, CA"
ci40572040,2023-09-25,earthquake,USGS,real_downloaded,34.0746667,-118.1848333,magnitude,1.16,"5 km NNW of East Los Angeles, CA"
ci40572120,2023-09-25,earthquake,USGS,real_downloaded,33.9286667,-117.8086667,magnitude,1.15,"4 km N of Yorba Linda, CA"
ci40573720,2023-09-28,earthquake,USGS,real_downloaded,33.6458333,-117.9698333,magnitude,1.41,"5 km NW of Newport Beach, CA"
ci40573864,2023-09-28,earthquake,USGS,real_downloaded,34.5173333,-118.1023333,magnitude,1.62,"2 km NE of Vincent, CA"
ci40574680,2023-09-30,earthquake,USGS,real_downloaded,33.5551667,-118.1826667,magnitude,2.01,"22 km SSW of Seal Beach, CA"
ci40575064,2023-10-01,earthquake,USGS,real_downloaded,33.9928333,-118.3416667,magnitude,1.47,"1 km ESE of View Park-Windsor Hills, CA"
ci40575104,2023-10-01,earthquake,USGS,real_downloaded,33.968,-118.8661667,magnitude,1.99,"7 km SW of Malibu, CA"
ci40577176,2023-10-04,earthquake,USGS,real_downloaded,33.8598333,-117.7786667,magnitude,1.15,"4 km SE of Yorba Linda, CA"
ci40577400,2023-10-05,earthquake,USGS,real_downloaded,33.8531667,-117.8186667,magnitude,1.21,"4 km S of Yorba Linda, CA"
ci40578264,2023-10-06,earthquake,USGS,real_downloaded,34.043,-118.3638333,magnitude,1.5,"4 km NE of Culver City, CA"
ci40578472,2023-10-07,earthquake,USGS,real_downloaded,33.9705,-118.1838333,magnitude,1.99,"1 km SSE of Bell, CA"
ci40578888,2023-10-08,earthquake,USGS,real_downloaded,33.9893333,-118.8161667,magnitude,1.19,"2 km SSW of Malibu, CA"
ci40579248,2023-10-09,earthquake,USGS,real_downloaded,33.999,-117.8418333,magnitude,1.14,"3 km SE of Walnut, CA"
ci40579512,2023-10-09,earthquake,USGS,real_downloaded,33.9961667,-117.8418333,magnitude,1.34,"3 km SE of Walnut, CA"
ci40579712,2023-10-09,earthquake,USGS,real_downloaded,34.0883333,-118.2615,magnitude,2.59,"0 km SE of Silver Lake, CA"
ci40580368,2023-10-10,earthquake,USGS,real_downloaded,33.8568333,-117.7536667,magnitude,1.39,"6 km ESE of Yorba Linda, CA"
ci40580392,2023-10-10,earthquake,USGS,real_downloaded,33.8518333,-117.7398333,magnitude,1.9,"8 km ESE of Yorba Linda, CA"
ci40580440,2023-10-10,earthquake,USGS,real_downloaded,34.2955,-118.5391667,magnitude,1.03,"4 km NW of Granada Hills, CA"
ci40580952,2023-10-11,earthquake,USGS,real_downloaded,33.9971667,-117.8413333,magnitude,1.08,"3 km SE of Walnut, CA"
ci40580992,2023-10-11,earthquake,USGS,real_downloaded,34.0025,-117.834,magnitude,1.21,"4 km SE of Walnut, CA"
ci40581104,2023-10-11,earthquake,USGS,real_downloaded,34.072,-118.1051667,magnitude,2.71,"2 km ENE of Monterey Park, CA"
ci40581136,2023-10-11,earthquake,USGS,real_downloaded,34.0586667,-118.1221667,magnitude,1.38,"0 km S of Monterey Park, CA"
ci40581200,2023-10-11,earthquake,USGS,real_downloaded,34.0633333,-118.1141667,magnitude,1.33,"1 km E of Monterey Park, CA"
ci40581312,2023-10-11,earthquake,USGS,real_downloaded,34.067,-118.1163333,magnitude,1.17,"1 km NE of Monterey Park, CA"
ci40581496,2023-10-12,earthquake,USGS,real_downloaded,33.9166667,-118.2735,magnitude,1.29,"2 km W of Willowbrook, CA"
ci40581528,2023-10-12,earthquake,USGS,real_downloaded,33.9085,-118.2701667,magnitude,2.52,"2 km SW of Willowbrook, CA"
ci40581584,2023-10-12,earthquake,USGS,real_downloaded,34.0428333,-118.6873333,magnitude,1.71,"1 km N of Malibu Beach, CA"
ci40582000,2023-10-13,earthquake,USGS,real_downloaded,33.357,-117.9275,magnitude,1.72,"25 km WSW of Dana Point, CA"
ci40583128,2023-10-16,earthquake,USGS,real_downloaded,33.4285,-118.0186667,magnitude,2.56,"23 km SSW of Newport Beach, CA"
ci40583288,2023-10-17,earthquake,USGS,real_downloaded,34.1295,-118.504,magnitude,1.97,"3 km S of Encino, CA"
ci40583304,2023-10-17,earthquake,USGS,real_downloaded,33.0058333,-117.9086667,magnitude,2.98,"46 km ENE of San Clemente Is. (SE tip), CA"
ci40583352,2023-10-17,earthquake,USGS,real_downloaded,33.2163333,-117.8421667,magnitude,2.41,"31 km SSW of Dana Point, CA"
ci40583712,2023-10-18,earthquake,USGS,real_downloaded,34.2293333,-118.6365,magnitude,1.35,"4 km N of West Hills, CA"
ci40584384,2023-10-19,earthquake,USGS,real_downloaded,34.1623333,-117.9488333,magnitude,1.04,"3 km NE of Bradbury, CA"
ci40585120,2023-10-23,earthquake,USGS,real_downloaded,34.2928333,-118.4283333,magnitude,1.02,"1 km ENE of San Fernando, CA"
ci40586824,2023-10-25,earthquake,USGS,real_downloaded,33.9905,-118.3466667,magnitude,2.1,"1 km SSE of View Park-Windsor Hills, CA"
ci40587056,2023-10-25,earthquake,USGS,real_downloaded,33.9096667,-117.7863333,magnitude,1.32,"3 km NE of Yorba Linda, CA"
ci40587800,2023-10-26,earthquake,USGS,real_downloaded,34.3111667,-118.4953333,magnitude,1.19,"4 km W of Sylmar, CA"
ci40587944,2023-10-26,earthquake,USGS,real_downloaded,33.9755,-118.6631667,magnitude,1.02,"7 km SSE of Malibu Beach, CA"
ci40589096,2023-10-27,earthquake,USGS,real_downloaded,34.7171667,-118.5908333,magnitude,1.76,"7 km SSE of Neenach, CA"
ci40589952,2023-10-28,earthquake,USGS,real_downloaded,34.4125,-118.633,magnitude,1.14,"7 km SW of Valencia, CA"
ci40590464,2023-10-28,earthquake,USGS,real_downloaded,33.8993333,-117.8038333,magnitude,1.0,"2 km NE of Yorba Linda, CA"
ci40590960,2023-10-29,earthquake,USGS,real_downloaded,34.3621667,-118.6536667,magnitude,1.37,"13 km NNW of Chatsworth, CA"
ci40591048,2023-10-30,earthquake,USGS,real_downloaded,34.2886667,-118.913,magnitude,1.34,"3 km W of Moorpark, CA"
ci40591056,2023-10-30,earthquake,USGS,real_downloaded,34.4201667,-118.6258333,magnitude,1.44,"6 km SW of Valencia, CA"
ci40591064,2023-10-30,earthquake,USGS,real_downloaded,34.3633333,-118.6521667,magnitude,1.64,"13 km SW of Valencia, CA"
ci40591232,2023-10-30,earthquake,USGS,real_downloaded,34.3761667,-118.6906667,magnitude,1.31,"10 km ESE of Piru, CA"
ci40592328,2023-10-31,earthquake,USGS,real_downloaded,33.9865,-118.2365,magnitude,2.04,"1 km WNW of Huntington Park, CA"
ci40593384,2023-11-01,earthquake,USGS,real_downloaded,33.8926667,-117.8885,magnitude,2.01,"3 km NW of Placentia, CA"
ci40593688,2023-11-01,earthquake,USGS,real_downloaded,33.8936667,-117.89,magnitude,1.27,"3 km SSE of Brea, CA"
ci39708194,2023-11-05,earthquake,USGS,real_downloaded,34.4693333,-118.0198333,magnitude,1.13,"7 km SSW of Littlerock, CA"
ci39708426,2023-11-05,earthquake,USGS,real_downloaded,33.9851667,-118.3423333,magnitude,1.31,"1 km SSE of View Park-Windsor Hills, CA"
ci39709138,2023-11-06,earthquake,USGS,real_downloaded,33.9431667,-117.9243333,magnitude,1.12,"2 km ENE of La Habra, CA"
ci39710250,2023-11-08,earthquake,USGS,real_downloaded,34.1796667,-118.5186667,magnitude,1.48,"3 km NW of Encino, CA"
ci39711474,2023-11-11,earthquake,USGS,real_downloaded,32.9926667,-117.7803333,magnitude,1.61,"44 km WSW of Carlsbad, CA"
ci39711562,2023-11-11,earthquake,USGS,real_downloaded,33.8731667,-118.2471667,magnitude,1.07,"4 km SW of Compton, CA"
ci39712282,2023-11-12,earthquake,USGS,real_downloaded,33.8555,-117.8215,magnitude,1.12,"4 km SSW of Yorba Linda, CA"
ci39712530,2023-11-13,earthquake,USGS,real_downloaded,34.745,-118.9331667,magnitude,1.05,"9 km S of Frazier Park, CA"
ci39712570,2023-11-13,earthquake,USGS,real_downloaded,33.6001667,-118.0313333,magnitude,1.94,"10 km WSW of Newport Beach, CA"
ci39714130,2023-11-17,earthquake,USGS,real_downloaded,34.41,-118.4026667,magnitude,1.38,"10 km E of Santa Clarita, CA"
ci39715114,2023-11-19,earthquake,USGS,real_downloaded,33.8756667,-118.2658333,magnitude,1.55,"4 km ESE of Gardena, CA"
ci39716610,2023-11-22,earthquake,USGS,real_downloaded,33.9955,-118.3525,magnitude,1.56,"0 km W of View Park-Windsor Hills, CA"
ci39716922,2023-11-23,earthquake,USGS,real_downloaded,34.0533333,-118.8961667,magnitude,2.47,"10 km NW of Malibu, CA"
ci39717138,2023-11-23,earthquake,USGS,real_downloaded,33.9451667,-118.2961667,magnitude,2.46,"5 km ESE of Inglewood, CA"
ci39717202,2023-11-24,earthquake,USGS,real_downloaded,33.8916667,-117.8655,magnitude,1.65,"2 km NNE of Placentia, CA"
ci39717258,2023-11-24,earthquake,USGS,real_downloaded,33.8016667,-117.7943333,magnitude,1.47,"2 km SE of Villa Park, CA"
ci39717650,2023-11-25,earthquake,USGS,real_downloaded,34.0066667,-118.183,magnitude,1.38,"2 km N of Maywood, CA"
ci39717730,2023-11-25,earthquake,USGS,real_downloaded,33.5518333,-118.189,magnitude,1.64,"22 km SSW of Seal Beach, CA"
ci39717762,2023-11-25,earthquake,USGS,real_downloaded,34.2896667,-118.3381667,magnitude,1.2,"3 km NE of Lake View Terrace, CA"
ci39718242,2023-11-27,earthquake,USGS,real_downloaded,33.961,-117.7463333,magnitude,1.16,"4 km SSE of Chino Hills, CA"
ci39719418,2023-11-29,earthquake,USGS,real_downloaded,34.1136667,-117.9808333,magnitude,1.42,"3 km S of Duarte, CA"
ci39719570,2023-11-29,earthquake,USGS,real_downloaded,32.9683333,-117.7836667,magnitude,2.14,"46 km WSW of Carlsbad, CA"
ci39720178,2023-11-30,earthquake,USGS,real_downloaded,33.5515,-118.2965,magnitude,1.64,"20 km S of San Pedro, CA"
ci39720194,2023-11-30,earthquake,USGS,real_downloaded,34.0048333,-118.3548333,magnitude,1.15,"1 km NNW of View Park-Windsor Hills, CA"
ci39720210,2023-11-30,earthquake,USGS,real_downloaded,33.9991667,-118.3476667,magnitude,1.79,"0 km N of View Park-Windsor Hills, CA"
ci39720234,2023-11-30,earthquake,USGS,real_downloaded,33.998,-118.3493333,magnitude,2.57,"0 km NNW of View Park-Windsor Hills, CA"
ci39720746,2023-12-01,earthquake,USGS,real_downloaded,33.9331667,-117.8398333,magnitude,1.92,"6 km NNW of Yorba Linda, CA"
ci39720810,2023-12-01,earthquake,USGS,real_downloaded,33.776,-117.8625,magnitude,1.09,"4 km SW of Orange, CA"
ci39721114,2023-12-01,earthquake,USGS,real_downloaded,33.8235,-117.784,magnitude,1.24,"3 km ENE of Villa Park, CA"
ci39721290,2023-12-02,earthquake,USGS,real_downloaded,34.1488333,-118.3546667,magnitude,1.62,"1 km N of Universal City, CA"
ci39721642,2023-12-02,earthquake,USGS,real_downloaded,34.2706667,-118.8123333,magnitude,1.26,"7 km ESE of Moorpark, CA"
ci39721730,2023-12-02,earthquake,USGS,real_downloaded,34.2821667,-118.8071667,magnitude,1.79,"6 km W of Simi Valley, CA"
ci40615712,2023-12-04,earthquake,USGS,real_downloaded,33.9431667,-118.386,magnitude,2.11,"3 km W of Lennox, CA"
ci40615736,2023-12-04,earthquake,USGS,real_downloaded,34.1781667,-117.9295,magnitude,1.07,"5 km NE of Bradbury, CA"
ci40616032,2023-12-05,earthquake,USGS,real_downloaded,33.8783333,-117.908,magnitude,3.33,"2 km E of Fullerton, CA"
ci40616040,2023-12-05,earthquake,USGS,real_downloaded,33.8763333,-117.9053333,magnitude,2.34,"2 km E of Fullerton, CA"
ci40616208,2023-12-05,earthquake,USGS,real_downloaded,33.8823333,-117.9053333,magnitude,1.68,"2 km E of Fullerton, CA"
ci40616360,2023-12-05,earthquake,USGS,real_downloaded,33.947,-117.9688333,magnitude,1.15,"2 km SW of La Habra Heights, CA"
ci40617032,2023-12-07,earthquake,USGS,real_downloaded,34.6576667,-118.7893333,magnitude,1.19,"16 km SSE of Gorman, CA"
ci37601724,2023-12-07,earthquake,USGS,real_downloaded,34.799,-118.9168333,magnitude,1.18,"4 km SE of Frazier Park, CA"
ci40617136,2023-12-07,earthquake,USGS,real_downloaded,34.7996667,-118.92,magnitude,1.42,"3 km SE of Frazier Park, CA"
ci40618928,2023-12-11,earthquake,USGS,real_downloaded,33.8748333,-118.0393333,magnitude,1.18,"3 km NE of Cerritos, CA"
ci40618976,2023-12-11,earthquake,USGS,real_downloaded,34.0066667,-118.7353333,magnitude,1.19,"5 km SW of Malibu Beach, CA"
ci40444575,2023-12-15,earthquake,USGS,real_downloaded,34.5188333,-118.0998333,magnitude,1.12,"2 km NE of Vincent, CA"
ci40444935,2023-12-15,earthquake,USGS,real_downloaded,33.9245,-118.356,magnitude,1.88,"1 km NNW of Hawthorne, CA"
ci40444951,2023-12-15,earthquake,USGS,real_downloaded,34.0353333,-118.4253333,magnitude,1.1,"2 km SSE of Westwood, CA"
ci40445423,2023-12-15,earthquake,USGS,real_downloaded,34.4011667,-117.6621667,magnitude,1.05,"4 km SSW of Pinon Hills, CA"
ci40445551,2023-12-16,earthquake,USGS,real_downloaded,33.6638333,-118.0691667,magnitude,2.01,"7 km WSW of Huntington Beach, CA"
ci40445927,2023-12-16,earthquake,USGS,real_downloaded,34.2296667,-118.8953333,magnitude,1.06,"5 km NNW of Thousand Oaks, CA"
ci40445943,2023-12-16,earthquake,USGS,real_downloaded,33.3651667,-118.1433333,magnitude,2.05,"17 km E of Avalon, CA"
ci40446575,2023-12-18,earthquake,USGS,real_downloaded,34.0906667,-118.2725,magnitude,1.17,"1 km W of Silver Lake, CA"
ci40446703,2023-12-18,earthquake,USGS,real_downloaded,34.025,-118.8661667,magnitude,1.06,"6 km WNW of Malibu, CA"
ci40446767,2023-12-18,earthquake,USGS,real_downloaded,34.5763333,-118.0266667,magnitude,1.24,"7 km E of Palmdale, CA"
ci40449503,2023-12-22,earthquake,USGS,real_downloaded,34.7611667,-118.83,magnitude,1.12,"4 km SSE of Gorman, CA"
ci40449799,2023-12-23,earthquake,USGS,real_downloaded,33.6798333,-117.9773333,magnitude,3.43,"3 km SE of Huntington Beach, CA"
ci40449879,2023-12-23,earthquake,USGS,real_downloaded,33.6808333,-117.9695,magnitude,2.26,"3 km ESE of Huntington Beach, CA"
ci40449911,2023-12-23,earthquake,USGS,real_downloaded,33.6793333,-117.9625,magnitude,1.36,"3 km SSW of Fountain Valley, CA"
ci40450127,2023-12-23,earthquake,USGS,real_downloaded,34.3923333,-117.6838333,magnitude,1.08,"6 km SW of Pinon Hills, CA"
ci40450535,2023-12-24,earthquake,USGS,real_downloaded,33.427,-118.2331667,magnitude,1.97,"13 km NE of Avalon, CA"
ci40450599,2023-12-24,earthquake,USGS,real_downloaded,33.928,-118.7045,magnitude,1.75,"12 km S of Malibu Beach, CA"
ci40451711,2023-12-27,earthquake,USGS,real_downloaded,34.1761667,-117.7198333,magnitude,1.06,"9 km N of Claremont, CA"
ci40452495,2023-12-29,earthquake,USGS,real_downloaded,34.244,-118.6625,magnitude,1.34,"6 km NNW of West Hills, CA"
ci40452615,2023-12-30,earthquake,USGS,real_downloaded,34.4245,-118.6076667,magnitude,1.04,"5 km SW of Valencia, CA"
ci40452655,2023-12-30,earthquake,USGS,real_downloaded,34.2911667,-117.93,magnitude,1.31,"16 km NNE of Bradbury, CA"
ci40452791,2023-12-30,earthquake,USGS,real_downloaded,34.493,-118.689,magnitude,1.4,"6 km W of Castaic, CA"
ci40452871,2023-12-30,earthquake,USGS,real_downloaded,34.2926667,-117.9328333,magnitude,1.63,"17 km NNE of Bradbury, CA"
ci40452927,2023-12-31,earthquake,USGS,real_downloaded,34.294,-117.9321667,magnitude,1.62,"17 km NNE of Bradbury, CA"
ci40453247,2023-12-31,earthquake,USGS,real_downloaded,33.8871667,-117.8141667,magnitude,1.16,"0 km SSW of Yorba Linda, CA"
ci40453367,2024-01-01,earthquake,USGS,real_downloaded,34.294,-117.9301667,magnitude,1.46,"17 km NNE of Bradbury, CA"
ci40453423,2024-01-01,earthquake,USGS,real_downloaded,34.2921667,-117.9301667,magnitude,1.18,"17 km NNE of Bradbury, CA"
ci40453591,2024-01-01,earthquake,USGS,real_downloaded,33.5798333,-118.3703333,magnitude,4.06,"18 km S of Rancho Palos Verdes, CA"
ci40453751,2024-01-02,earthquake,USGS,real_downloaded,34.5398333,-118.5083333,magnitude,1.88,"11 km NNE of Valencia, CA"
ci40454127,2024-01-02,earthquake,USGS,real_downloaded,34.289,-117.9303333,magnitude,1.67,"16 km NNE of Bradbury, CA"
ci40454143,2024-01-02,earthquake,USGS,real_downloaded,34.2558333,-118.7138333,magnitude,1.1,"3 km SE of Simi Valley, CA"
ci40454215,2024-01-02,earthquake,USGS,real_downloaded,34.1715,-118.7138333,magnitude,1.13,"5 km E of Oak Park, CA"
ci40454815,2024-01-03,earthquake,USGS,real_downloaded,33.8766667,-117.8068333,magnitude,1.99,"1 km SSE of Yorba Linda, CA"
ci40454855,2024-01-04,earthquake,USGS,real_downloaded,34.289,-117.9308333,magnitude,1.57,"16 km NNE of Bradbury, CA"
ci40455151,2024-01-04,earthquake,USGS,real_downloaded,34.0395,-118.8846667,magnitude,2.31,"8 km WNW of Malibu, CA"
ci40455487,2024-01-05,earthquake,USGS,real_downloaded,33.8633333,-118.24,magnitude,2.28,"4 km SSW of Compton, CA"
ci40455543,2024-01-05,earthquake,USGS,real_downloaded,33.779,-117.841,magnitude,1.28,"3 km SSW of Orange, CA"
ci40455551,2024-01-05,earthquake,USGS,real_downloaded,33.7835,-117.8361667,magnitude,1.95,"2 km S of Orange, CA"
ci40456047,2024-01-06,earthquake,USGS,real_downloaded,32.9971667,-117.7268333,magnitude,2.34,"39 km WSW of Carlsbad, CA"
ci40456439,2024-01-06,earthquake,USGS,real_downloaded,34.0903333,-117.8128333,magnitude,1.55,"2 km SSW of San Dimas, CA"
ci40456575,2024-01-07,earthquake,USGS,real_downloaded,34.2901667,-117.9296667,magnitude,1.19,"16 km NNE of Bradbury, CA"
ci40456679,2024-01-08,earthquake,USGS,real_downloaded,33.8253333,-117.674,magnitude,1.05,"11 km WSW of Corona, CA"
ci40456695,2024-01-08,earthquake,USGS,real_downloaded,34.4951667,-118.3375,magnitude,1.16,"1 km W of Agua Dulce, CA"
ci40457111,2024-01-09,earthquake,USGS,real_downloaded,33.983,-117.783,magnitude,1.22,"2 km WSW of Chino Hills, CA"
ci40457127,2024-01-09,earthquake,USGS,real_downloaded,34.3003333,-118.3233333,magnitude,1.31,"5 km NE of Lake View Terrace, CA"
ci40457207,2024-01-09,earthquake,USGS,real_downloaded,33.778,-118.6158333,magnitude,2.04,"21 km W of Palos Verdes Estates, CA"
ci40457543,2024-01-10,earthquake,USGS,real_downloaded,34.3025,-118.3453333,magnitude,1.02,"4 km NNE of Lake View Terrace, CA"
ci40457607,2024-01-10,earthquake,USGS,real_downloaded,34.2946667,-117.931,magnitude,1.17,"17 km NNE of Bradbury, CA"
ci40458087,2024-01-11,earthquake,USGS,real_downloaded,33.8501667,-117.8368333,magnitude,1.6,"4 km SE of Placentia, CA"
ci40459191,2024-01-13,earthquake,USGS,real_downloaded,33.9933333,-118.7606667,magnitude,2.05,"5 km ESE of Malibu, CA"
ci40459519,2024-01-14,earthquake,USGS,real_downloaded,34.0468333,-118.4108333,magnitude,1.97,"1 km SSE of Century City, CA"
ci40459535,2024-01-14,earthquake,USGS,real_downloaded,34.2895,-117.9405,magnitude,1.16,"16 km N of Bradbury, CA"
ci40459679,2024-01-14,earthquake,USGS,real_downloaded,33.8975,-117.7526667,magnitude,1.1,"6 km E of Yorba Linda, CA"
ci40459799,2024-01-14,earthquake,USGS,real_downloaded,34.5201667,-118.1025,magnitude,1.14,"2 km NNE of Vincent, CA"
ci40461327,2024-01-17,earthquake,USGS,real_downloaded,33.0098333,-117.9195,magnitude,1.41,"45 km ENE of San Clemente Is. (SE tip), CA"
ci40462591,2024-01-19,earthquake,USGS,real_downloaded,34.3963333,-118.6008333,magnitude,1.01,"7 km SSW of Valencia, CA"
ci40462711,2024-01-19,earthquake,USGS,real_downloaded,33.9095,-117.7955,magnitude,1.57,"3 km NE of Yorba Linda, CA"
ci40463239,2024-01-20,earthquake,USGS,real_downloaded,34.2995,-118.4906667,magnitude,1.5,"3 km NNE of Granada Hills, CA"
ci40464247,2024-01-23,earthquake,USGS,real_downloaded,34.5196667,-118.8195,magnitude,1.39,"12 km NNW of Piru, CA"
ci40464295,2024-01-23,earthquake,USGS,real_downloaded,33.8795,-117.7598333,magnitude,1.55,"5 km ESE of Yorba Linda, CA"
ci39756714,2024-01-25,earthquake,USGS,real_downloaded,34.5406667,-118.1438333,magnitude,1.2,"5 km NNW of Vincent, CA"
ci39756922,2024-01-25,earthquake,USGS,real_downloaded,33.9141667,-117.7606667,magnitude,1.12,"6 km ENE of Yorba Linda, CA"
ci39758138,2024-01-27,earthquake,USGS,real_downloaded,33.9076667,-117.8025,magnitude,1.08,"2 km NNE of Yorba Linda, CA"
ci39758146,2024-01-27,earthquake,USGS,real_downloaded,34.2556667,-117.88,magnitude,1.03,"13 km N of Glendora, CA"
ci39758634,2024-01-28,earthquake,USGS,real_downloaded,33.7676667,-118.0311667,magnitude,1.75,"2 km WNW of Westminster, CA"
ci39759514,2024-01-29,earthquake,USGS,real_downloaded,33.751,-118.0631667,magnitude,2.04,"4 km ENE of Seal Beach, CA"
ci40658544,2024-01-31,earthquake,USGS,real_downloaded,33.926,-117.9781667,magnitude,1.56,"3 km WSW of La Habra, CA"
ci40661168,2024-02-03,earthquake,USGS,real_downloaded,33.7903333,-118.1073333,magnitude,1.63,"2 km WNW of Rossmoor, CA"
ci40662112,2024-02-04,earthquake,USGS,real_downloaded,34.1278333,-118.481,magnitude,2.32,"4 km SW of Sherman Oaks, CA"
ci40662272,2024-02-04,earthquake,USGS,real_downloaded,33.5505,-118.281,magnitude,1.75,"21 km S of San Pedro, CA"
ci40663152,2024-02-05,earthquake,USGS,real_downloaded,34.7905,-118.922,magnitude,1.59,"4 km SSE of Frazier Park, CA"
ci40663488,2024-02-06,earthquake,USGS,real_downloaded,34.1853333,-118.5726667,magnitude,1.61,"2 km NW of Tarzana, CA"
ci40664632,2024-02-09,earthquake,USGS,real_downloaded,34.0575,-118.9076667,magnitude,4.61,"11 km WNW of Malibu, CA"
ci40664640,2024-02-09,earthquake,USGS,real_downloaded,34.05,-118.912,magnitude,2.33,"11 km WNW of Malibu, CA"
ci40664648,2024-02-09,earthquake,USGS,real_downloaded,34.0451667,-118.9171667,magnitude,2.98,"11 km WNW of Malibu, CA"
ci40664656,2024-02-09,earthquake,USGS,real_downloaded,34.0528333,-118.913,magnitude,2.36,"11 km WNW of Malibu, CA"
ci40664664,2024-02-09,earthquake,USGS,real_downloaded,34.0581667,-118.8948333,magnitude,2.19,"10 km NW of Malibu, CA"
ci37623004,2024-02-09,earthquake,USGS,real_downloaded,34.0676667,-118.9296667,magnitude,1.8,"13 km WNW of Malibu, CA"
ci40664672,2024-02-09,earthquake,USGS,real_downloaded,34.0581667,-118.9256667,magnitude,1.68,"12 km WNW of Malibu, CA"
ci40664680,2024-02-09,earthquake,USGS,real_downloaded,34.0465,-118.8888333,magnitude,2.47,"9 km WNW of Malibu, CA"
ci40664688,2024-02-09,earthquake,USGS,real_downloaded,34.0553333,-118.9083333,magnitude,1.99,"11 km WNW of Malibu, CA"
ci37622908,2024-02-09,earthquake,USGS,real_downloaded,34.0673333,-118.917,magnitude,1.74,"12 km NW of Malibu, CA"
ci40664696,2024-02-09,earthquake,USGS,real_downloaded,34.053,-118.9011667,magnitude,1.74,"10 km WNW of Malibu, CA"
ci37623012,2024-02-09,earthquake,USGS,real_downloaded,34.0648333,-118.9081667,magnitude,1.58,"11 km NW of Malibu, CA"
ci40664704,2024-02-09,earthquake,USGS,real_downloaded,34.0548333,-118.9085,magnitude,1.93,"11 km WNW of Malibu, CA"
ci40664712,2024-02-09,earthquake,USGS,real_downloaded,34.0645,-118.9171667,magnitude,1.64,"12 km NW of Malibu, CA"
ci37622924,2024-02-09,earthquake,USGS,real_downloaded,34.0501667,-118.9156667,magnitude,1.79,"11 km WNW of Malibu, CA"
ci37623332,2024-02-09,earthquake,USGS,real_downloaded,34.0576667,-118.9408333,magnitude,1.97,"13 km WNW of Malibu, CA"
ci40664720,2024-02-09,earthquake,USGS,real_downloaded,34.0465,-118.9088333,magnitude,2.16,"10 km WNW of Malibu, CA"
ci40664728,2024-02-09,earthquake,USGS,real_downloaded,34.0396667,-118.903,magnitude,1.84,"9 km WNW of Malibu, CA"
ci37624620,2024-02-09,earthquake,USGS,real_downloaded,34.0568333,-118.8946667,magnitude,1.64,"10 km NW of Malibu, CA"
ci37533173,2024-02-09,earthquake,USGS,real_downloaded,34.0616667,-118.9136667,magnitude,1.09,"11 km WNW of Malibu, CA"
ci40664736,2024-02-09,earthquake,USGS,real_downloaded,34.064,-118.8883333,magnitude,1.53,"10 km NW of Malibu, CA"
ci37533181,2024-02-09,earthquake,USGS,real_downloaded,34.0538333,-118.9136667,magnitude,1.52,"11 km WNW of Malibu, CA"
ci40664744,2024-02-09,earthquake,USGS,real_downloaded,34.0508333,-118.9016667,magnitude,1.64,"10 km WNW of Malibu, CA"
ci40664752,2024-02-09,earthquake,USGS,real_downloaded,34.0461667,-118.9095,magnitude,2.0,"10 km WNW of Malibu, CA"
ci40664760,2024-02-09,earthquake,USGS,real_downloaded,34.0606667,-118.9225,magnitude,1.76,"12 km WNW of Malibu, CA"
ci40664768,2024-02-09,earthquake,USGS,real_downloaded,34.0365,-118.8888333,magnitude,1.84,"8 km WNW of Malibu, CA"
ci40664776,2024-02-09,earthquake,USGS,real_downloaded,34.0653333,-118.899,magnitude,2.19,"11 km NW of Malibu, CA"
ci40664808,2024-02-09,earthquake,USGS,real_downloaded,34.0528333,-118.8988333,magnitude,2.61,"10 km WNW of Malibu, CA"
ci40664816,2024-02-09,earthquake,USGS,real_downloaded,34.0508333,-118.9006667,magnitude,1.51,"10 km WNW of Malibu, CA"
ci40664832,2024-02-09,earthquake,USGS,real_downloaded,34.0608333,-118.9123333,magnitude,1.51,"11 km WNW of Malibu, CA"
ci40664848,2024-02-09,earthquake,USGS,real_downloaded,34.0573333,-118.9118333,magnitude,3.07,"11 km WNW of Malibu, CA"
ci40664864,2024-02-09,earthquake,USGS,real_downloaded,34.0535,-118.9145,magnitude,1.56,"11 km WNW of Malibu, CA"
ci40664872,2024-02-10,earthquake,USGS,real_downloaded,34.0511667,-118.9103333,magnitude,2.07,"11 km WNW of Malibu, CA"
ci40664888,2024-02-10,earthquake,USGS,real_downloaded,34.0516667,-118.8845,magnitude,1.89,"9 km NW of Malibu, CA"
ci40664904,2024-02-10,earthquake,USGS,real_downloaded,34.0521667,-118.8966667,magnitude,1.53,"10 km WNW of Malibu, CA"
ci40664920,2024-02-10,earthquake,USGS,real_downloaded,33.843,-118.2591667,magnitude,1.75,"2 km ENE of Carson, CA"
ci40664944,2024-02-10,earthquake,USGS,real_downloaded,34.0488333,-118.9146667,magnitude,1.46,"11 km WNW of Malibu, CA"
ci40664952,2024-02-10,earthquake,USGS,real_downloaded,34.0606667,-118.9028333,magnitude,1.39,"11 km NW of Malibu, CA"
ci40664968,2024-02-10,earthquake,USGS,real_downloaded,34.0468333,-118.9236667,magnitude,1.33,"12 km WNW of Malibu, CA"
ci40664976,2024-02-10,earthquake,USGS,real_downloaded,33.5466667,-118.3408333,magnitude,2.34,"22 km SSW of San Pedro, CA"
ci40665168,2024-02-10,earthquake,USGS,real_downloaded,34.0698333,-118.9098333,magnitude,1.71,"12 km NW of Malibu, CA"
ci40665192,2024-02-10,earthquake,USGS,real_downloaded,34.05,-118.884,magnitude,1.41,"8 km NW of Malibu, CA"
ci40665240,2024-02-10,earthquake,USGS,real_downloaded,34.0553333,-118.9081667,magnitude,1.89,"11 km WNW of Malibu, CA"
ci40665248,2024-02-10,earthquake,USGS,real_downloaded,34.0606667,-118.9048333,magnitude,1.6,"11 km NW of Malibu, CA"
ci40665320,2024-02-10,earthquake,USGS,real_downloaded,33.9955,-118.3783333,magnitude,1.39,"1 km SW of Baldwin Hills, CA"
ci37624684,2024-02-10,earthquake,USGS,real_downloaded,34.075,-118.9211667,magnitude,1.45,"13 km NW of Malibu, CA"
ci40665456,2024-02-11,earthquake,USGS,real_downloaded,34.0576667,-118.893,magnitude,1.6,"10 km NW of Malibu, CA"
ci40665632,2024-02-11,earthquake,USGS,real_downloaded,34.044,-118.3438333,magnitude,1.01,"5 km NNE of Baldwin Hills, CA"
ci40665960,2024-02-11,earthquake,USGS,real_downloaded,34.012,-118.9331667,magnitude,1.54,"11 km W of Malibu, CA"
ci40666104,2024-02-12,earthquake,USGS,real_downloaded,33.5728333,-118.3101667,magnitude,1.77,"18 km S of San Pedro, CA"
ci40670512,2024-02-15,earthquake,USGS,real_downloaded,33.944,-117.9293333,magnitude,1.06,"2 km NE of La Habra, CA"
ci40670576,2024-02-15,earthquake,USGS,real_downloaded,34.3338333,-118.4791667,magnitude,1.7,"4 km NW of Sylmar, CA"
ci40671096,2024-02-15,earthquake,USGS,real_downloaded,34.0605,-118.9115,magnitude,1.63,"11 km WNW of Malibu, CA"
ci40671304,2024-02-16,earthquake,USGS,real_downloaded,33.9643333,-118.4315,magnitude,2.01,"3 km SE of Marina del Rey, CA"
ci40671312,2024-02-16,earthquake,USGS,real_downloaded,34.04,-118.9206667,magnitude,1.73,"11 km WNW of Malibu, CA"
ci40671680,2024-02-16,earthquake,USGS,real_downloaded,34.0575,-118.9261667,magnitude,2.44,"12 km WNW of Malibu, CA"
ci40671928,2024-02-17,earthquake,USGS,real_downloaded,33.9163333,-118.3158333,magnitude,1.37,"3 km NNW of Gardena, CA"
ci40672152,2024-02-17,earthquake,USGS,real_downloaded,33.574,-117.7835,magnitude,1.74,"4 km N of Laguna Beach, CA"
ci40673512,2024-02-21,earthquake,USGS,real_downloaded,34.0053333,-118.2278333,magnitude,2.55,"3 km N of Huntington Park, CA"
ci40673520,2024-02-21,earthquake,USGS,real_downloaded,34.0041667,-118.2273333,magnitude,2.19,"2 km N of Huntington Park, CA"
ci40673544,2024-02-21,earthquake,USGS,real_downloaded,34.5745,-118.9478333,magnitude,1.8,"20 km N of Fillmore, CA"
ci40673616,2024-02-21,earthquake,USGS,real_downloaded,33.9233333,-118.3948333,magnitude,1.86,"2 km ENE of El Segundo, CA"
ci40674096,2024-02-22,earthquake,USGS,real_downloaded,33.9131667,-118.8395,magnitude,2.05,"11 km SSW of Malibu, CA"
ci40674112,2024-02-22,earthquake,USGS,real_downloaded,34.5275,-118.1015,magnitude,1.22,"3 km NNE of Vincent, CA"
ci40674232,2024-02-22,earthquake,USGS,real_downloaded,33.969,-118.4188333,magnitude,1.31,"3 km ESE of Marina del Rey, CA"
ci40674928,2024-02-23,earthquake,USGS,real_downloaded,33.8376667,-117.7088333,magnitude,1.86,"10 km ENE of Villa Park, CA"
ci40675424,2024-02-24,earthquake,USGS,real_downloaded,34.5738333,-118.9495,magnitude,1.92,"20 km N of Fillmore, CA"
ci40676040,2024-02-25,earthquake,USGS,real_downloaded,34.0018333,-118.3548333,magnitude,1.42,"1 km NW of View Park-Windsor Hills, CA"
ci40676824,2024-02-26,earthquake,USGS,real_downloaded,33.0071667,-117.7576667,magnitude,2.13,"42 km WSW of Carlsbad, CA"
ci40676840,2024-02-26,earthquake,USGS,real_downloaded,34.1743333,-117.9341667,magnitude,1.04,"5 km NE of Bradbury, CA"
ci40678352,2024-02-28,earthquake,USGS,real_downloaded,33.1761667,-117.7303333,magnitude,1.23,"30 km SSW of San Clemente, CA"
ci40678512,2024-02-29,earthquake,USGS,real_downloaded,33.9006667,-117.8023333,magnitude,1.59,"2 km NE of Yorba Linda, CA"
ci40678656,2024-02-29,earthquake,USGS,real_downloaded,33.9481667,-118.4156667,magnitude,1.37,"3 km N of El Segundo, CA"
ci40681864,2024-03-06,earthquake,USGS,real_downloaded,33.8531667,-117.8353333,magnitude,1.94,"4 km ESE of Placentia, CA"
ci40681976,2024-03-06,earthquake,USGS,real_downloaded,34.2915,-118.5576667,magnitude,1.17,"6 km WNW of Granada Hills, CA"
ci40683568,2024-03-08,earthquake,USGS,real_downloaded,34.1463333,-118.3533333,magnitude,1.13,"1 km N of Universal City, CA"
ci40684832,2024-03-10,earthquake,USGS,real_downloaded,32.8556667,-117.666,magnitude,1.81,"37 km W of La Jolla, CA"
ci40685064,2024-03-10,earthquake,USGS,real_downloaded,34.0066667,-118.316,magnitude,1.65,"3 km ENE of View Park-Windsor Hills, CA"
ci40685248,2024-03-10,earthquake,USGS,real_downloaded,33.9603333,-117.8853333,magnitude,1.19,"2 km SE of Rowland Heights, CA"
ci40685448,2024-03-11,earthquake,USGS,real_downloaded,34.6095,-118.6428333,magnitude,1.02,"14 km N of Castaic, CA"
ci40685832,2024-03-11,earthquake,USGS,real_downloaded,34.6041667,-118.6465,magnitude,1.05,"13 km N of Castaic, CA"
ci40685840,2024-03-12,earthquake,USGS,real_downloaded,33.9281667,-118.5815,magnitude,1.58,"13 km SSE of Las Flores, CA"
ci40685976,2024-03-12,earthquake,USGS,real_downloaded,34.5185,-118.935,magnitude,1.72,"13 km N of Fillmore, CA"
ci40686216,2024-03-12,earthquake,USGS,real_downloaded,34.2813333,-118.621,magnitude,1.46,"3 km NNW of Chatsworth, CA"
ci40686944,2024-03-14,earthquake,USGS,real_downloaded,34.421,-117.7111667,magnitude,1.35,"6 km WSW of Pinon Hills, CA"
ci40687272,2024-03-14,earthquake,USGS,real_downloaded,34.1778333,-117.9246667,magnitude,1.08,"5 km NNW of Azusa, CA"
ci40687736,2024-03-15,earthquake,USGS,real_downloaded,33.8258333,-118.6383333,magnitude,2.28,"22 km WSW of Manhattan Beach, CA"
ci40687800,2024-03-15,earthquake,USGS,real_downloaded,34.4433333,-117.948,magnitude,1.34,"8 km SSW of Pearblossom, CA"
ci40688328,2024-03-17,earthquake,USGS,real_downloaded,34.5285,-118.1038333,magnitude,1.15,"3 km NNE of Vincent, CA"
ci40688424,2024-03-17,earthquake,USGS,real_downloaded,33.5155,-118.3435,magnitude,1.96,"19 km N of Avalon, CA"
ci40689232,2024-03-18,earthquake,USGS,real_downloaded,34.3771667,-118.6365,magnitude,1.88,"10 km SW of Valencia, CA"
ci40689712,2024-03-19,earthquake,USGS,real_downloaded,34.5243333,-118.6643333,magnitude,1.05,"6 km NW of Castaic, CA"
ci40689904,2024-03-19,earthquake,USGS,real_downloaded,34.3783333,-118.6278333,magnitude,2.28,"10 km SSW of Valencia, CA"
ci40520087,2024-03-20,earthquake,USGS,real_downloaded,34.0281667,-118.0418333,magnitude,1.09,"3 km S of South El Monte, CA"
ci40520671,2024-03-21,earthquake,USGS,real_downloaded,34.5761667,-118.0316667,magnitude,1.09,"6 km E of Palmdale, CA"
ci40521439,2024-03-22,earthquake,USGS,real_downloaded,32.9891667,-117.94,magnitude,2.58,"42 km ENE of San Clemente Is. (SE tip), CA"
ci40521463,2024-03-22,earthquake,USGS,real_downloaded,32.9923333,-117.9381667,magnitude,2.02,"42 km ENE of San Clemente Is. (SE tip), CA"
ci40521719,2024-03-22,earthquake,USGS,real_downloaded,32.998,-117.9403333,magnitude,1.59,"43 km ENE of San Clemente Is. (SE tip), CA"
ci40522927,2024-03-23,earthquake,USGS,real_downloaded,33.0191667,-117.9293333,magnitude,1.42,"45 km ENE of San Clemente Is. (SE tip), CA"
ci40523495,2024-03-24,earthquake,USGS,real_downloaded,34.3753333,-118.6328333,magnitude,1.32,"10 km SSW of Valencia, CA"
ci40524519,2024-03-26,earthquake,USGS,real_downloaded,34.2876667,-118.531,magnitude,1.16,"3 km WNW of Granada Hills, CA"
ci40699704,2024-03-26,earthquake,USGS,real_downloaded,33.872,-117.764,magnitude,1.6,"5 km ESE of Yorba Linda, CA"
ci40700920,2024-03-28,earthquake,USGS,real_downloaded,33.0011667,-117.9345,magnitude,2.01,"43 km ENE of San Clemente Is. (SE tip), CA"
ci40701272,2024-03-28,earthquake,USGS,real_downloaded,34.1733333,-117.9341667,magnitude,1.01,"4 km NE of Bradbury, CA"
ci40701696,2024-03-29,earthquake,USGS,real_downloaded,34.5748333,-118.0295,magnitude,1.7,"6 km E of Palmdale, CA"
ci40702024,2024-03-29,earthquake,USGS,real_downloaded,34.0738333,-118.0821667,magnitude,1.55,"1 km SW of Rosemead, CA"
ci40702296,2024-03-30,earthquake,USGS,real_downloaded,34.0423333,-118.1565,magnitude,1.52,"2 km NE of East Los Angeles, CA"
ci40702480,2024-03-30,earthquake,USGS,real_downloaded,33.905,-118.0096667,magnitude,1.84,"1 km S of La Mirada, CA"
ci40702632,2024-03-31,earthquake,USGS,real_downloaded,34.5366667,-118.9313333,magnitude,1.94,"15 km N of Fillmore, CA"
ci40702648,2024-03-31,earthquake,USGS,real_downloaded,33.8438333,-117.6628333,magnitude,1.36,"9 km WSW of Corona, CA"
ci40702656,2024-03-31,earthquake,USGS,real_downloaded,33.837,-117.6756667,magnitude,1.14,"11 km WSW of Corona, CA"
ci40702760,2024-04-01,earthquake,USGS,real_downloaded,34.368,-118.6191667,magnitude,1.17,"11 km SSW of Valencia, CA"
ci40702816,2024-04-01,earthquake,USGS,real_downloaded,33.7586667,-118.4853333,magnitude,2.05,"9 km W of Rancho Palos Verdes, CA"
ci40702864,2024-04-01,earthquake,USGS,real_downloaded,34.525,-118.9283333,magnitude,1.61,"14 km N of Fillmore, CA"
ci40703496,2024-04-02,earthquake,USGS,real_downloaded,33.8358333,-117.6566667,magnitude,1.16,"9 km WSW of Corona, CA"
ci40703560,2024-04-02,earthquake,USGS,real_downloaded,34.5335,-118.936,magnitude,1.18,"15 km N of Fillmore, CA"
ci40703968,2024-04-02,earthquake,USGS,real_downloaded,34.5755,-118.0301667,magnitude,1.71,"6 km E of Palmdale, CA"
ci40704912,2024-04-03,earthquake,USGS,real_downloaded,33.8788333,-117.807,magnitude,1.27,"1 km SSE of Yorba Linda, CA"
ci40706744,2024-04-07,earthquake,USGS,real_downloaded,33.7326667,-118.5181667,magnitude,1.59,"12 km W of Rancho Palos Verdes, CA"
ci40706752,2024-04-07,earthquake,USGS,real_downloaded,33.7318333,-118.5071667,magnitude,1.58,"11 km W of Rancho Palos Verdes, CA"
ci40707072,2024-04-07,earthquake,USGS,real_downloaded,33.8925,-117.7386667,magnitude,1.06,"7 km E of Yorba Linda, CA"
ci40707232,2024-04-08,earthquake,USGS,real_downloaded,33.834,-117.7195,magnitude,1.01,"9 km ENE of Villa Park, CA"
ci40708328,2024-04-09,earthquake,USGS,real_downloaded,33.1253333,-117.6841667,magnitude,1.54,"31 km WSW of Camp Pendleton South, CA"
ci40709616,2024-04-10,earthquake,USGS,real_downloaded,33.8325,-118.5883333,magnitude,1.93,"17 km WSW of Manhattan Beach, CA"
ci40710304,2024-04-10,earthquake,USGS,real_downloaded,33.9873333,-118.3515,magnitude,1.5,"1 km SSW of View Park-Windsor Hills, CA"
ci40710672,2024-04-11,earthquake,USGS,real_downloaded,33.6798333,-118.3866667,magnitude,1.87,"7 km S of Rancho Palos Verdes, CA"
ci40710720,2024-04-11,earthquake,USGS,real_downloaded,34.2591667,-118.428,magnitude,1.41,"1 km SW of Pacoima, CA"
ci40710992,2024-04-11,earthquake,USGS,real_downloaded,34.0058333,-118.3576667,magnitude,1.33,"1 km ENE of Baldwin Hills, CA"
ci40711480,2024-04-12,earthquake,USGS,real_downloaded,33.7386667,-117.6906667,magnitude,1.38,"6 km NNW of Foothill Ranch, CA"
ci40711856,2024-04-12,earthquake,USGS,real_downloaded,33.7903333,-118.1463333,magnitude,2.61,"2 km SE of Long Beach, CA"
ci40712912,2024-04-14,earthquake,USGS,real_downloaded,33.9921667,-118.6355,magnitude,1.5,"5 km S of Las Flores, CA"
ci40713504,2024-04-15,earthquake,USGS,real_downloaded,34.778,-118.9448333,magnitude,1.14,"5 km S of Frazier Park, CA"
ci40713720,2024-04-16,earthquake,USGS,real_downloaded,34.2833333,-118.6178333,magnitude,1.63,"3 km NNW of Chatsworth, CA"
ci40714024,2024-04-16,earthquake,USGS,real_downloaded,33.9916667,-118.35,magnitude,2.83,"0 km SSW of View Park-Windsor Hills, CA"
ci40714312,2024-04-16,earthquake,USGS,real_downloaded,34.2815,-118.6235,magnitude,1.53,"3 km NW of Chatsworth, CA"
ci40715000,2024-04-17,earthquake,USGS,real_downloaded,33.9941667,-118.3506667,magnitude,1.57,"0 km SW of View Park-Windsor Hills, CA"
ci40715384,2024-04-17,earthquake,USGS,real_downloaded,33.7886667,-118.149,magnitude,2.61,"2 km SSE of Long Beach, CA"
ci40715392,2024-04-17,earthquake,USGS,real_downloaded,33.6243333,-118.3936667,magnitude,2.64,"13 km S of Rancho Palos Verdes, CA"
ci40553047,2024-04-20,earthquake,USGS,real_downloaded,34.3728333,-118.6305,magnitude,1.17,"11 km SSW of Valencia, CA"
ci37648284,2024-04-20,earthquake,USGS,real_downloaded,34.373,-118.6343333,magnitude,1.16,"11 km SSW of Valencia, CA"
ci40553263,2024-04-21,earthquake,USGS,real_downloaded,34.37,-118.633,magnitude,1.3,"11 km SSW of Valencia, CA"
ci40554303,2024-04-22,earthquake,USGS,real_downloaded,33.9015,-118.3191667,magnitude,1.83,"2 km NNW of Gardena, CA"
ci40555663,2024-04-23,earthquake,USGS,real_downloaded,34.3735,-118.6333333,magnitude,1.3,"11 km SSW of Valencia, CA"
ci40555855,2024-04-23,earthquake,USGS,real_downloaded,33.7343333,-117.6895,magnitude,1.19,"6 km NNW of Foothill Ranch, CA"
ci40556023,2024-04-23,earthquake,USGS,real_downloaded,33.7343333,-117.6921667,magnitude,1.33,"6 km NNW of Foothill Ranch, CA"
ci40556503,2024-04-24,earthquake,USGS,real_downloaded,33.6565,-117.9425,magnitude,1.56,"3 km WSW of Costa Mesa, CA"
ci40556639,2024-04-24,earthquake,USGS,real_downloaded,33.9028333,-118.4373333,magnitude,1.37,"3 km SW of El Segundo, CA"
ci40556783,2024-04-24,earthquake,USGS,real_downloaded,34.4508333,-118.0118333,magnitude,1.12,"8 km SSW of Littlerock, CA"
ci40557295,2024-04-24,earthquake,USGS,real_downloaded,34.1833333,-117.926,magnitude,1.08,"6 km NNW of Azusa, CA"
ci40557711,2024-04-25,earthquake,USGS,real_downloaded,33.8295,-117.6801667,magnitude,1.28,"11 km WSW of Corona, CA"
ci40558607,2024-04-25,earthquake,USGS,real_downloaded,33.2916667,-118.3348333,magnitude,2.03,"6 km S of Avalon, CA"
ci40559935,2024-04-27,earthquake,USGS,real_downloaded,34.4768333,-117.9718333,magnitude,1.42,"5 km SSE of Littlerock, CA"
ci40560287,2024-04-28,earthquake,USGS,real_downloaded,33.7348333,-117.9968333,magnitude,1.46,"3 km SSE of Westminster, CA"
ci40733080,2024-04-29,earthquake,USGS,real_downloaded,34.0096667,-118.9075,magnitude,1.4,"9 km W of Malibu, CA"
ci40733384,2024-04-30,earthquake,USGS,real_downloaded,34.041,-118.9338333,magnitude,2.0,"12 km WNW of Malibu, CA"
ci40736040,2024-05-02,earthquake,USGS,real_downloaded,33.911,-118.3871667,magnitude,1.57,"3 km ESE of El Segundo, CA"
ci40737048,2024-05-03,earthquake,USGS,real_downloaded,34.4073333,-117.7335,magnitude,1.17,"8 km WSW of Pinon Hills, CA"
ci40737736,2024-05-03,earthquake,USGS,real_downloaded,34.1745,-117.9316667,magnitude,1.31,"5 km NE of Bradbury, CA"
ci40740568,2024-05-06,earthquake,USGS,real_downloaded,34.186,-117.7146667,magnitude,1.02,"10 km N of Claremont, CA"
ci40740824,2024-05-06,earthquake,USGS,real_downloaded,33.8135,-118.3961667,magnitude,1.67,"2 km NNW of Palos Verdes Estates, CA"
ci40740968,2024-05-06,earthquake,USGS,real_downloaded,34.4381667,-117.9285,magnitude,1.57,"8 km SSW of Pearblossom, CA"
ci40741240,2024-05-06,earthquake,USGS,real_downloaded,34.7665,-118.0401667,magnitude,1.31,"14 km NE of Lancaster, CA"
ci40741880,2024-05-07,earthquake,USGS,real_downloaded,33.1858333,-117.7403333,magnitude,1.63,"29 km SSW of San Clemente, CA"
ci40744816,2024-05-10,earthquake,USGS,real_downloaded,34.3106667,-117.6466667,magnitude,1.29,"6 km SSW of Wrightwood, CA"
ci40745080,2024-05-11,earthquake,USGS,real_downloaded,34.4086667,-117.7495,magnitude,1.12,"10 km WSW of Pinon Hills, CA"
ci40745112,2024-05-11,earthquake,USGS,real_downloaded,34.2213333,-117.8043333,magnitude,1.17,"11 km NNE of Glendora, CA"
ci40746336,2024-05-12,earthquake,USGS,real_downloaded,34.2236667,-118.5716667,magnitude,1.04,"4 km WSW of Northridge, CA"
ci40585479,2024-05-15,earthquake,USGS,real_downloaded,32.9951667,-117.795,magnitude,2.22,"45 km WSW of Carlsbad, CA"
ci40586815,2024-05-16,earthquake,USGS,real_downloaded,34.0585,-118.1736667,magnitude,1.4,"3 km N of East Los Angeles, CA"
ci40587887,2024-05-17,earthquake,USGS,real_downloaded,34.1725,-117.8215,magnitude,1.04,"6 km NE of Glendora, CA"
ci40587919,2024-05-17,earthquake,USGS,real_downloaded,33.9535,-118.1118333,magnitude,1.39,"2 km NE of Downey, CA"
ci40588087,2024-05-17,earthquake,USGS,real_downloaded,34.3488333,-118.5758333,magnitude,1.19,"10 km SW of Santa Clarita, CA"
ci40589127,2024-05-18,earthquake,USGS,real_downloaded,34.6196667,-118.6288333,magnitude,2.32,"15 km N of Castaic, CA"
ci40589319,2024-05-18,earthquake,USGS,real_downloaded,33.3553333,-117.9161667,magnitude,1.18,"24 km WSW of Dana Point, CA"
ci40589631,2024-05-18,earthquake,USGS,real_downloaded,34.5431667,-118.8533333,magnitude,1.01,"15 km NNW of Piru, CA"
ci40590039,2024-05-18,earthquake,USGS,real_downloaded,33.9716667,-118.3818333,magnitude,1.18,"4 km SSW of Baldwin Hills, CA"
ci40591519,2024-05-19,earthquake,USGS,real_downloaded,33.5945,-118.3026667,magnitude,1.52,"16 km S of San Pedro, CA"
ci40593151,2024-05-20,earthquake,USGS,real_downloaded,34.1293333,-118.4873333,magnitude,1.27,"4 km SSE of Encino, CA"
ci40595615,2024-05-22,earthquake,USGS,real_downloaded,33.4358333,-117.681,magnitude,1.05,"4 km SSE of Dana Point, CA"
ci40595759,2024-05-22,earthquake,USGS,real_downloaded,33.7858333,-117.6793333,magnitude,1.34,"11 km ENE of North Tustin, CA"
ci40596071,2024-05-22,earthquake,USGS,real_downloaded,34.3383333,-118.5281667,magnitude,1.02,"8 km NNW of Granada Hills, CA"
ci40596079,2024-05-22,earthquake,USGS,real_downloaded,34.3303333,-118.5153333,magnitude,1.06,"7 km N of Granada Hills, CA"
ci40596087,2024-05-22,earthquake,USGS,real_downloaded,34.3383333,-118.5231667,magnitude,1.09,"8 km WNW of Sylmar, CA"
ci40596111,2024-05-22,earthquake,USGS,real_downloaded,34.3396667,-118.5363333,magnitude,1.37,"8 km NNW of Granada Hills, CA"
ci40596975,2024-05-23,earthquake,USGS,real_downloaded,34.2823333,-118.5735,magnitude,1.97,"4 km NE of Chatsworth, CA"
ci40597999,2024-05-23,earthquake,USGS,real_downloaded,34.8183333,-118.3115,magnitude,1.04,"14 km WSW of Rosamond, CA"
ci40600367,2024-05-25,earthquake,USGS,real_downloaded,33.988,-118.3608333,magnitude,1.41,"1 km SW of View Park-Windsor Hills, CA"
ci40600783,2024-05-26,earthquake,USGS,real_downloaded,34.529,-118.8648333,magnitude,1.17,"14 km NNW of Piru, CA"
ci40601903,2024-05-27,earthquake,USGS,real_downloaded,34.048,-118.904,magnitude,2.01,"10 km WNW of Malibu, CA"
ci40605175,2024-05-28,earthquake,USGS,real_downloaded,33.7948333,-117.7643333,magnitude,1.94,"4 km NE of North Tustin, CA"
ci40606039,2024-05-29,earthquake,USGS,real_downloaded,34.1805,-117.9268333,magnitude,1.0,"6 km NNW of Azusa, CA"
ci40606407,2024-05-30,earthquake,USGS,real_downloaded,33.9008333,-118.5845,magnitude,1.94,"15 km SW of Marina del Rey, CA"
ci40606983,2024-05-30,earthquake,USGS,real_downloaded,34.6881667,-117.6523333,magnitude,1.68,"18 km ENE of Lake Los Angeles, CA"
ci40607951,2024-05-31,earthquake,USGS,real_downloaded,34.3761667,-118.6321667,magnitude,1.41,"10 km SSW of Valencia, CA"
ci40608079,2024-05-31,earthquake,USGS,real_downloaded,33.9518333,-118.3961667,magnitude,1.9,"4 km NNE of El Segundo, CA"
ci40609151,2024-05-31,earthquake,USGS,real_downloaded,34.5363333,-118.8665,magnitude,1.44,"15 km NNW of Piru, CA"
ci40609591,2024-06-01,earthquake,USGS,real_downloaded,33.7316667,-118.0825,magnitude,1.13,"2 km ESE of Seal Beach, CA"
ci40610263,2024-06-01,earthquake,USGS,real_downloaded,34.3731667,-118.633,magnitude,1.37,"11 km SSW of Valencia, CA"
ci40610807,2024-06-02,earthquake,USGS,real_downloaded,34.1311667,-118.4873333,magnitude,1.18,"3 km SSE of Encino, CA"
ci40611087,2024-06-02,earthquake,USGS,real_downloaded,34.0843333,-118.178,magnitude,3.36,"4 km SW of South Pasadena, CA"
ci40611231,2024-06-02,earthquake,USGS,real_downloaded,34.0833333,-118.1881667,magnitude,1.16,"4 km SSE of Highland Park, CA"
ci40611775,2024-06-03,earthquake,USGS,real_downloaded,34.5495,-117.9941667,magnitude,1.18,"3 km NNW of Littlerock, CA"
ci40612951,2024-06-04,earthquake,USGS,real_downloaded,34.163,-118.2461667,magnitude,1.21,"1 km SSE of Glendale, CA"
ci40613079,2024-06-04,earthquake,USGS,real_downloaded,34.372,-118.638,magnitude,1.01,"11 km SW of Valencia, CA"
ci40614255,2024-06-04,earthquake,USGS,real_downloaded,34.0851667,-118.1801667,magnitude,2.82,"4 km SSE of Highland Park, CA"
ci40614479,2024-06-05,earthquake,USGS,real_downloaded,33.951,-118.7878333,magnitude,2.38,"6 km SSE of Malibu, CA"
ci40614751,2024-06-05,earthquake,USGS,real_downloaded,34.6036667,-118.6211667,magnitude,1.0,"13 km N of Castaic, CA"
ci40615495,2024-06-05,earthquake,USGS,real_downloaded,33.6341667,-117.907,magnitude,2.84,"3 km NE of Newport Beach, CA"
ci40616303,2024-06-06,earthquake,USGS,real_downloaded,33.6311667,-117.9098333,magnitude,3.58,"2 km NE of Newport Beach, CA"
ci40616311,2024-06-07,earthquake,USGS,real_downloaded,33.63,-117.9046667,magnitude,3.43,"3 km ENE of Newport Beach, CA"
ci40616319,2024-06-07,earthquake,USGS,real_downloaded,33.6401667,-117.898,magnitude,1.66,"3 km SSE of Costa Mesa, CA"
ci40616351,2024-06-07,earthquake,USGS,real_downloaded,33.64,-117.9036667,magnitude,1.12,"3 km SSE of Costa Mesa, CA"
ci40617279,2024-06-08,earthquake,USGS,real_downloaded,33.9626667,-118.2205,magnitude,1.35,"1 km SE of Walnut Park, CA"
ci40617335,2024-06-08,earthquake,USGS,real_downloaded,34.0563333,-118.1673333,magnitude,1.87,"3 km N of East Los Angeles, CA"
ci40617575,2024-06-08,earthquake,USGS,real_downloaded,34.4701667,-117.9675,magnitude,1.9,"6 km SSE of Littlerock, CA"
ci40617935,2024-06-09,earthquake,USGS,real_downloaded,33.8558333,-118.4516667,magnitude,2.07,"5 km W of Hermosa Beach, CA"
ci40617999,2024-06-09,earthquake,USGS,real_downloaded,33.9935,-118.4706667,magnitude,1.76,"2 km NW of Marina del Rey, CA"
ci40618511,2024-06-10,earthquake,USGS,real_downloaded,33.379,-118.1081667,magnitude,2.16,"21 km E of Avalon, CA"
ci40620095,2024-06-11,earthquake,USGS,real_downloaded,34.4936667,-118.1453333,magnitude,1.37,"3 km WSW of Vincent, CA"
ci40797952,2024-06-14,earthquake,USGS,real_downloaded,34.1086667,-118.5255,magnitude,1.18,"6 km SSW of Encino, CA"
ci40798320,2024-06-14,earthquake,USGS,real_downloaded,33.6341667,-117.9131667,magnitude,1.66,"2 km NE of Newport Beach, CA"
ci40799472,2024-06-15,earthquake,USGS,real_downloaded,33.8558333,-117.7488333,magnitude,1.02,"7 km ESE of Yorba Linda, CA"
ci40800048,2024-06-16,earthquake,USGS,real_downloaded,33.8328333,-117.8695,magnitude,1.32,"2 km ESE of Anaheim, CA"
ci40800600,2024-06-16,earthquake,USGS,real_downloaded,33.729,-118.0303333,magnitude,1.52,"4 km SSW of Westminster, CA"
ci37671004,2024-06-19,earthquake,USGS,real_downloaded,34.1551667,-117.8455,magnitude,1.28,"3 km NE of Glendora, CA"
ci40803272,2024-06-19,earthquake,USGS,real_downloaded,34.1725,-118.1901667,magnitude,1.56,"3 km S of La Canada Flintridge, CA"
ci40803688,2024-06-20,earthquake,USGS,real_downloaded,34.3951667,-118.6518333,magnitude,1.11,"10 km SW of Valencia, CA"
ci40803800,2024-06-20,earthquake,USGS,real_downloaded,33.8513333,-118.2706667,magnitude,1.65,"2 km NNE of Carson, CA"
ci40805360,2024-06-21,earthquake,USGS,real_downloaded,33.8178333,-117.6481667,magnitude,1.94,"9 km SW of Corona, CA"
ci40805576,2024-06-21,earthquake,USGS,real_downloaded,33.8193333,-117.7128333,magnitude,1.53,"9 km E of Villa Park, CA"
ci40805656,2024-06-21,earthquake,USGS,real_downloaded,34.3873333,-118.3591667,magnitude,1.34,"12 km NE of Sylmar, CA"
ci40806688,2024-06-22,earthquake,USGS,real_downloaded,33.9071667,-117.6773333,magnitude,1.05,"11 km WNW of Corona, CA"
ci40806728,2024-06-22,earthquake,USGS,real_downloaded,33.8391667,-117.6511667,magnitude,1.07,"8 km WSW of Corona, CA"
ci40807400,2024-06-23,earthquake,USGS,real_downloaded,33.3865,-117.986,magnitude,1.44,"26 km SW of Laguna Beach, CA"
ci40808120,2024-06-23,earthquake,USGS,real_downloaded,34.5386667,-118.8616667,magnitude,1.34,"15 km NNW of Piru, CA"
ci40808208,2024-06-23,earthquake,USGS,real_downloaded,33.8815,-117.7971667,magnitude,1.38,"2 km ESE of Yorba Linda, CA"
ci40808216,2024-06-23,earthquake,USGS,real_downloaded,33.6981667,-118.2881667,magnitude,1.68,"4 km S of San Pedro, CA"
ci40808280,2024-06-24,earthquake,USGS,real_downloaded,33.8823333,-117.7966667,magnitude,2.47,"2 km ESE of Yorba Linda, CA"
ci40808288,2024-06-24,earthquake,USGS,real_downloaded,33.8815,-117.8041667,magnitude,1.94,"1 km SE of Yorba Linda, CA"
ci40808312,2024-06-24,earthquake,USGS,real_downloaded,33.8173333,-117.6498333,magnitude,2.12,"10 km SW of Corona, CA"
ci40808368,2024-06-24,earthquake,USGS,real_downloaded,33.875,-117.8076667,magnitude,1.21,"2 km SSE of Yorba Linda, CA"
ci40808376,2024-06-24,earthquake,USGS,real_downloaded,33.8756667,-117.8111667,magnitude,1.45,"1 km S of Yorba Linda, CA"
ci40808720,2024-06-24,earthquake,USGS,real_downloaded,34.085,-118.1846667,magnitude,2.93,"4 km SSE of Highland Park, CA"
ci40809744,2024-06-25,earthquake,USGS,real_downloaded,34.0881667,-118.1895,magnitude,1.82,"4 km SSE of Highland Park, CA"
ci40809912,2024-06-25,earthquake,USGS,real_downloaded,34.2448333,-118.5643333,magnitude,1.13,"3 km WNW of Northridge, CA"
ci40810024,2024-06-25,earthquake,USGS,real_downloaded,34.2505,-118.5783333,magnitude,1.41,"2 km ESE of Chatsworth, CA"
ci40813176,2024-06-28,earthquake,USGS,real_downloaded,33.2963333,-118.3076667,magnitude,1.17,"6 km SSE of Avalon, CA"
ci40813312,2024-06-28,earthquake,USGS,real_downloaded,34.3305,-118.4491667,magnitude,1.44,"2 km N of Sylmar, CA"
ci40814448,2024-06-30,earthquake,USGS,real_downloaded,34.2953333,-117.9318333,magnitude,1.67,"17 km NNE of Bradbury, CA"
ci40814672,2024-06-30,earthquake,USGS,real_downloaded,33.9506667,-118.752,magnitude,1.26,"8 km SE of Malibu, CA"
ci40816424,2024-07-01,earthquake,USGS,real_downloaded,34.3231667,-118.5825,magnitude,1.12,"8 km NNE of Chatsworth, CA"
ci40816952,2024-07-02,earthquake,USGS,real_downloaded,34.0481667,-118.7301667,magnitude,1.53,"4 km WNW of Malibu Beach, CA"
ci40647391,2024-07-03,earthquake,USGS,real_downloaded,33.9041667,-118.6776667,magnitude,1.72,"14 km S of Malibu Beach, CA"
ci40647495,2024-07-03,earthquake,USGS,real_downloaded,34.2208333,-117.7498333,magnitude,2.07,"13 km N of La Verne, CA"
ci40648631,2024-07-04,earthquake,USGS,real_downloaded,34.3888333,-117.7168333,magnitude,1.15,"8 km SW of Pinon Hills, CA"
ci40648855,2024-07-04,earthquake,USGS,real_downloaded,34.4118333,-117.744,magnitude,1.02,"9 km WSW of Pinon Hills, CA"
ci40649519,2024-07-05,earthquake,USGS,real_downloaded,34.5721667,-118.247,magnitude,1.63,"6 km SE of Leona Valley, CA"
ci40649511,2024-07-05,earthquake,USGS,real_downloaded,34.5775,-118.2436667,magnitude,1.4,"6 km SE of Leona Valley, CA"
ci40649911,2024-07-06,earthquake,USGS,real_downloaded,34.2523333,-118.5016667,magnitude,1.03,"2 km S of Granada Hills, CA"
ci40651663,2024-07-08,earthquake,USGS,real_downloaded,34.5176667,-118.9016667,magnitude,1.07,"13 km N of Fillmore, CA"
ci40651695,2024-07-08,earthquake,USGS,real_downloaded,34.5248333,-118.9101667,magnitude,1.51,"14 km N of Fillmore, CA"
ci40651735,2024-07-08,earthquake,USGS,real_downloaded,34.0863333,-118.1833333,magnitude,1.42,"4 km SSE of Highland Park, CA"
ci40651751,2024-07-08,earthquake,USGS,real_downloaded,33.44,-118.019,magnitude,2.71,"22 km SSW of Newport Beach, CA"
ci40651791,2024-07-08,earthquake,USGS,real_downloaded,34.518,-118.905,magnitude,1.52,"13 km N of Fillmore, CA"
ci40652007,2024-07-08,earthquake,USGS,real_downloaded,34.5216667,-118.9041667,magnitude,2.15,"14 km N of Fillmore, CA"
ci40652159,2024-07-08,earthquake,USGS,real_downloaded,34.5425,-118.8986667,magnitude,1.01,"16 km N of Fillmore, CA"
ci40652631,2024-07-08,earthquake,USGS,real_downloaded,33.8741667,-117.8068333,magnitude,1.51,"2 km SSE of Yorba Linda, CA"
ci40653927,2024-07-09,earthquake,USGS,real_downloaded,33.8313333,-117.6831667,magnitude,1.11,"12 km WSW of Corona, CA"
ci40653967,2024-07-09,earthquake,USGS,real_downloaded,34.6036667,-118.6398333,magnitude,2.11,"13 km N of Castaic, CA"
ci40654527,2024-07-10,earthquake,USGS,real_downloaded,33.8715,-117.8086667,magnitude,1.09,"2 km SSE of Yorba Linda, CA"
ci40654727,2024-07-10,earthquake,USGS,real_downloaded,34.0858333,-118.1838333,magnitude,1.65,"4 km SSE of Highland Park, CA"
ci40655879,2024-07-11,earthquake,USGS,real_downloaded,34.5785,-118.032,magnitude,1.07,"6 km E of Palmdale, CA"
ci40657055,2024-07-11,earthquake,USGS,real_downloaded,33.8433333,-117.7283333,magnitude,1.42,"8 km ENE of Villa Park, CA"
ci40657119,2024-07-12,earthquake,USGS,real_downloaded,33.8358333,-118.5781667,magnitude,1.75,"16 km WSW of Manhattan Beach, CA"
ci40657559,2024-07-12,earthquake,USGS,real_downloaded,33.8191667,-118.1465,magnitude,1.37,"2 km NNE of Long Beach, CA"
ci40658903,2024-07-14,earthquake,USGS,real_downloaded,33.6853333,-118.257,magnitude,1.09,"6 km SSE of San Pedro, CA"
ci40659183,2024-07-14,earthquake,USGS,real_downloaded,33.835,-117.9326667,magnitude,1.29,"4 km W of Anaheim, CA"
ci40659287,2024-07-14,earthquake,USGS,real_downloaded,34.0118333,-118.2458333,magnitude,1.91,"4 km NNW of Huntington Park, CA"
ci40659399,2024-07-15,earthquake,USGS,real_downloaded,34.2046667,-117.7555,magnitude,1.62,"12 km N of La Verne, CA"
ci40659879,2024-07-15,earthquake,USGS,real_downloaded,33.9033333,-117.9566667,magnitude,1.39,"3 km SSW of La Habra, CA"
ci40661079,2024-07-16,earthquake,USGS,real_downloaded,33.9375,-118.282,magnitude,1.62,"3 km NW of Willowbrook, CA"
ci40661703,2024-07-16,earthquake,USGS,real_downloaded,34.087,-118.2063333,magnitude,1.26,"4 km SSW of Highland Park, CA"
ci40661943,2024-07-17,earthquake,USGS,real_downloaded,34.453,-117.9531667,magnitude,1.24,"7 km SW of Pearblossom, CA"
ci40664119,2024-07-19,earthquake,USGS,real_downloaded,33.6866667,-118.3905,magnitude,1.3,"6 km S of Rancho Palos Verdes, CA"
ci40664183,2024-07-19,earthquake,USGS,real_downloaded,33.9918333,-118.8473333,magnitude,1.42,"4 km WSW of Malibu, CA"
ci40665231,2024-07-20,earthquake,USGS,real_downloaded,33.8193333,-117.6528333,magnitude,1.49,"10 km SW of Corona, CA"
ci40665511,2024-07-20,earthquake,USGS,real_downloaded,33.7426667,-118.1926667,magnitude,1.33,"7 km SSW of Signal Hill, CA"
ci40666815,2024-07-21,earthquake,USGS,real_downloaded,33.8143333,-118.471,magnitude,3.56,"8 km WNW of Palos Verdes Estates, CA"
ci40667103,2024-07-22,earthquake,USGS,real_downloaded,33.859,-117.8596667,magnitude,1.04,"2 km SE of Placentia, CA"
ci40668023,2024-07-22,earthquake,USGS,real_downloaded,34.2498333,-118.4065,magnitude,1.61,"2 km SE of Pacoima, CA"
ci40669959,2024-07-24,earthquake,USGS,real_downloaded,33.3431667,-117.9546667,magnitude,1.42,"27 km SW of Laguna Beach, CA"
ci40671791,2024-07-26,earthquake,USGS,real_downloaded,34.0855,-118.1873333,magnitude,1.32,"4 km SSE of Highland Park, CA"
ci40672791,2024-07-27,earthquake,USGS,real_downloaded,34.0833333,-118.3163333,magnitude,1.41,"2 km SSE of Hollywood, CA"
ci40673111,2024-07-27,earthquake,USGS,real_downloaded,34.7731667,-118.9443333,magnitude,1.54,"6 km S of Frazier Park, CA"
ci40674551,2024-07-29,earthquake,USGS,real_downloaded,34.5023333,-118.1176667,magnitude,1.46,"0 km NNW of Vincent, CA"
ci40675167,2024-07-29,earthquake,USGS,real_downloaded,34.4766667,-117.9688333,magnitude,2.02,"5 km SSE of Littlerock, CA"
ci40677535,2024-07-31,earthquake,USGS,real_downloaded,34.0233333,-118.7976667,magnitude,2.37,"2 km NNE of Malibu, CA"
ci40678495,2024-07-31,earthquake,USGS,real_downloaded,34.086,-118.1875,magnitude,2.27,"4 km SSE of Highland Park, CA"
ci40858016,2024-08-01,earthquake,USGS,real_downloaded,33.6321667,-118.2273333,magnitude,1.68,"13 km SSE of San Pedro, CA"
ci40858856,2024-08-02,earthquake,USGS,real_downloaded,34.089,-118.1881667,magnitude,1.76,"4 km SSE of Highland Park, CA"
ci40860888,2024-08-03,earthquake,USGS,real_downloaded,33.006,-117.9081667,magnitude,1.7,"46 km ENE of San Clemente Is. (SE tip), CA"
ci40861720,2024-08-04,earthquake,USGS,real_downloaded,34.2863333,-118.1948333,magnitude,1.0,"7 km NNE of La Crescenta-Montrose, CA"
ci40861744,2024-08-04,earthquake,USGS,real_downloaded,33.8135,-118.7518333,magnitude,3.12,"22 km SSE of Malibu, CA"
ci40862184,2024-08-04,earthquake,USGS,real_downloaded,33.4895,-117.93,magnitude,1.93,"14 km S of Newport Beach, CA"
ci40863360,2024-08-05,earthquake,USGS,real_downloaded,34.4446667,-117.8998333,magnitude,1.54,"7 km S of Pearblossom, CA"
ci40863664,2024-08-06,earthquake,USGS,real_downloaded,33.0936667,-117.9575,magnitude,1.51,"44 km SE of Avalon, CA"
ci40865040,2024-08-07,earthquake,USGS,real_downloaded,34.0746667,-117.8436667,magnitude,2.5,"3 km S of Charter Oak, CA"
ci40867424,2024-08-07,earthquake,USGS,real_downloaded,33.886,-117.6845,magnitude,1.02,"11 km W of Corona, CA"
ci40868008,2024-08-07,earthquake,USGS,real_downloaded,34.0856667,-118.1818333,magnitude,1.22,"4 km SSE of Highland Park, CA"
ci40869568,2024-08-08,earthquake,USGS,real_downloaded,34.6055,-118.6313333,magnitude,1.14,"13 km N of Castaic, CA"
ci40869688,2024-08-08,earthquake,USGS,real_downloaded,34.0606667,-118.8485,magnitude,1.87,"7 km NNW of Malibu, CA"
ci40694343,2024-08-08,earthquake,USGS,real_downloaded,33.8196667,-117.7686667,magnitude,1.69,"4 km E of Villa Park, CA"
ci40694511,2024-08-08,earthquake,USGS,real_downloaded,33.818,-117.7816667,magnitude,1.17,"3 km E of Villa Park, CA"
ci40695511,2024-08-09,earthquake,USGS,real_downloaded,34.3498333,-118.5326667,magnitude,1.86,"8 km SSW of Santa Clarita, CA"
ci40695959,2024-08-10,earthquake,USGS,real_downloaded,34.3635,-117.784,magnitude,1.09,"14 km W of Wrightwood, CA"
ci40696687,2024-08-10,earthquake,USGS,real_downloaded,34.5693333,-118.628,magnitude,1.64,"9 km N of Castaic, CA"
ci40697383,2024-08-11,earthquake,USGS,real_downloaded,34.3995,-118.3866667,magnitude,1.24,"11 km E of Santa Clarita, CA"
ci40698023,2024-08-12,earthquake,USGS,real_downloaded,34.0918333,-118.1681667,magnitude,1.22,"3 km SSW of South Pasadena, CA"
ci40698031,2024-08-12,earthquake,USGS,real_downloaded,34.0918333,-118.1748333,magnitude,1.11,"4 km SW of South Pasadena, CA"
ci40698071,2024-08-12,earthquake,USGS,real_downloaded,34.0853333,-118.1715,magnitude,1.67,"4 km SSW of South Pasadena, CA"
ci40698103,2024-08-12,earthquake,USGS,real_downloaded,33.9165,-117.899,magnitude,1.7,"0 km ESE of Brea, CA"
ci40699207,2024-08-12,earthquake,USGS,real_downloaded,34.0825,-118.1788333,magnitude,4.39,"4 km SSE of Highland Park, CA"
ci40699215,2024-08-12,earthquake,USGS,real_downloaded,34.0853333,-118.1838333,magnitude,2.05,"4 km SSE of Highland Park, CA"
ci40699287,2024-08-12,earthquake,USGS,real_downloaded,34.086,-118.1866667,magnitude,2.13,"4 km SSE of Highland Park, CA"
ci40699311,2024-08-12,earthquake,USGS,real_downloaded,34.0836667,-118.1893333,magnitude,1.62,"4 km SSE of Highland Park, CA"
ci40699415,2024-08-12,earthquake,USGS,real_downloaded,34.0861667,-118.1955,magnitude,1.23,"4 km S of Highland Park, CA"
ci40699535,2024-08-12,earthquake,USGS,real_downloaded,34.0881667,-118.1851667,magnitude,1.54,"4 km SSE of Highland Park, CA"
ci40699551,2024-08-12,earthquake,USGS,real_downloaded,34.0863333,-118.1945,magnitude,1.54,"4 km S of Highland Park, CA"
ci40699743,2024-08-13,earthquake,USGS,real_downloaded,34.0871667,-118.1781667,magnitude,1.62,"4 km SSE of Highland Park, CA"
ci40699799,2024-08-13,earthquake,USGS,real_downloaded,34.0861667,-118.1878333,magnitude,1.29,"4 km SSE of Highland Park, CA"
ci40699815,2024-08-13,earthquake,USGS,real_downloaded,34.0891667,-118.1755,magnitude,1.1,"4 km SW of South Pasadena, CA"
ci40699967,2024-08-13,earthquake,USGS,real_downloaded,34.0908333,-118.1833333,magnitude,1.5,"4 km SSE of Highland Park, CA"
ci40700655,2024-08-13,earthquake,USGS,real_downloaded,34.081,-118.1938333,magnitude,1.93,"4 km S of Highland Park, CA"
ci40700807,2024-08-13,earthquake,USGS,real_downloaded,34.0866667,-118.1828333,magnitude,2.29,"4 km SSE of Highland Park, CA"
ci40701007,2024-08-13,earthquake,USGS,real_downloaded,34.091,-118.1808333,magnitude,1.31,"4 km SSE of Highland Park, CA"
ci40701279,2024-08-14,earthquake,USGS,real_downloaded,34.7176667,-118.627,magnitude,1.12,"7 km SSW of Neenach, CA"
ci40701303,2024-08-14,earthquake,USGS,real_downloaded,34.0906667,-118.186,magnitude,1.3,"4 km SSE of Highland Park, CA"
ci40701687,2024-08-14,earthquake,USGS,real_downloaded,34.0878333,-118.1826667,magnitude,1.47,"4 km SSE of Highland Park, CA"
ci40702967,2024-08-15,earthquake,USGS,real_downloaded,34.1346667,-117.7436667,magnitude,1.08,"4 km NNE of La Verne, CA"
ci40703023,2024-08-15,earthquake,USGS,real_downloaded,34.0865,-118.2011667,magnitude,1.18,"4 km S of Highland Park, CA"
ci40705175,2024-08-17,earthquake,USGS,real_downloaded,34.085,-118.1886667,magnitude,1.52,"4 km SSE of Highland Park, CA"
ci40705519,2024-08-17,earthquake,USGS,real_downloaded,34.2908333,-118.4245,magnitude,1.31,"1 km ENE of San Fernando, CA"
ci40705735,2024-08-17,earthquake,USGS,real_downloaded,34.084,-118.1906667,magnitude,2.07,"4 km S of Highland Park, CA"
ci40705807,2024-08-18,earthquake,USGS,real_downloaded,34.0205,-118.4546667,magnitude,1.25,"3 km E of Santa Monica, CA"
ci40705935,2024-08-18,earthquake,USGS,real_downloaded,34.5998333,-118.5178333,magnitude,1.17,"11 km SW of Lake Hughes, CA"
ci40705991,2024-08-18,earthquake,USGS,real_downloaded,33.9893333,-118.341,magnitude,1.17,"1 km SE of View Park-Windsor Hills, CA"
ci40705999,2024-08-18,earthquake,USGS,real_downloaded,34.0013333,-118.3576667,magnitude,1.8,"1 km NW of View Park-Windsor Hills, CA"
ci40706575,2024-08-19,earthquake,USGS,real_downloaded,33.5651667,-118.0188333,magnitude,1.7,"10 km SW of Newport Beach, CA"
ci40706935,2024-08-19,earthquake,USGS,real_downloaded,33.976,-118.4383333,magnitude,1.17,"1 km ESE of Marina del Rey, CA"
ci40707279,2024-08-19,earthquake,USGS,real_downloaded,34.0835,-118.173,magnitude,1.33,"4 km SSW of South Pasadena, CA"
ci40707303,2024-08-19,earthquake,USGS,real_downloaded,34.1348333,-117.783,magnitude,1.09,"4 km NE of San Dimas, CA"
ci40707903,2024-08-19,earthquake,USGS,real_downloaded,34.4525,-117.875,magnitude,1.5,"7 km SSE of Pearblossom, CA"
ci40708239,2024-08-20,earthquake,USGS,real_downloaded,34.082,-118.192,magnitude,1.63,"4 km S of Highland Park, CA"
ci40708327,2024-08-20,earthquake,USGS,real_downloaded,34.4985,-118.06,magnitude,1.2,"5 km E of Vincent, CA"
ci40708439,2024-08-20,earthquake,USGS,real_downloaded,33.9021667,-117.8561667,magnitude,1.34,"4 km NNE of Placentia, CA"
ci40709175,2024-08-20,earthquake,USGS,real_downloaded,33.764,-118.155,magnitude,2.08,"4 km S of Long Beach, CA"
ci40709215,2024-08-20,earthquake,USGS,real_downloaded,34.4566667,-117.8773333,magnitude,1.31,"6 km SSE of Pearblossom, CA"
ci40709807,2024-08-21,earthquake,USGS,real_downloaded,34.2831667,-118.576,magnitude,1.38,"4 km NE of Chatsworth, CA"
ci40710135,2024-08-21,earthquake,USGS,real_downloaded,34.2851667,-118.5895,magnitude,1.07,"3 km NNE of Chatsworth, CA"
ci40710151,2024-08-21,earthquake,USGS,real_downloaded,34.08,-118.1776667,magnitude,1.84,"5 km SSW of South Pasadena, CA"
ci40710423,2024-08-21,earthquake,USGS,real_downloaded,34.7168333,-118.804,magnitude,1.46,"10 km SSE of Gorman, CA"
ci40710431,2024-08-21,earthquake,USGS,real_downloaded,34.5151667,-118.6698333,magnitude,1.17,"5 km NW of Castaic, CA"
ci40710487,2024-08-21,earthquake,USGS,real_downloaded,34.08,-118.2011667,magnitude,1.1,"4 km S of Highland Park, CA"
ci40711135,2024-08-22,earthquake,USGS,real_downloaded,34.4533333,-117.8765,magnitude,1.52,"7 km SSE of Pearblossom, CA"
ci40711687,2024-08-23,earthquake,USGS,real_downloaded,34.0833333,-118.1806667,magnitude,1.49,"4 km SSE of Highland Park, CA"
ci40711823,2024-08-23,earthquake,USGS,real_downloaded,34.5026667,-118.7956667,magnitude,1.22,"10 km N of Piru, CA"
ci40711855,2024-08-23,earthquake,USGS,real_downloaded,34.0118333,-118.7356667,magnitude,1.64,"5 km WSW of Malibu Beach, CA"
ci40712511,2024-08-23,earthquake,USGS,real_downloaded,34.4516667,-117.873,magnitude,1.29,"7 km SSE of Pearblossom, CA"
ci40713967,2024-08-25,earthquake,USGS,real_downloaded,34.416,-117.703,magnitude,1.12,"6 km WSW of Pinon Hills, CA"
ci40715343,2024-08-27,earthquake,USGS,real_downloaded,33.8523333,-117.8386667,magnitude,1.24,"4 km SE of Placentia, CA"
ci40715727,2024-08-27,earthquake,USGS,real_downloaded,33.9956667,-118.3466667,magnitude,1.06,"0 km E of View Park-Windsor Hills, CA"
ci40716775,2024-08-28,earthquake,USGS,real_downloaded,33.6958333,-117.9271667,magnitude,2.0,"3 km ESE of Fountain Valley, CA"
ci40716991,2024-08-28,earthquake,USGS,real_downloaded,33.9871667,-118.4211667,magnitude,1.34,"3 km ENE of Marina del Rey, CA"
ci40717935,2024-08-28,earthquake,USGS,real_downloaded,34.1856667,-117.9213333,magnitude,1.07,"6 km NNW of Azusa, CA"
ci40720327,2024-08-31,earthquake,USGS,real_downloaded,34.0826667,-118.1731667,magnitude,1.16,"4 km SSW of South Pasadena, CA"
ci40721447,2024-09-01,earthquake,USGS,real_downloaded,34.2253333,-118.5685,magnitude,1.53,"3 km WSW of Northridge, CA"
ci40721615,2024-09-01,earthquake,USGS,real_downloaded,34.0881667,-118.1693333,magnitude,2.12,"4 km SSW of South Pasadena, CA"
ci40721623,2024-09-01,earthquake,USGS,real_downloaded,34.0358333,-118.1676667,magnitude,1.0,"0 km N of East Los Angeles, CA"
ci40721631,2024-09-01,earthquake,USGS,real_downloaded,34.0845,-118.1738333,magnitude,1.58,"4 km SSW of South Pasadena, CA"
ci40722207,2024-09-02,earthquake,USGS,real_downloaded,33.5591667,-118.3738333,magnitude,1.92,"21 km S of Rancho Palos Verdes, CA"
ci40722223,2024-09-02,earthquake,USGS,real_downloaded,33.72,-118.6145,magnitude,1.91,"21 km W of Rancho Palos Verdes, CA"
ci40722367,2024-09-02,earthquake,USGS,real_downloaded,33.7228333,-118.6113333,magnitude,3.14,"21 km W of Rancho Palos Verdes, CA"
ci40722375,2024-09-02,earthquake,USGS,real_downloaded,33.716,-118.6185,magnitude,2.04,"22 km W of Rancho Palos Verdes, CA"
ci40722391,2024-09-02,earthquake,USGS,real_downloaded,33.7163333,-118.6188333,magnitude,2.27,"22 km W of Rancho Palos Verdes, CA"
ci40722479,2024-09-02,earthquake,USGS,real_downloaded,33.7105,-118.6181667,magnitude,3.13,"22 km W of Rancho Palos Verdes, CA"
ci40722495,2024-09-02,earthquake,USGS,real_downloaded,33.7005,-118.6563333,magnitude,1.9,"25 km W of Rancho Palos Verdes, CA"
ci40723151,2024-09-03,earthquake,USGS,real_downloaded,34.2573333,-118.4815,magnitude,1.13,"2 km SE of Granada Hills, CA"
ci40723303,2024-09-03,earthquake,USGS,real_downloaded,34.0496667,-117.7823333,magnitude,1.32,"3 km WSW of Pomona, CA"
ci40724711,2024-09-04,earthquake,USGS,real_downloaded,34.0861667,-118.1976667,magnitude,2.01,"4 km S of Highland Park, CA"
ci40725567,2024-09-05,earthquake,USGS,real_downloaded,34.0798333,-118.1941667,magnitude,1.0,"4 km S of Highland Park, CA"
ci40725895,2024-09-05,earthquake,USGS,real_downloaded,33.3153333,-118.1133333,magnitude,1.76,"20 km E of Avalon, CA"
ci40727015,2024-09-07,earthquake,USGS,real_downloaded,33.7135,-118.6173333,magnitude,2.77,"22 km W of Rancho Palos Verdes, CA"
ci40727055,2024-09-07,earthquake,USGS,real_downloaded,33.7145,-118.6165,magnitude,3.17,"22 km W of Rancho Palos Verdes, CA"
ci40727063,2024-09-07,earthquake,USGS,real_downloaded,33.7118333,-118.6191667,magnitude,2.17,"22 km W of Rancho Palos Verdes, CA"
ci40727399,2024-09-07,earthquake,USGS,real_downloaded,34.0875,-118.1838333,magnitude,1.25,"4 km SSE of Highland Park, CA"
ci40728519,2024-09-08,earthquake,USGS,real_downloaded,33.7055,-118.6156667,magnitude,2.24,"22 km WSW of Rancho Palos Verdes, CA"
ci40729055,2024-09-09,earthquake,USGS,real_downloaded,33.8925,-117.7273333,magnitude,2.55,"8 km E of Yorba Linda, CA"
ci40730519,2024-09-11,earthquake,USGS,real_downloaded,34.4438333,-117.9336667,magnitude,1.1,"7 km SSW of Pearblossom, CA"
ci40730591,2024-09-11,earthquake,USGS,real_downloaded,34.0855,-118.184,magnitude,1.56,"4 km SSE of Highland Park, CA"
ci40731591,2024-09-12,earthquake,USGS,real_downloaded,33.7263333,-117.9995,magnitude,2.18,"4 km S of Westminster, CA"
ci40731623,2024-09-12,earthquake,USGS,real_downloaded,34.0565,-118.8126667,magnitude,4.7124691938064,"6 km N of Malibu, CA"
ci40731639,2024-09-12,earthquake,USGS,real_downloaded,34.0578333,-118.8273333,magnitude,2.47,"6 km NNW of Malibu, CA"
ci40731647,2024-09-12,earthquake,USGS,real_downloaded,34.0533333,-118.815,magnitude,2.23,"5 km N of Malibu, CA"
ci37683668,2024-09-12,earthquake,USGS,real_downloaded,34.0471667,-118.8148333,magnitude,2.02,"5 km N of Malibu, CA"
ci40731655,2024-09-12,earthquake,USGS,real_downloaded,34.0561667,-118.8135,magnitude,1.73,"6 km N of Malibu, CA"
ci40731663,2024-09-12,earthquake,USGS,real_downloaded,34.0338333,-118.8145,magnitude,1.34,"3 km N of Malibu, CA"
ci40731671,2024-09-12,earthquake,USGS,real_downloaded,34.0588333,-118.8123333,magnitude,2.07,"6 km N of Malibu, CA"
ci40731687,2024-09-12,earthquake,USGS,real_downloaded,34.0476667,-118.8148333,magnitude,1.43,"5 km N of Malibu, CA"
ci40731695,2024-09-12,earthquake,USGS,real_downloaded,34.051,-118.8143333,magnitude,1.51,"5 km N of Malibu, CA"
ci40731735,2024-09-12,earthquake,USGS,real_downloaded,34.059,-118.8171667,magnitude,1.78,"6 km N of Malibu, CA"
ci40731743,2024-09-12,earthquake,USGS,real_downloaded,34.0613333,-118.8128333,magnitude,1.66,"6 km N of Malibu, CA"
ci40731759,2024-09-12,earthquake,USGS,real_downloaded,34.0635,-118.7971667,magnitude,3.44,"7 km N of Malibu, CA"
ci40731775,2024-09-12,earthquake,USGS,real_downloaded,34.0483333,-118.8215,magnitude,1.23,"5 km NNW of Malibu, CA"
ci40731783,2024-09-12,earthquake,USGS,real_downloaded,34.0505,-118.8111667,magnitude,1.79,"5 km N of Malibu, CA"
ci40731807,2024-09-12,earthquake,USGS,real_downloaded,34.0561667,-118.8055,magnitude,2.78,"6 km N of Malibu, CA"
ci40731815,2024-09-12,earthquake,USGS,real_downloaded,34.0468333,-118.8186667,magnitude,2.5,"5 km N of Malibu, CA"
ci40731823,2024-09-12,earthquake,USGS,real_downloaded,34.0486667,-118.8021667,magnitude,2.3,"5 km N of Malibu, CA"
ci40731831,2024-09-12,earthquake,USGS,real_downloaded,34.0328333,-118.8081667,magnitude,1.53,"3 km N of Malibu, CA"
ci37683676,2024-09-12,earthquake,USGS,real_downloaded,34.0556667,-118.8191667,magnitude,1.16,"6 km N of Malibu, CA"
ci40731839,2024-09-12,earthquake,USGS,real_downloaded,34.0498333,-118.8043333,magnitude,1.74,"5 km N of Malibu, CA"
ci40731847,2024-09-12,earthquake,USGS,real_downloaded,34.0535,-118.8033333,magnitude,3.43,"5 km N of Malibu, CA"
ci40731863,2024-09-12,earthquake,USGS,real_downloaded,34.06,-118.8105,magnitude,2.11,"6 km N of Malibu, CA"
ci40731887,2024-09-12,earthquake,USGS,real_downloaded,34.054,-118.8061667,magnitude,2.21,"6 km N of Malibu, CA"
ci40731903,2024-09-12,earthquake,USGS,real_downloaded,34.0386667,-118.8165,magnitude,1.56,"4 km N of Malibu, CA"
ci37683684,2024-09-12,earthquake,USGS,real_downloaded,33.9033333,-118.76,magnitude,1.38,"12 km SSE of Malibu, CA"
ci40732007,2024-09-12,earthquake,USGS,real_downloaded,34.0531667,-118.8038333,magnitude,2.45,"5 km N of Malibu, CA"
ci40732071,2024-09-12,earthquake,USGS,real_downloaded,34.061,-118.8096667,magnitude,1.96,"6 km N of Malibu, CA"
ci40732119,2024-09-12,earthquake,USGS,real_downloaded,34.0506667,-118.8085,magnitude,1.55,"5 km N of Malibu, CA"
ci40732215,2024-09-12,earthquake,USGS,real_downloaded,34.0541667,-118.803,magnitude,1.89,"6 km N of Malibu, CA"
ci40732247,2024-09-13,earthquake,USGS,real_downloaded,34.0551667,-118.8098333,magnitude,1.95,"6 km N of Malibu, CA"
ci40732311,2024-09-13,earthquake,USGS,real_downloaded,34.055,-118.8056667,magnitude,1.67,"6 km N of Malibu, CA"
ci40732351,2024-09-13,earthquake,USGS,real_downloaded,34.103,-118.2303333,magnitude,1.32,"3 km ENE of Silver Lake, CA"
ci40732359,2024-09-13,earthquake,USGS,real_downloaded,34.1043333,-118.2326667,magnitude,1.44,"3 km ENE of Silver Lake, CA"
ci40732439,2024-09-13,earthquake,USGS,real_downloaded,34.0605,-118.8083333,magnitude,1.45,"6 km N of Malibu, CA"
ci40732479,2024-09-13,earthquake,USGS,real_downloaded,34.053,-118.8058333,magnitude,1.35,"5 km N of Malibu, CA"
ci40732519,2024-09-13,earthquake,USGS,real_downloaded,34.0613333,-118.8083333,magnitude,3.23,"6 km N of Malibu, CA"
ci37683820,2024-09-13,earthquake,USGS,real_downloaded,33.7456667,-117.975,magnitude,1.83,"3 km ESE of Westminster, CA"
ci37683828,2024-09-13,earthquake,USGS,real_downloaded,33.7481667,-117.9746667,magnitude,1.23,"3 km ESE of Westminster, CA"
ci40732527,2024-09-13,earthquake,USGS,real_downloaded,33.7348333,-117.9903333,magnitude,1.73,"3 km SSE of Westminster, CA"
ci40732559,2024-09-13,earthquake,USGS,real_downloaded,34.0613333,-118.8086667,magnitude,1.55,"6 km N of Malibu, CA"
ci40732679,2024-09-13,earthquake,USGS,real_downloaded,34.0453333,-118.8186667,magnitude,1.4,"5 km N of Malibu, CA"
ci40732711,2024-09-13,earthquake,USGS,real_downloaded,34.0486667,-118.8061667,magnitude,1.42,"5 km N of Malibu, CA"
ci40733039,2024-09-13,earthquake,USGS,real_downloaded,34.0291667,-118.8106667,magnitude,1.59,"3 km N of Malibu, CA"
ci40733055,2024-09-13,earthquake,USGS,real_downloaded,34.5516667,-118.2041667,magnitude,1.01,"9 km N of Acton, CA"
ci40733215,2024-09-13,earthquake,USGS,real_downloaded,34.0511667,-118.8055,magnitude,2.54,"5 km N of Malibu, CA"
ci40733271,2024-09-14,earthquake,USGS,real_downloaded,34.05,-118.8073333,magnitude,2.43,"5 km N of Malibu, CA"
ci40733399,2024-09-14,earthquake,USGS,real_downloaded,34.0563333,-118.8053333,magnitude,1.74,"6 km N of Malibu, CA"
ci40733423,2024-09-14,earthquake,USGS,real_downloaded,34.054,-118.82,magnitude,1.08,"6 km N of Malibu, CA"
ci40733527,2024-09-14,earthquake,USGS,real_downloaded,34.0898333,-118.188,magnitude,1.35,"4 km SSE of Highland Park, CA"
ci40733599,2024-09-14,earthquake,USGS,real_downloaded,34.0533333,-118.8131667,magnitude,1.23,"5 km N of Malibu, CA"
ci40733863,2024-09-14,earthquake,USGS,real_downloaded,34.0426667,-118.8093333,magnitude,1.39,"4 km N of Malibu, CA"
ci40733895,2024-09-14,earthquake,USGS,real_downloaded,34.0543333,-118.8145,magnitude,1.32,"6 km N of Malibu, CA"
ci40733911,2024-09-15,earthquake,USGS,real_downloaded,34.0523333,-118.8128333,magnitude,1.47,"5 km N of Malibu, CA"
ci40733919,2024-09-15,earthquake,USGS,real_downloaded,34.0476667,-118.8115,magnitude,1.5,"5 km N of Malibu, CA"
ci40734215,2024-09-15,earthquake,USGS,real_downloaded,34.054,-118.7911667,magnitude,1.89,"6 km NNE of Malibu, CA"
ci40734487,2024-09-15,earthquake,USGS,real_downloaded,34.0563333,-118.805,magnitude,2.34,"6 km N of Malibu, CA"
ci40734623,2024-09-15,earthquake,USGS,real_downloaded,34.0483333,-118.816,magnitude,1.34,"5 km N of Malibu, CA"
ci40734799,2024-09-16,earthquake,USGS,real_downloaded,34.049,-118.7975,magnitude,1.42,"5 km NNE of Malibu, CA"
ci40734807,2024-09-16,earthquake,USGS,real_downloaded,34.0506667,-118.8025,magnitude,1.26,"5 km N of Malibu, CA"
ci40734823,2024-09-16,earthquake,USGS,real_downloaded,34.0596667,-118.8116667,magnitude,3.7,"6 km N of Malibu, CA"
ci40734863,2024-09-16,earthquake,USGS,real_downloaded,34.0606667,-118.8108333,magnitude,1.58,"6 km N of Malibu, CA"
ci40734871,2024-09-16,earthquake,USGS,real_downloaded,34.0785,-118.1365,magnitude,1.04,"2 km SSW of Alhambra, CA"
ci40734935,2024-09-16,earthquake,USGS,real_downloaded,34.0623333,-118.7988333,magnitude,2.86,"6 km N of Malibu, CA"
ci40735167,2024-09-16,earthquake,USGS,real_downloaded,34.5221667,-118.8195,magnitude,1.59,"12 km N of Piru, CA"
ci40735295,2024-09-16,earthquake,USGS,real_downloaded,34.0405,-118.7991667,magnitude,1.51,"4 km NNE of Malibu, CA"
ci40735695,2024-09-17,earthquake,USGS,real_downloaded,34.0543333,-118.8171667,magnitude,1.13,"6 km N of Malibu, CA"
ci40735711,2024-09-17,earthquake,USGS,real_downloaded,34.0618333,-118.8011667,magnitude,2.8,"6 km N of Malibu, CA"
ci40735759,2024-09-17,earthquake,USGS,real_downloaded,34.034,-118.8046667,magnitude,1.49,"3 km N of Malibu, CA"
ci40736463,2024-09-18,earthquake,USGS,real_downloaded,34.0626667,-118.8101667,magnitude,1.94,"6 km N of Malibu, CA"
ci40737055,2024-09-18,earthquake,USGS,real_downloaded,34.163,-117.9323333,magnitude,1.95,"4 km ENE of Bradbury, CA"
ci40737295,2024-09-18,earthquake,USGS,real_downloaded,34.0521667,-118.8093333,magnitude,1.35,"5 km N of Malibu, CA"
ci40737623,2024-09-18,earthquake,USGS,real_downloaded,33.8745,-117.7548333,magnitude,1.15,"6 km ESE of Yorba Linda, CA"
ci40738055,2024-09-19,earthquake,USGS,real_downloaded,34.056,-118.8095,magnitude,1.81,"6 km N of Malibu, CA"
ci40739999,2024-09-20,earthquake,USGS,real_downloaded,34.0923333,-118.1866667,magnitude,2.33,"3 km SSE of Highland Park, CA"
ci40741143,2024-09-21,earthquake,USGS,real_downloaded,34.0936667,-118.1938333,magnitude,1.37,"3 km S of Highland Park, CA"
ci40741367,2024-09-21,earthquake,USGS,real_downloaded,34.0536667,-118.796,magnitude,3.07,"6 km NNE of Malibu, CA"
ci40741607,2024-09-22,earthquake,USGS,real_downloaded,34.5003333,-118.1135,magnitude,1.18,"0 km E of Vincent, CA"
ci40741839,2024-09-22,earthquake,USGS,real_downloaded,33.9305,-118.4661667,magnitude,1.1,"5 km WNW of El Segundo, CA"
ci40742791,2024-09-23,earthquake,USGS,real_downloaded,33.941,-118.3606667,magnitude,2.93,"1 km WNW of Lennox, CA"
ci40742807,2024-09-23,earthquake,USGS,real_downloaded,33.9425,-118.366,magnitude,1.79,"1 km WNW of Lennox, CA"
ci40743231,2024-09-23,earthquake,USGS,real_downloaded,33.9628333,-118.3505,magnitude,1.59,"1 km NW of Inglewood, CA"
ci40743815,2024-09-24,earthquake,USGS,real_downloaded,34.4446667,-117.9365,magnitude,1.07,"7 km SSW of Pearblossom, CA"
ci40744903,2024-09-25,earthquake,USGS,real_downloaded,34.0601667,-118.814,magnitude,1.57,"6 km N of Malibu, CA"
ci40744999,2024-09-25,earthquake,USGS,real_downloaded,33.8125,-117.845,magnitude,1.18,"2 km NW of Orange, CA"
ci40746223,2024-09-26,earthquake,USGS,real_downloaded,34.1655,-118.4966667,magnitude,1.93,"1 km NNE of Encino, CA"
ci40746703,2024-09-26,earthquake,USGS,real_downloaded,34.0495,-118.8093333,magnitude,1.93,"5 km N of Malibu, CA"
ci40746719,2024-09-27,earthquake,USGS,real_downloaded,33.9181667,-118.336,magnitude,1.99,"2 km E of Hawthorne, CA"
ci40747447,2024-09-28,earthquake,USGS,real_downloaded,34.0575,-118.8075,magnitude,2.84,"6 km N of Malibu, CA"
ci40747535,2024-09-28,earthquake,USGS,real_downloaded,34.0781667,-118.1881667,magnitude,1.08,"5 km SSE of Highland Park, CA"
ci40747599,2024-09-28,earthquake,USGS,real_downloaded,34.0583333,-118.8123333,magnitude,1.31,"6 km N of Malibu, CA"
ci40747871,2024-09-28,earthquake,USGS,real_downloaded,33.9678333,-118.9011667,magnitude,3.08,"9 km WSW of Malibu, CA"
ci40748119,2024-09-29,earthquake,USGS,real_downloaded,33.8795,-117.8055,magnitude,1.23,"1 km SE of Yorba Linda, CA"
ci40748727,2024-09-30,earthquake,USGS,real_downloaded,33.8723333,-117.7668333,magnitude,1.15,"5 km ESE of Yorba Linda, CA"
ci40748759,2024-09-30,earthquake,USGS,real_downloaded,33.8251667,-117.8293333,magnitude,1.29,"2 km NW of Villa Park, CA"
ci40749855,2024-10-01,earthquake,USGS,real_downloaded,34.09,-118.1788333,magnitude,1.64,"4 km SSE of Highland Park, CA"
ci40750111,2024-10-02,earthquake,USGS,real_downloaded,34.0638333,-118.801,magnitude,2.75,"7 km N of Malibu, CA"
ci40750295,2024-10-02,earthquake,USGS,real_downloaded,34.0536667,-118.8021667,magnitude,2.15,"6 km N of Malibu, CA"
ci40750487,2024-10-02,earthquake,USGS,real_downloaded,34.0875,-118.1878333,magnitude,1.39,"4 km SSE of Highland Park, CA"
ci40750831,2024-10-02,earthquake,USGS,real_downloaded,32.9516667,-117.7875,magnitude,1.95,"47 km WSW of Carlsbad, CA"
ci40750935,2024-10-03,earthquake,USGS,real_downloaded,33.7401667,-118.3413333,magnitude,1.78,"2 km SSE of Rolling Hills, CA"
ci40751031,2024-10-03,earthquake,USGS,real_downloaded,33.835,-117.8018333,magnitude,1.71,"2 km NNE of Villa Park, CA"
ci40751087,2024-10-03,earthquake,USGS,real_downloaded,34.0148333,-118.2411667,magnitude,1.06,"4 km NNW of Huntington Park, CA"
ci40751167,2024-10-03,earthquake,USGS,real_downloaded,33.6243333,-118.288,magnitude,2.15,"12 km S of San Pedro, CA"
ci40751511,2024-10-03,earthquake,USGS,real_downloaded,34.4433333,-117.9361667,magnitude,1.37,"7 km SSW of Pearblossom, CA"
ci40751607,2024-10-04,earthquake,USGS,real_downloaded,34.057,-118.813,magnitude,1.25,"6 km N of Malibu, CA"
ci40751615,2024-10-04,earthquake,USGS,real_downloaded,34.4443333,-117.9353333,magnitude,1.08,"7 km SSW of Pearblossom, CA"
ci40751807,2024-10-04,earthquake,USGS,real_downloaded,34.0785,-118.1986667,magnitude,2.02,"5 km S of Highland Park, CA"
ci40751983,2024-10-04,earthquake,USGS,real_downloaded,33.9808333,-118.3866667,magnitude,1.6,"3 km SSW of Baldwin Hills, CA"
ci40752167,2024-10-05,earthquake,USGS,real_downloaded,33.6305,-118.2936667,magnitude,1.32,"12 km S of San Pedro, CA"
ci40752239,2024-10-05,earthquake,USGS,real_downloaded,33.9455,-118.3128333,magnitude,1.33,"3 km ESE of Inglewood, CA"
ci40752247,2024-10-05,earthquake,USGS,real_downloaded,33.948,-118.3105,magnitude,1.24,"3 km ESE of Inglewood, CA"
ci40752319,2024-10-05,earthquake,USGS,real_downloaded,33.9431667,-118.3088333,magnitude,1.43,"4 km ESE of Inglewood, CA"
ci37538933,2024-10-05,earthquake,USGS,real_downloaded,33.941,-118.3045,magnitude,1.3,"4 km ESE of Inglewood, CA"
ci40752327,2024-10-05,earthquake,USGS,real_downloaded,33.9443333,-118.309,magnitude,1.46,"4 km ESE of Inglewood, CA"
ci40752335,2024-10-05,earthquake,USGS,real_downloaded,33.9508333,-118.3136667,magnitude,1.19,"3 km ESE of Inglewood, CA"
ci40752543,2024-10-05,earthquake,USGS,real_downloaded,33.7975,-118.1133333,magnitude,1.54,"3 km WNW of Rossmoor, CA"
ci40752695,2024-10-06,earthquake,USGS,real_downloaded,34.0793333,-118.1853333,magnitude,1.74,"5 km SSE of Highland Park, CA"
ci40752967,2024-10-06,earthquake,USGS,real_downloaded,33.975,-118.1666667,magnitude,1.44,"2 km NW of Bell Gardens, CA"
ci40753287,2024-10-06,earthquake,USGS,real_downloaded,34.3598333,-118.3148333,magnitude,1.09,"11 km NNE of Lake View Terrace, CA"
ci40753447,2024-10-07,earthquake,USGS,real_downloaded,33.7898333,-118.1111667,magnitude,1.39,"2 km W of Rossmoor, CA"
ci40753519,2024-10-07,earthquake,USGS,real_downloaded,34.2428333,-118.6055,magnitude,1.05,"2 km S of Chatsworth, CA"
ci40754439,2024-10-08,earthquake,USGS,real_downloaded,33.8718333,-117.7703333,magnitude,1.71,"4 km ESE of Yorba Linda, CA"
ci40754607,2024-10-08,earthquake,USGS,real_downloaded,34.0513333,-118.808,magnitude,2.36,"5 km N of Malibu, CA"
ci40755023,2024-10-09,earthquake,USGS,real_downloaded,34.0583333,-118.7813333,magnitude,1.39,"6 km NNE of Malibu, CA"
ci40951736,2024-10-11,earthquake,USGS,real_downloaded,34.0846667,-118.1815,magnitude,1.02,"4 km SSE of Highland Park, CA"
ci40952008,2024-10-11,earthquake,USGS,real_downloaded,33.942,-117.9375,magnitude,1.04,"1 km NE of La Habra, CA"
ci40952032,2024-10-11,earthquake,USGS,real_downloaded,33.6295,-118.2801667,magnitude,1.41,"12 km S of San Pedro, CA"
ci40952288,2024-10-11,earthquake,USGS,real_downloaded,34.4493333,-117.94,magnitude,1.04,"7 km SSW of Pearblossom, CA"
ci40952592,2024-10-12,earthquake,USGS,real_downloaded,33.887,-118.7276667,magnitude,2.11,"15 km SSE of Malibu, CA"
ci40953288,2024-10-13,earthquake,USGS,real_downloaded,33.9301667,-117.9133333,magnitude,1.12,"2 km NW of Brea, CA"
ci40953504,2024-10-13,earthquake,USGS,real_downloaded,34.4443333,-117.9341667,magnitude,1.03,"7 km SSW of Pearblossom, CA"
ci40953872,2024-10-14,earthquake,USGS,real_downloaded,33.8558333,-118.2723333,magnitude,1.37,"3 km NNE of Carson, CA"
ci40953960,2024-10-14,earthquake,USGS,real_downloaded,34.3581667,-118.3098333,magnitude,1.08,"11 km NNE of Lake View Terrace, CA"
ci40954480,2024-10-15,earthquake,USGS,real_downloaded,34.0521667,-118.8201667,magnitude,1.25,"5 km N of Malibu, CA"
ci40954568,2024-10-15,earthquake,USGS,real_downloaded,33.5315,-117.7118333,magnitude,2.29,"1 km NNW of Laguna Niguel, CA"
ci40955216,2024-10-16,earthquake,USGS,real_downloaded,34.537,-118.5091667,magnitude,1.19,"11 km NNE of Valencia, CA"
ci40955664,2024-10-17,earthquake,USGS,real_downloaded,34.097,-118.1925,magnitude,1.66,"3 km SSE of Highland Park, CA"
ci40955872,2024-10-18,earthquake,USGS,real_downloaded,34.1193333,-118.3283333,magnitude,1.0,"2 km N of Hollywood, CA"
ci40956920,2024-10-19,earthquake,USGS,real_downloaded,34.0693333,-118.201,magnitude,1.23,"4 km ENE of Los Angeles, CA"
ci40957272,2024-10-20,earthquake,USGS,real_downloaded,33.8211667,-117.8338333,magnitude,1.65,"2 km N of Orange, CA"
ci40957280,2024-10-20,earthquake,USGS,real_downloaded,33.8198333,-117.8328333,magnitude,1.5,"2 km N of Orange, CA"
ci40957288,2024-10-20,earthquake,USGS,real_downloaded,33.818,-117.8355,magnitude,1.16,"2 km N of Orange, CA"
ci40957336,2024-10-20,earthquake,USGS,real_downloaded,33.8145,-117.854,magnitude,1.0,"2 km WNW of Orange, CA"
ci40957424,2024-10-20,earthquake,USGS,real_downloaded,33.8206667,-117.8383333,magnitude,1.63,"2 km NNW of Orange, CA"
ci40957528,2024-10-20,earthquake,USGS,real_downloaded,33.6025,-118.3773333,magnitude,1.8,"16 km S of Rancho Palos Verdes, CA"
ci40957568,2024-10-20,earthquake,USGS,real_downloaded,34.0873333,-118.189,magnitude,1.08,"4 km SSE of Highland Park, CA"
ci40958104,2024-10-20,earthquake,USGS,real_downloaded,33.0466667,-117.9808333,magnitude,3.16,"42 km NE of San Clemente Is. (SE tip), CA"
ci40958112,2024-10-20,earthquake,USGS,real_downloaded,33.0533333,-117.9771667,magnitude,2.5,"43 km NE of San Clemente Is. (SE tip), CA"
ci40958128,2024-10-21,earthquake,USGS,real_downloaded,33.0601667,-117.9728333,magnitude,3.56,"44 km NE of San Clemente Is. (SE tip), CA"
ci40958176,2024-10-21,earthquake,USGS,real_downloaded,33.6026667,-118.3551667,magnitude,2.41,"16 km SSW of San Pedro, CA"
ci40958272,2024-10-21,earthquake,USGS,real_downloaded,33.8173333,-117.834,magnitude,1.41,"2 km N of Orange, CA"
ci40959832,2024-10-22,earthquake,USGS,real_downloaded,34.2476667,-118.6673333,magnitude,1.58,"6 km W of Chatsworth, CA"
ci40960056,2024-10-22,earthquake,USGS,real_downloaded,34.0511667,-117.933,magnitude,1.84,"1 km ENE of Valinda, CA"
ci40960680,2024-10-22,earthquake,USGS,real_downloaded,34.5988333,-118.6426667,magnitude,1.54,"12 km N of Castaic, CA"
ci40960888,2024-10-22,earthquake,USGS,real_downloaded,33.2858333,-118.3048333,magnitude,1.49,"7 km SSE of Avalon, CA"
ci40961160,2024-10-22,earthquake,USGS,real_downloaded,34.0808333,-118.1758333,magnitude,1.61,"5 km SSW of South Pasadena, CA"
ci40961280,2024-10-23,earthquake,USGS,real_downloaded,33.822,-117.8356667,magnitude,1.08,"2 km N of Orange, CA"
ci40961448,2024-10-23,earthquake,USGS,real_downloaded,34.5971667,-118.6383333,magnitude,1.05,"12 km N of Castaic, CA"
ci40961496,2024-10-23,earthquake,USGS,real_downloaded,33.8153333,-117.8463333,magnitude,1.23,"2 km NW of Orange, CA"
ci40961544,2024-10-23,earthquake,USGS,real_downloaded,34.0538333,-118.7915,magnitude,1.22,"6 km NNE of Malibu, CA"
ci40961592,2024-10-23,earthquake,USGS,real_downloaded,33.6731667,-118.193,magnitude,1.07,"11 km SW of Seal Beach, CA"
ci40961616,2024-10-23,earthquake,USGS,real_downloaded,33.8181667,-117.8498333,magnitude,1.28,"2 km NW of Orange, CA"
ci40961624,2024-10-23,earthquake,USGS,real_downloaded,33.6726667,-118.201,magnitude,1.45,"11 km SE of San Pedro, CA"
ci40961984,2024-10-23,earthquake,USGS,real_downloaded,34.5176667,-118.8853333,magnitude,2.02,"14 km NNE of Fillmore, CA"
ci40962000,2024-10-23,earthquake,USGS,real_downloaded,34.5196667,-118.8821667,magnitude,1.23,"14 km NNE of Fillmore, CA"
ci40962160,2024-10-23,earthquake,USGS,real_downloaded,34.5266667,-118.853,magnitude,1.57,"14 km NNW of Piru, CA"
ci40962448,2024-10-23,earthquake,USGS,real_downloaded,33.8003333,-117.865,magnitude,1.39,"3 km W of Orange, CA"
ci40963888,2024-10-25,earthquake,USGS,real_downloaded,33.8185,-117.8296667,magnitude,1.65,"2 km WNW of Villa Park, CA"
ci40964304,2024-10-25,earthquake,USGS,real_downloaded,33.949,-118.2941667,magnitude,1.75,"5 km E of Inglewood, CA"
ci40964600,2024-10-25,earthquake,USGS,real_downloaded,34.1805,-117.9253333,magnitude,1.14,"6 km NNW of Azusa, CA"
ci40964952,2024-10-26,earthquake,USGS,real_downloaded,34.479,-117.9393333,magnitude,1.19,"4 km SW of Pearblossom, CA"
ci40965104,2024-10-26,earthquake,USGS,real_downloaded,34.2956667,-118.4666667,magnitude,1.17,"2 km SW of Sylmar, CA"
ci40965304,2024-10-26,earthquake,USGS,real_downloaded,34.0533333,-118.8115,magnitude,1.12,"5 km N of Malibu, CA"
ci40965328,2024-10-26,earthquake,USGS,real_downloaded,33.8208333,-117.8355,magnitude,1.62,"2 km N of Orange, CA"
ci40965768,2024-10-27,earthquake,USGS,real_downloaded,33.9421667,-118.3735,magnitude,1.47,"2 km WNW of Lennox, CA"
ci40965960,2024-10-28,earthquake,USGS,real_downloaded,33.8206667,-117.8398333,magnitude,1.26,"2 km NNW of Orange, CA"
ci40965976,2024-10-28,earthquake,USGS,real_downloaded,33.8205,-117.8406667,magnitude,1.13,"2 km NNW of Orange, CA"
ci40966040,2024-10-28,earthquake,USGS,real_downloaded,33.0285,-117.9855,magnitude,1.97,"41 km NE of San Clemente Is. (SE tip), CA"
ci40966152,2024-10-28,earthquake,USGS,real_downloaded,33.0573333,-117.9541667,magnitude,2.95,"45 km NE of San Clemente Is. (SE tip), CA"
ci40966232,2024-10-28,earthquake,USGS,real_downloaded,34.0898333,-118.1901667,magnitude,1.49,"3 km SSE of Highland Park, CA"
ci40966240,2024-10-28,earthquake,USGS,real_downloaded,34.2573333,-118.5036667,magnitude,1.45,"2 km S of Granada Hills, CA"
ci40966312,2024-10-29,earthquake,USGS,real_downloaded,33.8276667,-117.7515,magnitude,1.54,"6 km ENE of Villa Park, CA"
ci40966624,2024-10-30,earthquake,USGS,real_downloaded,34.0845,-118.1825,magnitude,1.54,"4 km SSE of Highland Park, CA"
ci40966784,2024-10-30,earthquake,USGS,real_downloaded,34.045,-118.8065,magnitude,1.73,"4 km N of Malibu, CA"
ci40783791,2024-10-31,earthquake,USGS,real_downloaded,34.5135,-118.8726667,magnitude,1.42,"13 km NNW of Piru, CA"
ci40784279,2024-10-31,earthquake,USGS,real_downloaded,34.0871667,-118.1841667,magnitude,1.3,"4 km SSE of Highland Park, CA"
ci40784599,2024-10-31,earthquake,USGS,real_downloaded,34.5136667,-118.873,magnitude,1.47,"13 km NNW of Piru, CA"
ci40784607,2024-10-31,earthquake,USGS,real_downloaded,34.5138333,-118.87,magnitude,1.89,"13 km NNW of Piru, CA"
ci37687540,2024-10-31,earthquake,USGS,real_downloaded,34.51,-118.881,magnitude,1.67,"13 km NNE of Fillmore, CA"
ci40784615,2024-10-31,earthquake,USGS,real_downloaded,34.5151667,-118.8731667,magnitude,1.17,"13 km NNW of Piru, CA"
ci40784647,2024-10-31,earthquake,USGS,real_downloaded,34.5125,-118.8813333,magnitude,1.17,"13 km NNE of Fillmore, CA"
ci40784791,2024-10-31,earthquake,USGS,real_downloaded,34.0931667,-118.1915,magnitude,1.72,"3 km SSE of Highland Park, CA"
ci40785127,2024-10-31,earthquake,USGS,real_downloaded,34.0906667,-118.1783333,magnitude,2.77,"4 km SSE of Highland Park, CA"
ci40785135,2024-11-01,earthquake,USGS,real_downloaded,34.0908333,-118.187,magnitude,1.3,"3 km SSE of Highland Park, CA"
ci40785183,2024-11-01,earthquake,USGS,real_downloaded,34.5113333,-118.88,magnitude,1.31,"13 km NNE of Fillmore, CA"
ci40785903,2024-11-01,earthquake,USGS,real_downloaded,34.0801667,-118.1873333,magnitude,1.02,"4 km SSE of Highland Park, CA"
ci40786151,2024-11-02,earthquake,USGS,real_downloaded,33.834,-118.2801667,magnitude,1.54,"0 km NNE of Carson, CA"
ci40786199,2024-11-02,earthquake,USGS,real_downloaded,33.817,-118.2468333,magnitude,1.44,"4 km ESE of Carson, CA"
ci40786727,2024-11-03,earthquake,USGS,real_downloaded,33.8588333,-117.8571667,magnitude,1.06,"2 km SE of Placentia, CA"
ci40786791,2024-11-03,earthquake,USGS,real_downloaded,33.8065,-117.8501667,magnitude,1.01,"2 km WNW of Orange, CA"
ci40786823,2024-11-03,earthquake,USGS,real_downloaded,33.8473333,-117.8696667,magnitude,1.38,"2 km ENE of Anaheim, CA"
ci40786839,2024-11-03,earthquake,USGS,real_downloaded,33.8413333,-117.874,magnitude,1.46,"2 km ENE of Anaheim, CA"
ci40787063,2024-11-04,earthquake,USGS,real_downloaded,33.8301667,-117.8301667,magnitude,1.45,"2 km NW of Villa Park, CA"
ci40788295,2024-11-06,earthquake,USGS,real_downloaded,34.0633333,-118.9271667,magnitude,1.27,"13 km WNW of Malibu, CA"
ci40788607,2024-11-06,earthquake,USGS,real_downloaded,32.7546667,-118.3131667,magnitude,3.01,"8 km SSE of San Clemente Is. (SE tip), CA"
ci40790431,2024-11-09,earthquake,USGS,real_downloaded,32.7688333,-118.3266667,magnitude,2.33,"6 km SSE of San Clemente Is. (SE tip), CA"
ci40790799,2024-11-09,earthquake,USGS,real_downloaded,34.0581667,-118.8001667,magnitude,2.62,"6 km N of Malibu, CA"
ci40791695,2024-11-11,earthquake,USGS,real_downloaded,34.0251667,-118.3213333,magnitude,1.84,"4 km NE of View Park-Windsor Hills, CA"
ci40791871,2024-11-12,earthquake,USGS,real_downloaded,33.681,-118.1388333,magnitude,1.71,"7 km SSW of Seal Beach, CA"
ci40792983,2024-11-14,earthquake,USGS,real_downloaded,34.0553333,-118.8056667,magnitude,1.46,"6 km N of Malibu, CA"
ci40792991,2024-11-14,earthquake,USGS,real_downloaded,34.0183333,-118.431,magnitude,1.13,"3 km W of Culver City, CA"
ci40793303,2024-11-14,earthquake,USGS,real_downloaded,33.0413333,-117.9831667,magnitude,2.71,"42 km NE of San Clemente Is. (SE tip), CA"
ci40793647,2024-11-15,earthquake,USGS,real_downloaded,34.0508333,-118.8106667,magnitude,1.45,"5 km N of Malibu, CA"
ci40793767,2024-11-15,earthquake,USGS,real_downloaded,34.5751667,-118.0365,magnitude,1.13,"6 km E of Palmdale, CA"
ci40793791,2024-11-15,earthquake,USGS,real_downloaded,34.0371667,-118.934,magnitude,2.86,"12 km WNW of Malibu, CA"
ci40793871,2024-11-16,earthquake,USGS,real_downloaded,34.0231667,-118.9461667,magnitude,2.4,"13 km W of Malibu, CA"
ci40794207,2024-11-16,earthquake,USGS,real_downloaded,33.683,-117.8218333,magnitude,1.57,"3 km W of Irvine, CA"
ci40794591,2024-11-17,earthquake,USGS,real_downloaded,34.0068333,-118.7993333,magnitude,1.24,"1 km ENE of Malibu, CA"
ci40794639,2024-11-17,earthquake,USGS,real_downloaded,34.086,-118.1793333,magnitude,1.18,"4 km SSE of Highland Park, CA"
ci40794823,2024-11-17,earthquake,USGS,real_downloaded,34.2028333,-117.8361667,magnitude,1.14,"8 km NNE of Glendora, CA"
ci40794847,2024-11-17,earthquake,USGS,real_downloaded,34.154,-118.4691667,magnitude,1.76,"2 km WNW of Sherman Oaks, CA"
ci40795167,2024-11-18,earthquake,USGS,real_downloaded,34.517,-118.1,magnitude,1.52,"2 km NE of Vincent, CA"
ci40795223,2024-11-18,earthquake,USGS,real_downloaded,33.9708333,-118.893,magnitude,2.0,"8 km WSW of Malibu, CA"
ci40795231,2024-11-18,earthquake,USGS,real_downloaded,34.5178333,-118.0995,magnitude,2.36,"2 km NE of Vincent, CA"
ci40795319,2024-11-18,earthquake,USGS,real_downloaded,33.8723333,-117.8723333,magnitude,1.14,"0 km W of Placentia, CA"
ci40796559,2024-11-19,earthquake,USGS,real_downloaded,33.8085,-117.8541667,magnitude,1.42,"2 km WNW of Orange, CA"
ci40796623,2024-11-19,earthquake,USGS,real_downloaded,33.8983333,-117.805,magnitude,1.53,"1 km NE of Yorba Linda, CA"
ci40796967,2024-11-20,earthquake,USGS,real_downloaded,34.4953333,-118.1108333,magnitude,1.13,"1 km SE of Vincent, CA"
ci40797007,2024-11-20,earthquake,USGS,real_downloaded,34.2386667,-117.8221667,magnitude,1.11,"12 km NNE of Glendora, CA"
ci40797127,2024-11-20,earthquake,USGS,real_downloaded,34.5171667,-118.1016667,magnitude,1.7,"2 km NE of Vincent, CA"
ci40797999,2024-11-22,earthquake,USGS,real_downloaded,33.975,-118.8893333,magnitude,2.02,"8 km WSW of Malibu, CA"
ci40798039,2024-11-22,earthquake,USGS,real_downloaded,33.8993333,-117.8038333,magnitude,1.66,"2 km NE of Yorba Linda, CA"
ci40798071,2024-11-22,earthquake,USGS,real_downloaded,34.796,-118.9256667,magnitude,1.24,"4 km SSE of Frazier Park, CA"
ci40798303,2024-11-22,earthquake,USGS,real_downloaded,34.3986667,-118.682,magnitude,1.66,"10 km E of Piru, CA"
ci40798519,2024-11-22,earthquake,USGS,real_downloaded,34.0586667,-118.8065,magnitude,3.77,"6 km N of Malibu, CA"
ci40798535,2024-11-22,earthquake,USGS,real_downloaded,34.054,-118.8066667,magnitude,1.75,"6 km N of Malibu, CA"
ci40798719,2024-11-23,earthquake,USGS,real_downloaded,34.0541667,-118.8095,magnitude,1.3,"6 km N of Malibu, CA"
ci40798895,2024-11-23,earthquake,USGS,real_downloaded,33.9641667,-118.8956667,magnitude,1.83,"9 km WSW of Malibu, CA"
ci40798919,2024-11-23,earthquake,USGS,real_downloaded,34.4628333,-117.9715,magnitude,1.8,"7 km S of Littlerock, CA"
ci40798999,2024-11-24,earthquake,USGS,real_downloaded,34.4625,-117.9648333,magnitude,1.4,"7 km SSE of Littlerock, CA"
ci40799047,2024-11-24,earthquake,USGS,real_downloaded,34.395,-118.4376667,magnitude,1.19,"7 km ESE of Santa Clarita, CA"
ci40799055,2024-11-24,earthquake,USGS,real_downloaded,34.3961667,-118.4318333,magnitude,1.39,"7 km ESE of Santa Clarita, CA"
ci40799263,2024-11-24,earthquake,USGS,real_downloaded,34.0881667,-117.8355,magnitude,1.31,"2 km SSE of Charter Oak, CA"
ci40799351,2024-11-24,earthquake,USGS,real_downloaded,33.7888333,-118.5005,magnitude,1.6,"10 km W of Palos Verdes Estates, CA"
ci40799519,2024-11-25,earthquake,USGS,real_downloaded,33.8801667,-117.7261667,magnitude,1.16,"8 km E of Yorba Linda, CA"
ci40799583,2024-11-25,earthquake,USGS,real_downloaded,34.3923333,-118.4313333,magnitude,1.37,"7 km ESE of Santa Clarita, CA"
ci40800247,2024-11-25,earthquake,USGS,real_downloaded,34.3006667,-117.6908333,magnitude,1.12,"8 km SW of Wrightwood, CA"
ci40800663,2024-11-26,earthquake,USGS,real_downloaded,34.5561667,-117.7921667,magnitude,2.08,"7 km N of Llano, CA"
ci37690612,2024-11-27,earthquake,USGS,real_downloaded,33.7701667,-118.1463333,magnitude,1.43,"4 km SSE of Long Beach, CA"
ci40988888,2024-11-27,earthquake,USGS,real_downloaded,34.0831667,-118.1968333,magnitude,1.72,"4 km S of Highland Park, CA"
ci40989024,2024-11-27,earthquake,USGS,real_downloaded,34.525,-118.8541667,magnitude,1.19,"13 km NNW of Piru, CA"
ci40989064,2024-11-27,earthquake,USGS,real_downloaded,34.0738333,-118.2046667,magnitude,1.01,"4 km ENE of Los Angeles, CA"
ci40989144,2024-11-28,earthquake,USGS,real_downloaded,34.0885,-118.183,magnitude,1.32,"4 km SSE of Highland Park, CA"
ci40989272,2024-11-28,earthquake,USGS,real_downloaded,34.5221667,-118.8726667,magnitude,1.72,"14 km NNW of Piru, CA"
ci40989336,2024-11-28,earthquake,USGS,real_downloaded,33.8836667,-118.689,magnitude,1.59,"17 km S of Malibu Beach, CA"
ci40990128,2024-11-29,earthquake,USGS,real_downloaded,33.9416667,-117.9503333,magnitude,1.15,"1 km NNW of La Habra, CA"
ci40991016,2024-11-30,earthquake,USGS,real_downloaded,33.9733333,-118.3556667,magnitude,1.54,"2 km NNW of Inglewood, CA"
ci40991120,2024-12-01,earthquake,USGS,real_downloaded,33.7131667,-118.4975,magnitude,1.4,"11 km WSW of Rancho Palos Verdes, CA"
ci40991688,2024-12-02,earthquake,USGS,real_downloaded,33.854,-117.7553333,magnitude,1.31,"7 km SE of Yorba Linda, CA"
ci40992360,2024-12-03,earthquake,USGS,real_downloaded,34.5125,-118.8681667,magnitude,3.1,"13 km NNW of Piru, CA"
ci40992560,2024-12-03,earthquake,USGS,real_downloaded,34.0906667,-118.1905,magnitude,1.68,"3 km SSE of Highland Park, CA"
ci40993336,2024-12-04,earthquake,USGS,real_downloaded,32.787,-118.2935,magnitude,2.58,"6 km SE of San Clemente Is. (SE tip), CA"
ci40993368,2024-12-04,earthquake,USGS,real_downloaded,34.0453333,-118.8176667,magnitude,1.22,"4 km N of Malibu, CA"
ci40993600,2024-12-04,earthquake,USGS,real_downloaded,34.7938333,-118.9435,magnitude,1.19,"3 km S of Frazier Park, CA"
ci40995272,2024-12-05,earthquake,USGS,real_downloaded,33.9418333,-118.8573333,magnitude,1.06,"8 km SSW of Malibu, CA"
ci40995664,2024-12-06,earthquake,USGS,real_downloaded,34.0893333,-118.1895,magnitude,2.26,"4 km SSE of Highland Park, CA"
ci40995856,2024-12-06,earthquake,USGS,real_downloaded,33.6,-118.3493333,magnitude,2.05,"16 km SSW of San Pedro, CA"
ci40996248,2024-12-06,earthquake,USGS,real_downloaded,34.1778333,-117.9278333,magnitude,1.19,"5 km NE of Bradbury, CA"
ci40996328,2024-12-06,earthquake,USGS,real_downloaded,34.3848333,-117.7056667,magnitude,1.14,"7 km WNW of Wrightwood, CA"
ci40997392,2024-12-08,earthquake,USGS,real_downloaded,34.0503333,-118.8185,magnitude,1.01,"5 km N of Malibu, CA"
ci40997480,2024-12-08,earthquake,USGS,real_downloaded,33.9295,-118.027,magnitude,1.48,"2 km NW of La Mirada, CA"
ci40997584,2024-12-08,earthquake,USGS,real_downloaded,33.8816667,-118.4241667,magnitude,1.49,"1 km WSW of Manhattan Beach, CA"
ci40997664,2024-12-08,earthquake,USGS,real_downloaded,33.7496667,-118.2505,magnitude,2.19,"4 km ENE of San Pedro, CA"
ci40998080,2024-12-09,earthquake,USGS,real_downloaded,34.0588333,-118.8026667,magnitude,1.36,"6 km N of Malibu, CA"
ci40999656,2024-12-11,earthquake,USGS,real_downloaded,34.0516667,-118.796,magnitude,1.37,"5 km NNE of Malibu, CA"
ci41000512,2024-12-12,earthquake,USGS,real_downloaded,34.3126667,-118.735,magnitude,1.26,"5 km N of Simi Valley, CA"
ci41000632,2024-12-12,earthquake,USGS,real_downloaded,34.2943333,-118.609,magnitude,1.74,"4 km N of Chatsworth, CA"
ci41001000,2024-12-13,earthquake,USGS,real_downloaded,34.0833333,-117.9996667,magnitude,1.08,"3 km ENE of El Monte, CA"
ci41001080,2024-12-13,earthquake,USGS,real_downloaded,33.9556667,-118.328,magnitude,1.62,"2 km E of Inglewood, CA"
ci41001136,2024-12-13,earthquake,USGS,real_downloaded,33.9525,-118.3411667,magnitude,1.5,"1 km SE of Inglewood, CA"
ci41001144,2024-12-13,earthquake,USGS,real_downloaded,33.9631667,-118.34,magnitude,1.86,"1 km NE of Inglewood, CA"
ci41001152,2024-12-13,earthquake,USGS,real_downloaded,33.9478333,-118.3413333,magnitude,1.61,"1 km SSE of Inglewood, CA"
ci41001552,2024-12-14,earthquake,USGS,real_downloaded,32.9828333,-117.7281667,magnitude,2.35,"40 km WSW of Carlsbad, CA"
ci41001648,2024-12-14,earthquake,USGS,real_downloaded,33.9033333,-117.7993333,magnitude,1.05,"2 km NE of Yorba Linda, CA"
ci41001728,2024-12-14,earthquake,USGS,real_downloaded,34.0843333,-117.8115,magnitude,1.2,"2 km S of San Dimas, CA"
ci41001768,2024-12-14,earthquake,USGS,real_downloaded,32.917,-117.7243333,magnitude,1.65,"42 km WSW of Encinitas, CA"
ci41002872,2024-12-16,earthquake,USGS,real_downloaded,34.0815,-118.1705,magnitude,1.64,"4 km SSW of South Pasadena, CA"
ci41002888,2024-12-16,earthquake,USGS,real_downloaded,34.0826667,-118.1636667,magnitude,2.8,"4 km WSW of Alhambra, CA"
ci41002960,2024-12-16,earthquake,USGS,real_downloaded,34.0786667,-118.1793333,magnitude,1.21,"5 km SSE of Highland Park, CA"
ci41003480,2024-12-17,earthquake,USGS,real_downloaded,34.0846667,-118.1705,magnitude,1.07,"4 km SSW of South Pasadena, CA"
ci41003896,2024-12-17,earthquake,USGS,real_downloaded,34.4813333,-117.965,magnitude,1.13,"5 km SSE of Littlerock, CA"
ci41004192,2024-12-18,earthquake,USGS,real_downloaded,34.448,-118.0108333,magnitude,1.43,"8 km SSW of Littlerock, CA"
ci41004280,2024-12-18,earthquake,USGS,real_downloaded,34.0708333,-118.1816667,magnitude,1.16,"4 km NNW of East Los Angeles, CA"
ci40823623,2024-12-18,earthquake,USGS,real_downloaded,34.0853333,-118.1676667,magnitude,1.45,"4 km SSW of South Pasadena, CA"
ci40824223,2024-12-19,earthquake,USGS,real_downloaded,34.0861667,-118.1761667,magnitude,1.2,"4 km SW of South Pasadena, CA"
ci40826871,2024-12-21,earthquake,USGS,real_downloaded,34.3871667,-117.6556667,magnitude,2.66,"4 km NW of Wrightwood, CA"
ci40828063,2024-12-24,earthquake,USGS,real_downloaded,33.76,-118.2741667,magnitude,2.06,"3 km NNE of San Pedro, CA"
ci40828191,2024-12-25,earthquake,USGS,real_downloaded,33.8333333,-117.7206667,magnitude,1.25,"9 km ENE of Villa Park, CA"
ci40828215,2024-12-25,earthquake,USGS,real_downloaded,33.9148333,-117.8301667,magnitude,1.3,"3 km NNW of Yorba Linda, CA"
ci40828303,2024-12-26,earthquake,USGS,real_downloaded,34.5498333,-118.8158333,magnitude,1.14,"15 km N of Piru, CA"
ci40829671,2024-12-29,earthquake,USGS,real_downloaded,33.3386667,-117.9448333,magnitude,2.75,"27 km WSW of Dana Point, CA"
ci40829895,2024-12-29,earthquake,USGS,real_downloaded,33.3353333,-117.9446667,magnitude,2.63,"27 km WSW of Dana Point, CA"
ci40830343,2024-12-30,earthquake,USGS,real_downloaded,34.1646667,-118.0186667,magnitude,1.64,"3 km NW of Monrovia, CA"
ci40830527,2024-12-31,earthquake,USGS,real_downloaded,34.518,-118.1025,magnitude,1.46,"2 km NNE of Vincent, CA"
ci40831415,2025-01-01,earthquake,USGS,real_downloaded,33.3358333,-117.9433333,magnitude,2.61,"27 km WSW of Dana Point, CA"
ci37694124,2025-01-02,earthquake,USGS,real_downloaded,33.7161667,-118.6086667,magnitude,1.43,"21 km W of Rancho Palos Verdes, CA"
ci40831983,2025-01-02,earthquake,USGS,real_downloaded,33.7135,-118.5743333,magnitude,1.48,"18 km W of Rancho Palos Verdes, CA"
ci37693956,2025-01-02,earthquake,USGS,real_downloaded,32.9583333,-117.718,magnitude,1.45,"41 km WSW of Encinitas, CA"
ci40833623,2025-01-04,earthquake,USGS,real_downloaded,33.8928333,-118.3901667,magnitude,1.4,"2 km ENE of Manhattan Beach, CA"
ci40833671,2025-01-04,earthquake,USGS,real_downloaded,34.0835,-118.1943333,magnitude,1.53,"4 km S of Highland Park, CA"
ci40834431,2025-01-06,earthquake,USGS,real_downloaded,33.7503333,-118.2896667,magnitude,1.31,"2 km N of San Pedro, CA"
ci40834455,2025-01-06,earthquake,USGS,real_downloaded,33.6815,-117.7965,magnitude,1.31,"0 km SW of Irvine, CA"
ci40836391,2025-01-09,earthquake,USGS,real_downloaded,33.9495,-118.3521667,magnitude,1.84,"1 km SSW of Inglewood, CA"
ci40836967,2025-01-10,earthquake,USGS,real_downloaded,34.4523333,-117.913,magnitude,1.55,"6 km S of Pearblossom, CA"
ci40837007,2025-01-10,earthquake,USGS,real_downloaded,33.89,-118.2706667,magnitude,1.51,"3 km SSW of Willowbrook, CA"
ci40837151,2025-01-10,earthquake,USGS,real_downloaded,34.0021667,-118.4206667,magnitude,2.02,"3 km SW of Culver City, CA"
ci37694252,2025-01-10,earthquake,USGS,real_downloaded,34.0005,-118.453,magnitude,1.46,"2 km N of Marina del Rey, CA"
ci40838287,2025-01-12,earthquake,USGS,real_downloaded,34.1178333,-118.622,magnitude,1.25,"4 km NNW of Topanga, CA"
ci40838351,2025-01-12,earthquake,USGS,real_downloaded,33.7788333,-118.0625,magnitude,1.66,"2 km ESE of Rossmoor, CA"
ci40838655,2025-01-13,earthquake,USGS,real_downloaded,33.9033333,-118.2658333,magnitude,1.14,"2 km SSW of Willowbrook, CA"
ci40838663,2025-01-13,earthquake,USGS,real_downloaded,33.9303333,-118.2783333,magnitude,1.08,"3 km NW of Willowbrook, CA"
ci40839167,2025-01-14,earthquake,USGS,real_downloaded,33.9836667,-118.3898333,magnitude,1.51,"3 km SW of Baldwin Hills, CA"
ci40839199,2025-01-14,earthquake,USGS,real_downloaded,34.2156667,-118.5765,magnitude,1.26,"3 km ENE of Canoga Park, CA"
ci40839975,2025-01-15,earthquake,USGS,real_downloaded,33.9868333,-118.3831667,magnitude,1.71,"2 km SSW of Baldwin Hills, CA"
ci40840287,2025-01-15,earthquake,USGS,real_downloaded,34.3576667,-118.3196667,magnitude,1.2,"10 km NNE of Lake View Terrace, CA"
ci40840687,2025-01-16,earthquake,USGS,real_downloaded,33.6478333,-117.8496667,magnitude,1.25,"4 km NNW of San Joaquin Hills, CA"
ci40842255,2025-01-18,earthquake,USGS,real_downloaded,33.936,-117.8495,magnitude,1.28,"5 km ENE of Brea, CA"
ci40843175,2025-01-19,earthquake,USGS,real_downloaded,33.9606667,-118.2005,magnitude,1.24,"1 km ENE of South Gate, CA"
ci40843335,2025-01-19,earthquake,USGS,real_downloaded,34.4416667,-117.918,magnitude,1.12,"7 km S of Pearblossom, CA"
ci40843519,2025-01-19,earthquake,USGS,real_downloaded,34.5966667,-118.625,magnitude,1.22,"12 km N of Castaic, CA"
ci40843575,2025-01-20,earthquake,USGS,real_downloaded,34.52,-118.8005,magnitude,1.11,"12 km N of Piru, CA"
ci40844391,2025-01-21,earthquake,USGS,real_downloaded,34.0381667,-118.314,magnitude,1.4,"4 km WSW of MacArthur Park, CA"
ci40844871,2025-01-22,earthquake,USGS,real_downloaded,33.609,-117.9185,magnitude,1.43,"2 km SE of Newport Beach, CA"
ci40845039,2025-01-22,earthquake,USGS,real_downloaded,34.4388333,-117.9181667,magnitude,1.24,"8 km S of Pearblossom, CA"
ci40845071,2025-01-22,earthquake,USGS,real_downloaded,33.9573333,-118.5011667,magnitude,1.51,"5 km WSW of Marina del Rey, CA"
ci41034024,2025-01-23,earthquake,USGS,real_downloaded,34.0236667,-118.1671667,magnitude,1.1,"1 km S of East Los Angeles, CA"
ci41035232,2025-01-24,earthquake,USGS,real_downloaded,33.8763333,-117.7846667,magnitude,1.36,"3 km ESE of Yorba Linda, CA"
ci41035256,2025-01-24,earthquake,USGS,real_downloaded,33.9506667,-118.5006667,magnitude,2.27,"6 km SW of Marina del Rey, CA"
ci41035448,2025-01-24,earthquake,USGS,real_downloaded,34.4393333,-117.9215,magnitude,1.31,"8 km S of Pearblossom, CA"
ci41035800,2025-01-24,earthquake,USGS,real_downloaded,33.3208333,-118.2886667,magnitude,1.31,"4 km SE of Avalon, CA"
ci40849407,2025-01-25,earthquake,USGS,real_downloaded,34.5026667,-118.6938333,magnitude,1.04,"7 km WNW of Castaic, CA"
ci40850519,2025-01-25,earthquake,USGS,real_downloaded,34.439,-117.9191667,magnitude,1.07,"8 km S of Pearblossom, CA"
ci40850775,2025-01-25,earthquake,USGS,real_downloaded,33.9888333,-118.3926667,magnitude,2.33,"2 km SW of Baldwin Hills, CA"
ci40851383,2025-01-26,earthquake,USGS,real_downloaded,34.3483333,-118.8105,magnitude,2.68,"8 km SSW of Piru, CA"
ci40851479,2025-01-26,earthquake,USGS,real_downloaded,33.9065,-117.8633333,magnitude,1.25,"4 km ESE of Brea, CA"
ci40852863,2025-01-27,earthquake,USGS,real_downloaded,34.058,-118.8146667,magnitude,1.42,"6 km N of Malibu, CA"
ci40852975,2025-01-27,earthquake,USGS,real_downloaded,34.0321667,-118.8133333,magnitude,1.97,"3 km N of Malibu, CA"
ci40853391,2025-01-28,earthquake,USGS,real_downloaded,32.9265,-117.8141667,magnitude,1.77,"50 km WSW of Encinitas, CA"
ci40853463,2025-01-28,earthquake,USGS,real_downloaded,34.1626667,-117.7191667,magnitude,1.04,"7 km N of Claremont, CA"
ci40853527,2025-01-28,earthquake,USGS,real_downloaded,34.3425,-118.8175,magnitude,1.26,"8 km SSW of Piru, CA"
ci40170602,2025-01-28,earthquake,USGS,real_downloaded,34.5388333,-118.1191667,magnitude,1.09,"4 km N of Vincent, CA"
ci40171738,2025-01-29,earthquake,USGS,real_downloaded,34.442,-117.9216667,magnitude,1.31,"7 km S of Pearblossom, CA"
ci40173642,2025-01-29,earthquake,USGS,real_downloaded,34.0626667,-117.8486667,magnitude,1.31,"4 km S of Charter Oak, CA"
ci40176362,2025-01-31,earthquake,USGS,real_downloaded,34.0488333,-118.8775,magnitude,1.29,"8 km NW of Malibu, CA"
ci40177394,2025-02-01,earthquake,USGS,real_downloaded,33.91,-118.2876667,magnitude,1.1,"3 km WSW of Willowbrook, CA"
ci40178122,2025-02-02,earthquake,USGS,real_downloaded,34.5535,-118.8165,magnitude,1.33,"16 km N of Piru, CA"
ci40178818,2025-02-03,earthquake,USGS,real_downloaded,34.4503333,-118.0095,magnitude,2.17,"8 km SSW of Littlerock, CA"
ci40178858,2025-02-03,earthquake,USGS,real_downloaded,33.5615,-118.1638333,magnitude,1.78,"21 km SSW of Seal Beach, CA"
ci40178866,2025-02-03,earthquake,USGS,real_downloaded,33.5663333,-118.1651667,magnitude,1.47,"20 km SSW of Seal Beach, CA"
ci40179218,2025-02-03,earthquake,USGS,real_downloaded,34.5771667,-118.03,magnitude,1.73,"6 km E of Palmdale, CA"
ci40179434,2025-02-04,earthquake,USGS,real_downloaded,34.0878333,-118.8558333,magnitude,1.86,"8 km SW of Westlake Village, CA"
ci40179514,2025-02-04,earthquake,USGS,real_downloaded,34.001,-118.4453333,magnitude,1.09,"2 km NNE of Marina del Rey, CA"
ci40179586,2025-02-04,earthquake,USGS,real_downloaded,33.9516667,-118.6331667,magnitude,1.62,"10 km S of Las Flores, CA"
ci40179882,2025-02-05,earthquake,USGS,real_downloaded,33.8371667,-118.7023333,magnitude,1.73,"21 km SSE of Malibu, CA"
ci40180634,2025-02-06,earthquake,USGS,real_downloaded,34.3263333,-118.5675,magnitude,1.18,"8 km NNE of Chatsworth, CA"
ci40181050,2025-02-06,earthquake,USGS,real_downloaded,34.064,-118.425,magnitude,1.33,"1 km NW of Century City, CA"
ci40181074,2025-02-06,earthquake,USGS,real_downloaded,33.9518333,-118.6118333,magnitude,1.26,"10 km SSE of Las Flores, CA"
ci40181154,2025-02-06,earthquake,USGS,real_downloaded,33.9416667,-118.353,magnitude,2.16,"0 km N of Lennox, CA"
ci40181378,2025-02-07,earthquake,USGS,real_downloaded,33.9288333,-117.8415,magnitude,1.11,"5 km NNW of Yorba Linda, CA"
ci40183074,2025-02-10,earthquake,USGS,real_downloaded,34.0726667,-118.1798333,magnitude,1.57,"5 km NNW of East Los Angeles, CA"
ci40183330,2025-02-10,earthquake,USGS,real_downloaded,34.3668333,-118.4546667,magnitude,1.23,"7 km N of Sylmar, CA"
ci40183698,2025-02-10,earthquake,USGS,real_downloaded,34.0863333,-118.194,magnitude,1.0,"4 km S of Highland Park, CA"
ci40184050,2025-02-11,earthquake,USGS,real_downloaded,33.4133333,-118.0516667,magnitude,2.3,"26 km SSW of Newport Beach, CA"
ci40184114,2025-02-11,earthquake,USGS,real_downloaded,33.7808333,-118.1213333,magnitude,1.42,"3 km W of Rossmoor, CA"
ci40184730,2025-02-12,earthquake,USGS,real_downloaded,33.7988333,-117.655,magnitude,1.79,"11 km SW of Corona, CA"
ci40185618,2025-02-13,earthquake,USGS,real_downloaded,34.0688333,-117.6876667,magnitude,1.73,"1 km SSE of Montclair, CA"
ci40185970,2025-02-14,earthquake,USGS,real_downloaded,33.579,-118.1678333,magnitude,1.92,"19 km SSW of Seal Beach, CA"
ci40185978,2025-02-14,earthquake,USGS,real_downloaded,33.5836667,-118.16,magnitude,2.01,"18 km SSW of Seal Beach, CA"
ci40186130,2025-02-15,earthquake,USGS,real_downloaded,34.0585,-118.9238333,magnitude,2.05,"12 km WNW of Malibu, CA"
ci40186202,2025-02-15,earthquake,USGS,real_downloaded,34.0415,-118.91,magnitude,3.7,"10 km WNW of Malibu, CA"
ci40186210,2025-02-15,earthquake,USGS,real_downloaded,34.0516667,-118.907,magnitude,1.69,"10 km WNW of Malibu, CA"
ci40186226,2025-02-15,earthquake,USGS,real_downloaded,34.0541667,-118.903,magnitude,1.37,"10 km WNW of Malibu, CA"
ci40186250,2025-02-15,earthquake,USGS,real_downloaded,34.048,-118.9001667,magnitude,1.35,"10 km WNW of Malibu, CA"
ci40186258,2025-02-15,earthquake,USGS,real_downloaded,34.2315,-118.423,magnitude,1.17,"3 km ENE of Panorama City, CA"
ci40186282,2025-02-15,earthquake,USGS,real_downloaded,34.0488333,-118.9136667,magnitude,3.73,"11 km WNW of Malibu, CA"
ci40186938,2025-02-16,earthquake,USGS,real_downloaded,34.4965,-118.1106667,magnitude,1.03,"1 km SE of Vincent, CA"
ci40187394,2025-02-17,earthquake,USGS,real_downloaded,33.9188333,-118.6628333,magnitude,2.69,"13 km S of Malibu Beach, CA"
ci40187514,2025-02-17,earthquake,USGS,real_downloaded,33.9011667,-118.463,magnitude,1.33,"5 km WSW of El Segundo, CA"
ci40187826,2025-02-17,earthquake,USGS,real_downloaded,34.0985,-117.7951667,magnitude,1.11,"1 km SE of San Dimas, CA"
ci40188562,2025-02-18,earthquake,USGS,real_downloaded,33.9615,-118.4031667,magnitude,1.44,"5 km NNE of El Segundo, CA"
ci40188850,2025-02-19,earthquake,USGS,real_downloaded,33.8896667,-117.735,magnitude,1.29,"7 km E of Yorba Linda, CA"
ci40188882,2025-02-19,earthquake,USGS,real_downloaded,34.2478333,-118.6461667,magnitude,1.27,"4 km WSW of Chatsworth, CA"
ci37699364,2025-02-20,earthquake,USGS,real_downloaded,33.6278333,-117.798,magnitude,1.01,"4 km ENE of San Joaquin Hills, CA"
ci40189538,2025-02-20,earthquake,USGS,real_downloaded,33.6256667,-117.781,magnitude,1.77,"5 km ENE of San Joaquin Hills, CA"
ci37699372,2025-02-20,earthquake,USGS,real_downloaded,33.6213333,-117.7675,magnitude,1.33,"4 km WNW of Laguna Woods, CA"
ci40189546,2025-02-20,earthquake,USGS,real_downloaded,33.6225,-117.7855,magnitude,2.15,"5 km ENE of San Joaquin Hills, CA"
ci37699524,2025-02-20,earthquake,USGS,real_downloaded,33.6296667,-117.7683333,magnitude,1.84,"4 km WNW of Laguna Woods, CA"
ci40189586,2025-02-20,earthquake,USGS,real_downloaded,33.6243333,-117.7765,magnitude,1.2,"5 km WNW of Laguna Woods, CA"
ci40189762,2025-02-20,earthquake,USGS,real_downloaded,34.6383333,-118.6583333,magnitude,1.36,"16 km SSW of Neenach, CA"
ci40190858,2025-02-21,earthquake,USGS,real_downloaded,34.1515,-117.9281667,magnitude,1.03,"3 km NW of Azusa, CA"
ci40191282,2025-02-22,earthquake,USGS,real_downloaded,34.4968333,-118.11,magnitude,1.04,"1 km SE of Vincent, CA"
ci40191346,2025-02-22,earthquake,USGS,real_downloaded,34.4966667,-118.116,magnitude,1.77,"0 km S of Vincent, CA"
ci40191370,2025-02-22,earthquake,USGS,real_downloaded,34.0148333,-118.51,magnitude,1.96,"2 km WSW of Santa Monica, CA"
ci37700804,2025-02-23,earthquake,USGS,real_downloaded,33.9421667,-118.6608333,magnitude,1.24,"10 km SSE of Malibu Beach, CA"
ci40192194,2025-02-23,earthquake,USGS,real_downloaded,33.9713333,-118.6755,magnitude,1.32,"7 km S of Malibu Beach, CA"
ci37700796,2025-02-23,earthquake,USGS,real_downloaded,33.9331667,-118.6561667,magnitude,1.28,"12 km SSE of Malibu Beach, CA"
ci40194674,2025-02-26,earthquake,USGS,real_downloaded,33.8381667,-118.5816667,magnitude,1.3,"17 km WSW of Manhattan Beach, CA"
ci40194698,2025-02-26,earthquake,USGS,real_downloaded,33.6235,-118.2855,magnitude,1.84,"12 km S of San Pedro, CA"
ci41068456,2025-02-28,earthquake,USGS,real_downloaded,33.638,-118.0076667,magnitude,2.25,"6 km S of Huntington Beach, CA"
ci41068464,2025-02-28,earthquake,USGS,real_downloaded,33.6306667,-118.0366667,magnitude,1.6,"8 km SSW of Huntington Beach, CA"
ci41069040,2025-03-01,earthquake,USGS,real_downloaded,33.8916667,-118.0073333,magnitude,1.21,"3 km NNW of Buena Park, CA"
ci41069712,2025-03-02,earthquake,USGS,real_downloaded,33.9911667,-118.3736667,magnitude,1.31,"1 km S of Baldwin Hills, CA"
ci41070112,2025-03-03,earthquake,USGS,real_downloaded,34.1615,-118.3533333,magnitude,3.8,"2 km ESE of North Hollywood, CA"
ci41070128,2025-03-03,earthquake,USGS,real_downloaded,34.1528333,-118.3568333,magnitude,1.82,"2 km NNW of Universal City, CA"
ci37541813,2025-03-03,earthquake,USGS,real_downloaded,34.1535,-118.3581667,magnitude,1.65,"2 km NNW of Universal City, CA"
ci37541837,2025-03-03,earthquake,USGS,real_downloaded,34.156,-118.3643333,magnitude,1.46,"2 km SSE of North Hollywood, CA"
ci41070136,2025-03-03,earthquake,USGS,real_downloaded,34.1623333,-118.3603333,magnitude,1.69,"2 km SE of North Hollywood, CA"
ci37541829,2025-03-03,earthquake,USGS,real_downloaded,34.1408333,-118.354,magnitude,1.69,"0 km NNW of Universal City, CA"
ci41070144,2025-03-03,earthquake,USGS,real_downloaded,34.1561667,-118.3561667,magnitude,1.46,"2 km N of Universal City, CA"
ci41070152,2025-03-03,earthquake,USGS,real_downloaded,34.1565,-118.3608333,magnitude,1.14,"2 km NNW of Universal City, CA"
ci41070160,2025-03-03,earthquake,USGS,real_downloaded,34.1535,-118.3568333,magnitude,1.14,"2 km N of Universal City, CA"
ci41070168,2025-03-03,earthquake,USGS,real_downloaded,33.995,-118.4008333,magnitude,1.51,"3 km WSW of Baldwin Hills, CA"
ci41070200,2025-03-03,earthquake,USGS,real_downloaded,34.1531667,-118.354,magnitude,1.27,"2 km N of Universal City, CA"
ci41070216,2025-03-03,earthquake,USGS,real_downloaded,34.1513333,-118.3508333,magnitude,1.19,"1 km N of Universal City, CA"
ci41070224,2025-03-03,earthquake,USGS,real_downloaded,34.1516667,-118.3485,magnitude,1.4,"2 km NNE of Universal City, CA"
ci41070632,2025-03-04,earthquake,USGS,real_downloaded,34.1503333,-118.3581667,magnitude,1.39,"1 km NNW of Universal City, CA"
ci41070648,2025-03-04,earthquake,USGS,real_downloaded,34.1536667,-118.362,magnitude,1.31,"2 km NNW of Universal City, CA"
ci41070680,2025-03-04,earthquake,USGS,real_downloaded,34.5448333,-118.1715,magnitude,1.65,"7 km NW of Vincent, CA"
ci41070696,2025-03-04,earthquake,USGS,real_downloaded,34.1538333,-118.3573333,magnitude,1.32,"2 km NNW of Universal City, CA"
ci41071048,2025-03-04,earthquake,USGS,real_downloaded,34.1376667,-118.5238333,magnitude,1.53,"3 km SW of Encino, CA"
ci41071064,2025-03-04,earthquake,USGS,real_downloaded,34.1586667,-118.3705,magnitude,1.28,"2 km SSE of North Hollywood, CA"
ci41071440,2025-03-05,earthquake,USGS,real_downloaded,34.1535,-118.3578333,magnitude,1.05,"2 km NNW of Universal City, CA"
ci41071600,2025-03-05,earthquake,USGS,real_downloaded,34.1571667,-118.3561667,magnitude,1.8,"2 km N of Universal City, CA"
ci41071648,2025-03-05,earthquake,USGS,real_downloaded,34.1518333,-118.3581667,magnitude,1.0,"2 km NNW of Universal City, CA"
ci41071704,2025-03-05,earthquake,USGS,real_downloaded,33.891,-117.899,magnitude,1.55,"3 km S of Brea, CA"
ci41071960,2025-03-05,earthquake,USGS,real_downloaded,33.8683333,-117.8433333,magnitude,1.91,"2 km E of Placentia, CA"
ci41073008,2025-03-06,earthquake,USGS,real_downloaded,34.1586667,-118.36,magnitude,1.12,"2 km SE of North Hollywood, CA"
ci41073856,2025-03-07,earthquake,USGS,real_downloaded,33.982,-118.3691667,magnitude,1.2,"2 km S of Baldwin Hills, CA"
ci41073888,2025-03-07,earthquake,USGS,real_downloaded,34.0398333,-118.6816667,magnitude,1.08,"1 km NE of Malibu Beach, CA"
ci41074688,2025-03-08,earthquake,USGS,real_downloaded,33.8686667,-117.8425,magnitude,1.71,"3 km E of Placentia, CA"
ci41075584,2025-03-09,earthquake,USGS,real_downloaded,34.0681667,-118.8945,magnitude,4.06,"10 km NW of Malibu, CA"
ci41075592,2025-03-09,earthquake,USGS,real_downloaded,34.0648333,-118.9111667,magnitude,2.39,"11 km NW of Malibu, CA"
ci41075600,2025-03-09,earthquake,USGS,real_downloaded,34.0551667,-118.8925,magnitude,2.89,"9 km NW of Malibu, CA"
ci41075608,2025-03-09,earthquake,USGS,real_downloaded,34.0701667,-118.9103333,magnitude,2.7,"12 km NW of Malibu, CA"
ci41075616,2025-03-09,earthquake,USGS,real_downloaded,34.0628333,-118.8973333,magnitude,2.45,"10 km NW of Malibu, CA"
ci41075624,2025-03-09,earthquake,USGS,real_downloaded,34.0626667,-118.8941667,magnitude,1.81,"10 km NW of Malibu, CA"
ci41075640,2025-03-09,earthquake,USGS,real_downloaded,34.062,-118.8968333,magnitude,1.43,"10 km NW of Malibu, CA"
ci41075712,2025-03-09,earthquake,USGS,real_downloaded,34.061,-118.8881667,magnitude,2.2,"10 km NW of Malibu, CA"
ci41075720,2025-03-09,earthquake,USGS,real_downloaded,34.0651667,-118.89,magnitude,1.67,"10 km NW of Malibu, CA"
ci41075736,2025-03-09,earthquake,USGS,real_downloaded,34.0651667,-118.9001667,magnitude,1.67,"11 km NW of Malibu, CA"
ci41075760,2025-03-09,earthquake,USGS,real_downloaded,34.1556667,-118.3636667,magnitude,1.25,"2 km NNW of Universal City, CA"
ci41075784,2025-03-09,earthquake,USGS,real_downloaded,34.0573333,-118.9003333,magnitude,1.38,"10 km NW of Malibu, CA"
ci41075920,2025-03-10,earthquake,USGS,real_downloaded,34.0581667,-118.915,magnitude,1.07,"11 km WNW of Malibu, CA"
ci41076040,2025-03-10,earthquake,USGS,real_downloaded,34.0631667,-118.9018333,magnitude,1.45,"11 km NW of Malibu, CA"
ci41076056,2025-03-10,earthquake,USGS,real_downloaded,34.0678333,-118.9043333,magnitude,1.24,"11 km NW of Malibu, CA"
ci41076080,2025-03-10,earthquake,USGS,real_downloaded,34.0688333,-118.9016667,magnitude,1.24,"11 km NW of Malibu, CA"
ci41076096,2025-03-10,earthquake,USGS,real_downloaded,34.0648333,-118.9001667,magnitude,3.2,"11 km NW of Malibu, CA"
ci41076104,2025-03-10,earthquake,USGS,real_downloaded,34.0653333,-118.8988333,magnitude,1.28,"11 km NW of Malibu, CA"
ci41076384,2025-03-10,earthquake,USGS,real_downloaded,34.0565,-118.8991667,magnitude,2.18,"10 km NW of Malibu, CA"
ci41076424,2025-03-10,earthquake,USGS,real_downloaded,34.148,-118.3665,magnitude,1.6,"2 km NW of Universal City, CA"
ci41076568,2025-03-10,earthquake,USGS,real_downloaded,34.0596667,-118.8905,magnitude,2.57,"10 km NW of Malibu, CA"
ci41077216,2025-03-11,earthquake,USGS,real_downloaded,34.0625,-118.9043333,magnitude,1.12,"11 km NW of Malibu, CA"
ci41077856,2025-03-12,earthquake,USGS,real_downloaded,34.0568333,-118.9235,magnitude,1.02,"12 km WNW of Malibu, CA"
ci41077952,2025-03-12,earthquake,USGS,real_downloaded,34.0576667,-118.8873333,magnitude,2.36,"9 km NW of Malibu, CA"
ci41078080,2025-03-12,earthquake,USGS,real_downloaded,34.086,-118.184,magnitude,1.45,"4 km SSE of Highland Park, CA"
ci41078128,2025-03-12,earthquake,USGS,real_downloaded,34.3515,-118.7611667,magnitude,1.22,"8 km SSE of Piru, CA"
ci41078272,2025-03-12,earthquake,USGS,real_downloaded,34.07,-118.9065,magnitude,1.43,"12 km NW of Malibu, CA"
ci41078888,2025-03-13,earthquake,USGS,real_downloaded,34.6096667,-118.633,magnitude,1.42,"14 km N of Castaic, CA"
ci41079992,2025-03-15,earthquake,USGS,real_downloaded,34.0833333,-118.0931667,magnitude,1.33,"2 km SE of San Gabriel, CA"
ci41080056,2025-03-15,earthquake,USGS,real_downloaded,33.89,-117.807,magnitude,1.02,"1 km ENE of Yorba Linda, CA"
ci41080656,2025-03-16,earthquake,USGS,real_downloaded,34.1546667,-118.36,magnitude,1.17,"2 km NNW of Universal City, CA"
ci41080768,2025-03-16,earthquake,USGS,real_downloaded,34.0911667,-118.1943333,magnitude,1.31,"3 km S of Highland Park, CA"
ci41080776,2025-03-16,earthquake,USGS,real_downloaded,34.0848333,-118.196,magnitude,1.49,"4 km S of Highland Park, CA"
ci41081008,2025-03-16,earthquake,USGS,real_downloaded,34.6065,-118.5468333,magnitude,1.09,"12 km SW of Lake Hughes, CA"
ci41081408,2025-03-17,earthquake,USGS,real_downloaded,34.0635,-118.8958333,magnitude,3.87,"10 km NW of Malibu, CA"
ci41081416,2025-03-17,earthquake,USGS,real_downloaded,34.0616667,-118.9018333,magnitude,1.47,"10 km NW of Malibu, CA"
ci41081464,2025-03-17,earthquake,USGS,real_downloaded,34.059,-118.8925,magnitude,2.17,"10 km NW of Malibu, CA"
ci41081472,2025-03-17,earthquake,USGS,real_downloaded,34.0656667,-118.8931667,magnitude,1.4,"10 km NW of Malibu, CA"
ci41081512,2025-03-17,earthquake,USGS,real_downloaded,34.0645,-118.8996667,magnitude,1.53,"11 km NW of Malibu, CA"
ci41081568,2025-03-17,earthquake,USGS,real_downloaded,34.0596667,-118.892,magnitude,1.69,"10 km NW of Malibu, CA"
ci41081600,2025-03-17,earthquake,USGS,real_downloaded,34.0601667,-118.8943333,magnitude,1.44,"10 km NW of Malibu, CA"
ci41081720,2025-03-17,earthquake,USGS,real_downloaded,33.9328333,-118.2928333,magnitude,1.31,"4 km WNW of Willowbrook, CA"
ci41081752,2025-03-17,earthquake,USGS,real_downloaded,34.0563333,-118.907,magnitude,1.18,"11 km WNW of Malibu, CA"
ci41081776,2025-03-17,earthquake,USGS,real_downloaded,34.0651667,-118.897,magnitude,1.61,"10 km NW of Malibu, CA"
ci41082432,2025-03-18,earthquake,USGS,real_downloaded,34.0608333,-118.8888333,magnitude,1.82,"10 km NW of Malibu, CA"
ci41082464,2025-03-18,earthquake,USGS,real_downloaded,34.0641667,-118.8956667,magnitude,1.64,"10 km NW of Malibu, CA"
ci41083016,2025-03-18,earthquake,USGS,real_downloaded,33.8916667,-118.4093333,magnitude,2.15,"1 km N of Manhattan Beach, CA"
ci41083104,2025-03-19,earthquake,USGS,real_downloaded,34.0628333,-118.8983333,magnitude,1.58,"10 km NW of Malibu, CA"
ci41083168,2025-03-19,earthquake,USGS,real_downloaded,34.0663333,-118.8976667,magnitude,1.51,"11 km NW of Malibu, CA"
ci41083184,2025-03-19,earthquake,USGS,real_downloaded,34.0633333,-118.8903333,magnitude,2.02,"10 km NW of Malibu, CA"
ci40903959,2025-03-19,earthquake,USGS,real_downloaded,34.7233333,-118.9303333,magnitude,1.38,"11 km SW of Gorman, CA"
ci40904359,2025-03-20,earthquake,USGS,real_downloaded,34.06,-118.914,magnitude,1.09,"11 km WNW of Malibu, CA"
ci40907087,2025-03-22,earthquake,USGS,real_downloaded,34.0601667,-118.938,magnitude,1.54,"13 km WNW of Malibu, CA"
ci37542285,2025-03-22,earthquake,USGS,real_downloaded,34.0633333,-118.9351667,magnitude,1.3,"13 km WNW of Malibu, CA"
ci40907535,2025-03-23,earthquake,USGS,real_downloaded,34.3096667,-118.4963333,magnitude,1.2,"4 km N of Granada Hills, CA"
ci40907583,2025-03-23,earthquake,USGS,real_downloaded,34.8046667,-118.897,magnitude,1.31,"4 km WNW of Gorman, CA"
ci40909399,2025-03-25,earthquake,USGS,real_downloaded,34.4668333,-118.0048333,magnitude,1.09,"6 km SSW of Littlerock, CA"
ci40910215,2025-03-25,earthquake,USGS,real_downloaded,34.1575,-118.4415,magnitude,1.62,"1 km NE of Sherman Oaks, CA"
ci40910319,2025-03-25,earthquake,USGS,real_downloaded,33.8061667,-118.3838333,magnitude,1.35,"1 km NE of Palos Verdes Estates, CA"
ci40910943,2025-03-26,earthquake,USGS,real_downloaded,34.1475,-118.3563333,magnitude,1.28,"1 km NNW of Universal City, CA"
ci40911135,2025-03-26,earthquake,USGS,real_downloaded,34.1535,-118.3623333,magnitude,1.43,"2 km NNW of Universal City, CA"
ci40911247,2025-03-27,earthquake,USGS,real_downloaded,34.0636667,-118.9041667,magnitude,2.04,"11 km NW of Malibu, CA"
ci40911447,2025-03-27,earthquake,USGS,real_downloaded,34.0688333,-118.8965,magnitude,1.49,"11 km NW of Malibu, CA"
ci40912039,2025-03-28,earthquake,USGS,real_downloaded,34.155,-118.3581667,magnitude,1.55,"2 km NNW of Universal City, CA"
ci40912071,2025-03-28,earthquake,USGS,real_downloaded,33.9501667,-117.8756667,magnitude,1.59,"4 km SE of Rowland Heights, CA"
ci40912303,2025-03-29,earthquake,USGS,real_downloaded,34.156,-118.3538333,magnitude,1.73,"2 km N of Universal City, CA"
ci40912479,2025-03-29,earthquake,USGS,real_downloaded,33.8701667,-117.768,magnitude,2.13,"5 km ESE of Yorba Linda, CA"
ci40912551,2025-03-29,earthquake,USGS,real_downloaded,33.9986667,-118.8148333,magnitude,1.19,"1 km SSW of Malibu, CA"
ci40912967,2025-03-30,earthquake,USGS,real_downloaded,33.7705,-118.7396667,magnitude,3.09,"27 km SSE of Malibu, CA"
ci40913079,2025-03-30,earthquake,USGS,real_downloaded,34.0641667,-118.9073333,magnitude,1.24,"11 km NW of Malibu, CA"
ci40913295,2025-03-30,earthquake,USGS,real_downloaded,34.1511667,-118.3595,magnitude,1.42,"2 km NNW of Universal City, CA"
ci40913351,2025-03-31,earthquake,USGS,real_downloaded,33.7643333,-118.7423333,magnitude,3.38,"28 km SSE of Malibu, CA"
ci40913367,2025-03-31,earthquake,USGS,real_downloaded,33.2216667,-117.834,magnitude,1.77,"30 km SSW of Dana Point, CA"
ci40913375,2025-03-31,earthquake,USGS,real_downloaded,33.776,-118.7283333,magnitude,1.99,"27 km SSE of Malibu, CA"
ci40913391,2025-03-31,earthquake,USGS,real_downloaded,33.7605,-118.7696667,magnitude,2.04,"27 km S of Malibu, CA"
ci40913431,2025-03-31,earthquake,USGS,real_downloaded,33.7768333,-118.7448333,magnitude,1.92,"26 km SSE of Malibu, CA"
ci37711996,2025-03-31,earthquake,USGS,real_downloaded,33.7831667,-118.7693333,magnitude,1.97,"25 km S of Malibu, CA"
ci40913455,2025-03-31,earthquake,USGS,real_downloaded,33.8158333,-117.6551667,magnitude,1.14,"10 km SW of Corona, CA"
ci40913471,2025-03-31,earthquake,USGS,real_downloaded,33.819,-117.6541667,magnitude,1.05,"10 km SW of Corona, CA"
ci40914719,2025-04-02,earthquake,USGS,real_downloaded,34.523,-118.1051667,magnitude,1.09,"3 km NNE of Vincent, CA"
ci40915063,2025-04-03,earthquake,USGS,real_downloaded,34.4933333,-118.1103333,magnitude,1.1,"1 km SE of Vincent, CA"
ci40915879,2025-04-04,earthquake,USGS,real_downloaded,32.9238333,-117.7138333,magnitude,1.99,"41 km WSW of Encinitas, CA"
ci40917319,2025-04-05,earthquake,USGS,real_downloaded,33.8981667,-117.8748333,magnitude,1.57,"3 km N of Placentia, CA"
ci40917791,2025-04-06,earthquake,USGS,real_downloaded,34.5188333,-118.0925,magnitude,1.83,"3 km NE of Vincent, CA"
ci40917879,2025-04-06,earthquake,USGS,real_downloaded,34.0653333,-118.9013333,magnitude,1.44,"11 km NW of Malibu, CA"
ci40918031,2025-04-06,earthquake,USGS,real_downloaded,34.5185,-118.1045,magnitude,1.11,"2 km NNE of Vincent, CA"
ci40918223,2025-04-06,earthquake,USGS,real_downloaded,34.4266667,-117.7111667,magnitude,1.74,"6 km W of Pinon Hills, CA"
ci40918415,2025-04-07,earthquake,USGS,real_downloaded,34.4166667,-118.8853333,magnitude,1.3,"4 km ENE of Fillmore, CA"
ci40919143,2025-04-08,earthquake,USGS,real_downloaded,34.548,-118.8823333,magnitude,1.21,"17 km NNW of Piru, CA"
ci40919263,2025-04-08,earthquake,USGS,real_downloaded,33.8403333,-117.7976667,magnitude,1.06,"3 km NNE of Villa Park, CA"
ci40919351,2025-04-08,earthquake,USGS,real_downloaded,33.7928333,-118.3646667,magnitude,1.58,"1 km NW of Rolling Hills Estates, CA"
ci40919439,2025-04-08,earthquake,USGS,real_downloaded,34.0748333,-118.1803333,magnitude,1.25,"5 km NNW of East Los Angeles, CA"
ci40919639,2025-04-08,earthquake,USGS,real_downloaded,33.8013333,-118.3756667,magnitude,1.98,"1 km E of Palos Verdes Estates, CA"
ci40919847,2025-04-09,earthquake,USGS,real_downloaded,33.9375,-118.1715,magnitude,1.79,"3 km SSE of Cudahy, CA"
ci40922407,2025-04-11,earthquake,USGS,real_downloaded,34.2526667,-118.3381667,magnitude,1.05,"3 km SE of Lake View Terrace, CA"
ci40923063,2025-04-11,earthquake,USGS,real_downloaded,34.1753333,-117.927,magnitude,1.0,"5 km NNW of Azusa, CA"
ci40923783,2025-04-12,earthquake,USGS,real_downloaded,33.8721667,-117.7673333,magnitude,1.58,"5 km ESE of Yorba Linda, CA"
ci40924215,2025-04-12,earthquake,USGS,real_downloaded,33.8728333,-117.8441667,magnitude,1.41,"2 km E of Placentia, CA"
ci40924527,2025-04-13,earthquake,USGS,real_downloaded,34.5095,-118.7696667,magnitude,1.33,"11 km NNE of Piru, CA"
ci40924543,2025-04-13,earthquake,USGS,real_downloaded,33.9785,-118.7206667,magnitude,1.44,"7 km SSW of Malibu Beach, CA"
ci40924679,2025-04-13,earthquake,USGS,real_downloaded,33.9753333,-118.6291667,magnitude,1.64,"7 km S of Las Flores, CA"
ci40925119,2025-04-13,earthquake,USGS,real_downloaded,34.4576667,-117.9036667,magnitude,1.06,"5 km S of Pearblossom, CA"
ci40925863,2025-04-14,earthquake,USGS,real_downloaded,34.159,-118.4406667,magnitude,1.75,"1 km NE of Sherman Oaks, CA"
ci40927287,2025-04-14,earthquake,USGS,real_downloaded,34.2916667,-118.4466667,magnitude,1.34,"1 km NW of San Fernando, CA"
ci40927711,2025-04-15,earthquake,USGS,real_downloaded,34.5136667,-118.8696667,magnitude,1.9,"13 km NNW of Piru, CA"
ci40929687,2025-04-16,earthquake,USGS,real_downloaded,33.8253333,-117.6781667,magnitude,1.04,"11 km WSW of Corona, CA"
ci40929991,2025-04-16,earthquake,USGS,real_downloaded,33.9295,-117.7723333,magnitude,1.04,"6 km NE of Yorba Linda, CA"
ci40930583,2025-04-16,earthquake,USGS,real_downloaded,33.8953333,-117.8736667,magnitude,1.16,"3 km N of Placentia, CA"
ci40931031,2025-04-17,earthquake,USGS,real_downloaded,33.8235,-117.6801667,magnitude,1.49,"12 km WSW of Corona, CA"
ci40931167,2025-04-17,earthquake,USGS,real_downloaded,34.0618333,-118.9096667,magnitude,1.05,"11 km NW of Malibu, CA"
ci40932335,2025-04-18,earthquake,USGS,real_downloaded,34.1815,-117.9256667,magnitude,1.01,"6 km NNW of Azusa, CA"
ci40934151,2025-04-20,earthquake,USGS,real_downloaded,33.71,-118.008,magnitude,1.02,"2 km NNW of Huntington Beach, CA"
ci40934159,2025-04-20,earthquake,USGS,real_downloaded,34.0543333,-118.8898333,magnitude,1.79,"9 km NW of Malibu, CA"
ci40934255,2025-04-20,earthquake,USGS,real_downloaded,33.8231667,-117.6795,magnitude,1.41,"12 km WSW of Corona, CA"
ci40934423,2025-04-20,earthquake,USGS,real_downloaded,34.0886667,-117.8053333,magnitude,1.1,"2 km S of San Dimas, CA"
ci40934783,2025-04-20,earthquake,USGS,real_downloaded,33.952,-118.758,magnitude,2.06,"8 km SE of Malibu, CA"
ci40935343,2025-04-21,earthquake,USGS,real_downloaded,34.062,-118.897,magnitude,1.52,"10 km NW of Malibu, CA"
ci40936447,2025-04-21,earthquake,USGS,real_downloaded,34.1488333,-118.3553333,magnitude,1.3,"1 km N of Universal City, CA"
ci40936815,2025-04-22,earthquake,USGS,real_downloaded,34.6211667,-118.6355,magnitude,1.03,"15 km N of Castaic, CA"
ci40937479,2025-04-22,earthquake,USGS,real_downloaded,33.838,-117.6738333,magnitude,1.2,"10 km WSW of Corona, CA"
ci40938215,2025-04-23,earthquake,USGS,real_downloaded,34.6105,-118.6265,magnitude,1.09,"14 km N of Castaic, CA"
ci40939775,2025-04-24,earthquake,USGS,real_downloaded,34.4523333,-117.991,magnitude,1.46,"8 km S of Littlerock, CA"
ci41132032,2025-04-25,earthquake,USGS,real_downloaded,33.977,-118.2186667,magnitude,1.32,"1 km SE of Huntington Park, CA"
ci41133312,2025-04-25,earthquake,USGS,real_downloaded,34.0193333,-118.4515,magnitude,1.35,"4 km E of Santa Monica, CA"
ci41134928,2025-04-26,earthquake,USGS,real_downloaded,33.6885,-118.1536667,magnitude,2.71,"7 km SW of Seal Beach, CA"
ci41135456,2025-04-26,earthquake,USGS,real_downloaded,34.1513333,-118.3541667,magnitude,1.66,"1 km N of Universal City, CA"
ci41138232,2025-04-28,earthquake,USGS,real_downloaded,34.1031667,-117.8231667,magnitude,1.26,"2 km WSW of San Dimas, CA"
ci41139008,2025-04-29,earthquake,USGS,real_downloaded,34.0248333,-118.515,magnitude,1.43,"2 km WNW of Santa Monica, CA"
ci41139544,2025-04-29,earthquake,USGS,real_downloaded,33.0828333,-117.9178333,magnitude,2.45,"47 km SSW of Dana Point, CA"
ci41140632,2025-04-30,earthquake,USGS,real_downloaded,34.8,-118.9448333,magnitude,1.58,"2 km S of Frazier Park, CA"
ci41142680,2025-05-02,earthquake,USGS,real_downloaded,34.4553333,-117.9606667,magnitude,1.07,"7 km SW of Pearblossom, CA"
ci41142736,2025-05-02,earthquake,USGS,real_downloaded,34.1645,-117.6473333,magnitude,1.28,"8 km N of Upland, CA"
ci41143456,2025-05-03,earthquake,USGS,real_downloaded,34.017,-118.205,magnitude,1.33,"4 km WSW of East Los Angeles, CA"
ci41143584,2025-05-03,earthquake,USGS,real_downloaded,33.9163333,-118.3528333,magnitude,1.38,"0 km WSW of Hawthorne, CA"
ci41143920,2025-05-03,earthquake,USGS,real_downloaded,34.5808333,-117.7813333,magnitude,1.65,"6 km SE of Lake Los Angeles, CA"
ci41144072,2025-05-03,earthquake,USGS,real_downloaded,33.9838333,-118.8725,magnitude,1.66,"6 km WSW of Malibu, CA"
ci41144416,2025-05-04,earthquake,USGS,real_downloaded,34.419,-117.7703333,magnitude,1.05,"8 km S of Llano, CA"
ci41144560,2025-05-04,earthquake,USGS,real_downloaded,34.0575,-118.8415,magnitude,1.33,"6 km NNW of Malibu, CA"
ci41144584,2025-05-04,earthquake,USGS,real_downloaded,34.0141667,-118.21,magnitude,1.09,"4 km NW of Maywood, CA"
ci41144712,2025-05-04,earthquake,USGS,real_downloaded,33.8641667,-117.8248333,magnitude,1.57,"3 km SSW of Yorba Linda, CA"
ci41144808,2025-05-05,earthquake,USGS,real_downloaded,33.9933333,-118.871,magnitude,1.88,"6 km WSW of Malibu, CA"
ci41144816,2025-05-05,earthquake,USGS,real_downloaded,33.8636667,-117.8228333,magnitude,2.21,"3 km SSW of Yorba Linda, CA"
ci41144832,2025-05-05,earthquake,USGS,real_downloaded,33.8636667,-117.8258333,magnitude,1.05,"3 km SSW of Yorba Linda, CA"
ci41145008,2025-05-05,earthquake,USGS,real_downloaded,34.3,-118.4038333,magnitude,1.0,"4 km ENE of San Fernando, CA"
ci41145528,2025-05-06,earthquake,USGS,real_downloaded,33.8551667,-117.8336667,magnitude,1.14,"4 km ESE of Placentia, CA"
ci41145712,2025-05-06,earthquake,USGS,real_downloaded,34.5195,-118.0988333,magnitude,1.06,"3 km NE of Vincent, CA"
ci41146168,2025-05-06,earthquake,USGS,real_downloaded,33.868,-117.824,magnitude,1.46,"2 km SSW of Yorba Linda, CA"
ci41146800,2025-05-07,earthquake,USGS,real_downloaded,33.9931667,-118.6955,magnitude,3.01,"4 km S of Malibu Beach, CA"
ci41146824,2025-05-07,earthquake,USGS,real_downloaded,33.986,-118.6978333,magnitude,1.46,"5 km S of Malibu Beach, CA"
ci41147328,2025-05-07,earthquake,USGS,real_downloaded,33.8626667,-117.826,magnitude,1.31,"3 km SSW of Yorba Linda, CA"
ci41147856,2025-05-08,earthquake,USGS,real_downloaded,33.899,-117.6663333,magnitude,2.61,"10 km WNW of Corona, CA"
ci41148816,2025-05-09,earthquake,USGS,real_downloaded,34.3001667,-118.4048333,magnitude,1.33,"3 km ENE of San Fernando, CA"
ci41149208,2025-05-09,earthquake,USGS,real_downloaded,34.2998333,-118.4066667,magnitude,1.71,"3 km ENE of San Fernando, CA"
ci41149608,2025-05-09,earthquake,USGS,real_downloaded,34.7353333,-118.7513333,magnitude,1.95,"12 km SE of Gorman, CA"
ci41150520,2025-05-10,earthquake,USGS,real_downloaded,34.0185,-118.951,magnitude,1.57,"13 km W of Malibu, CA"
ci41151312,2025-05-12,earthquake,USGS,real_downloaded,34.0413333,-117.8011667,magnitude,1.6,"2 km NNE of Diamond Bar, CA"
ci41152080,2025-05-13,earthquake,USGS,real_downloaded,32.9645,-117.7145,magnitude,2.22,"40 km WSW of Carlsbad, CA"
ci41152392,2025-05-13,earthquake,USGS,real_downloaded,34.5496667,-118.1565,magnitude,1.56,"6 km SW of Palmdale, CA"
ci41152568,2025-05-14,earthquake,USGS,real_downloaded,34.0888333,-118.1928333,magnitude,1.06,"4 km S of Highland Park, CA"
ci41152656,2025-05-14,earthquake,USGS,real_downloaded,33.964,-118.2313333,magnitude,1.7,"1 km SW of Walnut Park, CA"
ci41152936,2025-05-14,earthquake,USGS,real_downloaded,34.15,-118.3545,magnitude,1.41,"1 km N of Universal City, CA"
ci41153096,2025-05-14,earthquake,USGS,real_downloaded,34.1523333,-118.3575,magnitude,1.93,"2 km NNW of Universal City, CA"
ci41153104,2025-05-14,earthquake,USGS,real_downloaded,34.1523333,-118.3576667,magnitude,1.66,"2 km NNW of Universal City, CA"
ci41153200,2025-05-15,earthquake,USGS,real_downloaded,34.1003333,-118.1876667,magnitude,1.42,"2 km SSE of Highland Park, CA"
ci41153208,2025-05-15,earthquake,USGS,real_downloaded,34.089,-118.197,magnitude,1.11,"3 km S of Highland Park, CA"
ci41153880,2025-05-15,earthquake,USGS,real_downloaded,33.6948333,-118.0593333,magnitude,1.96,"6 km W of Huntington Beach, CA"
ci41154848,2025-05-17,earthquake,USGS,real_downloaded,34.3191667,-117.7146667,magnitude,1.09,"9 km WSW of Wrightwood, CA"
ci41154912,2025-05-17,earthquake,USGS,real_downloaded,34.2121667,-117.7401667,magnitude,1.05,"13 km NNE of La Verne, CA"
ci41155240,2025-05-17,earthquake,USGS,real_downloaded,34.3983333,-118.4353333,magnitude,1.65,"7 km ESE of Santa Clarita, CA"
ci41155576,2025-05-18,earthquake,USGS,real_downloaded,33.9853333,-118.3386667,magnitude,1.83,"1 km SE of View Park-Windsor Hills, CA"
ci41155656,2025-05-18,earthquake,USGS,real_downloaded,34.1586667,-118.3581667,magnitude,1.2,"2 km SE of North Hollywood, CA"
ci41155928,2025-05-19,earthquake,USGS,real_downloaded,34.1115,-117.9671667,magnitude,1.71,"3 km N of Baldwin Park, CA"
ci41155984,2025-05-19,earthquake,USGS,real_downloaded,34.5205,-118.0976667,magnitude,1.68,"3 km NE of Vincent, CA"
ci41156064,2025-05-19,earthquake,USGS,real_downloaded,34.2846667,-118.3738333,magnitude,1.99,"2 km NW of Lake View Terrace, CA"
ci41156216,2025-05-19,earthquake,USGS,real_downloaded,33.9803333,-118.3306667,magnitude,1.06,"2 km SE of View Park-Windsor Hills, CA"
ci41157304,2025-05-20,earthquake,USGS,real_downloaded,33.9376667,-117.9068333,magnitude,1.3,"2 km NNW of Brea, CA"
ci40971631,2025-05-21,earthquake,USGS,real_downloaded,34.156,-118.359,magnitude,1.37,"2 km NNW of Universal City, CA"
ci40971703,2025-05-21,earthquake,USGS,real_downloaded,34.0858333,-118.1906667,magnitude,1.05,"4 km S of Highland Park, CA"
ci40971927,2025-05-21,earthquake,USGS,real_downloaded,34.1593333,-118.3638333,magnitude,1.17,"2 km SE of North Hollywood, CA"
ci40972071,2025-05-21,earthquake,USGS,real_downloaded,33.878,-117.7818333,magnitude,1.84,"3 km ESE of Yorba Linda, CA"
ci40973135,2025-05-22,earthquake,USGS,real_downloaded,33.8543333,-117.6533333,magnitude,1.03,"8 km WSW of Corona, CA"
ci40973447,2025-05-23,earthquake,USGS,real_downloaded,34.4851667,-118.0805,magnitude,1.04,"4 km ESE of Vincent, CA"
ci40973455,2025-05-23,earthquake,USGS,real_downloaded,34.4883333,-118.079,magnitude,1.02,"4 km ESE of Vincent, CA"
ci40973503,2025-05-23,earthquake,USGS,real_downloaded,34.4853333,-118.0816667,magnitude,1.19,"4 km ESE of Vincent, CA"
ci40973543,2025-05-23,earthquake,USGS,real_downloaded,34.4871667,-118.0826667,magnitude,1.24,"3 km ESE of Vincent, CA"
ci40973831,2025-05-23,earthquake,USGS,real_downloaded,34.4871667,-118.0808333,magnitude,1.08,"4 km ESE of Vincent, CA"
ci40973903,2025-05-23,earthquake,USGS,real_downloaded,34.1566667,-118.3645,magnitude,1.1,"2 km SE of North Hollywood, CA"
ci40974175,2025-05-23,earthquake,USGS,real_downloaded,34.051,-117.801,magnitude,1.19,"3 km NNE of Diamond Bar, CA"
ci40974351,2025-05-24,earthquake,USGS,real_downloaded,33.6336667,-118.0028333,magnitude,1.28,"7 km S of Huntington Beach, CA"
ci40974519,2025-05-24,earthquake,USGS,real_downloaded,33.687,-118.3986667,magnitude,1.39,"6 km S of Rancho Palos Verdes, CA"
ci40974679,2025-05-24,earthquake,USGS,real_downloaded,33.6368333,-117.9951667,magnitude,1.26,"6 km S of Huntington Beach, CA"
ci40975055,2025-05-24,earthquake,USGS,real_downloaded,33.6383333,-118.0008333,magnitude,1.39,"6 km S of Huntington Beach, CA"
ci40975695,2025-05-25,earthquake,USGS,real_downloaded,34.1623333,-118.3611667,magnitude,1.06,"2 km SE of North Hollywood, CA"
ci40976375,2025-05-25,earthquake,USGS,real_downloaded,33.5718333,-117.857,magnitude,1.39,"5 km SSW of San Joaquin Hills, CA"
ci40976647,2025-05-26,earthquake,USGS,real_downloaded,33.9118333,-117.664,magnitude,1.19,"10 km WNW of Corona, CA"
ci40976751,2025-05-26,earthquake,USGS,real_downloaded,34.639,-118.5781667,magnitude,1.45,"13 km WSW of Lake Hughes, CA"
ci40977327,2025-05-27,earthquake,USGS,real_downloaded,34.2535,-118.6698333,magnitude,1.89,"6 km W of Chatsworth, CA"
ci40978015,2025-05-27,earthquake,USGS,real_downloaded,33.864,-117.834,magnitude,1.65,"3 km SW of Yorba Linda, CA"
ci40978263,2025-05-28,earthquake,USGS,real_downloaded,34.22,-118.6756667,magnitude,1.25,"4 km NW of West Hills, CA"
ci40978295,2025-05-28,earthquake,USGS,real_downloaded,34.0436667,-118.0946667,magnitude,1.12,"3 km SE of Monterey Park, CA"
ci40978495,2025-05-28,earthquake,USGS,real_downloaded,34.2186667,-118.6848333,magnitude,1.06,"4 km WNW of West Hills, CA"
ci40979919,2025-05-29,earthquake,USGS,real_downloaded,34.2618333,-118.4766667,magnitude,1.11,"2 km ESE of Granada Hills, CA"
ci40980695,2025-05-30,earthquake,USGS,real_downloaded,34.0825,-117.8176667,magnitude,1.2,"3 km SSW of San Dimas, CA"
ci40980727,2025-05-30,earthquake,USGS,real_downloaded,34.2696667,-118.4263333,magnitude,1.38,"1 km NW of Pacoima, CA"
ci40980799,2025-05-30,earthquake,USGS,real_downloaded,34.0921667,-117.8051667,magnitude,1.18,"2 km S of San Dimas, CA"
ci40980815,2025-05-30,earthquake,USGS,real_downloaded,32.759,-118.0845,magnitude,2.63,"25 km ESE of San Clemente Is. (SE tip), CA"
ci40981719,2025-05-31,earthquake,USGS,real_downloaded,33.8648333,-117.685,magnitude,1.37,"11 km W of Corona, CA"
ci40982303,2025-06-01,earthquake,USGS,real_downloaded,33.8841667,-118.1768333,magnitude,1.5,"2 km WSW of Paramount, CA"
ci40982487,2025-06-01,earthquake,USGS,real_downloaded,33.9378333,-117.9996667,magnitude,1.95,"3 km NNE of La Mirada, CA"
ci40982647,2025-06-02,earthquake,USGS,real_downloaded,34.1466667,-117.7446667,magnitude,1.17,"6 km NNE of La Verne, CA"
ci40982751,2025-06-02,earthquake,USGS,real_downloaded,33.7511667,-118.2166667,magnitude,2.35,"7 km ENE of San Pedro, CA"
ci40982831,2025-06-02,earthquake,USGS,real_downloaded,33.9523333,-117.9985,magnitude,1.28,"4 km ESE of South Whittier, CA"
ci40982911,2025-06-02,earthquake,USGS,real_downloaded,34.7066667,-118.5311667,magnitude,1.4,"8 km WNW of Lake Hughes, CA"
ci40982935,2025-06-02,earthquake,USGS,real_downloaded,34.2706667,-118.4288333,magnitude,1.67,"1 km NW of Pacoima, CA"
ci40983231,2025-06-03,earthquake,USGS,real_downloaded,34.4218333,-118.9081667,magnitude,1.58,"3 km NNE of Fillmore, CA"
ci40983271,2025-06-03,earthquake,USGS,real_downloaded,33.893,-117.8473333,magnitude,1.13,"3 km NE of Placentia, CA"
ci41170272,2025-06-04,earthquake,USGS,real_downloaded,34.1778333,-118.058,magnitude,1.62,"2 km NNW of Sierra Madre, CA"
ci41174752,2025-06-04,earthquake,USGS,real_downloaded,34.1533333,-118.364,magnitude,1.29,"2 km NNW of Universal City, CA"
ci41177688,2025-06-07,earthquake,USGS,real_downloaded,34.1341667,-117.7725,magnitude,1.17,"4 km N of La Verne, CA"
ci41178280,2025-06-07,earthquake,USGS,real_downloaded,34.1748333,-118.0591667,magnitude,1.68,"2 km NNW of Sierra Madre, CA"
ci41178984,2025-06-08,earthquake,USGS,real_downloaded,33.9006667,-117.6665,magnitude,1.27,"10 km WNW of Corona, CA"
ci41179024,2025-06-08,earthquake,USGS,real_downloaded,33.8698333,-117.6938333,magnitude,1.35,"11 km E of Yorba Linda, CA"
ci41180208,2025-06-09,earthquake,USGS,real_downloaded,33.9666667,-118.2305,magnitude,2.49,"0 km WSW of Walnut Park, CA"
ci41181152,2025-06-10,earthquake,USGS,real_downloaded,34.6096667,-118.6306667,magnitude,1.3,"13 km N of Castaic, CA"
ci41181176,2025-06-10,earthquake,USGS,real_downloaded,34.5196667,-118.1036667,magnitude,1.0,"2 km NNE of Vincent, CA"
ci41181320,2025-06-10,earthquake,USGS,real_downloaded,34.1643333,-117.6548333,magnitude,1.73,"8 km N of Upland, CA"
ci41181776,2025-06-10,earthquake,USGS,real_downloaded,33.8271667,-118.5516667,magnitude,3.25,"14 km WSW of Manhattan Beach, CA"
ci41181784,2025-06-10,earthquake,USGS,real_downloaded,34.174,-118.056,magnitude,1.47,"1 km NNW of Sierra Madre, CA"
ci41182240,2025-06-11,earthquake,USGS,real_downloaded,34.1555,-118.36,magnitude,1.48,"2 km NNW of Universal City, CA"
ci41182336,2025-06-11,earthquake,USGS,real_downloaded,33.9118333,-118.6091667,magnitude,1.83,"14 km S of Las Flores, CA"
ci40990855,2025-06-11,earthquake,USGS,real_downloaded,34.1726667,-117.9258333,magnitude,1.01,"5 km NNW of Azusa, CA"
ci40991631,2025-06-11,earthquake,USGS,real_downloaded,34.1558333,-118.3665,magnitude,1.34,"2 km SSE of North Hollywood, CA"
ci40992487,2025-06-12,earthquake,USGS,real_downloaded,34.125,-118.7931667,magnitude,1.12,"2 km SW of Agoura Hills, CA"
ci40993615,2025-06-13,earthquake,USGS,real_downloaded,34.1575,-118.3633333,magnitude,1.31,"2 km SE of North Hollywood, CA"
ci40993655,2025-06-13,earthquake,USGS,real_downloaded,33.986,-118.9261667,magnitude,1.34,"11 km W of Malibu, CA"
ci40994543,2025-06-14,earthquake,USGS,real_downloaded,34.2946667,-118.4868333,magnitude,1.27,"3 km NNE of Granada Hills, CA"
ci40995615,2025-06-16,earthquake,USGS,real_downloaded,34.1118333,-117.968,magnitude,1.76,"3 km NNW of Baldwin Park, CA"
ci40995959,2025-06-16,earthquake,USGS,real_downloaded,34.3716667,-118.6308333,magnitude,1.26,"11 km SSW of Valencia, CA"
ci40996159,2025-06-16,earthquake,USGS,real_downloaded,34.5196667,-118.098,magnitude,1.48,"3 km NE of Vincent, CA"
ci40996647,2025-06-17,earthquake,USGS,real_downloaded,33.8708333,-117.7721667,magnitude,1.73,"4 km ESE of Yorba Linda, CA"
ci40999479,2025-06-20,earthquake,USGS,real_downloaded,34.1548333,-118.3518333,magnitude,1.08,"2 km N of Universal City, CA"
ci40999535,2025-06-20,earthquake,USGS,real_downloaded,34.0818333,-118.1791667,magnitude,1.06,"5 km SSE of Highland Park, CA"
ci41000487,2025-06-21,earthquake,USGS,real_downloaded,33.8775,-118.2941667,magnitude,1.83,"2 km SE of Gardena, CA"
ci41000711,2025-06-21,earthquake,USGS,real_downloaded,33.4285,-117.6748333,magnitude,1.41,"5 km SSE of Dana Point, CA"
ci41000847,2025-06-22,earthquake,USGS,real_downloaded,34.5213333,-118.0955,magnitude,1.16,"3 km NE of Vincent, CA"
ci41000887,2025-06-22,earthquake,USGS,real_downloaded,34.023,-118.1831667,magnitude,1.2,"2 km SW of East Los Angeles, CA"
ci41002055,2025-06-23,earthquake,USGS,real_downloaded,34.215,-118.5268333,magnitude,1.58,"2 km NNE of Reseda, CA"
ci41002335,2025-06-24,earthquake,USGS,real_downloaded,33.8841667,-117.8005,magnitude,1.82,"1 km ESE of Yorba Linda, CA"
ci41002375,2025-06-24,earthquake,USGS,real_downloaded,34.5266667,-118.088,magnitude,1.32,"4 km NE of Vincent, CA"
ci41002943,2025-06-24,earthquake,USGS,real_downloaded,34.1615,-118.4366667,magnitude,2.67,"2 km NE of Sherman Oaks, CA"
ci41003495,2025-06-25,earthquake,USGS,real_downloaded,33.9285,-118.4476667,magnitude,1.3,"3 km WNW of El Segundo, CA"
ci41004439,2025-06-25,earthquake,USGS,real_downloaded,34.518,-118.9356667,magnitude,1.66,"13 km N of Fillmore, CA"
ci41004543,2025-06-26,earthquake,USGS,real_downloaded,34.5208333,-118.9326667,magnitude,1.94,"14 km N of Fillmore, CA"
ci41004591,2025-06-26,earthquake,USGS,real_downloaded,34.5133333,-118.9323333,magnitude,1.98,"13 km N of Fillmore, CA"
ci41005015,2025-06-26,earthquake,USGS,real_downloaded,34.1848333,-117.7586667,magnitude,1.58,"9 km N of La Verne, CA"
ci41006783,2025-06-27,earthquake,USGS,real_downloaded,34.1546667,-118.3606667,magnitude,1.41,"2 km NNW of Universal City, CA"
ci41007095,2025-06-28,earthquake,USGS,real_downloaded,34.527,-118.944,magnitude,1.77,"14 km N of Fillmore, CA"
ci41007119,2025-06-28,earthquake,USGS,real_downloaded,34.5141667,-118.9361667,magnitude,2.23,"13 km N of Fillmore, CA"
ci41007247,2025-06-28,earthquake,USGS,real_downloaded,33.8013333,-118.1733333,magnitude,1.36,"1 km SW of Signal Hill, CA"
ci41008271,2025-06-29,earthquake,USGS,real_downloaded,33.7891667,-118.1531667,magnitude,1.21,"2 km SSE of Long Beach, CA"
ci41008279,2025-06-29,earthquake,USGS,real_downloaded,33.7901667,-118.1623333,magnitude,1.45,"2 km SSW of Long Beach, CA"
ci41008711,2025-06-29,earthquake,USGS,real_downloaded,34.2793333,-118.4716667,magnitude,1.98,"3 km ENE of Granada Hills, CA"
ci41008847,2025-06-29,earthquake,USGS,real_downloaded,34.2845,-118.6646667,magnitude,1.32,"6 km WNW of Chatsworth, CA"
ci41009447,2025-06-30,earthquake,USGS,real_downloaded,34.511,-118.9301667,magnitude,1.41,"12 km N of Fillmore, CA"
ci41009975,2025-06-30,earthquake,USGS,real_downloaded,34.5073333,-118.9371667,magnitude,2.21,"12 km N of Fillmore, CA"
ci41010111,2025-06-30,earthquake,USGS,real_downloaded,34.2086667,-117.9888333,magnitude,1.62,"7 km N of Monrovia, CA"
ci41013223,2025-07-03,earthquake,USGS,real_downloaded,33.8721667,-117.8303333,magnitude,1.49,"2 km SW of Yorba Linda, CA"
ci41013327,2025-07-03,earthquake,USGS,real_downloaded,34.0088333,-118.3201667,magnitude,1.54,"3 km ENE of View Park-Windsor Hills, CA"
ci41014127,2025-07-04,earthquake,USGS,real_downloaded,33.6733333,-118.2523333,magnitude,1.42,"8 km SSE of San Pedro, CA"
ci41014151,2025-07-04,earthquake,USGS,real_downloaded,33.678,-118.2395,magnitude,1.58,"8 km SE of San Pedro, CA"
ci41014175,2025-07-04,earthquake,USGS,real_downloaded,33.6835,-118.2445,magnitude,1.11,"7 km SE of San Pedro, CA"
ci41014255,2025-07-04,earthquake,USGS,real_downloaded,33.6591667,-118.229,magnitude,1.18,"10 km SE of San Pedro, CA"
ci41014279,2025-07-04,earthquake,USGS,real_downloaded,33.6683333,-118.2443333,magnitude,2.54,"9 km SSE of San Pedro, CA"
ci41014359,2025-07-04,earthquake,USGS,real_downloaded,33.6688333,-118.2471667,magnitude,2.46,"8 km SSE of San Pedro, CA"
ci41014407,2025-07-04,earthquake,USGS,real_downloaded,34.155,-118.3573333,magnitude,1.92,"2 km NNW of Universal City, CA"
ci41014599,2025-07-05,earthquake,USGS,real_downloaded,33.6248333,-118.1825,magnitude,1.88,"15 km SSW of Seal Beach, CA"
ci41014671,2025-07-05,earthquake,USGS,real_downloaded,34.064,-118.926,magnitude,1.74,"12 km WNW of Malibu, CA"
ci41014711,2025-07-05,earthquake,USGS,real_downloaded,33.6656667,-118.2273333,magnitude,1.66,"10 km SE of San Pedro, CA"
ci41014719,2025-07-05,earthquake,USGS,real_downloaded,33.5605,-118.5423333,magnitude,1.59,"25 km SW of Rancho Palos Verdes, CA"
ci41014727,2025-07-05,earthquake,USGS,real_downloaded,33.6838333,-118.2438333,magnitude,1.21,"7 km SE of San Pedro, CA"
ci41015199,2025-07-06,earthquake,USGS,real_downloaded,33.5736667,-117.8555,magnitude,1.44,"5 km SSW of San Joaquin Hills, CA"
ci41015239,2025-07-06,earthquake,USGS,real_downloaded,33.812,-117.8666667,magnitude,1.4,"3 km WNW of Orange, CA"
ci41015391,2025-07-06,earthquake,USGS,real_downloaded,33.632,-117.897,magnitude,1.28,"3 km ENE of Newport Beach, CA"
ci41015431,2025-07-06,earthquake,USGS,real_downloaded,34.0283333,-118.4458333,magnitude,1.38,"3 km SSW of Westwood, CA"
ci41015815,2025-07-07,earthquake,USGS,real_downloaded,33.964,-118.1988333,magnitude,2.19,"1 km WNW of Cudahy, CA"
ci41016623,2025-07-08,earthquake,USGS,real_downloaded,33.5831667,-118.0418333,magnitude,1.64,"11 km WSW of Newport Beach, CA"
ci41016719,2025-07-08,earthquake,USGS,real_downloaded,34.1423333,-118.456,magnitude,1.07,"1 km SW of Sherman Oaks, CA"
ci41017367,2025-07-08,earthquake,USGS,real_downloaded,33.8848333,-117.7215,magnitude,1.26,"8 km E of Yorba Linda, CA"
ci41018039,2025-07-09,earthquake,USGS,real_downloaded,33.8936667,-117.8606667,magnitude,2.05,"2 km NNE of Placentia, CA"
ci41018471,2025-07-10,earthquake,USGS,real_downloaded,33.0875,-117.9073333,magnitude,1.44,"46 km SSW of Dana Point, CA"
ci41019103,2025-07-10,earthquake,USGS,real_downloaded,34.0028333,-118.427,magnitude,1.62,"3 km NE of Marina del Rey, CA"
ci41021223,2025-07-12,earthquake,USGS,real_downloaded,33.9718333,-117.8753333,magnitude,1.09,"3 km E of Rowland Heights, CA"
ci41021455,2025-07-13,earthquake,USGS,real_downloaded,33.8675,-117.7678333,magnitude,1.36,"5 km ESE of Yorba Linda, CA"
ci41021959,2025-07-13,earthquake,USGS,real_downloaded,33.8706667,-117.7638333,magnitude,2.13,"5 km ESE of Yorba Linda, CA"
ci41022143,2025-07-14,earthquake,USGS,real_downloaded,33.8465,-117.6543333,magnitude,1.16,"8 km WSW of Corona, CA"
ci41022815,2025-07-15,earthquake,USGS,real_downloaded,33.8525,-117.7178333,magnitude,1.35,"10 km ESE of Yorba Linda, CA"
ci41023215,2025-07-15,earthquake,USGS,real_downloaded,34.5191667,-118.9373333,magnitude,2.37,"14 km N of Fillmore, CA"
ci41023759,2025-07-16,earthquake,USGS,real_downloaded,34.518,-118.9365,magnitude,2.66,"13 km N of Fillmore, CA"
ci41023879,2025-07-16,earthquake,USGS,real_downloaded,34.5175,-118.9445,magnitude,2.12,"13 km N of Fillmore, CA"
ci41024095,2025-07-16,earthquake,USGS,real_downloaded,34.5156667,-118.9491667,magnitude,1.69,"13 km NNW of Fillmore, CA"
ci41024111,2025-07-16,earthquake,USGS,real_downloaded,34.5108333,-118.9358333,magnitude,1.53,"12 km N of Fillmore, CA"
ci41024447,2025-07-16,earthquake,USGS,real_downloaded,34.5115,-118.941,magnitude,1.54,"13 km N of Fillmore, CA"
ci41027239,2025-07-21,earthquake,USGS,real_downloaded,34.2175,-118.6458333,magnitude,1.1,"2 km N of West Hills, CA"
ci41027279,2025-07-21,earthquake,USGS,real_downloaded,33.961,-118.397,magnitude,1.19,"5 km W of Inglewood, CA"
ci41028351,2025-07-22,earthquake,USGS,real_downloaded,34.3865,-117.6551667,magnitude,1.48,"4 km NW of Wrightwood, CA"
ci41028519,2025-07-22,earthquake,USGS,real_downloaded,33.5443333,-118.2508333,magnitude,3.01,"22 km S of San Pedro, CA"
ci37548365,2025-07-22,earthquake,USGS,real_downloaded,33.536,-118.2726667,magnitude,2.21,"22 km NNE of Avalon, CA"
ci37548229,2025-07-24,earthquake,USGS,real_downloaded,33.6291667,-118.3778333,magnitude,1.57,"13 km S of Rancho Palos Verdes, CA"
ci41031135,2025-07-24,earthquake,USGS,real_downloaded,33.9283333,-117.7745,magnitude,1.2,"6 km NE of Yorba Linda, CA"
ci41031711,2025-07-25,earthquake,USGS,real_downloaded,33.8485,-117.6546667,magnitude,1.49,"8 km WSW of Corona, CA"
ci41032495,2025-07-25,earthquake,USGS,real_downloaded,33.9638333,-117.885,magnitude,1.19,"2 km SE of Rowland Heights, CA"
ci41032687,2025-07-26,earthquake,USGS,real_downloaded,33.5501667,-117.7175,magnitude,1.75,"2 km SSE of Aliso Viejo, CA"
ci41032735,2025-07-26,earthquake,USGS,real_downloaded,33.6245,-118.3748333,magnitude,1.96,"13 km S of Rancho Palos Verdes, CA"
ci41032759,2025-07-26,earthquake,USGS,real_downloaded,32.9303333,-117.7768333,magnitude,1.44,"47 km WSW of Encinitas, CA"
ci41033255,2025-07-26,earthquake,USGS,real_downloaded,33.5593333,-118.1736667,magnitude,1.78,"21 km SSW of Seal Beach, CA"
ci41033887,2025-07-27,earthquake,USGS,real_downloaded,33.726,-118.4258333,magnitude,2.09,"4 km WSW of Rancho Palos Verdes, CA"
ci41033927,2025-07-27,earthquake,USGS,real_downloaded,33.714,-118.4436667,magnitude,1.73,"6 km WSW of Rancho Palos Verdes, CA"
ci41034079,2025-07-28,earthquake,USGS,real_downloaded,33.9943333,-118.2191667,magnitude,1.52,"2 km NNE of Huntington Park, CA"
ci41035039,2025-07-28,earthquake,USGS,real_downloaded,34.123,-118.5065,magnitude,1.37,"4 km S of Encino, CA"
ci41035287,2025-07-29,earthquake,USGS,real_downloaded,33.8333333,-117.7211667,magnitude,1.04,"9 km ENE of Villa Park, CA"
ci41245312,2025-07-30,earthquake,USGS,real_downloaded,34.1708333,-118.0133333,magnitude,1.02,"3 km NNW of Monrovia, CA"
ci41250816,2025-08-01,earthquake,USGS,real_downloaded,34.58,-117.9798333,magnitude,1.28,"7 km N of Littlerock, CA"
ci41250952,2025-08-01,earthquake,USGS,real_downloaded,34.3751667,-118.631,magnitude,1.9,"10 km SSW of Valencia, CA"
ci41251232,2025-08-02,earthquake,USGS,real_downloaded,34.4638333,-117.9628333,magnitude,1.08,"7 km SSE of Littlerock, CA"
ci41255296,2025-08-07,earthquake,USGS,real_downloaded,34.0803333,-118.197,magnitude,1.34,"4 km S of Highland Park, CA"
ci41255448,2025-08-07,earthquake,USGS,real_downloaded,34.0753333,-118.2016667,magnitude,1.01,"5 km ENE of Los Angeles, CA"
ci41256088,2025-08-08,earthquake,USGS,real_downloaded,34.4696667,-117.9513333,magnitude,1.0,"6 km SW of Pearblossom, CA"
ci41257080,2025-08-09,earthquake,USGS,real_downloaded,33.9393333,-118.3611667,magnitude,1.22,"1 km W of Lennox, CA"
ci41257096,2025-08-09,earthquake,USGS,real_downloaded,33.9968333,-118.3485,magnitude,1.47,"0 km N of View Park-Windsor Hills, CA"
ci41257256,2025-08-09,earthquake,USGS,real_downloaded,34.8023333,-118.8835,magnitude,1.3,"3 km WNW of Gorman, CA"
ci41257392,2025-08-09,earthquake,USGS,real_downloaded,33.5831667,-118.2725,magnitude,1.77,"17 km S of San Pedro, CA"
ci41257472,2025-08-09,earthquake,USGS,real_downloaded,34.2723333,-118.6255,magnitude,1.21,"3 km NW of Chatsworth, CA"
ci41257672,2025-08-10,earthquake,USGS,real_downloaded,34.5128333,-118.8036667,magnitude,1.27,"11 km N of Piru, CA"
ci41258528,2025-08-11,earthquake,USGS,real_downloaded,34.449,-118.675,magnitude,1.4,"6 km SW of Castaic, CA"
ci41259040,2025-08-12,earthquake,USGS,real_downloaded,34.0145,-118.8133333,magnitude,1.52,"1 km NNW of Malibu, CA"
ci41259352,2025-08-12,earthquake,USGS,real_downloaded,33.2315,-118.0226667,magnitude,1.59,"31 km ESE of Avalon, CA"
ci41259712,2025-08-13,earthquake,USGS,real_downloaded,33.9246667,-118.0198333,magnitude,2.42,"1 km NW of La Mirada, CA"
ci41260352,2025-08-13,earthquake,USGS,real_downloaded,34.4673333,-118.0718333,magnitude,1.12,"6 km SE of Vincent, CA"
ci40401402,2025-08-17,earthquake,USGS,real_downloaded,34.0086667,-118.8811667,magnitude,1.35,"7 km W of Malibu, CA"
ci40403610,2025-08-20,earthquake,USGS,real_downloaded,33.824,-117.6666667,magnitude,2.19,"10 km WSW of Corona, CA"
ci41270448,2025-08-21,earthquake,USGS,real_downloaded,33.825,-117.6486667,magnitude,1.38,"9 km SW of Corona, CA"
ci41271456,2025-08-22,earthquake,USGS,real_downloaded,34.4771667,-118.0418333,magnitude,1.28,"7 km SW of Littlerock, CA"
ci41272120,2025-08-23,earthquake,USGS,real_downloaded,33.9198333,-118.6178333,magnitude,1.53,"13 km S of Las Flores, CA"
ci41274192,2025-08-25,earthquake,USGS,real_downloaded,33.9098333,-117.7488333,magnitude,1.03,"6 km ENE of Yorba Linda, CA"
ci41275664,2025-08-26,earthquake,USGS,real_downloaded,33.9293333,-117.8253333,magnitude,1.69,"5 km NNW of Yorba Linda, CA"
ci41276672,2025-08-27,earthquake,USGS,real_downloaded,33.7986667,-118.6295,magnitude,1.37,"22 km W of Palos Verdes Estates, CA"
ci41277416,2025-08-28,earthquake,USGS,real_downloaded,34.0116667,-118.7523333,magnitude,1.17,"5 km E of Malibu, CA"
ci41277952,2025-08-29,earthquake,USGS,real_downloaded,33.8303333,-117.6878333,magnitude,1.02,"12 km E of Villa Park, CA"
ci41280248,2025-08-31,earthquake,USGS,real_downloaded,34.511,-118.8068333,magnitude,1.33,"11 km N of Piru, CA"
ci41280496,2025-09-01,earthquake,USGS,real_downloaded,34.5523333,-118.2021667,magnitude,1.17,"9 km N of Acton, CA"
ci41280984,2025-09-01,earthquake,USGS,real_downloaded,33.8895,-118.2053333,magnitude,1.4,"2 km ESE of Compton, CA"
ci41281544,2025-09-02,earthquake,USGS,real_downloaded,34.0163333,-118.5198333,magnitude,1.4,"3 km W of Santa Monica, CA"
ci41281856,2025-09-02,earthquake,USGS,real_downloaded,34.4638333,-117.965,magnitude,1.0,"7 km SSE of Littlerock, CA"
ci41282112,2025-09-03,earthquake,USGS,real_downloaded,34.1153333,-118.5048333,magnitude,1.32,"5 km S of Encino, CA"
ci41282672,2025-09-04,earthquake,USGS,real_downloaded,34.4345,-117.8976667,magnitude,1.21,"8 km S of Pearblossom, CA"
ci41282968,2025-09-04,earthquake,USGS,real_downloaded,33.4428333,-117.6851667,magnitude,1.52,"3 km SSE of Dana Point, CA"
ci41283008,2025-09-04,earthquake,USGS,real_downloaded,33.4441667,-117.6788333,magnitude,1.62,"3 km SE of Dana Point, CA"
ci41283224,2025-09-04,earthquake,USGS,real_downloaded,33.4423333,-117.6763333,magnitude,1.1,"3 km SE of Dana Point, CA"
ci41283424,2025-09-04,earthquake,USGS,real_downloaded,34.027,-118.373,magnitude,1.85,"2 km ENE of Culver City, CA"
ci41283696,2025-09-05,earthquake,USGS,real_downloaded,34.3628333,-118.7366667,magnitude,1.34,"8 km SE of Piru, CA"
ci41284056,2025-09-05,earthquake,USGS,real_downloaded,34.0155,-118.8326667,magnitude,1.32,"2 km WNW of Malibu, CA"
ci41285168,2025-09-06,earthquake,USGS,real_downloaded,34.0603333,-118.9035,magnitude,1.32,"11 km NW of Malibu, CA"
ci41285224,2025-09-07,earthquake,USGS,real_downloaded,34.1883333,-117.7555,magnitude,3.41,"10 km N of La Verne, CA"
ci41285264,2025-09-07,earthquake,USGS,real_downloaded,34.1885,-117.759,magnitude,1.02,"10 km N of La Verne, CA"
ci41285384,2025-09-07,earthquake,USGS,real_downloaded,33.9,-117.887,magnitude,1.27,"2 km SSE of Brea, CA"
ci41285416,2025-09-07,earthquake,USGS,real_downloaded,34.0665,-118.8875,magnitude,1.15,"10 km NW of Malibu, CA"
ci41285480,2025-09-07,earthquake,USGS,real_downloaded,34.0601667,-118.8828333,magnitude,1.31,"9 km NW of Malibu, CA"
ci41285736,2025-09-07,earthquake,USGS,real_downloaded,33.8885,-117.7861667,magnitude,1.16,"2 km E of Yorba Linda, CA"
ci41286136,2025-09-08,earthquake,USGS,real_downloaded,34.0221667,-118.3691667,magnitude,2.34,"2 km N of Baldwin Hills, CA"
ci41286488,2025-09-08,earthquake,USGS,real_downloaded,33.8718333,-117.7718333,magnitude,1.2,"4 km ESE of Yorba Linda, CA"
ci41286592,2025-09-09,earthquake,USGS,real_downloaded,34.022,-118.3678333,magnitude,1.28,"2 km N of Baldwin Hills, CA"
ci41286752,2025-09-09,earthquake,USGS,real_downloaded,34.4481667,-117.9136667,magnitude,1.24,"6 km S of Pearblossom, CA"
ci41286768,2025-09-09,earthquake,USGS,real_downloaded,34.4511667,-117.9123333,magnitude,3.25,"6 km S of Pearblossom, CA"
ci41286920,2025-09-09,earthquake,USGS,real_downloaded,34.1423333,-118.3066667,magnitude,1.05,"4 km S of Burbank, CA"
ci41286928,2025-09-09,earthquake,USGS,real_downloaded,34.4363333,-117.8891667,magnitude,1.0,"8 km SSE of Pearblossom, CA"
ci41286960,2025-09-09,earthquake,USGS,real_downloaded,34.4335,-117.886,magnitude,1.84,"8 km SSE of Pearblossom, CA"
ci41288824,2025-09-11,earthquake,USGS,real_downloaded,34.4973333,-118.1241667,magnitude,1.12,"1 km WSW of Vincent, CA"
ci41289544,2025-09-12,earthquake,USGS,real_downloaded,34.7575,-118.8218333,magnitude,2.56,"5 km SSE of Gorman, CA"
ci41290056,2025-09-12,earthquake,USGS,real_downloaded,33.8761667,-117.6986667,magnitude,1.41,"11 km E of Yorba Linda, CA"
ci41290312,2025-09-13,earthquake,USGS,real_downloaded,34.3281667,-118.7076667,magnitude,2.41,"7 km NNE of Simi Valley, CA"
ci41290480,2025-09-13,earthquake,USGS,real_downloaded,34.32,-118.7103333,magnitude,1.42,"6 km NNE of Simi Valley, CA"
ci41290648,2025-09-13,earthquake,USGS,real_downloaded,34.4376667,-117.8936667,magnitude,1.99,"8 km S of Pearblossom, CA"
ci41290688,2025-09-13,earthquake,USGS,real_downloaded,34.4508333,-117.9186667,magnitude,1.07,"6 km S of Pearblossom, CA"
ci41291440,2025-09-14,earthquake,USGS,real_downloaded,33.0,-118.157,magnitude,1.9,"27 km NE of San Clemente Is. (SE tip), CA"
ci41292664,2025-09-17,earthquake,USGS,real_downloaded,34.2753333,-118.4891667,magnitude,1.07,"1 km ENE of Granada Hills, CA"
ci41292944,2025-09-17,earthquake,USGS,real_downloaded,33.8003333,-117.721,magnitude,1.91,"8 km ENE of North Tustin, CA"
ci40439570,2025-09-17,earthquake,USGS,real_downloaded,34.1225,-118.504,magnitude,1.75,"4 km S of Encino, CA"
ci40443090,2025-09-18,earthquake,USGS,real_downloaded,33.9505,-118.3953333,magnitude,1.41,"4 km NNE of El Segundo, CA"
ci40443098,2025-09-18,earthquake,USGS,real_downloaded,33.9508333,-118.3938333,magnitude,1.41,"4 km WNW of Lennox, CA"
ci40445050,2025-09-18,earthquake,USGS,real_downloaded,34.118,-118.2076667,magnitude,1.2,"1 km WSW of Highland Park, CA"
ci40445354,2025-09-19,earthquake,USGS,real_downloaded,33.9211667,-117.9741667,magnitude,1.51,"3 km WSW of La Habra, CA"
ci40447322,2025-09-21,earthquake,USGS,real_downloaded,34.4065,-117.7535,magnitude,1.07,"10 km SSE of Llano, CA"
ci40447578,2025-09-21,earthquake,USGS,real_downloaded,33.454,-117.69316666667,magnitude,1.06,"2 km SSE of Dana Point, CA"
ci40447914,2025-09-22,earthquake,USGS,real_downloaded,33.906,-118.5396667,magnitude,1.94,"12 km W of El Segundo, CA"
ci40447922,2025-09-22,earthquake,USGS,real_downloaded,34.0908333,-118.1795,magnitude,1.09,"4 km SSE of Highland Park, CA"
ci40448242,2025-09-22,earthquake,USGS,real_downloaded,34.4416667,-118.5995,magnitude,1.26,"3 km WSW of Valencia, CA"
ci40449514,2025-09-24,earthquake,USGS,real_downloaded,34.4496667,-117.9096667,magnitude,1.18,"6 km S of Pearblossom, CA"
ci41097391,2025-09-25,earthquake,USGS,real_downloaded,34.019,-118.3378333,magnitude,1.11,"3 km NNE of View Park-Windsor Hills, CA"
ci41097503,2025-09-25,earthquake,USGS,real_downloaded,34.2876667,-118.4466667,magnitude,1.75,"1 km W of San Fernando, CA"
ci41097831,2025-09-25,earthquake,USGS,real_downloaded,34.4605,-117.9698333,magnitude,1.02,"7 km S of Littlerock, CA"
ci41097911,2025-09-26,earthquake,USGS,real_downloaded,34.6048333,-118.6353333,magnitude,1.31,"13 km N of Castaic, CA"
ci41099391,2025-09-27,earthquake,USGS,real_downloaded,33.8603333,-118.2275,magnitude,1.28,"4 km S of Compton, CA"
ci41100831,2025-09-30,earthquake,USGS,real_downloaded,34.1618333,-117.6538333,magnitude,1.07,"7 km N of Upland, CA"
ci41100967,2025-09-30,earthquake,USGS,real_downloaded,33.8653333,-118.7223333,magnitude,2.18,"18 km SSE of Malibu, CA"
ci41101143,2025-09-30,earthquake,USGS,real_downloaded,33.9023333,-118.257,magnitude,1.88,"2 km S of Willowbrook, CA"
ci41101199,2025-10-01,earthquake,USGS,real_downloaded,34.0626667,-118.182,magnitude,1.01,"4 km NNW of East Los Angeles, CA"
ci41101215,2025-10-01,earthquake,USGS,real_downloaded,33.8983333,-118.2611667,magnitude,1.53,"2 km SSW of Willowbrook, CA"
ci41101551,2025-10-01,earthquake,USGS,real_downloaded,34.285,-118.5283333,magnitude,1.22,"3 km WNW of Granada Hills, CA"
ci41101863,2025-10-02,earthquake,USGS,real_downloaded,33.6751667,-118.0038333,magnitude,1.28,"2 km S of Huntington Beach, CA"
ci41102031,2025-10-03,earthquake,USGS,real_downloaded,34.0536667,-118.8218333,magnitude,1.02,"6 km NNW of Malibu, CA"
ci41102375,2025-10-04,earthquake,USGS,real_downloaded,34.81,-118.9066667,magnitude,1.09,"4 km ESE of Frazier Park, CA"
ci41103231,2025-10-05,earthquake,USGS,real_downloaded,34.5028333,-118.1301667,magnitude,1.05,"1 km WNW of Vincent, CA"
ci41103991,2025-10-06,earthquake,USGS,real_downloaded,34.7916667,-118.9031667,magnitude,1.25,"5 km W of Gorman, CA"
ci41104159,2025-10-06,earthquake,USGS,real_downloaded,34.488,-118.6901667,magnitude,2.64,"6 km W of Castaic, CA"
ci41104231,2025-10-07,earthquake,USGS,real_downloaded,33.8921667,-117.8275,magnitude,1.1,"1 km WNW of Yorba Linda, CA"
ci41104303,2025-10-07,earthquake,USGS,real_downloaded,33.9926667,-118.7006667,magnitude,1.51,"5 km SSW of Malibu Beach, CA"
ci41105191,2025-10-08,earthquake,USGS,real_downloaded,33.9996667,-118.7666667,magnitude,1.48,"4 km E of Malibu, CA"
ci41105527,2025-10-09,earthquake,USGS,real_downloaded,33.8806667,-117.7993333,magnitude,2.26,"2 km SE of Yorba Linda, CA"
ci41105647,2025-10-09,earthquake,USGS,real_downloaded,33.8476667,-117.7685,magnitude,1.22,"6 km NE of Villa Park, CA"
ci41105959,2025-10-09,earthquake,USGS,real_downloaded,32.8471667,-117.6568333,magnitude,1.79,"36 km W of La Jolla, CA"
ci41106367,2025-10-10,earthquake,USGS,real_downloaded,34.1406667,-117.9205,magnitude,1.1,"1 km WNW of Azusa, CA"
ci41106383,2025-10-10,earthquake,USGS,real_downloaded,34.5171667,-118.9385,magnitude,1.45,"13 km N of Fillmore, CA"
ci41106551,2025-10-11,earthquake,USGS,real_downloaded,34.0918333,-118.1786667,magnitude,1.32,"4 km SSE of Highland Park, CA"
ci41107071,2025-10-12,earthquake,USGS,real_downloaded,34.0456667,-118.2563333,magnitude,2.12,"1 km SW of Los Angeles, CA"
ci41107343,2025-10-13,earthquake,USGS,real_downloaded,34.0973333,-118.4005,magnitude,1.08,"3 km N of Beverly Hills, CA"
ci41107535,2025-10-13,earthquake,USGS,real_downloaded,33.9246667,-118.2996667,magnitude,1.26,"4 km NNE of Gardena, CA"
ci41107543,2025-10-13,earthquake,USGS,real_downloaded,33.9095,-118.2831667,magnitude,1.09,"3 km WSW of Willowbrook, CA"
ci37746092,2025-10-13,earthquake,USGS,real_downloaded,33.925,-118.3141667,magnitude,1.59,"4 km ENE of Hawthorne, CA"
ci41107551,2025-10-13,earthquake,USGS,real_downloaded,33.9228333,-118.3031667,magnitude,1.95,"4 km N of Gardena, CA"
ci41107559,2025-10-13,earthquake,USGS,real_downloaded,33.9215,-118.3065,magnitude,2.0,"4 km N of Gardena, CA"
ci41107567,2025-10-13,earthquake,USGS,real_downloaded,33.9278333,-118.3013333,magnitude,1.25,"4 km WNW of Willowbrook, CA"
ci41107583,2025-10-13,earthquake,USGS,real_downloaded,33.9226667,-118.2991667,magnitude,2.07,"4 km NNE of Gardena, CA"
ci41107599,2025-10-13,earthquake,USGS,real_downloaded,33.9208333,-118.2971667,magnitude,2.31,"4 km NNE of Gardena, CA"
ci41107623,2025-10-13,earthquake,USGS,real_downloaded,33.9263333,-118.3073333,magnitude,1.65,"4 km N of Gardena, CA"
ci41107639,2025-10-13,earthquake,USGS,real_downloaded,33.9755,-118.2778333,magnitude,1.2,"3 km WNW of Florence-Graham, CA"
ci41107687,2025-10-13,earthquake,USGS,real_downloaded,33.9201667,-118.2988333,magnitude,1.54,"4 km NNE of Gardena, CA"
ci41107695,2025-10-13,earthquake,USGS,real_downloaded,33.9181667,-118.3083333,magnitude,2.15,"3 km N of Gardena, CA"
ci41107895,2025-10-13,earthquake,USGS,real_downloaded,33.9286667,-118.3035,magnitude,1.66,"4 km N of Gardena, CA"
ci41107951,2025-10-13,earthquake,USGS,real_downloaded,33.9128333,-118.3265,magnitude,1.33,"2 km E of Hawthorne, CA"
ci41108871,2025-10-16,earthquake,USGS,real_downloaded,33.834,-117.8503333,magnitude,1.13,"4 km E of Anaheim, CA"
ci41108935,2025-10-16,earthquake,USGS,real_downloaded,34.0431667,-118.2578333,magnitude,1.74,"2 km SW of Los Angeles, CA"
ci41110631,2025-10-18,earthquake,USGS,real_downloaded,33.7508333,-118.3201667,magnitude,1.14,"3 km WNW of San Pedro, CA"
ci41111071,2025-10-19,earthquake,USGS,real_downloaded,34.0088333,-118.5536667,magnitude,1.23,"6 km WSW of Santa Monica, CA"
ci41111151,2025-10-19,earthquake,USGS,real_downloaded,34.0526667,-118.9301667,magnitude,1.42,"12 km WNW of Malibu, CA"
ci41111183,2025-10-19,earthquake,USGS,real_downloaded,33.9658333,-118.0593333,magnitude,1.14,"2 km WNW of South Whittier, CA"
ci41111295,2025-10-19,earthquake,USGS,real_downloaded,33.96,-118.7941667,magnitude,1.65,"5 km SSE of Malibu, CA"
ci41111559,2025-10-20,earthquake,USGS,real_downloaded,34.452,-117.9161667,magnitude,1.11,"6 km S of Pearblossom, CA"
ci41112127,2025-10-21,earthquake,USGS,real_downloaded,33.8831667,-118.5978333,magnitude,1.83,"17 km WSW of El Segundo, CA"
ci41319624,2025-10-25,earthquake,USGS,real_downloaded,33.9853333,-118.5115,magnitude,1.49,"4 km SSW of Santa Monica, CA"
ci41319976,2025-10-25,earthquake,USGS,real_downloaded,34.4463333,-117.9313333,magnitude,1.39,"7 km SSW of Pearblossom, CA"
ci41320304,2025-10-26,earthquake,USGS,real_downloaded,34.3015,-118.4005,magnitude,1.06,"4 km ENE of San Fernando, CA"
ci41320528,2025-10-26,earthquake,USGS,real_downloaded,33.9765,-118.7968333,magnitude,1.69,"3 km SSE of Malibu, CA"
ci41320752,2025-10-27,earthquake,USGS,real_downloaded,33.638,-117.9965,magnitude,1.83,"6 km S of Huntington Beach, CA"
ci41320832,2025-10-27,earthquake,USGS,real_downloaded,33.8701667,-117.766,magnitude,1.52,"5 km ESE of Yorba Linda, CA"
ci41320840,2025-10-27,earthquake,USGS,real_downloaded,33.635,-117.999,magnitude,2.56,"6 km S of Huntington Beach, CA"
ci41321152,2025-10-27,earthquake,USGS,real_downloaded,34.147,-118.3613333,magnitude,1.39,"1 km NW of Universal City, CA"
ci41321232,2025-10-28,earthquake,USGS,real_downloaded,33.6385,-117.9958333,magnitude,1.95,"6 km S of Huntington Beach, CA"
ci41321888,2025-10-29,earthquake,USGS,real_downloaded,34.0556667,-118.9076667,magnitude,1.7,"11 km WNW of Malibu, CA"
ci41322992,2025-10-31,earthquake,USGS,real_downloaded,34.0351667,-118.9246667,magnitude,1.91,"11 km WNW of Malibu, CA"
ci41323528,2025-11-01,earthquake,USGS,real_downloaded,33.8188333,-117.6568333,magnitude,1.24,"10 km SW of Corona, CA"
ci41323760,2025-11-01,earthquake,USGS,real_downloaded,33.8261667,-118.5891667,magnitude,2.0,"18 km WSW of Manhattan Beach, CA"
ci40480930,2025-11-04,earthquake,USGS,real_downloaded,34.7761667,-118.9473333,magnitude,1.71,"5 km S of Frazier Park, CA"
ci40481154,2025-11-05,earthquake,USGS,real_downloaded,34.1606667,-117.821,magnitude,1.82,"5 km NE of Glendora, CA"
ci40481386,2025-11-05,earthquake,USGS,real_downloaded,34.103,-117.7768333,magnitude,1.93,"1 km WNW of La Verne, CA"
ci40482154,2025-11-07,earthquake,USGS,real_downloaded,33.809,-118.31,magnitude,1.51,"2 km NNE of Lomita, CA"
ci40482386,2025-11-07,earthquake,USGS,real_downloaded,34.177333333333,-117.9285,magnitude,1.01,"5 km NE of Bradbury, CA"
ci40482458,2025-11-08,earthquake,USGS,real_downloaded,34.0146667,-118.334,magnitude,1.31,"2 km NNE of View Park-Windsor Hills, CA"
ci40483138,2025-11-10,earthquake,USGS,real_downloaded,34.4465,-117.9085,magnitude,1.14,"7 km S of Pearblossom, CA"
ci40484738,2025-11-13,earthquake,USGS,real_downloaded,34.1698333,-118.189,magnitude,1.06,"3 km S of La Canada Flintridge, CA"
ci40485082,2025-11-14,earthquake,USGS,real_downloaded,33.8786667,-117.7968333,magnitude,1.12,"2 km SE of Yorba Linda, CA"
ci41123287,2025-11-18,earthquake,USGS,real_downloaded,34.173,-117.7095,magnitude,1.0,"9 km N of Claremont, CA"
ci41125047,2025-11-20,earthquake,USGS,real_downloaded,34.542666666667,-118.67566666667,magnitude,1.76,"8 km NW of Castaic, CA"
ci41125063,2025-11-20,earthquake,USGS,real_downloaded,33.952833333333,-118.73583333333,magnitude,2.46,"9 km SE of Malibu, CA"
ci41126383,2025-11-24,earthquake,USGS,real_downloaded,33.897166666667,-118.73266666667,magnitude,1.44,"14 km SSE of Malibu, CA"
ci41126407,2025-11-24,earthquake,USGS,real_downloaded,34.117,-118.5065,magnitude,1.43,"5 km S of Encino, CA"
ci41127919,2025-11-27,earthquake,USGS,real_downloaded,32.860666666667,-117.76016666667,magnitude,1.82,"45 km W of La Jolla, CA"
ci41127999,2025-11-27,earthquake,USGS,real_downloaded,34.0545,-117.94583333333,magnitude,1.4,"1 km N of Valinda, CA"
ci41128447,2025-11-28,earthquake,USGS,real_downloaded,33.913333333333,-117.80133333333,magnitude,1.09,"3 km NNE of Yorba Linda, CA"
ci41128783,2025-11-28,earthquake,USGS,real_downloaded,33.757666666667,-118.11216666667,magnitude,1.18,"2 km NNW of Seal Beach, CA"
ci41128823,2025-11-28,earthquake,USGS,real_downloaded,33.833166666667,-117.71966666667,magnitude,1.06,"9 km ENE of Villa Park, CA"
ci41129151,2025-11-29,earthquake,USGS,real_downloaded,34.317,-118.2255,magnitude,1.33,"9 km N of La Crescenta-Montrose, CA"
ci41129711,2025-11-30,earthquake,USGS,real_downloaded,32.8435,-118.44833333333,magnitude,2.89,"10 km WNW of San Clemente Is. (SE tip), CA"
ci41129903,2025-11-30,earthquake,USGS,real_downloaded,34.164,-117.65166666667,magnitude,1.75,"7 km N of Upland, CA"
ci41131383,2025-12-03,earthquake,USGS,real_downloaded,34.608333333333,-118.601,magnitude,1.21,"13 km N of Castaic, CA"
ci41131503,2025-12-03,earthquake,USGS,real_downloaded,33.763333333333,-118.71266666667,magnitude,1.86,"28 km SSE of Malibu, CA"
ci41132383,2025-12-04,earthquake,USGS,real_downloaded,33.8165,-118.5965,magnitude,2.02,"19 km WSW of Manhattan Beach, CA"
ci41132903,2025-12-05,earthquake,USGS,real_downloaded,32.885333333333,-118.011,magnitude,2.54,"32 km ENE of San Clemente Is. (SE tip), CA"
ci41132911,2025-12-05,earthquake,USGS,real_downloaded,32.892666666667,-118.00083333333,magnitude,2.37,"33 km ENE of San Clemente Is. (SE tip), CA"
ci41133463,2025-12-05,earthquake,USGS,real_downloaded,34.171166666667,-117.92783333333,magnitude,1.08,"5 km NNW of Azusa, CA"
ci41134191,2025-12-06,earthquake,USGS,real_downloaded,33.904,-118.694,magnitude,1.32,"14 km S of Malibu Beach, CA"
ci41134183,2025-12-06,earthquake,USGS,real_downloaded,33.904,-118.68833333333,magnitude,1.02,"14 km S of Malibu Beach, CA"
ci41135791,2025-12-09,earthquake,USGS,real_downloaded,34.272666666667,-118.57383333333,magnitude,1.35,"3 km ENE of Chatsworth, CA"
ci41135815,2025-12-09,earthquake,USGS,real_downloaded,33.798166666667,-118.551,magnitude,1.3,"15 km W of Palos Verdes Estates, CA"
ci10209678,2025-12-09,earthquake,USGS,real_downloaded,34.084833333333,-118.84166666667,magnitude,1.18,"8 km SSW of Westlake Village, CA"
ci41135983,2025-12-09,earthquake,USGS,real_downloaded,34.077333333333,-118.8275,magnitude,1.45,"8 km SSW of Westlake Village, CA"
ci41136791,2025-12-10,earthquake,USGS,real_downloaded,33.9595,-118.40166666667,magnitude,1.45,"5 km NNE of El Segundo, CA"
ci41137071,2025-12-11,earthquake,USGS,real_downloaded,34.160166666667,-117.78716666667,magnitude,1.72,"6 km NNE of San Dimas, CA"
ci41350264,2025-12-12,earthquake,USGS,real_downloaded,34.086666666667,-118.17383333333,magnitude,1.01,"4 km SSW of South Pasadena, CA"
ci41350272,2025-12-12,earthquake,USGS,real_downloaded,33.553666666667,-118.22683333333,magnitude,1.82,"21 km SSE of San Pedro, CA"
ci41350328,2025-12-12,earthquake,USGS,real_downloaded,33.858333333333,-117.80983333333,magnitude,1.18,"3 km S of Yorba Linda, CA"
ci41351072,2025-12-13,earthquake,USGS,real_downloaded,33.9005,-117.863,magnitude,1.17,"3 km NNE of Placentia, CA"
ci41351448,2025-12-14,earthquake,USGS,real_downloaded,33.678,-117.934,magnitude,1.5,"2 km NW of Costa Mesa, CA"
ci41351464,2025-12-14,earthquake,USGS,real_downloaded,33.687166666667,-117.941,magnitude,1.01,"3 km SSE of Fountain Valley, CA"
ci41351648,2025-12-14,earthquake,USGS,real_downloaded,33.894333333333,-117.87433333333,magnitude,1.06,"2 km N of Placentia, CA"
ci41351672,2025-12-14,earthquake,USGS,real_downloaded,34.505833333333,-118.84233333333,magnitude,1.06,"11 km NNW of Piru, CA"
ci41351872,2025-12-14,earthquake,USGS,real_downloaded,34.011833333333,-118.2635,magnitude,1.34,"5 km NW of Huntington Park, CA"
ci41351904,2025-12-14,earthquake,USGS,real_downloaded,33.863166666667,-117.74616666667,magnitude,1.4,"7 km ESE of Yorba Linda, CA"
ci41351960,2025-12-15,earthquake,USGS,real_downloaded,34.036,-118.687,magnitude,1.31,"0 km NNE of Malibu Beach, CA"
ci41352128,2025-12-15,earthquake,USGS,real_downloaded,34.236666666667,-117.89083333333,magnitude,1.22,"11 km NNW of Glendora, CA"
ci41352736,2025-12-16,earthquake,USGS,real_downloaded,32.900166666667,-118.00283333333,magnitude,1.85,"33 km ENE of San Clemente Is. (SE tip), CA"
ci41353312,2025-12-17,earthquake,USGS,real_downloaded,33.912333333333,-118.54383333333,magnitude,1.15,"11 km SW of Marina del Rey, CA"
ci41141927,2025-12-18,earthquake,USGS,real_downloaded,33.9085,-118.63383333333,magnitude,1.92,"14 km S of Las Flores, CA"
ci41143015,2025-12-19,earthquake,USGS,real_downloaded,34.179,-117.92533333333,magnitude,1.11,"5 km NNW of Azusa, CA"
ci41144775,2025-12-21,earthquake,USGS,real_downloaded,34.4045,-118.41916666667,magnitude,1.97,"8 km E of Santa Clarita, CA"
ci41145023,2025-12-22,earthquake,USGS,real_downloaded,34.1475,-118.36316666667,magnitude,1.29,"1 km NW of Universal City, CA"
ci41145119,2025-12-22,earthquake,USGS,real_downloaded,33.742833333333,-118.83166666667,magnitude,1.94,"29 km S of Malibu, CA"
ci41145143,2025-12-22,earthquake,USGS,real_downloaded,34.1525,-118.3605,magnitude,1.31,"2 km NNW of Universal City, CA"
ci41145151,2025-12-22,earthquake,USGS,real_downloaded,34.148166666667,-118.36283333333,magnitude,1.24,"1 km NW of Universal City, CA"
ci41145183,2025-12-22,earthquake,USGS,real_downloaded,34.155833333333,-118.36116666667,magnitude,1.69,"2 km NNW of Universal City, CA"
ci41145599,2025-12-22,earthquake,USGS,real_downloaded,34.526666666667,-118.93516666667,magnitude,1.28,"14 km N of Fillmore, CA"
ci41145983,2025-12-23,earthquake,USGS,real_downloaded,34.019,-118.80516666667,magnitude,1.96,"2 km NNE of Malibu, CA"
ci41146519,2025-12-24,earthquake,USGS,real_downloaded,33.57,-117.89816666667,magnitude,1.23,"6 km SSE of Newport Beach, CA"
ci41146711,2025-12-24,earthquake,USGS,real_downloaded,34.157333333333,-118.37183333333,magnitude,1.36,"2 km SSE of North Hollywood, CA"
ci41146743,2025-12-24,earthquake,USGS,real_downloaded,33.977333333333,-118.91216666667,magnitude,2.77,"10 km WSW of Malibu, CA"
ci41146871,2025-12-24,earthquake,USGS,real_downloaded,34.371333333333,-118.63616666667,magnitude,1.28,"11 km SSW of Valencia, CA"
ci41146887,2025-12-24,earthquake,USGS,real_downloaded,34.3695,-118.6335,magnitude,1.32,"11 km SSW of Valencia, CA"
ci10215022,2025-12-25,earthquake,USGS,real_downloaded,34.370666666667,-118.64216666667,magnitude,1.31,"11 km SW of Valencia, CA"
ci41146943,2025-12-25,earthquake,USGS,real_downloaded,34.371666666667,-118.63233333333,magnitude,1.93,"11 km SSW of Valencia, CA"
ci41147191,2025-12-25,earthquake,USGS,real_downloaded,34.376333333333,-118.62633333333,magnitude,2.52,"10 km SSW of Valencia, CA"
ci41147247,2025-12-26,earthquake,USGS,real_downloaded,34.3745,-118.63266666667,magnitude,1.43,"11 km SSW of Valencia, CA"
ci41147263,2025-12-26,earthquake,USGS,real_downloaded,34.371,-118.6365,magnitude,1.23,"11 km SSW of Valencia, CA"
ci41147287,2025-12-26,earthquake,USGS,real_downloaded,34.375333333333,-118.63916666667,magnitude,1.41,"11 km SW of Valencia, CA"
ci41147439,2025-12-26,earthquake,USGS,real_downloaded,34.373,-118.61966666667,magnitude,1.19,"10 km SSW of Valencia, CA"
ci41147455,2025-12-26,earthquake,USGS,real_downloaded,33.581833333333,-118.2715,magnitude,2.24,"17 km S of San Pedro, CA"
ci41147463,2025-12-26,earthquake,USGS,real_downloaded,34.370833333333,-118.63216666667,magnitude,1.45,"11 km SSW of Valencia, CA"
ci41147631,2025-12-27,earthquake,USGS,real_downloaded,34.1535,-118.36433333333,magnitude,1.6,"2 km NNW of Universal City, CA"
ci41147663,2025-12-27,earthquake,USGS,real_downloaded,34.262833333333,-118.48966666667,magnitude,1.32,"1 km SE of Granada Hills, CA"
ci41147671,2025-12-27,earthquake,USGS,real_downloaded,34.158166666667,-118.35716666667,magnitude,1.58,"2 km N of Universal City, CA"
ci41147679,2025-12-27,earthquake,USGS,real_downloaded,34.161833333333,-118.36116666667,magnitude,1.75,"2 km SE of North Hollywood, CA"
ci41147719,2025-12-27,earthquake,USGS,real_downloaded,34.376666666667,-118.62833333333,magnitude,2.62,"10 km SSW of Valencia, CA"
ci41147727,2025-12-27,earthquake,USGS,real_downloaded,34.376666666667,-118.6245,magnitude,2.5,"10 km SSW of Valencia, CA"
ci41147743,2025-12-27,earthquake,USGS,real_downloaded,34.369833333333,-118.63383333333,magnitude,1.35,"11 km SSW of Valencia, CA"
ci41147879,2025-12-27,earthquake,USGS,real_downloaded,34.373833333333,-118.62883333333,magnitude,1.65,"10 km SSW of Valencia, CA"
ci41148431,2025-12-28,earthquake,USGS,real_downloaded,33.817166666667,-117.649,magnitude,1.89,"10 km SW of Corona, CA"
ci41148655,2025-12-29,earthquake,USGS,real_downloaded,33.9755,-118.37916666667,magnitude,1.64,"3 km SSW of Baldwin Hills, CA"
ci41148663,2025-12-29,earthquake,USGS,real_downloaded,33.9755,-118.38383333333,magnitude,1.58,"3 km SSW of Baldwin Hills, CA"
ci41148711,2025-12-29,earthquake,USGS,real_downloaded,33.977833333333,-118.378,magnitude,1.28,"3 km SSW of Baldwin Hills, CA"
ci41148719,2025-12-29,earthquake,USGS,real_downloaded,33.975333333333,-118.378,magnitude,1.19,"3 km S of Baldwin Hills, CA"
ci41148767,2025-12-29,earthquake,USGS,real_downloaded,33.9775,-118.3785,magnitude,1.12,"3 km SSW of Baldwin Hills, CA"
ci41148815,2025-12-29,earthquake,USGS,real_downloaded,33.996,-118.3655,magnitude,1.14,"1 km SE of Baldwin Hills, CA"
ci41148863,2025-12-29,earthquake,USGS,real_downloaded,33.9795,-118.381,magnitude,2.28,"3 km SSW of Baldwin Hills, CA"
ci41149495,2025-12-30,earthquake,USGS,real_downloaded,34.051833333333,-118.35266666667,magnitude,1.54,"4 km S of West Hollywood, CA"
ci41149567,2025-12-30,earthquake,USGS,real_downloaded,33.986666666667,-118.37316666667,magnitude,1.21,"2 km S of Baldwin Hills, CA"
ci41149599,2025-12-30,earthquake,USGS,real_downloaded,34.002,-118.35483333333,magnitude,1.09,"1 km NW of View Park-Windsor Hills, CA"
ci10215046,2025-12-30,earthquake,USGS,real_downloaded,33.964666666667,-118.476,magnitude,1.31,"3 km SW of Marina del Rey, CA"
ci41149759,2025-12-30,earthquake,USGS,real_downloaded,34.343333333333,-118.486,magnitude,1.89,"5 km NW of Sylmar, CA"
