svi_id,location_name,total_population,svi_score,poverty_pct,unemployment_pct,age65_pct,disability_pct,latitude,longitude,source_agency,source_status
06037000001,Los Angeles County fallback SVI tract 1,3383,34.16,16.9,4.5,15.5,6.6,33.640364,-118.35183199999999,LA County / CDC SVI style,simulated_fallback_due_download_missing_or_unavailable
06037000002,Los Angeles County fallback SVI tract 2,3304,62.42,13.2,14.9,16.0,18.8,33.404162,-117.76096600000001,LA County / CDC SVI style,simulated_fallback_due_download_missing_or_unavailable
06037000003,Los Angeles County fallback SVI tract 3,2488,43.42,14.6,3.1,22.9,18.6,34.748241,-118.829869,LA County / CDC SVI style,simulated_fallback_due_download_missing_or_unavailable
06037000004,Los Angeles County fallback SVI tract 4,6601,65.32,36.5,5.7,11.2,10.7,34.735416,-117.71074100000001,LA County / CDC SVI style,simulated_fallback_due_download_missing_or_unavailable
06037000005,Los Angeles County fallback SVI tract 5,3627,54.67,34.0,3.1,8.0,11.9,33.910218,-118.47674500000001,LA County / CDC SVI style,simulated_fallback_due_download_missing_or_unavailable
06037000006,Los Angeles County fallback SVI tract 6,1739,48.8,13.3,14.4,7.4,14.4,34.418668000000004,-118.784868,LA County / CDC SVI style,simulated_fallback_due_download_missing_or_unavailable
06037000007,Los Angeles County fallback SVI tract 7,3344,61.53,19.7,13.9,22.8,10.3,33.669508,-118.823127,LA County / CDC SVI style,simulated_fallback_due_download_missing_or_unavailable
06037000008,Los Angeles County fallback SVI tract 8,2805,61.68,35.9,9.9,15.1,12.1,33.737656,-118.88494600000001,LA County / CDC SVI style,simulated_fallback_due_download_missing_or_unavailable
06037000009,Los Angeles County fallback SVI tract 9,4145,35.84,10.5,2.5,12.8,15.8,32.999176999999996,-118.62637500000001,LA County / CDC SVI style,simulated_fallback_due_download_missing_or_unavailable
06037000010,Los Angeles County fallback SVI tract 10,6844,40.51,10.2,8.7,21.6,6.5,33.60793399999999,-118.496407,LA County / CDC SVI style,simulated_fallback_due_download_missing_or_unavailable
06037000011,Los Angeles County fallback SVI tract 11,3554,45.5,14.9,1.9,22.8,11.1,34.569843000000006,-117.957448,LA County / CDC SVI style,simulated_fallback_due_download_missing_or_unavailable
06037000012,Los Angeles County fallback SVI tract 12,985,45.73,37.4,5.6,5.8,10.2,32.756575,-118.03545100000001,LA County / CDC SVI style,simulated_fallback_due_download_missing_or_unavailable
06037000013,Los Angeles County fallback SVI tract 13,1246,53.6,37.9,4.0,9.3,17.1,33.583188,-118.23970999999999,LA County / CDC SVI style,simulated_fallback_due_download_missing_or_unavailable
06037000014,Los Angeles County fallback SVI tract 14,5159,77.81,35.6,9.3,19.0,16.9,34.733436,-118.649965,LA County / CDC SVI style,simulated_fallback_due_download_missing_or_unavailable
06037000015,Los Angeles County fallback SVI tract 15,6652,59.05,12.0,13.5,15.7,17.8,32.82793,-117.986775,LA County / CDC SVI style,simulated_fallback_due_download_missing_or_unavailable
06037000016,Los Angeles County fallback SVI tract 16,4019,44.94,9.8,11.5,19.3,15.1,33.231638,-118.48532499999999,LA County / CDC SVI style,simulated_fallback_due_download_missing_or_unavailable
06037000017,Los Angeles County fallback SVI tract 17,2666,41.15,18.7,3.6,8.8,18.7,33.288594,-117.69682900000001,LA County / CDC SVI style,simulated_fallback_due_download_missing_or_unavailable
06037000018,Los Angeles County fallback SVI tract 18,2453,54.51,24.8,4.3,11.9,13.1,34.223985,-118.33046999999999,LA County / CDC SVI style,simulated_fallback_due_download_missing_or_unavailable
06037000019,Los Angeles County fallback SVI tract 19,3279,53.12,25.6,9.9,6.4,7.2,32.776428,-118.730744,LA County / CDC SVI style,simulated_fallback_due_download_missing_or_unavailable
06037000020,Los Angeles County fallback SVI tract 20,2777,64.34,24.1,14.2,7.6,15.2,32.796069,-118.532314,LA County / CDC SVI style,simulated_fallback_due_download_missing_or_unavailable
06037000021,Los Angeles County fallback SVI tract 21,2502,48.9,10.3,11.4,15.3,16.2,34.401922,-118.02657099999999,LA County / CDC SVI style,simulated_fallback_due_download_missing_or_unavailable
06037000022,Los Angeles County fallback SVI tract 22,3579,67.47,8.0,13.9,23.2,20.6,33.821319,-118.71799700000001,LA County / CDC SVI style,simulated_fallback_due_download_missing_or_unavailable
06037000023,Los Angeles County fallback SVI tract 23,5385,60.33,29.4,7.6,6.1,21.7,34.257326,-117.747578,LA County / CDC SVI style,simulated_fallback_due_download_missing_or_unavailable
06037000024,Los Angeles County fallback SVI tract 24,3179,71.25,13.4,13.7,21.5,21.6,32.983799999999995,-118.675406,LA County / CDC SVI style,simulated_fallback_due_download_missing_or_unavailable
06037000025,Los Angeles County fallback SVI tract 25,1946,58.28,29.6,5.8,9.7,21.7,34.468859,-117.888497,LA County / CDC SVI style,simulated_fallback_due_download_missing_or_unavailable
06037000026,Los Angeles County fallback SVI tract 26,1085,36.12,19.0,11.3,5.3,5.9,33.9017,-118.275243,LA County / CDC SVI style,simulated_fallback_due_download_missing_or_unavailable
06037000027,Los Angeles County fallback SVI tract 27,5549,39.3,8.3,11.0,14.6,7.2,34.315827,-118.89216099999999,LA County / CDC SVI style,simulated_fallback_due_download_missing_or_unavailable
06037000028,Los Angeles County fallback SVI tract 28,865,44.13,17.3,9.4,18.6,9.0,33.154672999999995,-117.67443,LA County / CDC SVI style,simulated_fallback_due_download_missing_or_unavailable
06037000029,Los Angeles County fallback SVI tract 29,5359,56.81,26.3,15.5,7.2,12.6,34.555865,-118.28253400000001,LA County / CDC SVI style,simulated_fallback_due_download_missing_or_unavailable
06037000030,Los Angeles County fallback SVI tract 30,6480,61.55,21.4,15.7,15.0,7.5,33.772565,-118.28148900000001,LA County / CDC SVI style,simulated_fallback_due_download_missing_or_unavailable
06037000031,Los Angeles County fallback SVI tract 31,5817,43.46,18.3,4.2,20.7,15.5,34.414551,-118.789823,LA County / CDC SVI style,simulated_fallback_due_download_missing_or_unavailable
06037000032,Los Angeles County fallback SVI tract 32,3295,47.43,13.9,6.7,22.6,12.4,33.413048999999994,-118.17828,LA County / CDC SVI style,simulated_fallback_due_download_missing_or_unavailable
06037000033,Los Angeles County fallback SVI tract 33,4957,68.19,22.3,10.2,21.7,14.5,32.89194,-117.77325099999999,LA County / CDC SVI style,simulated_fallback_due_download_missing_or_unavailable
06037000034,Los Angeles County fallback SVI tract 34,5623,55.47,31.7,13.3,8.9,7.1,33.97543699999999,-118.935548,LA County / CDC SVI style,simulated_fallback_due_download_missing_or_unavailable
06037000035,Los Angeles County fallback SVI tract 35,5185,62.49,30.8,12.3,20.0,4.2,33.274082,-118.22750599999999,LA County / CDC SVI style,simulated_fallback_due_download_missing_or_unavailable
06037000036,Los Angeles County fallback SVI tract 36,4508,79.77,36.4,11.8,21.7,17.7,34.58645,-117.78294000000001,LA County / CDC SVI style,simulated_fallback_due_download_missing_or_unavailable
06037000037,Los Angeles County fallback SVI tract 37,1980,73.81,31.9,11.6,23.5,5.7,33.45827,-118.679154,LA County / CDC SVI style,simulated_fallback_due_download_missing_or_unavailable
06037000038,Los Angeles County fallback SVI tract 38,4936,44.61,21.6,5.7,8.2,4.9,33.924192,-118.09663900000001,LA County / CDC SVI style,simulated_fallback_due_download_missing_or_unavailable
06037000039,Los Angeles County fallback SVI tract 39,6156,60.26,36.1,4.1,20.4,12.6,33.294883,-118.879248,LA County / CDC SVI style,simulated_fallback_due_download_missing_or_unavailable
06037000040,Los Angeles County fallback SVI tract 40,3058,51.23,15.8,15.4,13.9,5.0,32.967888,-117.794876,LA County / CDC SVI style,simulated_fallback_due_download_missing_or_unavailable
06037000041,Los Angeles County fallback SVI tract 41,994,57.89,4.8,12.9,21.5,20.8,33.824012,-118.29294399999999,LA County / CDC SVI style,simulated_fallback_due_download_missing_or_unavailable
06037000042,Los Angeles County fallback SVI tract 42,3081,60.91,8.7,16.0,16.8,13.5,33.228077,-118.07467899999999,LA County / CDC SVI style,simulated_fallback_due_download_missing_or_unavailable
06037000043,Los Angeles County fallback SVI tract 43,2563,53.9,28.2,13.5,10.4,6.7,33.01879,-117.928835,LA County / CDC SVI style,simulated_fallback_due_download_missing_or_unavailable
06037000044,Los Angeles County fallback SVI tract 44,6982,64.54,32.1,12.7,14.3,16.7,33.574223,-117.87532900000001,LA County / CDC SVI style,simulated_fallback_due_download_missing_or_unavailable
06037000045,Los Angeles County fallback SVI tract 45,2640,38.93,3.2,5.9,21.4,12.0,34.443839000000004,-118.197659,LA County / CDC SVI style,simulated_fallback_due_download_missing_or_unavailable
06037000046,Los Angeles County fallback SVI tract 46,5680,56.63,28.2,6.3,9.9,13.0,34.787337,-117.65585300000001,LA County / CDC SVI style,simulated_fallback_due_download_missing_or_unavailable
06037000047,Los Angeles County fallback SVI tract 47,5513,67.62,37.2,8.0,22.2,15.6,34.489145,-118.80480600000001,LA County / CDC SVI style,simulated_fallback_due_download_missing_or_unavailable
06037000048,Los Angeles County fallback SVI tract 48,5820,66.02,31.2,5.3,20.7,15.5,33.381088999999996,-118.89451399999999,LA County / CDC SVI style,simulated_fallback_due_download_missing_or_unavailable
06037000049,Los Angeles County fallback SVI tract 49,4242,66.86,24.4,14.3,7.1,18.5,32.83069,-118.470298,LA County / CDC SVI style,simulated_fallback_due_download_missing_or_unavailable
06037000050,Los Angeles County fallback SVI tract 50,3352,46.4,14.8,6.5,20.3,4.5,33.279607,-117.80714800000001,LA County / CDC SVI style,simulated_fallback_due_download_missing_or_unavailable
06037000051,Los Angeles County fallback SVI tract 51,1906,44.65,5.7,8.3,13.0,13.5,34.494681,-118.33049000000001,LA County / CDC SVI style,simulated_fallback_due_download_missing_or_unavailable
06037000052,Los Angeles County fallback SVI tract 52,4196,49.04,20.5,6.9,21.8,11.1,33.701272,-118.927101,LA County / CDC SVI style,simulated_fallback_due_download_missing_or_unavailable
06037000053,Los Angeles County fallback SVI tract 53,2455,55.53,31.5,2.9,15.2,15.2,33.115496,-118.402278,LA County / CDC SVI style,simulated_fallback_due_download_missing_or_unavailable
06037000054,Los Angeles County fallback SVI tract 54,6045,37.56,11.7,7.1,8.8,15.0,34.813949,-117.908806,LA County / CDC SVI style,simulated_fallback_due_download_missing_or_unavailable
06037000055,Los Angeles County fallback SVI tract 55,4317,54.74,22.6,11.6,16.6,12.4,33.615365999999995,-118.47585799999999,LA County / CDC SVI style,simulated_fallback_due_download_missing_or_unavailable
06037000056,Los Angeles County fallback SVI tract 56,5388,41.78,23.4,3.1,19.7,9.2,32.891130999999994,-117.718734,LA County / CDC SVI style,simulated_fallback_due_download_missing_or_unavailable
06037000057,Los Angeles County fallback SVI tract 57,3912,62.17,22.0,7.2,23.5,20.3,33.688939999999995,-117.879503,LA County / CDC SVI style,simulated_fallback_due_download_missing_or_unavailable
06037000058,Los Angeles County fallback SVI tract 58,2782,29.5,12.5,6.3,6.6,9.5,33.694036000000004,-118.15300099999999,LA County / CDC SVI style,simulated_fallback_due_download_missing_or_unavailable
06037000059,Los Angeles County fallback SVI tract 59,5408,48.5,28.6,8.9,6.1,7.5,34.756739,-117.804502,LA County / CDC SVI style,simulated_fallback_due_download_missing_or_unavailable
06037000060,Los Angeles County fallback SVI tract 60,5357,39.3,13.8,9.3,12.3,4.1,32.829461,-118.7729,LA County / CDC SVI style,simulated_fallback_due_download_missing_or_unavailable
06037000061,Los Angeles County fallback SVI tract 61,2532,63.61,30.3,8.4,22.0,11.0,34.464259,-117.83590799999999,LA County / CDC SVI style,simulated_fallback_due_download_missing_or_unavailable
06037000062,Los Angeles County fallback SVI tract 62,4271,58.52,27.7,8.5,23.3,5.3,33.649426999999996,-118.230835,LA County / CDC SVI style,simulated_fallback_due_download_missing_or_unavailable
06037000063,Los Angeles County fallback SVI tract 63,1961,43.56,14.3,8.3,14.8,16.6,33.250639,-117.768067,LA County / CDC SVI style,simulated_fallback_due_download_missing_or_unavailable
06037000064,Los Angeles County fallback SVI tract 64,5410,46.42,16.4,11.0,18.0,8.6,34.476671,-117.65729999999999,LA County / CDC SVI style,simulated_fallback_due_download_missing_or_unavailable
06037000065,Los Angeles County fallback SVI tract 65,5362,77.8,37.4,6.1,22.1,20.5,34.6394,-118.325526,LA County / CDC SVI style,simulated_fallback_due_download_missing_or_unavailable
06037000066,Los Angeles County fallback SVI tract 66,5287,45.08,9.7,7.5,14.7,19.9,33.986144,-117.692396,LA County / CDC SVI style,simulated_fallback_due_download_missing_or_unavailable
06037000067,Los Angeles County fallback SVI tract 67,1318,79.03,28.2,14.5,19.7,18.0,34.65105,-117.97222199999999,LA County / CDC SVI style,simulated_fallback_due_download_missing_or_unavailable
06037000068,Los Angeles County fallback SVI tract 68,6943,37.33,5.5,11.0,21.2,7.3,33.31989,-118.19682700000001,LA County / CDC SVI style,simulated_fallback_due_download_missing_or_unavailable
06037000069,Los Angeles County fallback SVI tract 69,5055,59.8,37.0,3.5,12.5,15.7,34.653719,-118.44205400000001,LA County / CDC SVI style,simulated_fallback_due_download_missing_or_unavailable
06037000070,Los Angeles County fallback SVI tract 70,5356,46.56,35.2,6.0,9.8,4.9,33.108028000000004,-118.92095300000001,LA County / CDC SVI style,simulated_fallback_due_download_missing_or_unavailable
06037000071,Los Angeles County fallback SVI tract 71,5979,70.08,22.6,12.7,18.8,19.2,33.087559999999996,-118.913421,LA County / CDC SVI style,simulated_fallback_due_download_missing_or_unavailable
06037000072,Los Angeles County fallback SVI tract 72,2446,63.62,37.9,8.6,8.6,18.7,33.509859,-117.809599,LA County / CDC SVI style,simulated_fallback_due_download_missing_or_unavailable
06037000073,Los Angeles County fallback SVI tract 73,6950,63.36,33.1,7.4,23.6,4.3,34.628418,-118.286186,LA County / CDC SVI style,simulated_fallback_due_download_missing_or_unavailable
06037000074,Los Angeles County fallback SVI tract 74,5374,47.4,34.5,7.1,10.6,5.7,33.605366,-118.862356,LA County / CDC SVI style,simulated_fallback_due_download_missing_or_unavailable
06037000075,Los Angeles County fallback SVI tract 75,3910,55.48,20.9,2.1,19.8,16.0,33.556586,-118.51241,LA County / CDC SVI style,simulated_fallback_due_download_missing_or_unavailable
06037000076,Los Angeles County fallback SVI tract 76,1607,71.63,20.2,14.0,14.9,19.8,33.689114000000004,-118.94708600000001,LA County / CDC SVI style,simulated_fallback_due_download_missing_or_unavailable
06037000077,Los Angeles County fallback SVI tract 77,1924,55.77,34.2,2.5,22.7,13.7,33.68207399999999,-118.222835,LA County / CDC SVI style,simulated_fallback_due_download_missing_or_unavailable
06037000078,Los Angeles County fallback SVI tract 78,6768,79.93,34.7,14.2,16.6,20.1,33.960353999999995,-118.15803799999999,LA County / CDC SVI style,simulated_fallback_due_download_missing_or_unavailable
06037000079,Los Angeles County fallback SVI tract 79,4576,67.29,37.2,3.2,12.7,16.1,33.568746,-118.547696,LA County / CDC SVI style,simulated_fallback_due_download_missing_or_unavailable
06037000080,Los Angeles County fallback SVI tract 80,5251,68.07,24.5,10.1,21.6,19.8,34.584264,-118.47075399999999,LA County / CDC SVI style,simulated_fallback_due_download_missing_or_unavailable
06037000081,Los Angeles County fallback SVI tract 81,4059,42.75,8.1,5.3,19.8,17.6,33.29699899999999,-117.993934,LA County / CDC SVI style,simulated_fallback_due_download_missing_or_unavailable
06037000082,Los Angeles County fallback SVI tract 82,2978,73.09,36.4,5.9,21.1,12.0,33.595226000000004,-118.93840499999999,LA County / CDC SVI style,simulated_fallback_due_download_missing_or_unavailable
06037000083,Los Angeles County fallback SVI tract 83,1347,73.4,28.6,9.5,22.0,20.7,34.4371,-118.639272,LA County / CDC SVI style,simulated_fallback_due_download_missing_or_unavailable
06037000084,Los Angeles County fallback SVI tract 84,1606,46.54,8.2,9.8,18.4,12.6,33.286288,-118.268481,LA County / CDC SVI style,simulated_fallback_due_download_missing_or_unavailable
06037000085,Los Angeles County fallback SVI tract 85,2709,42.17,27.7,1.7,6.2,17.7,34.536396,-118.31740400000001,LA County / CDC SVI style,simulated_fallback_due_download_missing_or_unavailable
06037000086,Los Angeles County fallback SVI tract 86,4739,61.08,33.4,15.0,7.0,7.5,34.6503,-118.253358,LA County / CDC SVI style,simulated_fallback_due_download_missing_or_unavailable
06037000087,Los Angeles County fallback SVI tract 87,3343,62.44,21.8,8.6,23.7,16.9,34.620528,-118.5307,LA County / CDC SVI style,simulated_fallback_due_download_missing_or_unavailable
06037000088,Los Angeles County fallback SVI tract 88,3670,43.31,16.4,3.4,21.5,8.2,33.102659,-117.75044199999999,LA County / CDC SVI style,simulated_fallback_due_download_missing_or_unavailable
06037000089,Los Angeles County fallback SVI tract 89,4552,62.03,19.0,10.5,22.5,15.8,33.593162,-118.42513399999999,LA County / CDC SVI style,simulated_fallback_due_download_missing_or_unavailable
06037000090,Los Angeles County fallback SVI tract 90,6858,56.37,34.4,5.7,8.9,9.4,32.758239999999994,-117.66458700000001,LA County / CDC SVI style,simulated_fallback_due_download_missing_or_unavailable
06037000091,Los Angeles County fallback SVI tract 91,5473,57.91,9.2,10.0,22.0,21.6,34.673370999999996,-118.56558299999999,LA County / CDC SVI style,simulated_fallback_due_download_missing_or_unavailable
06037000092,Los Angeles County fallback SVI tract 92,4257,56.69,24.1,6.3,19.3,18.8,34.27359499999999,-118.85687499999999,LA County / CDC SVI style,simulated_fallback_due_download_missing_or_unavailable
06037000093,Los Angeles County fallback SVI tract 93,3343,53.87,24.7,10.7,10.7,20.3,34.449501,-118.288959,LA County / CDC SVI style,simulated_fallback_due_download_missing_or_unavailable
06037000094,Los Angeles County fallback SVI tract 94,5272,58.29,35.5,1.8,16.7,10.2,34.367027,-117.95199199999999,LA County / CDC SVI style,simulated_fallback_due_download_missing_or_unavailable
06037000095,Los Angeles County fallback SVI tract 95,5552,42.96,25.3,7.7,6.4,10.3,34.300816,-118.15140299999999,LA County / CDC SVI style,simulated_fallback_due_download_missing_or_unavailable
06037000096,Los Angeles County fallback SVI tract 96,6080,45.22,23.4,1.6,12.8,21.4,34.115905999999995,-118.585823,LA County / CDC SVI style,simulated_fallback_due_download_missing_or_unavailable
06037000097,Los Angeles County fallback SVI tract 97,2905,52.11,18.5,14.9,10.1,15.5,32.973225,-117.83815799999999,LA County / CDC SVI style,simulated_fallback_due_download_missing_or_unavailable
06037000098,Los Angeles County fallback SVI tract 98,2285,32.81,11.6,10.6,6.0,12.6,32.95791,-118.85143000000001,LA County / CDC SVI style,simulated_fallback_due_download_missing_or_unavailable
06037000099,Los Angeles County fallback SVI tract 99,1218,63.69,24.0,13.0,20.6,15.3,33.141513999999994,-118.393661,LA County / CDC SVI style,simulated_fallback_due_download_missing_or_unavailable
06037000100,Los Angeles County fallback SVI tract 100,6740,67.32,36.6,12.9,15.5,9.5,34.164878,-117.69463699999999,LA County / CDC SVI style,simulated_fallback_due_download_missing_or_unavailable
06037000101,Los Angeles County fallback SVI tract 101,7042,53.5,4.5,10.5,18.8,15.6,34.320049,-118.86176599999999,LA County / CDC SVI style,simulated_fallback_due_download_missing_or_unavailable
06037000102,Los Angeles County fallback SVI tract 102,2779,67.94,32.6,12.9,10.8,11.6,33.983214999999994,-117.99083399999999,LA County / CDC SVI style,simulated_fallback_due_download_missing_or_unavailable
06037000103,Los Angeles County fallback SVI tract 103,3142,34.08,12.1,6.6,11.0,13.9,33.583198,-118.60215000000001,LA County / CDC SVI style,simulated_fallback_due_download_missing_or_unavailable
06037000104,Los Angeles County fallback SVI tract 104,2676,39.34,18.9,4.4,22.4,8.2,34.683066,-118.592518,LA County / CDC SVI style,simulated_fallback_due_download_missing_or_unavailable
06037000105,Los Angeles County fallback SVI tract 105,6097,50.84,18.3,9.6,23.3,7.8,34.738117,-117.69413100000001,LA County / CDC SVI style,simulated_fallback_due_download_missing_or_unavailable
06037000106,Los Angeles County fallback SVI tract 106,3208,64.58,33.4,12.2,10.1,17.1,33.022985,-117.998948,LA County / CDC SVI style,simulated_fallback_due_download_missing_or_unavailable
06037000107,Los Angeles County fallback SVI tract 107,7002,35.31,4.0,5.4,19.0,9.6,34.810680000000005,-118.900845,LA County / CDC SVI style,simulated_fallback_due_download_missing_or_unavailable
06037000108,Los Angeles County fallback SVI tract 108,6207,26.83,3.2,6.6,5.6,17.4,32.982541,-118.72478100000001,LA County / CDC SVI style,simulated_fallback_due_download_missing_or_unavailable
06037000109,Los Angeles County fallback SVI tract 109,2114,41.31,21.6,9.4,7.4,7.4,34.222976,-118.724217,LA County / CDC SVI style,simulated_fallback_due_download_missing_or_unavailable
06037000110,Los Angeles County fallback SVI tract 110,4298,32.71,13.6,2.7,18.6,10.7,34.469535,-118.60480199999999,LA County / CDC SVI style,simulated_fallback_due_download_missing_or_unavailable
06037000111,Los Angeles County fallback SVI tract 111,4211,34.3,14.4,6.6,6.3,5.7,34.499604999999995,-118.70809399999999,LA County / CDC SVI style,simulated_fallback_due_download_missing_or_unavailable
06037000112,Los Angeles County fallback SVI tract 112,4735,61.42,28.1,13.4,7.7,17.3,33.821509000000006,-117.719275,LA County / CDC SVI style,simulated_fallback_due_download_missing_or_unavailable
06037000113,Los Angeles County fallback SVI tract 113,3156,51.9,10.6,11.0,20.8,9.3,34.512508000000004,-118.78113900000001,LA County / CDC SVI style,simulated_fallback_due_download_missing_or_unavailable
06037000114,Los Angeles County fallback SVI tract 114,2645,56.07,34.2,4.8,14.2,18.8,34.635613,-118.28207699999999,LA County / CDC SVI style,simulated_fallback_due_download_missing_or_unavailable
06037000115,Los Angeles County fallback SVI tract 115,6893,60.66,23.9,8.8,11.3,15.6,33.00321,-118.808657,LA County / CDC SVI style,simulated_fallback_due_download_missing_or_unavailable
06037000116,Los Angeles County fallback SVI tract 116,4749,43.0,14.5,8.3,11.5,14.1,34.04721299999999,-118.609269,LA County / CDC SVI style,simulated_fallback_due_download_missing_or_unavailable
06037000117,Los Angeles County fallback SVI tract 117,3816,27.56,15.7,4.1,10.3,8.6,33.339311,-118.945919,LA County / CDC SVI style,simulated_fallback_due_download_missing_or_unavailable
06037000118,Los Angeles County fallback SVI tract 118,5212,48.51,30.1,2.1,18.2,15.8,33.342108999999994,-118.75137,LA County / CDC SVI style,simulated_fallback_due_download_missing_or_unavailable
06037000119,Los Angeles County fallback SVI tract 119,5050,67.67,23.1,12.0,19.1,14.9,34.534817999999994,-118.21741499999999,LA County / CDC SVI style,simulated_fallback_due_download_missing_or_unavailable
06037000120,Los Angeles County fallback SVI tract 120,4906,45.43,3.0,9.8,14.5,19.3,34.038726,-118.64053200000001,LA County / CDC SVI style,simulated_fallback_due_download_missing_or_unavailable
06037000121,Los Angeles County fallback SVI tract 121,4417,35.97,3.3,11.8,9.9,17.5,33.377179,-118.445413,LA County / CDC SVI style,simulated_fallback_due_download_missing_or_unavailable
06037000122,Los Angeles County fallback SVI tract 122,3847,60.87,22.9,5.5,17.7,19.6,33.347775,-117.92488900000001,LA County / CDC SVI style,simulated_fallback_due_download_missing_or_unavailable
06037000123,Los Angeles County fallback SVI tract 123,2032,59.71,32.4,12.2,5.2,12.9,32.964794,-118.27985699999999,LA County / CDC SVI style,simulated_fallback_due_download_missing_or_unavailable
06037000124,Los Angeles County fallback SVI tract 124,6828,45.02,24.6,1.6,18.5,14.3,32.821037000000004,-117.86120100000001,LA County / CDC SVI style,simulated_fallback_due_download_missing_or_unavailable
06037000125,Los Angeles County fallback SVI tract 125,1760,69.62,30.6,14.5,19.4,5.8,32.790171,-117.81237300000001,LA County / CDC SVI style,simulated_fallback_due_download_missing_or_unavailable
06037000126,Los Angeles County fallback SVI tract 126,1001,84.61,37.4,11.7,21.4,15.2,33.96507999999999,-118.09305099999999,LA County / CDC SVI style,simulated_fallback_due_download_missing_or_unavailable
06037000127,Los Angeles County fallback SVI tract 127,2215,38.56,16.3,4.6,9.9,16.5,33.933513,-117.755836,LA County / CDC SVI style,simulated_fallback_due_download_missing_or_unavailable
06037000128,Los Angeles County fallback SVI tract 128,6155,40.09,6.7,10.0,11.3,15.9,34.813342,-118.69055700000001,LA County / CDC SVI style,simulated_fallback_due_download_missing_or_unavailable
06037000129,Los Angeles County fallback SVI tract 129,6983,58.66,27.0,15.3,14.4,10.1,33.685069,-117.758148,LA County / CDC SVI style,simulated_fallback_due_download_missing_or_unavailable
06037000130,Los Angeles County fallback SVI tract 130,4999,43.07,18.7,8.5,14.5,6.8,33.543834,-118.31417400000001,LA County / CDC SVI style,simulated_fallback_due_download_missing_or_unavailable
06037000131,Los Angeles County fallback SVI tract 131,2523,44.6,5.5,9.7,18.7,8.3,34.131151,-118.75467900000001,LA County / CDC SVI style,simulated_fallback_due_download_missing_or_unavailable
06037000132,Los Angeles County fallback SVI tract 132,6903,66.29,36.1,5.1,11.5,18.6,33.718909999999994,-117.90922,LA County / CDC SVI style,simulated_fallback_due_download_missing_or_unavailable
06037000133,Los Angeles County fallback SVI tract 133,6443,50.39,33.0,5.1,11.2,9.2,34.610532,-118.661385,LA County / CDC SVI style,simulated_fallback_due_download_missing_or_unavailable
06037000134,Los Angeles County fallback SVI tract 134,1920,60.92,22.4,15.0,13.8,13.8,34.62242,-117.86884599999999,LA County / CDC SVI style,simulated_fallback_due_download_missing_or_unavailable
06037000135,Los Angeles County fallback SVI tract 135,3702,93.26,35.4,15.9,22.6,19.0,34.29997099999999,-118.45948200000001,LA County / CDC SVI style,simulated_fallback_due_download_missing_or_unavailable
06037000136,Los Angeles County fallback SVI tract 136,3432,35.69,19.5,2.6,5.3,6.4,33.958591,-117.673571,LA County / CDC SVI style,simulated_fallback_due_download_missing_or_unavailable
06037000137,Los Angeles County fallback SVI tract 137,5944,68.26,24.1,15.8,8.4,19.1,32.962901,-118.11293699999999,LA County / CDC SVI style,simulated_fallback_due_download_missing_or_unavailable
06037000138,Los Angeles County fallback SVI tract 138,2013,38.06,18.8,3.8,8.7,9.3,33.591125,-118.13665800000001,LA County / CDC SVI style,simulated_fallback_due_download_missing_or_unavailable
06037000139,Los Angeles County fallback SVI tract 139,6831,59.39,26.9,14.6,5.6,12.6,32.768753999999994,-117.933795,LA County / CDC SVI style,simulated_fallback_due_download_missing_or_unavailable
06037000140,Los Angeles County fallback SVI tract 140,2299,44.65,28.7,6.3,6.1,15.0,33.176359000000005,-117.769929,LA County / CDC SVI style,simulated_fallback_due_download_missing_or_unavailable
06037000141,Los Angeles County fallback SVI tract 141,2805,69.3,27.1,9.3,20.2,21.5,33.35108999999999,-118.702794,LA County / CDC SVI style,simulated_fallback_due_download_missing_or_unavailable
06037000142,Los Angeles County fallback SVI tract 142,5143,57.49,24.7,3.8,14.3,16.9,33.057312,-118.468561,LA County / CDC SVI style,simulated_fallback_due_download_missing_or_unavailable
06037000143,Los Angeles County fallback SVI tract 143,6527,66.46,15.3,12.5,16.0,19.2,34.347169,-117.743774,LA County / CDC SVI style,simulated_fallback_due_download_missing_or_unavailable
06037000144,Los Angeles County fallback SVI tract 144,2482,66.55,13.2,12.0,23.9,20.5,34.335981999999994,-118.785201,LA County / CDC SVI style,simulated_fallback_due_download_missing_or_unavailable
06037000145,Los Angeles County fallback SVI tract 145,4063,71.07,29.8,11.6,22.3,9.4,34.416326,-117.88171399999999,LA County / CDC SVI style,simulated_fallback_due_download_missing_or_unavailable
06037000146,Los Angeles County fallback SVI tract 146,4976,47.77,6.4,14.4,6.1,18.8,33.729722,-117.78964699999999,LA County / CDC SVI style,simulated_fallback_due_download_missing_or_unavailable
06037000147,Los Angeles County fallback SVI tract 147,4806,54.78,19.0,15.5,16.2,6.0,34.452402,-118.93340599999999,LA County / CDC SVI style,simulated_fallback_due_download_missing_or_unavailable
06037000148,Los Angeles County fallback SVI tract 148,5309,28.65,5.1,7.2,10.0,9.5,32.957297000000004,-118.72101400000001,LA County / CDC SVI style,simulated_fallback_due_download_missing_or_unavailable
06037000149,Los Angeles County fallback SVI tract 149,2982,43.9,22.4,9.7,7.6,11.2,33.26972,-117.92231899999999,LA County / CDC SVI style,simulated_fallback_due_download_missing_or_unavailable
06037000150,Los Angeles County fallback SVI tract 150,3140,43.81,10.8,12.7,5.3,11.1,33.548151,-118.756754,LA County / CDC SVI style,simulated_fallback_due_download_missing_or_unavailable
06037000151,Los Angeles County fallback SVI tract 151,4506,46.1,10.7,13.6,6.9,11.6,34.381624,-117.85735600000001,LA County / CDC SVI style,simulated_fallback_due_download_missing_or_unavailable
06037000152,Los Angeles County fallback SVI tract 152,3686,38.22,6.7,3.5,18.9,13.0,33.992632,-118.735275,LA County / CDC SVI style,simulated_fallback_due_download_missing_or_unavailable
06037000153,Los Angeles County fallback SVI tract 153,6765,28.75,14.8,8.7,6.7,4.8,33.571197,-117.88988300000001,LA County / CDC SVI style,simulated_fallback_due_download_missing_or_unavailable
06037000154,Los Angeles County fallback SVI tract 154,4054,66.06,23.3,13.7,21.6,8.6,33.961239,-118.177637,LA County / CDC SVI style,simulated_fallback_due_download_missing_or_unavailable
06037000155,Los Angeles County fallback SVI tract 155,6498,63.15,22.1,10.7,15.1,15.5,34.773827,-118.64154599999999,LA County / CDC SVI style,simulated_fallback_due_download_missing_or_unavailable
06037000156,Los Angeles County fallback SVI tract 156,6346,52.32,3.1,8.5,21.4,16.5,33.14539799999999,-117.882279,LA County / CDC SVI style,simulated_fallback_due_download_missing_or_unavailable
06037000157,Los Angeles County fallback SVI tract 157,1591,61.15,7.3,10.3,20.0,21.6,32.996834,-118.836379,LA County / CDC SVI style,simulated_fallback_due_download_missing_or_unavailable
06037000158,Los Angeles County fallback SVI tract 158,4804,59.52,16.3,5.7,22.0,21.0,34.238865,-118.633026,LA County / CDC SVI style,simulated_fallback_due_download_missing_or_unavailable
06037000159,Los Angeles County fallback SVI tract 159,3598,42.77,9.5,12.0,11.2,10.3,33.068963999999994,-118.775865,LA County / CDC SVI style,simulated_fallback_due_download_missing_or_unavailable
06037000160,Los Angeles County fallback SVI tract 160,7192,42.3,21.2,6.5,7.9,19.8,34.457805,-117.75173500000001,LA County / CDC SVI style,simulated_fallback_due_download_missing_or_unavailable
06037000161,Los Angeles County fallback SVI tract 161,6335,47.62,3.8,11.7,22.5,7.6,33.624266999999996,-118.51694499999999,LA County / CDC SVI style,simulated_fallback_due_download_missing_or_unavailable
06037000162,Los Angeles County fallback SVI tract 162,6886,42.91,12.2,14.4,18.9,4.0,33.271226,-117.771782,LA County / CDC SVI style,simulated_fallback_due_download_missing_or_unavailable
06037000163,Los Angeles County fallback SVI tract 163,2676,55.61,24.4,2.1,19.7,21.5,34.241168,-117.65751700000001,LA County / CDC SVI style,simulated_fallback_due_download_missing_or_unavailable
06037000164,Los Angeles County fallback SVI tract 164,6419,36.88,17.7,4.8,12.0,12.6,34.638409,-118.732901,LA County / CDC SVI style,simulated_fallback_due_download_missing_or_unavailable
06037000165,Los Angeles County fallback SVI tract 165,7120,57.84,18.0,8.1,20.3,11.6,33.154655000000005,-118.81830400000001,LA County / CDC SVI style,simulated_fallback_due_download_missing_or_unavailable
06037000166,Los Angeles County fallback SVI tract 166,1803,49.28,14.6,4.6,13.6,19.3,33.6057,-118.18219300000001,LA County / CDC SVI style,simulated_fallback_due_download_missing_or_unavailable
06037000167,Los Angeles County fallback SVI tract 167,3236,47.86,13.0,11.2,22.8,10.7,33.641940999999996,-117.847515,LA County / CDC SVI style,simulated_fallback_due_download_missing_or_unavailable
06037000168,Los Angeles County fallback SVI tract 168,1996,32.2,13.8,3.6,6.4,17.8,33.60679699999999,-118.269409,LA County / CDC SVI style,simulated_fallback_due_download_missing_or_unavailable
06037000169,Los Angeles County fallback SVI tract 169,6794,65.45,35.8,6.0,19.8,9.5,34.467024,-118.14523100000001,LA County / CDC SVI style,simulated_fallback_due_download_missing_or_unavailable
06037000170,Los Angeles County fallback SVI tract 170,4843,53.12,33.7,5.9,9.4,5.0,33.675118,-118.563256,LA County / CDC SVI style,simulated_fallback_due_download_missing_or_unavailable
06037000171,Los Angeles County fallback SVI tract 171,2129,48.13,13.7,10.5,21.6,6.5,34.102335000000004,-117.884424,LA County / CDC SVI style,simulated_fallback_due_download_missing_or_unavailable
06037000172,Los Angeles County fallback SVI tract 172,1487,30.23,7.5,7.3,8.0,12.4,33.802387,-118.816419,LA County / CDC SVI style,simulated_fallback_due_download_missing_or_unavailable
06037000173,Los Angeles County fallback SVI tract 173,5210,41.84,15.4,14.7,7.6,10.7,33.94083,-118.848333,LA County / CDC SVI style,simulated_fallback_due_download_missing_or_unavailable
06037000174,Los Angeles County fallback SVI tract 174,3229,65.43,25.5,9.0,15.3,15.9,34.299796,-117.75974299999999,LA County / CDC SVI style,simulated_fallback_due_download_missing_or_unavailable
06037000175,Los Angeles County fallback SVI tract 175,4895,58.59,35.6,5.4,12.7,19.4,33.765556,-118.175794,LA County / CDC SVI style,simulated_fallback_due_download_missing_or_unavailable
06037000176,Los Angeles County fallback SVI tract 176,2260,58.39,21.4,10.4,15.6,7.4,34.144176,-118.049901,LA County / CDC SVI style,simulated_fallback_due_download_missing_or_unavailable
06037000177,Los Angeles County fallback SVI tract 177,3311,63.29,27.4,12.1,15.9,17.2,33.563981,-117.97624599999999,LA County / CDC SVI style,simulated_fallback_due_download_missing_or_unavailable
06037000178,Los Angeles County fallback SVI tract 178,2447,57.25,18.9,11.5,14.9,6.2,32.982276,-118.476435,LA County / CDC SVI style,simulated_fallback_due_download_missing_or_unavailable
06037000179,Los Angeles County fallback SVI tract 179,4942,48.42,20.8,6.3,11.1,6.7,32.894181999999994,-118.248459,LA County / CDC SVI style,simulated_fallback_due_download_missing_or_unavailable
06037000180,Los Angeles County fallback SVI tract 180,6699,36.84,12.4,7.7,12.0,7.7,32.98364,-118.31399300000001,LA County / CDC SVI style,simulated_fallback_due_download_missing_or_unavailable
06037000181,Los Angeles County fallback SVI tract 181,4868,49.22,8.4,6.0,22.0,18.2,32.759169,-118.508305,LA County / CDC SVI style,simulated_fallback_due_download_missing_or_unavailable
06037000182,Los Angeles County fallback SVI tract 182,7142,48.6,14.2,9.9,5.4,19.7,34.155373,-118.171099,LA County / CDC SVI style,simulated_fallback_due_download_missing_or_unavailable
06037000183,Los Angeles County fallback SVI tract 183,1532,45.01,18.4,13.3,9.1,8.0,33.58591,-118.05096,LA County / CDC SVI style,simulated_fallback_due_download_missing_or_unavailable
06037000184,Los Angeles County fallback SVI tract 184,1012,48.6,15.5,1.7,17.0,15.4,34.409456999999996,-118.094039,LA County / CDC SVI style,simulated_fallback_due_download_missing_or_unavailable
06037000185,Los Angeles County fallback SVI tract 185,2868,41.77,14.1,11.8,13.4,10.8,32.891059,-117.80312599999999,LA County / CDC SVI style,simulated_fallback_due_download_missing_or_unavailable
06037000186,Los Angeles County fallback SVI tract 186,2257,60.18,31.4,3.5,21.4,12.2,34.765083,-118.938341,LA County / CDC SVI style,simulated_fallback_due_download_missing_or_unavailable
06037000187,Los Angeles County fallback SVI tract 187,3402,46.2,12.2,5.3,19.4,16.5,33.492051,-118.47860299999999,LA County / CDC SVI style,simulated_fallback_due_download_missing_or_unavailable
06037000188,Los Angeles County fallback SVI tract 188,4256,58.78,28.6,3.2,15.5,11.8,34.677164999999995,-117.99304199999999,LA County / CDC SVI style,simulated_fallback_due_download_missing_or_unavailable
06037000189,Los Angeles County fallback SVI tract 189,3479,33.75,4.0,7.7,13.1,13.7,34.109024999999995,-118.509984,LA County / CDC SVI style,simulated_fallback_due_download_missing_or_unavailable
06037000190,Los Angeles County fallback SVI tract 190,5471,75.07,28.8,10.8,17.6,20.9,32.964910999999994,-118.90272,LA County / CDC SVI style,simulated_fallback_due_download_missing_or_unavailable
06037000191,Los Angeles County fallback SVI tract 191,1013,46.79,15.4,6.2,20.3,10.8,33.890903,-117.981737,LA County / CDC SVI style,simulated_fallback_due_download_missing_or_unavailable
06037000192,Los Angeles County fallback SVI tract 192,908,56.34,32.1,10.6,16.2,5.1,33.812658,-118.273533,LA County / CDC SVI style,simulated_fallback_due_download_missing_or_unavailable
06037000193,Los Angeles County fallback SVI tract 193,4396,36.61,14.7,2.1,22.0,8.1,33.693899,-118.42913800000001,LA County / CDC SVI style,simulated_fallback_due_download_missing_or_unavailable
06037000194,Los Angeles County fallback SVI tract 194,4010,62.8,37.5,2.4,22.8,7.2,34.05666899999999,-117.85005899999999,LA County / CDC SVI style,simulated_fallback_due_download_missing_or_unavailable
06037000195,Los Angeles County fallback SVI tract 195,4389,28.14,3.4,12.0,12.3,7.9,34.42566899999999,-117.782132,LA County / CDC SVI style,simulated_fallback_due_download_missing_or_unavailable
06037000196,Los Angeles County fallback SVI tract 196,2371,39.78,18.1,1.6,9.0,18.0,33.777449000000004,-118.791564,LA County / CDC SVI style,simulated_fallback_due_download_missing_or_unavailable
06037000197,Los Angeles County fallback SVI tract 197,6438,52.1,24.6,3.7,17.8,12.6,32.759732,-118.644468,LA County / CDC SVI style,simulated_fallback_due_download_missing_or_unavailable
06037000198,Los Angeles County fallback SVI tract 198,1454,52.22,24.3,8.3,15.6,5.2,33.461164,-118.414831,LA County / CDC SVI style,simulated_fallback_due_download_missing_or_unavailable
06037000199,Los Angeles County fallback SVI tract 199,4738,59.95,36.6,9.4,9.3,6.4,32.827146,-117.82852199999999,LA County / CDC SVI style,simulated_fallback_due_download_missing_or_unavailable
06037000200,Los Angeles County fallback SVI tract 200,3933,58.86,14.9,7.1,18.9,18.2,33.505825,-118.874653,LA County / CDC SVI style,simulated_fallback_due_download_missing_or_unavailable
06037000201,Los Angeles County fallback SVI tract 201,5041,60.63,26.8,3.3,19.2,19.0,33.221191,-118.03229900000001,LA County / CDC SVI style,simulated_fallback_due_download_missing_or_unavailable
06037000202,Los Angeles County fallback SVI tract 202,5558,76.98,23.6,14.6,17.3,19.2,33.990941,-118.860735,LA County / CDC SVI style,simulated_fallback_due_download_missing_or_unavailable
06037000203,Los Angeles County fallback SVI tract 203,3245,47.13,21.8,10.8,15.4,6.5,34.05322,-118.737358,LA County / CDC SVI style,simulated_fallback_due_download_missing_or_unavailable
06037000204,Los Angeles County fallback SVI tract 204,6909,43.11,23.4,1.6,8.0,17.3,34.35701399999999,-117.700171,LA County / CDC SVI style,simulated_fallback_due_download_missing_or_unavailable
06037000205,Los Angeles County fallback SVI tract 205,6768,63.28,21.4,13.8,20.6,5.3,33.520196,-118.75966799999999,LA County / CDC SVI style,simulated_fallback_due_download_missing_or_unavailable
06037000206,Los Angeles County fallback SVI tract 206,926,51.98,20.0,6.3,23.0,8.3,33.623712,-117.983484,LA County / CDC SVI style,simulated_fallback_due_download_missing_or_unavailable
06037000207,Los Angeles County fallback SVI tract 207,1696,37.59,3.1,14.6,18.0,9.0,33.457854999999995,-117.89363900000001,LA County / CDC SVI style,simulated_fallback_due_download_missing_or_unavailable
06037000208,Los Angeles County fallback SVI tract 208,5415,67.06,14.8,13.2,15.2,21.1,32.925718,-118.60598999999999,LA County / CDC SVI style,simulated_fallback_due_download_missing_or_unavailable
06037000209,Los Angeles County fallback SVI tract 209,5446,51.21,28.0,4.5,22.3,9.2,33.814311999999994,-118.44305999999999,LA County / CDC SVI style,simulated_fallback_due_download_missing_or_unavailable
06037000210,Los Angeles County fallback SVI tract 210,5103,39.31,10.9,5.5,13.9,17.5,34.335018000000005,-118.224229,LA County / CDC SVI style,simulated_fallback_due_download_missing_or_unavailable
06037000211,Los Angeles County fallback SVI tract 211,1330,55.59,11.1,13.7,23.7,6.0,33.32351,-118.513899,LA County / CDC SVI style,simulated_fallback_due_download_missing_or_unavailable
06037000212,Los Angeles County fallback SVI tract 212,5679,37.8,5.5,13.9,6.9,16.8,33.01663,-118.394847,LA County / CDC SVI style,simulated_fallback_due_download_missing_or_unavailable
06037000213,Los Angeles County fallback SVI tract 213,3859,49.59,26.5,8.2,8.2,15.8,34.601328,-118.733547,LA County / CDC SVI style,simulated_fallback_due_download_missing_or_unavailable
06037000214,Los Angeles County fallback SVI tract 214,2801,66.83,26.3,12.0,21.4,13.2,33.755912,-118.80692099999999,LA County / CDC SVI style,simulated_fallback_due_download_missing_or_unavailable
06037000215,Los Angeles County fallback SVI tract 215,1053,49.75,14.6,4.9,17.2,12.6,34.550861999999995,-118.558551,LA County / CDC SVI style,simulated_fallback_due_download_missing_or_unavailable
06037000216,Los Angeles County fallback SVI tract 216,1593,62.58,22.3,3.9,23.5,20.7,33.768434,-117.672566,LA County / CDC SVI style,simulated_fallback_due_download_missing_or_unavailable
06037000217,Los Angeles County fallback SVI tract 217,3620,53.81,31.4,7.4,9.0,12.1,34.410176,-117.89846800000001,LA County / CDC SVI style,simulated_fallback_due_download_missing_or_unavailable
06037000218,Los Angeles County fallback SVI tract 218,2250,56.99,30.0,1.9,16.5,19.3,34.410641999999996,-118.28964799999999,LA County / CDC SVI style,simulated_fallback_due_download_missing_or_unavailable
06037000219,Los Angeles County fallback SVI tract 219,3217,39.22,3.8,10.1,10.5,8.7,33.829488,-118.291544,LA County / CDC SVI style,simulated_fallback_due_download_missing_or_unavailable
06037000220,Los Angeles County fallback SVI tract 220,5890,62.79,24.4,11.9,13.7,20.3,33.93666,-117.864672,LA County / CDC SVI style,simulated_fallback_due_download_missing_or_unavailable
06037000221,Los Angeles County fallback SVI tract 221,3206,40.53,20.9,7.5,5.3,5.4,34.078810999999995,-118.85102400000001,LA County / CDC SVI style,simulated_fallback_due_download_missing_or_unavailable
06037000222,Los Angeles County fallback SVI tract 222,5717,45.88,10.4,10.5,15.8,18.5,33.855742,-118.618281,LA County / CDC SVI style,simulated_fallback_due_download_missing_or_unavailable
06037000223,Los Angeles County fallback SVI tract 223,1820,28.05,10.4,1.5,7.7,17.3,33.851048000000006,-118.15942700000001,LA County / CDC SVI style,simulated_fallback_due_download_missing_or_unavailable
06037000224,Los Angeles County fallback SVI tract 224,3456,28.96,9.9,1.6,12.0,9.8,32.952436,-118.79162899999999,LA County / CDC SVI style,simulated_fallback_due_download_missing_or_unavailable
06037000225,Los Angeles County fallback SVI tract 225,6866,48.95,14.5,5.5,20.1,7.3,33.442196,-117.910315,LA County / CDC SVI style,simulated_fallback_due_download_missing_or_unavailable
06037000226,Los Angeles County fallback SVI tract 226,4084,40.57,23.2,3.0,8.3,20.1,33.979758999999994,-118.12535700000001,LA County / CDC SVI style,simulated_fallback_due_download_missing_or_unavailable
06037000227,Los Angeles County fallback SVI tract 227,1634,59.81,23.2,6.2,22.2,11.8,34.279512000000004,-118.924426,LA County / CDC SVI style,simulated_fallback_due_download_missing_or_unavailable
06037000228,Los Angeles County fallback SVI tract 228,4971,57.5,33.8,12.5,16.1,7.1,32.847736,-117.67861599999999,LA County / CDC SVI style,simulated_fallback_due_download_missing_or_unavailable
06037000229,Los Angeles County fallback SVI tract 229,4937,43.0,17.5,12.6,6.7,7.4,34.399947,-118.878226,LA County / CDC SVI style,simulated_fallback_due_download_missing_or_unavailable
06037000230,Los Angeles County fallback SVI tract 230,6001,56.77,26.0,2.0,19.3,19.5,33.648439999999994,-118.88212200000001,LA County / CDC SVI style,simulated_fallback_due_download_missing_or_unavailable
06037000231,Los Angeles County fallback SVI tract 231,3874,71.54,31.1,14.4,18.0,12.7,32.95482499999999,-118.51396399999999,LA County / CDC SVI style,simulated_fallback_due_download_missing_or_unavailable
06037000232,Los Angeles County fallback SVI tract 232,3255,70.56,24.7,11.3,22.8,21.1,33.401230999999996,-118.080666,LA County / CDC SVI style,simulated_fallback_due_download_missing_or_unavailable
06037000233,Los Angeles County fallback SVI tract 233,2189,55.63,20.6,2.8,22.4,19.4,33.80815,-117.952657,LA County / CDC SVI style,simulated_fallback_due_download_missing_or_unavailable
06037000234,Los Angeles County fallback SVI tract 234,6763,70.07,32.8,11.2,17.4,10.8,34.818096,-118.31003000000001,LA County / CDC SVI style,simulated_fallback_due_download_missing_or_unavailable
06037000235,Los Angeles County fallback SVI tract 235,4365,54.93,12.8,10.4,20.8,21.9,33.607733999999994,-118.476901,LA County / CDC SVI style,simulated_fallback_due_download_missing_or_unavailable
06037000236,Los Angeles County fallback SVI tract 236,5634,48.57,9.7,13.6,22.2,10.6,34.087683,-118.83815899999999,LA County / CDC SVI style,simulated_fallback_due_download_missing_or_unavailable
06037000237,Los Angeles County fallback SVI tract 237,2585,49.27,16.7,6.3,20.2,7.9,34.012134999999994,-118.32445399999999,LA County / CDC SVI style,simulated_fallback_due_download_missing_or_unavailable
06037000238,Los Angeles County fallback SVI tract 238,3045,67.97,33.7,7.8,9.7,17.5,34.38808099999999,-118.242769,LA County / CDC SVI style,simulated_fallback_due_download_missing_or_unavailable
06037000239,Los Angeles County fallback SVI tract 239,3733,51.35,28.8,8.1,15.9,11.5,34.148626,-118.14756299999999,LA County / CDC SVI style,simulated_fallback_due_download_missing_or_unavailable
06037000240,Los Angeles County fallback SVI tract 240,6356,23.07,7.8,3.7,6.4,11.1,34.006129,-117.756677,LA County / CDC SVI style,simulated_fallback_due_download_missing_or_unavailable
06037000241,Los Angeles County fallback SVI tract 241,2247,70.5,33.2,12.8,18.9,7.6,33.356161,-117.890059,LA County / CDC SVI style,simulated_fallback_due_download_missing_or_unavailable
06037000242,Los Angeles County fallback SVI tract 242,5607,59.07,30.2,5.9,15.9,11.0,33.856244,-117.990782,LA County / CDC SVI style,simulated_fallback_due_download_missing_or_unavailable
06037000243,Los Angeles County fallback SVI tract 243,3287,64.74,12.2,14.1,23.5,21.5,34.435632999999996,-117.870216,LA County / CDC SVI style,simulated_fallback_due_download_missing_or_unavailable
06037000244,Los Angeles County fallback SVI tract 244,5119,44.1,7.3,8.3,16.4,11.0,33.874973,-117.760554,LA County / CDC SVI style,simulated_fallback_due_download_missing_or_unavailable
06037000245,Los Angeles County fallback SVI tract 245,2519,38.01,6.5,5.3,23.2,4.1,34.373726,-118.25416399999999,LA County / CDC SVI style,simulated_fallback_due_download_missing_or_unavailable
06037000246,Los Angeles County fallback SVI tract 246,1707,46.32,21.8,5.0,21.5,7.1,32.764091,-118.072914,LA County / CDC SVI style,simulated_fallback_due_download_missing_or_unavailable
06037000247,Los Angeles County fallback SVI tract 247,5106,63.07,34.1,11.5,9.2,16.2,34.147204,-117.847218,LA County / CDC SVI style,simulated_fallback_due_download_missing_or_unavailable
06037000248,Los Angeles County fallback SVI tract 248,5124,49.54,17.3,5.4,11.7,17.9,33.358701999999994,-118.677818,LA County / CDC SVI style,simulated_fallback_due_download_missing_or_unavailable
06037000249,Los Angeles County fallback SVI tract 249,6091,35.14,8.1,9.2,7.1,12.7,34.10676599999999,-117.76986600000001,LA County / CDC SVI style,simulated_fallback_due_download_missing_or_unavailable
06037000250,Los Angeles County fallback SVI tract 250,2837,51.2,28.2,4.7,6.5,14.6,33.673348,-118.40184199999999,LA County / CDC SVI style,simulated_fallback_due_download_missing_or_unavailable
06037000251,Los Angeles County fallback SVI tract 251,6620,50.89,17.5,14.7,20.3,8.4,34.403513999999994,-118.73573300000001,LA County / CDC SVI style,simulated_fallback_due_download_missing_or_unavailable
06037000252,Los Angeles County fallback SVI tract 252,6925,35.16,4.1,5.8,13.0,11.4,34.764933,-118.574647,LA County / CDC SVI style,simulated_fallback_due_download_missing_or_unavailable
06037000253,Los Angeles County fallback SVI tract 253,3571,54.72,23.9,12.1,6.8,4.5,34.436082,-117.726552,LA County / CDC SVI style,simulated_fallback_due_download_missing_or_unavailable
06037000254,Los Angeles County fallback SVI tract 254,6879,55.9,31.1,2.0,19.8,15.4,33.217997000000004,-117.68373999999999,LA County / CDC SVI style,simulated_fallback_due_download_missing_or_unavailable
06037000255,Los Angeles County fallback SVI tract 255,1783,44.51,13.9,5.6,20.1,13.5,33.487105,-118.170265,LA County / CDC SVI style,simulated_fallback_due_download_missing_or_unavailable
06037000256,Los Angeles County fallback SVI tract 256,3005,65.12,36.6,16.0,5.5,11.1,33.522656,-118.74694500000001,LA County / CDC SVI style,simulated_fallback_due_download_missing_or_unavailable
06037000257,Los Angeles County fallback SVI tract 257,6435,31.31,4.8,13.4,13.9,4.1,33.370191,-117.95313999999999,LA County / CDC SVI style,simulated_fallback_due_download_missing_or_unavailable
06037000258,Los Angeles County fallback SVI tract 258,4382,43.95,21.4,10.6,12.7,8.6,32.980636,-118.350157,LA County / CDC SVI style,simulated_fallback_due_download_missing_or_unavailable
06037000259,Los Angeles County fallback SVI tract 259,2122,31.83,9.6,2.6,6.7,13.0,33.82344499999999,-117.934584,LA County / CDC SVI style,simulated_fallback_due_download_missing_or_unavailable
06037000260,Los Angeles County fallback SVI tract 260,893,60.31,25.1,6.2,13.1,21.1,34.191719,-118.283835,LA County / CDC SVI style,simulated_fallback_due_download_missing_or_unavailable
06037000261,Los Angeles County fallback SVI tract 261,4558,43.32,22.9,13.0,7.3,4.6,34.665651000000004,-118.231122,LA County / CDC SVI style,simulated_fallback_due_download_missing_or_unavailable
06037000262,Los Angeles County fallback SVI tract 262,2964,73.59,36.8,15.5,7.8,10.3,32.987756000000005,-117.74424800000001,LA County / CDC SVI style,simulated_fallback_due_download_missing_or_unavailable
06037000263,Los Angeles County fallback SVI tract 263,4994,67.82,15.1,14.9,20.7,14.3,32.77604899999999,-118.715117,LA County / CDC SVI style,simulated_fallback_due_download_missing_or_unavailable
06037000264,Los Angeles County fallback SVI tract 264,4246,72.08,37.9,13.7,17.0,8.9,33.362325,-118.59032400000001,LA County / CDC SVI style,simulated_fallback_due_download_missing_or_unavailable
06037000265,Los Angeles County fallback SVI tract 265,2361,68.88,23.4,11.5,22.5,11.7,34.109224,-118.793022,LA County / CDC SVI style,simulated_fallback_due_download_missing_or_unavailable
06037000266,Los Angeles County fallback SVI tract 266,1204,71.94,25.9,14.0,23.9,7.3,34.609209,-118.46551,LA County / CDC SVI style,simulated_fallback_due_download_missing_or_unavailable
06037000267,Los Angeles County fallback SVI tract 267,2332,62.62,34.8,4.7,21.7,13.0,33.55699499999999,-118.69908000000001,LA County / CDC SVI style,simulated_fallback_due_download_missing_or_unavailable
06037000268,Los Angeles County fallback SVI tract 268,1555,41.62,8.9,11.0,17.6,15.5,33.86293499999999,-118.338328,LA County / CDC SVI style,simulated_fallback_due_download_missing_or_unavailable
06037000269,Los Angeles County fallback SVI tract 269,6104,65.42,24.0,15.3,8.5,17.2,32.850645,-118.36256,LA County / CDC SVI style,simulated_fallback_due_download_missing_or_unavailable
06037000270,Los Angeles County fallback SVI tract 270,6139,60.55,29.4,2.0,20.9,10.4,33.319565,-118.76580799999999,LA County / CDC SVI style,simulated_fallback_due_download_missing_or_unavailable
06037000271,Los Angeles County fallback SVI tract 271,1247,74.05,26.4,12.0,22.8,20.2,33.490531,-118.81502499999999,LA County / CDC SVI style,simulated_fallback_due_download_missing_or_unavailable
06037000272,Los Angeles County fallback SVI tract 272,5247,40.92,19.2,10.4,11.6,6.8,34.420608,-118.65923699999999,LA County / CDC SVI style,simulated_fallback_due_download_missing_or_unavailable
06037000273,Los Angeles County fallback SVI tract 273,1594,46.66,19.5,4.2,21.7,13.7,33.779166,-118.67356,LA County / CDC SVI style,simulated_fallback_due_download_missing_or_unavailable
06037000274,Los Angeles County fallback SVI tract 274,5253,74.72,29.5,11.1,18.2,13.9,34.042535,-118.52103199999999,LA County / CDC SVI style,simulated_fallback_due_download_missing_or_unavailable
06037000275,Los Angeles County fallback SVI tract 275,5169,63.38,22.1,11.1,18.0,19.0,34.251562,-118.21783,LA County / CDC SVI style,simulated_fallback_due_download_missing_or_unavailable
06037000276,Los Angeles County fallback SVI tract 276,6184,46.08,11.6,10.8,13.5,17.2,33.564546,-117.97133699999999,LA County / CDC SVI style,simulated_fallback_due_download_missing_or_unavailable
06037000277,Los Angeles County fallback SVI tract 277,1672,44.35,4.7,11.9,13.5,8.0,34.505584,-118.516255,LA County / CDC SVI style,simulated_fallback_due_download_missing_or_unavailable
06037000278,Los Angeles County fallback SVI tract 278,5302,47.21,8.9,15.8,20.1,4.3,33.451255999999994,-118.20500799999999,LA County / CDC SVI style,simulated_fallback_due_download_missing_or_unavailable
06037000279,Los Angeles County fallback SVI tract 279,6233,43.95,30.8,2.9,18.3,7.1,34.763064,-118.44595799999999,LA County / CDC SVI style,simulated_fallback_due_download_missing_or_unavailable
06037000280,Los Angeles County fallback SVI tract 280,4323,53.12,20.6,10.0,18.4,13.2,32.961758999999994,-118.507037,LA County / CDC SVI style,simulated_fallback_due_download_missing_or_unavailable
06037000281,Los Angeles County fallback SVI tract 281,4833,39.08,8.7,1.5,19.0,20.1,34.499762999999994,-117.752281,LA County / CDC SVI style,simulated_fallback_due_download_missing_or_unavailable
06037000282,Los Angeles County fallback SVI tract 282,5711,42.11,22.2,6.7,11.0,7.6,33.43855799999999,-118.815159,LA County / CDC SVI style,simulated_fallback_due_download_missing_or_unavailable
06037000283,Los Angeles County fallback SVI tract 283,1452,39.44,3.2,13.2,12.1,7.0,33.750921,-118.23578,LA County / CDC SVI style,simulated_fallback_due_download_missing_or_unavailable
06037000284,Los Angeles County fallback SVI tract 284,5180,62.87,37.8,13.9,13.9,7.1,34.311943,-118.02329399999999,LA County / CDC SVI style,simulated_fallback_due_download_missing_or_unavailable
06037000285,Los Angeles County fallback SVI tract 285,5463,66.04,35.9,12.2,9.1,4.6,33.112433,-117.92057700000001,LA County / CDC SVI style,simulated_fallback_due_download_missing_or_unavailable
06037000286,Los Angeles County fallback SVI tract 286,3264,65.18,26.7,12.1,23.1,9.2,34.176169,-118.912609,LA County / CDC SVI style,simulated_fallback_due_download_missing_or_unavailable
06037000287,Los Angeles County fallback SVI tract 287,4235,55.13,16.9,10.4,11.6,17.0,33.240034,-118.2071,LA County / CDC SVI style,simulated_fallback_due_download_missing_or_unavailable
06037000288,Los Angeles County fallback SVI tract 288,4770,56.69,25.2,1.9,13.8,20.0,34.538237,-118.21069800000001,LA County / CDC SVI style,simulated_fallback_due_download_missing_or_unavailable
06037000289,Los Angeles County fallback SVI tract 289,1480,61.91,8.1,11.0,22.8,20.7,33.179849000000004,-118.28799799999999,LA County / CDC SVI style,simulated_fallback_due_download_missing_or_unavailable
06037000290,Los Angeles County fallback SVI tract 290,2178,43.0,13.6,13.3,9.6,4.1,33.390488,-118.36261200000001,LA County / CDC SVI style,simulated_fallback_due_download_missing_or_unavailable
06037000291,Los Angeles County fallback SVI tract 291,2325,45.13,17.8,7.5,19.8,12.5,34.705778,-117.78800999999999,LA County / CDC SVI style,simulated_fallback_due_download_missing_or_unavailable
06037000292,Los Angeles County fallback SVI tract 292,5909,39.4,8.8,4.0,12.7,16.9,33.432126000000004,-118.797669,LA County / CDC SVI style,simulated_fallback_due_download_missing_or_unavailable
06037000293,Los Angeles County fallback SVI tract 293,2566,63.97,33.9,7.9,12.7,18.9,33.081426,-118.14330600000001,LA County / CDC SVI style,simulated_fallback_due_download_missing_or_unavailable
06037000294,Los Angeles County fallback SVI tract 294,6914,70.25,33.5,12.3,16.8,15.8,34.155024,-118.059831,LA County / CDC SVI style,simulated_fallback_due_download_missing_or_unavailable
06037000295,Los Angeles County fallback SVI tract 295,2585,60.03,35.2,6.1,11.9,16.3,34.173401,-118.28662100000001,LA County / CDC SVI style,simulated_fallback_due_download_missing_or_unavailable
06037000296,Los Angeles County fallback SVI tract 296,7031,49.27,12.7,5.7,24.0,9.4,33.459292999999995,-118.57046,LA County / CDC SVI style,simulated_fallback_due_download_missing_or_unavailable
06037000297,Los Angeles County fallback SVI tract 297,3294,48.09,3.4,12.4,22.1,12.4,33.852589,-118.77670900000001,LA County / CDC SVI style,simulated_fallback_due_download_missing_or_unavailable
06037000298,Los Angeles County fallback SVI tract 298,6588,46.41,21.1,10.4,8.1,10.2,33.204428,-118.31499199999999,LA County / CDC SVI style,simulated_fallback_due_download_missing_or_unavailable
06037000299,Los Angeles County fallback SVI tract 299,1091,40.69,23.3,6.9,7.8,10.0,32.950061999999996,-118.47320400000001,LA County / CDC SVI style,simulated_fallback_due_download_missing_or_unavailable
06037000300,Los Angeles County fallback SVI tract 300,5979,28.97,6.7,10.3,13.4,7.6,34.016734,-118.25147,LA County / CDC SVI style,simulated_fallback_due_download_missing_or_unavailable
06037000301,Los Angeles County fallback SVI tract 301,5338,40.5,33.4,5.9,6.9,5.5,34.791012,-118.43689400000001,LA County / CDC SVI style,simulated_fallback_due_download_missing_or_unavailable
06037000302,Los Angeles County fallback SVI tract 302,2578,56.53,33.8,7.7,8.3,9.7,34.254946000000004,-117.96724400000001,LA County / CDC SVI style,simulated_fallback_due_download_missing_or_unavailable
06037000303,Los Angeles County fallback SVI tract 303,1251,40.68,22.0,3.6,15.5,7.1,34.169652,-117.98706,LA County / CDC SVI style,simulated_fallback_due_download_missing_or_unavailable
06037000304,Los Angeles County fallback SVI tract 304,6367,63.47,23.3,11.3,13.2,18.2,33.003328,-117.999919,LA County / CDC SVI style,simulated_fallback_due_download_missing_or_unavailable
06037000305,Los Angeles County fallback SVI tract 305,6582,41.62,18.1,7.0,9.4,18.5,34.376811,-118.578788,LA County / CDC SVI style,simulated_fallback_due_download_missing_or_unavailable
06037000306,Los Angeles County fallback SVI tract 306,4465,41.76,9.9,7.2,17.5,19.8,34.101094,-117.752142,LA County / CDC SVI style,simulated_fallback_due_download_missing_or_unavailable
06037000307,Los Angeles County fallback SVI tract 307,2563,50.45,28.3,4.9,5.8,12.0,33.59730999999999,-118.50215,LA County / CDC SVI style,simulated_fallback_due_download_missing_or_unavailable
06037000308,Los Angeles County fallback SVI tract 308,1747,48.58,17.1,13.2,7.3,10.9,34.505442,-117.968255,LA County / CDC SVI style,simulated_fallback_due_download_missing_or_unavailable
06037000309,Los Angeles County fallback SVI tract 309,5317,62.69,36.0,5.6,17.2,13.8,32.958455,-118.344905,LA County / CDC SVI style,simulated_fallback_due_download_missing_or_unavailable
06037000310,Los Angeles County fallback SVI tract 310,5337,65.73,27.7,14.5,11.4,15.8,33.046209999999995,-118.076126,LA County / CDC SVI style,simulated_fallback_due_download_missing_or_unavailable
06037000311,Los Angeles County fallback SVI tract 311,6240,38.78,18.5,2.3,12.0,5.0,33.914193,-118.59348399999999,LA County / CDC SVI style,simulated_fallback_due_download_missing_or_unavailable
06037000312,Los Angeles County fallback SVI tract 312,4981,73.72,33.3,9.8,22.4,11.2,33.715277,-118.18125,LA County / CDC SVI style,simulated_fallback_due_download_missing_or_unavailable
06037000313,Los Angeles County fallback SVI tract 313,3540,60.24,24.7,11.0,9.3,14.9,32.900359,-118.70039899999999,LA County / CDC SVI style,simulated_fallback_due_download_missing_or_unavailable
06037000314,Los Angeles County fallback SVI tract 314,4436,54.11,25.5,11.4,13.6,15.1,33.928862,-118.45967399999999,LA County / CDC SVI style,simulated_fallback_due_download_missing_or_unavailable
06037000315,Los Angeles County fallback SVI tract 315,6183,62.89,26.5,15.4,18.4,11.4,34.084680000000006,-118.70420899999999,LA County / CDC SVI style,simulated_fallback_due_download_missing_or_unavailable
06037000316,Los Angeles County fallback SVI tract 316,5039,51.67,16.7,7.7,16.8,11.5,33.962334999999996,-117.66082899999999,LA County / CDC SVI style,simulated_fallback_due_download_missing_or_unavailable
06037000317,Los Angeles County fallback SVI tract 317,1716,57.2,37.3,2.5,19.4,16.7,34.032985999999994,-117.779448,LA County / CDC SVI style,simulated_fallback_due_download_missing_or_unavailable
06037000318,Los Angeles County fallback SVI tract 318,4091,38.45,9.3,13.8,7.1,11.5,34.13056099999999,-118.910378,LA County / CDC SVI style,simulated_fallback_due_download_missing_or_unavailable
06037000319,Los Angeles County fallback SVI tract 319,4461,68.75,31.1,9.4,23.9,17.0,34.758864,-118.06309200000001,LA County / CDC SVI style,simulated_fallback_due_download_missing_or_unavailable
06037000320,Los Angeles County fallback SVI tract 320,1742,72.97,36.5,13.3,6.2,16.1,33.072828,-118.536222,LA County / CDC SVI style,simulated_fallback_due_download_missing_or_unavailable
06037000321,Los Angeles County fallback SVI tract 321,6558,51.36,31.0,2.7,12.7,9.2,32.899051,-118.26780199999999,LA County / CDC SVI style,simulated_fallback_due_download_missing_or_unavailable
06037000322,Los Angeles County fallback SVI tract 322,3283,63.98,26.3,12.4,18.2,9.4,34.100348999999994,-118.07409499999999,LA County / CDC SVI style,simulated_fallback_due_download_missing_or_unavailable
06037000323,Los Angeles County fallback SVI tract 323,5036,28.74,10.1,4.9,16.9,6.9,33.251156,-118.52586699999999,LA County / CDC SVI style,simulated_fallback_due_download_missing_or_unavailable
06037000324,Los Angeles County fallback SVI tract 324,1975,52.7,32.9,2.2,13.8,18.3,34.029374,-118.40455,LA County / CDC SVI style,simulated_fallback_due_download_missing_or_unavailable
06037000325,Los Angeles County fallback SVI tract 325,2010,42.83,13.8,11.0,15.3,4.9,33.87102599999999,-118.43687600000001,LA County / CDC SVI style,simulated_fallback_due_download_missing_or_unavailable
06037000326,Los Angeles County fallback SVI tract 326,6610,66.51,25.7,13.2,15.5,13.7,33.769886,-118.53020900000001,LA County / CDC SVI style,simulated_fallback_due_download_missing_or_unavailable
06037000327,Los Angeles County fallback SVI tract 327,5506,68.33,37.2,8.3,19.2,14.3,32.807271,-117.90509899999999,LA County / CDC SVI style,simulated_fallback_due_download_missing_or_unavailable
06037000328,Los Angeles County fallback SVI tract 328,2486,29.63,7.0,5.2,15.1,6.3,33.033373,-117.956007,LA County / CDC SVI style,simulated_fallback_due_download_missing_or_unavailable
06037000329,Los Angeles County fallback SVI tract 329,4492,40.44,14.2,9.2,8.5,20.0,33.372182,-118.34438399999999,LA County / CDC SVI style,simulated_fallback_due_download_missing_or_unavailable
06037000330,Los Angeles County fallback SVI tract 330,3318,65.57,23.4,12.3,21.9,12.9,32.873578,-118.052955,LA County / CDC SVI style,simulated_fallback_due_download_missing_or_unavailable
06037000331,Los Angeles County fallback SVI tract 331,6655,60.52,14.0,14.9,21.4,13.4,33.559436,-118.32222100000001,LA County / CDC SVI style,simulated_fallback_due_download_missing_or_unavailable
06037000332,Los Angeles County fallback SVI tract 332,5965,29.67,8.4,9.3,12.0,5.9,33.717217999999995,-118.104439,LA County / CDC SVI style,simulated_fallback_due_download_missing_or_unavailable
06037000333,Los Angeles County fallback SVI tract 333,5689,56.96,22.1,7.9,6.3,21.7,32.82646199999999,-117.72444,LA County / CDC SVI style,simulated_fallback_due_download_missing_or_unavailable
06037000334,Los Angeles County fallback SVI tract 334,6142,68.57,24.9,7.2,23.1,18.3,33.470589000000004,-117.917386,LA County / CDC SVI style,simulated_fallback_due_download_missing_or_unavailable
06037000335,Los Angeles County fallback SVI tract 335,6725,45.86,15.5,8.4,17.9,12.1,33.231658,-118.324297,LA County / CDC SVI style,simulated_fallback_due_download_missing_or_unavailable
06037000336,Los Angeles County fallback SVI tract 336,1378,48.72,20.5,13.9,6.5,9.5,33.352505,-118.127838,LA County / CDC SVI style,simulated_fallback_due_download_missing_or_unavailable
06037000337,Los Angeles County fallback SVI tract 337,2303,69.03,30.2,9.6,15.4,15.6,34.606829,-118.437243,LA County / CDC SVI style,simulated_fallback_due_download_missing_or_unavailable
06037000338,Los Angeles County fallback SVI tract 338,4668,66.69,35.3,15.2,7.3,17.2,33.36619699999999,-118.453099,LA County / CDC SVI style,simulated_fallback_due_download_missing_or_unavailable
06037000339,Los Angeles County fallback SVI tract 339,3302,54.59,31.0,8.1,15.4,11.7,33.004073,-117.755873,LA County / CDC SVI style,simulated_fallback_due_download_missing_or_unavailable
06037000340,Los Angeles County fallback SVI tract 340,5763,39.86,8.2,1.8,23.5,13.3,34.173073,-117.762312,LA County / CDC SVI style,simulated_fallback_due_download_missing_or_unavailable
06037000341,Los Angeles County fallback SVI tract 341,3891,44.31,6.4,13.3,16.4,4.7,33.862998,-118.06922300000001,LA County / CDC SVI style,simulated_fallback_due_download_missing_or_unavailable
06037000342,Los Angeles County fallback SVI tract 342,964,31.03,10.5,7.9,10.1,8.2,34.334187,-118.410518,LA County / CDC SVI style,simulated_fallback_due_download_missing_or_unavailable
06037000343,Los Angeles County fallback SVI tract 343,1532,37.66,16.5,2.0,9.0,21.5,32.756774,-118.329011,LA County / CDC SVI style,simulated_fallback_due_download_missing_or_unavailable
06037000344,Los Angeles County fallback SVI tract 344,6570,38.87,31.5,3.0,10.9,5.1,33.546895,-118.80500500000001,LA County / CDC SVI style,simulated_fallback_due_download_missing_or_unavailable
06037000345,Los Angeles County fallback SVI tract 345,1699,54.85,27.5,8.7,10.7,10.9,33.74142499999999,-118.90745,LA County / CDC SVI style,simulated_fallback_due_download_missing_or_unavailable
06037000346,Los Angeles County fallback SVI tract 346,3874,55.21,15.4,12.1,19.7,11.7,33.985042,-118.442256,LA County / CDC SVI style,simulated_fallback_due_download_missing_or_unavailable
06037000347,Los Angeles County fallback SVI tract 347,5748,46.3,25.8,9.1,9.3,7.7,33.738254,-118.07127700000001,LA County / CDC SVI style,simulated_fallback_due_download_missing_or_unavailable
06037000348,Los Angeles County fallback SVI tract 348,6890,34.08,23.5,3.5,7.2,9.1,33.442733999999994,-117.664025,LA County / CDC SVI style,simulated_fallback_due_download_missing_or_unavailable
06037000349,Los Angeles County fallback SVI tract 349,6385,34.5,5.6,3.4,7.9,15.2,33.046293000000006,-118.27114200000001,LA County / CDC SVI style,simulated_fallback_due_download_missing_or_unavailable
06037000350,Los Angeles County fallback SVI tract 350,4589,38.89,8.5,6.7,21.2,4.0,34.671633,-117.83047900000001,LA County / CDC SVI style,simulated_fallback_due_download_missing_or_unavailable
06037000351,Los Angeles County fallback SVI tract 351,6685,37.17,21.5,3.4,10.8,7.9,34.193921,-118.628045,LA County / CDC SVI style,simulated_fallback_due_download_missing_or_unavailable
06037000352,Los Angeles County fallback SVI tract 352,2940,52.33,36.3,3.2,12.7,16.5,33.134668,-118.17808199999999,LA County / CDC SVI style,simulated_fallback_due_download_missing_or_unavailable
06037000353,Los Angeles County fallback SVI tract 353,7157,47.02,10.2,8.6,9.0,16.5,33.80446499999999,-118.54976900000001,LA County / CDC SVI style,simulated_fallback_due_download_missing_or_unavailable
06037000354,Los Angeles County fallback SVI tract 354,3922,48.0,11.1,9.7,14.3,19.4,33.296048,-117.68663799999999,LA County / CDC SVI style,simulated_fallback_due_download_missing_or_unavailable
06037000355,Los Angeles County fallback SVI tract 355,5236,47.0,31.7,5.0,6.4,11.1,32.863073,-118.218149,LA County / CDC SVI style,simulated_fallback_due_download_missing_or_unavailable
06037000356,Los Angeles County fallback SVI tract 356,3022,31.3,11.1,7.0,6.2,4.7,34.210893,-118.569154,LA County / CDC SVI style,simulated_fallback_due_download_missing_or_unavailable
06037000357,Los Angeles County fallback SVI tract 357,1656,58.96,28.3,14.5,6.3,19.1,33.07324,-118.941671,LA County / CDC SVI style,simulated_fallback_due_download_missing_or_unavailable
06037000358,Los Angeles County fallback SVI tract 358,5370,38.48,3.3,8.3,12.3,17.7,32.989224,-118.36287899999999,LA County / CDC SVI style,simulated_fallback_due_download_missing_or_unavailable
06037000359,Los Angeles County fallback SVI tract 359,5128,41.5,13.3,3.7,19.1,9.3,33.270604000000006,-118.81241299999999,LA County / CDC SVI style,simulated_fallback_due_download_missing_or_unavailable
06037000360,Los Angeles County fallback SVI tract 360,989,50.92,19.9,1.7,20.7,19.2,32.820254,-118.070571,LA County / CDC SVI style,simulated_fallback_due_download_missing_or_unavailable
06037000361,Los Angeles County fallback SVI tract 361,5572,27.74,25.2,1.9,6.1,6.6,33.233584,-118.33437699999999,LA County / CDC SVI style,simulated_fallback_due_download_missing_or_unavailable
06037000362,Los Angeles County fallback SVI tract 362,5544,63.54,20.2,11.4,15.5,21.5,33.206771999999994,-118.50389700000001,LA County / CDC SVI style,simulated_fallback_due_download_missing_or_unavailable
06037000363,Los Angeles County fallback SVI tract 363,5743,60.46,11.9,15.5,17.4,19.8,34.675219,-118.02446,LA County / CDC SVI style,simulated_fallback_due_download_missing_or_unavailable
06037000364,Los Angeles County fallback SVI tract 364,1892,70.9,29.8,15.3,15.1,13.9,34.076463000000004,-118.920661,LA County / CDC SVI style,simulated_fallback_due_download_missing_or_unavailable
06037000365,Los Angeles County fallback SVI tract 365,1345,57.69,23.0,10.2,17.5,21.6,33.189487,-118.817912,LA County / CDC SVI style,simulated_fallback_due_download_missing_or_unavailable
06037000366,Los Angeles County fallback SVI tract 366,5588,45.87,25.6,3.9,15.2,14.5,33.897511,-118.11190099999999,LA County / CDC SVI style,simulated_fallback_due_download_missing_or_unavailable
06037000367,Los Angeles County fallback SVI tract 367,3786,35.38,9.8,9.3,10.8,13.7,33.242053,-118.42195899999999,LA County / CDC SVI style,simulated_fallback_due_download_missing_or_unavailable
06037000368,Los Angeles County fallback SVI tract 368,4143,24.99,3.6,9.6,7.4,10.4,33.048606,-118.349128,LA County / CDC SVI style,simulated_fallback_due_download_missing_or_unavailable
06037000369,Los Angeles County fallback SVI tract 369,2859,55.53,28.1,7.9,18.9,11.1,33.72313,-118.86182799999999,LA County / CDC SVI style,simulated_fallback_due_download_missing_or_unavailable
06037000370,Los Angeles County fallback SVI tract 370,3185,42.47,6.2,10.1,16.3,12.5,33.163008000000005,-117.972859,LA County / CDC SVI style,simulated_fallback_due_download_missing_or_unavailable
06037000371,Los Angeles County fallback SVI tract 371,5666,42.1,8.3,15.3,6.7,20.2,33.543196,-118.745351,LA County / CDC SVI style,simulated_fallback_due_download_missing_or_unavailable
06037000372,Los Angeles County fallback SVI tract 372,1895,42.34,25.9,3.1,8.9,7.0,34.095327999999995,-118.27085600000001,LA County / CDC SVI style,simulated_fallback_due_download_missing_or_unavailable
06037000373,Los Angeles County fallback SVI tract 373,7016,61.75,32.8,11.9,7.8,12.3,32.933194,-117.873107,LA County / CDC SVI style,simulated_fallback_due_download_missing_or_unavailable
06037000374,Los Angeles County fallback SVI tract 374,4582,59.7,5.0,14.4,21.9,13.9,32.805811,-118.36732300000001,LA County / CDC SVI style,simulated_fallback_due_download_missing_or_unavailable
06037000375,Los Angeles County fallback SVI tract 375,1215,76.12,37.2,15.2,16.7,11.3,33.512357,-118.39994300000001,LA County / CDC SVI style,simulated_fallback_due_download_missing_or_unavailable
06037000376,Los Angeles County fallback SVI tract 376,6038,42.66,20.1,5.4,21.5,10.4,33.0185,-117.919803,LA County / CDC SVI style,simulated_fallback_due_download_missing_or_unavailable
06037000377,Los Angeles County fallback SVI tract 377,3674,70.99,27.3,8.1,20.0,18.4,33.251622999999995,-117.67241999999999,LA County / CDC SVI style,simulated_fallback_due_download_missing_or_unavailable
06037000378,Los Angeles County fallback SVI tract 378,1168,59.6,31.2,7.1,5.6,18.4,32.765367,-117.88378499999999,LA County / CDC SVI style,simulated_fallback_due_download_missing_or_unavailable
06037000379,Los Angeles County fallback SVI tract 379,3976,72.6,34.9,3.9,22.3,18.4,33.271611,-118.41836,LA County / CDC SVI style,simulated_fallback_due_download_missing_or_unavailable
06037000380,Los Angeles County fallback SVI tract 380,6800,48.15,25.1,3.7,16.1,5.7,34.375972000000004,-118.55254400000001,LA County / CDC SVI style,simulated_fallback_due_download_missing_or_unavailable
06037000381,Los Angeles County fallback SVI tract 381,1623,37.58,20.9,4.3,7.8,12.2,34.169079,-118.325453,LA County / CDC SVI style,simulated_fallback_due_download_missing_or_unavailable
06037000382,Los Angeles County fallback SVI tract 382,7073,47.72,24.7,10.1,9.8,13.9,32.877958,-118.82472700000001,LA County / CDC SVI style,simulated_fallback_due_download_missing_or_unavailable
06037000383,Los Angeles County fallback SVI tract 383,3287,39.27,8.8,10.2,7.6,10.5,34.349833000000004,-118.747019,LA County / CDC SVI style,simulated_fallback_due_download_missing_or_unavailable
06037000384,Los Angeles County fallback SVI tract 384,1245,58.12,19.7,12.1,5.3,19.8,33.963737,-117.67203300000001,LA County / CDC SVI style,simulated_fallback_due_download_missing_or_unavailable
06037000385,Los Angeles County fallback SVI tract 385,4991,35.82,4.7,4.1,18.5,7.9,33.675816,-117.985565,LA County / CDC SVI style,simulated_fallback_due_download_missing_or_unavailable
06037000386,Los Angeles County fallback SVI tract 386,5405,59.89,22.4,13.7,7.3,20.4,34.334817,-118.47132500000001,LA County / CDC SVI style,simulated_fallback_due_download_missing_or_unavailable
06037000387,Los Angeles County fallback SVI tract 387,2970,56.41,26.0,5.0,15.4,18.3,33.623865,-118.05072299999999,LA County / CDC SVI style,simulated_fallback_due_download_missing_or_unavailable
06037000388,Los Angeles County fallback SVI tract 388,1774,73.67,36.3,7.9,21.7,7.1,33.520019000000005,-118.20218,LA County / CDC SVI style,simulated_fallback_due_download_missing_or_unavailable
06037000389,Los Angeles County fallback SVI tract 389,6262,75.09,35.6,12.8,18.7,10.1,34.469051,-118.41205299999999,LA County / CDC SVI style,simulated_fallback_due_download_missing_or_unavailable
06037000390,Los Angeles County fallback SVI tract 390,2559,62.06,17.8,7.2,20.9,21.2,34.092052,-117.876696,LA County / CDC SVI style,simulated_fallback_due_download_missing_or_unavailable
06037000391,Los Angeles County fallback SVI tract 391,5978,60.54,25.6,5.4,20.4,14.2,33.055488000000004,-118.302574,LA County / CDC SVI style,simulated_fallback_due_download_missing_or_unavailable
06037000392,Los Angeles County fallback SVI tract 392,5245,48.23,17.6,7.2,23.7,10.7,33.955918,-117.86600899999999,LA County / CDC SVI style,simulated_fallback_due_download_missing_or_unavailable
06037000393,Los Angeles County fallback SVI tract 393,3249,41.59,5.2,10.9,19.5,17.3,33.528549999999996,-117.89821099999999,LA County / CDC SVI style,simulated_fallback_due_download_missing_or_unavailable
06037000394,Los Angeles County fallback SVI tract 394,2327,62.81,34.1,1.7,21.5,9.9,34.019566999999995,-118.84953399999999,LA County / CDC SVI style,simulated_fallback_due_download_missing_or_unavailable
06037000395,Los Angeles County fallback SVI tract 395,6643,55.48,30.9,7.1,20.7,9.2,33.921417,-118.76998800000001,LA County / CDC SVI style,simulated_fallback_due_download_missing_or_unavailable
06037000396,Los Angeles County fallback SVI tract 396,4869,71.57,21.1,15.6,17.1,17.3,32.750185,-118.65485799999999,LA County / CDC SVI style,simulated_fallback_due_download_missing_or_unavailable
06037000397,Los Angeles County fallback SVI tract 397,5772,42.91,7.5,7.2,12.6,15.9,33.053727,-117.765762,LA County / CDC SVI style,simulated_fallback_due_download_missing_or_unavailable
06037000398,Los Angeles County fallback SVI tract 398,5111,69.68,37.1,10.7,5.7,15.5,33.011724,-118.88129599999999,LA County / CDC SVI style,simulated_fallback_due_download_missing_or_unavailable
06037000399,Los Angeles County fallback SVI tract 399,4235,55.02,21.7,11.9,16.0,5.9,34.08625,-118.81569300000001,LA County / CDC SVI style,simulated_fallback_due_download_missing_or_unavailable
06037000400,Los Angeles County fallback SVI tract 400,5124,66.68,20.0,13.8,16.9,13.8,32.978466,-118.22545,LA County / CDC SVI style,simulated_fallback_due_download_missing_or_unavailable
06037000401,Los Angeles County fallback SVI tract 401,2506,22.38,11.6,1.6,9.2,4.5,34.390594,-118.74837,LA County / CDC SVI style,simulated_fallback_due_download_missing_or_unavailable
06037000402,Los Angeles County fallback SVI tract 402,7154,61.94,35.3,6.3,17.4,18.8,33.179927,-118.709215,LA County / CDC SVI style,simulated_fallback_due_download_missing_or_unavailable
06037000403,Los Angeles County fallback SVI tract 403,1201,57.52,13.2,11.3,7.2,21.6,32.763338999999995,-117.999514,LA County / CDC SVI style,simulated_fallback_due_download_missing_or_unavailable
06037000404,Los Angeles County fallback SVI tract 404,1364,53.93,16.0,6.6,22.1,21.4,34.509018,-118.299834,LA County / CDC SVI style,simulated_fallback_due_download_missing_or_unavailable
06037000405,Los Angeles County fallback SVI tract 405,3632,40.7,29.8,8.5,7.9,4.1,33.955397999999995,-118.23273099999999,LA County / CDC SVI style,simulated_fallback_due_download_missing_or_unavailable
06037000406,Los Angeles County fallback SVI tract 406,4011,37.03,5.5,11.5,23.9,6.3,34.214462,-118.28007600000001,LA County / CDC SVI style,simulated_fallback_due_download_missing_or_unavailable
06037000407,Los Angeles County fallback SVI tract 407,5646,56.66,35.1,5.9,6.7,11.5,34.509213,-118.70727199999999,LA County / CDC SVI style,simulated_fallback_due_download_missing_or_unavailable
06037000408,Los Angeles County fallback SVI tract 408,6269,57.91,11.3,11.8,19.5,14.8,32.750190999999994,-117.741007,LA County / CDC SVI style,simulated_fallback_due_download_missing_or_unavailable
06037000409,Los Angeles County fallback SVI tract 409,5322,66.9,36.9,3.3,13.1,15.3,32.802801,-118.37896900000001,LA County / CDC SVI style,simulated_fallback_due_download_missing_or_unavailable
06037000410,Los Angeles County fallback SVI tract 410,6113,29.29,14.3,7.5,8.7,8.3,34.568172999999994,-118.728762,LA County / CDC SVI style,simulated_fallback_due_download_missing_or_unavailable
06037000411,Los Angeles County fallback SVI tract 411,7175,41.16,18.6,3.9,15.1,4.7,32.90152,-118.01337799999999,LA County / CDC SVI style,simulated_fallback_due_download_missing_or_unavailable
06037000412,Los Angeles County fallback SVI tract 412,4828,47.84,5.5,13.4,10.1,18.1,34.560412,-118.662044,LA County / CDC SVI style,simulated_fallback_due_download_missing_or_unavailable
06037000413,Los Angeles County fallback SVI tract 413,1260,45.66,8.6,11.3,6.6,20.4,34.205518,-118.042164,LA County / CDC SVI style,simulated_fallback_due_download_missing_or_unavailable
06037000414,Los Angeles County fallback SVI tract 414,3385,36.31,9.7,5.8,22.5,12.2,33.63848899999999,-118.783763,LA County / CDC SVI style,simulated_fallback_due_download_missing_or_unavailable
06037000415,Los Angeles County fallback SVI tract 415,4237,56.91,4.8,15.5,18.7,14.5,33.014468,-118.855649,LA County / CDC SVI style,simulated_fallback_due_download_missing_or_unavailable
06037000416,Los Angeles County fallback SVI tract 416,3399,48.27,22.0,7.1,16.7,8.4,34.218683999999996,-118.518608,LA County / CDC SVI style,simulated_fallback_due_download_missing_or_unavailable
06037000417,Los Angeles County fallback SVI tract 417,1501,48.68,17.7,9.3,21.0,10.8,33.488172,-118.90342100000001,LA County / CDC SVI style,simulated_fallback_due_download_missing_or_unavailable
06037000418,Los Angeles County fallback SVI tract 418,4810,40.08,28.8,3.1,5.6,14.9,34.205526,-118.30341100000001,LA County / CDC SVI style,simulated_fallback_due_download_missing_or_unavailable
06037000419,Los Angeles County fallback SVI tract 419,7187,55.92,13.3,6.9,23.6,21.2,34.072955,-118.36561400000001,LA County / CDC SVI style,simulated_fallback_due_download_missing_or_unavailable
06037000420,Los Angeles County fallback SVI tract 420,4521,55.54,17.1,8.2,17.2,9.3,33.593812,-118.222802,LA County / CDC SVI style,simulated_fallback_due_download_missing_or_unavailable
06037000421,Los Angeles County fallback SVI tract 421,1780,55.16,32.1,8.2,7.0,4.9,33.21082499999999,-118.17965099999999,LA County / CDC SVI style,simulated_fallback_due_download_missing_or_unavailable
06037000422,Los Angeles County fallback SVI tract 422,2818,36.4,8.8,5.0,17.6,19.5,34.655215999999996,-118.38266899999999,LA County / CDC SVI style,simulated_fallback_due_download_missing_or_unavailable
06037000423,Los Angeles County fallback SVI tract 423,3769,55.5,26.5,2.6,20.9,10.7,32.888706,-117.65923400000001,LA County / CDC SVI style,simulated_fallback_due_download_missing_or_unavailable
06037000424,Los Angeles County fallback SVI tract 424,4098,64.01,24.9,8.8,23.6,21.3,34.047398,-117.958689,LA County / CDC SVI style,simulated_fallback_due_download_missing_or_unavailable
06037000425,Los Angeles County fallback SVI tract 425,5568,34.03,3.8,2.1,20.7,8.9,34.447246,-118.458934,LA County / CDC SVI style,simulated_fallback_due_download_missing_or_unavailable
06037000426,Los Angeles County fallback SVI tract 426,1361,47.04,8.0,12.8,18.5,15.1,33.738908,-118.492749,LA County / CDC SVI style,simulated_fallback_due_download_missing_or_unavailable
06037000427,Los Angeles County fallback SVI tract 427,5736,38.11,3.4,5.6,12.7,15.7,34.040713000000004,-118.838854,LA County / CDC SVI style,simulated_fallback_due_download_missing_or_unavailable
06037000428,Los Angeles County fallback SVI tract 428,6775,42.17,8.1,13.0,18.8,4.4,32.87368,-118.719488,LA County / CDC SVI style,simulated_fallback_due_download_missing_or_unavailable
06037000429,Los Angeles County fallback SVI tract 429,3450,58.16,36.4,9.2,6.8,5.8,34.523874,-118.36725200000001,LA County / CDC SVI style,simulated_fallback_due_download_missing_or_unavailable
06037000430,Los Angeles County fallback SVI tract 430,6757,62.3,22.8,14.6,5.4,18.3,33.532129,-117.72994899999999,LA County / CDC SVI style,simulated_fallback_due_download_missing_or_unavailable
06037000431,Los Angeles County fallback SVI tract 431,6736,57.14,31.5,6.5,8.6,16.3,34.583268,-118.514392,LA County / CDC SVI style,simulated_fallback_due_download_missing_or_unavailable
06037000432,Los Angeles County fallback SVI tract 432,4715,47.5,3.4,15.9,19.7,8.8,32.85671,-118.306376,LA County / CDC SVI style,simulated_fallback_due_download_missing_or_unavailable
06037000433,Los Angeles County fallback SVI tract 433,5498,62.13,28.6,6.4,23.1,19.3,34.167728000000004,-118.75616,LA County / CDC SVI style,simulated_fallback_due_download_missing_or_unavailable
06037000434,Los Angeles County fallback SVI tract 434,6488,59.25,3.7,15.5,22.9,19.1,33.146648,-118.876324,LA County / CDC SVI style,simulated_fallback_due_download_missing_or_unavailable
06037000435,Los Angeles County fallback SVI tract 435,4895,65.3,30.7,15.9,15.6,9.3,32.877378,-118.23514,LA County / CDC SVI style,simulated_fallback_due_download_missing_or_unavailable
06037000436,Los Angeles County fallback SVI tract 436,1850,27.06,12.6,2.2,17.4,4.2,32.941593,-118.00500299999999,LA County / CDC SVI style,simulated_fallback_due_download_missing_or_unavailable
06037000437,Los Angeles County fallback SVI tract 437,4620,57.95,6.0,12.8,16.9,21.3,33.468969,-117.85042600000001,LA County / CDC SVI style,simulated_fallback_due_download_missing_or_unavailable
06037000438,Los Angeles County fallback SVI tract 438,5979,46.09,4.9,9.7,12.9,21.3,34.09229799999999,-118.89693,LA County / CDC SVI style,simulated_fallback_due_download_missing_or_unavailable
06037000439,Los Angeles County fallback SVI tract 439,2584,40.35,17.1,5.1,12.6,14.1,32.959247,-118.63917799999999,LA County / CDC SVI style,simulated_fallback_due_download_missing_or_unavailable
06037000440,Los Angeles County fallback SVI tract 440,3930,21.56,6.1,5.6,6.8,5.8,34.73175,-117.769345,LA County / CDC SVI style,simulated_fallback_due_download_missing_or_unavailable
06037000441,Los Angeles County fallback SVI tract 441,4557,48.34,17.1,14.0,13.4,10.4,34.673376,-118.20942500000001,LA County / CDC SVI style,simulated_fallback_due_download_missing_or_unavailable
06037000442,Los Angeles County fallback SVI tract 442,7137,65.35,23.1,15.5,6.0,17.9,34.722238,-118.746073,LA County / CDC SVI style,simulated_fallback_due_download_missing_or_unavailable
06037000443,Los Angeles County fallback SVI tract 443,3806,52.59,25.3,1.8,17.7,16.1,32.81782,-118.55965800000001,LA County / CDC SVI style,simulated_fallback_due_download_missing_or_unavailable
06037000444,Los Angeles County fallback SVI tract 444,2111,74.69,23.0,12.6,20.7,16.6,34.247221,-118.33083900000001,LA County / CDC SVI style,simulated_fallback_due_download_missing_or_unavailable
06037000445,Los Angeles County fallback SVI tract 445,4609,62.29,27.9,9.5,15.2,11.0,33.118897,-118.05421000000001,LA County / CDC SVI style,simulated_fallback_due_download_missing_or_unavailable
06037000446,Los Angeles County fallback SVI tract 446,7029,46.88,16.0,2.2,23.5,7.3,33.23178,-118.004987,LA County / CDC SVI style,simulated_fallback_due_download_missing_or_unavailable
06037000447,Los Angeles County fallback SVI tract 447,3579,34.5,10.6,3.8,17.0,7.0,32.990793,-118.10968600000001,LA County / CDC SVI style,simulated_fallback_due_download_missing_or_unavailable
06037000448,Los Angeles County fallback SVI tract 448,6494,55.27,35.6,7.0,7.8,20.2,33.650116,-118.440786,LA County / CDC SVI style,simulated_fallback_due_download_missing_or_unavailable
06037000449,Los Angeles County fallback SVI tract 449,6813,49.89,14.1,14.3,14.6,6.1,34.668994999999995,-117.92009399999999,LA County / CDC SVI style,simulated_fallback_due_download_missing_or_unavailable
06037000450,Los Angeles County fallback SVI tract 450,6646,64.18,23.0,8.0,23.0,18.2,32.95360899999999,-118.923182,LA County / CDC SVI style,simulated_fallback_due_download_missing_or_unavailable
06037000451,Los Angeles County fallback SVI tract 451,5368,76.5,28.5,15.1,19.0,16.6,33.032292,-118.11627600000001,LA County / CDC SVI style,simulated_fallback_due_download_missing_or_unavailable
06037000452,Los Angeles County fallback SVI tract 452,1864,50.25,38.0,7.1,7.4,11.0,34.631235999999994,-117.68410100000001,LA County / CDC SVI style,simulated_fallback_due_download_missing_or_unavailable
06037000453,Los Angeles County fallback SVI tract 453,3920,74.18,20.8,13.4,19.8,20.1,33.086603000000004,-117.741804,LA County / CDC SVI style,simulated_fallback_due_download_missing_or_unavailable
06037000454,Los Angeles County fallback SVI tract 454,4681,82.24,32.8,14.7,17.2,14.5,33.89411499999999,-118.360556,LA County / CDC SVI style,simulated_fallback_due_download_missing_or_unavailable
06037000455,Los Angeles County fallback SVI tract 455,5410,51.17,29.3,4.7,18.1,14.9,33.762471,-118.92944700000001,LA County / CDC SVI style,simulated_fallback_due_download_missing_or_unavailable
06037000456,Los Angeles County fallback SVI tract 456,2208,51.86,20.4,3.6,19.6,20.2,34.144777999999995,-117.98935999999999,LA County / CDC SVI style,simulated_fallback_due_download_missing_or_unavailable
06037000457,Los Angeles County fallback SVI tract 457,3402,51.71,11.1,12.0,18.4,16.8,34.412974,-117.653579,LA County / CDC SVI style,simulated_fallback_due_download_missing_or_unavailable
06037000458,Los Angeles County fallback SVI tract 458,4707,45.49,24.8,5.1,10.7,12.8,33.734536000000006,-118.412691,LA County / CDC SVI style,simulated_fallback_due_download_missing_or_unavailable
06037000459,Los Angeles County fallback SVI tract 459,6730,40.73,9.2,14.4,17.0,4.7,33.204945,-118.719694,LA County / CDC SVI style,simulated_fallback_due_download_missing_or_unavailable
06037000460,Los Angeles County fallback SVI tract 460,929,27.01,5.5,6.7,10.2,15.9,33.850419,-118.00146400000001,LA County / CDC SVI style,simulated_fallback_due_download_missing_or_unavailable
06037000461,Los Angeles County fallback SVI tract 461,4927,31.88,11.1,4.0,23.6,4.1,34.633869,-117.93404799999999,LA County / CDC SVI style,simulated_fallback_due_download_missing_or_unavailable
06037000462,Los Angeles County fallback SVI tract 462,2873,45.28,36.2,1.8,9.0,9.8,34.546876999999995,-118.76114500000001,LA County / CDC SVI style,simulated_fallback_due_download_missing_or_unavailable
06037000463,Los Angeles County fallback SVI tract 463,6752,33.03,9.9,6.8,15.8,10.1,33.434256999999995,-118.250136,LA County / CDC SVI style,simulated_fallback_due_download_missing_or_unavailable
06037000464,Los Angeles County fallback SVI tract 464,1590,58.34,29.6,1.5,20.0,11.0,34.199356,-117.783504,LA County / CDC SVI style,simulated_fallback_due_download_missing_or_unavailable
06037000465,Los Angeles County fallback SVI tract 465,6156,54.6,17.9,8.3,18.0,12.3,32.837759,-117.85620300000001,LA County / CDC SVI style,simulated_fallback_due_download_missing_or_unavailable
06037000466,Los Angeles County fallback SVI tract 466,2206,36.56,33.1,4.0,8.2,4.2,32.846263,-118.700544,LA County / CDC SVI style,simulated_fallback_due_download_missing_or_unavailable
06037000467,Los Angeles County fallback SVI tract 467,4730,48.11,15.7,11.6,14.8,5.4,34.14607,-118.35239100000001,LA County / CDC SVI style,simulated_fallback_due_download_missing_or_unavailable
06037000468,Los Angeles County fallback SVI tract 468,4755,49.26,5.0,3.7,18.6,21.5,34.598942,-118.78525400000001,LA County / CDC SVI style,simulated_fallback_due_download_missing_or_unavailable
06037000469,Los Angeles County fallback SVI tract 469,4840,28.85,10.3,2.0,5.6,10.5,33.362311999999996,-118.41910499999999,LA County / CDC SVI style,simulated_fallback_due_download_missing_or_unavailable
06037000470,Los Angeles County fallback SVI tract 470,3548,43.45,4.6,11.9,9.1,18.8,33.350573999999995,-118.632134,LA County / CDC SVI style,simulated_fallback_due_download_missing_or_unavailable
06037000471,Los Angeles County fallback SVI tract 471,3059,75.35,30.1,15.7,7.9,21.0,32.756242,-118.747117,LA County / CDC SVI style,simulated_fallback_due_download_missing_or_unavailable
06037000472,Los Angeles County fallback SVI tract 472,4370,55.79,9.8,9.1,20.3,16.1,33.942901,-118.515192,LA County / CDC SVI style,simulated_fallback_due_download_missing_or_unavailable
06037000473,Los Angeles County fallback SVI tract 473,4594,48.8,9.5,8.4,20.4,19.7,33.484418999999995,-118.320032,LA County / CDC SVI style,simulated_fallback_due_download_missing_or_unavailable
06037000474,Los Angeles County fallback SVI tract 474,5452,51.7,20.0,14.8,12.3,12.8,33.831418,-118.84690699999999,LA County / CDC SVI style,simulated_fallback_due_download_missing_or_unavailable
06037000475,Los Angeles County fallback SVI tract 475,3086,53.1,27.6,7.8,10.6,9.4,34.793737,-118.467356,LA County / CDC SVI style,simulated_fallback_due_download_missing_or_unavailable
06037000476,Los Angeles County fallback SVI tract 476,3368,56.19,3.6,15.5,13.9,16.1,34.298677999999995,-118.03936200000001,LA County / CDC SVI style,simulated_fallback_due_download_missing_or_unavailable
06037000477,Los Angeles County fallback SVI tract 477,1892,59.75,24.7,12.8,21.9,9.2,32.875389,-118.780024,LA County / CDC SVI style,simulated_fallback_due_download_missing_or_unavailable
06037000478,Los Angeles County fallback SVI tract 478,5273,39.0,5.7,8.5,7.7,13.3,34.300347,-118.46349500000001,LA County / CDC SVI style,simulated_fallback_due_download_missing_or_unavailable
06037000479,Los Angeles County fallback SVI tract 479,3101,56.86,24.2,6.4,16.2,18.1,34.278482999999994,-118.227016,LA County / CDC SVI style,simulated_fallback_due_download_missing_or_unavailable
06037000480,Los Angeles County fallback SVI tract 480,1058,45.32,12.9,8.1,9.2,20.6,34.498416,-118.271975,LA County / CDC SVI style,simulated_fallback_due_download_missing_or_unavailable
06037000481,Los Angeles County fallback SVI tract 481,4160,45.42,21.6,10.9,7.3,12.1,33.301708,-117.65221899999999,LA County / CDC SVI style,simulated_fallback_due_download_missing_or_unavailable
06037000482,Los Angeles County fallback SVI tract 482,4999,42.88,7.3,4.7,17.1,14.5,32.986421,-118.229268,LA County / CDC SVI style,simulated_fallback_due_download_missing_or_unavailable
06037000483,Los Angeles County fallback SVI tract 483,4425,77.97,33.7,15.8,12.2,17.6,34.780770000000004,-118.86945800000001,LA County / CDC SVI style,simulated_fallback_due_download_missing_or_unavailable
06037000484,Los Angeles County fallback SVI tract 484,3437,58.48,34.4,7.8,19.4,8.4,34.274308,-118.947827,LA County / CDC SVI style,simulated_fallback_due_download_missing_or_unavailable
06037000485,Los Angeles County fallback SVI tract 485,4676,36.76,11.9,7.3,5.5,15.6,32.934749000000004,-118.23112499999999,LA County / CDC SVI style,simulated_fallback_due_download_missing_or_unavailable
06037000486,Los Angeles County fallback SVI tract 486,3398,41.63,4.2,10.5,11.7,21.3,34.50703599999999,-118.78003799999999,LA County / CDC SVI style,simulated_fallback_due_download_missing_or_unavailable
06037000487,Los Angeles County fallback SVI tract 487,1168,42.91,24.7,3.7,8.5,18.2,34.716834,-117.805804,LA County / CDC SVI style,simulated_fallback_due_download_missing_or_unavailable
06037000488,Los Angeles County fallback SVI tract 488,6975,23.97,4.5,6.3,15.9,5.5,33.856348000000004,-118.38872900000001,LA County / CDC SVI style,simulated_fallback_due_download_missing_or_unavailable
06037000489,Los Angeles County fallback SVI tract 489,4852,64.72,28.0,12.4,19.2,13.5,34.491708,-118.442302,LA County / CDC SVI style,simulated_fallback_due_download_missing_or_unavailable
06037000490,Los Angeles County fallback SVI tract 490,2971,80.84,36.8,12.1,21.4,15.2,33.227333,-118.361026,LA County / CDC SVI style,simulated_fallback_due_download_missing_or_unavailable
06037000491,Los Angeles County fallback SVI tract 491,3313,50.48,17.2,11.7,18.9,8.2,33.098741000000004,-117.78459400000001,LA County / CDC SVI style,simulated_fallback_due_download_missing_or_unavailable
06037000492,Los Angeles County fallback SVI tract 492,4242,40.13,6.5,5.2,20.8,21.5,33.261622,-118.799163,LA County / CDC SVI style,simulated_fallback_due_download_missing_or_unavailable
06037000493,Los Angeles County fallback SVI tract 493,6586,60.47,12.9,12.7,20.6,19.8,33.61559199999999,-118.90157400000001,LA County / CDC SVI style,simulated_fallback_due_download_missing_or_unavailable
06037000494,Los Angeles County fallback SVI tract 494,3965,44.04,16.6,7.1,8.5,6.5,33.57051,-118.518371,LA County / CDC SVI style,simulated_fallback_due_download_missing_or_unavailable
06037000495,Los Angeles County fallback SVI tract 495,5409,67.85,28.5,8.8,13.1,18.6,33.192342999999994,-117.93513599999999,LA County / CDC SVI style,simulated_fallback_due_download_missing_or_unavailable
06037000496,Los Angeles County fallback SVI tract 496,949,33.56,12.4,4.5,17.1,11.5,34.194886999999994,-118.57634499999999,LA County / CDC SVI style,simulated_fallback_due_download_missing_or_unavailable
06037000497,Los Angeles County fallback SVI tract 497,1447,48.54,35.4,6.7,8.8,7.7,33.14116799999999,-118.074192,LA County / CDC SVI style,simulated_fallback_due_download_missing_or_unavailable
06037000498,Los Angeles County fallback SVI tract 498,5477,42.62,28.3,2.6,15.3,5.8,33.47491899999999,-118.184607,LA County / CDC SVI style,simulated_fallback_due_download_missing_or_unavailable
06037000499,Los Angeles County fallback SVI tract 499,5672,79.53,31.8,15.8,18.0,12.5,33.114698999999995,-117.65602899999999,LA County / CDC SVI style,simulated_fallback_due_download_missing_or_unavailable
06037000500,Los Angeles County fallback SVI tract 500,6953,85.58,31.5,13.4,21.4,18.1,33.733525,-118.53486600000001,LA County / CDC SVI style,simulated_fallback_due_download_missing_or_unavailable
06037000501,Los Angeles County fallback SVI tract 501,3954,59.36,36.1,4.3,9.4,20.2,33.060367,-118.317373,LA County / CDC SVI style,simulated_fallback_due_download_missing_or_unavailable
06037000502,Los Angeles County fallback SVI tract 502,3836,76.56,37.5,9.5,19.1,9.2,34.339443,-118.147415,LA County / CDC SVI style,simulated_fallback_due_download_missing_or_unavailable
06037000503,Los Angeles County fallback SVI tract 503,4864,47.3,4.5,15.1,5.7,20.0,32.9997,-117.717859,LA County / CDC SVI style,simulated_fallback_due_download_missing_or_unavailable
06037000504,Los Angeles County fallback SVI tract 504,4343,37.73,6.7,7.3,6.1,20.1,33.84496,-118.46884700000001,LA County / CDC SVI style,simulated_fallback_due_download_missing_or_unavailable
06037000505,Los Angeles County fallback SVI tract 505,1757,31.76,14.0,8.8,8.3,7.2,33.912499000000004,-117.73774700000001,LA County / CDC SVI style,simulated_fallback_due_download_missing_or_unavailable
06037000506,Los Angeles County fallback SVI tract 506,1265,79.49,36.6,15.1,17.6,15.2,34.818265,-117.80542700000001,LA County / CDC SVI style,simulated_fallback_due_download_missing_or_unavailable
06037000507,Los Angeles County fallback SVI tract 507,6361,43.29,12.7,5.1,16.8,7.2,34.659549,-118.78232299999999,LA County / CDC SVI style,simulated_fallback_due_download_missing_or_unavailable
06037000508,Los Angeles County fallback SVI tract 508,1196,55.41,8.2,12.3,20.8,11.7,33.075109,-118.90203899999999,LA County / CDC SVI style,simulated_fallback_due_download_missing_or_unavailable
06037000509,Los Angeles County fallback SVI tract 509,6047,57.11,26.4,5.2,17.3,18.6,33.464883,-118.69629599999999,LA County / CDC SVI style,simulated_fallback_due_download_missing_or_unavailable
06037000510,Los Angeles County fallback SVI tract 510,2662,61.99,23.1,5.1,16.4,21.5,32.957485,-118.71212499999999,LA County / CDC SVI style,simulated_fallback_due_download_missing_or_unavailable
06037000511,Los Angeles County fallback SVI tract 511,2464,52.08,8.5,8.8,22.2,20.5,34.344787,-118.31251200000001,LA County / CDC SVI style,simulated_fallback_due_download_missing_or_unavailable
06037000512,Los Angeles County fallback SVI tract 512,4260,42.98,10.7,15.2,9.2,12.1,34.134371,-117.891199,LA County / CDC SVI style,simulated_fallback_due_download_missing_or_unavailable
06037000513,Los Angeles County fallback SVI tract 513,6772,39.14,5.6,6.8,18.8,20.1,33.474564,-118.32565299999999,LA County / CDC SVI style,simulated_fallback_due_download_missing_or_unavailable
06037000514,Los Angeles County fallback SVI tract 514,2372,61.85,31.4,2.6,23.5,18.6,34.025839,-118.825404,LA County / CDC SVI style,simulated_fallback_due_download_missing_or_unavailable
06037000515,Los Angeles County fallback SVI tract 515,2166,51.88,29.8,2.4,15.0,12.0,33.573243000000005,-118.55495699999999,LA County / CDC SVI style,simulated_fallback_due_download_missing_or_unavailable
06037000516,Los Angeles County fallback SVI tract 516,3929,60.75,15.6,15.8,15.6,8.0,32.766072,-118.18272200000001,LA County / CDC SVI style,simulated_fallback_due_download_missing_or_unavailable
06037000517,Los Angeles County fallback SVI tract 517,4643,70.63,28.7,15.8,13.8,15.6,34.109901,-118.674295,LA County / CDC SVI style,simulated_fallback_due_download_missing_or_unavailable
06037000518,Los Angeles County fallback SVI tract 518,6911,42.71,12.4,8.3,7.4,13.1,32.799611,-117.97675199999999,LA County / CDC SVI style,simulated_fallback_due_download_missing_or_unavailable
06037000519,Los Angeles County fallback SVI tract 519,4997,61.22,11.6,10.3,16.7,19.8,32.985762,-118.61349299999999,LA County / CDC SVI style,simulated_fallback_due_download_missing_or_unavailable
06037000520,Los Angeles County fallback SVI tract 520,6854,30.61,12.9,5.7,12.7,7.9,33.317705000000004,-117.90071699999999,LA County / CDC SVI style,simulated_fallback_due_download_missing_or_unavailable
06037000521,Los Angeles County fallback SVI tract 521,2200,51.7,7.3,10.7,12.9,17.4,33.498006,-118.780414,LA County / CDC SVI style,simulated_fallback_due_download_missing_or_unavailable
06037000522,Los Angeles County fallback SVI tract 522,5373,45.78,28.4,4.8,8.1,11.1,34.522542,-118.25407600000001,LA County / CDC SVI style,simulated_fallback_due_download_missing_or_unavailable
06037000523,Los Angeles County fallback SVI tract 523,6723,32.4,17.2,3.8,9.2,9.5,34.782617,-118.47680600000001,LA County / CDC SVI style,simulated_fallback_due_download_missing_or_unavailable
06037000524,Los Angeles County fallback SVI tract 524,5709,38.13,8.5,10.7,10.4,13.8,33.999424999999995,-118.350288,LA County / CDC SVI style,simulated_fallback_due_download_missing_or_unavailable
06037000525,Los Angeles County fallback SVI tract 525,4298,39.01,16.2,10.6,15.7,4.8,32.801162999999995,-117.930762,LA County / CDC SVI style,simulated_fallback_due_download_missing_or_unavailable
06037000526,Los Angeles County fallback SVI tract 526,3211,50.59,22.2,7.1,6.2,12.1,33.931349,-118.93835200000001,LA County / CDC SVI style,simulated_fallback_due_download_missing_or_unavailable
06037000527,Los Angeles County fallback SVI tract 527,6282,47.3,9.7,11.3,12.6,21.7,33.206835,-118.49520700000001,LA County / CDC SVI style,simulated_fallback_due_download_missing_or_unavailable
06037000528,Los Angeles County fallback SVI tract 528,2148,43.25,17.0,2.6,14.9,7.1,33.299044,-118.80861,LA County / CDC SVI style,simulated_fallback_due_download_missing_or_unavailable
06037000529,Los Angeles County fallback SVI tract 529,3549,27.81,3.1,8.1,13.9,6.2,33.848063,-117.933773,LA County / CDC SVI style,simulated_fallback_due_download_missing_or_unavailable
06037000530,Los Angeles County fallback SVI tract 530,2917,74.14,33.6,11.5,22.1,13.1,33.200024,-118.51900499999999,LA County / CDC SVI style,simulated_fallback_due_download_missing_or_unavailable
06037000531,Los Angeles County fallback SVI tract 531,5472,48.02,12.5,10.2,18.5,18.4,33.2611,-118.13539,LA County / CDC SVI style,simulated_fallback_due_download_missing_or_unavailable
06037000532,Los Angeles County fallback SVI tract 532,3993,45.38,12.1,10.1,17.7,5.5,33.72269299999999,-118.792851,LA County / CDC SVI style,simulated_fallback_due_download_missing_or_unavailable
06037000533,Los Angeles County fallback SVI tract 533,5363,63.45,25.8,10.3,18.4,17.7,33.302089,-118.236203,LA County / CDC SVI style,simulated_fallback_due_download_missing_or_unavailable
06037000534,Los Angeles County fallback SVI tract 534,1123,56.96,24.1,9.6,22.8,6.1,34.219281,-118.25419600000001,LA County / CDC SVI style,simulated_fallback_due_download_missing_or_unavailable
06037000535,Los Angeles County fallback SVI tract 535,2399,51.16,19.0,3.7,21.9,17.9,34.365414,-118.13733199999999,LA County / CDC SVI style,simulated_fallback_due_download_missing_or_unavailable
06037000536,Los Angeles County fallback SVI tract 536,2786,62.61,35.4,6.6,19.7,7.6,33.491915999999996,-118.39772599999999,LA County / CDC SVI style,simulated_fallback_due_download_missing_or_unavailable
06037000537,Los Angeles County fallback SVI tract 537,2334,37.31,13.6,7.3,7.1,10.0,33.887781000000004,-117.70220199999999,LA County / CDC SVI style,simulated_fallback_due_download_missing_or_unavailable
06037000538,Los Angeles County fallback SVI tract 538,2417,42.04,9.0,1.7,21.1,16.7,34.513915999999995,-118.31488300000001,LA County / CDC SVI style,simulated_fallback_due_download_missing_or_unavailable
06037000539,Los Angeles County fallback SVI tract 539,6063,49.38,29.9,5.4,19.6,6.6,32.800796000000005,-118.440865,LA County / CDC SVI style,simulated_fallback_due_download_missing_or_unavailable
06037000540,Los Angeles County fallback SVI tract 540,1287,79.75,31.9,12.4,19.5,18.0,34.309188999999996,-118.605439,LA County / CDC SVI style,simulated_fallback_due_download_missing_or_unavailable
06037000541,Los Angeles County fallback SVI tract 541,3199,66.98,36.3,9.6,15.2,18.7,32.766353,-118.839772,LA County / CDC SVI style,simulated_fallback_due_download_missing_or_unavailable
06037000542,Los Angeles County fallback SVI tract 542,6462,39.32,7.5,15.8,6.6,13.7,32.800788,-118.719078,LA County / CDC SVI style,simulated_fallback_due_download_missing_or_unavailable
06037000543,Los Angeles County fallback SVI tract 543,4481,47.64,26.4,8.4,14.9,4.6,34.815943,-117.98345199999999,LA County / CDC SVI style,simulated_fallback_due_download_missing_or_unavailable
06037000544,Los Angeles County fallback SVI tract 544,4151,25.93,6.5,6.3,8.0,8.9,34.527998000000004,-118.883348,LA County / CDC SVI style,simulated_fallback_due_download_missing_or_unavailable
06037000545,Los Angeles County fallback SVI tract 545,5426,63.35,24.0,7.5,18.3,20.4,34.481573,-118.881303,LA County / CDC SVI style,simulated_fallback_due_download_missing_or_unavailable
06037000546,Los Angeles County fallback SVI tract 546,4729,45.23,18.5,3.4,17.6,7.9,34.138978,-118.14361799999999,LA County / CDC SVI style,simulated_fallback_due_download_missing_or_unavailable
06037000547,Los Angeles County fallback SVI tract 547,3586,46.95,36.1,6.2,8.1,5.5,33.13468399999999,-118.58721800000001,LA County / CDC SVI style,simulated_fallback_due_download_missing_or_unavailable
06037000548,Los Angeles County fallback SVI tract 548,1859,58.47,32.6,11.7,9.5,14.4,34.439190999999994,-118.527728,LA County / CDC SVI style,simulated_fallback_due_download_missing_or_unavailable
06037000549,Los Angeles County fallback SVI tract 549,4886,54.76,24.9,11.4,8.3,13.4,34.81224099999999,-118.19742699999999,LA County / CDC SVI style,simulated_fallback_due_download_missing_or_unavailable
06037000550,Los Angeles County fallback SVI tract 550,2917,51.28,24.6,6.9,22.5,5.4,33.030099,-118.643272,LA County / CDC SVI style,simulated_fallback_due_download_missing_or_unavailable
06037000551,Los Angeles County fallback SVI tract 551,1637,54.82,15.4,14.9,8.0,12.7,32.819443,-118.140744,LA County / CDC SVI style,simulated_fallback_due_download_missing_or_unavailable
06037000552,Los Angeles County fallback SVI tract 552,3260,48.22,10.3,4.9,18.4,16.1,33.010236,-117.95214100000001,LA County / CDC SVI style,simulated_fallback_due_download_missing_or_unavailable
06037000553,Los Angeles County fallback SVI tract 553,6664,58.4,8.3,12.0,23.8,18.4,32.970931,-118.928254,LA County / CDC SVI style,simulated_fallback_due_download_missing_or_unavailable
06037000554,Los Angeles County fallback SVI tract 554,1191,36.35,14.9,3.2,18.5,7.2,34.024910999999996,-117.707912,LA County / CDC SVI style,simulated_fallback_due_download_missing_or_unavailable
06037000555,Los Angeles County fallback SVI tract 555,1361,50.97,27.2,5.8,13.1,8.3,34.675685,-117.734449,LA County / CDC SVI style,simulated_fallback_due_download_missing_or_unavailable
06037000556,Los Angeles County fallback SVI tract 556,2201,43.7,28.3,5.7,14.6,4.8,33.380904,-118.58629699999999,LA County / CDC SVI style,simulated_fallback_due_download_missing_or_unavailable
06037000557,Los Angeles County fallback SVI tract 557,3465,52.46,14.3,13.7,14.1,8.7,33.341894,-118.795014,LA County / CDC SVI style,simulated_fallback_due_download_missing_or_unavailable
06037000558,Los Angeles County fallback SVI tract 558,7095,54.71,10.6,12.4,18.7,6.9,34.693467,-118.61907799999999,LA County / CDC SVI style,simulated_fallback_due_download_missing_or_unavailable
06037000559,Los Angeles County fallback SVI tract 559,4674,63.33,28.0,14.1,16.2,8.0,33.359121,-118.34344100000001,LA County / CDC SVI style,simulated_fallback_due_download_missing_or_unavailable
06037000560,Los Angeles County fallback SVI tract 560,5614,39.17,12.6,7.3,6.6,19.6,34.591833,-117.78959,LA County / CDC SVI style,simulated_fallback_due_download_missing_or_unavailable
06037000561,Los Angeles County fallback SVI tract 561,3831,57.93,6.2,12.3,17.3,21.8,34.560776,-117.723197,LA County / CDC SVI style,simulated_fallback_due_download_missing_or_unavailable
06037000562,Los Angeles County fallback SVI tract 562,862,32.71,4.1,5.6,17.0,5.9,34.768355,-118.436572,LA County / CDC SVI style,simulated_fallback_due_download_missing_or_unavailable
06037000563,Los Angeles County fallback SVI tract 563,3676,36.99,18.4,2.4,8.7,20.1,34.266819999999996,-118.80027299999999,LA County / CDC SVI style,simulated_fallback_due_download_missing_or_unavailable
06037000564,Los Angeles County fallback SVI tract 564,7153,47.15,12.7,5.3,15.7,13.6,33.482333000000004,-117.67255700000001,LA County / CDC SVI style,simulated_fallback_due_download_missing_or_unavailable
06037000565,Los Angeles County fallback SVI tract 565,1440,69.32,35.5,14.7,6.2,17.2,33.513559,-118.35264199999999,LA County / CDC SVI style,simulated_fallback_due_download_missing_or_unavailable
06037000566,Los Angeles County fallback SVI tract 566,1515,54.24,30.4,10.1,9.1,15.5,33.145506,-117.97237,LA County / CDC SVI style,simulated_fallback_due_download_missing_or_unavailable
06037000567,Los Angeles County fallback SVI tract 567,1391,50.98,9.4,14.7,10.8,20.3,33.556908,-118.900939,LA County / CDC SVI style,simulated_fallback_due_download_missing_or_unavailable
06037000568,Los Angeles County fallback SVI tract 568,5817,65.26,32.3,13.0,12.2,4.6,33.135630000000006,-117.93500200000001,LA County / CDC SVI style,simulated_fallback_due_download_missing_or_unavailable
06037000569,Los Angeles County fallback SVI tract 569,1988,60.71,26.1,13.3,23.7,5.7,32.872889,-118.71379300000001,LA County / CDC SVI style,simulated_fallback_due_download_missing_or_unavailable
06037000570,Los Angeles County fallback SVI tract 570,5342,62.63,18.8,13.0,13.1,21.7,34.055854000000004,-118.626745,LA County / CDC SVI style,simulated_fallback_due_download_missing_or_unavailable
06037000571,Los Angeles County fallback SVI tract 571,2991,49.36,18.4,9.7,20.0,13.4,33.269122,-117.758446,LA County / CDC SVI style,simulated_fallback_due_download_missing_or_unavailable
06037000572,Los Angeles County fallback SVI tract 572,4796,57.22,17.3,4.0,19.8,20.7,34.137542999999994,-118.862783,LA County / CDC SVI style,simulated_fallback_due_download_missing_or_unavailable
06037000573,Los Angeles County fallback SVI tract 573,1957,78.2,31.1,8.6,19.3,21.8,33.545465,-118.809066,LA County / CDC SVI style,simulated_fallback_due_download_missing_or_unavailable
06037000574,Los Angeles County fallback SVI tract 574,5113,63.96,29.7,10.4,15.3,4.3,34.041137000000006,-118.22222900000001,LA County / CDC SVI style,simulated_fallback_due_download_missing_or_unavailable
06037000575,Los Angeles County fallback SVI tract 575,972,68.87,35.1,7.0,22.0,19.6,33.856497000000005,-118.763406,LA County / CDC SVI style,simulated_fallback_due_download_missing_or_unavailable
06037000576,Los Angeles County fallback SVI tract 576,2564,48.88,34.4,1.6,11.6,9.8,34.073875,-117.997314,LA County / CDC SVI style,simulated_fallback_due_download_missing_or_unavailable
06037000577,Los Angeles County fallback SVI tract 577,5197,49.44,13.3,14.5,10.2,17.5,34.167628,-117.775117,LA County / CDC SVI style,simulated_fallback_due_download_missing_or_unavailable
06037000578,Los Angeles County fallback SVI tract 578,3393,70.66,26.8,13.3,16.4,14.0,32.926626999999996,-118.093687,LA County / CDC SVI style,simulated_fallback_due_download_missing_or_unavailable
06037000579,Los Angeles County fallback SVI tract 579,2409,57.28,17.0,1.9,20.5,20.3,33.737100999999996,-117.82083399999999,LA County / CDC SVI style,simulated_fallback_due_download_missing_or_unavailable
06037000580,Los Angeles County fallback SVI tract 580,2860,59.73,23.7,7.7,14.5,21.8,33.170595000000006,-118.74658299999999,LA County / CDC SVI style,simulated_fallback_due_download_missing_or_unavailable
06037000581,Los Angeles County fallback SVI tract 581,5101,56.76,26.8,5.7,19.3,5.0,32.993528,-117.87465,LA County / CDC SVI style,simulated_fallback_due_download_missing_or_unavailable
06037000582,Los Angeles County fallback SVI tract 582,1603,78.82,28.4,11.7,21.8,20.4,34.791825,-118.12497499999999,LA County / CDC SVI style,simulated_fallback_due_download_missing_or_unavailable
06037000583,Los Angeles County fallback SVI tract 583,5187,47.68,32.8,2.7,10.0,17.1,32.864599999999996,-118.555804,LA County / CDC SVI style,simulated_fallback_due_download_missing_or_unavailable
06037000584,Los Angeles County fallback SVI tract 584,2199,40.2,4.4,5.0,11.1,16.2,33.079539000000004,-118.877326,LA County / CDC SVI style,simulated_fallback_due_download_missing_or_unavailable
06037000585,Los Angeles County fallback SVI tract 585,5183,66.54,35.1,14.5,15.6,12.8,33.277243999999996,-117.777269,LA County / CDC SVI style,simulated_fallback_due_download_missing_or_unavailable
06037000586,Los Angeles County fallback SVI tract 586,6635,63.75,34.9,6.6,6.7,17.1,33.705666,-117.97243399999999,LA County / CDC SVI style,simulated_fallback_due_download_missing_or_unavailable
06037000587,Los Angeles County fallback SVI tract 587,1322,73.83,35.6,8.7,18.1,21.8,33.764883999999995,-118.56957700000001,LA County / CDC SVI style,simulated_fallback_due_download_missing_or_unavailable
06037000588,Los Angeles County fallback SVI tract 588,4570,79.37,37.0,10.6,14.6,18.0,33.557478999999994,-118.45952700000001,LA County / CDC SVI style,simulated_fallback_due_download_missing_or_unavailable
06037000589,Los Angeles County fallback SVI tract 589,3375,44.95,18.9,10.4,8.8,9.1,34.178053999999996,-118.82960299999999,LA County / CDC SVI style,simulated_fallback_due_download_missing_or_unavailable
06037000590,Los Angeles County fallback SVI tract 590,5827,64.25,30.9,11.9,10.3,8.1,32.868334,-118.40454,LA County / CDC SVI style,simulated_fallback_due_download_missing_or_unavailable
06037000591,Los Angeles County fallback SVI tract 591,1539,45.66,23.3,6.7,7.7,11.8,33.922639999999994,-117.70127400000001,LA County / CDC SVI style,simulated_fallback_due_download_missing_or_unavailable
06037000592,Los Angeles County fallback SVI tract 592,6405,33.89,12.5,3.9,11.9,7.5,34.319967,-117.711427,LA County / CDC SVI style,simulated_fallback_due_download_missing_or_unavailable
06037000593,Los Angeles County fallback SVI tract 593,1026,61.22,27.3,15.6,9.2,10.7,34.519994,-117.655817,LA County / CDC SVI style,simulated_fallback_due_download_missing_or_unavailable
06037000594,Los Angeles County fallback SVI tract 594,2987,65.33,25.6,1.6,19.9,21.8,34.647862999999994,-118.768975,LA County / CDC SVI style,simulated_fallback_due_download_missing_or_unavailable
06037000595,Los Angeles County fallback SVI tract 595,6009,56.98,19.6,8.0,16.8,21.5,32.825978,-118.66550199999999,LA County / CDC SVI style,simulated_fallback_due_download_missing_or_unavailable
06037000596,Los Angeles County fallback SVI tract 596,2293,30.29,10.0,11.5,7.1,4.7,33.788872,-118.590834,LA County / CDC SVI style,simulated_fallback_due_download_missing_or_unavailable
06037000597,Los Angeles County fallback SVI tract 597,4529,42.63,5.7,13.4,8.7,5.5,33.062779,-118.67034100000001,LA County / CDC SVI style,simulated_fallback_due_download_missing_or_unavailable
06037000598,Los Angeles County fallback SVI tract 598,2865,60.52,36.8,7.4,17.6,9.8,32.978553999999995,-117.66313099999999,LA County / CDC SVI style,simulated_fallback_due_download_missing_or_unavailable
06037000599,Los Angeles County fallback SVI tract 599,4532,47.15,14.9,7.3,23.0,4.7,33.043985,-117.889321,LA County / CDC SVI style,simulated_fallback_due_download_missing_or_unavailable
06037000600,Los Angeles County fallback SVI tract 600,3044,47.82,13.7,5.6,9.6,19.7,33.121935,-118.066541,LA County / CDC SVI style,simulated_fallback_due_download_missing_or_unavailable
06037000601,Los Angeles County fallback SVI tract 601,6448,50.6,15.1,15.7,7.6,5.5,32.97089199999999,-117.93332500000001,LA County / CDC SVI style,simulated_fallback_due_download_missing_or_unavailable
06037000602,Los Angeles County fallback SVI tract 602,4896,67.73,20.5,9.5,21.8,18.5,33.161556,-118.937826,LA County / CDC SVI style,simulated_fallback_due_download_missing_or_unavailable
06037000603,Los Angeles County fallback SVI tract 603,4715,36.73,29.4,2.0,11.4,6.7,34.79034599999999,-117.861744,LA County / CDC SVI style,simulated_fallback_due_download_missing_or_unavailable
06037000604,Los Angeles County fallback SVI tract 604,6346,33.72,9.9,3.4,16.4,16.8,34.117481,-118.42442100000001,LA County / CDC SVI style,simulated_fallback_due_download_missing_or_unavailable
06037000605,Los Angeles County fallback SVI tract 605,1756,68.7,28.4,10.0,19.2,8.3,33.579514,-118.88411799999999,LA County / CDC SVI style,simulated_fallback_due_download_missing_or_unavailable
06037000606,Los Angeles County fallback SVI tract 606,4436,46.53,9.5,6.8,11.3,16.7,34.799683,-118.48714700000001,LA County / CDC SVI style,simulated_fallback_due_download_missing_or_unavailable
06037000607,Los Angeles County fallback SVI tract 607,3074,62.15,23.6,2.5,18.6,21.6,33.943138,-118.706185,LA County / CDC SVI style,simulated_fallback_due_download_missing_or_unavailable
06037000608,Los Angeles County fallback SVI tract 608,2107,66.5,25.0,13.5,5.8,21.5,33.501431000000004,-117.99774299999999,LA County / CDC SVI style,simulated_fallback_due_download_missing_or_unavailable
06037000609,Los Angeles County fallback SVI tract 609,6247,72.87,36.6,1.5,22.6,21.2,32.827038,-117.74109100000001,LA County / CDC SVI style,simulated_fallback_due_download_missing_or_unavailable
06037000610,Los Angeles County fallback SVI tract 610,1147,55.59,30.0,13.0,7.2,6.5,33.317001999999995,-118.564131,LA County / CDC SVI style,simulated_fallback_due_download_missing_or_unavailable
06037000611,Los Angeles County fallback SVI tract 611,3728,42.99,28.7,4.0,12.4,6.5,34.349014000000004,-118.26201,LA County / CDC SVI style,simulated_fallback_due_download_missing_or_unavailable
06037000612,Los Angeles County fallback SVI tract 612,7170,43.13,9.4,5.6,17.7,13.7,34.279360999999994,-118.186813,LA County / CDC SVI style,simulated_fallback_due_download_missing_or_unavailable
06037000613,Los Angeles County fallback SVI tract 613,3700,70.06,18.6,14.5,19.9,19.8,32.942834,-118.40407499999999,LA County / CDC SVI style,simulated_fallback_due_download_missing_or_unavailable
06037000614,Los Angeles County fallback SVI tract 614,1039,73.33,31.4,11.2,12.3,17.9,34.649258999999994,-118.325051,LA County / CDC SVI style,simulated_fallback_due_download_missing_or_unavailable
06037000615,Los Angeles County fallback SVI tract 615,1917,76.59,35.6,15.0,23.6,15.5,34.613944999999994,-118.145777,LA County / CDC SVI style,simulated_fallback_due_download_missing_or_unavailable
06037000616,Los Angeles County fallback SVI tract 616,4653,21.86,6.4,2.7,15.1,7.6,32.839422,-118.279556,LA County / CDC SVI style,simulated_fallback_due_download_missing_or_unavailable
06037000617,Los Angeles County fallback SVI tract 617,4144,66.36,34.1,15.7,7.2,4.3,32.816584999999996,-117.901466,LA County / CDC SVI style,simulated_fallback_due_download_missing_or_unavailable
06037000618,Los Angeles County fallback SVI tract 618,3983,26.63,4.1,2.9,20.7,12.2,33.769796,-118.35158200000001,LA County / CDC SVI style,simulated_fallback_due_download_missing_or_unavailable
06037000619,Los Angeles County fallback SVI tract 619,1990,66.49,19.4,15.3,12.8,16.3,34.433801,-117.95163400000001,LA County / CDC SVI style,simulated_fallback_due_download_missing_or_unavailable
06037000620,Los Angeles County fallback SVI tract 620,6182,58.6,32.0,4.0,23.0,4.4,34.792454,-118.14609700000001,LA County / CDC SVI style,simulated_fallback_due_download_missing_or_unavailable
06037000621,Los Angeles County fallback SVI tract 621,5286,37.83,11.1,8.3,6.0,20.1,34.348305,-118.324539,LA County / CDC SVI style,simulated_fallback_due_download_missing_or_unavailable
06037000622,Los Angeles County fallback SVI tract 622,6803,63.5,33.5,11.9,5.2,13.5,33.037088,-118.78038799999999,LA County / CDC SVI style,simulated_fallback_due_download_missing_or_unavailable
06037000623,Los Angeles County fallback SVI tract 623,5813,45.38,5.6,11.3,15.5,17.0,34.655418,-118.57741700000001,LA County / CDC SVI style,simulated_fallback_due_download_missing_or_unavailable
06037000624,Los Angeles County fallback SVI tract 624,2588,60.76,35.2,7.0,5.6,20.6,34.160180000000004,-118.609167,LA County / CDC SVI style,simulated_fallback_due_download_missing_or_unavailable
06037000625,Los Angeles County fallback SVI tract 625,1689,52.44,26.6,2.9,13.2,8.4,33.246034,-117.684185,LA County / CDC SVI style,simulated_fallback_due_download_missing_or_unavailable
06037000626,Los Angeles County fallback SVI tract 626,1029,60.94,29.8,8.3,21.9,14.2,33.428771,-117.77524000000001,LA County / CDC SVI style,simulated_fallback_due_download_missing_or_unavailable
06037000627,Los Angeles County fallback SVI tract 627,2131,54.1,25.8,2.3,9.0,16.9,34.543105,-118.18578500000001,LA County / CDC SVI style,simulated_fallback_due_download_missing_or_unavailable
06037000628,Los Angeles County fallback SVI tract 628,4584,85.68,30.9,13.9,24.0,19.2,33.870787,-118.91215199999999,LA County / CDC SVI style,simulated_fallback_due_download_missing_or_unavailable
06037000629,Los Angeles County fallback SVI tract 629,4255,59.63,12.1,14.6,22.8,19.5,33.713365,-118.306853,LA County / CDC SVI style,simulated_fallback_due_download_missing_or_unavailable
06037000630,Los Angeles County fallback SVI tract 630,4836,35.1,19.0,2.9,9.0,4.3,34.514695,-118.79476299999999,LA County / CDC SVI style,simulated_fallback_due_download_missing_or_unavailable
06037000631,Los Angeles County fallback SVI tract 631,2469,33.11,5.7,7.8,5.8,21.4,33.590728,-118.88763100000001,LA County / CDC SVI style,simulated_fallback_due_download_missing_or_unavailable
06037000632,Los Angeles County fallback SVI tract 632,3814,70.83,36.5,13.5,13.5,5.6,34.677232999999994,-118.45497399999999,LA County / CDC SVI style,simulated_fallback_due_download_missing_or_unavailable
06037000633,Los Angeles County fallback SVI tract 633,5087,50.83,12.7,10.0,18.4,12.7,32.794846,-118.224119,LA County / CDC SVI style,simulated_fallback_due_download_missing_or_unavailable
06037000634,Los Angeles County fallback SVI tract 634,1779,51.79,12.1,14.0,18.9,17.5,33.639261999999995,-118.14796899999999,LA County / CDC SVI style,simulated_fallback_due_download_missing_or_unavailable
06037000635,Los Angeles County fallback SVI tract 635,2898,59.2,14.9,4.0,22.1,19.3,32.814021000000004,-117.67997700000001,LA County / CDC SVI style,simulated_fallback_due_download_missing_or_unavailable
06037000636,Los Angeles County fallback SVI tract 636,5380,36.44,13.8,3.5,5.4,11.5,34.175558,-118.55635099999999,LA County / CDC SVI style,simulated_fallback_due_download_missing_or_unavailable
06037000637,Los Angeles County fallback SVI tract 637,6935,66.38,15.1,11.8,23.2,13.8,32.813511999999996,-117.91013600000001,LA County / CDC SVI style,simulated_fallback_due_download_missing_or_unavailable
06037000638,Los Angeles County fallback SVI tract 638,3711,70.6,21.7,14.9,22.4,19.0,34.665580999999996,-118.30007499999999,LA County / CDC SVI style,simulated_fallback_due_download_missing_or_unavailable
06037000639,Los Angeles County fallback SVI tract 639,1057,80.37,23.9,13.6,23.0,20.4,33.269039,-118.742695,LA County / CDC SVI style,simulated_fallback_due_download_missing_or_unavailable
06037000640,Los Angeles County fallback SVI tract 640,6483,59.47,28.4,12.5,8.5,7.3,33.14256399999999,-118.12656,LA County / CDC SVI style,simulated_fallback_due_download_missing_or_unavailable
06037000641,Los Angeles County fallback SVI tract 641,3985,67.22,23.5,9.1,13.6,21.7,34.531278,-118.101902,LA County / CDC SVI style,simulated_fallback_due_download_missing_or_unavailable
06037000642,Los Angeles County fallback SVI tract 642,4958,44.38,11.3,6.3,7.6,15.5,33.591635999999994,-118.22719500000001,LA County / CDC SVI style,simulated_fallback_due_download_missing_or_unavailable
06037000643,Los Angeles County fallback SVI tract 643,5936,43.02,24.0,4.9,23.2,4.9,34.485285999999995,-118.216516,LA County / CDC SVI style,simulated_fallback_due_download_missing_or_unavailable
06037000644,Los Angeles County fallback SVI tract 644,3783,58.91,20.0,13.3,19.4,11.1,33.065698,-118.493365,LA County / CDC SVI style,simulated_fallback_due_download_missing_or_unavailable
06037000645,Los Angeles County fallback SVI tract 645,6127,74.91,36.4,14.7,9.9,21.5,34.641861,-118.792266,LA County / CDC SVI style,simulated_fallback_due_download_missing_or_unavailable
06037000646,Los Angeles County fallback SVI tract 646,2877,51.67,30.7,4.5,11.3,20.0,34.399899999999995,-118.434953,LA County / CDC SVI style,simulated_fallback_due_download_missing_or_unavailable
06037000647,Los Angeles County fallback SVI tract 647,4423,55.35,31.5,7.7,21.4,9.7,33.97416499999999,-118.091126,LA County / CDC SVI style,simulated_fallback_due_download_missing_or_unavailable
06037000648,Los Angeles County fallback SVI tract 648,2911,47.09,6.2,10.4,19.4,5.2,34.655455,-117.87033000000001,LA County / CDC SVI style,simulated_fallback_due_download_missing_or_unavailable
06037000649,Los Angeles County fallback SVI tract 649,4738,53.83,17.4,13.7,10.9,5.6,34.544273,-118.18553299999999,LA County / CDC SVI style,simulated_fallback_due_download_missing_or_unavailable
06037000650,Los Angeles County fallback SVI tract 650,1337,51.09,18.8,14.1,14.0,8.0,33.371846999999995,-117.66622,LA County / CDC SVI style,simulated_fallback_due_download_missing_or_unavailable
06037000651,Los Angeles County fallback SVI tract 651,5400,66.92,30.3,13.2,14.9,20.9,34.783587,-117.721799,LA County / CDC SVI style,simulated_fallback_due_download_missing_or_unavailable
06037000652,Los Angeles County fallback SVI tract 652,3606,42.93,17.9,9.1,10.6,7.1,33.288643,-117.75949399999999,LA County / CDC SVI style,simulated_fallback_due_download_missing_or_unavailable
06037000653,Los Angeles County fallback SVI tract 653,5534,31.37,7.3,4.0,13.4,14.1,33.626819,-118.219424,LA County / CDC SVI style,simulated_fallback_due_download_missing_or_unavailable
06037000654,Los Angeles County fallback SVI tract 654,4948,50.34,30.5,1.9,8.6,9.9,33.93898,-118.80529000000001,LA County / CDC SVI style,simulated_fallback_due_download_missing_or_unavailable
06037000655,Los Angeles County fallback SVI tract 655,1476,48.53,12.9,11.9,13.2,14.0,33.23558,-118.840301,LA County / CDC SVI style,simulated_fallback_due_download_missing_or_unavailable
06037000656,Los Angeles County fallback SVI tract 656,1454,32.15,12.9,12.0,6.0,6.0,33.60272199999999,-118.455014,LA County / CDC SVI style,simulated_fallback_due_download_missing_or_unavailable
06037000657,Los Angeles County fallback SVI tract 657,5064,55.11,18.6,8.3,20.7,9.5,33.358833999999995,-118.350713,LA County / CDC SVI style,simulated_fallback_due_download_missing_or_unavailable
06037000658,Los Angeles County fallback SVI tract 658,2733,60.0,27.1,10.9,15.3,13.8,34.162228,-117.66494499999999,LA County / CDC SVI style,simulated_fallback_due_download_missing_or_unavailable
06037000659,Los Angeles County fallback SVI tract 659,4340,51.03,32.3,3.2,9.0,14.0,33.777526,-117.759998,LA County / CDC SVI style,simulated_fallback_due_download_missing_or_unavailable
06037000660,Los Angeles County fallback SVI tract 660,2832,70.79,32.4,8.0,21.3,12.3,33.235366,-118.230519,LA County / CDC SVI style,simulated_fallback_due_download_missing_or_unavailable
06037000661,Los Angeles County fallback SVI tract 661,3458,45.16,11.4,1.8,18.0,14.5,33.639748999999995,-118.46137099999999,LA County / CDC SVI style,simulated_fallback_due_download_missing_or_unavailable
06037000662,Los Angeles County fallback SVI tract 662,3260,28.65,17.8,3.1,6.3,4.2,33.820027,-118.258491,LA County / CDC SVI style,simulated_fallback_due_download_missing_or_unavailable
06037000663,Los Angeles County fallback SVI tract 663,1480,32.23,4.5,8.3,18.4,4.8,32.976268999999995,-118.659301,LA County / CDC SVI style,simulated_fallback_due_download_missing_or_unavailable
06037000664,Los Angeles County fallback SVI tract 664,2133,51.02,19.2,13.3,15.9,7.1,33.126326,-118.07104799999999,LA County / CDC SVI style,simulated_fallback_due_download_missing_or_unavailable
06037000665,Los Angeles County fallback SVI tract 665,6632,53.09,37.8,4.0,22.8,4.6,34.387786999999996,-118.508027,LA County / CDC SVI style,simulated_fallback_due_download_missing_or_unavailable
06037000666,Los Angeles County fallback SVI tract 666,3192,55.4,19.3,10.2,11.1,12.1,33.794385999999996,-118.427018,LA County / CDC SVI style,simulated_fallback_due_download_missing_or_unavailable
06037000667,Los Angeles County fallback SVI tract 667,4587,36.18,7.1,8.8,14.2,17.8,33.987331,-118.354527,LA County / CDC SVI style,simulated_fallback_due_download_missing_or_unavailable
06037000668,Los Angeles County fallback SVI tract 668,6987,42.94,13.4,9.1,12.6,17.5,34.780813,-118.489073,LA County / CDC SVI style,simulated_fallback_due_download_missing_or_unavailable
06037000669,Los Angeles County fallback SVI tract 669,6630,47.18,12.5,9.0,21.4,8.4,33.781251999999995,-118.34888000000001,LA County / CDC SVI style,simulated_fallback_due_download_missing_or_unavailable
06037000670,Los Angeles County fallback SVI tract 670,3508,39.3,4.2,10.7,15.2,20.2,34.332899999999995,-118.758456,LA County / CDC SVI style,simulated_fallback_due_download_missing_or_unavailable
06037000671,Los Angeles County fallback SVI tract 671,3790,43.17,26.1,2.6,5.8,18.5,33.38018099999999,-118.489179,LA County / CDC SVI style,simulated_fallback_due_download_missing_or_unavailable
06037000672,Los Angeles County fallback SVI tract 672,6796,72.98,37.9,5.7,12.4,20.6,34.24094,-118.500483,LA County / CDC SVI style,simulated_fallback_due_download_missing_or_unavailable
06037000673,Los Angeles County fallback SVI tract 673,2924,72.47,25.4,11.4,19.2,20.3,33.682239,-118.440814,LA County / CDC SVI style,simulated_fallback_due_download_missing_or_unavailable
06037000674,Los Angeles County fallback SVI tract 674,1333,47.34,32.1,1.6,17.6,4.6,34.739777999999994,-117.88477499999999,LA County / CDC SVI style,simulated_fallback_due_download_missing_or_unavailable
06037000675,Los Angeles County fallback SVI tract 675,2353,42.63,12.4,4.6,15.6,19.0,33.47347799999999,-118.37297899999999,LA County / CDC SVI style,simulated_fallback_due_download_missing_or_unavailable
06037000676,Los Angeles County fallback SVI tract 676,6651,64.06,34.5,3.5,23.9,5.6,33.059443,-118.92774100000001,LA County / CDC SVI style,simulated_fallback_due_download_missing_or_unavailable
06037000677,Los Angeles County fallback SVI tract 677,1558,39.73,19.2,2.1,13.6,13.7,34.801476,-118.80297700000001,LA County / CDC SVI style,simulated_fallback_due_download_missing_or_unavailable
06037000678,Los Angeles County fallback SVI tract 678,3749,54.8,17.7,9.2,15.5,21.6,33.871609,-117.852846,LA County / CDC SVI style,simulated_fallback_due_download_missing_or_unavailable
06037000679,Los Angeles County fallback SVI tract 679,2956,34.89,3.2,8.6,13.9,14.9,33.363811,-118.80822799999999,LA County / CDC SVI style,simulated_fallback_due_download_missing_or_unavailable
06037000680,Los Angeles County fallback SVI tract 680,3932,62.83,30.0,13.9,16.7,13.7,33.551481,-118.74486300000001,LA County / CDC SVI style,simulated_fallback_due_download_missing_or_unavailable
06037000681,Los Angeles County fallback SVI tract 681,4017,38.4,29.4,6.9,6.1,5.7,33.927873999999996,-118.551152,LA County / CDC SVI style,simulated_fallback_due_download_missing_or_unavailable
06037000682,Los Angeles County fallback SVI tract 682,3109,65.11,24.8,12.5,20.8,15.0,33.469761999999996,-117.82908,LA County / CDC SVI style,simulated_fallback_due_download_missing_or_unavailable
06037000683,Los Angeles County fallback SVI tract 683,2387,32.04,14.9,5.3,7.3,13.6,33.834790999999996,-118.238547,LA County / CDC SVI style,simulated_fallback_due_download_missing_or_unavailable
06037000684,Los Angeles County fallback SVI tract 684,4003,46.9,21.2,7.6,7.3,6.5,34.537101,-118.44360200000001,LA County / CDC SVI style,simulated_fallback_due_download_missing_or_unavailable
06037000685,Los Angeles County fallback SVI tract 685,3738,25.03,6.7,4.8,15.1,5.2,33.411652,-118.406844,LA County / CDC SVI style,simulated_fallback_due_download_missing_or_unavailable
06037000686,Los Angeles County fallback SVI tract 686,3933,71.61,32.8,14.7,11.6,17.5,33.346776,-118.11686,LA County / CDC SVI style,simulated_fallback_due_download_missing_or_unavailable
06037000687,Los Angeles County fallback SVI tract 687,4930,45.34,14.3,10.0,11.2,13.1,33.803458,-118.531726,LA County / CDC SVI style,simulated_fallback_due_download_missing_or_unavailable
06037000688,Los Angeles County fallback SVI tract 688,6405,39.67,4.2,13.8,14.6,5.5,34.162032,-118.17174,LA County / CDC SVI style,simulated_fallback_due_download_missing_or_unavailable
06037000689,Los Angeles County fallback SVI tract 689,1062,65.35,18.5,15.2,21.7,10.2,32.756499,-118.323923,LA County / CDC SVI style,simulated_fallback_due_download_missing_or_unavailable
06037000690,Los Angeles County fallback SVI tract 690,4211,63.19,21.4,13.9,24.0,16.8,33.690802,-118.044649,LA County / CDC SVI style,simulated_fallback_due_download_missing_or_unavailable
06037000691,Los Angeles County fallback SVI tract 691,4357,42.72,4.1,3.5,21.5,18.4,34.001732999999994,-118.30694799999999,LA County / CDC SVI style,simulated_fallback_due_download_missing_or_unavailable
06037000692,Los Angeles County fallback SVI tract 692,2736,32.62,6.5,7.7,8.5,13.3,34.235112,-117.950904,LA County / CDC SVI style,simulated_fallback_due_download_missing_or_unavailable
06037000693,Los Angeles County fallback SVI tract 693,1727,66.3,34.5,13.9,7.0,14.7,34.656402,-117.925521,LA County / CDC SVI style,simulated_fallback_due_download_missing_or_unavailable
06037000694,Los Angeles County fallback SVI tract 694,3638,41.51,18.9,1.9,10.6,12.5,33.717971,-118.32885900000001,LA County / CDC SVI style,simulated_fallback_due_download_missing_or_unavailable
06037000695,Los Angeles County fallback SVI tract 695,6496,55.85,10.2,10.7,22.5,8.3,33.013011,-118.504153,LA County / CDC SVI style,simulated_fallback_due_download_missing_or_unavailable
06037000696,Los Angeles County fallback SVI tract 696,2941,57.41,23.7,5.0,18.9,15.4,33.796279,-117.676962,LA County / CDC SVI style,simulated_fallback_due_download_missing_or_unavailable
06037000697,Los Angeles County fallback SVI tract 697,6495,47.48,19.1,2.2,14.8,12.9,34.133946,-118.29652100000001,LA County / CDC SVI style,simulated_fallback_due_download_missing_or_unavailable
06037000698,Los Angeles County fallback SVI tract 698,1368,40.97,27.6,1.6,9.5,9.2,32.85422,-117.711264,LA County / CDC SVI style,simulated_fallback_due_download_missing_or_unavailable
06037000699,Los Angeles County fallback SVI tract 699,6451,59.23,31.9,13.4,10.1,12.2,34.575604999999996,-118.316392,LA County / CDC SVI style,simulated_fallback_due_download_missing_or_unavailable
06037000700,Los Angeles County fallback SVI tract 700,3167,39.87,10.5,6.8,11.5,21.3,33.850611,-118.43984800000001,LA County / CDC SVI style,simulated_fallback_due_download_missing_or_unavailable
06037000701,Los Angeles County fallback SVI tract 701,3959,46.5,23.0,8.8,8.6,10.5,33.482029,-118.45854999999999,LA County / CDC SVI style,simulated_fallback_due_download_missing_or_unavailable
06037000702,Los Angeles County fallback SVI tract 702,865,40.14,7.2,4.4,18.3,12.5,33.386165999999996,-118.665372,LA County / CDC SVI style,simulated_fallback_due_download_missing_or_unavailable
06037000703,Los Angeles County fallback SVI tract 703,4790,55.2,22.0,11.3,14.9,14.7,34.747307,-117.884205,LA County / CDC SVI style,simulated_fallback_due_download_missing_or_unavailable
06037000704,Los Angeles County fallback SVI tract 704,4923,43.64,26.2,2.0,7.1,14.9,32.917534,-118.869581,LA County / CDC SVI style,simulated_fallback_due_download_missing_or_unavailable
06037000705,Los Angeles County fallback SVI tract 705,7073,56.21,25.1,3.8,20.1,13.7,34.321929,-118.512933,LA County / CDC SVI style,simulated_fallback_due_download_missing_or_unavailable
06037000706,Los Angeles County fallback SVI tract 706,1981,58.07,14.1,7.5,16.7,19.3,33.320524999999996,-118.157132,LA County / CDC SVI style,simulated_fallback_due_download_missing_or_unavailable
06037000707,Los Angeles County fallback SVI tract 707,2486,48.27,3.1,10.6,14.3,17.7,33.38515699999999,-117.67424799999999,LA County / CDC SVI style,simulated_fallback_due_download_missing_or_unavailable
06037000708,Los Angeles County fallback SVI tract 708,5689,34.36,4.3,10.6,10.8,5.6,34.488446,-118.202279,LA County / CDC SVI style,simulated_fallback_due_download_missing_or_unavailable
06037000709,Los Angeles County fallback SVI tract 709,2136,65.72,20.1,14.9,21.1,19.8,33.623026,-118.863982,LA County / CDC SVI style,simulated_fallback_due_download_missing_or_unavailable
06037000710,Los Angeles County fallback SVI tract 710,3935,61.78,15.0,13.6,23.6,5.7,34.636351000000005,-118.423235,LA County / CDC SVI style,simulated_fallback_due_download_missing_or_unavailable
06037000711,Los Angeles County fallback SVI tract 711,5962,55.54,23.9,5.5,16.7,19.4,33.740883999999994,-117.723418,LA County / CDC SVI style,simulated_fallback_due_download_missing_or_unavailable
06037000712,Los Angeles County fallback SVI tract 712,3066,26.33,5.2,9.7,6.3,13.4,34.215425,-118.92884899999999,LA County / CDC SVI style,simulated_fallback_due_download_missing_or_unavailable
06037000713,Los Angeles County fallback SVI tract 713,4144,64.92,11.6,15.3,22.1,15.3,34.79113,-118.858475,LA County / CDC SVI style,simulated_fallback_due_download_missing_or_unavailable
06037000714,Los Angeles County fallback SVI tract 714,7180,38.11,8.0,8.4,9.3,19.3,34.204902999999995,-118.725811,LA County / CDC SVI style,simulated_fallback_due_download_missing_or_unavailable
06037000715,Los Angeles County fallback SVI tract 715,3568,33.56,30.1,1.8,5.8,5.6,34.043437,-118.17639199999999,LA County / CDC SVI style,simulated_fallback_due_download_missing_or_unavailable
06037000716,Los Angeles County fallback SVI tract 716,3424,79.67,24.5,14.2,19.5,20.8,33.961659999999995,-118.12465200000001,LA County / CDC SVI style,simulated_fallback_due_download_missing_or_unavailable
06037000717,Los Angeles County fallback SVI tract 717,1690,59.22,14.8,7.1,23.7,13.9,33.531359,-118.20080499999999,LA County / CDC SVI style,simulated_fallback_due_download_missing_or_unavailable
06037000718,Los Angeles County fallback SVI tract 718,4164,46.93,29.2,2.7,10.0,4.5,34.356783,-118.549613,LA County / CDC SVI style,simulated_fallback_due_download_missing_or_unavailable
06037000719,Los Angeles County fallback SVI tract 719,5464,76.29,30.6,10.4,16.5,21.8,34.161522000000005,-118.639772,LA County / CDC SVI style,simulated_fallback_due_download_missing_or_unavailable
06037000720,Los Angeles County fallback SVI tract 720,5619,42.44,9.7,8.6,15.3,15.1,33.400619999999996,-118.68945699999999,LA County / CDC SVI style,simulated_fallback_due_download_missing_or_unavailable
06037000721,Los Angeles County fallback SVI tract 721,4038,47.13,5.2,12.3,12.3,12.4,34.098326,-117.757894,LA County / CDC SVI style,simulated_fallback_due_download_missing_or_unavailable
06037000722,Los Angeles County fallback SVI tract 722,3665,61.25,36.6,3.8,22.2,7.6,33.913414,-118.82682299999999,LA County / CDC SVI style,simulated_fallback_due_download_missing_or_unavailable
06037000723,Los Angeles County fallback SVI tract 723,1976,36.45,8.8,14.1,10.7,6.4,34.080701999999995,-118.31025600000001,LA County / CDC SVI style,simulated_fallback_due_download_missing_or_unavailable
06037000724,Los Angeles County fallback SVI tract 724,6738,36.22,10.0,8.0,16.3,8.7,33.050921,-118.02928899999999,LA County / CDC SVI style,simulated_fallback_due_download_missing_or_unavailable
06037000725,Los Angeles County fallback SVI tract 725,7073,57.78,14.9,10.7,21.5,7.5,32.84825,-118.664862,LA County / CDC SVI style,simulated_fallback_due_download_missing_or_unavailable
06037000726,Los Angeles County fallback SVI tract 726,4135,50.95,4.0,12.8,11.1,21.5,33.44039299999999,-117.777226,LA County / CDC SVI style,simulated_fallback_due_download_missing_or_unavailable
06037000727,Los Angeles County fallback SVI tract 727,3963,48.62,29.6,8.8,7.5,14.3,33.478072,-118.243822,LA County / CDC SVI style,simulated_fallback_due_download_missing_or_unavailable
06037000728,Los Angeles County fallback SVI tract 728,1746,60.67,25.8,3.4,18.4,14.4,34.24291899999999,-118.931947,LA County / CDC SVI style,simulated_fallback_due_download_missing_or_unavailable
06037000729,Los Angeles County fallback SVI tract 729,6472,15.87,3.0,1.7,10.5,5.2,34.577027,-118.630809,LA County / CDC SVI style,simulated_fallback_due_download_missing_or_unavailable
06037000730,Los Angeles County fallback SVI tract 730,1017,70.32,34.4,6.3,17.8,13.1,33.501251,-118.74016200000001,LA County / CDC SVI style,simulated_fallback_due_download_missing_or_unavailable
06037000731,Los Angeles County fallback SVI tract 731,3489,36.18,21.1,7.9,5.4,10.5,32.940975,-118.035554,LA County / CDC SVI style,simulated_fallback_due_download_missing_or_unavailable
06037000732,Los Angeles County fallback SVI tract 732,2369,35.33,10.7,4.4,10.7,15.1,33.504735000000004,-118.76320799999999,LA County / CDC SVI style,simulated_fallback_due_download_missing_or_unavailable
06037000733,Los Angeles County fallback SVI tract 733,2670,63.57,32.1,4.6,23.7,7.0,33.571245999999995,-118.850232,LA County / CDC SVI style,simulated_fallback_due_download_missing_or_unavailable
06037000734,Los Angeles County fallback SVI tract 734,4452,44.3,19.9,5.4,19.5,12.4,33.22684,-118.71152500000001,LA County / CDC SVI style,simulated_fallback_due_download_missing_or_unavailable
06037000735,Los Angeles County fallback SVI tract 735,3659,54.07,13.4,13.4,10.3,16.9,32.923397,-118.35699199999999,LA County / CDC SVI style,simulated_fallback_due_download_missing_or_unavailable
06037000736,Los Angeles County fallback SVI tract 736,2438,67.62,31.6,8.9,11.8,16.9,33.064171,-118.13434199999999,LA County / CDC SVI style,simulated_fallback_due_download_missing_or_unavailable
06037000737,Los Angeles County fallback SVI tract 737,5697,74.2,18.3,14.5,23.5,18.4,34.814691,-118.02364700000001,LA County / CDC SVI style,simulated_fallback_due_download_missing_or_unavailable
06037000738,Los Angeles County fallback SVI tract 738,3253,54.88,16.0,14.9,13.9,17.8,32.906552,-118.428664,LA County / CDC SVI style,simulated_fallback_due_download_missing_or_unavailable
06037000739,Los Angeles County fallback SVI tract 739,3752,40.23,4.0,8.2,5.4,16.5,33.216303,-117.814302,LA County / CDC SVI style,simulated_fallback_due_download_missing_or_unavailable
06037000740,Los Angeles County fallback SVI tract 740,4897,71.43,31.3,12.4,20.1,12.5,33.922566,-118.401807,LA County / CDC SVI style,simulated_fallback_due_download_missing_or_unavailable
06037000741,Los Angeles County fallback SVI tract 741,6592,46.78,9.6,9.8,13.2,9.9,33.779343,-117.99958899999999,LA County / CDC SVI style,simulated_fallback_due_download_missing_or_unavailable
06037000742,Los Angeles County fallback SVI tract 742,3890,45.71,7.9,8.2,12.0,13.3,33.51536,-118.43603700000001,LA County / CDC SVI style,simulated_fallback_due_download_missing_or_unavailable
06037000743,Los Angeles County fallback SVI tract 743,3770,37.35,11.7,11.8,9.7,6.5,33.175858,-118.02188100000001,LA County / CDC SVI style,simulated_fallback_due_download_missing_or_unavailable
06037000744,Los Angeles County fallback SVI tract 744,6705,51.9,9.9,11.7,21.4,17.9,34.222706,-118.50611599999999,LA County / CDC SVI style,simulated_fallback_due_download_missing_or_unavailable
06037000745,Los Angeles County fallback SVI tract 745,2098,58.76,20.7,10.6,20.9,16.8,34.737962,-118.90103300000001,LA County / CDC SVI style,simulated_fallback_due_download_missing_or_unavailable
06037000746,Los Angeles County fallback SVI tract 746,4067,45.74,27.2,2.4,18.6,10.3,33.277924,-118.67744499999999,LA County / CDC SVI style,simulated_fallback_due_download_missing_or_unavailable
06037000747,Los Angeles County fallback SVI tract 747,5341,56.43,31.7,9.0,19.3,7.5,34.512617999999996,-117.65615,LA County / CDC SVI style,simulated_fallback_due_download_missing_or_unavailable
06037000748,Los Angeles County fallback SVI tract 748,5283,55.84,29.0,4.9,13.8,18.1,33.892567,-118.131936,LA County / CDC SVI style,simulated_fallback_due_download_missing_or_unavailable
06037000749,Los Angeles County fallback SVI tract 749,1596,55.05,18.0,6.5,17.1,17.3,34.17561,-117.875334,LA County / CDC SVI style,simulated_fallback_due_download_missing_or_unavailable
06037000750,Los Angeles County fallback SVI tract 750,1452,77.17,34.5,11.0,19.3,11.4,33.695676000000006,-117.79277099999999,LA County / CDC SVI style,simulated_fallback_due_download_missing_or_unavailable
06037000751,Los Angeles County fallback SVI tract 751,2055,64.56,31.1,14.6,14.8,11.9,34.516344999999994,-118.18459600000001,LA County / CDC SVI style,simulated_fallback_due_download_missing_or_unavailable
06037000752,Los Angeles County fallback SVI tract 752,6742,30.34,19.0,5.1,7.6,6.4,33.792134,-118.08441499999999,LA County / CDC SVI style,simulated_fallback_due_download_missing_or_unavailable
06037000753,Los Angeles County fallback SVI tract 753,6037,57.29,29.5,8.2,16.7,8.8,34.81204999999999,-118.37705100000001,LA County / CDC SVI style,simulated_fallback_due_download_missing_or_unavailable
06037000754,Los Angeles County fallback SVI tract 754,2532,39.81,7.8,14.4,7.2,8.9,34.522819,-118.48208,LA County / CDC SVI style,simulated_fallback_due_download_missing_or_unavailable
06037000755,Los Angeles County fallback SVI tract 755,1631,48.89,6.4,15.6,8.9,9.3,33.95301499999999,-118.34792,LA County / CDC SVI style,simulated_fallback_due_download_missing_or_unavailable
06037000756,Los Angeles County fallback SVI tract 756,2322,63.98,36.7,11.0,11.0,8.7,34.348313,-118.23545899999999,LA County / CDC SVI style,simulated_fallback_due_download_missing_or_unavailable
06037000757,Los Angeles County fallback SVI tract 757,4799,56.25,31.0,6.3,14.4,15.1,33.873867,-118.765099,LA County / CDC SVI style,simulated_fallback_due_download_missing_or_unavailable
06037000758,Los Angeles County fallback SVI tract 758,3612,45.93,7.5,13.3,10.2,20.2,34.39669,-118.33418999999999,LA County / CDC SVI style,simulated_fallback_due_download_missing_or_unavailable
06037000759,Los Angeles County fallback SVI tract 759,2380,58.49,18.7,6.7,17.6,19.1,34.518848000000006,-117.860391,LA County / CDC SVI style,simulated_fallback_due_download_missing_or_unavailable
06037000760,Los Angeles County fallback SVI tract 760,1933,59.64,34.2,2.1,7.8,20.3,34.104408,-118.49173599999999,LA County / CDC SVI style,simulated_fallback_due_download_missing_or_unavailable
06037000761,Los Angeles County fallback SVI tract 761,6374,58.9,33.7,7.3,7.5,13.0,34.759885999999995,-118.10046600000001,LA County / CDC SVI style,simulated_fallback_due_download_missing_or_unavailable
06037000762,Los Angeles County fallback SVI tract 762,4066,46.86,13.4,9.2,10.6,11.3,33.734967,-117.78935200000001,LA County / CDC SVI style,simulated_fallback_due_download_missing_or_unavailable
06037000763,Los Angeles County fallback SVI tract 763,977,75.49,37.2,10.2,18.2,8.7,33.415527999999995,-118.907089,LA County / CDC SVI style,simulated_fallback_due_download_missing_or_unavailable
06037000764,Los Angeles County fallback SVI tract 764,1656,41.16,15.4,6.1,16.5,10.7,33.008832,-117.77771499999999,LA County / CDC SVI style,simulated_fallback_due_download_missing_or_unavailable
06037000765,Los Angeles County fallback SVI tract 765,5465,73.62,24.7,15.7,18.7,22.0,34.193261,-118.04174599999999,LA County / CDC SVI style,simulated_fallback_due_download_missing_or_unavailable
06037000766,Los Angeles County fallback SVI tract 766,1894,59.85,27.0,15.9,17.9,7.7,34.723351,-117.89608600000001,LA County / CDC SVI style,simulated_fallback_due_download_missing_or_unavailable
06037000767,Los Angeles County fallback SVI tract 767,5943,53.43,32.2,4.7,11.0,5.8,34.231024000000005,-117.83341399999999,LA County / CDC SVI style,simulated_fallback_due_download_missing_or_unavailable
06037000768,Los Angeles County fallback SVI tract 768,2906,41.82,23.4,1.7,9.1,18.9,34.210718,-118.233169,LA County / CDC SVI style,simulated_fallback_due_download_missing_or_unavailable
06037000769,Los Angeles County fallback SVI tract 769,6818,47.64,7.5,12.2,9.5,13.0,33.578985,-117.900109,LA County / CDC SVI style,simulated_fallback_due_download_missing_or_unavailable
06037000770,Los Angeles County fallback SVI tract 770,6395,51.68,29.9,8.0,8.3,4.2,34.754751999999996,-118.69913899999999,LA County / CDC SVI style,simulated_fallback_due_download_missing_or_unavailable
06037000771,Los Angeles County fallback SVI tract 771,4878,46.04,19.5,13.8,10.5,8.7,34.383411,-118.183384,LA County / CDC SVI style,simulated_fallback_due_download_missing_or_unavailable
06037000772,Los Angeles County fallback SVI tract 772,1090,66.77,36.3,13.8,19.1,9.7,33.332317,-118.29675999999999,LA County / CDC SVI style,simulated_fallback_due_download_missing_or_unavailable
06037000773,Los Angeles County fallback SVI tract 773,3957,41.4,14.9,2.7,14.6,12.1,33.032492000000005,-118.13981000000001,LA County / CDC SVI style,simulated_fallback_due_download_missing_or_unavailable
06037000774,Los Angeles County fallback SVI tract 774,6559,44.92,12.8,9.4,22.7,8.1,33.968514,-118.152456,LA County / CDC SVI style,simulated_fallback_due_download_missing_or_unavailable
06037000775,Los Angeles County fallback SVI tract 775,5389,47.0,29.2,3.0,15.8,15.7,33.785226,-118.152122,LA County / CDC SVI style,simulated_fallback_due_download_missing_or_unavailable
06037000776,Los Angeles County fallback SVI tract 776,3477,24.21,7.7,9.0,6.5,5.9,34.571236,-118.717252,LA County / CDC SVI style,simulated_fallback_due_download_missing_or_unavailable
06037000777,Los Angeles County fallback SVI tract 777,3449,66.19,25.4,14.8,6.5,21.6,34.456123000000005,-117.69205400000001,LA County / CDC SVI style,simulated_fallback_due_download_missing_or_unavailable
06037000778,Los Angeles County fallback SVI tract 778,4740,39.54,12.3,7.4,10.0,4.4,32.947197,-118.635412,LA County / CDC SVI style,simulated_fallback_due_download_missing_or_unavailable
06037000779,Los Angeles County fallback SVI tract 779,3357,45.68,10.5,8.8,19.2,9.7,34.143336999999995,-118.77346399999999,LA County / CDC SVI style,simulated_fallback_due_download_missing_or_unavailable
06037000780,Los Angeles County fallback SVI tract 780,2144,52.89,17.4,6.8,19.9,20.9,34.092324,-117.822848,LA County / CDC SVI style,simulated_fallback_due_download_missing_or_unavailable
06037000781,Los Angeles County fallback SVI tract 781,1245,37.64,9.4,2.1,22.2,16.1,33.91862199999999,-117.862195,LA County / CDC SVI style,simulated_fallback_due_download_missing_or_unavailable
06037000782,Los Angeles County fallback SVI tract 782,1082,71.53,30.3,10.7,13.2,17.8,33.712523,-118.48226299999999,LA County / CDC SVI style,simulated_fallback_due_download_missing_or_unavailable
06037000783,Los Angeles County fallback SVI tract 783,5169,58.4,14.9,9.6,14.0,16.6,34.783528000000004,-117.697766,LA County / CDC SVI style,simulated_fallback_due_download_missing_or_unavailable
06037000784,Los Angeles County fallback SVI tract 784,6684,46.02,26.9,4.4,6.4,10.5,33.187667,-118.20712800000001,LA County / CDC SVI style,simulated_fallback_due_download_missing_or_unavailable
06037000785,Los Angeles County fallback SVI tract 785,2922,65.19,31.5,4.2,20.0,18.5,34.648618,-117.91227799999999,LA County / CDC SVI style,simulated_fallback_due_download_missing_or_unavailable
06037000786,Los Angeles County fallback SVI tract 786,1402,65.09,21.3,14.1,11.5,13.9,33.322256,-118.132879,LA County / CDC SVI style,simulated_fallback_due_download_missing_or_unavailable
06037000787,Los Angeles County fallback SVI tract 787,5171,43.32,28.9,1.9,6.3,16.1,33.890575,-118.08060699999999,LA County / CDC SVI style,simulated_fallback_due_download_missing_or_unavailable
06037000788,Los Angeles County fallback SVI tract 788,3595,39.68,7.8,14.2,7.3,5.2,33.046614,-118.12413699999999,LA County / CDC SVI style,simulated_fallback_due_download_missing_or_unavailable
06037000789,Los Angeles County fallback SVI tract 789,6982,30.8,13.6,6.1,11.8,4.9,33.501234000000004,-118.926845,LA County / CDC SVI style,simulated_fallback_due_download_missing_or_unavailable
06037000790,Los Angeles County fallback SVI tract 790,2617,68.92,35.6,5.6,14.4,17.8,32.989563,-118.315877,LA County / CDC SVI style,simulated_fallback_due_download_missing_or_unavailable
06037000791,Los Angeles County fallback SVI tract 791,5292,69.57,24.1,14.6,21.8,8.4,34.722504,-117.743122,LA County / CDC SVI style,simulated_fallback_due_download_missing_or_unavailable
06037000792,Los Angeles County fallback SVI tract 792,4675,34.48,3.7,3.6,6.5,19.6,32.770425,-118.44175499999999,LA County / CDC SVI style,simulated_fallback_due_download_missing_or_unavailable
06037000793,Los Angeles County fallback SVI tract 793,1183,39.96,12.0,2.1,23.5,6.4,34.648455,-117.70588400000001,LA County / CDC SVI style,simulated_fallback_due_download_missing_or_unavailable
06037000794,Los Angeles County fallback SVI tract 794,3557,67.73,34.0,6.0,15.1,21.5,33.805899000000004,-118.67104400000001,LA County / CDC SVI style,simulated_fallback_due_download_missing_or_unavailable
06037000795,Los Angeles County fallback SVI tract 795,6599,58.54,22.7,4.3,19.1,20.6,33.123099,-118.581521,LA County / CDC SVI style,simulated_fallback_due_download_missing_or_unavailable
06037000796,Los Angeles County fallback SVI tract 796,4479,73.41,22.3,12.8,22.6,19.5,34.449822,-118.30106,LA County / CDC SVI style,simulated_fallback_due_download_missing_or_unavailable
06037000797,Los Angeles County fallback SVI tract 797,5892,49.56,26.8,2.7,11.7,9.6,32.77668,-118.80746099999999,LA County / CDC SVI style,simulated_fallback_due_download_missing_or_unavailable
06037000798,Los Angeles County fallback SVI tract 798,1163,58.99,32.2,9.9,13.1,8.4,33.645798,-118.22262599999999,LA County / CDC SVI style,simulated_fallback_due_download_missing_or_unavailable
06037000799,Los Angeles County fallback SVI tract 799,870,44.46,6.5,15.7,8.1,7.2,33.970555000000004,-118.57748699999999,LA County / CDC SVI style,simulated_fallback_due_download_missing_or_unavailable
06037000800,Los Angeles County fallback SVI tract 800,6779,57.7,26.6,9.4,8.9,13.2,34.644991,-118.846756,LA County / CDC SVI style,simulated_fallback_due_download_missing_or_unavailable
06037000801,Los Angeles County fallback SVI tract 801,2642,70.4,35.3,12.9,22.8,12.3,32.955059999999996,-118.78517199999999,LA County / CDC SVI style,simulated_fallback_due_download_missing_or_unavailable
06037000802,Los Angeles County fallback SVI tract 802,2089,59.08,19.1,8.9,13.3,21.7,33.129343,-117.734523,LA County / CDC SVI style,simulated_fallback_due_download_missing_or_unavailable
06037000803,Los Angeles County fallback SVI tract 803,3848,27.23,5.4,5.6,12.8,4.7,34.536864,-118.01828800000001,LA County / CDC SVI style,simulated_fallback_due_download_missing_or_unavailable
06037000804,Los Angeles County fallback SVI tract 804,1886,59.58,29.2,12.0,16.2,15.5,33.353721,-118.43289899999999,LA County / CDC SVI style,simulated_fallback_due_download_missing_or_unavailable
06037000805,Los Angeles County fallback SVI tract 805,5034,54.89,22.0,5.8,19.8,16.4,33.718881,-118.904945,LA County / CDC SVI style,simulated_fallback_due_download_missing_or_unavailable
06037000806,Los Angeles County fallback SVI tract 806,3479,46.41,33.9,1.5,21.1,6.8,34.033243,-117.90644,LA County / CDC SVI style,simulated_fallback_due_download_missing_or_unavailable
06037000807,Los Angeles County fallback SVI tract 807,6557,53.73,12.8,12.4,5.9,19.7,34.585612,-118.18460999999999,LA County / CDC SVI style,simulated_fallback_due_download_missing_or_unavailable
06037000808,Los Angeles County fallback SVI tract 808,2333,50.4,9.2,9.9,17.6,19.2,34.802400999999996,-118.279595,LA County / CDC SVI style,simulated_fallback_due_download_missing_or_unavailable
06037000809,Los Angeles County fallback SVI tract 809,5564,60.16,28.9,9.6,15.0,10.8,33.993282,-118.77558199999999,LA County / CDC SVI style,simulated_fallback_due_download_missing_or_unavailable
06037000810,Los Angeles County fallback SVI tract 810,6595,58.85,20.6,11.9,15.6,11.2,33.09661199999999,-118.206178,LA County / CDC SVI style,simulated_fallback_due_download_missing_or_unavailable
06037000811,Los Angeles County fallback SVI tract 811,2317,28.86,15.4,1.8,18.2,7.3,33.67690699999999,-118.05516800000001,LA County / CDC SVI style,simulated_fallback_due_download_missing_or_unavailable
06037000812,Los Angeles County fallback SVI tract 812,4236,46.13,19.3,1.5,7.7,19.8,33.278139,-118.64484999999999,LA County / CDC SVI style,simulated_fallback_due_download_missing_or_unavailable
06037000813,Los Angeles County fallback SVI tract 813,3551,40.4,9.5,10.2,20.2,4.2,34.267333,-118.690636,LA County / CDC SVI style,simulated_fallback_due_download_missing_or_unavailable
06037000814,Los Angeles County fallback SVI tract 814,3087,52.58,6.8,13.0,19.9,15.6,32.808851999999995,-118.663751,LA County / CDC SVI style,simulated_fallback_due_download_missing_or_unavailable
06037000815,Los Angeles County fallback SVI tract 815,5272,45.11,15.1,13.1,13.2,5.4,33.461453,-118.585618,LA County / CDC SVI style,simulated_fallback_due_download_missing_or_unavailable
06037000816,Los Angeles County fallback SVI tract 816,4076,50.43,26.4,6.0,5.2,19.9,32.978495,-118.807579,LA County / CDC SVI style,simulated_fallback_due_download_missing_or_unavailable
06037000817,Los Angeles County fallback SVI tract 817,3702,45.83,13.4,14.5,22.0,5.3,33.984356000000005,-118.146841,LA County / CDC SVI style,simulated_fallback_due_download_missing_or_unavailable
06037000818,Los Angeles County fallback SVI tract 818,5116,51.75,28.8,9.9,7.8,5.9,33.20285,-118.433909,LA County / CDC SVI style,simulated_fallback_due_download_missing_or_unavailable
06037000819,Los Angeles County fallback SVI tract 819,3335,36.28,21.3,5.2,12.0,5.3,32.824244,-118.936258,LA County / CDC SVI style,simulated_fallback_due_download_missing_or_unavailable
06037000820,Los Angeles County fallback SVI tract 820,1960,52.75,19.5,6.3,18.0,19.9,32.932587,-118.566928,LA County / CDC SVI style,simulated_fallback_due_download_missing_or_unavailable
06037000821,Los Angeles County fallback SVI tract 821,6638,56.56,32.2,5.2,9.6,14.3,33.104302000000004,-118.08736200000001,LA County / CDC SVI style,simulated_fallback_due_download_missing_or_unavailable
06037000822,Los Angeles County fallback SVI tract 822,3270,44.29,27.4,1.6,11.0,6.2,34.160596,-118.15952999999999,LA County / CDC SVI style,simulated_fallback_due_download_missing_or_unavailable
06037000823,Los Angeles County fallback SVI tract 823,6905,48.2,24.4,5.1,9.5,9.6,34.724568,-117.860672,LA County / CDC SVI style,simulated_fallback_due_download_missing_or_unavailable
06037000824,Los Angeles County fallback SVI tract 824,1840,34.8,8.5,8.9,12.6,14.3,34.222166,-118.655023,LA County / CDC SVI style,simulated_fallback_due_download_missing_or_unavailable
06037000825,Los Angeles County fallback SVI tract 825,2421,60.77,34.5,2.4,16.3,8.4,34.552247,-118.41805199999999,LA County / CDC SVI style,simulated_fallback_due_download_missing_or_unavailable
06037000826,Los Angeles County fallback SVI tract 826,2386,50.78,19.6,12.4,6.8,7.6,33.146120999999994,-118.941824,LA County / CDC SVI style,simulated_fallback_due_download_missing_or_unavailable
06037000827,Los Angeles County fallback SVI tract 827,4737,50.9,16.3,8.6,19.4,18.3,34.740722999999996,-117.855505,LA County / CDC SVI style,simulated_fallback_due_download_missing_or_unavailable
06037000828,Los Angeles County fallback SVI tract 828,1785,66.96,34.5,12.7,20.6,10.8,33.48506199999999,-118.31508199999999,LA County / CDC SVI style,simulated_fallback_due_download_missing_or_unavailable
06037000829,Los Angeles County fallback SVI tract 829,2210,49.84,8.9,13.0,19.4,7.8,34.083091,-118.662627,LA County / CDC SVI style,simulated_fallback_due_download_missing_or_unavailable
06037000830,Los Angeles County fallback SVI tract 830,3567,65.06,22.6,14.1,12.7,10.4,32.880607999999995,-118.42421200000001,LA County / CDC SVI style,simulated_fallback_due_download_missing_or_unavailable
06037000831,Los Angeles County fallback SVI tract 831,973,36.83,24.0,3.5,7.6,4.9,34.655961000000005,-118.83184899999999,LA County / CDC SVI style,simulated_fallback_due_download_missing_or_unavailable
06037000832,Los Angeles County fallback SVI tract 832,1178,39.21,8.4,12.3,21.7,4.6,34.253278,-118.58568600000001,LA County / CDC SVI style,simulated_fallback_due_download_missing_or_unavailable
06037000833,Los Angeles County fallback SVI tract 833,2510,47.98,7.9,10.7,9.8,15.7,34.15897699999999,-117.870797,LA County / CDC SVI style,simulated_fallback_due_download_missing_or_unavailable
06037000834,Los Angeles County fallback SVI tract 834,4575,59.62,35.0,8.9,6.3,21.5,33.316416,-118.47311300000001,LA County / CDC SVI style,simulated_fallback_due_download_missing_or_unavailable
06037000835,Los Angeles County fallback SVI tract 835,2092,38.54,6.3,10.2,18.7,13.2,34.70565799999999,-117.776177,LA County / CDC SVI style,simulated_fallback_due_download_missing_or_unavailable
06037000836,Los Angeles County fallback SVI tract 836,5335,62.03,22.6,4.8,21.5,13.8,33.350621000000004,-117.655306,LA County / CDC SVI style,simulated_fallback_due_download_missing_or_unavailable
06037000837,Los Angeles County fallback SVI tract 837,2444,58.12,12.0,12.4,16.1,19.8,33.683217,-118.14918,LA County / CDC SVI style,simulated_fallback_due_download_missing_or_unavailable
06037000838,Los Angeles County fallback SVI tract 838,5709,49.88,12.8,5.2,21.7,12.5,33.538504,-118.20710199999999,LA County / CDC SVI style,simulated_fallback_due_download_missing_or_unavailable
06037000839,Los Angeles County fallback SVI tract 839,1213,57.3,32.4,11.1,11.5,6.0,33.774216,-117.863904,LA County / CDC SVI style,simulated_fallback_due_download_missing_or_unavailable
06037000840,Los Angeles County fallback SVI tract 840,4105,41.65,6.6,10.7,14.4,21.2,34.190075,-117.83519000000001,LA County / CDC SVI style,simulated_fallback_due_download_missing_or_unavailable
06037000841,Los Angeles County fallback SVI tract 841,2053,57.0,18.3,1.9,21.2,18.8,34.10279,-118.56313800000001,LA County / CDC SVI style,simulated_fallback_due_download_missing_or_unavailable
06037000842,Los Angeles County fallback SVI tract 842,5032,66.12,18.9,11.6,23.5,21.5,32.78377,-118.79431,LA County / CDC SVI style,simulated_fallback_due_download_missing_or_unavailable
06037000843,Los Angeles County fallback SVI tract 843,4509,48.26,26.3,10.8,11.3,6.6,34.139422,-117.92463699999999,LA County / CDC SVI style,simulated_fallback_due_download_missing_or_unavailable
06037000844,Los Angeles County fallback SVI tract 844,1994,65.07,23.9,13.8,21.1,14.7,32.848440000000004,-118.476992,LA County / CDC SVI style,simulated_fallback_due_download_missing_or_unavailable
06037000845,Los Angeles County fallback SVI tract 845,6373,72.32,31.6,9.8,21.2,13.3,34.563407,-118.429835,LA County / CDC SVI style,simulated_fallback_due_download_missing_or_unavailable
06037000846,Los Angeles County fallback SVI tract 846,5975,54.65,19.6,14.0,19.1,5.4,34.24322299999999,-118.258394,LA County / CDC SVI style,simulated_fallback_due_download_missing_or_unavailable
06037000847,Los Angeles County fallback SVI tract 847,1568,40.61,26.5,4.1,8.6,12.3,32.881969,-118.726935,LA County / CDC SVI style,simulated_fallback_due_download_missing_or_unavailable
06037000848,Los Angeles County fallback SVI tract 848,1519,61.41,30.8,11.7,11.1,12.7,33.975944,-118.63759399999999,LA County / CDC SVI style,simulated_fallback_due_download_missing_or_unavailable
06037000849,Los Angeles County fallback SVI tract 849,3574,61.28,16.0,14.3,13.2,15.6,34.530764999999995,-118.184573,LA County / CDC SVI style,simulated_fallback_due_download_missing_or_unavailable
06037000850,Los Angeles County fallback SVI tract 850,5480,51.73,28.2,15.8,8.7,6.2,33.405858,-117.92218299999999,LA County / CDC SVI style,simulated_fallback_due_download_missing_or_unavailable
06037000851,Los Angeles County fallback SVI tract 851,4624,63.39,32.2,4.3,23.4,17.5,34.084925999999996,-118.398098,LA County / CDC SVI style,simulated_fallback_due_download_missing_or_unavailable
06037000852,Los Angeles County fallback SVI tract 852,5762,63.85,33.3,7.0,15.0,19.6,32.814448,-118.03607299999999,LA County / CDC SVI style,simulated_fallback_due_download_missing_or_unavailable
06037000853,Los Angeles County fallback SVI tract 853,2944,73.21,37.4,14.1,9.6,21.6,34.522321,-118.79503,LA County / CDC SVI style,simulated_fallback_due_download_missing_or_unavailable
06037000854,Los Angeles County fallback SVI tract 854,2185,61.45,25.6,14.8,13.6,18.8,33.91705699999999,-117.94250600000001,LA County / CDC SVI style,simulated_fallback_due_download_missing_or_unavailable
06037000855,Los Angeles County fallback SVI tract 855,5333,69.29,37.1,8.8,19.3,17.0,34.152584000000004,-117.92870599999999,LA County / CDC SVI style,simulated_fallback_due_download_missing_or_unavailable
06037000856,Los Angeles County fallback SVI tract 856,2976,46.75,28.1,6.1,8.6,16.8,34.578039000000004,-117.771388,LA County / CDC SVI style,simulated_fallback_due_download_missing_or_unavailable
06037000857,Los Angeles County fallback SVI tract 857,4974,57.28,33.7,3.5,14.7,19.0,33.96359699999999,-118.622849,LA County / CDC SVI style,simulated_fallback_due_download_missing_or_unavailable
06037000858,Los Angeles County fallback SVI tract 858,4168,36.22,7.2,5.5,21.7,4.5,32.954480000000004,-118.04228,LA County / CDC SVI style,simulated_fallback_due_download_missing_or_unavailable
06037000859,Los Angeles County fallback SVI tract 859,2619,66.59,33.2,10.0,17.4,15.2,33.150473999999996,-118.46652200000001,LA County / CDC SVI style,simulated_fallback_due_download_missing_or_unavailable
06037000860,Los Angeles County fallback SVI tract 860,6636,33.06,21.9,2.2,13.1,6.5,33.157374,-118.809807,LA County / CDC SVI style,simulated_fallback_due_download_missing_or_unavailable
06037000861,Los Angeles County fallback SVI tract 861,920,52.81,27.4,12.8,17.0,4.3,34.73198,-117.70169200000001,LA County / CDC SVI style,simulated_fallback_due_download_missing_or_unavailable
06037000862,Los Angeles County fallback SVI tract 862,6317,57.02,30.3,1.8,21.3,18.7,33.806436,-117.973615,LA County / CDC SVI style,simulated_fallback_due_download_missing_or_unavailable
06037000863,Los Angeles County fallback SVI tract 863,1009,53.71,8.5,15.7,22.0,9.9,33.293986000000004,-118.467564,LA County / CDC SVI style,simulated_fallback_due_download_missing_or_unavailable
06037000864,Los Angeles County fallback SVI tract 864,3750,52.45,36.6,4.1,11.3,11.2,34.092622999999996,-118.22477799999999,LA County / CDC SVI style,simulated_fallback_due_download_missing_or_unavailable
06037000865,Los Angeles County fallback SVI tract 865,6886,66.52,34.8,7.0,9.0,21.3,32.795083,-117.738605,LA County / CDC SVI style,simulated_fallback_due_download_missing_or_unavailable
06037000866,Los Angeles County fallback SVI tract 866,3337,33.41,13.3,8.0,6.2,14.2,33.150935999999994,-117.81230599999999,LA County / CDC SVI style,simulated_fallback_due_download_missing_or_unavailable
06037000867,Los Angeles County fallback SVI tract 867,6190,58.88,21.2,11.5,17.8,8.2,33.237367,-118.17788599999999,LA County / CDC SVI style,simulated_fallback_due_download_missing_or_unavailable
06037000868,Los Angeles County fallback SVI tract 868,6968,48.29,7.3,11.7,14.9,16.3,33.446384,-118.84977699999999,LA County / CDC SVI style,simulated_fallback_due_download_missing_or_unavailable
06037000869,Los Angeles County fallback SVI tract 869,4347,65.49,23.1,4.6,22.7,20.7,34.076351,-118.546184,LA County / CDC SVI style,simulated_fallback_due_download_missing_or_unavailable
06037000870,Los Angeles County fallback SVI tract 870,6693,51.77,4.9,7.3,16.3,21.1,34.349762999999996,-117.919251,LA County / CDC SVI style,simulated_fallback_due_download_missing_or_unavailable
06037000871,Los Angeles County fallback SVI tract 871,3680,23.09,5.6,2.9,7.6,10.3,34.034819,-118.42083199999999,LA County / CDC SVI style,simulated_fallback_due_download_missing_or_unavailable
06037000872,Los Angeles County fallback SVI tract 872,4773,43.13,11.7,10.3,5.8,12.4,34.081915,-118.35482999999999,LA County / CDC SVI style,simulated_fallback_due_download_missing_or_unavailable
06037000873,Los Angeles County fallback SVI tract 873,3171,72.57,29.8,11.3,23.9,11.1,33.813477999999996,-118.33492999999999,LA County / CDC SVI style,simulated_fallback_due_download_missing_or_unavailable
06037000874,Los Angeles County fallback SVI tract 874,7188,65.53,30.1,15.9,17.2,6.0,34.552592,-118.541247,LA County / CDC SVI style,simulated_fallback_due_download_missing_or_unavailable
06037000875,Los Angeles County fallback SVI tract 875,6724,25.92,14.4,4.8,10.1,7.6,33.70190899999999,-118.551466,LA County / CDC SVI style,simulated_fallback_due_download_missing_or_unavailable
06037000876,Los Angeles County fallback SVI tract 876,3324,51.89,31.5,9.2,5.8,6.4,33.578103999999996,-118.75211100000001,LA County / CDC SVI style,simulated_fallback_due_download_missing_or_unavailable
06037000877,Los Angeles County fallback SVI tract 877,6865,35.14,8.2,4.2,18.9,15.6,33.561977,-118.01284500000001,LA County / CDC SVI style,simulated_fallback_due_download_missing_or_unavailable
06037000878,Los Angeles County fallback SVI tract 878,2677,58.7,16.0,11.2,23.7,21.2,33.030443000000005,-118.716336,LA County / CDC SVI style,simulated_fallback_due_download_missing_or_unavailable
06037000879,Los Angeles County fallback SVI tract 879,4888,59.97,26.0,7.2,13.2,11.8,34.370070999999996,-117.991389,LA County / CDC SVI style,simulated_fallback_due_download_missing_or_unavailable
06037000880,Los Angeles County fallback SVI tract 880,3578,60.16,37.1,12.0,7.1,13.9,32.888327,-118.07065800000001,LA County / CDC SVI style,simulated_fallback_due_download_missing_or_unavailable
06037000881,Los Angeles County fallback SVI tract 881,3992,66.7,22.7,15.4,20.5,14.0,34.680612999999994,-117.94861499999999,LA County / CDC SVI style,simulated_fallback_due_download_missing_or_unavailable
06037000882,Los Angeles County fallback SVI tract 882,2252,64.23,23.9,16.0,20.8,13.1,34.773182,-118.27175700000001,LA County / CDC SVI style,simulated_fallback_due_download_missing_or_unavailable
06037000883,Los Angeles County fallback SVI tract 883,5550,80.05,29.6,9.5,22.1,20.4,33.972224,-118.078678,LA County / CDC SVI style,simulated_fallback_due_download_missing_or_unavailable
06037000884,Los Angeles County fallback SVI tract 884,4282,52.01,13.3,13.6,18.2,6.0,33.04023,-118.355131,LA County / CDC SVI style,simulated_fallback_due_download_missing_or_unavailable
06037000885,Los Angeles County fallback SVI tract 885,1070,66.2,13.4,13.4,23.6,19.4,33.934284000000005,-118.248637,LA County / CDC SVI style,simulated_fallback_due_download_missing_or_unavailable
06037000886,Los Angeles County fallback SVI tract 886,6192,73.3,28.1,15.2,11.6,14.8,33.208582,-117.756539,LA County / CDC SVI style,simulated_fallback_due_download_missing_or_unavailable
06037000887,Los Angeles County fallback SVI tract 887,3077,39.72,11.8,7.1,5.7,21.2,33.231726,-117.712399,LA County / CDC SVI style,simulated_fallback_due_download_missing_or_unavailable
06037000888,Los Angeles County fallback SVI tract 888,3083,29.91,10.6,8.5,10.8,9.5,34.489278,-118.412078,LA County / CDC SVI style,simulated_fallback_due_download_missing_or_unavailable
06037000889,Los Angeles County fallback SVI tract 889,1954,50.5,5.5,13.3,10.7,17.8,34.769374,-118.91229000000001,LA County / CDC SVI style,simulated_fallback_due_download_missing_or_unavailable
06037000890,Los Angeles County fallback SVI tract 890,3155,73.99,33.6,10.8,18.4,13.1,33.129922,-118.11376499999999,LA County / CDC SVI style,simulated_fallback_due_download_missing_or_unavailable
06037000891,Los Angeles County fallback SVI tract 891,2436,63.06,35.6,11.9,5.6,14.2,34.038841000000005,-118.86387300000001,LA County / CDC SVI style,simulated_fallback_due_download_missing_or_unavailable
06037000892,Los Angeles County fallback SVI tract 892,5537,33.39,3.7,11.8,12.8,12.7,33.38829,-118.29817600000001,LA County / CDC SVI style,simulated_fallback_due_download_missing_or_unavailable
06037000893,Los Angeles County fallback SVI tract 893,1689,51.02,18.9,6.3,5.1,18.5,34.333294,-118.103593,LA County / CDC SVI style,simulated_fallback_due_download_missing_or_unavailable
06037000894,Los Angeles County fallback SVI tract 894,1415,77.73,35.0,14.3,23.3,12.4,33.86527399999999,-118.43692700000001,LA County / CDC SVI style,simulated_fallback_due_download_missing_or_unavailable
06037000895,Los Angeles County fallback SVI tract 895,3740,56.14,34.0,13.8,10.6,8.1,34.407042000000004,-118.492447,LA County / CDC SVI style,simulated_fallback_due_download_missing_or_unavailable
06037000896,Los Angeles County fallback SVI tract 896,5764,56.0,11.1,14.0,17.5,21.4,34.340852,-117.86255899999999,LA County / CDC SVI style,simulated_fallback_due_download_missing_or_unavailable
06037000897,Los Angeles County fallback SVI tract 897,6606,43.09,21.4,7.8,9.2,15.6,33.293935,-118.471541,LA County / CDC SVI style,simulated_fallback_due_download_missing_or_unavailable
06037000898,Los Angeles County fallback SVI tract 898,3851,49.57,29.1,5.1,9.7,17.1,34.47715099999999,-118.013374,LA County / CDC SVI style,simulated_fallback_due_download_missing_or_unavailable
06037000899,Los Angeles County fallback SVI tract 899,4262,39.13,12.4,5.5,9.4,16.8,33.110457999999994,-118.23294100000001,LA County / CDC SVI style,simulated_fallback_due_download_missing_or_unavailable
06037000900,Los Angeles County fallback SVI tract 900,4690,52.87,27.9,6.5,21.3,8.6,34.309264,-117.91813300000001,LA County / CDC SVI style,simulated_fallback_due_download_missing_or_unavailable
06037000901,Los Angeles County fallback SVI tract 901,2215,41.18,23.3,6.2,9.7,8.9,34.571097,-118.84568100000001,LA County / CDC SVI style,simulated_fallback_due_download_missing_or_unavailable
06037000902,Los Angeles County fallback SVI tract 902,6143,65.55,19.9,9.6,16.9,20.3,34.286464,-118.742408,LA County / CDC SVI style,simulated_fallback_due_download_missing_or_unavailable
06037000903,Los Angeles County fallback SVI tract 903,4223,58.2,7.8,11.4,21.9,20.2,34.213905000000004,-118.77543299999999,LA County / CDC SVI style,simulated_fallback_due_download_missing_or_unavailable
06037000904,Los Angeles County fallback SVI tract 904,4980,45.39,33.7,3.7,10.3,7.2,32.924165,-118.699586,LA County / CDC SVI style,simulated_fallback_due_download_missing_or_unavailable
06037000905,Los Angeles County fallback SVI tract 905,6867,42.89,21.6,5.2,12.6,7.4,34.700765000000004,-118.63089400000001,LA County / CDC SVI style,simulated_fallback_due_download_missing_or_unavailable
06037000906,Los Angeles County fallback SVI tract 906,1795,54.54,20.5,7.6,11.6,11.9,33.043651000000004,-117.81142700000001,LA County / CDC SVI style,simulated_fallback_due_download_missing_or_unavailable
06037000907,Los Angeles County fallback SVI tract 907,6589,50.57,20.5,14.4,7.3,17.5,34.249036000000004,-118.26754100000001,LA County / CDC SVI style,simulated_fallback_due_download_missing_or_unavailable
06037000908,Los Angeles County fallback SVI tract 908,4376,50.1,26.5,5.8,16.3,16.0,33.338606,-117.99094099999999,LA County / CDC SVI style,simulated_fallback_due_download_missing_or_unavailable
06037000909,Los Angeles County fallback SVI tract 909,1361,61.61,25.1,13.7,7.3,17.4,33.064014,-118.34137999999999,LA County / CDC SVI style,simulated_fallback_due_download_missing_or_unavailable
06037000910,Los Angeles County fallback SVI tract 910,3456,68.55,30.4,13.3,22.1,14.7,32.88346,-118.78545,LA County / CDC SVI style,simulated_fallback_due_download_missing_or_unavailable
06037000911,Los Angeles County fallback SVI tract 911,1472,70.81,29.2,16.0,10.1,16.0,33.043532,-117.882428,LA County / CDC SVI style,simulated_fallback_due_download_missing_or_unavailable
06037000912,Los Angeles County fallback SVI tract 912,7169,41.07,6.6,10.2,16.6,14.4,34.656872,-118.508001,LA County / CDC SVI style,simulated_fallback_due_download_missing_or_unavailable
06037000913,Los Angeles County fallback SVI tract 913,5503,64.67,37.7,13.0,8.9,9.0,34.055436,-118.05579499999999,LA County / CDC SVI style,simulated_fallback_due_download_missing_or_unavailable
06037000914,Los Angeles County fallback SVI tract 914,6637,28.26,10.9,7.3,14.9,4.7,34.472041000000004,-118.85846599999999,LA County / CDC SVI style,simulated_fallback_due_download_missing_or_unavailable
06037000915,Los Angeles County fallback SVI tract 915,3992,53.77,19.3,7.8,20.6,6.9,33.886677,-117.85648900000001,LA County / CDC SVI style,simulated_fallback_due_download_missing_or_unavailable
06037000916,Los Angeles County fallback SVI tract 916,7083,56.38,21.9,13.0,19.3,11.7,34.431498,-117.85414,LA County / CDC SVI style,simulated_fallback_due_download_missing_or_unavailable
06037000917,Los Angeles County fallback SVI tract 917,4767,37.73,12.4,8.1,7.8,17.9,34.14094299999999,-118.296425,LA County / CDC SVI style,simulated_fallback_due_download_missing_or_unavailable
06037000918,Los Angeles County fallback SVI tract 918,7073,54.79,29.1,15.5,8.1,7.1,34.092603,-118.57506599999999,LA County / CDC SVI style,simulated_fallback_due_download_missing_or_unavailable
06037000919,Los Angeles County fallback SVI tract 919,4717,77.69,34.6,11.8,23.7,8.9,33.719176,-118.318804,LA County / CDC SVI style,simulated_fallback_due_download_missing_or_unavailable
06037000920,Los Angeles County fallback SVI tract 920,6652,52.73,13.4,11.0,13.3,21.8,33.927183,-118.22630699999999,LA County / CDC SVI style,simulated_fallback_due_download_missing_or_unavailable
06037000921,Los Angeles County fallback SVI tract 921,1885,41.4,14.7,2.7,7.1,17.4,34.278058,-117.65194699999999,LA County / CDC SVI style,simulated_fallback_due_download_missing_or_unavailable
06037000922,Los Angeles County fallback SVI tract 922,4780,36.14,4.3,6.8,21.4,12.6,33.153062,-117.91188600000001,LA County / CDC SVI style,simulated_fallback_due_download_missing_or_unavailable
06037000923,Los Angeles County fallback SVI tract 923,4391,73.67,32.7,10.5,21.4,8.5,34.814827,-118.563686,LA County / CDC SVI style,simulated_fallback_due_download_missing_or_unavailable
06037000924,Los Angeles County fallback SVI tract 924,1038,41.8,23.8,7.0,5.1,17.5,32.845341,-117.800928,LA County / CDC SVI style,simulated_fallback_due_download_missing_or_unavailable
06037000925,Los Angeles County fallback SVI tract 925,1495,65.68,27.5,12.4,22.1,9.0,33.812462000000004,-118.68258700000001,LA County / CDC SVI style,simulated_fallback_due_download_missing_or_unavailable
06037000926,Los Angeles County fallback SVI tract 926,3137,53.41,4.9,12.8,21.0,12.3,32.912252,-117.89173699999999,LA County / CDC SVI style,simulated_fallback_due_download_missing_or_unavailable
06037000927,Los Angeles County fallback SVI tract 927,2909,70.94,30.6,15.7,21.1,16.5,33.629336,-118.86422,LA County / CDC SVI style,simulated_fallback_due_download_missing_or_unavailable
06037000928,Los Angeles County fallback SVI tract 928,1081,47.99,17.6,13.8,16.7,4.4,34.209078999999996,-117.661203,LA County / CDC SVI style,simulated_fallback_due_download_missing_or_unavailable
06037000929,Los Angeles County fallback SVI tract 929,2483,73.91,26.3,7.1,19.8,21.8,32.787168,-117.76660199999999,LA County / CDC SVI style,simulated_fallback_due_download_missing_or_unavailable
06037000930,Los Angeles County fallback SVI tract 930,5333,56.93,28.2,5.0,23.3,18.1,34.744809999999994,-118.561121,LA County / CDC SVI style,simulated_fallback_due_download_missing_or_unavailable
06037000931,Los Angeles County fallback SVI tract 931,7106,73.4,36.9,11.8,17.3,7.9,34.175433999999996,-118.00986800000001,LA County / CDC SVI style,simulated_fallback_due_download_missing_or_unavailable
06037000932,Los Angeles County fallback SVI tract 932,1566,48.54,8.0,2.0,23.5,16.7,34.741949,-118.14093700000001,LA County / CDC SVI style,simulated_fallback_due_download_missing_or_unavailable
06037000933,Los Angeles County fallback SVI tract 933,2202,37.37,5.7,3.9,9.8,18.9,33.341657,-117.91655599999999,LA County / CDC SVI style,simulated_fallback_due_download_missing_or_unavailable
06037000934,Los Angeles County fallback SVI tract 934,4885,49.11,14.1,12.0,18.9,12.2,34.366819,-118.21355000000001,LA County / CDC SVI style,simulated_fallback_due_download_missing_or_unavailable
06037000935,Los Angeles County fallback SVI tract 935,981,29.29,4.6,3.9,12.4,14.2,34.26978,-118.68715999999999,LA County / CDC SVI style,simulated_fallback_due_download_missing_or_unavailable
06037000936,Los Angeles County fallback SVI tract 936,5075,57.62,37.5,9.7,12.2,4.6,32.792357,-118.429244,LA County / CDC SVI style,simulated_fallback_due_download_missing_or_unavailable
06037000937,Los Angeles County fallback SVI tract 937,2351,55.2,3.4,13.8,12.5,20.3,33.375764,-118.615078,LA County / CDC SVI style,simulated_fallback_due_download_missing_or_unavailable
06037000938,Los Angeles County fallback SVI tract 938,6818,65.83,32.1,11.3,18.1,6.1,33.692529,-118.748703,LA County / CDC SVI style,simulated_fallback_due_download_missing_or_unavailable
06037000939,Los Angeles County fallback SVI tract 939,4763,36.41,8.3,7.6,19.7,9.0,33.379561,-118.52390500000001,LA County / CDC SVI style,simulated_fallback_due_download_missing_or_unavailable
06037000940,Los Angeles County fallback SVI tract 940,3441,41.56,4.5,11.8,8.7,9.9,33.493757,-118.55754099999999,LA County / CDC SVI style,simulated_fallback_due_download_missing_or_unavailable
06037000941,Los Angeles County fallback SVI tract 941,7053,45.39,9.2,2.8,23.4,10.5,33.458282999999994,-117.77653799999999,LA County / CDC SVI style,simulated_fallback_due_download_missing_or_unavailable
06037000942,Los Angeles County fallback SVI tract 942,2923,34.08,17.0,2.3,23.8,4.5,34.774973,-118.63369599999999,LA County / CDC SVI style,simulated_fallback_due_download_missing_or_unavailable
06037000943,Los Angeles County fallback SVI tract 943,6521,47.14,11.7,6.6,17.2,18.6,34.156577,-118.441308,LA County / CDC SVI style,simulated_fallback_due_download_missing_or_unavailable
06037000944,Los Angeles County fallback SVI tract 944,6316,43.3,21.0,4.7,5.6,11.5,34.196571999999996,-118.782633,LA County / CDC SVI style,simulated_fallback_due_download_missing_or_unavailable
06037000945,Los Angeles County fallback SVI tract 945,2176,43.1,17.2,9.4,6.2,18.6,34.333908,-118.380691,LA County / CDC SVI style,simulated_fallback_due_download_missing_or_unavailable
06037000946,Los Angeles County fallback SVI tract 946,5757,67.77,30.4,6.3,18.5,17.0,32.771617000000006,-118.920479,LA County / CDC SVI style,simulated_fallback_due_download_missing_or_unavailable
06037000947,Los Angeles County fallback SVI tract 947,6902,67.24,24.1,13.7,16.3,20.3,34.309626,-118.2125,LA County / CDC SVI style,simulated_fallback_due_download_missing_or_unavailable
06037000948,Los Angeles County fallback SVI tract 948,1860,67.96,33.3,11.4,12.3,21.1,34.060565,-118.005026,LA County / CDC SVI style,simulated_fallback_due_download_missing_or_unavailable
06037000949,Los Angeles County fallback SVI tract 949,6389,73.94,32.7,14.0,13.0,18.3,33.542909,-118.891646,LA County / CDC SVI style,simulated_fallback_due_download_missing_or_unavailable
06037000950,Los Angeles County fallback SVI tract 950,927,49.98,6.6,9.7,23.9,20.3,33.693323,-118.81571399999999,LA County / CDC SVI style,simulated_fallback_due_download_missing_or_unavailable
06037000951,Los Angeles County fallback SVI tract 951,1469,36.99,29.3,6.3,7.7,5.4,33.570002,-118.258611,LA County / CDC SVI style,simulated_fallback_due_download_missing_or_unavailable
06037000952,Los Angeles County fallback SVI tract 952,6099,25.8,9.0,7.3,9.9,4.9,33.418006000000005,-117.94587200000001,LA County / CDC SVI style,simulated_fallback_due_download_missing_or_unavailable
06037000953,Los Angeles County fallback SVI tract 953,6637,47.47,17.5,9.4,14.0,15.4,33.658825,-118.62236399999999,LA County / CDC SVI style,simulated_fallback_due_download_missing_or_unavailable
06037000954,Los Angeles County fallback SVI tract 954,6491,74.9,25.8,13.1,21.5,12.2,32.869623000000004,-117.66230800000001,LA County / CDC SVI style,simulated_fallback_due_download_missing_or_unavailable
06037000955,Los Angeles County fallback SVI tract 955,3908,46.51,19.7,2.3,14.6,14.5,33.803454,-118.52318600000001,LA County / CDC SVI style,simulated_fallback_due_download_missing_or_unavailable
06037000956,Los Angeles County fallback SVI tract 956,5798,59.21,21.5,2.6,17.7,20.2,33.261579,-118.648749,LA County / CDC SVI style,simulated_fallback_due_download_missing_or_unavailable
06037000957,Los Angeles County fallback SVI tract 957,6166,58.18,34.0,8.9,21.5,5.5,33.9212,-118.49898900000001,LA County / CDC SVI style,simulated_fallback_due_download_missing_or_unavailable
06037000958,Los Angeles County fallback SVI tract 958,3503,33.09,6.7,10.4,5.7,4.9,33.196110999999995,-118.09324799999999,LA County / CDC SVI style,simulated_fallback_due_download_missing_or_unavailable
06037000959,Los Angeles County fallback SVI tract 959,3282,54.2,14.0,15.7,15.0,18.8,33.036156,-118.561843,LA County / CDC SVI style,simulated_fallback_due_download_missing_or_unavailable
06037000960,Los Angeles County fallback SVI tract 960,4416,35.02,6.4,8.3,22.3,6.5,34.613696,-117.976539,LA County / CDC SVI style,simulated_fallback_due_download_missing_or_unavailable
06037000961,Los Angeles County fallback SVI tract 961,1277,45.87,9.2,8.4,9.4,15.5,33.636424,-118.473874,LA County / CDC SVI style,simulated_fallback_due_download_missing_or_unavailable
06037000962,Los Angeles County fallback SVI tract 962,4332,53.77,12.6,13.6,6.3,20.2,34.150279,-118.875497,LA County / CDC SVI style,simulated_fallback_due_download_missing_or_unavailable
06037000963,Los Angeles County fallback SVI tract 963,5387,40.69,8.3,9.7,21.6,11.7,33.087577,-118.367021,LA County / CDC SVI style,simulated_fallback_due_download_missing_or_unavailable
06037000964,Los Angeles County fallback SVI tract 964,6071,42.74,17.5,10.1,7.7,9.5,33.15949499999999,-117.939681,LA County / CDC SVI style,simulated_fallback_due_download_missing_or_unavailable
06037000965,Los Angeles County fallback SVI tract 965,3297,59.38,33.5,10.3,13.8,7.8,32.959257,-117.861264,LA County / CDC SVI style,simulated_fallback_due_download_missing_or_unavailable
06037000966,Los Angeles County fallback SVI tract 966,5523,77.21,37.4,11.7,13.5,19.4,33.475387,-118.682231,LA County / CDC SVI style,simulated_fallback_due_download_missing_or_unavailable
06037000967,Los Angeles County fallback SVI tract 967,5451,45.01,22.7,8.6,13.0,13.0,34.482676,-117.68349699999999,LA County / CDC SVI style,simulated_fallback_due_download_missing_or_unavailable
06037000968,Los Angeles County fallback SVI tract 968,5992,52.75,22.5,7.3,6.2,14.8,34.558757,-118.63843999999999,LA County / CDC SVI style,simulated_fallback_due_download_missing_or_unavailable
06037000969,Los Angeles County fallback SVI tract 969,4660,53.71,13.7,15.4,15.2,5.9,33.418659000000005,-117.772198,LA County / CDC SVI style,simulated_fallback_due_download_missing_or_unavailable
06037000970,Los Angeles County fallback SVI tract 970,995,26.25,15.2,6.9,7.0,6.4,34.432852000000004,-117.796829,LA County / CDC SVI style,simulated_fallback_due_download_missing_or_unavailable
06037000971,Los Angeles County fallback SVI tract 971,5006,55.39,18.2,15.0,9.2,9.3,33.247736999999994,-118.27477300000001,LA County / CDC SVI style,simulated_fallback_due_download_missing_or_unavailable
06037000972,Los Angeles County fallback SVI tract 972,6435,82.91,36.1,10.7,20.4,20.3,33.802659,-118.605926,LA County / CDC SVI style,simulated_fallback_due_download_missing_or_unavailable
06037000973,Los Angeles County fallback SVI tract 973,5286,36.68,4.9,7.0,12.6,6.2,33.466767,-118.905755,LA County / CDC SVI style,simulated_fallback_due_download_missing_or_unavailable
06037000974,Los Angeles County fallback SVI tract 974,6426,53.18,19.1,6.6,23.5,6.5,34.174123,-117.89201800000001,LA County / CDC SVI style,simulated_fallback_due_download_missing_or_unavailable
06037000975,Los Angeles County fallback SVI tract 975,5321,54.22,21.2,11.4,9.9,21.8,34.71602599999999,-118.598262,LA County / CDC SVI style,simulated_fallback_due_download_missing_or_unavailable
06037000976,Los Angeles County fallback SVI tract 976,7095,60.78,26.4,15.0,11.3,14.5,33.564190999999994,-118.213965,LA County / CDC SVI style,simulated_fallback_due_download_missing_or_unavailable
06037000977,Los Angeles County fallback SVI tract 977,3613,57.7,20.1,14.8,5.4,13.4,33.969799,-118.40405000000001,LA County / CDC SVI style,simulated_fallback_due_download_missing_or_unavailable
06037000978,Los Angeles County fallback SVI tract 978,3835,25.64,10.8,5.4,7.2,9.2,33.702701000000005,-118.369581,LA County / CDC SVI style,simulated_fallback_due_download_missing_or_unavailable
06037000979,Los Angeles County fallback SVI tract 979,2722,59.5,30.3,2.7,10.1,21.4,33.269537,-117.681631,LA County / CDC SVI style,simulated_fallback_due_download_missing_or_unavailable
06037000980,Los Angeles County fallback SVI tract 980,3286,51.86,24.2,3.8,17.3,7.9,34.450623,-118.88919999999999,LA County / CDC SVI style,simulated_fallback_due_download_missing_or_unavailable
06037000981,Los Angeles County fallback SVI tract 981,5398,41.14,16.2,3.7,13.1,19.9,33.539912,-118.119767,LA County / CDC SVI style,simulated_fallback_due_download_missing_or_unavailable
06037000982,Los Angeles County fallback SVI tract 982,1788,40.0,10.2,11.8,19.6,4.5,34.649028,-117.98467000000001,LA County / CDC SVI style,simulated_fallback_due_download_missing_or_unavailable
06037000983,Los Angeles County fallback SVI tract 983,1259,58.31,20.5,10.0,7.3,16.6,33.780188,-118.92094,LA County / CDC SVI style,simulated_fallback_due_download_missing_or_unavailable
06037000984,Los Angeles County fallback SVI tract 984,6883,54.53,29.5,2.4,20.9,9.1,33.404002000000006,-118.273805,LA County / CDC SVI style,simulated_fallback_due_download_missing_or_unavailable
06037000985,Los Angeles County fallback SVI tract 985,5301,23.26,3.5,5.8,12.5,8.8,32.760664,-117.671458,LA County / CDC SVI style,simulated_fallback_due_download_missing_or_unavailable
06037000986,Los Angeles County fallback SVI tract 986,4429,33.47,4.9,3.7,14.7,19.8,33.214949000000004,-118.272731,LA County / CDC SVI style,simulated_fallback_due_download_missing_or_unavailable
06037000987,Los Angeles County fallback SVI tract 987,5234,42.66,22.1,3.5,11.1,16.0,33.418023,-117.858161,LA County / CDC SVI style,simulated_fallback_due_download_missing_or_unavailable
06037000988,Los Angeles County fallback SVI tract 988,6033,37.46,19.9,3.1,14.3,4.9,34.161632,-117.976575,LA County / CDC SVI style,simulated_fallback_due_download_missing_or_unavailable
06037000989,Los Angeles County fallback SVI tract 989,4099,50.97,31.6,2.7,11.7,14.2,34.179522,-118.232698,LA County / CDC SVI style,simulated_fallback_due_download_missing_or_unavailable
06037000990,Los Angeles County fallback SVI tract 990,1041,45.86,12.8,10.6,8.5,14.4,34.79746299999999,-117.936553,LA County / CDC SVI style,simulated_fallback_due_download_missing_or_unavailable
06037000991,Los Angeles County fallback SVI tract 991,2799,60.77,29.0,10.8,11.6,13.4,33.645734999999995,-118.12036,LA County / CDC SVI style,simulated_fallback_due_download_missing_or_unavailable
06037000992,Los Angeles County fallback SVI tract 992,2716,54.93,14.9,13.0,18.6,5.5,33.266111,-117.94347,LA County / CDC SVI style,simulated_fallback_due_download_missing_or_unavailable
06037000993,Los Angeles County fallback SVI tract 993,6508,36.56,11.4,3.7,9.8,10.2,34.086577,-117.85477700000001,LA County / CDC SVI style,simulated_fallback_due_download_missing_or_unavailable
06037000994,Los Angeles County fallback SVI tract 994,4042,65.4,36.3,15.2,9.2,5.6,34.476097,-118.413671,LA County / CDC SVI style,simulated_fallback_due_download_missing_or_unavailable
06037000995,Los Angeles County fallback SVI tract 995,4558,53.6,23.9,13.1,10.9,10.8,33.198683,-118.78237100000001,LA County / CDC SVI style,simulated_fallback_due_download_missing_or_unavailable
06037000996,Los Angeles County fallback SVI tract 996,5049,50.98,21.1,13.8,12.5,5.4,34.002664,-118.50967399999999,LA County / CDC SVI style,simulated_fallback_due_download_missing_or_unavailable
06037000997,Los Angeles County fallback SVI tract 997,5553,52.52,27.6,6.2,7.4,19.9,34.138676,-118.88575599999999,LA County / CDC SVI style,simulated_fallback_due_download_missing_or_unavailable
06037000998,Los Angeles County fallback SVI tract 998,2516,62.7,33.7,6.9,11.9,12.8,33.400991999999995,-118.581123,LA County / CDC SVI style,simulated_fallback_due_download_missing_or_unavailable
06037000999,Los Angeles County fallback SVI tract 999,6242,46.71,10.8,12.6,11.2,7.9,34.336712,-118.62662800000001,LA County / CDC SVI style,simulated_fallback_due_download_missing_or_unavailable
06037001000,Los Angeles County fallback SVI tract 1000,5287,51.0,33.1,8.8,14.6,5.5,34.264607,-118.378178,LA County / CDC SVI style,simulated_fallback_due_download_missing_or_unavailable
06037001001,Los Angeles County fallback SVI tract 1001,6476,38.34,19.6,2.3,14.4,13.6,32.800675,-118.586574,LA County / CDC SVI style,simulated_fallback_due_download_missing_or_unavailable
06037001002,Los Angeles County fallback SVI tract 1002,6987,65.55,26.4,13.1,10.1,15.8,33.479977,-117.707752,LA County / CDC SVI style,simulated_fallback_due_download_missing_or_unavailable
06037001003,Los Angeles County fallback SVI tract 1003,3634,67.32,24.7,12.8,17.2,15.3,34.235865000000004,-117.885645,LA County / CDC SVI style,simulated_fallback_due_download_missing_or_unavailable
06037001004,Los Angeles County fallback SVI tract 1004,6189,67.26,23.4,6.1,19.8,19.7,32.859958999999996,-118.046695,LA County / CDC SVI style,simulated_fallback_due_download_missing_or_unavailable
06037001005,Los Angeles County fallback SVI tract 1005,1225,40.48,9.3,5.2,15.7,20.9,33.786744,-118.193432,LA County / CDC SVI style,simulated_fallback_due_download_missing_or_unavailable
06037001006,Los Angeles County fallback SVI tract 1006,5310,30.43,9.8,2.7,7.7,12.9,33.582044999999994,-118.253168,LA County / CDC SVI style,simulated_fallback_due_download_missing_or_unavailable
06037001007,Los Angeles County fallback SVI tract 1007,2862,52.97,28.9,6.5,23.6,9.0,33.399796,-118.004099,LA County / CDC SVI style,simulated_fallback_due_download_missing_or_unavailable
06037001008,Los Angeles County fallback SVI tract 1008,4497,69.19,25.4,6.8,21.4,18.1,33.614633,-117.94196,LA County / CDC SVI style,simulated_fallback_due_download_missing_or_unavailable
06037001009,Los Angeles County fallback SVI tract 1009,1282,47.3,28.4,2.4,13.3,15.2,33.455188,-118.80219500000001,LA County / CDC SVI style,simulated_fallback_due_download_missing_or_unavailable
06037001010,Los Angeles County fallback SVI tract 1010,2100,59.87,26.9,2.9,16.6,21.6,33.473942,-117.829825,LA County / CDC SVI style,simulated_fallback_due_download_missing_or_unavailable
06037001011,Los Angeles County fallback SVI tract 1011,6896,34.16,6.1,4.8,11.9,8.0,33.224597,-118.658095,LA County / CDC SVI style,simulated_fallback_due_download_missing_or_unavailable
06037001012,Los Angeles County fallback SVI tract 1012,2033,55.91,31.3,14.1,5.4,11.2,33.575185,-118.45765899999999,LA County / CDC SVI style,simulated_fallback_due_download_missing_or_unavailable
06037001013,Los Angeles County fallback SVI tract 1013,5545,71.21,32.1,13.9,22.2,13.7,34.200920999999994,-118.855728,LA County / CDC SVI style,simulated_fallback_due_download_missing_or_unavailable
06037001014,Los Angeles County fallback SVI tract 1014,6166,35.42,11.0,8.2,13.8,7.5,33.677589,-118.32925599999999,LA County / CDC SVI style,simulated_fallback_due_download_missing_or_unavailable
06037001015,Los Angeles County fallback SVI tract 1015,4811,73.32,33.1,11.3,22.1,13.2,33.269066,-118.57216799999999,LA County / CDC SVI style,simulated_fallback_due_download_missing_or_unavailable
06037001016,Los Angeles County fallback SVI tract 1016,3056,27.93,8.8,7.9,6.6,13.0,33.727855999999996,-118.83095399999999,LA County / CDC SVI style,simulated_fallback_due_download_missing_or_unavailable
06037001017,Los Angeles County fallback SVI tract 1017,1846,73.77,29.1,11.4,20.2,16.9,33.914188,-118.41891500000001,LA County / CDC SVI style,simulated_fallback_due_download_missing_or_unavailable
06037001018,Los Angeles County fallback SVI tract 1018,4741,42.88,20.4,4.1,20.8,11.5,33.278835,-118.529842,LA County / CDC SVI style,simulated_fallback_due_download_missing_or_unavailable
06037001019,Los Angeles County fallback SVI tract 1019,2222,27.73,3.8,5.4,6.3,7.7,33.561234,-117.755279,LA County / CDC SVI style,simulated_fallback_due_download_missing_or_unavailable
06037001020,Los Angeles County fallback SVI tract 1020,1414,76.2,20.1,15.1,23.2,14.8,34.039995,-118.65931,LA County / CDC SVI style,simulated_fallback_due_download_missing_or_unavailable
06037001021,Los Angeles County fallback SVI tract 1021,6396,27.26,7.3,1.7,11.9,19.3,33.44240799999999,-117.97192,LA County / CDC SVI style,simulated_fallback_due_download_missing_or_unavailable
06037001022,Los Angeles County fallback SVI tract 1022,2889,49.46,37.7,5.0,8.6,12.2,32.876577,-118.632894,LA County / CDC SVI style,simulated_fallback_due_download_missing_or_unavailable
06037001023,Los Angeles County fallback SVI tract 1023,6157,61.19,37.3,12.5,7.3,14.3,33.432596000000004,-117.757081,LA County / CDC SVI style,simulated_fallback_due_download_missing_or_unavailable
06037001024,Los Angeles County fallback SVI tract 1024,2577,51.12,6.6,6.5,21.4,19.4,34.398106,-118.753559,LA County / CDC SVI style,simulated_fallback_due_download_missing_or_unavailable
06037001025,Los Angeles County fallback SVI tract 1025,4182,51.28,25.3,11.3,14.5,4.9,34.502472,-118.50282,LA County / CDC SVI style,simulated_fallback_due_download_missing_or_unavailable
06037001026,Los Angeles County fallback SVI tract 1026,2612,56.1,19.7,9.4,8.9,21.2,34.694621,-117.71455,LA County / CDC SVI style,simulated_fallback_due_download_missing_or_unavailable
06037001027,Los Angeles County fallback SVI tract 1027,1287,58.67,19.7,12.9,23.1,11.9,34.718386,-118.17208000000001,LA County / CDC SVI style,simulated_fallback_due_download_missing_or_unavailable
06037001028,Los Angeles County fallback SVI tract 1028,2030,54.58,34.3,13.4,11.3,4.0,34.46241,-118.04709700000001,LA County / CDC SVI style,simulated_fallback_due_download_missing_or_unavailable
06037001029,Los Angeles County fallback SVI tract 1029,3198,50.72,22.3,9.2,13.9,10.2,34.050205,-118.80488600000001,LA County / CDC SVI style,simulated_fallback_due_download_missing_or_unavailable
06037001030,Los Angeles County fallback SVI tract 1030,6570,57.33,30.3,4.3,14.4,16.1,33.635431000000004,-117.77994899999999,LA County / CDC SVI style,simulated_fallback_due_download_missing_or_unavailable
06037001031,Los Angeles County fallback SVI tract 1031,1471,67.83,34.1,11.9,18.0,8.0,33.24856199999999,-118.657476,LA County / CDC SVI style,simulated_fallback_due_download_missing_or_unavailable
06037001032,Los Angeles County fallback SVI tract 1032,5326,27.22,6.4,1.7,13.1,14.8,33.713118,-118.57128499999999,LA County / CDC SVI style,simulated_fallback_due_download_missing_or_unavailable
06037001033,Los Angeles County fallback SVI tract 1033,4240,60.72,27.7,11.5,16.7,16.2,34.735224,-118.12142200000001,LA County / CDC SVI style,simulated_fallback_due_download_missing_or_unavailable
06037001034,Los Angeles County fallback SVI tract 1034,1707,67.88,36.3,3.3,16.4,14.6,33.357008,-118.80447699999999,LA County / CDC SVI style,simulated_fallback_due_download_missing_or_unavailable
06037001035,Los Angeles County fallback SVI tract 1035,2639,50.47,8.7,15.4,12.7,19.8,34.105188999999996,-118.57065599999999,LA County / CDC SVI style,simulated_fallback_due_download_missing_or_unavailable
06037001036,Los Angeles County fallback SVI tract 1036,6982,74.52,31.6,12.6,12.2,15.9,33.056361,-117.788186,LA County / CDC SVI style,simulated_fallback_due_download_missing_or_unavailable
06037001037,Los Angeles County fallback SVI tract 1037,957,52.28,9.6,8.5,20.0,17.4,33.915508,-118.11549,LA County / CDC SVI style,simulated_fallback_due_download_missing_or_unavailable
06037001038,Los Angeles County fallback SVI tract 1038,7157,43.91,11.1,2.5,19.1,18.5,34.573240999999996,-118.28098700000001,LA County / CDC SVI style,simulated_fallback_due_download_missing_or_unavailable
06037001039,Los Angeles County fallback SVI tract 1039,4643,24.42,5.4,2.7,18.6,6.2,33.898464000000004,-118.72587899999999,LA County / CDC SVI style,simulated_fallback_due_download_missing_or_unavailable
06037001040,Los Angeles County fallback SVI tract 1040,3051,63.48,24.5,11.4,7.7,19.0,33.913678999999995,-117.730577,LA County / CDC SVI style,simulated_fallback_due_download_missing_or_unavailable
06037001041,Los Angeles County fallback SVI tract 1041,3168,40.29,3.2,11.3,14.9,7.5,34.251123,-118.73268800000001,LA County / CDC SVI style,simulated_fallback_due_download_missing_or_unavailable
06037001042,Los Angeles County fallback SVI tract 1042,2968,56.28,25.4,12.0,13.4,4.3,33.065087999999996,-117.937378,LA County / CDC SVI style,simulated_fallback_due_download_missing_or_unavailable
06037001043,Los Angeles County fallback SVI tract 1043,3096,44.42,10.2,3.6,17.6,19.4,34.285817,-118.54782599999999,LA County / CDC SVI style,simulated_fallback_due_download_missing_or_unavailable
06037001044,Los Angeles County fallback SVI tract 1044,1692,52.02,4.8,11.5,18.4,13.1,33.79848499999999,-117.716708,LA County / CDC SVI style,simulated_fallback_due_download_missing_or_unavailable
06037001045,Los Angeles County fallback SVI tract 1045,5947,58.62,24.7,5.0,17.0,21.4,33.997093,-117.90154299999999,LA County / CDC SVI style,simulated_fallback_due_download_missing_or_unavailable
06037001046,Los Angeles County fallback SVI tract 1046,4526,58.54,37.2,2.8,14.8,18.5,32.990108,-118.32038299999999,LA County / CDC SVI style,simulated_fallback_due_download_missing_or_unavailable
06037001047,Los Angeles County fallback SVI tract 1047,5532,36.83,6.6,7.7,14.2,14.7,34.758492000000004,-117.71377199999999,LA County / CDC SVI style,simulated_fallback_due_download_missing_or_unavailable
06037001048,Los Angeles County fallback SVI tract 1048,7193,61.01,22.9,10.9,18.1,7.5,34.435888,-118.92464299999999,LA County / CDC SVI style,simulated_fallback_due_download_missing_or_unavailable
06037001049,Los Angeles County fallback SVI tract 1049,1942,43.94,26.5,11.0,5.5,10.0,33.336532,-117.73010199999999,LA County / CDC SVI style,simulated_fallback_due_download_missing_or_unavailable
06037001050,Los Angeles County fallback SVI tract 1050,5446,35.79,10.2,6.1,19.3,8.0,34.732647,-117.85455200000001,LA County / CDC SVI style,simulated_fallback_due_download_missing_or_unavailable
06037001051,Los Angeles County fallback SVI tract 1051,1162,51.63,14.3,3.2,23.0,12.6,34.460316999999996,-118.11911799999999,LA County / CDC SVI style,simulated_fallback_due_download_missing_or_unavailable
06037001052,Los Angeles County fallback SVI tract 1052,3230,40.08,31.0,4.5,9.6,5.6,34.09082,-117.984409,LA County / CDC SVI style,simulated_fallback_due_download_missing_or_unavailable
06037001053,Los Angeles County fallback SVI tract 1053,6660,28.48,9.6,1.6,9.4,4.7,32.749641999999994,-117.74095499999999,LA County / CDC SVI style,simulated_fallback_due_download_missing_or_unavailable
06037001054,Los Angeles County fallback SVI tract 1054,3314,44.55,28.3,7.9,5.1,5.3,34.452099999999994,-117.90165200000001,LA County / CDC SVI style,simulated_fallback_due_download_missing_or_unavailable
06037001055,Los Angeles County fallback SVI tract 1055,7130,41.99,4.1,10.0,19.3,12.5,33.88285,-118.353692,LA County / CDC SVI style,simulated_fallback_due_download_missing_or_unavailable
06037001056,Los Angeles County fallback SVI tract 1056,2806,51.42,4.6,9.6,17.4,21.7,32.981907,-117.74488899999999,LA County / CDC SVI style,simulated_fallback_due_download_missing_or_unavailable
06037001057,Los Angeles County fallback SVI tract 1057,3327,54.31,14.0,3.7,17.8,19.9,34.648206,-118.03071499999999,LA County / CDC SVI style,simulated_fallback_due_download_missing_or_unavailable
06037001058,Los Angeles County fallback SVI tract 1058,4953,51.54,34.6,5.0,5.8,12.9,34.711032,-118.61596899999999,LA County / CDC SVI style,simulated_fallback_due_download_missing_or_unavailable
06037001059,Los Angeles County fallback SVI tract 1059,1750,66.29,33.7,4.2,17.0,13.9,33.509522,-118.898084,LA County / CDC SVI style,simulated_fallback_due_download_missing_or_unavailable
06037001060,Los Angeles County fallback SVI tract 1060,3729,31.94,6.4,8.9,12.7,4.1,33.096107,-118.03568800000001,LA County / CDC SVI style,simulated_fallback_due_download_missing_or_unavailable
06037001061,Los Angeles County fallback SVI tract 1061,5027,64.92,13.1,14.7,21.4,17.7,33.816404999999996,-118.716169,LA County / CDC SVI style,simulated_fallback_due_download_missing_or_unavailable
06037001062,Los Angeles County fallback SVI tract 1062,6866,71.22,21.6,12.4,17.3,17.8,32.939939,-118.099305,LA County / CDC SVI style,simulated_fallback_due_download_missing_or_unavailable
06037001063,Los Angeles County fallback SVI tract 1063,2717,49.76,21.4,3.4,21.7,17.7,33.414979,-117.983411,LA County / CDC SVI style,simulated_fallback_due_download_missing_or_unavailable
06037001064,Los Angeles County fallback SVI tract 1064,2511,42.64,3.4,14.7,11.0,9.0,33.590266,-118.42947899999999,LA County / CDC SVI style,simulated_fallback_due_download_missing_or_unavailable
06037001065,Los Angeles County fallback SVI tract 1065,5031,57.46,18.0,14.7,7.3,14.4,34.761176999999996,-118.09695199999999,LA County / CDC SVI style,simulated_fallback_due_download_missing_or_unavailable
06037001066,Los Angeles County fallback SVI tract 1066,2074,50.66,30.4,2.1,17.2,9.6,33.223147,-118.697467,LA County / CDC SVI style,simulated_fallback_due_download_missing_or_unavailable
06037001067,Los Angeles County fallback SVI tract 1067,880,50.61,26.4,4.2,7.5,20.1,34.731138,-118.74303599999999,LA County / CDC SVI style,simulated_fallback_due_download_missing_or_unavailable
06037001068,Los Angeles County fallback SVI tract 1068,5612,46.61,21.2,12.3,10.0,8.6,33.04722399999999,-118.35392200000001,LA County / CDC SVI style,simulated_fallback_due_download_missing_or_unavailable
06037001069,Los Angeles County fallback SVI tract 1069,4242,34.21,12.4,6.5,13.7,7.7,34.510226,-118.708781,LA County / CDC SVI style,simulated_fallback_due_download_missing_or_unavailable
06037001070,Los Angeles County fallback SVI tract 1070,5860,63.13,36.3,5.9,12.3,19.1,33.182069,-118.28242900000001,LA County / CDC SVI style,simulated_fallback_due_download_missing_or_unavailable
06037001071,Los Angeles County fallback SVI tract 1071,1444,67.89,18.4,15.4,18.4,21.6,33.090801,-118.248182,LA County / CDC SVI style,simulated_fallback_due_download_missing_or_unavailable
06037001072,Los Angeles County fallback SVI tract 1072,5726,35.28,11.5,14.6,9.1,5.9,34.767308,-118.338283,LA County / CDC SVI style,simulated_fallback_due_download_missing_or_unavailable
06037001073,Los Angeles County fallback SVI tract 1073,1875,52.57,10.7,6.5,23.6,20.4,33.669160999999995,-117.79959199999999,LA County / CDC SVI style,simulated_fallback_due_download_missing_or_unavailable
06037001074,Los Angeles County fallback SVI tract 1074,1324,48.17,17.6,6.4,16.5,14.3,33.014099,-117.95078000000001,LA County / CDC SVI style,simulated_fallback_due_download_missing_or_unavailable
06037001075,Los Angeles County fallback SVI tract 1075,1334,59.3,36.7,13.3,12.4,5.8,34.49871,-118.538303,LA County / CDC SVI style,simulated_fallback_due_download_missing_or_unavailable
06037001076,Los Angeles County fallback SVI tract 1076,6356,58.62,28.2,15.1,5.5,11.2,33.009207999999994,-118.06454199999999,LA County / CDC SVI style,simulated_fallback_due_download_missing_or_unavailable
06037001077,Los Angeles County fallback SVI tract 1077,3393,55.73,24.5,13.9,13.7,14.4,33.994935,-118.41617799999999,LA County / CDC SVI style,simulated_fallback_due_download_missing_or_unavailable
06037001078,Los Angeles County fallback SVI tract 1078,1395,53.88,9.0,15.9,21.1,5.8,33.777179000000004,-118.32936199999999,LA County / CDC SVI style,simulated_fallback_due_download_missing_or_unavailable
06037001079,Los Angeles County fallback SVI tract 1079,5170,47.14,19.1,3.6,20.6,10.4,32.934492999999996,-118.508108,LA County / CDC SVI style,simulated_fallback_due_download_missing_or_unavailable
06037001080,Los Angeles County fallback SVI tract 1080,927,26.98,4.4,8.6,11.0,4.8,33.00945599999999,-117.72762599999999,LA County / CDC SVI style,simulated_fallback_due_download_missing_or_unavailable
06037001081,Los Angeles County fallback SVI tract 1081,1108,60.15,27.3,15.2,11.3,9.2,33.907303,-118.559755,LA County / CDC SVI style,simulated_fallback_due_download_missing_or_unavailable
06037001082,Los Angeles County fallback SVI tract 1082,4143,46.69,8.5,13.0,22.6,8.9,34.384293,-118.64984,LA County / CDC SVI style,simulated_fallback_due_download_missing_or_unavailable
06037001083,Los Angeles County fallback SVI tract 1083,3367,51.53,13.3,6.6,16.4,13.5,32.893658,-118.234069,LA County / CDC SVI style,simulated_fallback_due_download_missing_or_unavailable
06037001084,Los Angeles County fallback SVI tract 1084,6058,70.63,32.7,7.7,23.3,13.0,34.552339,-118.483761,LA County / CDC SVI style,simulated_fallback_due_download_missing_or_unavailable
06037001085,Los Angeles County fallback SVI tract 1085,1932,52.46,25.0,5.7,8.5,19.4,34.498797,-117.78622399999999,LA County / CDC SVI style,simulated_fallback_due_download_missing_or_unavailable
06037001086,Los Angeles County fallback SVI tract 1086,5621,51.74,14.5,11.3,21.5,11.6,33.807241,-117.86667600000001,LA County / CDC SVI style,simulated_fallback_due_download_missing_or_unavailable
06037001087,Los Angeles County fallback SVI tract 1087,6663,40.2,19.5,7.6,9.5,6.2,33.656192999999995,-117.66507999999999,LA County / CDC SVI style,simulated_fallback_due_download_missing_or_unavailable
06037001088,Los Angeles County fallback SVI tract 1088,3188,36.58,4.6,8.7,5.0,11.9,34.77949399999999,-118.90131799999999,LA County / CDC SVI style,simulated_fallback_due_download_missing_or_unavailable
06037001089,Los Angeles County fallback SVI tract 1089,3417,64.26,28.6,15.2,19.1,6.9,34.788809,-118.81034199999999,LA County / CDC SVI style,simulated_fallback_due_download_missing_or_unavailable
06037001090,Los Angeles County fallback SVI tract 1090,5463,42.91,28.9,6.3,8.7,5.2,33.237421,-118.855848,LA County / CDC SVI style,simulated_fallback_due_download_missing_or_unavailable
06037001091,Los Angeles County fallback SVI tract 1091,1286,34.75,3.0,6.3,14.5,18.4,33.039441000000004,-118.22076899999999,LA County / CDC SVI style,simulated_fallback_due_download_missing_or_unavailable
06037001092,Los Angeles County fallback SVI tract 1092,6680,31.63,4.5,4.9,18.1,10.2,33.57104399999999,-118.25735999999999,LA County / CDC SVI style,simulated_fallback_due_download_missing_or_unavailable
06037001093,Los Angeles County fallback SVI tract 1093,5629,36.63,8.7,4.3,19.7,16.9,33.833293,-118.382688,LA County / CDC SVI style,simulated_fallback_due_download_missing_or_unavailable
06037001094,Los Angeles County fallback SVI tract 1094,4735,64.93,23.8,10.0,23.3,20.6,33.35425299999999,-118.41475299999999,LA County / CDC SVI style,simulated_fallback_due_download_missing_or_unavailable
06037001095,Los Angeles County fallback SVI tract 1095,5202,32.15,6.3,4.4,23.4,4.6,33.468283,-118.53197700000001,LA County / CDC SVI style,simulated_fallback_due_download_missing_or_unavailable
06037001096,Los Angeles County fallback SVI tract 1096,2181,30.6,17.9,2.5,13.0,5.7,34.188071,-118.880053,LA County / CDC SVI style,simulated_fallback_due_download_missing_or_unavailable
06037001097,Los Angeles County fallback SVI tract 1097,4735,46.74,16.6,3.0,8.9,17.2,33.995241,-117.982215,LA County / CDC SVI style,simulated_fallback_due_download_missing_or_unavailable
06037001098,Los Angeles County fallback SVI tract 1098,2876,42.35,5.0,8.3,20.4,6.1,34.305930000000004,-118.791247,LA County / CDC SVI style,simulated_fallback_due_download_missing_or_unavailable
06037001099,Los Angeles County fallback SVI tract 1099,6879,43.92,17.6,4.4,13.6,21.3,33.839935000000004,-118.618302,LA County / CDC SVI style,simulated_fallback_due_download_missing_or_unavailable
06037001100,Los Angeles County fallback SVI tract 1100,1490,79.13,32.6,13.2,17.4,15.1,33.664375,-117.92794599999999,LA County / CDC SVI style,simulated_fallback_due_download_missing_or_unavailable
06037001101,Los Angeles County fallback SVI tract 1101,5417,57.31,9.9,12.7,18.9,17.4,33.463203,-118.639157,LA County / CDC SVI style,simulated_fallback_due_download_missing_or_unavailable
06037001102,Los Angeles County fallback SVI tract 1102,3733,68.74,37.2,14.1,10.7,7.6,33.037235,-118.555847,LA County / CDC SVI style,simulated_fallback_due_download_missing_or_unavailable
06037001103,Los Angeles County fallback SVI tract 1103,2154,45.38,15.4,9.2,6.1,8.0,34.055064,-118.94922999999999,LA County / CDC SVI style,simulated_fallback_due_download_missing_or_unavailable
06037001104,Los Angeles County fallback SVI tract 1104,6340,38.18,9.4,4.2,14.3,13.1,32.836136,-118.11865900000001,LA County / CDC SVI style,simulated_fallback_due_download_missing_or_unavailable
06037001105,Los Angeles County fallback SVI tract 1105,5154,66.09,21.9,15.0,18.6,16.6,33.148498000000004,-118.22376399999999,LA County / CDC SVI style,simulated_fallback_due_download_missing_or_unavailable
06037001106,Los Angeles County fallback SVI tract 1106,2017,36.4,11.9,5.6,22.0,9.8,34.357638,-118.09412200000001,LA County / CDC SVI style,simulated_fallback_due_download_missing_or_unavailable
06037001107,Los Angeles County fallback SVI tract 1107,7069,50.43,18.4,11.7,5.8,12.0,34.220209000000004,-118.949506,LA County / CDC SVI style,simulated_fallback_due_download_missing_or_unavailable
06037001108,Los Angeles County fallback SVI tract 1108,2398,33.89,6.1,13.2,6.0,15.7,34.202734,-118.67837999999999,LA County / CDC SVI style,simulated_fallback_due_download_missing_or_unavailable
06037001109,Los Angeles County fallback SVI tract 1109,6456,53.64,30.1,4.9,11.3,8.5,33.552968,-118.49785899999999,LA County / CDC SVI style,simulated_fallback_due_download_missing_or_unavailable
06037001110,Los Angeles County fallback SVI tract 1110,2524,50.44,20.5,15.5,7.5,4.1,33.387706,-117.831365,LA County / CDC SVI style,simulated_fallback_due_download_missing_or_unavailable
06037001111,Los Angeles County fallback SVI tract 1111,4077,28.56,12.3,2.6,6.1,6.5,33.276564,-118.751228,LA County / CDC SVI style,simulated_fallback_due_download_missing_or_unavailable
06037001112,Los Angeles County fallback SVI tract 1112,2900,63.68,33.2,11.5,9.8,13.7,34.70659499999999,-118.949915,LA County / CDC SVI style,simulated_fallback_due_download_missing_or_unavailable
06037001113,Los Angeles County fallback SVI tract 1113,5438,54.78,27.7,6.9,13.8,8.4,33.946211,-118.01443300000001,LA County / CDC SVI style,simulated_fallback_due_download_missing_or_unavailable
06037001114,Los Angeles County fallback SVI tract 1114,1503,39.64,8.1,14.8,10.6,13.2,32.890724,-118.85013599999999,LA County / CDC SVI style,simulated_fallback_due_download_missing_or_unavailable
06037001115,Los Angeles County fallback SVI tract 1115,4466,37.96,14.3,2.4,21.8,7.7,33.567505,-118.71728700000001,LA County / CDC SVI style,simulated_fallback_due_download_missing_or_unavailable
06037001116,Los Angeles County fallback SVI tract 1116,6668,55.37,7.5,13.4,22.2,6.5,33.087489,-117.887599,LA County / CDC SVI style,simulated_fallback_due_download_missing_or_unavailable
06037001117,Los Angeles County fallback SVI tract 1117,2060,51.34,26.8,2.8,20.0,9.7,32.917148999999995,-118.18042700000001,LA County / CDC SVI style,simulated_fallback_due_download_missing_or_unavailable
06037001118,Los Angeles County fallback SVI tract 1118,6623,41.31,6.3,5.6,10.4,14.9,33.3578,-118.592252,LA County / CDC SVI style,simulated_fallback_due_download_missing_or_unavailable
06037001119,Los Angeles County fallback SVI tract 1119,975,65.39,35.6,5.2,22.6,15.9,33.365077,-118.23456700000001,LA County / CDC SVI style,simulated_fallback_due_download_missing_or_unavailable
06037001120,Los Angeles County fallback SVI tract 1120,1852,59.85,35.8,4.3,16.0,21.6,34.279736,-118.82306200000001,LA County / CDC SVI style,simulated_fallback_due_download_missing_or_unavailable
06037001121,Los Angeles County fallback SVI tract 1121,6337,70.73,29.4,11.7,5.6,21.5,34.566708,-118.623723,LA County / CDC SVI style,simulated_fallback_due_download_missing_or_unavailable
06037001122,Los Angeles County fallback SVI tract 1122,5265,45.28,23.6,2.5,15.3,15.2,34.012276,-118.480336,LA County / CDC SVI style,simulated_fallback_due_download_missing_or_unavailable
06037001123,Los Angeles County fallback SVI tract 1123,1831,37.02,7.9,5.5,21.4,8.8,32.818546,-117.90445,LA County / CDC SVI style,simulated_fallback_due_download_missing_or_unavailable
06037001124,Los Angeles County fallback SVI tract 1124,5667,43.13,27.9,4.4,10.0,15.1,33.944273,-118.70721800000001,LA County / CDC SVI style,simulated_fallback_due_download_missing_or_unavailable
06037001125,Los Angeles County fallback SVI tract 1125,4988,65.09,37.7,9.9,6.3,12.9,34.424873000000005,-118.669837,LA County / CDC SVI style,simulated_fallback_due_download_missing_or_unavailable
06037001126,Los Angeles County fallback SVI tract 1126,5611,44.47,13.8,3.3,23.9,18.4,33.365615000000005,-118.195679,LA County / CDC SVI style,simulated_fallback_due_download_missing_or_unavailable
06037001127,Los Angeles County fallback SVI tract 1127,2347,39.14,9.9,11.8,6.2,6.3,33.065458,-118.28148200000001,LA County / CDC SVI style,simulated_fallback_due_download_missing_or_unavailable
06037001128,Los Angeles County fallback SVI tract 1128,4493,44.53,25.0,5.3,17.0,7.0,33.665316,-117.763733,LA County / CDC SVI style,simulated_fallback_due_download_missing_or_unavailable
06037001129,Los Angeles County fallback SVI tract 1129,5857,61.84,34.0,5.6,14.5,9.9,34.268385,-118.685914,LA County / CDC SVI style,simulated_fallback_due_download_missing_or_unavailable
06037001130,Los Angeles County fallback SVI tract 1130,1615,49.1,14.0,9.6,20.8,14.1,33.08749399999999,-118.21509,LA County / CDC SVI style,simulated_fallback_due_download_missing_or_unavailable
06037001131,Los Angeles County fallback SVI tract 1131,3237,63.83,36.2,6.9,18.6,15.8,33.596983,-118.68789199999999,LA County / CDC SVI style,simulated_fallback_due_download_missing_or_unavailable
06037001132,Los Angeles County fallback SVI tract 1132,3464,44.17,5.0,14.3,16.4,8.9,34.699206,-118.753808,LA County / CDC SVI style,simulated_fallback_due_download_missing_or_unavailable
06037001133,Los Angeles County fallback SVI tract 1133,5185,45.23,22.7,3.3,6.8,12.6,33.953886,-118.37967599999999,LA County / CDC SVI style,simulated_fallback_due_download_missing_or_unavailable
06037001134,Los Angeles County fallback SVI tract 1134,4922,49.47,36.3,1.6,8.2,18.8,34.074971999999995,-118.36233999999999,LA County / CDC SVI style,simulated_fallback_due_download_missing_or_unavailable
06037001135,Los Angeles County fallback SVI tract 1135,3742,47.08,22.0,4.3,13.8,13.9,34.540414,-118.86867600000001,LA County / CDC SVI style,simulated_fallback_due_download_missing_or_unavailable
06037001136,Los Angeles County fallback SVI tract 1136,3416,33.5,11.4,8.1,16.3,6.3,33.007799,-117.918435,LA County / CDC SVI style,simulated_fallback_due_download_missing_or_unavailable
06037001137,Los Angeles County fallback SVI tract 1137,1564,51.81,5.4,10.0,22.4,12.8,32.931762000000006,-118.91742199999999,LA County / CDC SVI style,simulated_fallback_due_download_missing_or_unavailable
06037001138,Los Angeles County fallback SVI tract 1138,3523,50.2,16.8,12.1,14.9,18.4,33.464987,-118.105925,LA County / CDC SVI style,simulated_fallback_due_download_missing_or_unavailable
06037001139,Los Angeles County fallback SVI tract 1139,1190,71.49,37.9,12.8,17.6,10.8,34.512669,-118.361849,LA County / CDC SVI style,simulated_fallback_due_download_missing_or_unavailable
06037001140,Los Angeles County fallback SVI tract 1140,5813,54.58,17.5,15.1,20.8,4.9,34.333181,-118.486116,LA County / CDC SVI style,simulated_fallback_due_download_missing_or_unavailable
06037001141,Los Angeles County fallback SVI tract 1141,1787,51.43,33.1,4.5,12.0,10.1,33.184446,-118.19947400000001,LA County / CDC SVI style,simulated_fallback_due_download_missing_or_unavailable
06037001142,Los Angeles County fallback SVI tract 1142,5486,33.13,10.5,4.6,14.6,14.8,34.775086,-117.71604099999999,LA County / CDC SVI style,simulated_fallback_due_download_missing_or_unavailable
06037001143,Los Angeles County fallback SVI tract 1143,2821,19.3,3.5,10.7,5.0,4.4,34.185465,-117.913886,LA County / CDC SVI style,simulated_fallback_due_download_missing_or_unavailable
06037001144,Los Angeles County fallback SVI tract 1144,2435,56.5,15.2,13.3,19.0,10.8,34.400237999999995,-117.78934799999999,LA County / CDC SVI style,simulated_fallback_due_download_missing_or_unavailable
06037001145,Los Angeles County fallback SVI tract 1145,5733,60.95,35.6,10.8,12.3,13.3,34.782293,-118.197271,LA County / CDC SVI style,simulated_fallback_due_download_missing_or_unavailable
06037001146,Los Angeles County fallback SVI tract 1146,2260,69.93,25.0,13.3,18.0,20.0,33.78223,-118.16381799999999,LA County / CDC SVI style,simulated_fallback_due_download_missing_or_unavailable
06037001147,Los Angeles County fallback SVI tract 1147,6251,43.66,7.3,4.5,16.3,20.8,33.196476000000004,-118.85380799999999,LA County / CDC SVI style,simulated_fallback_due_download_missing_or_unavailable
06037001148,Los Angeles County fallback SVI tract 1148,6648,35.88,4.1,5.9,5.9,18.3,33.44355899999999,-118.546128,LA County / CDC SVI style,simulated_fallback_due_download_missing_or_unavailable
06037001149,Los Angeles County fallback SVI tract 1149,5587,66.38,32.6,11.7,16.1,17.5,34.084614,-117.738112,LA County / CDC SVI style,simulated_fallback_due_download_missing_or_unavailable
06037001150,Los Angeles County fallback SVI tract 1150,5013,29.72,3.6,5.9,19.3,12.4,34.060392,-118.50884599999999,LA County / CDC SVI style,simulated_fallback_due_download_missing_or_unavailable
06037001151,Los Angeles County fallback SVI tract 1151,4273,81.43,31.0,13.7,16.7,17.7,32.923708999999995,-118.508115,LA County / CDC SVI style,simulated_fallback_due_download_missing_or_unavailable
06037001152,Los Angeles County fallback SVI tract 1152,5057,52.11,26.9,3.5,20.2,7.0,32.968404,-118.469993,LA County / CDC SVI style,simulated_fallback_due_download_missing_or_unavailable
06037001153,Los Angeles County fallback SVI tract 1153,893,26.15,12.4,2.2,9.3,4.1,33.461093999999996,-118.802577,LA County / CDC SVI style,simulated_fallback_due_download_missing_or_unavailable
06037001154,Los Angeles County fallback SVI tract 1154,2863,34.81,11.2,7.1,20.7,7.1,33.108998,-118.150848,LA County / CDC SVI style,simulated_fallback_due_download_missing_or_unavailable
06037001155,Los Angeles County fallback SVI tract 1155,1331,53.87,12.5,11.7,14.4,11.3,34.721886,-118.55672799999999,LA County / CDC SVI style,simulated_fallback_due_download_missing_or_unavailable
06037001156,Los Angeles County fallback SVI tract 1156,3637,56.14,23.3,6.0,14.4,21.0,34.58819199999999,-117.86603500000001,LA County / CDC SVI style,simulated_fallback_due_download_missing_or_unavailable
06037001157,Los Angeles County fallback SVI tract 1157,4573,45.77,11.8,4.8,20.9,10.7,32.828582,-117.778637,LA County / CDC SVI style,simulated_fallback_due_download_missing_or_unavailable
06037001158,Los Angeles County fallback SVI tract 1158,880,42.58,5.9,8.6,7.2,19.7,34.160889,-118.544635,LA County / CDC SVI style,simulated_fallback_due_download_missing_or_unavailable
06037001159,Los Angeles County fallback SVI tract 1159,2558,19.94,5.2,6.1,9.1,8.5,33.504003,-117.66200699999999,LA County / CDC SVI style,simulated_fallback_due_download_missing_or_unavailable
06037001160,Los Angeles County fallback SVI tract 1160,5771,56.59,17.5,13.5,15.7,4.7,34.030651999999996,-118.88143199999999,LA County / CDC SVI style,simulated_fallback_due_download_missing_or_unavailable
06037001161,Los Angeles County fallback SVI tract 1161,4042,32.35,11.3,5.8,10.4,4.9,33.820403,-118.59315799999999,LA County / CDC SVI style,simulated_fallback_due_download_missing_or_unavailable
06037001162,Los Angeles County fallback SVI tract 1162,4360,54.44,32.5,7.1,15.8,10.9,33.115097000000006,-117.927415,LA County / CDC SVI style,simulated_fallback_due_download_missing_or_unavailable
06037001163,Los Angeles County fallback SVI tract 1163,4408,49.58,14.6,5.9,22.5,4.5,33.044490999999994,-117.89923800000001,LA County / CDC SVI style,simulated_fallback_due_download_missing_or_unavailable
06037001164,Los Angeles County fallback SVI tract 1164,4081,47.09,12.3,12.2,21.2,5.9,33.322493,-117.74852700000001,LA County / CDC SVI style,simulated_fallback_due_download_missing_or_unavailable
06037001165,Los Angeles County fallback SVI tract 1165,2906,63.01,13.3,15.5,20.0,8.4,34.79410599999999,-118.37341699999999,LA County / CDC SVI style,simulated_fallback_due_download_missing_or_unavailable
06037001166,Los Angeles County fallback SVI tract 1166,2993,69.34,31.4,6.8,16.3,20.1,33.920439,-118.77569100000001,LA County / CDC SVI style,simulated_fallback_due_download_missing_or_unavailable
06037001167,Los Angeles County fallback SVI tract 1167,3729,40.21,12.8,1.7,11.9,15.1,33.306948,-117.877819,LA County / CDC SVI style,simulated_fallback_due_download_missing_or_unavailable
06037001168,Los Angeles County fallback SVI tract 1168,5246,32.65,5.1,4.9,14.1,16.2,34.776140999999996,-118.22818600000001,LA County / CDC SVI style,simulated_fallback_due_download_missing_or_unavailable
06037001169,Los Angeles County fallback SVI tract 1169,2882,73.07,36.5,16.0,16.1,16.7,33.194124,-117.779086,LA County / CDC SVI style,simulated_fallback_due_download_missing_or_unavailable
06037001170,Los Angeles County fallback SVI tract 1170,3072,41.49,4.8,12.3,5.7,13.2,33.257443,-118.36945399999999,LA County / CDC SVI style,simulated_fallback_due_download_missing_or_unavailable
06037001171,Los Angeles County fallback SVI tract 1171,6274,75.2,37.5,14.2,13.3,12.5,34.373946000000004,-118.01972699999999,LA County / CDC SVI style,simulated_fallback_due_download_missing_or_unavailable
06037001172,Los Angeles County fallback SVI tract 1172,6356,61.71,34.8,10.0,20.3,5.9,33.812797,-118.582195,LA County / CDC SVI style,simulated_fallback_due_download_missing_or_unavailable
06037001173,Los Angeles County fallback SVI tract 1173,2224,50.58,23.0,4.0,20.1,11.7,34.356996,-118.749504,LA County / CDC SVI style,simulated_fallback_due_download_missing_or_unavailable
06037001174,Los Angeles County fallback SVI tract 1174,2416,39.16,24.2,8.0,8.1,6.6,34.688114,-118.495374,LA County / CDC SVI style,simulated_fallback_due_download_missing_or_unavailable
06037001175,Los Angeles County fallback SVI tract 1175,4734,44.83,19.3,7.0,7.8,9.6,33.563041999999996,-118.233556,LA County / CDC SVI style,simulated_fallback_due_download_missing_or_unavailable
06037001176,Los Angeles County fallback SVI tract 1176,4840,54.97,19.9,5.4,15.8,21.9,34.281237999999995,-118.69058600000001,LA County / CDC SVI style,simulated_fallback_due_download_missing_or_unavailable
06037001177,Los Angeles County fallback SVI tract 1177,1622,43.24,14.1,2.4,22.2,5.2,33.624656,-118.733145,LA County / CDC SVI style,simulated_fallback_due_download_missing_or_unavailable
06037001178,Los Angeles County fallback SVI tract 1178,2232,44.61,15.2,8.3,5.6,19.6,33.739588,-117.694875,LA County / CDC SVI style,simulated_fallback_due_download_missing_or_unavailable
06037001179,Los Angeles County fallback SVI tract 1179,4367,45.31,5.3,15.1,13.7,13.4,34.73467899999999,-118.641918,LA County / CDC SVI style,simulated_fallback_due_download_missing_or_unavailable
06037001180,Los Angeles County fallback SVI tract 1180,3552,38.03,11.5,5.8,13.4,16.5,33.458442000000005,-117.96190999999999,LA County / CDC SVI style,simulated_fallback_due_download_missing_or_unavailable
06037001181,Los Angeles County fallback SVI tract 1181,2628,72.58,26.7,9.9,23.6,17.9,32.850241000000004,-118.18250900000001,LA County / CDC SVI style,simulated_fallback_due_download_missing_or_unavailable
06037001182,Los Angeles County fallback SVI tract 1182,7067,60.56,26.6,13.5,6.5,15.1,33.309509000000006,-117.78082099999999,LA County / CDC SVI style,simulated_fallback_due_download_missing_or_unavailable
06037001183,Los Angeles County fallback SVI tract 1183,4215,57.17,36.4,2.4,8.9,21.1,34.368795,-118.885421,LA County / CDC SVI style,simulated_fallback_due_download_missing_or_unavailable
06037001184,Los Angeles County fallback SVI tract 1184,6905,75.26,35.3,7.3,19.7,13.9,33.291579,-117.69717700000001,LA County / CDC SVI style,simulated_fallback_due_download_missing_or_unavailable
06037001185,Los Angeles County fallback SVI tract 1185,5143,67.61,26.7,9.5,18.5,14.0,34.403598,-118.444389,LA County / CDC SVI style,simulated_fallback_due_download_missing_or_unavailable
06037001186,Los Angeles County fallback SVI tract 1186,6993,42.66,23.4,5.2,8.5,12.0,34.092122,-118.79693,LA County / CDC SVI style,simulated_fallback_due_download_missing_or_unavailable
06037001187,Los Angeles County fallback SVI tract 1187,6572,69.77,29.7,8.1,15.4,20.3,32.984831,-118.77283600000001,LA County / CDC SVI style,simulated_fallback_due_download_missing_or_unavailable
06037001188,Los Angeles County fallback SVI tract 1188,6978,66.98,38.0,12.3,9.3,10.0,34.040338,-117.66588200000001,LA County / CDC SVI style,simulated_fallback_due_download_missing_or_unavailable
06037001189,Los Angeles County fallback SVI tract 1189,5242,49.75,15.7,10.1,22.7,12.8,33.958633,-118.872868,LA County / CDC SVI style,simulated_fallback_due_download_missing_or_unavailable
06037001190,Los Angeles County fallback SVI tract 1190,869,34.56,14.5,8.9,5.4,6.9,32.79932899999999,-118.527275,LA County / CDC SVI style,simulated_fallback_due_download_missing_or_unavailable
06037001191,Los Angeles County fallback SVI tract 1191,5141,41.43,19.0,4.1,13.3,20.0,34.355962999999996,-118.852991,LA County / CDC SVI style,simulated_fallback_due_download_missing_or_unavailable
06037001192,Los Angeles County fallback SVI tract 1192,3958,42.54,5.9,15.1,11.8,16.7,34.596445,-118.82007200000001,LA County / CDC SVI style,simulated_fallback_due_download_missing_or_unavailable
06037001193,Los Angeles County fallback SVI tract 1193,3076,44.12,17.9,15.7,8.0,7.4,34.050363,-118.713182,LA County / CDC SVI style,simulated_fallback_due_download_missing_or_unavailable
06037001194,Los Angeles County fallback SVI tract 1194,1605,31.29,8.6,9.6,5.6,12.0,33.457396,-117.97528399999999,LA County / CDC SVI style,simulated_fallback_due_download_missing_or_unavailable
06037001195,Los Angeles County fallback SVI tract 1195,1659,48.5,34.7,1.8,6.5,15.8,32.752754,-118.565204,LA County / CDC SVI style,simulated_fallback_due_download_missing_or_unavailable
06037001196,Los Angeles County fallback SVI tract 1196,3343,36.35,9.3,5.8,19.1,9.3,32.928388,-117.88943300000001,LA County / CDC SVI style,simulated_fallback_due_download_missing_or_unavailable
06037001197,Los Angeles County fallback SVI tract 1197,6726,50.86,19.5,14.4,5.1,4.3,33.612263,-118.67062200000001,LA County / CDC SVI style,simulated_fallback_due_download_missing_or_unavailable
06037001198,Los Angeles County fallback SVI tract 1198,4816,70.54,22.8,10.1,16.1,20.7,33.82123,-118.36361299999999,LA County / CDC SVI style,simulated_fallback_due_download_missing_or_unavailable
06037001199,Los Angeles County fallback SVI tract 1199,2239,54.85,35.6,11.9,7.7,9.7,33.070626999999995,-118.21372099999999,LA County / CDC SVI style,simulated_fallback_due_download_missing_or_unavailable
06037001200,Los Angeles County fallback SVI tract 1200,4866,28.49,6.9,4.9,9.1,20.0,33.519873000000004,-117.76640400000001,LA County / CDC SVI style,simulated_fallback_due_download_missing_or_unavailable
06037001201,Los Angeles County fallback SVI tract 1201,6000,42.56,14.4,14.8,9.7,11.2,34.254968,-118.099198,LA County / CDC SVI style,simulated_fallback_due_download_missing_or_unavailable
06037001202,Los Angeles County fallback SVI tract 1202,3132,36.82,11.4,3.3,21.4,9.5,34.420576000000004,-118.171427,LA County / CDC SVI style,simulated_fallback_due_download_missing_or_unavailable
06037001203,Los Angeles County fallback SVI tract 1203,5350,81.71,24.0,15.4,22.4,21.3,34.122721,-118.55039900000001,LA County / CDC SVI style,simulated_fallback_due_download_missing_or_unavailable
06037001204,Los Angeles County fallback SVI tract 1204,6031,39.46,19.9,7.1,6.2,15.8,33.14287899999999,-118.59913999999999,LA County / CDC SVI style,simulated_fallback_due_download_missing_or_unavailable
06037001205,Los Angeles County fallback SVI tract 1205,3557,32.9,15.5,4.0,16.9,4.4,33.301273,-117.97592399999999,LA County / CDC SVI style,simulated_fallback_due_download_missing_or_unavailable
06037001206,Los Angeles County fallback SVI tract 1206,3201,52.52,6.8,5.8,23.1,21.7,34.26789,-118.753649,LA County / CDC SVI style,simulated_fallback_due_download_missing_or_unavailable
06037001207,Los Angeles County fallback SVI tract 1207,5088,50.09,22.6,14.9,6.0,14.5,33.537045,-118.13352599999999,LA County / CDC SVI style,simulated_fallback_due_download_missing_or_unavailable
06037001208,Los Angeles County fallback SVI tract 1208,2959,46.04,18.7,9.2,19.8,10.2,34.007775,-118.880761,LA County / CDC SVI style,simulated_fallback_due_download_missing_or_unavailable
06037001209,Los Angeles County fallback SVI tract 1209,936,40.06,11.2,11.3,10.5,16.8,34.166833999999994,-118.472161,LA County / CDC SVI style,simulated_fallback_due_download_missing_or_unavailable
06037001210,Los Angeles County fallback SVI tract 1210,3159,43.99,4.4,10.1,19.4,12.6,33.072056999999994,-118.16021900000001,LA County / CDC SVI style,simulated_fallback_due_download_missing_or_unavailable
06037001211,Los Angeles County fallback SVI tract 1211,4594,44.84,14.3,2.4,19.7,22.0,33.628387,-117.65489,LA County / CDC SVI style,simulated_fallback_due_download_missing_or_unavailable
06037001212,Los Angeles County fallback SVI tract 1212,5118,54.93,14.6,14.5,15.8,20.0,32.824256000000005,-118.829971,LA County / CDC SVI style,simulated_fallback_due_download_missing_or_unavailable
06037001213,Los Angeles County fallback SVI tract 1213,2038,49.31,25.0,5.8,10.0,19.0,33.430975000000004,-118.472839,LA County / CDC SVI style,simulated_fallback_due_download_missing_or_unavailable
06037001214,Los Angeles County fallback SVI tract 1214,2610,41.76,6.0,11.1,6.5,14.4,33.887592,-118.53880699999999,LA County / CDC SVI style,simulated_fallback_due_download_missing_or_unavailable
06037001215,Los Angeles County fallback SVI tract 1215,3761,62.18,23.5,6.3,22.4,17.6,32.763876,-118.52126000000001,LA County / CDC SVI style,simulated_fallback_due_download_missing_or_unavailable
06037001216,Los Angeles County fallback SVI tract 1216,3635,51.01,13.6,14.5,17.0,5.3,33.835469,-118.29582599999999,LA County / CDC SVI style,simulated_fallback_due_download_missing_or_unavailable
06037001217,Los Angeles County fallback SVI tract 1217,2837,54.13,7.9,13.6,19.3,13.2,33.286265,-117.899597,LA County / CDC SVI style,simulated_fallback_due_download_missing_or_unavailable
06037001218,Los Angeles County fallback SVI tract 1218,4012,65.33,19.0,14.7,11.9,13.7,33.482317,-118.51653999999999,LA County / CDC SVI style,simulated_fallback_due_download_missing_or_unavailable
06037001219,Los Angeles County fallback SVI tract 1219,3267,56.19,28.2,11.8,18.6,4.6,32.98770699999999,-118.840264,LA County / CDC SVI style,simulated_fallback_due_download_missing_or_unavailable
06037001220,Los Angeles County fallback SVI tract 1220,6589,55.59,30.8,7.9,16.7,12.3,33.797957999999994,-118.087714,LA County / CDC SVI style,simulated_fallback_due_download_missing_or_unavailable
06037001221,Los Angeles County fallback SVI tract 1221,1826,50.0,3.3,15.1,10.1,15.5,34.734102,-118.64732699999999,LA County / CDC SVI style,simulated_fallback_due_download_missing_or_unavailable
06037001222,Los Angeles County fallback SVI tract 1222,6160,77.51,30.2,10.4,18.7,18.6,33.423989999999996,-117.90161900000001,LA County / CDC SVI style,simulated_fallback_due_download_missing_or_unavailable
06037001223,Los Angeles County fallback SVI tract 1223,875,74.68,26.4,15.4,19.3,14.4,33.014867,-118.713545,LA County / CDC SVI style,simulated_fallback_due_download_missing_or_unavailable
06037001224,Los Angeles County fallback SVI tract 1224,4170,58.02,23.6,6.9,12.5,18.7,33.407786,-118.696651,LA County / CDC SVI style,simulated_fallback_due_download_missing_or_unavailable
06037001225,Los Angeles County fallback SVI tract 1225,6797,61.51,33.7,11.5,13.0,7.1,33.808613,-118.16211600000001,LA County / CDC SVI style,simulated_fallback_due_download_missing_or_unavailable
06037001226,Los Angeles County fallback SVI tract 1226,6956,39.99,5.9,3.3,15.1,18.1,33.06557299999999,-118.08286899999999,LA County / CDC SVI style,simulated_fallback_due_download_missing_or_unavailable
06037001227,Los Angeles County fallback SVI tract 1227,5585,38.67,18.1,12.8,10.5,4.1,33.050583,-118.15499499999999,LA County / CDC SVI style,simulated_fallback_due_download_missing_or_unavailable
06037001228,Los Angeles County fallback SVI tract 1228,1921,72.12,35.9,12.5,21.8,13.8,33.583834,-118.42321,LA County / CDC SVI style,simulated_fallback_due_download_missing_or_unavailable
06037001229,Los Angeles County fallback SVI tract 1229,6547,75.88,35.9,14.6,13.4,7.8,33.162893,-118.178251,LA County / CDC SVI style,simulated_fallback_due_download_missing_or_unavailable
06037001230,Los Angeles County fallback SVI tract 1230,4587,45.57,6.1,5.7,13.8,17.6,33.500316,-117.68073799999999,LA County / CDC SVI style,simulated_fallback_due_download_missing_or_unavailable
06037001231,Los Angeles County fallback SVI tract 1231,4151,56.72,33.4,10.5,12.1,5.9,33.77967399999999,-118.77051200000001,LA County / CDC SVI style,simulated_fallback_due_download_missing_or_unavailable
06037001232,Los Angeles County fallback SVI tract 1232,6393,41.19,18.8,8.7,6.5,5.1,34.702825,-118.111255,LA County / CDC SVI style,simulated_fallback_due_download_missing_or_unavailable
06037001233,Los Angeles County fallback SVI tract 1233,5058,37.27,19.5,5.0,9.7,8.7,33.226479,-118.03957299999999,LA County / CDC SVI style,simulated_fallback_due_download_missing_or_unavailable
06037001234,Los Angeles County fallback SVI tract 1234,6862,47.6,14.1,6.9,18.5,18.0,33.710754,-117.854135,LA County / CDC SVI style,simulated_fallback_due_download_missing_or_unavailable
06037001235,Los Angeles County fallback SVI tract 1235,4026,48.56,18.7,2.0,17.9,14.9,34.330177000000006,-118.805628,LA County / CDC SVI style,simulated_fallback_due_download_missing_or_unavailable
06037001236,Los Angeles County fallback SVI tract 1236,1859,25.29,10.8,3.7,12.7,4.1,33.77351,-118.54819499999999,LA County / CDC SVI style,simulated_fallback_due_download_missing_or_unavailable
06037001237,Los Angeles County fallback SVI tract 1237,2753,68.68,37.4,5.1,22.4,8.7,32.790155,-118.333797,LA County / CDC SVI style,simulated_fallback_due_download_missing_or_unavailable
06037001238,Los Angeles County fallback SVI tract 1238,3842,30.02,9.5,2.4,18.1,9.5,34.135349,-118.88132499999999,LA County / CDC SVI style,simulated_fallback_due_download_missing_or_unavailable
06037001239,Los Angeles County fallback SVI tract 1239,4208,42.22,15.8,14.9,8.3,8.7,32.95855399999999,-118.19522099999999,LA County / CDC SVI style,simulated_fallback_due_download_missing_or_unavailable
06037001240,Los Angeles County fallback SVI tract 1240,6868,47.89,8.4,10.8,21.0,19.2,34.160678,-117.674138,LA County / CDC SVI style,simulated_fallback_due_download_missing_or_unavailable
06037001241,Los Angeles County fallback SVI tract 1241,3613,47.64,28.1,6.9,5.9,6.7,33.07983899999999,-118.776281,LA County / CDC SVI style,simulated_fallback_due_download_missing_or_unavailable
06037001242,Los Angeles County fallback SVI tract 1242,6218,49.29,28.0,5.0,14.8,9.4,33.55610599999999,-118.718948,LA County / CDC SVI style,simulated_fallback_due_download_missing_or_unavailable
06037001243,Los Angeles County fallback SVI tract 1243,6968,41.86,8.3,5.3,11.5,17.3,34.591474999999996,-117.860994,LA County / CDC SVI style,simulated_fallback_due_download_missing_or_unavailable
06037001244,Los Angeles County fallback SVI tract 1244,5331,59.91,37.8,4.9,20.2,6.7,34.13294,-118.35049900000001,LA County / CDC SVI style,simulated_fallback_due_download_missing_or_unavailable
06037001245,Los Angeles County fallback SVI tract 1245,3816,67.42,33.6,9.4,18.2,13.6,32.799503,-118.644395,LA County / CDC SVI style,simulated_fallback_due_download_missing_or_unavailable
06037001246,Los Angeles County fallback SVI tract 1246,3492,43.29,5.9,14.0,11.9,5.9,33.109317999999995,-118.80716399999999,LA County / CDC SVI style,simulated_fallback_due_download_missing_or_unavailable
06037001247,Los Angeles County fallback SVI tract 1247,1694,47.78,6.1,13.2,21.6,12.0,33.981947000000005,-118.641604,LA County / CDC SVI style,simulated_fallback_due_download_missing_or_unavailable
06037001248,Los Angeles County fallback SVI tract 1248,5848,65.64,30.1,11.0,13.5,7.4,33.813667,-118.045989,LA County / CDC SVI style,simulated_fallback_due_download_missing_or_unavailable
06037001249,Los Angeles County fallback SVI tract 1249,2953,74.47,35.2,15.6,8.8,13.5,34.160911999999996,-117.886485,LA County / CDC SVI style,simulated_fallback_due_download_missing_or_unavailable
06037001250,Los Angeles County fallback SVI tract 1250,7134,54.4,12.7,8.3,18.2,12.7,34.141533,-118.700097,LA County / CDC SVI style,simulated_fallback_due_download_missing_or_unavailable
06037001251,Los Angeles County fallback SVI tract 1251,3388,43.0,33.4,1.5,6.2,13.2,34.599462,-118.50509199999999,LA County / CDC SVI style,simulated_fallback_due_download_missing_or_unavailable
06037001252,Los Angeles County fallback SVI tract 1252,2931,57.3,35.5,2.2,15.1,7.5,33.005873,-117.715616,LA County / CDC SVI style,simulated_fallback_due_download_missing_or_unavailable
06037001253,Los Angeles County fallback SVI tract 1253,1993,38.37,12.8,6.2,10.5,8.6,33.445318,-117.97811200000001,LA County / CDC SVI style,simulated_fallback_due_download_missing_or_unavailable
06037001254,Los Angeles County fallback SVI tract 1254,2131,83.54,37.3,15.5,14.6,21.7,33.954133,-118.508736,LA County / CDC SVI style,simulated_fallback_due_download_missing_or_unavailable
06037001255,Los Angeles County fallback SVI tract 1255,2574,43.38,14.5,12.8,20.4,5.2,34.106362000000004,-118.73172399999999,LA County / CDC SVI style,simulated_fallback_due_download_missing_or_unavailable
06037001256,Los Angeles County fallback SVI tract 1256,6884,71.75,34.3,5.3,23.4,9.9,32.78562899999999,-117.678763,LA County / CDC SVI style,simulated_fallback_due_download_missing_or_unavailable
06037001257,Los Angeles County fallback SVI tract 1257,2967,47.3,27.4,5.0,14.8,9.8,33.730361,-118.35652,LA County / CDC SVI style,simulated_fallback_due_download_missing_or_unavailable
06037001258,Los Angeles County fallback SVI tract 1258,2625,49.91,9.1,9.2,19.4,21.5,33.458128,-118.800205,LA County / CDC SVI style,simulated_fallback_due_download_missing_or_unavailable
06037001259,Los Angeles County fallback SVI tract 1259,2996,35.52,11.9,6.3,8.7,5.4,34.26835199999999,-117.96487099999999,LA County / CDC SVI style,simulated_fallback_due_download_missing_or_unavailable
06037001260,Los Angeles County fallback SVI tract 1260,7065,58.31,27.2,14.8,5.1,9.1,34.547138000000004,-118.545255,LA County / CDC SVI style,simulated_fallback_due_download_missing_or_unavailable
06037001261,Los Angeles County fallback SVI tract 1261,5683,34.77,7.9,6.1,12.0,17.4,34.579389000000006,-118.939147,LA County / CDC SVI style,simulated_fallback_due_download_missing_or_unavailable
06037001262,Los Angeles County fallback SVI tract 1262,1197,59.64,32.0,3.4,19.6,10.0,34.476654999999994,-117.68391000000001,LA County / CDC SVI style,simulated_fallback_due_download_missing_or_unavailable
06037001263,Los Angeles County fallback SVI tract 1263,2734,38.63,9.7,10.7,8.2,13.1,33.57479599999999,-117.688473,LA County / CDC SVI style,simulated_fallback_due_download_missing_or_unavailable
06037001264,Los Angeles County fallback SVI tract 1264,912,61.49,32.4,10.9,20.1,8.1,33.87092799999999,-117.80997199999999,LA County / CDC SVI style,simulated_fallback_due_download_missing_or_unavailable
06037001265,Los Angeles County fallback SVI tract 1265,3122,60.71,29.5,7.7,17.2,4.3,33.447607999999995,-117.811251,LA County / CDC SVI style,simulated_fallback_due_download_missing_or_unavailable
06037001266,Los Angeles County fallback SVI tract 1266,4320,56.07,10.6,10.9,23.5,7.5,33.698375999999996,-118.229764,LA County / CDC SVI style,simulated_fallback_due_download_missing_or_unavailable
06037001267,Los Angeles County fallback SVI tract 1267,5754,56.33,20.0,2.5,18.2,21.2,33.592436,-118.67327900000001,LA County / CDC SVI style,simulated_fallback_due_download_missing_or_unavailable
06037001268,Los Angeles County fallback SVI tract 1268,6064,62.36,29.4,13.6,5.2,7.3,33.337073,-118.942018,LA County / CDC SVI style,simulated_fallback_due_download_missing_or_unavailable
06037001269,Los Angeles County fallback SVI tract 1269,1805,41.36,8.7,11.3,7.7,15.7,34.136391999999994,-118.12026900000001,LA County / CDC SVI style,simulated_fallback_due_download_missing_or_unavailable
06037001270,Los Angeles County fallback SVI tract 1270,4945,65.84,33.5,13.5,10.6,7.3,34.76391399999999,-117.69530599999999,LA County / CDC SVI style,simulated_fallback_due_download_missing_or_unavailable
06037001271,Los Angeles County fallback SVI tract 1271,6651,57.63,30.8,12.1,5.9,11.7,32.943008,-118.20631499999999,LA County / CDC SVI style,simulated_fallback_due_download_missing_or_unavailable
06037001272,Los Angeles County fallback SVI tract 1272,1551,74.49,28.8,9.6,24.0,15.7,34.085141,-118.20269499999999,LA County / CDC SVI style,simulated_fallback_due_download_missing_or_unavailable
06037001273,Los Angeles County fallback SVI tract 1273,1968,41.31,13.0,2.3,12.4,20.4,34.137455,-118.250594,LA County / CDC SVI style,simulated_fallback_due_download_missing_or_unavailable
06037001274,Los Angeles County fallback SVI tract 1274,4717,64.13,26.3,14.7,23.6,5.0,33.76152999999999,-118.118011,LA County / CDC SVI style,simulated_fallback_due_download_missing_or_unavailable
06037001275,Los Angeles County fallback SVI tract 1275,4959,42.99,5.7,15.5,20.8,7.5,34.777123,-118.562735,LA County / CDC SVI style,simulated_fallback_due_download_missing_or_unavailable
06037001276,Los Angeles County fallback SVI tract 1276,1726,69.32,33.4,12.3,11.1,21.3,32.784934,-118.798394,LA County / CDC SVI style,simulated_fallback_due_download_missing_or_unavailable
06037001277,Los Angeles County fallback SVI tract 1277,1156,42.63,26.4,4.3,7.8,15.5,33.52938399999999,-118.94694299999999,LA County / CDC SVI style,simulated_fallback_due_download_missing_or_unavailable
06037001278,Los Angeles County fallback SVI tract 1278,3882,31.16,13.3,2.0,12.5,17.6,34.142962,-118.91737699999999,LA County / CDC SVI style,simulated_fallback_due_download_missing_or_unavailable
06037001279,Los Angeles County fallback SVI tract 1279,2046,37.19,13.6,4.7,19.0,6.6,33.072494,-117.94347,LA County / CDC SVI style,simulated_fallback_due_download_missing_or_unavailable
06037001280,Los Angeles County fallback SVI tract 1280,3789,57.01,27.5,3.9,19.2,9.7,33.976592000000004,-118.181998,LA County / CDC SVI style,simulated_fallback_due_download_missing_or_unavailable
06037001281,Los Angeles County fallback SVI tract 1281,5854,79.11,28.8,11.3,18.6,21.5,34.676056,-117.89853699999999,LA County / CDC SVI style,simulated_fallback_due_download_missing_or_unavailable
06037001282,Los Angeles County fallback SVI tract 1282,1865,28.12,5.3,9.9,13.1,5.4,33.378462,-118.76459700000001,LA County / CDC SVI style,simulated_fallback_due_download_missing_or_unavailable
06037001283,Los Angeles County fallback SVI tract 1283,6403,46.41,9.5,12.1,12.8,18.8,34.077881000000005,-117.77475899999999,LA County / CDC SVI style,simulated_fallback_due_download_missing_or_unavailable
06037001284,Los Angeles County fallback SVI tract 1284,2266,54.6,32.1,5.7,18.9,4.8,34.219534,-117.90922499999999,LA County / CDC SVI style,simulated_fallback_due_download_missing_or_unavailable
06037001285,Los Angeles County fallback SVI tract 1285,1831,55.91,15.5,8.0,15.9,21.4,33.175561,-118.81985599999999,LA County / CDC SVI style,simulated_fallback_due_download_missing_or_unavailable
06037001286,Los Angeles County fallback SVI tract 1286,4768,54.08,14.6,9.8,23.8,10.6,34.17374,-118.292788,LA County / CDC SVI style,simulated_fallback_due_download_missing_or_unavailable
06037001287,Los Angeles County fallback SVI tract 1287,1693,46.82,31.5,5.9,13.5,7.5,33.082469999999994,-118.416591,LA County / CDC SVI style,simulated_fallback_due_download_missing_or_unavailable
06037001288,Los Angeles County fallback SVI tract 1288,3983,66.87,16.2,10.2,23.6,20.1,33.607518,-117.972143,LA County / CDC SVI style,simulated_fallback_due_download_missing_or_unavailable
06037001289,Los Angeles County fallback SVI tract 1289,1663,26.8,7.1,1.9,8.2,10.3,33.567552,-117.731483,LA County / CDC SVI style,simulated_fallback_due_download_missing_or_unavailable
06037001290,Los Angeles County fallback SVI tract 1290,3438,64.03,23.1,10.8,18.8,17.0,32.987586,-117.901687,LA County / CDC SVI style,simulated_fallback_due_download_missing_or_unavailable
06037001291,Los Angeles County fallback SVI tract 1291,6509,52.97,28.3,2.3,22.7,18.4,33.571047,-118.22233100000001,LA County / CDC SVI style,simulated_fallback_due_download_missing_or_unavailable
06037001292,Los Angeles County fallback SVI tract 1292,7004,66.0,36.8,13.0,8.6,8.4,33.603300000000004,-118.08744300000001,LA County / CDC SVI style,simulated_fallback_due_download_missing_or_unavailable
06037001293,Los Angeles County fallback SVI tract 1293,5581,48.69,31.6,5.2,10.7,14.6,33.954823,-118.40896400000001,LA County / CDC SVI style,simulated_fallback_due_download_missing_or_unavailable
06037001294,Los Angeles County fallback SVI tract 1294,6222,72.89,37.3,9.8,19.9,13.3,33.816588,-118.935101,LA County / CDC SVI style,simulated_fallback_due_download_missing_or_unavailable
06037001295,Los Angeles County fallback SVI tract 1295,2939,45.29,21.4,6.0,5.8,13.9,33.652565,-118.45328199999999,LA County / CDC SVI style,simulated_fallback_due_download_missing_or_unavailable
06037001296,Los Angeles County fallback SVI tract 1296,3098,52.96,27.3,3.7,15.9,9.5,34.395998,-118.27214599999999,LA County / CDC SVI style,simulated_fallback_due_download_missing_or_unavailable
06037001297,Los Angeles County fallback SVI tract 1297,1980,64.84,35.9,12.8,5.4,12.5,34.407953,-117.98709,LA County / CDC SVI style,simulated_fallback_due_download_missing_or_unavailable
06037001298,Los Angeles County fallback SVI tract 1298,6273,61.25,32.0,4.2,22.2,5.6,32.840658,-118.21554499999999,LA County / CDC SVI style,simulated_fallback_due_download_missing_or_unavailable
06037001299,Los Angeles County fallback SVI tract 1299,3312,58.91,21.6,10.6,17.4,10.4,32.884578999999995,-118.12590399999999,LA County / CDC SVI style,simulated_fallback_due_download_missing_or_unavailable
06037001300,Los Angeles County fallback SVI tract 1300,7179,44.25,24.4,7.2,9.8,5.7,33.72141799999999,-118.09040399999999,LA County / CDC SVI style,simulated_fallback_due_download_missing_or_unavailable
06037001301,Los Angeles County fallback SVI tract 1301,5428,38.78,9.2,11.5,6.7,9.5,33.430431,-118.103838,LA County / CDC SVI style,simulated_fallback_due_download_missing_or_unavailable
06037001302,Los Angeles County fallback SVI tract 1302,2618,71.44,31.0,12.1,8.7,17.1,34.505762999999995,-117.682219,LA County / CDC SVI style,simulated_fallback_due_download_missing_or_unavailable
06037001303,Los Angeles County fallback SVI tract 1303,4442,55.53,30.1,8.3,5.2,18.3,32.904094,-118.46464700000001,LA County / CDC SVI style,simulated_fallback_due_download_missing_or_unavailable
06037001304,Los Angeles County fallback SVI tract 1304,4637,56.45,21.4,14.0,20.8,4.9,33.405278,-118.57493099999999,LA County / CDC SVI style,simulated_fallback_due_download_missing_or_unavailable
06037001305,Los Angeles County fallback SVI tract 1305,1338,72.73,37.3,6.6,22.9,5.8,33.471768,-117.95643500000001,LA County / CDC SVI style,simulated_fallback_due_download_missing_or_unavailable
06037001306,Los Angeles County fallback SVI tract 1306,4346,45.26,5.2,12.8,20.0,7.9,33.326171,-117.701604,LA County / CDC SVI style,simulated_fallback_due_download_missing_or_unavailable
06037001307,Los Angeles County fallback SVI tract 1307,2536,76.42,37.7,10.0,17.5,21.6,33.61573,-118.017859,LA County / CDC SVI style,simulated_fallback_due_download_missing_or_unavailable
06037001308,Los Angeles County fallback SVI tract 1308,5860,50.21,14.6,6.4,16.0,14.8,33.114198,-118.165076,LA County / CDC SVI style,simulated_fallback_due_download_missing_or_unavailable
06037001309,Los Angeles County fallback SVI tract 1309,5702,69.94,30.7,10.9,22.3,9.0,32.956882,-118.9375,LA County / CDC SVI style,simulated_fallback_due_download_missing_or_unavailable
06037001310,Los Angeles County fallback SVI tract 1310,6027,63.26,8.4,15.4,15.4,21.2,34.207699000000005,-117.74010600000001,LA County / CDC SVI style,simulated_fallback_due_download_missing_or_unavailable
06037001311,Los Angeles County fallback SVI tract 1311,1323,53.45,16.8,15.3,18.8,7.9,33.155531999999994,-118.547941,LA County / CDC SVI style,simulated_fallback_due_download_missing_or_unavailable
06037001312,Los Angeles County fallback SVI tract 1312,4019,42.19,21.8,5.7,8.3,5.5,34.581450000000004,-118.758541,LA County / CDC SVI style,simulated_fallback_due_download_missing_or_unavailable
06037001313,Los Angeles County fallback SVI tract 1313,4186,57.25,34.3,5.5,11.0,19.6,33.525041,-118.699164,LA County / CDC SVI style,simulated_fallback_due_download_missing_or_unavailable
06037001314,Los Angeles County fallback SVI tract 1314,4236,51.25,27.1,3.1,10.1,20.0,32.89287,-118.09734399999999,LA County / CDC SVI style,simulated_fallback_due_download_missing_or_unavailable
06037001315,Los Angeles County fallback SVI tract 1315,4175,36.13,12.1,3.3,15.9,4.2,34.538428,-118.524507,LA County / CDC SVI style,simulated_fallback_due_download_missing_or_unavailable
06037001316,Los Angeles County fallback SVI tract 1316,4752,36.54,7.5,6.7,11.0,10.5,34.618438,-118.75035199999999,LA County / CDC SVI style,simulated_fallback_due_download_missing_or_unavailable
06037001317,Los Angeles County fallback SVI tract 1317,3129,48.09,24.2,6.1,16.5,12.0,34.157151999999996,-118.847271,LA County / CDC SVI style,simulated_fallback_due_download_missing_or_unavailable
06037001318,Los Angeles County fallback SVI tract 1318,5393,59.82,24.6,15.2,7.2,11.4,34.440064,-117.821328,LA County / CDC SVI style,simulated_fallback_due_download_missing_or_unavailable
06037001319,Los Angeles County fallback SVI tract 1319,4207,46.72,5.8,3.7,16.9,19.8,34.777001,-118.56501399999999,LA County / CDC SVI style,simulated_fallback_due_download_missing_or_unavailable
06037001320,Los Angeles County fallback SVI tract 1320,7122,44.92,6.3,10.5,17.1,12.7,34.815299,-117.96396,LA County / CDC SVI style,simulated_fallback_due_download_missing_or_unavailable
06037001321,Los Angeles County fallback SVI tract 1321,983,43.15,18.1,3.7,14.6,15.1,34.05860499999999,-117.971394,LA County / CDC SVI style,simulated_fallback_due_download_missing_or_unavailable
06037001322,Los Angeles County fallback SVI tract 1322,5938,70.02,37.8,9.4,21.3,4.6,33.94582,-118.79409999999999,LA County / CDC SVI style,simulated_fallback_due_download_missing_or_unavailable
06037001323,Los Angeles County fallback SVI tract 1323,4350,47.53,10.7,7.3,22.8,18.0,34.070190000000004,-117.90991199999999,LA County / CDC SVI style,simulated_fallback_due_download_missing_or_unavailable
06037001324,Los Angeles County fallback SVI tract 1324,5125,28.13,5.6,3.4,16.2,8.9,33.697595,-118.73712499999999,LA County / CDC SVI style,simulated_fallback_due_download_missing_or_unavailable
06037001325,Los Angeles County fallback SVI tract 1325,1135,49.49,13.3,14.6,14.0,9.0,34.535946,-118.79829099999999,LA County / CDC SVI style,simulated_fallback_due_download_missing_or_unavailable
06037001326,Los Angeles County fallback SVI tract 1326,4466,25.01,6.5,2.2,15.1,7.6,34.656713,-118.366464,LA County / CDC SVI style,simulated_fallback_due_download_missing_or_unavailable
06037001327,Los Angeles County fallback SVI tract 1327,1470,61.37,21.6,3.2,20.1,18.8,33.309968,-118.121702,LA County / CDC SVI style,simulated_fallback_due_download_missing_or_unavailable
06037001328,Los Angeles County fallback SVI tract 1328,6915,51.3,38.0,3.7,10.3,14.2,34.465715,-117.85872099999999,LA County / CDC SVI style,simulated_fallback_due_download_missing_or_unavailable
06037001329,Los Angeles County fallback SVI tract 1329,6778,68.27,35.9,7.2,20.0,9.9,34.192499999999995,-117.77679599999999,LA County / CDC SVI style,simulated_fallback_due_download_missing_or_unavailable
06037001330,Los Angeles County fallback SVI tract 1330,5377,34.22,20.3,2.9,17.5,5.9,34.79867899999999,-118.22132900000001,LA County / CDC SVI style,simulated_fallback_due_download_missing_or_unavailable
06037001331,Los Angeles County fallback SVI tract 1331,2761,58.96,28.8,10.0,9.6,16.1,34.768197,-117.961401,LA County / CDC SVI style,simulated_fallback_due_download_missing_or_unavailable
06037001332,Los Angeles County fallback SVI tract 1332,4437,60.72,27.7,8.4,23.9,4.0,32.832739,-118.10422100000001,LA County / CDC SVI style,simulated_fallback_due_download_missing_or_unavailable
06037001333,Los Angeles County fallback SVI tract 1333,6068,65.75,29.1,10.8,16.3,6.1,34.278153999999994,-118.33722700000001,LA County / CDC SVI style,simulated_fallback_due_download_missing_or_unavailable
06037001334,Los Angeles County fallback SVI tract 1334,3591,62.79,34.7,11.1,17.7,11.6,34.625792000000004,-118.39810600000001,LA County / CDC SVI style,simulated_fallback_due_download_missing_or_unavailable
06037001335,Los Angeles County fallback SVI tract 1335,3540,70.0,32.7,14.2,13.1,15.0,34.411621000000004,-118.48491000000001,LA County / CDC SVI style,simulated_fallback_due_download_missing_or_unavailable
06037001336,Los Angeles County fallback SVI tract 1336,7142,42.43,16.9,2.1,18.6,20.2,33.291841999999995,-118.587761,LA County / CDC SVI style,simulated_fallback_due_download_missing_or_unavailable
06037001337,Los Angeles County fallback SVI tract 1337,6203,79.22,36.4,10.2,22.6,15.1,33.456809,-118.600038,LA County / CDC SVI style,simulated_fallback_due_download_missing_or_unavailable
06037001338,Los Angeles County fallback SVI tract 1338,3442,37.61,6.4,5.7,14.8,17.9,33.871817,-118.38028,LA County / CDC SVI style,simulated_fallback_due_download_missing_or_unavailable
06037001339,Los Angeles County fallback SVI tract 1339,6963,37.13,11.3,4.9,16.6,11.2,33.548388,-118.80678599999999,LA County / CDC SVI style,simulated_fallback_due_download_missing_or_unavailable
06037001340,Los Angeles County fallback SVI tract 1340,1587,36.01,12.3,7.7,16.4,6.5,34.238503,-118.57211099999999,LA County / CDC SVI style,simulated_fallback_due_download_missing_or_unavailable
06037001341,Los Angeles County fallback SVI tract 1341,1046,45.02,29.7,2.0,12.4,8.5,34.283588,-118.04784199999999,LA County / CDC SVI style,simulated_fallback_due_download_missing_or_unavailable
06037001342,Los Angeles County fallback SVI tract 1342,6594,59.8,10.6,13.8,17.2,13.3,33.703684,-117.711445,LA County / CDC SVI style,simulated_fallback_due_download_missing_or_unavailable
06037001343,Los Angeles County fallback SVI tract 1343,5719,71.28,34.6,13.7,23.1,5.1,33.559848,-118.16039599999999,LA County / CDC SVI style,simulated_fallback_due_download_missing_or_unavailable
06037001344,Los Angeles County fallback SVI tract 1344,1049,90.29,37.4,12.7,21.4,19.9,32.965077,-118.91415300000001,LA County / CDC SVI style,simulated_fallback_due_download_missing_or_unavailable
06037001345,Los Angeles County fallback SVI tract 1345,4942,45.0,19.3,7.3,18.0,6.0,34.218967,-118.80632,LA County / CDC SVI style,simulated_fallback_due_download_missing_or_unavailable
06037001346,Los Angeles County fallback SVI tract 1346,4656,36.54,10.1,1.8,23.0,16.0,33.331476,-118.06145599999999,LA County / CDC SVI style,simulated_fallback_due_download_missing_or_unavailable
06037001347,Los Angeles County fallback SVI tract 1347,3460,37.75,9.6,6.7,21.1,8.8,33.056126,-118.418974,LA County / CDC SVI style,simulated_fallback_due_download_missing_or_unavailable
06037001348,Los Angeles County fallback SVI tract 1348,6551,30.56,26.0,3.4,6.5,5.6,34.768178999999996,-117.964678,LA County / CDC SVI style,simulated_fallback_due_download_missing_or_unavailable
06037001349,Los Angeles County fallback SVI tract 1349,2224,38.26,10.2,8.5,10.5,10.5,34.420488999999996,-118.14342900000001,LA County / CDC SVI style,simulated_fallback_due_download_missing_or_unavailable
06037001350,Los Angeles County fallback SVI tract 1350,3394,25.93,6.6,8.5,5.9,13.8,33.118007,-118.04811400000001,LA County / CDC SVI style,simulated_fallback_due_download_missing_or_unavailable
06037001351,Los Angeles County fallback SVI tract 1351,5276,59.65,25.5,7.3,22.5,7.2,34.020889000000004,-117.754936,LA County / CDC SVI style,simulated_fallback_due_download_missing_or_unavailable
06037001352,Los Angeles County fallback SVI tract 1352,6773,53.19,4.3,12.8,15.2,14.9,33.821987,-117.71225899999999,LA County / CDC SVI style,simulated_fallback_due_download_missing_or_unavailable
06037001353,Los Angeles County fallback SVI tract 1353,2429,43.07,21.4,9.5,9.7,10.6,33.49462,-118.68122100000001,LA County / CDC SVI style,simulated_fallback_due_download_missing_or_unavailable
06037001354,Los Angeles County fallback SVI tract 1354,6853,47.84,9.0,14.0,7.7,12.7,33.823573,-117.95660000000001,LA County / CDC SVI style,simulated_fallback_due_download_missing_or_unavailable
06037001355,Los Angeles County fallback SVI tract 1355,2624,54.97,33.8,3.1,13.4,9.5,34.194102,-117.878063,LA County / CDC SVI style,simulated_fallback_due_download_missing_or_unavailable
06037001356,Los Angeles County fallback SVI tract 1356,6495,42.5,15.6,9.5,7.5,13.3,34.332194,-118.20628199999999,LA County / CDC SVI style,simulated_fallback_due_download_missing_or_unavailable
06037001357,Los Angeles County fallback SVI tract 1357,5927,39.38,4.3,4.9,22.9,18.4,34.244444,-118.440803,LA County / CDC SVI style,simulated_fallback_due_download_missing_or_unavailable
06037001358,Los Angeles County fallback SVI tract 1358,3518,69.66,19.5,15.6,14.0,21.8,34.75037,-117.93887099999999,LA County / CDC SVI style,simulated_fallback_due_download_missing_or_unavailable
06037001359,Los Angeles County fallback SVI tract 1359,3839,38.38,12.4,3.1,16.7,6.2,34.236625999999994,-118.74440299999999,LA County / CDC SVI style,simulated_fallback_due_download_missing_or_unavailable
06037001360,Los Angeles County fallback SVI tract 1360,4111,60.61,18.9,3.5,23.4,21.2,33.94445,-118.90101299999999,LA County / CDC SVI style,simulated_fallback_due_download_missing_or_unavailable
06037001361,Los Angeles County fallback SVI tract 1361,1409,33.87,4.0,14.4,12.1,9.2,34.330982,-118.89219299999999,LA County / CDC SVI style,simulated_fallback_due_download_missing_or_unavailable
06037001362,Los Angeles County fallback SVI tract 1362,3319,68.96,28.7,8.6,15.8,19.9,34.667185,-118.78229200000001,LA County / CDC SVI style,simulated_fallback_due_download_missing_or_unavailable
06037001363,Los Angeles County fallback SVI tract 1363,3223,68.86,27.0,15.6,13.3,14.4,33.742803,-117.67606699999999,LA County / CDC SVI style,simulated_fallback_due_download_missing_or_unavailable
06037001364,Los Angeles County fallback SVI tract 1364,3005,40.7,11.8,5.1,21.7,15.9,33.670587,-117.68270399999999,LA County / CDC SVI style,simulated_fallback_due_download_missing_or_unavailable
06037001365,Los Angeles County fallback SVI tract 1365,5391,35.02,15.5,7.5,11.4,7.6,33.935403,-118.720497,LA County / CDC SVI style,simulated_fallback_due_download_missing_or_unavailable
06037001366,Los Angeles County fallback SVI tract 1366,3188,66.54,25.2,11.8,23.1,18.6,34.805134,-117.91464799999999,LA County / CDC SVI style,simulated_fallback_due_download_missing_or_unavailable
06037001367,Los Angeles County fallback SVI tract 1367,4209,50.12,8.4,12.8,12.3,19.9,33.443525,-118.528512,LA County / CDC SVI style,simulated_fallback_due_download_missing_or_unavailable
06037001368,Los Angeles County fallback SVI tract 1368,3110,53.77,16.5,11.7,19.0,9.5,33.62504,-118.42693999999999,LA County / CDC SVI style,simulated_fallback_due_download_missing_or_unavailable
06037001369,Los Angeles County fallback SVI tract 1369,6268,50.92,28.6,8.3,18.2,4.4,32.948728,-118.90301600000001,LA County / CDC SVI style,simulated_fallback_due_download_missing_or_unavailable
06037001370,Los Angeles County fallback SVI tract 1370,2363,56.21,36.0,9.4,5.6,6.1,33.858398,-118.882151,LA County / CDC SVI style,simulated_fallback_due_download_missing_or_unavailable
06037001371,Los Angeles County fallback SVI tract 1371,6171,57.16,31.1,12.0,15.2,5.8,33.355467999999995,-118.64531600000001,LA County / CDC SVI style,simulated_fallback_due_download_missing_or_unavailable
06037001372,Los Angeles County fallback SVI tract 1372,1571,57.1,35.9,2.4,15.1,15.5,34.532369,-117.91936999999999,LA County / CDC SVI style,simulated_fallback_due_download_missing_or_unavailable
06037001373,Los Angeles County fallback SVI tract 1373,2748,43.18,10.2,4.8,12.0,15.8,32.992256,-118.915724,LA County / CDC SVI style,simulated_fallback_due_download_missing_or_unavailable
06037001374,Los Angeles County fallback SVI tract 1374,6470,39.13,3.3,14.9,12.2,11.7,33.975048,-118.53415299999999,LA County / CDC SVI style,simulated_fallback_due_download_missing_or_unavailable
06037001375,Los Angeles County fallback SVI tract 1375,5296,31.35,9.1,10.9,5.5,14.3,33.875579,-118.296367,LA County / CDC SVI style,simulated_fallback_due_download_missing_or_unavailable
06037001376,Los Angeles County fallback SVI tract 1376,1275,53.88,33.8,7.1,22.0,5.1,34.13134,-118.385655,LA County / CDC SVI style,simulated_fallback_due_download_missing_or_unavailable
06037001377,Los Angeles County fallback SVI tract 1377,2710,58.53,30.3,8.8,15.8,12.1,34.22961299999999,-117.935979,LA County / CDC SVI style,simulated_fallback_due_download_missing_or_unavailable
06037001378,Los Angeles County fallback SVI tract 1378,3596,67.27,36.3,8.9,12.3,7.0,33.310389,-118.48240999999999,LA County / CDC SVI style,simulated_fallback_due_download_missing_or_unavailable
06037001379,Los Angeles County fallback SVI tract 1379,4715,67.85,35.6,15.7,6.5,16.9,34.61631,-118.179019,LA County / CDC SVI style,simulated_fallback_due_download_missing_or_unavailable
06037001380,Los Angeles County fallback SVI tract 1380,5836,38.32,13.5,5.2,16.5,4.3,33.348644,-117.830917,LA County / CDC SVI style,simulated_fallback_due_download_missing_or_unavailable
06037001381,Los Angeles County fallback SVI tract 1381,4055,29.02,3.4,5.2,8.8,17.1,34.04176699999999,-118.682988,LA County / CDC SVI style,simulated_fallback_due_download_missing_or_unavailable
06037001382,Los Angeles County fallback SVI tract 1382,5068,23.27,13.2,5.8,6.2,6.6,33.473056,-118.00387,LA County / CDC SVI style,simulated_fallback_due_download_missing_or_unavailable
06037001383,Los Angeles County fallback SVI tract 1383,3040,69.86,31.6,11.1,16.6,14.9,34.701235,-117.894933,LA County / CDC SVI style,simulated_fallback_due_download_missing_or_unavailable
06037001384,Los Angeles County fallback SVI tract 1384,3243,70.31,37.1,11.3,13.4,15.7,33.102993,-118.842684,LA County / CDC SVI style,simulated_fallback_due_download_missing_or_unavailable
06037001385,Los Angeles County fallback SVI tract 1385,6814,54.43,15.5,10.1,10.1,20.5,33.75495,-118.52494999999999,LA County / CDC SVI style,simulated_fallback_due_download_missing_or_unavailable
06037001386,Los Angeles County fallback SVI tract 1386,3921,42.04,13.0,6.9,13.1,13.3,34.736475,-118.00206299999999,LA County / CDC SVI style,simulated_fallback_due_download_missing_or_unavailable
06037001387,Los Angeles County fallback SVI tract 1387,5581,71.8,23.7,13.7,23.4,10.7,34.788701999999994,-118.246459,LA County / CDC SVI style,simulated_fallback_due_download_missing_or_unavailable
06037001388,Los Angeles County fallback SVI tract 1388,3658,58.86,12.6,12.3,22.1,19.2,33.460604000000004,-118.714609,LA County / CDC SVI style,simulated_fallback_due_download_missing_or_unavailable
06037001389,Los Angeles County fallback SVI tract 1389,2736,34.0,21.7,5.9,9.0,6.1,33.460671000000005,-118.597001,LA County / CDC SVI style,simulated_fallback_due_download_missing_or_unavailable
06037001390,Los Angeles County fallback SVI tract 1390,7027,50.92,13.8,5.9,23.3,20.0,32.947025,-118.70441699999999,LA County / CDC SVI style,simulated_fallback_due_download_missing_or_unavailable
06037001391,Los Angeles County fallback SVI tract 1391,4870,48.27,8.5,10.2,19.2,6.9,33.910807999999996,-118.01135099999999,LA County / CDC SVI style,simulated_fallback_due_download_missing_or_unavailable
06037001392,Los Angeles County fallback SVI tract 1392,5689,27.98,3.1,1.8,7.3,19.5,34.505148,-118.634455,LA County / CDC SVI style,simulated_fallback_due_download_missing_or_unavailable
06037001393,Los Angeles County fallback SVI tract 1393,4533,40.2,7.7,13.2,14.2,13.0,33.38419699999999,-118.83852200000001,LA County / CDC SVI style,simulated_fallback_due_download_missing_or_unavailable
06037001394,Los Angeles County fallback SVI tract 1394,6854,41.69,5.0,13.1,20.8,7.0,33.987445,-118.76634200000001,LA County / CDC SVI style,simulated_fallback_due_download_missing_or_unavailable
06037001395,Los Angeles County fallback SVI tract 1395,5446,53.87,14.3,9.9,14.9,13.9,34.431811,-118.78554799999999,LA County / CDC SVI style,simulated_fallback_due_download_missing_or_unavailable
06037001396,Los Angeles County fallback SVI tract 1396,3809,17.31,8.2,4.5,6.4,5.6,33.655336999999996,-117.913752,LA County / CDC SVI style,simulated_fallback_due_download_missing_or_unavailable
06037001397,Los Angeles County fallback SVI tract 1397,6813,54.03,33.7,5.5,20.4,10.5,32.824122,-117.923641,LA County / CDC SVI style,simulated_fallback_due_download_missing_or_unavailable
06037001398,Los Angeles County fallback SVI tract 1398,4424,53.35,17.4,14.1,9.0,7.1,34.379916,-118.927415,LA County / CDC SVI style,simulated_fallback_due_download_missing_or_unavailable
06037001399,Los Angeles County fallback SVI tract 1399,6940,47.6,8.1,15.1,14.6,17.6,34.738656000000006,-118.78346900000001,LA County / CDC SVI style,simulated_fallback_due_download_missing_or_unavailable
06037001400,Los Angeles County fallback SVI tract 1400,5570,49.72,33.0,6.9,7.7,5.5,33.134135,-118.68952999999999,LA County / CDC SVI style,simulated_fallback_due_download_missing_or_unavailable
06037001401,Los Angeles County fallback SVI tract 1401,5905,26.97,5.6,6.9,8.0,13.0,34.33828,-117.95055300000001,LA County / CDC SVI style,simulated_fallback_due_download_missing_or_unavailable
06037001402,Los Angeles County fallback SVI tract 1402,5293,43.93,12.5,6.5,18.0,6.7,34.670534999999994,-118.280134,LA County / CDC SVI style,simulated_fallback_due_download_missing_or_unavailable
06037001403,Los Angeles County fallback SVI tract 1403,1275,60.7,15.7,12.2,18.3,10.3,34.198191,-118.353177,LA County / CDC SVI style,simulated_fallback_due_download_missing_or_unavailable
06037001404,Los Angeles County fallback SVI tract 1404,6927,66.85,27.4,2.4,21.8,18.2,34.69048299999999,-118.231152,LA County / CDC SVI style,simulated_fallback_due_download_missing_or_unavailable
06037001405,Los Angeles County fallback SVI tract 1405,3993,59.83,21.4,11.3,15.0,11.2,33.168811999999996,-118.18310299999999,LA County / CDC SVI style,simulated_fallback_due_download_missing_or_unavailable
06037001406,Los Angeles County fallback SVI tract 1406,4034,70.69,34.8,12.0,21.0,6.6,34.50473099999999,-118.18685,LA County / CDC SVI style,simulated_fallback_due_download_missing_or_unavailable
06037001407,Los Angeles County fallback SVI tract 1407,1607,42.49,6.6,12.0,18.9,5.6,33.865632999999995,-118.625792,LA County / CDC SVI style,simulated_fallback_due_download_missing_or_unavailable
06037001408,Los Angeles County fallback SVI tract 1408,3086,61.6,23.0,12.8,13.1,13.7,33.658421,-118.44857300000001,LA County / CDC SVI style,simulated_fallback_due_download_missing_or_unavailable
06037001409,Los Angeles County fallback SVI tract 1409,2375,26.88,7.6,3.0,17.3,10.9,33.776523,-118.19739299999999,LA County / CDC SVI style,simulated_fallback_due_download_missing_or_unavailable
06037001410,Los Angeles County fallback SVI tract 1410,6480,39.16,5.1,12.6,18.7,5.6,34.414024,-118.105556,LA County / CDC SVI style,simulated_fallback_due_download_missing_or_unavailable
06037001411,Los Angeles County fallback SVI tract 1411,6582,55.21,28.2,10.2,16.4,11.8,33.268706,-118.702287,LA County / CDC SVI style,simulated_fallback_due_download_missing_or_unavailable
06037001412,Los Angeles County fallback SVI tract 1412,4095,47.32,12.8,3.2,15.5,18.1,33.016116000000004,-118.676118,LA County / CDC SVI style,simulated_fallback_due_download_missing_or_unavailable
06037001413,Los Angeles County fallback SVI tract 1413,1516,41.06,8.2,12.8,12.2,8.5,33.145695,-118.00945999999999,LA County / CDC SVI style,simulated_fallback_due_download_missing_or_unavailable
06037001414,Los Angeles County fallback SVI tract 1414,3767,50.67,27.3,6.2,13.5,16.2,34.777169,-118.58449599999999,LA County / CDC SVI style,simulated_fallback_due_download_missing_or_unavailable
06037001415,Los Angeles County fallback SVI tract 1415,2324,54.05,30.1,5.4,19.4,7.1,33.175881999999994,-117.88582899999999,LA County / CDC SVI style,simulated_fallback_due_download_missing_or_unavailable
06037001416,Los Angeles County fallback SVI tract 1416,6877,56.97,30.7,12.8,10.5,5.7,34.559849,-117.693282,LA County / CDC SVI style,simulated_fallback_due_download_missing_or_unavailable
06037001417,Los Angeles County fallback SVI tract 1417,3985,37.26,10.7,2.0,13.9,9.6,34.3371,-118.545211,LA County / CDC SVI style,simulated_fallback_due_download_missing_or_unavailable
06037001418,Los Angeles County fallback SVI tract 1418,3953,57.57,27.9,4.4,5.1,19.9,32.93314,-117.870587,LA County / CDC SVI style,simulated_fallback_due_download_missing_or_unavailable
06037001419,Los Angeles County fallback SVI tract 1419,7077,42.54,17.4,11.0,15.6,5.9,34.292931,-118.390101,LA County / CDC SVI style,simulated_fallback_due_download_missing_or_unavailable
06037001420,Los Angeles County fallback SVI tract 1420,5710,42.64,16.6,4.7,15.5,10.6,33.325343999999994,-118.67659499999999,LA County / CDC SVI style,simulated_fallback_due_download_missing_or_unavailable
06037001421,Los Angeles County fallback SVI tract 1421,2422,57.33,26.3,3.9,6.2,21.2,32.933043999999995,-118.20564999999999,LA County / CDC SVI style,simulated_fallback_due_download_missing_or_unavailable
06037001422,Los Angeles County fallback SVI tract 1422,2478,43.28,14.7,1.6,23.0,10.0,34.218912,-117.745462,LA County / CDC SVI style,simulated_fallback_due_download_missing_or_unavailable
06037001423,Los Angeles County fallback SVI tract 1423,7155,42.04,7.0,11.0,8.7,21.3,33.922371,-118.465903,LA County / CDC SVI style,simulated_fallback_due_download_missing_or_unavailable
06037001424,Los Angeles County fallback SVI tract 1424,3319,44.39,9.8,8.9,6.8,19.9,32.856176999999995,-118.76908700000001,LA County / CDC SVI style,simulated_fallback_due_download_missing_or_unavailable
06037001425,Los Angeles County fallback SVI tract 1425,3267,26.89,3.9,4.4,17.9,4.1,33.756890999999996,-118.93419899999999,LA County / CDC SVI style,simulated_fallback_due_download_missing_or_unavailable
06037001426,Los Angeles County fallback SVI tract 1426,5926,29.22,3.9,1.8,17.0,18.8,34.55703,-118.84315,LA County / CDC SVI style,simulated_fallback_due_download_missing_or_unavailable
06037001427,Los Angeles County fallback SVI tract 1427,6321,55.89,20.2,4.3,18.6,13.9,33.935536,-118.11085299999999,LA County / CDC SVI style,simulated_fallback_due_download_missing_or_unavailable
06037001428,Los Angeles County fallback SVI tract 1428,4561,58.85,22.2,2.1,21.9,20.7,32.887699999999995,-118.60621800000001,LA County / CDC SVI style,simulated_fallback_due_download_missing_or_unavailable
06037001429,Los Angeles County fallback SVI tract 1429,5208,33.29,13.6,2.5,13.3,7.3,34.652680999999994,-118.449704,LA County / CDC SVI style,simulated_fallback_due_download_missing_or_unavailable
06037001430,Los Angeles County fallback SVI tract 1430,3369,65.97,37.9,7.8,23.6,8.3,33.509747999999995,-117.925036,LA County / CDC SVI style,simulated_fallback_due_download_missing_or_unavailable
06037001431,Los Angeles County fallback SVI tract 1431,5619,49.39,21.6,5.4,11.8,8.8,34.203674,-117.963501,LA County / CDC SVI style,simulated_fallback_due_download_missing_or_unavailable
06037001432,Los Angeles County fallback SVI tract 1432,2571,41.95,5.3,5.2,18.8,10.9,33.83950599999999,-118.50268000000001,LA County / CDC SVI style,simulated_fallback_due_download_missing_or_unavailable
06037001433,Los Angeles County fallback SVI tract 1433,5705,34.29,18.6,3.5,8.9,8.2,34.135999,-118.678089,LA County / CDC SVI style,simulated_fallback_due_download_missing_or_unavailable
06037001434,Los Angeles County fallback SVI tract 1434,6527,49.7,9.3,5.4,22.3,11.3,34.499863,-118.579145,LA County / CDC SVI style,simulated_fallback_due_download_missing_or_unavailable
06037001435,Los Angeles County fallback SVI tract 1435,4260,58.2,34.2,12.2,7.7,12.8,33.495867999999994,-118.17885100000001,LA County / CDC SVI style,simulated_fallback_due_download_missing_or_unavailable
06037001436,Los Angeles County fallback SVI tract 1436,2951,45.6,20.8,5.7,15.3,17.6,33.013484999999996,-117.84797499999999,LA County / CDC SVI style,simulated_fallback_due_download_missing_or_unavailable
06037001437,Los Angeles County fallback SVI tract 1437,5897,48.06,15.5,6.4,18.0,6.8,34.524007,-118.735131,LA County / CDC SVI style,simulated_fallback_due_download_missing_or_unavailable
06037001438,Los Angeles County fallback SVI tract 1438,2667,37.32,14.4,10.4,6.0,5.2,33.722834,-118.00077700000001,LA County / CDC SVI style,simulated_fallback_due_download_missing_or_unavailable
06037001439,Los Angeles County fallback SVI tract 1439,5509,60.47,35.1,9.7,6.3,20.6,32.933651,-117.78946599999999,LA County / CDC SVI style,simulated_fallback_due_download_missing_or_unavailable
06037001440,Los Angeles County fallback SVI tract 1440,3152,40.1,12.2,3.6,24.0,14.1,33.916457,-118.795785,LA County / CDC SVI style,simulated_fallback_due_download_missing_or_unavailable
06037001441,Los Angeles County fallback SVI tract 1441,5839,57.36,24.5,8.6,17.4,9.4,34.216443,-117.92724899999999,LA County / CDC SVI style,simulated_fallback_due_download_missing_or_unavailable
06037001442,Los Angeles County fallback SVI tract 1442,6727,68.7,31.8,9.0,14.9,20.2,33.190976,-118.149856,LA County / CDC SVI style,simulated_fallback_due_download_missing_or_unavailable
06037001443,Los Angeles County fallback SVI tract 1443,4011,51.29,4.2,15.0,18.2,8.5,33.254692999999996,-117.758117,LA County / CDC SVI style,simulated_fallback_due_download_missing_or_unavailable
06037001444,Los Angeles County fallback SVI tract 1444,5852,61.97,31.2,10.7,12.6,20.0,33.83446,-118.42914699999999,LA County / CDC SVI style,simulated_fallback_due_download_missing_or_unavailable
06037001445,Los Angeles County fallback SVI tract 1445,4872,46.99,20.0,5.0,15.1,12.3,33.990981999999995,-118.80749599999999,LA County / CDC SVI style,simulated_fallback_due_download_missing_or_unavailable
06037001446,Los Angeles County fallback SVI tract 1446,1393,34.6,10.0,2.6,10.4,18.3,34.133064000000005,-117.80952500000001,LA County / CDC SVI style,simulated_fallback_due_download_missing_or_unavailable
06037001447,Los Angeles County fallback SVI tract 1447,3321,47.48,11.1,5.7,23.7,15.1,33.520113,-118.530257,LA County / CDC SVI style,simulated_fallback_due_download_missing_or_unavailable
06037001448,Los Angeles County fallback SVI tract 1448,5279,54.39,37.8,1.8,17.5,13.7,34.191161,-117.740065,LA County / CDC SVI style,simulated_fallback_due_download_missing_or_unavailable
06037001449,Los Angeles County fallback SVI tract 1449,5520,33.64,8.4,2.5,15.7,11.2,33.84529199999999,-118.824674,LA County / CDC SVI style,simulated_fallback_due_download_missing_or_unavailable
06037001450,Los Angeles County fallback SVI tract 1450,6512,32.91,4.8,2.3,20.2,14.1,33.551998,-118.424136,LA County / CDC SVI style,simulated_fallback_due_download_missing_or_unavailable
06037001451,Los Angeles County fallback SVI tract 1451,6613,29.21,3.8,7.3,20.7,5.7,34.254498,-118.42328400000001,LA County / CDC SVI style,simulated_fallback_due_download_missing_or_unavailable
06037001452,Los Angeles County fallback SVI tract 1452,1074,36.16,19.7,1.7,19.3,5.8,33.92581,-118.87050199999999,LA County / CDC SVI style,simulated_fallback_due_download_missing_or_unavailable
06037001453,Los Angeles County fallback SVI tract 1453,2745,46.41,25.8,8.8,15.1,6.1,32.927324,-118.22240199999999,LA County / CDC SVI style,simulated_fallback_due_download_missing_or_unavailable
06037001454,Los Angeles County fallback SVI tract 1454,4884,75.75,37.2,11.5,15.6,17.2,33.410391999999995,-117.687129,LA County / CDC SVI style,simulated_fallback_due_download_missing_or_unavailable
06037001455,Los Angeles County fallback SVI tract 1455,5582,33.97,3.9,1.9,13.1,19.6,34.578841,-118.85325399999999,LA County / CDC SVI style,simulated_fallback_due_download_missing_or_unavailable
06037001456,Los Angeles County fallback SVI tract 1456,5943,56.01,19.1,10.8,15.7,19.5,34.373635,-118.90565799999999,LA County / CDC SVI style,simulated_fallback_due_download_missing_or_unavailable
06037001457,Los Angeles County fallback SVI tract 1457,2273,48.09,13.0,1.5,21.8,18.2,32.810062,-118.492913,LA County / CDC SVI style,simulated_fallback_due_download_missing_or_unavailable
06037001458,Los Angeles County fallback SVI tract 1458,5071,68.65,20.4,14.1,13.8,19.6,34.575742000000005,-118.649532,LA County / CDC SVI style,simulated_fallback_due_download_missing_or_unavailable
06037001459,Los Angeles County fallback SVI tract 1459,2091,45.41,14.1,8.6,9.8,19.5,34.424604,-118.02796699999999,LA County / CDC SVI style,simulated_fallback_due_download_missing_or_unavailable
06037001460,Los Angeles County fallback SVI tract 1460,4264,50.45,25.1,11.7,15.0,6.2,33.993134,-118.80326400000001,LA County / CDC SVI style,simulated_fallback_due_download_missing_or_unavailable
06037001461,Los Angeles County fallback SVI tract 1461,2079,52.66,27.2,6.5,21.2,9.6,34.785136,-117.85459800000001,LA County / CDC SVI style,simulated_fallback_due_download_missing_or_unavailable
06037001462,Los Angeles County fallback SVI tract 1462,6840,66.62,31.3,13.5,19.8,6.0,33.041646,-118.14732799999999,LA County / CDC SVI style,simulated_fallback_due_download_missing_or_unavailable
06037001463,Los Angeles County fallback SVI tract 1463,983,18.12,10.6,2.3,5.5,5.7,33.598510999999995,-118.38757000000001,LA County / CDC SVI style,simulated_fallback_due_download_missing_or_unavailable
06037001464,Los Angeles County fallback SVI tract 1464,6787,59.1,31.5,8.0,7.3,20.7,33.397310999999995,-118.61161899999999,LA County / CDC SVI style,simulated_fallback_due_download_missing_or_unavailable
06037001465,Los Angeles County fallback SVI tract 1465,1148,68.15,38.0,4.2,16.7,19.9,34.588435,-118.269392,LA County / CDC SVI style,simulated_fallback_due_download_missing_or_unavailable
06037001466,Los Angeles County fallback SVI tract 1466,2681,54.45,18.5,15.0,13.9,13.9,34.631098,-118.652818,LA County / CDC SVI style,simulated_fallback_due_download_missing_or_unavailable
06037001467,Los Angeles County fallback SVI tract 1467,4604,59.35,9.3,13.2,16.3,17.3,33.152668999999996,-118.67665600000001,LA County / CDC SVI style,simulated_fallback_due_download_missing_or_unavailable
06037001468,Los Angeles County fallback SVI tract 1468,4199,65.29,11.1,15.9,22.2,15.1,33.346446,-118.931655,LA County / CDC SVI style,simulated_fallback_due_download_missing_or_unavailable
06037001469,Los Angeles County fallback SVI tract 1469,904,54.54,28.4,12.9,9.4,10.9,33.44846,-118.53417200000001,LA County / CDC SVI style,simulated_fallback_due_download_missing_or_unavailable
06037001470,Los Angeles County fallback SVI tract 1470,5342,66.41,36.8,6.2,14.5,13.1,34.10971299999999,-118.160785,LA County / CDC SVI style,simulated_fallback_due_download_missing_or_unavailable
06037001471,Los Angeles County fallback SVI tract 1471,6022,52.42,15.6,14.6,6.0,13.1,34.375862,-117.656726,LA County / CDC SVI style,simulated_fallback_due_download_missing_or_unavailable
06037001472,Los Angeles County fallback SVI tract 1472,4239,49.08,5.1,9.7,20.8,8.7,34.732200999999996,-118.903764,LA County / CDC SVI style,simulated_fallback_due_download_missing_or_unavailable
06037001473,Los Angeles County fallback SVI tract 1473,4269,48.69,8.3,9.2,9.7,16.5,33.618145,-117.760822,LA County / CDC SVI style,simulated_fallback_due_download_missing_or_unavailable
06037001474,Los Angeles County fallback SVI tract 1474,6176,70.64,30.2,14.6,18.7,12.2,34.70876499999999,-118.940507,LA County / CDC SVI style,simulated_fallback_due_download_missing_or_unavailable
06037001475,Los Angeles County fallback SVI tract 1475,3758,32.99,7.5,2.5,21.3,13.5,33.717622,-118.278547,LA County / CDC SVI style,simulated_fallback_due_download_missing_or_unavailable
06037001476,Los Angeles County fallback SVI tract 1476,860,48.09,17.3,6.6,18.5,17.5,33.712553,-117.70571199999999,LA County / CDC SVI style,simulated_fallback_due_download_missing_or_unavailable
06037001477,Los Angeles County fallback SVI tract 1477,850,57.87,16.0,8.4,14.4,19.4,33.040732000000006,-117.892101,LA County / CDC SVI style,simulated_fallback_due_download_missing_or_unavailable
06037001478,Los Angeles County fallback SVI tract 1478,6523,39.41,13.1,2.7,15.8,11.5,32.87882,-118.450953,LA County / CDC SVI style,simulated_fallback_due_download_missing_or_unavailable
06037001479,Los Angeles County fallback SVI tract 1479,3361,40.9,12.0,11.5,9.0,10.3,33.855921,-118.548931,LA County / CDC SVI style,simulated_fallback_due_download_missing_or_unavailable
06037001480,Los Angeles County fallback SVI tract 1480,6203,55.88,25.8,8.6,6.0,16.2,34.586186,-117.921472,LA County / CDC SVI style,simulated_fallback_due_download_missing_or_unavailable
06037001481,Los Angeles County fallback SVI tract 1481,7053,46.38,24.2,5.9,10.6,11.9,33.992436,-118.31917100000001,LA County / CDC SVI style,simulated_fallback_due_download_missing_or_unavailable
06037001482,Los Angeles County fallback SVI tract 1482,6339,51.35,19.7,14.9,13.6,10.8,33.366547,-117.89297900000001,LA County / CDC SVI style,simulated_fallback_due_download_missing_or_unavailable
06037001483,Los Angeles County fallback SVI tract 1483,6621,37.72,21.3,7.4,9.2,4.8,33.077581,-118.063014,LA County / CDC SVI style,simulated_fallback_due_download_missing_or_unavailable
06037001484,Los Angeles County fallback SVI tract 1484,3422,31.29,13.2,12.1,7.3,5.2,33.718904,-118.546092,LA County / CDC SVI style,simulated_fallback_due_download_missing_or_unavailable
06037001485,Los Angeles County fallback SVI tract 1485,7178,59.25,22.3,12.6,10.1,17.8,33.954159999999995,-118.03633199999999,LA County / CDC SVI style,simulated_fallback_due_download_missing_or_unavailable
06037001486,Los Angeles County fallback SVI tract 1486,4705,61.42,22.1,8.0,22.2,20.2,32.890865,-118.30098600000001,LA County / CDC SVI style,simulated_fallback_due_download_missing_or_unavailable
06037001487,Los Angeles County fallback SVI tract 1487,3577,59.45,5.0,15.2,15.6,20.9,33.7657,-118.84687100000001,LA County / CDC SVI style,simulated_fallback_due_download_missing_or_unavailable
06037001488,Los Angeles County fallback SVI tract 1488,5186,58.65,12.7,15.1,21.9,10.4,33.083949000000004,-118.07764,LA County / CDC SVI style,simulated_fallback_due_download_missing_or_unavailable
06037001489,Los Angeles County fallback SVI tract 1489,6647,58.2,35.8,4.3,13.7,13.6,33.926213,-118.762734,LA County / CDC SVI style,simulated_fallback_due_download_missing_or_unavailable
06037001490,Los Angeles County fallback SVI tract 1490,1734,54.33,34.4,1.7,11.1,9.0,33.519408,-118.37141299999999,LA County / CDC SVI style,simulated_fallback_due_download_missing_or_unavailable
06037001491,Los Angeles County fallback SVI tract 1491,2441,49.92,15.2,9.3,8.1,12.7,33.096225999999994,-117.901309,LA County / CDC SVI style,simulated_fallback_due_download_missing_or_unavailable
06037001492,Los Angeles County fallback SVI tract 1492,1144,61.36,21.9,12.7,6.7,17.4,32.780663999999994,-118.152407,LA County / CDC SVI style,simulated_fallback_due_download_missing_or_unavailable
06037001493,Los Angeles County fallback SVI tract 1493,4512,55.78,12.8,8.0,21.1,11.8,34.245961,-117.944018,LA County / CDC SVI style,simulated_fallback_due_download_missing_or_unavailable
06037001494,Los Angeles County fallback SVI tract 1494,1717,49.92,21.0,8.3,10.2,12.4,34.341763,-118.74870700000001,LA County / CDC SVI style,simulated_fallback_due_download_missing_or_unavailable
06037001495,Los Angeles County fallback SVI tract 1495,5493,40.77,9.9,12.7,23.4,4.4,33.395448,-117.93346299999999,LA County / CDC SVI style,simulated_fallback_due_download_missing_or_unavailable
06037001496,Los Angeles County fallback SVI tract 1496,2697,46.61,13.4,2.1,23.6,11.3,33.129181,-118.43995199999999,LA County / CDC SVI style,simulated_fallback_due_download_missing_or_unavailable
06037001497,Los Angeles County fallback SVI tract 1497,2020,63.76,16.2,14.4,8.8,21.5,33.336999000000006,-118.614898,LA County / CDC SVI style,simulated_fallback_due_download_missing_or_unavailable
06037001498,Los Angeles County fallback SVI tract 1498,3253,33.14,12.0,8.1,13.9,7.0,33.136801000000006,-117.75632800000001,LA County / CDC SVI style,simulated_fallback_due_download_missing_or_unavailable
06037001499,Los Angeles County fallback SVI tract 1499,2372,47.26,22.6,2.5,12.8,10.0,34.459052,-118.602333,LA County / CDC SVI style,simulated_fallback_due_download_missing_or_unavailable
06037001500,Los Angeles County fallback SVI tract 1500,5276,30.23,14.6,3.7,10.4,9.4,33.438776,-117.796272,LA County / CDC SVI style,simulated_fallback_due_download_missing_or_unavailable
06037001501,Los Angeles County fallback SVI tract 1501,2919,59.52,35.1,6.1,6.6,13.3,34.504346999999996,-118.08742500000001,LA County / CDC SVI style,simulated_fallback_due_download_missing_or_unavailable
06037001502,Los Angeles County fallback SVI tract 1502,3461,46.96,9.4,5.6,19.6,16.9,34.623101,-118.898745,LA County / CDC SVI style,simulated_fallback_due_download_missing_or_unavailable
06037001503,Los Angeles County fallback SVI tract 1503,3094,51.31,11.0,13.1,16.0,10.2,32.964856999999995,-118.67635399999999,LA County / CDC SVI style,simulated_fallback_due_download_missing_or_unavailable
06037001504,Los Angeles County fallback SVI tract 1504,3288,31.17,5.8,2.2,8.0,19.2,33.157228999999994,-118.438746,LA County / CDC SVI style,simulated_fallback_due_download_missing_or_unavailable
06037001505,Los Angeles County fallback SVI tract 1505,6708,45.11,7.7,9.7,20.2,8.3,32.91884699999999,-118.844984,LA County / CDC SVI style,simulated_fallback_due_download_missing_or_unavailable
06037001506,Los Angeles County fallback SVI tract 1506,5533,44.61,16.4,15.3,6.0,6.1,32.873444,-117.802099,LA County / CDC SVI style,simulated_fallback_due_download_missing_or_unavailable
06037001507,Los Angeles County fallback SVI tract 1507,6474,75.31,35.4,11.9,11.1,14.2,32.786460999999996,-118.01401999999999,LA County / CDC SVI style,simulated_fallback_due_download_missing_or_unavailable
06037001508,Los Angeles County fallback SVI tract 1508,4869,74.65,36.5,8.2,20.6,17.2,34.771488,-118.620237,LA County / CDC SVI style,simulated_fallback_due_download_missing_or_unavailable
06037001509,Los Angeles County fallback SVI tract 1509,4207,40.64,14.1,10.7,7.6,7.0,34.200077,-118.018373,LA County / CDC SVI style,simulated_fallback_due_download_missing_or_unavailable
06037001510,Los Angeles County fallback SVI tract 1510,2271,60.15,21.3,6.0,17.3,15.5,34.546185,-118.62879699999999,LA County / CDC SVI style,simulated_fallback_due_download_missing_or_unavailable
06037001511,Los Angeles County fallback SVI tract 1511,2584,42.6,13.5,2.6,17.3,8.3,33.83653,-118.598237,LA County / CDC SVI style,simulated_fallback_due_download_missing_or_unavailable
06037001512,Los Angeles County fallback SVI tract 1512,1999,26.01,12.2,7.2,6.5,7.8,33.437035,-118.14724100000001,LA County / CDC SVI style,simulated_fallback_due_download_missing_or_unavailable
06037001513,Los Angeles County fallback SVI tract 1513,3668,55.89,36.8,11.1,15.4,4.5,34.427648,-118.55449300000001,LA County / CDC SVI style,simulated_fallback_due_download_missing_or_unavailable
06037001514,Los Angeles County fallback SVI tract 1514,6744,69.3,32.7,10.1,21.2,18.6,34.672872,-118.01528499999999,LA County / CDC SVI style,simulated_fallback_due_download_missing_or_unavailable
06037001515,Los Angeles County fallback SVI tract 1515,5701,44.87,14.1,5.4,8.8,21.9,33.876507999999994,-118.32273599999999,LA County / CDC SVI style,simulated_fallback_due_download_missing_or_unavailable
06037001516,Los Angeles County fallback SVI tract 1516,2915,43.3,15.2,5.8,10.9,12.6,34.30055,-118.831701,LA County / CDC SVI style,simulated_fallback_due_download_missing_or_unavailable
06037001517,Los Angeles County fallback SVI tract 1517,3103,62.19,37.3,2.7,7.5,21.6,33.305097,-118.35919200000001,LA County / CDC SVI style,simulated_fallback_due_download_missing_or_unavailable
06037001518,Los Angeles County fallback SVI tract 1518,3449,69.71,37.2,10.2,16.8,15.3,33.240684,-117.895566,LA County / CDC SVI style,simulated_fallback_due_download_missing_or_unavailable
06037001519,Los Angeles County fallback SVI tract 1519,4162,61.55,29.3,9.3,19.1,18.7,33.154872,-118.568941,LA County / CDC SVI style,simulated_fallback_due_download_missing_or_unavailable
06037001520,Los Angeles County fallback SVI tract 1520,6371,55.25,33.7,1.9,13.0,14.3,34.196961,-117.946787,LA County / CDC SVI style,simulated_fallback_due_download_missing_or_unavailable
06037001521,Los Angeles County fallback SVI tract 1521,5973,28.96,7.4,1.7,11.5,13.1,33.38954699999999,-118.022803,LA County / CDC SVI style,simulated_fallback_due_download_missing_or_unavailable
06037001522,Los Angeles County fallback SVI tract 1522,5024,70.42,37.2,13.8,8.0,14.9,33.558947,-118.85655999999999,LA County / CDC SVI style,simulated_fallback_due_download_missing_or_unavailable
06037001523,Los Angeles County fallback SVI tract 1523,2296,36.45,17.0,7.7,11.8,11.2,33.330082,-118.2757,LA County / CDC SVI style,simulated_fallback_due_download_missing_or_unavailable
06037001524,Los Angeles County fallback SVI tract 1524,5781,46.35,26.9,2.4,14.7,18.1,33.106172,-117.897919,LA County / CDC SVI style,simulated_fallback_due_download_missing_or_unavailable
06037001525,Los Angeles County fallback SVI tract 1525,6654,42.18,5.2,13.6,5.9,19.1,33.83441799999999,-118.80866499999999,LA County / CDC SVI style,simulated_fallback_due_download_missing_or_unavailable
06037001526,Los Angeles County fallback SVI tract 1526,2570,61.42,14.7,14.8,11.8,21.3,33.29608999999999,-117.65842,LA County / CDC SVI style,simulated_fallback_due_download_missing_or_unavailable
06037001527,Los Angeles County fallback SVI tract 1527,3378,38.7,7.6,11.5,11.0,9.9,33.368838000000004,-118.54691,LA County / CDC SVI style,simulated_fallback_due_download_missing_or_unavailable
06037001528,Los Angeles County fallback SVI tract 1528,2012,60.71,26.2,9.7,5.2,19.2,34.73709,-118.77283499999999,LA County / CDC SVI style,simulated_fallback_due_download_missing_or_unavailable
06037001529,Los Angeles County fallback SVI tract 1529,3137,54.7,15.4,11.1,16.6,13.5,32.810764999999996,-118.778934,LA County / CDC SVI style,simulated_fallback_due_download_missing_or_unavailable
06037001530,Los Angeles County fallback SVI tract 1530,2612,57.1,15.7,14.9,19.3,5.1,34.785973,-117.982719,LA County / CDC SVI style,simulated_fallback_due_download_missing_or_unavailable
06037001531,Los Angeles County fallback SVI tract 1531,4443,52.91,34.9,8.5,10.6,8.3,33.177907,-118.071938,LA County / CDC SVI style,simulated_fallback_due_download_missing_or_unavailable
06037001532,Los Angeles County fallback SVI tract 1532,1116,39.79,5.1,7.4,16.1,9.8,33.392356,-118.499305,LA County / CDC SVI style,simulated_fallback_due_download_missing_or_unavailable
06037001533,Los Angeles County fallback SVI tract 1533,5979,60.86,15.7,12.0,8.2,20.4,34.716349,-117.771135,LA County / CDC SVI style,simulated_fallback_due_download_missing_or_unavailable
06037001534,Los Angeles County fallback SVI tract 1534,1894,29.48,14.6,3.7,7.6,15.7,34.33422899999999,-118.23510099999999,LA County / CDC SVI style,simulated_fallback_due_download_missing_or_unavailable
06037001535,Los Angeles County fallback SVI tract 1535,5883,37.76,16.7,2.7,11.0,19.0,33.907664000000004,-117.705537,LA County / CDC SVI style,simulated_fallback_due_download_missing_or_unavailable
06037001536,Los Angeles County fallback SVI tract 1536,3349,56.69,3.9,9.7,19.9,21.1,33.922458999999996,-118.31497200000001,LA County / CDC SVI style,simulated_fallback_due_download_missing_or_unavailable
06037001537,Los Angeles County fallback SVI tract 1537,1827,53.78,26.4,4.7,18.7,17.8,33.657524,-118.72252,LA County / CDC SVI style,simulated_fallback_due_download_missing_or_unavailable
06037001538,Los Angeles County fallback SVI tract 1538,2210,45.84,17.7,9.0,10.1,5.1,33.308212,-118.167058,LA County / CDC SVI style,simulated_fallback_due_download_missing_or_unavailable
06037001539,Los Angeles County fallback SVI tract 1539,1532,40.43,4.7,8.1,18.1,5.7,34.217812,-118.01508799999999,LA County / CDC SVI style,simulated_fallback_due_download_missing_or_unavailable
06037001540,Los Angeles County fallback SVI tract 1540,5740,45.65,26.8,2.9,13.4,15.2,33.673835,-117.91509599999999,LA County / CDC SVI style,simulated_fallback_due_download_missing_or_unavailable
06037001541,Los Angeles County fallback SVI tract 1541,1243,34.12,21.2,8.9,8.5,5.3,33.837774,-118.25988500000001,LA County / CDC SVI style,simulated_fallback_due_download_missing_or_unavailable
06037001542,Los Angeles County fallback SVI tract 1542,2135,69.16,35.4,15.4,11.1,17.9,32.86786299999999,-118.698517,LA County / CDC SVI style,simulated_fallback_due_download_missing_or_unavailable
06037001543,Los Angeles County fallback SVI tract 1543,2889,58.74,17.1,12.6,18.0,4.9,33.772623,-118.112003,LA County / CDC SVI style,simulated_fallback_due_download_missing_or_unavailable
06037001544,Los Angeles County fallback SVI tract 1544,2234,67.01,33.3,5.3,20.3,17.8,34.563699,-118.783399,LA County / CDC SVI style,simulated_fallback_due_download_missing_or_unavailable
06037001545,Los Angeles County fallback SVI tract 1545,3310,45.83,31.9,6.3,9.6,8.7,32.924477,-118.701928,LA County / CDC SVI style,simulated_fallback_due_download_missing_or_unavailable
06037001546,Los Angeles County fallback SVI tract 1546,2916,56.88,27.8,14.6,7.1,9.6,33.078948000000004,-117.87465,LA County / CDC SVI style,simulated_fallback_due_download_missing_or_unavailable
06037001547,Los Angeles County fallback SVI tract 1547,2238,38.01,5.2,3.3,10.9,18.0,33.642852,-118.106661,LA County / CDC SVI style,simulated_fallback_due_download_missing_or_unavailable
06037001548,Los Angeles County fallback SVI tract 1548,5131,51.81,18.2,8.2,23.3,10.9,33.575105,-118.760555,LA County / CDC SVI style,simulated_fallback_due_download_missing_or_unavailable
06037001549,Los Angeles County fallback SVI tract 1549,6394,56.5,30.3,9.8,8.1,16.7,34.817046999999995,-118.61898900000001,LA County / CDC SVI style,simulated_fallback_due_download_missing_or_unavailable
06037001550,Los Angeles County fallback SVI tract 1550,4276,47.78,30.1,3.1,21.6,5.6,34.192459,-118.489643,LA County / CDC SVI style,simulated_fallback_due_download_missing_or_unavailable
06037001551,Los Angeles County fallback SVI tract 1551,3482,58.18,32.8,11.5,12.9,12.4,34.215329,-117.722642,LA County / CDC SVI style,simulated_fallback_due_download_missing_or_unavailable
06037001552,Los Angeles County fallback SVI tract 1552,2501,38.27,10.3,5.6,5.1,12.5,33.03205,-118.873008,LA County / CDC SVI style,simulated_fallback_due_download_missing_or_unavailable
06037001553,Los Angeles County fallback SVI tract 1553,6564,63.52,30.6,8.9,8.0,19.9,34.80047999999999,-117.91979900000001,LA County / CDC SVI style,simulated_fallback_due_download_missing_or_unavailable
06037001554,Los Angeles County fallback SVI tract 1554,6363,58.45,27.7,14.4,13.7,11.1,34.211292,-117.97201600000001,LA County / CDC SVI style,simulated_fallback_due_download_missing_or_unavailable
06037001555,Los Angeles County fallback SVI tract 1555,2524,68.15,26.2,15.8,13.7,17.2,33.850716,-118.63168399999999,LA County / CDC SVI style,simulated_fallback_due_download_missing_or_unavailable
06037001556,Los Angeles County fallback SVI tract 1556,3659,54.47,29.7,9.2,13.1,6.3,33.059757000000005,-118.24562,LA County / CDC SVI style,simulated_fallback_due_download_missing_or_unavailable
06037001557,Los Angeles County fallback SVI tract 1557,5655,33.89,6.8,11.5,12.6,12.1,33.358081,-118.869807,LA County / CDC SVI style,simulated_fallback_due_download_missing_or_unavailable
06037001558,Los Angeles County fallback SVI tract 1558,3663,44.09,27.5,7.7,5.9,12.3,34.307303000000005,-118.168185,LA County / CDC SVI style,simulated_fallback_due_download_missing_or_unavailable
06037001559,Los Angeles County fallback SVI tract 1559,3168,67.09,24.6,12.2,14.3,18.5,33.30993599999999,-118.01271899999999,LA County / CDC SVI style,simulated_fallback_due_download_missing_or_unavailable
06037001560,Los Angeles County fallback SVI tract 1560,5949,51.82,17.0,12.6,7.0,10.8,33.32152,-118.65152,LA County / CDC SVI style,simulated_fallback_due_download_missing_or_unavailable
06037001561,Los Angeles County fallback SVI tract 1561,1222,39.94,9.9,14.4,10.1,5.3,34.603277000000006,-118.23210099999999,LA County / CDC SVI style,simulated_fallback_due_download_missing_or_unavailable
06037001562,Los Angeles County fallback SVI tract 1562,2945,42.09,3.0,3.2,22.1,18.8,33.297181,-118.477917,LA County / CDC SVI style,simulated_fallback_due_download_missing_or_unavailable
06037001563,Los Angeles County fallback SVI tract 1563,7121,44.37,20.1,6.4,7.5,13.0,34.18818,-118.004355,LA County / CDC SVI style,simulated_fallback_due_download_missing_or_unavailable
06037001564,Los Angeles County fallback SVI tract 1564,6558,25.96,5.6,5.3,7.1,11.3,32.777635,-118.13339599999999,LA County / CDC SVI style,simulated_fallback_due_download_missing_or_unavailable
06037001565,Los Angeles County fallback SVI tract 1565,2770,47.32,11.1,15.5,10.7,17.9,33.254492,-118.24814699999999,LA County / CDC SVI style,simulated_fallback_due_download_missing_or_unavailable
06037001566,Los Angeles County fallback SVI tract 1566,6574,32.25,16.6,6.3,11.8,8.2,33.54048099999999,-118.015849,LA County / CDC SVI style,simulated_fallback_due_download_missing_or_unavailable
06037001567,Los Angeles County fallback SVI tract 1567,4991,42.91,4.3,13.9,8.0,15.1,33.394886,-118.65032799999999,LA County / CDC SVI style,simulated_fallback_due_download_missing_or_unavailable
06037001568,Los Angeles County fallback SVI tract 1568,2455,65.44,28.6,15.3,19.7,5.6,33.398431,-118.830664,LA County / CDC SVI style,simulated_fallback_due_download_missing_or_unavailable
06037001569,Los Angeles County fallback SVI tract 1569,5640,66.58,20.4,13.3,15.3,20.8,33.453061000000005,-118.45048000000001,LA County / CDC SVI style,simulated_fallback_due_download_missing_or_unavailable
06037001570,Los Angeles County fallback SVI tract 1570,3247,42.22,12.4,1.9,18.7,12.9,32.751423,-117.93727000000001,LA County / CDC SVI style,simulated_fallback_due_download_missing_or_unavailable
06037001571,Los Angeles County fallback SVI tract 1571,6828,37.86,14.1,3.2,23.1,6.6,34.31846899999999,-117.88918699999999,LA County / CDC SVI style,simulated_fallback_due_download_missing_or_unavailable
06037001572,Los Angeles County fallback SVI tract 1572,2642,55.31,30.4,2.1,6.5,17.1,34.487345,-118.703855,LA County / CDC SVI style,simulated_fallback_due_download_missing_or_unavailable
06037001573,Los Angeles County fallback SVI tract 1573,7187,62.81,27.9,10.6,22.0,7.5,33.725055999999995,-118.680264,LA County / CDC SVI style,simulated_fallback_due_download_missing_or_unavailable
06037001574,Los Angeles County fallback SVI tract 1574,1912,49.87,17.1,8.8,11.9,9.8,34.38417,-118.55474799999999,LA County / CDC SVI style,simulated_fallback_due_download_missing_or_unavailable
06037001575,Los Angeles County fallback SVI tract 1575,5371,56.42,8.3,14.9,14.8,17.5,33.510992,-118.251243,LA County / CDC SVI style,simulated_fallback_due_download_missing_or_unavailable
06037001576,Los Angeles County fallback SVI tract 1576,2803,54.64,19.2,7.2,17.5,17.4,34.182428,-117.85890500000001,LA County / CDC SVI style,simulated_fallback_due_download_missing_or_unavailable
06037001577,Los Angeles County fallback SVI tract 1577,6710,44.77,20.7,4.9,14.7,18.5,34.676218999999996,-118.486554,LA County / CDC SVI style,simulated_fallback_due_download_missing_or_unavailable
06037001578,Los Angeles County fallback SVI tract 1578,993,29.97,6.9,3.4,5.0,21.7,34.76109,-117.655306,LA County / CDC SVI style,simulated_fallback_due_download_missing_or_unavailable
06037001579,Los Angeles County fallback SVI tract 1579,2967,51.47,15.7,13.1,17.7,16.4,32.925404,-118.413917,LA County / CDC SVI style,simulated_fallback_due_download_missing_or_unavailable
06037001580,Los Angeles County fallback SVI tract 1580,2986,54.74,29.7,10.6,20.3,5.9,33.076456,-118.85627099999999,LA County / CDC SVI style,simulated_fallback_due_download_missing_or_unavailable
06037001581,Los Angeles County fallback SVI tract 1581,3711,71.58,31.6,15.4,16.1,10.4,33.174538,-118.323173,LA County / CDC SVI style,simulated_fallback_due_download_missing_or_unavailable
06037001582,Los Angeles County fallback SVI tract 1582,1168,61.03,8.7,15.3,21.3,11.3,33.601563,-117.65929000000001,LA County / CDC SVI style,simulated_fallback_due_download_missing_or_unavailable
06037001583,Los Angeles County fallback SVI tract 1583,4712,35.09,15.1,2.3,6.3,15.8,34.080371,-118.76042,LA County / CDC SVI style,simulated_fallback_due_download_missing_or_unavailable
06037001584,Los Angeles County fallback SVI tract 1584,4561,73.33,24.7,15.7,21.5,19.3,34.618610000000004,-118.189948,LA County / CDC SVI style,simulated_fallback_due_download_missing_or_unavailable
06037001585,Los Angeles County fallback SVI tract 1585,6701,62.23,19.2,14.5,15.0,8.0,33.598633,-118.12308399999999,LA County / CDC SVI style,simulated_fallback_due_download_missing_or_unavailable
06037001586,Los Angeles County fallback SVI tract 1586,1944,47.78,17.4,14.4,9.4,14.9,34.816568000000004,-117.724228,LA County / CDC SVI style,simulated_fallback_due_download_missing_or_unavailable
06037001587,Los Angeles County fallback SVI tract 1587,7139,51.46,27.2,2.4,23.3,16.8,34.669405,-118.264542,LA County / CDC SVI style,simulated_fallback_due_download_missing_or_unavailable
06037001588,Los Angeles County fallback SVI tract 1588,5259,60.9,25.8,3.8,19.3,18.0,34.191461,-117.964471,LA County / CDC SVI style,simulated_fallback_due_download_missing_or_unavailable
06037001589,Los Angeles County fallback SVI tract 1589,1682,62.74,18.2,6.8,22.2,19.3,33.679381,-117.73073,LA County / CDC SVI style,simulated_fallback_due_download_missing_or_unavailable
06037001590,Los Angeles County fallback SVI tract 1590,6917,67.22,26.5,11.3,9.3,17.0,34.333184,-117.773099,LA County / CDC SVI style,simulated_fallback_due_download_missing_or_unavailable
06037001591,Los Angeles County fallback SVI tract 1591,6282,39.52,19.4,2.2,20.1,13.3,34.610968,-118.88345,LA County / CDC SVI style,simulated_fallback_due_download_missing_or_unavailable
06037001592,Los Angeles County fallback SVI tract 1592,2902,63.84,31.7,5.1,20.3,7.0,34.762036,-118.13303499999999,LA County / CDC SVI style,simulated_fallback_due_download_missing_or_unavailable
06037001593,Los Angeles County fallback SVI tract 1593,3420,55.01,13.6,9.2,14.4,14.4,33.61143,-118.16798200000001,LA County / CDC SVI style,simulated_fallback_due_download_missing_or_unavailable
06037001594,Los Angeles County fallback SVI tract 1594,5057,55.35,5.3,11.0,16.8,19.3,33.95188,-118.890548,LA County / CDC SVI style,simulated_fallback_due_download_missing_or_unavailable
06037001595,Los Angeles County fallback SVI tract 1595,6042,50.55,21.6,2.3,22.1,5.4,33.681309,-118.588447,LA County / CDC SVI style,simulated_fallback_due_download_missing_or_unavailable
06037001596,Los Angeles County fallback SVI tract 1596,6186,25.33,6.1,2.3,6.0,19.8,34.663981,-117.701926,LA County / CDC SVI style,simulated_fallback_due_download_missing_or_unavailable
06037001597,Los Angeles County fallback SVI tract 1597,3950,69.27,31.2,12.7,22.8,15.6,33.969859,-118.57520400000001,LA County / CDC SVI style,simulated_fallback_due_download_missing_or_unavailable
06037001598,Los Angeles County fallback SVI tract 1598,5694,19.71,7.3,6.2,10.9,4.3,33.443697,-118.18463499999999,LA County / CDC SVI style,simulated_fallback_due_download_missing_or_unavailable
06037001599,Los Angeles County fallback SVI tract 1599,4980,55.28,23.4,6.0,9.7,15.9,33.99023,-118.07107,LA County / CDC SVI style,simulated_fallback_due_download_missing_or_unavailable
06037001600,Los Angeles County fallback SVI tract 1600,1028,49.09,14.4,2.3,21.6,13.7,33.499405,-118.76372900000001,LA County / CDC SVI style,simulated_fallback_due_download_missing_or_unavailable
06037001601,Los Angeles County fallback SVI tract 1601,6814,60.66,23.4,15.0,21.5,9.4,32.958408,-118.28099200000001,LA County / CDC SVI style,simulated_fallback_due_download_missing_or_unavailable
06037001602,Los Angeles County fallback SVI tract 1602,5001,71.11,35.6,7.1,22.7,10.8,34.805645,-118.218424,LA County / CDC SVI style,simulated_fallback_due_download_missing_or_unavailable
06037001603,Los Angeles County fallback SVI tract 1603,2814,32.74,5.4,2.5,14.9,15.8,34.686271999999995,-118.625216,LA County / CDC SVI style,simulated_fallback_due_download_missing_or_unavailable
06037001604,Los Angeles County fallback SVI tract 1604,6866,39.39,3.1,13.4,10.6,11.4,34.163678,-118.30813799999999,LA County / CDC SVI style,simulated_fallback_due_download_missing_or_unavailable
06037001605,Los Angeles County fallback SVI tract 1605,1275,65.8,28.8,9.4,19.2,14.3,32.96507999999999,-118.829115,LA County / CDC SVI style,simulated_fallback_due_download_missing_or_unavailable
06037001606,Los Angeles County fallback SVI tract 1606,5428,38.36,12.4,1.8,9.7,13.1,34.341429,-118.494489,LA County / CDC SVI style,simulated_fallback_due_download_missing_or_unavailable
06037001607,Los Angeles County fallback SVI tract 1607,5331,58.75,6.2,13.9,14.6,19.0,34.183966,-118.942995,LA County / CDC SVI style,simulated_fallback_due_download_missing_or_unavailable
06037001608,Los Angeles County fallback SVI tract 1608,3080,33.1,7.3,5.7,6.0,14.2,33.54616,-118.30073,LA County / CDC SVI style,simulated_fallback_due_download_missing_or_unavailable
06037001609,Los Angeles County fallback SVI tract 1609,3851,49.88,18.8,1.6,14.5,15.2,34.332015,-118.30183600000001,LA County / CDC SVI style,simulated_fallback_due_download_missing_or_unavailable
06037001610,Los Angeles County fallback SVI tract 1610,5201,50.88,32.1,7.0,7.5,16.3,33.622474000000004,-118.34039,LA County / CDC SVI style,simulated_fallback_due_download_missing_or_unavailable
06037001611,Los Angeles County fallback SVI tract 1611,4408,43.02,10.1,7.5,8.6,16.1,34.648929,-118.74930099999999,LA County / CDC SVI style,simulated_fallback_due_download_missing_or_unavailable
06037001612,Los Angeles County fallback SVI tract 1612,6075,31.76,23.0,1.8,11.6,9.2,34.630048,-117.930325,LA County / CDC SVI style,simulated_fallback_due_download_missing_or_unavailable
06037001613,Los Angeles County fallback SVI tract 1613,1279,27.86,6.3,12.1,8.2,6.2,34.704632999999994,-118.196147,LA County / CDC SVI style,simulated_fallback_due_download_missing_or_unavailable
06037001614,Los Angeles County fallback SVI tract 1614,2454,80.3,37.6,11.7,21.8,10.2,34.152892,-118.789085,LA County / CDC SVI style,simulated_fallback_due_download_missing_or_unavailable
06037001615,Los Angeles County fallback SVI tract 1615,6207,45.85,10.4,5.1,15.1,12.6,34.025807,-117.69980500000001,LA County / CDC SVI style,simulated_fallback_due_download_missing_or_unavailable
06037001616,Los Angeles County fallback SVI tract 1616,2383,52.25,24.8,7.0,14.9,16.6,34.710527,-118.24095499999999,LA County / CDC SVI style,simulated_fallback_due_download_missing_or_unavailable
06037001617,Los Angeles County fallback SVI tract 1617,1535,59.75,25.3,14.0,15.6,12.3,34.316914999999995,-118.505232,LA County / CDC SVI style,simulated_fallback_due_download_missing_or_unavailable
06037001618,Los Angeles County fallback SVI tract 1618,5906,34.37,12.2,12.1,7.2,8.8,33.055575999999995,-117.93117099999999,LA County / CDC SVI style,simulated_fallback_due_download_missing_or_unavailable
06037001619,Los Angeles County fallback SVI tract 1619,5393,66.77,24.1,10.4,8.8,21.2,33.093692999999995,-118.67362700000001,LA County / CDC SVI style,simulated_fallback_due_download_missing_or_unavailable
06037001620,Los Angeles County fallback SVI tract 1620,6846,59.43,31.2,4.3,22.7,15.9,33.207058,-118.779118,LA County / CDC SVI style,simulated_fallback_due_download_missing_or_unavailable
06037001621,Los Angeles County fallback SVI tract 1621,3830,61.25,13.1,10.3,19.7,16.8,34.502957,-117.89911,LA County / CDC SVI style,simulated_fallback_due_download_missing_or_unavailable
06037001622,Los Angeles County fallback SVI tract 1622,3391,57.43,36.0,2.3,18.6,19.3,34.575281000000004,-118.55375699999999,LA County / CDC SVI style,simulated_fallback_due_download_missing_or_unavailable
06037001623,Los Angeles County fallback SVI tract 1623,5617,46.81,23.3,13.4,13.2,5.2,32.987176999999996,-117.986743,LA County / CDC SVI style,simulated_fallback_due_download_missing_or_unavailable
06037001624,Los Angeles County fallback SVI tract 1624,2526,51.07,24.1,5.5,16.5,6.6,33.564082,-117.74622299999999,LA County / CDC SVI style,simulated_fallback_due_download_missing_or_unavailable
06037001625,Los Angeles County fallback SVI tract 1625,5165,60.48,31.1,10.1,17.6,4.3,33.011624,-118.399109,LA County / CDC SVI style,simulated_fallback_due_download_missing_or_unavailable
06037001626,Los Angeles County fallback SVI tract 1626,5409,77.1,19.8,14.8,23.2,20.7,33.22829599999999,-118.57530000000001,LA County / CDC SVI style,simulated_fallback_due_download_missing_or_unavailable
06037001627,Los Angeles County fallback SVI tract 1627,2876,55.22,9.8,14.8,16.4,12.6,34.208387,-118.47820300000001,LA County / CDC SVI style,simulated_fallback_due_download_missing_or_unavailable
06037001628,Los Angeles County fallback SVI tract 1628,2366,38.4,14.6,3.0,23.3,6.4,33.656855,-118.64374699999999,LA County / CDC SVI style,simulated_fallback_due_download_missing_or_unavailable
06037001629,Los Angeles County fallback SVI tract 1629,4351,53.2,8.0,10.2,22.4,12.4,33.351872,-118.804473,LA County / CDC SVI style,simulated_fallback_due_download_missing_or_unavailable
06037001630,Los Angeles County fallback SVI tract 1630,5435,49.24,21.7,8.1,13.2,17.7,33.165989,-118.704853,LA County / CDC SVI style,simulated_fallback_due_download_missing_or_unavailable
06037001631,Los Angeles County fallback SVI tract 1631,3867,53.76,10.5,8.7,19.2,15.0,33.908229999999996,-118.68894499999999,LA County / CDC SVI style,simulated_fallback_due_download_missing_or_unavailable
06037001632,Los Angeles County fallback SVI tract 1632,6727,50.88,31.8,6.5,8.1,7.1,33.62646599999999,-118.62339999999999,LA County / CDC SVI style,simulated_fallback_due_download_missing_or_unavailable
06037001633,Los Angeles County fallback SVI tract 1633,2298,37.74,11.0,6.3,12.5,9.8,34.80654499999999,-118.06900399999999,LA County / CDC SVI style,simulated_fallback_due_download_missing_or_unavailable
06037001634,Los Angeles County fallback SVI tract 1634,6992,46.29,17.7,11.1,17.7,5.9,33.549338,-118.31763799999999,LA County / CDC SVI style,simulated_fallback_due_download_missing_or_unavailable
06037001635,Los Angeles County fallback SVI tract 1635,3810,33.82,16.2,5.9,9.2,7.1,33.670262,-118.84692399999999,LA County / CDC SVI style,simulated_fallback_due_download_missing_or_unavailable
06037001636,Los Angeles County fallback SVI tract 1636,5482,51.81,13.6,12.4,20.5,8.0,33.487264,-117.840631,LA County / CDC SVI style,simulated_fallback_due_download_missing_or_unavailable
06037001637,Los Angeles County fallback SVI tract 1637,1273,74.01,36.2,7.4,14.1,17.2,34.388864,-118.71221700000001,LA County / CDC SVI style,simulated_fallback_due_download_missing_or_unavailable
06037001638,Los Angeles County fallback SVI tract 1638,1501,80.41,31.3,13.7,22.0,21.3,33.22342199999999,-118.602348,LA County / CDC SVI style,simulated_fallback_due_download_missing_or_unavailable
06037001639,Los Angeles County fallback SVI tract 1639,6686,51.18,21.8,8.5,20.7,11.3,34.749041,-118.06235,LA County / CDC SVI style,simulated_fallback_due_download_missing_or_unavailable
06037001640,Los Angeles County fallback SVI tract 1640,7126,55.38,35.9,5.3,11.5,12.7,34.237172,-118.264868,LA County / CDC SVI style,simulated_fallback_due_download_missing_or_unavailable
06037001641,Los Angeles County fallback SVI tract 1641,1231,75.43,34.6,15.9,24.0,11.0,33.94375,-117.734806,LA County / CDC SVI style,simulated_fallback_due_download_missing_or_unavailable
06037001642,Los Angeles County fallback SVI tract 1642,3968,70.37,25.6,9.9,21.8,21.6,34.147349,-118.52660900000001,LA County / CDC SVI style,simulated_fallback_due_download_missing_or_unavailable
06037001643,Los Angeles County fallback SVI tract 1643,3380,43.97,9.5,4.9,14.2,12.0,33.21785199999999,-118.524282,LA County / CDC SVI style,simulated_fallback_due_download_missing_or_unavailable
06037001644,Los Angeles County fallback SVI tract 1644,1669,35.67,19.0,2.1,10.1,7.1,34.42535,-118.02068100000001,LA County / CDC SVI style,simulated_fallback_due_download_missing_or_unavailable
06037001645,Los Angeles County fallback SVI tract 1645,4731,46.75,35.9,6.0,5.4,11.8,33.31860399999999,-118.18594700000001,LA County / CDC SVI style,simulated_fallback_due_download_missing_or_unavailable
06037001646,Los Angeles County fallback SVI tract 1646,7190,43.84,24.7,6.2,6.9,16.7,33.653292,-118.579945,LA County / CDC SVI style,simulated_fallback_due_download_missing_or_unavailable
06037001647,Los Angeles County fallback SVI tract 1647,3709,29.19,8.8,6.1,13.5,9.4,33.95864099999999,-117.78183999999999,LA County / CDC SVI style,simulated_fallback_due_download_missing_or_unavailable
06037001648,Los Angeles County fallback SVI tract 1648,6289,31.78,14.4,3.0,11.2,8.9,33.008867,-118.430835,LA County / CDC SVI style,simulated_fallback_due_download_missing_or_unavailable
06037001649,Los Angeles County fallback SVI tract 1649,4368,67.64,35.0,10.2,22.6,7.2,34.259386,-118.89237800000001,LA County / CDC SVI style,simulated_fallback_due_download_missing_or_unavailable
06037001650,Los Angeles County fallback SVI tract 1650,7189,38.49,15.6,8.3,11.8,11.2,34.40417,-118.46952200000001,LA County / CDC SVI style,simulated_fallback_due_download_missing_or_unavailable
06037001651,Los Angeles County fallback SVI tract 1651,3734,57.59,28.4,4.5,13.2,13.0,34.28592199999999,-118.302746,LA County / CDC SVI style,simulated_fallback_due_download_missing_or_unavailable
06037001652,Los Angeles County fallback SVI tract 1652,980,42.61,20.7,2.8,8.7,15.3,33.580029,-118.93876399999999,LA County / CDC SVI style,simulated_fallback_due_download_missing_or_unavailable
06037001653,Los Angeles County fallback SVI tract 1653,5722,62.91,30.2,11.6,12.8,4.9,34.733302,-118.258385,LA County / CDC SVI style,simulated_fallback_due_download_missing_or_unavailable
06037001654,Los Angeles County fallback SVI tract 1654,1948,56.96,31.8,3.5,11.5,21.3,33.152369,-118.775714,LA County / CDC SVI style,simulated_fallback_due_download_missing_or_unavailable
06037001655,Los Angeles County fallback SVI tract 1655,1357,59.73,14.3,13.1,19.0,14.5,33.051871,-118.87758899999999,LA County / CDC SVI style,simulated_fallback_due_download_missing_or_unavailable
06037001656,Los Angeles County fallback SVI tract 1656,6286,58.92,16.1,14.5,18.3,8.0,33.187733,-118.399,LA County / CDC SVI style,simulated_fallback_due_download_missing_or_unavailable
06037001657,Los Angeles County fallback SVI tract 1657,3724,73.77,33.6,14.9,11.5,10.1,34.544232,-117.875478,LA County / CDC SVI style,simulated_fallback_due_download_missing_or_unavailable
06037001658,Los Angeles County fallback SVI tract 1658,863,57.67,26.0,7.6,12.5,12.5,32.925408,-118.27751799999999,LA County / CDC SVI style,simulated_fallback_due_download_missing_or_unavailable
06037001659,Los Angeles County fallback SVI tract 1659,1930,63.85,31.6,5.4,22.1,19.6,34.752779,-118.007502,LA County / CDC SVI style,simulated_fallback_due_download_missing_or_unavailable
06037001660,Los Angeles County fallback SVI tract 1660,2535,57.91,17.9,10.8,16.0,14.5,34.119339000000004,-117.996772,LA County / CDC SVI style,simulated_fallback_due_download_missing_or_unavailable
06037001661,Los Angeles County fallback SVI tract 1661,2596,39.77,4.6,13.6,21.3,4.6,33.798547,-118.68725400000001,LA County / CDC SVI style,simulated_fallback_due_download_missing_or_unavailable
06037001662,Los Angeles County fallback SVI tract 1662,2143,47.35,31.3,5.8,12.7,9.9,33.689977,-118.204375,LA County / CDC SVI style,simulated_fallback_due_download_missing_or_unavailable
06037001663,Los Angeles County fallback SVI tract 1663,4977,50.98,16.3,15.3,22.3,4.2,34.657553,-118.225793,LA County / CDC SVI style,simulated_fallback_due_download_missing_or_unavailable
06037001664,Los Angeles County fallback SVI tract 1664,1344,56.62,19.5,13.1,20.7,6.5,33.482018000000004,-118.06774800000001,LA County / CDC SVI style,simulated_fallback_due_download_missing_or_unavailable
06037001665,Los Angeles County fallback SVI tract 1665,5665,57.11,30.6,3.0,22.2,14.3,33.324124,-118.806061,LA County / CDC SVI style,simulated_fallback_due_download_missing_or_unavailable
06037001666,Los Angeles County fallback SVI tract 1666,4934,60.77,37.0,2.2,19.7,7.7,34.674953,-117.80848900000001,LA County / CDC SVI style,simulated_fallback_due_download_missing_or_unavailable
06037001667,Los Angeles County fallback SVI tract 1667,1514,55.03,9.2,12.2,13.8,14.3,33.711608,-117.847813,LA County / CDC SVI style,simulated_fallback_due_download_missing_or_unavailable
06037001668,Los Angeles County fallback SVI tract 1668,6267,70.55,35.5,3.1,22.7,19.0,32.894853,-117.879684,LA County / CDC SVI style,simulated_fallback_due_download_missing_or_unavailable
06037001669,Los Angeles County fallback SVI tract 1669,6320,72.91,32.0,11.0,13.8,18.6,33.889618,-117.965301,LA County / CDC SVI style,simulated_fallback_due_download_missing_or_unavailable
06037001670,Los Angeles County fallback SVI tract 1670,3755,67.06,37.2,14.2,5.4,15.8,34.240969,-117.756323,LA County / CDC SVI style,simulated_fallback_due_download_missing_or_unavailable
06037001671,Los Angeles County fallback SVI tract 1671,6774,57.73,35.4,8.9,6.5,14.0,32.772464,-117.949758,LA County / CDC SVI style,simulated_fallback_due_download_missing_or_unavailable
06037001672,Los Angeles County fallback SVI tract 1672,2434,44.24,7.6,15.6,22.2,4.9,33.561975000000004,-117.898043,LA County / CDC SVI style,simulated_fallback_due_download_missing_or_unavailable
06037001673,Los Angeles County fallback SVI tract 1673,3793,59.76,28.0,13.2,15.3,4.8,34.248406,-118.21464700000001,LA County / CDC SVI style,simulated_fallback_due_download_missing_or_unavailable
06037001674,Los Angeles County fallback SVI tract 1674,2674,63.1,36.4,14.9,7.4,11.0,33.176812,-118.73597199999999,LA County / CDC SVI style,simulated_fallback_due_download_missing_or_unavailable
06037001675,Los Angeles County fallback SVI tract 1675,917,62.49,22.4,15.7,23.8,8.8,33.741138,-118.342356,LA County / CDC SVI style,simulated_fallback_due_download_missing_or_unavailable
06037001676,Los Angeles County fallback SVI tract 1676,2595,27.4,3.2,2.8,22.3,5.2,33.494597999999996,-118.372983,LA County / CDC SVI style,simulated_fallback_due_download_missing_or_unavailable
06037001677,Los Angeles County fallback SVI tract 1677,4438,50.42,18.3,12.1,13.8,11.3,33.375223999999996,-117.94139,LA County / CDC SVI style,simulated_fallback_due_download_missing_or_unavailable
06037001678,Los Angeles County fallback SVI tract 1678,3093,51.67,14.0,11.7,13.2,19.5,34.413402,-117.85699500000001,LA County / CDC SVI style,simulated_fallback_due_download_missing_or_unavailable
06037001679,Los Angeles County fallback SVI tract 1679,2370,46.18,8.9,10.7,16.7,19.1,34.634713999999995,-118.71026199999999,LA County / CDC SVI style,simulated_fallback_due_download_missing_or_unavailable
06037001680,Los Angeles County fallback SVI tract 1680,4727,48.0,9.6,5.8,21.7,16.9,33.063298999999994,-117.993907,LA County / CDC SVI style,simulated_fallback_due_download_missing_or_unavailable
06037001681,Los Angeles County fallback SVI tract 1681,5936,60.35,32.2,12.8,6.4,16.3,34.739360999999995,-117.74922899999999,LA County / CDC SVI style,simulated_fallback_due_download_missing_or_unavailable
06037001682,Los Angeles County fallback SVI tract 1682,3399,63.84,34.2,10.5,8.5,17.8,32.899532,-118.56500799999999,LA County / CDC SVI style,simulated_fallback_due_download_missing_or_unavailable
06037001683,Los Angeles County fallback SVI tract 1683,6795,45.28,32.3,8.9,8.3,6.7,33.391876,-118.407565,LA County / CDC SVI style,simulated_fallback_due_download_missing_or_unavailable
06037001684,Los Angeles County fallback SVI tract 1684,2365,60.54,30.7,9.2,10.3,13.5,33.09242,-118.69585099999999,LA County / CDC SVI style,simulated_fallback_due_download_missing_or_unavailable
06037001685,Los Angeles County fallback SVI tract 1685,5894,64.35,25.3,15.6,19.3,12.3,34.140539000000004,-118.14154799999999,LA County / CDC SVI style,simulated_fallback_due_download_missing_or_unavailable
06037001686,Los Angeles County fallback SVI tract 1686,1377,53.81,31.7,3.4,13.5,16.4,33.377853,-118.558581,LA County / CDC SVI style,simulated_fallback_due_download_missing_or_unavailable
06037001687,Los Angeles County fallback SVI tract 1687,7157,53.58,13.4,11.6,18.0,10.8,34.113687,-118.28769500000001,LA County / CDC SVI style,simulated_fallback_due_download_missing_or_unavailable
06037001688,Los Angeles County fallback SVI tract 1688,6533,51.46,32.7,3.3,20.3,7.9,34.18630699999999,-117.68648699999999,LA County / CDC SVI style,simulated_fallback_due_download_missing_or_unavailable
06037001689,Los Angeles County fallback SVI tract 1689,2893,55.01,23.1,13.7,7.1,15.5,33.154236,-118.704298,LA County / CDC SVI style,simulated_fallback_due_download_missing_or_unavailable
06037001690,Los Angeles County fallback SVI tract 1690,5229,35.92,5.0,6.4,17.4,4.4,33.21797299999999,-118.108997,LA County / CDC SVI style,simulated_fallback_due_download_missing_or_unavailable
06037001691,Los Angeles County fallback SVI tract 1691,5023,32.47,5.5,2.5,18.5,14.6,33.631031,-118.23606,LA County / CDC SVI style,simulated_fallback_due_download_missing_or_unavailable
06037001692,Los Angeles County fallback SVI tract 1692,5183,54.04,17.2,9.8,15.3,20.4,34.649445,-118.70421400000001,LA County / CDC SVI style,simulated_fallback_due_download_missing_or_unavailable
06037001693,Los Angeles County fallback SVI tract 1693,4816,42.03,9.4,13.7,8.7,7.1,33.532191,-117.862605,LA County / CDC SVI style,simulated_fallback_due_download_missing_or_unavailable
06037001694,Los Angeles County fallback SVI tract 1694,2319,42.59,5.9,10.3,15.3,12.4,34.567596,-117.89512400000001,LA County / CDC SVI style,simulated_fallback_due_download_missing_or_unavailable
06037001695,Los Angeles County fallback SVI tract 1695,6251,55.53,33.6,2.6,16.5,14.0,33.38424199999999,-118.679754,LA County / CDC SVI style,simulated_fallback_due_download_missing_or_unavailable
06037001696,Los Angeles County fallback SVI tract 1696,1404,51.89,34.7,5.8,5.9,15.4,32.75888199999999,-117.835274,LA County / CDC SVI style,simulated_fallback_due_download_missing_or_unavailable
06037001697,Los Angeles County fallback SVI tract 1697,4290,53.41,5.1,9.9,20.8,15.3,33.3504,-118.497796,LA County / CDC SVI style,simulated_fallback_due_download_missing_or_unavailable
06037001698,Los Angeles County fallback SVI tract 1698,2465,43.27,8.2,6.6,11.2,18.4,34.06040899999999,-117.654962,LA County / CDC SVI style,simulated_fallback_due_download_missing_or_unavailable
06037001699,Los Angeles County fallback SVI tract 1699,1381,65.06,19.0,14.6,12.3,18.4,32.836741,-118.54928199999999,LA County / CDC SVI style,simulated_fallback_due_download_missing_or_unavailable
06037001700,Los Angeles County fallback SVI tract 1700,1717,32.62,4.4,3.1,23.4,10.3,33.698102999999996,-118.66986499999999,LA County / CDC SVI style,simulated_fallback_due_download_missing_or_unavailable
06037001701,Los Angeles County fallback SVI tract 1701,5103,60.13,32.4,6.9,16.2,12.3,32.933625,-117.670898,LA County / CDC SVI style,simulated_fallback_due_download_missing_or_unavailable
06037001702,Los Angeles County fallback SVI tract 1702,5168,53.44,18.8,9.6,18.9,16.2,33.983380000000004,-118.32867099999999,LA County / CDC SVI style,simulated_fallback_due_download_missing_or_unavailable
06037001703,Los Angeles County fallback SVI tract 1703,5022,67.37,30.7,15.6,10.8,20.4,33.838622,-118.05257099999999,LA County / CDC SVI style,simulated_fallback_due_download_missing_or_unavailable
06037001704,Los Angeles County fallback SVI tract 1704,4759,55.07,30.3,11.5,7.2,10.5,33.057646999999996,-118.892938,LA County / CDC SVI style,simulated_fallback_due_download_missing_or_unavailable
06037001705,Los Angeles County fallback SVI tract 1705,1218,60.6,30.6,2.3,19.1,10.5,34.042171999999994,-118.768147,LA County / CDC SVI style,simulated_fallback_due_download_missing_or_unavailable
06037001706,Los Angeles County fallback SVI tract 1706,5345,40.46,8.2,8.1,11.4,13.7,34.021541,-118.910772,LA County / CDC SVI style,simulated_fallback_due_download_missing_or_unavailable
06037001707,Los Angeles County fallback SVI tract 1707,6945,58.35,16.6,14.2,15.7,14.4,32.84426,-118.464457,LA County / CDC SVI style,simulated_fallback_due_download_missing_or_unavailable
06037001708,Los Angeles County fallback SVI tract 1708,3920,51.72,21.7,5.9,6.4,18.4,34.631989,-117.782224,LA County / CDC SVI style,simulated_fallback_due_download_missing_or_unavailable
06037001709,Los Angeles County fallback SVI tract 1709,5987,43.17,22.1,3.1,17.3,4.7,34.428715000000004,-118.736644,LA County / CDC SVI style,simulated_fallback_due_download_missing_or_unavailable
06037001710,Los Angeles County fallback SVI tract 1710,7101,42.23,10.6,10.2,16.8,4.6,34.338946,-117.783962,LA County / CDC SVI style,simulated_fallback_due_download_missing_or_unavailable
06037001711,Los Angeles County fallback SVI tract 1711,5748,42.12,12.4,9.6,6.4,16.2,34.181287999999995,-118.30163,LA County / CDC SVI style,simulated_fallback_due_download_missing_or_unavailable
06037001712,Los Angeles County fallback SVI tract 1712,1066,53.44,12.1,2.9,21.1,19.2,33.197976,-117.91548499999999,LA County / CDC SVI style,simulated_fallback_due_download_missing_or_unavailable
06037001713,Los Angeles County fallback SVI tract 1713,4278,66.87,31.5,5.6,19.6,17.9,33.021641,-118.784367,LA County / CDC SVI style,simulated_fallback_due_download_missing_or_unavailable
06037001714,Los Angeles County fallback SVI tract 1714,3406,55.37,15.2,14.7,13.9,5.8,33.940668,-117.964262,LA County / CDC SVI style,simulated_fallback_due_download_missing_or_unavailable
06037001715,Los Angeles County fallback SVI tract 1715,1205,53.57,14.8,9.7,23.2,17.3,33.995146999999996,-118.76278099999999,LA County / CDC SVI style,simulated_fallback_due_download_missing_or_unavailable
06037001716,Los Angeles County fallback SVI tract 1716,4048,46.24,22.8,3.8,10.8,8.1,32.817853,-118.49003,LA County / CDC SVI style,simulated_fallback_due_download_missing_or_unavailable
06037001717,Los Angeles County fallback SVI tract 1717,4758,55.12,34.0,1.7,16.7,13.1,34.354783999999995,-118.026532,LA County / CDC SVI style,simulated_fallback_due_download_missing_or_unavailable
06037001718,Los Angeles County fallback SVI tract 1718,1331,61.1,29.1,4.5,16.9,21.5,33.998077,-117.783665,LA County / CDC SVI style,simulated_fallback_due_download_missing_or_unavailable
06037001719,Los Angeles County fallback SVI tract 1719,2539,66.68,24.8,15.7,19.0,6.9,33.633282,-118.362201,LA County / CDC SVI style,simulated_fallback_due_download_missing_or_unavailable
06037001720,Los Angeles County fallback SVI tract 1720,1644,61.45,27.2,10.6,6.4,15.2,33.718994,-118.41226099999999,LA County / CDC SVI style,simulated_fallback_due_download_missing_or_unavailable
06037001721,Los Angeles County fallback SVI tract 1721,4579,68.49,20.8,14.2,20.6,12.7,33.323469,-117.66755900000001,LA County / CDC SVI style,simulated_fallback_due_download_missing_or_unavailable
06037001722,Los Angeles County fallback SVI tract 1722,6165,30.35,12.1,3.8,6.6,5.1,33.493193,-118.508393,LA County / CDC SVI style,simulated_fallback_due_download_missing_or_unavailable
06037001723,Los Angeles County fallback SVI tract 1723,2322,53.79,22.6,11.3,14.6,10.7,34.123681,-118.137086,LA County / CDC SVI style,simulated_fallback_due_download_missing_or_unavailable
06037001724,Los Angeles County fallback SVI tract 1724,5670,47.86,6.9,8.0,19.7,10.4,33.371565999999994,-118.93170799999999,LA County / CDC SVI style,simulated_fallback_due_download_missing_or_unavailable
06037001725,Los Angeles County fallback SVI tract 1725,3144,67.36,26.3,9.2,20.3,15.2,33.219255999999994,-117.95296699999999,LA County / CDC SVI style,simulated_fallback_due_download_missing_or_unavailable
06037001726,Los Angeles County fallback SVI tract 1726,3147,64.49,37.1,11.2,13.2,7.5,33.791979,-118.569056,LA County / CDC SVI style,simulated_fallback_due_download_missing_or_unavailable
06037001727,Los Angeles County fallback SVI tract 1727,1577,30.35,13.1,7.6,10.6,7.4,33.779858000000004,-118.253196,LA County / CDC SVI style,simulated_fallback_due_download_missing_or_unavailable
06037001728,Los Angeles County fallback SVI tract 1728,6670,31.71,3.3,3.9,14.3,8.0,34.240525000000005,-117.872269,LA County / CDC SVI style,simulated_fallback_due_download_missing_or_unavailable
06037001729,Los Angeles County fallback SVI tract 1729,2439,67.72,34.5,9.9,6.6,15.3,34.004771999999996,-118.81922,LA County / CDC SVI style,simulated_fallback_due_download_missing_or_unavailable
06037001730,Los Angeles County fallback SVI tract 1730,5330,58.45,25.3,13.9,22.9,5.4,32.859444999999994,-117.81925799999999,LA County / CDC SVI style,simulated_fallback_due_download_missing_or_unavailable
06037001731,Los Angeles County fallback SVI tract 1731,2319,48.07,5.7,12.6,22.2,16.8,32.757976,-117.703483,LA County / CDC SVI style,simulated_fallback_due_download_missing_or_unavailable
06037001732,Los Angeles County fallback SVI tract 1732,2590,53.51,37.7,5.6,17.3,8.1,33.982234,-117.82511199999999,LA County / CDC SVI style,simulated_fallback_due_download_missing_or_unavailable
06037001733,Los Angeles County fallback SVI tract 1733,5906,41.31,3.9,12.3,14.3,13.2,33.336258,-118.23875100000001,LA County / CDC SVI style,simulated_fallback_due_download_missing_or_unavailable
06037001734,Los Angeles County fallback SVI tract 1734,2944,60.05,34.4,9.8,16.2,9.4,33.417343,-118.325044,LA County / CDC SVI style,simulated_fallback_due_download_missing_or_unavailable
06037001735,Los Angeles County fallback SVI tract 1735,4172,28.51,7.7,4.3,12.8,9.2,34.457187,-118.13416500000001,LA County / CDC SVI style,simulated_fallback_due_download_missing_or_unavailable
06037001736,Los Angeles County fallback SVI tract 1736,7158,65.92,31.6,8.9,14.8,19.1,34.162922,-117.921365,LA County / CDC SVI style,simulated_fallback_due_download_missing_or_unavailable
06037001737,Los Angeles County fallback SVI tract 1737,1409,39.71,7.8,13.0,11.1,6.3,33.418873,-118.007187,LA County / CDC SVI style,simulated_fallback_due_download_missing_or_unavailable
06037001738,Los Angeles County fallback SVI tract 1738,7188,69.24,36.8,8.7,12.5,17.4,34.34045,-117.87063900000001,LA County / CDC SVI style,simulated_fallback_due_download_missing_or_unavailable
06037001739,Los Angeles County fallback SVI tract 1739,4062,43.47,13.3,12.6,6.1,21.1,34.271083,-118.370842,LA County / CDC SVI style,simulated_fallback_due_download_missing_or_unavailable
06037001740,Los Angeles County fallback SVI tract 1740,877,49.87,6.3,14.8,9.6,12.5,34.036537,-118.943606,LA County / CDC SVI style,simulated_fallback_due_download_missing_or_unavailable
06037001741,Los Angeles County fallback SVI tract 1741,5651,46.16,12.8,14.3,7.3,19.5,33.943926,-118.211871,LA County / CDC SVI style,simulated_fallback_due_download_missing_or_unavailable
06037001742,Los Angeles County fallback SVI tract 1742,4885,50.92,23.0,9.8,7.2,13.2,33.72587,-118.793201,LA County / CDC SVI style,simulated_fallback_due_download_missing_or_unavailable
06037001743,Los Angeles County fallback SVI tract 1743,3454,68.6,36.0,9.2,13.7,9.1,33.665873999999995,-118.273253,LA County / CDC SVI style,simulated_fallback_due_download_missing_or_unavailable
06037001744,Los Angeles County fallback SVI tract 1744,6277,40.44,4.0,10.2,9.5,11.8,33.969418,-117.65384200000001,LA County / CDC SVI style,simulated_fallback_due_download_missing_or_unavailable
06037001745,Los Angeles County fallback SVI tract 1745,6073,67.07,33.6,10.6,5.3,14.8,33.279765,-118.35185100000001,LA County / CDC SVI style,simulated_fallback_due_download_missing_or_unavailable
06037001746,Los Angeles County fallback SVI tract 1746,2341,36.47,8.1,12.0,10.0,13.6,33.527327,-118.67880299999999,LA County / CDC SVI style,simulated_fallback_due_download_missing_or_unavailable
06037001747,Los Angeles County fallback SVI tract 1747,5003,44.75,11.9,10.1,22.9,8.4,34.306574,-118.13267699999999,LA County / CDC SVI style,simulated_fallback_due_download_missing_or_unavailable
06037001748,Los Angeles County fallback SVI tract 1748,6958,33.79,17.0,2.6,6.3,13.0,34.127838,-118.402892,LA County / CDC SVI style,simulated_fallback_due_download_missing_or_unavailable
06037001749,Los Angeles County fallback SVI tract 1749,4172,39.45,16.6,11.2,11.5,5.6,34.266144,-118.922898,LA County / CDC SVI style,simulated_fallback_due_download_missing_or_unavailable
06037001750,Los Angeles County fallback SVI tract 1750,5284,55.31,25.5,11.8,8.4,13.9,34.696808999999995,-117.969919,LA County / CDC SVI style,simulated_fallback_due_download_missing_or_unavailable
06037001751,Los Angeles County fallback SVI tract 1751,4481,66.26,37.3,5.6,17.5,15.9,33.103094999999996,-117.79016999999999,LA County / CDC SVI style,simulated_fallback_due_download_missing_or_unavailable
06037001752,Los Angeles County fallback SVI tract 1752,1986,29.89,21.5,3.1,10.7,6.4,34.605134,-118.169328,LA County / CDC SVI style,simulated_fallback_due_download_missing_or_unavailable
06037001753,Los Angeles County fallback SVI tract 1753,5455,69.05,35.0,9.5,17.4,7.2,34.388541999999994,-117.98724899999999,LA County / CDC SVI style,simulated_fallback_due_download_missing_or_unavailable
06037001754,Los Angeles County fallback SVI tract 1754,1881,63.93,25.3,9.2,21.5,10.9,34.742313,-118.657125,LA County / CDC SVI style,simulated_fallback_due_download_missing_or_unavailable
06037001755,Los Angeles County fallback SVI tract 1755,6499,64.35,20.5,15.0,23.1,4.8,33.948539000000004,-118.086618,LA County / CDC SVI style,simulated_fallback_due_download_missing_or_unavailable
06037001756,Los Angeles County fallback SVI tract 1756,4247,44.79,4.4,5.4,20.5,17.7,33.134943,-118.01455700000001,LA County / CDC SVI style,simulated_fallback_due_download_missing_or_unavailable
06037001757,Los Angeles County fallback SVI tract 1757,4846,47.82,25.4,8.5,10.7,16.3,34.778710000000004,-117.78120799999999,LA County / CDC SVI style,simulated_fallback_due_download_missing_or_unavailable
06037001758,Los Angeles County fallback SVI tract 1758,4403,67.58,33.9,9.4,13.9,11.9,33.91473799999999,-118.77584999999999,LA County / CDC SVI style,simulated_fallback_due_download_missing_or_unavailable
06037001759,Los Angeles County fallback SVI tract 1759,2917,28.13,4.1,3.2,10.5,18.6,34.68263,-117.86980799999999,LA County / CDC SVI style,simulated_fallback_due_download_missing_or_unavailable
06037001760,Los Angeles County fallback SVI tract 1760,5271,36.82,12.6,13.0,12.3,5.3,33.816954,-118.77841799999999,LA County / CDC SVI style,simulated_fallback_due_download_missing_or_unavailable
06037001761,Los Angeles County fallback SVI tract 1761,1681,62.39,36.1,6.8,17.3,5.0,34.306326,-118.62507699999999,LA County / CDC SVI style,simulated_fallback_due_download_missing_or_unavailable
06037001762,Los Angeles County fallback SVI tract 1762,2783,42.75,10.1,5.1,8.0,19.8,34.607001000000004,-118.798162,LA County / CDC SVI style,simulated_fallback_due_download_missing_or_unavailable
06037001763,Los Angeles County fallback SVI tract 1763,1416,45.0,11.5,9.9,9.8,11.3,34.011749,-118.12353700000001,LA County / CDC SVI style,simulated_fallback_due_download_missing_or_unavailable
06037001764,Los Angeles County fallback SVI tract 1764,5968,43.56,5.3,10.2,19.7,16.6,33.377928,-118.42968,LA County / CDC SVI style,simulated_fallback_due_download_missing_or_unavailable
06037001765,Los Angeles County fallback SVI tract 1765,4026,59.29,29.1,14.6,7.6,12.5,34.743165999999995,-118.374711,LA County / CDC SVI style,simulated_fallback_due_download_missing_or_unavailable
06037001766,Los Angeles County fallback SVI tract 1766,3642,49.08,21.0,3.5,18.9,17.8,34.131102,-118.758316,LA County / CDC SVI style,simulated_fallback_due_download_missing_or_unavailable
06037001767,Los Angeles County fallback SVI tract 1767,7167,32.61,4.6,9.5,8.0,11.3,34.347337,-118.44454900000001,LA County / CDC SVI style,simulated_fallback_due_download_missing_or_unavailable
06037001768,Los Angeles County fallback SVI tract 1768,1608,57.93,18.5,15.0,20.7,7.0,33.91352499999999,-118.797639,LA County / CDC SVI style,simulated_fallback_due_download_missing_or_unavailable
06037001769,Los Angeles County fallback SVI tract 1769,1053,81.36,35.0,12.7,23.7,11.6,33.58841399999999,-118.59032300000001,LA County / CDC SVI style,simulated_fallback_due_download_missing_or_unavailable
06037001770,Los Angeles County fallback SVI tract 1770,6993,64.76,17.6,14.1,13.1,18.3,34.170248,-118.531998,LA County / CDC SVI style,simulated_fallback_due_download_missing_or_unavailable
06037001771,Los Angeles County fallback SVI tract 1771,2737,42.61,16.4,10.0,10.0,9.8,33.285439,-118.57318799999999,LA County / CDC SVI style,simulated_fallback_due_download_missing_or_unavailable
06037001772,Los Angeles County fallback SVI tract 1772,6947,39.12,20.5,6.9,12.9,10.4,34.760147,-117.87434499999999,LA County / CDC SVI style,simulated_fallback_due_download_missing_or_unavailable
06037001773,Los Angeles County fallback SVI tract 1773,5450,56.39,32.8,2.0,23.5,16.0,33.75169999999999,-118.073746,LA County / CDC SVI style,simulated_fallback_due_download_missing_or_unavailable
06037001774,Los Angeles County fallback SVI tract 1774,4646,40.69,12.1,5.9,19.0,13.5,33.414837,-118.69396400000001,LA County / CDC SVI style,simulated_fallback_due_download_missing_or_unavailable
06037001775,Los Angeles County fallback SVI tract 1775,4547,48.61,11.4,11.9,8.0,14.9,33.74811999999999,-117.826072,LA County / CDC SVI style,simulated_fallback_due_download_missing_or_unavailable
06037001776,Los Angeles County fallback SVI tract 1776,3584,51.09,16.1,8.8,18.0,10.3,33.330609,-118.85140999999999,LA County / CDC SVI style,simulated_fallback_due_download_missing_or_unavailable
06037001777,Los Angeles County fallback SVI tract 1777,2509,36.91,8.4,4.4,22.9,4.1,34.292774,-117.669564,LA County / CDC SVI style,simulated_fallback_due_download_missing_or_unavailable
06037001778,Los Angeles County fallback SVI tract 1778,2558,37.31,4.6,4.1,13.2,11.6,32.897389999999994,-118.69663800000001,LA County / CDC SVI style,simulated_fallback_due_download_missing_or_unavailable
06037001779,Los Angeles County fallback SVI tract 1779,7022,55.03,26.9,6.5,18.7,8.0,32.903088000000004,-118.34861799999999,LA County / CDC SVI style,simulated_fallback_due_download_missing_or_unavailable
06037001780,Los Angeles County fallback SVI tract 1780,5426,52.21,13.0,4.9,23.3,15.6,33.150586,-118.51893,LA County / CDC SVI style,simulated_fallback_due_download_missing_or_unavailable
06037001781,Los Angeles County fallback SVI tract 1781,1088,52.6,9.0,6.4,21.9,19.8,32.850423,-118.67405699999999,LA County / CDC SVI style,simulated_fallback_due_download_missing_or_unavailable
06037001782,Los Angeles County fallback SVI tract 1782,975,61.69,27.8,10.0,18.2,13.0,33.434649,-118.251125,LA County / CDC SVI style,simulated_fallback_due_download_missing_or_unavailable
06037001783,Los Angeles County fallback SVI tract 1783,858,51.57,24.5,4.5,19.6,7.2,34.209235,-118.208455,LA County / CDC SVI style,simulated_fallback_due_download_missing_or_unavailable
06037001784,Los Angeles County fallback SVI tract 1784,2431,61.61,27.6,8.9,8.1,20.9,34.710466,-118.642129,LA County / CDC SVI style,simulated_fallback_due_download_missing_or_unavailable
06037001785,Los Angeles County fallback SVI tract 1785,5101,39.94,17.3,5.4,12.8,16.2,34.775513000000004,-118.271461,LA County / CDC SVI style,simulated_fallback_due_download_missing_or_unavailable
06037001786,Los Angeles County fallback SVI tract 1786,1795,36.14,3.4,2.4,11.6,20.3,34.074679999999994,-117.95426499999999,LA County / CDC SVI style,simulated_fallback_due_download_missing_or_unavailable
06037001787,Los Angeles County fallback SVI tract 1787,4092,48.9,20.6,5.9,21.3,10.7,33.083138,-118.527322,LA County / CDC SVI style,simulated_fallback_due_download_missing_or_unavailable
06037001788,Los Angeles County fallback SVI tract 1788,6080,43.72,28.7,2.4,10.7,11.5,34.643492,-117.74927600000001,LA County / CDC SVI style,simulated_fallback_due_download_missing_or_unavailable
06037001789,Los Angeles County fallback SVI tract 1789,1895,51.57,34.5,10.5,5.8,12.5,33.118548,-117.977424,LA County / CDC SVI style,simulated_fallback_due_download_missing_or_unavailable
06037001790,Los Angeles County fallback SVI tract 1790,4265,71.04,24.6,8.6,23.1,19.8,34.088332,-118.579655,LA County / CDC SVI style,simulated_fallback_due_download_missing_or_unavailable
06037001791,Los Angeles County fallback SVI tract 1791,3669,66.87,23.9,14.3,21.1,18.6,33.19678699999999,-118.581603,LA County / CDC SVI style,simulated_fallback_due_download_missing_or_unavailable
06037001792,Los Angeles County fallback SVI tract 1792,6315,67.41,35.0,8.7,15.0,11.1,33.483915,-118.640184,LA County / CDC SVI style,simulated_fallback_due_download_missing_or_unavailable
06037001793,Los Angeles County fallback SVI tract 1793,1158,60.75,34.7,12.0,6.1,14.0,34.464721999999995,-118.572585,LA County / CDC SVI style,simulated_fallback_due_download_missing_or_unavailable
06037001794,Los Angeles County fallback SVI tract 1794,4686,48.86,16.8,7.5,22.3,11.2,34.77008299999999,-118.59170099999999,LA County / CDC SVI style,simulated_fallback_due_download_missing_or_unavailable
06037001795,Los Angeles County fallback SVI tract 1795,6015,58.77,29.4,14.9,14.6,6.7,33.179174,-118.178162,LA County / CDC SVI style,simulated_fallback_due_download_missing_or_unavailable
06037001796,Los Angeles County fallback SVI tract 1796,4211,50.39,34.5,9.1,7.4,11.8,34.513025,-118.039687,LA County / CDC SVI style,simulated_fallback_due_download_missing_or_unavailable
06037001797,Los Angeles County fallback SVI tract 1797,3974,61.63,36.3,2.9,14.3,19.8,33.680198,-118.42239500000001,LA County / CDC SVI style,simulated_fallback_due_download_missing_or_unavailable
06037001798,Los Angeles County fallback SVI tract 1798,7005,39.0,19.0,7.2,11.0,12.5,33.05890899999999,-117.88578399999999,LA County / CDC SVI style,simulated_fallback_due_download_missing_or_unavailable
06037001799,Los Angeles County fallback SVI tract 1799,1415,66.43,26.9,12.8,22.5,15.0,33.713869,-117.908954,LA County / CDC SVI style,simulated_fallback_due_download_missing_or_unavailable
06037001800,Los Angeles County fallback SVI tract 1800,895,48.31,17.1,3.1,19.2,18.1,33.085902,-117.781878,LA County / CDC SVI style,simulated_fallback_due_download_missing_or_unavailable
06037001801,Los Angeles County fallback SVI tract 1801,1419,42.85,24.4,11.3,7.4,7.6,33.088395000000006,-118.481907,LA County / CDC SVI style,simulated_fallback_due_download_missing_or_unavailable
06037001802,Los Angeles County fallback SVI tract 1802,3715,42.36,8.8,8.4,7.3,15.8,33.249018,-118.862607,LA County / CDC SVI style,simulated_fallback_due_download_missing_or_unavailable
06037001803,Los Angeles County fallback SVI tract 1803,6740,46.51,13.0,7.4,9.6,12.4,34.450702,-118.17038400000001,LA County / CDC SVI style,simulated_fallback_due_download_missing_or_unavailable
06037001804,Los Angeles County fallback SVI tract 1804,1050,77.9,37.0,14.1,11.5,15.8,33.214075,-118.12788900000001,LA County / CDC SVI style,simulated_fallback_due_download_missing_or_unavailable
06037001805,Los Angeles County fallback SVI tract 1805,2282,59.77,34.7,11.0,10.2,17.2,32.975037,-118.623945,LA County / CDC SVI style,simulated_fallback_due_download_missing_or_unavailable
06037001806,Los Angeles County fallback SVI tract 1806,4894,57.26,29.4,4.3,18.0,17.2,33.18790499999999,-117.95485199999999,LA County / CDC SVI style,simulated_fallback_due_download_missing_or_unavailable
06037001807,Los Angeles County fallback SVI tract 1807,3325,65.0,21.6,8.5,18.0,18.1,34.015637,-118.853071,LA County / CDC SVI style,simulated_fallback_due_download_missing_or_unavailable
06037001808,Los Angeles County fallback SVI tract 1808,5491,48.77,24.4,7.8,10.5,12.1,34.04869899999999,-118.53086599999999,LA County / CDC SVI style,simulated_fallback_due_download_missing_or_unavailable
06037001809,Los Angeles County fallback SVI tract 1809,2014,46.81,9.0,15.3,12.7,11.8,33.712408,-118.57008900000001,LA County / CDC SVI style,simulated_fallback_due_download_missing_or_unavailable
06037001810,Los Angeles County fallback SVI tract 1810,2136,53.53,30.8,1.9,18.3,12.8,33.738898,-118.67515800000001,LA County / CDC SVI style,simulated_fallback_due_download_missing_or_unavailable
06037001811,Los Angeles County fallback SVI tract 1811,3358,46.26,28.0,3.7,7.4,11.1,33.7126,-118.64405299999999,LA County / CDC SVI style,simulated_fallback_due_download_missing_or_unavailable
06037001812,Los Angeles County fallback SVI tract 1812,1219,63.54,30.3,10.1,19.1,19.0,34.480249,-118.244896,LA County / CDC SVI style,simulated_fallback_due_download_missing_or_unavailable
06037001813,Los Angeles County fallback SVI tract 1813,7080,47.84,9.1,11.9,12.5,17.4,32.868882,-118.37782299999999,LA County / CDC SVI style,simulated_fallback_due_download_missing_or_unavailable
06037001814,Los Angeles County fallback SVI tract 1814,6195,34.05,14.8,7.6,7.6,4.3,33.49772,-118.41806000000001,LA County / CDC SVI style,simulated_fallback_due_download_missing_or_unavailable
06037001815,Los Angeles County fallback SVI tract 1815,6311,43.46,12.8,4.0,7.0,20.5,34.25288,-118.723117,LA County / CDC SVI style,simulated_fallback_due_download_missing_or_unavailable
06037001816,Los Angeles County fallback SVI tract 1816,6227,65.41,25.1,12.4,22.7,19.8,33.864206,-118.360122,LA County / CDC SVI style,simulated_fallback_due_download_missing_or_unavailable
06037001817,Los Angeles County fallback SVI tract 1817,5295,52.17,19.9,10.5,6.3,15.1,34.086997,-117.816474,LA County / CDC SVI style,simulated_fallback_due_download_missing_or_unavailable
06037001818,Los Angeles County fallback SVI tract 1818,3536,38.07,5.0,14.5,10.3,6.1,33.324904,-118.619316,LA County / CDC SVI style,simulated_fallback_due_download_missing_or_unavailable
06037001819,Los Angeles County fallback SVI tract 1819,6702,53.1,17.0,3.6,15.7,17.4,33.087169,-118.062984,LA County / CDC SVI style,simulated_fallback_due_download_missing_or_unavailable
06037001820,Los Angeles County fallback SVI tract 1820,6676,27.53,5.8,3.4,11.0,11.2,33.215153,-118.61270099999999,LA County / CDC SVI style,simulated_fallback_due_download_missing_or_unavailable
06037001821,Los Angeles County fallback SVI tract 1821,2601,52.62,29.0,7.4,8.6,12.2,34.079061,-118.663137,LA County / CDC SVI style,simulated_fallback_due_download_missing_or_unavailable
06037001822,Los Angeles County fallback SVI tract 1822,6345,42.64,4.8,10.8,21.9,7.0,32.992304000000004,-117.87652700000001,LA County / CDC SVI style,simulated_fallback_due_download_missing_or_unavailable
06037001823,Los Angeles County fallback SVI tract 1823,2041,43.35,14.6,3.3,17.6,13.5,33.90884199999999,-117.79014500000001,LA County / CDC SVI style,simulated_fallback_due_download_missing_or_unavailable
06037001824,Los Angeles County fallback SVI tract 1824,4981,77.38,25.1,15.5,21.3,11.7,33.160452,-117.859924,LA County / CDC SVI style,simulated_fallback_due_download_missing_or_unavailable
06037001825,Los Angeles County fallback SVI tract 1825,1531,55.57,19.4,11.5,13.7,9.9,33.29701299999999,-118.282331,LA County / CDC SVI style,simulated_fallback_due_download_missing_or_unavailable
06037001826,Los Angeles County fallback SVI tract 1826,5069,47.06,19.4,6.3,19.2,4.7,34.57983899999999,-117.759887,LA County / CDC SVI style,simulated_fallback_due_download_missing_or_unavailable
06037001827,Los Angeles County fallback SVI tract 1827,6898,28.84,7.3,3.1,22.1,4.2,34.606805,-118.39886200000001,LA County / CDC SVI style,simulated_fallback_due_download_missing_or_unavailable
06037001828,Los Angeles County fallback SVI tract 1828,4650,49.05,17.1,12.2,20.5,9.5,33.970469,-118.45167900000001,LA County / CDC SVI style,simulated_fallback_due_download_missing_or_unavailable
06037001829,Los Angeles County fallback SVI tract 1829,5006,53.37,33.6,12.9,11.6,5.2,34.63902,-118.424993,LA County / CDC SVI style,simulated_fallback_due_download_missing_or_unavailable
06037001830,Los Angeles County fallback SVI tract 1830,3351,53.36,6.9,12.5,16.3,20.5,34.525034,-117.773715,LA County / CDC SVI style,simulated_fallback_due_download_missing_or_unavailable
06037001831,Los Angeles County fallback SVI tract 1831,5112,69.05,28.4,12.8,16.8,13.4,34.81272799999999,-118.05767900000001,LA County / CDC SVI style,simulated_fallback_due_download_missing_or_unavailable
06037001832,Los Angeles County fallback SVI tract 1832,2476,58.32,22.0,12.8,9.6,16.0,34.124894,-118.45590299999999,LA County / CDC SVI style,simulated_fallback_due_download_missing_or_unavailable
06037001833,Los Angeles County fallback SVI tract 1833,4629,43.09,11.7,2.6,22.8,13.8,34.364199,-118.189391,LA County / CDC SVI style,simulated_fallback_due_download_missing_or_unavailable
06037001834,Los Angeles County fallback SVI tract 1834,2746,48.89,16.0,8.4,11.4,19.1,34.015443,-118.05895100000001,LA County / CDC SVI style,simulated_fallback_due_download_missing_or_unavailable
06037001835,Los Angeles County fallback SVI tract 1835,1773,56.37,21.3,11.5,10.6,10.3,34.523452,-118.50136400000001,LA County / CDC SVI style,simulated_fallback_due_download_missing_or_unavailable
06037001836,Los Angeles County fallback SVI tract 1836,3777,71.77,35.8,12.0,16.9,4.2,32.869906,-117.74981500000001,LA County / CDC SVI style,simulated_fallback_due_download_missing_or_unavailable
06037001837,Los Angeles County fallback SVI tract 1837,1186,24.34,5.9,2.0,9.5,4.6,34.784417,-118.859924,LA County / CDC SVI style,simulated_fallback_due_download_missing_or_unavailable
06037001838,Los Angeles County fallback SVI tract 1838,3642,64.32,25.1,15.0,11.1,6.2,32.843155,-118.320425,LA County / CDC SVI style,simulated_fallback_due_download_missing_or_unavailable
06037001839,Los Angeles County fallback SVI tract 1839,6244,43.28,24.1,2.8,13.7,5.3,32.853317999999994,-118.180088,LA County / CDC SVI style,simulated_fallback_due_download_missing_or_unavailable
06037001840,Los Angeles County fallback SVI tract 1840,2107,40.34,11.7,6.9,5.2,17.4,33.788228,-117.784158,LA County / CDC SVI style,simulated_fallback_due_download_missing_or_unavailable
06037001841,Los Angeles County fallback SVI tract 1841,3896,47.26,13.5,15.6,15.7,8.8,33.600162,-117.95604700000001,LA County / CDC SVI style,simulated_fallback_due_download_missing_or_unavailable
06037001842,Los Angeles County fallback SVI tract 1842,2004,59.4,34.9,3.6,10.4,21.4,34.048696,-118.381201,LA County / CDC SVI style,simulated_fallback_due_download_missing_or_unavailable
06037001843,Los Angeles County fallback SVI tract 1843,7133,50.97,11.9,14.0,8.6,12.8,33.402395,-118.428025,LA County / CDC SVI style,simulated_fallback_due_download_missing_or_unavailable
06037001844,Los Angeles County fallback SVI tract 1844,6010,65.25,17.8,14.1,23.2,19.5,34.10726,-118.91866399999999,LA County / CDC SVI style,simulated_fallback_due_download_missing_or_unavailable
06037001845,Los Angeles County fallback SVI tract 1845,5816,72.84,35.0,14.0,18.3,17.1,34.3392,-117.87276999999999,LA County / CDC SVI style,simulated_fallback_due_download_missing_or_unavailable
06037001846,Los Angeles County fallback SVI tract 1846,2204,37.08,22.9,3.8,10.8,5.1,32.898793,-118.15298800000001,LA County / CDC SVI style,simulated_fallback_due_download_missing_or_unavailable
06037001847,Los Angeles County fallback SVI tract 1847,6494,44.85,4.6,12.2,17.3,21.2,34.785379999999996,-118.80702799999999,LA County / CDC SVI style,simulated_fallback_due_download_missing_or_unavailable
06037001848,Los Angeles County fallback SVI tract 1848,5328,55.51,22.5,4.6,7.9,19.0,33.509357,-117.96691000000001,LA County / CDC SVI style,simulated_fallback_due_download_missing_or_unavailable
06037001849,Los Angeles County fallback SVI tract 1849,5038,61.62,12.9,14.7,12.3,15.5,34.810475,-118.80147199999999,LA County / CDC SVI style,simulated_fallback_due_download_missing_or_unavailable
06037001850,Los Angeles County fallback SVI tract 1850,4612,49.39,24.1,4.5,7.8,10.8,32.971945,-117.969706,LA County / CDC SVI style,simulated_fallback_due_download_missing_or_unavailable
06037001851,Los Angeles County fallback SVI tract 1851,1479,36.44,6.4,8.2,21.2,5.3,34.08251,-118.621669,LA County / CDC SVI style,simulated_fallback_due_download_missing_or_unavailable
06037001852,Los Angeles County fallback SVI tract 1852,5779,51.99,24.1,10.9,19.5,10.0,32.919238,-118.31601699999999,LA County / CDC SVI style,simulated_fallback_due_download_missing_or_unavailable
06037001853,Los Angeles County fallback SVI tract 1853,4946,66.38,27.5,9.9,16.1,10.3,33.442874,-118.44768199999999,LA County / CDC SVI style,simulated_fallback_due_download_missing_or_unavailable
06037001854,Los Angeles County fallback SVI tract 1854,3124,60.36,25.6,10.6,12.9,6.2,33.445772,-118.01510800000001,LA County / CDC SVI style,simulated_fallback_due_download_missing_or_unavailable
06037001855,Los Angeles County fallback SVI tract 1855,5972,57.28,35.3,4.2,23.4,5.8,34.151588999999994,-117.74652499999999,LA County / CDC SVI style,simulated_fallback_due_download_missing_or_unavailable
06037001856,Los Angeles County fallback SVI tract 1856,2433,67.54,26.6,11.2,7.8,21.0,33.686188,-117.93051700000001,LA County / CDC SVI style,simulated_fallback_due_download_missing_or_unavailable
06037001857,Los Angeles County fallback SVI tract 1857,1959,35.61,3.7,12.0,23.3,4.1,34.088501,-118.473206,LA County / CDC SVI style,simulated_fallback_due_download_missing_or_unavailable
06037001858,Los Angeles County fallback SVI tract 1858,5760,76.5,32.2,9.4,21.8,17.5,34.04337399999999,-117.873604,LA County / CDC SVI style,simulated_fallback_due_download_missing_or_unavailable
06037001859,Los Angeles County fallback SVI tract 1859,4073,48.07,5.9,10.0,22.5,8.1,34.754453,-118.052743,LA County / CDC SVI style,simulated_fallback_due_download_missing_or_unavailable
06037001860,Los Angeles County fallback SVI tract 1860,2774,49.3,37.9,4.4,6.3,9.8,34.746952,-118.450421,LA County / CDC SVI style,simulated_fallback_due_download_missing_or_unavailable
06037001861,Los Angeles County fallback SVI tract 1861,7034,51.69,19.8,6.0,20.8,15.6,32.838491,-117.68962900000001,LA County / CDC SVI style,simulated_fallback_due_download_missing_or_unavailable
06037001862,Los Angeles County fallback SVI tract 1862,4473,79.35,32.3,10.1,22.5,20.2,34.745119,-117.976134,LA County / CDC SVI style,simulated_fallback_due_download_missing_or_unavailable
06037001863,Los Angeles County fallback SVI tract 1863,5151,53.97,17.6,9.1,14.7,9.1,34.14165,-117.87907700000001,LA County / CDC SVI style,simulated_fallback_due_download_missing_or_unavailable
06037001864,Los Angeles County fallback SVI tract 1864,3299,35.94,3.1,11.6,12.2,6.5,33.490207,-118.27211600000001,LA County / CDC SVI style,simulated_fallback_due_download_missing_or_unavailable
06037001865,Los Angeles County fallback SVI tract 1865,1405,67.28,26.4,11.8,21.8,15.2,32.772528,-118.833644,LA County / CDC SVI style,simulated_fallback_due_download_missing_or_unavailable
06037001866,Los Angeles County fallback SVI tract 1866,6011,53.15,14.1,8.8,20.2,17.0,33.85613599999999,-117.821958,LA County / CDC SVI style,simulated_fallback_due_download_missing_or_unavailable
06037001867,Los Angeles County fallback SVI tract 1867,5586,59.12,14.2,11.0,14.6,17.9,33.349867,-118.51014500000001,LA County / CDC SVI style,simulated_fallback_due_download_missing_or_unavailable
06037001868,Los Angeles County fallback SVI tract 1868,6170,78.81,28.9,11.2,20.4,19.4,33.046797,-118.11724099999999,LA County / CDC SVI style,simulated_fallback_due_download_missing_or_unavailable
06037001869,Los Angeles County fallback SVI tract 1869,1673,66.22,36.2,7.4,13.7,13.6,34.128092,-118.915472,LA County / CDC SVI style,simulated_fallback_due_download_missing_or_unavailable
06037001870,Los Angeles County fallback SVI tract 1870,2030,46.62,27.7,14.2,5.4,4.5,34.65244499999999,-118.23634,LA County / CDC SVI style,simulated_fallback_due_download_missing_or_unavailable
06037001871,Los Angeles County fallback SVI tract 1871,5455,44.56,16.2,4.3,21.5,11.3,33.485222,-118.75891899999999,LA County / CDC SVI style,simulated_fallback_due_download_missing_or_unavailable
06037001872,Los Angeles County fallback SVI tract 1872,5962,47.13,13.5,12.1,8.9,20.5,32.877776,-118.17659499999999,LA County / CDC SVI style,simulated_fallback_due_download_missing_or_unavailable
06037001873,Los Angeles County fallback SVI tract 1873,2483,47.87,9.0,12.8,13.8,17.6,34.431309999999996,-118.311823,LA County / CDC SVI style,simulated_fallback_due_download_missing_or_unavailable
06037001874,Los Angeles County fallback SVI tract 1874,5588,35.87,4.3,2.9,21.8,13.7,34.784324,-118.047805,LA County / CDC SVI style,simulated_fallback_due_download_missing_or_unavailable
06037001875,Los Angeles County fallback SVI tract 1875,6286,62.05,16.6,13.0,18.3,15.9,32.928658,-117.94151199999999,LA County / CDC SVI style,simulated_fallback_due_download_missing_or_unavailable
06037001876,Los Angeles County fallback SVI tract 1876,5650,36.68,10.2,3.3,14.6,10.0,34.282295,-118.57451599999999,LA County / CDC SVI style,simulated_fallback_due_download_missing_or_unavailable
06037001877,Los Angeles County fallback SVI tract 1877,6462,41.63,18.4,6.1,10.5,19.9,33.760376,-118.92653800000001,LA County / CDC SVI style,simulated_fallback_due_download_missing_or_unavailable
06037001878,Los Angeles County fallback SVI tract 1878,5992,60.54,34.6,13.1,18.4,5.2,33.914841,-117.77294199999999,LA County / CDC SVI style,simulated_fallback_due_download_missing_or_unavailable
06037001879,Los Angeles County fallback SVI tract 1879,6567,47.31,26.5,10.9,8.9,5.4,33.636939,-118.08445200000001,LA County / CDC SVI style,simulated_fallback_due_download_missing_or_unavailable
06037001880,Los Angeles County fallback SVI tract 1880,4610,65.22,34.5,8.0,9.2,19.0,34.537510999999995,-117.919881,LA County / CDC SVI style,simulated_fallback_due_download_missing_or_unavailable
06037001881,Los Angeles County fallback SVI tract 1881,5499,59.01,26.8,9.0,12.6,8.3,34.48173,-118.49801,LA County / CDC SVI style,simulated_fallback_due_download_missing_or_unavailable
06037001882,Los Angeles County fallback SVI tract 1882,5233,43.66,28.1,2.5,5.0,7.3,33.92330499999999,-117.816948,LA County / CDC SVI style,simulated_fallback_due_download_missing_or_unavailable
06037001883,Los Angeles County fallback SVI tract 1883,5114,53.63,19.1,6.7,21.0,4.7,33.755405999999994,-117.822874,LA County / CDC SVI style,simulated_fallback_due_download_missing_or_unavailable
06037001884,Los Angeles County fallback SVI tract 1884,2445,57.08,34.7,5.4,10.1,14.2,33.201794,-118.498741,LA County / CDC SVI style,simulated_fallback_due_download_missing_or_unavailable
06037001885,Los Angeles County fallback SVI tract 1885,3596,38.48,12.4,7.3,9.4,14.7,34.800487999999994,-118.413878,LA County / CDC SVI style,simulated_fallback_due_download_missing_or_unavailable
06037001886,Los Angeles County fallback SVI tract 1886,2164,35.62,12.1,3.1,22.6,11.5,34.003485,-118.90076099999999,LA County / CDC SVI style,simulated_fallback_due_download_missing_or_unavailable
06037001887,Los Angeles County fallback SVI tract 1887,6681,56.79,29.0,3.3,23.7,17.3,34.574449,-117.77852600000001,LA County / CDC SVI style,simulated_fallback_due_download_missing_or_unavailable
06037001888,Los Angeles County fallback SVI tract 1888,2683,45.5,7.9,11.5,20.7,7.5,32.917576,-118.29818499999999,LA County / CDC SVI style,simulated_fallback_due_download_missing_or_unavailable
06037001889,Los Angeles County fallback SVI tract 1889,6154,59.64,24.8,6.4,23.9,5.6,34.448888000000004,-118.84936499999999,LA County / CDC SVI style,simulated_fallback_due_download_missing_or_unavailable
06037001890,Los Angeles County fallback SVI tract 1890,5087,54.45,26.5,5.1,6.2,19.2,32.856829999999995,-118.52208099999999,LA County / CDC SVI style,simulated_fallback_due_download_missing_or_unavailable
06037001891,Los Angeles County fallback SVI tract 1891,917,47.92,11.1,12.1,12.2,13.9,34.78888499999999,-117.908566,LA County / CDC SVI style,simulated_fallback_due_download_missing_or_unavailable
06037001892,Los Angeles County fallback SVI tract 1892,2911,52.66,29.5,6.2,19.7,6.7,33.062842,-118.27816299999999,LA County / CDC SVI style,simulated_fallback_due_download_missing_or_unavailable
06037001893,Los Angeles County fallback SVI tract 1893,3590,50.92,16.8,9.4,22.0,16.0,34.083294,-117.83203800000001,LA County / CDC SVI style,simulated_fallback_due_download_missing_or_unavailable
06037001894,Los Angeles County fallback SVI tract 1894,6368,46.43,16.7,8.4,13.1,12.2,34.374995,-118.40369999999999,LA County / CDC SVI style,simulated_fallback_due_download_missing_or_unavailable
06037001895,Los Angeles County fallback SVI tract 1895,5860,62.09,36.6,13.4,5.8,5.9,32.749443,-118.890204,LA County / CDC SVI style,simulated_fallback_due_download_missing_or_unavailable
06037001896,Los Angeles County fallback SVI tract 1896,889,63.63,36.4,11.3,11.2,7.3,33.899816,-118.44087300000001,LA County / CDC SVI style,simulated_fallback_due_download_missing_or_unavailable
06037001897,Los Angeles County fallback SVI tract 1897,961,38.01,10.4,15.1,6.8,7.3,33.525748,-118.362426,LA County / CDC SVI style,simulated_fallback_due_download_missing_or_unavailable
06037001898,Los Angeles County fallback SVI tract 1898,1722,25.52,12.3,5.0,10.6,8.1,32.941161,-117.904297,LA County / CDC SVI style,simulated_fallback_due_download_missing_or_unavailable
06037001899,Los Angeles County fallback SVI tract 1899,2468,42.24,22.7,3.4,5.4,7.1,32.973397999999996,-118.61893,LA County / CDC SVI style,simulated_fallback_due_download_missing_or_unavailable
06037001900,Los Angeles County fallback SVI tract 1900,6569,37.17,7.1,13.4,8.0,6.0,34.653265999999995,-117.962571,LA County / CDC SVI style,simulated_fallback_due_download_missing_or_unavailable
06037001901,Los Angeles County fallback SVI tract 1901,4104,67.55,31.9,13.3,11.9,11.7,34.436258,-118.604349,LA County / CDC SVI style,simulated_fallback_due_download_missing_or_unavailable
06037001902,Los Angeles County fallback SVI tract 1902,3728,41.87,9.9,13.3,13.2,13.7,33.873418,-117.98013700000001,LA County / CDC SVI style,simulated_fallback_due_download_missing_or_unavailable
06037001903,Los Angeles County fallback SVI tract 1903,1627,56.69,32.0,7.8,8.5,7.5,33.516871,-118.76687199999999,LA County / CDC SVI style,simulated_fallback_due_download_missing_or_unavailable
06037001904,Los Angeles County fallback SVI tract 1904,1943,48.93,28.6,6.2,11.1,5.3,34.482963,-117.80232699999999,LA County / CDC SVI style,simulated_fallback_due_download_missing_or_unavailable
06037001905,Los Angeles County fallback SVI tract 1905,6584,64.47,22.9,14.7,17.1,13.5,32.980546999999994,-117.836322,LA County / CDC SVI style,simulated_fallback_due_download_missing_or_unavailable
06037001906,Los Angeles County fallback SVI tract 1906,6384,44.18,23.3,6.9,10.6,7.3,34.32272,-117.97608199999999,LA County / CDC SVI style,simulated_fallback_due_download_missing_or_unavailable
06037001907,Los Angeles County fallback SVI tract 1907,5472,45.27,5.1,13.5,9.5,9.9,34.328497,-118.115647,LA County / CDC SVI style,simulated_fallback_due_download_missing_or_unavailable
06037001908,Los Angeles County fallback SVI tract 1908,6689,36.47,22.5,7.3,6.3,6.5,33.340892999999994,-118.500838,LA County / CDC SVI style,simulated_fallback_due_download_missing_or_unavailable
06037001909,Los Angeles County fallback SVI tract 1909,5088,57.06,23.0,7.9,11.5,16.9,33.260429,-117.957027,LA County / CDC SVI style,simulated_fallback_due_download_missing_or_unavailable
06037001910,Los Angeles County fallback SVI tract 1910,6281,44.73,4.0,14.1,8.1,15.0,34.261788,-118.33345,LA County / CDC SVI style,simulated_fallback_due_download_missing_or_unavailable
06037001911,Los Angeles County fallback SVI tract 1911,6950,68.74,37.7,15.0,10.2,14.0,32.938782999999994,-117.808788,LA County / CDC SVI style,simulated_fallback_due_download_missing_or_unavailable
06037001912,Los Angeles County fallback SVI tract 1912,4500,79.28,34.0,12.9,17.2,21.2,33.995646,-118.87182700000001,LA County / CDC SVI style,simulated_fallback_due_download_missing_or_unavailable
06037001913,Los Angeles County fallback SVI tract 1913,4189,80.17,37.0,14.6,18.8,20.5,33.91076,-118.69300000000001,LA County / CDC SVI style,simulated_fallback_due_download_missing_or_unavailable
06037001914,Los Angeles County fallback SVI tract 1914,915,57.59,28.8,11.8,14.7,9.1,33.202649,-117.672605,LA County / CDC SVI style,simulated_fallback_due_download_missing_or_unavailable
06037001915,Los Angeles County fallback SVI tract 1915,6927,70.67,29.6,9.7,16.7,21.1,33.855337,-118.691616,LA County / CDC SVI style,simulated_fallback_due_download_missing_or_unavailable
06037001916,Los Angeles County fallback SVI tract 1916,6911,58.53,28.6,1.5,17.1,17.2,34.104373,-118.319873,LA County / CDC SVI style,simulated_fallback_due_download_missing_or_unavailable
06037001917,Los Angeles County fallback SVI tract 1917,4813,41.8,7.6,9.5,10.3,21.1,33.387283000000004,-118.251991,LA County / CDC SVI style,simulated_fallback_due_download_missing_or_unavailable
06037001918,Los Angeles County fallback SVI tract 1918,5743,49.59,19.6,14.8,13.0,6.5,34.393921,-118.026668,LA County / CDC SVI style,simulated_fallback_due_download_missing_or_unavailable
06037001919,Los Angeles County fallback SVI tract 1919,4106,43.92,21.1,1.8,20.4,12.8,34.181723,-117.813202,LA County / CDC SVI style,simulated_fallback_due_download_missing_or_unavailable
06037001920,Los Angeles County fallback SVI tract 1920,1606,50.75,17.1,9.5,22.0,12.9,32.998724,-118.745687,LA County / CDC SVI style,simulated_fallback_due_download_missing_or_unavailable
06037001921,Los Angeles County fallback SVI tract 1921,5768,36.63,14.6,3.4,8.0,18.9,34.083751,-118.585602,LA County / CDC SVI style,simulated_fallback_due_download_missing_or_unavailable
06037001922,Los Angeles County fallback SVI tract 1922,6659,64.09,37.1,6.8,17.2,5.6,34.20212299999999,-118.843463,LA County / CDC SVI style,simulated_fallback_due_download_missing_or_unavailable
06037001923,Los Angeles County fallback SVI tract 1923,975,68.09,32.7,12.4,15.8,16.2,32.943584,-118.63119400000001,LA County / CDC SVI style,simulated_fallback_due_download_missing_or_unavailable
06037001924,Los Angeles County fallback SVI tract 1924,1549,33.87,23.4,3.1,13.0,4.4,34.663811,-118.623028,LA County / CDC SVI style,simulated_fallback_due_download_missing_or_unavailable
06037001925,Los Angeles County fallback SVI tract 1925,4839,36.15,14.1,7.8,10.7,10.1,33.774289,-118.34709400000001,LA County / CDC SVI style,simulated_fallback_due_download_missing_or_unavailable
06037001926,Los Angeles County fallback SVI tract 1926,1647,67.28,33.6,9.2,18.3,6.0,34.568033,-117.96676400000001,LA County / CDC SVI style,simulated_fallback_due_download_missing_or_unavailable
06037001927,Los Angeles County fallback SVI tract 1927,6974,53.6,12.7,3.3,20.0,18.5,33.842757,-118.837389,LA County / CDC SVI style,simulated_fallback_due_download_missing_or_unavailable
06037001928,Los Angeles County fallback SVI tract 1928,5205,52.85,19.3,6.8,19.0,7.9,34.328719,-118.11075000000001,LA County / CDC SVI style,simulated_fallback_due_download_missing_or_unavailable
06037001929,Los Angeles County fallback SVI tract 1929,5972,71.39,31.3,12.7,13.4,16.5,32.981239,-118.772796,LA County / CDC SVI style,simulated_fallback_due_download_missing_or_unavailable
06037001930,Los Angeles County fallback SVI tract 1930,5336,49.28,33.2,2.2,5.7,16.4,32.917831,-117.854718,LA County / CDC SVI style,simulated_fallback_due_download_missing_or_unavailable
06037001931,Los Angeles County fallback SVI tract 1931,6487,40.17,16.1,4.2,20.1,13.4,34.73016499999999,-118.77818400000001,LA County / CDC SVI style,simulated_fallback_due_download_missing_or_unavailable
06037001932,Los Angeles County fallback SVI tract 1932,983,51.75,10.0,12.5,19.6,15.6,33.892191000000004,-118.562339,LA County / CDC SVI style,simulated_fallback_due_download_missing_or_unavailable
06037001933,Los Angeles County fallback SVI tract 1933,5891,43.78,7.1,12.5,22.0,11.5,32.773355,-118.22874300000001,LA County / CDC SVI style,simulated_fallback_due_download_missing_or_unavailable
06037001934,Los Angeles County fallback SVI tract 1934,1411,80.23,28.7,12.7,22.8,19.0,33.428645,-117.746019,LA County / CDC SVI style,simulated_fallback_due_download_missing_or_unavailable
06037001935,Los Angeles County fallback SVI tract 1935,1985,39.82,22.4,6.8,7.7,7.6,32.76844199999999,-118.574624,LA County / CDC SVI style,simulated_fallback_due_download_missing_or_unavailable
06037001936,Los Angeles County fallback SVI tract 1936,1906,63.0,11.0,15.0,22.0,19.3,33.003918,-118.252443,LA County / CDC SVI style,simulated_fallback_due_download_missing_or_unavailable
06037001937,Los Angeles County fallback SVI tract 1937,6954,56.54,34.7,6.4,8.1,14.8,32.760692999999996,-118.45768100000001,LA County / CDC SVI style,simulated_fallback_due_download_missing_or_unavailable
06037001938,Los Angeles County fallback SVI tract 1938,4033,30.22,5.5,3.7,11.3,10.2,33.911753999999995,-118.101189,LA County / CDC SVI style,simulated_fallback_due_download_missing_or_unavailable
06037001939,Los Angeles County fallback SVI tract 1939,3679,46.76,13.3,11.8,17.4,9.2,34.685284,-118.08941899999999,LA County / CDC SVI style,simulated_fallback_due_download_missing_or_unavailable
06037001940,Los Angeles County fallback SVI tract 1940,3205,65.02,32.6,10.5,14.4,10.8,34.207566,-117.82128,LA County / CDC SVI style,simulated_fallback_due_download_missing_or_unavailable
06037001941,Los Angeles County fallback SVI tract 1941,5386,66.76,32.9,6.4,22.1,6.1,33.022951,-118.063028,LA County / CDC SVI style,simulated_fallback_due_download_missing_or_unavailable
06037001942,Los Angeles County fallback SVI tract 1942,4668,48.14,27.9,4.7,11.7,10.5,32.950368,-118.80440100000001,LA County / CDC SVI style,simulated_fallback_due_download_missing_or_unavailable
06037001943,Los Angeles County fallback SVI tract 1943,5585,81.11,36.5,14.4,15.7,21.0,34.005359,-117.684886,LA County / CDC SVI style,simulated_fallback_due_download_missing_or_unavailable
06037001944,Los Angeles County fallback SVI tract 1944,2832,65.11,28.8,12.5,10.5,11.3,33.705506,-118.567149,LA County / CDC SVI style,simulated_fallback_due_download_missing_or_unavailable
06037001945,Los Angeles County fallback SVI tract 1945,1033,62.79,33.1,6.2,19.0,6.1,34.096866,-118.510186,LA County / CDC SVI style,simulated_fallback_due_download_missing_or_unavailable
06037001946,Los Angeles County fallback SVI tract 1946,5592,41.09,13.8,7.8,10.3,18.4,33.29537799999999,-118.24034400000001,LA County / CDC SVI style,simulated_fallback_due_download_missing_or_unavailable
06037001947,Los Angeles County fallback SVI tract 1947,3636,56.48,32.0,2.1,16.1,14.2,34.37972,-118.01887500000001,LA County / CDC SVI style,simulated_fallback_due_download_missing_or_unavailable
06037001948,Los Angeles County fallback SVI tract 1948,878,26.77,3.5,14.3,7.4,6.4,32.961397999999996,-117.83200299999999,LA County / CDC SVI style,simulated_fallback_due_download_missing_or_unavailable
06037001949,Los Angeles County fallback SVI tract 1949,1305,29.75,9.2,10.5,5.3,4.9,33.623335,-118.030467,LA County / CDC SVI style,simulated_fallback_due_download_missing_or_unavailable
06037001950,Los Angeles County fallback SVI tract 1950,2866,52.12,31.9,1.8,5.4,20.3,33.95232,-118.270343,LA County / CDC SVI style,simulated_fallback_due_download_missing_or_unavailable
06037001951,Los Angeles County fallback SVI tract 1951,1889,46.41,5.3,14.3,14.0,13.5,33.506235,-118.855151,LA County / CDC SVI style,simulated_fallback_due_download_missing_or_unavailable
06037001952,Los Angeles County fallback SVI tract 1952,4102,57.43,10.9,5.9,22.6,19.1,34.645525,-118.79385300000001,LA County / CDC SVI style,simulated_fallback_due_download_missing_or_unavailable
06037001953,Los Angeles County fallback SVI tract 1953,3768,42.53,21.7,5.5,12.9,10.4,34.339192,-118.902666,LA County / CDC SVI style,simulated_fallback_due_download_missing_or_unavailable
06037001954,Los Angeles County fallback SVI tract 1954,2990,52.74,12.6,11.3,14.4,10.1,34.680654,-117.96965599999999,LA County / CDC SVI style,simulated_fallback_due_download_missing_or_unavailable
06037001955,Los Angeles County fallback SVI tract 1955,1641,33.56,8.0,12.7,6.5,5.5,34.732819,-118.794652,LA County / CDC SVI style,simulated_fallback_due_download_missing_or_unavailable
06037001956,Los Angeles County fallback SVI tract 1956,5561,65.26,38.0,3.6,18.3,21.9,33.597227999999994,-117.74953599999999,LA County / CDC SVI style,simulated_fallback_due_download_missing_or_unavailable
06037001957,Los Angeles County fallback SVI tract 1957,5862,61.69,32.0,12.8,13.5,14.4,34.417396,-118.06705199999999,LA County / CDC SVI style,simulated_fallback_due_download_missing_or_unavailable
06037001958,Los Angeles County fallback SVI tract 1958,2128,47.99,9.9,11.8,23.3,13.3,34.577501,-118.052612,LA County / CDC SVI style,simulated_fallback_due_download_missing_or_unavailable
06037001959,Los Angeles County fallback SVI tract 1959,4753,41.42,11.8,6.6,12.1,16.9,33.856142999999996,-118.93347100000001,LA County / CDC SVI style,simulated_fallback_due_download_missing_or_unavailable
06037001960,Los Angeles County fallback SVI tract 1960,1829,39.72,14.5,6.3,10.5,6.9,34.186563,-118.27962299999999,LA County / CDC SVI style,simulated_fallback_due_download_missing_or_unavailable
06037001961,Los Angeles County fallback SVI tract 1961,3153,61.26,26.3,6.4,14.2,13.2,33.19275699999999,-118.340083,LA County / CDC SVI style,simulated_fallback_due_download_missing_or_unavailable
06037001962,Los Angeles County fallback SVI tract 1962,4769,59.07,20.9,14.3,16.4,14.0,34.233709,-118.32469699999999,LA County / CDC SVI style,simulated_fallback_due_download_missing_or_unavailable
06037001963,Los Angeles County fallback SVI tract 1963,2134,30.65,13.0,2.9,10.2,9.7,34.39304,-118.85241,LA County / CDC SVI style,simulated_fallback_due_download_missing_or_unavailable
06037001964,Los Angeles County fallback SVI tract 1964,4544,77.39,35.6,13.4,22.2,17.3,33.618953999999995,-117.684166,LA County / CDC SVI style,simulated_fallback_due_download_missing_or_unavailable
06037001965,Los Angeles County fallback SVI tract 1965,2125,47.18,10.6,7.3,12.6,21.5,34.479738999999995,-118.69694299999999,LA County / CDC SVI style,simulated_fallback_due_download_missing_or_unavailable
06037001966,Los Angeles County fallback SVI tract 1966,2552,66.14,37.7,5.3,20.6,8.4,34.099230999999996,-118.60762399999999,LA County / CDC SVI style,simulated_fallback_due_download_missing_or_unavailable
06037001967,Los Angeles County fallback SVI tract 1967,1330,75.69,32.8,6.4,23.9,19.5,33.411582,-117.979494,LA County / CDC SVI style,simulated_fallback_due_download_missing_or_unavailable
06037001968,Los Angeles County fallback SVI tract 1968,5001,53.14,30.2,7.4,10.3,6.4,34.389617,-118.62913900000001,LA County / CDC SVI style,simulated_fallback_due_download_missing_or_unavailable
06037001969,Los Angeles County fallback SVI tract 1969,1696,45.03,3.4,15.9,17.0,8.6,32.968481999999995,-117.972837,LA County / CDC SVI style,simulated_fallback_due_download_missing_or_unavailable
06037001970,Los Angeles County fallback SVI tract 1970,5631,73.42,34.7,13.2,9.6,14.8,32.990294,-118.511951,LA County / CDC SVI style,simulated_fallback_due_download_missing_or_unavailable
06037001971,Los Angeles County fallback SVI tract 1971,2706,46.33,29.0,8.6,5.7,5.5,33.942454,-117.705379,LA County / CDC SVI style,simulated_fallback_due_download_missing_or_unavailable
06037001972,Los Angeles County fallback SVI tract 1972,5207,37.36,17.3,7.7,7.0,12.8,33.60246299999999,-118.73460399999999,LA County / CDC SVI style,simulated_fallback_due_download_missing_or_unavailable
06037001973,Los Angeles County fallback SVI tract 1973,6924,51.13,10.7,14.3,11.0,14.3,33.316875,-117.74160300000001,LA County / CDC SVI style,simulated_fallback_due_download_missing_or_unavailable
06037001974,Los Angeles County fallback SVI tract 1974,5267,36.62,3.1,8.0,9.7,13.1,33.63370199999999,-118.37399,LA County / CDC SVI style,simulated_fallback_due_download_missing_or_unavailable
06037001975,Los Angeles County fallback SVI tract 1975,2958,43.99,26.0,3.1,8.6,15.3,32.786922999999994,-117.76300699999999,LA County / CDC SVI style,simulated_fallback_due_download_missing_or_unavailable
06037001976,Los Angeles County fallback SVI tract 1976,6870,36.08,28.6,2.4,11.4,8.0,34.708209000000004,-118.597506,LA County / CDC SVI style,simulated_fallback_due_download_missing_or_unavailable
06037001977,Los Angeles County fallback SVI tract 1977,6788,66.93,24.6,9.9,16.7,18.5,34.714802,-118.737176,LA County / CDC SVI style,simulated_fallback_due_download_missing_or_unavailable
06037001978,Los Angeles County fallback SVI tract 1978,5139,53.27,6.8,14.5,17.6,19.9,33.313086,-117.88807299999999,LA County / CDC SVI style,simulated_fallback_due_download_missing_or_unavailable
06037001979,Los Angeles County fallback SVI tract 1979,3453,60.83,25.2,9.6,9.0,19.0,33.551735,-117.65331900000001,LA County / CDC SVI style,simulated_fallback_due_download_missing_or_unavailable
06037001980,Los Angeles County fallback SVI tract 1980,6458,51.01,19.4,6.9,17.6,4.8,33.666444,-118.86478399999999,LA County / CDC SVI style,simulated_fallback_due_download_missing_or_unavailable
06037001981,Los Angeles County fallback SVI tract 1981,5837,46.61,4.7,12.7,9.4,17.9,34.602268,-117.881202,LA County / CDC SVI style,simulated_fallback_due_download_missing_or_unavailable
06037001982,Los Angeles County fallback SVI tract 1982,2144,70.04,17.3,14.9,23.6,15.1,34.562791,-118.61648500000001,LA County / CDC SVI style,simulated_fallback_due_download_missing_or_unavailable
06037001983,Los Angeles County fallback SVI tract 1983,6298,60.08,37.2,9.2,17.6,4.4,33.902108999999996,-118.85194100000001,LA County / CDC SVI style,simulated_fallback_due_download_missing_or_unavailable
06037001984,Los Angeles County fallback SVI tract 1984,4772,28.11,3.2,9.3,16.2,8.6,33.427878,-118.01657599999999,LA County / CDC SVI style,simulated_fallback_due_download_missing_or_unavailable
06037001985,Los Angeles County fallback SVI tract 1985,5765,39.21,9.0,12.4,7.2,16.7,32.932582000000004,-118.013768,LA County / CDC SVI style,simulated_fallback_due_download_missing_or_unavailable
06037001986,Los Angeles County fallback SVI tract 1986,2969,80.71,32.6,14.3,17.8,21.2,34.75668699999999,-118.211351,LA County / CDC SVI style,simulated_fallback_due_download_missing_or_unavailable
06037001987,Los Angeles County fallback SVI tract 1987,5638,39.92,27.2,5.0,9.1,4.3,34.025931,-117.949926,LA County / CDC SVI style,simulated_fallback_due_download_missing_or_unavailable
06037001988,Los Angeles County fallback SVI tract 1988,2440,31.06,5.0,4.3,19.2,8.9,33.51453,-118.094867,LA County / CDC SVI style,simulated_fallback_due_download_missing_or_unavailable
06037001989,Los Angeles County fallback SVI tract 1989,1810,29.39,4.5,5.6,12.3,12.2,33.676933,-117.80778799999999,LA County / CDC SVI style,simulated_fallback_due_download_missing_or_unavailable
06037001990,Los Angeles County fallback SVI tract 1990,2000,51.85,27.0,10.6,16.1,10.2,34.367285,-118.179736,LA County / CDC SVI style,simulated_fallback_due_download_missing_or_unavailable
06037001991,Los Angeles County fallback SVI tract 1991,5678,34.58,13.8,4.6,6.6,13.7,34.266259000000005,-118.312218,LA County / CDC SVI style,simulated_fallback_due_download_missing_or_unavailable
06037001992,Los Angeles County fallback SVI tract 1992,6467,63.43,32.6,15.2,12.3,5.6,33.072753999999996,-118.71357900000001,LA County / CDC SVI style,simulated_fallback_due_download_missing_or_unavailable
06037001993,Los Angeles County fallback SVI tract 1993,1543,44.99,10.1,12.3,13.8,7.8,34.727630999999995,-118.83247200000001,LA County / CDC SVI style,simulated_fallback_due_download_missing_or_unavailable
06037001994,Los Angeles County fallback SVI tract 1994,6052,61.13,24.2,13.0,13.3,8.9,34.453955,-118.41239700000001,LA County / CDC SVI style,simulated_fallback_due_download_missing_or_unavailable
06037001995,Los Angeles County fallback SVI tract 1995,4228,44.03,11.9,3.9,6.0,20.1,32.811762,-118.513673,LA County / CDC SVI style,simulated_fallback_due_download_missing_or_unavailable
06037001996,Los Angeles County fallback SVI tract 1996,2575,70.47,35.8,7.1,20.1,8.8,32.81657,-118.14609399999999,LA County / CDC SVI style,simulated_fallback_due_download_missing_or_unavailable
06037001997,Los Angeles County fallback SVI tract 1997,4784,48.08,8.8,15.4,7.1,10.3,34.123960000000004,-118.70121099999999,LA County / CDC SVI style,simulated_fallback_due_download_missing_or_unavailable
06037001998,Los Angeles County fallback SVI tract 1998,2680,37.19,6.2,9.6,15.1,9.3,34.310722,-117.995736,LA County / CDC SVI style,simulated_fallback_due_download_missing_or_unavailable
06037001999,Los Angeles County fallback SVI tract 1999,3321,48.88,8.7,6.0,16.7,17.0,33.248042,-118.288422,LA County / CDC SVI style,simulated_fallback_due_download_missing_or_unavailable
06037002000,Los Angeles County fallback SVI tract 2000,4950,41.94,7.4,14.3,7.1,6.1,33.948414,-118.107393,LA County / CDC SVI style,simulated_fallback_due_download_missing_or_unavailable
06037002001,Los Angeles County fallback SVI tract 2001,4367,74.06,33.3,5.5,21.8,20.1,33.115081999999994,-117.79839199999999,LA County / CDC SVI style,simulated_fallback_due_download_missing_or_unavailable
06037002002,Los Angeles County fallback SVI tract 2002,1916,50.09,9.6,10.0,10.2,17.3,34.143111,-118.00961,LA County / CDC SVI style,simulated_fallback_due_download_missing_or_unavailable
06037002003,Los Angeles County fallback SVI tract 2003,6963,60.08,19.3,13.7,20.3,16.8,33.147921,-118.16534200000001,LA County / CDC SVI style,simulated_fallback_due_download_missing_or_unavailable
06037002004,Los Angeles County fallback SVI tract 2004,1236,41.21,10.9,6.4,17.7,11.1,34.282019000000005,-117.664066,LA County / CDC SVI style,simulated_fallback_due_download_missing_or_unavailable
06037002005,Los Angeles County fallback SVI tract 2005,4488,67.51,34.6,3.5,21.5,20.5,34.192254000000005,-118.625154,LA County / CDC SVI style,simulated_fallback_due_download_missing_or_unavailable
06037002006,Los Angeles County fallback SVI tract 2006,6091,39.26,8.6,5.9,14.4,6.8,33.273627,-118.61861400000001,LA County / CDC SVI style,simulated_fallback_due_download_missing_or_unavailable
06037002007,Los Angeles County fallback SVI tract 2007,2889,56.0,10.1,10.3,18.6,14.4,33.239861,-117.798664,LA County / CDC SVI style,simulated_fallback_due_download_missing_or_unavailable
06037002008,Los Angeles County fallback SVI tract 2008,2529,64.05,28.8,3.6,21.7,11.7,34.46135,-118.58519100000001,LA County / CDC SVI style,simulated_fallback_due_download_missing_or_unavailable
06037002009,Los Angeles County fallback SVI tract 2009,5760,55.05,36.8,2.0,7.8,12.3,34.080547,-118.33473799999999,LA County / CDC SVI style,simulated_fallback_due_download_missing_or_unavailable
06037002010,Los Angeles County fallback SVI tract 2010,4260,47.49,15.7,9.3,12.8,15.2,32.935427999999995,-117.90913900000001,LA County / CDC SVI style,simulated_fallback_due_download_missing_or_unavailable
06037002011,Los Angeles County fallback SVI tract 2011,2263,47.02,5.0,9.5,18.6,16.8,34.017075,-117.877911,LA County / CDC SVI style,simulated_fallback_due_download_missing_or_unavailable
06037002012,Los Angeles County fallback SVI tract 2012,1761,73.65,37.3,12.6,11.4,10.2,34.294779999999996,-117.72819199999999,LA County / CDC SVI style,simulated_fallback_due_download_missing_or_unavailable
06037002013,Los Angeles County fallback SVI tract 2013,6345,67.08,35.1,10.3,17.1,15.4,34.10358,-118.87264,LA County / CDC SVI style,simulated_fallback_due_download_missing_or_unavailable
06037002014,Los Angeles County fallback SVI tract 2014,4452,71.45,27.5,14.4,21.3,17.6,32.960304,-118.444302,LA County / CDC SVI style,simulated_fallback_due_download_missing_or_unavailable
06037002015,Los Angeles County fallback SVI tract 2015,1565,65.91,29.8,7.6,23.2,4.6,34.03392899999999,-118.078404,LA County / CDC SVI style,simulated_fallback_due_download_missing_or_unavailable
06037002016,Los Angeles County fallback SVI tract 2016,4011,52.9,20.1,9.2,22.7,10.6,34.266575,-118.940887,LA County / CDC SVI style,simulated_fallback_due_download_missing_or_unavailable
06037002017,Los Angeles County fallback SVI tract 2017,6453,50.86,29.7,5.4,17.8,11.2,33.11275199999999,-118.05603,LA County / CDC SVI style,simulated_fallback_due_download_missing_or_unavailable
06037002018,Los Angeles County fallback SVI tract 2018,5066,47.67,12.2,4.5,14.4,14.7,33.974026,-118.159753,LA County / CDC SVI style,simulated_fallback_due_download_missing_or_unavailable
06037002019,Los Angeles County fallback SVI tract 2019,6372,40.03,3.9,5.9,21.2,14.7,33.28433,-118.769237,LA County / CDC SVI style,simulated_fallback_due_download_missing_or_unavailable
06037002020,Los Angeles County fallback SVI tract 2020,5017,64.13,27.8,15.7,8.9,18.7,33.060368000000004,-118.55826400000001,LA County / CDC SVI style,simulated_fallback_due_download_missing_or_unavailable
06037002021,Los Angeles County fallback SVI tract 2021,3998,48.94,6.8,14.2,13.5,8.9,33.73912,-118.493125,LA County / CDC SVI style,simulated_fallback_due_download_missing_or_unavailable
06037002022,Los Angeles County fallback SVI tract 2022,4191,67.51,37.6,9.4,13.7,17.7,34.718613999999995,-118.940653,LA County / CDC SVI style,simulated_fallback_due_download_missing_or_unavailable
06037002023,Los Angeles County fallback SVI tract 2023,874,35.83,11.0,3.0,7.6,15.0,34.81031,-118.770021,LA County / CDC SVI style,simulated_fallback_due_download_missing_or_unavailable
06037002024,Los Angeles County fallback SVI tract 2024,6856,54.68,22.2,4.7,8.8,19.6,32.886203,-117.97481,LA County / CDC SVI style,simulated_fallback_due_download_missing_or_unavailable
06037002025,Los Angeles County fallback SVI tract 2025,5561,67.77,37.0,10.9,12.7,6.1,32.823153000000005,-118.89661100000001,LA County / CDC SVI style,simulated_fallback_due_download_missing_or_unavailable
06037002026,Los Angeles County fallback SVI tract 2026,3009,52.78,26.6,8.0,8.0,13.0,32.825509000000004,-118.73617100000001,LA County / CDC SVI style,simulated_fallback_due_download_missing_or_unavailable
06037002027,Los Angeles County fallback SVI tract 2027,3651,59.34,25.8,5.3,23.6,17.9,34.564523,-118.721706,LA County / CDC SVI style,simulated_fallback_due_download_missing_or_unavailable
06037002028,Los Angeles County fallback SVI tract 2028,4186,55.57,30.7,1.7,13.8,15.8,33.730689,-117.796472,LA County / CDC SVI style,simulated_fallback_due_download_missing_or_unavailable
06037002029,Los Angeles County fallback SVI tract 2029,851,66.21,32.2,3.1,19.4,18.4,32.974298,-117.96796099999999,LA County / CDC SVI style,simulated_fallback_due_download_missing_or_unavailable
06037002030,Los Angeles County fallback SVI tract 2030,1957,64.19,33.3,11.7,14.7,10.7,34.258547,-118.094443,LA County / CDC SVI style,simulated_fallback_due_download_missing_or_unavailable
06037002031,Los Angeles County fallback SVI tract 2031,4219,73.76,22.1,13.2,21.2,18.0,33.675291,-118.85637499999999,LA County / CDC SVI style,simulated_fallback_due_download_missing_or_unavailable
06037002032,Los Angeles County fallback SVI tract 2032,2652,47.69,6.2,14.6,5.4,19.7,33.684687999999994,-118.02454499999999,LA County / CDC SVI style,simulated_fallback_due_download_missing_or_unavailable
06037002033,Los Angeles County fallback SVI tract 2033,6678,53.09,29.2,4.4,15.6,15.3,33.49456299999999,-117.66514099999999,LA County / CDC SVI style,simulated_fallback_due_download_missing_or_unavailable
06037002034,Los Angeles County fallback SVI tract 2034,4085,71.23,27.5,14.9,19.9,13.6,33.949385,-118.67944399999999,LA County / CDC SVI style,simulated_fallback_due_download_missing_or_unavailable
06037002035,Los Angeles County fallback SVI tract 2035,1559,72.23,35.8,11.3,14.3,21.5,34.049595000000004,-118.84974299999999,LA County / CDC SVI style,simulated_fallback_due_download_missing_or_unavailable
06037002036,Los Angeles County fallback SVI tract 2036,4125,29.46,6.3,2.0,18.0,6.5,34.367324999999994,-118.05431800000001,LA County / CDC SVI style,simulated_fallback_due_download_missing_or_unavailable
06037002037,Los Angeles County fallback SVI tract 2037,3099,55.34,24.8,2.3,14.8,16.0,32.889763,-117.673088,LA County / CDC SVI style,simulated_fallback_due_download_missing_or_unavailable
06037002038,Los Angeles County fallback SVI tract 2038,2958,46.63,22.2,2.9,9.4,9.8,34.303794,-118.598135,LA County / CDC SVI style,simulated_fallback_due_download_missing_or_unavailable
06037002039,Los Angeles County fallback SVI tract 2039,2063,43.23,19.5,2.3,9.8,15.4,33.273467000000004,-118.915331,LA County / CDC SVI style,simulated_fallback_due_download_missing_or_unavailable
06037002040,Los Angeles County fallback SVI tract 2040,3858,44.13,23.4,1.6,12.3,12.0,34.330532,-118.031456,LA County / CDC SVI style,simulated_fallback_due_download_missing_or_unavailable
06037002041,Los Angeles County fallback SVI tract 2041,5661,54.95,15.2,11.0,19.2,16.3,33.154103,-118.90381199999999,LA County / CDC SVI style,simulated_fallback_due_download_missing_or_unavailable
06037002042,Los Angeles County fallback SVI tract 2042,4696,25.95,11.4,2.6,9.8,6.7,33.760573,-117.775882,LA County / CDC SVI style,simulated_fallback_due_download_missing_or_unavailable
06037002043,Los Angeles County fallback SVI tract 2043,6229,34.76,14.9,10.5,6.4,8.4,34.025091999999994,-118.30092400000001,LA County / CDC SVI style,simulated_fallback_due_download_missing_or_unavailable
06037002044,Los Angeles County fallback SVI tract 2044,1955,75.86,27.8,12.4,20.2,13.5,33.334115999999995,-117.912942,LA County / CDC SVI style,simulated_fallback_due_download_missing_or_unavailable
06037002045,Los Angeles County fallback SVI tract 2045,6245,63.04,25.3,14.4,5.2,17.4,33.132671,-118.079146,LA County / CDC SVI style,simulated_fallback_due_download_missing_or_unavailable
06037002046,Los Angeles County fallback SVI tract 2046,5341,64.75,24.6,14.5,23.5,4.2,33.513124999999995,-117.891874,LA County / CDC SVI style,simulated_fallback_due_download_missing_or_unavailable
06037002047,Los Angeles County fallback SVI tract 2047,1505,35.86,17.0,6.7,11.4,6.0,33.441810999999994,-118.72715000000001,LA County / CDC SVI style,simulated_fallback_due_download_missing_or_unavailable
06037002048,Los Angeles County fallback SVI tract 2048,6234,49.65,16.4,8.5,14.7,19.5,33.923422,-117.88728499999999,LA County / CDC SVI style,simulated_fallback_due_download_missing_or_unavailable
06037002049,Los Angeles County fallback SVI tract 2049,5288,72.54,37.2,12.7,16.3,4.3,33.615635,-117.82703699999999,LA County / CDC SVI style,simulated_fallback_due_download_missing_or_unavailable
06037002050,Los Angeles County fallback SVI tract 2050,2384,52.72,17.0,9.0,11.3,12.4,33.862705,-117.780675,LA County / CDC SVI style,simulated_fallback_due_download_missing_or_unavailable
06037002051,Los Angeles County fallback SVI tract 2051,4876,32.87,21.2,4.9,5.7,5.2,34.453118,-118.54000599999999,LA County / CDC SVI style,simulated_fallback_due_download_missing_or_unavailable
06037002052,Los Angeles County fallback SVI tract 2052,6998,54.66,24.4,5.8,17.5,8.6,34.384923,-117.755311,LA County / CDC SVI style,simulated_fallback_due_download_missing_or_unavailable
06037002053,Los Angeles County fallback SVI tract 2053,1522,38.11,14.0,9.8,7.8,14.0,34.608106,-117.81687,LA County / CDC SVI style,simulated_fallback_due_download_missing_or_unavailable
06037002054,Los Angeles County fallback SVI tract 2054,5869,68.65,30.5,9.4,23.5,12.8,34.089208,-118.61917100000001,LA County / CDC SVI style,simulated_fallback_due_download_missing_or_unavailable
06037002055,Los Angeles County fallback SVI tract 2055,1620,44.29,27.2,4.9,15.7,6.4,32.949316,-117.781015,LA County / CDC SVI style,simulated_fallback_due_download_missing_or_unavailable
06037002056,Los Angeles County fallback SVI tract 2056,1186,57.15,26.1,7.9,12.8,6.5,34.036407,-118.83797999999999,LA County / CDC SVI style,simulated_fallback_due_download_missing_or_unavailable
06037002057,Los Angeles County fallback SVI tract 2057,3305,53.18,29.8,2.5,16.2,10.1,32.766781,-118.31812400000001,LA County / CDC SVI style,simulated_fallback_due_download_missing_or_unavailable
06037002058,Los Angeles County fallback SVI tract 2058,7035,66.17,23.4,7.7,18.7,19.6,32.884114000000004,-118.53430399999999,LA County / CDC SVI style,simulated_fallback_due_download_missing_or_unavailable
06037002059,Los Angeles County fallback SVI tract 2059,5496,49.1,22.1,8.9,13.8,14.6,33.01357599999999,-118.37371900000001,LA County / CDC SVI style,simulated_fallback_due_download_missing_or_unavailable
06037002060,Los Angeles County fallback SVI tract 2060,2472,40.42,7.5,6.1,20.7,9.0,33.281755999999994,-118.140591,LA County / CDC SVI style,simulated_fallback_due_download_missing_or_unavailable
06037002061,Los Angeles County fallback SVI tract 2061,4727,50.7,29.4,4.8,9.5,4.2,34.375254,-117.983629,LA County / CDC SVI style,simulated_fallback_due_download_missing_or_unavailable
06037002062,Los Angeles County fallback SVI tract 2062,1731,42.82,6.0,9.9,16.4,20.1,34.305573,-118.35378800000001,LA County / CDC SVI style,simulated_fallback_due_download_missing_or_unavailable
06037002063,Los Angeles County fallback SVI tract 2063,2883,44.54,4.8,13.8,21.3,10.9,34.34304099999999,-118.12710799999999,LA County / CDC SVI style,simulated_fallback_due_download_missing_or_unavailable
06037002064,Los Angeles County fallback SVI tract 2064,4093,42.26,14.5,6.6,15.0,15.6,32.941939000000005,-118.58831599999999,LA County / CDC SVI style,simulated_fallback_due_download_missing_or_unavailable
06037002065,Los Angeles County fallback SVI tract 2065,1073,61.84,31.5,9.1,15.7,12.2,33.05457799999999,-118.109296,LA County / CDC SVI style,simulated_fallback_due_download_missing_or_unavailable
06037002066,Los Angeles County fallback SVI tract 2066,6843,50.24,22.4,6.2,20.3,8.4,34.571889,-118.55221999999999,LA County / CDC SVI style,simulated_fallback_due_download_missing_or_unavailable
06037002067,Los Angeles County fallback SVI tract 2067,1912,63.97,37.8,4.3,14.6,9.0,33.896342,-118.13750999999999,LA County / CDC SVI style,simulated_fallback_due_download_missing_or_unavailable
06037002068,Los Angeles County fallback SVI tract 2068,2665,32.55,4.3,11.3,7.1,16.5,32.825339,-118.511689,LA County / CDC SVI style,simulated_fallback_due_download_missing_or_unavailable
06037002069,Los Angeles County fallback SVI tract 2069,4755,73.6,26.1,12.3,20.4,13.8,34.703536,-118.642573,LA County / CDC SVI style,simulated_fallback_due_download_missing_or_unavailable
06037002070,Los Angeles County fallback SVI tract 2070,5960,47.08,19.3,8.7,15.0,15.9,33.889331,-117.982924,LA County / CDC SVI style,simulated_fallback_due_download_missing_or_unavailable
06037002071,Los Angeles County fallback SVI tract 2071,1569,42.87,5.6,6.7,14.1,14.1,34.03220699999999,-118.39291399999999,LA County / CDC SVI style,simulated_fallback_due_download_missing_or_unavailable
06037002072,Los Angeles County fallback SVI tract 2072,5384,29.91,4.8,7.0,23.4,4.3,33.117801,-118.577165,LA County / CDC SVI style,simulated_fallback_due_download_missing_or_unavailable
06037002073,Los Angeles County fallback SVI tract 2073,3771,53.73,18.8,12.6,16.7,15.0,33.277736,-118.75979500000001,LA County / CDC SVI style,simulated_fallback_due_download_missing_or_unavailable
06037002074,Los Angeles County fallback SVI tract 2074,1917,44.2,23.1,6.4,5.1,17.9,33.916045999999994,-118.813763,LA County / CDC SVI style,simulated_fallback_due_download_missing_or_unavailable
06037002075,Los Angeles County fallback SVI tract 2075,2133,54.07,17.5,15.6,13.4,10.6,34.427963999999996,-118.68016,LA County / CDC SVI style,simulated_fallback_due_download_missing_or_unavailable
06037002076,Los Angeles County fallback SVI tract 2076,3197,67.1,36.7,10.0,12.5,16.4,34.497057,-118.56666700000001,LA County / CDC SVI style,simulated_fallback_due_download_missing_or_unavailable
06037002077,Los Angeles County fallback SVI tract 2077,3417,73.59,35.6,13.0,14.9,13.9,34.144916,-117.89423900000001,LA County / CDC SVI style,simulated_fallback_due_download_missing_or_unavailable
06037002078,Los Angeles County fallback SVI tract 2078,2714,36.96,18.8,5.3,7.6,18.4,33.619996,-118.62970600000001,LA County / CDC SVI style,simulated_fallback_due_download_missing_or_unavailable
06037002079,Los Angeles County fallback SVI tract 2079,2497,56.36,32.3,9.5,20.7,7.6,33.982111999999994,-118.33826300000001,LA County / CDC SVI style,simulated_fallback_due_download_missing_or_unavailable
06037002080,Los Angeles County fallback SVI tract 2080,5252,60.67,34.2,13.0,5.2,14.9,33.586614,-118.143221,LA County / CDC SVI style,simulated_fallback_due_download_missing_or_unavailable
06037002081,Los Angeles County fallback SVI tract 2081,3831,45.63,18.6,10.2,11.0,16.8,33.192747999999995,-118.185969,LA County / CDC SVI style,simulated_fallback_due_download_missing_or_unavailable
06037002082,Los Angeles County fallback SVI tract 2082,2107,65.98,24.9,14.4,15.0,10.6,34.644111,-118.558051,LA County / CDC SVI style,simulated_fallback_due_download_missing_or_unavailable
06037002083,Los Angeles County fallback SVI tract 2083,5860,66.39,31.7,10.7,19.9,18.3,34.432308,-118.19654600000001,LA County / CDC SVI style,simulated_fallback_due_download_missing_or_unavailable
06037002084,Los Angeles County fallback SVI tract 2084,6020,59.92,19.4,7.8,22.9,12.4,33.15381,-117.67068300000001,LA County / CDC SVI style,simulated_fallback_due_download_missing_or_unavailable
06037002085,Los Angeles County fallback SVI tract 2085,6209,62.48,24.8,3.8,19.9,18.3,33.447375,-118.367184,LA County / CDC SVI style,simulated_fallback_due_download_missing_or_unavailable
06037002086,Los Angeles County fallback SVI tract 2086,3734,46.85,24.0,4.7,20.3,5.3,34.356883,-117.99700299999999,LA County / CDC SVI style,simulated_fallback_due_download_missing_or_unavailable
06037002087,Los Angeles County fallback SVI tract 2087,2991,65.77,19.6,8.5,19.4,21.9,33.426902,-117.94191900000001,LA County / CDC SVI style,simulated_fallback_due_download_missing_or_unavailable
06037002088,Los Angeles County fallback SVI tract 2088,4993,40.95,10.9,2.8,17.4,12.9,33.433498,-118.395442,LA County / CDC SVI style,simulated_fallback_due_download_missing_or_unavailable
06037002089,Los Angeles County fallback SVI tract 2089,1218,56.83,27.3,4.4,21.6,20.9,33.25017999999999,-118.12277099999999,LA County / CDC SVI style,simulated_fallback_due_download_missing_or_unavailable
06037002090,Los Angeles County fallback SVI tract 2090,3147,52.67,30.5,4.0,9.8,9.5,33.163227,-117.66421199999999,LA County / CDC SVI style,simulated_fallback_due_download_missing_or_unavailable
06037002091,Los Angeles County fallback SVI tract 2091,3632,37.2,7.3,2.6,7.5,21.9,33.812096,-117.718516,LA County / CDC SVI style,simulated_fallback_due_download_missing_or_unavailable
06037002092,Los Angeles County fallback SVI tract 2092,3095,52.94,10.0,12.0,20.6,19.6,34.105065,-117.67568100000001,LA County / CDC SVI style,simulated_fallback_due_download_missing_or_unavailable
06037002093,Los Angeles County fallback SVI tract 2093,1854,42.49,9.9,15.8,8.8,8.5,32.979521,-117.677163,LA County / CDC SVI style,simulated_fallback_due_download_missing_or_unavailable
06037002094,Los Angeles County fallback SVI tract 2094,7113,28.24,8.8,3.1,5.5,16.1,33.900068,-118.84962,LA County / CDC SVI style,simulated_fallback_due_download_missing_or_unavailable
06037002095,Los Angeles County fallback SVI tract 2095,6839,52.68,6.7,13.6,6.5,20.4,34.578662,-118.139214,LA County / CDC SVI style,simulated_fallback_due_download_missing_or_unavailable
06037002096,Los Angeles County fallback SVI tract 2096,6156,66.27,37.4,9.9,23.2,7.3,33.758732,-118.019914,LA County / CDC SVI style,simulated_fallback_due_download_missing_or_unavailable
06037002097,Los Angeles County fallback SVI tract 2097,3654,58.97,32.7,6.2,6.8,11.1,34.342832,-117.824287,LA County / CDC SVI style,simulated_fallback_due_download_missing_or_unavailable
06037002098,Los Angeles County fallback SVI tract 2098,4463,71.31,31.3,12.7,8.5,20.7,33.157744,-117.93732,LA County / CDC SVI style,simulated_fallback_due_download_missing_or_unavailable
06037002099,Los Angeles County fallback SVI tract 2099,4839,61.11,36.8,4.4,16.7,6.0,34.181110000000004,-118.812453,LA County / CDC SVI style,simulated_fallback_due_download_missing_or_unavailable
06037002100,Los Angeles County fallback SVI tract 2100,4681,50.64,26.6,3.6,16.3,13.7,33.734995,-118.060396,LA County / CDC SVI style,simulated_fallback_due_download_missing_or_unavailable
06037002101,Los Angeles County fallback SVI tract 2101,6809,44.68,24.8,5.3,10.1,19.0,32.87251199999999,-117.923272,LA County / CDC SVI style,simulated_fallback_due_download_missing_or_unavailable
06037002102,Los Angeles County fallback SVI tract 2102,7161,62.12,18.0,12.7,6.4,20.2,34.353063,-118.435277,LA County / CDC SVI style,simulated_fallback_due_download_missing_or_unavailable
06037002103,Los Angeles County fallback SVI tract 2103,5851,44.39,7.0,8.9,10.2,15.5,33.10841799999999,-118.66929,LA County / CDC SVI style,simulated_fallback_due_download_missing_or_unavailable
06037002104,Los Angeles County fallback SVI tract 2104,4847,25.31,6.2,6.8,14.2,6.5,33.976049,-118.946497,LA County / CDC SVI style,simulated_fallback_due_download_missing_or_unavailable
06037002105,Los Angeles County fallback SVI tract 2105,4507,50.37,10.0,6.3,13.3,21.5,33.275856,-118.49626900000001,LA County / CDC SVI style,simulated_fallback_due_download_missing_or_unavailable
06037002106,Los Angeles County fallback SVI tract 2106,2253,65.29,35.4,5.2,12.2,17.5,34.244458,-117.746445,LA County / CDC SVI style,simulated_fallback_due_download_missing_or_unavailable
06037002107,Los Angeles County fallback SVI tract 2107,4761,70.29,36.5,11.5,7.0,11.2,33.644996000000006,-118.342835,LA County / CDC SVI style,simulated_fallback_due_download_missing_or_unavailable
06037002108,Los Angeles County fallback SVI tract 2108,1552,47.25,20.0,6.2,16.0,17.4,34.815008999999996,-117.726972,LA County / CDC SVI style,simulated_fallback_due_download_missing_or_unavailable
06037002109,Los Angeles County fallback SVI tract 2109,6396,46.83,14.2,5.1,19.9,20.5,32.991826999999994,-118.684411,LA County / CDC SVI style,simulated_fallback_due_download_missing_or_unavailable
06037002110,Los Angeles County fallback SVI tract 2110,5460,62.2,16.1,13.5,18.7,16.9,33.44003,-118.582367,LA County / CDC SVI style,simulated_fallback_due_download_missing_or_unavailable
06037002111,Los Angeles County fallback SVI tract 2111,4002,38.03,29.4,5.6,7.3,7.0,33.800923,-117.715347,LA County / CDC SVI style,simulated_fallback_due_download_missing_or_unavailable
06037002112,Los Angeles County fallback SVI tract 2112,3024,27.8,8.3,3.2,9.0,6.6,34.02661,-118.271297,LA County / CDC SVI style,simulated_fallback_due_download_missing_or_unavailable
06037002113,Los Angeles County fallback SVI tract 2113,5982,40.25,3.2,10.9,22.1,7.7,34.652799,-118.542493,LA County / CDC SVI style,simulated_fallback_due_download_missing_or_unavailable
06037002114,Los Angeles County fallback SVI tract 2114,2344,54.43,16.5,9.8,13.4,20.9,32.811541,-118.162933,LA County / CDC SVI style,simulated_fallback_due_download_missing_or_unavailable
06037002115,Los Angeles County fallback SVI tract 2115,6053,59.72,8.2,13.0,19.4,17.8,33.71888799999999,-118.86586499999999,LA County / CDC SVI style,simulated_fallback_due_download_missing_or_unavailable
06037002116,Los Angeles County fallback SVI tract 2116,2782,44.9,32.2,6.6,7.8,5.1,33.216895,-118.894586,LA County / CDC SVI style,simulated_fallback_due_download_missing_or_unavailable
06037002117,Los Angeles County fallback SVI tract 2117,2025,73.39,26.4,14.2,23.7,13.6,33.641992,-117.742765,LA County / CDC SVI style,simulated_fallback_due_download_missing_or_unavailable
06037002118,Los Angeles County fallback SVI tract 2118,6418,20.01,6.2,3.5,11.5,8.1,33.158116,-118.668424,LA County / CDC SVI style,simulated_fallback_due_download_missing_or_unavailable
06037002119,Los Angeles County fallback SVI tract 2119,2236,77.38,29.6,13.4,23.3,7.9,33.600239,-118.632442,LA County / CDC SVI style,simulated_fallback_due_download_missing_or_unavailable
06037002120,Los Angeles County fallback SVI tract 2120,7096,42.52,9.8,8.4,19.3,4.1,34.681629,-118.455926,LA County / CDC SVI style,simulated_fallback_due_download_missing_or_unavailable
06037002121,Los Angeles County fallback SVI tract 2121,4340,26.79,9.1,2.1,9.9,6.2,33.97549,-118.634245,LA County / CDC SVI style,simulated_fallback_due_download_missing_or_unavailable
06037002122,Los Angeles County fallback SVI tract 2122,6973,61.31,32.4,11.3,13.1,12.9,33.30005,-118.02621099999999,LA County / CDC SVI style,simulated_fallback_due_download_missing_or_unavailable
06037002123,Los Angeles County fallback SVI tract 2123,1827,60.77,33.8,2.5,17.1,7.7,34.323112,-118.63554300000001,LA County / CDC SVI style,simulated_fallback_due_download_missing_or_unavailable
06037002124,Los Angeles County fallback SVI tract 2124,2696,52.19,16.8,15.4,6.9,19.4,33.89485799999999,-118.89111700000001,LA County / CDC SVI style,simulated_fallback_due_download_missing_or_unavailable
06037002125,Los Angeles County fallback SVI tract 2125,4754,35.4,8.8,7.0,8.7,11.9,34.389129000000004,-118.117661,LA County / CDC SVI style,simulated_fallback_due_download_missing_or_unavailable
06037002126,Los Angeles County fallback SVI tract 2126,3476,42.33,17.4,9.4,13.8,5.0,34.485901,-117.86142500000001,LA County / CDC SVI style,simulated_fallback_due_download_missing_or_unavailable
06037002127,Los Angeles County fallback SVI tract 2127,1307,62.25,15.4,5.0,23.1,20.2,33.705200000000005,-118.949686,LA County / CDC SVI style,simulated_fallback_due_download_missing_or_unavailable
06037002128,Los Angeles County fallback SVI tract 2128,4031,30.84,3.1,3.7,9.6,12.9,33.380624,-118.186585,LA County / CDC SVI style,simulated_fallback_due_download_missing_or_unavailable
06037002129,Los Angeles County fallback SVI tract 2129,4504,56.17,16.8,9.5,20.9,16.3,34.539108999999996,-118.044666,LA County / CDC SVI style,simulated_fallback_due_download_missing_or_unavailable
06037002130,Los Angeles County fallback SVI tract 2130,1645,43.23,10.1,15.7,17.9,5.0,32.959838000000005,-118.29820099999999,LA County / CDC SVI style,simulated_fallback_due_download_missing_or_unavailable
06037002131,Los Angeles County fallback SVI tract 2131,5145,35.9,4.2,12.0,9.1,17.6,33.330788,-117.751414,LA County / CDC SVI style,simulated_fallback_due_download_missing_or_unavailable
06037002132,Los Angeles County fallback SVI tract 2132,4009,76.56,34.6,13.8,22.2,18.6,34.502995,-118.303883,LA County / CDC SVI style,simulated_fallback_due_download_missing_or_unavailable
06037002133,Los Angeles County fallback SVI tract 2133,3810,36.94,20.3,8.8,6.3,10.3,34.172765,-118.41188,LA County / CDC SVI style,simulated_fallback_due_download_missing_or_unavailable
06037002134,Los Angeles County fallback SVI tract 2134,2671,58.79,32.8,11.5,9.4,10.4,34.159397,-117.687378,LA County / CDC SVI style,simulated_fallback_due_download_missing_or_unavailable
06037002135,Los Angeles County fallback SVI tract 2135,6179,37.98,23.0,8.5,6.8,4.7,32.99292,-118.84159199999999,LA County / CDC SVI style,simulated_fallback_due_download_missing_or_unavailable
06037002136,Los Angeles County fallback SVI tract 2136,4597,56.4,33.8,4.7,18.2,8.3,32.850016000000004,-117.665842,LA County / CDC SVI style,simulated_fallback_due_download_missing_or_unavailable
06037002137,Los Angeles County fallback SVI tract 2137,3952,34.78,14.8,8.8,7.6,10.5,34.121897000000004,-118.555824,LA County / CDC SVI style,simulated_fallback_due_download_missing_or_unavailable
06037002138,Los Angeles County fallback SVI tract 2138,3175,56.96,21.4,15.6,7.3,8.4,34.184015,-118.80594699999999,LA County / CDC SVI style,simulated_fallback_due_download_missing_or_unavailable
06037002139,Los Angeles County fallback SVI tract 2139,1139,66.48,17.4,11.4,19.5,18.6,34.73758,-117.96573799999999,LA County / CDC SVI style,simulated_fallback_due_download_missing_or_unavailable
06037002140,Los Angeles County fallback SVI tract 2140,4654,34.79,3.7,2.8,18.1,16.8,33.523129,-118.012868,LA County / CDC SVI style,simulated_fallback_due_download_missing_or_unavailable
06037002141,Los Angeles County fallback SVI tract 2141,7117,49.6,19.8,4.1,21.1,15.0,33.880514999999995,-118.50295100000001,LA County / CDC SVI style,simulated_fallback_due_download_missing_or_unavailable
06037002142,Los Angeles County fallback SVI tract 2142,1792,60.91,31.0,3.8,9.5,19.9,34.179876,-117.672868,LA County / CDC SVI style,simulated_fallback_due_download_missing_or_unavailable
06037002143,Los Angeles County fallback SVI tract 2143,3929,67.87,34.3,8.7,17.0,6.6,33.512335,-118.401503,LA County / CDC SVI style,simulated_fallback_due_download_missing_or_unavailable
06037002144,Los Angeles County fallback SVI tract 2144,3561,41.63,10.8,5.0,14.5,9.2,33.203666999999996,-118.71145100000001,LA County / CDC SVI style,simulated_fallback_due_download_missing_or_unavailable
06037002145,Los Angeles County fallback SVI tract 2145,3473,36.45,8.9,4.6,22.4,7.1,34.426669999999994,-118.236771,LA County / CDC SVI style,simulated_fallback_due_download_missing_or_unavailable
06037002146,Los Angeles County fallback SVI tract 2146,6059,31.36,8.8,10.6,6.4,12.1,34.058921999999995,-117.81847,LA County / CDC SVI style,simulated_fallback_due_download_missing_or_unavailable
06037002147,Los Angeles County fallback SVI tract 2147,5681,74.19,29.8,14.8,19.7,9.1,34.781683,-118.722053,LA County / CDC SVI style,simulated_fallback_due_download_missing_or_unavailable
06037002148,Los Angeles County fallback SVI tract 2148,3174,59.21,21.2,13.4,14.9,19.7,34.231123000000004,-117.821488,LA County / CDC SVI style,simulated_fallback_due_download_missing_or_unavailable
06037002149,Los Angeles County fallback SVI tract 2149,5811,67.3,20.4,15.0,22.7,8.2,32.874416999999994,-118.83209099999999,LA County / CDC SVI style,simulated_fallback_due_download_missing_or_unavailable
06037002150,Los Angeles County fallback SVI tract 2150,5002,68.64,28.5,5.1,19.9,20.8,33.36849599999999,-118.32029299999999,LA County / CDC SVI style,simulated_fallback_due_download_missing_or_unavailable
06037002151,Los Angeles County fallback SVI tract 2151,5514,56.85,16.1,10.4,23.0,19.8,33.898011999999994,-118.402636,LA County / CDC SVI style,simulated_fallback_due_download_missing_or_unavailable
06037002152,Los Angeles County fallback SVI tract 2152,1003,32.68,3.5,9.7,7.6,8.7,33.395968,-118.09555399999999,LA County / CDC SVI style,simulated_fallback_due_download_missing_or_unavailable
06037002153,Los Angeles County fallback SVI tract 2153,6186,49.45,19.9,10.7,6.0,17.5,34.357424,-118.15328600000001,LA County / CDC SVI style,simulated_fallback_due_download_missing_or_unavailable
06037002154,Los Angeles County fallback SVI tract 2154,5158,58.65,15.9,12.3,22.8,16.0,34.351658,-118.520758,LA County / CDC SVI style,simulated_fallback_due_download_missing_or_unavailable
06037002155,Los Angeles County fallback SVI tract 2155,3798,55.52,12.6,13.2,15.4,12.6,34.59177,-117.80289,LA County / CDC SVI style,simulated_fallback_due_download_missing_or_unavailable
06037002156,Los Angeles County fallback SVI tract 2156,1134,71.28,28.9,6.9,23.2,19.8,33.915462000000005,-118.12442700000001,LA County / CDC SVI style,simulated_fallback_due_download_missing_or_unavailable
06037002157,Los Angeles County fallback SVI tract 2157,4439,51.89,3.9,15.6,6.8,17.8,33.220561999999994,-118.94771,LA County / CDC SVI style,simulated_fallback_due_download_missing_or_unavailable
06037002158,Los Angeles County fallback SVI tract 2158,6673,64.68,26.4,14.9,22.3,5.5,33.813949,-118.333198,LA County / CDC SVI style,simulated_fallback_due_download_missing_or_unavailable
06037002159,Los Angeles County fallback SVI tract 2159,3353,50.7,7.5,14.6,14.9,11.9,34.696999999999996,-117.89609700000001,LA County / CDC SVI style,simulated_fallback_due_download_missing_or_unavailable
06037002160,Los Angeles County fallback SVI tract 2160,3342,31.9,3.4,3.1,9.8,16.4,33.772969,-118.59797599999999,LA County / CDC SVI style,simulated_fallback_due_download_missing_or_unavailable
06037002161,Los Angeles County fallback SVI tract 2161,3783,68.05,35.8,11.4,9.3,16.4,33.216722,-118.07676099999999,LA County / CDC SVI style,simulated_fallback_due_download_missing_or_unavailable
06037002162,Los Angeles County fallback SVI tract 2162,3920,57.5,17.1,13.9,23.2,4.4,33.868202,-118.127191,LA County / CDC SVI style,simulated_fallback_due_download_missing_or_unavailable
06037002163,Los Angeles County fallback SVI tract 2163,2081,50.48,11.2,13.5,11.4,16.5,33.124839,-117.97622999999999,LA County / CDC SVI style,simulated_fallback_due_download_missing_or_unavailable
06037002164,Los Angeles County fallback SVI tract 2164,3427,31.48,9.8,4.7,13.3,7.2,33.82301699999999,-118.52176,LA County / CDC SVI style,simulated_fallback_due_download_missing_or_unavailable
06037002165,Los Angeles County fallback SVI tract 2165,7106,51.5,34.1,4.5,7.1,12.0,34.031975,-118.743099,LA County / CDC SVI style,simulated_fallback_due_download_missing_or_unavailable
06037002166,Los Angeles County fallback SVI tract 2166,3598,27.13,10.4,8.7,8.4,8.8,33.087408,-118.45130999999999,LA County / CDC SVI style,simulated_fallback_due_download_missing_or_unavailable
06037002167,Los Angeles County fallback SVI tract 2167,2078,61.24,18.5,8.4,15.8,20.3,32.962892000000004,-117.831369,LA County / CDC SVI style,simulated_fallback_due_download_missing_or_unavailable
06037002168,Los Angeles County fallback SVI tract 2168,4360,48.48,27.0,12.8,7.7,8.0,33.907751,-118.13793799999999,LA County / CDC SVI style,simulated_fallback_due_download_missing_or_unavailable
06037002169,Los Angeles County fallback SVI tract 2169,2217,38.28,18.8,5.1,11.0,5.4,33.144174,-118.433925,LA County / CDC SVI style,simulated_fallback_due_download_missing_or_unavailable
06037002170,Los Angeles County fallback SVI tract 2170,1186,65.37,28.9,13.4,22.3,8.8,33.103576999999994,-118.947795,LA County / CDC SVI style,simulated_fallback_due_download_missing_or_unavailable
06037002171,Los Angeles County fallback SVI tract 2171,6865,71.6,36.8,13.3,14.1,4.2,34.060263,-118.37516000000001,LA County / CDC SVI style,simulated_fallback_due_download_missing_or_unavailable
06037002172,Los Angeles County fallback SVI tract 2172,877,75.14,22.0,15.8,18.5,19.6,34.297285,-117.79923799999999,LA County / CDC SVI style,simulated_fallback_due_download_missing_or_unavailable
06037002173,Los Angeles County fallback SVI tract 2173,926,78.95,30.4,15.8,21.8,12.6,33.523478,-118.101587,LA County / CDC SVI style,simulated_fallback_due_download_missing_or_unavailable
06037002174,Los Angeles County fallback SVI tract 2174,6532,62.85,14.9,10.9,20.2,15.3,34.202482999999994,-118.20685,LA County / CDC SVI style,simulated_fallback_due_download_missing_or_unavailable
06037002175,Los Angeles County fallback SVI tract 2175,6244,38.98,6.3,5.1,13.8,17.2,34.526607,-117.893399,LA County / CDC SVI style,simulated_fallback_due_download_missing_or_unavailable
06037002176,Los Angeles County fallback SVI tract 2176,6000,53.24,5.5,15.1,20.2,6.8,33.957546,-118.89376999999999,LA County / CDC SVI style,simulated_fallback_due_download_missing_or_unavailable
06037002177,Los Angeles County fallback SVI tract 2177,3518,59.12,29.9,3.5,20.2,21.7,33.831661999999994,-118.387867,LA County / CDC SVI style,simulated_fallback_due_download_missing_or_unavailable
06037002178,Los Angeles County fallback SVI tract 2178,1204,47.26,15.2,12.8,15.8,8.5,33.122853,-117.937244,LA County / CDC SVI style,simulated_fallback_due_download_missing_or_unavailable
06037002179,Los Angeles County fallback SVI tract 2179,3116,58.53,16.5,13.4,23.2,11.5,34.47491899999999,-118.247851,LA County / CDC SVI style,simulated_fallback_due_download_missing_or_unavailable
06037002180,Los Angeles County fallback SVI tract 2180,1090,31.11,3.3,5.9,13.4,15.1,34.051826,-118.06674000000001,LA County / CDC SVI style,simulated_fallback_due_download_missing_or_unavailable
06037002181,Los Angeles County fallback SVI tract 2181,1874,40.27,7.2,2.0,22.8,9.0,33.196025,-117.81013399999999,LA County / CDC SVI style,simulated_fallback_due_download_missing_or_unavailable
06037002182,Los Angeles County fallback SVI tract 2182,2913,37.0,11.1,2.0,8.2,20.2,34.410334999999996,-118.579061,LA County / CDC SVI style,simulated_fallback_due_download_missing_or_unavailable
06037002183,Los Angeles County fallback SVI tract 2183,2808,59.24,21.1,13.3,15.5,10.1,33.540054999999995,-117.8577,LA County / CDC SVI style,simulated_fallback_due_download_missing_or_unavailable
06037002184,Los Angeles County fallback SVI tract 2184,7105,56.55,10.3,14.3,22.1,5.0,33.474319,-118.27048400000001,LA County / CDC SVI style,simulated_fallback_due_download_missing_or_unavailable
06037002185,Los Angeles County fallback SVI tract 2185,1538,60.47,25.8,6.4,17.1,17.8,33.97783,-118.363561,LA County / CDC SVI style,simulated_fallback_due_download_missing_or_unavailable
06037002186,Los Angeles County fallback SVI tract 2186,3205,61.59,21.5,9.6,23.4,17.1,33.223201,-118.035543,LA County / CDC SVI style,simulated_fallback_due_download_missing_or_unavailable
06037002187,Los Angeles County fallback SVI tract 2187,4001,41.32,11.1,10.9,22.4,8.0,33.280742,-118.364302,LA County / CDC SVI style,simulated_fallback_due_download_missing_or_unavailable
06037002188,Los Angeles County fallback SVI tract 2188,7121,36.58,22.9,2.2,14.8,10.6,34.71375199999999,-118.05247899999999,LA County / CDC SVI style,simulated_fallback_due_download_missing_or_unavailable
06037002189,Los Angeles County fallback SVI tract 2189,5681,40.05,23.4,2.4,5.7,16.2,33.525158999999995,-118.167403,LA County / CDC SVI style,simulated_fallback_due_download_missing_or_unavailable
06037002190,Los Angeles County fallback SVI tract 2190,7062,41.61,18.1,4.8,6.5,13.9,33.521764,-117.84762599999999,LA County / CDC SVI style,simulated_fallback_due_download_missing_or_unavailable
06037002191,Los Angeles County fallback SVI tract 2191,5428,44.25,10.7,10.4,21.1,11.3,34.00383899999999,-117.976575,LA County / CDC SVI style,simulated_fallback_due_download_missing_or_unavailable
06037002192,Los Angeles County fallback SVI tract 2192,1471,47.27,34.7,4.0,15.3,8.5,34.556935,-118.58122700000001,LA County / CDC SVI style,simulated_fallback_due_download_missing_or_unavailable
06037002193,Los Angeles County fallback SVI tract 2193,1824,36.63,12.0,5.1,22.1,10.7,32.897245,-118.23052600000001,LA County / CDC SVI style,simulated_fallback_due_download_missing_or_unavailable
06037002194,Los Angeles County fallback SVI tract 2194,6373,32.01,5.9,5.3,15.9,12.7,34.520507,-118.239869,LA County / CDC SVI style,simulated_fallback_due_download_missing_or_unavailable
06037002195,Los Angeles County fallback SVI tract 2195,993,65.54,37.6,6.0,17.0,20.8,32.84878199999999,-118.90252799999999,LA County / CDC SVI style,simulated_fallback_due_download_missing_or_unavailable
06037002196,Los Angeles County fallback SVI tract 2196,1470,67.78,36.2,10.7,21.6,12.5,33.867722,-118.59742100000001,LA County / CDC SVI style,simulated_fallback_due_download_missing_or_unavailable
06037002197,Los Angeles County fallback SVI tract 2197,2733,66.62,30.8,7.1,13.6,15.9,33.04328399999999,-118.921098,LA County / CDC SVI style,simulated_fallback_due_download_missing_or_unavailable
06037002198,Los Angeles County fallback SVI tract 2198,3264,43.63,3.8,4.3,17.2,20.8,33.799562,-118.380934,LA County / CDC SVI style,simulated_fallback_due_download_missing_or_unavailable
06037002199,Los Angeles County fallback SVI tract 2199,2159,62.93,15.8,14.5,23.7,6.5,32.888169999999995,-118.096021,LA County / CDC SVI style,simulated_fallback_due_download_missing_or_unavailable
06037002200,Los Angeles County fallback SVI tract 2200,1968,45.73,9.6,11.0,16.4,7.4,33.457362,-117.739721,LA County / CDC SVI style,simulated_fallback_due_download_missing_or_unavailable
06037002201,Los Angeles County fallback SVI tract 2201,1662,66.92,35.4,12.0,7.4,7.7,33.926734,-118.12256299999999,LA County / CDC SVI style,simulated_fallback_due_download_missing_or_unavailable
06037002202,Los Angeles County fallback SVI tract 2202,3639,46.43,35.8,2.2,7.9,9.7,33.963857,-118.145128,LA County / CDC SVI style,simulated_fallback_due_download_missing_or_unavailable
06037002203,Los Angeles County fallback SVI tract 2203,2648,51.59,13.8,14.8,15.7,8.3,34.069046,-117.926441,LA County / CDC SVI style,simulated_fallback_due_download_missing_or_unavailable
06037002204,Los Angeles County fallback SVI tract 2204,2900,44.58,25.9,2.3,6.8,12.9,32.74963,-118.58422900000001,LA County / CDC SVI style,simulated_fallback_due_download_missing_or_unavailable
06037002205,Los Angeles County fallback SVI tract 2205,3840,55.76,29.4,4.9,13.7,18.8,34.068457,-117.78484599999999,LA County / CDC SVI style,simulated_fallback_due_download_missing_or_unavailable
06037002206,Los Angeles County fallback SVI tract 2206,1050,63.07,34.9,6.8,19.6,7.2,33.68557499999999,-118.51827800000001,LA County / CDC SVI style,simulated_fallback_due_download_missing_or_unavailable
06037002207,Los Angeles County fallback SVI tract 2207,4493,64.74,30.9,7.2,11.1,20.8,33.12244,-118.705495,LA County / CDC SVI style,simulated_fallback_due_download_missing_or_unavailable
06037002208,Los Angeles County fallback SVI tract 2208,4027,54.13,20.5,6.0,18.4,15.5,33.248775,-117.994237,LA County / CDC SVI style,simulated_fallback_due_download_missing_or_unavailable
06037002209,Los Angeles County fallback SVI tract 2209,2742,44.06,9.8,8.0,22.3,8.0,33.109832,-118.200526,LA County / CDC SVI style,simulated_fallback_due_download_missing_or_unavailable
06037002210,Los Angeles County fallback SVI tract 2210,4939,46.41,27.1,3.4,11.6,19.7,33.71255,-118.283531,LA County / CDC SVI style,simulated_fallback_due_download_missing_or_unavailable
06037002211,Los Angeles County fallback SVI tract 2211,5546,70.52,26.5,12.3,20.9,15.6,33.53411,-117.96415200000001,LA County / CDC SVI style,simulated_fallback_due_download_missing_or_unavailable
06037002212,Los Angeles County fallback SVI tract 2212,3871,47.5,37.4,3.1,6.7,12.2,34.59631,-118.34662800000001,LA County / CDC SVI style,simulated_fallback_due_download_missing_or_unavailable
06037002213,Los Angeles County fallback SVI tract 2213,4966,40.21,25.4,5.6,10.1,12.0,34.606598,-118.492343,LA County / CDC SVI style,simulated_fallback_due_download_missing_or_unavailable
06037002214,Los Angeles County fallback SVI tract 2214,1067,58.37,23.0,9.3,5.6,17.5,33.269935999999994,-117.94472599999999,LA County / CDC SVI style,simulated_fallback_due_download_missing_or_unavailable
06037002215,Los Angeles County fallback SVI tract 2215,3780,39.33,6.4,9.2,17.4,14.2,33.45717,-118.273822,LA County / CDC SVI style,simulated_fallback_due_download_missing_or_unavailable
06037002216,Los Angeles County fallback SVI tract 2216,5605,45.52,17.0,5.9,7.2,18.9,34.194419,-117.848264,LA County / CDC SVI style,simulated_fallback_due_download_missing_or_unavailable
06037002217,Los Angeles County fallback SVI tract 2217,5358,61.33,12.4,11.3,21.4,12.5,32.97802599999999,-118.517966,LA County / CDC SVI style,simulated_fallback_due_download_missing_or_unavailable
06037002218,Los Angeles County fallback SVI tract 2218,1165,29.56,13.1,2.0,13.4,9.6,32.988166,-118.365779,LA County / CDC SVI style,simulated_fallback_due_download_missing_or_unavailable
06037002219,Los Angeles County fallback SVI tract 2219,1304,41.99,8.7,2.1,23.5,8.5,33.122356,-117.78460600000001,LA County / CDC SVI style,simulated_fallback_due_download_missing_or_unavailable
06037002220,Los Angeles County fallback SVI tract 2220,4009,41.3,5.7,9.7,21.3,12.3,34.232336999999994,-118.836844,LA County / CDC SVI style,simulated_fallback_due_download_missing_or_unavailable
06037002221,Los Angeles County fallback SVI tract 2221,4090,30.75,8.5,5.0,9.8,17.5,33.057345,-117.901685,LA County / CDC SVI style,simulated_fallback_due_download_missing_or_unavailable
06037002222,Los Angeles County fallback SVI tract 2222,4013,27.83,6.6,10.2,7.5,4.4,33.093252,-118.490096,LA County / CDC SVI style,simulated_fallback_due_download_missing_or_unavailable
06037002223,Los Angeles County fallback SVI tract 2223,5573,30.3,11.0,3.4,10.9,15.2,32.89992,-118.30425299999999,LA County / CDC SVI style,simulated_fallback_due_download_missing_or_unavailable
06037002224,Los Angeles County fallback SVI tract 2224,1837,22.39,3.9,5.2,13.9,9.2,33.89535299999999,-117.89032,LA County / CDC SVI style,simulated_fallback_due_download_missing_or_unavailable
06037002225,Los Angeles County fallback SVI tract 2225,5464,65.06,28.0,11.9,10.9,13.7,33.206676,-117.939471,LA County / CDC SVI style,simulated_fallback_due_download_missing_or_unavailable
06037002226,Los Angeles County fallback SVI tract 2226,1283,55.86,24.5,15.2,6.1,4.0,34.392003,-118.84215400000001,LA County / CDC SVI style,simulated_fallback_due_download_missing_or_unavailable
06037002227,Los Angeles County fallback SVI tract 2227,3501,35.51,15.0,13.0,9.9,4.5,34.235139999999994,-117.867165,LA County / CDC SVI style,simulated_fallback_due_download_missing_or_unavailable
06037002228,Los Angeles County fallback SVI tract 2228,1454,49.51,24.4,7.1,9.4,18.6,34.126417999999994,-117.69961599999999,LA County / CDC SVI style,simulated_fallback_due_download_missing_or_unavailable
06037002229,Los Angeles County fallback SVI tract 2229,6055,35.67,5.3,15.5,13.2,8.6,32.913528,-118.38734500000001,LA County / CDC SVI style,simulated_fallback_due_download_missing_or_unavailable
06037002230,Los Angeles County fallback SVI tract 2230,5308,50.33,24.8,10.0,9.0,13.9,32.81469,-118.70994599999999,LA County / CDC SVI style,simulated_fallback_due_download_missing_or_unavailable
06037002231,Los Angeles County fallback SVI tract 2231,5701,32.29,3.3,7.2,10.5,12.8,33.44082099999999,-118.795038,LA County / CDC SVI style,simulated_fallback_due_download_missing_or_unavailable
06037002232,Los Angeles County fallback SVI tract 2232,2473,70.6,37.5,7.3,12.2,16.6,34.790096999999996,-118.46390299999999,LA County / CDC SVI style,simulated_fallback_due_download_missing_or_unavailable
06037002233,Los Angeles County fallback SVI tract 2233,3520,48.25,30.9,3.0,5.6,16.4,33.30279,-118.813987,LA County / CDC SVI style,simulated_fallback_due_download_missing_or_unavailable
06037002234,Los Angeles County fallback SVI tract 2234,5417,45.37,17.2,9.8,9.2,16.0,32.764066,-117.76601000000001,LA County / CDC SVI style,simulated_fallback_due_download_missing_or_unavailable
06037002235,Los Angeles County fallback SVI tract 2235,3004,58.7,27.0,6.1,18.9,21.2,34.44388299999999,-118.43459600000001,LA County / CDC SVI style,simulated_fallback_due_download_missing_or_unavailable
06037002236,Los Angeles County fallback SVI tract 2236,6039,51.37,15.2,2.3,17.5,22.0,33.741671,-117.922156,LA County / CDC SVI style,simulated_fallback_due_download_missing_or_unavailable
06037002237,Los Angeles County fallback SVI tract 2237,3109,31.39,12.7,5.4,9.6,7.6,33.977157,-118.792021,LA County / CDC SVI style,simulated_fallback_due_download_missing_or_unavailable
06037002238,Los Angeles County fallback SVI tract 2238,2994,51.06,25.7,5.5,14.7,17.7,34.257337,-118.20550399999999,LA County / CDC SVI style,simulated_fallback_due_download_missing_or_unavailable
06037002239,Los Angeles County fallback SVI tract 2239,3440,63.05,19.8,13.6,12.7,15.6,33.099855000000005,-118.548841,LA County / CDC SVI style,simulated_fallback_due_download_missing_or_unavailable
06037002240,Los Angeles County fallback SVI tract 2240,3144,64.15,23.2,9.5,22.6,18.5,34.656811,-118.75697500000001,LA County / CDC SVI style,simulated_fallback_due_download_missing_or_unavailable
06037002241,Los Angeles County fallback SVI tract 2241,6115,17.66,7.9,1.9,5.8,6.2,34.08034299999999,-118.173124,LA County / CDC SVI style,simulated_fallback_due_download_missing_or_unavailable
06037002242,Los Angeles County fallback SVI tract 2242,2153,59.15,13.2,6.9,19.7,18.4,33.971375,-117.91595199999999,LA County / CDC SVI style,simulated_fallback_due_download_missing_or_unavailable
06037002243,Los Angeles County fallback SVI tract 2243,6830,50.65,5.5,12.1,20.0,12.5,33.991438,-118.35027500000001,LA County / CDC SVI style,simulated_fallback_due_download_missing_or_unavailable
06037002244,Los Angeles County fallback SVI tract 2244,3632,62.62,37.8,9.8,14.0,4.9,33.299852,-118.79333899999999,LA County / CDC SVI style,simulated_fallback_due_download_missing_or_unavailable
06037002245,Los Angeles County fallback SVI tract 2245,2886,54.02,28.1,2.2,13.9,18.1,34.793708,-118.15286900000001,LA County / CDC SVI style,simulated_fallback_due_download_missing_or_unavailable
06037002246,Los Angeles County fallback SVI tract 2246,4200,43.57,30.2,5.0,6.2,4.3,34.75135399999999,-118.893363,LA County / CDC SVI style,simulated_fallback_due_download_missing_or_unavailable
06037002247,Los Angeles County fallback SVI tract 2247,3678,41.14,5.1,2.1,20.7,19.8,33.26544799999999,-117.652945,LA County / CDC SVI style,simulated_fallback_due_download_missing_or_unavailable
06037002248,Los Angeles County fallback SVI tract 2248,3117,42.17,6.0,2.8,16.7,18.2,33.374235999999996,-118.48644100000001,LA County / CDC SVI style,simulated_fallback_due_download_missing_or_unavailable
06037002249,Los Angeles County fallback SVI tract 2249,2374,56.26,34.7,5.8,21.6,5.7,33.073781999999994,-118.21195900000001,LA County / CDC SVI style,simulated_fallback_due_download_missing_or_unavailable
06037002250,Los Angeles County fallback SVI tract 2250,6580,53.59,19.1,4.5,16.5,15.9,32.920087,-118.483906,LA County / CDC SVI style,simulated_fallback_due_download_missing_or_unavailable
06037002251,Los Angeles County fallback SVI tract 2251,7180,47.46,7.9,9.7,10.0,21.9,34.493362000000005,-118.13363,LA County / CDC SVI style,simulated_fallback_due_download_missing_or_unavailable
06037002252,Los Angeles County fallback SVI tract 2252,6929,55.81,19.7,6.9,23.1,16.6,33.976901999999995,-118.775214,LA County / CDC SVI style,simulated_fallback_due_download_missing_or_unavailable
06037002253,Los Angeles County fallback SVI tract 2253,2289,76.87,37.0,7.5,23.4,15.8,34.024983,-118.583808,LA County / CDC SVI style,simulated_fallback_due_download_missing_or_unavailable
06037002254,Los Angeles County fallback SVI tract 2254,3491,62.7,34.4,14.1,6.4,10.5,33.358708,-117.810368,LA County / CDC SVI style,simulated_fallback_due_download_missing_or_unavailable
06037002255,Los Angeles County fallback SVI tract 2255,3503,66.86,36.2,7.1,14.7,18.9,33.262226,-118.88558599999999,LA County / CDC SVI style,simulated_fallback_due_download_missing_or_unavailable
06037002256,Los Angeles County fallback SVI tract 2256,2230,48.17,22.1,5.2,18.6,8.2,33.445175,-117.96500499999999,LA County / CDC SVI style,simulated_fallback_due_download_missing_or_unavailable
06037002257,Los Angeles County fallback SVI tract 2257,2333,25.54,6.6,2.6,9.2,4.8,33.597046999999996,-118.46538799999999,LA County / CDC SVI style,simulated_fallback_due_download_missing_or_unavailable
06037002258,Los Angeles County fallback SVI tract 2258,2740,33.14,10.3,2.8,5.2,16.7,34.612168,-118.643446,LA County / CDC SVI style,simulated_fallback_due_download_missing_or_unavailable
06037002259,Los Angeles County fallback SVI tract 2259,3554,47.34,11.9,14.6,6.2,20.8,34.699028,-118.255119,LA County / CDC SVI style,simulated_fallback_due_download_missing_or_unavailable
06037002260,Los Angeles County fallback SVI tract 2260,3468,37.64,14.5,2.9,20.8,12.6,33.02648799999999,-118.544386,LA County / CDC SVI style,simulated_fallback_due_download_missing_or_unavailable
06037002261,Los Angeles County fallback SVI tract 2261,2633,36.05,5.6,1.5,9.8,18.5,33.26357,-118.82419999999999,LA County / CDC SVI style,simulated_fallback_due_download_missing_or_unavailable
06037002262,Los Angeles County fallback SVI tract 2262,1751,49.61,10.5,7.7,19.7,13.9,34.814737,-117.791709,LA County / CDC SVI style,simulated_fallback_due_download_missing_or_unavailable
06037002263,Los Angeles County fallback SVI tract 2263,6496,45.01,6.5,2.8,23.0,13.2,32.764801999999996,-118.61722599999999,LA County / CDC SVI style,simulated_fallback_due_download_missing_or_unavailable
06037002264,Los Angeles County fallback SVI tract 2264,3466,49.56,31.7,7.4,6.7,6.2,34.543007,-118.42084,LA County / CDC SVI style,simulated_fallback_due_download_missing_or_unavailable
06037002265,Los Angeles County fallback SVI tract 2265,6617,48.76,23.7,10.2,8.3,5.3,33.701063,-117.91845,LA County / CDC SVI style,simulated_fallback_due_download_missing_or_unavailable
06037002266,Los Angeles County fallback SVI tract 2266,6866,56.75,6.9,15.4,23.3,18.0,33.579719,-118.58037099999999,LA County / CDC SVI style,simulated_fallback_due_download_missing_or_unavailable
06037002267,Los Angeles County fallback SVI tract 2267,6853,72.01,32.3,9.7,18.5,17.1,34.616506,-117.812131,LA County / CDC SVI style,simulated_fallback_due_download_missing_or_unavailable
06037002268,Los Angeles County fallback SVI tract 2268,3353,36.42,14.2,3.5,13.8,18.6,34.715706,-117.66132999999999,LA County / CDC SVI style,simulated_fallback_due_download_missing_or_unavailable
06037002269,Los Angeles County fallback SVI tract 2269,866,62.58,29.2,5.2,21.7,20.7,34.430807,-118.03894299999999,LA County / CDC SVI style,simulated_fallback_due_download_missing_or_unavailable
06037002270,Los Angeles County fallback SVI tract 2270,5948,60.95,31.0,7.5,7.1,15.1,34.386413,-118.24690100000001,LA County / CDC SVI style,simulated_fallback_due_download_missing_or_unavailable
06037002271,Los Angeles County fallback SVI tract 2271,6316,64.62,31.0,2.8,22.7,11.5,33.638214999999995,-118.675331,LA County / CDC SVI style,simulated_fallback_due_download_missing_or_unavailable
06037002272,Los Angeles County fallback SVI tract 2272,4642,42.68,4.2,8.3,20.3,9.9,33.256589,-118.484213,LA County / CDC SVI style,simulated_fallback_due_download_missing_or_unavailable
06037002273,Los Angeles County fallback SVI tract 2273,1628,38.63,13.3,1.7,19.4,9.2,32.988794,-118.403459,LA County / CDC SVI style,simulated_fallback_due_download_missing_or_unavailable
06037002274,Los Angeles County fallback SVI tract 2274,6053,34.36,3.4,8.9,9.9,14.7,33.50388,-118.914132,LA County / CDC SVI style,simulated_fallback_due_download_missing_or_unavailable
06037002275,Los Angeles County fallback SVI tract 2275,6608,53.06,10.4,2.5,23.8,19.9,33.182587,-118.900496,LA County / CDC SVI style,simulated_fallback_due_download_missing_or_unavailable
06037002276,Los Angeles County fallback SVI tract 2276,5221,63.96,29.6,13.3,7.5,9.5,33.905231,-118.608529,LA County / CDC SVI style,simulated_fallback_due_download_missing_or_unavailable
06037002277,Los Angeles County fallback SVI tract 2277,1387,49.39,15.6,2.9,15.5,18.0,34.07845,-118.524538,LA County / CDC SVI style,simulated_fallback_due_download_missing_or_unavailable
06037002278,Los Angeles County fallback SVI tract 2278,2497,45.48,25.3,10.6,7.0,13.4,34.767957,-118.913006,LA County / CDC SVI style,simulated_fallback_due_download_missing_or_unavailable
06037002279,Los Angeles County fallback SVI tract 2279,2195,45.78,26.7,2.8,5.4,20.7,33.001224,-117.970157,LA County / CDC SVI style,simulated_fallback_due_download_missing_or_unavailable
06037002280,Los Angeles County fallback SVI tract 2280,4238,57.23,23.0,13.6,18.5,6.6,33.817654,-118.56350499999999,LA County / CDC SVI style,simulated_fallback_due_download_missing_or_unavailable
06037002281,Los Angeles County fallback SVI tract 2281,3089,50.55,22.9,6.1,12.8,6.3,33.193535999999995,-118.092026,LA County / CDC SVI style,simulated_fallback_due_download_missing_or_unavailable
06037002282,Los Angeles County fallback SVI tract 2282,5040,69.17,36.1,7.3,14.1,20.4,33.124084,-118.43215500000001,LA County / CDC SVI style,simulated_fallback_due_download_missing_or_unavailable
06037002283,Los Angeles County fallback SVI tract 2283,5971,41.94,22.4,11.5,5.3,5.8,34.221176,-118.664013,LA County / CDC SVI style,simulated_fallback_due_download_missing_or_unavailable
06037002284,Los Angeles County fallback SVI tract 2284,3828,37.1,11.9,2.4,17.2,14.1,34.015667,-118.83529300000001,LA County / CDC SVI style,simulated_fallback_due_download_missing_or_unavailable
06037002285,Los Angeles County fallback SVI tract 2285,2132,81.4,37.7,9.7,22.7,18.4,33.926736999999996,-117.93696399999999,LA County / CDC SVI style,simulated_fallback_due_download_missing_or_unavailable
06037002286,Los Angeles County fallback SVI tract 2286,5821,55.91,16.9,15.7,12.4,9.0,34.745761,-118.422966,LA County / CDC SVI style,simulated_fallback_due_download_missing_or_unavailable
06037002287,Los Angeles County fallback SVI tract 2287,3634,57.03,37.9,8.0,8.2,4.5,33.935722,-118.50575599999999,LA County / CDC SVI style,simulated_fallback_due_download_missing_or_unavailable
06037002288,Los Angeles County fallback SVI tract 2288,6494,64.81,37.6,5.3,15.7,6.3,34.54872099999999,-118.70217,LA County / CDC SVI style,simulated_fallback_due_download_missing_or_unavailable
06037002289,Los Angeles County fallback SVI tract 2289,5628,64.51,17.6,12.9,16.9,20.4,34.772978,-118.52815799999999,LA County / CDC SVI style,simulated_fallback_due_download_missing_or_unavailable
06037002290,Los Angeles County fallback SVI tract 2290,4847,45.39,6.4,6.2,20.7,15.3,34.189446,-118.092231,LA County / CDC SVI style,simulated_fallback_due_download_missing_or_unavailable
06037002291,Los Angeles County fallback SVI tract 2291,6701,65.28,32.6,2.8,12.5,19.6,34.130118,-117.76132500000001,LA County / CDC SVI style,simulated_fallback_due_download_missing_or_unavailable
06037002292,Los Angeles County fallback SVI tract 2292,6213,58.02,21.3,14.4,19.6,13.6,33.977619999999995,-118.321434,LA County / CDC SVI style,simulated_fallback_due_download_missing_or_unavailable
06037002293,Los Angeles County fallback SVI tract 2293,6755,33.69,24.7,3.9,8.3,6.7,34.314266999999994,-117.891105,LA County / CDC SVI style,simulated_fallback_due_download_missing_or_unavailable
06037002294,Los Angeles County fallback SVI tract 2294,1569,62.62,37.6,10.4,12.5,12.5,34.316837,-118.928224,LA County / CDC SVI style,simulated_fallback_due_download_missing_or_unavailable
06037002295,Los Angeles County fallback SVI tract 2295,2225,50.74,13.9,11.6,18.8,18.1,34.517004,-118.747414,LA County / CDC SVI style,simulated_fallback_due_download_missing_or_unavailable
06037002296,Los Angeles County fallback SVI tract 2296,5874,65.7,19.6,14.8,21.4,16.4,33.635341000000004,-118.11819399999999,LA County / CDC SVI style,simulated_fallback_due_download_missing_or_unavailable
06037002297,Los Angeles County fallback SVI tract 2297,5485,59.59,27.9,11.4,20.9,7.5,33.678762,-118.775472,LA County / CDC SVI style,simulated_fallback_due_download_missing_or_unavailable
06037002298,Los Angeles County fallback SVI tract 2298,1400,32.62,22.8,1.9,5.0,12.2,33.369098,-118.35830700000001,LA County / CDC SVI style,simulated_fallback_due_download_missing_or_unavailable
06037002299,Los Angeles County fallback SVI tract 2299,7017,52.31,14.4,11.1,15.2,9.1,33.300583,-118.774799,LA County / CDC SVI style,simulated_fallback_due_download_missing_or_unavailable
06037002300,Los Angeles County fallback SVI tract 2300,2735,47.8,17.3,14.5,10.3,8.5,32.895969,-118.35317,LA County / CDC SVI style,simulated_fallback_due_download_missing_or_unavailable
06037002301,Los Angeles County fallback SVI tract 2301,1933,50.19,15.6,2.5,22.0,20.8,34.664297,-117.967117,LA County / CDC SVI style,simulated_fallback_due_download_missing_or_unavailable
06037002302,Los Angeles County fallback SVI tract 2302,4330,46.69,12.5,12.4,20.6,10.7,33.669276,-118.172314,LA County / CDC SVI style,simulated_fallback_due_download_missing_or_unavailable
06037002303,Los Angeles County fallback SVI tract 2303,4870,46.63,4.3,3.9,17.0,20.7,33.064137,-117.767866,LA County / CDC SVI style,simulated_fallback_due_download_missing_or_unavailable
06037002304,Los Angeles County fallback SVI tract 2304,2123,74.33,34.4,14.6,17.9,9.4,34.816824,-118.529135,LA County / CDC SVI style,simulated_fallback_due_download_missing_or_unavailable
06037002305,Los Angeles County fallback SVI tract 2305,4802,50.49,29.5,6.4,7.7,16.0,33.877451,-118.63345199999999,LA County / CDC SVI style,simulated_fallback_due_download_missing_or_unavailable
06037002306,Los Angeles County fallback SVI tract 2306,5059,37.56,6.2,9.2,23.5,8.4,32.91133799999999,-118.84577300000001,LA County / CDC SVI style,simulated_fallback_due_download_missing_or_unavailable
06037002307,Los Angeles County fallback SVI tract 2307,2789,42.76,12.6,4.0,17.9,18.3,33.700957,-118.382059,LA County / CDC SVI style,simulated_fallback_due_download_missing_or_unavailable
06037002308,Los Angeles County fallback SVI tract 2308,3149,33.5,12.3,3.4,8.2,20.4,34.608791,-118.50070699999999,LA County / CDC SVI style,simulated_fallback_due_download_missing_or_unavailable
06037002309,Los Angeles County fallback SVI tract 2309,1555,57.9,35.5,3.2,12.9,11.3,33.94286099999999,-117.84234900000001,LA County / CDC SVI style,simulated_fallback_due_download_missing_or_unavailable
06037002310,Los Angeles County fallback SVI tract 2310,6068,42.64,18.9,6.2,8.0,14.8,34.594536,-118.94728799999999,LA County / CDC SVI style,simulated_fallback_due_download_missing_or_unavailable
06037002311,Los Angeles County fallback SVI tract 2311,2230,42.8,6.1,7.5,21.2,13.5,32.981534,-117.816002,LA County / CDC SVI style,simulated_fallback_due_download_missing_or_unavailable
06037002312,Los Angeles County fallback SVI tract 2312,6987,67.33,30.7,3.3,17.8,21.3,32.77074699999999,-117.98060100000001,LA County / CDC SVI style,simulated_fallback_due_download_missing_or_unavailable
06037002313,Los Angeles County fallback SVI tract 2313,1442,66.48,21.3,14.0,19.6,7.7,33.957156999999995,-117.963266,LA County / CDC SVI style,simulated_fallback_due_download_missing_or_unavailable
06037002314,Los Angeles County fallback SVI tract 2314,906,33.2,5.5,2.2,13.5,15.2,34.57042,-118.530216,LA County / CDC SVI style,simulated_fallback_due_download_missing_or_unavailable
06037002315,Los Angeles County fallback SVI tract 2315,2717,43.55,21.5,4.3,21.2,5.8,33.63596,-117.73120200000001,LA County / CDC SVI style,simulated_fallback_due_download_missing_or_unavailable
