{"type": "FeatureCollection", "features": [{"type": "Feature", "geometry": {"type": "Point", "coordinates": [-118.399083, 34.385286]}, "properties": {"resource_id": 1, "resource_name": "Fallback Fire/EMS Station 001", "resource_type": "fire_ems", "address": "5863 Example Ave", "city": "Burbank", "source_agency": "LA County / HIFLD style", "source_status": "simulated_fallback_due_download_missing_or_unavailable"}}, {"type": "Feature", "geometry": {"type": "Point", "coordinates": [-118.307258, 34.001771]}, "properties": {"resource_id": 2, "resource_name": "Fallback Fire/EMS Station 002", "resource_type": "fire_ems", "address": "6638 Example Ave", "city": "Whittier", "source_agency": "LA County / HIFLD style", "source_status": "simulated_fallback_due_download_missing_or_unavailable"}}, {"type": "Feature", "geometry": {"type": "Point", "coordinates": [-118.490681, 33.848272]}, "properties": {"resource_id": 3, "resource_name": "Fallback Fire/EMS Station 003", "resource_type": "fire_ems", "address": "466 Example Ave", "city": "Torrance", "source_agency": "LA County / HIFLD style", "source_status": "simulated_fallback_due_download_missing_or_unavailable"}}, {"type": "Feature", "geometry": {"type": "Point", "coordinates": [-117.834286, 33.740533]}, "properties": {"resource_id": 4, "resource_name": "Fallback Fire/EMS Station 004", "resource_type": "fire_ems", "address": "3350 Example Ave", "city": "Pasadena", "source_agency": "LA County / HIFLD style", "source_status": "simulated_fallback_due_download_missing_or_unavailable"}}, {"type": "Feature", "geometry": {"type": "Point", "coordinates": [-117.955153, 33.904914]}, "properties": {"resource_id": 5, "resource_name": "Fallback Fire/EMS Station 005", "resource_type": "fire_ems", "address": "8900 Example Ave", "city": "Los Angeles", "source_agency": "LA County / HIFLD style", "source_status": "simulated_fallback_due_download_missing_or_unavailable"}}, {"type": "Feature", "geometry": {"type": "Point", "coordinates": [-118.298767, 33.787292]}, "properties": {"resource_id": 6, "resource_name": "Fallback Fire/EMS Station 006", "resource_type": "fire_ems", "address": "7361 Example Ave", "city": "Lancaster", "source_agency": "LA County / HIFLD style", "source_status": "simulated_fallback_due_download_missing_or_unavailable"}}, {"type": "Feature", "geometry": {"type": "Point", "coordinates": [-118.087023, 34.144729]}, "properties": {"resource_id": 7, "resource_name": "Fallback Fire/EMS Station 007", "resource_type": "fire_ems", "address": "8071 Example Ave", "city": "Glendale", "source_agency": "LA County / HIFLD style", "source_status": "simulated_fallback_due_download_missing_or_unavailable"}}, {"type": "Feature", "geometry": {"type": "Point", "coordinates": [-118.744635, 33.708186]}, "properties": {"resource_id": 8, "resource_name": "Fallback Fire/EMS Station 008", "resource_type": "fire_ems", "address": "7904 Example Ave", "city": "Lancaster", "source_agency": "LA County / HIFLD style", "source_status": "simulated_fallback_due_download_missing_or_unavailable"}}, {"type": "Feature", "geometry": {"type": "Point", "coordinates": [-117.83779, 34.43878]}, "properties": {"resource_id": 9, "resource_name": "Fallback Fire/EMS Station 009", "resource_type": "fire_ems", "address": "2235 Example Ave", "city": "Pasadena", "source_agency": "LA County / HIFLD style", "source_status": "simulated_fallback_due_download_missing_or_unavailable"}}, {"type": "Feature", "geometry": {"type": "Point", "coordinates": [-118.106373, 34.424022]}, "properties": {"resource_id": 10, "resource_name": "Fallback Fire/EMS Station 010", "resource_type": "fire_ems", "address": "5300 Example Ave", "city": "Glendale", "source_agency": "LA County / HIFLD style", "source_status": "simulated_fallback_due_download_missing_or_unavailable"}}, {"type": "Feature", "geometry": {"type": "Point", "coordinates": [-118.10261, 34.359881]}, "properties": {"resource_id": 11, "resource_name": "Fallback Fire/EMS Station 011", "resource_type": "fire_ems", "address": "9907 Example Ave", "city": "Santa Monica", "source_agency": "LA County / HIFLD style", "source_status": "simulated_fallback_due_download_missing_or_unavailable"}}, {"type": "Feature", "geometry": {"type": "Point", "coordinates": [-118.245577, 34.375831]}, "properties": {"resource_id": 12, "resource_name": "Fallback Fire/EMS Station 012", "resource_type": "fire_ems", "address": "1382 Example Ave", "city": "Long Beach", "source_agency": "LA County / HIFLD style", "source_status": "simulated_fallback_due_download_missing_or_unavailable"}}, {"type": "Feature", "geometry": {"type": "Point", "coordinates": [-118.39733, 34.165539]}, "properties": {"resource_id": 13, "resource_name": "Fallback Fire/EMS Station 013", "resource_type": "fire_ems", "address": "1649 Example Ave", "city": "Lancaster", "source_agency": "LA County / HIFLD style", "source_status": "simulated_fallback_due_download_missing_or_unavailable"}}, {"type": "Feature", "geometry": {"type": "Point", "coordinates": [-118.176516, 34.071737]}, "properties": {"resource_id": 14, "resource_name": "Fallback Fire/EMS Station 014", "resource_type": "fire_ems", "address": "3054 Example Ave", "city": "Long Beach", "source_agency": "LA County / HIFLD style", "source_status": "simulated_fallback_due_download_missing_or_unavailable"}}, {"type": "Feature", "geometry": {"type": "Point", "coordinates": [-118.589963, 33.707826]}, "properties": {"resource_id": 15, "resource_name": "Fallback Fire/EMS Station 015", "resource_type": "fire_ems", "address": "6324 Example Ave", "city": "Torrance", "source_agency": "LA County / HIFLD style", "source_status": "simulated_fallback_due_download_missing_or_unavailable"}}, {"type": "Feature", "geometry": {"type": "Point", "coordinates": [-118.252508, 34.495456]}, "properties": {"resource_id": 16, "resource_name": "Fallback Fire/EMS Station 016", "resource_type": "fire_ems", "address": "2803 Example Ave", "city": "Glendale", "source_agency": "LA County / HIFLD style", "source_status": "simulated_fallback_due_download_missing_or_unavailable"}}, {"type": "Feature", "geometry": {"type": "Point", "coordinates": [-118.016205, 34.00836]}, "properties": {"resource_id": 17, "resource_name": "Fallback Fire/EMS Station 017", "resource_type": "fire_ems", "address": "3007 Example Ave", "city": "Long Beach", "source_agency": "LA County / HIFLD style", "source_status": "simulated_fallback_due_download_missing_or_unavailable"}}, {"type": "Feature", "geometry": {"type": "Point", "coordinates": [-117.92444, 34.322696]}, "properties": {"resource_id": 18, "resource_name": "Fallback Fire/EMS Station 018", "resource_type": "fire_ems", "address": "4022 Example Ave", "city": "Glendale", "source_agency": "LA County / HIFLD style", "source_status": "simulated_fallback_due_download_missing_or_unavailable"}}, {"type": "Feature", "geometry": {"type": "Point", "coordinates": [-118.708772, 34.358978]}, "properties": {"resource_id": 19, "resource_name": "Fallback Fire/EMS Station 019", "resource_type": "fire_ems", "address": "9437 Example Ave", "city": "Whittier", "source_agency": "LA County / HIFLD style", "source_status": "simulated_fallback_due_download_missing_or_unavailable"}}, {"type": "Feature", "geometry": {"type": "Point", "coordinates": [-117.854217, 34.062479]}, "properties": {"resource_id": 20, "resource_name": "Fallback Fire/EMS Station 020", "resource_type": "fire_ems", "address": "3390 Example Ave", "city": "Lancaster", "source_agency": "LA County / HIFLD style", "source_status": "simulated_fallback_due_download_missing_or_unavailable"}}, {"type": "Feature", "geometry": {"type": "Point", "coordinates": [-118.637724, 34.239054]}, "properties": {"resource_id": 21, "resource_name": "Fallback Fire/EMS Station 021", "resource_type": "fire_ems", "address": "8528 Example Ave", "city": "Lancaster", "source_agency": "LA County / HIFLD style", "source_status": "simulated_fallback_due_download_missing_or_unavailable"}}, {"type": "Feature", "geometry": {"type": "Point", "coordinates": [-118.584797, 34.397597]}, "properties": {"resource_id": 22, "resource_name": "Fallback Fire/EMS Station 022", "resource_type": "fire_ems", "address": "7692 Example Ave", "city": "Burbank", "source_agency": "LA County / HIFLD style", "source_status": "simulated_fallback_due_download_missing_or_unavailable"}}, {"type": "Feature", "geometry": {"type": "Point", "coordinates": [-118.663521, 34.02319]}, "properties": {"resource_id": 23, "resource_name": "Fallback Fire/EMS Station 023", "resource_type": "fire_ems", "address": "5299 Example Ave", "city": "Lancaster", "source_agency": "LA County / HIFLD style", "source_status": "simulated_fallback_due_download_missing_or_unavailable"}}, {"type": "Feature", "geometry": {"type": "Point", "coordinates": [-118.280929, 34.027298]}, "properties": {"resource_id": 24, "resource_name": "Fallback Fire/EMS Station 024", "resource_type": "fire_ems", "address": "4572 Example Ave", "city": "Santa Monica", "source_agency": "LA County / HIFLD style", "source_status": "simulated_fallback_due_download_missing_or_unavailable"}}, {"type": "Feature", "geometry": {"type": "Point", "coordinates": [-118.320239, 34.272878]}, "properties": {"resource_id": 25, "resource_name": "Fallback Fire/EMS Station 025", "resource_type": "fire_ems", "address": "800 Example Ave", "city": "Santa Monica", "source_agency": "LA County / HIFLD style", "source_status": "simulated_fallback_due_download_missing_or_unavailable"}}, {"type": "Feature", "geometry": {"type": "Point", "coordinates": [-118.081175, 34.265067]}, "properties": {"resource_id": 26, "resource_name": "Fallback Fire/EMS Station 026", "resource_type": "fire_ems", "address": "6423 Example Ave", "city": "Los Angeles", "source_agency": "LA County / HIFLD style", "source_status": "simulated_fallback_due_download_missing_or_unavailable"}}, {"type": "Feature", "geometry": {"type": "Point", "coordinates": [-118.020677, 33.896098]}, "properties": {"resource_id": 27, "resource_name": "Fallback Fire/EMS Station 027", "resource_type": "fire_ems", "address": "2236 Example Ave", "city": "Pasadena", "source_agency": "LA County / HIFLD style", "source_status": "simulated_fallback_due_download_missing_or_unavailable"}}, {"type": "Feature", "geometry": {"type": "Point", "coordinates": [-118.625839, 33.79273]}, "properties": {"resource_id": 28, "resource_name": "Fallback Fire/EMS Station 028", "resource_type": "fire_ems", "address": "782 Example Ave", "city": "Pomona", "source_agency": "LA County / HIFLD style", "source_status": "simulated_fallback_due_download_missing_or_unavailable"}}, {"type": "Feature", "geometry": {"type": "Point", "coordinates": [-118.688155, 33.853922]}, "properties": {"resource_id": 29, "resource_name": "Fallback Fire/EMS Station 029", "resource_type": "fire_ems", "address": "5626 Example Ave", "city": "Los Angeles", "source_agency": "LA County / HIFLD style", "source_status": "simulated_fallback_due_download_missing_or_unavailable"}}, {"type": "Feature", "geometry": {"type": "Point", "coordinates": [-117.96929, 34.480943]}, "properties": {"resource_id": 30, "resource_name": "Fallback Fire/EMS Station 030", "resource_type": "fire_ems", "address": "5776 Example Ave", "city": "Long Beach", "source_agency": "LA County / HIFLD style", "source_status": "simulated_fallback_due_download_missing_or_unavailable"}}, {"type": "Feature", "geometry": {"type": "Point", "coordinates": [-118.253178, 34.549839]}, "properties": {"resource_id": 31, "resource_name": "Fallback Fire/EMS Station 031", "resource_type": "fire_ems", "address": "2965 Example Ave", "city": "Whittier", "source_agency": "LA County / HIFLD style", "source_status": "simulated_fallback_due_download_missing_or_unavailable"}}, {"type": "Feature", "geometry": {"type": "Point", "coordinates": [-117.897187, 34.450092]}, "properties": {"resource_id": 32, "resource_name": "Fallback Fire/EMS Station 032", "resource_type": "fire_ems", "address": "5133 Example Ave", "city": "Los Angeles", "source_agency": "LA County / HIFLD style", "source_status": "simulated_fallback_due_download_missing_or_unavailable"}}, {"type": "Feature", "geometry": {"type": "Point", "coordinates": [-118.524991, 34.424826]}, "properties": {"resource_id": 33, "resource_name": "Fallback Fire/EMS Station 033", "resource_type": "fire_ems", "address": "2895 Example Ave", "city": "Pomona", "source_agency": "LA County / HIFLD style", "source_status": "simulated_fallback_due_download_missing_or_unavailable"}}, {"type": "Feature", "geometry": {"type": "Point", "coordinates": [-117.974187, 34.28878]}, "properties": {"resource_id": 34, "resource_name": "Fallback Fire/EMS Station 034", "resource_type": "fire_ems", "address": "4994 Example Ave", "city": "Los Angeles", "source_agency": "LA County / HIFLD style", "source_status": "simulated_fallback_due_download_missing_or_unavailable"}}, {"type": "Feature", "geometry": {"type": "Point", "coordinates": [-117.782226, 34.260169]}, "properties": {"resource_id": 35, "resource_name": "Fallback Fire/EMS Station 035", "resource_type": "fire_ems", "address": "4723 Example Ave", "city": "Long Beach", "source_agency": "LA County / HIFLD style", "source_status": "simulated_fallback_due_download_missing_or_unavailable"}}, {"type": "Feature", "geometry": {"type": "Point", "coordinates": [-118.309928, 34.274241]}, "properties": {"resource_id": 36, "resource_name": "Fallback Fire/EMS Station 036", "resource_type": "fire_ems", "address": "2442 Example Ave", "city": "Lancaster", "source_agency": "LA County / HIFLD style", "source_status": "simulated_fallback_due_download_missing_or_unavailable"}}, {"type": "Feature", "geometry": {"type": "Point", "coordinates": [-118.333871, 34.114424]}, "properties": {"resource_id": 37, "resource_name": "Fallback Fire/EMS Station 037", "resource_type": "fire_ems", "address": "9903 Example Ave", "city": "Glendale", "source_agency": "LA County / HIFLD style", "source_status": "simulated_fallback_due_download_missing_or_unavailable"}}, {"type": "Feature", "geometry": {"type": "Point", "coordinates": [-118.360613, 33.708846]}, "properties": {"resource_id": 38, "resource_name": "Fallback Fire/EMS Station 038", "resource_type": "fire_ems", "address": "8646 Example Ave", "city": "Lancaster", "source_agency": "LA County / HIFLD style", "source_status": "simulated_fallback_due_download_missing_or_unavailable"}}, {"type": "Feature", "geometry": {"type": "Point", "coordinates": [-117.932621, 34.221361]}, "properties": {"resource_id": 39, "resource_name": "Fallback Fire/EMS Station 039", "resource_type": "fire_ems", "address": "1861 Example Ave", "city": "Los Angeles", "source_agency": "LA County / HIFLD style", "source_status": "simulated_fallback_due_download_missing_or_unavailable"}}, {"type": "Feature", "geometry": {"type": "Point", "coordinates": [-118.626555, 34.534414]}, "properties": {"resource_id": 40, "resource_name": "Fallback Fire/EMS Station 040", "resource_type": "fire_ems", "address": "2178 Example Ave", "city": "Pasadena", "source_agency": "LA County / HIFLD style", "source_status": "simulated_fallback_due_download_missing_or_unavailable"}}, {"type": "Feature", "geometry": {"type": "Point", "coordinates": [-117.810789, 34.440776]}, "properties": {"resource_id": 41, "resource_name": "Fallback Fire/EMS Station 041", "resource_type": "fire_ems", "address": "7120 Example Ave", "city": "Los Angeles", "source_agency": "LA County / HIFLD style", "source_status": "simulated_fallback_due_download_missing_or_unavailable"}}, {"type": "Feature", "geometry": {"type": "Point", "coordinates": [-117.935178, 33.82391]}, "properties": {"resource_id": 42, "resource_name": "Fallback Fire/EMS Station 042", "resource_type": "fire_ems", "address": "2440 Example Ave", "city": "Pasadena", "source_agency": "LA County / HIFLD style", "source_status": "simulated_fallback_due_download_missing_or_unavailable"}}, {"type": "Feature", "geometry": {"type": "Point", "coordinates": [-118.586665, 34.095897]}, "properties": {"resource_id": 43, "resource_name": "Fallback Fire/EMS Station 043", "resource_type": "fire_ems", "address": "1403 Example Ave", "city": "Torrance", "source_agency": "LA County / HIFLD style", "source_status": "simulated_fallback_due_download_missing_or_unavailable"}}, {"type": "Feature", "geometry": {"type": "Point", "coordinates": [-118.390852, 34.216485]}, "properties": {"resource_id": 44, "resource_name": "Fallback Fire/EMS Station 044", "resource_type": "fire_ems", "address": "7230 Example Ave", "city": "Pomona", "source_agency": "LA County / HIFLD style", "source_status": "simulated_fallback_due_download_missing_or_unavailable"}}, {"type": "Feature", "geometry": {"type": "Point", "coordinates": [-118.30237, 33.716264]}, "properties": {"resource_id": 45, "resource_name": "Fallback Fire/EMS Station 045", "resource_type": "fire_ems", "address": "3264 Example Ave", "city": "Burbank", "source_agency": "LA County / HIFLD style", "source_status": "simulated_fallback_due_download_missing_or_unavailable"}}, {"type": "Feature", "geometry": {"type": "Point", "coordinates": [-118.052739, 34.089745]}, "properties": {"resource_id": 46, "resource_name": "Fallback Fire/EMS Station 046", "resource_type": "fire_ems", "address": "9101 Example Ave", "city": "Pomona", "source_agency": "LA County / HIFLD style", "source_status": "simulated_fallback_due_download_missing_or_unavailable"}}, {"type": "Feature", "geometry": {"type": "Point", "coordinates": [-118.255478, 34.360554]}, "properties": {"resource_id": 47, "resource_name": "Fallback Fire/EMS Station 047", "resource_type": "fire_ems", "address": "9625 Example Ave", "city": "Whittier", "source_agency": "LA County / HIFLD style", "source_status": "simulated_fallback_due_download_missing_or_unavailable"}}, {"type": "Feature", "geometry": {"type": "Point", "coordinates": [-118.436375, 34.276142]}, "properties": {"resource_id": 48, "resource_name": "Fallback Fire/EMS Station 048", "resource_type": "fire_ems", "address": "8423 Example Ave", "city": "Pomona", "source_agency": "LA County / HIFLD style", "source_status": "simulated_fallback_due_download_missing_or_unavailable"}}, {"type": "Feature", "geometry": {"type": "Point", "coordinates": [-118.431908, 34.388396]}, "properties": {"resource_id": 49, "resource_name": "Fallback Fire/EMS Station 049", "resource_type": "fire_ems", "address": "4421 Example Ave", "city": "Pasadena", "source_agency": "LA County / HIFLD style", "source_status": "simulated_fallback_due_download_missing_or_unavailable"}}, {"type": "Feature", "geometry": {"type": "Point", "coordinates": [-118.671195, 33.743449]}, "properties": {"resource_id": 50, "resource_name": "Fallback Fire/EMS Station 050", "resource_type": "fire_ems", "address": "1626 Example Ave", "city": "Santa Monica", "source_agency": "LA County / HIFLD style", "source_status": "simulated_fallback_due_download_missing_or_unavailable"}}, {"type": "Feature", "geometry": {"type": "Point", "coordinates": [-117.974596, 33.814079]}, "properties": {"resource_id": 51, "resource_name": "Fallback Fire/EMS Station 051", "resource_type": "fire_ems", "address": "6957 Example Ave", "city": "Torrance", "source_agency": "LA County / HIFLD style", "source_status": "simulated_fallback_due_download_missing_or_unavailable"}}, {"type": "Feature", "geometry": {"type": "Point", "coordinates": [-118.402455, 34.320891]}, "properties": {"resource_id": 52, "resource_name": "Fallback Fire/EMS Station 052", "resource_type": "fire_ems", "address": "2426 Example Ave", "city": "Glendale", "source_agency": "LA County / HIFLD style", "source_status": "simulated_fallback_due_download_missing_or_unavailable"}}, {"type": "Feature", "geometry": {"type": "Point", "coordinates": [-117.783245, 34.465962]}, "properties": {"resource_id": 53, "resource_name": "Fallback Fire/EMS Station 053", "resource_type": "fire_ems", "address": "4977 Example Ave", "city": "Pasadena", "source_agency": "LA County / HIFLD style", "source_status": "simulated_fallback_due_download_missing_or_unavailable"}}, {"type": "Feature", "geometry": {"type": "Point", "coordinates": [-118.071671, 34.005142]}, "properties": {"resource_id": 54, "resource_name": "Fallback Fire/EMS Station 054", "resource_type": "fire_ems", "address": "8651 Example Ave", "city": "Whittier", "source_agency": "LA County / HIFLD style", "source_status": "simulated_fallback_due_download_missing_or_unavailable"}}, {"type": "Feature", "geometry": {"type": "Point", "coordinates": [-118.359338, 33.930754]}, "properties": {"resource_id": 55, "resource_name": "Fallback Fire/EMS Station 055", "resource_type": "fire_ems", "address": "366 Example Ave", "city": "Santa Monica", "source_agency": "LA County / HIFLD style", "source_status": "simulated_fallback_due_download_missing_or_unavailable"}}, {"type": "Feature", "geometry": {"type": "Point", "coordinates": [-118.300906, 34.363386]}, "properties": {"resource_id": 56, "resource_name": "Fallback Fire/EMS Station 056", "resource_type": "fire_ems", "address": "2532 Example Ave", "city": "Burbank", "source_agency": "LA County / HIFLD style", "source_status": "simulated_fallback_due_download_missing_or_unavailable"}}, {"type": "Feature", "geometry": {"type": "Point", "coordinates": [-117.861104, 33.964797]}, "properties": {"resource_id": 57, "resource_name": "Fallback Fire/EMS Station 057", "resource_type": "fire_ems", "address": "1871 Example Ave", "city": "Burbank", "source_agency": "LA County / HIFLD style", "source_status": "simulated_fallback_due_download_missing_or_unavailable"}}, {"type": "Feature", "geometry": {"type": "Point", "coordinates": [-118.304831, 34.269249]}, "properties": {"resource_id": 58, "resource_name": "Fallback Fire/EMS Station 058", "resource_type": "fire_ems", "address": "257 Example Ave", "city": "Santa Monica", "source_agency": "LA County / HIFLD style", "source_status": "simulated_fallback_due_download_missing_or_unavailable"}}, {"type": "Feature", "geometry": {"type": "Point", "coordinates": [-117.793448, 34.120313]}, "properties": {"resource_id": 59, "resource_name": "Fallback Fire/EMS Station 059", "resource_type": "fire_ems", "address": "2032 Example Ave", "city": "Pomona", "source_agency": "LA County / HIFLD style", "source_status": "simulated_fallback_due_download_missing_or_unavailable"}}, {"type": "Feature", "geometry": {"type": "Point", "coordinates": [-117.935995, 34.417656]}, "properties": {"resource_id": 60, "resource_name": "Fallback Fire/EMS Station 060", "resource_type": "fire_ems", "address": "8001 Example Ave", "city": "Lancaster", "source_agency": "LA County / HIFLD style", "source_status": "simulated_fallback_due_download_missing_or_unavailable"}}, {"type": "Feature", "geometry": {"type": "Point", "coordinates": [-118.178546, 33.815414]}, "properties": {"resource_id": 61, "resource_name": "Fallback Fire/EMS Station 061", "resource_type": "fire_ems", "address": "3127 Example Ave", "city": "Glendale", "source_agency": "LA County / HIFLD style", "source_status": "simulated_fallback_due_download_missing_or_unavailable"}}, {"type": "Feature", "geometry": {"type": "Point", "coordinates": [-118.404945, 34.48257]}, "properties": {"resource_id": 62, "resource_name": "Fallback Fire/EMS Station 062", "resource_type": "fire_ems", "address": "1752 Example Ave", "city": "Pomona", "source_agency": "LA County / HIFLD style", "source_status": "simulated_fallback_due_download_missing_or_unavailable"}}, {"type": "Feature", "geometry": {"type": "Point", "coordinates": [-118.29133, 34.504146]}, "properties": {"resource_id": 63, "resource_name": "Fallback Fire/EMS Station 063", "resource_type": "fire_ems", "address": "4316 Example Ave", "city": "Los Angeles", "source_agency": "LA County / HIFLD style", "source_status": "simulated_fallback_due_download_missing_or_unavailable"}}, {"type": "Feature", "geometry": {"type": "Point", "coordinates": [-117.827631, 34.120892]}, "properties": {"resource_id": 64, "resource_name": "Fallback Fire/EMS Station 064", "resource_type": "fire_ems", "address": "8426 Example Ave", "city": "Los Angeles", "source_agency": "LA County / HIFLD style", "source_status": "simulated_fallback_due_download_missing_or_unavailable"}}, {"type": "Feature", "geometry": {"type": "Point", "coordinates": [-118.548794, 34.22794]}, "properties": {"resource_id": 65, "resource_name": "Fallback Fire/EMS Station 065", "resource_type": "fire_ems", "address": "2806 Example Ave", "city": "Glendale", "source_agency": "LA County / HIFLD style", "source_status": "simulated_fallback_due_download_missing_or_unavailable"}}, {"type": "Feature", "geometry": {"type": "Point", "coordinates": [-118.584921, 34.418185]}, "properties": {"resource_id": 66, "resource_name": "Fallback Fire/EMS Station 066", "resource_type": "fire_ems", "address": "4346 Example Ave", "city": "Glendale", "source_agency": "LA County / HIFLD style", "source_status": "simulated_fallback_due_download_missing_or_unavailable"}}, {"type": "Feature", "geometry": {"type": "Point", "coordinates": [-118.325237, 34.097315]}, "properties": {"resource_id": 67, "resource_name": "Fallback Fire/EMS Station 067", "resource_type": "fire_ems", "address": "1405 Example Ave", "city": "Pasadena", "source_agency": "LA County / HIFLD style", "source_status": "simulated_fallback_due_download_missing_or_unavailable"}}, {"type": "Feature", "geometry": {"type": "Point", "coordinates": [-118.162736, 33.7574]}, "properties": {"resource_id": 68, "resource_name": "Fallback Fire/EMS Station 068", "resource_type": "fire_ems", "address": "248 Example Ave", "city": "Los Angeles", "source_agency": "LA County / HIFLD style", "source_status": "simulated_fallback_due_download_missing_or_unavailable"}}, {"type": "Feature", "geometry": {"type": "Point", "coordinates": [-118.371457, 34.07704]}, "properties": {"resource_id": 69, "resource_name": "Fallback Fire/EMS Station 069", "resource_type": "fire_ems", "address": "6170 Example Ave", "city": "Burbank", "source_agency": "LA County / HIFLD style", "source_status": "simulated_fallback_due_download_missing_or_unavailable"}}, {"type": "Feature", "geometry": {"type": "Point", "coordinates": [-118.469088, 33.833821]}, "properties": {"resource_id": 70, "resource_name": "Fallback Fire/EMS Station 070", "resource_type": "fire_ems", "address": "9212 Example Ave", "city": "Burbank", "source_agency": "LA County / HIFLD style", "source_status": "simulated_fallback_due_download_missing_or_unavailable"}}, {"type": "Feature", "geometry": {"type": "Point", "coordinates": [-118.310974, 33.70512]}, "properties": {"resource_id": 71, "resource_name": "Fallback Fire/EMS Station 071", "resource_type": "fire_ems", "address": "2014 Example Ave", "city": "Long Beach", "source_agency": "LA County / HIFLD style", "source_status": "simulated_fallback_due_download_missing_or_unavailable"}}, {"type": "Feature", "geometry": {"type": "Point", "coordinates": [-117.949297, 34.425885]}, "properties": {"resource_id": 72, "resource_name": "Fallback Fire/EMS Station 072", "resource_type": "fire_ems", "address": "6364 Example Ave", "city": "Burbank", "source_agency": "LA County / HIFLD style", "source_status": "simulated_fallback_due_download_missing_or_unavailable"}}, {"type": "Feature", "geometry": {"type": "Point", "coordinates": [-118.114179, 34.102922]}, "properties": {"resource_id": 73, "resource_name": "Fallback Fire/EMS Station 073", "resource_type": "fire_ems", "address": "2882 Example Ave", "city": "Los Angeles", "source_agency": "LA County / HIFLD style", "source_status": "simulated_fallback_due_download_missing_or_unavailable"}}, {"type": "Feature", "geometry": {"type": "Point", "coordinates": [-117.91665, 34.021918]}, "properties": {"resource_id": 74, "resource_name": "Fallback Fire/EMS Station 074", "resource_type": "fire_ems", "address": "8032 Example Ave", "city": "Pasadena", "source_agency": "LA County / HIFLD style", "source_status": "simulated_fallback_due_download_missing_or_unavailable"}}, {"type": "Feature", "geometry": {"type": "Point", "coordinates": [-117.992767, 34.062142]}, "properties": {"resource_id": 75, "resource_name": "Fallback Fire/EMS Station 075", "resource_type": "fire_ems", "address": "2407 Example Ave", "city": "Glendale", "source_agency": "LA County / HIFLD style", "source_status": "simulated_fallback_due_download_missing_or_unavailable"}}, {"type": "Feature", "geometry": {"type": "Point", "coordinates": [-118.370721, 34.256065]}, "properties": {"resource_id": 76, "resource_name": "Fallback Fire/EMS Station 076", "resource_type": "fire_ems", "address": "5947 Example Ave", "city": "Los Angeles", "source_agency": "LA County / HIFLD style", "source_status": "simulated_fallback_due_download_missing_or_unavailable"}}, {"type": "Feature", "geometry": {"type": "Point", "coordinates": [-118.087807, 33.98607]}, "properties": {"resource_id": 77, "resource_name": "Fallback Fire/EMS Station 077", "resource_type": "fire_ems", "address": "3397 Example Ave", "city": "Long Beach", "source_agency": "LA County / HIFLD style", "source_status": "simulated_fallback_due_download_missing_or_unavailable"}}, {"type": "Feature", "geometry": {"type": "Point", "coordinates": [-118.182074, 34.097732]}, "properties": {"resource_id": 78, "resource_name": "Fallback Fire/EMS Station 078", "resource_type": "fire_ems", "address": "2235 Example Ave", "city": "Pomona", "source_agency": "LA County / HIFLD style", "source_status": "simulated_fallback_due_download_missing_or_unavailable"}}, {"type": "Feature", "geometry": {"type": "Point", "coordinates": [-118.375041, 34.260602]}, "properties": {"resource_id": 79, "resource_name": "Fallback Fire/EMS Station 079", "resource_type": "fire_ems", "address": "575 Example Ave", "city": "Santa Monica", "source_agency": "LA County / HIFLD style", "source_status": "simulated_fallback_due_download_missing_or_unavailable"}}, {"type": "Feature", "geometry": {"type": "Point", "coordinates": [-118.368581, 34.465559]}, "properties": {"resource_id": 80, "resource_name": "Fallback Fire/EMS Station 080", "resource_type": "fire_ems", "address": "4809 Example Ave", "city": "Lancaster", "source_agency": "LA County / HIFLD style", "source_status": "simulated_fallback_due_download_missing_or_unavailable"}}, {"type": "Feature", "geometry": {"type": "Point", "coordinates": [-118.040496, 34.300215]}, "properties": {"resource_id": 81, "resource_name": "Fallback Fire/EMS Station 081", "resource_type": "fire_ems", "address": "9722 Example Ave", "city": "Burbank", "source_agency": "LA County / HIFLD style", "source_status": "simulated_fallback_due_download_missing_or_unavailable"}}, {"type": "Feature", "geometry": {"type": "Point", "coordinates": [-118.401901, 34.310689]}, "properties": {"resource_id": 82, "resource_name": "Fallback Fire/EMS Station 082", "resource_type": "fire_ems", "address": "868 Example Ave", "city": "Whittier", "source_agency": "LA County / HIFLD style", "source_status": "simulated_fallback_due_download_missing_or_unavailable"}}, {"type": "Feature", "geometry": {"type": "Point", "coordinates": [-118.322709, 33.871139]}, "properties": {"resource_id": 83, "resource_name": "Fallback Fire/EMS Station 083", "resource_type": "fire_ems", "address": "7774 Example Ave", "city": "Pasadena", "source_agency": "LA County / HIFLD style", "source_status": "simulated_fallback_due_download_missing_or_unavailable"}}, {"type": "Feature", "geometry": {"type": "Point", "coordinates": [-118.401603, 34.329586]}, "properties": {"resource_id": 84, "resource_name": "Fallback Fire/EMS Station 084", "resource_type": "fire_ems", "address": "1418 Example Ave", "city": "Pasadena", "source_agency": "LA County / HIFLD style", "source_status": "simulated_fallback_due_download_missing_or_unavailable"}}, {"type": "Feature", "geometry": {"type": "Point", "coordinates": [-118.334214, 34.281629]}, "properties": {"resource_id": 85, "resource_name": "Fallback Fire/EMS Station 085", "resource_type": "fire_ems", "address": "1862 Example Ave", "city": "Los Angeles", "source_agency": "LA County / HIFLD style", "source_status": "simulated_fallback_due_download_missing_or_unavailable"}}, {"type": "Feature", "geometry": {"type": "Point", "coordinates": [-118.526726, 33.742108]}, "properties": {"resource_id": 86, "resource_name": "Fallback Fire/EMS Station 086", "resource_type": "fire_ems", "address": "2084 Example Ave", "city": "Los Angeles", "source_agency": "LA County / HIFLD style", "source_status": "simulated_fallback_due_download_missing_or_unavailable"}}, {"type": "Feature", "geometry": {"type": "Point", "coordinates": [-117.918986, 33.803276]}, "properties": {"resource_id": 87, "resource_name": "Fallback Fire/EMS Station 087", "resource_type": "fire_ems", "address": "6198 Example Ave", "city": "Pasadena", "source_agency": "LA County / HIFLD style", "source_status": "simulated_fallback_due_download_missing_or_unavailable"}}, {"type": "Feature", "geometry": {"type": "Point", "coordinates": [-118.005441, 34.404143]}, "properties": {"resource_id": 88, "resource_name": "Fallback Fire/EMS Station 088", "resource_type": "fire_ems", "address": "9125 Example Ave", "city": "Los Angeles", "source_agency": "LA County / HIFLD style", "source_status": "simulated_fallback_due_download_missing_or_unavailable"}}, {"type": "Feature", "geometry": {"type": "Point", "coordinates": [-118.326827, 34.184279]}, "properties": {"resource_id": 89, "resource_name": "Fallback Fire/EMS Station 089", "resource_type": "fire_ems", "address": "297 Example Ave", "city": "Burbank", "source_agency": "LA County / HIFLD style", "source_status": "simulated_fallback_due_download_missing_or_unavailable"}}, {"type": "Feature", "geometry": {"type": "Point", "coordinates": [-118.282564, 34.49585]}, "properties": {"resource_id": 90, "resource_name": "Fallback Fire/EMS Station 090", "resource_type": "fire_ems", "address": "1698 Example Ave", "city": "Burbank", "source_agency": "LA County / HIFLD style", "source_status": "simulated_fallback_due_download_missing_or_unavailable"}}, {"type": "Feature", "geometry": {"type": "Point", "coordinates": [-117.941264, 33.887559]}, "properties": {"resource_id": 91, "resource_name": "Fallback Fire/EMS Station 091", "resource_type": "fire_ems", "address": "5978 Example Ave", "city": "Los Angeles", "source_agency": "LA County / HIFLD style", "source_status": "simulated_fallback_due_download_missing_or_unavailable"}}, {"type": "Feature", "geometry": {"type": "Point", "coordinates": [-118.547668, 33.90195]}, "properties": {"resource_id": 92, "resource_name": "Fallback Fire/EMS Station 092", "resource_type": "fire_ems", "address": "3931 Example Ave", "city": "Long Beach", "source_agency": "LA County / HIFLD style", "source_status": "simulated_fallback_due_download_missing_or_unavailable"}}, {"type": "Feature", "geometry": {"type": "Point", "coordinates": [-118.293594, 34.496321]}, "properties": {"resource_id": 93, "resource_name": "Fallback Fire/EMS Station 093", "resource_type": "fire_ems", "address": "3006 Example Ave", "city": "Glendale", "source_agency": "LA County / HIFLD style", "source_status": "simulated_fallback_due_download_missing_or_unavailable"}}, {"type": "Feature", "geometry": {"type": "Point", "coordinates": [-118.378036, 34.385721]}, "properties": {"resource_id": 94, "resource_name": "Fallback Fire/EMS Station 094", "resource_type": "fire_ems", "address": "1820 Example Ave", "city": "Lancaster", "source_agency": "LA County / HIFLD style", "source_status": "simulated_fallback_due_download_missing_or_unavailable"}}, {"type": "Feature", "geometry": {"type": "Point", "coordinates": [-117.78993, 34.104276]}, "properties": {"resource_id": 95, "resource_name": "Fallback Fire/EMS Station 095", "resource_type": "fire_ems", "address": "6761 Example Ave", "city": "Torrance", "source_agency": "LA County / HIFLD style", "source_status": "simulated_fallback_due_download_missing_or_unavailable"}}, {"type": "Feature", "geometry": {"type": "Point", "coordinates": [-117.848571, 33.917289]}, "properties": {"resource_id": 96, "resource_name": "Fallback Fire/EMS Station 096", "resource_type": "fire_ems", "address": "862 Example Ave", "city": "Los Angeles", "source_agency": "LA County / HIFLD style", "source_status": "simulated_fallback_due_download_missing_or_unavailable"}}, {"type": "Feature", "geometry": {"type": "Point", "coordinates": [-118.191093, 33.705605]}, "properties": {"resource_id": 97, "resource_name": "Fallback Fire/EMS Station 097", "resource_type": "fire_ems", "address": "5151 Example Ave", "city": "Lancaster", "source_agency": "LA County / HIFLD style", "source_status": "simulated_fallback_due_download_missing_or_unavailable"}}, {"type": "Feature", "geometry": {"type": "Point", "coordinates": [-118.564219, 33.992705]}, "properties": {"resource_id": 98, "resource_name": "Fallback Fire/EMS Station 098", "resource_type": "fire_ems", "address": "7820 Example Ave", "city": "Santa Monica", "source_agency": "LA County / HIFLD style", "source_status": "simulated_fallback_due_download_missing_or_unavailable"}}, {"type": "Feature", "geometry": {"type": "Point", "coordinates": [-118.028071, 34.274163]}, "properties": {"resource_id": 99, "resource_name": "Fallback Fire/EMS Station 099", "resource_type": "fire_ems", "address": "2479 Example Ave", "city": "Long Beach", "source_agency": "LA County / HIFLD style", "source_status": "simulated_fallback_due_download_missing_or_unavailable"}}, {"type": "Feature", "geometry": {"type": "Point", "coordinates": [-118.103693, 34.444309]}, "properties": {"resource_id": 100, "resource_name": "Fallback Fire/EMS Station 100", "resource_type": "fire_ems", "address": "4257 Example Ave", "city": "Santa Monica", "source_agency": "LA County / HIFLD style", "source_status": "simulated_fallback_due_download_missing_or_unavailable"}}, {"type": "Feature", "geometry": {"type": "Point", "coordinates": [-118.387822, 33.77352]}, "properties": {"resource_id": 101, "resource_name": "Fallback Fire/EMS Station 101", "resource_type": "fire_ems", "address": "1776 Example Ave", "city": "Whittier", "source_agency": "LA County / HIFLD style", "source_status": "simulated_fallback_due_download_missing_or_unavailable"}}, {"type": "Feature", "geometry": {"type": "Point", "coordinates": [-117.843181, 34.246342]}, "properties": {"resource_id": 102, "resource_name": "Fallback Fire/EMS Station 102", "resource_type": "fire_ems", "address": "4839 Example Ave", "city": "Pasadena", "source_agency": "LA County / HIFLD style", "source_status": "simulated_fallback_due_download_missing_or_unavailable"}}, {"type": "Feature", "geometry": {"type": "Point", "coordinates": [-118.325194, 34.092471]}, "properties": {"resource_id": 103, "resource_name": "Fallback Fire/EMS Station 103", "resource_type": "fire_ems", "address": "6972 Example Ave", "city": "Pasadena", "source_agency": "LA County / HIFLD style", "source_status": "simulated_fallback_due_download_missing_or_unavailable"}}, {"type": "Feature", "geometry": {"type": "Point", "coordinates": [-117.881707, 34.236628]}, "properties": {"resource_id": 104, "resource_name": "Fallback Fire/EMS Station 104", "resource_type": "fire_ems", "address": "5132 Example Ave", "city": "Whittier", "source_agency": "LA County / HIFLD style", "source_status": "simulated_fallback_due_download_missing_or_unavailable"}}, {"type": "Feature", "geometry": {"type": "Point", "coordinates": [-118.396318, 33.849267]}, "properties": {"resource_id": 105, "resource_name": "Fallback Fire/EMS Station 105", "resource_type": "fire_ems", "address": "2944 Example Ave", "city": "Santa Monica", "source_agency": "LA County / HIFLD style", "source_status": "simulated_fallback_due_download_missing_or_unavailable"}}, {"type": "Feature", "geometry": {"type": "Point", "coordinates": [-118.545554, 34.411959]}, "properties": {"resource_id": 106, "resource_name": "Fallback Fire/EMS Station 106", "resource_type": "fire_ems", "address": "7852 Example Ave", "city": "Pasadena", "source_agency": "LA County / HIFLD style", "source_status": "simulated_fallback_due_download_missing_or_unavailable"}}, {"type": "Feature", "geometry": {"type": "Point", "coordinates": [-117.963478, 34.411417]}, "properties": {"resource_id": 107, "resource_name": "Fallback Fire/EMS Station 107", "resource_type": "fire_ems", "address": "2744 Example Ave", "city": "Long Beach", "source_agency": "LA County / HIFLD style", "source_status": "simulated_fallback_due_download_missing_or_unavailable"}}, {"type": "Feature", "geometry": {"type": "Point", "coordinates": [-118.717553, 34.246332]}, "properties": {"resource_id": 108, "resource_name": "Fallback Fire/EMS Station 108", "resource_type": "fire_ems", "address": "7262 Example Ave", "city": "Long Beach", "source_agency": "LA County / HIFLD style", "source_status": "simulated_fallback_due_download_missing_or_unavailable"}}, {"type": "Feature", "geometry": {"type": "Point", "coordinates": [-118.068143, 33.889636]}, "properties": {"resource_id": 109, "resource_name": "Fallback Fire/EMS Station 109", "resource_type": "fire_ems", "address": "5771 Example Ave", "city": "Lancaster", "source_agency": "LA County / HIFLD style", "source_status": "simulated_fallback_due_download_missing_or_unavailable"}}, {"type": "Feature", "geometry": {"type": "Point", "coordinates": [-118.611194, 33.756405]}, "properties": {"resource_id": 110, "resource_name": "Fallback Fire/EMS Station 110", "resource_type": "fire_ems", "address": "6779 Example Ave", "city": "Los Angeles", "source_agency": "LA County / HIFLD style", "source_status": "simulated_fallback_due_download_missing_or_unavailable"}}, {"type": "Feature", "geometry": {"type": "Point", "coordinates": [-118.334778, 34.349581]}, "properties": {"resource_id": 111, "resource_name": "Fallback Fire/EMS Station 111", "resource_type": "fire_ems", "address": "2858 Example Ave", "city": "Pomona", "source_agency": "LA County / HIFLD style", "source_status": "simulated_fallback_due_download_missing_or_unavailable"}}, {"type": "Feature", "geometry": {"type": "Point", "coordinates": [-118.5122, 34.336442]}, "properties": {"resource_id": 112, "resource_name": "Fallback Fire/EMS Station 112", "resource_type": "fire_ems", "address": "554 Example Ave", "city": "Long Beach", "source_agency": "LA County / HIFLD style", "source_status": "simulated_fallback_due_download_missing_or_unavailable"}}, {"type": "Feature", "geometry": {"type": "Point", "coordinates": [-118.593626, 34.459108]}, "properties": {"resource_id": 113, "resource_name": "Fallback Fire/EMS Station 113", "resource_type": "fire_ems", "address": "7060 Example Ave", "city": "Long Beach", "source_agency": "LA County / HIFLD style", "source_status": "simulated_fallback_due_download_missing_or_unavailable"}}, {"type": "Feature", "geometry": {"type": "Point", "coordinates": [-117.945642, 33.747498]}, "properties": {"resource_id": 114, "resource_name": "Fallback Fire/EMS Station 114", "resource_type": "fire_ems", "address": "5841 Example Ave", "city": "Pomona", "source_agency": "LA County / HIFLD style", "source_status": "simulated_fallback_due_download_missing_or_unavailable"}}, {"type": "Feature", "geometry": {"type": "Point", "coordinates": [-118.221634, 33.805118]}, "properties": {"resource_id": 115, "resource_name": "Fallback Fire/EMS Station 115", "resource_type": "fire_ems", "address": "7565 Example Ave", "city": "Pomona", "source_agency": "LA County / HIFLD style", "source_status": "simulated_fallback_due_download_missing_or_unavailable"}}, {"type": "Feature", "geometry": {"type": "Point", "coordinates": [-118.16479, 34.325116]}, "properties": {"resource_id": 116, "resource_name": "Fallback Fire/EMS Station 116", "resource_type": "fire_ems", "address": "6305 Example Ave", "city": "Pomona", "source_agency": "LA County / HIFLD style", "source_status": "simulated_fallback_due_download_missing_or_unavailable"}}, {"type": "Feature", "geometry": {"type": "Point", "coordinates": [-117.9028, 34.147846]}, "properties": {"resource_id": 117, "resource_name": "Fallback Fire/EMS Station 117", "resource_type": "fire_ems", "address": "2040 Example Ave", "city": "Whittier", "source_agency": "LA County / HIFLD style", "source_status": "simulated_fallback_due_download_missing_or_unavailable"}}, {"type": "Feature", "geometry": {"type": "Point", "coordinates": [-118.713672, 33.730384]}, "properties": {"resource_id": 118, "resource_name": "Fallback Fire/EMS Station 118", "resource_type": "fire_ems", "address": "3452 Example Ave", "city": "Long Beach", "source_agency": "LA County / HIFLD style", "source_status": "simulated_fallback_due_download_missing_or_unavailable"}}, {"type": "Feature", "geometry": {"type": "Point", "coordinates": [-118.389135, 34.104518]}, "properties": {"resource_id": 119, "resource_name": "Fallback Fire/EMS Station 119", "resource_type": "fire_ems", "address": "765 Example Ave", "city": "Whittier", "source_agency": "LA County / HIFLD style", "source_status": "simulated_fallback_due_download_missing_or_unavailable"}}, {"type": "Feature", "geometry": {"type": "Point", "coordinates": [-118.235823, 34.170699]}, "properties": {"resource_id": 120, "resource_name": "Fallback Fire/EMS Station 120", "resource_type": "fire_ems", "address": "3682 Example Ave", "city": "Whittier", "source_agency": "LA County / HIFLD style", "source_status": "simulated_fallback_due_download_missing_or_unavailable"}}, {"type": "Feature", "geometry": {"type": "Point", "coordinates": [-117.809975, 34.373497]}, "properties": {"resource_id": 121, "resource_name": "Fallback Fire/EMS Station 121", "resource_type": "fire_ems", "address": "6378 Example Ave", "city": "Whittier", "source_agency": "LA County / HIFLD style", "source_status": "simulated_fallback_due_download_missing_or_unavailable"}}, {"type": "Feature", "geometry": {"type": "Point", "coordinates": [-118.069226, 33.789567]}, "properties": {"resource_id": 122, "resource_name": "Fallback Fire/EMS Station 122", "resource_type": "fire_ems", "address": "2486 Example Ave", "city": "Long Beach", "source_agency": "LA County / HIFLD style", "source_status": "simulated_fallback_due_download_missing_or_unavailable"}}, {"type": "Feature", "geometry": {"type": "Point", "coordinates": [-118.631734, 33.730854]}, "properties": {"resource_id": 123, "resource_name": "Fallback Fire/EMS Station 123", "resource_type": "fire_ems", "address": "1199 Example Ave", "city": "Long Beach", "source_agency": "LA County / HIFLD style", "source_status": "simulated_fallback_due_download_missing_or_unavailable"}}, {"type": "Feature", "geometry": {"type": "Point", "coordinates": [-118.467647, 33.831889]}, "properties": {"resource_id": 124, "resource_name": "Fallback Fire/EMS Station 124", "resource_type": "fire_ems", "address": "1931 Example Ave", "city": "Long Beach", "source_agency": "LA County / HIFLD style", "source_status": "simulated_fallback_due_download_missing_or_unavailable"}}, {"type": "Feature", "geometry": {"type": "Point", "coordinates": [-117.993779, 34.122969]}, "properties": {"resource_id": 125, "resource_name": "Fallback Fire/EMS Station 125", "resource_type": "fire_ems", "address": "603 Example Ave", "city": "Burbank", "source_agency": "LA County / HIFLD style", "source_status": "simulated_fallback_due_download_missing_or_unavailable"}}, {"type": "Feature", "geometry": {"type": "Point", "coordinates": [-118.311766, 34.046991]}, "properties": {"resource_id": 126, "resource_name": "Fallback Fire/EMS Station 126", "resource_type": "fire_ems", "address": "2333 Example Ave", "city": "Lancaster", "source_agency": "LA County / HIFLD style", "source_status": "simulated_fallback_due_download_missing_or_unavailable"}}, {"type": "Feature", "geometry": {"type": "Point", "coordinates": [-118.699931, 34.492625]}, "properties": {"resource_id": 127, "resource_name": "Fallback Fire/EMS Station 127", "resource_type": "fire_ems", "address": "9893 Example Ave", "city": "Lancaster", "source_agency": "LA County / HIFLD style", "source_status": "simulated_fallback_due_download_missing_or_unavailable"}}, {"type": "Feature", "geometry": {"type": "Point", "coordinates": [-118.079623, 33.757085]}, "properties": {"resource_id": 128, "resource_name": "Fallback Fire/EMS Station 128", "resource_type": "fire_ems", "address": "1968 Example Ave", "city": "Los Angeles", "source_agency": "LA County / HIFLD style", "source_status": "simulated_fallback_due_download_missing_or_unavailable"}}, {"type": "Feature", "geometry": {"type": "Point", "coordinates": [-118.515838, 34.298598]}, "properties": {"resource_id": 129, "resource_name": "Fallback Fire/EMS Station 129", "resource_type": "fire_ems", "address": "3841 Example Ave", "city": "Lancaster", "source_agency": "LA County / HIFLD style", "source_status": "simulated_fallback_due_download_missing_or_unavailable"}}, {"type": "Feature", "geometry": {"type": "Point", "coordinates": [-117.944491, 33.974853]}, "properties": {"resource_id": 130, "resource_name": "Fallback Fire/EMS Station 130", "resource_type": "fire_ems", "address": "9769 Example Ave", "city": "Lancaster", "source_agency": "LA County / HIFLD style", "source_status": "simulated_fallback_due_download_missing_or_unavailable"}}, {"type": "Feature", "geometry": {"type": "Point", "coordinates": [-117.794344, 34.549018]}, "properties": {"resource_id": 131, "resource_name": "Fallback Fire/EMS Station 131", "resource_type": "fire_ems", "address": "7629 Example Ave", "city": "Pasadena", "source_agency": "LA County / HIFLD style", "source_status": "simulated_fallback_due_download_missing_or_unavailable"}}, {"type": "Feature", "geometry": {"type": "Point", "coordinates": [-117.820943, 34.176244]}, "properties": {"resource_id": 132, "resource_name": "Fallback Fire/EMS Station 132", "resource_type": "fire_ems", "address": "6581 Example Ave", "city": "Santa Monica", "source_agency": "LA County / HIFLD style", "source_status": "simulated_fallback_due_download_missing_or_unavailable"}}, {"type": "Feature", "geometry": {"type": "Point", "coordinates": [-117.881266, 34.312043]}, "properties": {"resource_id": 133, "resource_name": "Fallback Fire/EMS Station 133", "resource_type": "fire_ems", "address": "9826 Example Ave", "city": "Pasadena", "source_agency": "LA County / HIFLD style", "source_status": "simulated_fallback_due_download_missing_or_unavailable"}}, {"type": "Feature", "geometry": {"type": "Point", "coordinates": [-117.847238, 33.890552]}, "properties": {"resource_id": 134, "resource_name": "Fallback Fire/EMS Station 134", "resource_type": "fire_ems", "address": "4596 Example Ave", "city": "Santa Monica", "source_agency": "LA County / HIFLD style", "source_status": "simulated_fallback_due_download_missing_or_unavailable"}}, {"type": "Feature", "geometry": {"type": "Point", "coordinates": [-117.862833, 34.265305]}, "properties": {"resource_id": 135, "resource_name": "Fallback Fire/EMS Station 135", "resource_type": "fire_ems", "address": "8882 Example Ave", "city": "Pomona", "source_agency": "LA County / HIFLD style", "source_status": "simulated_fallback_due_download_missing_or_unavailable"}}, {"type": "Feature", "geometry": {"type": "Point", "coordinates": [-118.278988, 34.050074]}, "properties": {"resource_id": 136, "resource_name": "Fallback Fire/EMS Station 136", "resource_type": "fire_ems", "address": "4905 Example Ave", "city": "Glendale", "source_agency": "LA County / HIFLD style", "source_status": "simulated_fallback_due_download_missing_or_unavailable"}}, {"type": "Feature", "geometry": {"type": "Point", "coordinates": [-118.474732, 33.713507]}, "properties": {"resource_id": 137, "resource_name": "Fallback Fire/EMS Station 137", "resource_type": "fire_ems", "address": "3461 Example Ave", "city": "Pasadena", "source_agency": "LA County / HIFLD style", "source_status": "simulated_fallback_due_download_missing_or_unavailable"}}, {"type": "Feature", "geometry": {"type": "Point", "coordinates": [-118.427244, 33.857301]}, "properties": {"resource_id": 138, "resource_name": "Fallback Fire/EMS Station 138", "resource_type": "fire_ems", "address": "255 Example Ave", "city": "Lancaster", "source_agency": "LA County / HIFLD style", "source_status": "simulated_fallback_due_download_missing_or_unavailable"}}, {"type": "Feature", "geometry": {"type": "Point", "coordinates": [-118.693064, 34.149738]}, "properties": {"resource_id": 139, "resource_name": "Fallback Fire/EMS Station 139", "resource_type": "fire_ems", "address": "8196 Example Ave", "city": "Whittier", "source_agency": "LA County / HIFLD style", "source_status": "simulated_fallback_due_download_missing_or_unavailable"}}, {"type": "Feature", "geometry": {"type": "Point", "coordinates": [-118.239337, 33.860075]}, "properties": {"resource_id": 140, "resource_name": "Fallback Fire/EMS Station 140", "resource_type": "fire_ems", "address": "4994 Example Ave", "city": "Santa Monica", "source_agency": "LA County / HIFLD style", "source_status": "simulated_fallback_due_download_missing_or_unavailable"}}, {"type": "Feature", "geometry": {"type": "Point", "coordinates": [-117.872776, 34.507243]}, "properties": {"resource_id": 141, "resource_name": "Fallback Fire/EMS Station 141", "resource_type": "fire_ems", "address": "9375 Example Ave", "city": "Whittier", "source_agency": "LA County / HIFLD style", "source_status": "simulated_fallback_due_download_missing_or_unavailable"}}, {"type": "Feature", "geometry": {"type": "Point", "coordinates": [-118.43931, 33.889201]}, "properties": {"resource_id": 142, "resource_name": "Fallback Fire/EMS Station 142", "resource_type": "fire_ems", "address": "2507 Example Ave", "city": "Los Angeles", "source_agency": "LA County / HIFLD style", "source_status": "simulated_fallback_due_download_missing_or_unavailable"}}, {"type": "Feature", "geometry": {"type": "Point", "coordinates": [-117.867008, 33.892491]}, "properties": {"resource_id": 143, "resource_name": "Fallback Fire/EMS Station 143", "resource_type": "fire_ems", "address": "6668 Example Ave", "city": "Glendale", "source_agency": "LA County / HIFLD style", "source_status": "simulated_fallback_due_download_missing_or_unavailable"}}, {"type": "Feature", "geometry": {"type": "Point", "coordinates": [-118.673441, 34.442677]}, "properties": {"resource_id": 144, "resource_name": "Fallback Fire/EMS Station 144", "resource_type": "fire_ems", "address": "5696 Example Ave", "city": "Whittier", "source_agency": "LA County / HIFLD style", "source_status": "simulated_fallback_due_download_missing_or_unavailable"}}, {"type": "Feature", "geometry": {"type": "Point", "coordinates": [-117.764514, 33.816084]}, "properties": {"resource_id": 145, "resource_name": "Fallback Fire/EMS Station 145", "resource_type": "fire_ems", "address": "3146 Example Ave", "city": "Santa Monica", "source_agency": "LA County / HIFLD style", "source_status": "simulated_fallback_due_download_missing_or_unavailable"}}, {"type": "Feature", "geometry": {"type": "Point", "coordinates": [-118.688764, 34.16002]}, "properties": {"resource_id": 146, "resource_name": "Fallback Fire/EMS Station 146", "resource_type": "fire_ems", "address": "9014 Example Ave", "city": "Pomona", "source_agency": "LA County / HIFLD style", "source_status": "simulated_fallback_due_download_missing_or_unavailable"}}, {"type": "Feature", "geometry": {"type": "Point", "coordinates": [-118.049819, 33.954348]}, "properties": {"resource_id": 147, "resource_name": "Fallback Fire/EMS Station 147", "resource_type": "fire_ems", "address": "5012 Example Ave", "city": "Torrance", "source_agency": "LA County / HIFLD style", "source_status": "simulated_fallback_due_download_missing_or_unavailable"}}, {"type": "Feature", "geometry": {"type": "Point", "coordinates": [-118.659495, 34.374704]}, "properties": {"resource_id": 148, "resource_name": "Fallback Fire/EMS Station 148", "resource_type": "fire_ems", "address": "955 Example Ave", "city": "Burbank", "source_agency": "LA County / HIFLD style", "source_status": "simulated_fallback_due_download_missing_or_unavailable"}}, {"type": "Feature", "geometry": {"type": "Point", "coordinates": [-117.98261, 34.403895]}, "properties": {"resource_id": 149, "resource_name": "Fallback Fire/EMS Station 149", "resource_type": "fire_ems", "address": "7180 Example Ave", "city": "Los Angeles", "source_agency": "LA County / HIFLD style", "source_status": "simulated_fallback_due_download_missing_or_unavailable"}}, {"type": "Feature", "geometry": {"type": "Point", "coordinates": [-118.361964, 33.855702]}, "properties": {"resource_id": 150, "resource_name": "Fallback Fire/EMS Station 150", "resource_type": "fire_ems", "address": "6145 Example Ave", "city": "Los Angeles", "source_agency": "LA County / HIFLD style", "source_status": "simulated_fallback_due_download_missing_or_unavailable"}}, {"type": "Feature", "geometry": {"type": "Point", "coordinates": [-118.177695, 34.220367]}, "properties": {"resource_id": 151, "resource_name": "Fallback Fire/EMS Station 151", "resource_type": "fire_ems", "address": "6078 Example Ave", "city": "Pomona", "source_agency": "LA County / HIFLD style", "source_status": "simulated_fallback_due_download_missing_or_unavailable"}}, {"type": "Feature", "geometry": {"type": "Point", "coordinates": [-118.559634, 34.05142]}, "properties": {"resource_id": 152, "resource_name": "Fallback Fire/EMS Station 152", "resource_type": "fire_ems", "address": "8762 Example Ave", "city": "Los Angeles", "source_agency": "LA County / HIFLD style", "source_status": "simulated_fallback_due_download_missing_or_unavailable"}}, {"type": "Feature", "geometry": {"type": "Point", "coordinates": [-118.225014, 34.434208]}, "properties": {"resource_id": 153, "resource_name": "Fallback Fire/EMS Station 153", "resource_type": "fire_ems", "address": "9923 Example Ave", "city": "Los Angeles", "source_agency": "LA County / HIFLD style", "source_status": "simulated_fallback_due_download_missing_or_unavailable"}}, {"type": "Feature", "geometry": {"type": "Point", "coordinates": [-118.094658, 34.319765]}, "properties": {"resource_id": 154, "resource_name": "Fallback Fire/EMS Station 154", "resource_type": "fire_ems", "address": "8056 Example Ave", "city": "Los Angeles", "source_agency": "LA County / HIFLD style", "source_status": "simulated_fallback_due_download_missing_or_unavailable"}}, {"type": "Feature", "geometry": {"type": "Point", "coordinates": [-117.793055, 34.032622]}, "properties": {"resource_id": 155, "resource_name": "Fallback Fire/EMS Station 155", "resource_type": "fire_ems", "address": "8643 Example Ave", "city": "Pomona", "source_agency": "LA County / HIFLD style", "source_status": "simulated_fallback_due_download_missing_or_unavailable"}}, {"type": "Feature", "geometry": {"type": "Point", "coordinates": [-118.390177, 34.534182]}, "properties": {"resource_id": 156, "resource_name": "Fallback Fire/EMS Station 156", "resource_type": "fire_ems", "address": "9802 Example Ave", "city": "Whittier", "source_agency": "LA County / HIFLD style", "source_status": "simulated_fallback_due_download_missing_or_unavailable"}}, {"type": "Feature", "geometry": {"type": "Point", "coordinates": [-117.877569, 33.708875]}, "properties": {"resource_id": 157, "resource_name": "Fallback Fire/EMS Station 157", "resource_type": "fire_ems", "address": "5640 Example Ave", "city": "Glendale", "source_agency": "LA County / HIFLD style", "source_status": "simulated_fallback_due_download_missing_or_unavailable"}}, {"type": "Feature", "geometry": {"type": "Point", "coordinates": [-118.051147, 34.119058]}, "properties": {"resource_id": 158, "resource_name": "Fallback Fire/EMS Station 158", "resource_type": "fire_ems", "address": "3106 Example Ave", "city": "Burbank", "source_agency": "LA County / HIFLD style", "source_status": "simulated_fallback_due_download_missing_or_unavailable"}}, {"type": "Feature", "geometry": {"type": "Point", "coordinates": [-118.581375, 34.494952]}, "properties": {"resource_id": 159, "resource_name": "Fallback Fire/EMS Station 159", "resource_type": "fire_ems", "address": "5368 Example Ave", "city": "Burbank", "source_agency": "LA County / HIFLD style", "source_status": "simulated_fallback_due_download_missing_or_unavailable"}}, {"type": "Feature", "geometry": {"type": "Point", "coordinates": [-118.097055, 34.233612]}, "properties": {"resource_id": 160, "resource_name": "Fallback Fire/EMS Station 160", "resource_type": "fire_ems", "address": "1457 Example Ave", "city": "Los Angeles", "source_agency": "LA County / HIFLD style", "source_status": "simulated_fallback_due_download_missing_or_unavailable"}}, {"type": "Feature", "geometry": {"type": "Point", "coordinates": [-118.643926, 33.772727]}, "properties": {"resource_id": 161, "resource_name": "Fallback Fire/EMS Station 161", "resource_type": "fire_ems", "address": "7092 Example Ave", "city": "Torrance", "source_agency": "LA County / HIFLD style", "source_status": "simulated_fallback_due_download_missing_or_unavailable"}}, {"type": "Feature", "geometry": {"type": "Point", "coordinates": [-118.225707, 34.449815]}, "properties": {"resource_id": 162, "resource_name": "Fallback Fire/EMS Station 162", "resource_type": "fire_ems", "address": "339 Example Ave", "city": "Long Beach", "source_agency": "LA County / HIFLD style", "source_status": "simulated_fallback_due_download_missing_or_unavailable"}}, {"type": "Feature", "geometry": {"type": "Point", "coordinates": [-117.89935, 33.964785]}, "properties": {"resource_id": 163, "resource_name": "Fallback Fire/EMS Station 163", "resource_type": "fire_ems", "address": "6144 Example Ave", "city": "Whittier", "source_agency": "LA County / HIFLD style", "source_status": "simulated_fallback_due_download_missing_or_unavailable"}}, {"type": "Feature", "geometry": {"type": "Point", "coordinates": [-117.770979, 33.79661]}, "properties": {"resource_id": 164, "resource_name": "Fallback Fire/EMS Station 164", "resource_type": "fire_ems", "address": "4335 Example Ave", "city": "Long Beach", "source_agency": "LA County / HIFLD style", "source_status": "simulated_fallback_due_download_missing_or_unavailable"}}, {"type": "Feature", "geometry": {"type": "Point", "coordinates": [-117.768916, 34.497628]}, "properties": {"resource_id": 165, "resource_name": "Fallback Fire/EMS Station 165", "resource_type": "fire_ems", "address": "4086 Example Ave", "city": "Glendale", "source_agency": "LA County / HIFLD style", "source_status": "simulated_fallback_due_download_missing_or_unavailable"}}, {"type": "Feature", "geometry": {"type": "Point", "coordinates": [-118.100591, 33.951251]}, "properties": {"resource_id": 166, "resource_name": "Fallback Fire/EMS Station 166", "resource_type": "fire_ems", "address": "2871 Example Ave", "city": "Long Beach", "source_agency": "LA County / HIFLD style", "source_status": "simulated_fallback_due_download_missing_or_unavailable"}}, {"type": "Feature", "geometry": {"type": "Point", "coordinates": [-118.268906, 34.316746]}, "properties": {"resource_id": 167, "resource_name": "Fallback Fire/EMS Station 167", "resource_type": "fire_ems", "address": "269 Example Ave", "city": "Lancaster", "source_agency": "LA County / HIFLD style", "source_status": "simulated_fallback_due_download_missing_or_unavailable"}}, {"type": "Feature", "geometry": {"type": "Point", "coordinates": [-117.854897, 34.447012]}, "properties": {"resource_id": 168, "resource_name": "Fallback Fire/EMS Station 168", "resource_type": "fire_ems", "address": "2832 Example Ave", "city": "Los Angeles", "source_agency": "LA County / HIFLD style", "source_status": "simulated_fallback_due_download_missing_or_unavailable"}}, {"type": "Feature", "geometry": {"type": "Point", "coordinates": [-117.930502, 34.099247]}, "properties": {"resource_id": 169, "resource_name": "Fallback Fire/EMS Station 169", "resource_type": "fire_ems", "address": "7673 Example Ave", "city": "Santa Monica", "source_agency": "LA County / HIFLD style", "source_status": "simulated_fallback_due_download_missing_or_unavailable"}}, {"type": "Feature", "geometry": {"type": "Point", "coordinates": [-118.567099, 33.845617]}, "properties": {"resource_id": 170, "resource_name": "Fallback Fire/EMS Station 170", "resource_type": "fire_ems", "address": "3133 Example Ave", "city": "Burbank", "source_agency": "LA County / HIFLD style", "source_status": "simulated_fallback_due_download_missing_or_unavailable"}}, {"type": "Feature", "geometry": {"type": "Point", "coordinates": [-118.746744, 34.239237]}, "properties": {"resource_id": 171, "resource_name": "Fallback Fire/EMS Station 171", "resource_type": "fire_ems", "address": "1119 Example Ave", "city": "Burbank", "source_agency": "LA County / HIFLD style", "source_status": "simulated_fallback_due_download_missing_or_unavailable"}}, {"type": "Feature", "geometry": {"type": "Point", "coordinates": [-117.915583, 34.10485]}, "properties": {"resource_id": 172, "resource_name": "Fallback Fire/EMS Station 172", "resource_type": "fire_ems", "address": "7233 Example Ave", "city": "Pomona", "source_agency": "LA County / HIFLD style", "source_status": "simulated_fallback_due_download_missing_or_unavailable"}}, {"type": "Feature", "geometry": {"type": "Point", "coordinates": [-118.171912, 34.541764]}, "properties": {"resource_id": 173, "resource_name": "Fallback Fire/EMS Station 173", "resource_type": "fire_ems", "address": "1171 Example Ave", "city": "Pasadena", "source_agency": "LA County / HIFLD style", "source_status": "simulated_fallback_due_download_missing_or_unavailable"}}, {"type": "Feature", "geometry": {"type": "Point", "coordinates": [-118.704432, 34.130823]}, "properties": {"resource_id": 174, "resource_name": "Fallback Fire/EMS Station 174", "resource_type": "fire_ems", "address": "8492 Example Ave", "city": "Long Beach", "source_agency": "LA County / HIFLD style", "source_status": "simulated_fallback_due_download_missing_or_unavailable"}}, {"type": "Feature", "geometry": {"type": "Point", "coordinates": [-118.659171, 34.389791]}, "properties": {"resource_id": 1, "resource_name": "Fallback Hospital or Medical Center 001", "resource_type": "hospital", "address": "1633 Example Ave", "city": "Burbank", "source_agency": "LA County / HIFLD style", "source_status": "simulated_fallback_due_download_missing_or_unavailable"}}, {"type": "Feature", "geometry": {"type": "Point", "coordinates": [-118.546981, 33.951453]}, "properties": {"resource_id": 2, "resource_name": "Fallback Hospital or Medical Center 002", "resource_type": "hospital", "address": "4309 Example Ave", "city": "Burbank", "source_agency": "LA County / HIFLD style", "source_status": "simulated_fallback_due_download_missing_or_unavailable"}}, {"type": "Feature", "geometry": {"type": "Point", "coordinates": [-117.865872, 34.425078]}, "properties": {"resource_id": 3, "resource_name": "Fallback Hospital or Medical Center 003", "resource_type": "hospital", "address": "9906 Example Ave", "city": "Burbank", "source_agency": "LA County / HIFLD style", "source_status": "simulated_fallback_due_download_missing_or_unavailable"}}, {"type": "Feature", "geometry": {"type": "Point", "coordinates": [-118.692886, 34.266546]}, "properties": {"resource_id": 4, "resource_name": "Fallback Hospital or Medical Center 004", "resource_type": "hospital", "address": "4699 Example Ave", "city": "Pasadena", "source_agency": "LA County / HIFLD style", "source_status": "simulated_fallback_due_download_missing_or_unavailable"}}, {"type": "Feature", "geometry": {"type": "Point", "coordinates": [-118.190198, 33.795183]}, "properties": {"resource_id": 5, "resource_name": "Fallback Hospital or Medical Center 005", "resource_type": "hospital", "address": "3201 Example Ave", "city": "Glendale", "source_agency": "LA County / HIFLD style", "source_status": "simulated_fallback_due_download_missing_or_unavailable"}}, {"type": "Feature", "geometry": {"type": "Point", "coordinates": [-117.810014, 33.708587]}, "properties": {"resource_id": 6, "resource_name": "Fallback Hospital or Medical Center 006", "resource_type": "hospital", "address": "7405 Example Ave", "city": "Pasadena", "source_agency": "LA County / HIFLD style", "source_status": "simulated_fallback_due_download_missing_or_unavailable"}}, {"type": "Feature", "geometry": {"type": "Point", "coordinates": [-117.808979, 34.435282]}, "properties": {"resource_id": 7, "resource_name": "Fallback Hospital or Medical Center 007", "resource_type": "hospital", "address": "3483 Example Ave", "city": "Burbank", "source_agency": "LA County / HIFLD style", "source_status": "simulated_fallback_due_download_missing_or_unavailable"}}, {"type": "Feature", "geometry": {"type": "Point", "coordinates": [-118.121838, 33.702509]}, "properties": {"resource_id": 8, "resource_name": "Fallback Hospital or Medical Center 008", "resource_type": "hospital", "address": "4088 Example Ave", "city": "Whittier", "source_agency": "LA County / HIFLD style", "source_status": "simulated_fallback_due_download_missing_or_unavailable"}}, {"type": "Feature", "geometry": {"type": "Point", "coordinates": [-117.959708, 33.797996]}, "properties": {"resource_id": 9, "resource_name": "Fallback Hospital or Medical Center 009", "resource_type": "hospital", "address": "9129 Example Ave", "city": "Glendale", "source_agency": "LA County / HIFLD style", "source_status": "simulated_fallback_due_download_missing_or_unavailable"}}, {"type": "Feature", "geometry": {"type": "Point", "coordinates": [-117.81505, 33.866747]}, "properties": {"resource_id": 10, "resource_name": "Fallback Hospital or Medical Center 010", "resource_type": "hospital", "address": "961 Example Ave", "city": "Lancaster", "source_agency": "LA County / HIFLD style", "source_status": "simulated_fallback_due_download_missing_or_unavailable"}}, {"type": "Feature", "geometry": {"type": "Point", "coordinates": [-118.472748, 34.228492]}, "properties": {"resource_id": 11, "resource_name": "Fallback Hospital or Medical Center 011", "resource_type": "hospital", "address": "2698 Example Ave", "city": "Pasadena", "source_agency": "LA County / HIFLD style", "source_status": "simulated_fallback_due_download_missing_or_unavailable"}}, {"type": "Feature", "geometry": {"type": "Point", "coordinates": [-117.865532, 34.169837]}, "properties": {"resource_id": 12, "resource_name": "Fallback Hospital or Medical Center 012", "resource_type": "hospital", "address": "7831 Example Ave", "city": "Santa Monica", "source_agency": "LA County / HIFLD style", "source_status": "simulated_fallback_due_download_missing_or_unavailable"}}, {"type": "Feature", "geometry": {"type": "Point", "coordinates": [-118.233753, 33.751079]}, "properties": {"resource_id": 13, "resource_name": "Fallback Hospital or Medical Center 013", "resource_type": "hospital", "address": "5251 Example Ave", "city": "Whittier", "source_agency": "LA County / HIFLD style", "source_status": "simulated_fallback_due_download_missing_or_unavailable"}}, {"type": "Feature", "geometry": {"type": "Point", "coordinates": [-118.122172, 34.489422]}, "properties": {"resource_id": 14, "resource_name": "Fallback Hospital or Medical Center 014", "resource_type": "hospital", "address": "511 Example Ave", "city": "Long Beach", "source_agency": "LA County / HIFLD style", "source_status": "simulated_fallback_due_download_missing_or_unavailable"}}, {"type": "Feature", "geometry": {"type": "Point", "coordinates": [-118.074935, 34.24954]}, "properties": {"resource_id": 15, "resource_name": "Fallback Hospital or Medical Center 015", "resource_type": "hospital", "address": "1485 Example Ave", "city": "Whittier", "source_agency": "LA County / HIFLD style", "source_status": "simulated_fallback_due_download_missing_or_unavailable"}}, {"type": "Feature", "geometry": {"type": "Point", "coordinates": [-118.719806, 34.196979]}, "properties": {"resource_id": 16, "resource_name": "Fallback Hospital or Medical Center 016", "resource_type": "hospital", "address": "3591 Example Ave", "city": "Torrance", "source_agency": "LA County / HIFLD style", "source_status": "simulated_fallback_due_download_missing_or_unavailable"}}, {"type": "Feature", "geometry": {"type": "Point", "coordinates": [-118.007378, 33.867516]}, "properties": {"resource_id": 17, "resource_name": "Fallback Hospital or Medical Center 017", "resource_type": "hospital", "address": "3157 Example Ave", "city": "Torrance", "source_agency": "LA County / HIFLD style", "source_status": "simulated_fallback_due_download_missing_or_unavailable"}}, {"type": "Feature", "geometry": {"type": "Point", "coordinates": [-118.580988, 34.34565]}, "properties": {"resource_id": 18, "resource_name": "Fallback Hospital or Medical Center 018", "resource_type": "hospital", "address": "2542 Example Ave", "city": "Pasadena", "source_agency": "LA County / HIFLD style", "source_status": "simulated_fallback_due_download_missing_or_unavailable"}}, {"type": "Feature", "geometry": {"type": "Point", "coordinates": [-118.337225, 34.47018]}, "properties": {"resource_id": 19, "resource_name": "Fallback Hospital or Medical Center 019", "resource_type": "hospital", "address": "6705 Example Ave", "city": "Pasadena", "source_agency": "LA County / HIFLD style", "source_status": "simulated_fallback_due_download_missing_or_unavailable"}}, {"type": "Feature", "geometry": {"type": "Point", "coordinates": [-118.459584, 34.032844]}, "properties": {"resource_id": 20, "resource_name": "Fallback Hospital or Medical Center 020", "resource_type": "hospital", "address": "4988 Example Ave", "city": "Burbank", "source_agency": "LA County / HIFLD style", "source_status": "simulated_fallback_due_download_missing_or_unavailable"}}, {"type": "Feature", "geometry": {"type": "Point", "coordinates": [-118.005706, 33.99356]}, "properties": {"resource_id": 21, "resource_name": "Fallback Hospital or Medical Center 021", "resource_type": "hospital", "address": "8781 Example Ave", "city": "Burbank", "source_agency": "LA County / HIFLD style", "source_status": "simulated_fallback_due_download_missing_or_unavailable"}}, {"type": "Feature", "geometry": {"type": "Point", "coordinates": [-118.7204, 33.70575]}, "properties": {"resource_id": 22, "resource_name": "Fallback Hospital or Medical Center 022", "resource_type": "hospital", "address": "8069 Example Ave", "city": "Pomona", "source_agency": "LA County / HIFLD style", "source_status": "simulated_fallback_due_download_missing_or_unavailable"}}, {"type": "Feature", "geometry": {"type": "Point", "coordinates": [-118.505914, 33.931059]}, "properties": {"resource_id": 23, "resource_name": "Fallback Hospital or Medical Center 023", "resource_type": "hospital", "address": "9332 Example Ave", "city": "Pasadena", "source_agency": "LA County / HIFLD style", "source_status": "simulated_fallback_due_download_missing_or_unavailable"}}, {"type": "Feature", "geometry": {"type": "Point", "coordinates": [-118.564347, 34.535301]}, "properties": {"resource_id": 24, "resource_name": "Fallback Hospital or Medical Center 024", "resource_type": "hospital", "address": "3162 Example Ave", "city": "Lancaster", "source_agency": "LA County / HIFLD style", "source_status": "simulated_fallback_due_download_missing_or_unavailable"}}, {"type": "Feature", "geometry": {"type": "Point", "coordinates": [-117.935209, 34.385454]}, "properties": {"resource_id": 25, "resource_name": "Fallback Hospital or Medical Center 025", "resource_type": "hospital", "address": "6708 Example Ave", "city": "Lancaster", "source_agency": "LA County / HIFLD style", "source_status": "simulated_fallback_due_download_missing_or_unavailable"}}, {"type": "Feature", "geometry": {"type": "Point", "coordinates": [-118.145451, 33.964499]}, "properties": {"resource_id": 26, "resource_name": "Fallback Hospital or Medical Center 026", "resource_type": "hospital", "address": "3432 Example Ave", "city": "Pomona", "source_agency": "LA County / HIFLD style", "source_status": "simulated_fallback_due_download_missing_or_unavailable"}}, {"type": "Feature", "geometry": {"type": "Point", "coordinates": [-117.762492, 33.995882]}, "properties": {"resource_id": 27, "resource_name": "Fallback Hospital or Medical Center 027", "resource_type": "hospital", "address": "205 Example Ave", "city": "Lancaster", "source_agency": "LA County / HIFLD style", "source_status": "simulated_fallback_due_download_missing_or_unavailable"}}, {"type": "Feature", "geometry": {"type": "Point", "coordinates": [-118.23203, 34.009142]}, "properties": {"resource_id": 28, "resource_name": "Fallback Hospital or Medical Center 028", "resource_type": "hospital", "address": "8239 Example Ave", "city": "Torrance", "source_agency": "LA County / HIFLD style", "source_status": "simulated_fallback_due_download_missing_or_unavailable"}}, {"type": "Feature", "geometry": {"type": "Point", "coordinates": [-117.880961, 34.043197]}, "properties": {"resource_id": 29, "resource_name": "Fallback Hospital or Medical Center 029", "resource_type": "hospital", "address": "1686 Example Ave", "city": "Pasadena", "source_agency": "LA County / HIFLD style", "source_status": "simulated_fallback_due_download_missing_or_unavailable"}}, {"type": "Feature", "geometry": {"type": "Point", "coordinates": [-118.651917, 33.880095]}, "properties": {"resource_id": 30, "resource_name": "Fallback Hospital or Medical Center 030", "resource_type": "hospital", "address": "6368 Example Ave", "city": "Whittier", "source_agency": "LA County / HIFLD style", "source_status": "simulated_fallback_due_download_missing_or_unavailable"}}, {"type": "Feature", "geometry": {"type": "Point", "coordinates": [-118.664552, 33.855816]}, "properties": {"resource_id": 31, "resource_name": "Fallback Hospital or Medical Center 031", "resource_type": "hospital", "address": "5278 Example Ave", "city": "Whittier", "source_agency": "LA County / HIFLD style", "source_status": "simulated_fallback_due_download_missing_or_unavailable"}}, {"type": "Feature", "geometry": {"type": "Point", "coordinates": [-117.853214, 33.7135]}, "properties": {"resource_id": 32, "resource_name": "Fallback Hospital or Medical Center 032", "resource_type": "hospital", "address": "4051 Example Ave", "city": "Pomona", "source_agency": "LA County / HIFLD style", "source_status": "simulated_fallback_due_download_missing_or_unavailable"}}, {"type": "Feature", "geometry": {"type": "Point", "coordinates": [-118.620358, 34.081015]}, "properties": {"resource_id": 33, "resource_name": "Fallback Hospital or Medical Center 033", "resource_type": "hospital", "address": "8183 Example Ave", "city": "Lancaster", "source_agency": "LA County / HIFLD style", "source_status": "simulated_fallback_due_download_missing_or_unavailable"}}, {"type": "Feature", "geometry": {"type": "Point", "coordinates": [-118.227158, 34.261025]}, "properties": {"resource_id": 34, "resource_name": "Fallback Hospital or Medical Center 034", "resource_type": "hospital", "address": "8728 Example Ave", "city": "Pasadena", "source_agency": "LA County / HIFLD style", "source_status": "simulated_fallback_due_download_missing_or_unavailable"}}, {"type": "Feature", "geometry": {"type": "Point", "coordinates": [-118.154423, 34.279781]}, "properties": {"resource_id": 35, "resource_name": "Fallback Hospital or Medical Center 035", "resource_type": "hospital", "address": "7168 Example Ave", "city": "Glendale", "source_agency": "LA County / HIFLD style", "source_status": "simulated_fallback_due_download_missing_or_unavailable"}}, {"type": "Feature", "geometry": {"type": "Point", "coordinates": [-117.755539, 33.853409]}, "properties": {"resource_id": 36, "resource_name": "Fallback Hospital or Medical Center 036", "resource_type": "hospital", "address": "7097 Example Ave", "city": "Santa Monica", "source_agency": "LA County / HIFLD style", "source_status": "simulated_fallback_due_download_missing_or_unavailable"}}, {"type": "Feature", "geometry": {"type": "Point", "coordinates": [-118.427076, 34.37677]}, "properties": {"resource_id": 37, "resource_name": "Fallback Hospital or Medical Center 037", "resource_type": "hospital", "address": "7926 Example Ave", "city": "Glendale", "source_agency": "LA County / HIFLD style", "source_status": "simulated_fallback_due_download_missing_or_unavailable"}}, {"type": "Feature", "geometry": {"type": "Point", "coordinates": [-118.551012, 34.532493]}, "properties": {"resource_id": 38, "resource_name": "Fallback Hospital or Medical Center 038", "resource_type": "hospital", "address": "4269 Example Ave", "city": "Burbank", "source_agency": "LA County / HIFLD style", "source_status": "simulated_fallback_due_download_missing_or_unavailable"}}, {"type": "Feature", "geometry": {"type": "Point", "coordinates": [-118.528946, 34.128722]}, "properties": {"resource_id": 39, "resource_name": "Fallback Hospital or Medical Center 039", "resource_type": "hospital", "address": "5523 Example Ave", "city": "Lancaster", "source_agency": "LA County / HIFLD style", "source_status": "simulated_fallback_due_download_missing_or_unavailable"}}, {"type": "Feature", "geometry": {"type": "Point", "coordinates": [-118.090632, 34.389503]}, "properties": {"resource_id": 40, "resource_name": "Fallback Hospital or Medical Center 040", "resource_type": "hospital", "address": "4403 Example Ave", "city": "Santa Monica", "source_agency": "LA County / HIFLD style", "source_status": "simulated_fallback_due_download_missing_or_unavailable"}}, {"type": "Feature", "geometry": {"type": "Point", "coordinates": [-118.104095, 34.358742]}, "properties": {"resource_id": 41, "resource_name": "Fallback Hospital or Medical Center 041", "resource_type": "hospital", "address": "4102 Example Ave", "city": "Pomona", "source_agency": "LA County / HIFLD style", "source_status": "simulated_fallback_due_download_missing_or_unavailable"}}, {"type": "Feature", "geometry": {"type": "Point", "coordinates": [-118.059486, 34.049322]}, "properties": {"resource_id": 42, "resource_name": "Fallback Hospital or Medical Center 042", "resource_type": "hospital", "address": "1242 Example Ave", "city": "Long Beach", "source_agency": "LA County / HIFLD style", "source_status": "simulated_fallback_due_download_missing_or_unavailable"}}, {"type": "Feature", "geometry": {"type": "Point", "coordinates": [-118.030364, 34.5221]}, "properties": {"resource_id": 43, "resource_name": "Fallback Hospital or Medical Center 043", "resource_type": "hospital", "address": "8529 Example Ave", "city": "Pasadena", "source_agency": "LA County / HIFLD style", "source_status": "simulated_fallback_due_download_missing_or_unavailable"}}, {"type": "Feature", "geometry": {"type": "Point", "coordinates": [-118.127408, 34.520719]}, "properties": {"resource_id": 44, "resource_name": "Fallback Hospital or Medical Center 044", "resource_type": "hospital", "address": "6577 Example Ave", "city": "Whittier", "source_agency": "LA County / HIFLD style", "source_status": "simulated_fallback_due_download_missing_or_unavailable"}}, {"type": "Feature", "geometry": {"type": "Point", "coordinates": [-118.132889, 34.475071]}, "properties": {"resource_id": 45, "resource_name": "Fallback Hospital or Medical Center 045", "resource_type": "hospital", "address": "7573 Example Ave", "city": "Pasadena", "source_agency": "LA County / HIFLD style", "source_status": "simulated_fallback_due_download_missing_or_unavailable"}}, {"type": "Feature", "geometry": {"type": "Point", "coordinates": [-118.511165, 34.131021]}, "properties": {"resource_id": 46, "resource_name": "Fallback Hospital or Medical Center 046", "resource_type": "hospital", "address": "5535 Example Ave", "city": "Pomona", "source_agency": "LA County / HIFLD style", "source_status": "simulated_fallback_due_download_missing_or_unavailable"}}, {"type": "Feature", "geometry": {"type": "Point", "coordinates": [-118.66902, 33.746836]}, "properties": {"resource_id": 47, "resource_name": "Fallback Hospital or Medical Center 047", "resource_type": "hospital", "address": "744 Example Ave", "city": "Pasadena", "source_agency": "LA County / HIFLD style", "source_status": "simulated_fallback_due_download_missing_or_unavailable"}}, {"type": "Feature", "geometry": {"type": "Point", "coordinates": [-118.596668, 33.879906]}, "properties": {"resource_id": 48, "resource_name": "Fallback Hospital or Medical Center 048", "resource_type": "hospital", "address": "3215 Example Ave", "city": "Burbank", "source_agency": "LA County / HIFLD style", "source_status": "simulated_fallback_due_download_missing_or_unavailable"}}, {"type": "Feature", "geometry": {"type": "Point", "coordinates": [-117.850721, 34.372811]}, "properties": {"resource_id": 49, "resource_name": "Fallback Hospital or Medical Center 049", "resource_type": "hospital", "address": "1889 Example Ave", "city": "Los Angeles", "source_agency": "LA County / HIFLD style", "source_status": "simulated_fallback_due_download_missing_or_unavailable"}}, {"type": "Feature", "geometry": {"type": "Point", "coordinates": [-117.944662, 34.425748]}, "properties": {"resource_id": 50, "resource_name": "Fallback Hospital or Medical Center 050", "resource_type": "hospital", "address": "6166 Example Ave", "city": "Pasadena", "source_agency": "LA County / HIFLD style", "source_status": "simulated_fallback_due_download_missing_or_unavailable"}}, {"type": "Feature", "geometry": {"type": "Point", "coordinates": [-118.227796, 34.283554]}, "properties": {"resource_id": 51, "resource_name": "Fallback Hospital or Medical Center 051", "resource_type": "hospital", "address": "2414 Example Ave", "city": "Torrance", "source_agency": "LA County / HIFLD style", "source_status": "simulated_fallback_due_download_missing_or_unavailable"}}, {"type": "Feature", "geometry": {"type": "Point", "coordinates": [-118.119691, 33.851546]}, "properties": {"resource_id": 52, "resource_name": "Fallback Hospital or Medical Center 052", "resource_type": "hospital", "address": "7482 Example Ave", "city": "Whittier", "source_agency": "LA County / HIFLD style", "source_status": "simulated_fallback_due_download_missing_or_unavailable"}}, {"type": "Feature", "geometry": {"type": "Point", "coordinates": [-117.87388, 33.8934]}, "properties": {"resource_id": 53, "resource_name": "Fallback Hospital or Medical Center 053", "resource_type": "hospital", "address": "7046 Example Ave", "city": "Los Angeles", "source_agency": "LA County / HIFLD style", "source_status": "simulated_fallback_due_download_missing_or_unavailable"}}, {"type": "Feature", "geometry": {"type": "Point", "coordinates": [-118.035338, 34.545001]}, "properties": {"resource_id": 54, "resource_name": "Fallback Hospital or Medical Center 054", "resource_type": "hospital", "address": "1888 Example Ave", "city": "Whittier", "source_agency": "LA County / HIFLD style", "source_status": "simulated_fallback_due_download_missing_or_unavailable"}}, {"type": "Feature", "geometry": {"type": "Point", "coordinates": [-118.491157, 34.032871]}, "properties": {"resource_id": 55, "resource_name": "Fallback Hospital or Medical Center 055", "resource_type": "hospital", "address": "8998 Example Ave", "city": "Torrance", "source_agency": "LA County / HIFLD style", "source_status": "simulated_fallback_due_download_missing_or_unavailable"}}, {"type": "Feature", "geometry": {"type": "Point", "coordinates": [-117.998521, 33.99769]}, "properties": {"resource_id": 56, "resource_name": "Fallback Hospital or Medical Center 056", "resource_type": "hospital", "address": "6603 Example Ave", "city": "Torrance", "source_agency": "LA County / HIFLD style", "source_status": "simulated_fallback_due_download_missing_or_unavailable"}}, {"type": "Feature", "geometry": {"type": "Point", "coordinates": [-117.765259, 34.205659]}, "properties": {"resource_id": 57, "resource_name": "Fallback Hospital or Medical Center 057", "resource_type": "hospital", "address": "7676 Example Ave", "city": "Glendale", "source_agency": "LA County / HIFLD style", "source_status": "simulated_fallback_due_download_missing_or_unavailable"}}, {"type": "Feature", "geometry": {"type": "Point", "coordinates": [-118.323228, 33.70383]}, "properties": {"resource_id": 58, "resource_name": "Fallback Hospital or Medical Center 058", "resource_type": "hospital", "address": "412 Example Ave", "city": "Los Angeles", "source_agency": "LA County / HIFLD style", "source_status": "simulated_fallback_due_download_missing_or_unavailable"}}, {"type": "Feature", "geometry": {"type": "Point", "coordinates": [-118.507175, 34.422006]}, "properties": {"resource_id": 59, "resource_name": "Fallback Hospital or Medical Center 059", "resource_type": "hospital", "address": "5295 Example Ave", "city": "Burbank", "source_agency": "LA County / HIFLD style", "source_status": "simulated_fallback_due_download_missing_or_unavailable"}}, {"type": "Feature", "geometry": {"type": "Point", "coordinates": [-118.729513, 34.445114]}, "properties": {"resource_id": 60, "resource_name": "Fallback Hospital or Medical Center 060", "resource_type": "hospital", "address": "4753 Example Ave", "city": "Lancaster", "source_agency": "LA County / HIFLD style", "source_status": "simulated_fallback_due_download_missing_or_unavailable"}}, {"type": "Feature", "geometry": {"type": "Point", "coordinates": [-117.86833, 34.058457]}, "properties": {"resource_id": 61, "resource_name": "Fallback Hospital or Medical Center 061", "resource_type": "hospital", "address": "8624 Example Ave", "city": "Los Angeles", "source_agency": "LA County / HIFLD style", "source_status": "simulated_fallback_due_download_missing_or_unavailable"}}, {"type": "Feature", "geometry": {"type": "Point", "coordinates": [-117.78113, 33.870415]}, "properties": {"resource_id": 62, "resource_name": "Fallback Hospital or Medical Center 062", "resource_type": "hospital", "address": "278 Example Ave", "city": "Pasadena", "source_agency": "LA County / HIFLD style", "source_status": "simulated_fallback_due_download_missing_or_unavailable"}}, {"type": "Feature", "geometry": {"type": "Point", "coordinates": [-118.360756, 34.239043]}, "properties": {"resource_id": 63, "resource_name": "Fallback Hospital or Medical Center 063", "resource_type": "hospital", "address": "133 Example Ave", "city": "Lancaster", "source_agency": "LA County / HIFLD style", "source_status": "simulated_fallback_due_download_missing_or_unavailable"}}, {"type": "Feature", "geometry": {"type": "Point", "coordinates": [-117.797781, 34.08684]}, "properties": {"resource_id": 64, "resource_name": "Fallback Hospital or Medical Center 064", "resource_type": "hospital", "address": "5899 Example Ave", "city": "Pasadena", "source_agency": "LA County / HIFLD style", "source_status": "simulated_fallback_due_download_missing_or_unavailable"}}, {"type": "Feature", "geometry": {"type": "Point", "coordinates": [-118.453111, 33.721599]}, "properties": {"resource_id": 65, "resource_name": "Fallback Hospital or Medical Center 065", "resource_type": "hospital", "address": "5082 Example Ave", "city": "Pasadena", "source_agency": "LA County / HIFLD style", "source_status": "simulated_fallback_due_download_missing_or_unavailable"}}, {"type": "Feature", "geometry": {"type": "Point", "coordinates": [-117.992949, 33.875304]}, "properties": {"resource_id": 66, "resource_name": "Fallback Hospital or Medical Center 066", "resource_type": "hospital", "address": "4458 Example Ave", "city": "Burbank", "source_agency": "LA County / HIFLD style", "source_status": "simulated_fallback_due_download_missing_or_unavailable"}}, {"type": "Feature", "geometry": {"type": "Point", "coordinates": [-118.18453, 33.989138]}, "properties": {"resource_id": 67, "resource_name": "Fallback Hospital or Medical Center 067", "resource_type": "hospital", "address": "8197 Example Ave", "city": "Lancaster", "source_agency": "LA County / HIFLD style", "source_status": "simulated_fallback_due_download_missing_or_unavailable"}}, {"type": "Feature", "geometry": {"type": "Point", "coordinates": [-118.652638, 33.715562]}, "properties": {"resource_id": 68, "resource_name": "Fallback Hospital or Medical Center 068", "resource_type": "hospital", "address": "3057 Example Ave", "city": "Whittier", "source_agency": "LA County / HIFLD style", "source_status": "simulated_fallback_due_download_missing_or_unavailable"}}, {"type": "Feature", "geometry": {"type": "Point", "coordinates": [-118.326911, 34.342459]}, "properties": {"resource_id": 69, "resource_name": "Fallback Hospital or Medical Center 069", "resource_type": "hospital", "address": "9846 Example Ave", "city": "Lancaster", "source_agency": "LA County / HIFLD style", "source_status": "simulated_fallback_due_download_missing_or_unavailable"}}, {"type": "Feature", "geometry": {"type": "Point", "coordinates": [-118.727337, 33.742122]}, "properties": {"resource_id": 70, "resource_name": "Fallback Hospital or Medical Center 070", "resource_type": "hospital", "address": "9428 Example Ave", "city": "Torrance", "source_agency": "LA County / HIFLD style", "source_status": "simulated_fallback_due_download_missing_or_unavailable"}}, {"type": "Feature", "geometry": {"type": "Point", "coordinates": [-117.948026, 33.787912]}, "properties": {"resource_id": 71, "resource_name": "Fallback Hospital or Medical Center 071", "resource_type": "hospital", "address": "2475 Example Ave", "city": "Glendale", "source_agency": "LA County / HIFLD style", "source_status": "simulated_fallback_due_download_missing_or_unavailable"}}, {"type": "Feature", "geometry": {"type": "Point", "coordinates": [-118.304348, 33.79358]}, "properties": {"resource_id": 72, "resource_name": "Fallback Hospital or Medical Center 072", "resource_type": "hospital", "address": "2139 Example Ave", "city": "Torrance", "source_agency": "LA County / HIFLD style", "source_status": "simulated_fallback_due_download_missing_or_unavailable"}}, {"type": "Feature", "geometry": {"type": "Point", "coordinates": [-118.666523, 34.368458]}, "properties": {"resource_id": 73, "resource_name": "Fallback Hospital or Medical Center 073", "resource_type": "hospital", "address": "3892 Example Ave", "city": "Pasadena", "source_agency": "LA County / HIFLD style", "source_status": "simulated_fallback_due_download_missing_or_unavailable"}}, {"type": "Feature", "geometry": {"type": "Point", "coordinates": [-118.436424, 34.238961]}, "properties": {"resource_id": 74, "resource_name": "Fallback Hospital or Medical Center 074", "resource_type": "hospital", "address": "7825 Example Ave", "city": "Lancaster", "source_agency": "LA County / HIFLD style", "source_status": "simulated_fallback_due_download_missing_or_unavailable"}}, {"type": "Feature", "geometry": {"type": "Point", "coordinates": [-118.716926, 33.769453]}, "properties": {"resource_id": 75, "resource_name": "Fallback Hospital or Medical Center 075", "resource_type": "hospital", "address": "7846 Example Ave", "city": "Long Beach", "source_agency": "LA County / HIFLD style", "source_status": "simulated_fallback_due_download_missing_or_unavailable"}}, {"type": "Feature", "geometry": {"type": "Point", "coordinates": [-118.168306, 34.264646]}, "properties": {"resource_id": 76, "resource_name": "Fallback Hospital or Medical Center 076", "resource_type": "hospital", "address": "6539 Example Ave", "city": "Pomona", "source_agency": "LA County / HIFLD style", "source_status": "simulated_fallback_due_download_missing_or_unavailable"}}, {"type": "Feature", "geometry": {"type": "Point", "coordinates": [-117.993803, 34.295155]}, "properties": {"resource_id": 77, "resource_name": "Fallback Hospital or Medical Center 077", "resource_type": "hospital", "address": "3928 Example Ave", "city": "Whittier", "source_agency": "LA County / HIFLD style", "source_status": "simulated_fallback_due_download_missing_or_unavailable"}}, {"type": "Feature", "geometry": {"type": "Point", "coordinates": [-118.056004, 33.971012]}, "properties": {"resource_id": 78, "resource_name": "Fallback Hospital or Medical Center 078", "resource_type": "hospital", "address": "9706 Example Ave", "city": "Long Beach", "source_agency": "LA County / HIFLD style", "source_status": "simulated_fallback_due_download_missing_or_unavailable"}}, {"type": "Feature", "geometry": {"type": "Point", "coordinates": [-118.555213, 33.80108]}, "properties": {"resource_id": 79, "resource_name": "Fallback Hospital or Medical Center 079", "resource_type": "hospital", "address": "2728 Example Ave", "city": "Whittier", "source_agency": "LA County / HIFLD style", "source_status": "simulated_fallback_due_download_missing_or_unavailable"}}, {"type": "Feature", "geometry": {"type": "Point", "coordinates": [-117.779326, 34.385148]}, "properties": {"resource_id": 80, "resource_name": "Fallback Hospital or Medical Center 080", "resource_type": "hospital", "address": "7828 Example Ave", "city": "Santa Monica", "source_agency": "LA County / HIFLD style", "source_status": "simulated_fallback_due_download_missing_or_unavailable"}}, {"type": "Feature", "geometry": {"type": "Point", "coordinates": [-118.185721, 33.78664]}, "properties": {"resource_id": 81, "resource_name": "Fallback Hospital or Medical Center 081", "resource_type": "hospital", "address": "8432 Example Ave", "city": "Pomona", "source_agency": "LA County / HIFLD style", "source_status": "simulated_fallback_due_download_missing_or_unavailable"}}, {"type": "Feature", "geometry": {"type": "Point", "coordinates": [-118.491946, 34.365862]}, "properties": {"resource_id": 82, "resource_name": "Fallback Hospital or Medical Center 082", "resource_type": "hospital", "address": "8635 Example Ave", "city": "Glendale", "source_agency": "LA County / HIFLD style", "source_status": "simulated_fallback_due_download_missing_or_unavailable"}}, {"type": "Feature", "geometry": {"type": "Point", "coordinates": [-118.584062, 34.437519]}, "properties": {"resource_id": 83, "resource_name": "Fallback Hospital or Medical Center 083", "resource_type": "hospital", "address": "439 Example Ave", "city": "Pasadena", "source_agency": "LA County / HIFLD style", "source_status": "simulated_fallback_due_download_missing_or_unavailable"}}, {"type": "Feature", "geometry": {"type": "Point", "coordinates": [-118.082081, 33.984069]}, "properties": {"resource_id": 84, "resource_name": "Fallback Hospital or Medical Center 084", "resource_type": "hospital", "address": "9950 Example Ave", "city": "Long Beach", "source_agency": "LA County / HIFLD style", "source_status": "simulated_fallback_due_download_missing_or_unavailable"}}, {"type": "Feature", "geometry": {"type": "Point", "coordinates": [-118.516752, 33.957064]}, "properties": {"resource_id": 85, "resource_name": "Fallback Hospital or Medical Center 085", "resource_type": "hospital", "address": "9364 Example Ave", "city": "Pasadena", "source_agency": "LA County / HIFLD style", "source_status": "simulated_fallback_due_download_missing_or_unavailable"}}, {"type": "Feature", "geometry": {"type": "Point", "coordinates": [-118.552255, 34.135475]}, "properties": {"resource_id": 86, "resource_name": "Fallback Hospital or Medical Center 086", "resource_type": "hospital", "address": "4214 Example Ave", "city": "Glendale", "source_agency": "LA County / HIFLD style", "source_status": "simulated_fallback_due_download_missing_or_unavailable"}}, {"type": "Feature", "geometry": {"type": "Point", "coordinates": [-118.377696, 34.085678]}, "properties": {"resource_id": 87, "resource_name": "Fallback Hospital or Medical Center 087", "resource_type": "hospital", "address": "791 Example Ave", "city": "Lancaster", "source_agency": "LA County / HIFLD style", "source_status": "simulated_fallback_due_download_missing_or_unavailable"}}, {"type": "Feature", "geometry": {"type": "Point", "coordinates": [-118.506333, 34.489004]}, "properties": {"resource_id": 88, "resource_name": "Fallback Hospital or Medical Center 088", "resource_type": "hospital", "address": "4624 Example Ave", "city": "Lancaster", "source_agency": "LA County / HIFLD style", "source_status": "simulated_fallback_due_download_missing_or_unavailable"}}, {"type": "Feature", "geometry": {"type": "Point", "coordinates": [-118.46657, 34.333898]}, "properties": {"resource_id": 89, "resource_name": "Fallback Hospital or Medical Center 089", "resource_type": "hospital", "address": "8373 Example Ave", "city": "Lancaster", "source_agency": "LA County / HIFLD style", "source_status": "simulated_fallback_due_download_missing_or_unavailable"}}, {"type": "Feature", "geometry": {"type": "Point", "coordinates": [-118.633939, 34.465368]}, "properties": {"resource_id": 90, "resource_name": "Fallback Hospital or Medical Center 090", "resource_type": "hospital", "address": "9491 Example Ave", "city": "Lancaster", "source_agency": "LA County / HIFLD style", "source_status": "simulated_fallback_due_download_missing_or_unavailable"}}, {"type": "Feature", "geometry": {"type": "Point", "coordinates": [-118.268088, 33.855721]}, "properties": {"resource_id": 91, "resource_name": "Fallback Hospital or Medical Center 091", "resource_type": "hospital", "address": "653 Example Ave", "city": "Pomona", "source_agency": "LA County / HIFLD style", "source_status": "simulated_fallback_due_download_missing_or_unavailable"}}, {"type": "Feature", "geometry": {"type": "Point", "coordinates": [-118.530491, 34.424903]}, "properties": {"resource_id": 92, "resource_name": "Fallback Hospital or Medical Center 092", "resource_type": "hospital", "address": "5507 Example Ave", "city": "Torrance", "source_agency": "LA County / HIFLD style", "source_status": "simulated_fallback_due_download_missing_or_unavailable"}}, {"type": "Feature", "geometry": {"type": "Point", "coordinates": [-118.124757, 33.886149]}, "properties": {"resource_id": 93, "resource_name": "Fallback Hospital or Medical Center 093", "resource_type": "hospital", "address": "838 Example Ave", "city": "Los Angeles", "source_agency": "LA County / HIFLD style", "source_status": "simulated_fallback_due_download_missing_or_unavailable"}}, {"type": "Feature", "geometry": {"type": "Point", "coordinates": [-118.064986, 33.700516]}, "properties": {"resource_id": 94, "resource_name": "Fallback Hospital or Medical Center 094", "resource_type": "hospital", "address": "6015 Example Ave", "city": "Los Angeles", "source_agency": "LA County / HIFLD style", "source_status": "simulated_fallback_due_download_missing_or_unavailable"}}, {"type": "Feature", "geometry": {"type": "Point", "coordinates": [-118.111317, 34.11248]}, "properties": {"resource_id": 95, "resource_name": "Fallback Hospital or Medical Center 095", "resource_type": "hospital", "address": "3868 Example Ave", "city": "Glendale", "source_agency": "LA County / HIFLD style", "source_status": "simulated_fallback_due_download_missing_or_unavailable"}}, {"type": "Feature", "geometry": {"type": "Point", "coordinates": [-118.315353, 34.358794]}, "properties": {"resource_id": 96, "resource_name": "Fallback Hospital or Medical Center 096", "resource_type": "hospital", "address": "6981 Example Ave", "city": "Pomona", "source_agency": "LA County / HIFLD style", "source_status": "simulated_fallback_due_download_missing_or_unavailable"}}, {"type": "Feature", "geometry": {"type": "Point", "coordinates": [-118.737266, 34.155883]}, "properties": {"resource_id": 97, "resource_name": "Fallback Hospital or Medical Center 097", "resource_type": "hospital", "address": "1030 Example Ave", "city": "Glendale", "source_agency": "LA County / HIFLD style", "source_status": "simulated_fallback_due_download_missing_or_unavailable"}}, {"type": "Feature", "geometry": {"type": "Point", "coordinates": [-118.18815, 33.888045]}, "properties": {"resource_id": 98, "resource_name": "Fallback Hospital or Medical Center 098", "resource_type": "hospital", "address": "6113 Example Ave", "city": "Lancaster", "source_agency": "LA County / HIFLD style", "source_status": "simulated_fallback_due_download_missing_or_unavailable"}}, {"type": "Feature", "geometry": {"type": "Point", "coordinates": [-118.086922, 34.277104]}, "properties": {"resource_id": 99, "resource_name": "Fallback Hospital or Medical Center 099", "resource_type": "hospital", "address": "553 Example Ave", "city": "Lancaster", "source_agency": "LA County / HIFLD style", "source_status": "simulated_fallback_due_download_missing_or_unavailable"}}, {"type": "Feature", "geometry": {"type": "Point", "coordinates": [-117.991857, 34.342231]}, "properties": {"resource_id": 100, "resource_name": "Fallback Hospital or Medical Center 100", "resource_type": "hospital", "address": "6773 Example Ave", "city": "Burbank", "source_agency": "LA County / HIFLD style", "source_status": "simulated_fallback_due_download_missing_or_unavailable"}}, {"type": "Feature", "geometry": {"type": "Point", "coordinates": [-117.7639, 34.479621]}, "properties": {"resource_id": 101, "resource_name": "Fallback Hospital or Medical Center 101", "resource_type": "hospital", "address": "4427 Example Ave", "city": "Torrance", "source_agency": "LA County / HIFLD style", "source_status": "simulated_fallback_due_download_missing_or_unavailable"}}, {"type": "Feature", "geometry": {"type": "Point", "coordinates": [-118.45394, 34.517795]}, "properties": {"resource_id": 102, "resource_name": "Fallback Hospital or Medical Center 102", "resource_type": "hospital", "address": "3523 Example Ave", "city": "Los Angeles", "source_agency": "LA County / HIFLD style", "source_status": "simulated_fallback_due_download_missing_or_unavailable"}}, {"type": "Feature", "geometry": {"type": "Point", "coordinates": [-117.803918, 33.75878]}, "properties": {"resource_id": 103, "resource_name": "Fallback Hospital or Medical Center 103", "resource_type": "hospital", "address": "5379 Example Ave", "city": "Whittier", "source_agency": "LA County / HIFLD style", "source_status": "simulated_fallback_due_download_missing_or_unavailable"}}, {"type": "Feature", "geometry": {"type": "Point", "coordinates": [-118.635722, 34.073312]}, "properties": {"resource_id": 104, "resource_name": "Fallback Hospital or Medical Center 104", "resource_type": "hospital", "address": "5281 Example Ave", "city": "Burbank", "source_agency": "LA County / HIFLD style", "source_status": "simulated_fallback_due_download_missing_or_unavailable"}}, {"type": "Feature", "geometry": {"type": "Point", "coordinates": [-118.591609, 34.165712]}, "properties": {"resource_id": 105, "resource_name": "Fallback Hospital or Medical Center 105", "resource_type": "hospital", "address": "4623 Example Ave", "city": "Pasadena", "source_agency": "LA County / HIFLD style", "source_status": "simulated_fallback_due_download_missing_or_unavailable"}}, {"type": "Feature", "geometry": {"type": "Point", "coordinates": [-118.02468, 34.278249]}, "properties": {"resource_id": 106, "resource_name": "Fallback Hospital or Medical Center 106", "resource_type": "hospital", "address": "1668 Example Ave", "city": "Glendale", "source_agency": "LA County / HIFLD style", "source_status": "simulated_fallback_due_download_missing_or_unavailable"}}, {"type": "Feature", "geometry": {"type": "Point", "coordinates": [-118.709216, 34.010235]}, "properties": {"resource_id": 107, "resource_name": "Fallback Hospital or Medical Center 107", "resource_type": "hospital", "address": "3101 Example Ave", "city": "Torrance", "source_agency": "LA County / HIFLD style", "source_status": "simulated_fallback_due_download_missing_or_unavailable"}}, {"type": "Feature", "geometry": {"type": "Point", "coordinates": [-118.339673, 34.346194]}, "properties": {"resource_id": 108, "resource_name": "Fallback Hospital or Medical Center 108", "resource_type": "hospital", "address": "8428 Example Ave", "city": "Burbank", "source_agency": "LA County / HIFLD style", "source_status": "simulated_fallback_due_download_missing_or_unavailable"}}, {"type": "Feature", "geometry": {"type": "Point", "coordinates": [-118.185118, 33.895441]}, "properties": {"resource_id": 109, "resource_name": "Fallback Hospital or Medical Center 109", "resource_type": "hospital", "address": "9916 Example Ave", "city": "Whittier", "source_agency": "LA County / HIFLD style", "source_status": "simulated_fallback_due_download_missing_or_unavailable"}}, {"type": "Feature", "geometry": {"type": "Point", "coordinates": [-118.304971, 34.483231]}, "properties": {"resource_id": 110, "resource_name": "Fallback Hospital or Medical Center 110", "resource_type": "hospital", "address": "3859 Example Ave", "city": "Pasadena", "source_agency": "LA County / HIFLD style", "source_status": "simulated_fallback_due_download_missing_or_unavailable"}}, {"type": "Feature", "geometry": {"type": "Point", "coordinates": [-118.151497, 34.32185]}, "properties": {"resource_id": 111, "resource_name": "Fallback Hospital or Medical Center 111", "resource_type": "hospital", "address": "1399 Example Ave", "city": "Santa Monica", "source_agency": "LA County / HIFLD style", "source_status": "simulated_fallback_due_download_missing_or_unavailable"}}, {"type": "Feature", "geometry": {"type": "Point", "coordinates": [-118.37469, 34.389067]}, "properties": {"resource_id": 112, "resource_name": "Fallback Hospital or Medical Center 112", "resource_type": "hospital", "address": "2648 Example Ave", "city": "Los Angeles", "source_agency": "LA County / HIFLD style", "source_status": "simulated_fallback_due_download_missing_or_unavailable"}}, {"type": "Feature", "geometry": {"type": "Point", "coordinates": [-118.317985, 34.360999]}, "properties": {"resource_id": 113, "resource_name": "Fallback Hospital or Medical Center 113", "resource_type": "hospital", "address": "4538 Example Ave", "city": "Long Beach", "source_agency": "LA County / HIFLD style", "source_status": "simulated_fallback_due_download_missing_or_unavailable"}}, {"type": "Feature", "geometry": {"type": "Point", "coordinates": [-118.727047, 34.349107]}, "properties": {"resource_id": 114, "resource_name": "Fallback Hospital or Medical Center 114", "resource_type": "hospital", "address": "3215 Example Ave", "city": "Pasadena", "source_agency": "LA County / HIFLD style", "source_status": "simulated_fallback_due_download_missing_or_unavailable"}}, {"type": "Feature", "geometry": {"type": "Point", "coordinates": [-118.567978, 34.291825]}, "properties": {"resource_id": 115, "resource_name": "Fallback Hospital or Medical Center 115", "resource_type": "hospital", "address": "2713 Example Ave", "city": "Lancaster", "source_agency": "LA County / HIFLD style", "source_status": "simulated_fallback_due_download_missing_or_unavailable"}}, {"type": "Feature", "geometry": {"type": "Point", "coordinates": [-117.847574, 34.444313]}, "properties": {"resource_id": 116, "resource_name": "Fallback Hospital or Medical Center 116", "resource_type": "hospital", "address": "7705 Example Ave", "city": "Pomona", "source_agency": "LA County / HIFLD style", "source_status": "simulated_fallback_due_download_missing_or_unavailable"}}, {"type": "Feature", "geometry": {"type": "Point", "coordinates": [-117.94546, 33.740236]}, "properties": {"resource_id": 117, "resource_name": "Fallback Hospital or Medical Center 117", "resource_type": "hospital", "address": "5995 Example Ave", "city": "Burbank", "source_agency": "LA County / HIFLD style", "source_status": "simulated_fallback_due_download_missing_or_unavailable"}}, {"type": "Feature", "geometry": {"type": "Point", "coordinates": [-117.854965, 34.080394]}, "properties": {"resource_id": 118, "resource_name": "Fallback Hospital or Medical Center 118", "resource_type": "hospital", "address": "1166 Example Ave", "city": "Torrance", "source_agency": "LA County / HIFLD style", "source_status": "simulated_fallback_due_download_missing_or_unavailable"}}, {"type": "Feature", "geometry": {"type": "Point", "coordinates": [-118.324431, 34.08197]}, "properties": {"resource_id": 119, "resource_name": "Fallback Hospital or Medical Center 119", "resource_type": "hospital", "address": "8010 Example Ave", "city": "Glendale", "source_agency": "LA County / HIFLD style", "source_status": "simulated_fallback_due_download_missing_or_unavailable"}}, {"type": "Feature", "geometry": {"type": "Point", "coordinates": [-118.546164, 34.154875]}, "properties": {"resource_id": 120, "resource_name": "Fallback Hospital or Medical Center 120", "resource_type": "hospital", "address": "5119 Example Ave", "city": "Lancaster", "source_agency": "LA County / HIFLD style", "source_status": "simulated_fallback_due_download_missing_or_unavailable"}}, {"type": "Feature", "geometry": {"type": "Point", "coordinates": [-118.512908, 34.263587]}, "properties": {"resource_id": 121, "resource_name": "Fallback Hospital or Medical Center 121", "resource_type": "hospital", "address": "1547 Example Ave", "city": "Santa Monica", "source_agency": "LA County / HIFLD style", "source_status": "simulated_fallback_due_download_missing_or_unavailable"}}, {"type": "Feature", "geometry": {"type": "Point", "coordinates": [-118.557126, 34.153545]}, "properties": {"resource_id": 122, "resource_name": "Fallback Hospital or Medical Center 122", "resource_type": "hospital", "address": "9841 Example Ave", "city": "Long Beach", "source_agency": "LA County / HIFLD style", "source_status": "simulated_fallback_due_download_missing_or_unavailable"}}, {"type": "Feature", "geometry": {"type": "Point", "coordinates": [-118.735596, 33.901136]}, "properties": {"resource_id": 123, "resource_name": "Fallback Hospital or Medical Center 123", "resource_type": "hospital", "address": "5241 Example Ave", "city": "Pomona", "source_agency": "LA County / HIFLD style", "source_status": "simulated_fallback_due_download_missing_or_unavailable"}}, {"type": "Feature", "geometry": {"type": "Point", "coordinates": [-118.106841, 33.804606]}, "properties": {"resource_id": 124, "resource_name": "Fallback Hospital or Medical Center 124", "resource_type": "hospital", "address": "6860 Example Ave", "city": "Torrance", "source_agency": "LA County / HIFLD style", "source_status": "simulated_fallback_due_download_missing_or_unavailable"}}, {"type": "Feature", "geometry": {"type": "Point", "coordinates": [-118.692854, 33.724094]}, "properties": {"resource_id": 125, "resource_name": "Fallback Hospital or Medical Center 125", "resource_type": "hospital", "address": "1735 Example Ave", "city": "Santa Monica", "source_agency": "LA County / HIFLD style", "source_status": "simulated_fallback_due_download_missing_or_unavailable"}}, {"type": "Feature", "geometry": {"type": "Point", "coordinates": [-118.749293, 34.225174]}, "properties": {"resource_id": 126, "resource_name": "Fallback Hospital or Medical Center 126", "resource_type": "hospital", "address": "3143 Example Ave", "city": "Santa Monica", "source_agency": "LA County / HIFLD style", "source_status": "simulated_fallback_due_download_missing_or_unavailable"}}, {"type": "Feature", "geometry": {"type": "Point", "coordinates": [-118.634635, 34.078919]}, "properties": {"resource_id": 127, "resource_name": "Fallback Hospital or Medical Center 127", "resource_type": "hospital", "address": "1837 Example Ave", "city": "Glendale", "source_agency": "LA County / HIFLD style", "source_status": "simulated_fallback_due_download_missing_or_unavailable"}}, {"type": "Feature", "geometry": {"type": "Point", "coordinates": [-118.638444, 34.421175]}, "properties": {"resource_id": 128, "resource_name": "Fallback Hospital or Medical Center 128", "resource_type": "hospital", "address": "2093 Example Ave", "city": "Whittier", "source_agency": "LA County / HIFLD style", "source_status": "simulated_fallback_due_download_missing_or_unavailable"}}, {"type": "Feature", "geometry": {"type": "Point", "coordinates": [-118.093908, 34.032389]}, "properties": {"resource_id": 129, "resource_name": "Fallback Hospital or Medical Center 129", "resource_type": "hospital", "address": "5842 Example Ave", "city": "Pasadena", "source_agency": "LA County / HIFLD style", "source_status": "simulated_fallback_due_download_missing_or_unavailable"}}, {"type": "Feature", "geometry": {"type": "Point", "coordinates": [-117.941311, 33.857116]}, "properties": {"resource_id": 130, "resource_name": "Fallback Hospital or Medical Center 130", "resource_type": "hospital", "address": "6513 Example Ave", "city": "Long Beach", "source_agency": "LA County / HIFLD style", "source_status": "simulated_fallback_due_download_missing_or_unavailable"}}, {"type": "Feature", "geometry": {"type": "Point", "coordinates": [-118.542171, 33.879103]}, "properties": {"resource_id": 131, "resource_name": "Fallback Hospital or Medical Center 131", "resource_type": "hospital", "address": "8392 Example Ave", "city": "Lancaster", "source_agency": "LA County / HIFLD style", "source_status": "simulated_fallback_due_download_missing_or_unavailable"}}, {"type": "Feature", "geometry": {"type": "Point", "coordinates": [-117.97561, 33.894308]}, "properties": {"resource_id": 132, "resource_name": "Fallback Hospital or Medical Center 132", "resource_type": "hospital", "address": "1652 Example Ave", "city": "Los Angeles", "source_agency": "LA County / HIFLD style", "source_status": "simulated_fallback_due_download_missing_or_unavailable"}}, {"type": "Feature", "geometry": {"type": "Point", "coordinates": [-118.124488, 34.303748]}, "properties": {"resource_id": 133, "resource_name": "Fallback Hospital or Medical Center 133", "resource_type": "hospital", "address": "3540 Example Ave", "city": "Lancaster", "source_agency": "LA County / HIFLD style", "source_status": "simulated_fallback_due_download_missing_or_unavailable"}}, {"type": "Feature", "geometry": {"type": "Point", "coordinates": [-117.794466, 34.116366]}, "properties": {"resource_id": 134, "resource_name": "Fallback Hospital or Medical Center 134", "resource_type": "hospital", "address": "3946 Example Ave", "city": "Burbank", "source_agency": "LA County / HIFLD style", "source_status": "simulated_fallback_due_download_missing_or_unavailable"}}, {"type": "Feature", "geometry": {"type": "Point", "coordinates": [-118.00155, 34.109701]}, "properties": {"resource_id": 135, "resource_name": "Fallback Hospital or Medical Center 135", "resource_type": "hospital", "address": "8045 Example Ave", "city": "Lancaster", "source_agency": "LA County / HIFLD style", "source_status": "simulated_fallback_due_download_missing_or_unavailable"}}, {"type": "Feature", "geometry": {"type": "Point", "coordinates": [-118.269987, 33.755602]}, "properties": {"resource_id": 136, "resource_name": "Fallback Hospital or Medical Center 136", "resource_type": "hospital", "address": "6552 Example Ave", "city": "Torrance", "source_agency": "LA County / HIFLD style", "source_status": "simulated_fallback_due_download_missing_or_unavailable"}}, {"type": "Feature", "geometry": {"type": "Point", "coordinates": [-118.383439, 33.918386]}, "properties": {"resource_id": 137, "resource_name": "Fallback Hospital or Medical Center 137", "resource_type": "hospital", "address": "7388 Example Ave", "city": "Pasadena", "source_agency": "LA County / HIFLD style", "source_status": "simulated_fallback_due_download_missing_or_unavailable"}}, {"type": "Feature", "geometry": {"type": "Point", "coordinates": [-118.499097, 33.754834]}, "properties": {"resource_id": 138, "resource_name": "Fallback Hospital or Medical Center 138", "resource_type": "hospital", "address": "6947 Example Ave", "city": "Pasadena", "source_agency": "LA County / HIFLD style", "source_status": "simulated_fallback_due_download_missing_or_unavailable"}}, {"type": "Feature", "geometry": {"type": "Point", "coordinates": [-118.569045, 33.874832]}, "properties": {"resource_id": 139, "resource_name": "Fallback Hospital or Medical Center 139", "resource_type": "hospital", "address": "8537 Example Ave", "city": "Whittier", "source_agency": "LA County / HIFLD style", "source_status": "simulated_fallback_due_download_missing_or_unavailable"}}, {"type": "Feature", "geometry": {"type": "Point", "coordinates": [-117.969511, 33.752403]}, "properties": {"resource_id": 140, "resource_name": "Fallback Hospital or Medical Center 140", "resource_type": "hospital", "address": "8214 Example Ave", "city": "Lancaster", "source_agency": "LA County / HIFLD style", "source_status": "simulated_fallback_due_download_missing_or_unavailable"}}, {"type": "Feature", "geometry": {"type": "Point", "coordinates": [-118.584475, 34.171062]}, "properties": {"resource_id": 141, "resource_name": "Fallback Hospital or Medical Center 141", "resource_type": "hospital", "address": "3355 Example Ave", "city": "Glendale", "source_agency": "LA County / HIFLD style", "source_status": "simulated_fallback_due_download_missing_or_unavailable"}}, {"type": "Feature", "geometry": {"type": "Point", "coordinates": [-118.158186, 33.897278]}, "properties": {"resource_id": 142, "resource_name": "Fallback Hospital or Medical Center 142", "resource_type": "hospital", "address": "8766 Example Ave", "city": "Long Beach", "source_agency": "LA County / HIFLD style", "source_status": "simulated_fallback_due_download_missing_or_unavailable"}}, {"type": "Feature", "geometry": {"type": "Point", "coordinates": [-118.132524, 33.927612]}, "properties": {"resource_id": 143, "resource_name": "Fallback Hospital or Medical Center 143", "resource_type": "hospital", "address": "1169 Example Ave", "city": "Pomona", "source_agency": "LA County / HIFLD style", "source_status": "simulated_fallback_due_download_missing_or_unavailable"}}, {"type": "Feature", "geometry": {"type": "Point", "coordinates": [-117.809914, 34.264991]}, "properties": {"resource_id": 144, "resource_name": "Fallback Hospital or Medical Center 144", "resource_type": "hospital", "address": "5779 Example Ave", "city": "Glendale", "source_agency": "LA County / HIFLD style", "source_status": "simulated_fallback_due_download_missing_or_unavailable"}}, {"type": "Feature", "geometry": {"type": "Point", "coordinates": [-118.49231, 34.210814]}, "properties": {"resource_id": 145, "resource_name": "Fallback Hospital or Medical Center 145", "resource_type": "hospital", "address": "5833 Example Ave", "city": "Santa Monica", "source_agency": "LA County / HIFLD style", "source_status": "simulated_fallback_due_download_missing_or_unavailable"}}, {"type": "Feature", "geometry": {"type": "Point", "coordinates": [-118.542097, 33.776513]}, "properties": {"resource_id": 146, "resource_name": "Fallback Hospital or Medical Center 146", "resource_type": "hospital", "address": "7816 Example Ave", "city": "Los Angeles", "source_agency": "LA County / HIFLD style", "source_status": "simulated_fallback_due_download_missing_or_unavailable"}}, {"type": "Feature", "geometry": {"type": "Point", "coordinates": [-118.350385, 34.336661]}, "properties": {"resource_id": 147, "resource_name": "Fallback Hospital or Medical Center 147", "resource_type": "hospital", "address": "1507 Example Ave", "city": "Santa Monica", "source_agency": "LA County / HIFLD style", "source_status": "simulated_fallback_due_download_missing_or_unavailable"}}, {"type": "Feature", "geometry": {"type": "Point", "coordinates": [-118.211789, 34.104453]}, "properties": {"resource_id": 148, "resource_name": "Fallback Hospital or Medical Center 148", "resource_type": "hospital", "address": "9579 Example Ave", "city": "Torrance", "source_agency": "LA County / HIFLD style", "source_status": "simulated_fallback_due_download_missing_or_unavailable"}}, {"type": "Feature", "geometry": {"type": "Point", "coordinates": [-118.749366, 34.207909]}, "properties": {"resource_id": 149, "resource_name": "Fallback Hospital or Medical Center 149", "resource_type": "hospital", "address": "8893 Example Ave", "city": "Pasadena", "source_agency": "LA County / HIFLD style", "source_status": "simulated_fallback_due_download_missing_or_unavailable"}}, {"type": "Feature", "geometry": {"type": "Point", "coordinates": [-117.807712, 34.173093]}, "properties": {"resource_id": 150, "resource_name": "Fallback Hospital or Medical Center 150", "resource_type": "hospital", "address": "2609 Example Ave", "city": "Pasadena", "source_agency": "LA County / HIFLD style", "source_status": "simulated_fallback_due_download_missing_or_unavailable"}}, {"type": "Feature", "geometry": {"type": "Point", "coordinates": [-118.560203, 34.431269]}, "properties": {"resource_id": 151, "resource_name": "Fallback Hospital or Medical Center 151", "resource_type": "hospital", "address": "7123 Example Ave", "city": "Lancaster", "source_agency": "LA County / HIFLD style", "source_status": "simulated_fallback_due_download_missing_or_unavailable"}}, {"type": "Feature", "geometry": {"type": "Point", "coordinates": [-117.75343, 34.429789]}, "properties": {"resource_id": 152, "resource_name": "Fallback Hospital or Medical Center 152", "resource_type": "hospital", "address": "3891 Example Ave", "city": "Pasadena", "source_agency": "LA County / HIFLD style", "source_status": "simulated_fallback_due_download_missing_or_unavailable"}}, {"type": "Feature", "geometry": {"type": "Point", "coordinates": [-118.281353, 34.20592]}, "properties": {"resource_id": 153, "resource_name": "Fallback Hospital or Medical Center 153", "resource_type": "hospital", "address": "519 Example Ave", "city": "Glendale", "source_agency": "LA County / HIFLD style", "source_status": "simulated_fallback_due_download_missing_or_unavailable"}}, {"type": "Feature", "geometry": {"type": "Point", "coordinates": [-118.646233, 34.359314]}, "properties": {"resource_id": 154, "resource_name": "Fallback Hospital or Medical Center 154", "resource_type": "hospital", "address": "2015 Example Ave", "city": "Burbank", "source_agency": "LA County / HIFLD style", "source_status": "simulated_fallback_due_download_missing_or_unavailable"}}, {"type": "Feature", "geometry": {"type": "Point", "coordinates": [-118.663692, 33.756738]}, "properties": {"resource_id": 155, "resource_name": "Fallback Hospital or Medical Center 155", "resource_type": "hospital", "address": "6785 Example Ave", "city": "Whittier", "source_agency": "LA County / HIFLD style", "source_status": "simulated_fallback_due_download_missing_or_unavailable"}}, {"type": "Feature", "geometry": {"type": "Point", "coordinates": [-117.79142, 33.753859]}, "properties": {"resource_id": 156, "resource_name": "Fallback Hospital or Medical Center 156", "resource_type": "hospital", "address": "4478 Example Ave", "city": "Whittier", "source_agency": "LA County / HIFLD style", "source_status": "simulated_fallback_due_download_missing_or_unavailable"}}, {"type": "Feature", "geometry": {"type": "Point", "coordinates": [-118.715607, 34.485703]}, "properties": {"resource_id": 157, "resource_name": "Fallback Hospital or Medical Center 157", "resource_type": "hospital", "address": "8545 Example Ave", "city": "Torrance", "source_agency": "LA County / HIFLD style", "source_status": "simulated_fallback_due_download_missing_or_unavailable"}}, {"type": "Feature", "geometry": {"type": "Point", "coordinates": [-118.565451, 34.414244]}, "properties": {"resource_id": 158, "resource_name": "Fallback Hospital or Medical Center 158", "resource_type": "hospital", "address": "7418 Example Ave", "city": "Los Angeles", "source_agency": "LA County / HIFLD style", "source_status": "simulated_fallback_due_download_missing_or_unavailable"}}, {"type": "Feature", "geometry": {"type": "Point", "coordinates": [-118.606307, 34.443879]}, "properties": {"resource_id": 159, "resource_name": "Fallback Hospital or Medical Center 159", "resource_type": "hospital", "address": "6177 Example Ave", "city": "Glendale", "source_agency": "LA County / HIFLD style", "source_status": "simulated_fallback_due_download_missing_or_unavailable"}}, {"type": "Feature", "geometry": {"type": "Point", "coordinates": [-118.700427, 34.112574]}, "properties": {"resource_id": 160, "resource_name": "Fallback Hospital or Medical Center 160", "resource_type": "hospital", "address": "3535 Example Ave", "city": "Whittier", "source_agency": "LA County / HIFLD style", "source_status": "simulated_fallback_due_download_missing_or_unavailable"}}, {"type": "Feature", "geometry": {"type": "Point", "coordinates": [-117.880466, 34.115184]}, "properties": {"resource_id": 161, "resource_name": "Fallback Hospital or Medical Center 161", "resource_type": "hospital", "address": "3910 Example Ave", "city": "Whittier", "source_agency": "LA County / HIFLD style", "source_status": "simulated_fallback_due_download_missing_or_unavailable"}}, {"type": "Feature", "geometry": {"type": "Point", "coordinates": [-117.967143, 33.904365]}, "properties": {"resource_id": 162, "resource_name": "Fallback Hospital or Medical Center 162", "resource_type": "hospital", "address": "5650 Example Ave", "city": "Burbank", "source_agency": "LA County / HIFLD style", "source_status": "simulated_fallback_due_download_missing_or_unavailable"}}, {"type": "Feature", "geometry": {"type": "Point", "coordinates": [-118.447366, 34.073246]}, "properties": {"resource_id": 163, "resource_name": "Fallback Hospital or Medical Center 163", "resource_type": "hospital", "address": "2993 Example Ave", "city": "Long Beach", "source_agency": "LA County / HIFLD style", "source_status": "simulated_fallback_due_download_missing_or_unavailable"}}, {"type": "Feature", "geometry": {"type": "Point", "coordinates": [-118.358217, 33.836654]}, "properties": {"resource_id": 164, "resource_name": "Fallback Hospital or Medical Center 164", "resource_type": "hospital", "address": "2678 Example Ave", "city": "Santa Monica", "source_agency": "LA County / HIFLD style", "source_status": "simulated_fallback_due_download_missing_or_unavailable"}}, {"type": "Feature", "geometry": {"type": "Point", "coordinates": [-118.372868, 34.045919]}, "properties": {"resource_id": 165, "resource_name": "Fallback Hospital or Medical Center 165", "resource_type": "hospital", "address": "7265 Example Ave", "city": "Whittier", "source_agency": "LA County / HIFLD style", "source_status": "simulated_fallback_due_download_missing_or_unavailable"}}, {"type": "Feature", "geometry": {"type": "Point", "coordinates": [-118.749419, 33.796878]}, "properties": {"resource_id": 166, "resource_name": "Fallback Hospital or Medical Center 166", "resource_type": "hospital", "address": "820 Example Ave", "city": "Glendale", "source_agency": "LA County / HIFLD style", "source_status": "simulated_fallback_due_download_missing_or_unavailable"}}, {"type": "Feature", "geometry": {"type": "Point", "coordinates": [-118.226811, 34.401137]}, "properties": {"resource_id": 167, "resource_name": "Fallback Hospital or Medical Center 167", "resource_type": "hospital", "address": "6444 Example Ave", "city": "Glendale", "source_agency": "LA County / HIFLD style", "source_status": "simulated_fallback_due_download_missing_or_unavailable"}}, {"type": "Feature", "geometry": {"type": "Point", "coordinates": [-118.708258, 34.475498]}, "properties": {"resource_id": 168, "resource_name": "Fallback Hospital or Medical Center 168", "resource_type": "hospital", "address": "5345 Example Ave", "city": "Lancaster", "source_agency": "LA County / HIFLD style", "source_status": "simulated_fallback_due_download_missing_or_unavailable"}}, {"type": "Feature", "geometry": {"type": "Point", "coordinates": [-117.94996, 33.833985]}, "properties": {"resource_id": 169, "resource_name": "Fallback Hospital or Medical Center 169", "resource_type": "hospital", "address": "9146 Example Ave", "city": "Glendale", "source_agency": "LA County / HIFLD style", "source_status": "simulated_fallback_due_download_missing_or_unavailable"}}, {"type": "Feature", "geometry": {"type": "Point", "coordinates": [-117.85518, 33.845548]}, "properties": {"resource_id": 170, "resource_name": "Fallback Hospital or Medical Center 170", "resource_type": "hospital", "address": "1981 Example Ave", "city": "Santa Monica", "source_agency": "LA County / HIFLD style", "source_status": "simulated_fallback_due_download_missing_or_unavailable"}}, {"type": "Feature", "geometry": {"type": "Point", "coordinates": [-117.871461, 33.959286]}, "properties": {"resource_id": 171, "resource_name": "Fallback Hospital or Medical Center 171", "resource_type": "hospital", "address": "5682 Example Ave", "city": "Pasadena", "source_agency": "LA County / HIFLD style", "source_status": "simulated_fallback_due_download_missing_or_unavailable"}}, {"type": "Feature", "geometry": {"type": "Point", "coordinates": [-118.075371, 33.912539]}, "properties": {"resource_id": 172, "resource_name": "Fallback Hospital or Medical Center 172", "resource_type": "hospital", "address": "5267 Example Ave", "city": "Burbank", "source_agency": "LA County / HIFLD style", "source_status": "simulated_fallback_due_download_missing_or_unavailable"}}, {"type": "Feature", "geometry": {"type": "Point", "coordinates": [-118.493908, 34.083064]}, "properties": {"resource_id": 173, "resource_name": "Fallback Hospital or Medical Center 173", "resource_type": "hospital", "address": "1313 Example Ave", "city": "Long Beach", "source_agency": "LA County / HIFLD style", "source_status": "simulated_fallback_due_download_missing_or_unavailable"}}, {"type": "Feature", "geometry": {"type": "Point", "coordinates": [-118.077362, 34.069716]}, "properties": {"resource_id": 174, "resource_name": "Fallback Hospital or Medical Center 174", "resource_type": "hospital", "address": "2685 Example Ave", "city": "Whittier", "source_agency": "LA County / HIFLD style", "source_status": "simulated_fallback_due_download_missing_or_unavailable"}}, {"type": "Feature", "geometry": {"type": "Point", "coordinates": [-118.282235, 34.282119]}, "properties": {"resource_id": 175, "resource_name": "Fallback Hospital or Medical Center 175", "resource_type": "hospital", "address": "5891 Example Ave", "city": "Long Beach", "source_agency": "LA County / HIFLD style", "source_status": "simulated_fallback_due_download_missing_or_unavailable"}}, {"type": "Feature", "geometry": {"type": "Point", "coordinates": [-118.139127, 33.774091]}, "properties": {"resource_id": 176, "resource_name": "Fallback Hospital or Medical Center 176", "resource_type": "hospital", "address": "8045 Example Ave", "city": "Pasadena", "source_agency": "LA County / HIFLD style", "source_status": "simulated_fallback_due_download_missing_or_unavailable"}}, {"type": "Feature", "geometry": {"type": "Point", "coordinates": [-118.104748, 34.152072]}, "properties": {"resource_id": 177, "resource_name": "Fallback Hospital or Medical Center 177", "resource_type": "hospital", "address": "6839 Example Ave", "city": "Glendale", "source_agency": "LA County / HIFLD style", "source_status": "simulated_fallback_due_download_missing_or_unavailable"}}, {"type": "Feature", "geometry": {"type": "Point", "coordinates": [-118.648373, 34.210702]}, "properties": {"resource_id": 178, "resource_name": "Fallback Hospital or Medical Center 178", "resource_type": "hospital", "address": "4545 Example Ave", "city": "Lancaster", "source_agency": "LA County / HIFLD style", "source_status": "simulated_fallback_due_download_missing_or_unavailable"}}, {"type": "Feature", "geometry": {"type": "Point", "coordinates": [-117.992857, 33.904212]}, "properties": {"resource_id": 179, "resource_name": "Fallback Hospital or Medical Center 179", "resource_type": "hospital", "address": "5356 Example Ave", "city": "Burbank", "source_agency": "LA County / HIFLD style", "source_status": "simulated_fallback_due_download_missing_or_unavailable"}}, {"type": "Feature", "geometry": {"type": "Point", "coordinates": [-118.606074, 34.358284]}, "properties": {"resource_id": 180, "resource_name": "Fallback Hospital or Medical Center 180", "resource_type": "hospital", "address": "9948 Example Ave", "city": "Los Angeles", "source_agency": "LA County / HIFLD style", "source_status": "simulated_fallback_due_download_missing_or_unavailable"}}, {"type": "Feature", "geometry": {"type": "Point", "coordinates": [-118.433159, 34.477042]}, "properties": {"resource_id": 181, "resource_name": "Fallback Hospital or Medical Center 181", "resource_type": "hospital", "address": "4919 Example Ave", "city": "Lancaster", "source_agency": "LA County / HIFLD style", "source_status": "simulated_fallback_due_download_missing_or_unavailable"}}, {"type": "Feature", "geometry": {"type": "Point", "coordinates": [-118.266385, 34.170371]}, "properties": {"resource_id": 182, "resource_name": "Fallback Hospital or Medical Center 182", "resource_type": "hospital", "address": "4137 Example Ave", "city": "Torrance", "source_agency": "LA County / HIFLD style", "source_status": "simulated_fallback_due_download_missing_or_unavailable"}}, {"type": "Feature", "geometry": {"type": "Point", "coordinates": [-118.662157, 33.820053]}, "properties": {"resource_id": 183, "resource_name": "Fallback Hospital or Medical Center 183", "resource_type": "hospital", "address": "9902 Example Ave", "city": "Glendale", "source_agency": "LA County / HIFLD style", "source_status": "simulated_fallback_due_download_missing_or_unavailable"}}, {"type": "Feature", "geometry": {"type": "Point", "coordinates": [-118.582751, 34.465221]}, "properties": {"resource_id": 184, "resource_name": "Fallback Hospital or Medical Center 184", "resource_type": "hospital", "address": "8366 Example Ave", "city": "Santa Monica", "source_agency": "LA County / HIFLD style", "source_status": "simulated_fallback_due_download_missing_or_unavailable"}}, {"type": "Feature", "geometry": {"type": "Point", "coordinates": [-118.318242, 34.344764]}, "properties": {"resource_id": 185, "resource_name": "Fallback Hospital or Medical Center 185", "resource_type": "hospital", "address": "6749 Example Ave", "city": "Long Beach", "source_agency": "LA County / HIFLD style", "source_status": "simulated_fallback_due_download_missing_or_unavailable"}}, {"type": "Feature", "geometry": {"type": "Point", "coordinates": [-118.661473, 34.404915]}, "properties": {"resource_id": 186, "resource_name": "Fallback Hospital or Medical Center 186", "resource_type": "hospital", "address": "6177 Example Ave", "city": "Glendale", "source_agency": "LA County / HIFLD style", "source_status": "simulated_fallback_due_download_missing_or_unavailable"}}, {"type": "Feature", "geometry": {"type": "Point", "coordinates": [-118.504095, 34.149866]}, "properties": {"resource_id": 187, "resource_name": "Fallback Hospital or Medical Center 187", "resource_type": "hospital", "address": "6197 Example Ave", "city": "Los Angeles", "source_agency": "LA County / HIFLD style", "source_status": "simulated_fallback_due_download_missing_or_unavailable"}}, {"type": "Feature", "geometry": {"type": "Point", "coordinates": [-118.359102, 33.716749]}, "properties": {"resource_id": 188, "resource_name": "Fallback Hospital or Medical Center 188", "resource_type": "hospital", "address": "4781 Example Ave", "city": "Glendale", "source_agency": "LA County / HIFLD style", "source_status": "simulated_fallback_due_download_missing_or_unavailable"}}, {"type": "Feature", "geometry": {"type": "Point", "coordinates": [-118.08626, 33.770709]}, "properties": {"resource_id": 189, "resource_name": "Fallback Hospital or Medical Center 189", "resource_type": "hospital", "address": "1335 Example Ave", "city": "Lancaster", "source_agency": "LA County / HIFLD style", "source_status": "simulated_fallback_due_download_missing_or_unavailable"}}, {"type": "Feature", "geometry": {"type": "Point", "coordinates": [-118.442184, 34.040172]}, "properties": {"resource_id": 190, "resource_name": "Fallback Hospital or Medical Center 190", "resource_type": "hospital", "address": "1819 Example Ave", "city": "Burbank", "source_agency": "LA County / HIFLD style", "source_status": "simulated_fallback_due_download_missing_or_unavailable"}}, {"type": "Feature", "geometry": {"type": "Point", "coordinates": [-118.188593, 34.113346]}, "properties": {"resource_id": 191, "resource_name": "Fallback Hospital or Medical Center 191", "resource_type": "hospital", "address": "6540 Example Ave", "city": "Lancaster", "source_agency": "LA County / HIFLD style", "source_status": "simulated_fallback_due_download_missing_or_unavailable"}}, {"type": "Feature", "geometry": {"type": "Point", "coordinates": [-117.926302, 33.986322]}, "properties": {"resource_id": 192, "resource_name": "Fallback Hospital or Medical Center 192", "resource_type": "hospital", "address": "877 Example Ave", "city": "Whittier", "source_agency": "LA County / HIFLD style", "source_status": "simulated_fallback_due_download_missing_or_unavailable"}}, {"type": "Feature", "geometry": {"type": "Point", "coordinates": [-118.560778, 33.730674]}, "properties": {"resource_id": 193, "resource_name": "Fallback Hospital or Medical Center 193", "resource_type": "hospital", "address": "5508 Example Ave", "city": "Lancaster", "source_agency": "LA County / HIFLD style", "source_status": "simulated_fallback_due_download_missing_or_unavailable"}}, {"type": "Feature", "geometry": {"type": "Point", "coordinates": [-118.639202, 34.493427]}, "properties": {"resource_id": 194, "resource_name": "Fallback Hospital or Medical Center 194", "resource_type": "hospital", "address": "1208 Example Ave", "city": "Burbank", "source_agency": "LA County / HIFLD style", "source_status": "simulated_fallback_due_download_missing_or_unavailable"}}, {"type": "Feature", "geometry": {"type": "Point", "coordinates": [-118.10007, 34.300968]}, "properties": {"resource_id": 195, "resource_name": "Fallback Hospital or Medical Center 195", "resource_type": "hospital", "address": "1033 Example Ave", "city": "Glendale", "source_agency": "LA County / HIFLD style", "source_status": "simulated_fallback_due_download_missing_or_unavailable"}}, {"type": "Feature", "geometry": {"type": "Point", "coordinates": [-118.007874, 33.994646]}, "properties": {"resource_id": 196, "resource_name": "Fallback Hospital or Medical Center 196", "resource_type": "hospital", "address": "6909 Example Ave", "city": "Glendale", "source_agency": "LA County / HIFLD style", "source_status": "simulated_fallback_due_download_missing_or_unavailable"}}, {"type": "Feature", "geometry": {"type": "Point", "coordinates": [-118.030262, 33.904647]}, "properties": {"resource_id": 197, "resource_name": "Fallback Hospital or Medical Center 197", "resource_type": "hospital", "address": "9211 Example Ave", "city": "Glendale", "source_agency": "LA County / HIFLD style", "source_status": "simulated_fallback_due_download_missing_or_unavailable"}}, {"type": "Feature", "geometry": {"type": "Point", "coordinates": [-117.780241, 33.964462]}, "properties": {"resource_id": 198, "resource_name": "Fallback Hospital or Medical Center 198", "resource_type": "hospital", "address": "5008 Example Ave", "city": "Lancaster", "source_agency": "LA County / HIFLD style", "source_status": "simulated_fallback_due_download_missing_or_unavailable"}}, {"type": "Feature", "geometry": {"type": "Point", "coordinates": [-118.472494, 33.975366]}, "properties": {"resource_id": 199, "resource_name": "Fallback Hospital or Medical Center 199", "resource_type": "hospital", "address": "1091 Example Ave", "city": "Pomona", "source_agency": "LA County / HIFLD style", "source_status": "simulated_fallback_due_download_missing_or_unavailable"}}, {"type": "Feature", "geometry": {"type": "Point", "coordinates": [-118.542139, 33.86044]}, "properties": {"resource_id": 200, "resource_name": "Fallback Hospital or Medical Center 200", "resource_type": "hospital", "address": "9512 Example Ave", "city": "Glendale", "source_agency": "LA County / HIFLD style", "source_status": "simulated_fallback_due_download_missing_or_unavailable"}}, {"type": "Feature", "geometry": {"type": "Point", "coordinates": [-118.259576, 33.770931]}, "properties": {"resource_id": 201, "resource_name": "Fallback Hospital or Medical Center 201", "resource_type": "hospital", "address": "7187 Example Ave", "city": "Burbank", "source_agency": "LA County / HIFLD style", "source_status": "simulated_fallback_due_download_missing_or_unavailable"}}, {"type": "Feature", "geometry": {"type": "Point", "coordinates": [-117.865831, 33.812839]}, "properties": {"resource_id": 202, "resource_name": "Fallback Hospital or Medical Center 202", "resource_type": "hospital", "address": "6976 Example Ave", "city": "Pasadena", "source_agency": "LA County / HIFLD style", "source_status": "simulated_fallback_due_download_missing_or_unavailable"}}, {"type": "Feature", "geometry": {"type": "Point", "coordinates": [-118.706557, 33.822038]}, "properties": {"resource_id": 203, "resource_name": "Fallback Hospital or Medical Center 203", "resource_type": "hospital", "address": "7354 Example Ave", "city": "Santa Monica", "source_agency": "LA County / HIFLD style", "source_status": "simulated_fallback_due_download_missing_or_unavailable"}}, {"type": "Feature", "geometry": {"type": "Point", "coordinates": [-118.670732, 34.154391]}, "properties": {"resource_id": 204, "resource_name": "Fallback Hospital or Medical Center 204", "resource_type": "hospital", "address": "9533 Example Ave", "city": "Los Angeles", "source_agency": "LA County / HIFLD style", "source_status": "simulated_fallback_due_download_missing_or_unavailable"}}, {"type": "Feature", "geometry": {"type": "Point", "coordinates": [-117.916268, 34.484764]}, "properties": {"resource_id": 205, "resource_name": "Fallback Hospital or Medical Center 205", "resource_type": "hospital", "address": "3785 Example Ave", "city": "Los Angeles", "source_agency": "LA County / HIFLD style", "source_status": "simulated_fallback_due_download_missing_or_unavailable"}}, {"type": "Feature", "geometry": {"type": "Point", "coordinates": [-118.48283, 34.319533]}, "properties": {"resource_id": 206, "resource_name": "Fallback Hospital or Medical Center 206", "resource_type": "hospital", "address": "4366 Example Ave", "city": "Los Angeles", "source_agency": "LA County / HIFLD style", "source_status": "simulated_fallback_due_download_missing_or_unavailable"}}, {"type": "Feature", "geometry": {"type": "Point", "coordinates": [-118.720763, 33.892898]}, "properties": {"resource_id": 207, "resource_name": "Fallback Hospital or Medical Center 207", "resource_type": "hospital", "address": "8005 Example Ave", "city": "Torrance", "source_agency": "LA County / HIFLD style", "source_status": "simulated_fallback_due_download_missing_or_unavailable"}}, {"type": "Feature", "geometry": {"type": "Point", "coordinates": [-118.725676, 34.083411]}, "properties": {"resource_id": 208, "resource_name": "Fallback Hospital or Medical Center 208", "resource_type": "hospital", "address": "533 Example Ave", "city": "Long Beach", "source_agency": "LA County / HIFLD style", "source_status": "simulated_fallback_due_download_missing_or_unavailable"}}, {"type": "Feature", "geometry": {"type": "Point", "coordinates": [-118.037715, 33.836202]}, "properties": {"resource_id": 209, "resource_name": "Fallback Hospital or Medical Center 209", "resource_type": "hospital", "address": "5183 Example Ave", "city": "Long Beach", "source_agency": "LA County / HIFLD style", "source_status": "simulated_fallback_due_download_missing_or_unavailable"}}, {"type": "Feature", "geometry": {"type": "Point", "coordinates": [-118.452405, 34.366085]}, "properties": {"resource_id": 210, "resource_name": "Fallback Hospital or Medical Center 210", "resource_type": "hospital", "address": "1746 Example Ave", "city": "Long Beach", "source_agency": "LA County / HIFLD style", "source_status": "simulated_fallback_due_download_missing_or_unavailable"}}, {"type": "Feature", "geometry": {"type": "Point", "coordinates": [-118.29347, 34.036819]}, "properties": {"resource_id": 211, "resource_name": "Fallback Hospital or Medical Center 211", "resource_type": "hospital", "address": "500 Example Ave", "city": "Torrance", "source_agency": "LA County / HIFLD style", "source_status": "simulated_fallback_due_download_missing_or_unavailable"}}, {"type": "Feature", "geometry": {"type": "Point", "coordinates": [-118.535595, 33.742942]}, "properties": {"resource_id": 212, "resource_name": "Fallback Hospital or Medical Center 212", "resource_type": "hospital", "address": "9528 Example Ave", "city": "Whittier", "source_agency": "LA County / HIFLD style", "source_status": "simulated_fallback_due_download_missing_or_unavailable"}}, {"type": "Feature", "geometry": {"type": "Point", "coordinates": [-118.696721, 34.464099]}, "properties": {"resource_id": 213, "resource_name": "Fallback Hospital or Medical Center 213", "resource_type": "hospital", "address": "2008 Example Ave", "city": "Long Beach", "source_agency": "LA County / HIFLD style", "source_status": "simulated_fallback_due_download_missing_or_unavailable"}}, {"type": "Feature", "geometry": {"type": "Point", "coordinates": [-118.706298, 33.900147]}, "properties": {"resource_id": 214, "resource_name": "Fallback Hospital or Medical Center 214", "resource_type": "hospital", "address": "384 Example Ave", "city": "Pomona", "source_agency": "LA County / HIFLD style", "source_status": "simulated_fallback_due_download_missing_or_unavailable"}}, {"type": "Feature", "geometry": {"type": "Point", "coordinates": [-117.819013, 33.762469]}, "properties": {"resource_id": 215, "resource_name": "Fallback Hospital or Medical Center 215", "resource_type": "hospital", "address": "8138 Example Ave", "city": "Los Angeles", "source_agency": "LA County / HIFLD style", "source_status": "simulated_fallback_due_download_missing_or_unavailable"}}, {"type": "Feature", "geometry": {"type": "Point", "coordinates": [-118.182824, 34.304821]}, "properties": {"resource_id": 216, "resource_name": "Fallback Hospital or Medical Center 216", "resource_type": "hospital", "address": "6330 Example Ave", "city": "Glendale", "source_agency": "LA County / HIFLD style", "source_status": "simulated_fallback_due_download_missing_or_unavailable"}}, {"type": "Feature", "geometry": {"type": "Point", "coordinates": [-118.570326, 33.713217]}, "properties": {"resource_id": 217, "resource_name": "Fallback Hospital or Medical Center 217", "resource_type": "hospital", "address": "2262 Example Ave", "city": "Los Angeles", "source_agency": "LA County / HIFLD style", "source_status": "simulated_fallback_due_download_missing_or_unavailable"}}, {"type": "Feature", "geometry": {"type": "Point", "coordinates": [-118.235071, 34.10227]}, "properties": {"resource_id": 218, "resource_name": "Fallback Hospital or Medical Center 218", "resource_type": "hospital", "address": "2267 Example Ave", "city": "Glendale", "source_agency": "LA County / HIFLD style", "source_status": "simulated_fallback_due_download_missing_or_unavailable"}}, {"type": "Feature", "geometry": {"type": "Point", "coordinates": [-118.669892, 34.349936]}, "properties": {"resource_id": 219, "resource_name": "Fallback Hospital or Medical Center 219", "resource_type": "hospital", "address": "2650 Example Ave", "city": "Lancaster", "source_agency": "LA County / HIFLD style", "source_status": "simulated_fallback_due_download_missing_or_unavailable"}}, {"type": "Feature", "geometry": {"type": "Point", "coordinates": [-118.330827, 34.165708]}, "properties": {"resource_id": 220, "resource_name": "Fallback Hospital or Medical Center 220", "resource_type": "hospital", "address": "2750 Example Ave", "city": "Lancaster", "source_agency": "LA County / HIFLD style", "source_status": "simulated_fallback_due_download_missing_or_unavailable"}}, {"type": "Feature", "geometry": {"type": "Point", "coordinates": [-118.02738, 33.774895]}, "properties": {"resource_id": 221, "resource_name": "Fallback Hospital or Medical Center 221", "resource_type": "hospital", "address": "7864 Example Ave", "city": "Pasadena", "source_agency": "LA County / HIFLD style", "source_status": "simulated_fallback_due_download_missing_or_unavailable"}}, {"type": "Feature", "geometry": {"type": "Point", "coordinates": [-118.442301, 33.856057]}, "properties": {"resource_id": 222, "resource_name": "Fallback Hospital or Medical Center 222", "resource_type": "hospital", "address": "9990 Example Ave", "city": "Los Angeles", "source_agency": "LA County / HIFLD style", "source_status": "simulated_fallback_due_download_missing_or_unavailable"}}, {"type": "Feature", "geometry": {"type": "Point", "coordinates": [-118.461048, 34.105738]}, "properties": {"resource_id": 223, "resource_name": "Fallback Hospital or Medical Center 223", "resource_type": "hospital", "address": "6633 Example Ave", "city": "Burbank", "source_agency": "LA County / HIFLD style", "source_status": "simulated_fallback_due_download_missing_or_unavailable"}}, {"type": "Feature", "geometry": {"type": "Point", "coordinates": [-118.35618, 33.827236]}, "properties": {"resource_id": 224, "resource_name": "Fallback Hospital or Medical Center 224", "resource_type": "hospital", "address": "4091 Example Ave", "city": "Lancaster", "source_agency": "LA County / HIFLD style", "source_status": "simulated_fallback_due_download_missing_or_unavailable"}}, {"type": "Feature", "geometry": {"type": "Point", "coordinates": [-118.382851, 34.000926]}, "properties": {"resource_id": 225, "resource_name": "Fallback Hospital or Medical Center 225", "resource_type": "hospital", "address": "6232 Example Ave", "city": "Lancaster", "source_agency": "LA County / HIFLD style", "source_status": "simulated_fallback_due_download_missing_or_unavailable"}}, {"type": "Feature", "geometry": {"type": "Point", "coordinates": [-117.809328, 34.174545]}, "properties": {"resource_id": 226, "resource_name": "Fallback Hospital or Medical Center 226", "resource_type": "hospital", "address": "6618 Example Ave", "city": "Burbank", "source_agency": "LA County / HIFLD style", "source_status": "simulated_fallback_due_download_missing_or_unavailable"}}, {"type": "Feature", "geometry": {"type": "Point", "coordinates": [-117.97635, 33.743775]}, "properties": {"resource_id": 227, "resource_name": "Fallback Hospital or Medical Center 227", "resource_type": "hospital", "address": "2062 Example Ave", "city": "Burbank", "source_agency": "LA County / HIFLD style", "source_status": "simulated_fallback_due_download_missing_or_unavailable"}}, {"type": "Feature", "geometry": {"type": "Point", "coordinates": [-118.639461, 33.98706]}, "properties": {"resource_id": 228, "resource_name": "Fallback Hospital or Medical Center 228", "resource_type": "hospital", "address": "3310 Example Ave", "city": "Torrance", "source_agency": "LA County / HIFLD style", "source_status": "simulated_fallback_due_download_missing_or_unavailable"}}, {"type": "Feature", "geometry": {"type": "Point", "coordinates": [-118.018137, 34.337436]}, "properties": {"resource_id": 229, "resource_name": "Fallback Hospital or Medical Center 229", "resource_type": "hospital", "address": "5750 Example Ave", "city": "Los Angeles", "source_agency": "LA County / HIFLD style", "source_status": "simulated_fallback_due_download_missing_or_unavailable"}}, {"type": "Feature", "geometry": {"type": "Point", "coordinates": [-118.519429, 34.305468]}, "properties": {"resource_id": 230, "resource_name": "Fallback Hospital or Medical Center 230", "resource_type": "hospital", "address": "9431 Example Ave", "city": "Torrance", "source_agency": "LA County / HIFLD style", "source_status": "simulated_fallback_due_download_missing_or_unavailable"}}, {"type": "Feature", "geometry": {"type": "Point", "coordinates": [-118.552246, 34.509693]}, "properties": {"resource_id": 231, "resource_name": "Fallback Hospital or Medical Center 231", "resource_type": "hospital", "address": "5169 Example Ave", "city": "Santa Monica", "source_agency": "LA County / HIFLD style", "source_status": "simulated_fallback_due_download_missing_or_unavailable"}}, {"type": "Feature", "geometry": {"type": "Point", "coordinates": [-117.818591, 34.390198]}, "properties": {"resource_id": 232, "resource_name": "Fallback Hospital or Medical Center 232", "resource_type": "hospital", "address": "4780 Example Ave", "city": "Long Beach", "source_agency": "LA County / HIFLD style", "source_status": "simulated_fallback_due_download_missing_or_unavailable"}}, {"type": "Feature", "geometry": {"type": "Point", "coordinates": [-118.145539, 34.458037]}, "properties": {"resource_id": 233, "resource_name": "Fallback Hospital or Medical Center 233", "resource_type": "hospital", "address": "3394 Example Ave", "city": "Santa Monica", "source_agency": "LA County / HIFLD style", "source_status": "simulated_fallback_due_download_missing_or_unavailable"}}, {"type": "Feature", "geometry": {"type": "Point", "coordinates": [-118.057208, 34.251542]}, "properties": {"resource_id": 234, "resource_name": "Fallback Hospital or Medical Center 234", "resource_type": "hospital", "address": "7899 Example Ave", "city": "Long Beach", "source_agency": "LA County / HIFLD style", "source_status": "simulated_fallback_due_download_missing_or_unavailable"}}, {"type": "Feature", "geometry": {"type": "Point", "coordinates": [-117.954593, 33.917593]}, "properties": {"resource_id": 235, "resource_name": "Fallback Hospital or Medical Center 235", "resource_type": "hospital", "address": "895 Example Ave", "city": "Long Beach", "source_agency": "LA County / HIFLD style", "source_status": "simulated_fallback_due_download_missing_or_unavailable"}}, {"type": "Feature", "geometry": {"type": "Point", "coordinates": [-118.381859, 34.317525]}, "properties": {"resource_id": 236, "resource_name": "Fallback Hospital or Medical Center 236", "resource_type": "hospital", "address": "8601 Example Ave", "city": "Whittier", "source_agency": "LA County / HIFLD style", "source_status": "simulated_fallback_due_download_missing_or_unavailable"}}, {"type": "Feature", "geometry": {"type": "Point", "coordinates": [-118.088157, 34.470797]}, "properties": {"resource_id": 237, "resource_name": "Fallback Hospital or Medical Center 237", "resource_type": "hospital", "address": "1036 Example Ave", "city": "Pasadena", "source_agency": "LA County / HIFLD style", "source_status": "simulated_fallback_due_download_missing_or_unavailable"}}, {"type": "Feature", "geometry": {"type": "Point", "coordinates": [-118.41467, 33.735745]}, "properties": {"resource_id": 238, "resource_name": "Fallback Hospital or Medical Center 238", "resource_type": "hospital", "address": "1682 Example Ave", "city": "Pomona", "source_agency": "LA County / HIFLD style", "source_status": "simulated_fallback_due_download_missing_or_unavailable"}}, {"type": "Feature", "geometry": {"type": "Point", "coordinates": [-118.451703, 34.46033]}, "properties": {"resource_id": 239, "resource_name": "Fallback Hospital or Medical Center 239", "resource_type": "hospital", "address": "5469 Example Ave", "city": "Pomona", "source_agency": "LA County / HIFLD style", "source_status": "simulated_fallback_due_download_missing_or_unavailable"}}, {"type": "Feature", "geometry": {"type": "Point", "coordinates": [-118.176073, 34.401411]}, "properties": {"resource_id": 240, "resource_name": "Fallback Hospital or Medical Center 240", "resource_type": "hospital", "address": "7051 Example Ave", "city": "Santa Monica", "source_agency": "LA County / HIFLD style", "source_status": "simulated_fallback_due_download_missing_or_unavailable"}}, {"type": "Feature", "geometry": {"type": "Point", "coordinates": [-118.718258, 33.966316]}, "properties": {"resource_id": 241, "resource_name": "Fallback Hospital or Medical Center 241", "resource_type": "hospital", "address": "8542 Example Ave", "city": "Burbank", "source_agency": "LA County / HIFLD style", "source_status": "simulated_fallback_due_download_missing_or_unavailable"}}, {"type": "Feature", "geometry": {"type": "Point", "coordinates": [-118.667448, 34.478294]}, "properties": {"resource_id": 242, "resource_name": "Fallback Hospital or Medical Center 242", "resource_type": "hospital", "address": "2686 Example Ave", "city": "Glendale", "source_agency": "LA County / HIFLD style", "source_status": "simulated_fallback_due_download_missing_or_unavailable"}}, {"type": "Feature", "geometry": {"type": "Point", "coordinates": [-118.398364, 33.985711]}, "properties": {"resource_id": 243, "resource_name": "Fallback Hospital or Medical Center 243", "resource_type": "hospital", "address": "8923 Example Ave", "city": "Long Beach", "source_agency": "LA County / HIFLD style", "source_status": "simulated_fallback_due_download_missing_or_unavailable"}}, {"type": "Feature", "geometry": {"type": "Point", "coordinates": [-118.115312, 33.826473]}, "properties": {"resource_id": 244, "resource_name": "Fallback Hospital or Medical Center 244", "resource_type": "hospital", "address": "4318 Example Ave", "city": "Pomona", "source_agency": "LA County / HIFLD style", "source_status": "simulated_fallback_due_download_missing_or_unavailable"}}, {"type": "Feature", "geometry": {"type": "Point", "coordinates": [-118.727928, 34.527937]}, "properties": {"resource_id": 245, "resource_name": "Fallback Hospital or Medical Center 245", "resource_type": "hospital", "address": "1285 Example Ave", "city": "Long Beach", "source_agency": "LA County / HIFLD style", "source_status": "simulated_fallback_due_download_missing_or_unavailable"}}, {"type": "Feature", "geometry": {"type": "Point", "coordinates": [-118.353102, 34.169392]}, "properties": {"resource_id": 246, "resource_name": "Fallback Hospital or Medical Center 246", "resource_type": "hospital", "address": "8300 Example Ave", "city": "Los Angeles", "source_agency": "LA County / HIFLD style", "source_status": "simulated_fallback_due_download_missing_or_unavailable"}}, {"type": "Feature", "geometry": {"type": "Point", "coordinates": [-117.776272, 34.276496]}, "properties": {"resource_id": 247, "resource_name": "Fallback Hospital or Medical Center 247", "resource_type": "hospital", "address": "7131 Example Ave", "city": "Whittier", "source_agency": "LA County / HIFLD style", "source_status": "simulated_fallback_due_download_missing_or_unavailable"}}, {"type": "Feature", "geometry": {"type": "Point", "coordinates": [-118.462874, 34.495628]}, "properties": {"resource_id": 248, "resource_name": "Fallback Hospital or Medical Center 248", "resource_type": "hospital", "address": "2030 Example Ave", "city": "Pasadena", "source_agency": "LA County / HIFLD style", "source_status": "simulated_fallback_due_download_missing_or_unavailable"}}, {"type": "Feature", "geometry": {"type": "Point", "coordinates": [-118.457441, 34.516312]}, "properties": {"resource_id": 249, "resource_name": "Fallback Hospital or Medical Center 249", "resource_type": "hospital", "address": "7964 Example Ave", "city": "Pomona", "source_agency": "LA County / HIFLD style", "source_status": "simulated_fallback_due_download_missing_or_unavailable"}}, {"type": "Feature", "geometry": {"type": "Point", "coordinates": [-118.421925, 34.382759]}, "properties": {"resource_id": 250, "resource_name": "Fallback Hospital or Medical Center 250", "resource_type": "hospital", "address": "5200 Example Ave", "city": "Glendale", "source_agency": "LA County / HIFLD style", "source_status": "simulated_fallback_due_download_missing_or_unavailable"}}, {"type": "Feature", "geometry": {"type": "Point", "coordinates": [-118.041194, 33.947023]}, "properties": {"resource_id": 251, "resource_name": "Fallback Hospital or Medical Center 251", "resource_type": "hospital", "address": "4678 Example Ave", "city": "Long Beach", "source_agency": "LA County / HIFLD style", "source_status": "simulated_fallback_due_download_missing_or_unavailable"}}, {"type": "Feature", "geometry": {"type": "Point", "coordinates": [-117.926795, 33.724782]}, "properties": {"resource_id": 252, "resource_name": "Fallback Hospital or Medical Center 252", "resource_type": "hospital", "address": "1224 Example Ave", "city": "Whittier", "source_agency": "LA County / HIFLD style", "source_status": "simulated_fallback_due_download_missing_or_unavailable"}}, {"type": "Feature", "geometry": {"type": "Point", "coordinates": [-117.769643, 33.902799]}, "properties": {"resource_id": 253, "resource_name": "Fallback Hospital or Medical Center 253", "resource_type": "hospital", "address": "3518 Example Ave", "city": "Whittier", "source_agency": "LA County / HIFLD style", "source_status": "simulated_fallback_due_download_missing_or_unavailable"}}, {"type": "Feature", "geometry": {"type": "Point", "coordinates": [-117.959351, 33.719996]}, "properties": {"resource_id": 254, "resource_name": "Fallback Hospital or Medical Center 254", "resource_type": "hospital", "address": "2644 Example Ave", "city": "Long Beach", "source_agency": "LA County / HIFLD style", "source_status": "simulated_fallback_due_download_missing_or_unavailable"}}, {"type": "Feature", "geometry": {"type": "Point", "coordinates": [-118.743061, 34.166169]}, "properties": {"resource_id": 255, "resource_name": "Fallback Hospital or Medical Center 255", "resource_type": "hospital", "address": "855 Example Ave", "city": "Long Beach", "source_agency": "LA County / HIFLD style", "source_status": "simulated_fallback_due_download_missing_or_unavailable"}}, {"type": "Feature", "geometry": {"type": "Point", "coordinates": [-118.500614, 33.74767]}, "properties": {"resource_id": 256, "resource_name": "Fallback Hospital or Medical Center 256", "resource_type": "hospital", "address": "4197 Example Ave", "city": "Glendale", "source_agency": "LA County / HIFLD style", "source_status": "simulated_fallback_due_download_missing_or_unavailable"}}, {"type": "Feature", "geometry": {"type": "Point", "coordinates": [-117.839012, 34.533404]}, "properties": {"resource_id": 257, "resource_name": "Fallback Hospital or Medical Center 257", "resource_type": "hospital", "address": "245 Example Ave", "city": "Los Angeles", "source_agency": "LA County / HIFLD style", "source_status": "simulated_fallback_due_download_missing_or_unavailable"}}, {"type": "Feature", "geometry": {"type": "Point", "coordinates": [-117.900149, 34.262371]}, "properties": {"resource_id": 258, "resource_name": "Fallback Hospital or Medical Center 258", "resource_type": "hospital", "address": "2085 Example Ave", "city": "Torrance", "source_agency": "LA County / HIFLD style", "source_status": "simulated_fallback_due_download_missing_or_unavailable"}}, {"type": "Feature", "geometry": {"type": "Point", "coordinates": [-117.983867, 34.236945]}, "properties": {"resource_id": 259, "resource_name": "Fallback Hospital or Medical Center 259", "resource_type": "hospital", "address": "662 Example Ave", "city": "Pasadena", "source_agency": "LA County / HIFLD style", "source_status": "simulated_fallback_due_download_missing_or_unavailable"}}, {"type": "Feature", "geometry": {"type": "Point", "coordinates": [-117.858242, 34.447219]}, "properties": {"resource_id": 260, "resource_name": "Fallback Hospital or Medical Center 260", "resource_type": "hospital", "address": "7762 Example Ave", "city": "Lancaster", "source_agency": "LA County / HIFLD style", "source_status": "simulated_fallback_due_download_missing_or_unavailable"}}, {"type": "Feature", "geometry": {"type": "Point", "coordinates": [-118.277359, 33.804538]}, "properties": {"resource_id": 261, "resource_name": "Fallback Hospital or Medical Center 261", "resource_type": "hospital", "address": "6891 Example Ave", "city": "Pomona", "source_agency": "LA County / HIFLD style", "source_status": "simulated_fallback_due_download_missing_or_unavailable"}}, {"type": "Feature", "geometry": {"type": "Point", "coordinates": [-117.822099, 34.41893]}, "properties": {"resource_id": 262, "resource_name": "Fallback Hospital or Medical Center 262", "resource_type": "hospital", "address": "281 Example Ave", "city": "Los Angeles", "source_agency": "LA County / HIFLD style", "source_status": "simulated_fallback_due_download_missing_or_unavailable"}}, {"type": "Feature", "geometry": {"type": "Point", "coordinates": [-117.868889, 34.477347]}, "properties": {"resource_id": 263, "resource_name": "Fallback Hospital or Medical Center 263", "resource_type": "hospital", "address": "6006 Example Ave", "city": "Glendale", "source_agency": "LA County / HIFLD style", "source_status": "simulated_fallback_due_download_missing_or_unavailable"}}, {"type": "Feature", "geometry": {"type": "Point", "coordinates": [-118.303947, 33.85493]}, "properties": {"resource_id": 264, "resource_name": "Fallback Hospital or Medical Center 264", "resource_type": "hospital", "address": "5035 Example Ave", "city": "Santa Monica", "source_agency": "LA County / HIFLD style", "source_status": "simulated_fallback_due_download_missing_or_unavailable"}}, {"type": "Feature", "geometry": {"type": "Point", "coordinates": [-118.253721, 34.107783]}, "properties": {"resource_id": 265, "resource_name": "Fallback Hospital or Medical Center 265", "resource_type": "hospital", "address": "7458 Example Ave", "city": "Long Beach", "source_agency": "LA County / HIFLD style", "source_status": "simulated_fallback_due_download_missing_or_unavailable"}}, {"type": "Feature", "geometry": {"type": "Point", "coordinates": [-118.08516, 33.979052]}, "properties": {"resource_id": 266, "resource_name": "Fallback Hospital or Medical Center 266", "resource_type": "hospital", "address": "5833 Example Ave", "city": "Lancaster", "source_agency": "LA County / HIFLD style", "source_status": "simulated_fallback_due_download_missing_or_unavailable"}}, {"type": "Feature", "geometry": {"type": "Point", "coordinates": [-118.655694, 33.769333]}, "properties": {"resource_id": 267, "resource_name": "Fallback Hospital or Medical Center 267", "resource_type": "hospital", "address": "743 Example Ave", "city": "Glendale", "source_agency": "LA County / HIFLD style", "source_status": "simulated_fallback_due_download_missing_or_unavailable"}}, {"type": "Feature", "geometry": {"type": "Point", "coordinates": [-118.318297, 33.91511]}, "properties": {"resource_id": 268, "resource_name": "Fallback Hospital or Medical Center 268", "resource_type": "hospital", "address": "8498 Example Ave", "city": "Burbank", "source_agency": "LA County / HIFLD style", "source_status": "simulated_fallback_due_download_missing_or_unavailable"}}, {"type": "Feature", "geometry": {"type": "Point", "coordinates": [-118.721883, 34.036093]}, "properties": {"resource_id": 269, "resource_name": "Fallback Hospital or Medical Center 269", "resource_type": "hospital", "address": "3287 Example Ave", "city": "Lancaster", "source_agency": "LA County / HIFLD style", "source_status": "simulated_fallback_due_download_missing_or_unavailable"}}, {"type": "Feature", "geometry": {"type": "Point", "coordinates": [-118.315687, 33.781326]}, "properties": {"resource_id": 270, "resource_name": "Fallback Hospital or Medical Center 270", "resource_type": "hospital", "address": "6723 Example Ave", "city": "Glendale", "source_agency": "LA County / HIFLD style", "source_status": "simulated_fallback_due_download_missing_or_unavailable"}}, {"type": "Feature", "geometry": {"type": "Point", "coordinates": [-117.850331, 34.528299]}, "properties": {"resource_id": 271, "resource_name": "Fallback Hospital or Medical Center 271", "resource_type": "hospital", "address": "1828 Example Ave", "city": "Whittier", "source_agency": "LA County / HIFLD style", "source_status": "simulated_fallback_due_download_missing_or_unavailable"}}, {"type": "Feature", "geometry": {"type": "Point", "coordinates": [-117.812407, 33.832973]}, "properties": {"resource_id": 272, "resource_name": "Fallback Hospital or Medical Center 272", "resource_type": "hospital", "address": "288 Example Ave", "city": "Torrance", "source_agency": "LA County / HIFLD style", "source_status": "simulated_fallback_due_download_missing_or_unavailable"}}, {"type": "Feature", "geometry": {"type": "Point", "coordinates": [-118.429821, 34.001061]}, "properties": {"resource_id": 273, "resource_name": "Fallback Hospital or Medical Center 273", "resource_type": "hospital", "address": "7588 Example Ave", "city": "Whittier", "source_agency": "LA County / HIFLD style", "source_status": "simulated_fallback_due_download_missing_or_unavailable"}}, {"type": "Feature", "geometry": {"type": "Point", "coordinates": [-118.395359, 34.294141]}, "properties": {"resource_id": 274, "resource_name": "Fallback Hospital or Medical Center 274", "resource_type": "hospital", "address": "9478 Example Ave", "city": "Whittier", "source_agency": "LA County / HIFLD style", "source_status": "simulated_fallback_due_download_missing_or_unavailable"}}, {"type": "Feature", "geometry": {"type": "Point", "coordinates": [-118.453047, 34.415868]}, "properties": {"resource_id": 275, "resource_name": "Fallback Hospital or Medical Center 275", "resource_type": "hospital", "address": "4447 Example Ave", "city": "Long Beach", "source_agency": "LA County / HIFLD style", "source_status": "simulated_fallback_due_download_missing_or_unavailable"}}, {"type": "Feature", "geometry": {"type": "Point", "coordinates": [-118.135824, 34.081835]}, "properties": {"resource_id": 276, "resource_name": "Fallback Hospital or Medical Center 276", "resource_type": "hospital", "address": "3471 Example Ave", "city": "Los Angeles", "source_agency": "LA County / HIFLD style", "source_status": "simulated_fallback_due_download_missing_or_unavailable"}}, {"type": "Feature", "geometry": {"type": "Point", "coordinates": [-118.51353, 33.864389]}, "properties": {"resource_id": 277, "resource_name": "Fallback Hospital or Medical Center 277", "resource_type": "hospital", "address": "7185 Example Ave", "city": "Burbank", "source_agency": "LA County / HIFLD style", "source_status": "simulated_fallback_due_download_missing_or_unavailable"}}, {"type": "Feature", "geometry": {"type": "Point", "coordinates": [-118.408423, 34.183027]}, "properties": {"resource_id": 278, "resource_name": "Fallback Hospital or Medical Center 278", "resource_type": "hospital", "address": "4408 Example Ave", "city": "Long Beach", "source_agency": "LA County / HIFLD style", "source_status": "simulated_fallback_due_download_missing_or_unavailable"}}, {"type": "Feature", "geometry": {"type": "Point", "coordinates": [-118.333173, 34.089718]}, "properties": {"resource_id": 279, "resource_name": "Fallback Hospital or Medical Center 279", "resource_type": "hospital", "address": "6486 Example Ave", "city": "Glendale", "source_agency": "LA County / HIFLD style", "source_status": "simulated_fallback_due_download_missing_or_unavailable"}}, {"type": "Feature", "geometry": {"type": "Point", "coordinates": [-118.09153, 33.711757]}, "properties": {"resource_id": 280, "resource_name": "Fallback Hospital or Medical Center 280", "resource_type": "hospital", "address": "8202 Example Ave", "city": "Lancaster", "source_agency": "LA County / HIFLD style", "source_status": "simulated_fallback_due_download_missing_or_unavailable"}}, {"type": "Feature", "geometry": {"type": "Point", "coordinates": [-118.431344, 34.200844]}, "properties": {"resource_id": 281, "resource_name": "Fallback Hospital or Medical Center 281", "resource_type": "hospital", "address": "6160 Example Ave", "city": "Los Angeles", "source_agency": "LA County / HIFLD style", "source_status": "simulated_fallback_due_download_missing_or_unavailable"}}]}