{"type": "FeatureCollection", "crs": {"type": "name", "properties": {"name": "EPSG:4326"}}, "features": [{"type": "Feature", "properties": {"OBJECTID": 1, "LS_ID": "FALLBACK_LSI_0001", "COUNTY": "Los Angeles", "ZONE_NAME": "Angeles National Forest", "LANDSLIDE_TYPE": "earth flow", "CONFIDENCE": "low", "ACTIVITY": "dormant", "YEAR_MAPPED": 2012, "AREA_SQKM_EST": 1.2557, "source_dataset": "California Geological Survey Landslide Inventory", "source_status": "simulated_fallback_due_ssl_download_failure", "data_use_note": "Not official CGS data; same-format fallback for course reproducibility."}, "geometry": {"type": "Polygon", "coordinates": [[[-118.155022, 34.292977], [-118.142503, 34.292977], [-118.142503, 34.301118], [-118.155022, 34.301118], [-118.155022, 34.292977]]]}}, {"type": "Feature", "properties": {"OBJECTID": 2, "LS_ID": "FALLBACK_LSI_0002", "COUNTY": "Los Angeles", "ZONE_NAME": "San Gabriel Mountains", "LANDSLIDE_TYPE": "earth flow", "CONFIDENCE": "low", "ACTIVITY": "historic", "YEAR_MAPPED": 1977, "AREA_SQKM_EST": 1.4213, "source_dataset": "California Geological Survey Landslide Inventory", "source_status": "simulated_fallback_due_ssl_download_failure", "data_use_note": "Not official CGS data; same-format fallback for course reproducibility."}, "geometry": {"type": "Polygon", "coordinates": [[[-118.062458, 34.260058], [-118.050127, 34.260058], [-118.050127, 34.269413], [-118.062458, 34.269413], [-118.062458, 34.260058]]]}}, {"type": "Feature", "properties": {"OBJECTID": 3, "LS_ID": "FALLBACK_LSI_0003", "COUNTY": "Los Angeles", "ZONE_NAME": "San Gabriel Mountains", "LANDSLIDE_TYPE": "deep-seated landslide", "CONFIDENCE": "moderate", "ACTIVITY": "dormant", "YEAR_MAPPED": 1993, "AREA_SQKM_EST": 4.8524, "source_dataset": "California Geological Survey Landslide Inventory", "source_status": "simulated_fallback_due_ssl_download_failure", "data_use_note": "Not official CGS data; same-format fallback for course reproducibility."}, "geometry": {"type": "Polygon", "coordinates": [[[-118.078806, 34.258384], [-118.05586, 34.258384], [-118.05586, 34.275547], [-118.078806, 34.275547], [-118.078806, 34.258384]]]}}, {"type": "Feature", "properties": {"OBJECTID": 4, "LS_ID": "FALLBACK_LSI_0004", "COUNTY": "Los Angeles", "ZONE_NAME": "San Gabriel Mountains", "LANDSLIDE_TYPE": "earth flow", "CONFIDENCE": "high", "ACTIVITY": "active", "YEAR_MAPPED": 2021, "AREA_SQKM_EST": 3.0878, "source_dataset": "California Geological Survey Landslide Inventory", "source_status": "simulated_fallback_due_ssl_download_failure", "data_use_note": "Not official CGS data; same-format fallback for course reproducibility."}, "geometry": {"type": "Polygon", "coordinates": [[[-118.094707, 34.278826], [-118.070767, 34.278826], [-118.070767, 34.289294], [-118.094707, 34.289294], [-118.094707, 34.278826]]]}}, {"type": "Feature", "properties": {"OBJECTID": 5, "LS_ID": "FALLBACK_LSI_0005", "COUNTY": "Los Angeles", "ZONE_NAME": "Santa Monica Mountains", "LANDSLIDE_TYPE": "earth flow", "CONFIDENCE": "moderate", "ACTIVITY": "historic", "YEAR_MAPPED": 1993, "AREA_SQKM_EST": 2.0862, "source_dataset": "California Geological Survey Landslide Inventory", "source_status": "simulated_fallback_due_ssl_download_failure", "data_use_note": "Not official CGS data; same-format fallback for course reproducibility."}, "geometry": {"type": "Polygon", "coordinates": [[[-118.677801, 34.113314], [-118.657468, 34.113314], [-118.657468, 34.121641], [-118.677801, 34.121641], [-118.677801, 34.113314]]]}}, {"type": "Feature", "properties": {"OBJECTID": 6, "LS_ID": "FALLBACK_LSI_0006", "COUNTY": "Los Angeles", "ZONE_NAME": "San Gabriel Mountains", "LANDSLIDE_TYPE": "rock slide", "CONFIDENCE": "high", "ACTIVITY": "active", "YEAR_MAPPED": 2005, "AREA_SQKM_EST": 1.1298, "source_dataset": "California Geological Survey Landslide Inventory", "source_status": "simulated_fallback_due_ssl_download_failure", "data_use_note": "Not official CGS data; same-format fallback for course reproducibility."}, "geometry": {"type": "Polygon", "coordinates": [[[-117.989169, 34.283852], [-117.975, 34.283852], [-117.975, 34.290324], [-117.989169, 34.290324], [-117.989169, 34.283852]]]}}, {"type": "Feature", "properties": {"OBJECTID": 7, "LS_ID": "FALLBACK_LSI_0007", "COUNTY": "Los Angeles", "ZONE_NAME": "Palos Verdes Peninsula", "LANDSLIDE_TYPE": "deep-seated landslide", "CONFIDENCE": "low", "ACTIVITY": "active", "YEAR_MAPPED": 2009, "AREA_SQKM_EST": 1.1878, "source_dataset": "California Geological Survey Landslide Inventory", "source_status": "simulated_fallback_due_ssl_download_failure", "data_use_note": "Not official CGS data; same-format fallback for course reproducibility."}, "geometry": {"type": "Polygon", "coordinates": [[[-118.367678, 33.72431], [-118.354403, 33.72431], [-118.354403, 33.731571], [-118.367678, 33.731571], [-118.367678, 33.72431]]]}}, {"type": "Feature", "properties": {"OBJECTID": 8, "LS_ID": "FALLBACK_LSI_0008", "COUNTY": "Los Angeles", "ZONE_NAME": "Angeles National Forest", "LANDSLIDE_TYPE": "rock slide", "CONFIDENCE": "high", "ACTIVITY": "dormant", "YEAR_MAPPED": 1979, "AREA_SQKM_EST": 0.8173, "source_dataset": "California Geological Survey Landslide Inventory", "source_status": "simulated_fallback_due_ssl_download_failure", "data_use_note": "Not official CGS data; same-format fallback for course reproducibility."}, "geometry": {"type": "Polygon", "coordinates": [[[-118.236204, 34.352632], [-118.226464, 34.352632], [-118.226464, 34.359443], [-118.236204, 34.359443], [-118.236204, 34.352632]]]}}, {"type": "Feature", "properties": {"OBJECTID": 9, "LS_ID": "FALLBACK_LSI_0009", "COUNTY": "Los Angeles", "ZONE_NAME": "Angeles National Forest", "LANDSLIDE_TYPE": "shallow landslide", "CONFIDENCE": "low", "ACTIVITY": "dormant", "YEAR_MAPPED": 2011, "AREA_SQKM_EST": 1.0327, "source_dataset": "California Geological Survey Landslide Inventory", "source_status": "simulated_fallback_due_ssl_download_failure", "data_use_note": "Not official CGS data; same-format fallback for course reproducibility."}, "geometry": {"type": "Polygon", "coordinates": [[[-118.171788, 34.367517], [-118.159096, 34.367517], [-118.159096, 34.37412], [-118.171788, 34.37412], [-118.171788, 34.367517]]]}}, {"type": "Feature", "properties": {"OBJECTID": 10, "LS_ID": "FALLBACK_LSI_0010", "COUNTY": "Los Angeles", "ZONE_NAME": "Angeles National Forest", "LANDSLIDE_TYPE": "debris flow", "CONFIDENCE": "moderate", "ACTIVITY": "active", "YEAR_MAPPED": 1997, "AREA_SQKM_EST": 1.2233, "source_dataset": "California Geological Survey Landslide Inventory", "source_status": "simulated_fallback_due_ssl_download_failure", "data_use_note": "Not official CGS data; same-format fallback for course reproducibility."}, "geometry": {"type": "Polygon", "coordinates": [[[-118.183266, 34.293616], [-118.16941, 34.293616], [-118.16941, 34.300781], [-118.183266, 34.300781], [-118.183266, 34.293616]]]}}, {"type": "Feature", "properties": {"OBJECTID": 11, "LS_ID": "FALLBACK_LSI_0011", "COUNTY": "Los Angeles", "ZONE_NAME": "Santa Monica Mountains", "LANDSLIDE_TYPE": "rock slide", "CONFIDENCE": "high", "ACTIVITY": "historic", "YEAR_MAPPED": 2018, "AREA_SQKM_EST": 3.4377, "source_dataset": "California Geological Survey Landslide Inventory", "source_status": "simulated_fallback_due_ssl_download_failure", "data_use_note": "Not official CGS data; same-format fallback for course reproducibility."}, "geometry": {"type": "Polygon", "coordinates": [[[-118.669222, 34.070717], [-118.650872, 34.070717], [-118.650872, 34.085922], [-118.669222, 34.085922], [-118.669222, 34.070717]]]}}, {"type": "Feature", "properties": {"OBJECTID": 12, "LS_ID": "FALLBACK_LSI_0012", "COUNTY": "Los Angeles", "ZONE_NAME": "Palos Verdes Peninsula", "LANDSLIDE_TYPE": "earth flow", "CONFIDENCE": "moderate", "ACTIVITY": "historic", "YEAR_MAPPED": 2012, "AREA_SQKM_EST": 2.4069, "source_dataset": "California Geological Survey Landslide Inventory", "source_status": "simulated_fallback_due_ssl_download_failure", "data_use_note": "Not official CGS data; same-format fallback for course reproducibility."}, "geometry": {"type": "Polygon", "coordinates": [[[-118.417415, 33.724709], [-118.404338, 33.724709], [-118.404338, 33.739647], [-118.417415, 33.739647], [-118.417415, 33.724709]]]}}, {"type": "Feature", "properties": {"OBJECTID": 13, "LS_ID": "FALLBACK_LSI_0013", "COUNTY": "Los Angeles", "ZONE_NAME": "San Gabriel Mountains", "LANDSLIDE_TYPE": "earth flow", "CONFIDENCE": "low", "ACTIVITY": "historic", "YEAR_MAPPED": 2021, "AREA_SQKM_EST": 1.228, "source_dataset": "California Geological Survey Landslide Inventory", "source_status": "simulated_fallback_due_ssl_download_failure", "data_use_note": "Not official CGS data; same-format fallback for course reproducibility."}, "geometry": {"type": "Polygon", "coordinates": [[[-117.923811, 34.243629], [-117.911291, 34.243629], [-117.911291, 34.25159], [-117.923811, 34.25159], [-117.923811, 34.243629]]]}}, {"type": "Feature", "properties": {"OBJECTID": 14, "LS_ID": "FALLBACK_LSI_0014", "COUNTY": "Los Angeles", "ZONE_NAME": "San Gabriel Mountains", "LANDSLIDE_TYPE": "earth flow", "CONFIDENCE": "low", "ACTIVITY": "dormant", "YEAR_MAPPED": 2019, "AREA_SQKM_EST": 1.1015, "source_dataset": "California Geological Survey Landslide Inventory", "source_status": "simulated_fallback_due_ssl_download_failure", "data_use_note": "Not official CGS data; same-format fallback for course reproducibility."}, "geometry": {"type": "Polygon", "coordinates": [[[-118.005862, 34.181593], [-118.00014, 34.181593], [-118.00014, 34.197217], [-118.005862, 34.197217], [-118.005862, 34.181593]]]}}, {"type": "Feature", "properties": {"OBJECTID": 15, "LS_ID": "FALLBACK_LSI_0015", "COUNTY": "Los Angeles", "ZONE_NAME": "Palos Verdes Peninsula", "LANDSLIDE_TYPE": "deep-seated landslide", "CONFIDENCE": "high", "ACTIVITY": "historic", "YEAR_MAPPED": 2017, "AREA_SQKM_EST": 2.1749, "source_dataset": "California Geological Survey Landslide Inventory", "source_status": "simulated_fallback_due_ssl_download_failure", "data_use_note": "Not official CGS data; same-format fallback for course reproducibility."}, "geometry": {"type": "Polygon", "coordinates": [[[-118.389019, 33.760535], [-118.366667, 33.760535], [-118.366667, 33.768432], [-118.389019, 33.768432], [-118.389019, 33.760535]]]}}, {"type": "Feature", "properties": {"OBJECTID": 16, "LS_ID": "FALLBACK_LSI_0016", "COUNTY": "Los Angeles", "ZONE_NAME": "Palos Verdes Peninsula", "LANDSLIDE_TYPE": "shallow landslide", "CONFIDENCE": "moderate", "ACTIVITY": "active", "YEAR_MAPPED": 1993, "AREA_SQKM_EST": 0.8232, "source_dataset": "California Geological Survey Landslide Inventory", "source_status": "simulated_fallback_due_ssl_download_failure", "data_use_note": "Not official CGS data; same-format fallback for course reproducibility."}, "geometry": {"type": "Polygon", "coordinates": [[[-118.386957, 33.768852], [-118.37554, 33.768852], [-118.37554, 33.774703], [-118.386957, 33.774703], [-118.386957, 33.768852]]]}}, {"type": "Feature", "properties": {"OBJECTID": 17, "LS_ID": "FALLBACK_LSI_0017", "COUNTY": "Los Angeles", "ZONE_NAME": "Angeles National Forest", "LANDSLIDE_TYPE": "earth flow", "CONFIDENCE": "moderate", "ACTIVITY": "historic", "YEAR_MAPPED": 2007, "AREA_SQKM_EST": 1.7784, "source_dataset": "California Geological Survey Landslide Inventory", "source_status": "simulated_fallback_due_ssl_download_failure", "data_use_note": "Not official CGS data; same-format fallback for course reproducibility."}, "geometry": {"type": "Polygon", "coordinates": [[[-118.154108, 34.295522], [-118.145389, 34.295522], [-118.145389, 34.312076], [-118.154108, 34.312076], [-118.154108, 34.295522]]]}}, {"type": "Feature", "properties": {"OBJECTID": 18, "LS_ID": "FALLBACK_LSI_0018", "COUNTY": "Los Angeles", "ZONE_NAME": "Santa Monica Mountains", "LANDSLIDE_TYPE": "rock slide", "CONFIDENCE": "low", "ACTIVITY": "dormant", "YEAR_MAPPED": 1979, "AREA_SQKM_EST": 0.6111, "source_dataset": "California Geological Survey Landslide Inventory", "source_status": "simulated_fallback_due_ssl_download_failure", "data_use_note": "Not official CGS data; same-format fallback for course reproducibility."}, "geometry": {"type": "Polygon", "coordinates": [[[-118.669838, 34.066323], [-118.664589, 34.066323], [-118.664589, 34.075773], [-118.669838, 34.075773], [-118.669838, 34.066323]]]}}, {"type": "Feature", "properties": {"OBJECTID": 19, "LS_ID": "FALLBACK_LSI_0019", "COUNTY": "Los Angeles", "ZONE_NAME": "San Gabriel Mountains", "LANDSLIDE_TYPE": "earth flow", "CONFIDENCE": "moderate", "ACTIVITY": "dormant", "YEAR_MAPPED": 2023, "AREA_SQKM_EST": 2.6406, "source_dataset": "California Geological Survey Landslide Inventory", "source_status": "simulated_fallback_due_ssl_download_failure", "data_use_note": "Not official CGS data; same-format fallback for course reproducibility."}, "geometry": {"type": "Polygon", "coordinates": [[[-118.068228, 34.203609], [-118.045555, 34.203609], [-118.045555, 34.213061], [-118.068228, 34.213061], [-118.068228, 34.203609]]]}}, {"type": "Feature", "properties": {"OBJECTID": 20, "LS_ID": "FALLBACK_LSI_0020", "COUNTY": "Los Angeles", "ZONE_NAME": "Angeles National Forest", "LANDSLIDE_TYPE": "shallow landslide", "CONFIDENCE": "high", "ACTIVITY": "historic", "YEAR_MAPPED": 2002, "AREA_SQKM_EST": 5.6171, "source_dataset": "California Geological Survey Landslide Inventory", "source_status": "simulated_fallback_due_ssl_download_failure", "data_use_note": "Not official CGS data; same-format fallback for course reproducibility."}, "geometry": {"type": "Polygon", "coordinates": [[[-118.235007, 34.282462], [-118.211456, 34.282462], [-118.211456, 34.30182], [-118.235007, 34.30182], [-118.235007, 34.282462]]]}}, {"type": "Feature", "properties": {"OBJECTID": 21, "LS_ID": "FALLBACK_LSI_0021", "COUNTY": "Los Angeles", "ZONE_NAME": "San Gabriel Mountains", "LANDSLIDE_TYPE": "rock slide", "CONFIDENCE": "low", "ACTIVITY": "dormant", "YEAR_MAPPED": 2021, "AREA_SQKM_EST": 1.689, "source_dataset": "California Geological Survey Landslide Inventory", "source_status": "simulated_fallback_due_ssl_download_failure", "data_use_note": "Not official CGS data; same-format fallback for course reproducibility."}, "geometry": {"type": "Polygon", "coordinates": [[[-118.066937, 34.221814], [-118.059249, 34.221814], [-118.059249, 34.239645], [-118.066937, 34.239645], [-118.066937, 34.221814]]]}}, {"type": "Feature", "properties": {"OBJECTID": 22, "LS_ID": "FALLBACK_LSI_0022", "COUNTY": "Los Angeles", "ZONE_NAME": "San Gabriel Mountains", "LANDSLIDE_TYPE": "shallow landslide", "CONFIDENCE": "moderate", "ACTIVITY": "historic", "YEAR_MAPPED": 1993, "AREA_SQKM_EST": 4.141, "source_dataset": "California Geological Survey Landslide Inventory", "source_status": "simulated_fallback_due_ssl_download_failure", "data_use_note": "Not official CGS data; same-format fallback for course reproducibility."}, "geometry": {"type": "Polygon", "coordinates": [[[-118.083755, 34.249361], [-118.060088, 34.249361], [-118.060088, 34.263562], [-118.083755, 34.263562], [-118.083755, 34.249361]]]}}, {"type": "Feature", "properties": {"OBJECTID": 23, "LS_ID": "FALLBACK_LSI_0023", "COUNTY": "Los Angeles", "ZONE_NAME": "Palos Verdes Peninsula", "LANDSLIDE_TYPE": "rock slide", "CONFIDENCE": "low", "ACTIVITY": "dormant", "YEAR_MAPPED": 2023, "AREA_SQKM_EST": 0.8199, "source_dataset": "California Geological Survey Landslide Inventory", "source_status": "simulated_fallback_due_ssl_download_failure", "data_use_note": "Not official CGS data; same-format fallback for course reproducibility."}, "geometry": {"type": "Polygon", "coordinates": [[[-118.340976, 33.716615], [-118.332357, 33.716615], [-118.332357, 33.724336], [-118.340976, 33.724336], [-118.340976, 33.716615]]]}}, {"type": "Feature", "properties": {"OBJECTID": 24, "LS_ID": "FALLBACK_LSI_0024", "COUNTY": "Los Angeles", "ZONE_NAME": "Angeles National Forest", "LANDSLIDE_TYPE": "earth flow", "CONFIDENCE": "moderate", "ACTIVITY": "historic", "YEAR_MAPPED": 2004, "AREA_SQKM_EST": 3.4318, "source_dataset": "California Geological Survey Landslide Inventory", "source_status": "simulated_fallback_due_ssl_download_failure", "data_use_note": "Not official CGS data; same-format fallback for course reproducibility."}, "geometry": {"type": "Polygon", "coordinates": [[[-118.223527, 34.368137], [-118.199831, 34.368137], [-118.199831, 34.379892], [-118.223527, 34.379892], [-118.223527, 34.368137]]]}}, {"type": "Feature", "properties": {"OBJECTID": 25, "LS_ID": "FALLBACK_LSI_0025", "COUNTY": "Los Angeles", "ZONE_NAME": "Santa Monica Mountains", "LANDSLIDE_TYPE": "earth flow", "CONFIDENCE": "high", "ACTIVITY": "dormant", "YEAR_MAPPED": 1984, "AREA_SQKM_EST": 3.8116, "source_dataset": "California Geological Survey Landslide Inventory", "source_status": "simulated_fallback_due_ssl_download_failure", "data_use_note": "Not official CGS data; same-format fallback for course reproducibility."}, "geometry": {"type": "Polygon", "coordinates": [[[-118.67616, 34.095812], [-118.652492, 34.095812], [-118.652492, 34.108883], [-118.67616, 34.108883], [-118.67616, 34.095812]]]}}, {"type": "Feature", "properties": {"OBJECTID": 26, "LS_ID": "FALLBACK_LSI_0026", "COUNTY": "Los Angeles", "ZONE_NAME": "Angeles National Forest", "LANDSLIDE_TYPE": "earth flow", "CONFIDENCE": "low", "ACTIVITY": "active", "YEAR_MAPPED": 2022, "AREA_SQKM_EST": 2.2865, "source_dataset": "California Geological Survey Landslide Inventory", "source_status": "simulated_fallback_due_ssl_download_failure", "data_use_note": "Not official CGS data; same-format fallback for course reproducibility."}, "geometry": {"type": "Polygon", "coordinates": [[[-118.210517, 34.282541], [-118.193816, 34.282541], [-118.193816, 34.293653], [-118.210517, 34.293653], [-118.210517, 34.282541]]]}}, {"type": "Feature", "properties": {"OBJECTID": 27, "LS_ID": "FALLBACK_LSI_0027", "COUNTY": "Los Angeles", "ZONE_NAME": "Santa Monica Mountains", "LANDSLIDE_TYPE": "rock slide", "CONFIDENCE": "high", "ACTIVITY": "unknown", "YEAR_MAPPED": 1981, "AREA_SQKM_EST": 3.37, "source_dataset": "California Geological Survey Landslide Inventory", "source_status": "simulated_fallback_due_ssl_download_failure", "data_use_note": "Not official CGS data; same-format fallback for course reproducibility."}, "geometry": {"type": "Polygon", "coordinates": [[[-118.763953, 34.076681], [-118.745698, 34.076681], [-118.745698, 34.091664], [-118.763953, 34.091664], [-118.763953, 34.076681]]]}}, {"type": "Feature", "properties": {"OBJECTID": 28, "LS_ID": "FALLBACK_LSI_0028", "COUNTY": "Los Angeles", "ZONE_NAME": "Palos Verdes Peninsula", "LANDSLIDE_TYPE": "shallow landslide", "CONFIDENCE": "low", "ACTIVITY": "dormant", "YEAR_MAPPED": 1987, "AREA_SQKM_EST": 1.1556, "source_dataset": "California Geological Survey Landslide Inventory", "source_status": "simulated_fallback_due_ssl_download_failure", "data_use_note": "Not official CGS data; same-format fallback for course reproducibility."}, "geometry": {"type": "Polygon", "coordinates": [[[-118.34478, 33.752083], [-118.337498, 33.752083], [-118.337498, 33.764963], [-118.34478, 33.764963], [-118.34478, 33.752083]]]}}, {"type": "Feature", "properties": {"OBJECTID": 29, "LS_ID": "FALLBACK_LSI_0029", "COUNTY": "Los Angeles", "ZONE_NAME": "San Gabriel Mountains", "LANDSLIDE_TYPE": "deep-seated landslide", "CONFIDENCE": "high", "ACTIVITY": "dormant", "YEAR_MAPPED": 1978, "AREA_SQKM_EST": 3.5229, "source_dataset": "California Geological Survey Landslide Inventory", "source_status": "simulated_fallback_due_ssl_download_failure", "data_use_note": "Not official CGS data; same-format fallback for course reproducibility."}, "geometry": {"type": "Polygon", "coordinates": [[[-118.074311, 34.223899], [-118.054026, 34.223899], [-118.054026, 34.237995], [-118.074311, 34.237995], [-118.074311, 34.223899]]]}}, {"type": "Feature", "properties": {"OBJECTID": 30, "LS_ID": "FALLBACK_LSI_0030", "COUNTY": "Los Angeles", "ZONE_NAME": "Santa Monica Mountains", "LANDSLIDE_TYPE": "debris flow", "CONFIDENCE": "high", "ACTIVITY": "unknown", "YEAR_MAPPED": 1995, "AREA_SQKM_EST": 1.5326, "source_dataset": "California Geological Survey Landslide Inventory", "source_status": "simulated_fallback_due_ssl_download_failure", "data_use_note": "Not official CGS data; same-format fallback for course reproducibility."}, "geometry": {"type": "Polygon", "coordinates": [[[-118.675532, 34.090234], [-118.662699, 34.090234], [-118.662699, 34.099927], [-118.675532, 34.099927], [-118.675532, 34.090234]]]}}, {"type": "Feature", "properties": {"OBJECTID": 31, "LS_ID": "FALLBACK_LSI_0031", "COUNTY": "Los Angeles", "ZONE_NAME": "Palos Verdes Peninsula", "LANDSLIDE_TYPE": "debris flow", "CONFIDENCE": "low", "ACTIVITY": "dormant", "YEAR_MAPPED": 2022, "AREA_SQKM_EST": 2.8108, "source_dataset": "California Geological Survey Landslide Inventory", "source_status": "simulated_fallback_due_ssl_download_failure", "data_use_note": "Not official CGS data; same-format fallback for course reproducibility."}, "geometry": {"type": "Polygon", "coordinates": [[[-118.404798, 33.766781], [-118.386577, 33.766781], [-118.386577, 33.779302], [-118.404798, 33.779302], [-118.404798, 33.766781]]]}}, {"type": "Feature", "properties": {"OBJECTID": 32, "LS_ID": "FALLBACK_LSI_0032", "COUNTY": "Los Angeles", "ZONE_NAME": "Angeles National Forest", "LANDSLIDE_TYPE": "debris flow", "CONFIDENCE": "high", "ACTIVITY": "dormant", "YEAR_MAPPED": 1983, "AREA_SQKM_EST": 2.7226, "source_dataset": "California Geological Survey Landslide Inventory", "source_status": "simulated_fallback_due_ssl_download_failure", "data_use_note": "Not official CGS data; same-format fallback for course reproducibility."}, "geometry": {"type": "Polygon", "coordinates": [[[-118.136779, 34.346392], [-118.120709, 34.346392], [-118.120709, 34.360142], [-118.136779, 34.360142], [-118.136779, 34.346392]]]}}, {"type": "Feature", "properties": {"OBJECTID": 33, "LS_ID": "FALLBACK_LSI_0033", "COUNTY": "Los Angeles", "ZONE_NAME": "Palos Verdes Peninsula", "LANDSLIDE_TYPE": "rock slide", "CONFIDENCE": "moderate", "ACTIVITY": "historic", "YEAR_MAPPED": 1995, "AREA_SQKM_EST": 1.3262, "source_dataset": "California Geological Survey Landslide Inventory", "source_status": "simulated_fallback_due_ssl_download_failure", "data_use_note": "Not official CGS data; same-format fallback for course reproducibility."}, "geometry": {"type": "Polygon", "coordinates": [[[-118.392894, 33.760973], [-118.386524, 33.760973], [-118.386524, 33.77787], [-118.392894, 33.77787], [-118.392894, 33.760973]]]}}, {"type": "Feature", "properties": {"OBJECTID": 34, "LS_ID": "FALLBACK_LSI_0034", "COUNTY": "Los Angeles", "ZONE_NAME": "Angeles National Forest", "LANDSLIDE_TYPE": "earth flow", "CONFIDENCE": "moderate", "ACTIVITY": "dormant", "YEAR_MAPPED": 2000, "AREA_SQKM_EST": 5.4152, "source_dataset": "California Geological Survey Landslide Inventory", "source_status": "simulated_fallback_due_ssl_download_failure", "data_use_note": "Not official CGS data; same-format fallback for course reproducibility."}, "geometry": {"type": "Polygon", "coordinates": [[[-118.207943, 34.29184], [-118.185173, 34.29184], [-118.185173, 34.311142], [-118.207943, 34.311142], [-118.207943, 34.29184]]]}}, {"type": "Feature", "properties": {"OBJECTID": 35, "LS_ID": "FALLBACK_LSI_0035", "COUNTY": "Los Angeles", "ZONE_NAME": "Palos Verdes Peninsula", "LANDSLIDE_TYPE": "debris flow", "CONFIDENCE": "high", "ACTIVITY": "active", "YEAR_MAPPED": 2017, "AREA_SQKM_EST": 3.9338, "source_dataset": "California Geological Survey Landslide Inventory", "source_status": "simulated_fallback_due_ssl_download_failure", "data_use_note": "Not official CGS data; same-format fallback for course reproducibility."}, "geometry": {"type": "Polygon", "coordinates": [[[-118.373674, 33.7817], [-118.352963, 33.7817], [-118.352963, 33.797115], [-118.373674, 33.797115], [-118.373674, 33.7817]]]}}, {"type": "Feature", "properties": {"OBJECTID": 36, "LS_ID": "FALLBACK_LSI_0036", "COUNTY": "Los Angeles", "ZONE_NAME": "San Gabriel Mountains", "LANDSLIDE_TYPE": "shallow landslide", "CONFIDENCE": "high", "ACTIVITY": "historic", "YEAR_MAPPED": 2006, "AREA_SQKM_EST": 1.7333, "source_dataset": "California Geological Survey Landslide Inventory", "source_status": "simulated_fallback_due_ssl_download_failure", "data_use_note": "Not official CGS data; same-format fallback for course reproducibility."}, "geometry": {"type": "Polygon", "coordinates": [[[-118.223169, 34.204504], [-118.208054, 34.204504], [-118.208054, 34.213811], [-118.223169, 34.213811], [-118.223169, 34.204504]]]}}, {"type": "Feature", "properties": {"OBJECTID": 37, "LS_ID": "FALLBACK_LSI_0037", "COUNTY": "Los Angeles", "ZONE_NAME": "Santa Monica Mountains", "LANDSLIDE_TYPE": "earth flow", "CONFIDENCE": "moderate", "ACTIVITY": "dormant", "YEAR_MAPPED": 1993, "AREA_SQKM_EST": 2.1727, "source_dataset": "California Geological Survey Landslide Inventory", "source_status": "simulated_fallback_due_ssl_download_failure", "data_use_note": "Not official CGS data; same-format fallback for course reproducibility."}, "geometry": {"type": "Polygon", "coordinates": [[[-118.772758, 34.060938], [-118.749778, 34.060938], [-118.749778, 34.068612], [-118.772758, 34.068612], [-118.772758, 34.060938]]]}}, {"type": "Feature", "properties": {"OBJECTID": 38, "LS_ID": "FALLBACK_LSI_0038", "COUNTY": "Los Angeles", "ZONE_NAME": "Palos Verdes Peninsula", "LANDSLIDE_TYPE": "rock slide", "CONFIDENCE": "high", "ACTIVITY": "historic", "YEAR_MAPPED": 2003, "AREA_SQKM_EST": 1.0235, "source_dataset": "California Geological Survey Landslide Inventory", "source_status": "simulated_fallback_due_ssl_download_failure", "data_use_note": "Not official CGS data; same-format fallback for course reproducibility."}, "geometry": {"type": "Polygon", "coordinates": [[[-118.3754, 33.750843], [-118.365277, 33.750843], [-118.365277, 33.75905], [-118.3754, 33.75905], [-118.3754, 33.750843]]]}}, {"type": "Feature", "properties": {"OBJECTID": 39, "LS_ID": "FALLBACK_LSI_0039", "COUNTY": "Los Angeles", "ZONE_NAME": "Palos Verdes Peninsula", "LANDSLIDE_TYPE": "earth flow", "CONFIDENCE": "high", "ACTIVITY": "dormant", "YEAR_MAPPED": 2018, "AREA_SQKM_EST": 0.9549, "source_dataset": "California Geological Survey Landslide Inventory", "source_status": "simulated_fallback_due_ssl_download_failure", "data_use_note": "Not official CGS data; same-format fallback for course reproducibility."}, "geometry": {"type": "Polygon", "coordinates": [[[-118.414916, 33.751981], [-118.409582, 33.751981], [-118.409582, 33.766508], [-118.414916, 33.766508], [-118.414916, 33.751981]]]}}, {"type": "Feature", "properties": {"OBJECTID": 40, "LS_ID": "FALLBACK_LSI_0040", "COUNTY": "Los Angeles", "ZONE_NAME": "Palos Verdes Peninsula", "LANDSLIDE_TYPE": "earth flow", "CONFIDENCE": "low", "ACTIVITY": "dormant", "YEAR_MAPPED": 1988, "AREA_SQKM_EST": 2.3747, "source_dataset": "California Geological Survey Landslide Inventory", "source_status": "simulated_fallback_due_ssl_download_failure", "data_use_note": "Not official CGS data; same-format fallback for course reproducibility."}, "geometry": {"type": "Polygon", "coordinates": [[[-118.387035, 33.768145], [-118.367977, 33.768145], [-118.367977, 33.778257], [-118.387035, 33.778257], [-118.387035, 33.768145]]]}}, {"type": "Feature", "properties": {"OBJECTID": 41, "LS_ID": "FALLBACK_LSI_0041", "COUNTY": "Los Angeles", "ZONE_NAME": "San Gabriel Mountains", "LANDSLIDE_TYPE": "debris flow", "CONFIDENCE": "low", "ACTIVITY": "historic", "YEAR_MAPPED": 2000, "AREA_SQKM_EST": 0.9257, "source_dataset": "California Geological Survey Landslide Inventory", "source_status": "simulated_fallback_due_ssl_download_failure", "data_use_note": "Not official CGS data; same-format fallback for course reproducibility."}, "geometry": {"type": "Polygon", "coordinates": [[[-118.081267, 34.172402], [-118.070858, 34.172402], [-118.070858, 34.179619], [-118.081267, 34.179619], [-118.081267, 34.172402]]]}}, {"type": "Feature", "properties": {"OBJECTID": 42, "LS_ID": "FALLBACK_LSI_0042", "COUNTY": "Los Angeles", "ZONE_NAME": "Angeles National Forest", "LANDSLIDE_TYPE": "earth flow", "CONFIDENCE": "high", "ACTIVITY": "historic", "YEAR_MAPPED": 2010, "AREA_SQKM_EST": 1.5568, "source_dataset": "California Geological Survey Landslide Inventory", "source_status": "simulated_fallback_due_ssl_download_failure", "data_use_note": "Not official CGS data; same-format fallback for course reproducibility."}, "geometry": {"type": "Polygon", "coordinates": [[[-118.20095, 34.308269], [-118.182596, 34.308269], [-118.182596, 34.315154], [-118.20095, 34.315154], [-118.20095, 34.308269]]]}}, {"type": "Feature", "properties": {"OBJECTID": 43, "LS_ID": "FALLBACK_LSI_0043", "COUNTY": "Los Angeles", "ZONE_NAME": "Palos Verdes Peninsula", "LANDSLIDE_TYPE": "earth flow", "CONFIDENCE": "low", "ACTIVITY": "active", "YEAR_MAPPED": 2007, "AREA_SQKM_EST": 2.429, "source_dataset": "California Geological Survey Landslide Inventory", "source_status": "simulated_fallback_due_ssl_download_failure", "data_use_note": "Not official CGS data; same-format fallback for course reproducibility."}, "geometry": {"type": "Polygon", "coordinates": [[[-118.416999, 33.735216], [-118.405762, 33.735216], [-118.405762, 33.752761], [-118.416999, 33.752761], [-118.416999, 33.735216]]]}}, {"type": "Feature", "properties": {"OBJECTID": 44, "LS_ID": "FALLBACK_LSI_0044", "COUNTY": "Los Angeles", "ZONE_NAME": "Palos Verdes Peninsula", "LANDSLIDE_TYPE": "rock slide", "CONFIDENCE": "low", "ACTIVITY": "unknown", "YEAR_MAPPED": 1984, "AREA_SQKM_EST": 3.9546, "source_dataset": "California Geological Survey Landslide Inventory", "source_status": "simulated_fallback_due_ssl_download_failure", "data_use_note": "Not official CGS data; same-format fallback for course reproducibility."}, "geometry": {"type": "Polygon", "coordinates": [[[-118.381326, 33.758318], [-118.362351, 33.758318], [-118.362351, 33.775233], [-118.381326, 33.775233], [-118.381326, 33.758318]]]}}, {"type": "Feature", "properties": {"OBJECTID": 45, "LS_ID": "FALLBACK_LSI_0045", "COUNTY": "Los Angeles", "ZONE_NAME": "San Gabriel Mountains", "LANDSLIDE_TYPE": "earth flow", "CONFIDENCE": "high", "ACTIVITY": "active", "YEAR_MAPPED": 2002, "AREA_SQKM_EST": 0.687, "source_dataset": "California Geological Survey Landslide Inventory", "source_status": "simulated_fallback_due_ssl_download_failure", "data_use_note": "Not official CGS data; same-format fallback for course reproducibility."}, "geometry": {"type": "Polygon", "coordinates": [[[-118.074176, 34.230081], [-118.068354, 34.230081], [-118.068354, 34.239659], [-118.074176, 34.239659], [-118.074176, 34.230081]]]}}, {"type": "Feature", "properties": {"OBJECTID": 46, "LS_ID": "FALLBACK_LSI_0046", "COUNTY": "Los Angeles", "ZONE_NAME": "Angeles National Forest", "LANDSLIDE_TYPE": "deep-seated landslide", "CONFIDENCE": "moderate", "ACTIVITY": "active", "YEAR_MAPPED": 2026, "AREA_SQKM_EST": 2.514, "source_dataset": "California Geological Survey Landslide Inventory", "source_status": "simulated_fallback_due_ssl_download_failure", "data_use_note": "Not official CGS data; same-format fallback for course reproducibility."}, "geometry": {"type": "Polygon", "coordinates": [[[-118.216744, 34.348974], [-118.203874, 34.348974], [-118.203874, 34.364829], [-118.216744, 34.364829], [-118.216744, 34.348974]]]}}, {"type": "Feature", "properties": {"OBJECTID": 47, "LS_ID": "FALLBACK_LSI_0047", "COUNTY": "Los Angeles", "ZONE_NAME": "Palos Verdes Peninsula", "LANDSLIDE_TYPE": "deep-seated landslide", "CONFIDENCE": "high", "ACTIVITY": "unknown", "YEAR_MAPPED": 2022, "AREA_SQKM_EST": 2.426, "source_dataset": "California Geological Survey Landslide Inventory", "source_status": "simulated_fallback_due_ssl_download_failure", "data_use_note": "Not official CGS data; same-format fallback for course reproducibility."}, "geometry": {"type": "Polygon", "coordinates": [[[-118.394295, 33.765648], [-118.382752, 33.765648], [-118.382752, 33.782707], [-118.394295, 33.782707], [-118.394295, 33.765648]]]}}, {"type": "Feature", "properties": {"OBJECTID": 48, "LS_ID": "FALLBACK_LSI_0048", "COUNTY": "Los Angeles", "ZONE_NAME": "San Gabriel Mountains", "LANDSLIDE_TYPE": "deep-seated landslide", "CONFIDENCE": "moderate", "ACTIVITY": "unknown", "YEAR_MAPPED": 2019, "AREA_SQKM_EST": 2.0751, "source_dataset": "California Geological Survey Landslide Inventory", "source_status": "simulated_fallback_due_ssl_download_failure", "data_use_note": "Not official CGS data; same-format fallback for course reproducibility."}, "geometry": {"type": "Polygon", "coordinates": [[[-117.983377, 34.264092], [-117.97038, 34.264092], [-117.97038, 34.27705], [-117.983377, 34.27705], [-117.983377, 34.264092]]]}}, {"type": "Feature", "properties": {"OBJECTID": 49, "LS_ID": "FALLBACK_LSI_0049", "COUNTY": "Los Angeles", "ZONE_NAME": "Angeles National Forest", "LANDSLIDE_TYPE": "shallow landslide", "CONFIDENCE": "moderate", "ACTIVITY": "unknown", "YEAR_MAPPED": 1988, "AREA_SQKM_EST": 2.9415, "source_dataset": "California Geological Survey Landslide Inventory", "source_status": "simulated_fallback_due_ssl_download_failure", "data_use_note": "Not official CGS data; same-format fallback for course reproducibility."}, "geometry": {"type": "Polygon", "coordinates": [[[-118.262495, 34.344542], [-118.240656, 34.344542], [-118.240656, 34.355474], [-118.262495, 34.355474], [-118.262495, 34.344542]]]}}, {"type": "Feature", "properties": {"OBJECTID": 50, "LS_ID": "FALLBACK_LSI_0050", "COUNTY": "Los Angeles", "ZONE_NAME": "San Gabriel Mountains", "LANDSLIDE_TYPE": "earth flow", "CONFIDENCE": "moderate", "ACTIVITY": "unknown", "YEAR_MAPPED": 1999, "AREA_SQKM_EST": 1.094, "source_dataset": "California Geological Survey Landslide Inventory", "source_status": "simulated_fallback_due_ssl_download_failure", "data_use_note": "Not official CGS data; same-format fallback for course reproducibility."}, "geometry": {"type": "Polygon", "coordinates": [[[-117.919579, 34.251418], [-117.912768, 34.251418], [-117.912768, 34.264454], [-117.919579, 34.264454], [-117.919579, 34.251418]]]}}, {"type": "Feature", "properties": {"OBJECTID": 51, "LS_ID": "FALLBACK_LSI_0051", "COUNTY": "Los Angeles", "ZONE_NAME": "San Gabriel Mountains", "LANDSLIDE_TYPE": "earth flow", "CONFIDENCE": "low", "ACTIVITY": "dormant", "YEAR_MAPPED": 2000, "AREA_SQKM_EST": 3.038, "source_dataset": "California Geological Survey Landslide Inventory", "source_status": "simulated_fallback_due_ssl_download_failure", "data_use_note": "Not official CGS data; same-format fallback for course reproducibility."}, "geometry": {"type": "Polygon", "coordinates": [[[-117.954277, 34.241621], [-117.937746, 34.241621], [-117.937746, 34.256536], [-117.954277, 34.256536], [-117.954277, 34.241621]]]}}, {"type": "Feature", "properties": {"OBJECTID": 52, "LS_ID": "FALLBACK_LSI_0052", "COUNTY": "Los Angeles", "ZONE_NAME": "Palos Verdes Peninsula", "LANDSLIDE_TYPE": "earth flow", "CONFIDENCE": "high", "ACTIVITY": "unknown", "YEAR_MAPPED": 2005, "AREA_SQKM_EST": 2.9781, "source_dataset": "California Geological Survey Landslide Inventory", "source_status": "simulated_fallback_due_ssl_download_failure", "data_use_note": "Not official CGS data; same-format fallback for course reproducibility."}, "geometry": {"type": "Polygon", "coordinates": [[[-118.355326, 33.724527], [-118.339695, 33.724527], [-118.339695, 33.739991], [-118.355326, 33.739991], [-118.355326, 33.724527]]]}}, {"type": "Feature", "properties": {"OBJECTID": 53, "LS_ID": "FALLBACK_LSI_0053", "COUNTY": "Los Angeles", "ZONE_NAME": "San Gabriel Mountains", "LANDSLIDE_TYPE": "deep-seated landslide", "CONFIDENCE": "low", "ACTIVITY": "active", "YEAR_MAPPED": 2014, "AREA_SQKM_EST": 1.2003, "source_dataset": "California Geological Survey Landslide Inventory", "source_status": "simulated_fallback_due_ssl_download_failure", "data_use_note": "Not official CGS data; same-format fallback for course reproducibility."}, "geometry": {"type": "Polygon", "coordinates": [[[-118.037557, 34.204808], [-118.030473, 34.204808], [-118.030473, 34.21856], [-118.037557, 34.21856], [-118.037557, 34.204808]]]}}, {"type": "Feature", "properties": {"OBJECTID": 54, "LS_ID": "FALLBACK_LSI_0054", "COUNTY": "Los Angeles", "ZONE_NAME": "Santa Monica Mountains", "LANDSLIDE_TYPE": "rock slide", "CONFIDENCE": "moderate", "ACTIVITY": "active", "YEAR_MAPPED": 2013, "AREA_SQKM_EST": 0.6579, "source_dataset": "California Geological Survey Landslide Inventory", "source_status": "simulated_fallback_due_ssl_download_failure", "data_use_note": "Not official CGS data; same-format fallback for course reproducibility."}, "geometry": {"type": "Polygon", "coordinates": [[[-118.73002, 34.052384], [-118.724986, 34.052384], [-118.724986, 34.062993], [-118.73002, 34.062993], [-118.73002, 34.052384]]]}}, {"type": "Feature", "properties": {"OBJECTID": 55, "LS_ID": "FALLBACK_LSI_0055", "COUNTY": "Los Angeles", "ZONE_NAME": "Angeles National Forest", "LANDSLIDE_TYPE": "debris flow", "CONFIDENCE": "moderate", "ACTIVITY": "active", "YEAR_MAPPED": 2005, "AREA_SQKM_EST": 0.8654, "source_dataset": "California Geological Survey Landslide Inventory", "source_status": "simulated_fallback_due_ssl_download_failure", "data_use_note": "Not official CGS data; same-format fallback for course reproducibility."}, "geometry": {"type": "Polygon", "coordinates": [[[-118.172423, 34.33037], [-118.16114, 34.33037], [-118.16114, 34.336595], [-118.172423, 34.336595], [-118.172423, 34.33037]]]}}, {"type": "Feature", "properties": {"OBJECTID": 56, "LS_ID": "FALLBACK_LSI_0056", "COUNTY": "Los Angeles", "ZONE_NAME": "Santa Monica Mountains", "LANDSLIDE_TYPE": "debris flow", "CONFIDENCE": "high", "ACTIVITY": "dormant", "YEAR_MAPPED": 1976, "AREA_SQKM_EST": 1.3632, "source_dataset": "California Geological Survey Landslide Inventory", "source_status": "simulated_fallback_due_ssl_download_failure", "data_use_note": "Not official CGS data; same-format fallback for course reproducibility."}, "geometry": {"type": "Polygon", "coordinates": [[[-118.63, 34.066585], [-118.619741, 34.066585], [-118.619741, 34.077369], [-118.63, 34.077369], [-118.63, 34.066585]]]}}, {"type": "Feature", "properties": {"OBJECTID": 57, "LS_ID": "FALLBACK_LSI_0057", "COUNTY": "Los Angeles", "ZONE_NAME": "Santa Monica Mountains", "LANDSLIDE_TYPE": "deep-seated landslide", "CONFIDENCE": "low", "ACTIVITY": "dormant", "YEAR_MAPPED": 2000, "AREA_SQKM_EST": 2.0129, "source_dataset": "California Geological Survey Landslide Inventory", "source_status": "simulated_fallback_due_ssl_download_failure", "data_use_note": "Not official CGS data; same-format fallback for course reproducibility."}, "geometry": {"type": "Polygon", "coordinates": [[[-118.758943, 34.071604], [-118.743787, 34.071604], [-118.743787, 34.082384], [-118.758943, 34.082384], [-118.758943, 34.071604]]]}}, {"type": "Feature", "properties": {"OBJECTID": 58, "LS_ID": "FALLBACK_LSI_0058", "COUNTY": "Los Angeles", "ZONE_NAME": "San Gabriel Mountains", "LANDSLIDE_TYPE": "rock slide", "CONFIDENCE": "high", "ACTIVITY": "active", "YEAR_MAPPED": 2002, "AREA_SQKM_EST": 2.9299, "source_dataset": "California Geological Survey Landslide Inventory", "source_status": "simulated_fallback_due_ssl_download_failure", "data_use_note": "Not official CGS data; same-format fallback for course reproducibility."}, "geometry": {"type": "Polygon", "coordinates": [[[-118.045824, 34.199698], [-118.023795, 34.199698], [-118.023795, 34.210493], [-118.045824, 34.210493], [-118.045824, 34.199698]]]}}, {"type": "Feature", "properties": {"OBJECTID": 59, "LS_ID": "FALLBACK_LSI_0059", "COUNTY": "Los Angeles", "ZONE_NAME": "Angeles National Forest", "LANDSLIDE_TYPE": "rock slide", "CONFIDENCE": "high", "ACTIVITY": "dormant", "YEAR_MAPPED": 1977, "AREA_SQKM_EST": 1.7315, "source_dataset": "California Geological Survey Landslide Inventory", "source_status": "simulated_fallback_due_ssl_download_failure", "data_use_note": "Not official CGS data; same-format fallback for course reproducibility."}, "geometry": {"type": "Polygon", "coordinates": [[[-118.228885, 34.310197], [-118.205627, 34.310197], [-118.205627, 34.316239], [-118.228885, 34.316239], [-118.228885, 34.310197]]]}}, {"type": "Feature", "properties": {"OBJECTID": 60, "LS_ID": "FALLBACK_LSI_0060", "COUNTY": "Los Angeles", "ZONE_NAME": "San Gabriel Mountains", "LANDSLIDE_TYPE": "shallow landslide", "CONFIDENCE": "low", "ACTIVITY": "unknown", "YEAR_MAPPED": 2010, "AREA_SQKM_EST": 2.8237, "source_dataset": "California Geological Survey Landslide Inventory", "source_status": "simulated_fallback_due_ssl_download_failure", "data_use_note": "Not official CGS data; same-format fallback for course reproducibility."}, "geometry": {"type": "Polygon", "coordinates": [[[-118.093506, 34.282587], [-118.078691, 34.282587], [-118.078691, 34.298056], [-118.093506, 34.298056], [-118.093506, 34.282587]]]}}, {"type": "Feature", "properties": {"OBJECTID": 61, "LS_ID": "FALLBACK_LSI_0061", "COUNTY": "Los Angeles", "ZONE_NAME": "Angeles National Forest", "LANDSLIDE_TYPE": "debris flow", "CONFIDENCE": "moderate", "ACTIVITY": "historic", "YEAR_MAPPED": 2010, "AREA_SQKM_EST": 1.5936, "source_dataset": "California Geological Survey Landslide Inventory", "source_status": "simulated_fallback_due_ssl_download_failure", "data_use_note": "Not official CGS data; same-format fallback for course reproducibility."}, "geometry": {"type": "Polygon", "coordinates": [[[-118.175047, 34.34172], [-118.167576, 34.34172], [-118.167576, 34.359032], [-118.175047, 34.359032], [-118.175047, 34.34172]]]}}, {"type": "Feature", "properties": {"OBJECTID": 62, "LS_ID": "FALLBACK_LSI_0062", "COUNTY": "Los Angeles", "ZONE_NAME": "Palos Verdes Peninsula", "LANDSLIDE_TYPE": "earth flow", "CONFIDENCE": "low", "ACTIVITY": "dormant", "YEAR_MAPPED": 2014, "AREA_SQKM_EST": 3.5293, "source_dataset": "California Geological Survey Landslide Inventory", "source_status": "simulated_fallback_due_ssl_download_failure", "data_use_note": "Not official CGS data; same-format fallback for course reproducibility."}, "geometry": {"type": "Polygon", "coordinates": [[[-118.393625, 33.739527], [-118.37904, 33.739527], [-118.37904, 33.759167], [-118.393625, 33.759167], [-118.393625, 33.739527]]]}}, {"type": "Feature", "properties": {"OBJECTID": 63, "LS_ID": "FALLBACK_LSI_0063", "COUNTY": "Los Angeles", "ZONE_NAME": "Angeles National Forest", "LANDSLIDE_TYPE": "debris flow", "CONFIDENCE": "high", "ACTIVITY": "historic", "YEAR_MAPPED": 2021, "AREA_SQKM_EST": 3.5898, "source_dataset": "California Geological Survey Landslide Inventory", "source_status": "simulated_fallback_due_ssl_download_failure", "data_use_note": "Not official CGS data; same-format fallback for course reproducibility."}, "geometry": {"type": "Polygon", "coordinates": [[[-118.192322, 34.353009], [-118.172656, 34.353009], [-118.172656, 34.367823], [-118.192322, 34.367823], [-118.192322, 34.353009]]]}}, {"type": "Feature", "properties": {"OBJECTID": 64, "LS_ID": "FALLBACK_LSI_0064", "COUNTY": "Los Angeles", "ZONE_NAME": "Palos Verdes Peninsula", "LANDSLIDE_TYPE": "shallow landslide", "CONFIDENCE": "low", "ACTIVITY": "dormant", "YEAR_MAPPED": 1978, "AREA_SQKM_EST": 2.038, "source_dataset": "California Geological Survey Landslide Inventory", "source_status": "simulated_fallback_due_ssl_download_failure", "data_use_note": "Not official CGS data; same-format fallback for course reproducibility."}, "geometry": {"type": "Polygon", "coordinates": [[[-118.384368, 33.729976], [-118.374131, 33.729976], [-118.374131, 33.746133], [-118.384368, 33.746133], [-118.384368, 33.729976]]]}}, {"type": "Feature", "properties": {"OBJECTID": 65, "LS_ID": "FALLBACK_LSI_0065", "COUNTY": "Los Angeles", "ZONE_NAME": "San Gabriel Mountains", "LANDSLIDE_TYPE": "shallow landslide", "CONFIDENCE": "moderate", "ACTIVITY": "unknown", "YEAR_MAPPED": 1995, "AREA_SQKM_EST": 4.5743, "source_dataset": "California Geological Survey Landslide Inventory", "source_status": "simulated_fallback_due_ssl_download_failure", "data_use_note": "Not official CGS data; same-format fallback for course reproducibility."}, "geometry": {"type": "Polygon", "coordinates": [[[-118.074829, 34.196028], [-118.055843, 34.196028], [-118.055843, 34.215581], [-118.074829, 34.215581], [-118.074829, 34.196028]]]}}, {"type": "Feature", "properties": {"OBJECTID": 66, "LS_ID": "FALLBACK_LSI_0066", "COUNTY": "Los Angeles", "ZONE_NAME": "San Gabriel Mountains", "LANDSLIDE_TYPE": "debris flow", "CONFIDENCE": "moderate", "ACTIVITY": "active", "YEAR_MAPPED": 2002, "AREA_SQKM_EST": 2.0088, "source_dataset": "California Geological Survey Landslide Inventory", "source_status": "simulated_fallback_due_ssl_download_failure", "data_use_note": "Not official CGS data; same-format fallback for course reproducibility."}, "geometry": {"type": "Polygon", "coordinates": [[[-118.069925, 34.240149], [-118.061632, 34.240149], [-118.061632, 34.259809], [-118.069925, 34.259809], [-118.069925, 34.240149]]]}}, {"type": "Feature", "properties": {"OBJECTID": 67, "LS_ID": "FALLBACK_LSI_0067", "COUNTY": "Los Angeles", "ZONE_NAME": "Santa Monica Mountains", "LANDSLIDE_TYPE": "earth flow", "CONFIDENCE": "low", "ACTIVITY": "active", "YEAR_MAPPED": 2021, "AREA_SQKM_EST": 1.0438, "source_dataset": "California Geological Survey Landslide Inventory", "source_status": "simulated_fallback_due_ssl_download_failure", "data_use_note": "Not official CGS data; same-format fallback for course reproducibility."}, "geometry": {"type": "Polygon", "coordinates": [[[-118.709716, 34.031249], [-118.703044, 34.031249], [-118.703044, 34.043948], [-118.709716, 34.043948], [-118.709716, 34.031249]]]}}, {"type": "Feature", "properties": {"OBJECTID": 68, "LS_ID": "FALLBACK_LSI_0068", "COUNTY": "Los Angeles", "ZONE_NAME": "Santa Monica Mountains", "LANDSLIDE_TYPE": "debris flow", "CONFIDENCE": "moderate", "ACTIVITY": "dormant", "YEAR_MAPPED": 1993, "AREA_SQKM_EST": 1.1697, "source_dataset": "California Geological Survey Landslide Inventory", "source_status": "simulated_fallback_due_ssl_download_failure", "data_use_note": "Not official CGS data; same-format fallback for course reproducibility."}, "geometry": {"type": "Polygon", "coordinates": [[[-118.783432, 34.022937], [-118.771451, 34.022937], [-118.771451, 34.03086], [-118.783432, 34.03086], [-118.783432, 34.022937]]]}}, {"type": "Feature", "properties": {"OBJECTID": 69, "LS_ID": "FALLBACK_LSI_0069", "COUNTY": "Los Angeles", "ZONE_NAME": "Palos Verdes Peninsula", "LANDSLIDE_TYPE": "rock slide", "CONFIDENCE": "low", "ACTIVITY": "historic", "YEAR_MAPPED": 1997, "AREA_SQKM_EST": 3.3317, "source_dataset": "California Geological Survey Landslide Inventory", "source_status": "simulated_fallback_due_ssl_download_failure", "data_use_note": "Not official CGS data; same-format fallback for course reproducibility."}, "geometry": {"type": "Polygon", "coordinates": [[[-118.374824, 33.735227], [-118.358102, 33.735227], [-118.358102, 33.751398], [-118.374824, 33.751398], [-118.374824, 33.735227]]]}}, {"type": "Feature", "properties": {"OBJECTID": 70, "LS_ID": "FALLBACK_LSI_0070", "COUNTY": "Los Angeles", "ZONE_NAME": "Palos Verdes Peninsula", "LANDSLIDE_TYPE": "rock slide", "CONFIDENCE": "moderate", "ACTIVITY": "unknown", "YEAR_MAPPED": 1980, "AREA_SQKM_EST": 3.6419, "source_dataset": "California Geological Survey Landslide Inventory", "source_status": "simulated_fallback_due_ssl_download_failure", "data_use_note": "Not official CGS data; same-format fallback for course reproducibility."}, "geometry": {"type": "Polygon", "coordinates": [[[-118.36267, 33.757592], [-118.347176, 33.757592], [-118.347176, 33.776669], [-118.36267, 33.776669], [-118.36267, 33.757592]]]}}, {"type": "Feature", "properties": {"OBJECTID": 71, "LS_ID": "FALLBACK_LSI_0071", "COUNTY": "Los Angeles", "ZONE_NAME": "San Gabriel Mountains", "LANDSLIDE_TYPE": "earth flow", "CONFIDENCE": "high", "ACTIVITY": "dormant", "YEAR_MAPPED": 2024, "AREA_SQKM_EST": 1.6238, "source_dataset": "California Geological Survey Landslide Inventory", "source_status": "simulated_fallback_due_ssl_download_failure", "data_use_note": "Not official CGS data; same-format fallback for course reproducibility."}, "geometry": {"type": "Polygon", "coordinates": [[[-118.061936, 34.294712], [-118.049507, 34.294712], [-118.049507, 34.305316], [-118.061936, 34.305316], [-118.061936, 34.294712]]]}}, {"type": "Feature", "properties": {"OBJECTID": 72, "LS_ID": "FALLBACK_LSI_0072", "COUNTY": "Los Angeles", "ZONE_NAME": "Santa Monica Mountains", "LANDSLIDE_TYPE": "earth flow", "CONFIDENCE": "moderate", "ACTIVITY": "unknown", "YEAR_MAPPED": 1983, "AREA_SQKM_EST": 3.1736, "source_dataset": "California Geological Survey Landslide Inventory", "source_status": "simulated_fallback_due_ssl_download_failure", "data_use_note": "Not official CGS data; same-format fallback for course reproducibility."}, "geometry": {"type": "Polygon", "coordinates": [[[-118.772613, 34.014739], [-118.758266, 34.014739], [-118.758266, 34.032693], [-118.772613, 34.032693], [-118.772613, 34.014739]]]}}, {"type": "Feature", "properties": {"OBJECTID": 73, "LS_ID": "FALLBACK_LSI_0073", "COUNTY": "Los Angeles", "ZONE_NAME": "Palos Verdes Peninsula", "LANDSLIDE_TYPE": "earth flow", "CONFIDENCE": "moderate", "ACTIVITY": "active", "YEAR_MAPPED": 2019, "AREA_SQKM_EST": 1.1616, "source_dataset": "California Geological Survey Landslide Inventory", "source_status": "simulated_fallback_due_ssl_download_failure", "data_use_note": "Not official CGS data; same-format fallback for course reproducibility."}, "geometry": {"type": "Polygon", "coordinates": [[[-118.331894, 33.773268], [-118.316621, 33.773268], [-118.316621, 33.779441], [-118.331894, 33.779441], [-118.331894, 33.773268]]]}}, {"type": "Feature", "properties": {"OBJECTID": 74, "LS_ID": "FALLBACK_LSI_0074", "COUNTY": "Los Angeles", "ZONE_NAME": "Angeles National Forest", "LANDSLIDE_TYPE": "rock slide", "CONFIDENCE": "high", "ACTIVITY": "active", "YEAR_MAPPED": 2014, "AREA_SQKM_EST": 0.9861, "source_dataset": "California Geological Survey Landslide Inventory", "source_status": "simulated_fallback_due_ssl_download_failure", "data_use_note": "Not official CGS data; same-format fallback for course reproducibility."}, "geometry": {"type": "Polygon", "coordinates": [[[-118.322255, 34.397212], [-118.315022, 34.397212], [-118.315022, 34.408278], [-118.322255, 34.408278], [-118.322255, 34.397212]]]}}, {"type": "Feature", "properties": {"OBJECTID": 75, "LS_ID": "FALLBACK_LSI_0075", "COUNTY": "Los Angeles", "ZONE_NAME": "Santa Monica Mountains", "LANDSLIDE_TYPE": "debris flow", "CONFIDENCE": "moderate", "ACTIVITY": "active", "YEAR_MAPPED": 2022, "AREA_SQKM_EST": 2.0186, "source_dataset": "California Geological Survey Landslide Inventory", "source_status": "simulated_fallback_due_ssl_download_failure", "data_use_note": "Not official CGS data; same-format fallback for course reproducibility."}, "geometry": {"type": "Polygon", "coordinates": [[[-118.857955, 34.05036], [-118.849103, 34.05036], [-118.849103, 34.06887], [-118.857955, 34.06887], [-118.857955, 34.05036]]]}}, {"type": "Feature", "properties": {"OBJECTID": 76, "LS_ID": "FALLBACK_LSI_0076", "COUNTY": "Los Angeles", "ZONE_NAME": "Palos Verdes Peninsula", "LANDSLIDE_TYPE": "shallow landslide", "CONFIDENCE": "moderate", "ACTIVITY": "historic", "YEAR_MAPPED": 2023, "AREA_SQKM_EST": 2.0503, "source_dataset": "California Geological Survey Landslide Inventory", "source_status": "simulated_fallback_due_ssl_download_failure", "data_use_note": "Not official CGS data; same-format fallback for course reproducibility."}, "geometry": {"type": "Polygon", "coordinates": [[[-118.375875, 33.744272], [-118.365878, 33.744272], [-118.365878, 33.760918], [-118.375875, 33.760918], [-118.375875, 33.744272]]]}}, {"type": "Feature", "properties": {"OBJECTID": 77, "LS_ID": "FALLBACK_LSI_0077", "COUNTY": "Los Angeles", "ZONE_NAME": "Angeles National Forest", "LANDSLIDE_TYPE": "rock slide", "CONFIDENCE": "low", "ACTIVITY": "dormant", "YEAR_MAPPED": 1997, "AREA_SQKM_EST": 2.7229, "source_dataset": "California Geological Survey Landslide Inventory", "source_status": "simulated_fallback_due_ssl_download_failure", "data_use_note": "Not official CGS data; same-format fallback for course reproducibility."}, "geometry": {"type": "Polygon", "coordinates": [[[-118.227949, 34.408566], [-118.204798, 34.408566], [-118.204798, 34.418112], [-118.227949, 34.418112], [-118.227949, 34.408566]]]}}, {"type": "Feature", "properties": {"OBJECTID": 78, "LS_ID": "FALLBACK_LSI_0078", "COUNTY": "Los Angeles", "ZONE_NAME": "Santa Monica Mountains", "LANDSLIDE_TYPE": "earth flow", "CONFIDENCE": "moderate", "ACTIVITY": "active", "YEAR_MAPPED": 1995, "AREA_SQKM_EST": 5.127, "source_dataset": "California Geological Survey Landslide Inventory", "source_status": "simulated_fallback_due_ssl_download_failure", "data_use_note": "Not official CGS data; same-format fallback for course reproducibility."}, "geometry": {"type": "Polygon", "coordinates": [[[-118.720471, 34.028642], [-118.698465, 34.028642], [-118.698465, 34.047551], [-118.720471, 34.047551], [-118.720471, 34.028642]]]}}, {"type": "Feature", "properties": {"OBJECTID": 79, "LS_ID": "FALLBACK_LSI_0079", "COUNTY": "Los Angeles", "ZONE_NAME": "Santa Monica Mountains", "LANDSLIDE_TYPE": "earth flow", "CONFIDENCE": "moderate", "ACTIVITY": "unknown", "YEAR_MAPPED": 1994, "AREA_SQKM_EST": 2.7684, "source_dataset": "California Geological Survey Landslide Inventory", "source_status": "simulated_fallback_due_ssl_download_failure", "data_use_note": "Not official CGS data; same-format fallback for course reproducibility."}, "geometry": {"type": "Polygon", "coordinates": [[[-118.662738, 34.109084], [-118.644291, 34.109084], [-118.644291, 34.121264], [-118.662738, 34.121264], [-118.662738, 34.109084]]]}}, {"type": "Feature", "properties": {"OBJECTID": 80, "LS_ID": "FALLBACK_LSI_0080", "COUNTY": "Los Angeles", "ZONE_NAME": "San Gabriel Mountains", "LANDSLIDE_TYPE": "debris flow", "CONFIDENCE": "low", "ACTIVITY": "unknown", "YEAR_MAPPED": 2026, "AREA_SQKM_EST": 1.2621, "source_dataset": "California Geological Survey Landslide Inventory", "source_status": "simulated_fallback_due_ssl_download_failure", "data_use_note": "Not official CGS data; same-format fallback for course reproducibility."}, "geometry": {"type": "Polygon", "coordinates": [[[-118.056727, 34.234924], [-118.050495, 34.234924], [-118.050495, 34.25136], [-118.056727, 34.25136], [-118.056727, 34.234924]]]}}, {"type": "Feature", "properties": {"OBJECTID": 81, "LS_ID": "FALLBACK_LSI_0081", "COUNTY": "Los Angeles", "ZONE_NAME": "Angeles National Forest", "LANDSLIDE_TYPE": "rock slide", "CONFIDENCE": "high", "ACTIVITY": "active", "YEAR_MAPPED": 1994, "AREA_SQKM_EST": 0.6857, "source_dataset": "California Geological Survey Landslide Inventory", "source_status": "simulated_fallback_due_ssl_download_failure", "data_use_note": "Not official CGS data; same-format fallback for course reproducibility."}, "geometry": {"type": "Polygon", "coordinates": [[[-118.120833, 34.289277], [-118.113797, 34.289277], [-118.113797, 34.297187], [-118.120833, 34.297187], [-118.120833, 34.289277]]]}}, {"type": "Feature", "properties": {"OBJECTID": 82, "LS_ID": "FALLBACK_LSI_0082", "COUNTY": "Los Angeles", "ZONE_NAME": "San Gabriel Mountains", "LANDSLIDE_TYPE": "shallow landslide", "CONFIDENCE": "moderate", "ACTIVITY": "active", "YEAR_MAPPED": 1999, "AREA_SQKM_EST": 2.6406, "source_dataset": "California Geological Survey Landslide Inventory", "source_status": "simulated_fallback_due_ssl_download_failure", "data_use_note": "Not official CGS data; same-format fallback for course reproducibility."}, "geometry": {"type": "Polygon", "coordinates": [[[-118.271094, 34.251028], [-118.25247, 34.251028], [-118.25247, 34.262536], [-118.271094, 34.262536], [-118.271094, 34.251028]]]}}, {"type": "Feature", "properties": {"OBJECTID": 83, "LS_ID": "FALLBACK_LSI_0083", "COUNTY": "Los Angeles", "ZONE_NAME": "Angeles National Forest", "LANDSLIDE_TYPE": "rock slide", "CONFIDENCE": "high", "ACTIVITY": "unknown", "YEAR_MAPPED": 1991, "AREA_SQKM_EST": 1.5075, "source_dataset": "California Geological Survey Landslide Inventory", "source_status": "simulated_fallback_due_ssl_download_failure", "data_use_note": "Not official CGS data; same-format fallback for course reproducibility."}, "geometry": {"type": "Polygon", "coordinates": [[[-118.133068, 34.393284], [-118.123619, 34.393284], [-118.123619, 34.406232], [-118.133068, 34.406232], [-118.133068, 34.393284]]]}}, {"type": "Feature", "properties": {"OBJECTID": 84, "LS_ID": "FALLBACK_LSI_0084", "COUNTY": "Los Angeles", "ZONE_NAME": "Angeles National Forest", "LANDSLIDE_TYPE": "earth flow", "CONFIDENCE": "low", "ACTIVITY": "historic", "YEAR_MAPPED": 2021, "AREA_SQKM_EST": 4.1279, "source_dataset": "California Geological Survey Landslide Inventory", "source_status": "simulated_fallback_due_ssl_download_failure", "data_use_note": "Not official CGS data; same-format fallback for course reproducibility."}, "geometry": {"type": "Polygon", "coordinates": [[[-118.282843, 34.354885], [-118.260319, 34.354885], [-118.260319, 34.369759], [-118.282843, 34.369759], [-118.282843, 34.354885]]]}}, {"type": "Feature", "properties": {"OBJECTID": 85, "LS_ID": "FALLBACK_LSI_0085", "COUNTY": "Los Angeles", "ZONE_NAME": "Palos Verdes Peninsula", "LANDSLIDE_TYPE": "debris flow", "CONFIDENCE": "moderate", "ACTIVITY": "active", "YEAR_MAPPED": 2011, "AREA_SQKM_EST": 2.1089, "source_dataset": "California Geological Survey Landslide Inventory", "source_status": "simulated_fallback_due_ssl_download_failure", "data_use_note": "Not official CGS data; same-format fallback for course reproducibility."}, "geometry": {"type": "Polygon", "coordinates": [[[-118.389933, 33.762949], [-118.379221, 33.762949], [-118.379221, 33.778927], [-118.389933, 33.778927], [-118.389933, 33.762949]]]}}, {"type": "Feature", "properties": {"OBJECTID": 86, "LS_ID": "FALLBACK_LSI_0086", "COUNTY": "Los Angeles", "ZONE_NAME": "San Gabriel Mountains", "LANDSLIDE_TYPE": "deep-seated landslide", "CONFIDENCE": "high", "ACTIVITY": "dormant", "YEAR_MAPPED": 2001, "AREA_SQKM_EST": 2.1, "source_dataset": "California Geological Survey Landslide Inventory", "source_status": "simulated_fallback_due_ssl_download_failure", "data_use_note": "Not official CGS data; same-format fallback for course reproducibility."}, "geometry": {"type": "Polygon", "coordinates": [[[-118.009368, 34.272129], [-117.989495, 34.272129], [-117.989495, 34.280706], [-118.009368, 34.280706], [-118.009368, 34.272129]]]}}, {"type": "Feature", "properties": {"OBJECTID": 87, "LS_ID": "FALLBACK_LSI_0087", "COUNTY": "Los Angeles", "ZONE_NAME": "Palos Verdes Peninsula", "LANDSLIDE_TYPE": "earth flow", "CONFIDENCE": "high", "ACTIVITY": "active", "YEAR_MAPPED": 2014, "AREA_SQKM_EST": 2.3094, "source_dataset": "California Geological Survey Landslide Inventory", "source_status": "simulated_fallback_due_ssl_download_failure", "data_use_note": "Not official CGS data; same-format fallback for course reproducibility."}, "geometry": {"type": "Polygon", "coordinates": [[[-118.412864, 33.77953], [-118.392264, 33.77953], [-118.392264, 33.788629], [-118.412864, 33.788629], [-118.412864, 33.77953]]]}}, {"type": "Feature", "properties": {"OBJECTID": 88, "LS_ID": "FALLBACK_LSI_0088", "COUNTY": "Los Angeles", "ZONE_NAME": "Palos Verdes Peninsula", "LANDSLIDE_TYPE": "shallow landslide", "CONFIDENCE": "low", "ACTIVITY": "historic", "YEAR_MAPPED": 1976, "AREA_SQKM_EST": 1.6924, "source_dataset": "California Geological Survey Landslide Inventory", "source_status": "simulated_fallback_due_ssl_download_failure", "data_use_note": "Not official CGS data; same-format fallback for course reproducibility."}, "geometry": {"type": "Polygon", "coordinates": [[[-118.399179, 33.739542], [-118.377004, 33.739542], [-118.377004, 33.745736], [-118.399179, 33.745736], [-118.399179, 33.739542]]]}}, {"type": "Feature", "properties": {"OBJECTID": 89, "LS_ID": "FALLBACK_LSI_0089", "COUNTY": "Los Angeles", "ZONE_NAME": "Palos Verdes Peninsula", "LANDSLIDE_TYPE": "rock slide", "CONFIDENCE": "moderate", "ACTIVITY": "historic", "YEAR_MAPPED": 1995, "AREA_SQKM_EST": 2.1804, "source_dataset": "California Geological Survey Landslide Inventory", "source_status": "simulated_fallback_due_ssl_download_failure", "data_use_note": "Not official CGS data; same-format fallback for course reproducibility."}, "geometry": {"type": "Polygon", "coordinates": [[[-118.376841, 33.752926], [-118.358993, 33.752926], [-118.358993, 33.762841], [-118.376841, 33.762841], [-118.376841, 33.752926]]]}}, {"type": "Feature", "properties": {"OBJECTID": 90, "LS_ID": "FALLBACK_LSI_0090", "COUNTY": "Los Angeles", "ZONE_NAME": "Palos Verdes Peninsula", "LANDSLIDE_TYPE": "earth flow", "CONFIDENCE": "high", "ACTIVITY": "unknown", "YEAR_MAPPED": 2025, "AREA_SQKM_EST": 1.6731, "source_dataset": "California Geological Survey Landslide Inventory", "source_status": "simulated_fallback_due_ssl_download_failure", "data_use_note": "Not official CGS data; same-format fallback for course reproducibility."}, "geometry": {"type": "Polygon", "coordinates": [[[-118.416896, 33.770898], [-118.394449, 33.770898], [-118.394449, 33.776947], [-118.416896, 33.776947], [-118.416896, 33.770898]]]}}, {"type": "Feature", "properties": {"OBJECTID": 91, "LS_ID": "FALLBACK_LSI_0091", "COUNTY": "Los Angeles", "ZONE_NAME": "San Gabriel Mountains", "LANDSLIDE_TYPE": "rock slide", "CONFIDENCE": "moderate", "ACTIVITY": "historic", "YEAR_MAPPED": 2015, "AREA_SQKM_EST": 1.6036, "source_dataset": "California Geological Survey Landslide Inventory", "source_status": "simulated_fallback_due_ssl_download_failure", "data_use_note": "Not official CGS data; same-format fallback for course reproducibility."}, "geometry": {"type": "Polygon", "coordinates": [[[-118.04717, 34.257676], [-118.03232, 34.257676], [-118.03232, 34.266441], [-118.04717, 34.266441], [-118.04717, 34.257676]]]}}, {"type": "Feature", "properties": {"OBJECTID": 92, "LS_ID": "FALLBACK_LSI_0092", "COUNTY": "Los Angeles", "ZONE_NAME": "San Gabriel Mountains", "LANDSLIDE_TYPE": "rock slide", "CONFIDENCE": "high", "ACTIVITY": "unknown", "YEAR_MAPPED": 2019, "AREA_SQKM_EST": 2.5192, "source_dataset": "California Geological Survey Landslide Inventory", "source_status": "simulated_fallback_due_ssl_download_failure", "data_use_note": "Not official CGS data; same-format fallback for course reproducibility."}, "geometry": {"type": "Polygon", "coordinates": [[[-118.109306, 34.281851], [-118.085806, 34.281851], [-118.085806, 34.290552], [-118.109306, 34.290552], [-118.109306, 34.281851]]]}}, {"type": "Feature", "properties": {"OBJECTID": 93, "LS_ID": "FALLBACK_LSI_0093", "COUNTY": "Los Angeles", "ZONE_NAME": "Santa Monica Mountains", "LANDSLIDE_TYPE": "debris flow", "CONFIDENCE": "low", "ACTIVITY": "dormant", "YEAR_MAPPED": 1980, "AREA_SQKM_EST": 2.9681, "source_dataset": "California Geological Survey Landslide Inventory", "source_status": "simulated_fallback_due_ssl_download_failure", "data_use_note": "Not official CGS data; same-format fallback for course reproducibility."}, "geometry": {"type": "Polygon", "coordinates": [[[-118.758826, 34.102128], [-118.7416, 34.102128], [-118.7416, 34.116112], [-118.758826, 34.116112], [-118.758826, 34.102128]]]}}, {"type": "Feature", "properties": {"OBJECTID": 94, "LS_ID": "FALLBACK_LSI_0094", "COUNTY": "Los Angeles", "ZONE_NAME": "San Gabriel Mountains", "LANDSLIDE_TYPE": "debris flow", "CONFIDENCE": "moderate", "ACTIVITY": "active", "YEAR_MAPPED": 1979, "AREA_SQKM_EST": 0.5647, "source_dataset": "California Geological Survey Landslide Inventory", "source_status": "simulated_fallback_due_ssl_download_failure", "data_use_note": "Not official CGS data; same-format fallback for course reproducibility."}, "geometry": {"type": "Polygon", "coordinates": [[[-118.101057, 34.188737], [-118.093298, 34.188737], [-118.093298, 34.194643], [-118.101057, 34.194643], [-118.101057, 34.188737]]]}}, {"type": "Feature", "properties": {"OBJECTID": 95, "LS_ID": "FALLBACK_LSI_0095", "COUNTY": "Los Angeles", "ZONE_NAME": "Santa Monica Mountains", "LANDSLIDE_TYPE": "rock slide", "CONFIDENCE": "low", "ACTIVITY": "historic", "YEAR_MAPPED": 1997, "AREA_SQKM_EST": 2.9906, "source_dataset": "California Geological Survey Landslide Inventory", "source_status": "simulated_fallback_due_ssl_download_failure", "data_use_note": "Not official CGS data; same-format fallback for course reproducibility."}, "geometry": {"type": "Polygon", "coordinates": [[[-118.706087, 34.018906], [-118.682756, 34.018906], [-118.682756, 34.029309], [-118.706087, 34.029309], [-118.706087, 34.018906]]]}}, {"type": "Feature", "properties": {"OBJECTID": 96, "LS_ID": "FALLBACK_LSI_0096", "COUNTY": "Los Angeles", "ZONE_NAME": "Palos Verdes Peninsula", "LANDSLIDE_TYPE": "debris flow", "CONFIDENCE": "moderate", "ACTIVITY": "active", "YEAR_MAPPED": 1979, "AREA_SQKM_EST": 3.1103, "source_dataset": "California Geological Survey Landslide Inventory", "source_status": "simulated_fallback_due_ssl_download_failure", "data_use_note": "Not official CGS data; same-format fallback for course reproducibility."}, "geometry": {"type": "Polygon", "coordinates": [[[-118.405539, 33.746387], [-118.386638, 33.746387], [-118.386638, 33.759743], [-118.405539, 33.759743], [-118.405539, 33.746387]]]}}, {"type": "Feature", "properties": {"OBJECTID": 97, "LS_ID": "FALLBACK_LSI_0097", "COUNTY": "Los Angeles", "ZONE_NAME": "Angeles National Forest", "LANDSLIDE_TYPE": "earth flow", "CONFIDENCE": "high", "ACTIVITY": "active", "YEAR_MAPPED": 1977, "AREA_SQKM_EST": 1.4009, "source_dataset": "California Geological Survey Landslide Inventory", "source_status": "simulated_fallback_due_ssl_download_failure", "data_use_note": "Not official CGS data; same-format fallback for course reproducibility."}, "geometry": {"type": "Polygon", "coordinates": [[[-118.247015, 34.348097], [-118.235355, 34.348097], [-118.235355, 34.357848], [-118.247015, 34.357848], [-118.247015, 34.348097]]]}}, {"type": "Feature", "properties": {"OBJECTID": 98, "LS_ID": "FALLBACK_LSI_0098", "COUNTY": "Los Angeles", "ZONE_NAME": "San Gabriel Mountains", "LANDSLIDE_TYPE": "deep-seated landslide", "CONFIDENCE": "low", "ACTIVITY": "historic", "YEAR_MAPPED": 2015, "AREA_SQKM_EST": 2.3457, "source_dataset": "California Geological Survey Landslide Inventory", "source_status": "simulated_fallback_due_ssl_download_failure", "data_use_note": "Not official CGS data; same-format fallback for course reproducibility."}, "geometry": {"type": "Polygon", "coordinates": [[[-118.108531, 34.253323], [-118.086085, 34.253323], [-118.086085, 34.261805], [-118.108531, 34.261805], [-118.108531, 34.253323]]]}}, {"type": "Feature", "properties": {"OBJECTID": 99, "LS_ID": "FALLBACK_LSI_0099", "COUNTY": "Los Angeles", "ZONE_NAME": "Angeles National Forest", "LANDSLIDE_TYPE": "earth flow", "CONFIDENCE": "high", "ACTIVITY": "dormant", "YEAR_MAPPED": 1993, "AREA_SQKM_EST": 1.1451, "source_dataset": "California Geological Survey Landslide Inventory", "source_status": "simulated_fallback_due_ssl_download_failure", "data_use_note": "Not official CGS data; same-format fallback for course reproducibility."}, "geometry": {"type": "Polygon", "coordinates": [[[-118.21377, 34.335198], [-118.203221, 34.335198], [-118.203221, 34.344009], [-118.21377, 34.344009], [-118.21377, 34.335198]]]}}, {"type": "Feature", "properties": {"OBJECTID": 100, "LS_ID": "FALLBACK_LSI_0100", "COUNTY": "Los Angeles", "ZONE_NAME": "Palos Verdes Peninsula", "LANDSLIDE_TYPE": "deep-seated landslide", "CONFIDENCE": "high", "ACTIVITY": "historic", "YEAR_MAPPED": 2023, "AREA_SQKM_EST": 2.1679, "source_dataset": "California Geological Survey Landslide Inventory", "source_status": "simulated_fallback_due_ssl_download_failure", "data_use_note": "Not official CGS data; same-format fallback for course reproducibility."}, "geometry": {"type": "Polygon", "coordinates": [[[-118.391431, 33.742213], [-118.37264, 33.742213], [-118.37264, 33.751577], [-118.391431, 33.751577], [-118.391431, 33.742213]]]}}, {"type": "Feature", "properties": {"OBJECTID": 101, "LS_ID": "FALLBACK_LSI_0101", "COUNTY": "Los Angeles", "ZONE_NAME": "Santa Monica Mountains", "LANDSLIDE_TYPE": "earth flow", "CONFIDENCE": "high", "ACTIVITY": "historic", "YEAR_MAPPED": 2002, "AREA_SQKM_EST": 1.4016, "source_dataset": "California Geological Survey Landslide Inventory", "source_status": "simulated_fallback_due_ssl_download_failure", "data_use_note": "Not official CGS data; same-format fallback for course reproducibility."}, "geometry": {"type": "Polygon", "coordinates": [[[-118.83254, 34.034796], [-118.82577, 34.034796], [-118.82577, 34.0516], [-118.83254, 34.0516], [-118.83254, 34.034796]]]}}, {"type": "Feature", "properties": {"OBJECTID": 102, "LS_ID": "FALLBACK_LSI_0102", "COUNTY": "Los Angeles", "ZONE_NAME": "Santa Monica Mountains", "LANDSLIDE_TYPE": "shallow landslide", "CONFIDENCE": "high", "ACTIVITY": "dormant", "YEAR_MAPPED": 2008, "AREA_SQKM_EST": 2.564, "source_dataset": "California Geological Survey Landslide Inventory", "source_status": "simulated_fallback_due_ssl_download_failure", "data_use_note": "Not official CGS data; same-format fallback for course reproducibility."}, "geometry": {"type": "Polygon", "coordinates": [[[-118.785504, 34.118939], [-118.770751, 34.118939], [-118.770751, 34.133044], [-118.785504, 34.133044], [-118.785504, 34.118939]]]}}, {"type": "Feature", "properties": {"OBJECTID": 103, "LS_ID": "FALLBACK_LSI_0103", "COUNTY": "Los Angeles", "ZONE_NAME": "San Gabriel Mountains", "LANDSLIDE_TYPE": "rock slide", "CONFIDENCE": "moderate", "ACTIVITY": "active", "YEAR_MAPPED": 1980, "AREA_SQKM_EST": 2.1439, "source_dataset": "California Geological Survey Landslide Inventory", "source_status": "simulated_fallback_due_ssl_download_failure", "data_use_note": "Not official CGS data; same-format fallback for course reproducibility."}, "geometry": {"type": "Polygon", "coordinates": [[[-118.149335, 34.276389], [-118.140217, 34.276389], [-118.140217, 34.295473], [-118.149335, 34.295473], [-118.149335, 34.276389]]]}}, {"type": "Feature", "properties": {"OBJECTID": 104, "LS_ID": "FALLBACK_LSI_0104", "COUNTY": "Los Angeles", "ZONE_NAME": "Palos Verdes Peninsula", "LANDSLIDE_TYPE": "deep-seated landslide", "CONFIDENCE": "moderate", "ACTIVITY": "active", "YEAR_MAPPED": 2016, "AREA_SQKM_EST": 0.6657, "source_dataset": "California Geological Survey Landslide Inventory", "source_status": "simulated_fallback_due_ssl_download_failure", "data_use_note": "Not official CGS data; same-format fallback for course reproducibility."}, "geometry": {"type": "Polygon", "coordinates": [[[-118.388996, 33.740342], [-118.382069, 33.740342], [-118.382069, 33.748142], [-118.388996, 33.748142], [-118.388996, 33.740342]]]}}, {"type": "Feature", "properties": {"OBJECTID": 105, "LS_ID": "FALLBACK_LSI_0105", "COUNTY": "Los Angeles", "ZONE_NAME": "Palos Verdes Peninsula", "LANDSLIDE_TYPE": "earth flow", "CONFIDENCE": "low", "ACTIVITY": "active", "YEAR_MAPPED": 2005, "AREA_SQKM_EST": 0.8342, "source_dataset": "California Geological Survey Landslide Inventory", "source_status": "simulated_fallback_due_ssl_download_failure", "data_use_note": "Not official CGS data; same-format fallback for course reproducibility."}, "geometry": {"type": "Polygon", "coordinates": [[[-118.410098, 33.777689], [-118.402384, 33.777689], [-118.402384, 33.786467], [-118.410098, 33.786467], [-118.410098, 33.777689]]]}}, {"type": "Feature", "properties": {"OBJECTID": 106, "LS_ID": "FALLBACK_LSI_0106", "COUNTY": "Los Angeles", "ZONE_NAME": "Santa Monica Mountains", "LANDSLIDE_TYPE": "earth flow", "CONFIDENCE": "moderate", "ACTIVITY": "dormant", "YEAR_MAPPED": 2016, "AREA_SQKM_EST": 1.0621, "source_dataset": "California Geological Survey Landslide Inventory", "source_status": "simulated_fallback_due_ssl_download_failure", "data_use_note": "Not official CGS data; same-format fallback for course reproducibility."}, "geometry": {"type": "Polygon", "coordinates": [[[-118.644635, 34.119346], [-118.632244, 34.119346], [-118.632244, 34.126303], [-118.644635, 34.126303], [-118.644635, 34.119346]]]}}, {"type": "Feature", "properties": {"OBJECTID": 107, "LS_ID": "FALLBACK_LSI_0107", "COUNTY": "Los Angeles", "ZONE_NAME": "Angeles National Forest", "LANDSLIDE_TYPE": "shallow landslide", "CONFIDENCE": "high", "ACTIVITY": "unknown", "YEAR_MAPPED": 1979, "AREA_SQKM_EST": 3.3979, "source_dataset": "California Geological Survey Landslide Inventory", "source_status": "simulated_fallback_due_ssl_download_failure", "data_use_note": "Not official CGS data; same-format fallback for course reproducibility."}, "geometry": {"type": "Polygon", "coordinates": [[[-118.231188, 34.390508], [-118.216416, 34.390508], [-118.216416, 34.409177], [-118.231188, 34.409177], [-118.231188, 34.390508]]]}}, {"type": "Feature", "properties": {"OBJECTID": 108, "LS_ID": "FALLBACK_LSI_0108", "COUNTY": "Los Angeles", "ZONE_NAME": "Santa Monica Mountains", "LANDSLIDE_TYPE": "earth flow", "CONFIDENCE": "low", "ACTIVITY": "active", "YEAR_MAPPED": 2008, "AREA_SQKM_EST": 1.7064, "source_dataset": "California Geological Survey Landslide Inventory", "source_status": "simulated_fallback_due_ssl_download_failure", "data_use_note": "Not official CGS data; same-format fallback for course reproducibility."}, "geometry": {"type": "Polygon", "coordinates": [[[-118.73385, 34.048043], [-118.72523, 34.048043], [-118.72523, 34.064109], [-118.73385, 34.064109], [-118.73385, 34.048043]]]}}, {"type": "Feature", "properties": {"OBJECTID": 109, "LS_ID": "FALLBACK_LSI_0109", "COUNTY": "Los Angeles", "ZONE_NAME": "Angeles National Forest", "LANDSLIDE_TYPE": "earth flow", "CONFIDENCE": "moderate", "ACTIVITY": "dormant", "YEAR_MAPPED": 1996, "AREA_SQKM_EST": 2.5297, "source_dataset": "California Geological Survey Landslide Inventory", "source_status": "simulated_fallback_due_ssl_download_failure", "data_use_note": "Not official CGS data; same-format fallback for course reproducibility."}, "geometry": {"type": "Polygon", "coordinates": [[[-118.178903, 34.325603], [-118.16199, 34.325603], [-118.16199, 34.337743], [-118.178903, 34.337743], [-118.178903, 34.325603]]]}}, {"type": "Feature", "properties": {"OBJECTID": 110, "LS_ID": "FALLBACK_LSI_0110", "COUNTY": "Los Angeles", "ZONE_NAME": "Angeles National Forest", "LANDSLIDE_TYPE": "debris flow", "CONFIDENCE": "high", "ACTIVITY": "dormant", "YEAR_MAPPED": 1980, "AREA_SQKM_EST": 4.0937, "source_dataset": "California Geological Survey Landslide Inventory", "source_status": "simulated_fallback_due_ssl_download_failure", "data_use_note": "Not official CGS data; same-format fallback for course reproducibility."}, "geometry": {"type": "Polygon", "coordinates": [[[-118.172471, 34.336178], [-118.154484, 34.336178], [-118.154484, 34.354651], [-118.172471, 34.354651], [-118.172471, 34.336178]]]}}, {"type": "Feature", "properties": {"OBJECTID": 111, "LS_ID": "FALLBACK_LSI_0111", "COUNTY": "Los Angeles", "ZONE_NAME": "Palos Verdes Peninsula", "LANDSLIDE_TYPE": "debris flow", "CONFIDENCE": "low", "ACTIVITY": "active", "YEAR_MAPPED": 1977, "AREA_SQKM_EST": 2.0289, "source_dataset": "California Geological Survey Landslide Inventory", "source_status": "simulated_fallback_due_ssl_download_failure", "data_use_note": "Not official CGS data; same-format fallback for course reproducibility."}, "geometry": {"type": "Polygon", "coordinates": [[[-118.427062, 33.783535], [-118.415694, 33.783535], [-118.415694, 33.798019], [-118.427062, 33.798019], [-118.427062, 33.783535]]]}}, {"type": "Feature", "properties": {"OBJECTID": 112, "LS_ID": "FALLBACK_LSI_0112", "COUNTY": "Los Angeles", "ZONE_NAME": "Santa Monica Mountains", "LANDSLIDE_TYPE": "debris flow", "CONFIDENCE": "low", "ACTIVITY": "dormant", "YEAR_MAPPED": 2016, "AREA_SQKM_EST": 3.4703, "source_dataset": "California Geological Survey Landslide Inventory", "source_status": "simulated_fallback_due_ssl_download_failure", "data_use_note": "Not official CGS data; same-format fallback for course reproducibility."}, "geometry": {"type": "Polygon", "coordinates": [[[-118.724617, 34.063384], [-118.703912, 34.063384], [-118.703912, 34.076987], [-118.724617, 34.076987], [-118.724617, 34.063384]]]}}, {"type": "Feature", "properties": {"OBJECTID": 113, "LS_ID": "FALLBACK_LSI_0113", "COUNTY": "Los Angeles", "ZONE_NAME": "Angeles National Forest", "LANDSLIDE_TYPE": "shallow landslide", "CONFIDENCE": "moderate", "ACTIVITY": "active", "YEAR_MAPPED": 2002, "AREA_SQKM_EST": 3.1721, "source_dataset": "California Geological Survey Landslide Inventory", "source_status": "simulated_fallback_due_ssl_download_failure", "data_use_note": "Not official CGS data; same-format fallback for course reproducibility."}, "geometry": {"type": "Polygon", "coordinates": [[[-118.137475, 34.341294], [-118.122942, 34.341294], [-118.122942, 34.359009], [-118.137475, 34.359009], [-118.137475, 34.341294]]]}}, {"type": "Feature", "properties": {"OBJECTID": 114, "LS_ID": "FALLBACK_LSI_0114", "COUNTY": "Los Angeles", "ZONE_NAME": "Santa Monica Mountains", "LANDSLIDE_TYPE": "deep-seated landslide", "CONFIDENCE": "moderate", "ACTIVITY": "active", "YEAR_MAPPED": 1981, "AREA_SQKM_EST": 0.9413, "source_dataset": "California Geological Survey Landslide Inventory", "source_status": "simulated_fallback_due_ssl_download_failure", "data_use_note": "Not official CGS data; same-format fallback for course reproducibility."}, "geometry": {"type": "Polygon", "coordinates": [[[-118.64881, 34.059923], [-118.642881, 34.059923], [-118.642881, 34.07281], [-118.64881, 34.07281], [-118.64881, 34.059923]]]}}, {"type": "Feature", "properties": {"OBJECTID": 115, "LS_ID": "FALLBACK_LSI_0115", "COUNTY": "Los Angeles", "ZONE_NAME": "Palos Verdes Peninsula", "LANDSLIDE_TYPE": "debris flow", "CONFIDENCE": "low", "ACTIVITY": "historic", "YEAR_MAPPED": 2001, "AREA_SQKM_EST": 3.9132, "source_dataset": "California Geological Survey Landslide Inventory", "source_status": "simulated_fallback_due_ssl_download_failure", "data_use_note": "Not official CGS data; same-format fallback for course reproducibility."}, "geometry": {"type": "Polygon", "coordinates": [[[-118.408459, 33.745403], [-118.390807, 33.745403], [-118.390807, 33.763396], [-118.408459, 33.763396], [-118.408459, 33.745403]]]}}, {"type": "Feature", "properties": {"OBJECTID": 116, "LS_ID": "FALLBACK_LSI_0116", "COUNTY": "Los Angeles", "ZONE_NAME": "San Gabriel Mountains", "LANDSLIDE_TYPE": "rock slide", "CONFIDENCE": "high", "ACTIVITY": "historic", "YEAR_MAPPED": 2021, "AREA_SQKM_EST": 0.7939, "source_dataset": "California Geological Survey Landslide Inventory", "source_status": "simulated_fallback_due_ssl_download_failure", "data_use_note": "Not official CGS data; same-format fallback for course reproducibility."}, "geometry": {"type": "Polygon", "coordinates": [[[-117.988246, 34.188774], [-117.983061, 34.188774], [-117.983061, 34.201202], [-117.988246, 34.201202], [-117.988246, 34.188774]]]}}, {"type": "Feature", "properties": {"OBJECTID": 117, "LS_ID": "FALLBACK_LSI_0117", "COUNTY": "Los Angeles", "ZONE_NAME": "Palos Verdes Peninsula", "LANDSLIDE_TYPE": "shallow landslide", "CONFIDENCE": "high", "ACTIVITY": "unknown", "YEAR_MAPPED": 1982, "AREA_SQKM_EST": 1.5313, "source_dataset": "California Geological Survey Landslide Inventory", "source_status": "simulated_fallback_due_ssl_download_failure", "data_use_note": "Not official CGS data; same-format fallback for course reproducibility."}, "geometry": {"type": "Polygon", "coordinates": [[[-118.346, 33.757166], [-118.330156, 33.757166], [-118.330156, 33.76501], [-118.346, 33.76501], [-118.346, 33.757166]]]}}, {"type": "Feature", "properties": {"OBJECTID": 118, "LS_ID": "FALLBACK_LSI_0118", "COUNTY": "Los Angeles", "ZONE_NAME": "Santa Monica Mountains", "LANDSLIDE_TYPE": "shallow landslide", "CONFIDENCE": "low", "ACTIVITY": "historic", "YEAR_MAPPED": 2019, "AREA_SQKM_EST": 1.2677, "source_dataset": "California Geological Survey Landslide Inventory", "source_status": "simulated_fallback_due_ssl_download_failure", "data_use_note": "Not official CGS data; same-format fallback for course reproducibility."}, "geometry": {"type": "Polygon", "coordinates": [[[-118.621399, 34.03943], [-118.614489, 34.03943], [-118.614489, 34.054321], [-118.621399, 34.054321], [-118.621399, 34.03943]]]}}, {"type": "Feature", "properties": {"OBJECTID": 119, "LS_ID": "FALLBACK_LSI_0119", "COUNTY": "Los Angeles", "ZONE_NAME": "San Gabriel Mountains", "LANDSLIDE_TYPE": "earth flow", "CONFIDENCE": "high", "ACTIVITY": "dormant", "YEAR_MAPPED": 1999, "AREA_SQKM_EST": 5.1042, "source_dataset": "California Geological Survey Landslide Inventory", "source_status": "simulated_fallback_due_ssl_download_failure", "data_use_note": "Not official CGS data; same-format fallback for course reproducibility."}, "geometry": {"type": "Polygon", "coordinates": [[[-117.995029, 34.197942], [-117.972978, 34.197942], [-117.972978, 34.216729], [-117.995029, 34.216729], [-117.995029, 34.197942]]]}}, {"type": "Feature", "properties": {"OBJECTID": 120, "LS_ID": "FALLBACK_LSI_0120", "COUNTY": "Los Angeles", "ZONE_NAME": "San Gabriel Mountains", "LANDSLIDE_TYPE": "deep-seated landslide", "CONFIDENCE": "moderate", "ACTIVITY": "active", "YEAR_MAPPED": 1983, "AREA_SQKM_EST": 1.3007, "source_dataset": "California Geological Survey Landslide Inventory", "source_status": "simulated_fallback_due_ssl_download_failure", "data_use_note": "Not official CGS data; same-format fallback for course reproducibility."}, "geometry": {"type": "Polygon", "coordinates": [[[-118.070484, 34.217939], [-118.064407, 34.217939], [-118.064407, 34.235312], [-118.070484, 34.235312], [-118.070484, 34.217939]]]}}, {"type": "Feature", "properties": {"OBJECTID": 121, "LS_ID": "FALLBACK_LSI_0121", "COUNTY": "Los Angeles", "ZONE_NAME": "Palos Verdes Peninsula", "LANDSLIDE_TYPE": "rock slide", "CONFIDENCE": "moderate", "ACTIVITY": "unknown", "YEAR_MAPPED": 1996, "AREA_SQKM_EST": 2.7175, "source_dataset": "California Geological Survey Landslide Inventory", "source_status": "simulated_fallback_due_ssl_download_failure", "data_use_note": "Not official CGS data; same-format fallback for course reproducibility."}, "geometry": {"type": "Polygon", "coordinates": [[[-118.437316, 33.771583], [-118.423727, 33.771583], [-118.423727, 33.787813], [-118.437316, 33.787813], [-118.437316, 33.771583]]]}}, {"type": "Feature", "properties": {"OBJECTID": 122, "LS_ID": "FALLBACK_LSI_0122", "COUNTY": "Los Angeles", "ZONE_NAME": "San Gabriel Mountains", "LANDSLIDE_TYPE": "rock slide", "CONFIDENCE": "low", "ACTIVITY": "unknown", "YEAR_MAPPED": 2016, "AREA_SQKM_EST": 1.8118, "source_dataset": "California Geological Survey Landslide Inventory", "source_status": "simulated_fallback_due_ssl_download_failure", "data_use_note": "Not official CGS data; same-format fallback for course reproducibility."}, "geometry": {"type": "Polygon", "coordinates": [[[-118.147795, 34.24373], [-118.13526, 34.24373], [-118.13526, 34.255461], [-118.147795, 34.255461], [-118.147795, 34.24373]]]}}, {"type": "Feature", "properties": {"OBJECTID": 123, "LS_ID": "FALLBACK_LSI_0123", "COUNTY": "Los Angeles", "ZONE_NAME": "San Gabriel Mountains", "LANDSLIDE_TYPE": "shallow landslide", "CONFIDENCE": "high", "ACTIVITY": "unknown", "YEAR_MAPPED": 2011, "AREA_SQKM_EST": 1.4411, "source_dataset": "California Geological Survey Landslide Inventory", "source_status": "simulated_fallback_due_ssl_download_failure", "data_use_note": "Not official CGS data; same-format fallback for course reproducibility."}, "geometry": {"type": "Polygon", "coordinates": [[[-118.014368, 34.277986], [-117.996053, 34.277986], [-117.996053, 34.284372], [-118.014368, 34.284372], [-118.014368, 34.277986]]]}}, {"type": "Feature", "properties": {"OBJECTID": 124, "LS_ID": "FALLBACK_LSI_0124", "COUNTY": "Los Angeles", "ZONE_NAME": "San Gabriel Mountains", "LANDSLIDE_TYPE": "earth flow", "CONFIDENCE": "high", "ACTIVITY": "historic", "YEAR_MAPPED": 1996, "AREA_SQKM_EST": 5.3309, "source_dataset": "California Geological Survey Landslide Inventory", "source_status": "simulated_fallback_due_ssl_download_failure", "data_use_note": "Not official CGS data; same-format fallback for course reproducibility."}, "geometry": {"type": "Polygon", "coordinates": [[[-118.094955, 34.232884], [-118.073171, 34.232884], [-118.073171, 34.252745], [-118.094955, 34.252745], [-118.094955, 34.232884]]]}}, {"type": "Feature", "properties": {"OBJECTID": 125, "LS_ID": "FALLBACK_LSI_0125", "COUNTY": "Los Angeles", "ZONE_NAME": "San Gabriel Mountains", "LANDSLIDE_TYPE": "shallow landslide", "CONFIDENCE": "low", "ACTIVITY": "active", "YEAR_MAPPED": 2010, "AREA_SQKM_EST": 2.1021, "source_dataset": "California Geological Survey Landslide Inventory", "source_status": "simulated_fallback_due_ssl_download_failure", "data_use_note": "Not official CGS data; same-format fallback for course reproducibility."}, "geometry": {"type": "Polygon", "coordinates": [[[-118.00913, 34.18183], [-117.999902, 34.18183], [-117.999902, 34.200317], [-118.00913, 34.200317], [-118.00913, 34.18183]]]}}, {"type": "Feature", "properties": {"OBJECTID": 126, "LS_ID": "FALLBACK_LSI_0126", "COUNTY": "Los Angeles", "ZONE_NAME": "Palos Verdes Peninsula", "LANDSLIDE_TYPE": "earth flow", "CONFIDENCE": "moderate", "ACTIVITY": "unknown", "YEAR_MAPPED": 1978, "AREA_SQKM_EST": 2.4468, "source_dataset": "California Geological Survey Landslide Inventory", "source_status": "simulated_fallback_due_ssl_download_failure", "data_use_note": "Not official CGS data; same-format fallback for course reproducibility."}, "geometry": {"type": "Polygon", "coordinates": [[[-118.377717, 33.75611], [-118.361752, 33.75611], [-118.361752, 33.768549], [-118.377717, 33.768549], [-118.377717, 33.75611]]]}}, {"type": "Feature", "properties": {"OBJECTID": 127, "LS_ID": "FALLBACK_LSI_0127", "COUNTY": "Los Angeles", "ZONE_NAME": "Angeles National Forest", "LANDSLIDE_TYPE": "deep-seated landslide", "CONFIDENCE": "moderate", "ACTIVITY": "active", "YEAR_MAPPED": 2000, "AREA_SQKM_EST": 2.155, "source_dataset": "California Geological Survey Landslide Inventory", "source_status": "simulated_fallback_due_ssl_download_failure", "data_use_note": "Not official CGS data; same-format fallback for course reproducibility."}, "geometry": {"type": "Polygon", "coordinates": [[[-118.195711, 34.358854], [-118.178602, 34.358854], [-118.178602, 34.369076], [-118.195711, 34.369076], [-118.195711, 34.358854]]]}}, {"type": "Feature", "properties": {"OBJECTID": 128, "LS_ID": "FALLBACK_LSI_0128", "COUNTY": "Los Angeles", "ZONE_NAME": "San Gabriel Mountains", "LANDSLIDE_TYPE": "shallow landslide", "CONFIDENCE": "high", "ACTIVITY": "unknown", "YEAR_MAPPED": 2016, "AREA_SQKM_EST": 2.1284, "source_dataset": "California Geological Survey Landslide Inventory", "source_status": "simulated_fallback_due_ssl_download_failure", "data_use_note": "Not official CGS data; same-format fallback for course reproducibility."}, "geometry": {"type": "Polygon", "coordinates": [[[-118.111243, 34.225404], [-118.09895, 34.225404], [-118.09895, 34.239457], [-118.111243, 34.239457], [-118.111243, 34.225404]]]}}, {"type": "Feature", "properties": {"OBJECTID": 129, "LS_ID": "FALLBACK_LSI_0129", "COUNTY": "Los Angeles", "ZONE_NAME": "Angeles National Forest", "LANDSLIDE_TYPE": "earth flow", "CONFIDENCE": "high", "ACTIVITY": "unknown", "YEAR_MAPPED": 2018, "AREA_SQKM_EST": 3.4868, "source_dataset": "California Geological Survey Landslide Inventory", "source_status": "simulated_fallback_due_ssl_download_failure", "data_use_note": "Not official CGS data; same-format fallback for course reproducibility."}, "geometry": {"type": "Polygon", "coordinates": [[[-118.079735, 34.404709], [-118.059561, 34.404709], [-118.059561, 34.418737], [-118.079735, 34.418737], [-118.079735, 34.404709]]]}}, {"type": "Feature", "properties": {"OBJECTID": 130, "LS_ID": "FALLBACK_LSI_0130", "COUNTY": "Los Angeles", "ZONE_NAME": "Santa Monica Mountains", "LANDSLIDE_TYPE": "shallow landslide", "CONFIDENCE": "high", "ACTIVITY": "active", "YEAR_MAPPED": 2009, "AREA_SQKM_EST": 1.1086, "source_dataset": "California Geological Survey Landslide Inventory", "source_status": "simulated_fallback_due_ssl_download_failure", "data_use_note": "Not official CGS data; same-format fallback for course reproducibility."}, "geometry": {"type": "Polygon", "coordinates": [[[-118.746876, 34.049894], [-118.739177, 34.049894], [-118.739177, 34.061581], [-118.746876, 34.061581], [-118.746876, 34.049894]]]}}, {"type": "Feature", "properties": {"OBJECTID": 131, "LS_ID": "FALLBACK_LSI_0131", "COUNTY": "Los Angeles", "ZONE_NAME": "Santa Monica Mountains", "LANDSLIDE_TYPE": "shallow landslide", "CONFIDENCE": "high", "ACTIVITY": "unknown", "YEAR_MAPPED": 1983, "AREA_SQKM_EST": 3.5337, "source_dataset": "California Geological Survey Landslide Inventory", "source_status": "simulated_fallback_due_ssl_download_failure", "data_use_note": "Not official CGS data; same-format fallback for course reproducibility."}, "geometry": {"type": "Polygon", "coordinates": [[[-118.707778, 34.067915], [-118.688904, 34.067915], [-118.688904, 34.083111], [-118.707778, 34.083111], [-118.707778, 34.067915]]]}}, {"type": "Feature", "properties": {"OBJECTID": 132, "LS_ID": "FALLBACK_LSI_0132", "COUNTY": "Los Angeles", "ZONE_NAME": "Palos Verdes Peninsula", "LANDSLIDE_TYPE": "earth flow", "CONFIDENCE": "low", "ACTIVITY": "historic", "YEAR_MAPPED": 2025, "AREA_SQKM_EST": 1.7802, "source_dataset": "California Geological Survey Landslide Inventory", "source_status": "simulated_fallback_due_ssl_download_failure", "data_use_note": "Not official CGS data; same-format fallback for course reproducibility."}, "geometry": {"type": "Polygon", "coordinates": [[[-118.384421, 33.765967], [-118.366558, 33.765967], [-118.366558, 33.774055], [-118.384421, 33.774055], [-118.384421, 33.765967]]]}}, {"type": "Feature", "properties": {"OBJECTID": 133, "LS_ID": "FALLBACK_LSI_0133", "COUNTY": "Los Angeles", "ZONE_NAME": "San Gabriel Mountains", "LANDSLIDE_TYPE": "debris flow", "CONFIDENCE": "low", "ACTIVITY": "unknown", "YEAR_MAPPED": 2008, "AREA_SQKM_EST": 2.9089, "source_dataset": "California Geological Survey Landslide Inventory", "source_status": "simulated_fallback_due_ssl_download_failure", "data_use_note": "Not official CGS data; same-format fallback for course reproducibility."}, "geometry": {"type": "Polygon", "coordinates": [[[-118.06717, 34.331926], [-118.04907, 34.331926], [-118.04907, 34.34497], [-118.06717, 34.34497], [-118.06717, 34.331926]]]}}, {"type": "Feature", "properties": {"OBJECTID": 134, "LS_ID": "FALLBACK_LSI_0134", "COUNTY": "Los Angeles", "ZONE_NAME": "Palos Verdes Peninsula", "LANDSLIDE_TYPE": "shallow landslide", "CONFIDENCE": "low", "ACTIVITY": "unknown", "YEAR_MAPPED": 2022, "AREA_SQKM_EST": 3.557, "source_dataset": "California Geological Survey Landslide Inventory", "source_status": "simulated_fallback_due_ssl_download_failure", "data_use_note": "Not official CGS data; same-format fallback for course reproducibility."}, "geometry": {"type": "Polygon", "coordinates": [[[-118.380489, 33.761235], [-118.360282, 33.761235], [-118.360282, 33.775522], [-118.380489, 33.775522], [-118.380489, 33.761235]]]}}, {"type": "Feature", "properties": {"OBJECTID": 135, "LS_ID": "FALLBACK_LSI_0135", "COUNTY": "Los Angeles", "ZONE_NAME": "Santa Monica Mountains", "LANDSLIDE_TYPE": "debris flow", "CONFIDENCE": "low", "ACTIVITY": "dormant", "YEAR_MAPPED": 1989, "AREA_SQKM_EST": 3.4865, "source_dataset": "California Geological Survey Landslide Inventory", "source_status": "simulated_fallback_due_ssl_download_failure", "data_use_note": "Not official CGS data; same-format fallback for course reproducibility."}, "geometry": {"type": "Polygon", "coordinates": [[[-118.616187, 34.047292], [-118.59802, 34.047292], [-118.59802, 34.062868], [-118.616187, 34.062868], [-118.616187, 34.047292]]]}}, {"type": "Feature", "properties": {"OBJECTID": 136, "LS_ID": "FALLBACK_LSI_0136", "COUNTY": "Los Angeles", "ZONE_NAME": "Santa Monica Mountains", "LANDSLIDE_TYPE": "rock slide", "CONFIDENCE": "low", "ACTIVITY": "historic", "YEAR_MAPPED": 2016, "AREA_SQKM_EST": 1.4107, "source_dataset": "California Geological Survey Landslide Inventory", "source_status": "simulated_fallback_due_ssl_download_failure", "data_use_note": "Not official CGS data; same-format fallback for course reproducibility."}, "geometry": {"type": "Polygon", "coordinates": [[[-118.664024, 34.148851], [-118.649562, 34.148851], [-118.649562, 34.156768], [-118.664024, 34.156768], [-118.664024, 34.148851]]]}}, {"type": "Feature", "properties": {"OBJECTID": 137, "LS_ID": "FALLBACK_LSI_0137", "COUNTY": "Los Angeles", "ZONE_NAME": "Angeles National Forest", "LANDSLIDE_TYPE": "debris flow", "CONFIDENCE": "moderate", "ACTIVITY": "historic", "YEAR_MAPPED": 1985, "AREA_SQKM_EST": 2.6102, "source_dataset": "California Geological Survey Landslide Inventory", "source_status": "simulated_fallback_due_ssl_download_failure", "data_use_note": "Not official CGS data; same-format fallback for course reproducibility."}, "geometry": {"type": "Polygon", "coordinates": [[[-118.203098, 34.294052], [-118.180828, 34.294052], [-118.180828, 34.303565], [-118.203098, 34.303565], [-118.203098, 34.294052]]]}}, {"type": "Feature", "properties": {"OBJECTID": 138, "LS_ID": "FALLBACK_LSI_0138", "COUNTY": "Los Angeles", "ZONE_NAME": "Santa Monica Mountains", "LANDSLIDE_TYPE": "shallow landslide", "CONFIDENCE": "moderate", "ACTIVITY": "unknown", "YEAR_MAPPED": 1987, "AREA_SQKM_EST": 1.5171, "source_dataset": "California Geological Survey Landslide Inventory", "source_status": "simulated_fallback_due_ssl_download_failure", "data_use_note": "Not official CGS data; same-format fallback for course reproducibility."}, "geometry": {"type": "Polygon", "coordinates": [[[-118.711259, 34.054854], [-118.701624, 34.054854], [-118.701624, 34.067633], [-118.711259, 34.067633], [-118.711259, 34.054854]]]}}, {"type": "Feature", "properties": {"OBJECTID": 139, "LS_ID": "FALLBACK_LSI_0139", "COUNTY": "Los Angeles", "ZONE_NAME": "Santa Monica Mountains", "LANDSLIDE_TYPE": "earth flow", "CONFIDENCE": "high", "ACTIVITY": "active", "YEAR_MAPPED": 2000, "AREA_SQKM_EST": 1.4187, "source_dataset": "California Geological Survey Landslide Inventory", "source_status": "simulated_fallback_due_ssl_download_failure", "data_use_note": "Not official CGS data; same-format fallback for course reproducibility."}, "geometry": {"type": "Polygon", "coordinates": [[[-118.651616, 34.034097], [-118.636906, 34.034097], [-118.636906, 34.041925], [-118.651616, 34.041925], [-118.651616, 34.034097]]]}}, {"type": "Feature", "properties": {"OBJECTID": 140, "LS_ID": "FALLBACK_LSI_0140", "COUNTY": "Los Angeles", "ZONE_NAME": "Angeles National Forest", "LANDSLIDE_TYPE": "debris flow", "CONFIDENCE": "moderate", "ACTIVITY": "historic", "YEAR_MAPPED": 2011, "AREA_SQKM_EST": 2.6636, "source_dataset": "California Geological Survey Landslide Inventory", "source_status": "simulated_fallback_due_ssl_download_failure", "data_use_note": "Not official CGS data; same-format fallback for course reproducibility."}, "geometry": {"type": "Polygon", "coordinates": [[[-118.209525, 34.370019], [-118.196707, 34.370019], [-118.196707, 34.386885], [-118.209525, 34.386885], [-118.209525, 34.370019]]]}}, {"type": "Feature", "properties": {"OBJECTID": 141, "LS_ID": "FALLBACK_LSI_0141", "COUNTY": "Los Angeles", "ZONE_NAME": "Palos Verdes Peninsula", "LANDSLIDE_TYPE": "rock slide", "CONFIDENCE": "high", "ACTIVITY": "active", "YEAR_MAPPED": 1989, "AREA_SQKM_EST": 0.8469, "source_dataset": "California Geological Survey Landslide Inventory", "source_status": "simulated_fallback_due_ssl_download_failure", "data_use_note": "Not official CGS data; same-format fallback for course reproducibility."}, "geometry": {"type": "Polygon", "coordinates": [[[-118.367163, 33.769103], [-118.357666, 33.769103], [-118.357666, 33.776341], [-118.367163, 33.776341], [-118.367163, 33.769103]]]}}, {"type": "Feature", "properties": {"OBJECTID": 142, "LS_ID": "FALLBACK_LSI_0142", "COUNTY": "Los Angeles", "ZONE_NAME": "Angeles National Forest", "LANDSLIDE_TYPE": "earth flow", "CONFIDENCE": "moderate", "ACTIVITY": "dormant", "YEAR_MAPPED": 2023, "AREA_SQKM_EST": 4.0749, "source_dataset": "California Geological Survey Landslide Inventory", "source_status": "simulated_fallback_due_ssl_download_failure", "data_use_note": "Not official CGS data; same-format fallback for course reproducibility."}, "geometry": {"type": "Polygon", "coordinates": [[[-118.156423, 34.344738], [-118.137648, 34.344738], [-118.137648, 34.362353], [-118.156423, 34.362353], [-118.156423, 34.344738]]]}}, {"type": "Feature", "properties": {"OBJECTID": 143, "LS_ID": "FALLBACK_LSI_0143", "COUNTY": "Los Angeles", "ZONE_NAME": "Santa Monica Mountains", "LANDSLIDE_TYPE": "debris flow", "CONFIDENCE": "high", "ACTIVITY": "dormant", "YEAR_MAPPED": 1983, "AREA_SQKM_EST": 1.1653, "source_dataset": "California Geological Survey Landslide Inventory", "source_status": "simulated_fallback_due_ssl_download_failure", "data_use_note": "Not official CGS data; same-format fallback for course reproducibility."}, "geometry": {"type": "Polygon", "coordinates": [[[-118.772397, 34.043026], [-118.76038, 34.043026], [-118.76038, 34.050896], [-118.772397, 34.050896], [-118.772397, 34.043026]]]}}, {"type": "Feature", "properties": {"OBJECTID": 144, "LS_ID": "FALLBACK_LSI_0144", "COUNTY": "Los Angeles", "ZONE_NAME": "San Gabriel Mountains", "LANDSLIDE_TYPE": "rock slide", "CONFIDENCE": "high", "ACTIVITY": "historic", "YEAR_MAPPED": 2019, "AREA_SQKM_EST": 2.7785, "source_dataset": "California Geological Survey Landslide Inventory", "source_status": "simulated_fallback_due_ssl_download_failure", "data_use_note": "Not official CGS data; same-format fallback for course reproducibility."}, "geometry": {"type": "Polygon", "coordinates": [[[-118.031469, 34.20814], [-118.009078, 34.20814], [-118.009078, 34.218211], [-118.031469, 34.218211], [-118.031469, 34.20814]]]}}, {"type": "Feature", "properties": {"OBJECTID": 145, "LS_ID": "FALLBACK_LSI_0145", "COUNTY": "Los Angeles", "ZONE_NAME": "San Gabriel Mountains", "LANDSLIDE_TYPE": "shallow landslide", "CONFIDENCE": "moderate", "ACTIVITY": "active", "YEAR_MAPPED": 1990, "AREA_SQKM_EST": 2.542, "source_dataset": "California Geological Survey Landslide Inventory", "source_status": "simulated_fallback_due_ssl_download_failure", "data_use_note": "Not official CGS data; same-format fallback for course reproducibility."}, "geometry": {"type": "Polygon", "coordinates": [[[-118.047977, 34.243401], [-118.032919, 34.243401], [-118.032919, 34.257102], [-118.047977, 34.257102], [-118.047977, 34.243401]]]}}, {"type": "Feature", "properties": {"OBJECTID": 146, "LS_ID": "FALLBACK_LSI_0146", "COUNTY": "Los Angeles", "ZONE_NAME": "Angeles National Forest", "LANDSLIDE_TYPE": "earth flow", "CONFIDENCE": "high", "ACTIVITY": "dormant", "YEAR_MAPPED": 1997, "AREA_SQKM_EST": 2.8806, "source_dataset": "California Geological Survey Landslide Inventory", "source_status": "simulated_fallback_due_ssl_download_failure", "data_use_note": "Not official CGS data; same-format fallback for course reproducibility."}, "geometry": {"type": "Polygon", "coordinates": [[[-118.231078, 34.305521], [-118.215931, 34.305521], [-118.215931, 34.320957], [-118.231078, 34.320957], [-118.231078, 34.305521]]]}}, {"type": "Feature", "properties": {"OBJECTID": 147, "LS_ID": "FALLBACK_LSI_0147", "COUNTY": "Los Angeles", "ZONE_NAME": "Santa Monica Mountains", "LANDSLIDE_TYPE": "deep-seated landslide", "CONFIDENCE": "high", "ACTIVITY": "historic", "YEAR_MAPPED": 2008, "AREA_SQKM_EST": 0.9378, "source_dataset": "California Geological Survey Landslide Inventory", "source_status": "simulated_fallback_due_ssl_download_failure", "data_use_note": "Not official CGS data; same-format fallback for course reproducibility."}, "geometry": {"type": "Polygon", "coordinates": [[[-118.713992, 34.050193], [-118.707344, 34.050193], [-118.707344, 34.061644], [-118.713992, 34.061644], [-118.713992, 34.050193]]]}}, {"type": "Feature", "properties": {"OBJECTID": 148, "LS_ID": "FALLBACK_LSI_0148", "COUNTY": "Los Angeles", "ZONE_NAME": "Santa Monica Mountains", "LANDSLIDE_TYPE": "debris flow", "CONFIDENCE": "high", "ACTIVITY": "active", "YEAR_MAPPED": 2005, "AREA_SQKM_EST": 4.8547, "source_dataset": "California Geological Survey Landslide Inventory", "source_status": "simulated_fallback_due_ssl_download_failure", "data_use_note": "Not official CGS data; same-format fallback for course reproducibility."}, "geometry": {"type": "Polygon", "coordinates": [[[-118.651917, 34.102089], [-118.631876, 34.102089], [-118.631876, 34.121749], [-118.651917, 34.121749], [-118.651917, 34.102089]]]}}, {"type": "Feature", "properties": {"OBJECTID": 149, "LS_ID": "FALLBACK_LSI_0149", "COUNTY": "Los Angeles", "ZONE_NAME": "Angeles National Forest", "LANDSLIDE_TYPE": "shallow landslide", "CONFIDENCE": "high", "ACTIVITY": "active", "YEAR_MAPPED": 1986, "AREA_SQKM_EST": 3.9952, "source_dataset": "California Geological Survey Landslide Inventory", "source_status": "simulated_fallback_due_ssl_download_failure", "data_use_note": "Not official CGS data; same-format fallback for course reproducibility."}, "geometry": {"type": "Polygon", "coordinates": [[[-118.133818, 34.313297], [-118.115186, 34.313297], [-118.115186, 34.3307], [-118.133818, 34.3307], [-118.133818, 34.313297]]]}}, {"type": "Feature", "properties": {"OBJECTID": 150, "LS_ID": "FALLBACK_LSI_0150", "COUNTY": "Los Angeles", "ZONE_NAME": "Santa Monica Mountains", "LANDSLIDE_TYPE": "earth flow", "CONFIDENCE": "moderate", "ACTIVITY": "active", "YEAR_MAPPED": 2021, "AREA_SQKM_EST": 3.5289, "source_dataset": "California Geological Survey Landslide Inventory", "source_status": "simulated_fallback_due_ssl_download_failure", "data_use_note": "Not official CGS data; same-format fallback for course reproducibility."}, "geometry": {"type": "Polygon", "coordinates": [[[-118.733102, 34.098026], [-118.717895, 34.098026], [-118.717895, 34.11686], [-118.733102, 34.11686], [-118.733102, 34.098026]]]}}]}