{"type": "FeatureCollection", "name": "fallback_simulated_geojson", "crs": {"type": "name", "properties": {"name": "EPSG:4326"}}, "features": [{"type": "Feature", "properties": {"OBJECTID": 2001, "FIPS": "06037002001", "LOCATION": "Los Angeles County fallback SVI tract 2001", "E_TOTPOP": 4367, "EP_POV150": 33.3, "EP_UNEMP": 5.5, "EP_AGE65": 21.8, "EP_DISABL": 20.1, "RPL_THEMES": 0.7406, "SVI_SCORE": 74.06, "source_dataset": "Social Vulnerability Index LA County FeatureServer", "source_status": "simulated_fallback_due_download_missing_or_unavailable", "data_use_note": "Fallback simulated polygon. Replace with real SVI GeoJSON if available."}, "geometry": {"type": "Polygon", "coordinates": [[[-117.801192, 33.112282], [-117.794192, 33.112282], [-117.794192, 33.119282], [-117.801192, 33.119282], [-117.801192, 33.112282]]]}}, {"type": "Feature", "properties": {"OBJECTID": 2002, "FIPS": "06037002002", "LOCATION": "Los Angeles County fallback SVI tract 2002", "E_TOTPOP": 1916, "EP_POV150": 9.6, "EP_UNEMP": 10.0, "EP_AGE65": 10.2, "EP_DISABL": 17.3, "RPL_THEMES": 0.5009, "SVI_SCORE": 50.09, "source_dataset": "Social Vulnerability Index LA County FeatureServer", "source_status": "simulated_fallback_due_download_missing_or_unavailable", "data_use_note": "Fallback simulated polygon. Replace with real SVI GeoJSON if available."}, "geometry": {"type": "Polygon", "coordinates": [[[-118.01241, 34.140311], [-118.00541, 34.140311], [-118.00541, 34.147311], [-118.01241, 34.147311], [-118.01241, 34.140311]]]}}, {"type": "Feature", "properties": {"OBJECTID": 2003, "FIPS": "06037002003", "LOCATION": "Los Angeles County fallback SVI tract 2003", "E_TOTPOP": 6963, "EP_POV150": 19.3, "EP_UNEMP": 13.7, "EP_AGE65": 20.3, "EP_DISABL": 16.8, "RPL_THEMES": 0.6008, "SVI_SCORE": 60.08, "source_dataset": "Social Vulnerability Index LA County FeatureServer", "source_status": "simulated_fallback_due_download_missing_or_unavailable", "data_use_note": "Fallback simulated polygon. Replace with real SVI GeoJSON if available."}, "geometry": {"type": "Polygon", "coordinates": [[[-118.168142, 33.145121], [-118.161142, 33.145121], [-118.161142, 33.152121], [-118.168142, 33.152121], [-118.168142, 33.145121]]]}}, {"type": "Feature", "properties": {"OBJECTID": 2004, "FIPS": "06037002004", "LOCATION": "Los Angeles County fallback SVI tract 2004", "E_TOTPOP": 1236, "EP_POV150": 10.9, "EP_UNEMP": 6.4, "EP_AGE65": 17.7, "EP_DISABL": 11.1, "RPL_THEMES": 0.4121, "SVI_SCORE": 41.21, "source_dataset": "Social Vulnerability Index LA County FeatureServer", "source_status": "simulated_fallback_due_download_missing_or_unavailable", "data_use_note": "Fallback simulated polygon. Replace with real SVI GeoJSON if available."}, "geometry": {"type": "Polygon", "coordinates": [[[-117.666866, 34.279219], [-117.659866, 34.279219], [-117.659866, 34.286219], [-117.666866, 34.286219], [-117.666866, 34.279219]]]}}, {"type": "Feature", "properties": {"OBJECTID": 2005, "FIPS": "06037002005", "LOCATION": "Los Angeles County fallback SVI tract 2005", "E_TOTPOP": 4488, "EP_POV150": 34.6, "EP_UNEMP": 3.5, "EP_AGE65": 21.5, "EP_DISABL": 20.5, "RPL_THEMES": 0.6751, "SVI_SCORE": 67.51, "source_dataset": "Social Vulnerability Index LA County FeatureServer", "source_status": "simulated_fallback_due_download_missing_or_unavailable", "data_use_note": "Fallback simulated polygon. Replace with real SVI GeoJSON if available."}, "geometry": {"type": "Polygon", "coordinates": [[[-118.627954, 34.189454], [-118.620954, 34.189454], [-118.620954, 34.196454], [-118.627954, 34.196454], [-118.627954, 34.189454]]]}}, {"type": "Feature", "properties": {"OBJECTID": 2006, "FIPS": "06037002006", "LOCATION": "Los Angeles County fallback SVI tract 2006", "E_TOTPOP": 6091, "EP_POV150": 8.6, "EP_UNEMP": 5.9, "EP_AGE65": 14.4, "EP_DISABL": 6.8, "RPL_THEMES": 0.3926, "SVI_SCORE": 39.26, "source_dataset": "Social Vulnerability Index LA County FeatureServer", "source_status": "simulated_fallback_due_download_missing_or_unavailable", "data_use_note": "Fallback simulated polygon. Replace with real SVI GeoJSON if available."}, "geometry": {"type": "Polygon", "coordinates": [[[-118.621414, 33.270827], [-118.614414, 33.270827], [-118.614414, 33.277827], [-118.621414, 33.277827], [-118.621414, 33.270827]]]}}, {"type": "Feature", "properties": {"OBJECTID": 2007, "FIPS": "06037002007", "LOCATION": "Los Angeles County fallback SVI tract 2007", "E_TOTPOP": 2889, "EP_POV150": 10.1, "EP_UNEMP": 10.3, "EP_AGE65": 18.6, "EP_DISABL": 14.4, "RPL_THEMES": 0.56, "SVI_SCORE": 56.0, "source_dataset": "Social Vulnerability Index LA County FeatureServer", "source_status": "simulated_fallback_due_download_missing_or_unavailable", "data_use_note": "Fallback simulated polygon. Replace with real SVI GeoJSON if available."}, "geometry": {"type": "Polygon", "coordinates": [[[-117.801464, 33.237061], [-117.794464, 33.237061], [-117.794464, 33.244061], [-117.801464, 33.244061], [-117.801464, 33.237061]]]}}, {"type": "Feature", "properties": {"OBJECTID": 2008, "FIPS": "06037002008", "LOCATION": "Los Angeles County fallback SVI tract 2008", "E_TOTPOP": 2529, "EP_POV150": 28.8, "EP_UNEMP": 3.6, "EP_AGE65": 21.7, "EP_DISABL": 11.7, "RPL_THEMES": 0.6405, "SVI_SCORE": 64.05, "source_dataset": "Social Vulnerability Index LA County FeatureServer", "source_status": "simulated_fallback_due_download_missing_or_unavailable", "data_use_note": "Fallback simulated polygon. Replace with real SVI GeoJSON if available."}, "geometry": {"type": "Polygon", "coordinates": [[[-118.587991, 34.45855], [-118.580991, 34.45855], [-118.580991, 34.46555], [-118.587991, 34.46555], [-118.587991, 34.45855]]]}}, {"type": "Feature", "properties": {"OBJECTID": 2009, "FIPS": "06037002009", "LOCATION": "Los Angeles County fallback SVI tract 2009", "E_TOTPOP": 5760, "EP_POV150": 36.8, "EP_UNEMP": 2.0, "EP_AGE65": 7.8, "EP_DISABL": 12.3, "RPL_THEMES": 0.5505, "SVI_SCORE": 55.05, "source_dataset": "Social Vulnerability Index LA County FeatureServer", "source_status": "simulated_fallback_due_download_missing_or_unavailable", "data_use_note": "Fallback simulated polygon. Replace with real SVI GeoJSON if available."}, "geometry": {"type": "Polygon", "coordinates": [[[-118.337538, 34.077747], [-118.330538, 34.077747], [-118.330538, 34.084747], [-118.337538, 34.084747], [-118.337538, 34.077747]]]}}, {"type": "Feature", "properties": {"OBJECTID": 2010, "FIPS": "06037002010", "LOCATION": "Los Angeles County fallback SVI tract 2010", "E_TOTPOP": 4260, "EP_POV150": 15.7, "EP_UNEMP": 9.3, "EP_AGE65": 12.8, "EP_DISABL": 15.2, "RPL_THEMES": 0.4749, "SVI_SCORE": 47.49, "source_dataset": "Social Vulnerability Index LA County FeatureServer", "source_status": "simulated_fallback_due_download_missing_or_unavailable", "data_use_note": "Fallback simulated polygon. Replace with real SVI GeoJSON if available."}, "geometry": {"type": "Polygon", "coordinates": [[[-117.911939, 32.932628], [-117.904939, 32.932628], [-117.904939, 32.939628], [-117.911939, 32.939628], [-117.911939, 32.932628]]]}}, {"type": "Feature", "properties": {"OBJECTID": 2011, "FIPS": "06037002011", "LOCATION": "Los Angeles County fallback SVI tract 2011", "E_TOTPOP": 2263, "EP_POV150": 5.0, "EP_UNEMP": 9.5, "EP_AGE65": 18.6, "EP_DISABL": 16.8, "RPL_THEMES": 0.4702, "SVI_SCORE": 47.02, "source_dataset": "Social Vulnerability Index LA County FeatureServer", "source_status": "simulated_fallback_due_download_missing_or_unavailable", "data_use_note": "Fallback simulated polygon. Replace with real SVI GeoJSON if available."}, "geometry": {"type": "Polygon", "coordinates": [[[-117.880711, 34.014275], [-117.873711, 34.014275], [-117.873711, 34.021275], [-117.880711, 34.021275], [-117.880711, 34.014275]]]}}, {"type": "Feature", "properties": {"OBJECTID": 2012, "FIPS": "06037002012", "LOCATION": "Los Angeles County fallback SVI tract 2012", "E_TOTPOP": 1761, "EP_POV150": 37.3, "EP_UNEMP": 12.6, "EP_AGE65": 11.4, "EP_DISABL": 10.2, "RPL_THEMES": 0.7365, "SVI_SCORE": 73.65, "source_dataset": "Social Vulnerability Index LA County FeatureServer", "source_status": "simulated_fallback_due_download_missing_or_unavailable", "data_use_note": "Fallback simulated polygon. Replace with real SVI GeoJSON if available."}, "geometry": {"type": "Polygon", "coordinates": [[[-117.730992, 34.29198], [-117.723992, 34.29198], [-117.723992, 34.29898], [-117.730992, 34.29898], [-117.730992, 34.29198]]]}}, {"type": "Feature", "properties": {"OBJECTID": 2013, "FIPS": "06037002013", "LOCATION": "Los Angeles County fallback SVI tract 2013", "E_TOTPOP": 6345, "EP_POV150": 35.1, "EP_UNEMP": 10.3, "EP_AGE65": 17.1, "EP_DISABL": 15.4, "RPL_THEMES": 0.6708, "SVI_SCORE": 67.08, "source_dataset": "Social Vulnerability Index LA County FeatureServer", "source_status": "simulated_fallback_due_download_missing_or_unavailable", "data_use_note": "Fallback simulated polygon. Replace with real SVI GeoJSON if available."}, "geometry": {"type": "Polygon", "coordinates": [[[-118.87544, 34.10078], [-118.86844, 34.10078], [-118.86844, 34.10778], [-118.87544, 34.10778], [-118.87544, 34.10078]]]}}, {"type": "Feature", "properties": {"OBJECTID": 2014, "FIPS": "06037002014", "LOCATION": "Los Angeles County fallback SVI tract 2014", "E_TOTPOP": 4452, "EP_POV150": 27.5, "EP_UNEMP": 14.4, "EP_AGE65": 21.3, "EP_DISABL": 17.6, "RPL_THEMES": 0.7145, "SVI_SCORE": 71.45, "source_dataset": "Social Vulnerability Index LA County FeatureServer", "source_status": "simulated_fallback_due_download_missing_or_unavailable", "data_use_note": "Fallback simulated polygon. Replace with real SVI GeoJSON if available."}, "geometry": {"type": "Polygon", "coordinates": [[[-118.447102, 32.957504], [-118.440102, 32.957504], [-118.440102, 32.964504], [-118.447102, 32.964504], [-118.447102, 32.957504]]]}}, {"type": "Feature", "properties": {"OBJECTID": 2015, "FIPS": "06037002015", "LOCATION": "Los Angeles County fallback SVI tract 2015", "E_TOTPOP": 1565, "EP_POV150": 29.8, "EP_UNEMP": 7.6, "EP_AGE65": 23.2, "EP_DISABL": 4.6, "RPL_THEMES": 0.6591, "SVI_SCORE": 65.91, "source_dataset": "Social Vulnerability Index LA County FeatureServer", "source_status": "simulated_fallback_due_download_missing_or_unavailable", "data_use_note": "Fallback simulated polygon. Replace with real SVI GeoJSON if available."}, "geometry": {"type": "Polygon", "coordinates": [[[-118.081204, 34.031129], [-118.074204, 34.031129], [-118.074204, 34.038129], [-118.081204, 34.038129], [-118.081204, 34.031129]]]}}, {"type": "Feature", "properties": {"OBJECTID": 2016, "FIPS": "06037002016", "LOCATION": "Los Angeles County fallback SVI tract 2016", "E_TOTPOP": 4011, "EP_POV150": 20.1, "EP_UNEMP": 9.2, "EP_AGE65": 22.7, "EP_DISABL": 10.6, "RPL_THEMES": 0.529, "SVI_SCORE": 52.9, "source_dataset": "Social Vulnerability Index LA County FeatureServer", "source_status": "simulated_fallback_due_download_missing_or_unavailable", "data_use_note": "Fallback simulated polygon. Replace with real SVI GeoJSON if available."}, "geometry": {"type": "Polygon", "coordinates": [[[-118.943687, 34.263775], [-118.936687, 34.263775], [-118.936687, 34.270775], [-118.943687, 34.270775], [-118.943687, 34.263775]]]}}, {"type": "Feature", "properties": {"OBJECTID": 2017, "FIPS": "06037002017", "LOCATION": "Los Angeles County fallback SVI tract 2017", "E_TOTPOP": 6453, "EP_POV150": 29.7, "EP_UNEMP": 5.4, "EP_AGE65": 17.8, "EP_DISABL": 11.2, "RPL_THEMES": 0.5086, "SVI_SCORE": 50.86, "source_dataset": "Social Vulnerability Index LA County FeatureServer", "source_status": "simulated_fallback_due_download_missing_or_unavailable", "data_use_note": "Fallback simulated polygon. Replace with real SVI GeoJSON if available."}, "geometry": {"type": "Polygon", "coordinates": [[[-118.05883, 33.109952], [-118.05183, 33.109952], [-118.05183, 33.116952], [-118.05883, 33.116952], [-118.05883, 33.109952]]]}}, {"type": "Feature", "properties": {"OBJECTID": 2018, "FIPS": "06037002018", "LOCATION": "Los Angeles County fallback SVI tract 2018", "E_TOTPOP": 5066, "EP_POV150": 12.2, "EP_UNEMP": 4.5, "EP_AGE65": 14.4, "EP_DISABL": 14.7, "RPL_THEMES": 0.4767, "SVI_SCORE": 47.67, "source_dataset": "Social Vulnerability Index LA County FeatureServer", "source_status": "simulated_fallback_due_download_missing_or_unavailable", "data_use_note": "Fallback simulated polygon. Replace with real SVI GeoJSON if available."}, "geometry": {"type": "Polygon", "coordinates": [[[-118.162553, 33.971226], [-118.155553, 33.971226], [-118.155553, 33.978226], [-118.162553, 33.978226], [-118.162553, 33.971226]]]}}, {"type": "Feature", "properties": {"OBJECTID": 2019, "FIPS": "06037002019", "LOCATION": "Los Angeles County fallback SVI tract 2019", "E_TOTPOP": 6372, "EP_POV150": 3.9, "EP_UNEMP": 5.9, "EP_AGE65": 21.2, "EP_DISABL": 14.7, "RPL_THEMES": 0.4003, "SVI_SCORE": 40.03, "source_dataset": "Social Vulnerability Index LA County FeatureServer", "source_status": "simulated_fallback_due_download_missing_or_unavailable", "data_use_note": "Fallback simulated polygon. Replace with real SVI GeoJSON if available."}, "geometry": {"type": "Polygon", "coordinates": [[[-118.772037, 33.28153], [-118.765037, 33.28153], [-118.765037, 33.28853], [-118.772037, 33.28853], [-118.772037, 33.28153]]]}}, {"type": "Feature", "properties": {"OBJECTID": 2020, "FIPS": "06037002020", "LOCATION": "Los Angeles County fallback SVI tract 2020", "E_TOTPOP": 5017, "EP_POV150": 27.8, "EP_UNEMP": 15.7, "EP_AGE65": 8.9, "EP_DISABL": 18.7, "RPL_THEMES": 0.6413, "SVI_SCORE": 64.13, "source_dataset": "Social Vulnerability Index LA County FeatureServer", "source_status": "simulated_fallback_due_download_missing_or_unavailable", "data_use_note": "Fallback simulated polygon. Replace with real SVI GeoJSON if available."}, "geometry": {"type": "Polygon", "coordinates": [[[-118.561064, 33.057568], [-118.554064, 33.057568], [-118.554064, 33.064568], [-118.561064, 33.064568], [-118.561064, 33.057568]]]}}, {"type": "Feature", "properties": {"OBJECTID": 2021, "FIPS": "06037002021", "LOCATION": "Los Angeles County fallback SVI tract 2021", "E_TOTPOP": 3998, "EP_POV150": 6.8, "EP_UNEMP": 14.2, "EP_AGE65": 13.5, "EP_DISABL": 8.9, "RPL_THEMES": 0.4894, "SVI_SCORE": 48.94, "source_dataset": "Social Vulnerability Index LA County FeatureServer", "source_status": "simulated_fallback_due_download_missing_or_unavailable", "data_use_note": "Fallback simulated polygon. Replace with real SVI GeoJSON if available."}, "geometry": {"type": "Polygon", "coordinates": [[[-118.495925, 33.73632], [-118.488925, 33.73632], [-118.488925, 33.74332], [-118.495925, 33.74332], [-118.495925, 33.73632]]]}}, {"type": "Feature", "properties": {"OBJECTID": 2022, "FIPS": "06037002022", "LOCATION": "Los Angeles County fallback SVI tract 2022", "E_TOTPOP": 4191, "EP_POV150": 37.6, "EP_UNEMP": 9.4, "EP_AGE65": 13.7, "EP_DISABL": 17.7, "RPL_THEMES": 0.6751, "SVI_SCORE": 67.51, "source_dataset": "Social Vulnerability Index LA County FeatureServer", "source_status": "simulated_fallback_due_download_missing_or_unavailable", "data_use_note": "Fallback simulated polygon. Replace with real SVI GeoJSON if available."}, "geometry": {"type": "Polygon", "coordinates": [[[-118.943453, 34.715814], [-118.936453, 34.715814], [-118.936453, 34.722814], [-118.943453, 34.722814], [-118.943453, 34.715814]]]}}, {"type": "Feature", "properties": {"OBJECTID": 2023, "FIPS": "06037002023", "LOCATION": "Los Angeles County fallback SVI tract 2023", "E_TOTPOP": 874, "EP_POV150": 11.0, "EP_UNEMP": 3.0, "EP_AGE65": 7.6, "EP_DISABL": 15.0, "RPL_THEMES": 0.3583, "SVI_SCORE": 35.83, "source_dataset": "Social Vulnerability Index LA County FeatureServer", "source_status": "simulated_fallback_due_download_missing_or_unavailable", "data_use_note": "Fallback simulated polygon. Replace with real SVI GeoJSON if available."}, "geometry": {"type": "Polygon", "coordinates": [[[-118.772821, 34.80751], [-118.765821, 34.80751], [-118.765821, 34.81451], [-118.772821, 34.81451], [-118.772821, 34.80751]]]}}, {"type": "Feature", "properties": {"OBJECTID": 2024, "FIPS": "06037002024", "LOCATION": "Los Angeles County fallback SVI tract 2024", "E_TOTPOP": 6856, "EP_POV150": 22.2, "EP_UNEMP": 4.7, "EP_AGE65": 8.8, "EP_DISABL": 19.6, "RPL_THEMES": 0.5468, "SVI_SCORE": 54.68, "source_dataset": "Social Vulnerability Index LA County FeatureServer", "source_status": "simulated_fallback_due_download_missing_or_unavailable", "data_use_note": "Fallback simulated polygon. Replace with real SVI GeoJSON if available."}, "geometry": {"type": "Polygon", "coordinates": [[[-117.97761, 32.883403], [-117.97061, 32.883403], [-117.97061, 32.890403], [-117.97761, 32.890403], [-117.97761, 32.883403]]]}}, {"type": "Feature", "properties": {"OBJECTID": 2025, "FIPS": "06037002025", "LOCATION": "Los Angeles County fallback SVI tract 2025", "E_TOTPOP": 5561, "EP_POV150": 37.0, "EP_UNEMP": 10.9, "EP_AGE65": 12.7, "EP_DISABL": 6.1, "RPL_THEMES": 0.6777, "SVI_SCORE": 67.77, "source_dataset": "Social Vulnerability Index LA County FeatureServer", "source_status": "simulated_fallback_due_download_missing_or_unavailable", "data_use_note": "Fallback simulated polygon. Replace with real SVI GeoJSON if available."}, "geometry": {"type": "Polygon", "coordinates": [[[-118.899411, 32.820353], [-118.892411, 32.820353], [-118.892411, 32.827353], [-118.899411, 32.827353], [-118.899411, 32.820353]]]}}, {"type": "Feature", "properties": {"OBJECTID": 2026, "FIPS": "06037002026", "LOCATION": "Los Angeles County fallback SVI tract 2026", "E_TOTPOP": 3009, "EP_POV150": 26.6, "EP_UNEMP": 8.0, "EP_AGE65": 8.0, "EP_DISABL": 13.0, "RPL_THEMES": 0.5278, "SVI_SCORE": 52.78, "source_dataset": "Social Vulnerability Index LA County FeatureServer", "source_status": "simulated_fallback_due_download_missing_or_unavailable", "data_use_note": "Fallback simulated polygon. Replace with real SVI GeoJSON if available."}, "geometry": {"type": "Polygon", "coordinates": [[[-118.738971, 32.822709], [-118.731971, 32.822709], [-118.731971, 32.829709], [-118.738971, 32.829709], [-118.738971, 32.822709]]]}}, {"type": "Feature", "properties": {"OBJECTID": 2027, "FIPS": "06037002027", "LOCATION": "Los Angeles County fallback SVI tract 2027", "E_TOTPOP": 3651, "EP_POV150": 25.8, "EP_UNEMP": 5.3, "EP_AGE65": 23.6, "EP_DISABL": 17.9, "RPL_THEMES": 0.5934, "SVI_SCORE": 59.34, "source_dataset": "Social Vulnerability Index LA County FeatureServer", "source_status": "simulated_fallback_due_download_missing_or_unavailable", "data_use_note": "Fallback simulated polygon. Replace with real SVI GeoJSON if available."}, "geometry": {"type": "Polygon", "coordinates": [[[-118.724506, 34.561723], [-118.717506, 34.561723], [-118.717506, 34.568723], [-118.724506, 34.568723], [-118.724506, 34.561723]]]}}, {"type": "Feature", "properties": {"OBJECTID": 2028, "FIPS": "06037002028", "LOCATION": "Los Angeles County fallback SVI tract 2028", "E_TOTPOP": 4186, "EP_POV150": 30.7, "EP_UNEMP": 1.7, "EP_AGE65": 13.8, "EP_DISABL": 15.8, "RPL_THEMES": 0.5557, "SVI_SCORE": 55.57, "source_dataset": "Social Vulnerability Index LA County FeatureServer", "source_status": "simulated_fallback_due_download_missing_or_unavailable", "data_use_note": "Fallback simulated polygon. Replace with real SVI GeoJSON if available."}, "geometry": {"type": "Polygon", "coordinates": [[[-117.799272, 33.727889], [-117.792272, 33.727889], [-117.792272, 33.734889], [-117.799272, 33.734889], [-117.799272, 33.727889]]]}}, {"type": "Feature", "properties": {"OBJECTID": 2029, "FIPS": "06037002029", "LOCATION": "Los Angeles County fallback SVI tract 2029", "E_TOTPOP": 851, "EP_POV150": 32.2, "EP_UNEMP": 3.1, "EP_AGE65": 19.4, "EP_DISABL": 18.4, "RPL_THEMES": 0.6621, "SVI_SCORE": 66.21, "source_dataset": "Social Vulnerability Index LA County FeatureServer", "source_status": "simulated_fallback_due_download_missing_or_unavailable", "data_use_note": "Fallback simulated polygon. Replace with real SVI GeoJSON if available."}, "geometry": {"type": "Polygon", "coordinates": [[[-117.970761, 32.971498], [-117.963761, 32.971498], [-117.963761, 32.978498], [-117.970761, 32.978498], [-117.970761, 32.971498]]]}}, {"type": "Feature", "properties": {"OBJECTID": 2030, "FIPS": "06037002030", "LOCATION": "Los Angeles County fallback SVI tract 2030", "E_TOTPOP": 1957, "EP_POV150": 33.3, "EP_UNEMP": 11.7, "EP_AGE65": 14.7, "EP_DISABL": 10.7, "RPL_THEMES": 0.6419, "SVI_SCORE": 64.19, "source_dataset": "Social Vulnerability Index LA County FeatureServer", "source_status": "simulated_fallback_due_download_missing_or_unavailable", "data_use_note": "Fallback simulated polygon. Replace with real SVI GeoJSON if available."}, "geometry": {"type": "Polygon", "coordinates": [[[-118.097243, 34.255747], [-118.090243, 34.255747], [-118.090243, 34.262747], [-118.097243, 34.262747], [-118.097243, 34.255747]]]}}, {"type": "Feature", "properties": {"OBJECTID": 2031, "FIPS": "06037002031", "LOCATION": "Los Angeles County fallback SVI tract 2031", "E_TOTPOP": 4219, "EP_POV150": 22.1, "EP_UNEMP": 13.2, "EP_AGE65": 21.2, "EP_DISABL": 18.0, "RPL_THEMES": 0.7376, "SVI_SCORE": 73.76, "source_dataset": "Social Vulnerability Index LA County FeatureServer", "source_status": "simulated_fallback_due_download_missing_or_unavailable", "data_use_note": "Fallback simulated polygon. Replace with real SVI GeoJSON if available."}, "geometry": {"type": "Polygon", "coordinates": [[[-118.859175, 33.672491], [-118.852175, 33.672491], [-118.852175, 33.679491], [-118.859175, 33.679491], [-118.859175, 33.672491]]]}}, {"type": "Feature", "properties": {"OBJECTID": 2032, "FIPS": "06037002032", "LOCATION": "Los Angeles County fallback SVI tract 2032", "E_TOTPOP": 2652, "EP_POV150": 6.2, "EP_UNEMP": 14.6, "EP_AGE65": 5.4, "EP_DISABL": 19.7, "RPL_THEMES": 0.4769, "SVI_SCORE": 47.69, "source_dataset": "Social Vulnerability Index LA County FeatureServer", "source_status": "simulated_fallback_due_download_missing_or_unavailable", "data_use_note": "Fallback simulated polygon. Replace with real SVI GeoJSON if available."}, "geometry": {"type": "Polygon", "coordinates": [[[-118.027345, 33.681888], [-118.020345, 33.681888], [-118.020345, 33.688888], [-118.027345, 33.688888], [-118.027345, 33.681888]]]}}, {"type": "Feature", "properties": {"OBJECTID": 2033, "FIPS": "06037002033", "LOCATION": "Los Angeles County fallback SVI tract 2033", "E_TOTPOP": 6678, "EP_POV150": 29.2, "EP_UNEMP": 4.4, "EP_AGE65": 15.6, "EP_DISABL": 15.3, "RPL_THEMES": 0.5309, "SVI_SCORE": 53.09, "source_dataset": "Social Vulnerability Index LA County FeatureServer", "source_status": "simulated_fallback_due_download_missing_or_unavailable", "data_use_note": "Fallback simulated polygon. Replace with real SVI GeoJSON if available."}, "geometry": {"type": "Polygon", "coordinates": [[[-117.667941, 33.491763], [-117.660941, 33.491763], [-117.660941, 33.498763], [-117.667941, 33.498763], [-117.667941, 33.491763]]]}}, {"type": "Feature", "properties": {"OBJECTID": 2034, "FIPS": "06037002034", "LOCATION": "Los Angeles County fallback SVI tract 2034", "E_TOTPOP": 4085, "EP_POV150": 27.5, "EP_UNEMP": 14.9, "EP_AGE65": 19.9, "EP_DISABL": 13.6, "RPL_THEMES": 0.7123, "SVI_SCORE": 71.23, "source_dataset": "Social Vulnerability Index LA County FeatureServer", "source_status": "simulated_fallback_due_download_missing_or_unavailable", "data_use_note": "Fallback simulated polygon. Replace with real SVI GeoJSON if available."}, "geometry": {"type": "Polygon", "coordinates": [[[-118.682244, 33.946585], [-118.675244, 33.946585], [-118.675244, 33.953585], [-118.682244, 33.953585], [-118.682244, 33.946585]]]}}, {"type": "Feature", "properties": {"OBJECTID": 2035, "FIPS": "06037002035", "LOCATION": "Los Angeles County fallback SVI tract 2035", "E_TOTPOP": 1559, "EP_POV150": 35.8, "EP_UNEMP": 11.3, "EP_AGE65": 14.3, "EP_DISABL": 21.5, "RPL_THEMES": 0.7223, "SVI_SCORE": 72.23, "source_dataset": "Social Vulnerability Index LA County FeatureServer", "source_status": "simulated_fallback_due_download_missing_or_unavailable", "data_use_note": "Fallback simulated polygon. Replace with real SVI GeoJSON if available."}, "geometry": {"type": "Polygon", "coordinates": [[[-118.852543, 34.046795], [-118.845543, 34.046795], [-118.845543, 34.053795], [-118.852543, 34.053795], [-118.852543, 34.046795]]]}}, {"type": "Feature", "properties": {"OBJECTID": 2036, "FIPS": "06037002036", "LOCATION": "Los Angeles County fallback SVI tract 2036", "E_TOTPOP": 4125, "EP_POV150": 6.3, "EP_UNEMP": 2.0, "EP_AGE65": 18.0, "EP_DISABL": 6.5, "RPL_THEMES": 0.2946, "SVI_SCORE": 29.46, "source_dataset": "Social Vulnerability Index LA County FeatureServer", "source_status": "simulated_fallback_due_download_missing_or_unavailable", "data_use_note": "Fallback simulated polygon. Replace with real SVI GeoJSON if available."}, "geometry": {"type": "Polygon", "coordinates": [[[-118.057118, 34.364525], [-118.050118, 34.364525], [-118.050118, 34.371525], [-118.057118, 34.371525], [-118.057118, 34.364525]]]}}, {"type": "Feature", "properties": {"OBJECTID": 2037, "FIPS": "06037002037", "LOCATION": "Los Angeles County fallback SVI tract 2037", "E_TOTPOP": 3099, "EP_POV150": 24.8, "EP_UNEMP": 2.3, "EP_AGE65": 14.8, "EP_DISABL": 16.0, "RPL_THEMES": 0.5534, "SVI_SCORE": 55.34, "source_dataset": "Social Vulnerability Index LA County FeatureServer", "source_status": "simulated_fallback_due_download_missing_or_unavailable", "data_use_note": "Fallback simulated polygon. Replace with real SVI GeoJSON if available."}, "geometry": {"type": "Polygon", "coordinates": [[[-117.675888, 32.886963], [-117.668888, 32.886963], [-117.668888, 32.893963], [-117.675888, 32.893963], [-117.675888, 32.886963]]]}}, {"type": "Feature", "properties": {"OBJECTID": 2038, "FIPS": "06037002038", "LOCATION": "Los Angeles County fallback SVI tract 2038", "E_TOTPOP": 2958, "EP_POV150": 22.2, "EP_UNEMP": 2.9, "EP_AGE65": 9.4, "EP_DISABL": 9.8, "RPL_THEMES": 0.4663, "SVI_SCORE": 46.63, "source_dataset": "Social Vulnerability Index LA County FeatureServer", "source_status": "simulated_fallback_due_download_missing_or_unavailable", "data_use_note": "Fallback simulated polygon. Replace with real SVI GeoJSON if available."}, "geometry": {"type": "Polygon", "coordinates": [[[-118.600935, 34.300994], [-118.593935, 34.300994], [-118.593935, 34.307994], [-118.600935, 34.307994], [-118.600935, 34.300994]]]}}, {"type": "Feature", "properties": {"OBJECTID": 2039, "FIPS": "06037002039", "LOCATION": "Los Angeles County fallback SVI tract 2039", "E_TOTPOP": 2063, "EP_POV150": 19.5, "EP_UNEMP": 2.3, "EP_AGE65": 9.8, "EP_DISABL": 15.4, "RPL_THEMES": 0.4323, "SVI_SCORE": 43.23, "source_dataset": "Social Vulnerability Index LA County FeatureServer", "source_status": "simulated_fallback_due_download_missing_or_unavailable", "data_use_note": "Fallback simulated polygon. Replace with real SVI GeoJSON if available."}, "geometry": {"type": "Polygon", "coordinates": [[[-118.918131, 33.270667], [-118.911131, 33.270667], [-118.911131, 33.277667], [-118.918131, 33.277667], [-118.918131, 33.270667]]]}}, {"type": "Feature", "properties": {"OBJECTID": 2040, "FIPS": "06037002040", "LOCATION": "Los Angeles County fallback SVI tract 2040", "E_TOTPOP": 3858, "EP_POV150": 23.4, "EP_UNEMP": 1.6, "EP_AGE65": 12.3, "EP_DISABL": 12.0, "RPL_THEMES": 0.4413, "SVI_SCORE": 44.13, "source_dataset": "Social Vulnerability Index LA County FeatureServer", "source_status": "simulated_fallback_due_download_missing_or_unavailable", "data_use_note": "Fallback simulated polygon. Replace with real SVI GeoJSON if available."}, "geometry": {"type": "Polygon", "coordinates": [[[-118.034256, 34.327732], [-118.027256, 34.327732], [-118.027256, 34.334732], [-118.034256, 34.334732], [-118.034256, 34.327732]]]}}, {"type": "Feature", "properties": {"OBJECTID": 2041, "FIPS": "06037002041", "LOCATION": "Los Angeles County fallback SVI tract 2041", "E_TOTPOP": 5661, "EP_POV150": 15.2, "EP_UNEMP": 11.0, "EP_AGE65": 19.2, "EP_DISABL": 16.3, "RPL_THEMES": 0.5495, "SVI_SCORE": 54.95, "source_dataset": "Social Vulnerability Index LA County FeatureServer", "source_status": "simulated_fallback_due_download_missing_or_unavailable", "data_use_note": "Fallback simulated polygon. Replace with real SVI GeoJSON if available."}, "geometry": {"type": "Polygon", "coordinates": [[[-118.906612, 33.151303], [-118.899612, 33.151303], [-118.899612, 33.158303], [-118.906612, 33.158303], [-118.906612, 33.151303]]]}}, {"type": "Feature", "properties": {"OBJECTID": 2042, "FIPS": "06037002042", "LOCATION": "Los Angeles County fallback SVI tract 2042", "E_TOTPOP": 4696, "EP_POV150": 11.4, "EP_UNEMP": 2.6, "EP_AGE65": 9.8, "EP_DISABL": 6.7, "RPL_THEMES": 0.2595, "SVI_SCORE": 25.95, "source_dataset": "Social Vulnerability Index LA County FeatureServer", "source_status": "simulated_fallback_due_download_missing_or_unavailable", "data_use_note": "Fallback simulated polygon. Replace with real SVI GeoJSON if available."}, "geometry": {"type": "Polygon", "coordinates": [[[-117.778682, 33.757773], [-117.771682, 33.757773], [-117.771682, 33.764773], [-117.778682, 33.764773], [-117.778682, 33.757773]]]}}, {"type": "Feature", "properties": {"OBJECTID": 2043, "FIPS": "06037002043", "LOCATION": "Los Angeles County fallback SVI tract 2043", "E_TOTPOP": 6229, "EP_POV150": 14.9, "EP_UNEMP": 10.5, "EP_AGE65": 6.4, "EP_DISABL": 8.4, "RPL_THEMES": 0.3476, "SVI_SCORE": 34.76, "source_dataset": "Social Vulnerability Index LA County FeatureServer", "source_status": "simulated_fallback_due_download_missing_or_unavailable", "data_use_note": "Fallback simulated polygon. Replace with real SVI GeoJSON if available."}, "geometry": {"type": "Polygon", "coordinates": [[[-118.303724, 34.022292], [-118.296724, 34.022292], [-118.296724, 34.029292], [-118.303724, 34.029292], [-118.303724, 34.022292]]]}}, {"type": "Feature", "properties": {"OBJECTID": 2044, "FIPS": "06037002044", "LOCATION": "Los Angeles County fallback SVI tract 2044", "E_TOTPOP": 1955, "EP_POV150": 27.8, "EP_UNEMP": 12.4, "EP_AGE65": 20.2, "EP_DISABL": 13.5, "RPL_THEMES": 0.7586, "SVI_SCORE": 75.86, "source_dataset": "Social Vulnerability Index LA County FeatureServer", "source_status": "simulated_fallback_due_download_missing_or_unavailable", "data_use_note": "Fallback simulated polygon. Replace with real SVI GeoJSON if available."}, "geometry": {"type": "Polygon", "coordinates": [[[-117.915742, 33.331316], [-117.908742, 33.331316], [-117.908742, 33.338316], [-117.915742, 33.338316], [-117.915742, 33.331316]]]}}, {"type": "Feature", "properties": {"OBJECTID": 2045, "FIPS": "06037002045", "LOCATION": "Los Angeles County fallback SVI tract 2045", "E_TOTPOP": 6245, "EP_POV150": 25.3, "EP_UNEMP": 14.4, "EP_AGE65": 5.2, "EP_DISABL": 17.4, "RPL_THEMES": 0.6304, "SVI_SCORE": 63.04, "source_dataset": "Social Vulnerability Index LA County FeatureServer", "source_status": "simulated_fallback_due_download_missing_or_unavailable", "data_use_note": "Fallback simulated polygon. Replace with real SVI GeoJSON if available."}, "geometry": {"type": "Polygon", "coordinates": [[[-118.081946, 33.129871], [-118.074946, 33.129871], [-118.074946, 33.136871], [-118.081946, 33.136871], [-118.081946, 33.129871]]]}}, {"type": "Feature", "properties": {"OBJECTID": 2046, "FIPS": "06037002046", "LOCATION": "Los Angeles County fallback SVI tract 2046", "E_TOTPOP": 5341, "EP_POV150": 24.6, "EP_UNEMP": 14.5, "EP_AGE65": 23.5, "EP_DISABL": 4.2, "RPL_THEMES": 0.6475, "SVI_SCORE": 64.75, "source_dataset": "Social Vulnerability Index LA County FeatureServer", "source_status": "simulated_fallback_due_download_missing_or_unavailable", "data_use_note": "Fallback simulated polygon. Replace with real SVI GeoJSON if available."}, "geometry": {"type": "Polygon", "coordinates": [[[-117.894674, 33.510325], [-117.887674, 33.510325], [-117.887674, 33.517325], [-117.894674, 33.517325], [-117.894674, 33.510325]]]}}, {"type": "Feature", "properties": {"OBJECTID": 2047, "FIPS": "06037002047", "LOCATION": "Los Angeles County fallback SVI tract 2047", "E_TOTPOP": 1505, "EP_POV150": 17.0, "EP_UNEMP": 6.7, "EP_AGE65": 11.4, "EP_DISABL": 6.0, "RPL_THEMES": 0.3586, "SVI_SCORE": 35.86, "source_dataset": "Social Vulnerability Index LA County FeatureServer", "source_status": "simulated_fallback_due_download_missing_or_unavailable", "data_use_note": "Fallback simulated polygon. Replace with real SVI GeoJSON if available."}, "geometry": {"type": "Polygon", "coordinates": [[[-118.72995, 33.439011], [-118.72295, 33.439011], [-118.72295, 33.446011], [-118.72995, 33.446011], [-118.72995, 33.439011]]]}}, {"type": "Feature", "properties": {"OBJECTID": 2048, "FIPS": "06037002048", "LOCATION": "Los Angeles County fallback SVI tract 2048", "E_TOTPOP": 6234, "EP_POV150": 16.4, "EP_UNEMP": 8.5, "EP_AGE65": 14.7, "EP_DISABL": 19.5, "RPL_THEMES": 0.4965, "SVI_SCORE": 49.65, "source_dataset": "Social Vulnerability Index LA County FeatureServer", "source_status": "simulated_fallback_due_download_missing_or_unavailable", "data_use_note": "Fallback simulated polygon. Replace with real SVI GeoJSON if available."}, "geometry": {"type": "Polygon", "coordinates": [[[-117.890085, 33.920622], [-117.883085, 33.920622], [-117.883085, 33.927622], [-117.890085, 33.927622], [-117.890085, 33.920622]]]}}, {"type": "Feature", "properties": {"OBJECTID": 2049, "FIPS": "06037002049", "LOCATION": "Los Angeles County fallback SVI tract 2049", "E_TOTPOP": 5288, "EP_POV150": 37.2, "EP_UNEMP": 12.7, "EP_AGE65": 16.3, "EP_DISABL": 4.3, "RPL_THEMES": 0.7254, "SVI_SCORE": 72.54, "source_dataset": "Social Vulnerability Index LA County FeatureServer", "source_status": "simulated_fallback_due_download_missing_or_unavailable", "data_use_note": "Fallback simulated polygon. Replace with real SVI GeoJSON if available."}, "geometry": {"type": "Polygon", "coordinates": [[[-117.829837, 33.612835], [-117.822837, 33.612835], [-117.822837, 33.619835], [-117.829837, 33.619835], [-117.829837, 33.612835]]]}}, {"type": "Feature", "properties": {"OBJECTID": 2050, "FIPS": "06037002050", "LOCATION": "Los Angeles County fallback SVI tract 2050", "E_TOTPOP": 2384, "EP_POV150": 17.0, "EP_UNEMP": 9.0, "EP_AGE65": 11.3, "EP_DISABL": 12.4, "RPL_THEMES": 0.5272, "SVI_SCORE": 52.72, "source_dataset": "Social Vulnerability Index LA County FeatureServer", "source_status": "simulated_fallback_due_download_missing_or_unavailable", "data_use_note": "Fallback simulated polygon. Replace with real SVI GeoJSON if available."}, "geometry": {"type": "Polygon", "coordinates": [[[-117.783475, 33.859905], [-117.776475, 33.859905], [-117.776475, 33.866905], [-117.783475, 33.866905], [-117.783475, 33.859905]]]}}, {"type": "Feature", "properties": {"OBJECTID": 2051, "FIPS": "06037002051", "LOCATION": "Los Angeles County fallback SVI tract 2051", "E_TOTPOP": 4876, "EP_POV150": 21.2, "EP_UNEMP": 4.9, "EP_AGE65": 5.7, "EP_DISABL": 5.2, "RPL_THEMES": 0.3287, "SVI_SCORE": 32.87, "source_dataset": "Social Vulnerability Index LA County FeatureServer", "source_status": "simulated_fallback_due_download_missing_or_unavailable", "data_use_note": "Fallback simulated polygon. Replace with real SVI GeoJSON if available."}, "geometry": {"type": "Polygon", "coordinates": [[[-118.542806, 34.450318], [-118.535806, 34.450318], [-118.535806, 34.457318], [-118.542806, 34.457318], [-118.542806, 34.450318]]]}}, {"type": "Feature", "properties": {"OBJECTID": 2052, "FIPS": "06037002052", "LOCATION": "Los Angeles County fallback SVI tract 2052", "E_TOTPOP": 6998, "EP_POV150": 24.4, "EP_UNEMP": 5.8, "EP_AGE65": 17.5, "EP_DISABL": 8.6, "RPL_THEMES": 0.5466, "SVI_SCORE": 54.66, "source_dataset": "Social Vulnerability Index LA County FeatureServer", "source_status": "simulated_fallback_due_download_missing_or_unavailable", "data_use_note": "Fallback simulated polygon. Replace with real SVI GeoJSON if available."}, "geometry": {"type": "Polygon", "coordinates": [[[-117.758111, 34.382123], [-117.751111, 34.382123], [-117.751111, 34.389123], [-117.758111, 34.389123], [-117.758111, 34.382123]]]}}, {"type": "Feature", "properties": {"OBJECTID": 2053, "FIPS": "06037002053", "LOCATION": "Los Angeles County fallback SVI tract 2053", "E_TOTPOP": 1522, "EP_POV150": 14.0, "EP_UNEMP": 9.8, "EP_AGE65": 7.8, "EP_DISABL": 14.0, "RPL_THEMES": 0.3811, "SVI_SCORE": 38.11, "source_dataset": "Social Vulnerability Index LA County FeatureServer", "source_status": "simulated_fallback_due_download_missing_or_unavailable", "data_use_note": "Fallback simulated polygon. Replace with real SVI GeoJSON if available."}, "geometry": {"type": "Polygon", "coordinates": [[[-117.81967, 34.605306], [-117.81267, 34.605306], [-117.81267, 34.612306], [-117.81967, 34.612306], [-117.81967, 34.605306]]]}}, {"type": "Feature", "properties": {"OBJECTID": 2054, "FIPS": "06037002054", "LOCATION": "Los Angeles County fallback SVI tract 2054", "E_TOTPOP": 5869, "EP_POV150": 30.5, "EP_UNEMP": 9.4, "EP_AGE65": 23.5, "EP_DISABL": 12.8, "RPL_THEMES": 0.6865, "SVI_SCORE": 68.65, "source_dataset": "Social Vulnerability Index LA County FeatureServer", "source_status": "simulated_fallback_due_download_missing_or_unavailable", "data_use_note": "Fallback simulated polygon. Replace with real SVI GeoJSON if available."}, "geometry": {"type": "Polygon", "coordinates": [[[-118.621971, 34.086408], [-118.614971, 34.086408], [-118.614971, 34.093408], [-118.621971, 34.093408], [-118.621971, 34.086408]]]}}, {"type": "Feature", "properties": {"OBJECTID": 2055, "FIPS": "06037002055", "LOCATION": "Los Angeles County fallback SVI tract 2055", "E_TOTPOP": 1620, "EP_POV150": 27.2, "EP_UNEMP": 4.9, "EP_AGE65": 15.7, "EP_DISABL": 6.4, "RPL_THEMES": 0.4429, "SVI_SCORE": 44.29, "source_dataset": "Social Vulnerability Index LA County FeatureServer", "source_status": "simulated_fallback_due_download_missing_or_unavailable", "data_use_note": "Fallback simulated polygon. Replace with real SVI GeoJSON if available."}, "geometry": {"type": "Polygon", "coordinates": [[[-117.783815, 32.946516], [-117.776815, 32.946516], [-117.776815, 32.953516], [-117.783815, 32.953516], [-117.783815, 32.946516]]]}}, {"type": "Feature", "properties": {"OBJECTID": 2056, "FIPS": "06037002056", "LOCATION": "Los Angeles County fallback SVI tract 2056", "E_TOTPOP": 1186, "EP_POV150": 26.1, "EP_UNEMP": 7.9, "EP_AGE65": 12.8, "EP_DISABL": 6.5, "RPL_THEMES": 0.5715, "SVI_SCORE": 57.15, "source_dataset": "Social Vulnerability Index LA County FeatureServer", "source_status": "simulated_fallback_due_download_missing_or_unavailable", "data_use_note": "Fallback simulated polygon. Replace with real SVI GeoJSON if available."}, "geometry": {"type": "Polygon", "coordinates": [[[-118.84078, 34.033607], [-118.83378, 34.033607], [-118.83378, 34.040607], [-118.84078, 34.040607], [-118.84078, 34.033607]]]}}, {"type": "Feature", "properties": {"OBJECTID": 2057, "FIPS": "06037002057", "LOCATION": "Los Angeles County fallback SVI tract 2057", "E_TOTPOP": 3305, "EP_POV150": 29.8, "EP_UNEMP": 2.5, "EP_AGE65": 16.2, "EP_DISABL": 10.1, "RPL_THEMES": 0.5318, "SVI_SCORE": 53.18, "source_dataset": "Social Vulnerability Index LA County FeatureServer", "source_status": "simulated_fallback_due_download_missing_or_unavailable", "data_use_note": "Fallback simulated polygon. Replace with real SVI GeoJSON if available."}, "geometry": {"type": "Polygon", "coordinates": [[[-118.320924, 32.763981], [-118.313924, 32.763981], [-118.313924, 32.770981], [-118.320924, 32.770981], [-118.320924, 32.763981]]]}}, {"type": "Feature", "properties": {"OBJECTID": 2058, "FIPS": "06037002058", "LOCATION": "Los Angeles County fallback SVI tract 2058", "E_TOTPOP": 7035, "EP_POV150": 23.4, "EP_UNEMP": 7.7, "EP_AGE65": 18.7, "EP_DISABL": 19.6, "RPL_THEMES": 0.6617, "SVI_SCORE": 66.17, "source_dataset": "Social Vulnerability Index LA County FeatureServer", "source_status": "simulated_fallback_due_download_missing_or_unavailable", "data_use_note": "Fallback simulated polygon. Replace with real SVI GeoJSON if available."}, "geometry": {"type": "Polygon", "coordinates": [[[-118.537104, 32.881314], [-118.530104, 32.881314], [-118.530104, 32.888314], [-118.537104, 32.888314], [-118.537104, 32.881314]]]}}, {"type": "Feature", "properties": {"OBJECTID": 2059, "FIPS": "06037002059", "LOCATION": "Los Angeles County fallback SVI tract 2059", "E_TOTPOP": 5496, "EP_POV150": 22.1, "EP_UNEMP": 8.9, "EP_AGE65": 13.8, "EP_DISABL": 14.6, "RPL_THEMES": 0.491, "SVI_SCORE": 49.1, "source_dataset": "Social Vulnerability Index LA County FeatureServer", "source_status": "simulated_fallback_due_download_missing_or_unavailable", "data_use_note": "Fallback simulated polygon. Replace with real SVI GeoJSON if available."}, "geometry": {"type": "Polygon", "coordinates": [[[-118.376519, 33.010776], [-118.369519, 33.010776], [-118.369519, 33.017776], [-118.376519, 33.017776], [-118.376519, 33.010776]]]}}, {"type": "Feature", "properties": {"OBJECTID": 2060, "FIPS": "06037002060", "LOCATION": "Los Angeles County fallback SVI tract 2060", "E_TOTPOP": 2472, "EP_POV150": 7.5, "EP_UNEMP": 6.1, "EP_AGE65": 20.7, "EP_DISABL": 9.0, "RPL_THEMES": 0.4042, "SVI_SCORE": 40.42, "source_dataset": "Social Vulnerability Index LA County FeatureServer", "source_status": "simulated_fallback_due_download_missing_or_unavailable", "data_use_note": "Fallback simulated polygon. Replace with real SVI GeoJSON if available."}, "geometry": {"type": "Polygon", "coordinates": [[[-118.143391, 33.278956], [-118.136391, 33.278956], [-118.136391, 33.285956], [-118.143391, 33.285956], [-118.143391, 33.278956]]]}}, {"type": "Feature", "properties": {"OBJECTID": 2061, "FIPS": "06037002061", "LOCATION": "Los Angeles County fallback SVI tract 2061", "E_TOTPOP": 4727, "EP_POV150": 29.4, "EP_UNEMP": 4.8, "EP_AGE65": 9.5, "EP_DISABL": 4.2, "RPL_THEMES": 0.507, "SVI_SCORE": 50.7, "source_dataset": "Social Vulnerability Index LA County FeatureServer", "source_status": "simulated_fallback_due_download_missing_or_unavailable", "data_use_note": "Fallback simulated polygon. Replace with real SVI GeoJSON if available."}, "geometry": {"type": "Polygon", "coordinates": [[[-117.986429, 34.372454], [-117.979429, 34.372454], [-117.979429, 34.379454], [-117.986429, 34.379454], [-117.986429, 34.372454]]]}}, {"type": "Feature", "properties": {"OBJECTID": 2062, "FIPS": "06037002062", "LOCATION": "Los Angeles County fallback SVI tract 2062", "E_TOTPOP": 1731, "EP_POV150": 6.0, "EP_UNEMP": 9.9, "EP_AGE65": 16.4, "EP_DISABL": 20.1, "RPL_THEMES": 0.4282, "SVI_SCORE": 42.82, "source_dataset": "Social Vulnerability Index LA County FeatureServer", "source_status": "simulated_fallback_due_download_missing_or_unavailable", "data_use_note": "Fallback simulated polygon. Replace with real SVI GeoJSON if available."}, "geometry": {"type": "Polygon", "coordinates": [[[-118.356588, 34.302773], [-118.349588, 34.302773], [-118.349588, 34.309773], [-118.356588, 34.309773], [-118.356588, 34.302773]]]}}, {"type": "Feature", "properties": {"OBJECTID": 2063, "FIPS": "06037002063", "LOCATION": "Los Angeles County fallback SVI tract 2063", "E_TOTPOP": 2883, "EP_POV150": 4.8, "EP_UNEMP": 13.8, "EP_AGE65": 21.3, "EP_DISABL": 10.9, "RPL_THEMES": 0.4454, "SVI_SCORE": 44.54, "source_dataset": "Social Vulnerability Index LA County FeatureServer", "source_status": "simulated_fallback_due_download_missing_or_unavailable", "data_use_note": "Fallback simulated polygon. Replace with real SVI GeoJSON if available."}, "geometry": {"type": "Polygon", "coordinates": [[[-118.129908, 34.340241], [-118.122908, 34.340241], [-118.122908, 34.347241], [-118.129908, 34.347241], [-118.129908, 34.340241]]]}}, {"type": "Feature", "properties": {"OBJECTID": 2064, "FIPS": "06037002064", "LOCATION": "Los Angeles County fallback SVI tract 2064", "E_TOTPOP": 4093, "EP_POV150": 14.5, "EP_UNEMP": 6.6, "EP_AGE65": 15.0, "EP_DISABL": 15.6, "RPL_THEMES": 0.4226, "SVI_SCORE": 42.26, "source_dataset": "Social Vulnerability Index LA County FeatureServer", "source_status": "simulated_fallback_due_download_missing_or_unavailable", "data_use_note": "Fallback simulated polygon. Replace with real SVI GeoJSON if available."}, "geometry": {"type": "Polygon", "coordinates": [[[-118.591116, 32.939139], [-118.584116, 32.939139], [-118.584116, 32.946139], [-118.591116, 32.946139], [-118.591116, 32.939139]]]}}, {"type": "Feature", "properties": {"OBJECTID": 2065, "FIPS": "06037002065", "LOCATION": "Los Angeles County fallback SVI tract 2065", "E_TOTPOP": 1073, "EP_POV150": 31.5, "EP_UNEMP": 9.1, "EP_AGE65": 15.7, "EP_DISABL": 12.2, "RPL_THEMES": 0.6184, "SVI_SCORE": 61.84, "source_dataset": "Social Vulnerability Index LA County FeatureServer", "source_status": "simulated_fallback_due_download_missing_or_unavailable", "data_use_note": "Fallback simulated polygon. Replace with real SVI GeoJSON if available."}, "geometry": {"type": "Polygon", "coordinates": [[[-118.112096, 33.051778], [-118.105096, 33.051778], [-118.105096, 33.058778], [-118.112096, 33.058778], [-118.112096, 33.051778]]]}}, {"type": "Feature", "properties": {"OBJECTID": 2066, "FIPS": "06037002066", "LOCATION": "Los Angeles County fallback SVI tract 2066", "E_TOTPOP": 6843, "EP_POV150": 22.4, "EP_UNEMP": 6.2, "EP_AGE65": 20.3, "EP_DISABL": 8.4, "RPL_THEMES": 0.5024, "SVI_SCORE": 50.24, "source_dataset": "Social Vulnerability Index LA County FeatureServer", "source_status": "simulated_fallback_due_download_missing_or_unavailable", "data_use_note": "Fallback simulated polygon. Replace with real SVI GeoJSON if available."}, "geometry": {"type": "Polygon", "coordinates": [[[-118.55502, 34.569089], [-118.54802, 34.569089], [-118.54802, 34.576089], [-118.55502, 34.576089], [-118.55502, 34.569089]]]}}, {"type": "Feature", "properties": {"OBJECTID": 2067, "FIPS": "06037002067", "LOCATION": "Los Angeles County fallback SVI tract 2067", "E_TOTPOP": 1912, "EP_POV150": 37.8, "EP_UNEMP": 4.3, "EP_AGE65": 14.6, "EP_DISABL": 9.0, "RPL_THEMES": 0.6397, "SVI_SCORE": 63.97, "source_dataset": "Social Vulnerability Index LA County FeatureServer", "source_status": "simulated_fallback_due_download_missing_or_unavailable", "data_use_note": "Fallback simulated polygon. Replace with real SVI GeoJSON if available."}, "geometry": {"type": "Polygon", "coordinates": [[[-118.14031, 33.893542], [-118.13331, 33.893542], [-118.13331, 33.900542], [-118.14031, 33.900542], [-118.14031, 33.893542]]]}}, {"type": "Feature", "properties": {"OBJECTID": 2068, "FIPS": "06037002068", "LOCATION": "Los Angeles County fallback SVI tract 2068", "E_TOTPOP": 2665, "EP_POV150": 4.3, "EP_UNEMP": 11.3, "EP_AGE65": 7.1, "EP_DISABL": 16.5, "RPL_THEMES": 0.3255, "SVI_SCORE": 32.55, "source_dataset": "Social Vulnerability Index LA County FeatureServer", "source_status": "simulated_fallback_due_download_missing_or_unavailable", "data_use_note": "Fallback simulated polygon. Replace with real SVI GeoJSON if available."}, "geometry": {"type": "Polygon", "coordinates": [[[-118.514489, 32.822539], [-118.507489, 32.822539], [-118.507489, 32.829539], [-118.514489, 32.829539], [-118.514489, 32.822539]]]}}, {"type": "Feature", "properties": {"OBJECTID": 2069, "FIPS": "06037002069", "LOCATION": "Los Angeles County fallback SVI tract 2069", "E_TOTPOP": 4755, "EP_POV150": 26.1, "EP_UNEMP": 12.3, "EP_AGE65": 20.4, "EP_DISABL": 13.8, "RPL_THEMES": 0.736, "SVI_SCORE": 73.6, "source_dataset": "Social Vulnerability Index LA County FeatureServer", "source_status": "simulated_fallback_due_download_missing_or_unavailable", "data_use_note": "Fallback simulated polygon. Replace with real SVI GeoJSON if available."}, "geometry": {"type": "Polygon", "coordinates": [[[-118.645373, 34.700736], [-118.638373, 34.700736], [-118.638373, 34.707736], [-118.645373, 34.707736], [-118.645373, 34.700736]]]}}, {"type": "Feature", "properties": {"OBJECTID": 2070, "FIPS": "06037002070", "LOCATION": "Los Angeles County fallback SVI tract 2070", "E_TOTPOP": 5960, "EP_POV150": 19.3, "EP_UNEMP": 8.7, "EP_AGE65": 15.0, "EP_DISABL": 15.9, "RPL_THEMES": 0.4708, "SVI_SCORE": 47.08, "source_dataset": "Social Vulnerability Index LA County FeatureServer", "source_status": "simulated_fallback_due_download_missing_or_unavailable", "data_use_note": "Fallback simulated polygon. Replace with real SVI GeoJSON if available."}, "geometry": {"type": "Polygon", "coordinates": [[[-117.985724, 33.886531], [-117.978724, 33.886531], [-117.978724, 33.893531], [-117.985724, 33.893531], [-117.985724, 33.886531]]]}}, {"type": "Feature", "properties": {"OBJECTID": 2071, "FIPS": "06037002071", "LOCATION": "Los Angeles County fallback SVI tract 2071", "E_TOTPOP": 1569, "EP_POV150": 5.6, "EP_UNEMP": 6.7, "EP_AGE65": 14.1, "EP_DISABL": 14.1, "RPL_THEMES": 0.4287, "SVI_SCORE": 42.87, "source_dataset": "Social Vulnerability Index LA County FeatureServer", "source_status": "simulated_fallback_due_download_missing_or_unavailable", "data_use_note": "Fallback simulated polygon. Replace with real SVI GeoJSON if available."}, "geometry": {"type": "Polygon", "coordinates": [[[-118.395714, 34.029407], [-118.388714, 34.029407], [-118.388714, 34.036407], [-118.395714, 34.036407], [-118.395714, 34.029407]]]}}, {"type": "Feature", "properties": {"OBJECTID": 2072, "FIPS": "06037002072", "LOCATION": "Los Angeles County fallback SVI tract 2072", "E_TOTPOP": 5384, "EP_POV150": 4.8, "EP_UNEMP": 7.0, "EP_AGE65": 23.4, "EP_DISABL": 4.3, "RPL_THEMES": 0.2991, "SVI_SCORE": 29.91, "source_dataset": "Social Vulnerability Index LA County FeatureServer", "source_status": "simulated_fallback_due_download_missing_or_unavailable", "data_use_note": "Fallback simulated polygon. Replace with real SVI GeoJSON if available."}, "geometry": {"type": "Polygon", "coordinates": [[[-118.579965, 33.115001], [-118.572965, 33.115001], [-118.572965, 33.122001], [-118.579965, 33.122001], [-118.579965, 33.115001]]]}}, {"type": "Feature", "properties": {"OBJECTID": 2073, "FIPS": "06037002073", "LOCATION": "Los Angeles County fallback SVI tract 2073", "E_TOTPOP": 3771, "EP_POV150": 18.8, "EP_UNEMP": 12.6, "EP_AGE65": 16.7, "EP_DISABL": 15.0, "RPL_THEMES": 0.5373, "SVI_SCORE": 53.73, "source_dataset": "Social Vulnerability Index LA County FeatureServer", "source_status": "simulated_fallback_due_download_missing_or_unavailable", "data_use_note": "Fallback simulated polygon. Replace with real SVI GeoJSON if available."}, "geometry": {"type": "Polygon", "coordinates": [[[-118.762595, 33.274936], [-118.755595, 33.274936], [-118.755595, 33.281936], [-118.762595, 33.281936], [-118.762595, 33.274936]]]}}, {"type": "Feature", "properties": {"OBJECTID": 2074, "FIPS": "06037002074", "LOCATION": "Los Angeles County fallback SVI tract 2074", "E_TOTPOP": 1917, "EP_POV150": 23.1, "EP_UNEMP": 6.4, "EP_AGE65": 5.1, "EP_DISABL": 17.9, "RPL_THEMES": 0.442, "SVI_SCORE": 44.2, "source_dataset": "Social Vulnerability Index LA County FeatureServer", "source_status": "simulated_fallback_due_download_missing_or_unavailable", "data_use_note": "Fallback simulated polygon. Replace with real SVI GeoJSON if available."}, "geometry": {"type": "Polygon", "coordinates": [[[-118.816563, 33.913246], [-118.809563, 33.913246], [-118.809563, 33.920246], [-118.816563, 33.920246], [-118.816563, 33.913246]]]}}, {"type": "Feature", "properties": {"OBJECTID": 2075, "FIPS": "06037002075", "LOCATION": "Los Angeles County fallback SVI tract 2075", "E_TOTPOP": 2133, "EP_POV150": 17.5, "EP_UNEMP": 15.6, "EP_AGE65": 13.4, "EP_DISABL": 10.6, "RPL_THEMES": 0.5407, "SVI_SCORE": 54.07, "source_dataset": "Social Vulnerability Index LA County FeatureServer", "source_status": "simulated_fallback_due_download_missing_or_unavailable", "data_use_note": "Fallback simulated polygon. Replace with real SVI GeoJSON if available."}, "geometry": {"type": "Polygon", "coordinates": [[[-118.68296, 34.425164], [-118.67596, 34.425164], [-118.67596, 34.432164], [-118.68296, 34.432164], [-118.68296, 34.425164]]]}}, {"type": "Feature", "properties": {"OBJECTID": 2076, "FIPS": "06037002076", "LOCATION": "Los Angeles County fallback SVI tract 2076", "E_TOTPOP": 3197, "EP_POV150": 36.7, "EP_UNEMP": 10.0, "EP_AGE65": 12.5, "EP_DISABL": 16.4, "RPL_THEMES": 0.671, "SVI_SCORE": 67.1, "source_dataset": "Social Vulnerability Index LA County FeatureServer", "source_status": "simulated_fallback_due_download_missing_or_unavailable", "data_use_note": "Fallback simulated polygon. Replace with real SVI GeoJSON if available."}, "geometry": {"type": "Polygon", "coordinates": [[[-118.569467, 34.494257], [-118.562467, 34.494257], [-118.562467, 34.501257], [-118.569467, 34.501257], [-118.569467, 34.494257]]]}}, {"type": "Feature", "properties": {"OBJECTID": 2077, "FIPS": "06037002077", "LOCATION": "Los Angeles County fallback SVI tract 2077", "E_TOTPOP": 3417, "EP_POV150": 35.6, "EP_UNEMP": 13.0, "EP_AGE65": 14.9, "EP_DISABL": 13.9, "RPL_THEMES": 0.7359, "SVI_SCORE": 73.59, "source_dataset": "Social Vulnerability Index LA County FeatureServer", "source_status": "simulated_fallback_due_download_missing_or_unavailable", "data_use_note": "Fallback simulated polygon. Replace with real SVI GeoJSON if available."}, "geometry": {"type": "Polygon", "coordinates": [[[-117.897039, 34.142116], [-117.890039, 34.142116], [-117.890039, 34.149116], [-117.897039, 34.149116], [-117.897039, 34.142116]]]}}, {"type": "Feature", "properties": {"OBJECTID": 2078, "FIPS": "06037002078", "LOCATION": "Los Angeles County fallback SVI tract 2078", "E_TOTPOP": 2714, "EP_POV150": 18.8, "EP_UNEMP": 5.3, "EP_AGE65": 7.6, "EP_DISABL": 18.4, "RPL_THEMES": 0.3696, "SVI_SCORE": 36.96, "source_dataset": "Social Vulnerability Index LA County FeatureServer", "source_status": "simulated_fallback_due_download_missing_or_unavailable", "data_use_note": "Fallback simulated polygon. Replace with real SVI GeoJSON if available."}, "geometry": {"type": "Polygon", "coordinates": [[[-118.632506, 33.617196], [-118.625506, 33.617196], [-118.625506, 33.624196], [-118.632506, 33.624196], [-118.632506, 33.617196]]]}}, {"type": "Feature", "properties": {"OBJECTID": 2079, "FIPS": "06037002079", "LOCATION": "Los Angeles County fallback SVI tract 2079", "E_TOTPOP": 2497, "EP_POV150": 32.3, "EP_UNEMP": 9.5, "EP_AGE65": 20.7, "EP_DISABL": 7.6, "RPL_THEMES": 0.5636, "SVI_SCORE": 56.36, "source_dataset": "Social Vulnerability Index LA County FeatureServer", "source_status": "simulated_fallback_due_download_missing_or_unavailable", "data_use_note": "Fallback simulated polygon. Replace with real SVI GeoJSON if available."}, "geometry": {"type": "Polygon", "coordinates": [[[-118.341063, 33.979312], [-118.334063, 33.979312], [-118.334063, 33.986312], [-118.341063, 33.986312], [-118.341063, 33.979312]]]}}, {"type": "Feature", "properties": {"OBJECTID": 2080, "FIPS": "06037002080", "LOCATION": "Los Angeles County fallback SVI tract 2080", "E_TOTPOP": 5252, "EP_POV150": 34.2, "EP_UNEMP": 13.0, "EP_AGE65": 5.2, "EP_DISABL": 14.9, "RPL_THEMES": 0.6067, "SVI_SCORE": 60.67, "source_dataset": "Social Vulnerability Index LA County FeatureServer", "source_status": "simulated_fallback_due_download_missing_or_unavailable", "data_use_note": "Fallback simulated polygon. Replace with real SVI GeoJSON if available."}, "geometry": {"type": "Polygon", "coordinates": [[[-118.146021, 33.583814], [-118.139021, 33.583814], [-118.139021, 33.590814], [-118.146021, 33.590814], [-118.146021, 33.583814]]]}}, {"type": "Feature", "properties": {"OBJECTID": 2081, "FIPS": "06037002081", "LOCATION": "Los Angeles County fallback SVI tract 2081", "E_TOTPOP": 3831, "EP_POV150": 18.6, "EP_UNEMP": 10.2, "EP_AGE65": 11.0, "EP_DISABL": 16.8, "RPL_THEMES": 0.4563, "SVI_SCORE": 45.63, "source_dataset": "Social Vulnerability Index LA County FeatureServer", "source_status": "simulated_fallback_due_download_missing_or_unavailable", "data_use_note": "Fallback simulated polygon. Replace with real SVI GeoJSON if available."}, "geometry": {"type": "Polygon", "coordinates": [[[-118.188769, 33.189948], [-118.181769, 33.189948], [-118.181769, 33.196948], [-118.188769, 33.196948], [-118.188769, 33.189948]]]}}, {"type": "Feature", "properties": {"OBJECTID": 2082, "FIPS": "06037002082", "LOCATION": "Los Angeles County fallback SVI tract 2082", "E_TOTPOP": 2107, "EP_POV150": 24.9, "EP_UNEMP": 14.4, "EP_AGE65": 15.0, "EP_DISABL": 10.6, "RPL_THEMES": 0.6598, "SVI_SCORE": 65.98, "source_dataset": "Social Vulnerability Index LA County FeatureServer", "source_status": "simulated_fallback_due_download_missing_or_unavailable", "data_use_note": "Fallback simulated polygon. Replace with real SVI GeoJSON if available."}, "geometry": {"type": "Polygon", "coordinates": [[[-118.560851, 34.641311], [-118.553851, 34.641311], [-118.553851, 34.648311], [-118.560851, 34.648311], [-118.560851, 34.641311]]]}}, {"type": "Feature", "properties": {"OBJECTID": 2083, "FIPS": "06037002083", "LOCATION": "Los Angeles County fallback SVI tract 2083", "E_TOTPOP": 5860, "EP_POV150": 31.7, "EP_UNEMP": 10.7, "EP_AGE65": 19.9, "EP_DISABL": 18.3, "RPL_THEMES": 0.6639, "SVI_SCORE": 66.39, "source_dataset": "Social Vulnerability Index LA County FeatureServer", "source_status": "simulated_fallback_due_download_missing_or_unavailable", "data_use_note": "Fallback simulated polygon. Replace with real SVI GeoJSON if available."}, "geometry": {"type": "Polygon", "coordinates": [[[-118.199346, 34.429508], [-118.192346, 34.429508], [-118.192346, 34.436508], [-118.199346, 34.436508], [-118.199346, 34.429508]]]}}, {"type": "Feature", "properties": {"OBJECTID": 2084, "FIPS": "06037002084", "LOCATION": "Los Angeles County fallback SVI tract 2084", "E_TOTPOP": 6020, "EP_POV150": 19.4, "EP_UNEMP": 7.8, "EP_AGE65": 22.9, "EP_DISABL": 12.4, "RPL_THEMES": 0.5992, "SVI_SCORE": 59.92, "source_dataset": "Social Vulnerability Index LA County FeatureServer", "source_status": "simulated_fallback_due_download_missing_or_unavailable", "data_use_note": "Fallback simulated polygon. Replace with real SVI GeoJSON if available."}, "geometry": {"type": "Polygon", "coordinates": [[[-117.673483, 33.15101], [-117.666483, 33.15101], [-117.666483, 33.15801], [-117.673483, 33.15801], [-117.673483, 33.15101]]]}}, {"type": "Feature", "properties": {"OBJECTID": 2085, "FIPS": "06037002085", "LOCATION": "Los Angeles County fallback SVI tract 2085", "E_TOTPOP": 6209, "EP_POV150": 24.8, "EP_UNEMP": 3.8, "EP_AGE65": 19.9, "EP_DISABL": 18.3, "RPL_THEMES": 0.6248, "SVI_SCORE": 62.48, "source_dataset": "Social Vulnerability Index LA County FeatureServer", "source_status": "simulated_fallback_due_download_missing_or_unavailable", "data_use_note": "Fallback simulated polygon. Replace with real SVI GeoJSON if available."}, "geometry": {"type": "Polygon", "coordinates": [[[-118.369984, 33.444575], [-118.362984, 33.444575], [-118.362984, 33.451575], [-118.369984, 33.451575], [-118.369984, 33.444575]]]}}, {"type": "Feature", "properties": {"OBJECTID": 2086, "FIPS": "06037002086", "LOCATION": "Los Angeles County fallback SVI tract 2086", "E_TOTPOP": 3734, "EP_POV150": 24.0, "EP_UNEMP": 4.7, "EP_AGE65": 20.3, "EP_DISABL": 5.3, "RPL_THEMES": 0.4685, "SVI_SCORE": 46.85, "source_dataset": "Social Vulnerability Index LA County FeatureServer", "source_status": "simulated_fallback_due_download_missing_or_unavailable", "data_use_note": "Fallback simulated polygon. Replace with real SVI GeoJSON if available."}, "geometry": {"type": "Polygon", "coordinates": [[[-117.999803, 34.354083], [-117.992803, 34.354083], [-117.992803, 34.361083], [-117.999803, 34.361083], [-117.999803, 34.354083]]]}}, {"type": "Feature", "properties": {"OBJECTID": 2087, "FIPS": "06037002087", "LOCATION": "Los Angeles County fallback SVI tract 2087", "E_TOTPOP": 2991, "EP_POV150": 19.6, "EP_UNEMP": 8.5, "EP_AGE65": 19.4, "EP_DISABL": 21.9, "RPL_THEMES": 0.6577, "SVI_SCORE": 65.77, "source_dataset": "Social Vulnerability Index LA County FeatureServer", "source_status": "simulated_fallback_due_download_missing_or_unavailable", "data_use_note": "Fallback simulated polygon. Replace with real SVI GeoJSON if available."}, "geometry": {"type": "Polygon", "coordinates": [[[-117.944719, 33.424102], [-117.937719, 33.424102], [-117.937719, 33.431102], [-117.944719, 33.431102], [-117.944719, 33.424102]]]}}, {"type": "Feature", "properties": {"OBJECTID": 2088, "FIPS": "06037002088", "LOCATION": "Los Angeles County fallback SVI tract 2088", "E_TOTPOP": 4993, "EP_POV150": 10.9, "EP_UNEMP": 2.8, "EP_AGE65": 17.4, "EP_DISABL": 12.9, "RPL_THEMES": 0.4095, "SVI_SCORE": 40.95, "source_dataset": "Social Vulnerability Index LA County FeatureServer", "source_status": "simulated_fallback_due_download_missing_or_unavailable", "data_use_note": "Fallback simulated polygon. Replace with real SVI GeoJSON if available."}, "geometry": {"type": "Polygon", "coordinates": [[[-118.398242, 33.430698], [-118.391242, 33.430698], [-118.391242, 33.437698], [-118.398242, 33.437698], [-118.398242, 33.430698]]]}}, {"type": "Feature", "properties": {"OBJECTID": 2089, "FIPS": "06037002089", "LOCATION": "Los Angeles County fallback SVI tract 2089", "E_TOTPOP": 1218, "EP_POV150": 27.3, "EP_UNEMP": 4.4, "EP_AGE65": 21.6, "EP_DISABL": 20.9, "RPL_THEMES": 0.5683, "SVI_SCORE": 56.83, "source_dataset": "Social Vulnerability Index LA County FeatureServer", "source_status": "simulated_fallback_due_download_missing_or_unavailable", "data_use_note": "Fallback simulated polygon. Replace with real SVI GeoJSON if available."}, "geometry": {"type": "Polygon", "coordinates": [[[-118.125571, 33.24738], [-118.118571, 33.24738], [-118.118571, 33.25438], [-118.125571, 33.25438], [-118.125571, 33.24738]]]}}, {"type": "Feature", "properties": {"OBJECTID": 2090, "FIPS": "06037002090", "LOCATION": "Los Angeles County fallback SVI tract 2090", "E_TOTPOP": 3147, "EP_POV150": 30.5, "EP_UNEMP": 4.0, "EP_AGE65": 9.8, "EP_DISABL": 9.5, "RPL_THEMES": 0.5267, "SVI_SCORE": 52.67, "source_dataset": "Social Vulnerability Index LA County FeatureServer", "source_status": "simulated_fallback_due_download_missing_or_unavailable", "data_use_note": "Fallback simulated polygon. Replace with real SVI GeoJSON if available."}, "geometry": {"type": "Polygon", "coordinates": [[[-117.667012, 33.160427], [-117.660012, 33.160427], [-117.660012, 33.167427], [-117.667012, 33.167427], [-117.667012, 33.160427]]]}}, {"type": "Feature", "properties": {"OBJECTID": 2091, "FIPS": "06037002091", "LOCATION": "Los Angeles County fallback SVI tract 2091", "E_TOTPOP": 3632, "EP_POV150": 7.3, "EP_UNEMP": 2.6, "EP_AGE65": 7.5, "EP_DISABL": 21.9, "RPL_THEMES": 0.372, "SVI_SCORE": 37.2, "source_dataset": "Social Vulnerability Index LA County FeatureServer", "source_status": "simulated_fallback_due_download_missing_or_unavailable", "data_use_note": "Fallback simulated polygon. Replace with real SVI GeoJSON if available."}, "geometry": {"type": "Polygon", "coordinates": [[[-117.721316, 33.809296], [-117.714316, 33.809296], [-117.714316, 33.816296], [-117.721316, 33.816296], [-117.721316, 33.809296]]]}}, {"type": "Feature", "properties": {"OBJECTID": 2092, "FIPS": "06037002092", "LOCATION": "Los Angeles County fallback SVI tract 2092", "E_TOTPOP": 3095, "EP_POV150": 10.0, "EP_UNEMP": 12.0, "EP_AGE65": 20.6, "EP_DISABL": 19.6, "RPL_THEMES": 0.5294, "SVI_SCORE": 52.94, "source_dataset": "Social Vulnerability Index LA County FeatureServer", "source_status": "simulated_fallback_due_download_missing_or_unavailable", "data_use_note": "Fallback simulated polygon. Replace with real SVI GeoJSON if available."}, "geometry": {"type": "Polygon", "coordinates": [[[-117.678481, 34.102265], [-117.671481, 34.102265], [-117.671481, 34.109265], [-117.678481, 34.109265], [-117.678481, 34.102265]]]}}, {"type": "Feature", "properties": {"OBJECTID": 2093, "FIPS": "06037002093", "LOCATION": "Los Angeles County fallback SVI tract 2093", "E_TOTPOP": 1854, "EP_POV150": 9.9, "EP_UNEMP": 15.8, "EP_AGE65": 8.8, "EP_DISABL": 8.5, "RPL_THEMES": 0.4249, "SVI_SCORE": 42.49, "source_dataset": "Social Vulnerability Index LA County FeatureServer", "source_status": "simulated_fallback_due_download_missing_or_unavailable", "data_use_note": "Fallback simulated polygon. Replace with real SVI GeoJSON if available."}, "geometry": {"type": "Polygon", "coordinates": [[[-117.679963, 32.976721], [-117.672963, 32.976721], [-117.672963, 32.983721], [-117.679963, 32.983721], [-117.679963, 32.976721]]]}}, {"type": "Feature", "properties": {"OBJECTID": 2094, "FIPS": "06037002094", "LOCATION": "Los Angeles County fallback SVI tract 2094", "E_TOTPOP": 7113, "EP_POV150": 8.8, "EP_UNEMP": 3.1, "EP_AGE65": 5.5, "EP_DISABL": 16.1, "RPL_THEMES": 0.2824, "SVI_SCORE": 28.24, "source_dataset": "Social Vulnerability Index LA County FeatureServer", "source_status": "simulated_fallback_due_download_missing_or_unavailable", "data_use_note": "Fallback simulated polygon. Replace with real SVI GeoJSON if available."}, "geometry": {"type": "Polygon", "coordinates": [[[-118.85242, 33.897268], [-118.84542, 33.897268], [-118.84542, 33.904268], [-118.85242, 33.904268], [-118.85242, 33.897268]]]}}, {"type": "Feature", "properties": {"OBJECTID": 2095, "FIPS": "06037002095", "LOCATION": "Los Angeles County fallback SVI tract 2095", "E_TOTPOP": 6839, "EP_POV150": 6.7, "EP_UNEMP": 13.6, "EP_AGE65": 6.5, "EP_DISABL": 20.4, "RPL_THEMES": 0.5268, "SVI_SCORE": 52.68, "source_dataset": "Social Vulnerability Index LA County FeatureServer", "source_status": "simulated_fallback_due_download_missing_or_unavailable", "data_use_note": "Fallback simulated polygon. Replace with real SVI GeoJSON if available."}, "geometry": {"type": "Polygon", "coordinates": [[[-118.142014, 34.575862], [-118.135014, 34.575862], [-118.135014, 34.582862], [-118.142014, 34.582862], [-118.142014, 34.575862]]]}}, {"type": "Feature", "properties": {"OBJECTID": 2096, "FIPS": "06037002096", "LOCATION": "Los Angeles County fallback SVI tract 2096", "E_TOTPOP": 6156, "EP_POV150": 37.4, "EP_UNEMP": 9.9, "EP_AGE65": 23.2, "EP_DISABL": 7.3, "RPL_THEMES": 0.6627, "SVI_SCORE": 66.27, "source_dataset": "Social Vulnerability Index LA County FeatureServer", "source_status": "simulated_fallback_due_download_missing_or_unavailable", "data_use_note": "Fallback simulated polygon. Replace with real SVI GeoJSON if available."}, "geometry": {"type": "Polygon", "coordinates": [[[-118.022714, 33.755932], [-118.015714, 33.755932], [-118.015714, 33.762932], [-118.022714, 33.762932], [-118.022714, 33.755932]]]}}, {"type": "Feature", "properties": {"OBJECTID": 2097, "FIPS": "06037002097", "LOCATION": "Los Angeles County fallback SVI tract 2097", "E_TOTPOP": 3654, "EP_POV150": 32.7, "EP_UNEMP": 6.2, "EP_AGE65": 6.8, "EP_DISABL": 11.1, "RPL_THEMES": 0.5897, "SVI_SCORE": 58.97, "source_dataset": "Social Vulnerability Index LA County FeatureServer", "source_status": "simulated_fallback_due_download_missing_or_unavailable", "data_use_note": "Fallback simulated polygon. Replace with real SVI GeoJSON if available."}, "geometry": {"type": "Polygon", "coordinates": [[[-117.827087, 34.340032], [-117.820087, 34.340032], [-117.820087, 34.347032], [-117.827087, 34.347032], [-117.827087, 34.340032]]]}}, {"type": "Feature", "properties": {"OBJECTID": 2098, "FIPS": "06037002098", "LOCATION": "Los Angeles County fallback SVI tract 2098", "E_TOTPOP": 4463, "EP_POV150": 31.3, "EP_UNEMP": 12.7, "EP_AGE65": 8.5, "EP_DISABL": 20.7, "RPL_THEMES": 0.7131, "SVI_SCORE": 71.31, "source_dataset": "Social Vulnerability Index LA County FeatureServer", "source_status": "simulated_fallback_due_download_missing_or_unavailable", "data_use_note": "Fallback simulated polygon. Replace with real SVI GeoJSON if available."}, "geometry": {"type": "Polygon", "coordinates": [[[-117.94012, 33.154944], [-117.93312, 33.154944], [-117.93312, 33.161944], [-117.94012, 33.161944], [-117.94012, 33.154944]]]}}, {"type": "Feature", "properties": {"OBJECTID": 2099, "FIPS": "06037002099", "LOCATION": "Los Angeles County fallback SVI tract 2099", "E_TOTPOP": 4839, "EP_POV150": 36.8, "EP_UNEMP": 4.4, "EP_AGE65": 16.7, "EP_DISABL": 6.0, "RPL_THEMES": 0.6111, "SVI_SCORE": 61.11, "source_dataset": "Social Vulnerability Index LA County FeatureServer", "source_status": "simulated_fallback_due_download_missing_or_unavailable", "data_use_note": "Fallback simulated polygon. Replace with real SVI GeoJSON if available."}, "geometry": {"type": "Polygon", "coordinates": [[[-118.815253, 34.17831], [-118.808253, 34.17831], [-118.808253, 34.18531], [-118.815253, 34.18531], [-118.815253, 34.17831]]]}}, {"type": "Feature", "properties": {"OBJECTID": 2100, "FIPS": "06037002100", "LOCATION": "Los Angeles County fallback SVI tract 2100", "E_TOTPOP": 4681, "EP_POV150": 26.6, "EP_UNEMP": 3.6, "EP_AGE65": 16.3, "EP_DISABL": 13.7, "RPL_THEMES": 0.5064, "SVI_SCORE": 50.64, "source_dataset": "Social Vulnerability Index LA County FeatureServer", "source_status": "simulated_fallback_due_download_missing_or_unavailable", "data_use_note": "Fallback simulated polygon. Replace with real SVI GeoJSON if available."}, "geometry": {"type": "Polygon", "coordinates": [[[-118.063196, 33.732195], [-118.056196, 33.732195], [-118.056196, 33.739195], [-118.063196, 33.739195], [-118.063196, 33.732195]]]}}, {"type": "Feature", "properties": {"OBJECTID": 2101, "FIPS": "06037002101", "LOCATION": "Los Angeles County fallback SVI tract 2101", "E_TOTPOP": 6809, "EP_POV150": 24.8, "EP_UNEMP": 5.3, "EP_AGE65": 10.1, "EP_DISABL": 19.0, "RPL_THEMES": 0.4468, "SVI_SCORE": 44.68, "source_dataset": "Social Vulnerability Index LA County FeatureServer", "source_status": "simulated_fallback_due_download_missing_or_unavailable", "data_use_note": "Fallback simulated polygon. Replace with real SVI GeoJSON if available."}, "geometry": {"type": "Polygon", "coordinates": [[[-117.926072, 32.869712], [-117.919072, 32.869712], [-117.919072, 32.876712], [-117.926072, 32.876712], [-117.926072, 32.869712]]]}}, {"type": "Feature", "properties": {"OBJECTID": 2102, "FIPS": "06037002102", "LOCATION": "Los Angeles County fallback SVI tract 2102", "E_TOTPOP": 7161, "EP_POV150": 18.0, "EP_UNEMP": 12.7, "EP_AGE65": 6.4, "EP_DISABL": 20.2, "RPL_THEMES": 0.6212, "SVI_SCORE": 62.12, "source_dataset": "Social Vulnerability Index LA County FeatureServer", "source_status": "simulated_fallback_due_download_missing_or_unavailable", "data_use_note": "Fallback simulated polygon. Replace with real SVI GeoJSON if available."}, "geometry": {"type": "Polygon", "coordinates": [[[-118.438077, 34.350263], [-118.431077, 34.350263], [-118.431077, 34.357263], [-118.438077, 34.357263], [-118.438077, 34.350263]]]}}, {"type": "Feature", "properties": {"OBJECTID": 2103, "FIPS": "06037002103", "LOCATION": "Los Angeles County fallback SVI tract 2103", "E_TOTPOP": 5851, "EP_POV150": 7.0, "EP_UNEMP": 8.9, "EP_AGE65": 10.2, "EP_DISABL": 15.5, "RPL_THEMES": 0.4439, "SVI_SCORE": 44.39, "source_dataset": "Social Vulnerability Index LA County FeatureServer", "source_status": "simulated_fallback_due_download_missing_or_unavailable", "data_use_note": "Fallback simulated polygon. Replace with real SVI GeoJSON if available."}, "geometry": {"type": "Polygon", "coordinates": [[[-118.67209, 33.105618], [-118.66509, 33.105618], [-118.66509, 33.112618], [-118.67209, 33.112618], [-118.67209, 33.105618]]]}}, {"type": "Feature", "properties": {"OBJECTID": 2104, "FIPS": "06037002104", "LOCATION": "Los Angeles County fallback SVI tract 2104", "E_TOTPOP": 4847, "EP_POV150": 6.2, "EP_UNEMP": 6.8, "EP_AGE65": 14.2, "EP_DISABL": 6.5, "RPL_THEMES": 0.2531, "SVI_SCORE": 25.31, "source_dataset": "Social Vulnerability Index LA County FeatureServer", "source_status": "simulated_fallback_due_download_missing_or_unavailable", "data_use_note": "Fallback simulated polygon. Replace with real SVI GeoJSON if available."}, "geometry": {"type": "Polygon", "coordinates": [[[-118.949297, 33.973249], [-118.942297, 33.973249], [-118.942297, 33.980249], [-118.949297, 33.980249], [-118.949297, 33.973249]]]}}, {"type": "Feature", "properties": {"OBJECTID": 2105, "FIPS": "06037002105", "LOCATION": "Los Angeles County fallback SVI tract 2105", "E_TOTPOP": 4507, "EP_POV150": 10.0, "EP_UNEMP": 6.3, "EP_AGE65": 13.3, "EP_DISABL": 21.5, "RPL_THEMES": 0.5037, "SVI_SCORE": 50.37, "source_dataset": "Social Vulnerability Index LA County FeatureServer", "source_status": "simulated_fallback_due_download_missing_or_unavailable", "data_use_note": "Fallback simulated polygon. Replace with real SVI GeoJSON if available."}, "geometry": {"type": "Polygon", "coordinates": [[[-118.499069, 33.273056], [-118.492069, 33.273056], [-118.492069, 33.280056], [-118.499069, 33.280056], [-118.499069, 33.273056]]]}}, {"type": "Feature", "properties": {"OBJECTID": 2106, "FIPS": "06037002106", "LOCATION": "Los Angeles County fallback SVI tract 2106", "E_TOTPOP": 2253, "EP_POV150": 35.4, "EP_UNEMP": 5.2, "EP_AGE65": 12.2, "EP_DISABL": 17.5, "RPL_THEMES": 0.6529, "SVI_SCORE": 65.29, "source_dataset": "Social Vulnerability Index LA County FeatureServer", "source_status": "simulated_fallback_due_download_missing_or_unavailable", "data_use_note": "Fallback simulated polygon. Replace with real SVI GeoJSON if available."}, "geometry": {"type": "Polygon", "coordinates": [[[-117.749245, 34.241658], [-117.742245, 34.241658], [-117.742245, 34.248658], [-117.749245, 34.248658], [-117.749245, 34.241658]]]}}, {"type": "Feature", "properties": {"OBJECTID": 2107, "FIPS": "06037002107", "LOCATION": "Los Angeles County fallback SVI tract 2107", "E_TOTPOP": 4761, "EP_POV150": 36.5, "EP_UNEMP": 11.5, "EP_AGE65": 7.0, "EP_DISABL": 11.2, "RPL_THEMES": 0.7029, "SVI_SCORE": 70.29, "source_dataset": "Social Vulnerability Index LA County FeatureServer", "source_status": "simulated_fallback_due_download_missing_or_unavailable", "data_use_note": "Fallback simulated polygon. Replace with real SVI GeoJSON if available."}, "geometry": {"type": "Polygon", "coordinates": [[[-118.345635, 33.642196], [-118.338635, 33.642196], [-118.338635, 33.649196], [-118.345635, 33.649196], [-118.345635, 33.642196]]]}}, {"type": "Feature", "properties": {"OBJECTID": 2108, "FIPS": "06037002108", "LOCATION": "Los Angeles County fallback SVI tract 2108", "E_TOTPOP": 1552, "EP_POV150": 20.0, "EP_UNEMP": 6.2, "EP_AGE65": 16.0, "EP_DISABL": 17.4, "RPL_THEMES": 0.4725, "SVI_SCORE": 47.25, "source_dataset": "Social Vulnerability Index LA County FeatureServer", "source_status": "simulated_fallback_due_download_missing_or_unavailable", "data_use_note": "Fallback simulated polygon. Replace with real SVI GeoJSON if available."}, "geometry": {"type": "Polygon", "coordinates": [[[-117.729772, 34.812209], [-117.722772, 34.812209], [-117.722772, 34.819209], [-117.729772, 34.819209], [-117.729772, 34.812209]]]}}, {"type": "Feature", "properties": {"OBJECTID": 2109, "FIPS": "06037002109", "LOCATION": "Los Angeles County fallback SVI tract 2109", "E_TOTPOP": 6396, "EP_POV150": 14.2, "EP_UNEMP": 5.1, "EP_AGE65": 19.9, "EP_DISABL": 20.5, "RPL_THEMES": 0.4683, "SVI_SCORE": 46.83, "source_dataset": "Social Vulnerability Index LA County FeatureServer", "source_status": "simulated_fallback_due_download_missing_or_unavailable", "data_use_note": "Fallback simulated polygon. Replace with real SVI GeoJSON if available."}, "geometry": {"type": "Polygon", "coordinates": [[[-118.687211, 32.989027], [-118.680211, 32.989027], [-118.680211, 32.996027], [-118.687211, 32.996027], [-118.687211, 32.989027]]]}}, {"type": "Feature", "properties": {"OBJECTID": 2110, "FIPS": "06037002110", "LOCATION": "Los Angeles County fallback SVI tract 2110", "E_TOTPOP": 5460, "EP_POV150": 16.1, "EP_UNEMP": 13.5, "EP_AGE65": 18.7, "EP_DISABL": 16.9, "RPL_THEMES": 0.622, "SVI_SCORE": 62.2, "source_dataset": "Social Vulnerability Index LA County FeatureServer", "source_status": "simulated_fallback_due_download_missing_or_unavailable", "data_use_note": "Fallback simulated polygon. Replace with real SVI GeoJSON if available."}, "geometry": {"type": "Polygon", "coordinates": [[[-118.585167, 33.43723], [-118.578167, 33.43723], [-118.578167, 33.44423], [-118.585167, 33.44423], [-118.585167, 33.43723]]]}}, {"type": "Feature", "properties": {"OBJECTID": 2111, "FIPS": "06037002111", "LOCATION": "Los Angeles County fallback SVI tract 2111", "E_TOTPOP": 4002, "EP_POV150": 29.4, "EP_UNEMP": 5.6, "EP_AGE65": 7.3, "EP_DISABL": 7.0, "RPL_THEMES": 0.3803, "SVI_SCORE": 38.03, "source_dataset": "Social Vulnerability Index LA County FeatureServer", "source_status": "simulated_fallback_due_download_missing_or_unavailable", "data_use_note": "Fallback simulated polygon. Replace with real SVI GeoJSON if available."}, "geometry": {"type": "Polygon", "coordinates": [[[-117.718147, 33.798123], [-117.711147, 33.798123], [-117.711147, 33.805123], [-117.718147, 33.805123], [-117.718147, 33.798123]]]}}, {"type": "Feature", "properties": {"OBJECTID": 2112, "FIPS": "06037002112", "LOCATION": "Los Angeles County fallback SVI tract 2112", "E_TOTPOP": 3024, "EP_POV150": 8.3, "EP_UNEMP": 3.2, "EP_AGE65": 9.0, "EP_DISABL": 6.6, "RPL_THEMES": 0.278, "SVI_SCORE": 27.8, "source_dataset": "Social Vulnerability Index LA County FeatureServer", "source_status": "simulated_fallback_due_download_missing_or_unavailable", "data_use_note": "Fallback simulated polygon. Replace with real SVI GeoJSON if available."}, "geometry": {"type": "Polygon", "coordinates": [[[-118.274097, 34.02381], [-118.267097, 34.02381], [-118.267097, 34.03081], [-118.274097, 34.03081], [-118.274097, 34.02381]]]}}, {"type": "Feature", "properties": {"OBJECTID": 2113, "FIPS": "06037002113", "LOCATION": "Los Angeles County fallback SVI tract 2113", "E_TOTPOP": 5982, "EP_POV150": 3.2, "EP_UNEMP": 10.9, "EP_AGE65": 22.1, "EP_DISABL": 7.7, "RPL_THEMES": 0.4025, "SVI_SCORE": 40.25, "source_dataset": "Social Vulnerability Index LA County FeatureServer", "source_status": "simulated_fallback_due_download_missing_or_unavailable", "data_use_note": "Fallback simulated polygon. Replace with real SVI GeoJSON if available."}, "geometry": {"type": "Polygon", "coordinates": [[[-118.545293, 34.649999], [-118.538293, 34.649999], [-118.538293, 34.656999], [-118.545293, 34.656999], [-118.545293, 34.649999]]]}}, {"type": "Feature", "properties": {"OBJECTID": 2114, "FIPS": "06037002114", "LOCATION": "Los Angeles County fallback SVI tract 2114", "E_TOTPOP": 2344, "EP_POV150": 16.5, "EP_UNEMP": 9.8, "EP_AGE65": 13.4, "EP_DISABL": 20.9, "RPL_THEMES": 0.5443, "SVI_SCORE": 54.43, "source_dataset": "Social Vulnerability Index LA County FeatureServer", "source_status": "simulated_fallback_due_download_missing_or_unavailable", "data_use_note": "Fallback simulated polygon. Replace with real SVI GeoJSON if available."}, "geometry": {"type": "Polygon", "coordinates": [[[-118.165733, 32.808741], [-118.158733, 32.808741], [-118.158733, 32.815741], [-118.165733, 32.815741], [-118.165733, 32.808741]]]}}, {"type": "Feature", "properties": {"OBJECTID": 2115, "FIPS": "06037002115", "LOCATION": "Los Angeles County fallback SVI tract 2115", "E_TOTPOP": 6053, "EP_POV150": 8.2, "EP_UNEMP": 13.0, "EP_AGE65": 19.4, "EP_DISABL": 17.8, "RPL_THEMES": 0.5972, "SVI_SCORE": 59.72, "source_dataset": "Social Vulnerability Index LA County FeatureServer", "source_status": "simulated_fallback_due_download_missing_or_unavailable", "data_use_note": "Fallback simulated polygon. Replace with real SVI GeoJSON if available."}, "geometry": {"type": "Polygon", "coordinates": [[[-118.868665, 33.716088], [-118.861665, 33.716088], [-118.861665, 33.723088], [-118.868665, 33.723088], [-118.868665, 33.716088]]]}}, {"type": "Feature", "properties": {"OBJECTID": 2116, "FIPS": "06037002116", "LOCATION": "Los Angeles County fallback SVI tract 2116", "E_TOTPOP": 2782, "EP_POV150": 32.2, "EP_UNEMP": 6.6, "EP_AGE65": 7.8, "EP_DISABL": 5.1, "RPL_THEMES": 0.449, "SVI_SCORE": 44.9, "source_dataset": "Social Vulnerability Index LA County FeatureServer", "source_status": "simulated_fallback_due_download_missing_or_unavailable", "data_use_note": "Fallback simulated polygon. Replace with real SVI GeoJSON if available."}, "geometry": {"type": "Polygon", "coordinates": [[[-118.897386, 33.214095], [-118.890386, 33.214095], [-118.890386, 33.221095], [-118.897386, 33.221095], [-118.897386, 33.214095]]]}}, {"type": "Feature", "properties": {"OBJECTID": 2117, "FIPS": "06037002117", "LOCATION": "Los Angeles County fallback SVI tract 2117", "E_TOTPOP": 2025, "EP_POV150": 26.4, "EP_UNEMP": 14.2, "EP_AGE65": 23.7, "EP_DISABL": 13.6, "RPL_THEMES": 0.7339, "SVI_SCORE": 73.39, "source_dataset": "Social Vulnerability Index LA County FeatureServer", "source_status": "simulated_fallback_due_download_missing_or_unavailable", "data_use_note": "Fallback simulated polygon. Replace with real SVI GeoJSON if available."}, "geometry": {"type": "Polygon", "coordinates": [[[-117.745565, 33.639192], [-117.738565, 33.639192], [-117.738565, 33.646192], [-117.745565, 33.646192], [-117.745565, 33.639192]]]}}, {"type": "Feature", "properties": {"OBJECTID": 2118, "FIPS": "06037002118", "LOCATION": "Los Angeles County fallback SVI tract 2118", "E_TOTPOP": 6418, "EP_POV150": 6.2, "EP_UNEMP": 3.5, "EP_AGE65": 11.5, "EP_DISABL": 8.1, "RPL_THEMES": 0.2001, "SVI_SCORE": 20.01, "source_dataset": "Social Vulnerability Index LA County FeatureServer", "source_status": "simulated_fallback_due_download_missing_or_unavailable", "data_use_note": "Fallback simulated polygon. Replace with real SVI GeoJSON if available."}, "geometry": {"type": "Polygon", "coordinates": [[[-118.671224, 33.155316], [-118.664224, 33.155316], [-118.664224, 33.162316], [-118.671224, 33.162316], [-118.671224, 33.155316]]]}}, {"type": "Feature", "properties": {"OBJECTID": 2119, "FIPS": "06037002119", "LOCATION": "Los Angeles County fallback SVI tract 2119", "E_TOTPOP": 2236, "EP_POV150": 29.6, "EP_UNEMP": 13.4, "EP_AGE65": 23.3, "EP_DISABL": 7.9, "RPL_THEMES": 0.7738, "SVI_SCORE": 77.38, "source_dataset": "Social Vulnerability Index LA County FeatureServer", "source_status": "simulated_fallback_due_download_missing_or_unavailable", "data_use_note": "Fallback simulated polygon. Replace with real SVI GeoJSON if available."}, "geometry": {"type": "Polygon", "coordinates": [[[-118.635242, 33.597439], [-118.628242, 33.597439], [-118.628242, 33.604439], [-118.635242, 33.604439], [-118.635242, 33.597439]]]}}, {"type": "Feature", "properties": {"OBJECTID": 2120, "FIPS": "06037002120", "LOCATION": "Los Angeles County fallback SVI tract 2120", "E_TOTPOP": 7096, "EP_POV150": 9.8, "EP_UNEMP": 8.4, "EP_AGE65": 19.3, "EP_DISABL": 4.1, "RPL_THEMES": 0.4252, "SVI_SCORE": 42.52, "source_dataset": "Social Vulnerability Index LA County FeatureServer", "source_status": "simulated_fallback_due_download_missing_or_unavailable", "data_use_note": "Fallback simulated polygon. Replace with real SVI GeoJSON if available."}, "geometry": {"type": "Polygon", "coordinates": [[[-118.458726, 34.678829], [-118.451726, 34.678829], [-118.451726, 34.685829], [-118.458726, 34.685829], [-118.458726, 34.678829]]]}}, {"type": "Feature", "properties": {"OBJECTID": 2121, "FIPS": "06037002121", "LOCATION": "Los Angeles County fallback SVI tract 2121", "E_TOTPOP": 4340, "EP_POV150": 9.1, "EP_UNEMP": 2.1, "EP_AGE65": 9.9, "EP_DISABL": 6.2, "RPL_THEMES": 0.2679, "SVI_SCORE": 26.79, "source_dataset": "Social Vulnerability Index LA County FeatureServer", "source_status": "simulated_fallback_due_download_missing_or_unavailable", "data_use_note": "Fallback simulated polygon. Replace with real SVI GeoJSON if available."}, "geometry": {"type": "Polygon", "coordinates": [[[-118.637045, 33.97269], [-118.630045, 33.97269], [-118.630045, 33.97969], [-118.637045, 33.97969], [-118.637045, 33.97269]]]}}, {"type": "Feature", "properties": {"OBJECTID": 2122, "FIPS": "06037002122", "LOCATION": "Los Angeles County fallback SVI tract 2122", "E_TOTPOP": 6973, "EP_POV150": 32.4, "EP_UNEMP": 11.3, "EP_AGE65": 13.1, "EP_DISABL": 12.9, "RPL_THEMES": 0.6131, "SVI_SCORE": 61.31, "source_dataset": "Social Vulnerability Index LA County FeatureServer", "source_status": "simulated_fallback_due_download_missing_or_unavailable", "data_use_note": "Fallback simulated polygon. Replace with real SVI GeoJSON if available."}, "geometry": {"type": "Polygon", "coordinates": [[[-118.029011, 33.29725], [-118.022011, 33.29725], [-118.022011, 33.30425], [-118.029011, 33.30425], [-118.029011, 33.29725]]]}}, {"type": "Feature", "properties": {"OBJECTID": 2123, "FIPS": "06037002123", "LOCATION": "Los Angeles County fallback SVI tract 2123", "E_TOTPOP": 1827, "EP_POV150": 33.8, "EP_UNEMP": 2.5, "EP_AGE65": 17.1, "EP_DISABL": 7.7, "RPL_THEMES": 0.6077, "SVI_SCORE": 60.77, "source_dataset": "Social Vulnerability Index LA County FeatureServer", "source_status": "simulated_fallback_due_download_missing_or_unavailable", "data_use_note": "Fallback simulated polygon. Replace with real SVI GeoJSON if available."}, "geometry": {"type": "Polygon", "coordinates": [[[-118.638343, 34.320312], [-118.631343, 34.320312], [-118.631343, 34.327312], [-118.638343, 34.327312], [-118.638343, 34.320312]]]}}, {"type": "Feature", "properties": {"OBJECTID": 2124, "FIPS": "06037002124", "LOCATION": "Los Angeles County fallback SVI tract 2124", "E_TOTPOP": 2696, "EP_POV150": 16.8, "EP_UNEMP": 15.4, "EP_AGE65": 6.9, "EP_DISABL": 19.4, "RPL_THEMES": 0.5219, "SVI_SCORE": 52.19, "source_dataset": "Social Vulnerability Index LA County FeatureServer", "source_status": "simulated_fallback_due_download_missing_or_unavailable", "data_use_note": "Fallback simulated polygon. Replace with real SVI GeoJSON if available."}, "geometry": {"type": "Polygon", "coordinates": [[[-118.893917, 33.892058], [-118.886917, 33.892058], [-118.886917, 33.899058], [-118.893917, 33.899058], [-118.893917, 33.892058]]]}}, {"type": "Feature", "properties": {"OBJECTID": 2125, "FIPS": "06037002125", "LOCATION": "Los Angeles County fallback SVI tract 2125", "E_TOTPOP": 4754, "EP_POV150": 8.8, "EP_UNEMP": 7.0, "EP_AGE65": 8.7, "EP_DISABL": 11.9, "RPL_THEMES": 0.354, "SVI_SCORE": 35.4, "source_dataset": "Social Vulnerability Index LA County FeatureServer", "source_status": "simulated_fallback_due_download_missing_or_unavailable", "data_use_note": "Fallback simulated polygon. Replace with real SVI GeoJSON if available."}, "geometry": {"type": "Polygon", "coordinates": [[[-118.120461, 34.386329], [-118.113461, 34.386329], [-118.113461, 34.393329], [-118.120461, 34.393329], [-118.120461, 34.386329]]]}}, {"type": "Feature", "properties": {"OBJECTID": 2126, "FIPS": "06037002126", "LOCATION": "Los Angeles County fallback SVI tract 2126", "E_TOTPOP": 3476, "EP_POV150": 17.4, "EP_UNEMP": 9.4, "EP_AGE65": 13.8, "EP_DISABL": 5.0, "RPL_THEMES": 0.4233, "SVI_SCORE": 42.33, "source_dataset": "Social Vulnerability Index LA County FeatureServer", "source_status": "simulated_fallback_due_download_missing_or_unavailable", "data_use_note": "Fallback simulated polygon. Replace with real SVI GeoJSON if available."}, "geometry": {"type": "Polygon", "coordinates": [[[-117.864225, 34.483101], [-117.857225, 34.483101], [-117.857225, 34.490101], [-117.864225, 34.490101], [-117.864225, 34.483101]]]}}, {"type": "Feature", "properties": {"OBJECTID": 2127, "FIPS": "06037002127", "LOCATION": "Los Angeles County fallback SVI tract 2127", "E_TOTPOP": 1307, "EP_POV150": 15.4, "EP_UNEMP": 5.0, "EP_AGE65": 23.1, "EP_DISABL": 20.2, "RPL_THEMES": 0.6225, "SVI_SCORE": 62.25, "source_dataset": "Social Vulnerability Index LA County FeatureServer", "source_status": "simulated_fallback_due_download_missing_or_unavailable", "data_use_note": "Fallback simulated polygon. Replace with real SVI GeoJSON if available."}, "geometry": {"type": "Polygon", "coordinates": [[[-118.952486, 33.7024], [-118.945486, 33.7024], [-118.945486, 33.7094], [-118.952486, 33.7094], [-118.952486, 33.7024]]]}}, {"type": "Feature", "properties": {"OBJECTID": 2128, "FIPS": "06037002128", "LOCATION": "Los Angeles County fallback SVI tract 2128", "E_TOTPOP": 4031, "EP_POV150": 3.1, "EP_UNEMP": 3.7, "EP_AGE65": 9.6, "EP_DISABL": 12.9, "RPL_THEMES": 0.3084, "SVI_SCORE": 30.84, "source_dataset": "Social Vulnerability Index LA County FeatureServer", "source_status": "simulated_fallback_due_download_missing_or_unavailable", "data_use_note": "Fallback simulated polygon. Replace with real SVI GeoJSON if available."}, "geometry": {"type": "Polygon", "coordinates": [[[-118.189385, 33.377824], [-118.182385, 33.377824], [-118.182385, 33.384824], [-118.189385, 33.384824], [-118.189385, 33.377824]]]}}, {"type": "Feature", "properties": {"OBJECTID": 2129, "FIPS": "06037002129", "LOCATION": "Los Angeles County fallback SVI tract 2129", "E_TOTPOP": 4504, "EP_POV150": 16.8, "EP_UNEMP": 9.5, "EP_AGE65": 20.9, "EP_DISABL": 16.3, "RPL_THEMES": 0.5617, "SVI_SCORE": 56.17, "source_dataset": "Social Vulnerability Index LA County FeatureServer", "source_status": "simulated_fallback_due_download_missing_or_unavailable", "data_use_note": "Fallback simulated polygon. Replace with real SVI GeoJSON if available."}, "geometry": {"type": "Polygon", "coordinates": [[[-118.047466, 34.536309], [-118.040466, 34.536309], [-118.040466, 34.543309], [-118.047466, 34.543309], [-118.047466, 34.536309]]]}}, {"type": "Feature", "properties": {"OBJECTID": 2130, "FIPS": "06037002130", "LOCATION": "Los Angeles County fallback SVI tract 2130", "E_TOTPOP": 1645, "EP_POV150": 10.1, "EP_UNEMP": 15.7, "EP_AGE65": 17.9, "EP_DISABL": 5.0, "RPL_THEMES": 0.4323, "SVI_SCORE": 43.23, "source_dataset": "Social Vulnerability Index LA County FeatureServer", "source_status": "simulated_fallback_due_download_missing_or_unavailable", "data_use_note": "Fallback simulated polygon. Replace with real SVI GeoJSON if available."}, "geometry": {"type": "Polygon", "coordinates": [[[-118.301001, 32.957038], [-118.294001, 32.957038], [-118.294001, 32.964038], [-118.301001, 32.964038], [-118.301001, 32.957038]]]}}, {"type": "Feature", "properties": {"OBJECTID": 2131, "FIPS": "06037002131", "LOCATION": "Los Angeles County fallback SVI tract 2131", "E_TOTPOP": 5145, "EP_POV150": 4.2, "EP_UNEMP": 12.0, "EP_AGE65": 9.1, "EP_DISABL": 17.6, "RPL_THEMES": 0.359, "SVI_SCORE": 35.9, "source_dataset": "Social Vulnerability Index LA County FeatureServer", "source_status": "simulated_fallback_due_download_missing_or_unavailable", "data_use_note": "Fallback simulated polygon. Replace with real SVI GeoJSON if available."}, "geometry": {"type": "Polygon", "coordinates": [[[-117.754214, 33.327988], [-117.747214, 33.327988], [-117.747214, 33.334988], [-117.754214, 33.334988], [-117.754214, 33.327988]]]}}, {"type": "Feature", "properties": {"OBJECTID": 2132, "FIPS": "06037002132", "LOCATION": "Los Angeles County fallback SVI tract 2132", "E_TOTPOP": 4009, "EP_POV150": 34.6, "EP_UNEMP": 13.8, "EP_AGE65": 22.2, "EP_DISABL": 18.6, "RPL_THEMES": 0.7656, "SVI_SCORE": 76.56, "source_dataset": "Social Vulnerability Index LA County FeatureServer", "source_status": "simulated_fallback_due_download_missing_or_unavailable", "data_use_note": "Fallback simulated polygon. Replace with real SVI GeoJSON if available."}, "geometry": {"type": "Polygon", "coordinates": [[[-118.306683, 34.500195], [-118.299683, 34.500195], [-118.299683, 34.507195], [-118.306683, 34.507195], [-118.306683, 34.500195]]]}}, {"type": "Feature", "properties": {"OBJECTID": 2133, "FIPS": "06037002133", "LOCATION": "Los Angeles County fallback SVI tract 2133", "E_TOTPOP": 3810, "EP_POV150": 20.3, "EP_UNEMP": 8.8, "EP_AGE65": 6.3, "EP_DISABL": 10.3, "RPL_THEMES": 0.3694, "SVI_SCORE": 36.94, "source_dataset": "Social Vulnerability Index LA County FeatureServer", "source_status": "simulated_fallback_due_download_missing_or_unavailable", "data_use_note": "Fallback simulated polygon. Replace with real SVI GeoJSON if available."}, "geometry": {"type": "Polygon", "coordinates": [[[-118.41468, 34.169965], [-118.40768, 34.169965], [-118.40768, 34.176965], [-118.41468, 34.176965], [-118.41468, 34.169965]]]}}, {"type": "Feature", "properties": {"OBJECTID": 2134, "FIPS": "06037002134", "LOCATION": "Los Angeles County fallback SVI tract 2134", "E_TOTPOP": 2671, "EP_POV150": 32.8, "EP_UNEMP": 11.5, "EP_AGE65": 9.4, "EP_DISABL": 10.4, "RPL_THEMES": 0.5879, "SVI_SCORE": 58.79, "source_dataset": "Social Vulnerability Index LA County FeatureServer", "source_status": "simulated_fallback_due_download_missing_or_unavailable", "data_use_note": "Fallback simulated polygon. Replace with real SVI GeoJSON if available."}, "geometry": {"type": "Polygon", "coordinates": [[[-117.690178, 34.156597], [-117.683178, 34.156597], [-117.683178, 34.163597], [-117.690178, 34.163597], [-117.690178, 34.156597]]]}}, {"type": "Feature", "properties": {"OBJECTID": 2135, "FIPS": "06037002135", "LOCATION": "Los Angeles County fallback SVI tract 2135", "E_TOTPOP": 6179, "EP_POV150": 23.0, "EP_UNEMP": 8.5, "EP_AGE65": 6.8, "EP_DISABL": 4.7, "RPL_THEMES": 0.3798, "SVI_SCORE": 37.98, "source_dataset": "Social Vulnerability Index LA County FeatureServer", "source_status": "simulated_fallback_due_download_missing_or_unavailable", "data_use_note": "Fallback simulated polygon. Replace with real SVI GeoJSON if available."}, "geometry": {"type": "Polygon", "coordinates": [[[-118.844392, 32.99012], [-118.837392, 32.99012], [-118.837392, 32.99712], [-118.844392, 32.99712], [-118.844392, 32.99012]]]}}, {"type": "Feature", "properties": {"OBJECTID": 2136, "FIPS": "06037002136", "LOCATION": "Los Angeles County fallback SVI tract 2136", "E_TOTPOP": 4597, "EP_POV150": 33.8, "EP_UNEMP": 4.7, "EP_AGE65": 18.2, "EP_DISABL": 8.3, "RPL_THEMES": 0.564, "SVI_SCORE": 56.4, "source_dataset": "Social Vulnerability Index LA County FeatureServer", "source_status": "simulated_fallback_due_download_missing_or_unavailable", "data_use_note": "Fallback simulated polygon. Replace with real SVI GeoJSON if available."}, "geometry": {"type": "Polygon", "coordinates": [[[-117.668642, 32.847216], [-117.661642, 32.847216], [-117.661642, 32.854216], [-117.668642, 32.854216], [-117.668642, 32.847216]]]}}, {"type": "Feature", "properties": {"OBJECTID": 2137, "FIPS": "06037002137", "LOCATION": "Los Angeles County fallback SVI tract 2137", "E_TOTPOP": 3952, "EP_POV150": 14.8, "EP_UNEMP": 8.8, "EP_AGE65": 7.6, "EP_DISABL": 10.5, "RPL_THEMES": 0.3478, "SVI_SCORE": 34.78, "source_dataset": "Social Vulnerability Index LA County FeatureServer", "source_status": "simulated_fallback_due_download_missing_or_unavailable", "data_use_note": "Fallback simulated polygon. Replace with real SVI GeoJSON if available."}, "geometry": {"type": "Polygon", "coordinates": [[[-118.558624, 34.119097], [-118.551624, 34.119097], [-118.551624, 34.126097], [-118.558624, 34.126097], [-118.558624, 34.119097]]]}}, {"type": "Feature", "properties": {"OBJECTID": 2138, "FIPS": "06037002138", "LOCATION": "Los Angeles County fallback SVI tract 2138", "E_TOTPOP": 3175, "EP_POV150": 21.4, "EP_UNEMP": 15.6, "EP_AGE65": 7.3, "EP_DISABL": 8.4, "RPL_THEMES": 0.5696, "SVI_SCORE": 56.96, "source_dataset": "Social Vulnerability Index LA County FeatureServer", "source_status": "simulated_fallback_due_download_missing_or_unavailable", "data_use_note": "Fallback simulated polygon. Replace with real SVI GeoJSON if available."}, "geometry": {"type": "Polygon", "coordinates": [[[-118.808747, 34.181215], [-118.801747, 34.181215], [-118.801747, 34.188215], [-118.808747, 34.188215], [-118.808747, 34.181215]]]}}, {"type": "Feature", "properties": {"OBJECTID": 2139, "FIPS": "06037002139", "LOCATION": "Los Angeles County fallback SVI tract 2139", "E_TOTPOP": 1139, "EP_POV150": 17.4, "EP_UNEMP": 11.4, "EP_AGE65": 19.5, "EP_DISABL": 18.6, "RPL_THEMES": 0.6648, "SVI_SCORE": 66.48, "source_dataset": "Social Vulnerability Index LA County FeatureServer", "source_status": "simulated_fallback_due_download_missing_or_unavailable", "data_use_note": "Fallback simulated polygon. Replace with real SVI GeoJSON if available."}, "geometry": {"type": "Polygon", "coordinates": [[[-117.968538, 34.73478], [-117.961538, 34.73478], [-117.961538, 34.74178], [-117.968538, 34.74178], [-117.968538, 34.73478]]]}}, {"type": "Feature", "properties": {"OBJECTID": 2140, "FIPS": "06037002140", "LOCATION": "Los Angeles County fallback SVI tract 2140", "E_TOTPOP": 4654, "EP_POV150": 3.7, "EP_UNEMP": 2.8, "EP_AGE65": 18.1, "EP_DISABL": 16.8, "RPL_THEMES": 0.3479, "SVI_SCORE": 34.79, "source_dataset": "Social Vulnerability Index LA County FeatureServer", "source_status": "simulated_fallback_due_download_missing_or_unavailable", "data_use_note": "Fallback simulated polygon. Replace with real SVI GeoJSON if available."}, "geometry": {"type": "Polygon", "coordinates": [[[-118.015668, 33.520329], [-118.008668, 33.520329], [-118.008668, 33.527329], [-118.015668, 33.527329], [-118.015668, 33.520329]]]}}, {"type": "Feature", "properties": {"OBJECTID": 2141, "FIPS": "06037002141", "LOCATION": "Los Angeles County fallback SVI tract 2141", "E_TOTPOP": 7117, "EP_POV150": 19.8, "EP_UNEMP": 4.1, "EP_AGE65": 21.1, "EP_DISABL": 15.0, "RPL_THEMES": 0.496, "SVI_SCORE": 49.6, "source_dataset": "Social Vulnerability Index LA County FeatureServer", "source_status": "simulated_fallback_due_download_missing_or_unavailable", "data_use_note": "Fallback simulated polygon. Replace with real SVI GeoJSON if available."}, "geometry": {"type": "Polygon", "coordinates": [[[-118.505751, 33.877715], [-118.498751, 33.877715], [-118.498751, 33.884715], [-118.505751, 33.884715], [-118.505751, 33.877715]]]}}, {"type": "Feature", "properties": {"OBJECTID": 2142, "FIPS": "06037002142", "LOCATION": "Los Angeles County fallback SVI tract 2142", "E_TOTPOP": 1792, "EP_POV150": 31.0, "EP_UNEMP": 3.8, "EP_AGE65": 9.5, "EP_DISABL": 19.9, "RPL_THEMES": 0.6091, "SVI_SCORE": 60.91, "source_dataset": "Social Vulnerability Index LA County FeatureServer", "source_status": "simulated_fallback_due_download_missing_or_unavailable", "data_use_note": "Fallback simulated polygon. Replace with real SVI GeoJSON if available."}, "geometry": {"type": "Polygon", "coordinates": [[[-117.675668, 34.177076], [-117.668668, 34.177076], [-117.668668, 34.184076], [-117.675668, 34.184076], [-117.675668, 34.177076]]]}}, {"type": "Feature", "properties": {"OBJECTID": 2143, "FIPS": "06037002143", "LOCATION": "Los Angeles County fallback SVI tract 2143", "E_TOTPOP": 3929, "EP_POV150": 34.3, "EP_UNEMP": 8.7, "EP_AGE65": 17.0, "EP_DISABL": 6.6, "RPL_THEMES": 0.6787, "SVI_SCORE": 67.87, "source_dataset": "Social Vulnerability Index LA County FeatureServer", "source_status": "simulated_fallback_due_download_missing_or_unavailable", "data_use_note": "Fallback simulated polygon. Replace with real SVI GeoJSON if available."}, "geometry": {"type": "Polygon", "coordinates": [[[-118.404303, 33.509535], [-118.397303, 33.509535], [-118.397303, 33.516535], [-118.404303, 33.516535], [-118.404303, 33.509535]]]}}, {"type": "Feature", "properties": {"OBJECTID": 2144, "FIPS": "06037002144", "LOCATION": "Los Angeles County fallback SVI tract 2144", "E_TOTPOP": 3561, "EP_POV150": 10.8, "EP_UNEMP": 5.0, "EP_AGE65": 14.5, "EP_DISABL": 9.2, "RPL_THEMES": 0.4163, "SVI_SCORE": 41.63, "source_dataset": "Social Vulnerability Index LA County FeatureServer", "source_status": "simulated_fallback_due_download_missing_or_unavailable", "data_use_note": "Fallback simulated polygon. Replace with real SVI GeoJSON if available."}, "geometry": {"type": "Polygon", "coordinates": [[[-118.714251, 33.200867], [-118.707251, 33.200867], [-118.707251, 33.207867], [-118.714251, 33.207867], [-118.714251, 33.200867]]]}}, {"type": "Feature", "properties": {"OBJECTID": 2145, "FIPS": "06037002145", "LOCATION": "Los Angeles County fallback SVI tract 2145", "E_TOTPOP": 3473, "EP_POV150": 8.9, "EP_UNEMP": 4.6, "EP_AGE65": 22.4, "EP_DISABL": 7.1, "RPL_THEMES": 0.3645, "SVI_SCORE": 36.45, "source_dataset": "Social Vulnerability Index LA County FeatureServer", "source_status": "simulated_fallback_due_download_missing_or_unavailable", "data_use_note": "Fallback simulated polygon. Replace with real SVI GeoJSON if available."}, "geometry": {"type": "Polygon", "coordinates": [[[-118.239571, 34.42387], [-118.232571, 34.42387], [-118.232571, 34.43087], [-118.239571, 34.43087], [-118.239571, 34.42387]]]}}, {"type": "Feature", "properties": {"OBJECTID": 2146, "FIPS": "06037002146", "LOCATION": "Los Angeles County fallback SVI tract 2146", "E_TOTPOP": 6059, "EP_POV150": 8.8, "EP_UNEMP": 10.6, "EP_AGE65": 6.4, "EP_DISABL": 12.1, "RPL_THEMES": 0.3136, "SVI_SCORE": 31.36, "source_dataset": "Social Vulnerability Index LA County FeatureServer", "source_status": "simulated_fallback_due_download_missing_or_unavailable", "data_use_note": "Fallback simulated polygon. Replace with real SVI GeoJSON if available."}, "geometry": {"type": "Polygon", "coordinates": [[[-117.82127, 34.056122], [-117.81427, 34.056122], [-117.81427, 34.063122], [-117.82127, 34.063122], [-117.82127, 34.056122]]]}}, {"type": "Feature", "properties": {"OBJECTID": 2147, "FIPS": "06037002147", "LOCATION": "Los Angeles County fallback SVI tract 2147", "E_TOTPOP": 5681, "EP_POV150": 29.8, "EP_UNEMP": 14.8, "EP_AGE65": 19.7, "EP_DISABL": 9.1, "RPL_THEMES": 0.7419, "SVI_SCORE": 74.19, "source_dataset": "Social Vulnerability Index LA County FeatureServer", "source_status": "simulated_fallback_due_download_missing_or_unavailable", "data_use_note": "Fallback simulated polygon. Replace with real SVI GeoJSON if available."}, "geometry": {"type": "Polygon", "coordinates": [[[-118.724853, 34.778883], [-118.717853, 34.778883], [-118.717853, 34.785883], [-118.724853, 34.785883], [-118.724853, 34.778883]]]}}, {"type": "Feature", "properties": {"OBJECTID": 2148, "FIPS": "06037002148", "LOCATION": "Los Angeles County fallback SVI tract 2148", "E_TOTPOP": 3174, "EP_POV150": 21.2, "EP_UNEMP": 13.4, "EP_AGE65": 14.9, "EP_DISABL": 19.7, "RPL_THEMES": 0.5921, "SVI_SCORE": 59.21, "source_dataset": "Social Vulnerability Index LA County FeatureServer", "source_status": "simulated_fallback_due_download_missing_or_unavailable", "data_use_note": "Fallback simulated polygon. Replace with real SVI GeoJSON if available."}, "geometry": {"type": "Polygon", "coordinates": [[[-117.824288, 34.228323], [-117.817288, 34.228323], [-117.817288, 34.235323], [-117.824288, 34.235323], [-117.824288, 34.228323]]]}}, {"type": "Feature", "properties": {"OBJECTID": 2149, "FIPS": "06037002149", "LOCATION": "Los Angeles County fallback SVI tract 2149", "E_TOTPOP": 5811, "EP_POV150": 20.4, "EP_UNEMP": 15.0, "EP_AGE65": 22.7, "EP_DISABL": 8.2, "RPL_THEMES": 0.673, "SVI_SCORE": 67.3, "source_dataset": "Social Vulnerability Index LA County FeatureServer", "source_status": "simulated_fallback_due_download_missing_or_unavailable", "data_use_note": "Fallback simulated polygon. Replace with real SVI GeoJSON if available."}, "geometry": {"type": "Polygon", "coordinates": [[[-118.834891, 32.871617], [-118.827891, 32.871617], [-118.827891, 32.878617], [-118.834891, 32.878617], [-118.834891, 32.871617]]]}}, {"type": "Feature", "properties": {"OBJECTID": 2150, "FIPS": "06037002150", "LOCATION": "Los Angeles County fallback SVI tract 2150", "E_TOTPOP": 5002, "EP_POV150": 28.5, "EP_UNEMP": 5.1, "EP_AGE65": 19.9, "EP_DISABL": 20.8, "RPL_THEMES": 0.6864, "SVI_SCORE": 68.64, "source_dataset": "Social Vulnerability Index LA County FeatureServer", "source_status": "simulated_fallback_due_download_missing_or_unavailable", "data_use_note": "Fallback simulated polygon. Replace with real SVI GeoJSON if available."}, "geometry": {"type": "Polygon", "coordinates": [[[-118.323093, 33.365696], [-118.316093, 33.365696], [-118.316093, 33.372696], [-118.323093, 33.372696], [-118.323093, 33.365696]]]}}, {"type": "Feature", "properties": {"OBJECTID": 2151, "FIPS": "06037002151", "LOCATION": "Los Angeles County fallback SVI tract 2151", "E_TOTPOP": 5514, "EP_POV150": 16.1, "EP_UNEMP": 10.4, "EP_AGE65": 23.0, "EP_DISABL": 19.8, "RPL_THEMES": 0.5685, "SVI_SCORE": 56.85, "source_dataset": "Social Vulnerability Index LA County FeatureServer", "source_status": "simulated_fallback_due_download_missing_or_unavailable", "data_use_note": "Fallback simulated polygon. Replace with real SVI GeoJSON if available."}, "geometry": {"type": "Polygon", "coordinates": [[[-118.405436, 33.895212], [-118.398436, 33.895212], [-118.398436, 33.902212], [-118.405436, 33.902212], [-118.405436, 33.895212]]]}}, {"type": "Feature", "properties": {"OBJECTID": 2152, "FIPS": "06037002152", "LOCATION": "Los Angeles County fallback SVI tract 2152", "E_TOTPOP": 1003, "EP_POV150": 3.5, "EP_UNEMP": 9.7, "EP_AGE65": 7.6, "EP_DISABL": 8.7, "RPL_THEMES": 0.3268, "SVI_SCORE": 32.68, "source_dataset": "Social Vulnerability Index LA County FeatureServer", "source_status": "simulated_fallback_due_download_missing_or_unavailable", "data_use_note": "Fallback simulated polygon. Replace with real SVI GeoJSON if available."}, "geometry": {"type": "Polygon", "coordinates": [[[-118.098354, 33.393168], [-118.091354, 33.393168], [-118.091354, 33.400168], [-118.098354, 33.400168], [-118.098354, 33.393168]]]}}, {"type": "Feature", "properties": {"OBJECTID": 2153, "FIPS": "06037002153", "LOCATION": "Los Angeles County fallback SVI tract 2153", "E_TOTPOP": 6186, "EP_POV150": 19.9, "EP_UNEMP": 10.7, "EP_AGE65": 6.0, "EP_DISABL": 17.5, "RPL_THEMES": 0.4945, "SVI_SCORE": 49.45, "source_dataset": "Social Vulnerability Index LA County FeatureServer", "source_status": "simulated_fallback_due_download_missing_or_unavailable", "data_use_note": "Fallback simulated polygon. Replace with real SVI GeoJSON if available."}, "geometry": {"type": "Polygon", "coordinates": [[[-118.156086, 34.354624], [-118.149086, 34.354624], [-118.149086, 34.361624], [-118.156086, 34.361624], [-118.156086, 34.354624]]]}}, {"type": "Feature", "properties": {"OBJECTID": 2154, "FIPS": "06037002154", "LOCATION": "Los Angeles County fallback SVI tract 2154", "E_TOTPOP": 5158, "EP_POV150": 15.9, "EP_UNEMP": 12.3, "EP_AGE65": 22.8, "EP_DISABL": 16.0, "RPL_THEMES": 0.5865, "SVI_SCORE": 58.65, "source_dataset": "Social Vulnerability Index LA County FeatureServer", "source_status": "simulated_fallback_due_download_missing_or_unavailable", "data_use_note": "Fallback simulated polygon. Replace with real SVI GeoJSON if available."}, "geometry": {"type": "Polygon", "coordinates": [[[-118.523558, 34.348858], [-118.516558, 34.348858], [-118.516558, 34.355858], [-118.523558, 34.355858], [-118.523558, 34.348858]]]}}, {"type": "Feature", "properties": {"OBJECTID": 2155, "FIPS": "06037002155", "LOCATION": "Los Angeles County fallback SVI tract 2155", "E_TOTPOP": 3798, "EP_POV150": 12.6, "EP_UNEMP": 13.2, "EP_AGE65": 15.4, "EP_DISABL": 12.6, "RPL_THEMES": 0.5552, "SVI_SCORE": 55.52, "source_dataset": "Social Vulnerability Index LA County FeatureServer", "source_status": "simulated_fallback_due_download_missing_or_unavailable", "data_use_note": "Fallback simulated polygon. Replace with real SVI GeoJSON if available."}, "geometry": {"type": "Polygon", "coordinates": [[[-117.80569, 34.58897], [-117.79869, 34.58897], [-117.79869, 34.59597], [-117.80569, 34.59597], [-117.80569, 34.58897]]]}}, {"type": "Feature", "properties": {"OBJECTID": 2156, "FIPS": "06037002156", "LOCATION": "Los Angeles County fallback SVI tract 2156", "E_TOTPOP": 1134, "EP_POV150": 28.9, "EP_UNEMP": 6.9, "EP_AGE65": 23.2, "EP_DISABL": 19.8, "RPL_THEMES": 0.7128, "SVI_SCORE": 71.28, "source_dataset": "Social Vulnerability Index LA County FeatureServer", "source_status": "simulated_fallback_due_download_missing_or_unavailable", "data_use_note": "Fallback simulated polygon. Replace with real SVI GeoJSON if available."}, "geometry": {"type": "Polygon", "coordinates": [[[-118.127227, 33.912662], [-118.120227, 33.912662], [-118.120227, 33.919662], [-118.127227, 33.919662], [-118.127227, 33.912662]]]}}, {"type": "Feature", "properties": {"OBJECTID": 2157, "FIPS": "06037002157", "LOCATION": "Los Angeles County fallback SVI tract 2157", "E_TOTPOP": 4439, "EP_POV150": 3.9, "EP_UNEMP": 15.6, "EP_AGE65": 6.8, "EP_DISABL": 17.8, "RPL_THEMES": 0.5189, "SVI_SCORE": 51.89, "source_dataset": "Social Vulnerability Index LA County FeatureServer", "source_status": "simulated_fallback_due_download_missing_or_unavailable", "data_use_note": "Fallback simulated polygon. Replace with real SVI GeoJSON if available."}, "geometry": {"type": "Polygon", "coordinates": [[[-118.95051, 33.217762], [-118.94351, 33.217762], [-118.94351, 33.224762], [-118.95051, 33.224762], [-118.95051, 33.217762]]]}}, {"type": "Feature", "properties": {"OBJECTID": 2158, "FIPS": "06037002158", "LOCATION": "Los Angeles County fallback SVI tract 2158", "E_TOTPOP": 6673, "EP_POV150": 26.4, "EP_UNEMP": 14.9, "EP_AGE65": 22.3, "EP_DISABL": 5.5, "RPL_THEMES": 0.6468, "SVI_SCORE": 64.68, "source_dataset": "Social Vulnerability Index LA County FeatureServer", "source_status": "simulated_fallback_due_download_missing_or_unavailable", "data_use_note": "Fallback simulated polygon. Replace with real SVI GeoJSON if available."}, "geometry": {"type": "Polygon", "coordinates": [[[-118.335998, 33.811149], [-118.328998, 33.811149], [-118.328998, 33.818149], [-118.335998, 33.818149], [-118.335998, 33.811149]]]}}, {"type": "Feature", "properties": {"OBJECTID": 2159, "FIPS": "06037002159", "LOCATION": "Los Angeles County fallback SVI tract 2159", "E_TOTPOP": 3353, "EP_POV150": 7.5, "EP_UNEMP": 14.6, "EP_AGE65": 14.9, "EP_DISABL": 11.9, "RPL_THEMES": 0.507, "SVI_SCORE": 50.7, "source_dataset": "Social Vulnerability Index LA County FeatureServer", "source_status": "simulated_fallback_due_download_missing_or_unavailable", "data_use_note": "Fallback simulated polygon. Replace with real SVI GeoJSON if available."}, "geometry": {"type": "Polygon", "coordinates": [[[-117.898897, 34.6942], [-117.891897, 34.6942], [-117.891897, 34.7012], [-117.898897, 34.7012], [-117.898897, 34.6942]]]}}, {"type": "Feature", "properties": {"OBJECTID": 2160, "FIPS": "06037002160", "LOCATION": "Los Angeles County fallback SVI tract 2160", "E_TOTPOP": 3342, "EP_POV150": 3.4, "EP_UNEMP": 3.1, "EP_AGE65": 9.8, "EP_DISABL": 16.4, "RPL_THEMES": 0.319, "SVI_SCORE": 31.9, "source_dataset": "Social Vulnerability Index LA County FeatureServer", "source_status": "simulated_fallback_due_download_missing_or_unavailable", "data_use_note": "Fallback simulated polygon. Replace with real SVI GeoJSON if available."}, "geometry": {"type": "Polygon", "coordinates": [[[-118.600776, 33.770169], [-118.593776, 33.770169], [-118.593776, 33.777169], [-118.600776, 33.777169], [-118.600776, 33.770169]]]}}, {"type": "Feature", "properties": {"OBJECTID": 2161, "FIPS": "06037002161", "LOCATION": "Los Angeles County fallback SVI tract 2161", "E_TOTPOP": 3783, "EP_POV150": 35.8, "EP_UNEMP": 11.4, "EP_AGE65": 9.3, "EP_DISABL": 16.4, "RPL_THEMES": 0.6805, "SVI_SCORE": 68.05, "source_dataset": "Social Vulnerability Index LA County FeatureServer", "source_status": "simulated_fallback_due_download_missing_or_unavailable", "data_use_note": "Fallback simulated polygon. Replace with real SVI GeoJSON if available."}, "geometry": {"type": "Polygon", "coordinates": [[[-118.079561, 33.213922], [-118.072561, 33.213922], [-118.072561, 33.220922], [-118.079561, 33.220922], [-118.079561, 33.213922]]]}}, {"type": "Feature", "properties": {"OBJECTID": 2162, "FIPS": "06037002162", "LOCATION": "Los Angeles County fallback SVI tract 2162", "E_TOTPOP": 3920, "EP_POV150": 17.1, "EP_UNEMP": 13.9, "EP_AGE65": 23.2, "EP_DISABL": 4.4, "RPL_THEMES": 0.575, "SVI_SCORE": 57.5, "source_dataset": "Social Vulnerability Index LA County FeatureServer", "source_status": "simulated_fallback_due_download_missing_or_unavailable", "data_use_note": "Fallback simulated polygon. Replace with real SVI GeoJSON if available."}, "geometry": {"type": "Polygon", "coordinates": [[[-118.129991, 33.865402], [-118.122991, 33.865402], [-118.122991, 33.872402], [-118.129991, 33.872402], [-118.129991, 33.865402]]]}}, {"type": "Feature", "properties": {"OBJECTID": 2163, "FIPS": "06037002163", "LOCATION": "Los Angeles County fallback SVI tract 2163", "E_TOTPOP": 2081, "EP_POV150": 11.2, "EP_UNEMP": 13.5, "EP_AGE65": 11.4, "EP_DISABL": 16.5, "RPL_THEMES": 0.5048, "SVI_SCORE": 50.48, "source_dataset": "Social Vulnerability Index LA County FeatureServer", "source_status": "simulated_fallback_due_download_missing_or_unavailable", "data_use_note": "Fallback simulated polygon. Replace with real SVI GeoJSON if available."}, "geometry": {"type": "Polygon", "coordinates": [[[-117.97903, 33.122039], [-117.97203, 33.122039], [-117.97203, 33.129039], [-117.97903, 33.129039], [-117.97903, 33.122039]]]}}, {"type": "Feature", "properties": {"OBJECTID": 2164, "FIPS": "06037002164", "LOCATION": "Los Angeles County fallback SVI tract 2164", "E_TOTPOP": 3427, "EP_POV150": 9.8, "EP_UNEMP": 4.7, "EP_AGE65": 13.3, "EP_DISABL": 7.2, "RPL_THEMES": 0.3148, "SVI_SCORE": 31.48, "source_dataset": "Social Vulnerability Index LA County FeatureServer", "source_status": "simulated_fallback_due_download_missing_or_unavailable", "data_use_note": "Fallback simulated polygon. Replace with real SVI GeoJSON if available."}, "geometry": {"type": "Polygon", "coordinates": [[[-118.52456, 33.820217], [-118.51756, 33.820217], [-118.51756, 33.827217], [-118.52456, 33.827217], [-118.52456, 33.820217]]]}}, {"type": "Feature", "properties": {"OBJECTID": 2165, "FIPS": "06037002165", "LOCATION": "Los Angeles County fallback SVI tract 2165", "E_TOTPOP": 7106, "EP_POV150": 34.1, "EP_UNEMP": 4.5, "EP_AGE65": 7.1, "EP_DISABL": 12.0, "RPL_THEMES": 0.515, "SVI_SCORE": 51.5, "source_dataset": "Social Vulnerability Index LA County FeatureServer", "source_status": "simulated_fallback_due_download_missing_or_unavailable", "data_use_note": "Fallback simulated polygon. Replace with real SVI GeoJSON if available."}, "geometry": {"type": "Polygon", "coordinates": [[[-118.745899, 34.029175], [-118.738899, 34.029175], [-118.738899, 34.036175], [-118.745899, 34.036175], [-118.745899, 34.029175]]]}}, {"type": "Feature", "properties": {"OBJECTID": 2166, "FIPS": "06037002166", "LOCATION": "Los Angeles County fallback SVI tract 2166", "E_TOTPOP": 3598, "EP_POV150": 10.4, "EP_UNEMP": 8.7, "EP_AGE65": 8.4, "EP_DISABL": 8.8, "RPL_THEMES": 0.2713, "SVI_SCORE": 27.13, "source_dataset": "Social Vulnerability Index LA County FeatureServer", "source_status": "simulated_fallback_due_download_missing_or_unavailable", "data_use_note": "Fallback simulated polygon. Replace with real SVI GeoJSON if available."}, "geometry": {"type": "Polygon", "coordinates": [[[-118.45411, 33.084608], [-118.44711, 33.084608], [-118.44711, 33.091608], [-118.45411, 33.091608], [-118.45411, 33.084608]]]}}, {"type": "Feature", "properties": {"OBJECTID": 2167, "FIPS": "06037002167", "LOCATION": "Los Angeles County fallback SVI tract 2167", "E_TOTPOP": 2078, "EP_POV150": 18.5, "EP_UNEMP": 8.4, "EP_AGE65": 15.8, "EP_DISABL": 20.3, "RPL_THEMES": 0.6124, "SVI_SCORE": 61.24, "source_dataset": "Social Vulnerability Index LA County FeatureServer", "source_status": "simulated_fallback_due_download_missing_or_unavailable", "data_use_note": "Fallback simulated polygon. Replace with real SVI GeoJSON if available."}, "geometry": {"type": "Polygon", "coordinates": [[[-117.834169, 32.960092], [-117.827169, 32.960092], [-117.827169, 32.967092], [-117.834169, 32.967092], [-117.834169, 32.960092]]]}}, {"type": "Feature", "properties": {"OBJECTID": 2168, "FIPS": "06037002168", "LOCATION": "Los Angeles County fallback SVI tract 2168", "E_TOTPOP": 4360, "EP_POV150": 27.0, "EP_UNEMP": 12.8, "EP_AGE65": 7.7, "EP_DISABL": 8.0, "RPL_THEMES": 0.4848, "SVI_SCORE": 48.48, "source_dataset": "Social Vulnerability Index LA County FeatureServer", "source_status": "simulated_fallback_due_download_missing_or_unavailable", "data_use_note": "Fallback simulated polygon. Replace with real SVI GeoJSON if available."}, "geometry": {"type": "Polygon", "coordinates": [[[-118.140738, 33.904951], [-118.133738, 33.904951], [-118.133738, 33.911951], [-118.140738, 33.911951], [-118.140738, 33.904951]]]}}, {"type": "Feature", "properties": {"OBJECTID": 2169, "FIPS": "06037002169", "LOCATION": "Los Angeles County fallback SVI tract 2169", "E_TOTPOP": 2217, "EP_POV150": 18.8, "EP_UNEMP": 5.1, "EP_AGE65": 11.0, "EP_DISABL": 5.4, "RPL_THEMES": 0.3828, "SVI_SCORE": 38.28, "source_dataset": "Social Vulnerability Index LA County FeatureServer", "source_status": "simulated_fallback_due_download_missing_or_unavailable", "data_use_note": "Fallback simulated polygon. Replace with real SVI GeoJSON if available."}, "geometry": {"type": "Polygon", "coordinates": [[[-118.436725, 33.141374], [-118.429725, 33.141374], [-118.429725, 33.148374], [-118.436725, 33.148374], [-118.436725, 33.141374]]]}}, {"type": "Feature", "properties": {"OBJECTID": 2170, "FIPS": "06037002170", "LOCATION": "Los Angeles County fallback SVI tract 2170", "E_TOTPOP": 1186, "EP_POV150": 28.9, "EP_UNEMP": 13.4, "EP_AGE65": 22.3, "EP_DISABL": 8.8, "RPL_THEMES": 0.6537, "SVI_SCORE": 65.37, "source_dataset": "Social Vulnerability Index LA County FeatureServer", "source_status": "simulated_fallback_due_download_missing_or_unavailable", "data_use_note": "Fallback simulated polygon. Replace with real SVI GeoJSON if available."}, "geometry": {"type": "Polygon", "coordinates": [[[-118.950595, 33.100777], [-118.943595, 33.100777], [-118.943595, 33.107777], [-118.950595, 33.107777], [-118.950595, 33.100777]]]}}, {"type": "Feature", "properties": {"OBJECTID": 2171, "FIPS": "06037002171", "LOCATION": "Los Angeles County fallback SVI tract 2171", "E_TOTPOP": 6865, "EP_POV150": 36.8, "EP_UNEMP": 13.3, "EP_AGE65": 14.1, "EP_DISABL": 4.2, "RPL_THEMES": 0.716, "SVI_SCORE": 71.6, "source_dataset": "Social Vulnerability Index LA County FeatureServer", "source_status": "simulated_fallback_due_download_missing_or_unavailable", "data_use_note": "Fallback simulated polygon. Replace with real SVI GeoJSON if available."}, "geometry": {"type": "Polygon", "coordinates": [[[-118.37796, 34.057463], [-118.37096, 34.057463], [-118.37096, 34.064463], [-118.37796, 34.064463], [-118.37796, 34.057463]]]}}, {"type": "Feature", "properties": {"OBJECTID": 2172, "FIPS": "06037002172", "LOCATION": "Los Angeles County fallback SVI tract 2172", "E_TOTPOP": 877, "EP_POV150": 22.0, "EP_UNEMP": 15.8, "EP_AGE65": 18.5, "EP_DISABL": 19.6, "RPL_THEMES": 0.7514, "SVI_SCORE": 75.14, "source_dataset": "Social Vulnerability Index LA County FeatureServer", "source_status": "simulated_fallback_due_download_missing_or_unavailable", "data_use_note": "Fallback simulated polygon. Replace with real SVI GeoJSON if available."}, "geometry": {"type": "Polygon", "coordinates": [[[-117.802038, 34.294485], [-117.795038, 34.294485], [-117.795038, 34.301485], [-117.802038, 34.301485], [-117.802038, 34.294485]]]}}, {"type": "Feature", "properties": {"OBJECTID": 2173, "FIPS": "06037002173", "LOCATION": "Los Angeles County fallback SVI tract 2173", "E_TOTPOP": 926, "EP_POV150": 30.4, "EP_UNEMP": 15.8, "EP_AGE65": 21.8, "EP_DISABL": 12.6, "RPL_THEMES": 0.7895, "SVI_SCORE": 78.95, "source_dataset": "Social Vulnerability Index LA County FeatureServer", "source_status": "simulated_fallback_due_download_missing_or_unavailable", "data_use_note": "Fallback simulated polygon. Replace with real SVI GeoJSON if available."}, "geometry": {"type": "Polygon", "coordinates": [[[-118.104387, 33.520678], [-118.097387, 33.520678], [-118.097387, 33.527678], [-118.104387, 33.527678], [-118.104387, 33.520678]]]}}, {"type": "Feature", "properties": {"OBJECTID": 2174, "FIPS": "06037002174", "LOCATION": "Los Angeles County fallback SVI tract 2174", "E_TOTPOP": 6532, "EP_POV150": 14.9, "EP_UNEMP": 10.9, "EP_AGE65": 20.2, "EP_DISABL": 15.3, "RPL_THEMES": 0.6285, "SVI_SCORE": 62.85, "source_dataset": "Social Vulnerability Index LA County FeatureServer", "source_status": "simulated_fallback_due_download_missing_or_unavailable", "data_use_note": "Fallback simulated polygon. Replace with real SVI GeoJSON if available."}, "geometry": {"type": "Polygon", "coordinates": [[[-118.20965, 34.199683], [-118.20265, 34.199683], [-118.20265, 34.206683], [-118.20965, 34.206683], [-118.20965, 34.199683]]]}}, {"type": "Feature", "properties": {"OBJECTID": 2175, "FIPS": "06037002175", "LOCATION": "Los Angeles County fallback SVI tract 2175", "E_TOTPOP": 6244, "EP_POV150": 6.3, "EP_UNEMP": 5.1, "EP_AGE65": 13.8, "EP_DISABL": 17.2, "RPL_THEMES": 0.3898, "SVI_SCORE": 38.98, "source_dataset": "Social Vulnerability Index LA County FeatureServer", "source_status": "simulated_fallback_due_download_missing_or_unavailable", "data_use_note": "Fallback simulated polygon. Replace with real SVI GeoJSON if available."}, "geometry": {"type": "Polygon", "coordinates": [[[-117.896199, 34.523807], [-117.889199, 34.523807], [-117.889199, 34.530807], [-117.896199, 34.530807], [-117.896199, 34.523807]]]}}, {"type": "Feature", "properties": {"OBJECTID": 2176, "FIPS": "06037002176", "LOCATION": "Los Angeles County fallback SVI tract 2176", "E_TOTPOP": 6000, "EP_POV150": 5.5, "EP_UNEMP": 15.1, "EP_AGE65": 20.2, "EP_DISABL": 6.8, "RPL_THEMES": 0.5324, "SVI_SCORE": 53.24, "source_dataset": "Social Vulnerability Index LA County FeatureServer", "source_status": "simulated_fallback_due_download_missing_or_unavailable", "data_use_note": "Fallback simulated polygon. Replace with real SVI GeoJSON if available."}, "geometry": {"type": "Polygon", "coordinates": [[[-118.89657, 33.954746], [-118.88957, 33.954746], [-118.88957, 33.961746], [-118.89657, 33.961746], [-118.89657, 33.954746]]]}}, {"type": "Feature", "properties": {"OBJECTID": 2177, "FIPS": "06037002177", "LOCATION": "Los Angeles County fallback SVI tract 2177", "E_TOTPOP": 3518, "EP_POV150": 29.9, "EP_UNEMP": 3.5, "EP_AGE65": 20.2, "EP_DISABL": 21.7, "RPL_THEMES": 0.5912, "SVI_SCORE": 59.12, "source_dataset": "Social Vulnerability Index LA County FeatureServer", "source_status": "simulated_fallback_due_download_missing_or_unavailable", "data_use_note": "Fallback simulated polygon. Replace with real SVI GeoJSON if available."}, "geometry": {"type": "Polygon", "coordinates": [[[-118.390667, 33.828862], [-118.383667, 33.828862], [-118.383667, 33.835862], [-118.390667, 33.835862], [-118.390667, 33.828862]]]}}, {"type": "Feature", "properties": {"OBJECTID": 2178, "FIPS": "06037002178", "LOCATION": "Los Angeles County fallback SVI tract 2178", "E_TOTPOP": 1204, "EP_POV150": 15.2, "EP_UNEMP": 12.8, "EP_AGE65": 15.8, "EP_DISABL": 8.5, "RPL_THEMES": 0.4726, "SVI_SCORE": 47.26, "source_dataset": "Social Vulnerability Index LA County FeatureServer", "source_status": "simulated_fallback_due_download_missing_or_unavailable", "data_use_note": "Fallback simulated polygon. Replace with real SVI GeoJSON if available."}, "geometry": {"type": "Polygon", "coordinates": [[[-117.940044, 33.120053], [-117.933044, 33.120053], [-117.933044, 33.127053], [-117.940044, 33.127053], [-117.940044, 33.120053]]]}}, {"type": "Feature", "properties": {"OBJECTID": 2179, "FIPS": "06037002179", "LOCATION": "Los Angeles County fallback SVI tract 2179", "E_TOTPOP": 3116, "EP_POV150": 16.5, "EP_UNEMP": 13.4, "EP_AGE65": 23.2, "EP_DISABL": 11.5, "RPL_THEMES": 0.5853, "SVI_SCORE": 58.53, "source_dataset": "Social Vulnerability Index LA County FeatureServer", "source_status": "simulated_fallback_due_download_missing_or_unavailable", "data_use_note": "Fallback simulated polygon. Replace with real SVI GeoJSON if available."}, "geometry": {"type": "Polygon", "coordinates": [[[-118.250651, 34.472119], [-118.243651, 34.472119], [-118.243651, 34.479119], [-118.250651, 34.479119], [-118.250651, 34.472119]]]}}, {"type": "Feature", "properties": {"OBJECTID": 2180, "FIPS": "06037002180", "LOCATION": "Los Angeles County fallback SVI tract 2180", "E_TOTPOP": 1090, "EP_POV150": 3.3, "EP_UNEMP": 5.9, "EP_AGE65": 13.4, "EP_DISABL": 15.1, "RPL_THEMES": 0.3111, "SVI_SCORE": 31.11, "source_dataset": "Social Vulnerability Index LA County FeatureServer", "source_status": "simulated_fallback_due_download_missing_or_unavailable", "data_use_note": "Fallback simulated polygon. Replace with real SVI GeoJSON if available."}, "geometry": {"type": "Polygon", "coordinates": [[[-118.06954, 34.049026], [-118.06254, 34.049026], [-118.06254, 34.056026], [-118.06954, 34.056026], [-118.06954, 34.049026]]]}}, {"type": "Feature", "properties": {"OBJECTID": 2181, "FIPS": "06037002181", "LOCATION": "Los Angeles County fallback SVI tract 2181", "E_TOTPOP": 1874, "EP_POV150": 7.2, "EP_UNEMP": 2.0, "EP_AGE65": 22.8, "EP_DISABL": 9.0, "RPL_THEMES": 0.4027, "SVI_SCORE": 40.27, "source_dataset": "Social Vulnerability Index LA County FeatureServer", "source_status": "simulated_fallback_due_download_missing_or_unavailable", "data_use_note": "Fallback simulated polygon. Replace with real SVI GeoJSON if available."}, "geometry": {"type": "Polygon", "coordinates": [[[-117.812934, 33.193225], [-117.805934, 33.193225], [-117.805934, 33.200225], [-117.812934, 33.200225], [-117.812934, 33.193225]]]}}, {"type": "Feature", "properties": {"OBJECTID": 2182, "FIPS": "06037002182", "LOCATION": "Los Angeles County fallback SVI tract 2182", "E_TOTPOP": 2913, "EP_POV150": 11.1, "EP_UNEMP": 2.0, "EP_AGE65": 8.2, "EP_DISABL": 20.2, "RPL_THEMES": 0.37, "SVI_SCORE": 37.0, "source_dataset": "Social Vulnerability Index LA County FeatureServer", "source_status": "simulated_fallback_due_download_missing_or_unavailable", "data_use_note": "Fallback simulated polygon. Replace with real SVI GeoJSON if available."}, "geometry": {"type": "Polygon", "coordinates": [[[-118.581861, 34.407535], [-118.574861, 34.407535], [-118.574861, 34.414535], [-118.581861, 34.414535], [-118.581861, 34.407535]]]}}, {"type": "Feature", "properties": {"OBJECTID": 2183, "FIPS": "06037002183", "LOCATION": "Los Angeles County fallback SVI tract 2183", "E_TOTPOP": 2808, "EP_POV150": 21.1, "EP_UNEMP": 13.3, "EP_AGE65": 15.5, "EP_DISABL": 10.1, "RPL_THEMES": 0.5924, "SVI_SCORE": 59.24, "source_dataset": "Social Vulnerability Index LA County FeatureServer", "source_status": "simulated_fallback_due_download_missing_or_unavailable", "data_use_note": "Fallback simulated polygon. Replace with real SVI GeoJSON if available."}, "geometry": {"type": "Polygon", "coordinates": [[[-117.8605, 33.537255], [-117.8535, 33.537255], [-117.8535, 33.544255], [-117.8605, 33.544255], [-117.8605, 33.537255]]]}}, {"type": "Feature", "properties": {"OBJECTID": 2184, "FIPS": "06037002184", "LOCATION": "Los Angeles County fallback SVI tract 2184", "E_TOTPOP": 7105, "EP_POV150": 10.3, "EP_UNEMP": 14.3, "EP_AGE65": 22.1, "EP_DISABL": 5.0, "RPL_THEMES": 0.5655, "SVI_SCORE": 56.55, "source_dataset": "Social Vulnerability Index LA County FeatureServer", "source_status": "simulated_fallback_due_download_missing_or_unavailable", "data_use_note": "Fallback simulated polygon. Replace with real SVI GeoJSON if available."}, "geometry": {"type": "Polygon", "coordinates": [[[-118.273284, 33.471519], [-118.266284, 33.471519], [-118.266284, 33.478519], [-118.273284, 33.478519], [-118.273284, 33.471519]]]}}, {"type": "Feature", "properties": {"OBJECTID": 2185, "FIPS": "06037002185", "LOCATION": "Los Angeles County fallback SVI tract 2185", "E_TOTPOP": 1538, "EP_POV150": 25.8, "EP_UNEMP": 6.4, "EP_AGE65": 17.1, "EP_DISABL": 17.8, "RPL_THEMES": 0.6047, "SVI_SCORE": 60.47, "source_dataset": "Social Vulnerability Index LA County FeatureServer", "source_status": "simulated_fallback_due_download_missing_or_unavailable", "data_use_note": "Fallback simulated polygon. Replace with real SVI GeoJSON if available."}, "geometry": {"type": "Polygon", "coordinates": [[[-118.366361, 33.97503], [-118.359361, 33.97503], [-118.359361, 33.98203], [-118.366361, 33.98203], [-118.366361, 33.97503]]]}}, {"type": "Feature", "properties": {"OBJECTID": 2186, "FIPS": "06037002186", "LOCATION": "Los Angeles County fallback SVI tract 2186", "E_TOTPOP": 3205, "EP_POV150": 21.5, "EP_UNEMP": 9.6, "EP_AGE65": 23.4, "EP_DISABL": 17.1, "RPL_THEMES": 0.6159, "SVI_SCORE": 61.59, "source_dataset": "Social Vulnerability Index LA County FeatureServer", "source_status": "simulated_fallback_due_download_missing_or_unavailable", "data_use_note": "Fallback simulated polygon. Replace with real SVI GeoJSON if available."}, "geometry": {"type": "Polygon", "coordinates": [[[-118.038343, 33.220401], [-118.031343, 33.220401], [-118.031343, 33.227401], [-118.038343, 33.227401], [-118.038343, 33.220401]]]}}, {"type": "Feature", "properties": {"OBJECTID": 2187, "FIPS": "06037002187", "LOCATION": "Los Angeles County fallback SVI tract 2187", "E_TOTPOP": 4001, "EP_POV150": 11.1, "EP_UNEMP": 10.9, "EP_AGE65": 22.4, "EP_DISABL": 8.0, "RPL_THEMES": 0.4132, "SVI_SCORE": 41.32, "source_dataset": "Social Vulnerability Index LA County FeatureServer", "source_status": "simulated_fallback_due_download_missing_or_unavailable", "data_use_note": "Fallback simulated polygon. Replace with real SVI GeoJSON if available."}, "geometry": {"type": "Polygon", "coordinates": [[[-118.367102, 33.277942], [-118.360102, 33.277942], [-118.360102, 33.284942], [-118.367102, 33.284942], [-118.367102, 33.277942]]]}}, {"type": "Feature", "properties": {"OBJECTID": 2188, "FIPS": "06037002188", "LOCATION": "Los Angeles County fallback SVI tract 2188", "E_TOTPOP": 7121, "EP_POV150": 22.9, "EP_UNEMP": 2.2, "EP_AGE65": 14.8, "EP_DISABL": 10.6, "RPL_THEMES": 0.3658, "SVI_SCORE": 36.58, "source_dataset": "Social Vulnerability Index LA County FeatureServer", "source_status": "simulated_fallback_due_download_missing_or_unavailable", "data_use_note": "Fallback simulated polygon. Replace with real SVI GeoJSON if available."}, "geometry": {"type": "Polygon", "coordinates": [[[-118.055279, 34.710952], [-118.048279, 34.710952], [-118.048279, 34.717952], [-118.055279, 34.717952], [-118.055279, 34.710952]]]}}, {"type": "Feature", "properties": {"OBJECTID": 2189, "FIPS": "06037002189", "LOCATION": "Los Angeles County fallback SVI tract 2189", "E_TOTPOP": 5681, "EP_POV150": 23.4, "EP_UNEMP": 2.4, "EP_AGE65": 5.7, "EP_DISABL": 16.2, "RPL_THEMES": 0.4005, "SVI_SCORE": 40.05, "source_dataset": "Social Vulnerability Index LA County FeatureServer", "source_status": "simulated_fallback_due_download_missing_or_unavailable", "data_use_note": "Fallback simulated polygon. Replace with real SVI GeoJSON if available."}, "geometry": {"type": "Polygon", "coordinates": [[[-118.170203, 33.522359], [-118.163203, 33.522359], [-118.163203, 33.529359], [-118.170203, 33.529359], [-118.170203, 33.522359]]]}}, {"type": "Feature", "properties": {"OBJECTID": 2190, "FIPS": "06037002190", "LOCATION": "Los Angeles County fallback SVI tract 2190", "E_TOTPOP": 7062, "EP_POV150": 18.1, "EP_UNEMP": 4.8, "EP_AGE65": 6.5, "EP_DISABL": 13.9, "RPL_THEMES": 0.4161, "SVI_SCORE": 41.61, "source_dataset": "Social Vulnerability Index LA County FeatureServer", "source_status": "simulated_fallback_due_download_missing_or_unavailable", "data_use_note": "Fallback simulated polygon. Replace with real SVI GeoJSON if available."}, "geometry": {"type": "Polygon", "coordinates": [[[-117.850426, 33.518964], [-117.843426, 33.518964], [-117.843426, 33.525964], [-117.850426, 33.525964], [-117.850426, 33.518964]]]}}, {"type": "Feature", "properties": {"OBJECTID": 2191, "FIPS": "06037002191", "LOCATION": "Los Angeles County fallback SVI tract 2191", "E_TOTPOP": 5428, "EP_POV150": 10.7, "EP_UNEMP": 10.4, "EP_AGE65": 21.1, "EP_DISABL": 11.3, "RPL_THEMES": 0.4425, "SVI_SCORE": 44.25, "source_dataset": "Social Vulnerability Index LA County FeatureServer", "source_status": "simulated_fallback_due_download_missing_or_unavailable", "data_use_note": "Fallback simulated polygon. Replace with real SVI GeoJSON if available."}, "geometry": {"type": "Polygon", "coordinates": [[[-117.979375, 34.001039], [-117.972375, 34.001039], [-117.972375, 34.008039], [-117.979375, 34.008039], [-117.979375, 34.001039]]]}}, {"type": "Feature", "properties": {"OBJECTID": 2192, "FIPS": "06037002192", "LOCATION": "Los Angeles County fallback SVI tract 2192", "E_TOTPOP": 1471, "EP_POV150": 34.7, "EP_UNEMP": 4.0, "EP_AGE65": 15.3, "EP_DISABL": 8.5, "RPL_THEMES": 0.4727, "SVI_SCORE": 47.27, "source_dataset": "Social Vulnerability Index LA County FeatureServer", "source_status": "simulated_fallback_due_download_missing_or_unavailable", "data_use_note": "Fallback simulated polygon. Replace with real SVI GeoJSON if available."}, "geometry": {"type": "Polygon", "coordinates": [[[-118.584027, 34.554135], [-118.577027, 34.554135], [-118.577027, 34.561135], [-118.584027, 34.561135], [-118.584027, 34.554135]]]}}, {"type": "Feature", "properties": {"OBJECTID": 2193, "FIPS": "06037002193", "LOCATION": "Los Angeles County fallback SVI tract 2193", "E_TOTPOP": 1824, "EP_POV150": 12.0, "EP_UNEMP": 5.1, "EP_AGE65": 22.1, "EP_DISABL": 10.7, "RPL_THEMES": 0.3663, "SVI_SCORE": 36.63, "source_dataset": "Social Vulnerability Index LA County FeatureServer", "source_status": "simulated_fallback_due_download_missing_or_unavailable", "data_use_note": "Fallback simulated polygon. Replace with real SVI GeoJSON if available."}, "geometry": {"type": "Polygon", "coordinates": [[[-118.233326, 32.894445], [-118.226326, 32.894445], [-118.226326, 32.901445], [-118.233326, 32.901445], [-118.233326, 32.894445]]]}}, {"type": "Feature", "properties": {"OBJECTID": 2194, "FIPS": "06037002194", "LOCATION": "Los Angeles County fallback SVI tract 2194", "E_TOTPOP": 6373, "EP_POV150": 5.9, "EP_UNEMP": 5.3, "EP_AGE65": 15.9, "EP_DISABL": 12.7, "RPL_THEMES": 0.3201, "SVI_SCORE": 32.01, "source_dataset": "Social Vulnerability Index LA County FeatureServer", "source_status": "simulated_fallback_due_download_missing_or_unavailable", "data_use_note": "Fallback simulated polygon. Replace with real SVI GeoJSON if available."}, "geometry": {"type": "Polygon", "coordinates": [[[-118.242669, 34.517707], [-118.235669, 34.517707], [-118.235669, 34.524707], [-118.242669, 34.524707], [-118.242669, 34.517707]]]}}, {"type": "Feature", "properties": {"OBJECTID": 2195, "FIPS": "06037002195", "LOCATION": "Los Angeles County fallback SVI tract 2195", "E_TOTPOP": 993, "EP_POV150": 37.6, "EP_UNEMP": 6.0, "EP_AGE65": 17.0, "EP_DISABL": 20.8, "RPL_THEMES": 0.6554, "SVI_SCORE": 65.54, "source_dataset": "Social Vulnerability Index LA County FeatureServer", "source_status": "simulated_fallback_due_download_missing_or_unavailable", "data_use_note": "Fallback simulated polygon. Replace with real SVI GeoJSON if available."}, "geometry": {"type": "Polygon", "coordinates": [[[-118.905328, 32.845982], [-118.898328, 32.845982], [-118.898328, 32.852982], [-118.905328, 32.852982], [-118.905328, 32.845982]]]}}, {"type": "Feature", "properties": {"OBJECTID": 2196, "FIPS": "06037002196", "LOCATION": "Los Angeles County fallback SVI tract 2196", "E_TOTPOP": 1470, "EP_POV150": 36.2, "EP_UNEMP": 10.7, "EP_AGE65": 21.6, "EP_DISABL": 12.5, "RPL_THEMES": 0.6778, "SVI_SCORE": 67.78, "source_dataset": "Social Vulnerability Index LA County FeatureServer", "source_status": "simulated_fallback_due_download_missing_or_unavailable", "data_use_note": "Fallback simulated polygon. Replace with real SVI GeoJSON if available."}, "geometry": {"type": "Polygon", "coordinates": [[[-118.600221, 33.864922], [-118.593221, 33.864922], [-118.593221, 33.871922], [-118.600221, 33.871922], [-118.600221, 33.864922]]]}}, {"type": "Feature", "properties": {"OBJECTID": 2197, "FIPS": "06037002197", "LOCATION": "Los Angeles County fallback SVI tract 2197", "E_TOTPOP": 2733, "EP_POV150": 30.8, "EP_UNEMP": 7.1, "EP_AGE65": 13.6, "EP_DISABL": 15.9, "RPL_THEMES": 0.6662, "SVI_SCORE": 66.62, "source_dataset": "Social Vulnerability Index LA County FeatureServer", "source_status": "simulated_fallback_due_download_missing_or_unavailable", "data_use_note": "Fallback simulated polygon. Replace with real SVI GeoJSON if available."}, "geometry": {"type": "Polygon", "coordinates": [[[-118.923898, 33.040484], [-118.916898, 33.040484], [-118.916898, 33.047484], [-118.923898, 33.047484], [-118.923898, 33.040484]]]}}, {"type": "Feature", "properties": {"OBJECTID": 2198, "FIPS": "06037002198", "LOCATION": "Los Angeles County fallback SVI tract 2198", "E_TOTPOP": 3264, "EP_POV150": 3.8, "EP_UNEMP": 4.3, "EP_AGE65": 17.2, "EP_DISABL": 20.8, "RPL_THEMES": 0.4363, "SVI_SCORE": 43.63, "source_dataset": "Social Vulnerability Index LA County FeatureServer", "source_status": "simulated_fallback_due_download_missing_or_unavailable", "data_use_note": "Fallback simulated polygon. Replace with real SVI GeoJSON if available."}, "geometry": {"type": "Polygon", "coordinates": [[[-118.383734, 33.796762], [-118.376734, 33.796762], [-118.376734, 33.803762], [-118.383734, 33.803762], [-118.383734, 33.796762]]]}}, {"type": "Feature", "properties": {"OBJECTID": 2199, "FIPS": "06037002199", "LOCATION": "Los Angeles County fallback SVI tract 2199", "E_TOTPOP": 2159, "EP_POV150": 15.8, "EP_UNEMP": 14.5, "EP_AGE65": 23.7, "EP_DISABL": 6.5, "RPL_THEMES": 0.6293, "SVI_SCORE": 62.93, "source_dataset": "Social Vulnerability Index LA County FeatureServer", "source_status": "simulated_fallback_due_download_missing_or_unavailable", "data_use_note": "Fallback simulated polygon. Replace with real SVI GeoJSON if available."}, "geometry": {"type": "Polygon", "coordinates": [[[-118.098821, 32.88537], [-118.091821, 32.88537], [-118.091821, 32.89237], [-118.098821, 32.89237], [-118.098821, 32.88537]]]}}, {"type": "Feature", "properties": {"OBJECTID": 2200, "FIPS": "06037002200", "LOCATION": "Los Angeles County fallback SVI tract 2200", "E_TOTPOP": 1968, "EP_POV150": 9.6, "EP_UNEMP": 11.0, "EP_AGE65": 16.4, "EP_DISABL": 7.4, "RPL_THEMES": 0.4573, "SVI_SCORE": 45.73, "source_dataset": "Social Vulnerability Index LA County FeatureServer", "source_status": "simulated_fallback_due_download_missing_or_unavailable", "data_use_note": "Fallback simulated polygon. Replace with real SVI GeoJSON if available."}, "geometry": {"type": "Polygon", "coordinates": [[[-117.742521, 33.454562], [-117.735521, 33.454562], [-117.735521, 33.461562], [-117.742521, 33.461562], [-117.742521, 33.454562]]]}}, {"type": "Feature", "properties": {"OBJECTID": 2201, "FIPS": "06037002201", "LOCATION": "Los Angeles County fallback SVI tract 2201", "E_TOTPOP": 1662, "EP_POV150": 35.4, "EP_UNEMP": 12.0, "EP_AGE65": 7.4, "EP_DISABL": 7.7, "RPL_THEMES": 0.6692, "SVI_SCORE": 66.92, "source_dataset": "Social Vulnerability Index LA County FeatureServer", "source_status": "simulated_fallback_due_download_missing_or_unavailable", "data_use_note": "Fallback simulated polygon. Replace with real SVI GeoJSON if available."}, "geometry": {"type": "Polygon", "coordinates": [[[-118.125363, 33.923934], [-118.118363, 33.923934], [-118.118363, 33.930934], [-118.125363, 33.930934], [-118.125363, 33.923934]]]}}, {"type": "Feature", "properties": {"OBJECTID": 2202, "FIPS": "06037002202", "LOCATION": "Los Angeles County fallback SVI tract 2202", "E_TOTPOP": 3639, "EP_POV150": 35.8, "EP_UNEMP": 2.2, "EP_AGE65": 7.9, "EP_DISABL": 9.7, "RPL_THEMES": 0.4643, "SVI_SCORE": 46.43, "source_dataset": "Social Vulnerability Index LA County FeatureServer", "source_status": "simulated_fallback_due_download_missing_or_unavailable", "data_use_note": "Fallback simulated polygon. Replace with real SVI GeoJSON if available."}, "geometry": {"type": "Polygon", "coordinates": [[[-118.147928, 33.961057], [-118.140928, 33.961057], [-118.140928, 33.968057], [-118.147928, 33.968057], [-118.147928, 33.961057]]]}}, {"type": "Feature", "properties": {"OBJECTID": 2203, "FIPS": "06037002203", "LOCATION": "Los Angeles County fallback SVI tract 2203", "E_TOTPOP": 2648, "EP_POV150": 13.8, "EP_UNEMP": 14.8, "EP_AGE65": 15.7, "EP_DISABL": 8.3, "RPL_THEMES": 0.5159, "SVI_SCORE": 51.59, "source_dataset": "Social Vulnerability Index LA County FeatureServer", "source_status": "simulated_fallback_due_download_missing_or_unavailable", "data_use_note": "Fallback simulated polygon. Replace with real SVI GeoJSON if available."}, "geometry": {"type": "Polygon", "coordinates": [[[-117.929241, 34.066246], [-117.922241, 34.066246], [-117.922241, 34.073246], [-117.929241, 34.073246], [-117.929241, 34.066246]]]}}, {"type": "Feature", "properties": {"OBJECTID": 2204, "FIPS": "06037002204", "LOCATION": "Los Angeles County fallback SVI tract 2204", "E_TOTPOP": 2900, "EP_POV150": 25.9, "EP_UNEMP": 2.3, "EP_AGE65": 6.8, "EP_DISABL": 12.9, "RPL_THEMES": 0.4458, "SVI_SCORE": 44.58, "source_dataset": "Social Vulnerability Index LA County FeatureServer", "source_status": "simulated_fallback_due_download_missing_or_unavailable", "data_use_note": "Fallback simulated polygon. Replace with real SVI GeoJSON if available."}, "geometry": {"type": "Polygon", "coordinates": [[[-118.587029, 32.74683], [-118.580029, 32.74683], [-118.580029, 32.75383], [-118.587029, 32.75383], [-118.587029, 32.74683]]]}}, {"type": "Feature", "properties": {"OBJECTID": 2205, "FIPS": "06037002205", "LOCATION": "Los Angeles County fallback SVI tract 2205", "E_TOTPOP": 3840, "EP_POV150": 29.4, "EP_UNEMP": 4.9, "EP_AGE65": 13.7, "EP_DISABL": 18.8, "RPL_THEMES": 0.5576, "SVI_SCORE": 55.76, "source_dataset": "Social Vulnerability Index LA County FeatureServer", "source_status": "simulated_fallback_due_download_missing_or_unavailable", "data_use_note": "Fallback simulated polygon. Replace with real SVI GeoJSON if available."}, "geometry": {"type": "Polygon", "coordinates": [[[-117.787646, 34.065657], [-117.780646, 34.065657], [-117.780646, 34.072657], [-117.787646, 34.072657], [-117.787646, 34.065657]]]}}, {"type": "Feature", "properties": {"OBJECTID": 2206, "FIPS": "06037002206", "LOCATION": "Los Angeles County fallback SVI tract 2206", "E_TOTPOP": 1050, "EP_POV150": 34.9, "EP_UNEMP": 6.8, "EP_AGE65": 19.6, "EP_DISABL": 7.2, "RPL_THEMES": 0.6307, "SVI_SCORE": 63.07, "source_dataset": "Social Vulnerability Index LA County FeatureServer", "source_status": "simulated_fallback_due_download_missing_or_unavailable", "data_use_note": "Fallback simulated polygon. Replace with real SVI GeoJSON if available."}, "geometry": {"type": "Polygon", "coordinates": [[[-118.521078, 33.682775], [-118.514078, 33.682775], [-118.514078, 33.689775], [-118.521078, 33.689775], [-118.521078, 33.682775]]]}}, {"type": "Feature", "properties": {"OBJECTID": 2207, "FIPS": "06037002207", "LOCATION": "Los Angeles County fallback SVI tract 2207", "E_TOTPOP": 4493, "EP_POV150": 30.9, "EP_UNEMP": 7.2, "EP_AGE65": 11.1, "EP_DISABL": 20.8, "RPL_THEMES": 0.6474, "SVI_SCORE": 64.74, "source_dataset": "Social Vulnerability Index LA County FeatureServer", "source_status": "simulated_fallback_due_download_missing_or_unavailable", "data_use_note": "Fallback simulated polygon. Replace with real SVI GeoJSON if available."}, "geometry": {"type": "Polygon", "coordinates": [[[-118.708295, 33.11964], [-118.701295, 33.11964], [-118.701295, 33.12664], [-118.708295, 33.12664], [-118.708295, 33.11964]]]}}, {"type": "Feature", "properties": {"OBJECTID": 2208, "FIPS": "06037002208", "LOCATION": "Los Angeles County fallback SVI tract 2208", "E_TOTPOP": 4027, "EP_POV150": 20.5, "EP_UNEMP": 6.0, "EP_AGE65": 18.4, "EP_DISABL": 15.5, "RPL_THEMES": 0.5413, "SVI_SCORE": 54.13, "source_dataset": "Social Vulnerability Index LA County FeatureServer", "source_status": "simulated_fallback_due_download_missing_or_unavailable", "data_use_note": "Fallback simulated polygon. Replace with real SVI GeoJSON if available."}, "geometry": {"type": "Polygon", "coordinates": [[[-117.997037, 33.245975], [-117.990037, 33.245975], [-117.990037, 33.252975], [-117.997037, 33.252975], [-117.997037, 33.245975]]]}}, {"type": "Feature", "properties": {"OBJECTID": 2209, "FIPS": "06037002209", "LOCATION": "Los Angeles County fallback SVI tract 2209", "E_TOTPOP": 2742, "EP_POV150": 9.8, "EP_UNEMP": 8.0, "EP_AGE65": 22.3, "EP_DISABL": 8.0, "RPL_THEMES": 0.4406, "SVI_SCORE": 44.06, "source_dataset": "Social Vulnerability Index LA County FeatureServer", "source_status": "simulated_fallback_due_download_missing_or_unavailable", "data_use_note": "Fallback simulated polygon. Replace with real SVI GeoJSON if available."}, "geometry": {"type": "Polygon", "coordinates": [[[-118.203326, 33.107032], [-118.196326, 33.107032], [-118.196326, 33.114032], [-118.203326, 33.114032], [-118.203326, 33.107032]]]}}, {"type": "Feature", "properties": {"OBJECTID": 2210, "FIPS": "06037002210", "LOCATION": "Los Angeles County fallback SVI tract 2210", "E_TOTPOP": 4939, "EP_POV150": 27.1, "EP_UNEMP": 3.4, "EP_AGE65": 11.6, "EP_DISABL": 19.7, "RPL_THEMES": 0.4641, "SVI_SCORE": 46.41, "source_dataset": "Social Vulnerability Index LA County FeatureServer", "source_status": "simulated_fallback_due_download_missing_or_unavailable", "data_use_note": "Fallback simulated polygon. Replace with real SVI GeoJSON if available."}, "geometry": {"type": "Polygon", "coordinates": [[[-118.286331, 33.70975], [-118.279331, 33.70975], [-118.279331, 33.71675], [-118.286331, 33.71675], [-118.286331, 33.70975]]]}}, {"type": "Feature", "properties": {"OBJECTID": 2211, "FIPS": "06037002211", "LOCATION": "Los Angeles County fallback SVI tract 2211", "E_TOTPOP": 5546, "EP_POV150": 26.5, "EP_UNEMP": 12.3, "EP_AGE65": 20.9, "EP_DISABL": 15.6, "RPL_THEMES": 0.7052, "SVI_SCORE": 70.52, "source_dataset": "Social Vulnerability Index LA County FeatureServer", "source_status": "simulated_fallback_due_download_missing_or_unavailable", "data_use_note": "Fallback simulated polygon. Replace with real SVI GeoJSON if available."}, "geometry": {"type": "Polygon", "coordinates": [[[-117.966952, 33.53131], [-117.959952, 33.53131], [-117.959952, 33.53831], [-117.966952, 33.53831], [-117.966952, 33.53131]]]}}, {"type": "Feature", "properties": {"OBJECTID": 2212, "FIPS": "06037002212", "LOCATION": "Los Angeles County fallback SVI tract 2212", "E_TOTPOP": 3871, "EP_POV150": 37.4, "EP_UNEMP": 3.1, "EP_AGE65": 6.7, "EP_DISABL": 12.2, "RPL_THEMES": 0.475, "SVI_SCORE": 47.5, "source_dataset": "Social Vulnerability Index LA County FeatureServer", "source_status": "simulated_fallback_due_download_missing_or_unavailable", "data_use_note": "Fallback simulated polygon. Replace with real SVI GeoJSON if available."}, "geometry": {"type": "Polygon", "coordinates": [[[-118.349428, 34.59351], [-118.342428, 34.59351], [-118.342428, 34.60051], [-118.349428, 34.60051], [-118.349428, 34.59351]]]}}, {"type": "Feature", "properties": {"OBJECTID": 2213, "FIPS": "06037002213", "LOCATION": "Los Angeles County fallback SVI tract 2213", "E_TOTPOP": 4966, "EP_POV150": 25.4, "EP_UNEMP": 5.6, "EP_AGE65": 10.1, "EP_DISABL": 12.0, "RPL_THEMES": 0.4021, "SVI_SCORE": 40.21, "source_dataset": "Social Vulnerability Index LA County FeatureServer", "source_status": "simulated_fallback_due_download_missing_or_unavailable", "data_use_note": "Fallback simulated polygon. Replace with real SVI GeoJSON if available."}, "geometry": {"type": "Polygon", "coordinates": [[[-118.495143, 34.603798], [-118.488143, 34.603798], [-118.488143, 34.610798], [-118.495143, 34.610798], [-118.495143, 34.603798]]]}}, {"type": "Feature", "properties": {"OBJECTID": 2214, "FIPS": "06037002214", "LOCATION": "Los Angeles County fallback SVI tract 2214", "E_TOTPOP": 1067, "EP_POV150": 23.0, "EP_UNEMP": 9.3, "EP_AGE65": 5.6, "EP_DISABL": 17.5, "RPL_THEMES": 0.5837, "SVI_SCORE": 58.37, "source_dataset": "Social Vulnerability Index LA County FeatureServer", "source_status": "simulated_fallback_due_download_missing_or_unavailable", "data_use_note": "Fallback simulated polygon. Replace with real SVI GeoJSON if available."}, "geometry": {"type": "Polygon", "coordinates": [[[-117.947526, 33.267136], [-117.940526, 33.267136], [-117.940526, 33.274136], [-117.947526, 33.274136], [-117.947526, 33.267136]]]}}, {"type": "Feature", "properties": {"OBJECTID": 2215, "FIPS": "06037002215", "LOCATION": "Los Angeles County fallback SVI tract 2215", "E_TOTPOP": 3780, "EP_POV150": 6.4, "EP_UNEMP": 9.2, "EP_AGE65": 17.4, "EP_DISABL": 14.2, "RPL_THEMES": 0.3933, "SVI_SCORE": 39.33, "source_dataset": "Social Vulnerability Index LA County FeatureServer", "source_status": "simulated_fallback_due_download_missing_or_unavailable", "data_use_note": "Fallback simulated polygon. Replace with real SVI GeoJSON if available."}, "geometry": {"type": "Polygon", "coordinates": [[[-118.276622, 33.45437], [-118.269622, 33.45437], [-118.269622, 33.46137], [-118.276622, 33.46137], [-118.276622, 33.45437]]]}}, {"type": "Feature", "properties": {"OBJECTID": 2216, "FIPS": "06037002216", "LOCATION": "Los Angeles County fallback SVI tract 2216", "E_TOTPOP": 5605, "EP_POV150": 17.0, "EP_UNEMP": 5.9, "EP_AGE65": 7.2, "EP_DISABL": 18.9, "RPL_THEMES": 0.4552, "SVI_SCORE": 45.52, "source_dataset": "Social Vulnerability Index LA County FeatureServer", "source_status": "simulated_fallback_due_download_missing_or_unavailable", "data_use_note": "Fallback simulated polygon. Replace with real SVI GeoJSON if available."}, "geometry": {"type": "Polygon", "coordinates": [[[-117.851064, 34.191619], [-117.844064, 34.191619], [-117.844064, 34.198619], [-117.851064, 34.198619], [-117.851064, 34.191619]]]}}, {"type": "Feature", "properties": {"OBJECTID": 2217, "FIPS": "06037002217", "LOCATION": "Los Angeles County fallback SVI tract 2217", "E_TOTPOP": 5358, "EP_POV150": 12.4, "EP_UNEMP": 11.3, "EP_AGE65": 21.4, "EP_DISABL": 12.5, "RPL_THEMES": 0.6133, "SVI_SCORE": 61.33, "source_dataset": "Social Vulnerability Index LA County FeatureServer", "source_status": "simulated_fallback_due_download_missing_or_unavailable", "data_use_note": "Fallback simulated polygon. Replace with real SVI GeoJSON if available."}, "geometry": {"type": "Polygon", "coordinates": [[[-118.520766, 32.975226], [-118.513766, 32.975226], [-118.513766, 32.982226], [-118.520766, 32.982226], [-118.520766, 32.975226]]]}}, {"type": "Feature", "properties": {"OBJECTID": 2218, "FIPS": "06037002218", "LOCATION": "Los Angeles County fallback SVI tract 2218", "E_TOTPOP": 1165, "EP_POV150": 13.1, "EP_UNEMP": 2.0, "EP_AGE65": 13.4, "EP_DISABL": 9.6, "RPL_THEMES": 0.2956, "SVI_SCORE": 29.56, "source_dataset": "Social Vulnerability Index LA County FeatureServer", "source_status": "simulated_fallback_due_download_missing_or_unavailable", "data_use_note": "Fallback simulated polygon. Replace with real SVI GeoJSON if available."}, "geometry": {"type": "Polygon", "coordinates": [[[-118.368579, 32.985366], [-118.361579, 32.985366], [-118.361579, 32.992366], [-118.368579, 32.992366], [-118.368579, 32.985366]]]}}, {"type": "Feature", "properties": {"OBJECTID": 2219, "FIPS": "06037002219", "LOCATION": "Los Angeles County fallback SVI tract 2219", "E_TOTPOP": 1304, "EP_POV150": 8.7, "EP_UNEMP": 2.1, "EP_AGE65": 23.5, "EP_DISABL": 8.5, "RPL_THEMES": 0.4199, "SVI_SCORE": 41.99, "source_dataset": "Social Vulnerability Index LA County FeatureServer", "source_status": "simulated_fallback_due_download_missing_or_unavailable", "data_use_note": "Fallback simulated polygon. Replace with real SVI GeoJSON if available."}, "geometry": {"type": "Polygon", "coordinates": [[[-117.787406, 33.119556], [-117.780406, 33.119556], [-117.780406, 33.126556], [-117.787406, 33.126556], [-117.787406, 33.119556]]]}}, {"type": "Feature", "properties": {"OBJECTID": 2220, "FIPS": "06037002220", "LOCATION": "Los Angeles County fallback SVI tract 2220", "E_TOTPOP": 4009, "EP_POV150": 5.7, "EP_UNEMP": 9.7, "EP_AGE65": 21.3, "EP_DISABL": 12.3, "RPL_THEMES": 0.413, "SVI_SCORE": 41.3, "source_dataset": "Social Vulnerability Index LA County FeatureServer", "source_status": "simulated_fallback_due_download_missing_or_unavailable", "data_use_note": "Fallback simulated polygon. Replace with real SVI GeoJSON if available."}, "geometry": {"type": "Polygon", "coordinates": [[[-118.839644, 34.229537], [-118.832644, 34.229537], [-118.832644, 34.236537], [-118.839644, 34.236537], [-118.839644, 34.229537]]]}}, {"type": "Feature", "properties": {"OBJECTID": 2221, "FIPS": "06037002221", "LOCATION": "Los Angeles County fallback SVI tract 2221", "E_TOTPOP": 4090, "EP_POV150": 8.5, "EP_UNEMP": 5.0, "EP_AGE65": 9.8, "EP_DISABL": 17.5, "RPL_THEMES": 0.3075, "SVI_SCORE": 30.75, "source_dataset": "Social Vulnerability Index LA County FeatureServer", "source_status": "simulated_fallback_due_download_missing_or_unavailable", "data_use_note": "Fallback simulated polygon. Replace with real SVI GeoJSON if available."}, "geometry": {"type": "Polygon", "coordinates": [[[-117.904485, 33.054545], [-117.897485, 33.054545], [-117.897485, 33.061545], [-117.904485, 33.061545], [-117.904485, 33.054545]]]}}, {"type": "Feature", "properties": {"OBJECTID": 2222, "FIPS": "06037002222", "LOCATION": "Los Angeles County fallback SVI tract 2222", "E_TOTPOP": 4013, "EP_POV150": 6.6, "EP_UNEMP": 10.2, "EP_AGE65": 7.5, "EP_DISABL": 4.4, "RPL_THEMES": 0.2783, "SVI_SCORE": 27.83, "source_dataset": "Social Vulnerability Index LA County FeatureServer", "source_status": "simulated_fallback_due_download_missing_or_unavailable", "data_use_note": "Fallback simulated polygon. Replace with real SVI GeoJSON if available."}, "geometry": {"type": "Polygon", "coordinates": [[[-118.492896, 33.090452], [-118.485896, 33.090452], [-118.485896, 33.097452], [-118.492896, 33.097452], [-118.492896, 33.090452]]]}}, {"type": "Feature", "properties": {"OBJECTID": 2223, "FIPS": "06037002223", "LOCATION": "Los Angeles County fallback SVI tract 2223", "E_TOTPOP": 5573, "EP_POV150": 11.0, "EP_UNEMP": 3.4, "EP_AGE65": 10.9, "EP_DISABL": 15.2, "RPL_THEMES": 0.303, "SVI_SCORE": 30.3, "source_dataset": "Social Vulnerability Index LA County FeatureServer", "source_status": "simulated_fallback_due_download_missing_or_unavailable", "data_use_note": "Fallback simulated polygon. Replace with real SVI GeoJSON if available."}, "geometry": {"type": "Polygon", "coordinates": [[[-118.307053, 32.89712], [-118.300053, 32.89712], [-118.300053, 32.90412], [-118.307053, 32.90412], [-118.307053, 32.89712]]]}}, {"type": "Feature", "properties": {"OBJECTID": 2224, "FIPS": "06037002224", "LOCATION": "Los Angeles County fallback SVI tract 2224", "E_TOTPOP": 1837, "EP_POV150": 3.9, "EP_UNEMP": 5.2, "EP_AGE65": 13.9, "EP_DISABL": 9.2, "RPL_THEMES": 0.2239, "SVI_SCORE": 22.39, "source_dataset": "Social Vulnerability Index LA County FeatureServer", "source_status": "simulated_fallback_due_download_missing_or_unavailable", "data_use_note": "Fallback simulated polygon. Replace with real SVI GeoJSON if available."}, "geometry": {"type": "Polygon", "coordinates": [[[-117.89312, 33.892553], [-117.88612, 33.892553], [-117.88612, 33.899553], [-117.89312, 33.899553], [-117.89312, 33.892553]]]}}, {"type": "Feature", "properties": {"OBJECTID": 2225, "FIPS": "06037002225", "LOCATION": "Los Angeles County fallback SVI tract 2225", "E_TOTPOP": 5464, "EP_POV150": 28.0, "EP_UNEMP": 11.9, "EP_AGE65": 10.9, "EP_DISABL": 13.7, "RPL_THEMES": 0.6506, "SVI_SCORE": 65.06, "source_dataset": "Social Vulnerability Index LA County FeatureServer", "source_status": "simulated_fallback_due_download_missing_or_unavailable", "data_use_note": "Fallback simulated polygon. Replace with real SVI GeoJSON if available."}, "geometry": {"type": "Polygon", "coordinates": [[[-117.942271, 33.203876], [-117.935271, 33.203876], [-117.935271, 33.210876], [-117.942271, 33.210876], [-117.942271, 33.203876]]]}}, {"type": "Feature", "properties": {"OBJECTID": 2226, "FIPS": "06037002226", "LOCATION": "Los Angeles County fallback SVI tract 2226", "E_TOTPOP": 1283, "EP_POV150": 24.5, "EP_UNEMP": 15.2, "EP_AGE65": 6.1, "EP_DISABL": 4.0, "RPL_THEMES": 0.5586, "SVI_SCORE": 55.86, "source_dataset": "Social Vulnerability Index LA County FeatureServer", "source_status": "simulated_fallback_due_download_missing_or_unavailable", "data_use_note": "Fallback simulated polygon. Replace with real SVI GeoJSON if available."}, "geometry": {"type": "Polygon", "coordinates": [[[-118.844954, 34.389203], [-118.837954, 34.389203], [-118.837954, 34.396203], [-118.844954, 34.396203], [-118.844954, 34.389203]]]}}, {"type": "Feature", "properties": {"OBJECTID": 2227, "FIPS": "06037002227", "LOCATION": "Los Angeles County fallback SVI tract 2227", "E_TOTPOP": 3501, "EP_POV150": 15.0, "EP_UNEMP": 13.0, "EP_AGE65": 9.9, "EP_DISABL": 4.5, "RPL_THEMES": 0.3551, "SVI_SCORE": 35.51, "source_dataset": "Social Vulnerability Index LA County FeatureServer", "source_status": "simulated_fallback_due_download_missing_or_unavailable", "data_use_note": "Fallback simulated polygon. Replace with real SVI GeoJSON if available."}, "geometry": {"type": "Polygon", "coordinates": [[[-117.869965, 34.23234], [-117.862965, 34.23234], [-117.862965, 34.23934], [-117.869965, 34.23934], [-117.869965, 34.23234]]]}}, {"type": "Feature", "properties": {"OBJECTID": 2228, "FIPS": "06037002228", "LOCATION": "Los Angeles County fallback SVI tract 2228", "E_TOTPOP": 1454, "EP_POV150": 24.4, "EP_UNEMP": 7.1, "EP_AGE65": 9.4, "EP_DISABL": 18.6, "RPL_THEMES": 0.4951, "SVI_SCORE": 49.51, "source_dataset": "Social Vulnerability Index LA County FeatureServer", "source_status": "simulated_fallback_due_download_missing_or_unavailable", "data_use_note": "Fallback simulated polygon. Replace with real SVI GeoJSON if available."}, "geometry": {"type": "Polygon", "coordinates": [[[-117.702416, 34.123618], [-117.695416, 34.123618], [-117.695416, 34.130618], [-117.702416, 34.130618], [-117.702416, 34.123618]]]}}, {"type": "Feature", "properties": {"OBJECTID": 2229, "FIPS": "06037002229", "LOCATION": "Los Angeles County fallback SVI tract 2229", "E_TOTPOP": 6055, "EP_POV150": 5.3, "EP_UNEMP": 15.5, "EP_AGE65": 13.2, "EP_DISABL": 8.6, "RPL_THEMES": 0.3567, "SVI_SCORE": 35.67, "source_dataset": "Social Vulnerability Index LA County FeatureServer", "source_status": "simulated_fallback_due_download_missing_or_unavailable", "data_use_note": "Fallback simulated polygon. Replace with real SVI GeoJSON if available."}, "geometry": {"type": "Polygon", "coordinates": [[[-118.390145, 32.910728], [-118.383145, 32.910728], [-118.383145, 32.917728], [-118.390145, 32.917728], [-118.390145, 32.910728]]]}}, {"type": "Feature", "properties": {"OBJECTID": 2230, "FIPS": "06037002230", "LOCATION": "Los Angeles County fallback SVI tract 2230", "E_TOTPOP": 5308, "EP_POV150": 24.8, "EP_UNEMP": 10.0, "EP_AGE65": 9.0, "EP_DISABL": 13.9, "RPL_THEMES": 0.5033, "SVI_SCORE": 50.33, "source_dataset": "Social Vulnerability Index LA County FeatureServer", "source_status": "simulated_fallback_due_download_missing_or_unavailable", "data_use_note": "Fallback simulated polygon. Replace with real SVI GeoJSON if available."}, "geometry": {"type": "Polygon", "coordinates": [[[-118.712746, 32.81189], [-118.705746, 32.81189], [-118.705746, 32.81889], [-118.712746, 32.81889], [-118.712746, 32.81189]]]}}, {"type": "Feature", "properties": {"OBJECTID": 2231, "FIPS": "06037002231", "LOCATION": "Los Angeles County fallback SVI tract 2231", "E_TOTPOP": 5701, "EP_POV150": 3.3, "EP_UNEMP": 7.2, "EP_AGE65": 10.5, "EP_DISABL": 12.8, "RPL_THEMES": 0.3229, "SVI_SCORE": 32.29, "source_dataset": "Social Vulnerability Index LA County FeatureServer", "source_status": "simulated_fallback_due_download_missing_or_unavailable", "data_use_note": "Fallback simulated polygon. Replace with real SVI GeoJSON if available."}, "geometry": {"type": "Polygon", "coordinates": [[[-118.797838, 33.438021], [-118.790838, 33.438021], [-118.790838, 33.445021], [-118.797838, 33.445021], [-118.797838, 33.438021]]]}}, {"type": "Feature", "properties": {"OBJECTID": 2232, "FIPS": "06037002232", "LOCATION": "Los Angeles County fallback SVI tract 2232", "E_TOTPOP": 2473, "EP_POV150": 37.5, "EP_UNEMP": 7.3, "EP_AGE65": 12.2, "EP_DISABL": 16.6, "RPL_THEMES": 0.706, "SVI_SCORE": 70.6, "source_dataset": "Social Vulnerability Index LA County FeatureServer", "source_status": "simulated_fallback_due_download_missing_or_unavailable", "data_use_note": "Fallback simulated polygon. Replace with real SVI GeoJSON if available."}, "geometry": {"type": "Polygon", "coordinates": [[[-118.466703, 34.787297], [-118.459703, 34.787297], [-118.459703, 34.794297], [-118.466703, 34.794297], [-118.466703, 34.787297]]]}}, {"type": "Feature", "properties": {"OBJECTID": 2233, "FIPS": "06037002233", "LOCATION": "Los Angeles County fallback SVI tract 2233", "E_TOTPOP": 3520, "EP_POV150": 30.9, "EP_UNEMP": 3.0, "EP_AGE65": 5.6, "EP_DISABL": 16.4, "RPL_THEMES": 0.4825, "SVI_SCORE": 48.25, "source_dataset": "Social Vulnerability Index LA County FeatureServer", "source_status": "simulated_fallback_due_download_missing_or_unavailable", "data_use_note": "Fallback simulated polygon. Replace with real SVI GeoJSON if available."}, "geometry": {"type": "Polygon", "coordinates": [[[-118.816787, 33.29999], [-118.809787, 33.29999], [-118.809787, 33.30699], [-118.816787, 33.30699], [-118.816787, 33.29999]]]}}, {"type": "Feature", "properties": {"OBJECTID": 2234, "FIPS": "06037002234", "LOCATION": "Los Angeles County fallback SVI tract 2234", "E_TOTPOP": 5417, "EP_POV150": 17.2, "EP_UNEMP": 9.8, "EP_AGE65": 9.2, "EP_DISABL": 16.0, "RPL_THEMES": 0.4537, "SVI_SCORE": 45.37, "source_dataset": "Social Vulnerability Index LA County FeatureServer", "source_status": "simulated_fallback_due_download_missing_or_unavailable", "data_use_note": "Fallback simulated polygon. Replace with real SVI GeoJSON if available."}, "geometry": {"type": "Polygon", "coordinates": [[[-117.76881, 32.761266], [-117.76181, 32.761266], [-117.76181, 32.768266], [-117.76881, 32.768266], [-117.76881, 32.761266]]]}}, {"type": "Feature", "properties": {"OBJECTID": 2235, "FIPS": "06037002235", "LOCATION": "Los Angeles County fallback SVI tract 2235", "E_TOTPOP": 3004, "EP_POV150": 27.0, "EP_UNEMP": 6.1, "EP_AGE65": 18.9, "EP_DISABL": 21.2, "RPL_THEMES": 0.587, "SVI_SCORE": 58.7, "source_dataset": "Social Vulnerability Index LA County FeatureServer", "source_status": "simulated_fallback_due_download_missing_or_unavailable", "data_use_note": "Fallback simulated polygon. Replace with real SVI GeoJSON if available."}, "geometry": {"type": "Polygon", "coordinates": [[[-118.437396, 34.441083], [-118.430396, 34.441083], [-118.430396, 34.448083], [-118.437396, 34.448083], [-118.437396, 34.441083]]]}}, {"type": "Feature", "properties": {"OBJECTID": 2236, "FIPS": "06037002236", "LOCATION": "Los Angeles County fallback SVI tract 2236", "E_TOTPOP": 6039, "EP_POV150": 15.2, "EP_UNEMP": 2.3, "EP_AGE65": 17.5, "EP_DISABL": 22.0, "RPL_THEMES": 0.5137, "SVI_SCORE": 51.37, "source_dataset": "Social Vulnerability Index LA County FeatureServer", "source_status": "simulated_fallback_due_download_missing_or_unavailable", "data_use_note": "Fallback simulated polygon. Replace with real SVI GeoJSON if available."}, "geometry": {"type": "Polygon", "coordinates": [[[-117.924956, 33.738871], [-117.917956, 33.738871], [-117.917956, 33.745871], [-117.924956, 33.745871], [-117.924956, 33.738871]]]}}, {"type": "Feature", "properties": {"OBJECTID": 2237, "FIPS": "06037002237", "LOCATION": "Los Angeles County fallback SVI tract 2237", "E_TOTPOP": 3109, "EP_POV150": 12.7, "EP_UNEMP": 5.4, "EP_AGE65": 9.6, "EP_DISABL": 7.6, "RPL_THEMES": 0.3139, "SVI_SCORE": 31.39, "source_dataset": "Social Vulnerability Index LA County FeatureServer", "source_status": "simulated_fallback_due_download_missing_or_unavailable", "data_use_note": "Fallback simulated polygon. Replace with real SVI GeoJSON if available."}, "geometry": {"type": "Polygon", "coordinates": [[[-118.794821, 33.974357], [-118.787821, 33.974357], [-118.787821, 33.981357], [-118.794821, 33.981357], [-118.794821, 33.974357]]]}}, {"type": "Feature", "properties": {"OBJECTID": 2238, "FIPS": "06037002238", "LOCATION": "Los Angeles County fallback SVI tract 2238", "E_TOTPOP": 2994, "EP_POV150": 25.7, "EP_UNEMP": 5.5, "EP_AGE65": 14.7, "EP_DISABL": 17.7, "RPL_THEMES": 0.5106, "SVI_SCORE": 51.06, "source_dataset": "Social Vulnerability Index LA County FeatureServer", "source_status": "simulated_fallback_due_download_missing_or_unavailable", "data_use_note": "Fallback simulated polygon. Replace with real SVI GeoJSON if available."}, "geometry": {"type": "Polygon", "coordinates": [[[-118.208304, 34.254537], [-118.201304, 34.254537], [-118.201304, 34.261537], [-118.208304, 34.261537], [-118.208304, 34.254537]]]}}, {"type": "Feature", "properties": {"OBJECTID": 2239, "FIPS": "06037002239", "LOCATION": "Los Angeles County fallback SVI tract 2239", "E_TOTPOP": 3440, "EP_POV150": 19.8, "EP_UNEMP": 13.6, "EP_AGE65": 12.7, "EP_DISABL": 15.6, "RPL_THEMES": 0.6305, "SVI_SCORE": 63.05, "source_dataset": "Social Vulnerability Index LA County FeatureServer", "source_status": "simulated_fallback_due_download_missing_or_unavailable", "data_use_note": "Fallback simulated polygon. Replace with real SVI GeoJSON if available."}, "geometry": {"type": "Polygon", "coordinates": [[[-118.551641, 33.097055], [-118.544641, 33.097055], [-118.544641, 33.104055], [-118.551641, 33.104055], [-118.551641, 33.097055]]]}}, {"type": "Feature", "properties": {"OBJECTID": 2240, "FIPS": "06037002240", "LOCATION": "Los Angeles County fallback SVI tract 2240", "E_TOTPOP": 3144, "EP_POV150": 23.2, "EP_UNEMP": 9.5, "EP_AGE65": 22.6, "EP_DISABL": 18.5, "RPL_THEMES": 0.6415, "SVI_SCORE": 64.15, "source_dataset": "Social Vulnerability Index LA County FeatureServer", "source_status": "simulated_fallback_due_download_missing_or_unavailable", "data_use_note": "Fallback simulated polygon. Replace with real SVI GeoJSON if available."}, "geometry": {"type": "Polygon", "coordinates": [[[-118.759775, 34.654011], [-118.752775, 34.654011], [-118.752775, 34.661011], [-118.759775, 34.661011], [-118.759775, 34.654011]]]}}, {"type": "Feature", "properties": {"OBJECTID": 2241, "FIPS": "06037002241", "LOCATION": "Los Angeles County fallback SVI tract 2241", "E_TOTPOP": 6115, "EP_POV150": 7.9, "EP_UNEMP": 1.9, "EP_AGE65": 5.8, "EP_DISABL": 6.2, "RPL_THEMES": 0.1766, "SVI_SCORE": 17.66, "source_dataset": "Social Vulnerability Index LA County FeatureServer", "source_status": "simulated_fallback_due_download_missing_or_unavailable", "data_use_note": "Fallback simulated polygon. Replace with real SVI GeoJSON if available."}, "geometry": {"type": "Polygon", "coordinates": [[[-118.175924, 34.077543], [-118.168924, 34.077543], [-118.168924, 34.084543], [-118.175924, 34.084543], [-118.175924, 34.077543]]]}}, {"type": "Feature", "properties": {"OBJECTID": 2242, "FIPS": "06037002242", "LOCATION": "Los Angeles County fallback SVI tract 2242", "E_TOTPOP": 2153, "EP_POV150": 13.2, "EP_UNEMP": 6.9, "EP_AGE65": 19.7, "EP_DISABL": 18.4, "RPL_THEMES": 0.5915, "SVI_SCORE": 59.15, "source_dataset": "Social Vulnerability Index LA County FeatureServer", "source_status": "simulated_fallback_due_download_missing_or_unavailable", "data_use_note": "Fallback simulated polygon. Replace with real SVI GeoJSON if available."}, "geometry": {"type": "Polygon", "coordinates": [[[-117.918752, 33.968575], [-117.911752, 33.968575], [-117.911752, 33.975575], [-117.918752, 33.975575], [-117.918752, 33.968575]]]}}, {"type": "Feature", "properties": {"OBJECTID": 2243, "FIPS": "06037002243", "LOCATION": "Los Angeles County fallback SVI tract 2243", "E_TOTPOP": 6830, "EP_POV150": 5.5, "EP_UNEMP": 12.1, "EP_AGE65": 20.0, "EP_DISABL": 12.5, "RPL_THEMES": 0.5065, "SVI_SCORE": 50.65, "source_dataset": "Social Vulnerability Index LA County FeatureServer", "source_status": "simulated_fallback_due_download_missing_or_unavailable", "data_use_note": "Fallback simulated polygon. Replace with real SVI GeoJSON if available."}, "geometry": {"type": "Polygon", "coordinates": [[[-118.353075, 33.988638], [-118.346075, 33.988638], [-118.346075, 33.995638], [-118.353075, 33.995638], [-118.353075, 33.988638]]]}}, {"type": "Feature", "properties": {"OBJECTID": 2244, "FIPS": "06037002244", "LOCATION": "Los Angeles County fallback SVI tract 2244", "E_TOTPOP": 3632, "EP_POV150": 37.8, "EP_UNEMP": 9.8, "EP_AGE65": 14.0, "EP_DISABL": 4.9, "RPL_THEMES": 0.6262, "SVI_SCORE": 62.62, "source_dataset": "Social Vulnerability Index LA County FeatureServer", "source_status": "simulated_fallback_due_download_missing_or_unavailable", "data_use_note": "Fallback simulated polygon. Replace with real SVI GeoJSON if available."}, "geometry": {"type": "Polygon", "coordinates": [[[-118.796139, 33.297052], [-118.789139, 33.297052], [-118.789139, 33.304052], [-118.796139, 33.304052], [-118.796139, 33.297052]]]}}, {"type": "Feature", "properties": {"OBJECTID": 2245, "FIPS": "06037002245", "LOCATION": "Los Angeles County fallback SVI tract 2245", "E_TOTPOP": 2886, "EP_POV150": 28.1, "EP_UNEMP": 2.2, "EP_AGE65": 13.9, "EP_DISABL": 18.1, "RPL_THEMES": 0.5402, "SVI_SCORE": 54.02, "source_dataset": "Social Vulnerability Index LA County FeatureServer", "source_status": "simulated_fallback_due_download_missing_or_unavailable", "data_use_note": "Fallback simulated polygon. Replace with real SVI GeoJSON if available."}, "geometry": {"type": "Polygon", "coordinates": [[[-118.155669, 34.790908], [-118.148669, 34.790908], [-118.148669, 34.797908], [-118.155669, 34.797908], [-118.155669, 34.790908]]]}}, {"type": "Feature", "properties": {"OBJECTID": 2246, "FIPS": "06037002246", "LOCATION": "Los Angeles County fallback SVI tract 2246", "E_TOTPOP": 4200, "EP_POV150": 30.2, "EP_UNEMP": 5.0, "EP_AGE65": 6.2, "EP_DISABL": 4.3, "RPL_THEMES": 0.4357, "SVI_SCORE": 43.57, "source_dataset": "Social Vulnerability Index LA County FeatureServer", "source_status": "simulated_fallback_due_download_missing_or_unavailable", "data_use_note": "Fallback simulated polygon. Replace with real SVI GeoJSON if available."}, "geometry": {"type": "Polygon", "coordinates": [[[-118.896163, 34.748554], [-118.889163, 34.748554], [-118.889163, 34.755554], [-118.896163, 34.755554], [-118.896163, 34.748554]]]}}, {"type": "Feature", "properties": {"OBJECTID": 2247, "FIPS": "06037002247", "LOCATION": "Los Angeles County fallback SVI tract 2247", "E_TOTPOP": 3678, "EP_POV150": 5.1, "EP_UNEMP": 2.1, "EP_AGE65": 20.7, "EP_DISABL": 19.8, "RPL_THEMES": 0.4114, "SVI_SCORE": 41.14, "source_dataset": "Social Vulnerability Index LA County FeatureServer", "source_status": "simulated_fallback_due_download_missing_or_unavailable", "data_use_note": "Fallback simulated polygon. Replace with real SVI GeoJSON if available."}, "geometry": {"type": "Polygon", "coordinates": [[[-117.655745, 33.262648], [-117.648745, 33.262648], [-117.648745, 33.269648], [-117.655745, 33.269648], [-117.655745, 33.262648]]]}}, {"type": "Feature", "properties": {"OBJECTID": 2248, "FIPS": "06037002248", "LOCATION": "Los Angeles County fallback SVI tract 2248", "E_TOTPOP": 3117, "EP_POV150": 6.0, "EP_UNEMP": 2.8, "EP_AGE65": 16.7, "EP_DISABL": 18.2, "RPL_THEMES": 0.4217, "SVI_SCORE": 42.17, "source_dataset": "Social Vulnerability Index LA County FeatureServer", "source_status": "simulated_fallback_due_download_missing_or_unavailable", "data_use_note": "Fallback simulated polygon. Replace with real SVI GeoJSON if available."}, "geometry": {"type": "Polygon", "coordinates": [[[-118.489241, 33.371436], [-118.482241, 33.371436], [-118.482241, 33.378436], [-118.489241, 33.378436], [-118.489241, 33.371436]]]}}, {"type": "Feature", "properties": {"OBJECTID": 2249, "FIPS": "06037002249", "LOCATION": "Los Angeles County fallback SVI tract 2249", "E_TOTPOP": 2374, "EP_POV150": 34.7, "EP_UNEMP": 5.8, "EP_AGE65": 21.6, "EP_DISABL": 5.7, "RPL_THEMES": 0.5626, "SVI_SCORE": 56.26, "source_dataset": "Social Vulnerability Index LA County FeatureServer", "source_status": "simulated_fallback_due_download_missing_or_unavailable", "data_use_note": "Fallback simulated polygon. Replace with real SVI GeoJSON if available."}, "geometry": {"type": "Polygon", "coordinates": [[[-118.214759, 33.070982], [-118.207759, 33.070982], [-118.207759, 33.077982], [-118.214759, 33.077982], [-118.214759, 33.070982]]]}}, {"type": "Feature", "properties": {"OBJECTID": 2250, "FIPS": "06037002250", "LOCATION": "Los Angeles County fallback SVI tract 2250", "E_TOTPOP": 6580, "EP_POV150": 19.1, "EP_UNEMP": 4.5, "EP_AGE65": 16.5, "EP_DISABL": 15.9, "RPL_THEMES": 0.5359, "SVI_SCORE": 53.59, "source_dataset": "Social Vulnerability Index LA County FeatureServer", "source_status": "simulated_fallback_due_download_missing_or_unavailable", "data_use_note": "Fallback simulated polygon. Replace with real SVI GeoJSON if available."}, "geometry": {"type": "Polygon", "coordinates": [[[-118.486706, 32.917287], [-118.479706, 32.917287], [-118.479706, 32.924287], [-118.486706, 32.924287], [-118.486706, 32.917287]]]}}, {"type": "Feature", "properties": {"OBJECTID": 2251, "FIPS": "06037002251", "LOCATION": "Los Angeles County fallback SVI tract 2251", "E_TOTPOP": 7180, "EP_POV150": 7.9, "EP_UNEMP": 9.7, "EP_AGE65": 10.0, "EP_DISABL": 21.9, "RPL_THEMES": 0.4746, "SVI_SCORE": 47.46, "source_dataset": "Social Vulnerability Index LA County FeatureServer", "source_status": "simulated_fallback_due_download_missing_or_unavailable", "data_use_note": "Fallback simulated polygon. Replace with real SVI GeoJSON if available."}, "geometry": {"type": "Polygon", "coordinates": [[[-118.13643, 34.490562], [-118.12943, 34.490562], [-118.12943, 34.497562], [-118.13643, 34.497562], [-118.13643, 34.490562]]]}}, {"type": "Feature", "properties": {"OBJECTID": 2252, "FIPS": "06037002252", "LOCATION": "Los Angeles County fallback SVI tract 2252", "E_TOTPOP": 6929, "EP_POV150": 19.7, "EP_UNEMP": 6.9, "EP_AGE65": 23.1, "EP_DISABL": 16.6, "RPL_THEMES": 0.5581, "SVI_SCORE": 55.81, "source_dataset": "Social Vulnerability Index LA County FeatureServer", "source_status": "simulated_fallback_due_download_missing_or_unavailable", "data_use_note": "Fallback simulated polygon. Replace with real SVI GeoJSON if available."}, "geometry": {"type": "Polygon", "coordinates": [[[-118.778014, 33.974102], [-118.771014, 33.974102], [-118.771014, 33.981102], [-118.778014, 33.981102], [-118.778014, 33.974102]]]}}, {"type": "Feature", "properties": {"OBJECTID": 2253, "FIPS": "06037002253", "LOCATION": "Los Angeles County fallback SVI tract 2253", "E_TOTPOP": 2289, "EP_POV150": 37.0, "EP_UNEMP": 7.5, "EP_AGE65": 23.4, "EP_DISABL": 15.8, "RPL_THEMES": 0.7687, "SVI_SCORE": 76.87, "source_dataset": "Social Vulnerability Index LA County FeatureServer", "source_status": "simulated_fallback_due_download_missing_or_unavailable", "data_use_note": "Fallback simulated polygon. Replace with real SVI GeoJSON if available."}, "geometry": {"type": "Polygon", "coordinates": [[[-118.586608, 34.022183], [-118.579608, 34.022183], [-118.579608, 34.029183], [-118.586608, 34.029183], [-118.586608, 34.022183]]]}}, {"type": "Feature", "properties": {"OBJECTID": 2254, "FIPS": "06037002254", "LOCATION": "Los Angeles County fallback SVI tract 2254", "E_TOTPOP": 3491, "EP_POV150": 34.4, "EP_UNEMP": 14.1, "EP_AGE65": 6.4, "EP_DISABL": 10.5, "RPL_THEMES": 0.627, "SVI_SCORE": 62.7, "source_dataset": "Social Vulnerability Index LA County FeatureServer", "source_status": "simulated_fallback_due_download_missing_or_unavailable", "data_use_note": "Fallback simulated polygon. Replace with real SVI GeoJSON if available."}, "geometry": {"type": "Polygon", "coordinates": [[[-117.813168, 33.355908], [-117.806168, 33.355908], [-117.806168, 33.362908], [-117.813168, 33.362908], [-117.813168, 33.355908]]]}}, {"type": "Feature", "properties": {"OBJECTID": 2255, "FIPS": "06037002255", "LOCATION": "Los Angeles County fallback SVI tract 2255", "E_TOTPOP": 3503, "EP_POV150": 36.2, "EP_UNEMP": 7.1, "EP_AGE65": 14.7, "EP_DISABL": 18.9, "RPL_THEMES": 0.6686, "SVI_SCORE": 66.86, "source_dataset": "Social Vulnerability Index LA County FeatureServer", "source_status": "simulated_fallback_due_download_missing_or_unavailable", "data_use_note": "Fallback simulated polygon. Replace with real SVI GeoJSON if available."}, "geometry": {"type": "Polygon", "coordinates": [[[-118.888386, 33.259426], [-118.881386, 33.259426], [-118.881386, 33.266426], [-118.888386, 33.266426], [-118.888386, 33.259426]]]}}, {"type": "Feature", "properties": {"OBJECTID": 2256, "FIPS": "06037002256", "LOCATION": "Los Angeles County fallback SVI tract 2256", "E_TOTPOP": 2230, "EP_POV150": 22.1, "EP_UNEMP": 5.2, "EP_AGE65": 18.6, "EP_DISABL": 8.2, "RPL_THEMES": 0.4817, "SVI_SCORE": 48.17, "source_dataset": "Social Vulnerability Index LA County FeatureServer", "source_status": "simulated_fallback_due_download_missing_or_unavailable", "data_use_note": "Fallback simulated polygon. Replace with real SVI GeoJSON if available."}, "geometry": {"type": "Polygon", "coordinates": [[[-117.967805, 33.442375], [-117.960805, 33.442375], [-117.960805, 33.449375], [-117.967805, 33.449375], [-117.967805, 33.442375]]]}}, {"type": "Feature", "properties": {"OBJECTID": 2257, "FIPS": "06037002257", "LOCATION": "Los Angeles County fallback SVI tract 2257", "E_TOTPOP": 2333, "EP_POV150": 6.6, "EP_UNEMP": 2.6, "EP_AGE65": 9.2, "EP_DISABL": 4.8, "RPL_THEMES": 0.2554, "SVI_SCORE": 25.54, "source_dataset": "Social Vulnerability Index LA County FeatureServer", "source_status": "simulated_fallback_due_download_missing_or_unavailable", "data_use_note": "Fallback simulated polygon. Replace with real SVI GeoJSON if available."}, "geometry": {"type": "Polygon", "coordinates": [[[-118.468188, 33.594247], [-118.461188, 33.594247], [-118.461188, 33.601247], [-118.468188, 33.601247], [-118.468188, 33.594247]]]}}, {"type": "Feature", "properties": {"OBJECTID": 2258, "FIPS": "06037002258", "LOCATION": "Los Angeles County fallback SVI tract 2258", "E_TOTPOP": 2740, "EP_POV150": 10.3, "EP_UNEMP": 2.8, "EP_AGE65": 5.2, "EP_DISABL": 16.7, "RPL_THEMES": 0.3314, "SVI_SCORE": 33.14, "source_dataset": "Social Vulnerability Index LA County FeatureServer", "source_status": "simulated_fallback_due_download_missing_or_unavailable", "data_use_note": "Fallback simulated polygon. Replace with real SVI GeoJSON if available."}, "geometry": {"type": "Polygon", "coordinates": [[[-118.646246, 34.609368], [-118.639246, 34.609368], [-118.639246, 34.616368], [-118.646246, 34.616368], [-118.646246, 34.609368]]]}}, {"type": "Feature", "properties": {"OBJECTID": 2259, "FIPS": "06037002259", "LOCATION": "Los Angeles County fallback SVI tract 2259", "E_TOTPOP": 3554, "EP_POV150": 11.9, "EP_UNEMP": 14.6, "EP_AGE65": 6.2, "EP_DISABL": 20.8, "RPL_THEMES": 0.4734, "SVI_SCORE": 47.34, "source_dataset": "Social Vulnerability Index LA County FeatureServer", "source_status": "simulated_fallback_due_download_missing_or_unavailable", "data_use_note": "Fallback simulated polygon. Replace with real SVI GeoJSON if available."}, "geometry": {"type": "Polygon", "coordinates": [[[-118.257919, 34.696228], [-118.250919, 34.696228], [-118.250919, 34.703228], [-118.257919, 34.703228], [-118.257919, 34.696228]]]}}, {"type": "Feature", "properties": {"OBJECTID": 2260, "FIPS": "06037002260", "LOCATION": "Los Angeles County fallback SVI tract 2260", "E_TOTPOP": 3468, "EP_POV150": 14.5, "EP_UNEMP": 2.9, "EP_AGE65": 20.8, "EP_DISABL": 12.6, "RPL_THEMES": 0.3764, "SVI_SCORE": 37.64, "source_dataset": "Social Vulnerability Index LA County FeatureServer", "source_status": "simulated_fallback_due_download_missing_or_unavailable", "data_use_note": "Fallback simulated polygon. Replace with real SVI GeoJSON if available."}, "geometry": {"type": "Polygon", "coordinates": [[[-118.547186, 33.023688], [-118.540186, 33.023688], [-118.540186, 33.030688], [-118.547186, 33.030688], [-118.547186, 33.023688]]]}}, {"type": "Feature", "properties": {"OBJECTID": 2261, "FIPS": "06037002261", "LOCATION": "Los Angeles County fallback SVI tract 2261", "E_TOTPOP": 2633, "EP_POV150": 5.6, "EP_UNEMP": 1.5, "EP_AGE65": 9.8, "EP_DISABL": 18.5, "RPL_THEMES": 0.3605, "SVI_SCORE": 36.05, "source_dataset": "Social Vulnerability Index LA County FeatureServer", "source_status": "simulated_fallback_due_download_missing_or_unavailable", "data_use_note": "Fallback simulated polygon. Replace with real SVI GeoJSON if available."}, "geometry": {"type": "Polygon", "coordinates": [[[-118.827, 33.26077], [-118.82, 33.26077], [-118.82, 33.26777], [-118.827, 33.26777], [-118.827, 33.26077]]]}}, {"type": "Feature", "properties": {"OBJECTID": 2262, "FIPS": "06037002262", "LOCATION": "Los Angeles County fallback SVI tract 2262", "E_TOTPOP": 1751, "EP_POV150": 10.5, "EP_UNEMP": 7.7, "EP_AGE65": 19.7, "EP_DISABL": 13.9, "RPL_THEMES": 0.4961, "SVI_SCORE": 49.61, "source_dataset": "Social Vulnerability Index LA County FeatureServer", "source_status": "simulated_fallback_due_download_missing_or_unavailable", "data_use_note": "Fallback simulated polygon. Replace with real SVI GeoJSON if available."}, "geometry": {"type": "Polygon", "coordinates": [[[-117.794509, 34.811937], [-117.787509, 34.811937], [-117.787509, 34.818937], [-117.794509, 34.818937], [-117.794509, 34.811937]]]}}, {"type": "Feature", "properties": {"OBJECTID": 2263, "FIPS": "06037002263", "LOCATION": "Los Angeles County fallback SVI tract 2263", "E_TOTPOP": 6496, "EP_POV150": 6.5, "EP_UNEMP": 2.8, "EP_AGE65": 23.0, "EP_DISABL": 13.2, "RPL_THEMES": 0.4501, "SVI_SCORE": 45.01, "source_dataset": "Social Vulnerability Index LA County FeatureServer", "source_status": "simulated_fallback_due_download_missing_or_unavailable", "data_use_note": "Fallback simulated polygon. Replace with real SVI GeoJSON if available."}, "geometry": {"type": "Polygon", "coordinates": [[[-118.620026, 32.762002], [-118.613026, 32.762002], [-118.613026, 32.769002], [-118.620026, 32.769002], [-118.620026, 32.762002]]]}}, {"type": "Feature", "properties": {"OBJECTID": 2264, "FIPS": "06037002264", "LOCATION": "Los Angeles County fallback SVI tract 2264", "E_TOTPOP": 3466, "EP_POV150": 31.7, "EP_UNEMP": 7.4, "EP_AGE65": 6.7, "EP_DISABL": 6.2, "RPL_THEMES": 0.4956, "SVI_SCORE": 49.56, "source_dataset": "Social Vulnerability Index LA County FeatureServer", "source_status": "simulated_fallback_due_download_missing_or_unavailable", "data_use_note": "Fallback simulated polygon. Replace with real SVI GeoJSON if available."}, "geometry": {"type": "Polygon", "coordinates": [[[-118.42364, 34.540207], [-118.41664, 34.540207], [-118.41664, 34.547207], [-118.42364, 34.547207], [-118.42364, 34.540207]]]}}, {"type": "Feature", "properties": {"OBJECTID": 2265, "FIPS": "06037002265", "LOCATION": "Los Angeles County fallback SVI tract 2265", "E_TOTPOP": 6617, "EP_POV150": 23.7, "EP_UNEMP": 10.2, "EP_AGE65": 8.3, "EP_DISABL": 5.3, "RPL_THEMES": 0.4876, "SVI_SCORE": 48.76, "source_dataset": "Social Vulnerability Index LA County FeatureServer", "source_status": "simulated_fallback_due_download_missing_or_unavailable", "data_use_note": "Fallback simulated polygon. Replace with real SVI GeoJSON if available."}, "geometry": {"type": "Polygon", "coordinates": [[[-117.92125, 33.698263], [-117.91425, 33.698263], [-117.91425, 33.705263], [-117.92125, 33.705263], [-117.92125, 33.698263]]]}}, {"type": "Feature", "properties": {"OBJECTID": 2266, "FIPS": "06037002266", "LOCATION": "Los Angeles County fallback SVI tract 2266", "E_TOTPOP": 6866, "EP_POV150": 6.9, "EP_UNEMP": 15.4, "EP_AGE65": 23.3, "EP_DISABL": 18.0, "RPL_THEMES": 0.5675, "SVI_SCORE": 56.75, "source_dataset": "Social Vulnerability Index LA County FeatureServer", "source_status": "simulated_fallback_due_download_missing_or_unavailable", "data_use_note": "Fallback simulated polygon. Replace with real SVI GeoJSON if available."}, "geometry": {"type": "Polygon", "coordinates": [[[-118.583171, 33.576919], [-118.576171, 33.576919], [-118.576171, 33.583919], [-118.583171, 33.583919], [-118.583171, 33.576919]]]}}, {"type": "Feature", "properties": {"OBJECTID": 2267, "FIPS": "06037002267", "LOCATION": "Los Angeles County fallback SVI tract 2267", "E_TOTPOP": 6853, "EP_POV150": 32.3, "EP_UNEMP": 9.7, "EP_AGE65": 18.5, "EP_DISABL": 17.1, "RPL_THEMES": 0.7201, "SVI_SCORE": 72.01, "source_dataset": "Social Vulnerability Index LA County FeatureServer", "source_status": "simulated_fallback_due_download_missing_or_unavailable", "data_use_note": "Fallback simulated polygon. Replace with real SVI GeoJSON if available."}, "geometry": {"type": "Polygon", "coordinates": [[[-117.814931, 34.613706], [-117.807931, 34.613706], [-117.807931, 34.620706], [-117.814931, 34.620706], [-117.814931, 34.613706]]]}}, {"type": "Feature", "properties": {"OBJECTID": 2268, "FIPS": "06037002268", "LOCATION": "Los Angeles County fallback SVI tract 2268", "E_TOTPOP": 3353, "EP_POV150": 14.2, "EP_UNEMP": 3.5, "EP_AGE65": 13.8, "EP_DISABL": 18.6, "RPL_THEMES": 0.3642, "SVI_SCORE": 36.42, "source_dataset": "Social Vulnerability Index LA County FeatureServer", "source_status": "simulated_fallback_due_download_missing_or_unavailable", "data_use_note": "Fallback simulated polygon. Replace with real SVI GeoJSON if available."}, "geometry": {"type": "Polygon", "coordinates": [[[-117.66413, 34.712906], [-117.65713, 34.712906], [-117.65713, 34.719906], [-117.66413, 34.719906], [-117.66413, 34.712906]]]}}, {"type": "Feature", "properties": {"OBJECTID": 2269, "FIPS": "06037002269", "LOCATION": "Los Angeles County fallback SVI tract 2269", "E_TOTPOP": 866, "EP_POV150": 29.2, "EP_UNEMP": 5.2, "EP_AGE65": 21.7, "EP_DISABL": 20.7, "RPL_THEMES": 0.6258, "SVI_SCORE": 62.58, "source_dataset": "Social Vulnerability Index LA County FeatureServer", "source_status": "simulated_fallback_due_download_missing_or_unavailable", "data_use_note": "Fallback simulated polygon. Replace with real SVI GeoJSON if available."}, "geometry": {"type": "Polygon", "coordinates": [[[-118.041743, 34.428007], [-118.034743, 34.428007], [-118.034743, 34.435007], [-118.041743, 34.435007], [-118.041743, 34.428007]]]}}, {"type": "Feature", "properties": {"OBJECTID": 2270, "FIPS": "06037002270", "LOCATION": "Los Angeles County fallback SVI tract 2270", "E_TOTPOP": 5948, "EP_POV150": 31.0, "EP_UNEMP": 7.5, "EP_AGE65": 7.1, "EP_DISABL": 15.1, "RPL_THEMES": 0.6095, "SVI_SCORE": 60.95, "source_dataset": "Social Vulnerability Index LA County FeatureServer", "source_status": "simulated_fallback_due_download_missing_or_unavailable", "data_use_note": "Fallback simulated polygon. Replace with real SVI GeoJSON if available."}, "geometry": {"type": "Polygon", "coordinates": [[[-118.249701, 34.383613], [-118.242701, 34.383613], [-118.242701, 34.390613], [-118.249701, 34.390613], [-118.249701, 34.383613]]]}}, {"type": "Feature", "properties": {"OBJECTID": 2271, "FIPS": "06037002271", "LOCATION": "Los Angeles County fallback SVI tract 2271", "E_TOTPOP": 6316, "EP_POV150": 31.0, "EP_UNEMP": 2.8, "EP_AGE65": 22.7, "EP_DISABL": 11.5, "RPL_THEMES": 0.6462, "SVI_SCORE": 64.62, "source_dataset": "Social Vulnerability Index LA County FeatureServer", "source_status": "simulated_fallback_due_download_missing_or_unavailable", "data_use_note": "Fallback simulated polygon. Replace with real SVI GeoJSON if available."}, "geometry": {"type": "Polygon", "coordinates": [[[-118.678131, 33.635415], [-118.671131, 33.635415], [-118.671131, 33.642415], [-118.678131, 33.642415], [-118.678131, 33.635415]]]}}, {"type": "Feature", "properties": {"OBJECTID": 2272, "FIPS": "06037002272", "LOCATION": "Los Angeles County fallback SVI tract 2272", "E_TOTPOP": 4642, "EP_POV150": 4.2, "EP_UNEMP": 8.3, "EP_AGE65": 20.3, "EP_DISABL": 9.9, "RPL_THEMES": 0.4268, "SVI_SCORE": 42.68, "source_dataset": "Social Vulnerability Index LA County FeatureServer", "source_status": "simulated_fallback_due_download_missing_or_unavailable", "data_use_note": "Fallback simulated polygon. Replace with real SVI GeoJSON if available."}, "geometry": {"type": "Polygon", "coordinates": [[[-118.487013, 33.253789], [-118.480013, 33.253789], [-118.480013, 33.260789], [-118.487013, 33.260789], [-118.487013, 33.253789]]]}}, {"type": "Feature", "properties": {"OBJECTID": 2273, "FIPS": "06037002273", "LOCATION": "Los Angeles County fallback SVI tract 2273", "E_TOTPOP": 1628, "EP_POV150": 13.3, "EP_UNEMP": 1.7, "EP_AGE65": 19.4, "EP_DISABL": 9.2, "RPL_THEMES": 0.3863, "SVI_SCORE": 38.63, "source_dataset": "Social Vulnerability Index LA County FeatureServer", "source_status": "simulated_fallback_due_download_missing_or_unavailable", "data_use_note": "Fallback simulated polygon. Replace with real SVI GeoJSON if available."}, "geometry": {"type": "Polygon", "coordinates": [[[-118.406259, 32.985994], [-118.399259, 32.985994], [-118.399259, 32.992994], [-118.406259, 32.992994], [-118.406259, 32.985994]]]}}, {"type": "Feature", "properties": {"OBJECTID": 2274, "FIPS": "06037002274", "LOCATION": "Los Angeles County fallback SVI tract 2274", "E_TOTPOP": 6053, "EP_POV150": 3.4, "EP_UNEMP": 8.9, "EP_AGE65": 9.9, "EP_DISABL": 14.7, "RPL_THEMES": 0.3436, "SVI_SCORE": 34.36, "source_dataset": "Social Vulnerability Index LA County FeatureServer", "source_status": "simulated_fallback_due_download_missing_or_unavailable", "data_use_note": "Fallback simulated polygon. Replace with real SVI GeoJSON if available."}, "geometry": {"type": "Polygon", "coordinates": [[[-118.916932, 33.50108], [-118.909932, 33.50108], [-118.909932, 33.50808], [-118.916932, 33.50808], [-118.916932, 33.50108]]]}}, {"type": "Feature", "properties": {"OBJECTID": 2275, "FIPS": "06037002275", "LOCATION": "Los Angeles County fallback SVI tract 2275", "E_TOTPOP": 6608, "EP_POV150": 10.4, "EP_UNEMP": 2.5, "EP_AGE65": 23.8, "EP_DISABL": 19.9, "RPL_THEMES": 0.5306, "SVI_SCORE": 53.06, "source_dataset": "Social Vulnerability Index LA County FeatureServer", "source_status": "simulated_fallback_due_download_missing_or_unavailable", "data_use_note": "Fallback simulated polygon. Replace with real SVI GeoJSON if available."}, "geometry": {"type": "Polygon", "coordinates": [[[-118.903296, 33.179787], [-118.896296, 33.179787], [-118.896296, 33.186787], [-118.903296, 33.186787], [-118.903296, 33.179787]]]}}, {"type": "Feature", "properties": {"OBJECTID": 2276, "FIPS": "06037002276", "LOCATION": "Los Angeles County fallback SVI tract 2276", "E_TOTPOP": 5221, "EP_POV150": 29.6, "EP_UNEMP": 13.3, "EP_AGE65": 7.5, "EP_DISABL": 9.5, "RPL_THEMES": 0.6396, "SVI_SCORE": 63.96, "source_dataset": "Social Vulnerability Index LA County FeatureServer", "source_status": "simulated_fallback_due_download_missing_or_unavailable", "data_use_note": "Fallback simulated polygon. Replace with real SVI GeoJSON if available."}, "geometry": {"type": "Polygon", "coordinates": [[[-118.611329, 33.902431], [-118.604329, 33.902431], [-118.604329, 33.909431], [-118.611329, 33.909431], [-118.611329, 33.902431]]]}}, {"type": "Feature", "properties": {"OBJECTID": 2277, "FIPS": "06037002277", "LOCATION": "Los Angeles County fallback SVI tract 2277", "E_TOTPOP": 1387, "EP_POV150": 15.6, "EP_UNEMP": 2.9, "EP_AGE65": 15.5, "EP_DISABL": 18.0, "RPL_THEMES": 0.4939, "SVI_SCORE": 49.39, "source_dataset": "Social Vulnerability Index LA County FeatureServer", "source_status": "simulated_fallback_due_download_missing_or_unavailable", "data_use_note": "Fallback simulated polygon. Replace with real SVI GeoJSON if available."}, "geometry": {"type": "Polygon", "coordinates": [[[-118.527338, 34.07565], [-118.520338, 34.07565], [-118.520338, 34.08265], [-118.527338, 34.08265], [-118.527338, 34.07565]]]}}, {"type": "Feature", "properties": {"OBJECTID": 2278, "FIPS": "06037002278", "LOCATION": "Los Angeles County fallback SVI tract 2278", "E_TOTPOP": 2497, "EP_POV150": 25.3, "EP_UNEMP": 10.6, "EP_AGE65": 7.0, "EP_DISABL": 13.4, "RPL_THEMES": 0.4548, "SVI_SCORE": 45.48, "source_dataset": "Social Vulnerability Index LA County FeatureServer", "source_status": "simulated_fallback_due_download_missing_or_unavailable", "data_use_note": "Fallback simulated polygon. Replace with real SVI GeoJSON if available."}, "geometry": {"type": "Polygon", "coordinates": [[[-118.915806, 34.765157], [-118.908806, 34.765157], [-118.908806, 34.772157], [-118.915806, 34.772157], [-118.915806, 34.765157]]]}}, {"type": "Feature", "properties": {"OBJECTID": 2279, "FIPS": "06037002279", "LOCATION": "Los Angeles County fallback SVI tract 2279", "E_TOTPOP": 2195, "EP_POV150": 26.7, "EP_UNEMP": 2.8, "EP_AGE65": 5.4, "EP_DISABL": 20.7, "RPL_THEMES": 0.4578, "SVI_SCORE": 45.78, "source_dataset": "Social Vulnerability Index LA County FeatureServer", "source_status": "simulated_fallback_due_download_missing_or_unavailable", "data_use_note": "Fallback simulated polygon. Replace with real SVI GeoJSON if available."}, "geometry": {"type": "Polygon", "coordinates": [[[-117.972957, 32.998424], [-117.965957, 32.998424], [-117.965957, 33.005424], [-117.972957, 33.005424], [-117.972957, 32.998424]]]}}, {"type": "Feature", "properties": {"OBJECTID": 2280, "FIPS": "06037002280", "LOCATION": "Los Angeles County fallback SVI tract 2280", "E_TOTPOP": 4238, "EP_POV150": 23.0, "EP_UNEMP": 13.6, "EP_AGE65": 18.5, "EP_DISABL": 6.6, "RPL_THEMES": 0.5723, "SVI_SCORE": 57.23, "source_dataset": "Social Vulnerability Index LA County FeatureServer", "source_status": "simulated_fallback_due_download_missing_or_unavailable", "data_use_note": "Fallback simulated polygon. Replace with real SVI GeoJSON if available."}, "geometry": {"type": "Polygon", "coordinates": [[[-118.566305, 33.814854], [-118.559305, 33.814854], [-118.559305, 33.821854], [-118.566305, 33.821854], [-118.566305, 33.814854]]]}}, {"type": "Feature", "properties": {"OBJECTID": 2281, "FIPS": "06037002281", "LOCATION": "Los Angeles County fallback SVI tract 2281", "E_TOTPOP": 3089, "EP_POV150": 22.9, "EP_UNEMP": 6.1, "EP_AGE65": 12.8, "EP_DISABL": 6.3, "RPL_THEMES": 0.5055, "SVI_SCORE": 50.55, "source_dataset": "Social Vulnerability Index LA County FeatureServer", "source_status": "simulated_fallback_due_download_missing_or_unavailable", "data_use_note": "Fallback simulated polygon. Replace with real SVI GeoJSON if available."}, "geometry": {"type": "Polygon", "coordinates": [[[-118.094826, 33.190736], [-118.087826, 33.190736], [-118.087826, 33.197736], [-118.094826, 33.197736], [-118.094826, 33.190736]]]}}, {"type": "Feature", "properties": {"OBJECTID": 2282, "FIPS": "06037002282", "LOCATION": "Los Angeles County fallback SVI tract 2282", "E_TOTPOP": 5040, "EP_POV150": 36.1, "EP_UNEMP": 7.3, "EP_AGE65": 14.1, "EP_DISABL": 20.4, "RPL_THEMES": 0.6917, "SVI_SCORE": 69.17, "source_dataset": "Social Vulnerability Index LA County FeatureServer", "source_status": "simulated_fallback_due_download_missing_or_unavailable", "data_use_note": "Fallback simulated polygon. Replace with real SVI GeoJSON if available."}, "geometry": {"type": "Polygon", "coordinates": [[[-118.434955, 33.121284], [-118.427955, 33.121284], [-118.427955, 33.128284], [-118.434955, 33.128284], [-118.434955, 33.121284]]]}}, {"type": "Feature", "properties": {"OBJECTID": 2283, "FIPS": "06037002283", "LOCATION": "Los Angeles County fallback SVI tract 2283", "E_TOTPOP": 5971, "EP_POV150": 22.4, "EP_UNEMP": 11.5, "EP_AGE65": 5.3, "EP_DISABL": 5.8, "RPL_THEMES": 0.4194, "SVI_SCORE": 41.94, "source_dataset": "Social Vulnerability Index LA County FeatureServer", "source_status": "simulated_fallback_due_download_missing_or_unavailable", "data_use_note": "Fallback simulated polygon. Replace with real SVI GeoJSON if available."}, "geometry": {"type": "Polygon", "coordinates": [[[-118.666813, 34.218376], [-118.659813, 34.218376], [-118.659813, 34.225376], [-118.666813, 34.225376], [-118.666813, 34.218376]]]}}, {"type": "Feature", "properties": {"OBJECTID": 2284, "FIPS": "06037002284", "LOCATION": "Los Angeles County fallback SVI tract 2284", "E_TOTPOP": 3828, "EP_POV150": 11.9, "EP_UNEMP": 2.4, "EP_AGE65": 17.2, "EP_DISABL": 14.1, "RPL_THEMES": 0.371, "SVI_SCORE": 37.1, "source_dataset": "Social Vulnerability Index LA County FeatureServer", "source_status": "simulated_fallback_due_download_missing_or_unavailable", "data_use_note": "Fallback simulated polygon. Replace with real SVI GeoJSON if available."}, "geometry": {"type": "Polygon", "coordinates": [[[-118.838093, 34.012867], [-118.831093, 34.012867], [-118.831093, 34.019867], [-118.838093, 34.019867], [-118.838093, 34.012867]]]}}, {"type": "Feature", "properties": {"OBJECTID": 2285, "FIPS": "06037002285", "LOCATION": "Los Angeles County fallback SVI tract 2285", "E_TOTPOP": 2132, "EP_POV150": 37.7, "EP_UNEMP": 9.7, "EP_AGE65": 22.7, "EP_DISABL": 18.4, "RPL_THEMES": 0.814, "SVI_SCORE": 81.4, "source_dataset": "Social Vulnerability Index LA County FeatureServer", "source_status": "simulated_fallback_due_download_missing_or_unavailable", "data_use_note": "Fallback simulated polygon. Replace with real SVI GeoJSON if available."}, "geometry": {"type": "Polygon", "coordinates": [[[-117.939764, 33.923937], [-117.932764, 33.923937], [-117.932764, 33.930937], [-117.939764, 33.930937], [-117.939764, 33.923937]]]}}, {"type": "Feature", "properties": {"OBJECTID": 2286, "FIPS": "06037002286", "LOCATION": "Los Angeles County fallback SVI tract 2286", "E_TOTPOP": 5821, "EP_POV150": 16.9, "EP_UNEMP": 15.7, "EP_AGE65": 12.4, "EP_DISABL": 9.0, "RPL_THEMES": 0.5591, "SVI_SCORE": 55.91, "source_dataset": "Social Vulnerability Index LA County FeatureServer", "source_status": "simulated_fallback_due_download_missing_or_unavailable", "data_use_note": "Fallback simulated polygon. Replace with real SVI GeoJSON if available."}, "geometry": {"type": "Polygon", "coordinates": [[[-118.425766, 34.742961], [-118.418766, 34.742961], [-118.418766, 34.749961], [-118.425766, 34.749961], [-118.425766, 34.742961]]]}}, {"type": "Feature", "properties": {"OBJECTID": 2287, "FIPS": "06037002287", "LOCATION": "Los Angeles County fallback SVI tract 2287", "E_TOTPOP": 3634, "EP_POV150": 37.9, "EP_UNEMP": 8.0, "EP_AGE65": 8.2, "EP_DISABL": 4.5, "RPL_THEMES": 0.5703, "SVI_SCORE": 57.03, "source_dataset": "Social Vulnerability Index LA County FeatureServer", "source_status": "simulated_fallback_due_download_missing_or_unavailable", "data_use_note": "Fallback simulated polygon. Replace with real SVI GeoJSON if available."}, "geometry": {"type": "Polygon", "coordinates": [[[-118.508556, 33.932922], [-118.501556, 33.932922], [-118.501556, 33.939922], [-118.508556, 33.939922], [-118.508556, 33.932922]]]}}, {"type": "Feature", "properties": {"OBJECTID": 2288, "FIPS": "06037002288", "LOCATION": "Los Angeles County fallback SVI tract 2288", "E_TOTPOP": 6494, "EP_POV150": 37.6, "EP_UNEMP": 5.3, "EP_AGE65": 15.7, "EP_DISABL": 6.3, "RPL_THEMES": 0.6481, "SVI_SCORE": 64.81, "source_dataset": "Social Vulnerability Index LA County FeatureServer", "source_status": "simulated_fallback_due_download_missing_or_unavailable", "data_use_note": "Fallback simulated polygon. Replace with real SVI GeoJSON if available."}, "geometry": {"type": "Polygon", "coordinates": [[[-118.70497, 34.545921], [-118.69797, 34.545921], [-118.69797, 34.552921], [-118.70497, 34.552921], [-118.70497, 34.545921]]]}}, {"type": "Feature", "properties": {"OBJECTID": 2289, "FIPS": "06037002289", "LOCATION": "Los Angeles County fallback SVI tract 2289", "E_TOTPOP": 5628, "EP_POV150": 17.6, "EP_UNEMP": 12.9, "EP_AGE65": 16.9, "EP_DISABL": 20.4, "RPL_THEMES": 0.6451, "SVI_SCORE": 64.51, "source_dataset": "Social Vulnerability Index LA County FeatureServer", "source_status": "simulated_fallback_due_download_missing_or_unavailable", "data_use_note": "Fallback simulated polygon. Replace with real SVI GeoJSON if available."}, "geometry": {"type": "Polygon", "coordinates": [[[-118.530958, 34.770178], [-118.523958, 34.770178], [-118.523958, 34.777178], [-118.530958, 34.777178], [-118.530958, 34.770178]]]}}, {"type": "Feature", "properties": {"OBJECTID": 2290, "FIPS": "06037002290", "LOCATION": "Los Angeles County fallback SVI tract 2290", "E_TOTPOP": 4847, "EP_POV150": 6.4, "EP_UNEMP": 6.2, "EP_AGE65": 20.7, "EP_DISABL": 15.3, "RPL_THEMES": 0.4539, "SVI_SCORE": 45.39, "source_dataset": "Social Vulnerability Index LA County FeatureServer", "source_status": "simulated_fallback_due_download_missing_or_unavailable", "data_use_note": "Fallback simulated polygon. Replace with real SVI GeoJSON if available."}, "geometry": {"type": "Polygon", "coordinates": [[[-118.095031, 34.186646], [-118.088031, 34.186646], [-118.088031, 34.193646], [-118.095031, 34.193646], [-118.095031, 34.186646]]]}}, {"type": "Feature", "properties": {"OBJECTID": 2291, "FIPS": "06037002291", "LOCATION": "Los Angeles County fallback SVI tract 2291", "E_TOTPOP": 6701, "EP_POV150": 32.6, "EP_UNEMP": 2.8, "EP_AGE65": 12.5, "EP_DISABL": 19.6, "RPL_THEMES": 0.6528, "SVI_SCORE": 65.28, "source_dataset": "Social Vulnerability Index LA County FeatureServer", "source_status": "simulated_fallback_due_download_missing_or_unavailable", "data_use_note": "Fallback simulated polygon. Replace with real SVI GeoJSON if available."}, "geometry": {"type": "Polygon", "coordinates": [[[-117.764125, 34.127318], [-117.757125, 34.127318], [-117.757125, 34.134318], [-117.764125, 34.134318], [-117.764125, 34.127318]]]}}, {"type": "Feature", "properties": {"OBJECTID": 2292, "FIPS": "06037002292", "LOCATION": "Los Angeles County fallback SVI tract 2292", "E_TOTPOP": 6213, "EP_POV150": 21.3, "EP_UNEMP": 14.4, "EP_AGE65": 19.6, "EP_DISABL": 13.6, "RPL_THEMES": 0.5802, "SVI_SCORE": 58.02, "source_dataset": "Social Vulnerability Index LA County FeatureServer", "source_status": "simulated_fallback_due_download_missing_or_unavailable", "data_use_note": "Fallback simulated polygon. Replace with real SVI GeoJSON if available."}, "geometry": {"type": "Polygon", "coordinates": [[[-118.324234, 33.97482], [-118.317234, 33.97482], [-118.317234, 33.98182], [-118.324234, 33.98182], [-118.324234, 33.97482]]]}}, {"type": "Feature", "properties": {"OBJECTID": 2293, "FIPS": "06037002293", "LOCATION": "Los Angeles County fallback SVI tract 2293", "E_TOTPOP": 6755, "EP_POV150": 24.7, "EP_UNEMP": 3.9, "EP_AGE65": 8.3, "EP_DISABL": 6.7, "RPL_THEMES": 0.3369, "SVI_SCORE": 33.69, "source_dataset": "Social Vulnerability Index LA County FeatureServer", "source_status": "simulated_fallback_due_download_missing_or_unavailable", "data_use_note": "Fallback simulated polygon. Replace with real SVI GeoJSON if available."}, "geometry": {"type": "Polygon", "coordinates": [[[-117.893905, 34.311467], [-117.886905, 34.311467], [-117.886905, 34.318467], [-117.893905, 34.318467], [-117.893905, 34.311467]]]}}, {"type": "Feature", "properties": {"OBJECTID": 2294, "FIPS": "06037002294", "LOCATION": "Los Angeles County fallback SVI tract 2294", "E_TOTPOP": 1569, "EP_POV150": 37.6, "EP_UNEMP": 10.4, "EP_AGE65": 12.5, "EP_DISABL": 12.5, "RPL_THEMES": 0.6262, "SVI_SCORE": 62.62, "source_dataset": "Social Vulnerability Index LA County FeatureServer", "source_status": "simulated_fallback_due_download_missing_or_unavailable", "data_use_note": "Fallback simulated polygon. Replace with real SVI GeoJSON if available."}, "geometry": {"type": "Polygon", "coordinates": [[[-118.931024, 34.314037], [-118.924024, 34.314037], [-118.924024, 34.321037], [-118.931024, 34.321037], [-118.931024, 34.314037]]]}}, {"type": "Feature", "properties": {"OBJECTID": 2295, "FIPS": "06037002295", "LOCATION": "Los Angeles County fallback SVI tract 2295", "E_TOTPOP": 2225, "EP_POV150": 13.9, "EP_UNEMP": 11.6, "EP_AGE65": 18.8, "EP_DISABL": 18.1, "RPL_THEMES": 0.5074, "SVI_SCORE": 50.74, "source_dataset": "Social Vulnerability Index LA County FeatureServer", "source_status": "simulated_fallback_due_download_missing_or_unavailable", "data_use_note": "Fallback simulated polygon. Replace with real SVI GeoJSON if available."}, "geometry": {"type": "Polygon", "coordinates": [[[-118.750214, 34.514204], [-118.743214, 34.514204], [-118.743214, 34.521204], [-118.750214, 34.521204], [-118.750214, 34.514204]]]}}, {"type": "Feature", "properties": {"OBJECTID": 2296, "FIPS": "06037002296", "LOCATION": "Los Angeles County fallback SVI tract 2296", "E_TOTPOP": 5874, "EP_POV150": 19.6, "EP_UNEMP": 14.8, "EP_AGE65": 21.4, "EP_DISABL": 16.4, "RPL_THEMES": 0.657, "SVI_SCORE": 65.7, "source_dataset": "Social Vulnerability Index LA County FeatureServer", "source_status": "simulated_fallback_due_download_missing_or_unavailable", "data_use_note": "Fallback simulated polygon. Replace with real SVI GeoJSON if available."}, "geometry": {"type": "Polygon", "coordinates": [[[-118.120994, 33.632541], [-118.113994, 33.632541], [-118.113994, 33.639541], [-118.120994, 33.639541], [-118.120994, 33.632541]]]}}, {"type": "Feature", "properties": {"OBJECTID": 2297, "FIPS": "06037002297", "LOCATION": "Los Angeles County fallback SVI tract 2297", "E_TOTPOP": 5485, "EP_POV150": 27.9, "EP_UNEMP": 11.4, "EP_AGE65": 20.9, "EP_DISABL": 7.5, "RPL_THEMES": 0.5959, "SVI_SCORE": 59.59, "source_dataset": "Social Vulnerability Index LA County FeatureServer", "source_status": "simulated_fallback_due_download_missing_or_unavailable", "data_use_note": "Fallback simulated polygon. Replace with real SVI GeoJSON if available."}, "geometry": {"type": "Polygon", "coordinates": [[[-118.778272, 33.675962], [-118.771272, 33.675962], [-118.771272, 33.682962], [-118.778272, 33.682962], [-118.778272, 33.675962]]]}}, {"type": "Feature", "properties": {"OBJECTID": 2298, "FIPS": "06037002298", "LOCATION": "Los Angeles County fallback SVI tract 2298", "E_TOTPOP": 1400, "EP_POV150": 22.8, "EP_UNEMP": 1.9, "EP_AGE65": 5.0, "EP_DISABL": 12.2, "RPL_THEMES": 0.3262, "SVI_SCORE": 32.62, "source_dataset": "Social Vulnerability Index LA County FeatureServer", "source_status": "simulated_fallback_due_download_missing_or_unavailable", "data_use_note": "Fallback simulated polygon. Replace with real SVI GeoJSON if available."}, "geometry": {"type": "Polygon", "coordinates": [[[-118.361107, 33.366298], [-118.354107, 33.366298], [-118.354107, 33.373298], [-118.361107, 33.373298], [-118.361107, 33.366298]]]}}, {"type": "Feature", "properties": {"OBJECTID": 2299, "FIPS": "06037002299", "LOCATION": "Los Angeles County fallback SVI tract 2299", "E_TOTPOP": 7017, "EP_POV150": 14.4, "EP_UNEMP": 11.1, "EP_AGE65": 15.2, "EP_DISABL": 9.1, "RPL_THEMES": 0.5231, "SVI_SCORE": 52.31, "source_dataset": "Social Vulnerability Index LA County FeatureServer", "source_status": "simulated_fallback_due_download_missing_or_unavailable", "data_use_note": "Fallback simulated polygon. Replace with real SVI GeoJSON if available."}, "geometry": {"type": "Polygon", "coordinates": [[[-118.777599, 33.297783], [-118.770599, 33.297783], [-118.770599, 33.304783], [-118.777599, 33.304783], [-118.777599, 33.297783]]]}}, {"type": "Feature", "properties": {"OBJECTID": 2300, "FIPS": "06037002300", "LOCATION": "Los Angeles County fallback SVI tract 2300", "E_TOTPOP": 2735, "EP_POV150": 17.3, "EP_UNEMP": 14.5, "EP_AGE65": 10.3, "EP_DISABL": 8.5, "RPL_THEMES": 0.478, "SVI_SCORE": 47.8, "source_dataset": "Social Vulnerability Index LA County FeatureServer", "source_status": "simulated_fallback_due_download_missing_or_unavailable", "data_use_note": "Fallback simulated polygon. Replace with real SVI GeoJSON if available."}, "geometry": {"type": "Polygon", "coordinates": [[[-118.35597, 32.893169], [-118.34897, 32.893169], [-118.34897, 32.900169], [-118.35597, 32.900169], [-118.35597, 32.893169]]]}}, {"type": "Feature", "properties": {"OBJECTID": 2301, "FIPS": "06037002301", "LOCATION": "Los Angeles County fallback SVI tract 2301", "E_TOTPOP": 1933, "EP_POV150": 15.6, "EP_UNEMP": 2.5, "EP_AGE65": 22.0, "EP_DISABL": 20.8, "RPL_THEMES": 0.5019, "SVI_SCORE": 50.19, "source_dataset": "Social Vulnerability Index LA County FeatureServer", "source_status": "simulated_fallback_due_download_missing_or_unavailable", "data_use_note": "Fallback simulated polygon. Replace with real SVI GeoJSON if available."}, "geometry": {"type": "Polygon", "coordinates": [[[-117.969917, 34.661497], [-117.962917, 34.661497], [-117.962917, 34.668497], [-117.969917, 34.668497], [-117.969917, 34.661497]]]}}, {"type": "Feature", "properties": {"OBJECTID": 2302, "FIPS": "06037002302", "LOCATION": "Los Angeles County fallback SVI tract 2302", "E_TOTPOP": 4330, "EP_POV150": 12.5, "EP_UNEMP": 12.4, "EP_AGE65": 20.6, "EP_DISABL": 10.7, "RPL_THEMES": 0.4669, "SVI_SCORE": 46.69, "source_dataset": "Social Vulnerability Index LA County FeatureServer", "source_status": "simulated_fallback_due_download_missing_or_unavailable", "data_use_note": "Fallback simulated polygon. Replace with real SVI GeoJSON if available."}, "geometry": {"type": "Polygon", "coordinates": [[[-118.175114, 33.666476], [-118.168114, 33.666476], [-118.168114, 33.673476], [-118.175114, 33.673476], [-118.175114, 33.666476]]]}}, {"type": "Feature", "properties": {"OBJECTID": 2303, "FIPS": "06037002303", "LOCATION": "Los Angeles County fallback SVI tract 2303", "E_TOTPOP": 4870, "EP_POV150": 4.3, "EP_UNEMP": 3.9, "EP_AGE65": 17.0, "EP_DISABL": 20.7, "RPL_THEMES": 0.4663, "SVI_SCORE": 46.63, "source_dataset": "Social Vulnerability Index LA County FeatureServer", "source_status": "simulated_fallback_due_download_missing_or_unavailable", "data_use_note": "Fallback simulated polygon. Replace with real SVI GeoJSON if available."}, "geometry": {"type": "Polygon", "coordinates": [[[-117.770666, 33.061337], [-117.763666, 33.061337], [-117.763666, 33.068337], [-117.770666, 33.068337], [-117.770666, 33.061337]]]}}, {"type": "Feature", "properties": {"OBJECTID": 2304, "FIPS": "06037002304", "LOCATION": "Los Angeles County fallback SVI tract 2304", "E_TOTPOP": 2123, "EP_POV150": 34.4, "EP_UNEMP": 14.6, "EP_AGE65": 17.9, "EP_DISABL": 9.4, "RPL_THEMES": 0.7433, "SVI_SCORE": 74.33, "source_dataset": "Social Vulnerability Index LA County FeatureServer", "source_status": "simulated_fallback_due_download_missing_or_unavailable", "data_use_note": "Fallback simulated polygon. Replace with real SVI GeoJSON if available."}, "geometry": {"type": "Polygon", "coordinates": [[[-118.531935, 34.814024], [-118.524935, 34.814024], [-118.524935, 34.821024], [-118.531935, 34.821024], [-118.531935, 34.814024]]]}}, {"type": "Feature", "properties": {"OBJECTID": 2305, "FIPS": "06037002305", "LOCATION": "Los Angeles County fallback SVI tract 2305", "E_TOTPOP": 4802, "EP_POV150": 29.5, "EP_UNEMP": 6.4, "EP_AGE65": 7.7, "EP_DISABL": 16.0, "RPL_THEMES": 0.5049, "SVI_SCORE": 50.49, "source_dataset": "Social Vulnerability Index LA County FeatureServer", "source_status": "simulated_fallback_due_download_missing_or_unavailable", "data_use_note": "Fallback simulated polygon. Replace with real SVI GeoJSON if available."}, "geometry": {"type": "Polygon", "coordinates": [[[-118.636252, 33.874651], [-118.629252, 33.874651], [-118.629252, 33.881651], [-118.636252, 33.881651], [-118.636252, 33.874651]]]}}, {"type": "Feature", "properties": {"OBJECTID": 2306, "FIPS": "06037002306", "LOCATION": "Los Angeles County fallback SVI tract 2306", "E_TOTPOP": 5059, "EP_POV150": 6.2, "EP_UNEMP": 9.2, "EP_AGE65": 23.5, "EP_DISABL": 8.4, "RPL_THEMES": 0.3756, "SVI_SCORE": 37.56, "source_dataset": "Social Vulnerability Index LA County FeatureServer", "source_status": "simulated_fallback_due_download_missing_or_unavailable", "data_use_note": "Fallback simulated polygon. Replace with real SVI GeoJSON if available."}, "geometry": {"type": "Polygon", "coordinates": [[[-118.848573, 32.908538], [-118.841573, 32.908538], [-118.841573, 32.915538], [-118.848573, 32.915538], [-118.848573, 32.908538]]]}}, {"type": "Feature", "properties": {"OBJECTID": 2307, "FIPS": "06037002307", "LOCATION": "Los Angeles County fallback SVI tract 2307", "E_TOTPOP": 2789, "EP_POV150": 12.6, "EP_UNEMP": 4.0, "EP_AGE65": 17.9, "EP_DISABL": 18.3, "RPL_THEMES": 0.4276, "SVI_SCORE": 42.76, "source_dataset": "Social Vulnerability Index LA County FeatureServer", "source_status": "simulated_fallback_due_download_missing_or_unavailable", "data_use_note": "Fallback simulated polygon. Replace with real SVI GeoJSON if available."}, "geometry": {"type": "Polygon", "coordinates": [[[-118.384859, 33.698157], [-118.377859, 33.698157], [-118.377859, 33.705157], [-118.384859, 33.705157], [-118.384859, 33.698157]]]}}, {"type": "Feature", "properties": {"OBJECTID": 2308, "FIPS": "06037002308", "LOCATION": "Los Angeles County fallback SVI tract 2308", "E_TOTPOP": 3149, "EP_POV150": 12.3, "EP_UNEMP": 3.4, "EP_AGE65": 8.2, "EP_DISABL": 20.4, "RPL_THEMES": 0.335, "SVI_SCORE": 33.5, "source_dataset": "Social Vulnerability Index LA County FeatureServer", "source_status": "simulated_fallback_due_download_missing_or_unavailable", "data_use_note": "Fallback simulated polygon. Replace with real SVI GeoJSON if available."}, "geometry": {"type": "Polygon", "coordinates": [[[-118.503507, 34.605991], [-118.496507, 34.605991], [-118.496507, 34.612991], [-118.503507, 34.612991], [-118.503507, 34.605991]]]}}, {"type": "Feature", "properties": {"OBJECTID": 2309, "FIPS": "06037002309", "LOCATION": "Los Angeles County fallback SVI tract 2309", "E_TOTPOP": 1555, "EP_POV150": 35.5, "EP_UNEMP": 3.2, "EP_AGE65": 12.9, "EP_DISABL": 11.3, "RPL_THEMES": 0.579, "SVI_SCORE": 57.9, "source_dataset": "Social Vulnerability Index LA County FeatureServer", "source_status": "simulated_fallback_due_download_missing_or_unavailable", "data_use_note": "Fallback simulated polygon. Replace with real SVI GeoJSON if available."}, "geometry": {"type": "Polygon", "coordinates": [[[-117.845149, 33.940061], [-117.838149, 33.940061], [-117.838149, 33.947061], [-117.845149, 33.947061], [-117.845149, 33.940061]]]}}, {"type": "Feature", "properties": {"OBJECTID": 2310, "FIPS": "06037002310", "LOCATION": "Los Angeles County fallback SVI tract 2310", "E_TOTPOP": 6068, "EP_POV150": 18.9, "EP_UNEMP": 6.2, "EP_AGE65": 8.0, "EP_DISABL": 14.8, "RPL_THEMES": 0.4264, "SVI_SCORE": 42.64, "source_dataset": "Social Vulnerability Index LA County FeatureServer", "source_status": "simulated_fallback_due_download_missing_or_unavailable", "data_use_note": "Fallback simulated polygon. Replace with real SVI GeoJSON if available."}, "geometry": {"type": "Polygon", "coordinates": [[[-118.950088, 34.591736], [-118.943088, 34.591736], [-118.943088, 34.598736], [-118.950088, 34.598736], [-118.950088, 34.591736]]]}}, {"type": "Feature", "properties": {"OBJECTID": 2311, "FIPS": "06037002311", "LOCATION": "Los Angeles County fallback SVI tract 2311", "E_TOTPOP": 2230, "EP_POV150": 6.1, "EP_UNEMP": 7.5, "EP_AGE65": 21.2, "EP_DISABL": 13.5, "RPL_THEMES": 0.428, "SVI_SCORE": 42.8, "source_dataset": "Social Vulnerability Index LA County FeatureServer", "source_status": "simulated_fallback_due_download_missing_or_unavailable", "data_use_note": "Fallback simulated polygon. Replace with real SVI GeoJSON if available."}, "geometry": {"type": "Polygon", "coordinates": [[[-117.818802, 32.978734], [-117.811802, 32.978734], [-117.811802, 32.985734], [-117.818802, 32.985734], [-117.818802, 32.978734]]]}}, {"type": "Feature", "properties": {"OBJECTID": 2312, "FIPS": "06037002312", "LOCATION": "Los Angeles County fallback SVI tract 2312", "E_TOTPOP": 6987, "EP_POV150": 30.7, "EP_UNEMP": 3.3, "EP_AGE65": 17.8, "EP_DISABL": 21.3, "RPL_THEMES": 0.6733, "SVI_SCORE": 67.33, "source_dataset": "Social Vulnerability Index LA County FeatureServer", "source_status": "simulated_fallback_due_download_missing_or_unavailable", "data_use_note": "Fallback simulated polygon. Replace with real SVI GeoJSON if available."}, "geometry": {"type": "Polygon", "coordinates": [[[-117.983401, 32.767947], [-117.976401, 32.767947], [-117.976401, 32.774947], [-117.983401, 32.774947], [-117.983401, 32.767947]]]}}, {"type": "Feature", "properties": {"OBJECTID": 2313, "FIPS": "06037002313", "LOCATION": "Los Angeles County fallback SVI tract 2313", "E_TOTPOP": 1442, "EP_POV150": 21.3, "EP_UNEMP": 14.0, "EP_AGE65": 19.6, "EP_DISABL": 7.7, "RPL_THEMES": 0.6648, "SVI_SCORE": 66.48, "source_dataset": "Social Vulnerability Index LA County FeatureServer", "source_status": "simulated_fallback_due_download_missing_or_unavailable", "data_use_note": "Fallback simulated polygon. Replace with real SVI GeoJSON if available."}, "geometry": {"type": "Polygon", "coordinates": [[[-117.966066, 33.954357], [-117.959066, 33.954357], [-117.959066, 33.961357], [-117.966066, 33.961357], [-117.966066, 33.954357]]]}}, {"type": "Feature", "properties": {"OBJECTID": 2314, "FIPS": "06037002314", "LOCATION": "Los Angeles County fallback SVI tract 2314", "E_TOTPOP": 906, "EP_POV150": 5.5, "EP_UNEMP": 2.2, "EP_AGE65": 13.5, "EP_DISABL": 15.2, "RPL_THEMES": 0.332, "SVI_SCORE": 33.2, "source_dataset": "Social Vulnerability Index LA County FeatureServer", "source_status": "simulated_fallback_due_download_missing_or_unavailable", "data_use_note": "Fallback simulated polygon. Replace with real SVI GeoJSON if available."}, "geometry": {"type": "Polygon", "coordinates": [[[-118.533016, 34.56762], [-118.526016, 34.56762], [-118.526016, 34.57462], [-118.533016, 34.57462], [-118.533016, 34.56762]]]}}, {"type": "Feature", "properties": {"OBJECTID": 2315, "FIPS": "06037002315", "LOCATION": "Los Angeles County fallback SVI tract 2315", "E_TOTPOP": 2717, "EP_POV150": 21.5, "EP_UNEMP": 4.3, "EP_AGE65": 21.2, "EP_DISABL": 5.8, "RPL_THEMES": 0.4355, "SVI_SCORE": 43.55, "source_dataset": "Social Vulnerability Index LA County FeatureServer", "source_status": "simulated_fallback_due_download_missing_or_unavailable", "data_use_note": "Fallback simulated polygon. Replace with real SVI GeoJSON if available."}, "geometry": {"type": "Polygon", "coordinates": [[[-117.734002, 33.63316], [-117.727002, 33.63316], [-117.727002, 33.64016], [-117.734002, 33.64016], [-117.734002, 33.63316]]]}}]}