sample_id,usgs_event_id,event_date,year,month,area,place_name,latitude,longitude,depth_km,magnitude,magnitude_type,review_status,locationSource,magSource,year_earthquake_count,year_max_magnitude,year_avg_magnitude,year_min_depth_km,year_avg_depth_km,year_major_earthquake_flag,noaa_significant_event_count,noaa_deaths_sum,noaa_injuries_sum,noaa_damage_million_usd_sum,noaa_houses_destroyed_sum,noaa_houses_damaged_sum,noaa_max_intensity,noaa_max_magnitude,gdp_real_million_2017usd,gdp_current_million_usd,industry_total_million_usd,industry_agriculture_million_usd,industry_construction_million_usd,industry_manufacturing_million_usd,industry_private_services_million_usd,industry_agriculture_share,industry_construction_share,industry_manufacturing_share,industry_private_services_share,has_noaa_loss_record,major_event_flag,shallow_event_flag,very_shallow_event_flag,event_severity_score,gdp_pre_1y,gdp_event_year,gdp_post_1y,gdp_post_2y,gdp_post_3y,gdp_change_event_vs_pre,gdp_growth_next_1y,gdp_growth_next_3y,recovery_cycle_years,recovered_within_horizon,recovery_target_note
1,usp0008dq4,1998-01-03,1998.0,1.0,AK,"85 km SW of False Pass, Alaska",54.224,-164.177,10.0,5.8,mwc,reviewed,us,hrv,205,6.1,4.82429268292683,-3.0,35.13990243902439,1,0.0,0.0,0.0,0.0,0.0,0.0,0.0,0.0,40263.7,24387.8,24387.8,341.2,1163.8,1118.9,13264.7,0.013990601858306202,0.047720581602276546,0.04587949712561199,0.5439071995013901,0,0,1,1,61.0,41071.0,40263.7,39783.1,38428.1,40014.4,-0.019656205108227288,-0.011936309877134952,-0.006191681340760925,4,0,>3
2,usp0008e47,1998-01-11,1998.0,1.0,AK,"147 km E of Atka, Alaska",52.117,-172.048,33.0,4.6,mb,reviewed,us,us,205,6.1,4.82429268292683,-3.0,35.13990243902439,1,0.0,0.0,0.0,0.0,0.0,0.0,0.0,0.0,40263.7,24387.8,24387.8,341.2,1163.8,1118.9,13264.7,0.013990601858306202,0.047720581602276546,0.04587949712561199,0.5439071995013901,0,0,1,0,49.0,41071.0,40263.7,39783.1,38428.1,40014.4,-0.019656205108227288,-0.011936309877134952,-0.006191681340760925,4,0,>3
3,usp0008ea4,1998-01-14,1998.0,1.0,AK,"155 km NE of Atka, Alaska",53.162,-172.546,156.9,4.9,mb,reviewed,us,us,205,6.1,4.82429268292683,-3.0,35.13990243902439,1,0.0,0.0,0.0,0.0,0.0,0.0,0.0,0.0,40263.7,24387.8,24387.8,341.2,1163.8,1118.9,13264.7,0.013990601858306202,0.047720581602276546,0.04587949712561199,0.5439071995013901,0,0,0,0,49.0,41071.0,40263.7,39783.1,38428.1,40014.4,-0.019656205108227288,-0.011936309877134952,-0.006191681340760925,4,0,>3
4,ak998qsuvww,1998-01-16,1998.0,1.0,AK,"129 km E of Chignik, Alaska",56.2602,-156.314,43.6,4.9,mb,reviewed,ak,ak,205,6.1,4.82429268292683,-3.0,35.13990243902439,1,0.0,0.0,0.0,0.0,0.0,0.0,0.0,0.0,40263.7,24387.8,24387.8,341.2,1163.8,1118.9,13264.7,0.013990601858306202,0.047720581602276546,0.04587949712561199,0.5439071995013901,0,0,1,0,52.0,41071.0,40263.7,39783.1,38428.1,40014.4,-0.019656205108227288,-0.011936309877134952,-0.006191681340760925,4,0,>3
5,usp0008eu9,1998-01-23,1998.0,1.0,AK,"123 km WSW of Adak, Alaska",51.296,-178.152,33.0,4.9,mb,reviewed,us,us,205,6.1,4.82429268292683,-3.0,35.13990243902439,1,0.0,0.0,0.0,0.0,0.0,0.0,0.0,0.0,40263.7,24387.8,24387.8,341.2,1163.8,1118.9,13264.7,0.013990601858306202,0.047720581602276546,0.04587949712561199,0.5439071995013901,0,0,1,0,52.0,41071.0,40263.7,39783.1,38428.1,40014.4,-0.019656205108227288,-0.011936309877134952,-0.006191681340760925,4,0,>3
6,usp0008euq,1998-01-23,1998.0,1.0,AK,"64 km SSE of Nikolski, Alaska",52.379,-168.643,33.0,5.9,mwc,reviewed,us,hrv,205,6.1,4.82429268292683,-3.0,35.13990243902439,1,0.0,0.0,0.0,0.0,0.0,0.0,0.0,0.0,40263.7,24387.8,24387.8,341.2,1163.8,1118.9,13264.7,0.013990601858306202,0.047720581602276546,0.04587949712561199,0.5439071995013901,0,0,1,0,62.0,41071.0,40263.7,39783.1,38428.1,40014.4,-0.019656205108227288,-0.011936309877134952,-0.006191681340760925,4,0,>3
7,usp0008eur,1998-01-23,1998.0,1.0,AK,"71 km S of Nikolski, Alaska",52.308,-168.668,33.0,5.2,mb,reviewed,us,us,205,6.1,4.82429268292683,-3.0,35.13990243902439,1,0.0,0.0,0.0,0.0,0.0,0.0,0.0,0.0,40263.7,24387.8,24387.8,341.2,1163.8,1118.9,13264.7,0.013990601858306202,0.047720581602276546,0.04587949712561199,0.5439071995013901,0,0,1,0,55.0,41071.0,40263.7,39783.1,38428.1,40014.4,-0.019656205108227288,-0.011936309877134952,-0.006191681340760925,4,0,>3
8,usp0008ev2,1998-01-23,1998.0,1.0,AK,"70 km SSE of Nikolski, Alaska",52.328,-168.615,33.0,5.4,mwc,reviewed,us,hrv,205,6.1,4.82429268292683,-3.0,35.13990243902439,1,0.0,0.0,0.0,0.0,0.0,0.0,0.0,0.0,40263.7,24387.8,24387.8,341.2,1163.8,1118.9,13264.7,0.013990601858306202,0.047720581602276546,0.04587949712561199,0.5439071995013901,0,0,1,0,57.0,41071.0,40263.7,39783.1,38428.1,40014.4,-0.019656205108227288,-0.011936309877134952,-0.006191681340760925,4,0,>3
9,usp0008eva,1998-01-23,1998.0,1.0,AK,"77 km SSE of Nikolski, Alaska",52.261,-168.614,33.0,5.3,mwc,reviewed,us,hrv,205,6.1,4.82429268292683,-3.0,35.13990243902439,1,0.0,0.0,0.0,0.0,0.0,0.0,0.0,0.0,40263.7,24387.8,24387.8,341.2,1163.8,1118.9,13264.7,0.013990601858306202,0.047720581602276546,0.04587949712561199,0.5439071995013901,0,0,1,0,56.0,41071.0,40263.7,39783.1,38428.1,40014.4,-0.019656205108227288,-0.011936309877134952,-0.006191681340760925,4,0,>3
10,usp0008ezn,1998-01-26,1998.0,1.0,AK,"54 km SSE of Nikolski, Alaska",52.523,-168.423,33.0,4.7,mb,reviewed,us,us,205,6.1,4.82429268292683,-3.0,35.13990243902439,1,0.0,0.0,0.0,0.0,0.0,0.0,0.0,0.0,40263.7,24387.8,24387.8,341.2,1163.8,1118.9,13264.7,0.013990601858306202,0.047720581602276546,0.04587949712561199,0.5439071995013901,0,0,1,0,50.0,41071.0,40263.7,39783.1,38428.1,40014.4,-0.019656205108227288,-0.011936309877134952,-0.006191681340760925,4,0,>3
11,usp0008f0k,1998-01-26,1998.0,1.0,WA,off the coast of Washington,46.193,-129.652,10.0,4.5,mb,reviewed,us,us,205,6.1,4.82429268292683,-3.0,35.13990243902439,1,0.0,0.0,0.0,0.0,0.0,0.0,0.0,0.0,299817.0,209222.5,209222.5,3695.1,9082.0,31481.9,134987.6,0.017661102414893236,0.04340833323375832,0.15047091015545652,0.6451868226409684,0,0,1,1,48.0,281522.2,299817.0,322721.6,325857.6,317860.6,0.06498528357621526,0.07639526778001239,0.0601820443804053,0,1,0
12,usp0008f3f,1998-01-28,1998.0,1.0,AK,"88 km WSW of Adak, Alaska",51.491,-177.758,41.8,4.8,mb,reviewed,us,us,205,6.1,4.82429268292683,-3.0,35.13990243902439,1,0.0,0.0,0.0,0.0,0.0,0.0,0.0,0.0,40263.7,24387.8,24387.8,341.2,1163.8,1118.9,13264.7,0.013990601858306202,0.047720581602276546,0.04587949712561199,0.5439071995013901,0,0,1,0,51.0,41071.0,40263.7,39783.1,38428.1,40014.4,-0.019656205108227288,-0.011936309877134952,-0.006191681340760925,4,0,>3
13,usp0008f4p,1998-01-29,1998.0,1.0,AK,"49 km SE of Nikolski, Alaska",52.604,-168.374,33.0,4.6,mb,reviewed,us,us,205,6.1,4.82429268292683,-3.0,35.13990243902439,1,0.0,0.0,0.0,0.0,0.0,0.0,0.0,0.0,40263.7,24387.8,24387.8,341.2,1163.8,1118.9,13264.7,0.013990601858306202,0.047720581602276546,0.04587949712561199,0.5439071995013901,0,0,1,0,49.0,41071.0,40263.7,39783.1,38428.1,40014.4,-0.019656205108227288,-0.011936309877134952,-0.006191681340760925,4,0,>3
14,usp0008fmt,1998-02-07,1998.0,2.0,AK,"145 km SSE of Atka, Alaska",50.928,-173.665,33.0,4.8,mb,reviewed,us,us,205,6.1,4.82429268292683,-3.0,35.13990243902439,1,0.0,0.0,0.0,0.0,0.0,0.0,0.0,0.0,40263.7,24387.8,24387.8,341.2,1163.8,1118.9,13264.7,0.013990601858306202,0.047720581602276546,0.04587949712561199,0.5439071995013901,0,0,1,0,51.0,41071.0,40263.7,39783.1,38428.1,40014.4,-0.019656205108227288,-0.011936309877134952,-0.006191681340760925,4,0,>3
15,ak9981u6f4px,1998-02-09,1998.0,2.0,AK,"74 km SW of Karluk, Alaska",57.1262,-155.3773,54.2,4.6,mb,reviewed,ak,ak,205,6.1,4.82429268292683,-3.0,35.13990243902439,1,0.0,0.0,0.0,0.0,0.0,0.0,0.0,0.0,40263.7,24387.8,24387.8,341.2,1163.8,1118.9,13264.7,0.013990601858306202,0.047720581602276546,0.04587949712561199,0.5439071995013901,0,0,1,0,49.0,41071.0,40263.7,39783.1,38428.1,40014.4,-0.019656205108227288,-0.011936309877134952,-0.006191681340760925,4,0,>3
16,usp0008fx7,1998-02-13,1998.0,2.0,AK,"40 km ESE of Adak, Alaska",51.701,-176.116,42.5,4.6,mb,reviewed,us,us,205,6.1,4.82429268292683,-3.0,35.13990243902439,1,0.0,0.0,0.0,0.0,0.0,0.0,0.0,0.0,40263.7,24387.8,24387.8,341.2,1163.8,1118.9,13264.7,0.013990601858306202,0.047720581602276546,0.04587949712561199,0.5439071995013901,0,0,1,0,49.0,41071.0,40263.7,39783.1,38428.1,40014.4,-0.019656205108227288,-0.011936309877134952,-0.006191681340760925,4,0,>3
17,ak99822ggpdi,1998-02-14,1998.0,2.0,AK,"65 km N of Petersville, Alaska",63.0763,-150.9273,128.9,4.6,mb,reviewed,ak,ak,205,6.1,4.82429268292683,-3.0,35.13990243902439,1,0.0,0.0,0.0,0.0,0.0,0.0,0.0,0.0,40263.7,24387.8,24387.8,341.2,1163.8,1118.9,13264.7,0.013990601858306202,0.047720581602276546,0.04587949712561199,0.5439071995013901,0,0,0,0,46.0,41071.0,40263.7,39783.1,38428.1,40014.4,-0.019656205108227288,-0.011936309877134952,-0.006191681340760925,4,0,>3
18,usp0008g6r,1998-02-18,1998.0,2.0,AK,"71 km SSW of Adak, Alaska",51.28,-177.019,33.0,4.5,mb,reviewed,us,us,205,6.1,4.82429268292683,-3.0,35.13990243902439,1,0.0,0.0,0.0,0.0,0.0,0.0,0.0,0.0,40263.7,24387.8,24387.8,341.2,1163.8,1118.9,13264.7,0.013990601858306202,0.047720581602276546,0.04587949712561199,0.5439071995013901,0,0,1,0,48.0,41071.0,40263.7,39783.1,38428.1,40014.4,-0.019656205108227288,-0.011936309877134952,-0.006191681340760925,4,0,>3
19,usp0008hr2,1998-03-20,1998.0,3.0,AK,"58 km SSW of Adak, Alaska",51.374,-176.878,33.0,4.5,ms,reviewed,us,us,205,6.1,4.82429268292683,-3.0,35.13990243902439,1,0.0,0.0,0.0,0.0,0.0,0.0,0.0,0.0,40263.7,24387.8,24387.8,341.2,1163.8,1118.9,13264.7,0.013990601858306202,0.047720581602276546,0.04587949712561199,0.5439071995013901,0,0,1,0,48.0,41071.0,40263.7,39783.1,38428.1,40014.4,-0.019656205108227288,-0.011936309877134952,-0.006191681340760925,4,0,>3
20,usp0008hvn,1998-03-23,1998.0,3.0,OR,"220 km W of Bandon, Oregon",43.44,-127.088,10.0,5.2,mwc,reviewed,us,hrv,205,6.1,4.82429268292683,-3.0,35.13990243902439,1,0.0,0.0,0.0,0.0,0.0,0.0,0.0,0.0,130425.1,105016.4,105016.4,2652.2,5429.9,19962.5,62954.3,0.02525510301248186,0.05170525746454839,0.19008935747178538,0.5994711302234699,0,0,1,1,55.0,124840.6,130425.1,133761.7,145094.2,144486.5,0.044733043577169604,0.025582499074181315,0.10781206991599004,0,1,0
21,usp0008jbv,1998-03-31,1998.0,3.0,AK,"126 km WSW of Adak, Alaska",51.298,-178.208,33.0,4.6,mb,reviewed,us,us,205,6.1,4.82429268292683,-3.0,35.13990243902439,1,0.0,0.0,0.0,0.0,0.0,0.0,0.0,0.0,40263.7,24387.8,24387.8,341.2,1163.8,1118.9,13264.7,0.013990601858306202,0.047720581602276546,0.04587949712561199,0.5439071995013901,0,0,1,0,49.0,41071.0,40263.7,39783.1,38428.1,40014.4,-0.019656205108227288,-0.011936309877134952,-0.006191681340760925,4,0,>3
22,usp0008jk3,1998-04-04,1998.0,4.0,AK,"272 km SE of Atka, Alaska",50.669,-171.134,33.0,4.8,mb,reviewed,us,us,205,6.1,4.82429268292683,-3.0,35.13990243902439,1,0.0,0.0,0.0,0.0,0.0,0.0,0.0,0.0,40263.7,24387.8,24387.8,341.2,1163.8,1118.9,13264.7,0.013990601858306202,0.047720581602276546,0.04587949712561199,0.5439071995013901,0,0,1,0,51.0,41071.0,40263.7,39783.1,38428.1,40014.4,-0.019656205108227288,-0.011936309877134952,-0.006191681340760925,4,0,>3
23,ak99850bno6i,1998-04-19,1998.0,4.0,AK,"12 km SSE of Akhiok, Alaska",56.8513,-154.0553,10.0,4.6,mb,reviewed,ak,ak,205,6.1,4.82429268292683,-3.0,35.13990243902439,1,0.0,0.0,0.0,0.0,0.0,0.0,0.0,0.0,40263.7,24387.8,24387.8,341.2,1163.8,1118.9,13264.7,0.013990601858306202,0.047720581602276546,0.04587949712561199,0.5439071995013901,0,0,1,1,49.0,41071.0,40263.7,39783.1,38428.1,40014.4,-0.019656205108227288,-0.011936309877134952,-0.006191681340760925,4,0,>3
24,usp0008kju,1998-04-19,1998.0,4.0,OR,off the coast of Oregon,42.461,-126.686,10.0,4.6,mb,reviewed,us,us,205,6.1,4.82429268292683,-3.0,35.13990243902439,1,0.0,0.0,0.0,0.0,0.0,0.0,0.0,0.0,130425.1,105016.4,105016.4,2652.2,5429.9,19962.5,62954.3,0.02525510301248186,0.05170525746454839,0.19008935747178538,0.5994711302234699,0,0,1,1,49.0,124840.6,130425.1,133761.7,145094.2,144486.5,0.044733043577169604,0.025582499074181315,0.10781206991599004,0,1,0
25,usp0008m54,1998-04-29,1998.0,4.0,AK,"32 km NNE of Chitina, Alaska",61.785,-144.21,33.0,4.5,mb,reviewed,us,us,205,6.1,4.82429268292683,-3.0,35.13990243902439,1,0.0,0.0,0.0,0.0,0.0,0.0,0.0,0.0,40263.7,24387.8,24387.8,341.2,1163.8,1118.9,13264.7,0.013990601858306202,0.047720581602276546,0.04587949712561199,0.5439071995013901,0,0,1,0,48.0,41071.0,40263.7,39783.1,38428.1,40014.4,-0.019656205108227288,-0.011936309877134952,-0.006191681340760925,4,0,>3
26,usp0008m8b,1998-05-01,1998.0,5.0,AK,"82 km SSE of Akutan, Alaska",53.411,-165.484,33.0,4.7,mb,reviewed,us,us,205,6.1,4.82429268292683,-3.0,35.13990243902439,1,0.0,0.0,0.0,0.0,0.0,0.0,0.0,0.0,40263.7,24387.8,24387.8,341.2,1163.8,1118.9,13264.7,0.013990601858306202,0.047720581602276546,0.04587949712561199,0.5439071995013901,0,0,1,0,50.0,41071.0,40263.7,39783.1,38428.1,40014.4,-0.019656205108227288,-0.011936309877134952,-0.006191681340760925,4,0,>3
27,usp0008nen,1998-05-20,1998.0,5.0,AK,"153 km SW of Nikolski, Alaska",51.959,-170.456,33.0,4.7,mb,reviewed,us,us,205,6.1,4.82429268292683,-3.0,35.13990243902439,1,0.0,0.0,0.0,0.0,0.0,0.0,0.0,0.0,40263.7,24387.8,24387.8,341.2,1163.8,1118.9,13264.7,0.013990601858306202,0.047720581602276546,0.04587949712561199,0.5439071995013901,0,0,1,0,50.0,41071.0,40263.7,39783.1,38428.1,40014.4,-0.019656205108227288,-0.011936309877134952,-0.006191681340760925,4,0,>3
28,usp0008nut,1998-05-28,1998.0,5.0,AK,"83 km S of Unalaska, Alaska",53.137,-166.755,33.0,4.8,mb,reviewed,us,us,205,6.1,4.82429268292683,-3.0,35.13990243902439,1,0.0,0.0,0.0,0.0,0.0,0.0,0.0,0.0,40263.7,24387.8,24387.8,341.2,1163.8,1118.9,13264.7,0.013990601858306202,0.047720581602276546,0.04587949712561199,0.5439071995013901,0,0,1,0,51.0,41071.0,40263.7,39783.1,38428.1,40014.4,-0.019656205108227288,-0.011936309877134952,-0.006191681340760925,4,0,>3
29,usp0008nvs,1998-05-28,1998.0,5.0,AK,"94 km SE of Akutan, Alaska",53.571,-164.706,33.0,4.8,mb,reviewed,us,us,205,6.1,4.82429268292683,-3.0,35.13990243902439,1,0.0,0.0,0.0,0.0,0.0,0.0,0.0,0.0,40263.7,24387.8,24387.8,341.2,1163.8,1118.9,13264.7,0.013990601858306202,0.047720581602276546,0.04587949712561199,0.5439071995013901,0,0,1,0,51.0,41071.0,40263.7,39783.1,38428.1,40014.4,-0.019656205108227288,-0.011936309877134952,-0.006191681340760925,4,0,>3
30,usp0008p7a,1998-06-02,1998.0,6.0,CA,"204 km WNW of Indianola, California",41.107,-126.598,25.0,4.5,mb,reviewed,brk,us,205,6.1,4.82429268292683,-3.0,35.13990243902439,1,0.0,0.0,0.0,0.0,0.0,0.0,0.0,0.0,1538612.3,1143672.5,1143672.5,16955.0,42297.7,163322.2,773853.5,0.014825048254635834,0.036984101654975524,0.1428050425274718,0.676639072811491,0,0,1,0,48.0,1441226.4,1538612.3,1655438.5,1784320.6,1784567.7,0.06757154878650581,0.07592958927989849,0.15985534497546908,0,1,0
31,usp0008pq9,1998-06-10,1998.0,6.0,AK,"102 km NNE of Akutan, Alaska",55.013,-165.32,171.5,4.6,mb,reviewed,us,us,205,6.1,4.82429268292683,-3.0,35.13990243902439,1,0.0,0.0,0.0,0.0,0.0,0.0,0.0,0.0,40263.7,24387.8,24387.8,341.2,1163.8,1118.9,13264.7,0.013990601858306202,0.047720581602276546,0.04587949712561199,0.5439071995013901,0,0,0,0,46.0,41071.0,40263.7,39783.1,38428.1,40014.4,-0.019656205108227288,-0.011936309877134952,-0.006191681340760925,4,0,>3
32,usp0008pvq,1998-06-14,1998.0,6.0,AK,"51 km ESE of Adak, Alaska",51.715,-175.934,46.5,4.5,mb,reviewed,us,us,205,6.1,4.82429268292683,-3.0,35.13990243902439,1,0.0,0.0,0.0,0.0,0.0,0.0,0.0,0.0,40263.7,24387.8,24387.8,341.2,1163.8,1118.9,13264.7,0.013990601858306202,0.047720581602276546,0.04587949712561199,0.5439071995013901,0,0,1,0,48.0,41071.0,40263.7,39783.1,38428.1,40014.4,-0.019656205108227288,-0.011936309877134952,-0.006191681340760925,4,0,>3
33,hv1226150,1998-06-27,1998.0,6.0,HI,"51 km NW of Kalaoa, Hawaii",20.0633333,-156.3276667,4.067,5.1,md,reviewed,hv,hv,205,6.1,4.82429268292683,-3.0,35.13990243902439,1,0.0,0.0,0.0,0.0,0.0,0.0,0.0,0.0,58946.1,37503.0,37503.0,335.5,1647.1,724.1,26785.9,0.00894595099058742,0.04391915313441591,0.019307788710236515,0.714233527984428,0,0,1,1,54.0,60620.2,58946.1,59612.1,60745.7,60446.4,-0.027616207138874478,0.011298457404306647,0.025452065531052996,2,1,2
34,ci9058934,1998-07-02,1998.0,7.0,CA,"51km NW of Stovepipe Wells, California",36.945,-117.525,4.646,4.75,ml,reviewed,ci,ci,205,6.1,4.82429268292683,-3.0,35.13990243902439,1,0.0,0.0,0.0,0.0,0.0,0.0,0.0,0.0,1538612.3,1143672.5,1143672.5,16955.0,42297.7,163322.2,773853.5,0.014825048254635834,0.036984101654975524,0.1428050425274718,0.676639072811491,0,0,1,1,50.5,1441226.4,1538612.3,1655438.5,1784320.6,1784567.7,0.06757154878650581,0.07592958927989849,0.15985534497546908,0,1,0
35,usp0008qvp,1998-07-03,1998.0,7.0,AK,"241 km WSW of Adak, Alaska",51.167,-179.926,33.0,4.5,mb,reviewed,us,us,205,6.1,4.82429268292683,-3.0,35.13990243902439,1,0.0,0.0,0.0,0.0,0.0,0.0,0.0,0.0,40263.7,24387.8,24387.8,341.2,1163.8,1118.9,13264.7,0.013990601858306202,0.047720581602276546,0.04587949712561199,0.5439071995013901,0,0,1,0,48.0,41071.0,40263.7,39783.1,38428.1,40014.4,-0.019656205108227288,-0.011936309877134952,-0.006191681340760925,4,0,>3
36,usp0008qyv,1998-07-05,1998.0,7.0,AK,"128 km WSW of Nikolski, Alaska",52.47,-170.593,33.0,4.8,mb,reviewed,us,us,205,6.1,4.82429268292683,-3.0,35.13990243902439,1,0.0,0.0,0.0,0.0,0.0,0.0,0.0,0.0,40263.7,24387.8,24387.8,341.2,1163.8,1118.9,13264.7,0.013990601858306202,0.047720581602276546,0.04587949712561199,0.5439071995013901,0,0,1,0,51.0,41071.0,40263.7,39783.1,38428.1,40014.4,-0.019656205108227288,-0.011936309877134952,-0.006191681340760925,4,0,>3
37,usp0008r8r,1998-07-10,1998.0,7.0,AK,"83 km SW of Nikolski, Alaska",52.322,-169.562,33.0,4.7,mb,reviewed,us,us,205,6.1,4.82429268292683,-3.0,35.13990243902439,1,0.0,0.0,0.0,0.0,0.0,0.0,0.0,0.0,40263.7,24387.8,24387.8,341.2,1163.8,1118.9,13264.7,0.013990601858306202,0.047720581602276546,0.04587949712561199,0.5439071995013901,0,0,1,0,50.0,41071.0,40263.7,39783.1,38428.1,40014.4,-0.019656205108227288,-0.011936309877134952,-0.006191681340760925,4,0,>3
38,usp0008rce,1998-07-12,1998.0,7.0,AK,"51 km N of Atka, Alaska",52.648,-174.333,173.4,5.1,mwc,reviewed,us,hrv,205,6.1,4.82429268292683,-3.0,35.13990243902439,1,0.0,0.0,0.0,0.0,0.0,0.0,0.0,0.0,40263.7,24387.8,24387.8,341.2,1163.8,1118.9,13264.7,0.013990601858306202,0.047720581602276546,0.04587949712561199,0.5439071995013901,0,0,0,0,51.0,41071.0,40263.7,39783.1,38428.1,40014.4,-0.019656205108227288,-0.011936309877134952,-0.006191681340760925,4,0,>3
39,usp0008rn7,1998-07-16,1998.0,7.0,AK,"213 km SE of Akutan, Alaska",52.802,-163.465,33.0,4.5,mb,reviewed,us,us,205,6.1,4.82429268292683,-3.0,35.13990243902439,1,0.0,0.0,0.0,0.0,0.0,0.0,0.0,0.0,40263.7,24387.8,24387.8,341.2,1163.8,1118.9,13264.7,0.013990601858306202,0.047720581602276546,0.04587949712561199,0.5439071995013901,0,0,1,0,48.0,41071.0,40263.7,39783.1,38428.1,40014.4,-0.019656205108227288,-0.011936309877134952,-0.006191681340760925,4,0,>3
40,usp0008spy,1998-08-03,1998.0,8.0,AK,"88 km SSE of False Pass, Alaska",54.137,-162.824,55.6,5.0,mwc,reviewed,us,hrv,205,6.1,4.82429268292683,-3.0,35.13990243902439,1,0.0,0.0,0.0,0.0,0.0,0.0,0.0,0.0,40263.7,24387.8,24387.8,341.2,1163.8,1118.9,13264.7,0.013990601858306202,0.047720581602276546,0.04587949712561199,0.5439071995013901,0,0,1,0,53.0,41071.0,40263.7,39783.1,38428.1,40014.4,-0.019656205108227288,-0.011936309877134952,-0.006191681340760925,4,0,>3
41,usp0008sve,1998-08-06,1998.0,8.0,AK,"50 km WSW of Adak, Alaska",51.66,-177.28,44.6,4.9,mb,reviewed,us,us,205,6.1,4.82429268292683,-3.0,35.13990243902439,1,0.0,0.0,0.0,0.0,0.0,0.0,0.0,0.0,40263.7,24387.8,24387.8,341.2,1163.8,1118.9,13264.7,0.013990601858306202,0.047720581602276546,0.04587949712561199,0.5439071995013901,0,0,1,0,52.0,41071.0,40263.7,39783.1,38428.1,40014.4,-0.019656205108227288,-0.011936309877134952,-0.006191681340760925,4,0,>3
42,usp0008tbd,1998-08-16,1998.0,8.0,AK,"81 km S of Atka, Alaska",51.468,-174.151,33.0,4.6,mb,reviewed,us,us,205,6.1,4.82429268292683,-3.0,35.13990243902439,1,0.0,0.0,0.0,0.0,0.0,0.0,0.0,0.0,40263.7,24387.8,24387.8,341.2,1163.8,1118.9,13264.7,0.013990601858306202,0.047720581602276546,0.04587949712561199,0.5439071995013901,0,0,1,0,49.0,41071.0,40263.7,39783.1,38428.1,40014.4,-0.019656205108227288,-0.011936309877134952,-0.006191681340760925,4,0,>3
43,ak998aitog0p,1998-08-17,1998.0,8.0,AK,"22 km WNW of Old Harbor, Alaska",57.2532,-153.664,33.0,4.6,mb,reviewed,ak,ak,205,6.1,4.82429268292683,-3.0,35.13990243902439,1,0.0,0.0,0.0,0.0,0.0,0.0,0.0,0.0,40263.7,24387.8,24387.8,341.2,1163.8,1118.9,13264.7,0.013990601858306202,0.047720581602276546,0.04587949712561199,0.5439071995013901,0,0,1,0,49.0,41071.0,40263.7,39783.1,38428.1,40014.4,-0.019656205108227288,-0.011936309877134952,-0.006191681340760925,4,0,>3
44,ak998akkb009,1998-08-18,1998.0,8.0,AK,"35 km E of Knik River, Alaska",61.4942,-148.2535,11.7,4.7,mb,reviewed,ak,ak,205,6.1,4.82429268292683,-3.0,35.13990243902439,1,0.0,0.0,0.0,0.0,0.0,0.0,0.0,0.0,40263.7,24387.8,24387.8,341.2,1163.8,1118.9,13264.7,0.013990601858306202,0.047720581602276546,0.04587949712561199,0.5439071995013901,0,0,1,1,50.0,41071.0,40263.7,39783.1,38428.1,40014.4,-0.019656205108227288,-0.011936309877134952,-0.006191681340760925,4,0,>3
45,usp0008tgh,1998-08-19,1998.0,8.0,AK,"103 km ESE of Nikolski, Alaska",52.51,-167.494,33.0,4.5,mb,reviewed,us,us,205,6.1,4.82429268292683,-3.0,35.13990243902439,1,0.0,0.0,0.0,0.0,0.0,0.0,0.0,0.0,40263.7,24387.8,24387.8,341.2,1163.8,1118.9,13264.7,0.013990601858306202,0.047720581602276546,0.04587949712561199,0.5439071995013901,0,0,1,0,48.0,41071.0,40263.7,39783.1,38428.1,40014.4,-0.019656205108227288,-0.011936309877134952,-0.006191681340760925,4,0,>3
46,ak998ar7sw08,1998-08-22,1998.0,8.0,AK,"62 km E of Pedro Bay, Alaska",59.7502,-152.9895,106.7,4.5,mb,reviewed,ak,ak,205,6.1,4.82429268292683,-3.0,35.13990243902439,1,0.0,0.0,0.0,0.0,0.0,0.0,0.0,0.0,40263.7,24387.8,24387.8,341.2,1163.8,1118.9,13264.7,0.013990601858306202,0.047720581602276546,0.04587949712561199,0.5439071995013901,0,0,0,0,45.0,41071.0,40263.7,39783.1,38428.1,40014.4,-0.019656205108227288,-0.011936309877134952,-0.006191681340760925,4,0,>3
47,ak998aun220z,1998-08-24,1998.0,8.0,AK,"23 km WSW of Anchor Point, Alaska",59.6963,-152.2108,67.0,4.9,ml,reviewed,ak,ak,205,6.1,4.82429268292683,-3.0,35.13990243902439,1,0.0,0.0,0.0,0.0,0.0,0.0,0.0,0.0,40263.7,24387.8,24387.8,341.2,1163.8,1118.9,13264.7,0.013990601858306202,0.047720581602276546,0.04587949712561199,0.5439071995013901,0,0,1,0,52.0,41071.0,40263.7,39783.1,38428.1,40014.4,-0.019656205108227288,-0.011936309877134952,-0.006191681340760925,4,0,>3
48,usp0008txm,1998-08-27,1998.0,8.0,AK,"126 km SSW of False Pass, Alaska",53.759,-163.939,12.1,4.5,mb,reviewed,aeic,us,205,6.1,4.82429268292683,-3.0,35.13990243902439,1,0.0,0.0,0.0,0.0,0.0,0.0,0.0,0.0,40263.7,24387.8,24387.8,341.2,1163.8,1118.9,13264.7,0.013990601858306202,0.047720581602276546,0.04587949712561199,0.5439071995013901,0,0,1,1,48.0,41071.0,40263.7,39783.1,38428.1,40014.4,-0.019656205108227288,-0.011936309877134952,-0.006191681340760925,4,0,>3
49,usp0008u01,1998-08-28,1998.0,8.0,AK,"88 km SSE of Adak, Alaska",51.135,-176.145,33.0,4.5,mb,reviewed,us,us,205,6.1,4.82429268292683,-3.0,35.13990243902439,1,0.0,0.0,0.0,0.0,0.0,0.0,0.0,0.0,40263.7,24387.8,24387.8,341.2,1163.8,1118.9,13264.7,0.013990601858306202,0.047720581602276546,0.04587949712561199,0.5439071995013901,0,0,1,0,48.0,41071.0,40263.7,39783.1,38428.1,40014.4,-0.019656205108227288,-0.011936309877134952,-0.006191681340760925,4,0,>3
50,usp0008uur,1998-09-12,1998.0,9.0,AK,"227 km SE of Unalaska, Alaska",52.216,-164.558,33.0,4.6,mb,reviewed,us,us,205,6.1,4.82429268292683,-3.0,35.13990243902439,1,0.0,0.0,0.0,0.0,0.0,0.0,0.0,0.0,40263.7,24387.8,24387.8,341.2,1163.8,1118.9,13264.7,0.013990601858306202,0.047720581602276546,0.04587949712561199,0.5439071995013901,0,0,1,0,49.0,41071.0,40263.7,39783.1,38428.1,40014.4,-0.019656205108227288,-0.011936309877134952,-0.006191681340760925,4,0,>3
51,usp0008uxp,1998-09-14,1998.0,9.0,AK,"182 km WSW of Adak, Alaska",51.275,-179.088,33.0,4.9,mb,reviewed,us,us,205,6.1,4.82429268292683,-3.0,35.13990243902439,1,0.0,0.0,0.0,0.0,0.0,0.0,0.0,0.0,40263.7,24387.8,24387.8,341.2,1163.8,1118.9,13264.7,0.013990601858306202,0.047720581602276546,0.04587949712561199,0.5439071995013901,0,0,1,0,52.0,41071.0,40263.7,39783.1,38428.1,40014.4,-0.019656205108227288,-0.011936309877134952,-0.006191681340760925,4,0,>3
52,usp0008v8h,1998-09-20,1998.0,9.0,AK,"116 km WSW of Adak, Alaska",51.454,-178.178,33.0,5.2,mwc,reviewed,us,hrv,205,6.1,4.82429268292683,-3.0,35.13990243902439,1,0.0,0.0,0.0,0.0,0.0,0.0,0.0,0.0,40263.7,24387.8,24387.8,341.2,1163.8,1118.9,13264.7,0.013990601858306202,0.047720581602276546,0.04587949712561199,0.5439071995013901,0,0,1,0,55.0,41071.0,40263.7,39783.1,38428.1,40014.4,-0.019656205108227288,-0.011936309877134952,-0.006191681340760925,4,0,>3
53,usp0008vea,1998-09-24,1998.0,9.0,AK,"106 km SSW of Nikolski, Alaska",52.088,-169.582,33.0,4.5,mb,reviewed,us,us,205,6.1,4.82429268292683,-3.0,35.13990243902439,1,0.0,0.0,0.0,0.0,0.0,0.0,0.0,0.0,40263.7,24387.8,24387.8,341.2,1163.8,1118.9,13264.7,0.013990601858306202,0.047720581602276546,0.04587949712561199,0.5439071995013901,0,0,1,0,48.0,41071.0,40263.7,39783.1,38428.1,40014.4,-0.019656205108227288,-0.011936309877134952,-0.006191681340760925,4,0,>3
54,usp0008vfa,1998-09-24,1998.0,9.0,OR,"165 km W of Langlois, Oregon",43.107,-126.467,10.0,4.5,mb,reviewed,us,us,205,6.1,4.82429268292683,-3.0,35.13990243902439,1,0.0,0.0,0.0,0.0,0.0,0.0,0.0,0.0,130425.1,105016.4,105016.4,2652.2,5429.9,19962.5,62954.3,0.02525510301248186,0.05170525746454839,0.19008935747178538,0.5994711302234699,0,0,1,1,48.0,124840.6,130425.1,133761.7,145094.2,144486.5,0.044733043577169604,0.025582499074181315,0.10781206991599004,0,1,0
55,usp0008vmr,1998-09-28,1998.0,9.0,AK,"79 km SE of Akutan, Alaska",53.605,-164.974,46.5,4.5,mb,reviewed,aeic,us,205,6.1,4.82429268292683,-3.0,35.13990243902439,1,0.0,0.0,0.0,0.0,0.0,0.0,0.0,0.0,40263.7,24387.8,24387.8,341.2,1163.8,1118.9,13264.7,0.013990601858306202,0.047720581602276546,0.04587949712561199,0.5439071995013901,0,0,1,0,48.0,41071.0,40263.7,39783.1,38428.1,40014.4,-0.019656205108227288,-0.011936309877134952,-0.006191681340760925,4,0,>3
56,hv1233597,1998-09-29,1998.0,9.0,HI,"14 km S of Fern Forest, Hawaii",19.3376667,-155.1213333,8.599,4.8,md,reviewed,hv,hv,205,6.1,4.82429268292683,-3.0,35.13990243902439,1,0.0,0.0,0.0,0.0,0.0,0.0,0.0,0.0,58946.1,37503.0,37503.0,335.5,1647.1,724.1,26785.9,0.00894595099058742,0.04391915313441591,0.019307788710236515,0.714233527984428,0,0,1,1,51.0,60620.2,58946.1,59612.1,60745.7,60446.4,-0.027616207138874478,0.011298457404306647,0.025452065531052996,2,1,2
57,ci7112721,1998-10-01,1998.0,10.0,CA,"14km NE of Yucaipa, California",34.111,-116.92,3.175,4.63,ml,reviewed,ci,ci,205,6.1,4.82429268292683,-3.0,35.13990243902439,1,0.0,0.0,0.0,0.0,0.0,0.0,0.0,0.0,1538612.3,1143672.5,1143672.5,16955.0,42297.7,163322.2,773853.5,0.014825048254635834,0.036984101654975524,0.1428050425274718,0.676639072811491,0,0,1,1,49.3,1441226.4,1538612.3,1655438.5,1784320.6,1784567.7,0.06757154878650581,0.07592958927989849,0.15985534497546908,0,1,0
58,usp0008vv3,1998-10-02,1998.0,10.0,AK,"103 km WSW of Adak, Alaska",51.673,-178.095,33.0,4.6,mb,reviewed,us,us,205,6.1,4.82429268292683,-3.0,35.13990243902439,1,0.0,0.0,0.0,0.0,0.0,0.0,0.0,0.0,40263.7,24387.8,24387.8,341.2,1163.8,1118.9,13264.7,0.013990601858306202,0.047720581602276546,0.04587949712561199,0.5439071995013901,0,0,1,0,49.0,41071.0,40263.7,39783.1,38428.1,40014.4,-0.019656205108227288,-0.011936309877134952,-0.006191681340760925,4,0,>3
59,usp0008w5j,1998-10-07,1998.0,10.0,OR,"188 km WSW of Port Orford, Oregon",42.395,-126.741,10.0,4.8,mb,reviewed,us,us,205,6.1,4.82429268292683,-3.0,35.13990243902439,1,0.0,0.0,0.0,0.0,0.0,0.0,0.0,0.0,130425.1,105016.4,105016.4,2652.2,5429.9,19962.5,62954.3,0.02525510301248186,0.05170525746454839,0.19008935747178538,0.5994711302234699,0,0,1,1,51.0,124840.6,130425.1,133761.7,145094.2,144486.5,0.044733043577169604,0.025582499074181315,0.10781206991599004,0,1,0
60,usp0008wp2,1998-10-17,1998.0,10.0,AK,"136 km S of False Pass, Alaska",53.635,-163.148,33.0,5.5,mwc,reviewed,us,hrv,205,6.1,4.82429268292683,-3.0,35.13990243902439,1,0.0,0.0,0.0,0.0,0.0,0.0,0.0,0.0,40263.7,24387.8,24387.8,341.2,1163.8,1118.9,13264.7,0.013990601858306202,0.047720581602276546,0.04587949712561199,0.5439071995013901,0,0,1,0,58.0,41071.0,40263.7,39783.1,38428.1,40014.4,-0.019656205108227288,-0.011936309877134952,-0.006191681340760925,4,0,>3
61,usp0008wwh,1998-10-22,1998.0,10.0,AK,"175 km S of False Pass, Alaska",53.294,-163.005,33.0,4.7,mb,reviewed,us,us,205,6.1,4.82429268292683,-3.0,35.13990243902439,1,0.0,0.0,0.0,0.0,0.0,0.0,0.0,0.0,40263.7,24387.8,24387.8,341.2,1163.8,1118.9,13264.7,0.013990601858306202,0.047720581602276546,0.04587949712561199,0.5439071995013901,0,0,1,0,50.0,41071.0,40263.7,39783.1,38428.1,40014.4,-0.019656205108227288,-0.011936309877134952,-0.006191681340760925,4,0,>3
62,usp0008x17,1998-10-25,1998.0,10.0,AK,"82 km SSW of Nikolski, Alaska",52.277,-169.409,33.0,4.7,mb,reviewed,us,us,205,6.1,4.82429268292683,-3.0,35.13990243902439,1,0.0,0.0,0.0,0.0,0.0,0.0,0.0,0.0,40263.7,24387.8,24387.8,341.2,1163.8,1118.9,13264.7,0.013990601858306202,0.047720581602276546,0.04587949712561199,0.5439071995013901,0,0,1,0,50.0,41071.0,40263.7,39783.1,38428.1,40014.4,-0.019656205108227288,-0.011936309877134952,-0.006191681340760925,4,0,>3
63,usp0008x1v,1998-10-25,1998.0,10.0,AK,"77 km SSW of Nikolski, Alaska",52.322,-169.4,33.0,4.8,mb,reviewed,us,us,205,6.1,4.82429268292683,-3.0,35.13990243902439,1,0.0,0.0,0.0,0.0,0.0,0.0,0.0,0.0,40263.7,24387.8,24387.8,341.2,1163.8,1118.9,13264.7,0.013990601858306202,0.047720581602276546,0.04587949712561199,0.5439071995013901,0,0,1,0,51.0,41071.0,40263.7,39783.1,38428.1,40014.4,-0.019656205108227288,-0.011936309877134952,-0.006191681340760925,4,0,>3
64,usp0008x3r,1998-10-26,1998.0,10.0,AK,"113 km NNE of Adak, Alaska",52.805,-175.956,208.1,4.5,mb,reviewed,us,us,205,6.1,4.82429268292683,-3.0,35.13990243902439,1,0.0,0.0,0.0,0.0,0.0,0.0,0.0,0.0,40263.7,24387.8,24387.8,341.2,1163.8,1118.9,13264.7,0.013990601858306202,0.047720581602276546,0.04587949712561199,0.5439071995013901,0,0,0,0,45.0,41071.0,40263.7,39783.1,38428.1,40014.4,-0.019656205108227288,-0.011936309877134952,-0.006191681340760925,4,0,>3
65,usp0008xe2,1998-11-01,1998.0,11.0,AK,"87 km SW of False Pass, Alaska",54.211,-164.187,33.0,4.6,mb,reviewed,us,us,205,6.1,4.82429268292683,-3.0,35.13990243902439,1,0.0,0.0,0.0,0.0,0.0,0.0,0.0,0.0,40263.7,24387.8,24387.8,341.2,1163.8,1118.9,13264.7,0.013990601858306202,0.047720581602276546,0.04587949712561199,0.5439071995013901,0,0,1,0,49.0,41071.0,40263.7,39783.1,38428.1,40014.4,-0.019656205108227288,-0.011936309877134952,-0.006191681340760925,4,0,>3
66,usp0008xk1,1998-11-04,1998.0,11.0,AK,"41 km NE of Adak, Alaska",52.094,-176.143,35.4,5.2,mwc,reviewed,us,hrv,205,6.1,4.82429268292683,-3.0,35.13990243902439,1,0.0,0.0,0.0,0.0,0.0,0.0,0.0,0.0,40263.7,24387.8,24387.8,341.2,1163.8,1118.9,13264.7,0.013990601858306202,0.047720581602276546,0.04587949712561199,0.5439071995013901,0,0,1,0,55.0,41071.0,40263.7,39783.1,38428.1,40014.4,-0.019656205108227288,-0.011936309877134952,-0.006191681340760925,4,0,>3
67,usp0008xvq,1998-11-08,1998.0,11.0,AK,"235 km WSW of Adak, Alaska",51.334,-179.925,33.0,5.1,mwc,reviewed,us,hrv,205,6.1,4.82429268292683,-3.0,35.13990243902439,1,0.0,0.0,0.0,0.0,0.0,0.0,0.0,0.0,40263.7,24387.8,24387.8,341.2,1163.8,1118.9,13264.7,0.013990601858306202,0.047720581602276546,0.04587949712561199,0.5439071995013901,0,0,1,0,54.0,41071.0,40263.7,39783.1,38428.1,40014.4,-0.019656205108227288,-0.011936309877134952,-0.006191681340760925,4,0,>3
68,usp0008xvx,1998-11-09,1998.0,11.0,AK,"230 km WSW of Adak, Alaska",51.417,-179.884,33.0,4.5,mb,reviewed,us,us,205,6.1,4.82429268292683,-3.0,35.13990243902439,1,0.0,0.0,0.0,0.0,0.0,0.0,0.0,0.0,40263.7,24387.8,24387.8,341.2,1163.8,1118.9,13264.7,0.013990601858306202,0.047720581602276546,0.04587949712561199,0.5439071995013901,0,0,1,0,48.0,41071.0,40263.7,39783.1,38428.1,40014.4,-0.019656205108227288,-0.011936309877134952,-0.006191681340760925,4,0,>3
69,usp0008ysm,1998-11-26,1998.0,11.0,AK,"115 km SW of Adak, Alaska",51.303,-178.025,33.0,4.7,mb,reviewed,us,us,205,6.1,4.82429268292683,-3.0,35.13990243902439,1,0.0,0.0,0.0,0.0,0.0,0.0,0.0,0.0,40263.7,24387.8,24387.8,341.2,1163.8,1118.9,13264.7,0.013990601858306202,0.047720581602276546,0.04587949712561199,0.5439071995013901,0,0,1,0,50.0,41071.0,40263.7,39783.1,38428.1,40014.4,-0.019656205108227288,-0.011936309877134952,-0.006191681340760925,4,0,>3
70,nc30207272,1998-11-27,1998.0,11.0,CA,"87 km W of Ferndale, California",40.6736667,-125.2921667,4.492,5.4,mw,reviewed,nc,nc,205,6.1,4.82429268292683,-3.0,35.13990243902439,1,0.0,0.0,0.0,0.0,0.0,0.0,0.0,0.0,1538612.3,1143672.5,1143672.5,16955.0,42297.7,163322.2,773853.5,0.014825048254635834,0.036984101654975524,0.1428050425274718,0.676639072811491,0,0,1,1,57.0,1441226.4,1538612.3,1655438.5,1784320.6,1784567.7,0.06757154878650581,0.07592958927989849,0.15985534497546908,0,1,0
71,usp0008yuh,1998-11-27,1998.0,11.0,AK,"139 km WSW of Adak, Alaska",51.593,-178.598,33.0,4.5,mb,reviewed,us,us,205,6.1,4.82429268292683,-3.0,35.13990243902439,1,0.0,0.0,0.0,0.0,0.0,0.0,0.0,0.0,40263.7,24387.8,24387.8,341.2,1163.8,1118.9,13264.7,0.013990601858306202,0.047720581602276546,0.04587949712561199,0.5439071995013901,0,0,1,0,48.0,41071.0,40263.7,39783.1,38428.1,40014.4,-0.019656205108227288,-0.011936309877134952,-0.006191681340760925,4,0,>3
72,usp0008yvy,1998-11-28,1998.0,11.0,AK,"99 km SSE of False Pass, Alaska",54.049,-162.763,11.8,5.2,mwc,reviewed,aeic,hrv,205,6.1,4.82429268292683,-3.0,35.13990243902439,1,0.0,0.0,0.0,0.0,0.0,0.0,0.0,0.0,40263.7,24387.8,24387.8,341.2,1163.8,1118.9,13264.7,0.013990601858306202,0.047720581602276546,0.04587949712561199,0.5439071995013901,0,0,1,1,55.0,41071.0,40263.7,39783.1,38428.1,40014.4,-0.019656205108227288,-0.011936309877134952,-0.006191681340760925,4,0,>3
73,usp0008z0x,1998-12-01,1998.0,12.0,AK,"149 km SE of Akutan, Alaska",53.099,-164.338,22.4,5.4,mwb,reviewed,aeic,us,205,6.1,4.82429268292683,-3.0,35.13990243902439,1,0.0,0.0,0.0,0.0,0.0,0.0,0.0,0.0,40263.7,24387.8,24387.8,341.2,1163.8,1118.9,13264.7,0.013990601858306202,0.047720581602276546,0.04587949712561199,0.5439071995013901,0,0,1,0,57.0,41071.0,40263.7,39783.1,38428.1,40014.4,-0.019656205108227288,-0.011936309877134952,-0.006191681340760925,4,0,>3
74,usp0008zbw,1998-12-09,1998.0,12.0,AK,"97 km SSE of False Pass, Alaska",54.018,-162.977,26.0,4.5,mb,reviewed,aeic,us,205,6.1,4.82429268292683,-3.0,35.13990243902439,1,0.0,0.0,0.0,0.0,0.0,0.0,0.0,0.0,40263.7,24387.8,24387.8,341.2,1163.8,1118.9,13264.7,0.013990601858306202,0.047720581602276546,0.04587949712561199,0.5439071995013901,0,0,1,0,48.0,41071.0,40263.7,39783.1,38428.1,40014.4,-0.019656205108227288,-0.011936309877134952,-0.006191681340760925,4,0,>3
75,ak998g2xe9eb,1998-12-16,1998.0,12.0,AK,"39 km SW of Sitka, Alaska",56.7713,-135.72,12.4,4.6,mb,reviewed,ak,ak,205,6.1,4.82429268292683,-3.0,35.13990243902439,1,0.0,0.0,0.0,0.0,0.0,0.0,0.0,0.0,40263.7,24387.8,24387.8,341.2,1163.8,1118.9,13264.7,0.013990601858306202,0.047720581602276546,0.04587949712561199,0.5439071995013901,0,0,1,1,49.0,41071.0,40263.7,39783.1,38428.1,40014.4,-0.019656205108227288,-0.011936309877134952,-0.006191681340760925,4,0,>3
76,usp0008zpk,1998-12-16,1998.0,12.0,AK,"110 km SSW of Port Alexander, Alaska",55.279,-135.036,10.0,4.6,mb,reviewed,pgc,us,205,6.1,4.82429268292683,-3.0,35.13990243902439,1,0.0,0.0,0.0,0.0,0.0,0.0,0.0,0.0,40263.7,24387.8,24387.8,341.2,1163.8,1118.9,13264.7,0.013990601858306202,0.047720581602276546,0.04587949712561199,0.5439071995013901,0,0,1,1,49.0,41071.0,40263.7,39783.1,38428.1,40014.4,-0.019656205108227288,-0.011936309877134952,-0.006191681340760925,4,0,>3
77,ak998gcymrom,1998-12-22,1998.0,12.0,AK,south of Alaska,51.816,-144.4482,10.0,4.8,mb,reviewed,ak,ak,205,6.1,4.82429268292683,-3.0,35.13990243902439,1,0.0,0.0,0.0,0.0,0.0,0.0,0.0,0.0,40263.7,24387.8,24387.8,341.2,1163.8,1118.9,13264.7,0.013990601858306202,0.047720581602276546,0.04587949712561199,0.5439071995013901,0,0,1,1,51.0,41071.0,40263.7,39783.1,38428.1,40014.4,-0.019656205108227288,-0.011936309877134952,-0.006191681340760925,4,0,>3
78,hv1241565,1998-12-27,1998.0,12.0,HI,"47 km SE of Naalehu, Hawaii",18.7905,-155.2308333,10.541,4.7,md,reviewed,hv,hv,205,6.1,4.82429268292683,-3.0,35.13990243902439,1,0.0,0.0,0.0,0.0,0.0,0.0,0.0,0.0,58946.1,37503.0,37503.0,335.5,1647.1,724.1,26785.9,0.00894595099058742,0.04391915313441591,0.019307788710236515,0.714233527984428,0,0,1,1,50.0,60620.2,58946.1,59612.1,60745.7,60446.4,-0.027616207138874478,0.011298457404306647,0.025452065531052996,2,1,2
79,ak999gksr5z,1999-01-10,1999.0,1.0,AK,"138 km SSE of Perryville, Alaska",54.8012,-158.1463,11.1,4.5,mb,reviewed,ak,ak,183,7.1,4.947868852459017,-3.0,29.176781420765025,1,0.0,0.0,0.0,0.0,0.0,0.0,0.0,0.0,39783.1,24920.4,24920.4,363.5,1213.7,884.4,13838.7,0.01458644323526107,0.048703070576716266,0.03548899696634083,0.5553161265469254,0,0,1,1,48.0,40263.7,39783.1,38428.1,40014.4,41904.7,-0.011936309877134952,-0.03405968866176844,0.05332917746480286,3,1,3
80,ak999ozbyye,1999-01-15,1999.0,1.0,AK,"116 km SSE of Akhiok, Alaska",55.9717,-153.4975,10.0,4.5,mb,reviewed,ak,ak,183,7.1,4.947868852459017,-3.0,29.176781420765025,1,0.0,0.0,0.0,0.0,0.0,0.0,0.0,0.0,39783.1,24920.4,24920.4,363.5,1213.7,884.4,13838.7,0.01458644323526107,0.048703070576716266,0.03548899696634083,0.5553161265469254,0,0,1,1,48.0,40263.7,39783.1,38428.1,40014.4,41904.7,-0.011936309877134952,-0.03405968866176844,0.05332917746480286,3,1,3
81,usp0009160,1999-01-16,1999.0,1.0,AK,"254 km SSW of Nikolski, Alaska",50.749,-169.92,33.0,5.2,mwc,reviewed,us,hrv,183,7.1,4.947868852459017,-3.0,29.176781420765025,1,0.0,0.0,0.0,0.0,0.0,0.0,0.0,0.0,39783.1,24920.4,24920.4,363.5,1213.7,884.4,13838.7,0.01458644323526107,0.048703070576716266,0.03548899696634083,0.5553161265469254,0,0,1,0,55.0,40263.7,39783.1,38428.1,40014.4,41904.7,-0.011936309877134952,-0.03405968866176844,0.05332917746480286,3,1,3
82,usp00091t5,1999-01-27,1999.0,1.0,NV,"39 km NW of Indian Springs, Nevada",36.816,-115.989,5.0,4.8,mwr,reviewed,us,brk,183,7.1,4.947868852459017,-3.0,29.176781420765025,1,0.0,0.0,0.0,0.0,0.0,0.0,0.0,0.0,110091.0,71825.3,71825.3,181.3,6780.0,2611.6,53432.1,0.002524180198342367,0.09439570736216904,0.03636044680634818,0.7439175332368956,0,0,1,1,51.0,102779.4,110091.0,114810.2,116267.3,120180.1,0.07113876905294257,0.042866356014569736,0.09164327692545263,0,1,0
83,usp00091uc,1999-01-28,1999.0,1.0,AK,"18 km WSW of Nikolski, Alaska",52.886,-169.123,67.2,6.6,mwc,reviewed,us,hrv,183,7.1,4.947868852459017,-3.0,29.176781420765025,1,0.0,0.0,0.0,0.0,0.0,0.0,0.0,0.0,39783.1,24920.4,24920.4,363.5,1213.7,884.4,13838.7,0.01458644323526107,0.048703070576716266,0.03548899696634083,0.5553161265469254,0,1,1,0,79.0,40263.7,39783.1,38428.1,40014.4,41904.7,-0.011936309877134952,-0.03405968866176844,0.05332917746480286,3,1,3
84,ak9991zgmak0,1999-02-12,1999.0,2.0,AK,"137 km SE of Chignik, Alaska",55.3852,-156.9222,3.3,4.6,mb,reviewed,ak,ak,183,7.1,4.947868852459017,-3.0,29.176781420765025,1,0.0,0.0,0.0,0.0,0.0,0.0,0.0,0.0,39783.1,24920.4,24920.4,363.5,1213.7,884.4,13838.7,0.01458644323526107,0.048703070576716266,0.03548899696634083,0.5553161265469254,0,0,1,1,49.0,40263.7,39783.1,38428.1,40014.4,41904.7,-0.011936309877134952,-0.03405968866176844,0.05332917746480286,3,1,3
85,usp00092ps,1999-02-12,1999.0,2.0,AK,"73 km SSE of Atka, Alaska",51.586,-173.777,33.0,4.7,mb,reviewed,us,us,183,7.1,4.947868852459017,-3.0,29.176781420765025,1,0.0,0.0,0.0,0.0,0.0,0.0,0.0,0.0,39783.1,24920.4,24920.4,363.5,1213.7,884.4,13838.7,0.01458644323526107,0.048703070576716266,0.03548899696634083,0.5553161265469254,0,0,1,0,50.0,40263.7,39783.1,38428.1,40014.4,41904.7,-0.011936309877134952,-0.03405968866176844,0.05332917746480286,3,1,3
86,nc30217292,1999-02-15,1999.0,2.0,CA,"34 km SW of Scotia, California",40.2756667,-124.4045,21.206,4.7,mw,reviewed,nc,nc,183,7.1,4.947868852459017,-3.0,29.176781420765025,1,1.0,0.0,4.0,0.0,0.0,0.0,7.0,7.2,1655438.5,1239773.5,1239773.5,17602.9,47735.8,179127.2,839306.7,0.014198480609562957,0.03850364602889157,0.14448381095417834,0.6769839006883112,1,0,1,0,55.0,1538612.3,1655438.5,1784320.6,1784567.7,1821509.5,0.07592958927989849,0.07785375294823703,0.1003184352665472,0,1,0
87,usp00093we,1999-03-05,1999.0,3.0,AK,"50 km WSW of False Pass, Alaska",54.732,-164.166,0.0,4.5,ml,reviewed,aeic,pmr,183,7.1,4.947868852459017,-3.0,29.176781420765025,1,0.0,0.0,0.0,0.0,0.0,0.0,0.0,0.0,39783.1,24920.4,24920.4,363.5,1213.7,884.4,13838.7,0.01458644323526107,0.048703070576716266,0.03548899696634083,0.5553161265469254,0,0,1,1,48.0,40263.7,39783.1,38428.1,40014.4,41904.7,-0.011936309877134952,-0.03405968866176844,0.05332917746480286,3,1,3
88,usp00093xs,1999-03-05,1999.0,3.0,AK,"93 km SE of Akutan, Alaska",53.512,-164.826,33.0,4.8,mb,reviewed,us,us,183,7.1,4.947868852459017,-3.0,29.176781420765025,1,0.0,0.0,0.0,0.0,0.0,0.0,0.0,0.0,39783.1,24920.4,24920.4,363.5,1213.7,884.4,13838.7,0.01458644323526107,0.048703070576716266,0.03548899696634083,0.5553161265469254,0,0,1,0,51.0,40263.7,39783.1,38428.1,40014.4,41904.7,-0.011936309877134952,-0.03405968866176844,0.05332917746480286,3,1,3
89,usp0009463,1999-03-09,1999.0,3.0,OR,"219 km W of Bandon, Oregon",43.454,-127.074,10.0,5.2,mwc,reviewed,us,hrv,183,7.1,4.947868852459017,-3.0,29.176781420765025,1,0.0,0.0,0.0,0.0,0.0,0.0,0.0,0.0,133761.7,107513.2,107513.2,2726.1,5473.1,18438.8,65932.6,0.02535595629187858,0.05090630731854322,0.17150266199871272,0.6132512100839712,0,0,1,1,55.0,130425.1,133761.7,145094.2,144486.5,147432.8,0.025582499074181315,0.08472156080552205,0.10220489123568238,0,1,0
90,usp000947g,1999-03-10,1999.0,3.0,AK,"179 km SSE of Nikolski, Alaska",51.377,-168.226,33.0,4.8,mb,reviewed,us,us,183,7.1,4.947868852459017,-3.0,29.176781420765025,1,0.0,0.0,0.0,0.0,0.0,0.0,0.0,0.0,39783.1,24920.4,24920.4,363.5,1213.7,884.4,13838.7,0.01458644323526107,0.048703070576716266,0.03548899696634083,0.5553161265469254,0,0,1,0,51.0,40263.7,39783.1,38428.1,40014.4,41904.7,-0.011936309877134952,-0.03405968866176844,0.05332917746480286,3,1,3
91,usp00094k4,1999-03-15,1999.0,3.0,AK,"90 km SSW of Sand Point, Alaska",54.555,-160.871,33.0,4.8,mb,reviewed,us,us,183,7.1,4.947868852459017,-3.0,29.176781420765025,1,0.0,0.0,0.0,0.0,0.0,0.0,0.0,0.0,39783.1,24920.4,24920.4,363.5,1213.7,884.4,13838.7,0.01458644323526107,0.048703070576716266,0.03548899696634083,0.5553161265469254,0,0,1,0,51.0,40263.7,39783.1,38428.1,40014.4,41904.7,-0.011936309877134952,-0.03405968866176844,0.05332917746480286,3,1,3
92,usp00094tw,1999-03-20,1999.0,3.0,AK,"22 km NW of Nikolski, Alaska",53.053,-169.132,81.5,4.6,mb,reviewed,us,us,183,7.1,4.947868852459017,-3.0,29.176781420765025,1,0.0,0.0,0.0,0.0,0.0,0.0,0.0,0.0,39783.1,24920.4,24920.4,363.5,1213.7,884.4,13838.7,0.01458644323526107,0.048703070576716266,0.03548899696634083,0.5553161265469254,0,0,0,0,46.0,40263.7,39783.1,38428.1,40014.4,41904.7,-0.011936309877134952,-0.03405968866176844,0.05332917746480286,3,1,3
93,usp00094ud,1999-03-20,1999.0,3.0,AK,"78 km WSW of Adak, Alaska",51.587,-177.668,33.0,6.9,mwc,reviewed,us,hrv,183,7.1,4.947868852459017,-3.0,29.176781420765025,1,0.0,0.0,0.0,0.0,0.0,0.0,0.0,0.0,39783.1,24920.4,24920.4,363.5,1213.7,884.4,13838.7,0.01458644323526107,0.048703070576716266,0.03548899696634083,0.5553161265469254,0,1,1,0,82.0,40263.7,39783.1,38428.1,40014.4,41904.7,-0.011936309877134952,-0.03405968866176844,0.05332917746480286,3,1,3
94,usp0009681,1999-04-13,1999.0,4.0,AK,"127 km S of False Pass, Alaska",53.716,-163.159,33.0,5.1,mwc,reviewed,us,hrv,183,7.1,4.947868852459017,-3.0,29.176781420765025,1,0.0,0.0,0.0,0.0,0.0,0.0,0.0,0.0,39783.1,24920.4,24920.4,363.5,1213.7,884.4,13838.7,0.01458644323526107,0.048703070576716266,0.03548899696634083,0.5553161265469254,0,0,1,0,54.0,40263.7,39783.1,38428.1,40014.4,41904.7,-0.011936309877134952,-0.03405968866176844,0.05332917746480286,3,1,3
95,hv1251379,1999-04-17,1999.0,4.0,HI,"5 km N of P?hala, Hawaii",19.2538333,-155.4875,8.581,5.6,md,reviewed,hv,hv,183,7.1,4.947868852459017,-3.0,29.176781420765025,1,0.0,0.0,0.0,0.0,0.0,0.0,0.0,0.0,59612.1,38970.4,38970.4,360.9,1678.7,802.4,27673.7,0.009260874920452446,0.0430762835382752,0.0205899862459713,0.7101210149241476,0,0,1,1,59.0,58946.1,59612.1,60745.7,60446.4,62355.2,0.011298457404306647,0.019016273541780922,0.04601582564613558,0,1,0
96,ak9994yv09q2,1999-04-18,1999.0,4.0,AK,"17 km WNW of Clam Gulch, Alaska",60.2832,-151.699,54.5,5.2,mw,reviewed,ak,ak,183,7.1,4.947868852459017,-3.0,29.176781420765025,1,0.0,0.0,0.0,0.0,0.0,0.0,0.0,0.0,39783.1,24920.4,24920.4,363.5,1213.7,884.4,13838.7,0.01458644323526107,0.048703070576716266,0.03548899696634083,0.5553161265469254,0,0,1,0,55.0,40263.7,39783.1,38428.1,40014.4,41904.7,-0.011936309877134952,-0.03405968866176844,0.05332917746480286,3,1,3
97,usp000970k,1999-04-28,1999.0,4.0,AK,"141 km S of False Pass, Alaska",53.582,-163.503,33.0,5.3,mwc,reviewed,us,hrv,183,7.1,4.947868852459017,-3.0,29.176781420765025,1,0.0,0.0,0.0,0.0,0.0,0.0,0.0,0.0,39783.1,24920.4,24920.4,363.5,1213.7,884.4,13838.7,0.01458644323526107,0.048703070576716266,0.03548899696634083,0.5553161265469254,0,0,1,0,56.0,40263.7,39783.1,38428.1,40014.4,41904.7,-0.011936309877134952,-0.03405968866176844,0.05332917746480286,3,1,3
98,usp000973x,1999-04-30,1999.0,4.0,AK,"112 km ESE of Akutan, Alaska",53.846,-164.125,52.4,5.0,mwc,reviewed,us,hrv,183,7.1,4.947868852459017,-3.0,29.176781420765025,1,0.0,0.0,0.0,0.0,0.0,0.0,0.0,0.0,39783.1,24920.4,24920.4,363.5,1213.7,884.4,13838.7,0.01458644323526107,0.048703070576716266,0.03548899696634083,0.5553161265469254,0,0,1,0,53.0,40263.7,39783.1,38428.1,40014.4,41904.7,-0.011936309877134952,-0.03405968866176844,0.05332917746480286,3,1,3
99,ak9995sg7kox,1999-05-06,1999.0,5.0,AK,"150 km SSE of Old Harbor, Alaska",55.9298,-152.4648,0.0,5.0,mw,reviewed,ak,ak,183,7.1,4.947868852459017,-3.0,29.176781420765025,1,0.0,0.0,0.0,0.0,0.0,0.0,0.0,0.0,39783.1,24920.4,24920.4,363.5,1213.7,884.4,13838.7,0.01458644323526107,0.048703070576716266,0.03548899696634083,0.5553161265469254,0,0,1,1,53.0,40263.7,39783.1,38428.1,40014.4,41904.7,-0.011936309877134952,-0.03405968866176844,0.05332917746480286,3,1,3
100,ak9995u9o1gr,1999-05-07,1999.0,5.0,AK,"129 km SSE of Old Harbor, Alaska",56.1745,-152.3248,10.0,6.2,mw,reviewed,ak,ak,183,7.1,4.947868852459017,-3.0,29.176781420765025,1,0.0,0.0,0.0,0.0,0.0,0.0,0.0,0.0,39783.1,24920.4,24920.4,363.5,1213.7,884.4,13838.7,0.01458644323526107,0.048703070576716266,0.03548899696634083,0.5553161265469254,0,1,1,1,75.0,40263.7,39783.1,38428.1,40014.4,41904.7,-0.011936309877134952,-0.03405968866176844,0.05332917746480286,3,1,3
101,ak9995udxi6d,1999-05-07,1999.0,5.0,AK,south of Alaska,55.4997,-152.0289,9.7,4.6,mb,reviewed,ak,ak,183,7.1,4.947868852459017,-3.0,29.176781420765025,1,0.0,0.0,0.0,0.0,0.0,0.0,0.0,0.0,39783.1,24920.4,24920.4,363.5,1213.7,884.4,13838.7,0.01458644323526107,0.048703070576716266,0.03548899696634083,0.5553161265469254,0,0,1,1,49.0,40263.7,39783.1,38428.1,40014.4,41904.7,-0.011936309877134952,-0.03405968866176844,0.05332917746480286,3,1,3
102,usp00097h6,1999-05-07,1999.0,5.0,AK,"98 km SSE of Old Harbor, Alaska",56.366,-152.805,10.0,4.7,mb,reviewed,us,us,183,7.1,4.947868852459017,-3.0,29.176781420765025,1,0.0,0.0,0.0,0.0,0.0,0.0,0.0,0.0,39783.1,24920.4,24920.4,363.5,1213.7,884.4,13838.7,0.01458644323526107,0.048703070576716266,0.03548899696634083,0.5553161265469254,0,0,1,1,50.0,40263.7,39783.1,38428.1,40014.4,41904.7,-0.011936309877134952,-0.03405968866176844,0.05332917746480286,3,1,3
103,usp00097ht,1999-05-07,1999.0,5.0,AK,"83 km SSE of Old Harbor, Alaska",56.484,-152.945,10.0,4.6,mb,reviewed,us,us,183,7.1,4.947868852459017,-3.0,29.176781420765025,1,0.0,0.0,0.0,0.0,0.0,0.0,0.0,0.0,39783.1,24920.4,24920.4,363.5,1213.7,884.4,13838.7,0.01458644323526107,0.048703070576716266,0.03548899696634083,0.5553161265469254,0,0,1,1,49.0,40263.7,39783.1,38428.1,40014.4,41904.7,-0.011936309877134952,-0.03405968866176844,0.05332917746480286,3,1,3
104,ci9086596,1999-05-14,1999.0,5.0,CA,"8km SE of Yucca Valley, California",34.062,-116.366,1.036,4.93,ml,reviewed,ci,ci,183,7.1,4.947868852459017,-3.0,29.176781420765025,1,1.0,0.0,4.0,0.0,0.0,0.0,7.0,7.2,1655438.5,1239773.5,1239773.5,17602.9,47735.8,179127.2,839306.7,0.014198480609562957,0.03850364602889157,0.14448381095417834,0.6769839006883112,1,0,1,1,57.3,1538612.3,1655438.5,1784320.6,1784567.7,1821509.5,0.07592958927989849,0.07785375294823703,0.1003184352665472,0,1,0
105,usp000987k,1999-05-18,1999.0,5.0,AK,"143 km SSE of False Pass, Alaska",53.608,-162.825,28.5,4.6,mb,reviewed,aeic,us,183,7.1,4.947868852459017,-3.0,29.176781420765025,1,0.0,0.0,0.0,0.0,0.0,0.0,0.0,0.0,39783.1,24920.4,24920.4,363.5,1213.7,884.4,13838.7,0.01458644323526107,0.048703070576716266,0.03548899696634083,0.5553161265469254,0,0,1,0,49.0,40263.7,39783.1,38428.1,40014.4,41904.7,-0.011936309877134952,-0.03405968866176844,0.05332917746480286,3,1,3
106,usp00098s2,1999-05-25,1999.0,5.0,OR,"236 km W of Bandon, Oregon",43.51,-127.28,10.0,4.6,mb,reviewed,us,us,183,7.1,4.947868852459017,-3.0,29.176781420765025,1,0.0,0.0,0.0,0.0,0.0,0.0,0.0,0.0,133761.7,107513.2,107513.2,2726.1,5473.1,18438.8,65932.6,0.02535595629187858,0.05090630731854322,0.17150266199871272,0.6132512100839712,0,0,1,1,49.0,130425.1,133761.7,145094.2,144486.5,147432.8,0.025582499074181315,0.08472156080552205,0.10220489123568238,0,1,0
107,usp000994c,1999-06-01,1999.0,6.0,OR,"221 km WSW of Pistol River, Oregon",41.723,-126.962,10.0,4.6,mb,reviewed,us,us,183,7.1,4.947868852459017,-3.0,29.176781420765025,1,0.0,0.0,0.0,0.0,0.0,0.0,0.0,0.0,133761.7,107513.2,107513.2,2726.1,5473.1,18438.8,65932.6,0.02535595629187858,0.05090630731854322,0.17150266199871272,0.6132512100839712,0,0,1,1,49.0,130425.1,133761.7,145094.2,144486.5,147432.8,0.025582499074181315,0.08472156080552205,0.10220489123568238,0,1,0
108,usp000998y,1999-06-04,1999.0,6.0,AK,"116 km ESE of Akutan, Alaska",53.859,-164.064,33.0,5.8,mwc,reviewed,us,hrv,183,7.1,4.947868852459017,-3.0,29.176781420765025,1,0.0,0.0,0.0,0.0,0.0,0.0,0.0,0.0,39783.1,24920.4,24920.4,363.5,1213.7,884.4,13838.7,0.01458644323526107,0.048703070576716266,0.03548899696634083,0.5553161265469254,0,0,1,0,61.0,40263.7,39783.1,38428.1,40014.4,41904.7,-0.011936309877134952,-0.03405968866176844,0.05332917746480286,3,1,3
109,usp00099a7,1999-06-05,1999.0,6.0,AK,"128 km ESE of Akutan, Alaska",53.652,-164.003,33.0,4.5,mb,reviewed,us,us,183,7.1,4.947868852459017,-3.0,29.176781420765025,1,0.0,0.0,0.0,0.0,0.0,0.0,0.0,0.0,39783.1,24920.4,24920.4,363.5,1213.7,884.4,13838.7,0.01458644323526107,0.048703070576716266,0.03548899696634083,0.5553161265469254,0,0,1,0,48.0,40263.7,39783.1,38428.1,40014.4,41904.7,-0.011936309877134952,-0.03405968866176844,0.05332917746480286,3,1,3
110,usp00099ax,1999-06-05,1999.0,6.0,AK,"120 km ESE of Akutan, Alaska",53.722,-164.074,33.0,4.7,mb,reviewed,us,us,183,7.1,4.947868852459017,-3.0,29.176781420765025,1,0.0,0.0,0.0,0.0,0.0,0.0,0.0,0.0,39783.1,24920.4,24920.4,363.5,1213.7,884.4,13838.7,0.01458644323526107,0.048703070576716266,0.03548899696634083,0.5553161265469254,0,0,1,0,50.0,40263.7,39783.1,38428.1,40014.4,41904.7,-0.011936309877134952,-0.03405968866176844,0.05332917746480286,3,1,3
111,usp00099mb,1999-06-10,1999.0,6.0,AK,"29 km WNW of Nelson Lagoon, Alaska",56.137,-161.609,172.3,4.7,mb,reviewed,us,us,183,7.1,4.947868852459017,-3.0,29.176781420765025,1,0.0,0.0,0.0,0.0,0.0,0.0,0.0,0.0,39783.1,24920.4,24920.4,363.5,1213.7,884.4,13838.7,0.01458644323526107,0.048703070576716266,0.03548899696634083,0.5553161265469254,0,0,0,0,47.0,40263.7,39783.1,38428.1,40014.4,41904.7,-0.011936309877134952,-0.03405968866176844,0.05332917746480286,3,1,3
112,usp00099r6,1999-06-12,1999.0,6.0,AK,"198 km SSW of Atka, Alaska",50.453,-174.808,34.9,4.5,mb,reviewed,us,us,183,7.1,4.947868852459017,-3.0,29.176781420765025,1,0.0,0.0,0.0,0.0,0.0,0.0,0.0,0.0,39783.1,24920.4,24920.4,363.5,1213.7,884.4,13838.7,0.01458644323526107,0.048703070576716266,0.03548899696634083,0.5553161265469254,0,0,1,0,48.0,40263.7,39783.1,38428.1,40014.4,41904.7,-0.011936309877134952,-0.03405968866176844,0.05332917746480286,3,1,3
113,ak9997mjg6vw,1999-06-15,1999.0,6.0,AK,"57 km NE of Ouzinkie, Alaska",58.2445,-151.7327,2.5,4.6,mb,reviewed,ak,ak,183,7.1,4.947868852459017,-3.0,29.176781420765025,1,0.0,0.0,0.0,0.0,0.0,0.0,0.0,0.0,39783.1,24920.4,24920.4,363.5,1213.7,884.4,13838.7,0.01458644323526107,0.048703070576716266,0.03548899696634083,0.5553161265469254,0,0,1,1,49.0,40263.7,39783.1,38428.1,40014.4,41904.7,-0.011936309877134952,-0.03405968866176844,0.05332917746480286,3,1,3
114,usp0009ajx,1999-06-26,1999.0,6.0,AK,"86 km SSW of Nikolski, Alaska",52.202,-169.264,33.0,4.6,mb,reviewed,us,us,183,7.1,4.947868852459017,-3.0,29.176781420765025,1,0.0,0.0,0.0,0.0,0.0,0.0,0.0,0.0,39783.1,24920.4,24920.4,363.5,1213.7,884.4,13838.7,0.01458644323526107,0.048703070576716266,0.03548899696634083,0.5553161265469254,0,0,1,0,49.0,40263.7,39783.1,38428.1,40014.4,41904.7,-0.011936309877134952,-0.03405968866176844,0.05332917746480286,3,1,3
115,ak9998gjyy4w,1999-07-03,1999.0,7.0,AK,"19 km W of Point MacKenzie, Alaska",61.3606,-150.3421,47.2,4.8,mw,reviewed,ak,ak,183,7.1,4.947868852459017,-3.0,29.176781420765025,1,0.0,0.0,0.0,0.0,0.0,0.0,0.0,0.0,39783.1,24920.4,24920.4,363.5,1213.7,884.4,13838.7,0.01458644323526107,0.048703070576716266,0.03548899696634083,0.5553161265469254,0,0,1,0,51.0,40263.7,39783.1,38428.1,40014.4,41904.7,-0.011936309877134952,-0.03405968866176844,0.05332917746480286,3,1,3
116,uw10474303,1999-07-03,1999.0,7.0,WA,"8 km N of Satsop, Washington",47.074,-123.4636667,40.014,5.8,md,reviewed,uw,uw,183,7.1,4.947868852459017,-3.0,29.176781420765025,1,0.0,0.0,0.0,0.0,0.0,0.0,0.0,0.0,322721.6,229678.9,229678.9,3561.2,10057.7,33046.7,151684.0,0.015505124763310865,0.043790265453204455,0.14388217637754272,0.6604176526446269,0,0,1,0,61.0,299817.0,322721.6,325857.6,317860.6,321977.1,0.07639526778001239,0.009717353905037656,-0.002306941958641752,0,1,0
117,ak9999bta5sb,1999-07-22,1999.0,7.0,AK,"13 km ESE of Eagle River, Alaska",61.2907,-149.318,39.0,5.3,mw,reviewed,ak,ak,183,7.1,4.947868852459017,-3.0,29.176781420765025,1,0.0,0.0,0.0,0.0,0.0,0.0,0.0,0.0,39783.1,24920.4,24920.4,363.5,1213.7,884.4,13838.7,0.01458644323526107,0.048703070576716266,0.03548899696634083,0.5553161265469254,0,0,1,0,56.0,40263.7,39783.1,38428.1,40014.4,41904.7,-0.011936309877134952,-0.03405968866176844,0.05332917746480286,3,1,3
118,nc21037384,1999-07-24,1999.0,7.0,CA,"75 km WSW of Ferndale, California",40.3856667,-125.1216667,6.237,4.6,mw,reviewed,nc,nc,183,7.1,4.947868852459017,-3.0,29.176781420765025,1,1.0,0.0,4.0,0.0,0.0,0.0,7.0,7.2,1655438.5,1239773.5,1239773.5,17602.9,47735.8,179127.2,839306.7,0.014198480609562957,0.03850364602889157,0.14448381095417834,0.6769839006883112,1,0,1,1,54.0,1538612.3,1655438.5,1784320.6,1784567.7,1821509.5,0.07592958927989849,0.07785375294823703,0.1003184352665472,0,1,0
119,usp0009c5s,1999-07-27,1999.0,7.0,AK,"15 km ESE of Akutan, Alaska",54.059,-165.58,63.0,4.5,mb,reviewed,us,us,183,7.1,4.947868852459017,-3.0,29.176781420765025,1,0.0,0.0,0.0,0.0,0.0,0.0,0.0,0.0,39783.1,24920.4,24920.4,363.5,1213.7,884.4,13838.7,0.01458644323526107,0.048703070576716266,0.03548899696634083,0.5553161265469254,0,0,1,0,48.0,40263.7,39783.1,38428.1,40014.4,41904.7,-0.011936309877134952,-0.03405968866176844,0.05332917746480286,3,1,3
120,usp0009cep,1999-08-01,1999.0,8.0,NV,"43 km SSE of Goldfield, Nevada",37.351,-117.043,5.0,4.7,mb,reviewed,us,us,183,7.1,4.947868852459017,-3.0,29.176781420765025,1,0.0,0.0,0.0,0.0,0.0,0.0,0.0,0.0,110091.0,71825.3,71825.3,181.3,6780.0,2611.6,53432.1,0.002524180198342367,0.09439570736216904,0.03636044680634818,0.7439175332368956,0,0,1,1,50.0,102779.4,110091.0,114810.2,116267.3,120180.1,0.07113876905294257,0.042866356014569736,0.09164327692545263,0,1,0
121,usp0009cey,1999-08-01,1999.0,8.0,AK,"43 km SSW of Nikolski, Alaska",52.558,-169.011,33.0,4.6,mb,reviewed,us,us,183,7.1,4.947868852459017,-3.0,29.176781420765025,1,0.0,0.0,0.0,0.0,0.0,0.0,0.0,0.0,39783.1,24920.4,24920.4,363.5,1213.7,884.4,13838.7,0.01458644323526107,0.048703070576716266,0.03548899696634083,0.5553161265469254,0,0,1,0,49.0,40263.7,39783.1,38428.1,40014.4,41904.7,-0.011936309877134952,-0.03405968866176844,0.05332917746480286,3,1,3
122,usp0009cq7,1999-08-06,1999.0,8.0,AK,"107 km SW of Adak, Alaska",51.183,-177.709,33.0,4.5,mb,reviewed,us,us,183,7.1,4.947868852459017,-3.0,29.176781420765025,1,0.0,0.0,0.0,0.0,0.0,0.0,0.0,0.0,39783.1,24920.4,24920.4,363.5,1213.7,884.4,13838.7,0.01458644323526107,0.048703070576716266,0.03548899696634083,0.5553161265469254,0,0,1,0,48.0,40263.7,39783.1,38428.1,40014.4,41904.7,-0.011936309877134952,-0.03405968866176844,0.05332917746480286,3,1,3
123,usp0009csn,1999-08-08,1999.0,8.0,CA,"258 km W of Ferndale, California",41.069,-127.257,10.0,4.8,mb,reviewed,us,us,183,7.1,4.947868852459017,-3.0,29.176781420765025,1,1.0,0.0,4.0,0.0,0.0,0.0,7.0,7.2,1655438.5,1239773.5,1239773.5,17602.9,47735.8,179127.2,839306.7,0.014198480609562957,0.03850364602889157,0.14448381095417834,0.6769839006883112,1,0,1,1,56.0,1538612.3,1655438.5,1784320.6,1784567.7,1821509.5,0.07592958927989849,0.07785375294823703,0.1003184352665472,0,1,0
124,usp0009cxz,1999-08-12,1999.0,8.0,AK,"244 km SE of Atka, Alaska",50.583,-171.822,33.0,5.1,mb,reviewed,us,us,183,7.1,4.947868852459017,-3.0,29.176781420765025,1,0.0,0.0,0.0,0.0,0.0,0.0,0.0,0.0,39783.1,24920.4,24920.4,363.5,1213.7,884.4,13838.7,0.01458644323526107,0.048703070576716266,0.03548899696634083,0.5553161265469254,0,0,1,0,54.0,40263.7,39783.1,38428.1,40014.4,41904.7,-0.011936309877134952,-0.03405968866176844,0.05332917746480286,3,1,3
125,usp0009cyw,1999-08-13,1999.0,8.0,AK,"106 km SSW of Nikolski, Alaska",52.05,-169.453,33.0,5.1,mwc,reviewed,us,hrv,183,7.1,4.947868852459017,-3.0,29.176781420765025,1,0.0,0.0,0.0,0.0,0.0,0.0,0.0,0.0,39783.1,24920.4,24920.4,363.5,1213.7,884.4,13838.7,0.01458644323526107,0.048703070576716266,0.03548899696634083,0.5553161265469254,0,0,1,0,54.0,40263.7,39783.1,38428.1,40014.4,41904.7,-0.011936309877134952,-0.03405968866176844,0.05332917746480286,3,1,3
126,usp0009d7r,1999-08-17,1999.0,8.0,AK,"47 km S of Sand Point, Alaska",54.92,-160.36,27.7,4.5,mb,reviewed,aeic,us,183,7.1,4.947868852459017,-3.0,29.176781420765025,1,0.0,0.0,0.0,0.0,0.0,0.0,0.0,0.0,39783.1,24920.4,24920.4,363.5,1213.7,884.4,13838.7,0.01458644323526107,0.048703070576716266,0.03548899696634083,0.5553161265469254,0,0,1,0,48.0,40263.7,39783.1,38428.1,40014.4,41904.7,-0.011936309877134952,-0.03405968866176844,0.05332917746480286,3,1,3
127,nc21044694,1999-08-18,1999.0,8.0,CA,"0 km S of Bolinas, California",37.9073333,-122.6865,7.659,4.6,mw,reviewed,nc,nc,183,7.1,4.947868852459017,-3.0,29.176781420765025,1,1.0,0.0,4.0,0.0,0.0,0.0,7.0,7.2,1655438.5,1239773.5,1239773.5,17602.9,47735.8,179127.2,839306.7,0.014198480609562957,0.03850364602889157,0.14448381095417834,0.6769839006883112,1,0,1,1,54.0,1538612.3,1655438.5,1784320.6,1784567.7,1821509.5,0.07592958927989849,0.07785375294823703,0.1003184352665472,0,1,0
128,usp0009dcx,1999-08-20,1999.0,8.0,MT,"22 km NW of Lima, Montana",44.785,-112.788,16.0,5.1,mb,reviewed,but,us,183,7.1,4.947868852459017,-3.0,29.176781420765025,1,0.0,0.0,0.0,0.0,0.0,0.0,0.0,0.0,31633.4,20815.1,20815.1,746.7,1203.4,1352.3,13290.2,0.03587299604613959,0.05781379863656673,0.06496725934537907,0.6384884050521017,0,0,1,1,54.0,31456.1,31633.4,32513.7,32689.6,33663.8,0.005636426639030361,0.027828181605518195,0.0641853231078544,0,1,0
129,ak999auftqke,1999-08-24,1999.0,8.0,AK,"109 km ENE of Chignik, Alaska",56.5346,-156.6891,26.6,4.7,mb,reviewed,ak,ak,183,7.1,4.947868852459017,-3.0,29.176781420765025,1,0.0,0.0,0.0,0.0,0.0,0.0,0.0,0.0,39783.1,24920.4,24920.4,363.5,1213.7,884.4,13838.7,0.01458644323526107,0.048703070576716266,0.03548899696634083,0.5553161265469254,0,0,1,0,50.0,40263.7,39783.1,38428.1,40014.4,41904.7,-0.011936309877134952,-0.03405968866176844,0.05332917746480286,3,1,3
130,usp0009dvn,1999-08-31,1999.0,8.0,AK,"82 km W of Nikolski, Alaska",52.856,-170.075,33.0,4.6,mb,reviewed,us,us,183,7.1,4.947868852459017,-3.0,29.176781420765025,1,0.0,0.0,0.0,0.0,0.0,0.0,0.0,0.0,39783.1,24920.4,24920.4,363.5,1213.7,884.4,13838.7,0.01458644323526107,0.048703070576716266,0.03548899696634083,0.5553161265469254,0,0,1,0,49.0,40263.7,39783.1,38428.1,40014.4,41904.7,-0.011936309877134952,-0.03405968866176844,0.05332917746480286,3,1,3
131,usp0009e28,1999-09-05,1999.0,9.0,AK,"78 km N of Adak, Alaska",52.576,-176.621,229.5,4.5,mb,reviewed,us,us,183,7.1,4.947868852459017,-3.0,29.176781420765025,1,0.0,0.0,0.0,0.0,0.0,0.0,0.0,0.0,39783.1,24920.4,24920.4,363.5,1213.7,884.4,13838.7,0.01458644323526107,0.048703070576716266,0.03548899696634083,0.5553161265469254,0,0,0,0,45.0,40263.7,39783.1,38428.1,40014.4,41904.7,-0.011936309877134952,-0.03405968866176844,0.05332917746480286,3,1,3
132,usp0009ee2,1999-09-14,1999.0,9.0,AK,"107 km SSW of Nikolski, Alaska",52.079,-169.569,33.0,4.6,mb,reviewed,us,us,183,7.1,4.947868852459017,-3.0,29.176781420765025,1,0.0,0.0,0.0,0.0,0.0,0.0,0.0,0.0,39783.1,24920.4,24920.4,363.5,1213.7,884.4,13838.7,0.01458644323526107,0.048703070576716266,0.03548899696634083,0.5553161265469254,0,0,1,0,49.0,40263.7,39783.1,38428.1,40014.4,41904.7,-0.011936309877134952,-0.03405968866176844,0.05332917746480286,3,1,3
133,usp0009f4c,1999-09-27,1999.0,9.0,AK,"49 km ESE of Unalaska, Alaska",53.637,-165.892,61.2,4.7,mb,reviewed,us,us,183,7.1,4.947868852459017,-3.0,29.176781420765025,1,0.0,0.0,0.0,0.0,0.0,0.0,0.0,0.0,39783.1,24920.4,24920.4,363.5,1213.7,884.4,13838.7,0.01458644323526107,0.048703070576716266,0.03548899696634083,0.5553161265469254,0,0,1,0,50.0,40263.7,39783.1,38428.1,40014.4,41904.7,-0.011936309877134952,-0.03405968866176844,0.05332917746480286,3,1,3
134,usp0009fhz,1999-10-07,1999.0,10.0,AK,"85 km WNW of Adak, Alaska",52.243,-177.72,148.9,5.5,mwc,reviewed,us,hrv,183,7.1,4.947868852459017,-3.0,29.176781420765025,1,0.0,0.0,0.0,0.0,0.0,0.0,0.0,0.0,39783.1,24920.4,24920.4,363.5,1213.7,884.4,13838.7,0.01458644323526107,0.048703070576716266,0.03548899696634083,0.5553161265469254,0,0,0,0,55.0,40263.7,39783.1,38428.1,40014.4,41904.7,-0.011936309877134952,-0.03405968866176844,0.05332917746480286,3,1,3
135,usp0009fs9,1999-10-13,1999.0,10.0,AK,"85 km ESE of King Cove, Alaska",54.657,-161.189,30.0,6.4,mwc,reviewed,us,hrv,183,7.1,4.947868852459017,-3.0,29.176781420765025,1,0.0,0.0,0.0,0.0,0.0,0.0,0.0,0.0,39783.1,24920.4,24920.4,363.5,1213.7,884.4,13838.7,0.01458644323526107,0.048703070576716266,0.03548899696634083,0.5553161265469254,0,1,1,0,77.0,40263.7,39783.1,38428.1,40014.4,41904.7,-0.011936309877134952,-0.03405968866176844,0.05332917746480286,3,1,3
136,ci3320736,1999-10-16,1999.0,10.0,CA,"32km SSW of Ludlow, California",34.4415,-116.2525,0.838,5.37,mw,reviewed,ci,ci,183,7.1,4.947868852459017,-3.0,29.176781420765025,1,1.0,0.0,4.0,0.0,0.0,0.0,7.0,7.2,1655438.5,1239773.5,1239773.5,17602.9,47735.8,179127.2,839306.7,0.014198480609562957,0.03850364602889157,0.14448381095417834,0.6769839006883112,1,0,1,1,61.7,1538612.3,1655438.5,1784320.6,1784567.7,1821509.5,0.07592958927989849,0.07785375294823703,0.1003184352665472,0,1,0
137,ci3327063,1999-10-16,1999.0,10.0,CA,"13km W of Niland, California",33.232,-115.66,6.035,4.7,mh,reviewed,ci,ci,183,7.1,4.947868852459017,-3.0,29.176781420765025,1,1.0,0.0,4.0,0.0,0.0,0.0,7.0,7.2,1655438.5,1239773.5,1239773.5,17602.9,47735.8,179127.2,839306.7,0.014198480609562957,0.03850364602889157,0.14448381095417834,0.6769839006883112,1,0,1,1,55.0,1538612.3,1655438.5,1784320.6,1784567.7,1821509.5,0.07592958927989849,0.07785375294823703,0.1003184352665472,0,1,0
138,ci9108652,1999-10-16,1999.0,10.0,CA,"The 1999 Hector Mine, California Earthquake",34.6033333,-116.265,13.73,7.1,mw,reviewed,ci,ci,183,7.1,4.947868852459017,-3.0,29.176781420765025,1,1.0,0.0,4.0,0.0,0.0,0.0,7.0,7.2,1655438.5,1239773.5,1239773.5,17602.9,47735.8,179127.2,839306.7,0.014198480609562957,0.03850364602889157,0.14448381095417834,0.6769839006883112,1,1,1,1,89.0,1538612.3,1655438.5,1784320.6,1784567.7,1821509.5,0.07592958927989849,0.07785375294823703,0.1003184352665472,0,1,0
139,ci3320884,1999-10-21,1999.0,10.0,CA,"27km NW of Ludlow, California",34.863,-116.395,2.531,4.51,mw,reviewed,ci,ci,183,7.1,4.947868852459017,-3.0,29.176781420765025,1,1.0,0.0,4.0,0.0,0.0,0.0,7.0,7.2,1655438.5,1239773.5,1239773.5,17602.9,47735.8,179127.2,839306.7,0.014198480609562957,0.03850364602889157,0.14448381095417834,0.6769839006883112,1,0,1,1,53.099999999999994,1538612.3,1655438.5,1784320.6,1784567.7,1821509.5,0.07592958927989849,0.07785375294823703,0.1003184352665472,0,1,0
140,usp0009gmd,1999-10-26,1999.0,10.0,AK,"91 km SSW of Sand Point, Alaska",54.583,-161.073,33.0,4.9,mb,reviewed,us,us,183,7.1,4.947868852459017,-3.0,29.176781420765025,1,0.0,0.0,0.0,0.0,0.0,0.0,0.0,0.0,39783.1,24920.4,24920.4,363.5,1213.7,884.4,13838.7,0.01458644323526107,0.048703070576716266,0.03548899696634083,0.5553161265469254,0,0,1,0,52.0,40263.7,39783.1,38428.1,40014.4,41904.7,-0.011936309877134952,-0.03405968866176844,0.05332917746480286,3,1,3
141,ak999du1peop,1999-10-28,1999.0,10.0,AK,"76 km WSW of Karluk, Alaska",57.2091,-155.5369,34.6,4.5,mb,reviewed,ak,ak,183,7.1,4.947868852459017,-3.0,29.176781420765025,1,0.0,0.0,0.0,0.0,0.0,0.0,0.0,0.0,39783.1,24920.4,24920.4,363.5,1213.7,884.4,13838.7,0.01458644323526107,0.048703070576716266,0.03548899696634083,0.5553161265469254,0,0,1,0,48.0,40263.7,39783.1,38428.1,40014.4,41904.7,-0.011936309877134952,-0.03405968866176844,0.05332917746480286,3,1,3
142,usp0009he0,1999-11-12,1999.0,11.0,AK,"124 km S of False Pass, Alaska",53.741,-163.634,33.0,4.6,mb,reviewed,us,us,183,7.1,4.947868852459017,-3.0,29.176781420765025,1,0.0,0.0,0.0,0.0,0.0,0.0,0.0,0.0,39783.1,24920.4,24920.4,363.5,1213.7,884.4,13838.7,0.01458644323526107,0.048703070576716266,0.03548899696634083,0.5553161265469254,0,0,1,0,49.0,40263.7,39783.1,38428.1,40014.4,41904.7,-0.011936309877134952,-0.03405968866176844,0.05332917746480286,3,1,3
143,ak999fmohlzt,1999-12-06,1999.0,12.0,AK,"26 km SSE of Karluk, Alaska",57.3424,-154.3469,43.6,7.0,mw,reviewed,ak,ak,183,7.1,4.947868852459017,-3.0,29.176781420765025,1,0.0,0.0,0.0,0.0,0.0,0.0,0.0,0.0,39783.1,24920.4,24920.4,363.5,1213.7,884.4,13838.7,0.01458644323526107,0.048703070576716266,0.03548899696634083,0.5553161265469254,0,1,1,0,83.0,40263.7,39783.1,38428.1,40014.4,41904.7,-0.011936309877134952,-0.03405968866176844,0.05332917746480286,3,1,3
144,ak999fmojt06,1999-12-06,1999.0,12.0,AK,"33 km N of Akhiok, Alaska",57.2436,-154.1458,41.5,5.3,ml,reviewed,ak,ak,183,7.1,4.947868852459017,-3.0,29.176781420765025,1,0.0,0.0,0.0,0.0,0.0,0.0,0.0,0.0,39783.1,24920.4,24920.4,363.5,1213.7,884.4,13838.7,0.01458644323526107,0.048703070576716266,0.03548899696634083,0.5553161265469254,0,0,1,0,56.0,40263.7,39783.1,38428.1,40014.4,41904.7,-0.011936309877134952,-0.03405968866176844,0.05332917746480286,3,1,3
145,ak999fnyi740,1999-12-07,1999.0,12.0,AK,"30 km NNW of Akhiok, Alaska",57.2073,-154.3048,40.0,4.5,ml,reviewed,ak,ak,183,7.1,4.947868852459017,-3.0,29.176781420765025,1,0.0,0.0,0.0,0.0,0.0,0.0,0.0,0.0,39783.1,24920.4,24920.4,363.5,1213.7,884.4,13838.7,0.01458644323526107,0.048703070576716266,0.03548899696634083,0.5553161265469254,0,0,1,0,48.0,40263.7,39783.1,38428.1,40014.4,41904.7,-0.011936309877134952,-0.03405968866176844,0.05332917746480286,3,1,3
146,usp0009jr2,1999-12-11,1999.0,12.0,AK,"167 km ENE of Atka, Alaska",52.947,-172.053,142.0,4.6,mb,reviewed,us,us,183,7.1,4.947868852459017,-3.0,29.176781420765025,1,0.0,0.0,0.0,0.0,0.0,0.0,0.0,0.0,39783.1,24920.4,24920.4,363.5,1213.7,884.4,13838.7,0.01458644323526107,0.048703070576716266,0.03548899696634083,0.5553161265469254,0,0,0,0,46.0,40263.7,39783.1,38428.1,40014.4,41904.7,-0.011936309877134952,-0.03405968866176844,0.05332917746480286,3,1,3
147,usp0009jwh,1999-12-15,1999.0,12.0,AK,"91 km SE of King Cove, Alaska",54.573,-161.168,68.0,4.9,mb,reviewed,us,us,183,7.1,4.947868852459017,-3.0,29.176781420765025,1,0.0,0.0,0.0,0.0,0.0,0.0,0.0,0.0,39783.1,24920.4,24920.4,363.5,1213.7,884.4,13838.7,0.01458644323526107,0.048703070576716266,0.03548899696634083,0.5553161265469254,0,0,1,0,52.0,40263.7,39783.1,38428.1,40014.4,41904.7,-0.011936309877134952,-0.03405968866176844,0.05332917746480286,3,1,3
148,usp0009jxm,1999-12-16,1999.0,12.0,AK,"98 km SSW of Sand Point, Alaska",54.506,-161.039,33.0,5.6,mwc,reviewed,us,hrv,183,7.1,4.947868852459017,-3.0,29.176781420765025,1,0.0,0.0,0.0,0.0,0.0,0.0,0.0,0.0,39783.1,24920.4,24920.4,363.5,1213.7,884.4,13838.7,0.01458644323526107,0.048703070576716266,0.03548899696634083,0.5553161265469254,0,0,1,0,59.0,40263.7,39783.1,38428.1,40014.4,41904.7,-0.011936309877134952,-0.03405968866176844,0.05332917746480286,3,1,3
149,usp0009kng,2000-01-02,2000.0,1.0,AK,"88 km ESE of Adak, Alaska",51.447,-175.558,33.0,5.8,mwc,reviewed,us,hrv,162,6.5,4.957037037037037,0.0,40.14596913580247,1,0.0,0.0,0.0,0.0,0.0,0.0,0.0,0.0,38428.1,26934.0,26934.0,414.3,1276.3,829.9,14332.4,0.015382044998886167,0.04738620331179921,0.030812356129798768,0.5321303928120591,0,0,1,0,61.0,39783.1,38428.1,40014.4,41904.7,41235.0,-0.03405968866176844,0.04127968856123521,0.07304290350030321,1,1,1
150,usp0009knz,2000-01-02,2000.0,1.0,AK,"87 km ESE of Adak, Alaska",51.499,-175.52,33.0,5.2,mwc,reviewed,us,hrv,162,6.5,4.957037037037037,0.0,40.14596913580247,1,0.0,0.0,0.0,0.0,0.0,0.0,0.0,0.0,38428.1,26934.0,26934.0,414.3,1276.3,829.9,14332.4,0.015382044998886167,0.04738620331179921,0.030812356129798768,0.5321303928120591,0,0,1,0,55.0,39783.1,38428.1,40014.4,41904.7,41235.0,-0.03405968866176844,0.04127968856123521,0.07304290350030321,1,1,1
151,nc21076750,2000-01-11,2000.0,1.0,CA,"6 km N of Geyserville, California",38.7693333,-122.9138333,5.77,4.59,mw,reviewed,nc,nc,162,6.5,4.957037037037037,0.0,40.14596913580247,1,1.0,0.0,41.0,50.0,0.0,0.0,7.0,5.0,1784320.6,1354791.3,1354791.3,18152.9,54549.0,205903.1,904467.5,0.013399037918238772,0.04026376608707186,0.15198141588302197,0.6676065162213545,1,0,1,1,53.9,1655438.5,1784320.6,1784567.7,1821509.5,1895287.6,0.07785375294823703,0.00013848408184037123,0.06219005710072506,0,1,0
152,ak000qp1inz,2000-01-16,2000.0,1.0,AK,"24 km SW of Larsen Bay, Alaska",57.3703,-154.2451,41.6,5.2,mw,reviewed,ak,ak,162,6.5,4.957037037037037,0.0,40.14596913580247,1,0.0,0.0,0.0,0.0,0.0,0.0,0.0,0.0,38428.1,26934.0,26934.0,414.3,1276.3,829.9,14332.4,0.015382044998886167,0.04738620331179921,0.030812356129798768,0.5321303928120591,0,0,1,0,55.0,39783.1,38428.1,40014.4,41904.7,41235.0,-0.03405968866176844,0.04127968856123521,0.07304290350030321,1,1,1
153,usp0009md7,2000-01-20,2000.0,1.0,AK,"80 km NNW of Nelson Lagoon, Alaska",56.618,-161.869,220.8,5.8,mwb,reviewed,us,us,162,6.5,4.957037037037037,0.0,40.14596913580247,1,0.0,0.0,0.0,0.0,0.0,0.0,0.0,0.0,38428.1,26934.0,26934.0,414.3,1276.3,829.9,14332.4,0.015382044998886167,0.04738620331179921,0.030812356129798768,0.5321303928120591,0,0,0,0,58.0,39783.1,38428.1,40014.4,41904.7,41235.0,-0.03405968866176844,0.04127968856123521,0.07304290350030321,1,1,1
154,ak000126digo,2000-01-23,2000.0,1.0,AK,"190 km E of Chiniak, Alaska",57.5699,-149.0911,27.8,5.5,mw,reviewed,ak,ak,162,6.5,4.957037037037037,0.0,40.14596913580247,1,0.0,0.0,0.0,0.0,0.0,0.0,0.0,0.0,38428.1,26934.0,26934.0,414.3,1276.3,829.9,14332.4,0.015382044998886167,0.04738620331179921,0.030812356129798768,0.5321303928120591,0,0,1,0,58.0,39783.1,38428.1,40014.4,41904.7,41235.0,-0.03405968866176844,0.04127968856123521,0.07304290350030321,1,1,1
155,usp0009mtz,2000-01-29,2000.0,1.0,AK,"66 km ENE of Adak, Alaska",52.148,-175.778,101.6,4.6,mb,reviewed,us,us,162,6.5,4.957037037037037,0.0,40.14596913580247,1,0.0,0.0,0.0,0.0,0.0,0.0,0.0,0.0,38428.1,26934.0,26934.0,414.3,1276.3,829.9,14332.4,0.015382044998886167,0.04738620331179921,0.030812356129798768,0.5321303928120591,0,0,0,0,46.0,39783.1,38428.1,40014.4,41904.7,41235.0,-0.03405968866176844,0.04127968856123521,0.07304290350030321,1,1,1
156,usp0009mwm,2000-01-31,2000.0,1.0,AK,"174 km W of Adak, Alaska",51.858,-179.171,102.2,4.6,mb,reviewed,us,us,162,6.5,4.957037037037037,0.0,40.14596913580247,1,0.0,0.0,0.0,0.0,0.0,0.0,0.0,0.0,38428.1,26934.0,26934.0,414.3,1276.3,829.9,14332.4,0.015382044998886167,0.04738620331179921,0.030812356129798768,0.5321303928120591,0,0,0,0,46.0,39783.1,38428.1,40014.4,41904.7,41235.0,-0.03405968866176844,0.04127968856123521,0.07304290350030321,1,1,1
157,ak0001kedehd,2000-02-03,2000.0,2.0,AK,northern Alaska,65.0087,-154.239,10.0,5.6,mw,reviewed,ak,ak,162,6.5,4.957037037037037,0.0,40.14596913580247,1,0.0,0.0,0.0,0.0,0.0,0.0,0.0,0.0,38428.1,26934.0,26934.0,414.3,1276.3,829.9,14332.4,0.015382044998886167,0.04738620331179921,0.030812356129798768,0.5321303928120591,0,0,1,1,59.0,39783.1,38428.1,40014.4,41904.7,41235.0,-0.03405968866176844,0.04127968856123521,0.07304290350030321,1,1,1
158,usp0009n15,2000-02-04,2000.0,2.0,AK,"243 km SW of Adak, Alaska",50.159,-178.797,33.0,4.6,mb,reviewed,us,us,162,6.5,4.957037037037037,0.0,40.14596913580247,1,0.0,0.0,0.0,0.0,0.0,0.0,0.0,0.0,38428.1,26934.0,26934.0,414.3,1276.3,829.9,14332.4,0.015382044998886167,0.04738620331179921,0.030812356129798768,0.5321303928120591,0,0,1,0,49.0,39783.1,38428.1,40014.4,41904.7,41235.0,-0.03405968866176844,0.04127968856123521,0.07304290350030321,1,1,1
159,usp0009n7m,2000-02-08,2000.0,2.0,AK,"45 km SE of Adak, Alaska",51.537,-176.259,59.1,4.8,mb,reviewed,us,us,162,6.5,4.957037037037037,0.0,40.14596913580247,1,0.0,0.0,0.0,0.0,0.0,0.0,0.0,0.0,38428.1,26934.0,26934.0,414.3,1276.3,829.9,14332.4,0.015382044998886167,0.04738620331179921,0.030812356129798768,0.5321303928120591,0,0,1,0,51.0,39783.1,38428.1,40014.4,41904.7,41235.0,-0.03405968866176844,0.04127968856123521,0.07304290350030321,1,1,1
160,usp0009nwp,2000-02-24,2000.0,2.0,AK,"129 km WSW of Adak, Alaska",51.459,-178.379,50.2,5.1,mwc,reviewed,us,hrv,162,6.5,4.957037037037037,0.0,40.14596913580247,1,0.0,0.0,0.0,0.0,0.0,0.0,0.0,0.0,38428.1,26934.0,26934.0,414.3,1276.3,829.9,14332.4,0.015382044998886167,0.04738620331179921,0.030812356129798768,0.5321303928120591,0,0,1,0,54.0,39783.1,38428.1,40014.4,41904.7,41235.0,-0.03405968866176844,0.04127968856123521,0.07304290350030321,1,1,1
161,usp0009nz4,2000-02-26,2000.0,2.0,AK,"99 km SE of King Cove, Alaska",54.495,-161.124,33.0,4.8,mb,reviewed,us,us,162,6.5,4.957037037037037,0.0,40.14596913580247,1,0.0,0.0,0.0,0.0,0.0,0.0,0.0,0.0,38428.1,26934.0,26934.0,414.3,1276.3,829.9,14332.4,0.015382044998886167,0.04738620331179921,0.030812356129798768,0.5321303928120591,0,0,1,0,51.0,39783.1,38428.1,40014.4,41904.7,41235.0,-0.03405968866176844,0.04127968856123521,0.07304290350030321,1,1,1
162,usp0009p02,2000-02-26,2000.0,2.0,AK,"71 km SE of King Cove, Alaska",54.556,-161.625,56.7,4.7,mb,reviewed,us,us,162,6.5,4.957037037037037,0.0,40.14596913580247,1,0.0,0.0,0.0,0.0,0.0,0.0,0.0,0.0,38428.1,26934.0,26934.0,414.3,1276.3,829.9,14332.4,0.015382044998886167,0.04738620331179921,0.030812356129798768,0.5321303928120591,0,0,1,0,50.0,39783.1,38428.1,40014.4,41904.7,41235.0,-0.03405968866176844,0.04127968856123521,0.07304290350030321,1,1,1
163,ak0002nyhqq3,2000-02-27,2000.0,2.0,AK,"39 km SSW of Cordova, Alaska",60.2025,-145.9216,18.1,5.0,mw,reviewed,ak,ak,162,6.5,4.957037037037037,0.0,40.14596913580247,1,0.0,0.0,0.0,0.0,0.0,0.0,0.0,0.0,38428.1,26934.0,26934.0,414.3,1276.3,829.9,14332.4,0.015382044998886167,0.04738620331179921,0.030812356129798768,0.5321303928120591,0,0,1,1,53.0,39783.1,38428.1,40014.4,41904.7,41235.0,-0.03405968866176844,0.04127968856123521,0.07304290350030321,1,1,1
164,ak0002t9i8pq,2000-03-01,2000.0,3.0,AK,"40 km S of Cordova, Alaska",60.1896,-145.9005,10.0,5.4,mw,reviewed,ak,ak,162,6.5,4.957037037037037,0.0,40.14596913580247,1,0.0,0.0,0.0,0.0,0.0,0.0,0.0,0.0,38428.1,26934.0,26934.0,414.3,1276.3,829.9,14332.4,0.015382044998886167,0.04738620331179921,0.030812356129798768,0.5321303928120591,0,0,1,1,57.0,39783.1,38428.1,40014.4,41904.7,41235.0,-0.03405968866176844,0.04127968856123521,0.07304290350030321,1,1,1
165,ak00034p02su,2000-03-08,2000.0,3.0,AK,"27 km SW of Larsen Bay, Alaska",57.341,-154.2517,39.5,5.4,mw,reviewed,ak,ak,162,6.5,4.957037037037037,0.0,40.14596913580247,1,0.0,0.0,0.0,0.0,0.0,0.0,0.0,0.0,38428.1,26934.0,26934.0,414.3,1276.3,829.9,14332.4,0.015382044998886167,0.04738620331179921,0.030812356129798768,0.5321303928120591,0,0,1,0,57.0,39783.1,38428.1,40014.4,41904.7,41235.0,-0.03405968866176844,0.04127968856123521,0.07304290350030321,1,1,1
166,ak0003htw989,2000-03-16,2000.0,3.0,AK,"5 km NE of Point MacKenzie, Alaska",61.3927,-149.8951,39.0,5.0,mw,reviewed,ak,ak,162,6.5,4.957037037037037,0.0,40.14596913580247,1,0.0,0.0,0.0,0.0,0.0,0.0,0.0,0.0,38428.1,26934.0,26934.0,414.3,1276.3,829.9,14332.4,0.015382044998886167,0.04738620331179921,0.030812356129798768,0.5321303928120591,0,0,1,0,53.0,39783.1,38428.1,40014.4,41904.7,41235.0,-0.03405968866176844,0.04127968856123521,0.07304290350030321,1,1,1
167,ak0003i1khi9,2000-03-16,2000.0,3.0,AK,"13 km S of Womens Bay, Alaska",57.5586,-152.6298,1.0,4.7,mb,reviewed,ak,ak,162,6.5,4.957037037037037,0.0,40.14596913580247,1,0.0,0.0,0.0,0.0,0.0,0.0,0.0,0.0,38428.1,26934.0,26934.0,414.3,1276.3,829.9,14332.4,0.015382044998886167,0.04738620331179921,0.030812356129798768,0.5321303928120591,0,0,1,1,50.0,39783.1,38428.1,40014.4,41904.7,41235.0,-0.03405968866176844,0.04127968856123521,0.07304290350030321,1,1,1
168,nc21086915,2000-03-16,2000.0,3.0,CA,"85 km WSW of Ferndale, California",40.3886667,-125.2385,4.803,5.7,mw,reviewed,nc,nc,162,6.5,4.957037037037037,0.0,40.14596913580247,1,1.0,0.0,41.0,50.0,0.0,0.0,7.0,5.0,1784320.6,1354791.3,1354791.3,18152.9,54549.0,205903.1,904467.5,0.013399037918238772,0.04026376608707186,0.15198141588302197,0.6676065162213545,1,0,1,1,65.0,1655438.5,1784320.6,1784567.7,1821509.5,1895287.6,0.07785375294823703,0.00013848408184037123,0.06219005710072506,0,1,0
169,ak0003rq9dwz,2000-03-22,2000.0,3.0,AK,"41 km W of Tyonek, Alaska",61.0104,-151.8996,81.8,4.9,mb,reviewed,ak,ak,162,6.5,4.957037037037037,0.0,40.14596913580247,1,0.0,0.0,0.0,0.0,0.0,0.0,0.0,0.0,38428.1,26934.0,26934.0,414.3,1276.3,829.9,14332.4,0.015382044998886167,0.04738620331179921,0.030812356129798768,0.5321303928120591,0,0,0,0,49.0,39783.1,38428.1,40014.4,41904.7,41235.0,-0.03405968866176844,0.04127968856123521,0.07304290350030321,1,1,1
170,usp0009q44,2000-03-24,2000.0,3.0,AK,"80 km SSW of Atka, Alaska",51.513,-174.578,33.0,4.7,mb,reviewed,us,us,162,6.5,4.957037037037037,0.0,40.14596913580247,1,0.0,0.0,0.0,0.0,0.0,0.0,0.0,0.0,38428.1,26934.0,26934.0,414.3,1276.3,829.9,14332.4,0.015382044998886167,0.04738620331179921,0.030812356129798768,0.5321303928120591,0,0,1,0,50.0,39783.1,38428.1,40014.4,41904.7,41235.0,-0.03405968866176844,0.04127968856123521,0.07304290350030321,1,1,1
171,usp0009q66,2000-03-26,2000.0,3.0,AK,"79 km SE of Sand Point, Alaska",54.766,-159.759,22.6,4.6,mb,reviewed,aeic,us,162,6.5,4.957037037037037,0.0,40.14596913580247,1,0.0,0.0,0.0,0.0,0.0,0.0,0.0,0.0,38428.1,26934.0,26934.0,414.3,1276.3,829.9,14332.4,0.015382044998886167,0.04738620331179921,0.030812356129798768,0.5321303928120591,0,0,1,0,49.0,39783.1,38428.1,40014.4,41904.7,41235.0,-0.03405968866176844,0.04127968856123521,0.07304290350030321,1,1,1
172,usp0009qau,2000-03-28,2000.0,3.0,AK,"66 km SSE of King Cove, Alaska",54.505,-161.956,0.0,4.7,mb,reviewed,aeic,us,162,6.5,4.957037037037037,0.0,40.14596913580247,1,0.0,0.0,0.0,0.0,0.0,0.0,0.0,0.0,38428.1,26934.0,26934.0,414.3,1276.3,829.9,14332.4,0.015382044998886167,0.04738620331179921,0.030812356129798768,0.5321303928120591,0,0,1,1,50.0,39783.1,38428.1,40014.4,41904.7,41235.0,-0.03405968866176844,0.04127968856123521,0.07304290350030321,1,1,1
173,usp0009qwf,2000-04-06,2000.0,4.0,AK,"151 km SW of Nikolski, Alaska",51.985,-170.455,33.0,4.6,mb,reviewed,us,us,162,6.5,4.957037037037037,0.0,40.14596913580247,1,0.0,0.0,0.0,0.0,0.0,0.0,0.0,0.0,38428.1,26934.0,26934.0,414.3,1276.3,829.9,14332.4,0.015382044998886167,0.04738620331179921,0.030812356129798768,0.5321303928120591,0,0,1,0,49.0,39783.1,38428.1,40014.4,41904.7,41235.0,-0.03405968866176844,0.04127968856123521,0.07304290350030321,1,1,1
174,usp0009qys,2000-04-07,2000.0,4.0,AK,"165 km SW of Nikolski, Alaska",51.821,-170.473,33.0,5.3,mwc,reviewed,us,hrv,162,6.5,4.957037037037037,0.0,40.14596913580247,1,0.0,0.0,0.0,0.0,0.0,0.0,0.0,0.0,38428.1,26934.0,26934.0,414.3,1276.3,829.9,14332.4,0.015382044998886167,0.04738620331179921,0.030812356129798768,0.5321303928120591,0,0,1,0,56.0,39783.1,38428.1,40014.4,41904.7,41235.0,-0.03405968866176844,0.04127968856123521,0.07304290350030321,1,1,1
175,usp0009qyt,2000-04-07,2000.0,4.0,AK,"164 km SW of Nikolski, Alaska",51.851,-170.492,33.0,5.1,ms,reviewed,us,us,162,6.5,4.957037037037037,0.0,40.14596913580247,1,0.0,0.0,0.0,0.0,0.0,0.0,0.0,0.0,38428.1,26934.0,26934.0,414.3,1276.3,829.9,14332.4,0.015382044998886167,0.04738620331179921,0.030812356129798768,0.5321303928120591,0,0,1,0,54.0,39783.1,38428.1,40014.4,41904.7,41235.0,-0.03405968866176844,0.04127968856123521,0.07304290350030321,1,1,1
176,usp0009rmu,2000-04-21,2000.0,4.0,AK,"115 km WSW of Adak, Alaska",51.422,-178.137,33.0,6.0,mwc,reviewed,us,hrv,162,6.5,4.957037037037037,0.0,40.14596913580247,1,0.0,0.0,0.0,0.0,0.0,0.0,0.0,0.0,38428.1,26934.0,26934.0,414.3,1276.3,829.9,14332.4,0.015382044998886167,0.04738620331179921,0.030812356129798768,0.5321303928120591,0,1,1,0,73.0,39783.1,38428.1,40014.4,41904.7,41235.0,-0.03405968866176844,0.04127968856123521,0.07304290350030321,1,1,1
177,usp0009rn3,2000-04-21,2000.0,4.0,AK,"122 km WSW of Adak, Alaska",51.431,-178.252,33.0,4.5,mb,reviewed,us,us,162,6.5,4.957037037037037,0.0,40.14596913580247,1,0.0,0.0,0.0,0.0,0.0,0.0,0.0,0.0,38428.1,26934.0,26934.0,414.3,1276.3,829.9,14332.4,0.015382044998886167,0.04738620331179921,0.030812356129798768,0.5321303928120591,0,0,1,0,48.0,39783.1,38428.1,40014.4,41904.7,41235.0,-0.03405968866176844,0.04127968856123521,0.07304290350030321,1,1,1
178,usp0009s0c,2000-04-28,2000.0,4.0,AK,"77 km SSE of Atka, Alaska",51.522,-173.932,33.0,4.9,mwc,reviewed,us,hrv,162,6.5,4.957037037037037,0.0,40.14596913580247,1,0.0,0.0,0.0,0.0,0.0,0.0,0.0,0.0,38428.1,26934.0,26934.0,414.3,1276.3,829.9,14332.4,0.015382044998886167,0.04738620331179921,0.030812356129798768,0.5321303928120591,0,0,1,0,52.0,39783.1,38428.1,40014.4,41904.7,41235.0,-0.03405968866176844,0.04127968856123521,0.07304290350030321,1,1,1
179,usp0009sbe,2000-05-04,2000.0,5.0,AK,"80 km SSE of Atka, Alaska",51.5,-173.889,33.0,4.5,mb,reviewed,us,us,162,6.5,4.957037037037037,0.0,40.14596913580247,1,0.0,0.0,0.0,0.0,0.0,0.0,0.0,0.0,38428.1,26934.0,26934.0,414.3,1276.3,829.9,14332.4,0.015382044998886167,0.04738620331179921,0.030812356129798768,0.5321303928120591,0,0,1,0,48.0,39783.1,38428.1,40014.4,41904.7,41235.0,-0.03405968866176844,0.04127968856123521,0.07304290350030321,1,1,1
180,usp0009scq,2000-05-04,2000.0,5.0,AK,"137 km WSW of Adak, Alaska",51.438,-178.493,33.0,5.6,mwc,reviewed,us,hrv,162,6.5,4.957037037037037,0.0,40.14596913580247,1,0.0,0.0,0.0,0.0,0.0,0.0,0.0,0.0,38428.1,26934.0,26934.0,414.3,1276.3,829.9,14332.4,0.015382044998886167,0.04738620331179921,0.030812356129798768,0.5321303928120591,0,0,1,0,59.0,39783.1,38428.1,40014.4,41904.7,41235.0,-0.03405968866176844,0.04127968856123521,0.07304290350030321,1,1,1
181,ak0005xohb9f,2000-05-08,2000.0,5.0,AK,"29 km SSE of Karluk, Alaska",57.3157,-154.2887,35.6,5.0,mw,reviewed,ak,ak,162,6.5,4.957037037037037,0.0,40.14596913580247,1,0.0,0.0,0.0,0.0,0.0,0.0,0.0,0.0,38428.1,26934.0,26934.0,414.3,1276.3,829.9,14332.4,0.015382044998886167,0.04738620331179921,0.030812356129798768,0.5321303928120591,0,0,1,0,53.0,39783.1,38428.1,40014.4,41904.7,41235.0,-0.03405968866176844,0.04127968856123521,0.07304290350030321,1,1,1
182,nc21096137,2000-05-08,2000.0,5.0,CA,"45 km SW of Ferndale, California",40.3283333,-124.6921667,3.62,4.5,mw,reviewed,nc,nc,162,6.5,4.957037037037037,0.0,40.14596913580247,1,1.0,0.0,41.0,50.0,0.0,0.0,7.0,5.0,1784320.6,1354791.3,1354791.3,18152.9,54549.0,205903.1,904467.5,0.013399037918238772,0.04026376608707186,0.15198141588302197,0.6676065162213545,1,0,1,1,53.0,1655438.5,1784320.6,1784567.7,1821509.5,1895287.6,0.07785375294823703,0.00013848408184037123,0.06219005710072506,0,1,0
183,ak00060tnzqb,2000-05-10,2000.0,5.0,AK,"105 km SE of Akhiok, Alaska",56.2176,-153.0827,23.0,4.5,mb,reviewed,ak,ak,162,6.5,4.957037037037037,0.0,40.14596913580247,1,0.0,0.0,0.0,0.0,0.0,0.0,0.0,0.0,38428.1,26934.0,26934.0,414.3,1276.3,829.9,14332.4,0.015382044998886167,0.04738620331179921,0.030812356129798768,0.5321303928120591,0,0,1,0,48.0,39783.1,38428.1,40014.4,41904.7,41235.0,-0.03405968866176844,0.04127968856123521,0.07304290350030321,1,1,1
184,usp0009t6n,2000-05-19,2000.0,5.0,AK,"43 km ESE of Akutan, Alaska",54.001,-165.152,43.9,4.5,mb,reviewed,us,us,162,6.5,4.957037037037037,0.0,40.14596913580247,1,0.0,0.0,0.0,0.0,0.0,0.0,0.0,0.0,38428.1,26934.0,26934.0,414.3,1276.3,829.9,14332.4,0.015382044998886167,0.04738620331179921,0.030812356129798768,0.5321303928120591,0,0,1,0,48.0,39783.1,38428.1,40014.4,41904.7,41235.0,-0.03405968866176844,0.04127968856123521,0.07304290350030321,1,1,1
185,usp0009tx3,2000-06-04,2000.0,6.0,AK,"63 km NNW of Atka, Alaska",52.704,-174.633,172.5,4.9,mb,reviewed,us,us,162,6.5,4.957037037037037,0.0,40.14596913580247,1,0.0,0.0,0.0,0.0,0.0,0.0,0.0,0.0,38428.1,26934.0,26934.0,414.3,1276.3,829.9,14332.4,0.015382044998886167,0.04738620331179921,0.030812356129798768,0.5321303928120591,0,0,0,0,49.0,39783.1,38428.1,40014.4,41904.7,41235.0,-0.03405968866176844,0.04127968856123521,0.07304290350030321,1,1,1
186,ak0007o8jy8s,2000-06-15,2000.0,6.0,AK,"19 km S of Port Graham, Alaska",59.1799,-151.7648,48.9,4.8,mb,reviewed,ak,ak,162,6.5,4.957037037037037,0.0,40.14596913580247,1,0.0,0.0,0.0,0.0,0.0,0.0,0.0,0.0,38428.1,26934.0,26934.0,414.3,1276.3,829.9,14332.4,0.015382044998886167,0.04738620331179921,0.030812356129798768,0.5321303928120591,0,0,1,0,51.0,39783.1,38428.1,40014.4,41904.7,41235.0,-0.03405968866176844,0.04127968856123521,0.07304290350030321,1,1,1
187,usp0009vrg,2000-07-04,2000.0,7.0,AK,"46 km ESE of Akutan, Alaska",53.99,-165.116,54.0,4.5,mb,reviewed,us,us,162,6.5,4.957037037037037,0.0,40.14596913580247,1,0.0,0.0,0.0,0.0,0.0,0.0,0.0,0.0,38428.1,26934.0,26934.0,414.3,1276.3,829.9,14332.4,0.015382044998886167,0.04738620331179921,0.030812356129798768,0.5321303928120591,0,0,1,0,48.0,39783.1,38428.1,40014.4,41904.7,41235.0,-0.03405968866176844,0.04127968856123521,0.07304290350030321,1,1,1
188,usp0009w45,2000-07-09,2000.0,7.0,AK,"99 km SW of Nikolski, Alaska",52.259,-169.804,33.0,4.5,mb,reviewed,us,us,162,6.5,4.957037037037037,0.0,40.14596913580247,1,0.0,0.0,0.0,0.0,0.0,0.0,0.0,0.0,38428.1,26934.0,26934.0,414.3,1276.3,829.9,14332.4,0.015382044998886167,0.04738620331179921,0.030812356129798768,0.5321303928120591,0,0,1,0,48.0,39783.1,38428.1,40014.4,41904.7,41235.0,-0.03405968866176844,0.04127968856123521,0.07304290350030321,1,1,1
189,ak0008v7ic1n,2000-07-11,2000.0,7.0,AK,"24 km SSW of Larsen Bay, Alaska",57.3546,-154.198,42.9,6.5,mw,reviewed,ak,ak,162,6.5,4.957037037037037,0.0,40.14596913580247,1,0.0,0.0,0.0,0.0,0.0,0.0,0.0,0.0,38428.1,26934.0,26934.0,414.3,1276.3,829.9,14332.4,0.015382044998886167,0.04738620331179921,0.030812356129798768,0.5321303928120591,0,1,1,0,78.0,39783.1,38428.1,40014.4,41904.7,41235.0,-0.03405968866176844,0.04127968856123521,0.07304290350030321,1,1,1
190,ak0008v7jnot,2000-07-11,2000.0,7.0,AK,"23 km SSE of Karluk, Alaska",57.3802,-154.2712,37.8,5.5,mb,reviewed,ak,ak,162,6.5,4.957037037037037,0.0,40.14596913580247,1,0.0,0.0,0.0,0.0,0.0,0.0,0.0,0.0,38428.1,26934.0,26934.0,414.3,1276.3,829.9,14332.4,0.015382044998886167,0.04738620331179921,0.030812356129798768,0.5321303928120591,0,0,1,0,58.0,39783.1,38428.1,40014.4,41904.7,41235.0,-0.03405968866176844,0.04127968856123521,0.07304290350030321,1,1,1
191,usp0009x6z,2000-07-26,2000.0,7.0,AK,"52 km SSW of Adak, Alaska",51.415,-176.838,33.0,4.6,mb,reviewed,us,us,162,6.5,4.957037037037037,0.0,40.14596913580247,1,0.0,0.0,0.0,0.0,0.0,0.0,0.0,0.0,38428.1,26934.0,26934.0,414.3,1276.3,829.9,14332.4,0.015382044998886167,0.04738620331179921,0.030812356129798768,0.5321303928120591,0,0,1,0,49.0,39783.1,38428.1,40014.4,41904.7,41235.0,-0.03405968866176844,0.04127968856123521,0.07304290350030321,1,1,1
192,usp0009xd7,2000-07-29,2000.0,7.0,AK,"203 km WSW of Adak, Alaska",51.145,-179.328,49.1,5.1,mwc,reviewed,us,hrv,162,6.5,4.957037037037037,0.0,40.14596913580247,1,0.0,0.0,0.0,0.0,0.0,0.0,0.0,0.0,38428.1,26934.0,26934.0,414.3,1276.3,829.9,14332.4,0.015382044998886167,0.04738620331179921,0.030812356129798768,0.5321303928120591,0,0,1,0,54.0,39783.1,38428.1,40014.4,41904.7,41235.0,-0.03405968866176844,0.04127968856123521,0.07304290350030321,1,1,1
193,usp0009yds,2000-08-14,2000.0,8.0,AK,"87 km SSW of Sand Point, Alaska",54.57,-160.815,33.0,4.6,mb,reviewed,us,us,162,6.5,4.957037037037037,0.0,40.14596913580247,1,0.0,0.0,0.0,0.0,0.0,0.0,0.0,0.0,38428.1,26934.0,26934.0,414.3,1276.3,829.9,14332.4,0.015382044998886167,0.04738620331179921,0.030812356129798768,0.5321303928120591,0,0,1,0,49.0,39783.1,38428.1,40014.4,41904.7,41235.0,-0.03405968866176844,0.04127968856123521,0.07304290350030321,1,1,1
194,ak000anrr4el,2000-08-19,2000.0,8.0,AK,"82 km SE of Ugashik, Alaska",56.9654,-156.4697,50.6,4.5,mb,reviewed,ak,ak,162,6.5,4.957037037037037,0.0,40.14596913580247,1,0.0,0.0,0.0,0.0,0.0,0.0,0.0,0.0,38428.1,26934.0,26934.0,414.3,1276.3,829.9,14332.4,0.015382044998886167,0.04738620331179921,0.030812356129798768,0.5321303928120591,0,0,1,0,48.0,39783.1,38428.1,40014.4,41904.7,41235.0,-0.03405968866176844,0.04127968856123521,0.07304290350030321,1,1,1
195,ak000anzlgnm,2000-08-19,2000.0,8.0,AK,"12 km WSW of Tyonek, Alaska",61.0356,-151.3543,58.1,4.5,mb,reviewed,ak,ak,162,6.5,4.957037037037037,0.0,40.14596913580247,1,0.0,0.0,0.0,0.0,0.0,0.0,0.0,0.0,38428.1,26934.0,26934.0,414.3,1276.3,829.9,14332.4,0.015382044998886167,0.04738620331179921,0.030812356129798768,0.5321303928120591,0,0,1,0,48.0,39783.1,38428.1,40014.4,41904.7,41235.0,-0.03405968866176844,0.04127968856123521,0.07304290350030321,1,1,1
196,usp0009z0f,2000-08-23,2000.0,8.0,AK,"220 km WSW of Adak, Alaska",51.298,-179.68,56.3,5.2,mwc,reviewed,us,hrv,162,6.5,4.957037037037037,0.0,40.14596913580247,1,0.0,0.0,0.0,0.0,0.0,0.0,0.0,0.0,38428.1,26934.0,26934.0,414.3,1276.3,829.9,14332.4,0.015382044998886167,0.04738620331179921,0.030812356129798768,0.5321303928120591,0,0,1,0,55.0,39783.1,38428.1,40014.4,41904.7,41235.0,-0.03405968866176844,0.04127968856123521,0.07304290350030321,1,1,1
197,usp0009z6f,2000-08-26,2000.0,8.0,AK,"100 km NNW of Atka, Alaska",53.032,-174.77,218.0,5.2,mwc,reviewed,us,hrv,162,6.5,4.957037037037037,0.0,40.14596913580247,1,0.0,0.0,0.0,0.0,0.0,0.0,0.0,0.0,38428.1,26934.0,26934.0,414.3,1276.3,829.9,14332.4,0.015382044998886167,0.04738620331179921,0.030812356129798768,0.5321303928120591,0,0,0,0,52.0,39783.1,38428.1,40014.4,41904.7,41235.0,-0.03405968866176844,0.04127968856123521,0.07304290350030321,1,1,1
198,usp0009zc3,2000-08-29,2000.0,8.0,AK,"109 km SSW of Adak, Alaska",51.045,-177.487,33.0,5.1,mwc,reviewed,us,hrv,162,6.5,4.957037037037037,0.0,40.14596913580247,1,0.0,0.0,0.0,0.0,0.0,0.0,0.0,0.0,38428.1,26934.0,26934.0,414.3,1276.3,829.9,14332.4,0.015382044998886167,0.04738620331179921,0.030812356129798768,0.5321303928120591,0,0,1,0,54.0,39783.1,38428.1,40014.4,41904.7,41235.0,-0.03405968866176844,0.04127968856123521,0.07304290350030321,1,1,1
199,nc21123384,2000-09-03,2000.0,9.0,CA,"5 km WSW of Yountville, California",38.3788333,-122.4133333,9.367,4.9,mw,reviewed,nc,nc,162,6.5,4.957037037037037,0.0,40.14596913580247,1,1.0,0.0,41.0,50.0,0.0,0.0,7.0,5.0,1784320.6,1354791.3,1354791.3,18152.9,54549.0,205903.1,904467.5,0.013399037918238772,0.04026376608707186,0.15198141588302197,0.6676065162213545,1,0,1,1,57.0,1655438.5,1784320.6,1784567.7,1821509.5,1895287.6,0.07785375294823703,0.00013848408184037123,0.06219005710072506,0,1,0
200,ak000bo7v2r5,2000-09-10,2000.0,9.0,AK,"7 km E of Big Lake, Alaska",61.5197,-149.8078,57.0,4.6,mb,reviewed,ak,ak,162,6.5,4.957037037037037,0.0,40.14596913580247,1,0.0,0.0,0.0,0.0,0.0,0.0,0.0,0.0,38428.1,26934.0,26934.0,414.3,1276.3,829.9,14332.4,0.015382044998886167,0.04738620331179921,0.030812356129798768,0.5321303928120591,0,0,1,0,49.0,39783.1,38428.1,40014.4,41904.7,41235.0,-0.03405968866176844,0.04127968856123521,0.07304290350030321,1,1,1
201,ak000bt7dh5e,2000-09-13,2000.0,9.0,AK,"55 km W of Anchor Point, Alaska",59.7063,-152.812,94.8,4.5,mb,reviewed,ak,ak,162,6.5,4.957037037037037,0.0,40.14596913580247,1,0.0,0.0,0.0,0.0,0.0,0.0,0.0,0.0,38428.1,26934.0,26934.0,414.3,1276.3,829.9,14332.4,0.015382044998886167,0.04738620331179921,0.030812356129798768,0.5321303928120591,0,0,0,0,45.0,39783.1,38428.1,40014.4,41904.7,41235.0,-0.03405968866176844,0.04127968856123521,0.07304290350030321,1,1,1
202,usp000a128,2000-09-30,2000.0,9.0,AK,"290 km SW of Yakutat, Alaska",57.502,-142.837,33.0,5.3,mwc,reviewed,us,hrv,162,6.5,4.957037037037037,0.0,40.14596913580247,1,0.0,0.0,0.0,0.0,0.0,0.0,0.0,0.0,38428.1,26934.0,26934.0,414.3,1276.3,829.9,14332.4,0.015382044998886167,0.04738620331179921,0.030812356129798768,0.5321303928120591,0,0,1,0,56.0,39783.1,38428.1,40014.4,41904.7,41235.0,-0.03405968866176844,0.04127968856123521,0.07304290350030321,1,1,1
203,usp000a16b,2000-10-03,2000.0,10.0,AK,"62 km SW of Adak, Alaska",51.498,-177.312,33.0,5.1,mb,reviewed,us,us,162,6.5,4.957037037037037,0.0,40.14596913580247,1,0.0,0.0,0.0,0.0,0.0,0.0,0.0,0.0,38428.1,26934.0,26934.0,414.3,1276.3,829.9,14332.4,0.015382044998886167,0.04738620331179921,0.030812356129798768,0.5321303928120591,0,0,1,0,54.0,39783.1,38428.1,40014.4,41904.7,41235.0,-0.03405968866176844,0.04127968856123521,0.07304290350030321,1,1,1
204,ak000d59zyjo,2000-10-12,2000.0,10.0,AK,"116 km SSE of Old Harbor, Alaska",56.187,-152.8337,23.4,4.6,mb,reviewed,ak,ak,162,6.5,4.957037037037037,0.0,40.14596913580247,1,0.0,0.0,0.0,0.0,0.0,0.0,0.0,0.0,38428.1,26934.0,26934.0,414.3,1276.3,829.9,14332.4,0.015382044998886167,0.04738620331179921,0.030812356129798768,0.5321303928120591,0,0,1,0,49.0,39783.1,38428.1,40014.4,41904.7,41235.0,-0.03405968866176844,0.04127968856123521,0.07304290350030321,1,1,1
205,usp000a1qs,2000-10-13,2000.0,10.0,AK,"122 km ESE of Akutan, Alaska",53.661,-164.094,33.0,4.8,mb,reviewed,us,us,162,6.5,4.957037037037037,0.0,40.14596913580247,1,0.0,0.0,0.0,0.0,0.0,0.0,0.0,0.0,38428.1,26934.0,26934.0,414.3,1276.3,829.9,14332.4,0.015382044998886167,0.04738620331179921,0.030812356129798768,0.5321303928120591,0,0,1,0,51.0,39783.1,38428.1,40014.4,41904.7,41235.0,-0.03405968866176844,0.04127968856123521,0.07304290350030321,1,1,1
206,usp000a2uq,2000-11-01,2000.0,11.0,AK,"47 km ENE of Akutan, Alaska",54.254,-165.076,98.9,4.6,mb,reviewed,us,us,162,6.5,4.957037037037037,0.0,40.14596913580247,1,0.0,0.0,0.0,0.0,0.0,0.0,0.0,0.0,38428.1,26934.0,26934.0,414.3,1276.3,829.9,14332.4,0.015382044998886167,0.04738620331179921,0.030812356129798768,0.5321303928120591,0,0,0,0,46.0,39783.1,38428.1,40014.4,41904.7,41235.0,-0.03405968866176844,0.04127968856123521,0.07304290350030321,1,1,1
207,usp000a2wt,2000-11-03,2000.0,11.0,AK,"134 km WSW of Nikolski, Alaska",52.458,-170.681,64.5,4.9,mb,reviewed,us,us,162,6.5,4.957037037037037,0.0,40.14596913580247,1,0.0,0.0,0.0,0.0,0.0,0.0,0.0,0.0,38428.1,26934.0,26934.0,414.3,1276.3,829.9,14332.4,0.015382044998886167,0.04738620331179921,0.030812356129798768,0.5321303928120591,0,0,1,0,52.0,39783.1,38428.1,40014.4,41904.7,41235.0,-0.03405968866176844,0.04127968856123521,0.07304290350030321,1,1,1
208,usp000a308,2000-11-05,2000.0,11.0,AK,"106 km W of Nikolski, Alaska",53.021,-170.44,92.9,4.8,mb,reviewed,us,us,162,6.5,4.957037037037037,0.0,40.14596913580247,1,0.0,0.0,0.0,0.0,0.0,0.0,0.0,0.0,38428.1,26934.0,26934.0,414.3,1276.3,829.9,14332.4,0.015382044998886167,0.04738620331179921,0.030812356129798768,0.5321303928120591,0,0,0,0,48.0,39783.1,38428.1,40014.4,41904.7,41235.0,-0.03405968866176844,0.04127968856123521,0.07304290350030321,1,1,1
209,ak000eaj0px4,2000-11-06,2000.0,11.0,AK,"110 km SSE of Akhiok, Alaska",56.0922,-153.249,6.2,4.5,mb,reviewed,ak,ak,162,6.5,4.957037037037037,0.0,40.14596913580247,1,0.0,0.0,0.0,0.0,0.0,0.0,0.0,0.0,38428.1,26934.0,26934.0,414.3,1276.3,829.9,14332.4,0.015382044998886167,0.04738620331179921,0.030812356129798768,0.5321303928120591,0,0,1,1,48.0,39783.1,38428.1,40014.4,41904.7,41235.0,-0.03405968866176844,0.04127968856123521,0.07304290350030321,1,1,1
210,usp000a3xa,2000-11-16,2000.0,11.0,AK,"75 km SSE of Adak, Alaska",51.273,-176.117,33.0,4.7,mb,reviewed,us,us,162,6.5,4.957037037037037,0.0,40.14596913580247,1,0.0,0.0,0.0,0.0,0.0,0.0,0.0,0.0,38428.1,26934.0,26934.0,414.3,1276.3,829.9,14332.4,0.015382044998886167,0.04738620331179921,0.030812356129798768,0.5321303928120591,0,0,1,0,50.0,39783.1,38428.1,40014.4,41904.7,41235.0,-0.03405968866176844,0.04127968856123521,0.07304290350030321,1,1,1
211,usp000a4m6,2000-11-21,2000.0,11.0,AK,"45 km ESE of Adak, Alaska",51.753,-176.009,46.7,5.1,mb,reviewed,us,us,162,6.5,4.957037037037037,0.0,40.14596913580247,1,0.0,0.0,0.0,0.0,0.0,0.0,0.0,0.0,38428.1,26934.0,26934.0,414.3,1276.3,829.9,14332.4,0.015382044998886167,0.04738620331179921,0.030812356129798768,0.5321303928120591,0,0,1,0,54.0,39783.1,38428.1,40014.4,41904.7,41235.0,-0.03405968866176844,0.04127968856123521,0.07304290350030321,1,1,1
212,usp000a4x1,2000-11-25,2000.0,11.0,AK,"107 km NW of Diomede, Alaska",66.557,-170.283,10.0,4.6,mb,reviewed,us,us,162,6.5,4.957037037037037,0.0,40.14596913580247,1,0.0,0.0,0.0,0.0,0.0,0.0,0.0,0.0,38428.1,26934.0,26934.0,414.3,1276.3,829.9,14332.4,0.015382044998886167,0.04738620331179921,0.030812356129798768,0.5321303928120591,0,0,1,1,49.0,39783.1,38428.1,40014.4,41904.7,41235.0,-0.03405968866176844,0.04127968856123521,0.07304290350030321,1,1,1
213,ak000fcjnuse,2000-11-29,2000.0,11.0,AK,"52 km WSW of Ferry, Alaska",63.8417,-150.1026,16.2,5.8,ml,reviewed,ak,ak,162,6.5,4.957037037037037,0.0,40.14596913580247,1,0.0,0.0,0.0,0.0,0.0,0.0,0.0,0.0,38428.1,26934.0,26934.0,414.3,1276.3,829.9,14332.4,0.015382044998886167,0.04738620331179921,0.030812356129798768,0.5321303928120591,0,0,1,1,61.0,39783.1,38428.1,40014.4,41904.7,41235.0,-0.03405968866176844,0.04127968856123521,0.07304290350030321,1,1,1
214,ak000fo97rxo,2000-12-06,2000.0,12.0,AK,"59 km WSW of Ferry, Alaska",63.8905,-150.3066,11.7,5.0,mb,reviewed,ak,ak,162,6.5,4.957037037037037,0.0,40.14596913580247,1,0.0,0.0,0.0,0.0,0.0,0.0,0.0,0.0,38428.1,26934.0,26934.0,414.3,1276.3,829.9,14332.4,0.015382044998886167,0.04738620331179921,0.030812356129798768,0.5321303928120591,0,0,1,1,53.0,39783.1,38428.1,40014.4,41904.7,41235.0,-0.03405968866176844,0.04127968856123521,0.07304290350030321,1,1,1
215,ak000gef3jyo,2000-12-22,2000.0,12.0,AK,"33 km NE of Chignik, Alaska",56.5401,-158.0955,91.5,5.5,mw,reviewed,ak,ak,162,6.5,4.957037037037037,0.0,40.14596913580247,1,0.0,0.0,0.0,0.0,0.0,0.0,0.0,0.0,38428.1,26934.0,26934.0,414.3,1276.3,829.9,14332.4,0.015382044998886167,0.04738620331179921,0.030812356129798768,0.5321303928120591,0,0,0,0,55.0,39783.1,38428.1,40014.4,41904.7,41235.0,-0.03405968866176844,0.04127968856123521,0.07304290350030321,1,1,1
216,ak001i8vcbs,2001-01-11,2001.0,1.0,AK,"72 km SE of Akhiok, Alaska",56.5525,-153.2337,42.2,4.9,mb,reviewed,ak,ak,204,6.9,4.971666666666667,-0.706,31.007235294117645,1,0.0,0.0,0.0,0.0,0.0,0.0,0.0,0.0,40014.4,28660.9,28660.9,349.0,1429.2,948.0,15981.5,0.012176868137427644,0.049865845106050403,0.03307642118705274,0.5576063556971343,0,0,1,0,52.0,38428.1,40014.4,41904.7,41235.0,42880.1,0.04127968856123521,0.04724049342236784,0.07161671798152658,0,1,0
217,usp000a8v1,2001-02-01,2001.0,2.0,AK,"94 km WSW of Adak, Alaska",51.437,-177.797,33.0,6.0,mwc,reviewed,us,hrv,204,6.9,4.971666666666667,-0.706,31.007235294117645,1,0.0,0.0,0.0,0.0,0.0,0.0,0.0,0.0,40014.4,28660.9,28660.9,349.0,1429.2,948.0,15981.5,0.012176868137427644,0.049865845106050403,0.03307642118705274,0.5576063556971343,0,1,1,0,73.0,38428.1,40014.4,41904.7,41235.0,42880.1,0.04127968856123521,0.04724049342236784,0.07161671798152658,0,1,0
218,ak0011ue6pk3,2001-02-09,2001.0,2.0,AK,"64 km SE of Pope-Vannoy Landing, Alaska",59.1838,-153.6304,96.9,4.6,mb,reviewed,ak,ak,204,6.9,4.971666666666667,-0.706,31.007235294117645,1,0.0,0.0,0.0,0.0,0.0,0.0,0.0,0.0,40014.4,28660.9,28660.9,349.0,1429.2,948.0,15981.5,0.012176868137427644,0.049865845106050403,0.03307642118705274,0.5576063556971343,0,0,0,0,46.0,38428.1,40014.4,41904.7,41235.0,42880.1,0.04127968856123521,0.04724049342236784,0.07161671798152658,0,1,0
219,ak0011xtdgrm,2001-02-11,2001.0,2.0,AK,"31 km S of Old Harbor, Alaska",56.9267,-153.3644,38.0,5.2,mw,reviewed,ak,ak,204,6.9,4.971666666666667,-0.706,31.007235294117645,1,0.0,0.0,0.0,0.0,0.0,0.0,0.0,0.0,40014.4,28660.9,28660.9,349.0,1429.2,948.0,15981.5,0.012176868137427644,0.049865845106050403,0.03307642118705274,0.5576063556971343,0,0,1,0,55.0,38428.1,40014.4,41904.7,41235.0,42880.1,0.04127968856123521,0.04724049342236784,0.07161671798152658,0,1,0
220,ak0012j0jcgu,2001-02-24,2001.0,2.0,AK,"52 km N of Larsen Bay, Alaska",58.0137,-153.9016,54.7,4.6,mb,reviewed,ak,ak,204,6.9,4.971666666666667,-0.706,31.007235294117645,1,0.0,0.0,0.0,0.0,0.0,0.0,0.0,0.0,40014.4,28660.9,28660.9,349.0,1429.2,948.0,15981.5,0.012176868137427644,0.049865845106050403,0.03307642118705274,0.5576063556971343,0,0,1,0,49.0,38428.1,40014.4,41904.7,41235.0,42880.1,0.04127968856123521,0.04724049342236784,0.07161671798152658,0,1,0
221,uw10530748,2001-02-28,2001.0,2.0,WA,"7 km SSE of Longbranch, Washington",47.149,-122.7266667,51.798,6.8,md,reviewed,uw,uw,204,6.9,4.971666666666667,-0.706,31.007235294117645,1,1.0,1.0,400.0,2000.0,0.0,0.0,8.0,6.8,317860.6,237978.2,237978.2,3542.0,10614.8,32137.0,157530.1,0.014883716239554715,0.04460408558430982,0.13504178113793616,0.6619518090312474,1,1,1,0,86.0,325857.6,317860.6,321977.1,327645.2,335449.3,-0.02454139476875789,0.012950645660393268,0.05533463411319306,2,1,2
222,ak0012w88uzw,2001-03-04,2001.0,3.0,AK,"59 km ENE of Ugashik, Alaska",57.7077,-156.4666,128.5,4.6,mb,reviewed,ak,ak,204,6.9,4.971666666666667,-0.706,31.007235294117645,1,0.0,0.0,0.0,0.0,0.0,0.0,0.0,0.0,40014.4,28660.9,28660.9,349.0,1429.2,948.0,15981.5,0.012176868137427644,0.049865845106050403,0.03307642118705274,0.5576063556971343,0,0,0,0,46.0,38428.1,40014.4,41904.7,41235.0,42880.1,0.04127968856123521,0.04724049342236784,0.07161671798152658,0,1,0
223,ak0013geifxd,2001-03-16,2001.0,3.0,AK,"51 km W of Happy Valley, Alaska",59.9879,-152.6504,74.7,4.5,mb,reviewed,ak,ak,204,6.9,4.971666666666667,-0.706,31.007235294117645,1,0.0,0.0,0.0,0.0,0.0,0.0,0.0,0.0,40014.4,28660.9,28660.9,349.0,1429.2,948.0,15981.5,0.012176868137427644,0.049865845106050403,0.03307642118705274,0.5576063556971343,0,0,0,0,45.0,38428.1,40014.4,41904.7,41235.0,42880.1,0.04127968856123521,0.04724049342236784,0.07161671798152658,0,1,0
224,usp000abh2,2001-03-16,2001.0,3.0,OR,"193 km W of Bandon, Oregon",43.427,-126.759,10.0,4.5,mb,reviewed,us,us,204,6.9,4.971666666666667,-0.706,31.007235294117645,1,0.0,0.0,0.0,0.0,0.0,0.0,0.0,0.0,144486.5,117002.4,117002.4,2671.4,5526.2,19320.1,72565.1,0.022832010283549743,0.047231509780995946,0.165125672635775,0.6202018078261643,0,0,1,1,48.0,145094.2,144486.5,147432.8,154445.3,163046.1,-0.004188313523214654,0.02039152446768375,0.12845213912718492,1,1,1
225,usp000abqc,2001-03-19,2001.0,3.0,AK,"135 km SW of Nikolski, Alaska",51.941,-169.997,33.0,4.8,mb,reviewed,us,us,204,6.9,4.971666666666667,-0.706,31.007235294117645,1,0.0,0.0,0.0,0.0,0.0,0.0,0.0,0.0,40014.4,28660.9,28660.9,349.0,1429.2,948.0,15981.5,0.012176868137427644,0.049865845106050403,0.03307642118705274,0.5576063556971343,0,0,1,0,51.0,38428.1,40014.4,41904.7,41235.0,42880.1,0.04127968856123521,0.04724049342236784,0.07161671798152658,0,1,0
226,usp000abvy,2001-03-22,2001.0,3.0,CA,"162 km W of Ferndale, California",40.48,-126.178,10.0,4.6,mb,reviewed,us,us,204,6.9,4.971666666666667,-0.706,31.007235294117645,1,1.0,0.0,0.0,0.0,0.0,0.0,6.0,4.2,1784567.7,1373270.8,1373270.8,17911.7,58692.9,177924.8,935120.7,0.01304309390398456,0.042739494643008503,0.12956279271357113,0.6809441371650806,1,0,1,1,54.0,1784320.6,1784567.7,1821509.5,1895287.6,1956745.5,0.00013848408184037123,0.020700699670850285,0.09648151762468862,0,1,0
227,usp000ac2w,2001-03-27,2001.0,3.0,AK,"139 km SW of Nikolski, Alaska",51.924,-170.062,33.0,4.7,mb,reviewed,us,us,204,6.9,4.971666666666667,-0.706,31.007235294117645,1,0.0,0.0,0.0,0.0,0.0,0.0,0.0,0.0,40014.4,28660.9,28660.9,349.0,1429.2,948.0,15981.5,0.012176868137427644,0.049865845106050403,0.03307642118705274,0.5576063556971343,0,0,1,0,50.0,38428.1,40014.4,41904.7,41235.0,42880.1,0.04127968856123521,0.04724049342236784,0.07161671798152658,0,1,0
228,usp000aca1,2001-03-31,2001.0,3.0,AK,"86 km S of Adak, Alaska",51.11,-176.864,33.0,4.9,mb,reviewed,us,us,204,6.9,4.971666666666667,-0.706,31.007235294117645,1,0.0,0.0,0.0,0.0,0.0,0.0,0.0,0.0,40014.4,28660.9,28660.9,349.0,1429.2,948.0,15981.5,0.012176868137427644,0.049865845106050403,0.03307642118705274,0.5576063556971343,0,0,1,0,52.0,38428.1,40014.4,41904.7,41235.0,42880.1,0.04127968856123521,0.04724049342236784,0.07161671798152658,0,1,0
229,usp000acjn,2001-04-04,2001.0,4.0,AK,"64 km SSE of Nikolski, Alaska",52.455,-168.335,33.0,4.9,mb,reviewed,us,us,204,6.9,4.971666666666667,-0.706,31.007235294117645,1,0.0,0.0,0.0,0.0,0.0,0.0,0.0,0.0,40014.4,28660.9,28660.9,349.0,1429.2,948.0,15981.5,0.012176868137427644,0.049865845106050403,0.03307642118705274,0.5576063556971343,0,0,1,0,52.0,38428.1,40014.4,41904.7,41235.0,42880.1,0.04127968856123521,0.04724049342236784,0.07161671798152658,0,1,0
230,usp000ackx,2001-04-04,2001.0,4.0,AK,"70 km SSE of Nikolski, Alaska",52.354,-168.457,33.0,4.7,mb,reviewed,us,us,204,6.9,4.971666666666667,-0.706,31.007235294117645,1,0.0,0.0,0.0,0.0,0.0,0.0,0.0,0.0,40014.4,28660.9,28660.9,349.0,1429.2,948.0,15981.5,0.012176868137427644,0.049865845106050403,0.03307642118705274,0.5576063556971343,0,0,1,0,50.0,38428.1,40014.4,41904.7,41235.0,42880.1,0.04127968856123521,0.04724049342236784,0.07161671798152658,0,1,0
231,usp000adfb,2001-04-17,2001.0,4.0,AK,"229 km WSW of Adak, Alaska",51.239,-179.78,33.0,5.9,mwc,reviewed,us,hrv,204,6.9,4.971666666666667,-0.706,31.007235294117645,1,0.0,0.0,0.0,0.0,0.0,0.0,0.0,0.0,40014.4,28660.9,28660.9,349.0,1429.2,948.0,15981.5,0.012176868137427644,0.049865845106050403,0.03307642118705274,0.5576063556971343,0,0,1,0,62.0,38428.1,40014.4,41904.7,41235.0,42880.1,0.04127968856123521,0.04724049342236784,0.07161671798152658,0,1,0
232,ak0015238raf,2001-04-20,2001.0,4.0,AK,"60 km SE of Chignik, Alaska",55.9677,-157.6203,36.4,4.8,mw,reviewed,ak,ak,204,6.9,4.971666666666667,-0.706,31.007235294117645,1,0.0,0.0,0.0,0.0,0.0,0.0,0.0,0.0,40014.4,28660.9,28660.9,349.0,1429.2,948.0,15981.5,0.012176868137427644,0.049865845106050403,0.03307642118705274,0.5576063556971343,0,0,1,0,51.0,38428.1,40014.4,41904.7,41235.0,42880.1,0.04127968856123521,0.04724049342236784,0.07161671798152658,0,1,0
233,usp000adrg,2001-04-21,2001.0,4.0,ID,"29 km WSW of Freedom, Idaho",42.925,-111.395,0.8,5.3,mwc,reviewed,slc,hrv,204,6.9,4.971666666666667,-0.706,31.007235294117645,1,0.0,0.0,0.0,0.0,0.0,0.0,0.0,0.0,48695.4,37740.9,37740.9,1952.7,2276.9,5495.8,22292.2,0.05173962465124043,0.06032977485963504,0.1456192088688929,0.5906642395915307,0,0,1,1,56.0,49793.0,48695.4,49840.5,51542.6,55137.1,-0.022043259092643513,0.023515568205621035,0.1322855957646923,1,1,1
234,usp000adsc,2001-04-22,2001.0,4.0,AK,"41 km SSW of Adak, Alaska",51.531,-176.871,37.5,4.5,mb,reviewed,us,us,204,6.9,4.971666666666667,-0.706,31.007235294117645,1,0.0,0.0,0.0,0.0,0.0,0.0,0.0,0.0,40014.4,28660.9,28660.9,349.0,1429.2,948.0,15981.5,0.012176868137427644,0.049865845106050403,0.03307642118705274,0.5576063556971343,0,0,1,0,48.0,38428.1,40014.4,41904.7,41235.0,42880.1,0.04127968856123521,0.04724049342236784,0.07161671798152658,0,1,0
235,usp000ae0p,2001-04-27,2001.0,4.0,AK,"202 km WSW of Adak, Alaska",51.488,-179.5,30.8,4.7,mb,reviewed,us,us,204,6.9,4.971666666666667,-0.706,31.007235294117645,1,0.0,0.0,0.0,0.0,0.0,0.0,0.0,0.0,40014.4,28660.9,28660.9,349.0,1429.2,948.0,15981.5,0.012176868137427644,0.049865845106050403,0.03307642118705274,0.5576063556971343,0,0,1,0,50.0,38428.1,40014.4,41904.7,41235.0,42880.1,0.04127968856123521,0.04724049342236784,0.07161671798152658,0,1,0
236,ak0015qtfxx6,2001-05-05,2001.0,5.0,AK,"127 km E of Chignik, Alaska",56.2391,-156.3508,43.9,5.1,mb,reviewed,ak,ak,204,6.9,4.971666666666667,-0.706,31.007235294117645,1,0.0,0.0,0.0,0.0,0.0,0.0,0.0,0.0,40014.4,28660.9,28660.9,349.0,1429.2,948.0,15981.5,0.012176868137427644,0.049865845106050403,0.03307642118705274,0.5576063556971343,0,0,1,0,54.0,38428.1,40014.4,41904.7,41235.0,42880.1,0.04127968856123521,0.04724049342236784,0.07161671798152658,0,1,0
237,usp000aeg0,2001-05-06,2001.0,5.0,AK,"103 km SE of Akutan, Alaska",53.464,-164.683,17.5,4.6,mb,reviewed,aeic,us,204,6.9,4.971666666666667,-0.706,31.007235294117645,1,0.0,0.0,0.0,0.0,0.0,0.0,0.0,0.0,40014.4,28660.9,28660.9,349.0,1429.2,948.0,15981.5,0.012176868137427644,0.049865845106050403,0.03307642118705274,0.5576063556971343,0,0,1,1,49.0,38428.1,40014.4,41904.7,41235.0,42880.1,0.04127968856123521,0.04724049342236784,0.07161671798152658,0,1,0
238,usp000aerq,2001-05-11,2001.0,5.0,OR,"237 km WNW of Bandon, Oregon",43.576,-127.269,10.0,4.5,mb,reviewed,us,us,204,6.9,4.971666666666667,-0.706,31.007235294117645,1,0.0,0.0,0.0,0.0,0.0,0.0,0.0,0.0,144486.5,117002.4,117002.4,2671.4,5526.2,19320.1,72565.1,0.022832010283549743,0.047231509780995946,0.165125672635775,0.6202018078261643,0,0,1,1,48.0,145094.2,144486.5,147432.8,154445.3,163046.1,-0.004188313523214654,0.02039152446768375,0.12845213912718492,1,1,1
239,usp000aexn,2001-05-14,2001.0,5.0,AK,south of Alaska,54.594,-142.743,10.0,5.2,mwc,reviewed,us,hrv,204,6.9,4.971666666666667,-0.706,31.007235294117645,1,0.0,0.0,0.0,0.0,0.0,0.0,0.0,0.0,40014.4,28660.9,28660.9,349.0,1429.2,948.0,15981.5,0.012176868137427644,0.049865845106050403,0.03307642118705274,0.5576063556971343,0,0,1,1,55.0,38428.1,40014.4,41904.7,41235.0,42880.1,0.04127968856123521,0.04724049342236784,0.07161671798152658,0,1,0
240,usp000af9e,2001-05-21,2001.0,5.0,AK,"136 km ENE of Atka, Alaska",52.575,-172.298,108.8,4.6,mb,reviewed,us,us,204,6.9,4.971666666666667,-0.706,31.007235294117645,1,0.0,0.0,0.0,0.0,0.0,0.0,0.0,0.0,40014.4,28660.9,28660.9,349.0,1429.2,948.0,15981.5,0.012176868137427644,0.049865845106050403,0.03307642118705274,0.5576063556971343,0,0,0,0,46.0,38428.1,40014.4,41904.7,41235.0,42880.1,0.04127968856123521,0.04724049342236784,0.07161671798152658,0,1,0
241,ak0016xz8plz,2001-05-31,2001.0,5.0,AK,"36 km WSW of Salamatof, Alaska",60.4935,-151.9362,74.6,4.7,mb,reviewed,ak,ak,204,6.9,4.971666666666667,-0.706,31.007235294117645,1,0.0,0.0,0.0,0.0,0.0,0.0,0.0,0.0,40014.4,28660.9,28660.9,349.0,1429.2,948.0,15981.5,0.012176868137427644,0.049865845106050403,0.03307642118705274,0.5576063556971343,0,0,0,0,47.0,38428.1,40014.4,41904.7,41235.0,42880.1,0.04127968856123521,0.04724049342236784,0.07161671798152658,0,1,0
242,ak00174n9oac,2001-06-04,2001.0,6.0,AK,"54 km SSW of Tanana, Alaska",64.6986,-152.4037,22.9,5.1,mw,reviewed,ak,ak,204,6.9,4.971666666666667,-0.706,31.007235294117645,1,0.0,0.0,0.0,0.0,0.0,0.0,0.0,0.0,40014.4,28660.9,28660.9,349.0,1429.2,948.0,15981.5,0.012176868137427644,0.049865845106050403,0.03307642118705274,0.5576063556971343,0,0,1,0,54.0,38428.1,40014.4,41904.7,41235.0,42880.1,0.04127968856123521,0.04724049342236784,0.07161671798152658,0,1,0
243,uw10529683,2001-06-10,2001.0,6.0,WA,"18 km N of Satsop, Washington",47.1675,-123.5025,40.245,5.0,md,reviewed,uw,uw,204,6.9,4.971666666666667,-0.706,31.007235294117645,1,1.0,1.0,400.0,2000.0,0.0,0.0,8.0,6.8,317860.6,237978.2,237978.2,3542.0,10614.8,32137.0,157530.1,0.014883716239554715,0.04460408558430982,0.13504178113793616,0.6619518090312474,1,0,1,0,58.0,325857.6,317860.6,321977.1,327645.2,335449.3,-0.02454139476875789,0.012950645660393268,0.05533463411319306,2,1,2
244,ak0017g77cr9,2001-06-11,2001.0,6.0,AK,"44 km ENE of Pedro Bay, Alaska",59.9218,-153.357,133.8,4.6,mb,reviewed,ak,ak,204,6.9,4.971666666666667,-0.706,31.007235294117645,1,0.0,0.0,0.0,0.0,0.0,0.0,0.0,0.0,40014.4,28660.9,28660.9,349.0,1429.2,948.0,15981.5,0.012176868137427644,0.049865845106050403,0.03307642118705274,0.5576063556971343,0,0,0,0,46.0,38428.1,40014.4,41904.7,41235.0,42880.1,0.04127968856123521,0.04724049342236784,0.07161671798152658,0,1,0
245,usp000agmn,2001-06-14,2001.0,6.0,AK,"235 km WSW of Adak, Alaska",51.192,-179.85,33.0,5.5,mwc,reviewed,us,hrv,204,6.9,4.971666666666667,-0.706,31.007235294117645,1,0.0,0.0,0.0,0.0,0.0,0.0,0.0,0.0,40014.4,28660.9,28660.9,349.0,1429.2,948.0,15981.5,0.012176868137427644,0.049865845106050403,0.03307642118705274,0.5576063556971343,0,0,1,0,58.0,38428.1,40014.4,41904.7,41235.0,42880.1,0.04127968856123521,0.04724049342236784,0.07161671798152658,0,1,0
246,usp000agmu,2001-06-14,2001.0,6.0,AK,"236 km WSW of Adak, Alaska",51.135,-179.825,33.0,4.8,mb,reviewed,us,us,204,6.9,4.971666666666667,-0.706,31.007235294117645,1,0.0,0.0,0.0,0.0,0.0,0.0,0.0,0.0,40014.4,28660.9,28660.9,349.0,1429.2,948.0,15981.5,0.012176868137427644,0.049865845106050403,0.03307642118705274,0.5576063556971343,0,0,1,0,51.0,38428.1,40014.4,41904.7,41235.0,42880.1,0.04127968856123521,0.04724049342236784,0.07161671798152658,0,1,0
247,usp000agug,2001-06-17,2001.0,6.0,AK,"89 km E of Adak, Alaska",51.77,-175.346,69.4,4.6,mb,reviewed,us,us,204,6.9,4.971666666666667,-0.706,31.007235294117645,1,0.0,0.0,0.0,0.0,0.0,0.0,0.0,0.0,40014.4,28660.9,28660.9,349.0,1429.2,948.0,15981.5,0.012176868137427644,0.049865845106050403,0.03307642118705274,0.5576063556971343,0,0,1,0,49.0,38428.1,40014.4,41904.7,41235.0,42880.1,0.04127968856123521,0.04724049342236784,0.07161671798152658,0,1,0
248,usp000ah18,2001-06-21,2001.0,6.0,AK,"44 km SW of Adak, Alaska",51.579,-177.066,33.0,4.8,mb,reviewed,us,us,204,6.9,4.971666666666667,-0.706,31.007235294117645,1,0.0,0.0,0.0,0.0,0.0,0.0,0.0,0.0,40014.4,28660.9,28660.9,349.0,1429.2,948.0,15981.5,0.012176868137427644,0.049865845106050403,0.03307642118705274,0.5576063556971343,0,0,1,0,51.0,38428.1,40014.4,41904.7,41235.0,42880.1,0.04127968856123521,0.04724049342236784,0.07161671798152658,0,1,0
249,ak0019727ar1,2001-07-19,2001.0,7.0,AK,"107 km SE of Chiniak, Alaska",57.0277,-150.8557,36.0,5.9,mw,reviewed,ak,ak,204,6.9,4.971666666666667,-0.706,31.007235294117645,1,0.0,0.0,0.0,0.0,0.0,0.0,0.0,0.0,40014.4,28660.9,28660.9,349.0,1429.2,948.0,15981.5,0.012176868137427644,0.049865845106050403,0.03307642118705274,0.5576063556971343,0,0,1,0,62.0,38428.1,40014.4,41904.7,41235.0,42880.1,0.04127968856123521,0.04724049342236784,0.07161671798152658,0,1,0
250,usp000ak4s,2001-07-25,2001.0,7.0,AK,"211 km WSW of Adak, Alaska",51.087,-179.404,33.0,5.4,mwc,reviewed,us,hrv,204,6.9,4.971666666666667,-0.706,31.007235294117645,1,0.0,0.0,0.0,0.0,0.0,0.0,0.0,0.0,40014.4,28660.9,28660.9,349.0,1429.2,948.0,15981.5,0.012176868137427644,0.049865845106050403,0.03307642118705274,0.5576063556971343,0,0,1,0,57.0,38428.1,40014.4,41904.7,41235.0,42880.1,0.04127968856123521,0.04724049342236784,0.07161671798152658,0,1,0
251,usp000ak5f,2001-07-25,2001.0,7.0,AK,"206 km WSW of Adak, Alaska",51.078,-179.312,33.0,4.9,mb,reviewed,us,us,204,6.9,4.971666666666667,-0.706,31.007235294117645,1,0.0,0.0,0.0,0.0,0.0,0.0,0.0,0.0,40014.4,28660.9,28660.9,349.0,1429.2,948.0,15981.5,0.012176868137427644,0.049865845106050403,0.03307642118705274,0.5576063556971343,0,0,1,0,52.0,38428.1,40014.4,41904.7,41235.0,42880.1,0.04127968856123521,0.04724049342236784,0.07161671798152658,0,1,0
252,ak0019lroivn,2001-07-28,2001.0,7.0,AK,"74 km S of Kokhanok, Alaska",58.775,-154.7006,131.8,6.6,mw,reviewed,ak,ak,204,6.9,4.971666666666667,-0.706,31.007235294117645,1,0.0,0.0,0.0,0.0,0.0,0.0,0.0,0.0,40014.4,28660.9,28660.9,349.0,1429.2,948.0,15981.5,0.012176868137427644,0.049865845106050403,0.03307642118705274,0.5576063556971343,0,1,0,0,76.0,38428.1,40014.4,41904.7,41235.0,42880.1,0.04127968856123521,0.04724049342236784,0.07161671798152658,0,1,0
253,ak0019nmgvun,2001-07-29,2001.0,7.0,AK,"105 km SSE of Old Harbor, Alaska",56.3462,-152.5642,7.8,4.6,mb,reviewed,ak,ak,204,6.9,4.971666666666667,-0.706,31.007235294117645,1,0.0,0.0,0.0,0.0,0.0,0.0,0.0,0.0,40014.4,28660.9,28660.9,349.0,1429.2,948.0,15981.5,0.012176868137427644,0.049865845106050403,0.03307642118705274,0.5576063556971343,0,0,1,1,49.0,38428.1,40014.4,41904.7,41235.0,42880.1,0.04127968856123521,0.04724049342236784,0.07161671798152658,0,1,0
254,usp000akvg,2001-08-05,2001.0,8.0,OR,off the coast of Oregon,44.269,-129.296,10.0,4.6,mb,reviewed,us,us,204,6.9,4.971666666666667,-0.706,31.007235294117645,1,0.0,0.0,0.0,0.0,0.0,0.0,0.0,0.0,144486.5,117002.4,117002.4,2671.4,5526.2,19320.1,72565.1,0.022832010283549743,0.047231509780995946,0.165125672635775,0.6202018078261643,0,0,1,1,49.0,145094.2,144486.5,147432.8,154445.3,163046.1,-0.004188313523214654,0.02039152446768375,0.12845213912718492,1,1,1
255,usp000am3q,2001-08-09,2001.0,8.0,AK,"111 km WSW of Adak, Alaska",51.4,-178.059,33.0,5.4,mwc,reviewed,us,hrv,204,6.9,4.971666666666667,-0.706,31.007235294117645,1,0.0,0.0,0.0,0.0,0.0,0.0,0.0,0.0,40014.4,28660.9,28660.9,349.0,1429.2,948.0,15981.5,0.012176868137427644,0.049865845106050403,0.03307642118705274,0.5576063556971343,0,0,1,0,57.0,38428.1,40014.4,41904.7,41235.0,42880.1,0.04127968856123521,0.04724049342236784,0.07161671798152658,0,1,0
256,nc21188442,2001-08-10,2001.0,8.0,CA,"3 km N of Blairsden, California",39.8111667,-120.6166667,5.011,5.2,mw,reviewed,nc,nc,204,6.9,4.971666666666667,-0.706,31.007235294117645,1,1.0,0.0,0.0,0.0,0.0,0.0,6.0,4.2,1784567.7,1373270.8,1373270.8,17911.7,58692.9,177924.8,935120.7,0.01304309390398456,0.042739494643008503,0.12956279271357113,0.6809441371650806,1,0,1,1,60.0,1784320.6,1784567.7,1821509.5,1895287.6,1956745.5,0.00013848408184037123,0.020700699670850285,0.09648151762468862,0,1,0
257,hv5180925,2001-08-11,2001.0,8.0,HI,"10 km W of P?hala, Hawaii",19.2026667,-155.5796667,9.736,4.5,md,reviewed,hv,hv,204,6.9,4.971666666666667,-0.706,31.007235294117645,1,0.0,0.0,0.0,0.0,0.0,0.0,0.0,0.0,60446.4,42500.2,42500.2,355.6,2065.0,928.1,30175.3,0.008367019449320239,0.048588006644674615,0.021837544293909206,0.7100037176295642,0,0,1,1,48.0,60745.7,60446.4,62355.2,65623.7,69332.0,-0.004927097720497017,0.03157839011090811,0.14699965589348576,1,1,1
258,usp000amdc,2001-08-13,2001.0,8.0,CO,"43 km SW of Campo Pesquero el Colorado, Mexico",25.47,-109.605,10.0,4.9,mwc,reviewed,us,hrv,204,6.9,4.971666666666667,-0.706,31.007235294117645,1,0.0,0.0,0.0,0.0,0.0,0.0,0.0,0.0,242650.1,185848.9,185848.9,1858.6,12029.9,14481.5,131253.8,0.010000597259386523,0.0647294657111234,0.07792082708049389,0.7062393159173931,0,0,1,1,52.0,238739.3,242650.1,243701.9,246017.4,250069.3,0.016381048281535623,0.004334636581645704,0.03057571375408451,0,1,0
259,usp000ang3,2001-09-02,2001.0,9.0,AK,"71 km SSE of Atka, Alaska",51.662,-173.633,33.0,4.7,mb,reviewed,us,us,204,6.9,4.971666666666667,-0.706,31.007235294117645,1,0.0,0.0,0.0,0.0,0.0,0.0,0.0,0.0,40014.4,28660.9,28660.9,349.0,1429.2,948.0,15981.5,0.012176868137427644,0.049865845106050403,0.03307642118705274,0.5576063556971343,0,0,1,0,50.0,38428.1,40014.4,41904.7,41235.0,42880.1,0.04127968856123521,0.04724049342236784,0.07161671798152658,0,1,0
260,usp000annm,2001-09-05,2001.0,9.0,AK,"218 km WSW of Adak, Alaska",51.37,-179.688,33.0,4.6,mb,reviewed,us,us,204,6.9,4.971666666666667,-0.706,31.007235294117645,1,0.0,0.0,0.0,0.0,0.0,0.0,0.0,0.0,40014.4,28660.9,28660.9,349.0,1429.2,948.0,15981.5,0.012176868137427644,0.049865845106050403,0.03307642118705274,0.5576063556971343,0,0,1,0,49.0,38428.1,40014.4,41904.7,41235.0,42880.1,0.04127968856123521,0.04724049342236784,0.07161671798152658,0,1,0
261,usp000ap25,2001-09-12,2001.0,9.0,AK,"59 km SSW of Nikolski, Alaska",52.46,-169.245,33.0,5.6,mwc,reviewed,us,hrv,204,6.9,4.971666666666667,-0.706,31.007235294117645,1,0.0,0.0,0.0,0.0,0.0,0.0,0.0,0.0,40014.4,28660.9,28660.9,349.0,1429.2,948.0,15981.5,0.012176868137427644,0.049865845106050403,0.03307642118705274,0.5576063556971343,0,0,1,0,59.0,38428.1,40014.4,41904.7,41235.0,42880.1,0.04127968856123521,0.04724049342236784,0.07161671798152658,0,1,0
262,hv5184925,2001-09-13,2001.0,9.0,HI,"42 km SE of Naalehu, Hawaii",18.8428333,-155.25,11.562,4.9,md,reviewed,hv,hv,204,6.9,4.971666666666667,-0.706,31.007235294117645,1,0.0,0.0,0.0,0.0,0.0,0.0,0.0,0.0,60446.4,42500.2,42500.2,355.6,2065.0,928.1,30175.3,0.008367019449320239,0.048588006644674615,0.021837544293909206,0.7100037176295642,0,0,1,1,52.0,60745.7,60446.4,62355.2,65623.7,69332.0,-0.004927097720497017,0.03157839011090811,0.14699965589348576,1,1,1
263,usp000apb6,2001-09-17,2001.0,9.0,AK,"56 km S of Nikolski, Alaska",52.443,-169.005,33.0,4.6,mb,reviewed,us,us,204,6.9,4.971666666666667,-0.706,31.007235294117645,1,0.0,0.0,0.0,0.0,0.0,0.0,0.0,0.0,40014.4,28660.9,28660.9,349.0,1429.2,948.0,15981.5,0.012176868137427644,0.049865845106050403,0.03307642118705274,0.5576063556971343,0,0,1,0,49.0,38428.1,40014.4,41904.7,41235.0,42880.1,0.04127968856123521,0.04724049342236784,0.07161671798152658,0,1,0
264,usp000apjy,2001-09-21,2001.0,9.0,AK,"88 km WSW of Atka, Alaska",51.786,-175.305,33.0,5.6,mwc,reviewed,us,hrv,204,6.9,4.971666666666667,-0.706,31.007235294117645,1,0.0,0.0,0.0,0.0,0.0,0.0,0.0,0.0,40014.4,28660.9,28660.9,349.0,1429.2,948.0,15981.5,0.012176868137427644,0.049865845106050403,0.03307642118705274,0.5576063556971343,0,0,1,0,59.0,38428.1,40014.4,41904.7,41235.0,42880.1,0.04127968856123521,0.04724049342236784,0.07161671798152658,0,1,0
265,usp000aq1v,2001-09-30,2001.0,9.0,AK,"130 km WSW of Adak, Alaska",51.283,-178.252,33.0,4.9,mb,reviewed,us,us,204,6.9,4.971666666666667,-0.706,31.007235294117645,1,0.0,0.0,0.0,0.0,0.0,0.0,0.0,0.0,40014.4,28660.9,28660.9,349.0,1429.2,948.0,15981.5,0.012176868137427644,0.049865845106050403,0.03307642118705274,0.5576063556971343,0,0,1,0,52.0,38428.1,40014.4,41904.7,41235.0,42880.1,0.04127968856123521,0.04724049342236784,0.07161671798152658,0,1,0
266,ak001ctgu408,2001-10-06,2001.0,10.0,AK,"152 km S of Akhiok, Alaska",55.5764,-154.2039,20.1,4.8,mb,reviewed,ak,ak,204,6.9,4.971666666666667,-0.706,31.007235294117645,1,0.0,0.0,0.0,0.0,0.0,0.0,0.0,0.0,40014.4,28660.9,28660.9,349.0,1429.2,948.0,15981.5,0.012176868137427644,0.049865845106050403,0.03307642118705274,0.5576063556971343,0,0,1,0,51.0,38428.1,40014.4,41904.7,41235.0,42880.1,0.04127968856123521,0.04724049342236784,0.07161671798152658,0,1,0
267,usp000ar3f,2001-10-17,2001.0,10.0,AK,"79 km NNW of Atka, Alaska",52.845,-174.692,249.7,4.5,mb,reviewed,us,us,204,6.9,4.971666666666667,-0.706,31.007235294117645,1,0.0,0.0,0.0,0.0,0.0,0.0,0.0,0.0,40014.4,28660.9,28660.9,349.0,1429.2,948.0,15981.5,0.012176868137427644,0.049865845106050403,0.03307642118705274,0.5576063556971343,0,0,0,0,45.0,38428.1,40014.4,41904.7,41235.0,42880.1,0.04127968856123521,0.04724049342236784,0.07161671798152658,0,1,0
268,usp000arbz,2001-10-21,2001.0,10.0,AK,"128 km S of Unalaska, Alaska",52.721,-166.723,33.0,5.2,mwc,reviewed,us,hrv,204,6.9,4.971666666666667,-0.706,31.007235294117645,1,0.0,0.0,0.0,0.0,0.0,0.0,0.0,0.0,40014.4,28660.9,28660.9,349.0,1429.2,948.0,15981.5,0.012176868137427644,0.049865845106050403,0.03307642118705274,0.5576063556971343,0,0,1,0,55.0,38428.1,40014.4,41904.7,41235.0,42880.1,0.04127968856123521,0.04724049342236784,0.07161671798152658,0,1,0
269,usp000arc9,2001-10-21,2001.0,10.0,AK,"117 km S of Unalaska, Alaska",52.829,-166.768,33.0,4.6,mb,reviewed,us,us,204,6.9,4.971666666666667,-0.706,31.007235294117645,1,0.0,0.0,0.0,0.0,0.0,0.0,0.0,0.0,40014.4,28660.9,28660.9,349.0,1429.2,948.0,15981.5,0.012176868137427644,0.049865845106050403,0.03307642118705274,0.5576063556971343,0,0,1,0,49.0,38428.1,40014.4,41904.7,41235.0,42880.1,0.04127968856123521,0.04724049342236784,0.07161671798152658,0,1,0
270,usp000arry,2001-10-27,2001.0,10.0,AK,"99 km SSW of Atka, Alaska",51.393,-174.829,33.0,5.3,mwc,reviewed,us,hrv,204,6.9,4.971666666666667,-0.706,31.007235294117645,1,0.0,0.0,0.0,0.0,0.0,0.0,0.0,0.0,40014.4,28660.9,28660.9,349.0,1429.2,948.0,15981.5,0.012176868137427644,0.049865845106050403,0.03307642118705274,0.5576063556971343,0,0,1,0,56.0,38428.1,40014.4,41904.7,41235.0,42880.1,0.04127968856123521,0.04724049342236784,0.07161671798152658,0,1,0
271,usp000arrz,2001-10-27,2001.0,10.0,AK,"87 km SW of Atka, Alaska",51.597,-175.018,33.0,4.7,mb,reviewed,us,us,204,6.9,4.971666666666667,-0.706,31.007235294117645,1,0.0,0.0,0.0,0.0,0.0,0.0,0.0,0.0,40014.4,28660.9,28660.9,349.0,1429.2,948.0,15981.5,0.012176868137427644,0.049865845106050403,0.03307642118705274,0.5576063556971343,0,0,1,0,50.0,38428.1,40014.4,41904.7,41235.0,42880.1,0.04127968856123521,0.04724049342236784,0.07161671798152658,0,1,0
272,usp000ars1,2001-10-27,2001.0,10.0,AK,"103 km SSW of Atka, Alaska",51.343,-174.781,33.0,4.7,mb,reviewed,us,us,204,6.9,4.971666666666667,-0.706,31.007235294117645,1,0.0,0.0,0.0,0.0,0.0,0.0,0.0,0.0,40014.4,28660.9,28660.9,349.0,1429.2,948.0,15981.5,0.012176868137427644,0.049865845106050403,0.03307642118705274,0.5576063556971343,0,0,1,0,50.0,38428.1,40014.4,41904.7,41235.0,42880.1,0.04127968856123521,0.04724049342236784,0.07161671798152658,0,1,0
273,usp000arts,2001-10-28,2001.0,10.0,AK,"102 km SSW of Atka, Alaska",51.363,-174.828,33.0,4.6,mb,reviewed,us,us,204,6.9,4.971666666666667,-0.706,31.007235294117645,1,0.0,0.0,0.0,0.0,0.0,0.0,0.0,0.0,40014.4,28660.9,28660.9,349.0,1429.2,948.0,15981.5,0.012176868137427644,0.049865845106050403,0.03307642118705274,0.5576063556971343,0,0,1,0,49.0,38428.1,40014.4,41904.7,41235.0,42880.1,0.04127968856123521,0.04724049342236784,0.07161671798152658,0,1,0
274,usp000artw,2001-10-28,2001.0,10.0,AK,"95 km SSW of Atka, Alaska",51.438,-174.837,33.0,4.5,mb,reviewed,us,us,204,6.9,4.971666666666667,-0.706,31.007235294117645,1,0.0,0.0,0.0,0.0,0.0,0.0,0.0,0.0,40014.4,28660.9,28660.9,349.0,1429.2,948.0,15981.5,0.012176868137427644,0.049865845106050403,0.03307642118705274,0.5576063556971343,0,0,1,0,48.0,38428.1,40014.4,41904.7,41235.0,42880.1,0.04127968856123521,0.04724049342236784,0.07161671798152658,0,1,0
275,usp000arvm,2001-10-29,2001.0,10.0,AK,"140 km WSW of Adak, Alaska",51.452,-178.545,33.0,5.4,mwc,reviewed,us,hrv,204,6.9,4.971666666666667,-0.706,31.007235294117645,1,0.0,0.0,0.0,0.0,0.0,0.0,0.0,0.0,40014.4,28660.9,28660.9,349.0,1429.2,948.0,15981.5,0.012176868137427644,0.049865845106050403,0.03307642118705274,0.5576063556971343,0,0,1,0,57.0,38428.1,40014.4,41904.7,41235.0,42880.1,0.04127968856123521,0.04724049342236784,0.07161671798152658,0,1,0
276,ak001eiu83st,2001-11-12,2001.0,11.0,AK,"10 km SSE of Susitna North, Alaska",62.0806,-149.7514,43.9,4.6,mb,reviewed,ak,ak,204,6.9,4.971666666666667,-0.706,31.007235294117645,1,0.0,0.0,0.0,0.0,0.0,0.0,0.0,0.0,40014.4,28660.9,28660.9,349.0,1429.2,948.0,15981.5,0.012176868137427644,0.049865845106050403,0.03307642118705274,0.5576063556971343,0,0,1,0,49.0,38428.1,40014.4,41904.7,41235.0,42880.1,0.04127968856123521,0.04724049342236784,0.07161671798152658,0,1,0
277,ak001f484mck,2001-11-25,2001.0,11.0,AK,south of Alaska,55.6388,-153.637,12.0,4.5,mb,reviewed,ak,ak,204,6.9,4.971666666666667,-0.706,31.007235294117645,1,0.0,0.0,0.0,0.0,0.0,0.0,0.0,0.0,40014.4,28660.9,28660.9,349.0,1429.2,948.0,15981.5,0.012176868137427644,0.049865845106050403,0.03307642118705274,0.5576063556971343,0,0,1,1,48.0,38428.1,40014.4,41904.7,41235.0,42880.1,0.04127968856123521,0.04724049342236784,0.07161671798152658,0,1,0
278,usp000atr2,2001-11-30,2001.0,11.0,CA,"217 km W of Ferndale, California",40.488,-126.828,4.0,5.3,mwc,reviewed,brk,hrv,204,6.9,4.971666666666667,-0.706,31.007235294117645,1,1.0,0.0,0.0,0.0,0.0,0.0,6.0,4.2,1784567.7,1373270.8,1373270.8,17911.7,58692.9,177924.8,935120.7,0.01304309390398456,0.042739494643008503,0.12956279271357113,0.6809441371650806,1,0,1,1,61.0,1784320.6,1784567.7,1821509.5,1895287.6,1956745.5,0.00013848408184037123,0.020700699670850285,0.09648151762468862,0,1,0
279,usp000atv0,2001-12-02,2001.0,12.0,AK,"93 km SSW of Unalaska, Alaska",53.061,-166.911,33.0,4.8,mb,reviewed,us,us,204,6.9,4.971666666666667,-0.706,31.007235294117645,1,0.0,0.0,0.0,0.0,0.0,0.0,0.0,0.0,40014.4,28660.9,28660.9,349.0,1429.2,948.0,15981.5,0.012176868137427644,0.049865845106050403,0.03307642118705274,0.5576063556971343,0,0,1,0,51.0,38428.1,40014.4,41904.7,41235.0,42880.1,0.04127968856123521,0.04724049342236784,0.07161671798152658,0,1,0
280,usp000au8u,2001-12-08,2001.0,12.0,OR,off the coast of Oregon,43.737,-128.072,10.0,4.8,mb,reviewed,us,us,204,6.9,4.971666666666667,-0.706,31.007235294117645,1,0.0,0.0,0.0,0.0,0.0,0.0,0.0,0.0,144486.5,117002.4,117002.4,2671.4,5526.2,19320.1,72565.1,0.022832010283549743,0.047231509780995946,0.165125672635775,0.6202018078261643,0,0,1,1,51.0,145094.2,144486.5,147432.8,154445.3,163046.1,-0.004188313523214654,0.02039152446768375,0.12845213912718492,1,1,1
281,usp000auge,2001-12-12,2001.0,12.0,AK,"125 km SW of Adak, Alaska",51.241,-178.137,33.0,4.7,mb,reviewed,us,us,204,6.9,4.971666666666667,-0.706,31.007235294117645,1,0.0,0.0,0.0,0.0,0.0,0.0,0.0,0.0,40014.4,28660.9,28660.9,349.0,1429.2,948.0,15981.5,0.012176868137427644,0.049865845106050403,0.03307642118705274,0.5576063556971343,0,0,1,0,50.0,38428.1,40014.4,41904.7,41235.0,42880.1,0.04127968856123521,0.04724049342236784,0.07161671798152658,0,1,0
282,usp000auk6,2001-12-13,2001.0,12.0,AK,"57 km ENE of King Cove, Alaska",55.226,-161.467,83.9,4.8,mb,reviewed,aeic,us,204,6.9,4.971666666666667,-0.706,31.007235294117645,1,0.0,0.0,0.0,0.0,0.0,0.0,0.0,0.0,40014.4,28660.9,28660.9,349.0,1429.2,948.0,15981.5,0.012176868137427644,0.049865845106050403,0.03307642118705274,0.5576063556971343,0,0,0,0,48.0,38428.1,40014.4,41904.7,41235.0,42880.1,0.04127968856123521,0.04724049342236784,0.07161671798152658,0,1,0
283,usp000auys,2001-12-20,2001.0,12.0,AK,"135 km WSW of Adak, Alaska",51.448,-178.467,33.0,4.6,mb,reviewed,us,us,204,6.9,4.971666666666667,-0.706,31.007235294117645,1,0.0,0.0,0.0,0.0,0.0,0.0,0.0,0.0,40014.4,28660.9,28660.9,349.0,1429.2,948.0,15981.5,0.012176868137427644,0.049865845106050403,0.03307642118705274,0.5576063556971343,0,0,1,0,49.0,38428.1,40014.4,41904.7,41235.0,42880.1,0.04127968856123521,0.04724049342236784,0.07161671798152658,0,1,0
284,usp000avyv,2002-01-06,2002.0,1.0,AK,"176 km WSW of Nikolski, Alaska",52.097,-171.058,33.0,5.2,mwc,reviewed,us,hrv,232,7.9,4.886594827586207,-0.4,27.14727586206896,1,2.0,0.0,1.0,56.0,0.0,0.0,9.0,7.9,41904.7,29884.5,29884.5,313.8,1543.6,919.2,16148.5,0.01050042664257391,0.0516521942813164,0.030758419916679217,0.5403637337081095,1,0,1,0,60.0,40014.4,41904.7,41235.0,42880.1,44406.8,0.04724049342236784,-0.0159815008817626,0.05970929275236444,0,1,0
285,usp000aw12,2002-01-07,2002.0,1.0,CA,"252 km W of Ferndale, California",40.308,-127.216,23.6,4.8,ms,reviewed,us,us,232,7.9,4.886594827586207,-0.4,27.14727586206896,1,0.0,0.0,0.0,0.0,0.0,0.0,0.0,0.0,1821509.5,1419321.8,1419321.8,18736.9,59866.3,162473.6,984763.4,0.01320130501764998,0.04217951136944419,0.1144727009759168,0.6938267276666926,0,0,1,0,51.0,1784567.7,1821509.5,1895287.6,1956745.5,2042141.0,0.020700699670850285,0.04050382388892295,0.1211256378295035,0,1,0
286,usp000aw18,2002-01-07,2002.0,1.0,CA,"240 km W of Ferndale, California",40.367,-127.086,23.1,4.8,mb,reviewed,us,us,232,7.9,4.886594827586207,-0.4,27.14727586206896,1,0.0,0.0,0.0,0.0,0.0,0.0,0.0,0.0,1821509.5,1419321.8,1419321.8,18736.9,59866.3,162473.6,984763.4,0.01320130501764998,0.04217951136944419,0.1144727009759168,0.6938267276666926,0,0,1,0,51.0,1784567.7,1821509.5,1895287.6,1956745.5,2042141.0,0.020700699670850285,0.04050382388892295,0.1211256378295035,0,1,0
287,ak0021ph45yx,2002-02-06,2002.0,2.0,AK,"10 km SSW of Elmendorf Air Force Base, Alaska",61.1741,-149.7255,36.7,5.0,mb,reviewed,ak,ak,232,7.9,4.886594827586207,-0.4,27.14727586206896,1,2.0,0.0,1.0,56.0,0.0,0.0,9.0,7.9,41904.7,29884.5,29884.5,313.8,1543.6,919.2,16148.5,0.01050042664257391,0.0516521942813164,0.030758419916679217,0.5403637337081095,1,0,1,0,58.0,40014.4,41904.7,41235.0,42880.1,44406.8,0.04724049342236784,-0.0159815008817626,0.05970929275236444,0,1,0
288,ak0021ph4ceq,2002-02-06,2002.0,2.0,AK,"7 km SSW of Elmendorf Air Force Base, Alaska",61.2017,-149.7001,37.5,5.1,mb,reviewed,ak,ak,232,7.9,4.886594827586207,-0.4,27.14727586206896,1,2.0,0.0,1.0,56.0,0.0,0.0,9.0,7.9,41904.7,29884.5,29884.5,313.8,1543.6,919.2,16148.5,0.01050042664257391,0.0516521942813164,0.030758419916679217,0.5403637337081095,1,0,1,0,59.0,40014.4,41904.7,41235.0,42880.1,44406.8,0.04724049342236784,-0.0159815008817626,0.05970929275236444,0,1,0
289,usp000axyw,2002-02-07,2002.0,2.0,AK,"62 km ESE of King Cove, Alaska",54.85,-161.409,87.8,4.6,mb,reviewed,us,us,232,7.9,4.886594827586207,-0.4,27.14727586206896,1,2.0,0.0,1.0,56.0,0.0,0.0,9.0,7.9,41904.7,29884.5,29884.5,313.8,1543.6,919.2,16148.5,0.01050042664257391,0.0516521942813164,0.030758419916679217,0.5403637337081095,1,0,0,0,51.0,40014.4,41904.7,41235.0,42880.1,44406.8,0.04724049342236784,-0.0159815008817626,0.05970929275236444,0,1,0
290,usp000ay8t,2002-02-11,2002.0,2.0,AK,"102 km S of Sand Point, Alaska",54.429,-160.807,33.0,4.7,mb,reviewed,us,us,232,7.9,4.886594827586207,-0.4,27.14727586206896,1,2.0,0.0,1.0,56.0,0.0,0.0,9.0,7.9,41904.7,29884.5,29884.5,313.8,1543.6,919.2,16148.5,0.01050042664257391,0.0516521942813164,0.030758419916679217,0.5403637337081095,1,0,1,0,55.0,40014.4,41904.7,41235.0,42880.1,44406.8,0.04724049342236784,-0.0159815008817626,0.05970929275236444,0,1,0
291,ak0022kypnxz,2002-02-25,2002.0,2.0,AK,"42 km SW of Tatitlek, Alaska",60.5699,-147.1591,5.0,4.9,mw,reviewed,ak,ak,232,7.9,4.886594827586207,-0.4,27.14727586206896,1,2.0,0.0,1.0,56.0,0.0,0.0,9.0,7.9,41904.7,29884.5,29884.5,313.8,1543.6,919.2,16148.5,0.01050042664257391,0.0516521942813164,0.030758419916679217,0.5403637337081095,1,0,1,1,57.0,40014.4,41904.7,41235.0,42880.1,44406.8,0.04724049342236784,-0.0159815008817626,0.05970929275236444,0,1,0
292,usp000azbq,2002-02-28,2002.0,2.0,AK,"76 km S of King Cove, Alaska",54.382,-162.475,62.8,4.8,mwc,reviewed,us,hrv,232,7.9,4.886594827586207,-0.4,27.14727586206896,1,2.0,0.0,1.0,56.0,0.0,0.0,9.0,7.9,41904.7,29884.5,29884.5,313.8,1543.6,919.2,16148.5,0.01050042664257391,0.0516521942813164,0.030758419916679217,0.5403637337081095,1,0,1,0,56.0,40014.4,41904.7,41235.0,42880.1,44406.8,0.04724049342236784,-0.0159815008817626,0.05970929275236444,0,1,0
293,usp000azd1,2002-03-01,2002.0,3.0,AK,"131 km S of Unalaska, Alaska",52.697,-166.695,33.0,5.5,mwc,reviewed,us,hrv,232,7.9,4.886594827586207,-0.4,27.14727586206896,1,2.0,0.0,1.0,56.0,0.0,0.0,9.0,7.9,41904.7,29884.5,29884.5,313.8,1543.6,919.2,16148.5,0.01050042664257391,0.0516521942813164,0.030758419916679217,0.5403637337081095,1,0,1,0,63.0,40014.4,41904.7,41235.0,42880.1,44406.8,0.04724049342236784,-0.0159815008817626,0.05970929275236444,0,1,0
294,usp000azps,2002-03-05,2002.0,3.0,AK,"80 km S of False Pass, Alaska",54.137,-163.597,33.0,4.6,mb,reviewed,us,us,232,7.9,4.886594827586207,-0.4,27.14727586206896,1,2.0,0.0,1.0,56.0,0.0,0.0,9.0,7.9,41904.7,29884.5,29884.5,313.8,1543.6,919.2,16148.5,0.01050042664257391,0.0516521942813164,0.030758419916679217,0.5403637337081095,1,0,1,0,54.0,40014.4,41904.7,41235.0,42880.1,44406.8,0.04724049342236784,-0.0159815008817626,0.05970929275236444,0,1,0
295,usp000b0ce,2002-03-15,2002.0,3.0,AK,"102 km SE of Atka, Alaska",51.537,-173.169,33.0,4.5,mb,reviewed,us,us,232,7.9,4.886594827586207,-0.4,27.14727586206896,1,2.0,0.0,1.0,56.0,0.0,0.0,9.0,7.9,41904.7,29884.5,29884.5,313.8,1543.6,919.2,16148.5,0.01050042664257391,0.0516521942813164,0.030758419916679217,0.5403637337081095,1,0,1,0,53.0,40014.4,41904.7,41235.0,42880.1,44406.8,0.04724049342236784,-0.0159815008817626,0.05970929275236444,0,1,0
296,usp000b0fn,2002-03-17,2002.0,3.0,AK,"100 km SE of Atka, Alaska",51.528,-173.223,33.0,4.5,mb,reviewed,us,us,232,7.9,4.886594827586207,-0.4,27.14727586206896,1,2.0,0.0,1.0,56.0,0.0,0.0,9.0,7.9,41904.7,29884.5,29884.5,313.8,1543.6,919.2,16148.5,0.01050042664257391,0.0516521942813164,0.030758419916679217,0.5403637337081095,1,0,1,0,53.0,40014.4,41904.7,41235.0,42880.1,44406.8,0.04724049342236784,-0.0159815008817626,0.05970929275236444,0,1,0
297,usp000b0ft,2002-03-17,2002.0,3.0,AK,"103 km SE of Atka, Alaska",51.464,-173.275,33.0,5.9,mwc,reviewed,us,hrv,232,7.9,4.886594827586207,-0.4,27.14727586206896,1,2.0,0.0,1.0,56.0,0.0,0.0,9.0,7.9,41904.7,29884.5,29884.5,313.8,1543.6,919.2,16148.5,0.01050042664257391,0.0516521942813164,0.030758419916679217,0.5403637337081095,1,0,1,0,67.0,40014.4,41904.7,41235.0,42880.1,44406.8,0.04724049342236784,-0.0159815008817626,0.05970929275236444,0,1,0
298,usp000b0hv,2002-03-18,2002.0,3.0,AK,"16 km ENE of Adak, Alaska",51.952,-176.424,21.5,4.6,mb,reviewed,us,us,232,7.9,4.886594827586207,-0.4,27.14727586206896,1,2.0,0.0,1.0,56.0,0.0,0.0,9.0,7.9,41904.7,29884.5,29884.5,313.8,1543.6,919.2,16148.5,0.01050042664257391,0.0516521942813164,0.030758419916679217,0.5403637337081095,1,0,1,0,54.0,40014.4,41904.7,41235.0,42880.1,44406.8,0.04724049342236784,-0.0159815008817626,0.05970929275236444,0,1,0
299,usp000b0x9,2002-03-23,2002.0,3.0,AK,"96 km WSW of Adak, Alaska",51.424,-177.824,33.0,4.7,mb,reviewed,us,us,232,7.9,4.886594827586207,-0.4,27.14727586206896,1,2.0,0.0,1.0,56.0,0.0,0.0,9.0,7.9,41904.7,29884.5,29884.5,313.8,1543.6,919.2,16148.5,0.01050042664257391,0.0516521942813164,0.030758419916679217,0.5403637337081095,1,0,1,0,55.0,40014.4,41904.7,41235.0,42880.1,44406.8,0.04724049342236784,-0.0159815008817626,0.05970929275236444,0,1,0
300,ak0023tm57b5,2002-03-24,2002.0,3.0,AK,"150 km S of Cordova, Alaska",59.213,-145.3367,17.2,4.5,mb,reviewed,ak,ak,232,7.9,4.886594827586207,-0.4,27.14727586206896,1,2.0,0.0,1.0,56.0,0.0,0.0,9.0,7.9,41904.7,29884.5,29884.5,313.8,1543.6,919.2,16148.5,0.01050042664257391,0.0516521942813164,0.030758419916679217,0.5403637337081095,1,0,1,1,53.0,40014.4,41904.7,41235.0,42880.1,44406.8,0.04724049342236784,-0.0159815008817626,0.05970929275236444,0,1,0
301,usp000b1gz,2002-04-01,2002.0,4.0,OR,off the coast of Oregon,44.134,-128.871,10.0,4.5,mb,reviewed,us,us,232,7.9,4.886594827586207,-0.4,27.14727586206896,1,0.0,0.0,0.0,0.0,0.0,0.0,0.0,0.0,147432.8,120556.1,120556.1,2778.9,5349.2,20610.4,74271.7,0.023050679310296203,0.04437104385427199,0.17096107123571516,0.6160758352335551,0,0,1,1,48.0,144486.5,147432.8,154445.3,163046.1,168734.4,0.02039152446768375,0.04756404273675872,0.14448345280019106,0,1,0
302,usp000b1xg,2002-04-07,2002.0,4.0,AK,"129 km WSW of Adak, Alaska",51.267,-178.22,33.0,4.8,mb,reviewed,us,us,232,7.9,4.886594827586207,-0.4,27.14727586206896,1,2.0,0.0,1.0,56.0,0.0,0.0,9.0,7.9,41904.7,29884.5,29884.5,313.8,1543.6,919.2,16148.5,0.01050042664257391,0.0516521942813164,0.030758419916679217,0.5403637337081095,1,0,1,0,56.0,40014.4,41904.7,41235.0,42880.1,44406.8,0.04724049342236784,-0.0159815008817626,0.05970929275236444,0,1,0
303,usp000b2h3,2002-04-16,2002.0,4.0,AK,"123 km SW of Nikolski, Alaska",52.055,-169.951,33.0,5.3,mwc,reviewed,us,hrv,232,7.9,4.886594827586207,-0.4,27.14727586206896,1,2.0,0.0,1.0,56.0,0.0,0.0,9.0,7.9,41904.7,29884.5,29884.5,313.8,1543.6,919.2,16148.5,0.01050042664257391,0.0516521942813164,0.030758419916679217,0.5403637337081095,1,0,1,0,61.0,40014.4,41904.7,41235.0,42880.1,44406.8,0.04724049342236784,-0.0159815008817626,0.05970929275236444,0,1,0
304,usp000b2jd,2002-04-17,2002.0,4.0,AK,"167 km WSW of Adak, Alaska",51.303,-178.868,46.5,4.6,mb,reviewed,us,us,232,7.9,4.886594827586207,-0.4,27.14727586206896,1,2.0,0.0,1.0,56.0,0.0,0.0,9.0,7.9,41904.7,29884.5,29884.5,313.8,1543.6,919.2,16148.5,0.01050042664257391,0.0516521942813164,0.030758419916679217,0.5403637337081095,1,0,1,0,54.0,40014.4,41904.7,41235.0,42880.1,44406.8,0.04724049342236784,-0.0159815008817626,0.05970929275236444,0,1,0
305,ld2002042000,2002-04-20,2002.0,4.0,NY,"8 km NNW of Au Sable Forks, New York",44.5123333,-73.6973333,4.83,5.3,mlg,reviewed,ld,ld,232,7.9,4.886594827586207,-0.4,27.14727586206896,1,1.0,0.0,0.0,0.0,0.0,0.0,7.0,5.2,1228580.8,885386.2,885386.2,1526.6,27698.4,63442.6,691369.9,0.001724219329372877,0.03128397528671669,0.07165528443971682,0.7808681680378574,1,0,1,1,61.0,1240755.2,1228580.8,1236563.1,1269433.1,1301438.0,-0.009812088637629652,0.00649717137041377,0.05930191974349587,2,1,2
306,usp000b31p,2002-04-24,2002.0,4.0,AK,"123 km SW of Adak, Alaska",51.085,-177.879,33.0,5.6,mwc,reviewed,us,hrv,232,7.9,4.886594827586207,-0.4,27.14727586206896,1,2.0,0.0,1.0,56.0,0.0,0.0,9.0,7.9,41904.7,29884.5,29884.5,313.8,1543.6,919.2,16148.5,0.01050042664257391,0.0516521942813164,0.030758419916679217,0.5403637337081095,1,0,1,0,64.0,40014.4,41904.7,41235.0,42880.1,44406.8,0.04724049342236784,-0.0159815008817626,0.05970929275236444,0,1,0
307,nc21223451,2002-04-29,2002.0,4.0,CA,"15 km W of Ferndale, California",40.6021667,-124.4496667,28.697,4.6,mw,reviewed,nc,nc,232,7.9,4.886594827586207,-0.4,27.14727586206896,1,0.0,0.0,0.0,0.0,0.0,0.0,0.0,0.0,1821509.5,1419321.8,1419321.8,18736.9,59866.3,162473.6,984763.4,0.01320130501764998,0.04217951136944419,0.1144727009759168,0.6938267276666926,0,0,1,0,49.0,1784567.7,1821509.5,1895287.6,1956745.5,2042141.0,0.020700699670850285,0.04050382388892295,0.1211256378295035,0,1,0
308,nc21254601,2002-05-14,2002.0,5.0,CA,"5 km SSW of Gilroy, California",36.9668333,-121.5983333,6.791,4.9,mw,reviewed,nc,nc,232,7.9,4.886594827586207,-0.4,27.14727586206896,1,0.0,0.0,0.0,0.0,0.0,0.0,0.0,0.0,1821509.5,1419321.8,1419321.8,18736.9,59866.3,162473.6,984763.4,0.01320130501764998,0.04217951136944419,0.1144727009759168,0.6938267276666926,0,0,1,1,52.0,1784567.7,1821509.5,1895287.6,1956745.5,2042141.0,0.020700699670850285,0.04050382388892295,0.1211256378295035,0,1,0
309,usp000b4bp,2002-05-15,2002.0,5.0,OR,"218 km W of Bandon, Oregon",43.41,-127.076,10.0,5.4,mwc,reviewed,us,hrv,232,7.9,4.886594827586207,-0.4,27.14727586206896,1,0.0,0.0,0.0,0.0,0.0,0.0,0.0,0.0,147432.8,120556.1,120556.1,2778.9,5349.2,20610.4,74271.7,0.023050679310296203,0.04437104385427199,0.17096107123571516,0.6160758352335551,0,0,1,1,57.0,144486.5,147432.8,154445.3,163046.1,168734.4,0.02039152446768375,0.04756404273675872,0.14448345280019106,0,1,0
310,usp000b4xm,2002-05-25,2002.0,5.0,AK,"165 km SSE of King Cove, Alaska",53.724,-161.221,33.0,4.8,mb,reviewed,us,us,232,7.9,4.886594827586207,-0.4,27.14727586206896,1,2.0,0.0,1.0,56.0,0.0,0.0,9.0,7.9,41904.7,29884.5,29884.5,313.8,1543.6,919.2,16148.5,0.01050042664257391,0.0516521942813164,0.030758419916679217,0.5403637337081095,1,0,1,0,56.0,40014.4,41904.7,41235.0,42880.1,44406.8,0.04724049342236784,-0.0159815008817626,0.05970929275236444,0,1,0
311,usp000b4ye,2002-05-25,2002.0,5.0,AK,"154 km SE of King Cove, Alaska",53.914,-160.972,33.0,4.9,mb,reviewed,us,us,232,7.9,4.886594827586207,-0.4,27.14727586206896,1,2.0,0.0,1.0,56.0,0.0,0.0,9.0,7.9,41904.7,29884.5,29884.5,313.8,1543.6,919.2,16148.5,0.01050042664257391,0.0516521942813164,0.030758419916679217,0.5403637337081095,1,0,1,0,57.0,40014.4,41904.7,41235.0,42880.1,44406.8,0.04724049342236784,-0.0159815008817626,0.05970929275236444,0,1,0
312,usp000b553,2002-05-28,2002.0,5.0,AK,"38 km ENE of Adak, Alaska",52.064,-176.164,33.0,4.6,mb,reviewed,us,us,232,7.9,4.886594827586207,-0.4,27.14727586206896,1,2.0,0.0,1.0,56.0,0.0,0.0,9.0,7.9,41904.7,29884.5,29884.5,313.8,1543.6,919.2,16148.5,0.01050042664257391,0.0516521942813164,0.030758419916679217,0.5403637337081095,1,0,1,0,54.0,40014.4,41904.7,41235.0,42880.1,44406.8,0.04724049342236784,-0.0159815008817626,0.05970929275236444,0,1,0
313,usp000b56q,2002-05-29,2002.0,5.0,AK,"160 km SSE of King Cove, Alaska",53.806,-161.106,33.0,4.5,mb,reviewed,us,us,232,7.9,4.886594827586207,-0.4,27.14727586206896,1,2.0,0.0,1.0,56.0,0.0,0.0,9.0,7.9,41904.7,29884.5,29884.5,313.8,1543.6,919.2,16148.5,0.01050042664257391,0.0516521942813164,0.030758419916679217,0.5403637337081095,1,0,1,0,53.0,40014.4,41904.7,41235.0,42880.1,44406.8,0.04724049342236784,-0.0159815008817626,0.05970929275236444,0,1,0
314,ak0027g03kfp,2002-06-11,2002.0,6.0,AK,"13 km SE of Skwentna, Alaska",61.9033,-151.2085,68.3,4.5,mb,reviewed,ak,ak,232,7.9,4.886594827586207,-0.4,27.14727586206896,1,2.0,0.0,1.0,56.0,0.0,0.0,9.0,7.9,41904.7,29884.5,29884.5,313.8,1543.6,919.2,16148.5,0.01050042664257391,0.0516521942813164,0.030758419916679217,0.5403637337081095,1,0,1,0,53.0,40014.4,41904.7,41235.0,42880.1,44406.8,0.04724049342236784,-0.0159815008817626,0.05970929275236444,0,1,0
315,ak0027q3w92y,2002-06-17,2002.0,6.0,AK,"31 km NE of Pedro Bay, Alaska",59.9893,-153.706,172.2,4.5,mb,reviewed,ak,ak,232,7.9,4.886594827586207,-0.4,27.14727586206896,1,2.0,0.0,1.0,56.0,0.0,0.0,9.0,7.9,41904.7,29884.5,29884.5,313.8,1543.6,919.2,16148.5,0.01050042664257391,0.0516521942813164,0.030758419916679217,0.5403637337081095,1,0,0,0,50.0,40014.4,41904.7,41235.0,42880.1,44406.8,0.04724049342236784,-0.0159815008817626,0.05970929275236444,0,1,0
316,nc21231051,2002-06-17,2002.0,6.0,CA,"29 km WNW of Fields Landing, California",40.8098333,-124.552,17.195,5.2,mw,reviewed,nc,nc,232,7.9,4.886594827586207,-0.4,27.14727586206896,1,0.0,0.0,0.0,0.0,0.0,0.0,0.0,0.0,1821509.5,1419321.8,1419321.8,18736.9,59866.3,162473.6,984763.4,0.01320130501764998,0.04217951136944419,0.1144727009759168,0.6938267276666926,0,0,1,1,55.0,1784567.7,1821509.5,1895287.6,1956745.5,2042141.0,0.020700699670850285,0.04050382388892295,0.1211256378295035,0,1,0
317,usp000b6fs,2002-06-19,2002.0,6.0,AK,"198 km WSW of Adak, Alaska",51.2,-179.28,33.0,4.7,mb,reviewed,us,us,232,7.9,4.886594827586207,-0.4,27.14727586206896,1,2.0,0.0,1.0,56.0,0.0,0.0,9.0,7.9,41904.7,29884.5,29884.5,313.8,1543.6,919.2,16148.5,0.01050042664257391,0.0516521942813164,0.030758419916679217,0.5403637337081095,1,0,1,0,55.0,40014.4,41904.7,41235.0,42880.1,44406.8,0.04724049342236784,-0.0159815008817626,0.05970929275236444,0,1,0
318,usp000b6y3,2002-06-26,2002.0,6.0,AK,"206 km SSE of King Cove, Alaska",53.295,-161.354,29.3,4.6,mb,reviewed,aeic,us,232,7.9,4.886594827586207,-0.4,27.14727586206896,1,2.0,0.0,1.0,56.0,0.0,0.0,9.0,7.9,41904.7,29884.5,29884.5,313.8,1543.6,919.2,16148.5,0.01050042664257391,0.0516521942813164,0.030758419916679217,0.5403637337081095,1,0,1,0,54.0,40014.4,41904.7,41235.0,42880.1,44406.8,0.04724049342236784,-0.0159815008817626,0.05970929275236444,0,1,0
319,uw10569358,2002-06-29,2002.0,6.0,OR,"6 km ENE of Government Camp, Oregon",45.3348333,-121.6863333,4.915,4.5,md,reviewed,uw,uw,232,7.9,4.886594827586207,-0.4,27.14727586206896,1,0.0,0.0,0.0,0.0,0.0,0.0,0.0,0.0,147432.8,120556.1,120556.1,2778.9,5349.2,20610.4,74271.7,0.023050679310296203,0.04437104385427199,0.17096107123571516,0.6160758352335551,0,0,1,1,48.0,144486.5,147432.8,154445.3,163046.1,168734.4,0.02039152446768375,0.04756404273675872,0.14448345280019106,0,1,0
320,usp000b7un,2002-07-09,2002.0,7.0,AK,"155 km S of False Pass, Alaska",53.46,-163.513,33.0,4.6,mb,reviewed,us,us,232,7.9,4.886594827586207,-0.4,27.14727586206896,1,2.0,0.0,1.0,56.0,0.0,0.0,9.0,7.9,41904.7,29884.5,29884.5,313.8,1543.6,919.2,16148.5,0.01050042664257391,0.0516521942813164,0.030758419916679217,0.5403637337081095,1,0,1,0,54.0,40014.4,41904.7,41235.0,42880.1,44406.8,0.04724049342236784,-0.0159815008817626,0.05970929275236444,0,1,0
321,usp000b8wu,2002-07-28,2002.0,7.0,AK,"133 km SW of Adak, Alaska",51.07,-178.057,33.0,5.3,mwc,reviewed,us,hrv,232,7.9,4.886594827586207,-0.4,27.14727586206896,1,2.0,0.0,1.0,56.0,0.0,0.0,9.0,7.9,41904.7,29884.5,29884.5,313.8,1543.6,919.2,16148.5,0.01050042664257391,0.0516521942813164,0.030758419916679217,0.5403637337081095,1,0,1,0,61.0,40014.4,41904.7,41235.0,42880.1,44406.8,0.04724049342236784,-0.0159815008817626,0.05970929275236444,0,1,0
322,usp000b97u,2002-08-03,2002.0,8.0,AK,"113 km SSW of Nikolski, Alaska",52.041,-169.656,33.0,4.8,mb,reviewed,us,us,232,7.9,4.886594827586207,-0.4,27.14727586206896,1,2.0,0.0,1.0,56.0,0.0,0.0,9.0,7.9,41904.7,29884.5,29884.5,313.8,1543.6,919.2,16148.5,0.01050042664257391,0.0516521942813164,0.030758419916679217,0.5403637337081095,1,0,1,0,56.0,40014.4,41904.7,41235.0,42880.1,44406.8,0.04724049342236784,-0.0159815008817626,0.05970929275236444,0,1,0
323,usp000b9r0,2002-08-12,2002.0,8.0,AK,"121 km S of Unalaska, Alaska",52.794,-166.742,33.0,4.8,mb,reviewed,us,us,232,7.9,4.886594827586207,-0.4,27.14727586206896,1,2.0,0.0,1.0,56.0,0.0,0.0,9.0,7.9,41904.7,29884.5,29884.5,313.8,1543.6,919.2,16148.5,0.01050042664257391,0.0516521942813164,0.030758419916679217,0.5403637337081095,1,0,1,0,56.0,40014.4,41904.7,41235.0,42880.1,44406.8,0.04724049342236784,-0.0159815008817626,0.05970929275236444,0,1,0
324,usp000b9ww,2002-08-14,2002.0,8.0,AK,"163 km S of False Pass, Alaska",53.388,-163.589,33.0,4.5,mb,reviewed,us,us,232,7.9,4.886594827586207,-0.4,27.14727586206896,1,2.0,0.0,1.0,56.0,0.0,0.0,9.0,7.9,41904.7,29884.5,29884.5,313.8,1543.6,919.2,16148.5,0.01050042664257391,0.0516521942813164,0.030758419916679217,0.5403637337081095,1,0,1,0,53.0,40014.4,41904.7,41235.0,42880.1,44406.8,0.04724049342236784,-0.0159815008817626,0.05970929275236444,0,1,0
325,usp000babs,2002-08-21,2002.0,8.0,AK,"126 km WSW of Adak, Alaska",51.476,-178.354,33.0,5.1,mwc,reviewed,us,hrv,232,7.9,4.886594827586207,-0.4,27.14727586206896,1,2.0,0.0,1.0,56.0,0.0,0.0,9.0,7.9,41904.7,29884.5,29884.5,313.8,1543.6,919.2,16148.5,0.01050042664257391,0.0516521942813164,0.030758419916679217,0.5403637337081095,1,0,1,0,59.0,40014.4,41904.7,41235.0,42880.1,44406.8,0.04724049342236784,-0.0159815008817626,0.05970929275236444,0,1,0
326,usp000bae8,2002-08-22,2002.0,8.0,OR,off the coast of Oregon,43.921,-128.366,10.0,5.1,mwc,reviewed,us,hrv,232,7.9,4.886594827586207,-0.4,27.14727586206896,1,0.0,0.0,0.0,0.0,0.0,0.0,0.0,0.0,147432.8,120556.1,120556.1,2778.9,5349.2,20610.4,74271.7,0.023050679310296203,0.04437104385427199,0.17096107123571516,0.6160758352335551,0,0,1,1,54.0,144486.5,147432.8,154445.3,163046.1,168734.4,0.02039152446768375,0.04756404273675872,0.14448345280019106,0,1,0
327,usp000baw5,2002-08-29,2002.0,8.0,AK,"146 km S of False Pass, Alaska",53.545,-163.683,35.6,5.1,mwc,reviewed,us,hrv,232,7.9,4.886594827586207,-0.4,27.14727586206896,1,2.0,0.0,1.0,56.0,0.0,0.0,9.0,7.9,41904.7,29884.5,29884.5,313.8,1543.6,919.2,16148.5,0.01050042664257391,0.0516521942813164,0.030758419916679217,0.5403637337081095,1,0,1,0,59.0,40014.4,41904.7,41235.0,42880.1,44406.8,0.04724049342236784,-0.0159815008817626,0.05970929275236444,0,1,0
328,usp000bb3x,2002-09-02,2002.0,9.0,OR,off the coast of Oregon,43.891,-128.366,21.3,5.2,mb,reviewed,us,us,232,7.9,4.886594827586207,-0.4,27.14727586206896,1,0.0,0.0,0.0,0.0,0.0,0.0,0.0,0.0,147432.8,120556.1,120556.1,2778.9,5349.2,20610.4,74271.7,0.023050679310296203,0.04437104385427199,0.17096107123571516,0.6160758352335551,0,0,1,0,55.0,144486.5,147432.8,154445.3,163046.1,168734.4,0.02039152446768375,0.04756404273675872,0.14448345280019106,0,1,0
329,usp000bb3y,2002-09-02,2002.0,9.0,OR,off the coast of Oregon,43.916,-128.243,19.1,5.7,mwb,reviewed,us,us,232,7.9,4.886594827586207,-0.4,27.14727586206896,1,0.0,0.0,0.0,0.0,0.0,0.0,0.0,0.0,147432.8,120556.1,120556.1,2778.9,5349.2,20610.4,74271.7,0.023050679310296203,0.04437104385427199,0.17096107123571516,0.6160758352335551,0,0,1,1,60.0,144486.5,147432.8,154445.3,163046.1,168734.4,0.02039152446768375,0.04756404273675872,0.14448345280019106,0,1,0
330,usp000bb4j,2002-09-02,2002.0,9.0,OR,off the coast of Oregon,43.972,-128.319,10.0,4.7,mb,reviewed,us,us,232,7.9,4.886594827586207,-0.4,27.14727586206896,1,0.0,0.0,0.0,0.0,0.0,0.0,0.0,0.0,147432.8,120556.1,120556.1,2778.9,5349.2,20610.4,74271.7,0.023050679310296203,0.04437104385427199,0.17096107123571516,0.6160758352335551,0,0,1,1,50.0,144486.5,147432.8,154445.3,163046.1,168734.4,0.02039152446768375,0.04756404273675872,0.14448345280019106,0,1,0
331,ak002be7alih,2002-09-05,2002.0,9.0,AK,"67 km ENE of Ouzinkie, Alaska",58.1809,-151.4703,45.8,5.2,mw,reviewed,ak,ak,232,7.9,4.886594827586207,-0.4,27.14727586206896,1,2.0,0.0,1.0,56.0,0.0,0.0,9.0,7.9,41904.7,29884.5,29884.5,313.8,1543.6,919.2,16148.5,0.01050042664257391,0.0516521942813164,0.030758419916679217,0.5403637337081095,1,0,1,0,60.0,40014.4,41904.7,41235.0,42880.1,44406.8,0.04724049342236784,-0.0159815008817626,0.05970929275236444,0,1,0
332,usp000bbac,2002-09-05,2002.0,9.0,AK,"213 km S of Atka, Alaska",50.285,-174.411,33.0,4.7,mb,reviewed,us,us,232,7.9,4.886594827586207,-0.4,27.14727586206896,1,2.0,0.0,1.0,56.0,0.0,0.0,9.0,7.9,41904.7,29884.5,29884.5,313.8,1543.6,919.2,16148.5,0.01050042664257391,0.0516521942813164,0.030758419916679217,0.5403637337081095,1,0,1,0,55.0,40014.4,41904.7,41235.0,42880.1,44406.8,0.04724049342236784,-0.0159815008817626,0.05970929275236444,0,1,0
333,ak002boc7d4z,2002-09-11,2002.0,9.0,AK,"32 km SSW of Karluk, Alaska",57.318,-154.718,15.1,4.7,mb,reviewed,ak,ak,232,7.9,4.886594827586207,-0.4,27.14727586206896,1,2.0,0.0,1.0,56.0,0.0,0.0,9.0,7.9,41904.7,29884.5,29884.5,313.8,1543.6,919.2,16148.5,0.01050042664257391,0.0516521942813164,0.030758419916679217,0.5403637337081095,1,0,1,1,55.0,40014.4,41904.7,41235.0,42880.1,44406.8,0.04724049342236784,-0.0159815008817626,0.05970929275236444,0,1,0
334,usp000bd2s,2002-09-25,2002.0,9.0,AK,"58 km SW of Adak, Alaska",51.507,-177.247,33.0,4.6,mb,reviewed,us,us,232,7.9,4.886594827586207,-0.4,27.14727586206896,1,2.0,0.0,1.0,56.0,0.0,0.0,9.0,7.9,41904.7,29884.5,29884.5,313.8,1543.6,919.2,16148.5,0.01050042664257391,0.0516521942813164,0.030758419916679217,0.5403637337081095,1,0,1,0,54.0,40014.4,41904.7,41235.0,42880.1,44406.8,0.04724049342236784,-0.0159815008817626,0.05970929275236444,0,1,0
335,ak002dlpsbnr,2002-10-23,2002.0,10.0,AK,"53 km ENE of Cantwell, Alaska",63.5144,-147.9116,4.2,6.6,mw,reviewed,ak,ak,232,7.9,4.886594827586207,-0.4,27.14727586206896,1,2.0,0.0,1.0,56.0,0.0,0.0,9.0,7.9,41904.7,29884.5,29884.5,313.8,1543.6,919.2,16148.5,0.01050042664257391,0.0516521942813164,0.030758419916679217,0.5403637337081095,1,1,1,1,84.0,40014.4,41904.7,41235.0,42880.1,44406.8,0.04724049342236784,-0.0159815008817626,0.05970929275236444,0,1,0
336,usp000bfkd,2002-10-29,2002.0,10.0,AK,"18 km SW of Petersville, Alaska",62.364,-150.966,73.0,4.6,mb,reviewed,aeic,us,232,7.9,4.886594827586207,-0.4,27.14727586206896,1,2.0,0.0,1.0,56.0,0.0,0.0,9.0,7.9,41904.7,29884.5,29884.5,313.8,1543.6,919.2,16148.5,0.01050042664257391,0.0516521942813164,0.030758419916679217,0.5403637337081095,1,0,0,0,51.0,40014.4,41904.7,41235.0,42880.1,44406.8,0.04724049342236784,-0.0159815008817626,0.05970929275236444,0,1,0
337,usp000bfmb,2002-10-29,2002.0,10.0,AK,"77 km SSE of Atka, Alaska",51.608,-173.6,33.0,4.8,mb,reviewed,us,us,232,7.9,4.886594827586207,-0.4,27.14727586206896,1,2.0,0.0,1.0,56.0,0.0,0.0,9.0,7.9,41904.7,29884.5,29884.5,313.8,1543.6,919.2,16148.5,0.01050042664257391,0.0516521942813164,0.030758419916679217,0.5403637337081095,1,0,1,0,56.0,40014.4,41904.7,41235.0,42880.1,44406.8,0.04724049342236784,-0.0159815008817626,0.05970929275236444,0,1,0
338,usp000bfmc,2002-10-29,2002.0,10.0,AK,"76 km SSE of Atka, Alaska",51.616,-173.612,33.0,5.1,mwc,reviewed,us,hrv,232,7.9,4.886594827586207,-0.4,27.14727586206896,1,2.0,0.0,1.0,56.0,0.0,0.0,9.0,7.9,41904.7,29884.5,29884.5,313.8,1543.6,919.2,16148.5,0.01050042664257391,0.0516521942813164,0.030758419916679217,0.5403637337081095,1,0,1,0,59.0,40014.4,41904.7,41235.0,42880.1,44406.8,0.04724049342236784,-0.0159815008817626,0.05970929275236444,0,1,0
339,ak002e435qpj,2002-11-03,2002.0,11.0,AK,"2002 Denali Fault, Alaska Earthquake",63.5141,-147.4529,4.2,7.9,mw,reviewed,ak,ak,232,7.9,4.886594827586207,-0.4,27.14727586206896,1,2.0,0.0,1.0,56.0,0.0,0.0,9.0,7.9,41904.7,29884.5,29884.5,313.8,1543.6,919.2,16148.5,0.01050042664257391,0.0516521942813164,0.030758419916679217,0.5403637337081095,1,1,1,1,97.0,40014.4,41904.7,41235.0,42880.1,44406.8,0.04724049342236784,-0.0159815008817626,0.05970929275236444,0,1,0
340,ak002e439m6d,2002-11-03,2002.0,11.0,AK,"45 km WNW of Mentasta Lake, Alaska",63.0484,-144.6133,0.4,5.4,mb,reviewed,ak,ak,232,7.9,4.886594827586207,-0.4,27.14727586206896,1,2.0,0.0,1.0,56.0,0.0,0.0,9.0,7.9,41904.7,29884.5,29884.5,313.8,1543.6,919.2,16148.5,0.01050042664257391,0.0516521942813164,0.030758419916679217,0.5403637337081095,1,0,1,1,62.0,40014.4,41904.7,41235.0,42880.1,44406.8,0.04724049342236784,-0.0159815008817626,0.05970929275236444,0,1,0
341,ak002e439ukg,2002-11-03,2002.0,11.0,AK,"23 km NNW of Paxson, Alaska",63.2926,-145.7122,20.4,5.6,ml,reviewed,ak,ak,232,7.9,4.886594827586207,-0.4,27.14727586206896,1,2.0,0.0,1.0,56.0,0.0,0.0,9.0,7.9,41904.7,29884.5,29884.5,313.8,1543.6,919.2,16148.5,0.01050042664257391,0.0516521942813164,0.030758419916679217,0.5403637337081095,1,0,1,0,64.0,40014.4,41904.7,41235.0,42880.1,44406.8,0.04724049342236784,-0.0159815008817626,0.05970929275236444,0,1,0
342,ak002e439z6u,2002-11-03,2002.0,11.0,AK,"23 km N of Paxson, Alaska",63.3001,-145.6795,0.9,5.6,mb,reviewed,ak,ak,232,7.9,4.886594827586207,-0.4,27.14727586206896,1,2.0,0.0,1.0,56.0,0.0,0.0,9.0,7.9,41904.7,29884.5,29884.5,313.8,1543.6,919.2,16148.5,0.01050042664257391,0.0516521942813164,0.030758419916679217,0.5403637337081095,1,0,1,1,64.0,40014.4,41904.7,41235.0,42880.1,44406.8,0.04724049342236784,-0.0159815008817626,0.05970929275236444,0,1,0
343,ak002e43a86n,2002-11-03,2002.0,11.0,AK,"19 km NNE of Paxson, Alaska",63.255,-145.5198,1.0,5.4,mb,reviewed,ak,ak,232,7.9,4.886594827586207,-0.4,27.14727586206896,1,2.0,0.0,1.0,56.0,0.0,0.0,9.0,7.9,41904.7,29884.5,29884.5,313.8,1543.6,919.2,16148.5,0.01050042664257391,0.0516521942813164,0.030758419916679217,0.5403637337081095,1,0,1,1,62.0,40014.4,41904.7,41235.0,42880.1,44406.8,0.04724049342236784,-0.0159815008817626,0.05970929275236444,0,1,0
344,ak002e43b4s1,2002-11-03,2002.0,11.0,AK,"19 km N of Paxson, Alaska",63.2628,-145.6723,1.0,4.8,mb,reviewed,ak,ak,232,7.9,4.886594827586207,-0.4,27.14727586206896,1,2.0,0.0,1.0,56.0,0.0,0.0,9.0,7.9,41904.7,29884.5,29884.5,313.8,1543.6,919.2,16148.5,0.01050042664257391,0.0516521942813164,0.030758419916679217,0.5403637337081095,1,0,1,1,56.0,40014.4,41904.7,41235.0,42880.1,44406.8,0.04724049342236784,-0.0159815008817626,0.05970929275236444,0,1,0
345,ak002e43f33q,2002-11-03,2002.0,11.0,AK,"25 km N of Paxson, Alaska",63.3203,-145.5879,5.2,4.5,ml,reviewed,ak,ak,232,7.9,4.886594827586207,-0.4,27.14727586206896,1,2.0,0.0,1.0,56.0,0.0,0.0,9.0,7.9,41904.7,29884.5,29884.5,313.8,1543.6,919.2,16148.5,0.01050042664257391,0.0516521942813164,0.030758419916679217,0.5403637337081095,1,0,1,1,53.0,40014.4,41904.7,41235.0,42880.1,44406.8,0.04724049342236784,-0.0159815008817626,0.05970929275236444,0,1,0
346,ak002e43pneb,2002-11-03,2002.0,11.0,AK,"79 km ESE of McKinley Park, Alaska",63.5865,-147.339,2.7,4.7,mb,reviewed,ak,ak,232,7.9,4.886594827586207,-0.4,27.14727586206896,1,2.0,0.0,1.0,56.0,0.0,0.0,9.0,7.9,41904.7,29884.5,29884.5,313.8,1543.6,919.2,16148.5,0.01050042664257391,0.0516521942813164,0.030758419916679217,0.5403637337081095,1,0,1,1,55.0,40014.4,41904.7,41235.0,42880.1,44406.8,0.04724049342236784,-0.0159815008817626,0.05970929275236444,0,1,0
347,ak002e43qs6w,2002-11-03,2002.0,11.0,AK,"25 km NE of Paxson, Alaska",63.2446,-145.2337,0.9,4.7,mb,reviewed,ak,ak,232,7.9,4.886594827586207,-0.4,27.14727586206896,1,2.0,0.0,1.0,56.0,0.0,0.0,9.0,7.9,41904.7,29884.5,29884.5,313.8,1543.6,919.2,16148.5,0.01050042664257391,0.0516521942813164,0.030758419916679217,0.5403637337081095,1,0,1,1,55.0,40014.4,41904.7,41235.0,42880.1,44406.8,0.04724049342236784,-0.0159815008817626,0.05970929275236444,0,1,0
348,ak002e43qz6o,2002-11-03,2002.0,11.0,AK,"3 km ENE of Mentasta Lake, Alaska",62.9312,-143.706,5.0,5.1,mb,reviewed,ak,ak,232,7.9,4.886594827586207,-0.4,27.14727586206896,1,2.0,0.0,1.0,56.0,0.0,0.0,9.0,7.9,41904.7,29884.5,29884.5,313.8,1543.6,919.2,16148.5,0.01050042664257391,0.0516521942813164,0.030758419916679217,0.5403637337081095,1,0,1,1,59.0,40014.4,41904.7,41235.0,42880.1,44406.8,0.04724049342236784,-0.0159815008817626,0.05970929275236444,0,1,0
349,ak002e43s8c2,2002-11-03,2002.0,11.0,AK,"21 km N of Paxson, Alaska",63.2799,-145.6711,0.8,4.5,mb,reviewed,ak,ak,232,7.9,4.886594827586207,-0.4,27.14727586206896,1,2.0,0.0,1.0,56.0,0.0,0.0,9.0,7.9,41904.7,29884.5,29884.5,313.8,1543.6,919.2,16148.5,0.01050042664257391,0.0516521942813164,0.030758419916679217,0.5403637337081095,1,0,1,1,53.0,40014.4,41904.7,41235.0,42880.1,44406.8,0.04724049342236784,-0.0159815008817626,0.05970929275236444,0,1,0
350,ak002e43uzlv,2002-11-03,2002.0,11.0,AK,"26 km WNW of Mentasta Lake, Alaska",63.0485,-144.2026,0.1,4.6,mb,reviewed,ak,ak,232,7.9,4.886594827586207,-0.4,27.14727586206896,1,2.0,0.0,1.0,56.0,0.0,0.0,9.0,7.9,41904.7,29884.5,29884.5,313.8,1543.6,919.2,16148.5,0.01050042664257391,0.0516521942813164,0.030758419916679217,0.5403637337081095,1,0,1,1,54.0,40014.4,41904.7,41235.0,42880.1,44406.8,0.04724049342236784,-0.0159815008817626,0.05970929275236444,0,1,0
351,ak002e43ywp9,2002-11-03,2002.0,11.0,AK,"43 km ENE of Paxson, Alaska",63.2197,-144.8056,1.9,4.9,mb,reviewed,ak,ak,232,7.9,4.886594827586207,-0.4,27.14727586206896,1,2.0,0.0,1.0,56.0,0.0,0.0,9.0,7.9,41904.7,29884.5,29884.5,313.8,1543.6,919.2,16148.5,0.01050042664257391,0.0516521942813164,0.030758419916679217,0.5403637337081095,1,0,1,1,57.0,40014.4,41904.7,41235.0,42880.1,44406.8,0.04724049342236784,-0.0159815008817626,0.05970929275236444,0,1,0
352,usp000bg0v,2002-11-03,2002.0,11.0,AK,"37 km S of Dry Creek, Alaska",63.322,-144.773,5.0,4.8,mb,reviewed,us,us,232,7.9,4.886594827586207,-0.4,27.14727586206896,1,2.0,0.0,1.0,56.0,0.0,0.0,9.0,7.9,41904.7,29884.5,29884.5,313.8,1543.6,919.2,16148.5,0.01050042664257391,0.0516521942813164,0.030758419916679217,0.5403637337081095,1,0,1,1,56.0,40014.4,41904.7,41235.0,42880.1,44406.8,0.04724049342236784,-0.0159815008817626,0.05970929275236444,0,1,0
353,ak002e5ecle5,2002-11-04,2002.0,11.0,AK,"41 km ENE of Paxson, Alaska",63.1749,-144.8037,1.0,5.2,mb,reviewed,ak,ak,232,7.9,4.886594827586207,-0.4,27.14727586206896,1,2.0,0.0,1.0,56.0,0.0,0.0,9.0,7.9,41904.7,29884.5,29884.5,313.8,1543.6,919.2,16148.5,0.01050042664257391,0.0516521942813164,0.030758419916679217,0.5403637337081095,1,0,1,1,60.0,40014.4,41904.7,41235.0,42880.1,44406.8,0.04724049342236784,-0.0159815008817626,0.05970929275236444,0,1,0
354,ak002e5efrl9,2002-11-04,2002.0,11.0,AK,"76 km ESE of McKinley Park, Alaska",63.5281,-147.4345,5.3,4.7,mb,reviewed,ak,ak,232,7.9,4.886594827586207,-0.4,27.14727586206896,1,2.0,0.0,1.0,56.0,0.0,0.0,9.0,7.9,41904.7,29884.5,29884.5,313.8,1543.6,919.2,16148.5,0.01050042664257391,0.0516521942813164,0.030758419916679217,0.5403637337081095,1,0,1,1,55.0,40014.4,41904.7,41235.0,42880.1,44406.8,0.04724049342236784,-0.0159815008817626,0.05970929275236444,0,1,0
355,ak002e5erhff,2002-11-04,2002.0,11.0,AK,"78 km ESE of McKinley Park, Alaska",63.5232,-147.3934,4.9,5.1,mb,reviewed,ak,ak,232,7.9,4.886594827586207,-0.4,27.14727586206896,1,2.0,0.0,1.0,56.0,0.0,0.0,9.0,7.9,41904.7,29884.5,29884.5,313.8,1543.6,919.2,16148.5,0.01050042664257391,0.0516521942813164,0.030758419916679217,0.5403637337081095,1,0,1,1,59.0,40014.4,41904.7,41235.0,42880.1,44406.8,0.04724049342236784,-0.0159815008817626,0.05970929275236444,0,1,0
356,ak002e5j0r5h,2002-11-04,2002.0,11.0,AK,"49 km WNW of Mentasta Lake, Alaska",63.1161,-144.6405,3.6,4.5,mb,reviewed,ak,ak,232,7.9,4.886594827586207,-0.4,27.14727586206896,1,2.0,0.0,1.0,56.0,0.0,0.0,9.0,7.9,41904.7,29884.5,29884.5,313.8,1543.6,919.2,16148.5,0.01050042664257391,0.0516521942813164,0.030758419916679217,0.5403637337081095,1,0,1,1,53.0,40014.4,41904.7,41235.0,42880.1,44406.8,0.04724049342236784,-0.0159815008817626,0.05970929275236444,0,1,0
357,ak002e5jkh22,2002-11-04,2002.0,11.0,AK,"17 km NNE of Nabesna, Alaska",62.5088,-142.8339,1.0,4.6,mw,reviewed,ak,ak,232,7.9,4.886594827586207,-0.4,27.14727586206896,1,2.0,0.0,1.0,56.0,0.0,0.0,9.0,7.9,41904.7,29884.5,29884.5,313.8,1543.6,919.2,16148.5,0.01050042664257391,0.0516521942813164,0.030758419916679217,0.5403637337081095,1,0,1,1,54.0,40014.4,41904.7,41235.0,42880.1,44406.8,0.04724049342236784,-0.0159815008817626,0.05970929275236444,0,1,0
358,ak002e5qc8ty,2002-11-04,2002.0,11.0,AK,"41 km WNW of Mentasta Lake, Alaska",63.0992,-144.4977,5.5,4.7,mb,reviewed,ak,ak,232,7.9,4.886594827586207,-0.4,27.14727586206896,1,2.0,0.0,1.0,56.0,0.0,0.0,9.0,7.9,41904.7,29884.5,29884.5,313.8,1543.6,919.2,16148.5,0.01050042664257391,0.0516521942813164,0.030758419916679217,0.5403637337081095,1,0,1,1,55.0,40014.4,41904.7,41235.0,42880.1,44406.8,0.04724049342236784,-0.0159815008817626,0.05970929275236444,0,1,0
359,usp000bg3g,2002-11-04,2002.0,11.0,AK,"44 km ENE of Paxson, Alaska",63.201,-144.759,5.0,5.1,mb,reviewed,us,us,232,7.9,4.886594827586207,-0.4,27.14727586206896,1,2.0,0.0,1.0,56.0,0.0,0.0,9.0,7.9,41904.7,29884.5,29884.5,313.8,1543.6,919.2,16148.5,0.01050042664257391,0.0516521942813164,0.030758419916679217,0.5403637337081095,1,0,1,1,59.0,40014.4,41904.7,41235.0,42880.1,44406.8,0.04724049342236784,-0.0159815008817626,0.05970929275236444,0,1,0
360,ak002e79lns8,2002-11-05,2002.0,11.0,AK,Central Alaska,62.4998,-142.856,1.0,4.8,mw,reviewed,ak,ak,232,7.9,4.886594827586207,-0.4,27.14727586206896,1,2.0,0.0,1.0,56.0,0.0,0.0,9.0,7.9,41904.7,29884.5,29884.5,313.8,1543.6,919.2,16148.5,0.01050042664257391,0.0516521942813164,0.030758419916679217,0.5403637337081095,1,0,1,1,56.0,40014.4,41904.7,41235.0,42880.1,44406.8,0.04724049342236784,-0.0159815008817626,0.05970929275236444,0,1,0
361,ak002e7bbezc,2002-11-05,2002.0,11.0,AK,"28 km NE of Paxson, Alaska",63.2642,-145.2101,10.8,5.0,mw,reviewed,ak,ak,232,7.9,4.886594827586207,-0.4,27.14727586206896,1,2.0,0.0,1.0,56.0,0.0,0.0,9.0,7.9,41904.7,29884.5,29884.5,313.8,1543.6,919.2,16148.5,0.01050042664257391,0.0516521942813164,0.030758419916679217,0.5403637337081095,1,0,1,1,58.0,40014.4,41904.7,41235.0,42880.1,44406.8,0.04724049342236784,-0.0159815008817626,0.05970929275236444,0,1,0
362,usp000bgq7,2002-11-05,2002.0,11.0,AK,"81 km SSE of Atka, Alaska",51.58,-173.562,33.0,4.6,mb,reviewed,us,us,232,7.9,4.886594827586207,-0.4,27.14727586206896,1,2.0,0.0,1.0,56.0,0.0,0.0,9.0,7.9,41904.7,29884.5,29884.5,313.8,1543.6,919.2,16148.5,0.01050042664257391,0.0516521942813164,0.030758419916679217,0.5403637337081095,1,0,1,0,54.0,40014.4,41904.7,41235.0,42880.1,44406.8,0.04724049342236784,-0.0159815008817626,0.05970929275236444,0,1,0
363,ak002ec22wq1,2002-11-08,2002.0,11.0,AK,"60 km SW of Alcan Border, Alaska",62.2332,-141.8228,1.1,5.0,mw,reviewed,ak,ak,232,7.9,4.886594827586207,-0.4,27.14727586206896,1,2.0,0.0,1.0,56.0,0.0,0.0,9.0,7.9,41904.7,29884.5,29884.5,313.8,1543.6,919.2,16148.5,0.01050042664257391,0.0516521942813164,0.030758419916679217,0.5403637337081095,1,0,1,1,58.0,40014.4,41904.7,41235.0,42880.1,44406.8,0.04724049342236784,-0.0159815008817626,0.05970929275236444,0,1,0
364,ak002ecbr1i6,2002-11-08,2002.0,11.0,AK,"21 km N of Nabesna, Alaska",62.5589,-142.9442,1.0,5.0,ml,reviewed,ak,ak,232,7.9,4.886594827586207,-0.4,27.14727586206896,1,2.0,0.0,1.0,56.0,0.0,0.0,9.0,7.9,41904.7,29884.5,29884.5,313.8,1543.6,919.2,16148.5,0.01050042664257391,0.0516521942813164,0.030758419916679217,0.5403637337081095,1,0,1,1,58.0,40014.4,41904.7,41235.0,42880.1,44406.8,0.04724049342236784,-0.0159815008817626,0.05970929275236444,0,1,0
365,ak002efnjo6q,2002-11-10,2002.0,11.0,AK,"54 km ENE of Cantwell, Alaska",63.5144,-147.9013,11.1,4.7,mb,reviewed,ak,ak,232,7.9,4.886594827586207,-0.4,27.14727586206896,1,2.0,0.0,1.0,56.0,0.0,0.0,9.0,7.9,41904.7,29884.5,29884.5,313.8,1543.6,919.2,16148.5,0.01050042664257391,0.0516521942813164,0.030758419916679217,0.5403637337081095,1,0,1,1,55.0,40014.4,41904.7,41235.0,42880.1,44406.8,0.04724049342236784,-0.0159815008817626,0.05970929275236444,0,1,0
366,usp000bhff,2002-11-11,2002.0,11.0,AK,"81 km SSE of Atka, Alaska",51.479,-173.93,33.0,4.8,mb,reviewed,us,us,232,7.9,4.886594827586207,-0.4,27.14727586206896,1,2.0,0.0,1.0,56.0,0.0,0.0,9.0,7.9,41904.7,29884.5,29884.5,313.8,1543.6,919.2,16148.5,0.01050042664257391,0.0516521942813164,0.030758419916679217,0.5403637337081095,1,0,1,0,56.0,40014.4,41904.7,41235.0,42880.1,44406.8,0.04724049342236784,-0.0159815008817626,0.05970929275236444,0,1,0
367,ak002enxkejh,2002-11-15,2002.0,11.0,AK,"56 km E of Cantwell, Alaska",63.485,-147.8398,2.4,4.6,mb,reviewed,ak,ak,232,7.9,4.886594827586207,-0.4,27.14727586206896,1,2.0,0.0,1.0,56.0,0.0,0.0,9.0,7.9,41904.7,29884.5,29884.5,313.8,1543.6,919.2,16148.5,0.01050042664257391,0.0516521942813164,0.030758419916679217,0.5403637337081095,1,0,1,1,54.0,40014.4,41904.7,41235.0,42880.1,44406.8,0.04724049342236784,-0.0159815008817626,0.05970929275236444,0,1,0
368,usp000bjd0,2002-11-26,2002.0,11.0,AK,"93 km SSE of Atka, Alaska",51.465,-173.537,20.6,6.1,mwc,reviewed,us,hrv,232,7.9,4.886594827586207,-0.4,27.14727586206896,1,2.0,0.0,1.0,56.0,0.0,0.0,9.0,7.9,41904.7,29884.5,29884.5,313.8,1543.6,919.2,16148.5,0.01050042664257391,0.0516521942813164,0.030758419916679217,0.5403637337081095,1,1,1,0,79.0,40014.4,41904.7,41235.0,42880.1,44406.8,0.04724049342236784,-0.0159815008817626,0.05970929275236444,0,1,0
369,usp000bjd3,2002-11-26,2002.0,11.0,AK,"80 km SSE of Atka, Alaska",51.583,-173.571,33.0,4.6,mb,reviewed,us,us,232,7.9,4.886594827586207,-0.4,27.14727586206896,1,2.0,0.0,1.0,56.0,0.0,0.0,9.0,7.9,41904.7,29884.5,29884.5,313.8,1543.6,919.2,16148.5,0.01050042664257391,0.0516521942813164,0.030758419916679217,0.5403637337081095,1,0,1,0,54.0,40014.4,41904.7,41235.0,42880.1,44406.8,0.04724049342236784,-0.0159815008817626,0.05970929275236444,0,1,0
370,usp000bjdq,2002-11-26,2002.0,11.0,AK,"87 km SSE of Atka, Alaska",51.474,-173.7,33.0,4.5,mb,reviewed,us,us,232,7.9,4.886594827586207,-0.4,27.14727586206896,1,2.0,0.0,1.0,56.0,0.0,0.0,9.0,7.9,41904.7,29884.5,29884.5,313.8,1543.6,919.2,16148.5,0.01050042664257391,0.0516521942813164,0.030758419916679217,0.5403637337081095,1,0,1,0,53.0,40014.4,41904.7,41235.0,42880.1,44406.8,0.04724049342236784,-0.0159815008817626,0.05970929275236444,0,1,0
371,ak002fe5b26b,2002-12-01,2002.0,12.0,AK,"25 km NNE of Paxson, Alaska",63.2969,-145.3886,5.6,5.2,mw,reviewed,ak,ak,232,7.9,4.886594827586207,-0.4,27.14727586206896,1,2.0,0.0,1.0,56.0,0.0,0.0,9.0,7.9,41904.7,29884.5,29884.5,313.8,1543.6,919.2,16148.5,0.01050042664257391,0.0516521942813164,0.030758419916679217,0.5403637337081095,1,0,1,1,60.0,40014.4,41904.7,41235.0,42880.1,44406.8,0.04724049342236784,-0.0159815008817626,0.05970929275236444,0,1,0
372,usp000bk0m,2002-12-03,2002.0,12.0,AK,"135 km S of False Pass, Alaska",53.64,-163.612,33.0,4.8,mb,reviewed,us,us,232,7.9,4.886594827586207,-0.4,27.14727586206896,1,2.0,0.0,1.0,56.0,0.0,0.0,9.0,7.9,41904.7,29884.5,29884.5,313.8,1543.6,919.2,16148.5,0.01050042664257391,0.0516521942813164,0.030758419916679217,0.5403637337081095,1,0,1,0,56.0,40014.4,41904.7,41235.0,42880.1,44406.8,0.04724049342236784,-0.0159815008817626,0.05970929275236444,0,1,0
373,usp000bk2w,2002-12-04,2002.0,12.0,AK,"145 km S of False Pass, Alaska",53.554,-163.699,33.0,4.5,mb,reviewed,us,us,232,7.9,4.886594827586207,-0.4,27.14727586206896,1,2.0,0.0,1.0,56.0,0.0,0.0,9.0,7.9,41904.7,29884.5,29884.5,313.8,1543.6,919.2,16148.5,0.01050042664257391,0.0516521942813164,0.030758419916679217,0.5403637337081095,1,0,1,0,53.0,40014.4,41904.7,41235.0,42880.1,44406.8,0.04724049342236784,-0.0159815008817626,0.05970929275236444,0,1,0
374,usp000bke8,2002-12-10,2002.0,12.0,AK,"34 km SW of Adak, Alaska",51.627,-176.928,33.0,5.3,mwc,reviewed,us,hrv,232,7.9,4.886594827586207,-0.4,27.14727586206896,1,2.0,0.0,1.0,56.0,0.0,0.0,9.0,7.9,41904.7,29884.5,29884.5,313.8,1543.6,919.2,16148.5,0.01050042664257391,0.0516521942813164,0.030758419916679217,0.5403637337081095,1,0,1,0,61.0,40014.4,41904.7,41235.0,42880.1,44406.8,0.04724049342236784,-0.0159815008817626,0.05970929275236444,0,1,0
375,usp000bkqt,2002-12-15,2002.0,12.0,AK,"130 km S of Unalaska, Alaska",52.723,-166.908,33.0,4.9,mb,reviewed,us,us,232,7.9,4.886594827586207,-0.4,27.14727586206896,1,2.0,0.0,1.0,56.0,0.0,0.0,9.0,7.9,41904.7,29884.5,29884.5,313.8,1543.6,919.2,16148.5,0.01050042664257391,0.0516521942813164,0.030758419916679217,0.5403637337081095,1,0,1,0,57.0,40014.4,41904.7,41235.0,42880.1,44406.8,0.04724049342236784,-0.0159815008817626,0.05970929275236444,0,1,0
376,usp000bm0r,2002-12-20,2002.0,12.0,AK,"242 km WSW of Adak, Alaska",51.177,-179.946,33.0,4.5,mb,reviewed,us,us,232,7.9,4.886594827586207,-0.4,27.14727586206896,1,2.0,0.0,1.0,56.0,0.0,0.0,9.0,7.9,41904.7,29884.5,29884.5,313.8,1543.6,919.2,16148.5,0.01050042664257391,0.0516521942813164,0.030758419916679217,0.5403637337081095,1,0,1,0,53.0,40014.4,41904.7,41235.0,42880.1,44406.8,0.04724049342236784,-0.0159815008817626,0.05970929275236444,0,1,0
377,usp000bmvw,2003-01-01,2003.0,1.0,AK,"68 km S of Nikolski, Alaska",52.33,-168.772,33.0,4.7,mb,reviewed,us,us,165,7.6,4.925454545454546,0.7,32.42545454545454,1,1.0,0.0,0.0,0.0,0.0,0.0,0.0,7.8,41235.0,32115.8,32115.8,357.2,1712.8,1102.0,16917.2,0.011122251352916633,0.05333200480760249,0.034313328641976844,0.5267563006370697,1,0,1,0,55.0,41904.7,41235.0,42880.1,44406.8,47546.2,-0.0159815008817626,0.039895719655632315,0.153054444040257,1,1,1
378,usp000bmwk,2003-01-01,2003.0,1.0,AK,"71 km S of Nikolski, Alaska",52.303,-168.714,33.0,4.5,mb,reviewed,us,us,165,7.6,4.925454545454546,0.7,32.42545454545454,1,1.0,0.0,0.0,0.0,0.0,0.0,0.0,7.8,41235.0,32115.8,32115.8,357.2,1712.8,1102.0,16917.2,0.011122251352916633,0.05333200480760249,0.034313328641976844,0.5267563006370697,1,0,1,0,53.0,41904.7,41235.0,42880.1,44406.8,47546.2,-0.0159815008817626,0.039895719655632315,0.153054444040257,1,1,1
379,nc21262804,2003-01-08,2003.0,1.0,CA,"72 km WSW of Ferndale, California",40.3908333,-125.0868333,7.347,4.6,mw,reviewed,nc,nc,165,7.6,4.925454545454546,0.7,32.42545454545454,1,2.0,2.0,47.0,263.0,40.0,0.0,8.0,6.6,1895287.6,1498578.0,1498578.0,21167.0,66907.4,176918.6,1029561.8,0.014124723571278905,0.04464725893480352,0.11805765198741741,0.6870258338237983,1,0,1,1,54.0,1821509.5,1895287.6,1956745.5,2042141.0,2120435.4,0.04050382388892295,0.03242668817123053,0.11879347493224765,0,1,0
380,usp000bn8v,2003-01-08,2003.0,1.0,AK,"179 km E of Atka, Alaska",52.089,-171.584,33.0,5.5,mwc,reviewed,us,hrv,165,7.6,4.925454545454546,0.7,32.42545454545454,1,1.0,0.0,0.0,0.0,0.0,0.0,0.0,7.8,41235.0,32115.8,32115.8,357.2,1712.8,1102.0,16917.2,0.011122251352916633,0.05333200480760249,0.034313328641976844,0.5267563006370697,1,0,1,0,63.0,41904.7,41235.0,42880.1,44406.8,47546.2,-0.0159815008817626,0.039895719655632315,0.153054444040257,1,1,1
381,usp000bnkw,2003-01-16,2003.0,1.0,OR,off the coast of Oregon,44.222,-129.189,10.0,4.9,mb,reviewed,us,us,165,7.6,4.925454545454546,0.7,32.42545454545454,1,0.0,0.0,0.0,0.0,0.0,0.0,0.0,0.0,154445.3,126822.1,126822.1,3201.1,5433.8,22339.7,77861.3,0.025240868902186603,0.04284584469110667,0.17614989816443663,0.6139411033250514,0,0,1,1,52.0,147432.8,154445.3,163046.1,168734.4,177222.4,0.04756404273675872,0.05568832460424512,0.14747680894141815,0,1,0
382,usp000bnkx,2003-01-16,2003.0,1.0,OR,off the coast of Oregon,44.284,-129.024,10.0,6.3,mwb,reviewed,us,us,165,7.6,4.925454545454546,0.7,32.42545454545454,1,0.0,0.0,0.0,0.0,0.0,0.0,0.0,0.0,154445.3,126822.1,126822.1,3201.1,5433.8,22339.7,77861.3,0.025240868902186603,0.04284584469110667,0.17614989816443663,0.6139411033250514,0,1,1,1,76.0,147432.8,154445.3,163046.1,168734.4,177222.4,0.04756404273675872,0.05568832460424512,0.14747680894141815,0,1,0
383,usp000bnky,2003-01-16,2003.0,1.0,OR,off the coast of Oregon,44.37,-129.205,10.0,4.6,mb,reviewed,us,us,165,7.6,4.925454545454546,0.7,32.42545454545454,1,0.0,0.0,0.0,0.0,0.0,0.0,0.0,0.0,154445.3,126822.1,126822.1,3201.1,5433.8,22339.7,77861.3,0.025240868902186603,0.04284584469110667,0.17614989816443663,0.6139411033250514,0,0,1,1,49.0,147432.8,154445.3,163046.1,168734.4,177222.4,0.04756404273675872,0.05568832460424512,0.14747680894141815,0,1,0
384,usp000bnm2,2003-01-16,2003.0,1.0,OR,off the coast of Oregon,44.2,-129.386,10.0,4.5,mb,reviewed,us,us,165,7.6,4.925454545454546,0.7,32.42545454545454,1,0.0,0.0,0.0,0.0,0.0,0.0,0.0,0.0,154445.3,126822.1,126822.1,3201.1,5433.8,22339.7,77861.3,0.025240868902186603,0.04284584469110667,0.17614989816443663,0.6139411033250514,0,0,1,1,48.0,147432.8,154445.3,163046.1,168734.4,177222.4,0.04756404273675872,0.05568832460424512,0.14747680894141815,0,1,0
385,usp000bnms,2003-01-16,2003.0,1.0,OR,off the coast of Oregon,44.149,-129.183,10.0,5.5,mwc,reviewed,us,hrv,165,7.6,4.925454545454546,0.7,32.42545454545454,1,0.0,0.0,0.0,0.0,0.0,0.0,0.0,0.0,154445.3,126822.1,126822.1,3201.1,5433.8,22339.7,77861.3,0.025240868902186603,0.04284584469110667,0.17614989816443663,0.6139411033250514,0,0,1,1,58.0,147432.8,154445.3,163046.1,168734.4,177222.4,0.04756404273675872,0.05568832460424512,0.14747680894141815,0,1,0
386,usp000bp71,2003-01-26,2003.0,1.0,AK,"117 km SW of Nikolski, Alaska",52.29,-170.238,33.0,4.6,mb,reviewed,us,us,165,7.6,4.925454545454546,0.7,32.42545454545454,1,1.0,0.0,0.0,0.0,0.0,0.0,0.0,7.8,41235.0,32115.8,32115.8,357.2,1712.8,1102.0,16917.2,0.011122251352916633,0.05333200480760249,0.034313328641976844,0.5267563006370697,1,0,1,0,54.0,41904.7,41235.0,42880.1,44406.8,47546.2,-0.0159815008817626,0.039895719655632315,0.153054444040257,1,1,1
387,usp000bqbf,2003-02-09,2003.0,2.0,AK,"141 km WSW of Nikolski, Alaska",52.361,-170.732,47.7,4.8,mb,reviewed,us,us,165,7.6,4.925454545454546,0.7,32.42545454545454,1,1.0,0.0,0.0,0.0,0.0,0.0,0.0,7.8,41235.0,32115.8,32115.8,357.2,1712.8,1102.0,16917.2,0.011122251352916633,0.05333200480760249,0.034313328641976844,0.5267563006370697,1,0,1,0,56.0,41904.7,41235.0,42880.1,44406.8,47546.2,-0.0159815008817626,0.039895719655632315,0.153054444040257,1,1,1
388,usp000br3a,2003-02-20,2003.0,2.0,AK,"78 km SW of Unalaska, Alaska",53.405,-167.414,75.2,5.0,mwc,reviewed,us,hrv,165,7.6,4.925454545454546,0.7,32.42545454545454,1,1.0,0.0,0.0,0.0,0.0,0.0,0.0,7.8,41235.0,32115.8,32115.8,357.2,1712.8,1102.0,16917.2,0.011122251352916633,0.05333200480760249,0.034313328641976844,0.5267563006370697,1,0,0,0,55.0,41904.7,41235.0,42880.1,44406.8,47546.2,-0.0159815008817626,0.039895719655632315,0.153054444040257,1,1,1
389,ak0032o6b78q,2003-02-27,2003.0,2.0,AK,"37 km S of King Salmon, Alaska",58.3561,-156.6532,199.0,5.3,mw,reviewed,ak,ak,165,7.6,4.925454545454546,0.7,32.42545454545454,1,1.0,0.0,0.0,0.0,0.0,0.0,0.0,7.8,41235.0,32115.8,32115.8,357.2,1712.8,1102.0,16917.2,0.011122251352916633,0.05333200480760249,0.034313328641976844,0.5267563006370697,1,0,0,0,58.0,41904.7,41235.0,42880.1,44406.8,47546.2,-0.0159815008817626,0.039895719655632315,0.153054444040257,1,1,1
390,usp000bshh,2003-03-12,2003.0,3.0,CO,"87 km SW of Paredón Colorado, Mexico",26.556,-110.587,10.0,6.4,mwb,reviewed,us,us,165,7.6,4.925454545454546,0.7,32.42545454545454,1,0.0,0.0,0.0,0.0,0.0,0.0,0.0,0.0,246017.4,195137.6,195137.6,1584.8,11556.2,14528.4,136933.6,0.008121448659817482,0.059220775493805396,0.07445207894326875,0.7017284213806053,0,1,1,1,77.0,243701.9,246017.4,250069.3,261992.9,268190.8,0.009501362114944529,0.016469973262053798,0.09012939735156943,0,1,0
391,ak0033ldar1g,2003-03-19,2003.0,3.0,AK,"179 km W of Point Hope, Alaska",68.3642,-171.0847,10.0,4.7,ml,reviewed,ak,ak,165,7.6,4.925454545454546,0.7,32.42545454545454,1,1.0,0.0,0.0,0.0,0.0,0.0,0.0,7.8,41235.0,32115.8,32115.8,357.2,1712.8,1102.0,16917.2,0.011122251352916633,0.05333200480760249,0.034313328641976844,0.5267563006370697,1,0,1,1,55.0,41904.7,41235.0,42880.1,44406.8,47546.2,-0.0159815008817626,0.039895719655632315,0.153054444040257,1,1,1
392,usp000bt33,2003-03-20,2003.0,3.0,AK,"92 km SW of Adak, Alaska",51.375,-177.703,50.8,4.5,mb,reviewed,us,us,165,7.6,4.925454545454546,0.7,32.42545454545454,1,1.0,0.0,0.0,0.0,0.0,0.0,0.0,7.8,41235.0,32115.8,32115.8,357.2,1712.8,1102.0,16917.2,0.011122251352916633,0.05333200480760249,0.034313328641976844,0.5267563006370697,1,0,1,0,53.0,41904.7,41235.0,42880.1,44406.8,47546.2,-0.0159815008817626,0.039895719655632315,0.153054444040257,1,1,1
393,usp000bvn1,2003-04-21,2003.0,4.0,AK,"133 km WSW of Nikolski, Alaska",52.46,-170.666,60.6,4.5,mb,reviewed,us,us,165,7.6,4.925454545454546,0.7,32.42545454545454,1,1.0,0.0,0.0,0.0,0.0,0.0,0.0,7.8,41235.0,32115.8,32115.8,357.2,1712.8,1102.0,16917.2,0.011122251352916633,0.05333200480760249,0.034313328641976844,0.5267563006370697,1,0,1,0,53.0,41904.7,41235.0,42880.1,44406.8,47546.2,-0.0159815008817626,0.039895719655632315,0.153054444040257,1,1,1
394,se605341,2003-04-29,2003.0,4.0,AL,"8 km S of Valley Head, Alabama",34.4938333,-85.6298333,19.81,4.6,mw,reviewed,se,se,165,7.6,4.925454545454546,0.7,32.42545454545454,1,1.0,0.0,0.0,0.0,0.0,0.0,6.0,4.6,178040.0,135212.6,135212.6,2186.6,6454.0,21745.3,80720.8,0.0161715698093225,0.047732237971904984,0.16082302980639376,0.5969917004776182,1,0,1,1,54.0,172430.4,178040.0,189913.7,197246.5,199923.9,0.03253254646512451,0.06669119299033932,0.12291563693552007,0,1,0
395,usp000bwpv,2003-05-06,2003.0,5.0,AK,"137 km WSW of Nikolski, Alaska",52.404,-170.695,33.0,4.8,mb,reviewed,us,us,165,7.6,4.925454545454546,0.7,32.42545454545454,1,1.0,0.0,0.0,0.0,0.0,0.0,0.0,7.8,41235.0,32115.8,32115.8,357.2,1712.8,1102.0,16917.2,0.011122251352916633,0.05333200480760249,0.034313328641976844,0.5267563006370697,1,0,1,0,56.0,41904.7,41235.0,42880.1,44406.8,47546.2,-0.0159815008817626,0.039895719655632315,0.153054444040257,1,1,1
396,ak0036iwqqcs,2003-05-22,2003.0,5.0,AK,"102 km ESE of Yakutat, Alaska",59.1404,-138.1097,17.4,4.5,mb,reviewed,ak,ak,165,7.6,4.925454545454546,0.7,32.42545454545454,1,1.0,0.0,0.0,0.0,0.0,0.0,0.0,7.8,41235.0,32115.8,32115.8,357.2,1712.8,1102.0,16917.2,0.011122251352916633,0.05333200480760249,0.034313328641976844,0.5267563006370697,1,0,1,1,53.0,41904.7,41235.0,42880.1,44406.8,47546.2,-0.0159815008817626,0.039895719655632315,0.153054444040257,1,1,1
397,usp000bzk5,2003-06-10,2003.0,6.0,AK,"192 km WSW of Adak, Alaska",51.231,-179.208,33.0,5.3,mwc,reviewed,us,hrv,165,7.6,4.925454545454546,0.7,32.42545454545454,1,1.0,0.0,0.0,0.0,0.0,0.0,0.0,7.8,41235.0,32115.8,32115.8,357.2,1712.8,1102.0,16917.2,0.011122251352916633,0.05333200480760249,0.034313328641976844,0.5267563006370697,1,0,1,0,61.0,41904.7,41235.0,42880.1,44406.8,47546.2,-0.0159815008817626,0.039895719655632315,0.153054444040257,1,1,1
398,usp000c1b5,2003-06-30,2003.0,6.0,AK,"79 km SSW of Unalaska, Alaska",53.171,-166.778,53.3,4.6,mb,reviewed,us,us,165,7.6,4.925454545454546,0.7,32.42545454545454,1,1.0,0.0,0.0,0.0,0.0,0.0,0.0,7.8,41235.0,32115.8,32115.8,357.2,1712.8,1102.0,16917.2,0.011122251352916633,0.05333200480760249,0.034313328641976844,0.5267563006370697,1,0,1,0,54.0,41904.7,41235.0,42880.1,44406.8,47546.2,-0.0159815008817626,0.039895719655632315,0.153054444040257,1,1,1
399,ak0038d191y7,2003-07-01,2003.0,7.0,AK,"85 km E of Ugashik, Alaska",57.517,-155.9653,95.0,4.6,mb,reviewed,ak,ak,165,7.6,4.925454545454546,0.7,32.42545454545454,1,1.0,0.0,0.0,0.0,0.0,0.0,0.0,7.8,41235.0,32115.8,32115.8,357.2,1712.8,1102.0,16917.2,0.011122251352916633,0.05333200480760249,0.034313328641976844,0.5267563006370697,1,0,0,0,51.0,41904.7,41235.0,42880.1,44406.8,47546.2,-0.0159815008817626,0.039895719655632315,0.153054444040257,1,1,1
400,ak0038vkfa42,2003-07-12,2003.0,7.0,AK,"47 km SSW of Port Alexander, Alaska",55.8404,-134.8827,10.0,5.9,mw,reviewed,ak,ak,165,7.6,4.925454545454546,0.7,32.42545454545454,1,1.0,0.0,0.0,0.0,0.0,0.0,0.0,7.8,41235.0,32115.8,32115.8,357.2,1712.8,1102.0,16917.2,0.011122251352916633,0.05333200480760249,0.034313328641976844,0.5267563006370697,1,0,1,1,67.0,41904.7,41235.0,42880.1,44406.8,47546.2,-0.0159815008817626,0.039895719655632315,0.153054444040257,1,1,1
401,ak0038yr0zwm,2003-07-14,2003.0,7.0,AK,"88 km E of Cantwell, Alaska",63.5033,-147.1923,5.1,4.5,mw,reviewed,ak,ak,165,7.6,4.925454545454546,0.7,32.42545454545454,1,1.0,0.0,0.0,0.0,0.0,0.0,0.0,7.8,41235.0,32115.8,32115.8,357.2,1712.8,1102.0,16917.2,0.011122251352916633,0.05333200480760249,0.034313328641976844,0.5267563006370697,1,0,1,1,53.0,41904.7,41235.0,42880.1,44406.8,47546.2,-0.0159815008817626,0.039895719655632315,0.153054444040257,1,1,1
402,usp000c33m,2003-07-23,2003.0,7.0,AK,"242 km WSW of Adak, Alaska",51.039,-179.859,33.0,4.5,mb,reviewed,us,us,165,7.6,4.925454545454546,0.7,32.42545454545454,1,1.0,0.0,0.0,0.0,0.0,0.0,0.0,7.8,41235.0,32115.8,32115.8,357.2,1712.8,1102.0,16917.2,0.011122251352916633,0.05333200480760249,0.034313328641976844,0.5267563006370697,1,0,1,0,53.0,41904.7,41235.0,42880.1,44406.8,47546.2,-0.0159815008817626,0.039895719655632315,0.153054444040257,1,1,1
403,usp000c3c5,2003-07-26,2003.0,7.0,AK,"2 km SW of Atka, Alaska",52.18,-174.226,71.9,5.3,mwc,reviewed,us,hrv,165,7.6,4.925454545454546,0.7,32.42545454545454,1,1.0,0.0,0.0,0.0,0.0,0.0,0.0,7.8,41235.0,32115.8,32115.8,357.2,1712.8,1102.0,16917.2,0.011122251352916633,0.05333200480760249,0.034313328641976844,0.5267563006370697,1,0,0,0,58.0,41904.7,41235.0,42880.1,44406.8,47546.2,-0.0159815008817626,0.039895719655632315,0.153054444040257,1,1,1
404,usp000c3hh,2003-07-27,2003.0,7.0,AK,"131 km SE of Akutan, Alaska",53.321,-164.324,33.0,4.6,mb,reviewed,us,us,165,7.6,4.925454545454546,0.7,32.42545454545454,1,1.0,0.0,0.0,0.0,0.0,0.0,0.0,7.8,41235.0,32115.8,32115.8,357.2,1712.8,1102.0,16917.2,0.011122251352916633,0.05333200480760249,0.034313328641976844,0.5267563006370697,1,0,1,0,54.0,41904.7,41235.0,42880.1,44406.8,47546.2,-0.0159815008817626,0.039895719655632315,0.153054444040257,1,1,1
405,ak003a2aigd2,2003-08-07,2003.0,8.0,AK,"83 km ESE of McKinley Park, Alaska",63.5514,-147.2692,5.5,4.5,mw,reviewed,ak,ak,165,7.6,4.925454545454546,0.7,32.42545454545454,1,1.0,0.0,0.0,0.0,0.0,0.0,0.0,7.8,41235.0,32115.8,32115.8,357.2,1712.8,1102.0,16917.2,0.011122251352916633,0.05333200480760249,0.034313328641976844,0.5267563006370697,1,0,1,1,53.0,41904.7,41235.0,42880.1,44406.8,47546.2,-0.0159815008817626,0.039895719655632315,0.153054444040257,1,1,1
406,usp000c4gv,2003-08-09,2003.0,8.0,AK,"219 km ESE of Atka, Alaska",51.503,-171.214,33.0,5.3,mwc,reviewed,us,hrv,165,7.6,4.925454545454546,0.7,32.42545454545454,1,1.0,0.0,0.0,0.0,0.0,0.0,0.0,7.8,41235.0,32115.8,32115.8,357.2,1712.8,1102.0,16917.2,0.011122251352916633,0.05333200480760249,0.034313328641976844,0.5267563006370697,1,0,1,0,61.0,41904.7,41235.0,42880.1,44406.8,47546.2,-0.0159815008817626,0.039895719655632315,0.153054444040257,1,1,1
407,nc21299771,2003-08-15,2003.0,8.0,CA,"100 km WNW of Indianola, California",40.9786667,-125.3573333,8.142,5.0,mw,reviewed,nc,nc,165,7.6,4.925454545454546,0.7,32.42545454545454,1,2.0,2.0,47.0,263.0,40.0,0.0,8.0,6.6,1895287.6,1498578.0,1498578.0,21167.0,66907.4,176918.6,1029561.8,0.014124723571278905,0.04464725893480352,0.11805765198741741,0.6870258338237983,1,0,1,1,58.0,1821509.5,1895287.6,1956745.5,2042141.0,2120435.4,0.04050382388892295,0.03242668817123053,0.11879347493224765,0,1,0
408,usp000c57f,2003-08-18,2003.0,8.0,AK,"45 km SE of Nikolski, Alaska",52.689,-168.32,33.0,4.7,mb,reviewed,us,us,165,7.6,4.925454545454546,0.7,32.42545454545454,1,1.0,0.0,0.0,0.0,0.0,0.0,0.0,7.8,41235.0,32115.8,32115.8,357.2,1712.8,1102.0,16917.2,0.011122251352916633,0.05333200480760249,0.034313328641976844,0.5267563006370697,1,0,1,0,55.0,41904.7,41235.0,42880.1,44406.8,47546.2,-0.0159815008817626,0.039895719655632315,0.153054444040257,1,1,1
409,ak003apq3l1r,2003-08-21,2003.0,8.0,AK,"119 km WNW of Arctic Village, Alaska",68.6779,-148.0395,20.7,5.4,mw,reviewed,ak,ak,165,7.6,4.925454545454546,0.7,32.42545454545454,1,1.0,0.0,0.0,0.0,0.0,0.0,0.0,7.8,41235.0,32115.8,32115.8,357.2,1712.8,1102.0,16917.2,0.011122251352916633,0.05333200480760249,0.034313328641976844,0.5267563006370697,1,0,1,0,62.0,41904.7,41235.0,42880.1,44406.8,47546.2,-0.0159815008817626,0.039895719655632315,0.153054444040257,1,1,1
410,ak003brfp27y,2003-09-13,2003.0,9.0,AK,"68 km E of Port Alsworth, Alaska",60.1944,-153.0786,132.6,4.7,mw,reviewed,ak,ak,165,7.6,4.925454545454546,0.7,32.42545454545454,1,1.0,0.0,0.0,0.0,0.0,0.0,0.0,7.8,41235.0,32115.8,32115.8,357.2,1712.8,1102.0,16917.2,0.011122251352916633,0.05333200480760249,0.034313328641976844,0.5267563006370697,1,0,0,0,52.0,41904.7,41235.0,42880.1,44406.8,47546.2,-0.0159815008817626,0.039895719655632315,0.153054444040257,1,1,1
411,ak003c3b1wyd,2003-09-20,2003.0,9.0,AK,"63 km E of Cantwell, Alaska",63.4751,-147.6963,2.9,4.5,mw,reviewed,ak,ak,165,7.6,4.925454545454546,0.7,32.42545454545454,1,1.0,0.0,0.0,0.0,0.0,0.0,0.0,7.8,41235.0,32115.8,32115.8,357.2,1712.8,1102.0,16917.2,0.011122251352916633,0.05333200480760249,0.034313328641976844,0.5267563006370697,1,0,1,1,53.0,41904.7,41235.0,42880.1,44406.8,47546.2,-0.0159815008817626,0.039895719655632315,0.153054444040257,1,1,1
412,usp000c9h6,2003-10-03,2003.0,10.0,AK,"127 km ESE of Nikolski, Alaska",52.682,-167.022,33.0,5.1,mwc,reviewed,us,hrv,165,7.6,4.925454545454546,0.7,32.42545454545454,1,1.0,0.0,0.0,0.0,0.0,0.0,0.0,7.8,41235.0,32115.8,32115.8,357.2,1712.8,1102.0,16917.2,0.011122251352916633,0.05333200480760249,0.034313328641976844,0.5267563006370697,1,0,1,0,59.0,41904.7,41235.0,42880.1,44406.8,47546.2,-0.0159815008817626,0.039895719655632315,0.153054444040257,1,1,1
413,usp000c9r8,2003-10-06,2003.0,10.0,AK,"124 km ESE of Nikolski, Alaska",52.624,-167.098,33.0,4.6,mb,reviewed,us,us,165,7.6,4.925454545454546,0.7,32.42545454545454,1,1.0,0.0,0.0,0.0,0.0,0.0,0.0,7.8,41235.0,32115.8,32115.8,357.2,1712.8,1102.0,16917.2,0.011122251352916633,0.05333200480760249,0.034313328641976844,0.5267563006370697,1,0,1,0,54.0,41904.7,41235.0,42880.1,44406.8,47546.2,-0.0159815008817626,0.039895719655632315,0.153054444040257,1,1,1
414,nc21311731,2003-10-09,2003.0,10.0,CA,"83 km W of Trinidad, California",41.0676667,-125.1353333,6.354,4.5,mw,reviewed,nc,nc,165,7.6,4.925454545454546,0.7,32.42545454545454,1,2.0,2.0,47.0,263.0,40.0,0.0,8.0,6.6,1895287.6,1498578.0,1498578.0,21167.0,66907.4,176918.6,1029561.8,0.014124723571278905,0.04464725893480352,0.11805765198741741,0.6870258338237983,1,0,1,1,53.0,1821509.5,1895287.6,1956745.5,2042141.0,2120435.4,0.04050382388892295,0.03242668817123053,0.11879347493224765,0,1,0
415,usp000cdyx,2003-11-27,2003.0,11.0,AK,"44 km NW of Atka, Alaska",52.475,-174.673,69.9,4.8,mb,reviewed,us,us,165,7.6,4.925454545454546,0.7,32.42545454545454,1,1.0,0.0,0.0,0.0,0.0,0.0,0.0,7.8,41235.0,32115.8,32115.8,357.2,1712.8,1102.0,16917.2,0.011122251352916633,0.05333200480760249,0.034313328641976844,0.5267563006370697,1,0,1,0,56.0,41904.7,41235.0,42880.1,44406.8,47546.2,-0.0159815008817626,0.039895719655632315,0.153054444040257,1,1,1
416,ak003fre8z10,2003-12-09,2003.0,12.0,AK,"74 km SE of Denali National Park, Alaska",63.1721,-150.4821,124.3,4.8,mb,reviewed,ak,ak,165,7.6,4.925454545454546,0.7,32.42545454545454,1,1.0,0.0,0.0,0.0,0.0,0.0,0.0,7.8,41235.0,32115.8,32115.8,357.2,1712.8,1102.0,16917.2,0.011122251352916633,0.05333200480760249,0.034313328641976844,0.5267563006370697,1,0,0,0,53.0,41904.7,41235.0,42880.1,44406.8,47546.2,-0.0159815008817626,0.039895719655632315,0.153054444040257,1,1,1
417,usp000cevy,2003-12-09,2003.0,12.0,AK,"192 km WSW of Adak, Alaska",51.334,-179.272,33.0,6.2,mwc,reviewed,us,hrv,165,7.6,4.925454545454546,0.7,32.42545454545454,1,1.0,0.0,0.0,0.0,0.0,0.0,0.0,7.8,41235.0,32115.8,32115.8,357.2,1712.8,1102.0,16917.2,0.011122251352916633,0.05333200480760249,0.034313328641976844,0.5267563006370697,1,1,1,0,80.0,41904.7,41235.0,42880.1,44406.8,47546.2,-0.0159815008817626,0.039895719655632315,0.153054444040257,1,1,1
418,usp000cfdd,2003-12-16,2003.0,12.0,AK,"78 km SE of Atka, Alaska",51.717,-173.371,33.0,5.0,mwc,reviewed,us,hrv,165,7.6,4.925454545454546,0.7,32.42545454545454,1,1.0,0.0,0.0,0.0,0.0,0.0,0.0,7.8,41235.0,32115.8,32115.8,357.2,1712.8,1102.0,16917.2,0.011122251352916633,0.05333200480760249,0.034313328641976844,0.5267563006370697,1,0,1,0,58.0,41904.7,41235.0,42880.1,44406.8,47546.2,-0.0159815008817626,0.039895719655632315,0.153054444040257,1,1,1
419,nc21323712,2003-12-22,2003.0,12.0,CA,"10 km NE of San Simeon, California",35.7005,-121.1005,8.382,6.5,mw,reviewed,nc,nc,165,7.6,4.925454545454546,0.7,32.42545454545454,1,2.0,2.0,47.0,263.0,40.0,0.0,8.0,6.6,1895287.6,1498578.0,1498578.0,21167.0,66907.4,176918.6,1029561.8,0.014124723571278905,0.04464725893480352,0.11805765198741741,0.6870258338237983,1,1,1,1,83.0,1821509.5,1895287.6,1956745.5,2042141.0,2120435.4,0.04050382388892295,0.03242668817123053,0.11879347493224765,0,1,0
420,nc21323713,2003-12-22,2003.0,12.0,CA,"7 km NNE of Cambria, California",35.6318333,-121.0551667,7.796,4.73,ml,reviewed,nc,nc,165,7.6,4.925454545454546,0.7,32.42545454545454,1,2.0,2.0,47.0,263.0,40.0,0.0,8.0,6.6,1895287.6,1498578.0,1498578.0,21167.0,66907.4,176918.6,1029561.8,0.014124723571278905,0.04464725893480352,0.11805765198741741,0.6870258338237983,1,0,1,1,55.300000000000004,1821509.5,1895287.6,1956745.5,2042141.0,2120435.4,0.04050382388892295,0.03242668817123053,0.11879347493224765,0,1,0
421,usp000cg8w,2003-12-27,2003.0,12.0,OR,"242 km W of Bandon, Oregon",43.519,-127.347,10.0,5.3,mwc,reviewed,us,hrv,165,7.6,4.925454545454546,0.7,32.42545454545454,1,0.0,0.0,0.0,0.0,0.0,0.0,0.0,0.0,154445.3,126822.1,126822.1,3201.1,5433.8,22339.7,77861.3,0.025240868902186603,0.04284584469110667,0.17614989816443663,0.6139411033250514,0,0,1,1,56.0,147432.8,154445.3,163046.1,168734.4,177222.4,0.04756404273675872,0.05568832460424512,0.14747680894141815,0,1,0
422,usp000ch4f,2004-01-04,2004.0,1.0,AK,"151 km S of False Pass, Alaska",53.5,-163.181,23.1,4.6,mb,reviewed,us,us,167,6.8,4.873053892215569,0.0,28.447047904191617,1,0.0,0.0,0.0,0.0,0.0,0.0,0.0,0.0,42880.1,35389.5,35389.5,324.7,1841.5,1221.6,17645.4,0.00917503779369587,0.05203520818321818,0.03451871317763743,0.4986055185860213,0,0,1,0,49.0,41235.0,42880.1,44406.8,47546.2,50126.7,0.039895719655632315,0.03560392816248107,0.16899680737684844,0,1,0
423,usp000chbr,2004-01-07,2004.0,1.0,WY,"20 km ESE of Kelly, Wyoming",43.571,-110.383,3.1,5.0,mwc,reviewed,us,hrv,167,6.8,4.873053892215569,0.0,28.447047904191617,1,0.0,0.0,0.0,0.0,0.0,0.0,0.0,0.0,30780.1,23418.1,23418.1,453.3,1238.3,1306.4,10787.0,0.01935682228703439,0.05287790213552765,0.055785909189900125,0.46062660933209787,0,0,1,1,53.0,29806.6,30780.1,32463.1,36655.6,39504.8,0.032660551689894186,0.05467818493117307,0.2834526203618573,0,1,0
424,usp000chzv,2004-01-16,2004.0,1.0,AK,"58 km SW of Adak, Alaska",51.459,-177.157,43.1,4.6,mb,reviewed,us,us,167,6.8,4.873053892215569,0.0,28.447047904191617,1,0.0,0.0,0.0,0.0,0.0,0.0,0.0,0.0,42880.1,35389.5,35389.5,324.7,1841.5,1221.6,17645.4,0.00917503779369587,0.05203520818321818,0.03451871317763743,0.4986055185860213,0,0,1,0,49.0,41235.0,42880.1,44406.8,47546.2,50126.7,0.039895719655632315,0.03560392816248107,0.16899680737684844,0,1,0
425,ak004x7kw4c,2004-01-20,2004.0,1.0,AK,"82 km ENE of Ouzinkie, Alaska",58.2201,-151.2228,45.8,5.5,mw,reviewed,ak,ak,167,6.8,4.873053892215569,0.0,28.447047904191617,1,0.0,0.0,0.0,0.0,0.0,0.0,0.0,0.0,42880.1,35389.5,35389.5,324.7,1841.5,1221.6,17645.4,0.00917503779369587,0.05203520818321818,0.03451871317763743,0.4986055185860213,0,0,1,0,58.0,41235.0,42880.1,44406.8,47546.2,50126.7,0.039895719655632315,0.03560392816248107,0.16899680737684844,0,1,0
426,usp000cjbw,2004-01-20,2004.0,1.0,AK,"53 km SE of Akutan, Alaska",53.738,-165.312,36.2,4.5,mb,reviewed,us,us,167,6.8,4.873053892215569,0.0,28.447047904191617,1,0.0,0.0,0.0,0.0,0.0,0.0,0.0,0.0,42880.1,35389.5,35389.5,324.7,1841.5,1221.6,17645.4,0.00917503779369587,0.05203520818321818,0.03451871317763743,0.4986055185860213,0,0,1,0,48.0,41235.0,42880.1,44406.8,47546.2,50126.7,0.039895719655632315,0.03560392816248107,0.16899680737684844,0,1,0
427,ak0041w552xi,2004-02-10,2004.0,2.0,AK,"6 km WNW of Nanwalek, Alaska",59.3725,-152.0276,65.6,5.5,mw,reviewed,ak,ak,167,6.8,4.873053892215569,0.0,28.447047904191617,1,0.0,0.0,0.0,0.0,0.0,0.0,0.0,0.0,42880.1,35389.5,35389.5,324.7,1841.5,1221.6,17645.4,0.00917503779369587,0.05203520818321818,0.03451871317763743,0.4986055185860213,0,0,1,0,58.0,41235.0,42880.1,44406.8,47546.2,50126.7,0.039895719655632315,0.03560392816248107,0.16899680737684844,0,1,0
428,usp000cneu,2004-02-27,2004.0,2.0,AK,"178 km S of Adak, Alaska",50.293,-176.202,30.0,4.8,mb,reviewed,us,us,167,6.8,4.873053892215569,0.0,28.447047904191617,1,0.0,0.0,0.0,0.0,0.0,0.0,0.0,0.0,42880.1,35389.5,35389.5,324.7,1841.5,1221.6,17645.4,0.00917503779369587,0.05203520818321818,0.03451871317763743,0.4986055185860213,0,0,1,0,51.0,41235.0,42880.1,44406.8,47546.2,50126.7,0.039895719655632315,0.03560392816248107,0.16899680737684844,0,1,0
429,ak0042znftjv,2004-03-05,2004.0,3.0,AK,"21 km WNW of Kalifornsky, Alaska",60.5023,-151.64,61.7,5.0,mw,reviewed,ak,ak,167,6.8,4.873053892215569,0.0,28.447047904191617,1,0.0,0.0,0.0,0.0,0.0,0.0,0.0,0.0,42880.1,35389.5,35389.5,324.7,1841.5,1221.6,17645.4,0.00917503779369587,0.05203520818321818,0.03451871317763743,0.4986055185860213,0,0,1,0,53.0,41235.0,42880.1,44406.8,47546.2,50126.7,0.039895719655632315,0.03560392816248107,0.16899680737684844,0,1,0
430,ak00437zdwoi,2004-03-10,2004.0,3.0,AK,"83 km W of Arctic Village, Alaska",68.0714,-147.5365,20.0,4.5,mb,reviewed,ak,ak,167,6.8,4.873053892215569,0.0,28.447047904191617,1,0.0,0.0,0.0,0.0,0.0,0.0,0.0,0.0,42880.1,35389.5,35389.5,324.7,1841.5,1221.6,17645.4,0.00917503779369587,0.05203520818321818,0.03451871317763743,0.4986055185860213,0,0,1,1,48.0,41235.0,42880.1,44406.8,47546.2,50126.7,0.039895719655632315,0.03560392816248107,0.16899680737684844,0,1,0
431,usp000cq70,2004-03-18,2004.0,3.0,AK,Gulf of Alaska,56.993,-146.831,11.9,4.6,mb,reviewed,aeic,us,167,6.8,4.873053892215569,0.0,28.447047904191617,1,0.0,0.0,0.0,0.0,0.0,0.0,0.0,0.0,42880.1,35389.5,35389.5,324.7,1841.5,1221.6,17645.4,0.00917503779369587,0.05203520818321818,0.03451871317763743,0.4986055185860213,0,0,1,1,49.0,41235.0,42880.1,44406.8,47546.2,50126.7,0.039895719655632315,0.03560392816248107,0.16899680737684844,0,1,0
432,ak0043mut4zp,2004-03-19,2004.0,3.0,AK,"74 km WSW of Karluk, Alaska",57.4265,-155.6737,1.0,4.6,mb,reviewed,ak,ak,167,6.8,4.873053892215569,0.0,28.447047904191617,1,0.0,0.0,0.0,0.0,0.0,0.0,0.0,0.0,42880.1,35389.5,35389.5,324.7,1841.5,1221.6,17645.4,0.00917503779369587,0.05203520818321818,0.03451871317763743,0.4986055185860213,0,0,1,1,49.0,41235.0,42880.1,44406.8,47546.2,50126.7,0.039895719655632315,0.03560392816248107,0.16899680737684844,0,1,0
433,usp000cr22,2004-03-27,2004.0,3.0,AK,"136 km SSE of False Pass, Alaska",53.661,-162.933,33.0,4.5,mb,reviewed,aeic,us,167,6.8,4.873053892215569,0.0,28.447047904191617,1,0.0,0.0,0.0,0.0,0.0,0.0,0.0,0.0,42880.1,35389.5,35389.5,324.7,1841.5,1221.6,17645.4,0.00917503779369587,0.05203520818321818,0.03451871317763743,0.4986055185860213,0,0,1,0,48.0,41235.0,42880.1,44406.8,47546.2,50126.7,0.039895719655632315,0.03560392816248107,0.16899680737684844,0,1,0
434,usp000csdg,2004-04-13,2004.0,4.0,AK,"212 km SSW of Nikolski, Alaska",51.355,-170.603,45.2,4.6,mb,reviewed,us,us,167,6.8,4.873053892215569,0.0,28.447047904191617,1,0.0,0.0,0.0,0.0,0.0,0.0,0.0,0.0,42880.1,35389.5,35389.5,324.7,1841.5,1221.6,17645.4,0.00917503779369587,0.05203520818321818,0.03451871317763743,0.4986055185860213,0,0,1,0,49.0,41235.0,42880.1,44406.8,47546.2,50126.7,0.039895719655632315,0.03560392816248107,0.16899680737684844,0,1,0
435,usp000ctk8,2004-04-27,2004.0,4.0,AK,"48 km S of Adak, Alaska",51.443,-176.51,45.7,4.8,mb,reviewed,us,us,167,6.8,4.873053892215569,0.0,28.447047904191617,1,0.0,0.0,0.0,0.0,0.0,0.0,0.0,0.0,42880.1,35389.5,35389.5,324.7,1841.5,1221.6,17645.4,0.00917503779369587,0.05203520818321818,0.03451871317763743,0.4986055185860213,0,0,1,0,51.0,41235.0,42880.1,44406.8,47546.2,50126.7,0.039895719655632315,0.03560392816248107,0.16899680737684844,0,1,0
436,ak0045m01lin,2004-05-01,2004.0,5.0,AK,"89 km WNW of Tyonek, Alaska",61.3149,-152.7247,166.7,4.5,mb,reviewed,ak,ak,167,6.8,4.873053892215569,0.0,28.447047904191617,1,0.0,0.0,0.0,0.0,0.0,0.0,0.0,0.0,42880.1,35389.5,35389.5,324.7,1841.5,1221.6,17645.4,0.00917503779369587,0.05203520818321818,0.03451871317763743,0.4986055185860213,0,0,0,0,45.0,41235.0,42880.1,44406.8,47546.2,50126.7,0.039895719655632315,0.03560392816248107,0.16899680737684844,0,1,0
437,usp000cudv,2004-05-08,2004.0,5.0,AK,"105 km SE of Akutan, Alaska",53.421,-164.712,20.0,4.5,mb,reviewed,aeic,us,167,6.8,4.873053892215569,0.0,28.447047904191617,1,0.0,0.0,0.0,0.0,0.0,0.0,0.0,0.0,42880.1,35389.5,35389.5,324.7,1841.5,1221.6,17645.4,0.00917503779369587,0.05203520818321818,0.03451871317763743,0.4986055185860213,0,0,1,1,48.0,41235.0,42880.1,44406.8,47546.2,50126.7,0.039895719655632315,0.03560392816248107,0.16899680737684844,0,1,0
438,nn00105745,2004-05-16,2004.0,5.0,NV,"30 km ESE of Alamo, Nevada",37.2798,-114.84,0.0,4.5,ml,reviewed,nn,nn,167,6.8,4.873053892215569,0.0,28.447047904191617,1,0.0,0.0,0.0,0.0,0.0,0.0,0.0,0.0,139373.0,104132.0,104132.0,243.5,9728.0,4515.0,77104.9,0.002338378212269043,0.09341989013943841,0.043358429685399304,0.7404534629124572,0,0,1,1,48.0,125905.4,139373.0,150680.9,156297.9,157734.3,0.10696602369715681,0.08113407905404917,0.13174215952874652,0,1,0
439,usp000cvqz,2004-05-21,2004.0,5.0,AK,"84 km SE of Atka, Alaska",51.592,-173.466,37.9,4.5,mb,reviewed,us,us,167,6.8,4.873053892215569,0.0,28.447047904191617,1,0.0,0.0,0.0,0.0,0.0,0.0,0.0,0.0,42880.1,35389.5,35389.5,324.7,1841.5,1221.6,17645.4,0.00917503779369587,0.05203520818321818,0.03451871317763743,0.4986055185860213,0,0,1,0,48.0,41235.0,42880.1,44406.8,47546.2,50126.7,0.039895719655632315,0.03560392816248107,0.16899680737684844,0,1,0
440,usp000cxp4,2004-06-11,2004.0,6.0,AK,"100 km S of False Pass, Alaska",53.956,-163.573,21.1,4.6,mb,reviewed,us,us,167,6.8,4.873053892215569,0.0,28.447047904191617,1,0.0,0.0,0.0,0.0,0.0,0.0,0.0,0.0,42880.1,35389.5,35389.5,324.7,1841.5,1221.6,17645.4,0.00917503779369587,0.05203520818321818,0.03451871317763743,0.4986055185860213,0,0,1,0,49.0,41235.0,42880.1,44406.8,47546.2,50126.7,0.039895719655632315,0.03560392816248107,0.16899680737684844,0,1,0
441,usp000cxpc,2004-06-11,2004.0,6.0,AK,"99 km S of False Pass, Alaska",53.97,-163.59,18.3,4.5,mb,reviewed,us,us,167,6.8,4.873053892215569,0.0,28.447047904191617,1,0.0,0.0,0.0,0.0,0.0,0.0,0.0,0.0,42880.1,35389.5,35389.5,324.7,1841.5,1221.6,17645.4,0.00917503779369587,0.05203520818321818,0.03451871317763743,0.4986055185860213,0,0,1,1,48.0,41235.0,42880.1,44406.8,47546.2,50126.7,0.039895719655632315,0.03560392816248107,0.16899680737684844,0,1,0
442,ak0047ygndne,2004-06-21,2004.0,6.0,AK,"39 km SSE of Skwentna, Alaska",61.6458,-151.2251,79.7,5.0,mw,reviewed,ak,ak,167,6.8,4.873053892215569,0.0,28.447047904191617,1,0.0,0.0,0.0,0.0,0.0,0.0,0.0,0.0,42880.1,35389.5,35389.5,324.7,1841.5,1221.6,17645.4,0.00917503779369587,0.05203520818321818,0.03451871317763743,0.4986055185860213,0,0,0,0,50.0,41235.0,42880.1,44406.8,47546.2,50126.7,0.039895719655632315,0.03560392816248107,0.16899680737684844,0,1,0
443,usp000cyg8,2004-06-22,2004.0,6.0,CA,"261 km WSW of Crescent City, California",41.307,-127.28,10.0,4.8,mwr,reviewed,us,brk,167,6.8,4.873053892215569,0.0,28.447047904191617,1,1.0,0.0,0.0,0.0,0.0,0.0,6.0,6.0,1956745.5,1585081.4,1585081.4,25355.1,80986.9,182327.4,1081651.7,0.01599608701483722,0.05109321199529564,0.1150271525487587,0.6823950492384807,1,0,1,1,56.0,1895287.6,1956745.5,2042141.0,2120435.4,2168940.4,0.03242668817123053,0.04364159774482681,0.10844276887311094,0,1,0
444,ak00489udzds,2004-06-28,2004.0,6.0,AK,"98 km WSW of Craig, Alaska",55.0721,-134.5324,19.9,6.8,mw,reviewed,ak,ak,167,6.8,4.873053892215569,0.0,28.447047904191617,1,0.0,0.0,0.0,0.0,0.0,0.0,0.0,0.0,42880.1,35389.5,35389.5,324.7,1841.5,1221.6,17645.4,0.00917503779369587,0.05203520818321818,0.03451871317763743,0.4986055185860213,0,1,1,1,81.0,41235.0,42880.1,44406.8,47546.2,50126.7,0.039895719655632315,0.03560392816248107,0.16899680737684844,0,1,0
445,usp000d0jk,2004-07-20,2004.0,7.0,OR,"289 km W of Bandon, Oregon",43.664,-127.906,10.0,4.8,mb,reviewed,us,us,167,6.8,4.873053892215569,0.0,28.447047904191617,1,0.0,0.0,0.0,0.0,0.0,0.0,0.0,0.0,163046.1,136495.9,136495.9,3537.6,6112.8,25682.4,82572.5,0.025917261983693284,0.04478376273573053,0.1881551020946417,0.6049449104332072,0,0,1,1,51.0,154445.3,163046.1,168734.4,177222.4,180724.3,0.05568832460424512,0.03488767900612151,0.10842454986657137,0,1,0
446,usp000d0rs,2004-07-23,2004.0,7.0,AK,"39 km SSE of Sand Point, Alaska",54.99,-160.375,49.3,4.6,mb,reviewed,us,us,167,6.8,4.873053892215569,0.0,28.447047904191617,1,0.0,0.0,0.0,0.0,0.0,0.0,0.0,0.0,42880.1,35389.5,35389.5,324.7,1841.5,1221.6,17645.4,0.00917503779369587,0.05203520818321818,0.03451871317763743,0.4986055185860213,0,0,1,0,49.0,41235.0,42880.1,44406.8,47546.2,50126.7,0.039895719655632315,0.03560392816248107,0.16899680737684844,0,1,0
447,usp000d1p9,2004-08-07,2004.0,8.0,AK,"218 km SE of Nikolski, Alaska",51.753,-166.313,8.0,6.0,mwb,reviewed,us,us,167,6.8,4.873053892215569,0.0,28.447047904191617,1,0.0,0.0,0.0,0.0,0.0,0.0,0.0,0.0,42880.1,35389.5,35389.5,324.7,1841.5,1221.6,17645.4,0.00917503779369587,0.05203520818321818,0.03451871317763743,0.4986055185860213,0,1,1,1,73.0,41235.0,42880.1,44406.8,47546.2,50126.7,0.039895719655632315,0.03560392816248107,0.16899680737684844,0,1,0
448,usp000d1rj,2004-08-08,2004.0,8.0,AK,"206 km SE of Nikolski, Alaska",51.844,-166.416,28.3,4.5,mb,reviewed,us,us,167,6.8,4.873053892215569,0.0,28.447047904191617,1,0.0,0.0,0.0,0.0,0.0,0.0,0.0,0.0,42880.1,35389.5,35389.5,324.7,1841.5,1221.6,17645.4,0.00917503779369587,0.05203520818321818,0.03451871317763743,0.4986055185860213,0,0,1,0,48.0,41235.0,42880.1,44406.8,47546.2,50126.7,0.039895719655632315,0.03560392816248107,0.16899680737684844,0,1,0
449,uw10613523,2004-08-19,2004.0,8.0,OR,"19 km W of Newport, Oregon",44.6645,-124.3003333,27.274,4.7,md,reviewed,uw,uw,167,6.8,4.873053892215569,0.0,28.447047904191617,1,0.0,0.0,0.0,0.0,0.0,0.0,0.0,0.0,163046.1,136495.9,136495.9,3537.6,6112.8,25682.4,82572.5,0.025917261983693284,0.04478376273573053,0.1881551020946417,0.6049449104332072,0,0,1,0,50.0,154445.3,163046.1,168734.4,177222.4,180724.3,0.05568832460424512,0.03488767900612151,0.10842454986657137,0,1,0
450,usp000d2gh,2004-08-20,2004.0,8.0,AK,"216 km SE of Nikolski, Alaska",51.813,-166.266,27.3,4.8,mwc,reviewed,us,hrv,167,6.8,4.873053892215569,0.0,28.447047904191617,1,0.0,0.0,0.0,0.0,0.0,0.0,0.0,0.0,42880.1,35389.5,35389.5,324.7,1841.5,1221.6,17645.4,0.00917503779369587,0.05203520818321818,0.03451871317763743,0.4986055185860213,0,0,1,0,51.0,41235.0,42880.1,44406.8,47546.2,50126.7,0.039895719655632315,0.03560392816248107,0.16899680737684844,0,1,0
451,usp000d2j5,2004-08-20,2004.0,8.0,AK,"32 km SW of Adak, Alaska",51.665,-176.969,62.9,5.0,mwc,reviewed,us,hrv,167,6.8,4.873053892215569,0.0,28.447047904191617,1,0.0,0.0,0.0,0.0,0.0,0.0,0.0,0.0,42880.1,35389.5,35389.5,324.7,1841.5,1221.6,17645.4,0.00917503779369587,0.05203520818321818,0.03451871317763743,0.4986055185860213,0,0,1,0,53.0,41235.0,42880.1,44406.8,47546.2,50126.7,0.039895719655632315,0.03560392816248107,0.16899680737684844,0,1,0
452,ak004axn87vu,2004-08-25,2004.0,8.0,AK,"48 km SSE of Nelchina, Alaska",61.588,-146.4163,39.7,5.1,mw,reviewed,ak,ak,167,6.8,4.873053892215569,0.0,28.447047904191617,1,0.0,0.0,0.0,0.0,0.0,0.0,0.0,0.0,42880.1,35389.5,35389.5,324.7,1841.5,1221.6,17645.4,0.00917503779369587,0.05203520818321818,0.03451871317763743,0.4986055185860213,0,0,1,0,54.0,41235.0,42880.1,44406.8,47546.2,50126.7,0.039895719655632315,0.03560392816248107,0.16899680737684844,0,1,0
453,usp000d3jy,2004-09-05,2004.0,9.0,AK,"133 km WSW of Nikolski, Alaska",52.31,-170.539,46.8,4.6,mb,reviewed,us,us,167,6.8,4.873053892215569,0.0,28.447047904191617,1,0.0,0.0,0.0,0.0,0.0,0.0,0.0,0.0,42880.1,35389.5,35389.5,324.7,1841.5,1221.6,17645.4,0.00917503779369587,0.05203520818321818,0.03451871317763743,0.4986055185860213,0,0,1,0,49.0,41235.0,42880.1,44406.8,47546.2,50126.7,0.039895719655632315,0.03560392816248107,0.16899680737684844,0,1,0
454,usp000d3zm,2004-09-09,2004.0,9.0,AK,"75 km SSW of Unalaska, Alaska",53.281,-167.097,54.7,4.7,mb,reviewed,us,us,167,6.8,4.873053892215569,0.0,28.447047904191617,1,0.0,0.0,0.0,0.0,0.0,0.0,0.0,0.0,42880.1,35389.5,35389.5,324.7,1841.5,1221.6,17645.4,0.00917503779369587,0.05203520818321818,0.03451871317763743,0.4986055185860213,0,0,1,0,50.0,41235.0,42880.1,44406.8,47546.2,50126.7,0.039895719655632315,0.03560392816248107,0.16899680737684844,0,1,0
455,usp000d43w,2004-09-12,2004.0,9.0,AK,"97 km SSW of Unalaska, Alaska",53.106,-167.227,35.9,4.7,mb,reviewed,us,us,167,6.8,4.873053892215569,0.0,28.447047904191617,1,0.0,0.0,0.0,0.0,0.0,0.0,0.0,0.0,42880.1,35389.5,35389.5,324.7,1841.5,1221.6,17645.4,0.00917503779369587,0.05203520818321818,0.03451871317763743,0.4986055185860213,0,0,1,0,50.0,41235.0,42880.1,44406.8,47546.2,50126.7,0.039895719655632315,0.03560392816248107,0.16899680737684844,0,1,0
456,usp000d4b1,2004-09-15,2004.0,9.0,OR,"190 km W of Port Orford, Oregon",42.593,-126.817,10.0,4.5,mb,reviewed,us,us,167,6.8,4.873053892215569,0.0,28.447047904191617,1,0.0,0.0,0.0,0.0,0.0,0.0,0.0,0.0,163046.1,136495.9,136495.9,3537.6,6112.8,25682.4,82572.5,0.025917261983693284,0.04478376273573053,0.1881551020946417,0.6049449104332072,0,0,1,1,48.0,154445.3,163046.1,168734.4,177222.4,180724.3,0.05568832460424512,0.03488767900612151,0.10842454986657137,0,1,0
457,nc30500748,2004-09-18,2004.0,9.0,CA,"27 km NW of Benton, California",38.0233333,-118.658,0.431,5.35,mw,reviewed,nc,nc,167,6.8,4.873053892215569,0.0,28.447047904191617,1,1.0,0.0,0.0,0.0,0.0,0.0,6.0,6.0,1956745.5,1585081.4,1585081.4,25355.1,80986.9,182327.4,1081651.7,0.01599608701483722,0.05109321199529564,0.1150271525487587,0.6823950492384807,1,0,1,1,61.5,1895287.6,1956745.5,2042141.0,2120435.4,2168940.4,0.03242668817123053,0.04364159774482681,0.10844276887311094,0,1,0
458,nc21401069,2004-09-29,2004.0,9.0,CA,"8 km NW of Parkfield, California",35.9536667,-120.5021667,10.772,5.0,mw,reviewed,nc,nc,167,6.8,4.873053892215569,0.0,28.447047904191617,1,1.0,0.0,0.0,0.0,0.0,0.0,6.0,6.0,1956745.5,1585081.4,1585081.4,25355.1,80986.9,182327.4,1081651.7,0.01599608701483722,0.05109321199529564,0.1150271525487587,0.6823950492384807,1,0,1,1,58.0,1895287.6,1956745.5,2042141.0,2120435.4,2168940.4,0.03242668817123053,0.04364159774482681,0.10844276887311094,0,1,0
459,usp000d5bh,2004-09-29,2004.0,9.0,AK,"55 km SSE of Sand Point, Alaska",54.869,-160.178,49.3,4.6,mb,reviewed,us,us,167,6.8,4.873053892215569,0.0,28.447047904191617,1,0.0,0.0,0.0,0.0,0.0,0.0,0.0,0.0,42880.1,35389.5,35389.5,324.7,1841.5,1221.6,17645.4,0.00917503779369587,0.05203520818321818,0.03451871317763743,0.4986055185860213,0,0,1,0,49.0,41235.0,42880.1,44406.8,47546.2,50126.7,0.039895719655632315,0.03560392816248107,0.16899680737684844,0,1,0
460,nc21401170,2004-09-30,2004.0,9.0,CA,"13 km NW of Parkfield, California",35.988,-120.5378333,9.889,4.88,mw,reviewed,nc,nc,167,6.8,4.873053892215569,0.0,28.447047904191617,1,1.0,0.0,0.0,0.0,0.0,0.0,6.0,6.0,1956745.5,1585081.4,1585081.4,25355.1,80986.9,182327.4,1081651.7,0.01599608701483722,0.05109321199529564,0.1150271525487587,0.6823950492384807,1,0,1,1,56.8,1895287.6,1956745.5,2042141.0,2120435.4,2168940.4,0.03242668817123053,0.04364159774482681,0.10844276887311094,0,1,0
461,usp000d5jp,2004-10-02,2004.0,10.0,AK,"39 km SE of Akutan, Alaska",53.927,-165.28,59.3,4.5,mb,reviewed,us,us,167,6.8,4.873053892215569,0.0,28.447047904191617,1,0.0,0.0,0.0,0.0,0.0,0.0,0.0,0.0,42880.1,35389.5,35389.5,324.7,1841.5,1221.6,17645.4,0.00917503779369587,0.05203520818321818,0.03451871317763743,0.4986055185860213,0,0,1,0,48.0,41235.0,42880.1,44406.8,47546.2,50126.7,0.039895719655632315,0.03560392816248107,0.16899680737684844,0,1,0
462,usp000d5mx,2004-10-02,2004.0,10.0,AK,Gulf of Alaska,57.07,-145.875,10.0,4.5,mb,reviewed,us,us,167,6.8,4.873053892215569,0.0,28.447047904191617,1,0.0,0.0,0.0,0.0,0.0,0.0,0.0,0.0,42880.1,35389.5,35389.5,324.7,1841.5,1221.6,17645.4,0.00917503779369587,0.05203520818321818,0.03451871317763743,0.4986055185860213,0,0,1,1,48.0,41235.0,42880.1,44406.8,47546.2,50126.7,0.039895719655632315,0.03560392816248107,0.16899680737684844,0,1,0
463,nc21405798,2004-10-09,2004.0,10.0,CA,"23 km NW of Benton, California",37.9788333,-118.6588333,5.445,4.52,mw,reviewed,nc,nc,167,6.8,4.873053892215569,0.0,28.447047904191617,1,1.0,0.0,0.0,0.0,0.0,0.0,6.0,6.0,1956745.5,1585081.4,1585081.4,25355.1,80986.9,182327.4,1081651.7,0.01599608701483722,0.05109321199529564,0.1150271525487587,0.6823950492384807,1,0,1,1,53.199999999999996,1895287.6,1956745.5,2042141.0,2120435.4,2168940.4,0.03242668817123053,0.04364159774482681,0.10844276887311094,0,1,0
464,hv5397843,2004-10-12,2004.0,10.0,HI,"14 km S of Fern Forest, Hawaii",19.3371667,-155.1188333,8.488,4.5,md,reviewed,hv,hv,167,6.8,4.873053892215569,0.0,28.447047904191617,1,0.0,0.0,0.0,0.0,0.0,0.0,0.0,0.0,69332.0,52625.7,52625.7,426.1,3020.7,1058.5,36802.6,0.008096804413052938,0.05739971154777989,0.020113746705507005,0.6993275148834125,0,0,1,1,48.0,65623.7,69332.0,72941.9,74892.9,76434.1,0.056508547978855246,0.05206686667051281,0.10243610454047201,0,1,0
465,usp000d6af,2004-10-13,2004.0,10.0,OR,"199 km W of Langlois, Oregon",43.274,-126.858,10.0,4.5,mb,reviewed,us,us,167,6.8,4.873053892215569,0.0,28.447047904191617,1,0.0,0.0,0.0,0.0,0.0,0.0,0.0,0.0,163046.1,136495.9,136495.9,3537.6,6112.8,25682.4,82572.5,0.025917261983693284,0.04478376273573053,0.1881551020946417,0.6049449104332072,0,0,1,1,48.0,154445.3,163046.1,168734.4,177222.4,180724.3,0.05568832460424512,0.03488767900612151,0.10842454986657137,0,1,0
466,usp000d6ew,2004-10-15,2004.0,10.0,AK,"39 km W of Nikolski, Alaska",53.0,-169.444,80.0,4.7,mb,reviewed,us,us,167,6.8,4.873053892215569,0.0,28.447047904191617,1,0.0,0.0,0.0,0.0,0.0,0.0,0.0,0.0,42880.1,35389.5,35389.5,324.7,1841.5,1221.6,17645.4,0.00917503779369587,0.05203520818321818,0.03451871317763743,0.4986055185860213,0,0,0,0,47.0,41235.0,42880.1,44406.8,47546.2,50126.7,0.039895719655632315,0.03560392816248107,0.16899680737684844,0,1,0
467,usp000d6t9,2004-10-21,2004.0,10.0,AK,"66 km SE of Nikolski, Alaska",52.473,-168.248,37.1,4.8,mb,reviewed,us,us,167,6.8,4.873053892215569,0.0,28.447047904191617,1,0.0,0.0,0.0,0.0,0.0,0.0,0.0,0.0,42880.1,35389.5,35389.5,324.7,1841.5,1221.6,17645.4,0.00917503779369587,0.05203520818321818,0.03451871317763743,0.4986055185860213,0,0,1,0,51.0,41235.0,42880.1,44406.8,47546.2,50126.7,0.039895719655632315,0.03560392816248107,0.16899680737684844,0,1,0
468,usp000d6z9,2004-10-24,2004.0,10.0,AK,"58 km SSW of False Pass, Alaska",54.392,-163.847,72.7,4.6,mb,reviewed,us,us,167,6.8,4.873053892215569,0.0,28.447047904191617,1,0.0,0.0,0.0,0.0,0.0,0.0,0.0,0.0,42880.1,35389.5,35389.5,324.7,1841.5,1221.6,17645.4,0.00917503779369587,0.05203520818321818,0.03451871317763743,0.4986055185860213,0,0,0,0,46.0,41235.0,42880.1,44406.8,47546.2,50126.7,0.039895719655632315,0.03560392816248107,0.16899680737684844,0,1,0
469,ak004e5erka2,2004-11-03,2004.0,11.0,AK,"107 km SE of Akhiok, Alaska",56.1935,-153.0828,19.8,4.7,mb,reviewed,ak,ak,167,6.8,4.873053892215569,0.0,28.447047904191617,1,0.0,0.0,0.0,0.0,0.0,0.0,0.0,0.0,42880.1,35389.5,35389.5,324.7,1841.5,1221.6,17645.4,0.00917503779369587,0.05203520818321818,0.03451871317763743,0.4986055185860213,0,0,1,1,50.0,41235.0,42880.1,44406.8,47546.2,50126.7,0.039895719655632315,0.03560392816248107,0.16899680737684844,0,1,0
470,ak004f0vdo06,2004-11-22,2004.0,11.0,AK,"109 km SE of Akhiok, Alaska",56.1569,-153.097,17.8,4.6,mb,reviewed,ak,ak,167,6.8,4.873053892215569,0.0,28.447047904191617,1,0.0,0.0,0.0,0.0,0.0,0.0,0.0,0.0,42880.1,35389.5,35389.5,324.7,1841.5,1221.6,17645.4,0.00917503779369587,0.05203520818321818,0.03451871317763743,0.4986055185860213,0,0,1,1,49.0,41235.0,42880.1,44406.8,47546.2,50126.7,0.039895719655632315,0.03560392816248107,0.16899680737684844,0,1,0
471,usp000d922,2004-11-23,2004.0,11.0,AK,"106 km E of Akutan, Alaska",53.967,-164.169,31.6,4.6,mb,reviewed,us,us,167,6.8,4.873053892215569,0.0,28.447047904191617,1,0.0,0.0,0.0,0.0,0.0,0.0,0.0,0.0,42880.1,35389.5,35389.5,324.7,1841.5,1221.6,17645.4,0.00917503779369587,0.05203520818321818,0.03451871317763743,0.4986055185860213,0,0,1,0,49.0,41235.0,42880.1,44406.8,47546.2,50126.7,0.039895719655632315,0.03560392816248107,0.16899680737684844,0,1,0
472,usp000d9sj,2004-12-02,2004.0,12.0,AK,"169 km SSE of Atka, Alaska",50.81,-173.19,38.5,4.9,mb,reviewed,us,us,167,6.8,4.873053892215569,0.0,28.447047904191617,1,0.0,0.0,0.0,0.0,0.0,0.0,0.0,0.0,42880.1,35389.5,35389.5,324.7,1841.5,1221.6,17645.4,0.00917503779369587,0.05203520818321818,0.03451871317763743,0.4986055185860213,0,0,1,0,52.0,41235.0,42880.1,44406.8,47546.2,50126.7,0.039895719655632315,0.03560392816248107,0.16899680737684844,0,1,0
473,usp000damb,2004-12-13,2004.0,12.0,OR,"253 km WNW of Bandon, Oregon",43.646,-127.456,10.0,4.5,mb,reviewed,us,us,167,6.8,4.873053892215569,0.0,28.447047904191617,1,0.0,0.0,0.0,0.0,0.0,0.0,0.0,0.0,163046.1,136495.9,136495.9,3537.6,6112.8,25682.4,82572.5,0.025917261983693284,0.04478376273573053,0.1881551020946417,0.6049449104332072,0,0,1,1,48.0,154445.3,163046.1,168734.4,177222.4,180724.3,0.05568832460424512,0.03488767900612151,0.10842454986657137,0,1,0
474,ak004gbcw6gn,2004-12-20,2004.0,12.0,AK,"125 km SE of Perryville, Alaska",55.1028,-157.7606,3.1,4.7,mb,reviewed,ak,ak,167,6.8,4.873053892215569,0.0,28.447047904191617,1,0.0,0.0,0.0,0.0,0.0,0.0,0.0,0.0,42880.1,35389.5,35389.5,324.7,1841.5,1221.6,17645.4,0.00917503779369587,0.05203520818321818,0.03451871317763743,0.4986055185860213,0,0,1,1,50.0,41235.0,42880.1,44406.8,47546.2,50126.7,0.039895719655632315,0.03560392816248107,0.16899680737684844,0,1,0
475,usp000db7s,2004-12-22,2004.0,12.0,OR,"188 km W of Port Orford, Oregon",42.479,-126.768,10.0,5.1,mwc,reviewed,us,hrv,167,6.8,4.873053892215569,0.0,28.447047904191617,1,0.0,0.0,0.0,0.0,0.0,0.0,0.0,0.0,163046.1,136495.9,136495.9,3537.6,6112.8,25682.4,82572.5,0.025917261983693284,0.04478376273573053,0.1881551020946417,0.6049449104332072,0,0,1,1,54.0,154445.3,163046.1,168734.4,177222.4,180724.3,0.05568832460424512,0.03488767900612151,0.10842454986657137,0,1,0
476,usp000dcwr,2005-01-09,2005.0,1.0,AK,"51 km SE of Adak, Alaska",51.535,-176.135,41.2,5.2,mwc,reviewed,us,hrv,159,7.2,4.903018867924528,-2.261,29.464194968553457,1,0.0,0.0,0.0,0.0,0.0,0.0,0.0,0.0,44406.8,40459.9,40459.9,369.6,2037.3,1264.6,18870.6,0.009134970674668005,0.050353559944537676,0.03125563829866114,0.4664025368327652,0,0,1,0,55.0,42880.1,44406.8,47546.2,50126.7,49926.6,0.03560392816248107,0.07069637983371903,0.12430078276300016,0,1,0
477,usp000dcyy,2005-01-10,2005.0,1.0,AK,"103 km WSW of Adak, Alaska",51.559,-178.044,60.8,4.7,mb,reviewed,us,us,159,7.2,4.903018867924528,-2.261,29.464194968553457,1,0.0,0.0,0.0,0.0,0.0,0.0,0.0,0.0,44406.8,40459.9,40459.9,369.6,2037.3,1264.6,18870.6,0.009134970674668005,0.050353559944537676,0.03125563829866114,0.4664025368327652,0,0,1,0,50.0,42880.1,44406.8,47546.2,50126.7,49926.6,0.03560392816248107,0.07069637983371903,0.12430078276300016,0,1,0
478,usp000dd6s,2005-01-12,2005.0,1.0,AK,"134 km WSW of Adak, Alaska",51.258,-178.308,28.0,4.8,mb,reviewed,us,us,159,7.2,4.903018867924528,-2.261,29.464194968553457,1,0.0,0.0,0.0,0.0,0.0,0.0,0.0,0.0,44406.8,40459.9,40459.9,369.6,2037.3,1264.6,18870.6,0.009134970674668005,0.050353559944537676,0.03125563829866114,0.4664025368327652,0,0,1,0,51.0,42880.1,44406.8,47546.2,50126.7,49926.6,0.03560392816248107,0.07069637983371903,0.12430078276300016,0,1,0
479,ak005lsbo6a,2005-01-13,2005.0,1.0,AK,"49 km NNE of Chenega, Alaska",60.4393,-147.5282,22.5,4.7,mw,reviewed,ak,ak,159,7.2,4.903018867924528,-2.261,29.464194968553457,1,0.0,0.0,0.0,0.0,0.0,0.0,0.0,0.0,44406.8,40459.9,40459.9,369.6,2037.3,1264.6,18870.6,0.009134970674668005,0.050353559944537676,0.03125563829866114,0.4664025368327652,0,0,1,0,50.0,42880.1,44406.8,47546.2,50126.7,49926.6,0.03560392816248107,0.07069637983371903,0.12430078276300016,0,1,0
480,usp000ddzs,2005-01-22,2005.0,1.0,AK,"92 km SSW of Nikolski, Alaska",52.182,-169.438,37.0,4.5,mb,reviewed,us,us,159,7.2,4.903018867924528,-2.261,29.464194968553457,1,0.0,0.0,0.0,0.0,0.0,0.0,0.0,0.0,44406.8,40459.9,40459.9,369.6,2037.3,1264.6,18870.6,0.009134970674668005,0.050353559944537676,0.03125563829866114,0.4664025368327652,0,0,1,0,48.0,42880.1,44406.8,47546.2,50126.7,49926.6,0.03560392816248107,0.07069637983371903,0.12430078276300016,0,1,0
481,usp000de4p,2005-01-23,2005.0,1.0,AK,"46 km SSW of Adak, Alaska",51.464,-176.792,39.1,4.7,mb,reviewed,us,us,159,7.2,4.903018867924528,-2.261,29.464194968553457,1,0.0,0.0,0.0,0.0,0.0,0.0,0.0,0.0,44406.8,40459.9,40459.9,369.6,2037.3,1264.6,18870.6,0.009134970674668005,0.050353559944537676,0.03125563829866114,0.4664025368327652,0,0,1,0,50.0,42880.1,44406.8,47546.2,50126.7,49926.6,0.03560392816248107,0.07069637983371903,0.12430078276300016,0,1,0
482,usp000dgec,2005-02-18,2005.0,2.0,AK,"172 km WSW of Adak, Alaska",51.241,-178.903,43.9,5.0,mwc,reviewed,us,hrv,159,7.2,4.903018867924528,-2.261,29.464194968553457,1,0.0,0.0,0.0,0.0,0.0,0.0,0.0,0.0,44406.8,40459.9,40459.9,369.6,2037.3,1264.6,18870.6,0.009134970674668005,0.050353559944537676,0.03125563829866114,0.4664025368327652,0,0,1,0,53.0,42880.1,44406.8,47546.2,50126.7,49926.6,0.03560392816248107,0.07069637983371903,0.12430078276300016,0,1,0
483,usp000dgrs,2005-02-22,2005.0,2.0,CO,"66 km W of Campo Pesquero el Colorado, Mexico",25.669,-109.97,10.0,5.6,mwb,reviewed,us,us,159,7.2,4.903018867924528,-2.261,29.464194968553457,1,0.0,0.0,0.0,0.0,0.0,0.0,0.0,0.0,261992.9,220803.8,220803.8,2112.5,13185.1,16779.6,150802.2,0.00956731722914189,0.059714099123294076,0.07599325736241858,0.682969224261539,0,0,1,1,59.0,250069.3,261992.9,268190.8,278733.8,281803.3,0.04768118277613448,0.023656747950039844,0.07561426282925986,0,1,0
484,usp000dh2z,2005-02-27,2005.0,2.0,AK,"188 km WSW of Adak, Alaska",51.301,-179.193,29.5,4.7,mwc,reviewed,us,hrv,159,7.2,4.903018867924528,-2.261,29.464194968553457,1,0.0,0.0,0.0,0.0,0.0,0.0,0.0,0.0,44406.8,40459.9,40459.9,369.6,2037.3,1264.6,18870.6,0.009134970674668005,0.050353559944537676,0.03125563829866114,0.4664025368327652,0,0,1,0,50.0,42880.1,44406.8,47546.2,50126.7,49926.6,0.03560392816248107,0.07069637983371903,0.12430078276300016,0,1,0
485,usp000dhc3,2005-03-02,2005.0,3.0,AZ,"40 km SSW of Winslow West, Arizona",34.715,-110.97,5.0,5.1,mb,reviewed,us,us,159,7.2,4.903018867924528,-2.261,29.464194968553457,1,0.0,0.0,0.0,0.0,0.0,0.0,0.0,0.0,283806.2,227997.8,227997.8,2021.2,18345.8,20633.6,154194.4,0.008864997820154406,0.08046481150256714,0.09049911885114681,0.6762977537502555,0,0,1,1,54.0,264990.0,283806.2,296424.4,306611.6,302277.9,0.07100720781916303,0.044460621367679816,0.06508561123752762,0,1,0
486,usp000dhq1,2005-03-07,2005.0,3.0,OR,"172 km W of Port Orford, Oregon",42.512,-126.575,10.0,5.3,mwc,reviewed,us,hrv,159,7.2,4.903018867924528,-2.261,29.464194968553457,1,0.0,0.0,0.0,0.0,0.0,0.0,0.0,0.0,168734.4,143556.3,143556.3,3439.4,7099.7,25458.1,88294.2,0.0239585444874241,0.049455858084946465,0.1773387862462323,0.6150492872831078,0,0,1,1,56.0,163046.1,168734.4,177222.4,180724.3,184842.6,0.03488767900612151,0.05030390957623342,0.095464825192729,0,1,0
487,usp000dhtc,2005-03-08,2005.0,3.0,OR,"169 km W of Port Orford, Oregon",42.524,-126.548,10.0,4.7,mb,reviewed,us,us,159,7.2,4.903018867924528,-2.261,29.464194968553457,1,0.0,0.0,0.0,0.0,0.0,0.0,0.0,0.0,168734.4,143556.3,143556.3,3439.4,7099.7,25458.1,88294.2,0.0239585444874241,0.049455858084946465,0.1773387862462323,0.6150492872831078,0,0,1,1,50.0,163046.1,168734.4,177222.4,180724.3,184842.6,0.03488767900612151,0.05030390957623342,0.095464825192729,0,1,0
488,nc21446135,2005-03-18,2005.0,3.0,CA,"64 km WSW of Ferndale, California",40.3706667,-124.972,17.08,4.85,mw,reviewed,nc,nc,159,7.2,4.903018867924528,-2.261,29.464194968553457,1,1.0,0.0,0.0,0.0,0.0,0.0,4.0,7.2,2042141.0,1698858.4,1698858.4,25442.7,92240.3,207858.7,1145810.9,0.014976351177943966,0.05429546099898615,0.12235198648692559,0.6744593310425401,1,0,1,1,56.5,1956745.5,2042141.0,2120435.4,2168940.4,2192331.8,0.04364159774482681,0.03833937029813314,0.07354575418641505,0,1,0
489,usp000dk4a,2005-03-26,2005.0,3.0,AK,"221 km WSW of Adak, Alaska",51.181,-179.621,43.6,4.6,mb,reviewed,us,us,159,7.2,4.903018867924528,-2.261,29.464194968553457,1,0.0,0.0,0.0,0.0,0.0,0.0,0.0,0.0,44406.8,40459.9,40459.9,369.6,2037.3,1264.6,18870.6,0.009134970674668005,0.050353559944537676,0.03125563829866114,0.4664025368327652,0,0,1,0,49.0,42880.1,44406.8,47546.2,50126.7,49926.6,0.03560392816248107,0.07069637983371903,0.12430078276300016,0,1,0
490,ak0054f20p4p,2005-04-06,2005.0,4.0,AK,"37 km NNW of Valdez, Alaska",61.454,-146.5177,16.7,4.8,mw,reviewed,ak,ak,159,7.2,4.903018867924528,-2.261,29.464194968553457,1,0.0,0.0,0.0,0.0,0.0,0.0,0.0,0.0,44406.8,40459.9,40459.9,369.6,2037.3,1264.6,18870.6,0.009134970674668005,0.050353559944537676,0.03125563829866114,0.4664025368327652,0,0,1,1,51.0,42880.1,44406.8,47546.2,50126.7,49926.6,0.03560392816248107,0.07069637983371903,0.12430078276300016,0,1,0
491,ak0054jz8chp,2005-04-09,2005.0,4.0,AK,"107 km S of Akhiok, Alaska",55.9841,-154.2628,10.0,5.8,mw,reviewed,ak,ak,159,7.2,4.903018867924528,-2.261,29.464194968553457,1,0.0,0.0,0.0,0.0,0.0,0.0,0.0,0.0,44406.8,40459.9,40459.9,369.6,2037.3,1264.6,18870.6,0.009134970674668005,0.050353559944537676,0.03125563829866114,0.4664025368327652,0,0,1,1,61.0,42880.1,44406.8,47546.2,50126.7,49926.6,0.03560392816248107,0.07069637983371903,0.12430078276300016,0,1,0
492,ak0055c6gr1w,2005-04-26,2005.0,4.0,AK,"48 km S of Akhiok, Alaska",56.5136,-154.0389,1.2,4.5,mb,reviewed,ak,ak,159,7.2,4.903018867924528,-2.261,29.464194968553457,1,0.0,0.0,0.0,0.0,0.0,0.0,0.0,0.0,44406.8,40459.9,40459.9,369.6,2037.3,1264.6,18870.6,0.009134970674668005,0.050353559944537676,0.03125563829866114,0.4664025368327652,0,0,1,1,48.0,42880.1,44406.8,47546.2,50126.7,49926.6,0.03560392816248107,0.07069637983371903,0.12430078276300016,0,1,0
493,hv5432007,2005-05-13,2005.0,5.0,HI,"45 km ESE of Naalehu, Hawaii",18.8673333,-155.2001667,43.42,5.1,md,reviewed,hv,hv,159,7.2,4.903018867924528,-2.261,29.464194968553457,1,0.0,0.0,0.0,0.0,0.0,0.0,0.0,0.0,72941.9,57211.8,57211.8,426.6,3831.2,1143.6,39756.6,0.007456503728251864,0.06696520647838382,0.019988883412163223,0.6949021006156072,0,0,1,0,54.0,69332.0,72941.9,74892.9,76434.1,76830.2,0.05206686667051281,0.02674731532904956,0.053306809940514344,0,1,0
494,ak0056dwdb4c,2005-05-19,2005.0,5.0,AK,"54 km W of Happy Valley, Alaska",60.0168,-152.693,95.5,5.4,mw,reviewed,ak,ak,159,7.2,4.903018867924528,-2.261,29.464194968553457,1,0.0,0.0,0.0,0.0,0.0,0.0,0.0,0.0,44406.8,40459.9,40459.9,369.6,2037.3,1264.6,18870.6,0.009134970674668005,0.050353559944537676,0.03125563829866114,0.4664025368327652,0,0,0,0,54.0,42880.1,44406.8,47546.2,50126.7,49926.6,0.03560392816248107,0.07069637983371903,0.12430078276300016,0,1,0
495,usp000drk0,2005-05-25,2005.0,5.0,AK,"145 km E of Atka, Alaska",52.169,-172.067,56.1,4.5,mb,reviewed,us,us,159,7.2,4.903018867924528,-2.261,29.464194968553457,1,0.0,0.0,0.0,0.0,0.0,0.0,0.0,0.0,44406.8,40459.9,40459.9,369.6,2037.3,1264.6,18870.6,0.009134970674668005,0.050353559944537676,0.03125563829866114,0.4664025368327652,0,0,1,0,48.0,42880.1,44406.8,47546.2,50126.7,49926.6,0.03560392816248107,0.07069637983371903,0.12430078276300016,0,1,0
496,ak0056r8dcij,2005-05-27,2005.0,5.0,AK,"51 km SE of Chuathbaluk, Alaska",61.2736,-158.5081,20.0,4.6,ml,reviewed,ak,ak,159,7.2,4.903018867924528,-2.261,29.464194968553457,1,0.0,0.0,0.0,0.0,0.0,0.0,0.0,0.0,44406.8,40459.9,40459.9,369.6,2037.3,1264.6,18870.6,0.009134970674668005,0.050353559944537676,0.03125563829866114,0.4664025368327652,0,0,1,1,49.0,42880.1,44406.8,47546.2,50126.7,49926.6,0.03560392816248107,0.07069637983371903,0.12430078276300016,0,1,0
497,usp000dt25,2005-06-15,2005.0,6.0,CA,"153 km W of Big Lagoon, California",41.292,-125.953,16.0,7.2,mwc,reviewed,us,hrv,159,7.2,4.903018867924528,-2.261,29.464194968553457,1,1.0,0.0,0.0,0.0,0.0,0.0,4.0,7.2,2042141.0,1698858.4,1698858.4,25442.7,92240.3,207858.7,1145810.9,0.014976351177943966,0.05429546099898615,0.12235198648692559,0.6744593310425401,1,1,1,1,90.0,1956745.5,2042141.0,2120435.4,2168940.4,2192331.8,0.04364159774482681,0.03833937029813314,0.07354575418641505,0,1,0
498,usp000dt36,2005-06-15,2005.0,6.0,CA,"181 km W of Ferndale, California",40.908,-126.367,10.0,4.7,mwr,reviewed,us,brk,159,7.2,4.903018867924528,-2.261,29.464194968553457,1,1.0,0.0,0.0,0.0,0.0,0.0,4.0,7.2,2042141.0,1698858.4,1698858.4,25442.7,92240.3,207858.7,1145810.9,0.014976351177943966,0.05429546099898615,0.12235198648692559,0.6744593310425401,1,0,1,1,55.0,1956745.5,2042141.0,2120435.4,2168940.4,2192331.8,0.04364159774482681,0.03833937029813314,0.07354575418641505,0,1,0
499,usp000dt8h,2005-06-17,2005.0,6.0,CA,"196 km W of Ferndale, California",40.773,-126.574,12.0,6.6,mwb,reviewed,us,us,159,7.2,4.903018867924528,-2.261,29.464194968553457,1,1.0,0.0,0.0,0.0,0.0,0.0,4.0,7.2,2042141.0,1698858.4,1698858.4,25442.7,92240.3,207858.7,1145810.9,0.014976351177943966,0.05429546099898615,0.12235198648692559,0.6744593310425401,1,1,1,1,84.0,1956745.5,2042141.0,2120435.4,2168940.4,2192331.8,0.04364159774482681,0.03833937029813314,0.07354575418641505,0,1,0
500,usp000dt8m,2005-06-17,2005.0,6.0,CA,"172 km W of Ferndale, California",40.878,-126.268,10.0,4.5,mb,reviewed,us,us,159,7.2,4.903018867924528,-2.261,29.464194968553457,1,1.0,0.0,0.0,0.0,0.0,0.0,4.0,7.2,2042141.0,1698858.4,1698858.4,25442.7,92240.3,207858.7,1145810.9,0.014976351177943966,0.05429546099898615,0.12235198648692559,0.6744593310425401,1,0,1,1,53.0,1956745.5,2042141.0,2120435.4,2168940.4,2192331.8,0.04364159774482681,0.03833937029813314,0.07354575418641505,0,1,0
501,usp000dtem,2005-06-19,2005.0,6.0,CA,"198 km W of Ferndale, California",40.318,-126.583,10.0,4.9,mwc,reviewed,us,hrv,159,7.2,4.903018867924528,-2.261,29.464194968553457,1,1.0,0.0,0.0,0.0,0.0,0.0,4.0,7.2,2042141.0,1698858.4,1698858.4,25442.7,92240.3,207858.7,1145810.9,0.014976351177943966,0.05429546099898615,0.12235198648692559,0.6744593310425401,1,0,1,1,57.0,1956745.5,2042141.0,2120435.4,2168940.4,2192331.8,0.04364159774482681,0.03833937029813314,0.07354575418641505,0,1,0
502,hv5439834,2005-07-15,2005.0,7.0,HI,"50 km NNE of Pa‘auilo, Hawaii",20.4358333,-155.1348333,15.122,5.3,md,reviewed,hv,hv,159,7.2,4.903018867924528,-2.261,29.464194968553457,1,0.0,0.0,0.0,0.0,0.0,0.0,0.0,0.0,72941.9,57211.8,57211.8,426.6,3831.2,1143.6,39756.6,0.007456503728251864,0.06696520647838382,0.019988883412163223,0.6949021006156072,0,0,1,1,56.0,69332.0,72941.9,74892.9,76434.1,76830.2,0.05206686667051281,0.02674731532904956,0.053306809940514344,0,1,0
503,usp000dv7m,2005-07-15,2005.0,7.0,AK,"72 km SSE of Atka, Alaska",51.563,-173.97,46.5,4.9,ms,reviewed,us,us,159,7.2,4.903018867924528,-2.261,29.464194968553457,1,0.0,0.0,0.0,0.0,0.0,0.0,0.0,0.0,44406.8,40459.9,40459.9,369.6,2037.3,1264.6,18870.6,0.009134970674668005,0.050353559944537676,0.03125563829866114,0.4664025368327652,0,0,1,0,52.0,42880.1,44406.8,47546.2,50126.7,49926.6,0.03560392816248107,0.07069637983371903,0.12430078276300016,0,1,0
504,hv5440164,2005-07-17,2005.0,7.0,HI,"35 km SSE of Naalehu, Hawaii",18.7721667,-155.4455,32.174,5.4,md,reviewed,hv,hv,159,7.2,4.903018867924528,-2.261,29.464194968553457,1,0.0,0.0,0.0,0.0,0.0,0.0,0.0,0.0,72941.9,57211.8,57211.8,426.6,3831.2,1143.6,39756.6,0.007456503728251864,0.06696520647838382,0.019988883412163223,0.6949021006156072,0,0,1,0,57.0,69332.0,72941.9,74892.9,76434.1,76830.2,0.05206686667051281,0.02674731532904956,0.053306809940514344,0,1,0
505,hv5441103,2005-07-26,2005.0,7.0,HI,"14 km SW of Volcano, Hawaii",19.3456667,-155.3241667,30.5,4.5,md,reviewed,hv,hv,159,7.2,4.903018867924528,-2.261,29.464194968553457,1,0.0,0.0,0.0,0.0,0.0,0.0,0.0,0.0,72941.9,57211.8,57211.8,426.6,3831.2,1143.6,39756.6,0.007456503728251864,0.06696520647838382,0.019988883412163223,0.6949021006156072,0,0,1,0,48.0,69332.0,72941.9,74892.9,76434.1,76830.2,0.05206686667051281,0.02674731532904956,0.053306809940514344,0,1,0
506,usp000dvxx,2005-07-26,2005.0,7.0,MT,"16 km N of Dillon, Montana",45.365,-112.615,12.9,5.6,mwc,reviewed,us,hrv,159,7.2,4.903018867924528,-2.261,29.464194968553457,1,1.0,0.0,0.0,0.0,0.0,0.0,6.0,5.6,38849.0,30823.7,30823.7,1210.0,2063.3,1974.9,19229.1,0.03925550793707439,0.0669387516748476,0.06407082861564316,0.6238413947709067,1,0,1,1,64.0,36949.9,38849.0,40055.0,42057.7,42049.3,0.05139662082982629,0.031043270097042396,0.08237792478570885,0,1,0
507,ak0059xfy7wh,2005-08-04,2005.0,8.0,AK,Southern Alaska,59.9727,-153.1608,123.7,4.5,mb,reviewed,ak,ak,159,7.2,4.903018867924528,-2.261,29.464194968553457,1,0.0,0.0,0.0,0.0,0.0,0.0,0.0,0.0,44406.8,40459.9,40459.9,369.6,2037.3,1264.6,18870.6,0.009134970674668005,0.050353559944537676,0.03125563829866114,0.4664025368327652,0,0,0,0,45.0,42880.1,44406.8,47546.2,50126.7,49926.6,0.03560392816248107,0.07069637983371903,0.12430078276300016,0,1,0
508,usp000dwpg,2005-08-04,2005.0,8.0,OR,"154 km W of Langlois, Oregon",43.188,-126.315,10.0,4.7,mb,reviewed,us,us,159,7.2,4.903018867924528,-2.261,29.464194968553457,1,0.0,0.0,0.0,0.0,0.0,0.0,0.0,0.0,168734.4,143556.3,143556.3,3439.4,7099.7,25458.1,88294.2,0.0239585444874241,0.049455858084946465,0.1773387862462323,0.6150492872831078,0,0,1,1,50.0,163046.1,168734.4,177222.4,180724.3,184842.6,0.03488767900612151,0.05030390957623342,0.095464825192729,0,1,0
509,ak005afr8kq5,2005-08-15,2005.0,8.0,AK,"56 km WNW of Happy Valley, Alaska",60.1296,-152.6751,102.5,4.5,mb,reviewed,ak,ak,159,7.2,4.903018867924528,-2.261,29.464194968553457,1,0.0,0.0,0.0,0.0,0.0,0.0,0.0,0.0,44406.8,40459.9,40459.9,369.6,2037.3,1264.6,18870.6,0.009134970674668005,0.050353559944537676,0.03125563829866114,0.4664025368327652,0,0,0,0,45.0,42880.1,44406.8,47546.2,50126.7,49926.6,0.03560392816248107,0.07069637983371903,0.12430078276300016,0,1,0
510,usp000dxey,2005-08-16,2005.0,8.0,AK,"107 km SSW of Unalaska, Alaska",52.928,-166.888,40.3,4.6,mb,reviewed,us,us,159,7.2,4.903018867924528,-2.261,29.464194968553457,1,0.0,0.0,0.0,0.0,0.0,0.0,0.0,0.0,44406.8,40459.9,40459.9,369.6,2037.3,1264.6,18870.6,0.009134970674668005,0.050353559944537676,0.03125563829866114,0.4664025368327652,0,0,1,0,49.0,42880.1,44406.8,47546.2,50126.7,49926.6,0.03560392816248107,0.07069637983371903,0.12430078276300016,0,1,0
511,ak005b4akven,2005-08-30,2005.0,8.0,AK,"21 km NNE of Mentasta Lake, Alaska",63.0973,-143.576,6.2,4.8,mw,reviewed,ak,ak,159,7.2,4.903018867924528,-2.261,29.464194968553457,1,0.0,0.0,0.0,0.0,0.0,0.0,0.0,0.0,44406.8,40459.9,40459.9,369.6,2037.3,1264.6,18870.6,0.009134970674668005,0.050353559944537676,0.03125563829866114,0.4664025368327652,0,0,1,1,51.0,42880.1,44406.8,47546.2,50126.7,49926.6,0.03560392816248107,0.07069637983371903,0.12430078276300016,0,1,0
512,ak005d5b5nn0,2005-10-13,2005.0,10.0,AK,"16 km SE of Karluk, Alaska",57.4834,-154.2387,36.0,4.8,mw,reviewed,ak,ak,159,7.2,4.903018867924528,-2.261,29.464194968553457,1,0.0,0.0,0.0,0.0,0.0,0.0,0.0,0.0,44406.8,40459.9,40459.9,369.6,2037.3,1264.6,18870.6,0.009134970674668005,0.050353559944537676,0.03125563829866114,0.4664025368327652,0,0,1,0,51.0,42880.1,44406.8,47546.2,50126.7,49926.6,0.03560392816248107,0.07069637983371903,0.12430078276300016,0,1,0
513,usp000e2be,2005-10-20,2005.0,10.0,AK,"85 km SSW of Nikolski, Alaska",52.211,-169.262,25.8,4.6,mb,reviewed,us,us,159,7.2,4.903018867924528,-2.261,29.464194968553457,1,0.0,0.0,0.0,0.0,0.0,0.0,0.0,0.0,44406.8,40459.9,40459.9,369.6,2037.3,1264.6,18870.6,0.009134970674668005,0.050353559944537676,0.03125563829866114,0.4664025368327652,0,0,1,0,49.0,42880.1,44406.8,47546.2,50126.7,49926.6,0.03560392816248107,0.07069637983371903,0.12430078276300016,0,1,0
514,usp000e2ch,2005-10-21,2005.0,10.0,AK,"83 km SSW of Nikolski, Alaska",52.258,-169.371,35.3,4.8,mwc,reviewed,us,hrv,159,7.2,4.903018867924528,-2.261,29.464194968553457,1,0.0,0.0,0.0,0.0,0.0,0.0,0.0,0.0,44406.8,40459.9,40459.9,369.6,2037.3,1264.6,18870.6,0.009134970674668005,0.050353559944537676,0.03125563829866114,0.4664025368327652,0,0,1,0,51.0,42880.1,44406.8,47546.2,50126.7,49926.6,0.03560392816248107,0.07069637983371903,0.12430078276300016,0,1,0
515,usp000e2y8,2005-10-27,2005.0,10.0,AK,"146 km SE of King Cove, Alaska",53.999,-160.979,30.7,4.8,mwc,reviewed,us,hrv,159,7.2,4.903018867924528,-2.261,29.464194968553457,1,0.0,0.0,0.0,0.0,0.0,0.0,0.0,0.0,44406.8,40459.9,40459.9,369.6,2037.3,1264.6,18870.6,0.009134970674668005,0.050353559944537676,0.03125563829866114,0.4664025368327652,0,0,1,0,51.0,42880.1,44406.8,47546.2,50126.7,49926.6,0.03560392816248107,0.07069637983371903,0.12430078276300016,0,1,0
516,usp000e365,2005-10-31,2005.0,10.0,ID,"21 km N of Leadore, Idaho",44.874,-113.399,5.0,4.5,mwc,reviewed,us,hrv,159,7.2,4.903018867924528,-2.261,29.464194968553457,1,0.0,0.0,0.0,0.0,0.0,0.0,0.0,0.0,59331.9,48805.1,48805.1,2240.7,3125.3,7128.7,28820.0,0.04591118551135025,0.06403634046441868,0.14606465307928884,0.5905120571415693,0,0,1,1,48.0,55137.1,59331.9,60738.6,61812.1,63878.2,0.0760794456001495,0.023708999711790742,0.07662488475845196,0,1,0
517,usp000e4j8,2005-11-20,2005.0,11.0,AK,"115 km ESE of Akutan, Alaska",53.843,-164.093,30.0,6.2,mwc,reviewed,us,hrv,159,7.2,4.903018867924528,-2.261,29.464194968553457,1,0.0,0.0,0.0,0.0,0.0,0.0,0.0,0.0,44406.8,40459.9,40459.9,369.6,2037.3,1264.6,18870.6,0.009134970674668005,0.050353559944537676,0.03125563829866114,0.4664025368327652,0,1,1,0,75.0,42880.1,44406.8,47546.2,50126.7,49926.6,0.03560392816248107,0.07069637983371903,0.12430078276300016,0,1,0
518,usp000e4j9,2005-11-20,2005.0,11.0,AK,"119 km SSW of False Pass, Alaska",53.831,-163.957,21.4,4.5,ml,reviewed,aeic,aeic,159,7.2,4.903018867924528,-2.261,29.464194968553457,1,0.0,0.0,0.0,0.0,0.0,0.0,0.0,0.0,44406.8,40459.9,40459.9,369.6,2037.3,1264.6,18870.6,0.009134970674668005,0.050353559944537676,0.03125563829866114,0.4664025368327652,0,0,1,0,48.0,42880.1,44406.8,47546.2,50126.7,49926.6,0.03560392816248107,0.07069637983371903,0.12430078276300016,0,1,0
519,usp000e4k3,2005-11-20,2005.0,11.0,AK,"109 km SSW of False Pass, Alaska",53.954,-164.104,49.7,4.5,mb,reviewed,us,us,159,7.2,4.903018867924528,-2.261,29.464194968553457,1,0.0,0.0,0.0,0.0,0.0,0.0,0.0,0.0,44406.8,40459.9,40459.9,369.6,2037.3,1264.6,18870.6,0.009134970674668005,0.050353559944537676,0.03125563829866114,0.4664025368327652,0,0,1,0,48.0,42880.1,44406.8,47546.2,50126.7,49926.6,0.03560392816248107,0.07069637983371903,0.12430078276300016,0,1,0
520,ak005fizquge,2005-12-04,2005.0,12.0,AK,"94 km SE of Ugashik, Alaska",56.886,-156.3488,44.1,4.7,mb,reviewed,ak,ak,159,7.2,4.903018867924528,-2.261,29.464194968553457,1,0.0,0.0,0.0,0.0,0.0,0.0,0.0,0.0,44406.8,40459.9,40459.9,369.6,2037.3,1264.6,18870.6,0.009134970674668005,0.050353559944537676,0.03125563829866114,0.4664025368327652,0,0,1,0,50.0,42880.1,44406.8,47546.2,50126.7,49926.6,0.03560392816248107,0.07069637983371903,0.12430078276300016,0,1,0
521,usp000e5yx,2005-12-11,2005.0,12.0,AK,"Andreanof Islands, Aleutian Islands, Alaska",51.532,-176.252,46.9,5.4,mwc,reviewed,us,hrv,159,7.2,4.903018867924528,-2.261,29.464194968553457,1,0.0,0.0,0.0,0.0,0.0,0.0,0.0,0.0,44406.8,40459.9,40459.9,369.6,2037.3,1264.6,18870.6,0.009134970674668005,0.050353559944537676,0.03125563829866114,0.4664025368327652,0,0,1,0,57.0,42880.1,44406.8,47546.2,50126.7,49926.6,0.03560392816248107,0.07069637983371903,0.12430078276300016,0,1,0
522,usp000e642,2005-12-14,2005.0,12.0,AK,"41 km NNW of Adak, Alaska",52.226,-176.816,94.9,4.8,mwc,reviewed,us,hrv,159,7.2,4.903018867924528,-2.261,29.464194968553457,1,0.0,0.0,0.0,0.0,0.0,0.0,0.0,0.0,44406.8,40459.9,40459.9,369.6,2037.3,1264.6,18870.6,0.009134970674668005,0.050353559944537676,0.03125563829866114,0.4664025368327652,0,0,0,0,48.0,42880.1,44406.8,47546.2,50126.7,49926.6,0.03560392816248107,0.07069637983371903,0.12430078276300016,0,1,0
523,usp000e6fy,2005-12-20,2005.0,12.0,AK,"38 km SSE of Adak, Alaska",51.556,-176.42,56.2,4.9,mb,reviewed,us,us,159,7.2,4.903018867924528,-2.261,29.464194968553457,1,0.0,0.0,0.0,0.0,0.0,0.0,0.0,0.0,44406.8,40459.9,40459.9,369.6,2037.3,1264.6,18870.6,0.009134970674668005,0.050353559944537676,0.03125563829866114,0.4664025368327652,0,0,1,0,52.0,42880.1,44406.8,47546.2,50126.7,49926.6,0.03560392816248107,0.07069637983371903,0.12430078276300016,0,1,0
524,nc21500628,2005-12-23,2005.0,12.0,CA,"93 km W of Ferndale, California",40.4273333,-125.3463333,3.152,4.63,mw,reviewed,nc,nc,159,7.2,4.903018867924528,-2.261,29.464194968553457,1,1.0,0.0,0.0,0.0,0.0,0.0,4.0,7.2,2042141.0,1698858.4,1698858.4,25442.7,92240.3,207858.7,1145810.9,0.014976351177943966,0.05429546099898615,0.12235198648692559,0.6744593310425401,1,0,1,1,54.3,1956745.5,2042141.0,2120435.4,2168940.4,2192331.8,0.04364159774482681,0.03833937029813314,0.07354575418641505,0,1,0
525,ak005gq80ezw,2005-12-30,2005.0,12.0,AK,"69 km ESE of Denali National Park, Alaska",63.2257,-150.5213,130.4,4.7,mb,reviewed,ak,ak,159,7.2,4.903018867924528,-2.261,29.464194968553457,1,0.0,0.0,0.0,0.0,0.0,0.0,0.0,0.0,44406.8,40459.9,40459.9,369.6,2037.3,1264.6,18870.6,0.009134970674668005,0.050353559944537676,0.03125563829866114,0.4664025368327652,0,0,0,0,47.0,42880.1,44406.8,47546.2,50126.7,49926.6,0.03560392816248107,0.07069637983371903,0.12430078276300016,0,1,0
526,usp000e77n,2005-12-30,2005.0,12.0,AK,"107 km SE of Akutan, Alaska",53.5,-164.547,29.5,4.6,mb,reviewed,us,us,159,7.2,4.903018867924528,-2.261,29.464194968553457,1,0.0,0.0,0.0,0.0,0.0,0.0,0.0,0.0,44406.8,40459.9,40459.9,369.6,2037.3,1264.6,18870.6,0.009134970674668005,0.050353559944537676,0.03125563829866114,0.4664025368327652,0,0,1,0,49.0,42880.1,44406.8,47546.2,50126.7,49926.6,0.03560392816248107,0.07069637983371903,0.12430078276300016,0,1,0
527,hv5476627,2006-01-19,2006.0,1.0,HI,"15 km ESE of Naalehu, Hawaii",19.0088333,-155.4468333,40.278,4.7,md,reviewed,hv,hv,237,6.7,4.8889029535864985,0.4,30.666784810126583,1,1.0,0.0,0.0,150.0,0.0,0.0,8.0,6.7,74892.9,60848.0,60848.0,441.3,4205.4,1187.1,42191.9,0.007252498027872732,0.06911320010518011,0.019509268998159347,0.6933983039705496,1,0,1,0,55.0,72941.9,74892.9,76434.1,76830.2,74118.5,0.02674731532904956,0.020578719745129537,-0.010340098994697684,0,1,0
528,ak0061nt4pqp,2006-02-05,2006.0,2.0,AK,"64 km SE of Chalkyitsik, Alaska",66.3154,-142.5547,1.8,5.1,mw,reviewed,ak,ak,237,6.7,4.8889029535864985,0.4,30.666784810126583,1,0.0,0.0,0.0,0.0,0.0,0.0,0.0,0.0,47546.2,44951.7,44951.7,400.4,2038.1,1398.7,19419.0,0.008907338320908887,0.0453397758038072,0.03111561965398417,0.4319970101242,0,0,1,1,54.0,44406.8,47546.2,50126.7,49926.6,54951.9,0.07069637983371903,0.05427352764258763,0.15575797855559445,0,1,0
529,hv5483982,2006-02-17,2006.0,2.0,HI,"12 km SSE of Volcano, Hawaii",19.3335,-155.2106667,9.429,4.6,md,reviewed,hv,hv,237,6.7,4.8889029535864985,0.4,30.666784810126583,1,1.0,0.0,0.0,150.0,0.0,0.0,8.0,6.7,74892.9,60848.0,60848.0,441.3,4205.4,1187.1,42191.9,0.007252498027872732,0.06911320010518011,0.019509268998159347,0.6933983039705496,1,0,1,1,54.0,72941.9,74892.9,76434.1,76830.2,74118.5,0.02674731532904956,0.020578719745129537,-0.010340098994697684,0,1,0
530,ak0062cd8mbl,2006-02-20,2006.0,2.0,AK,"98 km WSW of Kaktovik, Alaska",69.6608,-145.7823,10.0,4.6,mw,reviewed,ak,ak,237,6.7,4.8889029535864985,0.4,30.666784810126583,1,0.0,0.0,0.0,0.0,0.0,0.0,0.0,0.0,47546.2,44951.7,44951.7,400.4,2038.1,1398.7,19419.0,0.008907338320908887,0.0453397758038072,0.03111561965398417,0.4319970101242,0,0,1,1,49.0,44406.8,47546.2,50126.7,49926.6,54951.9,0.07069637983371903,0.05427352764258763,0.15575797855559445,0,1,0
531,usp000eazr,2006-02-27,2006.0,2.0,AK,"85 km WSW of Adak, Alaska",51.492,-177.699,62.2,4.7,mwc,reviewed,us,hrv,237,6.7,4.8889029535864985,0.4,30.666784810126583,1,0.0,0.0,0.0,0.0,0.0,0.0,0.0,0.0,47546.2,44951.7,44951.7,400.4,2038.1,1398.7,19419.0,0.008907338320908887,0.0453397758038072,0.03111561965398417,0.4319970101242,0,0,1,0,50.0,44406.8,47546.2,50126.7,49926.6,54951.9,0.07069637983371903,0.05427352764258763,0.15575797855559445,0,1,0
532,ak0062ux2x2n,2006-03-03,2006.0,3.0,AK,"58 km E of Pedro Bay, Alaska",59.791,-153.0617,99.2,4.7,mw,reviewed,ak,ak,237,6.7,4.8889029535864985,0.4,30.666784810126583,1,0.0,0.0,0.0,0.0,0.0,0.0,0.0,0.0,47546.2,44951.7,44951.7,400.4,2038.1,1398.7,19419.0,0.008907338320908887,0.0453397758038072,0.03111561965398417,0.4319970101242,0,0,0,0,47.0,44406.8,47546.2,50126.7,49926.6,54951.9,0.07069637983371903,0.05427352764258763,0.15575797855559445,0,1,0
533,usp000ebb5,2006-03-04,2006.0,3.0,AK,"139 km SE of Akutan, Alaska",53.294,-164.208,29.8,4.8,mb,reviewed,aeic,us,237,6.7,4.8889029535864985,0.4,30.666784810126583,1,0.0,0.0,0.0,0.0,0.0,0.0,0.0,0.0,47546.2,44951.7,44951.7,400.4,2038.1,1398.7,19419.0,0.008907338320908887,0.0453397758038072,0.03111561965398417,0.4319970101242,0,0,1,0,51.0,44406.8,47546.2,50126.7,49926.6,54951.9,0.07069637983371903,0.05427352764258763,0.15575797855559445,0,1,0
534,ak00639hplet,2006-03-12,2006.0,3.0,AK,"115 km SW of Kaktovik, Alaska",69.4948,-146.0033,10.0,4.6,mb,reviewed,ak,ak,237,6.7,4.8889029535864985,0.4,30.666784810126583,1,0.0,0.0,0.0,0.0,0.0,0.0,0.0,0.0,47546.2,44951.7,44951.7,400.4,2038.1,1398.7,19419.0,0.008907338320908887,0.0453397758038072,0.03111561965398417,0.4319970101242,0,0,1,1,49.0,44406.8,47546.2,50126.7,49926.6,54951.9,0.07069637983371903,0.05427352764258763,0.15575797855559445,0,1,0
535,usp000ec6m,2006-03-15,2006.0,3.0,AK,"147 km WSW of Adak, Alaska",51.336,-178.58,47.6,4.7,mb,reviewed,us,us,237,6.7,4.8889029535864985,0.4,30.666784810126583,1,0.0,0.0,0.0,0.0,0.0,0.0,0.0,0.0,47546.2,44951.7,44951.7,400.4,2038.1,1398.7,19419.0,0.008907338320908887,0.0453397758038072,0.03111561965398417,0.4319970101242,0,0,1,0,50.0,44406.8,47546.2,50126.7,49926.6,54951.9,0.07069637983371903,0.05427352764258763,0.15575797855559445,0,1,0
536,usp000ec7w,2006-03-15,2006.0,3.0,AK,"137 km SE of Akutan, Alaska",53.374,-164.128,19.4,4.6,mb,reviewed,aeic,us,237,6.7,4.8889029535864985,0.4,30.666784810126583,1,0.0,0.0,0.0,0.0,0.0,0.0,0.0,0.0,47546.2,44951.7,44951.7,400.4,2038.1,1398.7,19419.0,0.008907338320908887,0.0453397758038072,0.03111561965398417,0.4319970101242,0,0,1,1,49.0,44406.8,47546.2,50126.7,49926.6,54951.9,0.07069637983371903,0.05427352764258763,0.15575797855559445,0,1,0
537,ak0063i12p3n,2006-03-17,2006.0,3.0,AK,"39 km WNW of Salamatof, Alaska",60.7058,-152.024,81.1,4.7,mw,reviewed,ak,ak,237,6.7,4.8889029535864985,0.4,30.666784810126583,1,0.0,0.0,0.0,0.0,0.0,0.0,0.0,0.0,47546.2,44951.7,44951.7,400.4,2038.1,1398.7,19419.0,0.008907338320908887,0.0453397758038072,0.03111561965398417,0.4319970101242,0,0,0,0,47.0,44406.8,47546.2,50126.7,49926.6,54951.9,0.07069637983371903,0.05427352764258763,0.15575797855559445,0,1,0
538,usp000ecka,2006-03-20,2006.0,3.0,AK,"103 km ESE of Sand Point, Alaska",54.838,-159.13,4.2,4.7,mb,reviewed,aeic,us,237,6.7,4.8889029535864985,0.4,30.666784810126583,1,0.0,0.0,0.0,0.0,0.0,0.0,0.0,0.0,47546.2,44951.7,44951.7,400.4,2038.1,1398.7,19419.0,0.008907338320908887,0.0453397758038072,0.03111561965398417,0.4319970101242,0,0,1,1,50.0,44406.8,47546.2,50126.7,49926.6,54951.9,0.07069637983371903,0.05427352764258763,0.15575797855559445,0,1,0
539,usp000ecpd,2006-03-22,2006.0,3.0,CA,"174 km W of Ferndale, California",40.744,-126.319,10.0,5.0,mwc,reviewed,us,hrv,237,6.7,4.8889029535864985,0.4,30.666784810126583,1,0.0,0.0,0.0,0.0,0.0,0.0,0.0,0.0,2120435.4,1812161.6,1812161.6,24434.4,97643.5,220276.3,1225831.2,0.013483565704074075,0.05388233587997891,0.1215544463584263,0.6764469570484221,0,0,1,1,53.0,2042141.0,2120435.4,2168940.4,2192331.8,2110679.4,0.03833937029813314,0.022875018970160563,-0.0046009418631664046,0,1,0
540,usp000ecsh,2006-03-23,2006.0,3.0,AK,"77 km NE of Atka, Alaska",52.717,-173.438,139.7,4.8,mwc,reviewed,us,hrv,237,6.7,4.8889029535864985,0.4,30.666784810126583,1,0.0,0.0,0.0,0.0,0.0,0.0,0.0,0.0,47546.2,44951.7,44951.7,400.4,2038.1,1398.7,19419.0,0.008907338320908887,0.0453397758038072,0.03111561965398417,0.4319970101242,0,0,0,0,48.0,44406.8,47546.2,50126.7,49926.6,54951.9,0.07069637983371903,0.05427352764258763,0.15575797855559445,0,1,0
541,usp000ecyk,2006-03-25,2006.0,3.0,OR,off the coast of Oregon,43.856,-128.07,10.0,4.5,mb,reviewed,us,us,237,6.7,4.8889029535864985,0.4,30.666784810126583,1,0.0,0.0,0.0,0.0,0.0,0.0,0.0,0.0,177222.4,153779.6,153779.6,3839.7,8212.1,26811.6,94208.1,0.024968851525169786,0.05340175159774118,0.17435082416653444,0.6126176684033513,0,0,1,1,48.0,168734.4,177222.4,180724.3,184842.6,176951.6,0.05030390957623342,0.019759917482214406,-0.0015280235455562524,0,1,0
542,ak00641rpioz,2006-03-29,2006.0,3.0,AK,"32 km WSW of Cantwell, Alaska",63.2555,-149.5215,7.6,4.7,mb,reviewed,ak,ak,237,6.7,4.8889029535864985,0.4,30.666784810126583,1,0.0,0.0,0.0,0.0,0.0,0.0,0.0,0.0,47546.2,44951.7,44951.7,400.4,2038.1,1398.7,19419.0,0.008907338320908887,0.0453397758038072,0.03111561965398417,0.4319970101242,0,0,1,1,50.0,44406.8,47546.2,50126.7,49926.6,54951.9,0.07069637983371903,0.05427352764258763,0.15575797855559445,0,1,0
543,usp000ed6v,2006-03-29,2006.0,3.0,AK,"200 km WSW of Adak, Alaska",51.335,-179.398,57.4,4.9,mwc,reviewed,us,hrv,237,6.7,4.8889029535864985,0.4,30.666784810126583,1,0.0,0.0,0.0,0.0,0.0,0.0,0.0,0.0,47546.2,44951.7,44951.7,400.4,2038.1,1398.7,19419.0,0.008907338320908887,0.0453397758038072,0.03111561965398417,0.4319970101242,0,0,1,0,52.0,44406.8,47546.2,50126.7,49926.6,54951.9,0.07069637983371903,0.05427352764258763,0.15575797855559445,0,1,0
544,usp000efe8,2006-04-24,2006.0,4.0,AK,"124 km ESE of Nikolski, Alaska",52.73,-167.053,25.3,4.8,mwc,reviewed,us,hrv,237,6.7,4.8889029535864985,0.4,30.666784810126583,1,0.0,0.0,0.0,0.0,0.0,0.0,0.0,0.0,47546.2,44951.7,44951.7,400.4,2038.1,1398.7,19419.0,0.008907338320908887,0.0453397758038072,0.03111561965398417,0.4319970101242,0,0,1,0,51.0,44406.8,47546.2,50126.7,49926.6,54951.9,0.07069637983371903,0.05427352764258763,0.15575797855559445,0,1,0
545,ak0065farvw5,2006-04-28,2006.0,4.0,AK,"35 km NW of Chignik Lake, Alaska",56.4378,-159.2422,152.0,4.5,mb,reviewed,ak,ak,237,6.7,4.8889029535864985,0.4,30.666784810126583,1,0.0,0.0,0.0,0.0,0.0,0.0,0.0,0.0,47546.2,44951.7,44951.7,400.4,2038.1,1398.7,19419.0,0.008907338320908887,0.0453397758038072,0.03111561965398417,0.4319970101242,0,0,0,0,45.0,44406.8,47546.2,50126.7,49926.6,54951.9,0.07069637983371903,0.05427352764258763,0.15575797855559445,0,1,0
546,usp000eg2t,2006-05-02,2006.0,5.0,AK,"123 km S of False Pass, Alaska",53.749,-163.456,19.8,4.6,mb,reviewed,us,us,237,6.7,4.8889029535864985,0.4,30.666784810126583,1,0.0,0.0,0.0,0.0,0.0,0.0,0.0,0.0,47546.2,44951.7,44951.7,400.4,2038.1,1398.7,19419.0,0.008907338320908887,0.0453397758038072,0.03111561965398417,0.4319970101242,0,0,1,1,49.0,44406.8,47546.2,50126.7,49926.6,54951.9,0.07069637983371903,0.05427352764258763,0.15575797855559445,0,1,0
547,usp000egqf,2006-05-10,2006.0,5.0,AK,"54 km SSW of Nikolski, Alaska",52.515,-169.256,18.0,6.4,mwc,reviewed,us,hrv,237,6.7,4.8889029535864985,0.4,30.666784810126583,1,0.0,0.0,0.0,0.0,0.0,0.0,0.0,0.0,47546.2,44951.7,44951.7,400.4,2038.1,1398.7,19419.0,0.008907338320908887,0.0453397758038072,0.03111561965398417,0.4319970101242,0,1,1,1,77.0,44406.8,47546.2,50126.7,49926.6,54951.9,0.07069637983371903,0.05427352764258763,0.15575797855559445,0,1,0
548,usp000egr7,2006-05-10,2006.0,5.0,AK,"38 km SW of Nikolski, Alaska",52.724,-169.309,44.5,5.3,mwc,reviewed,aeic,hrv,237,6.7,4.8889029535864985,0.4,30.666784810126583,1,0.0,0.0,0.0,0.0,0.0,0.0,0.0,0.0,47546.2,44951.7,44951.7,400.4,2038.1,1398.7,19419.0,0.008907338320908887,0.0453397758038072,0.03111561965398417,0.4319970101242,0,0,1,0,56.0,44406.8,47546.2,50126.7,49926.6,54951.9,0.07069637983371903,0.05427352764258763,0.15575797855559445,0,1,0
549,usp000egte,2006-05-10,2006.0,5.0,AK,"62 km SSW of Nikolski, Alaska",52.403,-169.155,26.7,4.6,mb,reviewed,aeic,us,237,6.7,4.8889029535864985,0.4,30.666784810126583,1,0.0,0.0,0.0,0.0,0.0,0.0,0.0,0.0,47546.2,44951.7,44951.7,400.4,2038.1,1398.7,19419.0,0.008907338320908887,0.0453397758038072,0.03111561965398417,0.4319970101242,0,0,1,0,49.0,44406.8,47546.2,50126.7,49926.6,54951.9,0.07069637983371903,0.05427352764258763,0.15575797855559445,0,1,0
550,ak00664705v6,2006-05-13,2006.0,5.0,AK,"51 km ENE of Pedro Bay, Alaska",59.9985,-153.2942,136.5,4.6,mw,reviewed,ak,ak,237,6.7,4.8889029535864985,0.4,30.666784810126583,1,0.0,0.0,0.0,0.0,0.0,0.0,0.0,0.0,47546.2,44951.7,44951.7,400.4,2038.1,1398.7,19419.0,0.008907338320908887,0.0453397758038072,0.03111561965398417,0.4319970101242,0,0,0,0,46.0,44406.8,47546.2,50126.7,49926.6,54951.9,0.07069637983371903,0.05427352764258763,0.15575797855559445,0,1,0
551,usp000eh76,2006-05-15,2006.0,5.0,AK,"109 km ESE of Akutan, Alaska",53.835,-164.19,42.0,4.6,mb,reviewed,us,us,237,6.7,4.8889029535864985,0.4,30.666784810126583,1,0.0,0.0,0.0,0.0,0.0,0.0,0.0,0.0,47546.2,44951.7,44951.7,400.4,2038.1,1398.7,19419.0,0.008907338320908887,0.0453397758038072,0.03111561965398417,0.4319970101242,0,0,1,0,49.0,44406.8,47546.2,50126.7,49926.6,54951.9,0.07069637983371903,0.05427352764258763,0.15575797855559445,0,1,0
552,usp000ehbn,2006-05-17,2006.0,5.0,AK,"66 km SSW of Nikolski, Alaska",52.415,-169.335,41.7,4.7,mb,reviewed,us,us,237,6.7,4.8889029535864985,0.4,30.666784810126583,1,0.0,0.0,0.0,0.0,0.0,0.0,0.0,0.0,47546.2,44951.7,44951.7,400.4,2038.1,1398.7,19419.0,0.008907338320908887,0.0453397758038072,0.03111561965398417,0.4319970101242,0,0,1,0,50.0,44406.8,47546.2,50126.7,49926.6,54951.9,0.07069637983371903,0.05427352764258763,0.15575797855559445,0,1,0
553,usp000ehrc,2006-05-22,2006.0,5.0,AK,"99 km SSW of False Pass, Alaska",54.045,-164.057,42.8,4.9,mb,reviewed,us,us,237,6.7,4.8889029535864985,0.4,30.666784810126583,1,0.0,0.0,0.0,0.0,0.0,0.0,0.0,0.0,47546.2,44951.7,44951.7,400.4,2038.1,1398.7,19419.0,0.008907338320908887,0.0453397758038072,0.03111561965398417,0.4319970101242,0,0,1,0,52.0,44406.8,47546.2,50126.7,49926.6,54951.9,0.07069637983371903,0.05427352764258763,0.15575797855559445,0,1,0
554,usp000ehue,2006-05-24,2006.0,5.0,AK,"135 km E of Atka, Alaska",51.988,-172.249,3.0,4.6,mb,reviewed,aeic,us,237,6.7,4.8889029535864985,0.4,30.666784810126583,1,0.0,0.0,0.0,0.0,0.0,0.0,0.0,0.0,47546.2,44951.7,44951.7,400.4,2038.1,1398.7,19419.0,0.008907338320908887,0.0453397758038072,0.03111561965398417,0.4319970101242,0,0,1,1,49.0,44406.8,47546.2,50126.7,49926.6,54951.9,0.07069637983371903,0.05427352764258763,0.15575797855559445,0,1,0
555,ak006716t70e,2006-06-02,2006.0,6.0,AK,"195 km SE of Chignik, Alaska",55.27,-155.874,10.0,4.6,mb,reviewed,ak,ak,237,6.7,4.8889029535864985,0.4,30.666784810126583,1,0.0,0.0,0.0,0.0,0.0,0.0,0.0,0.0,47546.2,44951.7,44951.7,400.4,2038.1,1398.7,19419.0,0.008907338320908887,0.0453397758038072,0.03111561965398417,0.4319970101242,0,0,1,1,49.0,44406.8,47546.2,50126.7,49926.6,54951.9,0.07069637983371903,0.05427352764258763,0.15575797855559445,0,1,0
556,ak006717cyj6,2006-06-02,2006.0,6.0,AK,"194 km SE of Chignik, Alaska",55.2914,-155.8592,10.1,4.5,mb,reviewed,ak,ak,237,6.7,4.8889029535864985,0.4,30.666784810126583,1,0.0,0.0,0.0,0.0,0.0,0.0,0.0,0.0,47546.2,44951.7,44951.7,400.4,2038.1,1398.7,19419.0,0.008907338320908887,0.0453397758038072,0.03111561965398417,0.4319970101242,0,0,1,1,48.0,44406.8,47546.2,50126.7,49926.6,54951.9,0.07069637983371903,0.05427352764258763,0.15575797855559445,0,1,0
557,usp000ekrf,2006-06-18,2006.0,6.0,AK,"232 km SSE of King Cove, Alaska",53.226,-160.632,10.0,5.3,mwc,reviewed,us,hrv,237,6.7,4.8889029535864985,0.4,30.666784810126583,1,0.0,0.0,0.0,0.0,0.0,0.0,0.0,0.0,47546.2,44951.7,44951.7,400.4,2038.1,1398.7,19419.0,0.008907338320908887,0.0453397758038072,0.03111561965398417,0.4319970101242,0,0,1,1,56.0,44406.8,47546.2,50126.7,49926.6,54951.9,0.07069637983371903,0.05427352764258763,0.15575797855559445,0,1,0
558,usp000em9y,2006-06-26,2006.0,6.0,AK,"185 km S of Adak, Alaska",50.236,-176.108,34.2,5.3,mwc,reviewed,us,hrv,237,6.7,4.8889029535864985,0.4,30.666784810126583,1,0.0,0.0,0.0,0.0,0.0,0.0,0.0,0.0,47546.2,44951.7,44951.7,400.4,2038.1,1398.7,19419.0,0.008907338320908887,0.0453397758038072,0.03111561965398417,0.4319970101242,0,0,1,0,56.0,44406.8,47546.2,50126.7,49926.6,54951.9,0.07069637983371903,0.05427352764258763,0.15575797855559445,0,1,0
559,usp000emdq,2006-06-27,2006.0,6.0,AK,"104 km S of Sand Point, Alaska",54.406,-160.765,4.4,4.7,mb,reviewed,aeic,us,237,6.7,4.8889029535864985,0.4,30.666784810126583,1,0.0,0.0,0.0,0.0,0.0,0.0,0.0,0.0,47546.2,44951.7,44951.7,400.4,2038.1,1398.7,19419.0,0.008907338320908887,0.0453397758038072,0.03111561965398417,0.4319970101242,0,0,1,1,50.0,44406.8,47546.2,50126.7,49926.6,54951.9,0.07069637983371903,0.05427352764258763,0.15575797855559445,0,1,0
560,usp000emqe,2006-07-01,2006.0,7.0,AK,"206 km WSW of Adak, Alaska",51.054,-179.298,54.1,4.5,mb,reviewed,us,us,237,6.7,4.8889029535864985,0.4,30.666784810126583,1,0.0,0.0,0.0,0.0,0.0,0.0,0.0,0.0,47546.2,44951.7,44951.7,400.4,2038.1,1398.7,19419.0,0.008907338320908887,0.0453397758038072,0.03111561965398417,0.4319970101242,0,0,1,0,48.0,44406.8,47546.2,50126.7,49926.6,54951.9,0.07069637983371903,0.05427352764258763,0.15575797855559445,0,1,0
561,usp000emqp,2006-07-01,2006.0,7.0,AK,"206 km WSW of Adak, Alaska",51.026,-179.273,12.5,4.5,mb,reviewed,aeic,us,237,6.7,4.8889029535864985,0.4,30.666784810126583,1,0.0,0.0,0.0,0.0,0.0,0.0,0.0,0.0,47546.2,44951.7,44951.7,400.4,2038.1,1398.7,19419.0,0.008907338320908887,0.0453397758038072,0.03111561965398417,0.4319970101242,0,0,1,1,48.0,44406.8,47546.2,50126.7,49926.6,54951.9,0.07069637983371903,0.05427352764258763,0.15575797855559445,0,1,0
562,usp000emqx,2006-07-01,2006.0,7.0,AK,"211 km WSW of Adak, Alaska",50.982,-179.318,10.0,4.6,mb,reviewed,aeic,us,237,6.7,4.8889029535864985,0.4,30.666784810126583,1,0.0,0.0,0.0,0.0,0.0,0.0,0.0,0.0,47546.2,44951.7,44951.7,400.4,2038.1,1398.7,19419.0,0.008907338320908887,0.0453397758038072,0.03111561965398417,0.4319970101242,0,0,1,1,49.0,44406.8,47546.2,50126.7,49926.6,54951.9,0.07069637983371903,0.05427352764258763,0.15575797855559445,0,1,0
563,usp000emrx,2006-07-02,2006.0,7.0,AK,"209 km WSW of Adak, Alaska",51.149,-179.426,49.0,4.6,mb,reviewed,us,us,237,6.7,4.8889029535864985,0.4,30.666784810126583,1,0.0,0.0,0.0,0.0,0.0,0.0,0.0,0.0,47546.2,44951.7,44951.7,400.4,2038.1,1398.7,19419.0,0.008907338320908887,0.0453397758038072,0.03111561965398417,0.4319970101242,0,0,1,0,49.0,44406.8,47546.2,50126.7,49926.6,54951.9,0.07069637983371903,0.05427352764258763,0.15575797855559445,0,1,0
564,usp000emsc,2006-07-02,2006.0,7.0,AK,"Andreanof Islands, Aleutian Islands, Alaska",51.188,-179.387,46.1,5.5,mwb,reviewed,us,us,237,6.7,4.8889029535864985,0.4,30.666784810126583,1,0.0,0.0,0.0,0.0,0.0,0.0,0.0,0.0,47546.2,44951.7,44951.7,400.4,2038.1,1398.7,19419.0,0.008907338320908887,0.0453397758038072,0.03111561965398417,0.4319970101242,0,0,1,0,58.0,44406.8,47546.2,50126.7,49926.6,54951.9,0.07069637983371903,0.05427352764258763,0.15575797855559445,0,1,0
565,usp000emse,2006-07-02,2006.0,7.0,AK,"Andreanof Islands, Aleutian Islands, Alaska",51.102,-179.357,49.2,5.6,mwc,reviewed,us,hrv,237,6.7,4.8889029535864985,0.4,30.666784810126583,1,0.0,0.0,0.0,0.0,0.0,0.0,0.0,0.0,47546.2,44951.7,44951.7,400.4,2038.1,1398.7,19419.0,0.008907338320908887,0.0453397758038072,0.03111561965398417,0.4319970101242,0,0,1,0,59.0,44406.8,47546.2,50126.7,49926.6,54951.9,0.07069637983371903,0.05427352764258763,0.15575797855559445,0,1,0
566,usp000emsu,2006-07-02,2006.0,7.0,AK,"214 km WSW of Adak, Alaska",51.015,-179.398,47.3,4.5,mb,reviewed,us,us,237,6.7,4.8889029535864985,0.4,30.666784810126583,1,0.0,0.0,0.0,0.0,0.0,0.0,0.0,0.0,47546.2,44951.7,44951.7,400.4,2038.1,1398.7,19419.0,0.008907338320908887,0.0453397758038072,0.03111561965398417,0.4319970101242,0,0,1,0,48.0,44406.8,47546.2,50126.7,49926.6,54951.9,0.07069637983371903,0.05427352764258763,0.15575797855559445,0,1,0
567,ak0068owrkhc,2006-07-08,2006.0,7.0,AK,"200 km WSW of Adak, Alaska",51.0566,-179.1988,11.3,4.8,mb,reviewed,ak,ak,237,6.7,4.8889029535864985,0.4,30.666784810126583,1,0.0,0.0,0.0,0.0,0.0,0.0,0.0,0.0,47546.2,44951.7,44951.7,400.4,2038.1,1398.7,19419.0,0.008907338320908887,0.0453397758038072,0.03111561965398417,0.4319970101242,0,0,1,1,51.0,44406.8,47546.2,50126.7,49926.6,54951.9,0.07069637983371903,0.05427352764258763,0.15575797855559445,0,1,0
568,usp000en5h,2006-07-08,2006.0,7.0,AK,"189 km WSW of Adak, Alaska",51.11,-179.066,22.9,5.2,mb,reviewed,aeic,us,237,6.7,4.8889029535864985,0.4,30.666784810126583,1,0.0,0.0,0.0,0.0,0.0,0.0,0.0,0.0,47546.2,44951.7,44951.7,400.4,2038.1,1398.7,19419.0,0.008907338320908887,0.0453397758038072,0.03111561965398417,0.4319970101242,0,0,1,0,55.0,44406.8,47546.2,50126.7,49926.6,54951.9,0.07069637983371903,0.05427352764258763,0.15575797855559445,0,1,0
569,usp000en5j,2006-07-08,2006.0,7.0,AK,"Andreanof Islands, Aleutian Islands, Alaska",50.919,-179.148,35.0,4.8,mb,reviewed,us,us,237,6.7,4.8889029535864985,0.4,30.666784810126583,1,0.0,0.0,0.0,0.0,0.0,0.0,0.0,0.0,47546.2,44951.7,44951.7,400.4,2038.1,1398.7,19419.0,0.008907338320908887,0.0453397758038072,0.03111561965398417,0.4319970101242,0,0,1,0,51.0,44406.8,47546.2,50126.7,49926.6,54951.9,0.07069637983371903,0.05427352764258763,0.15575797855559445,0,1,0
570,usp000en5p,2006-07-08,2006.0,7.0,AK,"199 km WSW of Adak, Alaska",51.037,-179.174,19.5,4.7,mb,reviewed,aeic,us,237,6.7,4.8889029535864985,0.4,30.666784810126583,1,0.0,0.0,0.0,0.0,0.0,0.0,0.0,0.0,47546.2,44951.7,44951.7,400.4,2038.1,1398.7,19419.0,0.008907338320908887,0.0453397758038072,0.03111561965398417,0.4319970101242,0,0,1,1,50.0,44406.8,47546.2,50126.7,49926.6,54951.9,0.07069637983371903,0.05427352764258763,0.15575797855559445,0,1,0
571,usp000en5q,2006-07-08,2006.0,7.0,AK,"201 km WSW of Adak, Alaska",51.05,-179.221,11.1,4.5,mb,reviewed,aeic,us,237,6.7,4.8889029535864985,0.4,30.666784810126583,1,0.0,0.0,0.0,0.0,0.0,0.0,0.0,0.0,47546.2,44951.7,44951.7,400.4,2038.1,1398.7,19419.0,0.008907338320908887,0.0453397758038072,0.03111561965398417,0.4319970101242,0,0,1,1,48.0,44406.8,47546.2,50126.7,49926.6,54951.9,0.07069637983371903,0.05427352764258763,0.15575797855559445,0,1,0
572,usp000en5v,2006-07-08,2006.0,7.0,AK,"Andreanof Islands, Aleutian Islands, Alaska",51.012,-179.173,17.3,4.6,mb,reviewed,aeic,us,237,6.7,4.8889029535864985,0.4,30.666784810126583,1,0.0,0.0,0.0,0.0,0.0,0.0,0.0,0.0,47546.2,44951.7,44951.7,400.4,2038.1,1398.7,19419.0,0.008907338320908887,0.0453397758038072,0.03111561965398417,0.4319970101242,0,0,1,1,49.0,44406.8,47546.2,50126.7,49926.6,54951.9,0.07069637983371903,0.05427352764258763,0.15575797855559445,0,1,0
573,usp000en5z,2006-07-08,2006.0,7.0,AK,"203 km WSW of Adak, Alaska",51.008,-179.209,4.4,4.8,mb,reviewed,aeic,us,237,6.7,4.8889029535864985,0.4,30.666784810126583,1,0.0,0.0,0.0,0.0,0.0,0.0,0.0,0.0,47546.2,44951.7,44951.7,400.4,2038.1,1398.7,19419.0,0.008907338320908887,0.0453397758038072,0.03111561965398417,0.4319970101242,0,0,1,1,51.0,44406.8,47546.2,50126.7,49926.6,54951.9,0.07069637983371903,0.05427352764258763,0.15575797855559445,0,1,0
574,usp000en64,2006-07-08,2006.0,7.0,AK,"210 km WSW of Adak, Alaska",51.001,-179.314,5.9,4.8,mb,reviewed,aeic,us,237,6.7,4.8889029535864985,0.4,30.666784810126583,1,0.0,0.0,0.0,0.0,0.0,0.0,0.0,0.0,47546.2,44951.7,44951.7,400.4,2038.1,1398.7,19419.0,0.008907338320908887,0.0453397758038072,0.03111561965398417,0.4319970101242,0,0,1,1,51.0,44406.8,47546.2,50126.7,49926.6,54951.9,0.07069637983371903,0.05427352764258763,0.15575797855559445,0,1,0
575,ak0068qbsalv,2006-07-09,2006.0,7.0,AK,"192 km WSW of Adak, Alaska",51.0047,-179.0353,5.9,5.0,ml,reviewed,ak,ak,237,6.7,4.8889029535864985,0.4,30.666784810126583,1,0.0,0.0,0.0,0.0,0.0,0.0,0.0,0.0,47546.2,44951.7,44951.7,400.4,2038.1,1398.7,19419.0,0.008907338320908887,0.0453397758038072,0.03111561965398417,0.4319970101242,0,0,1,1,53.0,44406.8,47546.2,50126.7,49926.6,54951.9,0.07069637983371903,0.05427352764258763,0.15575797855559445,0,1,0
576,usp000en70,2006-07-09,2006.0,7.0,AK,"193 km WSW of Adak, Alaska",50.97,-179.018,2.6,4.7,mb,reviewed,aeic,us,237,6.7,4.8889029535864985,0.4,30.666784810126583,1,0.0,0.0,0.0,0.0,0.0,0.0,0.0,0.0,47546.2,44951.7,44951.7,400.4,2038.1,1398.7,19419.0,0.008907338320908887,0.0453397758038072,0.03111561965398417,0.4319970101242,0,0,1,1,50.0,44406.8,47546.2,50126.7,49926.6,54951.9,0.07069637983371903,0.05427352764258763,0.15575797855559445,0,1,0
577,usp000en75,2006-07-09,2006.0,7.0,AK,"192 km WSW of Adak, Alaska",51.281,-179.24,45.8,5.2,mwc,reviewed,us,hrv,237,6.7,4.8889029535864985,0.4,30.666784810126583,1,0.0,0.0,0.0,0.0,0.0,0.0,0.0,0.0,47546.2,44951.7,44951.7,400.4,2038.1,1398.7,19419.0,0.008907338320908887,0.0453397758038072,0.03111561965398417,0.4319970101242,0,0,1,0,55.0,44406.8,47546.2,50126.7,49926.6,54951.9,0.07069637983371903,0.05427352764258763,0.15575797855559445,0,1,0
578,usp000enb7,2006-07-10,2006.0,7.0,AK,"185 km WSW of Adak, Alaska",51.222,-179.098,49.9,4.8,mwc,reviewed,us,hrv,237,6.7,4.8889029535864985,0.4,30.666784810126583,1,0.0,0.0,0.0,0.0,0.0,0.0,0.0,0.0,47546.2,44951.7,44951.7,400.4,2038.1,1398.7,19419.0,0.008907338320908887,0.0453397758038072,0.03111561965398417,0.4319970101242,0,0,1,0,51.0,44406.8,47546.2,50126.7,49926.6,54951.9,0.07069637983371903,0.05427352764258763,0.15575797855559445,0,1,0
579,nc21527987,2006-07-19,2006.0,7.0,CA,"35 km SSW of Ferndale, California",40.2806667,-124.4331667,20.064,5.0,mw,reviewed,nc,nc,237,6.7,4.8889029535864985,0.4,30.666784810126583,1,0.0,0.0,0.0,0.0,0.0,0.0,0.0,0.0,2120435.4,1812161.6,1812161.6,24434.4,97643.5,220276.3,1225831.2,0.013483565704074075,0.05388233587997891,0.1215544463584263,0.6764469570484221,0,0,1,0,53.0,2042141.0,2120435.4,2168940.4,2192331.8,2110679.4,0.03833937029813314,0.022875018970160563,-0.0046009418631664046,0,1,0
580,usp000epfr,2006-07-24,2006.0,7.0,AK,"182 km SE of Atka, Alaska",50.95,-172.483,10.0,4.6,mb,reviewed,us,us,237,6.7,4.8889029535864985,0.4,30.666784810126583,1,0.0,0.0,0.0,0.0,0.0,0.0,0.0,0.0,47546.2,44951.7,44951.7,400.4,2038.1,1398.7,19419.0,0.008907338320908887,0.0453397758038072,0.03111561965398417,0.4319970101242,0,0,1,1,49.0,44406.8,47546.2,50126.7,49926.6,54951.9,0.07069637983371903,0.05427352764258763,0.15575797855559445,0,1,0
581,ak0069k7mokt,2006-07-27,2006.0,7.0,AK,"11 km SSW of Elmendorf Air Force Base, Alaska",61.1554,-149.6776,36.0,4.7,mw,reviewed,ak,ak,237,6.7,4.8889029535864985,0.4,30.666784810126583,1,0.0,0.0,0.0,0.0,0.0,0.0,0.0,0.0,47546.2,44951.7,44951.7,400.4,2038.1,1398.7,19419.0,0.008907338320908887,0.0453397758038072,0.03111561965398417,0.4319970101242,0,0,1,0,50.0,44406.8,47546.2,50126.7,49926.6,54951.9,0.07069637983371903,0.05427352764258763,0.15575797855559445,0,1,0
582,nc21530368,2006-08-03,2006.0,8.0,CA,"5 km W of Glen Ellen, California",38.3635,-122.5886667,8.55,4.5,mw,reviewed,nc,nc,237,6.7,4.8889029535864985,0.4,30.666784810126583,1,0.0,0.0,0.0,0.0,0.0,0.0,0.0,0.0,2120435.4,1812161.6,1812161.6,24434.4,97643.5,220276.3,1225831.2,0.013483565704074075,0.05388233587997891,0.1215544463584263,0.6764469570484221,0,0,1,1,48.0,2042141.0,2120435.4,2168940.4,2192331.8,2110679.4,0.03833937029813314,0.022875018970160563,-0.0046009418631664046,0,1,0
583,usp000erqc,2006-08-25,2006.0,8.0,AK,"85 km S of Atka, Alaska",51.427,-174.277,39.2,4.8,mb,reviewed,us,us,237,6.7,4.8889029535864985,0.4,30.666784810126583,1,0.0,0.0,0.0,0.0,0.0,0.0,0.0,0.0,47546.2,44951.7,44951.7,400.4,2038.1,1398.7,19419.0,0.008907338320908887,0.0453397758038072,0.03111561965398417,0.4319970101242,0,0,1,0,51.0,44406.8,47546.2,50126.7,49926.6,54951.9,0.07069637983371903,0.05427352764258763,0.15575797855559445,0,1,0
584,usp000erqe,2006-08-25,2006.0,8.0,AK,"80 km S of Atka, Alaska",51.471,-174.256,39.7,4.8,mb,reviewed,us,us,237,6.7,4.8889029535864985,0.4,30.666784810126583,1,0.0,0.0,0.0,0.0,0.0,0.0,0.0,0.0,47546.2,44951.7,44951.7,400.4,2038.1,1398.7,19419.0,0.008907338320908887,0.0453397758038072,0.03111561965398417,0.4319970101242,0,0,1,0,51.0,44406.8,47546.2,50126.7,49926.6,54951.9,0.07069637983371903,0.05427352764258763,0.15575797855559445,0,1,0
585,usp000erub,2006-08-26,2006.0,8.0,AK,"212 km WSW of Adak, Alaska",51.331,-179.573,35.0,5.7,mwc,reviewed,us,hrv,237,6.7,4.8889029535864985,0.4,30.666784810126583,1,0.0,0.0,0.0,0.0,0.0,0.0,0.0,0.0,47546.2,44951.7,44951.7,400.4,2038.1,1398.7,19419.0,0.008907338320908887,0.0453397758038072,0.03111561965398417,0.4319970101242,0,0,1,0,60.0,44406.8,47546.2,50126.7,49926.6,54951.9,0.07069637983371903,0.05427352764258763,0.15575797855559445,0,1,0
586,usp000eruc,2006-08-26,2006.0,8.0,AK,"212 km WSW of Adak, Alaska",51.375,-179.599,35.0,5.2,mb,reviewed,us,us,237,6.7,4.8889029535864985,0.4,30.666784810126583,1,0.0,0.0,0.0,0.0,0.0,0.0,0.0,0.0,47546.2,44951.7,44951.7,400.4,2038.1,1398.7,19419.0,0.008907338320908887,0.0453397758038072,0.03111561965398417,0.4319970101242,0,0,1,0,55.0,44406.8,47546.2,50126.7,49926.6,54951.9,0.07069637983371903,0.05427352764258763,0.15575797855559445,0,1,0
587,usp000eruj,2006-08-27,2006.0,8.0,AK,"213 km WSW of Adak, Alaska",51.038,-179.399,7.7,5.0,mb,reviewed,aeic,us,237,6.7,4.8889029535864985,0.4,30.666784810126583,1,0.0,0.0,0.0,0.0,0.0,0.0,0.0,0.0,47546.2,44951.7,44951.7,400.4,2038.1,1398.7,19419.0,0.008907338320908887,0.0453397758038072,0.03111561965398417,0.4319970101242,0,0,1,1,53.0,44406.8,47546.2,50126.7,49926.6,54951.9,0.07069637983371903,0.05427352764258763,0.15575797855559445,0,1,0
588,usp000erun,2006-08-27,2006.0,8.0,AK,"214 km WSW of Adak, Alaska",51.06,-179.427,5.1,4.5,mb,reviewed,aeic,us,237,6.7,4.8889029535864985,0.4,30.666784810126583,1,0.0,0.0,0.0,0.0,0.0,0.0,0.0,0.0,47546.2,44951.7,44951.7,400.4,2038.1,1398.7,19419.0,0.008907338320908887,0.0453397758038072,0.03111561965398417,0.4319970101242,0,0,1,1,48.0,44406.8,47546.2,50126.7,49926.6,54951.9,0.07069637983371903,0.05427352764258763,0.15575797855559445,0,1,0
589,usp000es64,2006-08-31,2006.0,8.0,OR,off the coast of Oregon,44.099,-128.374,10.0,4.8,mwc,reviewed,us,hrv,237,6.7,4.8889029535864985,0.4,30.666784810126583,1,0.0,0.0,0.0,0.0,0.0,0.0,0.0,0.0,177222.4,153779.6,153779.6,3839.7,8212.1,26811.6,94208.1,0.024968851525169786,0.05340175159774118,0.17435082416653444,0.6126176684033513,0,0,1,1,51.0,168734.4,177222.4,180724.3,184842.6,176951.6,0.05030390957623342,0.019759917482214406,-0.0015280235455562524,0,1,0
590,usp000es7t,2006-09-01,2006.0,9.0,AK,"13 km NE of Dutch Harbor, Alaska",53.97,-166.392,75.6,5.9,mwc,reviewed,us,gcmt,237,6.7,4.8889029535864985,0.4,30.666784810126583,1,0.0,0.0,0.0,0.0,0.0,0.0,0.0,0.0,47546.2,44951.7,44951.7,400.4,2038.1,1398.7,19419.0,0.008907338320908887,0.0453397758038072,0.03111561965398417,0.4319970101242,0,0,0,0,59.0,44406.8,47546.2,50126.7,49926.6,54951.9,0.07069637983371903,0.05427352764258763,0.15575797855559445,0,1,0
591,usp000esa7,2006-09-02,2006.0,9.0,AK,south of Alaska,52.888,-156.511,10.0,4.7,mb,reviewed,us,us,237,6.7,4.8889029535864985,0.4,30.666784810126583,1,0.0,0.0,0.0,0.0,0.0,0.0,0.0,0.0,47546.2,44951.7,44951.7,400.4,2038.1,1398.7,19419.0,0.008907338320908887,0.0453397758038072,0.03111561965398417,0.4319970101242,0,0,1,1,50.0,44406.8,47546.2,50126.7,49926.6,54951.9,0.07069637983371903,0.05427352764258763,0.15575797855559445,0,1,0
592,ak006bfwlrly,2006-09-06,2006.0,9.0,AK,"6 km W of Houston, Alaska",61.6213,-149.9302,40.7,4.5,mb,reviewed,ak,ak,237,6.7,4.8889029535864985,0.4,30.666784810126583,1,0.0,0.0,0.0,0.0,0.0,0.0,0.0,0.0,47546.2,44951.7,44951.7,400.4,2038.1,1398.7,19419.0,0.008907338320908887,0.0453397758038072,0.03111561965398417,0.4319970101242,0,0,1,0,48.0,44406.8,47546.2,50126.7,49926.6,54951.9,0.07069637983371903,0.05427352764258763,0.15575797855559445,0,1,0
593,usp000essb,2006-09-09,2006.0,9.0,AK,"219 km WSW of Adak, Alaska",51.216,-179.623,40.0,4.6,mb,reviewed,us,us,237,6.7,4.8889029535864985,0.4,30.666784810126583,1,0.0,0.0,0.0,0.0,0.0,0.0,0.0,0.0,47546.2,44951.7,44951.7,400.4,2038.1,1398.7,19419.0,0.008907338320908887,0.0453397758038072,0.03111561965398417,0.4319970101242,0,0,1,0,49.0,44406.8,47546.2,50126.7,49926.6,54951.9,0.07069637983371903,0.05427352764258763,0.15575797855559445,0,1,0
594,usp000et33,2006-09-14,2006.0,9.0,AK,"172 km WSW of Adak, Alaska",51.418,-179.013,48.3,4.6,mb,reviewed,us,us,237,6.7,4.8889029535864985,0.4,30.666784810126583,1,0.0,0.0,0.0,0.0,0.0,0.0,0.0,0.0,47546.2,44951.7,44951.7,400.4,2038.1,1398.7,19419.0,0.008907338320908887,0.0453397758038072,0.03111561965398417,0.4319970101242,0,0,1,0,49.0,44406.8,47546.2,50126.7,49926.6,54951.9,0.07069637983371903,0.05427352764258763,0.15575797855559445,0,1,0
595,usp000et6k,2006-09-16,2006.0,9.0,AK,"143 km WSW of Adak, Alaska",51.407,-178.561,49.3,4.8,mb,reviewed,us,us,237,6.7,4.8889029535864985,0.4,30.666784810126583,1,0.0,0.0,0.0,0.0,0.0,0.0,0.0,0.0,47546.2,44951.7,44951.7,400.4,2038.1,1398.7,19419.0,0.008907338320908887,0.0453397758038072,0.03111561965398417,0.4319970101242,0,0,1,0,51.0,44406.8,47546.2,50126.7,49926.6,54951.9,0.07069637983371903,0.05427352764258763,0.15575797855559445,0,1,0
596,usp000et8d,2006-09-17,2006.0,9.0,AK,"177 km WSW of Adak, Alaska",51.279,-179.013,52.3,4.6,mb,reviewed,us,us,237,6.7,4.8889029535864985,0.4,30.666784810126583,1,0.0,0.0,0.0,0.0,0.0,0.0,0.0,0.0,47546.2,44951.7,44951.7,400.4,2038.1,1398.7,19419.0,0.008907338320908887,0.0453397758038072,0.03111561965398417,0.4319970101242,0,0,1,0,49.0,44406.8,47546.2,50126.7,49926.6,54951.9,0.07069637983371903,0.05427352764258763,0.15575797855559445,0,1,0
597,ak006c6h5uvs,2006-09-22,2006.0,9.0,AK,"118 km E of Cordova, Alaska",60.3809,-143.6325,0.4,4.5,mb,reviewed,ak,ak,237,6.7,4.8889029535864985,0.4,30.666784810126583,1,0.0,0.0,0.0,0.0,0.0,0.0,0.0,0.0,47546.2,44951.7,44951.7,400.4,2038.1,1398.7,19419.0,0.008907338320908887,0.0453397758038072,0.03111561965398417,0.4319970101242,0,0,1,1,48.0,44406.8,47546.2,50126.7,49926.6,54951.9,0.07069637983371903,0.05427352764258763,0.15575797855559445,0,1,0
598,usp000etm2,2006-09-22,2006.0,9.0,OR,off the coast of Oregon,43.561,-128.583,10.0,4.5,mb,reviewed,sea,us,237,6.7,4.8889029535864985,0.4,30.666784810126583,1,0.0,0.0,0.0,0.0,0.0,0.0,0.0,0.0,177222.4,153779.6,153779.6,3839.7,8212.1,26811.6,94208.1,0.024968851525169786,0.05340175159774118,0.17435082416653444,0.6126176684033513,0,0,1,1,48.0,168734.4,177222.4,180724.3,184842.6,176951.6,0.05030390957623342,0.019759917482214406,-0.0015280235455562524,0,1,0
599,ak006cmva5ns,2006-10-02,2006.0,10.0,AK,"25 km SW of Larsen Bay, Alaska",57.3532,-154.2141,40.6,4.6,mb,reviewed,ak,ak,237,6.7,4.8889029535864985,0.4,30.666784810126583,1,0.0,0.0,0.0,0.0,0.0,0.0,0.0,0.0,47546.2,44951.7,44951.7,400.4,2038.1,1398.7,19419.0,0.008907338320908887,0.0453397758038072,0.03111561965398417,0.4319970101242,0,0,1,0,49.0,44406.8,47546.2,50126.7,49926.6,54951.9,0.07069637983371903,0.05427352764258763,0.15575797855559445,0,1,0
600,uw10701498,2006-10-08,2006.0,10.0,WA,"27 km NNE of Packwood, Washington",46.8498333,-121.6001667,1.649,4.5,md,reviewed,uw,uw,237,6.7,4.8889029535864985,0.4,30.666784810126583,1,0.0,0.0,0.0,0.0,0.0,0.0,0.0,0.0,372145.0,314190.8,314190.8,5270.5,16170.2,42251.2,203903.9,0.016774838728568754,0.05146617914973959,0.13447624819058993,0.6489811286644931,0,0,1,1,48.0,358396.3,372145.0,394221.9,401093.2,390814.0,0.03836172415842466,0.05932338201507483,0.050165929946660574,0,1,0
601,ak006dbuer7r,2006-10-17,2006.0,10.0,AK,"68 km N of Petersville, Alaska",63.1,-150.5432,115.8,5.3,mw,reviewed,ak,ak,237,6.7,4.8889029535864985,0.4,30.666784810126583,1,0.0,0.0,0.0,0.0,0.0,0.0,0.0,0.0,47546.2,44951.7,44951.7,400.4,2038.1,1398.7,19419.0,0.008907338320908887,0.0453397758038072,0.03111561965398417,0.4319970101242,0,0,0,0,53.0,44406.8,47546.2,50126.7,49926.6,54951.9,0.07069637983371903,0.05427352764258763,0.15575797855559445,0,1,0
602,nc21543835,2006-10-20,2006.0,10.0,CA,"7 km NW of Cobb, California",38.8666667,-122.7873333,2.546,4.56,mw,reviewed,nc,nc,237,6.7,4.8889029535864985,0.4,30.666784810126583,1,0.0,0.0,0.0,0.0,0.0,0.0,0.0,0.0,2120435.4,1812161.6,1812161.6,24434.4,97643.5,220276.3,1225831.2,0.013483565704074075,0.05388233587997891,0.1215544463584263,0.6764469570484221,0,0,1,1,48.599999999999994,2042141.0,2120435.4,2168940.4,2192331.8,2110679.4,0.03833937029813314,0.022875018970160563,-0.0046009418631664046,0,1,0
603,usp000ew8m,2006-10-29,2006.0,10.0,AK,"137 km S of False Pass, Alaska",53.645,-163.816,28.1,4.5,mb,reviewed,us,us,237,6.7,4.8889029535864985,0.4,30.666784810126583,1,0.0,0.0,0.0,0.0,0.0,0.0,0.0,0.0,47546.2,44951.7,44951.7,400.4,2038.1,1398.7,19419.0,0.008907338320908887,0.0453397758038072,0.03111561965398417,0.4319970101242,0,0,1,0,48.0,44406.8,47546.2,50126.7,49926.6,54951.9,0.07069637983371903,0.05427352764258763,0.15575797855559445,0,1,0
604,usp000ewc1,2006-10-31,2006.0,10.0,AK,"68 km SSE of Nikolski, Alaska",52.345,-168.599,21.8,4.9,mb,reviewed,us,us,237,6.7,4.8889029535864985,0.4,30.666784810126583,1,0.0,0.0,0.0,0.0,0.0,0.0,0.0,0.0,47546.2,44951.7,44951.7,400.4,2038.1,1398.7,19419.0,0.008907338320908887,0.0453397758038072,0.03111561965398417,0.4319970101242,0,0,1,0,52.0,44406.8,47546.2,50126.7,49926.6,54951.9,0.07069637983371903,0.05427352764258763,0.15575797855559445,0,1,0
605,usp000ewgz,2006-11-03,2006.0,11.0,AK,"205 km WSW of Adak, Alaska",51.175,-179.374,53.9,4.7,mb,reviewed,us,us,237,6.7,4.8889029535864985,0.4,30.666784810126583,1,0.0,0.0,0.0,0.0,0.0,0.0,0.0,0.0,47546.2,44951.7,44951.7,400.4,2038.1,1398.7,19419.0,0.008907338320908887,0.0453397758038072,0.03111561965398417,0.4319970101242,0,0,1,0,50.0,44406.8,47546.2,50126.7,49926.6,54951.9,0.07069637983371903,0.05427352764258763,0.15575797855559445,0,1,0
606,usp000ex5p,2006-11-11,2006.0,11.0,AK,"103 km SSE of King Cove, Alaska",54.178,-161.793,35.7,4.8,mb,reviewed,aeic,us,237,6.7,4.8889029535864985,0.4,30.666784810126583,1,0.0,0.0,0.0,0.0,0.0,0.0,0.0,0.0,47546.2,44951.7,44951.7,400.4,2038.1,1398.7,19419.0,0.008907338320908887,0.0453397758038072,0.03111561965398417,0.4319970101242,0,0,1,0,51.0,44406.8,47546.2,50126.7,49926.6,54951.9,0.07069637983371903,0.05427352764258763,0.15575797855559445,0,1,0
607,hv5539979,2006-11-23,2006.0,11.0,HI,"17 km WSW of Puako, Hawaii",19.8871667,-155.976,36.456,5.0,md,reviewed,hv,hv,237,6.7,4.8889029535864985,0.4,30.666784810126583,1,1.0,0.0,0.0,150.0,0.0,0.0,8.0,6.7,74892.9,60848.0,60848.0,441.3,4205.4,1187.1,42191.9,0.007252498027872732,0.06911320010518011,0.019509268998159347,0.6933983039705496,1,0,1,0,58.0,72941.9,74892.9,76434.1,76830.2,74118.5,0.02674731532904956,0.020578719745129537,-0.010340098994697684,0,1,0
608,usp000eymk,2006-11-23,2006.0,11.0,AK,"79 km ESE of Akutan, Alaska",53.81,-164.691,45.2,4.8,mb,reviewed,us,us,237,6.7,4.8889029535864985,0.4,30.666784810126583,1,0.0,0.0,0.0,0.0,0.0,0.0,0.0,0.0,47546.2,44951.7,44951.7,400.4,2038.1,1398.7,19419.0,0.008907338320908887,0.0453397758038072,0.03111561965398417,0.4319970101242,0,0,1,0,51.0,44406.8,47546.2,50126.7,49926.6,54951.9,0.07069637983371903,0.05427352764258763,0.15575797855559445,0,1,0
609,usp000eyth,2006-11-25,2006.0,11.0,AK,"142 km S of False Pass, Alaska",53.588,-163.748,13.8,5.5,mwc,reviewed,us,gcmt,237,6.7,4.8889029535864985,0.4,30.666784810126583,1,0.0,0.0,0.0,0.0,0.0,0.0,0.0,0.0,47546.2,44951.7,44951.7,400.4,2038.1,1398.7,19419.0,0.008907338320908887,0.0453397758038072,0.03111561965398417,0.4319970101242,0,0,1,1,58.0,44406.8,47546.2,50126.7,49926.6,54951.9,0.07069637983371903,0.05427352764258763,0.15575797855559445,0,1,0
610,usp000eyzb,2006-11-27,2006.0,11.0,AK,"100 km SSW of False Pass, Alaska",54.051,-164.105,48.1,4.9,mb,reviewed,us,us,237,6.7,4.8889029535864985,0.4,30.666784810126583,1,0.0,0.0,0.0,0.0,0.0,0.0,0.0,0.0,47546.2,44951.7,44951.7,400.4,2038.1,1398.7,19419.0,0.008907338320908887,0.0453397758038072,0.03111561965398417,0.4319970101242,0,0,1,0,52.0,44406.8,47546.2,50126.7,49926.6,54951.9,0.07069637983371903,0.05427352764258763,0.15575797855559445,0,1,0
611,usp000ez69,2006-11-29,2006.0,11.0,AK,"Andreanof Islands, Aleutian Islands, Alaska",51.366,-179.54,47.5,4.6,mb,reviewed,us,us,237,6.7,4.8889029535864985,0.4,30.666784810126583,1,0.0,0.0,0.0,0.0,0.0,0.0,0.0,0.0,47546.2,44951.7,44951.7,400.4,2038.1,1398.7,19419.0,0.008907338320908887,0.0453397758038072,0.03111561965398417,0.4319970101242,0,0,1,0,49.0,44406.8,47546.2,50126.7,49926.6,54951.9,0.07069637983371903,0.05427352764258763,0.15575797855559445,0,1,0
612,usp000ezbg,2006-12-02,2006.0,12.0,AK,"115 km S of False Pass, Alaska",53.82,-163.594,10.0,4.7,mb,reviewed,us,us,237,6.7,4.8889029535864985,0.4,30.666784810126583,1,0.0,0.0,0.0,0.0,0.0,0.0,0.0,0.0,47546.2,44951.7,44951.7,400.4,2038.1,1398.7,19419.0,0.008907338320908887,0.0453397758038072,0.03111561965398417,0.4319970101242,0,0,1,1,50.0,44406.8,47546.2,50126.7,49926.6,54951.9,0.07069637983371903,0.05427352764258763,0.15575797855559445,0,1,0
613,usp000f026,2006-12-12,2006.0,12.0,AK,"169 km WSW of Adak, Alaska",51.328,-178.925,35.0,4.6,mb,reviewed,us,us,237,6.7,4.8889029535864985,0.4,30.666784810126583,1,0.0,0.0,0.0,0.0,0.0,0.0,0.0,0.0,47546.2,44951.7,44951.7,400.4,2038.1,1398.7,19419.0,0.008907338320908887,0.0453397758038072,0.03111561965398417,0.4319970101242,0,0,1,0,49.0,44406.8,47546.2,50126.7,49926.6,54951.9,0.07069637983371903,0.05427352764258763,0.15575797855559445,0,1,0
614,ak0078jiux5,2007-01-05,2007.0,1.0,AK,"188 km SSW of Akhiok, Alaska",55.4948,-155.7421,4.9,5.8,mw,reviewed,ak,ak,289,7.2,4.960761245674741,-0.553,30.60065743944637,1,1.0,0.0,0.0,0.0,0.0,0.0,0.0,6.7,50126.7,49456.4,49456.4,374.3,2126.8,1550.0,20713.7,0.007568282365881867,0.04300353442628255,0.031340736487087614,0.4188274924984431,1,0,1,1,66.0,47546.2,50126.7,49926.6,54951.9,53652.0,0.05427352764258763,-0.003991884564513494,0.07032778938170682,0,1,0
615,ak007dg4hx4,2007-01-08,2007.0,1.0,AK,"35 km NNW of Skwentna, Alaska",62.2915,-151.6369,92.2,4.5,mb,reviewed,ak,ak,289,7.2,4.960761245674741,-0.553,30.60065743944637,1,1.0,0.0,0.0,0.0,0.0,0.0,0.0,6.7,50126.7,49456.4,49456.4,374.3,2126.8,1550.0,20713.7,0.007568282365881867,0.04300353442628255,0.031340736487087614,0.4188274924984431,1,0,0,0,50.0,47546.2,50126.7,49926.6,54951.9,53652.0,0.05427352764258763,-0.003991884564513494,0.07032778938170682,0,1,0
616,usp000f418,2007-01-31,2007.0,1.0,OR,"193 km WSW of Port Orford, Oregon",42.302,-126.775,10.0,4.8,mwc,reviewed,us,gcmt,289,7.2,4.960761245674741,-0.553,30.60065743944637,1,0.0,0.0,0.0,0.0,0.0,0.0,0.0,0.0,180724.3,159676.2,159676.2,3595.9,8769.2,26339.5,99398.5,0.02251994974830313,0.0549186416009399,0.16495570410618488,0.6225004102051527,0,0,1,1,51.0,177222.4,180724.3,184842.6,176951.6,180738.2,0.019759917482214406,0.022787749074142313,7.69127339268891e-05,0,1,0
617,usp000f431,2007-02-01,2007.0,2.0,AK,"219 km WSW of Adak, Alaska",51.428,-179.72,10.0,4.7,mb,reviewed,us,us,289,7.2,4.960761245674741,-0.553,30.60065743944637,1,1.0,0.0,0.0,0.0,0.0,0.0,0.0,6.7,50126.7,49456.4,49456.4,374.3,2126.8,1550.0,20713.7,0.007568282365881867,0.04300353442628255,0.031340736487087614,0.4188274924984431,1,0,1,1,55.0,47546.2,50126.7,49926.6,54951.9,53652.0,0.05427352764258763,-0.003991884564513494,0.07032778938170682,0,1,0
618,usp000f48s,2007-02-04,2007.0,2.0,AK,"25 km E of Adak, Alaska",51.853,-176.262,46.6,5.0,mb,reviewed,us,us,289,7.2,4.960761245674741,-0.553,30.60065743944637,1,1.0,0.0,0.0,0.0,0.0,0.0,0.0,6.7,50126.7,49456.4,49456.4,374.3,2126.8,1550.0,20713.7,0.007568282365881867,0.04300353442628255,0.031340736487087614,0.4188274924984431,1,0,1,0,58.0,47546.2,50126.7,49926.6,54951.9,53652.0,0.05427352764258763,-0.003991884564513494,0.07032778938170682,0,1,0
619,usp000f4w1,2007-02-14,2007.0,2.0,OR,"250 km W of Bandon, Oregon",43.516,-127.451,10.0,5.2,mwc,reviewed,us,gcmt,289,7.2,4.960761245674741,-0.553,30.60065743944637,1,0.0,0.0,0.0,0.0,0.0,0.0,0.0,0.0,180724.3,159676.2,159676.2,3595.9,8769.2,26339.5,99398.5,0.02251994974830313,0.0549186416009399,0.16495570410618488,0.6225004102051527,0,0,1,1,55.0,177222.4,180724.3,184842.6,176951.6,180738.2,0.019759917482214406,0.022787749074142313,7.69127339268891e-05,0,1,0
620,ak00727mfqsi,2007-02-17,2007.0,2.0,AK,"41 km SW of Salcha, Alaska",64.2521,-147.4906,13.7,4.7,mw,reviewed,ak,ak,289,7.2,4.960761245674741,-0.553,30.60065743944637,1,1.0,0.0,0.0,0.0,0.0,0.0,0.0,6.7,50126.7,49456.4,49456.4,374.3,2126.8,1550.0,20713.7,0.007568282365881867,0.04300353442628255,0.031340736487087614,0.4188274924984431,1,0,1,1,55.0,47546.2,50126.7,49926.6,54951.9,53652.0,0.05427352764258763,-0.003991884564513494,0.07032778938170682,0,1,0
621,usp000f5vd,2007-02-28,2007.0,2.0,AK,"123 km WSW of Adak, Alaska",51.319,-178.172,56.6,4.6,mb,reviewed,us,us,289,7.2,4.960761245674741,-0.553,30.60065743944637,1,1.0,0.0,0.0,0.0,0.0,0.0,0.0,6.7,50126.7,49456.4,49456.4,374.3,2126.8,1550.0,20713.7,0.007568282365881867,0.04300353442628255,0.031340736487087614,0.4188274924984431,1,0,1,0,54.0,47546.2,50126.7,49926.6,54951.9,53652.0,0.05427352764258763,-0.003991884564513494,0.07032778938170682,0,1,0
622,usp000f687,2007-03-07,2007.0,3.0,AK,"158 km S of Unalaska, Alaska",52.453,-166.584,18.2,4.9,mb,reviewed,aeic,us,289,7.2,4.960761245674741,-0.553,30.60065743944637,1,1.0,0.0,0.0,0.0,0.0,0.0,0.0,6.7,50126.7,49456.4,49456.4,374.3,2126.8,1550.0,20713.7,0.007568282365881867,0.04300353442628255,0.031340736487087614,0.4188274924984431,1,0,1,1,57.0,47546.2,50126.7,49926.6,54951.9,53652.0,0.05427352764258763,-0.003991884564513494,0.07032778938170682,0,1,0
623,ak00739t01w5,2007-03-12,2007.0,3.0,AK,"63 km E of Chignik, Alaska",56.3423,-157.3868,46.2,4.8,mb,reviewed,ak,ak,289,7.2,4.960761245674741,-0.553,30.60065743944637,1,1.0,0.0,0.0,0.0,0.0,0.0,0.0,6.7,50126.7,49456.4,49456.4,374.3,2126.8,1550.0,20713.7,0.007568282365881867,0.04300353442628255,0.031340736487087614,0.4188274924984431,1,0,1,0,56.0,47546.2,50126.7,49926.6,54951.9,53652.0,0.05427352764258763,-0.003991884564513494,0.07032778938170682,0,1,0
624,ak0073gfakxj,2007-03-16,2007.0,3.0,AK,"121 km SSE of Perryville, Alaska",54.8888,-158.4527,11.7,4.7,mb,reviewed,ak,ak,289,7.2,4.960761245674741,-0.553,30.60065743944637,1,1.0,0.0,0.0,0.0,0.0,0.0,0.0,6.7,50126.7,49456.4,49456.4,374.3,2126.8,1550.0,20713.7,0.007568282365881867,0.04300353442628255,0.031340736487087614,0.4188274924984431,1,0,1,1,55.0,47546.2,50126.7,49926.6,54951.9,53652.0,0.05427352764258763,-0.003991884564513494,0.07032778938170682,0,1,0
625,usp000f72y,2007-03-20,2007.0,3.0,AK,"122 km SSW of False Pass, Alaska",53.79,-163.87,56.6,4.5,mb,reviewed,us,us,289,7.2,4.960761245674741,-0.553,30.60065743944637,1,1.0,0.0,0.0,0.0,0.0,0.0,0.0,6.7,50126.7,49456.4,49456.4,374.3,2126.8,1550.0,20713.7,0.007568282365881867,0.04300353442628255,0.031340736487087614,0.4188274924984431,1,0,1,0,53.0,47546.2,50126.7,49926.6,54951.9,53652.0,0.05427352764258763,-0.003991884564513494,0.07032778938170682,0,1,0
626,usp000f7q7,2007-03-28,2007.0,3.0,CO,"54 km SW of Campo Pesquero el Colorado, Mexico",25.423,-109.707,10.0,5.2,mwc,reviewed,us,gcmt,289,7.2,4.960761245674741,-0.553,30.60065743944637,1,0.0,0.0,0.0,0.0,0.0,0.0,0.0,0.0,278733.8,248571.6,248571.6,2488.0,14277.2,19414.8,171338.4,0.01000918849941023,0.05743697188254813,0.0781054633755425,0.6892919384193528,0,0,1,1,55.0,268190.8,278733.8,281803.3,275659.1,279385.6,0.03931156475166188,0.011012299190123337,0.0023384318658160167,0,1,0
627,usp000f7q9,2007-03-28,2007.0,3.0,CO,"43 km SW of Campo Pesquero el Colorado, Mexico",25.497,-109.633,10.0,5.3,mwc,reviewed,us,gcmt,289,7.2,4.960761245674741,-0.553,30.60065743944637,1,0.0,0.0,0.0,0.0,0.0,0.0,0.0,0.0,278733.8,248571.6,248571.6,2488.0,14277.2,19414.8,171338.4,0.01000918849941023,0.05743697188254813,0.0781054633755425,0.6892919384193528,0,0,1,1,56.0,268190.8,278733.8,281803.3,275659.1,279385.6,0.03931156475166188,0.011012299190123337,0.0023384318658160167,0,1,0
628,usp000f7v9,2007-03-30,2007.0,3.0,AK,"80 km NW of Nelson Lagoon, Alaska",56.514,-162.119,215.1,4.5,mb,reviewed,us,us,289,7.2,4.960761245674741,-0.553,30.60065743944637,1,1.0,0.0,0.0,0.0,0.0,0.0,0.0,6.7,50126.7,49456.4,49456.4,374.3,2126.8,1550.0,20713.7,0.007568282365881867,0.04300353442628255,0.031340736487087614,0.4188274924984431,1,0,0,0,50.0,47546.2,50126.7,49926.6,54951.9,53652.0,0.05427352764258763,-0.003991884564513494,0.07032778938170682,0,1,0
629,usp000f8ve,2007-04-06,2007.0,4.0,AK,"183 km W of Adak, Alaska",51.696,-179.279,1.6,4.5,mb,reviewed,aeic,us,289,7.2,4.960761245674741,-0.553,30.60065743944637,1,1.0,0.0,0.0,0.0,0.0,0.0,0.0,6.7,50126.7,49456.4,49456.4,374.3,2126.8,1550.0,20713.7,0.007568282365881867,0.04300353442628255,0.031340736487087614,0.4188274924984431,1,0,1,1,53.0,47546.2,50126.7,49926.6,54951.9,53652.0,0.05427352764258763,-0.003991884564513494,0.07032778938170682,0,1,0
630,usp000f9n6,2007-04-13,2007.0,4.0,AK,"85 km SSE of Nikolski, Alaska",52.286,-168.197,20.4,4.7,mb,reviewed,us,us,289,7.2,4.960761245674741,-0.553,30.60065743944637,1,1.0,0.0,0.0,0.0,0.0,0.0,0.0,6.7,50126.7,49456.4,49456.4,374.3,2126.8,1550.0,20713.7,0.007568282365881867,0.04300353442628255,0.031340736487087614,0.4188274924984431,1,0,1,0,55.0,47546.2,50126.7,49926.6,54951.9,53652.0,0.05427352764258763,-0.003991884564513494,0.07032778938170682,0,1,0
631,usp000f9nc,2007-04-14,2007.0,4.0,AK,"84 km SE of Nikolski, Alaska",52.344,-168.096,35.0,4.5,mb,reviewed,us,us,289,7.2,4.960761245674741,-0.553,30.60065743944637,1,1.0,0.0,0.0,0.0,0.0,0.0,0.0,6.7,50126.7,49456.4,49456.4,374.3,2126.8,1550.0,20713.7,0.007568282365881867,0.04300353442628255,0.031340736487087614,0.4188274924984431,1,0,1,0,53.0,47546.2,50126.7,49926.6,54951.9,53652.0,0.05427352764258763,-0.003991884564513494,0.07032778938170682,0,1,0
632,nc40195779,2007-04-18,2007.0,4.0,CA,"15 km N of Potter Valley, California",39.4645,-123.1073333,4.725,4.79,mw,reviewed,nc,nc,289,7.2,4.960761245674741,-0.553,30.60065743944637,1,2.0,0.0,0.0,0.0,0.0,0.0,0.0,5.6,2168940.4,1900220.4,1900220.4,28521.1,94706.3,231199.0,1281831.4,0.015009364176913374,0.04983963965443167,0.12166957054034364,0.6745698551599594,1,0,1,1,55.9,2120435.4,2168940.4,2192331.8,2110679.4,2153852.8,0.022875018970160563,0.010784713125358312,-0.006956207740885869,0,1,0
633,ak007529cfol,2007-04-20,2007.0,4.0,AK,"57 km SW of Kaktovik, Alaska",69.7975,-144.7808,5.6,4.7,mw,reviewed,ak,ak,289,7.2,4.960761245674741,-0.553,30.60065743944637,1,1.0,0.0,0.0,0.0,0.0,0.0,0.0,6.7,50126.7,49456.4,49456.4,374.3,2126.8,1550.0,20713.7,0.007568282365881867,0.04300353442628255,0.031340736487087614,0.4188274924984431,1,0,1,1,55.0,47546.2,50126.7,49926.6,54951.9,53652.0,0.05427352764258763,-0.003991884564513494,0.07032778938170682,0,1,0
634,usp000fa6u,2007-04-20,2007.0,4.0,AK,"94 km NNE of Adak, Alaska",52.654,-176.104,177.1,5.4,mwc,reviewed,us,gcmt,289,7.2,4.960761245674741,-0.553,30.60065743944637,1,1.0,0.0,0.0,0.0,0.0,0.0,0.0,6.7,50126.7,49456.4,49456.4,374.3,2126.8,1550.0,20713.7,0.007568282365881867,0.04300353442628255,0.031340736487087614,0.4188274924984431,1,0,0,0,59.0,47546.2,50126.7,49926.6,54951.9,53652.0,0.05427352764258763,-0.003991884564513494,0.07032778938170682,0,1,0
635,ak00753p4srk,2007-04-21,2007.0,4.0,AK,"128 km SW of Akhiok, Alaska",56.2575,-155.8594,40.9,4.6,mb,reviewed,ak,ak,289,7.2,4.960761245674741,-0.553,30.60065743944637,1,1.0,0.0,0.0,0.0,0.0,0.0,0.0,6.7,50126.7,49456.4,49456.4,374.3,2126.8,1550.0,20713.7,0.007568282365881867,0.04300353442628255,0.031340736487087614,0.4188274924984431,1,0,1,0,54.0,47546.2,50126.7,49926.6,54951.9,53652.0,0.05427352764258763,-0.003991884564513494,0.07032778938170682,0,1,0
636,usp000fabv,2007-04-22,2007.0,4.0,AK,"97 km SSW of Sand Point, Alaska",54.53,-161.1,41.1,4.8,mb,reviewed,us,us,289,7.2,4.960761245674741,-0.553,30.60065743944637,1,1.0,0.0,0.0,0.0,0.0,0.0,0.0,6.7,50126.7,49456.4,49456.4,374.3,2126.8,1550.0,20713.7,0.007568282365881867,0.04300353442628255,0.031340736487087614,0.4188274924984431,1,0,1,0,56.0,47546.2,50126.7,49926.6,54951.9,53652.0,0.05427352764258763,-0.003991884564513494,0.07032778938170682,0,1,0
637,usp000favm,2007-04-29,2007.0,4.0,AK,"230 km W of Adak, Alaska",52.007,-179.972,117.0,6.2,mwb,reviewed,us,us,289,7.2,4.960761245674741,-0.553,30.60065743944637,1,1.0,0.0,0.0,0.0,0.0,0.0,0.0,6.7,50126.7,49456.4,49456.4,374.3,2126.8,1550.0,20713.7,0.007568282365881867,0.04300353442628255,0.031340736487087614,0.4188274924984431,1,1,0,0,77.0,47546.2,50126.7,49926.6,54951.9,53652.0,0.05427352764258763,-0.003991884564513494,0.07032778938170682,0,1,0
638,usp000fbav,2007-05-05,2007.0,5.0,AK,"94 km WSW of Adak, Alaska",51.417,-177.783,53.5,5.0,mwc,reviewed,us,gcmt,289,7.2,4.960761245674741,-0.553,30.60065743944637,1,1.0,0.0,0.0,0.0,0.0,0.0,0.0,6.7,50126.7,49456.4,49456.4,374.3,2126.8,1550.0,20713.7,0.007568282365881867,0.04300353442628255,0.031340736487087614,0.4188274924984431,1,0,1,0,58.0,47546.2,50126.7,49926.6,54951.9,53652.0,0.05427352764258763,-0.003991884564513494,0.07032778938170682,0,1,0
639,usp000fbwr,2007-05-13,2007.0,5.0,AK,"92 km SE of King Cove, Alaska",54.555,-161.168,64.4,4.8,mb,reviewed,us,us,289,7.2,4.960761245674741,-0.553,30.60065743944637,1,1.0,0.0,0.0,0.0,0.0,0.0,0.0,6.7,50126.7,49456.4,49456.4,374.3,2126.8,1550.0,20713.7,0.007568282365881867,0.04300353442628255,0.031340736487087614,0.4188274924984431,1,0,1,0,56.0,47546.2,50126.7,49926.6,54951.9,53652.0,0.05427352764258763,-0.003991884564513494,0.07032778938170682,0,1,0
640,usp000fc4a,2007-05-17,2007.0,5.0,AK,"71 km NW of Nikolski, Alaska",53.415,-169.577,133.6,5.0,mwc,reviewed,us,gcmt,289,7.2,4.960761245674741,-0.553,30.60065743944637,1,1.0,0.0,0.0,0.0,0.0,0.0,0.0,6.7,50126.7,49456.4,49456.4,374.3,2126.8,1550.0,20713.7,0.007568282365881867,0.04300353442628255,0.031340736487087614,0.4188274924984431,1,0,0,0,55.0,47546.2,50126.7,49926.6,54951.9,53652.0,0.05427352764258763,-0.003991884564513494,0.07032778938170682,0,1,0
641,usp000fegq,2007-06-21,2007.0,6.0,AK,"186 km SSW of Adak, Alaska",50.265,-177.364,2.3,4.6,mb,reviewed,us,us,289,7.2,4.960761245674741,-0.553,30.60065743944637,1,1.0,0.0,0.0,0.0,0.0,0.0,0.0,6.7,50126.7,49456.4,49456.4,374.3,2126.8,1550.0,20713.7,0.007568282365881867,0.04300353442628255,0.031340736487087614,0.4188274924984431,1,0,1,1,54.0,47546.2,50126.7,49926.6,54951.9,53652.0,0.05427352764258763,-0.003991884564513494,0.07032778938170682,0,1,0
642,nc51183469,2007-06-25,2007.0,6.0,CA,"57 km W of Trinidad, California",41.1155,-124.8245,2.563,5.0,mw,reviewed,nc,nc,289,7.2,4.960761245674741,-0.553,30.60065743944637,1,2.0,0.0,0.0,0.0,0.0,0.0,0.0,5.6,2168940.4,1900220.4,1900220.4,28521.1,94706.3,231199.0,1281831.4,0.015009364176913374,0.04983963965443167,0.12166957054034364,0.6745698551599594,1,0,1,1,58.0,2120435.4,2168940.4,2192331.8,2110679.4,2153852.8,0.022875018970160563,0.010784713125358312,-0.006956207740885869,0,1,0
643,usp000feuj,2007-06-25,2007.0,6.0,AK,"73 km SE of Atka, Alaska",51.697,-173.508,45.2,5.2,mwc,reviewed,us,gcmt,289,7.2,4.960761245674741,-0.553,30.60065743944637,1,1.0,0.0,0.0,0.0,0.0,0.0,0.0,6.7,50126.7,49456.4,49456.4,374.3,2126.8,1550.0,20713.7,0.007568282365881867,0.04300353442628255,0.031340736487087614,0.4188274924984431,1,0,1,0,60.0,47546.2,50126.7,49926.6,54951.9,53652.0,0.05427352764258763,-0.003991884564513494,0.07032778938170682,0,1,0
644,usp000ff8h,2007-07-01,2007.0,7.0,AK,"208 km WSW of Adak, Alaska",51.002,-179.288,46.0,4.6,mb,reviewed,us,us,289,7.2,4.960761245674741,-0.553,30.60065743944637,1,1.0,0.0,0.0,0.0,0.0,0.0,0.0,6.7,50126.7,49456.4,49456.4,374.3,2126.8,1550.0,20713.7,0.007568282365881867,0.04300353442628255,0.031340736487087614,0.4188274924984431,1,0,1,0,54.0,47546.2,50126.7,49926.6,54951.9,53652.0,0.05427352764258763,-0.003991884564513494,0.07032778938170682,0,1,0
645,ak0078i8u3yw,2007-07-04,2007.0,7.0,AK,"135 km SW of Yakutat, Alaska",58.7305,-141.4911,10.0,4.5,mw,reviewed,ak,ak,289,7.2,4.960761245674741,-0.553,30.60065743944637,1,1.0,0.0,0.0,0.0,0.0,0.0,0.0,6.7,50126.7,49456.4,49456.4,374.3,2126.8,1550.0,20713.7,0.007568282365881867,0.04300353442628255,0.031340736487087614,0.4188274924984431,1,0,1,1,53.0,47546.2,50126.7,49926.6,54951.9,53652.0,0.05427352764258763,-0.003991884564513494,0.07032778938170682,0,1,0
646,usp000ffe4,2007-07-04,2007.0,7.0,AK,"136 km SW of Adak, Alaska",51.078,-178.132,20.0,4.7,mb,reviewed,aeic,us,289,7.2,4.960761245674741,-0.553,30.60065743944637,1,1.0,0.0,0.0,0.0,0.0,0.0,0.0,6.7,50126.7,49456.4,49456.4,374.3,2126.8,1550.0,20713.7,0.007568282365881867,0.04300353442628255,0.031340736487087614,0.4188274924984431,1,0,1,1,55.0,47546.2,50126.7,49926.6,54951.9,53652.0,0.05427352764258763,-0.003991884564513494,0.07032778938170682,0,1,0
647,usp000ffwv,2007-07-10,2007.0,7.0,AK,"137 km WSW of Nikolski, Alaska",52.436,-170.714,40.7,4.9,mwc,reviewed,us,gcmt,289,7.2,4.960761245674741,-0.553,30.60065743944637,1,1.0,0.0,0.0,0.0,0.0,0.0,0.0,6.7,50126.7,49456.4,49456.4,374.3,2126.8,1550.0,20713.7,0.007568282365881867,0.04300353442628255,0.031340736487087614,0.4188274924984431,1,0,1,0,57.0,47546.2,50126.7,49926.6,54951.9,53652.0,0.05427352764258763,-0.003991884564513494,0.07032778938170682,0,1,0
648,usp000fg7x,2007-07-15,2007.0,7.0,AK,"74 km SE of Nikolski, Alaska",52.491,-168.035,15.0,6.1,mwc,reviewed,us,gcmt,289,7.2,4.960761245674741,-0.553,30.60065743944637,1,1.0,0.0,0.0,0.0,0.0,0.0,0.0,6.7,50126.7,49456.4,49456.4,374.3,2126.8,1550.0,20713.7,0.007568282365881867,0.04300353442628255,0.031340736487087614,0.4188274924984431,1,1,1,1,79.0,47546.2,50126.7,49926.6,54951.9,53652.0,0.05427352764258763,-0.003991884564513494,0.07032778938170682,0,1,0
649,usp000fg86,2007-07-15,2007.0,7.0,AK,"94 km SE of Nikolski, Alaska",52.329,-167.895,8.9,4.7,mb,reviewed,aeic,us,289,7.2,4.960761245674741,-0.553,30.60065743944637,1,1.0,0.0,0.0,0.0,0.0,0.0,0.0,6.7,50126.7,49456.4,49456.4,374.3,2126.8,1550.0,20713.7,0.007568282365881867,0.04300353442628255,0.031340736487087614,0.4188274924984431,1,0,1,1,55.0,47546.2,50126.7,49926.6,54951.9,53652.0,0.05427352764258763,-0.003991884564513494,0.07032778938170682,0,1,0
650,usp000fg88,2007-07-15,2007.0,7.0,AK,"79 km SE of Nikolski, Alaska",52.491,-167.95,10.0,5.1,mb,reviewed,us,us,289,7.2,4.960761245674741,-0.553,30.60065743944637,1,1.0,0.0,0.0,0.0,0.0,0.0,0.0,6.7,50126.7,49456.4,49456.4,374.3,2126.8,1550.0,20713.7,0.007568282365881867,0.04300353442628255,0.031340736487087614,0.4188274924984431,1,0,1,1,59.0,47546.2,50126.7,49926.6,54951.9,53652.0,0.05427352764258763,-0.003991884564513494,0.07032778938170682,0,1,0
651,usp000fg8c,2007-07-15,2007.0,7.0,AK,"80 km SE of Nikolski, Alaska",52.4,-168.074,10.0,4.7,mb,reviewed,us,us,289,7.2,4.960761245674741,-0.553,30.60065743944637,1,1.0,0.0,0.0,0.0,0.0,0.0,0.0,6.7,50126.7,49456.4,49456.4,374.3,2126.8,1550.0,20713.7,0.007568282365881867,0.04300353442628255,0.031340736487087614,0.4188274924984431,1,0,1,1,55.0,47546.2,50126.7,49926.6,54951.9,53652.0,0.05427352764258763,-0.003991884564513494,0.07032778938170682,0,1,0
652,usp000fgpa,2007-07-20,2007.0,7.0,AK,"69 km SE of Nikolski, Alaska",52.509,-168.123,17.0,4.7,mb,reviewed,aeic,us,289,7.2,4.960761245674741,-0.553,30.60065743944637,1,1.0,0.0,0.0,0.0,0.0,0.0,0.0,6.7,50126.7,49456.4,49456.4,374.3,2126.8,1550.0,20713.7,0.007568282365881867,0.04300353442628255,0.031340736487087614,0.4188274924984431,1,0,1,1,55.0,47546.2,50126.7,49926.6,54951.9,53652.0,0.05427352764258763,-0.003991884564513494,0.07032778938170682,0,1,0
653,usp000fgtv,2007-07-21,2007.0,7.0,AK,"77 km SE of Nikolski, Alaska",52.382,-168.186,10.0,4.6,mb,reviewed,us,us,289,7.2,4.960761245674741,-0.553,30.60065743944637,1,1.0,0.0,0.0,0.0,0.0,0.0,0.0,6.7,50126.7,49456.4,49456.4,374.3,2126.8,1550.0,20713.7,0.007568282365881867,0.04300353442628255,0.031340736487087614,0.4188274924984431,1,0,1,1,54.0,47546.2,50126.7,49926.6,54951.9,53652.0,0.05427352764258763,-0.003991884564513494,0.07032778938170682,0,1,0
654,usp000fh5z,2007-07-27,2007.0,7.0,OR,off the coast of Oregon,44.46,-129.666,10.0,5.3,mwc,reviewed,us,gcmt,289,7.2,4.960761245674741,-0.553,30.60065743944637,1,0.0,0.0,0.0,0.0,0.0,0.0,0.0,0.0,180724.3,159676.2,159676.2,3595.9,8769.2,26339.5,99398.5,0.02251994974830313,0.0549186416009399,0.16495570410618488,0.6225004102051527,0,0,1,1,56.0,177222.4,180724.3,184842.6,176951.6,180738.2,0.019759917482214406,0.022787749074142313,7.69127339268891e-05,0,1,0
655,usp000fh7y,2007-07-27,2007.0,7.0,OR,off the coast of Oregon,44.401,-129.76,10.0,5.3,mwc,reviewed,us,gcmt,289,7.2,4.960761245674741,-0.553,30.60065743944637,1,0.0,0.0,0.0,0.0,0.0,0.0,0.0,0.0,180724.3,159676.2,159676.2,3595.9,8769.2,26339.5,99398.5,0.02251994974830313,0.0549186416009399,0.16495570410618488,0.6225004102051527,0,0,1,1,56.0,177222.4,180724.3,184842.6,176951.6,180738.2,0.019759917482214406,0.022787749074142313,7.69127339268891e-05,0,1,0
656,usp000fh83,2007-07-28,2007.0,7.0,OR,off the coast of Oregon,44.564,-129.703,10.0,4.6,mb,reviewed,us,us,289,7.2,4.960761245674741,-0.553,30.60065743944637,1,0.0,0.0,0.0,0.0,0.0,0.0,0.0,0.0,180724.3,159676.2,159676.2,3595.9,8769.2,26339.5,99398.5,0.02251994974830313,0.0549186416009399,0.16495570410618488,0.6225004102051527,0,0,1,1,49.0,177222.4,180724.3,184842.6,176951.6,180738.2,0.019759917482214406,0.022787749074142313,7.69127339268891e-05,0,1,0
657,usp000fh84,2007-07-28,2007.0,7.0,OR,off the coast of Oregon,44.545,-129.759,10.0,5.0,mwc,reviewed,us,gcmt,289,7.2,4.960761245674741,-0.553,30.60065743944637,1,0.0,0.0,0.0,0.0,0.0,0.0,0.0,0.0,180724.3,159676.2,159676.2,3595.9,8769.2,26339.5,99398.5,0.02251994974830313,0.0549186416009399,0.16495570410618488,0.6225004102051527,0,0,1,1,53.0,177222.4,180724.3,184842.6,176951.6,180738.2,0.019759917482214406,0.022787749074142313,7.69127339268891e-05,0,1,0
658,usp000fh85,2007-07-28,2007.0,7.0,OR,off the coast of Oregon,44.611,-129.778,10.0,5.3,mwc,reviewed,us,gcmt,289,7.2,4.960761245674741,-0.553,30.60065743944637,1,0.0,0.0,0.0,0.0,0.0,0.0,0.0,0.0,180724.3,159676.2,159676.2,3595.9,8769.2,26339.5,99398.5,0.02251994974830313,0.0549186416009399,0.16495570410618488,0.6225004102051527,0,0,1,1,56.0,177222.4,180724.3,184842.6,176951.6,180738.2,0.019759917482214406,0.022787749074142313,7.69127339268891e-05,0,1,0
659,usp000fhn5,2007-08-02,2007.0,8.0,AK,"239 km WSW of Adak, Alaska",51.307,-179.971,21.0,6.7,mwc,reviewed,us,gcmt,289,7.2,4.960761245674741,-0.553,30.60065743944637,1,1.0,0.0,0.0,0.0,0.0,0.0,0.0,6.7,50126.7,49456.4,49456.4,374.3,2126.8,1550.0,20713.7,0.007568282365881867,0.04300353442628255,0.031340736487087614,0.4188274924984431,1,1,1,0,85.0,47546.2,50126.7,49926.6,54951.9,53652.0,0.05427352764258763,-0.003991884564513494,0.07032778938170682,0,1,0
660,usp000fhn6,2007-08-02,2007.0,8.0,AK,"240 km WSW of Adak, Alaska",51.09,-179.863,14.9,5.3,mb,reviewed,aeic,us,289,7.2,4.960761245674741,-0.553,30.60065743944637,1,1.0,0.0,0.0,0.0,0.0,0.0,0.0,6.7,50126.7,49456.4,49456.4,374.3,2126.8,1550.0,20713.7,0.007568282365881867,0.04300353442628255,0.031340736487087614,0.4188274924984431,1,0,1,1,61.0,47546.2,50126.7,49926.6,54951.9,53652.0,0.05427352764258763,-0.003991884564513494,0.07032778938170682,0,1,0
661,usp000fhnb,2007-08-02,2007.0,8.0,AK,"244 km WSW of Adak, Alaska",51.019,-179.868,5.3,4.6,mb,reviewed,aeic,us,289,7.2,4.960761245674741,-0.553,30.60065743944637,1,1.0,0.0,0.0,0.0,0.0,0.0,0.0,6.7,50126.7,49456.4,49456.4,374.3,2126.8,1550.0,20713.7,0.007568282365881867,0.04300353442628255,0.031340736487087614,0.4188274924984431,1,0,1,1,54.0,47546.2,50126.7,49926.6,54951.9,53652.0,0.05427352764258763,-0.003991884564513494,0.07032778938170682,0,1,0
662,usp000fhng,2007-08-02,2007.0,8.0,AK,"Andreanof Islands, Aleutian Islands, Alaska",51.723,-173.364,42.2,4.6,mb,reviewed,us,us,289,7.2,4.960761245674741,-0.553,30.60065743944637,1,1.0,0.0,0.0,0.0,0.0,0.0,0.0,6.7,50126.7,49456.4,49456.4,374.3,2126.8,1550.0,20713.7,0.007568282365881867,0.04300353442628255,0.031340736487087614,0.4188274924984431,1,0,1,0,54.0,47546.2,50126.7,49926.6,54951.9,53652.0,0.05427352764258763,-0.003991884564513494,0.07032778938170682,0,1,0
663,usp000fhnj,2007-08-02,2007.0,8.0,AK,"252 km WSW of Adak, Alaska",50.815,-179.836,10.0,4.5,mb,reviewed,us,us,289,7.2,4.960761245674741,-0.553,30.60065743944637,1,1.0,0.0,0.0,0.0,0.0,0.0,0.0,6.7,50126.7,49456.4,49456.4,374.3,2126.8,1550.0,20713.7,0.007568282365881867,0.04300353442628255,0.031340736487087614,0.4188274924984431,1,0,1,1,53.0,47546.2,50126.7,49926.6,54951.9,53652.0,0.05427352764258763,-0.003991884564513494,0.07032778938170682,0,1,0
664,usp000fhpw,2007-08-02,2007.0,8.0,AK,"74 km SE of Atka, Alaska",51.668,-173.523,28.5,4.7,mb,reviewed,us,us,289,7.2,4.960761245674741,-0.553,30.60065743944637,1,1.0,0.0,0.0,0.0,0.0,0.0,0.0,6.7,50126.7,49456.4,49456.4,374.3,2126.8,1550.0,20713.7,0.007568282365881867,0.04300353442628255,0.031340736487087614,0.4188274924984431,1,0,1,0,55.0,47546.2,50126.7,49926.6,54951.9,53652.0,0.05427352764258763,-0.003991884564513494,0.07032778938170682,0,1,0
665,usp000fj47,2007-08-07,2007.0,8.0,AK,"88 km SE of Atka, Alaska",51.639,-173.285,40.6,4.5,mb,reviewed,us,us,289,7.2,4.960761245674741,-0.553,30.60065743944637,1,1.0,0.0,0.0,0.0,0.0,0.0,0.0,6.7,50126.7,49456.4,49456.4,374.3,2126.8,1550.0,20713.7,0.007568282365881867,0.04300353442628255,0.031340736487087614,0.4188274924984431,1,0,1,0,53.0,47546.2,50126.7,49926.6,54951.9,53652.0,0.05427352764258763,-0.003991884564513494,0.07032778938170682,0,1,0
666,usp000fjb4,2007-08-10,2007.0,8.0,AK,"231 km WSW of Adak, Alaska",51.256,-179.827,58.6,5.1,mwc,reviewed,us,gcmt,289,7.2,4.960761245674741,-0.553,30.60065743944637,1,1.0,0.0,0.0,0.0,0.0,0.0,0.0,6.7,50126.7,49456.4,49456.4,374.3,2126.8,1550.0,20713.7,0.007568282365881867,0.04300353442628255,0.031340736487087614,0.4188274924984431,1,0,1,0,59.0,47546.2,50126.7,49926.6,54951.9,53652.0,0.05427352764258763,-0.003991884564513494,0.07032778938170682,0,1,0
667,usp000fjsq,2007-08-15,2007.0,8.0,AK,"184 km SSW of Adak, Alaska",50.322,-177.548,9.0,6.5,mwc,reviewed,us,gcmt,289,7.2,4.960761245674741,-0.553,30.60065743944637,1,1.0,0.0,0.0,0.0,0.0,0.0,0.0,6.7,50126.7,49456.4,49456.4,374.3,2126.8,1550.0,20713.7,0.007568282365881867,0.04300353442628255,0.031340736487087614,0.4188274924984431,1,1,1,1,83.0,47546.2,50126.7,49926.6,54951.9,53652.0,0.05427352764258763,-0.003991884564513494,0.07032778938170682,0,1,0
668,usp000fkaj,2007-08-20,2007.0,8.0,AK,"215 km SE of Akutan, Alaska",52.618,-163.756,22.2,4.5,mb,reviewed,aeic,us,289,7.2,4.960761245674741,-0.553,30.60065743944637,1,1.0,0.0,0.0,0.0,0.0,0.0,0.0,6.7,50126.7,49456.4,49456.4,374.3,2126.8,1550.0,20713.7,0.007568282365881867,0.04300353442628255,0.031340736487087614,0.4188274924984431,1,0,1,0,53.0,47546.2,50126.7,49926.6,54951.9,53652.0,0.05427352764258763,-0.003991884564513494,0.07032778938170682,0,1,0
669,usp000fm23,2007-08-31,2007.0,8.0,AK,"68 km SSW of Atka, Alaska",51.591,-174.419,46.9,4.8,mb,reviewed,aeic,us,289,7.2,4.960761245674741,-0.553,30.60065743944637,1,1.0,0.0,0.0,0.0,0.0,0.0,0.0,6.7,50126.7,49456.4,49456.4,374.3,2126.8,1550.0,20713.7,0.007568282365881867,0.04300353442628255,0.031340736487087614,0.4188274924984431,1,0,1,0,56.0,47546.2,50126.7,49926.6,54951.9,53652.0,0.05427352764258763,-0.003991884564513494,0.07032778938170682,0,1,0
670,usp000fmfe,2007-09-05,2007.0,9.0,AK,"135 km SW of Adak, Alaska",51.147,-178.2,20.9,4.6,mb,reviewed,aeic,us,289,7.2,4.960761245674741,-0.553,30.60065743944637,1,1.0,0.0,0.0,0.0,0.0,0.0,0.0,6.7,50126.7,49456.4,49456.4,374.3,2126.8,1550.0,20713.7,0.007568282365881867,0.04300353442628255,0.031340736487087614,0.4188274924984431,1,0,1,0,54.0,47546.2,50126.7,49926.6,54951.9,53652.0,0.05427352764258763,-0.003991884564513494,0.07032778938170682,0,1,0
671,usp000fmsk,2007-09-09,2007.0,9.0,AK,"156 km SW of Adak, Alaska",51.035,-178.438,10.0,4.6,mb,reviewed,us,us,289,7.2,4.960761245674741,-0.553,30.60065743944637,1,1.0,0.0,0.0,0.0,0.0,0.0,0.0,6.7,50126.7,49456.4,49456.4,374.3,2126.8,1550.0,20713.7,0.007568282365881867,0.04300353442628255,0.031340736487087614,0.4188274924984431,1,0,1,1,54.0,47546.2,50126.7,49926.6,54951.9,53652.0,0.05427352764258763,-0.003991884564513494,0.07032778938170682,0,1,0
672,usp000fnpk,2007-09-19,2007.0,9.0,AK,"190 km SSW of Adak, Alaska",50.258,-177.549,17.1,5.1,mwc,reviewed,us,gcmt,289,7.2,4.960761245674741,-0.553,30.60065743944637,1,1.0,0.0,0.0,0.0,0.0,0.0,0.0,6.7,50126.7,49456.4,49456.4,374.3,2126.8,1550.0,20713.7,0.007568282365881867,0.04300353442628255,0.031340736487087614,0.4188274924984431,1,0,1,1,59.0,47546.2,50126.7,49926.6,54951.9,53652.0,0.05427352764258763,-0.003991884564513494,0.07032778938170682,0,1,0
673,usp000fp15,2007-09-24,2007.0,9.0,AK,"147 km WSW of Adak, Alaska",51.385,-178.612,35.0,4.9,mwc,reviewed,us,gcmt,289,7.2,4.960761245674741,-0.553,30.60065743944637,1,1.0,0.0,0.0,0.0,0.0,0.0,0.0,6.7,50126.7,49456.4,49456.4,374.3,2126.8,1550.0,20713.7,0.007568282365881867,0.04300353442628255,0.031340736487087614,0.4188274924984431,1,0,1,0,57.0,47546.2,50126.7,49926.6,54951.9,53652.0,0.05427352764258763,-0.003991884564513494,0.07032778938170682,0,1,0
674,ak007cn3is3l,2007-10-02,2007.0,10.0,AK,"101 km SSE of King Cove, Alaska",54.2882,-161.4758,25.8,4.5,ml,reviewed,ak,ak,289,7.2,4.960761245674741,-0.553,30.60065743944637,1,1.0,0.0,0.0,0.0,0.0,0.0,0.0,6.7,50126.7,49456.4,49456.4,374.3,2126.8,1550.0,20713.7,0.007568282365881867,0.04300353442628255,0.031340736487087614,0.4188274924984431,1,0,1,0,53.0,47546.2,50126.7,49926.6,54951.9,53652.0,0.05427352764258763,-0.003991884564513494,0.07032778938170682,0,1,0
675,usp000fpqs,2007-10-02,2007.0,10.0,AK,"72 km SSE of King Cove, Alaska",54.511,-161.708,32.0,6.3,mwc,reviewed,us,gcmt,289,7.2,4.960761245674741,-0.553,30.60065743944637,1,1.0,0.0,0.0,0.0,0.0,0.0,0.0,6.7,50126.7,49456.4,49456.4,374.3,2126.8,1550.0,20713.7,0.007568282365881867,0.04300353442628255,0.031340736487087614,0.4188274924984431,1,1,1,0,81.0,47546.2,50126.7,49926.6,54951.9,53652.0,0.05427352764258763,-0.003991884564513494,0.07032778938170682,0,1,0
676,usp000fpqt,2007-10-02,2007.0,10.0,AK,"81 km SSE of King Cove, Alaska",54.417,-161.703,47.3,5.6,mb,reviewed,us,us,289,7.2,4.960761245674741,-0.553,30.60065743944637,1,1.0,0.0,0.0,0.0,0.0,0.0,0.0,6.7,50126.7,49456.4,49456.4,374.3,2126.8,1550.0,20713.7,0.007568282365881867,0.04300353442628255,0.031340736487087614,0.4188274924984431,1,0,1,0,64.0,47546.2,50126.7,49926.6,54951.9,53652.0,0.05427352764258763,-0.003991884564513494,0.07032778938170682,0,1,0
677,usp000fpr6,2007-10-02,2007.0,10.0,AK,Alaska Peninsula,54.332,-161.486,29.3,4.6,ms,reviewed,aeic,us,289,7.2,4.960761245674741,-0.553,30.60065743944637,1,1.0,0.0,0.0,0.0,0.0,0.0,0.0,6.7,50126.7,49456.4,49456.4,374.3,2126.8,1550.0,20713.7,0.007568282365881867,0.04300353442628255,0.031340736487087614,0.4188274924984431,1,0,1,0,54.0,47546.2,50126.7,49926.6,54951.9,53652.0,0.05427352764258763,-0.003991884564513494,0.07032778938170682,0,1,0
678,ak007cohn6mg,2007-10-03,2007.0,10.0,AK,"13 km NNW of Cantwell, Alaska",63.4945,-149.081,10.0,4.9,mb,reviewed,ak,ak,289,7.2,4.960761245674741,-0.553,30.60065743944637,1,1.0,0.0,0.0,0.0,0.0,0.0,0.0,6.7,50126.7,49456.4,49456.4,374.3,2126.8,1550.0,20713.7,0.007568282365881867,0.04300353442628255,0.031340736487087614,0.4188274924984431,1,0,1,1,57.0,47546.2,50126.7,49926.6,54951.9,53652.0,0.05427352764258763,-0.003991884564513494,0.07032778938170682,0,1,0
679,ak007coop60s,2007-10-03,2007.0,10.0,AK,"82 km ENE of Ouzinkie, Alaska",58.2824,-151.2868,45.5,5.2,mw,reviewed,ak,ak,289,7.2,4.960761245674741,-0.553,30.60065743944637,1,1.0,0.0,0.0,0.0,0.0,0.0,0.0,6.7,50126.7,49456.4,49456.4,374.3,2126.8,1550.0,20713.7,0.007568282365881867,0.04300353442628255,0.031340736487087614,0.4188274924984431,1,0,1,0,60.0,47546.2,50126.7,49926.6,54951.9,53652.0,0.05427352764258763,-0.003991884564513494,0.07032778938170682,0,1,0
680,usp000fprq,2007-10-03,2007.0,10.0,AK,"128 km WSW of Adak, Alaska",51.519,-178.402,68.6,5.0,mwc,reviewed,us,gcmt,289,7.2,4.960761245674741,-0.553,30.60065743944637,1,1.0,0.0,0.0,0.0,0.0,0.0,0.0,6.7,50126.7,49456.4,49456.4,374.3,2126.8,1550.0,20713.7,0.007568282365881867,0.04300353442628255,0.031340736487087614,0.4188274924984431,1,0,1,0,58.0,47546.2,50126.7,49926.6,54951.9,53652.0,0.05427352764258763,-0.003991884564513494,0.07032778938170682,0,1,0
681,usp000fpsh,2007-10-03,2007.0,10.0,AK,"79 km ESE of Adak, Alaska",51.675,-175.521,65.3,5.0,mb,reviewed,us,us,289,7.2,4.960761245674741,-0.553,30.60065743944637,1,1.0,0.0,0.0,0.0,0.0,0.0,0.0,6.7,50126.7,49456.4,49456.4,374.3,2126.8,1550.0,20713.7,0.007568282365881867,0.04300353442628255,0.031340736487087614,0.4188274924984431,1,0,1,0,58.0,47546.2,50126.7,49926.6,54951.9,53652.0,0.05427352764258763,-0.003991884564513494,0.07032778938170682,0,1,0
682,ak007cyqd4m5,2007-10-09,2007.0,10.0,AK,"104 km SSE of Old Harbor, Alaska",56.2903,-152.9076,19.3,4.8,mb,reviewed,ak,ak,289,7.2,4.960761245674741,-0.553,30.60065743944637,1,1.0,0.0,0.0,0.0,0.0,0.0,0.0,6.7,50126.7,49456.4,49456.4,374.3,2126.8,1550.0,20713.7,0.007568282365881867,0.04300353442628255,0.031340736487087614,0.4188274924984431,1,0,1,1,56.0,47546.2,50126.7,49926.6,54951.9,53652.0,0.05427352764258763,-0.003991884564513494,0.07032778938170682,0,1,0
683,ak007d01fis7,2007-10-10,2007.0,10.0,AK,"147 km SSE of Old Harbor, Alaska",55.9532,-152.5043,4.2,4.8,mb,reviewed,ak,ak,289,7.2,4.960761245674741,-0.553,30.60065743944637,1,1.0,0.0,0.0,0.0,0.0,0.0,0.0,6.7,50126.7,49456.4,49456.4,374.3,2126.8,1550.0,20713.7,0.007568282365881867,0.04300353442628255,0.031340736487087614,0.4188274924984431,1,0,1,1,56.0,47546.2,50126.7,49926.6,54951.9,53652.0,0.05427352764258763,-0.003991884564513494,0.07032778938170682,0,1,0
684,ak007d58q0m0,2007-10-13,2007.0,10.0,AK,"25 km SW of Skwentna, Alaska",61.831,-151.7471,96.1,5.2,mb,reviewed,ak,ak,289,7.2,4.960761245674741,-0.553,30.60065743944637,1,1.0,0.0,0.0,0.0,0.0,0.0,0.0,6.7,50126.7,49456.4,49456.4,374.3,2126.8,1550.0,20713.7,0.007568282365881867,0.04300353442628255,0.031340736487087614,0.4188274924984431,1,0,0,0,57.0,47546.2,50126.7,49926.6,54951.9,53652.0,0.05427352764258763,-0.003991884564513494,0.07032778938170682,0,1,0
685,usp000fqqd,2007-10-16,2007.0,10.0,AK,"91 km ESE of Adak, Alaska",51.648,-175.364,60.7,4.7,mb,reviewed,us,us,289,7.2,4.960761245674741,-0.553,30.60065743944637,1,1.0,0.0,0.0,0.0,0.0,0.0,0.0,6.7,50126.7,49456.4,49456.4,374.3,2126.8,1550.0,20713.7,0.007568282365881867,0.04300353442628255,0.031340736487087614,0.4188274924984431,1,0,1,0,55.0,47546.2,50126.7,49926.6,54951.9,53652.0,0.05427352764258763,-0.003991884564513494,0.07032778938170682,0,1,0
686,usp000frac,2007-10-26,2007.0,10.0,AK,"155 km SSE of King Cove, Alaska",53.885,-161.023,30.0,4.9,mb,reviewed,us,us,289,7.2,4.960761245674741,-0.553,30.60065743944637,1,1.0,0.0,0.0,0.0,0.0,0.0,0.0,6.7,50126.7,49456.4,49456.4,374.3,2126.8,1550.0,20713.7,0.007568282365881867,0.04300353442628255,0.031340736487087614,0.4188274924984431,1,0,1,0,57.0,47546.2,50126.7,49926.6,54951.9,53652.0,0.05427352764258763,-0.003991884564513494,0.07032778938170682,0,1,0
687,usp000frm9,2007-10-30,2007.0,10.0,AK,"180 km WSW of Nikolski, Alaska",52.305,-171.313,50.7,4.7,mb,reviewed,us,us,289,7.2,4.960761245674741,-0.553,30.60065743944637,1,1.0,0.0,0.0,0.0,0.0,0.0,0.0,6.7,50126.7,49456.4,49456.4,374.3,2126.8,1550.0,20713.7,0.007568282365881867,0.04300353442628255,0.031340736487087614,0.4188274924984431,1,0,1,0,55.0,47546.2,50126.7,49926.6,54951.9,53652.0,0.05427352764258763,-0.003991884564513494,0.07032778938170682,0,1,0
688,usp000frpp,2007-10-31,2007.0,10.0,AK,"131 km WSW of Adak, Alaska",51.418,-178.38,28.0,6.0,mwc,reviewed,us,gcmt,289,7.2,4.960761245674741,-0.553,30.60065743944637,1,1.0,0.0,0.0,0.0,0.0,0.0,0.0,6.7,50126.7,49456.4,49456.4,374.3,2126.8,1550.0,20713.7,0.007568282365881867,0.04300353442628255,0.031340736487087614,0.4188274924984431,1,1,1,0,78.0,47546.2,50126.7,49926.6,54951.9,53652.0,0.05427352764258763,-0.003991884564513494,0.07032778938170682,0,1,0
689,usp000fs04,2007-11-05,2007.0,11.0,AK,"136 km SSW of Nikolski, Alaska",51.926,-169.982,10.0,4.5,mb,reviewed,us,us,289,7.2,4.960761245674741,-0.553,30.60065743944637,1,1.0,0.0,0.0,0.0,0.0,0.0,0.0,6.7,50126.7,49456.4,49456.4,374.3,2126.8,1550.0,20713.7,0.007568282365881867,0.04300353442628255,0.031340736487087614,0.4188274924984431,1,0,1,1,53.0,47546.2,50126.7,49926.6,54951.9,53652.0,0.05427352764258763,-0.003991884564513494,0.07032778938170682,0,1,0
690,usp000fs2h,2007-11-06,2007.0,11.0,AK,"183 km SSW of Adak, Alaska",50.294,-177.399,30.0,4.9,mwc,reviewed,us,gcmt,289,7.2,4.960761245674741,-0.553,30.60065743944637,1,1.0,0.0,0.0,0.0,0.0,0.0,0.0,6.7,50126.7,49456.4,49456.4,374.3,2126.8,1550.0,20713.7,0.007568282365881867,0.04300353442628255,0.031340736487087614,0.4188274924984431,1,0,1,0,57.0,47546.2,50126.7,49926.6,54951.9,53652.0,0.05427352764258763,-0.003991884564513494,0.07032778938170682,0,1,0
691,usp000fsq3,2007-11-16,2007.0,11.0,AK,"185 km SSW of Adak, Alaska",50.335,-177.647,35.0,4.6,mb,reviewed,us,us,289,7.2,4.960761245674741,-0.553,30.60065743944637,1,1.0,0.0,0.0,0.0,0.0,0.0,0.0,6.7,50126.7,49456.4,49456.4,374.3,2126.8,1550.0,20713.7,0.007568282365881867,0.04300353442628255,0.031340736487087614,0.4188274924984431,1,0,1,0,54.0,47546.2,50126.7,49926.6,54951.9,53652.0,0.05427352764258763,-0.003991884564513494,0.07032778938170682,0,1,0
692,usp000fsx6,2007-11-19,2007.0,11.0,OR,"248 km W of Bandon, Oregon",43.542,-127.414,10.0,5.8,mwc,reviewed,us,gcmt,289,7.2,4.960761245674741,-0.553,30.60065743944637,1,0.0,0.0,0.0,0.0,0.0,0.0,0.0,0.0,180724.3,159676.2,159676.2,3595.9,8769.2,26339.5,99398.5,0.02251994974830313,0.0549186416009399,0.16495570410618488,0.6225004102051527,0,0,1,1,61.0,177222.4,180724.3,184842.6,176951.6,180738.2,0.019759917482214406,0.022787749074142313,7.69127339268891e-05,0,1,0
693,usp000ft2m,2007-11-22,2007.0,11.0,AK,"232 km WSW of Adak, Alaska",51.172,-179.796,46.7,5.4,mb,reviewed,us,us,289,7.2,4.960761245674741,-0.553,30.60065743944637,1,1.0,0.0,0.0,0.0,0.0,0.0,0.0,6.7,50126.7,49456.4,49456.4,374.3,2126.8,1550.0,20713.7,0.007568282365881867,0.04300353442628255,0.031340736487087614,0.4188274924984431,1,0,1,0,62.0,47546.2,50126.7,49926.6,54951.9,53652.0,0.05427352764258763,-0.003991884564513494,0.07032778938170682,0,1,0
694,ak007fb37z26,2007-11-29,2007.0,11.0,AK,"71 km ESE of Chalkyitsik, Alaska",66.4381,-142.202,5.9,4.6,mw,reviewed,ak,ak,289,7.2,4.960761245674741,-0.553,30.60065743944637,1,1.0,0.0,0.0,0.0,0.0,0.0,0.0,6.7,50126.7,49456.4,49456.4,374.3,2126.8,1550.0,20713.7,0.007568282365881867,0.04300353442628255,0.031340736487087614,0.4188274924984431,1,0,1,1,54.0,47546.2,50126.7,49926.6,54951.9,53652.0,0.05427352764258763,-0.003991884564513494,0.07032778938170682,0,1,0
695,usp000ftk7,2007-11-30,2007.0,11.0,AK,"88 km SSE of False Pass, Alaska",54.081,-163.066,44.5,4.9,mb,reviewed,us,us,289,7.2,4.960761245674741,-0.553,30.60065743944637,1,1.0,0.0,0.0,0.0,0.0,0.0,0.0,6.7,50126.7,49456.4,49456.4,374.3,2126.8,1550.0,20713.7,0.007568282365881867,0.04300353442628255,0.031340736487087614,0.4188274924984431,1,0,1,0,57.0,47546.2,50126.7,49926.6,54951.9,53652.0,0.05427352764258763,-0.003991884564513494,0.07032778938170682,0,1,0
696,usp000fu4j,2007-12-09,2007.0,12.0,AK,"22 km SSE of Adak, Alaska",51.698,-176.487,57.8,4.5,mb,reviewed,us,us,289,7.2,4.960761245674741,-0.553,30.60065743944637,1,1.0,0.0,0.0,0.0,0.0,0.0,0.0,6.7,50126.7,49456.4,49456.4,374.3,2126.8,1550.0,20713.7,0.007568282365881867,0.04300353442628255,0.031340736487087614,0.4188274924984431,1,0,1,0,53.0,47546.2,50126.7,49926.6,54951.9,53652.0,0.05427352764258763,-0.003991884564513494,0.07032778938170682,0,1,0
697,ak007g8017ck,2007-12-19,2007.0,12.0,AK,"161 km WSW of Adak, Alaska",51.1578,-178.6619,20.5,4.6,ml,reviewed,ak,ak,289,7.2,4.960761245674741,-0.553,30.60065743944637,1,1.0,0.0,0.0,0.0,0.0,0.0,0.0,6.7,50126.7,49456.4,49456.4,374.3,2126.8,1550.0,20713.7,0.007568282365881867,0.04300353442628255,0.031340736487087614,0.4188274924984431,1,0,1,0,54.0,47546.2,50126.7,49926.6,54951.9,53652.0,0.05427352764258763,-0.003991884564513494,0.07032778938170682,0,1,0
698,usp000fusg,2007-12-19,2007.0,12.0,AK,"211 km WSW of Adak, Alaska",51.021,-179.349,15.9,5.6,mb,reviewed,us,us,289,7.2,4.960761245674741,-0.553,30.60065743944637,1,1.0,0.0,0.0,0.0,0.0,0.0,0.0,6.7,50126.7,49456.4,49456.4,374.3,2126.8,1550.0,20713.7,0.007568282365881867,0.04300353442628255,0.031340736487087614,0.4188274924984431,1,0,1,1,64.0,47546.2,50126.7,49926.6,54951.9,53652.0,0.05427352764258763,-0.003991884564513494,0.07032778938170682,0,1,0
699,usp000fusj,2007-12-19,2007.0,12.0,AK,"202 km WSW of Adak, Alaska",51.083,-179.254,47.0,5.4,mb,reviewed,us,us,289,7.2,4.960761245674741,-0.553,30.60065743944637,1,1.0,0.0,0.0,0.0,0.0,0.0,0.0,6.7,50126.7,49456.4,49456.4,374.3,2126.8,1550.0,20713.7,0.007568282365881867,0.04300353442628255,0.031340736487087614,0.4188274924984431,1,0,1,0,62.0,47546.2,50126.7,49926.6,54951.9,53652.0,0.05427352764258763,-0.003991884564513494,0.07032778938170682,0,1,0
700,usp000fusn,2007-12-19,2007.0,12.0,AK,"200 km WSW of Adak, Alaska",51.106,-179.245,30.0,4.9,mb,reviewed,us,us,289,7.2,4.960761245674741,-0.553,30.60065743944637,1,1.0,0.0,0.0,0.0,0.0,0.0,0.0,6.7,50126.7,49456.4,49456.4,374.3,2126.8,1550.0,20713.7,0.007568282365881867,0.04300353442628255,0.031340736487087614,0.4188274924984431,1,0,1,0,57.0,47546.2,50126.7,49926.6,54951.9,53652.0,0.05427352764258763,-0.003991884564513494,0.07032778938170682,0,1,0
701,usp000fusr,2007-12-19,2007.0,12.0,AK,"208 km WSW of Adak, Alaska",51.079,-179.346,30.0,4.9,mb,reviewed,us,us,289,7.2,4.960761245674741,-0.553,30.60065743944637,1,1.0,0.0,0.0,0.0,0.0,0.0,0.0,6.7,50126.7,49456.4,49456.4,374.3,2126.8,1550.0,20713.7,0.007568282365881867,0.04300353442628255,0.031340736487087614,0.4188274924984431,1,0,1,0,57.0,47546.2,50126.7,49926.6,54951.9,53652.0,0.05427352764258763,-0.003991884564513494,0.07032778938170682,0,1,0
702,usp000fusv,2007-12-19,2007.0,12.0,AK,"189 km WSW of Adak, Alaska",51.116,-179.075,30.0,5.3,mb,reviewed,us,us,289,7.2,4.960761245674741,-0.553,30.60065743944637,1,1.0,0.0,0.0,0.0,0.0,0.0,0.0,6.7,50126.7,49456.4,49456.4,374.3,2126.8,1550.0,20713.7,0.007568282365881867,0.04300353442628255,0.031340736487087614,0.4188274924984431,1,0,1,0,61.0,47546.2,50126.7,49926.6,54951.9,53652.0,0.05427352764258763,-0.003991884564513494,0.07032778938170682,0,1,0
703,usp000fusw,2007-12-19,2007.0,12.0,AK,"206 km WSW of Adak, Alaska",51.345,-179.493,30.0,5.5,mb,reviewed,us,us,289,7.2,4.960761245674741,-0.553,30.60065743944637,1,1.0,0.0,0.0,0.0,0.0,0.0,0.0,6.7,50126.7,49456.4,49456.4,374.3,2126.8,1550.0,20713.7,0.007568282365881867,0.04300353442628255,0.031340736487087614,0.4188274924984431,1,0,1,0,63.0,47546.2,50126.7,49926.6,54951.9,53652.0,0.05427352764258763,-0.003991884564513494,0.07032778938170682,0,1,0
704,usp000futb,2007-12-19,2007.0,12.0,AK,"206 km WSW of Adak, Alaska",51.116,-179.354,12.4,5.4,mb,reviewed,us,us,289,7.2,4.960761245674741,-0.553,30.60065743944637,1,1.0,0.0,0.0,0.0,0.0,0.0,0.0,6.7,50126.7,49456.4,49456.4,374.3,2126.8,1550.0,20713.7,0.007568282365881867,0.04300353442628255,0.031340736487087614,0.4188274924984431,1,0,1,1,62.0,47546.2,50126.7,49926.6,54951.9,53652.0,0.05427352764258763,-0.003991884564513494,0.07032778938170682,0,1,0
705,usp000futc,2007-12-19,2007.0,12.0,AK,"210 km WSW of Adak, Alaska",50.947,-179.266,30.0,4.7,mb,reviewed,us,us,289,7.2,4.960761245674741,-0.553,30.60065743944637,1,1.0,0.0,0.0,0.0,0.0,0.0,0.0,6.7,50126.7,49456.4,49456.4,374.3,2126.8,1550.0,20713.7,0.007568282365881867,0.04300353442628255,0.031340736487087614,0.4188274924984431,1,0,1,0,55.0,47546.2,50126.7,49926.6,54951.9,53652.0,0.05427352764258763,-0.003991884564513494,0.07032778938170682,0,1,0
706,usp000fute,2007-12-19,2007.0,12.0,AK,"199 km WSW of Adak, Alaska",51.012,-179.156,56.3,4.6,mb,reviewed,us,us,289,7.2,4.960761245674741,-0.553,30.60065743944637,1,1.0,0.0,0.0,0.0,0.0,0.0,0.0,6.7,50126.7,49456.4,49456.4,374.3,2126.8,1550.0,20713.7,0.007568282365881867,0.04300353442628255,0.031340736487087614,0.4188274924984431,1,0,1,0,54.0,47546.2,50126.7,49926.6,54951.9,53652.0,0.05427352764258763,-0.003991884564513494,0.07032778938170682,0,1,0
707,usp000futp,2007-12-19,2007.0,12.0,AK,"200 km WSW of Adak, Alaska",51.107,-179.247,54.2,4.8,mb,reviewed,us,us,289,7.2,4.960761245674741,-0.553,30.60065743944637,1,1.0,0.0,0.0,0.0,0.0,0.0,0.0,6.7,50126.7,49456.4,49456.4,374.3,2126.8,1550.0,20713.7,0.007568282365881867,0.04300353442628255,0.031340736487087614,0.4188274924984431,1,0,1,0,56.0,47546.2,50126.7,49926.6,54951.9,53652.0,0.05427352764258763,-0.003991884564513494,0.07032778938170682,0,1,0
708,usp000fuuc,2007-12-19,2007.0,12.0,AK,"202 km WSW of Adak, Alaska",51.032,-179.214,19.7,4.7,mb,reviewed,aeic,us,289,7.2,4.960761245674741,-0.553,30.60065743944637,1,1.0,0.0,0.0,0.0,0.0,0.0,0.0,6.7,50126.7,49456.4,49456.4,374.3,2126.8,1550.0,20713.7,0.007568282365881867,0.04300353442628255,0.031340736487087614,0.4188274924984431,1,0,1,1,55.0,47546.2,50126.7,49926.6,54951.9,53652.0,0.05427352764258763,-0.003991884564513494,0.07032778938170682,0,1,0
709,usp000fuwp,2007-12-20,2007.0,12.0,AK,"183 km WSW of Adak, Alaska",51.204,-179.046,49.0,4.9,mwc,reviewed,us,gcmt,289,7.2,4.960761245674741,-0.553,30.60065743944637,1,1.0,0.0,0.0,0.0,0.0,0.0,0.0,6.7,50126.7,49456.4,49456.4,374.3,2126.8,1550.0,20713.7,0.007568282365881867,0.04300353442628255,0.031340736487087614,0.4188274924984431,1,0,1,0,57.0,47546.2,50126.7,49926.6,54951.9,53652.0,0.05427352764258763,-0.003991884564513494,0.07032778938170682,0,1,0
710,usp000fuxv,2007-12-21,2007.0,12.0,AK,"171 km WSW of Adak, Alaska",51.366,-178.979,25.0,6.3,mwc,reviewed,us,gcmt,289,7.2,4.960761245674741,-0.553,30.60065743944637,1,1.0,0.0,0.0,0.0,0.0,0.0,0.0,6.7,50126.7,49456.4,49456.4,374.3,2126.8,1550.0,20713.7,0.007568282365881867,0.04300353442628255,0.031340736487087614,0.4188274924984431,1,1,1,0,81.0,47546.2,50126.7,49926.6,54951.9,53652.0,0.05427352764258763,-0.003991884564513494,0.07032778938170682,0,1,0
711,usp000fv3x,2007-12-23,2007.0,12.0,AK,"110 km SE of Akutan, Alaska",53.39,-164.657,24.7,4.8,mb,reviewed,us,us,289,7.2,4.960761245674741,-0.553,30.60065743944637,1,1.0,0.0,0.0,0.0,0.0,0.0,0.0,6.7,50126.7,49456.4,49456.4,374.3,2126.8,1550.0,20713.7,0.007568282365881867,0.04300353442628255,0.031340736487087614,0.4188274924984431,1,0,1,0,56.0,47546.2,50126.7,49926.6,54951.9,53652.0,0.05427352764258763,-0.003991884564513494,0.07032778938170682,0,1,0
712,usp000fvae,2007-12-26,2007.0,12.0,AK,"69 km SE of Nikolski, Alaska",52.461,-168.197,37.0,5.2,mb,reviewed,us,us,289,7.2,4.960761245674741,-0.553,30.60065743944637,1,1.0,0.0,0.0,0.0,0.0,0.0,0.0,6.7,50126.7,49456.4,49456.4,374.3,2126.8,1550.0,20713.7,0.007568282365881867,0.04300353442628255,0.031340736487087614,0.4188274924984431,1,0,1,0,60.0,47546.2,50126.7,49926.6,54951.9,53652.0,0.05427352764258763,-0.003991884564513494,0.07032778938170682,0,1,0
713,usp000fvaj,2007-12-26,2007.0,12.0,AK,"83 km SE of Nikolski, Alaska",52.362,-168.07,18.2,4.7,mb,reviewed,us,us,289,7.2,4.960761245674741,-0.553,30.60065743944637,1,1.0,0.0,0.0,0.0,0.0,0.0,0.0,6.7,50126.7,49456.4,49456.4,374.3,2126.8,1550.0,20713.7,0.007568282365881867,0.04300353442628255,0.031340736487087614,0.4188274924984431,1,0,1,1,55.0,47546.2,50126.7,49926.6,54951.9,53652.0,0.05427352764258763,-0.003991884564513494,0.07032778938170682,0,1,0
714,usp000fvan,2007-12-26,2007.0,12.0,AK,"78 km SE of Nikolski, Alaska",52.392,-168.139,22.9,4.5,mb,reviewed,us,us,289,7.2,4.960761245674741,-0.553,30.60065743944637,1,1.0,0.0,0.0,0.0,0.0,0.0,0.0,6.7,50126.7,49456.4,49456.4,374.3,2126.8,1550.0,20713.7,0.007568282365881867,0.04300353442628255,0.031340736487087614,0.4188274924984431,1,0,1,0,53.0,47546.2,50126.7,49926.6,54951.9,53652.0,0.05427352764258763,-0.003991884564513494,0.07032778938170682,0,1,0
715,usp000fvar,2007-12-26,2007.0,12.0,AK,"85 km SSE of Nikolski, Alaska",52.251,-168.294,24.6,4.7,mb,reviewed,us,us,289,7.2,4.960761245674741,-0.553,30.60065743944637,1,1.0,0.0,0.0,0.0,0.0,0.0,0.0,6.7,50126.7,49456.4,49456.4,374.3,2126.8,1550.0,20713.7,0.007568282365881867,0.04300353442628255,0.031340736487087614,0.4188274924984431,1,0,1,0,55.0,47546.2,50126.7,49926.6,54951.9,53652.0,0.05427352764258763,-0.003991884564513494,0.07032778938170682,0,1,0
716,usp000fvat,2007-12-26,2007.0,12.0,AK,"79 km SSE of Nikolski, Alaska",52.299,-168.327,31.1,4.8,mb,reviewed,us,us,289,7.2,4.960761245674741,-0.553,30.60065743944637,1,1.0,0.0,0.0,0.0,0.0,0.0,0.0,6.7,50126.7,49456.4,49456.4,374.3,2126.8,1550.0,20713.7,0.007568282365881867,0.04300353442628255,0.031340736487087614,0.4188274924984431,1,0,1,0,56.0,47546.2,50126.7,49926.6,54951.9,53652.0,0.05427352764258763,-0.003991884564513494,0.07032778938170682,0,1,0
717,usp000fvct,2007-12-27,2007.0,12.0,AK,"78 km SSE of Nikolski, Alaska",52.288,-168.424,10.0,5.2,mb,reviewed,us,us,289,7.2,4.960761245674741,-0.553,30.60065743944637,1,1.0,0.0,0.0,0.0,0.0,0.0,0.0,6.7,50126.7,49456.4,49456.4,374.3,2126.8,1550.0,20713.7,0.007568282365881867,0.04300353442628255,0.031340736487087614,0.4188274924984431,1,0,1,1,60.0,47546.2,50126.7,49926.6,54951.9,53652.0,0.05427352764258763,-0.003991884564513494,0.07032778938170682,0,1,0
718,usp000fvcu,2007-12-27,2007.0,12.0,AK,"69 km SSE of Nikolski, Alaska",52.385,-168.381,32.1,4.5,mb,reviewed,us,us,289,7.2,4.960761245674741,-0.553,30.60065743944637,1,1.0,0.0,0.0,0.0,0.0,0.0,0.0,6.7,50126.7,49456.4,49456.4,374.3,2126.8,1550.0,20713.7,0.007568282365881867,0.04300353442628255,0.031340736487087614,0.4188274924984431,1,0,1,0,53.0,47546.2,50126.7,49926.6,54951.9,53652.0,0.05427352764258763,-0.003991884564513494,0.07032778938170682,0,1,0
719,usp000fvfv,2007-12-28,2007.0,12.0,AK,"77 km SSE of Nikolski, Alaska",52.327,-168.312,31.9,4.6,mb,reviewed,us,us,289,7.2,4.960761245674741,-0.553,30.60065743944637,1,1.0,0.0,0.0,0.0,0.0,0.0,0.0,6.7,50126.7,49456.4,49456.4,374.3,2126.8,1550.0,20713.7,0.007568282365881867,0.04300353442628255,0.031340736487087614,0.4188274924984431,1,0,1,0,54.0,47546.2,50126.7,49926.6,54951.9,53652.0,0.05427352764258763,-0.003991884564513494,0.07032778938170682,0,1,0
720,usp000fvkw,2007-12-29,2007.0,12.0,AK,"94 km SSE of Nikolski, Alaska",52.21,-168.149,15.8,5.9,mwc,reviewed,aeic,gcmt,289,7.2,4.960761245674741,-0.553,30.60065743944637,1,1.0,0.0,0.0,0.0,0.0,0.0,0.0,6.7,50126.7,49456.4,49456.4,374.3,2126.8,1550.0,20713.7,0.007568282365881867,0.04300353442628255,0.031340736487087614,0.4188274924984431,1,0,1,1,67.0,47546.2,50126.7,49926.6,54951.9,53652.0,0.05427352764258763,-0.003991884564513494,0.07032778938170682,0,1,0
721,usp000fvkx,2007-12-29,2007.0,12.0,AK,"69 km SSE of Nikolski, Alaska",52.373,-168.444,29.1,5.1,mb,reviewed,us,us,289,7.2,4.960761245674741,-0.553,30.60065743944637,1,1.0,0.0,0.0,0.0,0.0,0.0,0.0,6.7,50126.7,49456.4,49456.4,374.3,2126.8,1550.0,20713.7,0.007568282365881867,0.04300353442628255,0.031340736487087614,0.4188274924984431,1,0,1,0,59.0,47546.2,50126.7,49926.6,54951.9,53652.0,0.05427352764258763,-0.003991884564513494,0.07032778938170682,0,1,0
722,usp000fvyk,2008-01-04,2008.0,1.0,AK,"140 km SW of Nikolski, Alaska",51.923,-170.1,35.0,5.0,mwc,reviewed,us,gcmt,289,6.6,4.937370242214533,-1.668,29.37339100346021,1,0.0,0.0,0.0,0.0,0.0,0.0,0.0,0.0,49926.6,55246.7,55246.7,446.4,2068.3,1479.9,22317.4,0.008080120622589223,0.03743753020542404,0.0267871203166886,0.4039589694950106,0,0,1,0,53.0,50126.7,49926.6,54951.9,53652.0,54045.5,-0.003991884564513494,0.10065375971926795,0.08249910869155924,1,1,1
723,usp000fw0q,2008-01-05,2008.0,1.0,AK,"74 km SSE of Nikolski, Alaska",52.289,-168.571,26.6,4.7,mb,reviewed,us,us,289,6.6,4.937370242214533,-1.668,29.37339100346021,1,0.0,0.0,0.0,0.0,0.0,0.0,0.0,0.0,49926.6,55246.7,55246.7,446.4,2068.3,1479.9,22317.4,0.008080120622589223,0.03743753020542404,0.0267871203166886,0.4039589694950106,0,0,1,0,50.0,50126.7,49926.6,54951.9,53652.0,54045.5,-0.003991884564513494,0.10065375971926795,0.08249910869155924,1,1,1
724,usp000fwmf,2008-01-13,2008.0,1.0,AK,"175 km WSW of Adak, Alaska",51.336,-179.019,59.8,4.7,mb,reviewed,us,us,289,6.6,4.937370242214533,-1.668,29.37339100346021,1,0.0,0.0,0.0,0.0,0.0,0.0,0.0,0.0,49926.6,55246.7,55246.7,446.4,2068.3,1479.9,22317.4,0.008080120622589223,0.03743753020542404,0.0267871203166886,0.4039589694950106,0,0,1,0,50.0,50126.7,49926.6,54951.9,53652.0,54045.5,-0.003991884564513494,0.10065375971926795,0.08249910869155924,1,1,1
725,usp000fwqm,2008-01-14,2008.0,1.0,AK,"132 km WSW of Adak, Alaska",51.421,-178.41,61.4,4.5,mb,reviewed,us,us,289,6.6,4.937370242214533,-1.668,29.37339100346021,1,0.0,0.0,0.0,0.0,0.0,0.0,0.0,0.0,49926.6,55246.7,55246.7,446.4,2068.3,1479.9,22317.4,0.008080120622589223,0.03743753020542404,0.0267871203166886,0.4039589694950106,0,0,1,0,48.0,50126.7,49926.6,54951.9,53652.0,54045.5,-0.003991884564513494,0.10065375971926795,0.08249910869155924,1,1,1
726,usp000fwyb,2008-01-18,2008.0,1.0,AK,"173 km WSW of Adak, Alaska",51.235,-178.922,28.7,5.0,mwc,reviewed,us,gcmt,289,6.6,4.937370242214533,-1.668,29.37339100346021,1,0.0,0.0,0.0,0.0,0.0,0.0,0.0,0.0,49926.6,55246.7,55246.7,446.4,2068.3,1479.9,22317.4,0.008080120622589223,0.03743753020542404,0.0267871203166886,0.4039589694950106,0,0,1,0,53.0,50126.7,49926.6,54951.9,53652.0,54045.5,-0.003991884564513494,0.10065375971926795,0.08249910869155924,1,1,1
727,nc51194914,2008-01-19,2008.0,1.0,CA,"34 km WNW of Rancho Tehama Reserve, California",40.1671667,-122.7593333,10.169,4.5,mw,reviewed,nc,nc,289,6.6,4.937370242214533,-1.668,29.37339100346021,1,1.0,0.0,8.0,0.0,0.0,0.0,6.0,5.4,2192331.8,1946241.5,1946241.5,25708.1,76888.0,245014.2,1318259.1,0.013209100720542644,0.03950588865770255,0.12589095443705214,0.6773358290839036,1,0,1,1,53.0,2168940.4,2192331.8,2110679.4,2153852.8,2192887.2,0.010784713125358312,-0.037244544826654395,0.0002533375650530511,0,1,0
728,usp000fxfd,2008-01-25,2008.0,1.0,AK,"79 km SE of Nikolski, Alaska",52.367,-168.155,26.1,4.6,mb,reviewed,us,us,289,6.6,4.937370242214533,-1.668,29.37339100346021,1,0.0,0.0,0.0,0.0,0.0,0.0,0.0,0.0,49926.6,55246.7,55246.7,446.4,2068.3,1479.9,22317.4,0.008080120622589223,0.03743753020542404,0.0267871203166886,0.4039589694950106,0,0,1,0,49.0,50126.7,49926.6,54951.9,53652.0,54045.5,-0.003991884564513494,0.10065375971926795,0.08249910869155924,1,1,1
729,usp000fxwa,2008-02-01,2008.0,2.0,AK,"282 km SSW of Nikolski, Alaska",50.698,-170.792,10.0,4.8,mb,reviewed,us,us,289,6.6,4.937370242214533,-1.668,29.37339100346021,1,0.0,0.0,0.0,0.0,0.0,0.0,0.0,0.0,49926.6,55246.7,55246.7,446.4,2068.3,1479.9,22317.4,0.008080120622589223,0.03743753020542404,0.0267871203166886,0.4039589694950106,0,0,1,1,51.0,50126.7,49926.6,54951.9,53652.0,54045.5,-0.003991884564513494,0.10065375971926795,0.08249910869155924,1,1,1
730,usp000fyg7,2008-02-09,2008.0,2.0,AK,"98 km E of Nikolski, Alaska",52.884,-167.397,25.5,4.9,mwc,reviewed,aeic,gcmt,289,6.6,4.937370242214533,-1.668,29.37339100346021,1,0.0,0.0,0.0,0.0,0.0,0.0,0.0,0.0,49926.6,55246.7,55246.7,446.4,2068.3,1479.9,22317.4,0.008080120622589223,0.03743753020542404,0.0267871203166886,0.4039589694950106,0,0,1,0,52.0,50126.7,49926.6,54951.9,53652.0,54045.5,-0.003991884564513494,0.10065375971926795,0.08249910869155924,1,1,1
731,usp000fyx2,2008-02-14,2008.0,2.0,AK,"93 km SSW of Adak, Alaska",51.128,-177.251,58.9,4.6,mb,reviewed,us,us,289,6.6,4.937370242214533,-1.668,29.37339100346021,1,0.0,0.0,0.0,0.0,0.0,0.0,0.0,0.0,49926.6,55246.7,55246.7,446.4,2068.3,1479.9,22317.4,0.008080120622589223,0.03743753020542404,0.0267871203166886,0.4039589694950106,0,0,1,0,49.0,50126.7,49926.6,54951.9,53652.0,54045.5,-0.003991884564513494,0.10065375971926795,0.08249910869155924,1,1,1
732,nn00234666,2008-02-21,2008.0,2.0,NV,"4 km NE of Wells, Nevada",41.1463,-114.9313,13.2,4.6,mw,reviewed,nn,nn,289,6.6,4.937370242214533,-1.668,29.37339100346021,1,2.0,0.0,3.0,8.385,3.0,720.0,8.0,6.0,152745.6,130570.9,130570.9,288.0,10729.7,6167.1,95496.4,0.0022056982068745794,0.0821752779524381,0.04723181045700076,0.731375827232561,1,0,1,1,54.0,157734.3,152745.6,140304.3,142614.2,144341.2,-0.03162723643494143,-0.08145111872289622,-0.05502220685898641,4,0,>3
733,nn00235990,2008-02-21,2008.0,2.0,NV,"5 km E of Wells, Nevada",41.1165,-114.9011,6.8,4.6,ml,reviewed,nn,nn,289,6.6,4.937370242214533,-1.668,29.37339100346021,1,2.0,0.0,3.0,8.385,3.0,720.0,8.0,6.0,152745.6,130570.9,130570.9,288.0,10729.7,6167.1,95496.4,0.0022056982068745794,0.0821752779524381,0.04723181045700076,0.731375827232561,1,0,1,1,54.0,157734.3,152745.6,140304.3,142614.2,144341.2,-0.03162723643494143,-0.08145111872289622,-0.05502220685898641,4,0,>3
734,nn00517570,2008-02-21,2008.0,2.0,NV,"10 km ENE of Wells, Nevada",41.137,-114.8398,0.0,5.1,ml,reviewed,nn,nn,289,6.6,4.937370242214533,-1.668,29.37339100346021,1,2.0,0.0,3.0,8.385,3.0,720.0,8.0,6.0,152745.6,130570.9,130570.9,288.0,10729.7,6167.1,95496.4,0.0022056982068745794,0.0821752779524381,0.04723181045700076,0.731375827232561,1,0,1,1,59.0,157734.3,152745.6,140304.3,142614.2,144341.2,-0.03162723643494143,-0.08145111872289622,-0.05502220685898641,4,0,>3
735,usp000fzkj,2008-02-21,2008.0,2.0,AK,"111 km SSW of Adak, Alaska",50.925,-177.158,15.6,5.4,mwc,reviewed,aeic,gcmt,289,6.6,4.937370242214533,-1.668,29.37339100346021,1,0.0,0.0,0.0,0.0,0.0,0.0,0.0,0.0,49926.6,55246.7,55246.7,446.4,2068.3,1479.9,22317.4,0.008080120622589223,0.03743753020542404,0.0267871203166886,0.4039589694950106,0,0,1,1,57.0,50126.7,49926.6,54951.9,53652.0,54045.5,-0.003991884564513494,0.10065375971926795,0.08249910869155924,1,1,1
736,nn00235053,2008-02-22,2008.0,2.0,NV,"4 km ENE of Wells, Nevada",41.1279,-114.9215,11.0,4.8,ml,reviewed,nn,nn,289,6.6,4.937370242214533,-1.668,29.37339100346021,1,2.0,0.0,3.0,8.385,3.0,720.0,8.0,6.0,152745.6,130570.9,130570.9,288.0,10729.7,6167.1,95496.4,0.0022056982068745794,0.0821752779524381,0.04723181045700076,0.731375827232561,1,0,1,1,56.0,157734.3,152745.6,140304.3,142614.2,144341.2,-0.03162723643494143,-0.08145111872289622,-0.05502220685898641,4,0,>3
737,usp000fzkp,2008-02-22,2008.0,2.0,AK,"92 km SSW of Adak, Alaska",51.121,-177.212,40.5,4.7,mb,reviewed,us,us,289,6.6,4.937370242214533,-1.668,29.37339100346021,1,0.0,0.0,0.0,0.0,0.0,0.0,0.0,0.0,49926.6,55246.7,55246.7,446.4,2068.3,1479.9,22317.4,0.008080120622589223,0.03743753020542404,0.0267871203166886,0.4039589694950106,0,0,1,0,50.0,50126.7,49926.6,54951.9,53652.0,54045.5,-0.003991884564513494,0.10065375971926795,0.08249910869155924,1,1,1
738,usp000g07y,2008-02-28,2008.0,2.0,AK,"155 km S of False Pass, Alaska",53.459,-163.371,14.3,4.8,mb,reviewed,aeic,us,289,6.6,4.937370242214533,-1.668,29.37339100346021,1,0.0,0.0,0.0,0.0,0.0,0.0,0.0,0.0,49926.6,55246.7,55246.7,446.4,2068.3,1479.9,22317.4,0.008080120622589223,0.03743753020542404,0.0267871203166886,0.4039589694950106,0,0,1,1,51.0,50126.7,49926.6,54951.9,53652.0,54045.5,-0.003991884564513494,0.10065375971926795,0.08249910869155924,1,1,1
739,usp000g09v,2008-02-29,2008.0,2.0,AK,"60 km SSE of Akutan, Alaska",53.606,-165.55,48.6,4.8,mb,reviewed,us,us,289,6.6,4.937370242214533,-1.668,29.37339100346021,1,0.0,0.0,0.0,0.0,0.0,0.0,0.0,0.0,49926.6,55246.7,55246.7,446.4,2068.3,1479.9,22317.4,0.008080120622589223,0.03743753020542404,0.0267871203166886,0.4039589694950106,0,0,1,0,51.0,50126.7,49926.6,54951.9,53652.0,54045.5,-0.003991884564513494,0.10065375971926795,0.08249910869155924,1,1,1
740,usp000g0ff,2008-03-02,2008.0,3.0,AK,"184 km W of Adak, Alaska",51.859,-179.313,21.4,5.8,mwc,reviewed,us,gcmt,289,6.6,4.937370242214533,-1.668,29.37339100346021,1,0.0,0.0,0.0,0.0,0.0,0.0,0.0,0.0,49926.6,55246.7,55246.7,446.4,2068.3,1479.9,22317.4,0.008080120622589223,0.03743753020542404,0.0267871203166886,0.4039589694950106,0,0,1,0,61.0,50126.7,49926.6,54951.9,53652.0,54045.5,-0.003991884564513494,0.10065375971926795,0.08249910869155924,1,1,1
741,usp000g17t,2008-03-11,2008.0,3.0,AK,"95 km SSW of Nikolski, Alaska",52.171,-169.481,16.5,5.6,mwc,reviewed,us,gcmt,289,6.6,4.937370242214533,-1.668,29.37339100346021,1,0.0,0.0,0.0,0.0,0.0,0.0,0.0,0.0,49926.6,55246.7,55246.7,446.4,2068.3,1479.9,22317.4,0.008080120622589223,0.03743753020542404,0.0267871203166886,0.4039589694950106,0,0,1,1,59.0,50126.7,49926.6,54951.9,53652.0,54045.5,-0.003991884564513494,0.10065375971926795,0.08249910869155924,1,1,1
742,ak0083ejcrvl,2008-03-14,2008.0,3.0,AK,"81 km W of Tyonek, Alaska",61.0731,-152.64,143.7,5.1,mw,reviewed,ak,ak,289,6.6,4.937370242214533,-1.668,29.37339100346021,1,0.0,0.0,0.0,0.0,0.0,0.0,0.0,0.0,49926.6,55246.7,55246.7,446.4,2068.3,1479.9,22317.4,0.008080120622589223,0.03743753020542404,0.0267871203166886,0.4039589694950106,0,0,0,0,51.0,50126.7,49926.6,54951.9,53652.0,54045.5,-0.003991884564513494,0.10065375971926795,0.08249910869155924,1,1,1
743,usp000g1j2,2008-03-15,2008.0,3.0,OR,"195 km WSW of Port Orford, Oregon",42.412,-126.835,10.0,5.7,mwc,reviewed,us,us,289,6.6,4.937370242214533,-1.668,29.37339100346021,1,0.0,0.0,0.0,0.0,0.0,0.0,0.0,0.0,184842.6,164122.9,164122.9,3503.9,7973.2,26705.6,103335.6,0.021349244986531436,0.048580667292620346,0.16271708579363392,0.6296232884015577,0,0,1,1,60.0,180724.3,184842.6,176951.6,180738.2,185959.4,0.022787749074142313,-0.042690375487036,0.006041897268270346,0,1,0
744,ak0083l5hksz,2008-03-18,2008.0,3.0,AK,"103 km E of Chignik, Alaska",56.4669,-156.7573,36.2,4.9,mb,reviewed,ak,ak,289,6.6,4.937370242214533,-1.668,29.37339100346021,1,0.0,0.0,0.0,0.0,0.0,0.0,0.0,0.0,49926.6,55246.7,55246.7,446.4,2068.3,1479.9,22317.4,0.008080120622589223,0.03743753020542404,0.0267871203166886,0.4039589694950106,0,0,1,0,52.0,50126.7,49926.6,54951.9,53652.0,54045.5,-0.003991884564513494,0.10065375971926795,0.08249910869155924,1,1,1
745,usp000g223,2008-03-22,2008.0,3.0,AK,"96 km SE of False Pass, Alaska",54.18,-162.475,10.0,5.4,mwc,reviewed,us,gcmt,289,6.6,4.937370242214533,-1.668,29.37339100346021,1,0.0,0.0,0.0,0.0,0.0,0.0,0.0,0.0,49926.6,55246.7,55246.7,446.4,2068.3,1479.9,22317.4,0.008080120622589223,0.03743753020542404,0.0267871203166886,0.4039589694950106,0,0,1,1,57.0,50126.7,49926.6,54951.9,53652.0,54045.5,-0.003991884564513494,0.10065375971926795,0.08249910869155924,1,1,1
746,usp000g22p,2008-03-22,2008.0,3.0,AK,"146 km WNW of Adak, Alaska",52.176,-178.716,132.0,6.2,mwc,reviewed,us,gcmt,289,6.6,4.937370242214533,-1.668,29.37339100346021,1,0.0,0.0,0.0,0.0,0.0,0.0,0.0,0.0,49926.6,55246.7,55246.7,446.4,2068.3,1479.9,22317.4,0.008080120622589223,0.03743753020542404,0.0267871203166886,0.4039589694950106,0,1,0,0,72.0,50126.7,49926.6,54951.9,53652.0,54045.5,-0.003991884564513494,0.10065375971926795,0.08249910869155924,1,1,1
747,usp000g23m,2008-03-23,2008.0,3.0,AK,"82 km SE of Atka, Alaska",51.616,-173.446,47.1,4.9,mwc,reviewed,us,gcmt,289,6.6,4.937370242214533,-1.668,29.37339100346021,1,0.0,0.0,0.0,0.0,0.0,0.0,0.0,0.0,49926.6,55246.7,55246.7,446.4,2068.3,1479.9,22317.4,0.008080120622589223,0.03743753020542404,0.0267871203166886,0.4039589694950106,0,0,1,0,52.0,50126.7,49926.6,54951.9,53652.0,54045.5,-0.003991884564513494,0.10065375971926795,0.08249910869155924,1,1,1
748,usp000g2a1,2008-03-25,2008.0,3.0,AK,"64 km SSE of Nikolski, Alaska",52.371,-168.638,31.2,5.0,mwc,reviewed,us,gcmt,289,6.6,4.937370242214533,-1.668,29.37339100346021,1,0.0,0.0,0.0,0.0,0.0,0.0,0.0,0.0,49926.6,55246.7,55246.7,446.4,2068.3,1479.9,22317.4,0.008080120622589223,0.03743753020542404,0.0267871203166886,0.4039589694950106,0,0,1,0,53.0,50126.7,49926.6,54951.9,53652.0,54045.5,-0.003991884564513494,0.10065375971926795,0.08249910869155924,1,1,1
749,usp000g2a3,2008-03-25,2008.0,3.0,AK,"59 km SSE of Nikolski, Alaska",52.421,-168.626,36.2,5.0,mb,reviewed,us,us,289,6.6,4.937370242214533,-1.668,29.37339100346021,1,0.0,0.0,0.0,0.0,0.0,0.0,0.0,0.0,49926.6,55246.7,55246.7,446.4,2068.3,1479.9,22317.4,0.008080120622589223,0.03743753020542404,0.0267871203166886,0.4039589694950106,0,0,1,0,53.0,50126.7,49926.6,54951.9,53652.0,54045.5,-0.003991884564513494,0.10065375971926795,0.08249910869155924,1,1,1
750,usp000g2ab,2008-03-25,2008.0,3.0,AK,"72 km SSE of Nikolski, Alaska",52.318,-168.539,23.4,4.7,mb,reviewed,us,us,289,6.6,4.937370242214533,-1.668,29.37339100346021,1,0.0,0.0,0.0,0.0,0.0,0.0,0.0,0.0,49926.6,55246.7,55246.7,446.4,2068.3,1479.9,22317.4,0.008080120622589223,0.03743753020542404,0.0267871203166886,0.4039589694950106,0,0,1,0,50.0,50126.7,49926.6,54951.9,53652.0,54045.5,-0.003991884564513494,0.10065375971926795,0.08249910869155924,1,1,1
751,usp000g2dn,2008-03-26,2008.0,3.0,AK,"71 km SSE of Nikolski, Alaska",52.317,-168.593,27.4,4.6,mb,reviewed,us,us,289,6.6,4.937370242214533,-1.668,29.37339100346021,1,0.0,0.0,0.0,0.0,0.0,0.0,0.0,0.0,49926.6,55246.7,55246.7,446.4,2068.3,1479.9,22317.4,0.008080120622589223,0.03743753020542404,0.0267871203166886,0.4039589694950106,0,0,1,0,49.0,50126.7,49926.6,54951.9,53652.0,54045.5,-0.003991884564513494,0.10065375971926795,0.08249910869155924,1,1,1
752,ak008409hrdk,2008-03-27,2008.0,3.0,AK,"41 km SSW of Nanwalek, Alaska",59.0095,-152.1691,68.5,5.3,mw,reviewed,ak,ak,289,6.6,4.937370242214533,-1.668,29.37339100346021,1,0.0,0.0,0.0,0.0,0.0,0.0,0.0,0.0,49926.6,55246.7,55246.7,446.4,2068.3,1479.9,22317.4,0.008080120622589223,0.03743753020542404,0.0267871203166886,0.4039589694950106,0,0,1,0,56.0,50126.7,49926.6,54951.9,53652.0,54045.5,-0.003991884564513494,0.10065375971926795,0.08249910869155924,1,1,1
753,usp000g2nn,2008-03-29,2008.0,3.0,AK,"71 km SE of King Cove, Alaska",54.546,-161.649,45.6,5.1,mwc,reviewed,us,gcmt,289,6.6,4.937370242214533,-1.668,29.37339100346021,1,0.0,0.0,0.0,0.0,0.0,0.0,0.0,0.0,49926.6,55246.7,55246.7,446.4,2068.3,1479.9,22317.4,0.008080120622589223,0.03743753020542404,0.0267871203166886,0.4039589694950106,0,0,1,0,54.0,50126.7,49926.6,54951.9,53652.0,54045.5,-0.003991884564513494,0.10065375971926795,0.08249910869155924,1,1,1
754,usp000g3j0,2008-04-10,2008.0,4.0,OR,off the coast of Oregon,43.988,-128.589,10.0,5.3,mwc,reviewed,us,gcmt,289,6.6,4.937370242214533,-1.668,29.37339100346021,1,0.0,0.0,0.0,0.0,0.0,0.0,0.0,0.0,184842.6,164122.9,164122.9,3503.9,7973.2,26705.6,103335.6,0.021349244986531436,0.048580667292620346,0.16271708579363392,0.6296232884015577,0,0,1,1,56.0,180724.3,184842.6,176951.6,180738.2,185959.4,0.022787749074142313,-0.042690375487036,0.006041897268270346,0,1,0
755,usp000g3jv,2008-04-10,2008.0,4.0,AK,"205 km SSE of False Pass, Alaska",53.191,-162.061,35.9,4.7,mb,reviewed,us,us,289,6.6,4.937370242214533,-1.668,29.37339100346021,1,0.0,0.0,0.0,0.0,0.0,0.0,0.0,0.0,49926.6,55246.7,55246.7,446.4,2068.3,1479.9,22317.4,0.008080120622589223,0.03743753020542404,0.0267871203166886,0.4039589694950106,0,0,1,0,50.0,50126.7,49926.6,54951.9,53652.0,54045.5,-0.003991884564513494,0.10065375971926795,0.08249910869155924,1,1,1
756,usp000g3ru,2008-04-12,2008.0,4.0,OR,"266 km WNW of Bandon, Oregon",43.648,-127.621,10.0,5.5,mwc,reviewed,us,gcmt,289,6.6,4.937370242214533,-1.668,29.37339100346021,1,0.0,0.0,0.0,0.0,0.0,0.0,0.0,0.0,184842.6,164122.9,164122.9,3503.9,7973.2,26705.6,103335.6,0.021349244986531436,0.048580667292620346,0.16271708579363392,0.6296232884015577,0,0,1,1,58.0,180724.3,184842.6,176951.6,180738.2,185959.4,0.022787749074142313,-0.042690375487036,0.006041897268270346,0,1,0
757,ak0084s7vl1l,2008-04-13,2008.0,4.0,AK,"54 km SSW of Point Hope, Alaska",67.9109,-167.3108,10.0,5.2,mw,reviewed,ak,ak,289,6.6,4.937370242214533,-1.668,29.37339100346021,1,0.0,0.0,0.0,0.0,0.0,0.0,0.0,0.0,49926.6,55246.7,55246.7,446.4,2068.3,1479.9,22317.4,0.008080120622589223,0.03743753020542404,0.0267871203166886,0.4039589694950106,0,0,1,1,55.0,50126.7,49926.6,54951.9,53652.0,54045.5,-0.003991884564513494,0.10065375971926795,0.08249910869155924,1,1,1
758,ak0084wz7jhm,2008-04-16,2008.0,4.0,AK,"152 km W of Adak, Alaska",51.6796,-178.8166,1.9,4.5,ml,reviewed,ak,ak,289,6.6,4.937370242214533,-1.668,29.37339100346021,1,0.0,0.0,0.0,0.0,0.0,0.0,0.0,0.0,49926.6,55246.7,55246.7,446.4,2068.3,1479.9,22317.4,0.008080120622589223,0.03743753020542404,0.0267871203166886,0.4039589694950106,0,0,1,1,48.0,50126.7,49926.6,54951.9,53652.0,54045.5,-0.003991884564513494,0.10065375971926795,0.08249910869155924,1,1,1
759,usp000g42b,2008-04-16,2008.0,4.0,AK,"161 km W of Adak, Alaska",51.762,-178.969,10.0,4.6,mb,reviewed,us,us,289,6.6,4.937370242214533,-1.668,29.37339100346021,1,0.0,0.0,0.0,0.0,0.0,0.0,0.0,0.0,49926.6,55246.7,55246.7,446.4,2068.3,1479.9,22317.4,0.008080120622589223,0.03743753020542404,0.0267871203166886,0.4039589694950106,0,0,1,1,49.0,50126.7,49926.6,54951.9,53652.0,54045.5,-0.003991884564513494,0.10065375971926795,0.08249910869155924,1,1,1
760,usp000g441,2008-04-16,2008.0,4.0,AK,"79 km S of Nikolski, Alaska",52.239,-168.65,10.0,4.9,mb,reviewed,us,us,289,6.6,4.937370242214533,-1.668,29.37339100346021,1,0.0,0.0,0.0,0.0,0.0,0.0,0.0,0.0,49926.6,55246.7,55246.7,446.4,2068.3,1479.9,22317.4,0.008080120622589223,0.03743753020542404,0.0267871203166886,0.4039589694950106,0,0,1,1,52.0,50126.7,49926.6,54951.9,53652.0,54045.5,-0.003991884564513494,0.10065375971926795,0.08249910869155924,1,1,1
761,nm606657,2008-04-18,2008.0,4.0,IL,"7 km NNE of Bellmont, Illinois",38.4515,-87.8861667,14.25,5.2,mw,reviewed,nm,nm,289,6.6,4.937370242214533,-1.668,29.37339100346021,1,1.0,0.0,0.0,0.0,0.0,0.0,0.0,5.3,759095.3,649677.3,649677.3,6613.9,28507.8,80520.9,463013.5,0.010180284889128801,0.043879938547952954,0.12393983905548184,0.7126822808800615,1,0,1,1,60.0,769571.6,759095.3,740794.3,755391.4,772225.6,-0.013613158281828398,-0.024108962339774727,0.01729730114255737,3,1,3
762,nm606669,2008-04-18,2008.0,4.0,IL,"9 km NNE of Bellmont, Illinois",38.4585,-87.8691667,15.46,4.7,mw,reviewed,nm,nm,289,6.6,4.937370242214533,-1.668,29.37339100346021,1,1.0,0.0,0.0,0.0,0.0,0.0,0.0,5.3,759095.3,649677.3,649677.3,6613.9,28507.8,80520.9,463013.5,0.010180284889128801,0.043879938547952954,0.12393983905548184,0.7126822808800615,1,0,1,1,55.0,769571.6,759095.3,740794.3,755391.4,772225.6,-0.013613158281828398,-0.024108962339774727,0.01729730114255737,3,1,3
763,usp000g48z,2008-04-18,2008.0,4.0,AK,"193 km W of Adak, Alaska",51.801,-179.44,38.5,4.9,mb,reviewed,us,us,289,6.6,4.937370242214533,-1.668,29.37339100346021,1,0.0,0.0,0.0,0.0,0.0,0.0,0.0,0.0,49926.6,55246.7,55246.7,446.4,2068.3,1479.9,22317.4,0.008080120622589223,0.03743753020542404,0.0267871203166886,0.4039589694950106,0,0,1,0,52.0,50126.7,49926.6,54951.9,53652.0,54045.5,-0.003991884564513494,0.10065375971926795,0.08249910869155924,1,1,1
764,usp000g4r9,2008-04-24,2008.0,4.0,OR,"154 km W of Langlois, Oregon",43.157,-126.316,10.0,4.6,mb,reviewed,us,us,289,6.6,4.937370242214533,-1.668,29.37339100346021,1,0.0,0.0,0.0,0.0,0.0,0.0,0.0,0.0,184842.6,164122.9,164122.9,3503.9,7973.2,26705.6,103335.6,0.021349244986531436,0.048580667292620346,0.16271708579363392,0.6296232884015577,0,0,1,1,49.0,180724.3,184842.6,176951.6,180738.2,185959.4,0.022787749074142313,-0.042690375487036,0.006041897268270346,0,1,0
765,usp000g4uf,2008-04-25,2008.0,4.0,AK,"226 km SSE of Akutan, Alaska",52.275,-164.408,10.0,4.6,mb,reviewed,aeic,us,289,6.6,4.937370242214533,-1.668,29.37339100346021,1,0.0,0.0,0.0,0.0,0.0,0.0,0.0,0.0,49926.6,55246.7,55246.7,446.4,2068.3,1479.9,22317.4,0.008080120622589223,0.03743753020542404,0.0267871203166886,0.4039589694950106,0,0,1,1,49.0,50126.7,49926.6,54951.9,53652.0,54045.5,-0.003991884564513494,0.10065375971926795,0.08249910869155924,1,1,1
766,nn00242527,2008-04-26,2008.0,4.0,NV,"0 km N of Mogul, Nevada",39.5212,-119.9279,2.8,4.8,mw,reviewed,nn,nn,289,6.6,4.937370242214533,-1.668,29.37339100346021,1,2.0,0.0,3.0,8.385,3.0,720.0,8.0,6.0,152745.6,130570.9,130570.9,288.0,10729.7,6167.1,95496.4,0.0022056982068745794,0.0821752779524381,0.04723181045700076,0.731375827232561,1,0,1,1,56.0,157734.3,152745.6,140304.3,142614.2,144341.2,-0.03162723643494143,-0.08145111872289622,-0.05502220685898641,4,0,>3
767,nn00385392,2008-04-26,2008.0,4.0,NV,"1 km NW of Mogul, Nevada",39.5231,-119.9393,2.8,5.1,ml,reviewed,nn,nn,289,6.6,4.937370242214533,-1.668,29.37339100346021,1,2.0,0.0,3.0,8.385,3.0,720.0,8.0,6.0,152745.6,130570.9,130570.9,288.0,10729.7,6167.1,95496.4,0.0022056982068745794,0.0821752779524381,0.04723181045700076,0.731375827232561,1,0,1,1,59.0,157734.3,152745.6,140304.3,142614.2,144341.2,-0.03162723643494143,-0.08145111872289622,-0.05502220685898641,4,0,>3
768,usp000g4zs,2008-04-27,2008.0,4.0,AK,"111 km SSW of Nikolski, Alaska",52.049,-169.622,35.0,4.5,mb,reviewed,us,us,289,6.6,4.937370242214533,-1.668,29.37339100346021,1,0.0,0.0,0.0,0.0,0.0,0.0,0.0,0.0,49926.6,55246.7,55246.7,446.4,2068.3,1479.9,22317.4,0.008080120622589223,0.03743753020542404,0.0267871203166886,0.4039589694950106,0,0,1,0,48.0,50126.7,49926.6,54951.9,53652.0,54045.5,-0.003991884564513494,0.10065375971926795,0.08249910869155924,1,1,1
769,usp000g57r,2008-05-01,2008.0,5.0,AK,"147 km SSW of Adak, Alaska",50.733,-177.723,26.9,5.1,mwc,reviewed,us,gcmt,289,6.6,4.937370242214533,-1.668,29.37339100346021,1,0.0,0.0,0.0,0.0,0.0,0.0,0.0,0.0,49926.6,55246.7,55246.7,446.4,2068.3,1479.9,22317.4,0.008080120622589223,0.03743753020542404,0.0267871203166886,0.4039589694950106,0,0,1,0,54.0,50126.7,49926.6,54951.9,53652.0,54045.5,-0.003991884564513494,0.10065375971926795,0.08249910869155924,1,1,1
770,usp000g59v,2008-05-02,2008.0,5.0,AK,"61 km W of Adak, Alaska",51.864,-177.528,14.0,6.6,mwc,reviewed,us,us,289,6.6,4.937370242214533,-1.668,29.37339100346021,1,0.0,0.0,0.0,0.0,0.0,0.0,0.0,0.0,49926.6,55246.7,55246.7,446.4,2068.3,1479.9,22317.4,0.008080120622589223,0.03743753020542404,0.0267871203166886,0.4039589694950106,0,1,1,1,79.0,50126.7,49926.6,54951.9,53652.0,54045.5,-0.003991884564513494,0.10065375971926795,0.08249910869155924,1,1,1
771,usp000g605,2008-05-10,2008.0,5.0,AK,"79 km S of Atka, Alaska",51.486,-174.36,53.5,4.6,mb,reviewed,us,us,289,6.6,4.937370242214533,-1.668,29.37339100346021,1,0.0,0.0,0.0,0.0,0.0,0.0,0.0,0.0,49926.6,55246.7,55246.7,446.4,2068.3,1479.9,22317.4,0.008080120622589223,0.03743753020542404,0.0267871203166886,0.4039589694950106,0,0,1,0,49.0,50126.7,49926.6,54951.9,53652.0,54045.5,-0.003991884564513494,0.10065375971926795,0.08249910869155924,1,1,1
772,ak00862dc71v,2008-05-11,2008.0,5.0,AK,"105 km SSE of Cordova, Alaska",59.6517,-145.1344,5.0,4.8,mb,reviewed,ak,ak,289,6.6,4.937370242214533,-1.668,29.37339100346021,1,0.0,0.0,0.0,0.0,0.0,0.0,0.0,0.0,49926.6,55246.7,55246.7,446.4,2068.3,1479.9,22317.4,0.008080120622589223,0.03743753020542404,0.0267871203166886,0.4039589694950106,0,0,1,1,51.0,50126.7,49926.6,54951.9,53652.0,54045.5,-0.003991884564513494,0.10065375971926795,0.08249910869155924,1,1,1
773,ak0086prvtd2,2008-05-25,2008.0,5.0,AK,"122 km SSE of Akhiok, Alaska",55.9055,-153.5083,20.0,6.0,mw,reviewed,ak,ak,289,6.6,4.937370242214533,-1.668,29.37339100346021,1,0.0,0.0,0.0,0.0,0.0,0.0,0.0,0.0,49926.6,55246.7,55246.7,446.4,2068.3,1479.9,22317.4,0.008080120622589223,0.03743753020542404,0.0267871203166886,0.4039589694950106,0,1,1,1,73.0,50126.7,49926.6,54951.9,53652.0,54045.5,-0.003991884564513494,0.10065375971926795,0.08249910869155924,1,1,1
774,ak0086pt1tps,2008-05-25,2008.0,5.0,AK,"122 km SSE of Akhiok, Alaska",55.911,-153.4735,15.2,4.5,mb,reviewed,ak,ak,289,6.6,4.937370242214533,-1.668,29.37339100346021,1,0.0,0.0,0.0,0.0,0.0,0.0,0.0,0.0,49926.6,55246.7,55246.7,446.4,2068.3,1479.9,22317.4,0.008080120622589223,0.03743753020542404,0.0267871203166886,0.4039589694950106,0,0,1,1,48.0,50126.7,49926.6,54951.9,53652.0,54045.5,-0.003991884564513494,0.10065375971926795,0.08249910869155924,1,1,1
775,usp000g810,2008-05-29,2008.0,5.0,AK,"113 km WSW of Adak, Alaska",51.498,-178.155,57.9,4.7,mb,reviewed,us,us,289,6.6,4.937370242214533,-1.668,29.37339100346021,1,0.0,0.0,0.0,0.0,0.0,0.0,0.0,0.0,49926.6,55246.7,55246.7,446.4,2068.3,1479.9,22317.4,0.008080120622589223,0.03743753020542404,0.0267871203166886,0.4039589694950106,0,0,1,0,50.0,50126.7,49926.6,54951.9,53652.0,54045.5,-0.003991884564513494,0.10065375971926795,0.08249910869155924,1,1,1
776,usp000g82c,2008-05-29,2008.0,5.0,AK,"146 km SW of Adak, Alaska",51.048,-178.277,25.7,4.5,mb,reviewed,aeic,us,289,6.6,4.937370242214533,-1.668,29.37339100346021,1,0.0,0.0,0.0,0.0,0.0,0.0,0.0,0.0,49926.6,55246.7,55246.7,446.4,2068.3,1479.9,22317.4,0.008080120622589223,0.03743753020542404,0.0267871203166886,0.4039589694950106,0,0,1,0,48.0,50126.7,49926.6,54951.9,53652.0,54045.5,-0.003991884564513494,0.10065375971926795,0.08249910869155924,1,1,1
777,usp000g8b5,2008-06-01,2008.0,6.0,AK,"124 km WSW of Nikolski, Alaska",52.33,-170.399,10.0,4.5,mb,reviewed,us,us,289,6.6,4.937370242214533,-1.668,29.37339100346021,1,0.0,0.0,0.0,0.0,0.0,0.0,0.0,0.0,49926.6,55246.7,55246.7,446.4,2068.3,1479.9,22317.4,0.008080120622589223,0.03743753020542404,0.0267871203166886,0.4039589694950106,0,0,1,1,48.0,50126.7,49926.6,54951.9,53652.0,54045.5,-0.003991884564513494,0.10065375971926795,0.08249910869155924,1,1,1
778,usp000g8du,2008-06-02,2008.0,6.0,OR,off the coast of Oregon,44.18,-129.221,10.0,5.2,mwc,reviewed,us,gcmt,289,6.6,4.937370242214533,-1.668,29.37339100346021,1,0.0,0.0,0.0,0.0,0.0,0.0,0.0,0.0,184842.6,164122.9,164122.9,3503.9,7973.2,26705.6,103335.6,0.021349244986531436,0.048580667292620346,0.16271708579363392,0.6296232884015577,0,0,1,1,55.0,180724.3,184842.6,176951.6,180738.2,185959.4,0.022787749074142313,-0.042690375487036,0.006041897268270346,0,1,0
779,usp000g8kc,2008-06-05,2008.0,6.0,AK,"245 km ESE of Atka, Alaska",51.081,-171.148,17.2,4.7,mb,reviewed,us,us,289,6.6,4.937370242214533,-1.668,29.37339100346021,1,0.0,0.0,0.0,0.0,0.0,0.0,0.0,0.0,49926.6,55246.7,55246.7,446.4,2068.3,1479.9,22317.4,0.008080120622589223,0.03743753020542404,0.0267871203166886,0.4039589694950106,0,0,1,1,50.0,50126.7,49926.6,54951.9,53652.0,54045.5,-0.003991884564513494,0.10065375971926795,0.08249910869155924,1,1,1
780,usp000g8kx,2008-06-05,2008.0,6.0,AK,"95 km NNW of Atka, Alaska",53.027,-174.559,260.7,4.5,mb,reviewed,us,us,289,6.6,4.937370242214533,-1.668,29.37339100346021,1,0.0,0.0,0.0,0.0,0.0,0.0,0.0,0.0,49926.6,55246.7,55246.7,446.4,2068.3,1479.9,22317.4,0.008080120622589223,0.03743753020542404,0.0267871203166886,0.4039589694950106,0,0,0,0,45.0,50126.7,49926.6,54951.9,53652.0,54045.5,-0.003991884564513494,0.10065375971926795,0.08249910869155924,1,1,1
781,usp000g8n6,2008-06-05,2008.0,6.0,AK,"94 km SSW of Nikolski, Alaska",52.176,-169.485,43.9,5.0,mwc,reviewed,us,gcmt,289,6.6,4.937370242214533,-1.668,29.37339100346021,1,0.0,0.0,0.0,0.0,0.0,0.0,0.0,0.0,49926.6,55246.7,55246.7,446.4,2068.3,1479.9,22317.4,0.008080120622589223,0.03743753020542404,0.0267871203166886,0.4039589694950106,0,0,1,0,53.0,50126.7,49926.6,54951.9,53652.0,54045.5,-0.003991884564513494,0.10065375971926795,0.08249910869155924,1,1,1
782,usp000g97q,2008-06-11,2008.0,6.0,AK,"198 km WSW of Adak, Alaska",51.158,-179.25,47.1,5.2,mwc,reviewed,us,gcmt,289,6.6,4.937370242214533,-1.668,29.37339100346021,1,0.0,0.0,0.0,0.0,0.0,0.0,0.0,0.0,49926.6,55246.7,55246.7,446.4,2068.3,1479.9,22317.4,0.008080120622589223,0.03743753020542404,0.0267871203166886,0.4039589694950106,0,0,1,0,55.0,50126.7,49926.6,54951.9,53652.0,54045.5,-0.003991884564513494,0.10065375971926795,0.08249910869155924,1,1,1
783,usp000g9gj,2008-06-13,2008.0,6.0,AK,"176 km W of Adak, Alaska",51.859,-179.203,35.0,4.5,mb,reviewed,us,us,289,6.6,4.937370242214533,-1.668,29.37339100346021,1,0.0,0.0,0.0,0.0,0.0,0.0,0.0,0.0,49926.6,55246.7,55246.7,446.4,2068.3,1479.9,22317.4,0.008080120622589223,0.03743753020542404,0.0267871203166886,0.4039589694950106,0,0,1,0,48.0,50126.7,49926.6,54951.9,53652.0,54045.5,-0.003991884564513494,0.10065375971926795,0.08249910869155924,1,1,1
784,usp000g9k6,2008-06-14,2008.0,6.0,OR,off the coast of Oregon,44.234,-129.197,10.0,5.2,mwc,reviewed,us,gcmt,289,6.6,4.937370242214533,-1.668,29.37339100346021,1,0.0,0.0,0.0,0.0,0.0,0.0,0.0,0.0,184842.6,164122.9,164122.9,3503.9,7973.2,26705.6,103335.6,0.021349244986531436,0.048580667292620346,0.16271708579363392,0.6296232884015577,0,0,1,1,55.0,180724.3,184842.6,176951.6,180738.2,185959.4,0.022787749074142313,-0.042690375487036,0.006041897268270346,0,1,0
785,usp000g9xw,2008-06-17,2008.0,6.0,AK,"73 km SE of King Cove, Alaska",54.527,-161.649,48.0,4.9,mb,reviewed,us,us,289,6.6,4.937370242214533,-1.668,29.37339100346021,1,0.0,0.0,0.0,0.0,0.0,0.0,0.0,0.0,49926.6,55246.7,55246.7,446.4,2068.3,1479.9,22317.4,0.008080120622589223,0.03743753020542404,0.0267871203166886,0.4039589694950106,0,0,1,0,52.0,50126.7,49926.6,54951.9,53652.0,54045.5,-0.003991884564513494,0.10065375971926795,0.08249910869155924,1,1,1
786,usp000gays,2008-06-29,2008.0,6.0,OR,off the coast of Oregon,44.247,-129.25,10.0,5.4,mwc,reviewed,us,gcmt,289,6.6,4.937370242214533,-1.668,29.37339100346021,1,0.0,0.0,0.0,0.0,0.0,0.0,0.0,0.0,184842.6,164122.9,164122.9,3503.9,7973.2,26705.6,103335.6,0.021349244986531436,0.048580667292620346,0.16271708579363392,0.6296232884015577,0,0,1,1,57.0,180724.3,184842.6,176951.6,180738.2,185959.4,0.022787749074142313,-0.042690375487036,0.006041897268270346,0,1,0
787,ak0088jui86n,2008-07-04,2008.0,7.0,AK,"69 km ESE of Denali National Park, Alaska",63.2269,-150.518,133.9,4.6,mb,reviewed,ak,ak,289,6.6,4.937370242214533,-1.668,29.37339100346021,1,0.0,0.0,0.0,0.0,0.0,0.0,0.0,0.0,49926.6,55246.7,55246.7,446.4,2068.3,1479.9,22317.4,0.008080120622589223,0.03743753020542404,0.0267871203166886,0.4039589694950106,0,0,0,0,46.0,50126.7,49926.6,54951.9,53652.0,54045.5,-0.003991884564513494,0.10065375971926795,0.08249910869155924,1,1,1
788,usp000gbkw,2008-07-07,2008.0,7.0,AK,"30 km WNW of Adak, Alaska",51.938,-177.063,67.1,5.3,mwc,reviewed,us,gcmt,289,6.6,4.937370242214533,-1.668,29.37339100346021,1,0.0,0.0,0.0,0.0,0.0,0.0,0.0,0.0,49926.6,55246.7,55246.7,446.4,2068.3,1479.9,22317.4,0.008080120622589223,0.03743753020542404,0.0267871203166886,0.4039589694950106,0,0,1,0,56.0,50126.7,49926.6,54951.9,53652.0,54045.5,-0.003991884564513494,0.10065375971926795,0.08249910869155924,1,1,1
789,usp000gc09,2008-07-12,2008.0,7.0,AK,"52 km S of Nikolski, Alaska",52.466,-168.772,37.6,4.5,mb,reviewed,us,us,289,6.6,4.937370242214533,-1.668,29.37339100346021,1,0.0,0.0,0.0,0.0,0.0,0.0,0.0,0.0,49926.6,55246.7,55246.7,446.4,2068.3,1479.9,22317.4,0.008080120622589223,0.03743753020542404,0.0267871203166886,0.4039589694950106,0,0,1,0,48.0,50126.7,49926.6,54951.9,53652.0,54045.5,-0.003991884564513494,0.10065375971926795,0.08249910869155924,1,1,1
790,usp000gcf1,2008-07-17,2008.0,7.0,OR,off the coast of Oregon,44.367,-129.356,10.0,5.5,mwc,reviewed,us,us,289,6.6,4.937370242214533,-1.668,29.37339100346021,1,0.0,0.0,0.0,0.0,0.0,0.0,0.0,0.0,184842.6,164122.9,164122.9,3503.9,7973.2,26705.6,103335.6,0.021349244986531436,0.048580667292620346,0.16271708579363392,0.6296232884015577,0,0,1,1,58.0,180724.3,184842.6,176951.6,180738.2,185959.4,0.022787749074142313,-0.042690375487036,0.006041897268270346,0,1,0
791,usp000gcf2,2008-07-17,2008.0,7.0,OR,off the coast of Oregon,43.937,-129.418,10.0,5.1,mb,reviewed,us,us,289,6.6,4.937370242214533,-1.668,29.37339100346021,1,0.0,0.0,0.0,0.0,0.0,0.0,0.0,0.0,184842.6,164122.9,164122.9,3503.9,7973.2,26705.6,103335.6,0.021349244986531436,0.048580667292620346,0.16271708579363392,0.6296232884015577,0,0,1,1,54.0,180724.3,184842.6,176951.6,180738.2,185959.4,0.022787749074142313,-0.042690375487036,0.006041897268270346,0,1,0
792,usp000gcj7,2008-07-19,2008.0,7.0,OR,off the coast of Oregon,44.33,-129.304,10.0,5.0,mwc,reviewed,us,gcmt,289,6.6,4.937370242214533,-1.668,29.37339100346021,1,0.0,0.0,0.0,0.0,0.0,0.0,0.0,0.0,184842.6,164122.9,164122.9,3503.9,7973.2,26705.6,103335.6,0.021349244986531436,0.048580667292620346,0.16271708579363392,0.6296232884015577,0,0,1,1,53.0,180724.3,184842.6,176951.6,180738.2,185959.4,0.022787749074142313,-0.042690375487036,0.006041897268270346,0,1,0
793,usp000gdb0,2008-07-28,2008.0,7.0,AK,"176 km WSW of Adak, Alaska",51.349,-179.043,35.0,5.1,mwc,reviewed,us,gcmt,289,6.6,4.937370242214533,-1.668,29.37339100346021,1,0.0,0.0,0.0,0.0,0.0,0.0,0.0,0.0,49926.6,55246.7,55246.7,446.4,2068.3,1479.9,22317.4,0.008080120622589223,0.03743753020542404,0.0267871203166886,0.4039589694950106,0,0,1,0,54.0,50126.7,49926.6,54951.9,53652.0,54045.5,-0.003991884564513494,0.10065375971926795,0.08249910869155924,1,1,1
794,usp000gdm7,2008-08-01,2008.0,8.0,AK,"41 km N of Atka, Alaska",52.567,-174.135,205.6,4.6,mb,reviewed,us,us,289,6.6,4.937370242214533,-1.668,29.37339100346021,1,0.0,0.0,0.0,0.0,0.0,0.0,0.0,0.0,49926.6,55246.7,55246.7,446.4,2068.3,1479.9,22317.4,0.008080120622589223,0.03743753020542404,0.0267871203166886,0.4039589694950106,0,0,0,0,46.0,50126.7,49926.6,54951.9,53652.0,54045.5,-0.003991884564513494,0.10065375971926795,0.08249910869155924,1,1,1
795,usp000gdph,2008-08-02,2008.0,8.0,AK,"89 km S of Atka, Alaska",51.392,-174.071,45.3,4.5,mb,reviewed,us,us,289,6.6,4.937370242214533,-1.668,29.37339100346021,1,0.0,0.0,0.0,0.0,0.0,0.0,0.0,0.0,49926.6,55246.7,55246.7,446.4,2068.3,1479.9,22317.4,0.008080120622589223,0.03743753020542404,0.0267871203166886,0.4039589694950106,0,0,1,0,48.0,50126.7,49926.6,54951.9,53652.0,54045.5,-0.003991884564513494,0.10065375971926795,0.08249910869155924,1,1,1
796,usp000ge1h,2008-08-07,2008.0,8.0,AK,"75 km SW of Unalaska, Alaska",53.486,-167.47,32.1,5.2,mwc,reviewed,us,gcmt,289,6.6,4.937370242214533,-1.668,29.37339100346021,1,0.0,0.0,0.0,0.0,0.0,0.0,0.0,0.0,49926.6,55246.7,55246.7,446.4,2068.3,1479.9,22317.4,0.008080120622589223,0.03743753020542404,0.0267871203166886,0.4039589694950106,0,0,1,0,55.0,50126.7,49926.6,54951.9,53652.0,54045.5,-0.003991884564513494,0.10065375971926795,0.08249910869155924,1,1,1
797,usp000ge2b,2008-08-07,2008.0,8.0,AK,"78 km NE of Adak, Alaska",52.319,-175.742,11.7,4.5,mb,reviewed,us,us,289,6.6,4.937370242214533,-1.668,29.37339100346021,1,0.0,0.0,0.0,0.0,0.0,0.0,0.0,0.0,49926.6,55246.7,55246.7,446.4,2068.3,1479.9,22317.4,0.008080120622589223,0.03743753020542404,0.0267871203166886,0.4039589694950106,0,0,1,1,48.0,50126.7,49926.6,54951.9,53652.0,54045.5,-0.003991884564513494,0.10065375971926795,0.08249910869155924,1,1,1
798,usp000ge3t,2008-08-07,2008.0,8.0,AK,"76 km ENE of Adak, Alaska",52.19,-175.651,12.0,5.8,mwc,reviewed,us,us,289,6.6,4.937370242214533,-1.668,29.37339100346021,1,0.0,0.0,0.0,0.0,0.0,0.0,0.0,0.0,49926.6,55246.7,55246.7,446.4,2068.3,1479.9,22317.4,0.008080120622589223,0.03743753020542404,0.0267871203166886,0.4039589694950106,0,0,1,1,61.0,50126.7,49926.6,54951.9,53652.0,54045.5,-0.003991884564513494,0.10065375971926795,0.08249910869155924,1,1,1
799,nc51207076,2008-08-17,2008.0,8.0,CA,"7 km WNW of Big Lagoon, California",41.1885,-124.216,15.66,4.6,mw,reviewed,nc,nc,289,6.6,4.937370242214533,-1.668,29.37339100346021,1,1.0,0.0,8.0,0.0,0.0,0.0,6.0,5.4,2192331.8,1946241.5,1946241.5,25708.1,76888.0,245014.2,1318259.1,0.013209100720542644,0.03950588865770255,0.12589095443705214,0.6773358290839036,1,0,1,1,54.0,2168940.4,2192331.8,2110679.4,2153852.8,2192887.2,0.010784713125358312,-0.037244544826654395,0.0002533375650530511,0,1,0
800,usp000gexm,2008-08-18,2008.0,8.0,AK,"147 km SW of Nikolski, Alaska",52.146,-170.6,30.7,5.2,mwc,reviewed,us,gcmt,289,6.6,4.937370242214533,-1.668,29.37339100346021,1,0.0,0.0,0.0,0.0,0.0,0.0,0.0,0.0,49926.6,55246.7,55246.7,446.4,2068.3,1479.9,22317.4,0.008080120622589223,0.03743753020542404,0.0267871203166886,0.4039589694950106,0,0,1,0,55.0,50126.7,49926.6,54951.9,53652.0,54045.5,-0.003991884564513494,0.10065375971926795,0.08249910869155924,1,1,1
801,usp000gfa8,2008-08-23,2008.0,8.0,AK,"243 km WSW of Adak, Alaska",51.023,-179.858,13.9,4.9,mwc,reviewed,aeic,gcmt,289,6.6,4.937370242214533,-1.668,29.37339100346021,1,0.0,0.0,0.0,0.0,0.0,0.0,0.0,0.0,49926.6,55246.7,55246.7,446.4,2068.3,1479.9,22317.4,0.008080120622589223,0.03743753020542404,0.0267871203166886,0.4039589694950106,0,0,1,1,52.0,50126.7,49926.6,54951.9,53652.0,54045.5,-0.003991884564513494,0.10065375971926795,0.08249910869155924,1,1,1
802,usp000gffj,2008-08-25,2008.0,8.0,AK,"69 km S of Perryville, Alaska",55.285,-159.176,50.7,4.5,ml,reviewed,us,pmr,289,6.6,4.937370242214533,-1.668,29.37339100346021,1,0.0,0.0,0.0,0.0,0.0,0.0,0.0,0.0,49926.6,55246.7,55246.7,446.4,2068.3,1479.9,22317.4,0.008080120622589223,0.03743753020542404,0.0267871203166886,0.4039589694950106,0,0,1,0,48.0,50126.7,49926.6,54951.9,53652.0,54045.5,-0.003991884564513494,0.10065375971926795,0.08249910869155924,1,1,1
803,usp000ggdt,2008-09-04,2008.0,9.0,AK,"92 km S of Unalaska, Alaska",53.049,-166.715,25.2,4.5,ml,reviewed,aeic,pmr,289,6.6,4.937370242214533,-1.668,29.37339100346021,1,0.0,0.0,0.0,0.0,0.0,0.0,0.0,0.0,49926.6,55246.7,55246.7,446.4,2068.3,1479.9,22317.4,0.008080120622589223,0.03743753020542404,0.0267871203166886,0.4039589694950106,0,0,1,0,48.0,50126.7,49926.6,54951.9,53652.0,54045.5,-0.003991884564513494,0.10065375971926795,0.08249910869155924,1,1,1
804,ak008brp6vsv,2008-09-12,2008.0,9.0,AK,"21 km E of Susitna North, Alaska",62.1545,-149.431,43.8,4.6,mb,reviewed,ak,ak,289,6.6,4.937370242214533,-1.668,29.37339100346021,1,0.0,0.0,0.0,0.0,0.0,0.0,0.0,0.0,49926.6,55246.7,55246.7,446.4,2068.3,1479.9,22317.4,0.008080120622589223,0.03743753020542404,0.0267871203166886,0.4039589694950106,0,0,1,0,49.0,50126.7,49926.6,54951.9,53652.0,54045.5,-0.003991884564513494,0.10065375971926795,0.08249910869155924,1,1,1
805,usp000gh2u,2008-09-15,2008.0,9.0,AK,"129 km WSW of Adak, Alaska",51.397,-178.347,31.3,5.2,mwc,reviewed,us,gcmt,289,6.6,4.937370242214533,-1.668,29.37339100346021,1,0.0,0.0,0.0,0.0,0.0,0.0,0.0,0.0,49926.6,55246.7,55246.7,446.4,2068.3,1479.9,22317.4,0.008080120622589223,0.03743753020542404,0.0267871203166886,0.4039589694950106,0,0,1,0,55.0,50126.7,49926.6,54951.9,53652.0,54045.5,-0.003991884564513494,0.10065375971926795,0.08249910869155924,1,1,1
806,usp000gh79,2008-09-17,2008.0,9.0,AK,"237 km SSW of Adak, Alaska",50.044,-178.383,10.0,4.6,mb,reviewed,us,us,289,6.6,4.937370242214533,-1.668,29.37339100346021,1,0.0,0.0,0.0,0.0,0.0,0.0,0.0,0.0,49926.6,55246.7,55246.7,446.4,2068.3,1479.9,22317.4,0.008080120622589223,0.03743753020542404,0.0267871203166886,0.4039589694950106,0,0,1,1,49.0,50126.7,49926.6,54951.9,53652.0,54045.5,-0.003991884564513494,0.10065375971926795,0.08249910869155924,1,1,1
807,usp000ghe6,2008-09-20,2008.0,9.0,AK,"236 km SSW of Adak, Alaska",50.068,-178.399,10.0,4.6,mb,reviewed,aeic,us,289,6.6,4.937370242214533,-1.668,29.37339100346021,1,0.0,0.0,0.0,0.0,0.0,0.0,0.0,0.0,49926.6,55246.7,55246.7,446.4,2068.3,1479.9,22317.4,0.008080120622589223,0.03743753020542404,0.0267871203166886,0.4039589694950106,0,0,1,1,49.0,50126.7,49926.6,54951.9,53652.0,54045.5,-0.003991884564513494,0.10065375971926795,0.08249910869155924,1,1,1
808,usp000ghrv,2008-09-26,2008.0,9.0,AK,"88 km E of Adak, Alaska",51.757,-175.361,54.8,4.9,mwc,reviewed,us,gcmt,289,6.6,4.937370242214533,-1.668,29.37339100346021,1,0.0,0.0,0.0,0.0,0.0,0.0,0.0,0.0,49926.6,55246.7,55246.7,446.4,2068.3,1479.9,22317.4,0.008080120622589223,0.03743753020542404,0.0267871203166886,0.4039589694950106,0,0,1,0,52.0,50126.7,49926.6,54951.9,53652.0,54045.5,-0.003991884564513494,0.10065375971926795,0.08249910869155924,1,1,1
809,ak008cwqctz5,2008-10-07,2008.0,10.0,AK,"52 km ENE of Pedro Bay, Alaska",59.9796,-153.2535,139.6,4.5,mb,reviewed,ak,ak,289,6.6,4.937370242214533,-1.668,29.37339100346021,1,0.0,0.0,0.0,0.0,0.0,0.0,0.0,0.0,49926.6,55246.7,55246.7,446.4,2068.3,1479.9,22317.4,0.008080120622589223,0.03743753020542404,0.0267871203166886,0.4039589694950106,0,0,0,0,45.0,50126.7,49926.6,54951.9,53652.0,54045.5,-0.003991884564513494,0.10065375971926795,0.08249910869155924,1,1,1
810,ak008cyn8nxq,2008-10-08,2008.0,10.0,AK,"53 km WNW of Happy Valley, Alaska",60.1154,-152.6403,103.6,4.8,mb,reviewed,ak,ak,289,6.6,4.937370242214533,-1.668,29.37339100346021,1,0.0,0.0,0.0,0.0,0.0,0.0,0.0,0.0,49926.6,55246.7,55246.7,446.4,2068.3,1479.9,22317.4,0.008080120622589223,0.03743753020542404,0.0267871203166886,0.4039589694950106,0,0,0,0,48.0,50126.7,49926.6,54951.9,53652.0,54045.5,-0.003991884564513494,0.10065375971926795,0.08249910869155924,1,1,1
811,usp000gjqm,2008-10-08,2008.0,10.0,AK,"125 km ESE of Nikolski, Alaska",52.684,-167.053,11.8,4.9,mwc,reviewed,us,gcmt,289,6.6,4.937370242214533,-1.668,29.37339100346021,1,0.0,0.0,0.0,0.0,0.0,0.0,0.0,0.0,49926.6,55246.7,55246.7,446.4,2068.3,1479.9,22317.4,0.008080120622589223,0.03743753020542404,0.0267871203166886,0.4039589694950106,0,0,1,1,52.0,50126.7,49926.6,54951.9,53652.0,54045.5,-0.003991884564513494,0.10065375971926795,0.08249910869155924,1,1,1
812,usp000gjqp,2008-10-08,2008.0,10.0,AK,"141 km ESE of Nikolski, Alaska",52.501,-166.891,24.4,4.8,mb,reviewed,aeic,us,289,6.6,4.937370242214533,-1.668,29.37339100346021,1,0.0,0.0,0.0,0.0,0.0,0.0,0.0,0.0,49926.6,55246.7,55246.7,446.4,2068.3,1479.9,22317.4,0.008080120622589223,0.03743753020542404,0.0267871203166886,0.4039589694950106,0,0,1,0,51.0,50126.7,49926.6,54951.9,53652.0,54045.5,-0.003991884564513494,0.10065375971926795,0.08249910869155924,1,1,1
813,ak008d6z98dk,2008-10-13,2008.0,10.0,AK,"54 km E of Red Dog Mine, Alaska",67.9665,-161.5908,13.7,4.6,mb,reviewed,ak,ak,289,6.6,4.937370242214533,-1.668,29.37339100346021,1,0.0,0.0,0.0,0.0,0.0,0.0,0.0,0.0,49926.6,55246.7,55246.7,446.4,2068.3,1479.9,22317.4,0.008080120622589223,0.03743753020542404,0.0267871203166886,0.4039589694950106,0,0,1,1,49.0,50126.7,49926.6,54951.9,53652.0,54045.5,-0.003991884564513494,0.10065375971926795,0.08249910869155924,1,1,1
814,nc71011617,2008-10-26,2008.0,10.0,CA,"40 km SW of Ferndale, California",40.3368333,-124.6288333,20.827,4.9,mw,reviewed,nc,nc,289,6.6,4.937370242214533,-1.668,29.37339100346021,1,1.0,0.0,8.0,0.0,0.0,0.0,6.0,5.4,2192331.8,1946241.5,1946241.5,25708.1,76888.0,245014.2,1318259.1,0.013209100720542644,0.03950588865770255,0.12589095443705214,0.6773358290839036,1,0,1,0,57.0,2168940.4,2192331.8,2110679.4,2153852.8,2192887.2,0.010784713125358312,-0.037244544826654395,0.0002533375650530511,0,1,0
815,ak008dvotc4t,2008-10-28,2008.0,10.0,AK,"59 km SSW of Shungnak, Alaska",66.4123,-157.7271,15.3,4.9,mw,reviewed,ak,ak,289,6.6,4.937370242214533,-1.668,29.37339100346021,1,0.0,0.0,0.0,0.0,0.0,0.0,0.0,0.0,49926.6,55246.7,55246.7,446.4,2068.3,1479.9,22317.4,0.008080120622589223,0.03743753020542404,0.0267871203166886,0.4039589694950106,0,0,1,1,52.0,50126.7,49926.6,54951.9,53652.0,54045.5,-0.003991884564513494,0.10065375971926795,0.08249910869155924,1,1,1
816,ak008dvoupeo,2008-10-28,2008.0,10.0,AK,"59 km S of Shungnak, Alaska",66.3654,-157.389,10.2,4.5,mb,reviewed,ak,ak,289,6.6,4.937370242214533,-1.668,29.37339100346021,1,0.0,0.0,0.0,0.0,0.0,0.0,0.0,0.0,49926.6,55246.7,55246.7,446.4,2068.3,1479.9,22317.4,0.008080120622589223,0.03743753020542404,0.0267871203166886,0.4039589694950106,0,0,1,1,48.0,50126.7,49926.6,54951.9,53652.0,54045.5,-0.003991884564513494,0.10065375971926795,0.08249910869155924,1,1,1
817,usp000gmgr,2008-10-31,2008.0,10.0,AK,"63 km S of Atka, Alaska",51.628,-174.336,49.7,4.9,mwc,reviewed,us,gcmt,289,6.6,4.937370242214533,-1.668,29.37339100346021,1,0.0,0.0,0.0,0.0,0.0,0.0,0.0,0.0,49926.6,55246.7,55246.7,446.4,2068.3,1479.9,22317.4,0.008080120622589223,0.03743753020542404,0.0267871203166886,0.4039589694950106,0,0,1,0,52.0,50126.7,49926.6,54951.9,53652.0,54045.5,-0.003991884564513494,0.10065375971926795,0.08249910869155924,1,1,1
818,usp000gmh4,2008-10-31,2008.0,10.0,AK,"56 km SSW of Atka, Alaska",51.705,-174.423,46.4,5.1,mwc,reviewed,us,gcmt,289,6.6,4.937370242214533,-1.668,29.37339100346021,1,0.0,0.0,0.0,0.0,0.0,0.0,0.0,0.0,49926.6,55246.7,55246.7,446.4,2068.3,1479.9,22317.4,0.008080120622589223,0.03743753020542404,0.0267871203166886,0.4039589694950106,0,0,1,0,54.0,50126.7,49926.6,54951.9,53652.0,54045.5,-0.003991884564513494,0.10065375971926795,0.08249910869155924,1,1,1
819,usp000gmhc,2008-10-31,2008.0,10.0,AK,"87 km S of Atka, Alaska",51.419,-174.392,16.0,4.6,mb,reviewed,aeic,us,289,6.6,4.937370242214533,-1.668,29.37339100346021,1,0.0,0.0,0.0,0.0,0.0,0.0,0.0,0.0,49926.6,55246.7,55246.7,446.4,2068.3,1479.9,22317.4,0.008080120622589223,0.03743753020542404,0.0267871203166886,0.4039589694950106,0,0,1,1,49.0,50126.7,49926.6,54951.9,53652.0,54045.5,-0.003991884564513494,0.10065375971926795,0.08249910869155924,1,1,1
820,usp000gmhd,2008-10-31,2008.0,10.0,AK,"72 km S of Atka, Alaska",51.547,-174.312,36.8,4.7,mb,reviewed,us,us,289,6.6,4.937370242214533,-1.668,29.37339100346021,1,0.0,0.0,0.0,0.0,0.0,0.0,0.0,0.0,49926.6,55246.7,55246.7,446.4,2068.3,1479.9,22317.4,0.008080120622589223,0.03743753020542404,0.0267871203166886,0.4039589694950106,0,0,1,0,50.0,50126.7,49926.6,54951.9,53652.0,54045.5,-0.003991884564513494,0.10065375971926795,0.08249910869155924,1,1,1
821,usp000gmna,2008-11-01,2008.0,11.0,AK,"81 km S of Atka, Alaska",51.47,-174.365,36.9,5.0,mwc,reviewed,us,gcmt,289,6.6,4.937370242214533,-1.668,29.37339100346021,1,0.0,0.0,0.0,0.0,0.0,0.0,0.0,0.0,49926.6,55246.7,55246.7,446.4,2068.3,1479.9,22317.4,0.008080120622589223,0.03743753020542404,0.0267871203166886,0.4039589694950106,0,0,1,0,53.0,50126.7,49926.6,54951.9,53652.0,54045.5,-0.003991884564513494,0.10065375971926795,0.08249910869155924,1,1,1
822,usp000gmq0,2008-11-02,2008.0,11.0,AK,"76 km S of Atka, Alaska",51.51,-174.334,35.0,4.8,mb,reviewed,us,us,289,6.6,4.937370242214533,-1.668,29.37339100346021,1,0.0,0.0,0.0,0.0,0.0,0.0,0.0,0.0,49926.6,55246.7,55246.7,446.4,2068.3,1479.9,22317.4,0.008080120622589223,0.03743753020542404,0.0267871203166886,0.4039589694950106,0,0,1,0,51.0,50126.7,49926.6,54951.9,53652.0,54045.5,-0.003991884564513494,0.10065375971926795,0.08249910869155924,1,1,1
823,usp000gmtw,2008-11-03,2008.0,11.0,AK,"62 km S of Atka, Alaska",51.648,-174.364,41.0,4.9,mb,reviewed,us,us,289,6.6,4.937370242214533,-1.668,29.37339100346021,1,0.0,0.0,0.0,0.0,0.0,0.0,0.0,0.0,49926.6,55246.7,55246.7,446.4,2068.3,1479.9,22317.4,0.008080120622589223,0.03743753020542404,0.0267871203166886,0.4039589694950106,0,0,1,0,52.0,50126.7,49926.6,54951.9,53652.0,54045.5,-0.003991884564513494,0.10065375971926795,0.08249910869155924,1,1,1
824,ak008e78xobv,2008-11-04,2008.0,11.0,AK,"42 km WNW of Anchor Point, Alaska",59.9159,-152.5448,79.7,4.6,mb,reviewed,ak,ak,289,6.6,4.937370242214533,-1.668,29.37339100346021,1,0.0,0.0,0.0,0.0,0.0,0.0,0.0,0.0,49926.6,55246.7,55246.7,446.4,2068.3,1479.9,22317.4,0.008080120622589223,0.03743753020542404,0.0267871203166886,0.4039589694950106,0,0,0,0,46.0,50126.7,49926.6,54951.9,53652.0,54045.5,-0.003991884564513494,0.10065375971926795,0.08249910869155924,1,1,1
825,usp000gmwr,2008-11-04,2008.0,11.0,AK,"105 km S of Atka, Alaska",51.246,-174.199,19.9,4.6,mb,reviewed,aeic,us,289,6.6,4.937370242214533,-1.668,29.37339100346021,1,0.0,0.0,0.0,0.0,0.0,0.0,0.0,0.0,49926.6,55246.7,55246.7,446.4,2068.3,1479.9,22317.4,0.008080120622589223,0.03743753020542404,0.0267871203166886,0.4039589694950106,0,0,1,1,49.0,50126.7,49926.6,54951.9,53652.0,54045.5,-0.003991884564513494,0.10065375971926795,0.08249910869155924,1,1,1
826,usp000gmzs,2008-11-05,2008.0,11.0,AK,"151 km SW of Nikolski, Alaska",52.035,-170.538,30.0,5.3,mwc,reviewed,us,gcmt,289,6.6,4.937370242214533,-1.668,29.37339100346021,1,0.0,0.0,0.0,0.0,0.0,0.0,0.0,0.0,49926.6,55246.7,55246.7,446.4,2068.3,1479.9,22317.4,0.008080120622589223,0.03743753020542404,0.0267871203166886,0.4039589694950106,0,0,1,0,56.0,50126.7,49926.6,54951.9,53652.0,54045.5,-0.003991884564513494,0.10065375971926795,0.08249910869155924,1,1,1
827,ak008efons73,2008-11-09,2008.0,11.0,AK,"65 km ENE of Pedro Bay, Alaska",59.9967,-153.0191,127.1,5.0,mb,reviewed,ak,ak,289,6.6,4.937370242214533,-1.668,29.37339100346021,1,0.0,0.0,0.0,0.0,0.0,0.0,0.0,0.0,49926.6,55246.7,55246.7,446.4,2068.3,1479.9,22317.4,0.008080120622589223,0.03743753020542404,0.0267871203166886,0.4039589694950106,0,0,0,0,50.0,50126.7,49926.6,54951.9,53652.0,54045.5,-0.003991884564513494,0.10065375971926795,0.08249910869155924,1,1,1
828,usp000gncx,2008-11-10,2008.0,11.0,AK,"133 km WSW of Adak, Alaska",51.463,-178.449,53.5,4.6,mb,reviewed,us,us,289,6.6,4.937370242214533,-1.668,29.37339100346021,1,0.0,0.0,0.0,0.0,0.0,0.0,0.0,0.0,49926.6,55246.7,55246.7,446.4,2068.3,1479.9,22317.4,0.008080120622589223,0.03743753020542404,0.0267871203166886,0.4039589694950106,0,0,1,0,49.0,50126.7,49926.6,54951.9,53652.0,54045.5,-0.003991884564513494,0.10065375971926795,0.08249910869155924,1,1,1
829,nc51211307,2008-11-16,2008.0,11.0,CA,"40 km SW of Ferndale, California",40.3138333,-124.6026667,18.887,4.6,mw,reviewed,nc,nc,289,6.6,4.937370242214533,-1.668,29.37339100346021,1,1.0,0.0,8.0,0.0,0.0,0.0,6.0,5.4,2192331.8,1946241.5,1946241.5,25708.1,76888.0,245014.2,1318259.1,0.013209100720542644,0.03950588865770255,0.12589095443705214,0.6773358290839036,1,0,1,1,54.0,2168940.4,2192331.8,2110679.4,2153852.8,2192887.2,0.010784713125358312,-0.037244544826654395,0.0002533375650530511,0,1,0
830,ak008fchq5yk,2008-11-29,2008.0,11.0,AK,"44 km SW of Cantwell, Alaska",63.1105,-149.5765,94.7,4.8,mw,reviewed,ak,ak,289,6.6,4.937370242214533,-1.668,29.37339100346021,1,0.0,0.0,0.0,0.0,0.0,0.0,0.0,0.0,49926.6,55246.7,55246.7,446.4,2068.3,1479.9,22317.4,0.008080120622589223,0.03743753020542404,0.0267871203166886,0.4039589694950106,0,0,0,0,48.0,50126.7,49926.6,54951.9,53652.0,54045.5,-0.003991884564513494,0.10065375971926795,0.08249910869155924,1,1,1
831,usp000gps1,2008-12-01,2008.0,12.0,AK,"182 km WSW of Adak, Alaska",51.361,-179.132,45.7,4.8,mb,reviewed,us,us,289,6.6,4.937370242214533,-1.668,29.37339100346021,1,0.0,0.0,0.0,0.0,0.0,0.0,0.0,0.0,49926.6,55246.7,55246.7,446.4,2068.3,1479.9,22317.4,0.008080120622589223,0.03743753020542404,0.0267871203166886,0.4039589694950106,0,0,1,0,51.0,50126.7,49926.6,54951.9,53652.0,54045.5,-0.003991884564513494,0.10065375971926795,0.08249910869155924,1,1,1
832,usp000grm9,2008-12-27,2008.0,12.0,AK,"162 km S of False Pass, Alaska",53.398,-163.526,10.5,4.8,mb,reviewed,aeic,us,289,6.6,4.937370242214533,-1.668,29.37339100346021,1,0.0,0.0,0.0,0.0,0.0,0.0,0.0,0.0,49926.6,55246.7,55246.7,446.4,2068.3,1479.9,22317.4,0.008080120622589223,0.03743753020542404,0.0267871203166886,0.4039589694950106,0,0,1,1,51.0,50126.7,49926.6,54951.9,53652.0,54045.5,-0.003991884564513494,0.10065375971926795,0.08249910869155924,1,1,1
833,usp000grmd,2008-12-27,2008.0,12.0,AK,"163 km S of False Pass, Alaska",53.391,-163.528,25.7,5.2,mwc,reviewed,aeic,gcmt,289,6.6,4.937370242214533,-1.668,29.37339100346021,1,0.0,0.0,0.0,0.0,0.0,0.0,0.0,0.0,49926.6,55246.7,55246.7,446.4,2068.3,1479.9,22317.4,0.008080120622589223,0.03743753020542404,0.0267871203166886,0.4039589694950106,0,0,1,0,55.0,50126.7,49926.6,54951.9,53652.0,54045.5,-0.003991884564513494,0.10065375971926795,0.08249910869155924,1,1,1
834,usp000grme,2008-12-27,2008.0,12.0,AK,"163 km S of False Pass, Alaska",53.39,-163.53,28.7,4.9,mb,reviewed,aeic,us,289,6.6,4.937370242214533,-1.668,29.37339100346021,1,0.0,0.0,0.0,0.0,0.0,0.0,0.0,0.0,49926.6,55246.7,55246.7,446.4,2068.3,1479.9,22317.4,0.008080120622589223,0.03743753020542404,0.0267871203166886,0.4039589694950106,0,0,1,0,52.0,50126.7,49926.6,54951.9,53652.0,54045.5,-0.003991884564513494,0.10065375971926795,0.08249910869155924,1,1,1
835,usp000grmj,2008-12-27,2008.0,12.0,AK,"155 km S of False Pass, Alaska",53.458,-163.526,20.9,4.8,mb,reviewed,aeic,us,289,6.6,4.937370242214533,-1.668,29.37339100346021,1,0.0,0.0,0.0,0.0,0.0,0.0,0.0,0.0,49926.6,55246.7,55246.7,446.4,2068.3,1479.9,22317.4,0.008080120622589223,0.03743753020542404,0.0267871203166886,0.4039589694950106,0,0,1,0,51.0,50126.7,49926.6,54951.9,53652.0,54045.5,-0.003991884564513494,0.10065375971926795,0.08249910869155924,1,1,1
836,ak008gogbtmp,2008-12-28,2008.0,12.0,AK,Central Alaska,62.3457,-151.0546,89.3,4.5,mw,reviewed,ak,ak,289,6.6,4.937370242214533,-1.668,29.37339100346021,1,0.0,0.0,0.0,0.0,0.0,0.0,0.0,0.0,49926.6,55246.7,55246.7,446.4,2068.3,1479.9,22317.4,0.008080120622589223,0.03743753020542404,0.0267871203166886,0.4039589694950106,0,0,0,0,45.0,50126.7,49926.6,54951.9,53652.0,54045.5,-0.003991884564513494,0.10065375971926795,0.08249910869155924,1,1,1
837,usp000gs0h,2009-01-02,2009.0,1.0,AK,"191 km WNW of Adak, Alaska",52.527,-179.23,254.2,4.6,mb,reviewed,us,us,225,6.9,4.972755555555555,-1.77,29.75787111111111,1,0.0,0.0,0.0,0.0,0.0,0.0,0.0,0.0,54951.9,50165.9,50165.9,425.9,2172.2,1452.6,22688.9,0.008489830741599372,0.04330032950669677,0.028955924243360527,0.45227734377336,0,0,0,0,46.0,49926.6,54951.9,53652.0,54045.5,57087.4,0.10065375971926795,-0.023655233031069017,0.03886125866439559,0,1,0
838,usp000gsaw,2009-01-07,2009.0,1.0,AK,"30 km E of Akutan, Alaska",54.138,-165.316,85.0,4.5,mb,reviewed,us,us,225,6.9,4.972755555555555,-1.77,29.75787111111111,1,0.0,0.0,0.0,0.0,0.0,0.0,0.0,0.0,54951.9,50165.9,50165.9,425.9,2172.2,1452.6,22688.9,0.008489830741599372,0.04330032950669677,0.028955924243360527,0.45227734377336,0,0,0,0,45.0,49926.6,54951.9,53652.0,54045.5,57087.4,0.10065375971926795,-0.023655233031069017,0.03886125866439559,0,1,0
839,usp000gsdd,2009-01-09,2009.0,1.0,AK,"40 km E of Adak, Alaska",51.836,-176.046,71.4,4.9,mb,reviewed,us,us,225,6.9,4.972755555555555,-1.77,29.75787111111111,1,0.0,0.0,0.0,0.0,0.0,0.0,0.0,0.0,54951.9,50165.9,50165.9,425.9,2172.2,1452.6,22688.9,0.008489830741599372,0.04330032950669677,0.028955924243360527,0.45227734377336,0,0,0,0,49.0,49926.6,54951.9,53652.0,54045.5,57087.4,0.10065375971926795,-0.023655233031069017,0.03886125866439559,0,1,0
840,uw10763723,2009-01-30,2009.0,1.0,WA,"6 km ESE of Lofall, Washington",47.7865,-122.5846667,62.24,4.67,ml,reviewed,uw,uw,225,6.9,4.972755555555555,-1.77,29.75787111111111,1,0.0,0.0,0.0,0.0,0.0,0.0,0.0,0.0,390814.0,349945.4,349945.4,5443.6,13717.8,47454.7,229072.7,0.015555569525988912,0.0391998294591099,0.13560601168067932,0.6545955454765229,0,0,1,0,49.7,401093.2,390814.0,403471.3,411575.7,426447.0,-0.0256279587886307,0.032387017865276035,0.09117636522744835,1,1,1
841,ak0091vuahz9,2009-02-10,2009.0,2.0,AK,"21 km SSW of Karluk, Alaska",57.3881,-154.5762,29.7,4.5,mb,reviewed,ak,ak,225,6.9,4.972755555555555,-1.77,29.75787111111111,1,0.0,0.0,0.0,0.0,0.0,0.0,0.0,0.0,54951.9,50165.9,50165.9,425.9,2172.2,1452.6,22688.9,0.008489830741599372,0.04330032950669677,0.028955924243360527,0.45227734377336,0,0,1,0,48.0,49926.6,54951.9,53652.0,54045.5,57087.4,0.10065375971926795,-0.023655233031069017,0.03886125866439559,0,1,0
842,ak00924e8pa1,2009-02-15,2009.0,2.0,AK,"49 km SSE of Nelchina, Alaska",61.6029,-146.3337,37.2,4.5,mw,reviewed,ak,ak,225,6.9,4.972755555555555,-1.77,29.75787111111111,1,0.0,0.0,0.0,0.0,0.0,0.0,0.0,0.0,54951.9,50165.9,50165.9,425.9,2172.2,1452.6,22688.9,0.008489830741599372,0.04330032950669677,0.028955924243360527,0.45227734377336,0,0,1,0,48.0,49926.6,54951.9,53652.0,54045.5,57087.4,0.10065375971926795,-0.023655233031069017,0.03886125866439559,0,1,0
843,usp000gu57,2009-02-18,2009.0,2.0,AK,"80 km W of Nelson Lagoon, Alaska",56.009,-162.503,165.8,4.9,mb,reviewed,us,us,225,6.9,4.972755555555555,-1.77,29.75787111111111,1,0.0,0.0,0.0,0.0,0.0,0.0,0.0,0.0,54951.9,50165.9,50165.9,425.9,2172.2,1452.6,22688.9,0.008489830741599372,0.04330032950669677,0.028955924243360527,0.45227734377336,0,0,0,0,49.0,49926.6,54951.9,53652.0,54045.5,57087.4,0.10065375971926795,-0.023655233031069017,0.03886125866439559,0,1,0
844,usp000gu7s,2009-02-20,2009.0,2.0,AK,"136 km WSW of Adak, Alaska",51.583,-178.552,38.5,4.5,mb,reviewed,us,us,225,6.9,4.972755555555555,-1.77,29.75787111111111,1,0.0,0.0,0.0,0.0,0.0,0.0,0.0,0.0,54951.9,50165.9,50165.9,425.9,2172.2,1452.6,22688.9,0.008489830741599372,0.04330032950669677,0.028955924243360527,0.45227734377336,0,0,1,0,48.0,49926.6,54951.9,53652.0,54045.5,57087.4,0.10065375971926795,-0.023655233031069017,0.03886125866439559,0,1,0
845,ak0092hb1nml,2009-02-23,2009.0,2.0,AK,"86 km SE of Pope-Vannoy Landing, Alaska",58.9158,-153.6262,87.8,4.9,mw,reviewed,ak,ak,225,6.9,4.972755555555555,-1.77,29.75787111111111,1,0.0,0.0,0.0,0.0,0.0,0.0,0.0,0.0,54951.9,50165.9,50165.9,425.9,2172.2,1452.6,22688.9,0.008489830741599372,0.04330032950669677,0.028955924243360527,0.45227734377336,0,0,0,0,49.0,49926.6,54951.9,53652.0,54045.5,57087.4,0.10065375971926795,-0.023655233031069017,0.03886125866439559,0,1,0
846,usp000gvf9,2009-03-27,2009.0,3.0,AK,"158 km S of False Pass, Alaska",53.441,-163.669,11.2,4.8,mb,reviewed,aeic,us,225,6.9,4.972755555555555,-1.77,29.75787111111111,1,0.0,0.0,0.0,0.0,0.0,0.0,0.0,0.0,54951.9,50165.9,50165.9,425.9,2172.2,1452.6,22688.9,0.008489830741599372,0.04330032950669677,0.028955924243360527,0.45227734377336,0,0,1,1,51.0,49926.6,54951.9,53652.0,54045.5,57087.4,0.10065375971926795,-0.023655233031069017,0.03886125866439559,0,1,0
847,ak00943b2pqt,2009-03-30,2009.0,3.0,AK,"124 km SSE of Old Harbor, Alaska",56.2165,-152.3473,13.0,5.9,mw,reviewed,ak,ak,225,6.9,4.972755555555555,-1.77,29.75787111111111,1,0.0,0.0,0.0,0.0,0.0,0.0,0.0,0.0,54951.9,50165.9,50165.9,425.9,2172.2,1452.6,22688.9,0.008489830741599372,0.04330032950669677,0.028955924243360527,0.45227734377336,0,0,1,1,62.0,49926.6,54951.9,53652.0,54045.5,57087.4,0.10065375971926795,-0.023655233031069017,0.03886125866439559,0,1,0
848,ak00943djz3s,2009-03-30,2009.0,3.0,AK,"120 km SSE of Old Harbor, Alaska",56.2464,-152.3711,13.7,4.8,mb,reviewed,ak,ak,225,6.9,4.972755555555555,-1.77,29.75787111111111,1,0.0,0.0,0.0,0.0,0.0,0.0,0.0,0.0,54951.9,50165.9,50165.9,425.9,2172.2,1452.6,22688.9,0.008489830741599372,0.04330032950669677,0.028955924243360527,0.45227734377336,0,0,1,1,51.0,49926.6,54951.9,53652.0,54045.5,57087.4,0.10065375971926795,-0.023655233031069017,0.03886125866439559,0,1,0
849,ak00943h6fhk,2009-03-30,2009.0,3.0,AK,"107 km SSE of Old Harbor, Alaska",56.3028,-152.6549,22.9,5.0,mw,reviewed,ak,ak,225,6.9,4.972755555555555,-1.77,29.75787111111111,1,0.0,0.0,0.0,0.0,0.0,0.0,0.0,0.0,54951.9,50165.9,50165.9,425.9,2172.2,1452.6,22688.9,0.008489830741599372,0.04330032950669677,0.028955924243360527,0.45227734377336,0,0,1,0,53.0,49926.6,54951.9,53652.0,54045.5,57087.4,0.10065375971926795,-0.023655233031069017,0.03886125866439559,0,1,0
850,usp000gvjk,2009-03-30,2009.0,3.0,AK,"118 km WSW of Adak, Alaska",51.535,-178.258,31.0,5.7,mwc,reviewed,us,us,225,6.9,4.972755555555555,-1.77,29.75787111111111,1,0.0,0.0,0.0,0.0,0.0,0.0,0.0,0.0,54951.9,50165.9,50165.9,425.9,2172.2,1452.6,22688.9,0.008489830741599372,0.04330032950669677,0.028955924243360527,0.45227734377336,0,0,1,0,60.0,49926.6,54951.9,53652.0,54045.5,57087.4,0.10065375971926795,-0.023655233031069017,0.03886125866439559,0,1,0
851,ak0094gr40v3,2009-04-07,2009.0,4.0,AK,"0 km WSW of Knik, Alaska",61.4542,-149.7428,33.0,4.6,mw,reviewed,ak,ak,225,6.9,4.972755555555555,-1.77,29.75787111111111,1,0.0,0.0,0.0,0.0,0.0,0.0,0.0,0.0,54951.9,50165.9,50165.9,425.9,2172.2,1452.6,22688.9,0.008489830741599372,0.04330032950669677,0.028955924243360527,0.45227734377336,0,0,1,0,49.0,49926.6,54951.9,53652.0,54045.5,57087.4,0.10065375971926795,-0.023655233031069017,0.03886125866439559,0,1,0
852,ak0094lh0m01,2009-04-10,2009.0,4.0,AK,"5 km S of Denali National Park, Alaska",63.4948,-151.7374,14.4,4.5,mw,reviewed,ak,ak,225,6.9,4.972755555555555,-1.77,29.75787111111111,1,0.0,0.0,0.0,0.0,0.0,0.0,0.0,0.0,54951.9,50165.9,50165.9,425.9,2172.2,1452.6,22688.9,0.008489830741599372,0.04330032950669677,0.028955924243360527,0.45227734377336,0,0,1,1,48.0,49926.6,54951.9,53652.0,54045.5,57087.4,0.10065375971926795,-0.023655233031069017,0.03886125866439559,0,1,0
853,hv60075581,2009-04-14,2009.0,4.0,HI,"12 km S of Volcano, Hawaii",19.328,-155.2105,9.028,4.91,ml,reviewed,hv,hv,225,6.9,4.972755555555555,-1.77,29.75787111111111,1,0.0,0.0,0.0,0.0,0.0,0.0,0.0,0.0,74118.5,64464.3,64464.3,453.1,4197.5,1327.7,43792.7,0.007028696503335955,0.06511355897760465,0.020595895712820896,0.6793325918376527,0,0,1,1,52.1,76830.2,74118.5,76130.2,77174.2,78694.0,-0.03529471483869621,0.027141671782348498,0.061732226097398084,2,1,2
854,ak0094vdz8pv,2009-04-16,2009.0,4.0,AK,"95 km NW of Elfin Cove, Alaska",58.7127,-137.641,14.9,4.5,mw,reviewed,ak,ak,225,6.9,4.972755555555555,-1.77,29.75787111111111,1,0.0,0.0,0.0,0.0,0.0,0.0,0.0,0.0,54951.9,50165.9,50165.9,425.9,2172.2,1452.6,22688.9,0.008489830741599372,0.04330032950669677,0.028955924243360527,0.45227734377336,0,0,1,1,48.0,49926.6,54951.9,53652.0,54045.5,57087.4,0.10065375971926795,-0.023655233031069017,0.03886125866439559,0,1,0
855,usp000gwer,2009-04-21,2009.0,4.0,AK,"Andreanof Islands, Aleutian Islands, Alaska",52.257,-173.436,55.5,5.2,mwc,reviewed,us,gcmt,225,6.9,4.972755555555555,-1.77,29.75787111111111,1,0.0,0.0,0.0,0.0,0.0,0.0,0.0,0.0,54951.9,50165.9,50165.9,425.9,2172.2,1452.6,22688.9,0.008489830741599372,0.04330032950669677,0.028955924243360527,0.45227734377336,0,0,1,0,55.0,49926.6,54951.9,53652.0,54045.5,57087.4,0.10065375971926795,-0.023655233031069017,0.03886125866439559,0,1,0
856,usp000gwft,2009-04-22,2009.0,4.0,AK,"62 km SW of Nikolski, Alaska",52.538,-169.514,19.0,4.5,mb,reviewed,aeic,us,225,6.9,4.972755555555555,-1.77,29.75787111111111,1,0.0,0.0,0.0,0.0,0.0,0.0,0.0,0.0,54951.9,50165.9,50165.9,425.9,2172.2,1452.6,22688.9,0.008489830741599372,0.04330032950669677,0.028955924243360527,0.45227734377336,0,0,1,1,48.0,49926.6,54951.9,53652.0,54045.5,57087.4,0.10065375971926795,-0.023655233031069017,0.03886125866439559,0,1,0
857,usp000gwkc,2009-04-26,2009.0,4.0,AK,"174 km SSE of Unalaska, Alaska",52.457,-165.401,35.0,4.9,mb,reviewed,us,us,225,6.9,4.972755555555555,-1.77,29.75787111111111,1,0.0,0.0,0.0,0.0,0.0,0.0,0.0,0.0,54951.9,50165.9,50165.9,425.9,2172.2,1452.6,22688.9,0.008489830741599372,0.04330032950669677,0.028955924243360527,0.45227734377336,0,0,1,0,52.0,49926.6,54951.9,53652.0,54045.5,57087.4,0.10065375971926795,-0.023655233031069017,0.03886125866439559,0,1,0
858,usp000gwrk,2009-05-02,2009.0,5.0,AK,"78 km SE of King Cove, Alaska",54.531,-161.52,9.4,5.6,mwc,reviewed,aeic,gcmt,225,6.9,4.972755555555555,-1.77,29.75787111111111,1,0.0,0.0,0.0,0.0,0.0,0.0,0.0,0.0,54951.9,50165.9,50165.9,425.9,2172.2,1452.6,22688.9,0.008489830741599372,0.04330032950669677,0.028955924243360527,0.45227734377336,0,0,1,1,59.0,49926.6,54951.9,53652.0,54045.5,57087.4,0.10065375971926795,-0.023655233031069017,0.03886125866439559,0,1,0
859,ak00967jweb4,2009-05-15,2009.0,5.0,AK,"129 km SE of Old Harbor, Alaska",56.268,-152.0409,9.6,4.9,mw,reviewed,ak,ak,225,6.9,4.972755555555555,-1.77,29.75787111111111,1,0.0,0.0,0.0,0.0,0.0,0.0,0.0,0.0,54951.9,50165.9,50165.9,425.9,2172.2,1452.6,22688.9,0.008489830741599372,0.04330032950669677,0.028955924243360527,0.45227734377336,0,0,1,1,52.0,49926.6,54951.9,53652.0,54045.5,57087.4,0.10065375971926795,-0.023655233031069017,0.03886125866439559,0,1,0
860,ak00967kets1,2009-05-15,2009.0,5.0,AK,"132 km SE of Old Harbor, Alaska",56.2635,-151.9842,10.0,5.2,mw,reviewed,ak,ak,225,6.9,4.972755555555555,-1.77,29.75787111111111,1,0.0,0.0,0.0,0.0,0.0,0.0,0.0,0.0,54951.9,50165.9,50165.9,425.9,2172.2,1452.6,22688.9,0.008489830741599372,0.04330032950669677,0.028955924243360527,0.45227734377336,0,0,1,1,55.0,49926.6,54951.9,53652.0,54045.5,57087.4,0.10065375971926795,-0.023655233031069017,0.03886125866439559,0,1,0
861,ak009697xs3z,2009-05-16,2009.0,5.0,AK,"136 km SE of Old Harbor, Alaska",56.2256,-151.972,10.0,5.9,mw,reviewed,ak,ak,225,6.9,4.972755555555555,-1.77,29.75787111111111,1,0.0,0.0,0.0,0.0,0.0,0.0,0.0,0.0,54951.9,50165.9,50165.9,425.9,2172.2,1452.6,22688.9,0.008489830741599372,0.04330032950669677,0.028955924243360527,0.45227734377336,0,0,1,1,62.0,49926.6,54951.9,53652.0,54045.5,57087.4,0.10065375971926795,-0.023655233031069017,0.03886125866439559,0,1,0
862,ak009698iq2e,2009-05-16,2009.0,5.0,AK,"121 km SSE of Old Harbor, Alaska",56.2645,-152.2999,3.2,4.5,mb,reviewed,ak,ak,225,6.9,4.972755555555555,-1.77,29.75787111111111,1,0.0,0.0,0.0,0.0,0.0,0.0,0.0,0.0,54951.9,50165.9,50165.9,425.9,2172.2,1452.6,22688.9,0.008489830741599372,0.04330032950669677,0.028955924243360527,0.45227734377336,0,0,1,1,48.0,49926.6,54951.9,53652.0,54045.5,57087.4,0.10065375971926795,-0.023655233031069017,0.03886125866439559,0,1,0
863,ak009699rkow,2009-05-16,2009.0,5.0,AK,"113 km SE of Old Harbor, Alaska",56.395,-152.1742,10.0,4.6,mb,reviewed,ak,ak,225,6.9,4.972755555555555,-1.77,29.75787111111111,1,0.0,0.0,0.0,0.0,0.0,0.0,0.0,0.0,54951.9,50165.9,50165.9,425.9,2172.2,1452.6,22688.9,0.008489830741599372,0.04330032950669677,0.028955924243360527,0.45227734377336,0,0,1,1,49.0,49926.6,54951.9,53652.0,54045.5,57087.4,0.10065375971926795,-0.023655233031069017,0.03886125866439559,0,1,0
864,ak0096akt0v8,2009-05-17,2009.0,5.0,AK,"124 km SE of Old Harbor, Alaska",56.312,-152.0681,10.0,4.6,mb,reviewed,ak,ak,225,6.9,4.972755555555555,-1.77,29.75787111111111,1,0.0,0.0,0.0,0.0,0.0,0.0,0.0,0.0,54951.9,50165.9,50165.9,425.9,2172.2,1452.6,22688.9,0.008489830741599372,0.04330032950669677,0.028955924243360527,0.45227734377336,0,0,1,1,49.0,49926.6,54951.9,53652.0,54045.5,57087.4,0.10065375971926795,-0.023655233031069017,0.03886125866439559,0,1,0
865,usp000gxxf,2009-06-06,2009.0,6.0,AK,"79 km SE of False Pass, Alaska",54.306,-162.631,42.6,5.3,mwc,reviewed,us,gcmt,225,6.9,4.972755555555555,-1.77,29.75787111111111,1,0.0,0.0,0.0,0.0,0.0,0.0,0.0,0.0,54951.9,50165.9,50165.9,425.9,2172.2,1452.6,22688.9,0.008489830741599372,0.04330032950669677,0.028955924243360527,0.45227734377336,0,0,1,0,56.0,49926.6,54951.9,53652.0,54045.5,57087.4,0.10065375971926795,-0.023655233031069017,0.03886125866439559,0,1,0
866,usp000gy3a,2009-06-11,2009.0,6.0,AK,"240 km WSW of Adak, Alaska",51.111,-179.878,15.5,4.6,mb,reviewed,aeic,us,225,6.9,4.972755555555555,-1.77,29.75787111111111,1,0.0,0.0,0.0,0.0,0.0,0.0,0.0,0.0,54951.9,50165.9,50165.9,425.9,2172.2,1452.6,22688.9,0.008489830741599372,0.04330032950669677,0.028955924243360527,0.45227734377336,0,0,1,1,49.0,49926.6,54951.9,53652.0,54045.5,57087.4,0.10065375971926795,-0.023655233031069017,0.03886125866439559,0,1,0
867,usp000gy9v,2009-06-17,2009.0,6.0,AK,"96 km SW of Atka, Alaska",51.606,-175.234,31.0,5.6,mwc,reviewed,us,gcmt,225,6.9,4.972755555555555,-1.77,29.75787111111111,1,0.0,0.0,0.0,0.0,0.0,0.0,0.0,0.0,54951.9,50165.9,50165.9,425.9,2172.2,1452.6,22688.9,0.008489830741599372,0.04330032950669677,0.028955924243360527,0.45227734377336,0,0,1,0,59.0,49926.6,54951.9,53652.0,54045.5,57087.4,0.10065375971926795,-0.023655233031069017,0.03886125866439559,0,1,0
868,usp000gy9w,2009-06-17,2009.0,6.0,AK,"102 km SW of Atka, Alaska",51.526,-175.215,8.4,4.9,mb,reviewed,aeic,us,225,6.9,4.972755555555555,-1.77,29.75787111111111,1,0.0,0.0,0.0,0.0,0.0,0.0,0.0,0.0,54951.9,50165.9,50165.9,425.9,2172.2,1452.6,22688.9,0.008489830741599372,0.04330032950669677,0.028955924243360527,0.45227734377336,0,0,1,1,52.0,49926.6,54951.9,53652.0,54045.5,57087.4,0.10065375971926795,-0.023655233031069017,0.03886125866439559,0,1,0
869,usp000gye6,2009-06-21,2009.0,6.0,AK,"81 km S of Nikolski, Alaska",52.214,-168.648,8.7,4.5,mb,reviewed,aeic,us,225,6.9,4.972755555555555,-1.77,29.75787111111111,1,0.0,0.0,0.0,0.0,0.0,0.0,0.0,0.0,54951.9,50165.9,50165.9,425.9,2172.2,1452.6,22688.9,0.008489830741599372,0.04330032950669677,0.028955924243360527,0.45227734377336,0,0,1,1,48.0,49926.6,54951.9,53652.0,54045.5,57087.4,0.10065375971926795,-0.023655233031069017,0.03886125866439559,0,1,0
870,ak0097yfgadg,2009-06-22,2009.0,6.0,AK,"36 km E of Skwentna, Alaska",61.9391,-150.704,64.6,5.4,mw,reviewed,ak,ak,225,6.9,4.972755555555555,-1.77,29.75787111111111,1,0.0,0.0,0.0,0.0,0.0,0.0,0.0,0.0,54951.9,50165.9,50165.9,425.9,2172.2,1452.6,22688.9,0.008489830741599372,0.04330032950669677,0.028955924243360527,0.45227734377336,0,0,1,0,57.0,49926.6,54951.9,53652.0,54045.5,57087.4,0.10065375971926795,-0.023655233031069017,0.03886125866439559,0,1,0
871,usp000gyg7,2009-06-22,2009.0,6.0,AK,"127 km WSW of Adak, Alaska",51.277,-178.201,35.0,5.7,mwc,reviewed,us,gcmt,225,6.9,4.972755555555555,-1.77,29.75787111111111,1,0.0,0.0,0.0,0.0,0.0,0.0,0.0,0.0,54951.9,50165.9,50165.9,425.9,2172.2,1452.6,22688.9,0.008489830741599372,0.04330032950669677,0.028955924243360527,0.45227734377336,0,0,1,0,60.0,49926.6,54951.9,53652.0,54045.5,57087.4,0.10065375971926795,-0.023655233031069017,0.03886125866439559,0,1,0
872,usp000gygd,2009-06-22,2009.0,6.0,AK,"126 km WSW of Adak, Alaska",51.346,-178.248,29.0,5.4,mwb,reviewed,us,us,225,6.9,4.972755555555555,-1.77,29.75787111111111,1,0.0,0.0,0.0,0.0,0.0,0.0,0.0,0.0,54951.9,50165.9,50165.9,425.9,2172.2,1452.6,22688.9,0.008489830741599372,0.04330032950669677,0.028955924243360527,0.45227734377336,0,0,1,0,57.0,49926.6,54951.9,53652.0,54045.5,57087.4,0.10065375971926795,-0.023655233031069017,0.03886125866439559,0,1,0
873,usp000gywk,2009-07-03,2009.0,7.0,CO,"55 km SW of Campo Pesquero el Colorado, Mexico",25.389,-109.687,10.0,5.3,mwc,reviewed,us,gcmt,225,6.9,4.972755555555555,-1.77,29.75787111111111,1,0.0,0.0,0.0,0.0,0.0,0.0,0.0,0.0,275659.1,249817.1,249817.1,2027.3,11466.6,19395.2,173393.4,0.00811513703425426,0.04589998042567943,0.07763759966791704,0.6940813899448837,0,0,1,1,56.0,281803.3,275659.1,279385.6,283963.8,289339.5,-0.02180315134705666,0.013518508911913302,0.04962796439515338,2,1,2
874,usp000gyws,2009-07-03,2009.0,7.0,CO,"82 km SSW of Campo Pesquero el Colorado, Mexico",25.131,-109.754,10.0,6.0,mwc,reviewed,us,us,225,6.9,4.972755555555555,-1.77,29.75787111111111,1,0.0,0.0,0.0,0.0,0.0,0.0,0.0,0.0,275659.1,249817.1,249817.1,2027.3,11466.6,19395.2,173393.4,0.00811513703425426,0.04589998042567943,0.07763759966791704,0.6940813899448837,0,1,1,1,73.0,281803.3,275659.1,279385.6,283963.8,289339.5,-0.02180315134705666,0.013518508911913302,0.04962796439515338,2,1,2
875,usp000gz2z,2009-07-10,2009.0,7.0,OR,off the coast of Oregon,44.53,-129.929,10.0,5.3,mwc,reviewed,us,gcmt,225,6.9,4.972755555555555,-1.77,29.75787111111111,1,0.0,0.0,0.0,0.0,0.0,0.0,0.0,0.0,176951.6,159330.4,159330.4,3106.4,6438.9,24682.6,101681.0,0.019496593242720787,0.040412250267368936,0.15491456746484036,0.6381770208321828,0,0,1,1,56.0,184842.6,176951.6,180738.2,185959.4,187352.4,-0.042690375487036,0.021399071836592638,0.058777654454664374,2,1,2
876,usp000gz8c,2009-07-15,2009.0,7.0,AK,"129 km WSW of Adak, Alaska",51.321,-178.279,58.7,5.1,mwc,reviewed,us,gcmt,225,6.9,4.972755555555555,-1.77,29.75787111111111,1,0.0,0.0,0.0,0.0,0.0,0.0,0.0,0.0,54951.9,50165.9,50165.9,425.9,2172.2,1452.6,22688.9,0.008489830741599372,0.04330032950669677,0.028955924243360527,0.45227734377336,0,0,1,0,54.0,49926.6,54951.9,53652.0,54045.5,57087.4,0.10065375971926795,-0.023655233031069017,0.03886125866439559,0,1,0
877,ak0099gpk89q,2009-07-25,2009.0,7.0,AK,"181 km SE of Cordova, Alaska",59.2961,-143.6646,10.2,5.6,mw,reviewed,ak,ak,225,6.9,4.972755555555555,-1.77,29.75787111111111,1,0.0,0.0,0.0,0.0,0.0,0.0,0.0,0.0,54951.9,50165.9,50165.9,425.9,2172.2,1452.6,22688.9,0.008489830741599372,0.04330032950669677,0.028955924243360527,0.45227734377336,0,0,1,1,59.0,49926.6,54951.9,53652.0,54045.5,57087.4,0.10065375971926795,-0.023655233031069017,0.03886125866439559,0,1,0
878,usp000h02a,2009-08-07,2009.0,8.0,AK,"233 km SW of Adak, Alaska",50.323,-178.881,41.1,4.5,mb,reviewed,us,us,225,6.9,4.972755555555555,-1.77,29.75787111111111,1,0.0,0.0,0.0,0.0,0.0,0.0,0.0,0.0,54951.9,50165.9,50165.9,425.9,2172.2,1452.6,22688.9,0.008489830741599372,0.04330032950669677,0.028955924243360527,0.45227734377336,0,0,1,0,48.0,49926.6,54951.9,53652.0,54045.5,57087.4,0.10065375971926795,-0.023655233031069017,0.03886125866439559,0,1,0
879,usp000h066,2009-08-11,2009.0,8.0,AK,"92 km SE of Atka, Alaska",51.674,-173.147,40.9,4.5,mb,reviewed,us,us,225,6.9,4.972755555555555,-1.77,29.75787111111111,1,0.0,0.0,0.0,0.0,0.0,0.0,0.0,0.0,54951.9,50165.9,50165.9,425.9,2172.2,1452.6,22688.9,0.008489830741599372,0.04330032950669677,0.028955924243360527,0.45227734377336,0,0,1,0,48.0,49926.6,54951.9,53652.0,54045.5,57087.4,0.10065375971926795,-0.023655233031069017,0.03886125866439559,0,1,0
880,usp000h0nk,2009-08-19,2009.0,8.0,AK,"73 km SE of Atka, Alaska",51.649,-173.595,46.4,4.9,mb,reviewed,us,us,225,6.9,4.972755555555555,-1.77,29.75787111111111,1,0.0,0.0,0.0,0.0,0.0,0.0,0.0,0.0,54951.9,50165.9,50165.9,425.9,2172.2,1452.6,22688.9,0.008489830741599372,0.04330032950669677,0.028955924243360527,0.45227734377336,0,0,1,0,52.0,49926.6,54951.9,53652.0,54045.5,57087.4,0.10065375971926795,-0.023655233031069017,0.03886125866439559,0,1,0
881,usp000h0nn,2009-08-20,2009.0,8.0,AK,"81 km SSE of Atka, Alaska",51.591,-173.543,38.4,4.6,mb,reviewed,us,us,225,6.9,4.972755555555555,-1.77,29.75787111111111,1,0.0,0.0,0.0,0.0,0.0,0.0,0.0,0.0,54951.9,50165.9,50165.9,425.9,2172.2,1452.6,22688.9,0.008489830741599372,0.04330032950669677,0.028955924243360527,0.45227734377336,0,0,1,0,49.0,49926.6,54951.9,53652.0,54045.5,57087.4,0.10065375971926795,-0.023655233031069017,0.03886125866439559,0,1,0
882,ak009arcwcgn,2009-08-22,2009.0,8.0,AK,"66 km SE of Denali National Park, Alaska",63.1967,-150.6275,133.7,4.6,mb,reviewed,ak,ak,225,6.9,4.972755555555555,-1.77,29.75787111111111,1,0.0,0.0,0.0,0.0,0.0,0.0,0.0,0.0,54951.9,50165.9,50165.9,425.9,2172.2,1452.6,22688.9,0.008489830741599372,0.04330032950669677,0.028955924243360527,0.45227734377336,0,0,0,0,46.0,49926.6,54951.9,53652.0,54045.5,57087.4,0.10065375971926795,-0.023655233031069017,0.03886125866439559,0,1,0
883,ak009bcna4k1,2009-09-04,2009.0,9.0,AK,"113 km SSE of Akhiok, Alaska",56.0405,-153.3343,4.5,4.7,mb,reviewed,ak,ak,225,6.9,4.972755555555555,-1.77,29.75787111111111,1,0.0,0.0,0.0,0.0,0.0,0.0,0.0,0.0,54951.9,50165.9,50165.9,425.9,2172.2,1452.6,22688.9,0.008489830741599372,0.04330032950669677,0.028955924243360527,0.45227734377336,0,0,1,1,50.0,49926.6,54951.9,53652.0,54045.5,57087.4,0.10065375971926795,-0.023655233031069017,0.03886125866439559,0,1,0
884,ak009cbdnmfu,2009-09-25,2009.0,9.0,AK,"148 km NNW of Diomede, Alaska",67.0308,-169.8944,11.5,5.1,mw,reviewed,ak,ak,225,6.9,4.972755555555555,-1.77,29.75787111111111,1,0.0,0.0,0.0,0.0,0.0,0.0,0.0,0.0,54951.9,50165.9,50165.9,425.9,2172.2,1452.6,22688.9,0.008489830741599372,0.04330032950669677,0.028955924243360527,0.45227734377336,0,0,1,1,54.0,49926.6,54951.9,53652.0,54045.5,57087.4,0.10065375971926795,-0.023655233031069017,0.03886125866439559,0,1,0
885,usp000h28d,2009-10-02,2009.0,10.0,AK,"74 km S of Adak, Alaska",51.216,-176.842,5.4,4.9,mb,reviewed,aeic,us,225,6.9,4.972755555555555,-1.77,29.75787111111111,1,0.0,0.0,0.0,0.0,0.0,0.0,0.0,0.0,54951.9,50165.9,50165.9,425.9,2172.2,1452.6,22688.9,0.008489830741599372,0.04330032950669677,0.028955924243360527,0.45227734377336,0,0,1,1,52.0,49926.6,54951.9,53652.0,54045.5,57087.4,0.10065375971926795,-0.023655233031069017,0.03886125866439559,0,1,0
886,usp000h2jj,2009-10-08,2009.0,10.0,CA,"Baja California, Mexico",30.061,-114.073,10.0,4.6,mb,reviewed,us,us,225,6.9,4.972755555555555,-1.77,29.75787111111111,1,0.0,0.0,0.0,0.0,0.0,0.0,0.0,0.0,2110679.4,1879809.5,1879809.5,24925.1,65281.1,226538.7,1290682.4,0.013259375484590327,0.034727508292728596,0.12051151991731078,0.6866027648014333,0,0,1,1,49.0,2192331.8,2110679.4,2153852.8,2192887.2,2255437.3,-0.037244544826654395,0.0204547407815701,0.0685835565552968,2,1,2
887,usp000h2ug,2009-10-13,2009.0,10.0,AK,"136 km ESE of Nikolski, Alaska",52.592,-166.925,9.5,4.7,mb,reviewed,aeic,us,225,6.9,4.972755555555555,-1.77,29.75787111111111,1,0.0,0.0,0.0,0.0,0.0,0.0,0.0,0.0,54951.9,50165.9,50165.9,425.9,2172.2,1452.6,22688.9,0.008489830741599372,0.04330032950669677,0.028955924243360527,0.45227734377336,0,0,1,1,50.0,49926.6,54951.9,53652.0,54045.5,57087.4,0.10065375971926795,-0.023655233031069017,0.03886125866439559,0,1,0
888,usp000h2v8,2009-10-13,2009.0,10.0,AK,"122 km E of Nikolski, Alaska",52.77,-167.062,38.3,4.7,mb,reviewed,us,us,225,6.9,4.972755555555555,-1.77,29.75787111111111,1,0.0,0.0,0.0,0.0,0.0,0.0,0.0,0.0,54951.9,50165.9,50165.9,425.9,2172.2,1452.6,22688.9,0.008489830741599372,0.04330032950669677,0.028955924243360527,0.45227734377336,0,0,1,0,50.0,49926.6,54951.9,53652.0,54045.5,57087.4,0.10065375971926795,-0.023655233031069017,0.03886125866439559,0,1,0
889,usp000h2yn,2009-10-15,2009.0,10.0,AK,"114 km S of Unalaska, Alaska",52.853,-166.75,20.0,5.5,mwc,reviewed,us,gcmt,225,6.9,4.972755555555555,-1.77,29.75787111111111,1,0.0,0.0,0.0,0.0,0.0,0.0,0.0,0.0,54951.9,50165.9,50165.9,425.9,2172.2,1452.6,22688.9,0.008489830741599372,0.04330032950669677,0.028955924243360527,0.45227734377336,0,0,1,1,58.0,49926.6,54951.9,53652.0,54045.5,57087.4,0.10065375971926795,-0.023655233031069017,0.03886125866439559,0,1,0
890,usp000h2zc,2009-10-15,2009.0,10.0,AK,"127 km S of Unalaska, Alaska",52.734,-166.683,10.0,4.9,mb,reviewed,us,us,225,6.9,4.972755555555555,-1.77,29.75787111111111,1,0.0,0.0,0.0,0.0,0.0,0.0,0.0,0.0,54951.9,50165.9,50165.9,425.9,2172.2,1452.6,22688.9,0.008489830741599372,0.04330032950669677,0.028955924243360527,0.45227734377336,0,0,1,1,52.0,49926.6,54951.9,53652.0,54045.5,57087.4,0.10065375971926795,-0.023655233031069017,0.03886125866439559,0,1,0
891,usp000h317,2009-10-15,2009.0,10.0,AK,"70 km ESE of Adak, Alaska",51.529,-175.773,24.6,4.6,mb,reviewed,aeic,us,225,6.9,4.972755555555555,-1.77,29.75787111111111,1,0.0,0.0,0.0,0.0,0.0,0.0,0.0,0.0,54951.9,50165.9,50165.9,425.9,2172.2,1452.6,22688.9,0.008489830741599372,0.04330032950669677,0.028955924243360527,0.45227734377336,0,0,1,0,49.0,49926.6,54951.9,53652.0,54045.5,57087.4,0.10065375971926795,-0.023655233031069017,0.03886125866439559,0,1,0
892,usp000h31k,2009-10-16,2009.0,10.0,AK,"123 km E of Nikolski, Alaska",52.792,-167.043,34.9,4.7,mb,reviewed,us,us,225,6.9,4.972755555555555,-1.77,29.75787111111111,1,0.0,0.0,0.0,0.0,0.0,0.0,0.0,0.0,54951.9,50165.9,50165.9,425.9,2172.2,1452.6,22688.9,0.008489830741599372,0.04330032950669677,0.028955924243360527,0.45227734377336,0,0,1,0,50.0,49926.6,54951.9,53652.0,54045.5,57087.4,0.10065375971926795,-0.023655233031069017,0.03886125866439559,0,1,0
893,hv60116881,2009-10-23,2009.0,10.0,HI,"43 km ESE of Naalehu, Hawaii",18.8785,-155.2133333,31.441,4.78,ml,reviewed,hv,hv,225,6.9,4.972755555555555,-1.77,29.75787111111111,1,0.0,0.0,0.0,0.0,0.0,0.0,0.0,0.0,74118.5,64464.3,64464.3,453.1,4197.5,1327.7,43792.7,0.007028696503335955,0.06511355897760465,0.020595895712820896,0.6793325918376527,0,0,1,0,50.800000000000004,76830.2,74118.5,76130.2,77174.2,78694.0,-0.03529471483869621,0.027141671782348498,0.061732226097398084,2,1,2
894,usp000h3a7,2009-10-23,2009.0,10.0,AK,"187 km WSW of Adak, Alaska",51.343,-179.2,49.6,4.9,mb,reviewed,us,us,225,6.9,4.972755555555555,-1.77,29.75787111111111,1,0.0,0.0,0.0,0.0,0.0,0.0,0.0,0.0,54951.9,50165.9,50165.9,425.9,2172.2,1452.6,22688.9,0.008489830741599372,0.04330032950669677,0.028955924243360527,0.45227734377336,0,0,1,0,52.0,49926.6,54951.9,53652.0,54045.5,57087.4,0.10065375971926795,-0.023655233031069017,0.03886125866439559,0,1,0
895,usp000h3hs,2009-10-29,2009.0,10.0,AK,"53 km ENE of Atka, Alaska",52.427,-173.513,119.9,4.6,mb,reviewed,us,us,225,6.9,4.972755555555555,-1.77,29.75787111111111,1,0.0,0.0,0.0,0.0,0.0,0.0,0.0,0.0,54951.9,50165.9,50165.9,425.9,2172.2,1452.6,22688.9,0.008489830741599372,0.04330032950669677,0.028955924243360527,0.45227734377336,0,0,0,0,46.0,49926.6,54951.9,53652.0,54045.5,57087.4,0.10065375971926795,-0.023655233031069017,0.03886125866439559,0,1,0
896,usp000h3rm,2009-11-05,2009.0,11.0,AK,"214 km SSW of Nikolski, Alaska",51.26,-170.397,26.2,4.8,mb,reviewed,aeic,us,225,6.9,4.972755555555555,-1.77,29.75787111111111,1,0.0,0.0,0.0,0.0,0.0,0.0,0.0,0.0,54951.9,50165.9,50165.9,425.9,2172.2,1452.6,22688.9,0.008489830741599372,0.04330032950669677,0.028955924243360527,0.45227734377336,0,0,1,0,51.0,49926.6,54951.9,53652.0,54045.5,57087.4,0.10065375971926795,-0.023655233031069017,0.03886125866439559,0,1,0
897,usp000h3vw,2009-11-08,2009.0,11.0,AK,"75 km SSE of Nikolski, Alaska",52.307,-168.454,33.7,5.3,mb,reviewed,us,us,225,6.9,4.972755555555555,-1.77,29.75787111111111,1,0.0,0.0,0.0,0.0,0.0,0.0,0.0,0.0,54951.9,50165.9,50165.9,425.9,2172.2,1452.6,22688.9,0.008489830741599372,0.04330032950669677,0.028955924243360527,0.45227734377336,0,0,1,0,56.0,49926.6,54951.9,53652.0,54045.5,57087.4,0.10065375971926795,-0.023655233031069017,0.03886125866439559,0,1,0
898,usp000h3xb,2009-11-10,2009.0,11.0,AK,"63 km SSE of Nikolski, Alaska",52.39,-168.604,32.1,5.0,mb,reviewed,us,us,225,6.9,4.972755555555555,-1.77,29.75787111111111,1,0.0,0.0,0.0,0.0,0.0,0.0,0.0,0.0,54951.9,50165.9,50165.9,425.9,2172.2,1452.6,22688.9,0.008489830741599372,0.04330032950669677,0.028955924243360527,0.45227734377336,0,0,1,0,53.0,49926.6,54951.9,53652.0,54045.5,57087.4,0.10065375971926795,-0.023655233031069017,0.03886125866439559,0,1,0
899,usp000h43u,2009-11-16,2009.0,11.0,CA,Gulf of California,23.82,-108.92,10.0,4.9,mwc,reviewed,us,gcmt,225,6.9,4.972755555555555,-1.77,29.75787111111111,1,0.0,0.0,0.0,0.0,0.0,0.0,0.0,0.0,2110679.4,1879809.5,1879809.5,24925.1,65281.1,226538.7,1290682.4,0.013259375484590327,0.034727508292728596,0.12051151991731078,0.6866027648014333,0,0,1,1,52.0,2192331.8,2110679.4,2153852.8,2192887.2,2255437.3,-0.037244544826654395,0.0204547407815701,0.0685835565552968,2,1,2
900,usp000h46q,2009-11-19,2009.0,11.0,AK,"164 km ESE of Nikolski, Alaska",52.23,-166.729,27.8,4.5,mb,reviewed,aeic,us,225,6.9,4.972755555555555,-1.77,29.75787111111111,1,0.0,0.0,0.0,0.0,0.0,0.0,0.0,0.0,54951.9,50165.9,50165.9,425.9,2172.2,1452.6,22688.9,0.008489830741599372,0.04330032950669677,0.028955924243360527,0.45227734377336,0,0,1,0,48.0,49926.6,54951.9,53652.0,54045.5,57087.4,0.10065375971926795,-0.023655233031069017,0.03886125866439559,0,1,0
901,usp000h46r,2009-11-19,2009.0,11.0,AK,"88 km SSE of Nikolski, Alaska",52.167,-168.537,5.1,4.7,mb,reviewed,aeic,us,225,6.9,4.972755555555555,-1.77,29.75787111111111,1,0.0,0.0,0.0,0.0,0.0,0.0,0.0,0.0,54951.9,50165.9,50165.9,425.9,2172.2,1452.6,22688.9,0.008489830741599372,0.04330032950669677,0.028955924243360527,0.45227734377336,0,0,1,1,50.0,49926.6,54951.9,53652.0,54045.5,57087.4,0.10065375971926795,-0.023655233031069017,0.03886125866439559,0,1,0
902,usp000h4k7,2009-11-29,2009.0,11.0,AK,"59 km SW of Adak, Alaska",51.445,-177.154,40.9,4.7,mb,reviewed,us,us,225,6.9,4.972755555555555,-1.77,29.75787111111111,1,0.0,0.0,0.0,0.0,0.0,0.0,0.0,0.0,54951.9,50165.9,50165.9,425.9,2172.2,1452.6,22688.9,0.008489830741599372,0.04330032950669677,0.028955924243360527,0.45227734377336,0,0,1,0,50.0,49926.6,54951.9,53652.0,54045.5,57087.4,0.10065375971926795,-0.023655233031069017,0.03886125866439559,0,1,0
903,usp000h4pm,2009-12-03,2009.0,12.0,AK,"51 km SSE of Akutan, Alaska",53.693,-165.518,63.0,5.3,mwc,reviewed,us,gcmt,225,6.9,4.972755555555555,-1.77,29.75787111111111,1,0.0,0.0,0.0,0.0,0.0,0.0,0.0,0.0,54951.9,50165.9,50165.9,425.9,2172.2,1452.6,22688.9,0.008489830741599372,0.04330032950669677,0.028955924243360527,0.45227734377336,0,0,1,0,56.0,49926.6,54951.9,53652.0,54045.5,57087.4,0.10065375971926795,-0.023655233031069017,0.03886125866439559,0,1,0
904,ak009fksmo51,2009-12-05,2009.0,12.0,AK,"58 km ENE of Chalkyitsik, Alaska",66.8191,-142.4722,12.1,4.5,mw,reviewed,ak,ak,225,6.9,4.972755555555555,-1.77,29.75787111111111,1,0.0,0.0,0.0,0.0,0.0,0.0,0.0,0.0,54951.9,50165.9,50165.9,425.9,2172.2,1452.6,22688.9,0.008489830741599372,0.04330032950669677,0.028955924243360527,0.45227734377336,0,0,1,1,48.0,49926.6,54951.9,53652.0,54045.5,57087.4,0.10065375971926795,-0.023655233031069017,0.03886125866439559,0,1,0
905,usp000h4xt,2009-12-10,2009.0,12.0,OR,off the coast of Oregon,44.135,-129.067,10.0,4.9,mb,reviewed,us,us,225,6.9,4.972755555555555,-1.77,29.75787111111111,1,0.0,0.0,0.0,0.0,0.0,0.0,0.0,0.0,176951.6,159330.4,159330.4,3106.4,6438.9,24682.6,101681.0,0.019496593242720787,0.040412250267368936,0.15491456746484036,0.6381770208321828,0,0,1,1,52.0,184842.6,176951.6,180738.2,185959.4,187352.4,-0.042690375487036,0.021399071836592638,0.058777654454664374,2,1,2
906,usp000h50n,2009-12-13,2009.0,12.0,AK,"135 km S of Unalaska, Alaska",52.656,-166.683,4.9,4.7,mb,reviewed,aeic,us,225,6.9,4.972755555555555,-1.77,29.75787111111111,1,0.0,0.0,0.0,0.0,0.0,0.0,0.0,0.0,54951.9,50165.9,50165.9,425.9,2172.2,1452.6,22688.9,0.008489830741599372,0.04330032950669677,0.028955924243360527,0.45227734377336,0,0,1,1,50.0,49926.6,54951.9,53652.0,54045.5,57087.4,0.10065375971926795,-0.023655233031069017,0.03886125866439559,0,1,0
907,ak009g675kd7,2009-12-18,2009.0,12.0,AK,"83 km SE of Pope-Vannoy Landing, Alaska",59.0436,-153.4015,80.7,5.1,mw,reviewed,ak,ak,225,6.9,4.972755555555555,-1.77,29.75787111111111,1,0.0,0.0,0.0,0.0,0.0,0.0,0.0,0.0,54951.9,50165.9,50165.9,425.9,2172.2,1452.6,22688.9,0.008489830741599372,0.04330032950669677,0.028955924243360527,0.45227734377336,0,0,0,0,51.0,49926.6,54951.9,53652.0,54045.5,57087.4,0.10065375971926795,-0.023655233031069017,0.03886125866439559,0,1,0
908,usp000h5g5,2009-12-30,2009.0,12.0,AK,"50 km ESE of Sand Point, Alaska",55.194,-159.748,44.5,4.8,mb,reviewed,us,us,225,6.9,4.972755555555555,-1.77,29.75787111111111,1,0.0,0.0,0.0,0.0,0.0,0.0,0.0,0.0,54951.9,50165.9,50165.9,425.9,2172.2,1452.6,22688.9,0.008489830741599372,0.04330032950669677,0.028955924243360527,0.45227734377336,0,0,1,0,51.0,49926.6,54951.9,53652.0,54045.5,57087.4,0.10065375971926795,-0.023655233031069017,0.03886125866439559,0,1,0
909,usp000h62z,2010-01-13,2010.0,1.0,AK,"19 km WNW of Nikolski, Alaska",52.987,-169.148,97.8,4.5,mb,reviewed,aeic,us,430,7.2,4.889976744186047,0.002,26.30866511627907,1,0.0,0.0,0.0,0.0,0.0,0.0,0.0,0.0,53652.0,53654.0,53654.0,540.4,2129.5,1107.7,24848.7,0.010071942446043165,0.039689491929772246,0.02064524546166176,0.4631285645059082,0,0,0,0,45.0,54951.9,53652.0,54045.5,57087.4,54627.6,-0.023655233031069017,0.0073343025423097,0.018183851487362977,2,1,2
910,usp000h6kq,2010-01-25,2010.0,1.0,AK,"168 km SSE of Atka, Alaska",50.833,-173.135,27.0,4.6,mb,reviewed,us,us,430,7.2,4.889976744186047,0.002,26.30866511627907,1,0.0,0.0,0.0,0.0,0.0,0.0,0.0,0.0,53652.0,53654.0,53654.0,540.4,2129.5,1107.7,24848.7,0.010071942446043165,0.039689491929772246,0.02064524546166176,0.4631285645059082,0,0,1,0,49.0,54951.9,53652.0,54045.5,57087.4,54627.6,-0.023655233031069017,0.0073343025423097,0.018183851487362977,2,1,2
911,usp000h6mf,2010-01-25,2010.0,1.0,AK,"140 km SW of Adak, Alaska",50.997,-178.09,10.7,5.3,mb,reviewed,aeic,us,430,7.2,4.889976744186047,0.002,26.30866511627907,1,0.0,0.0,0.0,0.0,0.0,0.0,0.0,0.0,53652.0,53654.0,53654.0,540.4,2129.5,1107.7,24848.7,0.010071942446043165,0.039689491929772246,0.02064524546166176,0.4631285645059082,0,0,1,1,56.0,54951.9,53652.0,54045.5,57087.4,54627.6,-0.023655233031069017,0.0073343025423097,0.018183851487362977,2,1,2
912,nc71348851,2010-02-04,2010.0,2.0,CA,"61 km WSW of Ferndale, California",40.4123333,-124.9613333,23.048,5.88,mw,reviewed,nc,nc,430,7.2,4.889976744186047,0.002,26.30866511627907,1,2.0,0.0,35.0,43.0,0.0,0.0,0.0,6.5,2153852.8,1938603.3,1938603.3,28237.3,61615.7,219571.0,1352941.2,0.014565795900584714,0.03178355262265364,0.11326247097588248,0.6978948194300505,1,0,1,0,66.8,2110679.4,2153852.8,2192887.2,2255437.3,2340335.3,0.0204547407815701,0.018123058363134367,0.08658089355038562,0,1,0
913,ak0101z611hh,2010-02-12,2010.0,2.0,AK,"146 km SE of Old Harbor, Alaska",56.2148,-151.7389,10.5,4.7,mw,reviewed,ak,ak,430,7.2,4.889976744186047,0.002,26.30866511627907,1,0.0,0.0,0.0,0.0,0.0,0.0,0.0,0.0,53652.0,53654.0,53654.0,540.4,2129.5,1107.7,24848.7,0.010071942446043165,0.039689491929772246,0.02064524546166176,0.4631285645059082,0,0,1,1,50.0,54951.9,53652.0,54045.5,57087.4,54627.6,-0.023655233031069017,0.0073343025423097,0.018183851487362977,2,1,2
914,usp000h7nw,2010-02-25,2010.0,2.0,AK,"49 km ESE of Adak, Alaska",51.701,-175.976,48.2,4.9,mwc,reviewed,us,gcmt,430,7.2,4.889976744186047,0.002,26.30866511627907,1,0.0,0.0,0.0,0.0,0.0,0.0,0.0,0.0,53652.0,53654.0,53654.0,540.4,2129.5,1107.7,24848.7,0.010071942446043165,0.039689491929772246,0.02064524546166176,0.4631285645059082,0,0,1,0,52.0,54951.9,53652.0,54045.5,57087.4,54627.6,-0.023655233031069017,0.0073343025423097,0.018183851487362977,2,1,2
915,usp000h90n,2010-03-09,2010.0,3.0,AK,"91 km SSE of Atka, Alaska",51.482,-173.529,35.0,4.6,mb,reviewed,us,us,430,7.2,4.889976744186047,0.002,26.30866511627907,1,0.0,0.0,0.0,0.0,0.0,0.0,0.0,0.0,53652.0,53654.0,53654.0,540.4,2129.5,1107.7,24848.7,0.010071942446043165,0.039689491929772246,0.02064524546166176,0.4631285645059082,0,0,1,0,49.0,54951.9,53652.0,54045.5,57087.4,54627.6,-0.023655233031069017,0.0073343025423097,0.018183851487362977,2,1,2
916,usp000h90p,2010-03-09,2010.0,3.0,AK,"81 km SE of Atka, Alaska",51.591,-173.529,35.0,4.5,mb,reviewed,us,us,430,7.2,4.889976744186047,0.002,26.30866511627907,1,0.0,0.0,0.0,0.0,0.0,0.0,0.0,0.0,53652.0,53654.0,53654.0,540.4,2129.5,1107.7,24848.7,0.010071942446043165,0.039689491929772246,0.02064524546166176,0.4631285645059082,0,0,1,0,48.0,54951.9,53652.0,54045.5,57087.4,54627.6,-0.023655233031069017,0.0073343025423097,0.018183851487362977,2,1,2
917,usp000h92a,2010-03-10,2010.0,3.0,AK,"80 km SE of Atka, Alaska",51.647,-173.437,51.6,4.9,mb,reviewed,us,us,430,7.2,4.889976744186047,0.002,26.30866511627907,1,0.0,0.0,0.0,0.0,0.0,0.0,0.0,0.0,53652.0,53654.0,53654.0,540.4,2129.5,1107.7,24848.7,0.010071942446043165,0.039689491929772246,0.02064524546166176,0.4631285645059082,0,0,1,0,52.0,54951.9,53652.0,54045.5,57087.4,54627.6,-0.023655233031069017,0.0073343025423097,0.018183851487362977,2,1,2
918,usp000h9rj,2010-03-20,2010.0,3.0,AK,"204 km SE of Nikolski, Alaska",51.884,-166.404,17.4,5.1,mb,reviewed,us,us,430,7.2,4.889976744186047,0.002,26.30866511627907,1,0.0,0.0,0.0,0.0,0.0,0.0,0.0,0.0,53652.0,53654.0,53654.0,540.4,2129.5,1107.7,24848.7,0.010071942446043165,0.039689491929772246,0.02064524546166176,0.4631285645059082,0,0,1,1,54.0,54951.9,53652.0,54045.5,57087.4,54627.6,-0.023655233031069017,0.0073343025423097,0.018183851487362977,2,1,2
919,ak0103q3g7gp,2010-03-22,2010.0,3.0,AK,"58 km SSW of Shungnak, Alaska",66.4029,-157.6365,20.6,4.5,mw,reviewed,ak,ak,430,7.2,4.889976744186047,0.002,26.30866511627907,1,0.0,0.0,0.0,0.0,0.0,0.0,0.0,0.0,53652.0,53654.0,53654.0,540.4,2129.5,1107.7,24848.7,0.010071942446043165,0.039689491929772246,0.02064524546166176,0.4631285645059082,0,0,1,0,48.0,54951.9,53652.0,54045.5,57087.4,54627.6,-0.023655233031069017,0.0073343025423097,0.018183851487362977,2,1,2
920,ak0103q4pmcm,2010-03-22,2010.0,3.0,AK,"116 km E of Chignik, Alaska",56.3124,-156.5276,3.2,4.7,mb,reviewed,ak,ak,430,7.2,4.889976744186047,0.002,26.30866511627907,1,0.0,0.0,0.0,0.0,0.0,0.0,0.0,0.0,53652.0,53654.0,53654.0,540.4,2129.5,1107.7,24848.7,0.010071942446043165,0.039689491929772246,0.02064524546166176,0.4631285645059082,0,0,1,1,50.0,54951.9,53652.0,54045.5,57087.4,54627.6,-0.023655233031069017,0.0073343025423097,0.018183851487362977,2,1,2
921,ak0104gorpek,2010-04-07,2010.0,4.0,AK,"5 km SSW of Meadow Lakes, Alaska",61.5795,-149.6519,35.3,4.6,mw,reviewed,ak,ak,430,7.2,4.889976744186047,0.002,26.30866511627907,1,0.0,0.0,0.0,0.0,0.0,0.0,0.0,0.0,53652.0,53654.0,53654.0,540.4,2129.5,1107.7,24848.7,0.010071942446043165,0.039689491929772246,0.02064524546166176,0.4631285645059082,0,0,1,0,49.0,54951.9,53652.0,54045.5,57087.4,54627.6,-0.023655233031069017,0.0073343025423097,0.018183851487362977,2,1,2
922,usp000hav8,2010-04-07,2010.0,4.0,AK,"46 km E of Atka, Alaska",52.174,-173.525,64.1,5.2,mwc,reviewed,us,gcmt,430,7.2,4.889976744186047,0.002,26.30866511627907,1,0.0,0.0,0.0,0.0,0.0,0.0,0.0,0.0,53652.0,53654.0,53654.0,540.4,2129.5,1107.7,24848.7,0.010071942446043165,0.039689491929772246,0.02064524546166176,0.4631285645059082,0,0,1,0,55.0,54951.9,53652.0,54045.5,57087.4,54627.6,-0.023655233031069017,0.0073343025423097,0.018183851487362977,2,1,2
923,usp000hbaj,2010-04-13,2010.0,4.0,AK,"98 km SSW of Sand Point, Alaska",54.506,-161.024,42.6,4.6,mb,reviewed,us,us,430,7.2,4.889976744186047,0.002,26.30866511627907,1,0.0,0.0,0.0,0.0,0.0,0.0,0.0,0.0,53652.0,53654.0,53654.0,540.4,2129.5,1107.7,24848.7,0.010071942446043165,0.039689491929772246,0.02064524546166176,0.4631285645059082,0,0,1,0,49.0,54951.9,53652.0,54045.5,57087.4,54627.6,-0.023655233031069017,0.0073343025423097,0.018183851487362977,2,1,2
924,nc71382461,2010-04-15,2010.0,4.0,CA,"131 km WSW of Ferndale, California",40.2703333,-125.7648333,29.102,4.52,mw,reviewed,nc,nc,430,7.2,4.889976744186047,0.002,26.30866511627907,1,2.0,0.0,35.0,43.0,0.0,0.0,0.0,6.5,2153852.8,1938603.3,1938603.3,28237.3,61615.7,219571.0,1352941.2,0.014565795900584714,0.03178355262265364,0.11326247097588248,0.6978948194300505,1,0,1,0,53.199999999999996,2110679.4,2153852.8,2192887.2,2255437.3,2340335.3,0.0204547407815701,0.018123058363134367,0.08658089355038562,0,1,0
925,uu50407595,2010-04-15,2010.0,4.0,UT,"9 km NE of Randolph, Utah",41.7133333,-111.094,10.16,4.89,ml,reviewed,uu,uu,430,7.2,4.889976744186047,0.002,26.30866511627907,1,0.0,0.0,0.0,0.0,0.0,0.0,0.0,0.0,133739.1,118296.3,118296.3,560.7,5231.0,17377.9,74206.6,0.004739793214158009,0.04421947262932146,0.146901466909785,0.6272943447935396,0,0,1,1,51.9,130958.6,133739.1,138301.1,140622.5,145026.9,0.021231900768639858,0.034111191117631265,0.08440164469478251,0,1,0
926,usp000hbhd,2010-04-17,2010.0,4.0,CA,"250 km W of Ferndale, California",40.392,-127.205,10.0,4.5,mb,reviewed,us,us,430,7.2,4.889976744186047,0.002,26.30866511627907,1,2.0,0.0,35.0,43.0,0.0,0.0,0.0,6.5,2153852.8,1938603.3,1938603.3,28237.3,61615.7,219571.0,1352941.2,0.014565795900584714,0.03178355262265364,0.11326247097588248,0.6978948194300505,1,0,1,1,53.0,2110679.4,2153852.8,2192887.2,2255437.3,2340335.3,0.0204547407815701,0.018123058363134367,0.08658089355038562,0,1,0
927,usp000hc46,2010-04-30,2010.0,4.0,AK,"52 km SE of Nikolski, Alaska",52.67,-168.216,18.2,4.5,mb,reviewed,aeic,us,430,7.2,4.889976744186047,0.002,26.30866511627907,1,0.0,0.0,0.0,0.0,0.0,0.0,0.0,0.0,53652.0,53654.0,53654.0,540.4,2129.5,1107.7,24848.7,0.010071942446043165,0.039689491929772246,0.02064524546166176,0.4631285645059082,0,0,1,1,48.0,54951.9,53652.0,54045.5,57087.4,54627.6,-0.023655233031069017,0.0073343025423097,0.018183851487362977,2,1,2
928,usp000hc5h,2010-05-01,2010.0,5.0,AK,"155 km S of False Pass, Alaska",53.453,-163.456,35.7,4.5,mb,reviewed,aeic,us,430,7.2,4.889976744186047,0.002,26.30866511627907,1,0.0,0.0,0.0,0.0,0.0,0.0,0.0,0.0,53652.0,53654.0,53654.0,540.4,2129.5,1107.7,24848.7,0.010071942446043165,0.039689491929772246,0.02064524546166176,0.4631285645059082,0,0,1,0,48.0,54951.9,53652.0,54045.5,57087.4,54627.6,-0.023655233031069017,0.0073343025423097,0.018183851487362977,2,1,2
929,usp000hc80,2010-05-02,2010.0,5.0,AK,"97 km SW of Atka, Alaska",51.588,-175.216,31.6,5.1,mwc,reviewed,aeic,gcmt,430,7.2,4.889976744186047,0.002,26.30866511627907,1,0.0,0.0,0.0,0.0,0.0,0.0,0.0,0.0,53652.0,53654.0,53654.0,540.4,2129.5,1107.7,24848.7,0.010071942446043165,0.039689491929772246,0.02064524546166176,0.4631285645059082,0,0,1,0,54.0,54951.9,53652.0,54045.5,57087.4,54627.6,-0.023655233031069017,0.0073343025423097,0.018183851487362977,2,1,2
930,usp000hc92,2010-05-03,2010.0,5.0,AK,"218 km SE of Akutan, Alaska",52.612,-163.691,7.8,5.5,mwb,reviewed,us,us,430,7.2,4.889976744186047,0.002,26.30866511627907,1,0.0,0.0,0.0,0.0,0.0,0.0,0.0,0.0,53652.0,53654.0,53654.0,540.4,2129.5,1107.7,24848.7,0.010071942446043165,0.039689491929772246,0.02064524546166176,0.4631285645059082,0,0,1,1,58.0,54951.9,53652.0,54045.5,57087.4,54627.6,-0.023655233031069017,0.0073343025423097,0.018183851487362977,2,1,2
931,usp000hca6,2010-05-04,2010.0,5.0,AK,"150 km ESE of Akutan, Alaska",53.482,-163.777,4.6,4.6,mb,reviewed,aeic,us,430,7.2,4.889976744186047,0.002,26.30866511627907,1,0.0,0.0,0.0,0.0,0.0,0.0,0.0,0.0,53652.0,53654.0,53654.0,540.4,2129.5,1107.7,24848.7,0.010071942446043165,0.039689491929772246,0.02064524546166176,0.4631285645059082,0,0,1,1,49.0,54951.9,53652.0,54045.5,57087.4,54627.6,-0.023655233031069017,0.0073343025423097,0.018183851487362977,2,1,2
932,usp000hcf0,2010-05-07,2010.0,5.0,OR,off the coast of Oregon,44.362,-129.467,10.0,5.5,mwb,reviewed,us,us,430,7.2,4.889976744186047,0.002,26.30866511627907,1,0.0,0.0,0.0,0.0,0.0,0.0,0.0,0.0,180738.2,163150.5,163150.5,3073.2,5414.6,25356.8,105350.3,0.01883659565860969,0.03318776221954576,0.15541968918268714,0.6457246530044346,0,0,1,1,58.0,176951.6,180738.2,185959.4,187352.4,189609.7,0.021399071836592638,0.028888192977466757,0.04908480885612449,0,1,0
933,usp000hcf5,2010-05-07,2010.0,5.0,OR,off the coast of Oregon,44.403,-129.523,10.0,5.1,mwc,reviewed,us,gcmt,430,7.2,4.889976744186047,0.002,26.30866511627907,1,0.0,0.0,0.0,0.0,0.0,0.0,0.0,0.0,180738.2,163150.5,163150.5,3073.2,5414.6,25356.8,105350.3,0.01883659565860969,0.03318776221954576,0.15541968918268714,0.6457246530044346,0,0,1,1,54.0,176951.6,180738.2,185959.4,187352.4,189609.7,0.021399071836592638,0.028888192977466757,0.04908480885612449,0,1,0
934,usp000hcpr,2010-05-13,2010.0,5.0,OR,"171 km W of Gold Beach, Oregon",42.263,-126.499,10.0,5.3,mwc,reviewed,us,gcmt,430,7.2,4.889976744186047,0.002,26.30866511627907,1,0.0,0.0,0.0,0.0,0.0,0.0,0.0,0.0,180738.2,163150.5,163150.5,3073.2,5414.6,25356.8,105350.3,0.01883659565860969,0.03318776221954576,0.15541968918268714,0.6457246530044346,0,0,1,1,56.0,176951.6,180738.2,185959.4,187352.4,189609.7,0.021399071836592638,0.028888192977466757,0.04908480885612449,0,1,0
935,usp000hcq7,2010-05-13,2010.0,5.0,AK,"91 km S of False Pass, Alaska",54.032,-163.39,47.1,4.9,mwc,reviewed,us,gcmt,430,7.2,4.889976744186047,0.002,26.30866511627907,1,0.0,0.0,0.0,0.0,0.0,0.0,0.0,0.0,53652.0,53654.0,53654.0,540.4,2129.5,1107.7,24848.7,0.010071942446043165,0.039689491929772246,0.02064524546166176,0.4631285645059082,0,0,1,0,52.0,54951.9,53652.0,54045.5,57087.4,54627.6,-0.023655233031069017,0.0073343025423097,0.018183851487362977,2,1,2
936,usp000hcsj,2010-05-15,2010.0,5.0,AK,"158 km WSW of Nikolski, Alaska",52.202,-170.863,25.6,4.8,mb,reviewed,aeic,us,430,7.2,4.889976744186047,0.002,26.30866511627907,1,0.0,0.0,0.0,0.0,0.0,0.0,0.0,0.0,53652.0,53654.0,53654.0,540.4,2129.5,1107.7,24848.7,0.010071942446043165,0.039689491929772246,0.02064524546166176,0.4631285645059082,0,0,1,0,51.0,54951.9,53652.0,54045.5,57087.4,54627.6,-0.023655233031069017,0.0073343025423097,0.018183851487362977,2,1,2
937,ak0106mcjica,2010-05-24,2010.0,5.0,AK,"32 km W of Happy Valley, Alaska",59.9819,-152.3107,71.5,4.6,mw,reviewed,ak,ak,430,7.2,4.889976744186047,0.002,26.30866511627907,1,0.0,0.0,0.0,0.0,0.0,0.0,0.0,0.0,53652.0,53654.0,53654.0,540.4,2129.5,1107.7,24848.7,0.010071942446043165,0.039689491929772246,0.02064524546166176,0.4631285645059082,0,0,0,0,46.0,54951.9,53652.0,54045.5,57087.4,54627.6,-0.023655233031069017,0.0073343025423097,0.018183851487362977,2,1,2
938,usp000hd75,2010-05-26,2010.0,5.0,CO,"59 km WSW of Campo Pesquero el Colorado, Mexico",25.498,-109.829,10.0,4.8,mwc,reviewed,us,gcmt,430,7.2,4.889976744186047,0.002,26.30866511627907,1,0.0,0.0,0.0,0.0,0.0,0.0,0.0,0.0,279385.6,256771.8,256771.8,2274.3,9289.7,19758.8,179835.8,0.008857281056564624,0.036178817144250267,0.07695081780787454,0.7003720813578438,0,0,1,1,51.0,275659.1,279385.6,283963.8,289339.5,301484.1,0.013518508911913302,0.01638667132450639,0.07909677520960279,0,1,0
939,usp000hd9u,2010-05-28,2010.0,5.0,AK,"149 km S of False Pass, Alaska",53.523,-163.168,38.5,5.0,mb,reviewed,aeic,us,430,7.2,4.889976744186047,0.002,26.30866511627907,1,0.0,0.0,0.0,0.0,0.0,0.0,0.0,0.0,53652.0,53654.0,53654.0,540.4,2129.5,1107.7,24848.7,0.010071942446043165,0.039689491929772246,0.02064524546166176,0.4631285645059082,0,0,1,0,53.0,54951.9,53652.0,54045.5,57087.4,54627.6,-0.023655233031069017,0.0073343025423097,0.018183851487362977,2,1,2
940,usp000hdtp,2010-06-10,2010.0,6.0,AK,"78 km ESE of Atka, Alaska",51.834,-173.217,31.7,4.9,mb,reviewed,aeic,us,430,7.2,4.889976744186047,0.002,26.30866511627907,1,0.0,0.0,0.0,0.0,0.0,0.0,0.0,0.0,53652.0,53654.0,53654.0,540.4,2129.5,1107.7,24848.7,0.010071942446043165,0.039689491929772246,0.02064524546166176,0.4631285645059082,0,0,1,0,52.0,54951.9,53652.0,54045.5,57087.4,54627.6,-0.023655233031069017,0.0073343025423097,0.018183851487362977,2,1,2
941,usp000hdvq,2010-06-12,2010.0,6.0,AK,"71 km SE of Atka, Alaska",51.835,-173.334,59.9,4.6,mb,reviewed,aeic,us,430,7.2,4.889976744186047,0.002,26.30866511627907,1,0.0,0.0,0.0,0.0,0.0,0.0,0.0,0.0,53652.0,53654.0,53654.0,540.4,2129.5,1107.7,24848.7,0.010071942446043165,0.039689491929772246,0.02064524546166176,0.4631285645059082,0,0,1,0,49.0,54951.9,53652.0,54045.5,57087.4,54627.6,-0.023655233031069017,0.0073343025423097,0.018183851487362977,2,1,2
942,usp000hdw5,2010-06-12,2010.0,6.0,AK,"79 km SE of King Cove, Alaska",54.542,-161.473,50.7,5.1,mb,reviewed,us,us,430,7.2,4.889976744186047,0.002,26.30866511627907,1,0.0,0.0,0.0,0.0,0.0,0.0,0.0,0.0,53652.0,53654.0,53654.0,540.4,2129.5,1107.7,24848.7,0.010071942446043165,0.039689491929772246,0.02064524546166176,0.4631285645059082,0,0,1,0,54.0,54951.9,53652.0,54045.5,57087.4,54627.6,-0.023655233031069017,0.0073343025423097,0.018183851487362977,2,1,2
943,ak0107jg4rws,2010-06-13,2010.0,6.0,AK,Alaska Peninsula,58.1201,-157.0489,14.9,4.9,mw,reviewed,ak,ak,430,7.2,4.889976744186047,0.002,26.30866511627907,1,0.0,0.0,0.0,0.0,0.0,0.0,0.0,0.0,53652.0,53654.0,53654.0,540.4,2129.5,1107.7,24848.7,0.010071942446043165,0.039689491929772246,0.02064524546166176,0.4631285645059082,0,0,1,1,52.0,54951.9,53652.0,54045.5,57087.4,54627.6,-0.023655233031069017,0.0073343025423097,0.018183851487362977,2,1,2
944,ak0107o8qg5j,2010-06-16,2010.0,6.0,AK,"169 km S of Yakutat, Alaska",58.0335,-139.3752,5.3,5.0,mb,reviewed,ak,ak,430,7.2,4.889976744186047,0.002,26.30866511627907,1,0.0,0.0,0.0,0.0,0.0,0.0,0.0,0.0,53652.0,53654.0,53654.0,540.4,2129.5,1107.7,24848.7,0.010071942446043165,0.039689491929772246,0.02064524546166176,0.4631285645059082,0,0,1,1,53.0,54951.9,53652.0,54045.5,57087.4,54627.6,-0.023655233031069017,0.0073343025423097,0.018183851487362977,2,1,2
945,usp000he3m,2010-06-16,2010.0,6.0,AK,"63 km SSE of Atka, Alaska",51.68,-173.799,50.8,5.1,mb,reviewed,us,us,430,7.2,4.889976744186047,0.002,26.30866511627907,1,0.0,0.0,0.0,0.0,0.0,0.0,0.0,0.0,53652.0,53654.0,53654.0,540.4,2129.5,1107.7,24848.7,0.010071942446043165,0.039689491929772246,0.02064524546166176,0.4631285645059082,0,0,1,0,54.0,54951.9,53652.0,54045.5,57087.4,54627.6,-0.023655233031069017,0.0073343025423097,0.018183851487362977,2,1,2
946,usp000he57,2010-06-16,2010.0,6.0,AK,"52 km SE of Nikolski, Alaska",52.655,-168.246,56.2,4.5,mb,reviewed,us,us,430,7.2,4.889976744186047,0.002,26.30866511627907,1,0.0,0.0,0.0,0.0,0.0,0.0,0.0,0.0,53652.0,53654.0,53654.0,540.4,2129.5,1107.7,24848.7,0.010071942446043165,0.039689491929772246,0.02064524546166176,0.4631285645059082,0,0,1,0,48.0,54951.9,53652.0,54045.5,57087.4,54627.6,-0.023655233031069017,0.0073343025423097,0.018183851487362977,2,1,2
947,usp000he8d,2010-06-18,2010.0,6.0,AK,"114 km SSW of Nikolski, Alaska",52.057,-169.734,10.9,4.9,mwc,reviewed,aeic,gcmt,430,7.2,4.889976744186047,0.002,26.30866511627907,1,0.0,0.0,0.0,0.0,0.0,0.0,0.0,0.0,53652.0,53654.0,53654.0,540.4,2129.5,1107.7,24848.7,0.010071942446043165,0.039689491929772246,0.02064524546166176,0.4631285645059082,0,0,1,1,52.0,54951.9,53652.0,54045.5,57087.4,54627.6,-0.023655233031069017,0.0073343025423097,0.018183851487362977,2,1,2
948,usp000hery,2010-07-01,2010.0,7.0,AK,"184 km WSW of Adak, Alaska",51.178,-179.048,35.2,4.7,mb,reviewed,aeic,us,430,7.2,4.889976744186047,0.002,26.30866511627907,1,0.0,0.0,0.0,0.0,0.0,0.0,0.0,0.0,53652.0,53654.0,53654.0,540.4,2129.5,1107.7,24848.7,0.010071942446043165,0.039689491929772246,0.02064524546166176,0.4631285645059082,0,0,1,0,50.0,54951.9,53652.0,54045.5,57087.4,54627.6,-0.023655233031069017,0.0073343025423097,0.018183851487362977,2,1,2
949,usp000heyg,2010-07-06,2010.0,7.0,AK,"80 km SSW of Atka, Alaska",51.593,-174.838,54.2,4.6,mb,reviewed,us,us,430,7.2,4.889976744186047,0.002,26.30866511627907,1,0.0,0.0,0.0,0.0,0.0,0.0,0.0,0.0,53652.0,53654.0,53654.0,540.4,2129.5,1107.7,24848.7,0.010071942446043165,0.039689491929772246,0.02064524546166176,0.4631285645059082,0,0,1,0,49.0,54951.9,53652.0,54045.5,57087.4,54627.6,-0.023655233031069017,0.0073343025423097,0.018183851487362977,2,1,2
950,usp000hf46,2010-07-10,2010.0,7.0,AK,"75 km SE of Akutan, Alaska",53.694,-164.908,43.9,4.6,mb,reviewed,us,us,430,7.2,4.889976744186047,0.002,26.30866511627907,1,0.0,0.0,0.0,0.0,0.0,0.0,0.0,0.0,53652.0,53654.0,53654.0,540.4,2129.5,1107.7,24848.7,0.010071942446043165,0.039689491929772246,0.02064524546166176,0.4631285645059082,0,0,1,0,49.0,54951.9,53652.0,54045.5,57087.4,54627.6,-0.023655233031069017,0.0073343025423097,0.018183851487362977,2,1,2
951,usp000hfdm,2010-07-18,2010.0,7.0,AK,"66 km W of Nikolski, Alaska",52.876,-169.848,14.0,6.7,mwc,reviewed,us,gcmt,430,7.2,4.889976744186047,0.002,26.30866511627907,1,0.0,0.0,0.0,0.0,0.0,0.0,0.0,0.0,53652.0,53654.0,53654.0,540.4,2129.5,1107.7,24848.7,0.010071942446043165,0.039689491929772246,0.02064524546166176,0.4631285645059082,0,1,1,1,80.0,54951.9,53652.0,54045.5,57087.4,54627.6,-0.023655233031069017,0.0073343025423097,0.018183851487362977,2,1,2
952,usp000hfq4,2010-07-18,2010.0,7.0,AK,"59 km WSW of Nikolski, Alaska",52.815,-169.719,10.0,6.0,mwb,reviewed,us,us,430,7.2,4.889976744186047,0.002,26.30866511627907,1,0.0,0.0,0.0,0.0,0.0,0.0,0.0,0.0,53652.0,53654.0,53654.0,540.4,2129.5,1107.7,24848.7,0.010071942446043165,0.039689491929772246,0.02064524546166176,0.4631285645059082,0,1,1,1,73.0,54951.9,53652.0,54045.5,57087.4,54627.6,-0.023655233031069017,0.0073343025423097,0.018183851487362977,2,1,2
953,usp000hfs7,2010-07-19,2010.0,7.0,AK,"51 km WSW of Nikolski, Alaska",52.709,-169.519,3.5,4.7,mb,reviewed,aeic,us,430,7.2,4.889976744186047,0.002,26.30866511627907,1,0.0,0.0,0.0,0.0,0.0,0.0,0.0,0.0,53652.0,53654.0,53654.0,540.4,2129.5,1107.7,24848.7,0.010071942446043165,0.039689491929772246,0.02064524546166176,0.4631285645059082,0,0,1,1,50.0,54951.9,53652.0,54045.5,57087.4,54627.6,-0.023655233031069017,0.0073343025423097,0.018183851487362977,2,1,2
954,usp000hfuq,2010-07-19,2010.0,7.0,AK,"44 km SW of Nikolski, Alaska",52.655,-169.333,10.0,5.7,mwc,reviewed,us,gcmt,430,7.2,4.889976744186047,0.002,26.30866511627907,1,0.0,0.0,0.0,0.0,0.0,0.0,0.0,0.0,53652.0,53654.0,53654.0,540.4,2129.5,1107.7,24848.7,0.010071942446043165,0.039689491929772246,0.02064524546166176,0.4631285645059082,0,0,1,1,60.0,54951.9,53652.0,54045.5,57087.4,54627.6,-0.023655233031069017,0.0073343025423097,0.018183851487362977,2,1,2
955,usp000hfus,2010-07-19,2010.0,7.0,AK,"53 km WSW of Nikolski, Alaska",52.717,-169.561,10.0,5.5,mwc,reviewed,us,gcmt,430,7.2,4.889976744186047,0.002,26.30866511627907,1,0.0,0.0,0.0,0.0,0.0,0.0,0.0,0.0,53652.0,53654.0,53654.0,540.4,2129.5,1107.7,24848.7,0.010071942446043165,0.039689491929772246,0.02064524546166176,0.4631285645059082,0,0,1,1,58.0,54951.9,53652.0,54045.5,57087.4,54627.6,-0.023655233031069017,0.0073343025423097,0.018183851487362977,2,1,2
956,usp000hfx4,2010-07-19,2010.0,7.0,AK,"37 km SW of Nikolski, Alaska",52.725,-169.297,3.5,4.7,mb,reviewed,aeic,us,430,7.2,4.889976744186047,0.002,26.30866511627907,1,0.0,0.0,0.0,0.0,0.0,0.0,0.0,0.0,53652.0,53654.0,53654.0,540.4,2129.5,1107.7,24848.7,0.010071942446043165,0.039689491929772246,0.02064524546166176,0.4631285645059082,0,0,1,1,50.0,54951.9,53652.0,54045.5,57087.4,54627.6,-0.023655233031069017,0.0073343025423097,0.018183851487362977,2,1,2
957,usp000hfxk,2010-07-19,2010.0,7.0,AK,"53 km WSW of Nikolski, Alaska",52.691,-169.547,10.0,4.6,mb,reviewed,us,us,430,7.2,4.889976744186047,0.002,26.30866511627907,1,0.0,0.0,0.0,0.0,0.0,0.0,0.0,0.0,53652.0,53654.0,53654.0,540.4,2129.5,1107.7,24848.7,0.010071942446043165,0.039689491929772246,0.02064524546166176,0.4631285645059082,0,0,1,1,49.0,54951.9,53652.0,54045.5,57087.4,54627.6,-0.023655233031069017,0.0073343025423097,0.018183851487362977,2,1,2
958,usp000hg5g,2010-07-20,2010.0,7.0,AK,"52 km SW of Nikolski, Alaska",52.563,-169.341,13.2,5.0,mwc,reviewed,aeic,gcmt,430,7.2,4.889976744186047,0.002,26.30866511627907,1,0.0,0.0,0.0,0.0,0.0,0.0,0.0,0.0,53652.0,53654.0,53654.0,540.4,2129.5,1107.7,24848.7,0.010071942446043165,0.039689491929772246,0.02064524546166176,0.4631285645059082,0,0,1,1,53.0,54951.9,53652.0,54045.5,57087.4,54627.6,-0.023655233031069017,0.0073343025423097,0.018183851487362977,2,1,2
959,usp000hgjs,2010-07-23,2010.0,7.0,AK,"54 km WSW of Nikolski, Alaska",52.735,-169.598,4.9,4.6,mb,reviewed,aeic,us,430,7.2,4.889976744186047,0.002,26.30866511627907,1,0.0,0.0,0.0,0.0,0.0,0.0,0.0,0.0,53652.0,53654.0,53654.0,540.4,2129.5,1107.7,24848.7,0.010071942446043165,0.039689491929772246,0.02064524546166176,0.4631285645059082,0,0,1,1,49.0,54951.9,53652.0,54045.5,57087.4,54627.6,-0.023655233031069017,0.0073343025423097,0.018183851487362977,2,1,2
960,usp000hgu2,2010-07-26,2010.0,7.0,AK,"58 km WSW of Nikolski, Alaska",52.685,-169.623,3.8,4.5,mb,reviewed,aeic,us,430,7.2,4.889976744186047,0.002,26.30866511627907,1,0.0,0.0,0.0,0.0,0.0,0.0,0.0,0.0,53652.0,53654.0,53654.0,540.4,2129.5,1107.7,24848.7,0.010071942446043165,0.039689491929772246,0.02064524546166176,0.4631285645059082,0,0,1,1,48.0,54951.9,53652.0,54045.5,57087.4,54627.6,-0.023655233031069017,0.0073343025423097,0.018183851487362977,2,1,2
961,usp000hgyx,2010-07-28,2010.0,7.0,AK,"Fox Islands, Aleutian Islands, Alaska",52.667,-169.408,10.0,5.6,mwc,reviewed,us,gcmt,430,7.2,4.889976744186047,0.002,26.30866511627907,1,0.0,0.0,0.0,0.0,0.0,0.0,0.0,0.0,53652.0,53654.0,53654.0,540.4,2129.5,1107.7,24848.7,0.010071942446043165,0.039689491929772246,0.02064524546166176,0.4631285645059082,0,0,1,1,59.0,54951.9,53652.0,54045.5,57087.4,54627.6,-0.023655233031069017,0.0073343025423097,0.018183851487362977,2,1,2
962,usp000hgzb,2010-07-28,2010.0,7.0,AK,"47 km SW of Nikolski, Alaska",52.628,-169.345,14.9,5.2,mwc,reviewed,aeic,gcmt,430,7.2,4.889976744186047,0.002,26.30866511627907,1,0.0,0.0,0.0,0.0,0.0,0.0,0.0,0.0,53652.0,53654.0,53654.0,540.4,2129.5,1107.7,24848.7,0.010071942446043165,0.039689491929772246,0.02064524546166176,0.4631285645059082,0,0,1,1,55.0,54951.9,53652.0,54045.5,57087.4,54627.6,-0.023655233031069017,0.0073343025423097,0.018183851487362977,2,1,2
963,usp000hh36,2010-07-29,2010.0,7.0,AK,"48 km WSW of Nikolski, Alaska",52.702,-169.463,10.0,4.6,mb,reviewed,us,us,430,7.2,4.889976744186047,0.002,26.30866511627907,1,0.0,0.0,0.0,0.0,0.0,0.0,0.0,0.0,53652.0,53654.0,53654.0,540.4,2129.5,1107.7,24848.7,0.010071942446043165,0.039689491929772246,0.02064524546166176,0.4631285645059082,0,0,1,1,49.0,54951.9,53652.0,54045.5,57087.4,54627.6,-0.023655233031069017,0.0073343025423097,0.018183851487362977,2,1,2
964,ak0109p5mhcc,2010-07-30,2010.0,7.0,AK,"60 km SSE of Kokhanok, Alaska",58.9379,-154.3629,123.1,4.5,mb,reviewed,ak,ak,430,7.2,4.889976744186047,0.002,26.30866511627907,1,0.0,0.0,0.0,0.0,0.0,0.0,0.0,0.0,53652.0,53654.0,53654.0,540.4,2129.5,1107.7,24848.7,0.010071942446043165,0.039689491929772246,0.02064524546166176,0.4631285645059082,0,0,0,0,45.0,54951.9,53652.0,54045.5,57087.4,54627.6,-0.023655233031069017,0.0073343025423097,0.018183851487362977,2,1,2
965,usp000hhb0,2010-08-01,2010.0,8.0,AK,"39 km WSW of Nikolski, Alaska",52.755,-169.37,4.8,4.5,mb,reviewed,aeic,us,430,7.2,4.889976744186047,0.002,26.30866511627907,1,0.0,0.0,0.0,0.0,0.0,0.0,0.0,0.0,53652.0,53654.0,53654.0,540.4,2129.5,1107.7,24848.7,0.010071942446043165,0.039689491929772246,0.02064524546166176,0.4631285645059082,0,0,1,1,48.0,54951.9,53652.0,54045.5,57087.4,54627.6,-0.023655233031069017,0.0073343025423097,0.018183851487362977,2,1,2
966,usp000hhg7,2010-08-04,2010.0,8.0,AK,"148 km WSW of Adak, Alaska",51.423,-178.649,27.0,6.4,mwc,reviewed,us,us,430,7.2,4.889976744186047,0.002,26.30866511627907,1,0.0,0.0,0.0,0.0,0.0,0.0,0.0,0.0,53652.0,53654.0,53654.0,540.4,2129.5,1107.7,24848.7,0.010071942446043165,0.039689491929772246,0.02064524546166176,0.4631285645059082,0,1,1,0,77.0,54951.9,53652.0,54045.5,57087.4,54627.6,-0.023655233031069017,0.0073343025423097,0.018183851487362977,2,1,2
967,usp000hhhw,2010-08-04,2010.0,8.0,AK,"145 km WSW of Adak, Alaska",51.424,-178.605,54.4,5.4,mwc,reviewed,us,gcmt,430,7.2,4.889976744186047,0.002,26.30866511627907,1,0.0,0.0,0.0,0.0,0.0,0.0,0.0,0.0,53652.0,53654.0,53654.0,540.4,2129.5,1107.7,24848.7,0.010071942446043165,0.039689491929772246,0.02064524546166176,0.4631285645059082,0,0,1,0,57.0,54951.9,53652.0,54045.5,57087.4,54627.6,-0.023655233031069017,0.0073343025423097,0.018183851487362977,2,1,2
968,usp000hhrx,2010-08-08,2010.0,8.0,AK,"146 km WSW of Adak, Alaska",51.343,-178.571,28.0,5.5,mwc,reviewed,us,gcmt,430,7.2,4.889976744186047,0.002,26.30866511627907,1,0.0,0.0,0.0,0.0,0.0,0.0,0.0,0.0,53652.0,53654.0,53654.0,540.4,2129.5,1107.7,24848.7,0.010071942446043165,0.039689491929772246,0.02064524546166176,0.4631285645059082,0,0,1,0,58.0,54951.9,53652.0,54045.5,57087.4,54627.6,-0.023655233031069017,0.0073343025423097,0.018183851487362977,2,1,2
969,usp000hj7z,2010-08-15,2010.0,8.0,AK,"50 km SW of Nikolski, Alaska",52.605,-169.366,10.3,4.5,mb,reviewed,aeic,us,430,7.2,4.889976744186047,0.002,26.30866511627907,1,0.0,0.0,0.0,0.0,0.0,0.0,0.0,0.0,53652.0,53654.0,53654.0,540.4,2129.5,1107.7,24848.7,0.010071942446043165,0.039689491929772246,0.02064524546166176,0.4631285645059082,0,0,1,1,48.0,54951.9,53652.0,54045.5,57087.4,54627.6,-0.023655233031069017,0.0073343025423097,0.018183851487362977,2,1,2
970,usp000hjdp,2010-08-18,2010.0,8.0,AK,"75 km SSW of Sand Point, Alaska",54.697,-160.868,2.1,4.6,mb,reviewed,aeic,us,430,7.2,4.889976744186047,0.002,26.30866511627907,1,0.0,0.0,0.0,0.0,0.0,0.0,0.0,0.0,53652.0,53654.0,53654.0,540.4,2129.5,1107.7,24848.7,0.010071942446043165,0.039689491929772246,0.02064524546166176,0.4631285645059082,0,0,1,1,49.0,54951.9,53652.0,54045.5,57087.4,54627.6,-0.023655233031069017,0.0073343025423097,0.018183851487362977,2,1,2
971,usp000hjg9,2010-08-20,2010.0,8.0,AK,"141 km WSW of Adak, Alaska",51.367,-178.503,54.1,5.2,mwc,reviewed,us,gcmt,430,7.2,4.889976744186047,0.002,26.30866511627907,1,0.0,0.0,0.0,0.0,0.0,0.0,0.0,0.0,53652.0,53654.0,53654.0,540.4,2129.5,1107.7,24848.7,0.010071942446043165,0.039689491929772246,0.02064524546166176,0.4631285645059082,0,0,1,0,55.0,54951.9,53652.0,54045.5,57087.4,54627.6,-0.023655233031069017,0.0073343025423097,0.018183851487362977,2,1,2
972,usp000hjh4,2010-08-20,2010.0,8.0,AK,"25 km W of Akutan, Alaska",54.156,-166.159,108.1,5.2,mwc,reviewed,us,gcmt,430,7.2,4.889976744186047,0.002,26.30866511627907,1,0.0,0.0,0.0,0.0,0.0,0.0,0.0,0.0,53652.0,53654.0,53654.0,540.4,2129.5,1107.7,24848.7,0.010071942446043165,0.039689491929772246,0.02064524546166176,0.4631285645059082,0,0,0,0,52.0,54951.9,53652.0,54045.5,57087.4,54627.6,-0.023655233031069017,0.0073343025423097,0.018183851487362977,2,1,2
973,usp000hjnp,2010-08-23,2010.0,8.0,AK,"143 km WSW of Adak, Alaska",51.253,-178.455,35.0,4.6,mb,reviewed,us,us,430,7.2,4.889976744186047,0.002,26.30866511627907,1,0.0,0.0,0.0,0.0,0.0,0.0,0.0,0.0,53652.0,53654.0,53654.0,540.4,2129.5,1107.7,24848.7,0.010071942446043165,0.039689491929772246,0.02064524546166176,0.4631285645059082,0,0,1,0,49.0,54951.9,53652.0,54045.5,57087.4,54627.6,-0.023655233031069017,0.0073343025423097,0.018183851487362977,2,1,2
974,usp000hjpz,2010-08-24,2010.0,8.0,AK,"45 km WSW of Nikolski, Alaska",52.804,-169.502,10.0,4.6,mb,reviewed,us,us,430,7.2,4.889976744186047,0.002,26.30866511627907,1,0.0,0.0,0.0,0.0,0.0,0.0,0.0,0.0,53652.0,53654.0,53654.0,540.4,2129.5,1107.7,24848.7,0.010071942446043165,0.039689491929772246,0.02064524546166176,0.4631285645059082,0,0,1,1,49.0,54951.9,53652.0,54045.5,57087.4,54627.6,-0.023655233031069017,0.0073343025423097,0.018183851487362977,2,1,2
975,ak010b15eugl,2010-08-28,2010.0,8.0,AK,Alaska Peninsula,57.5416,-155.6439,85.7,4.7,mw,reviewed,ak,ak,430,7.2,4.889976744186047,0.002,26.30866511627907,1,0.0,0.0,0.0,0.0,0.0,0.0,0.0,0.0,53652.0,53654.0,53654.0,540.4,2129.5,1107.7,24848.7,0.010071942446043165,0.039689491929772246,0.02064524546166176,0.4631285645059082,0,0,0,0,47.0,54951.9,53652.0,54045.5,57087.4,54627.6,-0.023655233031069017,0.0073343025423097,0.018183851487362977,2,1,2
976,usp000hk2y,2010-09-03,2010.0,9.0,AK,"182 km SSE of King Cove, Alaska",53.455,-161.74,17.7,4.5,mb,reviewed,us,us,430,7.2,4.889976744186047,0.002,26.30866511627907,1,0.0,0.0,0.0,0.0,0.0,0.0,0.0,0.0,53652.0,53654.0,53654.0,540.4,2129.5,1107.7,24848.7,0.010071942446043165,0.039689491929772246,0.02064524546166176,0.4631285645059082,0,0,1,1,48.0,54951.9,53652.0,54045.5,57087.4,54627.6,-0.023655233031069017,0.0073343025423097,0.018183851487362977,2,1,2
977,usp000hk5w,2010-09-04,2010.0,9.0,AK,"126 km S of Unalaska, Alaska",52.75,-166.761,28.0,4.7,mb,reviewed,aeic,us,430,7.2,4.889976744186047,0.002,26.30866511627907,1,0.0,0.0,0.0,0.0,0.0,0.0,0.0,0.0,53652.0,53654.0,53654.0,540.4,2129.5,1107.7,24848.7,0.010071942446043165,0.039689491929772246,0.02064524546166176,0.4631285645059082,0,0,1,0,50.0,54951.9,53652.0,54045.5,57087.4,54627.6,-0.023655233031069017,0.0073343025423097,0.018183851487362977,2,1,2
978,usp000hkm3,2010-09-12,2010.0,9.0,AK,"141 km WSW of Adak, Alaska",51.463,-178.573,34.0,5.2,mwc,reviewed,us,gcmt,430,7.2,4.889976744186047,0.002,26.30866511627907,1,0.0,0.0,0.0,0.0,0.0,0.0,0.0,0.0,53652.0,53654.0,53654.0,540.4,2129.5,1107.7,24848.7,0.010071942446043165,0.039689491929772246,0.02064524546166176,0.4631285645059082,0,0,1,0,55.0,54951.9,53652.0,54045.5,57087.4,54627.6,-0.023655233031069017,0.0073343025423097,0.018183851487362977,2,1,2
979,usp000hks1,2010-09-15,2010.0,9.0,AK,"118 km SE of Akutan, Alaska",53.43,-164.432,29.4,4.6,mb,reviewed,us,us,430,7.2,4.889976744186047,0.002,26.30866511627907,1,0.0,0.0,0.0,0.0,0.0,0.0,0.0,0.0,53652.0,53654.0,53654.0,540.4,2129.5,1107.7,24848.7,0.010071942446043165,0.039689491929772246,0.02064524546166176,0.4631285645059082,0,0,1,0,49.0,54951.9,53652.0,54045.5,57087.4,54627.6,-0.023655233031069017,0.0073343025423097,0.018183851487362977,2,1,2
980,usp000hkz4,2010-09-20,2010.0,9.0,OR,off the coast of Oregon,44.665,-130.104,10.0,4.8,mwc,reviewed,us,gcmt,430,7.2,4.889976744186047,0.002,26.30866511627907,1,0.0,0.0,0.0,0.0,0.0,0.0,0.0,0.0,180738.2,163150.5,163150.5,3073.2,5414.6,25356.8,105350.3,0.01883659565860969,0.03318776221954576,0.15541968918268714,0.6457246530044346,0,0,1,1,51.0,176951.6,180738.2,185959.4,187352.4,189609.7,0.021399071836592638,0.028888192977466757,0.04908480885612449,0,1,0
981,usp000hkz9,2010-09-20,2010.0,9.0,AK,"147 km WNW of Adak, Alaska",52.298,-178.668,165.3,4.9,mb,reviewed,us,us,430,7.2,4.889976744186047,0.002,26.30866511627907,1,0.0,0.0,0.0,0.0,0.0,0.0,0.0,0.0,53652.0,53654.0,53654.0,540.4,2129.5,1107.7,24848.7,0.010071942446043165,0.039689491929772246,0.02064524546166176,0.4631285645059082,0,0,0,0,49.0,54951.9,53652.0,54045.5,57087.4,54627.6,-0.023655233031069017,0.0073343025423097,0.018183851487362977,2,1,2
982,usp000hm34,2010-09-23,2010.0,9.0,AK,"93 km ENE of Atka, Alaska",52.415,-172.879,97.3,5.0,mb,reviewed,us,us,430,7.2,4.889976744186047,0.002,26.30866511627907,1,0.0,0.0,0.0,0.0,0.0,0.0,0.0,0.0,53652.0,53654.0,53654.0,540.4,2129.5,1107.7,24848.7,0.010071942446043165,0.039689491929772246,0.02064524546166176,0.4631285645059082,0,0,0,0,50.0,54951.9,53652.0,54045.5,57087.4,54627.6,-0.023655233031069017,0.0073343025423097,0.018183851487362977,2,1,2
983,usp000hmer,2010-10-01,2010.0,10.0,AK,"111 km SW of Nikolski, Alaska",52.184,-169.936,28.6,4.6,mb,reviewed,aeic,us,430,7.2,4.889976744186047,0.002,26.30866511627907,1,0.0,0.0,0.0,0.0,0.0,0.0,0.0,0.0,53652.0,53654.0,53654.0,540.4,2129.5,1107.7,24848.7,0.010071942446043165,0.039689491929772246,0.02064524546166176,0.4631285645059082,0,0,1,0,49.0,54951.9,53652.0,54045.5,57087.4,54627.6,-0.023655233031069017,0.0073343025423097,0.018183851487362977,2,1,2
984,usp000hmha,2010-10-03,2010.0,10.0,AK,"160 km S of False Pass, Alaska",53.413,-163.539,25.2,4.8,mb,reviewed,aeic,us,430,7.2,4.889976744186047,0.002,26.30866511627907,1,0.0,0.0,0.0,0.0,0.0,0.0,0.0,0.0,53652.0,53654.0,53654.0,540.4,2129.5,1107.7,24848.7,0.010071942446043165,0.039689491929772246,0.02064524546166176,0.4631285645059082,0,0,1,0,51.0,54951.9,53652.0,54045.5,57087.4,54627.6,-0.023655233031069017,0.0073343025423097,0.018183851487362977,2,1,2
985,usp000hmjd,2010-10-03,2010.0,10.0,AK,"106 km ESE of Adak, Alaska",51.364,-175.326,41.6,4.6,mb,reviewed,us,us,430,7.2,4.889976744186047,0.002,26.30866511627907,1,0.0,0.0,0.0,0.0,0.0,0.0,0.0,0.0,53652.0,53654.0,53654.0,540.4,2129.5,1107.7,24848.7,0.010071942446043165,0.039689491929772246,0.02064524546166176,0.4631285645059082,0,0,1,0,49.0,54951.9,53652.0,54045.5,57087.4,54627.6,-0.023655233031069017,0.0073343025423097,0.018183851487362977,2,1,2
986,usp000hmrb,2010-10-08,2010.0,10.0,AK,"104 km ESE of Adak, Alaska",51.374,-175.361,19.0,6.4,mwc,reviewed,us,gcmt,430,7.2,4.889976744186047,0.002,26.30866511627907,1,0.0,0.0,0.0,0.0,0.0,0.0,0.0,0.0,53652.0,53654.0,53654.0,540.4,2129.5,1107.7,24848.7,0.010071942446043165,0.039689491929772246,0.02064524546166176,0.4631285645059082,0,1,1,1,77.0,54951.9,53652.0,54045.5,57087.4,54627.6,-0.023655233031069017,0.0073343025423097,0.018183851487362977,2,1,2
987,usp000hmrk,2010-10-08,2010.0,10.0,AK,"120 km ESE of Adak, Alaska",51.287,-175.18,27.7,6.0,mwc,reviewed,aeic,gcmt,430,7.2,4.889976744186047,0.002,26.30866511627907,1,0.0,0.0,0.0,0.0,0.0,0.0,0.0,0.0,53652.0,53654.0,53654.0,540.4,2129.5,1107.7,24848.7,0.010071942446043165,0.039689491929772246,0.02064524546166176,0.4631285645059082,0,1,1,0,73.0,54951.9,53652.0,54045.5,57087.4,54627.6,-0.023655233031069017,0.0073343025423097,0.018183851487362977,2,1,2
988,usp000hms5,2010-10-08,2010.0,10.0,AK,"115 km ESE of Adak, Alaska",51.334,-175.203,6.5,5.7,mwc,reviewed,aeic,gcmt,430,7.2,4.889976744186047,0.002,26.30866511627907,1,0.0,0.0,0.0,0.0,0.0,0.0,0.0,0.0,53652.0,53654.0,53654.0,540.4,2129.5,1107.7,24848.7,0.010071942446043165,0.039689491929772246,0.02064524546166176,0.4631285645059082,0,0,1,1,60.0,54951.9,53652.0,54045.5,57087.4,54627.6,-0.023655233031069017,0.0073343025423097,0.018183851487362977,2,1,2
989,usp000hms9,2010-10-08,2010.0,10.0,AK,"125 km SE of Adak, Alaska",51.198,-175.192,28.4,4.6,mb,reviewed,aeic,us,430,7.2,4.889976744186047,0.002,26.30866511627907,1,0.0,0.0,0.0,0.0,0.0,0.0,0.0,0.0,53652.0,53654.0,53654.0,540.4,2129.5,1107.7,24848.7,0.010071942446043165,0.039689491929772246,0.02064524546166176,0.4631285645059082,0,0,1,0,49.0,54951.9,53652.0,54045.5,57087.4,54627.6,-0.023655233031069017,0.0073343025423097,0.018183851487362977,2,1,2
990,usp000hmsw,2010-10-08,2010.0,10.0,AK,"118 km SE of Adak, Alaska",51.254,-175.244,36.5,4.6,mb,reviewed,aeic,us,430,7.2,4.889976744186047,0.002,26.30866511627907,1,0.0,0.0,0.0,0.0,0.0,0.0,0.0,0.0,53652.0,53654.0,53654.0,540.4,2129.5,1107.7,24848.7,0.010071942446043165,0.039689491929772246,0.02064524546166176,0.4631285645059082,0,0,1,0,49.0,54951.9,53652.0,54045.5,57087.4,54627.6,-0.023655233031069017,0.0073343025423097,0.018183851487362977,2,1,2
991,usp000hmup,2010-10-08,2010.0,10.0,AK,"118 km SSW of Atka, Alaska",51.278,-175.078,26.7,4.7,mb,reviewed,aeic,us,430,7.2,4.889976744186047,0.002,26.30866511627907,1,0.0,0.0,0.0,0.0,0.0,0.0,0.0,0.0,53652.0,53654.0,53654.0,540.4,2129.5,1107.7,24848.7,0.010071942446043165,0.039689491929772246,0.02064524546166176,0.4631285645059082,0,0,1,0,50.0,54951.9,53652.0,54045.5,57087.4,54627.6,-0.023655233031069017,0.0073343025423097,0.018183851487362977,2,1,2
992,usp000hmuw,2010-10-08,2010.0,10.0,AK,"119 km ESE of Adak, Alaska",51.299,-175.185,27.7,5.1,mwc,reviewed,aeic,gcmt,430,7.2,4.889976744186047,0.002,26.30866511627907,1,0.0,0.0,0.0,0.0,0.0,0.0,0.0,0.0,53652.0,53654.0,53654.0,540.4,2129.5,1107.7,24848.7,0.010071942446043165,0.039689491929772246,0.02064524546166176,0.4631285645059082,0,0,1,0,54.0,54951.9,53652.0,54045.5,57087.4,54627.6,-0.023655233031069017,0.0073343025423097,0.018183851487362977,2,1,2
993,usp000hmv4,2010-10-08,2010.0,10.0,AK,"120 km SSW of Atka, Alaska",51.162,-174.716,24.9,4.6,mb,reviewed,aeic,us,430,7.2,4.889976744186047,0.002,26.30866511627907,1,0.0,0.0,0.0,0.0,0.0,0.0,0.0,0.0,53652.0,53654.0,53654.0,540.4,2129.5,1107.7,24848.7,0.010071942446043165,0.039689491929772246,0.02064524546166176,0.4631285645059082,0,0,1,0,49.0,54951.9,53652.0,54045.5,57087.4,54627.6,-0.023655233031069017,0.0073343025423097,0.018183851487362977,2,1,2
994,usp000hmxt,2010-10-10,2010.0,10.0,AK,"122 km SE of Adak, Alaska",51.263,-175.159,18.6,5.2,mwc,reviewed,aeic,gcmt,430,7.2,4.889976744186047,0.002,26.30866511627907,1,0.0,0.0,0.0,0.0,0.0,0.0,0.0,0.0,53652.0,53654.0,53654.0,540.4,2129.5,1107.7,24848.7,0.010071942446043165,0.039689491929772246,0.02064524546166176,0.4631285645059082,0,0,1,1,55.0,54951.9,53652.0,54045.5,57087.4,54627.6,-0.023655233031069017,0.0073343025423097,0.018183851487362977,2,1,2
995,ak010d55v7yh,2010-10-13,2010.0,10.0,AK,"208 km SSE of Atka, Alaska",50.398,-173.377,10.0,4.5,mb,reviewed,ak,ak,430,7.2,4.889976744186047,0.002,26.30866511627907,1,0.0,0.0,0.0,0.0,0.0,0.0,0.0,0.0,53652.0,53654.0,53654.0,540.4,2129.5,1107.7,24848.7,0.010071942446043165,0.039689491929772246,0.02064524546166176,0.4631285645059082,0,0,1,1,48.0,54951.9,53652.0,54045.5,57087.4,54627.6,-0.023655233031069017,0.0073343025423097,0.018183851487362977,2,1,2
996,usp000hn1z,2010-10-13,2010.0,10.0,AK,"94 km SE of Atka, Alaska",51.632,-173.168,27.7,4.5,mb,reviewed,us,us,430,7.2,4.889976744186047,0.002,26.30866511627907,1,0.0,0.0,0.0,0.0,0.0,0.0,0.0,0.0,53652.0,53654.0,53654.0,540.4,2129.5,1107.7,24848.7,0.010071942446043165,0.039689491929772246,0.02064524546166176,0.4631285645059082,0,0,1,0,48.0,54951.9,53652.0,54045.5,57087.4,54627.6,-0.023655233031069017,0.0073343025423097,0.018183851487362977,2,1,2
997,usp000hn4r,2010-10-15,2010.0,10.0,AK,"222 km SW of Nikolski, Alaska",51.5,-171.113,21.4,4.5,mb,reviewed,us,us,430,7.2,4.889976744186047,0.002,26.30866511627907,1,0.0,0.0,0.0,0.0,0.0,0.0,0.0,0.0,53652.0,53654.0,53654.0,540.4,2129.5,1107.7,24848.7,0.010071942446043165,0.039689491929772246,0.02064524546166176,0.4631285645059082,0,0,1,0,48.0,54951.9,53652.0,54045.5,57087.4,54627.6,-0.023655233031069017,0.0073343025423097,0.018183851487362977,2,1,2
998,usp000hnfd,2010-10-23,2010.0,10.0,AK,"Andreanof Islands, Aleutian Islands, Alaska",51.372,-175.212,48.3,4.5,mb,reviewed,us,us,430,7.2,4.889976744186047,0.002,26.30866511627907,1,0.0,0.0,0.0,0.0,0.0,0.0,0.0,0.0,53652.0,53654.0,53654.0,540.4,2129.5,1107.7,24848.7,0.010071942446043165,0.039689491929772246,0.02064524546166176,0.4631285645059082,0,0,1,0,48.0,54951.9,53652.0,54045.5,57087.4,54627.6,-0.023655233031069017,0.0073343025423097,0.018183851487362977,2,1,2
999,usp000hnzk,2010-11-03,2010.0,11.0,AK,"74 km S of Adak, Alaska",51.209,-176.542,40.9,5.1,mb,reviewed,us,us,430,7.2,4.889976744186047,0.002,26.30866511627907,1,0.0,0.0,0.0,0.0,0.0,0.0,0.0,0.0,53652.0,53654.0,53654.0,540.4,2129.5,1107.7,24848.7,0.010071942446043165,0.039689491929772246,0.02064524546166176,0.4631285645059082,0,0,1,0,54.0,54951.9,53652.0,54045.5,57087.4,54627.6,-0.023655233031069017,0.0073343025423097,0.018183851487362977,2,1,2
1000,usp000hnzp,2010-11-04,2010.0,11.0,AK,"71 km S of Adak, Alaska",51.236,-176.5,45.3,5.5,mwc,reviewed,us,gcmt,430,7.2,4.889976744186047,0.002,26.30866511627907,1,0.0,0.0,0.0,0.0,0.0,0.0,0.0,0.0,53652.0,53654.0,53654.0,540.4,2129.5,1107.7,24848.7,0.010071942446043165,0.039689491929772246,0.02064524546166176,0.4631285645059082,0,0,1,0,58.0,54951.9,53652.0,54045.5,57087.4,54627.6,-0.023655233031069017,0.0073343025423097,0.018183851487362977,2,1,2
1001,usp000hnzs,2010-11-04,2010.0,11.0,AK,"97 km S of Adak, Alaska",51.014,-176.368,17.4,4.6,mb,reviewed,aeic,us,430,7.2,4.889976744186047,0.002,26.30866511627907,1,0.0,0.0,0.0,0.0,0.0,0.0,0.0,0.0,53652.0,53654.0,53654.0,540.4,2129.5,1107.7,24848.7,0.010071942446043165,0.039689491929772246,0.02064524546166176,0.4631285645059082,0,0,1,1,49.0,54951.9,53652.0,54045.5,57087.4,54627.6,-0.023655233031069017,0.0073343025423097,0.018183851487362977,2,1,2
1002,usp000hnzz,2010-11-04,2010.0,11.0,AK,"89 km S of Adak, Alaska",51.076,-176.433,41.5,4.5,mb,reviewed,us,us,430,7.2,4.889976744186047,0.002,26.30866511627907,1,0.0,0.0,0.0,0.0,0.0,0.0,0.0,0.0,53652.0,53654.0,53654.0,540.4,2129.5,1107.7,24848.7,0.010071942446043165,0.039689491929772246,0.02064524546166176,0.4631285645059082,0,0,1,0,48.0,54951.9,53652.0,54045.5,57087.4,54627.6,-0.023655233031069017,0.0073343025423097,0.018183851487362977,2,1,2
1003,usp000hp2q,2010-11-04,2010.0,11.0,AK,"82 km S of Adak, Alaska",51.133,-176.524,45.2,4.7,mb,reviewed,us,us,430,7.2,4.889976744186047,0.002,26.30866511627907,1,0.0,0.0,0.0,0.0,0.0,0.0,0.0,0.0,53652.0,53654.0,53654.0,540.4,2129.5,1107.7,24848.7,0.010071942446043165,0.039689491929772246,0.02064524546166176,0.4631285645059082,0,0,1,0,50.0,54951.9,53652.0,54045.5,57087.4,54627.6,-0.023655233031069017,0.0073343025423097,0.018183851487362977,2,1,2
1004,usp000hp3b,2010-11-05,2010.0,11.0,AK,"87 km S of Adak, Alaska",51.097,-176.442,45.6,4.6,mb,reviewed,aeic,us,430,7.2,4.889976744186047,0.002,26.30866511627907,1,0.0,0.0,0.0,0.0,0.0,0.0,0.0,0.0,53652.0,53654.0,53654.0,540.4,2129.5,1107.7,24848.7,0.010071942446043165,0.039689491929772246,0.02064524546166176,0.4631285645059082,0,0,1,0,49.0,54951.9,53652.0,54045.5,57087.4,54627.6,-0.023655233031069017,0.0073343025423097,0.018183851487362977,2,1,2
1005,usp000hp3q,2010-11-05,2010.0,11.0,AK,"100 km S of Adak, Alaska",50.983,-176.438,28.9,4.5,mb,reviewed,aeic,us,430,7.2,4.889976744186047,0.002,26.30866511627907,1,0.0,0.0,0.0,0.0,0.0,0.0,0.0,0.0,53652.0,53654.0,53654.0,540.4,2129.5,1107.7,24848.7,0.010071942446043165,0.039689491929772246,0.02064524546166176,0.4631285645059082,0,0,1,0,48.0,54951.9,53652.0,54045.5,57087.4,54627.6,-0.023655233031069017,0.0073343025423097,0.018183851487362977,2,1,2
1006,usp000hp3z,2010-11-05,2010.0,11.0,AK,"96 km S of Adak, Alaska",51.011,-176.465,31.2,4.7,mb,reviewed,aeic,us,430,7.2,4.889976744186047,0.002,26.30866511627907,1,0.0,0.0,0.0,0.0,0.0,0.0,0.0,0.0,53652.0,53654.0,53654.0,540.4,2129.5,1107.7,24848.7,0.010071942446043165,0.039689491929772246,0.02064524546166176,0.4631285645059082,0,0,1,0,50.0,54951.9,53652.0,54045.5,57087.4,54627.6,-0.023655233031069017,0.0073343025423097,0.018183851487362977,2,1,2
1007,usp000hp46,2010-11-05,2010.0,11.0,AK,"93 km S of Adak, Alaska",51.042,-176.464,35.1,4.5,mb,reviewed,aeic,us,430,7.2,4.889976744186047,0.002,26.30866511627907,1,0.0,0.0,0.0,0.0,0.0,0.0,0.0,0.0,53652.0,53654.0,53654.0,540.4,2129.5,1107.7,24848.7,0.010071942446043165,0.039689491929772246,0.02064524546166176,0.4631285645059082,0,0,1,0,48.0,54951.9,53652.0,54045.5,57087.4,54627.6,-0.023655233031069017,0.0073343025423097,0.018183851487362977,2,1,2
1008,usp000hp4u,2010-11-05,2010.0,11.0,AK,"101 km S of Adak, Alaska",50.969,-176.441,23.9,4.5,mb,reviewed,aeic,us,430,7.2,4.889976744186047,0.002,26.30866511627907,1,0.0,0.0,0.0,0.0,0.0,0.0,0.0,0.0,53652.0,53654.0,53654.0,540.4,2129.5,1107.7,24848.7,0.010071942446043165,0.039689491929772246,0.02064524546166176,0.4631285645059082,0,0,1,0,48.0,54951.9,53652.0,54045.5,57087.4,54627.6,-0.023655233031069017,0.0073343025423097,0.018183851487362977,2,1,2
1009,usp000hp5c,2010-11-05,2010.0,11.0,AK,"127 km WSW of Adak, Alaska",51.356,-178.284,24.9,4.5,mb,reviewed,aeic,us,430,7.2,4.889976744186047,0.002,26.30866511627907,1,0.0,0.0,0.0,0.0,0.0,0.0,0.0,0.0,53652.0,53654.0,53654.0,540.4,2129.5,1107.7,24848.7,0.010071942446043165,0.039689491929772246,0.02064524546166176,0.4631285645059082,0,0,1,0,48.0,54951.9,53652.0,54045.5,57087.4,54627.6,-0.023655233031069017,0.0073343025423097,0.018183851487362977,2,1,2
1010,ak010eace72y,2010-11-07,2010.0,11.0,AK,"121 km NNW of Arctic Village, Alaska",69.1859,-146.1917,1.7,5.1,mw,reviewed,ak,ak,430,7.2,4.889976744186047,0.002,26.30866511627907,1,0.0,0.0,0.0,0.0,0.0,0.0,0.0,0.0,53652.0,53654.0,53654.0,540.4,2129.5,1107.7,24848.7,0.010071942446043165,0.039689491929772246,0.02064524546166176,0.4631285645059082,0,0,1,1,54.0,54951.9,53652.0,54045.5,57087.4,54627.6,-0.023655233031069017,0.0073343025423097,0.018183851487362977,2,1,2
1011,ak010elzmuh5,2010-11-14,2010.0,11.0,AK,"68 km SE of Denali National Park, Alaska",63.1964,-150.5831,131.3,4.6,mw,reviewed,ak,ak,430,7.2,4.889976744186047,0.002,26.30866511627907,1,0.0,0.0,0.0,0.0,0.0,0.0,0.0,0.0,53652.0,53654.0,53654.0,540.4,2129.5,1107.7,24848.7,0.010071942446043165,0.039689491929772246,0.02064524546166176,0.4631285645059082,0,0,0,0,46.0,54951.9,53652.0,54045.5,57087.4,54627.6,-0.023655233031069017,0.0073343025423097,0.018183851487362977,2,1,2
1012,usp000hpmd,2010-11-14,2010.0,11.0,AK,"120 km NNW of Nikolski, Alaska",53.955,-169.509,248.7,4.7,mb,reviewed,aeic,us,430,7.2,4.889976744186047,0.002,26.30866511627907,1,0.0,0.0,0.0,0.0,0.0,0.0,0.0,0.0,53652.0,53654.0,53654.0,540.4,2129.5,1107.7,24848.7,0.010071942446043165,0.039689491929772246,0.02064524546166176,0.4631285645059082,0,0,0,0,47.0,54951.9,53652.0,54045.5,57087.4,54627.6,-0.023655233031069017,0.0073343025423097,0.018183851487362977,2,1,2
1013,ak010envaqq9,2010-11-15,2010.0,11.0,AK,"4 km N of Moose Pass, Alaska",60.528,-149.3578,28.2,4.9,mw,reviewed,ak,ak,430,7.2,4.889976744186047,0.002,26.30866511627907,1,0.0,0.0,0.0,0.0,0.0,0.0,0.0,0.0,53652.0,53654.0,53654.0,540.4,2129.5,1107.7,24848.7,0.010071942446043165,0.039689491929772246,0.02064524546166176,0.4631285645059082,0,0,1,0,52.0,54951.9,53652.0,54045.5,57087.4,54627.6,-0.023655233031069017,0.0073343025423097,0.018183851487362977,2,1,2
1014,usp000hptb,2010-11-17,2010.0,11.0,AK,"114 km SE of Atka, Alaska",51.352,-173.254,25.3,4.6,mb,reviewed,aeic,us,430,7.2,4.889976744186047,0.002,26.30866511627907,1,0.0,0.0,0.0,0.0,0.0,0.0,0.0,0.0,53652.0,53654.0,53654.0,540.4,2129.5,1107.7,24848.7,0.010071942446043165,0.039689491929772246,0.02064524546166176,0.4631285645059082,0,0,1,0,49.0,54951.9,53652.0,54045.5,57087.4,54627.6,-0.023655233031069017,0.0073343025423097,0.018183851487362977,2,1,2
1015,usp000hpyc,2010-11-21,2010.0,11.0,OR,"234 km WNW of Bandon, Oregon",43.571,-127.23,10.0,5.0,mwc,reviewed,us,gcmt,430,7.2,4.889976744186047,0.002,26.30866511627907,1,0.0,0.0,0.0,0.0,0.0,0.0,0.0,0.0,180738.2,163150.5,163150.5,3073.2,5414.6,25356.8,105350.3,0.01883659565860969,0.03318776221954576,0.15541968918268714,0.6457246530044346,0,0,1,1,53.0,176951.6,180738.2,185959.4,187352.4,189609.7,0.021399071836592638,0.028888192977466757,0.04908480885612449,0,1,0
1016,usp000hpzj,2010-11-23,2010.0,11.0,AK,"73 km N of Atka, Alaska",52.841,-173.994,251.5,4.6,mb,reviewed,us,us,430,7.2,4.889976744186047,0.002,26.30866511627907,1,0.0,0.0,0.0,0.0,0.0,0.0,0.0,0.0,53652.0,53654.0,53654.0,540.4,2129.5,1107.7,24848.7,0.010071942446043165,0.039689491929772246,0.02064524546166176,0.4631285645059082,0,0,0,0,46.0,54951.9,53652.0,54045.5,57087.4,54627.6,-0.023655233031069017,0.0073343025423097,0.018183851487362977,2,1,2
1017,hv60192186,2010-11-24,2010.0,11.0,HI,"16 km SW of M?kena, Hawaii",20.5563333,-156.5573333,23.357,4.7,mc,reviewed,hv,hv,430,7.2,4.889976744186047,0.002,26.30866511627907,1,0.0,0.0,0.0,0.0,0.0,0.0,0.0,0.0,76130.2,66739.3,66739.3,476.9,3682.6,1262.2,46106.5,0.0071457147437866434,0.055178882607399234,0.01891239494570665,0.6908448245636379,0,0,1,0,50.0,74118.5,76130.2,77174.2,78694.0,80534.9,0.027141671782348498,0.013713348973206429,0.05785745998302904,0,1,0
1018,ak010f7ky2lb,2010-11-27,2010.0,11.0,AK,"14 km W of Ninilchik, Alaska",60.0358,-151.934,64.6,4.6,mb,reviewed,ak,ak,430,7.2,4.889976744186047,0.002,26.30866511627907,1,0.0,0.0,0.0,0.0,0.0,0.0,0.0,0.0,53652.0,53654.0,53654.0,540.4,2129.5,1107.7,24848.7,0.010071942446043165,0.039689491929772246,0.02064524546166176,0.4631285645059082,0,0,1,0,49.0,54951.9,53652.0,54045.5,57087.4,54627.6,-0.023655233031069017,0.0073343025423097,0.018183851487362977,2,1,2
1019,usp000hqa4,2010-11-29,2010.0,11.0,AK,"75 km SE of Atka, Alaska",51.818,-173.279,30.0,4.5,mb,reviewed,aeic,us,430,7.2,4.889976744186047,0.002,26.30866511627907,1,0.0,0.0,0.0,0.0,0.0,0.0,0.0,0.0,53652.0,53654.0,53654.0,540.4,2129.5,1107.7,24848.7,0.010071942446043165,0.039689491929772246,0.02064524546166176,0.4631285645059082,0,0,1,0,48.0,54951.9,53652.0,54045.5,57087.4,54627.6,-0.023655233031069017,0.0073343025423097,0.018183851487362977,2,1,2
1020,usp000hqb3,2010-11-30,2010.0,11.0,AK,"91 km SSW of Nikolski, Alaska",52.215,-169.506,18.0,5.5,mwc,reviewed,us,gcmt,430,7.2,4.889976744186047,0.002,26.30866511627907,1,0.0,0.0,0.0,0.0,0.0,0.0,0.0,0.0,53652.0,53654.0,53654.0,540.4,2129.5,1107.7,24848.7,0.010071942446043165,0.039689491929772246,0.02064524546166176,0.4631285645059082,0,0,1,1,58.0,54951.9,53652.0,54045.5,57087.4,54627.6,-0.023655233031069017,0.0073343025423097,0.018183851487362977,2,1,2
1021,usp000hqc4,2010-11-30,2010.0,11.0,AK,"107 km SSW of Nikolski, Alaska",52.012,-169.289,31.9,4.8,mb,reviewed,aeic,us,430,7.2,4.889976744186047,0.002,26.30866511627907,1,0.0,0.0,0.0,0.0,0.0,0.0,0.0,0.0,53652.0,53654.0,53654.0,540.4,2129.5,1107.7,24848.7,0.010071942446043165,0.039689491929772246,0.02064524546166176,0.4631285645059082,0,0,1,0,51.0,54951.9,53652.0,54045.5,57087.4,54627.6,-0.023655233031069017,0.0073343025423097,0.018183851487362977,2,1,2
1022,usp000hqca,2010-11-30,2010.0,11.0,AK,"238 km SSW of Nikolski, Alaska",51.142,-170.762,12.5,4.9,mb,reviewed,us,us,430,7.2,4.889976744186047,0.002,26.30866511627907,1,0.0,0.0,0.0,0.0,0.0,0.0,0.0,0.0,53652.0,53654.0,53654.0,540.4,2129.5,1107.7,24848.7,0.010071942446043165,0.039689491929772246,0.02064524546166176,0.4631285645059082,0,0,1,1,52.0,54951.9,53652.0,54045.5,57087.4,54627.6,-0.023655233031069017,0.0073343025423097,0.018183851487362977,2,1,2
1023,usp000hqgx,2010-12-04,2010.0,12.0,AK,"111 km SSW of Nikolski, Alaska",52.022,-169.536,20.0,4.6,mb,reviewed,aeic,us,430,7.2,4.889976744186047,0.002,26.30866511627907,1,0.0,0.0,0.0,0.0,0.0,0.0,0.0,0.0,53652.0,53654.0,53654.0,540.4,2129.5,1107.7,24848.7,0.010071942446043165,0.039689491929772246,0.02064524546166176,0.4631285645059082,0,0,1,1,49.0,54951.9,53652.0,54045.5,57087.4,54627.6,-0.023655233031069017,0.0073343025423097,0.018183851487362977,2,1,2
1024,usp000hqhd,2010-12-04,2010.0,12.0,CO,"69 km WSW of Campo Pesquero el Colorado, Mexico",25.433,-109.904,11.7,5.0,mwc,reviewed,us,gcmt,430,7.2,4.889976744186047,0.002,26.30866511627907,1,0.0,0.0,0.0,0.0,0.0,0.0,0.0,0.0,279385.6,256771.8,256771.8,2274.3,9289.7,19758.8,179835.8,0.008857281056564624,0.036178817144250267,0.07695081780787454,0.7003720813578438,0,0,1,1,53.0,275659.1,279385.6,283963.8,289339.5,301484.1,0.013518508911913302,0.01638667132450639,0.07909677520960279,0,1,0
1025,ak010ft03mlb,2010-12-10,2010.0,12.0,AK,"13 km SE of Skagway, Alaska",59.3633,-135.1532,0.6,4.6,mw,reviewed,ak,ak,430,7.2,4.889976744186047,0.002,26.30866511627907,1,0.0,0.0,0.0,0.0,0.0,0.0,0.0,0.0,53652.0,53654.0,53654.0,540.4,2129.5,1107.7,24848.7,0.010071942446043165,0.039689491929772246,0.02064524546166176,0.4631285645059082,0,0,1,1,49.0,54951.9,53652.0,54045.5,57087.4,54627.6,-0.023655233031069017,0.0073343025423097,0.018183851487362977,2,1,2
1026,usp000hqx5,2010-12-14,2010.0,12.0,AK,"92 km SSW of Nikolski, Alaska",52.175,-169.412,30.9,5.3,mwc,reviewed,us,gcmt,430,7.2,4.889976744186047,0.002,26.30866511627907,1,0.0,0.0,0.0,0.0,0.0,0.0,0.0,0.0,53652.0,53654.0,53654.0,540.4,2129.5,1107.7,24848.7,0.010071942446043165,0.039689491929772246,0.02064524546166176,0.4631285645059082,0,0,1,0,56.0,54951.9,53652.0,54045.5,57087.4,54627.6,-0.023655233031069017,0.0073343025423097,0.018183851487362977,2,1,2
1027,usp000hqxe,2010-12-14,2010.0,12.0,AK,"109 km SSW of Nikolski, Alaska",52.001,-169.351,13.2,5.0,mwc,reviewed,aeic,gcmt,430,7.2,4.889976744186047,0.002,26.30866511627907,1,0.0,0.0,0.0,0.0,0.0,0.0,0.0,0.0,53652.0,53654.0,53654.0,540.4,2129.5,1107.7,24848.7,0.010071942446043165,0.039689491929772246,0.02064524546166176,0.4631285645059082,0,0,1,1,53.0,54951.9,53652.0,54045.5,57087.4,54627.6,-0.023655233031069017,0.0073343025423097,0.018183851487362977,2,1,2
1028,usp000hr2b,2010-12-18,2010.0,12.0,AK,"231 km WSW of Adak, Alaska",50.916,-179.588,5.0,4.9,mb,reviewed,aeic,us,430,7.2,4.889976744186047,0.002,26.30866511627907,1,0.0,0.0,0.0,0.0,0.0,0.0,0.0,0.0,53652.0,53654.0,53654.0,540.4,2129.5,1107.7,24848.7,0.010071942446043165,0.039689491929772246,0.02064524546166176,0.4631285645059082,0,0,1,1,52.0,54951.9,53652.0,54045.5,57087.4,54627.6,-0.023655233031069017,0.0073343025423097,0.018183851487362977,2,1,2
1029,usp000hr4e,2010-12-19,2010.0,12.0,AK,"87 km SSE of Adak, Alaska",51.141,-176.178,27.0,4.7,mb,reviewed,aeic,us,430,7.2,4.889976744186047,0.002,26.30866511627907,1,0.0,0.0,0.0,0.0,0.0,0.0,0.0,0.0,53652.0,53654.0,53654.0,540.4,2129.5,1107.7,24848.7,0.010071942446043165,0.039689491929772246,0.02064524546166176,0.4631285645059082,0,0,1,0,50.0,54951.9,53652.0,54045.5,57087.4,54627.6,-0.023655233031069017,0.0073343025423097,0.018183851487362977,2,1,2
1030,usp000hr4j,2010-12-19,2010.0,12.0,AK,"154 km S of False Pass, Alaska",53.477,-163.181,25.8,5.0,mwc,reviewed,aeic,gcmt,430,7.2,4.889976744186047,0.002,26.30866511627907,1,0.0,0.0,0.0,0.0,0.0,0.0,0.0,0.0,53652.0,53654.0,53654.0,540.4,2129.5,1107.7,24848.7,0.010071942446043165,0.039689491929772246,0.02064524546166176,0.4631285645059082,0,0,1,0,53.0,54951.9,53652.0,54045.5,57087.4,54627.6,-0.023655233031069017,0.0073343025423097,0.018183851487362977,2,1,2
1031,usp000hr5z,2010-12-19,2010.0,12.0,AK,"96 km SSE of Adak, Alaska",51.086,-176.066,41.4,4.9,mb,reviewed,aeic,us,430,7.2,4.889976744186047,0.002,26.30866511627907,1,0.0,0.0,0.0,0.0,0.0,0.0,0.0,0.0,53652.0,53654.0,53654.0,540.4,2129.5,1107.7,24848.7,0.010071942446043165,0.039689491929772246,0.02064524546166176,0.4631285645059082,0,0,1,0,52.0,54951.9,53652.0,54045.5,57087.4,54627.6,-0.023655233031069017,0.0073343025423097,0.018183851487362977,2,1,2
1032,usp000hr67,2010-12-19,2010.0,12.0,AK,"64 km SSE of Adak, Alaska",51.366,-176.194,46.1,4.7,mb,reviewed,us,us,430,7.2,4.889976744186047,0.002,26.30866511627907,1,0.0,0.0,0.0,0.0,0.0,0.0,0.0,0.0,53652.0,53654.0,53654.0,540.4,2129.5,1107.7,24848.7,0.010071942446043165,0.039689491929772246,0.02064524546166176,0.4631285645059082,0,0,1,0,50.0,54951.9,53652.0,54045.5,57087.4,54627.6,-0.023655233031069017,0.0073343025423097,0.018183851487362977,2,1,2
1033,usp000hr6d,2010-12-19,2010.0,12.0,AK,"93 km SSE of Adak, Alaska",51.101,-176.107,41.2,4.5,mb,reviewed,aeic,us,430,7.2,4.889976744186047,0.002,26.30866511627907,1,0.0,0.0,0.0,0.0,0.0,0.0,0.0,0.0,53652.0,53654.0,53654.0,540.4,2129.5,1107.7,24848.7,0.010071942446043165,0.039689491929772246,0.02064524546166176,0.4631285645059082,0,0,1,0,48.0,54951.9,53652.0,54045.5,57087.4,54627.6,-0.023655233031069017,0.0073343025423097,0.018183851487362977,2,1,2
1034,usp000hr8p,2010-12-21,2010.0,12.0,AK,"101 km SSE of Adak, Alaska",51.04,-176.049,33.3,4.9,mb,reviewed,aeic,us,430,7.2,4.889976744186047,0.002,26.30866511627907,1,0.0,0.0,0.0,0.0,0.0,0.0,0.0,0.0,53652.0,53654.0,53654.0,540.4,2129.5,1107.7,24848.7,0.010071942446043165,0.039689491929772246,0.02064524546166176,0.4631285645059082,0,0,1,0,52.0,54951.9,53652.0,54045.5,57087.4,54627.6,-0.023655233031069017,0.0073343025423097,0.018183851487362977,2,1,2
1035,usp000hry1,2010-12-25,2010.0,12.0,AK,"90 km SSE of Adak, Alaska",51.118,-176.155,10.0,5.4,mwc,reviewed,us,gcmt,430,7.2,4.889976744186047,0.002,26.30866511627907,1,0.0,0.0,0.0,0.0,0.0,0.0,0.0,0.0,53652.0,53654.0,53654.0,540.4,2129.5,1107.7,24848.7,0.010071942446043165,0.039689491929772246,0.02064524546166176,0.4631285645059082,0,0,1,1,57.0,54951.9,53652.0,54045.5,57087.4,54627.6,-0.023655233031069017,0.0073343025423097,0.018183851487362977,2,1,2
1036,usp000hs0q,2010-12-26,2010.0,12.0,AK,"93 km SSE of Adak, Alaska",51.085,-176.186,34.0,5.2,mwc,reviewed,aeic,gcmt,430,7.2,4.889976744186047,0.002,26.30866511627907,1,0.0,0.0,0.0,0.0,0.0,0.0,0.0,0.0,53652.0,53654.0,53654.0,540.4,2129.5,1107.7,24848.7,0.010071942446043165,0.039689491929772246,0.02064524546166176,0.4631285645059082,0,0,1,0,55.0,54951.9,53652.0,54045.5,57087.4,54627.6,-0.023655233031069017,0.0073343025423097,0.018183851487362977,2,1,2
1037,usp000hs1y,2010-12-26,2010.0,12.0,AK,"103 km SSE of Adak, Alaska",51.006,-176.094,10.0,4.5,mb,reviewed,us,us,430,7.2,4.889976744186047,0.002,26.30866511627907,1,0.0,0.0,0.0,0.0,0.0,0.0,0.0,0.0,53652.0,53654.0,53654.0,540.4,2129.5,1107.7,24848.7,0.010071942446043165,0.039689491929772246,0.02064524546166176,0.4631285645059082,0,0,1,1,48.0,54951.9,53652.0,54045.5,57087.4,54627.6,-0.023655233031069017,0.0073343025423097,0.018183851487362977,2,1,2
1038,usp000hs42,2010-12-27,2010.0,12.0,AK,"115 km SSE of Adak, Alaska",50.911,-176.009,24.7,5.0,mwc,reviewed,aeic,gcmt,430,7.2,4.889976744186047,0.002,26.30866511627907,1,0.0,0.0,0.0,0.0,0.0,0.0,0.0,0.0,53652.0,53654.0,53654.0,540.4,2129.5,1107.7,24848.7,0.010071942446043165,0.039689491929772246,0.02064524546166176,0.4631285645059082,0,0,1,0,53.0,54951.9,53652.0,54045.5,57087.4,54627.6,-0.023655233031069017,0.0073343025423097,0.018183851487362977,2,1,2
1039,usp000hs44,2010-12-27,2010.0,12.0,AK,"116 km SSE of Adak, Alaska",50.889,-176.069,13.1,4.8,mb,reviewed,aeic,us,430,7.2,4.889976744186047,0.002,26.30866511627907,1,0.0,0.0,0.0,0.0,0.0,0.0,0.0,0.0,53652.0,53654.0,53654.0,540.4,2129.5,1107.7,24848.7,0.010071942446043165,0.039689491929772246,0.02064524546166176,0.4631285645059082,0,0,1,1,51.0,54951.9,53652.0,54045.5,57087.4,54627.6,-0.023655233031069017,0.0073343025423097,0.018183851487362977,2,1,2
1040,usp000hs6m,2010-12-28,2010.0,12.0,AK,"86 km SSE of Adak, Alaska",51.131,-176.291,26.1,4.7,mb,reviewed,aeic,us,430,7.2,4.889976744186047,0.002,26.30866511627907,1,0.0,0.0,0.0,0.0,0.0,0.0,0.0,0.0,53652.0,53654.0,53654.0,540.4,2129.5,1107.7,24848.7,0.010071942446043165,0.039689491929772246,0.02064524546166176,0.4631285645059082,0,0,1,0,50.0,54951.9,53652.0,54045.5,57087.4,54627.6,-0.023655233031069017,0.0073343025423097,0.018183851487362977,2,1,2
1041,ak010gqb24bq,2010-12-30,2010.0,12.0,AK,"113 km SE of Ugashik, Alaska",56.7391,-156.1674,58.1,5.0,mw,reviewed,ak,ak,430,7.2,4.889976744186047,0.002,26.30866511627907,1,0.0,0.0,0.0,0.0,0.0,0.0,0.0,0.0,53652.0,53654.0,53654.0,540.4,2129.5,1107.7,24848.7,0.010071942446043165,0.039689491929772246,0.02064524546166176,0.4631285645059082,0,0,1,0,53.0,54951.9,53652.0,54045.5,57087.4,54627.6,-0.023655233031069017,0.0073343025423097,0.018183851487362977,2,1,2
1042,usp000hsbe,2010-12-31,2010.0,12.0,AK,"126 km S of Unalaska, Alaska",52.741,-166.686,7.6,4.7,mb,reviewed,aeic,us,430,7.2,4.889976744186047,0.002,26.30866511627907,1,0.0,0.0,0.0,0.0,0.0,0.0,0.0,0.0,53652.0,53654.0,53654.0,540.4,2129.5,1107.7,24848.7,0.010071942446043165,0.039689491929772246,0.02064524546166176,0.4631285645059082,0,0,1,1,50.0,54951.9,53652.0,54045.5,57087.4,54627.6,-0.023655233031069017,0.0073343025423097,0.018183851487362977,2,1,2
1043,usp000hshj,2011-01-03,2011.0,1.0,AK,"55 km SSE of Adak, Alaska",51.457,-176.202,34.2,4.5,mb,reviewed,aeic,us,227,7.3,4.905418502202643,1.0,31.59915859030837,1,2.0,0.0,0.0,0.0,0.0,0.0,0.0,7.3,54045.5,56912.3,56912.3,623.8,2052.8,971.8,25144.4,0.010960723780272453,0.03606953154239066,0.017075394949773597,0.44180959124828906,1,0,1,0,53.0,53652.0,54045.5,57087.4,54627.6,53303.3,0.0073343025423097,0.05628405695201268,-0.013732873227188148,0,1,0
1044,usp000hswm,2011-01-11,2011.0,1.0,AK,"37 km SE of Adak, Alaska",51.65,-176.225,54.0,4.9,mb,reviewed,us,us,227,7.3,4.905418502202643,1.0,31.59915859030837,1,2.0,0.0,0.0,0.0,0.0,0.0,0.0,7.3,54045.5,56912.3,56912.3,623.8,2052.8,971.8,25144.4,0.010960723780272453,0.03606953154239066,0.017075394949773597,0.44180959124828906,1,0,1,0,57.0,53652.0,54045.5,57087.4,54627.6,53303.3,0.0073343025423097,0.05628405695201268,-0.013732873227188148,0,1,0
1045,ak011122ukq6,2011-01-23,2011.0,1.0,AK,"42 km E of Denali National Park, Alaska",63.542,-150.8652,15.7,5.2,mw,reviewed,ak,ak,227,7.3,4.905418502202643,1.0,31.59915859030837,1,2.0,0.0,0.0,0.0,0.0,0.0,0.0,7.3,54045.5,56912.3,56912.3,623.8,2052.8,971.8,25144.4,0.010960723780272453,0.03606953154239066,0.017075394949773597,0.44180959124828906,1,0,1,1,60.0,53652.0,54045.5,57087.4,54627.6,53303.3,0.0073343025423097,0.05628405695201268,-0.013732873227188148,0,1,0
1046,usp000htmv,2011-01-25,2011.0,1.0,AK,"63 km SE of Adak, Alaska",51.419,-176.085,34.4,5.0,mwc,reviewed,aeic,gcmt,227,7.3,4.905418502202643,1.0,31.59915859030837,1,2.0,0.0,0.0,0.0,0.0,0.0,0.0,7.3,54045.5,56912.3,56912.3,623.8,2052.8,971.8,25144.4,0.010960723780272453,0.03606953154239066,0.017075394949773597,0.44180959124828906,1,0,1,0,58.0,53652.0,54045.5,57087.4,54627.6,53303.3,0.0073343025423097,0.05628405695201268,-0.013732873227188148,0,1,0
1047,usp000htz3,2011-02-02,2011.0,2.0,AK,"40 km S of Sand Point, Alaska",54.974,-160.465,35.0,5.9,mww,reviewed,us,us,227,7.3,4.905418502202643,1.0,31.59915859030837,1,2.0,0.0,0.0,0.0,0.0,0.0,0.0,7.3,54045.5,56912.3,56912.3,623.8,2052.8,971.8,25144.4,0.010960723780272453,0.03606953154239066,0.017075394949773597,0.44180959124828906,1,0,1,0,67.0,53652.0,54045.5,57087.4,54627.6,53303.3,0.0073343025423097,0.05628405695201268,-0.013732873227188148,0,1,0
1048,usp000hu1u,2011-02-04,2011.0,2.0,AK,"65 km ESE of Adak, Alaska",51.592,-175.807,38.1,4.7,mb,reviewed,aeic,us,227,7.3,4.905418502202643,1.0,31.59915859030837,1,2.0,0.0,0.0,0.0,0.0,0.0,0.0,7.3,54045.5,56912.3,56912.3,623.8,2052.8,971.8,25144.4,0.010960723780272453,0.03606953154239066,0.017075394949773597,0.44180959124828906,1,0,1,0,55.0,53652.0,54045.5,57087.4,54627.6,53303.3,0.0073343025423097,0.05628405695201268,-0.013732873227188148,0,1,0
1049,usp000hu5h,2011-02-06,2011.0,2.0,AK,"35 km SSW of Nelson Lagoon, Alaska",55.69,-161.335,43.4,4.6,mb,reviewed,us,us,227,7.3,4.905418502202643,1.0,31.59915859030837,1,2.0,0.0,0.0,0.0,0.0,0.0,0.0,7.3,54045.5,56912.3,56912.3,623.8,2052.8,971.8,25144.4,0.010960723780272453,0.03606953154239066,0.017075394949773597,0.44180959124828906,1,0,1,0,54.0,53652.0,54045.5,57087.4,54627.6,53303.3,0.0073343025423097,0.05628405695201268,-0.013732873227188148,0,1,0
1050,ak0111vymjwx,2011-02-10,2011.0,2.0,AK,"76 km WNW of Aleneva, Alaska",58.2956,-154.1328,78.1,4.8,mw,reviewed,ak,ak,227,7.3,4.905418502202643,1.0,31.59915859030837,1,2.0,0.0,0.0,0.0,0.0,0.0,0.0,7.3,54045.5,56912.3,56912.3,623.8,2052.8,971.8,25144.4,0.010960723780272453,0.03606953154239066,0.017075394949773597,0.44180959124828906,1,0,0,0,53.0,53652.0,54045.5,57087.4,54627.6,53303.3,0.0073343025423097,0.05628405695201268,-0.013732873227188148,0,1,0
1051,nm608509,2011-02-28,2011.0,2.0,AR,"4 km NE of Greenbrier, Arkansas",35.2686667,-92.3545,3.16,4.7,mw,reviewed,nm,nm,227,7.3,4.905418502202643,1.0,31.59915859030837,1,0.0,0.0,0.0,0.0,0.0,0.0,0.0,0.0,115241.8,105697.6,105697.6,2262.2,4057.6,15699.3,65362.5,0.021402567324139806,0.038388761901878565,0.14853033559891612,0.6183915245000832,0,0,1,1,50.0,113000.9,115241.8,116616.2,119842.8,121409.4,0.019830815506779228,0.011926228156797222,0.053518775305488035,0,1,0
1052,ak0112rh908g,2011-03-01,2011.0,3.0,AK,"36 km W of Akhiok, Alaska",56.9687,-154.7709,36.7,4.7,mb,reviewed,ak,ak,227,7.3,4.905418502202643,1.0,31.59915859030837,1,2.0,0.0,0.0,0.0,0.0,0.0,0.0,7.3,54045.5,56912.3,56912.3,623.8,2052.8,971.8,25144.4,0.010960723780272453,0.03606953154239066,0.017075394949773597,0.44180959124828906,1,0,1,0,55.0,53652.0,54045.5,57087.4,54627.6,53303.3,0.0073343025423097,0.05628405695201268,-0.013732873227188148,0,1,0
1053,nc71538646,2011-03-06,2011.0,3.0,CA,"95 km WSW of Ferndale, California",40.4038333,-125.363,24.467,4.54,mw,reviewed,nc,nc,227,7.3,4.905418502202643,1.0,31.59915859030837,1,0.0,0.0,0.0,0.0,0.0,0.0,0.0,0.0,2192887.2,2014050.3,2014050.3,32278.6,58938.0,221137.7,1417757.7,0.016026709958534797,0.02926342008439412,0.10979750605037024,0.7039336107941295,0,0,1,0,48.4,2153852.8,2192887.2,2255437.3,2340335.3,2428675.7,0.018123058363134367,0.02852408459495756,0.10752422650832198,0,1,0
1054,usp000hvf1,2011-03-06,2011.0,3.0,OR,off the coast of Oregon,44.373,-129.376,10.0,5.0,mwc,reviewed,us,gcmt,227,7.3,4.905418502202643,1.0,31.59915859030837,1,0.0,0.0,0.0,0.0,0.0,0.0,0.0,0.0,185959.4,169693.8,169693.8,3443.9,5369.5,27385.8,108609.5,0.020294789791966472,0.03164228746129794,0.16138362155835984,0.640032222744732,0,0,1,1,53.0,180738.2,185959.4,187352.4,189609.7,195808.2,0.028888192977466757,0.007490882418420365,0.05296209817841969,0,1,0
1055,usp000hvf2,2011-03-06,2011.0,3.0,OR,off the coast of Oregon,44.289,-129.432,10.0,5.0,mwc,reviewed,us,gcmt,227,7.3,4.905418502202643,1.0,31.59915859030837,1,0.0,0.0,0.0,0.0,0.0,0.0,0.0,0.0,185959.4,169693.8,169693.8,3443.9,5369.5,27385.8,108609.5,0.020294789791966472,0.03164228746129794,0.16138362155835984,0.640032222744732,0,0,1,1,53.0,180738.2,185959.4,187352.4,189609.7,195808.2,0.028888192977466757,0.007490882418420365,0.05296209817841969,0,1,0
1056,usp000hvg9,2011-03-08,2011.0,3.0,OR,off the coast of Oregon,44.318,-129.446,10.0,5.1,mwc,reviewed,us,gcmt,227,7.3,4.905418502202643,1.0,31.59915859030837,1,0.0,0.0,0.0,0.0,0.0,0.0,0.0,0.0,185959.4,169693.8,169693.8,3443.9,5369.5,27385.8,108609.5,0.020294789791966472,0.03164228746129794,0.16138362155835984,0.640032222744732,0,0,1,1,54.0,180738.2,185959.4,187352.4,189609.7,195808.2,0.028888192977466757,0.007490882418420365,0.05296209817841969,0,1,0
1057,usp000hvgh,2011-03-08,2011.0,3.0,OR,off the coast of Oregon,44.165,-129.472,10.0,4.6,mb,reviewed,us,us,227,7.3,4.905418502202643,1.0,31.59915859030837,1,0.0,0.0,0.0,0.0,0.0,0.0,0.0,0.0,185959.4,169693.8,169693.8,3443.9,5369.5,27385.8,108609.5,0.020294789791966472,0.03164228746129794,0.16138362155835984,0.640032222744732,0,0,1,1,49.0,180738.2,185959.4,187352.4,189609.7,195808.2,0.028888192977466757,0.007490882418420365,0.05296209817841969,0,1,0
1058,hv60222496,2011-03-11,2011.0,3.0,HI,"16 km SSW of Leilani Estates, Hawaii",19.3406667,-154.9923333,8.942,4.57,ml,reviewed,hv,hv,227,7.3,4.905418502202643,1.0,31.59915859030837,1,0.0,0.0,0.0,0.0,0.0,0.0,0.0,0.0,77174.2,68801.1,68801.1,555.0,3536.0,1277.4,47579.0,0.008066731491211622,0.05139452712238612,0.0185665636159887,0.6915441758925366,0,0,1,1,48.7,76130.2,77174.2,78694.0,80534.9,81304.9,0.013713348973206429,0.01969310987350699,0.05352436436010995,0,1,0
1059,usp000hwf0,2011-03-12,2011.0,3.0,CO,"83 km SW of Campo Pesquero el Colorado, Mexico",25.138,-109.793,10.0,4.5,mb,reviewed,us,us,227,7.3,4.905418502202643,1.0,31.59915859030837,1,2.0,0.0,0.0,0.0,0.0,0.0,7.0,5.4,283963.8,266114.1,266114.1,2780.9,9445.7,20088.7,186243.1,0.010450028765856451,0.03549492492130256,0.07548904774305458,0.699861826186587,1,0,1,1,53.0,279385.6,283963.8,289339.5,301484.1,315399.0,0.01638667132450639,0.018930934154283086,0.11070143447862021,0,1,0
1060,usp000hwfn,2011-03-12,2011.0,3.0,CO,"87 km SW of Campo Pesquero el Colorado, Mexico",25.165,-109.894,10.0,4.6,mb,reviewed,us,us,227,7.3,4.905418502202643,1.0,31.59915859030837,1,2.0,0.0,0.0,0.0,0.0,0.0,7.0,5.4,283963.8,266114.1,266114.1,2780.9,9445.7,20088.7,186243.1,0.010450028765856451,0.03549492492130256,0.07548904774305458,0.699861826186587,1,0,1,1,54.0,279385.6,283963.8,289339.5,301484.1,315399.0,0.01638667132450639,0.018930934154283086,0.11070143447862021,0,1,0
1061,usp000hwgp,2011-03-12,2011.0,3.0,CO,"60 km SSW of Campo Pesquero el Colorado, Mexico",25.25,-109.544,10.0,4.5,mb,reviewed,us,us,227,7.3,4.905418502202643,1.0,31.59915859030837,1,2.0,0.0,0.0,0.0,0.0,0.0,7.0,5.4,283963.8,266114.1,266114.1,2780.9,9445.7,20088.7,186243.1,0.010450028765856451,0.03549492492130256,0.07548904774305458,0.699861826186587,1,0,1,1,53.0,279385.6,283963.8,289339.5,301484.1,315399.0,0.01638667132450639,0.018930934154283086,0.11070143447862021,0,1,0
1062,usp000hwj1,2011-03-12,2011.0,3.0,CO,"56 km SW of Campo Pesquero el Colorado, Mexico",25.379,-109.695,10.0,5.2,mwc,reviewed,us,gcmt,227,7.3,4.905418502202643,1.0,31.59915859030837,1,2.0,0.0,0.0,0.0,0.0,0.0,7.0,5.4,283963.8,266114.1,266114.1,2780.9,9445.7,20088.7,186243.1,0.010450028765856451,0.03549492492130256,0.07548904774305458,0.699861826186587,1,0,1,1,60.0,279385.6,283963.8,289339.5,301484.1,315399.0,0.01638667132450639,0.018930934154283086,0.11070143447862021,0,1,0
1063,usp000hwjc,2011-03-12,2011.0,3.0,CO,"57 km SW of Campo Pesquero el Colorado, Mexico",25.391,-109.719,10.0,4.7,mb,reviewed,us,us,227,7.3,4.905418502202643,1.0,31.59915859030837,1,2.0,0.0,0.0,0.0,0.0,0.0,7.0,5.4,283963.8,266114.1,266114.1,2780.9,9445.7,20088.7,186243.1,0.010450028765856451,0.03549492492130256,0.07548904774305458,0.699861826186587,1,0,1,1,55.0,279385.6,283963.8,289339.5,301484.1,315399.0,0.01638667132450639,0.018930934154283086,0.11070143447862021,0,1,0
1064,usp000hwmg,2011-03-12,2011.0,3.0,CO,"76 km SW of Campo Pesquero el Colorado, Mexico",25.236,-109.815,10.0,4.5,mb,reviewed,us,us,227,7.3,4.905418502202643,1.0,31.59915859030837,1,2.0,0.0,0.0,0.0,0.0,0.0,7.0,5.4,283963.8,266114.1,266114.1,2780.9,9445.7,20088.7,186243.1,0.010450028765856451,0.03549492492130256,0.07548904774305458,0.699861826186587,1,0,1,1,53.0,279385.6,283963.8,289339.5,301484.1,315399.0,0.01638667132450639,0.018930934154283086,0.11070143447862021,0,1,0
1065,usp000hwqx,2011-03-13,2011.0,3.0,CO,"68 km SW of Campo Pesquero el Colorado, Mexico",25.298,-109.767,10.0,4.6,mb,reviewed,us,us,227,7.3,4.905418502202643,1.0,31.59915859030837,1,2.0,0.0,0.0,0.0,0.0,0.0,7.0,5.4,283963.8,266114.1,266114.1,2780.9,9445.7,20088.7,186243.1,0.010450028765856451,0.03549492492130256,0.07548904774305458,0.699861826186587,1,0,1,1,54.0,279385.6,283963.8,289339.5,301484.1,315399.0,0.01638667132450639,0.018930934154283086,0.11070143447862021,0,1,0
1066,usp000hwts,2011-03-13,2011.0,3.0,CO,"51 km SSW of Campo Pesquero el Colorado, Mexico",25.33,-109.521,10.0,5.0,mwc,reviewed,us,gcmt,227,7.3,4.905418502202643,1.0,31.59915859030837,1,2.0,0.0,0.0,0.0,0.0,0.0,7.0,5.4,283963.8,266114.1,266114.1,2780.9,9445.7,20088.7,186243.1,0.010450028765856451,0.03549492492130256,0.07548904774305458,0.699861826186587,1,0,1,1,58.0,279385.6,283963.8,289339.5,301484.1,315399.0,0.01638667132450639,0.018930934154283086,0.11070143447862021,0,1,0
1067,usp000hygp,2011-03-24,2011.0,3.0,CO,"92 km SSW of Campo Pesquero el Colorado, Mexico",24.993,-109.682,27.9,4.6,mb,reviewed,us,us,227,7.3,4.905418502202643,1.0,31.59915859030837,1,2.0,0.0,0.0,0.0,0.0,0.0,7.0,5.4,283963.8,266114.1,266114.1,2780.9,9445.7,20088.7,186243.1,0.010450028765856451,0.03549492492130256,0.07548904774305458,0.699861826186587,1,0,1,0,54.0,279385.6,283963.8,289339.5,301484.1,315399.0,0.01638667132450639,0.018930934154283086,0.11070143447862021,0,1,0
1068,usp000hyk4,2011-03-25,2011.0,3.0,AK,"205 km WSW of Adak, Alaska",51.113,-179.33,49.7,4.6,mb,reviewed,us,us,227,7.3,4.905418502202643,1.0,31.59915859030837,1,2.0,0.0,0.0,0.0,0.0,0.0,0.0,7.3,54045.5,56912.3,56912.3,623.8,2052.8,971.8,25144.4,0.010960723780272453,0.03606953154239066,0.017075394949773597,0.44180959124828906,1,0,1,0,54.0,53652.0,54045.5,57087.4,54627.6,53303.3,0.0073343025423097,0.05628405695201268,-0.013732873227188148,0,1,0
1069,ak01148gcosj,2011-04-02,2011.0,4.0,AK,"100 km ESE of Chignik, Alaska",55.9748,-156.8994,24.3,4.9,mb,reviewed,ak,ak,227,7.3,4.905418502202643,1.0,31.59915859030837,1,2.0,0.0,0.0,0.0,0.0,0.0,0.0,7.3,54045.5,56912.3,56912.3,623.8,2052.8,971.8,25144.4,0.010960723780272453,0.03606953154239066,0.017075394949773597,0.44180959124828906,1,0,1,0,57.0,53652.0,54045.5,57087.4,54627.6,53303.3,0.0073343025423097,0.05628405695201268,-0.013732873227188148,0,1,0
1070,nn00424006,2011-04-17,2011.0,4.0,NV,"18 km SW of Hawthorne, Nevada",38.3891,-118.7433,5.1,4.6,ml,reviewed,nn,nn,227,7.3,4.905418502202643,1.0,31.59915859030837,1,0.0,0.0,0.0,0.0,0.0,0.0,0.0,0.0,144341.2,128638.4,128638.4,369.3,6797.0,5301.0,95047.4,0.002870837945745594,0.05283803281135338,0.041208534932026517,0.7388726849836441,0,0,1,1,49.0,142614.2,144341.2,142986.1,144549.3,145303.6,0.01210959357483336,-0.009388171914879506,0.006667534979617698,0,1,0
1071,usp000j04j,2011-04-17,2011.0,4.0,AK,Alaska Peninsula,55.533,-161.478,10.1,4.5,mb,reviewed,aeic,us,227,7.3,4.905418502202643,1.0,31.59915859030837,1,2.0,0.0,0.0,0.0,0.0,0.0,0.0,7.3,54045.5,56912.3,56912.3,623.8,2052.8,971.8,25144.4,0.010960723780272453,0.03606953154239066,0.017075394949773597,0.44180959124828906,1,0,1,1,53.0,53652.0,54045.5,57087.4,54627.6,53303.3,0.0073343025423097,0.05628405695201268,-0.013732873227188148,0,1,0
1072,usp000j0eu,2011-04-23,2011.0,4.0,AK,"99 km SW of Atka, Alaska",51.548,-175.188,27.6,4.7,mb,reviewed,aeic,us,227,7.3,4.905418502202643,1.0,31.59915859030837,1,2.0,0.0,0.0,0.0,0.0,0.0,0.0,7.3,54045.5,56912.3,56912.3,623.8,2052.8,971.8,25144.4,0.010960723780272453,0.03606953154239066,0.017075394949773597,0.44180959124828906,1,0,1,0,55.0,53652.0,54045.5,57087.4,54627.6,53303.3,0.0073343025423097,0.05628405695201268,-0.013732873227188148,0,1,0
1073,usp000j11d,2011-05-05,2011.0,5.0,AK,"128 km WSW of Adak, Alaska",51.487,-178.384,60.8,5.3,mb,reviewed,us,us,227,7.3,4.905418502202643,1.0,31.59915859030837,1,2.0,0.0,0.0,0.0,0.0,0.0,0.0,7.3,54045.5,56912.3,56912.3,623.8,2052.8,971.8,25144.4,0.010960723780272453,0.03606953154239066,0.017075394949773597,0.44180959124828906,1,0,1,0,61.0,53652.0,54045.5,57087.4,54627.6,53303.3,0.0073343025423097,0.05628405695201268,-0.013732873227188148,0,1,0
1074,ak01164akclw,2011-05-13,2011.0,5.0,AK,"48 km WNW of Happy Valley, Alaska",60.0376,-152.5857,100.9,4.5,mb,reviewed,ak,ak,227,7.3,4.905418502202643,1.0,31.59915859030837,1,2.0,0.0,0.0,0.0,0.0,0.0,0.0,7.3,54045.5,56912.3,56912.3,623.8,2052.8,971.8,25144.4,0.010960723780272453,0.03606953154239066,0.017075394949773597,0.44180959124828906,1,0,0,0,50.0,53652.0,54045.5,57087.4,54627.6,53303.3,0.0073343025423097,0.05628405695201268,-0.013732873227188148,0,1,0
1075,ak0116fqotv5,2011-05-20,2011.0,5.0,AK,Southern Alaska,59.8922,-153.2697,136.8,4.8,mb,reviewed,ak,ak,227,7.3,4.905418502202643,1.0,31.59915859030837,1,2.0,0.0,0.0,0.0,0.0,0.0,0.0,7.3,54045.5,56912.3,56912.3,623.8,2052.8,971.8,25144.4,0.010960723780272453,0.03606953154239066,0.017075394949773597,0.44180959124828906,1,0,0,0,53.0,53652.0,54045.5,57087.4,54627.6,53303.3,0.0073343025423097,0.05628405695201268,-0.013732873227188148,0,1,0
1076,usp000j228,2011-05-22,2011.0,5.0,AK,"156 km SW of Adak, Alaska",50.968,-178.363,40.5,5.0,mwc,reviewed,aeic,gcmt,227,7.3,4.905418502202643,1.0,31.59915859030837,1,2.0,0.0,0.0,0.0,0.0,0.0,0.0,7.3,54045.5,56912.3,56912.3,623.8,2052.8,971.8,25144.4,0.010960723780272453,0.03606953154239066,0.017075394949773597,0.44180959124828906,1,0,1,0,58.0,53652.0,54045.5,57087.4,54627.6,53303.3,0.0073343025423097,0.05628405695201268,-0.013732873227188148,0,1,0
1077,usp000j256,2011-05-24,2011.0,5.0,AK,"78 km NE of Atka, Alaska",52.596,-173.256,137.6,5.5,mww,reviewed,us,us,227,7.3,4.905418502202643,1.0,31.59915859030837,1,2.0,0.0,0.0,0.0,0.0,0.0,0.0,7.3,54045.5,56912.3,56912.3,623.8,2052.8,971.8,25144.4,0.010960723780272453,0.03606953154239066,0.017075394949773597,0.44180959124828906,1,0,0,0,60.0,53652.0,54045.5,57087.4,54627.6,53303.3,0.0073343025423097,0.05628405695201268,-0.013732873227188148,0,1,0
1078,ak0116pliito,2011-05-26,2011.0,5.0,AK,"74 km S of Akhiok, Alaska",56.2744,-154.2322,12.8,4.8,mb,reviewed,ak,ak,227,7.3,4.905418502202643,1.0,31.59915859030837,1,2.0,0.0,0.0,0.0,0.0,0.0,0.0,7.3,54045.5,56912.3,56912.3,623.8,2052.8,971.8,25144.4,0.010960723780272453,0.03606953154239066,0.017075394949773597,0.44180959124828906,1,0,1,1,56.0,53652.0,54045.5,57087.4,54627.6,53303.3,0.0073343025423097,0.05628405695201268,-0.013732873227188148,0,1,0
1079,ak0117oi3hnt,2011-06-16,2011.0,6.0,AK,"14 km NE of Nikiski, Alaska",60.7649,-151.076,58.9,5.1,mw,reviewed,ak,ak,227,7.3,4.905418502202643,1.0,31.59915859030837,1,2.0,0.0,0.0,0.0,0.0,0.0,0.0,7.3,54045.5,56912.3,56912.3,623.8,2052.8,971.8,25144.4,0.010960723780272453,0.03606953154239066,0.017075394949773597,0.44180959124828906,1,0,1,0,59.0,53652.0,54045.5,57087.4,54627.6,53303.3,0.0073343025423097,0.05628405695201268,-0.013732873227188148,0,1,0
1080,usp000j3et,2011-06-19,2011.0,6.0,AK,"41 km W of Dutch Harbor, Alaska",53.911,-167.179,109.0,4.8,mb,reviewed,us,us,227,7.3,4.905418502202643,1.0,31.59915859030837,1,2.0,0.0,0.0,0.0,0.0,0.0,0.0,7.3,54045.5,56912.3,56912.3,623.8,2052.8,971.8,25144.4,0.010960723780272453,0.03606953154239066,0.017075394949773597,0.44180959124828906,1,0,0,0,53.0,53652.0,54045.5,57087.4,54627.6,53303.3,0.0073343025423097,0.05628405695201268,-0.013732873227188148,0,1,0
1081,usp000j3nu,2011-06-24,2011.0,6.0,AK,"173 km E of Atka, Alaska",52.201,-171.658,66.5,4.7,mb,reviewed,us,us,227,7.3,4.905418502202643,1.0,31.59915859030837,1,2.0,0.0,0.0,0.0,0.0,0.0,0.0,7.3,54045.5,56912.3,56912.3,623.8,2052.8,971.8,25144.4,0.010960723780272453,0.03606953154239066,0.017075394949773597,0.44180959124828906,1,0,1,0,55.0,53652.0,54045.5,57087.4,54627.6,53303.3,0.0073343025423097,0.05628405695201268,-0.013732873227188148,0,1,0
1082,usp000j3ny,2011-06-24,2011.0,6.0,AK,"161 km E of Atka, Alaska",52.006,-171.862,53.7,4.6,mb,reviewed,us,us,227,7.3,4.905418502202643,1.0,31.59915859030837,1,2.0,0.0,0.0,0.0,0.0,0.0,0.0,7.3,54045.5,56912.3,56912.3,623.8,2052.8,971.8,25144.4,0.010960723780272453,0.03606953154239066,0.017075394949773597,0.44180959124828906,1,0,1,0,54.0,53652.0,54045.5,57087.4,54627.6,53303.3,0.0073343025423097,0.05628405695201268,-0.013732873227188148,0,1,0
1083,usp000j3pt,2011-06-24,2011.0,6.0,AK,"Fox Islands, Aleutian Islands, Alaska",51.928,-171.643,55.1,4.6,mb,reviewed,us,us,227,7.3,4.905418502202643,1.0,31.59915859030837,1,2.0,0.0,0.0,0.0,0.0,0.0,0.0,7.3,54045.5,56912.3,56912.3,623.8,2052.8,971.8,25144.4,0.010960723780272453,0.03606953154239066,0.017075394949773597,0.44180959124828906,1,0,1,0,54.0,53652.0,54045.5,57087.4,54627.6,53303.3,0.0073343025423097,0.05628405695201268,-0.013732873227188148,0,1,0
1084,usp000j3uw,2011-06-27,2011.0,6.0,AK,"168 km E of Atka, Alaska",52.003,-171.762,29.0,5.8,mww,reviewed,us,us,227,7.3,4.905418502202643,1.0,31.59915859030837,1,2.0,0.0,0.0,0.0,0.0,0.0,0.0,7.3,54045.5,56912.3,56912.3,623.8,2052.8,971.8,25144.4,0.010960723780272453,0.03606953154239066,0.017075394949773597,0.44180959124828906,1,0,1,0,66.0,53652.0,54045.5,57087.4,54627.6,53303.3,0.0073343025423097,0.05628405695201268,-0.013732873227188148,0,1,0
1085,usp000j3vs,2011-06-28,2011.0,6.0,AK,"174 km E of Atka, Alaska",52.009,-171.671,61.6,5.4,mwc,reviewed,us,gcmt,227,7.3,4.905418502202643,1.0,31.59915859030837,1,2.0,0.0,0.0,0.0,0.0,0.0,0.0,7.3,54045.5,56912.3,56912.3,623.8,2052.8,971.8,25144.4,0.010960723780272453,0.03606953154239066,0.017075394949773597,0.44180959124828906,1,0,1,0,62.0,53652.0,54045.5,57087.4,54627.6,53303.3,0.0073343025423097,0.05628405695201268,-0.013732873227188148,0,1,0
1086,usp000j3vv,2011-06-28,2011.0,6.0,AK,"184 km ESE of Atka, Alaska",51.716,-171.639,25.9,5.4,mwc,reviewed,aeic,gcmt,227,7.3,4.905418502202643,1.0,31.59915859030837,1,2.0,0.0,0.0,0.0,0.0,0.0,0.0,7.3,54045.5,56912.3,56912.3,623.8,2052.8,971.8,25144.4,0.010960723780272453,0.03606953154239066,0.017075394949773597,0.44180959124828906,1,0,1,0,62.0,53652.0,54045.5,57087.4,54627.6,53303.3,0.0073343025423097,0.05628405695201268,-0.013732873227188148,0,1,0
1087,usp000j3wh,2011-06-28,2011.0,6.0,AK,"Fox Islands, Aleutian Islands, Alaska",51.723,-171.762,43.8,5.2,mwc,reviewed,aeic,gcmt,227,7.3,4.905418502202643,1.0,31.59915859030837,1,2.0,0.0,0.0,0.0,0.0,0.0,0.0,7.3,54045.5,56912.3,56912.3,623.8,2052.8,971.8,25144.4,0.010960723780272453,0.03606953154239066,0.017075394949773597,0.44180959124828906,1,0,1,0,60.0,53652.0,54045.5,57087.4,54627.6,53303.3,0.0073343025423097,0.05628405695201268,-0.013732873227188148,0,1,0
1088,usp000j3xh,2011-06-29,2011.0,6.0,AK,"202 km SSE of Sand Point, Alaska",53.557,-159.825,23.1,4.9,mb,reviewed,aeic,us,227,7.3,4.905418502202643,1.0,31.59915859030837,1,2.0,0.0,0.0,0.0,0.0,0.0,0.0,7.3,54045.5,56912.3,56912.3,623.8,2052.8,971.8,25144.4,0.010960723780272453,0.03606953154239066,0.017075394949773597,0.44180959124828906,1,0,1,0,57.0,53652.0,54045.5,57087.4,54627.6,53303.3,0.0073343025423097,0.05628405695201268,-0.013732873227188148,0,1,0
1089,usp000j476,2011-07-05,2011.0,7.0,AK,"209 km SE of Akutan, Alaska",52.711,-163.709,8.6,4.5,mb,reviewed,us,us,227,7.3,4.905418502202643,1.0,31.59915859030837,1,2.0,0.0,0.0,0.0,0.0,0.0,0.0,7.3,54045.5,56912.3,56912.3,623.8,2052.8,971.8,25144.4,0.010960723780272453,0.03606953154239066,0.017075394949773597,0.44180959124828906,1,0,1,1,53.0,53652.0,54045.5,57087.4,54627.6,53303.3,0.0073343025423097,0.05628405695201268,-0.013732873227188148,0,1,0
1090,usp000j4x4,2011-07-14,2011.0,7.0,AK,"171 km E of Atka, Alaska",52.187,-171.697,51.6,4.5,mb,reviewed,us,us,227,7.3,4.905418502202643,1.0,31.59915859030837,1,2.0,0.0,0.0,0.0,0.0,0.0,0.0,7.3,54045.5,56912.3,56912.3,623.8,2052.8,971.8,25144.4,0.010960723780272453,0.03606953154239066,0.017075394949773597,0.44180959124828906,1,0,1,0,53.0,53652.0,54045.5,57087.4,54627.6,53303.3,0.0073343025423097,0.05628405695201268,-0.013732873227188148,0,1,0
1091,usp000j51f,2011-07-16,2011.0,7.0,AK,"72 km ESE of King Cove, Alaska",54.787,-161.29,36.0,6.1,mww,reviewed,us,us,227,7.3,4.905418502202643,1.0,31.59915859030837,1,2.0,0.0,0.0,0.0,0.0,0.0,0.0,7.3,54045.5,56912.3,56912.3,623.8,2052.8,971.8,25144.4,0.010960723780272453,0.03606953154239066,0.017075394949773597,0.44180959124828906,1,1,1,0,79.0,53652.0,54045.5,57087.4,54627.6,53303.3,0.0073343025423097,0.05628405695201268,-0.013732873227188148,0,1,0
1092,usp000j53m,2011-07-18,2011.0,7.0,AK,"80 km SSE of Sand Point, Alaska",54.715,-159.846,26.0,4.7,mb,reviewed,aeic,us,227,7.3,4.905418502202643,1.0,31.59915859030837,1,2.0,0.0,0.0,0.0,0.0,0.0,0.0,7.3,54045.5,56912.3,56912.3,623.8,2052.8,971.8,25144.4,0.010960723780272453,0.03606953154239066,0.017075394949773597,0.44180959124828906,1,0,1,0,55.0,53652.0,54045.5,57087.4,54627.6,53303.3,0.0073343025423097,0.05628405695201268,-0.013732873227188148,0,1,0
1093,usp000j55d,2011-07-19,2011.0,7.0,AK,"172 km E of Atka, Alaska",52.233,-171.683,52.3,4.8,mb,reviewed,us,us,227,7.3,4.905418502202643,1.0,31.59915859030837,1,2.0,0.0,0.0,0.0,0.0,0.0,0.0,7.3,54045.5,56912.3,56912.3,623.8,2052.8,971.8,25144.4,0.010960723780272453,0.03606953154239066,0.017075394949773597,0.44180959124828906,1,0,1,0,56.0,53652.0,54045.5,57087.4,54627.6,53303.3,0.0073343025423097,0.05628405695201268,-0.013732873227188148,0,1,0
1094,usp000j5an,2011-07-22,2011.0,7.0,AK,"65 km ESE of King Cove, Alaska",54.901,-161.337,35.0,5.1,mwc,reviewed,us,gcmt,227,7.3,4.905418502202643,1.0,31.59915859030837,1,2.0,0.0,0.0,0.0,0.0,0.0,0.0,7.3,54045.5,56912.3,56912.3,623.8,2052.8,971.8,25144.4,0.010960723780272453,0.03606953154239066,0.017075394949773597,0.44180959124828906,1,0,1,0,59.0,53652.0,54045.5,57087.4,54627.6,53303.3,0.0073343025423097,0.05628405695201268,-0.013732873227188148,0,1,0
1095,usp000j5c4,2011-07-23,2011.0,7.0,AK,"82 km SSW of Sand Point, Alaska",54.695,-161.148,22.8,5.7,mwc,reviewed,aeic,gcmt,227,7.3,4.905418502202643,1.0,31.59915859030837,1,2.0,0.0,0.0,0.0,0.0,0.0,0.0,7.3,54045.5,56912.3,56912.3,623.8,2052.8,971.8,25144.4,0.010960723780272453,0.03606953154239066,0.017075394949773597,0.44180959124828906,1,0,1,0,65.0,53652.0,54045.5,57087.4,54627.6,53303.3,0.0073343025423097,0.05628405695201268,-0.013732873227188148,0,1,0
1096,usp000j5uf,2011-08-01,2011.0,8.0,AK,"206 km ESE of Atka, Alaska",51.792,-171.267,41.2,5.6,mwc,reviewed,aeic,gcmt,227,7.3,4.905418502202643,1.0,31.59915859030837,1,2.0,0.0,0.0,0.0,0.0,0.0,0.0,7.3,54045.5,56912.3,56912.3,623.8,2052.8,971.8,25144.4,0.010960723780272453,0.03606953154239066,0.017075394949773597,0.44180959124828906,1,0,1,0,64.0,53652.0,54045.5,57087.4,54627.6,53303.3,0.0073343025423097,0.05628405695201268,-0.013732873227188148,0,1,0
1097,usp000j5wf,2011-08-03,2011.0,8.0,AK,"48 km S of Akutan, Alaska",53.698,-165.851,55.2,4.7,mb,reviewed,aeic,us,227,7.3,4.905418502202643,1.0,31.59915859030837,1,2.0,0.0,0.0,0.0,0.0,0.0,0.0,7.3,54045.5,56912.3,56912.3,623.8,2052.8,971.8,25144.4,0.010960723780272453,0.03606953154239066,0.017075394949773597,0.44180959124828906,1,0,1,0,55.0,53652.0,54045.5,57087.4,54627.6,53303.3,0.0073343025423097,0.05628405695201268,-0.013732873227188148,0,1,0
1098,usp000j60r,2011-08-05,2011.0,8.0,OR,off the coast of Oregon,44.13,-128.909,10.0,4.8,mwc,reviewed,us,gcmt,227,7.3,4.905418502202643,1.0,31.59915859030837,1,0.0,0.0,0.0,0.0,0.0,0.0,0.0,0.0,185959.4,169693.8,169693.8,3443.9,5369.5,27385.8,108609.5,0.020294789791966472,0.03164228746129794,0.16138362155835984,0.640032222744732,0,0,1,1,51.0,180738.2,185959.4,187352.4,189609.7,195808.2,0.028888192977466757,0.007490882418420365,0.05296209817841969,0,1,0
1099,usp000j6w1,2011-08-22,2011.0,8.0,AK,"58 km WSW of Nikolski, Alaska",52.728,-169.66,28.4,4.5,mb,reviewed,us,us,227,7.3,4.905418502202643,1.0,31.59915859030837,1,2.0,0.0,0.0,0.0,0.0,0.0,0.0,7.3,54045.5,56912.3,56912.3,623.8,2052.8,971.8,25144.4,0.010960723780272453,0.03606953154239066,0.017075394949773597,0.44180959124828906,1,0,1,0,53.0,53652.0,54045.5,57087.4,54627.6,53303.3,0.0073343025423097,0.05628405695201268,-0.013732873227188148,0,1,0
1100,usp000j6wm,2011-08-23,2011.0,8.0,CO,"6 km S of Valdez, Colorado",37.063,-104.701,4.0,5.3,mwr,reviewed,us,us,227,7.3,4.905418502202643,1.0,31.59915859030837,1,2.0,0.0,0.0,0.0,0.0,0.0,7.0,5.4,283963.8,266114.1,266114.1,2780.9,9445.7,20088.7,186243.1,0.010450028765856451,0.03549492492130256,0.07548904774305458,0.699861826186587,1,0,1,1,61.0,279385.6,283963.8,289339.5,301484.1,315399.0,0.01638667132450639,0.018930934154283086,0.11070143447862021,0,1,0
1101,se609218,2011-08-25,2011.0,8.0,VA,"8 km SW of Mineral, Virginia",37.9468333,-77.9671667,6.81,4.5,mlg,reviewed,se,se,227,7.3,4.905418502202643,1.0,31.59915859030837,1,1.0,0.0,0.0,200.0,0.0,600.0,7.0,5.8,479571.4,433683.7,433683.7,1770.6,15175.2,39592.0,293075.9,0.004082698980847101,0.034991400414633986,0.09129234047763381,0.6757826037732108,1,0,1,1,53.0,475699.3,479571.4,483041.4,488741.3,488918.6,0.008139805965659472,0.007235627479036489,0.019490736937190067,0,1,0
1102,usp000j6zz,2011-08-25,2011.0,8.0,AK,"178 km ESE of Atka, Alaska",51.808,-171.676,44.3,4.5,mb,reviewed,aeic,us,227,7.3,4.905418502202643,1.0,31.59915859030837,1,2.0,0.0,0.0,0.0,0.0,0.0,0.0,7.3,54045.5,56912.3,56912.3,623.8,2052.8,971.8,25144.4,0.010960723780272453,0.03606953154239066,0.017075394949773597,0.44180959124828906,1,0,1,0,53.0,53652.0,54045.5,57087.4,54627.6,53303.3,0.0073343025423097,0.05628405695201268,-0.013732873227188148,0,1,0
1103,usp000j7dc,2011-09-02,2011.0,9.0,AK,"170 km E of Atka, Alaska",52.171,-171.708,32.0,6.9,mww,reviewed,us,us,227,7.3,4.905418502202643,1.0,31.59915859030837,1,2.0,0.0,0.0,0.0,0.0,0.0,0.0,7.3,54045.5,56912.3,56912.3,623.8,2052.8,971.8,25144.4,0.010960723780272453,0.03606953154239066,0.017075394949773597,0.44180959124828906,1,1,1,0,87.0,53652.0,54045.5,57087.4,54627.6,53303.3,0.0073343025423097,0.05628405695201268,-0.013732873227188148,0,1,0
1104,usp000j7f8,2011-09-02,2011.0,9.0,AK,"189 km E of Atka, Alaska",51.947,-171.46,17.3,4.9,mb,reviewed,aeic,us,227,7.3,4.905418502202643,1.0,31.59915859030837,1,2.0,0.0,0.0,0.0,0.0,0.0,0.0,7.3,54045.5,56912.3,56912.3,623.8,2052.8,971.8,25144.4,0.010960723780272453,0.03606953154239066,0.017075394949773597,0.44180959124828906,1,0,1,1,57.0,53652.0,54045.5,57087.4,54627.6,53303.3,0.0073343025423097,0.05628405695201268,-0.013732873227188148,0,1,0
1105,usp000j7kp,2011-09-04,2011.0,9.0,AK,"199 km ESE of Atka, Alaska",51.804,-171.369,39.9,4.6,mb,reviewed,aeic,us,227,7.3,4.905418502202643,1.0,31.59915859030837,1,2.0,0.0,0.0,0.0,0.0,0.0,0.0,7.3,54045.5,56912.3,56912.3,623.8,2052.8,971.8,25144.4,0.010960723780272453,0.03606953154239066,0.017075394949773597,0.44180959124828906,1,0,1,0,54.0,53652.0,54045.5,57087.4,54627.6,53303.3,0.0073343025423097,0.05628405695201268,-0.013732873227188148,0,1,0
1106,usp000j7ng,2011-09-05,2011.0,9.0,AK,"114 km WSW of Adak, Alaska",51.363,-178.07,48.7,4.6,mb,reviewed,us,us,227,7.3,4.905418502202643,1.0,31.59915859030837,1,2.0,0.0,0.0,0.0,0.0,0.0,0.0,7.3,54045.5,56912.3,56912.3,623.8,2052.8,971.8,25144.4,0.010960723780272453,0.03606953154239066,0.017075394949773597,0.44180959124828906,1,0,1,0,54.0,53652.0,54045.5,57087.4,54627.6,53303.3,0.0073343025423097,0.05628405695201268,-0.013732873227188148,0,1,0
1107,usp000j7pk,2011-09-06,2011.0,9.0,AK,"97 km SE of False Pass, Alaska",54.162,-162.495,8.9,4.7,mb,reviewed,aeic,us,227,7.3,4.905418502202643,1.0,31.59915859030837,1,2.0,0.0,0.0,0.0,0.0,0.0,0.0,7.3,54045.5,56912.3,56912.3,623.8,2052.8,971.8,25144.4,0.010960723780272453,0.03606953154239066,0.017075394949773597,0.44180959124828906,1,0,1,1,55.0,53652.0,54045.5,57087.4,54627.6,53303.3,0.0073343025423097,0.05628405695201268,-0.013732873227188148,0,1,0
1108,usp000j7q7,2011-09-06,2011.0,9.0,AK,"101 km SE of False Pass, Alaska",54.122,-162.475,18.8,4.7,mb,reviewed,aeic,us,227,7.3,4.905418502202643,1.0,31.59915859030837,1,2.0,0.0,0.0,0.0,0.0,0.0,0.0,7.3,54045.5,56912.3,56912.3,623.8,2052.8,971.8,25144.4,0.010960723780272453,0.03606953154239066,0.017075394949773597,0.44180959124828906,1,0,1,1,55.0,53652.0,54045.5,57087.4,54627.6,53303.3,0.0073343025423097,0.05628405695201268,-0.013732873227188148,0,1,0
1109,usp000j7vw,2011-09-10,2011.0,9.0,AK,"192 km ESE of Atka, Alaska",51.835,-171.463,26.1,4.5,mb,reviewed,aeic,us,227,7.3,4.905418502202643,1.0,31.59915859030837,1,2.0,0.0,0.0,0.0,0.0,0.0,0.0,7.3,54045.5,56912.3,56912.3,623.8,2052.8,971.8,25144.4,0.010960723780272453,0.03606953154239066,0.017075394949773597,0.44180959124828906,1,0,1,0,53.0,53652.0,54045.5,57087.4,54627.6,53303.3,0.0073343025423097,0.05628405695201268,-0.013732873227188148,0,1,0
1110,usp000j8mu,2011-09-27,2011.0,9.0,AK,"198 km W of Adak, Alaska",51.786,-179.503,78.1,5.1,mwc,reviewed,aeic,gcmt,227,7.3,4.905418502202643,1.0,31.59915859030837,1,2.0,0.0,0.0,0.0,0.0,0.0,0.0,7.3,54045.5,56912.3,56912.3,623.8,2052.8,971.8,25144.4,0.010960723780272453,0.03606953154239066,0.017075394949773597,0.44180959124828906,1,0,0,0,56.0,53652.0,54045.5,57087.4,54627.6,53303.3,0.0073343025423097,0.05628405695201268,-0.013732873227188148,0,1,0
1111,usp000j936,2011-10-08,2011.0,10.0,AK,"161 km E of Atka, Alaska",51.992,-171.864,40.0,4.8,mb,reviewed,aeic,us,227,7.3,4.905418502202643,1.0,31.59915859030837,1,2.0,0.0,0.0,0.0,0.0,0.0,0.0,7.3,54045.5,56912.3,56912.3,623.8,2052.8,971.8,25144.4,0.010960723780272453,0.03606953154239066,0.017075394949773597,0.44180959124828906,1,0,1,0,56.0,53652.0,54045.5,57087.4,54627.6,53303.3,0.0073343025423097,0.05628405695201268,-0.013732873227188148,0,1,0
1112,usp000j9e9,2011-10-16,2011.0,10.0,AK,"188 km ESE of Atka, Alaska",51.627,-171.621,41.9,4.6,mb,reviewed,aeic,us,227,7.3,4.905418502202643,1.0,31.59915859030837,1,2.0,0.0,0.0,0.0,0.0,0.0,0.0,7.3,54045.5,56912.3,56912.3,623.8,2052.8,971.8,25144.4,0.010960723780272453,0.03606953154239066,0.017075394949773597,0.44180959124828906,1,0,1,0,54.0,53652.0,54045.5,57087.4,54627.6,53303.3,0.0073343025423097,0.05628405695201268,-0.013732873227188148,0,1,0
1113,usp000j9vk,2011-10-25,2011.0,10.0,AK,"162 km E of Atka, Alaska",52.159,-171.826,38.0,5.7,mww,reviewed,us,us,227,7.3,4.905418502202643,1.0,31.59915859030837,1,2.0,0.0,0.0,0.0,0.0,0.0,0.0,7.3,54045.5,56912.3,56912.3,623.8,2052.8,971.8,25144.4,0.010960723780272453,0.03606953154239066,0.017075394949773597,0.44180959124828906,1,0,1,0,65.0,53652.0,54045.5,57087.4,54627.6,53303.3,0.0073343025423097,0.05628405695201268,-0.013732873227188148,0,1,0
1114,usp000ja1m,2011-10-28,2011.0,10.0,AK,"29 km NNE of Akutan, Alaska",54.389,-165.653,106.3,4.6,mb,reviewed,us,us,227,7.3,4.905418502202643,1.0,31.59915859030837,1,2.0,0.0,0.0,0.0,0.0,0.0,0.0,7.3,54045.5,56912.3,56912.3,623.8,2052.8,971.8,25144.4,0.010960723780272453,0.03606953154239066,0.017075394949773597,0.44180959124828906,1,0,0,0,51.0,53652.0,54045.5,57087.4,54627.6,53303.3,0.0073343025423097,0.05628405695201268,-0.013732873227188148,0,1,0
1115,ak011e7d8up8,2011-11-05,2011.0,11.0,AK,"61 km SW of Sitka, Alaska",56.631,-135.9871,10.0,4.8,mw,reviewed,ak,ak,227,7.3,4.905418502202643,1.0,31.59915859030837,1,2.0,0.0,0.0,0.0,0.0,0.0,0.0,7.3,54045.5,56912.3,56912.3,623.8,2052.8,971.8,25144.4,0.010960723780272453,0.03606953154239066,0.017075394949773597,0.44180959124828906,1,0,1,1,56.0,53652.0,54045.5,57087.4,54627.6,53303.3,0.0073343025423097,0.05628405695201268,-0.013732873227188148,0,1,0
1116,usp000jaee,2011-11-06,2011.0,11.0,AK,"95 km SE of False Pass, Alaska",54.177,-162.516,25.0,4.8,mb,reviewed,aeic,us,227,7.3,4.905418502202643,1.0,31.59915859030837,1,2.0,0.0,0.0,0.0,0.0,0.0,0.0,7.3,54045.5,56912.3,56912.3,623.8,2052.8,971.8,25144.4,0.010960723780272453,0.03606953154239066,0.017075394949773597,0.44180959124828906,1,0,1,0,56.0,53652.0,54045.5,57087.4,54627.6,53303.3,0.0073343025423097,0.05628405695201268,-0.013732873227188148,0,1,0
1117,usp000jat1,2011-11-13,2011.0,11.0,AK,"97 km SE of False Pass, Alaska",54.16,-162.489,13.2,4.8,mb,reviewed,aeic,us,227,7.3,4.905418502202643,1.0,31.59915859030837,1,2.0,0.0,0.0,0.0,0.0,0.0,0.0,7.3,54045.5,56912.3,56912.3,623.8,2052.8,971.8,25144.4,0.010960723780272453,0.03606953154239066,0.017075394949773597,0.44180959124828906,1,0,1,1,56.0,53652.0,54045.5,57087.4,54627.6,53303.3,0.0073343025423097,0.05628405695201268,-0.013732873227188148,0,1,0
1118,ak011epem2xj,2011-11-16,2011.0,11.0,AK,"20 km NNE of Larsen Bay, Alaska",57.7177,-153.8888,39.8,4.6,mb,reviewed,ak,ak,227,7.3,4.905418502202643,1.0,31.59915859030837,1,2.0,0.0,0.0,0.0,0.0,0.0,0.0,7.3,54045.5,56912.3,56912.3,623.8,2052.8,971.8,25144.4,0.010960723780272453,0.03606953154239066,0.017075394949773597,0.44180959124828906,1,0,1,0,54.0,53652.0,54045.5,57087.4,54627.6,53303.3,0.0073343025423097,0.05628405695201268,-0.013732873227188148,0,1,0
1119,usp000jbxt,2011-12-07,2011.0,12.0,AK,"115 km SSW of Atka, Alaska",51.286,-175.004,8.8,4.5,mb,reviewed,aeic,us,227,7.3,4.905418502202643,1.0,31.59915859030837,1,2.0,0.0,0.0,0.0,0.0,0.0,0.0,7.3,54045.5,56912.3,56912.3,623.8,2052.8,971.8,25144.4,0.010960723780272453,0.03606953154239066,0.017075394949773597,0.44180959124828906,1,0,1,1,53.0,53652.0,54045.5,57087.4,54627.6,53303.3,0.0073343025423097,0.05628405695201268,-0.013732873227188148,0,1,0
1120,ak011fra2x6x,2011-12-09,2011.0,12.0,AK,"14 km W of Gulkana, Alaska",62.2526,-145.6502,16.1,4.5,mw,reviewed,ak,ak,227,7.3,4.905418502202643,1.0,31.59915859030837,1,2.0,0.0,0.0,0.0,0.0,0.0,0.0,7.3,54045.5,56912.3,56912.3,623.8,2052.8,971.8,25144.4,0.010960723780272453,0.03606953154239066,0.017075394949773597,0.44180959124828906,1,0,1,1,53.0,53652.0,54045.5,57087.4,54627.6,53303.3,0.0073343025423097,0.05628405695201268,-0.013732873227188148,0,1,0
1121,usp000jc70,2011-12-15,2011.0,12.0,AK,"185 km S of Adak, Alaska",50.219,-176.374,19.1,4.8,mb,reviewed,us,us,227,7.3,4.905418502202643,1.0,31.59915859030837,1,2.0,0.0,0.0,0.0,0.0,0.0,0.0,7.3,54045.5,56912.3,56912.3,623.8,2052.8,971.8,25144.4,0.010960723780272453,0.03606953154239066,0.017075394949773597,0.44180959124828906,1,0,1,1,56.0,53652.0,54045.5,57087.4,54627.6,53303.3,0.0073343025423097,0.05628405695201268,-0.013732873227188148,0,1,0
1122,usp000jck8,2011-12-24,2011.0,12.0,AK,"71 km NNE of Atka, Alaska",52.817,-173.934,182.1,4.5,mb,reviewed,us,us,227,7.3,4.905418502202643,1.0,31.59915859030837,1,2.0,0.0,0.0,0.0,0.0,0.0,0.0,7.3,54045.5,56912.3,56912.3,623.8,2052.8,971.8,25144.4,0.010960723780272453,0.03606953154239066,0.017075394949773597,0.44180959124828906,1,0,0,0,50.0,53652.0,54045.5,57087.4,54627.6,53303.3,0.0073343025423097,0.05628405695201268,-0.013732873227188148,0,1,0
1123,usp000jdda,2012-01-12,2012.0,1.0,AK,"116 km S of Unalaska, Alaska",52.829,-166.707,13.0,4.9,mb,reviewed,aeic,us,273,7.8,4.891538461538462,0.7,24.4371978021978,1,0.0,0.0,0.0,0.0,0.0,0.0,0.0,0.0,57087.4,58320.7,58320.7,553.4,2012.6,992.0,26303.5,0.009488912170121416,0.03450918798985609,0.01700939803534594,0.45101481978096974,0,0,1,1,52.0,54045.5,57087.4,54627.6,53303.3,53681.1,0.05628405695201268,-0.04308831721185415,-0.05966815794728789,0,1,0
1124,usp000jdxb,2012-01-24,2012.0,1.0,AK,"73 km SSE of Sand Point, Alaska",54.776,-159.877,27.9,4.6,mb,reviewed,aeic,us,273,7.8,4.891538461538462,0.7,24.4371978021978,1,0.0,0.0,0.0,0.0,0.0,0.0,0.0,0.0,57087.4,58320.7,58320.7,553.4,2012.6,992.0,26303.5,0.009488912170121416,0.03450918798985609,0.01700939803534594,0.45101481978096974,0,0,1,0,49.0,54045.5,57087.4,54627.6,53303.3,53681.1,0.05628405695201268,-0.04308831721185415,-0.05966815794728789,0,1,0
1125,usp000jdxz,2012-01-25,2012.0,1.0,AK,"126 km ESE of Nikolski, Alaska",52.654,-167.049,41.4,5.1,mb,reviewed,aeic,us,273,7.8,4.891538461538462,0.7,24.4371978021978,1,0.0,0.0,0.0,0.0,0.0,0.0,0.0,0.0,57087.4,58320.7,58320.7,553.4,2012.6,992.0,26303.5,0.009488912170121416,0.03450918798985609,0.01700939803534594,0.45101481978096974,0,0,1,0,54.0,54045.5,57087.4,54627.6,53303.3,53681.1,0.05628405695201268,-0.04308831721185415,-0.05966815794728789,0,1,0
1126,usp000je8t,2012-02-01,2012.0,2.0,AK,"77 km N of Atka, Alaska",52.888,-174.359,217.6,4.5,mb,reviewed,us,us,273,7.8,4.891538461538462,0.7,24.4371978021978,1,0.0,0.0,0.0,0.0,0.0,0.0,0.0,0.0,57087.4,58320.7,58320.7,553.4,2012.6,992.0,26303.5,0.009488912170121416,0.03450918798985609,0.01700939803534594,0.45101481978096974,0,0,0,0,45.0,54045.5,57087.4,54627.6,53303.3,53681.1,0.05628405695201268,-0.04308831721185415,-0.05966815794728789,0,1,0
1127,usp000jeqj,2012-02-09,2012.0,2.0,AK,"73 km SE of King Cove, Alaska",54.658,-161.418,62.3,4.6,mb,reviewed,aeic,us,273,7.8,4.891538461538462,0.7,24.4371978021978,1,0.0,0.0,0.0,0.0,0.0,0.0,0.0,0.0,57087.4,58320.7,58320.7,553.4,2012.6,992.0,26303.5,0.009488912170121416,0.03450918798985609,0.01700939803534594,0.45101481978096974,0,0,1,0,49.0,54045.5,57087.4,54627.6,53303.3,53681.1,0.05628405695201268,-0.04308831721185415,-0.05966815794728789,0,1,0
1128,usp000jes9,2012-02-10,2012.0,2.0,AK,"203 km ESE of Atka, Alaska",51.815,-171.299,24.0,4.9,mb,reviewed,aeic,us,273,7.8,4.891538461538462,0.7,24.4371978021978,1,0.0,0.0,0.0,0.0,0.0,0.0,0.0,0.0,57087.4,58320.7,58320.7,553.4,2012.6,992.0,26303.5,0.009488912170121416,0.03450918798985609,0.01700939803534594,0.45101481978096974,0,0,1,0,52.0,54045.5,57087.4,54627.6,53303.3,53681.1,0.05628405695201268,-0.04308831721185415,-0.05966815794728789,0,1,0
1129,usp000jesc,2012-02-10,2012.0,2.0,AK,"196 km WSW of Nikolski, Alaska",52.041,-171.345,41.1,4.6,mb,reviewed,aeic,us,273,7.8,4.891538461538462,0.7,24.4371978021978,1,0.0,0.0,0.0,0.0,0.0,0.0,0.0,0.0,57087.4,58320.7,58320.7,553.4,2012.6,992.0,26303.5,0.009488912170121416,0.03450918798985609,0.01700939803534594,0.45101481978096974,0,0,1,0,49.0,54045.5,57087.4,54627.6,53303.3,53681.1,0.05628405695201268,-0.04308831721185415,-0.05966815794728789,0,1,0
1130,nc71734741,2012-02-13,2012.0,2.0,CA,"26 km NNW of Willow Creek, California",41.1431667,-123.7903333,27.358,5.6,mw,reviewed,nc,nc,273,7.8,4.891538461538462,0.7,24.4371978021978,1,0.0,0.0,0.0,0.0,0.0,0.0,0.0,0.0,2255437.3,2108873.1,2108873.1,34079.8,64176.7,233979.5,1490438.9,0.016160194750457012,0.03043175049271575,0.11095001401459385,0.7067466031976982,0,0,1,0,59.0,2192887.2,2255437.3,2340335.3,2428675.7,2545979.5,0.02852408459495756,0.037641480878231465,0.1288185665813012,0,1,0
1131,usp000jeyq,2012-02-15,2012.0,2.0,OR,"258 km WNW of Bandon, Oregon",43.625,-127.518,11.0,5.8,mww,reviewed,us,us,273,7.8,4.891538461538462,0.7,24.4371978021978,1,0.0,0.0,0.0,0.0,0.0,0.0,0.0,0.0,187352.4,173856.8,173856.8,3673.1,6089.4,26347.2,113314.3,0.021127157522742857,0.03502537720698874,0.15154540978552467,0.6517680067733905,0,0,1,1,61.0,185959.4,187352.4,189609.7,195808.2,205581.8,0.007490882418420365,0.012048417847863264,0.09730006127490225,0,1,0
1132,usp000jezs,2012-02-15,2012.0,2.0,AK,"92 km W of Adak, Alaska",51.763,-177.97,80.5,5.1,mb,reviewed,us,us,273,7.8,4.891538461538462,0.7,24.4371978021978,1,0.0,0.0,0.0,0.0,0.0,0.0,0.0,0.0,57087.4,58320.7,58320.7,553.4,2012.6,992.0,26303.5,0.009488912170121416,0.03450918798985609,0.01700939803534594,0.45101481978096974,0,0,0,0,51.0,54045.5,57087.4,54627.6,53303.3,53681.1,0.05628405695201268,-0.04308831721185415,-0.05966815794728789,0,1,0
1133,usp000jfer,2012-02-26,2012.0,2.0,AK,"91 km ESE of Adak, Alaska",51.667,-175.355,45.3,4.7,mb,reviewed,us,us,273,7.8,4.891538461538462,0.7,24.4371978021978,1,0.0,0.0,0.0,0.0,0.0,0.0,0.0,0.0,57087.4,58320.7,58320.7,553.4,2012.6,992.0,26303.5,0.009488912170121416,0.03450918798985609,0.01700939803534594,0.45101481978096974,0,0,1,0,50.0,54045.5,57087.4,54627.6,53303.3,53681.1,0.05628405695201268,-0.04308831721185415,-0.05966815794728789,0,1,0
1134,usp000jg3p,2012-03-11,2012.0,3.0,AK,"80 km SE of Atka, Alaska",51.706,-173.345,48.2,4.9,mb,reviewed,us,us,273,7.8,4.891538461538462,0.7,24.4371978021978,1,0.0,0.0,0.0,0.0,0.0,0.0,0.0,0.0,57087.4,58320.7,58320.7,553.4,2012.6,992.0,26303.5,0.009488912170121416,0.03450918798985609,0.01700939803534594,0.45101481978096974,0,0,1,0,52.0,54045.5,57087.4,54627.6,53303.3,53681.1,0.05628405695201268,-0.04308831721185415,-0.05966815794728789,0,1,0
1135,usp000jgjn,2012-03-21,2012.0,3.0,AK,"120 km SW of Adak, Alaska",51.258,-178.071,44.7,4.6,mb,reviewed,aeic,us,273,7.8,4.891538461538462,0.7,24.4371978021978,1,0.0,0.0,0.0,0.0,0.0,0.0,0.0,0.0,57087.4,58320.7,58320.7,553.4,2012.6,992.0,26303.5,0.009488912170121416,0.03450918798985609,0.01700939803534594,0.45101481978096974,0,0,1,0,49.0,54045.5,57087.4,54627.6,53303.3,53681.1,0.05628405695201268,-0.04308831721185415,-0.05966815794728789,0,1,0
1136,usp000jh1h,2012-03-31,2012.0,3.0,AK,"79 km S of Atka, Alaska",51.485,-174.133,28.1,4.6,mb,reviewed,aeic,us,273,7.8,4.891538461538462,0.7,24.4371978021978,1,0.0,0.0,0.0,0.0,0.0,0.0,0.0,0.0,57087.4,58320.7,58320.7,553.4,2012.6,992.0,26303.5,0.009488912170121416,0.03450918798985609,0.01700939803534594,0.45101481978096974,0,0,1,0,49.0,54045.5,57087.4,54627.6,53303.3,53681.1,0.05628405695201268,-0.04308831721185415,-0.05966815794728789,0,1,0
1137,usp000jhdt,2012-04-08,2012.0,4.0,AK,"127 km S of False Pass, Alaska",53.708,-163.455,35.7,4.5,mb,reviewed,us,us,273,7.8,4.891538461538462,0.7,24.4371978021978,1,0.0,0.0,0.0,0.0,0.0,0.0,0.0,0.0,57087.4,58320.7,58320.7,553.4,2012.6,992.0,26303.5,0.009488912170121416,0.03450918798985609,0.01700939803534594,0.45101481978096974,0,0,1,0,48.0,54045.5,57087.4,54627.6,53303.3,53681.1,0.05628405695201268,-0.04308831721185415,-0.05966815794728789,0,1,0
1138,usp000jhen,2012-04-09,2012.0,4.0,AK,"227 km WSW of Adak, Alaska",51.116,-179.684,47.5,4.5,mb,reviewed,aeic,us,273,7.8,4.891538461538462,0.7,24.4371978021978,1,0.0,0.0,0.0,0.0,0.0,0.0,0.0,0.0,57087.4,58320.7,58320.7,553.4,2012.6,992.0,26303.5,0.009488912170121416,0.03450918798985609,0.01700939803534594,0.45101481978096974,0,0,1,0,48.0,54045.5,57087.4,54627.6,53303.3,53681.1,0.05628405695201268,-0.04308831721185415,-0.05966815794728789,0,1,0
1139,usp000jhh4,2012-04-11,2012.0,4.0,AK,"67 km SSE of Adak, Alaska",51.364,-176.097,20.8,5.5,mb,reviewed,aeic,us,273,7.8,4.891538461538462,0.7,24.4371978021978,1,0.0,0.0,0.0,0.0,0.0,0.0,0.0,0.0,57087.4,58320.7,58320.7,553.4,2012.6,992.0,26303.5,0.009488912170121416,0.03450918798985609,0.01700939803534594,0.45101481978096974,0,0,1,0,58.0,54045.5,57087.4,54627.6,53303.3,53681.1,0.05628405695201268,-0.04308831721185415,-0.05966815794728789,0,1,0
1140,usp000jhpg,2012-04-11,2012.0,4.0,OR,"266 km W of Bandon, Oregon",43.584,-127.638,8.0,6.0,mwc,reviewed,us,gcmt,273,7.8,4.891538461538462,0.7,24.4371978021978,1,0.0,0.0,0.0,0.0,0.0,0.0,0.0,0.0,187352.4,173856.8,173856.8,3673.1,6089.4,26347.2,113314.3,0.021127157522742857,0.03502537720698874,0.15154540978552467,0.6517680067733905,0,1,1,1,73.0,185959.4,187352.4,189609.7,195808.2,205581.8,0.007490882418420365,0.012048417847863264,0.09730006127490225,0,1,0
1141,ak0125m1wy1w,2012-05-01,2012.0,5.0,AK,"122 km SSE of Akhiok, Alaska",55.966,-153.2505,24.9,5.0,mw,reviewed,ak,ak,273,7.8,4.891538461538462,0.7,24.4371978021978,1,0.0,0.0,0.0,0.0,0.0,0.0,0.0,0.0,57087.4,58320.7,58320.7,553.4,2012.6,992.0,26303.5,0.009488912170121416,0.03450918798985609,0.01700939803534594,0.45101481978096974,0,0,1,0,53.0,54045.5,57087.4,54627.6,53303.3,53681.1,0.05628405695201268,-0.04308831721185415,-0.05966815794728789,0,1,0
1142,usp000jkd4,2012-05-13,2012.0,5.0,AK,"248 km WSW of Adak, Alaska",50.927,-179.864,23.8,4.7,mb,reviewed,aeic,us,273,7.8,4.891538461538462,0.7,24.4371978021978,1,0.0,0.0,0.0,0.0,0.0,0.0,0.0,0.0,57087.4,58320.7,58320.7,553.4,2012.6,992.0,26303.5,0.009488912170121416,0.03450918798985609,0.01700939803534594,0.45101481978096974,0,0,1,0,50.0,54045.5,57087.4,54627.6,53303.3,53681.1,0.05628405695201268,-0.04308831721185415,-0.05966815794728789,0,1,0
1143,usp000jkdj,2012-05-14,2012.0,5.0,AK,"94 km SSW of Atka, Alaska",51.445,-174.832,25.6,5.0,mb,reviewed,aeic,us,273,7.8,4.891538461538462,0.7,24.4371978021978,1,0.0,0.0,0.0,0.0,0.0,0.0,0.0,0.0,57087.4,58320.7,58320.7,553.4,2012.6,992.0,26303.5,0.009488912170121416,0.03450918798985609,0.01700939803534594,0.45101481978096974,0,0,1,0,53.0,54045.5,57087.4,54627.6,53303.3,53681.1,0.05628405695201268,-0.04308831721185415,-0.05966815794728789,0,1,0
1144,usp000jkn2,2012-05-19,2012.0,5.0,AK,"169 km E of Atka, Alaska",52.068,-171.728,40.0,5.0,mb,reviewed,aeic,us,273,7.8,4.891538461538462,0.7,24.4371978021978,1,0.0,0.0,0.0,0.0,0.0,0.0,0.0,0.0,57087.4,58320.7,58320.7,553.4,2012.6,992.0,26303.5,0.009488912170121416,0.03450918798985609,0.01700939803534594,0.45101481978096974,0,0,1,0,53.0,54045.5,57087.4,54627.6,53303.3,53681.1,0.05628405695201268,-0.04308831721185415,-0.05966815794728789,0,1,0
1145,usp000jm3c,2012-05-29,2012.0,5.0,AK,"210 km WSW of Adak, Alaska",51.175,-179.454,42.3,4.9,mb,reviewed,aeic,us,273,7.8,4.891538461538462,0.7,24.4371978021978,1,0.0,0.0,0.0,0.0,0.0,0.0,0.0,0.0,57087.4,58320.7,58320.7,553.4,2012.6,992.0,26303.5,0.009488912170121416,0.03450918798985609,0.01700939803534594,0.45101481978096974,0,0,1,0,52.0,54045.5,57087.4,54627.6,53303.3,53681.1,0.05628405695201268,-0.04308831721185415,-0.05966815794728789,0,1,0
1146,usp000jmvv,2012-06-17,2012.0,6.0,AK,"74 km SE of Unalaska, Alaska",53.436,-165.676,25.6,4.6,mb,reviewed,aeic,us,273,7.8,4.891538461538462,0.7,24.4371978021978,1,0.0,0.0,0.0,0.0,0.0,0.0,0.0,0.0,57087.4,58320.7,58320.7,553.4,2012.6,992.0,26303.5,0.009488912170121416,0.03450918798985609,0.01700939803534594,0.45101481978096974,0,0,1,0,49.0,54045.5,57087.4,54627.6,53303.3,53681.1,0.05628405695201268,-0.04308831721185415,-0.05966815794728789,0,1,0
1147,usp000jmwu,2012-06-18,2012.0,6.0,AK,"70 km SSE of Atka, Alaska",51.629,-173.742,37.8,4.7,mb,reviewed,aeic,us,273,7.8,4.891538461538462,0.7,24.4371978021978,1,0.0,0.0,0.0,0.0,0.0,0.0,0.0,0.0,57087.4,58320.7,58320.7,553.4,2012.6,992.0,26303.5,0.009488912170121416,0.03450918798985609,0.01700939803534594,0.45101481978096974,0,0,1,0,50.0,54045.5,57087.4,54627.6,53303.3,53681.1,0.05628405695201268,-0.04308831721185415,-0.05966815794728789,0,1,0
1148,usp000jn4h,2012-06-23,2012.0,6.0,AK,"100 km SW of Adak, Alaska",51.242,-177.666,34.8,5.0,mb,reviewed,aeic,us,273,7.8,4.891538461538462,0.7,24.4371978021978,1,0.0,0.0,0.0,0.0,0.0,0.0,0.0,0.0,57087.4,58320.7,58320.7,553.4,2012.6,992.0,26303.5,0.009488912170121416,0.03450918798985609,0.01700939803534594,0.45101481978096974,0,0,1,0,53.0,54045.5,57087.4,54627.6,53303.3,53681.1,0.05628405695201268,-0.04308831721185415,-0.05966815794728789,0,1,0
1149,usp000jn66,2012-06-24,2012.0,6.0,AK,"167 km W of Adak, Alaska",52.127,-179.038,153.5,4.7,mb,reviewed,us,us,273,7.8,4.891538461538462,0.7,24.4371978021978,1,0.0,0.0,0.0,0.0,0.0,0.0,0.0,0.0,57087.4,58320.7,58320.7,553.4,2012.6,992.0,26303.5,0.009488912170121416,0.03450918798985609,0.01700939803534594,0.45101481978096974,0,0,0,0,47.0,54045.5,57087.4,54627.6,53303.3,53681.1,0.05628405695201268,-0.04308831721185415,-0.05966815794728789,0,1,0
1150,usp000jngw,2012-07-02,2012.0,7.0,AK,"52 km SE of Atka, Alaska",51.873,-173.644,20.6,4.8,mb,reviewed,aeic,us,273,7.8,4.891538461538462,0.7,24.4371978021978,1,0.0,0.0,0.0,0.0,0.0,0.0,0.0,0.0,57087.4,58320.7,58320.7,553.4,2012.6,992.0,26303.5,0.009488912170121416,0.03450918798985609,0.01700939803534594,0.45101481978096974,0,0,1,0,51.0,54045.5,57087.4,54627.6,53303.3,53681.1,0.05628405695201268,-0.04308831721185415,-0.05966815794728789,0,1,0
1151,nc71819391,2012-07-21,2012.0,7.0,CA,"109 km WSW of Ferndale, California",40.3853333,-125.528,24.632,5.1,mw,reviewed,nc,nc,273,7.8,4.891538461538462,0.7,24.4371978021978,1,0.0,0.0,0.0,0.0,0.0,0.0,0.0,0.0,2255437.3,2108873.1,2108873.1,34079.8,64176.7,233979.5,1490438.9,0.016160194750457012,0.03043175049271575,0.11095001401459385,0.7067466031976982,0,0,1,0,54.0,2192887.2,2255437.3,2340335.3,2428675.7,2545979.5,0.02852408459495756,0.037641480878231465,0.1288185665813012,0,1,0
1152,usp000jpbn,2012-07-23,2012.0,7.0,AK,"210 km W of Adak, Alaska",51.827,-179.691,149.5,4.8,mb,reviewed,aeic,us,273,7.8,4.891538461538462,0.7,24.4371978021978,1,0.0,0.0,0.0,0.0,0.0,0.0,0.0,0.0,57087.4,58320.7,58320.7,553.4,2012.6,992.0,26303.5,0.009488912170121416,0.03450918798985609,0.01700939803534594,0.45101481978096974,0,0,0,0,48.0,54045.5,57087.4,54627.6,53303.3,53681.1,0.05628405695201268,-0.04308831721185415,-0.05966815794728789,0,1,0
1153,ak0129xjeqpf,2012-08-03,2012.0,8.0,AK,"43 km SSW of Ugashik, Alaska",57.1397,-157.5834,3.3,4.6,mb,reviewed,ak,ak,273,7.8,4.891538461538462,0.7,24.4371978021978,1,0.0,0.0,0.0,0.0,0.0,0.0,0.0,0.0,57087.4,58320.7,58320.7,553.4,2012.6,992.0,26303.5,0.009488912170121416,0.03450918798985609,0.01700939803534594,0.45101481978096974,0,0,1,1,49.0,54045.5,57087.4,54627.6,53303.3,53681.1,0.05628405695201268,-0.04308831721185415,-0.05966815794728789,0,1,0
1154,ak012a7f38y5,2012-08-09,2012.0,8.0,AK,"41 km NE of Chenega, Alaska",60.352,-147.5409,0.7,4.8,mw,reviewed,ak,ak,273,7.8,4.891538461538462,0.7,24.4371978021978,1,0.0,0.0,0.0,0.0,0.0,0.0,0.0,0.0,57087.4,58320.7,58320.7,553.4,2012.6,992.0,26303.5,0.009488912170121416,0.03450918798985609,0.01700939803534594,0.45101481978096974,0,0,1,1,51.0,54045.5,57087.4,54627.6,53303.3,53681.1,0.05628405695201268,-0.04308831721185415,-0.05966815794728789,0,1,0
1155,usp000jq2t,2012-08-09,2012.0,8.0,OR,off the coast of Oregon,44.598,-129.593,10.0,4.5,mb,reviewed,us,us,273,7.8,4.891538461538462,0.7,24.4371978021978,1,0.0,0.0,0.0,0.0,0.0,0.0,0.0,0.0,187352.4,173856.8,173856.8,3673.1,6089.4,26347.2,113314.3,0.021127157522742857,0.03502537720698874,0.15154540978552467,0.6517680067733905,0,0,1,1,48.0,185959.4,187352.4,189609.7,195808.2,205581.8,0.007490882418420365,0.012048417847863264,0.09730006127490225,0,1,0
1156,usp000jq4r,2012-08-10,2012.0,8.0,AK,"102 km ESE of Nikolski, Alaska",52.633,-167.421,13.0,6.2,mww,reviewed,us,us,273,7.8,4.891538461538462,0.7,24.4371978021978,1,0.0,0.0,0.0,0.0,0.0,0.0,0.0,0.0,57087.4,58320.7,58320.7,553.4,2012.6,992.0,26303.5,0.009488912170121416,0.03450918798985609,0.01700939803534594,0.45101481978096974,0,1,1,1,75.0,54045.5,57087.4,54627.6,53303.3,53681.1,0.05628405695201268,-0.04308831721185415,-0.05966815794728789,0,1,0
1157,usp000jrhh,2012-09-02,2012.0,9.0,AK,"103 km SSW of Adak, Alaska",50.964,-176.942,38.3,4.8,mb,reviewed,aeic,us,273,7.8,4.891538461538462,0.7,24.4371978021978,1,0.0,0.0,0.0,0.0,0.0,0.0,0.0,0.0,57087.4,58320.7,58320.7,553.4,2012.6,992.0,26303.5,0.009488912170121416,0.03450918798985609,0.01700939803534594,0.45101481978096974,0,0,1,0,51.0,54045.5,57087.4,54627.6,53303.3,53681.1,0.05628405695201268,-0.04308831721185415,-0.05966815794728789,0,1,0
1158,usp000jrjv,2012-09-03,2012.0,9.0,AK,"77 km SSW of Adak, Alaska",51.224,-177.052,43.3,5.0,mb,reviewed,us,us,273,7.8,4.891538461538462,0.7,24.4371978021978,1,0.0,0.0,0.0,0.0,0.0,0.0,0.0,0.0,57087.4,58320.7,58320.7,553.4,2012.6,992.0,26303.5,0.009488912170121416,0.03450918798985609,0.01700939803534594,0.45101481978096974,0,0,1,0,53.0,54045.5,57087.4,54627.6,53303.3,53681.1,0.05628405695201268,-0.04308831721185415,-0.05966815794728789,0,1,0
1159,ak012be5chsr,2012-09-04,2012.0,9.0,AK,"62 km NW of Aleneva, Alaska",58.4557,-153.6597,61.7,4.5,mb,reviewed,ak,ak,273,7.8,4.891538461538462,0.7,24.4371978021978,1,0.0,0.0,0.0,0.0,0.0,0.0,0.0,0.0,57087.4,58320.7,58320.7,553.4,2012.6,992.0,26303.5,0.009488912170121416,0.03450918798985609,0.01700939803534594,0.45101481978096974,0,0,1,0,48.0,54045.5,57087.4,54627.6,53303.3,53681.1,0.05628405695201268,-0.04308831721185415,-0.05966815794728789,0,1,0
1160,ak012c1bnwdr,2012-09-18,2012.0,9.0,AK,"1 km ESE of Akhiok, Alaska",56.9366,-154.1421,38.6,5.2,mw,reviewed,ak,ak,273,7.8,4.891538461538462,0.7,24.4371978021978,1,0.0,0.0,0.0,0.0,0.0,0.0,0.0,0.0,57087.4,58320.7,58320.7,553.4,2012.6,992.0,26303.5,0.009488912170121416,0.03450918798985609,0.01700939803534594,0.45101481978096974,0,0,1,0,55.0,54045.5,57087.4,54627.6,53303.3,53681.1,0.05628405695201268,-0.04308831721185415,-0.05966815794728789,0,1,0
1161,usp000jsyt,2012-09-25,2012.0,9.0,AK,"94 km SSW of False Pass, Alaska",54.111,-164.105,54.8,4.9,mb,reviewed,us,us,273,7.8,4.891538461538462,0.7,24.4371978021978,1,0.0,0.0,0.0,0.0,0.0,0.0,0.0,0.0,57087.4,58320.7,58320.7,553.4,2012.6,992.0,26303.5,0.009488912170121416,0.03450918798985609,0.01700939803534594,0.45101481978096974,0,0,1,0,52.0,54045.5,57087.4,54627.6,53303.3,53681.1,0.05628405695201268,-0.04308831721185415,-0.05966815794728789,0,1,0
1162,usp000jt1y,2012-09-27,2012.0,9.0,AK,"121 km WSW of Adak, Alaska",51.441,-178.244,23.5,4.6,mb,reviewed,aeic,us,273,7.8,4.891538461538462,0.7,24.4371978021978,1,0.0,0.0,0.0,0.0,0.0,0.0,0.0,0.0,57087.4,58320.7,58320.7,553.4,2012.6,992.0,26303.5,0.009488912170121416,0.03450918798985609,0.01700939803534594,0.45101481978096974,0,0,1,0,49.0,54045.5,57087.4,54627.6,53303.3,53681.1,0.05628405695201268,-0.04308831721185415,-0.05966815794728789,0,1,0
1163,usp000jt2v,2012-09-27,2012.0,9.0,AK,"106 km WSW of Adak, Alaska",51.543,-178.076,6.0,4.5,mb,reviewed,us,us,273,7.8,4.891538461538462,0.7,24.4371978021978,1,0.0,0.0,0.0,0.0,0.0,0.0,0.0,0.0,57087.4,58320.7,58320.7,553.4,2012.6,992.0,26303.5,0.009488912170121416,0.03450918798985609,0.01700939803534594,0.45101481978096974,0,0,1,1,48.0,54045.5,57087.4,54627.6,53303.3,53681.1,0.05628405695201268,-0.04308831721185415,-0.05966815794728789,0,1,0
1164,usp000jter,2012-10-03,2012.0,10.0,AK,"80 km S of Unalaska, Alaska",53.16,-166.707,25.7,4.6,mb,reviewed,aeic,us,273,7.8,4.891538461538462,0.7,24.4371978021978,1,0.0,0.0,0.0,0.0,0.0,0.0,0.0,0.0,57087.4,58320.7,58320.7,553.4,2012.6,992.0,26303.5,0.009488912170121416,0.03450918798985609,0.01700939803534594,0.45101481978096974,0,0,1,0,49.0,54045.5,57087.4,54627.6,53303.3,53681.1,0.05628405695201268,-0.04308831721185415,-0.05966815794728789,0,1,0
1165,ld60036706,2012-10-16,2012.0,10.0,ME,"5 km W of Hollis Center, Maine",43.5973333,-70.656,16.09,4.67,ml,reviewed,ld,ld,273,7.8,4.891538461538462,0.7,24.4371978021978,1,0.0,0.0,0.0,0.0,0.0,0.0,0.0,0.0,59181.7,54018.5,54018.5,858.0,1984.6,5434.1,38351.6,0.015883447337486232,0.03673926525171932,0.10059701768838454,0.7099715838092505,0,0,1,1,49.7,59429.7,59181.7,59013.9,59589.8,60563.0,-0.0041729976762460525,-0.0028353359230977758,0.023339985164332944,2,1,2
1166,nc71863625,2012-10-21,2012.0,10.0,CA,"24 km NE of San Lucas, California",36.3096667,-120.856,8.619,5.29,mw,reviewed,nc,nc,273,7.8,4.891538461538462,0.7,24.4371978021978,1,0.0,0.0,0.0,0.0,0.0,0.0,0.0,0.0,2255437.3,2108873.1,2108873.1,34079.8,64176.7,233979.5,1490438.9,0.016160194750457012,0.03043175049271575,0.11095001401459385,0.7067466031976982,0,0,1,1,55.9,2192887.2,2255437.3,2340335.3,2428675.7,2545979.5,0.02852408459495756,0.037641480878231465,0.1288185665813012,0,1,0
1167,usp000juaz,2012-10-22,2012.0,10.0,AK,"62 km WSW of Atka, Alaska",52.002,-175.057,81.5,4.5,mb,reviewed,aeic,us,273,7.8,4.891538461538462,0.7,24.4371978021978,1,0.0,0.0,0.0,0.0,0.0,0.0,0.0,0.0,57087.4,58320.7,58320.7,553.4,2012.6,992.0,26303.5,0.009488912170121416,0.03450918798985609,0.01700939803534594,0.45101481978096974,0,0,0,0,45.0,54045.5,57087.4,54627.6,53303.3,53681.1,0.05628405695201268,-0.04308831721185415,-0.05966815794728789,0,1,0
1168,usp000juvz,2012-11-01,2012.0,11.0,AK,"233 km WSW of Adak, Alaska",51.011,-179.699,9.0,5.1,mb,reviewed,aeic,us,273,7.8,4.891538461538462,0.7,24.4371978021978,1,0.0,0.0,0.0,0.0,0.0,0.0,0.0,0.0,57087.4,58320.7,58320.7,553.4,2012.6,992.0,26303.5,0.009488912170121416,0.03450918798985609,0.01700939803534594,0.45101481978096974,0,0,1,1,54.0,54045.5,57087.4,54627.6,53303.3,53681.1,0.05628405695201268,-0.04308831721185415,-0.05966815794728789,0,1,0
1169,usp000jvfa,2012-11-12,2012.0,11.0,AK,"266 km SW of Yakutat, Alaska",57.792,-142.855,9.0,6.3,mww,reviewed,us,us,273,7.8,4.891538461538462,0.7,24.4371978021978,1,0.0,0.0,0.0,0.0,0.0,0.0,0.0,0.0,57087.4,58320.7,58320.7,553.4,2012.6,992.0,26303.5,0.009488912170121416,0.03450918798985609,0.01700939803534594,0.45101481978096974,0,1,1,1,76.0,54045.5,57087.4,54627.6,53303.3,53681.1,0.05628405695201268,-0.04308831721185415,-0.05966815794728789,0,1,0
1170,usp000jw5g,2012-11-27,2012.0,11.0,AK,"210 km W of Adak, Alaska",51.65,-179.664,110.7,4.7,mb,reviewed,aeic,us,273,7.8,4.891538461538462,0.7,24.4371978021978,1,0.0,0.0,0.0,0.0,0.0,0.0,0.0,0.0,57087.4,58320.7,58320.7,553.4,2012.6,992.0,26303.5,0.009488912170121416,0.03450918798985609,0.01700939803534594,0.45101481978096974,0,0,0,0,47.0,54045.5,57087.4,54627.6,53303.3,53681.1,0.05628405695201268,-0.04308831721185415,-0.05966815794728789,0,1,0
1171,ak012g1jwoib,2012-12-14,2012.0,12.0,AK,"55 km NNE of Chase, Alaska",62.9323,-149.8161,82.4,4.6,mb,reviewed,ak,ak,273,7.8,4.891538461538462,0.7,24.4371978021978,1,0.0,0.0,0.0,0.0,0.0,0.0,0.0,0.0,57087.4,58320.7,58320.7,553.4,2012.6,992.0,26303.5,0.009488912170121416,0.03450918798985609,0.01700939803534594,0.45101481978096974,0,0,0,0,46.0,54045.5,57087.4,54627.6,53303.3,53681.1,0.05628405695201268,-0.04308831721185415,-0.05966815794728789,0,1,0
1172,usp000jwyb,2012-12-14,2012.0,12.0,CA,"279 km SSW of Avalon, California",31.095,-119.66,13.0,6.3,mww,reviewed,us,us,273,7.8,4.891538461538462,0.7,24.4371978021978,1,0.0,0.0,0.0,0.0,0.0,0.0,0.0,0.0,2255437.3,2108873.1,2108873.1,34079.8,64176.7,233979.5,1490438.9,0.016160194750457012,0.03043175049271575,0.11095001401459385,0.7067466031976982,0,1,1,1,76.0,2192887.2,2255437.3,2340335.3,2428675.7,2545979.5,0.02852408459495756,0.037641480878231465,0.1288185665813012,0,1,0
1173,usp000jx12,2012-12-16,2012.0,12.0,AK,"132 km ESE of Nikolski, Alaska",52.617,-166.97,23.3,4.6,mb,reviewed,aeic,us,273,7.8,4.891538461538462,0.7,24.4371978021978,1,0.0,0.0,0.0,0.0,0.0,0.0,0.0,0.0,57087.4,58320.7,58320.7,553.4,2012.6,992.0,26303.5,0.009488912170121416,0.03450918798985609,0.01700939803534594,0.45101481978096974,0,0,1,0,49.0,54045.5,57087.4,54627.6,53303.3,53681.1,0.05628405695201268,-0.04308831721185415,-0.05966815794728789,0,1,0
1174,usp000jxch,2012-12-24,2012.0,12.0,AK,"34 km ENE of Adak, Alaska",51.979,-176.169,113.1,4.5,mb,reviewed,us,us,273,7.8,4.891538461538462,0.7,24.4371978021978,1,0.0,0.0,0.0,0.0,0.0,0.0,0.0,0.0,57087.4,58320.7,58320.7,553.4,2012.6,992.0,26303.5,0.009488912170121416,0.03450918798985609,0.01700939803534594,0.45101481978096974,0,0,0,0,45.0,54045.5,57087.4,54627.6,53303.3,53681.1,0.05628405695201268,-0.04308831721185415,-0.05966815794728789,0,1,0
1175,ak0138esnzr,2013-01-05,2013.0,1.0,AK,"110 km SW of Edna Bay, Alaska",55.228,-134.8591,8.7,7.5,mw,reviewed,ak,ak,231,7.5,4.935497835497835,0.7,28.7137012987013,1,1.0,0.0,0.0,0.0,0.0,0.0,5.0,7.5,54627.6,57533.0,57533.0,576.4,2031.0,1313.0,27261.0,0.010018598022004763,0.03530147915109589,0.022821684946030974,0.47383240922600944,1,1,1,1,93.0,57087.4,54627.6,53303.3,53681.1,53463.9,-0.04308831721185415,-0.0242423243927977,-0.021302418557652122,4,0,>3
1176,ak0138f7gtf,2013-01-05,2013.0,1.0,AK,"79 km SSW of Port Alexander, Alaska",55.6044,-135.1965,20.0,4.7,mb,reviewed,ak,ak,231,7.5,4.935497835497835,0.7,28.7137012987013,1,1.0,0.0,0.0,0.0,0.0,0.0,5.0,7.5,54627.6,57533.0,57533.0,576.4,2031.0,1313.0,27261.0,0.010018598022004763,0.03530147915109589,0.022821684946030974,0.47383240922600944,1,0,1,1,55.0,57087.4,54627.6,53303.3,53681.1,53463.9,-0.04308831721185415,-0.0242423243927977,-0.021302418557652122,4,0,>3
1177,ak0138f8ias,2013-01-05,2013.0,1.0,AK,"115 km WSW of Craig, Alaska",55.1193,-134.8506,0.7,4.5,mb,reviewed,ak,ak,231,7.5,4.935497835497835,0.7,28.7137012987013,1,1.0,0.0,0.0,0.0,0.0,0.0,5.0,7.5,54627.6,57533.0,57533.0,576.4,2031.0,1313.0,27261.0,0.010018598022004763,0.03530147915109589,0.022821684946030974,0.47383240922600944,1,0,1,1,53.0,57087.4,54627.6,53303.3,53681.1,53463.9,-0.04308831721185415,-0.0242423243927977,-0.021302418557652122,4,0,>3
1178,ak0138fpgug,2013-01-05,2013.0,1.0,AK,off the coast of Southeastern Alaska,55.8293,-135.2961,10.0,4.7,mb,reviewed,ak,ak,231,7.5,4.935497835497835,0.7,28.7137012987013,1,1.0,0.0,0.0,0.0,0.0,0.0,5.0,7.5,54627.6,57533.0,57533.0,576.4,2031.0,1313.0,27261.0,0.010018598022004763,0.03530147915109589,0.022821684946030974,0.47383240922600944,1,0,1,1,55.0,57087.4,54627.6,53303.3,53681.1,53463.9,-0.04308831721185415,-0.0242423243927977,-0.021302418557652122,4,0,>3
1179,ak0138gzzv8,2013-01-05,2013.0,1.0,AK,"107 km WSW of Craig, Alaska",55.0813,-134.6954,10.0,5.2,mb,reviewed,ak,ak,231,7.5,4.935497835497835,0.7,28.7137012987013,1,1.0,0.0,0.0,0.0,0.0,0.0,5.0,7.5,54627.6,57533.0,57533.0,576.4,2031.0,1313.0,27261.0,0.010018598022004763,0.03530147915109589,0.022821684946030974,0.47383240922600944,1,0,1,1,60.0,57087.4,54627.6,53303.3,53681.1,53463.9,-0.04308831721185415,-0.0242423243927977,-0.021302418557652122,4,0,>3
1180,ak013dja895,2013-01-08,2013.0,1.0,AK,"98 km SSW of Port Alexander, Alaska",55.3844,-134.9764,20.0,4.9,mw,reviewed,ak,ak,231,7.5,4.935497835497835,0.7,28.7137012987013,1,1.0,0.0,0.0,0.0,0.0,0.0,5.0,7.5,54627.6,57533.0,57533.0,576.4,2031.0,1313.0,27261.0,0.010018598022004763,0.03530147915109589,0.022821684946030974,0.47383240922600944,1,0,1,1,57.0,57087.4,54627.6,53303.3,53681.1,53463.9,-0.04308831721185415,-0.0242423243927977,-0.021302418557652122,4,0,>3
1181,ak013ne6tla,2013-01-14,2013.0,1.0,AK,"116 km WSW of Craig, Alaska",55.0508,-134.8149,13.5,5.5,mw,reviewed,ak,ak,231,7.5,4.935497835497835,0.7,28.7137012987013,1,1.0,0.0,0.0,0.0,0.0,0.0,5.0,7.5,54627.6,57533.0,57533.0,576.4,2031.0,1313.0,27261.0,0.010018598022004763,0.03530147915109589,0.022821684946030974,0.47383240922600944,1,0,1,1,63.0,57087.4,54627.6,53303.3,53681.1,53463.9,-0.04308831721185415,-0.0242423243927977,-0.021302418557652122,4,0,>3
1182,usp000jyj3,2013-01-18,2013.0,1.0,AK,"155 km S of False Pass, Alaska",53.471,-163.11,27.8,4.6,mb,reviewed,aeic,us,231,7.5,4.935497835497835,0.7,28.7137012987013,1,1.0,0.0,0.0,0.0,0.0,0.0,5.0,7.5,54627.6,57533.0,57533.0,576.4,2031.0,1313.0,27261.0,0.010018598022004763,0.03530147915109589,0.022821684946030974,0.47383240922600944,1,0,1,0,54.0,57087.4,54627.6,53303.3,53681.1,53463.9,-0.04308831721185415,-0.0242423243927977,-0.021302418557652122,4,0,>3
1183,usp000jyns,2013-01-21,2013.0,1.0,AK,"127 km WSW of Adak, Alaska",51.606,-178.422,15.4,5.1,mb,reviewed,us,us,231,7.5,4.935497835497835,0.7,28.7137012987013,1,1.0,0.0,0.0,0.0,0.0,0.0,5.0,7.5,54627.6,57533.0,57533.0,576.4,2031.0,1313.0,27261.0,0.010018598022004763,0.03530147915109589,0.022821684946030974,0.47383240922600944,1,0,1,1,59.0,57087.4,54627.6,53303.3,53681.1,53463.9,-0.04308831721185415,-0.0242423243927977,-0.021302418557652122,4,0,>3
1184,usc000fb3k,2013-02-21,2013.0,2.0,AK,"210 km W of Adak, Alaska",51.644,-179.659,52.8,4.5,mb,reviewed,aeic,us,231,7.5,4.935497835497835,0.7,28.7137012987013,1,1.0,0.0,0.0,0.0,0.0,0.0,5.0,7.5,54627.6,57533.0,57533.0,576.4,2031.0,1313.0,27261.0,0.010018598022004763,0.03530147915109589,0.022821684946030974,0.47383240922600944,1,0,1,0,53.0,57087.4,54627.6,53303.3,53681.1,53463.9,-0.04308831721185415,-0.0242423243927977,-0.021302418557652122,4,0,>3
1185,usc000fe5b,2013-02-27,2013.0,2.0,OR,"175 km W of Langlois, Oregon",43.22,-126.564,10.0,5.2,mww,reviewed,us,us,231,7.5,4.935497835497835,0.7,28.7137012987013,1,0.0,0.0,0.0,0.0,0.0,0.0,0.0,0.0,189609.7,178975.4,178975.4,3977.7,6580.9,27048.9,116503.8,0.02222484207326817,0.03676985775698783,0.1511319432726509,0.6509486778629913,0,0,1,1,55.0,187352.4,189609.7,195808.2,205581.8,214769.3,0.012048417847863264,0.03269083807421245,0.13269152369314427,0,1,0
1186,usc000fgxv,2013-03-06,2013.0,3.0,AK,"18 km N of Atka, Alaska",52.364,-174.206,196.8,4.7,mb,reviewed,aeic,us,231,7.5,4.935497835497835,0.7,28.7137012987013,1,1.0,0.0,0.0,0.0,0.0,0.0,5.0,7.5,54627.6,57533.0,57533.0,576.4,2031.0,1313.0,27261.0,0.010018598022004763,0.03530147915109589,0.022821684946030974,0.47383240922600944,1,0,0,0,52.0,57087.4,54627.6,53303.3,53681.1,53463.9,-0.04308831721185415,-0.0242423243927977,-0.021302418557652122,4,0,>3
1187,ak0133b7hme1,2013-03-13,2013.0,3.0,AK,"24 km WNW of Petersville, Alaska",62.556,-151.2302,84.4,4.8,mw,reviewed,ak,ak,231,7.5,4.935497835497835,0.7,28.7137012987013,1,1.0,0.0,0.0,0.0,0.0,0.0,5.0,7.5,54627.6,57533.0,57533.0,576.4,2031.0,1313.0,27261.0,0.010018598022004763,0.03530147915109589,0.022821684946030974,0.47383240922600944,1,0,0,0,53.0,57087.4,54627.6,53303.3,53681.1,53463.9,-0.04308831721185415,-0.0242423243927977,-0.021302418557652122,4,0,>3
1188,usb000fnji,2013-03-19,2013.0,3.0,AK,"44 km SSE of Akutan, Alaska",53.785,-165.454,53.6,4.6,mb,reviewed,us,us,231,7.5,4.935497835497835,0.7,28.7137012987013,1,1.0,0.0,0.0,0.0,0.0,0.0,5.0,7.5,54627.6,57533.0,57533.0,576.4,2031.0,1313.0,27261.0,0.010018598022004763,0.03530147915109589,0.022821684946030974,0.47383240922600944,1,0,1,0,54.0,57087.4,54627.6,53303.3,53681.1,53463.9,-0.04308831721185415,-0.0242423243927977,-0.021302418557652122,4,0,>3
1189,ak0133rtyj2v,2013-03-23,2013.0,3.0,AK,"34 km ESE of Pedro Bay, Alaska",59.716,-153.5143,122.0,4.6,mb,reviewed,ak,ak,231,7.5,4.935497835497835,0.7,28.7137012987013,1,1.0,0.0,0.0,0.0,0.0,0.0,5.0,7.5,54627.6,57533.0,57533.0,576.4,2031.0,1313.0,27261.0,0.010018598022004763,0.03530147915109589,0.022821684946030974,0.47383240922600944,1,0,0,0,51.0,57087.4,54627.6,53303.3,53681.1,53463.9,-0.04308831721185415,-0.0242423243927977,-0.021302418557652122,4,0,>3
1190,ak0133v92cki,2013-03-25,2013.0,3.0,AK,"143 km SW of Akhiok, Alaska",55.8961,-155.5179,36.8,4.7,mb,reviewed,ak,ak,231,7.5,4.935497835497835,0.7,28.7137012987013,1,1.0,0.0,0.0,0.0,0.0,0.0,5.0,7.5,54627.6,57533.0,57533.0,576.4,2031.0,1313.0,27261.0,0.010018598022004763,0.03530147915109589,0.022821684946030974,0.47383240922600944,1,0,1,0,55.0,57087.4,54627.6,53303.3,53681.1,53463.9,-0.04308831721185415,-0.0242423243927977,-0.021302418557652122,4,0,>3
1191,usb000fwth,2013-03-30,2013.0,3.0,CA,"83 km W of Ferndale, California",40.453,-125.232,4.8,4.5,mwr,reviewed,nc,brk,231,7.5,4.935497835497835,0.7,28.7137012987013,1,0.0,0.0,0.0,0.0,0.0,0.0,0.0,0.0,2340335.3,2223300.9,2223300.9,38251.3,73416.4,245289.9,1571008.2,0.01720473373622077,0.03302135127098631,0.11032690177024622,0.7066106976343148,0,0,1,1,48.0,2255437.3,2340335.3,2428675.7,2545979.5,2623711.7,0.037641480878231465,0.03774689891657848,0.1210836754887218,0,1,0
1192,ak01345881kw,2013-03-31,2013.0,3.0,AK,"72 km SE of Kokhanok, Alaska",58.9857,-153.8695,103.4,4.7,mb,reviewed,ak,ak,231,7.5,4.935497835497835,0.7,28.7137012987013,1,1.0,0.0,0.0,0.0,0.0,0.0,5.0,7.5,54627.6,57533.0,57533.0,576.4,2031.0,1313.0,27261.0,0.010018598022004763,0.03530147915109589,0.022821684946030974,0.47383240922600944,1,0,0,0,52.0,57087.4,54627.6,53303.3,53681.1,53463.9,-0.04308831721185415,-0.0242423243927977,-0.021302418557652122,4,0,>3
1193,usb000g5sd,2013-04-12,2013.0,4.0,AK,"89 km ESE of Akutan, Alaska",53.7,-164.63,44.1,4.9,mb,reviewed,aeic,us,231,7.5,4.935497835497835,0.7,28.7137012987013,1,1.0,0.0,0.0,0.0,0.0,0.0,5.0,7.5,54627.6,57533.0,57533.0,576.4,2031.0,1313.0,27261.0,0.010018598022004763,0.03530147915109589,0.022821684946030974,0.47383240922600944,1,0,1,0,57.0,57087.4,54627.6,53303.3,53681.1,53463.9,-0.04308831721185415,-0.0242423243927977,-0.021302418557652122,4,0,>3
1194,usb000gfjc,2013-04-25,2013.0,4.0,AK,"123 km SW of Adak, Alaska",51.144,-177.977,18.1,4.9,mb,reviewed,aeic,us,231,7.5,4.935497835497835,0.7,28.7137012987013,1,1.0,0.0,0.0,0.0,0.0,0.0,5.0,7.5,54627.6,57533.0,57533.0,576.4,2031.0,1313.0,27261.0,0.010018598022004763,0.03530147915109589,0.022821684946030974,0.47383240922600944,1,0,1,1,57.0,57087.4,54627.6,53303.3,53681.1,53463.9,-0.04308831721185415,-0.0242423243927977,-0.021302418557652122,4,0,>3
1195,us2013plae,2013-04-26,2013.0,4.0,AK,"91 km SW of Adak, Alaska",51.342,-177.647,39.7,4.9,mb,reviewed,aeic,us,231,7.5,4.935497835497835,0.7,28.7137012987013,1,1.0,0.0,0.0,0.0,0.0,0.0,5.0,7.5,54627.6,57533.0,57533.0,576.4,2031.0,1313.0,27261.0,0.010018598022004763,0.03530147915109589,0.022821684946030974,0.47383240922600944,1,0,1,0,57.0,57087.4,54627.6,53303.3,53681.1,53463.9,-0.04308831721185415,-0.0242423243927977,-0.021302418557652122,4,0,>3
1196,usc000glzf,2013-05-02,2013.0,5.0,AK,"230 km SE of Akutan, Alaska",52.509,-163.624,20.0,4.5,mb,reviewed,aeic,us,231,7.5,4.935497835497835,0.7,28.7137012987013,1,1.0,0.0,0.0,0.0,0.0,0.0,5.0,7.5,54627.6,57533.0,57533.0,576.4,2031.0,1313.0,27261.0,0.010018598022004763,0.03530147915109589,0.022821684946030974,0.47383240922600944,1,0,1,1,53.0,57087.4,54627.6,53303.3,53681.1,53463.9,-0.04308831721185415,-0.0242423243927977,-0.021302418557652122,4,0,>3
1197,usc000gqtu,2013-05-08,2013.0,5.0,AK,"56 km WSW of Nikolski, Alaska",52.702,-169.598,4.7,4.5,mb,reviewed,aeic,us,231,7.5,4.935497835497835,0.7,28.7137012987013,1,1.0,0.0,0.0,0.0,0.0,0.0,5.0,7.5,54627.6,57533.0,57533.0,576.4,2031.0,1313.0,27261.0,0.010018598022004763,0.03530147915109589,0.022821684946030974,0.47383240922600944,1,0,1,1,53.0,57087.4,54627.6,53303.3,53681.1,53463.9,-0.04308831721185415,-0.0242423243927977,-0.021302418557652122,4,0,>3
1198,ak01362eppob,2013-05-12,2013.0,5.0,AK,"92 km SSE of Kokhanok, Alaska",58.7469,-153.8755,11.4,4.6,mb,reviewed,ak,ak,231,7.5,4.935497835497835,0.7,28.7137012987013,1,1.0,0.0,0.0,0.0,0.0,0.0,5.0,7.5,54627.6,57533.0,57533.0,576.4,2031.0,1313.0,27261.0,0.010018598022004763,0.03530147915109589,0.022821684946030974,0.47383240922600944,1,0,1,1,54.0,57087.4,54627.6,53303.3,53681.1,53463.9,-0.04308831721185415,-0.0242423243927977,-0.021302418557652122,4,0,>3
1199,usc000guyr,2013-05-12,2013.0,5.0,AK,"156 km ENE of Atka, Alaska",52.498,-171.954,8.0,5.4,mww,reviewed,us,us,231,7.5,4.935497835497835,0.7,28.7137012987013,1,1.0,0.0,0.0,0.0,0.0,0.0,5.0,7.5,54627.6,57533.0,57533.0,576.4,2031.0,1313.0,27261.0,0.010018598022004763,0.03530147915109589,0.022821684946030974,0.47383240922600944,1,0,1,1,62.0,57087.4,54627.6,53303.3,53681.1,53463.9,-0.04308831721185415,-0.0242423243927977,-0.021302418557652122,4,0,>3
1200,ak0136anqz64,2013-05-17,2013.0,5.0,AK,"6 km SW of Nanwalek, Alaska",59.3128,-151.9979,56.5,4.8,mw,reviewed,ak,ak,231,7.5,4.935497835497835,0.7,28.7137012987013,1,1.0,0.0,0.0,0.0,0.0,0.0,5.0,7.5,54627.6,57533.0,57533.0,576.4,2031.0,1313.0,27261.0,0.010018598022004763,0.03530147915109589,0.022821684946030974,0.47383240922600944,1,0,1,0,56.0,57087.4,54627.6,53303.3,53681.1,53463.9,-0.04308831721185415,-0.0242423243927977,-0.021302418557652122,4,0,>3
1201,nc71996906,2013-05-24,2013.0,5.0,CA,"2 km NNE of Canyondam, California",40.1918333,-121.0595,7.968,5.69,mw,reviewed,nc,nc,231,7.5,4.935497835497835,0.7,28.7137012987013,1,0.0,0.0,0.0,0.0,0.0,0.0,0.0,0.0,2340335.3,2223300.9,2223300.9,38251.3,73416.4,245289.9,1571008.2,0.01720473373622077,0.03302135127098631,0.11032690177024622,0.7066106976343148,0,0,1,1,59.900000000000006,2255437.3,2340335.3,2428675.7,2545979.5,2623711.7,0.037641480878231465,0.03774689891657848,0.1210836754887218,0,1,0
1202,hv60508246,2013-06-05,2013.0,6.0,HI,"54 km SE of P?hala, Hawaii",18.9148333,-155.061,40.041,5.3,mw,reviewed,hv,hv,231,7.5,4.935497835497835,0.7,28.7137012987013,1,0.0,0.0,0.0,0.0,0.0,0.0,0.0,0.0,80534.9,74598.5,74598.5,545.4,3720.4,1395.9,52676.7,0.007311138963920186,0.0498723164674893,0.018712172496766023,0.7061361823629161,0,0,1,0,56.0,78694.0,80534.9,81304.9,83857.6,85670.4,0.02339314306046197,0.009561072280464744,0.06376738531990479,0,1,0
1203,usc000hk34,2013-06-10,2013.0,6.0,AK,"140 km WNW of Nikolski, Alaska",53.353,-170.852,204.5,4.6,mb,reviewed,aeic,us,231,7.5,4.935497835497835,0.7,28.7137012987013,1,1.0,0.0,0.0,0.0,0.0,0.0,5.0,7.5,54627.6,57533.0,57533.0,576.4,2031.0,1313.0,27261.0,0.010018598022004763,0.03530147915109589,0.022821684946030974,0.47383240922600944,1,0,0,0,51.0,57087.4,54627.6,53303.3,53681.1,53463.9,-0.04308831721185415,-0.0242423243927977,-0.021302418557652122,4,0,>3
1204,usc000hk5r,2013-06-10,2013.0,6.0,AK,"115 km ESE of Saint George, Alaska",56.392,-167.715,15.1,4.8,mb,reviewed,aeic,us,231,7.5,4.935497835497835,0.7,28.7137012987013,1,1.0,0.0,0.0,0.0,0.0,0.0,5.0,7.5,54627.6,57533.0,57533.0,576.4,2031.0,1313.0,27261.0,0.010018598022004763,0.03530147915109589,0.022821684946030974,0.47383240922600944,1,0,1,1,56.0,57087.4,54627.6,53303.3,53681.1,53463.9,-0.04308831721185415,-0.0242423243927977,-0.021302418557652122,4,0,>3
1205,ak0137v6mm6o,2013-06-20,2013.0,6.0,AK,"15 km NNW of Glennallen, Alaska",62.2325,-145.6928,23.3,4.5,mb,reviewed,ak,ak,231,7.5,4.935497835497835,0.7,28.7137012987013,1,1.0,0.0,0.0,0.0,0.0,0.0,5.0,7.5,54627.6,57533.0,57533.0,576.4,2031.0,1313.0,27261.0,0.010018598022004763,0.03530147915109589,0.022821684946030974,0.47383240922600944,1,0,1,0,53.0,57087.4,54627.6,53303.3,53681.1,53463.9,-0.04308831721185415,-0.0242423243927977,-0.021302418557652122,4,0,>3
1206,usb000i5p2,2013-07-03,2013.0,7.0,AK,"189 km SE of Nikolski, Alaska",51.651,-167.048,17.5,4.9,mb,reviewed,aeic,us,231,7.5,4.935497835497835,0.7,28.7137012987013,1,1.0,0.0,0.0,0.0,0.0,0.0,5.0,7.5,54627.6,57533.0,57533.0,576.4,2031.0,1313.0,27261.0,0.010018598022004763,0.03530147915109589,0.022821684946030974,0.47383240922600944,1,0,1,1,57.0,57087.4,54627.6,53303.3,53681.1,53463.9,-0.04308831721185415,-0.0242423243927977,-0.021302418557652122,4,0,>3
1207,ak0138yn94l8,2013-07-14,2013.0,7.0,AK,"4 km WSW of Cohoe, Alaska",60.358,-151.3845,57.4,4.6,mb,reviewed,ak,ak,231,7.5,4.935497835497835,0.7,28.7137012987013,1,1.0,0.0,0.0,0.0,0.0,0.0,5.0,7.5,54627.6,57533.0,57533.0,576.4,2031.0,1313.0,27261.0,0.010018598022004763,0.03530147915109589,0.022821684946030974,0.47383240922600944,1,0,1,0,54.0,57087.4,54627.6,53303.3,53681.1,53463.9,-0.04308831721185415,-0.0242423243927977,-0.021302418557652122,4,0,>3
1208,ak0139561mts,2013-07-18,2013.0,7.0,AK,"59 km SSE of King Salmon, Alaska",58.1814,-156.3675,13.9,4.6,mb,reviewed,ak,ak,231,7.5,4.935497835497835,0.7,28.7137012987013,1,1.0,0.0,0.0,0.0,0.0,0.0,5.0,7.5,54627.6,57533.0,57533.0,576.4,2031.0,1313.0,27261.0,0.010018598022004763,0.03530147915109589,0.022821684946030974,0.47383240922600944,1,0,1,1,54.0,57087.4,54627.6,53303.3,53681.1,53463.9,-0.04308831721185415,-0.0242423243927977,-0.021302418557652122,4,0,>3
1209,usb000iiju,2013-07-20,2013.0,7.0,OR,"165 km W of Bandon, Oregon",43.294,-126.431,15.6,4.6,mwr,reviewed,us,us,231,7.5,4.935497835497835,0.7,28.7137012987013,1,0.0,0.0,0.0,0.0,0.0,0.0,0.0,0.0,189609.7,178975.4,178975.4,3977.7,6580.9,27048.9,116503.8,0.02222484207326817,0.03676985775698783,0.1511319432726509,0.6509486778629913,0,0,1,1,49.0,187352.4,189609.7,195808.2,205581.8,214769.3,0.012048417847863264,0.03269083807421245,0.13269152369314427,0,1,0
1210,usb000ikmp,2013-07-23,2013.0,7.0,AK,"Fox Islands, Aleutian Islands, Alaska",53.965,-165.147,66.1,4.5,mb,reviewed,aeic,us,231,7.5,4.935497835497835,0.7,28.7137012987013,1,1.0,0.0,0.0,0.0,0.0,0.0,5.0,7.5,54627.6,57533.0,57533.0,576.4,2031.0,1313.0,27261.0,0.010018598022004763,0.03530147915109589,0.022821684946030974,0.47383240922600944,1,0,1,0,53.0,57087.4,54627.6,53303.3,53681.1,53463.9,-0.04308831721185415,-0.0242423243927977,-0.021302418557652122,4,0,>3
1211,ak0139iodhbh,2013-07-26,2013.0,7.0,AK,"45 km ENE of Ouzinkie, Alaska",58.0157,-151.7502,40.3,4.7,mb,reviewed,ak,ak,231,7.5,4.935497835497835,0.7,28.7137012987013,1,1.0,0.0,0.0,0.0,0.0,0.0,5.0,7.5,54627.6,57533.0,57533.0,576.4,2031.0,1313.0,27261.0,0.010018598022004763,0.03530147915109589,0.022821684946030974,0.47383240922600944,1,0,1,0,55.0,57087.4,54627.6,53303.3,53681.1,53463.9,-0.04308831721185415,-0.0242423243927977,-0.021302418557652122,4,0,>3
1212,ak0139sm5zgh,2013-08-01,2013.0,8.0,AK,"69 km WNW of Happy Valley, Alaska",60.1423,-152.9163,127.6,4.8,mw,reviewed,ak,ak,231,7.5,4.935497835497835,0.7,28.7137012987013,1,1.0,0.0,0.0,0.0,0.0,0.0,5.0,7.5,54627.6,57533.0,57533.0,576.4,2031.0,1313.0,27261.0,0.010018598022004763,0.03530147915109589,0.022821684946030974,0.47383240922600944,1,0,0,0,53.0,57087.4,54627.6,53303.3,53681.1,53463.9,-0.04308831721185415,-0.0242423243927977,-0.021302418557652122,4,0,>3
1213,usb000j02p,2013-08-09,2013.0,8.0,AK,"266 km SW of Adak, Alaska",49.9873,-178.9665,21.69,4.9,mb,reviewed,us,us,231,7.5,4.935497835497835,0.7,28.7137012987013,1,1.0,0.0,0.0,0.0,0.0,0.0,5.0,7.5,54627.6,57533.0,57533.0,576.4,2031.0,1313.0,27261.0,0.010018598022004763,0.03530147915109589,0.022821684946030974,0.47383240922600944,1,0,1,0,57.0,57087.4,54627.6,53303.3,53681.1,53463.9,-0.04308831721185415,-0.0242423243927977,-0.021302418557652122,4,0,>3
1214,usb000j570,2013-08-16,2013.0,8.0,AK,"118 km W of Adak, Alaska",51.7718,-178.3453,38.77,4.7,mb,reviewed,us,us,231,7.5,4.935497835497835,0.7,28.7137012987013,1,1.0,0.0,0.0,0.0,0.0,0.0,5.0,7.5,54627.6,57533.0,57533.0,576.4,2031.0,1313.0,27261.0,0.010018598022004763,0.03530147915109589,0.022821684946030974,0.47383240922600944,1,0,1,0,55.0,57087.4,54627.6,53303.3,53681.1,53463.9,-0.04308831721185415,-0.0242423243927977,-0.021302418557652122,4,0,>3
1215,ak013azm6wlj,2013-08-27,2013.0,8.0,AK,"67 km SE of Denali National Park, Alaska",63.2047,-150.6038,129.5,5.0,mw,reviewed,ak,ak,231,7.5,4.935497835497835,0.7,28.7137012987013,1,1.0,0.0,0.0,0.0,0.0,0.0,5.0,7.5,54627.6,57533.0,57533.0,576.4,2031.0,1313.0,27261.0,0.010018598022004763,0.03530147915109589,0.022821684946030974,0.47383240922600944,1,0,0,0,55.0,57087.4,54627.6,53303.3,53681.1,53463.9,-0.04308831721185415,-0.0242423243927977,-0.021302418557652122,4,0,>3
1216,usb000jdt7,2013-08-30,2013.0,8.0,AK,"101 km SW of Atka, Alaska",51.537,-175.2297,29.0,7.0,mww,reviewed,us,us,231,7.5,4.935497835497835,0.7,28.7137012987013,1,1.0,0.0,0.0,0.0,0.0,0.0,5.0,7.5,54627.6,57533.0,57533.0,576.4,2031.0,1313.0,27261.0,0.010018598022004763,0.03530147915109589,0.022821684946030974,0.47383240922600944,1,1,1,0,88.0,57087.4,54627.6,53303.3,53681.1,53463.9,-0.04308831721185415,-0.0242423243927977,-0.021302418557652122,4,0,>3
1217,usb000jdwz,2013-08-30,2013.0,8.0,AK,"105 km ESE of Adak, Alaska",51.4755,-175.2537,35.0,4.5,mb,reviewed,us,us,231,7.5,4.935497835497835,0.7,28.7137012987013,1,1.0,0.0,0.0,0.0,0.0,0.0,5.0,7.5,54627.6,57533.0,57533.0,576.4,2031.0,1313.0,27261.0,0.010018598022004763,0.03530147915109589,0.022821684946030974,0.47383240922600944,1,0,1,0,53.0,57087.4,54627.6,53303.3,53681.1,53463.9,-0.04308831721185415,-0.0242423243927977,-0.021302418557652122,4,0,>3
1218,usb000jdzt,2013-08-30,2013.0,8.0,AK,"99 km SSW of Atka, Alaska",51.4066,-174.8678,22.96,4.9,mb,reviewed,us,us,231,7.5,4.935497835497835,0.7,28.7137012987013,1,1.0,0.0,0.0,0.0,0.0,0.0,5.0,7.5,54627.6,57533.0,57533.0,576.4,2031.0,1313.0,27261.0,0.010018598022004763,0.03530147915109589,0.022821684946030974,0.47383240922600944,1,0,1,0,57.0,57087.4,54627.6,53303.3,53681.1,53463.9,-0.04308831721185415,-0.0242423243927977,-0.021302418557652122,4,0,>3
1219,usb000je0d,2013-08-30,2013.0,8.0,AK,"112 km SSW of Atka, Alaska",51.2544,-174.8103,23.7,4.6,mb,reviewed,us,us,231,7.5,4.935497835497835,0.7,28.7137012987013,1,1.0,0.0,0.0,0.0,0.0,0.0,5.0,7.5,54627.6,57533.0,57533.0,576.4,2031.0,1313.0,27261.0,0.010018598022004763,0.03530147915109589,0.022821684946030974,0.47383240922600944,1,0,1,0,54.0,57087.4,54627.6,53303.3,53681.1,53463.9,-0.04308831721185415,-0.0242423243927977,-0.021302418557652122,4,0,>3
1220,usb000je15,2013-08-30,2013.0,8.0,AK,"105 km SSW of Atka, Alaska",51.3557,-174.9011,20.17,4.6,mb,reviewed,us,us,231,7.5,4.935497835497835,0.7,28.7137012987013,1,1.0,0.0,0.0,0.0,0.0,0.0,5.0,7.5,54627.6,57533.0,57533.0,576.4,2031.0,1313.0,27261.0,0.010018598022004763,0.03530147915109589,0.022821684946030974,0.47383240922600944,1,0,1,0,54.0,57087.4,54627.6,53303.3,53681.1,53463.9,-0.04308831721185415,-0.0242423243927977,-0.021302418557652122,4,0,>3
1221,usb000je3i,2013-08-30,2013.0,8.0,AK,"96 km SW of Atka, Alaska",51.525,-175.0765,25.41,5.0,mb,reviewed,us,us,231,7.5,4.935497835497835,0.7,28.7137012987013,1,1.0,0.0,0.0,0.0,0.0,0.0,5.0,7.5,54627.6,57533.0,57533.0,576.4,2031.0,1313.0,27261.0,0.010018598022004763,0.03530147915109589,0.022821684946030974,0.47383240922600944,1,0,1,0,58.0,57087.4,54627.6,53303.3,53681.1,53463.9,-0.04308831721185415,-0.0242423243927977,-0.021302418557652122,4,0,>3
1222,usb000jec9,2013-08-31,2013.0,8.0,AK,"108 km SSW of Atka, Alaska",51.326,-174.92,5.1,5.2,mb,reviewed,ak,us,231,7.5,4.935497835497835,0.7,28.7137012987013,1,1.0,0.0,0.0,0.0,0.0,0.0,5.0,7.5,54627.6,57533.0,57533.0,576.4,2031.0,1313.0,27261.0,0.010018598022004763,0.03530147915109589,0.022821684946030974,0.47383240922600944,1,0,1,1,60.0,57087.4,54627.6,53303.3,53681.1,53463.9,-0.04308831721185415,-0.0242423243927977,-0.021302418557652122,4,0,>3
1223,usb000jegn,2013-08-31,2013.0,8.0,AK,"109 km ESE of Adak, Alaska",51.4151,-175.2268,35.17,4.8,mb,reviewed,us,us,231,7.5,4.935497835497835,0.7,28.7137012987013,1,1.0,0.0,0.0,0.0,0.0,0.0,5.0,7.5,54627.6,57533.0,57533.0,576.4,2031.0,1313.0,27261.0,0.010018598022004763,0.03530147915109589,0.022821684946030974,0.47383240922600944,1,0,1,0,56.0,57087.4,54627.6,53303.3,53681.1,53463.9,-0.04308831721185415,-0.0242423243927977,-0.021302418557652122,4,0,>3
1224,usb000jegu,2013-08-31,2013.0,8.0,AK,"104 km SW of Atka, Alaska",51.4499,-175.1291,32.36,5.2,mb,reviewed,us,us,231,7.5,4.935497835497835,0.7,28.7137012987013,1,1.0,0.0,0.0,0.0,0.0,0.0,5.0,7.5,54627.6,57533.0,57533.0,576.4,2031.0,1313.0,27261.0,0.010018598022004763,0.03530147915109589,0.022821684946030974,0.47383240922600944,1,0,1,0,60.0,57087.4,54627.6,53303.3,53681.1,53463.9,-0.04308831721185415,-0.0242423243927977,-0.021302418557652122,4,0,>3
1225,usb000ji3n,2013-08-31,2013.0,8.0,AK,"115 km SSW of Atka, Alaska",51.2365,-174.8239,10.34,5.2,mb,reviewed,us,us,231,7.5,4.935497835497835,0.7,28.7137012987013,1,1.0,0.0,0.0,0.0,0.0,0.0,5.0,7.5,54627.6,57533.0,57533.0,576.4,2031.0,1313.0,27261.0,0.010018598022004763,0.03530147915109589,0.022821684946030974,0.47383240922600944,1,0,1,1,60.0,57087.4,54627.6,53303.3,53681.1,53463.9,-0.04308831721185415,-0.0242423243927977,-0.021302418557652122,4,0,>3
1226,usb000ji53,2013-08-31,2013.0,8.0,AK,"108 km SSW of Atka, Alaska",51.324,-174.91,21.8,4.7,mb,reviewed,ak,us,231,7.5,4.935497835497835,0.7,28.7137012987013,1,1.0,0.0,0.0,0.0,0.0,0.0,5.0,7.5,54627.6,57533.0,57533.0,576.4,2031.0,1313.0,27261.0,0.010018598022004763,0.03530147915109589,0.022821684946030974,0.47383240922600944,1,0,1,0,55.0,57087.4,54627.6,53303.3,53681.1,53463.9,-0.04308831721185415,-0.0242423243927977,-0.021302418557652122,4,0,>3
1227,ak013b7wjdah,2013-09-01,2013.0,9.0,AK,"108 km SSW of Kaktovik, Alaska",69.2087,-144.4802,9.5,4.8,mw,reviewed,ak,ak,231,7.5,4.935497835497835,0.7,28.7137012987013,1,1.0,0.0,0.0,0.0,0.0,0.0,5.0,7.5,54627.6,57533.0,57533.0,576.4,2031.0,1313.0,27261.0,0.010018598022004763,0.03530147915109589,0.022821684946030974,0.47383240922600944,1,0,1,1,56.0,57087.4,54627.6,53303.3,53681.1,53463.9,-0.04308831721185415,-0.0242423243927977,-0.021302418557652122,4,0,>3
1228,usb000jggp,2013-09-04,2013.0,9.0,AK,"142 km WSW of Adak, Alaska",51.193,-178.3737,25.24,4.5,mb,reviewed,us,us,231,7.5,4.935497835497835,0.7,28.7137012987013,1,1.0,0.0,0.0,0.0,0.0,0.0,5.0,7.5,54627.6,57533.0,57533.0,576.4,2031.0,1313.0,27261.0,0.010018598022004763,0.03530147915109589,0.022821684946030974,0.47383240922600944,1,0,1,0,53.0,57087.4,54627.6,53303.3,53681.1,53463.9,-0.04308831721185415,-0.0242423243927977,-0.021302418557652122,4,0,>3
1229,usb000jguu,2013-09-04,2013.0,9.0,AK,"80 km SSW of Atka, Alaska",51.5733,-174.7888,21.0,5.7,mww,reviewed,us,us,231,7.5,4.935497835497835,0.7,28.7137012987013,1,1.0,0.0,0.0,0.0,0.0,0.0,5.0,7.5,54627.6,57533.0,57533.0,576.4,2031.0,1313.0,27261.0,0.010018598022004763,0.03530147915109589,0.022821684946030974,0.47383240922600944,1,0,1,0,65.0,57087.4,54627.6,53303.3,53681.1,53463.9,-0.04308831721185415,-0.0242423243927977,-0.021302418557652122,4,0,>3
1230,usb000jgyh,2013-09-04,2013.0,9.0,AK,"104 km SSW of Atka, Alaska",51.35,-174.847,28.5,4.7,mb,reviewed,ak,us,231,7.5,4.935497835497835,0.7,28.7137012987013,1,1.0,0.0,0.0,0.0,0.0,0.0,5.0,7.5,54627.6,57533.0,57533.0,576.4,2031.0,1313.0,27261.0,0.010018598022004763,0.03530147915109589,0.022821684946030974,0.47383240922600944,1,0,1,0,55.0,57087.4,54627.6,53303.3,53681.1,53463.9,-0.04308831721185415,-0.0242423243927977,-0.021302418557652122,4,0,>3
1231,usb000jgzc,2013-09-04,2013.0,9.0,AK,"93 km S of Unalaska, Alaska",53.0455,-166.7451,10.12,5.0,mb,reviewed,us,us,231,7.5,4.935497835497835,0.7,28.7137012987013,1,1.0,0.0,0.0,0.0,0.0,0.0,5.0,7.5,54627.6,57533.0,57533.0,576.4,2031.0,1313.0,27261.0,0.010018598022004763,0.03530147915109589,0.022821684946030974,0.47383240922600944,1,0,1,1,58.0,57087.4,54627.6,53303.3,53681.1,53463.9,-0.04308831721185415,-0.0242423243927977,-0.021302418557652122,4,0,>3
1232,usb000jgzy,2013-09-04,2013.0,9.0,AK,"86 km SE of Akutan, Alaska",53.575,-164.863,48.2,4.9,mb,reviewed,ak,us,231,7.5,4.935497835497835,0.7,28.7137012987013,1,1.0,0.0,0.0,0.0,0.0,0.0,5.0,7.5,54627.6,57533.0,57533.0,576.4,2031.0,1313.0,27261.0,0.010018598022004763,0.03530147915109589,0.022821684946030974,0.47383240922600944,1,0,1,0,57.0,57087.4,54627.6,53303.3,53681.1,53463.9,-0.04308831721185415,-0.0242423243927977,-0.021302418557652122,4,0,>3
1233,usb000ji7f,2013-09-05,2013.0,9.0,AK,"85 km SSW of Atka, Alaska",51.463,-174.583,20.0,5.6,mww,reviewed,us,us,231,7.5,4.935497835497835,0.7,28.7137012987013,1,1.0,0.0,0.0,0.0,0.0,0.0,5.0,7.5,54627.6,57533.0,57533.0,576.4,2031.0,1313.0,27261.0,0.010018598022004763,0.03530147915109589,0.022821684946030974,0.47383240922600944,1,0,1,1,64.0,57087.4,54627.6,53303.3,53681.1,53463.9,-0.04308831721185415,-0.0242423243927977,-0.021302418557652122,4,0,>3
1234,usb000jicz,2013-09-05,2013.0,9.0,AK,"85 km SSW of Atka, Alaska",51.4602,-174.5367,25.16,5.1,mb,reviewed,us,us,231,7.5,4.935497835497835,0.7,28.7137012987013,1,1.0,0.0,0.0,0.0,0.0,0.0,5.0,7.5,54627.6,57533.0,57533.0,576.4,2031.0,1313.0,27261.0,0.010018598022004763,0.03530147915109589,0.022821684946030974,0.47383240922600944,1,0,1,0,59.0,57087.4,54627.6,53303.3,53681.1,53463.9,-0.04308831721185415,-0.0242423243927977,-0.021302418557652122,4,0,>3
1235,usb000jjkn,2013-09-06,2013.0,9.0,AK,"98 km SSW of Atka, Alaska",51.3764,-174.7255,23.91,4.7,mb,reviewed,us,us,231,7.5,4.935497835497835,0.7,28.7137012987013,1,1.0,0.0,0.0,0.0,0.0,0.0,5.0,7.5,54627.6,57533.0,57533.0,576.4,2031.0,1313.0,27261.0,0.010018598022004763,0.03530147915109589,0.022821684946030974,0.47383240922600944,1,0,1,0,55.0,57087.4,54627.6,53303.3,53681.1,53463.9,-0.04308831721185415,-0.0242423243927977,-0.021302418557652122,4,0,>3
1236,usb000jl1r,2013-09-07,2013.0,9.0,AK,"102 km S of Atka, Alaska",51.279,-174.159,26.7,4.8,mb,reviewed,ak,us,231,7.5,4.935497835497835,0.7,28.7137012987013,1,1.0,0.0,0.0,0.0,0.0,0.0,5.0,7.5,54627.6,57533.0,57533.0,576.4,2031.0,1313.0,27261.0,0.010018598022004763,0.03530147915109589,0.022821684946030974,0.47383240922600944,1,0,1,0,56.0,57087.4,54627.6,53303.3,53681.1,53463.9,-0.04308831721185415,-0.0242423243927977,-0.021302418557652122,4,0,>3
1237,usb000jljd,2013-09-08,2013.0,9.0,AK,"88 km SSW of Atka, Alaska",51.4752,-174.7569,24.07,4.8,mb,reviewed,us,us,231,7.5,4.935497835497835,0.7,28.7137012987013,1,1.0,0.0,0.0,0.0,0.0,0.0,5.0,7.5,54627.6,57533.0,57533.0,576.4,2031.0,1313.0,27261.0,0.010018598022004763,0.03530147915109589,0.022821684946030974,0.47383240922600944,1,0,1,0,56.0,57087.4,54627.6,53303.3,53681.1,53463.9,-0.04308831721185415,-0.0242423243927977,-0.021302418557652122,4,0,>3
1238,usc000jslv,2013-09-12,2013.0,9.0,AK,"209 km SW of Nikolski, Alaska",51.7059,-171.1899,40.46,5.1,mb,reviewed,us,us,231,7.5,4.935497835497835,0.7,28.7137012987013,1,1.0,0.0,0.0,0.0,0.0,0.0,5.0,7.5,54627.6,57533.0,57533.0,576.4,2031.0,1313.0,27261.0,0.010018598022004763,0.03530147915109589,0.022821684946030974,0.47383240922600944,1,0,1,0,59.0,57087.4,54627.6,53303.3,53681.1,53463.9,-0.04308831721185415,-0.0242423243927977,-0.021302418557652122,4,0,>3
1239,usb000jyd5,2013-09-14,2013.0,9.0,AK,"Andreanof Islands, Aleutian Islands, Alaska",51.481,-174.693,25.6,4.7,mb,reviewed,ak,us,231,7.5,4.935497835497835,0.7,28.7137012987013,1,1.0,0.0,0.0,0.0,0.0,0.0,5.0,7.5,54627.6,57533.0,57533.0,576.4,2031.0,1313.0,27261.0,0.010018598022004763,0.03530147915109589,0.022821684946030974,0.47383240922600944,1,0,1,0,55.0,57087.4,54627.6,53303.3,53681.1,53463.9,-0.04308831721185415,-0.0242423243927977,-0.021302418557652122,4,0,>3
1240,usc000jug6,2013-09-14,2013.0,9.0,AK,"89 km SSW of Atka, Alaska",51.4341,-174.6338,24.76,5.4,mwb,reviewed,us,us,231,7.5,4.935497835497835,0.7,28.7137012987013,1,1.0,0.0,0.0,0.0,0.0,0.0,5.0,7.5,54627.6,57533.0,57533.0,576.4,2031.0,1313.0,27261.0,0.010018598022004763,0.03530147915109589,0.022821684946030974,0.47383240922600944,1,0,1,0,62.0,57087.4,54627.6,53303.3,53681.1,53463.9,-0.04308831721185415,-0.0242423243927977,-0.021302418557652122,4,0,>3
1241,usc000juxs,2013-09-15,2013.0,9.0,AK,"79 km SSW of Atka, Alaska",51.5597,-174.7377,25.09,4.8,mb,reviewed,us,us,231,7.5,4.935497835497835,0.7,28.7137012987013,1,1.0,0.0,0.0,0.0,0.0,0.0,5.0,7.5,54627.6,57533.0,57533.0,576.4,2031.0,1313.0,27261.0,0.010018598022004763,0.03530147915109589,0.022821684946030974,0.47383240922600944,1,0,1,0,56.0,57087.4,54627.6,53303.3,53681.1,53463.9,-0.04308831721185415,-0.0242423243927977,-0.021302418557652122,4,0,>3
1242,usb000jx4l,2013-09-21,2013.0,9.0,WY,"20 km W of Fort Washakie, Wyoming",42.9745,-109.128,76.2,4.8,mwr,reviewed,us,us,231,7.5,4.935497835497835,0.7,28.7137012987013,1,0.0,0.0,0.0,0.0,0.0,0.0,0.0,0.0,38408.7,39365.6,39365.6,713.2,2117.3,1872.9,18602.2,0.018117341028715428,0.05378553864287602,0.04757707236775256,0.4725496372467332,0,0,0,0,48.0,38085.0,38408.7,39287.2,40063.9,37853.5,0.008499409216226784,0.02287242213352704,-0.014455058359173758,0,1,0
1243,usb000k78r,2013-10-05,2013.0,10.0,AK,"93 km SE of Atka, Alaska",51.5964,-173.2453,24.6,5.0,mb,reviewed,us,us,231,7.5,4.935497835497835,0.7,28.7137012987013,1,1.0,0.0,0.0,0.0,0.0,0.0,5.0,7.5,54627.6,57533.0,57533.0,576.4,2031.0,1313.0,27261.0,0.010018598022004763,0.03530147915109589,0.022821684946030974,0.47383240922600944,1,0,1,0,58.0,57087.4,54627.6,53303.3,53681.1,53463.9,-0.04308831721185415,-0.0242423243927977,-0.021302418557652122,4,0,>3
1244,usc000kqp6,2013-10-29,2013.0,10.0,AK,"92 km SSE of Nikolski, Alaska",52.167,-168.3368,17.15,5.0,mb,reviewed,us,us,231,7.5,4.935497835497835,0.7,28.7137012987013,1,1.0,0.0,0.0,0.0,0.0,0.0,5.0,7.5,54627.6,57533.0,57533.0,576.4,2031.0,1313.0,27261.0,0.010018598022004763,0.03530147915109589,0.022821684946030974,0.47383240922600944,1,0,1,1,58.0,57087.4,54627.6,53303.3,53681.1,53463.9,-0.04308831721185415,-0.0242423243927977,-0.021302418557652122,4,0,>3
1245,usb000krrg,2013-11-02,2013.0,11.0,AK,"154 km S of False Pass, Alaska",53.475,-163.663,36.8,5.0,mwr,reviewed,ak,us,231,7.5,4.935497835497835,0.7,28.7137012987013,1,1.0,0.0,0.0,0.0,0.0,0.0,5.0,7.5,54627.6,57533.0,57533.0,576.4,2031.0,1313.0,27261.0,0.010018598022004763,0.03530147915109589,0.022821684946030974,0.47383240922600944,1,0,1,0,58.0,57087.4,54627.6,53303.3,53681.1,53463.9,-0.04308831721185415,-0.0242423243927977,-0.021302418557652122,4,0,>3
1246,usb000krw8,2013-11-03,2013.0,11.0,AK,"39 km NNE of King Cove, Alaska",55.403,-162.155,144.5,4.6,mb,reviewed,ak,us,231,7.5,4.935497835497835,0.7,28.7137012987013,1,1.0,0.0,0.0,0.0,0.0,0.0,5.0,7.5,54627.6,57533.0,57533.0,576.4,2031.0,1313.0,27261.0,0.010018598022004763,0.03530147915109589,0.022821684946030974,0.47383240922600944,1,0,0,0,51.0,57087.4,54627.6,53303.3,53681.1,53463.9,-0.04308831721185415,-0.0242423243927977,-0.021302418557652122,4,0,>3
1247,usb000kvef,2013-11-10,2013.0,11.0,AK,"85 km SSE of Nikolski, Alaska",52.218,-168.447,6.5,4.7,mb,reviewed,ak,us,231,7.5,4.935497835497835,0.7,28.7137012987013,1,1.0,0.0,0.0,0.0,0.0,0.0,5.0,7.5,54627.6,57533.0,57533.0,576.4,2031.0,1313.0,27261.0,0.010018598022004763,0.03530147915109589,0.022821684946030974,0.47383240922600944,1,0,1,1,55.0,57087.4,54627.6,53303.3,53681.1,53463.9,-0.04308831721185415,-0.0242423243927977,-0.021302418557652122,4,0,>3
1248,usb000kwl1,2013-11-13,2013.0,11.0,AK,"167 km WSW of Adak, Alaska",51.5477,-178.9984,20.0,5.8,mww,reviewed,us,us,231,7.5,4.935497835497835,0.7,28.7137012987013,1,1.0,0.0,0.0,0.0,0.0,0.0,5.0,7.5,54627.6,57533.0,57533.0,576.4,2031.0,1313.0,27261.0,0.010018598022004763,0.03530147915109589,0.022821684946030974,0.47383240922600944,1,0,1,1,66.0,57087.4,54627.6,53303.3,53681.1,53463.9,-0.04308831721185415,-0.0242423243927977,-0.021302418557652122,4,0,>3
1249,ak013er2arqu,2013-11-17,2013.0,11.0,AK,"32 km SW of Petersville, Alaska",62.3038,-151.2274,79.3,4.5,ml,reviewed,ak,ak,231,7.5,4.935497835497835,0.7,28.7137012987013,1,1.0,0.0,0.0,0.0,0.0,0.0,5.0,7.5,54627.6,57533.0,57533.0,576.4,2031.0,1313.0,27261.0,0.010018598022004763,0.03530147915109589,0.022821684946030974,0.47383240922600944,1,0,0,0,50.0,57087.4,54627.6,53303.3,53681.1,53463.9,-0.04308831721185415,-0.0242423243927977,-0.021302418557652122,4,0,>3
1250,ak013euf6n4y,2013-11-19,2013.0,11.0,AK,"41 km E of Yakutat, Alaska",59.5143,-138.9978,18.4,4.5,mw,reviewed,ak,ak,231,7.5,4.935497835497835,0.7,28.7137012987013,1,1.0,0.0,0.0,0.0,0.0,0.0,5.0,7.5,54627.6,57533.0,57533.0,576.4,2031.0,1313.0,27261.0,0.010018598022004763,0.03530147915109589,0.022821684946030974,0.47383240922600944,1,0,1,1,53.0,57087.4,54627.6,53303.3,53681.1,53463.9,-0.04308831721185415,-0.0242423243927977,-0.021302418557652122,4,0,>3
1251,usb000l2bz,2013-11-19,2013.0,11.0,AK,"87 km ESE of Adak, Alaska",51.6942,-175.4014,48.02,4.5,mb,reviewed,us,us,231,7.5,4.935497835497835,0.7,28.7137012987013,1,1.0,0.0,0.0,0.0,0.0,0.0,5.0,7.5,54627.6,57533.0,57533.0,576.4,2031.0,1313.0,27261.0,0.010018598022004763,0.03530147915109589,0.022821684946030974,0.47383240922600944,1,0,1,0,53.0,57087.4,54627.6,53303.3,53681.1,53463.9,-0.04308831721185415,-0.0242423243927977,-0.021302418557652122,4,0,>3
1252,usb000l6nc,2013-11-26,2013.0,11.0,OR,off the coast of Oregon,44.4816,-130.1127,10.0,4.5,mb,reviewed,us,us,231,7.5,4.935497835497835,0.7,28.7137012987013,1,0.0,0.0,0.0,0.0,0.0,0.0,0.0,0.0,189609.7,178975.4,178975.4,3977.7,6580.9,27048.9,116503.8,0.02222484207326817,0.03676985775698783,0.1511319432726509,0.6509486778629913,0,0,1,1,48.0,187352.4,189609.7,195808.2,205581.8,214769.3,0.012048417847863264,0.03269083807421245,0.13269152369314427,0,1,0
1253,usb000lbn5,2013-12-05,2013.0,12.0,AK,"153 km S of False Pass, Alaska",53.473,-163.547,47.3,4.6,mb,reviewed,ak,us,231,7.5,4.935497835497835,0.7,28.7137012987013,1,1.0,0.0,0.0,0.0,0.0,0.0,5.0,7.5,54627.6,57533.0,57533.0,576.4,2031.0,1313.0,27261.0,0.010018598022004763,0.03530147915109589,0.022821684946030974,0.47383240922600944,1,0,1,0,54.0,57087.4,54627.6,53303.3,53681.1,53463.9,-0.04308831721185415,-0.0242423243927977,-0.021302418557652122,4,0,>3
1254,ak013fo2n5iv,2013-12-07,2013.0,12.0,AK,"59 km WSW of Akhiok, Alaska",56.7434,-155.0699,54.5,5.4,mw,reviewed,ak,ak,231,7.5,4.935497835497835,0.7,28.7137012987013,1,1.0,0.0,0.0,0.0,0.0,0.0,5.0,7.5,54627.6,57533.0,57533.0,576.4,2031.0,1313.0,27261.0,0.010018598022004763,0.03530147915109589,0.022821684946030974,0.47383240922600944,1,0,1,0,62.0,57087.4,54627.6,53303.3,53681.1,53463.9,-0.04308831721185415,-0.0242423243927977,-0.021302418557652122,4,0,>3
1255,ak013fo81qf0,2013-12-07,2013.0,12.0,AK,"115 km SE of Perryville, Alaska",55.1842,-157.8381,28.3,5.1,mw,reviewed,ak,ak,231,7.5,4.935497835497835,0.7,28.7137012987013,1,1.0,0.0,0.0,0.0,0.0,0.0,5.0,7.5,54627.6,57533.0,57533.0,576.4,2031.0,1313.0,27261.0,0.010018598022004763,0.03530147915109589,0.022821684946030974,0.47383240922600944,1,0,1,0,59.0,57087.4,54627.6,53303.3,53681.1,53463.9,-0.04308831721185415,-0.0242423243927977,-0.021302418557652122,4,0,>3
1256,usb000ldeh,2013-12-07,2013.0,12.0,OK,"8 km SW of Arcadia, Oklahoma",35.6073,-97.3863,8.44,4.5,mwr,reviewed,tul,us,231,7.5,4.935497835497835,0.7,28.7137012987013,1,0.0,0.0,0.0,0.0,0.0,0.0,0.0,0.0,176086.8,184104.6,184104.6,3050.6,7056.0,16860.2,100702.4,0.016569928182131245,0.03832603856720582,0.09157946080651977,0.5469847032610808,0,0,1,1,48.0,172016.0,176086.8,186574.4,193792.6,190093.5,0.023665240442749445,0.0595592628181102,0.07954429292826046,0,1,0
1257,usc000lkzx,2013-12-15,2013.0,12.0,AK,"160 km WSW of Nikolski, Alaska",52.284,-170.975,26.1,4.7,mb,reviewed,ak,us,231,7.5,4.935497835497835,0.7,28.7137012987013,1,1.0,0.0,0.0,0.0,0.0,0.0,5.0,7.5,54627.6,57533.0,57533.0,576.4,2031.0,1313.0,27261.0,0.010018598022004763,0.03530147915109589,0.022821684946030974,0.47383240922600944,1,0,1,0,55.0,57087.4,54627.6,53303.3,53681.1,53463.9,-0.04308831721185415,-0.0242423243927977,-0.021302418557652122,4,0,>3
1258,nc72141176,2014-01-12,2014.0,1.0,CA,"8 km W of Cobb, California",38.8135,-122.8161667,1.9,4.53,mw,reviewed,nc,nc,199,6.8,4.89643216080402,0.0,30.090623115577888,1,2.0,1.0,257.0,710.8,160.0,1054.0,8.0,6.0,2428675.7,2342218.8,2342218.8,40819.5,80017.6,256305.8,1657390.6,0.01742770572928541,0.03416316187027447,0.10942863237200556,0.7076156164402746,1,0,1,1,53.300000000000004,2340335.3,2428675.7,2545979.5,2623711.7,2740550.3,0.03774689891657848,0.04829949095303247,0.1284134394723839,0,1,0
1259,usb000m22d,2014-01-16,2014.0,1.0,AK,"192 km WSW of Adak, Alaska",51.114,-179.118,25.2,5.0,mb,reviewed,ak,us,199,6.8,4.89643216080402,0.0,30.090623115577888,1,2.0,0.0,0.0,0.0,0.0,0.0,6.0,7.9,53303.3,56587.4,56587.4,545.9,2270.7,1557.9,27777.6,0.00964702389577892,0.040127307492480654,0.027530863761190655,0.4908795951042104,1,0,1,0,58.0,54627.6,53303.3,53681.1,53463.9,53550.9,-0.0242423243927977,0.007087741284310645,0.004645115780824049,4,0,>3
1260,usb000m3pk,2014-01-18,2014.0,1.0,AK,"45 km NNW of Atka, Alaska",52.591,-174.374,181.4,4.5,mb,reviewed,ak,us,199,6.8,4.89643216080402,0.0,30.090623115577888,1,2.0,0.0,0.0,0.0,0.0,0.0,6.0,7.9,53303.3,56587.4,56587.4,545.9,2270.7,1557.9,27777.6,0.00964702389577892,0.040127307492480654,0.027530863761190655,0.4908795951042104,1,0,0,0,50.0,54627.6,53303.3,53681.1,53463.9,53550.9,-0.0242423243927977,0.007087741284310645,0.004645115780824049,4,0,>3
1261,nc72145230,2014-01-23,2014.0,1.0,CA,"93 km WSW of Ferndale, California",40.411,-125.3411667,23.362,4.63,mw,reviewed,nc,nc,199,6.8,4.89643216080402,0.0,30.090623115577888,1,2.0,1.0,257.0,710.8,160.0,1054.0,8.0,6.0,2428675.7,2342218.8,2342218.8,40819.5,80017.6,256305.8,1657390.6,0.01742770572928541,0.03416316187027447,0.10942863237200556,0.7076156164402746,1,0,1,0,54.3,2340335.3,2428675.7,2545979.5,2623711.7,2740550.3,0.03774689891657848,0.04829949095303247,0.1284134394723839,0,1,0
1262,usc000mrzt,2014-02-17,2014.0,2.0,AK,"147 km S of False Pass, Alaska",53.5342,-163.579,28.69,5.0,mb,reviewed,us,us,199,6.8,4.89643216080402,0.0,30.090623115577888,1,2.0,0.0,0.0,0.0,0.0,0.0,6.0,7.9,53303.3,56587.4,56587.4,545.9,2270.7,1557.9,27777.6,0.00964702389577892,0.040127307492480654,0.027530863761190655,0.4908795951042104,1,0,1,0,58.0,54627.6,53303.3,53681.1,53463.9,53550.9,-0.0242423243927977,0.007087741284310645,0.004645115780824049,4,0,>3
1263,usc000mu1b,2014-02-20,2014.0,2.0,AK,"195 km W of Adak, Alaska",51.7335,-179.4599,87.04,4.7,mb,reviewed,us,us,199,6.8,4.89643216080402,0.0,30.090623115577888,1,2.0,0.0,0.0,0.0,0.0,0.0,6.0,7.9,53303.3,56587.4,56587.4,545.9,2270.7,1557.9,27777.6,0.00964702389577892,0.040127307492480654,0.027530863761190655,0.4908795951042104,1,0,0,0,52.0,54627.6,53303.3,53681.1,53463.9,53550.9,-0.0242423243927977,0.007087741284310645,0.004645115780824049,4,0,>3
1264,usc000mw5l,2014-02-22,2014.0,2.0,AK,"80 km SSE of Adak, Alaska",51.1824,-176.2993,25.81,4.8,mb,reviewed,us,us,199,6.8,4.89643216080402,0.0,30.090623115577888,1,2.0,0.0,0.0,0.0,0.0,0.0,6.0,7.9,53303.3,56587.4,56587.4,545.9,2270.7,1557.9,27777.6,0.00964702389577892,0.040127307492480654,0.027530863761190655,0.4908795951042104,1,0,1,0,56.0,54627.6,53303.3,53681.1,53463.9,53550.9,-0.0242423243927977,0.007087741284310645,0.004645115780824049,4,0,>3
1265,usc000mxpz,2014-02-25,2014.0,2.0,AK,"169 km E of Atka, Alaska",52.078,-171.739,43.0,4.8,mb,reviewed,ak,us,199,6.8,4.89643216080402,0.0,30.090623115577888,1,2.0,0.0,0.0,0.0,0.0,0.0,6.0,7.9,53303.3,56587.4,56587.4,545.9,2270.7,1557.9,27777.6,0.00964702389577892,0.040127307492480654,0.027530863761190655,0.4908795951042104,1,0,1,0,56.0,54627.6,53303.3,53681.1,53463.9,53550.9,-0.0242423243927977,0.007087741284310645,0.004645115780824049,4,0,>3
1266,usc000myb5,2014-02-26,2014.0,2.0,AK,"167 km WSW of Adak, Alaska",51.216,-178.805,22.2,4.8,mb,reviewed,ak,us,199,6.8,4.89643216080402,0.0,30.090623115577888,1,2.0,0.0,0.0,0.0,0.0,0.0,6.0,7.9,53303.3,56587.4,56587.4,545.9,2270.7,1557.9,27777.6,0.00964702389577892,0.040127307492480654,0.027530863761190655,0.4908795951042104,1,0,1,0,56.0,54627.6,53303.3,53681.1,53463.9,53550.9,-0.0242423243927977,0.007087741284310645,0.004645115780824049,4,0,>3
1267,usc000myqq,2014-02-26,2014.0,2.0,AK,"210 km WNW of Nikolski, Alaska",53.6047,-171.821,265.0,6.1,mww,reviewed,us,us,199,6.8,4.89643216080402,0.0,30.090623115577888,1,2.0,0.0,0.0,0.0,0.0,0.0,6.0,7.9,53303.3,56587.4,56587.4,545.9,2270.7,1557.9,27777.6,0.00964702389577892,0.040127307492480654,0.027530863761190655,0.4908795951042104,1,1,0,0,76.0,54627.6,53303.3,53681.1,53463.9,53550.9,-0.0242423243927977,0.007087741284310645,0.004645115780824049,4,0,>3
1268,usb000n1b3,2014-03-05,2014.0,3.0,CA,"246 km SSW of Avalon, California",31.3228,-119.4094,7.2,4.6,mb,reviewed,us,us,199,6.8,4.89643216080402,0.0,30.090623115577888,1,2.0,1.0,257.0,710.8,160.0,1054.0,8.0,6.0,2428675.7,2342218.8,2342218.8,40819.5,80017.6,256305.8,1657390.6,0.01742770572928541,0.03416316187027447,0.10942863237200556,0.7076156164402746,1,0,1,1,54.0,2340335.3,2428675.7,2545979.5,2623711.7,2740550.3,0.03774689891657848,0.04829949095303247,0.1284134394723839,0,1,0
1269,nc72182046,2014-03-10,2014.0,3.0,CA,"77 km WNW of Indianola, California",40.8286667,-125.1338333,16.441,6.8,mw,reviewed,nc,nc,199,6.8,4.89643216080402,0.0,30.090623115577888,1,2.0,1.0,257.0,710.8,160.0,1054.0,8.0,6.0,2428675.7,2342218.8,2342218.8,40819.5,80017.6,256305.8,1657390.6,0.01742770572928541,0.03416316187027447,0.10942863237200556,0.7076156164402746,1,1,1,1,86.0,2340335.3,2428675.7,2545979.5,2623711.7,2740550.3,0.03774689891657848,0.04829949095303247,0.1284134394723839,0,1,0
1270,usc000nah5,2014-03-13,2014.0,3.0,OR,"211 km WSW of Pistol River, Oregon",41.9039,-126.8982,10.0,5.5,mww,reviewed,us,us,199,6.8,4.89643216080402,0.0,30.090623115577888,1,0.0,0.0,0.0,0.0,0.0,0.0,0.0,0.0,195808.2,187837.6,187837.6,4014.6,7252.0,27223.5,123399.4,0.02137271770934041,0.0386078186688927,0.1449310468191672,0.6569472778613014,0,0,1,1,58.0,189609.7,195808.2,205581.8,214769.3,225534.5,0.03269083807421245,0.04991415068418981,0.15181335613115277,0,1,0
1271,usc000ncta,2014-03-15,2014.0,3.0,AK,"92 km SW of Atka, Alaska",51.588,-175.127,25.8,4.6,mb,reviewed,ak,us,199,6.8,4.89643216080402,0.0,30.090623115577888,1,2.0,0.0,0.0,0.0,0.0,0.0,6.0,7.9,53303.3,56587.4,56587.4,545.9,2270.7,1557.9,27777.6,0.00964702389577892,0.040127307492480654,0.027530863761190655,0.4908795951042104,1,0,1,0,54.0,54627.6,53303.3,53681.1,53463.9,53550.9,-0.0242423243927977,0.007087741284310645,0.004645115780824049,4,0,>3
1272,usc000nfdv,2014-03-18,2014.0,3.0,AK,"151 km SE of Akutan, Alaska",53.317,-163.948,4.7,4.7,mb,reviewed,ak,us,199,6.8,4.89643216080402,0.0,30.090623115577888,1,2.0,0.0,0.0,0.0,0.0,0.0,6.0,7.9,53303.3,56587.4,56587.4,545.9,2270.7,1557.9,27777.6,0.00964702389577892,0.040127307492480654,0.027530863761190655,0.4908795951042104,1,0,1,1,55.0,54627.6,53303.3,53681.1,53463.9,53550.9,-0.0242423243927977,0.007087741284310645,0.004645115780824049,4,0,>3
1273,uu60061837,2014-03-30,2014.0,3.0,WY,"22 km S of Mammoth, Wyoming",44.7721667,-110.6846667,5.62,4.83,mw,reviewed,uu,uu,199,6.8,4.89643216080402,0.0,30.090623115577888,1,0.0,0.0,0.0,0.0,0.0,0.0,0.0,0.0,39287.2,40573.9,40573.9,744.8,2332.5,1675.5,19558.7,0.018356628275812775,0.05748769529180089,0.041295019704785586,0.48205126941210974,0,0,1,1,51.3,38408.7,39287.2,40063.9,37853.5,37620.3,0.02287242213352704,0.01976979779673798,-0.042428577246533074,0,1,0
1274,ak0144vn0ngp,2014-04-16,2014.0,4.0,AK,"50 km N of Chase, Alaska",62.8937,-149.9118,83.0,5.1,mw,reviewed,ak,ak,199,6.8,4.89643216080402,0.0,30.090623115577888,1,2.0,0.0,0.0,0.0,0.0,0.0,6.0,7.9,53303.3,56587.4,56587.4,545.9,2270.7,1557.9,27777.6,0.00964702389577892,0.040127307492480654,0.027530863761190655,0.4908795951042104,1,0,0,0,56.0,54627.6,53303.3,53681.1,53463.9,53550.9,-0.0242423243927977,0.007087741284310645,0.004645115780824049,4,0,>3
1275,ak0144yx0r4n,2014-04-18,2014.0,4.0,AK,"22 km NE of Noatak, Alaska",67.7025,-162.5599,20.5,5.7,mw,reviewed,ak,ak,199,6.8,4.89643216080402,0.0,30.090623115577888,1,2.0,0.0,0.0,0.0,0.0,0.0,6.0,7.9,53303.3,56587.4,56587.4,545.9,2270.7,1557.9,27777.6,0.00964702389577892,0.040127307492480654,0.027530863761190655,0.4908795951042104,1,0,1,0,65.0,54627.6,53303.3,53681.1,53463.9,53550.9,-0.0242423243927977,0.007087741284310645,0.004645115780824049,4,0,>3
1276,ak0144yx3dwz,2014-04-18,2014.0,4.0,AK,"18 km NE of Noatak, Alaska",67.7023,-162.694,26.9,5.7,mw,reviewed,ak,ak,199,6.8,4.89643216080402,0.0,30.090623115577888,1,2.0,0.0,0.0,0.0,0.0,0.0,6.0,7.9,53303.3,56587.4,56587.4,545.9,2270.7,1557.9,27777.6,0.00964702389577892,0.040127307492480654,0.027530863761190655,0.4908795951042104,1,0,1,0,65.0,54627.6,53303.3,53681.1,53463.9,53550.9,-0.0242423243927977,0.007087741284310645,0.004645115780824049,4,0,>3
1277,ak01450emsv6,2014-04-19,2014.0,4.0,AK,"23 km ENE of Noatak, Alaska",67.6795,-162.478,18.0,5.0,mw,reviewed,ak,ak,199,6.8,4.89643216080402,0.0,30.090623115577888,1,2.0,0.0,0.0,0.0,0.0,0.0,6.0,7.9,53303.3,56587.4,56587.4,545.9,2270.7,1557.9,27777.6,0.00964702389577892,0.040127307492480654,0.027530863761190655,0.4908795951042104,1,0,1,1,58.0,54627.6,53303.3,53681.1,53463.9,53550.9,-0.0242423243927977,0.007087741284310645,0.004645115780824049,4,0,>3
1278,ak01450gb95m,2014-04-19,2014.0,4.0,AK,"26 km ENE of Noatak, Alaska",67.6595,-162.3922,9.7,4.6,ml,reviewed,ak,ak,199,6.8,4.89643216080402,0.0,30.090623115577888,1,2.0,0.0,0.0,0.0,0.0,0.0,6.0,7.9,53303.3,56587.4,56587.4,545.9,2270.7,1557.9,27777.6,0.00964702389577892,0.040127307492480654,0.027530863761190655,0.4908795951042104,1,0,1,1,54.0,54627.6,53303.3,53681.1,53463.9,53550.9,-0.0242423243927977,0.007087741284310645,0.004645115780824049,4,0,>3
1279,usb000psjy,2014-04-21,2014.0,4.0,AK,"45 km E of Adak, Alaska",51.844,-175.9782,54.15,5.4,mb,reviewed,us,us,199,6.8,4.89643216080402,0.0,30.090623115577888,1,2.0,0.0,0.0,0.0,0.0,0.0,6.0,7.9,53303.3,56587.4,56587.4,545.9,2270.7,1557.9,27777.6,0.00964702389577892,0.040127307492480654,0.027530863761190655,0.4908795951042104,1,0,1,0,62.0,54627.6,53303.3,53681.1,53463.9,53550.9,-0.0242423243927977,0.007087741284310645,0.004645115780824049,4,0,>3
1280,ak0145nks7br,2014-05-03,2014.0,5.0,AK,"30 km NE of Noatak, Alaska",67.736,-162.4051,26.1,4.9,mw,reviewed,ak,ak,199,6.8,4.89643216080402,0.0,30.090623115577888,1,2.0,0.0,0.0,0.0,0.0,0.0,6.0,7.9,53303.3,56587.4,56587.4,545.9,2270.7,1557.9,27777.6,0.00964702389577892,0.040127307492480654,0.027530863761190655,0.4908795951042104,1,0,1,0,57.0,54627.6,53303.3,53681.1,53463.9,53550.9,-0.0242423243927977,0.007087741284310645,0.004645115780824049,4,0,>3
1281,ak0145qswuta,2014-05-05,2014.0,5.0,AK,"21 km NNW of Moose Pass, Alaska",60.6519,-149.5602,38.2,4.5,mw,reviewed,ak,ak,199,6.8,4.89643216080402,0.0,30.090623115577888,1,2.0,0.0,0.0,0.0,0.0,0.0,6.0,7.9,53303.3,56587.4,56587.4,545.9,2270.7,1557.9,27777.6,0.00964702389577892,0.040127307492480654,0.027530863761190655,0.4908795951042104,1,0,1,0,53.0,54627.6,53303.3,53681.1,53463.9,53550.9,-0.0242423243927977,0.007087741284310645,0.004645115780824049,4,0,>3
1282,ak0145qxe8b6,2014-05-05,2014.0,5.0,AK,"19 km NE of Noatak, Alaska",67.7069,-162.6594,22.4,4.5,ml,reviewed,ak,ak,199,6.8,4.89643216080402,0.0,30.090623115577888,1,2.0,0.0,0.0,0.0,0.0,0.0,6.0,7.9,53303.3,56587.4,56587.4,545.9,2270.7,1557.9,27777.6,0.00964702389577892,0.040127307492480654,0.027530863761190655,0.4908795951042104,1,0,1,0,53.0,54627.6,53303.3,53681.1,53463.9,53550.9,-0.0242423243927977,0.007087741284310645,0.004645115780824049,4,0,>3
1283,ak0145z8amwh,2014-05-10,2014.0,5.0,AK,"23 km WNW of Happy Valley, Alaska",60.0101,-152.126,89.1,5.8,mw,reviewed,ak,ak,199,6.8,4.89643216080402,0.0,30.090623115577888,1,2.0,0.0,0.0,0.0,0.0,0.0,6.0,7.9,53303.3,56587.4,56587.4,545.9,2270.7,1557.9,27777.6,0.00964702389577892,0.040127307492480654,0.027530863761190655,0.4908795951042104,1,0,0,0,63.0,54627.6,53303.3,53681.1,53463.9,53550.9,-0.0242423243927977,0.007087741284310645,0.004645115780824049,4,0,>3
1284,usb000qjhw,2014-05-12,2014.0,5.0,OR,off the coast of Oregon,43.7071,-128.0971,10.0,5.1,mb,reviewed,us,us,199,6.8,4.89643216080402,0.0,30.090623115577888,1,0.0,0.0,0.0,0.0,0.0,0.0,0.0,0.0,195808.2,187837.6,187837.6,4014.6,7252.0,27223.5,123399.4,0.02137271770934041,0.0386078186688927,0.1449310468191672,0.6569472778613014,0,0,1,1,54.0,189609.7,195808.2,205581.8,214769.3,225534.5,0.03269083807421245,0.04991415068418981,0.15181335613115277,0,1,0
1285,ak01474j743m,2014-06-04,2014.0,6.0,AK,"63 km SW of Covenant Life, Alaska",58.9804,-136.7282,8.1,5.2,mw,reviewed,ak,ak,199,6.8,4.89643216080402,0.0,30.090623115577888,1,2.0,0.0,0.0,0.0,0.0,0.0,6.0,7.9,53303.3,56587.4,56587.4,545.9,2270.7,1557.9,27777.6,0.00964702389577892,0.040127307492480654,0.027530863761190655,0.4908795951042104,1,0,1,1,60.0,54627.6,53303.3,53681.1,53463.9,53550.9,-0.0242423243927977,0.007087741284310645,0.004645115780824049,4,0,>3
1286,ak01479djus2,2014-06-07,2014.0,6.0,AK,northern Alaska,67.7245,-162.375,18.6,5.8,mw,reviewed,ak,ak,199,6.8,4.89643216080402,0.0,30.090623115577888,1,2.0,0.0,0.0,0.0,0.0,0.0,6.0,7.9,53303.3,56587.4,56587.4,545.9,2270.7,1557.9,27777.6,0.00964702389577892,0.040127307492480654,0.027530863761190655,0.4908795951042104,1,0,1,1,66.0,54627.6,53303.3,53681.1,53463.9,53550.9,-0.0242423243927977,0.007087741284310645,0.004645115780824049,4,0,>3
1287,ak01479dkol0,2014-06-07,2014.0,6.0,AK,"30 km ENE of Noatak, Alaska",67.7139,-162.3436,17.1,4.5,ml,reviewed,ak,ak,199,6.8,4.89643216080402,0.0,30.090623115577888,1,2.0,0.0,0.0,0.0,0.0,0.0,6.0,7.9,53303.3,56587.4,56587.4,545.9,2270.7,1557.9,27777.6,0.00964702389577892,0.040127307492480654,0.027530863761190655,0.4908795951042104,1,0,1,1,53.0,54627.6,53303.3,53681.1,53463.9,53550.9,-0.0242423243927977,0.007087741284310645,0.004645115780824049,4,0,>3
1288,ak0147odwe1b,2014-06-16,2014.0,6.0,AK,"29 km ENE of Noatak, Alaska",67.6691,-162.3165,15.3,5.7,mw,reviewed,ak,ak,199,6.8,4.89643216080402,0.0,30.090623115577888,1,2.0,0.0,0.0,0.0,0.0,0.0,6.0,7.9,53303.3,56587.4,56587.4,545.9,2270.7,1557.9,27777.6,0.00964702389577892,0.040127307492480654,0.027530863761190655,0.4908795951042104,1,0,1,1,65.0,54627.6,53303.3,53681.1,53463.9,53550.9,-0.0242423243927977,0.007087741284310645,0.004645115780824049,4,0,>3
1289,ak0147pznycy,2014-06-17,2014.0,6.0,AK,"28 km N of Petersville, Alaska",62.7559,-150.7283,95.4,4.5,mw,reviewed,ak,ak,199,6.8,4.89643216080402,0.0,30.090623115577888,1,2.0,0.0,0.0,0.0,0.0,0.0,6.0,7.9,53303.3,56587.4,56587.4,545.9,2270.7,1557.9,27777.6,0.00964702389577892,0.040127307492480654,0.027530863761190655,0.4908795951042104,1,0,0,0,50.0,54627.6,53303.3,53681.1,53463.9,53550.9,-0.0242423243927977,0.007087741284310645,0.004645115780824049,4,0,>3
1290,usc000rip3,2014-06-20,2014.0,6.0,AK,"207 km ESE of Atka, Alaska",51.769,-171.254,41.9,5.4,mww,reviewed,ak,us,199,6.8,4.89643216080402,0.0,30.090623115577888,1,2.0,0.0,0.0,0.0,0.0,0.0,6.0,7.9,53303.3,56587.4,56587.4,545.9,2270.7,1557.9,27777.6,0.00964702389577892,0.040127307492480654,0.027530863761190655,0.4908795951042104,1,0,1,0,62.0,54627.6,53303.3,53681.1,53463.9,53550.9,-0.0242423243927977,0.007087741284310645,0.004645115780824049,4,0,>3
1291,usc000rjr7,2014-06-21,2014.0,6.0,AK,"195 km SSW of Adak, Alaska",50.371,-178.079,41.4,4.7,mb,reviewed,ak,us,199,6.8,4.89643216080402,0.0,30.090623115577888,1,2.0,0.0,0.0,0.0,0.0,0.0,6.0,7.9,53303.3,56587.4,56587.4,545.9,2270.7,1557.9,27777.6,0.00964702389577892,0.040127307492480654,0.027530863761190655,0.4908795951042104,1,0,1,0,55.0,54627.6,53303.3,53681.1,53463.9,53550.9,-0.0242423243927977,0.007087741284310645,0.004645115780824049,4,0,>3
1292,usc000rmbj,2014-06-26,2014.0,6.0,AK,"133 km WSW of Adak, Alaska",51.3845,-178.3885,50.88,5.0,mb,reviewed,us,us,199,6.8,4.89643216080402,0.0,30.090623115577888,1,2.0,0.0,0.0,0.0,0.0,0.0,6.0,7.9,53303.3,56587.4,56587.4,545.9,2270.7,1557.9,27777.6,0.00964702389577892,0.040127307492480654,0.027530863761190655,0.4908795951042104,1,0,1,0,58.0,54627.6,53303.3,53681.1,53463.9,53550.9,-0.0242423243927977,0.007087741284310645,0.004645115780824049,4,0,>3
1293,usc000rre6,2014-07-07,2014.0,7.0,AK,"155 km SE of King Cove, Alaska",53.9363,-160.9032,10.0,4.8,mb,reviewed,us,us,199,6.8,4.89643216080402,0.0,30.090623115577888,1,2.0,0.0,0.0,0.0,0.0,0.0,6.0,7.9,53303.3,56587.4,56587.4,545.9,2270.7,1557.9,27777.6,0.00964702389577892,0.040127307492480654,0.027530863761190655,0.4908795951042104,1,0,1,1,56.0,54627.6,53303.3,53681.1,53463.9,53550.9,-0.0242423243927977,0.007087741284310645,0.004645115780824049,4,0,>3
1294,usb000rta6,2014-07-15,2014.0,7.0,AK,"85 km E of Nikolski, Alaska",52.8809,-167.6007,29.95,5.1,mb,reviewed,us,us,199,6.8,4.89643216080402,0.0,30.090623115577888,1,2.0,0.0,0.0,0.0,0.0,0.0,6.0,7.9,53303.3,56587.4,56587.4,545.9,2270.7,1557.9,27777.6,0.00964702389577892,0.040127307492480654,0.027530863761190655,0.4908795951042104,1,0,1,0,59.0,54627.6,53303.3,53681.1,53463.9,53550.9,-0.0242423243927977,0.007087741284310645,0.004645115780824049,4,0,>3
1295,usb000rtdy,2014-07-16,2014.0,7.0,OR,"205 km W of Bandon, Oregon",43.407,-126.905,10.0,4.6,mwr,reviewed,us,us,199,6.8,4.89643216080402,0.0,30.090623115577888,1,0.0,0.0,0.0,0.0,0.0,0.0,0.0,0.0,195808.2,187837.6,187837.6,4014.6,7252.0,27223.5,123399.4,0.02137271770934041,0.0386078186688927,0.1449310468191672,0.6569472778613014,0,0,1,1,49.0,189609.7,195808.2,205581.8,214769.3,225534.5,0.03269083807421245,0.04991415068418981,0.15181335613115277,0,1,0
1296,ak0149guzic1,2014-07-25,2014.0,7.0,AK,"40 km WNW of Elfin Cove, Alaska",58.3354,-136.9711,10.0,6.0,mw,reviewed,ak,ak,199,6.8,4.89643216080402,0.0,30.090623115577888,1,2.0,0.0,0.0,0.0,0.0,0.0,6.0,7.9,53303.3,56587.4,56587.4,545.9,2270.7,1557.9,27777.6,0.00964702389577892,0.040127307492480654,0.027530863761190655,0.4908795951042104,1,1,1,1,78.0,54627.6,53303.3,53681.1,53463.9,53550.9,-0.0242423243927977,0.007087741284310645,0.004645115780824049,4,0,>3
1297,ak0149gv0jpr,2014-07-25,2014.0,7.0,AK,"32 km NW of Karluk, Alaska",57.7962,-154.7903,86.1,4.5,ml,reviewed,ak,ak,199,6.8,4.89643216080402,0.0,30.090623115577888,1,2.0,0.0,0.0,0.0,0.0,0.0,6.0,7.9,53303.3,56587.4,56587.4,545.9,2270.7,1557.9,27777.6,0.00964702389577892,0.040127307492480654,0.027530863761190655,0.4908795951042104,1,0,0,0,50.0,54627.6,53303.3,53681.1,53463.9,53550.9,-0.0242423243927977,0.007087741284310645,0.004645115780824049,4,0,>3
1298,ak0149gvdeo9,2014-07-25,2014.0,7.0,AK,"44 km W of Elfin Cove, Alaska",58.2313,-137.102,1.8,4.6,mw,reviewed,ak,ak,199,6.8,4.89643216080402,0.0,30.090623115577888,1,2.0,0.0,0.0,0.0,0.0,0.0,6.0,7.9,53303.3,56587.4,56587.4,545.9,2270.7,1557.9,27777.6,0.00964702389577892,0.040127307492480654,0.027530863761190655,0.4908795951042104,1,0,1,1,54.0,54627.6,53303.3,53681.1,53463.9,53550.9,-0.0242423243927977,0.007087741284310645,0.004645115780824049,4,0,>3
1299,usb000rypl,2014-07-30,2014.0,7.0,AK,"147 km WSW of Nikolski, Alaska",52.4086,-170.8545,56.12,4.7,mb,reviewed,us,us,199,6.8,4.89643216080402,0.0,30.090623115577888,1,2.0,0.0,0.0,0.0,0.0,0.0,6.0,7.9,53303.3,56587.4,56587.4,545.9,2270.7,1557.9,27777.6,0.00964702389577892,0.040127307492480654,0.027530863761190655,0.4908795951042104,1,0,1,0,55.0,54627.6,53303.3,53681.1,53463.9,53550.9,-0.0242423243927977,0.007087741284310645,0.004645115780824049,4,0,>3
1300,usb000s1qr,2014-08-10,2014.0,8.0,AK,"150 km SE of Atka, Alaska",51.191,-172.752,21.9,5.0,mb,reviewed,ak,us,199,6.8,4.89643216080402,0.0,30.090623115577888,1,2.0,0.0,0.0,0.0,0.0,0.0,6.0,7.9,53303.3,56587.4,56587.4,545.9,2270.7,1557.9,27777.6,0.00964702389577892,0.040127307492480654,0.027530863761190655,0.4908795951042104,1,0,1,0,58.0,54627.6,53303.3,53681.1,53463.9,53550.9,-0.0242423243927977,0.007087741284310645,0.004645115780824049,4,0,>3
1301,ak014adv1x8g,2014-08-14,2014.0,8.0,AK,"58 km SE of Kokhanok, Alaska",59.083,-154.0258,130.4,4.6,mw,reviewed,ak,ak,199,6.8,4.89643216080402,0.0,30.090623115577888,1,2.0,0.0,0.0,0.0,0.0,0.0,6.0,7.9,53303.3,56587.4,56587.4,545.9,2270.7,1557.9,27777.6,0.00964702389577892,0.040127307492480654,0.027530863761190655,0.4908795951042104,1,0,0,0,51.0,54627.6,53303.3,53681.1,53463.9,53550.9,-0.0242423243927977,0.007087741284310645,0.004645115780824049,4,0,>3
1302,nc72282711,2014-08-24,2014.0,8.0,CA,"The 2014 South Napa, California Earthquake",38.2151667,-122.3123333,11.12,6.02,mw,reviewed,nc,nc,199,6.8,4.89643216080402,0.0,30.090623115577888,1,2.0,1.0,257.0,710.8,160.0,1054.0,8.0,6.0,2428675.7,2342218.8,2342218.8,40819.5,80017.6,256305.8,1657390.6,0.01742770572928541,0.03416316187027447,0.10942863237200556,0.7076156164402746,1,1,1,1,78.19999999999999,2340335.3,2428675.7,2545979.5,2623711.7,2740550.3,0.03774689891657848,0.04829949095303247,0.1284134394723839,0,1,0
1303,ak014azd2qdx,2014-08-27,2014.0,8.0,AK,"147 km S of Cordova, Alaska",59.2244,-145.5944,28.2,5.1,mw,reviewed,ak,ak,199,6.8,4.89643216080402,0.0,30.090623115577888,1,2.0,0.0,0.0,0.0,0.0,0.0,6.0,7.9,53303.3,56587.4,56587.4,545.9,2270.7,1557.9,27777.6,0.00964702389577892,0.040127307492480654,0.027530863761190655,0.4908795951042104,1,0,1,0,59.0,54627.6,53303.3,53681.1,53463.9,53550.9,-0.0242423243927977,0.007087741284310645,0.004645115780824049,4,0,>3
1304,ak014b5xf1in,2014-08-31,2014.0,8.0,AK,"14 km E of Minto, Alaska",65.1526,-149.0398,16.6,5.2,mw,reviewed,ak,ak,199,6.8,4.89643216080402,0.0,30.090623115577888,1,2.0,0.0,0.0,0.0,0.0,0.0,6.0,7.9,53303.3,56587.4,56587.4,545.9,2270.7,1557.9,27777.6,0.00964702389577892,0.040127307492480654,0.027530863761190655,0.4908795951042104,1,0,1,1,60.0,54627.6,53303.3,53681.1,53463.9,53550.9,-0.0242423243927977,0.007087741284310645,0.004645115780824049,4,0,>3
1305,usb000scsi,2014-09-15,2014.0,9.0,CA,"Baja California, Mexico",30.5637,-114.2865,5.23,4.6,mb,reviewed,us,us,199,6.8,4.89643216080402,0.0,30.090623115577888,1,2.0,1.0,257.0,710.8,160.0,1054.0,8.0,6.0,2428675.7,2342218.8,2342218.8,40819.5,80017.6,256305.8,1657390.6,0.01742770572928541,0.03416316187027447,0.10942863237200556,0.7076156164402746,1,0,1,1,54.0,2340335.3,2428675.7,2545979.5,2623711.7,2740550.3,0.03774689891657848,0.04829949095303247,0.1284134394723839,0,1,0
1306,usb000sdk5,2014-09-17,2014.0,9.0,AK,"53 km SW of Adak, Alaska",51.5183,-177.1455,49.26,4.6,mb,reviewed,us,us,199,6.8,4.89643216080402,0.0,30.090623115577888,1,2.0,0.0,0.0,0.0,0.0,0.0,6.0,7.9,53303.3,56587.4,56587.4,545.9,2270.7,1557.9,27777.6,0.00964702389577892,0.040127307492480654,0.027530863761190655,0.4908795951042104,1,0,1,0,54.0,54627.6,53303.3,53681.1,53463.9,53550.9,-0.0242423243927977,0.007087741284310645,0.004645115780824049,4,0,>3
1307,ak014c9ou8yz,2014-09-24,2014.0,9.0,AK,"33 km NW of Valdez, Alaska",61.353,-146.778,27.4,4.5,ml,reviewed,ak,ak,199,6.8,4.89643216080402,0.0,30.090623115577888,1,2.0,0.0,0.0,0.0,0.0,0.0,6.0,7.9,53303.3,56587.4,56587.4,545.9,2270.7,1557.9,27777.6,0.00964702389577892,0.040127307492480654,0.027530863761190655,0.4908795951042104,1,0,1,0,53.0,54627.6,53303.3,53681.1,53463.9,53550.9,-0.0242423243927977,0.007087741284310645,0.004645115780824049,4,0,>3
1308,ak014cbigci8,2014-09-25,2014.0,9.0,AK,"22 km WSW of Skwentna, Alaska",61.9449,-151.816,108.9,6.2,ml,reviewed,ak,ak,199,6.8,4.89643216080402,0.0,30.090623115577888,1,2.0,0.0,0.0,0.0,0.0,0.0,6.0,7.9,53303.3,56587.4,56587.4,545.9,2270.7,1557.9,27777.6,0.00964702389577892,0.040127307492480654,0.027530863761190655,0.4908795951042104,1,1,0,0,77.0,54627.6,53303.3,53681.1,53463.9,53550.9,-0.0242423243927977,0.007087741284310645,0.004645115780824049,4,0,>3
1309,ak014cel7dzx,2014-09-27,2014.0,9.0,AK,"16 km S of Susitna North, Alaska",62.0132,-149.8199,46.7,4.9,ml,reviewed,ak,ak,199,6.8,4.89643216080402,0.0,30.090623115577888,1,2.0,0.0,0.0,0.0,0.0,0.0,6.0,7.9,53303.3,56587.4,56587.4,545.9,2270.7,1557.9,27777.6,0.00964702389577892,0.040127307492480654,0.027530863761190655,0.4908795951042104,1,0,1,0,57.0,54627.6,53303.3,53681.1,53463.9,53550.9,-0.0242423243927977,0.007087741284310645,0.004645115780824049,4,0,>3
1310,usb000sgv6,2014-09-28,2014.0,9.0,AK,"253 km S of False Pass, Alaska",52.6191,-162.6994,11.83,4.8,mb,reviewed,us,us,199,6.8,4.89643216080402,0.0,30.090623115577888,1,2.0,0.0,0.0,0.0,0.0,0.0,6.0,7.9,53303.3,56587.4,56587.4,545.9,2270.7,1557.9,27777.6,0.00964702389577892,0.040127307492480654,0.027530863761190655,0.4908795951042104,1,0,1,1,56.0,54627.6,53303.3,53681.1,53463.9,53550.9,-0.0242423243927977,0.007087741284310645,0.004645115780824049,4,0,>3
1311,ak014ddck120,2014-10-18,2014.0,10.0,AK,"25 km ESE of Clam Gulch, Alaska",60.1385,-150.9798,65.3,4.5,mw,reviewed,ak,ak,199,6.8,4.89643216080402,0.0,30.090623115577888,1,2.0,0.0,0.0,0.0,0.0,0.0,6.0,7.9,53303.3,56587.4,56587.4,545.9,2270.7,1557.9,27777.6,0.00964702389577892,0.040127307492480654,0.027530863761190655,0.4908795951042104,1,0,1,0,53.0,54627.6,53303.3,53681.1,53463.9,53550.9,-0.0242423243927977,0.007087741284310645,0.004645115780824049,4,0,>3
1312,ak014ddhbri8,2014-10-18,2014.0,10.0,AK,"129 km SSE of Perryville, Alaska",54.86,-158.2781,8.4,4.7,mb,reviewed,ak,ak,199,6.8,4.89643216080402,0.0,30.090623115577888,1,2.0,0.0,0.0,0.0,0.0,0.0,6.0,7.9,53303.3,56587.4,56587.4,545.9,2270.7,1557.9,27777.6,0.00964702389577892,0.040127307492480654,0.027530863761190655,0.4908795951042104,1,0,1,1,55.0,54627.6,53303.3,53681.1,53463.9,53550.9,-0.0242423243927977,0.007087741284310645,0.004645115780824049,4,0,>3
1313,ak014di87vgp,2014-10-21,2014.0,10.0,AK,"14 km E of Minto, Alaska",65.1489,-149.0413,13.1,4.9,mw,reviewed,ak,ak,199,6.8,4.89643216080402,0.0,30.090623115577888,1,2.0,0.0,0.0,0.0,0.0,0.0,6.0,7.9,53303.3,56587.4,56587.4,545.9,2270.7,1557.9,27777.6,0.00964702389577892,0.040127307492480654,0.027530863761190655,0.4908795951042104,1,0,1,1,57.0,54627.6,53303.3,53681.1,53463.9,53550.9,-0.0242423243927977,0.007087741284310645,0.004645115780824049,4,0,>3
1314,ak014dlss56k,2014-10-23,2014.0,10.0,AK,"14 km E of Minto, Alaska",65.1644,-149.0523,20.1,5.0,mw,reviewed,ak,ak,199,6.8,4.89643216080402,0.0,30.090623115577888,1,2.0,0.0,0.0,0.0,0.0,0.0,6.0,7.9,53303.3,56587.4,56587.4,545.9,2270.7,1557.9,27777.6,0.00964702389577892,0.040127307492480654,0.027530863761190655,0.4908795951042104,1,0,1,0,58.0,54627.6,53303.3,53681.1,53463.9,53550.9,-0.0242423243927977,0.007087741284310645,0.004645115780824049,4,0,>3
1315,ak014e7alxdm,2014-11-05,2014.0,11.0,AK,"32 km SSW of Covenant Life, Alaska",59.1626,-136.3071,5.5,4.9,mw,reviewed,ak,ak,199,6.8,4.89643216080402,0.0,30.090623115577888,1,2.0,0.0,0.0,0.0,0.0,0.0,6.0,7.9,53303.3,56587.4,56587.4,545.9,2270.7,1557.9,27777.6,0.00964702389577892,0.040127307492480654,0.027530863761190655,0.4908795951042104,1,0,1,1,57.0,54627.6,53303.3,53681.1,53463.9,53550.9,-0.0242423243927977,0.007087741284310645,0.004645115780824049,4,0,>3
1316,nn00466248,2014-11-05,2014.0,11.0,CA,"44 km E of Fort Bidwell, California",41.9078,-119.6202,0.1,4.6,ml,reviewed,nn,nn,199,6.8,4.89643216080402,0.0,30.090623115577888,1,2.0,1.0,257.0,710.8,160.0,1054.0,8.0,6.0,2428675.7,2342218.8,2342218.8,40819.5,80017.6,256305.8,1657390.6,0.01742770572928541,0.03416316187027447,0.10942863237200556,0.7076156164402746,1,0,1,1,54.0,2340335.3,2428675.7,2545979.5,2623711.7,2740550.3,0.03774689891657848,0.04829949095303247,0.1284134394723839,0,1,0
1317,nn00466441,2014-11-06,2014.0,11.0,CA,"41 km E of Fort Bidwell, California",41.9061,-119.6573,5.2,4.7,ml,reviewed,nn,nn,199,6.8,4.89643216080402,0.0,30.090623115577888,1,2.0,1.0,257.0,710.8,160.0,1054.0,8.0,6.0,2428675.7,2342218.8,2342218.8,40819.5,80017.6,256305.8,1657390.6,0.01742770572928541,0.03416316187027447,0.10942863237200556,0.7076156164402746,1,0,1,1,55.0,2340335.3,2428675.7,2545979.5,2623711.7,2740550.3,0.03774689891657848,0.04829949095303247,0.1284134394723839,0,1,0
1318,nn00466648,2014-11-07,2014.0,11.0,CA,"43 km E of Fort Bidwell, California",41.8805,-119.6299,0.0,4.7,ml,reviewed,nn,nn,199,6.8,4.89643216080402,0.0,30.090623115577888,1,2.0,1.0,257.0,710.8,160.0,1054.0,8.0,6.0,2428675.7,2342218.8,2342218.8,40819.5,80017.6,256305.8,1657390.6,0.01742770572928541,0.03416316187027447,0.10942863237200556,0.7076156164402746,1,0,1,1,55.0,2340335.3,2428675.7,2545979.5,2623711.7,2740550.3,0.03774689891657848,0.04829949095303247,0.1284134394723839,0,1,0
1319,usc000swru,2014-11-12,2014.0,11.0,KS,"4 km ENE of Milan, Kansas",37.2713,-97.6206,4.03,4.9,mww,reviewed,us,us,199,6.8,4.89643216080402,0.0,30.090623115577888,1,0.0,0.0,0.0,0.0,0.0,0.0,0.0,0.0,154110.1,150276.1,150276.1,4924.3,5613.9,21541.6,95221.4,0.0327683510551578,0.03735723777766391,0.14334681296626675,0.633643007770364,0,0,1,1,52.0,150702.9,154110.1,158602.6,164643.7,166273.6,0.022608722194463488,0.029151236680788603,0.07892733831202497,0,1,0
1320,usb000sz9m,2014-11-23,2014.0,11.0,OR,off the coast of Oregon,43.8195,-128.5466,10.0,5.2,mww,reviewed,us,us,199,6.8,4.89643216080402,0.0,30.090623115577888,1,0.0,0.0,0.0,0.0,0.0,0.0,0.0,0.0,195808.2,187837.6,187837.6,4014.6,7252.0,27223.5,123399.4,0.02137271770934041,0.0386078186688927,0.1449310468191672,0.6569472778613014,0,0,1,1,55.0,189609.7,195808.2,205581.8,214769.3,225534.5,0.03269083807421245,0.04991415068418981,0.15181335613115277,0,1,0
1321,usb000szac,2014-11-23,2014.0,11.0,OR,off the coast of Oregon,43.8645,-128.4685,10.0,4.9,mb,reviewed,us,us,199,6.8,4.89643216080402,0.0,30.090623115577888,1,0.0,0.0,0.0,0.0,0.0,0.0,0.0,0.0,195808.2,187837.6,187837.6,4014.6,7252.0,27223.5,123399.4,0.02137271770934041,0.0386078186688927,0.1449310468191672,0.6569472778613014,0,0,1,1,52.0,189609.7,195808.2,205581.8,214769.3,225534.5,0.03269083807421245,0.04991415068418981,0.15181335613115277,0,1,0
1322,ak014fasfc4y,2014-11-29,2014.0,11.0,AK,"29 km NNE of Petersville, Alaska",62.7236,-150.4851,97.1,5.1,mw,reviewed,ak,ak,199,6.8,4.89643216080402,0.0,30.090623115577888,1,2.0,0.0,0.0,0.0,0.0,0.0,6.0,7.9,53303.3,56587.4,56587.4,545.9,2270.7,1557.9,27777.6,0.00964702389577892,0.040127307492480654,0.027530863761190655,0.4908795951042104,1,0,0,0,56.0,54627.6,53303.3,53681.1,53463.9,53550.9,-0.0242423243927977,0.007087741284310645,0.004645115780824049,4,0,>3
1323,usc000tbfq,2015-01-03,2015.0,1.0,ID,"9 km E of Challis, Idaho",44.5074,-114.112,8.5,5.0,mww,reviewed,us,us,240,6.9,4.938458333333333,1.0,29.0018375,1,0.0,0.0,0.0,0.0,0.0,0.0,0.0,0.0,67790.5,66064.9,66064.9,3623.9,3351.4,6932.7,42312.0,0.05485363634849974,0.05072890445607275,0.10493772033258206,0.6404611223206272,0,0,1,1,53.0,66784.9,67790.5,70442.5,72935.1,77652.1,0.015057295885746717,0.03912052573738208,0.14547171063792133,0,1,0
1324,usc000tgza,2015-01-18,2015.0,1.0,AK,"179 km WSW of Adak, Alaska",51.089,-178.888,28.5,4.5,mb,reviewed,ak,us,240,6.9,4.938458333333333,1.0,29.0018375,1,1.0,0.0,0.0,0.0,0.0,0.0,4.0,6.9,53681.1,51574.2,51574.2,517.0,2534.8,1783.2,28622.6,0.010024392040981732,0.04914860531040715,0.03457542724850798,0.5549790399075507,1,0,1,0,53.0,53303.3,53681.1,53463.9,53550.9,52479.6,0.007087741284310645,-0.004046116789708056,-0.02238217920273616,0,1,0
1325,nn00478560,2015-01-22,2015.0,1.0,CA,"43 km E of Fort Bidwell, California",41.8833,-119.6332,11.7,4.5,ml,reviewed,nn,nn,240,6.9,4.938458333333333,1.0,29.0018375,1,0.0,0.0,0.0,0.0,0.0,0.0,0.0,0.0,2545979.5,2487156.4,2487156.4,37907.7,91152.0,268522.9,1773479.1,0.015241381683918228,0.03664908246220463,0.10796381763527217,0.7130549168520324,0,0,1,1,48.0,2428675.7,2545979.5,2623711.7,2740550.3,2850970.3,0.04829949095303247,0.03053135345355302,0.1197931090961258,0,1,0
1326,nc72387946,2015-01-28,2015.0,1.0,CA,"40 km SW of Ferndale, California",40.3178333,-124.6066667,16.881,5.72,mw,reviewed,nc,nc,240,6.9,4.938458333333333,1.0,29.0018375,1,0.0,0.0,0.0,0.0,0.0,0.0,0.0,0.0,2545979.5,2487156.4,2487156.4,37907.7,91152.0,268522.9,1773479.1,0.015241381683918228,0.03664908246220463,0.10796381763527217,0.7130549168520324,0,0,1,1,60.199999999999996,2428675.7,2545979.5,2623711.7,2740550.3,2850970.3,0.04829949095303247,0.03053135345355302,0.1197931090961258,0,1,0
1327,usc000tkls,2015-01-31,2015.0,1.0,AK,"Pribilof Islands, Alaska region",56.6619,-169.0408,19.4,4.8,mb,reviewed,us,us,240,6.9,4.938458333333333,1.0,29.0018375,1,1.0,0.0,0.0,0.0,0.0,0.0,4.0,6.9,53681.1,51574.2,51574.2,517.0,2534.8,1783.2,28622.6,0.010024392040981732,0.04914860531040715,0.03457542724850798,0.5549790399075507,1,0,1,1,56.0,53303.3,53681.1,53463.9,53550.9,52479.6,0.007087741284310645,-0.004046116789708056,-0.02238217920273616,0,1,0
1328,usc000tkly,2015-01-31,2015.0,1.0,AK,"Pribilof Islands, Alaska region",56.6478,-168.9729,6.67,4.6,mb,reviewed,us,us,240,6.9,4.938458333333333,1.0,29.0018375,1,1.0,0.0,0.0,0.0,0.0,0.0,4.0,6.9,53681.1,51574.2,51574.2,517.0,2534.8,1783.2,28622.6,0.010024392040981732,0.04914860531040715,0.03457542724850798,0.5549790399075507,1,0,1,1,54.0,53303.3,53681.1,53463.9,53550.9,52479.6,0.007087741284310645,-0.004046116789708056,-0.02238217920273616,0,1,0
1329,usc000tkqa,2015-02-01,2015.0,2.0,AK,"28 km E of Saint George, Alaska",56.6399,-169.0803,10.0,5.1,mwb,reviewed,us,us,240,6.9,4.938458333333333,1.0,29.0018375,1,1.0,0.0,0.0,0.0,0.0,0.0,4.0,6.9,53681.1,51574.2,51574.2,517.0,2534.8,1783.2,28622.6,0.010024392040981732,0.04914860531040715,0.03457542724850798,0.5549790399075507,1,0,1,1,59.0,53303.3,53681.1,53463.9,53550.9,52479.6,0.007087741284310645,-0.004046116789708056,-0.02238217920273616,0,1,0
1330,usc000tkrm,2015-02-01,2015.0,2.0,AK,"25 km ENE of Saint George, Alaska",56.6568,-169.1363,10.0,5.3,mwb,reviewed,us,us,240,6.9,4.938458333333333,1.0,29.0018375,1,1.0,0.0,0.0,0.0,0.0,0.0,4.0,6.9,53681.1,51574.2,51574.2,517.0,2534.8,1783.2,28622.6,0.010024392040981732,0.04914860531040715,0.03457542724850798,0.5549790399075507,1,0,1,1,61.0,53303.3,53681.1,53463.9,53550.9,52479.6,0.007087741284310645,-0.004046116789708056,-0.02238217920273616,0,1,0
1331,usb000tnw8,2015-02-09,2015.0,2.0,AK,"33 km E of Saint George, Alaska",56.645,-169.0017,8.45,4.5,mb,reviewed,us,us,240,6.9,4.938458333333333,1.0,29.0018375,1,1.0,0.0,0.0,0.0,0.0,0.0,4.0,6.9,53681.1,51574.2,51574.2,517.0,2534.8,1783.2,28622.6,0.010024392040981732,0.04914860531040715,0.03457542724850798,0.5549790399075507,1,0,1,1,53.0,53303.3,53681.1,53463.9,53550.9,52479.6,0.007087741284310645,-0.004046116789708056,-0.02238217920273616,0,1,0
1332,nn00482627,2015-02-14,2015.0,2.0,NV,"51 km WNW of Beatty, Nevada",37.1418,-117.2618,17.0,4.8,ml,reviewed,nn,nn,240,6.9,4.938458333333333,1.0,29.0018375,1,0.0,0.0,0.0,0.0,0.0,0.0,0.0,0.0,151055.9,145786.8,145786.8,304.4,7531.2,5799.2,113199.4,0.0020879805304732666,0.05165899793396933,0.03977863565151303,0.7764722183352677,0,0,1,1,51.0,145303.6,151055.9,156007.4,163199.1,168638.5,0.039588145097574926,0.032779255891362075,0.11639796922861011,0,1,0
1333,usb000tq1a,2015-02-17,2015.0,2.0,AK,"127 km SE of Akutan, Alaska",53.3024,-164.4448,30.19,4.6,mb,reviewed,us,us,240,6.9,4.938458333333333,1.0,29.0018375,1,1.0,0.0,0.0,0.0,0.0,0.0,4.0,6.9,53681.1,51574.2,51574.2,517.0,2534.8,1783.2,28622.6,0.010024392040981732,0.04914860531040715,0.03457542724850798,0.5549790399075507,1,0,1,0,54.0,53303.3,53681.1,53463.9,53550.9,52479.6,0.007087741284310645,-0.004046116789708056,-0.02238217920273616,0,1,0
1334,ak01529eirts,2015-02-18,2015.0,2.0,AK,"43 km WNW of Elfin Cove, Alaska",58.3366,-137.0316,3.4,4.5,mw,reviewed,ak,ak,240,6.9,4.938458333333333,1.0,29.0018375,1,1.0,0.0,0.0,0.0,0.0,0.0,4.0,6.9,53681.1,51574.2,51574.2,517.0,2534.8,1783.2,28622.6,0.010024392040981732,0.04914860531040715,0.03457542724850798,0.5549790399075507,1,0,1,1,53.0,53303.3,53681.1,53463.9,53550.9,52479.6,0.007087741284310645,-0.004046116789708056,-0.02238217920273616,0,1,0
1335,usc000ttcc,2015-02-26,2015.0,2.0,AK,"201 km SSE of Adak, Alaska",50.1375,-175.8006,35.0,5.4,mb,reviewed,us,us,240,6.9,4.938458333333333,1.0,29.0018375,1,1.0,0.0,0.0,0.0,0.0,0.0,4.0,6.9,53681.1,51574.2,51574.2,517.0,2534.8,1783.2,28622.6,0.010024392040981732,0.04914860531040715,0.03457542724850798,0.5549790399075507,1,0,1,0,62.0,53303.3,53681.1,53463.9,53550.9,52479.6,0.007087741284310645,-0.004046116789708056,-0.02238217920273616,0,1,0
1336,ak0152xyw58h,2015-03-05,2015.0,3.0,AK,"38 km ENE of Chase, Alaska",62.6347,-149.4608,65.8,4.5,ml,reviewed,ak,ak,240,6.9,4.938458333333333,1.0,29.0018375,1,1.0,0.0,0.0,0.0,0.0,0.0,4.0,6.9,53681.1,51574.2,51574.2,517.0,2534.8,1783.2,28622.6,0.010024392040981732,0.04914860531040715,0.03457542724850798,0.5549790399075507,1,0,1,0,53.0,53303.3,53681.1,53463.9,53550.9,52479.6,0.007087741284310645,-0.004046116789708056,-0.02238217920273616,0,1,0
1337,usc000twdd,2015-03-07,2015.0,3.0,AK,"198 km SSE of Atka, Alaska",50.5075,-173.29,10.0,5.6,mww,reviewed,us,us,240,6.9,4.938458333333333,1.0,29.0018375,1,1.0,0.0,0.0,0.0,0.0,0.0,4.0,6.9,53681.1,51574.2,51574.2,517.0,2534.8,1783.2,28622.6,0.010024392040981732,0.04914860531040715,0.03457542724850798,0.5549790399075507,1,0,1,1,64.0,53303.3,53681.1,53463.9,53550.9,52479.6,0.007087741284310645,-0.004046116789708056,-0.02238217920273616,0,1,0
1338,us10001tx5,2015-04-04,2015.0,4.0,AK,"178 km SSE of Atka, Alaska",50.682,-173.3363,10.0,4.5,mb,reviewed,us,us,240,6.9,4.938458333333333,1.0,29.0018375,1,1.0,0.0,0.0,0.0,0.0,0.0,4.0,6.9,53681.1,51574.2,51574.2,517.0,2534.8,1783.2,28622.6,0.010024392040981732,0.04914860531040715,0.03457542724850798,0.5549790399075507,1,0,1,1,53.0,53303.3,53681.1,53463.9,53550.9,52479.6,0.007087741284310645,-0.004046116789708056,-0.02238217920273616,0,1,0
1339,us2000258h,2015-04-09,2015.0,4.0,AK,"94 km ESE of Adak, Alaska",51.6647,-175.3147,49.24,4.5,mb,reviewed,us,us,240,6.9,4.938458333333333,1.0,29.0018375,1,1.0,0.0,0.0,0.0,0.0,0.0,4.0,6.9,53681.1,51574.2,51574.2,517.0,2534.8,1783.2,28622.6,0.010024392040981732,0.04914860531040715,0.03457542724850798,0.5549790399075507,1,0,1,0,53.0,53303.3,53681.1,53463.9,53550.9,52479.6,0.007087741284310645,-0.004046116789708056,-0.02238217920273616,0,1,0
1340,us200025qi,2015-04-10,2015.0,4.0,CA,"161 km W of Ferndale, California",40.418,-126.1568,19.88,4.7,mwr,reviewed,us,us,240,6.9,4.938458333333333,1.0,29.0018375,1,0.0,0.0,0.0,0.0,0.0,0.0,0.0,0.0,2545979.5,2487156.4,2487156.4,37907.7,91152.0,268522.9,1773479.1,0.015241381683918228,0.03664908246220463,0.10796381763527217,0.7130549168520324,0,0,1,1,50.0,2428675.7,2545979.5,2623711.7,2740550.3,2850970.3,0.04829949095303247,0.03053135345355302,0.1197931090961258,0,1,0
1341,us200028pd,2015-04-24,2015.0,4.0,AK,"82 km SW of Atka, Alaska",51.7761,-175.1827,51.48,5.3,mb,reviewed,us,us,240,6.9,4.938458333333333,1.0,29.0018375,1,1.0,0.0,0.0,0.0,0.0,0.0,4.0,6.9,53681.1,51574.2,51574.2,517.0,2534.8,1783.2,28622.6,0.010024392040981732,0.04914860531040715,0.03457542724850798,0.5549790399075507,1,0,1,0,61.0,53303.3,53681.1,53463.9,53550.9,52479.6,0.007087741284310645,-0.004046116789708056,-0.02238217920273616,0,1,0
1342,us200028pe,2015-04-24,2015.0,4.0,CA,"245 km W of Ferndale, California",40.4556,-127.1509,10.0,5.4,mww,reviewed,us,us,240,6.9,4.938458333333333,1.0,29.0018375,1,0.0,0.0,0.0,0.0,0.0,0.0,0.0,0.0,2545979.5,2487156.4,2487156.4,37907.7,91152.0,268522.9,1773479.1,0.015241381683918228,0.03664908246220463,0.10796381763527217,0.7130549168520324,0,0,1,1,57.0,2428675.7,2545979.5,2623711.7,2740550.3,2850970.3,0.04829949095303247,0.03053135345355302,0.1197931090961258,0,1,0
1343,ak01560swtbz,2015-05-11,2015.0,5.0,AK,"49 km SE of Cantwell, Alaska",63.0847,-148.2507,67.4,4.5,ml,reviewed,ak,ak,240,6.9,4.938458333333333,1.0,29.0018375,1,1.0,0.0,0.0,0.0,0.0,0.0,4.0,6.9,53681.1,51574.2,51574.2,517.0,2534.8,1783.2,28622.6,0.010024392040981732,0.04914860531040715,0.03457542724850798,0.5549790399075507,1,0,1,0,53.0,53303.3,53681.1,53463.9,53550.9,52479.6,0.007087741284310645,-0.004046116789708056,-0.02238217920273616,0,1,0
1344,us10002ayt,2015-05-20,2015.0,5.0,AK,"83 km S of Sand Point, Alaska",54.6014,-160.7204,32.24,4.7,mb,reviewed,us,us,240,6.9,4.938458333333333,1.0,29.0018375,1,1.0,0.0,0.0,0.0,0.0,0.0,4.0,6.9,53681.1,51574.2,51574.2,517.0,2534.8,1783.2,28622.6,0.010024392040981732,0.04914860531040715,0.03457542724850798,0.5549790399075507,1,0,1,0,55.0,53303.3,53681.1,53463.9,53550.9,52479.6,0.007087741284310645,-0.004046116789708056,-0.02238217920273616,0,1,0
1345,nn00495477,2015-05-22,2015.0,5.0,NV,"37 km SSW of Caliente, Nevada",37.2925,-114.6546,4.0,5.3,ml,reviewed,nn,nn,240,6.9,4.938458333333333,1.0,29.0018375,1,0.0,0.0,0.0,0.0,0.0,0.0,0.0,0.0,151055.9,145786.8,145786.8,304.4,7531.2,5799.2,113199.4,0.0020879805304732666,0.05165899793396933,0.03977863565151303,0.7764722183352677,0,0,1,1,56.0,145303.6,151055.9,156007.4,163199.1,168638.5,0.039588145097574926,0.032779255891362075,0.11639796922861011,0,1,0
1346,us10002ce5,2015-05-27,2015.0,5.0,AK,"99 km SSE of King Cove, Alaska",54.3035,-161.4927,33.28,4.6,mb,reviewed,us,us,240,6.9,4.938458333333333,1.0,29.0018375,1,1.0,0.0,0.0,0.0,0.0,0.0,4.0,6.9,53681.1,51574.2,51574.2,517.0,2534.8,1783.2,28622.6,0.010024392040981732,0.04914860531040715,0.03457542724850798,0.5549790399075507,1,0,1,0,54.0,53303.3,53681.1,53463.9,53550.9,52479.6,0.007087741284310645,-0.004046116789708056,-0.02238217920273616,0,1,0
1347,ak0156uj8rk3,2015-05-29,2015.0,5.0,AK,"117 km SSE of Ugashik, Alaska",56.594,-156.4301,72.6,6.8,mw,reviewed,ak,ak,240,6.9,4.938458333333333,1.0,29.0018375,1,1.0,0.0,0.0,0.0,0.0,0.0,4.0,6.9,53681.1,51574.2,51574.2,517.0,2534.8,1783.2,28622.6,0.010024392040981732,0.04914860531040715,0.03457542724850798,0.5549790399075507,1,1,0,0,83.0,53303.3,53681.1,53463.9,53550.9,52479.6,0.007087741284310645,-0.004046116789708056,-0.02238217920273616,0,1,0
1348,us20002kxa,2015-06-01,2015.0,6.0,OR,off the coast of Oregon,44.4584,-129.8114,10.0,5.8,mww,reviewed,us,us,240,6.9,4.938458333333333,1.0,29.0018375,1,0.0,0.0,0.0,0.0,0.0,0.0,0.0,0.0,205581.8,200592.6,200592.6,4121.1,7803.0,28678.0,132796.9,0.020544626272355013,0.03889974007017208,0.14296639058469754,0.6620229260700544,0,0,1,1,61.0,195808.2,205581.8,214769.3,225534.5,234308.3,0.04991415068418981,0.04469024008934643,0.13973270007364466,0,1,0
1349,us20002l01,2015-06-01,2015.0,6.0,OR,off the coast of Oregon,44.5389,-129.6521,10.0,5.4,mww,reviewed,us,us,240,6.9,4.938458333333333,1.0,29.0018375,1,0.0,0.0,0.0,0.0,0.0,0.0,0.0,0.0,205581.8,200592.6,200592.6,4121.1,7803.0,28678.0,132796.9,0.020544626272355013,0.03889974007017208,0.14296639058469754,0.6620229260700544,0,0,1,1,57.0,195808.2,205581.8,214769.3,225534.5,234308.3,0.04991415068418981,0.04469024008934643,0.13973270007364466,0,1,0
1350,us20002pax,2015-06-01,2015.0,6.0,OR,off the coast of Oregon,44.1977,-129.8272,10.0,5.2,mb,reviewed,us,us,240,6.9,4.938458333333333,1.0,29.0018375,1,0.0,0.0,0.0,0.0,0.0,0.0,0.0,0.0,205581.8,200592.6,200592.6,4121.1,7803.0,28678.0,132796.9,0.020544626272355013,0.03889974007017208,0.14296639058469754,0.6620229260700544,0,0,1,1,55.0,195808.2,205581.8,214769.3,225534.5,234308.3,0.04991415068418981,0.04469024008934643,0.13973270007364466,0,1,0
1351,us10002k5e,2015-06-19,2015.0,6.0,AK,"225 km W of Adak, Alaska",51.8843,-179.9092,113.56,4.7,mb,reviewed,us,us,240,6.9,4.938458333333333,1.0,29.0018375,1,1.0,0.0,0.0,0.0,0.0,0.0,4.0,6.9,53681.1,51574.2,51574.2,517.0,2534.8,1783.2,28622.6,0.010024392040981732,0.04914860531040715,0.03457542724850798,0.5549790399075507,1,0,0,0,52.0,53303.3,53681.1,53463.9,53550.9,52479.6,0.007087741284310645,-0.004046116789708056,-0.02238217920273616,0,1,0
1352,ak01581sc69w,2015-06-24,2015.0,6.0,AK,"46 km SW of Skwentna, Alaska",61.6644,-151.9621,114.2,5.8,mw,reviewed,ak,ak,240,6.9,4.938458333333333,1.0,29.0018375,1,1.0,0.0,0.0,0.0,0.0,0.0,4.0,6.9,53681.1,51574.2,51574.2,517.0,2534.8,1783.2,28622.6,0.010024392040981732,0.04914860531040715,0.03457542724850798,0.5549790399075507,1,0,0,0,63.0,53303.3,53681.1,53463.9,53550.9,52479.6,0.007087741284310645,-0.004046116789708056,-0.02238217920273616,0,1,0
1353,us10002m1f,2015-06-27,2015.0,6.0,AK,"147 km S of False Pass, Alaska",53.5437,-163.7202,14.61,5.0,mb,reviewed,us,us,240,6.9,4.938458333333333,1.0,29.0018375,1,1.0,0.0,0.0,0.0,0.0,0.0,4.0,6.9,53681.1,51574.2,51574.2,517.0,2534.8,1783.2,28622.6,0.010024392040981732,0.04914860531040715,0.03457542724850798,0.5549790399075507,1,0,1,1,58.0,53303.3,53681.1,53463.9,53550.9,52479.6,0.007087741284310645,-0.004046116789708056,-0.02238217920273616,0,1,0
1354,hv60968241,2015-06-28,2015.0,6.0,HI,"12 km SSE of Volcano, Hawaii",19.335,-155.2093333,7.714,5.2,ml,reviewed,hv,hv,240,6.9,4.938458333333333,1.0,29.0018375,1,0.0,0.0,0.0,0.0,0.0,0.0,0.0,0.0,83857.6,81410.2,81410.2,508.7,4656.9,1608.3,57241.3,0.0062486027549373425,0.057202905778391405,0.019755509751849278,0.7031219675175838,0,0,1,1,55.0,81304.9,83857.6,85670.4,87436.4,88836.4,0.03139663169132502,0.021617599358913064,0.0593720783804925,0,1,0
1355,us10002ngp,2015-07-04,2015.0,7.0,AK,"89 km SSE of Atka, Alaska",51.4283,-173.8221,18.83,5.2,mb,reviewed,us,us,240,6.9,4.938458333333333,1.0,29.0018375,1,1.0,0.0,0.0,0.0,0.0,0.0,4.0,6.9,53681.1,51574.2,51574.2,517.0,2534.8,1783.2,28622.6,0.010024392040981732,0.04914860531040715,0.03457542724850798,0.5549790399075507,1,0,1,1,60.0,53303.3,53681.1,53463.9,53550.9,52479.6,0.007087741284310645,-0.004046116789708056,-0.02238217920273616,0,1,0
1356,nn00501944,2015-07-16,2015.0,7.0,CA,"42 km E of Fort Bidwell, California",41.8986,-119.6367,10.1,4.6,ml,reviewed,nn,nn,240,6.9,4.938458333333333,1.0,29.0018375,1,0.0,0.0,0.0,0.0,0.0,0.0,0.0,0.0,2545979.5,2487156.4,2487156.4,37907.7,91152.0,268522.9,1773479.1,0.015241381683918228,0.03664908246220463,0.10796381763527217,0.7130549168520324,0,0,1,1,49.0,2428675.7,2545979.5,2623711.7,2740550.3,2850970.3,0.04829949095303247,0.03053135345355302,0.1197931090961258,0,1,0
1357,us20002ym9,2015-07-20,2015.0,7.0,CO,"51 km SW of Campo Pesquero el Colorado, Mexico",25.4348,-109.6859,10.0,4.6,mb,reviewed,us,us,240,6.9,4.938458333333333,1.0,29.0018375,1,0.0,0.0,0.0,0.0,0.0,0.0,0.0,0.0,330526.1,320895.9,320895.9,2801.9,17003.7,22353.7,227432.0,0.008731492050848888,0.05298821206503417,0.06966028546952453,0.7087407473887949,0,0,1,1,49.0,315399.0,330526.1,337685.2,350209.1,365204.5,0.047961788084299496,0.02165971159312392,0.10491879461258892,0,1,0
1358,nn00503760,2015-07-27,2015.0,7.0,CA,"43 km E of Fort Bidwell, California",41.8875,-119.6226,10.7,4.5,ml,reviewed,nn,nn,240,6.9,4.938458333333333,1.0,29.0018375,1,0.0,0.0,0.0,0.0,0.0,0.0,0.0,0.0,2545979.5,2487156.4,2487156.4,37907.7,91152.0,268522.9,1773479.1,0.015241381683918228,0.03664908246220463,0.10796381763527217,0.7130549168520324,0,0,1,1,48.0,2428675.7,2545979.5,2623711.7,2740550.3,2850970.3,0.04829949095303247,0.03053135345355302,0.1197931090961258,0,1,0
1359,us100032bk,2015-07-27,2015.0,7.0,AK,"51 km WSW of Nikolski, Alaska",52.7811,-169.5781,31.9,5.9,mb,reviewed,us,us,240,6.9,4.938458333333333,1.0,29.0018375,1,1.0,0.0,0.0,0.0,0.0,0.0,4.0,6.9,53681.1,51574.2,51574.2,517.0,2534.8,1783.2,28622.6,0.010024392040981732,0.04914860531040715,0.03457542724850798,0.5549790399075507,1,0,1,0,67.0,53303.3,53681.1,53463.9,53550.9,52479.6,0.007087741284310645,-0.004046116789708056,-0.02238217920273616,0,1,0
1360,us100032ca,2015-07-27,2015.0,7.0,AK,"66 km SSW of Nikolski, Alaska",52.3581,-169.0816,35.0,5.5,mb,reviewed,us,us,240,6.9,4.938458333333333,1.0,29.0018375,1,1.0,0.0,0.0,0.0,0.0,0.0,4.0,6.9,53681.1,51574.2,51574.2,517.0,2534.8,1783.2,28622.6,0.010024392040981732,0.04914860531040715,0.03457542724850798,0.5549790399075507,1,0,1,0,63.0,53303.3,53681.1,53463.9,53550.9,52479.6,0.007087741284310645,-0.004046116789708056,-0.02238217920273616,0,1,0
1361,us200030at,2015-07-27,2015.0,7.0,AK,"60 km SSW of Nikolski, Alaska",52.481,-169.3383,45.58,4.6,mb,reviewed,us,us,240,6.9,4.938458333333333,1.0,29.0018375,1,1.0,0.0,0.0,0.0,0.0,0.0,4.0,6.9,53681.1,51574.2,51574.2,517.0,2534.8,1783.2,28622.6,0.010024392040981732,0.04914860531040715,0.03457542724850798,0.5549790399075507,1,0,1,0,54.0,53303.3,53681.1,53463.9,53550.9,52479.6,0.007087741284310645,-0.004046116789708056,-0.02238217920273616,0,1,0
1362,us200030ax,2015-07-27,2015.0,7.0,AK,"71 km SSW of Nikolski, Alaska",52.3582,-169.301,36.32,4.7,mb,reviewed,us,us,240,6.9,4.938458333333333,1.0,29.0018375,1,1.0,0.0,0.0,0.0,0.0,0.0,4.0,6.9,53681.1,51574.2,51574.2,517.0,2534.8,1783.2,28622.6,0.010024392040981732,0.04914860531040715,0.03457542724850798,0.5549790399075507,1,0,1,0,55.0,53303.3,53681.1,53463.9,53550.9,52479.6,0.007087741284310645,-0.004046116789708056,-0.02238217920273616,0,1,0
1363,us200030b9,2015-07-27,2015.0,7.0,AK,"87 km SSW of Nikolski, Alaska",52.2335,-169.4231,21.86,5.4,mb,reviewed,us,us,240,6.9,4.938458333333333,1.0,29.0018375,1,1.0,0.0,0.0,0.0,0.0,0.0,4.0,6.9,53681.1,51574.2,51574.2,517.0,2534.8,1783.2,28622.6,0.010024392040981732,0.04914860531040715,0.03457542724850798,0.5549790399075507,1,0,1,0,62.0,53303.3,53681.1,53463.9,53550.9,52479.6,0.007087741284310645,-0.004046116789708056,-0.02238217920273616,0,1,0
1364,us200030bc,2015-07-27,2015.0,7.0,AK,"Fox Islands, Aleutian Islands, Alaska",52.2594,-169.2785,23.85,5.0,mb,reviewed,us,us,240,6.9,4.938458333333333,1.0,29.0018375,1,1.0,0.0,0.0,0.0,0.0,0.0,4.0,6.9,53681.1,51574.2,51574.2,517.0,2534.8,1783.2,28622.6,0.010024392040981732,0.04914860531040715,0.03457542724850798,0.5549790399075507,1,0,1,0,58.0,53303.3,53681.1,53463.9,53550.9,52479.6,0.007087741284310645,-0.004046116789708056,-0.02238217920273616,0,1,0
1365,us20003122,2015-07-28,2015.0,7.0,AK,"91 km SSW of Nikolski, Alaska",52.2065,-169.4714,20.0,5.3,mwb,reviewed,us,us,240,6.9,4.938458333333333,1.0,29.0018375,1,1.0,0.0,0.0,0.0,0.0,0.0,4.0,6.9,53681.1,51574.2,51574.2,517.0,2534.8,1783.2,28622.6,0.010024392040981732,0.04914860531040715,0.03457542724850798,0.5549790399075507,1,0,1,1,61.0,53303.3,53681.1,53463.9,53550.9,52479.6,0.007087741284310645,-0.004046116789708056,-0.02238217920273616,0,1,0
1366,ak0159nc9dk8,2015-07-29,2015.0,7.0,AK,"52 km ENE of Pedro Bay, Alaska",59.8935,-153.1962,119.3,6.4,mw,reviewed,ak,ak,240,6.9,4.938458333333333,1.0,29.0018375,1,1.0,0.0,0.0,0.0,0.0,0.0,4.0,6.9,53681.1,51574.2,51574.2,517.0,2534.8,1783.2,28622.6,0.010024392040981732,0.04914860531040715,0.03457542724850798,0.5549790399075507,1,1,0,0,79.0,53303.3,53681.1,53463.9,53550.9,52479.6,0.007087741284310645,-0.004046116789708056,-0.02238217920273616,0,1,0
1367,us200031d8,2015-07-29,2015.0,7.0,AK,"104 km SSW of Nikolski, Alaska",52.0523,-169.355,29.0,5.2,mwb,reviewed,us,us,240,6.9,4.938458333333333,1.0,29.0018375,1,1.0,0.0,0.0,0.0,0.0,0.0,4.0,6.9,53681.1,51574.2,51574.2,517.0,2534.8,1783.2,28622.6,0.010024392040981732,0.04914860531040715,0.03457542724850798,0.5549790399075507,1,0,1,0,60.0,53303.3,53681.1,53463.9,53550.9,52479.6,0.007087741284310645,-0.004046116789708056,-0.02238217920273616,0,1,0
1368,us10002wyl,2015-07-31,2015.0,7.0,AK,"70 km SW of Nikolski, Alaska",52.5877,-169.7356,51.92,4.8,mb,reviewed,us,us,240,6.9,4.938458333333333,1.0,29.0018375,1,1.0,0.0,0.0,0.0,0.0,0.0,4.0,6.9,53681.1,51574.2,51574.2,517.0,2534.8,1783.2,28622.6,0.010024392040981732,0.04914860531040715,0.03457542724850798,0.5549790399075507,1,0,1,0,56.0,53303.3,53681.1,53463.9,53550.9,52479.6,0.007087741284310645,-0.004046116789708056,-0.02238217920273616,0,1,0
1369,us10002y41,2015-08-05,2015.0,8.0,AK,"75 km SSW of Atka, Alaska",51.5576,-174.5664,43.91,4.7,mb,reviewed,us,us,240,6.9,4.938458333333333,1.0,29.0018375,1,1.0,0.0,0.0,0.0,0.0,0.0,4.0,6.9,53681.1,51574.2,51574.2,517.0,2534.8,1783.2,28622.6,0.010024392040981732,0.04914860531040715,0.03457542724850798,0.5549790399075507,1,0,1,0,55.0,53303.3,53681.1,53463.9,53550.9,52479.6,0.007087741284310645,-0.004046116789708056,-0.02238217920273616,0,1,0
1370,us100030gd,2015-08-08,2015.0,8.0,AK,"75 km SW of Nikolski, Alaska",52.4441,-169.6166,41.0,5.0,mb,reviewed,us,us,240,6.9,4.938458333333333,1.0,29.0018375,1,1.0,0.0,0.0,0.0,0.0,0.0,4.0,6.9,53681.1,51574.2,51574.2,517.0,2534.8,1783.2,28622.6,0.010024392040981732,0.04914860531040715,0.03457542724850798,0.5549790399075507,1,0,1,0,58.0,53303.3,53681.1,53463.9,53550.9,52479.6,0.007087741284310645,-0.004046116789708056,-0.02238217920273616,0,1,0
1371,us1000321k,2015-08-13,2015.0,8.0,CA,"264 km WSW of Crescent City, California",41.2922,-127.3103,10.0,4.5,mb,reviewed,us,us,240,6.9,4.938458333333333,1.0,29.0018375,1,0.0,0.0,0.0,0.0,0.0,0.0,0.0,0.0,2545979.5,2487156.4,2487156.4,37907.7,91152.0,268522.9,1773479.1,0.015241381683918228,0.03664908246220463,0.10796381763527217,0.7130549168520324,0,0,1,1,48.0,2428675.7,2545979.5,2623711.7,2740550.3,2850970.3,0.04829949095303247,0.03053135345355302,0.1197931090961258,0,1,0
1372,us100033f5,2015-08-19,2015.0,8.0,AK,"168 km S of False Pass, Alaska",53.3418,-163.4899,10.0,4.5,mb,reviewed,us,us,240,6.9,4.938458333333333,1.0,29.0018375,1,1.0,0.0,0.0,0.0,0.0,0.0,4.0,6.9,53681.1,51574.2,51574.2,517.0,2534.8,1783.2,28622.6,0.010024392040981732,0.04914860531040715,0.03457542724850798,0.5549790399075507,1,0,1,1,53.0,53303.3,53681.1,53463.9,53550.9,52479.6,0.007087741284310645,-0.004046116789708056,-0.02238217920273616,0,1,0
1373,us20003fy3,2015-09-03,2015.0,9.0,AK,"176 km S of Nikolski, Alaska",51.3676,-169.1637,24.21,4.6,mb,reviewed,us,us,240,6.9,4.938458333333333,1.0,29.0018375,1,1.0,0.0,0.0,0.0,0.0,0.0,4.0,6.9,53681.1,51574.2,51574.2,517.0,2534.8,1783.2,28622.6,0.010024392040981732,0.04914860531040715,0.03457542724850798,0.5549790399075507,1,0,1,0,54.0,53303.3,53681.1,53463.9,53550.9,52479.6,0.007087741284310645,-0.004046116789708056,-0.02238217920273616,0,1,0
1374,us20003g9a,2015-09-04,2015.0,9.0,AK,"97 km SSW of Atka, Alaska",51.4362,-174.9088,43.22,4.9,mb,reviewed,us,us,240,6.9,4.938458333333333,1.0,29.0018375,1,1.0,0.0,0.0,0.0,0.0,0.0,4.0,6.9,53681.1,51574.2,51574.2,517.0,2534.8,1783.2,28622.6,0.010024392040981732,0.04914860531040715,0.03457542724850798,0.5549790399075507,1,0,1,0,57.0,53303.3,53681.1,53463.9,53550.9,52479.6,0.007087741284310645,-0.004046116789708056,-0.02238217920273616,0,1,0
1375,us20003g9g,2015-09-04,2015.0,9.0,AK,"102 km SSW of Atka, Alaska",51.359,-174.8311,18.9,4.7,mb,reviewed,us,us,240,6.9,4.938458333333333,1.0,29.0018375,1,1.0,0.0,0.0,0.0,0.0,0.0,4.0,6.9,53681.1,51574.2,51574.2,517.0,2534.8,1783.2,28622.6,0.010024392040981732,0.04914860531040715,0.03457542724850798,0.5549790399075507,1,0,1,1,55.0,53303.3,53681.1,53463.9,53550.9,52479.6,0.007087741284310645,-0.004046116789708056,-0.02238217920273616,0,1,0
1376,us20003g9m,2015-09-04,2015.0,9.0,AK,"97 km SSW of Atka, Alaska",51.4273,-174.893,41.15,4.5,mb,reviewed,us,us,240,6.9,4.938458333333333,1.0,29.0018375,1,1.0,0.0,0.0,0.0,0.0,0.0,4.0,6.9,53681.1,51574.2,51574.2,517.0,2534.8,1783.2,28622.6,0.010024392040981732,0.04914860531040715,0.03457542724850798,0.5549790399075507,1,0,1,0,53.0,53303.3,53681.1,53463.9,53550.9,52479.6,0.007087741284310645,-0.004046116789708056,-0.02238217920273616,0,1,0
1377,us20003gl8,2015-09-05,2015.0,9.0,AK,"77 km SSW of Atka, Alaska",51.5128,-174.4467,48.01,5.2,mb,reviewed,us,us,240,6.9,4.938458333333333,1.0,29.0018375,1,1.0,0.0,0.0,0.0,0.0,0.0,4.0,6.9,53681.1,51574.2,51574.2,517.0,2534.8,1783.2,28622.6,0.010024392040981732,0.04914860531040715,0.03457542724850798,0.5549790399075507,1,0,1,0,60.0,53303.3,53681.1,53463.9,53550.9,52479.6,0.007087741284310645,-0.004046116789708056,-0.02238217920273616,0,1,0
1378,us20003gpu,2015-09-05,2015.0,9.0,AK,"156 km SSW of Atka, Alaska",50.8181,-174.6474,26.46,4.5,mb,reviewed,us,us,240,6.9,4.938458333333333,1.0,29.0018375,1,1.0,0.0,0.0,0.0,0.0,0.0,4.0,6.9,53681.1,51574.2,51574.2,517.0,2534.8,1783.2,28622.6,0.010024392040981732,0.04914860531040715,0.03457542724850798,0.5549790399075507,1,0,1,0,53.0,53303.3,53681.1,53463.9,53550.9,52479.6,0.007087741284310645,-0.004046116789708056,-0.02238217920273616,0,1,0
1379,us20003hq5,2015-09-10,2015.0,9.0,AK,"104 km SSW of Nikolski, Alaska",52.0985,-169.5349,20.0,6.0,mww,reviewed,us,us,240,6.9,4.938458333333333,1.0,29.0018375,1,1.0,0.0,0.0,0.0,0.0,0.0,4.0,6.9,53681.1,51574.2,51574.2,517.0,2534.8,1783.2,28622.6,0.010024392040981732,0.04914860531040715,0.03457542724850798,0.5549790399075507,1,1,1,1,78.0,53303.3,53681.1,53463.9,53550.9,52479.6,0.007087741284310645,-0.004046116789708056,-0.02238217920273616,0,1,0
1380,us20003hqf,2015-09-10,2015.0,9.0,AK,"101 km SW of Nikolski, Alaska",52.2441,-169.8266,10.0,4.6,mb,reviewed,us,us,240,6.9,4.938458333333333,1.0,29.0018375,1,1.0,0.0,0.0,0.0,0.0,0.0,4.0,6.9,53681.1,51574.2,51574.2,517.0,2534.8,1783.2,28622.6,0.010024392040981732,0.04914860531040715,0.03457542724850798,0.5549790399075507,1,0,1,1,54.0,53303.3,53681.1,53463.9,53550.9,52479.6,0.007087741284310645,-0.004046116789708056,-0.02238217920273616,0,1,0
1381,us10003kgq,2015-10-05,2015.0,10.0,AK,"180 km W of Adak, Alaska",51.9487,-179.2558,90.82,5.7,mww,reviewed,us,us,240,6.9,4.938458333333333,1.0,29.0018375,1,1.0,0.0,0.0,0.0,0.0,0.0,4.0,6.9,53681.1,51574.2,51574.2,517.0,2534.8,1783.2,28622.6,0.010024392040981732,0.04914860531040715,0.03457542724850798,0.5549790399075507,1,0,0,0,62.0,53303.3,53681.1,53463.9,53550.9,52479.6,0.007087741284310645,-0.004046116789708056,-0.02238217920273616,0,1,0
1382,us10003l1m,2015-10-07,2015.0,10.0,AK,"80 km SSE of Nikolski, Alaska",52.2555,-168.4638,9.33,5.1,mwb,reviewed,us,us,240,6.9,4.938458333333333,1.0,29.0018375,1,1.0,0.0,0.0,0.0,0.0,0.0,4.0,6.9,53681.1,51574.2,51574.2,517.0,2534.8,1783.2,28622.6,0.010024392040981732,0.04914860531040715,0.03457542724850798,0.5549790399075507,1,0,1,1,59.0,53303.3,53681.1,53463.9,53550.9,52479.6,0.007087741284310645,-0.004046116789708056,-0.02238217920273616,0,1,0
1383,us10003l46,2015-10-08,2015.0,10.0,AK,"221 km WSW of Adak, Alaska",51.1922,-179.628,46.35,4.9,mb,reviewed,us,us,240,6.9,4.938458333333333,1.0,29.0018375,1,1.0,0.0,0.0,0.0,0.0,0.0,4.0,6.9,53681.1,51574.2,51574.2,517.0,2534.8,1783.2,28622.6,0.010024392040981732,0.04914860531040715,0.03457542724850798,0.5549790399075507,1,0,1,0,57.0,53303.3,53681.1,53463.9,53550.9,52479.6,0.007087741284310645,-0.004046116789708056,-0.02238217920273616,0,1,0
1384,us10003pag,2015-10-17,2015.0,10.0,AK,"103 km S of False Pass, Alaska",53.9281,-163.2528,31.11,4.7,mb,reviewed,us,us,240,6.9,4.938458333333333,1.0,29.0018375,1,1.0,0.0,0.0,0.0,0.0,0.0,4.0,6.9,53681.1,51574.2,51574.2,517.0,2534.8,1783.2,28622.6,0.010024392040981732,0.04914860531040715,0.03457542724850798,0.5549790399075507,1,0,1,0,55.0,53303.3,53681.1,53463.9,53550.9,52479.6,0.007087741284310645,-0.004046116789708056,-0.02238217920273616,0,1,0
1385,us200041a0,2015-11-02,2015.0,11.0,AK,"90 km SE of Atka, Alaska",51.5815,-173.3339,13.0,5.8,mww,reviewed,us,us,240,6.9,4.938458333333333,1.0,29.0018375,1,1.0,0.0,0.0,0.0,0.0,0.0,4.0,6.9,53681.1,51574.2,51574.2,517.0,2534.8,1783.2,28622.6,0.010024392040981732,0.04914860531040715,0.03457542724850798,0.5549790399075507,1,0,1,1,66.0,53303.3,53681.1,53463.9,53550.9,52479.6,0.007087741284310645,-0.004046116789708056,-0.02238217920273616,0,1,0
1386,us200041a1,2015-11-02,2015.0,11.0,AK,"90 km SE of Atka, Alaska",51.5908,-173.3314,10.0,5.1,mb,reviewed,us,us,240,6.9,4.938458333333333,1.0,29.0018375,1,1.0,0.0,0.0,0.0,0.0,0.0,4.0,6.9,53681.1,51574.2,51574.2,517.0,2534.8,1783.2,28622.6,0.010024392040981732,0.04914860531040715,0.03457542724850798,0.5549790399075507,1,0,1,1,59.0,53303.3,53681.1,53463.9,53550.9,52479.6,0.007087741284310645,-0.004046116789708056,-0.02238217920273616,0,1,0
1387,us200041a3,2015-11-02,2015.0,11.0,AK,"95 km SE of Atka, Alaska",51.5608,-173.2709,10.0,5.3,mb,reviewed,us,us,240,6.9,4.938458333333333,1.0,29.0018375,1,1.0,0.0,0.0,0.0,0.0,0.0,4.0,6.9,53681.1,51574.2,51574.2,517.0,2534.8,1783.2,28622.6,0.010024392040981732,0.04914860531040715,0.03457542724850798,0.5549790399075507,1,0,1,1,61.0,53303.3,53681.1,53463.9,53550.9,52479.6,0.007087741284310645,-0.004046116789708056,-0.02238217920273616,0,1,0
1388,us200041ae,2015-11-02,2015.0,11.0,AK,"94 km SE of Atka, Alaska",51.5583,-173.2865,10.0,4.5,mb,reviewed,us,us,240,6.9,4.938458333333333,1.0,29.0018375,1,1.0,0.0,0.0,0.0,0.0,0.0,4.0,6.9,53681.1,51574.2,51574.2,517.0,2534.8,1783.2,28622.6,0.010024392040981732,0.04914860531040715,0.03457542724850798,0.5549790399075507,1,0,1,1,53.0,53303.3,53681.1,53463.9,53550.9,52479.6,0.007087741284310645,-0.004046116789708056,-0.02238217920273616,0,1,0
1389,us10003v2p,2015-11-06,2015.0,11.0,AK,"84 km SSW of Nikolski, Alaska",52.27,-169.449,18.83,5.3,mww,reviewed,us,us,240,6.9,4.938458333333333,1.0,29.0018375,1,1.0,0.0,0.0,0.0,0.0,0.0,4.0,6.9,53681.1,51574.2,51574.2,517.0,2534.8,1783.2,28622.6,0.010024392040981732,0.04914860531040715,0.03457542724850798,0.5549790399075507,1,0,1,1,61.0,53303.3,53681.1,53463.9,53550.9,52479.6,0.007087741284310645,-0.004046116789708056,-0.02238217920273616,0,1,0
1390,us10003v31,2015-11-06,2015.0,11.0,AK,"85 km SSW of Nikolski, Alaska",52.278,-169.4998,22.17,4.7,mb,reviewed,us,us,240,6.9,4.938458333333333,1.0,29.0018375,1,1.0,0.0,0.0,0.0,0.0,0.0,4.0,6.9,53681.1,51574.2,51574.2,517.0,2534.8,1783.2,28622.6,0.010024392040981732,0.04914860531040715,0.03457542724850798,0.5549790399075507,1,0,1,0,55.0,53303.3,53681.1,53463.9,53550.9,52479.6,0.007087741284310645,-0.004046116789708056,-0.02238217920273616,0,1,0
1391,us10003v7l,2015-11-06,2015.0,11.0,AK,"104 km SSW of Nikolski, Alaska",52.0276,-169.2611,10.0,4.5,mb,reviewed,us,us,240,6.9,4.938458333333333,1.0,29.0018375,1,1.0,0.0,0.0,0.0,0.0,0.0,4.0,6.9,53681.1,51574.2,51574.2,517.0,2534.8,1783.2,28622.6,0.010024392040981732,0.04914860531040715,0.03457542724850798,0.5549790399075507,1,0,1,1,53.0,53303.3,53681.1,53463.9,53550.9,52479.6,0.007087741284310645,-0.004046116789708056,-0.02238217920273616,0,1,0
1392,us10003vq1,2015-11-08,2015.0,11.0,AK,"117 km SE of Atka, Alaska",51.5002,-172.9113,16.0,5.6,mww,reviewed,us,us,240,6.9,4.938458333333333,1.0,29.0018375,1,1.0,0.0,0.0,0.0,0.0,0.0,4.0,6.9,53681.1,51574.2,51574.2,517.0,2534.8,1783.2,28622.6,0.010024392040981732,0.04914860531040715,0.03457542724850798,0.5549790399075507,1,0,1,1,64.0,53303.3,53681.1,53463.9,53550.9,52479.6,0.007087741284310645,-0.004046116789708056,-0.02238217920273616,0,1,0
1393,us10003vq9,2015-11-08,2015.0,11.0,AK,"111 km SE of Atka, Alaska",51.5345,-172.9785,20.0,5.7,mww,reviewed,us,us,240,6.9,4.938458333333333,1.0,29.0018375,1,1.0,0.0,0.0,0.0,0.0,0.0,4.0,6.9,53681.1,51574.2,51574.2,517.0,2534.8,1783.2,28622.6,0.010024392040981732,0.04914860531040715,0.03457542724850798,0.5549790399075507,1,0,1,1,65.0,53303.3,53681.1,53463.9,53550.9,52479.6,0.007087741284310645,-0.004046116789708056,-0.02238217920273616,0,1,0
1394,us10003w58,2015-11-09,2015.0,11.0,AK,"125 km SE of Atka, Alaska",51.4111,-172.9033,44.4,5.0,mb,reviewed,us,us,240,6.9,4.938458333333333,1.0,29.0018375,1,1.0,0.0,0.0,0.0,0.0,0.0,4.0,6.9,53681.1,51574.2,51574.2,517.0,2534.8,1783.2,28622.6,0.010024392040981732,0.04914860531040715,0.03457542724850798,0.5549790399075507,1,0,1,0,58.0,53303.3,53681.1,53463.9,53550.9,52479.6,0.007087741284310645,-0.004046116789708056,-0.02238217920273616,0,1,0
1395,us10003xv9,2015-11-09,2015.0,11.0,AK,"87 km SE of Atka, Alaska",51.5547,-173.4601,40.82,4.7,mb,reviewed,us,us,240,6.9,4.938458333333333,1.0,29.0018375,1,1.0,0.0,0.0,0.0,0.0,0.0,4.0,6.9,53681.1,51574.2,51574.2,517.0,2534.8,1783.2,28622.6,0.010024392040981732,0.04914860531040715,0.03457542724850798,0.5549790399075507,1,0,1,0,55.0,53303.3,53681.1,53463.9,53550.9,52479.6,0.007087741284310645,-0.004046116789708056,-0.02238217920273616,0,1,0
1396,us100048gz,2015-11-09,2015.0,11.0,AK,"75 km SE of Atka, Alaska",51.6702,-173.5042,44.14,4.7,mb,reviewed,us,us,240,6.9,4.938458333333333,1.0,29.0018375,1,1.0,0.0,0.0,0.0,0.0,0.0,4.0,6.9,53681.1,51574.2,51574.2,517.0,2534.8,1783.2,28622.6,0.010024392040981732,0.04914860531040715,0.03457542724850798,0.5549790399075507,1,0,1,0,55.0,53303.3,53681.1,53463.9,53550.9,52479.6,0.007087741284310645,-0.004046116789708056,-0.02238217920273616,0,1,0
1397,us10003xtq,2015-11-12,2015.0,11.0,AK,"97 km SW of Atka, Alaska",51.5005,-175.0682,39.43,5.2,mb,reviewed,us,us,240,6.9,4.938458333333333,1.0,29.0018375,1,1.0,0.0,0.0,0.0,0.0,0.0,4.0,6.9,53681.1,51574.2,51574.2,517.0,2534.8,1783.2,28622.6,0.010024392040981732,0.04914860531040715,0.03457542724850798,0.5549790399075507,1,0,1,0,60.0,53303.3,53681.1,53463.9,53550.9,52479.6,0.007087741284310645,-0.004046116789708056,-0.02238217920273616,0,1,0
1398,us10003z5i,2015-11-17,2015.0,11.0,AK,"121 km WSW of Adak, Alaska",51.4547,-178.261,49.83,4.7,mb,reviewed,us,us,240,6.9,4.938458333333333,1.0,29.0018375,1,1.0,0.0,0.0,0.0,0.0,0.0,4.0,6.9,53681.1,51574.2,51574.2,517.0,2534.8,1783.2,28622.6,0.010024392040981732,0.04914860531040715,0.03457542724850798,0.5549790399075507,1,0,1,0,55.0,53303.3,53681.1,53463.9,53550.9,52479.6,0.007087741284310645,-0.004046116789708056,-0.02238217920273616,0,1,0
1399,us1000424d,2015-11-30,2015.0,11.0,OK,"8 km E of Nescatunga, Oklahoma",36.7509,-98.0561,5.629,4.7,mwr,reviewed,tul,us,240,6.9,4.938458333333333,1.0,29.0018375,1,0.0,0.0,0.0,0.0,0.0,0.0,0.0,0.0,193792.6,187364.7,187364.7,3115.6,7287.7,17641.4,109418.8,0.016628532482372612,0.03889580054300516,0.09415540920995256,0.5839883393189859,0,0,1,1,50.0,186574.4,193792.6,190093.5,192538.6,196030.5,0.03868805152260981,-0.01908793215014405,0.011547912562192748,0,1,0
1400,ak015ffuk2jn,2015-12-02,2015.0,12.0,AK,"24 km ESE of Glacier View, Alaska",61.6966,-147.2622,36.6,4.5,mw,reviewed,ak,ak,240,6.9,4.938458333333333,1.0,29.0018375,1,1.0,0.0,0.0,0.0,0.0,0.0,4.0,6.9,53681.1,51574.2,51574.2,517.0,2534.8,1783.2,28622.6,0.010024392040981732,0.04914860531040715,0.03457542724850798,0.5549790399075507,1,0,1,0,53.0,53303.3,53681.1,53463.9,53550.9,52479.6,0.007087741284310645,-0.004046116789708056,-0.02238217920273616,0,1,0
1401,us20004h58,2015-12-14,2015.0,12.0,AK,"64 km E of Nikolski, Alaska",52.835,-167.9241,46.67,5.2,mb,reviewed,us,us,240,6.9,4.938458333333333,1.0,29.0018375,1,1.0,0.0,0.0,0.0,0.0,0.0,4.0,6.9,53681.1,51574.2,51574.2,517.0,2534.8,1783.2,28622.6,0.010024392040981732,0.04914860531040715,0.03457542724850798,0.5549790399075507,1,0,1,0,60.0,53303.3,53681.1,53463.9,53550.9,52479.6,0.007087741284310645,-0.004046116789708056,-0.02238217920273616,0,1,0
1402,us20004hal,2015-12-15,2015.0,12.0,AK,"79 km SSW of Atka, Alaska",51.5346,-174.6196,47.66,4.6,mb,reviewed,us,us,240,6.9,4.938458333333333,1.0,29.0018375,1,1.0,0.0,0.0,0.0,0.0,0.0,4.0,6.9,53681.1,51574.2,51574.2,517.0,2534.8,1783.2,28622.6,0.010024392040981732,0.04914860531040715,0.03457542724850798,0.5549790399075507,1,0,1,0,54.0,53303.3,53681.1,53463.9,53550.9,52479.6,0.007087741284310645,-0.004046116789708056,-0.02238217920273616,0,1,0
1403,nc72571010,2015-12-29,2015.0,12.0,CA,"96 km W of Trinidad, California",41.0703333,-125.286,16.86,4.87,mw,reviewed,nc,nc,240,6.9,4.938458333333333,1.0,29.0018375,1,0.0,0.0,0.0,0.0,0.0,0.0,0.0,0.0,2545979.5,2487156.4,2487156.4,37907.7,91152.0,268522.9,1773479.1,0.015241381683918228,0.03664908246220463,0.10796381763527217,0.7130549168520324,0,0,1,1,51.7,2428675.7,2545979.5,2623711.7,2740550.3,2850970.3,0.04829949095303247,0.03053135345355302,0.1197931090961258,0,1,0
1404,us10004bg7,2016-01-05,2016.0,1.0,AK,"114 km SSW of Nikolski, Alaska",52.0226,-169.6421,40.48,4.6,mb,reviewed,us,us,188,7.1,4.9091489361702125,1.48,34.24046808510638,1,1.0,0.0,0.0,0.0,4.0,0.0,7.0,7.1,53463.9,51121.8,51121.8,442.7,2462.9,1525.6,29651.7,0.008659710730060366,0.04817709861546346,0.02984245468665031,0.580020656549652,1,0,1,0,54.0,53681.1,53463.9,53550.9,52479.6,52377.5,-0.004046116789708056,0.0016272662488146206,-0.020320253479450646,4,0,>3
1405,us10004bys,2016-01-07,2016.0,1.0,AK,"88 km E of Adak, Alaska",51.775,-175.3586,44.42,5.1,mb,reviewed,us,us,188,7.1,4.9091489361702125,1.48,34.24046808510638,1,1.0,0.0,0.0,0.0,4.0,0.0,7.0,7.1,53463.9,51121.8,51121.8,442.7,2462.9,1525.6,29651.7,0.008659710730060366,0.04817709861546346,0.02984245468665031,0.580020656549652,1,0,1,0,59.0,53681.1,53463.9,53550.9,52479.6,52377.5,-0.004046116789708056,0.0016272662488146206,-0.020320253479450646,4,0,>3
1406,ak016tu367t,2016-01-18,2016.0,1.0,AK,"31 km SW of Trapper Creek, Alaska",62.1032,-150.64,10.1,4.5,mw,reviewed,ak,ak,188,7.1,4.9091489361702125,1.48,34.24046808510638,1,1.0,0.0,0.0,0.0,4.0,0.0,7.0,7.1,53463.9,51121.8,51121.8,442.7,2462.9,1525.6,29651.7,0.008659710730060366,0.04817709861546346,0.02984245468665031,0.580020656549652,1,0,1,1,53.0,53681.1,53463.9,53550.9,52479.6,52377.5,-0.004046116789708056,0.0016272662488146206,-0.020320253479450646,4,0,>3
1407,us10004fcs,2016-01-18,2016.0,1.0,AK,"181 km WSW of Nikolski, Alaska",52.1246,-171.1836,41.61,4.6,mb,reviewed,us,us,188,7.1,4.9091489361702125,1.48,34.24046808510638,1,1.0,0.0,0.0,0.0,4.0,0.0,7.0,7.1,53463.9,51121.8,51121.8,442.7,2462.9,1525.6,29651.7,0.008659710730060366,0.04817709861546346,0.02984245468665031,0.580020656549652,1,0,1,0,54.0,53681.1,53463.9,53550.9,52479.6,52377.5,-0.004046116789708056,0.0016272662488146206,-0.020320253479450646,4,0,>3
1408,us10004fi6,2016-01-19,2016.0,1.0,AK,"90 km ESE of Adak, Alaska",51.6432,-175.3735,45.51,4.5,mb,reviewed,us,us,188,7.1,4.9091489361702125,1.48,34.24046808510638,1,1.0,0.0,0.0,0.0,4.0,0.0,7.0,7.1,53463.9,51121.8,51121.8,442.7,2462.9,1525.6,29651.7,0.008659710730060366,0.04817709861546346,0.02984245468665031,0.580020656549652,1,0,1,0,53.0,53681.1,53463.9,53550.9,52479.6,52377.5,-0.004046116789708056,0.0016272662488146206,-0.020320253479450646,4,0,>3
1409,us10004gmw,2016-01-23,2016.0,1.0,OR,"153 km W of Langlois, Oregon",43.1417,-126.3146,20.45,4.9,mww,reviewed,us,us,188,7.1,4.9091489361702125,1.48,34.24046808510638,1,0.0,0.0,0.0,0.0,0.0,0.0,0.0,0.0,214769.3,211782.4,211782.4,4185.5,8926.6,29039.0,141568.1,0.019763209785137955,0.04214986703333233,0.1371171542111148,0.6684601742165543,0,0,1,0,52.0,205581.8,214769.3,225534.5,234308.3,239794.8,0.04469024008934643,0.05012448240972994,0.1165227059919644,0,1,0
1410,ak01613v15nv,2016-01-24,2016.0,1.0,AK,"47 km ESE of Pedro Bay, Alaska",59.6204,-153.3392,125.6,7.1,mw,reviewed,ak,ak,188,7.1,4.9091489361702125,1.48,34.24046808510638,1,1.0,0.0,0.0,0.0,4.0,0.0,7.0,7.1,53463.9,51121.8,51121.8,442.7,2462.9,1525.6,29651.7,0.008659710730060366,0.04817709861546346,0.02984245468665031,0.580020656549652,1,1,0,0,86.0,53681.1,53463.9,53550.9,52479.6,52377.5,-0.004046116789708056,0.0016272662488146206,-0.020320253479450646,4,0,>3
1411,us20004vq3,2016-01-30,2016.0,1.0,CA,"251 km W of Ferndale, California",40.9167,-127.2074,10.0,5.1,mww,reviewed,us,us,188,7.1,4.9091489361702125,1.48,34.24046808510638,1,0.0,0.0,0.0,0.0,0.0,0.0,0.0,0.0,2623711.7,2586485.2,2586485.2,37229.6,100803.8,272154.2,1848653.0,0.014393896396546169,0.03897327539318609,0.10522163436311176,0.7147355801610618,0,0,1,1,54.0,2545979.5,2623711.7,2740550.3,2850970.3,2969609.0,0.03053135345355302,0.04453179821548214,0.13183510215699376,0,1,0
1412,us20004wvh,2016-01-30,2016.0,1.0,OR,"236 km W of Bandon, Oregon",43.4443,-127.2908,10.0,4.6,mb,reviewed,us,us,188,7.1,4.9091489361702125,1.48,34.24046808510638,1,0.0,0.0,0.0,0.0,0.0,0.0,0.0,0.0,214769.3,211782.4,211782.4,4185.5,8926.6,29039.0,141568.1,0.019763209785137955,0.04214986703333233,0.1371171542111148,0.6684601742165543,0,0,1,1,49.0,205581.8,214769.3,225534.5,234308.3,239794.8,0.04469024008934643,0.05012448240972994,0.1165227059919644,0,1,0
1413,us20004zy8,2016-02-13,2016.0,2.0,OK,"18 km SE of Waynoka, Oklahoma",36.4898,-98.709,8.31,5.1,mww,reviewed,us,us,188,7.1,4.9091489361702125,1.48,34.24046808510638,1,1.0,0.0,0.0,20.0,0.0,50.0,6.0,5.0,190093.5,182238.8,182238.8,2477.5,7168.8,15416.6,110458.9,0.013594799790165433,0.03933739686608999,0.0845955965469483,0.6061217479482964,1,0,1,1,59.0,193792.6,190093.5,192538.6,196030.5,200072.2,-0.01908793215014405,0.012862617606598889,0.052493641287050904,2,1,2
1414,ak01622jjtzy,2016-02-14,2016.0,2.0,AK,"115 km SSE of Ugashik, Alaska",56.624,-156.4178,56.0,4.5,ml,reviewed,ak,ak,188,7.1,4.9091489361702125,1.48,34.24046808510638,1,1.0,0.0,0.0,0.0,4.0,0.0,7.0,7.1,53463.9,51121.8,51121.8,442.7,2462.9,1525.6,29651.7,0.008659710730060366,0.04817709861546346,0.02984245468665031,0.580020656549652,1,0,1,0,53.0,53681.1,53463.9,53550.9,52479.6,52377.5,-0.004046116789708056,0.0016272662488146206,-0.020320253479450646,4,0,>3
1415,ak0163bfjfdc,2016-03-12,2016.0,3.0,AK,"42 km WNW of Ninilchik, Alaska",60.2609,-152.3041,99.8,4.7,mw,reviewed,ak,ak,188,7.1,4.9091489361702125,1.48,34.24046808510638,1,1.0,0.0,0.0,0.0,4.0,0.0,7.0,7.1,53463.9,51121.8,51121.8,442.7,2462.9,1525.6,29651.7,0.008659710730060366,0.04817709861546346,0.02984245468665031,0.580020656549652,1,0,0,0,52.0,53681.1,53463.9,53550.9,52479.6,52377.5,-0.004046116789708056,0.0016272662488146206,-0.020320253479450646,4,0,>3
1416,us10004wzx,2016-03-12,2016.0,3.0,AK,"78 km S of Atka, Alaska",51.4967,-174.0267,37.59,4.5,mb,reviewed,us,us,188,7.1,4.9091489361702125,1.48,34.24046808510638,1,1.0,0.0,0.0,0.0,4.0,0.0,7.0,7.1,53463.9,51121.8,51121.8,442.7,2462.9,1525.6,29651.7,0.008659710730060366,0.04817709861546346,0.02984245468665031,0.580020656549652,1,0,1,0,53.0,53681.1,53463.9,53550.9,52479.6,52377.5,-0.004046116789708056,0.0016272662488146206,-0.020320253479450646,4,0,>3
1417,us10004x4k,2016-03-13,2016.0,3.0,AK,"83 km S of Atka, Alaska",51.4494,-174.0792,10.0,4.6,mb,reviewed,us,us,188,7.1,4.9091489361702125,1.48,34.24046808510638,1,1.0,0.0,0.0,0.0,4.0,0.0,7.0,7.1,53463.9,51121.8,51121.8,442.7,2462.9,1525.6,29651.7,0.008659710730060366,0.04817709861546346,0.02984245468665031,0.580020656549652,1,0,1,1,54.0,53681.1,53463.9,53550.9,52479.6,52377.5,-0.004046116789708056,0.0016272662488146206,-0.020320253479450646,4,0,>3
1418,us20005apm,2016-03-18,2016.0,3.0,AK,"85 km SSE of Atka, Alaska",51.5464,-173.5416,10.0,5.1,mb,reviewed,us,us,188,7.1,4.9091489361702125,1.48,34.24046808510638,1,1.0,0.0,0.0,0.0,4.0,0.0,7.0,7.1,53463.9,51121.8,51121.8,442.7,2462.9,1525.6,29651.7,0.008659710730060366,0.04817709861546346,0.02984245468665031,0.580020656549652,1,0,1,1,59.0,53681.1,53463.9,53550.9,52479.6,52377.5,-0.004046116789708056,0.0016272662488146206,-0.020320253479450646,4,0,>3
1419,us20005axl,2016-03-19,2016.0,3.0,AK,"90 km S of Atka, Alaska",51.3815,-174.2064,10.0,5.0,mb,reviewed,us,us,188,7.1,4.9091489361702125,1.48,34.24046808510638,1,1.0,0.0,0.0,0.0,4.0,0.0,7.0,7.1,53463.9,51121.8,51121.8,442.7,2462.9,1525.6,29651.7,0.008659710730060366,0.04817709861546346,0.02984245468665031,0.580020656549652,1,0,1,1,58.0,53681.1,53463.9,53550.9,52479.6,52377.5,-0.004046116789708056,0.0016272662488146206,-0.020320253479450646,4,0,>3
1420,us20005ayj,2016-03-19,2016.0,3.0,AK,"99 km S of Atka, Alaska",51.2981,-174.1776,16.88,4.5,mb,reviewed,us,us,188,7.1,4.9091489361702125,1.48,34.24046808510638,1,1.0,0.0,0.0,0.0,4.0,0.0,7.0,7.1,53463.9,51121.8,51121.8,442.7,2462.9,1525.6,29651.7,0.008659710730060366,0.04817709861546346,0.02984245468665031,0.580020656549652,1,0,1,1,53.0,53681.1,53463.9,53550.9,52479.6,52377.5,-0.004046116789708056,0.0016272662488146206,-0.020320253479450646,4,0,>3
1421,hv61207881,2016-03-20,2016.0,3.0,HI,"13 km SE of Waikoloa, Hawaii",19.8465,-155.6991667,30.413,4.59,ml,reviewed,hv,hv,188,7.1,4.9091489361702125,1.48,34.24046808510638,1,0.0,0.0,0.0,0.0,0.0,0.0,0.0,0.0,85670.4,84287.2,84287.2,451.1,5243.0,1537.4,58928.0,0.0053519395590315025,0.06220398826868137,0.01824001746409894,0.6991334390037871,0,0,1,0,48.9,83857.6,85670.4,87436.4,88836.4,88855.2,0.021617599358913064,0.020613887643806963,0.03717503361721205,0,1,0
1422,us20005byv,2016-03-23,2016.0,3.0,AK,"95 km SSE of Atka, Alaska",51.4747,-173.4573,10.0,4.7,mb,reviewed,us,us,188,7.1,4.9091489361702125,1.48,34.24046808510638,1,1.0,0.0,0.0,0.0,4.0,0.0,7.0,7.1,53463.9,51121.8,51121.8,442.7,2462.9,1525.6,29651.7,0.008659710730060366,0.04817709861546346,0.02984245468665031,0.580020656549652,1,0,1,1,55.0,53681.1,53463.9,53550.9,52479.6,52377.5,-0.004046116789708056,0.0016272662488146206,-0.020320253479450646,4,0,>3
1423,us20005c29,2016-03-23,2016.0,3.0,AK,"72 km SSE of False Pass, Alaska",54.2936,-162.8305,53.01,4.5,mb,reviewed,us,us,188,7.1,4.9091489361702125,1.48,34.24046808510638,1,1.0,0.0,0.0,0.0,4.0,0.0,7.0,7.1,53463.9,51121.8,51121.8,442.7,2462.9,1525.6,29651.7,0.008659710730060366,0.04817709861546346,0.02984245468665031,0.580020656549652,1,0,1,0,53.0,53681.1,53463.9,53550.9,52479.6,52377.5,-0.004046116789708056,0.0016272662488146206,-0.020320253479450646,4,0,>3
1424,us20005cr4,2016-03-27,2016.0,3.0,AK,"86 km S of Nikolski, Alaska",52.175,-168.6554,16.0,5.8,mww,reviewed,us,us,188,7.1,4.9091489361702125,1.48,34.24046808510638,1,1.0,0.0,0.0,0.0,4.0,0.0,7.0,7.1,53463.9,51121.8,51121.8,442.7,2462.9,1525.6,29651.7,0.008659710730060366,0.04817709861546346,0.02984245468665031,0.580020656549652,1,0,1,1,66.0,53681.1,53463.9,53550.9,52479.6,52377.5,-0.004046116789708056,0.0016272662488146206,-0.020320253479450646,4,0,>3
1425,us20005cr7,2016-03-27,2016.0,3.0,AK,"91 km S of Nikolski, Alaska",52.131,-168.6446,17.56,4.5,mb,reviewed,us,us,188,7.1,4.9091489361702125,1.48,34.24046808510638,1,1.0,0.0,0.0,0.0,4.0,0.0,7.0,7.1,53463.9,51121.8,51121.8,442.7,2462.9,1525.6,29651.7,0.008659710730060366,0.04817709861546346,0.02984245468665031,0.580020656549652,1,0,1,1,53.0,53681.1,53463.9,53550.9,52479.6,52377.5,-0.004046116789708056,0.0016272662488146206,-0.020320253479450646,4,0,>3
1426,us20005crb,2016-03-27,2016.0,3.0,AK,"96 km SSE of Nikolski, Alaska",52.0955,-168.5497,12.18,4.8,mb,reviewed,us,us,188,7.1,4.9091489361702125,1.48,34.24046808510638,1,1.0,0.0,0.0,0.0,4.0,0.0,7.0,7.1,53463.9,51121.8,51121.8,442.7,2462.9,1525.6,29651.7,0.008659710730060366,0.04817709861546346,0.02984245468665031,0.580020656549652,1,0,1,1,56.0,53681.1,53463.9,53550.9,52479.6,52377.5,-0.004046116789708056,0.0016272662488146206,-0.020320253479450646,4,0,>3
1427,us20005dr8,2016-03-27,2016.0,3.0,AK,"108 km SSE of Nikolski, Alaska",51.9965,-168.4474,10.0,4.5,mb,reviewed,us,us,188,7.1,4.9091489361702125,1.48,34.24046808510638,1,1.0,0.0,0.0,0.0,4.0,0.0,7.0,7.1,53463.9,51121.8,51121.8,442.7,2462.9,1525.6,29651.7,0.008659710730060366,0.04817709861546346,0.02984245468665031,0.580020656549652,1,0,1,1,53.0,53681.1,53463.9,53550.9,52479.6,52377.5,-0.004046116789708056,0.0016272662488146206,-0.020320253479450646,4,0,>3
1428,us20005cx1,2016-03-28,2016.0,3.0,AK,"73 km S of Nikolski, Alaska",52.29,-168.6929,11.24,5.5,mww,reviewed,us,us,188,7.1,4.9091489361702125,1.48,34.24046808510638,1,1.0,0.0,0.0,0.0,4.0,0.0,7.0,7.1,53463.9,51121.8,51121.8,442.7,2462.9,1525.6,29651.7,0.008659710730060366,0.04817709861546346,0.02984245468665031,0.580020656549652,1,0,1,1,63.0,53681.1,53463.9,53550.9,52479.6,52377.5,-0.004046116789708056,0.0016272662488146206,-0.020320253479450646,4,0,>3
1429,us20005d9r,2016-03-30,2016.0,3.0,AK,"81 km S of Nikolski, Alaska",52.2199,-168.6628,32.84,4.7,mb,reviewed,us,us,188,7.1,4.9091489361702125,1.48,34.24046808510638,1,1.0,0.0,0.0,0.0,4.0,0.0,7.0,7.1,53463.9,51121.8,51121.8,442.7,2462.9,1525.6,29651.7,0.008659710730060366,0.04817709861546346,0.02984245468665031,0.580020656549652,1,0,1,0,55.0,53681.1,53463.9,53550.9,52479.6,52377.5,-0.004046116789708056,0.0016272662488146206,-0.020320253479450646,4,0,>3
1430,us20005dn0,2016-03-31,2016.0,3.0,AK,"86 km SSE of Nikolski, Alaska",52.188,-168.5209,10.0,4.6,mb,reviewed,us,us,188,7.1,4.9091489361702125,1.48,34.24046808510638,1,1.0,0.0,0.0,0.0,4.0,0.0,7.0,7.1,53463.9,51121.8,51121.8,442.7,2462.9,1525.6,29651.7,0.008659710730060366,0.04817709861546346,0.02984245468665031,0.580020656549652,1,0,1,1,54.0,53681.1,53463.9,53550.9,52479.6,52377.5,-0.004046116789708056,0.0016272662488146206,-0.020320253479450646,4,0,>3
1431,ak01649w95tp,2016-04-02,2016.0,4.0,AK,"42 km E of Port Heiden, Alaska",57.008,-157.9322,11.4,6.2,mw,reviewed,ak,ak,188,7.1,4.9091489361702125,1.48,34.24046808510638,1,1.0,0.0,0.0,0.0,4.0,0.0,7.0,7.1,53463.9,51121.8,51121.8,442.7,2462.9,1525.6,29651.7,0.008659710730060366,0.04817709861546346,0.02984245468665031,0.580020656549652,1,1,1,1,80.0,53681.1,53463.9,53550.9,52479.6,52377.5,-0.004046116789708056,0.0016272662488146206,-0.020320253479450646,4,0,>3
1432,us20005hxt,2016-04-14,2016.0,4.0,AK,"90 km S of Atka, Alaska",51.3833,-174.061,15.17,5.2,mb,reviewed,us,us,188,7.1,4.9091489361702125,1.48,34.24046808510638,1,1.0,0.0,0.0,0.0,4.0,0.0,7.0,7.1,53463.9,51121.8,51121.8,442.7,2462.9,1525.6,29651.7,0.008659710730060366,0.04817709861546346,0.02984245468665031,0.580020656549652,1,0,1,1,60.0,53681.1,53463.9,53550.9,52479.6,52377.5,-0.004046116789708056,0.0016272662488146206,-0.020320253479450646,4,0,>3
1433,us20005lka,2016-04-25,2016.0,4.0,AK,"76 km SSW of Atka, Alaska",51.5516,-174.5958,42.85,4.6,mb,reviewed,us,us,188,7.1,4.9091489361702125,1.48,34.24046808510638,1,1.0,0.0,0.0,0.0,4.0,0.0,7.0,7.1,53463.9,51121.8,51121.8,442.7,2462.9,1525.6,29651.7,0.008659710730060366,0.04817709861546346,0.02984245468665031,0.580020656549652,1,0,1,0,54.0,53681.1,53463.9,53550.9,52479.6,52377.5,-0.004046116789708056,0.0016272662488146206,-0.020320253479450646,4,0,>3
1434,ak0165dtyd2a,2016-04-26,2016.0,4.0,AK,"38 km NNE of Chase, Alaska",62.739,-149.6848,73.3,4.6,mw,reviewed,ak,ak,188,7.1,4.9091489361702125,1.48,34.24046808510638,1,1.0,0.0,0.0,0.0,4.0,0.0,7.0,7.1,53463.9,51121.8,51121.8,442.7,2462.9,1525.6,29651.7,0.008659710730060366,0.04817709861546346,0.02984245468665031,0.580020656549652,1,0,0,0,51.0,53681.1,53463.9,53550.9,52479.6,52377.5,-0.004046116789708056,0.0016272662488146206,-0.020320253479450646,4,0,>3
1435,ak0165ilcttk,2016-04-29,2016.0,4.0,AK,"56 km SSW of Nanwalek, Alaska",58.8989,-152.3384,54.5,4.9,ml,reviewed,ak,ak,188,7.1,4.9091489361702125,1.48,34.24046808510638,1,1.0,0.0,0.0,0.0,4.0,0.0,7.0,7.1,53463.9,51121.8,51121.8,442.7,2462.9,1525.6,29651.7,0.008659710730060366,0.04817709861546346,0.02984245468665031,0.580020656549652,1,0,1,0,57.0,53681.1,53463.9,53550.9,52479.6,52377.5,-0.004046116789708056,0.0016272662488146206,-0.020320253479450646,4,0,>3
1436,ak0165m3p95m,2016-05-01,2016.0,5.0,AK,"72 km ENE of Pedro Bay, Alaska",60.1136,-152.9931,129.5,4.7,ml,reviewed,ak,ak,188,7.1,4.9091489361702125,1.48,34.24046808510638,1,1.0,0.0,0.0,0.0,4.0,0.0,7.0,7.1,53463.9,51121.8,51121.8,442.7,2462.9,1525.6,29651.7,0.008659710730060366,0.04817709861546346,0.02984245468665031,0.580020656549652,1,0,0,0,52.0,53681.1,53463.9,53550.9,52479.6,52377.5,-0.004046116789708056,0.0016272662488146206,-0.020320253479450646,4,0,>3
1437,ak0165nn2kdk,2016-05-02,2016.0,5.0,AK,"136 km SSE of Cordova, Alaska",59.4299,-144.7442,7.6,4.9,mw,reviewed,ak,ak,188,7.1,4.9091489361702125,1.48,34.24046808510638,1,1.0,0.0,0.0,0.0,4.0,0.0,7.0,7.1,53463.9,51121.8,51121.8,442.7,2462.9,1525.6,29651.7,0.008659710730060366,0.04817709861546346,0.02984245468665031,0.580020656549652,1,0,1,1,57.0,53681.1,53463.9,53550.9,52479.6,52377.5,-0.004046116789708056,0.0016272662488146206,-0.020320253479450646,4,0,>3
1438,us10005heg,2016-05-14,2016.0,5.0,AK,"216 km W of Adak, Alaska",51.6903,-179.7588,74.35,4.5,mb,reviewed,us,us,188,7.1,4.9091489361702125,1.48,34.24046808510638,1,1.0,0.0,0.0,0.0,4.0,0.0,7.0,7.1,53463.9,51121.8,51121.8,442.7,2462.9,1525.6,29651.7,0.008659710730060366,0.04817709861546346,0.02984245468665031,0.580020656549652,1,0,0,0,50.0,53681.1,53463.9,53550.9,52479.6,52377.5,-0.004046116789708056,0.0016272662488146206,-0.020320253479450646,4,0,>3
1439,ak016690dapx,2016-05-15,2016.0,5.0,AK,"64 km SE of Denali National Park, Alaska",63.0765,-150.9465,131.5,5.3,mw,reviewed,ak,ak,188,7.1,4.9091489361702125,1.48,34.24046808510638,1,1.0,0.0,0.0,0.0,4.0,0.0,7.0,7.1,53463.9,51121.8,51121.8,442.7,2462.9,1525.6,29651.7,0.008659710730060366,0.04817709861546346,0.02984245468665031,0.580020656549652,1,0,0,0,58.0,53681.1,53463.9,53550.9,52479.6,52377.5,-0.004046116789708056,0.0016272662488146206,-0.020320253479450646,4,0,>3
1440,us10005hjm,2016-05-15,2016.0,5.0,AK,"78 km SE of Nikolski, Alaska",52.5113,-167.9395,10.0,5.4,mww,reviewed,us,us,188,7.1,4.9091489361702125,1.48,34.24046808510638,1,1.0,0.0,0.0,0.0,4.0,0.0,7.0,7.1,53463.9,51121.8,51121.8,442.7,2462.9,1525.6,29651.7,0.008659710730060366,0.04817709861546346,0.02984245468665031,0.580020656549652,1,0,1,1,62.0,53681.1,53463.9,53550.9,52479.6,52377.5,-0.004046116789708056,0.0016272662488146206,-0.020320253479450646,4,0,>3
1441,ak0166j12cvm,2016-05-21,2016.0,5.0,AK,"69 km NW of Skwentna, Alaska",62.3598,-152.4627,143.5,4.5,ml,reviewed,ak,ak,188,7.1,4.9091489361702125,1.48,34.24046808510638,1,1.0,0.0,0.0,0.0,4.0,0.0,7.0,7.1,53463.9,51121.8,51121.8,442.7,2462.9,1525.6,29651.7,0.008659710730060366,0.04817709861546346,0.02984245468665031,0.580020656549652,1,0,0,0,50.0,53681.1,53463.9,53550.9,52479.6,52377.5,-0.004046116789708056,0.0016272662488146206,-0.020320253479450646,4,0,>3
1442,us20005zjb,2016-06-01,2016.0,6.0,AK,"228 km WSW of Adak, Alaska",51.1075,-179.683,52.46,4.6,mb,reviewed,us,us,188,7.1,4.9091489361702125,1.48,34.24046808510638,1,1.0,0.0,0.0,0.0,4.0,0.0,7.0,7.1,53463.9,51121.8,51121.8,442.7,2462.9,1525.6,29651.7,0.008659710730060366,0.04817709861546346,0.02984245468665031,0.580020656549652,1,0,1,0,54.0,53681.1,53463.9,53550.9,52479.6,52377.5,-0.004046116789708056,0.0016272662488146206,-0.020320253479450646,4,0,>3
1443,ak01674gh2zd,2016-06-03,2016.0,6.0,AK,"77 km SE of Perryville, Alaska",55.3522,-158.3998,6.3,4.7,mb,reviewed,ak,ak,188,7.1,4.9091489361702125,1.48,34.24046808510638,1,1.0,0.0,0.0,0.0,4.0,0.0,7.0,7.1,53463.9,51121.8,51121.8,442.7,2462.9,1525.6,29651.7,0.008659710730060366,0.04817709861546346,0.02984245468665031,0.580020656549652,1,0,1,1,55.0,53681.1,53463.9,53550.9,52479.6,52377.5,-0.004046116789708056,0.0016272662488146206,-0.020320253479450646,4,0,>3
1444,us200063z1,2016-06-12,2016.0,6.0,OR,"245 km W of Bandon, Oregon",43.5282,-127.3825,10.0,4.6,mb,reviewed,us,us,188,7.1,4.9091489361702125,1.48,34.24046808510638,1,0.0,0.0,0.0,0.0,0.0,0.0,0.0,0.0,214769.3,211782.4,211782.4,4185.5,8926.6,29039.0,141568.1,0.019763209785137955,0.04214986703333233,0.1371171542111148,0.6684601742165543,0,0,1,1,49.0,205581.8,214769.3,225534.5,234308.3,239794.8,0.04469024008934643,0.05012448240972994,0.1165227059919644,0,1,0
1445,us200064n5,2016-06-15,2016.0,6.0,AK,"Unimak Island region, Alaska",53.632,-163.3002,24.15,4.6,mb,reviewed,us,us,188,7.1,4.9091489361702125,1.48,34.24046808510638,1,1.0,0.0,0.0,0.0,4.0,0.0,7.0,7.1,53463.9,51121.8,51121.8,442.7,2462.9,1525.6,29651.7,0.008659710730060366,0.04817709861546346,0.02984245468665031,0.580020656549652,1,0,1,0,54.0,53681.1,53463.9,53550.9,52479.6,52377.5,-0.004046116789708056,0.0016272662488146206,-0.020320253479450646,4,0,>3
1446,us2000656w,2016-06-18,2016.0,6.0,AK,"142 km S of False Pass, Alaska",53.5727,-163.5088,10.0,5.0,mb,reviewed,us,us,188,7.1,4.9091489361702125,1.48,34.24046808510638,1,1.0,0.0,0.0,0.0,4.0,0.0,7.0,7.1,53463.9,51121.8,51121.8,442.7,2462.9,1525.6,29651.7,0.008659710730060366,0.04817709861546346,0.02984245468665031,0.580020656549652,1,0,1,1,58.0,53681.1,53463.9,53550.9,52479.6,52377.5,-0.004046116789708056,0.0016272662488146206,-0.020320253479450646,4,0,>3
1447,us200067vg,2016-06-29,2016.0,6.0,AK,"50 km NW of Nelson Lagoon, Alaska",56.3108,-161.8025,199.53,5.3,mww,reviewed,us,us,188,7.1,4.9091489361702125,1.48,34.24046808510638,1,1.0,0.0,0.0,0.0,4.0,0.0,7.0,7.1,53463.9,51121.8,51121.8,442.7,2462.9,1525.6,29651.7,0.008659710730060366,0.04817709861546346,0.02984245468665031,0.580020656549652,1,0,0,0,58.0,53681.1,53463.9,53550.9,52479.6,52377.5,-0.004046116789708056,0.0016272662488146206,-0.020320253479450646,4,0,>3
1448,us200067y8,2016-06-29,2016.0,6.0,AK,"31 km ESE of King Cove, Alaska",54.9183,-161.9014,70.31,4.6,mww,reviewed,us,us,188,7.1,4.9091489361702125,1.48,34.24046808510638,1,1.0,0.0,0.0,0.0,4.0,0.0,7.0,7.1,53463.9,51121.8,51121.8,442.7,2462.9,1525.6,29651.7,0.008659710730060366,0.04817709861546346,0.02984245468665031,0.580020656549652,1,0,0,0,51.0,53681.1,53463.9,53550.9,52479.6,52377.5,-0.004046116789708056,0.0016272662488146206,-0.020320253479450646,4,0,>3
1449,us200067zz,2016-06-29,2016.0,6.0,AK,"165 km SSE of Adak, Alaska",50.5155,-175.6546,10.0,5.0,mb,reviewed,us,us,188,7.1,4.9091489361702125,1.48,34.24046808510638,1,1.0,0.0,0.0,0.0,4.0,0.0,7.0,7.1,53463.9,51121.8,51121.8,442.7,2462.9,1525.6,29651.7,0.008659710730060366,0.04817709861546346,0.02984245468665031,0.580020656549652,1,0,1,1,58.0,53681.1,53463.9,53550.9,52479.6,52377.5,-0.004046116789708056,0.0016272662488146206,-0.020320253479450646,4,0,>3
1450,us10005zmh,2016-07-03,2016.0,7.0,AK,"130 km WSW of Adak, Alaska",51.614,-178.4788,37.49,5.3,mb,reviewed,us,us,188,7.1,4.9091489361702125,1.48,34.24046808510638,1,1.0,0.0,0.0,0.0,4.0,0.0,7.0,7.1,53463.9,51121.8,51121.8,442.7,2462.9,1525.6,29651.7,0.008659710730060366,0.04817709861546346,0.02984245468665031,0.580020656549652,1,0,1,0,61.0,53681.1,53463.9,53550.9,52479.6,52377.5,-0.004046116789708056,0.0016272662488146206,-0.020320253479450646,4,0,>3
1451,nn00550904,2016-07-07,2016.0,7.0,NV,"3 km W of Walker Lake, Nevada",38.6516,-118.7943,9.1,4.5,ml,reviewed,nn,nn,188,7.1,4.9091489361702125,1.48,34.24046808510638,1,0.0,0.0,0.0,0.0,0.0,0.0,0.0,0.0,156007.4,153318.0,153318.0,250.7,8814.4,5978.1,118243.9,0.001635163516351635,0.05749096648795314,0.03899150784643682,0.7712329928645038,0,0,1,1,48.0,151055.9,156007.4,163199.1,168638.5,176029.7,0.032779255891362075,0.04609845430409078,0.1283419889056546,0,1,0
1452,ak0168s0m9ds,2016-07-09,2016.0,7.0,AK,"44 km NNE of Brevig Mission, Alaska",65.7005,-166.1295,27.4,4.8,ml,reviewed,ak,ak,188,7.1,4.9091489361702125,1.48,34.24046808510638,1,1.0,0.0,0.0,0.0,4.0,0.0,7.0,7.1,53463.9,51121.8,51121.8,442.7,2462.9,1525.6,29651.7,0.008659710730060366,0.04817709861546346,0.02984245468665031,0.580020656549652,1,0,1,0,56.0,53681.1,53463.9,53550.9,52479.6,52377.5,-0.004046116789708056,0.0016272662488146206,-0.020320253479450646,4,0,>3
1453,ak0169f6vp18,2016-07-23,2016.0,7.0,AK,"26 km SSE of King Salmon, Alaska",58.4734,-156.4569,203.6,5.5,mw,reviewed,ak,ak,188,7.1,4.9091489361702125,1.48,34.24046808510638,1,1.0,0.0,0.0,0.0,4.0,0.0,7.0,7.1,53463.9,51121.8,51121.8,442.7,2462.9,1525.6,29651.7,0.008659710730060366,0.04817709861546346,0.02984245468665031,0.580020656549652,1,0,0,0,60.0,53681.1,53463.9,53550.9,52479.6,52377.5,-0.004046116789708056,0.0016272662488146206,-0.020320253479450646,4,0,>3
1454,us20006hzk,2016-07-27,2016.0,7.0,AK,"119 km S of Unalaska, Alaska",52.81,-166.7104,9.63,4.7,mb,reviewed,us,us,188,7.1,4.9091489361702125,1.48,34.24046808510638,1,1.0,0.0,0.0,0.0,4.0,0.0,7.0,7.1,53463.9,51121.8,51121.8,442.7,2462.9,1525.6,29651.7,0.008659710730060366,0.04817709861546346,0.02984245468665031,0.580020656549652,1,0,1,1,55.0,53681.1,53463.9,53550.9,52479.6,52377.5,-0.004046116789708056,0.0016272662488146206,-0.020320253479450646,4,0,>3
1455,nc72672610,2016-08-10,2016.0,8.0,CA,"20 km NNE of Upper Lake, California",39.3293333,-122.8018333,14.45,5.09,mw,reviewed,nc,nc,188,7.1,4.9091489361702125,1.48,34.24046808510638,1,0.0,0.0,0.0,0.0,0.0,0.0,0.0,0.0,2623711.7,2586485.2,2586485.2,37229.6,100803.8,272154.2,1848653.0,0.014393896396546169,0.03897327539318609,0.10522163436311176,0.7147355801610618,0,0,1,1,53.9,2545979.5,2623711.7,2740550.3,2850970.3,2969609.0,0.03053135345355302,0.04453179821548214,0.13183510215699376,0,1,0
1456,us20006umx,2016-08-27,2016.0,8.0,WY,"4 km ENE of Bondurant, Wyoming",43.2226,-110.3593,12.3,4.8,mwr,reviewed,us,us,188,7.1,4.9091489361702125,1.48,34.24046808510638,1,0.0,0.0,0.0,0.0,0.0,0.0,0.0,0.0,37853.5,36105.9,36105.9,635.2,2073.8,1620.3,19976.2,0.017592692607025444,0.057436596234964374,0.04487632215233521,0.5532669175951853,0,0,1,1,51.0,40063.9,37853.5,37620.3,37977.2,38577.1,-0.0551718629489391,-0.0061605928117610545,0.019115801709221038,4,0,>3
1457,nc72689331,2016-09-03,2016.0,9.0,CA,"124 km WSW of Ferndale, California",40.3208333,-125.6876667,28.57,5.64,mw,reviewed,nc,nc,188,7.1,4.9091489361702125,1.48,34.24046808510638,1,0.0,0.0,0.0,0.0,0.0,0.0,0.0,0.0,2623711.7,2586485.2,2586485.2,37229.6,100803.8,272154.2,1848653.0,0.014393896396546169,0.03897327539318609,0.10522163436311176,0.7147355801610618,0,0,1,0,59.4,2545979.5,2623711.7,2740550.3,2850970.3,2969609.0,0.03053135345355302,0.04453179821548214,0.13183510215699376,0,1,0
1458,us10006qlh,2016-09-18,2016.0,9.0,AK,"63 km SSE of Akutan, Alaska",53.5876,-165.4828,49.69,4.8,mb,reviewed,us,us,188,7.1,4.9091489361702125,1.48,34.24046808510638,1,1.0,0.0,0.0,0.0,4.0,0.0,7.0,7.1,53463.9,51121.8,51121.8,442.7,2462.9,1525.6,29651.7,0.008659710730060366,0.04817709861546346,0.02984245468665031,0.580020656549652,1,0,1,0,56.0,53681.1,53463.9,53550.9,52479.6,52377.5,-0.004046116789708056,0.0016272662488146206,-0.020320253479450646,4,0,>3
1459,us10006shx,2016-09-25,2016.0,9.0,OR,"151 km WSW of Pistol River, Oregon",41.8428,-126.1354,10.0,4.9,mww,reviewed,us,us,188,7.1,4.9091489361702125,1.48,34.24046808510638,1,0.0,0.0,0.0,0.0,0.0,0.0,0.0,0.0,214769.3,211782.4,211782.4,4185.5,8926.6,29039.0,141568.1,0.019763209785137955,0.04214986703333233,0.1371171542111148,0.6684601742165543,0,0,1,1,52.0,205581.8,214769.3,225534.5,234308.3,239794.8,0.04469024008934643,0.05012448240972994,0.1165227059919644,0,1,0
1460,us10006smr,2016-09-26,2016.0,9.0,AK,"120 km E of Nikolski, Alaska",52.7446,-167.1087,45.53,4.6,mb,reviewed,us,us,188,7.1,4.9091489361702125,1.48,34.24046808510638,1,1.0,0.0,0.0,0.0,4.0,0.0,7.0,7.1,53463.9,51121.8,51121.8,442.7,2462.9,1525.6,29651.7,0.008659710730060366,0.04817709861546346,0.02984245468665031,0.580020656549652,1,0,1,0,54.0,53681.1,53463.9,53550.9,52479.6,52377.5,-0.004046116789708056,0.0016272662488146206,-0.020320253479450646,4,0,>3
1461,us10006ufy,2016-10-01,2016.0,10.0,AK,"240 km S of False Pass, Alaska",52.7233,-162.8066,28.41,5.0,mww,reviewed,us,us,188,7.1,4.9091489361702125,1.48,34.24046808510638,1,1.0,0.0,0.0,0.0,4.0,0.0,7.0,7.1,53463.9,51121.8,51121.8,442.7,2462.9,1525.6,29651.7,0.008659710730060366,0.04817709861546346,0.02984245468665031,0.580020656549652,1,0,1,0,58.0,53681.1,53463.9,53550.9,52479.6,52377.5,-0.004046116789708056,0.0016272662488146206,-0.020320253479450646,4,0,>3
1462,us20007cz9,2016-10-09,2016.0,10.0,OR,off the coast of Oregon,44.2778,-129.3622,10.0,5.0,mww,reviewed,us,us,188,7.1,4.9091489361702125,1.48,34.24046808510638,1,0.0,0.0,0.0,0.0,0.0,0.0,0.0,0.0,214769.3,211782.4,211782.4,4185.5,8926.6,29039.0,141568.1,0.019763209785137955,0.04214986703333233,0.1371171542111148,0.6684601742165543,0,0,1,1,53.0,205581.8,214769.3,225534.5,234308.3,239794.8,0.04469024008934643,0.05012448240972994,0.1165227059919644,0,1,0
1463,us20007es3,2016-10-17,2016.0,10.0,AK,"79 km SE of Akutan, Alaska",53.6617,-164.8603,43.08,4.5,mb,reviewed,us,us,188,7.1,4.9091489361702125,1.48,34.24046808510638,1,1.0,0.0,0.0,0.0,4.0,0.0,7.0,7.1,53463.9,51121.8,51121.8,442.7,2462.9,1525.6,29651.7,0.008659710730060366,0.04817709861546346,0.02984245468665031,0.580020656549652,1,0,1,0,53.0,53681.1,53463.9,53550.9,52479.6,52377.5,-0.004046116789708056,0.0016272662488146206,-0.020320253479450646,4,0,>3
1464,us20007fka,2016-10-20,2016.0,10.0,AK,"112 km ENE of Atka, Alaska",52.5931,-172.6846,130.58,4.9,mb,reviewed,us,us,188,7.1,4.9091489361702125,1.48,34.24046808510638,1,1.0,0.0,0.0,0.0,4.0,0.0,7.0,7.1,53463.9,51121.8,51121.8,442.7,2462.9,1525.6,29651.7,0.008659710730060366,0.04817709861546346,0.02984245468665031,0.580020656549652,1,0,0,0,54.0,53681.1,53463.9,53550.9,52479.6,52377.5,-0.004046116789708056,0.0016272662488146206,-0.020320253479450646,4,0,>3
1465,us10007286,2016-10-27,2016.0,10.0,AK,"135 km S of False Pass, Alaska",53.6458,-163.6719,18.21,4.9,mb,reviewed,us,us,188,7.1,4.9091489361702125,1.48,34.24046808510638,1,1.0,0.0,0.0,0.0,4.0,0.0,7.0,7.1,53463.9,51121.8,51121.8,442.7,2462.9,1525.6,29651.7,0.008659710730060366,0.04817709861546346,0.02984245468665031,0.580020656549652,1,0,1,1,57.0,53681.1,53463.9,53550.9,52479.6,52377.5,-0.004046116789708056,0.0016272662488146206,-0.020320253479450646,4,0,>3
1466,us100072bs,2016-10-27,2016.0,10.0,AK,"141 km S of False Pass, Alaska",53.5855,-163.265,13.89,5.9,mww,reviewed,us,us,188,7.1,4.9091489361702125,1.48,34.24046808510638,1,1.0,0.0,0.0,0.0,4.0,0.0,7.0,7.1,53463.9,51121.8,51121.8,442.7,2462.9,1525.6,29651.7,0.008659710730060366,0.04817709861546346,0.02984245468665031,0.580020656549652,1,0,1,1,67.0,53681.1,53463.9,53550.9,52479.6,52377.5,-0.004046116789708056,0.0016272662488146206,-0.020320253479450646,4,0,>3
1467,us100072c6,2016-10-27,2016.0,10.0,AK,"134 km S of False Pass, Alaska",53.6518,-163.2971,18.81,5.1,mww,reviewed,us,us,188,7.1,4.9091489361702125,1.48,34.24046808510638,1,1.0,0.0,0.0,0.0,4.0,0.0,7.0,7.1,53463.9,51121.8,51121.8,442.7,2462.9,1525.6,29651.7,0.008659710730060366,0.04817709861546346,0.02984245468665031,0.580020656549652,1,0,1,1,59.0,53681.1,53463.9,53550.9,52479.6,52377.5,-0.004046116789708056,0.0016272662488146206,-0.020320253479450646,4,0,>3
1468,us100075y8,2016-11-07,2016.0,11.0,OK,"3 km W of Cushing, Oklahoma",35.9907,-96.803,4.43,5.0,mww,reviewed,tul,us,188,7.1,4.9091489361702125,1.48,34.24046808510638,1,1.0,0.0,0.0,20.0,0.0,50.0,6.0,5.0,190093.5,182238.8,182238.8,2477.5,7168.8,15416.6,110458.9,0.013594799790165433,0.03933739686608999,0.0845955965469483,0.6061217479482964,1,0,1,1,58.0,193792.6,190093.5,192538.6,196030.5,200072.2,-0.01908793215014405,0.012862617606598889,0.052493641287050904,2,1,2
1469,ak016ekm6cbb,2016-11-12,2016.0,11.0,AK,"52 km SSW of Ugashik, Alaska",57.0687,-157.6624,10.3,5.0,mw,reviewed,ak,ak,188,7.1,4.9091489361702125,1.48,34.24046808510638,1,1.0,0.0,0.0,0.0,4.0,0.0,7.0,7.1,53463.9,51121.8,51121.8,442.7,2462.9,1525.6,29651.7,0.008659710730060366,0.04817709861546346,0.02984245468665031,0.580020656549652,1,0,1,1,58.0,53681.1,53463.9,53550.9,52479.6,52377.5,-0.004046116789708056,0.0016272662488146206,-0.020320253479450646,4,0,>3
1470,us100077tw,2016-11-14,2016.0,11.0,AK,"127 km S of False Pass, Alaska",53.7062,-163.3695,28.78,4.5,mb,reviewed,us,us,188,7.1,4.9091489361702125,1.48,34.24046808510638,1,1.0,0.0,0.0,0.0,4.0,0.0,7.0,7.1,53463.9,51121.8,51121.8,442.7,2462.9,1525.6,29651.7,0.008659710730060366,0.04817709861546346,0.02984245468665031,0.580020656549652,1,0,1,0,53.0,53681.1,53463.9,53550.9,52479.6,52377.5,-0.004046116789708056,0.0016272662488146206,-0.020320253479450646,4,0,>3
1471,us100077zc,2016-11-14,2016.0,11.0,AK,"132 km S of Sand Point, Alaska",54.1646,-160.1539,17.25,5.2,mww,reviewed,us,us,188,7.1,4.9091489361702125,1.48,34.24046808510638,1,1.0,0.0,0.0,0.0,4.0,0.0,7.0,7.1,53463.9,51121.8,51121.8,442.7,2462.9,1525.6,29651.7,0.008659710730060366,0.04817709861546346,0.02984245468665031,0.580020656549652,1,0,1,1,60.0,53681.1,53463.9,53550.9,52479.6,52377.5,-0.004046116789708056,0.0016272662488146206,-0.020320253479450646,4,0,>3
1472,us100078uz,2016-11-16,2016.0,11.0,AK,"88 km W of Mosquito Lake, Alaska",59.6131,-137.6481,1.52,4.6,mwr,reviewed,pgc,pgc,188,7.1,4.9091489361702125,1.48,34.24046808510638,1,1.0,0.0,0.0,0.0,4.0,0.0,7.0,7.1,53463.9,51121.8,51121.8,442.7,2462.9,1525.6,29651.7,0.008659710730060366,0.04817709861546346,0.02984245468665031,0.580020656549652,1,0,1,1,54.0,53681.1,53463.9,53550.9,52479.6,52377.5,-0.004046116789708056,0.0016272662488146206,-0.020320253479450646,4,0,>3
1473,us10007bf9,2016-11-22,2016.0,11.0,AK,"140 km SSE of Sand Point, Alaska",54.0992,-160.0375,15.3,4.9,mb,reviewed,us,us,188,7.1,4.9091489361702125,1.48,34.24046808510638,1,1.0,0.0,0.0,0.0,4.0,0.0,7.0,7.1,53463.9,51121.8,51121.8,442.7,2462.9,1525.6,29651.7,0.008659710730060366,0.04817709861546346,0.02984245468665031,0.580020656549652,1,0,1,1,57.0,53681.1,53463.9,53550.9,52479.6,52377.5,-0.004046116789708056,0.0016272662488146206,-0.020320253479450646,4,0,>3
1474,us10007bss,2016-11-23,2016.0,11.0,AK,"229 km W of Adak, Alaska",51.6931,-179.954,94.12,5.2,mb,reviewed,us,us,188,7.1,4.9091489361702125,1.48,34.24046808510638,1,1.0,0.0,0.0,0.0,4.0,0.0,7.0,7.1,53463.9,51121.8,51121.8,442.7,2462.9,1525.6,29651.7,0.008659710730060366,0.04817709861546346,0.02984245468665031,0.580020656549652,1,0,0,0,57.0,53681.1,53463.9,53550.9,52479.6,52377.5,-0.004046116789708056,0.0016272662488146206,-0.020320253479450646,4,0,>3
1475,us10007bxa,2016-11-23,2016.0,11.0,AK,"92 km S of Sand Point, Alaska",54.5125,-160.7235,29.23,4.6,mwr,reviewed,us,us,188,7.1,4.9091489361702125,1.48,34.24046808510638,1,1.0,0.0,0.0,0.0,4.0,0.0,7.0,7.1,53463.9,51121.8,51121.8,442.7,2462.9,1525.6,29651.7,0.008659710730060366,0.04817709861546346,0.02984245468665031,0.580020656549652,1,0,1,0,54.0,53681.1,53463.9,53550.9,52479.6,52377.5,-0.004046116789708056,0.0016272662488146206,-0.020320253479450646,4,0,>3
1476,us10007cyf,2016-11-28,2016.0,11.0,AK,"Unimak Island region, Alaska",53.5785,-163.6702,22.35,4.7,mb,reviewed,us,us,188,7.1,4.9091489361702125,1.48,34.24046808510638,1,1.0,0.0,0.0,0.0,4.0,0.0,7.0,7.1,53463.9,51121.8,51121.8,442.7,2462.9,1525.6,29651.7,0.008659710730060366,0.04817709861546346,0.02984245468665031,0.580020656549652,1,0,1,0,55.0,53681.1,53463.9,53550.9,52479.6,52377.5,-0.004046116789708056,0.0016272662488146206,-0.020320253479450646,4,0,>3
1477,us10007d2m,2016-11-29,2016.0,11.0,AK,"166 km S of Adak, Alaska",50.4018,-176.2082,30.78,4.7,mb,reviewed,us,us,188,7.1,4.9091489361702125,1.48,34.24046808510638,1,1.0,0.0,0.0,0.0,4.0,0.0,7.0,7.1,53463.9,51121.8,51121.8,442.7,2462.9,1525.6,29651.7,0.008659710730060366,0.04817709861546346,0.02984245468665031,0.580020656549652,1,0,1,0,55.0,53681.1,53463.9,53550.9,52479.6,52377.5,-0.004046116789708056,0.0016272662488146206,-0.020320253479450646,4,0,>3
1478,us20007z6r,2016-12-08,2016.0,12.0,CA,"164 km W of Ferndale, California",40.4535,-126.1936,8.45,6.6,mww,reviewed,us,us,188,7.1,4.9091489361702125,1.48,34.24046808510638,1,0.0,0.0,0.0,0.0,0.0,0.0,0.0,0.0,2623711.7,2586485.2,2586485.2,37229.6,100803.8,272154.2,1848653.0,0.014393896396546169,0.03897327539318609,0.10522163436311176,0.7147355801610618,0,1,1,1,79.0,2545979.5,2623711.7,2740550.3,2850970.3,2969609.0,0.03053135345355302,0.04453179821548214,0.13183510215699376,0,1,0
1479,us20007z7b,2016-12-08,2016.0,12.0,CA,"179 km W of Ferndale, California",40.4292,-126.3674,3.33,4.7,mwr,reviewed,us,us,188,7.1,4.9091489361702125,1.48,34.24046808510638,1,0.0,0.0,0.0,0.0,0.0,0.0,0.0,0.0,2623711.7,2586485.2,2586485.2,37229.6,100803.8,272154.2,1848653.0,0.014393896396546169,0.03897327539318609,0.10522163436311176,0.7147355801610618,0,0,1,1,50.0,2545979.5,2623711.7,2740550.3,2850970.3,2969609.0,0.03053135345355302,0.04453179821548214,0.13183510215699376,0,1,0
1480,nc72737985,2016-12-14,2016.0,12.0,CA,"10 km W of Cobb, California",38.8221667,-122.8413333,1.48,5.01,mw,reviewed,nc,nc,188,7.1,4.9091489361702125,1.48,34.24046808510638,1,0.0,0.0,0.0,0.0,0.0,0.0,0.0,0.0,2623711.7,2586485.2,2586485.2,37229.6,100803.8,272154.2,1848653.0,0.014393896396546169,0.03897327539318609,0.10522163436311176,0.7147355801610618,0,0,1,1,53.099999999999994,2545979.5,2623711.7,2740550.3,2850970.3,2969609.0,0.03053135345355302,0.04453179821548214,0.13183510215699376,0,1,0
1481,nn00570709,2016-12-28,2016.0,12.0,NV,"29 km SW of Hawthorne, Nevada",38.3755,-118.8989,11.3,5.6,ml,reviewed,nn,nn,188,7.1,4.9091489361702125,1.48,34.24046808510638,1,0.0,0.0,0.0,0.0,0.0,0.0,0.0,0.0,156007.4,153318.0,153318.0,250.7,8814.4,5978.1,118243.9,0.001635163516351635,0.05749096648795314,0.03899150784643682,0.7712329928645038,0,0,1,1,59.0,151055.9,156007.4,163199.1,168638.5,176029.7,0.032779255891362075,0.04609845430409078,0.1283419889056546,0,1,0
1482,nn00570710,2016-12-28,2016.0,12.0,NV,"28 km WSW of Hawthorne, Nevada",38.3904,-118.8972,12.2,5.6,ml,reviewed,nn,nn,188,7.1,4.9091489361702125,1.48,34.24046808510638,1,0.0,0.0,0.0,0.0,0.0,0.0,0.0,0.0,156007.4,153318.0,153318.0,250.7,8814.4,5978.1,118243.9,0.001635163516351635,0.05749096648795314,0.03899150784643682,0.7712329928645038,0,0,1,1,59.0,151055.9,156007.4,163199.1,168638.5,176029.7,0.032779255891362075,0.04609845430409078,0.1283419889056546,0,1,0
1483,us10007t12,2017-01-13,2017.0,1.0,AK,"72 km NNE of Adak, Alaska",52.5112,-176.3948,182.07,4.7,mb,reviewed,us,us,211,7.1,4.891706161137441,1.0,31.327061611374408,1,0.0,0.0,0.0,0.0,0.0,0.0,0.0,0.0,53550.9,53550.9,53550.9,439.4,2445.0,1726.5,29855.5,0.008205277595708008,0.04565749595244898,0.032240354503845874,0.5575163069154767,0,0,0,0,47.0,53463.9,53550.9,52479.6,52377.5,50901.3,0.0016272662488146206,-0.020005266017938127,-0.04947816003092382,0,1,0
1484,ak017qtc925,2017-01-16,2017.0,1.0,AK,"30 km W of Elfin Cove, Alaska",58.1475,-136.8539,13.1,4.5,mb,reviewed,ak,ak,211,7.1,4.891706161137441,1.0,31.327061611374408,1,0.0,0.0,0.0,0.0,0.0,0.0,0.0,0.0,53550.9,53550.9,53550.9,439.4,2445.0,1726.5,29855.5,0.008205277595708008,0.04565749595244898,0.032240354503845874,0.5575163069154767,0,0,1,1,48.0,53463.9,53550.9,52479.6,52377.5,50901.3,0.0016272662488146206,-0.020005266017938127,-0.04947816003092382,0,1,0
1485,us10007tfl,2017-01-16,2017.0,1.0,AK,"69 km SE of Nikolski, Alaska",52.5713,-168.0338,41.85,4.9,mb,reviewed,us,us,211,7.1,4.891706161137441,1.0,31.327061611374408,1,0.0,0.0,0.0,0.0,0.0,0.0,0.0,0.0,53550.9,53550.9,53550.9,439.4,2445.0,1726.5,29855.5,0.008205277595708008,0.04565749595244898,0.032240354503845874,0.5575163069154767,0,0,1,0,52.0,53463.9,53550.9,52479.6,52377.5,50901.3,0.0016272662488146206,-0.020005266017938127,-0.04947816003092382,0,1,0
1486,ak017178gozn,2017-01-26,2017.0,1.0,AK,"52 km W of Skwentna, Alaska",62.0083,-152.3898,141.9,4.5,ml,reviewed,ak,ak,211,7.1,4.891706161137441,1.0,31.327061611374408,1,0.0,0.0,0.0,0.0,0.0,0.0,0.0,0.0,53550.9,53550.9,53550.9,439.4,2445.0,1726.5,29855.5,0.008205277595708008,0.04565749595244898,0.032240354503845874,0.5575163069154767,0,0,0,0,45.0,53463.9,53550.9,52479.6,52377.5,50901.3,0.0016272662488146206,-0.020005266017938127,-0.04947816003092382,0,1,0
1487,ak0171ff8vv1,2017-01-31,2017.0,1.0,AK,"64 km SE of Denali National Park, Alaska",63.0817,-150.9427,132.9,5.2,mw,reviewed,ak,ak,211,7.1,4.891706161137441,1.0,31.327061611374408,1,0.0,0.0,0.0,0.0,0.0,0.0,0.0,0.0,53550.9,53550.9,53550.9,439.4,2445.0,1726.5,29855.5,0.008205277595708008,0.04565749595244898,0.032240354503845874,0.5575163069154767,0,0,0,0,52.0,53463.9,53550.9,52479.6,52377.5,50901.3,0.0016272662488146206,-0.020005266017938127,-0.04947816003092382,0,1,0
1488,us20008m90,2017-02-24,2017.0,2.0,AK,"74 km NNW of Atka, Alaska",52.8334,-174.5239,191.95,4.5,mb,reviewed,us,us,211,7.1,4.891706161137441,1.0,31.327061611374408,1,0.0,0.0,0.0,0.0,0.0,0.0,0.0,0.0,53550.9,53550.9,53550.9,439.4,2445.0,1726.5,29855.5,0.008205277595708008,0.04565749595244898,0.032240354503845874,0.5575163069154767,0,0,0,0,45.0,53463.9,53550.9,52479.6,52377.5,50901.3,0.0016272662488146206,-0.020005266017938127,-0.04947816003092382,0,1,0
1489,ak0172sx1gks,2017-03-02,2017.0,3.0,AK,"48 km WNW of Nanwalek, Alaska",59.5785,-152.6546,78.0,5.6,mw,reviewed,ak,ak,211,7.1,4.891706161137441,1.0,31.327061611374408,1,0.0,0.0,0.0,0.0,0.0,0.0,0.0,0.0,53550.9,53550.9,53550.9,439.4,2445.0,1726.5,29855.5,0.008205277595708008,0.04565749595244898,0.032240354503845874,0.5575163069154767,0,0,0,0,56.0,53463.9,53550.9,52479.6,52377.5,50901.3,0.0016272662488146206,-0.020005266017938127,-0.04947816003092382,0,1,0
1490,us100087jw,2017-03-07,2017.0,3.0,AK,"139 km SW of Nikolski, Alaska",52.1967,-170.5106,35.0,4.5,mb,reviewed,us,us,211,7.1,4.891706161137441,1.0,31.327061611374408,1,0.0,0.0,0.0,0.0,0.0,0.0,0.0,0.0,53550.9,53550.9,53550.9,439.4,2445.0,1726.5,29855.5,0.008205277595708008,0.04565749595244898,0.032240354503845874,0.5575163069154767,0,0,1,0,48.0,53463.9,53550.9,52479.6,52377.5,50901.3,0.0016272662488146206,-0.020005266017938127,-0.04947816003092382,0,1,0
1491,hv61636051,2017-03-09,2017.0,3.0,HI,"70 km NNE of Kualapu‘u, Hawaii",21.7665,-156.8655,31.88,4.7,ml,reviewed,hv,hv,211,7.1,4.891706161137441,1.0,31.327061611374408,1,0.0,0.0,0.0,0.0,0.0,0.0,0.0,0.0,87436.4,87436.4,87436.4,492.8,5274.4,1565.9,61806.5,0.005636096637098509,0.060322703130504,0.017909017297143982,0.7068737962679159,0,0,1,0,50.0,85670.4,87436.4,88836.4,88855.2,79696.8,0.020613887643806963,0.01601163817357531,-0.08851691057728808,0,1,0
1492,us10008e99,2017-04-04,2017.0,4.0,AK,"68 km SSE of Adak, Alaska",51.2672,-176.4352,26.56,5.1,mww,reviewed,us,us,211,7.1,4.891706161137441,1.0,31.327061611374408,1,0.0,0.0,0.0,0.0,0.0,0.0,0.0,0.0,53550.9,53550.9,53550.9,439.4,2445.0,1726.5,29855.5,0.008205277595708008,0.04565749595244898,0.032240354503845874,0.5575163069154767,0,0,1,0,54.0,53463.9,53550.9,52479.6,52377.5,50901.3,0.0016272662488146206,-0.020005266017938127,-0.04947816003092382,0,1,0
1493,us10008ea0,2017-04-04,2017.0,4.0,AK,"69 km SSE of Adak, Alaska",51.2609,-176.4088,23.67,5.0,mww,reviewed,us,us,211,7.1,4.891706161137441,1.0,31.327061611374408,1,0.0,0.0,0.0,0.0,0.0,0.0,0.0,0.0,53550.9,53550.9,53550.9,439.4,2445.0,1726.5,29855.5,0.008205277595708008,0.04565749595244898,0.032240354503845874,0.5575163069154767,0,0,1,0,53.0,53463.9,53550.9,52479.6,52377.5,50901.3,0.0016272662488146206,-0.020005266017938127,-0.04947816003092382,0,1,0
1494,us10008ea9,2017-04-04,2017.0,4.0,AK,"65 km SSE of Adak, Alaska",51.3045,-176.424,30.4,4.6,mb,reviewed,ak,us,211,7.1,4.891706161137441,1.0,31.327061611374408,1,0.0,0.0,0.0,0.0,0.0,0.0,0.0,0.0,53550.9,53550.9,53550.9,439.4,2445.0,1726.5,29855.5,0.008205277595708008,0.04565749595244898,0.032240354503845874,0.5575163069154767,0,0,1,0,49.0,53463.9,53550.9,52479.6,52377.5,50901.3,0.0016272662488146206,-0.020005266017938127,-0.04947816003092382,0,1,0
1495,us10008ef7,2017-04-04,2017.0,4.0,AK,"78 km SSE of Adak, Alaska",51.1865,-176.3772,17.0,5.6,mww,reviewed,us,us,211,7.1,4.891706161137441,1.0,31.327061611374408,1,0.0,0.0,0.0,0.0,0.0,0.0,0.0,0.0,53550.9,53550.9,53550.9,439.4,2445.0,1726.5,29855.5,0.008205277595708008,0.04565749595244898,0.032240354503845874,0.5575163069154767,0,0,1,1,59.0,53463.9,53550.9,52479.6,52377.5,50901.3,0.0016272662488146206,-0.020005266017938127,-0.04947816003092382,0,1,0
1496,ak0175dscmy7,2017-04-27,2017.0,4.0,AK,"39 km W of Karluk, Alaska",57.6193,-155.1048,1.0,5.0,mw,reviewed,ak,ak,211,7.1,4.891706161137441,1.0,31.327061611374408,1,0.0,0.0,0.0,0.0,0.0,0.0,0.0,0.0,53550.9,53550.9,53550.9,439.4,2445.0,1726.5,29855.5,0.008205277595708008,0.04565749595244898,0.032240354503845874,0.5575163069154767,0,0,1,1,53.0,53463.9,53550.9,52479.6,52377.5,50901.3,0.0016272662488146206,-0.020005266017938127,-0.04947816003092382,0,1,0
1497,us10008lih,2017-04-28,2017.0,4.0,AK,"129 km WSW of Adak, Alaska",51.4941,-178.4114,52.42,4.7,mb,reviewed,us,us,211,7.1,4.891706161137441,1.0,31.327061611374408,1,0.0,0.0,0.0,0.0,0.0,0.0,0.0,0.0,53550.9,53550.9,53550.9,439.4,2445.0,1726.5,29855.5,0.008205277595708008,0.04565749595244898,0.032240354503845874,0.5575163069154767,0,0,1,0,50.0,53463.9,53550.9,52479.6,52377.5,50901.3,0.0016272662488146206,-0.020005266017938127,-0.04947816003092382,0,1,0
1498,us10008mcx,2017-05-01,2017.0,5.0,AK,"101 km WSW of Nikolski, Alaska",52.4457,-170.1166,54.52,4.7,mb,reviewed,us,us,211,7.1,4.891706161137441,1.0,31.327061611374408,1,0.0,0.0,0.0,0.0,0.0,0.0,0.0,0.0,53550.9,53550.9,53550.9,439.4,2445.0,1726.5,29855.5,0.008205277595708008,0.04565749595244898,0.032240354503845874,0.5575163069154767,0,0,1,0,50.0,53463.9,53550.9,52479.6,52377.5,50901.3,0.0016272662488146206,-0.020005266017938127,-0.04947816003092382,0,1,0
1499,us10008mgu,2017-05-01,2017.0,5.0,AK,"48 km NW of Mosquito Lake, Alaska",59.8295,-136.7042,2.53,6.3,mww,reviewed,pgc,us,211,7.1,4.891706161137441,1.0,31.327061611374408,1,0.0,0.0,0.0,0.0,0.0,0.0,0.0,0.0,53550.9,53550.9,53550.9,439.4,2445.0,1726.5,29855.5,0.008205277595708008,0.04565749595244898,0.032240354503845874,0.5575163069154767,0,1,1,1,76.0,53463.9,53550.9,52479.6,52377.5,50901.3,0.0016272662488146206,-0.020005266017938127,-0.04947816003092382,0,1,0
1500,us10008mi7,2017-05-01,2017.0,5.0,AK,"37 km NW of Mosquito Lake, Alaska",59.7489,-136.6058,10.0,4.8,mb,reviewed,us,us,211,7.1,4.891706161137441,1.0,31.327061611374408,1,0.0,0.0,0.0,0.0,0.0,0.0,0.0,0.0,53550.9,53550.9,53550.9,439.4,2445.0,1726.5,29855.5,0.008205277595708008,0.04565749595244898,0.032240354503845874,0.5575163069154767,0,0,1,1,51.0,53463.9,53550.9,52479.6,52377.5,50901.3,0.0016272662488146206,-0.020005266017938127,-0.04947816003092382,0,1,0
1501,us10008rky,2017-05-01,2017.0,5.0,AK,"41 km NW of Mosquito Lake, Alaska",59.7772,-136.6292,4.09,5.6,mb,reviewed,us,us,211,7.1,4.891706161137441,1.0,31.327061611374408,1,0.0,0.0,0.0,0.0,0.0,0.0,0.0,0.0,53550.9,53550.9,53550.9,439.4,2445.0,1726.5,29855.5,0.008205277595708008,0.04565749595244898,0.032240354503845874,0.5575163069154767,0,0,1,1,59.0,53463.9,53550.9,52479.6,52377.5,50901.3,0.0016272662488146206,-0.020005266017938127,-0.04947816003092382,0,1,0
1502,us10008p4h,2017-05-04,2017.0,5.0,AK,"45 km NW of Mosquito Lake, Alaska",59.8032,-136.6826,10.0,4.7,mwr,reviewed,us,pgc,211,7.1,4.891706161137441,1.0,31.327061611374408,1,0.0,0.0,0.0,0.0,0.0,0.0,0.0,0.0,53550.9,53550.9,53550.9,439.4,2445.0,1726.5,29855.5,0.008205277595708008,0.04565749595244898,0.032240354503845874,0.5575163069154767,0,0,1,1,50.0,53463.9,53550.9,52479.6,52377.5,50901.3,0.0016272662488146206,-0.020005266017938127,-0.04947816003092382,0,1,0
1503,us10008q64,2017-05-06,2017.0,5.0,AK,"146 km SW of Nikolski, Alaska",52.1121,-170.5434,31.66,5.2,mww,reviewed,us,us,211,7.1,4.891706161137441,1.0,31.327061611374408,1,0.0,0.0,0.0,0.0,0.0,0.0,0.0,0.0,53550.9,53550.9,53550.9,439.4,2445.0,1726.5,29855.5,0.008205277595708008,0.04565749595244898,0.032240354503845874,0.5575163069154767,0,0,1,0,55.0,53463.9,53550.9,52479.6,52377.5,50901.3,0.0016272662488146206,-0.020005266017938127,-0.04947816003092382,0,1,0
1504,ak0175u3s7id,2017-05-07,2017.0,5.0,AK,"14 km N of Ninilchik, Alaska",60.1828,-151.6783,67.2,5.3,mw,reviewed,ak,ak,211,7.1,4.891706161137441,1.0,31.327061611374408,1,0.0,0.0,0.0,0.0,0.0,0.0,0.0,0.0,53550.9,53550.9,53550.9,439.4,2445.0,1726.5,29855.5,0.008205277595708008,0.04565749595244898,0.032240354503845874,0.5575163069154767,0,0,1,0,56.0,53463.9,53550.9,52479.6,52377.5,50901.3,0.0016272662488146206,-0.020005266017938127,-0.04947816003092382,0,1,0
1505,us10008qh7,2017-05-08,2017.0,5.0,AK,"95 km SSW of Adak, Alaska",51.045,-176.9868,17.0,5.9,mww,reviewed,us,us,211,7.1,4.891706161137441,1.0,31.327061611374408,1,0.0,0.0,0.0,0.0,0.0,0.0,0.0,0.0,53550.9,53550.9,53550.9,439.4,2445.0,1726.5,29855.5,0.008205277595708008,0.04565749595244898,0.032240354503845874,0.5575163069154767,0,0,1,1,62.0,53463.9,53550.9,52479.6,52377.5,50901.3,0.0016272662488146206,-0.020005266017938127,-0.04947816003092382,0,1,0
1506,us10008qid,2017-05-08,2017.0,5.0,AK,"135 km WSW of Adak, Alaska",51.6484,-178.5607,10.0,4.6,mb,reviewed,us,us,211,7.1,4.891706161137441,1.0,31.327061611374408,1,0.0,0.0,0.0,0.0,0.0,0.0,0.0,0.0,53550.9,53550.9,53550.9,439.4,2445.0,1726.5,29855.5,0.008205277595708008,0.04565749595244898,0.032240354503845874,0.5575163069154767,0,0,1,1,49.0,53463.9,53550.9,52479.6,52377.5,50901.3,0.0016272662488146206,-0.020005266017938127,-0.04947816003092382,0,1,0
1507,us10008qiw,2017-05-08,2017.0,5.0,AK,"138 km W of Adak, Alaska",51.7023,-178.6229,10.0,4.5,mb,reviewed,us,us,211,7.1,4.891706161137441,1.0,31.327061611374408,1,0.0,0.0,0.0,0.0,0.0,0.0,0.0,0.0,53550.9,53550.9,53550.9,439.4,2445.0,1726.5,29855.5,0.008205277595708008,0.04565749595244898,0.032240354503845874,0.5575163069154767,0,0,1,1,48.0,53463.9,53550.9,52479.6,52377.5,50901.3,0.0016272662488146206,-0.020005266017938127,-0.04947816003092382,0,1,0
1508,us10008qka,2017-05-08,2017.0,5.0,AK,"130 km WSW of Adak, Alaska",51.6559,-178.4856,10.0,5.0,mb,reviewed,us,us,211,7.1,4.891706161137441,1.0,31.327061611374408,1,0.0,0.0,0.0,0.0,0.0,0.0,0.0,0.0,53550.9,53550.9,53550.9,439.4,2445.0,1726.5,29855.5,0.008205277595708008,0.04565749595244898,0.032240354503845874,0.5575163069154767,0,0,1,1,53.0,53463.9,53550.9,52479.6,52377.5,50901.3,0.0016272662488146206,-0.020005266017938127,-0.04947816003092382,0,1,0
1509,us10008qlf,2017-05-08,2017.0,5.0,AK,"130 km W of Adak, Alaska",51.6927,-178.5013,10.0,4.7,mb,reviewed,us,us,211,7.1,4.891706161137441,1.0,31.327061611374408,1,0.0,0.0,0.0,0.0,0.0,0.0,0.0,0.0,53550.9,53550.9,53550.9,439.4,2445.0,1726.5,29855.5,0.008205277595708008,0.04565749595244898,0.032240354503845874,0.5575163069154767,0,0,1,1,50.0,53463.9,53550.9,52479.6,52377.5,50901.3,0.0016272662488146206,-0.020005266017938127,-0.04947816003092382,0,1,0
1510,us10008qmg,2017-05-08,2017.0,5.0,AK,"129 km W of Adak, Alaska",51.6912,-178.4841,10.0,4.6,mb,reviewed,us,us,211,7.1,4.891706161137441,1.0,31.327061611374408,1,0.0,0.0,0.0,0.0,0.0,0.0,0.0,0.0,53550.9,53550.9,53550.9,439.4,2445.0,1726.5,29855.5,0.008205277595708008,0.04565749595244898,0.032240354503845874,0.5575163069154767,0,0,1,1,49.0,53463.9,53550.9,52479.6,52377.5,50901.3,0.0016272662488146206,-0.020005266017938127,-0.04947816003092382,0,1,0
1511,us10008rx9,2017-05-08,2017.0,5.0,AK,"106 km SSW of Adak, Alaska",50.9396,-176.9852,10.0,4.9,mb,reviewed,us,us,211,7.1,4.891706161137441,1.0,31.327061611374408,1,0.0,0.0,0.0,0.0,0.0,0.0,0.0,0.0,53550.9,53550.9,53550.9,439.4,2445.0,1726.5,29855.5,0.008205277595708008,0.04565749595244898,0.032240354503845874,0.5575163069154767,0,0,1,1,52.0,53463.9,53550.9,52479.6,52377.5,50901.3,0.0016272662488146206,-0.020005266017938127,-0.04947816003092382,0,1,0
1512,us10008rxk,2017-05-08,2017.0,5.0,AK,"129 km WSW of Adak, Alaska",51.6424,-178.4713,10.0,4.6,mb,reviewed,us,us,211,7.1,4.891706161137441,1.0,31.327061611374408,1,0.0,0.0,0.0,0.0,0.0,0.0,0.0,0.0,53550.9,53550.9,53550.9,439.4,2445.0,1726.5,29855.5,0.008205277595708008,0.04565749595244898,0.032240354503845874,0.5575163069154767,0,0,1,1,49.0,53463.9,53550.9,52479.6,52377.5,50901.3,0.0016272662488146206,-0.020005266017938127,-0.04947816003092382,0,1,0
1513,us10008qqm,2017-05-09,2017.0,5.0,AK,"97 km SSW of Adak, Alaska",51.0331,-177.0439,16.0,5.5,mww,reviewed,us,us,211,7.1,4.891706161137441,1.0,31.327061611374408,1,0.0,0.0,0.0,0.0,0.0,0.0,0.0,0.0,53550.9,53550.9,53550.9,439.4,2445.0,1726.5,29855.5,0.008205277595708008,0.04565749595244898,0.032240354503845874,0.5575163069154767,0,0,1,1,58.0,53463.9,53550.9,52479.6,52377.5,50901.3,0.0016272662488146206,-0.020005266017938127,-0.04947816003092382,0,1,0
1514,us10008qrw,2017-05-09,2017.0,5.0,AK,"105 km SSW of Adak, Alaska",50.9688,-177.091,10.0,4.6,mb,reviewed,us,us,211,7.1,4.891706161137441,1.0,31.327061611374408,1,0.0,0.0,0.0,0.0,0.0,0.0,0.0,0.0,53550.9,53550.9,53550.9,439.4,2445.0,1726.5,29855.5,0.008205277595708008,0.04565749595244898,0.032240354503845874,0.5575163069154767,0,0,1,1,49.0,53463.9,53550.9,52479.6,52377.5,50901.3,0.0016272662488146206,-0.020005266017938127,-0.04947816003092382,0,1,0
1515,us10008qz2,2017-05-09,2017.0,5.0,AK,"124 km W of Adak, Alaska",51.7528,-178.4255,10.0,4.8,mb,reviewed,us,us,211,7.1,4.891706161137441,1.0,31.327061611374408,1,0.0,0.0,0.0,0.0,0.0,0.0,0.0,0.0,53550.9,53550.9,53550.9,439.4,2445.0,1726.5,29855.5,0.008205277595708008,0.04565749595244898,0.032240354503845874,0.5575163069154767,0,0,1,1,51.0,53463.9,53550.9,52479.6,52377.5,50901.3,0.0016272662488146206,-0.020005266017938127,-0.04947816003092382,0,1,0
1516,us10008r2h,2017-05-10,2017.0,5.0,AK,"127 km W of Adak, Alaska",51.7607,-178.4805,11.0,5.8,mww,reviewed,us,us,211,7.1,4.891706161137441,1.0,31.327061611374408,1,0.0,0.0,0.0,0.0,0.0,0.0,0.0,0.0,53550.9,53550.9,53550.9,439.4,2445.0,1726.5,29855.5,0.008205277595708008,0.04565749595244898,0.032240354503845874,0.5575163069154767,0,0,1,1,61.0,53463.9,53550.9,52479.6,52377.5,50901.3,0.0016272662488146206,-0.020005266017938127,-0.04947816003092382,0,1,0
1517,us10008r89,2017-05-10,2017.0,5.0,AK,"133 km W of Adak, Alaska",51.7638,-178.5601,19.85,5.1,mww,reviewed,us,us,211,7.1,4.891706161137441,1.0,31.327061611374408,1,0.0,0.0,0.0,0.0,0.0,0.0,0.0,0.0,53550.9,53550.9,53550.9,439.4,2445.0,1726.5,29855.5,0.008205277595708008,0.04565749595244898,0.032240354503845874,0.5575163069154767,0,0,1,1,54.0,53463.9,53550.9,52479.6,52377.5,50901.3,0.0016272662488146206,-0.020005266017938127,-0.04947816003092382,0,1,0
1518,us10008w83,2017-05-10,2017.0,5.0,AK,"132 km WSW of Adak, Alaska",51.4908,-178.4422,6.4,4.7,ml,reviewed,us,ak,211,7.1,4.891706161137441,1.0,31.327061611374408,1,0.0,0.0,0.0,0.0,0.0,0.0,0.0,0.0,53550.9,53550.9,53550.9,439.4,2445.0,1726.5,29855.5,0.008205277595708008,0.04565749595244898,0.032240354503845874,0.5575163069154767,0,0,1,1,50.0,53463.9,53550.9,52479.6,52377.5,50901.3,0.0016272662488146206,-0.020005266017938127,-0.04947816003092382,0,1,0
1519,us10008s1v,2017-05-12,2017.0,5.0,AK,"75 km WSW of False Pass, Alaska",54.6939,-164.5535,3.42,4.9,mb,reviewed,us,us,211,7.1,4.891706161137441,1.0,31.327061611374408,1,0.0,0.0,0.0,0.0,0.0,0.0,0.0,0.0,53550.9,53550.9,53550.9,439.4,2445.0,1726.5,29855.5,0.008205277595708008,0.04565749595244898,0.032240354503845874,0.5575163069154767,0,0,1,1,52.0,53463.9,53550.9,52479.6,52377.5,50901.3,0.0016272662488146206,-0.020005266017938127,-0.04947816003092382,0,1,0
1520,us10008sjv,2017-05-15,2017.0,5.0,AK,"45 km ENE of Atka, Alaska",52.2945,-173.5499,10.0,4.8,mb,reviewed,us,us,211,7.1,4.891706161137441,1.0,31.327061611374408,1,0.0,0.0,0.0,0.0,0.0,0.0,0.0,0.0,53550.9,53550.9,53550.9,439.4,2445.0,1726.5,29855.5,0.008205277595708008,0.04565749595244898,0.032240354503845874,0.5575163069154767,0,0,1,1,51.0,53463.9,53550.9,52479.6,52377.5,50901.3,0.0016272662488146206,-0.020005266017938127,-0.04947816003092382,0,1,0
1521,us10008usi,2017-05-24,2017.0,5.0,AK,"126 km SE of Akutan, Alaska",53.3072,-164.4538,10.0,5.1,mww,reviewed,us,us,211,7.1,4.891706161137441,1.0,31.327061611374408,1,0.0,0.0,0.0,0.0,0.0,0.0,0.0,0.0,53550.9,53550.9,53550.9,439.4,2445.0,1726.5,29855.5,0.008205277595708008,0.04565749595244898,0.032240354503845874,0.5575163069154767,0,0,1,1,54.0,53463.9,53550.9,52479.6,52377.5,50901.3,0.0016272662488146206,-0.020005266017938127,-0.04947816003092382,0,1,0
1522,us10008uve,2017-05-24,2017.0,5.0,AK,"163 km ESE of Nikolski, Alaska",52.3223,-166.6654,10.54,5.3,mww,reviewed,us,us,211,7.1,4.891706161137441,1.0,31.327061611374408,1,0.0,0.0,0.0,0.0,0.0,0.0,0.0,0.0,53550.9,53550.9,53550.9,439.4,2445.0,1726.5,29855.5,0.008205277595708008,0.04565749595244898,0.032240354503845874,0.5575163069154767,0,0,1,1,56.0,53463.9,53550.9,52479.6,52377.5,50901.3,0.0016272662488146206,-0.020005266017938127,-0.04947816003092382,0,1,0
1523,us20009kqt,2017-06-05,2017.0,6.0,AK,"125 km WSW of Nikolski, Alaska",52.3438,-170.4349,43.88,4.7,mb,reviewed,us,us,211,7.1,4.891706161137441,1.0,31.327061611374408,1,0.0,0.0,0.0,0.0,0.0,0.0,0.0,0.0,53550.9,53550.9,53550.9,439.4,2445.0,1726.5,29855.5,0.008205277595708008,0.04565749595244898,0.032240354503845874,0.5575163069154767,0,0,1,0,50.0,53463.9,53550.9,52479.6,52377.5,50901.3,0.0016272662488146206,-0.020005266017938127,-0.04947816003092382,0,1,0
1524,hv61792931,2017-06-08,2017.0,6.0,HI,"15 km S of Fern Forest, Hawaii",19.33,-155.1206667,6.47,5.28,ml,reviewed,hv,hv,211,7.1,4.891706161137441,1.0,31.327061611374408,1,0.0,0.0,0.0,0.0,0.0,0.0,0.0,0.0,87436.4,87436.4,87436.4,492.8,5274.4,1565.9,61806.5,0.005636096637098509,0.060322703130504,0.017909017297143982,0.7068737962679159,0,0,1,1,55.800000000000004,85670.4,87436.4,88836.4,88855.2,79696.8,0.020613887643806963,0.01601163817357531,-0.08851691057728808,0,1,0
1525,hv61807446,2017-06-21,2017.0,6.0,HI,"16 km SSE of Naalehu, Hawaii",18.9255,-155.538,37.56,4.51,ml,reviewed,hv,hv,211,7.1,4.891706161137441,1.0,31.327061611374408,1,0.0,0.0,0.0,0.0,0.0,0.0,0.0,0.0,87436.4,87436.4,87436.4,492.8,5274.4,1565.9,61806.5,0.005636096637098509,0.060322703130504,0.017909017297143982,0.7068737962679159,0,0,1,0,48.099999999999994,85670.4,87436.4,88836.4,88855.2,79696.8,0.020613887643806963,0.01601163817357531,-0.08851691057728808,0,1,0
1526,us20009plg,2017-06-25,2017.0,6.0,AK,"171 km SW of Nikolski, Alaska",51.8993,-170.7315,37.22,4.7,mb,reviewed,us,us,211,7.1,4.891706161137441,1.0,31.327061611374408,1,0.0,0.0,0.0,0.0,0.0,0.0,0.0,0.0,53550.9,53550.9,53550.9,439.4,2445.0,1726.5,29855.5,0.008205277595708008,0.04565749595244898,0.032240354503845874,0.5575163069154767,0,0,1,0,50.0,53463.9,53550.9,52479.6,52377.5,50901.3,0.0016272662488146206,-0.020005266017938127,-0.04947816003092382,0,1,0
1527,us100095h9,2017-06-30,2017.0,6.0,AK,"49 km SW of False Pass, Alaska",54.5511,-163.9662,98.3,4.8,mb,reviewed,us,us,211,7.1,4.891706161137441,1.0,31.327061611374408,1,0.0,0.0,0.0,0.0,0.0,0.0,0.0,0.0,53550.9,53550.9,53550.9,439.4,2445.0,1726.5,29855.5,0.008205277595708008,0.04565749595244898,0.032240354503845874,0.5575163069154767,0,0,0,0,48.0,53463.9,53550.9,52479.6,52377.5,50901.3,0.0016272662488146206,-0.020005266017938127,-0.04947816003092382,0,1,0
1528,us1000975k,2017-07-06,2017.0,7.0,MT,"15 km S of Lincoln, Montana",46.8128,-112.665,14.73,5.0,mww,reviewed,us,us,211,7.1,4.891706161137441,1.0,31.327061611374408,1,0.0,0.0,0.0,0.0,0.0,0.0,0.0,0.0,48470.5,48470.5,48470.5,1383.6,2677.1,3252.0,32208.7,0.028545197594413096,0.05523153258167339,0.06709235514385038,0.6645010882908161,0,0,1,1,53.0,47189.6,48470.5,49455.0,50263.5,50062.9,0.027143692678047737,0.02031132338226344,0.03285297242652751,0,1,0
1529,us2000a2um,2017-07-31,2017.0,7.0,AK,"37 km ESE of Akutan, Alaska",53.9745,-165.2653,69.69,4.8,mb,reviewed,us,us,211,7.1,4.891706161137441,1.0,31.327061611374408,1,0.0,0.0,0.0,0.0,0.0,0.0,0.0,0.0,53550.9,53550.9,53550.9,439.4,2445.0,1726.5,29855.5,0.008205277595708008,0.04565749595244898,0.032240354503845874,0.5575163069154767,0,0,1,0,51.0,53463.9,53550.9,52479.6,52377.5,50901.3,0.0016272662488146206,-0.020005266017938127,-0.04947816003092382,0,1,0
1530,us2000a33t,2017-08-01,2017.0,8.0,AK,"27 km ESE of Adak, Alaska",51.8148,-176.2498,60.94,5.2,mb,reviewed,us,us,211,7.1,4.891706161137441,1.0,31.327061611374408,1,0.0,0.0,0.0,0.0,0.0,0.0,0.0,0.0,53550.9,53550.9,53550.9,439.4,2445.0,1726.5,29855.5,0.008205277595708008,0.04565749595244898,0.032240354503845874,0.5575163069154767,0,0,1,0,55.0,53463.9,53550.9,52479.6,52377.5,50901.3,0.0016272662488146206,-0.020005266017938127,-0.04947816003092382,0,1,0
1531,us2000a508,2017-08-05,2017.0,8.0,AK,"138 km WSW of Adak, Alaska",51.5096,-178.5505,10.0,4.8,mb,reviewed,us,us,211,7.1,4.891706161137441,1.0,31.327061611374408,1,0.0,0.0,0.0,0.0,0.0,0.0,0.0,0.0,53550.9,53550.9,53550.9,439.4,2445.0,1726.5,29855.5,0.008205277595708008,0.04565749595244898,0.032240354503845874,0.5575163069154767,0,0,1,1,51.0,53463.9,53550.9,52479.6,52377.5,50901.3,0.0016272662488146206,-0.020005266017938127,-0.04947816003092382,0,1,0
1532,us2000a68x,2017-08-09,2017.0,8.0,AK,"61 km SSW of Nikolski, Alaska",52.4023,-169.0496,29.0,5.5,mww,reviewed,us,us,211,7.1,4.891706161137441,1.0,31.327061611374408,1,0.0,0.0,0.0,0.0,0.0,0.0,0.0,0.0,53550.9,53550.9,53550.9,439.4,2445.0,1726.5,29855.5,0.008205277595708008,0.04565749595244898,0.032240354503845874,0.5575163069154767,0,0,1,0,58.0,53463.9,53550.9,52479.6,52377.5,50901.3,0.0016272662488146206,-0.020005266017938127,-0.04947816003092382,0,1,0
1533,us2000a690,2017-08-09,2017.0,8.0,AK,"55 km SSW of Nikolski, Alaska",52.4708,-169.1409,29.0,5.5,mww,reviewed,us,us,211,7.1,4.891706161137441,1.0,31.327061611374408,1,0.0,0.0,0.0,0.0,0.0,0.0,0.0,0.0,53550.9,53550.9,53550.9,439.4,2445.0,1726.5,29855.5,0.008205277595708008,0.04565749595244898,0.032240354503845874,0.5575163069154767,0,0,1,0,58.0,53463.9,53550.9,52479.6,52377.5,50901.3,0.0016272662488146206,-0.020005266017938127,-0.04947816003092382,0,1,0
1534,us2000a74n,2017-08-10,2017.0,8.0,AK,"154 km S of False Pass, Alaska",53.4706,-163.4501,11.56,4.7,mb,reviewed,us,us,211,7.1,4.891706161137441,1.0,31.327061611374408,1,0.0,0.0,0.0,0.0,0.0,0.0,0.0,0.0,53550.9,53550.9,53550.9,439.4,2445.0,1726.5,29855.5,0.008205277595708008,0.04565749595244898,0.032240354503845874,0.5575163069154767,0,0,1,1,50.0,53463.9,53550.9,52479.6,52377.5,50901.3,0.0016272662488146206,-0.020005266017938127,-0.04947816003092382,0,1,0
1535,ak017a8wiw06,2017-08-11,2017.0,8.0,AK,"43 km WNW of Happy Valley, Alaska",60.0677,-152.4702,95.7,4.9,ml,reviewed,ak,ak,211,7.1,4.891706161137441,1.0,31.327061611374408,1,0.0,0.0,0.0,0.0,0.0,0.0,0.0,0.0,53550.9,53550.9,53550.9,439.4,2445.0,1726.5,29855.5,0.008205277595708008,0.04565749595244898,0.032240354503845874,0.5575163069154767,0,0,0,0,49.0,53463.9,53550.9,52479.6,52377.5,50901.3,0.0016272662488146206,-0.020005266017938127,-0.04947816003092382,0,1,0
1536,us2000a7kz,2017-08-12,2017.0,8.0,AK,"219 km SSE of Old Harbor, Alaska",55.4005,-151.8735,10.0,4.7,mb,reviewed,us,us,211,7.1,4.891706161137441,1.0,31.327061611374408,1,0.0,0.0,0.0,0.0,0.0,0.0,0.0,0.0,53550.9,53550.9,53550.9,439.4,2445.0,1726.5,29855.5,0.008205277595708008,0.04565749595244898,0.032240354503845874,0.5575163069154767,0,0,1,1,50.0,53463.9,53550.9,52479.6,52377.5,50901.3,0.0016272662488146206,-0.020005266017938127,-0.04947816003092382,0,1,0
1537,us2000a7uy,2017-08-13,2017.0,8.0,AK,"7 km W of Adak, Alaska",51.8862,-176.7389,77.85,4.6,mb,reviewed,us,us,211,7.1,4.891706161137441,1.0,31.327061611374408,1,0.0,0.0,0.0,0.0,0.0,0.0,0.0,0.0,53550.9,53550.9,53550.9,439.4,2445.0,1726.5,29855.5,0.008205277595708008,0.04565749595244898,0.032240354503845874,0.5575163069154767,0,0,0,0,46.0,53463.9,53550.9,52479.6,52377.5,50901.3,0.0016272662488146206,-0.020005266017938127,-0.04947816003092382,0,1,0
1538,ak017b65zkfy,2017-08-31,2017.0,8.0,AK,"61 km NW of Aleneva, Alaska",58.4501,-153.6515,62.9,5.6,mw,reviewed,ak,ak,211,7.1,4.891706161137441,1.0,31.327061611374408,1,0.0,0.0,0.0,0.0,0.0,0.0,0.0,0.0,53550.9,53550.9,53550.9,439.4,2445.0,1726.5,29855.5,0.008205277595708008,0.04565749595244898,0.032240354503845874,0.5575163069154767,0,0,1,0,59.0,53463.9,53550.9,52479.6,52377.5,50901.3,0.0016272662488146206,-0.020005266017938127,-0.04947816003092382,0,1,0
1539,us2000aekg,2017-09-02,2017.0,9.0,ID,"12 km E of Soda Springs, Idaho",42.6474,-111.4492,9.52,5.3,mww,reviewed,us,us,211,7.1,4.891706161137441,1.0,31.327061611374408,1,0.0,0.0,0.0,0.0,0.0,0.0,0.0,0.0,72935.1,72935.1,72935.1,3232.1,3842.9,7936.1,47657.4,0.04431474009084788,0.052689308714185625,0.10881043557902847,0.6534220149146296,0,0,1,1,56.0,70442.5,72935.1,77652.1,81144.3,82711.6,0.03538488838414318,0.0646739361432287,0.13404382800599435,0,1,0
1540,us2000af79,2017-09-03,2017.0,9.0,ID,"10 km E of Soda Springs, Idaho",42.6381,-111.474,7.69,4.7,mww,reviewed,us,us,211,7.1,4.891706161137441,1.0,31.327061611374408,1,0.0,0.0,0.0,0.0,0.0,0.0,0.0,0.0,72935.1,72935.1,72935.1,3232.1,3842.9,7936.1,47657.4,0.04431474009084788,0.052689308714185625,0.10881043557902847,0.6534220149146296,0,0,1,1,50.0,70442.5,72935.1,77652.1,81144.3,82711.6,0.03538488838414318,0.0646739361432287,0.13404382800599435,0,1,0
1541,us2000agiz,2017-09-06,2017.0,9.0,ID,"11 km NNW of Georgetown, Idaho",42.572,-111.4444,10.0,4.6,mww,reviewed,us,us,211,7.1,4.891706161137441,1.0,31.327061611374408,1,0.0,0.0,0.0,0.0,0.0,0.0,0.0,0.0,72935.1,72935.1,72935.1,3232.1,3842.9,7936.1,47657.4,0.04431474009084788,0.052689308714185625,0.10881043557902847,0.6534220149146296,0,0,1,1,49.0,70442.5,72935.1,77652.1,81144.3,82711.6,0.03538488838414318,0.0646739361432287,0.13404382800599435,0,1,0
1542,us2000ahus,2017-09-08,2017.0,9.0,AK,"87 km S of Nikolski, Alaska",52.1642,-169.042,10.0,4.7,mb,reviewed,us,us,211,7.1,4.891706161137441,1.0,31.327061611374408,1,0.0,0.0,0.0,0.0,0.0,0.0,0.0,0.0,53550.9,53550.9,53550.9,439.4,2445.0,1726.5,29855.5,0.008205277595708008,0.04565749595244898,0.032240354503845874,0.5575163069154767,0,0,1,1,50.0,53463.9,53550.9,52479.6,52377.5,50901.3,0.0016272662488146206,-0.020005266017938127,-0.04947816003092382,0,1,0
1543,us2000aj9i,2017-09-10,2017.0,9.0,ID,"9 km NNW of Georgetown, Idaho",42.5629,-111.4155,9.83,5.0,mww,reviewed,us,us,211,7.1,4.891706161137441,1.0,31.327061611374408,1,0.0,0.0,0.0,0.0,0.0,0.0,0.0,0.0,72935.1,72935.1,72935.1,3232.1,3842.9,7936.1,47657.4,0.04431474009084788,0.052689308714185625,0.10881043557902847,0.6534220149146296,0,0,1,1,53.0,70442.5,72935.1,77652.1,81144.3,82711.6,0.03538488838414318,0.0646739361432287,0.13404382800599435,0,1,0
1544,us2000ajbt,2017-09-10,2017.0,9.0,ID,"12 km ESE of Soda Springs, Idaho",42.6074,-111.4701,4.56,4.7,mww,reviewed,us,us,211,7.1,4.891706161137441,1.0,31.327061611374408,1,0.0,0.0,0.0,0.0,0.0,0.0,0.0,0.0,72935.1,72935.1,72935.1,3232.1,3842.9,7936.1,47657.4,0.04431474009084788,0.052689308714185625,0.10881043557902847,0.6534220149146296,0,0,1,1,50.0,70442.5,72935.1,77652.1,81144.3,82711.6,0.03538488838414318,0.0646739361432287,0.13404382800599435,0,1,0
1545,ak017bptveou,2017-09-12,2017.0,9.0,AK,"147 km SE of Chignik, Alaska",55.2018,-157.0626,8.4,4.6,mb,reviewed,ak,ak,211,7.1,4.891706161137441,1.0,31.327061611374408,1,0.0,0.0,0.0,0.0,0.0,0.0,0.0,0.0,53550.9,53550.9,53550.9,439.4,2445.0,1726.5,29855.5,0.008205277595708008,0.04565749595244898,0.032240354503845874,0.5575163069154767,0,0,1,1,49.0,53463.9,53550.9,52479.6,52377.5,50901.3,0.0016272662488146206,-0.020005266017938127,-0.04947816003092382,0,1,0
1546,us2000apcc,2017-09-16,2017.0,9.0,AK,"54 km NW of Mosquito Lake, Alaska",59.8659,-136.7936,6.55,5.0,mwr,reviewed,us,us,211,7.1,4.891706161137441,1.0,31.327061611374408,1,0.0,0.0,0.0,0.0,0.0,0.0,0.0,0.0,53550.9,53550.9,53550.9,439.4,2445.0,1726.5,29855.5,0.008205277595708008,0.04565749595244898,0.032240354503845874,0.5575163069154767,0,0,1,1,53.0,53463.9,53550.9,52479.6,52377.5,50901.3,0.0016272662488146206,-0.020005266017938127,-0.04947816003092382,0,1,0
1547,us2000axbx,2017-10-01,2017.0,10.0,AK,"134 km SSW of Nikolski, Alaska",51.8964,-169.8483,29.89,4.5,mb,reviewed,us,us,211,7.1,4.891706161137441,1.0,31.327061611374408,1,0.0,0.0,0.0,0.0,0.0,0.0,0.0,0.0,53550.9,53550.9,53550.9,439.4,2445.0,1726.5,29855.5,0.008205277595708008,0.04565749595244898,0.032240354503845874,0.5575163069154767,0,0,1,0,48.0,53463.9,53550.9,52479.6,52377.5,50901.3,0.0016272662488146206,-0.020005266017938127,-0.04947816003092382,0,1,0
1548,us1000arj3,2017-10-13,2017.0,10.0,OR,"224 km W of Bandon, Oregon",43.4755,-127.1378,10.0,5.3,mww,reviewed,us,us,211,7.1,4.891706161137441,1.0,31.327061611374408,1,0.0,0.0,0.0,0.0,0.0,0.0,0.0,0.0,225534.5,225534.5,225534.5,3885.3,10077.3,31143.7,151028.9,0.017227076123608583,0.04468185576929472,0.13808840776023182,0.6696487677051626,0,0,1,1,56.0,214769.3,225534.5,234308.3,239794.8,236651.4,0.05012448240972994,0.03890225220531665,0.04929135010386435,0,1,0
1549,us1000aryx,2017-10-13,2017.0,10.0,AK,"77 km SW of Nikolski, Alaska",52.4908,-169.7436,47.04,4.6,mb,reviewed,us,us,211,7.1,4.891706161137441,1.0,31.327061611374408,1,0.0,0.0,0.0,0.0,0.0,0.0,0.0,0.0,53550.9,53550.9,53550.9,439.4,2445.0,1726.5,29855.5,0.008205277595708008,0.04565749595244898,0.032240354503845874,0.5575163069154767,0,0,1,0,49.0,53463.9,53550.9,52479.6,52377.5,50901.3,0.0016272662488146206,-0.020005266017938127,-0.04947816003092382,0,1,0
1550,us1000asqk,2017-10-16,2017.0,10.0,AK,"77 km SSW of Gambell, Alaska",63.1655,-172.4798,13.53,4.5,mb,reviewed,us,us,211,7.1,4.891706161137441,1.0,31.327061611374408,1,0.0,0.0,0.0,0.0,0.0,0.0,0.0,0.0,53550.9,53550.9,53550.9,439.4,2445.0,1726.5,29855.5,0.008205277595708008,0.04565749595244898,0.032240354503845874,0.5575163069154767,0,0,1,1,48.0,53463.9,53550.9,52479.6,52377.5,50901.3,0.0016272662488146206,-0.020005266017938127,-0.04947816003092382,0,1,0
1551,ak017df0437h,2017-10-19,2017.0,10.0,AK,Southern Alaska,59.7445,-153.1315,101.7,4.7,mw,reviewed,ak,ak,211,7.1,4.891706161137441,1.0,31.327061611374408,1,0.0,0.0,0.0,0.0,0.0,0.0,0.0,0.0,53550.9,53550.9,53550.9,439.4,2445.0,1726.5,29855.5,0.008205277595708008,0.04565749595244898,0.032240354503845874,0.5575163069154767,0,0,0,0,47.0,53463.9,53550.9,52479.6,52377.5,50901.3,0.0016272662488146206,-0.020005266017938127,-0.04947816003092382,0,1,0
1552,us2000bhw6,2017-11-03,2017.0,11.0,AK,"109 km S of Unalaska, Alaska",52.8986,-166.7915,30.96,4.6,mb,reviewed,us,us,211,7.1,4.891706161137441,1.0,31.327061611374408,1,0.0,0.0,0.0,0.0,0.0,0.0,0.0,0.0,53550.9,53550.9,53550.9,439.4,2445.0,1726.5,29855.5,0.008205277595708008,0.04565749595244898,0.032240354503845874,0.5575163069154767,0,0,1,0,49.0,53463.9,53550.9,52479.6,52377.5,50901.3,0.0016272662488146206,-0.020005266017938127,-0.04947816003092382,0,1,0
1553,ak017e7b798p,2017-11-05,2017.0,11.0,AK,"68 km E of Port Alsworth, Alaska",60.2253,-153.0759,139.6,4.8,mw,reviewed,ak,ak,211,7.1,4.891706161137441,1.0,31.327061611374408,1,0.0,0.0,0.0,0.0,0.0,0.0,0.0,0.0,53550.9,53550.9,53550.9,439.4,2445.0,1726.5,29855.5,0.008205277595708008,0.04565749595244898,0.032240354503845874,0.5575163069154767,0,0,0,0,48.0,53463.9,53550.9,52479.6,52377.5,50901.3,0.0016272662488146206,-0.020005266017938127,-0.04947816003092382,0,1,0
1554,us2000blzd,2017-11-11,2017.0,11.0,AK,"166 km WSW of Nikolski, Alaska",52.1898,-170.9865,52.19,4.6,mb,reviewed,us,us,211,7.1,4.891706161137441,1.0,31.327061611374408,1,0.0,0.0,0.0,0.0,0.0,0.0,0.0,0.0,53550.9,53550.9,53550.9,439.4,2445.0,1726.5,29855.5,0.008205277595708008,0.04565749595244898,0.032240354503845874,0.5575163069154767,0,0,1,0,49.0,53463.9,53550.9,52479.6,52377.5,50901.3,0.0016272662488146206,-0.020005266017938127,-0.04947816003092382,0,1,0
1555,us2000bpcr,2017-11-16,2017.0,11.0,AK,"68 km SW of Atka, Alaska",51.7747,-174.9358,47.16,4.6,mb,reviewed,us,us,211,7.1,4.891706161137441,1.0,31.327061611374408,1,0.0,0.0,0.0,0.0,0.0,0.0,0.0,0.0,53550.9,53550.9,53550.9,439.4,2445.0,1726.5,29855.5,0.008205277595708008,0.04565749595244898,0.032240354503845874,0.5575163069154767,0,0,1,0,49.0,53463.9,53550.9,52479.6,52377.5,50901.3,0.0016272662488146206,-0.020005266017938127,-0.04947816003092382,0,1,0
1556,ak017exu6cj1,2017-11-21,2017.0,11.0,AK,"122 km SE of Perryville, Alaska",55.1034,-157.8305,38.6,4.8,mb,reviewed,ak,ak,211,7.1,4.891706161137441,1.0,31.327061611374408,1,0.0,0.0,0.0,0.0,0.0,0.0,0.0,0.0,53550.9,53550.9,53550.9,439.4,2445.0,1726.5,29855.5,0.008205277595708008,0.04565749595244898,0.032240354503845874,0.5575163069154767,0,0,1,0,51.0,53463.9,53550.9,52479.6,52377.5,50901.3,0.0016272662488146206,-0.020005266017938127,-0.04947816003092382,0,1,0
1557,ak017f7s3c06,2017-11-27,2017.0,11.0,AK,"53 km SW of Tatitlek, Alaska",60.5552,-147.4303,16.6,5.3,mw,reviewed,ak,ak,211,7.1,4.891706161137441,1.0,31.327061611374408,1,0.0,0.0,0.0,0.0,0.0,0.0,0.0,0.0,53550.9,53550.9,53550.9,439.4,2445.0,1726.5,29855.5,0.008205277595708008,0.04565749595244898,0.032240354503845874,0.5575163069154767,0,0,1,1,56.0,53463.9,53550.9,52479.6,52377.5,50901.3,0.0016272662488146206,-0.020005266017938127,-0.04947816003092382,0,1,0
1558,us2000buq4,2017-11-27,2017.0,11.0,AK,"158 km SW of Nikolski, Alaska",51.9414,-170.5269,37.95,4.5,mb,reviewed,us,us,211,7.1,4.891706161137441,1.0,31.327061611374408,1,0.0,0.0,0.0,0.0,0.0,0.0,0.0,0.0,53550.9,53550.9,53550.9,439.4,2445.0,1726.5,29855.5,0.008205277595708008,0.04565749595244898,0.032240354503845874,0.5575163069154767,0,0,1,0,48.0,53463.9,53550.9,52479.6,52377.5,50901.3,0.0016272662488146206,-0.020005266017938127,-0.04947816003092382,0,1,0
1559,us1000bx6m,2017-12-28,2017.0,12.0,AK,"47 km NNW of Atka, Alaska",52.5838,-174.4876,182.14,4.8,mb,reviewed,us,us,211,7.1,4.891706161137441,1.0,31.327061611374408,1,0.0,0.0,0.0,0.0,0.0,0.0,0.0,0.0,53550.9,53550.9,53550.9,439.4,2445.0,1726.5,29855.5,0.008205277595708008,0.04565749595244898,0.032240354503845874,0.5575163069154767,0,0,0,0,48.0,53463.9,53550.9,52479.6,52377.5,50901.3,0.0016272662488146206,-0.020005266017938127,-0.04947816003092382,0,1,0
1560,ak018qj82t8,2018-01-16,2018.0,1.0,AK,"75 km SSW of Gambell, Alaska",63.1438,-172.2512,25.3,4.5,mw,reviewed,ak,ak,268,7.9,4.885932835820896,2.5,28.5484552238806,1,2.0,0.0,117.0,150.0,2.0,1650.0,8.0,7.9,52479.6,54762.0,54762.0,437.8,2573.8,1366.6,30701.0,0.007994594792009058,0.0469997443482707,0.024955260947372264,0.5606259815200322,1,0,1,0,53.0,53550.9,52479.6,52377.5,50901.3,51764.0,-0.020005266017938127,-0.0019455178774228186,-0.01363577466291661,4,0,>3
1561,ak018vt8d37,2018-01-19,2018.0,1.0,AK,"7 km SE of Ferry, Alaska",63.9765,-148.9897,129.3,4.6,mw,reviewed,ak,ak,268,7.9,4.885932835820896,2.5,28.5484552238806,1,2.0,0.0,117.0,150.0,2.0,1650.0,8.0,7.9,52479.6,54762.0,54762.0,437.8,2573.8,1366.6,30701.0,0.007994594792009058,0.0469997443482707,0.024955260947372264,0.5606259815200322,1,0,0,0,51.0,53550.9,52479.6,52377.5,50901.3,51764.0,-0.020005266017938127,-0.0019455178774228186,-0.01363577466291661,4,0,>3
1562,us2000cmy3,2018-01-23,2018.0,1.0,AK,"261 km SE of Chiniak, Alaska",56.0039,-149.1658,14.06,7.9,mww,reviewed,us,us,268,7.9,4.885932835820896,2.5,28.5484552238806,1,2.0,0.0,117.0,150.0,2.0,1650.0,8.0,7.9,52479.6,54762.0,54762.0,437.8,2573.8,1366.6,30701.0,0.007994594792009058,0.0469997443482707,0.024955260947372264,0.5606259815200322,1,1,1,1,97.0,53550.9,52479.6,52377.5,50901.3,51764.0,-0.020005266017938127,-0.0019455178774228186,-0.01363577466291661,4,0,>3
1563,us2000cmyc,2018-01-23,2018.0,1.0,AK,"245 km SE of Chiniak, Alaska",56.1526,-149.2522,17.34,4.8,mb,reviewed,us,us,268,7.9,4.885932835820896,2.5,28.5484552238806,1,2.0,0.0,117.0,150.0,2.0,1650.0,8.0,7.9,52479.6,54762.0,54762.0,437.8,2573.8,1366.6,30701.0,0.007994594792009058,0.0469997443482707,0.024955260947372264,0.5606259815200322,1,0,1,1,56.0,53550.9,52479.6,52377.5,50901.3,51764.0,-0.020005266017938127,-0.0019455178774228186,-0.01363577466291661,4,0,>3
1564,us2000cmz3,2018-01-23,2018.0,1.0,AK,"228 km SE of Chiniak, Alaska",56.0597,-149.8361,16.2,4.5,mb,reviewed,us,us,268,7.9,4.885932835820896,2.5,28.5484552238806,1,2.0,0.0,117.0,150.0,2.0,1650.0,8.0,7.9,52479.6,54762.0,54762.0,437.8,2573.8,1366.6,30701.0,0.007994594792009058,0.0469997443482707,0.024955260947372264,0.5606259815200322,1,0,1,1,53.0,53550.9,52479.6,52377.5,50901.3,51764.0,-0.020005266017938127,-0.0019455178774228186,-0.01363577466291661,4,0,>3
1565,us2000cn17,2018-01-23,2018.0,1.0,AK,"236 km SE of Chiniak, Alaska",56.2124,-149.3487,14.79,4.5,mb,reviewed,us,us,268,7.9,4.885932835820896,2.5,28.5484552238806,1,2.0,0.0,117.0,150.0,2.0,1650.0,8.0,7.9,52479.6,54762.0,54762.0,437.8,2573.8,1366.6,30701.0,0.007994594792009058,0.0469997443482707,0.024955260947372264,0.5606259815200322,1,0,1,1,53.0,53550.9,52479.6,52377.5,50901.3,51764.0,-0.020005266017938127,-0.0019455178774228186,-0.01363577466291661,4,0,>3
1566,us2000cn1e,2018-01-23,2018.0,1.0,AK,"228 km SE of Chiniak, Alaska",56.1003,-149.7526,16.91,5.0,mb,reviewed,us,us,268,7.9,4.885932835820896,2.5,28.5484552238806,1,2.0,0.0,117.0,150.0,2.0,1650.0,8.0,7.9,52479.6,54762.0,54762.0,437.8,2573.8,1366.6,30701.0,0.007994594792009058,0.0469997443482707,0.024955260947372264,0.5606259815200322,1,0,1,1,58.0,53550.9,52479.6,52377.5,50901.3,51764.0,-0.020005266017938127,-0.0019455178774228186,-0.01363577466291661,4,0,>3
1567,us2000cn20,2018-01-23,2018.0,1.0,AK,"288 km SE of Chiniak, Alaska",55.6658,-149.1705,5.74,4.8,mb,reviewed,us,us,268,7.9,4.885932835820896,2.5,28.5484552238806,1,2.0,0.0,117.0,150.0,2.0,1650.0,8.0,7.9,52479.6,54762.0,54762.0,437.8,2573.8,1366.6,30701.0,0.007994594792009058,0.0469997443482707,0.024955260947372264,0.5606259815200322,1,0,1,1,56.0,53550.9,52479.6,52377.5,50901.3,51764.0,-0.020005266017938127,-0.0019455178774228186,-0.01363577466291661,4,0,>3
1568,us2000cn4e,2018-01-23,2018.0,1.0,AK,"202 km SE of Chiniak, Alaska",56.1519,-150.289,10.0,4.5,mb,reviewed,us,us,268,7.9,4.885932835820896,2.5,28.5484552238806,1,2.0,0.0,117.0,150.0,2.0,1650.0,8.0,7.9,52479.6,54762.0,54762.0,437.8,2573.8,1366.6,30701.0,0.007994594792009058,0.0469997443482707,0.024955260947372264,0.5606259815200322,1,0,1,1,53.0,53550.9,52479.6,52377.5,50901.3,51764.0,-0.020005266017938127,-0.0019455178774228186,-0.01363577466291661,4,0,>3
1569,us2000cn6a,2018-01-23,2018.0,1.0,AK,"214 km SE of Chiniak, Alaska",56.1285,-150.0457,31.72,4.6,mb,reviewed,us,us,268,7.9,4.885932835820896,2.5,28.5484552238806,1,2.0,0.0,117.0,150.0,2.0,1650.0,8.0,7.9,52479.6,54762.0,54762.0,437.8,2573.8,1366.6,30701.0,0.007994594792009058,0.0469997443482707,0.024955260947372264,0.5606259815200322,1,0,1,0,54.0,53550.9,52479.6,52377.5,50901.3,51764.0,-0.020005266017938127,-0.0019455178774228186,-0.01363577466291661,4,0,>3
1570,us2000cndx,2018-01-23,2018.0,1.0,AK,"290 km SE of Chiniak, Alaska",55.6046,-149.2591,4.84,4.5,mb,reviewed,us,us,268,7.9,4.885932835820896,2.5,28.5484552238806,1,2.0,0.0,117.0,150.0,2.0,1650.0,8.0,7.9,52479.6,54762.0,54762.0,437.8,2573.8,1366.6,30701.0,0.007994594792009058,0.0469997443482707,0.024955260947372264,0.5606259815200322,1,0,1,1,53.0,53550.9,52479.6,52377.5,50901.3,51764.0,-0.020005266017938127,-0.0019455178774228186,-0.01363577466291661,4,0,>3
1571,us2000cngq,2018-01-23,2018.0,1.0,AK,"275 km ESE of Chiniak, Alaska",56.5996,-148.1359,10.0,5.3,mww,reviewed,us,us,268,7.9,4.885932835820896,2.5,28.5484552238806,1,2.0,0.0,117.0,150.0,2.0,1650.0,8.0,7.9,52479.6,54762.0,54762.0,437.8,2573.8,1366.6,30701.0,0.007994594792009058,0.0469997443482707,0.024955260947372264,0.5606259815200322,1,0,1,1,61.0,53550.9,52479.6,52377.5,50901.3,51764.0,-0.020005266017938127,-0.0019455178774228186,-0.01363577466291661,4,0,>3
1572,us2000cnh7,2018-01-24,2018.0,1.0,AK,"256 km ESE of Chiniak, Alaska",56.546,-148.5352,10.0,5.5,mww,reviewed,us,us,268,7.9,4.885932835820896,2.5,28.5484552238806,1,2.0,0.0,117.0,150.0,2.0,1650.0,8.0,7.9,52479.6,54762.0,54762.0,437.8,2573.8,1366.6,30701.0,0.007994594792009058,0.0469997443482707,0.024955260947372264,0.5606259815200322,1,0,1,1,63.0,53550.9,52479.6,52377.5,50901.3,51764.0,-0.020005266017938127,-0.0019455178774228186,-0.01363577466291661,4,0,>3
1573,us2000cp1a,2018-01-24,2018.0,1.0,AK,"227 km SE of Chiniak, Alaska",56.0338,-149.9167,11.27,5.0,mww,reviewed,us,us,268,7.9,4.885932835820896,2.5,28.5484552238806,1,2.0,0.0,117.0,150.0,2.0,1650.0,8.0,7.9,52479.6,54762.0,54762.0,437.8,2573.8,1366.6,30701.0,0.007994594792009058,0.0469997443482707,0.024955260947372264,0.5606259815200322,1,0,1,1,58.0,53550.9,52479.6,52377.5,50901.3,51764.0,-0.020005266017938127,-0.0019455178774228186,-0.01363577466291661,4,0,>3
1574,us2000cpba,2018-01-25,2018.0,1.0,CA,"175 km W of Ferndale, California",40.4556,-126.3332,8.88,5.8,mww,reviewed,us,us,268,7.9,4.885932835820896,2.5,28.5484552238806,1,0.0,0.0,0.0,0.0,0.0,0.0,0.0,0.0,2850970.3,2899530.9,2899530.9,39165.6,119459.0,325580.2,2067729.6,0.013507564275310878,0.04119942298252452,0.11228719790501285,0.7131255611036944,0,0,1,1,61.0,2740550.3,2850970.3,2969609.0,2930654.6,3151112.5,0.0402911780163276,0.041613446481711926,0.10527721035887333,0,1,0
1575,us2000cpiw,2018-01-25,2018.0,1.0,AK,"261 km SE of Chiniak, Alaska",55.7273,-149.7243,10.0,5.0,mww,reviewed,us,us,268,7.9,4.885932835820896,2.5,28.5484552238806,1,2.0,0.0,117.0,150.0,2.0,1650.0,8.0,7.9,52479.6,54762.0,54762.0,437.8,2573.8,1366.6,30701.0,0.007994594792009058,0.0469997443482707,0.024955260947372264,0.5606259815200322,1,0,1,1,58.0,53550.9,52479.6,52377.5,50901.3,51764.0,-0.020005266017938127,-0.0019455178774228186,-0.01363577466291661,4,0,>3
1576,us2000cpmf,2018-01-26,2018.0,1.0,AK,"269 km ESE of Chiniak, Alaska",56.3583,-148.4891,19.96,4.5,mb,reviewed,us,us,268,7.9,4.885932835820896,2.5,28.5484552238806,1,2.0,0.0,117.0,150.0,2.0,1650.0,8.0,7.9,52479.6,54762.0,54762.0,437.8,2573.8,1366.6,30701.0,0.007994594792009058,0.0469997443482707,0.024955260947372264,0.5606259815200322,1,0,1,1,53.0,53550.9,52479.6,52377.5,50901.3,51764.0,-0.020005266017938127,-0.0019455178774228186,-0.01363577466291661,4,0,>3
1577,us2000cpp3,2018-01-26,2018.0,1.0,AK,"248 km ESE of Chiniak, Alaska",56.5691,-148.6628,17.23,4.5,mb,reviewed,us,us,268,7.9,4.885932835820896,2.5,28.5484552238806,1,2.0,0.0,117.0,150.0,2.0,1650.0,8.0,7.9,52479.6,54762.0,54762.0,437.8,2573.8,1366.6,30701.0,0.007994594792009058,0.0469997443482707,0.024955260947372264,0.5606259815200322,1,0,1,1,53.0,53550.9,52479.6,52377.5,50901.3,51764.0,-0.020005266017938127,-0.0019455178774228186,-0.01363577466291661,4,0,>3
1578,us2000cqbw,2018-01-27,2018.0,1.0,AK,"227 km SE of Chiniak, Alaska",56.0716,-149.827,6.44,4.6,mwr,reviewed,us,us,268,7.9,4.885932835820896,2.5,28.5484552238806,1,2.0,0.0,117.0,150.0,2.0,1650.0,8.0,7.9,52479.6,54762.0,54762.0,437.8,2573.8,1366.6,30701.0,0.007994594792009058,0.0469997443482707,0.024955260947372264,0.5606259815200322,1,0,1,1,54.0,53550.9,52479.6,52377.5,50901.3,51764.0,-0.020005266017938127,-0.0019455178774228186,-0.01363577466291661,4,0,>3
1579,us2000cqu8,2018-01-29,2018.0,1.0,AK,"229 km SE of Chiniak, Alaska",56.0937,-149.7246,14.77,4.7,mb,reviewed,us,us,268,7.9,4.885932835820896,2.5,28.5484552238806,1,2.0,0.0,117.0,150.0,2.0,1650.0,8.0,7.9,52479.6,54762.0,54762.0,437.8,2573.8,1366.6,30701.0,0.007994594792009058,0.0469997443482707,0.024955260947372264,0.5606259815200322,1,0,1,1,55.0,53550.9,52479.6,52377.5,50901.3,51764.0,-0.020005266017938127,-0.0019455178774228186,-0.01363577466291661,4,0,>3
1580,us2000cr8s,2018-01-30,2018.0,1.0,AK,"36 km ESE of Adak, Alaska",51.7322,-176.1573,56.11,4.9,mb,reviewed,us,us,268,7.9,4.885932835820896,2.5,28.5484552238806,1,2.0,0.0,117.0,150.0,2.0,1650.0,8.0,7.9,52479.6,54762.0,54762.0,437.8,2573.8,1366.6,30701.0,0.007994594792009058,0.0469997443482707,0.024955260947372264,0.5606259815200322,1,0,1,0,57.0,53550.9,52479.6,52377.5,50901.3,51764.0,-0.020005266017938127,-0.0019455178774228186,-0.01363577466291661,4,0,>3
1581,us1000cdca,2018-01-31,2018.0,1.0,AK,"233 km SE of Chiniak, Alaska",56.4579,-149.0659,10.0,5.1,mww,reviewed,us,us,268,7.9,4.885932835820896,2.5,28.5484552238806,1,2.0,0.0,117.0,150.0,2.0,1650.0,8.0,7.9,52479.6,54762.0,54762.0,437.8,2573.8,1366.6,30701.0,0.007994594792009058,0.0469997443482707,0.024955260947372264,0.5606259815200322,1,0,1,1,59.0,53550.9,52479.6,52377.5,50901.3,51764.0,-0.020005266017938127,-0.0019455178774228186,-0.01363577466291661,4,0,>3
1582,us1000cg7h,2018-02-05,2018.0,2.0,AK,"241 km ESE of Chiniak, Alaska",56.5099,-148.8435,10.0,4.8,mb,reviewed,us,us,268,7.9,4.885932835820896,2.5,28.5484552238806,1,2.0,0.0,117.0,150.0,2.0,1650.0,8.0,7.9,52479.6,54762.0,54762.0,437.8,2573.8,1366.6,30701.0,0.007994594792009058,0.0469997443482707,0.024955260947372264,0.5606259815200322,1,0,1,1,56.0,53550.9,52479.6,52377.5,50901.3,51764.0,-0.020005266017938127,-0.0019455178774228186,-0.01363577466291661,4,0,>3
1583,us1000chh4,2018-02-06,2018.0,2.0,AK,"271 km ESE of Chiniak, Alaska",56.4045,-148.4018,10.0,4.6,mwr,reviewed,us,us,268,7.9,4.885932835820896,2.5,28.5484552238806,1,2.0,0.0,117.0,150.0,2.0,1650.0,8.0,7.9,52479.6,54762.0,54762.0,437.8,2573.8,1366.6,30701.0,0.007994594792009058,0.0469997443482707,0.024955260947372264,0.5606259815200322,1,0,1,1,54.0,53550.9,52479.6,52377.5,50901.3,51764.0,-0.020005266017938127,-0.0019455178774228186,-0.01363577466291661,4,0,>3
1584,ak0181u649m5,2018-02-09,2018.0,2.0,AK,"74 km WSW of Nanwalek, Alaska",59.0572,-153.0814,66.3,4.8,mw,reviewed,ak,ak,268,7.9,4.885932835820896,2.5,28.5484552238806,1,2.0,0.0,117.0,150.0,2.0,1650.0,8.0,7.9,52479.6,54762.0,54762.0,437.8,2573.8,1366.6,30701.0,0.007994594792009058,0.0469997443482707,0.024955260947372264,0.5606259815200322,1,0,1,0,56.0,53550.9,52479.6,52377.5,50901.3,51764.0,-0.020005266017938127,-0.0019455178774228186,-0.01363577466291661,4,0,>3
1585,us2000czef,2018-02-09,2018.0,2.0,AK,"231 km SE of Chiniak, Alaska",56.3576,-149.2464,15.18,4.5,mb,reviewed,us,us,268,7.9,4.885932835820896,2.5,28.5484552238806,1,2.0,0.0,117.0,150.0,2.0,1650.0,8.0,7.9,52479.6,54762.0,54762.0,437.8,2573.8,1366.6,30701.0,0.007994594792009058,0.0469997443482707,0.024955260947372264,0.5606259815200322,1,0,1,1,53.0,53550.9,52479.6,52377.5,50901.3,51764.0,-0.020005266017938127,-0.0019455178774228186,-0.01363577466291661,4,0,>3
1586,us2000d51e,2018-02-20,2018.0,2.0,AK,"96 km SE of Akutan, Alaska",53.5447,-164.7075,34.23,4.6,mww,reviewed,us,us,268,7.9,4.885932835820896,2.5,28.5484552238806,1,2.0,0.0,117.0,150.0,2.0,1650.0,8.0,7.9,52479.6,54762.0,54762.0,437.8,2573.8,1366.6,30701.0,0.007994594792009058,0.0469997443482707,0.024955260947372264,0.5606259815200322,1,0,1,0,54.0,53550.9,52479.6,52377.5,50901.3,51764.0,-0.020005266017938127,-0.0019455178774228186,-0.01363577466291661,4,0,>3
1587,us2000d7sr,2018-02-25,2018.0,2.0,AK,"49 km W of Nelson Lagoon, Alaska",56.0189,-162.0011,191.32,4.6,mb,reviewed,us,us,268,7.9,4.885932835820896,2.5,28.5484552238806,1,2.0,0.0,117.0,150.0,2.0,1650.0,8.0,7.9,52479.6,54762.0,54762.0,437.8,2573.8,1366.6,30701.0,0.007994594792009058,0.0469997443482707,0.024955260947372264,0.5606259815200322,1,0,0,0,51.0,53550.9,52479.6,52377.5,50901.3,51764.0,-0.020005266017938127,-0.0019455178774228186,-0.01363577466291661,4,0,>3
1588,us2000dbl2,2018-03-03,2018.0,3.0,AK,"102 km SSW of Nikolski, Alaska",52.0472,-169.2602,10.0,4.5,mb,reviewed,us,us,268,7.9,4.885932835820896,2.5,28.5484552238806,1,2.0,0.0,117.0,150.0,2.0,1650.0,8.0,7.9,52479.6,54762.0,54762.0,437.8,2573.8,1366.6,30701.0,0.007994594792009058,0.0469997443482707,0.024955260947372264,0.5606259815200322,1,0,1,1,53.0,53550.9,52479.6,52377.5,50901.3,51764.0,-0.020005266017938127,-0.0019455178774228186,-0.01363577466291661,4,0,>3
1589,us2000dbw6,2018-03-04,2018.0,3.0,AK,"231 km SE of Chiniak, Alaska",56.2341,-149.4301,10.12,4.5,mb,reviewed,us,us,268,7.9,4.885932835820896,2.5,28.5484552238806,1,2.0,0.0,117.0,150.0,2.0,1650.0,8.0,7.9,52479.6,54762.0,54762.0,437.8,2573.8,1366.6,30701.0,0.007994594792009058,0.0469997443482707,0.024955260947372264,0.5606259815200322,1,0,1,1,53.0,53550.9,52479.6,52377.5,50901.3,51764.0,-0.020005266017938127,-0.0019455178774228186,-0.01363577466291661,4,0,>3
1590,us1000d1wy,2018-03-09,2018.0,3.0,AK,"289 km SE of Chiniak, Alaska",55.6311,-149.2213,17.02,5.0,mww,reviewed,us,us,268,7.9,4.885932835820896,2.5,28.5484552238806,1,2.0,0.0,117.0,150.0,2.0,1650.0,8.0,7.9,52479.6,54762.0,54762.0,437.8,2573.8,1366.6,30701.0,0.007994594792009058,0.0469997443482707,0.024955260947372264,0.5606259815200322,1,0,1,1,58.0,53550.9,52479.6,52377.5,50901.3,51764.0,-0.020005266017938127,-0.0019455178774228186,-0.01363577466291661,4,0,>3
1591,us1000d1xl,2018-03-09,2018.0,3.0,AK,"287 km SE of Chiniak, Alaska",55.6488,-149.2338,6.04,4.6,mb,reviewed,us,us,268,7.9,4.885932835820896,2.5,28.5484552238806,1,2.0,0.0,117.0,150.0,2.0,1650.0,8.0,7.9,52479.6,54762.0,54762.0,437.8,2573.8,1366.6,30701.0,0.007994594792009058,0.0469997443482707,0.024955260947372264,0.5606259815200322,1,0,1,1,54.0,53550.9,52479.6,52377.5,50901.3,51764.0,-0.020005266017938127,-0.0019455178774228186,-0.01363577466291661,4,0,>3
1592,us1000d3mt,2018-03-13,2018.0,3.0,AK,"229 km SE of Chiniak, Alaska",55.9965,-149.9431,14.36,4.5,mb,reviewed,us,us,268,7.9,4.885932835820896,2.5,28.5484552238806,1,2.0,0.0,117.0,150.0,2.0,1650.0,8.0,7.9,52479.6,54762.0,54762.0,437.8,2573.8,1366.6,30701.0,0.007994594792009058,0.0469997443482707,0.024955260947372264,0.5606259815200322,1,0,1,1,53.0,53550.9,52479.6,52377.5,50901.3,51764.0,-0.020005266017938127,-0.0019455178774228186,-0.01363577466291661,4,0,>3
1593,us1000d7kc,2018-03-22,2018.0,3.0,AK,"269 km SE of Chiniak, Alaska",56.254,-148.6249,10.0,4.5,mb,reviewed,us,us,268,7.9,4.885932835820896,2.5,28.5484552238806,1,2.0,0.0,117.0,150.0,2.0,1650.0,8.0,7.9,52479.6,54762.0,54762.0,437.8,2573.8,1366.6,30701.0,0.007994594792009058,0.0469997443482707,0.024955260947372264,0.5606259815200322,1,0,1,1,53.0,53550.9,52479.6,52377.5,50901.3,51764.0,-0.020005266017938127,-0.0019455178774228186,-0.01363577466291661,4,0,>3
1594,ak0183tcw7lk,2018-03-24,2018.0,3.0,AK,"105 km SSE of Akhiok, Alaska",56.1123,-153.3455,25.1,4.6,ml,reviewed,ak,ak,268,7.9,4.885932835820896,2.5,28.5484552238806,1,2.0,0.0,117.0,150.0,2.0,1650.0,8.0,7.9,52479.6,54762.0,54762.0,437.8,2573.8,1366.6,30701.0,0.007994594792009058,0.0469997443482707,0.024955260947372264,0.5606259815200322,1,0,1,0,54.0,53550.9,52479.6,52377.5,50901.3,51764.0,-0.020005266017938127,-0.0019455178774228186,-0.01363577466291661,4,0,>3
1595,us1000d97r,2018-03-26,2018.0,3.0,AK,"272 km ESE of Chiniak, Alaska",56.3987,-148.3843,10.0,5.1,mww,reviewed,us,us,268,7.9,4.885932835820896,2.5,28.5484552238806,1,2.0,0.0,117.0,150.0,2.0,1650.0,8.0,7.9,52479.6,54762.0,54762.0,437.8,2573.8,1366.6,30701.0,0.007994594792009058,0.0469997443482707,0.024955260947372264,0.5606259815200322,1,0,1,1,59.0,53550.9,52479.6,52377.5,50901.3,51764.0,-0.020005266017938127,-0.0019455178774228186,-0.01363577466291661,4,0,>3
1596,us1000d9et,2018-03-27,2018.0,3.0,AK,"227 km ESE of Chiniak, Alaska",56.58,-149.0392,10.0,4.5,mb,reviewed,us,us,268,7.9,4.885932835820896,2.5,28.5484552238806,1,2.0,0.0,117.0,150.0,2.0,1650.0,8.0,7.9,52479.6,54762.0,54762.0,437.8,2573.8,1366.6,30701.0,0.007994594792009058,0.0469997443482707,0.024955260947372264,0.5606259815200322,1,0,1,1,53.0,53550.9,52479.6,52377.5,50901.3,51764.0,-0.020005266017938127,-0.0019455178774228186,-0.01363577466291661,4,0,>3
1597,us1000dayk,2018-03-29,2018.0,3.0,AK,"257 km ESE of Chiniak, Alaska",56.5136,-148.5537,10.0,4.6,mb,reviewed,us,us,268,7.9,4.885932835820896,2.5,28.5484552238806,1,2.0,0.0,117.0,150.0,2.0,1650.0,8.0,7.9,52479.6,54762.0,54762.0,437.8,2573.8,1366.6,30701.0,0.007994594792009058,0.0469997443482707,0.024955260947372264,0.5606259815200322,1,0,1,1,54.0,53550.9,52479.6,52377.5,50901.3,51764.0,-0.020005266017938127,-0.0019455178774228186,-0.01363577466291661,4,0,>3
1598,us1000dbrr,2018-03-31,2018.0,3.0,AK,"221 km SE of Chiniak, Alaska",56.0934,-149.9459,14.07,4.5,mb,reviewed,us,us,268,7.9,4.885932835820896,2.5,28.5484552238806,1,2.0,0.0,117.0,150.0,2.0,1650.0,8.0,7.9,52479.6,54762.0,54762.0,437.8,2573.8,1366.6,30701.0,0.007994594792009058,0.0469997443482707,0.024955260947372264,0.5606259815200322,1,0,1,1,53.0,53550.9,52479.6,52377.5,50901.3,51764.0,-0.020005266017938127,-0.0019455178774228186,-0.01363577466291661,4,0,>3
1599,us2000dvvk,2018-04-07,2018.0,4.0,AK,"228 km SE of Chiniak, Alaska",56.0572,-149.8451,5.28,5.2,mww,reviewed,us,us,268,7.9,4.885932835820896,2.5,28.5484552238806,1,2.0,0.0,117.0,150.0,2.0,1650.0,8.0,7.9,52479.6,54762.0,54762.0,437.8,2573.8,1366.6,30701.0,0.007994594792009058,0.0469997443482707,0.024955260947372264,0.5606259815200322,1,0,1,1,60.0,53550.9,52479.6,52377.5,50901.3,51764.0,-0.020005266017938127,-0.0019455178774228186,-0.01363577466291661,4,0,>3
1600,us2000dwui,2018-04-09,2018.0,4.0,OK,"8 km NNE of Marshall, Oklahoma",36.2185,-97.5735,4.935,4.6,mww,reviewed,tul,us,268,7.9,4.885932835820896,2.5,28.5484552238806,1,1.0,0.0,0.0,0.0,0.0,0.0,6.0,4.2,196030.5,204193.9,204193.9,2803.8,7429.7,18332.2,116091.7,0.013731066403061013,0.03638551396491276,0.08977839200877206,0.5685365723461866,1,0,1,1,54.0,192538.6,196030.5,200072.2,191377.0,194991.2,0.018136103617664167,0.020617709999209366,-0.005301726006922333,0,1,0
1601,us2000e0z5,2018-04-16,2018.0,4.0,AK,"155 km S of False Pass, Alaska",53.4538,-163.4684,10.0,4.6,mb,reviewed,us,us,268,7.9,4.885932835820896,2.5,28.5484552238806,1,2.0,0.0,117.0,150.0,2.0,1650.0,8.0,7.9,52479.6,54762.0,54762.0,437.8,2573.8,1366.6,30701.0,0.007994594792009058,0.0469997443482707,0.024955260947372264,0.5606259815200322,1,0,1,1,54.0,53550.9,52479.6,52377.5,50901.3,51764.0,-0.020005266017938127,-0.0019455178774228186,-0.01363577466291661,4,0,>3
1602,hv70116566,2018-05-04,2018.0,5.0,HI,"18 km S of Volcano, Hawaii",19.2728333,-155.2446667,7.91,4.61,ml,reviewed,hv,hv,268,7.9,4.885932835820896,2.5,28.5484552238806,1,1.0,0.0,0.0,0.0,0.0,0.0,7.0,6.9,88836.4,90933.5,90933.5,435.7,5269.1,1700.7,65222.1,0.0047914135054737805,0.0579445418905024,0.018702678330868163,0.7172505182358536,1,0,1,1,54.1,87436.4,88836.4,88855.2,79696.8,84532.0,0.01601163817357531,0.00021162496454159456,-0.04845311156237752,0,1,0
1603,hv70116601,2018-05-04,2018.0,5.0,HI,"9 km WSW of Volcano, Hawaii",19.4128333,-155.3158333,2.64,4.66,ml,reviewed,hv,hv,268,7.9,4.885932835820896,2.5,28.5484552238806,1,1.0,0.0,0.0,0.0,0.0,0.0,7.0,6.9,88836.4,90933.5,90933.5,435.7,5269.1,1700.7,65222.1,0.0047914135054737805,0.0579445418905024,0.018702678330868163,0.7172505182358536,1,0,1,1,54.6,87436.4,88836.4,88855.2,79696.8,84532.0,0.01601163817357531,0.00021162496454159456,-0.04845311156237752,0,1,0
1604,us1000dxwb,2018-05-04,2018.0,5.0,AK,"37 km SW of Sand Point, Alaska",55.1197,-160.9404,65.43,4.6,mb,reviewed,us,us,268,7.9,4.885932835820896,2.5,28.5484552238806,1,2.0,0.0,117.0,150.0,2.0,1650.0,8.0,7.9,52479.6,54762.0,54762.0,437.8,2573.8,1366.6,30701.0,0.007994594792009058,0.0469997443482707,0.024955260947372264,0.5606259815200322,1,0,1,0,54.0,53550.9,52479.6,52377.5,50901.3,51764.0,-0.020005266017938127,-0.0019455178774228186,-0.01363577466291661,4,0,>3
1605,hv70117041,2018-05-05,2018.0,5.0,HI,"17 km E of P?hala, Hawaii",19.215,-155.3168333,9.29,4.93,ml,reviewed,hv,hv,268,7.9,4.885932835820896,2.5,28.5484552238806,1,1.0,0.0,0.0,0.0,0.0,0.0,7.0,6.9,88836.4,90933.5,90933.5,435.7,5269.1,1700.7,65222.1,0.0047914135054737805,0.0579445418905024,0.018702678330868163,0.7172505182358536,1,0,1,1,57.3,87436.4,88836.4,88855.2,79696.8,84532.0,0.01601163817357531,0.00021162496454159456,-0.04845311156237752,0,1,0
1606,hv70117211,2018-05-05,2018.0,5.0,HI,"22 km SE of Leilani Estates, Hawaii",19.3163333,-154.7796667,10.55,4.75,ml,reviewed,hv,hv,268,7.9,4.885932835820896,2.5,28.5484552238806,1,1.0,0.0,0.0,0.0,0.0,0.0,7.0,6.9,88836.4,90933.5,90933.5,435.7,5269.1,1700.7,65222.1,0.0047914135054737805,0.0579445418905024,0.018702678330868163,0.7172505182358536,1,0,1,1,55.5,87436.4,88836.4,88855.2,79696.8,84532.0,0.01601163817357531,0.00021162496454159456,-0.04845311156237752,0,1,0
1607,us1000dzed,2018-05-06,2018.0,5.0,LA,"169 km SSE of Venice, Louisiana",27.871,-88.6778,10.0,4.6,mb,reviewed,us,us,268,7.9,4.885932835820896,2.5,28.5484552238806,1,0.0,0.0,0.0,0.0,0.0,0.0,0.0,0.0,245220.3,256444.4,256444.4,1751.0,16927.8,49941.9,147796.7,0.006827990784747103,0.0660096301576482,0.19474747742590598,0.5763303858458209,0,0,1,1,49.0,239830.7,245220.3,246674.4,225636.0,242582.1,0.02247251915622135,0.005929770088365465,-0.010758489407279833,0,1,0
1608,ak01860q4oj4,2018-05-11,2018.0,5.0,AK,"69 km W of Karluk, Alaska",57.4703,-155.5934,63.2,5.3,mw,reviewed,ak,ak,268,7.9,4.885932835820896,2.5,28.5484552238806,1,2.0,0.0,117.0,150.0,2.0,1650.0,8.0,7.9,52479.6,54762.0,54762.0,437.8,2573.8,1366.6,30701.0,0.007994594792009058,0.0469997443482707,0.024955260947372264,0.5606259815200322,1,0,1,0,61.0,53550.9,52479.6,52377.5,50901.3,51764.0,-0.020005266017938127,-0.0019455178774228186,-0.01363577466291661,4,0,>3
1609,hv70291696,2018-06-20,2018.0,6.0,HI,"15 km SSE of Fern Forest, Hawaii",19.3296667,-155.1046667,6.84,4.56,ml,reviewed,hv,hv,268,7.9,4.885932835820896,2.5,28.5484552238806,1,1.0,0.0,0.0,0.0,0.0,0.0,7.0,6.9,88836.4,90933.5,90933.5,435.7,5269.1,1700.7,65222.1,0.0047914135054737805,0.0579445418905024,0.018702678330868163,0.7172505182358536,1,0,1,1,53.599999999999994,87436.4,88836.4,88855.2,79696.8,84532.0,0.01601163817357531,0.00021162496454159456,-0.04845311156237752,0,1,0
1610,ak0188d4oyaj,2018-07-01,2018.0,7.0,AK,"63 km N of Petersville, Alaska",63.0676,-150.7973,117.3,5.0,mw,reviewed,ak,ak,268,7.9,4.885932835820896,2.5,28.5484552238806,1,2.0,0.0,117.0,150.0,2.0,1650.0,8.0,7.9,52479.6,54762.0,54762.0,437.8,2573.8,1366.6,30701.0,0.007994594792009058,0.0469997443482707,0.024955260947372264,0.5606259815200322,1,0,0,0,55.0,53550.9,52479.6,52377.5,50901.3,51764.0,-0.020005266017938127,-0.0019455178774228186,-0.01363577466291661,4,0,>3
1611,us2000ftxh,2018-07-02,2018.0,7.0,AK,"26 km ENE of False Pass, Alaska",54.958,-163.039,116.93,4.6,mb,reviewed,us,us,268,7.9,4.885932835820896,2.5,28.5484552238806,1,2.0,0.0,117.0,150.0,2.0,1650.0,8.0,7.9,52479.6,54762.0,54762.0,437.8,2573.8,1366.6,30701.0,0.007994594792009058,0.0469997443482707,0.024955260947372264,0.5606259815200322,1,0,0,0,51.0,53550.9,52479.6,52377.5,50901.3,51764.0,-0.020005266017938127,-0.0019455178774228186,-0.01363577466291661,4,0,>3
1612,ak0188rwahak,2018-07-10,2018.0,7.0,AK,"54 km N of Petersville, Alaska",62.9789,-150.6358,113.4,5.0,mw,reviewed,ak,ak,268,7.9,4.885932835820896,2.5,28.5484552238806,1,2.0,0.0,117.0,150.0,2.0,1650.0,8.0,7.9,52479.6,54762.0,54762.0,437.8,2573.8,1366.6,30701.0,0.007994594792009058,0.0469997443482707,0.024955260947372264,0.5606259815200322,1,0,0,0,55.0,53550.9,52479.6,52377.5,50901.3,51764.0,-0.020005266017938127,-0.0019455178774228186,-0.01363577466291661,4,0,>3
1613,us2000g3mn,2018-07-13,2018.0,7.0,AK,"95 km N of Adak, Alaska",52.7267,-176.5657,223.11,4.5,mb,reviewed,us,us,268,7.9,4.885932835820896,2.5,28.5484552238806,1,2.0,0.0,117.0,150.0,2.0,1650.0,8.0,7.9,52479.6,54762.0,54762.0,437.8,2573.8,1366.6,30701.0,0.007994594792009058,0.0469997443482707,0.024955260947372264,0.5606259815200322,1,0,0,0,50.0,53550.9,52479.6,52377.5,50901.3,51764.0,-0.020005266017938127,-0.0019455178774228186,-0.01363577466291661,4,0,>3
1614,us2000g4lk,2018-07-13,2018.0,7.0,AK,"247 km SE of Chiniak, Alaska",56.081,-149.3467,10.0,4.7,mb,reviewed,us,us,268,7.9,4.885932835820896,2.5,28.5484552238806,1,2.0,0.0,117.0,150.0,2.0,1650.0,8.0,7.9,52479.6,54762.0,54762.0,437.8,2573.8,1366.6,30701.0,0.007994594792009058,0.0469997443482707,0.024955260947372264,0.5606259815200322,1,0,1,1,55.0,53550.9,52479.6,52377.5,50901.3,51764.0,-0.020005266017938127,-0.0019455178774228186,-0.01363577466291661,4,0,>3
1615,us2000g83v,2018-07-18,2018.0,7.0,AK,"103 km S of Sand Point, Alaska",54.4223,-160.7673,29.65,5.6,mww,reviewed,us,us,268,7.9,4.885932835820896,2.5,28.5484552238806,1,2.0,0.0,117.0,150.0,2.0,1650.0,8.0,7.9,52479.6,54762.0,54762.0,437.8,2573.8,1366.6,30701.0,0.007994594792009058,0.0469997443482707,0.024955260947372264,0.5606259815200322,1,0,1,0,64.0,53550.9,52479.6,52377.5,50901.3,51764.0,-0.020005266017938127,-0.0019455178774228186,-0.01363577466291661,4,0,>3
1616,us2000g8u6,2018-07-19,2018.0,7.0,AK,"109 km SSW of Sand Point, Alaska",54.3748,-160.8516,10.0,4.5,mb,reviewed,us,us,268,7.9,4.885932835820896,2.5,28.5484552238806,1,2.0,0.0,117.0,150.0,2.0,1650.0,8.0,7.9,52479.6,54762.0,54762.0,437.8,2573.8,1366.6,30701.0,0.007994594792009058,0.0469997443482707,0.024955260947372264,0.5606259815200322,1,0,1,1,53.0,53550.9,52479.6,52377.5,50901.3,51764.0,-0.020005266017938127,-0.0019455178774228186,-0.01363577466291661,4,0,>3
1617,us2000gaii,2018-07-21,2018.0,7.0,AK,"102 km S of Sand Point, Alaska",54.4295,-160.8068,10.0,5.3,mww,reviewed,us,us,268,7.9,4.885932835820896,2.5,28.5484552238806,1,2.0,0.0,117.0,150.0,2.0,1650.0,8.0,7.9,52479.6,54762.0,54762.0,437.8,2573.8,1366.6,30701.0,0.007994594792009058,0.0469997443482707,0.024955260947372264,0.5606259815200322,1,0,1,1,61.0,53550.9,52479.6,52377.5,50901.3,51764.0,-0.020005266017938127,-0.0019455178774228186,-0.01363577466291661,4,0,>3
1618,ak0189f3njlc,2018-07-24,2018.0,7.0,AK,"134 km SE of Perryville, Alaska",55.087,-157.5911,26.1,4.5,ml,reviewed,ak,ak,268,7.9,4.885932835820896,2.5,28.5484552238806,1,2.0,0.0,117.0,150.0,2.0,1650.0,8.0,7.9,52479.6,54762.0,54762.0,437.8,2573.8,1366.6,30701.0,0.007994594792009058,0.0469997443482707,0.024955260947372264,0.5606259815200322,1,0,1,0,53.0,53550.9,52479.6,52377.5,50901.3,51764.0,-0.020005266017938127,-0.0019455178774228186,-0.01363577466291661,4,0,>3
1619,us2000gcng,2018-07-24,2018.0,7.0,OR,"194 km WSW of Pistol River, Oregon",41.8055,-126.6563,10.0,5.2,mww,reviewed,us,us,268,7.9,4.885932835820896,2.5,28.5484552238806,1,0.0,0.0,0.0,0.0,0.0,0.0,0.0,0.0,234308.3,238466.9,238466.9,4272.8,11216.9,31993.1,159890.7,0.017917790687093264,0.047037555316901423,0.13416159643120282,0.6704943117891834,0,0,1,1,55.0,225534.5,234308.3,239794.8,236651.4,250919.9,0.03890225220531665,0.023415730471349074,0.0708963361519844,0,1,0
1620,us2000gcvi,2018-07-24,2018.0,7.0,OR,"222 km WSW of Pistol River, Oregon",41.7482,-126.9917,10.0,4.9,mww,reviewed,us,us,268,7.9,4.885932835820896,2.5,28.5484552238806,1,0.0,0.0,0.0,0.0,0.0,0.0,0.0,0.0,234308.3,238466.9,238466.9,4272.8,11216.9,31993.1,159890.7,0.017917790687093264,0.047037555316901423,0.13416159643120282,0.6704943117891834,0,0,1,1,52.0,225534.5,234308.3,239794.8,236651.4,250919.9,0.03890225220531665,0.023415730471349074,0.0708963361519844,0,1,0
1621,us1000g47s,2018-08-06,2018.0,8.0,AK,"85 km SE of Atka, Alaska",51.6267,-173.3639,42.76,4.6,mb,reviewed,us,us,268,7.9,4.885932835820896,2.5,28.5484552238806,1,2.0,0.0,117.0,150.0,2.0,1650.0,8.0,7.9,52479.6,54762.0,54762.0,437.8,2573.8,1366.6,30701.0,0.007994594792009058,0.0469997443482707,0.024955260947372264,0.5606259815200322,1,0,1,0,54.0,53550.9,52479.6,52377.5,50901.3,51764.0,-0.020005266017938127,-0.0019455178774228186,-0.01363577466291661,4,0,>3
1622,ak018aap2cqu,2018-08-12,2018.0,8.0,AK,"89 km SW of Kaktovik, Alaska",69.5762,-145.291,15.8,6.4,mw,reviewed,ak,ak,268,7.9,4.885932835820896,2.5,28.5484552238806,1,2.0,0.0,117.0,150.0,2.0,1650.0,8.0,7.9,52479.6,54762.0,54762.0,437.8,2573.8,1366.6,30701.0,0.007994594792009058,0.0469997443482707,0.024955260947372264,0.5606259815200322,1,1,1,1,82.0,53550.9,52479.6,52377.5,50901.3,51764.0,-0.020005266017938127,-0.0019455178774228186,-0.01363577466291661,4,0,>3
1623,ak018aapbgq5,2018-08-12,2018.0,8.0,AK,"80 km SSW of Kaktovik, Alaska",69.4927,-144.6134,3.7,4.9,ml,reviewed,ak,ak,268,7.9,4.885932835820896,2.5,28.5484552238806,1,2.0,0.0,117.0,150.0,2.0,1650.0,8.0,7.9,52479.6,54762.0,54762.0,437.8,2573.8,1366.6,30701.0,0.007994594792009058,0.0469997443482707,0.024955260947372264,0.5606259815200322,1,0,1,1,57.0,53550.9,52479.6,52377.5,50901.3,51764.0,-0.020005266017938127,-0.0019455178774228186,-0.01363577466291661,4,0,>3
1624,ak018aapx4ef,2018-08-12,2018.0,8.0,AK,"81 km SW of Kaktovik, Alaska",69.5669,-144.9583,18.4,5.3,mw,reviewed,ak,ak,268,7.9,4.885932835820896,2.5,28.5484552238806,1,2.0,0.0,117.0,150.0,2.0,1650.0,8.0,7.9,52479.6,54762.0,54762.0,437.8,2573.8,1366.6,30701.0,0.007994594792009058,0.0469997443482707,0.024955260947372264,0.5606259815200322,1,0,1,1,61.0,53550.9,52479.6,52377.5,50901.3,51764.0,-0.020005266017938127,-0.0019455178774228186,-0.01363577466291661,4,0,>3
1625,ak018aasz24z,2018-08-12,2018.0,8.0,AK,"73 km SSW of Kaktovik, Alaska",69.5227,-144.3388,16.2,6.0,mw,reviewed,ak,ak,268,7.9,4.885932835820896,2.5,28.5484552238806,1,2.0,0.0,117.0,150.0,2.0,1650.0,8.0,7.9,52479.6,54762.0,54762.0,437.8,2573.8,1366.6,30701.0,0.007994594792009058,0.0469997443482707,0.024955260947372264,0.5606259815200322,1,1,1,1,78.0,53550.9,52479.6,52377.5,50901.3,51764.0,-0.020005266017938127,-0.0019455178774228186,-0.01363577466291661,4,0,>3
1626,ak018aat2htg,2018-08-12,2018.0,8.0,AK,"80 km SSW of Kaktovik, Alaska",69.4516,-144.3068,15.5,5.0,mw,reviewed,ak,ak,268,7.9,4.885932835820896,2.5,28.5484552238806,1,2.0,0.0,117.0,150.0,2.0,1650.0,8.0,7.9,52479.6,54762.0,54762.0,437.8,2573.8,1366.6,30701.0,0.007994594792009058,0.0469997443482707,0.024955260947372264,0.5606259815200322,1,0,1,1,58.0,53550.9,52479.6,52377.5,50901.3,51764.0,-0.020005266017938127,-0.0019455178774228186,-0.01363577466291661,4,0,>3
1627,ak018acfg224,2018-08-13,2018.0,8.0,AK,"72 km SSW of Kaktovik, Alaska",69.5469,-144.459,17.3,4.9,mw,reviewed,ak,ak,268,7.9,4.885932835820896,2.5,28.5484552238806,1,2.0,0.0,117.0,150.0,2.0,1650.0,8.0,7.9,52479.6,54762.0,54762.0,437.8,2573.8,1366.6,30701.0,0.007994594792009058,0.0469997443482707,0.024955260947372264,0.5606259815200322,1,0,1,1,57.0,53550.9,52479.6,52377.5,50901.3,51764.0,-0.020005266017938127,-0.0019455178774228186,-0.01363577466291661,4,0,>3
1628,ak018ae1ar10,2018-08-14,2018.0,8.0,AK,"76 km SW of Kaktovik, Alaska",69.5672,-144.7703,13.7,4.5,ml,reviewed,ak,ak,268,7.9,4.885932835820896,2.5,28.5484552238806,1,2.0,0.0,117.0,150.0,2.0,1650.0,8.0,7.9,52479.6,54762.0,54762.0,437.8,2573.8,1366.6,30701.0,0.007994594792009058,0.0469997443482707,0.024955260947372264,0.5606259815200322,1,0,1,1,53.0,53550.9,52479.6,52377.5,50901.3,51764.0,-0.020005266017938127,-0.0019455178774228186,-0.01363577466291661,4,0,>3
1629,ak018ah6tyku,2018-08-16,2018.0,8.0,AK,"78 km SSW of Kaktovik, Alaska",69.4617,-144.2317,7.0,4.5,ml,reviewed,ak,ak,268,7.9,4.885932835820896,2.5,28.5484552238806,1,2.0,0.0,117.0,150.0,2.0,1650.0,8.0,7.9,52479.6,54762.0,54762.0,437.8,2573.8,1366.6,30701.0,0.007994594792009058,0.0469997443482707,0.024955260947372264,0.5606259815200322,1,0,1,1,53.0,53550.9,52479.6,52377.5,50901.3,51764.0,-0.020005266017938127,-0.0019455178774228186,-0.01363577466291661,4,0,>3
1630,ak018akg7zql,2018-08-18,2018.0,8.0,AK,"76 km SSW of Kaktovik, Alaska",69.4857,-144.2972,15.7,4.5,ml,reviewed,ak,ak,268,7.9,4.885932835820896,2.5,28.5484552238806,1,2.0,0.0,117.0,150.0,2.0,1650.0,8.0,7.9,52479.6,54762.0,54762.0,437.8,2573.8,1366.6,30701.0,0.007994594792009058,0.0469997443482707,0.024955260947372264,0.5606259815200322,1,0,1,1,53.0,53550.9,52479.6,52377.5,50901.3,51764.0,-0.020005266017938127,-0.0019455178774228186,-0.01363577466291661,4,0,>3
1631,ak018anu8lce,2018-08-20,2018.0,8.0,AK,"86 km SW of Kaktovik, Alaska",69.578,-145.199,9.8,4.5,ml,reviewed,ak,ak,268,7.9,4.885932835820896,2.5,28.5484552238806,1,2.0,0.0,117.0,150.0,2.0,1650.0,8.0,7.9,52479.6,54762.0,54762.0,437.8,2573.8,1366.6,30701.0,0.007994594792009058,0.0469997443482707,0.024955260947372264,0.5606259815200322,1,0,1,1,53.0,53550.9,52479.6,52377.5,50901.3,51764.0,-0.020005266017938127,-0.0019455178774228186,-0.01363577466291661,4,0,>3
1632,us1000gf8u,2018-08-22,2018.0,8.0,OR,"272 km W of Bandon, Oregon",43.5637,-127.7166,10.0,6.2,mww,reviewed,us,us,268,7.9,4.885932835820896,2.5,28.5484552238806,1,0.0,0.0,0.0,0.0,0.0,0.0,0.0,0.0,234308.3,238466.9,238466.9,4272.8,11216.9,31993.1,159890.7,0.017917790687093264,0.047037555316901423,0.13416159643120282,0.6704943117891834,0,1,1,1,75.0,225534.5,234308.3,239794.8,236651.4,250919.9,0.03890225220531665,0.023415730471349074,0.0708963361519844,0,1,0
1633,us1000gfby,2018-08-22,2018.0,8.0,OR,"260 km WNW of Bandon, Oregon",43.6583,-127.5388,10.0,4.5,mb,reviewed,us,us,268,7.9,4.885932835820896,2.5,28.5484552238806,1,0.0,0.0,0.0,0.0,0.0,0.0,0.0,0.0,234308.3,238466.9,238466.9,4272.8,11216.9,31993.1,159890.7,0.017917790687093264,0.047037555316901423,0.13416159643120282,0.6704943117891834,0,0,1,1,48.0,225534.5,234308.3,239794.8,236651.4,250919.9,0.03890225220531665,0.023415730471349074,0.0708963361519844,0,1,0
1634,ak018aspusyi,2018-08-23,2018.0,8.0,AK,"75 km SSW of Kaktovik, Alaska",69.4957,-144.3146,11.7,4.5,ml,reviewed,ak,ak,268,7.9,4.885932835820896,2.5,28.5484552238806,1,2.0,0.0,117.0,150.0,2.0,1650.0,8.0,7.9,52479.6,54762.0,54762.0,437.8,2573.8,1366.6,30701.0,0.007994594792009058,0.0469997443482707,0.024955260947372264,0.5606259815200322,1,0,1,1,53.0,53550.9,52479.6,52377.5,50901.3,51764.0,-0.020005266017938127,-0.0019455178774228186,-0.01363577466291661,4,0,>3
1635,us1000gfvg,2018-08-23,2018.0,8.0,AK,"97 km SW of Adak, Alaska",51.35,-177.7604,20.0,6.3,mww,reviewed,us,us,268,7.9,4.885932835820896,2.5,28.5484552238806,1,2.0,0.0,117.0,150.0,2.0,1650.0,8.0,7.9,52479.6,54762.0,54762.0,437.8,2573.8,1366.6,30701.0,0.007994594792009058,0.0469997443482707,0.024955260947372264,0.5606259815200322,1,1,1,1,81.0,53550.9,52479.6,52377.5,50901.3,51764.0,-0.020005266017938127,-0.0019455178774228186,-0.01363577466291661,4,0,>3
1636,us1000gh9x,2018-08-25,2018.0,8.0,AK,"180 km WSW of Nikolski, Alaska",52.0948,-171.1246,23.0,5.9,mww,reviewed,us,us,268,7.9,4.885932835820896,2.5,28.5484552238806,1,2.0,0.0,117.0,150.0,2.0,1650.0,8.0,7.9,52479.6,54762.0,54762.0,437.8,2573.8,1366.6,30701.0,0.007994594792009058,0.0469997443482707,0.024955260947372264,0.5606259815200322,1,0,1,0,67.0,53550.9,52479.6,52377.5,50901.3,51764.0,-0.020005266017938127,-0.0019455178774228186,-0.01363577466291661,4,0,>3
1637,ak018b160qu2,2018-08-28,2018.0,8.0,AK,"19 km N of Manley Hot Springs, Alaska",65.178,-150.5718,16.9,4.7,ml,reviewed,ak,ak,268,7.9,4.885932835820896,2.5,28.5484552238806,1,2.0,0.0,117.0,150.0,2.0,1650.0,8.0,7.9,52479.6,54762.0,54762.0,437.8,2573.8,1366.6,30701.0,0.007994594792009058,0.0469997443482707,0.024955260947372264,0.5606259815200322,1,0,1,1,55.0,53550.9,52479.6,52377.5,50901.3,51764.0,-0.020005266017938127,-0.0019455178774228186,-0.01363577466291661,4,0,>3
1638,us1000gji1,2018-08-29,2018.0,8.0,AK,"91 km SSE of Adak, Alaska",51.1072,-176.1383,38.19,4.7,mb,reviewed,us,us,268,7.9,4.885932835820896,2.5,28.5484552238806,1,2.0,0.0,117.0,150.0,2.0,1650.0,8.0,7.9,52479.6,54762.0,54762.0,437.8,2573.8,1366.6,30701.0,0.007994594792009058,0.0469997443482707,0.024955260947372264,0.5606259815200322,1,0,1,0,55.0,53550.9,52479.6,52377.5,50901.3,51764.0,-0.020005266017938127,-0.0019455178774228186,-0.01363577466291661,4,0,>3
1639,us2000h6hg,2018-09-01,2018.0,9.0,AK,"94 km SW of Adak, Alaska",51.3305,-177.6817,35.0,5.1,mww,reviewed,us,us,268,7.9,4.885932835820896,2.5,28.5484552238806,1,2.0,0.0,117.0,150.0,2.0,1650.0,8.0,7.9,52479.6,54762.0,54762.0,437.8,2573.8,1366.6,30701.0,0.007994594792009058,0.0469997443482707,0.024955260947372264,0.5606259815200322,1,0,1,0,59.0,53550.9,52479.6,52377.5,50901.3,51764.0,-0.020005266017938127,-0.0019455178774228186,-0.01363577466291661,4,0,>3
1640,us2000hfk6,2018-09-16,2018.0,9.0,AK,"250 km SE of Chiniak, Alaska",56.2771,-148.9602,20.13,4.9,mb,reviewed,us,us,268,7.9,4.885932835820896,2.5,28.5484552238806,1,2.0,0.0,117.0,150.0,2.0,1650.0,8.0,7.9,52479.6,54762.0,54762.0,437.8,2573.8,1366.6,30701.0,0.007994594792009058,0.0469997443482707,0.024955260947372264,0.5606259815200322,1,0,1,0,57.0,53550.9,52479.6,52377.5,50901.3,51764.0,-0.020005266017938127,-0.0019455178774228186,-0.01363577466291661,4,0,>3
1641,ak018bzunh68,2018-09-18,2018.0,9.0,AK,"66 km SSW of Kaktovik, Alaska",69.5676,-144.1607,16.5,5.1,mw,reviewed,ak,ak,268,7.9,4.885932835820896,2.5,28.5484552238806,1,2.0,0.0,117.0,150.0,2.0,1650.0,8.0,7.9,52479.6,54762.0,54762.0,437.8,2573.8,1366.6,30701.0,0.007994594792009058,0.0469997443482707,0.024955260947372264,0.5606259815200322,1,0,1,1,59.0,53550.9,52479.6,52377.5,50901.3,51764.0,-0.020005266017938127,-0.0019455178774228186,-0.01363577466291661,4,0,>3
1642,us2000hij6,2018-09-22,2018.0,9.0,AK,"47 km WSW of Adak, Alaska",51.6536,-177.217,55.71,4.5,mb,reviewed,us,us,268,7.9,4.885932835820896,2.5,28.5484552238806,1,2.0,0.0,117.0,150.0,2.0,1650.0,8.0,7.9,52479.6,54762.0,54762.0,437.8,2573.8,1366.6,30701.0,0.007994594792009058,0.0469997443482707,0.024955260947372264,0.5606259815200322,1,0,1,0,53.0,53550.9,52479.6,52377.5,50901.3,51764.0,-0.020005266017938127,-0.0019455178774228186,-0.01363577466291661,4,0,>3
1643,us1000h34x,2018-09-27,2018.0,9.0,AK,"126 km WSW of Adak, Alaska",51.6025,-178.4108,10.0,4.8,mb,reviewed,us,us,268,7.9,4.885932835820896,2.5,28.5484552238806,1,2.0,0.0,117.0,150.0,2.0,1650.0,8.0,7.9,52479.6,54762.0,54762.0,437.8,2573.8,1366.6,30701.0,0.007994594792009058,0.0469997443482707,0.024955260947372264,0.5606259815200322,1,0,1,1,56.0,53550.9,52479.6,52377.5,50901.3,51764.0,-0.020005266017938127,-0.0019455178774228186,-0.01363577466291661,4,0,>3
1644,us1000h62f,2018-10-03,2018.0,10.0,AK,"24 km NE of Nikolski, Alaska",53.111,-168.6332,75.0,4.6,mb,reviewed,us,us,268,7.9,4.885932835820896,2.5,28.5484552238806,1,2.0,0.0,117.0,150.0,2.0,1650.0,8.0,7.9,52479.6,54762.0,54762.0,437.8,2573.8,1366.6,30701.0,0.007994594792009058,0.0469997443482707,0.024955260947372264,0.5606259815200322,1,0,0,0,51.0,53550.9,52479.6,52377.5,50901.3,51764.0,-0.020005266017938127,-0.0019455178774228186,-0.01363577466291661,4,0,>3
1645,ak018d04tq82,2018-10-10,2018.0,10.0,AK,"34 km SSE of Perryville, Alaska",55.6399,-158.8948,48.3,5.0,mw,reviewed,ak,ak,268,7.9,4.885932835820896,2.5,28.5484552238806,1,2.0,0.0,117.0,150.0,2.0,1650.0,8.0,7.9,52479.6,54762.0,54762.0,437.8,2573.8,1366.6,30701.0,0.007994594792009058,0.0469997443482707,0.024955260947372264,0.5606259815200322,1,0,1,0,58.0,53550.9,52479.6,52377.5,50901.3,51764.0,-0.020005266017938127,-0.0019455178774228186,-0.01363577466291661,4,0,>3
1646,us1000hahd,2018-10-11,2018.0,10.0,AK,"72 km SSE of Nikolski, Alaska",52.3396,-168.4234,39.6,4.8,mb,reviewed,us,us,268,7.9,4.885932835820896,2.5,28.5484552238806,1,2.0,0.0,117.0,150.0,2.0,1650.0,8.0,7.9,52479.6,54762.0,54762.0,437.8,2573.8,1366.6,30701.0,0.007994594792009058,0.0469997443482707,0.024955260947372264,0.5606259815200322,1,0,1,0,56.0,53550.9,52479.6,52377.5,50901.3,51764.0,-0.020005266017938127,-0.0019455178774228186,-0.01363577466291661,4,0,>3
1647,us1000hb7b,2018-10-12,2018.0,10.0,AK,"68 km NNE of Akutan, Alaska",54.6988,-165.3669,162.91,4.7,mb,reviewed,us,us,268,7.9,4.885932835820896,2.5,28.5484552238806,1,2.0,0.0,117.0,150.0,2.0,1650.0,8.0,7.9,52479.6,54762.0,54762.0,437.8,2573.8,1366.6,30701.0,0.007994594792009058,0.0469997443482707,0.024955260947372264,0.5606259815200322,1,0,0,0,52.0,53550.9,52479.6,52377.5,50901.3,51764.0,-0.020005266017938127,-0.0019455178774228186,-0.01363577466291661,4,0,>3
1648,ak018dnafpg3,2018-10-24,2018.0,10.0,AK,"69 km SSW of Hooper Bay, Alaska",61.0105,-166.8035,2.5,4.9,ml,reviewed,ak,ak,268,7.9,4.885932835820896,2.5,28.5484552238806,1,2.0,0.0,117.0,150.0,2.0,1650.0,8.0,7.9,52479.6,54762.0,54762.0,437.8,2573.8,1366.6,30701.0,0.007994594792009058,0.0469997443482707,0.024955260947372264,0.5606259815200322,1,0,1,1,57.0,53550.9,52479.6,52377.5,50901.3,51764.0,-0.020005266017938127,-0.0019455178774228186,-0.01363577466291661,4,0,>3
1649,us1000hgcv,2018-10-24,2018.0,10.0,OR,"273 km WNW of Bandon, Oregon",43.6948,-127.6956,10.0,4.5,mb,reviewed,us,us,268,7.9,4.885932835820896,2.5,28.5484552238806,1,0.0,0.0,0.0,0.0,0.0,0.0,0.0,0.0,234308.3,238466.9,238466.9,4272.8,11216.9,31993.1,159890.7,0.017917790687093264,0.047037555316901423,0.13416159643120282,0.6704943117891834,0,0,1,1,48.0,225534.5,234308.3,239794.8,236651.4,250919.9,0.03890225220531665,0.023415730471349074,0.0708963361519844,0,1,0
1650,ak018dsf3btv,2018-10-27,2018.0,10.0,AK,"24 km ENE of Tanana, Alaska",65.2283,-151.5744,14.8,5.1,mw,reviewed,ak,ak,268,7.9,4.885932835820896,2.5,28.5484552238806,1,2.0,0.0,117.0,150.0,2.0,1650.0,8.0,7.9,52479.6,54762.0,54762.0,437.8,2573.8,1366.6,30701.0,0.007994594792009058,0.0469997443482707,0.024955260947372264,0.5606259815200322,1,0,1,1,59.0,53550.9,52479.6,52377.5,50901.3,51764.0,-0.020005266017938127,-0.0019455178774228186,-0.01363577466291661,4,0,>3
1651,us1000hhug,2018-10-27,2018.0,10.0,AK,"218 km SE of Chiniak, Alaska",56.3168,-149.575,10.0,4.8,mww,reviewed,us,us,268,7.9,4.885932835820896,2.5,28.5484552238806,1,2.0,0.0,117.0,150.0,2.0,1650.0,8.0,7.9,52479.6,54762.0,54762.0,437.8,2573.8,1366.6,30701.0,0.007994594792009058,0.0469997443482707,0.024955260947372264,0.5606259815200322,1,0,1,1,56.0,53550.9,52479.6,52377.5,50901.3,51764.0,-0.020005266017938127,-0.0019455178774228186,-0.01363577466291661,4,0,>3
1652,us1000hi81,2018-10-28,2018.0,10.0,AK,"84 km S of False Pass, Alaska",54.0945,-163.5304,38.65,4.5,mwr,reviewed,us,us,268,7.9,4.885932835820896,2.5,28.5484552238806,1,2.0,0.0,117.0,150.0,2.0,1650.0,8.0,7.9,52479.6,54762.0,54762.0,437.8,2573.8,1366.6,30701.0,0.007994594792009058,0.0469997443482707,0.024955260947372264,0.5606259815200322,1,0,1,0,53.0,53550.9,52479.6,52377.5,50901.3,51764.0,-0.020005266017938127,-0.0019455178774228186,-0.01363577466291661,4,0,>3
1653,us1000hiyh,2018-10-30,2018.0,10.0,AK,"117 km SSW of False Pass, Alaska",53.8541,-163.9832,10.0,4.5,mwr,reviewed,us,us,268,7.9,4.885932835820896,2.5,28.5484552238806,1,2.0,0.0,117.0,150.0,2.0,1650.0,8.0,7.9,52479.6,54762.0,54762.0,437.8,2573.8,1366.6,30701.0,0.007994594792009058,0.0469997443482707,0.024955260947372264,0.5606259815200322,1,0,1,1,53.0,53550.9,52479.6,52377.5,50901.3,51764.0,-0.020005266017938127,-0.0019455178774228186,-0.01363577466291661,4,0,>3
1654,us1000huak,2018-11-20,2018.0,11.0,AK,"108 km SE of King Cove, Alaska",54.3114,-161.249,35.0,4.7,mb,reviewed,us,us,268,7.9,4.885932835820896,2.5,28.5484552238806,1,2.0,0.0,117.0,150.0,2.0,1650.0,8.0,7.9,52479.6,54762.0,54762.0,437.8,2573.8,1366.6,30701.0,0.007994594792009058,0.0469997443482707,0.024955260947372264,0.5606259815200322,1,0,1,0,55.0,53550.9,52479.6,52377.5,50901.3,51764.0,-0.020005266017938127,-0.0019455178774228186,-0.01363577466291661,4,0,>3
1655,us1000hxu0,2018-11-29,2018.0,11.0,AK,"128 km SW of Adak, Alaska",51.2022,-178.1357,35.0,4.7,mb,reviewed,us,us,268,7.9,4.885932835820896,2.5,28.5484552238806,1,2.0,0.0,117.0,150.0,2.0,1650.0,8.0,7.9,52479.6,54762.0,54762.0,437.8,2573.8,1366.6,30701.0,0.007994594792009058,0.0469997443482707,0.024955260947372264,0.5606259815200322,1,0,1,0,55.0,53550.9,52479.6,52377.5,50901.3,51764.0,-0.020005266017938127,-0.0019455178774228186,-0.01363577466291661,4,0,>3
1656,ak018fcnt7zk,2018-11-30,2018.0,11.0,AK,"5 km SSE of Big Lake, Alaska",61.4786,-149.9231,37.2,4.6,ml,reviewed,ak,ak,268,7.9,4.885932835820896,2.5,28.5484552238806,1,2.0,0.0,117.0,150.0,2.0,1650.0,8.0,7.9,52479.6,54762.0,54762.0,437.8,2573.8,1366.6,30701.0,0.007994594792009058,0.0469997443482707,0.024955260947372264,0.5606259815200322,1,0,1,0,54.0,53550.9,52479.6,52377.5,50901.3,51764.0,-0.020005266017938127,-0.0019455178774228186,-0.01363577466291661,4,0,>3
1657,ak018fcnu2x0,2018-11-30,2018.0,11.0,AK,"7 km N of Anchorage, Alaska",61.2833,-149.9082,45.8,4.9,ml,reviewed,ak,ak,268,7.9,4.885932835820896,2.5,28.5484552238806,1,2.0,0.0,117.0,150.0,2.0,1650.0,8.0,7.9,52479.6,54762.0,54762.0,437.8,2573.8,1366.6,30701.0,0.007994594792009058,0.0469997443482707,0.024955260947372264,0.5606259815200322,1,0,1,0,57.0,53550.9,52479.6,52377.5,50901.3,51764.0,-0.020005266017938127,-0.0019455178774228186,-0.01363577466291661,4,0,>3
1658,ak018fcnvewx,2018-11-30,2018.0,11.0,AK,"1 km N of Big Lake, Alaska",61.5357,-149.9486,43.3,4.5,ml,reviewed,ak,ak,268,7.9,4.885932835820896,2.5,28.5484552238806,1,2.0,0.0,117.0,150.0,2.0,1650.0,8.0,7.9,52479.6,54762.0,54762.0,437.8,2573.8,1366.6,30701.0,0.007994594792009058,0.0469997443482707,0.024955260947372264,0.5606259815200322,1,0,1,0,53.0,53550.9,52479.6,52377.5,50901.3,51764.0,-0.020005266017938127,-0.0019455178774228186,-0.01363577466291661,4,0,>3
1659,ak018fcpk9xi,2018-11-30,2018.0,11.0,AK,Southern Alaska,61.384,-150.0795,37.7,5.0,ml,reviewed,ak,ak,268,7.9,4.885932835820896,2.5,28.5484552238806,1,2.0,0.0,117.0,150.0,2.0,1650.0,8.0,7.9,52479.6,54762.0,54762.0,437.8,2573.8,1366.6,30701.0,0.007994594792009058,0.0469997443482707,0.024955260947372264,0.5606259815200322,1,0,1,0,58.0,53550.9,52479.6,52377.5,50901.3,51764.0,-0.020005266017938127,-0.0019455178774228186,-0.01363577466291661,4,0,>3
1660,ak018fe5jk85,2018-12-01,2018.0,12.0,AK,"0 km SW of Point MacKenzie, Alaska",61.3548,-149.9913,42.9,5.1,mw,reviewed,ak,ak,268,7.9,4.885932835820896,2.5,28.5484552238806,1,2.0,0.0,117.0,150.0,2.0,1650.0,8.0,7.9,52479.6,54762.0,54762.0,437.8,2573.8,1366.6,30701.0,0.007994594792009058,0.0469997443482707,0.024955260947372264,0.5606259815200322,1,0,1,0,59.0,53550.9,52479.6,52377.5,50901.3,51764.0,-0.020005266017938127,-0.0019455178774228186,-0.01363577466291661,4,0,>3
1661,ak018ffr9ir9,2018-12-02,2018.0,12.0,AK,"5 km SE of Point MacKenzie, Alaska",61.3253,-149.9008,51.7,4.5,mw,reviewed,ak,ak,268,7.9,4.885932835820896,2.5,28.5484552238806,1,2.0,0.0,117.0,150.0,2.0,1650.0,8.0,7.9,52479.6,54762.0,54762.0,437.8,2573.8,1366.6,30701.0,0.007994594792009058,0.0469997443482707,0.024955260947372264,0.5606259815200322,1,0,1,0,53.0,53550.9,52479.6,52377.5,50901.3,51764.0,-0.020005266017938127,-0.0019455178774228186,-0.01363577466291661,4,0,>3
1662,ak018fj96qbd,2018-12-04,2018.0,12.0,AK,"6 km NW of Point MacKenzie, Alaska",61.3941,-150.0763,38.3,4.5,mw,reviewed,ak,ak,268,7.9,4.885932835820896,2.5,28.5484552238806,1,2.0,0.0,117.0,150.0,2.0,1650.0,8.0,7.9,52479.6,54762.0,54762.0,437.8,2573.8,1366.6,30701.0,0.007994594792009058,0.0469997443482707,0.024955260947372264,0.5606259815200322,1,0,1,0,53.0,53550.9,52479.6,52377.5,50901.3,51764.0,-0.020005266017938127,-0.0019455178774228186,-0.01363577466291661,4,0,>3
1663,ak018fmnhrpd,2018-12-06,2018.0,12.0,AK,"2 km SSE of Point MacKenzie, Alaska",61.3407,-149.955,43.2,4.8,mw,reviewed,ak,ak,268,7.9,4.885932835820896,2.5,28.5484552238806,1,2.0,0.0,117.0,150.0,2.0,1650.0,8.0,7.9,52479.6,54762.0,54762.0,437.8,2573.8,1366.6,30701.0,0.007994594792009058,0.0469997443482707,0.024955260947372264,0.5606259815200322,1,0,1,0,56.0,53550.9,52479.6,52377.5,50901.3,51764.0,-0.020005266017938127,-0.0019455178774228186,-0.01363577466291661,4,0,>3
1664,ak018frkncdg,2018-12-09,2018.0,12.0,AK,"7 km SW of Knik, Alaska",61.4201,-149.8368,41.2,4.7,mw,reviewed,ak,ak,268,7.9,4.885932835820896,2.5,28.5484552238806,1,2.0,0.0,117.0,150.0,2.0,1650.0,8.0,7.9,52479.6,54762.0,54762.0,437.8,2573.8,1366.6,30701.0,0.007994594792009058,0.0469997443482707,0.024955260947372264,0.5606259815200322,1,0,1,0,55.0,53550.9,52479.6,52377.5,50901.3,51764.0,-0.020005266017938127,-0.0019455178774228186,-0.01363577466291661,4,0,>3
1665,ak018gl8yvfy,2018-12-27,2018.0,12.0,AK,"68 km SW of Akhiok, Alaska",56.4712,-154.8869,39.8,4.9,mw,reviewed,ak,ak,268,7.9,4.885932835820896,2.5,28.5484552238806,1,2.0,0.0,117.0,150.0,2.0,1650.0,8.0,7.9,52479.6,54762.0,54762.0,437.8,2573.8,1366.6,30701.0,0.007994594792009058,0.0469997443482707,0.024955260947372264,0.5606259815200322,1,0,1,0,57.0,53550.9,52479.6,52377.5,50901.3,51764.0,-0.020005266017938127,-0.0019455178774228186,-0.01363577466291661,4,0,>3
1666,us2000iz28,2018-12-30,2018.0,12.0,AK,"271 km SE of Chiniak, Alaska",56.2274,-148.6126,23.16,4.6,mww,reviewed,us,us,268,7.9,4.885932835820896,2.5,28.5484552238806,1,2.0,0.0,117.0,150.0,2.0,1650.0,8.0,7.9,52479.6,54762.0,54762.0,437.8,2573.8,1366.6,30701.0,0.007994594792009058,0.0469997443482707,0.024955260947372264,0.5606259815200322,1,0,1,0,54.0,53550.9,52479.6,52377.5,50901.3,51764.0,-0.020005266017938127,-0.0019455178774228186,-0.01363577466291661,4,0,>3
1667,ak0191pccr7,2019-01-01,2019.0,1.0,AK,"7 km SSE of Point MacKenzie, Alaska",61.2975,-149.9523,44.4,5.0,ml,reviewed,ak,ak,210,7.1,4.93,0.88,25.792571428571428,1,0.0,0.0,0.0,0.0,0.0,0.0,0.0,0.0,52377.5,54549.6,54549.6,458.8,2765.1,1413.7,31679.5,0.008410694120580169,0.050689647586783404,0.02591586372769003,0.5807466965843929,0,0,1,0,53.0,52479.6,52377.5,50901.3,51764.0,50509.1,-0.0019455178774228186,-0.028183857572430856,-0.035671805641735506,4,0,>3
1668,ak019i8au86,2019-01-11,2019.0,1.0,AK,"6 km SSE of Big Lake, Alaska",61.4708,-149.8991,49.8,4.6,ml,reviewed,ak,ak,210,7.1,4.93,0.88,25.792571428571428,1,0.0,0.0,0.0,0.0,0.0,0.0,0.0,0.0,52377.5,54549.6,54549.6,458.8,2765.1,1413.7,31679.5,0.008410694120580169,0.050689647586783404,0.02591586372769003,0.5807466965843929,0,0,1,0,49.0,52479.6,52377.5,50901.3,51764.0,50509.1,-0.0019455178774228186,-0.028183857572430856,-0.035671805641735506,4,0,>3
1669,us2000j3p7,2019-01-14,2019.0,1.0,AK,"96 km WSW of Nikolski, Alaska",52.5102,-170.1084,46.33,4.5,mb,reviewed,us,us,210,7.1,4.93,0.88,25.792571428571428,1,0.0,0.0,0.0,0.0,0.0,0.0,0.0,0.0,52377.5,54549.6,54549.6,458.8,2765.1,1413.7,31679.5,0.008410694120580169,0.050689647586783404,0.02591586372769003,0.5807466965843929,0,0,1,0,48.0,52479.6,52377.5,50901.3,51764.0,50509.1,-0.0019455178774228186,-0.028183857572430856,-0.035671805641735506,4,0,>3
1670,us2000j4bf,2019-01-15,2019.0,1.0,MD,"220 km SE of Ocean City, Maryland",37.2318,-73.0097,10.0,4.6,mww,reviewed,us,us,210,7.1,4.93,0.88,25.792571428571428,1,0.0,0.0,0.0,0.0,0.0,0.0,0.0,0.0,402506.2,419391.6,419391.6,992.6,25896.5,21913.4,285151.9,0.0023667617567924588,0.06174777940235332,0.052250450414362146,0.6799180050339588,0,0,1,1,49.0,402480.9,402506.2,389178.6,407160.1,412670.7,6.286012578482198e-05,-0.03311153964833345,0.025253027158339422,0,1,0
1671,ak01910ggmj6,2019-01-22,2019.0,1.0,AK,"87 km ESE of King Salmon, Alaska",58.3317,-155.3231,121.5,5.2,mww,reviewed,ak,ak,210,7.1,4.93,0.88,25.792571428571428,1,0.0,0.0,0.0,0.0,0.0,0.0,0.0,0.0,52377.5,54549.6,54549.6,458.8,2765.1,1413.7,31679.5,0.008410694120580169,0.050689647586783404,0.02591586372769003,0.5807466965843929,0,0,0,0,52.0,52479.6,52377.5,50901.3,51764.0,50509.1,-0.0019455178774228186,-0.028183857572430856,-0.035671805641735506,4,0,>3
1672,ak019124l1g9,2019-01-23,2019.0,1.0,AK,"15 km W of Big Lake, Alaska",61.503,-150.2373,45.5,4.5,ml,reviewed,ak,ak,210,7.1,4.93,0.88,25.792571428571428,1,0.0,0.0,0.0,0.0,0.0,0.0,0.0,0.0,52377.5,54549.6,54549.6,458.8,2765.1,1413.7,31679.5,0.008410694120580169,0.050689647586783404,0.02591586372769003,0.5807466965843929,0,0,1,0,48.0,52479.6,52377.5,50901.3,51764.0,50509.1,-0.0019455178774228186,-0.028183857572430856,-0.035671805641735506,4,0,>3
1673,hv70802976,2019-02-07,2019.0,2.0,HI,"86 km SW of Hawaiian Ocean View, Hawaii",18.4768333,-156.2968333,26.83,4.62,ml,reviewed,hv,hv,210,7.1,4.93,0.88,25.792571428571428,1,0.0,0.0,0.0,0.0,0.0,0.0,0.0,0.0,88855.2,93240.2,93240.2,402.7,5611.5,1459.5,67243.7,0.004318952554799325,0.06018326859015747,0.015653119577178083,0.721187856739904,0,0,1,0,49.2,88836.4,88855.2,79696.8,84532.0,87491.2,0.00021162496454159456,-0.10307106393323064,-0.015350817960006842,0,1,0
1674,ak0191w0zgvv,2019-02-10,2019.0,2.0,AK,"64 km S of Shungnak, Alaska",66.3077,-157.2255,7.7,4.8,ml,reviewed,ak,ak,210,7.1,4.93,0.88,25.792571428571428,1,0.0,0.0,0.0,0.0,0.0,0.0,0.0,0.0,52377.5,54549.6,54549.6,458.8,2765.1,1413.7,31679.5,0.008410694120580169,0.050689647586783404,0.02591586372769003,0.5807466965843929,0,0,1,1,51.0,52479.6,52377.5,50901.3,51764.0,50509.1,-0.0019455178774228186,-0.028183857572430856,-0.035671805641735506,4,0,>3
1675,us2000jim0,2019-02-15,2019.0,2.0,AK,"138 km SSE of False Pass, Alaska",53.6466,-162.93,35.0,5.1,mww,reviewed,us,us,210,7.1,4.93,0.88,25.792571428571428,1,0.0,0.0,0.0,0.0,0.0,0.0,0.0,0.0,52377.5,54549.6,54549.6,458.8,2765.1,1413.7,31679.5,0.008410694120580169,0.050689647586783404,0.02591586372769003,0.5807466965843929,0,0,1,0,54.0,52479.6,52377.5,50901.3,51764.0,50509.1,-0.0019455178774228186,-0.028183857572430856,-0.035671805641735506,4,0,>3
1676,us2000jl5a,2019-02-21,2019.0,2.0,AK,"73 km SE of Atka, Alaska",51.8221,-173.3178,45.23,4.5,mb,reviewed,us,us,210,7.1,4.93,0.88,25.792571428571428,1,0.0,0.0,0.0,0.0,0.0,0.0,0.0,0.0,52377.5,54549.6,54549.6,458.8,2765.1,1413.7,31679.5,0.008410694120580169,0.050689647586783404,0.02591586372769003,0.5807466965843929,0,0,1,0,48.0,52479.6,52377.5,50901.3,51764.0,50509.1,-0.0019455178774228186,-0.028183857572430856,-0.035671805641735506,4,0,>3
1677,ak0192zumrhu,2019-03-06,2019.0,3.0,AK,"64 km S of Shungnak, Alaska",66.3108,-157.2186,9.1,5.2,mww,reviewed,ak,ak,210,7.1,4.93,0.88,25.792571428571428,1,0.0,0.0,0.0,0.0,0.0,0.0,0.0,0.0,52377.5,54549.6,54549.6,458.8,2765.1,1413.7,31679.5,0.008410694120580169,0.050689647586783404,0.02591586372769003,0.5807466965843929,0,0,1,1,55.0,52479.6,52377.5,50901.3,51764.0,50509.1,-0.0019455178774228186,-0.028183857572430856,-0.035671805641735506,4,0,>3
1678,ak01931imwnj,2019-03-07,2019.0,3.0,AK,"93 km E of King Salmon, Alaska",58.5979,-155.0633,132.5,4.8,ml,reviewed,ak,ak,210,7.1,4.93,0.88,25.792571428571428,1,0.0,0.0,0.0,0.0,0.0,0.0,0.0,0.0,52377.5,54549.6,54549.6,458.8,2765.1,1413.7,31679.5,0.008410694120580169,0.050689647586783404,0.02591586372769003,0.5807466965843929,0,0,0,0,48.0,52479.6,52377.5,50901.3,51764.0,50509.1,-0.0019455178774228186,-0.028183857572430856,-0.035671805641735506,4,0,>3
1679,us1000jbsv,2019-03-07,2019.0,3.0,AK,"90 km E of Adak, Alaska",51.7513,-175.34,46.32,5.1,mww,reviewed,us,us,210,7.1,4.93,0.88,25.792571428571428,1,0.0,0.0,0.0,0.0,0.0,0.0,0.0,0.0,52377.5,54549.6,54549.6,458.8,2765.1,1413.7,31679.5,0.008410694120580169,0.050689647586783404,0.02591586372769003,0.5807466965843929,0,0,1,0,54.0,52479.6,52377.5,50901.3,51764.0,50509.1,-0.0019455178774228186,-0.028183857572430856,-0.035671805641735506,4,0,>3
1680,ak01934n5mur,2019-03-09,2019.0,3.0,AK,Southeastern Alaska,55.2757,-134.9088,28.2,4.8,ml,reviewed,ak,ak,210,7.1,4.93,0.88,25.792571428571428,1,0.0,0.0,0.0,0.0,0.0,0.0,0.0,0.0,52377.5,54549.6,54549.6,458.8,2765.1,1413.7,31679.5,0.008410694120580169,0.050689647586783404,0.02591586372769003,0.5807466965843929,0,0,1,0,51.0,52479.6,52377.5,50901.3,51764.0,50509.1,-0.0019455178774228186,-0.028183857572430856,-0.035671805641735506,4,0,>3
1681,ak0193wxcfea,2019-03-26,2019.0,3.0,AK,northern Alaska,66.3061,-157.247,8.5,5.0,mww,reviewed,ak,ak,210,7.1,4.93,0.88,25.792571428571428,1,0.0,0.0,0.0,0.0,0.0,0.0,0.0,0.0,52377.5,54549.6,54549.6,458.8,2765.1,1413.7,31679.5,0.008410694120580169,0.050689647586783404,0.02591586372769003,0.5807466965843929,0,0,1,1,53.0,52479.6,52377.5,50901.3,51764.0,50509.1,-0.0019455178774228186,-0.028183857572430856,-0.035671805641735506,4,0,>3
1682,us1000jm3w,2019-03-26,2019.0,3.0,AK,"48 km W of Nelson Lagoon, Alaska",56.0687,-161.9714,169.01,4.5,mb,reviewed,us,us,210,7.1,4.93,0.88,25.792571428571428,1,0.0,0.0,0.0,0.0,0.0,0.0,0.0,0.0,52377.5,54549.6,54549.6,458.8,2765.1,1413.7,31679.5,0.008410694120580169,0.050689647586783404,0.02591586372769003,0.5807466965843929,0,0,0,0,45.0,52479.6,52377.5,50901.3,51764.0,50509.1,-0.0019455178774228186,-0.028183857572430856,-0.035671805641735506,4,0,>3
1683,us2000kchr,2019-04-08,2019.0,4.0,AK,"232 km SE of Chiniak, Alaska",56.3292,-149.2714,6.75,4.8,mww,reviewed,us,us,210,7.1,4.93,0.88,25.792571428571428,1,0.0,0.0,0.0,0.0,0.0,0.0,0.0,0.0,52377.5,54549.6,54549.6,458.8,2765.1,1413.7,31679.5,0.008410694120580169,0.050689647586783404,0.02591586372769003,0.5807466965843929,0,0,1,1,51.0,52479.6,52377.5,50901.3,51764.0,50509.1,-0.0019455178774228186,-0.028183857572430856,-0.035671805641735506,4,0,>3
1684,ak0194n7hhj6,2019-04-11,2019.0,4.0,AK,"15 km NNW of Four Mile Road, Alaska",64.7347,-149.1893,19.9,4.5,ml,reviewed,ak,ak,210,7.1,4.93,0.88,25.792571428571428,1,0.0,0.0,0.0,0.0,0.0,0.0,0.0,0.0,52377.5,54549.6,54549.6,458.8,2765.1,1413.7,31679.5,0.008410694120580169,0.050689647586783404,0.02591586372769003,0.5807466965843929,0,0,1,1,48.0,52479.6,52377.5,50901.3,51764.0,50509.1,-0.0019455178774228186,-0.028183857572430856,-0.035671805641735506,4,0,>3
1685,hv70907436,2019-04-14,2019.0,4.0,HI,"20 km E of Kalaoa, Hawaii",19.742,-155.7905,13.33,5.34,ml,reviewed,hv,hv,210,7.1,4.93,0.88,25.792571428571428,1,0.0,0.0,0.0,0.0,0.0,0.0,0.0,0.0,88855.2,93240.2,93240.2,402.7,5611.5,1459.5,67243.7,0.004318952554799325,0.06018326859015747,0.015653119577178083,0.721187856739904,0,0,1,1,56.4,88836.4,88855.2,79696.8,84532.0,87491.2,0.00021162496454159456,-0.10307106393323064,-0.015350817960006842,0,1,0
1686,us700038aq,2019-04-18,2019.0,4.0,AK,"57 km SSE of Nikolski, Alaska",52.4355,-168.6785,35.0,4.5,mb,reviewed,us,us,210,7.1,4.93,0.88,25.792571428571428,1,0.0,0.0,0.0,0.0,0.0,0.0,0.0,0.0,52377.5,54549.6,54549.6,458.8,2765.1,1413.7,31679.5,0.008410694120580169,0.050689647586783404,0.02591586372769003,0.5807466965843929,0,0,1,0,48.0,52479.6,52377.5,50901.3,51764.0,50509.1,-0.0019455178774228186,-0.028183857572430856,-0.035671805641735506,4,0,>3
1687,us60003r2r,2019-05-23,2019.0,5.0,AK,"127 km WSW of Adak, Alaska",51.3078,-178.2387,30.0,6.0,mww,reviewed,us,us,210,7.1,4.93,0.88,25.792571428571428,1,0.0,0.0,0.0,0.0,0.0,0.0,0.0,0.0,52377.5,54549.6,54549.6,458.8,2765.1,1413.7,31679.5,0.008410694120580169,0.050689647586783404,0.02591586372769003,0.5807466965843929,0,1,1,0,73.0,52479.6,52377.5,50901.3,51764.0,50509.1,-0.0019455178774228186,-0.028183857572430856,-0.035671805641735506,4,0,>3
1688,ak01979jl6pt,2019-06-07,2019.0,6.0,AK,"87 km ENE of Ouzinkie, Alaska",58.2809,-151.1795,25.4,5.0,mb,reviewed,ak,ak,210,7.1,4.93,0.88,25.792571428571428,1,0.0,0.0,0.0,0.0,0.0,0.0,0.0,0.0,52377.5,54549.6,54549.6,458.8,2765.1,1413.7,31679.5,0.008410694120580169,0.050689647586783404,0.02591586372769003,0.5807466965843929,0,0,1,0,53.0,52479.6,52377.5,50901.3,51764.0,50509.1,-0.0019455178774228186,-0.028183857572430856,-0.035671805641735506,4,0,>3
1689,us600044l0,2019-06-22,2019.0,6.0,KS,"2 km SSE of Zurich, Kansas",39.216,-99.4259,3.0,4.6,mww,reviewed,us,us,210,7.1,4.93,0.88,25.792571428571428,1,0.0,0.0,0.0,0.0,0.0,0.0,0.0,0.0,169562.3,176068.8,176068.8,3789.8,7293.7,25657.1,115376.6,0.021524540406931837,0.04142528375271485,0.14572201321301673,0.655292703761257,0,0,1,1,49.0,169796.9,169562.3,166621.4,170401.2,177776.1,-0.0013816506661782743,-0.017344067637676503,0.048441192411284924,2,1,2
1690,us600044lu,2019-06-22,2019.0,6.0,OR,off the coast of Oregon,43.7669,-128.4022,10.0,5.3,mww,reviewed,us,us,210,7.1,4.93,0.88,25.792571428571428,1,0.0,0.0,0.0,0.0,0.0,0.0,0.0,0.0,239794.8,248781.8,248781.8,4034.4,12129.7,31424.1,168204.4,0.016216620347629933,0.04875638008889718,0.12631189259021358,0.6761121593299831,0,0,1,1,56.0,234308.3,239794.8,236651.4,250919.9,254237.5,0.023415730471349074,-0.013108707945293202,0.06022941281462322,0,1,0
1691,us600044ly,2019-06-22,2019.0,6.0,OR,off the coast of Oregon,43.7936,-128.5192,10.0,5.3,mww,reviewed,us,us,210,7.1,4.93,0.88,25.792571428571428,1,0.0,0.0,0.0,0.0,0.0,0.0,0.0,0.0,239794.8,248781.8,248781.8,4034.4,12129.7,31424.1,168204.4,0.016216620347629933,0.04875638008889718,0.12631189259021358,0.6761121593299831,0,0,1,1,56.0,234308.3,239794.8,236651.4,250919.9,254237.5,0.023415730471349074,-0.013108707945293202,0.06022941281462322,0,1,0
1692,us600044mf,2019-06-22,2019.0,6.0,OR,off the coast of Oregon,43.7798,-128.5184,10.0,4.7,mww,reviewed,us,us,210,7.1,4.93,0.88,25.792571428571428,1,0.0,0.0,0.0,0.0,0.0,0.0,0.0,0.0,239794.8,248781.8,248781.8,4034.4,12129.7,31424.1,168204.4,0.016216620347629933,0.04875638008889718,0.12631189259021358,0.6761121593299831,0,0,1,1,50.0,234308.3,239794.8,236651.4,250919.9,254237.5,0.023415730471349074,-0.013108707945293202,0.06022941281462322,0,1,0
1693,us600044mm,2019-06-22,2019.0,6.0,OR,off the coast of Oregon,43.6792,-128.4694,10.0,4.6,mww,reviewed,us,us,210,7.1,4.93,0.88,25.792571428571428,1,0.0,0.0,0.0,0.0,0.0,0.0,0.0,0.0,239794.8,248781.8,248781.8,4034.4,12129.7,31424.1,168204.4,0.016216620347629933,0.04875638008889718,0.12631189259021358,0.6761121593299831,0,0,1,1,49.0,234308.3,239794.8,236651.4,250919.9,254237.5,0.023415730471349074,-0.013108707945293202,0.06022941281462322,0,1,0
1694,us700047pz,2019-06-30,2019.0,6.0,AK,"51 km SSW of Adak, Alaska",51.4297,-176.8172,61.64,4.7,mb,reviewed,us,us,210,7.1,4.93,0.88,25.792571428571428,1,0.0,0.0,0.0,0.0,0.0,0.0,0.0,0.0,52377.5,54549.6,54549.6,458.8,2765.1,1413.7,31679.5,0.008410694120580169,0.050689647586783404,0.02591586372769003,0.5807466965843929,0,0,1,0,50.0,52479.6,52377.5,50901.3,51764.0,50509.1,-0.0019455178774228186,-0.028183857572430856,-0.035671805641735506,4,0,>3
1695,ak0198ey5yyy,2019-07-02,2019.0,7.0,AK,"68 km S of Shungnak, Alaska",66.2704,-157.1808,7.9,4.5,ml,reviewed,ak,ak,210,7.1,4.93,0.88,25.792571428571428,1,0.0,0.0,0.0,0.0,0.0,0.0,0.0,0.0,52377.5,54549.6,54549.6,458.8,2765.1,1413.7,31679.5,0.008410694120580169,0.050689647586783404,0.02591586372769003,0.5807466965843929,0,0,1,1,48.0,52479.6,52377.5,50901.3,51764.0,50509.1,-0.0019455178774228186,-0.028183857572430856,-0.035671805641735506,4,0,>3
1696,ak0198eyu6cj,2019-07-02,2019.0,7.0,AK,"17 km SSW of Nanwalek, Alaska",59.226,-152.0911,52.0,4.6,ml,reviewed,ak,ak,210,7.1,4.93,0.88,25.792571428571428,1,0.0,0.0,0.0,0.0,0.0,0.0,0.0,0.0,52377.5,54549.6,54549.6,458.8,2765.1,1413.7,31679.5,0.008410694120580169,0.050689647586783404,0.02591586372769003,0.5807466965843929,0,0,1,0,49.0,52479.6,52377.5,50901.3,51764.0,50509.1,-0.0019455178774228186,-0.028183857572430856,-0.035671805641735506,4,0,>3
1697,ak0198go5nyc,2019-07-03,2019.0,7.0,AK,"2 km SW of Kasilof, Alaska",60.3257,-151.3052,61.0,4.7,ml,reviewed,ak,ak,210,7.1,4.93,0.88,25.792571428571428,1,0.0,0.0,0.0,0.0,0.0,0.0,0.0,0.0,52377.5,54549.6,54549.6,458.8,2765.1,1413.7,31679.5,0.008410694120580169,0.050689647586783404,0.02591586372769003,0.5807466965843929,0,0,1,0,50.0,52479.6,52377.5,50901.3,51764.0,50509.1,-0.0019455178774228186,-0.028183857572430856,-0.035671805641735506,4,0,>3
1698,us70004m7u,2019-07-17,2019.0,7.0,OR,"227 km W of Bandon, Oregon",43.4212,-127.1745,10.0,5.4,mww,reviewed,us,us,210,7.1,4.93,0.88,25.792571428571428,1,0.0,0.0,0.0,0.0,0.0,0.0,0.0,0.0,239794.8,248781.8,248781.8,4034.4,12129.7,31424.1,168204.4,0.016216620347629933,0.04875638008889718,0.12631189259021358,0.6761121593299831,0,0,1,1,57.0,234308.3,239794.8,236651.4,250919.9,254237.5,0.023415730471349074,-0.013108707945293202,0.06022941281462322,0,1,0
1699,us60004wee,2019-07-27,2019.0,7.0,AK,"92 km SSW of Atka, Alaska",51.4484,-174.799,24.6,4.7,mww,reviewed,us,us,210,7.1,4.93,0.88,25.792571428571428,1,0.0,0.0,0.0,0.0,0.0,0.0,0.0,0.0,52377.5,54549.6,54549.6,458.8,2765.1,1413.7,31679.5,0.008410694120580169,0.050689647586783404,0.02591586372769003,0.5807466965843929,0,0,1,0,50.0,52479.6,52377.5,50901.3,51764.0,50509.1,-0.0019455178774228186,-0.028183857572430856,-0.035671805641735506,4,0,>3
1700,us700059qh,2019-08-29,2019.0,8.0,OR,"285 km W of Bandon, Oregon",43.5425,-127.8817,10.0,6.3,mww,reviewed,us,us,210,7.1,4.93,0.88,25.792571428571428,1,0.0,0.0,0.0,0.0,0.0,0.0,0.0,0.0,239794.8,248781.8,248781.8,4034.4,12129.7,31424.1,168204.4,0.016216620347629933,0.04875638008889718,0.12631189259021358,0.6761121593299831,0,1,1,1,76.0,234308.3,239794.8,236651.4,250919.9,254237.5,0.023415730471349074,-0.013108707945293202,0.06022941281462322,0,1,0
1701,ak019bg6payj,2019-09-06,2019.0,9.0,AK,"65 km SSW of Tanana, Alaska",64.5991,-152.3668,11.0,4.6,ml,reviewed,ak,ak,210,7.1,4.93,0.88,25.792571428571428,1,0.0,0.0,0.0,0.0,0.0,0.0,0.0,0.0,52377.5,54549.6,54549.6,458.8,2765.1,1413.7,31679.5,0.008410694120580169,0.050689647586783404,0.02591586372769003,0.5807466965843929,0,0,1,1,49.0,52479.6,52377.5,50901.3,51764.0,50509.1,-0.0019455178774228186,-0.028183857572430856,-0.035671805641735506,4,0,>3
1702,us70005djx,2019-09-09,2019.0,9.0,AK,"146 km WSW of Adak, Alaska",51.4405,-178.627,16.71,5.4,mww,reviewed,us,us,210,7.1,4.93,0.88,25.792571428571428,1,0.0,0.0,0.0,0.0,0.0,0.0,0.0,0.0,52377.5,54549.6,54549.6,458.8,2765.1,1413.7,31679.5,0.008410694120580169,0.050689647586783404,0.02591586372769003,0.5807466965843929,0,0,1,1,57.0,52479.6,52377.5,50901.3,51764.0,50509.1,-0.0019455178774228186,-0.028183857572430856,-0.035671805641735506,4,0,>3
1703,us70005eee,2019-09-10,2019.0,9.0,AK,"223 km WSW of Pelican, Alaska",57.0194,-139.5292,9.94,5.7,mww,reviewed,us,us,210,7.1,4.93,0.88,25.792571428571428,1,0.0,0.0,0.0,0.0,0.0,0.0,0.0,0.0,52377.5,54549.6,54549.6,458.8,2765.1,1413.7,31679.5,0.008410694120580169,0.050689647586783404,0.02591586372769003,0.5807466965843929,0,0,1,1,60.0,52479.6,52377.5,50901.3,51764.0,50509.1,-0.0019455178774228186,-0.028183857572430856,-0.035671805641735506,4,0,>3
1704,us70005v67,2019-10-17,2019.0,10.0,OR,"151 km W of Port Orford, Oregon",42.9963,-126.3231,10.0,4.8,mww,reviewed,us,us,210,7.1,4.93,0.88,25.792571428571428,1,0.0,0.0,0.0,0.0,0.0,0.0,0.0,0.0,239794.8,248781.8,248781.8,4034.4,12129.7,31424.1,168204.4,0.016216620347629933,0.04875638008889718,0.12631189259021358,0.6761121593299831,0,0,1,1,51.0,234308.3,239794.8,236651.4,250919.9,254237.5,0.023415730471349074,-0.013108707945293202,0.06022941281462322,0,1,0
1705,ak019dd9qhea,2019-10-18,2019.0,10.0,AK,"66 km S of Shungnak, Alaska",66.2966,-157.2159,6.3,5.4,mww,reviewed,ak,ak,210,7.1,4.93,0.88,25.792571428571428,1,0.0,0.0,0.0,0.0,0.0,0.0,0.0,0.0,52377.5,54549.6,54549.6,458.8,2765.1,1413.7,31679.5,0.008410694120580169,0.050689647586783404,0.02591586372769003,0.5807466965843929,0,0,1,1,57.0,52479.6,52377.5,50901.3,51764.0,50509.1,-0.0019455178774228186,-0.028183857572430856,-0.035671805641735506,4,0,>3
1706,us70005wq2,2019-10-21,2019.0,10.0,OR,"207 km W of Bandon, Oregon",43.2877,-126.9562,10.0,4.6,mb,reviewed,us,us,210,7.1,4.93,0.88,25.792571428571428,1,0.0,0.0,0.0,0.0,0.0,0.0,0.0,0.0,239794.8,248781.8,248781.8,4034.4,12129.7,31424.1,168204.4,0.016216620347629933,0.04875638008889718,0.12631189259021358,0.6761121593299831,0,0,1,1,49.0,234308.3,239794.8,236651.4,250919.9,254237.5,0.023415730471349074,-0.013108707945293202,0.06022941281462322,0,1,0
1707,us6000632m,2019-10-26,2019.0,10.0,AK,"111 km SW of Nikolski, Alaska",52.3233,-170.1665,35.0,5.8,mww,reviewed,us,us,210,7.1,4.93,0.88,25.792571428571428,1,0.0,0.0,0.0,0.0,0.0,0.0,0.0,0.0,52377.5,54549.6,54549.6,458.8,2765.1,1413.7,31679.5,0.008410694120580169,0.050689647586783404,0.02591586372769003,0.5807466965843929,0,0,1,0,61.0,52479.6,52377.5,50901.3,51764.0,50509.1,-0.0019455178774228186,-0.028183857572430856,-0.035671805641735506,4,0,>3
1708,ak019ds7srl5,2019-10-27,2019.0,10.0,AK,"65 km SSE of Cantwell, Alaska",62.8799,-148.3023,74.9,4.5,ml,reviewed,ak,ak,210,7.1,4.93,0.88,25.792571428571428,1,0.0,0.0,0.0,0.0,0.0,0.0,0.0,0.0,52377.5,54549.6,54549.6,458.8,2765.1,1413.7,31679.5,0.008410694120580169,0.050689647586783404,0.02591586372769003,0.5807466965843929,0,0,0,0,45.0,52479.6,52377.5,50901.3,51764.0,50509.1,-0.0019455178774228186,-0.028183857572430856,-0.035671805641735506,4,0,>3
1709,hv71228166,2019-11-11,2019.0,11.0,HI,"18 km SW of Laup?hoehoe, Hawaii",19.8638333,-155.3561667,32.56,4.93,ml,reviewed,hv,hv,210,7.1,4.93,0.88,25.792571428571428,1,0.0,0.0,0.0,0.0,0.0,0.0,0.0,0.0,88855.2,93240.2,93240.2,402.7,5611.5,1459.5,67243.7,0.004318952554799325,0.06018326859015747,0.015653119577178083,0.721187856739904,0,0,1,0,52.3,88836.4,88855.2,79696.8,84532.0,87491.2,0.00021162496454159456,-0.10307106393323064,-0.015350817960006842,0,1,0
1710,us70006cb6,2019-11-24,2019.0,11.0,AK,"95 km SE of Adak, Alaska",51.3808,-175.5115,20.0,6.3,mww,reviewed,us,us,210,7.1,4.93,0.88,25.792571428571428,1,0.0,0.0,0.0,0.0,0.0,0.0,0.0,0.0,52377.5,54549.6,54549.6,458.8,2765.1,1413.7,31679.5,0.008410694120580169,0.050689647586783404,0.02591586372769003,0.5807466965843929,0,1,1,1,76.0,52479.6,52377.5,50901.3,51764.0,50509.1,-0.0019455178774228186,-0.028183857572430856,-0.035671805641735506,4,0,>3
1711,us70006cg7,2019-11-24,2019.0,11.0,AK,"209 km WSW of Adak, Alaska",50.883,-179.195,10.0,4.9,mww,reviewed,us,us,210,7.1,4.93,0.88,25.792571428571428,1,0.0,0.0,0.0,0.0,0.0,0.0,0.0,0.0,52377.5,54549.6,54549.6,458.8,2765.1,1413.7,31679.5,0.008410694120580169,0.050689647586783404,0.02591586372769003,0.5807466965843929,0,0,1,1,52.0,52479.6,52377.5,50901.3,51764.0,50509.1,-0.0019455178774228186,-0.028183857572430856,-0.035671805641735506,4,0,>3
1712,us70006ci2,2019-11-24,2019.0,11.0,AK,"212 km SW of Adak, Alaska",50.8043,-179.1553,10.0,4.5,mb,reviewed,us,us,210,7.1,4.93,0.88,25.792571428571428,1,0.0,0.0,0.0,0.0,0.0,0.0,0.0,0.0,52377.5,54549.6,54549.6,458.8,2765.1,1413.7,31679.5,0.008410694120580169,0.050689647586783404,0.02591586372769003,0.5807466965843929,0,0,1,1,48.0,52479.6,52377.5,50901.3,51764.0,50509.1,-0.0019455178774228186,-0.028183857572430856,-0.035671805641735506,4,0,>3
1713,uw61562126,2019-11-30,2019.0,11.0,OR,"3 km NNE of Port Orford, Oregon",42.776,-124.47666666667,16.65,4.53,ml,reviewed,uw,uw,210,7.1,4.93,0.88,25.792571428571428,1,0.0,0.0,0.0,0.0,0.0,0.0,0.0,0.0,239794.8,248781.8,248781.8,4034.4,12129.7,31424.1,168204.4,0.016216620347629933,0.04875638008889718,0.12631189259021358,0.6761121593299831,0,0,1,1,48.300000000000004,234308.3,239794.8,236651.4,250919.9,254237.5,0.023415730471349074,-0.013108707945293202,0.06022941281462322,0,1,0
1714,ak019fe8ccze,2019-12-01,2019.0,12.0,AK,"56 km WNW of Nanwalek, Alaska",59.6047,-152.7834,88.2,4.5,ml,reviewed,ak,ak,210,7.1,4.93,0.88,25.792571428571428,1,0.0,0.0,0.0,0.0,0.0,0.0,0.0,0.0,52377.5,54549.6,54549.6,458.8,2765.1,1413.7,31679.5,0.008410694120580169,0.050689647586783404,0.02591586372769003,0.5807466965843929,0,0,0,0,45.0,52479.6,52377.5,50901.3,51764.0,50509.1,-0.0019455178774228186,-0.028183857572430856,-0.035671805641735506,4,0,>3
1715,us70006f6y,2019-12-02,2019.0,12.0,AK,"239 km SE of Chiniak, Alaska",56.0837,-149.5099,10.0,4.6,mww,reviewed,us,us,210,7.1,4.93,0.88,25.792571428571428,1,0.0,0.0,0.0,0.0,0.0,0.0,0.0,0.0,52377.5,54549.6,54549.6,458.8,2765.1,1413.7,31679.5,0.008410694120580169,0.050689647586783404,0.02591586372769003,0.5807466965843929,0,0,1,1,49.0,52479.6,52377.5,50901.3,51764.0,50509.1,-0.0019455178774228186,-0.028183857572430856,-0.035671805641735506,4,0,>3
1716,ak019gbh6wx5,2019-12-21,2019.0,12.0,AK,"117 km SE of Old Harbor, Alaska",56.3283,-152.2191,7.8,4.6,ml,reviewed,ak,ak,210,7.1,4.93,0.88,25.792571428571428,1,0.0,0.0,0.0,0.0,0.0,0.0,0.0,0.0,52377.5,54549.6,54549.6,458.8,2765.1,1413.7,31679.5,0.008410694120580169,0.050689647586783404,0.02591586372769003,0.5807466965843929,0,0,1,1,49.0,52479.6,52377.5,50901.3,51764.0,50509.1,-0.0019455178774228186,-0.028183857572430856,-0.035671805641735506,4,0,>3
1717,us70006rv7,2019-12-28,2019.0,12.0,OR,"144 km WSW of Pistol River, Oregon",42.0357,-126.1113,10.0,4.5,mb,reviewed,us,us,210,7.1,4.93,0.88,25.792571428571428,1,0.0,0.0,0.0,0.0,0.0,0.0,0.0,0.0,239794.8,248781.8,248781.8,4034.4,12129.7,31424.1,168204.4,0.016216620347629933,0.04875638008889718,0.12631189259021358,0.6761121593299831,0,0,1,1,48.0,234308.3,239794.8,236651.4,250919.9,254237.5,0.023415730471349074,-0.013108707945293202,0.06022941281462322,0,1,0
1718,us70006tgh,2020-01-02,2020.0,1.0,AK,"217 km SSE of Old Harbor, Alaska",55.5493,-151.4274,13.25,5.0,mww,reviewed,us,us,318,7.8,4.933553459119497,-0.57,25.706603773584902,1,2.0,0.0,0.0,0.0,0.0,0.0,9.0,7.8,50901.3,51861.7,51861.7,395.9,2739.9,1275.7,30643.1,0.007633764415744181,0.052830894475113625,0.024598113829666212,0.5908618498815118,1,0,1,1,58.0,52377.5,50901.3,51764.0,50509.1,54183.8,-0.028183857572430856,0.016948486580892767,0.06448754746931806,3,1,3
1719,us70006uww,2020-01-05,2020.0,1.0,AK,"216 km WSW of Adak, Alaska",51.0261,-179.4373,27.15,4.8,mb,reviewed,us,us,318,7.8,4.933553459119497,-0.57,25.706603773584902,1,2.0,0.0,0.0,0.0,0.0,0.0,9.0,7.8,50901.3,51861.7,51861.7,395.9,2739.9,1275.7,30643.1,0.007633764415744181,0.052830894475113625,0.024598113829666212,0.5908618498815118,1,0,1,0,56.0,52377.5,50901.3,51764.0,50509.1,54183.8,-0.028183857572430856,0.016948486580892767,0.06448754746931806,3,1,3
1720,us70006z0g,2020-01-13,2020.0,1.0,AK,"66 km NW of Nikolski, Alaska",53.3803,-169.5221,104.13,5.0,mww,reviewed,us,us,318,7.8,4.933553459119497,-0.57,25.706603773584902,1,2.0,0.0,0.0,0.0,0.0,0.0,9.0,7.8,50901.3,51861.7,51861.7,395.9,2739.9,1275.7,30643.1,0.007633764415744181,0.052830894475113625,0.024598113829666212,0.5908618498815118,1,0,0,0,55.0,52377.5,50901.3,51764.0,50509.1,54183.8,-0.028183857572430856,0.016948486580892767,0.06448754746931806,3,1,3
1721,us700071nr,2020-01-17,2020.0,1.0,AK,"87 km SW of Atka, Alaska",51.6998,-175.1812,42.46,4.7,mww,reviewed,us,us,318,7.8,4.933553459119497,-0.57,25.706603773584902,1,2.0,0.0,0.0,0.0,0.0,0.0,9.0,7.8,50901.3,51861.7,51861.7,395.9,2739.9,1275.7,30643.1,0.007633764415744181,0.052830894475113625,0.024598113829666212,0.5908618498815118,1,0,1,0,55.0,52377.5,50901.3,51764.0,50509.1,54183.8,-0.028183857572430856,0.016948486580892767,0.06448754746931806,3,1,3
1722,us60007cm1,2020-01-22,2020.0,1.0,AK,"249 km WSW of Adak, Alaska",50.8946,-179.8543,11.54,4.5,mb,reviewed,us,us,318,7.8,4.933553459119497,-0.57,25.706603773584902,1,2.0,0.0,0.0,0.0,0.0,0.0,9.0,7.8,50901.3,51861.7,51861.7,395.9,2739.9,1275.7,30643.1,0.007633764415744181,0.052830894475113625,0.024598113829666212,0.5908618498815118,1,0,1,1,53.0,52377.5,50901.3,51764.0,50509.1,54183.8,-0.028183857572430856,0.016948486580892767,0.06448754746931806,3,1,3
1723,us60007cmf,2020-01-22,2020.0,1.0,AK,"244 km WSW of Adak, Alaska",50.8681,-179.7563,10.0,4.7,mb,reviewed,us,us,318,7.8,4.933553459119497,-0.57,25.706603773584902,1,2.0,0.0,0.0,0.0,0.0,0.0,9.0,7.8,50901.3,51861.7,51861.7,395.9,2739.9,1275.7,30643.1,0.007633764415744181,0.052830894475113625,0.024598113829666212,0.5908618498815118,1,0,1,1,55.0,52377.5,50901.3,51764.0,50509.1,54183.8,-0.028183857572430856,0.016948486580892767,0.06448754746931806,3,1,3
1724,us60007djn,2020-01-23,2020.0,1.0,AK,"84 km W of Adak, Alaska",51.9836,-177.855,10.0,6.2,mww,reviewed,us,us,318,7.8,4.933553459119497,-0.57,25.706603773584902,1,2.0,0.0,0.0,0.0,0.0,0.0,9.0,7.8,50901.3,51861.7,51861.7,395.9,2739.9,1275.7,30643.1,0.007633764415744181,0.052830894475113625,0.024598113829666212,0.5908618498815118,1,1,1,1,80.0,52377.5,50901.3,51764.0,50509.1,54183.8,-0.028183857572430856,0.016948486580892767,0.06448754746931806,3,1,3
1725,us60007g8v,2020-01-26,2020.0,1.0,AK,"242 km WSW of Adak, Alaska",51.1175,-179.9072,23.1,5.2,mww,reviewed,us,us,318,7.8,4.933553459119497,-0.57,25.706603773584902,1,2.0,0.0,0.0,0.0,0.0,0.0,9.0,7.8,50901.3,51861.7,51861.7,395.9,2739.9,1275.7,30643.1,0.007633764415744181,0.052830894475113625,0.024598113829666212,0.5908618498815118,1,0,1,0,60.0,52377.5,50901.3,51764.0,50509.1,54183.8,-0.028183857572430856,0.016948486580892767,0.06448754746931806,3,1,3
1726,us60007gae,2020-01-26,2020.0,1.0,AK,"238 km WSW of Adak, Alaska",51.1464,-179.8674,30.63,5.3,mww,reviewed,us,us,318,7.8,4.933553459119497,-0.57,25.706603773584902,1,2.0,0.0,0.0,0.0,0.0,0.0,9.0,7.8,50901.3,51861.7,51861.7,395.9,2739.9,1275.7,30643.1,0.007633764415744181,0.052830894475113625,0.024598113829666212,0.5908618498815118,1,0,1,0,61.0,52377.5,50901.3,51764.0,50509.1,54183.8,-0.028183857572430856,0.016948486580892767,0.06448754746931806,3,1,3
1727,us60007gca,2020-01-26,2020.0,1.0,AK,"229 km WSW of Adak, Alaska",51.1664,-179.7462,24.72,5.8,mww,reviewed,us,us,318,7.8,4.933553459119497,-0.57,25.706603773584902,1,2.0,0.0,0.0,0.0,0.0,0.0,9.0,7.8,50901.3,51861.7,51861.7,395.9,2739.9,1275.7,30643.1,0.007633764415744181,0.052830894475113625,0.024598113829666212,0.5908618498815118,1,0,1,0,66.0,52377.5,50901.3,51764.0,50509.1,54183.8,-0.028183857572430856,0.016948486580892767,0.06448754746931806,3,1,3
1728,us60007gra,2020-01-26,2020.0,1.0,AK,"246 km WSW of Adak, Alaska",51.0865,-179.9464,35.0,5.7,mww,reviewed,us,us,318,7.8,4.933553459119497,-0.57,25.706603773584902,1,2.0,0.0,0.0,0.0,0.0,0.0,9.0,7.8,50901.3,51861.7,51861.7,395.9,2739.9,1275.7,30643.1,0.007633764415744181,0.052830894475113625,0.024598113829666212,0.5908618498815118,1,0,1,0,65.0,52377.5,50901.3,51764.0,50509.1,54183.8,-0.028183857572430856,0.016948486580892767,0.06448754746931806,3,1,3
1729,us60007grp,2020-01-26,2020.0,1.0,AK,"250 km WSW of Adak, Alaska",50.9254,-179.9029,10.0,4.8,mb,reviewed,us,us,318,7.8,4.933553459119497,-0.57,25.706603773584902,1,2.0,0.0,0.0,0.0,0.0,0.0,9.0,7.8,50901.3,51861.7,51861.7,395.9,2739.9,1275.7,30643.1,0.007633764415744181,0.052830894475113625,0.024598113829666212,0.5908618498815118,1,0,1,1,56.0,52377.5,50901.3,51764.0,50509.1,54183.8,-0.028183857572430856,0.016948486580892767,0.06448754746931806,3,1,3
1730,us60007hrq,2020-01-26,2020.0,1.0,AK,"241 km WSW of Adak, Alaska",51.0234,-179.8257,17.98,4.7,mb,reviewed,us,us,318,7.8,4.933553459119497,-0.57,25.706603773584902,1,2.0,0.0,0.0,0.0,0.0,0.0,9.0,7.8,50901.3,51861.7,51861.7,395.9,2739.9,1275.7,30643.1,0.007633764415744181,0.052830894475113625,0.024598113829666212,0.5908618498815118,1,0,1,1,55.0,52377.5,50901.3,51764.0,50509.1,54183.8,-0.028183857572430856,0.016948486580892767,0.06448754746931806,3,1,3
1731,us60007har,2020-01-27,2020.0,1.0,AK,"239 km WSW of Adak, Alaska",51.0442,-179.8081,10.0,5.1,mww,reviewed,us,us,318,7.8,4.933553459119497,-0.57,25.706603773584902,1,2.0,0.0,0.0,0.0,0.0,0.0,9.0,7.8,50901.3,51861.7,51861.7,395.9,2739.9,1275.7,30643.1,0.007633764415744181,0.052830894475113625,0.024598113829666212,0.5908618498815118,1,0,1,1,59.0,52377.5,50901.3,51764.0,50509.1,54183.8,-0.028183857572430856,0.016948486580892767,0.06448754746931806,3,1,3
1732,ak0201zcjff3,2020-02-12,2020.0,2.0,AK,"71 km SSE of Kokhanok, Alaska",58.8157,-154.489,117.7,4.5,ml,reviewed,ak,ak,318,7.8,4.933553459119497,-0.57,25.706603773584902,1,2.0,0.0,0.0,0.0,0.0,0.0,9.0,7.8,50901.3,51861.7,51861.7,395.9,2739.9,1275.7,30643.1,0.007633764415744181,0.052830894475113625,0.024598113829666212,0.5908618498815118,1,0,0,0,50.0,52377.5,50901.3,51764.0,50509.1,54183.8,-0.028183857572430856,0.016948486580892767,0.06448754746931806,3,1,3
1733,us70007pgu,2020-02-13,2020.0,2.0,AK,"119 km SSW of Atka, Alaska",51.2422,-174.9849,24.39,5.0,mb,reviewed,us,us,318,7.8,4.933553459119497,-0.57,25.706603773584902,1,2.0,0.0,0.0,0.0,0.0,0.0,9.0,7.8,50901.3,51861.7,51861.7,395.9,2739.9,1275.7,30643.1,0.007633764415744181,0.052830894475113625,0.024598113829666212,0.5908618498815118,1,0,1,0,58.0,52377.5,50901.3,51764.0,50509.1,54183.8,-0.028183857572430856,0.016948486580892767,0.06448754746931806,3,1,3
1734,ak02027j9fgu,2020-02-17,2020.0,2.0,AK,"79 km E of Ugashik, Alaska",57.5151,-156.0645,100.7,4.9,ml,reviewed,ak,ak,318,7.8,4.933553459119497,-0.57,25.706603773584902,1,2.0,0.0,0.0,0.0,0.0,0.0,9.0,7.8,50901.3,51861.7,51861.7,395.9,2739.9,1275.7,30643.1,0.007633764415744181,0.052830894475113625,0.024598113829666212,0.5908618498815118,1,0,0,0,54.0,52377.5,50901.3,51764.0,50509.1,54183.8,-0.028183857572430856,0.016948486580892767,0.06448754746931806,3,1,3
1735,us70007u2w,2020-02-21,2020.0,2.0,AK,"216 km WSW of Adak, Alaska",50.8347,-179.2666,10.0,5.3,mww,reviewed,us,us,318,7.8,4.933553459119497,-0.57,25.706603773584902,1,2.0,0.0,0.0,0.0,0.0,0.0,9.0,7.8,50901.3,51861.7,51861.7,395.9,2739.9,1275.7,30643.1,0.007633764415744181,0.052830894475113625,0.024598113829666212,0.5908618498815118,1,0,1,1,61.0,52377.5,50901.3,51764.0,50509.1,54183.8,-0.028183857572430856,0.016948486580892767,0.06448754746931806,3,1,3
1736,us600087es,2020-03-01,2020.0,3.0,AK,"21 km E of False Pass, Alaska",54.8825,-163.0722,98.28,4.5,mb,reviewed,us,us,318,7.8,4.933553459119497,-0.57,25.706603773584902,1,2.0,0.0,0.0,0.0,0.0,0.0,9.0,7.8,50901.3,51861.7,51861.7,395.9,2739.9,1275.7,30643.1,0.007633764415744181,0.052830894475113625,0.024598113829666212,0.5908618498815118,1,0,0,0,50.0,52377.5,50901.3,51764.0,50509.1,54183.8,-0.028183857572430856,0.016948486580892767,0.06448754746931806,3,1,3
1737,us600087i2,2020-03-01,2020.0,3.0,AK,"105 km WNW of Nikolski, Alaska",53.1544,-170.3891,153.15,4.7,mb,reviewed,us,us,318,7.8,4.933553459119497,-0.57,25.706603773584902,1,2.0,0.0,0.0,0.0,0.0,0.0,9.0,7.8,50901.3,51861.7,51861.7,395.9,2739.9,1275.7,30643.1,0.007633764415744181,0.052830894475113625,0.024598113829666212,0.5908618498815118,1,0,0,0,52.0,52377.5,50901.3,51764.0,50509.1,54183.8,-0.028183857572430856,0.016948486580892767,0.06448754746931806,3,1,3
1738,us600088i8,2020-03-03,2020.0,3.0,AK,"238 km WSW of Adak, Alaska",51.0359,-179.795,10.0,5.0,mww,reviewed,us,us,318,7.8,4.933553459119497,-0.57,25.706603773584902,1,2.0,0.0,0.0,0.0,0.0,0.0,9.0,7.8,50901.3,51861.7,51861.7,395.9,2739.9,1275.7,30643.1,0.007633764415744181,0.052830894475113625,0.024598113829666212,0.5908618498815118,1,0,1,1,58.0,52377.5,50901.3,51764.0,50509.1,54183.8,-0.028183857572430856,0.016948486580892767,0.06448754746931806,3,1,3
1739,uu60363822,2020-03-18,2020.0,3.0,UT,"6 km NNE of Magna, Utah",40.7605,-112.0693333,9.07,4.59,mw,reviewed,uu,uu,318,7.8,4.933553459119497,-0.57,25.706603773584902,1,1.0,0.0,0.0,132.0,2.0,600.0,6.0,5.7,195323.2,206240.5,206240.5,894.0,15844.8,19778.0,142028.4,0.004334745115532594,0.07682681141676828,0.09589775044183853,0.6886542652873708,1,0,1,1,53.9,192760.6,195323.2,211289.5,217848.8,226322.1,0.013294210538875712,0.08174297779270454,0.15870567346838466,0,1,0
1740,us70008eze,2020-03-24,2020.0,3.0,AK,"117 km SSW of Atka, Alaska",51.3047,-175.1036,19.79,4.8,mb,reviewed,us,us,318,7.8,4.933553459119497,-0.57,25.706603773584902,1,2.0,0.0,0.0,0.0,0.0,0.0,9.0,7.8,50901.3,51861.7,51861.7,395.9,2739.9,1275.7,30643.1,0.007633764415744181,0.052830894475113625,0.024598113829666212,0.5908618498815118,1,0,1,1,56.0,52377.5,50901.3,51764.0,50509.1,54183.8,-0.028183857572430856,0.016948486580892767,0.06448754746931806,3,1,3
1741,us70008ggn,2020-03-26,2020.0,3.0,TX,"41 km W of Mentone, Texas",31.7168,-104.0419,9.51,5.0,mww,reviewed,us,us,318,7.8,4.933553459119497,-0.57,25.706603773584902,1,0.0,0.0,0.0,0.0,0.0,0.0,0.0,0.0,1782738.2,1810670.2,1810670.2,8410.2,97950.3,187447.0,1223897.5,0.004644799478115894,0.054096157323404344,0.10352354614330098,0.6759361809787338,0,0,1,1,53.0,1806736.1,1782738.2,1905512.4,1975164.0,2137536.7,-0.013282460011730623,0.06886832850723676,0.19901884640156375,1,1,1
1742,us70008ik0,2020-03-30,2020.0,3.0,AK,"35 km SE of Unalaska, Alaska",53.6246,-166.2064,86.93,4.8,mww,reviewed,us,us,318,7.8,4.933553459119497,-0.57,25.706603773584902,1,2.0,0.0,0.0,0.0,0.0,0.0,9.0,7.8,50901.3,51861.7,51861.7,395.9,2739.9,1275.7,30643.1,0.007633764415744181,0.052830894475113625,0.024598113829666212,0.5908618498815118,1,0,0,0,53.0,52377.5,50901.3,51764.0,50509.1,54183.8,-0.028183857572430856,0.016948486580892767,0.06448754746931806,3,1,3
1743,us70008k8k,2020-04-01,2020.0,4.0,AK,"138 km WSW of Adak, Alaska",51.2288,-178.345,35.0,4.8,mb,reviewed,us,us,318,7.8,4.933553459119497,-0.57,25.706603773584902,1,2.0,0.0,0.0,0.0,0.0,0.0,9.0,7.8,50901.3,51861.7,51861.7,395.9,2739.9,1275.7,30643.1,0.007633764415744181,0.052830894475113625,0.024598113829666212,0.5908618498815118,1,0,1,0,56.0,52377.5,50901.3,51764.0,50509.1,54183.8,-0.028183857572430856,0.016948486580892767,0.06448754746931806,3,1,3
1744,us700098l9,2020-05-02,2020.0,5.0,AK,"55 km SW of Nelson Lagoon, Alaska",55.6562,-161.846,165.32,4.5,mb,reviewed,us,us,318,7.8,4.933553459119497,-0.57,25.706603773584902,1,2.0,0.0,0.0,0.0,0.0,0.0,9.0,7.8,50901.3,51861.7,51861.7,395.9,2739.9,1275.7,30643.1,0.007633764415744181,0.052830894475113625,0.024598113829666212,0.5908618498815118,1,0,0,0,50.0,52377.5,50901.3,51764.0,50509.1,54183.8,-0.028183857572430856,0.016948486580892767,0.06448754746931806,3,1,3
1745,us70009dbw,2020-05-09,2020.0,5.0,AK,"58 km S of False Pass, Alaska",54.3299,-163.4422,67.86,4.9,mb,reviewed,us,us,318,7.8,4.933553459119497,-0.57,25.706603773584902,1,2.0,0.0,0.0,0.0,0.0,0.0,9.0,7.8,50901.3,51861.7,51861.7,395.9,2739.9,1275.7,30643.1,0.007633764415744181,0.052830894475113625,0.024598113829666212,0.5908618498815118,1,0,1,0,57.0,52377.5,50901.3,51764.0,50509.1,54183.8,-0.028183857572430856,0.016948486580892767,0.06448754746931806,3,1,3
1746,nn00725291,2020-05-15,2020.0,5.0,NV,"31 km SE of Mina, Nevada",38.1811,-117.8711,6.8,5.1,ml,reviewed,nn,nn,318,7.8,4.933553459119497,-0.57,25.706603773584902,1,0.0,0.0,0.0,0.0,0.0,0.0,0.0,0.0,165924.8,176178.7,176178.7,303.7,15144.2,7923.6,128619.6,0.0017238179189652324,0.08595931290218398,0.044974789801491326,0.7300519302276609,0,0,1,1,54.0,176029.7,165924.8,182618.3,194463.9,201158.6,-0.05740451753312096,0.10060883002420375,0.21234800343288054,1,1,1
1747,nn00725312,2020-05-15,2020.0,5.0,NV,"36 km SE of Mina, Nevada",38.1667,-117.8104,6.3,4.5,ml,reviewed,nn,nn,318,7.8,4.933553459119497,-0.57,25.706603773584902,1,0.0,0.0,0.0,0.0,0.0,0.0,0.0,0.0,165924.8,176178.7,176178.7,303.7,15144.2,7923.6,128619.6,0.0017238179189652324,0.08595931290218398,0.044974789801491326,0.7300519302276609,0,0,1,1,48.0,176029.7,165924.8,182618.3,194463.9,201158.6,-0.05740451753312096,0.10060883002420375,0.21234800343288054,1,1,1
1748,nn00725454,2020-05-15,2020.0,5.0,NV,"36 km SE of Mina, Nevada",38.1667,-117.8006,7.6,4.8,ml,reviewed,nn,nn,318,7.8,4.933553459119497,-0.57,25.706603773584902,1,0.0,0.0,0.0,0.0,0.0,0.0,0.0,0.0,165924.8,176178.7,176178.7,303.7,15144.2,7923.6,128619.6,0.0017238179189652324,0.08595931290218398,0.044974789801491326,0.7300519302276609,0,0,1,1,51.0,176029.7,165924.8,182618.3,194463.9,201158.6,-0.05740451753312096,0.10060883002420375,0.21234800343288054,1,1,1
1749,nn00725546,2020-05-15,2020.0,5.0,NV,"34 km SE of Mina, Nevada",38.173,-117.8295,5.8,4.7,ml,reviewed,nn,nn,318,7.8,4.933553459119497,-0.57,25.706603773584902,1,0.0,0.0,0.0,0.0,0.0,0.0,0.0,0.0,165924.8,176178.7,176178.7,303.7,15144.2,7923.6,128619.6,0.0017238179189652324,0.08595931290218398,0.044974789801491326,0.7300519302276609,0,0,1,1,50.0,176029.7,165924.8,182618.3,194463.9,201158.6,-0.05740451753312096,0.10060883002420375,0.21234800343288054,1,1,1
1750,us70009ggr,2020-05-15,2020.0,5.0,AK,"146 km SSE of Adak, Alaska",50.6415,-175.8798,20.61,4.5,mb,reviewed,us,us,318,7.8,4.933553459119497,-0.57,25.706603773584902,1,2.0,0.0,0.0,0.0,0.0,0.0,9.0,7.8,50901.3,51861.7,51861.7,395.9,2739.9,1275.7,30643.1,0.007633764415744181,0.052830894475113625,0.024598113829666212,0.5908618498815118,1,0,1,0,53.0,52377.5,50901.3,51764.0,50509.1,54183.8,-0.028183857572430856,0.016948486580892767,0.06448754746931806,3,1,3
1751,nn00726009,2020-05-16,2020.0,5.0,NV,"31 km SSE of Mina, Nevada",38.1313,-117.9756,5.0,4.6,ml,reviewed,nn,nn,318,7.8,4.933553459119497,-0.57,25.706603773584902,1,0.0,0.0,0.0,0.0,0.0,0.0,0.0,0.0,165924.8,176178.7,176178.7,303.7,15144.2,7923.6,128619.6,0.0017238179189652324,0.08595931290218398,0.044974789801491326,0.7300519302276609,0,0,1,1,49.0,176029.7,165924.8,182618.3,194463.9,201158.6,-0.05740451753312096,0.10060883002420375,0.21234800343288054,1,1,1
1752,nn00726353,2020-05-16,2020.0,5.0,NV,"38 km ESE of Mina, Nevada",38.2118,-117.7347,16.8,4.6,ml,reviewed,nn,nn,318,7.8,4.933553459119497,-0.57,25.706603773584902,1,0.0,0.0,0.0,0.0,0.0,0.0,0.0,0.0,165924.8,176178.7,176178.7,303.7,15144.2,7923.6,128619.6,0.0017238179189652324,0.08595931290218398,0.044974789801491326,0.7300519302276609,0,0,1,1,49.0,176029.7,165924.8,182618.3,194463.9,201158.6,-0.05740451753312096,0.10060883002420375,0.21234800343288054,1,1,1
1753,us70009ij1,2020-05-16,2020.0,5.0,AK,"90 km SSW of Nikolski, Alaska",52.2272,-169.5159,10.0,4.5,mb,reviewed,us,us,318,7.8,4.933553459119497,-0.57,25.706603773584902,1,2.0,0.0,0.0,0.0,0.0,0.0,9.0,7.8,50901.3,51861.7,51861.7,395.9,2739.9,1275.7,30643.1,0.007633764415744181,0.052830894475113625,0.024598113829666212,0.5908618498815118,1,0,1,1,53.0,52377.5,50901.3,51764.0,50509.1,54183.8,-0.028183857572430856,0.016948486580892767,0.06448754746931806,3,1,3
1754,nn00727244,2020-05-17,2020.0,5.0,NV,"29 km SSE of Mina, Nevada",38.15,-117.9553,9.6,4.5,ml,reviewed,nn,nn,318,7.8,4.933553459119497,-0.57,25.706603773584902,1,0.0,0.0,0.0,0.0,0.0,0.0,0.0,0.0,165924.8,176178.7,176178.7,303.7,15144.2,7923.6,128619.6,0.0017238179189652324,0.08595931290218398,0.044974789801491326,0.7300519302276609,0,0,1,1,48.0,176029.7,165924.8,182618.3,194463.9,201158.6,-0.05740451753312096,0.10060883002420375,0.21234800343288054,1,1,1
1755,us70009imm,2020-05-17,2020.0,5.0,AK,"98 km SSW of Nikolski, Alaska",52.1016,-169.3508,10.0,4.8,mb,reviewed,us,us,318,7.8,4.933553459119497,-0.57,25.706603773584902,1,2.0,0.0,0.0,0.0,0.0,0.0,9.0,7.8,50901.3,51861.7,51861.7,395.9,2739.9,1275.7,30643.1,0.007633764415744181,0.052830894475113625,0.024598113829666212,0.5908618498815118,1,0,1,1,56.0,52377.5,50901.3,51764.0,50509.1,54183.8,-0.028183857572430856,0.016948486580892767,0.06448754746931806,3,1,3
1756,us70009jgf,2020-05-18,2020.0,5.0,AK,"93 km SSE of Atka, Alaska",51.4747,-173.502,28.33,4.5,mb,reviewed,us,us,318,7.8,4.933553459119497,-0.57,25.706603773584902,1,2.0,0.0,0.0,0.0,0.0,0.0,9.0,7.8,50901.3,51861.7,51861.7,395.9,2739.9,1275.7,30643.1,0.007633764415744181,0.052830894475113625,0.024598113829666212,0.5908618498815118,1,0,1,0,53.0,52377.5,50901.3,51764.0,50509.1,54183.8,-0.028183857572430856,0.016948486580892767,0.06448754746931806,3,1,3
1757,us70009jgt,2020-05-18,2020.0,5.0,CA,"251 km W of Ferndale, California",40.7714,-127.2271,10.0,5.0,mww,reviewed,us,us,318,7.8,4.933553459119497,-0.57,25.706603773584902,1,0.0,0.0,0.0,0.0,0.0,0.0,0.0,0.0,2930654.6,3072927.6,3072927.6,39398.4,126026.9,323770.6,2220932.0,0.01282112862014712,0.04101199780951559,0.10536226105685013,0.7227414013919494,0,0,1,1,53.0,2969609.0,2930654.6,3151112.5,3147211.4,3204016.4,-0.01311768653718382,0.0752247979001005,0.0932767034368362,1,1,1
1758,nn00728819,2020-05-19,2020.0,5.0,NV,"32 km SE of Mina, Nevada",38.1755,-117.8535,8.1,4.6,ml,reviewed,nn,nn,318,7.8,4.933553459119497,-0.57,25.706603773584902,1,0.0,0.0,0.0,0.0,0.0,0.0,0.0,0.0,165924.8,176178.7,176178.7,303.7,15144.2,7923.6,128619.6,0.0017238179189652324,0.08595931290218398,0.044974789801491326,0.7300519302276609,0,0,1,1,49.0,176029.7,165924.8,182618.3,194463.9,201158.6,-0.05740451753312096,0.10060883002420375,0.21234800343288054,1,1,1
1759,ak0206hgz4pc,2020-05-20,2020.0,5.0,AK,"208 km SE of Perryville, Alaska",54.6173,-156.7715,8.5,4.7,ml,reviewed,ak,ak,318,7.8,4.933553459119497,-0.57,25.706603773584902,1,2.0,0.0,0.0,0.0,0.0,0.0,9.0,7.8,50901.3,51861.7,51861.7,395.9,2739.9,1275.7,30643.1,0.007633764415744181,0.052830894475113625,0.024598113829666212,0.5908618498815118,1,0,1,1,55.0,52377.5,50901.3,51764.0,50509.1,54183.8,-0.028183857572430856,0.016948486580892767,0.06448754746931806,3,1,3
1760,nn00729332,2020-05-20,2020.0,5.0,NV,"38 km ESE of Mina, Nevada",38.2012,-117.7453,11.7,5.0,ml,reviewed,nn,nn,318,7.8,4.933553459119497,-0.57,25.706603773584902,1,0.0,0.0,0.0,0.0,0.0,0.0,0.0,0.0,165924.8,176178.7,176178.7,303.7,15144.2,7923.6,128619.6,0.0017238179189652324,0.08595931290218398,0.044974789801491326,0.7300519302276609,0,0,1,1,53.0,176029.7,165924.8,182618.3,194463.9,201158.6,-0.05740451753312096,0.10060883002420375,0.21234800343288054,1,1,1
1761,nn00730721,2020-05-22,2020.0,5.0,NV,"32 km ESE of Mina, Nevada",38.2309,-117.7939,7.2,5.1,ml,reviewed,nn,nn,318,7.8,4.933553459119497,-0.57,25.706603773584902,1,0.0,0.0,0.0,0.0,0.0,0.0,0.0,0.0,165924.8,176178.7,176178.7,303.7,15144.2,7923.6,128619.6,0.0017238179189652324,0.08595931290218398,0.044974789801491326,0.7300519302276609,0,0,1,1,54.0,176029.7,165924.8,182618.3,194463.9,201158.6,-0.05740451753312096,0.10060883002420375,0.21234800343288054,1,1,1
1762,nn00744961,2020-06-08,2020.0,6.0,NV,"34 km SE of Mina, Nevada",38.2059,-117.7912,5.2,4.8,ml,reviewed,nn,nn,318,7.8,4.933553459119497,-0.57,25.706603773584902,1,0.0,0.0,0.0,0.0,0.0,0.0,0.0,0.0,165924.8,176178.7,176178.7,303.7,15144.2,7923.6,128619.6,0.0017238179189652324,0.08595931290218398,0.044974789801491326,0.7300519302276609,0,0,1,1,51.0,176029.7,165924.8,182618.3,194463.9,201158.6,-0.05740451753312096,0.10060883002420375,0.21234800343288054,1,1,1
1763,us6000a8fe,2020-06-09,2020.0,6.0,AK,"117 km SE of King Cove, Alaska",54.2147,-161.2227,32.98,4.7,mb,reviewed,us,us,318,7.8,4.933553459119497,-0.57,25.706603773584902,1,2.0,0.0,0.0,0.0,0.0,0.0,9.0,7.8,50901.3,51861.7,51861.7,395.9,2739.9,1275.7,30643.1,0.007633764415744181,0.052830894475113625,0.024598113829666212,0.5908618498815118,1,0,1,0,55.0,52377.5,50901.3,51764.0,50509.1,54183.8,-0.028183857572430856,0.016948486580892767,0.06448754746931806,3,1,3
1764,us6000ab9k,2020-06-13,2020.0,6.0,AK,"141 km WSW of Adak, Alaska",51.2369,-178.3931,44.7,5.0,mww,reviewed,us,us,318,7.8,4.933553459119497,-0.57,25.706603773584902,1,2.0,0.0,0.0,0.0,0.0,0.0,9.0,7.8,50901.3,51861.7,51861.7,395.9,2739.9,1275.7,30643.1,0.007633764415744181,0.052830894475113625,0.024598113829666212,0.5908618498815118,1,0,1,0,58.0,52377.5,50901.3,51764.0,50509.1,54183.8,-0.028183857572430856,0.016948486580892767,0.06448754746931806,3,1,3
1765,us6000abg4,2020-06-13,2020.0,6.0,AK,"208 km S of Unalaska, Alaska",52.0284,-166.028,14.47,4.8,mb,reviewed,us,us,318,7.8,4.933553459119497,-0.57,25.706603773584902,1,2.0,0.0,0.0,0.0,0.0,0.0,9.0,7.8,50901.3,51861.7,51861.7,395.9,2739.9,1275.7,30643.1,0.007633764415744181,0.052830894475113625,0.024598113829666212,0.5908618498815118,1,0,1,1,56.0,52377.5,50901.3,51764.0,50509.1,54183.8,-0.028183857572430856,0.016948486580892767,0.06448754746931806,3,1,3
1766,us6000acg7,2020-06-15,2020.0,6.0,AK,"23 km W of Dutch Harbor, Alaska",53.9186,-166.8977,11.41,4.5,mb,reviewed,us,us,318,7.8,4.933553459119497,-0.57,25.706603773584902,1,2.0,0.0,0.0,0.0,0.0,0.0,9.0,7.8,50901.3,51861.7,51861.7,395.9,2739.9,1275.7,30643.1,0.007633764415744181,0.052830894475113625,0.024598113829666212,0.5908618498815118,1,0,1,1,53.0,52377.5,50901.3,51764.0,50509.1,54183.8,-0.028183857572430856,0.016948486580892767,0.06448754746931806,3,1,3
1767,us6000ael8,2020-06-19,2020.0,6.0,AK,"185 km WSW of Adak, Alaska",51.1754,-179.0564,33.14,5.1,mww,reviewed,us,us,318,7.8,4.933553459119497,-0.57,25.706603773584902,1,2.0,0.0,0.0,0.0,0.0,0.0,9.0,7.8,50901.3,51861.7,51861.7,395.9,2739.9,1275.7,30643.1,0.007633764415744181,0.052830894475113625,0.024598113829666212,0.5908618498815118,1,0,1,0,59.0,52377.5,50901.3,51764.0,50509.1,54183.8,-0.028183857572430856,0.016948486580892767,0.06448754746931806,3,1,3
1768,us6000aeln,2020-06-19,2020.0,6.0,AK,"186 km WSW of Adak, Alaska",51.1692,-179.069,33.0,5.2,mww,reviewed,us,us,318,7.8,4.933553459119497,-0.57,25.706603773584902,1,2.0,0.0,0.0,0.0,0.0,0.0,9.0,7.8,50901.3,51861.7,51861.7,395.9,2739.9,1275.7,30643.1,0.007633764415744181,0.052830894475113625,0.024598113829666212,0.5908618498815118,1,0,1,0,60.0,52377.5,50901.3,51764.0,50509.1,54183.8,-0.028183857572430856,0.016948486580892767,0.06448754746931806,3,1,3
1769,us7000aanf,2020-06-25,2020.0,6.0,ID,"27 km NW of Stanley, Idaho",44.3989,-115.1814,7.54,4.6,mwr,reviewed,us,us,318,7.8,4.933553459119497,-0.57,25.706603773584902,1,1.0,0.0,0.0,0.0,0.0,0.0,6.0,6.5,82711.6,88056.8,88056.8,3644.6,5179.4,8942.5,58522.9,0.04138919424734944,0.05881885328560656,0.10155376983946725,0.664603982883775,1,0,1,1,54.0,81144.3,82711.6,88955.2,92792.5,95286.5,0.019314973448535545,0.07548638884993146,0.15203308846643027,0,1,0
1770,nn00755218,2020-06-30,2020.0,6.0,NV,"29 km SSE of Mina, Nevada",38.1539,-117.9583,8.3,5.0,ml,reviewed,nn,nn,318,7.8,4.933553459119497,-0.57,25.706603773584902,1,0.0,0.0,0.0,0.0,0.0,0.0,0.0,0.0,165924.8,176178.7,176178.7,303.7,15144.2,7923.6,128619.6,0.0017238179189652324,0.08595931290218398,0.044974789801491326,0.7300519302276609,0,0,1,1,53.0,176029.7,165924.8,182618.3,194463.9,201158.6,-0.05740451753312096,0.10060883002420375,0.21234800343288054,1,1,1
1771,ak0208q8qvl8,2020-07-08,2020.0,7.0,AK,"108 km SSE of Akhiok, Alaska",56.0188,-153.6197,3.3,5.1,mww,reviewed,ak,ak,318,7.8,4.933553459119497,-0.57,25.706603773584902,1,2.0,0.0,0.0,0.0,0.0,0.0,9.0,7.8,50901.3,51861.7,51861.7,395.9,2739.9,1275.7,30643.1,0.007633764415744181,0.052830894475113625,0.024598113829666212,0.5908618498815118,1,0,1,1,59.0,52377.5,50901.3,51764.0,50509.1,54183.8,-0.028183857572430856,0.016948486580892767,0.06448754746931806,3,1,3
1772,us7000am5m,2020-07-12,2020.0,7.0,AK,"103 km SSW of Nikolski, Alaska",52.0826,-169.471,21.14,4.6,mb,reviewed,us,us,318,7.8,4.933553459119497,-0.57,25.706603773584902,1,2.0,0.0,0.0,0.0,0.0,0.0,9.0,7.8,50901.3,51861.7,51861.7,395.9,2739.9,1275.7,30643.1,0.007633764415744181,0.052830894475113625,0.024598113829666212,0.5908618498815118,1,0,1,0,54.0,52377.5,50901.3,51764.0,50509.1,54183.8,-0.028183857572430856,0.016948486580892767,0.06448754746931806,3,1,3
1773,us7000antd,2020-07-15,2020.0,7.0,AK,"52 km WNW of Adak, Alaska",51.9791,-177.3768,11.77,5.2,mww,reviewed,us,us,318,7.8,4.933553459119497,-0.57,25.706603773584902,1,2.0,0.0,0.0,0.0,0.0,0.0,9.0,7.8,50901.3,51861.7,51861.7,395.9,2739.9,1275.7,30643.1,0.007633764415744181,0.052830894475113625,0.024598113829666212,0.5908618498815118,1,0,1,1,60.0,52377.5,50901.3,51764.0,50509.1,54183.8,-0.028183857572430856,0.016948486580892767,0.06448754746931806,3,1,3
1774,us6000b29h,2020-07-22,2020.0,7.0,AK,"73 km S of Ivanof Bay, Alaska",55.2459,-159.344,35.64,5.5,mww,reviewed,us,us,318,7.8,4.933553459119497,-0.57,25.706603773584902,1,2.0,0.0,0.0,0.0,0.0,0.0,9.0,7.8,50901.3,51861.7,51861.7,395.9,2739.9,1275.7,30643.1,0.007633764415744181,0.052830894475113625,0.024598113829666212,0.5908618498815118,1,0,1,0,63.0,52377.5,50901.3,51764.0,50509.1,54183.8,-0.028183857572430856,0.016948486580892767,0.06448754746931806,3,1,3
1775,us7000aswr,2020-07-22,2020.0,7.0,AK,"122 km ESE of Sand Point, Alaska",54.7461,-158.875,24.6,5.6,mb,reviewed,us,us,318,7.8,4.933553459119497,-0.57,25.706603773584902,1,2.0,0.0,0.0,0.0,0.0,0.0,9.0,7.8,50901.3,51861.7,51861.7,395.9,2739.9,1275.7,30643.1,0.007633764415744181,0.052830894475113625,0.024598113829666212,0.5908618498815118,1,0,1,0,64.0,52377.5,50901.3,51764.0,50509.1,54183.8,-0.028183857572430856,0.016948486580892767,0.06448754746931806,3,1,3
1776,us7000at0f,2020-07-22,2020.0,7.0,AK,"56 km SSW of Sand Point, Alaska",54.8436,-160.6789,42.63,4.9,mwr,reviewed,us,us,318,7.8,4.933553459119497,-0.57,25.706603773584902,1,2.0,0.0,0.0,0.0,0.0,0.0,9.0,7.8,50901.3,51861.7,51861.7,395.9,2739.9,1275.7,30643.1,0.007633764415744181,0.052830894475113625,0.024598113829666212,0.5908618498815118,1,0,1,0,57.0,52377.5,50901.3,51764.0,50509.1,54183.8,-0.028183857572430856,0.016948486580892767,0.06448754746931806,3,1,3
1777,us6000b2xh,2020-07-23,2020.0,7.0,AK,"54 km S of Sand Point, Alaska",54.854,-160.6578,41.04,4.7,mwr,reviewed,us,us,318,7.8,4.933553459119497,-0.57,25.706603773584902,1,2.0,0.0,0.0,0.0,0.0,0.0,9.0,7.8,50901.3,51861.7,51861.7,395.9,2739.9,1275.7,30643.1,0.007633764415744181,0.052830894475113625,0.024598113829666212,0.5908618498815118,1,0,1,0,55.0,52377.5,50901.3,51764.0,50509.1,54183.8,-0.028183857572430856,0.016948486580892767,0.06448754746931806,3,1,3
1778,us6000b355,2020-07-24,2020.0,7.0,AK,"58 km S of Sand Point, Alaska",54.818,-160.6718,43.16,5.0,mww,reviewed,us,us,318,7.8,4.933553459119497,-0.57,25.706603773584902,1,2.0,0.0,0.0,0.0,0.0,0.0,9.0,7.8,50901.3,51861.7,51861.7,395.9,2739.9,1275.7,30643.1,0.007633764415744181,0.052830894475113625,0.024598113829666212,0.5908618498815118,1,0,1,0,58.0,52377.5,50901.3,51764.0,50509.1,54183.8,-0.028183857572430856,0.016948486580892767,0.06448754746931806,3,1,3
1779,us6000b35f,2020-07-24,2020.0,7.0,AK,"59 km ESE of Sand Point, Alaska",55.1906,-159.606,44.17,4.5,mb,reviewed,us,us,318,7.8,4.933553459119497,-0.57,25.706603773584902,1,2.0,0.0,0.0,0.0,0.0,0.0,9.0,7.8,50901.3,51861.7,51861.7,395.9,2739.9,1275.7,30643.1,0.007633764415744181,0.052830894475113625,0.024598113829666212,0.5908618498815118,1,0,1,0,53.0,52377.5,50901.3,51764.0,50509.1,54183.8,-0.028183857572430856,0.016948486580892767,0.06448754746931806,3,1,3
1780,us6000b389,2020-07-24,2020.0,7.0,AK,"80 km S of Perryville, Alaska",55.1938,-159.2225,42.03,4.5,mwr,reviewed,us,us,318,7.8,4.933553459119497,-0.57,25.706603773584902,1,2.0,0.0,0.0,0.0,0.0,0.0,9.0,7.8,50901.3,51861.7,51861.7,395.9,2739.9,1275.7,30643.1,0.007633764415744181,0.052830894475113625,0.024598113829666212,0.5908618498815118,1,0,1,0,53.0,52377.5,50901.3,51764.0,50509.1,54183.8,-0.028183857572430856,0.016948486580892767,0.06448754746931806,3,1,3
1781,us6000b3e9,2020-07-24,2020.0,7.0,AK,"55 km SSW of Sand Point, Alaska",54.8552,-160.7155,45.17,5.0,mww,reviewed,us,us,318,7.8,4.933553459119497,-0.57,25.706603773584902,1,2.0,0.0,0.0,0.0,0.0,0.0,9.0,7.8,50901.3,51861.7,51861.7,395.9,2739.9,1275.7,30643.1,0.007633764415744181,0.052830894475113625,0.024598113829666212,0.5908618498815118,1,0,1,0,58.0,52377.5,50901.3,51764.0,50509.1,54183.8,-0.028183857572430856,0.016948486580892767,0.06448754746931806,3,1,3
1782,ak0209k5qkvs,2020-07-26,2020.0,7.0,AK,"99 km SSE of Perryville, Alaska",55.0514,-158.7229,32.6,4.5,ml,reviewed,ak,ak,318,7.8,4.933553459119497,-0.57,25.706603773584902,1,2.0,0.0,0.0,0.0,0.0,0.0,9.0,7.8,50901.3,51861.7,51861.7,395.9,2739.9,1275.7,30643.1,0.007633764415744181,0.052830894475113625,0.024598113829666212,0.5908618498815118,1,0,1,0,53.0,52377.5,50901.3,51764.0,50509.1,54183.8,-0.028183857572430856,0.016948486580892767,0.06448754746931806,3,1,3
1783,us6000b4b1,2020-07-26,2020.0,7.0,AK,"51 km SSE of Sand Point, Alaska",54.9008,-160.2463,38.1,4.7,mb,reviewed,us,us,318,7.8,4.933553459119497,-0.57,25.706603773584902,1,2.0,0.0,0.0,0.0,0.0,0.0,9.0,7.8,50901.3,51861.7,51861.7,395.9,2739.9,1275.7,30643.1,0.007633764415744181,0.052830894475113625,0.024598113829666212,0.5908618498815118,1,0,1,0,55.0,52377.5,50901.3,51764.0,50509.1,54183.8,-0.028183857572430856,0.016948486580892767,0.06448754746931806,3,1,3
1784,us6000b4hr,2020-07-26,2020.0,7.0,AK,"68 km SSE of Sand Point, Alaska",54.7652,-160.0883,36.09,4.9,mww,reviewed,us,us,318,7.8,4.933553459119497,-0.57,25.706603773584902,1,2.0,0.0,0.0,0.0,0.0,0.0,9.0,7.8,50901.3,51861.7,51861.7,395.9,2739.9,1275.7,30643.1,0.007633764415744181,0.052830894475113625,0.024598113829666212,0.5908618498815118,1,0,1,0,57.0,52377.5,50901.3,51764.0,50509.1,54183.8,-0.028183857572430856,0.016948486580892767,0.06448754746931806,3,1,3
1785,hv72063082,2020-07-27,2020.0,7.0,HI,"19 km SE of Naalehu, Hawaii",18.931333333333,-155.461,36.07,4.67,ml,reviewed,hv,hv,318,7.8,4.933553459119497,-0.57,25.706603773584902,1,0.0,0.0,0.0,0.0,0.0,0.0,0.0,0.0,79696.8,84788.0,84788.0,373.0,5622.2,1342.9,58484.7,0.004399207435014389,0.0663089116384394,0.01583832617823277,0.6897756758031797,0,0,1,0,49.7,88855.2,79696.8,84532.0,87491.2,89642.2,-0.10307106393323064,0.06066993906907174,0.12479045582758648,3,1,3
1786,us6000b4yh,2020-07-27,2020.0,7.0,AK,"46 km SSE of Sand Point, Alaska",54.9365,-160.3108,37.48,5.5,mww,reviewed,us,us,318,7.8,4.933553459119497,-0.57,25.706603773584902,1,2.0,0.0,0.0,0.0,0.0,0.0,9.0,7.8,50901.3,51861.7,51861.7,395.9,2739.9,1275.7,30643.1,0.007633764415744181,0.052830894475113625,0.024598113829666212,0.5908618498815118,1,0,1,0,63.0,52377.5,50901.3,51764.0,50509.1,54183.8,-0.028183857572430856,0.016948486580892767,0.06448754746931806,3,1,3
1787,us6000b56k,2020-07-28,2020.0,7.0,AK,"75 km SW of Sand Point, Alaska",54.7905,-161.2041,35.15,6.1,mww,reviewed,us,us,318,7.8,4.933553459119497,-0.57,25.706603773584902,1,2.0,0.0,0.0,0.0,0.0,0.0,9.0,7.8,50901.3,51861.7,51861.7,395.9,2739.9,1275.7,30643.1,0.007633764415744181,0.052830894475113625,0.024598113829666212,0.5908618498815118,1,1,1,0,79.0,52377.5,50901.3,51764.0,50509.1,54183.8,-0.028183857572430856,0.016948486580892767,0.06448754746931806,3,1,3
1788,us6000b62p,2020-07-29,2020.0,7.0,AK,"82 km SSW of Sand Point, Alaska",54.6632,-161.0479,38.25,4.8,mww,reviewed,us,us,318,7.8,4.933553459119497,-0.57,25.706603773584902,1,2.0,0.0,0.0,0.0,0.0,0.0,9.0,7.8,50901.3,51861.7,51861.7,395.9,2739.9,1275.7,30643.1,0.007633764415744181,0.052830894475113625,0.024598113829666212,0.5908618498815118,1,0,1,0,56.0,52377.5,50901.3,51764.0,50509.1,54183.8,-0.028183857572430856,0.016948486580892767,0.06448754746931806,3,1,3
1789,ak0209qvi9kl,2020-07-30,2020.0,7.0,AK,"134 km SSE of Perryville, Alaska",54.8358,-158.1711,33.9,5.0,ml,reviewed,ak,ak,318,7.8,4.933553459119497,-0.57,25.706603773584902,1,2.0,0.0,0.0,0.0,0.0,0.0,9.0,7.8,50901.3,51861.7,51861.7,395.9,2739.9,1275.7,30643.1,0.007633764415744181,0.052830894475113625,0.024598113829666212,0.5908618498815118,1,0,1,0,58.0,52377.5,50901.3,51764.0,50509.1,54183.8,-0.028183857572430856,0.016948486580892767,0.06448754746931806,3,1,3
1790,us6000b8cs,2020-08-02,2020.0,8.0,AK,"89 km SSW of Sand Point, Alaska",54.5719,-160.9308,30.99,4.8,mb,reviewed,us,us,318,7.8,4.933553459119497,-0.57,25.706603773584902,1,2.0,0.0,0.0,0.0,0.0,0.0,9.0,7.8,50901.3,51861.7,51861.7,395.9,2739.9,1275.7,30643.1,0.007633764415744181,0.052830894475113625,0.024598113829666212,0.5908618498815118,1,0,1,0,56.0,52377.5,50901.3,51764.0,50509.1,54183.8,-0.028183857572430856,0.016948486580892767,0.06448754746931806,3,1,3
1791,us6000b95f,2020-08-04,2020.0,8.0,AK,"79 km SSW of Sand Point, Alaska",54.7206,-161.1384,35.0,5.2,mww,reviewed,us,us,318,7.8,4.933553459119497,-0.57,25.706603773584902,1,2.0,0.0,0.0,0.0,0.0,0.0,9.0,7.8,50901.3,51861.7,51861.7,395.9,2739.9,1275.7,30643.1,0.007633764415744181,0.052830894475113625,0.024598113829666212,0.5908618498815118,1,0,1,0,60.0,52377.5,50901.3,51764.0,50509.1,54183.8,-0.028183857572430856,0.016948486580892767,0.06448754746931806,3,1,3
1792,us6000b9r9,2020-08-05,2020.0,8.0,AK,"94 km SSW of Sand Point, Alaska",54.5622,-161.0906,6.6,5.1,mww,reviewed,us,us,318,7.8,4.933553459119497,-0.57,25.706603773584902,1,2.0,0.0,0.0,0.0,0.0,0.0,9.0,7.8,50901.3,51861.7,51861.7,395.9,2739.9,1275.7,30643.1,0.007633764415744181,0.052830894475113625,0.024598113829666212,0.5908618498815118,1,0,1,1,59.0,52377.5,50901.3,51764.0,50509.1,54183.8,-0.028183857572430856,0.016948486580892767,0.06448754746931806,3,1,3
1793,ak020a7dzfzp,2020-08-09,2020.0,8.0,AK,"122 km SE of Perryville, Alaska",55.0487,-157.9354,22.1,5.1,mww,reviewed,ak,ak,318,7.8,4.933553459119497,-0.57,25.706603773584902,1,2.0,0.0,0.0,0.0,0.0,0.0,9.0,7.8,50901.3,51861.7,51861.7,395.9,2739.9,1275.7,30643.1,0.007633764415744181,0.052830894475113625,0.024598113829666212,0.5908618498815118,1,0,1,0,59.0,52377.5,50901.3,51764.0,50509.1,54183.8,-0.028183857572430856,0.016948486580892767,0.06448754746931806,3,1,3
1794,us6000bduv,2020-08-13,2020.0,8.0,AK,"156 km ESE of Akutan, Alaska",53.4301,-163.7134,28.0,5.7,mww,reviewed,us,us,318,7.8,4.933553459119497,-0.57,25.706603773584902,1,2.0,0.0,0.0,0.0,0.0,0.0,9.0,7.8,50901.3,51861.7,51861.7,395.9,2739.9,1275.7,30643.1,0.007633764415744181,0.052830894475113625,0.024598113829666212,0.5908618498815118,1,0,1,0,65.0,52377.5,50901.3,51764.0,50509.1,54183.8,-0.028183857572430856,0.016948486580892767,0.06448754746931806,3,1,3
1795,us6000bfpw,2020-08-16,2020.0,8.0,AK,"241 km ESE of Atka, Alaska",51.2142,-171.088,18.0,5.8,mww,reviewed,us,us,318,7.8,4.933553459119497,-0.57,25.706603773584902,1,2.0,0.0,0.0,0.0,0.0,0.0,9.0,7.8,50901.3,51861.7,51861.7,395.9,2739.9,1275.7,30643.1,0.007633764415744181,0.052830894475113625,0.024598113829666212,0.5908618498815118,1,0,1,1,66.0,52377.5,50901.3,51764.0,50509.1,54183.8,-0.028183857572430856,0.016948486580892767,0.06448754746931806,3,1,3
1796,us6000bj9h,2020-08-23,2020.0,8.0,AK,"113 km SSW of Nikolski, Alaska",52.0032,-169.5082,18.06,4.9,mww,reviewed,us,us,318,7.8,4.933553459119497,-0.57,25.706603773584902,1,2.0,0.0,0.0,0.0,0.0,0.0,9.0,7.8,50901.3,51861.7,51861.7,395.9,2739.9,1275.7,30643.1,0.007633764415744181,0.052830894475113625,0.024598113829666212,0.5908618498815118,1,0,1,1,57.0,52377.5,50901.3,51764.0,50509.1,54183.8,-0.028183857572430856,0.016948486580892767,0.06448754746931806,3,1,3
1797,us6000bjj5,2020-08-23,2020.0,8.0,AK,"151 km S of False Pass, Alaska",53.5011,-163.7179,35.0,4.5,mwr,reviewed,us,us,318,7.8,4.933553459119497,-0.57,25.706603773584902,1,2.0,0.0,0.0,0.0,0.0,0.0,9.0,7.8,50901.3,51861.7,51861.7,395.9,2739.9,1275.7,30643.1,0.007633764415744181,0.052830894475113625,0.024598113829666212,0.5908618498815118,1,0,1,0,53.0,52377.5,50901.3,51764.0,50509.1,54183.8,-0.028183857572430856,0.016948486580892767,0.06448754746931806,3,1,3
1798,us7000bibf,2020-09-05,2020.0,9.0,AK,"125 km W of Adak, Alaska",51.7825,-178.4523,17.71,4.6,mb,reviewed,us,us,318,7.8,4.933553459119497,-0.57,25.706603773584902,1,2.0,0.0,0.0,0.0,0.0,0.0,9.0,7.8,50901.3,51861.7,51861.7,395.9,2739.9,1275.7,30643.1,0.007633764415744181,0.052830894475113625,0.024598113829666212,0.5908618498815118,1,0,1,1,54.0,52377.5,50901.3,51764.0,50509.1,54183.8,-0.028183857572430856,0.016948486580892767,0.06448754746931806,3,1,3
1799,us7000bj01,2020-09-06,2020.0,9.0,AK,"170 km WSW of Adak, Alaska",51.3383,-178.936,49.72,4.5,mb,reviewed,us,us,318,7.8,4.933553459119497,-0.57,25.706603773584902,1,2.0,0.0,0.0,0.0,0.0,0.0,9.0,7.8,50901.3,51861.7,51861.7,395.9,2739.9,1275.7,30643.1,0.007633764415744181,0.052830894475113625,0.024598113829666212,0.5908618498815118,1,0,1,0,53.0,52377.5,50901.3,51764.0,50509.1,54183.8,-0.028183857572430856,0.016948486580892767,0.06448754746931806,3,1,3
1800,us6000c1tj,2020-09-27,2020.0,9.0,AK,"129 km SSW of Nikolski, Alaska",51.8905,-169.6828,17.0,5.5,mww,reviewed,us,us,318,7.8,4.933553459119497,-0.57,25.706603773584902,1,2.0,0.0,0.0,0.0,0.0,0.0,9.0,7.8,50901.3,51861.7,51861.7,395.9,2739.9,1275.7,30643.1,0.007633764415744181,0.052830894475113625,0.024598113829666212,0.5908618498815118,1,0,1,1,63.0,52377.5,50901.3,51764.0,50509.1,54183.8,-0.028183857572430856,0.016948486580892767,0.06448754746931806,3,1,3
1801,us6000c1wn,2020-09-27,2020.0,9.0,AK,"123 km SSW of Nikolski, Alaska",51.9428,-169.675,22.61,4.5,mb,reviewed,us,us,318,7.8,4.933553459119497,-0.57,25.706603773584902,1,2.0,0.0,0.0,0.0,0.0,0.0,9.0,7.8,50901.3,51861.7,51861.7,395.9,2739.9,1275.7,30643.1,0.007633764415744181,0.052830894475113625,0.024598113829666212,0.5908618498815118,1,0,1,0,53.0,52377.5,50901.3,51764.0,50509.1,54183.8,-0.028183857572430856,0.016948486580892767,0.06448754746931806,3,1,3
1802,us6000c20q,2020-09-28,2020.0,9.0,AK,"120 km SSW of Nikolski, Alaska",51.9534,-169.6077,15.49,5.2,mww,reviewed,us,us,318,7.8,4.933553459119497,-0.57,25.706603773584902,1,2.0,0.0,0.0,0.0,0.0,0.0,9.0,7.8,50901.3,51861.7,51861.7,395.9,2739.9,1275.7,30643.1,0.007633764415744181,0.052830894475113625,0.024598113829666212,0.5908618498815118,1,0,1,1,60.0,52377.5,50901.3,51764.0,50509.1,54183.8,-0.028183857572430856,0.016948486580892767,0.06448754746931806,3,1,3
1803,us6000c5e0,2020-10-04,2020.0,10.0,AK,"193 km WSW of Adak, Alaska",51.2413,-179.2378,40.2,4.8,mb,reviewed,us,us,318,7.8,4.933553459119497,-0.57,25.706603773584902,1,2.0,0.0,0.0,0.0,0.0,0.0,9.0,7.8,50901.3,51861.7,51861.7,395.9,2739.9,1275.7,30643.1,0.007633764415744181,0.052830894475113625,0.024598113829666212,0.5908618498815118,1,0,1,0,56.0,52377.5,50901.3,51764.0,50509.1,54183.8,-0.028183857572430856,0.016948486580892767,0.06448754746931806,3,1,3
1804,us6000c5zm,2020-10-06,2020.0,10.0,AK,"68 km SE of Sand Point, Alaska",54.8508,-159.8514,31.0,5.9,mww,reviewed,us,us,318,7.8,4.933553459119497,-0.57,25.706603773584902,1,2.0,0.0,0.0,0.0,0.0,0.0,9.0,7.8,50901.3,51861.7,51861.7,395.9,2739.9,1275.7,30643.1,0.007633764415744181,0.052830894475113625,0.024598113829666212,0.5908618498815118,1,0,1,0,67.0,52377.5,50901.3,51764.0,50509.1,54183.8,-0.028183857572430856,0.016948486580892767,0.06448754746931806,3,1,3
1805,us6000c6rg,2020-10-08,2020.0,10.0,AK,"43 km ESE of Nikolski, Alaska",52.7723,-168.2804,32.0,5.7,mww,reviewed,us,us,318,7.8,4.933553459119497,-0.57,25.706603773584902,1,2.0,0.0,0.0,0.0,0.0,0.0,9.0,7.8,50901.3,51861.7,51861.7,395.9,2739.9,1275.7,30643.1,0.007633764415744181,0.052830894475113625,0.024598113829666212,0.5908618498815118,1,0,1,0,65.0,52377.5,50901.3,51764.0,50509.1,54183.8,-0.028183857572430856,0.016948486580892767,0.06448754746931806,3,1,3
1806,ak020dgx8guc,2020-10-19,2020.0,10.0,AK,"144 km SSE of Sand Point, Alaska",54.1535,-159.5619,30.6,5.9,mww,reviewed,ak,ak,318,7.8,4.933553459119497,-0.57,25.706603773584902,1,2.0,0.0,0.0,0.0,0.0,0.0,9.0,7.8,50901.3,51861.7,51861.7,395.9,2739.9,1275.7,30643.1,0.007633764415744181,0.052830894475113625,0.024598113829666212,0.5908618498815118,1,0,1,0,67.0,52377.5,50901.3,51764.0,50509.1,54183.8,-0.028183857572430856,0.016948486580892767,0.06448754746931806,3,1,3
1807,us6000c9kb,2020-10-19,2020.0,10.0,AK,"114 km SSE of Sand Point, Alaska",54.4386,-159.6143,22.74,5.7,mb,reviewed,us,us,318,7.8,4.933553459119497,-0.57,25.706603773584902,1,2.0,0.0,0.0,0.0,0.0,0.0,9.0,7.8,50901.3,51861.7,51861.7,395.9,2739.9,1275.7,30643.1,0.007633764415744181,0.052830894475113625,0.024598113829666212,0.5908618498815118,1,0,1,0,65.0,52377.5,50901.3,51764.0,50509.1,54183.8,-0.028183857572430856,0.016948486580892767,0.06448754746931806,3,1,3
1808,us6000c9kj,2020-10-19,2020.0,10.0,AK,"116 km SSE of Sand Point, Alaska",54.3536,-159.8541,22.6,5.2,mb,reviewed,us,us,318,7.8,4.933553459119497,-0.57,25.706603773584902,1,2.0,0.0,0.0,0.0,0.0,0.0,9.0,7.8,50901.3,51861.7,51861.7,395.9,2739.9,1275.7,30643.1,0.007633764415744181,0.052830894475113625,0.024598113829666212,0.5908618498815118,1,0,1,0,60.0,52377.5,50901.3,51764.0,50509.1,54183.8,-0.028183857572430856,0.016948486580892767,0.06448754746931806,3,1,3
1809,us6000c9lb,2020-10-19,2020.0,10.0,AK,"104 km SSE of Sand Point, Alaska",54.5073,-159.729,26.24,5.7,mb,reviewed,us,us,318,7.8,4.933553459119497,-0.57,25.706603773584902,1,2.0,0.0,0.0,0.0,0.0,0.0,9.0,7.8,50901.3,51861.7,51861.7,395.9,2739.9,1275.7,30643.1,0.007633764415744181,0.052830894475113625,0.024598113829666212,0.5908618498815118,1,0,1,0,65.0,52377.5,50901.3,51764.0,50509.1,54183.8,-0.028183857572430856,0.016948486580892767,0.06448754746931806,3,1,3
1810,us6000c9lc,2020-10-19,2020.0,10.0,AK,"112 km SSE of Sand Point, Alaska",54.4356,-159.6953,31.41,4.5,mb,reviewed,us,us,318,7.8,4.933553459119497,-0.57,25.706603773584902,1,2.0,0.0,0.0,0.0,0.0,0.0,9.0,7.8,50901.3,51861.7,51861.7,395.9,2739.9,1275.7,30643.1,0.007633764415744181,0.052830894475113625,0.024598113829666212,0.5908618498815118,1,0,1,0,53.0,52377.5,50901.3,51764.0,50509.1,54183.8,-0.028183857572430856,0.016948486580892767,0.06448754746931806,3,1,3
1811,us6000c9lf,2020-10-19,2020.0,10.0,AK,"118 km SSE of Sand Point, Alaska",54.3371,-159.8425,20.77,5.9,mww,reviewed,us,us,318,7.8,4.933553459119497,-0.57,25.706603773584902,1,2.0,0.0,0.0,0.0,0.0,0.0,9.0,7.8,50901.3,51861.7,51861.7,395.9,2739.9,1275.7,30643.1,0.007633764415744181,0.052830894475113625,0.024598113829666212,0.5908618498815118,1,0,1,0,67.0,52377.5,50901.3,51764.0,50509.1,54183.8,-0.028183857572430856,0.016948486580892767,0.06448754746931806,3,1,3
1812,us6000c9nc,2020-10-19,2020.0,10.0,AK,"129 km SSE of Sand Point, Alaska",54.251,-159.7633,18.59,4.5,mb,reviewed,us,us,318,7.8,4.933553459119497,-0.57,25.706603773584902,1,2.0,0.0,0.0,0.0,0.0,0.0,9.0,7.8,50901.3,51861.7,51861.7,395.9,2739.9,1275.7,30643.1,0.007633764415744181,0.052830894475113625,0.024598113829666212,0.5908618498815118,1,0,1,1,53.0,52377.5,50901.3,51764.0,50509.1,54183.8,-0.028183857572430856,0.016948486580892767,0.06448754746931806,3,1,3
1813,us6000c9q8,2020-10-19,2020.0,10.0,AK,"97 km SSE of Sand Point, Alaska",54.548,-159.8387,33.27,4.9,mb,reviewed,us,us,318,7.8,4.933553459119497,-0.57,25.706603773584902,1,2.0,0.0,0.0,0.0,0.0,0.0,9.0,7.8,50901.3,51861.7,51861.7,395.9,2739.9,1275.7,30643.1,0.007633764415744181,0.052830894475113625,0.024598113829666212,0.5908618498815118,1,0,1,0,57.0,52377.5,50901.3,51764.0,50509.1,54183.8,-0.028183857572430856,0.016948486580892767,0.06448754746931806,3,1,3
1814,us6000cc2f,2020-10-19,2020.0,10.0,AK,"96 km SE of Sand Point, Alaska",54.6181,-159.6447,30.9,4.7,mb,reviewed,us,us,318,7.8,4.933553459119497,-0.57,25.706603773584902,1,2.0,0.0,0.0,0.0,0.0,0.0,9.0,7.8,50901.3,51861.7,51861.7,395.9,2739.9,1275.7,30643.1,0.007633764415744181,0.052830894475113625,0.024598113829666212,0.5908618498815118,1,0,1,0,55.0,52377.5,50901.3,51764.0,50509.1,54183.8,-0.028183857572430856,0.016948486580892767,0.06448754746931806,3,1,3
1815,us6000cc2g,2020-10-19,2020.0,10.0,AK,"113 km SSE of Sand Point, Alaska",54.4563,-159.6198,27.07,5.1,mb,reviewed,us,us,318,7.8,4.933553459119497,-0.57,25.706603773584902,1,2.0,0.0,0.0,0.0,0.0,0.0,9.0,7.8,50901.3,51861.7,51861.7,395.9,2739.9,1275.7,30643.1,0.007633764415744181,0.052830894475113625,0.024598113829666212,0.5908618498815118,1,0,1,0,59.0,52377.5,50901.3,51764.0,50509.1,54183.8,-0.028183857572430856,0.016948486580892767,0.06448754746931806,3,1,3
1816,us6000cc2w,2020-10-19,2020.0,10.0,AK,"98 km SSE of Sand Point, Alaska",54.5979,-159.6541,37.18,4.6,mb,reviewed,us,us,318,7.8,4.933553459119497,-0.57,25.706603773584902,1,2.0,0.0,0.0,0.0,0.0,0.0,9.0,7.8,50901.3,51861.7,51861.7,395.9,2739.9,1275.7,30643.1,0.007633764415744181,0.052830894475113625,0.024598113829666212,0.5908618498815118,1,0,1,0,54.0,52377.5,50901.3,51764.0,50509.1,54183.8,-0.028183857572430856,0.016948486580892767,0.06448754746931806,3,1,3
1817,us6000cc2x,2020-10-19,2020.0,10.0,AK,"110 km SSE of Sand Point, Alaska",54.4506,-159.7382,28.29,4.6,mb,reviewed,us,us,318,7.8,4.933553459119497,-0.57,25.706603773584902,1,2.0,0.0,0.0,0.0,0.0,0.0,9.0,7.8,50901.3,51861.7,51861.7,395.9,2739.9,1275.7,30643.1,0.007633764415744181,0.052830894475113625,0.024598113829666212,0.5908618498815118,1,0,1,0,54.0,52377.5,50901.3,51764.0,50509.1,54183.8,-0.028183857572430856,0.016948486580892767,0.06448754746931806,3,1,3
1818,us6000c9qc,2020-10-20,2020.0,10.0,AK,"115 km SSE of Sand Point, Alaska",54.4281,-159.6442,20.72,4.9,mb,reviewed,us,us,318,7.8,4.933553459119497,-0.57,25.706603773584902,1,2.0,0.0,0.0,0.0,0.0,0.0,9.0,7.8,50901.3,51861.7,51861.7,395.9,2739.9,1275.7,30643.1,0.007633764415744181,0.052830894475113625,0.024598113829666212,0.5908618498815118,1,0,1,0,57.0,52377.5,50901.3,51764.0,50509.1,54183.8,-0.028183857572430856,0.016948486580892767,0.06448754746931806,3,1,3
1819,us6000c9qw,2020-10-20,2020.0,10.0,AK,"114 km SSE of Sand Point, Alaska",54.4183,-159.6973,33.46,4.8,mb,reviewed,us,us,318,7.8,4.933553459119497,-0.57,25.706603773584902,1,2.0,0.0,0.0,0.0,0.0,0.0,9.0,7.8,50901.3,51861.7,51861.7,395.9,2739.9,1275.7,30643.1,0.007633764415744181,0.052830894475113625,0.024598113829666212,0.5908618498815118,1,0,1,0,56.0,52377.5,50901.3,51764.0,50509.1,54183.8,-0.028183857572430856,0.016948486580892767,0.06448754746931806,3,1,3
1820,us6000c9r0,2020-10-20,2020.0,10.0,AK,"129 km SSE of Sand Point, Alaska",54.3038,-159.5613,28.64,4.8,mb,reviewed,us,us,318,7.8,4.933553459119497,-0.57,25.706603773584902,1,2.0,0.0,0.0,0.0,0.0,0.0,9.0,7.8,50901.3,51861.7,51861.7,395.9,2739.9,1275.7,30643.1,0.007633764415744181,0.052830894475113625,0.024598113829666212,0.5908618498815118,1,0,1,0,56.0,52377.5,50901.3,51764.0,50509.1,54183.8,-0.028183857572430856,0.016948486580892767,0.06448754746931806,3,1,3
1821,us6000c9rq,2020-10-20,2020.0,10.0,AK,"131 km SSE of Sand Point, Alaska",54.2898,-159.5643,13.91,4.7,mb,reviewed,us,us,318,7.8,4.933553459119497,-0.57,25.706603773584902,1,2.0,0.0,0.0,0.0,0.0,0.0,9.0,7.8,50901.3,51861.7,51861.7,395.9,2739.9,1275.7,30643.1,0.007633764415744181,0.052830894475113625,0.024598113829666212,0.5908618498815118,1,0,1,1,55.0,52377.5,50901.3,51764.0,50509.1,54183.8,-0.028183857572430856,0.016948486580892767,0.06448754746931806,3,1,3
1822,us6000c9u7,2020-10-20,2020.0,10.0,AK,"130 km SSE of Sand Point, Alaska",54.2743,-159.6399,12.82,5.6,mww,reviewed,us,us,318,7.8,4.933553459119497,-0.57,25.706603773584902,1,2.0,0.0,0.0,0.0,0.0,0.0,9.0,7.8,50901.3,51861.7,51861.7,395.9,2739.9,1275.7,30643.1,0.007633764415744181,0.052830894475113625,0.024598113829666212,0.5908618498815118,1,0,1,1,64.0,52377.5,50901.3,51764.0,50509.1,54183.8,-0.028183857572430856,0.016948486580892767,0.06448754746931806,3,1,3
1823,us6000c9wl,2020-10-20,2020.0,10.0,AK,"127 km SSE of Sand Point, Alaska",54.2685,-159.7791,18.94,4.6,mb,reviewed,us,us,318,7.8,4.933553459119497,-0.57,25.706603773584902,1,2.0,0.0,0.0,0.0,0.0,0.0,9.0,7.8,50901.3,51861.7,51861.7,395.9,2739.9,1275.7,30643.1,0.007633764415744181,0.052830894475113625,0.024598113829666212,0.5908618498815118,1,0,1,1,54.0,52377.5,50901.3,51764.0,50509.1,54183.8,-0.028183857572430856,0.016948486580892767,0.06448754746931806,3,1,3
1824,us6000c9x1,2020-10-20,2020.0,10.0,AK,"104 km SSE of Sand Point, Alaska",54.502,-159.7452,27.82,4.9,mb,reviewed,us,us,318,7.8,4.933553459119497,-0.57,25.706603773584902,1,2.0,0.0,0.0,0.0,0.0,0.0,9.0,7.8,50901.3,51861.7,51861.7,395.9,2739.9,1275.7,30643.1,0.007633764415744181,0.052830894475113625,0.024598113829666212,0.5908618498815118,1,0,1,0,57.0,52377.5,50901.3,51764.0,50509.1,54183.8,-0.028183857572430856,0.016948486580892767,0.06448754746931806,3,1,3
1825,us6000c9x9,2020-10-20,2020.0,10.0,AK,"93 km SSE of Sand Point, Alaska",54.6253,-159.7075,28.23,4.8,mwr,reviewed,us,us,318,7.8,4.933553459119497,-0.57,25.706603773584902,1,2.0,0.0,0.0,0.0,0.0,0.0,9.0,7.8,50901.3,51861.7,51861.7,395.9,2739.9,1275.7,30643.1,0.007633764415744181,0.052830894475113625,0.024598113829666212,0.5908618498815118,1,0,1,0,56.0,52377.5,50901.3,51764.0,50509.1,54183.8,-0.028183857572430856,0.016948486580892767,0.06448754746931806,3,1,3
1826,us6000ca05,2020-10-20,2020.0,10.0,AK,"118 km SSE of Sand Point, Alaska",54.3624,-159.7745,22.0,5.1,mww,reviewed,us,us,318,7.8,4.933553459119497,-0.57,25.706603773584902,1,2.0,0.0,0.0,0.0,0.0,0.0,9.0,7.8,50901.3,51861.7,51861.7,395.9,2739.9,1275.7,30643.1,0.007633764415744181,0.052830894475113625,0.024598113829666212,0.5908618498815118,1,0,1,0,59.0,52377.5,50901.3,51764.0,50509.1,54183.8,-0.028183857572430856,0.016948486580892767,0.06448754746931806,3,1,3
1827,us6000cc5u,2020-10-20,2020.0,10.0,AK,"124 km SSE of Sand Point, Alaska",54.3347,-159.6257,30.25,4.5,mb,reviewed,us,us,318,7.8,4.933553459119497,-0.57,25.706603773584902,1,2.0,0.0,0.0,0.0,0.0,0.0,9.0,7.8,50901.3,51861.7,51861.7,395.9,2739.9,1275.7,30643.1,0.007633764415744181,0.052830894475113625,0.024598113829666212,0.5908618498815118,1,0,1,0,53.0,52377.5,50901.3,51764.0,50509.1,54183.8,-0.028183857572430856,0.016948486580892767,0.06448754746931806,3,1,3
1828,us6000cag5,2020-10-21,2020.0,10.0,AK,"130 km SSE of Sand Point, Alaska",54.2757,-159.6278,18.86,5.1,mww,reviewed,us,us,318,7.8,4.933553459119497,-0.57,25.706603773584902,1,2.0,0.0,0.0,0.0,0.0,0.0,9.0,7.8,50901.3,51861.7,51861.7,395.9,2739.9,1275.7,30643.1,0.007633764415744181,0.052830894475113625,0.024598113829666212,0.5908618498815118,1,0,1,1,59.0,52377.5,50901.3,51764.0,50509.1,54183.8,-0.028183857572430856,0.016948486580892767,0.06448754746931806,3,1,3
1829,us6000cahd,2020-10-21,2020.0,10.0,AK,"156 km SSE of Akutan, Alaska",52.9208,-164.5696,10.0,4.7,mwr,reviewed,us,us,318,7.8,4.933553459119497,-0.57,25.706603773584902,1,2.0,0.0,0.0,0.0,0.0,0.0,9.0,7.8,50901.3,51861.7,51861.7,395.9,2739.9,1275.7,30643.1,0.007633764415744181,0.052830894475113625,0.024598113829666212,0.5908618498815118,1,0,1,1,55.0,52377.5,50901.3,51764.0,50509.1,54183.8,-0.028183857572430856,0.016948486580892767,0.06448754746931806,3,1,3
1830,us6000caig,2020-10-21,2020.0,10.0,AK,"131 km SSE of Sand Point, Alaska",54.2652,-159.6384,11.72,4.7,mwr,reviewed,us,us,318,7.8,4.933553459119497,-0.57,25.706603773584902,1,2.0,0.0,0.0,0.0,0.0,0.0,9.0,7.8,50901.3,51861.7,51861.7,395.9,2739.9,1275.7,30643.1,0.007633764415744181,0.052830894475113625,0.024598113829666212,0.5908618498815118,1,0,1,1,55.0,52377.5,50901.3,51764.0,50509.1,54183.8,-0.028183857572430856,0.016948486580892767,0.06448754746931806,3,1,3
1831,us6000cam4,2020-10-21,2020.0,10.0,AK,"109 km SSE of Sand Point, Alaska",54.4774,-159.6768,33.57,4.6,mwr,reviewed,us,us,318,7.8,4.933553459119497,-0.57,25.706603773584902,1,2.0,0.0,0.0,0.0,0.0,0.0,9.0,7.8,50901.3,51861.7,51861.7,395.9,2739.9,1275.7,30643.1,0.007633764415744181,0.052830894475113625,0.024598113829666212,0.5908618498815118,1,0,1,0,54.0,52377.5,50901.3,51764.0,50509.1,54183.8,-0.028183857572430856,0.016948486580892767,0.06448754746931806,3,1,3
1832,us6000ccph,2020-10-24,2020.0,10.0,AK,Gulf of Alaska,56.3569,-147.6095,12.19,4.8,mww,reviewed,us,us,318,7.8,4.933553459119497,-0.57,25.706603773584902,1,2.0,0.0,0.0,0.0,0.0,0.0,9.0,7.8,50901.3,51861.7,51861.7,395.9,2739.9,1275.7,30643.1,0.007633764415744181,0.052830894475113625,0.024598113829666212,0.5908618498815118,1,0,1,1,56.0,52377.5,50901.3,51764.0,50509.1,54183.8,-0.028183857572430856,0.016948486580892767,0.06448754746931806,3,1,3
1833,us6000ccsd,2020-10-24,2020.0,10.0,AK,"103 km SSE of Sand Point, Alaska",54.5608,-159.5968,39.49,4.8,mwr,reviewed,us,us,318,7.8,4.933553459119497,-0.57,25.706603773584902,1,2.0,0.0,0.0,0.0,0.0,0.0,9.0,7.8,50901.3,51861.7,51861.7,395.9,2739.9,1275.7,30643.1,0.007633764415744181,0.052830894475113625,0.024598113829666212,0.5908618498815118,1,0,1,0,56.0,52377.5,50901.3,51764.0,50509.1,54183.8,-0.028183857572430856,0.016948486580892767,0.06448754746931806,3,1,3
1834,us6000cd7z,2020-10-26,2020.0,10.0,AK,"107 km SSE of Sand Point, Alaska",54.4727,-159.7646,28.55,4.6,mb,reviewed,us,us,318,7.8,4.933553459119497,-0.57,25.706603773584902,1,2.0,0.0,0.0,0.0,0.0,0.0,9.0,7.8,50901.3,51861.7,51861.7,395.9,2739.9,1275.7,30643.1,0.007633764415744181,0.052830894475113625,0.024598113829666212,0.5908618498815118,1,0,1,0,54.0,52377.5,50901.3,51764.0,50509.1,54183.8,-0.028183857572430856,0.016948486580892767,0.06448754746931806,3,1,3
1835,us7000c6l2,2020-10-28,2020.0,10.0,AK,"123 km NNE of Atka, Alaska",53.2019,-173.4156,239.67,5.5,mww,reviewed,us,us,318,7.8,4.933553459119497,-0.57,25.706603773584902,1,2.0,0.0,0.0,0.0,0.0,0.0,9.0,7.8,50901.3,51861.7,51861.7,395.9,2739.9,1275.7,30643.1,0.007633764415744181,0.052830894475113625,0.024598113829666212,0.5908618498815118,1,0,0,0,60.0,52377.5,50901.3,51764.0,50509.1,54183.8,-0.028183857572430856,0.016948486580892767,0.06448754746931806,3,1,3
1836,us7000c7v4,2020-10-30,2020.0,10.0,AK,"106 km SSE of Sand Point, Alaska",54.5046,-159.6855,24.77,5.1,mww,reviewed,us,us,318,7.8,4.933553459119497,-0.57,25.706603773584902,1,2.0,0.0,0.0,0.0,0.0,0.0,9.0,7.8,50901.3,51861.7,51861.7,395.9,2739.9,1275.7,30643.1,0.007633764415744181,0.052830894475113625,0.024598113829666212,0.5908618498815118,1,0,1,0,59.0,52377.5,50901.3,51764.0,50509.1,54183.8,-0.028183857572430856,0.016948486580892767,0.06448754746931806,3,1,3
1837,us7000c8jt,2020-10-31,2020.0,10.0,AK,"120 km SE of Sand Point, Alaska",54.4997,-159.3065,35.51,4.7,mwr,reviewed,us,us,318,7.8,4.933553459119497,-0.57,25.706603773584902,1,2.0,0.0,0.0,0.0,0.0,0.0,9.0,7.8,50901.3,51861.7,51861.7,395.9,2739.9,1275.7,30643.1,0.007633764415744181,0.052830894475113625,0.024598113829666212,0.5908618498815118,1,0,1,0,55.0,52377.5,50901.3,51764.0,50509.1,54183.8,-0.028183857572430856,0.016948486580892767,0.06448754746931806,3,1,3
1838,ak020e299hoi,2020-11-01,2020.0,11.0,AK,"39 km SW of Wales, Alaska",65.3927,-168.7717,19.6,4.6,ml,reviewed,ak,ak,318,7.8,4.933553459119497,-0.57,25.706603773584902,1,2.0,0.0,0.0,0.0,0.0,0.0,9.0,7.8,50901.3,51861.7,51861.7,395.9,2739.9,1275.7,30643.1,0.007633764415744181,0.052830894475113625,0.024598113829666212,0.5908618498815118,1,0,1,1,54.0,52377.5,50901.3,51764.0,50509.1,54183.8,-0.028183857572430856,0.016948486580892767,0.06448754746931806,3,1,3
1839,us7000cbs9,2020-11-07,2020.0,11.0,AK,"188 km WSW of Adak, Alaska",51.1358,-179.084,31.31,4.7,mb,reviewed,us,us,318,7.8,4.933553459119497,-0.57,25.706603773584902,1,2.0,0.0,0.0,0.0,0.0,0.0,9.0,7.8,50901.3,51861.7,51861.7,395.9,2739.9,1275.7,30643.1,0.007633764415744181,0.052830894475113625,0.024598113829666212,0.5908618498815118,1,0,1,0,55.0,52377.5,50901.3,51764.0,50509.1,54183.8,-0.028183857572430856,0.016948486580892767,0.06448754746931806,3,1,3
1840,nn00782942,2020-11-13,2020.0,11.0,NV,"33 km SE of Mina, Nevada",38.1693,-117.8533,4.8,5.3,ml,reviewed,nn,nn,318,7.8,4.933553459119497,-0.57,25.706603773584902,1,0.0,0.0,0.0,0.0,0.0,0.0,0.0,0.0,165924.8,176178.7,176178.7,303.7,15144.2,7923.6,128619.6,0.0017238179189652324,0.08595931290218398,0.044974789801491326,0.7300519302276609,0,0,1,1,56.0,176029.7,165924.8,182618.3,194463.9,201158.6,-0.05740451753312096,0.10060883002420375,0.21234800343288054,1,1,1
1841,ak020f7rgkgu,2020-11-26,2020.0,11.0,AK,"18 km SSW of Susitna North, Alaska",62.0104,-150.0136,42.1,4.6,ml,reviewed,ak,ak,318,7.8,4.933553459119497,-0.57,25.706603773584902,1,2.0,0.0,0.0,0.0,0.0,0.0,9.0,7.8,50901.3,51861.7,51861.7,395.9,2739.9,1275.7,30643.1,0.007633764415744181,0.052830894475113625,0.024598113829666212,0.5908618498815118,1,0,1,0,54.0,52377.5,50901.3,51764.0,50509.1,54183.8,-0.028183857572430856,0.016948486580892767,0.06448754746931806,3,1,3
1842,nn00787105,2020-12-01,2020.0,12.0,NV,"25 km S of Mina, Nevada",38.1637,-118.0837,5.0,5.1,ml,reviewed,nn,nn,318,7.8,4.933553459119497,-0.57,25.706603773584902,1,0.0,0.0,0.0,0.0,0.0,0.0,0.0,0.0,165924.8,176178.7,176178.7,303.7,15144.2,7923.6,128619.6,0.0017238179189652324,0.08595931290218398,0.044974789801491326,0.7300519302276609,0,0,1,1,54.0,176029.7,165924.8,182618.3,194463.9,201158.6,-0.05740451753312096,0.10060883002420375,0.21234800343288054,1,1,1
1843,us7000clp0,2020-12-01,2020.0,12.0,AK,south of Alaska,53.6855,-150.5827,10.0,5.7,mww,reviewed,us,us,318,7.8,4.933553459119497,-0.57,25.706603773584902,1,2.0,0.0,0.0,0.0,0.0,0.0,9.0,7.8,50901.3,51861.7,51861.7,395.9,2739.9,1275.7,30643.1,0.007633764415744181,0.052830894475113625,0.024598113829666212,0.5908618498815118,1,0,1,1,65.0,52377.5,50901.3,51764.0,50509.1,54183.8,-0.028183857572430856,0.016948486580892767,0.06448754746931806,3,1,3
1844,nn00788443,2020-12-03,2020.0,12.0,NV,"24 km S of Mina, Nevada",38.175,-118.0654,5.0,4.9,ml,reviewed,nn,nn,318,7.8,4.933553459119497,-0.57,25.706603773584902,1,0.0,0.0,0.0,0.0,0.0,0.0,0.0,0.0,165924.8,176178.7,176178.7,303.7,15144.2,7923.6,128619.6,0.0017238179189652324,0.08595931290218398,0.044974789801491326,0.7300519302276609,0,0,1,1,52.0,176029.7,165924.8,182618.3,194463.9,201158.6,-0.05740451753312096,0.10060883002420375,0.21234800343288054,1,1,1
1845,us7000cpmi,2020-12-10,2020.0,12.0,AK,"103 km SSE of Sand Point, Alaska",54.5391,-159.6656,23.09,4.9,mww,reviewed,us,us,318,7.8,4.933553459119497,-0.57,25.706603773584902,1,2.0,0.0,0.0,0.0,0.0,0.0,9.0,7.8,50901.3,51861.7,51861.7,395.9,2739.9,1275.7,30643.1,0.007633764415744181,0.052830894475113625,0.024598113829666212,0.5908618498815118,1,0,1,0,57.0,52377.5,50901.3,51764.0,50509.1,54183.8,-0.028183857572430856,0.016948486580892767,0.06448754746931806,3,1,3
1846,nn00791435,2020-12-12,2020.0,12.0,NV,"26 km S of Mina, Nevada",38.1497,-118.1008,6.4,4.9,ml,reviewed,nn,nn,318,7.8,4.933553459119497,-0.57,25.706603773584902,1,0.0,0.0,0.0,0.0,0.0,0.0,0.0,0.0,165924.8,176178.7,176178.7,303.7,15144.2,7923.6,128619.6,0.0017238179189652324,0.08595931290218398,0.044974789801491326,0.7300519302276609,0,0,1,1,52.0,176029.7,165924.8,182618.3,194463.9,201158.6,-0.05740451753312096,0.10060883002420375,0.21234800343288054,1,1,1
1847,us7000cqub,2020-12-13,2020.0,12.0,AK,"62 km N of Atka, Alaska",52.7548,-174.1095,182.03,4.5,mb,reviewed,us,us,318,7.8,4.933553459119497,-0.57,25.706603773584902,1,2.0,0.0,0.0,0.0,0.0,0.0,9.0,7.8,50901.3,51861.7,51861.7,395.9,2739.9,1275.7,30643.1,0.007633764415744181,0.052830894475113625,0.024598113829666212,0.5908618498815118,1,0,0,0,50.0,52377.5,50901.3,51764.0,50509.1,54183.8,-0.028183857572430856,0.016948486580892767,0.06448754746931806,3,1,3
1848,nn00792158,2020-12-14,2020.0,12.0,NV,"26 km S of Mina, Nevada",38.1554,-118.1231,5.2,4.7,ml,reviewed,nn,nn,318,7.8,4.933553459119497,-0.57,25.706603773584902,1,0.0,0.0,0.0,0.0,0.0,0.0,0.0,0.0,165924.8,176178.7,176178.7,303.7,15144.2,7923.6,128619.6,0.0017238179189652324,0.08595931290218398,0.044974789801491326,0.7300519302276609,0,0,1,1,50.0,176029.7,165924.8,182618.3,194463.9,201158.6,-0.05740451753312096,0.10060883002420375,0.21234800343288054,1,1,1
1849,us7000cqxq,2020-12-14,2020.0,12.0,AK,"124 km W of Nikolski, Alaska",53.0705,-170.7071,228.72,4.5,mb,reviewed,us,us,318,7.8,4.933553459119497,-0.57,25.706603773584902,1,2.0,0.0,0.0,0.0,0.0,0.0,9.0,7.8,50901.3,51861.7,51861.7,395.9,2739.9,1275.7,30643.1,0.007633764415744181,0.052830894475113625,0.024598113829666212,0.5908618498815118,1,0,0,0,50.0,52377.5,50901.3,51764.0,50509.1,54183.8,-0.028183857572430856,0.016948486580892767,0.06448754746931806,3,1,3
1850,us7000crgf,2020-12-16,2020.0,12.0,AK,"203 km S of Sand Point, Alaska",53.5231,-160.0638,10.48,5.3,mww,reviewed,us,us,318,7.8,4.933553459119497,-0.57,25.706603773584902,1,2.0,0.0,0.0,0.0,0.0,0.0,9.0,7.8,50901.3,51861.7,51861.7,395.9,2739.9,1275.7,30643.1,0.007633764415744181,0.052830894475113625,0.024598113829666212,0.5908618498815118,1,0,1,1,61.0,52377.5,50901.3,51764.0,50509.1,54183.8,-0.028183857572430856,0.016948486580892767,0.06448754746931806,3,1,3
1851,us7000crui,2020-12-17,2020.0,12.0,AK,"47 km WSW of Atka, Alaska",52.0067,-174.8164,80.56,4.6,mb,reviewed,us,us,318,7.8,4.933553459119497,-0.57,25.706603773584902,1,2.0,0.0,0.0,0.0,0.0,0.0,9.0,7.8,50901.3,51861.7,51861.7,395.9,2739.9,1275.7,30643.1,0.007633764415744181,0.052830894475113625,0.024598113829666212,0.5908618498815118,1,0,0,0,51.0,52377.5,50901.3,51764.0,50509.1,54183.8,-0.028183857572430856,0.016948486580892767,0.06448754746931806,3,1,3
1852,us7000csam,2020-12-19,2020.0,12.0,AK,"89 km SSE of Sand Point, Alaska",54.6462,-159.7805,32.73,5.0,mww,reviewed,us,us,318,7.8,4.933553459119497,-0.57,25.706603773584902,1,2.0,0.0,0.0,0.0,0.0,0.0,9.0,7.8,50901.3,51861.7,51861.7,395.9,2739.9,1275.7,30643.1,0.007633764415744181,0.052830894475113625,0.024598113829666212,0.5908618498815118,1,0,1,0,58.0,52377.5,50901.3,51764.0,50509.1,54183.8,-0.028183857572430856,0.016948486580892767,0.06448754746931806,3,1,3
1853,us6000d46z,2020-12-30,2020.0,12.0,AK,"90 km SE of Sand Point, Alaska",54.666,-159.6861,27.34,4.5,mwr,reviewed,us,us,318,7.8,4.933553459119497,-0.57,25.706603773584902,1,2.0,0.0,0.0,0.0,0.0,0.0,9.0,7.8,50901.3,51861.7,51861.7,395.9,2739.9,1275.7,30643.1,0.007633764415744181,0.052830894475113625,0.024598113829666212,0.5908618498815118,1,0,1,0,53.0,52377.5,50901.3,51764.0,50509.1,54183.8,-0.028183857572430856,0.016948486580892767,0.06448754746931806,3,1,3
1854,us6000d7dg,2021-01-11,2021.0,1.0,AK,"Unimak Island region, Alaska",53.6763,-163.9531,35.0,5.1,mww,reviewed,us,us,245,8.2,4.968571428571428,0.6,21.980489277738776,1,1.0,0.0,0.0,0.0,0.0,0.0,8.0,8.2,51764.0,59363.0,59363.0,389.8,2715.8,1496.1,34052.9,0.006566379731482573,0.045749035594562275,0.025202567255697993,0.5736384616680424,1,0,1,0,59.0,50901.3,51764.0,50509.1,54183.8,55945.7,0.016948486580892767,-0.024242716946140202,0.08078394250830688,0,1,0
1855,us6000d87l,2021-01-14,2021.0,1.0,AK,"91 km S of Atka, Alaska",51.3828,-174.0614,19.27,4.9,mb,reviewed,us,us,245,8.2,4.968571428571428,0.6,21.980489277738776,1,1.0,0.0,0.0,0.0,0.0,0.0,8.0,8.2,51764.0,59363.0,59363.0,389.8,2715.8,1496.1,34052.9,0.006566379731482573,0.045749035594562275,0.025202567255697993,0.5736384616680424,1,0,1,1,57.0,50901.3,51764.0,50509.1,54183.8,55945.7,0.016948486580892767,-0.024242716946140202,0.08078394250830688,0,1,0
1856,us7000d2zh,2021-01-24,2021.0,1.0,AK,"71 km S of King Cove, Alaska",54.4249,-162.1691,39.38,5.0,mww,reviewed,us,us,245,8.2,4.968571428571428,0.6,21.980489277738776,1,1.0,0.0,0.0,0.0,0.0,0.0,8.0,8.2,51764.0,59363.0,59363.0,389.8,2715.8,1496.1,34052.9,0.006566379731482573,0.045749035594562275,0.025202567255697993,0.5736384616680424,1,0,1,0,58.0,50901.3,51764.0,50509.1,54183.8,55945.7,0.016948486580892767,-0.024242716946140202,0.08078394250830688,0,1,0
1857,ak02115pjn6u,2021-01-25,2021.0,1.0,AK,"36 km SSW of Cordova, Alaska",60.2288,-145.9447,1.8,4.9,ml,reviewed,ak,ak,245,8.2,4.968571428571428,0.6,21.980489277738776,1,1.0,0.0,0.0,0.0,0.0,0.0,8.0,8.2,51764.0,59363.0,59363.0,389.8,2715.8,1496.1,34052.9,0.006566379731482573,0.045749035594562275,0.025202567255697993,0.5736384616680424,1,0,1,1,57.0,50901.3,51764.0,50509.1,54183.8,55945.7,0.016948486580892767,-0.024242716946140202,0.08078394250830688,0,1,0
1858,us6000df6i,2021-02-06,2021.0,2.0,AK,"75 km ESE of King Cove, Alaska",54.7289,-161.2984,51.01,4.8,mb,reviewed,us,us,245,8.2,4.968571428571428,0.6,21.980489277738776,1,1.0,0.0,0.0,0.0,0.0,0.0,8.0,8.2,51764.0,59363.0,59363.0,389.8,2715.8,1496.1,34052.9,0.006566379731482573,0.045749035594562275,0.025202567255697993,0.5736384616680424,1,0,1,0,56.0,50901.3,51764.0,50509.1,54183.8,55945.7,0.016948486580892767,-0.024242716946140202,0.08078394250830688,0,1,0
1859,ak02120zfqhy,2021-02-13,2021.0,2.0,AK,"57 km WNW of Akhiok, Alaska",57.1463,-155.0386,49.7,5.3,mww,reviewed,ak,ak,245,8.2,4.968571428571428,0.6,21.980489277738776,1,1.0,0.0,0.0,0.0,0.0,0.0,8.0,8.2,51764.0,59363.0,59363.0,389.8,2715.8,1496.1,34052.9,0.006566379731482573,0.045749035594562275,0.025202567255697993,0.5736384616680424,1,0,1,0,61.0,50901.3,51764.0,50509.1,54183.8,55945.7,0.016948486580892767,-0.024242716946140202,0.08078394250830688,0,1,0
1860,us6000dhn0,2021-02-14,2021.0,2.0,AK,"184 km WSW of Adak, Alaska",51.4422,-179.2116,22.63,4.8,mww,reviewed,us,us,245,8.2,4.968571428571428,0.6,21.980489277738776,1,1.0,0.0,0.0,0.0,0.0,0.0,8.0,8.2,51764.0,59363.0,59363.0,389.8,2715.8,1496.1,34052.9,0.006566379731482573,0.045749035594562275,0.025202567255697993,0.5736384616680424,1,0,1,0,56.0,50901.3,51764.0,50509.1,54183.8,55945.7,0.016948486580892767,-0.024242716946140202,0.08078394250830688,0,1,0
1861,us6000djrl,2021-02-20,2021.0,2.0,OR,"290 km W of Bandon, Oregon",43.669,-127.92,10.0,5.1,mww,reviewed,us,us,245,8.2,4.968571428571428,0.6,21.980489277738776,1,0.0,0.0,0.0,0.0,0.0,0.0,0.0,0.0,250919.9,276367.7,276367.7,4881.5,13343.8,34394.7,188014.8,0.017663062651677455,0.048282776894695,0.12445267663334028,0.6803067073322967,0,0,1,1,54.0,236651.4,250919.9,254237.5,258023.4,263347.7,0.06029332596384387,0.013221749251454373,0.049528953263571436,0,1,0
1862,ak0212umi8ne,2021-03-03,2021.0,3.0,AK,"57 km NW of Beluga, Alaska",61.4532,-151.9291,99.0,4.5,ml,reviewed,ak,ak,245,8.2,4.968571428571428,0.6,21.980489277738776,1,1.0,0.0,0.0,0.0,0.0,0.0,8.0,8.2,51764.0,59363.0,59363.0,389.8,2715.8,1496.1,34052.9,0.006566379731482573,0.045749035594562275,0.025202567255697993,0.5736384616680424,1,0,0,0,50.0,50901.3,51764.0,50509.1,54183.8,55945.7,0.016948486580892767,-0.024242716946140202,0.08078394250830688,0,1,0
1863,tx2021fhjh,2021-03-17,2021.0,3.0,NM,"57 km S of Whites City, New Mexico",31.65433164,-104.3573154,6.182983398,4.5,ml,reviewed,tx,tx,245,8.2,4.968571428571428,0.6,21.980489277738776,1,0.0,0.0,0.0,0.0,0.0,0.0,0.0,0.0,101499.2,113781.7,113781.7,1367.1,4556.6,4322.1,66093.4,0.012015113150884544,0.04004686166580391,0.037985897556461194,0.5808789989954447,0,0,1,1,48.0,98004.0,101499.2,104212.8,114059.2,119044.5,0.03566385045508343,0.02673518609013673,0.17286146097703237,0,1,0
1864,us7000dkbq,2021-03-17,2021.0,3.0,AK,"37 km SSW of Atka, Alaska",51.8758,-174.359,65.39,4.7,mb,reviewed,us,us,245,8.2,4.968571428571428,0.6,21.980489277738776,1,1.0,0.0,0.0,0.0,0.0,0.0,8.0,8.2,51764.0,59363.0,59363.0,389.8,2715.8,1496.1,34052.9,0.006566379731482573,0.045749035594562275,0.025202567255697993,0.5736384616680424,1,0,1,0,55.0,50901.3,51764.0,50509.1,54183.8,55945.7,0.016948486580892767,-0.024242716946140202,0.08078394250830688,0,1,0
1865,us6000dwqm,2021-03-26,2021.0,3.0,AK,"72 km WSW of Nikolski, Alaska",52.7767,-169.9113,11.77,4.8,mb,reviewed,us,us,245,8.2,4.968571428571428,0.6,21.980489277738776,1,1.0,0.0,0.0,0.0,0.0,0.0,8.0,8.2,51764.0,59363.0,59363.0,389.8,2715.8,1496.1,34052.9,0.006566379731482573,0.045749035594562275,0.025202567255697993,0.5736384616680424,1,0,1,1,56.0,50901.3,51764.0,50509.1,54183.8,55945.7,0.016948486580892767,-0.024242716946140202,0.08078394250830688,0,1,0
1866,ak0214icukav,2021-04-08,2021.0,4.0,AK,"28 km SE of Cantwell, Alaska",63.2011,-148.5799,80.1,5.5,mww,reviewed,ak,ak,245,8.2,4.968571428571428,0.6,21.980489277738776,1,1.0,0.0,0.0,0.0,0.0,0.0,8.0,8.2,51764.0,59363.0,59363.0,389.8,2715.8,1496.1,34052.9,0.006566379731482573,0.045749035594562275,0.025202567255697993,0.5736384616680424,1,0,0,0,60.0,50901.3,51764.0,50509.1,54183.8,55945.7,0.016948486580892767,-0.024242716946140202,0.08078394250830688,0,1,0
1867,us7000dyia,2021-04-29,2021.0,4.0,OR,off the coast of Oregon,43.8194,-128.0455,10.0,5.4,mww,reviewed,us,us,245,8.2,4.968571428571428,0.6,21.980489277738776,1,0.0,0.0,0.0,0.0,0.0,0.0,0.0,0.0,250919.9,276367.7,276367.7,4881.5,13343.8,34394.7,188014.8,0.017663062651677455,0.048282776894695,0.12445267663334028,0.6803067073322967,0,0,1,1,57.0,236651.4,250919.9,254237.5,258023.4,263347.7,0.06029332596384387,0.013221749251454373,0.049528953263571436,0,1,0
1868,us7000dyib,2021-04-29,2021.0,4.0,OR,off the coast of Oregon,43.871,-128.4099,10.0,5.2,mww,reviewed,us,us,245,8.2,4.968571428571428,0.6,21.980489277738776,1,0.0,0.0,0.0,0.0,0.0,0.0,0.0,0.0,250919.9,276367.7,276367.7,4881.5,13343.8,34394.7,188014.8,0.017663062651677455,0.048282776894695,0.12445267663334028,0.6803067073322967,0,0,1,1,55.0,236651.4,250919.9,254237.5,258023.4,263347.7,0.06029332596384387,0.013221749251454373,0.049528953263571436,0,1,0
1869,us7000dyid,2021-04-29,2021.0,4.0,OR,off the coast of Oregon,43.8937,-128.4355,10.0,5.3,mww,reviewed,us,us,245,8.2,4.968571428571428,0.6,21.980489277738776,1,0.0,0.0,0.0,0.0,0.0,0.0,0.0,0.0,250919.9,276367.7,276367.7,4881.5,13343.8,34394.7,188014.8,0.017663062651677455,0.048282776894695,0.12445267663334028,0.6803067073322967,0,0,1,1,56.0,236651.4,250919.9,254237.5,258023.4,263347.7,0.06029332596384387,0.013221749251454373,0.049528953263571436,0,1,0
1870,us7000e01a,2021-05-04,2021.0,5.0,AK,"128 km WSW of Nikolski, Alaska",52.4081,-170.5441,53.51,4.9,mb,reviewed,us,us,245,8.2,4.968571428571428,0.6,21.980489277738776,1,1.0,0.0,0.0,0.0,0.0,0.0,8.0,8.2,51764.0,59363.0,59363.0,389.8,2715.8,1496.1,34052.9,0.006566379731482573,0.045749035594562275,0.025202567255697993,0.5736384616680424,1,0,1,0,57.0,50901.3,51764.0,50509.1,54183.8,55945.7,0.016948486580892767,-0.024242716946140202,0.08078394250830688,0,1,0
1871,us7000e1gi,2021-05-09,2021.0,5.0,AK,"126 km E of McCarthy, Alaska",61.506,-140.5444,5.09,4.9,mww,reviewed,us,us,245,8.2,4.968571428571428,0.6,21.980489277738776,1,1.0,0.0,0.0,0.0,0.0,0.0,8.0,8.2,51764.0,59363.0,59363.0,389.8,2715.8,1496.1,34052.9,0.006566379731482573,0.045749035594562275,0.025202567255697993,0.5736384616680424,1,0,1,1,57.0,50901.3,51764.0,50509.1,54183.8,55945.7,0.016948486580892767,-0.024242716946140202,0.08078394250830688,0,1,0
1872,us7000e5la,2021-05-23,2021.0,5.0,CO,"84 km W of Campo Pesquero el Colorado, Mexico",25.6855,-110.1543,10.0,4.6,mb,reviewed,us,us,245,8.2,4.968571428571428,0.6,21.980489277738776,1,0.0,0.0,0.0,0.0,0.0,0.0,0.0,0.0,406309.2,445781.3,445781.3,3077.7,26294.8,26091.2,322966.7,0.006904058111006451,0.05898587491220471,0.05852914871036538,0.724495845832923,0,0,1,1,49.0,380544.0,406309.2,422576.1,440225.2,448838.5,0.06770623107971749,0.04003576586501109,0.10467225452930917,0,1,0
1873,ak0216xxdp9j,2021-05-31,2021.0,5.0,AK,"75 km N of Chickaloon, Alaska",62.467,-148.2829,44.1,4.6,ml,reviewed,ak,ak,245,8.2,4.968571428571428,0.6,21.980489277738776,1,1.0,0.0,0.0,0.0,0.0,0.0,8.0,8.2,51764.0,59363.0,59363.0,389.8,2715.8,1496.1,34052.9,0.006566379731482573,0.045749035594562275,0.025202567255697993,0.5736384616680424,1,0,1,0,54.0,50901.3,51764.0,50509.1,54183.8,55945.7,0.016948486580892767,-0.024242716946140202,0.08078394250830688,0,1,0
1874,us7000e9mg,2021-06-04,2021.0,6.0,OR,"153 km W of Gold Beach, Oregon",42.2881,-126.2778,16.57,5.9,mww,reviewed,us,us,245,8.2,4.968571428571428,0.6,21.980489277738776,1,0.0,0.0,0.0,0.0,0.0,0.0,0.0,0.0,250919.9,276367.7,276367.7,4881.5,13343.8,34394.7,188014.8,0.017663062651677455,0.048282776894695,0.12445267663334028,0.6803067073322967,0,0,1,1,62.0,236651.4,250919.9,254237.5,258023.4,263347.7,0.06029332596384387,0.013221749251454373,0.049528953263571436,0,1,0
1875,us7000e9mr,2021-06-04,2021.0,6.0,OR,"149 km W of Gold Beach, Oregon",42.2405,-126.218,13.91,5.9,mww,reviewed,us,us,245,8.2,4.968571428571428,0.6,21.980489277738776,1,0.0,0.0,0.0,0.0,0.0,0.0,0.0,0.0,250919.9,276367.7,276367.7,4881.5,13343.8,34394.7,188014.8,0.017663062651677455,0.048282776894695,0.12445267663334028,0.6803067073322967,0,0,1,1,62.0,236651.4,250919.9,254237.5,258023.4,263347.7,0.06029332596384387,0.013221749251454373,0.049528953263571436,0,1,0
1876,us7000e9t0,2021-06-04,2021.0,6.0,OR,"149 km W of Gold Beach, Oregon",42.3068,-126.2266,10.0,4.7,mwr,reviewed,us,us,245,8.2,4.968571428571428,0.6,21.980489277738776,1,0.0,0.0,0.0,0.0,0.0,0.0,0.0,0.0,250919.9,276367.7,276367.7,4881.5,13343.8,34394.7,188014.8,0.017663062651677455,0.048282776894695,0.12445267663334028,0.6803067073322967,0,0,1,1,50.0,236651.4,250919.9,254237.5,258023.4,263347.7,0.06029332596384387,0.013221749251454373,0.049528953263571436,0,1,0
1877,us7000ee34,2021-06-18,2021.0,6.0,AK,"219 km S of Sand Point, Alaska",53.365,-160.2941,7.96,5.4,mww,reviewed,us,us,245,8.2,4.968571428571428,0.6,21.980489277738776,1,1.0,0.0,0.0,0.0,0.0,0.0,8.0,8.2,51764.0,59363.0,59363.0,389.8,2715.8,1496.1,34052.9,0.006566379731482573,0.045749035594562275,0.025202567255697993,0.5736384616680424,1,0,1,1,62.0,50901.3,51764.0,50509.1,54183.8,55945.7,0.016948486580892767,-0.024242716946140202,0.08078394250830688,0,1,0
1878,hv72565662,2021-07-05,2021.0,7.0,HI,"12 km NNW of Kukuihaele, Hawaii",20.220333333333,-155.63,26.92,5.17,ml,reviewed,hv,hv,245,8.2,4.968571428571428,0.6,21.980489277738776,1,0.0,0.0,0.0,0.0,0.0,0.0,0.0,0.0,84532.0,93684.2,93684.2,478.7,5628.8,1472.4,66417.4,0.005109719675249402,0.06008270338007903,0.01571663097939674,0.7089498549381859,0,0,1,0,54.7,79696.8,84532.0,87491.2,89642.2,91878.0,0.06066993906907174,0.035006861306960645,0.08690200160885818,0,1,0
1879,ak0219nekhhk,2021-07-29,2021.0,7.0,AK,"127 km SE of Chignik, Alaska",55.3726,-157.205,0.8,5.9,ml,reviewed,ak,ak,245,8.2,4.968571428571428,0.6,21.980489277738776,1,1.0,0.0,0.0,0.0,0.0,0.0,8.0,8.2,51764.0,59363.0,59363.0,389.8,2715.8,1496.1,34052.9,0.006566379731482573,0.045749035594562275,0.025202567255697993,0.5736384616680424,1,0,1,1,67.0,50901.3,51764.0,50509.1,54183.8,55945.7,0.016948486580892767,-0.024242716946140202,0.08078394250830688,0,1,0
1880,ak0219nf7v8j,2021-07-29,2021.0,7.0,AK,"154 km SE of Perryville, Alaska",54.9457,-157.3926,12.0,4.5,ml,reviewed,ak,ak,245,8.2,4.968571428571428,0.6,21.980489277738776,1,1.0,0.0,0.0,0.0,0.0,0.0,8.0,8.2,51764.0,59363.0,59363.0,389.8,2715.8,1496.1,34052.9,0.006566379731482573,0.045749035594562275,0.025202567255697993,0.5736384616680424,1,0,1,1,53.0,50901.3,51764.0,50509.1,54183.8,55945.7,0.016948486580892767,-0.024242716946140202,0.08078394250830688,0,1,0
1881,ak0219ngdto6,2021-07-29,2021.0,7.0,AK,"128 km SSE of Chignik, Alaska",55.2815,-157.4372,25.8,4.7,ml,reviewed,ak,ak,245,8.2,4.968571428571428,0.6,21.980489277738776,1,1.0,0.0,0.0,0.0,0.0,0.0,8.0,8.2,51764.0,59363.0,59363.0,389.8,2715.8,1496.1,34052.9,0.006566379731482573,0.045749035594562275,0.025202567255697993,0.5736384616680424,1,0,1,0,55.0,50901.3,51764.0,50509.1,54183.8,55945.7,0.016948486580892767,-0.024242716946140202,0.08078394250830688,0,1,0
1882,ak0219nkffxs,2021-07-29,2021.0,7.0,AK,"185 km SSW of Akhiok, Alaska",55.5285,-155.7524,37.2,4.5,ml,reviewed,ak,ak,245,8.2,4.968571428571428,0.6,21.980489277738776,1,1.0,0.0,0.0,0.0,0.0,0.0,8.0,8.2,51764.0,59363.0,59363.0,389.8,2715.8,1496.1,34052.9,0.006566379731482573,0.045749035594562275,0.025202567255697993,0.5736384616680424,1,0,1,0,53.0,50901.3,51764.0,50509.1,54183.8,55945.7,0.016948486580892767,-0.024242716946140202,0.08078394250830688,0,1,0
1883,ak0219nnczma,2021-07-29,2021.0,7.0,AK,"128 km SSE of Perryville, Alaska",54.9511,-158.0184,2.5,4.7,ml,reviewed,ak,ak,245,8.2,4.968571428571428,0.6,21.980489277738776,1,1.0,0.0,0.0,0.0,0.0,0.0,8.0,8.2,51764.0,59363.0,59363.0,389.8,2715.8,1496.1,34052.9,0.006566379731482573,0.045749035594562275,0.025202567255697993,0.5736384616680424,1,0,1,1,55.0,50901.3,51764.0,50509.1,54183.8,55945.7,0.016948486580892767,-0.024242716946140202,0.08078394250830688,0,1,0
1884,ak0219no2c5y,2021-07-29,2021.0,7.0,AK,"150 km SSE of Chignik, Alaska",55.1516,-157.1159,0.6,4.8,ml,reviewed,ak,ak,245,8.2,4.968571428571428,0.6,21.980489277738776,1,1.0,0.0,0.0,0.0,0.0,0.0,8.0,8.2,51764.0,59363.0,59363.0,389.8,2715.8,1496.1,34052.9,0.006566379731482573,0.045749035594562275,0.025202567255697993,0.5736384616680424,1,0,1,1,56.0,50901.3,51764.0,50509.1,54183.8,55945.7,0.016948486580892767,-0.024242716946140202,0.08078394250830688,0,1,0
1885,us6000f03q,2021-07-29,2021.0,7.0,AK,"114 km SE of Perryville, Alaska",55.2218,-157.7952,35.0,5.1,ml,reviewed,us,us,245,8.2,4.968571428571428,0.6,21.980489277738776,1,1.0,0.0,0.0,0.0,0.0,0.0,8.0,8.2,51764.0,59363.0,59363.0,389.8,2715.8,1496.1,34052.9,0.006566379731482573,0.045749035594562275,0.025202567255697993,0.5736384616680424,1,0,1,0,59.0,50901.3,51764.0,50509.1,54183.8,55945.7,0.016948486580892767,-0.024242716946140202,0.08078394250830688,0,1,0
1886,us6000f2fi,2021-07-29,2021.0,7.0,AK,"197 km SSW of Akhiok, Alaska",55.3139,-155.4004,10.0,4.7,mb,reviewed,us,us,245,8.2,4.968571428571428,0.6,21.980489277738776,1,1.0,0.0,0.0,0.0,0.0,0.0,8.0,8.2,51764.0,59363.0,59363.0,389.8,2715.8,1496.1,34052.9,0.006566379731482573,0.045749035594562275,0.025202567255697993,0.5736384616680424,1,0,1,1,55.0,50901.3,51764.0,50509.1,54183.8,55945.7,0.016948486580892767,-0.024242716946140202,0.08078394250830688,0,1,0
1887,us6000f2fx,2021-07-29,2021.0,7.0,AK,"158 km SE of Perryville, Alaska",55.0539,-157.1399,33.65,4.8,mb,reviewed,us,us,245,8.2,4.968571428571428,0.6,21.980489277738776,1,1.0,0.0,0.0,0.0,0.0,0.0,8.0,8.2,51764.0,59363.0,59363.0,389.8,2715.8,1496.1,34052.9,0.006566379731482573,0.045749035594562275,0.025202567255697993,0.5736384616680424,1,0,1,0,56.0,50901.3,51764.0,50509.1,54183.8,55945.7,0.016948486580892767,-0.024242716946140202,0.08078394250830688,0,1,0
1888,ak0219p0hp3k,2021-07-30,2021.0,7.0,AK,"140 km SE of Chignik, Alaska",55.3344,-156.9608,43.4,5.5,mww,reviewed,ak,ak,245,8.2,4.968571428571428,0.6,21.980489277738776,1,1.0,0.0,0.0,0.0,0.0,0.0,8.0,8.2,51764.0,59363.0,59363.0,389.8,2715.8,1496.1,34052.9,0.006566379731482573,0.045749035594562275,0.025202567255697993,0.5736384616680424,1,0,1,0,63.0,50901.3,51764.0,50509.1,54183.8,55945.7,0.016948486580892767,-0.024242716946140202,0.08078394250830688,0,1,0
1889,ak0219qv3rpn,2021-07-31,2021.0,7.0,AK,"162 km ESE of Chignik, Alaska",55.7315,-156.0072,36.7,4.5,ml,reviewed,ak,ak,245,8.2,4.968571428571428,0.6,21.980489277738776,1,1.0,0.0,0.0,0.0,0.0,0.0,8.0,8.2,51764.0,59363.0,59363.0,389.8,2715.8,1496.1,34052.9,0.006566379731482573,0.045749035594562275,0.025202567255697993,0.5736384616680424,1,0,1,0,53.0,50901.3,51764.0,50509.1,54183.8,55945.7,0.016948486580892767,-0.024242716946140202,0.08078394250830688,0,1,0
1890,us6000f652,2021-08-14,2021.0,8.0,AK,"125 km SE of Perryville, Alaska",55.1767,-157.6441,20.74,6.9,mww,reviewed,us,us,245,8.2,4.968571428571428,0.6,21.980489277738776,1,1.0,0.0,0.0,0.0,0.0,0.0,8.0,8.2,51764.0,59363.0,59363.0,389.8,2715.8,1496.1,34052.9,0.006566379731482573,0.045749035594562275,0.025202567255697993,0.5736384616680424,1,1,1,0,87.0,50901.3,51764.0,50509.1,54183.8,55945.7,0.016948486580892767,-0.024242716946140202,0.08078394250830688,0,1,0
1891,us6000f7mh,2021-08-17,2021.0,8.0,AK,"70 km E of Nikolski, Alaska",52.9483,-167.8102,43.31,4.6,mwr,reviewed,us,us,245,8.2,4.968571428571428,0.6,21.980489277738776,1,1.0,0.0,0.0,0.0,0.0,0.0,8.0,8.2,51764.0,59363.0,59363.0,389.8,2715.8,1496.1,34052.9,0.006566379731482573,0.045749035594562275,0.025202567255697993,0.5736384616680424,1,0,1,0,54.0,50901.3,51764.0,50509.1,54183.8,55945.7,0.016948486580892767,-0.024242716946140202,0.08078394250830688,0,1,0
1892,ak021bt4ffvw,2021-09-14,2021.0,9.0,AK,"9 km NW of Harding-Birch Lakes, Alaska",64.4374,-146.737,3.9,4.9,ml,reviewed,ak,ak,245,8.2,4.968571428571428,0.6,21.980489277738776,1,1.0,0.0,0.0,0.0,0.0,0.0,8.0,8.2,51764.0,59363.0,59363.0,389.8,2715.8,1496.1,34052.9,0.006566379731482573,0.045749035594562275,0.025202567255697993,0.5736384616680424,1,0,1,1,57.0,50901.3,51764.0,50509.1,54183.8,55945.7,0.016948486580892767,-0.024242716946140202,0.08078394250830688,0,1,0
1893,ak021bwpwxny,2021-09-16,2021.0,9.0,AK,"200 km SE of Chignik, Alaska",54.942,-156.3037,33.0,5.1,mww,reviewed,ak,ak,245,8.2,4.968571428571428,0.6,21.980489277738776,1,1.0,0.0,0.0,0.0,0.0,0.0,8.0,8.2,51764.0,59363.0,59363.0,389.8,2715.8,1496.1,34052.9,0.006566379731482573,0.045749035594562275,0.025202567255697993,0.5736384616680424,1,0,1,0,59.0,50901.3,51764.0,50509.1,54183.8,55945.7,0.016948486580892767,-0.024242716946140202,0.08078394250830688,0,1,0
1894,us7000fe0g,2021-09-24,2021.0,9.0,AK,"185 km WSW of Adak, Alaska",51.1338,-179.0224,18.0,5.5,mww,reviewed,us,us,245,8.2,4.968571428571428,0.6,21.980489277738776,1,1.0,0.0,0.0,0.0,0.0,0.0,8.0,8.2,51764.0,59363.0,59363.0,389.8,2715.8,1496.1,34052.9,0.006566379731482573,0.045749035594562275,0.025202567255697993,0.5736384616680424,1,0,1,1,63.0,50901.3,51764.0,50509.1,54183.8,55945.7,0.016948486580892767,-0.024242716946140202,0.08078394250830688,0,1,0
1895,ak021cldnudg,2021-10-01,2021.0,10.0,AK,"137 km ESE of Chignik, Alaska",55.8999,-156.3121,44.9,4.8,ml,reviewed,ak,ak,245,8.2,4.968571428571428,0.6,21.980489277738776,1,1.0,0.0,0.0,0.0,0.0,0.0,8.0,8.2,51764.0,59363.0,59363.0,389.8,2715.8,1496.1,34052.9,0.006566379731482573,0.045749035594562275,0.025202567255697993,0.5736384616680424,1,0,1,0,56.0,50901.3,51764.0,50509.1,54183.8,55945.7,0.016948486580892767,-0.024242716946140202,0.08078394250830688,0,1,0
1896,us6000fqm1,2021-10-01,2021.0,10.0,AK,"190 km SW of Nikolski, Alaska",51.9458,-171.1386,35.0,4.8,mb,reviewed,us,us,245,8.2,4.968571428571428,0.6,21.980489277738776,1,1.0,0.0,0.0,0.0,0.0,0.0,8.0,8.2,51764.0,59363.0,59363.0,389.8,2715.8,1496.1,34052.9,0.006566379731482573,0.045749035594562275,0.025202567255697993,0.5736384616680424,1,0,1,0,56.0,50901.3,51764.0,50509.1,54183.8,55945.7,0.016948486580892767,-0.024242716946140202,0.08078394250830688,0,1,0
1897,us6000frc5,2021-10-03,2021.0,10.0,AK,"184 km WSW of Nikolski, Alaska",52.1026,-171.2098,45.58,4.5,mb,reviewed,us,us,245,8.2,4.968571428571428,0.6,21.980489277738776,1,1.0,0.0,0.0,0.0,0.0,0.0,8.0,8.2,51764.0,59363.0,59363.0,389.8,2715.8,1496.1,34052.9,0.006566379731482573,0.045749035594562275,0.025202567255697993,0.5736384616680424,1,0,1,0,53.0,50901.3,51764.0,50509.1,54183.8,55945.7,0.016948486580892767,-0.024242716946140202,0.08078394250830688,0,1,0
1898,hv72742352,2021-10-06,2021.0,10.0,HI,"8 km ENE of P?hala, Hawaii",19.225666666667,-155.398,32.69,4.55,ml,reviewed,hv,hv,245,8.2,4.968571428571428,0.6,21.980489277738776,1,0.0,0.0,0.0,0.0,0.0,0.0,0.0,0.0,84532.0,93684.2,93684.2,478.7,5628.8,1472.4,66417.4,0.005109719675249402,0.06008270338007903,0.01571663097939674,0.7089498549381859,0,0,1,0,48.5,79696.8,84532.0,87491.2,89642.2,91878.0,0.06066993906907174,0.035006861306960645,0.08690200160885818,0,1,0
1899,ak021d1u1nos,2021-10-11,2021.0,10.0,AK,"112 km E of Chignik, Alaska",56.2954,-156.581,51.6,6.9,mww,reviewed,ak,ak,245,8.2,4.968571428571428,0.6,21.980489277738776,1,1.0,0.0,0.0,0.0,0.0,0.0,8.0,8.2,51764.0,59363.0,59363.0,389.8,2715.8,1496.1,34052.9,0.006566379731482573,0.045749035594562275,0.025202567255697993,0.5736384616680424,1,1,1,0,87.0,50901.3,51764.0,50509.1,54183.8,55945.7,0.016948486580892767,-0.024242716946140202,0.08078394250830688,0,1,0
1900,us6000ftru,2021-10-11,2021.0,10.0,AK,"81 km S of Atka, Alaska",51.4793,-174.4301,35.0,4.9,mb,reviewed,us,us,245,8.2,4.968571428571428,0.6,21.980489277738776,1,1.0,0.0,0.0,0.0,0.0,0.0,8.0,8.2,51764.0,59363.0,59363.0,389.8,2715.8,1496.1,34052.9,0.006566379731482573,0.045749035594562275,0.025202567255697993,0.5736384616680424,1,0,1,0,57.0,50901.3,51764.0,50509.1,54183.8,55945.7,0.016948486580892767,-0.024242716946140202,0.08078394250830688,0,1,0
1901,us6000fx7p,2021-10-24,2021.0,10.0,OR,"163 km W of Langlois, Oregon",43.1633,-126.4306,10.0,4.8,mwr,reviewed,us,us,245,8.2,4.968571428571428,0.6,21.980489277738776,1,0.0,0.0,0.0,0.0,0.0,0.0,0.0,0.0,250919.9,276367.7,276367.7,4881.5,13343.8,34394.7,188014.8,0.017663062651677455,0.048282776894695,0.12445267663334028,0.6803067073322967,0,0,1,1,51.0,236651.4,250919.9,254237.5,258023.4,263347.7,0.06029332596384387,0.013221749251454373,0.049528953263571436,0,1,0
1902,us7000fphz,2021-10-28,2021.0,10.0,AK,"95 km SSE of Perryville, Alaska",55.0732,-158.8373,28.04,5.1,mww,reviewed,us,us,245,8.2,4.968571428571428,0.6,21.980489277738776,1,1.0,0.0,0.0,0.0,0.0,0.0,8.0,8.2,51764.0,59363.0,59363.0,389.8,2715.8,1496.1,34052.9,0.006566379731482573,0.045749035594562275,0.025202567255697993,0.5736384616680424,1,0,1,0,59.0,50901.3,51764.0,50509.1,54183.8,55945.7,0.016948486580892767,-0.024242716946140202,0.08078394250830688,0,1,0
1903,us7000fqai,2021-10-31,2021.0,10.0,AK,"115 km SSE of Perryville, Alaska",54.9056,-158.7149,25.0,5.6,mww,reviewed,us,us,245,8.2,4.968571428571428,0.6,21.980489277738776,1,1.0,0.0,0.0,0.0,0.0,0.0,8.0,8.2,51764.0,59363.0,59363.0,389.8,2715.8,1496.1,34052.9,0.006566379731482573,0.045749035594562275,0.025202567255697993,0.5736384616680424,1,0,1,0,64.0,50901.3,51764.0,50509.1,54183.8,55945.7,0.016948486580892767,-0.024242716946140202,0.08078394250830688,0,1,0
1904,us7000frcu,2021-11-04,2021.0,11.0,AK,"69 km ESE of Nikolski, Alaska",52.6679,-167.9322,39.3,5.2,mww,reviewed,us,us,245,8.2,4.968571428571428,0.6,21.980489277738776,1,1.0,0.0,0.0,0.0,0.0,0.0,8.0,8.2,51764.0,59363.0,59363.0,389.8,2715.8,1496.1,34052.9,0.006566379731482573,0.045749035594562275,0.025202567255697993,0.5736384616680424,1,0,1,0,60.0,50901.3,51764.0,50509.1,54183.8,55945.7,0.016948486580892767,-0.024242716946140202,0.08078394250830688,0,1,0
1905,ak021enpwpl8,2021-11-15,2021.0,11.0,AK,"151 km SSW of Akhiok, Alaska",55.8034,-155.5144,8.5,4.5,ml,reviewed,ak,ak,245,8.2,4.968571428571428,0.6,21.980489277738776,1,1.0,0.0,0.0,0.0,0.0,0.0,8.0,8.2,51764.0,59363.0,59363.0,389.8,2715.8,1496.1,34052.9,0.006566379731482573,0.045749035594562275,0.025202567255697993,0.5736384616680424,1,0,1,1,53.0,50901.3,51764.0,50509.1,54183.8,55945.7,0.016948486580892767,-0.024242716946140202,0.08078394250830688,0,1,0
1906,us7000fvnr,2021-11-20,2021.0,11.0,OR,off the coast of Oregon,44.5766,-130.0811,10.0,4.6,mb,reviewed,us,us,245,8.2,4.968571428571428,0.6,21.980489277738776,1,0.0,0.0,0.0,0.0,0.0,0.0,0.0,0.0,250919.9,276367.7,276367.7,4881.5,13343.8,34394.7,188014.8,0.017663062651677455,0.048282776894695,0.12445267663334028,0.6803067073322967,0,0,1,1,49.0,236651.4,250919.9,254237.5,258023.4,263347.7,0.06029332596384387,0.013221749251454373,0.049528953263571436,0,1,0
1907,us6000g960,2021-12-05,2021.0,12.0,AK,"165 km SE of Nikolski, Alaska",51.9366,-167.0658,10.0,5.2,mb,reviewed,us,us,245,8.2,4.968571428571428,0.6,21.980489277738776,1,1.0,0.0,0.0,0.0,0.0,0.0,8.0,8.2,51764.0,59363.0,59363.0,389.8,2715.8,1496.1,34052.9,0.006566379731482573,0.045749035594562275,0.025202567255697993,0.5736384616680424,1,0,1,1,60.0,50901.3,51764.0,50509.1,54183.8,55945.7,0.016948486580892767,-0.024242716946140202,0.08078394250830688,0,1,0
1908,us6000gb8t,2021-12-07,2021.0,12.0,OR,off the coast of Oregon,44.2961,-129.6716,10.0,4.7,mb,reviewed,us,us,245,8.2,4.968571428571428,0.6,21.980489277738776,1,0.0,0.0,0.0,0.0,0.0,0.0,0.0,0.0,250919.9,276367.7,276367.7,4881.5,13343.8,34394.7,188014.8,0.017663062651677455,0.048282776894695,0.12445267663334028,0.6803067073322967,0,0,1,1,50.0,236651.4,250919.9,254237.5,258023.4,263347.7,0.06029332596384387,0.013221749251454373,0.049528953263571436,0,1,0
1909,us6000ga9m,2021-12-08,2021.0,12.0,OR,off the coast of Oregon,44.3897,-129.3562,10.0,5.2,mww,reviewed,us,us,245,8.2,4.968571428571428,0.6,21.980489277738776,1,0.0,0.0,0.0,0.0,0.0,0.0,0.0,0.0,250919.9,276367.7,276367.7,4881.5,13343.8,34394.7,188014.8,0.017663062651677455,0.048282776894695,0.12445267663334028,0.6803067073322967,0,0,1,1,55.0,236651.4,250919.9,254237.5,258023.4,263347.7,0.06029332596384387,0.013221749251454373,0.049528953263571436,0,1,0
1910,us6000ga9w,2021-12-08,2021.0,12.0,OR,off the coast of Oregon,44.4262,-129.5255,10.0,5.8,mww,reviewed,us,us,245,8.2,4.968571428571428,0.6,21.980489277738776,1,0.0,0.0,0.0,0.0,0.0,0.0,0.0,0.0,250919.9,276367.7,276367.7,4881.5,13343.8,34394.7,188014.8,0.017663062651677455,0.048282776894695,0.12445267663334028,0.6803067073322967,0,0,1,1,61.0,236651.4,250919.9,254237.5,258023.4,263347.7,0.06029332596384387,0.013221749251454373,0.049528953263571436,0,1,0
1911,us6000gac2,2021-12-08,2021.0,12.0,OR,off the coast of Oregon,44.4309,-129.8033,10.0,4.5,mb,reviewed,us,us,245,8.2,4.968571428571428,0.6,21.980489277738776,1,0.0,0.0,0.0,0.0,0.0,0.0,0.0,0.0,250919.9,276367.7,276367.7,4881.5,13343.8,34394.7,188014.8,0.017663062651677455,0.048282776894695,0.12445267663334028,0.6803067073322967,0,0,1,1,48.0,236651.4,250919.9,254237.5,258023.4,263347.7,0.06029332596384387,0.013221749251454373,0.049528953263571436,0,1,0
1912,us6000gacn,2021-12-08,2021.0,12.0,OR,off the coast of Oregon,44.363,-129.3697,10.0,5.4,mww,reviewed,us,us,245,8.2,4.968571428571428,0.6,21.980489277738776,1,0.0,0.0,0.0,0.0,0.0,0.0,0.0,0.0,250919.9,276367.7,276367.7,4881.5,13343.8,34394.7,188014.8,0.017663062651677455,0.048282776894695,0.12445267663334028,0.6803067073322967,0,0,1,1,57.0,236651.4,250919.9,254237.5,258023.4,263347.7,0.06029332596384387,0.013221749251454373,0.049528953263571436,0,1,0
1913,us6000gad4,2021-12-08,2021.0,12.0,OR,off the coast of Oregon,44.1907,-129.2843,10.0,5.1,mww,reviewed,us,us,245,8.2,4.968571428571428,0.6,21.980489277738776,1,0.0,0.0,0.0,0.0,0.0,0.0,0.0,0.0,250919.9,276367.7,276367.7,4881.5,13343.8,34394.7,188014.8,0.017663062651677455,0.048282776894695,0.12445267663334028,0.6803067073322967,0,0,1,1,54.0,236651.4,250919.9,254237.5,258023.4,263347.7,0.06029332596384387,0.013221749251454373,0.049528953263571436,0,1,0
1914,us6000gadh,2021-12-08,2021.0,12.0,OR,off the coast of Oregon,44.3619,-129.5852,10.0,5.5,mww,reviewed,us,us,245,8.2,4.968571428571428,0.6,21.980489277738776,1,0.0,0.0,0.0,0.0,0.0,0.0,0.0,0.0,250919.9,276367.7,276367.7,4881.5,13343.8,34394.7,188014.8,0.017663062651677455,0.048282776894695,0.12445267663334028,0.6803067073322967,0,0,1,1,58.0,236651.4,250919.9,254237.5,258023.4,263347.7,0.06029332596384387,0.013221749251454373,0.049528953263571436,0,1,0
1915,us6000gady,2021-12-08,2021.0,12.0,OR,off the coast of Oregon,44.2005,-129.4109,10.0,4.6,mb,reviewed,us,us,245,8.2,4.968571428571428,0.6,21.980489277738776,1,0.0,0.0,0.0,0.0,0.0,0.0,0.0,0.0,250919.9,276367.7,276367.7,4881.5,13343.8,34394.7,188014.8,0.017663062651677455,0.048282776894695,0.12445267663334028,0.6803067073322967,0,0,1,1,49.0,236651.4,250919.9,254237.5,258023.4,263347.7,0.06029332596384387,0.013221749251454373,0.049528953263571436,0,1,0
1916,us6000gafa,2021-12-08,2021.0,12.0,OR,off the coast of Oregon,44.3152,-129.4198,10.0,5.1,mww,reviewed,us,us,245,8.2,4.968571428571428,0.6,21.980489277738776,1,0.0,0.0,0.0,0.0,0.0,0.0,0.0,0.0,250919.9,276367.7,276367.7,4881.5,13343.8,34394.7,188014.8,0.017663062651677455,0.048282776894695,0.12445267663334028,0.6803067073322967,0,0,1,1,54.0,236651.4,250919.9,254237.5,258023.4,263347.7,0.06029332596384387,0.013221749251454373,0.049528953263571436,0,1,0
1917,us6000gah8,2021-12-08,2021.0,12.0,OR,off the coast of Oregon,44.3026,-129.4733,10.0,5.3,mww,reviewed,us,us,245,8.2,4.968571428571428,0.6,21.980489277738776,1,0.0,0.0,0.0,0.0,0.0,0.0,0.0,0.0,250919.9,276367.7,276367.7,4881.5,13343.8,34394.7,188014.8,0.017663062651677455,0.048282776894695,0.12445267663334028,0.6803067073322967,0,0,1,1,56.0,236651.4,250919.9,254237.5,258023.4,263347.7,0.06029332596384387,0.013221749251454373,0.049528953263571436,0,1,0
1918,us6000gam6,2021-12-08,2021.0,12.0,OR,off the coast of Oregon,43.9811,-129.1111,10.0,4.5,mb,reviewed,us,us,245,8.2,4.968571428571428,0.6,21.980489277738776,1,0.0,0.0,0.0,0.0,0.0,0.0,0.0,0.0,250919.9,276367.7,276367.7,4881.5,13343.8,34394.7,188014.8,0.017663062651677455,0.048282776894695,0.12445267663334028,0.6803067073322967,0,0,1,1,48.0,236651.4,250919.9,254237.5,258023.4,263347.7,0.06029332596384387,0.013221749251454373,0.049528953263571436,0,1,0
1919,us6000gant,2021-12-08,2021.0,12.0,OR,off the coast of Oregon,44.0143,-129.242,10.0,4.6,mb,reviewed,us,us,245,8.2,4.968571428571428,0.6,21.980489277738776,1,0.0,0.0,0.0,0.0,0.0,0.0,0.0,0.0,250919.9,276367.7,276367.7,4881.5,13343.8,34394.7,188014.8,0.017663062651677455,0.048282776894695,0.12445267663334028,0.6803067073322967,0,0,1,1,49.0,236651.4,250919.9,254237.5,258023.4,263347.7,0.06029332596384387,0.013221749251454373,0.049528953263571436,0,1,0
1920,us6000gbwt,2021-12-08,2021.0,12.0,OR,off the coast of Oregon,44.3368,-129.2869,10.0,4.5,mb,reviewed,us,us,245,8.2,4.968571428571428,0.6,21.980489277738776,1,0.0,0.0,0.0,0.0,0.0,0.0,0.0,0.0,250919.9,276367.7,276367.7,4881.5,13343.8,34394.7,188014.8,0.017663062651677455,0.048282776894695,0.12445267663334028,0.6803067073322967,0,0,1,1,48.0,236651.4,250919.9,254237.5,258023.4,263347.7,0.06029332596384387,0.013221749251454373,0.049528953263571436,0,1,0
1921,us6000gbyf,2021-12-08,2021.0,12.0,OR,off the coast of Oregon,44.337,-129.5423,10.0,4.5,mb,reviewed,us,us,245,8.2,4.968571428571428,0.6,21.980489277738776,1,0.0,0.0,0.0,0.0,0.0,0.0,0.0,0.0,250919.9,276367.7,276367.7,4881.5,13343.8,34394.7,188014.8,0.017663062651677455,0.048282776894695,0.12445267663334028,0.6803067073322967,0,0,1,1,48.0,236651.4,250919.9,254237.5,258023.4,263347.7,0.06029332596384387,0.013221749251454373,0.049528953263571436,0,1,0
1922,us6000gaun,2021-12-09,2021.0,12.0,OR,off the coast of Oregon,44.06,-129.3495,10.0,4.7,mww,reviewed,us,us,245,8.2,4.968571428571428,0.6,21.980489277738776,1,0.0,0.0,0.0,0.0,0.0,0.0,0.0,0.0,250919.9,276367.7,276367.7,4881.5,13343.8,34394.7,188014.8,0.017663062651677455,0.048282776894695,0.12445267663334028,0.6803067073322967,0,0,1,1,50.0,236651.4,250919.9,254237.5,258023.4,263347.7,0.06029332596384387,0.013221749251454373,0.049528953263571436,0,1,0
1923,us6000gb13,2021-12-09,2021.0,12.0,OR,off the coast of Oregon,44.1627,-129.5187,10.0,5.4,mww,reviewed,us,us,245,8.2,4.968571428571428,0.6,21.980489277738776,1,0.0,0.0,0.0,0.0,0.0,0.0,0.0,0.0,250919.9,276367.7,276367.7,4881.5,13343.8,34394.7,188014.8,0.017663062651677455,0.048282776894695,0.12445267663334028,0.6803067073322967,0,0,1,1,57.0,236651.4,250919.9,254237.5,258023.4,263347.7,0.06029332596384387,0.013221749251454373,0.049528953263571436,0,1,0
1924,us6000gbn0,2021-12-12,2021.0,12.0,AK,"74 km SE of Akutan, Alaska",53.6936,-164.9123,47.17,4.5,mb,reviewed,us,us,245,8.2,4.968571428571428,0.6,21.980489277738776,1,1.0,0.0,0.0,0.0,0.0,0.0,8.0,8.2,51764.0,59363.0,59363.0,389.8,2715.8,1496.1,34052.9,0.006566379731482573,0.045749035594562275,0.025202567255697993,0.5736384616680424,1,0,1,0,53.0,50901.3,51764.0,50509.1,54183.8,55945.7,0.016948486580892767,-0.024242716946140202,0.08078394250830688,0,1,0
1925,ak021g6iansc,2021-12-18,2021.0,12.0,AK,"19 km ENE of Pedro Bay, Alaska",59.8591,-153.7981,163.0,4.7,ml,reviewed,ak,ak,245,8.2,4.968571428571428,0.6,21.980489277738776,1,1.0,0.0,0.0,0.0,0.0,0.0,8.0,8.2,51764.0,59363.0,59363.0,389.8,2715.8,1496.1,34052.9,0.006566379731482573,0.045749035594562275,0.025202567255697993,0.5736384616680424,1,0,0,0,52.0,50901.3,51764.0,50509.1,54183.8,55945.7,0.016948486580892767,-0.024242716946140202,0.08078394250830688,0,1,0
1926,ak021gbh4rso,2021-12-21,2021.0,12.0,AK,"58 km E of Port Alsworth, Alaska",60.1237,-153.2742,151.2,5.9,mww,reviewed,ak,ak,245,8.2,4.968571428571428,0.6,21.980489277738776,1,1.0,0.0,0.0,0.0,0.0,0.0,8.0,8.2,51764.0,59363.0,59363.0,389.8,2715.8,1496.1,34052.9,0.006566379731482573,0.045749035594562275,0.025202567255697993,0.5736384616680424,1,0,0,0,64.0,50901.3,51764.0,50509.1,54183.8,55945.7,0.016948486580892767,-0.024242716946140202,0.08078394250830688,0,1,0
1927,us6000gfhi,2021-12-26,2021.0,12.0,CA,"Baja California, Mexico",29.9182,-113.8046,10.0,4.7,mb,reviewed,us,us,245,8.2,4.968571428571428,0.6,21.980489277738776,1,0.0,0.0,0.0,0.0,0.0,0.0,0.0,0.0,3151112.5,3418256.1,3418256.1,44173.5,131466.5,363347.9,2500331.0,0.012922817573557463,0.038460108357592046,0.10629627780083535,0.7314639181072478,0,0,1,1,50.0,2930654.6,3151112.5,3147211.4,3204016.4,3306928.6,0.0752247979001005,-0.0012380072117387409,0.04944796480608042,0,1,0
1928,us6000gfke,2021-12-27,2021.0,12.0,OR,Off the coast of Oregon,44.1344,-129.084,10.0,4.5,mb,reviewed,us,us,245,8.2,4.968571428571428,0.6,21.980489277738776,1,0.0,0.0,0.0,0.0,0.0,0.0,0.0,0.0,250919.9,276367.7,276367.7,4881.5,13343.8,34394.7,188014.8,0.017663062651677455,0.048282776894695,0.12445267663334028,0.6803067073322967,0,0,1,1,48.0,236651.4,250919.9,254237.5,258023.4,263347.7,0.06029332596384387,0.013221749251454373,0.049528953263571436,0,1,0
1929,ak022ia1dkp,2022-01-11,2022.0,1.0,AK,"71 km NNE of Aleneva, Alaska",58.6643,-152.5048,2.2,4.6,ml,reviewed,ak,ak,229,7.6,4.870960698689957,2.2,29.73686314990393,1,0.0,0.0,0.0,0.0,0.0,0.0,0.0,0.0,50509.1,65682.5,65682.5,527.7,2821.9,1597.6,37780.7,0.008034103452213299,0.042962737411030336,0.024323069310699195,0.575201918319187,0,0,1,1,49.0,51764.0,50509.1,54183.8,55945.7,57488.0,-0.024242716946140202,0.07275322664628758,0.13817114143787954,1,1,1
1930,us7000gavu,2022-01-11,2022.0,1.0,AK,"100 km SE of Nikolski, Alaska",52.3415,-167.7554,20.0,6.8,mww,reviewed,us,us,229,7.6,4.870960698689957,2.2,29.73686314990393,1,0.0,0.0,0.0,0.0,0.0,0.0,0.0,0.0,50509.1,65682.5,65682.5,527.7,2821.9,1597.6,37780.7,0.008034103452213299,0.042962737411030336,0.024323069310699195,0.575201918319187,0,1,1,1,81.0,51764.0,50509.1,54183.8,55945.7,57488.0,-0.024242716946140202,0.07275322664628758,0.13817114143787954,1,1,1
1931,us7000gavx,2022-01-11,2022.0,1.0,AK,"88 km SE of Nikolski, Alaska",52.3766,-167.9324,16.97,5.4,mb,reviewed,us,us,229,7.6,4.870960698689957,2.2,29.73686314990393,1,0.0,0.0,0.0,0.0,0.0,0.0,0.0,0.0,50509.1,65682.5,65682.5,527.7,2821.9,1597.6,37780.7,0.008034103452213299,0.042962737411030336,0.024323069310699195,0.575201918319187,0,0,1,1,57.0,51764.0,50509.1,54183.8,55945.7,57488.0,-0.024242716946140202,0.07275322664628758,0.13817114143787954,1,1,1
1932,us7000gaw0,2022-01-11,2022.0,1.0,AK,"93 km SE of Nikolski, Alaska",52.3376,-167.8926,22.32,4.7,mb,reviewed,us,us,229,7.6,4.870960698689957,2.2,29.73686314990393,1,0.0,0.0,0.0,0.0,0.0,0.0,0.0,0.0,50509.1,65682.5,65682.5,527.7,2821.9,1597.6,37780.7,0.008034103452213299,0.042962737411030336,0.024323069310699195,0.575201918319187,0,0,1,0,50.0,51764.0,50509.1,54183.8,55945.7,57488.0,-0.024242716946140202,0.07275322664628758,0.13817114143787954,1,1,1
1933,us7000gawk,2022-01-11,2022.0,1.0,AK,"53 km SE of Nikolski, Alaska",52.5791,-168.3275,19.0,6.6,mww,reviewed,us,us,229,7.6,4.870960698689957,2.2,29.73686314990393,1,0.0,0.0,0.0,0.0,0.0,0.0,0.0,0.0,50509.1,65682.5,65682.5,527.7,2821.9,1597.6,37780.7,0.008034103452213299,0.042962737411030336,0.024323069310699195,0.575201918319187,0,1,1,1,79.0,51764.0,50509.1,54183.8,55945.7,57488.0,-0.024242716946140202,0.07275322664628758,0.13817114143787954,1,1,1
1934,us7000gawp,2022-01-11,2022.0,1.0,AK,"81 km SE of Nikolski, Alaska",52.3671,-168.1103,8.55,4.7,mb,reviewed,us,us,229,7.6,4.870960698689957,2.2,29.73686314990393,1,0.0,0.0,0.0,0.0,0.0,0.0,0.0,0.0,50509.1,65682.5,65682.5,527.7,2821.9,1597.6,37780.7,0.008034103452213299,0.042962737411030336,0.024323069310699195,0.575201918319187,0,0,1,1,50.0,51764.0,50509.1,54183.8,55945.7,57488.0,-0.024242716946140202,0.07275322664628758,0.13817114143787954,1,1,1
1935,us7000gawq,2022-01-11,2022.0,1.0,AK,"82 km SE of Nikolski, Alaska",52.4378,-167.9609,16.72,5.8,mww,reviewed,us,us,229,7.6,4.870960698689957,2.2,29.73686314990393,1,0.0,0.0,0.0,0.0,0.0,0.0,0.0,0.0,50509.1,65682.5,65682.5,527.7,2821.9,1597.6,37780.7,0.008034103452213299,0.042962737411030336,0.024323069310699195,0.575201918319187,0,0,1,1,61.0,51764.0,50509.1,54183.8,55945.7,57488.0,-0.024242716946140202,0.07275322664628758,0.13817114143787954,1,1,1
1936,us7000gay2,2022-01-11,2022.0,1.0,AK,"75 km SE of Nikolski, Alaska",52.3924,-168.2113,20.49,4.7,mb,reviewed,us,us,229,7.6,4.870960698689957,2.2,29.73686314990393,1,0.0,0.0,0.0,0.0,0.0,0.0,0.0,0.0,50509.1,65682.5,65682.5,527.7,2821.9,1597.6,37780.7,0.008034103452213299,0.042962737411030336,0.024323069310699195,0.575201918319187,0,0,1,0,50.0,51764.0,50509.1,54183.8,55945.7,57488.0,-0.024242716946140202,0.07275322664628758,0.13817114143787954,1,1,1
1937,us7000gazj,2022-01-11,2022.0,1.0,AK,"92 km SE of Nikolski, Alaska",52.4214,-167.7957,10.0,4.8,mb,reviewed,us,us,229,7.6,4.870960698689957,2.2,29.73686314990393,1,0.0,0.0,0.0,0.0,0.0,0.0,0.0,0.0,50509.1,65682.5,65682.5,527.7,2821.9,1597.6,37780.7,0.008034103452213299,0.042962737411030336,0.024323069310699195,0.575201918319187,0,0,1,1,51.0,51764.0,50509.1,54183.8,55945.7,57488.0,-0.024242716946140202,0.07275322664628758,0.13817114143787954,1,1,1
1938,us7000gb1b,2022-01-11,2022.0,1.0,AK,"95 km SE of Nikolski, Alaska",52.3076,-167.9101,10.0,4.9,mb,reviewed,us,us,229,7.6,4.870960698689957,2.2,29.73686314990393,1,0.0,0.0,0.0,0.0,0.0,0.0,0.0,0.0,50509.1,65682.5,65682.5,527.7,2821.9,1597.6,37780.7,0.008034103452213299,0.042962737411030336,0.024323069310699195,0.575201918319187,0,0,1,1,52.0,51764.0,50509.1,54183.8,55945.7,57488.0,-0.024242716946140202,0.07275322664628758,0.13817114143787954,1,1,1
1939,us7000gb42,2022-01-11,2022.0,1.0,AK,"96 km SE of Nikolski, Alaska",52.2998,-167.8882,10.0,4.6,mb,reviewed,us,us,229,7.6,4.870960698689957,2.2,29.73686314990393,1,0.0,0.0,0.0,0.0,0.0,0.0,0.0,0.0,50509.1,65682.5,65682.5,527.7,2821.9,1597.6,37780.7,0.008034103452213299,0.042962737411030336,0.024323069310699195,0.575201918319187,0,0,1,1,49.0,51764.0,50509.1,54183.8,55945.7,57488.0,-0.024242716946140202,0.07275322664628758,0.13817114143787954,1,1,1
1940,us7000gd9d,2022-01-11,2022.0,1.0,AK,"83 km SE of Nikolski, Alaska",52.4232,-167.9569,16.52,4.8,mb,reviewed,us,us,229,7.6,4.870960698689957,2.2,29.73686314990393,1,0.0,0.0,0.0,0.0,0.0,0.0,0.0,0.0,50509.1,65682.5,65682.5,527.7,2821.9,1597.6,37780.7,0.008034103452213299,0.042962737411030336,0.024323069310699195,0.575201918319187,0,0,1,1,51.0,51764.0,50509.1,54183.8,55945.7,57488.0,-0.024242716946140202,0.07275322664628758,0.13817114143787954,1,1,1
1941,us7000gd9g,2022-01-11,2022.0,1.0,AK,"95 km SE of Nikolski, Alaska",52.2658,-167.9906,15.23,5.3,mb,reviewed,us,us,229,7.6,4.870960698689957,2.2,29.73686314990393,1,0.0,0.0,0.0,0.0,0.0,0.0,0.0,0.0,50509.1,65682.5,65682.5,527.7,2821.9,1597.6,37780.7,0.008034103452213299,0.042962737411030336,0.024323069310699195,0.575201918319187,0,0,1,1,56.0,51764.0,50509.1,54183.8,55945.7,57488.0,-0.024242716946140202,0.07275322664628758,0.13817114143787954,1,1,1
1942,us7000gd9v,2022-01-11,2022.0,1.0,AK,"91 km SE of Nikolski, Alaska",52.3205,-167.9743,10.0,4.5,mb,reviewed,us,us,229,7.6,4.870960698689957,2.2,29.73686314990393,1,0.0,0.0,0.0,0.0,0.0,0.0,0.0,0.0,50509.1,65682.5,65682.5,527.7,2821.9,1597.6,37780.7,0.008034103452213299,0.042962737411030336,0.024323069310699195,0.575201918319187,0,0,1,1,48.0,51764.0,50509.1,54183.8,55945.7,57488.0,-0.024242716946140202,0.07275322664628758,0.13817114143787954,1,1,1
1943,us7000gb6y,2022-01-12,2022.0,1.0,AK,"Fox Islands, Aleutian Islands, Alaska",52.366,-167.3522,5.56,4.7,mb,reviewed,us,us,229,7.6,4.870960698689957,2.2,29.73686314990393,1,0.0,0.0,0.0,0.0,0.0,0.0,0.0,0.0,50509.1,65682.5,65682.5,527.7,2821.9,1597.6,37780.7,0.008034103452213299,0.042962737411030336,0.024323069310699195,0.575201918319187,0,0,1,1,50.0,51764.0,50509.1,54183.8,55945.7,57488.0,-0.024242716946140202,0.07275322664628758,0.13817114143787954,1,1,1
1944,us7000gbi3,2022-01-13,2022.0,1.0,AK,"242 km WSW of Adak, Alaska",51.14,-179.9169,38.33,5.0,mww,reviewed,us,us,229,7.6,4.870960698689957,2.2,29.73686314990393,1,0.0,0.0,0.0,0.0,0.0,0.0,0.0,0.0,50509.1,65682.5,65682.5,527.7,2821.9,1597.6,37780.7,0.008034103452213299,0.042962737411030336,0.024323069310699195,0.575201918319187,0,0,1,0,53.0,51764.0,50509.1,54183.8,55945.7,57488.0,-0.024242716946140202,0.07275322664628758,0.13817114143787954,1,1,1
1945,us7000ge64,2022-01-22,2022.0,1.0,AK,"75 km SSW of Unalaska, Alaska",53.221,-166.8158,35.0,4.6,ml,reviewed,us,us,229,7.6,4.870960698689957,2.2,29.73686314990393,1,0.0,0.0,0.0,0.0,0.0,0.0,0.0,0.0,50509.1,65682.5,65682.5,527.7,2821.9,1597.6,37780.7,0.008034103452213299,0.042962737411030336,0.024323069310699195,0.575201918319187,0,0,1,0,49.0,51764.0,50509.1,54183.8,55945.7,57488.0,-0.024242716946140202,0.07275322664628758,0.13817114143787954,1,1,1
1946,us7000gg71,2022-01-29,2022.0,1.0,AK,"122 km ESE of Akutan, Alaska",53.7654,-164.0172,35.0,4.5,mb,reviewed,us,us,229,7.6,4.870960698689957,2.2,29.73686314990393,1,0.0,0.0,0.0,0.0,0.0,0.0,0.0,0.0,50509.1,65682.5,65682.5,527.7,2821.9,1597.6,37780.7,0.008034103452213299,0.042962737411030336,0.024323069310699195,0.575201918319187,0,0,1,0,48.0,51764.0,50509.1,54183.8,55945.7,57488.0,-0.024242716946140202,0.07275322664628758,0.13817114143787954,1,1,1
1947,us7000gg75,2022-01-29,2022.0,1.0,AK,"117 km ESE of Akutan, Alaska",53.8278,-164.069,35.0,4.6,mb,reviewed,us,us,229,7.6,4.870960698689957,2.2,29.73686314990393,1,0.0,0.0,0.0,0.0,0.0,0.0,0.0,0.0,50509.1,65682.5,65682.5,527.7,2821.9,1597.6,37780.7,0.008034103452213299,0.042962737411030336,0.024323069310699195,0.575201918319187,0,0,1,0,49.0,51764.0,50509.1,54183.8,55945.7,57488.0,-0.024242716946140202,0.07275322664628758,0.13817114143787954,1,1,1
1948,us7000gi6u,2022-02-05,2022.0,2.0,AK,"Unimak Island region, Alaska",53.5683,-163.2822,18.61,4.5,mwr,reviewed,us,us,229,7.6,4.870960698689957,2.2,29.73686314990393,1,0.0,0.0,0.0,0.0,0.0,0.0,0.0,0.0,50509.1,65682.5,65682.5,527.7,2821.9,1597.6,37780.7,0.008034103452213299,0.042962737411030336,0.024323069310699195,0.575201918319187,0,0,1,1,48.0,51764.0,50509.1,54183.8,55945.7,57488.0,-0.024242716946140202,0.07275322664628758,0.13817114143787954,1,1,1
1949,ak0222cj8k1s,2022-02-20,2022.0,2.0,AK,"110 km SE of Perryville, Alaska",55.2732,-157.8084,16.5,5.3,ml,reviewed,ak,ak,229,7.6,4.870960698689957,2.2,29.73686314990393,1,0.0,0.0,0.0,0.0,0.0,0.0,0.0,0.0,50509.1,65682.5,65682.5,527.7,2821.9,1597.6,37780.7,0.008034103452213299,0.042962737411030336,0.024323069310699195,0.575201918319187,0,0,1,1,56.0,51764.0,50509.1,54183.8,55945.7,57488.0,-0.024242716946140202,0.07275322664628758,0.13817114143787954,1,1,1
1950,us7000gmjh,2022-02-21,2022.0,2.0,AK,"82 km SSW of Unalaska, Alaska",53.1517,-166.7921,30.29,5.1,mww,reviewed,us,us,229,7.6,4.870960698689957,2.2,29.73686314990393,1,0.0,0.0,0.0,0.0,0.0,0.0,0.0,0.0,50509.1,65682.5,65682.5,527.7,2821.9,1597.6,37780.7,0.008034103452213299,0.042962737411030336,0.024323069310699195,0.575201918319187,0,0,1,0,54.0,51764.0,50509.1,54183.8,55945.7,57488.0,-0.024242716946140202,0.07275322664628758,0.13817114143787954,1,1,1
1951,us6000h0ry,2022-02-28,2022.0,2.0,AK,"108 km SSW of Unalaska, Alaska",52.9254,-166.883,35.0,4.5,mb,reviewed,us,us,229,7.6,4.870960698689957,2.2,29.73686314990393,1,0.0,0.0,0.0,0.0,0.0,0.0,0.0,0.0,50509.1,65682.5,65682.5,527.7,2821.9,1597.6,37780.7,0.008034103452213299,0.042962737411030336,0.024323069310699195,0.575201918319187,0,0,1,0,48.0,51764.0,50509.1,54183.8,55945.7,57488.0,-0.024242716946140202,0.07275322664628758,0.13817114143787954,1,1,1
1952,tx2022fvwu,2022-03-25,2022.0,3.0,NM,"56 km S of Whites City, New Mexico",31.66909306,-104.4204226,6.799975586,4.6,ml,reviewed,tx,tx,229,7.6,4.870960698689957,2.2,29.73686314990393,1,0.0,0.0,0.0,0.0,0.0,0.0,0.0,0.0,104212.8,129469.1,129469.1,2152.8,4990.9,4649.3,73249.3,0.01662790580918536,0.0385489665101557,0.03591049910750905,0.5657666578357307,0,0,1,1,49.0,101499.2,104212.8,114059.2,119044.5,120851.9,0.02673518609013673,0.09448359510539966,0.15966464772081732,0,1,0
1953,us7000gxl1,2022-03-27,2022.0,3.0,OR,off the coast of Oregon,44.1229,-129.4385,10.0,5.1,mww,reviewed,us,us,229,7.6,4.870960698689957,2.2,29.73686314990393,1,0.0,0.0,0.0,0.0,0.0,0.0,0.0,0.0,254237.5,297084.3,297084.3,5824.2,15071.8,36922.5,202023.2,0.019604536490147748,0.050732401543938876,0.12428290555912919,0.6800197788977742,0,0,1,1,54.0,250919.9,254237.5,258023.4,263347.7,265993.2,0.013221749251454373,0.014891194257338095,0.046239048134126604,0,1,0
1954,us6000hft5,2022-04-23,2022.0,4.0,AK,"117 km S of Unalaska, Alaska",52.8199,-166.7031,16.54,4.5,mb,reviewed,us,us,229,7.6,4.870960698689957,2.2,29.73686314990393,1,0.0,0.0,0.0,0.0,0.0,0.0,0.0,0.0,50509.1,65682.5,65682.5,527.7,2821.9,1597.6,37780.7,0.008034103452213299,0.042962737411030336,0.024323069310699195,0.575201918319187,0,0,1,1,48.0,51764.0,50509.1,54183.8,55945.7,57488.0,-0.024242716946140202,0.07275322664628758,0.13817114143787954,1,1,1
1955,ak0225agijwj,2022-04-25,2022.0,4.0,AK,"260 km SE of Perryville, Alaska",54.3627,-156.075,12.2,5.4,mww,reviewed,ak,ak,229,7.6,4.870960698689957,2.2,29.73686314990393,1,0.0,0.0,0.0,0.0,0.0,0.0,0.0,0.0,50509.1,65682.5,65682.5,527.7,2821.9,1597.6,37780.7,0.008034103452213299,0.042962737411030336,0.024323069310699195,0.575201918319187,0,0,1,1,57.0,51764.0,50509.1,54183.8,55945.7,57488.0,-0.024242716946140202,0.07275322664628758,0.13817114143787954,1,1,1
1956,ak0225xn3cm6,2022-05-09,2022.0,5.0,AK,"147 km SE of Perryville, Alaska",54.956,-157.5261,27.8,4.5,mb,reviewed,ak,ak,229,7.6,4.870960698689957,2.2,29.73686314990393,1,0.0,0.0,0.0,0.0,0.0,0.0,0.0,0.0,50509.1,65682.5,65682.5,527.7,2821.9,1597.6,37780.7,0.008034103452213299,0.042962737411030336,0.024323069310699195,0.575201918319187,0,0,1,0,48.0,51764.0,50509.1,54183.8,55945.7,57488.0,-0.024242716946140202,0.07275322664628758,0.13817114143787954,1,1,1
1957,tx2022krce,2022-06-01,2022.0,6.0,NM,"53 km SSW of Whites City, New Mexico",31.71526584,-104.5509138,6.157275391,4.6,ml,reviewed,tx,tx,229,7.6,4.870960698689957,2.2,29.73686314990393,1,0.0,0.0,0.0,0.0,0.0,0.0,0.0,0.0,104212.8,129469.1,129469.1,2152.8,4990.9,4649.3,73249.3,0.01662790580918536,0.0385489665101557,0.03591049910750905,0.5657666578357307,0,0,1,1,49.0,101499.2,104212.8,114059.2,119044.5,120851.9,0.02673518609013673,0.09448359510539966,0.15966464772081732,0,1,0
1958,ak02271dz3na,2022-06-02,2022.0,6.0,AK,"133 km SE of Chignik, Alaska",55.3987,-156.9924,38.7,4.9,mww,reviewed,ak,ak,229,7.6,4.870960698689957,2.2,29.73686314990393,1,0.0,0.0,0.0,0.0,0.0,0.0,0.0,0.0,50509.1,65682.5,65682.5,527.7,2821.9,1597.6,37780.7,0.008034103452213299,0.042962737411030336,0.024323069310699195,0.575201918319187,0,0,1,0,52.0,51764.0,50509.1,54183.8,55945.7,57488.0,-0.024242716946140202,0.07275322664628758,0.13817114143787954,1,1,1
1959,us7000heii,2022-06-02,2022.0,6.0,AK,"102 km SW of Nikolski, Alaska",52.3321,-170.0028,38.81,5.2,mww,reviewed,us,us,229,7.6,4.870960698689957,2.2,29.73686314990393,1,0.0,0.0,0.0,0.0,0.0,0.0,0.0,0.0,50509.1,65682.5,65682.5,527.7,2821.9,1597.6,37780.7,0.008034103452213299,0.042962737411030336,0.024323069310699195,0.575201918319187,0,0,1,0,55.0,51764.0,50509.1,54183.8,55945.7,57488.0,-0.024242716946140202,0.07275322664628758,0.13817114143787954,1,1,1
1960,us7000hetv,2022-06-04,2022.0,6.0,CO,"76 km SW of Campo Pesquero el Colorado, Mexico",25.196,-109.7535,10.0,4.7,mb,reviewed,us,us,229,7.6,4.870960698689957,2.2,29.73686314990393,1,0.0,0.0,0.0,0.0,0.0,0.0,0.0,0.0,422576.1,499197.4,499197.4,3473.0,29126.3,28247.1,361796.3,0.006957167645504563,0.05834625741239838,0.0565850302906225,0.7247559782963613,0,0,1,1,50.0,406309.2,422576.1,440225.2,448838.5,458147.1,0.04003576586501109,0.041765495019713696,0.0841765542348467,0,1,0
1961,us7000hhik,2022-06-15,2022.0,6.0,OR,off the coast of Oregon,44.5381,-130.1124,10.0,5.6,mww,reviewed,us,us,229,7.6,4.870960698689957,2.2,29.73686314990393,1,0.0,0.0,0.0,0.0,0.0,0.0,0.0,0.0,254237.5,297084.3,297084.3,5824.2,15071.8,36922.5,202023.2,0.019604536490147748,0.050732401543938876,0.12428290555912919,0.6800197788977742,0,0,1,1,59.0,250919.9,254237.5,258023.4,263347.7,265993.2,0.013221749251454373,0.014891194257338095,0.046239048134126604,0,1,0
1962,us6000hzld,2022-07-03,2022.0,7.0,AK,"22 km SSW of Adak, Alaska",51.6973,-176.784,55.177,4.7,mb,reviewed,us,us,229,7.6,4.870960698689957,2.2,29.73686314990393,1,0.0,0.0,0.0,0.0,0.0,0.0,0.0,0.0,50509.1,65682.5,65682.5,527.7,2821.9,1597.6,37780.7,0.008034103452213299,0.042962737411030336,0.024323069310699195,0.575201918319187,0,0,1,0,50.0,51764.0,50509.1,54183.8,55945.7,57488.0,-0.024242716946140202,0.07275322664628758,0.13817114143787954,1,1,1
1963,us6000hzpv,2022-07-04,2022.0,7.0,AK,"28 km E of Saint George, Alaska",56.6383,-169.0865,11.623,5.4,mww,reviewed,us,us,229,7.6,4.870960698689957,2.2,29.73686314990393,1,0.0,0.0,0.0,0.0,0.0,0.0,0.0,0.0,50509.1,65682.5,65682.5,527.7,2821.9,1597.6,37780.7,0.008034103452213299,0.042962737411030336,0.024323069310699195,0.575201918319187,0,0,1,1,57.0,51764.0,50509.1,54183.8,55945.7,57488.0,-0.024242716946140202,0.07275322664628758,0.13817114143787954,1,1,1
1964,us6000i0t5,2022-07-08,2022.0,7.0,AK,"Andreanof Islands, Aleutian Islands, Alaska",52.1652,-174.9232,10.0,5.3,mww,reviewed,us,us,229,7.6,4.870960698689957,2.2,29.73686314990393,1,0.0,0.0,0.0,0.0,0.0,0.0,0.0,0.0,50509.1,65682.5,65682.5,527.7,2821.9,1597.6,37780.7,0.008034103452213299,0.042962737411030336,0.024323069310699195,0.575201918319187,0,0,1,1,56.0,51764.0,50509.1,54183.8,55945.7,57488.0,-0.024242716946140202,0.07275322664628758,0.13817114143787954,1,1,1
1965,hv73089052,2022-07-27,2022.0,7.0,HI,"43 km ESE of Naalehu, Hawaii",18.849666666667,-155.236,10.64,4.62,ml,reviewed,hv,hv,229,7.6,4.870960698689957,2.2,29.73686314990393,1,0.0,0.0,0.0,0.0,0.0,0.0,0.0,0.0,87491.2,103954.5,103954.5,620.8,5778.6,1729.8,75790.6,0.005971843450740468,0.05558778119273336,0.01663997229557162,0.7290747394292696,0,0,1,1,49.2,84532.0,87491.2,89642.2,91878.0,94144.2,0.035006861306960645,0.024585329724589444,0.07604193336015508,0,1,0
1966,us6000i72k,2022-08-01,2022.0,8.0,AK,"67 km SSE of Akutan, Alaska",53.5668,-165.4196,39.899,5.3,mww,reviewed,us,us,229,7.6,4.870960698689957,2.2,29.73686314990393,1,0.0,0.0,0.0,0.0,0.0,0.0,0.0,0.0,50509.1,65682.5,65682.5,527.7,2821.9,1597.6,37780.7,0.008034103452213299,0.042962737411030336,0.024323069310699195,0.575201918319187,0,0,1,0,56.0,51764.0,50509.1,54183.8,55945.7,57488.0,-0.024242716946140202,0.07275322664628758,0.13817114143787954,1,1,1
1967,us6000i73d,2022-08-01,2022.0,8.0,AK,"97 km SSE of Nikolski, Alaska",52.1939,-168.106,10.0,5.1,mb,reviewed,us,us,229,7.6,4.870960698689957,2.2,29.73686314990393,1,0.0,0.0,0.0,0.0,0.0,0.0,0.0,0.0,50509.1,65682.5,65682.5,527.7,2821.9,1597.6,37780.7,0.008034103452213299,0.042962737411030336,0.024323069310699195,0.575201918319187,0,0,1,1,54.0,51764.0,50509.1,54183.8,55945.7,57488.0,-0.024242716946140202,0.07275322664628758,0.13817114143787954,1,1,1
1968,us6000i8wb,2022-08-07,2022.0,8.0,AK,"69 km SE of Unalaska, Alaska",53.4844,-165.7072,43.139,4.6,mb,reviewed,us,us,229,7.6,4.870960698689957,2.2,29.73686314990393,1,0.0,0.0,0.0,0.0,0.0,0.0,0.0,0.0,50509.1,65682.5,65682.5,527.7,2821.9,1597.6,37780.7,0.008034103452213299,0.042962737411030336,0.024323069310699195,0.575201918319187,0,0,1,0,49.0,51764.0,50509.1,54183.8,55945.7,57488.0,-0.024242716946140202,0.07275322664628758,0.13817114143787954,1,1,1
1969,tx2022pqec,2022-08-11,2022.0,8.0,NM,"54 km S of Whites City, New Mexico",31.68330721,-104.4253993,6.645727539,4.5,ml,reviewed,tx,tx,229,7.6,4.870960698689957,2.2,29.73686314990393,1,0.0,0.0,0.0,0.0,0.0,0.0,0.0,0.0,104212.8,129469.1,129469.1,2152.8,4990.9,4649.3,73249.3,0.01662790580918536,0.0385489665101557,0.03591049910750905,0.5657666578357307,0,0,1,1,48.0,101499.2,104212.8,114059.2,119044.5,120851.9,0.02673518609013673,0.09448359510539966,0.15966464772081732,0,1,0
1970,us6000ictn,2022-08-22,2022.0,8.0,AK,"58 km WNW of Cold Bay, Alaska",55.4265,-163.5439,172.171,4.5,mb,reviewed,us,us,229,7.6,4.870960698689957,2.2,29.73686314990393,1,0.0,0.0,0.0,0.0,0.0,0.0,0.0,0.0,50509.1,65682.5,65682.5,527.7,2821.9,1597.6,37780.7,0.008034103452213299,0.042962737411030336,0.024323069310699195,0.575201918319187,0,0,0,0,45.0,51764.0,50509.1,54183.8,55945.7,57488.0,-0.024242716946140202,0.07275322664628758,0.13817114143787954,1,1,1
1971,ak022b4iwtja,2022-08-30,2022.0,8.0,AK,south of Alaska,55.0669,-155.5734,19.3,4.5,mb,reviewed,ak,ak,229,7.6,4.870960698689957,2.2,29.73686314990393,1,0.0,0.0,0.0,0.0,0.0,0.0,0.0,0.0,50509.1,65682.5,65682.5,527.7,2821.9,1597.6,37780.7,0.008034103452213299,0.042962737411030336,0.024323069310699195,0.575201918319187,0,0,1,1,48.0,51764.0,50509.1,54183.8,55945.7,57488.0,-0.024242716946140202,0.07275322664628758,0.13817114143787954,1,1,1
1972,ak022c33bs2x,2022-09-20,2022.0,9.0,AK,"122 km E of Chignik, Alaska",56.1313,-156.4477,26.6,5.1,mww,reviewed,ak,ak,229,7.6,4.870960698689957,2.2,29.73686314990393,1,0.0,0.0,0.0,0.0,0.0,0.0,0.0,0.0,50509.1,65682.5,65682.5,527.7,2821.9,1597.6,37780.7,0.008034103452213299,0.042962737411030336,0.024323069310699195,0.575201918319187,0,0,1,0,54.0,51764.0,50509.1,54183.8,55945.7,57488.0,-0.024242716946140202,0.07275322664628758,0.13817114143787954,1,1,1
1973,ak022c9tj4z7,2022-09-24,2022.0,9.0,AK,Southern Alaska,61.4915,-145.5887,41.4,4.8,mb,reviewed,ak,ak,229,7.6,4.870960698689957,2.2,29.73686314990393,1,0.0,0.0,0.0,0.0,0.0,0.0,0.0,0.0,50509.1,65682.5,65682.5,527.7,2821.9,1597.6,37780.7,0.008034103452213299,0.042962737411030336,0.024323069310699195,0.575201918319187,0,0,1,0,51.0,51764.0,50509.1,54183.8,55945.7,57488.0,-0.024242716946140202,0.07275322664628758,0.13817114143787954,1,1,1
1974,ak022ci7x3po,2022-09-29,2022.0,9.0,AK,"111 km NW of Yakutat, Alaska",60.2235,-141.1937,13.3,5.0,mww,reviewed,ak,ak,229,7.6,4.870960698689957,2.2,29.73686314990393,1,0.0,0.0,0.0,0.0,0.0,0.0,0.0,0.0,50509.1,65682.5,65682.5,527.7,2821.9,1597.6,37780.7,0.008034103452213299,0.042962737411030336,0.024323069310699195,0.575201918319187,0,0,1,1,53.0,51764.0,50509.1,54183.8,55945.7,57488.0,-0.024242716946140202,0.07275322664628758,0.13817114143787954,1,1,1
1975,ak022cs4ljsx,2022-10-05,2022.0,10.0,AK,"55 km NNE of Petersville, Alaska",62.9719,-150.4435,98.8,4.8,mww,reviewed,ak,ak,229,7.6,4.870960698689957,2.2,29.73686314990393,1,0.0,0.0,0.0,0.0,0.0,0.0,0.0,0.0,50509.1,65682.5,65682.5,527.7,2821.9,1597.6,37780.7,0.008034103452213299,0.042962737411030336,0.024323069310699195,0.575201918319187,0,0,0,0,48.0,51764.0,50509.1,54183.8,55945.7,57488.0,-0.024242716946140202,0.07275322664628758,0.13817114143787954,1,1,1
1976,ak022ctr3qn3,2022-10-06,2022.0,10.0,AK,"4 km ENE of Glacier View, Alaska",61.8196,-147.5729,34.1,4.8,mww,reviewed,ak,ak,229,7.6,4.870960698689957,2.2,29.73686314990393,1,0.0,0.0,0.0,0.0,0.0,0.0,0.0,0.0,50509.1,65682.5,65682.5,527.7,2821.9,1597.6,37780.7,0.008034103452213299,0.042962737411030336,0.024323069310699195,0.575201918319187,0,0,1,0,51.0,51764.0,50509.1,54183.8,55945.7,57488.0,-0.024242716946140202,0.07275322664628758,0.13817114143787954,1,1,1
1977,ak022cyflofc,2022-10-09,2022.0,10.0,AK,"89 km W of Karluk, Alaska",57.7215,-155.9218,8.5,4.6,mb,reviewed,ak,ak,229,7.6,4.870960698689957,2.2,29.73686314990393,1,0.0,0.0,0.0,0.0,0.0,0.0,0.0,0.0,50509.1,65682.5,65682.5,527.7,2821.9,1597.6,37780.7,0.008034103452213299,0.042962737411030336,0.024323069310699195,0.575201918319187,0,0,1,1,49.0,51764.0,50509.1,54183.8,55945.7,57488.0,-0.024242716946140202,0.07275322664628758,0.13817114143787954,1,1,1
1978,us6000isdt,2022-10-10,2022.0,10.0,AK,south of Alaska,54.5114,-159.7559,29.067,4.6,mwr,reviewed,us,us,229,7.6,4.870960698689957,2.2,29.73686314990393,1,0.0,0.0,0.0,0.0,0.0,0.0,0.0,0.0,50509.1,65682.5,65682.5,527.7,2821.9,1597.6,37780.7,0.008034103452213299,0.042962737411030336,0.024323069310699195,0.575201918319187,0,0,1,0,49.0,51764.0,50509.1,54183.8,55945.7,57488.0,-0.024242716946140202,0.07275322664628758,0.13817114143787954,1,1,1
1979,us6000iu4u,2022-10-16,2022.0,10.0,AK,"210 km WSW of Adak, Alaska",50.8733,-179.2016,10.0,4.6,mb,reviewed,us,us,229,7.6,4.870960698689957,2.2,29.73686314990393,1,0.0,0.0,0.0,0.0,0.0,0.0,0.0,0.0,50509.1,65682.5,65682.5,527.7,2821.9,1597.6,37780.7,0.008034103452213299,0.042962737411030336,0.024323069310699195,0.575201918319187,0,0,1,1,49.0,51764.0,50509.1,54183.8,55945.7,57488.0,-0.024242716946140202,0.07275322664628758,0.13817114143787954,1,1,1
1980,us7000il7u,2022-10-29,2022.0,10.0,AK,"Andreanof Islands, Aleutian Islands, Alaska",51.1988,-174.1779,14.191,4.7,mb,reviewed,us,us,229,7.6,4.870960698689957,2.2,29.73686314990393,1,0.0,0.0,0.0,0.0,0.0,0.0,0.0,0.0,50509.1,65682.5,65682.5,527.7,2821.9,1597.6,37780.7,0.008034103452213299,0.042962737411030336,0.024323069310699195,0.575201918319187,0,0,1,1,50.0,51764.0,50509.1,54183.8,55945.7,57488.0,-0.024242716946140202,0.07275322664628758,0.13817114143787954,1,1,1
1981,us7000imt8,2022-11-06,2022.0,11.0,AK,"190 km ESE of Nikolski, Alaska",52.0645,-166.4471,10.0,4.5,mb,reviewed,us,us,229,7.6,4.870960698689957,2.2,29.73686314990393,1,0.0,0.0,0.0,0.0,0.0,0.0,0.0,0.0,50509.1,65682.5,65682.5,527.7,2821.9,1597.6,37780.7,0.008034103452213299,0.042962737411030336,0.024323069310699195,0.575201918319187,0,0,1,1,48.0,51764.0,50509.1,54183.8,55945.7,57488.0,-0.024242716946140202,0.07275322664628758,0.13817114143787954,1,1,1
1982,us7000imwh,2022-11-06,2022.0,11.0,AK,"57 km SE of Adak, Alaska",51.5505,-175.9828,48.933,5.1,mww,reviewed,us,us,229,7.6,4.870960698689957,2.2,29.73686314990393,1,0.0,0.0,0.0,0.0,0.0,0.0,0.0,0.0,50509.1,65682.5,65682.5,527.7,2821.9,1597.6,37780.7,0.008034103452213299,0.042962737411030336,0.024323069310699195,0.575201918319187,0,0,1,0,54.0,51764.0,50509.1,54183.8,55945.7,57488.0,-0.024242716946140202,0.07275322664628758,0.13817114143787954,1,1,1
1983,us7000in6y,2022-11-08,2022.0,11.0,AK,"80 km E of Nikolski, Alaska",52.9305,-167.6711,43.02,4.5,mwr,reviewed,us,us,229,7.6,4.870960698689957,2.2,29.73686314990393,1,0.0,0.0,0.0,0.0,0.0,0.0,0.0,0.0,50509.1,65682.5,65682.5,527.7,2821.9,1597.6,37780.7,0.008034103452213299,0.042962737411030336,0.024323069310699195,0.575201918319187,0,0,1,0,48.0,51764.0,50509.1,54183.8,55945.7,57488.0,-0.024242716946140202,0.07275322664628758,0.13817114143787954,1,1,1
1984,us7000inai,2022-11-08,2022.0,11.0,AK,"Andreanof Islands, Aleutian Islands, Alaska",52.3968,-179.4074,208.449,4.6,mb,reviewed,us,us,229,7.6,4.870960698689957,2.2,29.73686314990393,1,0.0,0.0,0.0,0.0,0.0,0.0,0.0,0.0,50509.1,65682.5,65682.5,527.7,2821.9,1597.6,37780.7,0.008034103452213299,0.042962737411030336,0.024323069310699195,0.575201918319187,0,0,0,0,46.0,51764.0,50509.1,54183.8,55945.7,57488.0,-0.024242716946140202,0.07275322664628758,0.13817114143787954,1,1,1
1985,us7000ipg0,2022-11-13,2022.0,11.0,AK,"Andreanof Islands, Aleutian Islands, Alaska",50.9958,-179.1367,35.0,4.7,mb,reviewed,us,us,229,7.6,4.870960698689957,2.2,29.73686314990393,1,0.0,0.0,0.0,0.0,0.0,0.0,0.0,0.0,50509.1,65682.5,65682.5,527.7,2821.9,1597.6,37780.7,0.008034103452213299,0.042962737411030336,0.024323069310699195,0.575201918319187,0,0,1,0,50.0,51764.0,50509.1,54183.8,55945.7,57488.0,-0.024242716946140202,0.07275322664628758,0.13817114143787954,1,1,1
1986,tx2022wmmd,2022-11-16,2022.0,11.0,TX,"Coalson Draw, Texas",31.6367452,-103.9987871,6.902807617,5.4,ml,reviewed,tx,tx,229,7.6,4.870960698689957,2.2,29.73686314990393,1,0.0,0.0,0.0,0.0,0.0,0.0,0.0,0.0,1975164.0,2476903.2,2476903.2,17126.7,113779.3,299634.3,1589696.7,0.006914561699464072,0.04593611086618161,0.12097134034143925,0.6418081659388223,0,0,1,1,57.0,1905512.4,1975164.0,2137536.7,2221943.3,2277203.3,0.03655268787545025,0.08220719899714667,0.15291859308897884,0,1,0
1987,ak022esj2eua,2022-11-18,2022.0,11.0,AK,"10 km W of Point MacKenzie, Alaska",61.3504,-150.1678,42.9,4.9,mww,reviewed,ak,ak,229,7.6,4.870960698689957,2.2,29.73686314990393,1,0.0,0.0,0.0,0.0,0.0,0.0,0.0,0.0,50509.1,65682.5,65682.5,527.7,2821.9,1597.6,37780.7,0.008034103452213299,0.042962737411030336,0.024323069310699195,0.575201918319187,0,0,1,0,52.0,51764.0,50509.1,54183.8,55945.7,57488.0,-0.024242716946140202,0.07275322664628758,0.13817114143787954,1,1,1
1988,us7000irbr,2022-11-21,2022.0,11.0,OR,"241 km W of Bandon, Oregon",43.4874,-127.3382,10.0,5.2,mww,reviewed,us,us,229,7.6,4.870960698689957,2.2,29.73686314990393,1,0.0,0.0,0.0,0.0,0.0,0.0,0.0,0.0,254237.5,297084.3,297084.3,5824.2,15071.8,36922.5,202023.2,0.019604536490147748,0.050732401543938876,0.12428290555912919,0.6800197788977742,0,0,1,1,55.0,250919.9,254237.5,258023.4,263347.7,265993.2,0.013221749251454373,0.014891194257338095,0.046239048134126604,0,1,0
1989,tx2022xaxp,2022-11-24,2022.0,11.0,TX,western Texas,31.63414005,-103.9876096,7.429821777,4.5,ml,reviewed,tx,tx,229,7.6,4.870960698689957,2.2,29.73686314990393,1,0.0,0.0,0.0,0.0,0.0,0.0,0.0,0.0,1975164.0,2476903.2,2476903.2,17126.7,113779.3,299634.3,1589696.7,0.006914561699464072,0.04593611086618161,0.12097134034143925,0.6418081659388223,0,0,1,1,48.0,1905512.4,1975164.0,2137536.7,2221943.3,2277203.3,0.03655268787545025,0.08220719899714667,0.15291859308897884,0,1,0
1990,tx2022xaxs,2022-11-24,2022.0,11.0,TX,"34 km WSW of Mentone, Texas",31.62673498,-104.0029099,8.483850098,4.7,ml,reviewed,tx,tx,229,7.6,4.870960698689957,2.2,29.73686314990393,1,0.0,0.0,0.0,0.0,0.0,0.0,0.0,0.0,1975164.0,2476903.2,2476903.2,17126.7,113779.3,299634.3,1589696.7,0.006914561699464072,0.04593611086618161,0.12097134034143925,0.6418081659388223,0,0,1,1,50.0,1905512.4,1975164.0,2137536.7,2221943.3,2277203.3,0.03655268787545025,0.08220719899714667,0.15291859308897884,0,1,0
1991,us7000issm,2022-11-27,2022.0,11.0,AK,"83 km ESE of Adak, Alaska",51.474,-175.611,52.238,4.8,mb,reviewed,us,us,229,7.6,4.870960698689957,2.2,29.73686314990393,1,0.0,0.0,0.0,0.0,0.0,0.0,0.0,0.0,50509.1,65682.5,65682.5,527.7,2821.9,1597.6,37780.7,0.008034103452213299,0.042962737411030336,0.024323069310699195,0.575201918319187,0,0,1,0,51.0,51764.0,50509.1,54183.8,55945.7,57488.0,-0.024242716946140202,0.07275322664628758,0.13817114143787954,1,1,1
1992,us6000j6zk,2022-12-05,2022.0,12.0,AK,"87 km SSE of Nikolski, Alaska",52.2396,-168.282,11.213,4.9,mb,reviewed,us,us,229,7.6,4.870960698689957,2.2,29.73686314990393,1,0.0,0.0,0.0,0.0,0.0,0.0,0.0,0.0,50509.1,65682.5,65682.5,527.7,2821.9,1597.6,37780.7,0.008034103452213299,0.042962737411030336,0.024323069310699195,0.575201918319187,0,0,1,1,52.0,51764.0,50509.1,54183.8,55945.7,57488.0,-0.024242716946140202,0.07275322664628758,0.13817114143787954,1,1,1
1993,us6000j715,2022-12-05,2022.0,12.0,AK,"93 km ESE of Adak, Alaska",51.6051,-175.3523,46.771,4.8,mb,reviewed,us,us,229,7.6,4.870960698689957,2.2,29.73686314990393,1,0.0,0.0,0.0,0.0,0.0,0.0,0.0,0.0,50509.1,65682.5,65682.5,527.7,2821.9,1597.6,37780.7,0.008034103452213299,0.042962737411030336,0.024323069310699195,0.575201918319187,0,0,1,0,51.0,51764.0,50509.1,54183.8,55945.7,57488.0,-0.024242716946140202,0.07275322664628758,0.13817114143787954,1,1,1
1994,us6000j8c6,2022-12-10,2022.0,12.0,CA,"257 km W of Ferndale, California",40.6221,-127.3059,11.051,4.9,mww,reviewed,us,us,229,7.6,4.870960698689957,2.2,29.73686314990393,1,1.0,2.0,17.0,250.0,150.0,0.0,8.0,6.4,3147211.4,3618289.7,3618289.7,49607.2,142073.0,370831.1,2664065.8,0.013710123874271314,0.039265236280002676,0.1024879516971789,0.7362776396815324,1,0,1,1,57.0,3151112.5,3147211.4,3204016.4,3306928.6,3388904.8,-0.0012380072117387409,0.01804931184476518,0.07679604871792213,1,1,1
1995,ak022fwcrh7q,2022-12-12,2022.0,12.0,AK,"48 km SE of Halibut Cove, Alaska",59.2779,-150.6426,36.7,4.7,mwr,reviewed,ak,ak,229,7.6,4.870960698689957,2.2,29.73686314990393,1,0.0,0.0,0.0,0.0,0.0,0.0,0.0,0.0,50509.1,65682.5,65682.5,527.7,2821.9,1597.6,37780.7,0.008034103452213299,0.042962737411030336,0.024323069310699195,0.575201918319187,0,0,1,0,50.0,51764.0,50509.1,54183.8,55945.7,57488.0,-0.024242716946140202,0.07275322664628758,0.13817114143787954,1,1,1
1996,us6000j96b,2022-12-14,2022.0,12.0,OR,off the coast of Oregon,43.6523,-128.3818,10.0,4.5,mwr,reviewed,us,us,229,7.6,4.870960698689957,2.2,29.73686314990393,1,0.0,0.0,0.0,0.0,0.0,0.0,0.0,0.0,254237.5,297084.3,297084.3,5824.2,15071.8,36922.5,202023.2,0.019604536490147748,0.050732401543938876,0.12428290555912919,0.6800197788977742,0,0,1,1,48.0,250919.9,254237.5,258023.4,263347.7,265993.2,0.013221749251454373,0.014891194257338095,0.046239048134126604,0,1,0
1997,tx2022yplg,2022-12-16,2022.0,12.0,TX,"Range Hill, Texas",32.191,-102.141,8.1923,5.2,ml,reviewed,tx,tx,229,7.6,4.870960698689957,2.2,29.73686314990393,1,0.0,0.0,0.0,0.0,0.0,0.0,0.0,0.0,1975164.0,2476903.2,2476903.2,17126.7,113779.3,299634.3,1589696.7,0.006914561699464072,0.04593611086618161,0.12097134034143925,0.6418081659388223,0,0,1,1,55.0,1905512.4,1975164.0,2137536.7,2221943.3,2277203.3,0.03655268787545025,0.08220719899714667,0.15291859308897884,0,1,0
1998,us6000jatf,2022-12-21,2022.0,12.0,AK,"159 km SE of King Cove, Alaska",53.8975,-160.8725,16.715,4.9,mb,reviewed,us,us,229,7.6,4.870960698689957,2.2,29.73686314990393,1,0.0,0.0,0.0,0.0,0.0,0.0,0.0,0.0,50509.1,65682.5,65682.5,527.7,2821.9,1597.6,37780.7,0.008034103452213299,0.042962737411030336,0.024323069310699195,0.575201918319187,0,0,1,1,52.0,51764.0,50509.1,54183.8,55945.7,57488.0,-0.024242716946140202,0.07275322664628758,0.13817114143787954,1,1,1
1999,us6000jbh9,2022-12-24,2022.0,12.0,AK,"124 km S of Unalaska, Alaska",52.7638,-166.7293,18.047,4.6,mb,reviewed,us,us,229,7.6,4.870960698689957,2.2,29.73686314990393,1,0.0,0.0,0.0,0.0,0.0,0.0,0.0,0.0,50509.1,65682.5,65682.5,527.7,2821.9,1597.6,37780.7,0.008034103452213299,0.042962737411030336,0.024323069310699195,0.575201918319187,0,0,1,1,49.0,51764.0,50509.1,54183.8,55945.7,57488.0,-0.024242716946140202,0.07275322664628758,0.13817114143787954,1,1,1
2000,us7000j16q,2022-12-31,2022.0,12.0,AK,"51 km SSE of Sand Point, Alaska",54.8867,-160.2868,38.966,4.6,mwr,reviewed,us,us,229,7.6,4.870960698689957,2.2,29.73686314990393,1,0.0,0.0,0.0,0.0,0.0,0.0,0.0,0.0,50509.1,65682.5,65682.5,527.7,2821.9,1597.6,37780.7,0.008034103452213299,0.042962737411030336,0.024323069310699195,0.575201918319187,0,0,1,0,49.0,51764.0,50509.1,54183.8,55945.7,57488.0,-0.024242716946140202,0.07275322664628758,0.13817114143787954,1,1,1
