review_item_id,item_type,claim_id,relation_id,doc_id,chunk_id,reviewer,decision,comment,revision,timestamp
eeca7814465486b6,claim,eeca7814465486b6,,case_afghanistan_earthquake_2023,case_afghanistan_earthquake_2023_c000,,pending,,1,
c3d5ebb549f694b4,claim,c3d5ebb549f694b4,,case_afghanistan_earthquake_2023,case_afghanistan_earthquake_2023_c000,,pending,,1,
b6dce0e59ca6d107,claim,b6dce0e59ca6d107,,case_afghanistan_earthquake_2023,case_afghanistan_earthquake_2023_c000,,pending,,1,
0c5fd72e25c7d31f,claim,0c5fd72e25c7d31f,,case_afghanistan_earthquake_2023,case_afghanistan_earthquake_2023_c000,,pending,,1,
37bdc359534f6198,claim,37bdc359534f6198,,case_haiti_earthquake,case_haiti_earthquake_c000,,pending,,1,
163e2febdc83e4cc,claim,163e2febdc83e4cc,,case_haiti_earthquake,case_haiti_earthquake_c000,,pending,,1,
6bbeea046f8aef97,claim,6bbeea046f8aef97,,case_haiti_earthquake,case_haiti_earthquake_c000,,pending,,1,
16655068edaabbb5,claim,16655068edaabbb5,,case_haiti_earthquake,case_haiti_earthquake_c000,,pending,,1,
7805a8716557bf2e,claim,7805a8716557bf2e,,case_morocco_earthquake,case_morocco_earthquake_c000,,pending,,1,
c5ede87b0d4becee,claim,c5ede87b0d4becee,,case_morocco_earthquake,case_morocco_earthquake_c000,,pending,,1,
c4fc3a2da0c11668,claim,c4fc3a2da0c11668,,case_morocco_earthquake,case_morocco_earthquake_c000,,pending,,1,
72cee10ab254ef9b,claim,72cee10ab254ef9b,,case_morocco_earthquake,case_morocco_earthquake_c000,,pending,,1,
f3e9d6f4409e30b1,claim,f3e9d6f4409e30b1,,case_nepal_earthquake_pdna,case_nepal_earthquake_pdna_c000,,pending,,1,
7f08d70c521bcccd,claim,7f08d70c521bcccd,,case_nepal_earthquake_pdna,case_nepal_earthquake_pdna_c000,,pending,,1,
7aa8c1b33df93f2b,claim,7aa8c1b33df93f2b,,case_nepal_earthquake_pdna,case_nepal_earthquake_pdna_c000,,pending,,1,
c479db9842546c7d,claim,c479db9842546c7d,,case_nepal_earthquake_pdna,case_nepal_earthquake_pdna_c000,,pending,,1,
cf182670d945e48a,claim,cf182670d945e48a,,case_nepal_earthquake_pdna,case_nepal_earthquake_pdna_c000,,pending,,1,
4d64de1abb0adffa,claim,4d64de1abb0adffa,,case_noto_earthquake,case_noto_earthquake_c000,,pending,,1,
b934e73a36cf43de,claim,b934e73a36cf43de,,case_noto_earthquake,case_noto_earthquake_c000,,pending,,1,
00e39238d47ed19f,claim,00e39238d47ed19f,,case_noto_earthquake,case_noto_earthquake_c000,,pending,,1,
863753b289a0b033,claim,863753b289a0b033,,case_noto_earthquake,case_noto_earthquake_c000,,pending,,1,
e0852e0661d458b3,claim,e0852e0661d458b3,,case_turkiye_rdna,case_turkiye_rdna_c000,,pending,,1,
a0b3b548334077a3,claim,a0b3b548334077a3,,case_turkiye_rdna,case_turkiye_rdna_c000,,pending,,1,
92198aa468846ffc,claim,92198aa468846ffc,,case_turkiye_rdna,case_turkiye_rdna_c000,,pending,,1,
680c791d770e051a,claim,680c791d770e051a,,case_turkiye_rdna,case_turkiye_rdna_c000,,pending,,1,
1d6456935ef6f1b3,claim,1d6456935ef6f1b3,,case_turkiye_syria_earthquake,case_turkiye_syria_earthquake_c000,,pending,,1,
32a916ca81993329,claim,32a916ca81993329,,case_turkiye_syria_earthquake,case_turkiye_syria_earthquake_c000,,pending,,1,
ef144944acc8f8a0,claim,ef144944acc8f8a0,,case_turkiye_syria_earthquake,case_turkiye_syria_earthquake_c000,,pending,,1,
8b51912721f4f382,claim,8b51912721f4f382,,case_turkiye_syria_earthquake,case_turkiye_syria_earthquake_c000,,pending,,1,
e4c1170269f0d234,claim,e4c1170269f0d234,,paper_ai_emergency_qa,paper_ai_emergency_qa_c000,,pending,,1,
ee17c27dfc7c3b4a,claim,ee17c27dfc7c3b4a,,paper_ai_emergency_qa,paper_ai_emergency_qa_c000,,pending,,1,
4d647ce5d10a569c,claim,4d647ce5d10a569c,,paper_ai_emergency_qa,paper_ai_emergency_qa_c000,,pending,,1,
747ff4268d30c7af,claim,747ff4268d30c7af,,paper_ai_emergency_qa,paper_ai_emergency_qa_c000,,pending,,1,
7cc15d5971422699,claim,7cc15d5971422699,,paper_bddnet_damage,paper_bddnet_damage_c000,,pending,,1,
0b48f784594838cc,claim,0b48f784594838cc,,paper_bddnet_damage,paper_bddnet_damage_c000,,pending,,1,
d9461c56fbc080cf,claim,d9461c56fbc080cf,,paper_bddnet_damage,paper_bddnet_damage_c000,,pending,,1,
ab527ca6b15e0d56,claim,ab527ca6b15e0d56,,paper_bddnet_damage,paper_bddnet_damage_c000,,pending,,1,
8ba21de8672d4ff5,claim,8ba21de8672d4ff5,,paper_lifeline_resilience,paper_lifeline_resilience_c000,,pending,,1,
efc89b69b1c154c5,claim,efc89b69b1c154c5,,paper_lifeline_resilience,paper_lifeline_resilience_c000,,pending,,1,
74362cb338e9fe4e,claim,74362cb338e9fe4e,,paper_lifeline_resilience,paper_lifeline_resilience_c000,,pending,,1,
cde92cec885b8e6c,claim,cde92cec885b8e6c,,paper_lifeline_resilience,paper_lifeline_resilience_c000,,pending,,1,
82fde466c0726d57,claim,82fde466c0726d57,,paper_myshake_network,paper_myshake_network_c000,,pending,,1,
df8cd55a73738239,claim,df8cd55a73738239,,paper_myshake_network,paper_myshake_network_c000,,pending,,1,
d165f08b8e6bf048,claim,d165f08b8e6bf048,,paper_myshake_network,paper_myshake_network_c000,,pending,,1,
f98f32a3ef6dc8cf,claim,f98f32a3ef6dc8cf,,paper_myshake_network,paper_myshake_network_c000,,pending,,1,
8463bc56dface71e,claim,8463bc56dface71e,,paper_myshake_network,paper_myshake_network_c000,,pending,,1,
ca6af32dee44a899,claim,ca6af32dee44a899,,paper_seismic_risk_prediction,paper_seismic_risk_prediction_c000,,pending,,1,
347678c61914bcc6,claim,347678c61914bcc6,,paper_seismic_risk_prediction,paper_seismic_risk_prediction_c000,,pending,,1,
6d1337b7ccc7d8fa,claim,6d1337b7ccc7d8fa,,paper_seismic_risk_prediction,paper_seismic_risk_prediction_c000,,pending,,1,
ca7fb2b6a53bff47,claim,ca7fb2b6a53bff47,,paper_seismic_risk_prediction,paper_seismic_risk_prediction_c000,,pending,,1,
6a63a8eea240744f,claim,6a63a8eea240744f,,paper_transfer_learning_damage,paper_transfer_learning_damage_c000,,pending,,1,
0b5e613faf18ea52,claim,0b5e613faf18ea52,,paper_transfer_learning_damage,paper_transfer_learning_damage_c000,,pending,,1,
ec6c7107ea2f1ad2,claim,ec6c7107ea2f1ad2,,paper_transfer_learning_damage,paper_transfer_learning_damage_c000,,pending,,1,
ec02922f5b702970,claim,ec02922f5b702970,,paper_transfer_learning_damage,paper_transfer_learning_damage_c000,,pending,,1,
413209ca860d864d,claim,413209ca860d864d,,paper_xbd_damage_assessment,paper_xbd_damage_assessment_c000,,pending,,1,
f7c09d5187c9439e,claim,f7c09d5187c9439e,,paper_xbd_damage_assessment,paper_xbd_damage_assessment_c000,,pending,,1,
240567d787a387db,claim,240567d787a387db,,paper_xbd_damage_assessment,paper_xbd_damage_assessment_c000,,pending,,1,
3e98b61d3cde11c4,claim,3e98b61d3cde11c4,,paper_xbd_damage_assessment,paper_xbd_damage_assessment_c000,,pending,,1,
91265f759c7e1b19,claim,91265f759c7e1b19,,patent_disaster_recovery_prediction,patent_disaster_recovery_prediction_c000,,pending,,1,
669c5fc0fbbbf736,claim,669c5fc0fbbbf736,,patent_disaster_recovery_prediction,patent_disaster_recovery_prediction_c000,,pending,,1,
7cf0ec245eeca2cf,claim,7cf0ec245eeca2cf,,patent_disaster_recovery_prediction,patent_disaster_recovery_prediction_c000,,pending,,1,
d8e2d3a672a5101e,claim,d8e2d3a672a5101e,,patent_disaster_recovery_prediction,patent_disaster_recovery_prediction_c000,,pending,,1,
a1eb7c3149acf411,claim,a1eb7c3149acf411,,patent_disaster_recovery_prediction,patent_disaster_recovery_prediction_c000,,pending,,1,
89673eb9762632b6,claim,89673eb9762632b6,,patent_earthquake_prediction_device,patent_earthquake_prediction_device_c000,,pending,,1,
84a597235ba3d2b2,claim,84a597235ba3d2b2,,patent_earthquake_prediction_device,patent_earthquake_prediction_device_c000,,pending,,1,
6b7598e62da52a68,claim,6b7598e62da52a68,,patent_earthquake_prediction_device,patent_earthquake_prediction_device_c000,,pending,,1,
f4a19ae0e799c223,claim,f4a19ae0e799c223,,patent_earthquake_prediction_device,patent_earthquake_prediction_device_c000,,pending,,1,
a6782c3f11c7b7db,claim,a6782c3f11c7b7db,,patent_myshake_warning,patent_myshake_warning_c000,,pending,,1,
0cf0231082dac560,claim,0cf0231082dac560,,patent_myshake_warning,patent_myshake_warning_c000,,pending,,1,
c7da0f76598ab22c,claim,c7da0f76598ab22c,,patent_myshake_warning,patent_myshake_warning_c000,,pending,,1,
a278cb376ef29029,claim,a278cb376ef29029,,patent_myshake_warning,patent_myshake_warning_c000,,pending,,1,
503bad09ef8cebb4,claim,503bad09ef8cebb4,,patent_predictive_emergency_analytics,patent_predictive_emergency_analytics_c000,,pending,,1,
40f1d98d3f8e90c8,claim,40f1d98d3f8e90c8,,patent_predictive_emergency_analytics,patent_predictive_emergency_analytics_c000,,pending,,1,
229513c8f20ed482,claim,229513c8f20ed482,,patent_predictive_emergency_analytics,patent_predictive_emergency_analytics_c000,,pending,,1,
c8c08167225d8da1,claim,c8c08167225d8da1,,patent_predictive_emergency_analytics,patent_predictive_emergency_analytics_c000,,pending,,1,
a65838262ebb340b,claim,a65838262ebb340b,,patent_structural_damage_predictor,patent_structural_damage_predictor_c000,,pending,,1,
ee049d915f2ab7c9,claim,ee049d915f2ab7c9,,patent_structural_damage_predictor,patent_structural_damage_predictor_c000,,pending,,1,
7dd80fdc98db0b9b,claim,7dd80fdc98db0b9b,,patent_structural_damage_predictor,patent_structural_damage_predictor_c000,,pending,,1,
ce68d4f9ab4feb73,claim,ce68d4f9ab4feb73,,patent_structural_damage_predictor,patent_structural_damage_predictor_c000,,pending,,1,
9db4285ae2500476,claim,9db4285ae2500476,,patent_tw_earthquake_ai,patent_tw_earthquake_ai_c000,,pending,,1,
ffbef6de8f8d9c15,claim,ffbef6de8f8d9c15,,patent_tw_earthquake_ai,patent_tw_earthquake_ai_c000,,pending,,1,
a8be94089ce0b507,claim,a8be94089ce0b507,,patent_tw_earthquake_ai,patent_tw_earthquake_ai_c000,,pending,,1,
2296c9c4f93a4058,claim,2296c9c4f93a4058,,patent_tw_earthquake_ai,patent_tw_earthquake_ai_c000,,pending,,1,
a34058126036de3d,claim,a34058126036de3d,,patent_tw_earthquake_warning,patent_tw_earthquake_warning_c000,,pending,,1,
5909e10cde67b488,claim,5909e10cde67b488,,patent_tw_earthquake_warning,patent_tw_earthquake_warning_c000,,pending,,1,
9faa59f59c8af760,claim,9faa59f59c8af760,,patent_tw_earthquake_warning,patent_tw_earthquake_warning_c000,,pending,,1,
268672888462c3c1,claim,268672888462c3c1,,patent_tw_earthquake_warning,patent_tw_earthquake_warning_c000,,pending,,1,
203b324ed0f4447d,claim,203b324ed0f4447d,,policy_ai_governance_response,policy_ai_governance_response_c000,,pending,,1,
6ecdb9c111de05ae,claim,6ecdb9c111de05ae,,policy_ai_governance_response,policy_ai_governance_response_c000,,pending,,1,
116205e8875dd5e4,claim,116205e8875dd5e4,,policy_ai_governance_response,policy_ai_governance_response_c000,,pending,,1,
46e6964436ea98d0,claim,46e6964436ea98d0,,policy_ai_governance_response,policy_ai_governance_response_c000,,pending,,1,
759f5b72543ba825,claim,759f5b72543ba825,,policy_china_14th_drr_plan,policy_china_14th_drr_plan_c000,,pending,,1,
24664b7fa18c78ff,claim,24664b7fa18c78ff,,policy_china_14th_drr_plan,policy_china_14th_drr_plan_c000,,pending,,1,
8a7e9812de9e0bec,claim,8a7e9812de9e0bec,,policy_china_14th_drr_plan,policy_china_14th_drr_plan_c000,,pending,,1,
261f8bc103dc53bd,claim,261f8bc103dc53bd,,policy_china_14th_drr_plan,policy_china_14th_drr_plan_c000,,pending,,1,
94b19951c2244b28,claim,94b19951c2244b28,,policy_china_earthquake_plan,policy_china_earthquake_plan_c000,,pending,,1,
c34615cf16f97f00,claim,c34615cf16f97f00,,policy_china_earthquake_plan,policy_china_earthquake_plan_c000,,pending,,1,
9d334ef9632fab33,claim,9d334ef9632fab33,,policy_china_earthquake_plan,policy_china_earthquake_plan_c000,,pending,,1,
574fe4fa1b64bb6a,claim,574fe4fa1b64bb6a,,policy_china_earthquake_plan,policy_china_earthquake_plan_c000,,pending,,1,
d8aa59d9b5482d80,claim,d8aa59d9b5482d80,,policy_fema_nims,policy_fema_nims_c000,,pending,,1,
797cb3c2bf13d4ac,claim,797cb3c2bf13d4ac,,policy_fema_nims,policy_fema_nims_c000,,pending,,1,
84f1100986688fa8,claim,84f1100986688fa8,,policy_fema_nims,policy_fema_nims_c000,,pending,,1,
26dceed9c6a1b7f2,claim,26dceed9c6a1b7f2,,policy_fema_nims,policy_fema_nims_c000,,pending,,1,
61620030a5735fc4,claim,61620030a5735fc4,,policy_fema_nims,policy_fema_nims_c000,,pending,,1,
5050968d590267d4,claim,5050968d590267d4,,policy_japan_disaster_plan,policy_japan_disaster_plan_c000,,pending,,1,
b66eec524808a63e,claim,b66eec524808a63e,,policy_japan_disaster_plan,policy_japan_disaster_plan_c000,,pending,,1,
398b1a674e40c358,claim,398b1a674e40c358,,policy_japan_disaster_plan,policy_japan_disaster_plan_c000,,pending,,1,
0e108214f53ac023,claim,0e108214f53ac023,,policy_japan_disaster_plan,policy_japan_disaster_plan_c000,,pending,,1,
7b7672d98713b69a,claim,7b7672d98713b69a,,policy_sendai_framework_earthquake,policy_sendai_framework_earthquake_c000,,pending,,1,
bb19460cc460d9f4,claim,bb19460cc460d9f4,,policy_sendai_framework_earthquake,policy_sendai_framework_earthquake_c000,,pending,,1,
59a460427439908e,claim,59a460427439908e,,policy_sendai_framework_earthquake,policy_sendai_framework_earthquake_c000,,pending,,1,
a6df27aa4c80c3d8,claim,a6df27aa4c80c3d8,,policy_sendai_framework_earthquake,policy_sendai_framework_earthquake_c000,,pending,,1,
af768d4ddcd08b95,claim,af768d4ddcd08b95,,policy_us_mitigation_framework,policy_us_mitigation_framework_c000,,pending,,1,
331a3e12036a1365,claim,331a3e12036a1365,,policy_us_mitigation_framework,policy_us_mitigation_framework_c000,,pending,,1,
47971a004a45c7ba,claim,47971a004a45c7ba,,policy_us_mitigation_framework,policy_us_mitigation_framework_c000,,pending,,1,
7fadf617ef8a8427,claim,7fadf617ef8a8427,,policy_us_mitigation_framework,policy_us_mitigation_framework_c000,,pending,,1,
0762f1034f6b4840,claim,0762f1034f6b4840,,project_fema_hazus,project_fema_hazus_c000,,pending,,1,
7c4d4b70708f2ad3,claim,7c4d4b70708f2ad3,,project_fema_hazus,project_fema_hazus_c000,,pending,,1,
a20e49a7b21f41f6,claim,a20e49a7b21f41f6,,project_fema_hazus,project_fema_hazus_c000,,pending,,1,
efa7e60118142d47,claim,efa7e60118142d47,,project_fema_hazus,project_fema_hazus_c000,,pending,,1,
07f78a037117d14f,claim,07f78a037117d14f,,project_hot_osm_earthquake,project_hot_osm_earthquake_c000,,pending,,1,
d6697ba78e7ab61c,claim,d6697ba78e7ab61c,,project_hot_osm_earthquake,project_hot_osm_earthquake_c000,,pending,,1,
d1c05936ffaf17ae,claim,d1c05936ffaf17ae,,project_hot_osm_earthquake,project_hot_osm_earthquake_c000,,pending,,1,
7cd1197b3103edc8,claim,7cd1197b3103edc8,,project_hot_osm_earthquake,project_hot_osm_earthquake_c000,,pending,,1,
673c206e87f9e82b,claim,673c206e87f9e82b,,project_myshake,project_myshake_c000,,pending,,1,
6eb77f8f8a799d2e,claim,6eb77f8f8a799d2e,,project_myshake,project_myshake_c000,,pending,,1,
3b00558edd9a624d,claim,3b00558edd9a624d,,project_myshake,project_myshake_c000,,pending,,1,
42e160fba280e0b8,claim,42e160fba280e0b8,,project_myshake,project_myshake_c000,,pending,,1,
7130736a40216d4f,claim,7130736a40216d4f,,project_myshake,project_myshake_c000,,pending,,1,
dfdfc4affa8aae0d,claim,dfdfc4affa8aae0d,,project_nasa_earthquake_response,project_nasa_earthquake_response_c000,,pending,,1,
39921a97ac4c885c,claim,39921a97ac4c885c,,project_nasa_earthquake_response,project_nasa_earthquake_response_c000,,pending,,1,
b860c04e0ef18282,claim,b860c04e0ef18282,,project_nasa_earthquake_response,project_nasa_earthquake_response_c000,,pending,,1,
9ce1366ed399640e,claim,9ce1366ed399640e,,project_nasa_earthquake_response,project_nasa_earthquake_response_c000,,pending,,1,
26b7c092a9fd42ca,claim,26b7c092a9fd42ca,,project_openquake,project_openquake_c000,,pending,,1,
1073130f28ee8185,claim,1073130f28ee8185,,project_openquake,project_openquake_c000,,pending,,1,
e04187c1c302795b,claim,e04187c1c302795b,,project_openquake,project_openquake_c000,,pending,,1,
a81c9b56b0ad4e48,claim,a81c9b56b0ad4e48,,project_openquake,project_openquake_c000,,pending,,1,
9678c50e9413cb21,claim,9678c50e9413cb21,,project_shakealert,project_shakealert_c000,,pending,,1,
a722082a8e5a783b,claim,a722082a8e5a783b,,project_shakealert,project_shakealert_c000,,pending,,1,
0419fc1681768a6f,claim,0419fc1681768a6f,,project_shakealert,project_shakealert_c000,,pending,,1,
a242b117368cfaaa,claim,a242b117368cfaaa,,project_shakealert,project_shakealert_c000,,pending,,1,
dffa14480f2b7cdb,claim,dffa14480f2b7cdb,,project_shakealert,project_shakealert_c000,,pending,,1,
bdc6b19fc0cf16c2,claim,bdc6b19fc0cf16c2,,project_xview2_earthquake,project_xview2_earthquake_c000,,pending,,1,
bfddf438a9ac9cfd,claim,bfddf438a9ac9cfd,,project_xview2_earthquake,project_xview2_earthquake_c000,,pending,,1,
28e5b327cd06f19d,claim,28e5b327cd06f19d,,project_xview2_earthquake,project_xview2_earthquake_c000,,pending,,1,
a6fd9740109d7aac,claim,a6fd9740109d7aac,,project_xview2_earthquake,project_xview2_earthquake_c000,,pending,,1,
2100c8b908f98019,claim,2100c8b908f98019,,report_cdri_giri,report_cdri_giri_c000,,pending,,1,
a1f8251bac2965de,claim,a1f8251bac2965de,,report_cdri_giri,report_cdri_giri_c000,,pending,,1,
cb0e173c03f0fa39,claim,cb0e173c03f0fa39,,report_cdri_giri,report_cdri_giri_c000,,pending,,1,
d539942f4b387961,claim,d539942f4b387961,,report_cdri_giri,report_cdri_giri_c000,,pending,,1,
8e15eafef4f73fea,claim,8e15eafef4f73fea,,report_fema_building_codes,report_fema_building_codes_c000,,pending,,1,
8ab755971a9c4c07,claim,8ab755971a9c4c07,,report_fema_building_codes,report_fema_building_codes_c000,,pending,,1,
7a22460b952719ac,claim,7a22460b952719ac,,report_fema_building_codes,report_fema_building_codes_c000,,pending,,1,
1c3c4c2fee2ce51f,claim,1c3c4c2fee2ce51f,,report_fema_building_codes,report_fema_building_codes_c000,,pending,,1,
c2bc985569443714,claim,c2bc985569443714,,report_gfdrr_ml_drm,report_gfdrr_ml_drm_c000,,pending,,1,
c4ee9eca2d524a11,claim,c4ee9eca2d524a11,,report_gfdrr_ml_drm,report_gfdrr_ml_drm_c000,,pending,,1,
8e0828c3068f9ad9,claim,8e0828c3068f9ad9,,report_gfdrr_ml_drm,report_gfdrr_ml_drm_c000,,pending,,1,
49f603a9396c38da,claim,49f603a9396c38da,,report_gfdrr_ml_drm,report_gfdrr_ml_drm_c000,,pending,,1,
b2c8bb19f705134c,claim,b2c8bb19f705134c,,report_gfdrr_responsible_ai,report_gfdrr_responsible_ai_c000,,pending,,1,
678faec7a4ecd2a5,claim,678faec7a4ecd2a5,,report_gfdrr_responsible_ai,report_gfdrr_responsible_ai_c000,,pending,,1,
eb48e8c36a5feb63,claim,eb48e8c36a5feb63,,report_gfdrr_responsible_ai,report_gfdrr_responsible_ai_c000,,pending,,1,
5b548cf5c87d9ebd,claim,5b548cf5c87d9ebd,,report_gfdrr_responsible_ai,report_gfdrr_responsible_ai_c000,,pending,,1,
f011054587c52288,claim,f011054587c52288,,report_jrc_ai_drm,report_jrc_ai_drm_c000,,pending,,1,
43a6497e8381fff6,claim,43a6497e8381fff6,,report_jrc_ai_drm,report_jrc_ai_drm_c000,,pending,,1,
45400c4047630883,claim,45400c4047630883,,report_jrc_ai_drm,report_jrc_ai_drm_c000,,pending,,1,
035265a6ec846e0d,claim,035265a6ec846e0d,,report_jrc_ai_drm,report_jrc_ai_drm_c000,,pending,,1,
5d735cc6a8eb0878,claim,5d735cc6a8eb0878,,report_undrr_gar2025,report_undrr_gar2025_c000,,pending,,1,
082fd40e13202c8e,claim,082fd40e13202c8e,,report_undrr_gar2025,report_undrr_gar2025_c000,,pending,,1,
1cf280517a6a0edd,claim,1cf280517a6a0edd,,report_undrr_gar2025,report_undrr_gar2025_c000,,pending,,1,
5febf8d71be7da5d,claim,5febf8d71be7da5d,,report_undrr_gar2025,report_undrr_gar2025_c000,,pending,,1,
4b16497ac09963b3,claim,4b16497ac09963b3,,report_worldbank_lifelines,report_worldbank_lifelines_c000,,pending,,1,
18c541279873f918,claim,18c541279873f918,,report_worldbank_lifelines,report_worldbank_lifelines_c000,,pending,,1,
124e9b734410b245,claim,124e9b734410b245,,report_worldbank_lifelines,report_worldbank_lifelines_c000,,pending,,1,
699e9b00b3668f05,claim,699e9b00b3668f05,,report_worldbank_lifelines,report_worldbank_lifelines_c000,,pending,,1,
8ecb0cd60215d48e,claim,8ecb0cd60215d48e,,standard_iso_22320_incident_management,standard_iso_22320_incident_management_c000,,pending,,1,
163a5c84a5dfb738,claim,163a5c84a5dfb738,,standard_iso_22320_incident_management,standard_iso_22320_incident_management_c000,,pending,,1,
6c478c91a767e70e,claim,6c478c91a767e70e,,standard_iso_22320_incident_management,standard_iso_22320_incident_management_c000,,pending,,1,
dc04258706b82d02,claim,dc04258706b82d02,,standard_iso_22320_incident_management,standard_iso_22320_incident_management_c000,,pending,,1,
55aad856cdd56551,claim,55aad856cdd56551,,standard_iso_22322_public_warning,standard_iso_22322_public_warning_c000,,pending,,1,
98eeddc182d26d14,claim,98eeddc182d26d14,,standard_iso_22322_public_warning,standard_iso_22322_public_warning_c000,,pending,,1,
6a5575c59022b238,claim,6a5575c59022b238,,standard_iso_22322_public_warning,standard_iso_22322_public_warning_c000,,pending,,1,
ee85e25ab5fadbef,claim,ee85e25ab5fadbef,,standard_iso_22322_public_warning,standard_iso_22322_public_warning_c000,,pending,,1,
84fb12ab83eedb7a,claim,84fb12ab83eedb7a,,standard_iso_22324_colour_alerts,standard_iso_22324_colour_alerts_c000,,pending,,1,
d2d4bcac6296b698,claim,d2d4bcac6296b698,,standard_iso_22324_colour_alerts,standard_iso_22324_colour_alerts_c000,,pending,,1,
a049a13809264fe0,claim,a049a13809264fe0,,standard_iso_22324_colour_alerts,standard_iso_22324_colour_alerts_c000,,pending,,1,
d295195cc4ec7904,claim,d295195cc4ec7904,,standard_iso_22324_colour_alerts,standard_iso_22324_colour_alerts_c000,,pending,,1,
09a40df8597f8df8,claim,09a40df8597f8df8,,standard_iso_31000_risk,standard_iso_31000_risk_c000,,pending,,1,
3a42c4e109f27e54,claim,3a42c4e109f27e54,,standard_iso_31000_risk,standard_iso_31000_risk_c000,,pending,,1,
612afe48fa55e0ce,claim,612afe48fa55e0ce,,standard_iso_31000_risk,standard_iso_31000_risk_c000,,pending,,1,
01bef30ab67357ca,claim,01bef30ab67357ca,,standard_iso_31000_risk,standard_iso_31000_risk_c000,,pending,,1,
18d980c446baa9c8,claim,18d980c446baa9c8,,standard_iso_37123_resilient_cities,standard_iso_37123_resilient_cities_c000,,pending,,1,
a2ddd2d248f6dedc,claim,a2ddd2d248f6dedc,,standard_iso_37123_resilient_cities,standard_iso_37123_resilient_cities_c000,,pending,,1,
a23e66de5dbd590e,claim,a23e66de5dbd590e,,standard_iso_37123_resilient_cities,standard_iso_37123_resilient_cities_c000,,pending,,1,
e07cf21fff757eb7,claim,e07cf21fff757eb7,,standard_iso_37123_resilient_cities,standard_iso_37123_resilient_cities_c000,,pending,,1,
fc3980b7246bc449,claim,fc3980b7246bc449,,standard_oasis_cap,standard_oasis_cap_c000,,pending,,1,
014078abf41307e4,claim,014078abf41307e4,,standard_oasis_cap,standard_oasis_cap_c000,,pending,,1,
50c460ba3e0357d3,claim,50c460ba3e0357d3,,standard_oasis_cap,standard_oasis_cap_c000,,pending,,1,
b92c7e4c9f2255a6,claim,b92c7e4c9f2255a6,,standard_oasis_cap,standard_oasis_cap_c000,,pending,,1,
bb84e195dd64f0b2,claim,bb84e195dd64f0b2,,standard_ogc_sensorthings,standard_ogc_sensorthings_c000,,pending,,1,
59e1ea7989245971,claim,59e1ea7989245971,,standard_ogc_sensorthings,standard_ogc_sensorthings_c000,,pending,,1,
d47cd4d294982743,claim,d47cd4d294982743,,standard_ogc_sensorthings,standard_ogc_sensorthings_c000,,pending,,1,
8a537258093e30ec,claim,8a537258093e30ec,,standard_ogc_sensorthings,standard_ogc_sensorthings_c000,,pending,,1,
b31244eb50634a12,relation,,b31244eb50634a12,case_afghanistan_earthquake_2023,case_afghanistan_earthquake_2023_c000,,pending,,1,
79f51a5680c1580d,relation,,79f51a5680c1580d,case_afghanistan_earthquake_2023,case_afghanistan_earthquake_2023_c000,,pending,,1,
948b8e2695ed3278,relation,,948b8e2695ed3278,case_afghanistan_earthquake_2023,case_afghanistan_earthquake_2023_c000,,pending,,1,
2363ef646f2659d6,relation,,2363ef646f2659d6,case_afghanistan_earthquake_2023,case_afghanistan_earthquake_2023_c000,,pending,,1,
32565c0c3b206382,relation,,32565c0c3b206382,case_afghanistan_earthquake_2023,case_afghanistan_earthquake_2023_c000,,pending,,1,
2584a9f3a3d13d6f,relation,,2584a9f3a3d13d6f,case_afghanistan_earthquake_2023,case_afghanistan_earthquake_2023_c000,,pending,,1,
2d0adafdcfda8ad5,relation,,2d0adafdcfda8ad5,case_afghanistan_earthquake_2023,case_afghanistan_earthquake_2023_c000,,pending,,1,
85eee34f6a10b505,relation,,85eee34f6a10b505,case_afghanistan_earthquake_2023,case_afghanistan_earthquake_2023_c000,,pending,,1,
b396f05da10bcabc,relation,,b396f05da10bcabc,case_afghanistan_earthquake_2023,case_afghanistan_earthquake_2023_c000,,pending,,1,
22a9e9958aad317e,relation,,22a9e9958aad317e,case_afghanistan_earthquake_2023,case_afghanistan_earthquake_2023_c000,,pending,,1,
dfe6d6761109e332,relation,,dfe6d6761109e332,case_afghanistan_earthquake_2023,case_afghanistan_earthquake_2023_c000,,pending,,1,
c07cdd479a5ded58,relation,,c07cdd479a5ded58,case_afghanistan_earthquake_2023,case_afghanistan_earthquake_2023_c000,,pending,,1,
aab8af3972802e93,relation,,aab8af3972802e93,case_afghanistan_earthquake_2023,case_afghanistan_earthquake_2023_c000,,pending,,1,
aa30e17a340efce9,relation,,aa30e17a340efce9,case_afghanistan_earthquake_2023,case_afghanistan_earthquake_2023_c000,,pending,,1,
69837950f2f28f38,relation,,69837950f2f28f38,case_afghanistan_earthquake_2023,case_afghanistan_earthquake_2023_c000,,pending,,1,
ca76995849aca089,relation,,ca76995849aca089,case_haiti_earthquake,case_haiti_earthquake_c000,,pending,,1,
873e784d9d7c7a8b,relation,,873e784d9d7c7a8b,case_haiti_earthquake,case_haiti_earthquake_c000,,pending,,1,
28736d23e9ba0c25,relation,,28736d23e9ba0c25,case_haiti_earthquake,case_haiti_earthquake_c000,,pending,,1,
6dda2c4c78137396,relation,,6dda2c4c78137396,case_haiti_earthquake,case_haiti_earthquake_c000,,pending,,1,
3d7c25fc052fea47,relation,,3d7c25fc052fea47,case_haiti_earthquake,case_haiti_earthquake_c000,,pending,,1,
a5024fdaf02c23ac,relation,,a5024fdaf02c23ac,case_haiti_earthquake,case_haiti_earthquake_c000,,pending,,1,
910e3b91809b1fa2,relation,,910e3b91809b1fa2,case_haiti_earthquake,case_haiti_earthquake_c000,,pending,,1,
86be5f7a36a03740,relation,,86be5f7a36a03740,case_haiti_earthquake,case_haiti_earthquake_c000,,pending,,1,
59a18de12ede1596,relation,,59a18de12ede1596,case_haiti_earthquake,case_haiti_earthquake_c000,,pending,,1,
f73526cbfd0a7c75,relation,,f73526cbfd0a7c75,case_haiti_earthquake,case_haiti_earthquake_c000,,pending,,1,
ae840f8499caa072,relation,,ae840f8499caa072,case_haiti_earthquake,case_haiti_earthquake_c000,,pending,,1,
a69d5ed49d6d838c,relation,,a69d5ed49d6d838c,case_haiti_earthquake,case_haiti_earthquake_c000,,pending,,1,
62adc232bacdb89b,relation,,62adc232bacdb89b,case_haiti_earthquake,case_haiti_earthquake_c000,,pending,,1,
95cf56d0312afcd5,relation,,95cf56d0312afcd5,case_haiti_earthquake,case_haiti_earthquake_c000,,pending,,1,
53cf3eceff42cb04,relation,,53cf3eceff42cb04,case_haiti_earthquake,case_haiti_earthquake_c000,,pending,,1,
01651932f9e5c1f9,relation,,01651932f9e5c1f9,case_morocco_earthquake,case_morocco_earthquake_c000,,pending,,1,
0f72decac03cf208,relation,,0f72decac03cf208,case_morocco_earthquake,case_morocco_earthquake_c000,,pending,,1,
741c7c383f117003,relation,,741c7c383f117003,case_morocco_earthquake,case_morocco_earthquake_c000,,pending,,1,
c79eb1a73fa50f78,relation,,c79eb1a73fa50f78,case_morocco_earthquake,case_morocco_earthquake_c000,,pending,,1,
9f728ecdc0eab69d,relation,,9f728ecdc0eab69d,case_morocco_earthquake,case_morocco_earthquake_c000,,pending,,1,
8052664096545ec7,relation,,8052664096545ec7,case_morocco_earthquake,case_morocco_earthquake_c000,,pending,,1,
fece68779390fecc,relation,,fece68779390fecc,case_morocco_earthquake,case_morocco_earthquake_c000,,pending,,1,
ff935e99f0f9038b,relation,,ff935e99f0f9038b,case_morocco_earthquake,case_morocco_earthquake_c000,,pending,,1,
7e277377b5eec1f7,relation,,7e277377b5eec1f7,case_morocco_earthquake,case_morocco_earthquake_c000,,pending,,1,
a2ed7717f9a68206,relation,,a2ed7717f9a68206,case_morocco_earthquake,case_morocco_earthquake_c000,,pending,,1,
6fe890a21aeef50b,relation,,6fe890a21aeef50b,case_morocco_earthquake,case_morocco_earthquake_c000,,pending,,1,
209ca78e47ffe1a8,relation,,209ca78e47ffe1a8,case_morocco_earthquake,case_morocco_earthquake_c000,,pending,,1,
65f3a59811276c2c,relation,,65f3a59811276c2c,case_morocco_earthquake,case_morocco_earthquake_c000,,pending,,1,
8092597edcc18366,relation,,8092597edcc18366,case_morocco_earthquake,case_morocco_earthquake_c000,,pending,,1,
0b559af3a7235b3d,relation,,0b559af3a7235b3d,case_morocco_earthquake,case_morocco_earthquake_c000,,pending,,1,
4727d715fefde5f8,relation,,4727d715fefde5f8,case_nepal_earthquake_pdna,case_nepal_earthquake_pdna_c000,,pending,,1,
04af1bd659426f83,relation,,04af1bd659426f83,case_nepal_earthquake_pdna,case_nepal_earthquake_pdna_c000,,pending,,1,
ab11460f0a12d593,relation,,ab11460f0a12d593,case_nepal_earthquake_pdna,case_nepal_earthquake_pdna_c000,,pending,,1,
7e7022bee59f4bfe,relation,,7e7022bee59f4bfe,case_nepal_earthquake_pdna,case_nepal_earthquake_pdna_c000,,pending,,1,
38c3f2691876365b,relation,,38c3f2691876365b,case_nepal_earthquake_pdna,case_nepal_earthquake_pdna_c000,,pending,,1,
3613cc9a9c176b6d,relation,,3613cc9a9c176b6d,case_nepal_earthquake_pdna,case_nepal_earthquake_pdna_c000,,pending,,1,
3f10efa5a097fe71,relation,,3f10efa5a097fe71,case_nepal_earthquake_pdna,case_nepal_earthquake_pdna_c000,,pending,,1,
388aed5249c99b27,relation,,388aed5249c99b27,case_nepal_earthquake_pdna,case_nepal_earthquake_pdna_c000,,pending,,1,
ee34e82e612d89ca,relation,,ee34e82e612d89ca,case_nepal_earthquake_pdna,case_nepal_earthquake_pdna_c000,,pending,,1,
3a1510ba14f653e7,relation,,3a1510ba14f653e7,case_nepal_earthquake_pdna,case_nepal_earthquake_pdna_c000,,pending,,1,
ef101e6aa8ed3413,relation,,ef101e6aa8ed3413,case_nepal_earthquake_pdna,case_nepal_earthquake_pdna_c000,,pending,,1,
20a8bdc1b1572401,relation,,20a8bdc1b1572401,case_nepal_earthquake_pdna,case_nepal_earthquake_pdna_c000,,pending,,1,
5e7435ea9424a227,relation,,5e7435ea9424a227,case_nepal_earthquake_pdna,case_nepal_earthquake_pdna_c000,,pending,,1,
5356ad807e0b4992,relation,,5356ad807e0b4992,case_nepal_earthquake_pdna,case_nepal_earthquake_pdna_c000,,pending,,1,
dcc65fae2c6d90e8,relation,,dcc65fae2c6d90e8,case_nepal_earthquake_pdna,case_nepal_earthquake_pdna_c000,,pending,,1,
e419bbb1b47721fd,relation,,e419bbb1b47721fd,case_noto_earthquake,case_noto_earthquake_c000,,pending,,1,
84203d5ac75c36bd,relation,,84203d5ac75c36bd,case_noto_earthquake,case_noto_earthquake_c000,,pending,,1,
edfb338837c0a0fc,relation,,edfb338837c0a0fc,case_noto_earthquake,case_noto_earthquake_c000,,pending,,1,
e99cb3e1fa8b97dc,relation,,e99cb3e1fa8b97dc,case_noto_earthquake,case_noto_earthquake_c000,,pending,,1,
07044b8a26a54ea1,relation,,07044b8a26a54ea1,case_noto_earthquake,case_noto_earthquake_c000,,pending,,1,
c5447683d159abe2,relation,,c5447683d159abe2,case_noto_earthquake,case_noto_earthquake_c000,,pending,,1,
e184fdde4c9b1798,relation,,e184fdde4c9b1798,case_noto_earthquake,case_noto_earthquake_c000,,pending,,1,
e35a072f519a5263,relation,,e35a072f519a5263,case_noto_earthquake,case_noto_earthquake_c000,,pending,,1,
5c3c4d7e90a3ec4d,relation,,5c3c4d7e90a3ec4d,case_noto_earthquake,case_noto_earthquake_c000,,pending,,1,
631e1e4881b569c1,relation,,631e1e4881b569c1,case_noto_earthquake,case_noto_earthquake_c000,,pending,,1,
4bcde944cf36f782,relation,,4bcde944cf36f782,case_noto_earthquake,case_noto_earthquake_c000,,pending,,1,
edeb7d2bffa26d10,relation,,edeb7d2bffa26d10,case_noto_earthquake,case_noto_earthquake_c000,,pending,,1,
d131a1634771cd30,relation,,d131a1634771cd30,case_noto_earthquake,case_noto_earthquake_c000,,pending,,1,
7184cfe6d9f25945,relation,,7184cfe6d9f25945,case_noto_earthquake,case_noto_earthquake_c000,,pending,,1,
7f98cdcb71a61cc3,relation,,7f98cdcb71a61cc3,case_noto_earthquake,case_noto_earthquake_c000,,pending,,1,
5d8bed7803c6a0c7,relation,,5d8bed7803c6a0c7,case_noto_earthquake,case_noto_earthquake_c000,,pending,,1,
6f63d90b30b20a02,relation,,6f63d90b30b20a02,case_noto_earthquake,case_noto_earthquake_c000,,pending,,1,
7fafd3d60e7bf263,relation,,7fafd3d60e7bf263,case_noto_earthquake,case_noto_earthquake_c000,,pending,,1,
e3c9d105a48927c8,relation,,e3c9d105a48927c8,case_noto_earthquake,case_noto_earthquake_c000,,pending,,1,
f0f224dfa2f40c53,relation,,f0f224dfa2f40c53,case_noto_earthquake,case_noto_earthquake_c000,,pending,,1,
00e5cc1313d95116,relation,,00e5cc1313d95116,case_noto_earthquake,case_noto_earthquake_c000,,pending,,1,
9c1f0d4abdd35179,relation,,9c1f0d4abdd35179,case_noto_earthquake,case_noto_earthquake_c000,,pending,,1,
1ed3a560d1032862,relation,,1ed3a560d1032862,case_turkiye_rdna,case_turkiye_rdna_c000,,pending,,1,
c110f9bcb665420c,relation,,c110f9bcb665420c,case_turkiye_rdna,case_turkiye_rdna_c000,,pending,,1,
0c0640fe34df6f78,relation,,0c0640fe34df6f78,case_turkiye_rdna,case_turkiye_rdna_c000,,pending,,1,
c73cd92a33cb8d65,relation,,c73cd92a33cb8d65,case_turkiye_rdna,case_turkiye_rdna_c000,,pending,,1,
98d0798f0baf404e,relation,,98d0798f0baf404e,case_turkiye_rdna,case_turkiye_rdna_c000,,pending,,1,
6c3e8da910eb3ca4,relation,,6c3e8da910eb3ca4,case_turkiye_rdna,case_turkiye_rdna_c000,,pending,,1,
e4e07b9007620505,relation,,e4e07b9007620505,case_turkiye_rdna,case_turkiye_rdna_c000,,pending,,1,
c0a621d888934b1c,relation,,c0a621d888934b1c,case_turkiye_rdna,case_turkiye_rdna_c000,,pending,,1,
9bb48b574228bdd3,relation,,9bb48b574228bdd3,case_turkiye_rdna,case_turkiye_rdna_c000,,pending,,1,
8f77dc917a70b275,relation,,8f77dc917a70b275,case_turkiye_rdna,case_turkiye_rdna_c000,,pending,,1,
a7ef9e80b7a2c74b,relation,,a7ef9e80b7a2c74b,case_turkiye_rdna,case_turkiye_rdna_c000,,pending,,1,
ec2e65514e5ba754,relation,,ec2e65514e5ba754,case_turkiye_rdna,case_turkiye_rdna_c000,,pending,,1,
dca2de697d40ec2a,relation,,dca2de697d40ec2a,case_turkiye_rdna,case_turkiye_rdna_c000,,pending,,1,
1466a7f541c880be,relation,,1466a7f541c880be,case_turkiye_rdna,case_turkiye_rdna_c000,,pending,,1,
71d771fb672b94f2,relation,,71d771fb672b94f2,case_turkiye_rdna,case_turkiye_rdna_c000,,pending,,1,
e8071fec033e2daf,relation,,e8071fec033e2daf,case_turkiye_rdna,case_turkiye_rdna_c000,,pending,,1,
188a365419c10f78,relation,,188a365419c10f78,case_turkiye_rdna,case_turkiye_rdna_c000,,pending,,1,
301066b69611f9b8,relation,,301066b69611f9b8,case_turkiye_syria_earthquake,case_turkiye_syria_earthquake_c000,,pending,,1,
bb8c7bb8eda13360,relation,,bb8c7bb8eda13360,case_turkiye_syria_earthquake,case_turkiye_syria_earthquake_c000,,pending,,1,
8eec6ebb4690cabf,relation,,8eec6ebb4690cabf,case_turkiye_syria_earthquake,case_turkiye_syria_earthquake_c000,,pending,,1,
099cf5d3ac3d1515,relation,,099cf5d3ac3d1515,case_turkiye_syria_earthquake,case_turkiye_syria_earthquake_c000,,pending,,1,
b48fdf14b4731bd5,relation,,b48fdf14b4731bd5,case_turkiye_syria_earthquake,case_turkiye_syria_earthquake_c000,,pending,,1,
ab3fcc7754653973,relation,,ab3fcc7754653973,case_turkiye_syria_earthquake,case_turkiye_syria_earthquake_c000,,pending,,1,
6db16c386d6d71bf,relation,,6db16c386d6d71bf,case_turkiye_syria_earthquake,case_turkiye_syria_earthquake_c000,,pending,,1,
873fc57d202e73be,relation,,873fc57d202e73be,case_turkiye_syria_earthquake,case_turkiye_syria_earthquake_c000,,pending,,1,
becd55ba850bbbdd,relation,,becd55ba850bbbdd,case_turkiye_syria_earthquake,case_turkiye_syria_earthquake_c000,,pending,,1,
7cfd7aba798b9489,relation,,7cfd7aba798b9489,case_turkiye_syria_earthquake,case_turkiye_syria_earthquake_c000,,pending,,1,
3a152a397d970fe4,relation,,3a152a397d970fe4,case_turkiye_syria_earthquake,case_turkiye_syria_earthquake_c000,,pending,,1,
a8786fedced5e2be,relation,,a8786fedced5e2be,case_turkiye_syria_earthquake,case_turkiye_syria_earthquake_c000,,pending,,1,
aa513714e51ff668,relation,,aa513714e51ff668,case_turkiye_syria_earthquake,case_turkiye_syria_earthquake_c000,,pending,,1,
ef3629ce1a53754f,relation,,ef3629ce1a53754f,case_turkiye_syria_earthquake,case_turkiye_syria_earthquake_c000,,pending,,1,
57766d325c44b7fb,relation,,57766d325c44b7fb,case_turkiye_syria_earthquake,case_turkiye_syria_earthquake_c000,,pending,,1,
922f80f6ccc50ab3,relation,,922f80f6ccc50ab3,paper_ai_emergency_qa,paper_ai_emergency_qa_c000,,pending,,1,
981913bb0e788ee0,relation,,981913bb0e788ee0,paper_ai_emergency_qa,paper_ai_emergency_qa_c000,,pending,,1,
5d02d61ee14e833b,relation,,5d02d61ee14e833b,paper_ai_emergency_qa,paper_ai_emergency_qa_c000,,pending,,1,
f00bc30d624a1106,relation,,f00bc30d624a1106,paper_ai_emergency_qa,paper_ai_emergency_qa_c000,,pending,,1,
04cb9c67dc5d59dc,relation,,04cb9c67dc5d59dc,paper_ai_emergency_qa,paper_ai_emergency_qa_c000,,pending,,1,
8a5c20fdc6891810,relation,,8a5c20fdc6891810,paper_ai_emergency_qa,paper_ai_emergency_qa_c000,,pending,,1,
484bb2457a298cc4,relation,,484bb2457a298cc4,paper_ai_emergency_qa,paper_ai_emergency_qa_c000,,pending,,1,
c84585af3bacc7e2,relation,,c84585af3bacc7e2,paper_ai_emergency_qa,paper_ai_emergency_qa_c000,,pending,,1,
aba04f982d49b12b,relation,,aba04f982d49b12b,paper_ai_emergency_qa,paper_ai_emergency_qa_c000,,pending,,1,
0b9f2a3d8bc0bbb6,relation,,0b9f2a3d8bc0bbb6,paper_ai_emergency_qa,paper_ai_emergency_qa_c000,,pending,,1,
168dfe4f5431de1e,relation,,168dfe4f5431de1e,paper_ai_emergency_qa,paper_ai_emergency_qa_c000,,pending,,1,
3f023083e232756f,relation,,3f023083e232756f,paper_ai_emergency_qa,paper_ai_emergency_qa_c000,,pending,,1,
f3c722d48a94a8ab,relation,,f3c722d48a94a8ab,paper_ai_emergency_qa,paper_ai_emergency_qa_c000,,pending,,1,
6a1badfba6c8692a,relation,,6a1badfba6c8692a,paper_ai_emergency_qa,paper_ai_emergency_qa_c000,,pending,,1,
af8dcff22a29b79c,relation,,af8dcff22a29b79c,paper_ai_emergency_qa,paper_ai_emergency_qa_c000,,pending,,1,
24179d6e6b60c175,relation,,24179d6e6b60c175,paper_bddnet_damage,paper_bddnet_damage_c000,,pending,,1,
f56c366e016514ea,relation,,f56c366e016514ea,paper_bddnet_damage,paper_bddnet_damage_c000,,pending,,1,
cda73a8c7ea0eb7b,relation,,cda73a8c7ea0eb7b,paper_bddnet_damage,paper_bddnet_damage_c000,,pending,,1,
96dd7b209229fe28,relation,,96dd7b209229fe28,paper_bddnet_damage,paper_bddnet_damage_c000,,pending,,1,
3d28ac0e2d02e2bb,relation,,3d28ac0e2d02e2bb,paper_bddnet_damage,paper_bddnet_damage_c000,,pending,,1,
020f6b174cd670bb,relation,,020f6b174cd670bb,paper_bddnet_damage,paper_bddnet_damage_c000,,pending,,1,
870f6f76d584278d,relation,,870f6f76d584278d,paper_bddnet_damage,paper_bddnet_damage_c000,,pending,,1,
6b849b41ebe89353,relation,,6b849b41ebe89353,paper_bddnet_damage,paper_bddnet_damage_c000,,pending,,1,
2f5ac126c02de929,relation,,2f5ac126c02de929,paper_bddnet_damage,paper_bddnet_damage_c000,,pending,,1,
0c14cbe4c6dae748,relation,,0c14cbe4c6dae748,paper_bddnet_damage,paper_bddnet_damage_c000,,pending,,1,
38715330afdb0e0c,relation,,38715330afdb0e0c,paper_bddnet_damage,paper_bddnet_damage_c000,,pending,,1,
8a93dcdb5830dd7a,relation,,8a93dcdb5830dd7a,paper_bddnet_damage,paper_bddnet_damage_c000,,pending,,1,
1e7d2520286770b9,relation,,1e7d2520286770b9,paper_bddnet_damage,paper_bddnet_damage_c000,,pending,,1,
1dd93e52ffeaafea,relation,,1dd93e52ffeaafea,paper_bddnet_damage,paper_bddnet_damage_c000,,pending,,1,
a1620670694704f9,relation,,a1620670694704f9,paper_bddnet_damage,paper_bddnet_damage_c000,,pending,,1,
aa6d1ac6a749ac60,relation,,aa6d1ac6a749ac60,paper_lifeline_resilience,paper_lifeline_resilience_c000,,pending,,1,
c504c215465a3648,relation,,c504c215465a3648,paper_lifeline_resilience,paper_lifeline_resilience_c000,,pending,,1,
f5e8e653708e5e7f,relation,,f5e8e653708e5e7f,paper_lifeline_resilience,paper_lifeline_resilience_c000,,pending,,1,
9065194803e33ba4,relation,,9065194803e33ba4,paper_lifeline_resilience,paper_lifeline_resilience_c000,,pending,,1,
dc7df02a66df8709,relation,,dc7df02a66df8709,paper_lifeline_resilience,paper_lifeline_resilience_c000,,pending,,1,
fa43ec8cddb5a4d6,relation,,fa43ec8cddb5a4d6,paper_lifeline_resilience,paper_lifeline_resilience_c000,,pending,,1,
ce91c39cebd17cce,relation,,ce91c39cebd17cce,paper_lifeline_resilience,paper_lifeline_resilience_c000,,pending,,1,
3f8d2a7452adb45d,relation,,3f8d2a7452adb45d,paper_lifeline_resilience,paper_lifeline_resilience_c000,,pending,,1,
0d6e34070f7301e2,relation,,0d6e34070f7301e2,paper_lifeline_resilience,paper_lifeline_resilience_c000,,pending,,1,
46e08844790d01bc,relation,,46e08844790d01bc,paper_lifeline_resilience,paper_lifeline_resilience_c000,,pending,,1,
9b8b5cf7f39d4e7d,relation,,9b8b5cf7f39d4e7d,paper_lifeline_resilience,paper_lifeline_resilience_c000,,pending,,1,
31559cfe7c9d453f,relation,,31559cfe7c9d453f,paper_lifeline_resilience,paper_lifeline_resilience_c000,,pending,,1,
fe3e8e2358b6b481,relation,,fe3e8e2358b6b481,paper_lifeline_resilience,paper_lifeline_resilience_c000,,pending,,1,
867d8ae8a9ece2bf,relation,,867d8ae8a9ece2bf,paper_lifeline_resilience,paper_lifeline_resilience_c000,,pending,,1,
83e85539004dafd8,relation,,83e85539004dafd8,paper_lifeline_resilience,paper_lifeline_resilience_c000,,pending,,1,
93cf77737b15d04e,relation,,93cf77737b15d04e,paper_myshake_network,paper_myshake_network_c000,,pending,,1,
3caf29cb4e3d14df,relation,,3caf29cb4e3d14df,paper_myshake_network,paper_myshake_network_c000,,pending,,1,
27e3576f3dfeab8b,relation,,27e3576f3dfeab8b,paper_myshake_network,paper_myshake_network_c000,,pending,,1,
91aaa9668e375170,relation,,91aaa9668e375170,paper_myshake_network,paper_myshake_network_c000,,pending,,1,
8335384d0c4f9d08,relation,,8335384d0c4f9d08,paper_myshake_network,paper_myshake_network_c000,,pending,,1,
7fa8b436a858b910,relation,,7fa8b436a858b910,paper_myshake_network,paper_myshake_network_c000,,pending,,1,
53c0692bf14266bb,relation,,53c0692bf14266bb,paper_myshake_network,paper_myshake_network_c000,,pending,,1,
e748b97d541964d3,relation,,e748b97d541964d3,paper_myshake_network,paper_myshake_network_c000,,pending,,1,
a380162c72b5b290,relation,,a380162c72b5b290,paper_myshake_network,paper_myshake_network_c000,,pending,,1,
142853868f272361,relation,,142853868f272361,paper_myshake_network,paper_myshake_network_c000,,pending,,1,
84e75c8fe83dcabf,relation,,84e75c8fe83dcabf,paper_myshake_network,paper_myshake_network_c000,,pending,,1,
ec7b6061376b9cbc,relation,,ec7b6061376b9cbc,paper_myshake_network,paper_myshake_network_c000,,pending,,1,
dba6b6090646f132,relation,,dba6b6090646f132,paper_myshake_network,paper_myshake_network_c000,,pending,,1,
431e3b949e86e21f,relation,,431e3b949e86e21f,paper_myshake_network,paper_myshake_network_c000,,pending,,1,
3db2ff199a6fa11f,relation,,3db2ff199a6fa11f,paper_myshake_network,paper_myshake_network_c000,,pending,,1,
159c3db9d0bc992a,relation,,159c3db9d0bc992a,paper_myshake_network,paper_myshake_network_c000,,pending,,1,
8afc5b1e4d90d24e,relation,,8afc5b1e4d90d24e,paper_myshake_network,paper_myshake_network_c000,,pending,,1,
d86fc9ec8e9e95ad,relation,,d86fc9ec8e9e95ad,paper_myshake_network,paper_myshake_network_c000,,pending,,1,
1f9feeadf9dd679a,relation,,1f9feeadf9dd679a,paper_myshake_network,paper_myshake_network_c000,,pending,,1,
2ce2fc2ea4fbceaf,relation,,2ce2fc2ea4fbceaf,paper_myshake_network,paper_myshake_network_c000,,pending,,1,
e5686d5319e448de,relation,,e5686d5319e448de,paper_myshake_network,paper_myshake_network_c000,,pending,,1,
34b01d5be04bcca9,relation,,34b01d5be04bcca9,paper_myshake_network,paper_myshake_network_c000,,pending,,1,
55a45e7e47410465,relation,,55a45e7e47410465,paper_seismic_risk_prediction,paper_seismic_risk_prediction_c000,,pending,,1,
f897d8a6b76edd5a,relation,,f897d8a6b76edd5a,paper_seismic_risk_prediction,paper_seismic_risk_prediction_c000,,pending,,1,
cd84b5e46b9712e2,relation,,cd84b5e46b9712e2,paper_seismic_risk_prediction,paper_seismic_risk_prediction_c000,,pending,,1,
a165b5a6bad18f8e,relation,,a165b5a6bad18f8e,paper_seismic_risk_prediction,paper_seismic_risk_prediction_c000,,pending,,1,
d52049e7e1db1a5d,relation,,d52049e7e1db1a5d,paper_seismic_risk_prediction,paper_seismic_risk_prediction_c000,,pending,,1,
74d8ba589c2b1acf,relation,,74d8ba589c2b1acf,paper_seismic_risk_prediction,paper_seismic_risk_prediction_c000,,pending,,1,
a457d2e30bca3e8b,relation,,a457d2e30bca3e8b,paper_seismic_risk_prediction,paper_seismic_risk_prediction_c000,,pending,,1,
691e614f8ea33177,relation,,691e614f8ea33177,paper_seismic_risk_prediction,paper_seismic_risk_prediction_c000,,pending,,1,
89f587bbe050c9a3,relation,,89f587bbe050c9a3,paper_seismic_risk_prediction,paper_seismic_risk_prediction_c000,,pending,,1,
3c869ef25b1f90e8,relation,,3c869ef25b1f90e8,paper_seismic_risk_prediction,paper_seismic_risk_prediction_c000,,pending,,1,
dd079cd974c93d43,relation,,dd079cd974c93d43,paper_seismic_risk_prediction,paper_seismic_risk_prediction_c000,,pending,,1,
6bb30901db8eb506,relation,,6bb30901db8eb506,paper_seismic_risk_prediction,paper_seismic_risk_prediction_c000,,pending,,1,
f41d76c478cedec5,relation,,f41d76c478cedec5,paper_seismic_risk_prediction,paper_seismic_risk_prediction_c000,,pending,,1,
2209c28929aa18e5,relation,,2209c28929aa18e5,paper_seismic_risk_prediction,paper_seismic_risk_prediction_c000,,pending,,1,
d9d378ba6bd3fc8d,relation,,d9d378ba6bd3fc8d,paper_seismic_risk_prediction,paper_seismic_risk_prediction_c000,,pending,,1,
205ca118a50d84c2,relation,,205ca118a50d84c2,paper_transfer_learning_damage,paper_transfer_learning_damage_c000,,pending,,1,
6e4c377af52acaa8,relation,,6e4c377af52acaa8,paper_transfer_learning_damage,paper_transfer_learning_damage_c000,,pending,,1,
38cff87ae974f9b3,relation,,38cff87ae974f9b3,paper_transfer_learning_damage,paper_transfer_learning_damage_c000,,pending,,1,
72d20b17bc3aa634,relation,,72d20b17bc3aa634,paper_transfer_learning_damage,paper_transfer_learning_damage_c000,,pending,,1,
f219bfe1de049aa4,relation,,f219bfe1de049aa4,paper_transfer_learning_damage,paper_transfer_learning_damage_c000,,pending,,1,
b0c2b8213d8440de,relation,,b0c2b8213d8440de,paper_transfer_learning_damage,paper_transfer_learning_damage_c000,,pending,,1,
58712bbef9818c7e,relation,,58712bbef9818c7e,paper_transfer_learning_damage,paper_transfer_learning_damage_c000,,pending,,1,
cb4b37429157ed05,relation,,cb4b37429157ed05,paper_transfer_learning_damage,paper_transfer_learning_damage_c000,,pending,,1,
80872b592176aa40,relation,,80872b592176aa40,paper_transfer_learning_damage,paper_transfer_learning_damage_c000,,pending,,1,
456d7ee0c2d53efa,relation,,456d7ee0c2d53efa,paper_transfer_learning_damage,paper_transfer_learning_damage_c000,,pending,,1,
440a9a6e0420619e,relation,,440a9a6e0420619e,paper_transfer_learning_damage,paper_transfer_learning_damage_c000,,pending,,1,
2c671da68d8e3176,relation,,2c671da68d8e3176,paper_transfer_learning_damage,paper_transfer_learning_damage_c000,,pending,,1,
218a3b705965cf20,relation,,218a3b705965cf20,paper_transfer_learning_damage,paper_transfer_learning_damage_c000,,pending,,1,
1cdd9bad1e6986fa,relation,,1cdd9bad1e6986fa,paper_transfer_learning_damage,paper_transfer_learning_damage_c000,,pending,,1,
234b284ac7aad1a1,relation,,234b284ac7aad1a1,paper_transfer_learning_damage,paper_transfer_learning_damage_c000,,pending,,1,
e96f5adcb8c2dd4b,relation,,e96f5adcb8c2dd4b,paper_xbd_damage_assessment,paper_xbd_damage_assessment_c000,,pending,,1,
a895949da84905df,relation,,a895949da84905df,paper_xbd_damage_assessment,paper_xbd_damage_assessment_c000,,pending,,1,
e98c6ed68f96ecdc,relation,,e98c6ed68f96ecdc,paper_xbd_damage_assessment,paper_xbd_damage_assessment_c000,,pending,,1,
c8054048ac3ecb1d,relation,,c8054048ac3ecb1d,paper_xbd_damage_assessment,paper_xbd_damage_assessment_c000,,pending,,1,
9bc02296fdefcc6e,relation,,9bc02296fdefcc6e,paper_xbd_damage_assessment,paper_xbd_damage_assessment_c000,,pending,,1,
5846848a88fd8609,relation,,5846848a88fd8609,paper_xbd_damage_assessment,paper_xbd_damage_assessment_c000,,pending,,1,
76e3c82b6cc23c0b,relation,,76e3c82b6cc23c0b,paper_xbd_damage_assessment,paper_xbd_damage_assessment_c000,,pending,,1,
6335b415f1d0dd7e,relation,,6335b415f1d0dd7e,paper_xbd_damage_assessment,paper_xbd_damage_assessment_c000,,pending,,1,
42b805c811c67158,relation,,42b805c811c67158,paper_xbd_damage_assessment,paper_xbd_damage_assessment_c000,,pending,,1,
f6932f73b72b2cde,relation,,f6932f73b72b2cde,paper_xbd_damage_assessment,paper_xbd_damage_assessment_c000,,pending,,1,
95c282348b6a8fbc,relation,,95c282348b6a8fbc,paper_xbd_damage_assessment,paper_xbd_damage_assessment_c000,,pending,,1,
6dd0f2426c2db860,relation,,6dd0f2426c2db860,paper_xbd_damage_assessment,paper_xbd_damage_assessment_c000,,pending,,1,
9e6972831552df3a,relation,,9e6972831552df3a,paper_xbd_damage_assessment,paper_xbd_damage_assessment_c000,,pending,,1,
22ca5ab8c1d6ec47,relation,,22ca5ab8c1d6ec47,paper_xbd_damage_assessment,paper_xbd_damage_assessment_c000,,pending,,1,
f20c5c4341fd7da7,relation,,f20c5c4341fd7da7,paper_xbd_damage_assessment,paper_xbd_damage_assessment_c000,,pending,,1,
a5bd8035db444cf2,relation,,a5bd8035db444cf2,patent_disaster_recovery_prediction,patent_disaster_recovery_prediction_c000,,pending,,1,
42fa684a189b7b8d,relation,,42fa684a189b7b8d,patent_disaster_recovery_prediction,patent_disaster_recovery_prediction_c000,,pending,,1,
1c35d7469c80615f,relation,,1c35d7469c80615f,patent_disaster_recovery_prediction,patent_disaster_recovery_prediction_c000,,pending,,1,
cd9db43bd6050d70,relation,,cd9db43bd6050d70,patent_disaster_recovery_prediction,patent_disaster_recovery_prediction_c000,,pending,,1,
445dc272168d9fca,relation,,445dc272168d9fca,patent_disaster_recovery_prediction,patent_disaster_recovery_prediction_c000,,pending,,1,
1d2ad6ff11f9fa94,relation,,1d2ad6ff11f9fa94,patent_disaster_recovery_prediction,patent_disaster_recovery_prediction_c000,,pending,,1,
0276b39fa889c41a,relation,,0276b39fa889c41a,patent_disaster_recovery_prediction,patent_disaster_recovery_prediction_c000,,pending,,1,
7cd9518024ee1c94,relation,,7cd9518024ee1c94,patent_disaster_recovery_prediction,patent_disaster_recovery_prediction_c000,,pending,,1,
e292fabccc9e712e,relation,,e292fabccc9e712e,patent_disaster_recovery_prediction,patent_disaster_recovery_prediction_c000,,pending,,1,
6007093c5fe5cecb,relation,,6007093c5fe5cecb,patent_disaster_recovery_prediction,patent_disaster_recovery_prediction_c000,,pending,,1,
d44a6e9a4e430699,relation,,d44a6e9a4e430699,patent_disaster_recovery_prediction,patent_disaster_recovery_prediction_c000,,pending,,1,
4cc73514b5d78ccd,relation,,4cc73514b5d78ccd,patent_disaster_recovery_prediction,patent_disaster_recovery_prediction_c000,,pending,,1,
d75b49982ee87358,relation,,d75b49982ee87358,patent_disaster_recovery_prediction,patent_disaster_recovery_prediction_c000,,pending,,1,
ac4e82b29bee3fca,relation,,ac4e82b29bee3fca,patent_disaster_recovery_prediction,patent_disaster_recovery_prediction_c000,,pending,,1,
29e26b97b60eed27,relation,,29e26b97b60eed27,patent_disaster_recovery_prediction,patent_disaster_recovery_prediction_c000,,pending,,1,
a513cf0a8bbea1cc,relation,,a513cf0a8bbea1cc,patent_earthquake_prediction_device,patent_earthquake_prediction_device_c000,,pending,,1,
d1fb17313d6cc9f6,relation,,d1fb17313d6cc9f6,patent_earthquake_prediction_device,patent_earthquake_prediction_device_c000,,pending,,1,
3e7d5892fd1f6afe,relation,,3e7d5892fd1f6afe,patent_earthquake_prediction_device,patent_earthquake_prediction_device_c000,,pending,,1,
0da2d21234a2a079,relation,,0da2d21234a2a079,patent_earthquake_prediction_device,patent_earthquake_prediction_device_c000,,pending,,1,
b5300a95ae37c6a8,relation,,b5300a95ae37c6a8,patent_earthquake_prediction_device,patent_earthquake_prediction_device_c000,,pending,,1,
c75453681ff4719d,relation,,c75453681ff4719d,patent_earthquake_prediction_device,patent_earthquake_prediction_device_c000,,pending,,1,
ae0b47f807d31bbc,relation,,ae0b47f807d31bbc,patent_earthquake_prediction_device,patent_earthquake_prediction_device_c000,,pending,,1,
056562f8e3946a7a,relation,,056562f8e3946a7a,patent_earthquake_prediction_device,patent_earthquake_prediction_device_c000,,pending,,1,
5f36b146a640ac17,relation,,5f36b146a640ac17,patent_earthquake_prediction_device,patent_earthquake_prediction_device_c000,,pending,,1,
6042307c0807fa07,relation,,6042307c0807fa07,patent_earthquake_prediction_device,patent_earthquake_prediction_device_c000,,pending,,1,
051200c6136aec31,relation,,051200c6136aec31,patent_earthquake_prediction_device,patent_earthquake_prediction_device_c000,,pending,,1,
1cff312b29b40d12,relation,,1cff312b29b40d12,patent_earthquake_prediction_device,patent_earthquake_prediction_device_c000,,pending,,1,
35d6ef76d8afa62c,relation,,35d6ef76d8afa62c,patent_earthquake_prediction_device,patent_earthquake_prediction_device_c000,,pending,,1,
11368dd1149ef856,relation,,11368dd1149ef856,patent_earthquake_prediction_device,patent_earthquake_prediction_device_c000,,pending,,1,
198fd865e30ce410,relation,,198fd865e30ce410,patent_earthquake_prediction_device,patent_earthquake_prediction_device_c000,,pending,,1,
f8ef4ac03df1acf4,relation,,f8ef4ac03df1acf4,patent_myshake_warning,patent_myshake_warning_c000,,pending,,1,
18508c2d0226aa56,relation,,18508c2d0226aa56,patent_myshake_warning,patent_myshake_warning_c000,,pending,,1,
18d7f70f72c73e4e,relation,,18d7f70f72c73e4e,patent_myshake_warning,patent_myshake_warning_c000,,pending,,1,
db847d4e1fa69272,relation,,db847d4e1fa69272,patent_myshake_warning,patent_myshake_warning_c000,,pending,,1,
83a5c655278baa00,relation,,83a5c655278baa00,patent_myshake_warning,patent_myshake_warning_c000,,pending,,1,
a6a0bf6a3ea0acaa,relation,,a6a0bf6a3ea0acaa,patent_myshake_warning,patent_myshake_warning_c000,,pending,,1,
ca0df15c9a818bf3,relation,,ca0df15c9a818bf3,patent_myshake_warning,patent_myshake_warning_c000,,pending,,1,
b93eba6cf1ad2e9b,relation,,b93eba6cf1ad2e9b,patent_myshake_warning,patent_myshake_warning_c000,,pending,,1,
4414eebe286c24c9,relation,,4414eebe286c24c9,patent_myshake_warning,patent_myshake_warning_c000,,pending,,1,
27effacb8c957717,relation,,27effacb8c957717,patent_myshake_warning,patent_myshake_warning_c000,,pending,,1,
45922a9ce5c82c34,relation,,45922a9ce5c82c34,patent_myshake_warning,patent_myshake_warning_c000,,pending,,1,
34a0cb189a239001,relation,,34a0cb189a239001,patent_myshake_warning,patent_myshake_warning_c000,,pending,,1,
ff1f624bc630cb3e,relation,,ff1f624bc630cb3e,patent_myshake_warning,patent_myshake_warning_c000,,pending,,1,
0d45c06e2ba64f5d,relation,,0d45c06e2ba64f5d,patent_myshake_warning,patent_myshake_warning_c000,,pending,,1,
39f70aa6c5f40765,relation,,39f70aa6c5f40765,patent_myshake_warning,patent_myshake_warning_c000,,pending,,1,
603c4053f39c77a9,relation,,603c4053f39c77a9,patent_myshake_warning,patent_myshake_warning_c000,,pending,,1,
d47563233be6ff23,relation,,d47563233be6ff23,patent_myshake_warning,patent_myshake_warning_c000,,pending,,1,
e681c906bcd0d556,relation,,e681c906bcd0d556,patent_myshake_warning,patent_myshake_warning_c000,,pending,,1,
328e0ac8bc8636fd,relation,,328e0ac8bc8636fd,patent_myshake_warning,patent_myshake_warning_c000,,pending,,1,
964de6962d9cc9bc,relation,,964de6962d9cc9bc,patent_myshake_warning,patent_myshake_warning_c000,,pending,,1,
00c741f4b40c3593,relation,,00c741f4b40c3593,patent_predictive_emergency_analytics,patent_predictive_emergency_analytics_c000,,pending,,1,
09beb85e95fe17aa,relation,,09beb85e95fe17aa,patent_predictive_emergency_analytics,patent_predictive_emergency_analytics_c000,,pending,,1,
2a92b93359d38d0d,relation,,2a92b93359d38d0d,patent_predictive_emergency_analytics,patent_predictive_emergency_analytics_c000,,pending,,1,
39579a0e0f23048f,relation,,39579a0e0f23048f,patent_predictive_emergency_analytics,patent_predictive_emergency_analytics_c000,,pending,,1,
cdda9b9713c92040,relation,,cdda9b9713c92040,patent_predictive_emergency_analytics,patent_predictive_emergency_analytics_c000,,pending,,1,
7e75e91db04ef759,relation,,7e75e91db04ef759,patent_predictive_emergency_analytics,patent_predictive_emergency_analytics_c000,,pending,,1,
667845ca8d24bd09,relation,,667845ca8d24bd09,patent_predictive_emergency_analytics,patent_predictive_emergency_analytics_c000,,pending,,1,
7cd89826d1e2b698,relation,,7cd89826d1e2b698,patent_predictive_emergency_analytics,patent_predictive_emergency_analytics_c000,,pending,,1,
3504829c56ec6ee0,relation,,3504829c56ec6ee0,patent_predictive_emergency_analytics,patent_predictive_emergency_analytics_c000,,pending,,1,
319419a1584e882c,relation,,319419a1584e882c,patent_predictive_emergency_analytics,patent_predictive_emergency_analytics_c000,,pending,,1,
7f0e798b74ef4f7a,relation,,7f0e798b74ef4f7a,patent_predictive_emergency_analytics,patent_predictive_emergency_analytics_c000,,pending,,1,
b2b6ffd2ca7c539a,relation,,b2b6ffd2ca7c539a,patent_predictive_emergency_analytics,patent_predictive_emergency_analytics_c000,,pending,,1,
2e562687127952b7,relation,,2e562687127952b7,patent_predictive_emergency_analytics,patent_predictive_emergency_analytics_c000,,pending,,1,
4512416fa84cea63,relation,,4512416fa84cea63,patent_predictive_emergency_analytics,patent_predictive_emergency_analytics_c000,,pending,,1,
68f8e0cc67ebcc48,relation,,68f8e0cc67ebcc48,patent_predictive_emergency_analytics,patent_predictive_emergency_analytics_c000,,pending,,1,
2efb0da36a089187,relation,,2efb0da36a089187,patent_structural_damage_predictor,patent_structural_damage_predictor_c000,,pending,,1,
3955620c316d9836,relation,,3955620c316d9836,patent_structural_damage_predictor,patent_structural_damage_predictor_c000,,pending,,1,
6836329b18c27b32,relation,,6836329b18c27b32,patent_structural_damage_predictor,patent_structural_damage_predictor_c000,,pending,,1,
3919e8cb0070b614,relation,,3919e8cb0070b614,patent_structural_damage_predictor,patent_structural_damage_predictor_c000,,pending,,1,
c1f9a2e367d11017,relation,,c1f9a2e367d11017,patent_structural_damage_predictor,patent_structural_damage_predictor_c000,,pending,,1,
60448606100b795a,relation,,60448606100b795a,patent_structural_damage_predictor,patent_structural_damage_predictor_c000,,pending,,1,
576a3cffe579fa7e,relation,,576a3cffe579fa7e,patent_structural_damage_predictor,patent_structural_damage_predictor_c000,,pending,,1,
2ccc5fac205ee1ff,relation,,2ccc5fac205ee1ff,patent_structural_damage_predictor,patent_structural_damage_predictor_c000,,pending,,1,
9aab11aa48142cd9,relation,,9aab11aa48142cd9,patent_structural_damage_predictor,patent_structural_damage_predictor_c000,,pending,,1,
fc4d2e822506c557,relation,,fc4d2e822506c557,patent_structural_damage_predictor,patent_structural_damage_predictor_c000,,pending,,1,
ad00791a23bc0f6c,relation,,ad00791a23bc0f6c,patent_structural_damage_predictor,patent_structural_damage_predictor_c000,,pending,,1,
4bc01b04635043f2,relation,,4bc01b04635043f2,patent_structural_damage_predictor,patent_structural_damage_predictor_c000,,pending,,1,
c1665553fa7eb66a,relation,,c1665553fa7eb66a,patent_structural_damage_predictor,patent_structural_damage_predictor_c000,,pending,,1,
b14e99bcf445f886,relation,,b14e99bcf445f886,patent_structural_damage_predictor,patent_structural_damage_predictor_c000,,pending,,1,
261e211614d14cc8,relation,,261e211614d14cc8,patent_structural_damage_predictor,patent_structural_damage_predictor_c000,,pending,,1,
cbcc50214824143c,relation,,cbcc50214824143c,patent_tw_earthquake_ai,patent_tw_earthquake_ai_c000,,pending,,1,
7932354ada5e62d7,relation,,7932354ada5e62d7,patent_tw_earthquake_ai,patent_tw_earthquake_ai_c000,,pending,,1,
7f6649913605003c,relation,,7f6649913605003c,patent_tw_earthquake_ai,patent_tw_earthquake_ai_c000,,pending,,1,
5439e6e5d1169895,relation,,5439e6e5d1169895,patent_tw_earthquake_ai,patent_tw_earthquake_ai_c000,,pending,,1,
d7cc3018c72dc446,relation,,d7cc3018c72dc446,patent_tw_earthquake_ai,patent_tw_earthquake_ai_c000,,pending,,1,
7864ea0dddcb5e92,relation,,7864ea0dddcb5e92,patent_tw_earthquake_ai,patent_tw_earthquake_ai_c000,,pending,,1,
a752d8f68693cc9d,relation,,a752d8f68693cc9d,patent_tw_earthquake_ai,patent_tw_earthquake_ai_c000,,pending,,1,
6ef8e14d834aa09c,relation,,6ef8e14d834aa09c,patent_tw_earthquake_ai,patent_tw_earthquake_ai_c000,,pending,,1,
387f3c077c291767,relation,,387f3c077c291767,patent_tw_earthquake_ai,patent_tw_earthquake_ai_c000,,pending,,1,
96cfb2b87f323c62,relation,,96cfb2b87f323c62,patent_tw_earthquake_ai,patent_tw_earthquake_ai_c000,,pending,,1,
eb38cbb090b3170e,relation,,eb38cbb090b3170e,patent_tw_earthquake_ai,patent_tw_earthquake_ai_c000,,pending,,1,
4cc4a102a03bf702,relation,,4cc4a102a03bf702,patent_tw_earthquake_ai,patent_tw_earthquake_ai_c000,,pending,,1,
85d14398b76659a0,relation,,85d14398b76659a0,patent_tw_earthquake_ai,patent_tw_earthquake_ai_c000,,pending,,1,
8b1b11a4c3941b2e,relation,,8b1b11a4c3941b2e,patent_tw_earthquake_ai,patent_tw_earthquake_ai_c000,,pending,,1,
4b6065aa942ddf27,relation,,4b6065aa942ddf27,patent_tw_earthquake_ai,patent_tw_earthquake_ai_c000,,pending,,1,
de165a6be6a2e31f,relation,,de165a6be6a2e31f,patent_tw_earthquake_ai,patent_tw_earthquake_ai_c000,,pending,,1,
1328a03fec4ec883,relation,,1328a03fec4ec883,patent_tw_earthquake_ai,patent_tw_earthquake_ai_c000,,pending,,1,
ec2611b917421ba6,relation,,ec2611b917421ba6,patent_tw_earthquake_ai,patent_tw_earthquake_ai_c000,,pending,,1,
532de0a355067a65,relation,,532de0a355067a65,patent_tw_earthquake_ai,patent_tw_earthquake_ai_c000,,pending,,1,
2930fce4a24c3c21,relation,,2930fce4a24c3c21,patent_tw_earthquake_ai,patent_tw_earthquake_ai_c000,,pending,,1,
866947943e13feec,relation,,866947943e13feec,patent_tw_earthquake_warning,patent_tw_earthquake_warning_c000,,pending,,1,
422d66cd87327080,relation,,422d66cd87327080,patent_tw_earthquake_warning,patent_tw_earthquake_warning_c000,,pending,,1,
5bc589201df0fa27,relation,,5bc589201df0fa27,patent_tw_earthquake_warning,patent_tw_earthquake_warning_c000,,pending,,1,
e4fb7ac85cf15b4d,relation,,e4fb7ac85cf15b4d,patent_tw_earthquake_warning,patent_tw_earthquake_warning_c000,,pending,,1,
9eb88ce8fe9f7878,relation,,9eb88ce8fe9f7878,patent_tw_earthquake_warning,patent_tw_earthquake_warning_c000,,pending,,1,
119dd199773b431f,relation,,119dd199773b431f,patent_tw_earthquake_warning,patent_tw_earthquake_warning_c000,,pending,,1,
17bd015ab8fdd497,relation,,17bd015ab8fdd497,patent_tw_earthquake_warning,patent_tw_earthquake_warning_c000,,pending,,1,
6b1b9379bbaacc30,relation,,6b1b9379bbaacc30,patent_tw_earthquake_warning,patent_tw_earthquake_warning_c000,,pending,,1,
51f604ea6d8dc5e8,relation,,51f604ea6d8dc5e8,patent_tw_earthquake_warning,patent_tw_earthquake_warning_c000,,pending,,1,
9cf6e2212e232491,relation,,9cf6e2212e232491,patent_tw_earthquake_warning,patent_tw_earthquake_warning_c000,,pending,,1,
35265c66e32590ff,relation,,35265c66e32590ff,patent_tw_earthquake_warning,patent_tw_earthquake_warning_c000,,pending,,1,
49e1c6bf5c151307,relation,,49e1c6bf5c151307,patent_tw_earthquake_warning,patent_tw_earthquake_warning_c000,,pending,,1,
f38237325945cc82,relation,,f38237325945cc82,patent_tw_earthquake_warning,patent_tw_earthquake_warning_c000,,pending,,1,
2e98b471c5dbfe93,relation,,2e98b471c5dbfe93,patent_tw_earthquake_warning,patent_tw_earthquake_warning_c000,,pending,,1,
cc6bdd9bae7fe587,relation,,cc6bdd9bae7fe587,patent_tw_earthquake_warning,patent_tw_earthquake_warning_c000,,pending,,1,
4372c8b119311ac1,relation,,4372c8b119311ac1,patent_tw_earthquake_warning,patent_tw_earthquake_warning_c000,,pending,,1,
e7b5e3ccb7b636c1,relation,,e7b5e3ccb7b636c1,patent_tw_earthquake_warning,patent_tw_earthquake_warning_c000,,pending,,1,
69b4f485a2f9338f,relation,,69b4f485a2f9338f,patent_tw_earthquake_warning,patent_tw_earthquake_warning_c000,,pending,,1,
c33bf5d317bd461d,relation,,c33bf5d317bd461d,patent_tw_earthquake_warning,patent_tw_earthquake_warning_c000,,pending,,1,
ea1071becf0e1498,relation,,ea1071becf0e1498,patent_tw_earthquake_warning,patent_tw_earthquake_warning_c000,,pending,,1,
94154eafbcb94bc2,relation,,94154eafbcb94bc2,policy_ai_governance_response,policy_ai_governance_response_c000,,pending,,1,
7f9d914eed8d9887,relation,,7f9d914eed8d9887,policy_ai_governance_response,policy_ai_governance_response_c000,,pending,,1,
cb869e9eb64fc7ce,relation,,cb869e9eb64fc7ce,policy_ai_governance_response,policy_ai_governance_response_c000,,pending,,1,
be38110ccdad9217,relation,,be38110ccdad9217,policy_ai_governance_response,policy_ai_governance_response_c000,,pending,,1,
7767538a2eb199c6,relation,,7767538a2eb199c6,policy_ai_governance_response,policy_ai_governance_response_c000,,pending,,1,
2e7317adbe64d727,relation,,2e7317adbe64d727,policy_ai_governance_response,policy_ai_governance_response_c000,,pending,,1,
97ee7743eb9af6c5,relation,,97ee7743eb9af6c5,policy_ai_governance_response,policy_ai_governance_response_c000,,pending,,1,
576e6d07d2e4c59d,relation,,576e6d07d2e4c59d,policy_ai_governance_response,policy_ai_governance_response_c000,,pending,,1,
c30b5692d5a6b0ae,relation,,c30b5692d5a6b0ae,policy_ai_governance_response,policy_ai_governance_response_c000,,pending,,1,
7bb0fe0d0893426c,relation,,7bb0fe0d0893426c,policy_china_14th_drr_plan,policy_china_14th_drr_plan_c000,,pending,,1,
c97d7eb555c8279f,relation,,c97d7eb555c8279f,policy_china_14th_drr_plan,policy_china_14th_drr_plan_c000,,pending,,1,
347012d2d729a1d8,relation,,347012d2d729a1d8,policy_china_14th_drr_plan,policy_china_14th_drr_plan_c000,,pending,,1,
ed86310c65a27b96,relation,,ed86310c65a27b96,policy_china_14th_drr_plan,policy_china_14th_drr_plan_c000,,pending,,1,
9f7db2a1ef12cfcc,relation,,9f7db2a1ef12cfcc,policy_china_14th_drr_plan,policy_china_14th_drr_plan_c000,,pending,,1,
c5fc6a1c5da5113d,relation,,c5fc6a1c5da5113d,policy_china_14th_drr_plan,policy_china_14th_drr_plan_c000,,pending,,1,
4e1037156efd9565,relation,,4e1037156efd9565,policy_china_14th_drr_plan,policy_china_14th_drr_plan_c000,,pending,,1,
a2d4c8d25c392569,relation,,a2d4c8d25c392569,policy_china_14th_drr_plan,policy_china_14th_drr_plan_c000,,pending,,1,
bb4cfc8494d4912f,relation,,bb4cfc8494d4912f,policy_china_14th_drr_plan,policy_china_14th_drr_plan_c000,,pending,,1,
90948099269f50a5,relation,,90948099269f50a5,policy_china_14th_drr_plan,policy_china_14th_drr_plan_c000,,pending,,1,
d7e3a4c0f363bfe8,relation,,d7e3a4c0f363bfe8,policy_china_14th_drr_plan,policy_china_14th_drr_plan_c000,,pending,,1,
bb1fffd8f814e6ee,relation,,bb1fffd8f814e6ee,policy_china_14th_drr_plan,policy_china_14th_drr_plan_c000,,pending,,1,
648bfc90e88372aa,relation,,648bfc90e88372aa,policy_china_14th_drr_plan,policy_china_14th_drr_plan_c000,,pending,,1,
fce8eb265c489829,relation,,fce8eb265c489829,policy_china_14th_drr_plan,policy_china_14th_drr_plan_c000,,pending,,1,
42ae2ae4caa6b396,relation,,42ae2ae4caa6b396,policy_china_14th_drr_plan,policy_china_14th_drr_plan_c000,,pending,,1,
f438f6acc1524484,relation,,f438f6acc1524484,policy_china_earthquake_plan,policy_china_earthquake_plan_c000,,pending,,1,
54c625b4dc82c879,relation,,54c625b4dc82c879,policy_china_earthquake_plan,policy_china_earthquake_plan_c000,,pending,,1,
d3eba40006abe1f3,relation,,d3eba40006abe1f3,policy_china_earthquake_plan,policy_china_earthquake_plan_c000,,pending,,1,
97e62aa3974cdea2,relation,,97e62aa3974cdea2,policy_china_earthquake_plan,policy_china_earthquake_plan_c000,,pending,,1,
56a311363005b004,relation,,56a311363005b004,policy_china_earthquake_plan,policy_china_earthquake_plan_c000,,pending,,1,
a083ae99d33c5bde,relation,,a083ae99d33c5bde,policy_china_earthquake_plan,policy_china_earthquake_plan_c000,,pending,,1,
1acb6312d1a107f6,relation,,1acb6312d1a107f6,policy_china_earthquake_plan,policy_china_earthquake_plan_c000,,pending,,1,
27bea1d4347be476,relation,,27bea1d4347be476,policy_china_earthquake_plan,policy_china_earthquake_plan_c000,,pending,,1,
2c47a14fee3dddaf,relation,,2c47a14fee3dddaf,policy_china_earthquake_plan,policy_china_earthquake_plan_c000,,pending,,1,
d91aa7ffd22dfead,relation,,d91aa7ffd22dfead,policy_china_earthquake_plan,policy_china_earthquake_plan_c000,,pending,,1,
223e14abbaf7d33c,relation,,223e14abbaf7d33c,policy_china_earthquake_plan,policy_china_earthquake_plan_c000,,pending,,1,
821e5955aecf6337,relation,,821e5955aecf6337,policy_china_earthquake_plan,policy_china_earthquake_plan_c000,,pending,,1,
2dacbdb41690654f,relation,,2dacbdb41690654f,policy_china_earthquake_plan,policy_china_earthquake_plan_c000,,pending,,1,
a5b1a270c60400a7,relation,,a5b1a270c60400a7,policy_china_earthquake_plan,policy_china_earthquake_plan_c000,,pending,,1,
c85e207859f8e9a7,relation,,c85e207859f8e9a7,policy_china_earthquake_plan,policy_china_earthquake_plan_c000,,pending,,1,
4f65b020e1789d5f,relation,,4f65b020e1789d5f,policy_fema_nims,policy_fema_nims_c000,,pending,,1,
f01cd5598d0d17ab,relation,,f01cd5598d0d17ab,policy_fema_nims,policy_fema_nims_c000,,pending,,1,
138f4aac0db365a2,relation,,138f4aac0db365a2,policy_fema_nims,policy_fema_nims_c000,,pending,,1,
af5dc12c9c196fdc,relation,,af5dc12c9c196fdc,policy_fema_nims,policy_fema_nims_c000,,pending,,1,
3c4e4cf5d0311204,relation,,3c4e4cf5d0311204,policy_fema_nims,policy_fema_nims_c000,,pending,,1,
75fcf3e532908e56,relation,,75fcf3e532908e56,policy_fema_nims,policy_fema_nims_c000,,pending,,1,
f4ab7bda0e36a901,relation,,f4ab7bda0e36a901,policy_fema_nims,policy_fema_nims_c000,,pending,,1,
92cf0a0205d7e647,relation,,92cf0a0205d7e647,policy_fema_nims,policy_fema_nims_c000,,pending,,1,
ff773d94db20cf49,relation,,ff773d94db20cf49,policy_fema_nims,policy_fema_nims_c000,,pending,,1,
bc89d4e7725a26d8,relation,,bc89d4e7725a26d8,policy_fema_nims,policy_fema_nims_c000,,pending,,1,
c0d33a9dad17c33c,relation,,c0d33a9dad17c33c,policy_fema_nims,policy_fema_nims_c000,,pending,,1,
550bddee90eec844,relation,,550bddee90eec844,policy_fema_nims,policy_fema_nims_c000,,pending,,1,
f0b8264425558a24,relation,,f0b8264425558a24,policy_fema_nims,policy_fema_nims_c000,,pending,,1,
723b3d274f5ce85a,relation,,723b3d274f5ce85a,policy_fema_nims,policy_fema_nims_c000,,pending,,1,
01d0d2b5ee4b5464,relation,,01d0d2b5ee4b5464,policy_fema_nims,policy_fema_nims_c000,,pending,,1,
1a86ed34fbd0b817,relation,,1a86ed34fbd0b817,policy_japan_disaster_plan,policy_japan_disaster_plan_c000,,pending,,1,
77e8a3545d7cf999,relation,,77e8a3545d7cf999,policy_japan_disaster_plan,policy_japan_disaster_plan_c000,,pending,,1,
48be7ed204daa3b5,relation,,48be7ed204daa3b5,policy_japan_disaster_plan,policy_japan_disaster_plan_c000,,pending,,1,
8af27b6b8e433c5d,relation,,8af27b6b8e433c5d,policy_japan_disaster_plan,policy_japan_disaster_plan_c000,,pending,,1,
adf1afdd1920d408,relation,,adf1afdd1920d408,policy_japan_disaster_plan,policy_japan_disaster_plan_c000,,pending,,1,
0be2e93ad7b294e9,relation,,0be2e93ad7b294e9,policy_japan_disaster_plan,policy_japan_disaster_plan_c000,,pending,,1,
d8e05c6ec4a962d0,relation,,d8e05c6ec4a962d0,policy_japan_disaster_plan,policy_japan_disaster_plan_c000,,pending,,1,
2eacee9a16308b10,relation,,2eacee9a16308b10,policy_japan_disaster_plan,policy_japan_disaster_plan_c000,,pending,,1,
1bf592396cc37ef3,relation,,1bf592396cc37ef3,policy_japan_disaster_plan,policy_japan_disaster_plan_c000,,pending,,1,
4b672e01186ed4f8,relation,,4b672e01186ed4f8,policy_japan_disaster_plan,policy_japan_disaster_plan_c000,,pending,,1,
238227721c7045e9,relation,,238227721c7045e9,policy_japan_disaster_plan,policy_japan_disaster_plan_c000,,pending,,1,
38325ec8ee822867,relation,,38325ec8ee822867,policy_japan_disaster_plan,policy_japan_disaster_plan_c000,,pending,,1,
12d13a32b6ee37ff,relation,,12d13a32b6ee37ff,policy_japan_disaster_plan,policy_japan_disaster_plan_c000,,pending,,1,
060ab02fb1540936,relation,,060ab02fb1540936,policy_japan_disaster_plan,policy_japan_disaster_plan_c000,,pending,,1,
8151e460cb121e0f,relation,,8151e460cb121e0f,policy_japan_disaster_plan,policy_japan_disaster_plan_c000,,pending,,1,
ad8cb7124530c9da,relation,,ad8cb7124530c9da,policy_japan_disaster_plan,policy_japan_disaster_plan_c000,,pending,,1,
d6e05d670c2f1637,relation,,d6e05d670c2f1637,policy_japan_disaster_plan,policy_japan_disaster_plan_c000,,pending,,1,
13a8c80e1c71ddeb,relation,,13a8c80e1c71ddeb,policy_japan_disaster_plan,policy_japan_disaster_plan_c000,,pending,,1,
e37b1c54e5b61242,relation,,e37b1c54e5b61242,policy_japan_disaster_plan,policy_japan_disaster_plan_c000,,pending,,1,
ae15325f6201e38e,relation,,ae15325f6201e38e,policy_japan_disaster_plan,policy_japan_disaster_plan_c000,,pending,,1,
022e864d32d02051,relation,,022e864d32d02051,policy_sendai_framework_earthquake,policy_sendai_framework_earthquake_c000,,pending,,1,
b019c700bb6ddfa8,relation,,b019c700bb6ddfa8,policy_sendai_framework_earthquake,policy_sendai_framework_earthquake_c000,,pending,,1,
1824220a10d789c2,relation,,1824220a10d789c2,policy_sendai_framework_earthquake,policy_sendai_framework_earthquake_c000,,pending,,1,
960a02d947414bcc,relation,,960a02d947414bcc,policy_sendai_framework_earthquake,policy_sendai_framework_earthquake_c000,,pending,,1,
c8c1d78bfadc2dab,relation,,c8c1d78bfadc2dab,policy_sendai_framework_earthquake,policy_sendai_framework_earthquake_c000,,pending,,1,
dfa6aa303421847f,relation,,dfa6aa303421847f,policy_sendai_framework_earthquake,policy_sendai_framework_earthquake_c000,,pending,,1,
9d3302448cd7fcaf,relation,,9d3302448cd7fcaf,policy_sendai_framework_earthquake,policy_sendai_framework_earthquake_c000,,pending,,1,
2f2de12ded883647,relation,,2f2de12ded883647,policy_sendai_framework_earthquake,policy_sendai_framework_earthquake_c000,,pending,,1,
fefb86ddfb9dcbd1,relation,,fefb86ddfb9dcbd1,policy_us_mitigation_framework,policy_us_mitigation_framework_c000,,pending,,1,
757bfc02f25631a0,relation,,757bfc02f25631a0,policy_us_mitigation_framework,policy_us_mitigation_framework_c000,,pending,,1,
3f6e5f93e234a40a,relation,,3f6e5f93e234a40a,policy_us_mitigation_framework,policy_us_mitigation_framework_c000,,pending,,1,
5b903cf3e0922ec7,relation,,5b903cf3e0922ec7,policy_us_mitigation_framework,policy_us_mitigation_framework_c000,,pending,,1,
d6d1c9ed5cf7e4db,relation,,d6d1c9ed5cf7e4db,policy_us_mitigation_framework,policy_us_mitigation_framework_c000,,pending,,1,
c4a3d513aa41cd76,relation,,c4a3d513aa41cd76,policy_us_mitigation_framework,policy_us_mitigation_framework_c000,,pending,,1,
e257655a828218d8,relation,,e257655a828218d8,policy_us_mitigation_framework,policy_us_mitigation_framework_c000,,pending,,1,
9665564ec78e6d1d,relation,,9665564ec78e6d1d,policy_us_mitigation_framework,policy_us_mitigation_framework_c000,,pending,,1,
68d8acd494076bba,relation,,68d8acd494076bba,policy_us_mitigation_framework,policy_us_mitigation_framework_c000,,pending,,1,
5096a1917d2b07ac,relation,,5096a1917d2b07ac,policy_us_mitigation_framework,policy_us_mitigation_framework_c000,,pending,,1,
a60a8867ad1a8ebd,relation,,a60a8867ad1a8ebd,policy_us_mitigation_framework,policy_us_mitigation_framework_c000,,pending,,1,
af68c66153742e8c,relation,,af68c66153742e8c,policy_us_mitigation_framework,policy_us_mitigation_framework_c000,,pending,,1,
1927e504668e5080,relation,,1927e504668e5080,policy_us_mitigation_framework,policy_us_mitigation_framework_c000,,pending,,1,
8b80e38859c045ed,relation,,8b80e38859c045ed,policy_us_mitigation_framework,policy_us_mitigation_framework_c000,,pending,,1,
8744411bb3b97678,relation,,8744411bb3b97678,policy_us_mitigation_framework,policy_us_mitigation_framework_c000,,pending,,1,
43a1a6980e583462,relation,,43a1a6980e583462,project_fema_hazus,project_fema_hazus_c000,,pending,,1,
6ba371a0114559b0,relation,,6ba371a0114559b0,project_fema_hazus,project_fema_hazus_c000,,pending,,1,
bd469f1191626452,relation,,bd469f1191626452,project_fema_hazus,project_fema_hazus_c000,,pending,,1,
8f1e11ac47398257,relation,,8f1e11ac47398257,project_fema_hazus,project_fema_hazus_c000,,pending,,1,
1066613de11f8b1e,relation,,1066613de11f8b1e,project_fema_hazus,project_fema_hazus_c000,,pending,,1,
29ea1ea1c2f39540,relation,,29ea1ea1c2f39540,project_fema_hazus,project_fema_hazus_c000,,pending,,1,
dc3ff40bbdd709b7,relation,,dc3ff40bbdd709b7,project_fema_hazus,project_fema_hazus_c000,,pending,,1,
05b846c5f33f766e,relation,,05b846c5f33f766e,project_fema_hazus,project_fema_hazus_c000,,pending,,1,
78999bd9c691a802,relation,,78999bd9c691a802,project_fema_hazus,project_fema_hazus_c000,,pending,,1,
2cb60d30eb1e57ae,relation,,2cb60d30eb1e57ae,project_fema_hazus,project_fema_hazus_c000,,pending,,1,
cd544cc0a6d725dc,relation,,cd544cc0a6d725dc,project_fema_hazus,project_fema_hazus_c000,,pending,,1,
781690b09c090311,relation,,781690b09c090311,project_fema_hazus,project_fema_hazus_c000,,pending,,1,
dc11b5e2a97d4f1c,relation,,dc11b5e2a97d4f1c,project_fema_hazus,project_fema_hazus_c000,,pending,,1,
757b12291eca2a98,relation,,757b12291eca2a98,project_fema_hazus,project_fema_hazus_c000,,pending,,1,
ecf4407085011b44,relation,,ecf4407085011b44,project_fema_hazus,project_fema_hazus_c000,,pending,,1,
b73e71192395cf71,relation,,b73e71192395cf71,project_fema_hazus,project_fema_hazus_c000,,pending,,1,
f9f3c8f1ad062c78,relation,,f9f3c8f1ad062c78,project_fema_hazus,project_fema_hazus_c000,,pending,,1,
1f860f84178b146c,relation,,1f860f84178b146c,project_hot_osm_earthquake,project_hot_osm_earthquake_c000,,pending,,1,
3541edb3e46dd399,relation,,3541edb3e46dd399,project_hot_osm_earthquake,project_hot_osm_earthquake_c000,,pending,,1,
f68cf70b8befb68c,relation,,f68cf70b8befb68c,project_hot_osm_earthquake,project_hot_osm_earthquake_c000,,pending,,1,
0fc9cec8d77c9fb7,relation,,0fc9cec8d77c9fb7,project_hot_osm_earthquake,project_hot_osm_earthquake_c000,,pending,,1,
5e287df5c06d1c9e,relation,,5e287df5c06d1c9e,project_hot_osm_earthquake,project_hot_osm_earthquake_c000,,pending,,1,
cee94d1a119dea43,relation,,cee94d1a119dea43,project_hot_osm_earthquake,project_hot_osm_earthquake_c000,,pending,,1,
20030eb485ccb92f,relation,,20030eb485ccb92f,project_hot_osm_earthquake,project_hot_osm_earthquake_c000,,pending,,1,
6ecf716f210efe77,relation,,6ecf716f210efe77,project_hot_osm_earthquake,project_hot_osm_earthquake_c000,,pending,,1,
9e0b17de5c06e826,relation,,9e0b17de5c06e826,project_hot_osm_earthquake,project_hot_osm_earthquake_c000,,pending,,1,
e58ff532ca075848,relation,,e58ff532ca075848,project_hot_osm_earthquake,project_hot_osm_earthquake_c000,,pending,,1,
d51b82beee23cb72,relation,,d51b82beee23cb72,project_hot_osm_earthquake,project_hot_osm_earthquake_c000,,pending,,1,
e28ac22e5d2e7d0e,relation,,e28ac22e5d2e7d0e,project_hot_osm_earthquake,project_hot_osm_earthquake_c000,,pending,,1,
b40863ef8ca5004c,relation,,b40863ef8ca5004c,project_hot_osm_earthquake,project_hot_osm_earthquake_c000,,pending,,1,
8432f8618d5b4adc,relation,,8432f8618d5b4adc,project_hot_osm_earthquake,project_hot_osm_earthquake_c000,,pending,,1,
caba682a8d9b1db1,relation,,caba682a8d9b1db1,project_hot_osm_earthquake,project_hot_osm_earthquake_c000,,pending,,1,
3147f979a7bf0d22,relation,,3147f979a7bf0d22,project_myshake,project_myshake_c000,,pending,,1,
0dd19d2a2365f1a5,relation,,0dd19d2a2365f1a5,project_myshake,project_myshake_c000,,pending,,1,
a170b47508bc1cac,relation,,a170b47508bc1cac,project_myshake,project_myshake_c000,,pending,,1,
62e6b486130c7867,relation,,62e6b486130c7867,project_myshake,project_myshake_c000,,pending,,1,
ee65349cccba9ff4,relation,,ee65349cccba9ff4,project_myshake,project_myshake_c000,,pending,,1,
8424516e9a6b5614,relation,,8424516e9a6b5614,project_myshake,project_myshake_c000,,pending,,1,
d67315305644120c,relation,,d67315305644120c,project_myshake,project_myshake_c000,,pending,,1,
8ccbbc513187311d,relation,,8ccbbc513187311d,project_myshake,project_myshake_c000,,pending,,1,
1f6600e741074997,relation,,1f6600e741074997,project_myshake,project_myshake_c000,,pending,,1,
e06522ea39e5aa40,relation,,e06522ea39e5aa40,project_myshake,project_myshake_c000,,pending,,1,
2a010a4dbdfd4156,relation,,2a010a4dbdfd4156,project_myshake,project_myshake_c000,,pending,,1,
545517be1a4fc60f,relation,,545517be1a4fc60f,project_myshake,project_myshake_c000,,pending,,1,
ed2217faa0f496b7,relation,,ed2217faa0f496b7,project_myshake,project_myshake_c000,,pending,,1,
4b1b49c3084fbc13,relation,,4b1b49c3084fbc13,project_myshake,project_myshake_c000,,pending,,1,
e24847fe68831408,relation,,e24847fe68831408,project_myshake,project_myshake_c000,,pending,,1,
7d86a2bd068e24b3,relation,,7d86a2bd068e24b3,project_myshake,project_myshake_c000,,pending,,1,
51ce5c3848dd17a8,relation,,51ce5c3848dd17a8,project_myshake,project_myshake_c000,,pending,,1,
91173a8981b8251f,relation,,91173a8981b8251f,project_myshake,project_myshake_c000,,pending,,1,
835262048770b1e0,relation,,835262048770b1e0,project_myshake,project_myshake_c000,,pending,,1,
92f07b70c5c7ec66,relation,,92f07b70c5c7ec66,project_myshake,project_myshake_c000,,pending,,1,
b815b8249829a95b,relation,,b815b8249829a95b,project_myshake,project_myshake_c000,,pending,,1,
f59d792a3270ea7e,relation,,f59d792a3270ea7e,project_myshake,project_myshake_c000,,pending,,1,
c7bc30292041e0f1,relation,,c7bc30292041e0f1,project_nasa_earthquake_response,project_nasa_earthquake_response_c000,,pending,,1,
960679fa62fd1b08,relation,,960679fa62fd1b08,project_nasa_earthquake_response,project_nasa_earthquake_response_c000,,pending,,1,
ab68ddf351efc756,relation,,ab68ddf351efc756,project_nasa_earthquake_response,project_nasa_earthquake_response_c000,,pending,,1,
fd74e7e3d03838af,relation,,fd74e7e3d03838af,project_nasa_earthquake_response,project_nasa_earthquake_response_c000,,pending,,1,
8d4bd0c9625279e4,relation,,8d4bd0c9625279e4,project_nasa_earthquake_response,project_nasa_earthquake_response_c000,,pending,,1,
855e29689ff7b7c7,relation,,855e29689ff7b7c7,project_nasa_earthquake_response,project_nasa_earthquake_response_c000,,pending,,1,
e15751a5500d3092,relation,,e15751a5500d3092,project_nasa_earthquake_response,project_nasa_earthquake_response_c000,,pending,,1,
08f94cf566812214,relation,,08f94cf566812214,project_nasa_earthquake_response,project_nasa_earthquake_response_c000,,pending,,1,
d6c9b3a3cccccd80,relation,,d6c9b3a3cccccd80,project_nasa_earthquake_response,project_nasa_earthquake_response_c000,,pending,,1,
6e6ed45915a7e24a,relation,,6e6ed45915a7e24a,project_nasa_earthquake_response,project_nasa_earthquake_response_c000,,pending,,1,
dc4cb530fc3f3177,relation,,dc4cb530fc3f3177,project_nasa_earthquake_response,project_nasa_earthquake_response_c000,,pending,,1,
7d2542d55e2c36bb,relation,,7d2542d55e2c36bb,project_nasa_earthquake_response,project_nasa_earthquake_response_c000,,pending,,1,
8cf2803bc98f9337,relation,,8cf2803bc98f9337,project_nasa_earthquake_response,project_nasa_earthquake_response_c000,,pending,,1,
f17ff2064f778f81,relation,,f17ff2064f778f81,project_nasa_earthquake_response,project_nasa_earthquake_response_c000,,pending,,1,
ea8e0f577b45d966,relation,,ea8e0f577b45d966,project_nasa_earthquake_response,project_nasa_earthquake_response_c000,,pending,,1,
4a93cc17c58d40ea,relation,,4a93cc17c58d40ea,project_openquake,project_openquake_c000,,pending,,1,
36917590ba824792,relation,,36917590ba824792,project_openquake,project_openquake_c000,,pending,,1,
9c0d5ba0164c1c5f,relation,,9c0d5ba0164c1c5f,project_openquake,project_openquake_c000,,pending,,1,
7c807647fa4b25f8,relation,,7c807647fa4b25f8,project_openquake,project_openquake_c000,,pending,,1,
06ee7434d256a790,relation,,06ee7434d256a790,project_openquake,project_openquake_c000,,pending,,1,
c5275bbc35df1a24,relation,,c5275bbc35df1a24,project_openquake,project_openquake_c000,,pending,,1,
b55390a8c6fbbae4,relation,,b55390a8c6fbbae4,project_openquake,project_openquake_c000,,pending,,1,
0b4c98a048e7c8c3,relation,,0b4c98a048e7c8c3,project_openquake,project_openquake_c000,,pending,,1,
5409ea761870b255,relation,,5409ea761870b255,project_openquake,project_openquake_c000,,pending,,1,
7b744dbbd1c14645,relation,,7b744dbbd1c14645,project_openquake,project_openquake_c000,,pending,,1,
868f5b30a291fcce,relation,,868f5b30a291fcce,project_openquake,project_openquake_c000,,pending,,1,
4c88cab0efa06eb2,relation,,4c88cab0efa06eb2,project_openquake,project_openquake_c000,,pending,,1,
390aecda50b268a2,relation,,390aecda50b268a2,project_openquake,project_openquake_c000,,pending,,1,
b6135fc949b5ff3e,relation,,b6135fc949b5ff3e,project_openquake,project_openquake_c000,,pending,,1,
4f0393a6e7939086,relation,,4f0393a6e7939086,project_openquake,project_openquake_c000,,pending,,1,
e11cfd05dcc863d6,relation,,e11cfd05dcc863d6,project_shakealert,project_shakealert_c000,,pending,,1,
7c06fa64e79f6d7f,relation,,7c06fa64e79f6d7f,project_shakealert,project_shakealert_c000,,pending,,1,
f945c75e90a0eb32,relation,,f945c75e90a0eb32,project_shakealert,project_shakealert_c000,,pending,,1,
5bc7aabfbc0caf96,relation,,5bc7aabfbc0caf96,project_shakealert,project_shakealert_c000,,pending,,1,
811c302c514ab7f5,relation,,811c302c514ab7f5,project_shakealert,project_shakealert_c000,,pending,,1,
59f96f888de7daaa,relation,,59f96f888de7daaa,project_shakealert,project_shakealert_c000,,pending,,1,
19ae7cf4155a648a,relation,,19ae7cf4155a648a,project_shakealert,project_shakealert_c000,,pending,,1,
61926834020b3ad1,relation,,61926834020b3ad1,project_shakealert,project_shakealert_c000,,pending,,1,
c12db2dccf13fd0e,relation,,c12db2dccf13fd0e,project_shakealert,project_shakealert_c000,,pending,,1,
86804fbede8c6580,relation,,86804fbede8c6580,project_shakealert,project_shakealert_c000,,pending,,1,
35105e0ffd116fb2,relation,,35105e0ffd116fb2,project_shakealert,project_shakealert_c000,,pending,,1,
07f3e021ec44a719,relation,,07f3e021ec44a719,project_shakealert,project_shakealert_c000,,pending,,1,
72d608aff24b9057,relation,,72d608aff24b9057,project_shakealert,project_shakealert_c000,,pending,,1,
090b2d24d6efe7ec,relation,,090b2d24d6efe7ec,project_shakealert,project_shakealert_c000,,pending,,1,
cb8db7ba13588910,relation,,cb8db7ba13588910,project_shakealert,project_shakealert_c000,,pending,,1,
780542031270d94d,relation,,780542031270d94d,project_shakealert,project_shakealert_c000,,pending,,1,
52e2bb06c6ae5408,relation,,52e2bb06c6ae5408,project_shakealert,project_shakealert_c000,,pending,,1,
08150ac004de88d4,relation,,08150ac004de88d4,project_shakealert,project_shakealert_c000,,pending,,1,
812d9f40cc038624,relation,,812d9f40cc038624,project_shakealert,project_shakealert_c000,,pending,,1,
ae4a10ec46e25bee,relation,,ae4a10ec46e25bee,project_shakealert,project_shakealert_c000,,pending,,1,
a8903381e92efc56,relation,,a8903381e92efc56,project_xview2_earthquake,project_xview2_earthquake_c000,,pending,,1,
2753fa20bcc1c94c,relation,,2753fa20bcc1c94c,project_xview2_earthquake,project_xview2_earthquake_c000,,pending,,1,
594542cd2b15fd2b,relation,,594542cd2b15fd2b,project_xview2_earthquake,project_xview2_earthquake_c000,,pending,,1,
3abaafc3cbab6bc8,relation,,3abaafc3cbab6bc8,project_xview2_earthquake,project_xview2_earthquake_c000,,pending,,1,
ad161580acf1f470,relation,,ad161580acf1f470,project_xview2_earthquake,project_xview2_earthquake_c000,,pending,,1,
d984ac6641d565ea,relation,,d984ac6641d565ea,project_xview2_earthquake,project_xview2_earthquake_c000,,pending,,1,
76733cf0ebeeee85,relation,,76733cf0ebeeee85,project_xview2_earthquake,project_xview2_earthquake_c000,,pending,,1,
c94df9e4ba663267,relation,,c94df9e4ba663267,project_xview2_earthquake,project_xview2_earthquake_c000,,pending,,1,
2a1d3ff8b35dd948,relation,,2a1d3ff8b35dd948,project_xview2_earthquake,project_xview2_earthquake_c000,,pending,,1,
d3f782b7b3464bfb,relation,,d3f782b7b3464bfb,project_xview2_earthquake,project_xview2_earthquake_c000,,pending,,1,
cd24cf64a209b319,relation,,cd24cf64a209b319,project_xview2_earthquake,project_xview2_earthquake_c000,,pending,,1,
e9767c4760881d74,relation,,e9767c4760881d74,project_xview2_earthquake,project_xview2_earthquake_c000,,pending,,1,
13ef0e7f697c8e3a,relation,,13ef0e7f697c8e3a,project_xview2_earthquake,project_xview2_earthquake_c000,,pending,,1,
647b598770748697,relation,,647b598770748697,project_xview2_earthquake,project_xview2_earthquake_c000,,pending,,1,
f15a534241ce2e78,relation,,f15a534241ce2e78,project_xview2_earthquake,project_xview2_earthquake_c000,,pending,,1,
0a5165543eace490,relation,,0a5165543eace490,report_cdri_giri,report_cdri_giri_c000,,pending,,1,
864ef23d3b1af029,relation,,864ef23d3b1af029,report_cdri_giri,report_cdri_giri_c000,,pending,,1,
935d4175f63b0d24,relation,,935d4175f63b0d24,report_cdri_giri,report_cdri_giri_c000,,pending,,1,
81568173991d24cd,relation,,81568173991d24cd,report_cdri_giri,report_cdri_giri_c000,,pending,,1,
8a3310bd576024f1,relation,,8a3310bd576024f1,report_cdri_giri,report_cdri_giri_c000,,pending,,1,
489bb40d175a53d9,relation,,489bb40d175a53d9,report_cdri_giri,report_cdri_giri_c000,,pending,,1,
36ce6cc700d61065,relation,,36ce6cc700d61065,report_cdri_giri,report_cdri_giri_c000,,pending,,1,
76087c156773d52d,relation,,76087c156773d52d,report_cdri_giri,report_cdri_giri_c000,,pending,,1,
9887a23ee037ab88,relation,,9887a23ee037ab88,report_cdri_giri,report_cdri_giri_c000,,pending,,1,
d08b8814c046735b,relation,,d08b8814c046735b,report_cdri_giri,report_cdri_giri_c000,,pending,,1,
619632ecf7156a7b,relation,,619632ecf7156a7b,report_cdri_giri,report_cdri_giri_c000,,pending,,1,
fadcc00d2cfad45d,relation,,fadcc00d2cfad45d,report_cdri_giri,report_cdri_giri_c000,,pending,,1,
04f6c7ca4aad5e4e,relation,,04f6c7ca4aad5e4e,report_cdri_giri,report_cdri_giri_c000,,pending,,1,
b56a955f58e81b51,relation,,b56a955f58e81b51,report_cdri_giri,report_cdri_giri_c000,,pending,,1,
38800034c93659b9,relation,,38800034c93659b9,report_cdri_giri,report_cdri_giri_c000,,pending,,1,
76ab57b4cbd3ac0c,relation,,76ab57b4cbd3ac0c,report_fema_building_codes,report_fema_building_codes_c000,,pending,,1,
c7a5cd3c72cd46bb,relation,,c7a5cd3c72cd46bb,report_fema_building_codes,report_fema_building_codes_c000,,pending,,1,
45ae4dafb4b2489f,relation,,45ae4dafb4b2489f,report_fema_building_codes,report_fema_building_codes_c000,,pending,,1,
f60e4640cfd735b0,relation,,f60e4640cfd735b0,report_fema_building_codes,report_fema_building_codes_c000,,pending,,1,
48264d38b7ef81b3,relation,,48264d38b7ef81b3,report_fema_building_codes,report_fema_building_codes_c000,,pending,,1,
e2497722c874411a,relation,,e2497722c874411a,report_fema_building_codes,report_fema_building_codes_c000,,pending,,1,
40df486dfdf0a063,relation,,40df486dfdf0a063,report_fema_building_codes,report_fema_building_codes_c000,,pending,,1,
2b1c249037e62c6a,relation,,2b1c249037e62c6a,report_fema_building_codes,report_fema_building_codes_c000,,pending,,1,
fdf50062a10ae3dd,relation,,fdf50062a10ae3dd,report_fema_building_codes,report_fema_building_codes_c000,,pending,,1,
c84098ee50894a39,relation,,c84098ee50894a39,report_fema_building_codes,report_fema_building_codes_c000,,pending,,1,
1ceb1d958655ef24,relation,,1ceb1d958655ef24,report_fema_building_codes,report_fema_building_codes_c000,,pending,,1,
4276fad20d9303b2,relation,,4276fad20d9303b2,report_fema_building_codes,report_fema_building_codes_c000,,pending,,1,
b015a67def826aad,relation,,b015a67def826aad,report_fema_building_codes,report_fema_building_codes_c000,,pending,,1,
a1d52d989e05914a,relation,,a1d52d989e05914a,report_fema_building_codes,report_fema_building_codes_c000,,pending,,1,
56c43a97a6f6bde7,relation,,56c43a97a6f6bde7,report_fema_building_codes,report_fema_building_codes_c000,,pending,,1,
ea436877ba796f80,relation,,ea436877ba796f80,report_gfdrr_ml_drm,report_gfdrr_ml_drm_c000,,pending,,1,
49b2407cac606ca9,relation,,49b2407cac606ca9,report_gfdrr_ml_drm,report_gfdrr_ml_drm_c000,,pending,,1,
1f3f1f6a8f110261,relation,,1f3f1f6a8f110261,report_gfdrr_ml_drm,report_gfdrr_ml_drm_c000,,pending,,1,
10460a44e13fe341,relation,,10460a44e13fe341,report_gfdrr_ml_drm,report_gfdrr_ml_drm_c000,,pending,,1,
9390ccb9261042d8,relation,,9390ccb9261042d8,report_gfdrr_ml_drm,report_gfdrr_ml_drm_c000,,pending,,1,
d550ed70120a180b,relation,,d550ed70120a180b,report_gfdrr_ml_drm,report_gfdrr_ml_drm_c000,,pending,,1,
f4e1212aaca86065,relation,,f4e1212aaca86065,report_gfdrr_ml_drm,report_gfdrr_ml_drm_c000,,pending,,1,
7b270ea338e504b3,relation,,7b270ea338e504b3,report_gfdrr_ml_drm,report_gfdrr_ml_drm_c000,,pending,,1,
5147a4821d14d3e2,relation,,5147a4821d14d3e2,report_gfdrr_ml_drm,report_gfdrr_ml_drm_c000,,pending,,1,
ab3ef3f9c02a417f,relation,,ab3ef3f9c02a417f,report_gfdrr_ml_drm,report_gfdrr_ml_drm_c000,,pending,,1,
8bd4b3271882181b,relation,,8bd4b3271882181b,report_gfdrr_ml_drm,report_gfdrr_ml_drm_c000,,pending,,1,
ab1e06d0cd2041cc,relation,,ab1e06d0cd2041cc,report_gfdrr_ml_drm,report_gfdrr_ml_drm_c000,,pending,,1,
35db59c04596ee2d,relation,,35db59c04596ee2d,report_gfdrr_ml_drm,report_gfdrr_ml_drm_c000,,pending,,1,
7d7a2d1c16c5c5f8,relation,,7d7a2d1c16c5c5f8,report_gfdrr_ml_drm,report_gfdrr_ml_drm_c000,,pending,,1,
8173ed3151b3e5e4,relation,,8173ed3151b3e5e4,report_gfdrr_ml_drm,report_gfdrr_ml_drm_c000,,pending,,1,
b7783a13eb412d0c,relation,,b7783a13eb412d0c,report_gfdrr_responsible_ai,report_gfdrr_responsible_ai_c000,,pending,,1,
e4415c0578f0e5e2,relation,,e4415c0578f0e5e2,report_gfdrr_responsible_ai,report_gfdrr_responsible_ai_c000,,pending,,1,
300d7588b060213c,relation,,300d7588b060213c,report_gfdrr_responsible_ai,report_gfdrr_responsible_ai_c000,,pending,,1,
5e23f34d958c6511,relation,,5e23f34d958c6511,report_gfdrr_responsible_ai,report_gfdrr_responsible_ai_c000,,pending,,1,
d4b6d9a1394f46da,relation,,d4b6d9a1394f46da,report_gfdrr_responsible_ai,report_gfdrr_responsible_ai_c000,,pending,,1,
cf17489596b08da8,relation,,cf17489596b08da8,report_gfdrr_responsible_ai,report_gfdrr_responsible_ai_c000,,pending,,1,
01b3b2fd4c21dcdf,relation,,01b3b2fd4c21dcdf,report_gfdrr_responsible_ai,report_gfdrr_responsible_ai_c000,,pending,,1,
9a136e7601f424cb,relation,,9a136e7601f424cb,report_gfdrr_responsible_ai,report_gfdrr_responsible_ai_c000,,pending,,1,
5e4b64bfceebb9de,relation,,5e4b64bfceebb9de,report_gfdrr_responsible_ai,report_gfdrr_responsible_ai_c000,,pending,,1,
ee963d0072b94951,relation,,ee963d0072b94951,report_gfdrr_responsible_ai,report_gfdrr_responsible_ai_c000,,pending,,1,
f4d08d1cb1a5fbb2,relation,,f4d08d1cb1a5fbb2,report_gfdrr_responsible_ai,report_gfdrr_responsible_ai_c000,,pending,,1,
3693c4be8566a419,relation,,3693c4be8566a419,report_gfdrr_responsible_ai,report_gfdrr_responsible_ai_c000,,pending,,1,
3571aa71bb36be77,relation,,3571aa71bb36be77,report_gfdrr_responsible_ai,report_gfdrr_responsible_ai_c000,,pending,,1,
702db93841d355a3,relation,,702db93841d355a3,report_gfdrr_responsible_ai,report_gfdrr_responsible_ai_c000,,pending,,1,
8f3ccd731910d2fb,relation,,8f3ccd731910d2fb,report_gfdrr_responsible_ai,report_gfdrr_responsible_ai_c000,,pending,,1,
8cbc8d031157b8fc,relation,,8cbc8d031157b8fc,report_gfdrr_responsible_ai,report_gfdrr_responsible_ai_c000,,pending,,1,
9deca8b9fbe4c5bd,relation,,9deca8b9fbe4c5bd,report_gfdrr_responsible_ai,report_gfdrr_responsible_ai_c000,,pending,,1,
a8d1ed35a7d17090,relation,,a8d1ed35a7d17090,report_jrc_ai_drm,report_jrc_ai_drm_c000,,pending,,1,
3da67d62561a7b01,relation,,3da67d62561a7b01,report_jrc_ai_drm,report_jrc_ai_drm_c000,,pending,,1,
cf178eb9430cb50c,relation,,cf178eb9430cb50c,report_jrc_ai_drm,report_jrc_ai_drm_c000,,pending,,1,
29f137be45fd19a5,relation,,29f137be45fd19a5,report_jrc_ai_drm,report_jrc_ai_drm_c000,,pending,,1,
3d039fb08129423c,relation,,3d039fb08129423c,report_jrc_ai_drm,report_jrc_ai_drm_c000,,pending,,1,
38a048a28c17cf43,relation,,38a048a28c17cf43,report_jrc_ai_drm,report_jrc_ai_drm_c000,,pending,,1,
7aca1e1f587af54c,relation,,7aca1e1f587af54c,report_jrc_ai_drm,report_jrc_ai_drm_c000,,pending,,1,
56e8ac34f4329b77,relation,,56e8ac34f4329b77,report_jrc_ai_drm,report_jrc_ai_drm_c000,,pending,,1,
20028cc939542c74,relation,,20028cc939542c74,report_undrr_gar2025,report_undrr_gar2025_c000,,pending,,1,
ae485d039ccf4299,relation,,ae485d039ccf4299,report_undrr_gar2025,report_undrr_gar2025_c000,,pending,,1,
f10b0a0c3a10f01f,relation,,f10b0a0c3a10f01f,report_undrr_gar2025,report_undrr_gar2025_c000,,pending,,1,
65b3225e9eec9be7,relation,,65b3225e9eec9be7,report_undrr_gar2025,report_undrr_gar2025_c000,,pending,,1,
16d9df2093a33656,relation,,16d9df2093a33656,report_undrr_gar2025,report_undrr_gar2025_c000,,pending,,1,
ea293153d2c8ccf3,relation,,ea293153d2c8ccf3,report_undrr_gar2025,report_undrr_gar2025_c000,,pending,,1,
7b174d383c980f3c,relation,,7b174d383c980f3c,report_undrr_gar2025,report_undrr_gar2025_c000,,pending,,1,
4ad6dd2830ecdcc5,relation,,4ad6dd2830ecdcc5,report_undrr_gar2025,report_undrr_gar2025_c000,,pending,,1,
ca3699337862784e,relation,,ca3699337862784e,report_undrr_gar2025,report_undrr_gar2025_c000,,pending,,1,
e7cb5083a74a78f6,relation,,e7cb5083a74a78f6,report_undrr_gar2025,report_undrr_gar2025_c000,,pending,,1,
b4cc57e1b559e25b,relation,,b4cc57e1b559e25b,report_undrr_gar2025,report_undrr_gar2025_c000,,pending,,1,
89bcdfa0f5b52b69,relation,,89bcdfa0f5b52b69,report_undrr_gar2025,report_undrr_gar2025_c000,,pending,,1,
1924557343b4f493,relation,,1924557343b4f493,report_undrr_gar2025,report_undrr_gar2025_c000,,pending,,1,
4b5f1a6b16474709,relation,,4b5f1a6b16474709,report_undrr_gar2025,report_undrr_gar2025_c000,,pending,,1,
3e003ade5440b394,relation,,3e003ade5440b394,report_undrr_gar2025,report_undrr_gar2025_c000,,pending,,1,
3b01caf23b794238,relation,,3b01caf23b794238,report_worldbank_lifelines,report_worldbank_lifelines_c000,,pending,,1,
e5d9223e1de6c62b,relation,,e5d9223e1de6c62b,report_worldbank_lifelines,report_worldbank_lifelines_c000,,pending,,1,
ed6ef2aab94eed5f,relation,,ed6ef2aab94eed5f,report_worldbank_lifelines,report_worldbank_lifelines_c000,,pending,,1,
24f9a2743a8289ff,relation,,24f9a2743a8289ff,report_worldbank_lifelines,report_worldbank_lifelines_c000,,pending,,1,
d9901fa60d5fac2c,relation,,d9901fa60d5fac2c,report_worldbank_lifelines,report_worldbank_lifelines_c000,,pending,,1,
19dad1a818c7676f,relation,,19dad1a818c7676f,report_worldbank_lifelines,report_worldbank_lifelines_c000,,pending,,1,
5a0641ed905b06ad,relation,,5a0641ed905b06ad,report_worldbank_lifelines,report_worldbank_lifelines_c000,,pending,,1,
c7ae93737763bc0c,relation,,c7ae93737763bc0c,report_worldbank_lifelines,report_worldbank_lifelines_c000,,pending,,1,
96c1e111f1833615,relation,,96c1e111f1833615,report_worldbank_lifelines,report_worldbank_lifelines_c000,,pending,,1,
bdf04b6f3904178f,relation,,bdf04b6f3904178f,report_worldbank_lifelines,report_worldbank_lifelines_c000,,pending,,1,
9b1e9a6677f1ba10,relation,,9b1e9a6677f1ba10,report_worldbank_lifelines,report_worldbank_lifelines_c000,,pending,,1,
c004a9e74c777026,relation,,c004a9e74c777026,report_worldbank_lifelines,report_worldbank_lifelines_c000,,pending,,1,
3185855dba1c2bba,relation,,3185855dba1c2bba,report_worldbank_lifelines,report_worldbank_lifelines_c000,,pending,,1,
548a98462b2cde42,relation,,548a98462b2cde42,report_worldbank_lifelines,report_worldbank_lifelines_c000,,pending,,1,
313cb781bf081ac0,relation,,313cb781bf081ac0,report_worldbank_lifelines,report_worldbank_lifelines_c000,,pending,,1,
c2e4d39afd09af4d,relation,,c2e4d39afd09af4d,report_worldbank_lifelines,report_worldbank_lifelines_c000,,pending,,1,
c52a7b3fac6d0a3d,relation,,c52a7b3fac6d0a3d,report_worldbank_lifelines,report_worldbank_lifelines_c000,,pending,,1,
7c6b4e2046b79094,relation,,7c6b4e2046b79094,standard_iso_22320_incident_management,standard_iso_22320_incident_management_c000,,pending,,1,
10fa9675602ec499,relation,,10fa9675602ec499,standard_iso_22320_incident_management,standard_iso_22320_incident_management_c000,,pending,,1,
9b89b8bad5b79f3a,relation,,9b89b8bad5b79f3a,standard_iso_22320_incident_management,standard_iso_22320_incident_management_c000,,pending,,1,
6b936fa8d88c8c71,relation,,6b936fa8d88c8c71,standard_iso_22320_incident_management,standard_iso_22320_incident_management_c000,,pending,,1,
076468a880904305,relation,,076468a880904305,standard_iso_22320_incident_management,standard_iso_22320_incident_management_c000,,pending,,1,
144c13ffded4637c,relation,,144c13ffded4637c,standard_iso_22320_incident_management,standard_iso_22320_incident_management_c000,,pending,,1,
298372184b1befd5,relation,,298372184b1befd5,standard_iso_22320_incident_management,standard_iso_22320_incident_management_c000,,pending,,1,
c6b1f1fad357e27d,relation,,c6b1f1fad357e27d,standard_iso_22320_incident_management,standard_iso_22320_incident_management_c000,,pending,,1,
55bd22704abf4341,relation,,55bd22704abf4341,standard_iso_22320_incident_management,standard_iso_22320_incident_management_c000,,pending,,1,
81d4dd2a7d603122,relation,,81d4dd2a7d603122,standard_iso_22320_incident_management,standard_iso_22320_incident_management_c000,,pending,,1,
8179d45d1581bb23,relation,,8179d45d1581bb23,standard_iso_22320_incident_management,standard_iso_22320_incident_management_c000,,pending,,1,
0025b5d79f0d6ba9,relation,,0025b5d79f0d6ba9,standard_iso_22320_incident_management,standard_iso_22320_incident_management_c000,,pending,,1,
9bf022e8a98b37db,relation,,9bf022e8a98b37db,standard_iso_22320_incident_management,standard_iso_22320_incident_management_c000,,pending,,1,
07a320c4cef0f117,relation,,07a320c4cef0f117,standard_iso_22320_incident_management,standard_iso_22320_incident_management_c000,,pending,,1,
72e6d8bc8f672875,relation,,72e6d8bc8f672875,standard_iso_22320_incident_management,standard_iso_22320_incident_management_c000,,pending,,1,
216095bd8455ca5c,relation,,216095bd8455ca5c,standard_iso_22320_incident_management,standard_iso_22320_incident_management_c000,,pending,,1,
404a4d79b996b78e,relation,,404a4d79b996b78e,standard_iso_22322_public_warning,standard_iso_22322_public_warning_c000,,pending,,1,
6070a987e40e8927,relation,,6070a987e40e8927,standard_iso_22322_public_warning,standard_iso_22322_public_warning_c000,,pending,,1,
73e5d4e1948366e0,relation,,73e5d4e1948366e0,standard_iso_22322_public_warning,standard_iso_22322_public_warning_c000,,pending,,1,
97c1562da4bfe46e,relation,,97c1562da4bfe46e,standard_iso_22322_public_warning,standard_iso_22322_public_warning_c000,,pending,,1,
403ffb22986b1ac7,relation,,403ffb22986b1ac7,standard_iso_22322_public_warning,standard_iso_22322_public_warning_c000,,pending,,1,
3a0c32d06915459c,relation,,3a0c32d06915459c,standard_iso_22322_public_warning,standard_iso_22322_public_warning_c000,,pending,,1,
2abffa2f427bd70d,relation,,2abffa2f427bd70d,standard_iso_22322_public_warning,standard_iso_22322_public_warning_c000,,pending,,1,
aaf75a16c0f6f57a,relation,,aaf75a16c0f6f57a,standard_iso_22322_public_warning,standard_iso_22322_public_warning_c000,,pending,,1,
2106adf849a5a2a4,relation,,2106adf849a5a2a4,standard_iso_22322_public_warning,standard_iso_22322_public_warning_c000,,pending,,1,
c9350f6a79ad8236,relation,,c9350f6a79ad8236,standard_iso_22322_public_warning,standard_iso_22322_public_warning_c000,,pending,,1,
3d75cfecafff942c,relation,,3d75cfecafff942c,standard_iso_22322_public_warning,standard_iso_22322_public_warning_c000,,pending,,1,
e4b575b8f97538b4,relation,,e4b575b8f97538b4,standard_iso_22322_public_warning,standard_iso_22322_public_warning_c000,,pending,,1,
90184cc2aff0384d,relation,,90184cc2aff0384d,standard_iso_22322_public_warning,standard_iso_22322_public_warning_c000,,pending,,1,
e0483e37ccb40eae,relation,,e0483e37ccb40eae,standard_iso_22322_public_warning,standard_iso_22322_public_warning_c000,,pending,,1,
0a053bdfbe45bcf9,relation,,0a053bdfbe45bcf9,standard_iso_22322_public_warning,standard_iso_22322_public_warning_c000,,pending,,1,
8d01c60634476ad7,relation,,8d01c60634476ad7,standard_iso_22322_public_warning,standard_iso_22322_public_warning_c000,,pending,,1,
633724e0f585940e,relation,,633724e0f585940e,standard_iso_22322_public_warning,standard_iso_22322_public_warning_c000,,pending,,1,
5fbdb16c59325463,relation,,5fbdb16c59325463,standard_iso_22322_public_warning,standard_iso_22322_public_warning_c000,,pending,,1,
ae616351a69ae8b6,relation,,ae616351a69ae8b6,standard_iso_22322_public_warning,standard_iso_22322_public_warning_c000,,pending,,1,
07457fe0d8bea329,relation,,07457fe0d8bea329,standard_iso_22322_public_warning,standard_iso_22322_public_warning_c000,,pending,,1,
bdf68d7ca11adb13,relation,,bdf68d7ca11adb13,standard_iso_22324_colour_alerts,standard_iso_22324_colour_alerts_c000,,pending,,1,
a01a1245acf63b0d,relation,,a01a1245acf63b0d,standard_iso_22324_colour_alerts,standard_iso_22324_colour_alerts_c000,,pending,,1,
d092ca43d31b4a42,relation,,d092ca43d31b4a42,standard_iso_22324_colour_alerts,standard_iso_22324_colour_alerts_c000,,pending,,1,
fdc7198d628257a7,relation,,fdc7198d628257a7,standard_iso_22324_colour_alerts,standard_iso_22324_colour_alerts_c000,,pending,,1,
d4dc1142810358e5,relation,,d4dc1142810358e5,standard_iso_22324_colour_alerts,standard_iso_22324_colour_alerts_c000,,pending,,1,
c4a39322b3b8fe5b,relation,,c4a39322b3b8fe5b,standard_iso_22324_colour_alerts,standard_iso_22324_colour_alerts_c000,,pending,,1,
0a23ce9763e3c247,relation,,0a23ce9763e3c247,standard_iso_22324_colour_alerts,standard_iso_22324_colour_alerts_c000,,pending,,1,
b5ac77197e651ee3,relation,,b5ac77197e651ee3,standard_iso_22324_colour_alerts,standard_iso_22324_colour_alerts_c000,,pending,,1,
099670a893c78a86,relation,,099670a893c78a86,standard_iso_22324_colour_alerts,standard_iso_22324_colour_alerts_c000,,pending,,1,
a724838fe2f15068,relation,,a724838fe2f15068,standard_iso_22324_colour_alerts,standard_iso_22324_colour_alerts_c000,,pending,,1,
3a9bfc8ac6876601,relation,,3a9bfc8ac6876601,standard_iso_22324_colour_alerts,standard_iso_22324_colour_alerts_c000,,pending,,1,
396f7738796a5f11,relation,,396f7738796a5f11,standard_iso_22324_colour_alerts,standard_iso_22324_colour_alerts_c000,,pending,,1,
627bead48830fc53,relation,,627bead48830fc53,standard_iso_22324_colour_alerts,standard_iso_22324_colour_alerts_c000,,pending,,1,
a226edef6ee95618,relation,,a226edef6ee95618,standard_iso_22324_colour_alerts,standard_iso_22324_colour_alerts_c000,,pending,,1,
f333b7e3116c02b3,relation,,f333b7e3116c02b3,standard_iso_22324_colour_alerts,standard_iso_22324_colour_alerts_c000,,pending,,1,
9834b7e32160ef4a,relation,,9834b7e32160ef4a,standard_iso_22324_colour_alerts,standard_iso_22324_colour_alerts_c000,,pending,,1,
4a2797516758f422,relation,,4a2797516758f422,standard_iso_22324_colour_alerts,standard_iso_22324_colour_alerts_c000,,pending,,1,
f1af4398a8b613ae,relation,,f1af4398a8b613ae,standard_iso_22324_colour_alerts,standard_iso_22324_colour_alerts_c000,,pending,,1,
f75cf582a75cc45f,relation,,f75cf582a75cc45f,standard_iso_22324_colour_alerts,standard_iso_22324_colour_alerts_c000,,pending,,1,
5d95532db59ad4d6,relation,,5d95532db59ad4d6,standard_iso_22324_colour_alerts,standard_iso_22324_colour_alerts_c000,,pending,,1,
90a3bb03440c5303,relation,,90a3bb03440c5303,standard_iso_31000_risk,standard_iso_31000_risk_c000,,pending,,1,
a668f5c505523372,relation,,a668f5c505523372,standard_iso_31000_risk,standard_iso_31000_risk_c000,,pending,,1,
25fb8c9bdceb261d,relation,,25fb8c9bdceb261d,standard_iso_31000_risk,standard_iso_31000_risk_c000,,pending,,1,
5efd3207ca264621,relation,,5efd3207ca264621,standard_iso_31000_risk,standard_iso_31000_risk_c000,,pending,,1,
c223dafb86e1e735,relation,,c223dafb86e1e735,standard_iso_31000_risk,standard_iso_31000_risk_c000,,pending,,1,
b533a1107b69a622,relation,,b533a1107b69a622,standard_iso_31000_risk,standard_iso_31000_risk_c000,,pending,,1,
e13b64ec1b8e4c85,relation,,e13b64ec1b8e4c85,standard_iso_31000_risk,standard_iso_31000_risk_c000,,pending,,1,
b86cdcc8d050898c,relation,,b86cdcc8d050898c,standard_iso_31000_risk,standard_iso_31000_risk_c000,,pending,,1,
d6e3e186dd78d8cf,relation,,d6e3e186dd78d8cf,standard_iso_31000_risk,standard_iso_31000_risk_c000,,pending,,1,
548dd3911086f19a,relation,,548dd3911086f19a,standard_iso_31000_risk,standard_iso_31000_risk_c000,,pending,,1,
1b71bf9e0adfebbe,relation,,1b71bf9e0adfebbe,standard_iso_31000_risk,standard_iso_31000_risk_c000,,pending,,1,
96aa0f640256fdd6,relation,,96aa0f640256fdd6,standard_iso_31000_risk,standard_iso_31000_risk_c000,,pending,,1,
8fa6ac59fd2e6b93,relation,,8fa6ac59fd2e6b93,standard_iso_31000_risk,standard_iso_31000_risk_c000,,pending,,1,
a5398c1d70b35c37,relation,,a5398c1d70b35c37,standard_iso_31000_risk,standard_iso_31000_risk_c000,,pending,,1,
20778e8fe7158b22,relation,,20778e8fe7158b22,standard_iso_31000_risk,standard_iso_31000_risk_c000,,pending,,1,
6423fc29a7b533ce,relation,,6423fc29a7b533ce,standard_iso_31000_risk,standard_iso_31000_risk_c000,,pending,,1,
963d8aa7d48923c2,relation,,963d8aa7d48923c2,standard_iso_37123_resilient_cities,standard_iso_37123_resilient_cities_c000,,pending,,1,
57dbd49b5bf70aae,relation,,57dbd49b5bf70aae,standard_iso_37123_resilient_cities,standard_iso_37123_resilient_cities_c000,,pending,,1,
0648bd8b073a49ad,relation,,0648bd8b073a49ad,standard_iso_37123_resilient_cities,standard_iso_37123_resilient_cities_c000,,pending,,1,
e459a59f3fa016e8,relation,,e459a59f3fa016e8,standard_iso_37123_resilient_cities,standard_iso_37123_resilient_cities_c000,,pending,,1,
3535d989554234f7,relation,,3535d989554234f7,standard_iso_37123_resilient_cities,standard_iso_37123_resilient_cities_c000,,pending,,1,
20e8f8f7cc242667,relation,,20e8f8f7cc242667,standard_iso_37123_resilient_cities,standard_iso_37123_resilient_cities_c000,,pending,,1,
40abd1a1c8b62e9b,relation,,40abd1a1c8b62e9b,standard_iso_37123_resilient_cities,standard_iso_37123_resilient_cities_c000,,pending,,1,
80c893649ab9d5fe,relation,,80c893649ab9d5fe,standard_iso_37123_resilient_cities,standard_iso_37123_resilient_cities_c000,,pending,,1,
0e94bf48e4688ed8,relation,,0e94bf48e4688ed8,standard_iso_37123_resilient_cities,standard_iso_37123_resilient_cities_c000,,pending,,1,
22cb420e7e3fd0ea,relation,,22cb420e7e3fd0ea,standard_iso_37123_resilient_cities,standard_iso_37123_resilient_cities_c000,,pending,,1,
320aaf2f66f0bcd7,relation,,320aaf2f66f0bcd7,standard_iso_37123_resilient_cities,standard_iso_37123_resilient_cities_c000,,pending,,1,
1be40a807b49039d,relation,,1be40a807b49039d,standard_iso_37123_resilient_cities,standard_iso_37123_resilient_cities_c000,,pending,,1,
092c7f66e3da320e,relation,,092c7f66e3da320e,standard_iso_37123_resilient_cities,standard_iso_37123_resilient_cities_c000,,pending,,1,
6c4adb9dc45ad34e,relation,,6c4adb9dc45ad34e,standard_iso_37123_resilient_cities,standard_iso_37123_resilient_cities_c000,,pending,,1,
e309e1dca289c1d8,relation,,e309e1dca289c1d8,standard_iso_37123_resilient_cities,standard_iso_37123_resilient_cities_c000,,pending,,1,
37761cb90145cbb5,relation,,37761cb90145cbb5,standard_iso_37123_resilient_cities,standard_iso_37123_resilient_cities_c000,,pending,,1,
c2abac30ef89053a,relation,,c2abac30ef89053a,standard_oasis_cap,standard_oasis_cap_c000,,pending,,1,
0a504ae44433e6d1,relation,,0a504ae44433e6d1,standard_oasis_cap,standard_oasis_cap_c000,,pending,,1,
5d6c99dd14b2aaa1,relation,,5d6c99dd14b2aaa1,standard_oasis_cap,standard_oasis_cap_c000,,pending,,1,
391100ee4922b719,relation,,391100ee4922b719,standard_oasis_cap,standard_oasis_cap_c000,,pending,,1,
01a135ba210af807,relation,,01a135ba210af807,standard_oasis_cap,standard_oasis_cap_c000,,pending,,1,
0df6f7d89a8fb5f4,relation,,0df6f7d89a8fb5f4,standard_oasis_cap,standard_oasis_cap_c000,,pending,,1,
2c84c1a987540d3c,relation,,2c84c1a987540d3c,standard_oasis_cap,standard_oasis_cap_c000,,pending,,1,
5547ba7006d9efcc,relation,,5547ba7006d9efcc,standard_oasis_cap,standard_oasis_cap_c000,,pending,,1,
7eed794b5548bfeb,relation,,7eed794b5548bfeb,standard_oasis_cap,standard_oasis_cap_c000,,pending,,1,
3b89ad435d50eda9,relation,,3b89ad435d50eda9,standard_oasis_cap,standard_oasis_cap_c000,,pending,,1,
ed034f3c8e92646b,relation,,ed034f3c8e92646b,standard_oasis_cap,standard_oasis_cap_c000,,pending,,1,
3d7f357540be042a,relation,,3d7f357540be042a,standard_oasis_cap,standard_oasis_cap_c000,,pending,,1,
0e632df780b25c1b,relation,,0e632df780b25c1b,standard_oasis_cap,standard_oasis_cap_c000,,pending,,1,
65c4a7217e7bd3d9,relation,,65c4a7217e7bd3d9,standard_oasis_cap,standard_oasis_cap_c000,,pending,,1,
e229f554f2405d81,relation,,e229f554f2405d81,standard_oasis_cap,standard_oasis_cap_c000,,pending,,1,
c5ed5034b352ec70,relation,,c5ed5034b352ec70,standard_oasis_cap,standard_oasis_cap_c000,,pending,,1,
2e7526ae11fdee03,relation,,2e7526ae11fdee03,standard_oasis_cap,standard_oasis_cap_c000,,pending,,1,
de47759cfb77cdf5,relation,,de47759cfb77cdf5,standard_oasis_cap,standard_oasis_cap_c000,,pending,,1,
9853624c27108d70,relation,,9853624c27108d70,standard_oasis_cap,standard_oasis_cap_c000,,pending,,1,
3f430471157b3bf6,relation,,3f430471157b3bf6,standard_oasis_cap,standard_oasis_cap_c000,,pending,,1,
35e6b122edad7ccc,relation,,35e6b122edad7ccc,standard_ogc_sensorthings,standard_ogc_sensorthings_c000,,pending,,1,
ec99d4e555011550,relation,,ec99d4e555011550,standard_ogc_sensorthings,standard_ogc_sensorthings_c000,,pending,,1,
904642c805f8c793,relation,,904642c805f8c793,standard_ogc_sensorthings,standard_ogc_sensorthings_c000,,pending,,1,
1a08229fe5ebab09,relation,,1a08229fe5ebab09,standard_ogc_sensorthings,standard_ogc_sensorthings_c000,,pending,,1,
8409ab84505bb121,relation,,8409ab84505bb121,standard_ogc_sensorthings,standard_ogc_sensorthings_c000,,pending,,1,
4eb16a3cbb01dced,relation,,4eb16a3cbb01dced,standard_ogc_sensorthings,standard_ogc_sensorthings_c000,,pending,,1,
46d3de7ca69fbda6,relation,,46d3de7ca69fbda6,standard_ogc_sensorthings,standard_ogc_sensorthings_c000,,pending,,1,
057407999954325b,relation,,057407999954325b,standard_ogc_sensorthings,standard_ogc_sensorthings_c000,,pending,,1,
640e174836ddaeb9,relation,,640e174836ddaeb9,standard_ogc_sensorthings,standard_ogc_sensorthings_c000,,pending,,1,
e71e18918fba981f,relation,,e71e18918fba981f,standard_ogc_sensorthings,standard_ogc_sensorthings_c000,,pending,,1,
b2e568abd3a18721,relation,,b2e568abd3a18721,standard_ogc_sensorthings,standard_ogc_sensorthings_c000,,pending,,1,
970ae7ca79182742,relation,,970ae7ca79182742,standard_ogc_sensorthings,standard_ogc_sensorthings_c000,,pending,,1,
50cee5645c94f801,relation,,50cee5645c94f801,standard_ogc_sensorthings,standard_ogc_sensorthings_c000,,pending,,1,
2d3628e77635a0a5,relation,,2d3628e77635a0a5,standard_ogc_sensorthings,standard_ogc_sensorthings_c000,,pending,,1,
a3243a99841bde40,relation,,a3243a99841bde40,standard_ogc_sensorthings,standard_ogc_sensorthings_c000,,pending,,1,
c241addeee107d6c,relation,,c241addeee107d6c,standard_ogc_sensorthings,standard_ogc_sensorthings_c000,,pending,,1,
3b1f918105ad76a6,relation,,3b1f918105ad76a6,standard_ogc_sensorthings,standard_ogc_sensorthings_c000,,pending,,1,
02ef225d8c69d535,relation,,02ef225d8c69d535,standard_ogc_sensorthings,standard_ogc_sensorthings_c000,,pending,,1,
dba3c427b57e8498,relation,,dba3c427b57e8498,standard_ogc_sensorthings,standard_ogc_sensorthings_c000,,pending,,1,
7c7f276e14094687,relation,,7c7f276e14094687,standard_ogc_sensorthings,standard_ogc_sensorthings_c000,,pending,,1,
