timestamp,station_id,rainfall_mm,water_level_m,temperature_c,humidity_pct
2024-06-01 00:00:00,RG-001,0.0,1.201,21.6,58.6
2024-06-01 00:10:00,RG-001,0.0,1.192,22.4,54.8
2024-06-01 00:20:00,RG-001,0.0,1.197,22.4,59.3
2024-06-01 00:30:00,RG-001,0.0,1.2,21.0,57.1
2024-06-01 00:40:00,RG-001,0.0,1.202,21.1,58.7
2024-06-01 00:50:00,RG-001,0.0,1.197,21.5,59.2
2024-06-01 01:00:00,RG-001,0.0,1.198,21.3,61.0
2024-06-01 01:10:00,RG-001,0.0,1.205,20.5,59.2
2024-06-01 01:20:00,RG-001,0.0,1.192,21.2,59.1
2024-06-01 01:30:00,RG-001,0.0,1.199,21.1,58.4
2024-06-01 01:40:00,RG-001,0.0,1.198,21.7,62.1
2024-06-01 01:50:00,RG-001,0.0,1.199,21.1,59.1
2024-06-01 02:00:00,RG-001,0.0,1.199,21.0,56.8
2024-06-01 02:10:00,RG-001,0.0,1.202,20.7,65.0
2024-06-01 02:20:00,RG-001,0.0,1.203,20.4,60.0
2024-06-01 02:30:00,RG-001,0.0,1.209,21.6,61.0
2024-06-01 02:40:00,RG-001,0.0,1.205,20.4,63.4
2024-06-01 02:50:00,RG-001,0.0,1.2,21.4,63.2
2024-06-01 03:00:00,RG-001,0.0,1.201,20.8,63.1
2024-06-01 03:10:00,RG-001,0.0,1.203,20.9,63.5
2024-06-01 03:20:00,RG-001,0.0,1.208,21.2,63.0
2024-06-01 03:30:00,RG-001,0.0,1.199,21.7,61.6
2024-06-01 03:40:00,RG-001,0.0,1.201,22.1,68.6
2024-06-01 03:50:00,RG-001,0.0,1.199,21.4,67.7
2024-06-01 04:00:00,RG-001,0.0,1.204,21.2,64.7
2024-06-01 04:10:00,RG-001,0.0,1.196,21.9,64.9
2024-06-01 04:20:00,RG-001,0.0,1.2,22.4,65.8
2024-06-01 04:30:00,RG-001,0.0,1.196,21.8,63.4
2024-06-01 04:40:00,RG-001,0.0,1.201,21.9,70.3
2024-06-01 04:50:00,RG-001,0.0,1.202,22.0,64.4
2024-06-01 05:00:00,RG-001,0.0,1.199,22.2,69.4
2024-06-01 05:10:00,RG-001,0.0,1.199,22.0,67.3
2024-06-01 05:20:00,RG-001,0.0,1.203,22.6,62.2
2024-06-01 05:30:00,RG-001,0.0,1.2,23.6,67.9
2024-06-01 05:40:00,RG-001,0.0,1.202,22.5,70.3
2024-06-01 05:50:00,RG-001,0.0,1.199,23.5,66.9
2024-06-01 06:00:00,RG-001,0.0,1.197,23.4,69.3
2024-06-01 06:10:00,RG-001,0.0,1.199,23.8,70.5
2024-06-01 06:20:00,RG-001,0.0,1.206,24.4,68.9
2024-06-01 06:30:00,RG-001,0.0,1.199,24.1,70.3
2024-06-01 06:40:00,RG-001,0.0,1.2,24.9,66.5
2024-06-01 06:50:00,RG-001,0.0,1.204,24.5,71.4
2024-06-01 07:00:00,RG-001,0.0,1.201,25.4,65.9
2024-06-01 07:10:00,RG-001,0.0,1.202,24.5,73.5
2024-06-01 07:20:00,RG-001,0.0,1.207,25.5,68.0
2024-06-01 07:30:00,RG-001,0.0,1.203,25.5,72.7
2024-06-01 07:40:00,RG-001,0.0,1.198,25.8,67.2
2024-06-01 07:50:00,RG-001,0.0,1.202,25.2,69.8
2024-06-01 08:00:00,RG-001,0.0,1.198,26.5,74.3
2024-06-01 08:10:00,RG-001,0.0,1.199,26.1,74.2
2024-06-01 08:20:00,RG-001,0.0,1.203,26.5,70.0
2024-06-01 08:30:00,RG-001,0.0,1.2,26.6,75.2
2024-06-01 08:40:00,RG-001,0.0,1.199,27.2,70.8
2024-06-01 08:50:00,RG-001,0.0,1.198,27.3,73.4
2024-06-01 09:00:00,RG-001,0.0,1.2,27.0,73.0
2024-06-01 09:10:00,RG-001,0.0,1.199,27.5,71.9
2024-06-01 09:20:00,RG-001,0.0,1.203,27.6,75.0
2024-06-01 09:30:00,RG-001,0.0,1.201,28.2,73.1
2024-06-01 09:40:00,RG-001,0.0,1.2,27.9,76.1
2024-06-01 09:50:00,RG-001,1.5,1.232,27.0,81.8
2024-06-01 10:00:00,RG-001,2.4000000000000004,1.259,26.3,90.9
2024-06-01 10:10:00,RG-001,2.4000000000000004,1.291,26.3,94.4
2024-06-01 10:20:00,RG-001,3.2,1.336,26.6,91.3
2024-06-01 10:30:00,RG-001,3.8000000000000003,1.391,26.9,90.4
2024-06-01 10:40:00,RG-001,2.9000000000000004,1.431,26.4,93.0
2024-06-01 10:50:00,RG-001,3.4000000000000004,1.483,27.3,92.6
2024-06-01 11:00:00,RG-001,4.3,1.543,27.3,91.0
2024-06-01 11:10:00,RG-001,5.7,1.625,27.1,92.2
2024-06-01 11:20:00,RG-001,4.4,1.68,26.7,89.6
2024-06-01 11:30:00,RG-001,4.0,1.734,27.6,87.9
2024-06-01 11:40:00,RG-001,3.4000000000000004,1.777,27.5,92.6
2024-06-01 11:50:00,RG-001,4.1000000000000005,1.837,28.5,91.5
2024-06-01 12:00:00,RG-001,2.0,1.853,27.2,89.3
2024-06-01 12:10:00,RG-001,3.4000000000000004,1.895,27.9,86.6
2024-06-01 12:20:00,RG-001,3.0,1.931,28.1,92.4
2024-06-01 12:30:00,RG-001,2.6,1.957,28.6,89.3
2024-06-01 12:40:00,RG-001,3.5,1.997,28.1,88.6
2024-06-01 12:50:00,RG-001,1.2000000000000002,2.002,28.8,88.1
2024-06-01 13:00:00,RG-001,1.7000000000000002,2.016,28.2,90.3
2024-06-01 13:10:00,RG-001,1.2000000000000002,2.022,28.4,91.3
2024-06-01 13:20:00,RG-001,0.7000000000000001,2.02,29.2,88.9
2024-06-01 13:30:00,RG-001,0.0,2.008,27.8,88.0
2024-06-01 13:40:00,RG-001,0.0,2.002,28.5,86.2
2024-06-01 13:50:00,RG-001,0.0,1.98,28.1,84.9
2024-06-01 14:00:00,RG-001,0.0,1.966,29.8,80.2
2024-06-01 14:10:00,RG-001,0.0,1.962,30.8,69.8
2024-06-01 14:20:00,RG-001,0.0,1.954,31.5,71.1
2024-06-01 14:30:00,RG-001,0.0,1.937,30.8,66.4
2024-06-01 14:40:00,RG-001,0.0,1.93,30.4,67.0
2024-06-01 14:50:00,RG-001,0.0,1.921,30.7,65.4
2024-06-01 15:00:00,RG-001,0.0,1.905,30.3,67.0
2024-06-01 15:10:00,RG-001,0.0,1.896,30.6,69.5
2024-06-01 15:20:00,RG-001,0.0,1.882,31.3,67.1
2024-06-01 15:30:00,RG-001,0.0,1.872,30.4,66.9
2024-06-01 15:40:00,RG-001,0.0,1.863,30.4,63.2
2024-06-01 15:50:00,RG-001,0.0,1.856,30.4,67.4
2024-06-01 16:00:00,RG-001,0.0,1.849,30.7,67.4
2024-06-01 16:10:00,RG-001,0.0,1.837,30.1,65.3
2024-06-01 16:20:00,RG-001,0.0,1.823,30.3,62.2
2024-06-01 16:30:00,RG-001,0.0,1.813,30.0,64.6
2024-06-01 16:40:00,RG-001,0.0,1.805,29.9,65.3
2024-06-01 16:50:00,RG-001,0.0,1.798,30.3,64.1
2024-06-01 17:00:00,RG-001,0.0,1.79,30.1,64.6
2024-06-01 17:10:00,RG-001,0.0,1.775,29.2,63.4
2024-06-01 17:20:00,RG-001,0.0,1.768,28.9,64.6
2024-06-01 17:30:00,RG-001,0.0,1.768,28.8,61.1
2024-06-01 17:40:00,RG-001,0.0,1.755,28.2,62.7
2024-06-01 17:50:00,RG-001,0.0,1.747,28.8,62.8
2024-06-01 18:00:00,RG-001,0.0,1.733,27.9,62.0
2024-06-01 18:10:00,RG-001,0.0,1.733,28.3,58.7
2024-06-01 18:20:00,RG-001,0.0,1.723,28.1,56.0
2024-06-01 18:30:00,RG-001,0.0,1.709,27.8,62.1
2024-06-01 18:40:00,RG-001,0.0,1.702,27.5,65.0
2024-06-01 18:50:00,RG-001,0.0,1.7,27.6,61.8
2024-06-01 19:00:00,RG-001,0.0,1.687,27.3,60.9
2024-06-01 19:10:00,RG-001,0.0,1.685,27.3,56.4
2024-06-01 19:20:00,RG-001,0.0,1.675,27.0,61.0
2024-06-01 19:30:00,RG-001,0.0,1.671,27.1,60.6
2024-06-01 19:40:00,RG-001,0.0,1.665,26.3,58.3
2024-06-01 19:50:00,RG-001,0.0,1.661,26.3,63.2
2024-06-01 20:00:00,RG-001,0.0,1.643,25.4,55.6
2024-06-01 20:10:00,RG-001,0.0,1.637,26.1,59.7
2024-06-01 20:20:00,RG-001,0.0,1.635,25.3,57.2
2024-06-01 20:30:00,RG-001,0.0,1.634,25.3,59.5
2024-06-01 20:40:00,RG-001,0.0,1.624,25.1,60.9
2024-06-01 20:50:00,RG-001,0.0,1.612,25.8,57.5
2024-06-01 21:00:00,RG-001,0.0,1.612,24.7,54.3
2024-06-01 21:10:00,RG-001,0.0,1.603,24.6,60.4
2024-06-01 21:20:00,RG-001,0.0,1.601,23.9,54.9
2024-06-01 21:30:00,RG-001,0.0,1.588,24.1,60.4
2024-06-01 21:40:00,RG-001,0.0,1.588,23.6,55.6
2024-06-01 21:50:00,RG-001,0.0,1.584,23.5,54.8
2024-06-01 22:00:00,RG-001,0.0,1.571,23.3,56.8
2024-06-01 22:10:00,RG-001,0.0,1.569,22.9,58.8
2024-06-01 22:20:00,RG-001,0.0,1.564,23.4,57.0
2024-06-01 22:30:00,RG-001,0.0,1.558,23.5,57.0
2024-06-01 22:40:00,RG-001,0.0,1.55,22.0,60.8
2024-06-01 22:50:00,RG-001,0.0,1.55,22.9,58.2
2024-06-01 23:00:00,RG-001,0.0,1.539,22.2,59.2
2024-06-01 23:10:00,RG-001,0.0,1.537,22.4,60.4
2024-06-01 23:20:00,RG-001,0.0,1.533,22.1,57.6
2024-06-01 23:30:00,RG-001,0.0,1.528,22.3,56.0
2024-06-01 23:40:00,RG-001,0.0,1.523,22.1,57.7
2024-06-01 23:50:00,RG-001,0.0,1.511,21.8,61.2
2024-06-02 00:00:00,RG-001,0.0,1.505,21.8,60.4
2024-06-02 00:10:00,RG-001,0.0,1.508,22.0,59.7
2024-06-02 00:20:00,RG-001,0.0,1.504,21.8,61.4
2024-06-02 00:30:00,RG-001,0.0,1.502,21.6,62.5
2024-06-02 00:40:00,RG-001,0.0,1.493,20.7,58.7
2024-06-02 00:50:00,RG-001,0.0,1.489,21.3,57.6
2024-06-02 01:00:00,RG-001,0.0,1.48,21.1,59.9
2024-06-02 01:10:00,RG-001,0.0,1.482,21.4,60.6
2024-06-02 01:20:00,RG-001,0.0,1.481,21.0,57.7
2024-06-02 01:30:00,RG-001,0.0,1.471,20.9,59.1
2024-06-02 01:40:00,RG-001,0.0,1.47,20.4,59.8
2024-06-02 01:50:00,RG-001,0.0,1.468,21.5,58.5
2024-06-02 02:00:00,RG-001,0.0,1.464,20.9,59.4
2024-06-02 02:10:00,RG-001,0.0,1.459,20.9,61.8
2024-06-02 02:20:00,RG-001,0.0,1.456,20.9,60.5
2024-06-02 02:30:00,RG-001,0.0,1.439,21.1,62.2
2024-06-02 02:40:00,RG-001,0.0,1.439,21.0,60.3
2024-06-02 02:50:00,RG-001,0.0,1.442,21.1,58.9
2024-06-02 03:00:00,RG-001,0.0,1.433,21.4,65.0
2024-06-02 03:10:00,RG-001,0.0,1.437,20.8,58.5
2024-06-02 03:20:00,RG-001,0.0,1.429,21.6,61.4
2024-06-02 03:30:00,RG-001,0.0,1.422,21.3,63.7
2024-06-02 03:40:00,RG-001,0.0,1.426,21.1,64.8
2024-06-02 03:50:00,RG-001,0.0,1.418,21.7,65.4
2024-06-02 04:00:00,RG-001,0.0,1.414,21.3,63.2
2024-06-02 04:10:00,RG-001,0.0,1.416,21.4,64.1
2024-06-02 04:20:00,RG-001,0.0,1.41,22.2,67.6
2024-06-02 04:30:00,RG-001,0.0,1.404,22.5,63.2
2024-06-02 04:40:00,RG-001,0.0,1.401,21.9,66.5
2024-06-02 04:50:00,RG-001,0.0,1.396,22.2,70.1
2024-06-02 05:00:00,RG-001,0.0,1.403,22.6,65.5
2024-06-02 05:10:00,RG-001,0.0,1.399,22.5,67.2
2024-06-02 05:20:00,RG-001,0.0,1.392,23.0,67.7
2024-06-02 05:30:00,RG-001,0.0,1.387,22.7,68.7
2024-06-02 05:40:00,RG-001,0.0,1.388,22.9,66.3
2024-06-02 05:50:00,RG-001,0.0,1.383,23.1,67.9
2024-06-02 06:00:00,RG-001,0.0,1.383,24.1,68.5
2024-06-02 06:10:00,RG-001,0.0,1.38,23.8,71.8
2024-06-02 06:20:00,RG-001,0.0,1.376,24.1,72.1
2024-06-02 06:30:00,RG-001,0.0,1.372,24.8,70.4
2024-06-02 06:40:00,RG-001,0.0,1.372,24.0,69.9
2024-06-02 06:50:00,RG-001,0.0,1.368,24.8,71.9
2024-06-02 07:00:00,RG-001,0.0,1.36,24.9,76.4
2024-06-02 07:10:00,RG-001,0.0,1.364,23.9,70.7
2024-06-02 07:20:00,RG-001,0.0,1.366,25.6,74.3
2024-06-02 07:30:00,RG-001,0.0,1.357,24.8,72.6
2024-06-02 07:40:00,RG-001,0.0,1.356,25.4,71.1
2024-06-02 07:50:00,RG-001,0.0,1.352,25.3,70.6
2024-06-02 08:00:00,RG-001,0.0,1.352,26.2,71.8
2024-06-02 08:10:00,RG-001,0.0,1.348,26.5,74.2
2024-06-02 08:20:00,RG-001,0.0,1.354,26.5,71.2
2024-06-02 08:30:00,RG-001,0.0,1.346,26.3,70.6
2024-06-02 08:40:00,RG-001,0.0,1.342,26.6,73.0
2024-06-02 08:50:00,RG-001,0.0,1.341,27.2,71.0
2024-06-02 09:00:00,RG-001,0.0,1.338,27.3,71.0
2024-06-02 09:10:00,RG-001,0.0,1.34,27.6,74.2
2024-06-02 09:20:00,RG-001,0.0,1.332,27.6,74.6
2024-06-02 09:30:00,RG-001,0.0,1.329,27.9,73.4
2024-06-02 09:40:00,RG-001,0.0,1.332,27.9,72.4
2024-06-02 09:50:00,RG-001,0.0,1.327,28.0,71.7
2024-06-02 10:00:00,RG-001,0.0,1.324,28.6,70.9
2024-06-02 10:10:00,RG-001,0.0,1.319,28.5,75.1
2024-06-02 10:20:00,RG-001,0.0,1.322,29.5,70.1
2024-06-02 10:30:00,RG-001,0.0,1.319,29.2,72.1
2024-06-02 10:40:00,RG-001,0.0,1.322,28.5,73.3
2024-06-02 10:50:00,RG-001,0.0,1.314,29.4,74.2
2024-06-02 11:00:00,RG-001,0.0,1.316,29.8,72.6
2024-06-02 11:10:00,RG-001,0.0,1.313,30.3,72.7
2024-06-02 11:20:00,RG-001,0.0,1.31,29.7,72.8
2024-06-02 11:30:00,RG-001,0.0,1.314,30.2,69.0
2024-06-02 11:40:00,RG-001,0.0,1.313,30.1,72.3
2024-06-02 11:50:00,RG-001,0.0,1.306,29.7,70.1
2024-06-02 12:00:00,RG-001,0.0,1.305,29.7,72.6
2024-06-02 12:10:00,RG-001,0.0,1.297,30.3,71.9
2024-06-02 12:20:00,RG-001,0.0,1.305,30.8,74.1
2024-06-02 12:30:00,RG-001,0.0,1.3,30.8,73.0
2024-06-02 12:40:00,RG-001,0.0,1.303,31.0,70.3
2024-06-02 12:50:00,RG-001,0.0,1.296,30.7,73.5
2024-06-02 13:00:00,RG-001,0.0,1.298,30.1,67.2
2024-06-02 13:10:00,RG-001,0.0,1.296,31.0,71.5
2024-06-02 13:20:00,RG-001,0.0,1.295,30.0,70.4
2024-06-02 13:30:00,RG-001,0.0,1.291,31.2,69.5
2024-06-02 13:40:00,RG-001,0.0,1.289,31.6,66.4
2024-06-02 13:50:00,RG-001,0.0,1.286,31.2,68.2
2024-06-02 14:00:00,RG-001,0.0,1.288,30.7,66.7
2024-06-02 14:10:00,RG-001,0.0,1.284,31.0,67.2
2024-06-02 14:20:00,RG-001,0.0,1.287,31.0,64.6
2024-06-02 14:30:00,RG-001,0.0,1.278,31.1,68.2
2024-06-02 14:40:00,RG-001,0.0,1.287,31.1,66.4
2024-06-02 14:50:00,RG-001,0.0,1.283,30.9,63.1
2024-06-02 15:00:00,RG-001,0.0,1.28,31.0,63.4
2024-06-02 15:10:00,RG-001,0.0,1.277,30.8,66.0
2024-06-02 15:20:00,RG-001,0.0,1.275,30.2,66.9
2024-06-02 15:30:00,RG-001,0.0,1.275,30.1,68.2
2024-06-02 15:40:00,RG-001,0.0,1.277,30.7,67.2
2024-06-02 15:50:00,RG-001,0.0,1.275,30.9,66.3
2024-06-02 16:00:00,RG-001,0.0,1.274,30.0,68.4
2024-06-02 16:10:00,RG-001,0.0,1.275,30.1,67.1
2024-06-02 16:20:00,RG-001,0.0,1.273,29.7,66.7
2024-06-02 16:30:00,RG-001,0.0,1.273,30.1,67.3
2024-06-02 16:40:00,RG-001,0.0,1.269,29.7,66.4
2024-06-02 16:50:00,RG-001,0.0,1.265,29.2,62.7
2024-06-02 17:00:00,RG-001,0.0,1.271,29.6,60.6
2024-06-02 17:10:00,RG-001,0.0,1.27,29.2,65.1
2024-06-02 17:20:00,RG-001,0.0,1.26,29.1,62.2
2024-06-02 17:30:00,RG-001,0.0,1.263,29.2,62.2
2024-06-02 17:40:00,RG-001,0.0,1.27,28.8,60.0
2024-06-02 17:50:00,RG-001,0.0,1.266,28.7,63.1
2024-06-02 18:00:00,RG-001,0.0,1.264,27.8,61.6
2024-06-02 18:10:00,RG-001,0.0,1.253,28.9,61.5
2024-06-02 18:20:00,RG-001,0.0,1.258,28.5,60.7
2024-06-02 18:30:00,RG-001,0.0,1.256,28.3,59.0
2024-06-02 18:40:00,RG-001,0.0,1.257,27.7,60.9
2024-06-02 18:50:00,RG-001,0.0,1.256,26.5,61.0
2024-06-02 19:00:00,RG-001,0.0,1.259,27.7,59.0
2024-06-02 19:10:00,RG-001,0.0,1.253,27.2,58.2
2024-06-02 19:20:00,RG-001,0.0,1.254,27.3,58.2
2024-06-02 19:30:00,RG-001,0.0,1.251,26.6,55.5
2024-06-02 19:40:00,RG-001,0.0,1.248,26.7,61.5
2024-06-02 19:50:00,RG-001,0.0,1.253,26.4,58.0
2024-06-02 20:00:00,RG-001,0.0,1.254,26.0,60.0
2024-06-02 20:10:00,RG-001,0.0,1.25,26.0,58.3
2024-06-02 20:20:00,RG-001,0.0,1.254,25.8,55.7
2024-06-02 20:30:00,RG-001,0.0,1.247,25.6,58.6
2024-06-02 20:40:00,RG-001,0.0,1.25,24.4,55.3
2024-06-02 20:50:00,RG-001,0.0,1.241,24.8,54.0
2024-06-02 21:00:00,RG-001,0.0,1.248,24.7,57.2
2024-06-02 21:10:00,RG-001,0.0,1.251,24.6,59.8
2024-06-02 21:20:00,RG-001,0.0,1.243,24.8,56.2
2024-06-02 21:30:00,RG-001,0.0,1.246,23.3,56.9
2024-06-02 21:40:00,RG-001,0.0,1.245,23.9,59.7
2024-06-02 21:50:00,RG-001,0.0,1.242,23.6,57.4
2024-06-02 22:00:00,RG-001,0.0,1.243,23.5,55.4
2024-06-02 22:10:00,RG-001,0.0,1.241,23.5,56.2
2024-06-02 22:20:00,RG-001,0.0,1.239,23.5,56.4
2024-06-02 22:30:00,RG-001,0.0,1.241,23.2,57.2
2024-06-02 22:40:00,RG-001,0.0,1.239,22.0,56.0
2024-06-02 22:50:00,RG-001,0.0,1.24,22.6,55.0
2024-06-02 23:00:00,RG-001,0.0,1.232,22.5,60.4
2024-06-02 23:10:00,RG-001,0.0,1.237,22.2,55.8
2024-06-02 23:20:00,RG-001,0.0,1.241,22.0,57.6
2024-06-02 23:30:00,RG-001,0.0,1.239,22.4,55.4
2024-06-02 23:40:00,RG-001,0.0,1.24,21.4,57.6
2024-06-02 23:50:00,RG-001,0.0,1.236,22.0,56.4
2024-06-03 00:00:00,RG-001,0.0,1.239,21.6,60.1
2024-06-03 00:10:00,RG-001,0.0,1.24,21.4,57.1
2024-06-03 00:20:00,RG-001,0.0,1.233,20.6,61.1
2024-06-03 00:30:00,RG-001,0.0,1.234,21.4,58.4
2024-06-03 00:40:00,RG-001,0.0,1.242,21.3,59.3
2024-06-03 00:50:00,RG-001,0.0,1.231,21.8,56.2
2024-06-03 01:00:00,RG-001,0.0,1.227,21.6,62.2
2024-06-03 01:10:00,RG-001,0.0,1.237,21.0,62.0
2024-06-03 01:20:00,RG-001,0.0,1.232,21.4,59.8
2024-06-03 01:30:00,RG-001,0.0,1.226,21.8,59.3
2024-06-03 01:40:00,RG-001,0.0,1.227,20.1,58.5
2024-06-03 01:50:00,RG-001,0.0,1.231,21.0,62.6
2024-06-03 02:00:00,RG-001,0.0,1.225,21.1,60.2
2024-06-03 02:10:00,RG-001,0.0,1.227,21.6,58.4
2024-06-03 02:20:00,RG-001,0.0,1.224,20.8,61.2
2024-06-03 02:30:00,RG-001,0.0,1.229,21.0,59.5
2024-06-03 02:40:00,RG-001,0.0,1.228,20.8,61.8
2024-06-03 02:50:00,RG-001,0.0,1.222,21.4,62.9
2024-06-03 03:00:00,RG-001,0.0,1.232,21.6,64.1
2024-06-03 03:10:00,RG-001,0.0,1.224,21.1,60.4
2024-06-03 03:20:00,RG-001,0.0,1.225,21.2,64.2
2024-06-03 03:30:00,RG-001,0.0,1.232,21.6,63.9
2024-06-03 03:40:00,RG-001,0.0,1.225,21.1,65.2
2024-06-03 03:50:00,RG-001,0.0,1.223,21.2,66.2
2024-06-03 04:00:00,RG-001,0.0,1.223,21.3,64.0
2024-06-03 04:10:00,RG-001,0.0,1.227,22.5,66.0
2024-06-03 04:20:00,RG-001,0.0,1.222,21.9,62.2
2024-06-03 04:30:00,RG-001,0.0,1.217,22.3,62.7
2024-06-03 04:40:00,RG-001,0.0,1.219,22.6,68.0
2024-06-03 04:50:00,RG-001,0.0,1.221,22.2,67.0
2024-06-03 05:00:00,RG-001,0.0,1.222,22.5,68.2
2024-06-03 05:10:00,RG-001,0.0,1.217,22.6,69.6
2024-06-03 05:20:00,RG-001,0.0,1.222,22.2,65.0
2024-06-03 05:30:00,RG-001,0.0,1.22,23.1,65.7
2024-06-03 05:40:00,RG-001,0.0,1.218,23.0,67.0
2024-06-03 05:50:00,RG-001,0.0,1.22,23.2,69.1
2024-06-03 06:00:00,RG-001,0.0,1.226,24.0,69.9
2024-06-03 06:10:00,RG-001,0.0,1.219,23.5,69.7
2024-06-03 06:20:00,RG-001,0.0,1.219,24.8,68.3
2024-06-03 06:30:00,RG-001,0.0,1.222,24.4,73.1
2024-06-03 06:40:00,RG-001,0.0,1.219,24.6,69.5
2024-06-03 06:50:00,RG-001,0.0,1.22,25.0,71.4
2024-06-03 07:00:00,RG-001,0.0,1.22,24.1,68.8
2024-06-03 07:10:00,RG-001,0.0,1.214,24.8,71.1
2024-06-03 07:20:00,RG-001,0.0,1.22,25.1,69.3
2024-06-03 07:30:00,RG-001,0.0,1.216,25.1,73.6
2024-06-03 07:40:00,RG-001,0.0,1.216,25.2,69.5
2024-06-03 07:50:00,RG-001,0.0,1.217,25.6,68.8
2024-06-03 08:00:00,RG-001,0.0,1.214,26.3,71.1
2024-06-03 08:10:00,RG-001,0.0,1.219,26.5,70.9
2024-06-03 08:20:00,RG-001,0.0,1.219,26.5,70.7
2024-06-03 08:30:00,RG-001,0.0,1.223,26.7,72.0
2024-06-03 08:40:00,RG-001,0.0,1.215,27.2,71.4
2024-06-03 08:50:00,RG-001,0.0,1.215,26.8,71.6
2024-06-03 09:00:00,RG-001,0.0,1.221,27.3,74.0
2024-06-03 09:10:00,RG-001,0.0,1.21,27.6,70.3
2024-06-03 09:20:00,RG-001,0.0,1.213,28.3,70.1
2024-06-03 09:30:00,RG-001,0.0,1.219,28.1,72.0
2024-06-03 09:40:00,RG-001,0.0,1.212,28.5,70.9
2024-06-03 09:50:00,RG-001,0.0,1.222,29.0,71.1
2024-06-03 10:00:00,RG-001,0.0,1.213,28.3,75.8
2024-06-03 10:10:00,RG-001,0.0,1.211,28.8,73.0
2024-06-03 10:20:00,RG-001,0.0,1.214,29.5,71.9
2024-06-03 10:30:00,RG-001,0.0,1.214,28.3,71.5
2024-06-03 10:40:00,RG-001,0.0,1.212,29.0,73.1
2024-06-03 10:50:00,RG-001,0.0,1.212,30.2,76.0
2024-06-03 11:00:00,RG-001,0.0,1.213,30.4,71.9
2024-06-03 11:10:00,RG-001,0.0,1.211,29.7,75.7
2024-06-03 11:20:00,RG-001,0.0,1.21,30.3,74.0
2024-06-03 11:30:00,RG-001,0.0,1.212,29.8,73.5
2024-06-03 11:40:00,RG-001,0.0,1.212,29.6,70.8
2024-06-03 11:50:00,RG-001,0.0,1.207,30.2,73.2
2024-06-03 12:00:00,RG-001,0.0,1.213,30.4,71.2
2024-06-03 12:10:00,RG-001,0.0,1.211,30.7,69.6
2024-06-03 12:20:00,RG-001,0.0,1.216,30.5,70.8
2024-06-03 12:30:00,RG-001,0.0,1.21,31.2,73.2
2024-06-03 12:40:00,RG-001,0.0,1.208,30.4,66.5
2024-06-03 12:50:00,RG-001,0.0,1.209,30.5,67.9
2024-06-03 13:00:00,RG-001,0.0,1.214,30.9,74.4
2024-06-03 13:10:00,RG-001,0.0,1.212,30.8,71.7
2024-06-03 13:20:00,RG-001,0.0,1.21,30.8,70.4
2024-06-03 13:30:00,RG-001,0.0,1.207,31.7,69.2
2024-06-03 13:40:00,RG-001,0.0,1.209,30.6,69.7
2024-06-03 13:50:00,RG-001,0.0,1.21,31.3,66.3
2024-06-03 14:00:00,RG-001,0.0,1.212,30.9,69.0
2024-06-03 14:10:00,RG-001,0.0,1.208,30.7,68.8
2024-06-03 14:20:00,RG-001,0.0,1.214,30.6,70.0
2024-06-03 14:30:00,RG-001,0.0,1.209,31.2,67.0
2024-06-03 14:40:00,RG-001,0.0,1.213,30.9,65.1
2024-06-03 14:50:00,RG-001,0.0,1.205,31.4,67.0
2024-06-03 15:00:00,RG-001,0.0,1.211,30.9,66.0
2024-06-03 15:10:00,RG-001,0.0,1.208,29.9,67.9
2024-06-03 15:20:00,RG-001,0.0,1.203,31.3,67.2
2024-06-03 15:30:00,RG-001,0.0,1.211,31.1,68.7
2024-06-03 15:40:00,RG-001,0.0,1.207,31.6,62.6
2024-06-03 15:50:00,RG-001,0.0,1.212,30.3,65.3
2024-06-03 16:00:00,RG-001,0.0,1.205,30.3,63.0
2024-06-03 16:10:00,RG-001,0.0,1.208,29.5,65.1
2024-06-03 16:20:00,RG-001,0.0,1.209,29.8,60.0
2024-06-03 16:30:00,RG-001,0.0,1.203,30.1,65.0
2024-06-03 16:40:00,RG-001,0.0,1.207,29.9,63.6
2024-06-03 16:50:00,RG-001,0.0,1.209,29.6,63.2
2024-06-03 17:00:00,RG-001,0.0,1.205,30.0,62.7
2024-06-03 17:10:00,RG-001,0.0,1.205,29.3,63.2
2024-06-03 17:20:00,RG-001,0.0,1.21,29.1,62.8
2024-06-03 17:30:00,RG-001,0.0,1.216,29.1,60.3
2024-06-03 17:40:00,RG-001,0.0,1.205,28.7,60.3
2024-06-03 17:50:00,RG-001,0.0,1.208,28.6,63.0
2024-06-03 18:00:00,RG-001,0.0,1.205,28.3,59.9
2024-06-03 18:10:00,RG-001,0.0,1.211,28.0,56.4
2024-06-03 18:20:00,RG-001,0.0,1.205,28.5,57.1
2024-06-03 18:30:00,RG-001,0.0,1.207,28.2,58.7
2024-06-03 18:40:00,RG-001,0.0,1.21,27.3,62.0
2024-06-03 18:50:00,RG-001,0.0,1.203,27.5,56.3
2024-06-03 19:00:00,RG-001,0.0,1.208,27.1,58.4
2024-06-03 19:10:00,RG-001,0.0,1.205,27.8,59.3
2024-06-03 19:20:00,RG-001,0.0,1.201,26.8,60.9
2024-06-03 19:30:00,RG-001,0.0,1.204,26.8,60.0
2024-06-03 19:40:00,RG-001,0.0,1.206,26.8,62.8
2024-06-03 19:50:00,RG-001,0.0,1.204,26.7,56.4
2024-06-03 20:00:00,RG-001,0.0,1.208,25.9,56.4
2024-06-03 20:10:00,RG-001,0.0,1.205,25.8,61.2
2024-06-03 20:20:00,RG-001,0.0,1.206,25.3,62.2
2024-06-03 20:30:00,RG-001,0.0,1.207,25.4,59.1
2024-06-03 20:40:00,RG-001,0.0,1.212,25.4,57.0
2024-06-03 20:50:00,RG-001,0.0,1.207,25.6,54.8
2024-06-03 21:00:00,RG-001,0.0,1.203,24.8,59.6
2024-06-03 21:10:00,RG-001,0.0,1.21,24.4,53.5
2024-06-03 21:20:00,RG-001,0.0,1.206,23.7,56.3
2024-06-03 21:30:00,RG-001,0.0,1.206,24.1,57.5
2024-06-03 21:40:00,RG-001,0.0,1.201,24.4,60.2
2024-06-03 21:50:00,RG-001,0.0,1.204,23.1,56.8
2024-06-03 22:00:00,RG-001,0.0,1.206,23.3,56.0
2024-06-03 22:10:00,RG-001,0.0,1.2,23.6,55.9
2024-06-03 22:20:00,RG-001,0.0,1.204,22.6,58.4
2024-06-03 22:30:00,RG-001,0.0,1.205,23.3,56.0
2024-06-03 22:40:00,RG-001,0.0,1.202,23.2,60.9
2024-06-03 22:50:00,RG-001,0.0,1.209,23.2,56.0
2024-06-03 23:00:00,RG-001,0.0,1.209,22.7,60.8
2024-06-03 23:10:00,RG-001,0.0,1.2,22.6,55.8
2024-06-03 23:20:00,RG-001,0.0,1.198,23.2,59.7
2024-06-03 23:30:00,RG-001,0.0,1.2,22.5,58.9
2024-06-03 23:40:00,RG-001,0.0,1.208,22.0,56.8
2024-06-03 23:50:00,RG-001,0.0,1.2,22.0,56.3
2024-06-04 00:00:00,RG-001,0.0,1.203,21.3,56.8
2024-06-04 00:10:00,RG-001,0.0,1.208,22.6,55.6
2024-06-04 00:20:00,RG-001,0.0,1.206,21.2,58.4
2024-06-04 00:30:00,RG-001,0.0,1.207,21.5,57.2
2024-06-04 00:40:00,RG-001,0.0,1.204,21.9,57.8
2024-06-04 00:50:00,RG-001,0.0,1.21,21.3,57.7
2024-06-04 01:00:00,RG-001,0.0,1.202,21.8,57.0
2024-06-04 01:10:00,RG-001,0.0,1.2,20.8,56.1
2024-06-04 01:20:00,RG-001,0.0,1.204,21.9,55.3
2024-06-04 01:30:00,RG-001,0.0,1.212,21.2,61.5
2024-06-04 01:40:00,RG-001,0.0,1.208,21.4,62.2
2024-06-04 01:50:00,RG-001,0.0,1.203,20.9,59.9
2024-06-04 02:00:00,RG-001,0.0,1.199,21.8,57.5
2024-06-04 02:10:00,RG-001,0.0,1.204,21.8,61.1
2024-06-04 02:20:00,RG-001,0.0,1.205,20.2,60.7
2024-06-04 02:30:00,RG-001,0.0,1.205,21.4,61.2
2024-06-04 02:40:00,RG-001,0.0,1.203,21.5,60.8
2024-06-04 02:50:00,RG-001,0.0,1.2,21.3,64.4
2024-06-04 03:00:00,RG-001,0.0,1.201,20.9,61.9
2024-06-04 03:10:00,RG-001,0.0,1.204,21.5,64.4
2024-06-04 03:20:00,RG-001,0.0,1.207,21.6,61.3
2024-06-04 03:30:00,RG-001,0.0,1.206,20.9,65.3
2024-06-04 03:40:00,RG-001,0.0,1.202,21.6,61.5
2024-06-04 03:50:00,RG-001,0.0,1.202,21.6,65.3
2024-06-04 04:00:00,RG-001,0.0,1.206,21.4,65.8
2024-06-04 04:10:00,RG-001,0.0,1.206,21.6,68.8
2024-06-04 04:20:00,RG-001,0.0,1.204,22.0,65.6
2024-06-04 04:30:00,RG-001,0.0,1.196,22.7,63.9
2024-06-04 04:40:00,RG-001,0.0,1.198,22.0,64.0
2024-06-04 04:50:00,RG-001,0.0,1.205,21.4,68.4
2024-06-04 05:00:00,RG-001,0.0,1.206,22.5,68.9
2024-06-04 05:10:00,RG-001,0.0,1.204,22.5,67.5
2024-06-04 05:20:00,RG-001,0.0,1.203,23.3,67.8
2024-06-04 05:30:00,RG-001,0.0,1.202,22.7,66.1
2024-06-04 05:40:00,RG-001,0.0,1.204,23.4,69.4
2024-06-04 05:50:00,RG-001,0.0,1.198,23.8,70.1
2024-06-04 06:00:00,RG-001,0.0,1.2,23.4,65.3
2024-06-04 06:10:00,RG-001,0.0,1.204,23.5,69.9
2024-06-04 06:20:00,RG-001,0.0,1.201,24.4,67.3
2024-06-04 06:30:00,RG-001,0.0,1.202,23.8,70.6
2024-06-04 06:40:00,RG-001,0.0,1.202,24.4,70.4
2024-06-04 06:50:00,RG-001,0.0,1.203,24.0,70.3
2024-06-04 07:00:00,RG-001,0.0,1.2,24.0,69.5
2024-06-04 07:10:00,RG-001,0.0,1.199,25.4,73.7
2024-06-04 07:20:00,RG-001,0.0,1.203,24.8,70.2
2024-06-04 07:30:00,RG-001,0.0,1.197,24.9,74.9
2024-06-04 07:40:00,RG-001,0.0,1.201,26.1,71.9
2024-06-04 07:50:00,RG-001,0.0,1.198,25.6,71.9
2024-06-04 08:00:00,RG-001,0.0,1.205,26.2,71.8
2024-06-04 08:10:00,RG-001,0.0,1.209,27.2,70.1
2024-06-04 08:20:00,RG-001,0.0,1.198,26.4,71.2
2024-06-04 08:30:00,RG-001,0.0,1.205,27.0,69.9
2024-06-04 08:40:00,RG-001,0.0,1.2,26.2,73.5
2024-06-04 08:50:00,RG-001,0.0,1.2,26.8,68.1
2024-06-04 09:00:00,RG-001,0.0,1.2,27.4,73.5
2024-06-04 09:10:00,RG-001,0.0,1.203,26.9,73.7
2024-06-04 09:20:00,RG-001,0.0,1.204,27.6,71.7
2024-06-04 09:30:00,RG-001,0.0,1.2,27.9,74.2
2024-06-04 09:40:00,RG-001,0.0,1.2,28.2,72.3
2024-06-04 09:50:00,RG-001,0.0,1.205,28.6,71.2
2024-06-04 10:00:00,RG-001,0.0,1.206,27.9,72.3
2024-06-04 10:10:00,RG-001,0.0,1.198,28.9,77.3
2024-06-04 10:20:00,RG-001,0.0,1.201,29.2,70.5
2024-06-04 10:30:00,RG-001,0.0,1.205,29.6,71.1
2024-06-04 10:40:00,RG-001,0.0,1.208,29.6,72.6
2024-06-04 10:50:00,RG-001,0.0,1.202,29.6,72.9
2024-06-04 11:00:00,RG-001,0.0,1.203,30.1,72.5
2024-06-04 11:10:00,RG-001,0.0,1.199,29.8,70.8
2024-06-04 11:20:00,RG-001,0.0,1.205,29.3,70.9
2024-06-04 11:30:00,RG-001,0.0,1.203,30.4,69.3
2024-06-04 11:40:00,RG-001,0.0,1.2,30.2,73.1
2024-06-04 11:50:00,RG-001,0.0,1.201,30.6,70.4
2024-06-04 12:00:00,RG-001,0.0,1.208,30.8,72.1
2024-06-04 12:10:00,RG-001,0.0,1.206,31.0,72.4
2024-06-04 12:20:00,RG-001,0.0,1.206,30.8,71.0
2024-06-04 12:30:00,RG-001,0.0,1.199,30.3,71.6
2024-06-04 12:40:00,RG-001,0.0,1.198,30.6,69.5
2024-06-04 12:50:00,RG-001,0.0,1.197,31.8,69.7
2024-06-04 13:00:00,RG-001,0.0,1.203,30.4,67.6
2024-06-04 13:10:00,RG-001,0.0,1.198,31.2,68.5
2024-06-04 13:20:00,RG-001,0.0,1.198,31.2,71.0
2024-06-04 13:30:00,RG-001,0.0,1.205,31.0,71.3
2024-06-04 13:40:00,RG-001,0.0,1.196,31.3,65.4
2024-06-04 13:50:00,RG-001,0.0,1.203,31.4,66.6
2024-06-04 14:00:00,RG-001,0.0,1.198,31.2,71.4
2024-06-04 14:10:00,RG-001,0.0,1.202,30.8,66.5
2024-06-04 14:20:00,RG-001,0.0,1.208,31.2,68.8
2024-06-04 14:30:00,RG-001,0.0,1.202,31.2,68.3
2024-06-04 14:40:00,RG-001,0.0,1.2,31.3,71.5
2024-06-04 14:50:00,RG-001,0.0,1.2,30.4,63.4
2024-06-04 15:00:00,RG-001,0.0,1.2,30.7,64.8
2024-06-04 15:10:00,RG-001,0.0,1.199,30.6,68.3
2024-06-04 15:20:00,RG-001,0.0,1.196,30.4,66.7
2024-06-04 15:30:00,RG-001,0.0,1.198,30.5,67.2
2024-06-04 15:40:00,RG-001,0.0,1.205,30.4,66.2
2024-06-04 15:50:00,RG-001,0.0,1.205,31.0,64.0
2024-06-04 16:00:00,RG-001,0.0,1.203,30.5,61.8
2024-06-04 16:10:00,RG-001,0.0,1.201,30.5,66.2
2024-06-04 16:20:00,RG-001,0.0,1.203,30.1,63.5
2024-06-04 16:30:00,RG-001,0.0,1.202,30.2,62.7
2024-06-04 16:40:00,RG-001,0.0,1.203,30.1,64.6
2024-06-04 16:50:00,RG-001,0.0,1.206,30.0,63.3
2024-06-04 17:00:00,RG-001,0.0,1.205,29.9,66.0
2024-06-04 17:10:00,RG-001,0.0,1.2,29.3,62.2
2024-06-04 17:20:00,RG-001,0.0,1.198,28.6,60.1
2024-06-04 17:30:00,RG-001,0.0,1.195,29.2,64.5
2024-06-04 17:40:00,RG-001,0.0,1.199,29.1,62.3
2024-06-04 17:50:00,RG-001,0.0,1.201,28.1,59.3
2024-06-04 18:00:00,RG-001,0.0,1.2,28.7,62.0
2024-06-04 18:10:00,RG-001,0.0,1.201,28.1,61.8
2024-06-04 18:20:00,RG-001,0.0,1.202,28.1,59.2
2024-06-04 18:30:00,RG-001,0.0,1.204,27.7,58.2
2024-06-04 18:40:00,RG-001,0.0,1.196,27.7,60.0
2024-06-04 18:50:00,RG-001,0.0,1.198,27.8,59.4
2024-06-04 19:00:00,RG-001,0.0,1.198,28.0,57.7
2024-06-04 19:10:00,RG-001,0.0,1.203,27.4,58.7
2024-06-04 19:20:00,RG-001,0.0,1.206,26.8,57.7
2024-06-04 19:30:00,RG-001,0.0,1.201,25.5,59.4
2024-06-04 19:40:00,RG-001,0.0,1.202,26.3,60.3
2024-06-04 19:50:00,RG-001,0.0,1.199,26.1,60.7
2024-06-04 20:00:00,RG-001,0.0,1.198,25.9,59.2
2024-06-04 20:10:00,RG-001,0.0,1.199,25.3,57.9
2024-06-04 20:20:00,RG-001,0.0,1.206,25.2,57.1
2024-06-04 20:30:00,RG-001,0.0,1.201,25.8,58.3
2024-06-04 20:40:00,RG-001,0.0,1.2,25.4,54.2
2024-06-04 20:50:00,RG-001,0.0,1.203,24.9,60.8
2024-06-04 21:00:00,RG-001,0.0,1.201,25.0,56.0
2024-06-04 21:10:00,RG-001,0.0,1.204,24.3,57.7
2024-06-04 21:20:00,RG-001,0.0,1.201,24.9,57.4
2024-06-04 21:30:00,RG-001,0.0,1.202,23.8,59.4
2024-06-04 21:40:00,RG-001,0.0,1.202,23.7,55.8
2024-06-04 21:50:00,RG-001,0.0,1.199,24.0,56.8
2024-06-04 22:00:00,RG-001,0.0,1.199,23.4,55.1
2024-06-04 22:10:00,RG-001,0.0,1.203,23.3,55.9
2024-06-04 22:20:00,RG-001,0.0,1.201,22.8,59.8
2024-06-04 22:30:00,RG-001,0.0,1.199,23.5,62.0
2024-06-04 22:40:00,RG-001,0.0,1.201,22.7,60.2
2024-06-04 22:50:00,RG-001,0.0,1.208,22.6,59.6
2024-06-04 23:00:00,RG-001,0.0,1.2,22.0,56.8
2024-06-04 23:10:00,RG-001,0.0,1.198,22.8,56.4
2024-06-04 23:20:00,RG-001,0.0,1.202,21.6,59.0
2024-06-04 23:30:00,RG-001,0.0,1.206,22.8,57.5
2024-06-04 23:40:00,RG-001,0.0,1.2,22.0,54.1
2024-06-04 23:50:00,RG-001,0.0,1.2,20.8,57.0
2024-06-05 00:00:00,RG-001,0.0,1.199,21.8,60.4
2024-06-05 00:10:00,RG-001,0.0,1.197,20.8,63.4
2024-06-05 00:20:00,RG-001,0.0,1.2,21.8,59.6
2024-06-05 00:30:00,RG-001,0.0,1.204,22.0,58.0
2024-06-05 00:40:00,RG-001,0.0,1.202,20.9,57.5
2024-06-05 00:50:00,RG-001,0.0,1.201,20.9,60.6
2024-06-05 01:00:00,RG-001,0.0,1.195,21.2,60.3
2024-06-05 01:10:00,RG-001,0.0,1.199,21.4,61.5
2024-06-05 01:20:00,RG-001,0.0,1.197,21.4,59.6
2024-06-05 01:30:00,RG-001,0.0,1.192,20.7,60.0
2024-06-05 01:40:00,RG-001,0.0,1.199,20.7,56.6
2024-06-05 01:50:00,RG-001,0.0,1.202,20.1,60.5
2024-06-05 02:00:00,RG-001,0.0,1.198,20.6,61.3
2024-06-05 02:10:00,RG-001,0.0,1.198,20.8,60.5
2024-06-05 02:20:00,RG-001,0.0,1.206,21.2,61.2
2024-06-05 02:30:00,RG-001,0.0,1.202,21.4,63.9
2024-06-05 02:40:00,RG-001,0.0,1.204,21.3,58.3
2024-06-05 02:50:00,RG-001,0.0,1.204,20.9,64.4
2024-06-05 03:00:00,RG-001,0.0,1.202,20.8,64.7
2024-06-05 03:10:00,RG-001,0.0,1.2,21.0,62.8
2024-06-05 03:20:00,RG-001,0.0,1.202,21.1,64.4
2024-06-05 03:30:00,RG-001,0.0,1.205,21.8,62.7
2024-06-05 03:40:00,RG-001,0.0,1.201,21.7,64.2
2024-06-05 03:50:00,RG-001,0.0,1.201,22.2,64.3
2024-06-05 04:00:00,RG-001,0.0,1.201,22.0,64.8
2024-06-05 04:10:00,RG-001,0.0,1.203,21.4,67.8
2024-06-05 04:20:00,RG-001,0.0,1.199,21.5,63.2
2024-06-05 04:30:00,RG-001,0.0,1.205,22.2,65.9
2024-06-05 04:40:00,RG-001,0.0,1.203,22.1,63.0
2024-06-05 04:50:00,RG-001,0.0,1.198,23.0,63.9
2024-06-05 05:00:00,RG-001,0.0,1.206,22.6,66.8
2024-06-05 05:10:00,RG-001,0.0,1.195,23.0,68.5
2024-06-05 05:20:00,RG-001,0.0,1.193,22.9,64.7
2024-06-05 05:30:00,RG-001,0.0,1.202,22.6,68.0
2024-06-05 05:40:00,RG-001,0.0,1.198,22.9,68.0
2024-06-05 05:50:00,RG-001,0.0,1.198,23.4,71.4
2024-06-05 06:00:00,RG-001,0.0,1.202,22.6,68.5
2024-06-05 06:10:00,RG-001,0.0,1.204,23.2,69.5
2024-06-05 06:20:00,RG-001,0.0,1.207,24.5,73.1
2024-06-05 06:30:00,RG-001,0.0,1.202,24.3,68.9
2024-06-05 06:40:00,RG-001,0.0,1.198,23.5,70.6
2024-06-05 06:50:00,RG-001,0.0,1.202,24.9,69.6
2024-06-05 07:00:00,RG-001,0.0,1.199,23.6,74.4
2024-06-05 07:10:00,RG-001,0.0,1.199,25.5,70.0
2024-06-05 07:20:00,RG-001,0.0,1.204,25.8,72.8
2024-06-05 07:30:00,RG-001,0.0,1.204,26.0,71.5
2024-06-05 07:40:00,RG-001,0.0,1.195,25.9,70.1
2024-06-05 07:50:00,RG-001,0.0,1.203,26.1,70.8
2024-06-05 08:00:00,RG-001,0.0,1.201,25.6,76.2
2024-06-05 08:10:00,RG-001,0.0,1.202,26.5,70.8
2024-06-05 08:20:00,RG-001,0.0,1.197,26.2,73.5
2024-06-05 08:30:00,RG-001,0.0,1.197,26.5,70.2
2024-06-05 08:40:00,RG-001,0.0,1.199,26.3,72.7
2024-06-05 08:50:00,RG-001,0.0,1.202,27.7,73.5
2024-06-05 09:00:00,RG-001,0.0,1.2,27.2,75.6
2024-06-05 09:10:00,RG-001,0.0,1.199,26.7,74.2
2024-06-05 09:20:00,RG-001,0.0,1.203,27.4,70.3
2024-06-05 09:30:00,RG-001,0.0,1.198,27.6,73.8
2024-06-05 09:40:00,RG-001,0.0,1.194,28.1,77.4
2024-06-05 09:50:00,RG-001,0.0,1.201,28.4,74.6
2024-06-05 10:00:00,RG-001,0.0,1.196,28.0,72.3
2024-06-05 10:10:00,RG-001,0.0,1.201,29.2,73.5
2024-06-05 10:20:00,RG-001,0.0,1.203,29.2,74.7
2024-06-05 10:30:00,RG-001,0.0,1.197,28.8,71.0
2024-06-05 10:40:00,RG-001,0.0,1.198,29.1,76.2
2024-06-05 10:50:00,RG-001,0.0,1.196,29.6,72.0
2024-06-05 11:00:00,RG-001,0.0,1.2,29.7,76.0
2024-06-05 11:10:00,RG-001,0.0,1.198,29.6,73.9
2024-06-05 11:20:00,RG-001,0.0,1.194,29.7,72.9
2024-06-05 11:30:00,RG-001,0.0,1.199,29.2,74.1
2024-06-05 11:40:00,RG-001,0.0,1.203,30.2,70.4
2024-06-05 11:50:00,RG-001,0.0,1.196,29.5,72.0
2024-06-05 12:00:00,RG-001,0.0,1.201,30.7,72.9
2024-06-05 12:10:00,RG-001,0.0,1.198,30.3,76.1
2024-06-05 12:20:00,RG-001,0.0,1.194,30.3,69.6
2024-06-05 12:30:00,RG-001,0.0,1.204,31.3,70.5
2024-06-05 12:40:00,RG-001,0.0,1.201,29.9,70.6
2024-06-05 12:50:00,RG-001,0.0,1.2,30.4,68.2
2024-06-05 13:00:00,RG-001,0.0,1.198,31.1,67.8
2024-06-05 13:10:00,RG-001,0.0,1.194,31.1,68.2
2024-06-05 13:20:00,RG-001,0.0,1.203,31.3,73.1
2024-06-05 13:30:00,RG-001,0.0,1.198,31.1,69.0
2024-06-05 13:40:00,RG-001,0.0,1.205,31.3,72.9
2024-06-05 13:50:00,RG-001,0.0,1.198,30.6,70.4
2024-06-05 14:00:00,RG-001,0.0,1.199,30.3,69.8
2024-06-05 14:10:00,RG-001,0.0,1.199,30.3,67.3
2024-06-05 14:20:00,RG-001,0.0,1.199,31.0,68.6
2024-06-05 14:30:00,RG-001,0.0,1.201,30.9,70.4
2024-06-05 14:40:00,RG-001,0.0,1.2,31.5,65.8
2024-06-05 14:50:00,RG-001,0.0,1.2,30.6,70.3
2024-06-05 15:00:00,RG-001,0.0,1.198,30.4,66.7
2024-06-05 15:10:00,RG-001,0.0,1.204,31.3,66.4
2024-06-05 15:20:00,RG-001,0.0,1.2,30.3,66.1
2024-06-05 15:30:00,RG-001,0.0,1.199,30.7,66.7
2024-06-05 15:40:00,RG-001,0.0,1.2,30.1,67.4
2024-06-05 15:50:00,RG-001,0.0,1.197,30.1,66.1
2024-06-05 16:00:00,RG-001,0.0,1.199,31.0,64.1
2024-06-05 16:10:00,RG-001,0.0,1.201,29.5,66.9
2024-06-05 16:20:00,RG-001,0.0,1.201,30.1,65.9
2024-06-05 16:30:00,RG-001,0.0,1.205,30.3,67.2
2024-06-05 16:40:00,RG-001,0.0,1.2,29.2,63.4
2024-06-05 16:50:00,RG-001,0.0,1.201,29.4,64.3
2024-06-05 17:00:00,RG-001,0.0,1.197,29.3,63.3
2024-06-05 17:10:00,RG-001,0.0,1.204,28.9,65.5
2024-06-05 17:20:00,RG-001,0.0,1.199,28.8,64.7
2024-06-05 17:30:00,RG-001,0.0,1.206,29.7,60.8
2024-06-05 17:40:00,RG-001,0.0,1.195,28.5,61.7
2024-06-05 17:50:00,RG-001,0.0,1.204,28.7,61.6
2024-06-05 18:00:00,RG-001,0.0,1.199,28.4,58.5
2024-06-05 18:10:00,RG-001,0.0,1.199,28.5,60.3
2024-06-05 18:20:00,RG-001,0.0,1.196,28.0,62.6
2024-06-05 18:30:00,RG-001,0.0,1.202,27.2,61.5
2024-06-05 18:40:00,RG-001,0.0,1.204,27.7,60.3
2024-06-05 18:50:00,RG-001,0.0,1.196,27.6,57.6
2024-06-05 19:00:00,RG-001,0.0,1.201,26.7,60.4
2024-06-05 19:10:00,RG-001,0.0,1.198,26.9,58.7
2024-06-05 19:20:00,RG-001,0.0,1.201,27.4,57.8
2024-06-05 19:30:00,RG-001,0.0,1.201,27.2,56.7
2024-06-05 19:40:00,RG-001,0.0,1.196,26.4,60.6
2024-06-05 19:50:00,RG-001,0.0,1.194,26.0,59.1
2024-06-05 20:00:00,RG-001,0.0,1.199,26.6,57.9
2024-06-05 20:10:00,RG-001,0.0,1.202,25.1,57.0
2024-06-05 20:20:00,RG-001,0.0,1.196,24.7,60.4
2024-06-05 20:30:00,RG-001,0.0,1.2,25.4,56.1
2024-06-05 20:40:00,RG-001,0.0,1.202,24.2,59.0
2024-06-05 20:50:00,RG-001,0.0,1.198,25.0,56.7
2024-06-05 21:00:00,RG-001,0.0,1.196,24.9,55.8
2024-06-05 21:10:00,RG-001,0.0,1.199,24.8,57.8
2024-06-05 21:20:00,RG-001,0.0,1.202,24.0,55.8
2024-06-05 21:30:00,RG-001,0.0,1.2,24.9,56.5
2024-06-05 21:40:00,RG-001,0.0,1.204,23.8,55.1
2024-06-05 21:50:00,RG-001,0.0,1.196,22.9,53.6
2024-06-05 22:00:00,RG-001,0.0,1.207,23.8,58.2
2024-06-05 22:10:00,RG-001,0.0,1.201,23.4,55.8
2024-06-05 22:20:00,RG-001,0.0,1.198,22.6,57.2
2024-06-05 22:30:00,RG-001,0.0,1.204,23.3,54.0
2024-06-05 22:40:00,RG-001,0.0,1.198,23.3,57.5
2024-06-05 22:50:00,RG-001,0.0,1.198,22.3,55.1
2024-06-05 23:00:00,RG-001,0.0,1.198,22.4,52.8
2024-06-05 23:10:00,RG-001,0.0,1.192,21.6,54.8
2024-06-05 23:20:00,RG-001,0.0,1.202,22.0,56.2
2024-06-05 23:30:00,RG-001,0.0,1.199,21.9,58.6
2024-06-05 23:40:00,RG-001,0.0,1.198,22.2,56.6
2024-06-05 23:50:00,RG-001,0.0,1.197,21.9,56.8
2024-06-06 00:00:00,RG-001,0.0,1.204,21.6,54.4
2024-06-06 00:10:00,RG-001,0.0,1.2,21.6,57.2
2024-06-06 00:20:00,RG-001,0.0,1.199,21.1,59.4
2024-06-06 00:30:00,RG-001,0.0,1.202,21.9,59.7
2024-06-06 00:40:00,RG-001,0.0,1.198,21.6,60.7
2024-06-06 00:50:00,RG-001,0.0,1.198,20.3,59.1
2024-06-06 01:00:00,RG-001,0.0,1.202,21.4,58.2
2024-06-06 01:10:00,RG-001,0.0,1.202,21.1,56.4
2024-06-06 01:20:00,RG-001,0.0,1.202,20.4,61.3
2024-06-06 01:30:00,RG-001,0.0,1.202,21.5,58.5
2024-06-06 01:40:00,RG-001,0.0,1.2,21.6,58.3
2024-06-06 01:50:00,RG-001,0.0,1.197,20.5,59.1
2024-06-06 02:00:00,RG-001,0.0,1.2,20.1,59.5
2024-06-06 02:10:00,RG-001,0.0,1.205,21.7,61.0
2024-06-06 02:20:00,RG-001,0.0,1.199,20.8,64.4
2024-06-06 02:30:00,RG-001,0.0,1.203,21.2,62.8
2024-06-06 02:40:00,RG-001,0.0,1.198,20.5,58.6
2024-06-06 02:50:00,RG-001,0.0,1.201,21.6,62.7
2024-06-06 03:00:00,RG-001,0.0,1.198,21.6,63.7
2024-06-06 03:10:00,RG-001,0.0,1.201,21.0,63.0
2024-06-06 03:20:00,RG-001,0.0,1.198,21.8,65.6
2024-06-06 03:30:00,RG-001,0.0,1.195,21.2,67.7
2024-06-06 03:40:00,RG-001,0.0,1.199,21.2,64.7
2024-06-06 03:50:00,RG-001,0.0,1.203,21.5,63.8
2024-06-06 04:00:00,RG-001,0.0,1.198,21.7,65.4
2024-06-06 04:10:00,RG-001,0.0,1.198,22.0,67.4
2024-06-06 04:20:00,RG-001,0.0,1.199,21.9,65.8
2024-06-06 04:30:00,RG-001,0.0,1.199,21.9,65.5
2024-06-06 04:40:00,RG-001,0.0,1.202,22.0,66.0
2024-06-06 04:50:00,RG-001,0.0,1.2,23.0,70.6
2024-06-06 05:00:00,RG-001,0.0,1.199,22.5,66.0
2024-06-06 05:10:00,RG-001,0.0,1.196,22.5,67.9
2024-06-06 05:20:00,RG-001,0.0,1.204,22.2,70.7
2024-06-06 05:30:00,RG-001,0.0,1.199,22.4,67.9
2024-06-06 05:40:00,RG-001,0.0,1.199,23.5,68.2
2024-06-06 05:50:00,RG-001,0.0,1.196,23.8,69.1
2024-06-06 06:00:00,RG-001,0.0,1.202,23.4,71.6
2024-06-06 06:10:00,RG-001,0.0,1.201,23.8,70.7
2024-06-06 06:20:00,RG-001,0.0,1.2,24.0,69.9
2024-06-06 06:30:00,RG-001,0.0,1.195,23.9,70.2
2024-06-06 06:40:00,RG-001,0.0,1.195,24.5,71.2
2024-06-06 06:50:00,RG-001,0.0,1.199,24.7,67.7
2024-06-06 07:00:00,RG-001,0.0,1.207,25.5,67.1
2024-06-06 07:10:00,RG-001,0.0,1.2,24.9,67.8
2024-06-06 07:20:00,RG-001,0.0,1.202,25.3,70.6
2024-06-06 07:30:00,RG-001,0.0,1.206,25.9,72.0
2024-06-06 07:40:00,RG-001,0.0,1.204,25.5,70.0
2024-06-06 07:50:00,RG-001,0.0,1.201,26.2,72.5
2024-06-06 08:00:00,RG-001,0.0,1.195,25.5,73.1
2024-06-06 08:10:00,RG-001,0.0,1.201,26.5,72.8
2024-06-06 08:20:00,RG-001,0.0,1.202,26.5,74.2
2024-06-06 08:30:00,RG-001,0.0,1.201,27.2,72.0
2024-06-06 08:40:00,RG-001,0.0,1.199,26.2,69.5
2024-06-06 08:50:00,RG-001,0.0,1.196,27.0,75.8
2024-06-06 09:00:00,RG-001,0.0,1.202,27.4,73.2
2024-06-06 09:10:00,RG-001,0.0,1.203,28.3,74.5
2024-06-06 09:20:00,RG-001,0.0,1.2,27.8,73.5
2024-06-06 09:30:00,RG-001,0.0,1.199,28.0,72.4
2024-06-06 09:40:00,RG-001,0.0,1.201,27.4,73.6
2024-06-06 09:50:00,RG-001,0.0,1.196,28.8,74.9
2024-06-06 10:00:00,RG-001,0.0,1.198,28.2,69.6
2024-06-06 10:10:00,RG-001,0.0,1.2,28.6,71.4
2024-06-06 10:20:00,RG-001,0.0,1.196,29.4,75.1
2024-06-06 10:30:00,RG-001,0.0,1.202,28.9,70.3
2024-06-06 10:40:00,RG-001,0.0,1.2,29.7,72.1
2024-06-06 10:50:00,RG-001,0.0,1.202,29.5,69.6
2024-06-06 11:00:00,RG-001,0.0,1.196,30.0,70.4
2024-06-06 11:10:00,RG-001,0.0,1.201,29.7,73.2
2024-06-06 11:20:00,RG-001,0.0,1.197,30.8,71.9
2024-06-06 11:30:00,RG-001,0.0,1.201,29.4,70.2
2024-06-06 11:40:00,RG-001,0.0,1.197,30.3,76.3
2024-06-06 11:50:00,RG-001,0.0,1.201,30.1,69.7
2024-06-06 12:00:00,RG-001,0.0,1.207,30.7,70.7
2024-06-06 12:10:00,RG-001,0.0,1.198,30.7,70.3
2024-06-06 12:20:00,RG-001,0.0,1.201,30.4,72.3
2024-06-06 12:30:00,RG-001,0.0,1.201,30.6,74.0
2024-06-06 12:40:00,RG-001,0.0,1.203,31.2,72.5
2024-06-06 12:50:00,RG-001,0.0,1.202,31.0,71.1
2024-06-06 13:00:00,RG-001,0.0,1.202,30.7,69.0
2024-06-06 13:10:00,RG-001,0.0,1.196,31.0,72.4
2024-06-06 13:20:00,RG-001,0.0,1.199,30.8,67.6
2024-06-06 13:30:00,RG-001,0.0,1.196,31.8,66.5
2024-06-06 13:40:00,RG-001,0.0,1.197,31.5,66.7
2024-06-06 13:50:00,RG-001,0.0,1.204,30.3,65.3
2024-06-06 14:00:00,RG-001,0.0,1.199,30.9,66.8
2024-06-06 14:10:00,RG-001,0.0,1.197,30.8,70.5
2024-06-06 14:20:00,RG-001,0.0,1.199,31.1,69.8
2024-06-06 14:30:00,RG-001,0.0,1.203,31.1,68.8
2024-06-06 14:40:00,RG-001,0.0,1.197,30.5,67.8
2024-06-06 14:50:00,RG-001,0.0,1.199,30.9,68.8
2024-06-06 15:00:00,RG-001,0.0,1.197,31.5,67.0
2024-06-06 15:10:00,RG-001,0.0,1.197,31.0,68.9
2024-06-06 15:20:00,RG-001,0.0,1.201,30.6,70.3
2024-06-06 15:30:00,RG-001,0.0,1.204,30.4,64.5
2024-06-06 15:40:00,RG-001,0.0,1.198,30.0,63.5
2024-06-06 15:50:00,RG-001,0.0,1.205,29.7,65.2
2024-06-06 16:00:00,RG-001,0.0,1.197,30.1,62.2
2024-06-06 16:10:00,RG-001,0.0,1.206,30.1,66.7
2024-06-06 16:20:00,RG-001,0.0,1.201,29.7,63.3
2024-06-06 16:30:00,RG-001,0.0,1.206,29.9,63.3
2024-06-06 16:40:00,RG-001,0.0,1.197,29.9,63.9
2024-06-06 16:50:00,RG-001,0.0,1.203,29.4,63.3
2024-06-06 17:00:00,RG-001,0.0,1.203,29.7,67.1
2024-06-06 17:10:00,RG-001,0.0,1.197,29.3,62.3
2024-06-06 17:20:00,RG-001,0.0,1.197,29.3,55.8
2024-06-06 17:30:00,RG-001,0.0,1.2,28.8,62.3
2024-06-06 17:40:00,RG-001,0.0,1.198,28.5,62.5
2024-06-06 17:50:00,RG-001,0.0,1.203,28.1,62.0
2024-06-06 18:00:00,RG-001,0.0,1.198,28.3,59.5
2024-06-06 18:10:00,RG-001,0.0,1.2,28.0,60.9
2024-06-06 18:20:00,RG-001,0.0,1.2,27.8,58.3
2024-06-06 18:30:00,RG-001,0.0,1.205,28.0,63.4
2024-06-06 18:40:00,RG-001,0.0,1.203,28.1,59.2
2024-06-06 18:50:00,RG-001,0.0,1.202,27.9,60.7
2024-06-06 19:00:00,RG-001,0.0,1.2,26.6,58.3
2024-06-06 19:10:00,RG-001,0.0,1.201,27.0,61.8
2024-06-06 19:20:00,RG-001,0.0,1.194,26.9,59.0
2024-06-06 19:30:00,RG-001,0.0,1.199,27.0,60.0
2024-06-06 19:40:00,RG-001,0.0,1.197,26.5,59.5
2024-06-06 19:50:00,RG-001,0.0,1.2,26.2,59.4
2024-06-06 20:00:00,RG-001,0.0,1.2,26.3,59.0
2024-06-06 20:10:00,RG-001,0.0,1.198,25.8,58.4
2024-06-06 20:20:00,RG-001,0.0,1.2,25.9,59.1
2024-06-06 20:30:00,RG-001,0.0,1.201,25.2,59.4
2024-06-06 20:40:00,RG-001,0.0,1.197,25.9,54.2
2024-06-06 20:50:00,RG-001,0.0,1.202,25.0,59.0
2024-06-06 21:00:00,RG-001,0.0,1.201,24.6,55.8
2024-06-06 21:10:00,RG-001,0.0,1.2,24.8,58.8
2024-06-06 21:20:00,RG-001,0.0,1.201,23.8,59.4
2024-06-06 21:30:00,RG-001,0.0,1.204,23.8,56.2
2024-06-06 21:40:00,RG-001,0.0,1.204,24.2,57.1
2024-06-06 21:50:00,RG-001,0.0,1.203,23.3,57.3
2024-06-06 22:00:00,RG-001,0.0,1.201,23.5,58.1
2024-06-06 22:10:00,RG-001,0.0,1.207,23.5,58.3
2024-06-06 22:20:00,RG-001,0.0,1.205,22.8,58.3
2024-06-06 22:30:00,RG-001,0.0,1.194,22.6,56.2
2024-06-06 22:40:00,RG-001,0.0,1.203,22.4,56.1
2024-06-06 22:50:00,RG-001,0.0,1.193,22.2,55.2
2024-06-06 23:00:00,RG-001,0.0,1.203,23.0,57.2
2024-06-06 23:10:00,RG-001,0.0,1.203,22.7,59.0
2024-06-06 23:20:00,RG-001,0.0,1.2,22.0,58.4
2024-06-06 23:30:00,RG-001,0.0,1.2,21.6,59.0
2024-06-06 23:40:00,RG-001,0.0,1.202,21.5,57.6
2024-06-06 23:50:00,RG-001,0.0,1.202,21.9,57.1
2024-06-07 00:00:00,RG-001,0.0,1.201,21.4,56.6
2024-06-07 00:10:00,RG-001,0.0,1.196,22.3,59.3
2024-06-07 00:20:00,RG-001,0.0,1.198,20.3,55.5
2024-06-07 00:30:00,RG-001,0.0,1.203,20.8,55.4
2024-06-07 00:40:00,RG-001,0.0,1.201,21.0,58.0
2024-06-07 00:50:00,RG-001,0.0,1.2,21.4,60.3
2024-06-07 01:00:00,RG-001,0.0,1.204,22.1,58.0
2024-06-07 01:10:00,RG-001,0.0,1.199,21.0,59.4
2024-06-07 01:20:00,RG-001,0.0,1.197,21.0,61.0
2024-06-07 01:30:00,RG-001,0.0,1.197,20.6,56.4
2024-06-07 01:40:00,RG-001,0.0,1.205,21.0,58.4
2024-06-07 01:50:00,RG-001,0.0,1.198,21.0,56.8
2024-06-07 02:00:00,RG-001,0.0,1.204,21.2,59.6
2024-06-07 02:10:00,RG-001,0.0,1.2,20.4,58.7
2024-06-07 02:20:00,RG-001,0.0,1.199,20.7,62.6
2024-06-07 02:30:00,RG-001,0.0,1.202,21.2,63.8
2024-06-07 02:40:00,RG-001,0.0,1.199,21.2,60.6
2024-06-07 02:50:00,RG-001,0.0,1.197,21.5,67.0
2024-06-07 03:00:00,RG-001,0.0,1.202,21.4,60.9
2024-06-07 03:10:00,RG-001,0.0,1.202,20.9,63.0
2024-06-07 03:20:00,RG-001,0.0,1.198,21.1,66.6
2024-06-07 03:30:00,RG-001,0.0,1.198,21.1,65.5
2024-06-07 03:40:00,RG-001,0.0,1.207,21.3,67.2
2024-06-07 03:50:00,RG-001,0.0,1.201,21.2,63.7
2024-06-07 04:00:00,RG-001,0.0,1.203,21.5,62.6
2024-06-07 04:10:00,RG-001,0.0,1.198,22.5,62.6
2024-06-07 04:20:00,RG-001,0.0,1.197,21.9,68.0
2024-06-07 04:30:00,RG-001,0.0,1.205,22.1,67.8
2024-06-07 04:40:00,RG-001,0.0,1.196,22.9,65.6
2024-06-07 04:50:00,RG-001,0.0,1.195,22.4,67.4
2024-06-07 05:00:00,RG-001,0.0,1.202,22.8,68.3
2024-06-07 05:10:00,RG-001,0.0,1.199,22.8,67.4
2024-06-07 05:20:00,RG-001,0.0,1.197,22.8,72.1
2024-06-07 05:30:00,RG-001,0.0,1.197,22.5,68.4
2024-06-07 05:40:00,RG-001,0.0,1.201,22.8,67.5
2024-06-07 05:50:00,RG-001,0.0,1.201,23.7,70.6
2024-06-07 06:00:00,RG-001,0.0,1.2,23.3,65.4
2024-06-07 06:10:00,RG-001,0.0,1.198,23.8,70.4
2024-06-07 06:20:00,RG-001,0.0,1.204,23.9,66.4
2024-06-07 06:30:00,RG-001,0.0,1.195,24.1,69.0
2024-06-07 06:40:00,RG-001,0.0,1.203,24.1,67.8
2024-06-07 06:50:00,RG-001,0.0,1.208,24.9,72.4
2024-06-07 07:00:00,RG-001,0.0,1.199,24.1,69.7
2024-06-07 07:10:00,RG-001,0.0,1.202,24.9,69.0
2024-06-07 07:20:00,RG-001,0.0,1.197,25.0,71.6
2024-06-07 07:30:00,RG-001,0.0,1.198,26.0,75.5
2024-06-07 07:40:00,RG-001,0.0,1.207,25.2,69.5
2024-06-07 07:50:00,RG-001,0.0,1.202,26.1,73.4
2024-06-07 08:00:00,RG-001,0.0,1.204,25.4,74.2
2024-06-07 08:10:00,RG-001,0.0,1.203,25.6,75.6
2024-06-07 08:20:00,RG-001,0.0,1.194,26.4,72.7
2024-06-07 08:30:00,RG-001,0.0,1.195,26.4,69.4
2024-06-07 08:40:00,RG-001,0.0,1.198,27.3,72.7
2024-06-07 08:50:00,RG-001,0.0,1.202,27.5,72.8
2024-06-07 09:00:00,RG-001,0.0,1.195,27.1,73.2
2024-06-07 09:10:00,RG-001,0.0,1.202,27.4,76.2
2024-06-07 09:20:00,RG-001,0.0,1.2,27.7,70.3
2024-06-07 09:30:00,RG-001,0.0,1.205,27.8,72.6
2024-06-07 09:40:00,RG-001,0.0,1.199,28.7,74.6
2024-06-07 09:50:00,RG-001,0.0,1.198,28.2,70.8
2024-06-07 10:00:00,RG-001,0.0,1.198,28.4,71.8
2024-06-07 10:10:00,RG-001,0.0,1.199,29.1,71.3
2024-06-07 10:20:00,RG-001,0.0,1.198,28.9,72.5
2024-06-07 10:30:00,RG-001,0.0,1.196,28.5,73.8
2024-06-07 10:40:00,RG-001,0.0,1.201,30.0,71.5
2024-06-07 10:50:00,RG-001,0.0,1.207,30.0,73.8
2024-06-07 11:00:00,RG-001,0.0,1.201,29.7,72.1
2024-06-07 11:10:00,RG-001,0.0,1.205,28.9,71.6
2024-06-07 11:20:00,RG-001,0.0,1.197,29.7,71.9
2024-06-07 11:30:00,RG-001,0.0,1.203,29.9,74.7
2024-06-07 11:40:00,RG-001,0.0,1.201,30.0,74.1
2024-06-07 11:50:00,RG-001,0.0,1.203,30.2,74.4
2024-06-07 12:00:00,RG-001,0.0,1.201,30.5,75.8
2024-06-07 12:10:00,RG-001,0.0,1.198,29.9,69.7
2024-06-07 12:20:00,RG-001,0.0,1.197,31.5,73.7
2024-06-07 12:30:00,RG-001,0.0,1.201,31.3,71.1
2024-06-07 12:40:00,RG-001,0.0,1.199,30.6,69.0
2024-06-07 12:50:00,RG-001,0.0,1.202,31.0,70.6
2024-06-07 13:00:00,RG-001,0.0,1.198,31.1,69.9
2024-06-07 13:10:00,RG-001,0.0,1.2,30.9,73.8
2024-06-07 13:20:00,RG-001,0.0,1.201,30.7,69.8
2024-06-07 13:30:00,RG-001,0.0,1.201,30.1,71.4
2024-06-07 13:40:00,RG-001,0.0,1.201,30.7,68.2
2024-06-07 13:50:00,RG-001,0.0,1.201,30.9,68.0
2024-06-07 14:00:00,RG-001,0.0,1.195,31.3,67.0
2024-06-07 14:10:00,RG-001,0.0,1.193,31.5,70.7
2024-06-07 14:20:00,RG-001,0.0,1.204,30.7,68.4
2024-06-07 14:30:00,RG-001,0.0,1.204,31.2,67.7
2024-06-07 14:40:00,RG-001,0.0,1.202,30.7,64.8
2024-06-07 14:50:00,RG-001,0.0,1.203,31.1,66.8
2024-06-07 15:00:00,RG-001,0.0,1.199,30.9,65.2
2024-06-07 15:10:00,RG-001,0.0,1.192,30.8,65.4
2024-06-07 15:20:00,RG-001,0.0,1.199,31.1,62.9
2024-06-07 15:30:00,RG-001,0.0,1.204,30.9,66.8
2024-06-07 15:40:00,RG-001,0.0,1.199,31.2,68.7
2024-06-07 15:50:00,RG-001,0.0,1.199,30.3,65.1
2024-06-07 16:00:00,RG-001,0.0,1.202,31.1,64.6
2024-06-07 16:10:00,RG-001,0.0,1.199,30.4,69.4
2024-06-07 16:20:00,RG-001,0.0,1.199,30.0,62.9
2024-06-07 16:30:00,RG-001,0.0,1.198,29.4,61.8
2024-06-07 16:40:00,RG-001,0.0,1.199,29.6,60.8
2024-06-07 16:50:00,RG-001,0.0,1.201,29.4,61.4
2024-06-07 17:00:00,RG-001,0.0,1.205,29.7,63.8
2024-06-07 17:10:00,RG-001,0.0,1.204,29.7,61.1
2024-06-07 17:20:00,RG-001,0.0,1.199,28.9,61.1
2024-06-07 17:30:00,RG-001,0.0,1.199,29.3,60.9
2024-06-07 17:40:00,RG-001,0.0,1.202,29.4,60.3
2024-06-07 17:50:00,RG-001,0.0,1.199,28.3,63.9
2024-06-07 18:00:00,RG-001,0.0,1.193,28.9,63.0
2024-06-07 18:10:00,RG-001,0.0,1.206,27.4,59.8
2024-06-07 18:20:00,RG-001,0.0,1.197,28.5,59.3
2024-06-07 18:30:00,RG-001,0.0,1.2,28.5,61.3
2024-06-07 18:40:00,RG-001,0.0,1.2,28.1,62.0
2024-06-07 18:50:00,RG-001,0.0,1.2,26.9,58.1
2024-06-07 19:00:00,RG-001,0.0,1.199,27.7,57.8
2024-06-07 19:10:00,RG-001,0.0,1.2,27.1,59.6
2024-06-07 19:20:00,RG-001,0.0,1.195,27.0,55.6
2024-06-07 19:30:00,RG-001,0.0,1.2,26.8,60.1
2024-06-07 19:40:00,RG-001,0.0,1.198,26.3,59.6
2024-06-07 19:50:00,RG-001,0.0,1.199,26.6,58.7
2024-06-07 20:00:00,RG-001,0.0,1.202,25.9,58.8
2024-06-07 20:10:00,RG-001,0.0,1.2,25.8,59.8
2024-06-07 20:20:00,RG-001,0.0,1.203,25.5,55.2
2024-06-07 20:30:00,RG-001,0.0,1.199,25.2,60.1
2024-06-07 20:40:00,RG-001,0.0,1.206,24.8,59.3
2024-06-07 20:50:00,RG-001,0.0,1.198,25.4,55.0
2024-06-07 21:00:00,RG-001,0.0,1.198,24.9,56.0
2024-06-07 21:10:00,RG-001,0.0,1.199,24.5,60.7
2024-06-07 21:20:00,RG-001,0.0,1.201,23.9,54.6
2024-06-07 21:30:00,RG-001,0.0,1.198,23.6,59.0
2024-06-07 21:40:00,RG-001,0.0,1.202,24.1,55.8
2024-06-07 21:50:00,RG-001,0.0,1.199,23.7,59.5
2024-06-07 22:00:00,RG-001,0.0,1.201,23.5,58.9
2024-06-07 22:10:00,RG-001,0.0,1.198,23.5,58.1
2024-06-07 22:20:00,RG-001,0.0,1.204,23.2,59.0
2024-06-07 22:30:00,RG-001,0.0,1.197,23.5,56.0
2024-06-07 22:40:00,RG-001,0.0,1.197,22.4,59.1
2024-06-07 22:50:00,RG-001,0.0,1.203,22.6,56.5
2024-06-07 23:00:00,RG-001,0.0,1.2,22.6,54.9
2024-06-07 23:10:00,RG-001,0.0,1.202,21.9,57.0
2024-06-07 23:20:00,RG-001,0.0,1.204,23.0,58.9
2024-06-07 23:30:00,RG-001,0.0,1.202,21.8,58.4
2024-06-07 23:40:00,RG-001,0.0,1.198,21.5,60.9
2024-06-07 23:50:00,RG-001,0.0,1.2,21.6,61.7
2024-06-08 00:00:00,RG-001,0.0,1.195,20.7,58.3
2024-06-08 00:10:00,RG-001,0.0,1.199,21.8,57.0
2024-06-08 00:20:00,RG-001,0.0,1.198,21.3,56.5
2024-06-08 00:30:00,RG-001,0.0,1.197,21.4,60.9
2024-06-08 00:40:00,RG-001,0.0,1.198,21.0,58.0
2024-06-08 00:50:00,RG-001,0.0,1.2,21.7,57.4
2024-06-08 01:00:00,RG-001,0.0,1.201,21.1,57.5
2024-06-08 01:10:00,RG-001,0.0,1.192,20.7,60.0
2024-06-08 01:20:00,RG-001,0.0,1.204,21.8,57.9
2024-06-08 01:30:00,RG-001,0.0,1.199,21.0,57.3
2024-06-08 01:40:00,RG-001,0.0,1.199,20.9,59.2
2024-06-08 01:50:00,RG-001,0.0,1.201,21.3,56.0
2024-06-08 02:00:00,RG-001,0.0,1.207,21.0,62.0
2024-06-08 02:10:00,RG-001,0.0,1.207,20.4,61.7
2024-06-08 02:20:00,RG-001,0.0,1.198,21.7,65.2
2024-06-08 02:30:00,RG-001,0.0,1.203,21.4,63.5
2024-06-08 02:40:00,RG-001,0.0,1.201,20.8,62.8
2024-06-08 02:50:00,RG-001,0.0,1.2,21.4,63.9
2024-06-08 03:00:00,RG-001,0.0,1.197,21.5,62.1
2024-06-08 03:10:00,RG-001,0.0,1.199,21.0,59.1
2024-06-08 03:20:00,RG-001,0.0,1.202,21.3,60.6
2024-06-08 03:30:00,RG-001,0.0,1.201,21.5,64.7
2024-06-08 03:40:00,RG-001,0.0,1.207,21.4,64.4
2024-06-08 03:50:00,RG-001,0.0,1.198,21.7,66.3
2024-06-08 04:00:00,RG-001,0.0,1.2,20.8,65.3
2024-06-08 04:10:00,RG-001,0.0,1.2,21.3,67.5
2024-06-08 04:20:00,RG-001,0.0,1.204,22.1,62.8
2024-06-08 04:30:00,RG-001,0.0,1.201,22.4,69.6
2024-06-08 04:40:00,RG-001,0.0,1.202,21.8,66.2
2024-06-08 04:50:00,RG-001,0.0,1.198,23.0,67.1
2024-06-08 05:00:00,RG-001,0.0,1.201,22.2,70.0
2024-06-08 05:10:00,RG-001,0.0,1.199,23.1,66.0
2024-06-08 05:20:00,RG-001,0.0,1.202,23.4,65.3
2024-06-08 05:30:00,RG-001,0.0,1.206,23.0,66.1
2024-06-08 05:40:00,RG-001,0.0,1.203,22.7,69.8
2024-06-08 05:50:00,RG-001,0.0,1.198,23.6,67.3
2024-06-08 06:00:00,RG-001,0.0,1.198,23.1,73.8
2024-06-08 06:10:00,RG-001,0.0,1.2,23.0,75.5
2024-06-08 06:20:00,RG-001,0.0,1.202,23.9,67.5
2024-06-08 06:30:00,RG-001,0.0,1.202,24.7,70.2
2024-06-08 06:40:00,RG-001,0.0,1.197,24.6,70.5
2024-06-08 06:50:00,RG-001,0.0,1.204,24.7,69.8
2024-06-08 07:00:00,RG-001,0.0,1.2,24.9,71.7
2024-06-08 07:10:00,RG-001,0.0,1.198,24.3,70.7
2024-06-08 07:20:00,RG-001,0.0,1.195,24.4,67.6
2024-06-08 07:30:00,RG-001,0.0,1.197,25.2,75.9
2024-06-08 07:40:00,RG-001,0.0,1.194,25.7,66.7
2024-06-08 07:50:00,RG-001,0.0,1.203,26.1,72.8
2024-06-08 08:00:00,RG-001,0.0,1.2,26.5,70.7
2024-06-08 08:10:00,RG-001,0.0,1.201,25.9,73.7
2024-06-08 08:20:00,RG-001,0.0,1.196,26.0,70.0
2024-06-08 08:30:00,RG-001,0.0,1.192,26.2,72.8
2024-06-08 08:40:00,RG-001,0.0,1.199,26.4,69.6
2024-06-08 08:50:00,RG-001,0.0,1.199,27.0,72.2
2024-06-08 09:00:00,RG-001,0.0,1.199,27.4,72.8
2024-06-08 09:10:00,RG-001,0.0,1.2,26.9,73.6
2024-06-08 09:20:00,RG-001,0.0,1.199,27.6,71.5
2024-06-08 09:30:00,RG-001,0.0,1.193,28.1,72.2
2024-06-08 09:40:00,RG-001,0.0,1.2,27.9,72.3
2024-06-08 09:50:00,RG-001,0.0,1.202,28.4,72.5
2024-06-08 10:00:00,RG-001,0.0,1.199,28.4,72.6
2024-06-08 10:10:00,RG-001,0.0,1.193,29.3,74.3
2024-06-08 10:20:00,RG-001,0.0,1.2,28.8,73.1
2024-06-08 10:30:00,RG-001,0.0,1.197,28.9,75.1
2024-06-08 10:40:00,RG-001,0.0,1.201,28.8,74.2
2024-06-08 10:50:00,RG-001,0.0,1.207,29.4,73.8
2024-06-08 11:00:00,RG-001,0.0,1.195,29.3,75.7
2024-06-08 11:10:00,RG-001,0.0,1.194,29.6,69.0
2024-06-08 11:20:00,RG-001,0.0,1.202,30.4,76.0
2024-06-08 11:30:00,RG-001,0.0,1.194,29.2,71.2
2024-06-08 11:40:00,RG-001,0.0,1.203,30.3,68.0
2024-06-08 11:50:00,RG-001,0.0,1.2,30.1,74.5
2024-06-08 12:00:00,RG-001,0.0,1.198,30.3,74.0
2024-06-08 12:10:00,RG-001,0.0,1.195,30.2,71.4
2024-06-08 12:20:00,RG-001,0.0,1.199,30.1,70.8
2024-06-08 12:30:00,RG-001,0.0,1.199,30.7,68.2
2024-06-08 12:40:00,RG-001,0.0,1.201,30.8,68.0
2024-06-08 12:50:00,RG-001,0.0,1.204,30.4,71.1
2024-06-08 13:00:00,RG-001,0.0,1.197,30.4,73.9
2024-06-08 13:10:00,RG-001,0.0,1.202,30.7,70.4
2024-06-08 13:20:00,RG-001,0.0,1.203,31.1,70.8
2024-06-08 13:30:00,RG-001,0.0,1.198,30.7,68.0
2024-06-08 13:40:00,RG-001,0.0,1.198,30.8,69.2
2024-06-08 13:50:00,RG-001,0.0,1.202,31.3,68.5
2024-06-08 14:00:00,RG-001,0.0,1.193,31.4,69.1
2024-06-08 14:10:00,RG-001,0.0,1.201,30.9,67.1
2024-06-08 14:20:00,RG-001,0.0,1.196,30.8,66.9
2024-06-08 14:30:00,RG-001,0.0,1.198,30.1,65.8
2024-06-08 14:40:00,RG-001,0.0,1.2,31.4,70.0
2024-06-08 14:50:00,RG-001,0.0,1.198,31.0,67.0
2024-06-08 15:00:00,RG-001,0.0,1.198,30.7,67.8
2024-06-08 15:10:00,RG-001,0.0,1.199,30.5,65.8
2024-06-08 15:20:00,RG-001,0.0,1.204,30.2,69.5
2024-06-08 15:30:00,RG-001,0.0,1.193,31.4,67.6
2024-06-08 15:40:00,RG-001,0.0,1.205,30.6,66.2
2024-06-08 15:50:00,RG-001,0.0,1.203,30.2,69.4
2024-06-08 16:00:00,RG-001,0.0,1.194,30.7,65.7
2024-06-08 16:10:00,RG-001,0.0,1.202,30.1,66.5
2024-06-08 16:20:00,RG-001,0.0,1.199,29.8,65.0
2024-06-08 16:30:00,RG-001,0.0,1.197,29.3,64.2
2024-06-08 16:40:00,RG-001,0.0,1.2,30.4,66.3
2024-06-08 16:50:00,RG-001,0.0,1.202,30.3,62.4
2024-06-08 17:00:00,RG-001,0.0,1.201,29.0,62.6
2024-06-08 17:10:00,RG-001,0.0,1.195,29.8,64.3
2024-06-08 17:20:00,RG-001,0.0,1.198,28.5,61.9
2024-06-08 17:30:00,RG-001,0.0,1.198,29.5,61.0
2024-06-08 17:40:00,RG-001,0.0,1.201,29.7,58.9
2024-06-08 17:50:00,RG-001,0.0,1.202,28.5,61.4
2024-06-08 18:00:00,RG-001,0.0,1.199,28.5,61.2
2024-06-08 18:10:00,RG-001,0.0,1.203,28.9,66.3
2024-06-08 18:20:00,RG-001,0.0,1.2,27.8,57.8
2024-06-08 18:30:00,RG-001,0.0,1.201,28.9,61.1
2024-06-08 18:40:00,RG-001,0.0,1.198,28.3,57.6
2024-06-08 18:50:00,RG-001,0.0,1.205,27.1,60.5
2024-06-08 19:00:00,RG-001,0.0,1.203,27.4,57.7
2024-06-08 19:10:00,RG-001,0.0,1.201,26.9,60.2
2024-06-08 19:20:00,RG-001,0.0,1.195,27.1,57.8
2024-06-08 19:30:00,RG-001,0.0,1.202,26.4,56.4
2024-06-08 19:40:00,RG-001,0.0,1.202,26.5,60.9
2024-06-08 19:50:00,RG-001,0.0,1.202,27.1,57.9
2024-06-08 20:00:00,RG-001,0.0,1.197,25.7,58.5
2024-06-08 20:10:00,RG-001,0.0,1.198,26.3,57.1
2024-06-08 20:20:00,RG-001,0.0,1.206,24.9,58.4
2024-06-08 20:30:00,RG-001,0.0,1.196,25.9,59.0
2024-06-08 20:40:00,RG-001,0.0,1.197,25.0,53.8
2024-06-08 20:50:00,RG-001,0.0,1.201,24.7,57.7
2024-06-08 21:00:00,RG-001,0.0,1.204,24.4,54.1
2024-06-08 21:10:00,RG-001,0.0,1.2,24.4,56.7
2024-06-08 21:20:00,RG-001,0.0,1.201,25.3,56.6
2024-06-08 21:30:00,RG-001,0.0,1.202,24.3,56.2
2024-06-08 21:40:00,RG-001,0.0,1.194,23.5,56.7
2024-06-08 21:50:00,RG-001,0.0,1.198,23.9,58.0
2024-06-08 22:00:00,RG-001,0.0,1.198,23.1,57.8
2024-06-08 22:10:00,RG-001,0.0,1.199,23.8,58.3
2024-06-08 22:20:00,RG-001,0.0,1.197,23.7,54.8
2024-06-08 22:30:00,RG-001,0.0,1.199,22.9,54.4
2024-06-08 22:40:00,RG-001,0.0,1.206,22.7,54.3
2024-06-08 22:50:00,RG-001,0.0,1.201,23.0,58.1
2024-06-08 23:00:00,RG-001,0.0,1.204,22.0,59.7
2024-06-08 23:10:00,RG-001,0.0,1.2,22.4,57.5
2024-06-08 23:20:00,RG-001,0.0,1.201,22.5,53.9
2024-06-08 23:30:00,RG-001,0.0,1.2,21.7,57.4
2024-06-08 23:40:00,RG-001,0.0,1.203,21.8,56.1
2024-06-08 23:50:00,RG-001,0.0,1.199,21.5,56.6
2024-06-09 00:00:00,RG-001,0.0,1.2,21.2,58.3
2024-06-09 00:10:00,RG-001,0.0,1.195,21.8,56.9
2024-06-09 00:20:00,RG-001,0.0,1.202,20.8,57.0
2024-06-09 00:30:00,RG-001,0.0,1.197,21.1,57.6
2024-06-09 00:40:00,RG-001,0.0,1.202,20.9,62.2
2024-06-09 00:50:00,RG-001,0.0,1.202,20.9,60.5
2024-06-09 01:00:00,RG-001,0.0,1.2,21.5,61.5
2024-06-09 01:10:00,RG-001,0.0,1.2,21.2,57.3
2024-06-09 01:20:00,RG-001,0.0,1.198,21.3,57.5
2024-06-09 01:30:00,RG-001,0.0,1.198,21.7,58.9
2024-06-09 01:40:00,RG-001,0.0,1.198,21.3,63.1
2024-06-09 01:50:00,RG-001,0.0,1.202,21.1,58.1
2024-06-09 02:00:00,RG-001,0.0,1.201,21.7,58.7
2024-06-09 02:10:00,RG-001,0.0,1.199,21.2,57.3
2024-06-09 02:20:00,RG-001,0.0,1.203,21.4,61.0
2024-06-09 02:30:00,RG-001,0.0,1.203,21.6,63.1
2024-06-09 02:40:00,RG-001,0.0,1.191,21.1,63.4
2024-06-09 02:50:00,RG-001,0.0,1.197,21.1,57.6
2024-06-09 03:00:00,RG-001,0.0,1.204,21.7,60.1
2024-06-09 03:10:00,RG-001,0.0,1.202,20.8,62.6
2024-06-09 03:20:00,RG-001,0.0,1.199,20.7,65.0
2024-06-09 03:30:00,RG-001,0.0,1.202,21.6,64.2
2024-06-09 03:40:00,RG-001,0.0,1.203,21.6,62.1
2024-06-09 03:50:00,RG-001,0.0,1.203,22.1,65.3
2024-06-09 04:00:00,RG-001,0.0,1.197,21.4,66.7
2024-06-09 04:10:00,RG-001,0.0,1.198,21.8,63.2
2024-06-09 04:20:00,RG-001,0.0,1.202,22.1,64.7
2024-06-09 04:30:00,RG-001,0.0,1.201,22.2,67.9
2024-06-09 04:40:00,RG-001,0.0,1.201,21.9,68.7
2024-06-09 04:50:00,RG-001,0.0,1.194,23.2,63.2
2024-06-09 05:00:00,RG-001,0.0,1.203,22.1,66.1
2024-06-09 05:10:00,RG-001,0.0,1.2,22.8,66.0
2024-06-09 05:20:00,RG-001,0.0,1.198,22.7,67.7
2024-06-09 05:30:00,RG-001,0.0,1.199,22.8,69.9
2024-06-09 05:40:00,RG-001,0.0,1.198,23.4,65.8
2024-06-09 05:50:00,RG-001,0.0,1.204,22.6,65.2
2024-06-09 06:00:00,RG-001,0.0,1.198,23.3,67.6
2024-06-09 06:10:00,RG-001,0.0,1.201,24.4,68.7
2024-06-09 06:20:00,RG-001,0.0,1.198,23.2,66.4
2024-06-09 06:30:00,RG-001,0.0,1.197,24.4,70.3
2024-06-09 06:40:00,RG-001,0.0,1.199,24.0,69.7
2024-06-09 06:50:00,RG-001,0.0,1.203,25.2,70.4
2024-06-09 07:00:00,RG-001,0.0,1.197,24.9,68.3
2024-06-09 07:10:00,RG-001,0.0,1.194,25.0,69.3
2024-06-09 07:20:00,RG-001,0.0,1.201,24.8,70.0
2024-06-09 07:30:00,RG-001,0.0,1.196,25.4,69.8
2024-06-09 07:40:00,RG-001,0.0,1.2,25.7,69.6
2024-06-09 07:50:00,RG-001,0.0,1.204,26.4,72.2
2024-06-09 08:00:00,RG-001,0.0,1.202,25.9,73.3
2024-06-09 08:10:00,RG-001,0.0,1.202,26.4,70.0
2024-06-09 08:20:00,RG-001,0.0,1.193,25.8,69.4
2024-06-09 08:30:00,RG-001,0.0,1.199,26.9,71.8
2024-06-09 08:40:00,RG-001,0.0,1.202,27.4,73.7
2024-06-09 08:50:00,RG-001,0.0,1.2,27.2,71.2
2024-06-09 09:00:00,RG-001,0.0,1.2,27.3,71.7
2024-06-09 09:10:00,RG-001,0.0,1.197,27.3,74.0
2024-06-09 09:20:00,RG-001,0.0,1.204,27.9,71.8
2024-06-09 09:30:00,RG-001,0.0,1.197,27.6,70.7
2024-06-09 09:40:00,RG-001,0.0,1.199,28.2,73.2
2024-06-09 09:50:00,RG-001,0.0,1.197,28.6,69.3
2024-06-09 10:00:00,RG-001,0.0,1.201,27.6,71.9
2024-06-09 10:10:00,RG-001,0.0,1.202,28.5,74.3
2024-06-09 10:20:00,RG-001,0.0,1.199,28.5,74.5
2024-06-09 10:30:00,RG-001,0.0,1.198,28.8,71.6
2024-06-09 10:40:00,RG-001,0.0,1.199,29.1,73.0
2024-06-09 10:50:00,RG-001,0.0,1.208,29.8,72.6
2024-06-09 11:00:00,RG-001,0.0,1.193,29.8,72.8
2024-06-09 11:10:00,RG-001,0.0,1.199,29.7,72.0
2024-06-09 11:20:00,RG-001,0.0,1.202,30.2,71.4
2024-06-09 11:30:00,RG-001,0.0,1.201,29.2,73.5
2024-06-09 11:40:00,RG-001,0.0,1.199,29.6,70.3
2024-06-09 11:50:00,RG-001,0.0,1.2,30.3,71.4
2024-06-09 12:00:00,RG-001,0.0,1.198,30.7,72.5
2024-06-09 12:10:00,RG-001,0.0,1.197,30.5,71.1
2024-06-09 12:20:00,RG-001,0.0,1.198,29.8,75.9
2024-06-09 12:30:00,RG-001,0.0,1.204,29.8,73.8
2024-06-09 12:40:00,RG-001,0.0,1.203,31.4,70.3
2024-06-09 12:50:00,RG-001,0.0,1.199,30.9,70.5
2024-06-09 13:00:00,RG-001,0.0,1.2,30.6,70.9
2024-06-09 13:10:00,RG-001,0.0,1.2,31.1,65.0
2024-06-09 13:20:00,RG-001,0.0,1.202,30.8,69.0
2024-06-09 13:30:00,RG-001,0.0,1.197,31.7,65.3
2024-06-09 13:40:00,RG-001,0.0,1.204,30.2,70.0
2024-06-09 13:50:00,RG-001,0.0,1.198,30.4,68.5
2024-06-09 14:00:00,RG-001,0.0,1.202,31.1,72.4
2024-06-09 14:10:00,RG-001,0.0,1.201,30.7,67.5
2024-06-09 14:20:00,RG-001,0.0,1.197,31.0,66.8
2024-06-09 14:30:00,RG-001,0.0,1.202,30.9,66.0
2024-06-09 14:40:00,RG-001,0.0,1.204,30.3,71.0
2024-06-09 14:50:00,RG-001,0.0,1.207,30.6,67.2
2024-06-09 15:00:00,RG-001,0.0,1.202,30.1,69.8
2024-06-09 15:10:00,RG-001,0.0,1.199,30.5,66.1
2024-06-09 15:20:00,RG-001,0.0,1.199,30.9,63.2
2024-06-09 15:30:00,RG-001,0.0,1.204,30.8,64.3
2024-06-09 15:40:00,RG-001,0.0,1.206,30.6,67.6
2024-06-09 15:50:00,RG-001,0.0,1.201,30.1,68.5
2024-06-09 16:00:00,RG-001,0.0,1.2,30.8,66.8
2024-06-09 16:10:00,RG-001,0.0,1.202,30.6,64.7
2024-06-09 16:20:00,RG-001,0.0,1.202,30.1,64.4
2024-06-09 16:30:00,RG-001,0.0,1.2,30.1,62.9
2024-06-09 16:40:00,RG-001,0.0,1.198,29.9,64.3
2024-06-09 16:50:00,RG-001,0.0,1.198,29.8,63.8
2024-06-09 17:00:00,RG-001,0.0,1.197,29.1,60.2
2024-06-09 17:10:00,RG-001,0.0,1.203,28.8,61.0
2024-06-09 17:20:00,RG-001,0.0,1.201,29.5,61.7
2024-06-09 17:30:00,RG-001,0.0,1.202,30.1,62.4
2024-06-09 17:40:00,RG-001,0.0,1.195,28.4,64.2
2024-06-09 17:50:00,RG-001,0.0,1.199,29.1,64.4
2024-06-09 18:00:00,RG-001,0.0,1.2,28.4,62.2
2024-06-09 18:10:00,RG-001,0.0,1.201,28.1,60.7
2024-06-09 18:20:00,RG-001,0.0,1.198,27.8,60.5
2024-06-09 18:30:00,RG-001,0.0,1.204,28.0,59.9
2024-06-09 18:40:00,RG-001,0.0,1.198,27.8,63.1
2024-06-09 18:50:00,RG-001,0.0,1.194,28.3,58.8
2024-06-09 19:00:00,RG-001,0.0,1.196,27.9,59.3
2024-06-09 19:10:00,RG-001,0.0,1.199,27.5,59.3
2024-06-09 19:20:00,RG-001,0.0,1.202,26.9,60.8
2024-06-09 19:30:00,RG-001,0.0,1.193,26.4,58.3
2024-06-09 19:40:00,RG-001,0.0,1.2,26.8,59.1
2024-06-09 19:50:00,RG-001,0.0,1.203,26.2,57.5
2024-06-09 20:00:00,RG-001,0.0,1.203,26.1,61.8
2024-06-09 20:10:00,RG-001,0.0,1.199,25.6,57.7
2024-06-09 20:20:00,RG-001,0.0,1.204,25.6,56.9
2024-06-09 20:30:00,RG-001,0.0,1.2,26.1,59.9
2024-06-09 20:40:00,RG-001,0.0,1.201,25.0,53.9
2024-06-09 20:50:00,RG-001,0.0,1.199,25.4,59.8
2024-06-09 21:00:00,RG-001,0.0,1.2,24.6,54.5
2024-06-09 21:10:00,RG-001,0.0,1.206,24.2,57.9
2024-06-09 21:20:00,RG-001,0.0,1.202,24.7,59.0
2024-06-09 21:30:00,RG-001,0.0,1.203,24.2,54.7
2024-06-09 21:40:00,RG-001,0.0,1.199,23.7,58.1
2024-06-09 21:50:00,RG-001,0.0,1.197,23.7,55.7
2024-06-09 22:00:00,RG-001,0.0,1.199,23.5,56.8
2024-06-09 22:10:00,RG-001,0.0,1.201,23.1,57.1
2024-06-09 22:20:00,RG-001,0.0,1.198,23.4,55.8
2024-06-09 22:30:00,RG-001,0.0,1.203,22.9,55.6
2024-06-09 22:40:00,RG-001,0.0,1.194,22.6,56.3
2024-06-09 22:50:00,RG-001,0.0,1.206,22.4,58.7
2024-06-09 23:00:00,RG-001,0.0,1.2,23.0,56.0
2024-06-09 23:10:00,RG-001,0.0,1.206,22.6,59.7
2024-06-09 23:20:00,RG-001,0.0,1.206,21.6,62.9
2024-06-09 23:30:00,RG-001,0.0,1.205,21.9,57.6
2024-06-09 23:40:00,RG-001,0.0,1.2,21.8,59.3
2024-06-09 23:50:00,RG-001,0.0,1.202,22.4,59.4
2024-06-10 00:00:00,RG-001,0.0,1.197,21.2,58.5
2024-06-10 00:10:00,RG-001,0.0,1.201,21.6,59.0
2024-06-10 00:20:00,RG-001,0.0,1.2,21.9,60.6
2024-06-10 00:30:00,RG-001,0.0,1.194,20.9,58.2
2024-06-10 00:40:00,RG-001,0.0,1.197,21.0,60.3
2024-06-10 00:50:00,RG-001,0.0,1.204,20.7,56.2
2024-06-10 01:00:00,RG-001,0.0,1.196,21.3,61.3
2024-06-10 01:10:00,RG-001,0.0,1.203,21.0,61.2
2024-06-10 01:20:00,RG-001,0.0,1.2,21.7,60.4
2024-06-10 01:30:00,RG-001,0.0,1.199,21.2,58.1
2024-06-10 01:40:00,RG-001,0.0,1.196,21.1,59.4
2024-06-10 01:50:00,RG-001,0.0,1.201,21.4,58.6
2024-06-10 02:00:00,RG-001,0.0,1.202,21.5,60.3
2024-06-10 02:10:00,RG-001,0.0,1.208,20.9,59.2
2024-06-10 02:20:00,RG-001,0.0,1.199,20.7,60.8
2024-06-10 02:30:00,RG-001,0.0,1.198,20.4,61.2
2024-06-10 02:40:00,RG-001,0.0,1.202,21.0,64.1
2024-06-10 02:50:00,RG-001,0.0,1.2,21.0,63.8
2024-06-10 03:00:00,RG-001,0.0,1.198,21.1,65.7
2024-06-10 03:10:00,RG-001,0.0,1.203,21.5,64.6
2024-06-10 03:20:00,RG-001,0.0,1.201,21.3,65.4
2024-06-10 03:30:00,RG-001,0.0,1.201,22.1,65.1
2024-06-10 03:40:00,RG-001,0.0,1.204,21.2,67.5
2024-06-10 03:50:00,RG-001,0.0,1.198,21.7,65.6
2024-06-10 04:00:00,RG-001,0.0,1.203,21.8,62.8
2024-06-10 04:10:00,RG-001,0.0,1.198,21.8,67.3
2024-06-10 04:20:00,RG-001,0.0,1.201,22.1,63.4
2024-06-10 04:30:00,RG-001,0.0,1.2,22.4,65.8
2024-06-10 04:40:00,RG-001,0.0,1.2,22.1,66.6
2024-06-10 04:50:00,RG-001,0.0,1.189,22.1,69.3
2024-06-10 05:00:00,RG-001,0.0,1.199,22.8,66.9
2024-06-10 05:10:00,RG-001,0.0,1.197,22.8,65.5
2024-06-10 05:20:00,RG-001,0.0,1.2,22.5,67.1
2024-06-10 05:30:00,RG-001,0.0,1.199,23.1,66.2
2024-06-10 05:40:00,RG-001,0.0,1.201,22.9,69.4
2024-06-10 05:50:00,RG-001,0.0,1.194,23.1,67.7
2024-06-10 06:00:00,RG-001,0.0,1.199,23.3,69.9
2024-06-10 06:10:00,RG-001,0.0,1.202,23.4,71.6
2024-06-10 06:20:00,RG-001,0.0,1.197,23.5,69.2
2024-06-10 06:30:00,RG-001,0.0,1.2,23.8,71.3
2024-06-10 06:40:00,RG-001,0.0,1.205,24.8,71.7
2024-06-10 06:50:00,RG-001,2.4000000000000004,1.236,23.1,76.6
2024-06-10 07:00:00,RG-001,2.8000000000000003,1.279,21.8,85.6
2024-06-10 07:10:00,RG-001,2.9000000000000004,1.319,22.6,88.0
2024-06-10 07:20:00,RG-001,6.1000000000000005,1.405,22.5,86.6
2024-06-10 07:30:00,RG-001,4.800000000000001,1.476,22.4,90.4
2024-06-10 07:40:00,RG-001,7.5,1.588,23.3,86.7
2024-06-10 07:50:00,RG-001,9.4,1.728,23.6,88.0
2024-06-10 08:00:00,RG-001,7.2,1.818,23.1,89.8
2024-06-10 08:10:00,RG-001,6.1000000000000005,1.901,23.8,87.1
2024-06-10 08:20:00,RG-001,8.5,2.02,24.0,90.0
2024-06-10 08:30:00,RG-001,9.200000000000001,2.143,24.1,92.6
2024-06-10 08:40:00,RG-001,7.800000000000001,2.249,24.1,85.4
2024-06-10 08:50:00,RG-001,8.3,2.36,24.1,91.6
2024-06-10 09:00:00,RG-001,10.200000000000001,2.494,24.4,87.7
2024-06-10 09:10:00,RG-001,10.100000000000001,2.625,24.4,88.1
2024-06-10 09:20:00,RG-001,9.200000000000001,2.737,24.5,90.8
2024-06-10 09:30:00,RG-001,6.800000000000001,2.824,25.0,91.8
2024-06-10 09:40:00,RG-001,7.800000000000001,2.912,25.1,90.7
2024-06-10 09:50:00,RG-001,8.5,3.016,25.1,92.6
2024-06-10 10:00:00,RG-001,7.1000000000000005,3.094,26.0,91.0
2024-06-10 10:10:00,RG-001,6.300000000000001,3.158,26.4,90.0
2024-06-10 10:20:00,RG-001,5.800000000000001,3.217,26.4,91.2
2024-06-10 10:30:00,RG-001,5.7,3.272,25.6,90.3
2024-06-10 10:40:00,RG-001,5.300000000000001,3.317,26.5,91.2
2024-06-10 10:50:00,RG-001,5.1000000000000005,3.363,26.7,91.9
2024-06-10 11:00:00,RG-001,6.1000000000000005,3.427,26.7,94.8
2024-06-10 11:10:00,RG-001,3.9000000000000004,3.453,27.1,92.8
2024-06-10 11:20:00,RG-001,4.6000000000000005,3.486,27.4,91.0
2024-06-10 11:30:00,RG-001,3.6,3.503,26.7,89.2
2024-06-10 11:40:00,RG-001,2.7,3.511,27.4,94.1
2024-06-10 11:50:00,RG-001,1.6,3.504,28.3,91.7
2024-06-10 12:00:00,RG-001,1.0,3.48,27.6,89.2
2024-06-10 12:10:00,RG-001,0.0,3.451,28.5,90.3
2024-06-10 12:20:00,RG-001,0.0,3.413,28.0,86.7
2024-06-10 12:30:00,RG-001,0.0,3.381,28.2,90.0
2024-06-10 12:40:00,RG-001,0.4,3.351,28.9,84.4
2024-06-10 12:50:00,RG-001,0.5,3.33,29.9,82.8
2024-06-10 13:00:00,RG-001,0.5,3.309,29.9,78.5
2024-06-10 13:10:00,RG-001,0.6000000000000001,3.281,28.9,81.4
2024-06-10 13:20:00,RG-001,1.0,3.267,28.1,86.4
2024-06-10 13:30:00,RG-001,0.8,3.244,28.7,84.3
2024-06-10 13:40:00,RG-001,1.0,3.232,28.9,86.8
2024-06-10 13:50:00,RG-001,0.7000000000000001,3.213,28.8,85.8
2024-06-10 14:00:00,RG-001,0.9,3.197,28.7,89.9
2024-06-10 14:10:00,RG-001,0.7000000000000001,3.174,28.4,85.8
2024-06-10 14:20:00,RG-001,0.8,3.152,28.2,88.0
2024-06-10 14:30:00,RG-001,1.1,3.145,29.1,82.8
2024-06-10 14:40:00,RG-001,0.7000000000000001,3.126,28.7,84.1
2024-06-10 14:50:00,RG-001,0.8,3.107,28.4,83.8
2024-06-10 15:00:00,RG-001,0.9,3.096,28.8,83.6
2024-06-10 15:10:00,RG-001,0.8,3.077,28.6,84.0
2024-06-10 15:20:00,RG-001,0.8,3.062,28.7,84.2
2024-06-10 15:30:00,RG-001,0.7000000000000001,3.044,28.3,81.5
2024-06-10 15:40:00,RG-001,0.8,3.03,28.5,82.7
2024-06-10 15:50:00,RG-001,0.6000000000000001,3.012,27.9,85.8
2024-06-10 16:00:00,RG-001,0.6000000000000001,2.99,28.6,81.7
2024-06-10 16:10:00,RG-001,0.5,2.973,28.5,77.4
2024-06-10 16:20:00,RG-001,0.4,2.955,27.6,79.7
2024-06-10 16:30:00,RG-001,0.2,2.931,27.8,77.6
2024-06-10 16:40:00,RG-001,0.0,2.905,28.3,77.7
2024-06-10 16:50:00,RG-001,0.0,2.871,28.1,72.4
2024-06-10 17:00:00,RG-001,0.0,2.85,28.5,70.5
2024-06-10 17:10:00,RG-001,0.0,2.827,28.7,68.0
2024-06-10 17:20:00,RG-001,0.0,2.802,29.6,62.9
2024-06-10 17:30:00,RG-001,0.0,2.777,28.8,67.8
2024-06-10 17:40:00,RG-001,0.0,2.755,28.8,63.5
2024-06-10 17:50:00,RG-001,0.0,2.739,28.5,59.4
2024-06-10 18:00:00,RG-001,0.0,2.707,28.7,58.9
2024-06-10 18:10:00,RG-001,0.0,2.685,28.2,61.1
2024-06-10 18:20:00,RG-001,0.0,2.666,27.2,61.9
2024-06-10 18:30:00,RG-001,0.0,2.637,28.0,60.4
2024-06-10 18:40:00,RG-001,0.0,2.617,27.5,58.2
2024-06-10 18:50:00,RG-001,0.0,2.595,28.6,59.0
2024-06-10 19:00:00,RG-001,0.0,2.578,27.1,57.8
2024-06-10 19:10:00,RG-001,0.0,2.554,26.9,61.5
2024-06-10 19:20:00,RG-001,0.0,2.536,27.2,58.5
2024-06-10 19:30:00,RG-001,0.0,2.513,27.3,60.7
2024-06-10 19:40:00,RG-001,0.0,2.498,27.2,59.5
2024-06-10 19:50:00,RG-001,0.0,2.482,25.8,59.6
2024-06-10 20:00:00,RG-001,0.0,2.458,25.8,58.0
2024-06-10 20:10:00,RG-001,0.0,2.438,26.0,57.3
2024-06-10 20:20:00,RG-001,0.0,2.421,25.9,56.7
2024-06-10 20:30:00,RG-001,0.0,2.402,25.5,56.7
2024-06-10 20:40:00,RG-001,0.0,2.387,24.9,54.8
2024-06-10 20:50:00,RG-001,0.0,2.372,24.9,55.9
2024-06-10 21:00:00,RG-001,0.0,2.346,25.0,58.7
2024-06-10 21:10:00,RG-001,0.0,2.333,24.4,60.3
2024-06-10 21:20:00,RG-001,0.0,2.321,24.1,54.9
2024-06-10 21:30:00,RG-001,0.0,2.3,24.1,57.0
2024-06-10 21:40:00,RG-001,0.0,2.278,24.1,58.6
2024-06-10 21:50:00,RG-001,0.0,2.27,23.6,57.9
2024-06-10 22:00:00,RG-001,0.0,2.248,23.2,60.4
2024-06-10 22:10:00,RG-001,0.0,2.232,23.2,59.4
2024-06-10 22:20:00,RG-001,0.0,2.217,23.0,56.8
2024-06-10 22:30:00,RG-001,0.0,2.2,23.0,57.9
2024-06-10 22:40:00,RG-001,0.0,2.188,22.6,54.8
2024-06-10 22:50:00,RG-001,0.0,2.174,22.5,56.5
2024-06-10 23:00:00,RG-001,0.0,2.16,22.3,56.6
2024-06-10 23:10:00,RG-001,0.0,2.145,22.4,57.2
2024-06-10 23:20:00,RG-001,0.0,2.131,21.7,55.2
2024-06-10 23:30:00,RG-001,0.0,2.117,21.8,59.4
2024-06-10 23:40:00,RG-001,0.0,2.105,22.2,56.9
2024-06-10 23:50:00,RG-001,0.0,2.09,20.9,55.9
2024-06-11 00:00:00,RG-001,0.0,2.072,21.7,52.8
2024-06-11 00:10:00,RG-001,0.0,2.059,21.6,55.8
2024-06-11 00:20:00,RG-001,0.0,2.047,20.8,55.8
2024-06-11 00:30:00,RG-001,0.0,2.036,21.4,57.8
2024-06-11 00:40:00,RG-001,0.0,2.025,20.4,62.8
2024-06-11 00:50:00,RG-001,0.0,2.005,22.2,56.2
2024-06-11 01:00:00,RG-001,0.0,1.999,21.8,62.3
2024-06-11 01:10:00,RG-001,0.0,1.989,21.7,59.4
2024-06-11 01:20:00,RG-001,0.0,1.978,20.9,57.9
2024-06-11 01:30:00,RG-001,0.0,1.963,21.3,60.8
2024-06-11 01:40:00,RG-001,0.0,1.951,21.6,58.2
2024-06-11 01:50:00,RG-001,0.0,1.943,21.2,61.8
2024-06-11 02:00:00,RG-001,0.0,1.933,21.4,61.6
2024-06-11 02:10:00,RG-001,0.0,1.922,21.4,60.6
2024-06-11 02:20:00,RG-001,0.0,1.909,21.1,61.8
2024-06-11 02:30:00,RG-001,0.0,1.899,21.2,63.0
2024-06-11 02:40:00,RG-001,0.0,1.889,21.3,61.8
2024-06-11 02:50:00,RG-001,0.0,1.875,20.5,62.8
2024-06-11 03:00:00,RG-001,0.0,1.863,21.3,60.1
2024-06-11 03:10:00,RG-001,0.0,1.854,21.2,59.0
2024-06-11 03:20:00,RG-001,0.0,1.848,21.8,63.6
2024-06-11 03:30:00,RG-001,0.0,1.839,21.2,62.0
2024-06-11 03:40:00,RG-001,0.0,1.824,21.4,64.3
2024-06-11 03:50:00,RG-001,0.0,1.822,21.4,63.4
2024-06-11 04:00:00,RG-001,0.0,1.81,21.7,65.9
2024-06-11 04:10:00,RG-001,0.0,1.8,22.2,63.1
2024-06-11 04:20:00,RG-001,0.0,1.789,22.3,66.0
2024-06-11 04:30:00,RG-001,0.0,1.782,21.9,67.6
2024-06-11 04:40:00,RG-001,0.0,1.771,22.8,67.4
2024-06-11 04:50:00,RG-001,0.0,1.769,22.5,65.6
2024-06-11 05:00:00,RG-001,0.0,1.752,22.3,65.5
2024-06-11 05:10:00,RG-001,0.0,1.748,22.8,69.5
2024-06-11 05:20:00,RG-001,0.0,1.737,22.9,67.0
2024-06-11 05:30:00,RG-001,0.0,1.734,22.2,67.4
2024-06-11 05:40:00,RG-001,0.0,1.718,23.0,68.5
2024-06-11 05:50:00,RG-001,0.0,1.713,23.4,67.9
2024-06-11 06:00:00,RG-001,0.0,1.706,22.3,66.6
2024-06-11 06:10:00,RG-001,0.0,1.704,24.4,74.0
2024-06-11 06:20:00,RG-001,0.0,1.695,23.8,70.6
2024-06-11 06:30:00,RG-001,0.0,1.687,24.5,65.8
2024-06-11 06:40:00,RG-001,0.0,1.676,24.4,69.5
2024-06-11 06:50:00,RG-001,0.0,1.675,24.6,70.6
2024-06-11 07:00:00,RG-001,0.0,1.662,24.3,72.1
2024-06-11 07:10:00,RG-001,0.0,1.658,25.1,71.0
2024-06-11 07:20:00,RG-001,0.0,1.652,25.1,68.9
2024-06-11 07:30:00,RG-001,0.0,1.643,25.3,70.1
2024-06-11 07:40:00,RG-001,0.0,1.636,25.3,72.2
2024-06-11 07:50:00,RG-001,0.0,1.63,25.5,73.7
2024-06-11 08:00:00,RG-001,0.0,1.617,26.5,72.4
2024-06-11 08:10:00,RG-001,0.0,1.621,26.6,71.4
2024-06-11 08:20:00,RG-001,0.0,1.61,26.7,74.0
2024-06-11 08:30:00,RG-001,0.0,1.603,26.6,75.0
2024-06-11 08:40:00,RG-001,0.0,1.605,26.8,72.7
2024-06-11 08:50:00,RG-001,0.0,1.594,27.7,73.6
2024-06-11 09:00:00,RG-001,0.0,1.589,27.0,73.4
2024-06-11 09:10:00,RG-001,0.0,1.584,27.6,75.0
2024-06-11 09:20:00,RG-001,0.0,1.58,27.5,71.0
2024-06-11 09:30:00,RG-001,0.0,1.566,28.0,73.8
2024-06-11 09:40:00,RG-001,0.0,1.572,28.7,71.4
2024-06-11 09:50:00,RG-001,0.0,1.56,27.8,71.8
2024-06-11 10:00:00,RG-001,0.0,1.55,28.8,71.7
2024-06-11 10:10:00,RG-001,0.0,1.549,29.0,73.5
2024-06-11 10:20:00,RG-001,0.0,1.548,28.6,73.7
2024-06-11 10:30:00,RG-001,0.0,1.536,29.3,74.4
2024-06-11 10:40:00,RG-001,0.0,1.533,29.4,70.6
2024-06-11 10:50:00,RG-001,0.0,1.526,29.5,70.1
2024-06-11 11:00:00,RG-001,0.0,1.515,29.5,72.5
2024-06-11 11:10:00,RG-001,0.0,1.516,29.7,72.5
2024-06-11 11:20:00,RG-001,0.0,1.511,30.0,74.3
2024-06-11 11:30:00,RG-001,0.0,1.506,29.7,73.1
2024-06-11 11:40:00,RG-001,0.0,1.507,30.4,70.7
2024-06-11 11:50:00,RG-001,0.0,1.499,29.9,74.6
2024-06-11 12:00:00,RG-001,0.0,1.498,31.2,69.7
2024-06-11 12:10:00,RG-001,0.0,1.493,30.2,70.1
2024-06-11 12:20:00,RG-001,0.0,1.484,30.9,75.3
2024-06-11 12:30:00,RG-001,0.0,1.48,30.0,72.2
2024-06-11 12:40:00,RG-001,0.0,1.475,30.1,67.0
2024-06-11 12:50:00,RG-001,0.0,1.477,30.5,71.6
2024-06-11 13:00:00,RG-001,0.0,1.465,30.5,70.9
2024-06-11 13:10:00,RG-001,0.0,1.461,31.4,71.5
2024-06-11 13:20:00,RG-001,0.0,1.462,31.0,67.4
2024-06-11 13:30:00,RG-001,0.0,1.456,30.1,69.0
2024-06-11 13:40:00,RG-001,0.0,1.458,31.2,66.6
2024-06-11 13:50:00,RG-001,0.0,1.447,31.4,68.4
2024-06-11 14:00:00,RG-001,0.0,1.446,30.9,68.9
2024-06-11 14:10:00,RG-001,0.0,1.442,29.7,69.5
2024-06-11 14:20:00,RG-001,0.0,1.435,30.3,65.5
2024-06-11 14:30:00,RG-001,0.0,1.435,30.0,67.6
2024-06-11 14:40:00,RG-001,0.0,1.432,30.9,70.1
2024-06-11 14:50:00,RG-001,0.0,1.427,30.5,66.8
2024-06-11 15:00:00,RG-001,0.0,1.423,30.5,69.3
2024-06-11 15:10:00,RG-001,0.0,1.427,31.1,68.0
2024-06-11 15:20:00,RG-001,0.0,1.417,30.6,62.7
2024-06-11 15:30:00,RG-001,0.0,1.412,30.6,66.4
2024-06-11 15:40:00,RG-001,0.0,1.412,30.2,66.8
2024-06-11 15:50:00,RG-001,0.0,1.411,30.5,63.8
2024-06-11 16:00:00,RG-001,0.0,1.402,30.2,66.0
2024-06-11 16:10:00,RG-001,0.0,1.399,30.0,65.8
2024-06-11 16:20:00,RG-001,0.0,1.401,29.8,60.2
2024-06-11 16:30:00,RG-001,0.0,1.396,29.6,62.2
2024-06-11 16:40:00,RG-001,0.0,1.398,29.6,62.6
2024-06-11 16:50:00,RG-001,0.0,1.395,29.1,64.5
2024-06-11 17:00:00,RG-001,0.0,1.386,30.1,62.4
2024-06-11 17:10:00,RG-001,0.0,1.383,30.0,62.0
2024-06-11 17:20:00,RG-001,0.0,1.382,29.5,62.0
2024-06-11 17:30:00,RG-001,0.0,1.379,28.3,60.6
2024-06-11 17:40:00,RG-001,0.0,1.379,28.6,61.1
2024-06-11 17:50:00,RG-001,0.0,1.374,28.1,64.4
2024-06-11 18:00:00,RG-001,0.0,1.373,28.9,61.7
2024-06-11 18:10:00,RG-001,0.0,1.37,28.5,62.8
2024-06-11 18:20:00,RG-001,0.0,1.36,28.7,64.3
2024-06-11 18:30:00,RG-001,0.0,1.36,28.1,60.7
2024-06-11 18:40:00,RG-001,0.0,1.366,27.7,58.3
2024-06-11 18:50:00,RG-001,0.0,1.36,27.5,60.2
2024-06-11 19:00:00,RG-001,0.0,1.353,27.4,58.7
2024-06-11 19:10:00,RG-001,0.0,1.361,26.8,61.7
2024-06-11 19:20:00,RG-001,0.0,1.356,27.5,58.8
2024-06-11 19:30:00,RG-001,0.0,1.345,26.2,56.6
2024-06-11 19:40:00,RG-001,0.0,1.347,27.1,57.9
2024-06-11 19:50:00,RG-001,0.0,1.346,26.6,59.6
2024-06-11 20:00:00,RG-001,0.0,1.342,26.3,57.2
2024-06-11 20:10:00,RG-001,0.0,1.338,25.9,55.0
2024-06-11 20:20:00,RG-001,0.0,1.341,25.6,55.5
2024-06-11 20:30:00,RG-001,0.0,1.336,25.4,56.6
2024-06-11 20:40:00,RG-001,0.0,1.334,25.1,57.3
2024-06-11 20:50:00,RG-001,0.0,1.338,24.6,57.5
2024-06-11 21:00:00,RG-001,0.0,1.33,24.8,57.2
2024-06-11 21:10:00,RG-001,0.0,1.325,24.9,59.3
2024-06-11 21:20:00,RG-001,0.0,1.326,24.6,55.7
2024-06-11 21:30:00,RG-001,0.0,1.327,24.2,57.0
2024-06-11 21:40:00,RG-001,0.0,1.327,24.4,56.5
2024-06-11 21:50:00,RG-001,0.0,1.322,24.8,57.1
2024-06-11 22:00:00,RG-001,0.0,1.314,23.5,53.6
2024-06-11 22:10:00,RG-001,0.0,1.314,23.4,55.6
2024-06-11 22:20:00,RG-001,0.0,1.314,22.8,53.1
2024-06-11 22:30:00,RG-001,0.0,1.312,23.5,59.3
2024-06-11 22:40:00,RG-001,0.0,1.314,22.6,59.5
2024-06-11 22:50:00,RG-001,0.0,1.308,22.2,56.2
2024-06-11 23:00:00,RG-001,0.0,1.312,22.3,60.3
2024-06-11 23:10:00,RG-001,0.0,1.311,22.0,56.6
2024-06-11 23:20:00,RG-001,0.0,1.305,22.5,55.2
2024-06-11 23:30:00,RG-001,0.0,1.299,22.4,57.7
2024-06-11 23:40:00,RG-001,0.0,1.305,22.1,60.5
2024-06-11 23:50:00,RG-001,0.0,1.302,21.7,56.3
2024-06-12 00:00:00,RG-001,0.0,1.298,21.2,56.0
2024-06-12 00:10:00,RG-001,0.0,1.297,21.2,60.0
2024-06-12 00:20:00,RG-001,0.0,1.295,21.9,58.7
2024-06-12 00:30:00,RG-001,0.0,1.293,21.1,57.0
2024-06-12 00:40:00,RG-001,0.0,1.292,20.6,62.2
2024-06-12 00:50:00,RG-001,0.0,1.294,20.9,61.0
2024-06-12 01:00:00,RG-001,0.0,1.289,20.9,58.9
2024-06-12 01:10:00,RG-001,0.0,1.293,21.8,58.9
2024-06-12 01:20:00,RG-001,0.0,1.284,20.9,60.3
2024-06-12 01:30:00,RG-001,0.0,1.291,20.9,60.3
2024-06-12 01:40:00,RG-001,0.0,1.288,20.2,58.3
2024-06-12 01:50:00,RG-001,0.0,1.285,21.1,60.5
2024-06-12 02:00:00,RG-001,0.0,1.281,21.3,63.2
2024-06-12 02:10:00,RG-001,0.0,1.278,20.9,61.2
2024-06-12 02:20:00,RG-001,0.0,1.284,21.1,58.8
2024-06-12 02:30:00,RG-001,0.0,1.278,20.8,61.9
2024-06-12 02:40:00,RG-001,0.0,1.275,21.4,60.9
2024-06-12 02:50:00,RG-001,0.0,1.278,22.2,61.5
2024-06-12 03:00:00,RG-001,0.0,1.272,21.1,63.6
2024-06-12 03:10:00,RG-001,0.0,1.276,21.3,64.3
2024-06-12 03:20:00,RG-001,0.0,1.274,21.2,61.7
2024-06-12 03:30:00,RG-001,0.0,1.278,21.0,65.7
2024-06-12 03:40:00,RG-001,0.0,1.263,21.4,63.2
2024-06-12 03:50:00,RG-001,0.0,1.272,21.6,70.2
2024-06-12 04:00:00,RG-001,0.0,1.268,21.7,66.2
2024-06-12 04:10:00,RG-001,0.30000000000000004,1.273,21.4,66.4
2024-06-12 04:20:00,RG-001,0.4,1.278,21.9,68.4
2024-06-12 04:30:00,RG-001,0.5,1.284,20.8,73.6
2024-06-12 04:40:00,RG-001,0.8,1.294,20.9,78.0
2024-06-12 04:50:00,RG-001,0.9,1.307,20.8,81.4
2024-06-12 05:00:00,RG-001,1.1,1.32,20.3,84.8
2024-06-12 05:10:00,RG-001,0.9,1.33,20.8,87.3
2024-06-12 05:20:00,RG-001,1.0,1.342,20.8,82.5
2024-06-12 05:30:00,RG-001,1.2000000000000002,1.363,20.5,82.6
2024-06-12 05:40:00,RG-001,0.9,1.375,20.8,87.6
2024-06-12 05:50:00,RG-001,1.0,1.386,20.5,85.5
2024-06-12 06:00:00,RG-001,0.9,1.393,20.2,87.6
2024-06-12 06:10:00,RG-001,0.7000000000000001,1.408,21.4,86.8
2024-06-12 06:20:00,RG-001,0.9,1.412,21.2,84.0
2024-06-12 06:30:00,RG-001,1.0,1.423,21.7,84.3
2024-06-12 06:40:00,RG-001,1.1,1.437,22.0,89.1
2024-06-12 06:50:00,RG-001,0.5,1.444,22.4,82.6
2024-06-12 07:00:00,RG-001,0.7000000000000001,1.444,23.0,89.7
2024-06-12 07:10:00,RG-001,0.7000000000000001,1.453,22.6,87.3
2024-06-12 07:20:00,RG-001,0.6000000000000001,1.467,22.4,88.3
2024-06-12 07:30:00,RG-001,0.30000000000000004,1.46,23.6,83.7
2024-06-12 07:40:00,RG-001,0.30000000000000004,1.459,23.9,87.2
2024-06-12 07:50:00,RG-001,0.2,1.459,24.4,83.7
2024-06-12 08:00:00,RG-001,0.2,1.456,23.7,78.2
2024-06-12 08:10:00,RG-001,0.1,1.459,24.8,83.6
2024-06-12 08:20:00,RG-001,0.0,1.454,25.0,75.4
2024-06-12 08:30:00,RG-001,0.0,1.452,26.3,77.4
2024-06-12 08:40:00,RG-001,0.0,1.438,26.6,75.4
2024-06-12 08:50:00,RG-001,0.0,1.446,27.2,74.9
2024-06-12 09:00:00,RG-001,0.0,1.438,27.4,74.0
2024-06-12 09:10:00,RG-001,0.0,1.441,27.5,72.3
2024-06-12 09:20:00,RG-001,0.0,1.427,27.8,73.7
2024-06-12 09:30:00,RG-001,0.30000000000000004,1.434,27.7,76.9
2024-06-12 09:40:00,RG-001,0.7000000000000001,1.438,27.1,80.7
2024-06-12 09:50:00,RG-001,1.1,1.45,26.9,85.2
2024-06-12 10:00:00,RG-001,1.0,1.464,26.2,85.8
2024-06-12 10:10:00,RG-001,1.6,1.484,26.6,90.0
2024-06-12 10:20:00,RG-001,2.4000000000000004,1.511,26.5,88.9
2024-06-12 10:30:00,RG-001,2.2,1.543,26.9,90.2
2024-06-12 10:40:00,RG-001,2.4000000000000004,1.583,26.3,87.7
2024-06-12 10:50:00,RG-001,3.1,1.615,26.5,92.7
2024-06-12 11:00:00,RG-001,3.2,1.662,27.1,93.0
2024-06-12 11:10:00,RG-001,3.8000000000000003,1.704,26.9,91.1
2024-06-12 11:20:00,RG-001,3.6,1.755,27.0,89.0
2024-06-12 11:30:00,RG-001,3.0,1.798,27.8,95.1
2024-06-12 11:40:00,RG-001,3.1,1.831,28.0,87.2
2024-06-12 11:50:00,RG-001,1.3,1.836,28.2,87.9
2024-06-12 12:00:00,RG-001,1.9000000000000001,1.854,27.5,87.9
2024-06-12 12:10:00,RG-001,1.4000000000000001,1.87,27.8,89.9
2024-06-12 12:20:00,RG-001,0.0,1.858,28.0,88.3
2024-06-12 12:30:00,RG-001,0.0,1.848,27.6,89.6
2024-06-12 12:40:00,RG-001,0.0,1.835,28.3,90.2
2024-06-12 12:50:00,RG-001,0.0,1.833,29.0,85.6
2024-06-12 13:00:00,RG-001,0.0,1.816,29.1,79.3
2024-06-12 13:10:00,RG-001,0.0,1.811,31.4,68.2
2024-06-12 13:20:00,RG-001,0.0,1.802,31.4,71.2
2024-06-12 13:30:00,RG-001,0.0,1.796,31.1,70.5
2024-06-12 13:40:00,RG-001,0.0,1.782,31.6,72.7
2024-06-12 13:50:00,RG-001,0.0,1.77,31.2,66.6
2024-06-12 14:00:00,RG-001,0.0,1.767,31.4,73.6
2024-06-12 14:10:00,RG-001,0.0,1.757,30.7,71.5
2024-06-12 14:20:00,RG-001,0.0,1.745,30.7,69.7
2024-06-12 14:30:00,RG-001,0.0,1.739,30.0,68.8
2024-06-12 14:40:00,RG-001,0.0,1.734,31.4,68.6
2024-06-12 14:50:00,RG-001,0.0,1.727,30.1,69.7
2024-06-12 15:00:00,RG-001,0.0,1.72,31.3,67.2
2024-06-12 15:10:00,RG-001,0.0,1.713,30.8,68.1
2024-06-12 15:20:00,RG-001,0.0,1.704,30.5,66.4
2024-06-12 15:30:00,RG-001,0.0,1.692,30.4,67.2
2024-06-12 15:40:00,RG-001,0.0,1.687,30.4,65.8
2024-06-12 15:50:00,RG-001,0.0,1.679,29.8,67.1
2024-06-12 16:00:00,RG-001,0.0,1.67,30.5,65.5
2024-06-12 16:10:00,RG-001,0.0,1.66,31.4,64.8
2024-06-12 16:20:00,RG-001,0.0,1.658,29.7,67.0
2024-06-12 16:30:00,RG-001,0.0,1.654,29.8,63.1
2024-06-12 16:40:00,RG-001,0.0,1.642,29.8,65.2
2024-06-12 16:50:00,RG-001,0.0,1.64,28.7,65.6
2024-06-12 17:00:00,RG-001,0.0,1.63,30.2,63.2
2024-06-12 17:10:00,RG-001,0.0,1.626,28.8,62.8
2024-06-12 17:20:00,RG-001,0.0,1.619,29.2,60.3
2024-06-12 17:30:00,RG-001,0.0,1.616,29.2,62.9
2024-06-12 17:40:00,RG-001,0.0,1.605,29.2,61.5
2024-06-12 17:50:00,RG-001,0.0,1.609,28.6,62.1
2024-06-12 18:00:00,RG-001,0.0,1.595,28.4,59.0
2024-06-12 18:10:00,RG-001,0.0,1.585,28.6,62.2
2024-06-12 18:20:00,RG-001,0.0,1.582,27.9,65.1
2024-06-12 18:30:00,RG-001,0.0,1.573,28.0,58.4
2024-06-12 18:40:00,RG-001,0.0,1.571,27.7,59.9
2024-06-12 18:50:00,RG-001,0.0,1.564,27.7,62.6
2024-06-12 19:00:00,RG-001,0.0,1.565,27.9,60.5
2024-06-12 19:10:00,RG-001,0.0,1.558,27.5,58.2
2024-06-12 19:20:00,RG-001,0.0,1.551,26.9,59.7
2024-06-12 19:30:00,RG-001,0.0,1.543,26.6,57.8
2024-06-12 19:40:00,RG-001,0.0,1.54,26.5,56.9
2024-06-12 19:50:00,RG-001,0.0,1.533,25.6,56.9
2024-06-12 20:00:00,RG-001,0.0,1.536,25.9,57.2
2024-06-12 20:10:00,RG-001,0.0,1.526,24.7,54.4
2024-06-12 20:20:00,RG-001,0.0,1.52,25.2,59.1
2024-06-12 20:30:00,RG-001,0.0,1.512,24.6,58.2
2024-06-12 20:40:00,RG-001,0.0,1.507,25.1,59.3
2024-06-12 20:50:00,RG-001,0.0,1.502,24.5,58.5
2024-06-12 21:00:00,RG-001,0.0,1.5,24.8,56.8
2024-06-12 21:10:00,RG-001,0.0,1.5,24.7,55.2
2024-06-12 21:20:00,RG-001,0.0,1.487,24.4,57.4
2024-06-12 21:30:00,RG-001,0.0,1.484,23.3,57.4
2024-06-12 21:40:00,RG-001,0.0,1.48,24.4,56.0
2024-06-12 21:50:00,RG-001,0.0,1.483,23.9,58.0
2024-06-12 22:00:00,RG-001,0.0,1.478,24.2,55.6
2024-06-12 22:10:00,RG-001,0.0,1.472,23.8,57.3
2024-06-12 22:20:00,RG-001,0.0,1.465,22.3,58.9
2024-06-12 22:30:00,RG-001,0.0,1.459,22.9,58.9
2024-06-12 22:40:00,RG-001,0.0,1.462,23.1,58.1
2024-06-12 22:50:00,RG-001,0.0,1.452,22.6,61.8
2024-06-12 23:00:00,RG-001,0.0,1.451,23.1,58.3
2024-06-12 23:10:00,RG-001,0.0,1.448,23.1,60.0
2024-06-12 23:20:00,RG-001,0.0,1.442,22.3,56.4
2024-06-12 23:30:00,RG-001,0.0,1.444,21.5,62.1
2024-06-12 23:40:00,RG-001,0.0,1.437,22.0,56.1
2024-06-12 23:50:00,RG-001,0.0,1.427,21.6,59.4
2024-06-13 00:00:00,RG-001,0.0,1.431,21.4,62.0
2024-06-13 00:10:00,RG-001,0.0,1.421,22.5,59.6
2024-06-13 00:20:00,RG-001,0.0,1.418,20.7,58.7
2024-06-13 00:30:00,RG-001,0.0,1.419,21.3,56.9
2024-06-13 00:40:00,RG-001,0.0,1.419,21.2,58.6
2024-06-13 00:50:00,RG-001,0.0,1.413,21.4,57.5
2024-06-13 01:00:00,RG-001,0.0,1.409,21.3,59.1
2024-06-13 01:10:00,RG-001,0.0,1.406,21.7,62.4
2024-06-13 01:20:00,RG-001,0.0,1.403,21.3,63.5
2024-06-13 01:30:00,RG-001,0.0,1.399,21.4,59.8
2024-06-13 01:40:00,RG-001,0.0,1.391,21.0,57.4
2024-06-13 01:50:00,RG-001,0.0,1.397,20.1,61.7
2024-06-13 02:00:00,RG-001,0.0,1.384,21.9,65.6
2024-06-13 02:10:00,RG-001,0.0,1.387,20.7,64.1
2024-06-13 02:20:00,RG-001,0.0,1.389,21.3,63.3
2024-06-13 02:30:00,RG-001,0.0,1.384,21.2,63.5
2024-06-13 02:40:00,RG-001,0.0,1.377,21.2,64.4
2024-06-13 02:50:00,RG-001,0.0,1.382,21.3,60.6
2024-06-13 03:00:00,RG-001,0.0,1.378,21.4,62.5
2024-06-13 03:10:00,RG-001,0.0,1.369,21.5,64.3
2024-06-13 03:20:00,RG-001,0.0,1.369,21.2,62.6
2024-06-13 03:30:00,RG-001,0.0,1.366,21.5,60.7
2024-06-13 03:40:00,RG-001,0.0,1.363,21.5,60.8
2024-06-13 03:50:00,RG-001,0.0,1.361,21.1,67.1
2024-06-13 04:00:00,RG-001,0.0,1.36,21.2,64.5
2024-06-13 04:10:00,RG-001,0.0,1.361,21.7,66.0
2024-06-13 04:20:00,RG-001,0.0,1.355,21.9,66.3
2024-06-13 04:30:00,RG-001,0.0,1.357,21.9,66.8
2024-06-13 04:40:00,RG-001,0.0,1.348,22.4,65.3
2024-06-13 04:50:00,RG-001,0.0,1.347,22.4,67.2
2024-06-13 05:00:00,RG-001,0.0,1.351,23.1,69.6
2024-06-13 05:10:00,RG-001,0.0,1.338,22.8,66.5
2024-06-13 05:20:00,RG-001,0.0,1.339,22.3,66.5
2024-06-13 05:30:00,RG-001,0.0,1.337,23.5,67.2
2024-06-13 05:40:00,RG-001,0.0,1.338,23.0,68.6
2024-06-13 05:50:00,RG-001,0.0,1.336,23.5,71.8
2024-06-13 06:00:00,RG-001,0.0,1.329,23.6,67.6
2024-06-13 06:10:00,RG-001,0.0,1.332,23.4,67.4
2024-06-13 06:20:00,RG-001,0.0,1.325,24.7,68.2
2024-06-13 06:30:00,RG-001,0.0,1.322,23.8,70.2
2024-06-13 06:40:00,RG-001,0.0,1.326,23.9,69.5
2024-06-13 06:50:00,RG-001,0.0,1.328,24.9,73.4
2024-06-13 07:00:00,RG-001,0.0,1.323,24.9,68.0
2024-06-13 07:10:00,RG-001,0.0,1.318,24.3,74.3
2024-06-13 07:20:00,RG-001,0.0,1.316,25.7,69.0
2024-06-13 07:30:00,RG-001,0.0,1.316,24.8,72.2
2024-06-13 07:40:00,RG-001,0.0,1.308,24.9,72.1
2024-06-13 07:50:00,RG-001,0.0,1.311,26.0,71.2
2024-06-13 08:00:00,RG-001,0.0,1.308,26.6,70.7
2024-06-13 08:10:00,RG-001,0.0,1.31,26.8,74.4
2024-06-13 08:20:00,RG-001,0.0,1.309,26.4,72.2
2024-06-13 08:30:00,RG-001,0.0,1.301,26.7,71.3
2024-06-13 08:40:00,RG-001,0.0,1.305,27.0,74.2
2024-06-13 08:50:00,RG-001,0.0,1.3,27.4,73.5
2024-06-13 09:00:00,RG-001,0.0,1.297,27.6,72.8
2024-06-13 09:10:00,RG-001,0.0,1.3,28.0,71.3
2024-06-13 09:20:00,RG-001,0.0,1.299,27.2,72.4
2024-06-13 09:30:00,RG-001,0.0,1.296,27.6,75.1
2024-06-13 09:40:00,RG-001,0.0,1.297,28.0,74.3
2024-06-13 09:50:00,RG-001,0.0,1.296,28.0,77.0
2024-06-13 10:00:00,RG-001,0.0,1.294,29.2,75.6
2024-06-13 10:10:00,RG-001,0.0,1.292,28.2,73.6
2024-06-13 10:20:00,RG-001,0.0,1.287,28.8,71.7
2024-06-13 10:30:00,RG-001,0.0,1.284,28.9,75.4
2024-06-13 10:40:00,RG-001,0.0,1.281,29.1,70.0
2024-06-13 10:50:00,RG-001,0.0,1.288,28.2,69.2
2024-06-13 11:00:00,RG-001,0.0,1.284,29.7,71.6
2024-06-13 11:10:00,RG-001,0.0,1.286,29.9,71.9
2024-06-13 11:20:00,RG-001,0.0,1.282,29.4,69.3
2024-06-13 11:30:00,RG-001,0.0,1.279,29.6,68.4
2024-06-13 11:40:00,RG-001,0.0,1.278,29.8,73.6
2024-06-13 11:50:00,RG-001,0.0,1.279,30.8,71.0
2024-06-13 12:00:00,RG-001,0.0,1.276,30.7,72.8
2024-06-13 12:10:00,RG-001,0.0,1.276,30.1,71.7
2024-06-13 12:20:00,RG-001,0.0,1.279,30.3,71.1
2024-06-13 12:30:00,RG-001,0.0,1.27,31.2,72.4
2024-06-13 12:40:00,RG-001,0.0,1.273,30.9,70.8
2024-06-13 12:50:00,RG-001,0.0,1.272,29.7,72.6
2024-06-13 13:00:00,RG-001,0.0,1.27,30.1,68.5
2024-06-13 13:10:00,RG-001,0.0,1.271,30.5,68.7
2024-06-13 13:20:00,RG-001,0.0,1.261,30.6,68.3
2024-06-13 13:30:00,RG-001,0.0,1.269,31.5,69.2
2024-06-13 13:40:00,RG-001,0.0,1.266,30.3,73.1
2024-06-13 13:50:00,RG-001,0.0,1.266,31.7,65.5
2024-06-13 14:00:00,RG-001,0.0,1.269,31.4,72.1
2024-06-13 14:10:00,RG-001,0.0,1.263,30.7,70.3
2024-06-13 14:20:00,RG-001,0.0,1.262,31.2,70.2
2024-06-13 14:30:00,RG-001,0.0,1.26,30.4,66.6
2024-06-13 14:40:00,RG-001,0.0,1.255,31.0,66.9
2024-06-13 14:50:00,RG-001,0.0,1.256,31.2,68.5
2024-06-13 15:00:00,RG-001,0.0,1.256,31.3,65.2
2024-06-13 15:10:00,RG-001,0.0,1.257,30.4,66.8
2024-06-13 15:20:00,RG-001,0.0,1.257,31.1,64.3
2024-06-13 15:30:00,RG-001,0.0,1.257,30.5,69.2
2024-06-13 15:40:00,RG-001,0.0,1.257,30.7,67.2
2024-06-13 15:50:00,RG-001,0.0,1.257,29.8,64.0
2024-06-13 16:00:00,RG-001,0.0,1.253,30.0,64.9
2024-06-13 16:10:00,RG-001,0.0,1.255,29.9,65.3
2024-06-13 16:20:00,RG-001,0.0,1.25,30.7,63.1
2024-06-13 16:30:00,RG-001,0.0,1.251,29.7,62.7
2024-06-13 16:40:00,RG-001,0.0,1.247,29.9,66.8
2024-06-13 16:50:00,RG-001,0.0,1.254,29.6,61.9
2024-06-13 17:00:00,RG-001,0.0,1.251,29.5,68.5
2024-06-13 17:10:00,RG-001,0.0,1.251,29.4,61.4
2024-06-13 17:20:00,RG-001,0.0,1.246,29.3,59.0
2024-06-13 17:30:00,RG-001,0.0,1.248,29.9,65.0
2024-06-13 17:40:00,RG-001,0.0,1.244,29.1,61.2
2024-06-13 17:50:00,RG-001,0.0,1.243,28.6,58.7
2024-06-13 18:00:00,RG-001,0.0,1.246,28.3,60.1
2024-06-13 18:10:00,RG-001,0.0,1.242,27.8,62.8
2024-06-13 18:20:00,RG-001,0.0,1.246,27.8,59.8
2024-06-13 18:30:00,RG-001,0.0,1.24,28.1,63.0
2024-06-13 18:40:00,RG-001,0.0,1.236,27.0,61.7
2024-06-13 18:50:00,RG-001,0.0,1.243,27.7,60.1
2024-06-13 19:00:00,RG-001,0.0,1.242,27.3,59.4
2024-06-13 19:10:00,RG-001,0.0,1.237,26.9,59.2
2024-06-13 19:20:00,RG-001,0.0,1.244,26.6,58.0
2024-06-13 19:30:00,RG-001,0.0,1.241,26.5,61.0
2024-06-13 19:40:00,RG-001,0.0,1.243,26.6,58.0
2024-06-13 19:50:00,RG-001,0.0,1.239,26.1,55.6
2024-06-13 20:00:00,RG-001,0.0,1.233,25.9,56.6
2024-06-13 20:10:00,RG-001,0.0,1.238,26.1,60.2
2024-06-13 20:20:00,RG-001,0.0,1.236,25.5,58.4
2024-06-13 20:30:00,RG-001,0.0,1.236,24.7,59.0
2024-06-13 20:40:00,RG-001,0.0,1.236,25.3,55.7
2024-06-13 20:50:00,RG-001,0.0,1.235,24.8,58.2
2024-06-13 21:00:00,RG-001,0.0,1.233,25.3,58.5
2024-06-13 21:10:00,RG-001,0.0,1.231,24.9,53.3
2024-06-13 21:20:00,RG-001,0.0,1.237,24.3,57.3
2024-06-13 21:30:00,RG-001,0.0,1.236,23.6,54.5
2024-06-13 21:40:00,RG-001,0.0,1.232,23.9,60.0
2024-06-13 21:50:00,RG-001,0.0,1.232,23.9,54.7
2024-06-13 22:00:00,RG-001,0.0,1.231,24.0,59.4
2024-06-13 22:10:00,RG-001,0.0,1.23,23.6,58.1
2024-06-13 22:20:00,RG-001,0.0,1.224,24.0,53.0
2024-06-13 22:30:00,RG-001,0.0,1.228,23.6,58.2
2024-06-13 22:40:00,RG-001,0.0,1.233,22.9,58.1
2024-06-13 22:50:00,RG-001,0.0,1.23,22.6,57.7
2024-06-13 23:00:00,RG-001,0.0,1.232,22.4,55.3
2024-06-13 23:10:00,RG-001,0.0,1.227,22.4,61.0
2024-06-13 23:20:00,RG-001,0.0,1.222,22.0,56.1
2024-06-13 23:30:00,RG-001,0.0,1.229,23.1,56.6
2024-06-13 23:40:00,RG-001,0.0,1.23,21.4,59.0
2024-06-13 23:50:00,RG-001,0.0,1.228,21.6,59.6
2024-06-14 00:00:00,RG-001,0.0,1.219,21.7,57.1
2024-06-14 00:10:00,RG-001,0.0,1.225,21.4,60.1
2024-06-14 00:20:00,RG-001,0.0,1.227,21.8,58.6
2024-06-14 00:30:00,RG-001,0.0,1.221,21.1,57.6
2024-06-14 00:40:00,RG-001,0.0,1.223,21.3,58.6
2024-06-14 00:50:00,RG-001,0.0,1.222,21.3,57.8
2024-06-14 01:00:00,RG-001,0.0,1.228,21.7,59.1
2024-06-14 01:10:00,RG-001,0.0,1.22,20.8,60.3
2024-06-14 01:20:00,RG-001,0.0,1.224,20.8,63.0
2024-06-14 01:30:00,RG-001,0.0,1.216,20.3,60.8
2024-06-14 01:40:00,RG-001,0.0,1.221,20.7,60.7
2024-06-14 01:50:00,RG-001,0.0,1.226,21.7,59.1
2024-06-14 02:00:00,RG-001,0.0,1.217,20.7,63.6
2024-06-14 02:10:00,RG-001,0.0,1.225,21.1,62.6
2024-06-14 02:20:00,RG-001,0.0,1.224,20.7,63.3
2024-06-14 02:30:00,RG-001,0.0,1.222,21.2,64.9
2024-06-14 02:40:00,RG-001,0.0,1.224,20.6,63.7
2024-06-14 02:50:00,RG-001,0.0,1.22,20.8,64.4
2024-06-14 03:00:00,RG-001,0.0,1.221,21.3,61.2
2024-06-14 03:10:00,RG-001,0.0,1.216,21.0,61.1
2024-06-14 03:20:00,RG-001,0.0,1.217,21.1,61.9
2024-06-14 03:30:00,RG-001,0.0,1.22,22.0,62.2
2024-06-14 03:40:00,RG-001,0.0,1.214,21.7,63.7
2024-06-14 03:50:00,RG-001,0.0,1.22,21.5,62.9
2024-06-14 04:00:00,RG-001,0.0,1.222,21.7,65.6
2024-06-14 04:10:00,RG-001,0.0,1.216,21.2,68.2
2024-06-14 04:20:00,RG-001,0.0,1.215,22.1,63.3
2024-06-14 04:30:00,RG-001,0.0,1.218,21.4,66.2
2024-06-14 04:40:00,RG-001,0.0,1.219,22.0,63.0
2024-06-14 04:50:00,RG-001,0.0,1.213,22.8,65.5
2024-06-14 05:00:00,RG-001,0.0,1.216,22.6,69.1
2024-06-14 05:10:00,RG-001,0.0,1.217,22.5,64.8
2024-06-14 05:20:00,RG-001,0.0,1.216,22.9,69.4
2024-06-14 05:30:00,RG-001,0.0,1.217,22.9,69.2
2024-06-14 05:40:00,RG-001,0.0,1.216,23.3,69.2
2024-06-14 05:50:00,RG-001,0.0,1.216,23.2,69.6
2024-06-14 06:00:00,RG-001,0.0,1.214,23.6,69.7
2024-06-14 06:10:00,RG-001,0.0,1.219,23.8,64.6
2024-06-14 06:20:00,RG-001,0.0,1.214,24.8,70.1
2024-06-14 06:30:00,RG-001,0.0,1.215,24.7,70.8
2024-06-14 06:40:00,RG-001,0.0,1.213,23.9,74.2
2024-06-14 06:50:00,RG-001,0.0,1.214,24.1,70.1
2024-06-14 07:00:00,RG-001,0.0,1.211,25.1,70.9
2024-06-14 07:10:00,RG-001,0.0,1.214,26.3,72.5
2024-06-14 07:20:00,RG-001,0.0,1.217,25.7,75.8
2024-06-14 07:30:00,RG-001,0.0,1.212,26.1,70.2
2024-06-14 07:40:00,RG-001,0.0,1.211,25.0,71.3
2024-06-14 07:50:00,RG-001,0.0,1.21,26.0,74.4
2024-06-14 08:00:00,RG-001,0.0,1.209,26.3,73.8
2024-06-14 08:10:00,RG-001,0.0,1.21,26.9,69.1
2024-06-14 08:20:00,RG-001,0.0,1.21,26.0,75.4
2024-06-14 08:30:00,RG-001,0.0,1.213,26.8,74.4
2024-06-14 08:40:00,RG-001,0.0,1.212,26.5,72.8
2024-06-14 08:50:00,RG-001,0.0,1.207,27.6,68.6
2024-06-14 09:00:00,RG-001,0.0,1.215,27.7,72.3
2024-06-14 09:10:00,RG-001,0.0,1.209,27.3,74.6
2024-06-14 09:20:00,RG-001,0.0,1.212,27.7,73.2
2024-06-14 09:30:00,RG-001,0.0,1.206,28.0,69.8
2024-06-14 09:40:00,RG-001,0.0,1.206,28.2,72.6
2024-06-14 09:50:00,RG-001,0.0,1.213,28.6,71.4
2024-06-14 10:00:00,RG-001,0.0,1.212,28.6,73.4
2024-06-14 10:10:00,RG-001,0.0,1.21,28.7,74.0
2024-06-14 10:20:00,RG-001,0.0,1.213,29.0,75.1
2024-06-14 10:30:00,RG-001,0.0,1.212,28.1,71.6
2024-06-14 10:40:00,RG-001,0.0,1.207,29.1,71.9
2024-06-14 10:50:00,RG-001,0.0,1.206,29.5,74.1
2024-06-14 11:00:00,RG-001,0.0,1.212,30.4,76.5
2024-06-14 11:10:00,RG-001,0.0,1.205,29.5,66.7
2024-06-14 11:20:00,RG-001,0.0,1.212,30.5,75.7
2024-06-14 11:30:00,RG-001,0.0,1.21,29.9,71.6
2024-06-14 11:40:00,RG-001,0.0,1.208,29.8,71.2
2024-06-14 11:50:00,RG-001,0.0,1.21,30.3,73.6
2024-06-14 12:00:00,RG-001,0.0,1.209,30.5,74.0
2024-06-14 12:10:00,RG-001,0.0,1.208,31.6,70.0
2024-06-14 12:20:00,RG-001,0.0,1.213,31.0,73.9
2024-06-14 12:30:00,RG-001,0.0,1.21,31.1,70.5
2024-06-14 12:40:00,RG-001,0.0,1.209,29.6,71.0
2024-06-14 12:50:00,RG-001,0.0,1.205,30.4,71.9
2024-06-14 13:00:00,RG-001,0.0,1.21,31.2,70.1
2024-06-14 13:10:00,RG-001,0.0,1.21,31.0,69.8
2024-06-14 13:20:00,RG-001,0.0,1.206,30.3,71.5
2024-06-14 13:30:00,RG-001,0.0,1.206,31.1,67.9
2024-06-14 13:40:00,RG-001,0.0,1.211,30.5,64.7
2024-06-14 13:50:00,RG-001,5.6000000000000005,1.291,29.1,85.3
2024-06-14 14:00:00,RG-001,3.4000000000000004,1.335,29.1,86.6
2024-06-14 14:10:00,RG-001,0.0,1.343,28.7,89.5
2024-06-14 14:20:00,RG-001,0.0,1.335,28.2,88.1
2024-06-14 14:30:00,RG-001,0.0,1.336,28.1,89.5
2024-06-14 14:40:00,RG-001,0.0,1.335,27.7,86.0
2024-06-14 14:50:00,RG-001,0.0,1.333,28.5,79.1
2024-06-14 15:00:00,RG-001,0.0,1.328,30.6,64.5
2024-06-14 15:10:00,RG-001,0.0,1.325,31.3,68.6
2024-06-14 15:20:00,RG-001,0.0,1.329,30.9,65.7
2024-06-14 15:30:00,RG-001,0.0,1.319,30.5,65.2
2024-06-14 15:40:00,RG-001,0.0,1.323,30.7,65.1
2024-06-14 15:50:00,RG-001,0.0,1.321,30.6,67.1
2024-06-14 16:00:00,RG-001,0.0,1.318,30.1,64.4
2024-06-14 16:10:00,RG-001,0.0,1.314,29.5,63.4
2024-06-14 16:20:00,RG-001,0.0,1.317,30.2,63.8
2024-06-14 16:30:00,RG-001,0.0,1.314,29.1,61.9
2024-06-14 16:40:00,RG-001,0.0,1.31,29.3,60.9
2024-06-14 16:50:00,RG-001,0.0,1.31,29.0,62.6
2024-06-14 17:00:00,RG-001,0.0,1.304,29.5,61.6
2024-06-14 17:10:00,RG-001,0.0,1.302,29.3,62.1
2024-06-14 17:20:00,RG-001,0.0,1.304,29.5,63.2
2024-06-14 17:30:00,RG-001,0.0,1.302,29.5,65.0
2024-06-14 17:40:00,RG-001,0.0,1.303,28.3,61.9
2024-06-14 17:50:00,RG-001,0.0,1.301,28.7,62.4
2024-06-14 18:00:00,RG-001,0.0,1.295,28.3,64.7
2024-06-14 18:10:00,RG-001,0.0,1.298,28.0,60.5
2024-06-14 18:20:00,RG-001,0.0,1.295,28.3,61.0
2024-06-14 18:30:00,RG-001,0.0,1.292,28.1,61.4
2024-06-14 18:40:00,RG-001,0.0,1.294,28.0,58.8
2024-06-14 18:50:00,RG-001,0.0,1.292,27.6,57.0
2024-06-14 19:00:00,RG-001,0.0,1.29,27.5,58.5
2024-06-14 19:10:00,RG-001,0.0,1.286,26.7,61.5
2024-06-14 19:20:00,RG-001,0.0,1.286,27.0,56.8
2024-06-14 19:30:00,RG-001,0.0,1.29,26.9,62.9
2024-06-14 19:40:00,RG-001,0.0,1.283,26.8,59.8
2024-06-14 19:50:00,RG-001,0.0,1.28,26.6,56.9
2024-06-14 20:00:00,RG-001,0.0,1.281,26.4,57.6
2024-06-14 20:10:00,RG-001,0.0,1.28,26.3,60.3
2024-06-14 20:20:00,RG-001,0.0,1.284,26.1,59.1
2024-06-14 20:30:00,RG-001,0.0,1.275,24.9,56.9
2024-06-14 20:40:00,RG-001,0.0,1.275,25.1,59.6
2024-06-14 20:50:00,RG-001,0.0,1.28,24.9,60.1
2024-06-14 21:00:00,RG-001,0.0,1.276,24.5,57.2
2024-06-14 21:10:00,RG-001,0.0,1.272,25.1,56.1
2024-06-14 21:20:00,RG-001,0.0,1.268,24.5,52.6
2024-06-14 21:30:00,RG-001,0.0,1.269,24.4,57.1
2024-06-14 21:40:00,RG-001,0.0,1.274,24.6,53.2
2024-06-14 21:50:00,RG-001,0.0,1.274,24.0,55.7
2024-06-14 22:00:00,RG-001,0.0,1.267,23.0,60.6
2024-06-14 22:10:00,RG-001,0.0,1.27,23.2,57.3
2024-06-14 22:20:00,RG-001,0.0,1.267,22.9,58.8
2024-06-14 22:30:00,RG-001,0.0,1.268,22.7,58.6
2024-06-14 22:40:00,RG-001,0.0,1.263,22.4,55.5
2024-06-14 22:50:00,RG-001,0.0,1.265,22.2,59.5
2024-06-14 23:00:00,RG-001,0.0,1.262,22.3,55.6
2024-06-14 23:10:00,RG-001,0.0,1.262,21.5,54.9
2024-06-14 23:20:00,RG-001,0.0,1.26,21.8,56.8
2024-06-14 23:30:00,RG-001,0.0,1.263,22.4,55.5
2024-06-14 23:40:00,RG-001,0.0,1.264,21.5,56.5
2024-06-14 23:50:00,RG-001,0.0,1.254,22.0,58.6
2024-06-15 00:00:00,RG-001,0.0,1.259,21.5,54.6
2024-06-15 00:10:00,RG-001,0.0,1.257,21.2,57.2
2024-06-15 00:20:00,RG-001,0.0,1.253,21.6,58.1
2024-06-15 00:30:00,RG-001,0.0,1.258,21.0,59.2
2024-06-15 00:40:00,RG-001,0.0,1.249,20.6,57.1
2024-06-15 00:50:00,RG-001,0.0,1.248,21.8,59.4
2024-06-15 01:00:00,RG-001,0.0,1.254,21.2,59.3
2024-06-15 01:10:00,RG-001,0.0,1.249,21.2,56.8
2024-06-15 01:20:00,RG-001,0.0,1.249,21.7,57.8
2024-06-15 01:30:00,RG-001,0.0,1.252,21.2,64.0
2024-06-15 01:40:00,RG-001,0.0,1.248,20.8,60.9
2024-06-15 01:50:00,RG-001,0.0,1.244,20.1,62.8
2024-06-15 02:00:00,RG-001,0.0,1.246,20.7,64.2
2024-06-15 02:10:00,RG-001,0.0,1.247,20.1,62.1
2024-06-15 02:20:00,RG-001,0.0,1.24,20.6,61.1
2024-06-15 02:30:00,RG-001,0.0,1.242,21.0,62.8
2024-06-15 02:40:00,RG-001,0.0,1.248,21.0,63.7
2024-06-15 02:50:00,RG-001,0.0,1.244,21.0,60.6
2024-06-15 03:00:00,RG-001,0.0,1.247,20.7,67.9
2024-06-15 03:10:00,RG-001,0.0,1.243,21.0,64.7
2024-06-15 03:20:00,RG-001,0.0,1.243,21.4,64.3
2024-06-15 03:30:00,RG-001,0.0,1.236,20.7,65.2
2024-06-15 03:40:00,RG-001,0.0,1.242,21.2,64.8
2024-06-15 03:50:00,RG-001,0.0,1.238,21.5,66.2
2024-06-15 04:00:00,RG-001,0.0,1.237,21.3,65.7
2024-06-15 04:10:00,RG-001,0.0,1.243,21.4,67.7
2024-06-15 04:20:00,RG-001,0.0,1.242,22.2,63.4
2024-06-15 04:30:00,RG-001,0.0,1.239,21.7,67.2
2024-06-15 04:40:00,RG-001,0.0,1.238,21.9,66.5
2024-06-15 04:50:00,RG-001,0.0,1.24,22.6,67.1
2024-06-15 05:00:00,RG-001,0.0,1.234,22.8,67.1
2024-06-15 05:10:00,RG-001,0.0,1.242,22.4,69.1
2024-06-15 05:20:00,RG-001,0.0,1.232,22.4,66.8
2024-06-15 05:30:00,RG-001,0.0,1.234,22.7,69.9
2024-06-15 05:40:00,RG-001,0.0,1.231,23.1,68.7
2024-06-15 05:50:00,RG-001,0.0,1.233,23.4,69.7
2024-06-15 06:00:00,RG-001,0.0,1.239,23.9,67.7
2024-06-15 06:10:00,RG-001,0.0,1.234,23.4,70.2
2024-06-15 06:20:00,RG-001,0.0,1.234,23.3,72.0
2024-06-15 06:30:00,RG-001,0.0,1.237,24.4,70.1
2024-06-15 06:40:00,RG-001,0.0,1.228,24.7,70.5
2024-06-15 06:50:00,RG-001,0.0,1.231,24.4,71.5
2024-06-15 07:00:00,RG-001,0.0,1.228,24.8,72.1
2024-06-15 07:10:00,RG-001,0.0,1.223,25.0,73.5
2024-06-15 07:20:00,RG-001,0.0,1.232,25.1,70.6
2024-06-15 07:30:00,RG-001,0.0,1.235,25.8,71.3
2024-06-15 07:40:00,RG-001,0.0,1.23,25.7,71.2
2024-06-15 07:50:00,RG-001,0.0,1.224,25.8,69.9
2024-06-15 08:00:00,RG-001,0.0,1.232,25.6,72.4
2024-06-15 08:10:00,RG-001,0.0,1.225,26.2,71.3
2024-06-15 08:20:00,RG-001,0.0,1.229,26.7,75.9
2024-06-15 08:30:00,RG-001,0.0,1.228,26.4,71.0
2024-06-15 08:40:00,RG-001,0.0,1.226,26.6,71.0
2024-06-15 08:50:00,RG-001,0.0,1.229,26.8,70.8
2024-06-15 09:00:00,RG-001,0.0,1.225,27.2,76.9
2024-06-15 09:10:00,RG-001,0.0,1.226,26.6,73.9
2024-06-15 09:20:00,RG-001,0.0,1.231,27.6,72.8
2024-06-15 09:30:00,RG-001,0.0,1.221,28.1,75.4
2024-06-15 09:40:00,RG-001,0.0,1.223,27.6,72.4
2024-06-15 09:50:00,RG-001,0.0,1.221,28.8,72.4
2024-06-15 10:00:00,RG-001,0.0,1.223,28.4,73.3
2024-06-15 10:10:00,RG-001,0.0,1.221,29.6,68.6
2024-06-15 10:20:00,RG-001,0.0,1.227,29.8,70.6
2024-06-15 10:30:00,RG-001,0.0,1.219,28.7,73.5
2024-06-15 10:40:00,RG-001,0.0,1.224,29.3,72.1
2024-06-15 10:50:00,RG-001,0.0,1.223,29.9,70.0
2024-06-15 11:00:00,RG-001,0.0,1.223,29.3,73.1
2024-06-15 11:10:00,RG-001,0.0,1.218,29.7,74.3
2024-06-15 11:20:00,RG-001,0.0,1.223,29.9,70.0
2024-06-15 11:30:00,RG-001,0.0,1.22,29.5,74.1
2024-06-15 11:40:00,RG-001,0.0,1.223,30.1,73.1
2024-06-15 11:50:00,RG-001,0.0,1.221,30.2,70.6
2024-06-15 12:00:00,RG-001,0.0,1.222,30.7,75.0
2024-06-15 12:10:00,RG-001,0.0,1.218,30.9,73.4
2024-06-15 12:20:00,RG-001,0.0,1.219,30.9,69.4
2024-06-15 12:30:00,RG-001,0.0,1.222,30.5,71.2
2024-06-15 12:40:00,RG-001,0.0,1.218,30.2,72.6
2024-06-15 12:50:00,RG-001,0.0,1.215,30.8,72.9
2024-06-15 13:00:00,RG-001,0.0,1.227,30.7,72.2
2024-06-15 13:10:00,RG-001,0.0,1.214,31.4,73.2
2024-06-15 13:20:00,RG-001,0.0,1.217,30.9,70.1
2024-06-15 13:30:00,RG-001,0.0,1.213,31.6,74.9
2024-06-15 13:40:00,RG-001,0.0,1.211,31.3,68.1
2024-06-15 13:50:00,RG-001,0.0,1.214,31.4,67.4
2024-06-15 14:00:00,RG-001,0.0,1.218,31.0,68.3
2024-06-15 14:10:00,RG-001,0.0,1.22,30.3,70.3
2024-06-15 14:20:00,RG-001,0.0,1.221,31.1,65.8
2024-06-15 14:30:00,RG-001,0.0,1.217,31.2,70.3
2024-06-15 14:40:00,RG-001,0.0,1.22,30.8,70.4
2024-06-15 14:50:00,RG-001,0.0,1.211,31.0,64.4
2024-06-15 15:00:00,RG-001,0.0,1.212,31.3,68.2
2024-06-15 15:10:00,RG-001,0.0,1.22,30.5,67.4
2024-06-15 15:20:00,RG-001,0.0,1.217,30.3,65.8
2024-06-15 15:30:00,RG-001,0.0,1.213,30.8,67.5
2024-06-15 15:40:00,RG-001,0.0,1.212,30.9,72.5
2024-06-15 15:50:00,RG-001,0.0,1.215,30.2,65.9
2024-06-15 16:00:00,RG-001,0.0,1.216,31.3,66.3
2024-06-15 16:10:00,RG-001,0.0,1.218,29.7,65.8
2024-06-15 16:20:00,RG-001,0.0,1.213,29.8,62.0
2024-06-15 16:30:00,RG-001,0.0,1.214,30.0,61.8
2024-06-15 16:40:00,RG-001,0.0,1.213,30.1,61.4
2024-06-15 16:50:00,RG-001,0.0,1.215,29.1,65.2
2024-06-15 17:00:00,RG-001,0.0,1.215,30.2,65.5
2024-06-15 17:10:00,RG-001,0.0,1.211,29.3,61.9
2024-06-15 17:20:00,RG-001,0.0,1.215,29.3,61.0
2024-06-15 17:30:00,RG-001,0.0,1.206,29.4,58.6
2024-06-15 17:40:00,RG-001,0.0,1.212,29.1,62.2
2024-06-15 17:50:00,RG-001,0.0,1.21,29.2,62.4
2024-06-15 18:00:00,RG-001,0.0,1.207,28.9,62.4
2024-06-15 18:10:00,RG-001,0.0,1.208,27.6,58.1
2024-06-15 18:20:00,RG-001,0.0,1.208,27.6,63.0
2024-06-15 18:30:00,RG-001,0.0,1.21,27.7,60.3
2024-06-15 18:40:00,RG-001,0.0,1.211,27.7,61.3
2024-06-15 18:50:00,RG-001,0.0,1.208,27.7,58.9
2024-06-15 19:00:00,RG-001,0.0,1.211,26.8,59.5
2024-06-15 19:10:00,RG-001,0.0,1.214,27.5,61.2
2024-06-15 19:20:00,RG-001,0.0,1.208,27.3,57.5
2024-06-15 19:30:00,RG-001,0.0,1.206,27.0,58.7
2024-06-15 19:40:00,RG-001,0.0,1.216,25.9,60.6
2024-06-15 19:50:00,RG-001,0.0,1.21,26.2,56.9
2024-06-15 20:00:00,RG-001,0.0,1.208,25.6,60.1
2024-06-15 20:10:00,RG-001,0.0,1.207,25.3,56.9
2024-06-15 20:20:00,RG-001,0.0,1.21,25.9,59.7
2024-06-15 20:30:00,RG-001,0.0,1.214,25.1,59.7
2024-06-15 20:40:00,RG-001,0.0,1.212,25.8,60.1
2024-06-15 20:50:00,RG-001,0.0,1.21,25.0,59.1
2024-06-15 21:00:00,RG-001,0.0,1.208,24.5,56.0
2024-06-15 21:10:00,RG-001,0.0,1.206,24.7,59.4
2024-06-15 21:20:00,RG-001,0.0,1.205,23.8,56.6
2024-06-15 21:30:00,RG-001,0.0,1.21,23.8,53.3
2024-06-15 21:40:00,RG-001,0.0,1.207,23.7,57.5
2024-06-15 21:50:00,RG-001,0.0,1.209,23.8,60.0
2024-06-15 22:00:00,RG-001,0.0,1.211,23.0,55.9
2024-06-15 22:10:00,RG-001,0.0,1.212,23.3,57.2
2024-06-15 22:20:00,RG-001,0.0,1.206,23.5,58.7
2024-06-15 22:30:00,RG-001,0.0,1.203,23.1,54.8
2024-06-15 22:40:00,RG-001,0.0,1.212,22.9,56.2
2024-06-15 22:50:00,RG-001,0.0,1.204,22.3,53.6
2024-06-15 23:00:00,RG-001,0.0,1.207,22.3,54.1
2024-06-15 23:10:00,RG-001,0.0,1.206,22.3,59.5
2024-06-15 23:20:00,RG-001,0.0,1.21,22.4,56.7
2024-06-15 23:30:00,RG-001,0.0,1.21,22.6,54.5
2024-06-15 23:40:00,RG-001,0.0,1.209,21.7,57.2
2024-06-15 23:50:00,RG-001,0.0,1.206,21.2,56.3
2024-06-16 00:00:00,RG-001,0.0,1.206,20.7,58.6
2024-06-16 00:10:00,RG-001,0.0,1.209,22.0,61.1
2024-06-16 00:20:00,RG-001,0.0,1.205,21.8,58.5
2024-06-16 00:30:00,RG-001,0.0,1.207,21.3,54.4
2024-06-16 00:40:00,RG-001,0.0,1.207,21.4,58.5
2024-06-16 00:50:00,RG-001,0.0,1.208,21.7,56.0
2024-06-16 01:00:00,RG-001,0.0,1.203,21.5,60.1
2024-06-16 01:10:00,RG-001,0.0,1.203,20.6,60.4
2024-06-16 01:20:00,RG-001,0.0,1.207,20.7,60.6
2024-06-16 01:30:00,RG-001,0.0,1.202,20.2,61.2
2024-06-16 01:40:00,RG-001,0.0,1.205,21.1,58.5
2024-06-16 01:50:00,RG-001,0.0,1.203,21.2,61.2
2024-06-16 02:00:00,RG-001,0.0,1.203,20.6,61.3
2024-06-16 02:10:00,RG-001,0.0,1.203,20.8,59.3
2024-06-16 02:20:00,RG-001,0.0,1.206,21.1,61.1
2024-06-16 02:30:00,RG-001,0.0,1.205,21.3,64.0
2024-06-16 02:40:00,RG-001,0.0,1.208,21.2,61.3
2024-06-16 02:50:00,RG-001,0.0,1.205,20.9,62.0
2024-06-16 03:00:00,RG-001,0.0,1.206,21.2,57.5
2024-06-16 03:10:00,RG-001,0.0,1.21,21.8,65.4
2024-06-16 03:20:00,RG-001,0.0,1.209,21.2,64.8
2024-06-16 03:30:00,RG-001,0.0,1.204,21.3,61.7
2024-06-16 03:40:00,RG-001,0.0,1.205,22.4,62.4
2024-06-16 03:50:00,RG-001,0.0,1.208,21.8,68.4
2024-06-16 04:00:00,RG-001,0.0,1.199,21.5,63.4
2024-06-16 04:10:00,RG-001,0.0,1.204,21.7,63.9
2024-06-16 04:20:00,RG-001,0.0,1.203,22.3,67.9
2024-06-16 04:30:00,RG-001,0.0,1.201,22.9,64.2
2024-06-16 04:40:00,RG-001,0.0,1.204,21.5,68.2
2024-06-16 04:50:00,RG-001,0.0,1.199,22.6,66.0
2024-06-16 05:00:00,RG-001,0.0,1.211,22.4,67.2
2024-06-16 05:10:00,RG-001,0.0,1.204,22.3,69.3
2024-06-16 05:20:00,RG-001,0.0,1.204,23.4,69.6
2024-06-16 05:30:00,RG-001,0.0,1.2,22.2,69.1
2024-06-16 05:40:00,RG-001,0.0,1.204,22.8,66.0
2024-06-16 05:50:00,RG-001,0.0,1.21,23.9,70.8
2024-06-16 06:00:00,RG-001,0.0,1.203,23.3,69.3
2024-06-16 06:10:00,RG-001,0.0,1.206,24.0,69.1
2024-06-16 06:20:00,RG-001,0.0,1.207,24.1,68.5
2024-06-16 06:30:00,RG-001,0.0,1.196,23.6,72.2
2024-06-16 06:40:00,RG-001,0.0,1.202,23.9,70.9
2024-06-16 06:50:00,RG-001,0.0,1.203,24.2,71.7
2024-06-16 07:00:00,RG-001,0.0,1.201,24.8,67.6
2024-06-16 07:10:00,RG-001,0.0,1.199,25.0,68.8
2024-06-16 07:20:00,RG-001,0.0,1.201,25.2,72.0
2024-06-16 07:30:00,RG-001,0.0,1.198,25.6,70.4
2024-06-16 07:40:00,RG-001,0.0,1.204,25.4,69.9
2024-06-16 07:50:00,RG-001,0.0,1.205,25.0,71.6
2024-06-16 08:00:00,RG-001,0.0,1.206,25.7,71.8
2024-06-16 08:10:00,RG-001,0.0,1.202,26.2,73.6
2024-06-16 08:20:00,RG-001,0.0,1.201,25.9,75.0
2024-06-16 08:30:00,RG-001,0.0,1.207,26.8,75.4
2024-06-16 08:40:00,RG-001,0.0,1.202,26.8,72.5
2024-06-16 08:50:00,RG-001,0.0,1.204,27.1,77.2
2024-06-16 09:00:00,RG-001,0.0,1.206,27.5,73.2
2024-06-16 09:10:00,RG-001,0.0,1.2,27.5,71.2
2024-06-16 09:20:00,RG-001,0.0,1.203,28.2,73.8
2024-06-16 09:30:00,RG-001,0.0,1.206,28.8,72.2
2024-06-16 09:40:00,RG-001,0.0,1.203,28.2,75.3
2024-06-16 09:50:00,RG-001,0.0,1.202,28.5,72.3
2024-06-16 10:00:00,RG-001,0.0,1.206,27.7,72.5
2024-06-16 10:10:00,RG-001,0.0,1.2,28.8,71.6
2024-06-16 10:20:00,RG-001,0.0,1.2,28.9,70.0
2024-06-16 10:30:00,RG-001,0.0,1.203,29.4,72.3
2024-06-16 10:40:00,RG-001,0.0,1.2,29.0,74.6
2024-06-16 10:50:00,RG-001,0.0,1.202,29.2,72.3
2024-06-16 11:00:00,RG-001,0.0,1.201,29.8,75.1
2024-06-16 11:10:00,RG-001,0.0,1.201,29.4,69.6
2024-06-16 11:20:00,RG-001,0.0,1.204,29.6,73.4
2024-06-16 11:30:00,RG-001,0.0,1.204,30.2,72.8
2024-06-16 11:40:00,RG-001,0.0,1.201,30.4,75.3
2024-06-16 11:50:00,RG-001,0.0,1.202,30.2,74.9
2024-06-16 12:00:00,RG-001,0.0,1.202,30.5,74.1
2024-06-16 12:10:00,RG-001,0.0,1.202,29.7,70.2
2024-06-16 12:20:00,RG-001,0.0,1.201,30.4,70.0
2024-06-16 12:30:00,RG-001,0.0,1.201,29.8,70.8
2024-06-16 12:40:00,RG-001,0.0,1.207,30.5,72.6
2024-06-16 12:50:00,RG-001,0.0,1.202,30.5,70.3
2024-06-16 13:00:00,RG-001,0.0,1.202,30.4,72.2
2024-06-16 13:10:00,RG-001,0.0,1.198,30.8,69.8
2024-06-16 13:20:00,RG-001,0.0,1.2,31.0,67.9
2024-06-16 13:30:00,RG-001,0.0,1.207,30.8,68.0
2024-06-16 13:40:00,RG-001,0.0,1.207,30.7,72.5
2024-06-16 13:50:00,RG-001,0.0,1.201,30.3,70.6
2024-06-16 14:00:00,RG-001,0.0,1.197,30.3,65.9
2024-06-16 14:10:00,RG-001,0.0,1.204,30.6,67.4
2024-06-16 14:20:00,RG-001,0.0,1.199,30.7,69.8
2024-06-16 14:30:00,RG-001,0.0,1.205,31.2,70.0
2024-06-16 14:40:00,RG-001,0.0,1.201,30.9,69.9
2024-06-16 14:50:00,RG-001,0.0,1.2,30.9,67.8
2024-06-16 15:00:00,RG-001,0.0,1.201,30.7,68.4
2024-06-16 15:10:00,RG-001,0.0,1.205,30.8,68.6
2024-06-16 15:20:00,RG-001,0.0,1.201,29.9,67.6
2024-06-16 15:30:00,RG-001,0.0,1.198,30.9,68.7
2024-06-16 15:40:00,RG-001,0.0,1.198,30.6,67.0
2024-06-16 15:50:00,RG-001,0.0,1.201,29.9,67.5
2024-06-16 16:00:00,RG-001,0.0,1.201,29.7,65.5
2024-06-16 16:10:00,RG-001,0.0,1.202,29.6,62.4
2024-06-16 16:20:00,RG-001,0.0,1.2,30.3,64.5
2024-06-16 16:30:00,RG-001,0.0,1.201,29.7,65.4
2024-06-16 16:40:00,RG-001,0.0,1.2,29.8,63.8
2024-06-16 16:50:00,RG-001,0.0,1.205,28.9,67.1
2024-06-16 17:00:00,RG-001,0.0,1.201,29.6,64.1
2024-06-16 17:10:00,RG-001,0.0,1.203,29.3,64.2
2024-06-16 17:20:00,RG-001,0.0,1.202,28.9,62.7
2024-06-16 17:30:00,RG-001,0.0,1.199,28.8,64.4
2024-06-16 17:40:00,RG-001,0.0,1.197,29.0,65.1
2024-06-16 17:50:00,RG-001,0.0,1.203,28.9,65.7
2024-06-16 18:00:00,RG-001,0.0,1.201,28.1,61.9
2024-06-16 18:10:00,RG-001,0.0,1.205,27.4,61.1
2024-06-16 18:20:00,RG-001,0.0,1.2,28.9,59.5
2024-06-16 18:30:00,RG-001,0.0,1.203,27.5,59.5
2024-06-16 18:40:00,RG-001,0.0,1.198,27.6,57.7
2024-06-16 18:50:00,RG-001,0.0,1.2,27.6,60.5
2024-06-16 19:00:00,RG-001,0.0,1.199,27.3,57.9
2024-06-16 19:10:00,RG-001,0.0,1.2,27.3,60.3
2024-06-16 19:20:00,RG-001,0.0,1.201,27.3,59.1
2024-06-16 19:30:00,RG-001,0.0,1.199,26.6,54.4
2024-06-16 19:40:00,RG-001,0.0,1.201,26.2,61.5
2024-06-16 19:50:00,RG-001,0.0,1.203,26.8,56.7
2024-06-16 20:00:00,RG-001,0.0,1.197,26.9,60.1
2024-06-16 20:10:00,RG-001,0.0,1.201,26.0,58.7
2024-06-16 20:20:00,RG-001,0.0,1.199,25.6,58.2
2024-06-16 20:30:00,RG-001,0.0,1.199,25.0,57.1
2024-06-16 20:40:00,RG-001,0.0,1.203,25.5,61.2
2024-06-16 20:50:00,RG-001,0.0,1.201,24.6,58.6
2024-06-16 21:00:00,RG-001,0.0,1.203,25.3,58.0
2024-06-16 21:10:00,RG-001,0.0,1.2,24.8,57.4
2024-06-16 21:20:00,RG-001,0.0,1.201,24.3,55.6
2024-06-16 21:30:00,RG-001,0.0,1.199,24.5,56.3
2024-06-16 21:40:00,RG-001,0.0,1.202,23.7,55.3
2024-06-16 21:50:00,RG-001,0.0,1.201,23.2,57.0
2024-06-16 22:00:00,RG-001,0.0,1.2,23.3,60.6
2024-06-16 22:10:00,RG-001,0.0,1.203,23.6,60.9
2024-06-16 22:20:00,RG-001,0.0,1.196,23.2,56.6
2024-06-16 22:30:00,RG-001,0.0,1.198,22.9,55.6
2024-06-16 22:40:00,RG-001,0.0,1.197,22.9,55.9
2024-06-16 22:50:00,RG-001,0.0,1.201,22.1,60.3
2024-06-16 23:00:00,RG-001,0.0,1.2,22.2,57.7
2024-06-16 23:10:00,RG-001,0.0,1.201,22.7,55.8
2024-06-16 23:20:00,RG-001,0.0,1.2,22.1,57.5
2024-06-16 23:30:00,RG-001,0.0,1.201,22.5,59.7
2024-06-16 23:40:00,RG-001,0.0,1.205,21.9,58.8
2024-06-16 23:50:00,RG-001,0.0,1.2,21.8,56.3
2024-06-17 00:00:00,RG-001,0.0,1.2,21.8,57.9
2024-06-17 00:10:00,RG-001,0.0,1.199,21.6,58.8
2024-06-17 00:20:00,RG-001,0.0,1.206,21.6,56.3
2024-06-17 00:30:00,RG-001,0.0,1.198,21.6,58.4
2024-06-17 00:40:00,RG-001,0.0,1.201,21.3,62.9
2024-06-17 00:50:00,RG-001,0.0,1.199,20.8,59.3
2024-06-17 01:00:00,RG-001,0.0,1.196,21.8,63.0
2024-06-17 01:10:00,RG-001,0.0,1.199,21.1,61.4
2024-06-17 01:20:00,RG-001,0.0,1.197,20.9,60.3
2024-06-17 01:30:00,RG-001,0.0,1.198,20.2,60.2
2024-06-17 01:40:00,RG-001,0.0,1.201,21.1,58.3
2024-06-17 01:50:00,RG-001,0.0,1.203,20.8,61.6
2024-06-17 02:00:00,RG-001,0.0,1.201,21.4,60.1
2024-06-17 02:10:00,RG-001,0.0,1.204,21.5,62.6
2024-06-17 02:20:00,RG-001,0.0,1.202,20.9,59.9
2024-06-17 02:30:00,RG-001,0.0,1.196,21.6,60.7
2024-06-17 02:40:00,RG-001,0.0,1.202,21.1,61.2
2024-06-17 02:50:00,RG-001,0.0,1.201,22.5,64.5
2024-06-17 03:00:00,RG-001,0.0,1.203,21.2,63.6
2024-06-17 03:10:00,RG-001,0.0,1.201,21.1,63.6
2024-06-17 03:20:00,RG-001,0.0,1.199,21.9,64.6
2024-06-17 03:30:00,RG-001,0.0,1.198,21.0,64.1
2024-06-17 03:40:00,RG-001,0.0,1.2,21.2,61.8
2024-06-17 03:50:00,RG-001,0.0,1.202,21.5,64.1
2024-06-17 04:00:00,RG-001,0.0,1.201,22.1,64.0
2024-06-17 04:10:00,RG-001,0.0,1.202,22.0,69.1
2024-06-17 04:20:00,RG-001,0.0,1.202,22.2,65.9
2024-06-17 04:30:00,RG-001,0.0,1.197,21.6,65.3
2024-06-17 04:40:00,RG-001,0.0,1.199,21.8,68.9
2024-06-17 04:50:00,RG-001,0.0,1.195,22.7,67.9
2024-06-17 05:00:00,RG-001,0.0,1.199,22.6,65.8
2024-06-17 05:10:00,RG-001,0.0,1.197,22.6,65.8
2024-06-17 05:20:00,RG-001,0.0,1.201,23.0,71.0
2024-06-17 05:30:00,RG-001,0.0,1.203,23.1,63.4
2024-06-17 05:40:00,RG-001,0.0,1.199,23.5,71.9
2024-06-17 05:50:00,RG-001,0.0,1.199,23.2,71.1
2024-06-17 06:00:00,RG-001,0.0,1.202,23.4,68.0
2024-06-17 06:10:00,RG-001,0.0,1.198,23.9,67.3
2024-06-17 06:20:00,RG-001,0.0,1.202,24.0,69.7
2024-06-17 06:30:00,RG-001,0.0,1.193,23.8,71.1
2024-06-17 06:40:00,RG-001,0.0,1.199,24.1,68.8
2024-06-17 06:50:00,RG-001,0.0,1.201,24.6,71.5
2024-06-17 07:00:00,RG-001,0.0,1.195,25.1,70.9
2024-06-17 07:10:00,RG-001,0.0,1.204,25.2,71.0
2024-06-17 07:20:00,RG-001,0.0,1.199,25.0,70.2
2024-06-17 07:30:00,RG-001,0.0,1.2,24.8,69.3
2024-06-17 07:40:00,RG-001,0.0,1.2,26.1,70.1
2024-06-17 07:50:00,RG-001,0.0,1.2,25.5,71.6
2024-06-17 08:00:00,RG-001,0.0,1.199,26.2,71.3
2024-06-17 08:10:00,RG-001,0.0,1.197,26.4,68.6
2024-06-17 08:20:00,RG-001,0.0,1.201,26.6,75.1
2024-06-17 08:30:00,RG-001,0.0,1.201,26.5,74.1
2024-06-17 08:40:00,RG-001,0.0,1.2,26.9,70.3
2024-06-17 08:50:00,RG-001,0.0,1.198,27.5,74.5
2024-06-17 09:00:00,RG-001,0.0,1.198,28.1,72.9
2024-06-17 09:10:00,RG-001,0.0,1.198,26.5,72.6
2024-06-17 09:20:00,RG-001,0.0,1.2,27.6,70.2
2024-06-17 09:30:00,RG-001,0.0,1.2,28.2,71.8
2024-06-17 09:40:00,RG-001,0.0,1.203,28.5,72.6
2024-06-17 09:50:00,RG-001,0.0,1.205,28.1,71.6
2024-06-17 10:00:00,RG-001,0.0,1.208,28.6,74.4
2024-06-17 10:10:00,RG-001,0.0,1.196,28.2,70.7
2024-06-17 10:20:00,RG-001,0.0,1.201,29.1,72.6
2024-06-17 10:30:00,RG-001,0.0,1.204,28.8,72.6
2024-06-17 10:40:00,RG-001,0.0,1.2,29.7,69.9
2024-06-17 10:50:00,RG-001,0.0,1.202,29.1,77.4
2024-06-17 11:00:00,RG-001,0.0,1.197,30.1,72.8
2024-06-17 11:10:00,RG-001,0.0,1.202,29.6,74.0
2024-06-17 11:20:00,RG-001,0.0,1.2,29.4,73.9
2024-06-17 11:30:00,RG-001,0.0,1.205,30.0,71.3
2024-06-17 11:40:00,RG-001,0.0,1.198,30.6,73.0
2024-06-17 11:50:00,RG-001,0.0,1.205,29.8,72.7
2024-06-17 12:00:00,RG-001,0.0,1.202,30.6,69.8
2024-06-17 12:10:00,RG-001,0.0,1.198,30.3,72.4
2024-06-17 12:20:00,RG-001,0.0,1.198,30.5,73.6
2024-06-17 12:30:00,RG-001,0.0,1.201,31.2,72.9
2024-06-17 12:40:00,RG-001,0.0,1.206,30.3,68.5
2024-06-17 12:50:00,RG-001,0.0,1.205,31.6,72.7
2024-06-17 13:00:00,RG-001,0.0,1.196,30.9,74.7
2024-06-17 13:10:00,RG-001,0.0,1.201,30.4,72.8
2024-06-17 13:20:00,RG-001,0.0,1.203,30.8,69.3
2024-06-17 13:30:00,RG-001,0.0,1.201,31.5,66.1
2024-06-17 13:40:00,RG-001,0.0,1.2,31.1,69.7
2024-06-17 13:50:00,RG-001,0.0,1.198,30.8,66.4
2024-06-17 14:00:00,RG-001,0.0,1.204,31.0,69.5
2024-06-17 14:10:00,RG-001,0.0,1.2,30.9,66.5
2024-06-17 14:20:00,RG-001,0.0,1.204,31.2,69.1
2024-06-17 14:30:00,RG-001,0.0,1.201,31.3,68.0
2024-06-17 14:40:00,RG-001,0.0,1.202,30.9,70.7
2024-06-17 14:50:00,RG-001,0.0,1.2,30.5,68.2
2024-06-17 15:00:00,RG-001,0.0,1.201,30.4,68.0
2024-06-17 15:10:00,RG-001,0.0,1.202,30.6,68.4
2024-06-17 15:20:00,RG-001,0.0,1.205,31.0,66.8
2024-06-17 15:30:00,RG-001,0.0,1.201,30.2,66.5
2024-06-17 15:40:00,RG-001,0.0,1.202,31.4,64.1
2024-06-17 15:50:00,RG-001,0.0,1.201,30.4,63.7
2024-06-17 16:00:00,RG-001,0.0,1.201,30.8,65.9
2024-06-17 16:10:00,RG-001,0.0,1.205,30.6,63.6
2024-06-17 16:20:00,RG-001,0.0,1.2,30.4,66.5
2024-06-17 16:30:00,RG-001,0.0,1.199,29.6,61.7
2024-06-17 16:40:00,RG-001,0.0,1.198,30.1,63.8
2024-06-17 16:50:00,RG-001,0.0,1.198,30.2,62.2
2024-06-17 17:00:00,RG-001,0.0,1.2,29.0,64.8
2024-06-17 17:10:00,RG-001,0.0,1.195,29.2,62.5
2024-06-17 17:20:00,RG-001,0.0,1.202,29.6,60.5
2024-06-17 17:30:00,RG-001,0.0,1.206,28.5,63.9
2024-06-17 17:40:00,RG-001,0.0,1.201,28.7,61.7
2024-06-17 17:50:00,RG-001,0.0,1.202,28.7,58.4
2024-06-17 18:00:00,RG-001,0.0,1.2,28.4,59.2
2024-06-17 18:10:00,RG-001,0.0,1.204,28.3,59.5
2024-06-17 18:20:00,RG-001,0.0,1.203,27.6,60.6
2024-06-17 18:30:00,RG-001,0.0,1.199,27.8,59.0
2024-06-17 18:40:00,RG-001,0.0,1.206,28.1,57.9
2024-06-17 18:50:00,RG-001,0.30000000000000004,1.204,26.7,62.4
2024-06-17 19:00:00,RG-001,0.6000000000000001,1.214,26.5,65.3
2024-06-17 19:10:00,RG-001,1.9000000000000001,1.243,25.4,68.6
2024-06-17 19:20:00,RG-001,2.5,1.283,24.4,74.6
2024-06-17 19:30:00,RG-001,2.0,1.306,23.8,76.8
2024-06-17 19:40:00,RG-001,2.5,1.345,23.7,77.5
2024-06-17 19:50:00,RG-001,1.8,1.365,23.5,73.6
2024-06-17 20:00:00,RG-001,1.1,1.379,23.4,74.7
2024-06-17 20:10:00,RG-001,0.4,1.382,23.6,78.9
2024-06-17 20:20:00,RG-001,0.0,1.387,23.3,76.0
2024-06-17 20:30:00,RG-001,0.0,1.38,22.9,77.4
2024-06-17 20:40:00,RG-001,0.0,1.375,23.5,66.2
2024-06-17 20:50:00,RG-001,0.0,1.371,23.7,69.6
2024-06-17 21:00:00,RG-001,0.0,1.377,24.9,58.6
2024-06-17 21:10:00,RG-001,0.0,1.366,25.1,55.2
2024-06-17 21:20:00,RG-001,0.0,1.367,24.6,57.4
2024-06-17 21:30:00,RG-001,0.0,1.365,25.1,57.8
2024-06-17 21:40:00,RG-001,0.0,1.364,23.8,59.4
2024-06-17 21:50:00,RG-001,0.0,1.36,23.3,55.6
2024-06-17 22:00:00,RG-001,0.0,1.362,23.8,58.4
2024-06-17 22:10:00,RG-001,0.0,1.357,23.7,58.6
2024-06-17 22:20:00,RG-001,0.0,1.357,23.7,58.6
2024-06-17 22:30:00,RG-001,0.0,1.351,22.8,54.9
2024-06-17 22:40:00,RG-001,0.0,1.352,22.8,54.9
2024-06-17 22:50:00,RG-001,0.0,1.344,23.0,57.8
2024-06-17 23:00:00,RG-001,0.0,1.34,22.5,58.2
2024-06-17 23:10:00,RG-001,0.0,1.341,22.7,59.6
2024-06-17 23:20:00,RG-001,0.0,1.339,22.0,57.8
2024-06-17 23:30:00,RG-001,0.0,1.336,21.6,59.0
2024-06-17 23:40:00,RG-001,0.0,1.332,21.6,58.0
2024-06-17 23:50:00,RG-001,0.0,1.337,21.3,58.3
2024-06-18 00:00:00,RG-001,0.0,1.335,21.5,57.0
2024-06-18 00:10:00,RG-001,0.0,1.327,21.7,57.8
2024-06-18 00:20:00,RG-001,0.0,1.325,20.9,61.2
2024-06-18 00:30:00,RG-001,0.0,1.328,21.8,58.2
2024-06-18 00:40:00,RG-001,0.0,1.323,21.0,58.5
2024-06-18 00:50:00,RG-001,0.0,1.319,20.8,59.0
2024-06-18 01:00:00,RG-001,0.0,1.318,21.0,59.3
2024-06-18 01:10:00,RG-001,0.0,1.318,21.4,58.2
2024-06-18 01:20:00,RG-001,0.0,1.318,21.1,64.4
2024-06-18 01:30:00,RG-001,0.0,1.32,20.5,57.1
2024-06-18 01:40:00,RG-001,0.0,1.31,20.8,57.3
2024-06-18 01:50:00,RG-001,0.0,1.313,21.5,61.8
2024-06-18 02:00:00,RG-001,0.0,1.312,21.0,57.0
2024-06-18 02:10:00,RG-001,0.0,1.308,21.7,59.6
2024-06-18 02:20:00,RG-001,0.0,1.306,21.5,61.9
2024-06-18 02:30:00,RG-001,0.0,1.306,21.2,61.8
2024-06-18 02:40:00,RG-001,0.0,1.302,21.4,64.6
2024-06-18 02:50:00,RG-001,0.0,1.301,21.4,63.0
2024-06-18 03:00:00,RG-001,0.0,1.299,21.3,63.4
2024-06-18 03:10:00,RG-001,0.0,1.299,21.0,63.8
2024-06-18 03:20:00,RG-001,0.0,1.291,21.2,62.3
2024-06-18 03:30:00,RG-001,0.0,1.296,21.6,65.0
2024-06-18 03:40:00,RG-001,0.0,1.291,20.7,63.8
2024-06-18 03:50:00,RG-001,0.0,1.292,21.5,66.8
2024-06-18 04:00:00,RG-001,0.0,1.288,21.6,66.0
2024-06-18 04:10:00,RG-001,0.0,1.287,21.9,63.0
2024-06-18 04:20:00,RG-001,0.0,1.294,21.9,65.6
2024-06-18 04:30:00,RG-001,0.0,1.29,22.3,67.6
2024-06-18 04:40:00,RG-001,0.0,1.281,22.4,64.5
2024-06-18 04:50:00,RG-001,0.0,1.284,22.3,65.5
2024-06-18 05:00:00,RG-001,0.0,1.289,22.4,69.5
2024-06-18 05:10:00,RG-001,0.0,1.284,23.0,65.2
2024-06-18 05:20:00,RG-001,0.0,1.28,23.0,69.3
2024-06-18 05:30:00,RG-001,0.0,1.282,23.0,68.3
2024-06-18 05:40:00,RG-001,0.0,1.278,23.0,68.8
2024-06-18 05:50:00,RG-001,0.0,1.279,23.2,62.1
2024-06-18 06:00:00,RG-001,0.0,1.274,23.5,67.6
2024-06-18 06:10:00,RG-001,0.0,1.275,23.5,69.0
2024-06-18 06:20:00,RG-001,0.0,1.27,23.6,70.6
2024-06-18 06:30:00,RG-001,0.0,1.272,24.0,67.7
2024-06-18 06:40:00,RG-001,0.0,1.274,24.6,71.2
2024-06-18 06:50:00,RG-001,0.0,1.271,23.9,73.0
2024-06-18 07:00:00,RG-001,0.0,1.269,25.2,73.4
2024-06-18 07:10:00,RG-001,0.0,1.266,24.6,72.1
2024-06-18 07:20:00,RG-001,0.0,1.266,24.7,68.2
2024-06-18 07:30:00,RG-001,0.0,1.264,25.2,67.7
2024-06-18 07:40:00,RG-001,0.0,1.264,25.5,73.1
2024-06-18 07:50:00,RG-001,0.0,1.259,25.8,75.8
2024-06-18 08:00:00,RG-001,0.0,1.267,25.5,71.0
2024-06-18 08:10:00,RG-001,0.0,1.265,25.7,70.1
2024-06-18 08:20:00,RG-001,0.0,1.262,27.1,71.7
2024-06-18 08:30:00,RG-001,0.0,1.262,26.4,72.4
2024-06-18 08:40:00,RG-001,0.0,1.26,26.5,70.1
2024-06-18 08:50:00,RG-001,0.0,1.257,26.8,72.9
2024-06-18 09:00:00,RG-001,0.0,1.253,27.3,74.9
2024-06-18 09:10:00,RG-001,0.0,1.256,28.1,72.7
2024-06-18 09:20:00,RG-001,0.0,1.254,27.2,71.2
2024-06-18 09:30:00,RG-001,0.0,1.253,27.8,75.6
2024-06-18 09:40:00,RG-001,0.0,1.26,27.1,69.3
2024-06-18 09:50:00,RG-001,0.0,1.252,28.4,76.4
2024-06-18 10:00:00,RG-001,0.0,1.252,28.6,73.3
2024-06-18 10:10:00,RG-001,0.0,1.254,28.2,72.5
2024-06-18 10:20:00,RG-001,0.0,1.249,29.2,74.1
2024-06-18 10:30:00,RG-001,0.0,1.248,29.0,68.2
2024-06-18 10:40:00,RG-001,0.0,1.246,29.1,70.9
2024-06-18 10:50:00,RG-001,0.0,1.252,29.8,69.6
2024-06-18 11:00:00,RG-001,0.0,1.246,29.8,71.7
2024-06-18 11:10:00,RG-001,0.0,1.246,29.8,71.9
2024-06-18 11:20:00,RG-001,0.0,1.245,30.3,74.4
2024-06-18 11:30:00,RG-001,0.0,1.242,30.2,72.9
2024-06-18 11:40:00,RG-001,0.0,1.244,30.2,71.9
2024-06-18 11:50:00,RG-001,0.0,1.244,30.6,70.6
2024-06-18 12:00:00,RG-001,0.0,1.245,30.0,74.0
2024-06-18 12:10:00,RG-001,0.0,1.244,31.0,67.6
2024-06-18 12:20:00,RG-001,0.0,1.248,30.6,72.1
2024-06-18 12:30:00,RG-001,0.0,1.244,29.6,76.7
2024-06-18 12:40:00,RG-001,0.0,1.244,30.7,71.7
2024-06-18 12:50:00,RG-001,0.0,1.24,30.5,71.1
2024-06-18 13:00:00,RG-001,0.0,1.239,30.7,72.0
2024-06-18 13:10:00,RG-001,0.0,1.244,31.4,70.2
2024-06-18 13:20:00,RG-001,0.0,1.239,31.0,65.8
2024-06-18 13:30:00,RG-001,0.0,1.235,31.9,68.4
2024-06-18 13:40:00,RG-001,0.0,1.235,30.7,71.9
2024-06-18 13:50:00,RG-001,0.0,1.238,31.0,64.8
2024-06-18 14:00:00,RG-001,0.0,1.235,31.1,69.2
2024-06-18 14:10:00,RG-001,0.0,1.235,31.4,68.2
2024-06-18 14:20:00,RG-001,0.0,1.235,31.0,70.5
2024-06-18 14:30:00,RG-001,0.0,1.234,31.3,68.2
2024-06-18 14:40:00,RG-001,0.0,1.233,30.5,66.9
2024-06-18 14:50:00,RG-001,0.0,1.242,31.1,65.4
2024-06-18 15:00:00,RG-001,0.0,1.231,31.7,69.8
2024-06-18 15:10:00,RG-001,0.0,1.236,31.1,68.8
2024-06-18 15:20:00,RG-001,0.0,1.233,30.8,69.4
2024-06-18 15:30:00,RG-001,0.0,1.232,30.6,64.2
2024-06-18 15:40:00,RG-001,0.0,1.23,31.1,64.2
2024-06-18 15:50:00,RG-001,0.0,1.231,30.5,64.0
2024-06-18 16:00:00,RG-001,0.0,1.231,30.6,68.5
2024-06-18 16:10:00,RG-001,0.0,1.227,30.1,62.9
2024-06-18 16:20:00,RG-001,0.0,1.228,30.1,63.8
2024-06-18 16:30:00,RG-001,0.0,1.23,29.9,64.5
2024-06-18 16:40:00,RG-001,0.0,1.232,29.7,65.0
2024-06-18 16:50:00,RG-001,0.0,1.231,29.7,61.0
2024-06-18 17:00:00,RG-001,0.0,1.226,30.0,65.4
2024-06-18 17:10:00,RG-001,0.0,1.23,29.1,64.9
2024-06-18 17:20:00,RG-001,0.0,1.23,29.4,60.3
2024-06-18 17:30:00,RG-001,0.0,1.227,29.3,67.7
2024-06-18 17:40:00,RG-001,0.0,1.225,29.6,63.9
2024-06-18 17:50:00,RG-001,0.0,1.232,28.6,62.2
2024-06-18 18:00:00,RG-001,0.0,1.222,27.5,59.5
2024-06-18 18:10:00,RG-001,0.0,1.225,27.9,63.8
2024-06-18 18:20:00,RG-001,0.0,1.227,28.6,60.4
2024-06-18 18:30:00,RG-001,0.0,1.226,27.7,56.0
2024-06-18 18:40:00,RG-001,0.0,1.223,27.6,59.8
2024-06-18 18:50:00,RG-001,0.0,1.225,26.8,60.3
2024-06-18 19:00:00,RG-001,0.0,1.221,27.5,60.5
2024-06-18 19:10:00,RG-001,0.0,1.222,27.0,59.6
2024-06-18 19:20:00,RG-001,0.0,1.223,26.3,58.3
2024-06-18 19:30:00,RG-001,0.0,1.22,27.0,60.0
2024-06-18 19:40:00,RG-001,0.0,1.222,26.2,58.9
2024-06-18 19:50:00,RG-001,0.0,1.219,25.8,58.0
2024-06-18 20:00:00,RG-001,0.0,1.225,25.9,62.2
2024-06-18 20:10:00,RG-001,0.0,1.22,26.0,53.6
2024-06-18 20:20:00,RG-001,0.0,1.219,25.5,55.5
2024-06-18 20:30:00,RG-001,0.0,1.221,24.7,55.4
2024-06-18 20:40:00,RG-001,0.0,1.219,24.9,57.7
2024-06-18 20:50:00,RG-001,0.0,1.215,25.6,59.0
2024-06-18 21:00:00,RG-001,0.0,1.22,24.6,57.9
2024-06-18 21:10:00,RG-001,0.0,1.217,24.2,55.8
2024-06-18 21:20:00,RG-001,0.0,1.218,25.1,58.5
2024-06-18 21:30:00,RG-001,0.0,1.224,24.1,53.1
2024-06-18 21:40:00,RG-001,0.0,1.219,24.1,57.2
2024-06-18 21:50:00,RG-001,0.30000000000000004,1.213,23.3,59.4
2024-06-18 22:00:00,RG-001,0.7000000000000001,1.232,23.0,60.9
2024-06-18 22:10:00,RG-001,0.9,1.242,21.9,64.7
2024-06-18 22:20:00,RG-001,1.1,1.255,20.9,70.4
2024-06-18 22:30:00,RG-001,1.5,1.284,21.1,73.3
2024-06-18 22:40:00,RG-001,1.7000000000000002,1.307,20.5,73.8
2024-06-18 22:50:00,RG-001,2.2,1.34,20.2,74.5
2024-06-18 23:00:00,RG-001,2.7,1.378,20.0,78.5
2024-06-18 23:10:00,RG-001,2.9000000000000004,1.418,19.7,77.4
2024-06-18 23:20:00,RG-001,2.5,1.457,19.7,73.2
2024-06-18 23:30:00,RG-001,2.8000000000000003,1.491,19.4,76.3
2024-06-18 23:40:00,RG-001,3.4000000000000004,1.531,19.2,75.9
2024-06-18 23:50:00,RG-001,2.4000000000000004,1.561,18.5,76.7
2024-06-19 00:00:00,RG-001,4.0,1.623,19.5,75.4
2024-06-19 00:10:00,RG-001,4.4,1.68,18.5,74.5
2024-06-19 00:20:00,RG-001,4.1000000000000005,1.737,18.9,75.2
2024-06-19 00:30:00,RG-001,2.3000000000000003,1.76,19.5,76.6
2024-06-19 00:40:00,RG-001,3.9000000000000004,1.81,18.9,76.3
2024-06-19 00:50:00,RG-001,2.5,1.839,18.2,79.1
2024-06-19 01:00:00,RG-001,4.4,1.901,18.7,74.8
2024-06-19 01:10:00,RG-001,2.3000000000000003,1.922,18.7,76.2
2024-06-19 01:20:00,RG-001,2.8000000000000003,1.951,18.2,77.0
2024-06-19 01:30:00,RG-001,4.0,2.003,19.1,81.5
2024-06-19 01:40:00,RG-001,2.7,2.03,18.5,81.3
2024-06-19 01:50:00,RG-001,1.8,2.04,18.9,80.4
2024-06-19 02:00:00,RG-001,2.9000000000000004,2.075,18.7,79.1
2024-06-19 02:10:00,RG-001,3.7,2.12,18.9,81.0
2024-06-19 02:20:00,RG-001,2.6,2.144,18.9,83.6
2024-06-19 02:30:00,RG-001,2.6,2.169,19.5,80.0
2024-06-19 02:40:00,RG-001,3.2,2.202,18.8,81.7
2024-06-19 02:50:00,RG-001,3.0,2.232,17.9,77.8
2024-06-19 03:00:00,RG-001,3.5,2.264,18.9,80.3
2024-06-19 03:10:00,RG-001,3.1,2.298,18.5,80.8
2024-06-19 03:20:00,RG-001,2.4000000000000004,2.316,18.4,83.3
2024-06-19 03:30:00,RG-001,2.1,2.332,17.4,81.6
2024-06-19 03:40:00,RG-001,2.7,2.356,18.9,81.6
2024-06-19 03:50:00,RG-001,1.8,2.364,19.3,80.8
2024-06-19 04:00:00,RG-001,1.5,2.371,19.4,81.2
2024-06-19 04:10:00,RG-001,1.9000000000000001,2.382,18.9,82.5
2024-06-19 04:20:00,RG-001,1.4000000000000001,2.382,19.2,83.0
2024-06-19 04:30:00,RG-001,1.0,2.378,19.6,82.8
2024-06-19 04:40:00,RG-001,1.4000000000000001,2.382,19.5,83.9
2024-06-19 04:50:00,RG-001,1.3,2.381,20.7,85.7
2024-06-19 05:00:00,RG-001,0.7000000000000001,2.381,19.8,83.9
2024-06-19 05:10:00,RG-001,0.8,2.373,20.4,85.6
2024-06-19 05:20:00,RG-001,0.6000000000000001,2.366,20.5,87.5
2024-06-19 05:30:00,RG-001,0.5,2.354,20.9,85.1
2024-06-19 05:40:00,RG-001,0.4,2.347,20.7,84.3
2024-06-19 05:50:00,RG-001,0.2,2.33,21.0,83.3
2024-06-19 06:00:00,RG-001,0.2,2.316,21.9,82.5
2024-06-19 06:10:00,RG-001,0.1,2.302,22.1,78.3
2024-06-19 06:20:00,RG-001,0.1,2.293,23.1,77.1
2024-06-19 06:30:00,RG-001,0.0,2.264,23.5,76.5
2024-06-19 06:40:00,RG-001,0.0,2.251,23.7,76.6
2024-06-19 06:50:00,RG-001,0.0,2.238,24.4,73.8
2024-06-19 07:00:00,RG-001,0.0,2.221,24.1,73.2
2024-06-19 07:10:00,RG-001,0.0,2.208,25.0,69.9
2024-06-19 07:20:00,RG-001,0.0,2.19,25.3,71.2
2024-06-19 07:30:00,RG-001,0.0,2.175,25.1,66.7
2024-06-19 07:40:00,RG-001,0.0,2.165,25.4,75.4
2024-06-19 07:50:00,RG-001,0.0,2.15,26.7,67.0
2024-06-19 08:00:00,RG-001,0.0,2.132,26.3,72.0
2024-06-19 08:10:00,RG-001,0.0,2.121,26.2,73.6
2024-06-19 08:20:00,RG-001,0.0,2.106,26.4,71.9
2024-06-19 08:30:00,RG-001,0.0,2.095,27.1,75.1
2024-06-19 08:40:00,RG-001,0.0,2.077,26.4,73.2
2024-06-19 08:50:00,RG-001,0.0,2.064,27.5,70.3
2024-06-19 09:00:00,RG-001,0.0,2.055,27.5,71.2
2024-06-19 09:10:00,RG-001,0.0,2.039,27.6,74.4
2024-06-19 09:20:00,RG-001,0.0,2.025,28.2,73.1
2024-06-19 09:30:00,RG-001,0.0,2.011,27.5,74.6
2024-06-19 09:40:00,RG-001,0.0,2.004,27.1,72.4
2024-06-19 09:50:00,RG-001,0.0,1.989,28.3,73.6
2024-06-19 10:00:00,RG-001,0.0,1.979,27.6,67.8
2024-06-19 10:10:00,RG-001,0.0,1.969,28.5,71.4
2024-06-19 10:20:00,RG-001,0.0,1.96,28.8,75.7
2024-06-19 10:30:00,RG-001,0.0,1.944,28.8,71.8
2024-06-19 10:40:00,RG-001,0.0,1.935,29.3,72.4
2024-06-19 10:50:00,RG-001,0.0,1.924,29.1,74.4
2024-06-19 11:00:00,RG-001,0.0,1.908,29.6,74.5
2024-06-19 11:10:00,RG-001,0.0,1.901,29.9,73.1
2024-06-19 11:20:00,RG-001,0.0,1.891,29.9,73.1
2024-06-19 11:30:00,RG-001,0.0,1.881,30.1,73.7
2024-06-19 11:40:00,RG-001,0.0,1.87,29.7,72.2
2024-06-19 11:50:00,RG-001,0.0,1.861,30.7,73.0
2024-06-19 12:00:00,RG-001,0.0,1.85,30.4,71.3
2024-06-19 12:10:00,RG-001,0.0,1.844,30.2,73.6
2024-06-19 12:20:00,RG-001,0.0,1.835,30.4,69.6
2024-06-19 12:30:00,RG-001,0.0,1.823,30.5,71.3
2024-06-19 12:40:00,RG-001,0.0,1.811,30.1,68.5
2024-06-19 12:50:00,RG-001,0.0,1.801,30.9,69.2
2024-06-19 13:00:00,RG-001,0.0,1.799,31.2,66.9
2024-06-19 13:10:00,RG-001,0.0,1.784,31.4,70.7
2024-06-19 13:20:00,RG-001,0.0,1.773,31.2,72.4
2024-06-19 13:30:00,RG-001,0.0,1.767,31.2,70.1
2024-06-19 13:40:00,RG-001,0.0,1.758,30.6,65.6
2024-06-19 13:50:00,RG-001,0.0,1.75,31.0,73.4
2024-06-19 14:00:00,RG-001,0.0,1.743,31.7,71.8
2024-06-19 14:10:00,RG-001,0.0,1.735,30.9,67.0
2024-06-19 14:20:00,RG-001,0.0,1.726,30.7,71.6
2024-06-19 14:30:00,RG-001,0.0,1.723,30.8,68.2
2024-06-19 14:40:00,RG-001,0.0,1.711,30.7,70.8
2024-06-19 14:50:00,RG-001,0.0,1.704,32.0,67.2
2024-06-19 15:00:00,RG-001,0.0,1.698,31.3,67.7
2024-06-19 15:10:00,RG-001,0.0,1.693,30.6,67.6
2024-06-19 15:20:00,RG-001,0.0,1.684,30.5,68.5
2024-06-19 15:30:00,RG-001,0.0,1.671,30.6,65.4
2024-06-19 15:40:00,RG-001,0.0,1.665,31.0,66.7
2024-06-19 15:50:00,RG-001,0.0,1.659,30.6,67.4
2024-06-19 16:00:00,RG-001,0.0,1.647,30.4,61.6
2024-06-19 16:10:00,RG-001,0.0,1.646,30.1,60.1
2024-06-19 16:20:00,RG-001,0.0,1.638,29.9,64.0
2024-06-19 16:30:00,RG-001,0.0,1.625,29.3,62.9
2024-06-19 16:40:00,RG-001,0.0,1.629,29.9,63.3
2024-06-19 16:50:00,RG-001,0.0,1.62,29.6,61.8
2024-06-19 17:00:00,RG-001,0.0,1.612,29.8,61.8
2024-06-19 17:10:00,RG-001,0.0,1.604,29.2,62.1
2024-06-19 17:20:00,RG-001,0.0,1.596,28.8,58.8
2024-06-19 17:30:00,RG-001,0.0,1.593,28.2,62.0
2024-06-19 17:40:00,RG-001,0.0,1.594,28.2,65.6
2024-06-19 17:50:00,RG-001,0.0,1.582,28.7,60.0
2024-06-19 18:00:00,RG-001,0.0,1.575,27.7,59.5
2024-06-19 18:10:00,RG-001,0.0,1.572,28.0,56.3
2024-06-19 18:20:00,RG-001,0.0,1.565,28.3,62.3
2024-06-19 18:30:00,RG-001,0.0,1.559,27.5,62.0
2024-06-19 18:40:00,RG-001,0.0,1.56,27.2,60.4
2024-06-19 18:50:00,RG-001,0.0,1.546,27.3,59.2
2024-06-19 19:00:00,RG-001,0.0,1.539,27.5,60.0
2024-06-19 19:10:00,RG-001,0.0,1.543,27.0,60.9
2024-06-19 19:20:00,RG-001,0.0,1.539,26.6,59.8
2024-06-19 19:30:00,RG-001,0.0,1.531,26.9,60.7
2024-06-19 19:40:00,RG-001,0.0,1.519,26.6,59.8
2024-06-19 19:50:00,RG-001,0.0,1.521,26.1,59.2
2024-06-19 20:00:00,RG-001,0.0,1.516,26.4,58.5
2024-06-19 20:10:00,RG-001,0.0,1.505,25.7,56.5
2024-06-19 20:20:00,RG-001,0.0,1.504,25.7,53.4
2024-06-19 20:30:00,RG-001,0.0,1.495,24.9,56.1
2024-06-19 20:40:00,RG-001,0.0,1.499,25.8,59.4
2024-06-19 20:50:00,RG-001,0.0,1.494,25.1,59.7
2024-06-19 21:00:00,RG-001,0.0,1.492,24.7,58.9
2024-06-19 21:10:00,RG-001,0.0,1.484,24.8,60.7
2024-06-19 21:20:00,RG-001,0.0,1.48,24.1,56.8
2024-06-19 21:30:00,RG-001,0.0,1.475,24.1,56.2
2024-06-19 21:40:00,RG-001,0.0,1.472,24.1,56.1
2024-06-19 21:50:00,RG-001,0.0,1.462,24.1,59.5
2024-06-19 22:00:00,RG-001,0.0,1.458,24.1,56.3
2024-06-19 22:10:00,RG-001,0.0,1.452,23.7,55.9
2024-06-19 22:20:00,RG-001,0.0,1.453,22.7,58.8
2024-06-19 22:30:00,RG-001,0.0,1.451,22.4,57.6
2024-06-19 22:40:00,RG-001,0.0,1.447,22.2,55.2
2024-06-19 22:50:00,RG-001,0.0,1.447,22.4,57.0
2024-06-19 23:00:00,RG-001,0.0,1.441,22.0,56.7
2024-06-19 23:10:00,RG-001,0.0,1.437,22.7,55.9
2024-06-19 23:20:00,RG-001,0.0,1.432,21.7,56.0
2024-06-19 23:30:00,RG-001,0.0,1.432,22.7,58.0
2024-06-19 23:40:00,RG-001,0.0,1.424,21.6,59.2
2024-06-19 23:50:00,RG-001,0.0,1.421,21.8,59.2
2024-06-20 00:00:00,RG-001,0.0,1.422,21.0,56.5
2024-06-20 00:10:00,RG-001,0.0,1.421,22.0,58.5
2024-06-20 00:20:00,RG-001,0.0,1.418,21.5,59.9
2024-06-20 00:30:00,RG-001,0.0,1.409,21.6,56.8
2024-06-20 00:40:00,RG-001,0.0,1.406,22.2,55.7
2024-06-20 00:50:00,RG-001,0.0,1.412,21.6,58.3
2024-06-20 01:00:00,RG-001,0.0,1.4,21.5,62.6
2024-06-20 01:10:00,RG-001,0.0,1.399,21.2,60.9
2024-06-20 01:20:00,RG-001,0.0,1.397,21.6,61.4
2024-06-20 01:30:00,RG-001,0.0,1.395,21.1,60.4
2024-06-20 01:40:00,RG-001,0.0,1.389,21.2,63.1
2024-06-20 01:50:00,RG-001,0.0,1.387,20.9,60.6
2024-06-20 02:00:00,RG-001,0.0,1.389,20.4,62.6
2024-06-20 02:10:00,RG-001,0.0,1.382,20.3,61.7
2024-06-20 02:20:00,RG-001,0.0,1.373,20.8,61.2
2024-06-20 02:30:00,RG-001,0.0,1.372,21.0,62.1
2024-06-20 02:40:00,RG-001,0.0,1.374,20.7,60.8
2024-06-20 02:50:00,RG-001,0.0,1.371,20.8,61.5
2024-06-20 03:00:00,RG-001,0.0,1.365,20.8,62.3
2024-06-20 03:10:00,RG-001,0.0,1.364,21.7,64.0
2024-06-20 03:20:00,RG-001,0.0,1.361,21.2,60.0
2024-06-20 03:30:00,RG-001,0.0,1.363,20.9,61.3
2024-06-20 03:40:00,RG-001,0.0,1.356,21.0,66.8
2024-06-20 03:50:00,RG-001,0.0,1.353,21.6,67.0
2024-06-20 04:00:00,RG-001,0.0,1.351,21.4,63.7
2024-06-20 04:10:00,RG-001,0.0,1.339,21.4,64.8
2024-06-20 04:20:00,RG-001,0.0,1.349,21.2,62.8
2024-06-20 04:30:00,RG-001,0.0,1.349,22.0,67.5
2024-06-20 04:40:00,RG-001,0.0,1.345,21.3,66.4
2024-06-20 04:50:00,RG-001,0.0,1.342,22.8,68.5
2024-06-20 05:00:00,RG-001,0.0,1.339,22.3,62.9
2024-06-20 05:10:00,RG-001,0.0,1.335,22.4,66.0
2024-06-20 05:20:00,RG-001,0.0,1.336,23.0,65.0
2024-06-20 05:30:00,RG-001,0.0,1.329,22.9,66.9
2024-06-20 05:40:00,RG-001,0.0,1.334,22.6,70.0
2024-06-20 05:50:00,RG-001,0.0,1.33,23.4,64.8
2024-06-20 06:00:00,RG-001,0.0,1.327,23.4,66.6
2024-06-20 06:10:00,RG-001,0.0,1.324,23.7,66.8
2024-06-20 06:20:00,RG-001,0.0,1.324,23.4,68.0
2024-06-20 06:30:00,RG-001,0.0,1.315,24.1,70.3
2024-06-20 06:40:00,RG-001,0.0,1.323,24.3,69.6
2024-06-20 06:50:00,RG-001,0.0,1.313,24.5,65.9
2024-06-20 07:00:00,RG-001,0.0,1.318,24.7,72.0
2024-06-20 07:10:00,RG-001,0.0,1.316,24.9,71.4
2024-06-20 07:20:00,RG-001,0.0,1.316,25.4,73.5
2024-06-20 07:30:00,RG-001,0.0,1.31,25.4,72.4
2024-06-20 07:40:00,RG-001,0.0,1.311,25.9,72.1
2024-06-20 07:50:00,RG-001,0.0,1.303,25.0,74.6
2024-06-20 08:00:00,RG-001,0.0,1.303,26.2,73.9
2024-06-20 08:10:00,RG-001,0.0,1.307,26.4,73.3
2024-06-20 08:20:00,RG-001,0.0,1.303,26.7,71.9
2024-06-20 08:30:00,RG-001,0.0,1.297,26.2,75.4
2024-06-20 08:40:00,RG-001,0.0,1.302,26.4,76.0
2024-06-20 08:50:00,RG-001,0.0,1.294,26.7,71.8
2024-06-20 09:00:00,RG-001,0.0,1.302,26.7,71.1
2024-06-20 09:10:00,RG-001,0.0,1.293,27.3,67.8
2024-06-20 09:20:00,RG-001,0.0,1.297,28.3,76.2
2024-06-20 09:30:00,RG-001,0.0,1.292,27.6,72.3
2024-06-20 09:40:00,RG-001,0.0,1.286,28.3,72.5
2024-06-20 09:50:00,RG-001,0.0,1.29,28.5,70.5
2024-06-20 10:00:00,RG-001,0.0,1.287,28.3,75.0
2024-06-20 10:10:00,RG-001,0.0,1.286,28.6,73.2
2024-06-20 10:20:00,RG-001,0.0,1.291,28.6,71.8
2024-06-20 10:30:00,RG-001,0.0,1.286,28.9,71.4
2024-06-20 10:40:00,RG-001,0.0,1.286,30.3,72.3
2024-06-20 10:50:00,RG-001,0.0,1.279,30.1,70.7
2024-06-20 11:00:00,RG-001,0.0,1.282,28.9,72.2
2024-06-20 11:10:00,RG-001,0.0,1.279,29.7,72.1
2024-06-20 11:20:00,RG-001,0.0,1.281,28.9,73.6
2024-06-20 11:30:00,RG-001,0.0,1.281,30.0,73.3
2024-06-20 11:40:00,RG-001,0.0,1.278,29.7,72.4
2024-06-20 11:50:00,RG-001,0.0,1.269,30.4,72.9
2024-06-20 12:00:00,RG-001,0.0,1.271,30.2,74.1
2024-06-20 12:10:00,RG-001,0.0,1.266,30.9,73.4
2024-06-20 12:20:00,RG-001,0.0,1.269,30.2,74.5
2024-06-20 12:30:00,RG-001,0.0,1.267,30.3,69.3
2024-06-20 12:40:00,RG-001,0.0,1.27,31.2,70.3
2024-06-20 12:50:00,RG-001,0.0,1.269,31.4,65.7
2024-06-20 13:00:00,RG-001,0.0,1.267,30.8,72.3
2024-06-20 13:10:00,RG-001,0.0,1.27,31.2,64.4
2024-06-20 13:20:00,RG-001,0.0,1.264,30.6,67.3
2024-06-20 13:30:00,RG-001,0.0,1.267,30.7,71.7
2024-06-20 13:40:00,RG-001,0.0,1.265,30.7,71.1
2024-06-20 13:50:00,RG-001,0.0,1.265,32.0,68.6
2024-06-20 14:00:00,RG-001,0.0,1.269,31.0,71.5
2024-06-20 14:10:00,RG-001,0.0,1.264,30.8,68.8
2024-06-20 14:20:00,RG-001,0.0,1.267,30.3,69.7
2024-06-20 14:30:00,RG-001,0.0,1.256,31.7,67.4
2024-06-20 14:40:00,RG-001,0.0,1.258,31.0,69.4
2024-06-20 14:50:00,RG-001,0.0,1.261,31.1,66.8
2024-06-20 15:00:00,RG-001,0.0,1.257,30.2,65.7
2024-06-20 15:10:00,RG-001,0.0,1.257,31.2,65.2
2024-06-20 15:20:00,RG-001,0.0,1.252,30.6,65.4
2024-06-20 15:30:00,RG-001,0.0,1.255,30.4,68.3
2024-06-20 15:40:00,RG-001,0.0,1.259,30.8,69.3
2024-06-20 15:50:00,RG-001,0.0,1.253,31.0,65.0
2024-06-20 16:00:00,RG-001,0.0,1.253,30.6,65.3
2024-06-20 16:10:00,RG-001,0.0,1.239,30.1,66.0
2024-06-20 16:20:00,RG-001,0.0,1.254,30.4,63.2
2024-06-20 16:30:00,RG-001,0.0,1.256,29.7,64.8
2024-06-20 16:40:00,RG-001,0.0,1.253,29.8,68.9
2024-06-20 16:50:00,RG-001,0.0,1.247,29.2,63.8
2024-06-20 17:00:00,RG-001,0.0,1.254,30.2,60.3
2024-06-20 17:10:00,RG-001,0.0,1.246,29.2,61.6
2024-06-20 17:20:00,RG-001,0.0,1.246,28.7,64.1
2024-06-20 17:30:00,RG-001,0.0,1.243,29.2,59.8
2024-06-20 17:40:00,RG-001,0.0,1.244,29.3,61.8
2024-06-20 17:50:00,RG-001,0.0,1.246,28.3,59.1
2024-06-20 18:00:00,RG-001,0.0,1.246,28.4,64.5
2024-06-20 18:10:00,RG-001,0.0,1.245,28.2,59.6
2024-06-20 18:20:00,RG-001,0.0,1.25,28.6,59.8
2024-06-20 18:30:00,RG-001,0.0,1.238,27.7,61.5
2024-06-20 18:40:00,RG-001,0.0,1.237,28.7,62.3
2024-06-20 18:50:00,RG-001,0.0,1.24,27.8,59.6
2024-06-20 19:00:00,RG-001,0.0,1.237,27.7,58.7
2024-06-20 19:10:00,RG-001,0.0,1.236,26.7,59.4
2024-06-20 19:20:00,RG-001,0.0,1.233,27.0,60.4
2024-06-20 19:30:00,RG-001,0.0,1.235,26.3,60.5
2024-06-20 19:40:00,RG-001,0.0,1.237,26.5,58.8
2024-06-20 19:50:00,RG-001,0.0,1.237,25.8,56.1
2024-06-20 20:00:00,RG-001,0.0,1.236,26.3,58.2
2024-06-20 20:10:00,RG-001,0.0,1.239,25.4,59.1
2024-06-20 20:20:00,RG-001,0.0,1.237,26.0,57.4
2024-06-20 20:30:00,RG-001,0.0,1.235,24.9,58.5
2024-06-20 20:40:00,RG-001,0.0,1.233,25.2,57.2
2024-06-20 20:50:00,RG-001,0.0,1.235,25.2,56.5
2024-06-20 21:00:00,RG-001,0.0,1.237,24.6,54.8
2024-06-20 21:10:00,RG-001,0.0,1.233,24.6,56.4
2024-06-20 21:20:00,RG-001,0.0,1.234,24.8,56.1
2024-06-20 21:30:00,RG-001,0.0,1.233,24.0,55.9
2024-06-20 21:40:00,RG-001,0.0,1.231,24.2,57.6
2024-06-20 21:50:00,RG-001,0.0,1.234,22.9,57.0
2024-06-20 22:00:00,RG-001,1.2000000000000002,1.249,22.8,62.3
2024-06-20 22:10:00,RG-001,2.0,1.276,21.9,70.4
2024-06-20 22:20:00,RG-001,2.3000000000000003,1.305,20.6,72.4
2024-06-20 22:30:00,RG-001,1.9000000000000001,1.337,19.9,75.9
2024-06-20 22:40:00,RG-001,3.3000000000000003,1.39,21.1,75.7
2024-06-20 22:50:00,RG-001,3.3000000000000003,1.426,19.5,75.0
2024-06-20 23:00:00,RG-001,2.5,1.462,19.4,74.8
2024-06-20 23:10:00,RG-001,3.1,1.51,19.8,75.5
2024-06-20 23:20:00,RG-001,3.4000000000000004,1.553,19.9,74.7
2024-06-20 23:30:00,RG-001,3.9000000000000004,1.604,20.1,76.0
2024-06-20 23:40:00,RG-001,4.9,1.68,19.3,75.8
2024-06-20 23:50:00,RG-001,3.8000000000000003,1.725,19.4,75.3
2024-06-21 00:00:00,RG-001,2.4000000000000004,1.755,19.4,75.1
2024-06-21 00:10:00,RG-001,4.2,1.803,19.3,75.6
2024-06-21 00:20:00,RG-001,3.6,1.849,19.2,77.5
2024-06-21 00:30:00,RG-001,2.5,1.885,18.9,75.8
2024-06-21 00:40:00,RG-001,2.1,1.902,18.9,74.0
2024-06-21 00:50:00,RG-001,2.7,1.932,18.9,74.9
2024-06-21 01:00:00,RG-001,3.5,1.965,18.3,76.1
2024-06-21 01:10:00,RG-001,2.6,2.005,18.6,78.9
2024-06-21 01:20:00,RG-001,3.2,2.041,18.9,76.0
2024-06-21 01:30:00,RG-001,2.5,2.063,18.0,77.6
2024-06-21 01:40:00,RG-001,2.5,2.083,18.0,77.4
2024-06-21 01:50:00,RG-001,2.4000000000000004,2.11,18.5,79.0
2024-06-21 02:00:00,RG-001,2.0,2.125,18.3,77.8
2024-06-21 02:10:00,RG-001,1.2000000000000002,2.126,19.0,77.6
2024-06-21 02:20:00,RG-001,1.4000000000000001,2.137,18.5,83.5
2024-06-21 02:30:00,RG-001,0.4,2.123,18.5,81.2
2024-06-21 02:40:00,RG-001,0.0,2.118,18.1,82.4
2024-06-21 02:50:00,RG-001,0.0,2.103,18.1,81.8
2024-06-21 03:00:00,RG-001,0.0,2.089,18.8,79.3
2024-06-21 03:10:00,RG-001,0.0,2.07,20.0,76.4
2024-06-21 03:20:00,RG-001,0.0,2.061,21.5,64.3
2024-06-21 03:30:00,RG-001,0.0,2.046,22.0,64.7
2024-06-21 03:40:00,RG-001,0.0,2.036,21.1,65.4
2024-06-21 03:50:00,RG-001,0.0,2.023,21.4,64.7
2024-06-21 04:00:00,RG-001,0.0,2.009,21.8,64.9
2024-06-21 04:10:00,RG-001,0.0,2.001,21.7,65.8
2024-06-21 04:20:00,RG-001,0.0,1.985,22.4,66.5
2024-06-21 04:30:00,RG-001,0.0,1.978,22.3,65.7
2024-06-21 04:40:00,RG-001,0.0,1.962,22.0,67.8
2024-06-21 04:50:00,RG-001,0.0,1.949,22.9,66.2
2024-06-21 05:00:00,RG-001,0.0,1.944,22.0,67.8
2024-06-21 05:10:00,RG-001,0.0,1.93,22.7,68.0
2024-06-21 05:20:00,RG-001,0.0,1.922,21.8,68.1
2024-06-21 05:30:00,RG-001,0.0,1.904,23.2,68.3
2024-06-21 05:40:00,RG-001,0.0,1.889,22.4,69.8
2024-06-21 05:50:00,RG-001,0.0,1.887,23.5,65.6
2024-06-21 06:00:00,RG-001,0.0,1.876,22.7,67.1
2024-06-21 06:10:00,RG-001,0.0,1.861,24.2,68.5
2024-06-21 06:20:00,RG-001,0.0,1.858,23.9,69.1
2024-06-21 06:30:00,RG-001,0.0,1.848,23.6,70.6
2024-06-21 06:40:00,RG-001,0.0,1.84,24.5,69.1
2024-06-21 06:50:00,RG-001,0.0,1.825,24.2,69.0
2024-06-21 07:00:00,RG-001,0.0,1.818,23.7,71.5
2024-06-21 07:10:00,RG-001,0.0,1.805,25.0,72.9
2024-06-21 07:20:00,RG-001,0.0,1.802,25.6,69.9
2024-06-21 07:30:00,RG-001,0.0,1.789,25.3,71.5
2024-06-21 07:40:00,RG-001,0.0,1.783,26.1,71.2
2024-06-21 07:50:00,RG-001,0.0,1.773,26.1,73.1
2024-06-21 08:00:00,RG-001,0.0,1.764,26.4,69.6
2024-06-21 08:10:00,RG-001,0.0,1.759,26.5,73.0
2024-06-21 08:20:00,RG-001,0.0,1.743,26.7,68.9
2024-06-21 08:30:00,RG-001,0.0,1.741,26.4,73.6
2024-06-21 08:40:00,RG-001,0.0,1.734,26.9,73.7
2024-06-21 08:50:00,RG-001,0.0,1.724,27.4,71.8
2024-06-21 09:00:00,RG-001,0.0,1.712,27.2,72.7
2024-06-21 09:10:00,RG-001,0.0,1.708,27.5,76.9
2024-06-21 09:20:00,RG-001,0.0,1.7,27.3,75.7
2024-06-21 09:30:00,RG-001,0.0,1.685,28.3,74.9
2024-06-21 09:40:00,RG-001,0.0,1.683,28.6,75.1
2024-06-21 09:50:00,RG-001,0.0,1.674,27.7,71.9
2024-06-21 10:00:00,RG-001,0.0,1.673,28.1,72.5
2024-06-21 10:10:00,RG-001,0.0,1.661,29.5,73.2
2024-06-21 10:20:00,RG-001,0.0,1.658,28.5,74.1
2024-06-21 10:30:00,RG-001,0.0,1.651,29.5,75.4
2024-06-21 10:40:00,RG-001,0.0,1.643,29.5,73.5
2024-06-21 10:50:00,RG-001,0.0,1.635,30.2,72.0
2024-06-21 11:00:00,RG-001,0.0,1.633,29.6,72.2
2024-06-21 11:10:00,RG-001,0.0,1.623,29.6,76.0
2024-06-21 11:20:00,RG-001,0.0,1.62,29.4,72.6
2024-06-21 11:30:00,RG-001,0.0,1.611,30.0,73.5
2024-06-21 11:40:00,RG-001,0.0,1.604,30.6,72.6
2024-06-21 11:50:00,RG-001,0.0,1.596,30.2,73.1
2024-06-21 12:00:00,RG-001,0.0,1.598,30.7,71.2
2024-06-21 12:10:00,RG-001,0.0,1.588,30.7,71.5
2024-06-21 12:20:00,RG-001,0.0,1.576,31.0,72.4
2024-06-21 12:30:00,RG-001,0.0,1.578,29.9,69.6
2024-06-21 12:40:00,RG-001,0.0,1.569,30.0,71.4
2024-06-21 12:50:00,RG-001,0.0,1.563,31.3,67.9
2024-06-21 13:00:00,RG-001,0.0,1.559,30.4,69.2
2024-06-21 13:10:00,RG-001,0.0,1.552,31.0,73.1
2024-06-21 13:20:00,RG-001,0.0,1.545,30.8,68.2
2024-06-21 13:30:00,RG-001,0.0,1.543,30.9,69.4
2024-06-21 13:40:00,RG-001,0.0,1.54,31.4,72.5
2024-06-21 13:50:00,RG-001,0.0,1.53,31.3,65.3
2024-06-21 14:00:00,RG-001,0.0,1.526,31.1,67.9
2024-06-21 14:10:00,RG-001,0.0,1.523,31.3,70.9
2024-06-21 14:20:00,RG-001,0.0,1.521,30.5,67.8
2024-06-21 14:30:00,RG-001,0.0,1.514,30.3,64.9
2024-06-21 14:40:00,RG-001,0.0,1.511,31.1,69.3
2024-06-21 14:50:00,RG-001,0.0,1.503,31.3,66.9
2024-06-21 15:00:00,RG-001,0.0,1.499,30.2,66.9
2024-06-21 15:10:00,RG-001,0.0,1.494,30.7,66.0
2024-06-21 15:20:00,RG-001,0.0,1.488,31.3,66.0
2024-06-21 15:30:00,RG-001,0.0,1.486,31.0,65.7
2024-06-21 15:40:00,RG-001,0.0,1.48,30.8,66.8
2024-06-21 15:50:00,RG-001,0.0,1.478,30.7,66.0
2024-06-21 16:00:00,RG-001,0.0,1.474,29.8,64.3
2024-06-21 16:10:00,RG-001,0.0,1.474,30.2,68.2
2024-06-21 16:20:00,RG-001,0.0,1.462,30.3,64.7
2024-06-21 16:30:00,RG-001,0.0,1.461,30.0,63.5
2024-06-21 16:40:00,RG-001,0.0,1.451,29.4,63.7
2024-06-21 16:50:00,RG-001,0.0,1.451,29.1,62.1
2024-06-21 17:00:00,RG-001,0.0,1.448,29.8,62.5
2024-06-21 17:10:00,RG-001,0.0,1.443,29.7,58.3
2024-06-21 17:20:00,RG-001,0.0,1.444,29.2,65.4
2024-06-21 17:30:00,RG-001,0.0,1.44,29.5,65.1
2024-06-21 17:40:00,RG-001,0.0,1.437,28.4,58.9
2024-06-21 17:50:00,RG-001,0.0,1.435,29.2,63.8
2024-06-21 18:00:00,RG-001,0.0,1.426,28.9,61.3
2024-06-21 18:10:00,RG-001,0.0,1.422,29.2,61.6
2024-06-21 18:20:00,RG-001,0.0,1.422,28.0,61.2
2024-06-21 18:30:00,RG-001,0.0,1.421,28.0,61.2
2024-06-21 18:40:00,RG-001,0.0,1.412,28.0,57.4
2024-06-21 18:50:00,RG-001,0.0,1.419,27.1,59.9
2024-06-21 19:00:00,RG-001,0.0,1.404,26.9,57.3
2024-06-21 19:10:00,RG-001,0.0,1.406,27.1,60.4
2024-06-21 19:20:00,RG-001,0.0,1.404,27.3,58.8
2024-06-21 19:30:00,RG-001,0.0,1.398,25.9,60.9
2024-06-21 19:40:00,RG-001,0.0,1.399,26.1,58.7
2024-06-21 19:50:00,RG-001,0.0,1.395,26.2,57.3
2024-06-21 20:00:00,RG-001,0.0,1.393,25.1,54.6
2024-06-21 20:10:00,RG-001,0.0,1.388,25.4,58.1
2024-06-21 20:20:00,RG-001,0.0,1.384,25.5,55.4
2024-06-21 20:30:00,RG-001,0.0,1.382,25.3,57.8
2024-06-21 20:40:00,RG-001,0.0,1.38,25.2,56.6
2024-06-21 20:50:00,RG-001,0.0,1.375,24.9,53.6
2024-06-21 21:00:00,RG-001,0.0,1.371,25.4,58.0
2024-06-21 21:10:00,RG-001,0.0,1.373,24.2,59.6
2024-06-21 21:20:00,RG-001,0.0,1.373,24.3,56.0
2024-06-21 21:30:00,RG-001,0.0,1.364,24.5,53.6
2024-06-21 21:40:00,RG-001,0.0,1.367,24.1,55.4
2024-06-21 21:50:00,RG-001,0.0,1.361,23.5,51.4
2024-06-21 22:00:00,RG-001,0.0,1.361,23.6,55.6
2024-06-21 22:10:00,RG-001,0.0,1.352,23.8,58.9
2024-06-21 22:20:00,RG-001,0.0,1.356,23.4,56.9
2024-06-21 22:30:00,RG-001,0.0,1.352,23.3,56.2
2024-06-21 22:40:00,RG-001,0.0,1.352,22.5,60.4
2024-06-21 22:50:00,RG-001,0.0,1.341,22.8,59.2
2024-06-21 23:00:00,RG-001,0.0,1.342,22.5,60.2
2024-06-21 23:10:00,RG-001,0.0,1.343,23.0,54.7
2024-06-21 23:20:00,RG-001,0.0,1.344,22.1,55.5
2024-06-21 23:30:00,RG-001,0.0,1.336,22.2,56.1
2024-06-21 23:40:00,RG-001,0.0,1.334,21.1,56.9
2024-06-21 23:50:00,RG-001,0.0,1.334,21.9,57.8
2024-06-22 00:00:00,RG-001,0.0,1.329,21.9,61.2
2024-06-22 00:10:00,RG-001,0.0,1.325,21.4,58.4
2024-06-22 00:20:00,RG-001,0.0,1.328,21.0,58.2
2024-06-22 00:30:00,RG-001,0.0,1.327,21.3,57.9
2024-06-22 00:40:00,RG-001,0.0,1.327,21.1,59.0
2024-06-22 00:50:00,RG-001,0.0,1.324,21.7,58.0
2024-06-22 01:00:00,RG-001,0.0,1.325,20.7,58.8
2024-06-22 01:10:00,RG-001,0.0,1.319,21.1,60.6
2024-06-22 01:20:00,RG-001,0.0,1.314,21.5,60.2
2024-06-22 01:30:00,RG-001,0.0,1.311,21.0,57.9
2024-06-22 01:40:00,RG-001,0.0,1.307,20.7,59.5
2024-06-22 01:50:00,RG-001,0.0,1.314,20.8,63.1
2024-06-22 02:00:00,RG-001,0.0,1.31,20.9,63.1
2024-06-22 02:10:00,RG-001,0.0,1.302,21.0,63.0
2024-06-22 02:20:00,RG-001,0.0,1.308,20.9,61.5
2024-06-22 02:30:00,RG-001,0.0,1.307,21.6,61.7
2024-06-22 02:40:00,RG-001,0.0,1.301,21.7,67.4
2024-06-22 02:50:00,RG-001,0.0,1.307,20.6,62.8
2024-06-22 03:00:00,RG-001,0.0,1.299,21.4,62.9
2024-06-22 03:10:00,RG-001,0.0,1.302,21.8,62.5
2024-06-22 03:20:00,RG-001,0.0,1.297,21.1,62.0
2024-06-22 03:30:00,RG-001,0.0,1.298,21.9,64.0
2024-06-22 03:40:00,RG-001,0.0,1.296,21.2,62.6
2024-06-22 03:50:00,RG-001,0.0,1.292,21.7,65.8
2024-06-22 04:00:00,RG-001,0.0,1.29,21.4,65.5
2024-06-22 04:10:00,RG-001,0.0,1.295,21.8,65.6
2024-06-22 04:20:00,RG-001,0.0,1.286,21.7,66.3
2024-06-22 04:30:00,RG-001,0.0,1.287,22.4,68.1
2024-06-22 04:40:00,RG-001,0.0,1.284,22.2,70.8
2024-06-22 04:50:00,RG-001,0.0,1.284,22.6,69.2
2024-06-22 05:00:00,RG-001,0.0,1.283,23.2,72.2
2024-06-22 05:10:00,RG-001,0.0,1.283,23.0,67.3
2024-06-22 05:20:00,RG-001,0.0,1.286,22.2,66.1
2024-06-22 05:30:00,RG-001,0.0,1.283,22.7,68.1
2024-06-22 05:40:00,RG-001,0.0,1.276,23.7,67.9
2024-06-22 05:50:00,RG-001,0.0,1.282,23.5,71.7
2024-06-22 06:00:00,RG-001,0.0,1.282,23.5,71.0
2024-06-22 06:10:00,RG-001,0.0,1.274,23.5,68.0
2024-06-22 06:20:00,RG-001,0.0,1.277,24.2,69.1
2024-06-22 06:30:00,RG-001,0.0,1.275,24.0,74.7
2024-06-22 06:40:00,RG-001,0.0,1.27,24.2,70.9
2024-06-22 06:50:00,RG-001,0.0,1.272,24.3,65.3
2024-06-22 07:00:00,RG-001,0.0,1.27,24.6,75.5
2024-06-22 07:10:00,RG-001,0.0,1.269,24.1,70.8
2024-06-22 07:20:00,RG-001,0.0,1.271,25.9,70.0
2024-06-22 07:30:00,RG-001,0.0,1.261,24.7,69.7
2024-06-22 07:40:00,RG-001,0.0,1.269,25.2,70.7
2024-06-22 07:50:00,RG-001,0.0,1.262,25.1,70.4
2024-06-22 08:00:00,RG-001,0.0,1.266,26.1,70.2
2024-06-22 08:10:00,RG-001,0.0,1.257,26.2,71.7
2024-06-22 08:20:00,RG-001,0.0,1.263,26.7,71.5
2024-06-22 08:30:00,RG-001,0.0,1.262,26.3,73.0
2024-06-22 08:40:00,RG-001,0.0,1.258,27.4,72.0
2024-06-22 08:50:00,RG-001,0.0,1.258,26.9,72.8
2024-06-22 09:00:00,RG-001,0.0,1.259,26.8,72.0
2024-06-22 09:10:00,RG-001,0.0,1.256,27.8,70.3
2024-06-22 09:20:00,RG-001,0.0,1.262,27.9,72.6
2024-06-22 09:30:00,RG-001,0.0,1.254,28.3,72.4
2024-06-22 09:40:00,RG-001,0.0,1.254,28.4,73.8
2024-06-22 09:50:00,RG-001,0.0,1.252,28.1,73.9
2024-06-22 10:00:00,RG-001,0.0,1.253,28.8,72.6
2024-06-22 10:10:00,RG-001,0.0,1.255,28.3,75.9
2024-06-22 10:20:00,RG-001,0.0,1.256,28.3,72.6
2024-06-22 10:30:00,RG-001,0.0,1.251,29.8,75.0
2024-06-22 10:40:00,RG-001,0.0,1.25,28.6,73.7
2024-06-22 10:50:00,RG-001,0.0,1.253,30.3,68.9
2024-06-22 11:00:00,RG-001,0.0,1.248,29.8,74.5
2024-06-22 11:10:00,RG-001,0.0,1.249,29.5,69.2
2024-06-22 11:20:00,RG-001,0.0,1.251,29.1,71.9
2024-06-22 11:30:00,RG-001,0.0,1.246,30.0,68.0
2024-06-22 11:40:00,RG-001,0.0,1.246,29.8,73.4
2024-06-22 11:50:00,RG-001,0.0,1.246,29.7,70.1
2024-06-22 12:00:00,RG-001,0.0,1.246,30.4,72.1
2024-06-22 12:10:00,RG-001,0.0,1.248,30.0,72.9
2024-06-22 12:20:00,RG-001,0.0,1.244,29.8,73.3
2024-06-22 12:30:00,RG-001,0.0,1.242,30.0,72.9
2024-06-22 12:40:00,RG-001,0.0,1.238,30.5,68.4
2024-06-22 12:50:00,RG-001,0.0,1.244,30.8,70.5
2024-06-22 13:00:00,RG-001,0.0,1.242,30.3,73.1
2024-06-22 13:10:00,RG-001,0.0,1.24,30.2,72.8
2024-06-22 13:20:00,RG-001,0.0,1.239,31.2,69.8
2024-06-22 13:30:00,RG-001,0.0,1.242,31.5,67.4
2024-06-22 13:40:00,RG-001,0.0,1.242,30.6,71.6
2024-06-22 13:50:00,RG-001,0.0,1.239,31.5,70.1
2024-06-22 14:00:00,RG-001,0.0,1.241,30.6,68.8
2024-06-22 14:10:00,RG-001,0.0,1.233,31.8,69.0
2024-06-22 14:20:00,RG-001,0.0,1.234,30.8,68.2
2024-06-22 14:30:00,RG-001,0.0,1.238,31.3,68.7
2024-06-22 14:40:00,RG-001,0.0,1.233,30.6,70.0
2024-06-22 14:50:00,RG-001,0.0,1.228,31.1,67.4
2024-06-22 15:00:00,RG-001,0.0,1.234,30.9,68.2
2024-06-22 15:10:00,RG-001,0.0,1.232,30.5,70.0
2024-06-22 15:20:00,RG-001,0.0,1.232,30.7,62.5
2024-06-22 15:30:00,RG-001,0.0,1.24,30.2,64.0
2024-06-22 15:40:00,RG-001,0.0,1.228,30.5,62.9
2024-06-22 15:50:00,RG-001,0.0,1.231,30.8,62.7
2024-06-22 16:00:00,RG-001,0.0,1.229,29.9,68.9
2024-06-22 16:10:00,RG-001,0.0,1.233,30.7,66.1
2024-06-22 16:20:00,RG-001,0.0,1.235,29.3,63.1
2024-06-22 16:30:00,RG-001,0.0,1.231,30.1,64.5
2024-06-22 16:40:00,RG-001,0.0,1.226,30.0,61.3
2024-06-22 16:50:00,RG-001,0.0,1.227,30.1,60.3
2024-06-22 17:00:00,RG-001,1.0,1.246,29.4,66.2
2024-06-22 17:10:00,RG-001,2.0,1.277,27.6,80.1
2024-06-22 17:20:00,RG-001,3.4000000000000004,1.323,26.7,80.0
2024-06-22 17:30:00,RG-001,4.6000000000000005,1.395,26.5,82.0
2024-06-22 17:40:00,RG-001,5.1000000000000005,1.462,27.0,82.6
2024-06-22 17:50:00,RG-001,5.4,1.541,25.7,78.5
2024-06-22 18:00:00,RG-001,5.300000000000001,1.613,25.8,80.9
2024-06-22 18:10:00,RG-001,7.2,1.715,25.6,78.7
2024-06-22 18:20:00,RG-001,4.2,1.773,25.7,81.6
2024-06-22 18:30:00,RG-001,3.6,1.819,25.0,81.1
2024-06-22 18:40:00,RG-001,1.6,1.833,25.0,76.4
2024-06-22 18:50:00,RG-001,0.0,1.826,25.1,79.9
2024-06-22 19:00:00,RG-001,0.0,1.813,25.2,81.0
2024-06-22 19:10:00,RG-001,0.0,1.803,24.4,76.3
2024-06-22 19:20:00,RG-001,0.0,1.795,25.2,75.4
2024-06-22 19:30:00,RG-001,0.0,1.781,25.2,70.1
2024-06-22 19:40:00,RG-001,0.0,1.78,27.1,55.2
2024-06-22 19:50:00,RG-001,0.0,1.768,26.7,59.5
2024-06-22 20:00:00,RG-001,0.0,1.761,25.9,56.7
2024-06-22 20:10:00,RG-001,0.0,1.755,25.9,58.0
2024-06-22 20:20:00,RG-001,0.0,1.742,25.7,55.3
2024-06-22 20:30:00,RG-001,0.0,1.741,26.0,56.2
2024-06-22 20:40:00,RG-001,0.0,1.729,24.7,57.0
2024-06-22 20:50:00,RG-001,0.0,1.722,25.4,57.9
2024-06-22 21:00:00,RG-001,0.0,1.709,24.5,58.5
2024-06-22 21:10:00,RG-001,0.0,1.704,23.9,58.4
2024-06-22 21:20:00,RG-001,0.0,1.69,23.6,55.9
2024-06-22 21:30:00,RG-001,0.0,1.687,24.3,55.7
2024-06-22 21:40:00,RG-001,0.0,1.675,24.0,59.0
2024-06-22 21:50:00,RG-001,0.0,1.678,24.1,54.0
2024-06-22 22:00:00,RG-001,0.0,1.666,24.3,57.5
2024-06-22 22:10:00,RG-001,0.0,1.661,23.2,58.8
2024-06-22 22:20:00,RG-001,0.0,1.654,23.0,55.5
2024-06-22 22:30:00,RG-001,0.0,1.648,22.4,54.1
2024-06-22 22:40:00,RG-001,0.0,1.637,23.3,54.5
2024-06-22 22:50:00,RG-001,0.0,1.636,22.7,57.6
2024-06-22 23:00:00,RG-001,0.0,1.629,21.0,56.2
2024-06-22 23:10:00,RG-001,0.0,1.625,22.4,59.6
2024-06-22 23:20:00,RG-001,0.0,1.612,22.4,59.2
2024-06-22 23:30:00,RG-001,0.0,1.611,21.9,58.9
2024-06-22 23:40:00,RG-001,0.0,1.606,22.5,61.3
2024-06-22 23:50:00,RG-001,0.0,1.594,21.6,55.0
2024-06-23 00:00:00,RG-001,0.0,1.594,21.3,56.3
2024-06-23 00:10:00,RG-001,0.0,1.578,20.7,54.5
2024-06-23 00:20:00,RG-001,0.0,1.579,21.0,60.0
2024-06-23 00:30:00,RG-001,0.0,1.57,21.6,56.5
2024-06-23 00:40:00,RG-001,0.0,1.562,21.0,56.7
2024-06-23 00:50:00,RG-001,0.0,1.561,20.9,62.5
2024-06-23 01:00:00,RG-001,0.0,1.561,20.7,58.1
2024-06-23 01:10:00,RG-001,0.0,1.552,21.6,59.9
2024-06-23 01:20:00,RG-001,0.0,1.546,20.9,62.2
2024-06-23 01:30:00,RG-001,0.0,1.537,21.1,57.7
2024-06-23 01:40:00,RG-001,0.0,1.534,21.4,58.9
2024-06-23 01:50:00,RG-001,0.0,1.528,20.9,59.5
2024-06-23 02:00:00,RG-001,0.0,1.523,21.4,60.1
2024-06-23 02:10:00,RG-001,0.0,1.52,20.8,60.4
2024-06-23 02:20:00,RG-001,0.0,1.513,20.9,63.8
2024-06-23 02:30:00,RG-001,0.0,1.511,20.9,64.4
2024-06-23 02:40:00,RG-001,0.0,1.5,21.4,61.0
2024-06-23 02:50:00,RG-001,0.0,1.502,21.6,62.8
2024-06-23 03:00:00,RG-001,0.0,1.491,20.8,62.0
2024-06-23 03:10:00,RG-001,0.0,1.496,21.0,64.7
2024-06-23 03:20:00,RG-001,0.0,1.49,21.8,64.4
2024-06-23 03:30:00,RG-001,0.0,1.478,21.4,61.6
2024-06-23 03:40:00,RG-001,0.0,1.482,21.1,65.4
2024-06-23 03:50:00,RG-001,0.0,1.478,22.0,66.7
2024-06-23 04:00:00,RG-001,0.0,1.471,21.5,64.9
2024-06-23 04:10:00,RG-001,0.0,1.466,22.1,64.8
2024-06-23 04:20:00,RG-001,0.0,1.467,22.0,65.8
2024-06-23 04:30:00,RG-001,0.0,1.461,21.6,64.6
2024-06-23 04:40:00,RG-001,0.0,1.449,21.8,66.3
2024-06-23 04:50:00,RG-001,0.0,1.456,22.0,69.1
2024-06-23 05:00:00,RG-001,0.0,1.444,22.7,65.3
2024-06-23 05:10:00,RG-001,0.0,1.451,22.7,65.8
2024-06-23 05:20:00,RG-001,0.0,1.44,22.5,71.5
2024-06-23 05:30:00,RG-001,0.0,1.44,22.6,67.9
2024-06-23 05:40:00,RG-001,0.0,1.434,23.0,68.2
2024-06-23 05:50:00,RG-001,0.0,1.431,23.4,69.5
2024-06-23 06:00:00,RG-001,0.0,1.425,24.0,70.3
2024-06-23 06:10:00,RG-001,0.0,1.421,23.1,68.9
2024-06-23 06:20:00,RG-001,0.0,1.418,23.6,68.4
2024-06-23 06:30:00,RG-001,0.0,1.419,24.2,71.6
2024-06-23 06:40:00,RG-001,0.0,1.417,24.3,69.5
2024-06-23 06:50:00,RG-001,0.0,1.404,24.0,69.0
2024-06-23 07:00:00,RG-001,0.0,1.407,25.3,70.8
2024-06-23 07:10:00,RG-001,0.0,1.404,25.4,70.6
2024-06-23 07:20:00,RG-001,0.0,1.404,24.9,67.0
2024-06-23 07:30:00,RG-001,0.0,1.394,25.5,66.6
2024-06-23 07:40:00,RG-001,0.0,1.395,25.6,74.9
2024-06-23 07:50:00,RG-001,0.0,1.392,25.7,70.3
2024-06-23 08:00:00,RG-001,0.0,1.39,26.1,71.1
2024-06-23 08:10:00,RG-001,0.0,1.388,26.9,68.7
2024-06-23 08:20:00,RG-001,0.0,1.381,26.4,70.9
2024-06-23 08:30:00,RG-001,0.0,1.387,27.1,72.3
2024-06-23 08:40:00,RG-001,0.0,1.377,27.2,74.4
2024-06-23 08:50:00,RG-001,0.0,1.377,26.8,71.5
2024-06-23 09:00:00,RG-001,0.0,1.373,27.9,71.9
2024-06-23 09:10:00,RG-001,0.0,1.368,28.1,73.1
2024-06-23 09:20:00,RG-001,0.0,1.367,27.9,69.1
2024-06-23 09:30:00,RG-001,0.0,1.367,27.8,73.9
2024-06-23 09:40:00,RG-001,0.0,1.364,27.7,72.3
2024-06-23 09:50:00,RG-001,0.0,1.368,28.4,74.6
2024-06-23 10:00:00,RG-001,0.0,1.359,28.5,72.0
2024-06-23 10:10:00,RG-001,0.0,1.355,29.2,75.7
2024-06-23 10:20:00,RG-001,0.0,1.355,28.5,73.5
2024-06-23 10:30:00,RG-001,0.0,1.345,29.2,73.5
2024-06-23 10:40:00,RG-001,0.0,1.349,29.0,75.0
2024-06-23 10:50:00,RG-001,0.0,1.34,29.1,74.3
2024-06-23 11:00:00,RG-001,0.0,1.342,29.3,74.3
2024-06-23 11:10:00,RG-001,0.0,1.34,29.9,72.8
2024-06-23 11:20:00,RG-001,0.0,1.336,29.9,73.6
2024-06-23 11:30:00,RG-001,0.0,1.337,29.8,73.4
2024-06-23 11:40:00,RG-001,0.0,1.337,30.2,71.6
2024-06-23 11:50:00,RG-001,0.0,1.331,29.9,72.4
2024-06-23 12:00:00,RG-001,0.0,1.33,30.1,68.3
2024-06-23 12:10:00,RG-001,0.0,1.329,30.5,74.1
2024-06-23 12:20:00,RG-001,0.0,1.322,30.2,72.5
2024-06-23 12:30:00,RG-001,0.0,1.33,30.2,72.8
2024-06-23 12:40:00,RG-001,0.0,1.322,31.2,73.1
2024-06-23 12:50:00,RG-001,0.0,1.322,30.8,70.3
2024-06-23 13:00:00,RG-001,0.0,1.317,30.8,73.2
2024-06-23 13:10:00,RG-001,0.0,1.315,30.9,68.3
2024-06-23 13:20:00,RG-001,0.0,1.317,30.7,69.3
2024-06-23 13:30:00,RG-001,0.0,1.316,30.8,68.3
2024-06-23 13:40:00,RG-001,0.0,1.312,31.8,67.5
2024-06-23 13:50:00,RG-001,0.0,1.308,31.2,72.1
2024-06-23 14:00:00,RG-001,0.0,1.312,30.7,68.0
2024-06-23 14:10:00,RG-001,0.0,1.308,31.7,71.4
2024-06-23 14:20:00,RG-001,0.0,1.312,30.7,67.2
2024-06-23 14:30:00,RG-001,0.0,1.3,31.4,68.8
2024-06-23 14:40:00,RG-001,0.0,1.305,30.8,69.8
2024-06-23 14:50:00,RG-001,0.0,1.301,31.0,71.7
2024-06-23 15:00:00,RG-001,0.0,1.302,30.8,67.2
2024-06-23 15:10:00,RG-001,0.0,1.298,30.8,69.1
2024-06-23 15:20:00,RG-001,0.0,1.294,30.7,65.8
2024-06-23 15:30:00,RG-001,0.0,1.296,30.5,63.8
2024-06-23 15:40:00,RG-001,0.0,1.294,30.6,64.8
2024-06-23 15:50:00,RG-001,0.0,1.297,31.0,65.7
2024-06-23 16:00:00,RG-001,0.0,1.29,30.2,62.7
2024-06-23 16:10:00,RG-001,0.0,1.288,29.7,64.8
2024-06-23 16:20:00,RG-001,0.0,1.288,29.5,63.4
2024-06-23 16:30:00,RG-001,0.0,1.283,29.5,65.4
2024-06-23 16:40:00,RG-001,0.0,1.285,29.1,60.6
2024-06-23 16:50:00,RG-001,0.0,1.284,28.9,59.7
2024-06-23 17:00:00,RG-001,0.0,1.284,29.7,65.4
2024-06-23 17:10:00,RG-001,0.0,1.279,29.6,61.1
2024-06-23 17:20:00,RG-001,0.0,1.276,29.3,64.4
2024-06-23 17:30:00,RG-001,0.0,1.281,28.5,64.1
2024-06-23 17:40:00,RG-001,0.0,1.276,28.8,60.7
2024-06-23 17:50:00,RG-001,0.0,1.271,28.7,59.7
2024-06-23 18:00:00,RG-001,0.0,1.276,28.6,63.6
2024-06-23 18:10:00,RG-001,0.0,1.273,28.7,62.7
2024-06-23 18:20:00,RG-001,0.0,1.272,28.3,61.5
2024-06-23 18:30:00,RG-001,0.0,1.276,28.0,60.5
2024-06-23 18:40:00,RG-001,0.0,1.27,28.1,60.3
2024-06-23 18:50:00,RG-001,0.0,1.273,27.8,58.0
2024-06-23 19:00:00,RG-001,0.0,1.271,27.5,60.4
2024-06-23 19:10:00,RG-001,0.0,1.268,27.3,57.4
2024-06-23 19:20:00,RG-001,0.0,1.265,26.7,59.6
2024-06-23 19:30:00,RG-001,0.0,1.271,27.3,58.1
2024-06-23 19:40:00,RG-001,0.0,1.265,26.5,58.1
2024-06-23 19:50:00,RG-001,0.0,1.266,25.7,58.4
2024-06-23 20:00:00,RG-001,0.0,1.258,26.1,55.3
2024-06-23 20:10:00,RG-001,0.0,1.262,25.9,60.4
2024-06-23 20:20:00,RG-001,0.0,1.262,26.4,57.9
2024-06-23 20:30:00,RG-001,0.0,1.257,25.2,55.0
2024-06-23 20:40:00,RG-001,0.0,1.26,25.3,60.3
2024-06-23 20:50:00,RG-001,0.0,1.256,25.2,57.9
2024-06-23 21:00:00,RG-001,0.0,1.263,24.9,57.1
2024-06-23 21:10:00,RG-001,0.0,1.257,24.8,54.8
2024-06-23 21:20:00,RG-001,0.0,1.254,24.4,55.8
2024-06-23 21:30:00,RG-001,0.0,1.253,24.4,58.0
2024-06-23 21:40:00,RG-001,0.0,1.25,23.1,56.6
2024-06-23 21:50:00,RG-001,0.0,1.25,24.3,56.6
2024-06-23 22:00:00,RG-001,0.0,1.25,23.5,53.6
2024-06-23 22:10:00,RG-001,0.0,1.251,23.1,58.9
2024-06-23 22:20:00,RG-001,0.0,1.256,23.6,59.4
2024-06-23 22:30:00,RG-001,0.0,1.251,23.0,60.8
2024-06-23 22:40:00,RG-001,0.0,1.252,22.3,54.7
2024-06-23 22:50:00,RG-001,0.0,1.248,22.7,55.5
2024-06-23 23:00:00,RG-001,0.0,1.245,22.7,57.5
2024-06-23 23:10:00,RG-001,0.0,1.246,21.8,57.1
2024-06-23 23:20:00,RG-001,0.0,1.251,21.7,59.1
2024-06-23 23:30:00,RG-001,0.0,1.247,22.2,59.8
2024-06-23 23:40:00,RG-001,0.0,1.244,21.6,54.8
2024-06-23 23:50:00,RG-001,0.0,1.246,21.9,55.8
2024-06-24 00:00:00,RG-001,0.0,1.245,21.3,60.2
2024-06-24 00:10:00,RG-001,0.0,1.246,21.3,58.6
2024-06-24 00:20:00,RG-001,0.0,1.24,21.1,56.3
2024-06-24 00:30:00,RG-001,0.0,1.246,21.5,59.2
2024-06-24 00:40:00,RG-001,0.0,1.238,21.2,60.4
2024-06-24 00:50:00,RG-001,0.0,1.242,20.9,54.3
2024-06-24 01:00:00,RG-001,0.0,1.244,21.9,58.5
2024-06-24 01:10:00,RG-001,0.0,1.24,21.2,59.2
2024-06-24 01:20:00,RG-001,0.0,1.245,20.8,62.5
2024-06-24 01:30:00,RG-001,0.0,1.242,20.8,60.4
2024-06-24 01:40:00,RG-001,0.0,1.235,20.7,60.9
2024-06-24 01:50:00,RG-001,0.0,1.232,21.4,57.7
2024-06-24 02:00:00,RG-001,0.0,1.234,20.5,58.5
2024-06-24 02:10:00,RG-001,0.0,1.233,20.9,63.1
2024-06-24 02:20:00,RG-001,0.0,1.237,21.5,61.0
2024-06-24 02:30:00,RG-001,0.0,1.235,20.7,64.8
2024-06-24 02:40:00,RG-001,0.0,1.237,20.6,61.9
2024-06-24 02:50:00,RG-001,0.0,1.232,21.2,62.3
2024-06-24 03:00:00,RG-001,0.0,1.237,21.6,61.1
2024-06-24 03:10:00,RG-001,0.0,1.239,20.9,63.0
2024-06-24 03:20:00,RG-001,0.0,1.234,21.1,59.4
2024-06-24 03:30:00,RG-001,0.0,1.227,21.6,63.9
2024-06-24 03:40:00,RG-001,0.0,1.233,21.5,66.6
2024-06-24 03:50:00,RG-001,0.0,1.234,21.5,65.4
2024-06-24 04:00:00,RG-001,0.0,1.235,21.5,62.4
2024-06-24 04:10:00,RG-001,0.0,1.229,21.9,70.5
2024-06-24 04:20:00,RG-001,0.0,1.227,21.2,67.8
2024-06-24 04:30:00,RG-001,0.0,1.229,23.0,66.4
2024-06-24 04:40:00,RG-001,0.0,1.229,21.8,62.6
2024-06-24 04:50:00,RG-001,0.0,1.232,22.7,63.3
2024-06-24 05:00:00,RG-001,0.0,1.227,22.1,67.1
2024-06-24 05:10:00,RG-001,0.0,1.229,22.9,68.5
2024-06-24 05:20:00,RG-001,0.0,1.227,22.5,65.3
2024-06-24 05:30:00,RG-001,0.0,1.231,23.4,67.5
2024-06-24 05:40:00,RG-001,0.0,1.226,23.5,68.2
2024-06-24 05:50:00,RG-001,0.0,1.228,23.1,67.4
2024-06-24 06:00:00,RG-001,0.0,1.225,23.7,68.4
2024-06-24 06:10:00,RG-001,0.0,1.226,23.4,71.2
2024-06-24 06:20:00,RG-001,0.0,1.227,24.1,68.1
2024-06-24 06:30:00,RG-001,0.0,1.219,24.4,68.8
2024-06-24 06:40:00,RG-001,0.0,1.224,23.9,69.3
2024-06-24 06:50:00,RG-001,0.0,1.222,23.9,69.5
2024-06-24 07:00:00,RG-001,0.0,1.221,24.9,67.9
2024-06-24 07:10:00,RG-001,0.0,1.224,24.4,74.3
2024-06-24 07:20:00,RG-001,0.0,1.223,24.6,69.2
2024-06-24 07:30:00,RG-001,0.0,1.225,25.0,70.5
2024-06-24 07:40:00,RG-001,0.0,1.227,25.3,68.6
2024-06-24 07:50:00,RG-001,0.0,1.219,26.0,68.7
2024-06-24 08:00:00,RG-001,0.0,1.22,26.4,71.5
2024-06-24 08:10:00,RG-001,0.0,1.223,26.4,74.1
2024-06-24 08:20:00,RG-001,0.0,1.221,26.4,73.4
2024-06-24 08:30:00,RG-001,0.0,1.225,26.7,74.3
2024-06-24 08:40:00,RG-001,0.0,1.218,26.8,70.0
2024-06-24 08:50:00,RG-001,0.0,1.221,27.1,71.5
2024-06-24 09:00:00,RG-001,0.0,1.217,27.2,72.9
2024-06-24 09:10:00,RG-001,0.0,1.222,28.0,75.1
2024-06-24 09:20:00,RG-001,0.0,1.223,27.3,73.4
2024-06-24 09:30:00,RG-001,0.0,1.219,28.4,73.6
2024-06-24 09:40:00,RG-001,0.0,1.219,28.5,74.6
2024-06-24 09:50:00,RG-001,0.0,1.212,27.5,73.3
2024-06-24 10:00:00,RG-001,0.0,1.216,29.1,74.1
2024-06-24 10:10:00,RG-001,0.0,1.216,28.7,73.4
2024-06-24 10:20:00,RG-001,0.0,1.208,29.1,72.9
2024-06-24 10:30:00,RG-001,0.0,1.215,28.7,74.1
2024-06-24 10:40:00,RG-001,0.0,1.216,29.6,74.2
2024-06-24 10:50:00,RG-001,0.0,1.219,30.2,72.4
2024-06-24 11:00:00,RG-001,0.0,1.212,29.9,70.9
2024-06-24 11:10:00,RG-001,0.0,1.219,30.4,71.6
2024-06-24 11:20:00,RG-001,0.0,1.216,29.7,73.7
2024-06-24 11:30:00,RG-001,0.0,1.22,29.9,72.4
2024-06-24 11:40:00,RG-001,0.0,1.22,29.3,70.4
2024-06-24 11:50:00,RG-001,0.0,1.22,30.4,68.5
2024-06-24 12:00:00,RG-001,0.0,1.216,30.0,74.4
2024-06-24 12:10:00,RG-001,0.0,1.214,30.0,71.1
2024-06-24 12:20:00,RG-001,0.0,1.218,30.5,71.8
2024-06-24 12:30:00,RG-001,0.0,1.214,30.6,71.8
2024-06-24 12:40:00,RG-001,0.0,1.213,30.0,72.6
2024-06-24 12:50:00,RG-001,0.0,1.212,30.5,67.7
2024-06-24 13:00:00,RG-001,0.0,1.214,30.7,69.7
2024-06-24 13:10:00,RG-001,0.0,1.215,31.7,72.5
2024-06-24 13:20:00,RG-001,0.0,1.216,31.3,73.1
2024-06-24 13:30:00,RG-001,0.0,1.212,30.9,69.1
2024-06-24 13:40:00,RG-001,0.0,1.215,31.2,69.8
2024-06-24 13:50:00,RG-001,0.0,1.208,30.6,68.9
2024-06-24 14:00:00,RG-001,0.0,1.212,30.9,66.0
2024-06-24 14:10:00,RG-001,0.0,1.216,30.9,65.6
2024-06-24 14:20:00,RG-001,0.0,1.211,31.5,64.9
2024-06-24 14:30:00,RG-001,0.0,1.21,30.7,67.8
2024-06-24 14:40:00,RG-001,0.0,1.21,30.4,70.6
2024-06-24 14:50:00,RG-001,0.0,1.21,31.2,67.1
2024-06-24 15:00:00,RG-001,0.0,1.208,30.8,65.1
2024-06-24 15:10:00,RG-001,0.0,1.205,31.1,65.5
2024-06-24 15:20:00,RG-001,0.0,1.21,30.5,69.3
2024-06-24 15:30:00,RG-001,0.0,1.208,30.2,67.6
2024-06-24 15:40:00,RG-001,0.0,1.205,30.4,65.1
2024-06-24 15:50:00,RG-001,0.0,1.212,31.0,65.2
2024-06-24 16:00:00,RG-001,0.0,1.207,30.7,63.3
2024-06-24 16:10:00,RG-001,0.0,1.215,29.7,63.6
2024-06-24 16:20:00,RG-001,0.0,1.204,30.6,64.8
2024-06-24 16:30:00,RG-001,0.0,1.21,30.3,65.1
2024-06-24 16:40:00,RG-001,0.0,1.214,30.0,62.4
2024-06-24 16:50:00,RG-001,0.0,1.213,29.9,64.5
2024-06-24 17:00:00,RG-001,0.0,1.204,29.5,62.5
2024-06-24 17:10:00,RG-001,0.0,1.21,29.7,64.2
2024-06-24 17:20:00,RG-001,0.0,1.21,29.2,59.6
2024-06-24 17:30:00,RG-001,0.0,1.211,28.9,62.1
2024-06-24 17:40:00,RG-001,0.0,1.209,29.1,59.2
2024-06-24 17:50:00,RG-001,0.0,1.21,28.7,61.7
2024-06-24 18:00:00,RG-001,0.0,1.213,27.8,61.6
2024-06-24 18:10:00,RG-001,0.0,1.208,27.8,57.3
2024-06-24 18:20:00,RG-001,0.0,1.21,28.0,59.9
2024-06-24 18:30:00,RG-001,0.0,1.204,28.8,62.5
2024-06-24 18:40:00,RG-001,0.0,1.207,27.8,59.9
2024-06-24 18:50:00,RG-001,0.0,1.206,27.7,54.0
2024-06-24 19:00:00,RG-001,0.0,1.213,26.9,60.0
2024-06-24 19:10:00,RG-001,0.0,1.213,27.5,60.0
2024-06-24 19:20:00,RG-001,0.0,1.204,27.2,60.3
2024-06-24 19:30:00,RG-001,0.0,1.208,26.7,60.2
2024-06-24 19:40:00,RG-001,0.0,1.206,25.9,62.9
2024-06-24 19:50:00,RG-001,0.0,1.209,25.3,53.4
2024-06-24 20:00:00,RG-001,0.0,1.205,25.9,56.2
2024-06-24 20:10:00,RG-001,0.0,1.208,25.7,61.6
2024-06-24 20:20:00,RG-001,0.0,1.207,25.4,54.9
2024-06-24 20:30:00,RG-001,0.0,1.209,24.8,55.6
2024-06-24 20:40:00,RG-001,0.0,1.201,25.7,58.0
2024-06-24 20:50:00,RG-001,0.0,1.21,26.0,54.9
2024-06-24 21:00:00,RG-001,0.0,1.205,24.5,54.4
2024-06-24 21:10:00,RG-001,0.0,1.203,24.3,59.7
2024-06-24 21:20:00,RG-001,0.0,1.208,23.8,53.3
2024-06-24 21:30:00,RG-001,0.0,1.205,23.6,56.1
2024-06-24 21:40:00,RG-001,0.0,1.211,23.1,59.2
2024-06-24 21:50:00,RG-001,0.0,1.203,23.6,59.3
2024-06-24 22:00:00,RG-001,0.0,1.206,23.7,54.0
2024-06-24 22:10:00,RG-001,0.0,1.209,23.2,53.4
2024-06-24 22:20:00,RG-001,0.0,1.204,22.9,57.4
2024-06-24 22:30:00,RG-001,0.0,1.204,22.7,54.6
2024-06-24 22:40:00,RG-001,0.0,1.211,22.9,58.1
2024-06-24 22:50:00,RG-001,0.0,1.206,22.6,54.5
2024-06-24 23:00:00,RG-001,0.0,1.205,22.6,54.9
2024-06-24 23:10:00,RG-001,0.0,1.204,22.2,58.4
2024-06-24 23:20:00,RG-001,0.0,1.204,22.0,58.5
2024-06-24 23:30:00,RG-001,0.0,1.204,22.2,57.7
2024-06-24 23:40:00,RG-001,0.0,1.204,21.9,56.5
2024-06-24 23:50:00,RG-001,0.0,1.204,21.8,53.2
2024-06-25 00:00:00,RG-001,0.0,1.203,21.1,55.8
2024-06-25 00:10:00,RG-001,0.0,1.208,21.9,60.7
2024-06-25 00:20:00,RG-001,0.0,1.201,21.1,60.7
2024-06-25 00:30:00,RG-001,0.0,1.198,22.2,59.2
2024-06-25 00:40:00,RG-001,0.0,1.206,21.1,55.9
2024-06-25 00:50:00,RG-001,0.0,1.205,21.0,60.4
2024-06-25 01:00:00,RG-001,0.0,1.201,20.9,57.6
2024-06-25 01:10:00,RG-001,0.0,1.2,21.4,59.1
2024-06-25 01:20:00,RG-001,0.0,1.207,20.9,61.8
2024-06-25 01:30:00,RG-001,0.0,1.206,20.7,59.0
2024-06-25 01:40:00,RG-001,0.0,1.202,21.1,62.2
2024-06-25 01:50:00,RG-001,0.0,1.204,21.3,60.2
2024-06-25 02:00:00,RG-001,0.0,1.205,21.5,66.4
2024-06-25 02:10:00,RG-001,0.0,1.2,21.5,60.5
2024-06-25 02:20:00,RG-001,0.0,1.205,21.0,58.9
2024-06-25 02:30:00,RG-001,0.0,1.207,20.8,62.8
2024-06-25 02:40:00,RG-001,0.0,1.205,21.5,62.3
2024-06-25 02:50:00,RG-001,0.0,1.206,21.0,64.6
2024-06-25 03:00:00,RG-001,0.0,1.207,20.8,65.4
2024-06-25 03:10:00,RG-001,0.0,1.204,21.0,64.9
2024-06-25 03:20:00,RG-001,0.0,1.202,21.3,63.1
2024-06-25 03:30:00,RG-001,0.0,1.205,21.8,64.4
2024-06-25 03:40:00,RG-001,0.0,1.205,22.1,66.4
2024-06-25 03:50:00,RG-001,0.0,1.202,21.5,63.4
2024-06-25 04:00:00,RG-001,0.0,1.203,21.9,63.5
2024-06-25 04:10:00,RG-001,0.0,1.201,22.4,63.3
2024-06-25 04:20:00,RG-001,0.0,1.207,21.4,63.8
2024-06-25 04:30:00,RG-001,0.0,1.2,21.7,62.7
2024-06-25 04:40:00,RG-001,0.0,1.201,22.2,66.6
2024-06-25 04:50:00,RG-001,0.0,1.202,22.0,67.2
2024-06-25 05:00:00,RG-001,0.0,1.205,22.6,61.6
2024-06-25 05:10:00,RG-001,0.0,1.207,22.3,64.6
2024-06-25 05:20:00,RG-001,0.0,1.201,22.7,69.4
2024-06-25 05:30:00,RG-001,0.0,1.203,23.1,66.4
2024-06-25 05:40:00,RG-001,0.0,1.206,23.7,65.9
2024-06-25 05:50:00,RG-001,0.0,1.201,23.3,70.2
2024-06-25 06:00:00,RG-001,0.0,1.199,23.7,73.2
2024-06-25 06:10:00,RG-001,0.0,1.203,23.6,72.5
2024-06-25 06:20:00,RG-001,0.0,1.201,24.5,71.1
2024-06-25 06:30:00,RG-001,0.0,1.206,23.9,69.9
2024-06-25 06:40:00,RG-001,0.0,1.205,24.5,69.5
2024-06-25 06:50:00,RG-001,0.0,1.207,24.7,76.4
2024-06-25 07:00:00,RG-001,0.0,1.202,24.4,74.9
2024-06-25 07:10:00,RG-001,0.0,1.199,24.5,73.5
2024-06-25 07:20:00,RG-001,0.0,1.202,25.1,70.4
2024-06-25 07:30:00,RG-001,0.0,1.206,25.6,71.3
2024-06-25 07:40:00,RG-001,0.0,1.197,26.3,69.4
2024-06-25 07:50:00,RG-001,0.0,1.203,25.5,71.6
2024-06-25 08:00:00,RG-001,0.0,1.207,26.0,70.0
2024-06-25 08:10:00,RG-001,0.0,1.199,26.3,68.5
2024-06-25 08:20:00,RG-001,0.0,1.205,26.2,70.7
2024-06-25 08:30:00,RG-001,0.0,1.197,26.6,70.7
2024-06-25 08:40:00,RG-001,0.0,1.203,26.6,71.5
2024-06-25 08:50:00,RG-001,0.0,1.203,27.0,70.7
2024-06-25 09:00:00,RG-001,0.0,1.202,27.4,73.1
2024-06-25 09:10:00,RG-001,0.0,1.204,27.9,72.2
2024-06-25 09:20:00,RG-001,0.0,1.203,27.7,73.9
2024-06-25 09:30:00,RG-001,0.0,1.206,27.9,74.2
2024-06-25 09:40:00,RG-001,0.0,1.201,28.6,71.3
2024-06-25 09:50:00,RG-001,0.0,1.206,27.7,73.4
2024-06-25 10:00:00,RG-001,0.0,1.197,27.9,73.9
2024-06-25 10:10:00,RG-001,0.0,1.209,28.7,73.7
2024-06-25 10:20:00,RG-001,0.0,1.205,28.6,69.6
2024-06-25 10:30:00,RG-001,0.0,1.206,29.4,73.3
2024-06-25 10:40:00,RG-001,0.0,1.203,29.3,76.3
2024-06-25 10:50:00,RG-001,0.0,1.201,29.3,71.8
2024-06-25 11:00:00,RG-001,0.0,1.201,30.2,73.9
2024-06-25 11:10:00,RG-001,0.0,1.206,30.3,73.2
2024-06-25 11:20:00,RG-001,0.0,1.205,29.1,71.5
2024-06-25 11:30:00,RG-001,0.0,1.204,30.2,76.1
2024-06-25 11:40:00,RG-001,0.0,1.199,30.5,69.8
2024-06-25 11:50:00,RG-001,0.0,1.202,30.0,72.8
2024-06-25 12:00:00,RG-001,0.0,1.202,30.2,72.4
2024-06-25 12:10:00,RG-001,0.0,1.201,30.3,72.1
2024-06-25 12:20:00,RG-001,0.0,1.2,30.4,69.3
2024-06-25 12:30:00,RG-001,0.0,1.198,31.4,72.0
2024-06-25 12:40:00,RG-001,0.0,1.21,31.1,71.5
2024-06-25 12:50:00,RG-001,0.0,1.203,30.4,67.8
2024-06-25 13:00:00,RG-001,0.0,1.206,30.7,72.0
2024-06-25 13:10:00,RG-001,0.0,1.196,31.0,71.7
2024-06-25 13:20:00,RG-001,0.0,1.209,31.4,69.7
2024-06-25 13:30:00,RG-001,0.0,1.197,30.7,74.1
2024-06-25 13:40:00,RG-001,0.0,1.203,30.8,69.5
2024-06-25 13:50:00,RG-001,0.0,1.201,31.0,70.9
2024-06-25 14:00:00,RG-001,0.0,1.204,30.6,64.5
2024-06-25 14:10:00,RG-001,0.0,1.202,31.4,65.0
2024-06-25 14:20:00,RG-001,0.0,1.205,31.3,67.1
2024-06-25 14:30:00,RG-001,0.0,1.198,31.1,67.7
2024-06-25 14:40:00,RG-001,0.0,1.201,31.1,66.4
2024-06-25 14:50:00,RG-001,0.0,1.202,31.0,66.0
2024-06-25 15:00:00,RG-001,0.0,1.196,30.8,64.8
2024-06-25 15:10:00,RG-001,0.0,1.196,31.1,66.6
2024-06-25 15:20:00,RG-001,0.0,1.199,30.1,65.5
2024-06-25 15:30:00,RG-001,0.0,1.204,30.6,68.2
2024-06-25 15:40:00,RG-001,0.0,1.202,31.0,62.9
2024-06-25 15:50:00,RG-001,0.0,1.207,30.6,63.6
2024-06-25 16:00:00,RG-001,0.0,1.207,30.6,63.3
2024-06-25 16:10:00,RG-001,0.0,1.199,29.7,63.5
2024-06-25 16:20:00,RG-001,0.0,1.202,30.1,62.8
2024-06-25 16:30:00,RG-001,0.0,1.199,29.9,66.3
2024-06-25 16:40:00,RG-001,0.0,1.202,29.6,66.4
2024-06-25 16:50:00,RG-001,0.0,1.2,29.1,62.3
2024-06-25 17:00:00,RG-001,0.0,1.197,29.4,64.3
2024-06-25 17:10:00,RG-001,0.0,1.199,29.3,63.7
2024-06-25 17:20:00,RG-001,0.0,1.203,29.7,60.6
2024-06-25 17:30:00,RG-001,0.0,1.2,28.7,64.1
2024-06-25 17:40:00,RG-001,0.0,1.198,28.9,65.5
2024-06-25 17:50:00,RG-001,0.0,1.206,28.7,60.7
2024-06-25 18:00:00,RG-001,0.0,1.207,28.7,62.3
2024-06-25 18:10:00,RG-001,0.0,1.2,28.4,56.5
2024-06-25 18:20:00,RG-001,0.0,1.204,28.0,57.5
2024-06-25 18:30:00,RG-001,0.0,1.204,27.3,62.2
2024-06-25 18:40:00,RG-001,0.0,1.202,27.5,60.8
2024-06-25 18:50:00,RG-001,0.0,1.196,27.8,58.0
2024-06-25 19:00:00,RG-001,0.0,1.201,27.6,60.2
2024-06-25 19:10:00,RG-001,0.0,1.203,27.2,61.0
2024-06-25 19:20:00,RG-001,0.0,1.2,26.5,61.0
2024-06-25 19:30:00,RG-001,0.0,1.206,27.6,58.5
2024-06-25 19:40:00,RG-001,0.0,1.201,26.9,55.2
2024-06-25 19:50:00,RG-001,0.0,1.201,25.6,56.2
2024-06-25 20:00:00,RG-001,0.0,1.199,26.3,56.6
2024-06-25 20:10:00,RG-001,0.0,1.201,26.3,57.1
2024-06-25 20:20:00,RG-001,0.0,1.201,25.6,59.9
2024-06-25 20:30:00,RG-001,0.0,1.201,25.8,55.3
2024-06-25 20:40:00,RG-001,0.0,1.203,25.3,54.4
2024-06-25 20:50:00,RG-001,0.0,1.206,25.1,58.5
2024-06-25 21:00:00,RG-001,0.0,1.205,25.4,57.3
2024-06-25 21:10:00,RG-001,0.0,1.205,24.4,55.3
2024-06-25 21:20:00,RG-001,0.0,1.201,24.1,62.4
2024-06-25 21:30:00,RG-001,0.0,1.195,24.3,58.1
2024-06-25 21:40:00,RG-001,0.0,1.197,24.0,53.8
2024-06-25 21:50:00,RG-001,0.0,1.198,23.7,57.1
2024-06-25 22:00:00,RG-001,0.0,1.201,24.1,55.0
2024-06-25 22:10:00,RG-001,0.0,1.196,23.2,58.7
2024-06-25 22:20:00,RG-001,0.0,1.202,23.6,54.5
2024-06-25 22:30:00,RG-001,0.0,1.2,23.2,55.6
2024-06-25 22:40:00,RG-001,0.0,1.203,22.9,58.7
2024-06-25 22:50:00,RG-001,0.0,1.205,22.5,55.8
2024-06-25 23:00:00,RG-001,0.0,1.197,22.2,56.8
2024-06-25 23:10:00,RG-001,0.0,1.202,22.1,57.1
2024-06-25 23:20:00,RG-001,0.0,1.196,22.7,55.2
2024-06-25 23:30:00,RG-001,0.0,1.2,22.0,59.6
2024-06-25 23:40:00,RG-001,0.0,1.202,21.8,61.6
2024-06-25 23:50:00,RG-001,0.0,1.2,21.3,62.2
2024-06-26 00:00:00,RG-001,0.0,1.197,21.4,55.8
2024-06-26 00:10:00,RG-001,0.0,1.201,21.5,59.4
2024-06-26 00:20:00,RG-001,0.0,1.201,21.1,59.4
2024-06-26 00:30:00,RG-001,0.0,1.199,21.7,58.2
2024-06-26 00:40:00,RG-001,0.0,1.201,20.8,60.7
2024-06-26 00:50:00,RG-001,0.0,1.203,21.6,56.8
2024-06-26 01:00:00,RG-001,0.0,1.206,20.9,62.2
2024-06-26 01:10:00,RG-001,0.0,1.2,20.4,59.2
2024-06-26 01:20:00,RG-001,0.0,1.201,21.1,58.0
2024-06-26 01:30:00,RG-001,0.0,1.194,20.9,60.7
2024-06-26 01:40:00,RG-001,0.0,1.2,21.2,61.7
2024-06-26 01:50:00,RG-001,0.0,1.201,20.7,59.7
2024-06-26 02:00:00,RG-001,0.0,1.204,21.1,58.6
2024-06-26 02:10:00,RG-001,0.0,1.2,21.5,61.2
2024-06-26 02:20:00,RG-001,0.0,1.203,21.5,58.6
2024-06-26 02:30:00,RG-001,0.0,1.197,21.3,62.0
2024-06-26 02:40:00,RG-001,0.0,1.203,21.7,63.0
2024-06-26 02:50:00,RG-001,0.0,1.206,20.3,62.6
2024-06-26 03:00:00,RG-001,0.0,1.2,20.8,58.6
2024-06-26 03:10:00,RG-001,0.0,1.199,21.1,62.8
2024-06-26 03:20:00,RG-001,0.0,1.204,21.0,64.0
2024-06-26 03:30:00,RG-001,0.0,1.201,21.9,63.5
2024-06-26 03:40:00,RG-001,0.0,1.205,21.9,62.9
2024-06-26 03:50:00,RG-001,0.0,1.205,21.4,63.9
2024-06-26 04:00:00,RG-001,0.0,1.2,21.8,63.6
2024-06-26 04:10:00,RG-001,0.0,1.203,21.6,68.9
2024-06-26 04:20:00,RG-001,0.0,1.198,22.6,66.5
2024-06-26 04:30:00,RG-001,0.0,1.193,21.4,63.3
2024-06-26 04:40:00,RG-001,0.0,1.198,22.1,66.2
2024-06-26 04:50:00,RG-001,0.0,1.198,22.5,64.3
2024-06-26 05:00:00,RG-001,0.0,1.197,22.2,69.6
2024-06-26 05:10:00,RG-001,0.0,1.194,22.6,65.6
2024-06-26 05:20:00,RG-001,0.0,1.201,23.4,68.9
2024-06-26 05:30:00,RG-001,0.0,1.203,22.5,71.0
2024-06-26 05:40:00,RG-001,0.0,1.204,22.8,71.7
2024-06-26 05:50:00,RG-001,0.0,1.2,22.9,65.9
2024-06-26 06:00:00,RG-001,0.0,1.197,23.4,66.6
2024-06-26 06:10:00,RG-001,0.0,1.203,24.5,72.3
2024-06-26 06:20:00,RG-001,0.0,1.2,24.1,67.8
2024-06-26 06:30:00,RG-001,0.0,1.199,23.6,70.3
2024-06-26 06:40:00,RG-001,0.0,1.201,23.9,69.6
2024-06-26 06:50:00,RG-001,0.0,1.202,25.1,70.1
2024-06-26 07:00:00,RG-001,0.0,1.198,24.9,72.9
2024-06-26 07:10:00,RG-001,0.0,1.2,25.0,69.8
2024-06-26 07:20:00,RG-001,0.0,1.197,25.0,72.9
2024-06-26 07:30:00,RG-001,0.0,1.199,25.2,70.6
2024-06-26 07:40:00,RG-001,0.0,1.196,25.9,71.7
2024-06-26 07:50:00,RG-001,0.0,1.202,25.7,73.2
2024-06-26 08:00:00,RG-001,2.6,1.242,24.3,81.5
2024-06-26 08:10:00,RG-001,4.2,1.303,23.9,90.9
2024-06-26 08:20:00,RG-001,3.3000000000000003,1.353,23.9,91.2
2024-06-26 08:30:00,RG-001,0.0,1.343,24.7,88.6
2024-06-26 08:40:00,RG-001,0.0,1.349,24.8,93.7
2024-06-26 08:50:00,RG-001,0.0,1.342,25.2,89.1
2024-06-26 09:00:00,RG-001,0.0,1.343,26.2,91.3
2024-06-26 09:10:00,RG-001,0.0,1.339,25.2,85.2
2024-06-26 09:20:00,RG-001,0.0,1.338,27.8,72.2
2024-06-26 09:30:00,RG-001,0.0,1.336,27.7,72.8
2024-06-26 09:40:00,RG-001,0.0,1.335,27.6,71.6
2024-06-26 09:50:00,RG-001,0.0,1.335,28.0,73.8
2024-06-26 10:00:00,RG-001,0.0,1.325,28.5,69.2
2024-06-26 10:10:00,RG-001,0.0,1.326,28.5,75.4
2024-06-26 10:20:00,RG-001,0.0,1.321,28.8,76.3
2024-06-26 10:30:00,RG-001,0.0,1.322,29.2,74.1
2024-06-26 10:40:00,RG-001,0.0,1.322,29.1,70.8
2024-06-26 10:50:00,RG-001,0.0,1.321,29.5,72.6
2024-06-26 11:00:00,RG-001,0.0,1.323,29.5,72.7
2024-06-26 11:10:00,RG-001,0.0,1.317,30.1,75.6
2024-06-26 11:20:00,RG-001,0.0,1.314,30.1,73.2
2024-06-26 11:30:00,RG-001,0.0,1.312,29.7,72.2
2024-06-26 11:40:00,RG-001,0.0,1.308,30.2,71.9
2024-06-26 11:50:00,RG-001,0.0,1.306,30.3,69.7
2024-06-26 12:00:00,RG-001,0.0,1.31,31.0,70.0
2024-06-26 12:10:00,RG-001,0.0,1.308,30.1,72.3
2024-06-26 12:20:00,RG-001,0.0,1.306,30.9,71.6
2024-06-26 12:30:00,RG-001,0.0,1.306,31.0,67.0
2024-06-26 12:40:00,RG-001,0.0,1.302,30.7,75.3
2024-06-26 12:50:00,RG-001,0.0,1.301,30.7,72.2
2024-06-26 13:00:00,RG-001,0.0,1.293,30.7,71.3
2024-06-26 13:10:00,RG-001,0.0,1.298,30.3,69.4
2024-06-26 13:20:00,RG-001,0.0,1.297,31.2,67.7
2024-06-26 13:30:00,RG-001,0.0,1.293,30.0,68.3
2024-06-26 13:40:00,RG-001,0.0,1.294,30.8,68.8
2024-06-26 13:50:00,RG-001,0.0,1.293,30.6,69.1
2024-06-26 14:00:00,RG-001,0.0,1.291,30.9,70.8
2024-06-26 14:10:00,RG-001,0.0,1.287,31.0,68.4
2024-06-26 14:20:00,RG-001,0.0,1.282,31.0,71.8
2024-06-26 14:30:00,RG-001,0.0,1.284,31.1,67.6
2024-06-26 14:40:00,RG-001,0.0,1.283,31.1,63.4
2024-06-26 14:50:00,RG-001,0.0,1.284,30.7,67.5
2024-06-26 15:00:00,RG-001,0.0,1.278,30.6,68.0
2024-06-26 15:10:00,RG-001,0.0,1.275,30.9,69.3
2024-06-26 15:20:00,RG-001,0.0,1.278,31.4,67.5
2024-06-26 15:30:00,RG-001,0.0,1.275,30.6,63.5
2024-06-26 15:40:00,RG-001,0.0,1.28,29.9,65.1
2024-06-26 15:50:00,RG-001,0.0,1.272,29.4,65.3
2024-06-26 16:00:00,RG-001,0.0,1.276,29.7,61.7
2024-06-26 16:10:00,RG-001,0.0,1.27,30.8,65.2
2024-06-26 16:20:00,RG-001,0.0,1.274,30.6,62.7
2024-06-26 16:30:00,RG-001,0.0,1.275,29.5,63.1
2024-06-26 16:40:00,RG-001,0.0,1.272,29.5,61.8
2024-06-26 16:50:00,RG-001,0.0,1.269,29.2,65.5
2024-06-26 17:00:00,RG-001,0.0,1.267,29.6,62.9
2024-06-26 17:10:00,RG-001,0.0,1.267,29.6,59.7
2024-06-26 17:20:00,RG-001,0.0,1.268,29.7,60.4
2024-06-26 17:30:00,RG-001,0.0,1.267,29.6,59.7
2024-06-26 17:40:00,RG-001,0.0,1.264,29.4,59.8
2024-06-26 17:50:00,RG-001,0.0,1.268,29.0,59.0
2024-06-26 18:00:00,RG-001,0.0,1.258,29.1,59.6
2024-06-26 18:10:00,RG-001,0.0,1.257,28.2,61.5
2024-06-26 18:20:00,RG-001,0.0,1.256,27.8,62.6
2024-06-26 18:30:00,RG-001,0.0,1.254,27.8,58.5
2024-06-26 18:40:00,RG-001,0.0,1.259,27.6,63.5
2024-06-26 18:50:00,RG-001,0.0,1.257,27.8,64.7
2024-06-26 19:00:00,RG-001,0.0,1.255,27.1,59.4
2024-06-26 19:10:00,RG-001,0.0,1.251,27.5,56.8
2024-06-26 19:20:00,RG-001,0.0,1.256,26.2,58.9
2024-06-26 19:30:00,RG-001,0.0,1.254,26.5,58.8
2024-06-26 19:40:00,RG-001,0.0,1.253,26.4,61.6
2024-06-26 19:50:00,RG-001,0.0,1.252,26.9,61.3
2024-06-26 20:00:00,RG-001,0.0,1.251,25.8,58.7
2024-06-26 20:10:00,RG-001,0.0,1.256,26.0,57.0
2024-06-26 20:20:00,RG-001,0.0,1.253,26.0,58.0
2024-06-26 20:30:00,RG-001,0.0,1.255,25.5,62.5
2024-06-26 20:40:00,RG-001,0.0,1.252,24.8,56.0
2024-06-26 20:50:00,RG-001,0.0,1.246,24.3,56.7
2024-06-26 21:00:00,RG-001,0.0,1.251,24.9,55.7
2024-06-26 21:10:00,RG-001,0.0,1.251,25.0,58.4
2024-06-26 21:20:00,RG-001,0.0,1.249,24.5,56.8
2024-06-26 21:30:00,RG-001,0.0,1.248,24.4,54.5
2024-06-26 21:40:00,RG-001,0.0,1.248,23.7,53.3
2024-06-26 21:50:00,RG-001,0.0,1.248,23.6,57.7
2024-06-26 22:00:00,RG-001,0.0,1.242,23.6,55.7
2024-06-26 22:10:00,RG-001,0.0,1.247,23.3,60.6
2024-06-26 22:20:00,RG-001,0.0,1.245,22.6,57.2
2024-06-26 22:30:00,RG-001,0.0,1.242,23.3,54.7
2024-06-26 22:40:00,RG-001,0.0,1.241,22.8,57.8
2024-06-26 22:50:00,RG-001,0.0,1.236,22.4,54.1
2024-06-26 23:00:00,RG-001,0.0,1.242,22.2,57.0
2024-06-26 23:10:00,RG-001,0.0,1.237,22.4,58.4
2024-06-26 23:20:00,RG-001,0.0,1.239,21.6,59.2
2024-06-26 23:30:00,RG-001,0.0,1.234,22.1,57.9
2024-06-26 23:40:00,RG-001,0.0,1.238,21.9,56.9
2024-06-26 23:50:00,RG-001,0.0,1.235,21.0,57.0
2024-06-27 00:00:00,RG-001,0.0,1.228,22.2,57.3
2024-06-27 00:10:00,RG-001,0.0,1.235,21.2,59.0
2024-06-27 00:20:00,RG-001,0.0,1.235,21.7,60.7
2024-06-27 00:30:00,RG-001,0.0,1.237,21.3,59.1
2024-06-27 00:40:00,RG-001,0.0,1.235,21.1,61.6
2024-06-27 00:50:00,RG-001,0.0,1.235,21.5,60.4
2024-06-27 01:00:00,RG-001,0.0,1.232,20.9,60.4
2024-06-27 01:10:00,RG-001,0.0,1.23,21.4,58.5
2024-06-27 01:20:00,RG-001,0.0,1.232,21.5,61.8
2024-06-27 01:30:00,RG-001,0.0,1.235,20.5,58.2
2024-06-27 01:40:00,RG-001,0.0,1.232,21.0,62.1
2024-06-27 01:50:00,RG-001,0.0,1.23,21.2,58.6
2024-06-27 02:00:00,RG-001,0.0,1.229,20.3,62.1
2024-06-27 02:10:00,RG-001,0.0,1.233,20.7,63.1
2024-06-27 02:20:00,RG-001,0.0,1.234,21.2,60.9
2024-06-27 02:30:00,RG-001,0.0,1.232,20.4,61.1
2024-06-27 02:40:00,RG-001,0.0,1.227,21.3,64.6
2024-06-27 02:50:00,RG-001,0.0,1.226,21.0,60.6
2024-06-27 03:00:00,RG-001,0.0,1.225,21.6,63.6
2024-06-27 03:10:00,RG-001,0.0,1.23,21.1,62.7
2024-06-27 03:20:00,RG-001,0.0,1.229,21.2,67.2
2024-06-27 03:30:00,RG-001,0.0,1.226,21.1,64.5
2024-06-27 03:40:00,RG-001,0.0,1.223,21.5,63.8
2024-06-27 03:50:00,RG-001,0.0,1.223,20.8,63.6
2024-06-27 04:00:00,RG-001,0.0,1.223,21.6,65.9
2024-06-27 04:10:00,RG-001,0.0,1.227,20.9,67.4
2024-06-27 04:20:00,RG-001,0.0,1.224,21.2,65.5
2024-06-27 04:30:00,RG-001,0.0,1.224,22.2,66.7
2024-06-27 04:40:00,RG-001,0.0,1.228,22.1,66.3
2024-06-27 04:50:00,RG-001,0.0,1.222,22.1,64.0
2024-06-27 05:00:00,RG-001,0.0,1.228,22.4,65.3
2024-06-27 05:10:00,RG-001,0.0,1.227,22.4,65.6
2024-06-27 05:20:00,RG-001,0.0,1.223,22.5,67.6
2024-06-27 05:30:00,RG-001,0.0,1.228,22.3,68.6
2024-06-27 05:40:00,RG-001,0.0,1.216,23.4,68.9
2024-06-27 05:50:00,RG-001,0.0,1.222,23.6,65.6
2024-06-27 06:00:00,RG-001,0.0,1.222,23.9,67.6
2024-06-27 06:10:00,RG-001,0.0,1.222,23.5,69.9
2024-06-27 06:20:00,RG-001,0.0,1.221,23.7,68.4
2024-06-27 06:30:00,RG-001,0.0,1.218,24.2,69.4
2024-06-27 06:40:00,RG-001,0.0,1.224,24.2,71.4
2024-06-27 06:50:00,RG-001,0.0,1.221,25.3,69.5
2024-06-27 07:00:00,RG-001,0.0,1.224,25.0,72.0
2024-06-27 07:10:00,RG-001,0.0,1.221,25.8,71.0
2024-06-27 07:20:00,RG-001,0.0,1.218,25.3,72.6
2024-06-27 07:30:00,RG-001,0.0,1.211,25.3,72.3
2024-06-27 07:40:00,RG-001,0.0,1.218,25.8,72.3
2024-06-27 07:50:00,RG-001,0.0,1.219,25.6,73.7
2024-06-27 08:00:00,RG-001,0.0,1.215,26.3,72.3
2024-06-27 08:10:00,RG-001,0.0,1.218,26.2,72.5
2024-06-27 08:20:00,RG-001,0.0,1.215,26.7,73.4
2024-06-27 08:30:00,RG-001,0.0,1.218,27.4,71.9
2024-06-27 08:40:00,RG-001,0.0,1.214,26.8,68.7
2024-06-27 08:50:00,RG-001,0.0,1.221,27.3,74.8
2024-06-27 09:00:00,RG-001,0.0,1.216,27.7,70.9
2024-06-27 09:10:00,RG-001,0.0,1.218,27.9,72.1
2024-06-27 09:20:00,RG-001,0.0,1.214,26.9,72.3
2024-06-27 09:30:00,RG-001,0.0,1.214,28.0,72.3
2024-06-27 09:40:00,RG-001,0.0,1.217,27.8,72.8
2024-06-27 09:50:00,RG-001,0.0,1.213,28.5,73.7
2024-06-27 10:00:00,RG-001,0.0,1.214,28.5,74.9
2024-06-27 10:10:00,RG-001,0.0,1.213,29.3,71.4
2024-06-27 10:20:00,RG-001,0.0,1.21,29.0,75.5
2024-06-27 10:30:00,RG-001,0.0,1.215,29.1,74.5
2024-06-27 10:40:00,RG-001,0.0,1.216,29.1,77.0
2024-06-27 10:50:00,RG-001,0.0,1.212,29.7,73.4
2024-06-27 11:00:00,RG-001,0.0,1.22,29.5,74.3
2024-06-27 11:10:00,RG-001,0.0,1.214,30.5,72.4
2024-06-27 11:20:00,RG-001,0.0,1.213,30.0,67.9
2024-06-27 11:30:00,RG-001,0.0,1.208,30.6,75.1
2024-06-27 11:40:00,RG-001,0.0,1.209,30.3,71.3
2024-06-27 11:50:00,RG-001,0.0,1.214,29.8,70.4
2024-06-27 12:00:00,RG-001,0.0,1.214,30.8,73.1
2024-06-27 12:10:00,RG-001,0.0,1.213,30.2,69.6
2024-06-27 12:20:00,RG-001,0.0,1.208,30.5,71.3
2024-06-27 12:30:00,RG-001,0.0,1.205,30.5,69.9
2024-06-27 12:40:00,RG-001,0.0,1.211,31.1,68.2
2024-06-27 12:50:00,RG-001,0.0,1.216,31.4,72.8
2024-06-27 13:00:00,RG-001,0.0,1.213,30.3,72.5
2024-06-27 13:10:00,RG-001,0.0,1.212,31.3,70.8
2024-06-27 13:20:00,RG-001,0.0,1.213,31.0,67.4
2024-06-27 13:30:00,RG-001,0.0,1.211,31.4,70.0
2024-06-27 13:40:00,RG-001,0.0,1.205,31.1,69.5
2024-06-27 13:50:00,RG-001,0.0,1.212,30.8,70.2
2024-06-27 14:00:00,RG-001,0.0,1.21,31.0,73.2
2024-06-27 14:10:00,RG-001,0.0,1.203,30.8,68.9
2024-06-27 14:20:00,RG-001,0.0,1.212,30.7,67.4
2024-06-27 14:30:00,RG-001,0.0,1.203,30.5,66.1
2024-06-27 14:40:00,RG-001,0.0,1.211,31.4,68.6
2024-06-27 14:50:00,RG-001,0.0,1.208,30.9,68.5
2024-06-27 15:00:00,RG-001,0.0,1.208,30.8,68.0
2024-06-27 15:10:00,RG-001,0.0,1.207,30.9,69.3
2024-06-27 15:20:00,RG-001,0.0,1.21,29.9,64.5
2024-06-27 15:30:00,RG-001,0.0,1.211,30.4,66.9
2024-06-27 15:40:00,RG-001,0.0,1.214,30.9,66.2
2024-06-27 15:50:00,RG-001,0.0,1.212,31.2,62.5
2024-06-27 16:00:00,RG-001,0.0,1.212,30.3,65.7
2024-06-27 16:10:00,RG-001,0.0,1.205,29.8,67.3
2024-06-27 16:20:00,RG-001,0.0,1.207,29.3,66.8
2024-06-27 16:30:00,RG-001,0.0,1.208,30.3,64.0
2024-06-27 16:40:00,RG-001,0.0,1.207,30.0,66.1
2024-06-27 16:50:00,RG-001,0.0,1.207,29.2,64.9
2024-06-27 17:00:00,RG-001,0.0,1.212,29.9,62.6
2024-06-27 17:10:00,RG-001,0.0,1.21,29.0,60.5
2024-06-27 17:20:00,RG-001,0.0,1.211,29.2,57.7
2024-06-27 17:30:00,RG-001,0.0,1.209,29.7,61.9
2024-06-27 17:40:00,RG-001,0.0,1.206,28.9,61.0
2024-06-27 17:50:00,RG-001,0.0,1.208,28.6,64.1
2024-06-27 18:00:00,RG-001,0.0,1.21,29.9,63.9
2024-06-27 18:10:00,RG-001,0.0,1.207,28.3,58.9
2024-06-27 18:20:00,RG-001,0.0,1.213,27.9,58.3
2024-06-27 18:30:00,RG-001,0.0,1.211,28.0,63.9
2024-06-27 18:40:00,RG-001,0.0,1.208,27.7,59.4
2024-06-27 18:50:00,RG-001,0.0,1.208,26.9,59.4
2024-06-27 19:00:00,RG-001,0.0,1.21,27.6,58.9
2024-06-27 19:10:00,RG-001,0.0,1.209,26.9,56.7
2024-06-27 19:20:00,RG-001,0.0,1.21,26.8,60.0
2024-06-27 19:30:00,RG-001,0.0,1.201,26.7,59.7
2024-06-27 19:40:00,RG-001,0.0,1.199,26.5,55.4
2024-06-27 19:50:00,RG-001,0.0,1.206,26.7,60.0
2024-06-27 20:00:00,RG-001,0.0,1.206,25.3,57.4
2024-06-27 20:10:00,RG-001,0.0,1.201,26.8,55.5
2024-06-27 20:20:00,RG-001,0.0,1.209,25.5,59.9
2024-06-27 20:30:00,RG-001,0.0,1.205,25.9,58.0
2024-06-27 20:40:00,RG-001,0.0,1.205,25.5,56.4
2024-06-27 20:50:00,RG-001,0.0,1.203,25.6,58.7
2024-06-27 21:00:00,RG-001,0.0,1.203,25.4,58.2
2024-06-27 21:10:00,RG-001,0.0,1.207,24.1,55.2
2024-06-27 21:20:00,RG-001,0.0,1.205,24.7,54.7
2024-06-27 21:30:00,RG-001,0.0,1.205,23.4,56.4
2024-06-27 21:40:00,RG-001,0.0,1.204,23.6,59.9
2024-06-27 21:50:00,RG-001,0.0,1.207,23.6,58.3
2024-06-27 22:00:00,RG-001,0.0,1.207,23.4,59.9
2024-06-27 22:10:00,RG-001,0.0,1.201,23.1,58.8
2024-06-27 22:20:00,RG-001,0.0,1.205,22.8,57.3
2024-06-27 22:30:00,RG-001,0.0,1.199,22.4,57.0
2024-06-27 22:40:00,RG-001,0.0,1.206,22.4,55.6
2024-06-27 22:50:00,RG-001,2.4000000000000004,1.242,20.7,72.0
2024-06-27 23:00:00,RG-001,3.1,1.287,20.4,75.7
2024-06-27 23:10:00,RG-001,3.4000000000000004,1.331,19.7,75.1
2024-06-27 23:20:00,RG-001,2.0,1.357,20.3,79.8
2024-06-27 23:30:00,RG-001,0.7000000000000001,1.369,20.3,73.7
2024-06-27 23:40:00,RG-001,0.0,1.369,19.6,73.3
2024-06-27 23:50:00,RG-001,0.0,1.363,19.0,77.1
2024-06-28 00:00:00,RG-001,0.0,1.361,19.6,75.3
2024-06-28 00:10:00,RG-001,0.0,1.363,19.4,69.9
2024-06-28 00:20:00,RG-001,0.0,1.354,21.5,61.5
2024-06-28 00:30:00,RG-001,0.0,1.363,21.6,59.8
2024-06-28 00:40:00,RG-001,0.0,1.358,21.8,59.4
2024-06-28 00:50:00,RG-001,0.0,1.355,22.0,57.0
2024-06-28 01:00:00,RG-001,0.0,1.352,21.4,61.0
2024-06-28 01:10:00,RG-001,0.0,1.347,21.2,57.5
2024-06-28 01:20:00,RG-001,0.0,1.346,21.3,61.8
2024-06-28 01:30:00,RG-001,0.0,1.344,21.3,54.6
2024-06-28 01:40:00,RG-001,0.0,1.348,20.6,59.4
2024-06-28 01:50:00,RG-001,0.0,1.34,21.5,63.1
2024-06-28 02:00:00,RG-001,0.0,1.338,21.1,63.1
2024-06-28 02:10:00,RG-001,0.0,1.334,21.1,62.0
2024-06-28 02:20:00,RG-001,0.0,1.335,20.9,66.2
2024-06-28 02:30:00,RG-001,0.0,1.334,20.3,63.1
2024-06-28 02:40:00,RG-001,0.0,1.325,20.8,62.2
2024-06-28 02:50:00,RG-001,0.0,1.332,21.5,63.7
2024-06-28 03:00:00,RG-001,0.0,1.323,20.7,62.5
2024-06-28 03:10:00,RG-001,0.0,1.322,21.4,64.3
2024-06-28 03:20:00,RG-001,0.0,1.32,20.9,58.3
2024-06-28 03:30:00,RG-001,0.0,1.321,21.1,61.6
2024-06-28 03:40:00,RG-001,0.0,1.323,22.1,66.1
2024-06-28 03:50:00,RG-001,0.0,1.316,21.5,66.0
2024-06-28 04:00:00,RG-001,0.0,1.315,20.9,65.0
2024-06-28 04:10:00,RG-001,0.0,1.315,22.2,68.0
2024-06-28 04:20:00,RG-001,0.0,1.319,22.5,67.4
2024-06-28 04:30:00,RG-001,0.0,1.316,22.7,66.0
2024-06-28 04:40:00,RG-001,0.0,1.31,22.6,67.6
2024-06-28 04:50:00,RG-001,0.0,1.302,22.2,70.1
2024-06-28 05:00:00,RG-001,0.0,1.301,23.1,67.4
2024-06-28 05:10:00,RG-001,0.0,1.304,23.0,68.1
2024-06-28 05:20:00,RG-001,0.0,1.294,22.6,65.9
2024-06-28 05:30:00,RG-001,0.0,1.301,23.7,70.6
2024-06-28 05:40:00,RG-001,0.0,1.296,23.8,68.6
2024-06-28 05:50:00,RG-001,0.0,1.299,24.0,69.6
2024-06-28 06:00:00,RG-001,0.0,1.296,23.1,71.6
2024-06-28 06:10:00,RG-001,0.0,1.296,23.3,66.6
2024-06-28 06:20:00,RG-001,0.0,1.29,24.0,67.4
2024-06-28 06:30:00,RG-001,0.0,1.295,23.8,69.6
2024-06-28 06:40:00,RG-001,0.0,1.286,25.1,69.8
2024-06-28 06:50:00,RG-001,0.0,1.286,25.1,70.0
2024-06-28 07:00:00,RG-001,0.0,1.286,24.1,70.3
2024-06-28 07:10:00,RG-001,0.0,1.292,25.4,71.4
2024-06-28 07:20:00,RG-001,0.0,1.282,24.7,69.4
2024-06-28 07:30:00,RG-001,0.0,1.281,25.5,74.6
2024-06-28 07:40:00,RG-001,0.0,1.294,25.8,69.6
2024-06-28 07:50:00,RG-001,0.0,1.274,25.6,73.4
2024-06-28 08:00:00,RG-001,0.0,1.274,25.9,72.1
2024-06-28 08:10:00,RG-001,0.0,1.279,25.8,70.0
2024-06-28 08:20:00,RG-001,0.0,1.277,25.9,75.8
2024-06-28 08:30:00,RG-001,0.0,1.281,26.6,73.5
2024-06-28 08:40:00,RG-001,0.0,1.274,26.6,68.4
2024-06-28 08:50:00,RG-001,0.0,1.276,27.2,68.0
2024-06-28 09:00:00,RG-001,0.0,1.275,27.0,72.5
2024-06-28 09:10:00,RG-001,0.0,1.271,27.6,74.9
2024-06-28 09:20:00,RG-001,0.0,1.268,28.0,71.3
2024-06-28 09:30:00,RG-001,0.0,1.273,28.3,73.7
2024-06-28 09:40:00,RG-001,0.0,1.27,28.6,74.3
2024-06-28 09:50:00,RG-001,0.0,1.266,27.3,74.0
2024-06-28 10:00:00,RG-001,0.0,1.268,28.0,72.2
2024-06-28 10:10:00,RG-001,0.0,1.27,29.6,70.1
2024-06-28 10:20:00,RG-001,0.0,1.263,29.5,72.7
2024-06-28 10:30:00,RG-001,0.0,1.27,28.9,72.9
2024-06-28 10:40:00,RG-001,0.0,1.269,29.8,71.9
2024-06-28 10:50:00,RG-001,0.0,1.263,29.5,72.7
2024-06-28 11:00:00,RG-001,0.0,1.263,29.2,71.4
2024-06-28 11:10:00,RG-001,0.0,1.258,29.4,70.8
2024-06-28 11:20:00,RG-001,0.0,1.26,29.6,75.6
2024-06-28 11:30:00,RG-001,0.0,1.259,30.4,74.6
2024-06-28 11:40:00,RG-001,0.0,1.262,30.1,71.8
2024-06-28 11:50:00,RG-001,0.0,1.257,30.3,72.2
2024-06-28 12:00:00,RG-001,0.0,1.254,30.4,73.2
2024-06-28 12:10:00,RG-001,0.0,1.256,30.5,71.4
2024-06-28 12:20:00,RG-001,0.0,1.253,30.8,69.9
2024-06-28 12:30:00,RG-001,0.0,1.252,31.0,73.2
2024-06-28 12:40:00,RG-001,0.0,1.257,30.8,67.7
2024-06-28 12:50:00,RG-001,0.0,1.256,30.7,69.1
2024-06-28 13:00:00,RG-001,0.0,1.253,30.8,74.4
2024-06-28 13:10:00,RG-001,0.0,1.249,30.6,67.0
2024-06-28 13:20:00,RG-001,0.0,1.245,31.2,67.6
2024-06-28 13:30:00,RG-001,0.0,1.243,30.6,72.0
2024-06-28 13:40:00,RG-001,0.0,1.246,30.6,69.9
2024-06-28 13:50:00,RG-001,0.0,1.246,31.2,70.0
2024-06-28 14:00:00,RG-001,0.0,1.244,31.2,68.4
2024-06-28 14:10:00,RG-001,0.0,1.242,30.9,69.1
2024-06-28 14:20:00,RG-001,0.0,1.245,30.5,71.4
2024-06-28 14:30:00,RG-001,0.0,1.248,31.7,68.5
2024-06-28 14:40:00,RG-001,0.0,1.239,30.8,69.3
2024-06-28 14:50:00,RG-001,0.0,1.242,31.2,64.8
2024-06-28 15:00:00,RG-001,0.0,1.244,31.1,68.4
2024-06-28 15:10:00,RG-001,0.0,1.247,30.2,67.9
2024-06-28 15:20:00,RG-001,0.0,1.244,30.8,68.2
2024-06-28 15:30:00,RG-001,0.0,1.241,30.6,67.6
2024-06-28 15:40:00,RG-001,0.0,1.237,30.5,65.1
2024-06-28 15:50:00,RG-001,0.0,1.24,30.7,68.6
2024-06-28 16:00:00,RG-001,0.0,1.244,30.6,63.4
2024-06-28 16:10:00,RG-001,0.0,1.23,30.6,65.3
2024-06-28 16:20:00,RG-001,0.0,1.237,30.3,60.4
2024-06-28 16:30:00,RG-001,0.0,1.241,30.2,60.2
2024-06-28 16:40:00,RG-001,0.0,1.237,29.7,61.9
2024-06-28 16:50:00,RG-001,0.0,1.237,30.1,60.5
2024-06-28 17:00:00,RG-001,0.0,1.237,29.3,63.1
2024-06-28 17:10:00,RG-001,0.0,1.232,29.2,63.1
2024-06-28 17:20:00,RG-001,0.0,1.237,28.9,60.5
2024-06-28 17:30:00,RG-001,0.0,1.233,28.8,59.3
2024-06-28 17:40:00,RG-001,0.0,1.234,28.5,59.3
2024-06-28 17:50:00,RG-001,0.0,1.23,28.4,61.8
2024-06-28 18:00:00,RG-001,0.0,1.234,28.9,58.3
2024-06-28 18:10:00,RG-001,0.0,1.229,28.7,56.0
2024-06-28 18:20:00,RG-001,0.0,1.231,28.1,59.1
2024-06-28 18:30:00,RG-001,0.0,1.233,26.5,58.2
2024-06-28 18:40:00,RG-001,0.0,1.23,27.8,57.6
2024-06-28 18:50:00,RG-001,0.0,1.233,27.6,59.4
2024-06-28 19:00:00,RG-001,6.800000000000001,1.331,25.0,73.8
2024-06-28 19:10:00,RG-001,4.1000000000000005,1.391,24.4,73.4
2024-06-28 19:20:00,RG-001,0.0,1.383,24.3,78.8
2024-06-28 19:30:00,RG-001,0.0,1.381,24.2,73.7
2024-06-28 19:40:00,RG-001,0.0,1.382,23.9,75.4
2024-06-28 19:50:00,RG-001,0.0,1.378,23.4,77.7
2024-06-28 20:00:00,RG-001,0.0,1.378,24.1,79.2
2024-06-28 20:10:00,RG-001,0.0,1.376,25.9,58.6
2024-06-28 20:20:00,RG-001,0.0,1.376,25.3,58.0
2024-06-28 20:30:00,RG-001,0.0,1.371,26.1,59.3
2024-06-28 20:40:00,RG-001,0.0,1.369,25.8,58.3
2024-06-28 20:50:00,RG-001,0.0,1.366,25.1,53.6
2024-06-28 21:00:00,RG-001,0.0,1.363,25.1,58.7
2024-06-28 21:10:00,RG-001,0.0,1.357,24.2,56.3
2024-06-28 21:20:00,RG-001,0.0,1.356,24.2,58.7
2024-06-28 21:30:00,RG-001,0.0,1.353,23.7,56.7
2024-06-28 21:40:00,RG-001,0.0,1.347,24.3,56.7
2024-06-28 21:50:00,RG-001,0.0,1.347,24.2,55.7
2024-06-28 22:00:00,RG-001,0.0,1.35,23.9,59.2
2024-06-28 22:10:00,RG-001,0.0,1.347,22.4,60.1
2024-06-28 22:20:00,RG-001,0.0,1.342,23.4,55.6
2024-06-28 22:30:00,RG-001,0.0,1.341,23.3,61.7
2024-06-28 22:40:00,RG-001,0.0,1.336,22.9,53.6
2024-06-28 22:50:00,RG-001,0.0,1.338,22.7,58.0
2024-06-28 23:00:00,RG-001,0.0,1.335,23.0,59.5
2024-06-28 23:10:00,RG-001,0.0,1.334,22.3,58.8
2024-06-28 23:20:00,RG-001,0.0,1.331,21.7,58.0
2024-06-28 23:30:00,RG-001,0.0,1.33,22.4,57.0
2024-06-28 23:40:00,RG-001,0.0,1.324,21.9,56.7
2024-06-28 23:50:00,RG-001,0.0,1.323,21.1,60.3
2024-06-29 00:00:00,RG-001,0.0,1.324,22.3,59.8
2024-06-29 00:10:00,RG-001,0.0,1.325,21.5,59.5
2024-06-29 00:20:00,RG-001,0.0,1.315,21.9,59.8
2024-06-29 00:30:00,RG-001,0.0,1.319,20.6,53.1
2024-06-29 00:40:00,RG-001,0.0,1.316,21.7,59.6
2024-06-29 00:50:00,RG-001,0.0,1.315,20.6,57.8
2024-06-29 01:00:00,RG-001,0.0,1.315,21.4,60.9
2024-06-29 01:10:00,RG-001,0.0,1.31,21.0,60.1
2024-06-29 01:20:00,RG-001,0.0,1.307,20.8,61.6
2024-06-29 01:30:00,RG-001,0.0,1.307,20.7,63.0
2024-06-29 01:40:00,RG-001,0.0,1.309,21.8,57.8
2024-06-29 01:50:00,RG-001,0.0,1.304,21.3,59.2
2024-06-29 02:00:00,RG-001,0.0,1.303,21.2,61.5
2024-06-29 02:10:00,RG-001,0.0,1.305,21.4,61.7
2024-06-29 02:20:00,RG-001,0.0,1.299,21.4,63.0
2024-06-29 02:30:00,RG-001,0.0,1.297,21.2,59.0
2024-06-29 02:40:00,RG-001,0.0,1.295,21.0,59.3
2024-06-29 02:50:00,RG-001,0.0,1.298,21.3,66.2
2024-06-29 03:00:00,RG-001,0.0,1.292,21.0,63.1
2024-06-29 03:10:00,RG-001,0.0,1.291,21.3,65.3
2024-06-29 03:20:00,RG-001,0.0,1.285,21.4,62.1
2024-06-29 03:30:00,RG-001,0.0,1.293,21.5,66.0
2024-06-29 03:40:00,RG-001,0.0,1.289,22.2,64.3
2024-06-29 03:50:00,RG-001,0.0,1.291,22.0,67.1
2024-06-29 04:00:00,RG-001,0.0,1.287,22.1,66.3
2024-06-29 04:10:00,RG-001,0.0,1.279,21.5,65.3
2024-06-29 04:20:00,RG-001,0.0,1.278,22.2,64.1
2024-06-29 04:30:00,RG-001,0.0,1.282,21.9,66.7
2024-06-29 04:40:00,RG-001,0.0,1.284,22.0,67.4
2024-06-29 04:50:00,RG-001,0.0,1.285,22.2,71.6
2024-06-29 05:00:00,RG-001,0.0,1.277,22.8,64.4
2024-06-29 05:10:00,RG-001,0.0,1.281,22.2,66.2
2024-06-29 05:20:00,RG-001,0.0,1.275,22.8,66.1
2024-06-29 05:30:00,RG-001,0.0,1.276,23.3,70.1
2024-06-29 05:40:00,RG-001,0.0,1.272,23.0,67.9
2024-06-29 05:50:00,RG-001,0.0,1.269,23.5,67.3
2024-06-29 06:00:00,RG-001,0.0,1.272,23.0,68.5
2024-06-29 06:10:00,RG-001,0.0,1.271,23.3,69.0
2024-06-29 06:20:00,RG-001,0.0,1.266,23.7,72.9
2024-06-29 06:30:00,RG-001,0.0,1.269,23.8,70.0
2024-06-29 06:40:00,RG-001,0.0,1.273,24.2,71.4
2024-06-29 06:50:00,RG-001,0.0,1.271,24.4,70.5
2024-06-29 07:00:00,RG-001,0.0,1.261,24.6,68.9
2024-06-29 07:10:00,RG-001,0.0,1.259,24.1,71.1
2024-06-29 07:20:00,RG-001,0.0,1.268,25.2,71.9
2024-06-29 07:30:00,RG-001,0.0,1.261,25.0,71.5
2024-06-29 07:40:00,RG-001,0.0,1.26,26.4,72.5
2024-06-29 07:50:00,RG-001,0.0,1.256,25.3,71.6
2024-06-29 08:00:00,RG-001,0.0,1.265,25.6,71.9
2024-06-29 08:10:00,RG-001,0.0,1.259,25.8,70.2
2024-06-29 08:20:00,RG-001,0.0,1.253,26.3,70.7
2024-06-29 08:30:00,RG-001,0.0,1.26,26.7,72.3
2024-06-29 08:40:00,RG-001,0.0,1.255,27.6,72.2
2024-06-29 08:50:00,RG-001,0.0,1.252,28.0,74.0
2024-06-29 09:00:00,RG-001,0.0,1.254,27.4,71.5
2024-06-29 09:10:00,RG-001,0.0,1.248,27.6,74.5
2024-06-29 09:20:00,RG-001,0.0,1.253,27.3,73.6
2024-06-29 09:30:00,RG-001,0.0,1.255,27.6,72.6
2024-06-29 09:40:00,RG-001,0.0,1.253,28.1,70.5
2024-06-29 09:50:00,RG-001,0.0,1.252,28.1,70.3
2024-06-29 10:00:00,RG-001,0.0,1.251,28.1,72.6
2024-06-29 10:10:00,RG-001,0.0,1.25,28.8,73.3
2024-06-29 10:20:00,RG-001,0.0,1.247,29.1,72.8
2024-06-29 10:30:00,RG-001,0.0,1.248,29.4,72.6
2024-06-29 10:40:00,RG-001,0.0,1.248,29.7,73.1
2024-06-29 10:50:00,RG-001,0.0,1.245,29.0,72.7
2024-06-29 11:00:00,RG-001,0.0,1.241,29.7,73.9
2024-06-29 11:10:00,RG-001,0.0,1.246,29.7,72.5
2024-06-29 11:20:00,RG-001,0.0,1.244,29.7,67.1
2024-06-29 11:30:00,RG-001,0.0,1.244,29.6,70.3
2024-06-29 11:40:00,RG-001,0.0,1.241,29.8,70.8
2024-06-29 11:50:00,RG-001,0.0,1.238,30.8,73.2
2024-06-29 12:00:00,RG-001,0.0,1.244,30.1,70.5
2024-06-29 12:10:00,RG-001,0.0,1.234,31.0,73.0
2024-06-29 12:20:00,RG-001,0.0,1.241,30.5,70.3
2024-06-29 12:30:00,RG-001,0.0,1.236,30.4,72.2
2024-06-29 12:40:00,RG-001,0.0,1.238,30.9,74.4
2024-06-29 12:50:00,RG-001,0.0,1.234,30.2,71.4
2024-06-29 13:00:00,RG-001,0.0,1.238,30.7,70.6
2024-06-29 13:10:00,RG-001,0.0,1.237,30.9,69.1
2024-06-29 13:20:00,RG-001,0.0,1.242,31.1,71.4
2024-06-29 13:30:00,RG-001,0.0,1.23,30.9,71.1
2024-06-29 13:40:00,RG-001,0.0,1.234,30.9,69.2
2024-06-29 13:50:00,RG-001,0.0,1.234,30.5,67.7
2024-06-29 14:00:00,RG-001,0.0,1.234,31.0,71.5
2024-06-29 14:10:00,RG-001,0.0,1.23,30.8,72.1
2024-06-29 14:20:00,RG-001,0.0,1.235,31.0,67.9
2024-06-29 14:30:00,RG-001,0.0,1.237,30.5,68.3
2024-06-29 14:40:00,RG-001,0.0,1.231,30.8,65.0
2024-06-29 14:50:00,RG-001,0.0,1.23,30.7,65.8
2024-06-29 15:00:00,RG-001,0.0,1.237,30.8,68.6
2024-06-29 15:10:00,RG-001,0.0,1.228,30.8,66.9
2024-06-29 15:20:00,RG-001,0.0,1.232,30.6,66.0
2024-06-29 15:30:00,RG-001,0.0,1.228,30.1,65.8
2024-06-29 15:40:00,RG-001,0.0,1.232,30.7,65.2
2024-06-29 15:50:00,RG-001,0.0,1.23,30.7,68.1
2024-06-29 16:00:00,RG-001,0.0,1.236,29.9,66.7
2024-06-29 16:10:00,RG-001,0.0,1.224,30.0,64.2
2024-06-29 16:20:00,RG-001,0.0,1.225,30.4,61.1
2024-06-29 16:30:00,RG-001,0.0,1.222,29.9,64.8
2024-06-29 16:40:00,RG-001,0.0,1.222,30.5,61.7
2024-06-29 16:50:00,RG-001,0.0,1.225,29.8,63.9
2024-06-29 17:00:00,RG-001,0.0,1.227,29.5,60.0
2024-06-29 17:10:00,RG-001,0.0,1.227,29.7,64.3
2024-06-29 17:20:00,RG-001,0.0,1.226,29.1,63.1
2024-06-29 17:30:00,RG-001,0.0,1.225,28.9,64.0
2024-06-29 17:40:00,RG-001,0.0,1.224,28.2,61.6
2024-06-29 17:50:00,RG-001,0.0,1.223,28.9,61.7
2024-06-29 18:00:00,RG-001,0.0,1.223,28.5,60.4
2024-06-29 18:10:00,RG-001,0.0,1.22,28.4,64.9
2024-06-29 18:20:00,RG-001,0.0,1.224,28.4,59.5
2024-06-29 18:30:00,RG-001,0.0,1.222,28.8,59.1
2024-06-29 18:40:00,RG-001,0.0,1.225,28.3,59.3
2024-06-29 18:50:00,RG-001,0.0,1.219,27.5,58.4
2024-06-29 19:00:00,RG-001,0.0,1.221,27.2,55.5
2024-06-29 19:10:00,RG-001,0.0,1.219,27.2,56.6
2024-06-29 19:20:00,RG-001,0.0,1.218,26.5,57.9
2024-06-29 19:30:00,RG-001,0.0,1.216,26.7,58.2
2024-06-29 19:40:00,RG-001,0.0,1.224,26.6,58.4
2024-06-29 19:50:00,RG-001,0.0,1.221,26.3,53.0
2024-06-29 20:00:00,RG-001,0.0,1.215,26.3,58.6
2024-06-29 20:10:00,RG-001,0.0,1.218,25.9,60.2
2024-06-29 20:20:00,RG-001,0.0,1.217,26.1,60.2
2024-06-29 20:30:00,RG-001,0.0,1.22,26.1,56.2
2024-06-29 20:40:00,RG-001,0.0,1.217,25.2,57.4
2024-06-29 20:50:00,RG-001,0.0,1.217,24.3,53.9
2024-06-29 21:00:00,RG-001,0.0,1.218,24.5,57.5
2024-06-29 21:10:00,RG-001,0.0,1.224,24.3,55.3
2024-06-29 21:20:00,RG-001,0.0,1.217,23.9,58.6
2024-06-29 21:30:00,RG-001,0.0,1.218,24.3,56.6
2024-06-29 21:40:00,RG-001,0.0,1.221,23.6,57.2
2024-06-29 21:50:00,RG-001,0.0,1.217,23.5,56.7
2024-06-29 22:00:00,RG-001,0.0,1.216,23.6,57.1
2024-06-29 22:10:00,RG-001,0.0,1.211,23.4,56.6
2024-06-29 22:20:00,RG-001,0.0,1.213,23.1,54.0
2024-06-29 22:30:00,RG-001,0.0,1.227,23.0,52.1
2024-06-29 22:40:00,RG-001,0.0,1.214,22.5,56.9
2024-06-29 22:50:00,RG-001,0.0,1.213,22.9,58.6
2024-06-29 23:00:00,RG-001,0.0,1.212,22.2,57.5
2024-06-29 23:10:00,RG-001,0.0,1.219,22.5,56.9
2024-06-29 23:20:00,RG-001,0.0,1.214,21.6,53.0
2024-06-29 23:30:00,RG-001,0.0,1.215,22.0,57.9
2024-06-29 23:40:00,RG-001,0.0,1.213,22.3,55.5
2024-06-29 23:50:00,RG-001,0.0,1.215,22.2,59.0
2024-06-30 00:00:00,RG-001,0.0,1.215,21.3,59.0
2024-06-30 00:10:00,RG-001,0.0,1.216,21.6,58.2
2024-06-30 00:20:00,RG-001,0.0,1.209,21.7,60.5
2024-06-30 00:30:00,RG-001,0.0,1.217,21.2,58.2
2024-06-30 00:40:00,RG-001,0.0,1.221,20.9,57.9
2024-06-30 00:50:00,RG-001,0.0,1.209,20.8,61.8
2024-06-30 01:00:00,RG-001,0.0,1.211,21.4,61.0
2024-06-30 01:10:00,RG-001,0.0,1.216,21.7,58.3
2024-06-30 01:20:00,RG-001,0.0,1.213,21.7,61.3
2024-06-30 01:30:00,RG-001,0.0,1.215,21.2,61.4
2024-06-30 01:40:00,RG-001,0.0,1.216,21.1,63.3
2024-06-30 01:50:00,RG-001,0.0,1.208,20.6,57.5
2024-06-30 02:00:00,RG-001,0.0,1.212,20.6,60.7
2024-06-30 02:10:00,RG-001,0.0,1.214,21.2,61.1
2024-06-30 02:20:00,RG-001,0.0,1.212,21.0,61.4
2024-06-30 02:30:00,RG-001,0.0,1.21,20.8,68.0
2024-06-30 02:40:00,RG-001,0.0,1.212,20.5,60.8
2024-06-30 02:50:00,RG-001,0.0,1.214,21.9,61.5
2024-06-30 03:00:00,RG-001,0.0,1.213,21.1,61.6
2024-06-30 03:10:00,RG-001,0.0,1.216,21.1,64.0
2024-06-30 03:20:00,RG-001,0.0,1.213,21.5,66.8
2024-06-30 03:30:00,RG-001,0.0,1.209,21.4,61.2
2024-06-30 03:40:00,RG-001,0.0,1.207,21.1,66.4
2024-06-30 03:50:00,RG-001,0.0,1.214,21.9,66.9
2024-06-30 04:00:00,RG-001,0.0,1.212,20.4,63.3
2024-06-30 04:10:00,RG-001,0.0,1.209,21.9,64.4
2024-06-30 04:20:00,RG-001,0.0,1.207,22.2,63.6
2024-06-30 04:30:00,RG-001,0.0,1.21,22.6,65.3
2024-06-30 04:40:00,RG-001,0.0,1.207,22.2,63.1
2024-06-30 04:50:00,RG-001,0.0,1.208,21.8,66.7
2024-06-30 05:00:00,RG-001,0.0,1.211,22.3,67.8
2024-06-30 05:10:00,RG-001,0.0,1.206,22.9,66.4
2024-06-30 05:20:00,RG-001,0.0,1.207,22.9,70.1
2024-06-30 05:30:00,RG-001,0.0,1.212,23.3,71.2
2024-06-30 05:40:00,RG-001,0.0,1.208,23.4,65.4
2024-06-30 05:50:00,RG-001,0.0,1.213,23.4,70.1
2024-06-30 06:00:00,RG-001,0.0,1.208,23.7,70.3
2024-06-30 06:10:00,RG-001,0.0,1.206,24.0,69.0
2024-06-30 06:20:00,RG-001,0.0,1.21,23.6,67.7
2024-06-30 06:30:00,RG-001,0.0,1.208,24.4,71.1
2024-06-30 06:40:00,RG-001,0.0,1.209,24.0,70.8
2024-06-30 06:50:00,RG-001,0.0,1.211,24.9,68.1
2024-06-30 07:00:00,RG-001,0.0,1.211,23.9,70.3
2024-06-30 07:10:00,RG-001,0.0,1.214,24.6,72.0
2024-06-30 07:20:00,RG-001,0.0,1.211,25.4,71.1
2024-06-30 07:30:00,RG-001,0.0,1.204,25.5,70.9
2024-06-30 07:40:00,RG-001,0.0,1.204,25.3,73.3
2024-06-30 07:50:00,RG-001,0.0,1.21,26.5,72.3
2024-06-30 08:00:00,RG-001,0.0,1.204,26.4,68.7
2024-06-30 08:10:00,RG-001,0.0,1.203,26.8,71.9
2024-06-30 08:20:00,RG-001,0.0,1.205,26.9,73.4
2024-06-30 08:30:00,RG-001,0.0,1.205,27.1,71.9
2024-06-30 08:40:00,RG-001,0.0,1.207,27.1,68.0
2024-06-30 08:50:00,RG-001,0.0,1.207,26.7,73.7
2024-06-30 09:00:00,RG-001,0.0,1.202,27.4,72.1
2024-06-30 09:10:00,RG-001,0.0,1.209,27.6,73.2
2024-06-30 09:20:00,RG-001,0.0,1.201,28.3,72.1
2024-06-30 09:30:00,RG-001,0.0,1.208,28.5,78.6
2024-06-30 09:40:00,RG-001,0.0,1.203,27.6,70.5
2024-06-30 09:50:00,RG-001,0.0,1.207,28.6,73.0
2024-06-30 10:00:00,RG-001,0.0,1.202,28.8,73.2
2024-06-30 10:10:00,RG-001,0.0,1.206,28.9,74.2
2024-06-30 10:20:00,RG-001,0.0,1.197,29.0,76.1
2024-06-30 10:30:00,RG-001,0.0,1.205,28.8,72.7
2024-06-30 10:40:00,RG-001,0.0,1.205,29.6,70.9
2024-06-30 10:50:00,RG-001,0.0,1.204,28.9,74.4
2024-06-30 11:00:00,RG-001,0.0,1.212,29.5,70.8
2024-06-30 11:10:00,RG-001,0.0,1.205,29.9,74.2
2024-06-30 11:20:00,RG-001,0.0,1.203,29.1,73.8
2024-06-30 11:30:00,RG-001,0.0,1.207,31.0,70.7
2024-06-30 11:40:00,RG-001,0.0,1.209,29.3,70.0
2024-06-30 11:50:00,RG-001,0.0,1.203,30.4,73.6
2024-06-30 12:00:00,RG-001,0.0,1.2,30.5,72.3
2024-06-30 12:10:00,RG-001,0.0,1.206,31.0,70.9
2024-06-30 12:20:00,RG-001,0.0,1.204,31.1,71.6
2024-06-30 12:30:00,RG-001,0.0,1.205,30.0,69.1
2024-06-30 12:40:00,RG-001,0.0,1.206,30.7,69.2
2024-06-30 12:50:00,RG-001,0.0,1.202,31.0,70.8
2024-06-30 13:00:00,RG-001,0.0,1.199,31.4,70.1
2024-06-30 13:10:00,RG-001,0.0,1.21,30.5,71.8
2024-06-30 13:20:00,RG-001,0.0,1.201,31.2,71.4
2024-06-30 13:30:00,RG-001,0.0,1.203,31.3,65.8
2024-06-30 13:40:00,RG-001,0.0,1.206,31.0,70.6
2024-06-30 13:50:00,RG-001,0.0,1.201,31.1,68.9
2024-06-30 14:00:00,RG-001,0.0,1.204,31.0,66.3
2024-06-30 14:10:00,RG-001,0.0,1.205,30.7,73.3
2024-06-30 14:20:00,RG-001,0.0,1.199,30.7,69.8
2024-06-30 14:30:00,RG-001,1.4000000000000001,1.226,29.8,75.2
2024-06-30 14:40:00,RG-001,2.8000000000000003,1.264,28.2,83.1
2024-06-30 14:50:00,RG-001,4.1000000000000005,1.329,28.1,89.7
2024-06-30 15:00:00,RG-001,3.3000000000000003,1.371,28.5,89.9
2024-06-30 15:10:00,RG-001,4.1000000000000005,1.43,27.8,84.1
2024-06-30 15:20:00,RG-001,3.7,1.486,28.0,85.8
2024-06-30 15:30:00,RG-001,6.2,1.574,28.7,82.1
2024-06-30 15:40:00,RG-001,6.4,1.668,27.9,81.8
2024-06-30 15:50:00,RG-001,5.7,1.738,27.8,86.7
2024-06-30 16:00:00,RG-001,4.9,1.811,27.7,83.8
2024-06-30 16:10:00,RG-001,7.4,1.912,27.6,85.9
2024-06-30 16:20:00,RG-001,7.5,2.01,27.8,86.2
2024-06-30 16:30:00,RG-001,7.1000000000000005,2.104,27.1,81.4
2024-06-30 16:40:00,RG-001,5.300000000000001,2.174,27.7,82.5
2024-06-30 16:50:00,RG-001,5.0,2.233,27.3,78.5
2024-06-30 17:00:00,RG-001,4.6000000000000005,2.289,27.1,81.7
2024-06-30 17:10:00,RG-001,3.9000000000000004,2.325,26.9,80.5
2024-06-30 17:20:00,RG-001,2.8000000000000003,2.359,27.3,76.5
2024-06-30 17:30:00,RG-001,2.7,2.375,26.8,80.0
2024-06-30 17:40:00,RG-001,2.9000000000000004,2.404,26.6,79.0
2024-06-30 17:50:00,RG-001,2.1,2.42,26.0,75.6
2024-06-30 18:00:00,RG-001,1.5,2.419,26.5,81.5
2024-06-30 18:10:00,RG-001,1.2000000000000002,2.419,26.6,79.8
2024-06-30 18:20:00,RG-001,1.1,2.414,25.5,77.5
2024-06-30 18:30:00,RG-001,0.6000000000000001,2.411,25.0,77.2
2024-06-30 18:40:00,RG-001,0.30000000000000004,2.397,25.8,78.4
2024-06-30 18:50:00,RG-001,0.1,2.376,25.3,75.4
2024-06-30 19:00:00,RG-001,0.0,2.363,25.5,73.6
2024-06-30 19:10:00,RG-001,0.0,2.349,25.7,70.1
2024-06-30 19:20:00,RG-001,0.0,2.331,26.8,67.6
2024-06-30 19:30:00,RG-001,0.0,2.312,26.9,58.9
2024-06-30 19:40:00,RG-001,0.0,2.294,27.7,57.7
2024-06-30 19:50:00,RG-001,0.0,2.274,26.3,58.2
2024-06-30 20:00:00,RG-001,0.0,2.258,26.5,58.5
2024-06-30 20:10:00,RG-001,0.0,2.247,25.8,58.0
2024-06-30 20:20:00,RG-001,0.0,2.231,25.6,58.2
2024-06-30 20:30:00,RG-001,0.0,2.216,25.6,57.1
2024-06-30 20:40:00,RG-001,0.0,2.199,25.0,57.9
2024-06-30 20:50:00,RG-001,0.0,2.179,25.0,59.5
2024-06-30 21:00:00,RG-001,0.0,2.167,25.4,54.8
2024-06-30 21:10:00,RG-001,0.0,2.152,24.1,56.6
2024-06-30 21:20:00,RG-001,0.0,2.141,24.6,58.2
2024-06-30 21:30:00,RG-001,0.0,2.126,23.9,55.6
2024-06-30 21:40:00,RG-001,0.0,2.112,24.4,55.4
2024-06-30 21:50:00,RG-001,0.0,2.102,23.3,56.9
2024-06-30 22:00:00,RG-001,0.0,2.09,22.6,57.9
2024-06-30 22:10:00,RG-001,0.0,2.074,22.8,58.3
2024-06-30 22:20:00,RG-001,0.0,2.057,22.6,59.2
2024-06-30 22:30:00,RG-001,0.0,2.046,22.7,58.1
2024-06-30 22:40:00,RG-001,0.0,2.035,22.3,55.2
2024-06-30 22:50:00,RG-001,0.0,2.014,22.8,56.2
2024-06-30 23:00:00,RG-001,0.0,2.008,22.0,58.5
2024-06-30 23:10:00,RG-001,0.0,1.993,22.4,58.1
2024-06-30 23:20:00,RG-001,0.0,1.979,21.9,56.3
2024-06-30 23:30:00,RG-001,0.0,1.974,22.5,57.7
2024-06-30 23:40:00,RG-001,0.0,1.959,21.8,57.0
2024-06-30 23:50:00,RG-001,0.0,1.957,21.5,55.5
