{"type": "FeatureCollection", "name": "fallback_simulated_geojson", "crs": {"type": "name", "properties": {"name": "EPSG:4326"}}, "features": [{"type": "Feature", "properties": {"OBJECTID": 1, "NAME": "Fallback Fire/EMS Station 001", "FACILITY_NAME": "Fallback Fire/EMS Station 001", "CATEGORY": "Fire / EMS Station", "ADDRESS": "5863 Example Ave", "CITY": "Burbank", "STATE": "CA", "COUNTY": "Los Angeles", "ZIP": "92193", "LATITUDE": 34.385286, "LONGITUDE": -118.399083, "resource_type": "fire_ems", "source_status": "simulated_fallback_due_download_missing_or_unavailable", "data_use_note": "Fallback simulated point. Replace with real emergency resource GeoJSON if available."}, "geometry": {"type": "Point", "coordinates": [-118.399083, 34.385286]}}, {"type": "Feature", "properties": {"OBJECTID": 2, "NAME": "Fallback Fire/EMS Station 002", "FACILITY_NAME": "Fallback Fire/EMS Station 002", "CATEGORY": "Fire / EMS Station", "ADDRESS": "6638 Example Ave", "CITY": "Whittier", "STATE": "CA", "COUNTY": "Los Angeles", "ZIP": "92877", "LATITUDE": 34.001771, "LONGITUDE": -118.307258, "resource_type": "fire_ems", "source_status": "simulated_fallback_due_download_missing_or_unavailable", "data_use_note": "Fallback simulated point. Replace with real emergency resource GeoJSON if available."}, "geometry": {"type": "Point", "coordinates": [-118.307258, 34.001771]}}, {"type": "Feature", "properties": {"OBJECTID": 3, "NAME": "Fallback Fire/EMS Station 003", "FACILITY_NAME": "Fallback Fire/EMS Station 003", "CATEGORY": "Fire / EMS Station", "ADDRESS": "466 Example Ave", "CITY": "Torrance", "STATE": "CA", "COUNTY": "Los Angeles", "ZIP": "92504", "LATITUDE": 33.848272, "LONGITUDE": -118.490681, "resource_type": "fire_ems", "source_status": "simulated_fallback_due_download_missing_or_unavailable", "data_use_note": "Fallback simulated point. Replace with real emergency resource GeoJSON if available."}, "geometry": {"type": "Point", "coordinates": [-118.490681, 33.848272]}}, {"type": "Feature", "properties": {"OBJECTID": 4, "NAME": "Fallback Fire/EMS Station 004", "FACILITY_NAME": "Fallback Fire/EMS Station 004", "CATEGORY": "Fire / EMS Station", "ADDRESS": "3350 Example Ave", "CITY": "Pasadena", "STATE": "CA", "COUNTY": "Los Angeles", "ZIP": "93503", "LATITUDE": 33.740533, "LONGITUDE": -117.834286, "resource_type": "fire_ems", "source_status": "simulated_fallback_due_download_missing_or_unavailable", "data_use_note": "Fallback simulated point. Replace with real emergency resource GeoJSON if available."}, "geometry": {"type": "Point", "coordinates": [-117.834286, 33.740533]}}, {"type": "Feature", "properties": {"OBJECTID": 5, "NAME": "Fallback Fire/EMS Station 005", "FACILITY_NAME": "Fallback Fire/EMS Station 005", "CATEGORY": "Fire / EMS Station", "ADDRESS": "8900 Example Ave", "CITY": "Los Angeles", "STATE": "CA", "COUNTY": "Los Angeles", "ZIP": "91128", "LATITUDE": 33.904914, "LONGITUDE": -117.955153, "resource_type": "fire_ems", "source_status": "simulated_fallback_due_download_missing_or_unavailable", "data_use_note": "Fallback simulated point. Replace with real emergency resource GeoJSON if available."}, "geometry": {"type": "Point", "coordinates": [-117.955153, 33.904914]}}, {"type": "Feature", "properties": {"OBJECTID": 6, "NAME": "Fallback Fire/EMS Station 006", "FACILITY_NAME": "Fallback Fire/EMS Station 006", "CATEGORY": "Fire / EMS Station", "ADDRESS": "7361 Example Ave", "CITY": "Lancaster", "STATE": "CA", "COUNTY": "Los Angeles", "ZIP": "91619", "LATITUDE": 33.787292, "LONGITUDE": -118.298767, "resource_type": "fire_ems", "source_status": "simulated_fallback_due_download_missing_or_unavailable", "data_use_note": "Fallback simulated point. Replace with real emergency resource GeoJSON if available."}, "geometry": {"type": "Point", "coordinates": [-118.298767, 33.787292]}}, {"type": "Feature", "properties": {"OBJECTID": 7, "NAME": "Fallback Fire/EMS Station 007", "FACILITY_NAME": "Fallback Fire/EMS Station 007", "CATEGORY": "Fire / EMS Station", "ADDRESS": "8071 Example Ave", "CITY": "Glendale", "STATE": "CA", "COUNTY": "Los Angeles", "ZIP": "92447", "LATITUDE": 34.144729, "LONGITUDE": -118.087023, "resource_type": "fire_ems", "source_status": "simulated_fallback_due_download_missing_or_unavailable", "data_use_note": "Fallback simulated point. Replace with real emergency resource GeoJSON if available."}, "geometry": {"type": "Point", "coordinates": [-118.087023, 34.144729]}}, {"type": "Feature", "properties": {"OBJECTID": 8, "NAME": "Fallback Fire/EMS Station 008", "FACILITY_NAME": "Fallback Fire/EMS Station 008", "CATEGORY": "Fire / EMS Station", "ADDRESS": "7904 Example Ave", "CITY": "Lancaster", "STATE": "CA", "COUNTY": "Los Angeles", "ZIP": "92678", "LATITUDE": 33.708186, "LONGITUDE": -118.744635, "resource_type": "fire_ems", "source_status": "simulated_fallback_due_download_missing_or_unavailable", "data_use_note": "Fallback simulated point. Replace with real emergency resource GeoJSON if available."}, "geometry": {"type": "Point", "coordinates": [-118.744635, 33.708186]}}, {"type": "Feature", "properties": {"OBJECTID": 9, "NAME": "Fallback Fire/EMS Station 009", "FACILITY_NAME": "Fallback Fire/EMS Station 009", "CATEGORY": "Fire / EMS Station", "ADDRESS": "2235 Example Ave", "CITY": "Pasadena", "STATE": "CA", "COUNTY": "Los Angeles", "ZIP": "92208", "LATITUDE": 34.43878, "LONGITUDE": -117.83779, "resource_type": "fire_ems", "source_status": "simulated_fallback_due_download_missing_or_unavailable", "data_use_note": "Fallback simulated point. Replace with real emergency resource GeoJSON if available."}, "geometry": {"type": "Point", "coordinates": [-117.83779, 34.43878]}}, {"type": "Feature", "properties": {"OBJECTID": 10, "NAME": "Fallback Fire/EMS Station 010", "FACILITY_NAME": "Fallback Fire/EMS Station 010", "CATEGORY": "Fire / EMS Station", "ADDRESS": "5300 Example Ave", "CITY": "Glendale", "STATE": "CA", "COUNTY": "Los Angeles", "ZIP": "90799", "LATITUDE": 34.424022, "LONGITUDE": -118.106373, "resource_type": "fire_ems", "source_status": "simulated_fallback_due_download_missing_or_unavailable", "data_use_note": "Fallback simulated point. Replace with real emergency resource GeoJSON if available."}, "geometry": {"type": "Point", "coordinates": [-118.106373, 34.424022]}}, {"type": "Feature", "properties": {"OBJECTID": 11, "NAME": "Fallback Fire/EMS Station 011", "FACILITY_NAME": "Fallback Fire/EMS Station 011", "CATEGORY": "Fire / EMS Station", "ADDRESS": "9907 Example Ave", "CITY": "Santa Monica", "STATE": "CA", "COUNTY": "Los Angeles", "ZIP": "90044", "LATITUDE": 34.359881, "LONGITUDE": -118.10261, "resource_type": "fire_ems", "source_status": "simulated_fallback_due_download_missing_or_unavailable", "data_use_note": "Fallback simulated point. Replace with real emergency resource GeoJSON if available."}, "geometry": {"type": "Point", "coordinates": [-118.10261, 34.359881]}}, {"type": "Feature", "properties": {"OBJECTID": 12, "NAME": "Fallback Fire/EMS Station 012", "FACILITY_NAME": "Fallback Fire/EMS Station 012", "CATEGORY": "Fire / EMS Station", "ADDRESS": "1382 Example Ave", "CITY": "Long Beach", "STATE": "CA", "COUNTY": "Los Angeles", "ZIP": "91970", "LATITUDE": 34.375831, "LONGITUDE": -118.245577, "resource_type": "fire_ems", "source_status": "simulated_fallback_due_download_missing_or_unavailable", "data_use_note": "Fallback simulated point. Replace with real emergency resource GeoJSON if available."}, "geometry": {"type": "Point", "coordinates": [-118.245577, 34.375831]}}, {"type": "Feature", "properties": {"OBJECTID": 13, "NAME": "Fallback Fire/EMS Station 013", "FACILITY_NAME": "Fallback Fire/EMS Station 013", "CATEGORY": "Fire / EMS Station", "ADDRESS": "1649 Example Ave", "CITY": "Lancaster", "STATE": "CA", "COUNTY": "Los Angeles", "ZIP": "92774", "LATITUDE": 34.165539, "LONGITUDE": -118.39733, "resource_type": "fire_ems", "source_status": "simulated_fallback_due_download_missing_or_unavailable", "data_use_note": "Fallback simulated point. Replace with real emergency resource GeoJSON if available."}, "geometry": {"type": "Point", "coordinates": [-118.39733, 34.165539]}}, {"type": "Feature", "properties": {"OBJECTID": 14, "NAME": "Fallback Fire/EMS Station 014", "FACILITY_NAME": "Fallback Fire/EMS Station 014", "CATEGORY": "Fire / EMS Station", "ADDRESS": "3054 Example Ave", "CITY": "Long Beach", "STATE": "CA", "COUNTY": "Los Angeles", "ZIP": "91171", "LATITUDE": 34.071737, "LONGITUDE": -118.176516, "resource_type": "fire_ems", "source_status": "simulated_fallback_due_download_missing_or_unavailable", "data_use_note": "Fallback simulated point. Replace with real emergency resource GeoJSON if available."}, "geometry": {"type": "Point", "coordinates": [-118.176516, 34.071737]}}, {"type": "Feature", "properties": {"OBJECTID": 15, "NAME": "Fallback Fire/EMS Station 015", "FACILITY_NAME": "Fallback Fire/EMS Station 015", "CATEGORY": "Fire / EMS Station", "ADDRESS": "6324 Example Ave", "CITY": "Torrance", "STATE": "CA", "COUNTY": "Los Angeles", "ZIP": "92712", "LATITUDE": 33.707826, "LONGITUDE": -118.589963, "resource_type": "fire_ems", "source_status": "simulated_fallback_due_download_missing_or_unavailable", "data_use_note": "Fallback simulated point. Replace with real emergency resource GeoJSON if available."}, "geometry": {"type": "Point", "coordinates": [-118.589963, 33.707826]}}, {"type": "Feature", "properties": {"OBJECTID": 16, "NAME": "Fallback Fire/EMS Station 016", "FACILITY_NAME": "Fallback Fire/EMS Station 016", "CATEGORY": "Fire / EMS Station", "ADDRESS": "2803 Example Ave", "CITY": "Glendale", "STATE": "CA", "COUNTY": "Los Angeles", "ZIP": "90381", "LATITUDE": 34.495456, "LONGITUDE": -118.252508, "resource_type": "fire_ems", "source_status": "simulated_fallback_due_download_missing_or_unavailable", "data_use_note": "Fallback simulated point. Replace with real emergency resource GeoJSON if available."}, "geometry": {"type": "Point", "coordinates": [-118.252508, 34.495456]}}, {"type": "Feature", "properties": {"OBJECTID": 17, "NAME": "Fallback Fire/EMS Station 017", "FACILITY_NAME": "Fallback Fire/EMS Station 017", "CATEGORY": "Fire / EMS Station", "ADDRESS": "3007 Example Ave", "CITY": "Long Beach", "STATE": "CA", "COUNTY": "Los Angeles", "ZIP": "92767", "LATITUDE": 34.00836, "LONGITUDE": -118.016205, "resource_type": "fire_ems", "source_status": "simulated_fallback_due_download_missing_or_unavailable", "data_use_note": "Fallback simulated point. Replace with real emergency resource GeoJSON if available."}, "geometry": {"type": "Point", "coordinates": [-118.016205, 34.00836]}}, {"type": "Feature", "properties": {"OBJECTID": 18, "NAME": "Fallback Fire/EMS Station 018", "FACILITY_NAME": "Fallback Fire/EMS Station 018", "CATEGORY": "Fire / EMS Station", "ADDRESS": "4022 Example Ave", "CITY": "Glendale", "STATE": "CA", "COUNTY": "Los Angeles", "ZIP": "91766", "LATITUDE": 34.322696, "LONGITUDE": -117.92444, "resource_type": "fire_ems", "source_status": "simulated_fallback_due_download_missing_or_unavailable", "data_use_note": "Fallback simulated point. Replace with real emergency resource GeoJSON if available."}, "geometry": {"type": "Point", "coordinates": [-117.92444, 34.322696]}}, {"type": "Feature", "properties": {"OBJECTID": 19, "NAME": "Fallback Fire/EMS Station 019", "FACILITY_NAME": "Fallback Fire/EMS Station 019", "CATEGORY": "Fire / EMS Station", "ADDRESS": "9437 Example Ave", "CITY": "Whittier", "STATE": "CA", "COUNTY": "Los Angeles", "ZIP": "93130", "LATITUDE": 34.358978, "LONGITUDE": -118.708772, "resource_type": "fire_ems", "source_status": "simulated_fallback_due_download_missing_or_unavailable", "data_use_note": "Fallback simulated point. Replace with real emergency resource GeoJSON if available."}, "geometry": {"type": "Point", "coordinates": [-118.708772, 34.358978]}}, {"type": "Feature", "properties": {"OBJECTID": 20, "NAME": "Fallback Fire/EMS Station 020", "FACILITY_NAME": "Fallback Fire/EMS Station 020", "CATEGORY": "Fire / EMS Station", "ADDRESS": "3390 Example Ave", "CITY": "Lancaster", "STATE": "CA", "COUNTY": "Los Angeles", "ZIP": "90761", "LATITUDE": 34.062479, "LONGITUDE": -117.854217, "resource_type": "fire_ems", "source_status": "simulated_fallback_due_download_missing_or_unavailable", "data_use_note": "Fallback simulated point. Replace with real emergency resource GeoJSON if available."}, "geometry": {"type": "Point", "coordinates": [-117.854217, 34.062479]}}, {"type": "Feature", "properties": {"OBJECTID": 21, "NAME": "Fallback Fire/EMS Station 021", "FACILITY_NAME": "Fallback Fire/EMS Station 021", "CATEGORY": "Fire / EMS Station", "ADDRESS": "8528 Example Ave", "CITY": "Lancaster", "STATE": "CA", "COUNTY": "Los Angeles", "ZIP": "90269", "LATITUDE": 34.239054, "LONGITUDE": -118.637724, "resource_type": "fire_ems", "source_status": "simulated_fallback_due_download_missing_or_unavailable", "data_use_note": "Fallback simulated point. Replace with real emergency resource GeoJSON if available."}, "geometry": {"type": "Point", "coordinates": [-118.637724, 34.239054]}}, {"type": "Feature", "properties": {"OBJECTID": 22, "NAME": "Fallback Fire/EMS Station 022", "FACILITY_NAME": "Fallback Fire/EMS Station 022", "CATEGORY": "Fire / EMS Station", "ADDRESS": "7692 Example Ave", "CITY": "Burbank", "STATE": "CA", "COUNTY": "Los Angeles", "ZIP": "92701", "LATITUDE": 34.397597, "LONGITUDE": -118.584797, "resource_type": "fire_ems", "source_status": "simulated_fallback_due_download_missing_or_unavailable", "data_use_note": "Fallback simulated point. Replace with real emergency resource GeoJSON if available."}, "geometry": {"type": "Point", "coordinates": [-118.584797, 34.397597]}}, {"type": "Feature", "properties": {"OBJECTID": 23, "NAME": "Fallback Fire/EMS Station 023", "FACILITY_NAME": "Fallback Fire/EMS Station 023", "CATEGORY": "Fire / EMS Station", "ADDRESS": "5299 Example Ave", "CITY": "Lancaster", "STATE": "CA", "COUNTY": "Los Angeles", "ZIP": "91780", "LATITUDE": 34.02319, "LONGITUDE": -118.663521, "resource_type": "fire_ems", "source_status": "simulated_fallback_due_download_missing_or_unavailable", "data_use_note": "Fallback simulated point. Replace with real emergency resource GeoJSON if available."}, "geometry": {"type": "Point", "coordinates": [-118.663521, 34.02319]}}, {"type": "Feature", "properties": {"OBJECTID": 24, "NAME": "Fallback Fire/EMS Station 024", "FACILITY_NAME": "Fallback Fire/EMS Station 024", "CATEGORY": "Fire / EMS Station", "ADDRESS": "4572 Example Ave", "CITY": "Santa Monica", "STATE": "CA", "COUNTY": "Los Angeles", "ZIP": "91091", "LATITUDE": 34.027298, "LONGITUDE": -118.280929, "resource_type": "fire_ems", "source_status": "simulated_fallback_due_download_missing_or_unavailable", "data_use_note": "Fallback simulated point. Replace with real emergency resource GeoJSON if available."}, "geometry": {"type": "Point", "coordinates": [-118.280929, 34.027298]}}, {"type": "Feature", "properties": {"OBJECTID": 25, "NAME": "Fallback Fire/EMS Station 025", "FACILITY_NAME": "Fallback Fire/EMS Station 025", "CATEGORY": "Fire / EMS Station", "ADDRESS": "800 Example Ave", "CITY": "Santa Monica", "STATE": "CA", "COUNTY": "Los Angeles", "ZIP": "91468", "LATITUDE": 34.272878, "LONGITUDE": -118.320239, "resource_type": "fire_ems", "source_status": "simulated_fallback_due_download_missing_or_unavailable", "data_use_note": "Fallback simulated point. Replace with real emergency resource GeoJSON if available."}, "geometry": {"type": "Point", "coordinates": [-118.320239, 34.272878]}}, {"type": "Feature", "properties": {"OBJECTID": 26, "NAME": "Fallback Fire/EMS Station 026", "FACILITY_NAME": "Fallback Fire/EMS Station 026", "CATEGORY": "Fire / EMS Station", "ADDRESS": "6423 Example Ave", "CITY": "Los Angeles", "STATE": "CA", "COUNTY": "Los Angeles", "ZIP": "91050", "LATITUDE": 34.265067, "LONGITUDE": -118.081175, "resource_type": "fire_ems", "source_status": "simulated_fallback_due_download_missing_or_unavailable", "data_use_note": "Fallback simulated point. Replace with real emergency resource GeoJSON if available."}, "geometry": {"type": "Point", "coordinates": [-118.081175, 34.265067]}}, {"type": "Feature", "properties": {"OBJECTID": 27, "NAME": "Fallback Fire/EMS Station 027", "FACILITY_NAME": "Fallback Fire/EMS Station 027", "CATEGORY": "Fire / EMS Station", "ADDRESS": "2236 Example Ave", "CITY": "Pasadena", "STATE": "CA", "COUNTY": "Los Angeles", "ZIP": "93370", "LATITUDE": 33.896098, "LONGITUDE": -118.020677, "resource_type": "fire_ems", "source_status": "simulated_fallback_due_download_missing_or_unavailable", "data_use_note": "Fallback simulated point. Replace with real emergency resource GeoJSON if available."}, "geometry": {"type": "Point", "coordinates": [-118.020677, 33.896098]}}, {"type": "Feature", "properties": {"OBJECTID": 28, "NAME": "Fallback Fire/EMS Station 028", "FACILITY_NAME": "Fallback Fire/EMS Station 028", "CATEGORY": "Fire / EMS Station", "ADDRESS": "782 Example Ave", "CITY": "Pomona", "STATE": "CA", "COUNTY": "Los Angeles", "ZIP": "90066", "LATITUDE": 33.79273, "LONGITUDE": -118.625839, "resource_type": "fire_ems", "source_status": "simulated_fallback_due_download_missing_or_unavailable", "data_use_note": "Fallback simulated point. Replace with real emergency resource GeoJSON if available."}, "geometry": {"type": "Point", "coordinates": [-118.625839, 33.79273]}}, {"type": "Feature", "properties": {"OBJECTID": 29, "NAME": "Fallback Fire/EMS Station 029", "FACILITY_NAME": "Fallback Fire/EMS Station 029", "CATEGORY": "Fire / EMS Station", "ADDRESS": "5626 Example Ave", "CITY": "Los Angeles", "STATE": "CA", "COUNTY": "Los Angeles", "ZIP": "90017", "LATITUDE": 33.853922, "LONGITUDE": -118.688155, "resource_type": "fire_ems", "source_status": "simulated_fallback_due_download_missing_or_unavailable", "data_use_note": "Fallback simulated point. Replace with real emergency resource GeoJSON if available."}, "geometry": {"type": "Point", "coordinates": [-118.688155, 33.853922]}}, {"type": "Feature", "properties": {"OBJECTID": 30, "NAME": "Fallback Fire/EMS Station 030", "FACILITY_NAME": "Fallback Fire/EMS Station 030", "CATEGORY": "Fire / EMS Station", "ADDRESS": "5776 Example Ave", "CITY": "Long Beach", "STATE": "CA", "COUNTY": "Los Angeles", "ZIP": "92778", "LATITUDE": 34.480943, "LONGITUDE": -117.96929, "resource_type": "fire_ems", "source_status": "simulated_fallback_due_download_missing_or_unavailable", "data_use_note": "Fallback simulated point. Replace with real emergency resource GeoJSON if available."}, "geometry": {"type": "Point", "coordinates": [-117.96929, 34.480943]}}, {"type": "Feature", "properties": {"OBJECTID": 31, "NAME": "Fallback Fire/EMS Station 031", "FACILITY_NAME": "Fallback Fire/EMS Station 031", "CATEGORY": "Fire / EMS Station", "ADDRESS": "2965 Example Ave", "CITY": "Whittier", "STATE": "CA", "COUNTY": "Los Angeles", "ZIP": "90950", "LATITUDE": 34.549839, "LONGITUDE": -118.253178, "resource_type": "fire_ems", "source_status": "simulated_fallback_due_download_missing_or_unavailable", "data_use_note": "Fallback simulated point. Replace with real emergency resource GeoJSON if available."}, "geometry": {"type": "Point", "coordinates": [-118.253178, 34.549839]}}, {"type": "Feature", "properties": {"OBJECTID": 32, "NAME": "Fallback Fire/EMS Station 032", "FACILITY_NAME": "Fallback Fire/EMS Station 032", "CATEGORY": "Fire / EMS Station", "ADDRESS": "5133 Example Ave", "CITY": "Los Angeles", "STATE": "CA", "COUNTY": "Los Angeles", "ZIP": "92982", "LATITUDE": 34.450092, "LONGITUDE": -117.897187, "resource_type": "fire_ems", "source_status": "simulated_fallback_due_download_missing_or_unavailable", "data_use_note": "Fallback simulated point. Replace with real emergency resource GeoJSON if available."}, "geometry": {"type": "Point", "coordinates": [-117.897187, 34.450092]}}, {"type": "Feature", "properties": {"OBJECTID": 33, "NAME": "Fallback Fire/EMS Station 033", "FACILITY_NAME": "Fallback Fire/EMS Station 033", "CATEGORY": "Fire / EMS Station", "ADDRESS": "2895 Example Ave", "CITY": "Pomona", "STATE": "CA", "COUNTY": "Los Angeles", "ZIP": "90101", "LATITUDE": 34.424826, "LONGITUDE": -118.524991, "resource_type": "fire_ems", "source_status": "simulated_fallback_due_download_missing_or_unavailable", "data_use_note": "Fallback simulated point. Replace with real emergency resource GeoJSON if available."}, "geometry": {"type": "Point", "coordinates": [-118.524991, 34.424826]}}, {"type": "Feature", "properties": {"OBJECTID": 34, "NAME": "Fallback Fire/EMS Station 034", "FACILITY_NAME": "Fallback Fire/EMS Station 034", "CATEGORY": "Fire / EMS Station", "ADDRESS": "4994 Example Ave", "CITY": "Los Angeles", "STATE": "CA", "COUNTY": "Los Angeles", "ZIP": "91783", "LATITUDE": 34.28878, "LONGITUDE": -117.974187, "resource_type": "fire_ems", "source_status": "simulated_fallback_due_download_missing_or_unavailable", "data_use_note": "Fallback simulated point. Replace with real emergency resource GeoJSON if available."}, "geometry": {"type": "Point", "coordinates": [-117.974187, 34.28878]}}, {"type": "Feature", "properties": {"OBJECTID": 35, "NAME": "Fallback Fire/EMS Station 035", "FACILITY_NAME": "Fallback Fire/EMS Station 035", "CATEGORY": "Fire / EMS Station", "ADDRESS": "4723 Example Ave", "CITY": "Long Beach", "STATE": "CA", "COUNTY": "Los Angeles", "ZIP": "92639", "LATITUDE": 34.260169, "LONGITUDE": -117.782226, "resource_type": "fire_ems", "source_status": "simulated_fallback_due_download_missing_or_unavailable", "data_use_note": "Fallback simulated point. Replace with real emergency resource GeoJSON if available."}, "geometry": {"type": "Point", "coordinates": [-117.782226, 34.260169]}}, {"type": "Feature", "properties": {"OBJECTID": 36, "NAME": "Fallback Fire/EMS Station 036", "FACILITY_NAME": "Fallback Fire/EMS Station 036", "CATEGORY": "Fire / EMS Station", "ADDRESS": "2442 Example Ave", "CITY": "Lancaster", "STATE": "CA", "COUNTY": "Los Angeles", "ZIP": "93156", "LATITUDE": 34.274241, "LONGITUDE": -118.309928, "resource_type": "fire_ems", "source_status": "simulated_fallback_due_download_missing_or_unavailable", "data_use_note": "Fallback simulated point. Replace with real emergency resource GeoJSON if available."}, "geometry": {"type": "Point", "coordinates": [-118.309928, 34.274241]}}, {"type": "Feature", "properties": {"OBJECTID": 37, "NAME": "Fallback Fire/EMS Station 037", "FACILITY_NAME": "Fallback Fire/EMS Station 037", "CATEGORY": "Fire / EMS Station", "ADDRESS": "9903 Example Ave", "CITY": "Glendale", "STATE": "CA", "COUNTY": "Los Angeles", "ZIP": "91423", "LATITUDE": 34.114424, "LONGITUDE": -118.333871, "resource_type": "fire_ems", "source_status": "simulated_fallback_due_download_missing_or_unavailable", "data_use_note": "Fallback simulated point. Replace with real emergency resource GeoJSON if available."}, "geometry": {"type": "Point", "coordinates": [-118.333871, 34.114424]}}, {"type": "Feature", "properties": {"OBJECTID": 38, "NAME": "Fallback Fire/EMS Station 038", "FACILITY_NAME": "Fallback Fire/EMS Station 038", "CATEGORY": "Fire / EMS Station", "ADDRESS": "8646 Example Ave", "CITY": "Lancaster", "STATE": "CA", "COUNTY": "Los Angeles", "ZIP": "92078", "LATITUDE": 33.708846, "LONGITUDE": -118.360613, "resource_type": "fire_ems", "source_status": "simulated_fallback_due_download_missing_or_unavailable", "data_use_note": "Fallback simulated point. Replace with real emergency resource GeoJSON if available."}, "geometry": {"type": "Point", "coordinates": [-118.360613, 33.708846]}}, {"type": "Feature", "properties": {"OBJECTID": 39, "NAME": "Fallback Fire/EMS Station 039", "FACILITY_NAME": "Fallback Fire/EMS Station 039", "CATEGORY": "Fire / EMS Station", "ADDRESS": "1861 Example Ave", "CITY": "Los Angeles", "STATE": "CA", "COUNTY": "Los Angeles", "ZIP": "93353", "LATITUDE": 34.221361, "LONGITUDE": -117.932621, "resource_type": "fire_ems", "source_status": "simulated_fallback_due_download_missing_or_unavailable", "data_use_note": "Fallback simulated point. Replace with real emergency resource GeoJSON if available."}, "geometry": {"type": "Point", "coordinates": [-117.932621, 34.221361]}}, {"type": "Feature", "properties": {"OBJECTID": 40, "NAME": "Fallback Fire/EMS Station 040", "FACILITY_NAME": "Fallback Fire/EMS Station 040", "CATEGORY": "Fire / EMS Station", "ADDRESS": "2178 Example Ave", "CITY": "Pasadena", "STATE": "CA", "COUNTY": "Los Angeles", "ZIP": "91854", "LATITUDE": 34.534414, "LONGITUDE": -118.626555, "resource_type": "fire_ems", "source_status": "simulated_fallback_due_download_missing_or_unavailable", "data_use_note": "Fallback simulated point. Replace with real emergency resource GeoJSON if available."}, "geometry": {"type": "Point", "coordinates": [-118.626555, 34.534414]}}, {"type": "Feature", "properties": {"OBJECTID": 41, "NAME": "Fallback Fire/EMS Station 041", "FACILITY_NAME": "Fallback Fire/EMS Station 041", "CATEGORY": "Fire / EMS Station", "ADDRESS": "7120 Example Ave", "CITY": "Los Angeles", "STATE": "CA", "COUNTY": "Los Angeles", "ZIP": "90429", "LATITUDE": 34.440776, "LONGITUDE": -117.810789, "resource_type": "fire_ems", "source_status": "simulated_fallback_due_download_missing_or_unavailable", "data_use_note": "Fallback simulated point. Replace with real emergency resource GeoJSON if available."}, "geometry": {"type": "Point", "coordinates": [-117.810789, 34.440776]}}, {"type": "Feature", "properties": {"OBJECTID": 42, "NAME": "Fallback Fire/EMS Station 042", "FACILITY_NAME": "Fallback Fire/EMS Station 042", "CATEGORY": "Fire / EMS Station", "ADDRESS": "2440 Example Ave", "CITY": "Pasadena", "STATE": "CA", "COUNTY": "Los Angeles", "ZIP": "91506", "LATITUDE": 33.82391, "LONGITUDE": -117.935178, "resource_type": "fire_ems", "source_status": "simulated_fallback_due_download_missing_or_unavailable", "data_use_note": "Fallback simulated point. Replace with real emergency resource GeoJSON if available."}, "geometry": {"type": "Point", "coordinates": [-117.935178, 33.82391]}}, {"type": "Feature", "properties": {"OBJECTID": 43, "NAME": "Fallback Fire/EMS Station 043", "FACILITY_NAME": "Fallback Fire/EMS Station 043", "CATEGORY": "Fire / EMS Station", "ADDRESS": "1403 Example Ave", "CITY": "Torrance", "STATE": "CA", "COUNTY": "Los Angeles", "ZIP": "90866", "LATITUDE": 34.095897, "LONGITUDE": -118.586665, "resource_type": "fire_ems", "source_status": "simulated_fallback_due_download_missing_or_unavailable", "data_use_note": "Fallback simulated point. Replace with real emergency resource GeoJSON if available."}, "geometry": {"type": "Point", "coordinates": [-118.586665, 34.095897]}}, {"type": "Feature", "properties": {"OBJECTID": 44, "NAME": "Fallback Fire/EMS Station 044", "FACILITY_NAME": "Fallback Fire/EMS Station 044", "CATEGORY": "Fire / EMS Station", "ADDRESS": "7230 Example Ave", "CITY": "Pomona", "STATE": "CA", "COUNTY": "Los Angeles", "ZIP": "92483", "LATITUDE": 34.216485, "LONGITUDE": -118.390852, "resource_type": "fire_ems", "source_status": "simulated_fallback_due_download_missing_or_unavailable", "data_use_note": "Fallback simulated point. Replace with real emergency resource GeoJSON if available."}, "geometry": {"type": "Point", "coordinates": [-118.390852, 34.216485]}}, {"type": "Feature", "properties": {"OBJECTID": 45, "NAME": "Fallback Fire/EMS Station 045", "FACILITY_NAME": "Fallback Fire/EMS Station 045", "CATEGORY": "Fire / EMS Station", "ADDRESS": "3264 Example Ave", "CITY": "Burbank", "STATE": "CA", "COUNTY": "Los Angeles", "ZIP": "93072", "LATITUDE": 33.716264, "LONGITUDE": -118.30237, "resource_type": "fire_ems", "source_status": "simulated_fallback_due_download_missing_or_unavailable", "data_use_note": "Fallback simulated point. Replace with real emergency resource GeoJSON if available."}, "geometry": {"type": "Point", "coordinates": [-118.30237, 33.716264]}}, {"type": "Feature", "properties": {"OBJECTID": 46, "NAME": "Fallback Fire/EMS Station 046", "FACILITY_NAME": "Fallback Fire/EMS Station 046", "CATEGORY": "Fire / EMS Station", "ADDRESS": "9101 Example Ave", "CITY": "Pomona", "STATE": "CA", "COUNTY": "Los Angeles", "ZIP": "91252", "LATITUDE": 34.089745, "LONGITUDE": -118.052739, "resource_type": "fire_ems", "source_status": "simulated_fallback_due_download_missing_or_unavailable", "data_use_note": "Fallback simulated point. Replace with real emergency resource GeoJSON if available."}, "geometry": {"type": "Point", "coordinates": [-118.052739, 34.089745]}}, {"type": "Feature", "properties": {"OBJECTID": 47, "NAME": "Fallback Fire/EMS Station 047", "FACILITY_NAME": "Fallback Fire/EMS Station 047", "CATEGORY": "Fire / EMS Station", "ADDRESS": "9625 Example Ave", "CITY": "Whittier", "STATE": "CA", "COUNTY": "Los Angeles", "ZIP": "92266", "LATITUDE": 34.360554, "LONGITUDE": -118.255478, "resource_type": "fire_ems", "source_status": "simulated_fallback_due_download_missing_or_unavailable", "data_use_note": "Fallback simulated point. Replace with real emergency resource GeoJSON if available."}, "geometry": {"type": "Point", "coordinates": [-118.255478, 34.360554]}}, {"type": "Feature", "properties": {"OBJECTID": 48, "NAME": "Fallback Fire/EMS Station 048", "FACILITY_NAME": "Fallback Fire/EMS Station 048", "CATEGORY": "Fire / EMS Station", "ADDRESS": "8423 Example Ave", "CITY": "Pomona", "STATE": "CA", "COUNTY": "Los Angeles", "ZIP": "90452", "LATITUDE": 34.276142, "LONGITUDE": -118.436375, "resource_type": "fire_ems", "source_status": "simulated_fallback_due_download_missing_or_unavailable", "data_use_note": "Fallback simulated point. Replace with real emergency resource GeoJSON if available."}, "geometry": {"type": "Point", "coordinates": [-118.436375, 34.276142]}}, {"type": "Feature", "properties": {"OBJECTID": 49, "NAME": "Fallback Fire/EMS Station 049", "FACILITY_NAME": "Fallback Fire/EMS Station 049", "CATEGORY": "Fire / EMS Station", "ADDRESS": "4421 Example Ave", "CITY": "Pasadena", "STATE": "CA", "COUNTY": "Los Angeles", "ZIP": "91778", "LATITUDE": 34.388396, "LONGITUDE": -118.431908, "resource_type": "fire_ems", "source_status": "simulated_fallback_due_download_missing_or_unavailable", "data_use_note": "Fallback simulated point. Replace with real emergency resource GeoJSON if available."}, "geometry": {"type": "Point", "coordinates": [-118.431908, 34.388396]}}, {"type": "Feature", "properties": {"OBJECTID": 50, "NAME": "Fallback Fire/EMS Station 050", "FACILITY_NAME": "Fallback Fire/EMS Station 050", "CATEGORY": "Fire / EMS Station", "ADDRESS": "1626 Example Ave", "CITY": "Santa Monica", "STATE": "CA", "COUNTY": "Los Angeles", "ZIP": "93386", "LATITUDE": 33.743449, "LONGITUDE": -118.671195, "resource_type": "fire_ems", "source_status": "simulated_fallback_due_download_missing_or_unavailable", "data_use_note": "Fallback simulated point. Replace with real emergency resource GeoJSON if available."}, "geometry": {"type": "Point", "coordinates": [-118.671195, 33.743449]}}, {"type": "Feature", "properties": {"OBJECTID": 51, "NAME": "Fallback Fire/EMS Station 051", "FACILITY_NAME": "Fallback Fire/EMS Station 051", "CATEGORY": "Fire / EMS Station", "ADDRESS": "6957 Example Ave", "CITY": "Torrance", "STATE": "CA", "COUNTY": "Los Angeles", "ZIP": "92839", "LATITUDE": 33.814079, "LONGITUDE": -117.974596, "resource_type": "fire_ems", "source_status": "simulated_fallback_due_download_missing_or_unavailable", "data_use_note": "Fallback simulated point. Replace with real emergency resource GeoJSON if available."}, "geometry": {"type": "Point", "coordinates": [-117.974596, 33.814079]}}, {"type": "Feature", "properties": {"OBJECTID": 52, "NAME": "Fallback Fire/EMS Station 052", "FACILITY_NAME": "Fallback Fire/EMS Station 052", "CATEGORY": "Fire / EMS Station", "ADDRESS": "2426 Example Ave", "CITY": "Glendale", "STATE": "CA", "COUNTY": "Los Angeles", "ZIP": "92328", "LATITUDE": 34.320891, "LONGITUDE": -118.402455, "resource_type": "fire_ems", "source_status": "simulated_fallback_due_download_missing_or_unavailable", "data_use_note": "Fallback simulated point. Replace with real emergency resource GeoJSON if available."}, "geometry": {"type": "Point", "coordinates": [-118.402455, 34.320891]}}, {"type": "Feature", "properties": {"OBJECTID": 53, "NAME": "Fallback Fire/EMS Station 053", "FACILITY_NAME": "Fallback Fire/EMS Station 053", "CATEGORY": "Fire / EMS Station", "ADDRESS": "4977 Example Ave", "CITY": "Pasadena", "STATE": "CA", "COUNTY": "Los Angeles", "ZIP": "92852", "LATITUDE": 34.465962, "LONGITUDE": -117.783245, "resource_type": "fire_ems", "source_status": "simulated_fallback_due_download_missing_or_unavailable", "data_use_note": "Fallback simulated point. Replace with real emergency resource GeoJSON if available."}, "geometry": {"type": "Point", "coordinates": [-117.783245, 34.465962]}}, {"type": "Feature", "properties": {"OBJECTID": 54, "NAME": "Fallback Fire/EMS Station 054", "FACILITY_NAME": "Fallback Fire/EMS Station 054", "CATEGORY": "Fire / EMS Station", "ADDRESS": "8651 Example Ave", "CITY": "Whittier", "STATE": "CA", "COUNTY": "Los Angeles", "ZIP": "92278", "LATITUDE": 34.005142, "LONGITUDE": -118.071671, "resource_type": "fire_ems", "source_status": "simulated_fallback_due_download_missing_or_unavailable", "data_use_note": "Fallback simulated point. Replace with real emergency resource GeoJSON if available."}, "geometry": {"type": "Point", "coordinates": [-118.071671, 34.005142]}}, {"type": "Feature", "properties": {"OBJECTID": 55, "NAME": "Fallback Fire/EMS Station 055", "FACILITY_NAME": "Fallback Fire/EMS Station 055", "CATEGORY": "Fire / EMS Station", "ADDRESS": "366 Example Ave", "CITY": "Santa Monica", "STATE": "CA", "COUNTY": "Los Angeles", "ZIP": "92809", "LATITUDE": 33.930754, "LONGITUDE": -118.359338, "resource_type": "fire_ems", "source_status": "simulated_fallback_due_download_missing_or_unavailable", "data_use_note": "Fallback simulated point. Replace with real emergency resource GeoJSON if available."}, "geometry": {"type": "Point", "coordinates": [-118.359338, 33.930754]}}, {"type": "Feature", "properties": {"OBJECTID": 56, "NAME": "Fallback Fire/EMS Station 056", "FACILITY_NAME": "Fallback Fire/EMS Station 056", "CATEGORY": "Fire / EMS Station", "ADDRESS": "2532 Example Ave", "CITY": "Burbank", "STATE": "CA", "COUNTY": "Los Angeles", "ZIP": "91730", "LATITUDE": 34.363386, "LONGITUDE": -118.300906, "resource_type": "fire_ems", "source_status": "simulated_fallback_due_download_missing_or_unavailable", "data_use_note": "Fallback simulated point. Replace with real emergency resource GeoJSON if available."}, "geometry": {"type": "Point", "coordinates": [-118.300906, 34.363386]}}, {"type": "Feature", "properties": {"OBJECTID": 57, "NAME": "Fallback Fire/EMS Station 057", "FACILITY_NAME": "Fallback Fire/EMS Station 057", "CATEGORY": "Fire / EMS Station", "ADDRESS": "1871 Example Ave", "CITY": "Burbank", "STATE": "CA", "COUNTY": "Los Angeles", "ZIP": "93208", "LATITUDE": 33.964797, "LONGITUDE": -117.861104, "resource_type": "fire_ems", "source_status": "simulated_fallback_due_download_missing_or_unavailable", "data_use_note": "Fallback simulated point. Replace with real emergency resource GeoJSON if available."}, "geometry": {"type": "Point", "coordinates": [-117.861104, 33.964797]}}, {"type": "Feature", "properties": {"OBJECTID": 58, "NAME": "Fallback Fire/EMS Station 058", "FACILITY_NAME": "Fallback Fire/EMS Station 058", "CATEGORY": "Fire / EMS Station", "ADDRESS": "257 Example Ave", "CITY": "Santa Monica", "STATE": "CA", "COUNTY": "Los Angeles", "ZIP": "90887", "LATITUDE": 34.269249, "LONGITUDE": -118.304831, "resource_type": "fire_ems", "source_status": "simulated_fallback_due_download_missing_or_unavailable", "data_use_note": "Fallback simulated point. Replace with real emergency resource GeoJSON if available."}, "geometry": {"type": "Point", "coordinates": [-118.304831, 34.269249]}}, {"type": "Feature", "properties": {"OBJECTID": 59, "NAME": "Fallback Fire/EMS Station 059", "FACILITY_NAME": "Fallback Fire/EMS Station 059", "CATEGORY": "Fire / EMS Station", "ADDRESS": "2032 Example Ave", "CITY": "Pomona", "STATE": "CA", "COUNTY": "Los Angeles", "ZIP": "90867", "LATITUDE": 34.120313, "LONGITUDE": -117.793448, "resource_type": "fire_ems", "source_status": "simulated_fallback_due_download_missing_or_unavailable", "data_use_note": "Fallback simulated point. Replace with real emergency resource GeoJSON if available."}, "geometry": {"type": "Point", "coordinates": [-117.793448, 34.120313]}}, {"type": "Feature", "properties": {"OBJECTID": 60, "NAME": "Fallback Fire/EMS Station 060", "FACILITY_NAME": "Fallback Fire/EMS Station 060", "CATEGORY": "Fire / EMS Station", "ADDRESS": "8001 Example Ave", "CITY": "Lancaster", "STATE": "CA", "COUNTY": "Los Angeles", "ZIP": "90476", "LATITUDE": 34.417656, "LONGITUDE": -117.935995, "resource_type": "fire_ems", "source_status": "simulated_fallback_due_download_missing_or_unavailable", "data_use_note": "Fallback simulated point. Replace with real emergency resource GeoJSON if available."}, "geometry": {"type": "Point", "coordinates": [-117.935995, 34.417656]}}, {"type": "Feature", "properties": {"OBJECTID": 61, "NAME": "Fallback Fire/EMS Station 061", "FACILITY_NAME": "Fallback Fire/EMS Station 061", "CATEGORY": "Fire / EMS Station", "ADDRESS": "3127 Example Ave", "CITY": "Glendale", "STATE": "CA", "COUNTY": "Los Angeles", "ZIP": "90131", "LATITUDE": 33.815414, "LONGITUDE": -118.178546, "resource_type": "fire_ems", "source_status": "simulated_fallback_due_download_missing_or_unavailable", "data_use_note": "Fallback simulated point. Replace with real emergency resource GeoJSON if available."}, "geometry": {"type": "Point", "coordinates": [-118.178546, 33.815414]}}, {"type": "Feature", "properties": {"OBJECTID": 62, "NAME": "Fallback Fire/EMS Station 062", "FACILITY_NAME": "Fallback Fire/EMS Station 062", "CATEGORY": "Fire / EMS Station", "ADDRESS": "1752 Example Ave", "CITY": "Pomona", "STATE": "CA", "COUNTY": "Los Angeles", "ZIP": "92573", "LATITUDE": 34.48257, "LONGITUDE": -118.404945, "resource_type": "fire_ems", "source_status": "simulated_fallback_due_download_missing_or_unavailable", "data_use_note": "Fallback simulated point. Replace with real emergency resource GeoJSON if available."}, "geometry": {"type": "Point", "coordinates": [-118.404945, 34.48257]}}, {"type": "Feature", "properties": {"OBJECTID": 63, "NAME": "Fallback Fire/EMS Station 063", "FACILITY_NAME": "Fallback Fire/EMS Station 063", "CATEGORY": "Fire / EMS Station", "ADDRESS": "4316 Example Ave", "CITY": "Los Angeles", "STATE": "CA", "COUNTY": "Los Angeles", "ZIP": "92490", "LATITUDE": 34.504146, "LONGITUDE": -118.29133, "resource_type": "fire_ems", "source_status": "simulated_fallback_due_download_missing_or_unavailable", "data_use_note": "Fallback simulated point. Replace with real emergency resource GeoJSON if available."}, "geometry": {"type": "Point", "coordinates": [-118.29133, 34.504146]}}, {"type": "Feature", "properties": {"OBJECTID": 64, "NAME": "Fallback Fire/EMS Station 064", "FACILITY_NAME": "Fallback Fire/EMS Station 064", "CATEGORY": "Fire / EMS Station", "ADDRESS": "8426 Example Ave", "CITY": "Los Angeles", "STATE": "CA", "COUNTY": "Los Angeles", "ZIP": "91514", "LATITUDE": 34.120892, "LONGITUDE": -117.827631, "resource_type": "fire_ems", "source_status": "simulated_fallback_due_download_missing_or_unavailable", "data_use_note": "Fallback simulated point. Replace with real emergency resource GeoJSON if available."}, "geometry": {"type": "Point", "coordinates": [-117.827631, 34.120892]}}, {"type": "Feature", "properties": {"OBJECTID": 65, "NAME": "Fallback Fire/EMS Station 065", "FACILITY_NAME": "Fallback Fire/EMS Station 065", "CATEGORY": "Fire / EMS Station", "ADDRESS": "2806 Example Ave", "CITY": "Glendale", "STATE": "CA", "COUNTY": "Los Angeles", "ZIP": "92126", "LATITUDE": 34.22794, "LONGITUDE": -118.548794, "resource_type": "fire_ems", "source_status": "simulated_fallback_due_download_missing_or_unavailable", "data_use_note": "Fallback simulated point. Replace with real emergency resource GeoJSON if available."}, "geometry": {"type": "Point", "coordinates": [-118.548794, 34.22794]}}, {"type": "Feature", "properties": {"OBJECTID": 66, "NAME": "Fallback Fire/EMS Station 066", "FACILITY_NAME": "Fallback Fire/EMS Station 066", "CATEGORY": "Fire / EMS Station", "ADDRESS": "4346 Example Ave", "CITY": "Glendale", "STATE": "CA", "COUNTY": "Los Angeles", "ZIP": "91600", "LATITUDE": 34.418185, "LONGITUDE": -118.584921, "resource_type": "fire_ems", "source_status": "simulated_fallback_due_download_missing_or_unavailable", "data_use_note": "Fallback simulated point. Replace with real emergency resource GeoJSON if available."}, "geometry": {"type": "Point", "coordinates": [-118.584921, 34.418185]}}, {"type": "Feature", "properties": {"OBJECTID": 67, "NAME": "Fallback Fire/EMS Station 067", "FACILITY_NAME": "Fallback Fire/EMS Station 067", "CATEGORY": "Fire / EMS Station", "ADDRESS": "1405 Example Ave", "CITY": "Pasadena", "STATE": "CA", "COUNTY": "Los Angeles", "ZIP": "92114", "LATITUDE": 34.097315, "LONGITUDE": -118.325237, "resource_type": "fire_ems", "source_status": "simulated_fallback_due_download_missing_or_unavailable", "data_use_note": "Fallback simulated point. Replace with real emergency resource GeoJSON if available."}, "geometry": {"type": "Point", "coordinates": [-118.325237, 34.097315]}}, {"type": "Feature", "properties": {"OBJECTID": 68, "NAME": "Fallback Fire/EMS Station 068", "FACILITY_NAME": "Fallback Fire/EMS Station 068", "CATEGORY": "Fire / EMS Station", "ADDRESS": "248 Example Ave", "CITY": "Los Angeles", "STATE": "CA", "COUNTY": "Los Angeles", "ZIP": "90470", "LATITUDE": 33.7574, "LONGITUDE": -118.162736, "resource_type": "fire_ems", "source_status": "simulated_fallback_due_download_missing_or_unavailable", "data_use_note": "Fallback simulated point. Replace with real emergency resource GeoJSON if available."}, "geometry": {"type": "Point", "coordinates": [-118.162736, 33.7574]}}, {"type": "Feature", "properties": {"OBJECTID": 69, "NAME": "Fallback Fire/EMS Station 069", "FACILITY_NAME": "Fallback Fire/EMS Station 069", "CATEGORY": "Fire / EMS Station", "ADDRESS": "6170 Example Ave", "CITY": "Burbank", "STATE": "CA", "COUNTY": "Los Angeles", "ZIP": "92323", "LATITUDE": 34.07704, "LONGITUDE": -118.371457, "resource_type": "fire_ems", "source_status": "simulated_fallback_due_download_missing_or_unavailable", "data_use_note": "Fallback simulated point. Replace with real emergency resource GeoJSON if available."}, "geometry": {"type": "Point", "coordinates": [-118.371457, 34.07704]}}, {"type": "Feature", "properties": {"OBJECTID": 70, "NAME": "Fallback Fire/EMS Station 070", "FACILITY_NAME": "Fallback Fire/EMS Station 070", "CATEGORY": "Fire / EMS Station", "ADDRESS": "9212 Example Ave", "CITY": "Burbank", "STATE": "CA", "COUNTY": "Los Angeles", "ZIP": "91780", "LATITUDE": 33.833821, "LONGITUDE": -118.469088, "resource_type": "fire_ems", "source_status": "simulated_fallback_due_download_missing_or_unavailable", "data_use_note": "Fallback simulated point. Replace with real emergency resource GeoJSON if available."}, "geometry": {"type": "Point", "coordinates": [-118.469088, 33.833821]}}, {"type": "Feature", "properties": {"OBJECTID": 71, "NAME": "Fallback Fire/EMS Station 071", "FACILITY_NAME": "Fallback Fire/EMS Station 071", "CATEGORY": "Fire / EMS Station", "ADDRESS": "2014 Example Ave", "CITY": "Long Beach", "STATE": "CA", "COUNTY": "Los Angeles", "ZIP": "90599", "LATITUDE": 33.70512, "LONGITUDE": -118.310974, "resource_type": "fire_ems", "source_status": "simulated_fallback_due_download_missing_or_unavailable", "data_use_note": "Fallback simulated point. Replace with real emergency resource GeoJSON if available."}, "geometry": {"type": "Point", "coordinates": [-118.310974, 33.70512]}}, {"type": "Feature", "properties": {"OBJECTID": 72, "NAME": "Fallback Fire/EMS Station 072", "FACILITY_NAME": "Fallback Fire/EMS Station 072", "CATEGORY": "Fire / EMS Station", "ADDRESS": "6364 Example Ave", "CITY": "Burbank", "STATE": "CA", "COUNTY": "Los Angeles", "ZIP": "90317", "LATITUDE": 34.425885, "LONGITUDE": -117.949297, "resource_type": "fire_ems", "source_status": "simulated_fallback_due_download_missing_or_unavailable", "data_use_note": "Fallback simulated point. Replace with real emergency resource GeoJSON if available."}, "geometry": {"type": "Point", "coordinates": [-117.949297, 34.425885]}}, {"type": "Feature", "properties": {"OBJECTID": 73, "NAME": "Fallback Fire/EMS Station 073", "FACILITY_NAME": "Fallback Fire/EMS Station 073", "CATEGORY": "Fire / EMS Station", "ADDRESS": "2882 Example Ave", "CITY": "Los Angeles", "STATE": "CA", "COUNTY": "Los Angeles", "ZIP": "93574", "LATITUDE": 34.102922, "LONGITUDE": -118.114179, "resource_type": "fire_ems", "source_status": "simulated_fallback_due_download_missing_or_unavailable", "data_use_note": "Fallback simulated point. Replace with real emergency resource GeoJSON if available."}, "geometry": {"type": "Point", "coordinates": [-118.114179, 34.102922]}}, {"type": "Feature", "properties": {"OBJECTID": 74, "NAME": "Fallback Fire/EMS Station 074", "FACILITY_NAME": "Fallback Fire/EMS Station 074", "CATEGORY": "Fire / EMS Station", "ADDRESS": "8032 Example Ave", "CITY": "Pasadena", "STATE": "CA", "COUNTY": "Los Angeles", "ZIP": "90736", "LATITUDE": 34.021918, "LONGITUDE": -117.91665, "resource_type": "fire_ems", "source_status": "simulated_fallback_due_download_missing_or_unavailable", "data_use_note": "Fallback simulated point. Replace with real emergency resource GeoJSON if available."}, "geometry": {"type": "Point", "coordinates": [-117.91665, 34.021918]}}, {"type": "Feature", "properties": {"OBJECTID": 75, "NAME": "Fallback Fire/EMS Station 075", "FACILITY_NAME": "Fallback Fire/EMS Station 075", "CATEGORY": "Fire / EMS Station", "ADDRESS": "2407 Example Ave", "CITY": "Glendale", "STATE": "CA", "COUNTY": "Los Angeles", "ZIP": "91962", "LATITUDE": 34.062142, "LONGITUDE": -117.992767, "resource_type": "fire_ems", "source_status": "simulated_fallback_due_download_missing_or_unavailable", "data_use_note": "Fallback simulated point. Replace with real emergency resource GeoJSON if available."}, "geometry": {"type": "Point", "coordinates": [-117.992767, 34.062142]}}, {"type": "Feature", "properties": {"OBJECTID": 76, "NAME": "Fallback Fire/EMS Station 076", "FACILITY_NAME": "Fallback Fire/EMS Station 076", "CATEGORY": "Fire / EMS Station", "ADDRESS": "5947 Example Ave", "CITY": "Los Angeles", "STATE": "CA", "COUNTY": "Los Angeles", "ZIP": "91323", "LATITUDE": 34.256065, "LONGITUDE": -118.370721, "resource_type": "fire_ems", "source_status": "simulated_fallback_due_download_missing_or_unavailable", "data_use_note": "Fallback simulated point. Replace with real emergency resource GeoJSON if available."}, "geometry": {"type": "Point", "coordinates": [-118.370721, 34.256065]}}, {"type": "Feature", "properties": {"OBJECTID": 77, "NAME": "Fallback Fire/EMS Station 077", "FACILITY_NAME": "Fallback Fire/EMS Station 077", "CATEGORY": "Fire / EMS Station", "ADDRESS": "3397 Example Ave", "CITY": "Long Beach", "STATE": "CA", "COUNTY": "Los Angeles", "ZIP": "92637", "LATITUDE": 33.98607, "LONGITUDE": -118.087807, "resource_type": "fire_ems", "source_status": "simulated_fallback_due_download_missing_or_unavailable", "data_use_note": "Fallback simulated point. Replace with real emergency resource GeoJSON if available."}, "geometry": {"type": "Point", "coordinates": [-118.087807, 33.98607]}}, {"type": "Feature", "properties": {"OBJECTID": 78, "NAME": "Fallback Fire/EMS Station 078", "FACILITY_NAME": "Fallback Fire/EMS Station 078", "CATEGORY": "Fire / EMS Station", "ADDRESS": "2235 Example Ave", "CITY": "Pomona", "STATE": "CA", "COUNTY": "Los Angeles", "ZIP": "90751", "LATITUDE": 34.097732, "LONGITUDE": -118.182074, "resource_type": "fire_ems", "source_status": "simulated_fallback_due_download_missing_or_unavailable", "data_use_note": "Fallback simulated point. Replace with real emergency resource GeoJSON if available."}, "geometry": {"type": "Point", "coordinates": [-118.182074, 34.097732]}}, {"type": "Feature", "properties": {"OBJECTID": 79, "NAME": "Fallback Fire/EMS Station 079", "FACILITY_NAME": "Fallback Fire/EMS Station 079", "CATEGORY": "Fire / EMS Station", "ADDRESS": "575 Example Ave", "CITY": "Santa Monica", "STATE": "CA", "COUNTY": "Los Angeles", "ZIP": "93010", "LATITUDE": 34.260602, "LONGITUDE": -118.375041, "resource_type": "fire_ems", "source_status": "simulated_fallback_due_download_missing_or_unavailable", "data_use_note": "Fallback simulated point. Replace with real emergency resource GeoJSON if available."}, "geometry": {"type": "Point", "coordinates": [-118.375041, 34.260602]}}, {"type": "Feature", "properties": {"OBJECTID": 80, "NAME": "Fallback Fire/EMS Station 080", "FACILITY_NAME": "Fallback Fire/EMS Station 080", "CATEGORY": "Fire / EMS Station", "ADDRESS": "4809 Example Ave", "CITY": "Lancaster", "STATE": "CA", "COUNTY": "Los Angeles", "ZIP": "91743", "LATITUDE": 34.465559, "LONGITUDE": -118.368581, "resource_type": "fire_ems", "source_status": "simulated_fallback_due_download_missing_or_unavailable", "data_use_note": "Fallback simulated point. Replace with real emergency resource GeoJSON if available."}, "geometry": {"type": "Point", "coordinates": [-118.368581, 34.465559]}}, {"type": "Feature", "properties": {"OBJECTID": 81, "NAME": "Fallback Fire/EMS Station 081", "FACILITY_NAME": "Fallback Fire/EMS Station 081", "CATEGORY": "Fire / EMS Station", "ADDRESS": "9722 Example Ave", "CITY": "Burbank", "STATE": "CA", "COUNTY": "Los Angeles", "ZIP": "90464", "LATITUDE": 34.300215, "LONGITUDE": -118.040496, "resource_type": "fire_ems", "source_status": "simulated_fallback_due_download_missing_or_unavailable", "data_use_note": "Fallback simulated point. Replace with real emergency resource GeoJSON if available."}, "geometry": {"type": "Point", "coordinates": [-118.040496, 34.300215]}}, {"type": "Feature", "properties": {"OBJECTID": 82, "NAME": "Fallback Fire/EMS Station 082", "FACILITY_NAME": "Fallback Fire/EMS Station 082", "CATEGORY": "Fire / EMS Station", "ADDRESS": "868 Example Ave", "CITY": "Whittier", "STATE": "CA", "COUNTY": "Los Angeles", "ZIP": "92335", "LATITUDE": 34.310689, "LONGITUDE": -118.401901, "resource_type": "fire_ems", "source_status": "simulated_fallback_due_download_missing_or_unavailable", "data_use_note": "Fallback simulated point. Replace with real emergency resource GeoJSON if available."}, "geometry": {"type": "Point", "coordinates": [-118.401901, 34.310689]}}, {"type": "Feature", "properties": {"OBJECTID": 83, "NAME": "Fallback Fire/EMS Station 083", "FACILITY_NAME": "Fallback Fire/EMS Station 083", "CATEGORY": "Fire / EMS Station", "ADDRESS": "7774 Example Ave", "CITY": "Pasadena", "STATE": "CA", "COUNTY": "Los Angeles", "ZIP": "90644", "LATITUDE": 33.871139, "LONGITUDE": -118.322709, "resource_type": "fire_ems", "source_status": "simulated_fallback_due_download_missing_or_unavailable", "data_use_note": "Fallback simulated point. Replace with real emergency resource GeoJSON if available."}, "geometry": {"type": "Point", "coordinates": [-118.322709, 33.871139]}}, {"type": "Feature", "properties": {"OBJECTID": 84, "NAME": "Fallback Fire/EMS Station 084", "FACILITY_NAME": "Fallback Fire/EMS Station 084", "CATEGORY": "Fire / EMS Station", "ADDRESS": "1418 Example Ave", "CITY": "Pasadena", "STATE": "CA", "COUNTY": "Los Angeles", "ZIP": "90704", "LATITUDE": 34.329586, "LONGITUDE": -118.401603, "resource_type": "fire_ems", "source_status": "simulated_fallback_due_download_missing_or_unavailable", "data_use_note": "Fallback simulated point. Replace with real emergency resource GeoJSON if available."}, "geometry": {"type": "Point", "coordinates": [-118.401603, 34.329586]}}, {"type": "Feature", "properties": {"OBJECTID": 85, "NAME": "Fallback Fire/EMS Station 085", "FACILITY_NAME": "Fallback Fire/EMS Station 085", "CATEGORY": "Fire / EMS Station", "ADDRESS": "1862 Example Ave", "CITY": "Los Angeles", "STATE": "CA", "COUNTY": "Los Angeles", "ZIP": "92841", "LATITUDE": 34.281629, "LONGITUDE": -118.334214, "resource_type": "fire_ems", "source_status": "simulated_fallback_due_download_missing_or_unavailable", "data_use_note": "Fallback simulated point. Replace with real emergency resource GeoJSON if available."}, "geometry": {"type": "Point", "coordinates": [-118.334214, 34.281629]}}, {"type": "Feature", "properties": {"OBJECTID": 86, "NAME": "Fallback Fire/EMS Station 086", "FACILITY_NAME": "Fallback Fire/EMS Station 086", "CATEGORY": "Fire / EMS Station", "ADDRESS": "2084 Example Ave", "CITY": "Los Angeles", "STATE": "CA", "COUNTY": "Los Angeles", "ZIP": "90435", "LATITUDE": 33.742108, "LONGITUDE": -118.526726, "resource_type": "fire_ems", "source_status": "simulated_fallback_due_download_missing_or_unavailable", "data_use_note": "Fallback simulated point. Replace with real emergency resource GeoJSON if available."}, "geometry": {"type": "Point", "coordinates": [-118.526726, 33.742108]}}, {"type": "Feature", "properties": {"OBJECTID": 87, "NAME": "Fallback Fire/EMS Station 087", "FACILITY_NAME": "Fallback Fire/EMS Station 087", "CATEGORY": "Fire / EMS Station", "ADDRESS": "6198 Example Ave", "CITY": "Pasadena", "STATE": "CA", "COUNTY": "Los Angeles", "ZIP": "90797", "LATITUDE": 33.803276, "LONGITUDE": -117.918986, "resource_type": "fire_ems", "source_status": "simulated_fallback_due_download_missing_or_unavailable", "data_use_note": "Fallback simulated point. Replace with real emergency resource GeoJSON if available."}, "geometry": {"type": "Point", "coordinates": [-117.918986, 33.803276]}}, {"type": "Feature", "properties": {"OBJECTID": 88, "NAME": "Fallback Fire/EMS Station 088", "FACILITY_NAME": "Fallback Fire/EMS Station 088", "CATEGORY": "Fire / EMS Station", "ADDRESS": "9125 Example Ave", "CITY": "Los Angeles", "STATE": "CA", "COUNTY": "Los Angeles", "ZIP": "92532", "LATITUDE": 34.404143, "LONGITUDE": -118.005441, "resource_type": "fire_ems", "source_status": "simulated_fallback_due_download_missing_or_unavailable", "data_use_note": "Fallback simulated point. Replace with real emergency resource GeoJSON if available."}, "geometry": {"type": "Point", "coordinates": [-118.005441, 34.404143]}}, {"type": "Feature", "properties": {"OBJECTID": 89, "NAME": "Fallback Fire/EMS Station 089", "FACILITY_NAME": "Fallback Fire/EMS Station 089", "CATEGORY": "Fire / EMS Station", "ADDRESS": "297 Example Ave", "CITY": "Burbank", "STATE": "CA", "COUNTY": "Los Angeles", "ZIP": "92220", "LATITUDE": 34.184279, "LONGITUDE": -118.326827, "resource_type": "fire_ems", "source_status": "simulated_fallback_due_download_missing_or_unavailable", "data_use_note": "Fallback simulated point. Replace with real emergency resource GeoJSON if available."}, "geometry": {"type": "Point", "coordinates": [-118.326827, 34.184279]}}, {"type": "Feature", "properties": {"OBJECTID": 90, "NAME": "Fallback Fire/EMS Station 090", "FACILITY_NAME": "Fallback Fire/EMS Station 090", "CATEGORY": "Fire / EMS Station", "ADDRESS": "1698 Example Ave", "CITY": "Burbank", "STATE": "CA", "COUNTY": "Los Angeles", "ZIP": "92930", "LATITUDE": 34.49585, "LONGITUDE": -118.282564, "resource_type": "fire_ems", "source_status": "simulated_fallback_due_download_missing_or_unavailable", "data_use_note": "Fallback simulated point. Replace with real emergency resource GeoJSON if available."}, "geometry": {"type": "Point", "coordinates": [-118.282564, 34.49585]}}, {"type": "Feature", "properties": {"OBJECTID": 91, "NAME": "Fallback Fire/EMS Station 091", "FACILITY_NAME": "Fallback Fire/EMS Station 091", "CATEGORY": "Fire / EMS Station", "ADDRESS": "5978 Example Ave", "CITY": "Los Angeles", "STATE": "CA", "COUNTY": "Los Angeles", "ZIP": "92086", "LATITUDE": 33.887559, "LONGITUDE": -117.941264, "resource_type": "fire_ems", "source_status": "simulated_fallback_due_download_missing_or_unavailable", "data_use_note": "Fallback simulated point. Replace with real emergency resource GeoJSON if available."}, "geometry": {"type": "Point", "coordinates": [-117.941264, 33.887559]}}, {"type": "Feature", "properties": {"OBJECTID": 92, "NAME": "Fallback Fire/EMS Station 092", "FACILITY_NAME": "Fallback Fire/EMS Station 092", "CATEGORY": "Fire / EMS Station", "ADDRESS": "3931 Example Ave", "CITY": "Long Beach", "STATE": "CA", "COUNTY": "Los Angeles", "ZIP": "91026", "LATITUDE": 33.90195, "LONGITUDE": -118.547668, "resource_type": "fire_ems", "source_status": "simulated_fallback_due_download_missing_or_unavailable", "data_use_note": "Fallback simulated point. Replace with real emergency resource GeoJSON if available."}, "geometry": {"type": "Point", "coordinates": [-118.547668, 33.90195]}}, {"type": "Feature", "properties": {"OBJECTID": 93, "NAME": "Fallback Fire/EMS Station 093", "FACILITY_NAME": "Fallback Fire/EMS Station 093", "CATEGORY": "Fire / EMS Station", "ADDRESS": "3006 Example Ave", "CITY": "Glendale", "STATE": "CA", "COUNTY": "Los Angeles", "ZIP": "92658", "LATITUDE": 34.496321, "LONGITUDE": -118.293594, "resource_type": "fire_ems", "source_status": "simulated_fallback_due_download_missing_or_unavailable", "data_use_note": "Fallback simulated point. Replace with real emergency resource GeoJSON if available."}, "geometry": {"type": "Point", "coordinates": [-118.293594, 34.496321]}}, {"type": "Feature", "properties": {"OBJECTID": 94, "NAME": "Fallback Fire/EMS Station 094", "FACILITY_NAME": "Fallback Fire/EMS Station 094", "CATEGORY": "Fire / EMS Station", "ADDRESS": "1820 Example Ave", "CITY": "Lancaster", "STATE": "CA", "COUNTY": "Los Angeles", "ZIP": "90791", "LATITUDE": 34.385721, "LONGITUDE": -118.378036, "resource_type": "fire_ems", "source_status": "simulated_fallback_due_download_missing_or_unavailable", "data_use_note": "Fallback simulated point. Replace with real emergency resource GeoJSON if available."}, "geometry": {"type": "Point", "coordinates": [-118.378036, 34.385721]}}, {"type": "Feature", "properties": {"OBJECTID": 95, "NAME": "Fallback Fire/EMS Station 095", "FACILITY_NAME": "Fallback Fire/EMS Station 095", "CATEGORY": "Fire / EMS Station", "ADDRESS": "6761 Example Ave", "CITY": "Torrance", "STATE": "CA", "COUNTY": "Los Angeles", "ZIP": "91429", "LATITUDE": 34.104276, "LONGITUDE": -117.78993, "resource_type": "fire_ems", "source_status": "simulated_fallback_due_download_missing_or_unavailable", "data_use_note": "Fallback simulated point. Replace with real emergency resource GeoJSON if available."}, "geometry": {"type": "Point", "coordinates": [-117.78993, 34.104276]}}, {"type": "Feature", "properties": {"OBJECTID": 96, "NAME": "Fallback Fire/EMS Station 096", "FACILITY_NAME": "Fallback Fire/EMS Station 096", "CATEGORY": "Fire / EMS Station", "ADDRESS": "862 Example Ave", "CITY": "Los Angeles", "STATE": "CA", "COUNTY": "Los Angeles", "ZIP": "90286", "LATITUDE": 33.917289, "LONGITUDE": -117.848571, "resource_type": "fire_ems", "source_status": "simulated_fallback_due_download_missing_or_unavailable", "data_use_note": "Fallback simulated point. Replace with real emergency resource GeoJSON if available."}, "geometry": {"type": "Point", "coordinates": [-117.848571, 33.917289]}}, {"type": "Feature", "properties": {"OBJECTID": 97, "NAME": "Fallback Fire/EMS Station 097", "FACILITY_NAME": "Fallback Fire/EMS Station 097", "CATEGORY": "Fire / EMS Station", "ADDRESS": "5151 Example Ave", "CITY": "Lancaster", "STATE": "CA", "COUNTY": "Los Angeles", "ZIP": "92106", "LATITUDE": 33.705605, "LONGITUDE": -118.191093, "resource_type": "fire_ems", "source_status": "simulated_fallback_due_download_missing_or_unavailable", "data_use_note": "Fallback simulated point. Replace with real emergency resource GeoJSON if available."}, "geometry": {"type": "Point", "coordinates": [-118.191093, 33.705605]}}, {"type": "Feature", "properties": {"OBJECTID": 98, "NAME": "Fallback Fire/EMS Station 098", "FACILITY_NAME": "Fallback Fire/EMS Station 098", "CATEGORY": "Fire / EMS Station", "ADDRESS": "7820 Example Ave", "CITY": "Santa Monica", "STATE": "CA", "COUNTY": "Los Angeles", "ZIP": "93078", "LATITUDE": 33.992705, "LONGITUDE": -118.564219, "resource_type": "fire_ems", "source_status": "simulated_fallback_due_download_missing_or_unavailable", "data_use_note": "Fallback simulated point. Replace with real emergency resource GeoJSON if available."}, "geometry": {"type": "Point", "coordinates": [-118.564219, 33.992705]}}, {"type": "Feature", "properties": {"OBJECTID": 99, "NAME": "Fallback Fire/EMS Station 099", "FACILITY_NAME": "Fallback Fire/EMS Station 099", "CATEGORY": "Fire / EMS Station", "ADDRESS": "2479 Example Ave", "CITY": "Long Beach", "STATE": "CA", "COUNTY": "Los Angeles", "ZIP": "91204", "LATITUDE": 34.274163, "LONGITUDE": -118.028071, "resource_type": "fire_ems", "source_status": "simulated_fallback_due_download_missing_or_unavailable", "data_use_note": "Fallback simulated point. Replace with real emergency resource GeoJSON if available."}, "geometry": {"type": "Point", "coordinates": [-118.028071, 34.274163]}}, {"type": "Feature", "properties": {"OBJECTID": 100, "NAME": "Fallback Fire/EMS Station 100", "FACILITY_NAME": "Fallback Fire/EMS Station 100", "CATEGORY": "Fire / EMS Station", "ADDRESS": "4257 Example Ave", "CITY": "Santa Monica", "STATE": "CA", "COUNTY": "Los Angeles", "ZIP": "90290", "LATITUDE": 34.444309, "LONGITUDE": -118.103693, "resource_type": "fire_ems", "source_status": "simulated_fallback_due_download_missing_or_unavailable", "data_use_note": "Fallback simulated point. Replace with real emergency resource GeoJSON if available."}, "geometry": {"type": "Point", "coordinates": [-118.103693, 34.444309]}}, {"type": "Feature", "properties": {"OBJECTID": 101, "NAME": "Fallback Fire/EMS Station 101", "FACILITY_NAME": "Fallback Fire/EMS Station 101", "CATEGORY": "Fire / EMS Station", "ADDRESS": "1776 Example Ave", "CITY": "Whittier", "STATE": "CA", "COUNTY": "Los Angeles", "ZIP": "92588", "LATITUDE": 33.77352, "LONGITUDE": -118.387822, "resource_type": "fire_ems", "source_status": "simulated_fallback_due_download_missing_or_unavailable", "data_use_note": "Fallback simulated point. Replace with real emergency resource GeoJSON if available."}, "geometry": {"type": "Point", "coordinates": [-118.387822, 33.77352]}}, {"type": "Feature", "properties": {"OBJECTID": 102, "NAME": "Fallback Fire/EMS Station 102", "FACILITY_NAME": "Fallback Fire/EMS Station 102", "CATEGORY": "Fire / EMS Station", "ADDRESS": "4839 Example Ave", "CITY": "Pasadena", "STATE": "CA", "COUNTY": "Los Angeles", "ZIP": "91177", "LATITUDE": 34.246342, "LONGITUDE": -117.843181, "resource_type": "fire_ems", "source_status": "simulated_fallback_due_download_missing_or_unavailable", "data_use_note": "Fallback simulated point. Replace with real emergency resource GeoJSON if available."}, "geometry": {"type": "Point", "coordinates": [-117.843181, 34.246342]}}, {"type": "Feature", "properties": {"OBJECTID": 103, "NAME": "Fallback Fire/EMS Station 103", "FACILITY_NAME": "Fallback Fire/EMS Station 103", "CATEGORY": "Fire / EMS Station", "ADDRESS": "6972 Example Ave", "CITY": "Pasadena", "STATE": "CA", "COUNTY": "Los Angeles", "ZIP": "93209", "LATITUDE": 34.092471, "LONGITUDE": -118.325194, "resource_type": "fire_ems", "source_status": "simulated_fallback_due_download_missing_or_unavailable", "data_use_note": "Fallback simulated point. Replace with real emergency resource GeoJSON if available."}, "geometry": {"type": "Point", "coordinates": [-118.325194, 34.092471]}}, {"type": "Feature", "properties": {"OBJECTID": 104, "NAME": "Fallback Fire/EMS Station 104", "FACILITY_NAME": "Fallback Fire/EMS Station 104", "CATEGORY": "Fire / EMS Station", "ADDRESS": "5132 Example Ave", "CITY": "Whittier", "STATE": "CA", "COUNTY": "Los Angeles", "ZIP": "92807", "LATITUDE": 34.236628, "LONGITUDE": -117.881707, "resource_type": "fire_ems", "source_status": "simulated_fallback_due_download_missing_or_unavailable", "data_use_note": "Fallback simulated point. Replace with real emergency resource GeoJSON if available."}, "geometry": {"type": "Point", "coordinates": [-117.881707, 34.236628]}}, {"type": "Feature", "properties": {"OBJECTID": 105, "NAME": "Fallback Fire/EMS Station 105", "FACILITY_NAME": "Fallback Fire/EMS Station 105", "CATEGORY": "Fire / EMS Station", "ADDRESS": "2944 Example Ave", "CITY": "Santa Monica", "STATE": "CA", "COUNTY": "Los Angeles", "ZIP": "91866", "LATITUDE": 33.849267, "LONGITUDE": -118.396318, "resource_type": "fire_ems", "source_status": "simulated_fallback_due_download_missing_or_unavailable", "data_use_note": "Fallback simulated point. Replace with real emergency resource GeoJSON if available."}, "geometry": {"type": "Point", "coordinates": [-118.396318, 33.849267]}}, {"type": "Feature", "properties": {"OBJECTID": 106, "NAME": "Fallback Fire/EMS Station 106", "FACILITY_NAME": "Fallback Fire/EMS Station 106", "CATEGORY": "Fire / EMS Station", "ADDRESS": "7852 Example Ave", "CITY": "Pasadena", "STATE": "CA", "COUNTY": "Los Angeles", "ZIP": "92034", "LATITUDE": 34.411959, "LONGITUDE": -118.545554, "resource_type": "fire_ems", "source_status": "simulated_fallback_due_download_missing_or_unavailable", "data_use_note": "Fallback simulated point. Replace with real emergency resource GeoJSON if available."}, "geometry": {"type": "Point", "coordinates": [-118.545554, 34.411959]}}, {"type": "Feature", "properties": {"OBJECTID": 107, "NAME": "Fallback Fire/EMS Station 107", "FACILITY_NAME": "Fallback Fire/EMS Station 107", "CATEGORY": "Fire / EMS Station", "ADDRESS": "2744 Example Ave", "CITY": "Long Beach", "STATE": "CA", "COUNTY": "Los Angeles", "ZIP": "92287", "LATITUDE": 34.411417, "LONGITUDE": -117.963478, "resource_type": "fire_ems", "source_status": "simulated_fallback_due_download_missing_or_unavailable", "data_use_note": "Fallback simulated point. Replace with real emergency resource GeoJSON if available."}, "geometry": {"type": "Point", "coordinates": [-117.963478, 34.411417]}}, {"type": "Feature", "properties": {"OBJECTID": 108, "NAME": "Fallback Fire/EMS Station 108", "FACILITY_NAME": "Fallback Fire/EMS Station 108", "CATEGORY": "Fire / EMS Station", "ADDRESS": "7262 Example Ave", "CITY": "Long Beach", "STATE": "CA", "COUNTY": "Los Angeles", "ZIP": "92031", "LATITUDE": 34.246332, "LONGITUDE": -118.717553, "resource_type": "fire_ems", "source_status": "simulated_fallback_due_download_missing_or_unavailable", "data_use_note": "Fallback simulated point. Replace with real emergency resource GeoJSON if available."}, "geometry": {"type": "Point", "coordinates": [-118.717553, 34.246332]}}, {"type": "Feature", "properties": {"OBJECTID": 109, "NAME": "Fallback Fire/EMS Station 109", "FACILITY_NAME": "Fallback Fire/EMS Station 109", "CATEGORY": "Fire / EMS Station", "ADDRESS": "5771 Example Ave", "CITY": "Lancaster", "STATE": "CA", "COUNTY": "Los Angeles", "ZIP": "91554", "LATITUDE": 33.889636, "LONGITUDE": -118.068143, "resource_type": "fire_ems", "source_status": "simulated_fallback_due_download_missing_or_unavailable", "data_use_note": "Fallback simulated point. Replace with real emergency resource GeoJSON if available."}, "geometry": {"type": "Point", "coordinates": [-118.068143, 33.889636]}}, {"type": "Feature", "properties": {"OBJECTID": 110, "NAME": "Fallback Fire/EMS Station 110", "FACILITY_NAME": "Fallback Fire/EMS Station 110", "CATEGORY": "Fire / EMS Station", "ADDRESS": "6779 Example Ave", "CITY": "Los Angeles", "STATE": "CA", "COUNTY": "Los Angeles", "ZIP": "93468", "LATITUDE": 33.756405, "LONGITUDE": -118.611194, "resource_type": "fire_ems", "source_status": "simulated_fallback_due_download_missing_or_unavailable", "data_use_note": "Fallback simulated point. Replace with real emergency resource GeoJSON if available."}, "geometry": {"type": "Point", "coordinates": [-118.611194, 33.756405]}}, {"type": "Feature", "properties": {"OBJECTID": 111, "NAME": "Fallback Fire/EMS Station 111", "FACILITY_NAME": "Fallback Fire/EMS Station 111", "CATEGORY": "Fire / EMS Station", "ADDRESS": "2858 Example Ave", "CITY": "Pomona", "STATE": "CA", "COUNTY": "Los Angeles", "ZIP": "93159", "LATITUDE": 34.349581, "LONGITUDE": -118.334778, "resource_type": "fire_ems", "source_status": "simulated_fallback_due_download_missing_or_unavailable", "data_use_note": "Fallback simulated point. Replace with real emergency resource GeoJSON if available."}, "geometry": {"type": "Point", "coordinates": [-118.334778, 34.349581]}}, {"type": "Feature", "properties": {"OBJECTID": 112, "NAME": "Fallback Fire/EMS Station 112", "FACILITY_NAME": "Fallback Fire/EMS Station 112", "CATEGORY": "Fire / EMS Station", "ADDRESS": "554 Example Ave", "CITY": "Long Beach", "STATE": "CA", "COUNTY": "Los Angeles", "ZIP": "93561", "LATITUDE": 34.336442, "LONGITUDE": -118.5122, "resource_type": "fire_ems", "source_status": "simulated_fallback_due_download_missing_or_unavailable", "data_use_note": "Fallback simulated point. Replace with real emergency resource GeoJSON if available."}, "geometry": {"type": "Point", "coordinates": [-118.5122, 34.336442]}}, {"type": "Feature", "properties": {"OBJECTID": 113, "NAME": "Fallback Fire/EMS Station 113", "FACILITY_NAME": "Fallback Fire/EMS Station 113", "CATEGORY": "Fire / EMS Station", "ADDRESS": "7060 Example Ave", "CITY": "Long Beach", "STATE": "CA", "COUNTY": "Los Angeles", "ZIP": "92768", "LATITUDE": 34.459108, "LONGITUDE": -118.593626, "resource_type": "fire_ems", "source_status": "simulated_fallback_due_download_missing_or_unavailable", "data_use_note": "Fallback simulated point. Replace with real emergency resource GeoJSON if available."}, "geometry": {"type": "Point", "coordinates": [-118.593626, 34.459108]}}, {"type": "Feature", "properties": {"OBJECTID": 114, "NAME": "Fallback Fire/EMS Station 114", "FACILITY_NAME": "Fallback Fire/EMS Station 114", "CATEGORY": "Fire / EMS Station", "ADDRESS": "5841 Example Ave", "CITY": "Pomona", "STATE": "CA", "COUNTY": "Los Angeles", "ZIP": "90478", "LATITUDE": 33.747498, "LONGITUDE": -117.945642, "resource_type": "fire_ems", "source_status": "simulated_fallback_due_download_missing_or_unavailable", "data_use_note": "Fallback simulated point. Replace with real emergency resource GeoJSON if available."}, "geometry": {"type": "Point", "coordinates": [-117.945642, 33.747498]}}, {"type": "Feature", "properties": {"OBJECTID": 115, "NAME": "Fallback Fire/EMS Station 115", "FACILITY_NAME": "Fallback Fire/EMS Station 115", "CATEGORY": "Fire / EMS Station", "ADDRESS": "7565 Example Ave", "CITY": "Pomona", "STATE": "CA", "COUNTY": "Los Angeles", "ZIP": "91558", "LATITUDE": 33.805118, "LONGITUDE": -118.221634, "resource_type": "fire_ems", "source_status": "simulated_fallback_due_download_missing_or_unavailable", "data_use_note": "Fallback simulated point. Replace with real emergency resource GeoJSON if available."}, "geometry": {"type": "Point", "coordinates": [-118.221634, 33.805118]}}, {"type": "Feature", "properties": {"OBJECTID": 116, "NAME": "Fallback Fire/EMS Station 116", "FACILITY_NAME": "Fallback Fire/EMS Station 116", "CATEGORY": "Fire / EMS Station", "ADDRESS": "6305 Example Ave", "CITY": "Pomona", "STATE": "CA", "COUNTY": "Los Angeles", "ZIP": "92662", "LATITUDE": 34.325116, "LONGITUDE": -118.16479, "resource_type": "fire_ems", "source_status": "simulated_fallback_due_download_missing_or_unavailable", "data_use_note": "Fallback simulated point. Replace with real emergency resource GeoJSON if available."}, "geometry": {"type": "Point", "coordinates": [-118.16479, 34.325116]}}, {"type": "Feature", "properties": {"OBJECTID": 117, "NAME": "Fallback Fire/EMS Station 117", "FACILITY_NAME": "Fallback Fire/EMS Station 117", "CATEGORY": "Fire / EMS Station", "ADDRESS": "2040 Example Ave", "CITY": "Whittier", "STATE": "CA", "COUNTY": "Los Angeles", "ZIP": "91907", "LATITUDE": 34.147846, "LONGITUDE": -117.9028, "resource_type": "fire_ems", "source_status": "simulated_fallback_due_download_missing_or_unavailable", "data_use_note": "Fallback simulated point. Replace with real emergency resource GeoJSON if available."}, "geometry": {"type": "Point", "coordinates": [-117.9028, 34.147846]}}, {"type": "Feature", "properties": {"OBJECTID": 118, "NAME": "Fallback Fire/EMS Station 118", "FACILITY_NAME": "Fallback Fire/EMS Station 118", "CATEGORY": "Fire / EMS Station", "ADDRESS": "3452 Example Ave", "CITY": "Long Beach", "STATE": "CA", "COUNTY": "Los Angeles", "ZIP": "91743", "LATITUDE": 33.730384, "LONGITUDE": -118.713672, "resource_type": "fire_ems", "source_status": "simulated_fallback_due_download_missing_or_unavailable", "data_use_note": "Fallback simulated point. Replace with real emergency resource GeoJSON if available."}, "geometry": {"type": "Point", "coordinates": [-118.713672, 33.730384]}}, {"type": "Feature", "properties": {"OBJECTID": 119, "NAME": "Fallback Fire/EMS Station 119", "FACILITY_NAME": "Fallback Fire/EMS Station 119", "CATEGORY": "Fire / EMS Station", "ADDRESS": "765 Example Ave", "CITY": "Whittier", "STATE": "CA", "COUNTY": "Los Angeles", "ZIP": "92199", "LATITUDE": 34.104518, "LONGITUDE": -118.389135, "resource_type": "fire_ems", "source_status": "simulated_fallback_due_download_missing_or_unavailable", "data_use_note": "Fallback simulated point. Replace with real emergency resource GeoJSON if available."}, "geometry": {"type": "Point", "coordinates": [-118.389135, 34.104518]}}, {"type": "Feature", "properties": {"OBJECTID": 120, "NAME": "Fallback Fire/EMS Station 120", "FACILITY_NAME": "Fallback Fire/EMS Station 120", "CATEGORY": "Fire / EMS Station", "ADDRESS": "3682 Example Ave", "CITY": "Whittier", "STATE": "CA", "COUNTY": "Los Angeles", "ZIP": "91853", "LATITUDE": 34.170699, "LONGITUDE": -118.235823, "resource_type": "fire_ems", "source_status": "simulated_fallback_due_download_missing_or_unavailable", "data_use_note": "Fallback simulated point. Replace with real emergency resource GeoJSON if available."}, "geometry": {"type": "Point", "coordinates": [-118.235823, 34.170699]}}, {"type": "Feature", "properties": {"OBJECTID": 121, "NAME": "Fallback Fire/EMS Station 121", "FACILITY_NAME": "Fallback Fire/EMS Station 121", "CATEGORY": "Fire / EMS Station", "ADDRESS": "6378 Example Ave", "CITY": "Whittier", "STATE": "CA", "COUNTY": "Los Angeles", "ZIP": "92506", "LATITUDE": 34.373497, "LONGITUDE": -117.809975, "resource_type": "fire_ems", "source_status": "simulated_fallback_due_download_missing_or_unavailable", "data_use_note": "Fallback simulated point. Replace with real emergency resource GeoJSON if available."}, "geometry": {"type": "Point", "coordinates": [-117.809975, 34.373497]}}, {"type": "Feature", "properties": {"OBJECTID": 122, "NAME": "Fallback Fire/EMS Station 122", "FACILITY_NAME": "Fallback Fire/EMS Station 122", "CATEGORY": "Fire / EMS Station", "ADDRESS": "2486 Example Ave", "CITY": "Long Beach", "STATE": "CA", "COUNTY": "Los Angeles", "ZIP": "92342", "LATITUDE": 33.789567, "LONGITUDE": -118.069226, "resource_type": "fire_ems", "source_status": "simulated_fallback_due_download_missing_or_unavailable", "data_use_note": "Fallback simulated point. Replace with real emergency resource GeoJSON if available."}, "geometry": {"type": "Point", "coordinates": [-118.069226, 33.789567]}}, {"type": "Feature", "properties": {"OBJECTID": 123, "NAME": "Fallback Fire/EMS Station 123", "FACILITY_NAME": "Fallback Fire/EMS Station 123", "CATEGORY": "Fire / EMS Station", "ADDRESS": "1199 Example Ave", "CITY": "Long Beach", "STATE": "CA", "COUNTY": "Los Angeles", "ZIP": "90021", "LATITUDE": 33.730854, "LONGITUDE": -118.631734, "resource_type": "fire_ems", "source_status": "simulated_fallback_due_download_missing_or_unavailable", "data_use_note": "Fallback simulated point. Replace with real emergency resource GeoJSON if available."}, "geometry": {"type": "Point", "coordinates": [-118.631734, 33.730854]}}, {"type": "Feature", "properties": {"OBJECTID": 124, "NAME": "Fallback Fire/EMS Station 124", "FACILITY_NAME": "Fallback Fire/EMS Station 124", "CATEGORY": "Fire / EMS Station", "ADDRESS": "1931 Example Ave", "CITY": "Long Beach", "STATE": "CA", "COUNTY": "Los Angeles", "ZIP": "92434", "LATITUDE": 33.831889, "LONGITUDE": -118.467647, "resource_type": "fire_ems", "source_status": "simulated_fallback_due_download_missing_or_unavailable", "data_use_note": "Fallback simulated point. Replace with real emergency resource GeoJSON if available."}, "geometry": {"type": "Point", "coordinates": [-118.467647, 33.831889]}}, {"type": "Feature", "properties": {"OBJECTID": 125, "NAME": "Fallback Fire/EMS Station 125", "FACILITY_NAME": "Fallback Fire/EMS Station 125", "CATEGORY": "Fire / EMS Station", "ADDRESS": "603 Example Ave", "CITY": "Burbank", "STATE": "CA", "COUNTY": "Los Angeles", "ZIP": "93263", "LATITUDE": 34.122969, "LONGITUDE": -117.993779, "resource_type": "fire_ems", "source_status": "simulated_fallback_due_download_missing_or_unavailable", "data_use_note": "Fallback simulated point. Replace with real emergency resource GeoJSON if available."}, "geometry": {"type": "Point", "coordinates": [-117.993779, 34.122969]}}, {"type": "Feature", "properties": {"OBJECTID": 126, "NAME": "Fallback Fire/EMS Station 126", "FACILITY_NAME": "Fallback Fire/EMS Station 126", "CATEGORY": "Fire / EMS Station", "ADDRESS": "2333 Example Ave", "CITY": "Lancaster", "STATE": "CA", "COUNTY": "Los Angeles", "ZIP": "91262", "LATITUDE": 34.046991, "LONGITUDE": -118.311766, "resource_type": "fire_ems", "source_status": "simulated_fallback_due_download_missing_or_unavailable", "data_use_note": "Fallback simulated point. Replace with real emergency resource GeoJSON if available."}, "geometry": {"type": "Point", "coordinates": [-118.311766, 34.046991]}}, {"type": "Feature", "properties": {"OBJECTID": 127, "NAME": "Fallback Fire/EMS Station 127", "FACILITY_NAME": "Fallback Fire/EMS Station 127", "CATEGORY": "Fire / EMS Station", "ADDRESS": "9893 Example Ave", "CITY": "Lancaster", "STATE": "CA", "COUNTY": "Los Angeles", "ZIP": "90679", "LATITUDE": 34.492625, "LONGITUDE": -118.699931, "resource_type": "fire_ems", "source_status": "simulated_fallback_due_download_missing_or_unavailable", "data_use_note": "Fallback simulated point. Replace with real emergency resource GeoJSON if available."}, "geometry": {"type": "Point", "coordinates": [-118.699931, 34.492625]}}, {"type": "Feature", "properties": {"OBJECTID": 128, "NAME": "Fallback Fire/EMS Station 128", "FACILITY_NAME": "Fallback Fire/EMS Station 128", "CATEGORY": "Fire / EMS Station", "ADDRESS": "1968 Example Ave", "CITY": "Los Angeles", "STATE": "CA", "COUNTY": "Los Angeles", "ZIP": "91910", "LATITUDE": 33.757085, "LONGITUDE": -118.079623, "resource_type": "fire_ems", "source_status": "simulated_fallback_due_download_missing_or_unavailable", "data_use_note": "Fallback simulated point. Replace with real emergency resource GeoJSON if available."}, "geometry": {"type": "Point", "coordinates": [-118.079623, 33.757085]}}, {"type": "Feature", "properties": {"OBJECTID": 129, "NAME": "Fallback Fire/EMS Station 129", "FACILITY_NAME": "Fallback Fire/EMS Station 129", "CATEGORY": "Fire / EMS Station", "ADDRESS": "3841 Example Ave", "CITY": "Lancaster", "STATE": "CA", "COUNTY": "Los Angeles", "ZIP": "91408", "LATITUDE": 34.298598, "LONGITUDE": -118.515838, "resource_type": "fire_ems", "source_status": "simulated_fallback_due_download_missing_or_unavailable", "data_use_note": "Fallback simulated point. Replace with real emergency resource GeoJSON if available."}, "geometry": {"type": "Point", "coordinates": [-118.515838, 34.298598]}}, {"type": "Feature", "properties": {"OBJECTID": 130, "NAME": "Fallback Fire/EMS Station 130", "FACILITY_NAME": "Fallback Fire/EMS Station 130", "CATEGORY": "Fire / EMS Station", "ADDRESS": "9769 Example Ave", "CITY": "Lancaster", "STATE": "CA", "COUNTY": "Los Angeles", "ZIP": "90384", "LATITUDE": 33.974853, "LONGITUDE": -117.944491, "resource_type": "fire_ems", "source_status": "simulated_fallback_due_download_missing_or_unavailable", "data_use_note": "Fallback simulated point. Replace with real emergency resource GeoJSON if available."}, "geometry": {"type": "Point", "coordinates": [-117.944491, 33.974853]}}, {"type": "Feature", "properties": {"OBJECTID": 131, "NAME": "Fallback Fire/EMS Station 131", "FACILITY_NAME": "Fallback Fire/EMS Station 131", "CATEGORY": "Fire / EMS Station", "ADDRESS": "7629 Example Ave", "CITY": "Pasadena", "STATE": "CA", "COUNTY": "Los Angeles", "ZIP": "92228", "LATITUDE": 34.549018, "LONGITUDE": -117.794344, "resource_type": "fire_ems", "source_status": "simulated_fallback_due_download_missing_or_unavailable", "data_use_note": "Fallback simulated point. Replace with real emergency resource GeoJSON if available."}, "geometry": {"type": "Point", "coordinates": [-117.794344, 34.549018]}}, {"type": "Feature", "properties": {"OBJECTID": 132, "NAME": "Fallback Fire/EMS Station 132", "FACILITY_NAME": "Fallback Fire/EMS Station 132", "CATEGORY": "Fire / EMS Station", "ADDRESS": "6581 Example Ave", "CITY": "Santa Monica", "STATE": "CA", "COUNTY": "Los Angeles", "ZIP": "90705", "LATITUDE": 34.176244, "LONGITUDE": -117.820943, "resource_type": "fire_ems", "source_status": "simulated_fallback_due_download_missing_or_unavailable", "data_use_note": "Fallback simulated point. Replace with real emergency resource GeoJSON if available."}, "geometry": {"type": "Point", "coordinates": [-117.820943, 34.176244]}}, {"type": "Feature", "properties": {"OBJECTID": 133, "NAME": "Fallback Fire/EMS Station 133", "FACILITY_NAME": "Fallback Fire/EMS Station 133", "CATEGORY": "Fire / EMS Station", "ADDRESS": "9826 Example Ave", "CITY": "Pasadena", "STATE": "CA", "COUNTY": "Los Angeles", "ZIP": "90965", "LATITUDE": 34.312043, "LONGITUDE": -117.881266, "resource_type": "fire_ems", "source_status": "simulated_fallback_due_download_missing_or_unavailable", "data_use_note": "Fallback simulated point. Replace with real emergency resource GeoJSON if available."}, "geometry": {"type": "Point", "coordinates": [-117.881266, 34.312043]}}, {"type": "Feature", "properties": {"OBJECTID": 134, "NAME": "Fallback Fire/EMS Station 134", "FACILITY_NAME": "Fallback Fire/EMS Station 134", "CATEGORY": "Fire / EMS Station", "ADDRESS": "4596 Example Ave", "CITY": "Santa Monica", "STATE": "CA", "COUNTY": "Los Angeles", "ZIP": "92608", "LATITUDE": 33.890552, "LONGITUDE": -117.847238, "resource_type": "fire_ems", "source_status": "simulated_fallback_due_download_missing_or_unavailable", "data_use_note": "Fallback simulated point. Replace with real emergency resource GeoJSON if available."}, "geometry": {"type": "Point", "coordinates": [-117.847238, 33.890552]}}, {"type": "Feature", "properties": {"OBJECTID": 135, "NAME": "Fallback Fire/EMS Station 135", "FACILITY_NAME": "Fallback Fire/EMS Station 135", "CATEGORY": "Fire / EMS Station", "ADDRESS": "8882 Example Ave", "CITY": "Pomona", "STATE": "CA", "COUNTY": "Los Angeles", "ZIP": "90721", "LATITUDE": 34.265305, "LONGITUDE": -117.862833, "resource_type": "fire_ems", "source_status": "simulated_fallback_due_download_missing_or_unavailable", "data_use_note": "Fallback simulated point. Replace with real emergency resource GeoJSON if available."}, "geometry": {"type": "Point", "coordinates": [-117.862833, 34.265305]}}, {"type": "Feature", "properties": {"OBJECTID": 136, "NAME": "Fallback Fire/EMS Station 136", "FACILITY_NAME": "Fallback Fire/EMS Station 136", "CATEGORY": "Fire / EMS Station", "ADDRESS": "4905 Example Ave", "CITY": "Glendale", "STATE": "CA", "COUNTY": "Los Angeles", "ZIP": "91295", "LATITUDE": 34.050074, "LONGITUDE": -118.278988, "resource_type": "fire_ems", "source_status": "simulated_fallback_due_download_missing_or_unavailable", "data_use_note": "Fallback simulated point. Replace with real emergency resource GeoJSON if available."}, "geometry": {"type": "Point", "coordinates": [-118.278988, 34.050074]}}, {"type": "Feature", "properties": {"OBJECTID": 137, "NAME": "Fallback Fire/EMS Station 137", "FACILITY_NAME": "Fallback Fire/EMS Station 137", "CATEGORY": "Fire / EMS Station", "ADDRESS": "3461 Example Ave", "CITY": "Pasadena", "STATE": "CA", "COUNTY": "Los Angeles", "ZIP": "91123", "LATITUDE": 33.713507, "LONGITUDE": -118.474732, "resource_type": "fire_ems", "source_status": "simulated_fallback_due_download_missing_or_unavailable", "data_use_note": "Fallback simulated point. Replace with real emergency resource GeoJSON if available."}, "geometry": {"type": "Point", "coordinates": [-118.474732, 33.713507]}}, {"type": "Feature", "properties": {"OBJECTID": 138, "NAME": "Fallback Fire/EMS Station 138", "FACILITY_NAME": "Fallback Fire/EMS Station 138", "CATEGORY": "Fire / EMS Station", "ADDRESS": "255 Example Ave", "CITY": "Lancaster", "STATE": "CA", "COUNTY": "Los Angeles", "ZIP": "90662", "LATITUDE": 33.857301, "LONGITUDE": -118.427244, "resource_type": "fire_ems", "source_status": "simulated_fallback_due_download_missing_or_unavailable", "data_use_note": "Fallback simulated point. Replace with real emergency resource GeoJSON if available."}, "geometry": {"type": "Point", "coordinates": [-118.427244, 33.857301]}}, {"type": "Feature", "properties": {"OBJECTID": 139, "NAME": "Fallback Fire/EMS Station 139", "FACILITY_NAME": "Fallback Fire/EMS Station 139", "CATEGORY": "Fire / EMS Station", "ADDRESS": "8196 Example Ave", "CITY": "Whittier", "STATE": "CA", "COUNTY": "Los Angeles", "ZIP": "92480", "LATITUDE": 34.149738, "LONGITUDE": -118.693064, "resource_type": "fire_ems", "source_status": "simulated_fallback_due_download_missing_or_unavailable", "data_use_note": "Fallback simulated point. Replace with real emergency resource GeoJSON if available."}, "geometry": {"type": "Point", "coordinates": [-118.693064, 34.149738]}}, {"type": "Feature", "properties": {"OBJECTID": 140, "NAME": "Fallback Fire/EMS Station 140", "FACILITY_NAME": "Fallback Fire/EMS Station 140", "CATEGORY": "Fire / EMS Station", "ADDRESS": "4994 Example Ave", "CITY": "Santa Monica", "STATE": "CA", "COUNTY": "Los Angeles", "ZIP": "91691", "LATITUDE": 33.860075, "LONGITUDE": -118.239337, "resource_type": "fire_ems", "source_status": "simulated_fallback_due_download_missing_or_unavailable", "data_use_note": "Fallback simulated point. Replace with real emergency resource GeoJSON if available."}, "geometry": {"type": "Point", "coordinates": [-118.239337, 33.860075]}}, {"type": "Feature", "properties": {"OBJECTID": 141, "NAME": "Fallback Fire/EMS Station 141", "FACILITY_NAME": "Fallback Fire/EMS Station 141", "CATEGORY": "Fire / EMS Station", "ADDRESS": "9375 Example Ave", "CITY": "Whittier", "STATE": "CA", "COUNTY": "Los Angeles", "ZIP": "92085", "LATITUDE": 34.507243, "LONGITUDE": -117.872776, "resource_type": "fire_ems", "source_status": "simulated_fallback_due_download_missing_or_unavailable", "data_use_note": "Fallback simulated point. Replace with real emergency resource GeoJSON if available."}, "geometry": {"type": "Point", "coordinates": [-117.872776, 34.507243]}}, {"type": "Feature", "properties": {"OBJECTID": 142, "NAME": "Fallback Fire/EMS Station 142", "FACILITY_NAME": "Fallback Fire/EMS Station 142", "CATEGORY": "Fire / EMS Station", "ADDRESS": "2507 Example Ave", "CITY": "Los Angeles", "STATE": "CA", "COUNTY": "Los Angeles", "ZIP": "90512", "LATITUDE": 33.889201, "LONGITUDE": -118.43931, "resource_type": "fire_ems", "source_status": "simulated_fallback_due_download_missing_or_unavailable", "data_use_note": "Fallback simulated point. Replace with real emergency resource GeoJSON if available."}, "geometry": {"type": "Point", "coordinates": [-118.43931, 33.889201]}}, {"type": "Feature", "properties": {"OBJECTID": 143, "NAME": "Fallback Fire/EMS Station 143", "FACILITY_NAME": "Fallback Fire/EMS Station 143", "CATEGORY": "Fire / EMS Station", "ADDRESS": "6668 Example Ave", "CITY": "Glendale", "STATE": "CA", "COUNTY": "Los Angeles", "ZIP": "91220", "LATITUDE": 33.892491, "LONGITUDE": -117.867008, "resource_type": "fire_ems", "source_status": "simulated_fallback_due_download_missing_or_unavailable", "data_use_note": "Fallback simulated point. Replace with real emergency resource GeoJSON if available."}, "geometry": {"type": "Point", "coordinates": [-117.867008, 33.892491]}}, {"type": "Feature", "properties": {"OBJECTID": 144, "NAME": "Fallback Fire/EMS Station 144", "FACILITY_NAME": "Fallback Fire/EMS Station 144", "CATEGORY": "Fire / EMS Station", "ADDRESS": "5696 Example Ave", "CITY": "Whittier", "STATE": "CA", "COUNTY": "Los Angeles", "ZIP": "92447", "LATITUDE": 34.442677, "LONGITUDE": -118.673441, "resource_type": "fire_ems", "source_status": "simulated_fallback_due_download_missing_or_unavailable", "data_use_note": "Fallback simulated point. Replace with real emergency resource GeoJSON if available."}, "geometry": {"type": "Point", "coordinates": [-118.673441, 34.442677]}}, {"type": "Feature", "properties": {"OBJECTID": 145, "NAME": "Fallback Fire/EMS Station 145", "FACILITY_NAME": "Fallback Fire/EMS Station 145", "CATEGORY": "Fire / EMS Station", "ADDRESS": "3146 Example Ave", "CITY": "Santa Monica", "STATE": "CA", "COUNTY": "Los Angeles", "ZIP": "91546", "LATITUDE": 33.816084, "LONGITUDE": -117.764514, "resource_type": "fire_ems", "source_status": "simulated_fallback_due_download_missing_or_unavailable", "data_use_note": "Fallback simulated point. Replace with real emergency resource GeoJSON if available."}, "geometry": {"type": "Point", "coordinates": [-117.764514, 33.816084]}}, {"type": "Feature", "properties": {"OBJECTID": 146, "NAME": "Fallback Fire/EMS Station 146", "FACILITY_NAME": "Fallback Fire/EMS Station 146", "CATEGORY": "Fire / EMS Station", "ADDRESS": "9014 Example Ave", "CITY": "Pomona", "STATE": "CA", "COUNTY": "Los Angeles", "ZIP": "90022", "LATITUDE": 34.16002, "LONGITUDE": -118.688764, "resource_type": "fire_ems", "source_status": "simulated_fallback_due_download_missing_or_unavailable", "data_use_note": "Fallback simulated point. Replace with real emergency resource GeoJSON if available."}, "geometry": {"type": "Point", "coordinates": [-118.688764, 34.16002]}}, {"type": "Feature", "properties": {"OBJECTID": 147, "NAME": "Fallback Fire/EMS Station 147", "FACILITY_NAME": "Fallback Fire/EMS Station 147", "CATEGORY": "Fire / EMS Station", "ADDRESS": "5012 Example Ave", "CITY": "Torrance", "STATE": "CA", "COUNTY": "Los Angeles", "ZIP": "93178", "LATITUDE": 33.954348, "LONGITUDE": -118.049819, "resource_type": "fire_ems", "source_status": "simulated_fallback_due_download_missing_or_unavailable", "data_use_note": "Fallback simulated point. Replace with real emergency resource GeoJSON if available."}, "geometry": {"type": "Point", "coordinates": [-118.049819, 33.954348]}}, {"type": "Feature", "properties": {"OBJECTID": 148, "NAME": "Fallback Fire/EMS Station 148", "FACILITY_NAME": "Fallback Fire/EMS Station 148", "CATEGORY": "Fire / EMS Station", "ADDRESS": "955 Example Ave", "CITY": "Burbank", "STATE": "CA", "COUNTY": "Los Angeles", "ZIP": "90662", "LATITUDE": 34.374704, "LONGITUDE": -118.659495, "resource_type": "fire_ems", "source_status": "simulated_fallback_due_download_missing_or_unavailable", "data_use_note": "Fallback simulated point. Replace with real emergency resource GeoJSON if available."}, "geometry": {"type": "Point", "coordinates": [-118.659495, 34.374704]}}, {"type": "Feature", "properties": {"OBJECTID": 149, "NAME": "Fallback Fire/EMS Station 149", "FACILITY_NAME": "Fallback Fire/EMS Station 149", "CATEGORY": "Fire / EMS Station", "ADDRESS": "7180 Example Ave", "CITY": "Los Angeles", "STATE": "CA", "COUNTY": "Los Angeles", "ZIP": "93546", "LATITUDE": 34.403895, "LONGITUDE": -117.98261, "resource_type": "fire_ems", "source_status": "simulated_fallback_due_download_missing_or_unavailable", "data_use_note": "Fallback simulated point. Replace with real emergency resource GeoJSON if available."}, "geometry": {"type": "Point", "coordinates": [-117.98261, 34.403895]}}, {"type": "Feature", "properties": {"OBJECTID": 150, "NAME": "Fallback Fire/EMS Station 150", "FACILITY_NAME": "Fallback Fire/EMS Station 150", "CATEGORY": "Fire / EMS Station", "ADDRESS": "6145 Example Ave", "CITY": "Los Angeles", "STATE": "CA", "COUNTY": "Los Angeles", "ZIP": "90802", "LATITUDE": 33.855702, "LONGITUDE": -118.361964, "resource_type": "fire_ems", "source_status": "simulated_fallback_due_download_missing_or_unavailable", "data_use_note": "Fallback simulated point. Replace with real emergency resource GeoJSON if available."}, "geometry": {"type": "Point", "coordinates": [-118.361964, 33.855702]}}, {"type": "Feature", "properties": {"OBJECTID": 151, "NAME": "Fallback Fire/EMS Station 151", "FACILITY_NAME": "Fallback Fire/EMS Station 151", "CATEGORY": "Fire / EMS Station", "ADDRESS": "6078 Example Ave", "CITY": "Pomona", "STATE": "CA", "COUNTY": "Los Angeles", "ZIP": "91302", "LATITUDE": 34.220367, "LONGITUDE": -118.177695, "resource_type": "fire_ems", "source_status": "simulated_fallback_due_download_missing_or_unavailable", "data_use_note": "Fallback simulated point. Replace with real emergency resource GeoJSON if available."}, "geometry": {"type": "Point", "coordinates": [-118.177695, 34.220367]}}, {"type": "Feature", "properties": {"OBJECTID": 152, "NAME": "Fallback Fire/EMS Station 152", "FACILITY_NAME": "Fallback Fire/EMS Station 152", "CATEGORY": "Fire / EMS Station", "ADDRESS": "8762 Example Ave", "CITY": "Los Angeles", "STATE": "CA", "COUNTY": "Los Angeles", "ZIP": "93593", "LATITUDE": 34.05142, "LONGITUDE": -118.559634, "resource_type": "fire_ems", "source_status": "simulated_fallback_due_download_missing_or_unavailable", "data_use_note": "Fallback simulated point. Replace with real emergency resource GeoJSON if available."}, "geometry": {"type": "Point", "coordinates": [-118.559634, 34.05142]}}, {"type": "Feature", "properties": {"OBJECTID": 153, "NAME": "Fallback Fire/EMS Station 153", "FACILITY_NAME": "Fallback Fire/EMS Station 153", "CATEGORY": "Fire / EMS Station", "ADDRESS": "9923 Example Ave", "CITY": "Los Angeles", "STATE": "CA", "COUNTY": "Los Angeles", "ZIP": "92960", "LATITUDE": 34.434208, "LONGITUDE": -118.225014, "resource_type": "fire_ems", "source_status": "simulated_fallback_due_download_missing_or_unavailable", "data_use_note": "Fallback simulated point. Replace with real emergency resource GeoJSON if available."}, "geometry": {"type": "Point", "coordinates": [-118.225014, 34.434208]}}, {"type": "Feature", "properties": {"OBJECTID": 154, "NAME": "Fallback Fire/EMS Station 154", "FACILITY_NAME": "Fallback Fire/EMS Station 154", "CATEGORY": "Fire / EMS Station", "ADDRESS": "8056 Example Ave", "CITY": "Los Angeles", "STATE": "CA", "COUNTY": "Los Angeles", "ZIP": "93324", "LATITUDE": 34.319765, "LONGITUDE": -118.094658, "resource_type": "fire_ems", "source_status": "simulated_fallback_due_download_missing_or_unavailable", "data_use_note": "Fallback simulated point. Replace with real emergency resource GeoJSON if available."}, "geometry": {"type": "Point", "coordinates": [-118.094658, 34.319765]}}, {"type": "Feature", "properties": {"OBJECTID": 155, "NAME": "Fallback Fire/EMS Station 155", "FACILITY_NAME": "Fallback Fire/EMS Station 155", "CATEGORY": "Fire / EMS Station", "ADDRESS": "8643 Example Ave", "CITY": "Pomona", "STATE": "CA", "COUNTY": "Los Angeles", "ZIP": "91240", "LATITUDE": 34.032622, "LONGITUDE": -117.793055, "resource_type": "fire_ems", "source_status": "simulated_fallback_due_download_missing_or_unavailable", "data_use_note": "Fallback simulated point. Replace with real emergency resource GeoJSON if available."}, "geometry": {"type": "Point", "coordinates": [-117.793055, 34.032622]}}, {"type": "Feature", "properties": {"OBJECTID": 156, "NAME": "Fallback Fire/EMS Station 156", "FACILITY_NAME": "Fallback Fire/EMS Station 156", "CATEGORY": "Fire / EMS Station", "ADDRESS": "9802 Example Ave", "CITY": "Whittier", "STATE": "CA", "COUNTY": "Los Angeles", "ZIP": "91315", "LATITUDE": 34.534182, "LONGITUDE": -118.390177, "resource_type": "fire_ems", "source_status": "simulated_fallback_due_download_missing_or_unavailable", "data_use_note": "Fallback simulated point. Replace with real emergency resource GeoJSON if available."}, "geometry": {"type": "Point", "coordinates": [-118.390177, 34.534182]}}, {"type": "Feature", "properties": {"OBJECTID": 157, "NAME": "Fallback Fire/EMS Station 157", "FACILITY_NAME": "Fallback Fire/EMS Station 157", "CATEGORY": "Fire / EMS Station", "ADDRESS": "5640 Example Ave", "CITY": "Glendale", "STATE": "CA", "COUNTY": "Los Angeles", "ZIP": "92699", "LATITUDE": 33.708875, "LONGITUDE": -117.877569, "resource_type": "fire_ems", "source_status": "simulated_fallback_due_download_missing_or_unavailable", "data_use_note": "Fallback simulated point. Replace with real emergency resource GeoJSON if available."}, "geometry": {"type": "Point", "coordinates": [-117.877569, 33.708875]}}, {"type": "Feature", "properties": {"OBJECTID": 158, "NAME": "Fallback Fire/EMS Station 158", "FACILITY_NAME": "Fallback Fire/EMS Station 158", "CATEGORY": "Fire / EMS Station", "ADDRESS": "3106 Example Ave", "CITY": "Burbank", "STATE": "CA", "COUNTY": "Los Angeles", "ZIP": "92532", "LATITUDE": 34.119058, "LONGITUDE": -118.051147, "resource_type": "fire_ems", "source_status": "simulated_fallback_due_download_missing_or_unavailable", "data_use_note": "Fallback simulated point. Replace with real emergency resource GeoJSON if available."}, "geometry": {"type": "Point", "coordinates": [-118.051147, 34.119058]}}, {"type": "Feature", "properties": {"OBJECTID": 159, "NAME": "Fallback Fire/EMS Station 159", "FACILITY_NAME": "Fallback Fire/EMS Station 159", "CATEGORY": "Fire / EMS Station", "ADDRESS": "5368 Example Ave", "CITY": "Burbank", "STATE": "CA", "COUNTY": "Los Angeles", "ZIP": "92595", "LATITUDE": 34.494952, "LONGITUDE": -118.581375, "resource_type": "fire_ems", "source_status": "simulated_fallback_due_download_missing_or_unavailable", "data_use_note": "Fallback simulated point. Replace with real emergency resource GeoJSON if available."}, "geometry": {"type": "Point", "coordinates": [-118.581375, 34.494952]}}, {"type": "Feature", "properties": {"OBJECTID": 160, "NAME": "Fallback Fire/EMS Station 160", "FACILITY_NAME": "Fallback Fire/EMS Station 160", "CATEGORY": "Fire / EMS Station", "ADDRESS": "1457 Example Ave", "CITY": "Los Angeles", "STATE": "CA", "COUNTY": "Los Angeles", "ZIP": "90266", "LATITUDE": 34.233612, "LONGITUDE": -118.097055, "resource_type": "fire_ems", "source_status": "simulated_fallback_due_download_missing_or_unavailable", "data_use_note": "Fallback simulated point. Replace with real emergency resource GeoJSON if available."}, "geometry": {"type": "Point", "coordinates": [-118.097055, 34.233612]}}, {"type": "Feature", "properties": {"OBJECTID": 161, "NAME": "Fallback Fire/EMS Station 161", "FACILITY_NAME": "Fallback Fire/EMS Station 161", "CATEGORY": "Fire / EMS Station", "ADDRESS": "7092 Example Ave", "CITY": "Torrance", "STATE": "CA", "COUNTY": "Los Angeles", "ZIP": "90928", "LATITUDE": 33.772727, "LONGITUDE": -118.643926, "resource_type": "fire_ems", "source_status": "simulated_fallback_due_download_missing_or_unavailable", "data_use_note": "Fallback simulated point. Replace with real emergency resource GeoJSON if available."}, "geometry": {"type": "Point", "coordinates": [-118.643926, 33.772727]}}, {"type": "Feature", "properties": {"OBJECTID": 162, "NAME": "Fallback Fire/EMS Station 162", "FACILITY_NAME": "Fallback Fire/EMS Station 162", "CATEGORY": "Fire / EMS Station", "ADDRESS": "339 Example Ave", "CITY": "Long Beach", "STATE": "CA", "COUNTY": "Los Angeles", "ZIP": "91802", "LATITUDE": 34.449815, "LONGITUDE": -118.225707, "resource_type": "fire_ems", "source_status": "simulated_fallback_due_download_missing_or_unavailable", "data_use_note": "Fallback simulated point. Replace with real emergency resource GeoJSON if available."}, "geometry": {"type": "Point", "coordinates": [-118.225707, 34.449815]}}, {"type": "Feature", "properties": {"OBJECTID": 163, "NAME": "Fallback Fire/EMS Station 163", "FACILITY_NAME": "Fallback Fire/EMS Station 163", "CATEGORY": "Fire / EMS Station", "ADDRESS": "6144 Example Ave", "CITY": "Whittier", "STATE": "CA", "COUNTY": "Los Angeles", "ZIP": "91360", "LATITUDE": 33.964785, "LONGITUDE": -117.89935, "resource_type": "fire_ems", "source_status": "simulated_fallback_due_download_missing_or_unavailable", "data_use_note": "Fallback simulated point. Replace with real emergency resource GeoJSON if available."}, "geometry": {"type": "Point", "coordinates": [-117.89935, 33.964785]}}, {"type": "Feature", "properties": {"OBJECTID": 164, "NAME": "Fallback Fire/EMS Station 164", "FACILITY_NAME": "Fallback Fire/EMS Station 164", "CATEGORY": "Fire / EMS Station", "ADDRESS": "4335 Example Ave", "CITY": "Long Beach", "STATE": "CA", "COUNTY": "Los Angeles", "ZIP": "93156", "LATITUDE": 33.79661, "LONGITUDE": -117.770979, "resource_type": "fire_ems", "source_status": "simulated_fallback_due_download_missing_or_unavailable", "data_use_note": "Fallback simulated point. Replace with real emergency resource GeoJSON if available."}, "geometry": {"type": "Point", "coordinates": [-117.770979, 33.79661]}}, {"type": "Feature", "properties": {"OBJECTID": 165, "NAME": "Fallback Fire/EMS Station 165", "FACILITY_NAME": "Fallback Fire/EMS Station 165", "CATEGORY": "Fire / EMS Station", "ADDRESS": "4086 Example Ave", "CITY": "Glendale", "STATE": "CA", "COUNTY": "Los Angeles", "ZIP": "92623", "LATITUDE": 34.497628, "LONGITUDE": -117.768916, "resource_type": "fire_ems", "source_status": "simulated_fallback_due_download_missing_or_unavailable", "data_use_note": "Fallback simulated point. Replace with real emergency resource GeoJSON if available."}, "geometry": {"type": "Point", "coordinates": [-117.768916, 34.497628]}}, {"type": "Feature", "properties": {"OBJECTID": 166, "NAME": "Fallback Fire/EMS Station 166", "FACILITY_NAME": "Fallback Fire/EMS Station 166", "CATEGORY": "Fire / EMS Station", "ADDRESS": "2871 Example Ave", "CITY": "Long Beach", "STATE": "CA", "COUNTY": "Los Angeles", "ZIP": "90639", "LATITUDE": 33.951251, "LONGITUDE": -118.100591, "resource_type": "fire_ems", "source_status": "simulated_fallback_due_download_missing_or_unavailable", "data_use_note": "Fallback simulated point. Replace with real emergency resource GeoJSON if available."}, "geometry": {"type": "Point", "coordinates": [-118.100591, 33.951251]}}, {"type": "Feature", "properties": {"OBJECTID": 167, "NAME": "Fallback Fire/EMS Station 167", "FACILITY_NAME": "Fallback Fire/EMS Station 167", "CATEGORY": "Fire / EMS Station", "ADDRESS": "269 Example Ave", "CITY": "Lancaster", "STATE": "CA", "COUNTY": "Los Angeles", "ZIP": "92216", "LATITUDE": 34.316746, "LONGITUDE": -118.268906, "resource_type": "fire_ems", "source_status": "simulated_fallback_due_download_missing_or_unavailable", "data_use_note": "Fallback simulated point. Replace with real emergency resource GeoJSON if available."}, "geometry": {"type": "Point", "coordinates": [-118.268906, 34.316746]}}, {"type": "Feature", "properties": {"OBJECTID": 168, "NAME": "Fallback Fire/EMS Station 168", "FACILITY_NAME": "Fallback Fire/EMS Station 168", "CATEGORY": "Fire / EMS Station", "ADDRESS": "2832 Example Ave", "CITY": "Los Angeles", "STATE": "CA", "COUNTY": "Los Angeles", "ZIP": "90601", "LATITUDE": 34.447012, "LONGITUDE": -117.854897, "resource_type": "fire_ems", "source_status": "simulated_fallback_due_download_missing_or_unavailable", "data_use_note": "Fallback simulated point. Replace with real emergency resource GeoJSON if available."}, "geometry": {"type": "Point", "coordinates": [-117.854897, 34.447012]}}, {"type": "Feature", "properties": {"OBJECTID": 169, "NAME": "Fallback Fire/EMS Station 169", "FACILITY_NAME": "Fallback Fire/EMS Station 169", "CATEGORY": "Fire / EMS Station", "ADDRESS": "7673 Example Ave", "CITY": "Santa Monica", "STATE": "CA", "COUNTY": "Los Angeles", "ZIP": "90060", "LATITUDE": 34.099247, "LONGITUDE": -117.930502, "resource_type": "fire_ems", "source_status": "simulated_fallback_due_download_missing_or_unavailable", "data_use_note": "Fallback simulated point. Replace with real emergency resource GeoJSON if available."}, "geometry": {"type": "Point", "coordinates": [-117.930502, 34.099247]}}, {"type": "Feature", "properties": {"OBJECTID": 170, "NAME": "Fallback Fire/EMS Station 170", "FACILITY_NAME": "Fallback Fire/EMS Station 170", "CATEGORY": "Fire / EMS Station", "ADDRESS": "3133 Example Ave", "CITY": "Burbank", "STATE": "CA", "COUNTY": "Los Angeles", "ZIP": "93457", "LATITUDE": 33.845617, "LONGITUDE": -118.567099, "resource_type": "fire_ems", "source_status": "simulated_fallback_due_download_missing_or_unavailable", "data_use_note": "Fallback simulated point. Replace with real emergency resource GeoJSON if available."}, "geometry": {"type": "Point", "coordinates": [-118.567099, 33.845617]}}, {"type": "Feature", "properties": {"OBJECTID": 171, "NAME": "Fallback Fire/EMS Station 171", "FACILITY_NAME": "Fallback Fire/EMS Station 171", "CATEGORY": "Fire / EMS Station", "ADDRESS": "1119 Example Ave", "CITY": "Burbank", "STATE": "CA", "COUNTY": "Los Angeles", "ZIP": "92783", "LATITUDE": 34.239237, "LONGITUDE": -118.746744, "resource_type": "fire_ems", "source_status": "simulated_fallback_due_download_missing_or_unavailable", "data_use_note": "Fallback simulated point. Replace with real emergency resource GeoJSON if available."}, "geometry": {"type": "Point", "coordinates": [-118.746744, 34.239237]}}, {"type": "Feature", "properties": {"OBJECTID": 172, "NAME": "Fallback Fire/EMS Station 172", "FACILITY_NAME": "Fallback Fire/EMS Station 172", "CATEGORY": "Fire / EMS Station", "ADDRESS": "7233 Example Ave", "CITY": "Pomona", "STATE": "CA", "COUNTY": "Los Angeles", "ZIP": "91731", "LATITUDE": 34.10485, "LONGITUDE": -117.915583, "resource_type": "fire_ems", "source_status": "simulated_fallback_due_download_missing_or_unavailable", "data_use_note": "Fallback simulated point. Replace with real emergency resource GeoJSON if available."}, "geometry": {"type": "Point", "coordinates": [-117.915583, 34.10485]}}, {"type": "Feature", "properties": {"OBJECTID": 173, "NAME": "Fallback Fire/EMS Station 173", "FACILITY_NAME": "Fallback Fire/EMS Station 173", "CATEGORY": "Fire / EMS Station", "ADDRESS": "1171 Example Ave", "CITY": "Pasadena", "STATE": "CA", "COUNTY": "Los Angeles", "ZIP": "90941", "LATITUDE": 34.541764, "LONGITUDE": -118.171912, "resource_type": "fire_ems", "source_status": "simulated_fallback_due_download_missing_or_unavailable", "data_use_note": "Fallback simulated point. Replace with real emergency resource GeoJSON if available."}, "geometry": {"type": "Point", "coordinates": [-118.171912, 34.541764]}}, {"type": "Feature", "properties": {"OBJECTID": 174, "NAME": "Fallback Fire/EMS Station 174", "FACILITY_NAME": "Fallback Fire/EMS Station 174", "CATEGORY": "Fire / EMS Station", "ADDRESS": "8492 Example Ave", "CITY": "Long Beach", "STATE": "CA", "COUNTY": "Los Angeles", "ZIP": "93050", "LATITUDE": 34.130823, "LONGITUDE": -118.704432, "resource_type": "fire_ems", "source_status": "simulated_fallback_due_download_missing_or_unavailable", "data_use_note": "Fallback simulated point. Replace with real emergency resource GeoJSON if available."}, "geometry": {"type": "Point", "coordinates": [-118.704432, 34.130823]}}]}