{"type": "FeatureCollection", "name": "fallback_simulated_geojson", "crs": {"type": "name", "properties": {"name": "EPSG:4326"}}, "features": [{"type": "Feature", "properties": {"OBJECTID": 1, "LS_ID": "FALLBACK_LSI_0001", "COUNTY": "Los Angeles", "ZONE_NAME": "Palos Verdes Peninsula", "LANDSLIDE_TYPE": "deep-seated landslide", "CONFIDENCE": "high", "ACTIVITY": "active", "YEAR_MAPPED": 1983, "AREA_SQKM_EST": 2.9796, "source_dataset": "California Geological Survey Landslide Inventory", "source_url_attempted": "https://www.conservation.ca.gov/cgs/documents/publications/landslide-inventory/cgs_lsi_20260309.zip", "source_status": "simulated_fallback_due_ssl_download_failure", "download_error_reason": "CGS ZIP download failed in user environment because of SSL EOF error.", "data_use_note": "This is not an official CGS feature. It is a same-format GeoJSON fallback for course reproducibility."}, "geometry": {"type": "Polygon", "coordinates": [[[-118.414919, 33.772022], [-118.400397, 33.772022], [-118.400397, 33.788675], [-118.414919, 33.788675], [-118.414919, 33.772022]]]}}, {"type": "Feature", "properties": {"OBJECTID": 2, "LS_ID": "FALLBACK_LSI_0002", "COUNTY": "Los Angeles", "ZONE_NAME": "Palos Verdes Peninsula", "LANDSLIDE_TYPE": "earth flow", "CONFIDENCE": "high", "ACTIVITY": "active", "YEAR_MAPPED": 2004, "AREA_SQKM_EST": 0.8616, "source_dataset": "California Geological Survey Landslide Inventory", "source_url_attempted": "https://www.conservation.ca.gov/cgs/documents/publications/landslide-inventory/cgs_lsi_20260309.zip", "source_status": "simulated_fallback_due_ssl_download_failure", "download_error_reason": "CGS ZIP download failed in user environment because of SSL EOF error.", "data_use_note": "This is not an official CGS feature. It is a same-format GeoJSON fallback for course reproducibility."}, "geometry": {"type": "Polygon", "coordinates": [[[-118.382145, 33.76046], [-118.3764, 33.76046], [-118.3764, 33.772633], [-118.382145, 33.772633], [-118.382145, 33.76046]]]}}, {"type": "Feature", "properties": {"OBJECTID": 3, "LS_ID": "FALLBACK_LSI_0003", "COUNTY": "Los Angeles", "ZONE_NAME": "Palos Verdes Peninsula", "LANDSLIDE_TYPE": "rock slide", "CONFIDENCE": "high", "ACTIVITY": "unknown", "YEAR_MAPPED": 1990, "AREA_SQKM_EST": 2.7674, "source_dataset": "California Geological Survey Landslide Inventory", "source_url_attempted": "https://www.conservation.ca.gov/cgs/documents/publications/landslide-inventory/cgs_lsi_20260309.zip", "source_status": "simulated_fallback_due_ssl_download_failure", "download_error_reason": "CGS ZIP download failed in user environment because of SSL EOF error.", "data_use_note": "This is not an official CGS feature. It is a same-format GeoJSON fallback for course reproducibility."}, "geometry": {"type": "Polygon", "coordinates": [[[-118.381317, 33.767712], [-118.368492, 33.767712], [-118.368492, 33.785226], [-118.381317, 33.785226], [-118.381317, 33.767712]]]}}, {"type": "Feature", "properties": {"OBJECTID": 4, "LS_ID": "FALLBACK_LSI_0004", "COUNTY": "Los Angeles", "ZONE_NAME": "Palos Verdes Peninsula", "LANDSLIDE_TYPE": "shallow landslide", "CONFIDENCE": "high", "ACTIVITY": "active", "YEAR_MAPPED": 1980, "AREA_SQKM_EST": 2.3583, "source_dataset": "California Geological Survey Landslide Inventory", "source_url_attempted": "https://www.conservation.ca.gov/cgs/documents/publications/landslide-inventory/cgs_lsi_20260309.zip", "source_status": "simulated_fallback_due_ssl_download_failure", "download_error_reason": "CGS ZIP download failed in user environment because of SSL EOF error.", "data_use_note": "This is not an official CGS feature. It is a same-format GeoJSON fallback for course reproducibility."}, "geometry": {"type": "Polygon", "coordinates": [[[-118.424508, 33.791028], [-118.406846, 33.791028], [-118.406846, 33.801865], [-118.424508, 33.801865], [-118.424508, 33.791028]]]}}, {"type": "Feature", "properties": {"OBJECTID": 5, "LS_ID": "FALLBACK_LSI_0005", "COUNTY": "Los Angeles", "ZONE_NAME": "Santa Monica Mountains", "LANDSLIDE_TYPE": "shallow landslide", "CONFIDENCE": "moderate", "ACTIVITY": "dormant", "YEAR_MAPPED": 1977, "AREA_SQKM_EST": 1.7737, "source_dataset": "California Geological Survey Landslide Inventory", "source_url_attempted": "https://www.conservation.ca.gov/cgs/documents/publications/landslide-inventory/cgs_lsi_20260309.zip", "source_status": "simulated_fallback_due_ssl_download_failure", "download_error_reason": "CGS ZIP download failed in user environment because of SSL EOF error.", "data_use_note": "This is not an official CGS feature. It is a same-format GeoJSON fallback for course reproducibility."}, "geometry": {"type": "Polygon", "coordinates": [[[-118.75307, 34.076542], [-118.741262, 34.076542], [-118.741262, 34.088734], [-118.75307, 34.088734], [-118.75307, 34.076542]]]}}, {"type": "Feature", "properties": {"OBJECTID": 6, "LS_ID": "FALLBACK_LSI_0006", "COUNTY": "Los Angeles", "ZONE_NAME": "Santa Monica Mountains", "LANDSLIDE_TYPE": "rock slide", "CONFIDENCE": "moderate", "ACTIVITY": "dormant", "YEAR_MAPPED": 2018, "AREA_SQKM_EST": 1.0368, "source_dataset": "California Geological Survey Landslide Inventory", "source_url_attempted": "https://www.conservation.ca.gov/cgs/documents/publications/landslide-inventory/cgs_lsi_20260309.zip", "source_status": "simulated_fallback_due_ssl_download_failure", "download_error_reason": "CGS ZIP download failed in user environment because of SSL EOF error.", "data_use_note": "This is not an official CGS feature. It is a same-format GeoJSON fallback for course reproducibility."}, "geometry": {"type": "Polygon", "coordinates": [[[-118.739655, 34.11615], [-118.733971, 34.11615], [-118.733971, 34.130956], [-118.739655, 34.130956], [-118.739655, 34.11615]]]}}, {"type": "Feature", "properties": {"OBJECTID": 7, "LS_ID": "FALLBACK_LSI_0007", "COUNTY": "Los Angeles", "ZONE_NAME": "Palos Verdes Peninsula", "LANDSLIDE_TYPE": "debris flow", "CONFIDENCE": "moderate", "ACTIVITY": "dormant", "YEAR_MAPPED": 1994, "AREA_SQKM_EST": 1.8317, "source_dataset": "California Geological Survey Landslide Inventory", "source_url_attempted": "https://www.conservation.ca.gov/cgs/documents/publications/landslide-inventory/cgs_lsi_20260309.zip", "source_status": "simulated_fallback_due_ssl_download_failure", "download_error_reason": "CGS ZIP download failed in user environment because of SSL EOF error.", "data_use_note": "This is not an official CGS feature. It is a same-format GeoJSON fallback for course reproducibility."}, "geometry": {"type": "Polygon", "coordinates": [[[-118.442277, 33.761686], [-118.430715, 33.761686], [-118.430715, 33.774543], [-118.442277, 33.774543], [-118.442277, 33.761686]]]}}, {"type": "Feature", "properties": {"OBJECTID": 8, "LS_ID": "FALLBACK_LSI_0008", "COUNTY": "Los Angeles", "ZONE_NAME": "Palos Verdes Peninsula", "LANDSLIDE_TYPE": "debris flow", "CONFIDENCE": "moderate", "ACTIVITY": "dormant", "YEAR_MAPPED": 2025, "AREA_SQKM_EST": 2.0694, "source_dataset": "California Geological Survey Landslide Inventory", "source_url_attempted": "https://www.conservation.ca.gov/cgs/documents/publications/landslide-inventory/cgs_lsi_20260309.zip", "source_status": "simulated_fallback_due_ssl_download_failure", "download_error_reason": "CGS ZIP download failed in user environment because of SSL EOF error.", "data_use_note": "This is not an official CGS feature. It is a same-format GeoJSON fallback for course reproducibility."}, "geometry": {"type": "Polygon", "coordinates": [[[-118.371836, 33.758625], [-118.355762, 33.758625], [-118.355762, 33.769074], [-118.371836, 33.769074], [-118.371836, 33.758625]]]}}, {"type": "Feature", "properties": {"OBJECTID": 9, "LS_ID": "FALLBACK_LSI_0009", "COUNTY": "Los Angeles", "ZONE_NAME": "San Gabriel Mountains", "LANDSLIDE_TYPE": "debris flow", "CONFIDENCE": "moderate", "ACTIVITY": "dormant", "YEAR_MAPPED": 2019, "AREA_SQKM_EST": 4.5142, "source_dataset": "California Geological Survey Landslide Inventory", "source_url_attempted": "https://www.conservation.ca.gov/cgs/documents/publications/landslide-inventory/cgs_lsi_20260309.zip", "source_status": "simulated_fallback_due_ssl_download_failure", "download_error_reason": "CGS ZIP download failed in user environment because of SSL EOF error.", "data_use_note": "This is not an official CGS feature. It is a same-format GeoJSON fallback for course reproducibility."}, "geometry": {"type": "Polygon", "coordinates": [[[-118.065928, 34.260429], [-118.046315, 34.260429], [-118.046315, 34.27911], [-118.065928, 34.27911], [-118.065928, 34.260429]]]}}, {"type": "Feature", "properties": {"OBJECTID": 10, "LS_ID": "FALLBACK_LSI_0010", "COUNTY": "Los Angeles", "ZONE_NAME": "Angeles National Forest", "LANDSLIDE_TYPE": "rock slide", "CONFIDENCE": "moderate", "ACTIVITY": "active", "YEAR_MAPPED": 2016, "AREA_SQKM_EST": 1.4113, "source_dataset": "California Geological Survey Landslide Inventory", "source_url_attempted": "https://www.conservation.ca.gov/cgs/documents/publications/landslide-inventory/cgs_lsi_20260309.zip", "source_status": "simulated_fallback_due_ssl_download_failure", "download_error_reason": "CGS ZIP download failed in user environment because of SSL EOF error.", "data_use_note": "This is not an official CGS feature. It is a same-format GeoJSON fallback for course reproducibility."}, "geometry": {"type": "Polygon", "coordinates": [[[-118.253006, 34.371868], [-118.234867, 34.371868], [-118.234867, 34.378183], [-118.253006, 34.378183], [-118.253006, 34.371868]]]}}, {"type": "Feature", "properties": {"OBJECTID": 11, "LS_ID": "FALLBACK_LSI_0011", "COUNTY": "Los Angeles", "ZONE_NAME": "Santa Monica Mountains", "LANDSLIDE_TYPE": "deep-seated landslide", "CONFIDENCE": "moderate", "ACTIVITY": "dormant", "YEAR_MAPPED": 2012, "AREA_SQKM_EST": 2.7785, "source_dataset": "California Geological Survey Landslide Inventory", "source_url_attempted": "https://www.conservation.ca.gov/cgs/documents/publications/landslide-inventory/cgs_lsi_20260309.zip", "source_status": "simulated_fallback_due_ssl_download_failure", "download_error_reason": "CGS ZIP download failed in user environment because of SSL EOF error.", "data_use_note": "This is not an official CGS feature. It is a same-format GeoJSON fallback for course reproducibility."}, "geometry": {"type": "Polygon", "coordinates": [[[-118.643481, 34.12496], [-118.625771, 34.12496], [-118.625771, 34.137694], [-118.643481, 34.137694], [-118.643481, 34.12496]]]}}, {"type": "Feature", "properties": {"OBJECTID": 12, "LS_ID": "FALLBACK_LSI_0012", "COUNTY": "Los Angeles", "ZONE_NAME": "Palos Verdes Peninsula", "LANDSLIDE_TYPE": "rock slide", "CONFIDENCE": "low", "ACTIVITY": "historic", "YEAR_MAPPED": 2016, "AREA_SQKM_EST": 1.4755, "source_dataset": "California Geological Survey Landslide Inventory", "source_url_attempted": "https://www.conservation.ca.gov/cgs/documents/publications/landslide-inventory/cgs_lsi_20260309.zip", "source_status": "simulated_fallback_due_ssl_download_failure", "download_error_reason": "CGS ZIP download failed in user environment because of SSL EOF error.", "data_use_note": "This is not an official CGS feature. It is a same-format GeoJSON fallback for course reproducibility."}, "geometry": {"type": "Polygon", "coordinates": [[[-118.432578, 33.74731], [-118.416889, 33.74731], [-118.416889, 33.754943], [-118.432578, 33.754943], [-118.432578, 33.74731]]]}}, {"type": "Feature", "properties": {"OBJECTID": 13, "LS_ID": "FALLBACK_LSI_0013", "COUNTY": "Los Angeles", "ZONE_NAME": "Angeles National Forest", "LANDSLIDE_TYPE": "debris flow", "CONFIDENCE": "low", "ACTIVITY": "dormant", "YEAR_MAPPED": 2002, "AREA_SQKM_EST": 3.1883, "source_dataset": "California Geological Survey Landslide Inventory", "source_url_attempted": "https://www.conservation.ca.gov/cgs/documents/publications/landslide-inventory/cgs_lsi_20260309.zip", "source_status": "simulated_fallback_due_ssl_download_failure", "download_error_reason": "CGS ZIP download failed in user environment because of SSL EOF error.", "data_use_note": "This is not an official CGS feature. It is a same-format GeoJSON fallback for course reproducibility."}, "geometry": {"type": "Polygon", "coordinates": [[[-118.287808, 34.42051], [-118.272567, 34.42051], [-118.272567, 34.437489], [-118.287808, 34.437489], [-118.287808, 34.42051]]]}}, {"type": "Feature", "properties": {"OBJECTID": 14, "LS_ID": "FALLBACK_LSI_0014", "COUNTY": "Los Angeles", "ZONE_NAME": "Santa Monica Mountains", "LANDSLIDE_TYPE": "deep-seated landslide", "CONFIDENCE": "high", "ACTIVITY": "historic", "YEAR_MAPPED": 1991, "AREA_SQKM_EST": 3.2958, "source_dataset": "California Geological Survey Landslide Inventory", "source_url_attempted": "https://www.conservation.ca.gov/cgs/documents/publications/landslide-inventory/cgs_lsi_20260309.zip", "source_status": "simulated_fallback_due_ssl_download_failure", "download_error_reason": "CGS ZIP download failed in user environment because of SSL EOF error.", "data_use_note": "This is not an official CGS feature. It is a same-format GeoJSON fallback for course reproducibility."}, "geometry": {"type": "Polygon", "coordinates": [[[-118.609585, 34.101607], [-118.59297, 34.101607], [-118.59297, 34.117707], [-118.609585, 34.117707], [-118.609585, 34.101607]]]}}, {"type": "Feature", "properties": {"OBJECTID": 15, "LS_ID": "FALLBACK_LSI_0015", "COUNTY": "Los Angeles", "ZONE_NAME": "San Gabriel Mountains", "LANDSLIDE_TYPE": "rock slide", "CONFIDENCE": "low", "ACTIVITY": "historic", "YEAR_MAPPED": 1997, "AREA_SQKM_EST": 1.8027, "source_dataset": "California Geological Survey Landslide Inventory", "source_url_attempted": "https://www.conservation.ca.gov/cgs/documents/publications/landslide-inventory/cgs_lsi_20260309.zip", "source_status": "simulated_fallback_due_ssl_download_failure", "download_error_reason": "CGS ZIP download failed in user environment because of SSL EOF error.", "data_use_note": "This is not an official CGS feature. It is a same-format GeoJSON fallback for course reproducibility."}, "geometry": {"type": "Polygon", "coordinates": [[[-117.990481, 34.257467], [-117.973412, 34.257467], [-117.973412, 34.266039], [-117.990481, 34.266039], [-117.990481, 34.257467]]]}}, {"type": "Feature", "properties": {"OBJECTID": 16, "LS_ID": "FALLBACK_LSI_0016", "COUNTY": "Los Angeles", "ZONE_NAME": "San Gabriel Mountains", "LANDSLIDE_TYPE": "deep-seated landslide", "CONFIDENCE": "low", "ACTIVITY": "dormant", "YEAR_MAPPED": 1996, "AREA_SQKM_EST": 1.4707, "source_dataset": "California Geological Survey Landslide Inventory", "source_url_attempted": "https://www.conservation.ca.gov/cgs/documents/publications/landslide-inventory/cgs_lsi_20260309.zip", "source_status": "simulated_fallback_due_ssl_download_failure", "download_error_reason": "CGS ZIP download failed in user environment because of SSL EOF error.", "data_use_note": "This is not an official CGS feature. It is a same-format GeoJSON fallback for course reproducibility."}, "geometry": {"type": "Polygon", "coordinates": [[[-118.117018, 34.235002], [-118.10685, 34.235002], [-118.10685, 34.246741], [-118.117018, 34.246741], [-118.117018, 34.235002]]]}}, {"type": "Feature", "properties": {"OBJECTID": 17, "LS_ID": "FALLBACK_LSI_0017", "COUNTY": "Los Angeles", "ZONE_NAME": "Palos Verdes Peninsula", "LANDSLIDE_TYPE": "debris flow", "CONFIDENCE": "low", "ACTIVITY": "historic", "YEAR_MAPPED": 2021, "AREA_SQKM_EST": 3.4876, "source_dataset": "California Geological Survey Landslide Inventory", "source_url_attempted": "https://www.conservation.ca.gov/cgs/documents/publications/landslide-inventory/cgs_lsi_20260309.zip", "source_status": "simulated_fallback_due_ssl_download_failure", "download_error_reason": "CGS ZIP download failed in user environment because of SSL EOF error.", "data_use_note": "This is not an official CGS feature. It is a same-format GeoJSON fallback for course reproducibility."}, "geometry": {"type": "Polygon", "coordinates": [[[-118.423449, 33.745371], [-118.404926, 33.745371], [-118.404926, 33.760652], [-118.423449, 33.760652], [-118.423449, 33.745371]]]}}, {"type": "Feature", "properties": {"OBJECTID": 18, "LS_ID": "FALLBACK_LSI_0018", "COUNTY": "Los Angeles", "ZONE_NAME": "Santa Monica Mountains", "LANDSLIDE_TYPE": "deep-seated landslide", "CONFIDENCE": "high", "ACTIVITY": "active", "YEAR_MAPPED": 2010, "AREA_SQKM_EST": 4.5167, "source_dataset": "California Geological Survey Landslide Inventory", "source_url_attempted": "https://www.conservation.ca.gov/cgs/documents/publications/landslide-inventory/cgs_lsi_20260309.zip", "source_status": "simulated_fallback_due_ssl_download_failure", "download_error_reason": "CGS ZIP download failed in user environment because of SSL EOF error.", "data_use_note": "This is not an official CGS feature. It is a same-format GeoJSON fallback for course reproducibility."}, "geometry": {"type": "Polygon", "coordinates": [[[-118.750766, 34.01285], [-118.730216, 34.01285], [-118.730216, 34.030689], [-118.750766, 34.030689], [-118.750766, 34.01285]]]}}, {"type": "Feature", "properties": {"OBJECTID": 19, "LS_ID": "FALLBACK_LSI_0019", "COUNTY": "Los Angeles", "ZONE_NAME": "San Gabriel Mountains", "LANDSLIDE_TYPE": "debris flow", "CONFIDENCE": "moderate", "ACTIVITY": "unknown", "YEAR_MAPPED": 1990, "AREA_SQKM_EST": 1.4001, "source_dataset": "California Geological Survey Landslide Inventory", "source_url_attempted": "https://www.conservation.ca.gov/cgs/documents/publications/landslide-inventory/cgs_lsi_20260309.zip", "source_status": "simulated_fallback_due_ssl_download_failure", "download_error_reason": "CGS ZIP download failed in user environment because of SSL EOF error.", "data_use_note": "This is not an official CGS feature. It is a same-format GeoJSON fallback for course reproducibility."}, "geometry": {"type": "Polygon", "coordinates": [[[-118.027283, 34.200868], [-118.006636, 34.200868], [-118.006636, 34.206372], [-118.027283, 34.206372], [-118.027283, 34.200868]]]}}, {"type": "Feature", "properties": {"OBJECTID": 20, "LS_ID": "FALLBACK_LSI_0020", "COUNTY": "Los Angeles", "ZONE_NAME": "Palos Verdes Peninsula", "LANDSLIDE_TYPE": "rock slide", "CONFIDENCE": "high", "ACTIVITY": "historic", "YEAR_MAPPED": 1991, "AREA_SQKM_EST": 1.9557, "source_dataset": "California Geological Survey Landslide Inventory", "source_url_attempted": "https://www.conservation.ca.gov/cgs/documents/publications/landslide-inventory/cgs_lsi_20260309.zip", "source_status": "simulated_fallback_due_ssl_download_failure", "download_error_reason": "CGS ZIP download failed in user environment because of SSL EOF error.", "data_use_note": "This is not an official CGS feature. It is a same-format GeoJSON fallback for course reproducibility."}, "geometry": {"type": "Polygon", "coordinates": [[[-118.448304, 33.768212], [-118.42642, 33.768212], [-118.42642, 33.775465], [-118.448304, 33.775465], [-118.448304, 33.768212]]]}}, {"type": "Feature", "properties": {"OBJECTID": 21, "LS_ID": "FALLBACK_LSI_0021", "COUNTY": "Los Angeles", "ZONE_NAME": "Angeles National Forest", "LANDSLIDE_TYPE": "shallow landslide", "CONFIDENCE": "low", "ACTIVITY": "active", "YEAR_MAPPED": 2003, "AREA_SQKM_EST": 2.4663, "source_dataset": "California Geological Survey Landslide Inventory", "source_url_attempted": "https://www.conservation.ca.gov/cgs/documents/publications/landslide-inventory/cgs_lsi_20260309.zip", "source_status": "simulated_fallback_due_ssl_download_failure", "download_error_reason": "CGS ZIP download failed in user environment because of SSL EOF error.", "data_use_note": "This is not an official CGS feature. It is a same-format GeoJSON fallback for course reproducibility."}, "geometry": {"type": "Polygon", "coordinates": [[[-118.158754, 34.341823], [-118.14367, 34.341823], [-118.14367, 34.355093], [-118.158754, 34.355093], [-118.158754, 34.341823]]]}}, {"type": "Feature", "properties": {"OBJECTID": 22, "LS_ID": "FALLBACK_LSI_0022", "COUNTY": "Los Angeles", "ZONE_NAME": "Palos Verdes Peninsula", "LANDSLIDE_TYPE": "deep-seated landslide", "CONFIDENCE": "moderate", "ACTIVITY": "historic", "YEAR_MAPPED": 1994, "AREA_SQKM_EST": 1.1159, "source_dataset": "California Geological Survey Landslide Inventory", "source_url_attempted": "https://www.conservation.ca.gov/cgs/documents/publications/landslide-inventory/cgs_lsi_20260309.zip", "source_status": "simulated_fallback_due_ssl_download_failure", "download_error_reason": "CGS ZIP download failed in user environment because of SSL EOF error.", "data_use_note": "This is not an official CGS feature. It is a same-format GeoJSON fallback for course reproducibility."}, "geometry": {"type": "Polygon", "coordinates": [[[-118.380009, 33.756209], [-118.373088, 33.756209], [-118.373088, 33.769295], [-118.380009, 33.769295], [-118.380009, 33.756209]]]}}, {"type": "Feature", "properties": {"OBJECTID": 23, "LS_ID": "FALLBACK_LSI_0023", "COUNTY": "Los Angeles", "ZONE_NAME": "Santa Monica Mountains", "LANDSLIDE_TYPE": "deep-seated landslide", "CONFIDENCE": "low", "ACTIVITY": "active", "YEAR_MAPPED": 1987, "AREA_SQKM_EST": 1.3997, "source_dataset": "California Geological Survey Landslide Inventory", "source_url_attempted": "https://www.conservation.ca.gov/cgs/documents/publications/landslide-inventory/cgs_lsi_20260309.zip", "source_status": "simulated_fallback_due_ssl_download_failure", "download_error_reason": "CGS ZIP download failed in user environment because of SSL EOF error.", "data_use_note": "This is not an official CGS feature. It is a same-format GeoJSON fallback for course reproducibility."}, "geometry": {"type": "Polygon", "coordinates": [[[-118.802847, 34.005278], [-118.792699, 34.005278], [-118.792699, 34.016472], [-118.802847, 34.016472], [-118.802847, 34.005278]]]}}, {"type": "Feature", "properties": {"OBJECTID": 24, "LS_ID": "FALLBACK_LSI_0024", "COUNTY": "Los Angeles", "ZONE_NAME": "San Gabriel Mountains", "LANDSLIDE_TYPE": "rock slide", "CONFIDENCE": "moderate", "ACTIVITY": "unknown", "YEAR_MAPPED": 1977, "AREA_SQKM_EST": 0.5336, "source_dataset": "California Geological Survey Landslide Inventory", "source_url_attempted": "https://www.conservation.ca.gov/cgs/documents/publications/landslide-inventory/cgs_lsi_20260309.zip", "source_status": "simulated_fallback_due_ssl_download_failure", "download_error_reason": "CGS ZIP download failed in user environment because of SSL EOF error.", "data_use_note": "This is not an official CGS feature. It is a same-format GeoJSON fallback for course reproducibility."}, "geometry": {"type": "Polygon", "coordinates": [[[-118.045808, 34.287655], [-118.039111, 34.287655], [-118.039111, 34.294122], [-118.045808, 34.294122], [-118.045808, 34.287655]]]}}, {"type": "Feature", "properties": {"OBJECTID": 25, "LS_ID": "FALLBACK_LSI_0025", "COUNTY": "Los Angeles", "ZONE_NAME": "Palos Verdes Peninsula", "LANDSLIDE_TYPE": "shallow landslide", "CONFIDENCE": "moderate", "ACTIVITY": "historic", "YEAR_MAPPED": 1995, "AREA_SQKM_EST": 1.0563, "source_dataset": "California Geological Survey Landslide Inventory", "source_url_attempted": "https://www.conservation.ca.gov/cgs/documents/publications/landslide-inventory/cgs_lsi_20260309.zip", "source_status": "simulated_fallback_due_ssl_download_failure", "download_error_reason": "CGS ZIP download failed in user environment because of SSL EOF error.", "data_use_note": "This is not an official CGS feature. It is a same-format GeoJSON fallback for course reproducibility."}, "geometry": {"type": "Polygon", "coordinates": [[[-118.382496, 33.734799], [-118.375831, 33.734799], [-118.375831, 33.747663], [-118.382496, 33.747663], [-118.382496, 33.734799]]]}}, {"type": "Feature", "properties": {"OBJECTID": 26, "LS_ID": "FALLBACK_LSI_0026", "COUNTY": "Los Angeles", "ZONE_NAME": "San Gabriel Mountains", "LANDSLIDE_TYPE": "debris flow", "CONFIDENCE": "high", "ACTIVITY": "active", "YEAR_MAPPED": 1982, "AREA_SQKM_EST": 4.9393, "source_dataset": "California Geological Survey Landslide Inventory", "source_url_attempted": "https://www.conservation.ca.gov/cgs/documents/publications/landslide-inventory/cgs_lsi_20260309.zip", "source_status": "simulated_fallback_due_ssl_download_failure", "download_error_reason": "CGS ZIP download failed in user environment because of SSL EOF error.", "data_use_note": "This is not an official CGS feature. It is a same-format GeoJSON fallback for course reproducibility."}, "geometry": {"type": "Polygon", "coordinates": [[[-118.063878, 34.239586], [-118.043619, 34.239586], [-118.043619, 34.259374], [-118.063878, 34.259374], [-118.063878, 34.239586]]]}}, {"type": "Feature", "properties": {"OBJECTID": 27, "LS_ID": "FALLBACK_LSI_0027", "COUNTY": "Los Angeles", "ZONE_NAME": "San Gabriel Mountains", "LANDSLIDE_TYPE": "rock slide", "CONFIDENCE": "low", "ACTIVITY": "historic", "YEAR_MAPPED": 2013, "AREA_SQKM_EST": 0.7928, "source_dataset": "California Geological Survey Landslide Inventory", "source_url_attempted": "https://www.conservation.ca.gov/cgs/documents/publications/landslide-inventory/cgs_lsi_20260309.zip", "source_status": "simulated_fallback_due_ssl_download_failure", "download_error_reason": "CGS ZIP download failed in user environment because of SSL EOF error.", "data_use_note": "This is not an official CGS feature. It is a same-format GeoJSON fallback for course reproducibility."}, "geometry": {"type": "Polygon", "coordinates": [[[-117.986443, 34.225269], [-117.981126, 34.225269], [-117.981126, 34.23737], [-117.986443, 34.23737], [-117.986443, 34.225269]]]}}, {"type": "Feature", "properties": {"OBJECTID": 28, "LS_ID": "FALLBACK_LSI_0028", "COUNTY": "Los Angeles", "ZONE_NAME": "San Gabriel Mountains", "LANDSLIDE_TYPE": "rock slide", "CONFIDENCE": "moderate", "ACTIVITY": "dormant", "YEAR_MAPPED": 2014, "AREA_SQKM_EST": 1.3634, "source_dataset": "California Geological Survey Landslide Inventory", "source_url_attempted": "https://www.conservation.ca.gov/cgs/documents/publications/landslide-inventory/cgs_lsi_20260309.zip", "source_status": "simulated_fallback_due_ssl_download_failure", "download_error_reason": "CGS ZIP download failed in user environment because of SSL EOF error.", "data_use_note": "This is not an official CGS feature. It is a same-format GeoJSON fallback for course reproducibility."}, "geometry": {"type": "Polygon", "coordinates": [[[-118.012444, 34.250709], [-118.000257, 34.250709], [-118.000257, 34.259788], [-118.012444, 34.259788], [-118.012444, 34.250709]]]}}, {"type": "Feature", "properties": {"OBJECTID": 29, "LS_ID": "FALLBACK_LSI_0029", "COUNTY": "Los Angeles", "ZONE_NAME": "Palos Verdes Peninsula", "LANDSLIDE_TYPE": "shallow landslide", "CONFIDENCE": "high", "ACTIVITY": "dormant", "YEAR_MAPPED": 1979, "AREA_SQKM_EST": 2.539, "source_dataset": "California Geological Survey Landslide Inventory", "source_url_attempted": "https://www.conservation.ca.gov/cgs/documents/publications/landslide-inventory/cgs_lsi_20260309.zip", "source_status": "simulated_fallback_due_ssl_download_failure", "download_error_reason": "CGS ZIP download failed in user environment because of SSL EOF error.", "data_use_note": "This is not an official CGS feature. It is a same-format GeoJSON fallback for course reproducibility."}, "geometry": {"type": "Polygon", "coordinates": [[[-118.418836, 33.749282], [-118.405584, 33.749282], [-118.405584, 33.764832], [-118.418836, 33.764832], [-118.418836, 33.749282]]]}}, {"type": "Feature", "properties": {"OBJECTID": 30, "LS_ID": "FALLBACK_LSI_0030", "COUNTY": "Los Angeles", "ZONE_NAME": "Angeles National Forest", "LANDSLIDE_TYPE": "shallow landslide", "CONFIDENCE": "moderate", "ACTIVITY": "dormant", "YEAR_MAPPED": 1979, "AREA_SQKM_EST": 1.9285, "source_dataset": "California Geological Survey Landslide Inventory", "source_url_attempted": "https://www.conservation.ca.gov/cgs/documents/publications/landslide-inventory/cgs_lsi_20260309.zip", "source_status": "simulated_fallback_due_ssl_download_failure", "download_error_reason": "CGS ZIP download failed in user environment because of SSL EOF error.", "data_use_note": "This is not an official CGS feature. It is a same-format GeoJSON fallback for course reproducibility."}, "geometry": {"type": "Polygon", "coordinates": [[[-118.214314, 34.358162], [-118.194533, 34.358162], [-118.194533, 34.366075], [-118.214314, 34.366075], [-118.214314, 34.358162]]]}}, {"type": "Feature", "properties": {"OBJECTID": 31, "LS_ID": "FALLBACK_LSI_0031", "COUNTY": "Los Angeles", "ZONE_NAME": "San Gabriel Mountains", "LANDSLIDE_TYPE": "shallow landslide", "CONFIDENCE": "high", "ACTIVITY": "unknown", "YEAR_MAPPED": 2024, "AREA_SQKM_EST": 0.9808, "source_dataset": "California Geological Survey Landslide Inventory", "source_url_attempted": "https://www.conservation.ca.gov/cgs/documents/publications/landslide-inventory/cgs_lsi_20260309.zip", "source_status": "simulated_fallback_due_ssl_download_failure", "download_error_reason": "CGS ZIP download failed in user environment because of SSL EOF error.", "data_use_note": "This is not an official CGS feature. It is a same-format GeoJSON fallback for course reproducibility."}, "geometry": {"type": "Polygon", "coordinates": [[[-118.276355, 34.279679], [-118.269864, 34.279679], [-118.269864, 34.291942], [-118.276355, 34.291942], [-118.276355, 34.279679]]]}}, {"type": "Feature", "properties": {"OBJECTID": 32, "LS_ID": "FALLBACK_LSI_0032", "COUNTY": "Los Angeles", "ZONE_NAME": "Angeles National Forest", "LANDSLIDE_TYPE": "shallow landslide", "CONFIDENCE": "moderate", "ACTIVITY": "active", "YEAR_MAPPED": 2011, "AREA_SQKM_EST": 1.4827, "source_dataset": "California Geological Survey Landslide Inventory", "source_url_attempted": "https://www.conservation.ca.gov/cgs/documents/publications/landslide-inventory/cgs_lsi_20260309.zip", "source_status": "simulated_fallback_due_ssl_download_failure", "download_error_reason": "CGS ZIP download failed in user environment because of SSL EOF error.", "data_use_note": "This is not an official CGS feature. It is a same-format GeoJSON fallback for course reproducibility."}, "geometry": {"type": "Polygon", "coordinates": [[[-118.21545, 34.362653], [-118.204861, 34.362653], [-118.204861, 34.374018], [-118.21545, 34.374018], [-118.21545, 34.362653]]]}}, {"type": "Feature", "properties": {"OBJECTID": 33, "LS_ID": "FALLBACK_LSI_0033", "COUNTY": "Los Angeles", "ZONE_NAME": "Santa Monica Mountains", "LANDSLIDE_TYPE": "deep-seated landslide", "CONFIDENCE": "moderate", "ACTIVITY": "historic", "YEAR_MAPPED": 1981, "AREA_SQKM_EST": 2.5197, "source_dataset": "California Geological Survey Landslide Inventory", "source_url_attempted": "https://www.conservation.ca.gov/cgs/documents/publications/landslide-inventory/cgs_lsi_20260309.zip", "source_status": "simulated_fallback_due_ssl_download_failure", "download_error_reason": "CGS ZIP download failed in user environment because of SSL EOF error.", "data_use_note": "This is not an official CGS feature. It is a same-format GeoJSON fallback for course reproducibility."}, "geometry": {"type": "Polygon", "coordinates": [[[-118.692112, 34.064633], [-118.672639, 34.064633], [-118.672639, 34.075136], [-118.692112, 34.075136], [-118.692112, 34.064633]]]}}, {"type": "Feature", "properties": {"OBJECTID": 34, "LS_ID": "FALLBACK_LSI_0034", "COUNTY": "Los Angeles", "ZONE_NAME": "Angeles National Forest", "LANDSLIDE_TYPE": "earth flow", "CONFIDENCE": "moderate", "ACTIVITY": "active", "YEAR_MAPPED": 1995, "AREA_SQKM_EST": 3.9592, "source_dataset": "California Geological Survey Landslide Inventory", "source_url_attempted": "https://www.conservation.ca.gov/cgs/documents/publications/landslide-inventory/cgs_lsi_20260309.zip", "source_status": "simulated_fallback_due_ssl_download_failure", "download_error_reason": "CGS ZIP download failed in user environment because of SSL EOF error.", "data_use_note": "This is not an official CGS feature. It is a same-format GeoJSON fallback for course reproducibility."}, "geometry": {"type": "Polygon", "coordinates": [[[-118.162825, 34.376283], [-118.142908, 34.376283], [-118.142908, 34.392418], [-118.162825, 34.392418], [-118.162825, 34.376283]]]}}, {"type": "Feature", "properties": {"OBJECTID": 35, "LS_ID": "FALLBACK_LSI_0035", "COUNTY": "Los Angeles", "ZONE_NAME": "San Gabriel Mountains", "LANDSLIDE_TYPE": "earth flow", "CONFIDENCE": "moderate", "ACTIVITY": "historic", "YEAR_MAPPED": 1989, "AREA_SQKM_EST": 2.7655, "source_dataset": "California Geological Survey Landslide Inventory", "source_url_attempted": "https://www.conservation.ca.gov/cgs/documents/publications/landslide-inventory/cgs_lsi_20260309.zip", "source_status": "simulated_fallback_due_ssl_download_failure", "download_error_reason": "CGS ZIP download failed in user environment because of SSL EOF error.", "data_use_note": "This is not an official CGS feature. It is a same-format GeoJSON fallback for course reproducibility."}, "geometry": {"type": "Polygon", "coordinates": [[[-118.023187, 34.197248], [-118.003742, 34.197248], [-118.003742, 34.208791], [-118.023187, 34.208791], [-118.023187, 34.197248]]]}}, {"type": "Feature", "properties": {"OBJECTID": 36, "LS_ID": "FALLBACK_LSI_0036", "COUNTY": "Los Angeles", "ZONE_NAME": "San Gabriel Mountains", "LANDSLIDE_TYPE": "deep-seated landslide", "CONFIDENCE": "moderate", "ACTIVITY": "historic", "YEAR_MAPPED": 1988, "AREA_SQKM_EST": 0.7602, "source_dataset": "California Geological Survey Landslide Inventory", "source_url_attempted": "https://www.conservation.ca.gov/cgs/documents/publications/landslide-inventory/cgs_lsi_20260309.zip", "source_status": "simulated_fallback_due_ssl_download_failure", "download_error_reason": "CGS ZIP download failed in user environment because of SSL EOF error.", "data_use_note": "This is not an official CGS feature. It is a same-format GeoJSON fallback for course reproducibility."}, "geometry": {"type": "Polygon", "coordinates": [[[-118.105354, 34.24025], [-118.099661, 34.24025], [-118.099661, 34.251088], [-118.105354, 34.251088], [-118.105354, 34.24025]]]}}, {"type": "Feature", "properties": {"OBJECTID": 37, "LS_ID": "FALLBACK_LSI_0037", "COUNTY": "Los Angeles", "ZONE_NAME": "Santa Monica Mountains", "LANDSLIDE_TYPE": "earth flow", "CONFIDENCE": "moderate", "ACTIVITY": "dormant", "YEAR_MAPPED": 1988, "AREA_SQKM_EST": 1.1223, "source_dataset": "California Geological Survey Landslide Inventory", "source_url_attempted": "https://www.conservation.ca.gov/cgs/documents/publications/landslide-inventory/cgs_lsi_20260309.zip", "source_status": "simulated_fallback_due_ssl_download_failure", "download_error_reason": "CGS ZIP download failed in user environment because of SSL EOF error.", "data_use_note": "This is not an official CGS feature. It is a same-format GeoJSON fallback for course reproducibility."}, "geometry": {"type": "Polygon", "coordinates": [[[-118.887196, 34.049125], [-118.880182, 34.049125], [-118.880182, 34.062114], [-118.887196, 34.062114], [-118.887196, 34.049125]]]}}, {"type": "Feature", "properties": {"OBJECTID": 38, "LS_ID": "FALLBACK_LSI_0038", "COUNTY": "Los Angeles", "ZONE_NAME": "Santa Monica Mountains", "LANDSLIDE_TYPE": "deep-seated landslide", "CONFIDENCE": "high", "ACTIVITY": "unknown", "YEAR_MAPPED": 2025, "AREA_SQKM_EST": 2.4587, "source_dataset": "California Geological Survey Landslide Inventory", "source_url_attempted": "https://www.conservation.ca.gov/cgs/documents/publications/landslide-inventory/cgs_lsi_20260309.zip", "source_status": "simulated_fallback_due_ssl_download_failure", "download_error_reason": "CGS ZIP download failed in user environment because of SSL EOF error.", "data_use_note": "This is not an official CGS feature. It is a same-format GeoJSON fallback for course reproducibility."}, "geometry": {"type": "Polygon", "coordinates": [[[-118.681863, 34.069859], [-118.665845, 34.069859], [-118.665845, 34.082318], [-118.681863, 34.082318], [-118.681863, 34.069859]]]}}, {"type": "Feature", "properties": {"OBJECTID": 39, "LS_ID": "FALLBACK_LSI_0039", "COUNTY": "Los Angeles", "ZONE_NAME": "Angeles National Forest", "LANDSLIDE_TYPE": "shallow landslide", "CONFIDENCE": "high", "ACTIVITY": "dormant", "YEAR_MAPPED": 2009, "AREA_SQKM_EST": 3.5531, "source_dataset": "California Geological Survey Landslide Inventory", "source_url_attempted": "https://www.conservation.ca.gov/cgs/documents/publications/landslide-inventory/cgs_lsi_20260309.zip", "source_status": "simulated_fallback_due_ssl_download_failure", "download_error_reason": "CGS ZIP download failed in user environment because of SSL EOF error.", "data_use_note": "This is not an official CGS feature. It is a same-format GeoJSON fallback for course reproducibility."}, "geometry": {"type": "Polygon", "coordinates": [[[-118.2272, 34.339902], [-118.211103, 34.339902], [-118.211103, 34.357817], [-118.2272, 34.357817], [-118.2272, 34.339902]]]}}, {"type": "Feature", "properties": {"OBJECTID": 40, "LS_ID": "FALLBACK_LSI_0040", "COUNTY": "Los Angeles", "ZONE_NAME": "Angeles National Forest", "LANDSLIDE_TYPE": "rock slide", "CONFIDENCE": "moderate", "ACTIVITY": "historic", "YEAR_MAPPED": 1990, "AREA_SQKM_EST": 0.8852, "source_dataset": "California Geological Survey Landslide Inventory", "source_url_attempted": "https://www.conservation.ca.gov/cgs/documents/publications/landslide-inventory/cgs_lsi_20260309.zip", "source_status": "simulated_fallback_due_ssl_download_failure", "download_error_reason": "CGS ZIP download failed in user environment because of SSL EOF error.", "data_use_note": "This is not an official CGS feature. It is a same-format GeoJSON fallback for course reproducibility."}, "geometry": {"type": "Polygon", "coordinates": [[[-118.197447, 34.321688], [-118.186556, 34.321688], [-118.186556, 34.328284], [-118.197447, 34.328284], [-118.197447, 34.321688]]]}}, {"type": "Feature", "properties": {"OBJECTID": 41, "LS_ID": "FALLBACK_LSI_0041", "COUNTY": "Los Angeles", "ZONE_NAME": "Santa Monica Mountains", "LANDSLIDE_TYPE": "earth flow", "CONFIDENCE": "high", "ACTIVITY": "active", "YEAR_MAPPED": 2024, "AREA_SQKM_EST": 1.32, "source_dataset": "California Geological Survey Landslide Inventory", "source_url_attempted": "https://www.conservation.ca.gov/cgs/documents/publications/landslide-inventory/cgs_lsi_20260309.zip", "source_status": "simulated_fallback_due_ssl_download_failure", "download_error_reason": "CGS ZIP download failed in user environment because of SSL EOF error.", "data_use_note": "This is not an official CGS feature. It is a same-format GeoJSON fallback for course reproducibility."}, "geometry": {"type": "Polygon", "coordinates": [[[-118.695545, 34.06842], [-118.687756, 34.06842], [-118.687756, 34.082176], [-118.695545, 34.082176], [-118.695545, 34.06842]]]}}, {"type": "Feature", "properties": {"OBJECTID": 42, "LS_ID": "FALLBACK_LSI_0042", "COUNTY": "Los Angeles", "ZONE_NAME": "Santa Monica Mountains", "LANDSLIDE_TYPE": "shallow landslide", "CONFIDENCE": "moderate", "ACTIVITY": "dormant", "YEAR_MAPPED": 2003, "AREA_SQKM_EST": 2.8658, "source_dataset": "California Geological Survey Landslide Inventory", "source_url_attempted": "https://www.conservation.ca.gov/cgs/documents/publications/landslide-inventory/cgs_lsi_20260309.zip", "source_status": "simulated_fallback_due_ssl_download_failure", "download_error_reason": "CGS ZIP download failed in user environment because of SSL EOF error.", "data_use_note": "This is not an official CGS feature. It is a same-format GeoJSON fallback for course reproducibility."}, "geometry": {"type": "Polygon", "coordinates": [[[-118.745261, 34.060935], [-118.7277, 34.060935], [-118.7277, 34.07418], [-118.745261, 34.07418], [-118.745261, 34.060935]]]}}, {"type": "Feature", "properties": {"OBJECTID": 43, "LS_ID": "FALLBACK_LSI_0043", "COUNTY": "Los Angeles", "ZONE_NAME": "Angeles National Forest", "LANDSLIDE_TYPE": "earth flow", "CONFIDENCE": "moderate", "ACTIVITY": "dormant", "YEAR_MAPPED": 1979, "AREA_SQKM_EST": 2.8424, "source_dataset": "California Geological Survey Landslide Inventory", "source_url_attempted": "https://www.conservation.ca.gov/cgs/documents/publications/landslide-inventory/cgs_lsi_20260309.zip", "source_status": "simulated_fallback_due_ssl_download_failure", "download_error_reason": "CGS ZIP download failed in user environment because of SSL EOF error.", "data_use_note": "This is not an official CGS feature. It is a same-format GeoJSON fallback for course reproducibility."}, "geometry": {"type": "Polygon", "coordinates": [[[-118.266761, 34.273628], [-118.245881, 34.273628], [-118.245881, 34.284677], [-118.266761, 34.284677], [-118.266761, 34.273628]]]}}, {"type": "Feature", "properties": {"OBJECTID": 44, "LS_ID": "FALLBACK_LSI_0044", "COUNTY": "Los Angeles", "ZONE_NAME": "Santa Monica Mountains", "LANDSLIDE_TYPE": "debris flow", "CONFIDENCE": "high", "ACTIVITY": "unknown", "YEAR_MAPPED": 1976, "AREA_SQKM_EST": 1.7185, "source_dataset": "California Geological Survey Landslide Inventory", "source_url_attempted": "https://www.conservation.ca.gov/cgs/documents/publications/landslide-inventory/cgs_lsi_20260309.zip", "source_status": "simulated_fallback_due_ssl_download_failure", "download_error_reason": "CGS ZIP download failed in user environment because of SSL EOF error.", "data_use_note": "This is not an official CGS feature. It is a same-format GeoJSON fallback for course reproducibility."}, "geometry": {"type": "Polygon", "coordinates": [[[-118.638703, 34.054426], [-118.62635, 34.054426], [-118.62635, 34.065717], [-118.638703, 34.065717], [-118.638703, 34.054426]]]}}, {"type": "Feature", "properties": {"OBJECTID": 45, "LS_ID": "FALLBACK_LSI_0045", "COUNTY": "Los Angeles", "ZONE_NAME": "Angeles National Forest", "LANDSLIDE_TYPE": "rock slide", "CONFIDENCE": "low", "ACTIVITY": "active", "YEAR_MAPPED": 1995, "AREA_SQKM_EST": 3.4648, "source_dataset": "California Geological Survey Landslide Inventory", "source_url_attempted": "https://www.conservation.ca.gov/cgs/documents/publications/landslide-inventory/cgs_lsi_20260309.zip", "source_status": "simulated_fallback_due_ssl_download_failure", "download_error_reason": "CGS ZIP download failed in user environment because of SSL EOF error.", "data_use_note": "This is not an official CGS feature. It is a same-format GeoJSON fallback for course reproducibility."}, "geometry": {"type": "Polygon", "coordinates": [[[-118.305248, 34.350018], [-118.283869, 34.350018], [-118.283869, 34.363172], [-118.305248, 34.363172], [-118.305248, 34.350018]]]}}, {"type": "Feature", "properties": {"OBJECTID": 46, "LS_ID": "FALLBACK_LSI_0046", "COUNTY": "Los Angeles", "ZONE_NAME": "San Gabriel Mountains", "LANDSLIDE_TYPE": "debris flow", "CONFIDENCE": "low", "ACTIVITY": "historic", "YEAR_MAPPED": 2018, "AREA_SQKM_EST": 2.8321, "source_dataset": "California Geological Survey Landslide Inventory", "source_url_attempted": "https://www.conservation.ca.gov/cgs/documents/publications/landslide-inventory/cgs_lsi_20260309.zip", "source_status": "simulated_fallback_due_ssl_download_failure", "download_error_reason": "CGS ZIP download failed in user environment because of SSL EOF error.", "data_use_note": "This is not an official CGS feature. It is a same-format GeoJSON fallback for course reproducibility."}, "geometry": {"type": "Polygon", "coordinates": [[[-117.990141, 34.223372], [-117.966699, 34.223372], [-117.966699, 34.233178], [-117.990141, 34.233178], [-117.990141, 34.223372]]]}}, {"type": "Feature", "properties": {"OBJECTID": 47, "LS_ID": "FALLBACK_LSI_0047", "COUNTY": "Los Angeles", "ZONE_NAME": "Santa Monica Mountains", "LANDSLIDE_TYPE": "deep-seated landslide", "CONFIDENCE": "high", "ACTIVITY": "historic", "YEAR_MAPPED": 1985, "AREA_SQKM_EST": 0.8527, "source_dataset": "California Geological Survey Landslide Inventory", "source_url_attempted": "https://www.conservation.ca.gov/cgs/documents/publications/landslide-inventory/cgs_lsi_20260309.zip", "source_status": "simulated_fallback_due_ssl_download_failure", "download_error_reason": "CGS ZIP download failed in user environment because of SSL EOF error.", "data_use_note": "This is not an official CGS feature. It is a same-format GeoJSON fallback for course reproducibility."}, "geometry": {"type": "Polygon", "coordinates": [[[-118.709704, 34.083221], [-118.697967, 34.083221], [-118.697967, 34.089117], [-118.709704, 34.089117], [-118.709704, 34.083221]]]}}, {"type": "Feature", "properties": {"OBJECTID": 48, "LS_ID": "FALLBACK_LSI_0048", "COUNTY": "Los Angeles", "ZONE_NAME": "San Gabriel Mountains", "LANDSLIDE_TYPE": "rock slide", "CONFIDENCE": "low", "ACTIVITY": "dormant", "YEAR_MAPPED": 2010, "AREA_SQKM_EST": 5.0938, "source_dataset": "California Geological Survey Landslide Inventory", "source_url_attempted": "https://www.conservation.ca.gov/cgs/documents/publications/landslide-inventory/cgs_lsi_20260309.zip", "source_status": "simulated_fallback_due_ssl_download_failure", "download_error_reason": "CGS ZIP download failed in user environment because of SSL EOF error.", "data_use_note": "This is not an official CGS feature. It is a same-format GeoJSON fallback for course reproducibility."}, "geometry": {"type": "Polygon", "coordinates": [[[-118.018969, 34.252405], [-117.995961, 34.252405], [-117.995961, 34.270374], [-118.018969, 34.270374], [-118.018969, 34.252405]]]}}, {"type": "Feature", "properties": {"OBJECTID": 49, "LS_ID": "FALLBACK_LSI_0049", "COUNTY": "Los Angeles", "ZONE_NAME": "San Gabriel Mountains", "LANDSLIDE_TYPE": "rock slide", "CONFIDENCE": "low", "ACTIVITY": "unknown", "YEAR_MAPPED": 2009, "AREA_SQKM_EST": 0.3746, "source_dataset": "California Geological Survey Landslide Inventory", "source_url_attempted": "https://www.conservation.ca.gov/cgs/documents/publications/landslide-inventory/cgs_lsi_20260309.zip", "source_status": "simulated_fallback_due_ssl_download_failure", "download_error_reason": "CGS ZIP download failed in user environment because of SSL EOF error.", "data_use_note": "This is not an official CGS feature. It is a same-format GeoJSON fallback for course reproducibility."}, "geometry": {"type": "Polygon", "coordinates": [[[-118.052172, 34.228822], [-118.047049, 34.228822], [-118.047049, 34.234757], [-118.052172, 34.234757], [-118.052172, 34.228822]]]}}, {"type": "Feature", "properties": {"OBJECTID": 50, "LS_ID": "FALLBACK_LSI_0050", "COUNTY": "Los Angeles", "ZONE_NAME": "Palos Verdes Peninsula", "LANDSLIDE_TYPE": "debris flow", "CONFIDENCE": "high", "ACTIVITY": "active", "YEAR_MAPPED": 2001, "AREA_SQKM_EST": 1.8107, "source_dataset": "California Geological Survey Landslide Inventory", "source_url_attempted": "https://www.conservation.ca.gov/cgs/documents/publications/landslide-inventory/cgs_lsi_20260309.zip", "source_status": "simulated_fallback_due_ssl_download_failure", "download_error_reason": "CGS ZIP download failed in user environment because of SSL EOF error.", "data_use_note": "This is not an official CGS feature. It is a same-format GeoJSON fallback for course reproducibility."}, "geometry": {"type": "Polygon", "coordinates": [[[-118.426408, 33.778541], [-118.404456, 33.778541], [-118.404456, 33.785236], [-118.426408, 33.785236], [-118.426408, 33.778541]]]}}, {"type": "Feature", "properties": {"OBJECTID": 51, "LS_ID": "FALLBACK_LSI_0051", "COUNTY": "Los Angeles", "ZONE_NAME": "San Gabriel Mountains", "LANDSLIDE_TYPE": "deep-seated landslide", "CONFIDENCE": "high", "ACTIVITY": "historic", "YEAR_MAPPED": 2019, "AREA_SQKM_EST": 4.8908, "source_dataset": "California Geological Survey Landslide Inventory", "source_url_attempted": "https://www.conservation.ca.gov/cgs/documents/publications/landslide-inventory/cgs_lsi_20260309.zip", "source_status": "simulated_fallback_due_ssl_download_failure", "download_error_reason": "CGS ZIP download failed in user environment because of SSL EOF error.", "data_use_note": "This is not an official CGS feature. It is a same-format GeoJSON fallback for course reproducibility."}, "geometry": {"type": "Polygon", "coordinates": [[[-118.14029, 34.194083], [-118.119897, 34.194083], [-118.119897, 34.213548], [-118.14029, 34.213548], [-118.14029, 34.194083]]]}}, {"type": "Feature", "properties": {"OBJECTID": 52, "LS_ID": "FALLBACK_LSI_0052", "COUNTY": "Los Angeles", "ZONE_NAME": "San Gabriel Mountains", "LANDSLIDE_TYPE": "debris flow", "CONFIDENCE": "moderate", "ACTIVITY": "unknown", "YEAR_MAPPED": 2024, "AREA_SQKM_EST": 3.7725, "source_dataset": "California Geological Survey Landslide Inventory", "source_url_attempted": "https://www.conservation.ca.gov/cgs/documents/publications/landslide-inventory/cgs_lsi_20260309.zip", "source_status": "simulated_fallback_due_ssl_download_failure", "download_error_reason": "CGS ZIP download failed in user environment because of SSL EOF error.", "data_use_note": "This is not an official CGS feature. It is a same-format GeoJSON fallback for course reproducibility."}, "geometry": {"type": "Polygon", "coordinates": [[[-118.043325, 34.235349], [-118.021979, 34.235349], [-118.021979, 34.249692], [-118.043325, 34.249692], [-118.043325, 34.235349]]]}}, {"type": "Feature", "properties": {"OBJECTID": 53, "LS_ID": "FALLBACK_LSI_0053", "COUNTY": "Los Angeles", "ZONE_NAME": "San Gabriel Mountains", "LANDSLIDE_TYPE": "debris flow", "CONFIDENCE": "high", "ACTIVITY": "historic", "YEAR_MAPPED": 2010, "AREA_SQKM_EST": 1.4811, "source_dataset": "California Geological Survey Landslide Inventory", "source_url_attempted": "https://www.conservation.ca.gov/cgs/documents/publications/landslide-inventory/cgs_lsi_20260309.zip", "source_status": "simulated_fallback_due_ssl_download_failure", "download_error_reason": "CGS ZIP download failed in user environment because of SSL EOF error.", "data_use_note": "This is not an official CGS feature. It is a same-format GeoJSON fallback for course reproducibility."}, "geometry": {"type": "Polygon", "coordinates": [[[-118.093443, 34.28407], [-118.070519, 34.28407], [-118.070519, 34.289313], [-118.093443, 34.289313], [-118.093443, 34.28407]]]}}, {"type": "Feature", "properties": {"OBJECTID": 54, "LS_ID": "FALLBACK_LSI_0054", "COUNTY": "Los Angeles", "ZONE_NAME": "Angeles National Forest", "LANDSLIDE_TYPE": "earth flow", "CONFIDENCE": "moderate", "ACTIVITY": "historic", "YEAR_MAPPED": 2014, "AREA_SQKM_EST": 2.7963, "source_dataset": "California Geological Survey Landslide Inventory", "source_url_attempted": "https://www.conservation.ca.gov/cgs/documents/publications/landslide-inventory/cgs_lsi_20260309.zip", "source_status": "simulated_fallback_due_ssl_download_failure", "download_error_reason": "CGS ZIP download failed in user environment because of SSL EOF error.", "data_use_note": "This is not an official CGS feature. It is a same-format GeoJSON fallback for course reproducibility."}, "geometry": {"type": "Polygon", "coordinates": [[[-118.163694, 34.348804], [-118.151568, 34.348804], [-118.151568, 34.36752], [-118.163694, 34.36752], [-118.163694, 34.348804]]]}}, {"type": "Feature", "properties": {"OBJECTID": 55, "LS_ID": "FALLBACK_LSI_0055", "COUNTY": "Los Angeles", "ZONE_NAME": "Santa Monica Mountains", "LANDSLIDE_TYPE": "shallow landslide", "CONFIDENCE": "high", "ACTIVITY": "active", "YEAR_MAPPED": 2016, "AREA_SQKM_EST": 0.6485, "source_dataset": "California Geological Survey Landslide Inventory", "source_url_attempted": "https://www.conservation.ca.gov/cgs/documents/publications/landslide-inventory/cgs_lsi_20260309.zip", "source_status": "simulated_fallback_due_ssl_download_failure", "download_error_reason": "CGS ZIP download failed in user environment because of SSL EOF error.", "data_use_note": "This is not an official CGS feature. It is a same-format GeoJSON fallback for course reproducibility."}, "geometry": {"type": "Polygon", "coordinates": [[[-118.665045, 34.112513], [-118.658312, 34.112513], [-118.658312, 34.12033], [-118.665045, 34.12033], [-118.665045, 34.112513]]]}}, {"type": "Feature", "properties": {"OBJECTID": 56, "LS_ID": "FALLBACK_LSI_0056", "COUNTY": "Los Angeles", "ZONE_NAME": "Palos Verdes Peninsula", "LANDSLIDE_TYPE": "rock slide", "CONFIDENCE": "moderate", "ACTIVITY": "active", "YEAR_MAPPED": 2002, "AREA_SQKM_EST": 1.8644, "source_dataset": "California Geological Survey Landslide Inventory", "source_url_attempted": "https://www.conservation.ca.gov/cgs/documents/publications/landslide-inventory/cgs_lsi_20260309.zip", "source_status": "simulated_fallback_due_ssl_download_failure", "download_error_reason": "CGS ZIP download failed in user environment because of SSL EOF error.", "data_use_note": "This is not an official CGS feature. It is a same-format GeoJSON fallback for course reproducibility."}, "geometry": {"type": "Polygon", "coordinates": [[[-118.412152, 33.747776], [-118.39974, 33.747776], [-118.39974, 33.759967], [-118.412152, 33.759967], [-118.412152, 33.747776]]]}}, {"type": "Feature", "properties": {"OBJECTID": 57, "LS_ID": "FALLBACK_LSI_0057", "COUNTY": "Los Angeles", "ZONE_NAME": "Angeles National Forest", "LANDSLIDE_TYPE": "deep-seated landslide", "CONFIDENCE": "low", "ACTIVITY": "active", "YEAR_MAPPED": 2005, "AREA_SQKM_EST": 1.7417, "source_dataset": "California Geological Survey Landslide Inventory", "source_url_attempted": "https://www.conservation.ca.gov/cgs/documents/publications/landslide-inventory/cgs_lsi_20260309.zip", "source_status": "simulated_fallback_due_ssl_download_failure", "download_error_reason": "CGS ZIP download failed in user environment because of SSL EOF error.", "data_use_note": "This is not an official CGS feature. It is a same-format GeoJSON fallback for course reproducibility."}, "geometry": {"type": "Polygon", "coordinates": [[[-118.232281, 34.425134], [-118.216731, 34.425134], [-118.216731, 34.434224], [-118.232281, 34.434224], [-118.232281, 34.425134]]]}}, {"type": "Feature", "properties": {"OBJECTID": 58, "LS_ID": "FALLBACK_LSI_0058", "COUNTY": "Los Angeles", "ZONE_NAME": "Santa Monica Mountains", "LANDSLIDE_TYPE": "rock slide", "CONFIDENCE": "high", "ACTIVITY": "active", "YEAR_MAPPED": 2010, "AREA_SQKM_EST": 4.6447, "source_dataset": "California Geological Survey Landslide Inventory", "source_url_attempted": "https://www.conservation.ca.gov/cgs/documents/publications/landslide-inventory/cgs_lsi_20260309.zip", "source_status": "simulated_fallback_due_ssl_download_failure", "download_error_reason": "CGS ZIP download failed in user environment because of SSL EOF error.", "data_use_note": "This is not an official CGS feature. It is a same-format GeoJSON fallback for course reproducibility."}, "geometry": {"type": "Polygon", "coordinates": [[[-118.71056, 34.074764], [-118.689813, 34.074764], [-118.689813, 34.092935], [-118.71056, 34.092935], [-118.71056, 34.074764]]]}}, {"type": "Feature", "properties": {"OBJECTID": 59, "LS_ID": "FALLBACK_LSI_0059", "COUNTY": "Los Angeles", "ZONE_NAME": "Palos Verdes Peninsula", "LANDSLIDE_TYPE": "debris flow", "CONFIDENCE": "low", "ACTIVITY": "active", "YEAR_MAPPED": 2007, "AREA_SQKM_EST": 2.8052, "source_dataset": "California Geological Survey Landslide Inventory", "source_url_attempted": "https://www.conservation.ca.gov/cgs/documents/publications/landslide-inventory/cgs_lsi_20260309.zip", "source_status": "simulated_fallback_due_ssl_download_failure", "download_error_reason": "CGS ZIP download failed in user environment because of SSL EOF error.", "data_use_note": "This is not an official CGS feature. It is a same-format GeoJSON fallback for course reproducibility."}, "geometry": {"type": "Polygon", "coordinates": [[[-118.340573, 33.719054], [-118.324896, 33.719054], [-118.324896, 33.733577], [-118.340573, 33.733577], [-118.340573, 33.719054]]]}}, {"type": "Feature", "properties": {"OBJECTID": 60, "LS_ID": "FALLBACK_LSI_0060", "COUNTY": "Los Angeles", "ZONE_NAME": "San Gabriel Mountains", "LANDSLIDE_TYPE": "earth flow", "CONFIDENCE": "moderate", "ACTIVITY": "active", "YEAR_MAPPED": 2006, "AREA_SQKM_EST": 3.0069, "source_dataset": "California Geological Survey Landslide Inventory", "source_url_attempted": "https://www.conservation.ca.gov/cgs/documents/publications/landslide-inventory/cgs_lsi_20260309.zip", "source_status": "simulated_fallback_due_ssl_download_failure", "download_error_reason": "CGS ZIP download failed in user environment because of SSL EOF error.", "data_use_note": "This is not an official CGS feature. It is a same-format GeoJSON fallback for course reproducibility."}, "geometry": {"type": "Polygon", "coordinates": [[[-117.999378, 34.25138], [-117.985757, 34.25138], [-117.985757, 34.269297], [-117.999378, 34.269297], [-117.999378, 34.25138]]]}}, {"type": "Feature", "properties": {"OBJECTID": 61, "LS_ID": "FALLBACK_LSI_0061", "COUNTY": "Los Angeles", "ZONE_NAME": "Santa Monica Mountains", "LANDSLIDE_TYPE": "debris flow", "CONFIDENCE": "high", "ACTIVITY": "active", "YEAR_MAPPED": 1990, "AREA_SQKM_EST": 3.4192, "source_dataset": "California Geological Survey Landslide Inventory", "source_url_attempted": "https://www.conservation.ca.gov/cgs/documents/publications/landslide-inventory/cgs_lsi_20260309.zip", "source_status": "simulated_fallback_due_ssl_download_failure", "download_error_reason": "CGS ZIP download failed in user environment because of SSL EOF error.", "data_use_note": "This is not an official CGS feature. It is a same-format GeoJSON fallback for course reproducibility."}, "geometry": {"type": "Polygon", "coordinates": [[[-118.668241, 34.08687], [-118.648097, 34.08687], [-118.648097, 34.100646], [-118.668241, 34.100646], [-118.668241, 34.08687]]]}}, {"type": "Feature", "properties": {"OBJECTID": 62, "LS_ID": "FALLBACK_LSI_0062", "COUNTY": "Los Angeles", "ZONE_NAME": "Angeles National Forest", "LANDSLIDE_TYPE": "earth flow", "CONFIDENCE": "moderate", "ACTIVITY": "unknown", "YEAR_MAPPED": 1995, "AREA_SQKM_EST": 4.4506, "source_dataset": "California Geological Survey Landslide Inventory", "source_url_attempted": "https://www.conservation.ca.gov/cgs/documents/publications/landslide-inventory/cgs_lsi_20260309.zip", "source_status": "simulated_fallback_due_ssl_download_failure", "download_error_reason": "CGS ZIP download failed in user environment because of SSL EOF error.", "data_use_note": "This is not an official CGS feature. It is a same-format GeoJSON fallback for course reproducibility."}, "geometry": {"type": "Polygon", "coordinates": [[[-118.15523, 34.378705], [-118.133076, 34.378705], [-118.133076, 34.39501], [-118.15523, 34.39501], [-118.15523, 34.378705]]]}}, {"type": "Feature", "properties": {"OBJECTID": 63, "LS_ID": "FALLBACK_LSI_0063", "COUNTY": "Los Angeles", "ZONE_NAME": "San Gabriel Mountains", "LANDSLIDE_TYPE": "deep-seated landslide", "CONFIDENCE": "moderate", "ACTIVITY": "historic", "YEAR_MAPPED": 2004, "AREA_SQKM_EST": 3.0685, "source_dataset": "California Geological Survey Landslide Inventory", "source_url_attempted": "https://www.conservation.ca.gov/cgs/documents/publications/landslide-inventory/cgs_lsi_20260309.zip", "source_status": "simulated_fallback_due_ssl_download_failure", "download_error_reason": "CGS ZIP download failed in user environment because of SSL EOF error.", "data_use_note": "This is not an official CGS feature. It is a same-format GeoJSON fallback for course reproducibility."}, "geometry": {"type": "Polygon", "coordinates": [[[-118.111062, 34.233836], [-118.092671, 34.233836], [-118.092671, 34.247378], [-118.111062, 34.247378], [-118.111062, 34.233836]]]}}, {"type": "Feature", "properties": {"OBJECTID": 64, "LS_ID": "FALLBACK_LSI_0064", "COUNTY": "Los Angeles", "ZONE_NAME": "San Gabriel Mountains", "LANDSLIDE_TYPE": "debris flow", "CONFIDENCE": "high", "ACTIVITY": "active", "YEAR_MAPPED": 2010, "AREA_SQKM_EST": 2.9577, "source_dataset": "California Geological Survey Landslide Inventory", "source_url_attempted": "https://www.conservation.ca.gov/cgs/documents/publications/landslide-inventory/cgs_lsi_20260309.zip", "source_status": "simulated_fallback_due_ssl_download_failure", "download_error_reason": "CGS ZIP download failed in user environment because of SSL EOF error.", "data_use_note": "This is not an official CGS feature. It is a same-format GeoJSON fallback for course reproducibility."}, "geometry": {"type": "Polygon", "coordinates": [[[-117.99023, 34.254819], [-117.96781, 34.254819], [-117.96781, 34.265526], [-117.99023, 34.265526], [-117.99023, 34.254819]]]}}, {"type": "Feature", "properties": {"OBJECTID": 65, "LS_ID": "FALLBACK_LSI_0065", "COUNTY": "Los Angeles", "ZONE_NAME": "Santa Monica Mountains", "LANDSLIDE_TYPE": "shallow landslide", "CONFIDENCE": "moderate", "ACTIVITY": "dormant", "YEAR_MAPPED": 1991, "AREA_SQKM_EST": 3.2193, "source_dataset": "California Geological Survey Landslide Inventory", "source_url_attempted": "https://www.conservation.ca.gov/cgs/documents/publications/landslide-inventory/cgs_lsi_20260309.zip", "source_status": "simulated_fallback_due_ssl_download_failure", "download_error_reason": "CGS ZIP download failed in user environment because of SSL EOF error.", "data_use_note": "This is not an official CGS feature. It is a same-format GeoJSON fallback for course reproducibility."}, "geometry": {"type": "Polygon", "coordinates": [[[-118.749235, 34.095208], [-118.728874, 34.095208], [-118.728874, 34.108041], [-118.749235, 34.108041], [-118.749235, 34.095208]]]}}, {"type": "Feature", "properties": {"OBJECTID": 66, "LS_ID": "FALLBACK_LSI_0066", "COUNTY": "Los Angeles", "ZONE_NAME": "Angeles National Forest", "LANDSLIDE_TYPE": "debris flow", "CONFIDENCE": "low", "ACTIVITY": "active", "YEAR_MAPPED": 1988, "AREA_SQKM_EST": 3.6162, "source_dataset": "California Geological Survey Landslide Inventory", "source_url_attempted": "https://www.conservation.ca.gov/cgs/documents/publications/landslide-inventory/cgs_lsi_20260309.zip", "source_status": "simulated_fallback_due_ssl_download_failure", "download_error_reason": "CGS ZIP download failed in user environment because of SSL EOF error.", "data_use_note": "This is not an official CGS feature. It is a same-format GeoJSON fallback for course reproducibility."}, "geometry": {"type": "Polygon", "coordinates": [[[-118.267156, 34.433138], [-118.24585, 34.433138], [-118.24585, 34.446913], [-118.267156, 34.446913], [-118.267156, 34.433138]]]}}, {"type": "Feature", "properties": {"OBJECTID": 67, "LS_ID": "FALLBACK_LSI_0067", "COUNTY": "Los Angeles", "ZONE_NAME": "Santa Monica Mountains", "LANDSLIDE_TYPE": "rock slide", "CONFIDENCE": "moderate", "ACTIVITY": "active", "YEAR_MAPPED": 2010, "AREA_SQKM_EST": 3.4931, "source_dataset": "California Geological Survey Landslide Inventory", "source_url_attempted": "https://www.conservation.ca.gov/cgs/documents/publications/landslide-inventory/cgs_lsi_20260309.zip", "source_status": "simulated_fallback_due_ssl_download_failure", "download_error_reason": "CGS ZIP download failed in user environment because of SSL EOF error.", "data_use_note": "This is not an official CGS feature. It is a same-format GeoJSON fallback for course reproducibility."}, "geometry": {"type": "Polygon", "coordinates": [[[-118.673286, 34.107945], [-118.655616, 34.107945], [-118.655616, 34.123989], [-118.673286, 34.123989], [-118.673286, 34.107945]]]}}, {"type": "Feature", "properties": {"OBJECTID": 68, "LS_ID": "FALLBACK_LSI_0068", "COUNTY": "Los Angeles", "ZONE_NAME": "Santa Monica Mountains", "LANDSLIDE_TYPE": "rock slide", "CONFIDENCE": "high", "ACTIVITY": "historic", "YEAR_MAPPED": 1988, "AREA_SQKM_EST": 0.9393, "source_dataset": "California Geological Survey Landslide Inventory", "source_url_attempted": "https://www.conservation.ca.gov/cgs/documents/publications/landslide-inventory/cgs_lsi_20260309.zip", "source_status": "simulated_fallback_due_ssl_download_failure", "download_error_reason": "CGS ZIP download failed in user environment because of SSL EOF error.", "data_use_note": "This is not an official CGS feature. It is a same-format GeoJSON fallback for course reproducibility."}, "geometry": {"type": "Polygon", "coordinates": [[[-118.740967, 34.021954], [-118.734343, 34.021954], [-118.734343, 34.033463], [-118.740967, 34.033463], [-118.740967, 34.021954]]]}}, {"type": "Feature", "properties": {"OBJECTID": 69, "LS_ID": "FALLBACK_LSI_0069", "COUNTY": "Los Angeles", "ZONE_NAME": "Palos Verdes Peninsula", "LANDSLIDE_TYPE": "shallow landslide", "CONFIDENCE": "high", "ACTIVITY": "active", "YEAR_MAPPED": 2006, "AREA_SQKM_EST": 4.2068, "source_dataset": "California Geological Survey Landslide Inventory", "source_url_attempted": "https://www.conservation.ca.gov/cgs/documents/publications/landslide-inventory/cgs_lsi_20260309.zip", "source_status": "simulated_fallback_due_ssl_download_failure", "download_error_reason": "CGS ZIP download failed in user environment because of SSL EOF error.", "data_use_note": "This is not an official CGS feature. It is a same-format GeoJSON fallback for course reproducibility."}, "geometry": {"type": "Polygon", "coordinates": [[[-118.387651, 33.742817], [-118.364776, 33.742817], [-118.364776, 33.757743], [-118.387651, 33.757743], [-118.387651, 33.742817]]]}}, {"type": "Feature", "properties": {"OBJECTID": 70, "LS_ID": "FALLBACK_LSI_0070", "COUNTY": "Los Angeles", "ZONE_NAME": "Santa Monica Mountains", "LANDSLIDE_TYPE": "debris flow", "CONFIDENCE": "moderate", "ACTIVITY": "historic", "YEAR_MAPPED": 2022, "AREA_SQKM_EST": 5.2528, "source_dataset": "California Geological Survey Landslide Inventory", "source_url_attempted": "https://www.conservation.ca.gov/cgs/documents/publications/landslide-inventory/cgs_lsi_20260309.zip", "source_status": "simulated_fallback_due_ssl_download_failure", "download_error_reason": "CGS ZIP download failed in user environment because of SSL EOF error.", "data_use_note": "This is not an official CGS feature. It is a same-format GeoJSON fallback for course reproducibility."}, "geometry": {"type": "Polygon", "coordinates": [[[-118.728551, 34.11109], [-118.705193, 34.11109], [-118.705193, 34.129341], [-118.728551, 34.129341], [-118.728551, 34.11109]]]}}, {"type": "Feature", "properties": {"OBJECTID": 71, "LS_ID": "FALLBACK_LSI_0071", "COUNTY": "Los Angeles", "ZONE_NAME": "Santa Monica Mountains", "LANDSLIDE_TYPE": "deep-seated landslide", "CONFIDENCE": "moderate", "ACTIVITY": "active", "YEAR_MAPPED": 1979, "AREA_SQKM_EST": 3.1251, "source_dataset": "California Geological Survey Landslide Inventory", "source_url_attempted": "https://www.conservation.ca.gov/cgs/documents/publications/landslide-inventory/cgs_lsi_20260309.zip", "source_status": "simulated_fallback_due_ssl_download_failure", "download_error_reason": "CGS ZIP download failed in user environment because of SSL EOF error.", "data_use_note": "This is not an official CGS feature. It is a same-format GeoJSON fallback for course reproducibility."}, "geometry": {"type": "Polygon", "coordinates": [[[-118.89335, 34.090494], [-118.880197, 34.090494], [-118.880197, 34.109779], [-118.89335, 34.109779], [-118.89335, 34.090494]]]}}, {"type": "Feature", "properties": {"OBJECTID": 72, "LS_ID": "FALLBACK_LSI_0072", "COUNTY": "Los Angeles", "ZONE_NAME": "Palos Verdes Peninsula", "LANDSLIDE_TYPE": "shallow landslide", "CONFIDENCE": "moderate", "ACTIVITY": "unknown", "YEAR_MAPPED": 1975, "AREA_SQKM_EST": 3.4953, "source_dataset": "California Geological Survey Landslide Inventory", "source_url_attempted": "https://www.conservation.ca.gov/cgs/documents/publications/landslide-inventory/cgs_lsi_20260309.zip", "source_status": "simulated_fallback_due_ssl_download_failure", "download_error_reason": "CGS ZIP download failed in user environment because of SSL EOF error.", "data_use_note": "This is not an official CGS feature. It is a same-format GeoJSON fallback for course reproducibility."}, "geometry": {"type": "Polygon", "coordinates": [[[-118.378541, 33.728447], [-118.357443, 33.728447], [-118.357443, 33.741893], [-118.378541, 33.741893], [-118.378541, 33.728447]]]}}, {"type": "Feature", "properties": {"OBJECTID": 73, "LS_ID": "FALLBACK_LSI_0073", "COUNTY": "Los Angeles", "ZONE_NAME": "Palos Verdes Peninsula", "LANDSLIDE_TYPE": "earth flow", "CONFIDENCE": "high", "ACTIVITY": "unknown", "YEAR_MAPPED": 1994, "AREA_SQKM_EST": 4.3683, "source_dataset": "California Geological Survey Landslide Inventory", "source_url_attempted": "https://www.conservation.ca.gov/cgs/documents/publications/landslide-inventory/cgs_lsi_20260309.zip", "source_status": "simulated_fallback_due_ssl_download_failure", "download_error_reason": "CGS ZIP download failed in user environment because of SSL EOF error.", "data_use_note": "This is not an official CGS feature. It is a same-format GeoJSON fallback for course reproducibility."}, "geometry": {"type": "Polygon", "coordinates": [[[-118.419787, 33.789938], [-118.396687, 33.789938], [-118.396687, 33.805287], [-118.419787, 33.805287], [-118.419787, 33.789938]]]}}, {"type": "Feature", "properties": {"OBJECTID": 74, "LS_ID": "FALLBACK_LSI_0074", "COUNTY": "Los Angeles", "ZONE_NAME": "Santa Monica Mountains", "LANDSLIDE_TYPE": "debris flow", "CONFIDENCE": "low", "ACTIVITY": "historic", "YEAR_MAPPED": 2022, "AREA_SQKM_EST": 2.9721, "source_dataset": "California Geological Survey Landslide Inventory", "source_url_attempted": "https://www.conservation.ca.gov/cgs/documents/publications/landslide-inventory/cgs_lsi_20260309.zip", "source_status": "simulated_fallback_due_ssl_download_failure", "download_error_reason": "CGS ZIP download failed in user environment because of SSL EOF error.", "data_use_note": "This is not an official CGS feature. It is a same-format GeoJSON fallback for course reproducibility."}, "geometry": {"type": "Polygon", "coordinates": [[[-118.76702, 34.120467], [-118.749701, 34.120467], [-118.749701, 34.134395], [-118.76702, 34.134395], [-118.76702, 34.120467]]]}}, {"type": "Feature", "properties": {"OBJECTID": 75, "LS_ID": "FALLBACK_LSI_0075", "COUNTY": "Los Angeles", "ZONE_NAME": "Angeles National Forest", "LANDSLIDE_TYPE": "deep-seated landslide", "CONFIDENCE": "low", "ACTIVITY": "unknown", "YEAR_MAPPED": 1977, "AREA_SQKM_EST": 2.846, "source_dataset": "California Geological Survey Landslide Inventory", "source_url_attempted": "https://www.conservation.ca.gov/cgs/documents/publications/landslide-inventory/cgs_lsi_20260309.zip", "source_status": "simulated_fallback_due_ssl_download_failure", "download_error_reason": "CGS ZIP download failed in user environment because of SSL EOF error.", "data_use_note": "This is not an official CGS feature. It is a same-format GeoJSON fallback for course reproducibility."}, "geometry": {"type": "Polygon", "coordinates": [[[-118.138091, 34.324812], [-118.12527, 34.324812], [-118.12527, 34.342828], [-118.138091, 34.342828], [-118.138091, 34.324812]]]}}, {"type": "Feature", "properties": {"OBJECTID": 76, "LS_ID": "FALLBACK_LSI_0076", "COUNTY": "Los Angeles", "ZONE_NAME": "Santa Monica Mountains", "LANDSLIDE_TYPE": "shallow landslide", "CONFIDENCE": "moderate", "ACTIVITY": "active", "YEAR_MAPPED": 1985, "AREA_SQKM_EST": 1.8024, "source_dataset": "California Geological Survey Landslide Inventory", "source_url_attempted": "https://www.conservation.ca.gov/cgs/documents/publications/landslide-inventory/cgs_lsi_20260309.zip", "source_status": "simulated_fallback_due_ssl_download_failure", "download_error_reason": "CGS ZIP download failed in user environment because of SSL EOF error.", "data_use_note": "This is not an official CGS feature. It is a same-format GeoJSON fallback for course reproducibility."}, "geometry": {"type": "Polygon", "coordinates": [[[-118.586561, 34.094281], [-118.571699, 34.094281], [-118.571699, 34.104124], [-118.586561, 34.104124], [-118.586561, 34.094281]]]}}, {"type": "Feature", "properties": {"OBJECTID": 77, "LS_ID": "FALLBACK_LSI_0077", "COUNTY": "Los Angeles", "ZONE_NAME": "Palos Verdes Peninsula", "LANDSLIDE_TYPE": "deep-seated landslide", "CONFIDENCE": "high", "ACTIVITY": "dormant", "YEAR_MAPPED": 2018, "AREA_SQKM_EST": 0.7789, "source_dataset": "California Geological Survey Landslide Inventory", "source_url_attempted": "https://www.conservation.ca.gov/cgs/documents/publications/landslide-inventory/cgs_lsi_20260309.zip", "source_status": "simulated_fallback_due_ssl_download_failure", "download_error_reason": "CGS ZIP download failed in user environment because of SSL EOF error.", "data_use_note": "This is not an official CGS feature. It is a same-format GeoJSON fallback for course reproducibility."}, "geometry": {"type": "Polygon", "coordinates": [[[-118.40857, 33.761276], [-118.400386, 33.761276], [-118.400386, 33.769001], [-118.40857, 33.769001], [-118.40857, 33.761276]]]}}, {"type": "Feature", "properties": {"OBJECTID": 78, "LS_ID": "FALLBACK_LSI_0078", "COUNTY": "Los Angeles", "ZONE_NAME": "San Gabriel Mountains", "LANDSLIDE_TYPE": "deep-seated landslide", "CONFIDENCE": "high", "ACTIVITY": "active", "YEAR_MAPPED": 1996, "AREA_SQKM_EST": 4.2193, "source_dataset": "California Geological Survey Landslide Inventory", "source_url_attempted": "https://www.conservation.ca.gov/cgs/documents/publications/landslide-inventory/cgs_lsi_20260309.zip", "source_status": "simulated_fallback_due_ssl_download_failure", "download_error_reason": "CGS ZIP download failed in user environment because of SSL EOF error.", "data_use_note": "This is not an official CGS feature. It is a same-format GeoJSON fallback for course reproducibility."}, "geometry": {"type": "Polygon", "coordinates": [[[-118.057538, 34.21887], [-118.034965, 34.21887], [-118.034965, 34.234041], [-118.057538, 34.234041], [-118.057538, 34.21887]]]}}, {"type": "Feature", "properties": {"OBJECTID": 79, "LS_ID": "FALLBACK_LSI_0079", "COUNTY": "Los Angeles", "ZONE_NAME": "Angeles National Forest", "LANDSLIDE_TYPE": "earth flow", "CONFIDENCE": "high", "ACTIVITY": "unknown", "YEAR_MAPPED": 2023, "AREA_SQKM_EST": 2.4336, "source_dataset": "California Geological Survey Landslide Inventory", "source_url_attempted": "https://www.conservation.ca.gov/cgs/documents/publications/landslide-inventory/cgs_lsi_20260309.zip", "source_status": "simulated_fallback_due_ssl_download_failure", "download_error_reason": "CGS ZIP download failed in user environment because of SSL EOF error.", "data_use_note": "This is not an official CGS feature. It is a same-format GeoJSON fallback for course reproducibility."}, "geometry": {"type": "Polygon", "coordinates": [[[-118.151352, 34.336179], [-118.140227, 34.336179], [-118.140227, 34.353933], [-118.151352, 34.353933], [-118.151352, 34.336179]]]}}, {"type": "Feature", "properties": {"OBJECTID": 80, "LS_ID": "FALLBACK_LSI_0080", "COUNTY": "Los Angeles", "ZONE_NAME": "San Gabriel Mountains", "LANDSLIDE_TYPE": "deep-seated landslide", "CONFIDENCE": "high", "ACTIVITY": "dormant", "YEAR_MAPPED": 1998, "AREA_SQKM_EST": 2.8935, "source_dataset": "California Geological Survey Landslide Inventory", "source_url_attempted": "https://www.conservation.ca.gov/cgs/documents/publications/landslide-inventory/cgs_lsi_20260309.zip", "source_status": "simulated_fallback_due_ssl_download_failure", "download_error_reason": "CGS ZIP download failed in user environment because of SSL EOF error.", "data_use_note": "This is not an official CGS feature. It is a same-format GeoJSON fallback for course reproducibility."}, "geometry": {"type": "Polygon", "coordinates": [[[-118.115727, 34.25186], [-118.097329, 34.25186], [-118.097329, 34.264624], [-118.115727, 34.264624], [-118.115727, 34.25186]]]}}, {"type": "Feature", "properties": {"OBJECTID": 81, "LS_ID": "FALLBACK_LSI_0081", "COUNTY": "Los Angeles", "ZONE_NAME": "Angeles National Forest", "LANDSLIDE_TYPE": "earth flow", "CONFIDENCE": "high", "ACTIVITY": "historic", "YEAR_MAPPED": 1984, "AREA_SQKM_EST": 2.8483, "source_dataset": "California Geological Survey Landslide Inventory", "source_url_attempted": "https://www.conservation.ca.gov/cgs/documents/publications/landslide-inventory/cgs_lsi_20260309.zip", "source_status": "simulated_fallback_due_ssl_download_failure", "download_error_reason": "CGS ZIP download failed in user environment because of SSL EOF error.", "data_use_note": "This is not an official CGS feature. It is a same-format GeoJSON fallback for course reproducibility."}, "geometry": {"type": "Polygon", "coordinates": [[[-118.228429, 34.360436], [-118.215358, 34.360436], [-118.215358, 34.378123], [-118.228429, 34.378123], [-118.228429, 34.360436]]]}}, {"type": "Feature", "properties": {"OBJECTID": 82, "LS_ID": "FALLBACK_LSI_0082", "COUNTY": "Los Angeles", "ZONE_NAME": "Palos Verdes Peninsula", "LANDSLIDE_TYPE": "deep-seated landslide", "CONFIDENCE": "low", "ACTIVITY": "unknown", "YEAR_MAPPED": 2015, "AREA_SQKM_EST": 1.704, "source_dataset": "California Geological Survey Landslide Inventory", "source_url_attempted": "https://www.conservation.ca.gov/cgs/documents/publications/landslide-inventory/cgs_lsi_20260309.zip", "source_status": "simulated_fallback_due_ssl_download_failure", "download_error_reason": "CGS ZIP download failed in user environment because of SSL EOF error.", "data_use_note": "This is not an official CGS feature. It is a same-format GeoJSON fallback for course reproducibility."}, "geometry": {"type": "Polygon", "coordinates": [[[-118.413145, 33.746663], [-118.405019, 33.746663], [-118.405019, 33.763683], [-118.413145, 33.763683], [-118.413145, 33.746663]]]}}, {"type": "Feature", "properties": {"OBJECTID": 83, "LS_ID": "FALLBACK_LSI_0083", "COUNTY": "Los Angeles", "ZONE_NAME": "Palos Verdes Peninsula", "LANDSLIDE_TYPE": "debris flow", "CONFIDENCE": "high", "ACTIVITY": "historic", "YEAR_MAPPED": 1994, "AREA_SQKM_EST": 1.6308, "source_dataset": "California Geological Survey Landslide Inventory", "source_url_attempted": "https://www.conservation.ca.gov/cgs/documents/publications/landslide-inventory/cgs_lsi_20260309.zip", "source_status": "simulated_fallback_due_ssl_download_failure", "download_error_reason": "CGS ZIP download failed in user environment because of SSL EOF error.", "data_use_note": "This is not an official CGS feature. It is a same-format GeoJSON fallback for course reproducibility."}, "geometry": {"type": "Polygon", "coordinates": [[[-118.40876, 33.729425], [-118.401279, 33.729425], [-118.401279, 33.747118], [-118.40876, 33.747118], [-118.40876, 33.729425]]]}}, {"type": "Feature", "properties": {"OBJECTID": 84, "LS_ID": "FALLBACK_LSI_0084", "COUNTY": "Los Angeles", "ZONE_NAME": "Angeles National Forest", "LANDSLIDE_TYPE": "earth flow", "CONFIDENCE": "low", "ACTIVITY": "dormant", "YEAR_MAPPED": 1983, "AREA_SQKM_EST": 1.4011, "source_dataset": "California Geological Survey Landslide Inventory", "source_url_attempted": "https://www.conservation.ca.gov/cgs/documents/publications/landslide-inventory/cgs_lsi_20260309.zip", "source_status": "simulated_fallback_due_ssl_download_failure", "download_error_reason": "CGS ZIP download failed in user environment because of SSL EOF error.", "data_use_note": "This is not an official CGS feature. It is a same-format GeoJSON fallback for course reproducibility."}, "geometry": {"type": "Polygon", "coordinates": [[[-118.204837, 34.339718], [-118.192429, 34.339718], [-118.192429, 34.348883], [-118.204837, 34.348883], [-118.204837, 34.339718]]]}}, {"type": "Feature", "properties": {"OBJECTID": 85, "LS_ID": "FALLBACK_LSI_0085", "COUNTY": "Los Angeles", "ZONE_NAME": "Santa Monica Mountains", "LANDSLIDE_TYPE": "deep-seated landslide", "CONFIDENCE": "moderate", "ACTIVITY": "dormant", "YEAR_MAPPED": 1980, "AREA_SQKM_EST": 0.5342, "source_dataset": "California Geological Survey Landslide Inventory", "source_url_attempted": "https://www.conservation.ca.gov/cgs/documents/publications/landslide-inventory/cgs_lsi_20260309.zip", "source_status": "simulated_fallback_due_ssl_download_failure", "download_error_reason": "CGS ZIP download failed in user environment because of SSL EOF error.", "data_use_note": "This is not an official CGS feature. It is a same-format GeoJSON fallback for course reproducibility."}, "geometry": {"type": "Polygon", "coordinates": [[[-118.750911, 34.106263], [-118.742478, 34.106263], [-118.742478, 34.111404], [-118.750911, 34.111404], [-118.750911, 34.106263]]]}}, {"type": "Feature", "properties": {"OBJECTID": 86, "LS_ID": "FALLBACK_LSI_0086", "COUNTY": "Los Angeles", "ZONE_NAME": "San Gabriel Mountains", "LANDSLIDE_TYPE": "earth flow", "CONFIDENCE": "moderate", "ACTIVITY": "active", "YEAR_MAPPED": 2002, "AREA_SQKM_EST": 2.1489, "source_dataset": "California Geological Survey Landslide Inventory", "source_url_attempted": "https://www.conservation.ca.gov/cgs/documents/publications/landslide-inventory/cgs_lsi_20260309.zip", "source_status": "simulated_fallback_due_ssl_download_failure", "download_error_reason": "CGS ZIP download failed in user environment because of SSL EOF error.", "data_use_note": "This is not an official CGS feature. It is a same-format GeoJSON fallback for course reproducibility."}, "geometry": {"type": "Polygon", "coordinates": [[[-118.065003, 34.332223], [-118.042958, 34.332223], [-118.042958, 34.340135], [-118.065003, 34.340135], [-118.065003, 34.332223]]]}}, {"type": "Feature", "properties": {"OBJECTID": 87, "LS_ID": "FALLBACK_LSI_0087", "COUNTY": "Los Angeles", "ZONE_NAME": "Angeles National Forest", "LANDSLIDE_TYPE": "deep-seated landslide", "CONFIDENCE": "moderate", "ACTIVITY": "historic", "YEAR_MAPPED": 2018, "AREA_SQKM_EST": 3.6778, "source_dataset": "California Geological Survey Landslide Inventory", "source_url_attempted": "https://www.conservation.ca.gov/cgs/documents/publications/landslide-inventory/cgs_lsi_20260309.zip", "source_status": "simulated_fallback_due_ssl_download_failure", "download_error_reason": "CGS ZIP download failed in user environment because of SSL EOF error.", "data_use_note": "This is not an official CGS feature. It is a same-format GeoJSON fallback for course reproducibility."}, "geometry": {"type": "Polygon", "coordinates": [[[-118.190894, 34.346202], [-118.175397, 34.346202], [-118.175397, 34.365463], [-118.190894, 34.365463], [-118.190894, 34.346202]]]}}, {"type": "Feature", "properties": {"OBJECTID": 88, "LS_ID": "FALLBACK_LSI_0088", "COUNTY": "Los Angeles", "ZONE_NAME": "Palos Verdes Peninsula", "LANDSLIDE_TYPE": "debris flow", "CONFIDENCE": "high", "ACTIVITY": "active", "YEAR_MAPPED": 2017, "AREA_SQKM_EST": 1.2318, "source_dataset": "California Geological Survey Landslide Inventory", "source_url_attempted": "https://www.conservation.ca.gov/cgs/documents/publications/landslide-inventory/cgs_lsi_20260309.zip", "source_status": "simulated_fallback_due_ssl_download_failure", "download_error_reason": "CGS ZIP download failed in user environment because of SSL EOF error.", "data_use_note": "This is not an official CGS feature. It is a same-format GeoJSON fallback for course reproducibility."}, "geometry": {"type": "Polygon", "coordinates": [[[-118.390065, 33.752411], [-118.38384, 33.752411], [-118.38384, 33.768471], [-118.390065, 33.768471], [-118.390065, 33.752411]]]}}, {"type": "Feature", "properties": {"OBJECTID": 89, "LS_ID": "FALLBACK_LSI_0089", "COUNTY": "Los Angeles", "ZONE_NAME": "Santa Monica Mountains", "LANDSLIDE_TYPE": "shallow landslide", "CONFIDENCE": "high", "ACTIVITY": "historic", "YEAR_MAPPED": 1983, "AREA_SQKM_EST": 4.0143, "source_dataset": "California Geological Survey Landslide Inventory", "source_url_attempted": "https://www.conservation.ca.gov/cgs/documents/publications/landslide-inventory/cgs_lsi_20260309.zip", "source_status": "simulated_fallback_due_ssl_download_failure", "download_error_reason": "CGS ZIP download failed in user environment because of SSL EOF error.", "data_use_note": "This is not an official CGS feature. It is a same-format GeoJSON fallback for course reproducibility."}, "geometry": {"type": "Polygon", "coordinates": [[[-118.640381, 34.081058], [-118.621579, 34.081058], [-118.621579, 34.098385], [-118.640381, 34.098385], [-118.640381, 34.081058]]]}}, {"type": "Feature", "properties": {"OBJECTID": 90, "LS_ID": "FALLBACK_LSI_0090", "COUNTY": "Los Angeles", "ZONE_NAME": "Santa Monica Mountains", "LANDSLIDE_TYPE": "earth flow", "CONFIDENCE": "high", "ACTIVITY": "active", "YEAR_MAPPED": 2024, "AREA_SQKM_EST": 0.7937, "source_dataset": "California Geological Survey Landslide Inventory", "source_url_attempted": "https://www.conservation.ca.gov/cgs/documents/publications/landslide-inventory/cgs_lsi_20260309.zip", "source_status": "simulated_fallback_due_ssl_download_failure", "download_error_reason": "CGS ZIP download failed in user environment because of SSL EOF error.", "data_use_note": "This is not an official CGS feature. It is a same-format GeoJSON fallback for course reproducibility."}, "geometry": {"type": "Polygon", "coordinates": [[[-118.759961, 34.072257], [-118.753998, 34.072257], [-118.753998, 34.083058], [-118.759961, 34.083058], [-118.759961, 34.072257]]]}}, {"type": "Feature", "properties": {"OBJECTID": 91, "LS_ID": "FALLBACK_LSI_0091", "COUNTY": "Los Angeles", "ZONE_NAME": "San Gabriel Mountains", "LANDSLIDE_TYPE": "earth flow", "CONFIDENCE": "moderate", "ACTIVITY": "unknown", "YEAR_MAPPED": 2001, "AREA_SQKM_EST": 1.6218, "source_dataset": "California Geological Survey Landslide Inventory", "source_url_attempted": "https://www.conservation.ca.gov/cgs/documents/publications/landslide-inventory/cgs_lsi_20260309.zip", "source_status": "simulated_fallback_due_ssl_download_failure", "download_error_reason": "CGS ZIP download failed in user environment because of SSL EOF error.", "data_use_note": "This is not an official CGS feature. It is a same-format GeoJSON fallback for course reproducibility."}, "geometry": {"type": "Polygon", "coordinates": [[[-118.068097, 34.290604], [-118.060966, 34.290604], [-118.060966, 34.309064], [-118.068097, 34.309064], [-118.068097, 34.290604]]]}}, {"type": "Feature", "properties": {"OBJECTID": 92, "LS_ID": "FALLBACK_LSI_0092", "COUNTY": "Los Angeles", "ZONE_NAME": "Santa Monica Mountains", "LANDSLIDE_TYPE": "rock slide", "CONFIDENCE": "moderate", "ACTIVITY": "active", "YEAR_MAPPED": 2012, "AREA_SQKM_EST": 3.2309, "source_dataset": "California Geological Survey Landslide Inventory", "source_url_attempted": "https://www.conservation.ca.gov/cgs/documents/publications/landslide-inventory/cgs_lsi_20260309.zip", "source_status": "simulated_fallback_due_ssl_download_failure", "download_error_reason": "CGS ZIP download failed in user environment because of SSL EOF error.", "data_use_note": "This is not an official CGS feature. It is a same-format GeoJSON fallback for course reproducibility."}, "geometry": {"type": "Polygon", "coordinates": [[[-118.644738, 34.076145], [-118.624612, 34.076145], [-118.624612, 34.089174], [-118.644738, 34.089174], [-118.644738, 34.076145]]]}}, {"type": "Feature", "properties": {"OBJECTID": 93, "LS_ID": "FALLBACK_LSI_0093", "COUNTY": "Los Angeles", "ZONE_NAME": "Angeles National Forest", "LANDSLIDE_TYPE": "deep-seated landslide", "CONFIDENCE": "moderate", "ACTIVITY": "historic", "YEAR_MAPPED": 1991, "AREA_SQKM_EST": 0.8385, "source_dataset": "California Geological Survey Landslide Inventory", "source_url_attempted": "https://www.conservation.ca.gov/cgs/documents/publications/landslide-inventory/cgs_lsi_20260309.zip", "source_status": "simulated_fallback_due_ssl_download_failure", "download_error_reason": "CGS ZIP download failed in user environment because of SSL EOF error.", "data_use_note": "This is not an official CGS feature. It is a same-format GeoJSON fallback for course reproducibility."}, "geometry": {"type": "Polygon", "coordinates": [[[-118.235808, 34.31076], [-118.225637, 34.31076], [-118.225637, 34.31745], [-118.235808, 34.31745], [-118.235808, 34.31076]]]}}, {"type": "Feature", "properties": {"OBJECTID": 94, "LS_ID": "FALLBACK_LSI_0094", "COUNTY": "Los Angeles", "ZONE_NAME": "San Gabriel Mountains", "LANDSLIDE_TYPE": "debris flow", "CONFIDENCE": "high", "ACTIVITY": "historic", "YEAR_MAPPED": 2017, "AREA_SQKM_EST": 1.0072, "source_dataset": "California Geological Survey Landslide Inventory", "source_url_attempted": "https://www.conservation.ca.gov/cgs/documents/publications/landslide-inventory/cgs_lsi_20260309.zip", "source_status": "simulated_fallback_due_ssl_download_failure", "download_error_reason": "CGS ZIP download failed in user environment because of SSL EOF error.", "data_use_note": "This is not an official CGS feature. It is a same-format GeoJSON fallback for course reproducibility."}, "geometry": {"type": "Polygon", "coordinates": [[[-118.108261, 34.239619], [-118.099206, 34.239619], [-118.099206, 34.248647], [-118.108261, 34.248647], [-118.108261, 34.239619]]]}}, {"type": "Feature", "properties": {"OBJECTID": 95, "LS_ID": "FALLBACK_LSI_0095", "COUNTY": "Los Angeles", "ZONE_NAME": "San Gabriel Mountains", "LANDSLIDE_TYPE": "earth flow", "CONFIDENCE": "moderate", "ACTIVITY": "historic", "YEAR_MAPPED": 1994, "AREA_SQKM_EST": 3.024, "source_dataset": "California Geological Survey Landslide Inventory", "source_url_attempted": "https://www.conservation.ca.gov/cgs/documents/publications/landslide-inventory/cgs_lsi_20260309.zip", "source_status": "simulated_fallback_due_ssl_download_failure", "download_error_reason": "CGS ZIP download failed in user environment because of SSL EOF error.", "data_use_note": "This is not an official CGS feature. It is a same-format GeoJSON fallback for course reproducibility."}, "geometry": {"type": "Polygon", "coordinates": [[[-118.035195, 34.237282], [-118.018949, 34.237282], [-118.018949, 34.252388], [-118.035195, 34.252388], [-118.035195, 34.237282]]]}}, {"type": "Feature", "properties": {"OBJECTID": 96, "LS_ID": "FALLBACK_LSI_0096", "COUNTY": "Los Angeles", "ZONE_NAME": "Angeles National Forest", "LANDSLIDE_TYPE": "shallow landslide", "CONFIDENCE": "moderate", "ACTIVITY": "historic", "YEAR_MAPPED": 1987, "AREA_SQKM_EST": 2.1515, "source_dataset": "California Geological Survey Landslide Inventory", "source_url_attempted": "https://www.conservation.ca.gov/cgs/documents/publications/landslide-inventory/cgs_lsi_20260309.zip", "source_status": "simulated_fallback_due_ssl_download_failure", "download_error_reason": "CGS ZIP download failed in user environment because of SSL EOF error.", "data_use_note": "This is not an official CGS feature. It is a same-format GeoJSON fallback for course reproducibility."}, "geometry": {"type": "Polygon", "coordinates": [[[-118.283236, 34.306178], [-118.266778, 34.306178], [-118.266778, 34.316788], [-118.283236, 34.316788], [-118.283236, 34.306178]]]}}, {"type": "Feature", "properties": {"OBJECTID": 97, "LS_ID": "FALLBACK_LSI_0097", "COUNTY": "Los Angeles", "ZONE_NAME": "San Gabriel Mountains", "LANDSLIDE_TYPE": "shallow landslide", "CONFIDENCE": "high", "ACTIVITY": "active", "YEAR_MAPPED": 2003, "AREA_SQKM_EST": 3.8685, "source_dataset": "California Geological Survey Landslide Inventory", "source_url_attempted": "https://www.conservation.ca.gov/cgs/documents/publications/landslide-inventory/cgs_lsi_20260309.zip", "source_status": "simulated_fallback_due_ssl_download_failure", "download_error_reason": "CGS ZIP download failed in user environment because of SSL EOF error.", "data_use_note": "This is not an official CGS feature. It is a same-format GeoJSON fallback for course reproducibility."}, "geometry": {"type": "Polygon", "coordinates": [[[-118.135185, 34.308499], [-118.113199, 34.308499], [-118.113199, 34.322779], [-118.135185, 34.322779], [-118.135185, 34.308499]]]}}, {"type": "Feature", "properties": {"OBJECTID": 98, "LS_ID": "FALLBACK_LSI_0098", "COUNTY": "Los Angeles", "ZONE_NAME": "Santa Monica Mountains", "LANDSLIDE_TYPE": "deep-seated landslide", "CONFIDENCE": "low", "ACTIVITY": "active", "YEAR_MAPPED": 1997, "AREA_SQKM_EST": 0.7123, "source_dataset": "California Geological Survey Landslide Inventory", "source_url_attempted": "https://www.conservation.ca.gov/cgs/documents/publications/landslide-inventory/cgs_lsi_20260309.zip", "source_status": "simulated_fallback_due_ssl_download_failure", "download_error_reason": "CGS ZIP download failed in user environment because of SSL EOF error.", "data_use_note": "This is not an official CGS feature. It is a same-format GeoJSON fallback for course reproducibility."}, "geometry": {"type": "Polygon", "coordinates": [[[-118.800375, 34.067189], [-118.794183, 34.067189], [-118.794183, 34.076526], [-118.800375, 34.076526], [-118.800375, 34.067189]]]}}, {"type": "Feature", "properties": {"OBJECTID": 99, "LS_ID": "FALLBACK_LSI_0099", "COUNTY": "Los Angeles", "ZONE_NAME": "San Gabriel Mountains", "LANDSLIDE_TYPE": "deep-seated landslide", "CONFIDENCE": "high", "ACTIVITY": "dormant", "YEAR_MAPPED": 2012, "AREA_SQKM_EST": 3.6738, "source_dataset": "California Geological Survey Landslide Inventory", "source_url_attempted": "https://www.conservation.ca.gov/cgs/documents/publications/landslide-inventory/cgs_lsi_20260309.zip", "source_status": "simulated_fallback_due_ssl_download_failure", "download_error_reason": "CGS ZIP download failed in user environment because of SSL EOF error.", "data_use_note": "This is not an official CGS feature. It is a same-format GeoJSON fallback for course reproducibility."}, "geometry": {"type": "Polygon", "coordinates": [[[-118.090756, 34.239636], [-118.071829, 34.239636], [-118.071829, 34.25539], [-118.090756, 34.25539], [-118.090756, 34.239636]]]}}, {"type": "Feature", "properties": {"OBJECTID": 100, "LS_ID": "FALLBACK_LSI_0100", "COUNTY": "Los Angeles", "ZONE_NAME": "Palos Verdes Peninsula", "LANDSLIDE_TYPE": "deep-seated landslide", "CONFIDENCE": "moderate", "ACTIVITY": "historic", "YEAR_MAPPED": 2025, "AREA_SQKM_EST": 3.34, "source_dataset": "California Geological Survey Landslide Inventory", "source_url_attempted": "https://www.conservation.ca.gov/cgs/documents/publications/landslide-inventory/cgs_lsi_20260309.zip", "source_status": "simulated_fallback_due_ssl_download_failure", "download_error_reason": "CGS ZIP download failed in user environment because of SSL EOF error.", "data_use_note": "This is not an official CGS feature. It is a same-format GeoJSON fallback for course reproducibility."}, "geometry": {"type": "Polygon", "coordinates": [[[-118.357862, 33.765943], [-118.342422, 33.765943], [-118.342422, 33.7835], [-118.357862, 33.7835], [-118.357862, 33.765943]]]}}, {"type": "Feature", "properties": {"OBJECTID": 101, "LS_ID": "FALLBACK_LSI_0101", "COUNTY": "Los Angeles", "ZONE_NAME": "Palos Verdes Peninsula", "LANDSLIDE_TYPE": "earth flow", "CONFIDENCE": "moderate", "ACTIVITY": "historic", "YEAR_MAPPED": 2011, "AREA_SQKM_EST": 1.042, "source_dataset": "California Geological Survey Landslide Inventory", "source_url_attempted": "https://www.conservation.ca.gov/cgs/documents/publications/landslide-inventory/cgs_lsi_20260309.zip", "source_status": "simulated_fallback_due_ssl_download_failure", "download_error_reason": "CGS ZIP download failed in user environment because of SSL EOF error.", "data_use_note": "This is not an official CGS feature. It is a same-format GeoJSON fallback for course reproducibility."}, "geometry": {"type": "Polygon", "coordinates": [[[-118.382627, 33.744345], [-118.370992, 33.744345], [-118.370992, 33.751614], [-118.382627, 33.751614], [-118.382627, 33.744345]]]}}, {"type": "Feature", "properties": {"OBJECTID": 102, "LS_ID": "FALLBACK_LSI_0102", "COUNTY": "Los Angeles", "ZONE_NAME": "Angeles National Forest", "LANDSLIDE_TYPE": "earth flow", "CONFIDENCE": "low", "ACTIVITY": "unknown", "YEAR_MAPPED": 1975, "AREA_SQKM_EST": 1.8667, "source_dataset": "California Geological Survey Landslide Inventory", "source_url_attempted": "https://www.conservation.ca.gov/cgs/documents/publications/landslide-inventory/cgs_lsi_20260309.zip", "source_status": "simulated_fallback_due_ssl_download_failure", "download_error_reason": "CGS ZIP download failed in user environment because of SSL EOF error.", "data_use_note": "This is not an official CGS feature. It is a same-format GeoJSON fallback for course reproducibility."}, "geometry": {"type": "Polygon", "coordinates": [[[-118.30939, 34.346309], [-118.301679, 34.346309], [-118.301679, 34.365957], [-118.30939, 34.365957], [-118.30939, 34.346309]]]}}, {"type": "Feature", "properties": {"OBJECTID": 103, "LS_ID": "FALLBACK_LSI_0103", "COUNTY": "Los Angeles", "ZONE_NAME": "Angeles National Forest", "LANDSLIDE_TYPE": "debris flow", "CONFIDENCE": "low", "ACTIVITY": "historic", "YEAR_MAPPED": 2026, "AREA_SQKM_EST": 2.031, "source_dataset": "California Geological Survey Landslide Inventory", "source_url_attempted": "https://www.conservation.ca.gov/cgs/documents/publications/landslide-inventory/cgs_lsi_20260309.zip", "source_status": "simulated_fallback_due_ssl_download_failure", "download_error_reason": "CGS ZIP download failed in user environment because of SSL EOF error.", "data_use_note": "This is not an official CGS feature. It is a same-format GeoJSON fallback for course reproducibility."}, "geometry": {"type": "Polygon", "coordinates": [[[-118.171641, 34.345973], [-118.161963, 34.345973], [-118.161963, 34.363005], [-118.171641, 34.363005], [-118.171641, 34.345973]]]}}, {"type": "Feature", "properties": {"OBJECTID": 104, "LS_ID": "FALLBACK_LSI_0104", "COUNTY": "Los Angeles", "ZONE_NAME": "Santa Monica Mountains", "LANDSLIDE_TYPE": "debris flow", "CONFIDENCE": "moderate", "ACTIVITY": "unknown", "YEAR_MAPPED": 1987, "AREA_SQKM_EST": 4.1022, "source_dataset": "California Geological Survey Landslide Inventory", "source_url_attempted": "https://www.conservation.ca.gov/cgs/documents/publications/landslide-inventory/cgs_lsi_20260309.zip", "source_status": "simulated_fallback_due_ssl_download_failure", "download_error_reason": "CGS ZIP download failed in user environment because of SSL EOF error.", "data_use_note": "This is not an official CGS feature. It is a same-format GeoJSON fallback for course reproducibility."}, "geometry": {"type": "Polygon", "coordinates": [[[-118.731225, 34.070007], [-118.712162, 34.070007], [-118.712162, 34.087473], [-118.731225, 34.087473], [-118.731225, 34.070007]]]}}, {"type": "Feature", "properties": {"OBJECTID": 105, "LS_ID": "FALLBACK_LSI_0105", "COUNTY": "Los Angeles", "ZONE_NAME": "Palos Verdes Peninsula", "LANDSLIDE_TYPE": "debris flow", "CONFIDENCE": "high", "ACTIVITY": "unknown", "YEAR_MAPPED": 1980, "AREA_SQKM_EST": 1.1019, "source_dataset": "California Geological Survey Landslide Inventory", "source_url_attempted": "https://www.conservation.ca.gov/cgs/documents/publications/landslide-inventory/cgs_lsi_20260309.zip", "source_status": "simulated_fallback_due_ssl_download_failure", "download_error_reason": "CGS ZIP download failed in user environment because of SSL EOF error.", "data_use_note": "This is not an official CGS feature. It is a same-format GeoJSON fallback for course reproducibility."}, "geometry": {"type": "Polygon", "coordinates": [[[-118.357759, 33.776907], [-118.350699, 33.776907], [-118.350699, 33.789574], [-118.357759, 33.789574], [-118.357759, 33.776907]]]}}, {"type": "Feature", "properties": {"OBJECTID": 106, "LS_ID": "FALLBACK_LSI_0106", "COUNTY": "Los Angeles", "ZONE_NAME": "Angeles National Forest", "LANDSLIDE_TYPE": "deep-seated landslide", "CONFIDENCE": "moderate", "ACTIVITY": "active", "YEAR_MAPPED": 2008, "AREA_SQKM_EST": 1.4897, "source_dataset": "California Geological Survey Landslide Inventory", "source_url_attempted": "https://www.conservation.ca.gov/cgs/documents/publications/landslide-inventory/cgs_lsi_20260309.zip", "source_status": "simulated_fallback_due_ssl_download_failure", "download_error_reason": "CGS ZIP download failed in user environment because of SSL EOF error.", "data_use_note": "This is not an official CGS feature. It is a same-format GeoJSON fallback for course reproducibility."}, "geometry": {"type": "Polygon", "coordinates": [[[-118.125835, 34.314376], [-118.115374, 34.314376], [-118.115374, 34.325934], [-118.125835, 34.325934], [-118.125835, 34.314376]]]}}, {"type": "Feature", "properties": {"OBJECTID": 107, "LS_ID": "FALLBACK_LSI_0107", "COUNTY": "Los Angeles", "ZONE_NAME": "Angeles National Forest", "LANDSLIDE_TYPE": "debris flow", "CONFIDENCE": "moderate", "ACTIVITY": "historic", "YEAR_MAPPED": 2024, "AREA_SQKM_EST": 1.9461, "source_dataset": "California Geological Survey Landslide Inventory", "source_url_attempted": "https://www.conservation.ca.gov/cgs/documents/publications/landslide-inventory/cgs_lsi_20260309.zip", "source_status": "simulated_fallback_due_ssl_download_failure", "download_error_reason": "CGS ZIP download failed in user environment because of SSL EOF error.", "data_use_note": "This is not an official CGS feature. It is a same-format GeoJSON fallback for course reproducibility."}, "geometry": {"type": "Polygon", "coordinates": [[[-118.204288, 34.356528], [-118.190833, 34.356528], [-118.190833, 34.368267], [-118.204288, 34.368267], [-118.204288, 34.356528]]]}}, {"type": "Feature", "properties": {"OBJECTID": 108, "LS_ID": "FALLBACK_LSI_0108", "COUNTY": "Los Angeles", "ZONE_NAME": "Santa Monica Mountains", "LANDSLIDE_TYPE": "debris flow", "CONFIDENCE": "low", "ACTIVITY": "dormant", "YEAR_MAPPED": 2021, "AREA_SQKM_EST": 1.9491, "source_dataset": "California Geological Survey Landslide Inventory", "source_url_attempted": "https://www.conservation.ca.gov/cgs/documents/publications/landslide-inventory/cgs_lsi_20260309.zip", "source_status": "simulated_fallback_due_ssl_download_failure", "download_error_reason": "CGS ZIP download failed in user environment because of SSL EOF error.", "data_use_note": "This is not an official CGS feature. It is a same-format GeoJSON fallback for course reproducibility."}, "geometry": {"type": "Polygon", "coordinates": [[[-118.766616, 34.047006], [-118.745107, 34.047006], [-118.745107, 34.054361], [-118.766616, 34.054361], [-118.766616, 34.047006]]]}}, {"type": "Feature", "properties": {"OBJECTID": 109, "LS_ID": "FALLBACK_LSI_0109", "COUNTY": "Los Angeles", "ZONE_NAME": "Palos Verdes Peninsula", "LANDSLIDE_TYPE": "debris flow", "CONFIDENCE": "moderate", "ACTIVITY": "unknown", "YEAR_MAPPED": 1983, "AREA_SQKM_EST": 3.4331, "source_dataset": "California Geological Survey Landslide Inventory", "source_url_attempted": "https://www.conservation.ca.gov/cgs/documents/publications/landslide-inventory/cgs_lsi_20260309.zip", "source_status": "simulated_fallback_due_ssl_download_failure", "download_error_reason": "CGS ZIP download failed in user environment because of SSL EOF error.", "data_use_note": "This is not an official CGS feature. It is a same-format GeoJSON fallback for course reproducibility."}, "geometry": {"type": "Polygon", "coordinates": [[[-118.353177, 33.738099], [-118.338061, 33.738099], [-118.338061, 33.756533], [-118.353177, 33.756533], [-118.353177, 33.738099]]]}}, {"type": "Feature", "properties": {"OBJECTID": 110, "LS_ID": "FALLBACK_LSI_0110", "COUNTY": "Los Angeles", "ZONE_NAME": "San Gabriel Mountains", "LANDSLIDE_TYPE": "rock slide", "CONFIDENCE": "moderate", "ACTIVITY": "dormant", "YEAR_MAPPED": 1978, "AREA_SQKM_EST": 2.7698, "source_dataset": "California Geological Survey Landslide Inventory", "source_url_attempted": "https://www.conservation.ca.gov/cgs/documents/publications/landslide-inventory/cgs_lsi_20260309.zip", "source_status": "simulated_fallback_due_ssl_download_failure", "download_error_reason": "CGS ZIP download failed in user environment because of SSL EOF error.", "data_use_note": "This is not an official CGS feature. It is a same-format GeoJSON fallback for course reproducibility."}, "geometry": {"type": "Polygon", "coordinates": [[[-118.082478, 34.190398], [-118.062631, 34.190398], [-118.062631, 34.201725], [-118.082478, 34.201725], [-118.082478, 34.190398]]]}}, {"type": "Feature", "properties": {"OBJECTID": 111, "LS_ID": "FALLBACK_LSI_0111", "COUNTY": "Los Angeles", "ZONE_NAME": "Angeles National Forest", "LANDSLIDE_TYPE": "rock slide", "CONFIDENCE": "high", "ACTIVITY": "dormant", "YEAR_MAPPED": 2019, "AREA_SQKM_EST": 1.7533, "source_dataset": "California Geological Survey Landslide Inventory", "source_url_attempted": "https://www.conservation.ca.gov/cgs/documents/publications/landslide-inventory/cgs_lsi_20260309.zip", "source_status": "simulated_fallback_due_ssl_download_failure", "download_error_reason": "CGS ZIP download failed in user environment because of SSL EOF error.", "data_use_note": "This is not an official CGS feature. It is a same-format GeoJSON fallback for course reproducibility."}, "geometry": {"type": "Polygon", "coordinates": [[[-118.172015, 34.345854], [-118.164405, 34.345854], [-118.164405, 34.364553], [-118.172015, 34.364553], [-118.172015, 34.345854]]]}}, {"type": "Feature", "properties": {"OBJECTID": 112, "LS_ID": "FALLBACK_LSI_0112", "COUNTY": "Los Angeles", "ZONE_NAME": "Santa Monica Mountains", "LANDSLIDE_TYPE": "earth flow", "CONFIDENCE": "high", "ACTIVITY": "active", "YEAR_MAPPED": 2003, "AREA_SQKM_EST": 4.487, "source_dataset": "California Geological Survey Landslide Inventory", "source_url_attempted": "https://www.conservation.ca.gov/cgs/documents/publications/landslide-inventory/cgs_lsi_20260309.zip", "source_status": "simulated_fallback_due_ssl_download_failure", "download_error_reason": "CGS ZIP download failed in user environment because of SSL EOF error.", "data_use_note": "This is not an official CGS feature. It is a same-format GeoJSON fallback for course reproducibility."}, "geometry": {"type": "Polygon", "coordinates": [[[-118.766524, 34.076425], [-118.743215, 34.076425], [-118.743215, 34.092049], [-118.766524, 34.092049], [-118.766524, 34.076425]]]}}, {"type": "Feature", "properties": {"OBJECTID": 113, "LS_ID": "FALLBACK_LSI_0113", "COUNTY": "Los Angeles", "ZONE_NAME": "Palos Verdes Peninsula", "LANDSLIDE_TYPE": "shallow landslide", "CONFIDENCE": "moderate", "ACTIVITY": "historic", "YEAR_MAPPED": 2021, "AREA_SQKM_EST": 1.5909, "source_dataset": "California Geological Survey Landslide Inventory", "source_url_attempted": "https://www.conservation.ca.gov/cgs/documents/publications/landslide-inventory/cgs_lsi_20260309.zip", "source_status": "simulated_fallback_due_ssl_download_failure", "download_error_reason": "CGS ZIP download failed in user environment because of SSL EOF error.", "data_use_note": "This is not an official CGS feature. It is a same-format GeoJSON fallback for course reproducibility."}, "geometry": {"type": "Polygon", "coordinates": [[[-118.355894, 33.762091], [-118.342149, 33.762091], [-118.342149, 33.771485], [-118.355894, 33.771485], [-118.355894, 33.762091]]]}}, {"type": "Feature", "properties": {"OBJECTID": 114, "LS_ID": "FALLBACK_LSI_0114", "COUNTY": "Los Angeles", "ZONE_NAME": "San Gabriel Mountains", "LANDSLIDE_TYPE": "rock slide", "CONFIDENCE": "moderate", "ACTIVITY": "active", "YEAR_MAPPED": 2024, "AREA_SQKM_EST": 2.1926, "source_dataset": "California Geological Survey Landslide Inventory", "source_url_attempted": "https://www.conservation.ca.gov/cgs/documents/publications/landslide-inventory/cgs_lsi_20260309.zip", "source_status": "simulated_fallback_due_ssl_download_failure", "download_error_reason": "CGS ZIP download failed in user environment because of SSL EOF error.", "data_use_note": "This is not an official CGS feature. It is a same-format GeoJSON fallback for course reproducibility."}, "geometry": {"type": "Polygon", "coordinates": [[[-118.01297, 34.236013], [-117.990198, 34.236013], [-117.990198, 34.243828], [-118.01297, 34.243828], [-118.01297, 34.236013]]]}}, {"type": "Feature", "properties": {"OBJECTID": 115, "LS_ID": "FALLBACK_LSI_0115", "COUNTY": "Los Angeles", "ZONE_NAME": "Palos Verdes Peninsula", "LANDSLIDE_TYPE": "rock slide", "CONFIDENCE": "high", "ACTIVITY": "dormant", "YEAR_MAPPED": 1993, "AREA_SQKM_EST": 4.4152, "source_dataset": "California Geological Survey Landslide Inventory", "source_url_attempted": "https://www.conservation.ca.gov/cgs/documents/publications/landslide-inventory/cgs_lsi_20260309.zip", "source_status": "simulated_fallback_due_ssl_download_failure", "download_error_reason": "CGS ZIP download failed in user environment because of SSL EOF error.", "data_use_note": "This is not an official CGS feature. It is a same-format GeoJSON fallback for course reproducibility."}, "geometry": {"type": "Polygon", "coordinates": [[[-118.437438, 33.756142], [-118.41767, 33.756142], [-118.41767, 33.77427], [-118.437438, 33.77427], [-118.437438, 33.756142]]]}}, {"type": "Feature", "properties": {"OBJECTID": 116, "LS_ID": "FALLBACK_LSI_0116", "COUNTY": "Los Angeles", "ZONE_NAME": "Santa Monica Mountains", "LANDSLIDE_TYPE": "earth flow", "CONFIDENCE": "moderate", "ACTIVITY": "unknown", "YEAR_MAPPED": 2000, "AREA_SQKM_EST": 1.3941, "source_dataset": "California Geological Survey Landslide Inventory", "source_url_attempted": "https://www.conservation.ca.gov/cgs/documents/publications/landslide-inventory/cgs_lsi_20260309.zip", "source_status": "simulated_fallback_due_ssl_download_failure", "download_error_reason": "CGS ZIP download failed in user environment because of SSL EOF error.", "data_use_note": "This is not an official CGS feature. It is a same-format GeoJSON fallback for course reproducibility."}, "geometry": {"type": "Polygon", "coordinates": [[[-118.703322, 34.111554], [-118.685147, 34.111554], [-118.685147, 34.117779], [-118.703322, 34.117779], [-118.703322, 34.111554]]]}}, {"type": "Feature", "properties": {"OBJECTID": 117, "LS_ID": "FALLBACK_LSI_0117", "COUNTY": "Los Angeles", "ZONE_NAME": "San Gabriel Mountains", "LANDSLIDE_TYPE": "shallow landslide", "CONFIDENCE": "high", "ACTIVITY": "dormant", "YEAR_MAPPED": 2010, "AREA_SQKM_EST": 1.5871, "source_dataset": "California Geological Survey Landslide Inventory", "source_url_attempted": "https://www.conservation.ca.gov/cgs/documents/publications/landslide-inventory/cgs_lsi_20260309.zip", "source_status": "simulated_fallback_due_ssl_download_failure", "download_error_reason": "CGS ZIP download failed in user environment because of SSL EOF error.", "data_use_note": "This is not an official CGS feature. It is a same-format GeoJSON fallback for course reproducibility."}, "geometry": {"type": "Polygon", "coordinates": [[[-118.131471, 34.183368], [-118.124966, 34.183368], [-118.124966, 34.20317], [-118.131471, 34.20317], [-118.131471, 34.183368]]]}}, {"type": "Feature", "properties": {"OBJECTID": 118, "LS_ID": "FALLBACK_LSI_0118", "COUNTY": "Los Angeles", "ZONE_NAME": "Palos Verdes Peninsula", "LANDSLIDE_TYPE": "deep-seated landslide", "CONFIDENCE": "moderate", "ACTIVITY": "active", "YEAR_MAPPED": 1989, "AREA_SQKM_EST": 1.0896, "source_dataset": "California Geological Survey Landslide Inventory", "source_url_attempted": "https://www.conservation.ca.gov/cgs/documents/publications/landslide-inventory/cgs_lsi_20260309.zip", "source_status": "simulated_fallback_due_ssl_download_failure", "download_error_reason": "CGS ZIP download failed in user environment because of SSL EOF error.", "data_use_note": "This is not an official CGS feature. It is a same-format GeoJSON fallback for course reproducibility."}, "geometry": {"type": "Polygon", "coordinates": [[[-118.410191, 33.750526], [-118.39575, 33.750526], [-118.39575, 33.75665], [-118.410191, 33.75665], [-118.410191, 33.750526]]]}}, {"type": "Feature", "properties": {"OBJECTID": 119, "LS_ID": "FALLBACK_LSI_0119", "COUNTY": "Los Angeles", "ZONE_NAME": "Angeles National Forest", "LANDSLIDE_TYPE": "shallow landslide", "CONFIDENCE": "low", "ACTIVITY": "unknown", "YEAR_MAPPED": 1978, "AREA_SQKM_EST": 2.2164, "source_dataset": "California Geological Survey Landslide Inventory", "source_url_attempted": "https://www.conservation.ca.gov/cgs/documents/publications/landslide-inventory/cgs_lsi_20260309.zip", "source_status": "simulated_fallback_due_ssl_download_failure", "download_error_reason": "CGS ZIP download failed in user environment because of SSL EOF error.", "data_use_note": "This is not an official CGS feature. It is a same-format GeoJSON fallback for course reproducibility."}, "geometry": {"type": "Polygon", "coordinates": [[[-118.170137, 34.356832], [-118.158899, 34.356832], [-118.158899, 34.372838], [-118.170137, 34.372838], [-118.170137, 34.356832]]]}}, {"type": "Feature", "properties": {"OBJECTID": 120, "LS_ID": "FALLBACK_LSI_0120", "COUNTY": "Los Angeles", "ZONE_NAME": "Santa Monica Mountains", "LANDSLIDE_TYPE": "deep-seated landslide", "CONFIDENCE": "moderate", "ACTIVITY": "active", "YEAR_MAPPED": 2008, "AREA_SQKM_EST": 1.3218, "source_dataset": "California Geological Survey Landslide Inventory", "source_url_attempted": "https://www.conservation.ca.gov/cgs/documents/publications/landslide-inventory/cgs_lsi_20260309.zip", "source_status": "simulated_fallback_due_ssl_download_failure", "download_error_reason": "CGS ZIP download failed in user environment because of SSL EOF error.", "data_use_note": "This is not an official CGS feature. It is a same-format GeoJSON fallback for course reproducibility."}, "geometry": {"type": "Polygon", "coordinates": [[[-118.724517, 34.103212], [-118.706036, 34.103212], [-118.706036, 34.109017], [-118.724517, 34.109017], [-118.724517, 34.103212]]]}}, {"type": "Feature", "properties": {"OBJECTID": 121, "LS_ID": "FALLBACK_LSI_0121", "COUNTY": "Los Angeles", "ZONE_NAME": "Santa Monica Mountains", "LANDSLIDE_TYPE": "rock slide", "CONFIDENCE": "high", "ACTIVITY": "dormant", "YEAR_MAPPED": 1980, "AREA_SQKM_EST": 2.6999, "source_dataset": "California Geological Survey Landslide Inventory", "source_url_attempted": "https://www.conservation.ca.gov/cgs/documents/publications/landslide-inventory/cgs_lsi_20260309.zip", "source_status": "simulated_fallback_due_ssl_download_failure", "download_error_reason": "CGS ZIP download failed in user environment because of SSL EOF error.", "data_use_note": "This is not an official CGS feature. It is a same-format GeoJSON fallback for course reproducibility."}, "geometry": {"type": "Polygon", "coordinates": [[[-118.676377, 34.069717], [-118.661182, 34.069717], [-118.661182, 34.084137], [-118.676377, 34.084137], [-118.676377, 34.069717]]]}}, {"type": "Feature", "properties": {"OBJECTID": 122, "LS_ID": "FALLBACK_LSI_0122", "COUNTY": "Los Angeles", "ZONE_NAME": "Angeles National Forest", "LANDSLIDE_TYPE": "earth flow", "CONFIDENCE": "high", "ACTIVITY": "unknown", "YEAR_MAPPED": 2000, "AREA_SQKM_EST": 5.6729, "source_dataset": "California Geological Survey Landslide Inventory", "source_url_attempted": "https://www.conservation.ca.gov/cgs/documents/publications/landslide-inventory/cgs_lsi_20260309.zip", "source_status": "simulated_fallback_due_ssl_download_failure", "download_error_reason": "CGS ZIP download failed in user environment because of SSL EOF error.", "data_use_note": "This is not an official CGS feature. It is a same-format GeoJSON fallback for course reproducibility."}, "geometry": {"type": "Polygon", "coordinates": [[[-118.227996, 34.365826], [-118.204494, 34.365826], [-118.204494, 34.385417], [-118.227996, 34.385417], [-118.227996, 34.365826]]]}}, {"type": "Feature", "properties": {"OBJECTID": 123, "LS_ID": "FALLBACK_LSI_0123", "COUNTY": "Los Angeles", "ZONE_NAME": "Angeles National Forest", "LANDSLIDE_TYPE": "deep-seated landslide", "CONFIDENCE": "moderate", "ACTIVITY": "active", "YEAR_MAPPED": 1991, "AREA_SQKM_EST": 1.1788, "source_dataset": "California Geological Survey Landslide Inventory", "source_url_attempted": "https://www.conservation.ca.gov/cgs/documents/publications/landslide-inventory/cgs_lsi_20260309.zip", "source_status": "simulated_fallback_due_ssl_download_failure", "download_error_reason": "CGS ZIP download failed in user environment because of SSL EOF error.", "data_use_note": "This is not an official CGS feature. It is a same-format GeoJSON fallback for course reproducibility."}, "geometry": {"type": "Polygon", "coordinates": [[[-118.173397, 34.308368], [-118.159699, 34.308368], [-118.159699, 34.315353], [-118.173397, 34.315353], [-118.173397, 34.308368]]]}}, {"type": "Feature", "properties": {"OBJECTID": 124, "LS_ID": "FALLBACK_LSI_0124", "COUNTY": "Los Angeles", "ZONE_NAME": "San Gabriel Mountains", "LANDSLIDE_TYPE": "shallow landslide", "CONFIDENCE": "moderate", "ACTIVITY": "active", "YEAR_MAPPED": 2019, "AREA_SQKM_EST": 0.6954, "source_dataset": "California Geological Survey Landslide Inventory", "source_url_attempted": "https://www.conservation.ca.gov/cgs/documents/publications/landslide-inventory/cgs_lsi_20260309.zip", "source_status": "simulated_fallback_due_ssl_download_failure", "download_error_reason": "CGS ZIP download failed in user environment because of SSL EOF error.", "data_use_note": "This is not an official CGS feature. It is a same-format GeoJSON fallback for course reproducibility."}, "geometry": {"type": "Polygon", "coordinates": [[[-117.999126, 34.222981], [-117.98788, 34.222981], [-117.98788, 34.227999], [-117.999126, 34.227999], [-117.999126, 34.222981]]]}}, {"type": "Feature", "properties": {"OBJECTID": 125, "LS_ID": "FALLBACK_LSI_0125", "COUNTY": "Los Angeles", "ZONE_NAME": "Santa Monica Mountains", "LANDSLIDE_TYPE": "rock slide", "CONFIDENCE": "moderate", "ACTIVITY": "active", "YEAR_MAPPED": 2021, "AREA_SQKM_EST": 3.7754, "source_dataset": "California Geological Survey Landslide Inventory", "source_url_attempted": "https://www.conservation.ca.gov/cgs/documents/publications/landslide-inventory/cgs_lsi_20260309.zip", "source_status": "simulated_fallback_due_ssl_download_failure", "download_error_reason": "CGS ZIP download failed in user environment because of SSL EOF error.", "data_use_note": "This is not an official CGS feature. It is a same-format GeoJSON fallback for course reproducibility."}, "geometry": {"type": "Polygon", "coordinates": [[[-118.684389, 34.049314], [-118.6663, 34.049314], [-118.6663, 34.066253], [-118.684389, 34.066253], [-118.684389, 34.049314]]]}}, {"type": "Feature", "properties": {"OBJECTID": 126, "LS_ID": "FALLBACK_LSI_0126", "COUNTY": "Los Angeles", "ZONE_NAME": "San Gabriel Mountains", "LANDSLIDE_TYPE": "deep-seated landslide", "CONFIDENCE": "low", "ACTIVITY": "unknown", "YEAR_MAPPED": 1987, "AREA_SQKM_EST": 4.8525, "source_dataset": "California Geological Survey Landslide Inventory", "source_url_attempted": "https://www.conservation.ca.gov/cgs/documents/publications/landslide-inventory/cgs_lsi_20260309.zip", "source_status": "simulated_fallback_due_ssl_download_failure", "download_error_reason": "CGS ZIP download failed in user environment because of SSL EOF error.", "data_use_note": "This is not an official CGS feature. It is a same-format GeoJSON fallback for course reproducibility."}, "geometry": {"type": "Polygon", "coordinates": [[[-118.150391, 34.221459], [-118.130348, 34.221459], [-118.130348, 34.241109], [-118.150391, 34.241109], [-118.150391, 34.221459]]]}}, {"type": "Feature", "properties": {"OBJECTID": 127, "LS_ID": "FALLBACK_LSI_0127", "COUNTY": "Los Angeles", "ZONE_NAME": "Palos Verdes Peninsula", "LANDSLIDE_TYPE": "deep-seated landslide", "CONFIDENCE": "high", "ACTIVITY": "active", "YEAR_MAPPED": 2013, "AREA_SQKM_EST": 1.8119, "source_dataset": "California Geological Survey Landslide Inventory", "source_url_attempted": "https://www.conservation.ca.gov/cgs/documents/publications/landslide-inventory/cgs_lsi_20260309.zip", "source_status": "simulated_fallback_due_ssl_download_failure", "download_error_reason": "CGS ZIP download failed in user environment because of SSL EOF error.", "data_use_note": "This is not an official CGS feature. It is a same-format GeoJSON fallback for course reproducibility."}, "geometry": {"type": "Polygon", "coordinates": [[[-118.363204, 33.7505], [-118.349876, 33.7505], [-118.349876, 33.761533], [-118.363204, 33.761533], [-118.363204, 33.7505]]]}}, {"type": "Feature", "properties": {"OBJECTID": 128, "LS_ID": "FALLBACK_LSI_0128", "COUNTY": "Los Angeles", "ZONE_NAME": "Angeles National Forest", "LANDSLIDE_TYPE": "deep-seated landslide", "CONFIDENCE": "high", "ACTIVITY": "dormant", "YEAR_MAPPED": 2000, "AREA_SQKM_EST": 1.2808, "source_dataset": "California Geological Survey Landslide Inventory", "source_url_attempted": "https://www.conservation.ca.gov/cgs/documents/publications/landslide-inventory/cgs_lsi_20260309.zip", "source_status": "simulated_fallback_due_ssl_download_failure", "download_error_reason": "CGS ZIP download failed in user environment because of SSL EOF error.", "data_use_note": "This is not an official CGS feature. It is a same-format GeoJSON fallback for course reproducibility."}, "geometry": {"type": "Polygon", "coordinates": [[[-118.253016, 34.386967], [-118.245149, 34.386967], [-118.245149, 34.400181], [-118.253016, 34.400181], [-118.253016, 34.386967]]]}}, {"type": "Feature", "properties": {"OBJECTID": 129, "LS_ID": "FALLBACK_LSI_0129", "COUNTY": "Los Angeles", "ZONE_NAME": "Palos Verdes Peninsula", "LANDSLIDE_TYPE": "debris flow", "CONFIDENCE": "high", "ACTIVITY": "active", "YEAR_MAPPED": 2024, "AREA_SQKM_EST": 4.8932, "source_dataset": "California Geological Survey Landslide Inventory", "source_url_attempted": "https://www.conservation.ca.gov/cgs/documents/publications/landslide-inventory/cgs_lsi_20260309.zip", "source_status": "simulated_fallback_due_ssl_download_failure", "download_error_reason": "CGS ZIP download failed in user environment because of SSL EOF error.", "data_use_note": "This is not an official CGS feature. It is a same-format GeoJSON fallback for course reproducibility."}, "geometry": {"type": "Polygon", "coordinates": [[[-118.377302, 33.726506], [-118.35345, 33.726506], [-118.35345, 33.743156], [-118.377302, 33.743156], [-118.377302, 33.726506]]]}}, {"type": "Feature", "properties": {"OBJECTID": 130, "LS_ID": "FALLBACK_LSI_0130", "COUNTY": "Los Angeles", "ZONE_NAME": "Palos Verdes Peninsula", "LANDSLIDE_TYPE": "shallow landslide", "CONFIDENCE": "moderate", "ACTIVITY": "active", "YEAR_MAPPED": 1981, "AREA_SQKM_EST": 1.4399, "source_dataset": "California Geological Survey Landslide Inventory", "source_url_attempted": "https://www.conservation.ca.gov/cgs/documents/publications/landslide-inventory/cgs_lsi_20260309.zip", "source_status": "simulated_fallback_due_ssl_download_failure", "download_error_reason": "CGS ZIP download failed in user environment because of SSL EOF error.", "data_use_note": "This is not an official CGS feature. It is a same-format GeoJSON fallback for course reproducibility."}, "geometry": {"type": "Polygon", "coordinates": [[[-118.380612, 33.745704], [-118.36143, 33.745704], [-118.36143, 33.751797], [-118.380612, 33.751797], [-118.380612, 33.745704]]]}}, {"type": "Feature", "properties": {"OBJECTID": 131, "LS_ID": "FALLBACK_LSI_0131", "COUNTY": "Los Angeles", "ZONE_NAME": "San Gabriel Mountains", "LANDSLIDE_TYPE": "shallow landslide", "CONFIDENCE": "moderate", "ACTIVITY": "active", "YEAR_MAPPED": 2026, "AREA_SQKM_EST": 2.1925, "source_dataset": "California Geological Survey Landslide Inventory", "source_url_attempted": "https://www.conservation.ca.gov/cgs/documents/publications/landslide-inventory/cgs_lsi_20260309.zip", "source_status": "simulated_fallback_due_ssl_download_failure", "download_error_reason": "CGS ZIP download failed in user environment because of SSL EOF error.", "data_use_note": "This is not an official CGS feature. It is a same-format GeoJSON fallback for course reproducibility."}, "geometry": {"type": "Polygon", "coordinates": [[[-118.121103, 34.224976], [-118.111007, 34.224976], [-118.111007, 34.242602], [-118.121103, 34.242602], [-118.121103, 34.224976]]]}}, {"type": "Feature", "properties": {"OBJECTID": 132, "LS_ID": "FALLBACK_LSI_0132", "COUNTY": "Los Angeles", "ZONE_NAME": "Palos Verdes Peninsula", "LANDSLIDE_TYPE": "deep-seated landslide", "CONFIDENCE": "high", "ACTIVITY": "active", "YEAR_MAPPED": 1977, "AREA_SQKM_EST": 2.364, "source_dataset": "California Geological Survey Landslide Inventory", "source_url_attempted": "https://www.conservation.ca.gov/cgs/documents/publications/landslide-inventory/cgs_lsi_20260309.zip", "source_status": "simulated_fallback_due_ssl_download_failure", "download_error_reason": "CGS ZIP download failed in user environment because of SSL EOF error.", "data_use_note": "This is not an official CGS feature. It is a same-format GeoJSON fallback for course reproducibility."}, "geometry": {"type": "Polygon", "coordinates": [[[-118.372703, 33.747521], [-118.359442, 33.747521], [-118.359442, 33.76199], [-118.372703, 33.76199], [-118.372703, 33.747521]]]}}, {"type": "Feature", "properties": {"OBJECTID": 133, "LS_ID": "FALLBACK_LSI_0133", "COUNTY": "Los Angeles", "ZONE_NAME": "Angeles National Forest", "LANDSLIDE_TYPE": "rock slide", "CONFIDENCE": "moderate", "ACTIVITY": "dormant", "YEAR_MAPPED": 1993, "AREA_SQKM_EST": 1.6786, "source_dataset": "California Geological Survey Landslide Inventory", "source_url_attempted": "https://www.conservation.ca.gov/cgs/documents/publications/landslide-inventory/cgs_lsi_20260309.zip", "source_status": "simulated_fallback_due_ssl_download_failure", "download_error_reason": "CGS ZIP download failed in user environment because of SSL EOF error.", "data_use_note": "This is not an official CGS feature. It is a same-format GeoJSON fallback for course reproducibility."}, "geometry": {"type": "Polygon", "coordinates": [[[-118.194781, 34.377182], [-118.179124, 34.377182], [-118.179124, 34.385884], [-118.194781, 34.385884], [-118.194781, 34.377182]]]}}, {"type": "Feature", "properties": {"OBJECTID": 134, "LS_ID": "FALLBACK_LSI_0134", "COUNTY": "Los Angeles", "ZONE_NAME": "San Gabriel Mountains", "LANDSLIDE_TYPE": "shallow landslide", "CONFIDENCE": "high", "ACTIVITY": "historic", "YEAR_MAPPED": 2015, "AREA_SQKM_EST": 2.1607, "source_dataset": "California Geological Survey Landslide Inventory", "source_url_attempted": "https://www.conservation.ca.gov/cgs/documents/publications/landslide-inventory/cgs_lsi_20260309.zip", "source_status": "simulated_fallback_due_ssl_download_failure", "download_error_reason": "CGS ZIP download failed in user environment because of SSL EOF error.", "data_use_note": "This is not an official CGS feature. It is a same-format GeoJSON fallback for course reproducibility."}, "geometry": {"type": "Polygon", "coordinates": [[[-117.976508, 34.285768], [-117.954968, 34.285768], [-117.954968, 34.29391], [-117.976508, 34.29391], [-117.976508, 34.285768]]]}}, {"type": "Feature", "properties": {"OBJECTID": 135, "LS_ID": "FALLBACK_LSI_0135", "COUNTY": "Los Angeles", "ZONE_NAME": "Palos Verdes Peninsula", "LANDSLIDE_TYPE": "earth flow", "CONFIDENCE": "moderate", "ACTIVITY": "historic", "YEAR_MAPPED": 1989, "AREA_SQKM_EST": 2.336, "source_dataset": "California Geological Survey Landslide Inventory", "source_url_attempted": "https://www.conservation.ca.gov/cgs/documents/publications/landslide-inventory/cgs_lsi_20260309.zip", "source_status": "simulated_fallback_due_ssl_download_failure", "download_error_reason": "CGS ZIP download failed in user environment because of SSL EOF error.", "data_use_note": "This is not an official CGS feature. It is a same-format GeoJSON fallback for course reproducibility."}, "geometry": {"type": "Polygon", "coordinates": [[[-118.356656, 33.745896], [-118.34715, 33.745896], [-118.34715, 33.765842], [-118.356656, 33.765842], [-118.356656, 33.745896]]]}}, {"type": "Feature", "properties": {"OBJECTID": 136, "LS_ID": "FALLBACK_LSI_0136", "COUNTY": "Los Angeles", "ZONE_NAME": "Santa Monica Mountains", "LANDSLIDE_TYPE": "deep-seated landslide", "CONFIDENCE": "high", "ACTIVITY": "dormant", "YEAR_MAPPED": 1996, "AREA_SQKM_EST": 1.5028, "source_dataset": "California Geological Survey Landslide Inventory", "source_url_attempted": "https://www.conservation.ca.gov/cgs/documents/publications/landslide-inventory/cgs_lsi_20260309.zip", "source_status": "simulated_fallback_due_ssl_download_failure", "download_error_reason": "CGS ZIP download failed in user environment because of SSL EOF error.", "data_use_note": "This is not an official CGS feature. It is a same-format GeoJSON fallback for course reproducibility."}, "geometry": {"type": "Polygon", "coordinates": [[[-118.662837, 34.116606], [-118.644784, 34.116606], [-118.644784, 34.123363], [-118.662837, 34.123363], [-118.662837, 34.116606]]]}}, {"type": "Feature", "properties": {"OBJECTID": 137, "LS_ID": "FALLBACK_LSI_0137", "COUNTY": "Los Angeles", "ZONE_NAME": "Santa Monica Mountains", "LANDSLIDE_TYPE": "rock slide", "CONFIDENCE": "moderate", "ACTIVITY": "historic", "YEAR_MAPPED": 1990, "AREA_SQKM_EST": 3.7231, "source_dataset": "California Geological Survey Landslide Inventory", "source_url_attempted": "https://www.conservation.ca.gov/cgs/documents/publications/landslide-inventory/cgs_lsi_20260309.zip", "source_status": "simulated_fallback_due_ssl_download_failure", "download_error_reason": "CGS ZIP download failed in user environment because of SSL EOF error.", "data_use_note": "This is not an official CGS feature. It is a same-format GeoJSON fallback for course reproducibility."}, "geometry": {"type": "Polygon", "coordinates": [[[-118.734103, 34.041082], [-118.715596, 34.041082], [-118.715596, 34.057409], [-118.734103, 34.057409], [-118.734103, 34.041082]]]}}, {"type": "Feature", "properties": {"OBJECTID": 138, "LS_ID": "FALLBACK_LSI_0138", "COUNTY": "Los Angeles", "ZONE_NAME": "Santa Monica Mountains", "LANDSLIDE_TYPE": "rock slide", "CONFIDENCE": "low", "ACTIVITY": "unknown", "YEAR_MAPPED": 2018, "AREA_SQKM_EST": 1.5992, "source_dataset": "California Geological Survey Landslide Inventory", "source_url_attempted": "https://www.conservation.ca.gov/cgs/documents/publications/landslide-inventory/cgs_lsi_20260309.zip", "source_status": "simulated_fallback_due_ssl_download_failure", "download_error_reason": "CGS ZIP download failed in user environment because of SSL EOF error.", "data_use_note": "This is not an official CGS feature. It is a same-format GeoJSON fallback for course reproducibility."}, "geometry": {"type": "Polygon", "coordinates": [[[-118.703813, 34.01814], [-118.69484, 34.01814], [-118.69484, 34.032607], [-118.703813, 34.032607], [-118.703813, 34.01814]]]}}, {"type": "Feature", "properties": {"OBJECTID": 139, "LS_ID": "FALLBACK_LSI_0139", "COUNTY": "Los Angeles", "ZONE_NAME": "San Gabriel Mountains", "LANDSLIDE_TYPE": "rock slide", "CONFIDENCE": "low", "ACTIVITY": "unknown", "YEAR_MAPPED": 1984, "AREA_SQKM_EST": 2.8561, "source_dataset": "California Geological Survey Landslide Inventory", "source_url_attempted": "https://www.conservation.ca.gov/cgs/documents/publications/landslide-inventory/cgs_lsi_20260309.zip", "source_status": "simulated_fallback_due_ssl_download_failure", "download_error_reason": "CGS ZIP download failed in user environment because of SSL EOF error.", "data_use_note": "This is not an official CGS feature. It is a same-format GeoJSON fallback for course reproducibility."}, "geometry": {"type": "Polygon", "coordinates": [[[-117.973346, 34.205478], [-117.951654, 34.205478], [-117.951654, 34.216164], [-117.973346, 34.216164], [-117.973346, 34.205478]]]}}, {"type": "Feature", "properties": {"OBJECTID": 140, "LS_ID": "FALLBACK_LSI_0140", "COUNTY": "Los Angeles", "ZONE_NAME": "Santa Monica Mountains", "LANDSLIDE_TYPE": "debris flow", "CONFIDENCE": "high", "ACTIVITY": "historic", "YEAR_MAPPED": 1992, "AREA_SQKM_EST": 0.5155, "source_dataset": "California Geological Survey Landslide Inventory", "source_url_attempted": "https://www.conservation.ca.gov/cgs/documents/publications/landslide-inventory/cgs_lsi_20260309.zip", "source_status": "simulated_fallback_due_ssl_download_failure", "download_error_reason": "CGS ZIP download failed in user environment because of SSL EOF error.", "data_use_note": "This is not an official CGS feature. It is a same-format GeoJSON fallback for course reproducibility."}, "geometry": {"type": "Polygon", "coordinates": [[[-118.673784, 34.034789], [-118.667556, 34.034789], [-118.667556, 34.041507], [-118.673784, 34.041507], [-118.673784, 34.034789]]]}}, {"type": "Feature", "properties": {"OBJECTID": 141, "LS_ID": "FALLBACK_LSI_0141", "COUNTY": "Los Angeles", "ZONE_NAME": "Santa Monica Mountains", "LANDSLIDE_TYPE": "shallow landslide", "CONFIDENCE": "moderate", "ACTIVITY": "dormant", "YEAR_MAPPED": 1994, "AREA_SQKM_EST": 0.5736, "source_dataset": "California Geological Survey Landslide Inventory", "source_url_attempted": "https://www.conservation.ca.gov/cgs/documents/publications/landslide-inventory/cgs_lsi_20260309.zip", "source_status": "simulated_fallback_due_ssl_download_failure", "download_error_reason": "CGS ZIP download failed in user environment because of SSL EOF error.", "data_use_note": "This is not an official CGS feature. It is a same-format GeoJSON fallback for course reproducibility."}, "geometry": {"type": "Polygon", "coordinates": [[[-118.754558, 34.095222], [-118.749301, 34.095222], [-118.749301, 34.104077], [-118.754558, 34.104077], [-118.754558, 34.095222]]]}}, {"type": "Feature", "properties": {"OBJECTID": 142, "LS_ID": "FALLBACK_LSI_0142", "COUNTY": "Los Angeles", "ZONE_NAME": "Palos Verdes Peninsula", "LANDSLIDE_TYPE": "earth flow", "CONFIDENCE": "high", "ACTIVITY": "dormant", "YEAR_MAPPED": 2012, "AREA_SQKM_EST": 2.6022, "source_dataset": "California Geological Survey Landslide Inventory", "source_url_attempted": "https://www.conservation.ca.gov/cgs/documents/publications/landslide-inventory/cgs_lsi_20260309.zip", "source_status": "simulated_fallback_due_ssl_download_failure", "download_error_reason": "CGS ZIP download failed in user environment because of SSL EOF error.", "data_use_note": "This is not an official CGS feature. It is a same-format GeoJSON fallback for course reproducibility."}, "geometry": {"type": "Polygon", "coordinates": [[[-118.345574, 33.74219], [-118.333231, 33.74219], [-118.333231, 33.759301], [-118.345574, 33.759301], [-118.345574, 33.74219]]]}}, {"type": "Feature", "properties": {"OBJECTID": 143, "LS_ID": "FALLBACK_LSI_0143", "COUNTY": "Los Angeles", "ZONE_NAME": "Palos Verdes Peninsula", "LANDSLIDE_TYPE": "deep-seated landslide", "CONFIDENCE": "moderate", "ACTIVITY": "historic", "YEAR_MAPPED": 1977, "AREA_SQKM_EST": 3.2102, "source_dataset": "California Geological Survey Landslide Inventory", "source_url_attempted": "https://www.conservation.ca.gov/cgs/documents/publications/landslide-inventory/cgs_lsi_20260309.zip", "source_status": "simulated_fallback_due_ssl_download_failure", "download_error_reason": "CGS ZIP download failed in user environment because of SSL EOF error.", "data_use_note": "This is not an official CGS feature. It is a same-format GeoJSON fallback for course reproducibility."}, "geometry": {"type": "Polygon", "coordinates": [[[-118.37341, 33.747154], [-118.358036, 33.747154], [-118.358036, 33.764101], [-118.37341, 33.764101], [-118.37341, 33.747154]]]}}, {"type": "Feature", "properties": {"OBJECTID": 144, "LS_ID": "FALLBACK_LSI_0144", "COUNTY": "Los Angeles", "ZONE_NAME": "Palos Verdes Peninsula", "LANDSLIDE_TYPE": "rock slide", "CONFIDENCE": "high", "ACTIVITY": "dormant", "YEAR_MAPPED": 2022, "AREA_SQKM_EST": 2.836, "source_dataset": "California Geological Survey Landslide Inventory", "source_url_attempted": "https://www.conservation.ca.gov/cgs/documents/publications/landslide-inventory/cgs_lsi_20260309.zip", "source_status": "simulated_fallback_due_ssl_download_failure", "download_error_reason": "CGS ZIP download failed in user environment because of SSL EOF error.", "data_use_note": "This is not an official CGS feature. It is a same-format GeoJSON fallback for course reproducibility."}, "geometry": {"type": "Polygon", "coordinates": [[[-118.387211, 33.764188], [-118.369142, 33.764188], [-118.369142, 33.776927], [-118.387211, 33.776927], [-118.387211, 33.764188]]]}}, {"type": "Feature", "properties": {"OBJECTID": 145, "LS_ID": "FALLBACK_LSI_0145", "COUNTY": "Los Angeles", "ZONE_NAME": "Santa Monica Mountains", "LANDSLIDE_TYPE": "debris flow", "CONFIDENCE": "high", "ACTIVITY": "dormant", "YEAR_MAPPED": 1991, "AREA_SQKM_EST": 3.2019, "source_dataset": "California Geological Survey Landslide Inventory", "source_url_attempted": "https://www.conservation.ca.gov/cgs/documents/publications/landslide-inventory/cgs_lsi_20260309.zip", "source_status": "simulated_fallback_due_ssl_download_failure", "download_error_reason": "CGS ZIP download failed in user environment because of SSL EOF error.", "data_use_note": "This is not an official CGS feature. It is a same-format GeoJSON fallback for course reproducibility."}, "geometry": {"type": "Polygon", "coordinates": [[[-118.839097, 34.01189], [-118.821316, 34.01189], [-118.821316, 34.026504], [-118.839097, 34.026504], [-118.839097, 34.01189]]]}}, {"type": "Feature", "properties": {"OBJECTID": 146, "LS_ID": "FALLBACK_LSI_0146", "COUNTY": "Los Angeles", "ZONE_NAME": "Santa Monica Mountains", "LANDSLIDE_TYPE": "earth flow", "CONFIDENCE": "high", "ACTIVITY": "unknown", "YEAR_MAPPED": 1978, "AREA_SQKM_EST": 0.5987, "source_dataset": "California Geological Survey Landslide Inventory", "source_url_attempted": "https://www.conservation.ca.gov/cgs/documents/publications/landslide-inventory/cgs_lsi_20260309.zip", "source_status": "simulated_fallback_due_ssl_download_failure", "download_error_reason": "CGS ZIP download failed in user environment because of SSL EOF error.", "data_use_note": "This is not an official CGS feature. It is a same-format GeoJSON fallback for course reproducibility."}, "geometry": {"type": "Polygon", "coordinates": [[[-118.704466, 34.044518], [-118.69889, 34.044518], [-118.69889, 34.053231], [-118.704466, 34.053231], [-118.704466, 34.044518]]]}}, {"type": "Feature", "properties": {"OBJECTID": 147, "LS_ID": "FALLBACK_LSI_0147", "COUNTY": "Los Angeles", "ZONE_NAME": "Palos Verdes Peninsula", "LANDSLIDE_TYPE": "debris flow", "CONFIDENCE": "moderate", "ACTIVITY": "dormant", "YEAR_MAPPED": 1976, "AREA_SQKM_EST": 3.8007, "source_dataset": "California Geological Survey Landslide Inventory", "source_url_attempted": "https://www.conservation.ca.gov/cgs/documents/publications/landslide-inventory/cgs_lsi_20260309.zip", "source_status": "simulated_fallback_due_ssl_download_failure", "download_error_reason": "CGS ZIP download failed in user environment because of SSL EOF error.", "data_use_note": "This is not an official CGS feature. It is a same-format GeoJSON fallback for course reproducibility."}, "geometry": {"type": "Polygon", "coordinates": [[[-118.395047, 33.743], [-118.37535, 33.743], [-118.37535, 33.758661], [-118.395047, 33.758661], [-118.395047, 33.743]]]}}, {"type": "Feature", "properties": {"OBJECTID": 148, "LS_ID": "FALLBACK_LSI_0148", "COUNTY": "Los Angeles", "ZONE_NAME": "Santa Monica Mountains", "LANDSLIDE_TYPE": "deep-seated landslide", "CONFIDENCE": "moderate", "ACTIVITY": "historic", "YEAR_MAPPED": 1998, "AREA_SQKM_EST": 3.75, "source_dataset": "California Geological Survey Landslide Inventory", "source_url_attempted": "https://www.conservation.ca.gov/cgs/documents/publications/landslide-inventory/cgs_lsi_20260309.zip", "source_status": "simulated_fallback_due_ssl_download_failure", "download_error_reason": "CGS ZIP download failed in user environment because of SSL EOF error.", "data_use_note": "This is not an official CGS feature. It is a same-format GeoJSON fallback for course reproducibility."}, "geometry": {"type": "Polygon", "coordinates": [[[-118.71934, 34.046891], [-118.697091, 34.046891], [-118.697091, 34.06057], [-118.71934, 34.06057], [-118.71934, 34.046891]]]}}, {"type": "Feature", "properties": {"OBJECTID": 149, "LS_ID": "FALLBACK_LSI_0149", "COUNTY": "Los Angeles", "ZONE_NAME": "Angeles National Forest", "LANDSLIDE_TYPE": "deep-seated landslide", "CONFIDENCE": "moderate", "ACTIVITY": "dormant", "YEAR_MAPPED": 2023, "AREA_SQKM_EST": 1.3875, "source_dataset": "California Geological Survey Landslide Inventory", "source_url_attempted": "https://www.conservation.ca.gov/cgs/documents/publications/landslide-inventory/cgs_lsi_20260309.zip", "source_status": "simulated_fallback_due_ssl_download_failure", "download_error_reason": "CGS ZIP download failed in user environment because of SSL EOF error.", "data_use_note": "This is not an official CGS feature. It is a same-format GeoJSON fallback for course reproducibility."}, "geometry": {"type": "Polygon", "coordinates": [[[-118.276672, 34.338134], [-118.262646, 34.338134], [-118.262646, 34.346163], [-118.276672, 34.346163], [-118.276672, 34.338134]]]}}, {"type": "Feature", "properties": {"OBJECTID": 150, "LS_ID": "FALLBACK_LSI_0150", "COUNTY": "Los Angeles", "ZONE_NAME": "Palos Verdes Peninsula", "LANDSLIDE_TYPE": "debris flow", "CONFIDENCE": "high", "ACTIVITY": "active", "YEAR_MAPPED": 2007, "AREA_SQKM_EST": 2.288, "source_dataset": "California Geological Survey Landslide Inventory", "source_url_attempted": "https://www.conservation.ca.gov/cgs/documents/publications/landslide-inventory/cgs_lsi_20260309.zip", "source_status": "simulated_fallback_due_ssl_download_failure", "download_error_reason": "CGS ZIP download failed in user environment because of SSL EOF error.", "data_use_note": "This is not an official CGS feature. It is a same-format GeoJSON fallback for course reproducibility."}, "geometry": {"type": "Polygon", "coordinates": [[[-118.352151, 33.75448], [-118.329321, 33.75448], [-118.329321, 33.762614], [-118.352151, 33.762614], [-118.352151, 33.75448]]]}}]}