{"type": "FeatureCollection", "name": "fallback_simulated_geojson", "crs": {"type": "name", "properties": {"name": "EPSG:4326"}}, "features": [{"type": "Feature", "properties": {"OBJECTID": 1, "NAME": "Fallback Fire/EMS Station 001", "FACILITY_NAME": "Fallback Fire/EMS Station 001", "CATEGORY": "Fire / EMS Station", "ADDRESS": "5863 Example Ave", "CITY": "Burbank", "STATE": "CA", "COUNTY": "Los Angeles", "ZIP": "92193", "LATITUDE": 34.385286, "LONGITUDE": -118.399083, "resource_type": "fire_ems", "source_status": "simulated_fallback_due_download_missing_or_unavailable", "data_use_note": "Fallback simulated point. Replace with real emergency resource GeoJSON if available."}, "geometry": {"type": "Point", "coordinates": [-118.399083, 34.385286]}}, {"type": "Feature", "properties": {"OBJECTID": 2, "NAME": "Fallback Fire/EMS Station 002", "FACILITY_NAME": "Fallback Fire/EMS Station 002", "CATEGORY": "Fire / EMS Station", "ADDRESS": "6638 Example Ave", "CITY": "Whittier", "STATE": "CA", "COUNTY": "Los Angeles", "ZIP": "92877", "LATITUDE": 34.001771, "LONGITUDE": -118.307258, "resource_type": "fire_ems", "source_status": "simulated_fallback_due_download_missing_or_unavailable", "data_use_note": "Fallback simulated point. Replace with real emergency resource GeoJSON if available."}, "geometry": {"type": "Point", "coordinates": [-118.307258, 34.001771]}}, {"type": "Feature", "properties": {"OBJECTID": 3, "NAME": "Fallback Fire/EMS Station 003", "FACILITY_NAME": "Fallback Fire/EMS Station 003", "CATEGORY": "Fire / EMS Station", "ADDRESS": "466 Example Ave", "CITY": "Torrance", "STATE": "CA", "COUNTY": "Los Angeles", "ZIP": "92504", "LATITUDE": 33.848272, "LONGITUDE": -118.490681, "resource_type": "fire_ems", "source_status": "simulated_fallback_due_download_missing_or_unavailable", "data_use_note": "Fallback simulated point. Replace with real emergency resource GeoJSON if available."}, "geometry": {"type": "Point", "coordinates": [-118.490681, 33.848272]}}, {"type": "Feature", "properties": {"OBJECTID": 4, "NAME": "Fallback Fire/EMS Station 004", "FACILITY_NAME": "Fallback Fire/EMS Station 004", "CATEGORY": "Fire / EMS Station", "ADDRESS": "3350 Example Ave", "CITY": "Pasadena", "STATE": "CA", "COUNTY": "Los Angeles", "ZIP": "93503", "LATITUDE": 33.740533, "LONGITUDE": -117.834286, "resource_type": "fire_ems", "source_status": "simulated_fallback_due_download_missing_or_unavailable", "data_use_note": "Fallback simulated point. Replace with real emergency resource GeoJSON if available."}, "geometry": {"type": "Point", "coordinates": [-117.834286, 33.740533]}}, {"type": "Feature", "properties": {"OBJECTID": 5, "NAME": "Fallback Fire/EMS Station 005", "FACILITY_NAME": "Fallback Fire/EMS Station 005", "CATEGORY": "Fire / EMS Station", "ADDRESS": "8900 Example Ave", "CITY": "Los Angeles", "STATE": "CA", "COUNTY": "Los Angeles", "ZIP": "91128", "LATITUDE": 33.904914, "LONGITUDE": -117.955153, "resource_type": "fire_ems", "source_status": "simulated_fallback_due_download_missing_or_unavailable", "data_use_note": "Fallback simulated point. Replace with real emergency resource GeoJSON if available."}, "geometry": {"type": "Point", "coordinates": [-117.955153, 33.904914]}}, {"type": "Feature", "properties": {"OBJECTID": 6, "NAME": "Fallback Fire/EMS Station 006", "FACILITY_NAME": "Fallback Fire/EMS Station 006", "CATEGORY": "Fire / EMS Station", "ADDRESS": "7361 Example Ave", "CITY": "Lancaster", "STATE": "CA", "COUNTY": "Los Angeles", "ZIP": "91619", "LATITUDE": 33.787292, "LONGITUDE": -118.298767, "resource_type": "fire_ems", "source_status": "simulated_fallback_due_download_missing_or_unavailable", "data_use_note": "Fallback simulated point. Replace with real emergency resource GeoJSON if available."}, "geometry": {"type": "Point", "coordinates": [-118.298767, 33.787292]}}, {"type": "Feature", "properties": {"OBJECTID": 7, "NAME": "Fallback Fire/EMS Station 007", "FACILITY_NAME": "Fallback Fire/EMS Station 007", "CATEGORY": "Fire / EMS Station", "ADDRESS": "8071 Example Ave", "CITY": "Glendale", "STATE": "CA", "COUNTY": "Los Angeles", "ZIP": "92447", "LATITUDE": 34.144729, "LONGITUDE": -118.087023, "resource_type": "fire_ems", "source_status": "simulated_fallback_due_download_missing_or_unavailable", "data_use_note": "Fallback simulated point. Replace with real emergency resource GeoJSON if available."}, "geometry": {"type": "Point", "coordinates": [-118.087023, 34.144729]}}, {"type": "Feature", "properties": {"OBJECTID": 8, "NAME": "Fallback Fire/EMS Station 008", "FACILITY_NAME": "Fallback Fire/EMS Station 008", "CATEGORY": "Fire / EMS Station", "ADDRESS": "7904 Example Ave", "CITY": "Lancaster", "STATE": "CA", "COUNTY": "Los Angeles", "ZIP": "92678", "LATITUDE": 33.708186, "LONGITUDE": -118.744635, "resource_type": "fire_ems", "source_status": "simulated_fallback_due_download_missing_or_unavailable", "data_use_note": "Fallback simulated point. Replace with real emergency resource GeoJSON if available."}, "geometry": {"type": "Point", "coordinates": [-118.744635, 33.708186]}}, {"type": "Feature", "properties": {"OBJECTID": 9, "NAME": "Fallback Fire/EMS Station 009", "FACILITY_NAME": "Fallback Fire/EMS Station 009", "CATEGORY": "Fire / EMS Station", "ADDRESS": "2235 Example Ave", "CITY": "Pasadena", "STATE": "CA", "COUNTY": "Los Angeles", "ZIP": "92208", "LATITUDE": 34.43878, "LONGITUDE": -117.83779, "resource_type": "fire_ems", "source_status": "simulated_fallback_due_download_missing_or_unavailable", "data_use_note": "Fallback simulated point. Replace with real emergency resource GeoJSON if available."}, "geometry": {"type": "Point", "coordinates": [-117.83779, 34.43878]}}, {"type": "Feature", "properties": {"OBJECTID": 10, "NAME": "Fallback Fire/EMS Station 010", "FACILITY_NAME": "Fallback Fire/EMS Station 010", "CATEGORY": "Fire / EMS Station", "ADDRESS": "5300 Example Ave", "CITY": "Glendale", "STATE": "CA", "COUNTY": "Los Angeles", "ZIP": "90799", "LATITUDE": 34.424022, "LONGITUDE": -118.106373, "resource_type": "fire_ems", "source_status": "simulated_fallback_due_download_missing_or_unavailable", "data_use_note": "Fallback simulated point. Replace with real emergency resource GeoJSON if available."}, "geometry": {"type": "Point", "coordinates": [-118.106373, 34.424022]}}, {"type": "Feature", "properties": {"OBJECTID": 11, "NAME": "Fallback Fire/EMS Station 011", "FACILITY_NAME": "Fallback Fire/EMS Station 011", "CATEGORY": "Fire / EMS Station", "ADDRESS": "9907 Example Ave", "CITY": "Santa Monica", "STATE": "CA", "COUNTY": "Los Angeles", "ZIP": "90044", "LATITUDE": 34.359881, "LONGITUDE": -118.10261, "resource_type": "fire_ems", "source_status": "simulated_fallback_due_download_missing_or_unavailable", "data_use_note": "Fallback simulated point. Replace with real emergency resource GeoJSON if available."}, "geometry": {"type": "Point", "coordinates": [-118.10261, 34.359881]}}, {"type": "Feature", "properties": {"OBJECTID": 12, "NAME": "Fallback Fire/EMS Station 012", "FACILITY_NAME": "Fallback Fire/EMS Station 012", "CATEGORY": "Fire / EMS Station", "ADDRESS": "1382 Example Ave", "CITY": "Long Beach", "STATE": "CA", "COUNTY": "Los Angeles", "ZIP": "91970", "LATITUDE": 34.375831, "LONGITUDE": -118.245577, "resource_type": "fire_ems", "source_status": "simulated_fallback_due_download_missing_or_unavailable", "data_use_note": "Fallback simulated point. Replace with real emergency resource GeoJSON if available."}, "geometry": {"type": "Point", "coordinates": [-118.245577, 34.375831]}}, {"type": "Feature", "properties": {"OBJECTID": 13, "NAME": "Fallback Fire/EMS Station 013", "FACILITY_NAME": "Fallback Fire/EMS Station 013", "CATEGORY": "Fire / EMS Station", "ADDRESS": "1649 Example Ave", "CITY": "Lancaster", "STATE": "CA", "COUNTY": "Los Angeles", "ZIP": "92774", "LATITUDE": 34.165539, "LONGITUDE": -118.39733, "resource_type": "fire_ems", "source_status": "simulated_fallback_due_download_missing_or_unavailable", "data_use_note": "Fallback simulated point. Replace with real emergency resource GeoJSON if available."}, "geometry": {"type": "Point", "coordinates": [-118.39733, 34.165539]}}, {"type": "Feature", "properties": {"OBJECTID": 14, "NAME": "Fallback Fire/EMS Station 014", "FACILITY_NAME": "Fallback Fire/EMS Station 014", "CATEGORY": "Fire / EMS Station", "ADDRESS": "3054 Example Ave", "CITY": "Long Beach", "STATE": "CA", "COUNTY": "Los Angeles", "ZIP": "91171", "LATITUDE": 34.071737, "LONGITUDE": -118.176516, "resource_type": "fire_ems", "source_status": "simulated_fallback_due_download_missing_or_unavailable", "data_use_note": "Fallback simulated point. Replace with real emergency resource GeoJSON if available."}, "geometry": {"type": "Point", "coordinates": [-118.176516, 34.071737]}}, {"type": "Feature", "properties": {"OBJECTID": 15, "NAME": "Fallback Fire/EMS Station 015", "FACILITY_NAME": "Fallback Fire/EMS Station 015", "CATEGORY": "Fire / EMS Station", "ADDRESS": "6324 Example Ave", "CITY": "Torrance", "STATE": "CA", "COUNTY": "Los Angeles", "ZIP": "92712", "LATITUDE": 33.707826, "LONGITUDE": -118.589963, "resource_type": "fire_ems", "source_status": "simulated_fallback_due_download_missing_or_unavailable", "data_use_note": "Fallback simulated point. Replace with real emergency resource GeoJSON if available."}, "geometry": {"type": "Point", "coordinates": [-118.589963, 33.707826]}}, {"type": "Feature", "properties": {"OBJECTID": 16, "NAME": "Fallback Fire/EMS Station 016", "FACILITY_NAME": "Fallback Fire/EMS Station 016", "CATEGORY": "Fire / EMS Station", "ADDRESS": "2803 Example Ave", "CITY": "Glendale", "STATE": "CA", "COUNTY": "Los Angeles", "ZIP": "90381", "LATITUDE": 34.495456, "LONGITUDE": -118.252508, "resource_type": "fire_ems", "source_status": "simulated_fallback_due_download_missing_or_unavailable", "data_use_note": "Fallback simulated point. Replace with real emergency resource GeoJSON if available."}, "geometry": {"type": "Point", "coordinates": [-118.252508, 34.495456]}}, {"type": "Feature", "properties": {"OBJECTID": 17, "NAME": "Fallback Fire/EMS Station 017", "FACILITY_NAME": "Fallback Fire/EMS Station 017", "CATEGORY": "Fire / EMS Station", "ADDRESS": "3007 Example Ave", "CITY": "Long Beach", "STATE": "CA", "COUNTY": "Los Angeles", "ZIP": "92767", "LATITUDE": 34.00836, "LONGITUDE": -118.016205, "resource_type": "fire_ems", "source_status": "simulated_fallback_due_download_missing_or_unavailable", "data_use_note": "Fallback simulated point. Replace with real emergency resource GeoJSON if available."}, "geometry": {"type": "Point", "coordinates": [-118.016205, 34.00836]}}, {"type": "Feature", "properties": {"OBJECTID": 18, "NAME": "Fallback Fire/EMS Station 018", "FACILITY_NAME": "Fallback Fire/EMS Station 018", "CATEGORY": "Fire / EMS Station", "ADDRESS": "4022 Example Ave", "CITY": "Glendale", "STATE": "CA", "COUNTY": "Los Angeles", "ZIP": "91766", "LATITUDE": 34.322696, "LONGITUDE": -117.92444, "resource_type": "fire_ems", "source_status": "simulated_fallback_due_download_missing_or_unavailable", "data_use_note": "Fallback simulated point. Replace with real emergency resource GeoJSON if available."}, "geometry": {"type": "Point", "coordinates": [-117.92444, 34.322696]}}, {"type": "Feature", "properties": {"OBJECTID": 19, "NAME": "Fallback Fire/EMS Station 019", "FACILITY_NAME": "Fallback Fire/EMS Station 019", "CATEGORY": "Fire / EMS Station", "ADDRESS": "9437 Example Ave", "CITY": "Whittier", "STATE": "CA", "COUNTY": "Los Angeles", "ZIP": "93130", "LATITUDE": 34.358978, "LONGITUDE": -118.708772, "resource_type": "fire_ems", "source_status": "simulated_fallback_due_download_missing_or_unavailable", "data_use_note": "Fallback simulated point. Replace with real emergency resource GeoJSON if available."}, "geometry": {"type": "Point", "coordinates": [-118.708772, 34.358978]}}, {"type": "Feature", "properties": {"OBJECTID": 20, "NAME": "Fallback Fire/EMS Station 020", "FACILITY_NAME": "Fallback Fire/EMS Station 020", "CATEGORY": "Fire / EMS Station", "ADDRESS": "3390 Example Ave", "CITY": "Lancaster", "STATE": "CA", "COUNTY": "Los Angeles", "ZIP": "90761", "LATITUDE": 34.062479, "LONGITUDE": -117.854217, "resource_type": "fire_ems", "source_status": "simulated_fallback_due_download_missing_or_unavailable", "data_use_note": "Fallback simulated point. Replace with real emergency resource GeoJSON if available."}, "geometry": {"type": "Point", "coordinates": [-117.854217, 34.062479]}}, {"type": "Feature", "properties": {"OBJECTID": 21, "NAME": "Fallback Fire/EMS Station 021", "FACILITY_NAME": "Fallback Fire/EMS Station 021", "CATEGORY": "Fire / EMS Station", "ADDRESS": "8528 Example Ave", "CITY": "Lancaster", "STATE": "CA", "COUNTY": "Los Angeles", "ZIP": "90269", "LATITUDE": 34.239054, "LONGITUDE": -118.637724, "resource_type": "fire_ems", "source_status": "simulated_fallback_due_download_missing_or_unavailable", "data_use_note": "Fallback simulated point. Replace with real emergency resource GeoJSON if available."}, "geometry": {"type": "Point", "coordinates": [-118.637724, 34.239054]}}, {"type": "Feature", "properties": {"OBJECTID": 22, "NAME": "Fallback Fire/EMS Station 022", "FACILITY_NAME": "Fallback Fire/EMS Station 022", "CATEGORY": "Fire / EMS Station", "ADDRESS": "7692 Example Ave", "CITY": "Burbank", "STATE": "CA", "COUNTY": "Los Angeles", "ZIP": "92701", "LATITUDE": 34.397597, "LONGITUDE": -118.584797, "resource_type": "fire_ems", "source_status": "simulated_fallback_due_download_missing_or_unavailable", "data_use_note": "Fallback simulated point. Replace with real emergency resource GeoJSON if available."}, "geometry": {"type": "Point", "coordinates": [-118.584797, 34.397597]}}, {"type": "Feature", "properties": {"OBJECTID": 23, "NAME": "Fallback Fire/EMS Station 023", "FACILITY_NAME": "Fallback Fire/EMS Station 023", "CATEGORY": "Fire / EMS Station", "ADDRESS": "5299 Example Ave", "CITY": "Lancaster", "STATE": "CA", "COUNTY": "Los Angeles", "ZIP": "91780", "LATITUDE": 34.02319, "LONGITUDE": -118.663521, "resource_type": "fire_ems", "source_status": "simulated_fallback_due_download_missing_or_unavailable", "data_use_note": "Fallback simulated point. Replace with real emergency resource GeoJSON if available."}, "geometry": {"type": "Point", "coordinates": [-118.663521, 34.02319]}}, {"type": "Feature", "properties": {"OBJECTID": 24, "NAME": "Fallback Fire/EMS Station 024", "FACILITY_NAME": "Fallback Fire/EMS Station 024", "CATEGORY": "Fire / EMS Station", "ADDRESS": "4572 Example Ave", "CITY": "Santa Monica", "STATE": "CA", "COUNTY": "Los Angeles", "ZIP": "91091", "LATITUDE": 34.027298, "LONGITUDE": -118.280929, "resource_type": "fire_ems", "source_status": "simulated_fallback_due_download_missing_or_unavailable", "data_use_note": "Fallback simulated point. Replace with real emergency resource GeoJSON if available."}, "geometry": {"type": "Point", "coordinates": [-118.280929, 34.027298]}}, {"type": "Feature", "properties": {"OBJECTID": 25, "NAME": "Fallback Fire/EMS Station 025", "FACILITY_NAME": "Fallback Fire/EMS Station 025", "CATEGORY": "Fire / EMS Station", "ADDRESS": "800 Example Ave", "CITY": "Santa Monica", "STATE": "CA", "COUNTY": "Los Angeles", "ZIP": "91468", "LATITUDE": 34.272878, "LONGITUDE": -118.320239, "resource_type": "fire_ems", "source_status": "simulated_fallback_due_download_missing_or_unavailable", "data_use_note": "Fallback simulated point. Replace with real emergency resource GeoJSON if available."}, "geometry": {"type": "Point", "coordinates": [-118.320239, 34.272878]}}, {"type": "Feature", "properties": {"OBJECTID": 26, "NAME": "Fallback Fire/EMS Station 026", "FACILITY_NAME": "Fallback Fire/EMS Station 026", "CATEGORY": "Fire / EMS Station", "ADDRESS": "6423 Example Ave", "CITY": "Los Angeles", "STATE": "CA", "COUNTY": "Los Angeles", "ZIP": "91050", "LATITUDE": 34.265067, "LONGITUDE": -118.081175, "resource_type": "fire_ems", "source_status": "simulated_fallback_due_download_missing_or_unavailable", "data_use_note": "Fallback simulated point. Replace with real emergency resource GeoJSON if available."}, "geometry": {"type": "Point", "coordinates": [-118.081175, 34.265067]}}, {"type": "Feature", "properties": {"OBJECTID": 27, "NAME": "Fallback Fire/EMS Station 027", "FACILITY_NAME": "Fallback Fire/EMS Station 027", "CATEGORY": "Fire / EMS Station", "ADDRESS": "2236 Example Ave", "CITY": "Pasadena", "STATE": "CA", "COUNTY": "Los Angeles", "ZIP": "93370", "LATITUDE": 33.896098, "LONGITUDE": -118.020677, "resource_type": "fire_ems", "source_status": "simulated_fallback_due_download_missing_or_unavailable", "data_use_note": "Fallback simulated point. Replace with real emergency resource GeoJSON if available."}, "geometry": {"type": "Point", "coordinates": [-118.020677, 33.896098]}}, {"type": "Feature", "properties": {"OBJECTID": 28, "NAME": "Fallback Fire/EMS Station 028", "FACILITY_NAME": "Fallback Fire/EMS Station 028", "CATEGORY": "Fire / EMS Station", "ADDRESS": "782 Example Ave", "CITY": "Pomona", "STATE": "CA", "COUNTY": "Los Angeles", "ZIP": "90066", "LATITUDE": 33.79273, "LONGITUDE": -118.625839, "resource_type": "fire_ems", "source_status": "simulated_fallback_due_download_missing_or_unavailable", "data_use_note": "Fallback simulated point. Replace with real emergency resource GeoJSON if available."}, "geometry": {"type": "Point", "coordinates": [-118.625839, 33.79273]}}, {"type": "Feature", "properties": {"OBJECTID": 29, "NAME": "Fallback Fire/EMS Station 029", "FACILITY_NAME": "Fallback Fire/EMS Station 029", "CATEGORY": "Fire / EMS Station", "ADDRESS": "5626 Example Ave", "CITY": "Los Angeles", "STATE": "CA", "COUNTY": "Los Angeles", "ZIP": "90017", "LATITUDE": 33.853922, "LONGITUDE": -118.688155, "resource_type": "fire_ems", "source_status": "simulated_fallback_due_download_missing_or_unavailable", "data_use_note": "Fallback simulated point. Replace with real emergency resource GeoJSON if available."}, "geometry": {"type": "Point", "coordinates": [-118.688155, 33.853922]}}, {"type": "Feature", "properties": {"OBJECTID": 30, "NAME": "Fallback Fire/EMS Station 030", "FACILITY_NAME": "Fallback Fire/EMS Station 030", "CATEGORY": "Fire / EMS Station", "ADDRESS": "5776 Example Ave", "CITY": "Long Beach", "STATE": "CA", "COUNTY": "Los Angeles", "ZIP": "92778", "LATITUDE": 34.480943, "LONGITUDE": -117.96929, "resource_type": "fire_ems", "source_status": "simulated_fallback_due_download_missing_or_unavailable", "data_use_note": "Fallback simulated point. Replace with real emergency resource GeoJSON if available."}, "geometry": {"type": "Point", "coordinates": [-117.96929, 34.480943]}}, {"type": "Feature", "properties": {"OBJECTID": 31, "NAME": "Fallback Fire/EMS Station 031", "FACILITY_NAME": "Fallback Fire/EMS Station 031", "CATEGORY": "Fire / EMS Station", "ADDRESS": "2965 Example Ave", "CITY": "Whittier", "STATE": "CA", "COUNTY": "Los Angeles", "ZIP": "90950", "LATITUDE": 34.549839, "LONGITUDE": -118.253178, "resource_type": "fire_ems", "source_status": "simulated_fallback_due_download_missing_or_unavailable", "data_use_note": "Fallback simulated point. Replace with real emergency resource GeoJSON if available."}, "geometry": {"type": "Point", "coordinates": [-118.253178, 34.549839]}}, {"type": "Feature", "properties": {"OBJECTID": 32, "NAME": "Fallback Fire/EMS Station 032", "FACILITY_NAME": "Fallback Fire/EMS Station 032", "CATEGORY": "Fire / EMS Station", "ADDRESS": "5133 Example Ave", "CITY": "Los Angeles", "STATE": "CA", "COUNTY": "Los Angeles", "ZIP": "92982", "LATITUDE": 34.450092, "LONGITUDE": -117.897187, "resource_type": "fire_ems", "source_status": "simulated_fallback_due_download_missing_or_unavailable", "data_use_note": "Fallback simulated point. Replace with real emergency resource GeoJSON if available."}, "geometry": {"type": "Point", "coordinates": [-117.897187, 34.450092]}}, {"type": "Feature", "properties": {"OBJECTID": 33, "NAME": "Fallback Fire/EMS Station 033", "FACILITY_NAME": "Fallback Fire/EMS Station 033", "CATEGORY": "Fire / EMS Station", "ADDRESS": "2895 Example Ave", "CITY": "Pomona", "STATE": "CA", "COUNTY": "Los Angeles", "ZIP": "90101", "LATITUDE": 34.424826, "LONGITUDE": -118.524991, "resource_type": "fire_ems", "source_status": "simulated_fallback_due_download_missing_or_unavailable", "data_use_note": "Fallback simulated point. Replace with real emergency resource GeoJSON if available."}, "geometry": {"type": "Point", "coordinates": [-118.524991, 34.424826]}}, {"type": "Feature", "properties": {"OBJECTID": 34, "NAME": "Fallback Fire/EMS Station 034", "FACILITY_NAME": "Fallback Fire/EMS Station 034", "CATEGORY": "Fire / EMS Station", "ADDRESS": "4994 Example Ave", "CITY": "Los Angeles", "STATE": "CA", "COUNTY": "Los Angeles", "ZIP": "91783", "LATITUDE": 34.28878, "LONGITUDE": -117.974187, "resource_type": "fire_ems", "source_status": "simulated_fallback_due_download_missing_or_unavailable", "data_use_note": "Fallback simulated point. Replace with real emergency resource GeoJSON if available."}, "geometry": {"type": "Point", "coordinates": [-117.974187, 34.28878]}}, {"type": "Feature", "properties": {"OBJECTID": 35, "NAME": "Fallback Fire/EMS Station 035", "FACILITY_NAME": "Fallback Fire/EMS Station 035", "CATEGORY": "Fire / EMS Station", "ADDRESS": "4723 Example Ave", "CITY": "Long Beach", "STATE": "CA", "COUNTY": "Los Angeles", "ZIP": "92639", "LATITUDE": 34.260169, "LONGITUDE": -117.782226, "resource_type": "fire_ems", "source_status": "simulated_fallback_due_download_missing_or_unavailable", "data_use_note": "Fallback simulated point. Replace with real emergency resource GeoJSON if available."}, "geometry": {"type": "Point", "coordinates": [-117.782226, 34.260169]}}, {"type": "Feature", "properties": {"OBJECTID": 36, "NAME": "Fallback Fire/EMS Station 036", "FACILITY_NAME": "Fallback Fire/EMS Station 036", "CATEGORY": "Fire / EMS Station", "ADDRESS": "2442 Example Ave", "CITY": "Lancaster", "STATE": "CA", "COUNTY": "Los Angeles", "ZIP": "93156", "LATITUDE": 34.274241, "LONGITUDE": -118.309928, "resource_type": "fire_ems", "source_status": "simulated_fallback_due_download_missing_or_unavailable", "data_use_note": "Fallback simulated point. Replace with real emergency resource GeoJSON if available."}, "geometry": {"type": "Point", "coordinates": [-118.309928, 34.274241]}}, {"type": "Feature", "properties": {"OBJECTID": 37, "NAME": "Fallback Fire/EMS Station 037", "FACILITY_NAME": "Fallback Fire/EMS Station 037", "CATEGORY": "Fire / EMS Station", "ADDRESS": "9903 Example Ave", "CITY": "Glendale", "STATE": "CA", "COUNTY": "Los Angeles", "ZIP": "91423", "LATITUDE": 34.114424, "LONGITUDE": -118.333871, "resource_type": "fire_ems", "source_status": "simulated_fallback_due_download_missing_or_unavailable", "data_use_note": "Fallback simulated point. Replace with real emergency resource GeoJSON if available."}, "geometry": {"type": "Point", "coordinates": [-118.333871, 34.114424]}}, {"type": "Feature", "properties": {"OBJECTID": 38, "NAME": "Fallback Fire/EMS Station 038", "FACILITY_NAME": "Fallback Fire/EMS Station 038", "CATEGORY": "Fire / EMS Station", "ADDRESS": "8646 Example Ave", "CITY": "Lancaster", "STATE": "CA", "COUNTY": "Los Angeles", "ZIP": "92078", "LATITUDE": 33.708846, "LONGITUDE": -118.360613, "resource_type": "fire_ems", "source_status": "simulated_fallback_due_download_missing_or_unavailable", "data_use_note": "Fallback simulated point. Replace with real emergency resource GeoJSON if available."}, "geometry": {"type": "Point", "coordinates": [-118.360613, 33.708846]}}, {"type": "Feature", "properties": {"OBJECTID": 39, "NAME": "Fallback Fire/EMS Station 039", "FACILITY_NAME": "Fallback Fire/EMS Station 039", "CATEGORY": "Fire / EMS Station", "ADDRESS": "1861 Example Ave", "CITY": "Los Angeles", "STATE": "CA", "COUNTY": "Los Angeles", "ZIP": "93353", "LATITUDE": 34.221361, "LONGITUDE": -117.932621, "resource_type": "fire_ems", "source_status": "simulated_fallback_due_download_missing_or_unavailable", "data_use_note": "Fallback simulated point. Replace with real emergency resource GeoJSON if available."}, "geometry": {"type": "Point", "coordinates": [-117.932621, 34.221361]}}, {"type": "Feature", "properties": {"OBJECTID": 40, "NAME": "Fallback Fire/EMS Station 040", "FACILITY_NAME": "Fallback Fire/EMS Station 040", "CATEGORY": "Fire / EMS Station", "ADDRESS": "2178 Example Ave", "CITY": "Pasadena", "STATE": "CA", "COUNTY": "Los Angeles", "ZIP": "91854", "LATITUDE": 34.534414, "LONGITUDE": -118.626555, "resource_type": "fire_ems", "source_status": "simulated_fallback_due_download_missing_or_unavailable", "data_use_note": "Fallback simulated point. Replace with real emergency resource GeoJSON if available."}, "geometry": {"type": "Point", "coordinates": [-118.626555, 34.534414]}}, {"type": "Feature", "properties": {"OBJECTID": 41, "NAME": "Fallback Fire/EMS Station 041", "FACILITY_NAME": "Fallback Fire/EMS Station 041", "CATEGORY": "Fire / EMS Station", "ADDRESS": "7120 Example Ave", "CITY": "Los Angeles", "STATE": "CA", "COUNTY": "Los Angeles", "ZIP": "90429", "LATITUDE": 34.440776, "LONGITUDE": -117.810789, "resource_type": "fire_ems", "source_status": "simulated_fallback_due_download_missing_or_unavailable", "data_use_note": "Fallback simulated point. Replace with real emergency resource GeoJSON if available."}, "geometry": {"type": "Point", "coordinates": [-117.810789, 34.440776]}}, {"type": "Feature", "properties": {"OBJECTID": 42, "NAME": "Fallback Fire/EMS Station 042", "FACILITY_NAME": "Fallback Fire/EMS Station 042", "CATEGORY": "Fire / EMS Station", "ADDRESS": "2440 Example Ave", "CITY": "Pasadena", "STATE": "CA", "COUNTY": "Los Angeles", "ZIP": "91506", "LATITUDE": 33.82391, "LONGITUDE": -117.935178, "resource_type": "fire_ems", "source_status": "simulated_fallback_due_download_missing_or_unavailable", "data_use_note": "Fallback simulated point. Replace with real emergency resource GeoJSON if available."}, "geometry": {"type": "Point", "coordinates": [-117.935178, 33.82391]}}, {"type": "Feature", "properties": {"OBJECTID": 43, "NAME": "Fallback Fire/EMS Station 043", "FACILITY_NAME": "Fallback Fire/EMS Station 043", "CATEGORY": "Fire / EMS Station", "ADDRESS": "1403 Example Ave", "CITY": "Torrance", "STATE": "CA", "COUNTY": "Los Angeles", "ZIP": "90866", "LATITUDE": 34.095897, "LONGITUDE": -118.586665, "resource_type": "fire_ems", "source_status": "simulated_fallback_due_download_missing_or_unavailable", "data_use_note": "Fallback simulated point. Replace with real emergency resource GeoJSON if available."}, "geometry": {"type": "Point", "coordinates": [-118.586665, 34.095897]}}, {"type": "Feature", "properties": {"OBJECTID": 44, "NAME": "Fallback Fire/EMS Station 044", "FACILITY_NAME": "Fallback Fire/EMS Station 044", "CATEGORY": "Fire / EMS Station", "ADDRESS": "7230 Example Ave", "CITY": "Pomona", "STATE": "CA", "COUNTY": "Los Angeles", "ZIP": "92483", "LATITUDE": 34.216485, "LONGITUDE": -118.390852, "resource_type": "fire_ems", "source_status": "simulated_fallback_due_download_missing_or_unavailable", "data_use_note": "Fallback simulated point. Replace with real emergency resource GeoJSON if available."}, "geometry": {"type": "Point", "coordinates": [-118.390852, 34.216485]}}, {"type": "Feature", "properties": {"OBJECTID": 45, "NAME": "Fallback Fire/EMS Station 045", "FACILITY_NAME": "Fallback Fire/EMS Station 045", "CATEGORY": "Fire / EMS Station", "ADDRESS": "3264 Example Ave", "CITY": "Burbank", "STATE": "CA", "COUNTY": "Los Angeles", "ZIP": "93072", "LATITUDE": 33.716264, "LONGITUDE": -118.30237, "resource_type": "fire_ems", "source_status": "simulated_fallback_due_download_missing_or_unavailable", "data_use_note": "Fallback simulated point. Replace with real emergency resource GeoJSON if available."}, "geometry": {"type": "Point", "coordinates": [-118.30237, 33.716264]}}, {"type": "Feature", "properties": {"OBJECTID": 46, "NAME": "Fallback Fire/EMS Station 046", "FACILITY_NAME": "Fallback Fire/EMS Station 046", "CATEGORY": "Fire / EMS Station", "ADDRESS": "9101 Example Ave", "CITY": "Pomona", "STATE": "CA", "COUNTY": "Los Angeles", "ZIP": "91252", "LATITUDE": 34.089745, "LONGITUDE": -118.052739, "resource_type": "fire_ems", "source_status": "simulated_fallback_due_download_missing_or_unavailable", "data_use_note": "Fallback simulated point. Replace with real emergency resource GeoJSON if available."}, "geometry": {"type": "Point", "coordinates": [-118.052739, 34.089745]}}, {"type": "Feature", "properties": {"OBJECTID": 47, "NAME": "Fallback Fire/EMS Station 047", "FACILITY_NAME": "Fallback Fire/EMS Station 047", "CATEGORY": "Fire / EMS Station", "ADDRESS": "9625 Example Ave", "CITY": "Whittier", "STATE": "CA", "COUNTY": "Los Angeles", "ZIP": "92266", "LATITUDE": 34.360554, "LONGITUDE": -118.255478, "resource_type": "fire_ems", "source_status": "simulated_fallback_due_download_missing_or_unavailable", "data_use_note": "Fallback simulated point. Replace with real emergency resource GeoJSON if available."}, "geometry": {"type": "Point", "coordinates": [-118.255478, 34.360554]}}, {"type": "Feature", "properties": {"OBJECTID": 48, "NAME": "Fallback Fire/EMS Station 048", "FACILITY_NAME": "Fallback Fire/EMS Station 048", "CATEGORY": "Fire / EMS Station", "ADDRESS": "8423 Example Ave", "CITY": "Pomona", "STATE": "CA", "COUNTY": "Los Angeles", "ZIP": "90452", "LATITUDE": 34.276142, "LONGITUDE": -118.436375, "resource_type": "fire_ems", "source_status": "simulated_fallback_due_download_missing_or_unavailable", "data_use_note": "Fallback simulated point. Replace with real emergency resource GeoJSON if available."}, "geometry": {"type": "Point", "coordinates": [-118.436375, 34.276142]}}, {"type": "Feature", "properties": {"OBJECTID": 49, "NAME": "Fallback Fire/EMS Station 049", "FACILITY_NAME": "Fallback Fire/EMS Station 049", "CATEGORY": "Fire / EMS Station", "ADDRESS": "4421 Example Ave", "CITY": "Pasadena", "STATE": "CA", "COUNTY": "Los Angeles", "ZIP": "91778", "LATITUDE": 34.388396, "LONGITUDE": -118.431908, "resource_type": "fire_ems", "source_status": "simulated_fallback_due_download_missing_or_unavailable", "data_use_note": "Fallback simulated point. Replace with real emergency resource GeoJSON if available."}, "geometry": {"type": "Point", "coordinates": [-118.431908, 34.388396]}}, {"type": "Feature", "properties": {"OBJECTID": 50, "NAME": "Fallback Fire/EMS Station 050", "FACILITY_NAME": "Fallback Fire/EMS Station 050", "CATEGORY": "Fire / EMS Station", "ADDRESS": "1626 Example Ave", "CITY": "Santa Monica", "STATE": "CA", "COUNTY": "Los Angeles", "ZIP": "93386", "LATITUDE": 33.743449, "LONGITUDE": -118.671195, "resource_type": "fire_ems", "source_status": "simulated_fallback_due_download_missing_or_unavailable", "data_use_note": "Fallback simulated point. Replace with real emergency resource GeoJSON if available."}, "geometry": {"type": "Point", "coordinates": [-118.671195, 33.743449]}}, {"type": "Feature", "properties": {"OBJECTID": 51, "NAME": "Fallback Fire/EMS Station 051", "FACILITY_NAME": "Fallback Fire/EMS Station 051", "CATEGORY": "Fire / EMS Station", "ADDRESS": "6957 Example Ave", "CITY": "Torrance", "STATE": "CA", "COUNTY": "Los Angeles", "ZIP": "92839", "LATITUDE": 33.814079, "LONGITUDE": -117.974596, "resource_type": "fire_ems", "source_status": "simulated_fallback_due_download_missing_or_unavailable", "data_use_note": "Fallback simulated point. Replace with real emergency resource GeoJSON if available."}, "geometry": {"type": "Point", "coordinates": [-117.974596, 33.814079]}}, {"type": "Feature", "properties": {"OBJECTID": 52, "NAME": "Fallback Fire/EMS Station 052", "FACILITY_NAME": "Fallback Fire/EMS Station 052", "CATEGORY": "Fire / EMS Station", "ADDRESS": "2426 Example Ave", "CITY": "Glendale", "STATE": "CA", "COUNTY": "Los Angeles", "ZIP": "92328", "LATITUDE": 34.320891, "LONGITUDE": -118.402455, "resource_type": "fire_ems", "source_status": "simulated_fallback_due_download_missing_or_unavailable", "data_use_note": "Fallback simulated point. Replace with real emergency resource GeoJSON if available."}, "geometry": {"type": "Point", "coordinates": [-118.402455, 34.320891]}}, {"type": "Feature", "properties": {"OBJECTID": 53, "NAME": "Fallback Fire/EMS Station 053", "FACILITY_NAME": "Fallback Fire/EMS Station 053", "CATEGORY": "Fire / EMS Station", "ADDRESS": "4977 Example Ave", "CITY": "Pasadena", "STATE": "CA", "COUNTY": "Los Angeles", "ZIP": "92852", "LATITUDE": 34.465962, "LONGITUDE": -117.783245, "resource_type": "fire_ems", "source_status": "simulated_fallback_due_download_missing_or_unavailable", "data_use_note": "Fallback simulated point. Replace with real emergency resource GeoJSON if available."}, "geometry": {"type": "Point", "coordinates": [-117.783245, 34.465962]}}, {"type": "Feature", "properties": {"OBJECTID": 54, "NAME": "Fallback Fire/EMS Station 054", "FACILITY_NAME": "Fallback Fire/EMS Station 054", "CATEGORY": "Fire / EMS Station", "ADDRESS": "8651 Example Ave", "CITY": "Whittier", "STATE": "CA", "COUNTY": "Los Angeles", "ZIP": "92278", "LATITUDE": 34.005142, "LONGITUDE": -118.071671, "resource_type": "fire_ems", "source_status": "simulated_fallback_due_download_missing_or_unavailable", "data_use_note": "Fallback simulated point. Replace with real emergency resource GeoJSON if available."}, "geometry": {"type": "Point", "coordinates": [-118.071671, 34.005142]}}, {"type": "Feature", "properties": {"OBJECTID": 55, "NAME": "Fallback Fire/EMS Station 055", "FACILITY_NAME": "Fallback Fire/EMS Station 055", "CATEGORY": "Fire / EMS Station", "ADDRESS": "366 Example Ave", "CITY": "Santa Monica", "STATE": "CA", "COUNTY": "Los Angeles", "ZIP": "92809", "LATITUDE": 33.930754, "LONGITUDE": -118.359338, "resource_type": "fire_ems", "source_status": "simulated_fallback_due_download_missing_or_unavailable", "data_use_note": "Fallback simulated point. Replace with real emergency resource GeoJSON if available."}, "geometry": {"type": "Point", "coordinates": [-118.359338, 33.930754]}}, {"type": "Feature", "properties": {"OBJECTID": 56, "NAME": "Fallback Fire/EMS Station 056", "FACILITY_NAME": "Fallback Fire/EMS Station 056", "CATEGORY": "Fire / EMS Station", "ADDRESS": "2532 Example Ave", "CITY": "Burbank", "STATE": "CA", "COUNTY": "Los Angeles", "ZIP": "91730", "LATITUDE": 34.363386, "LONGITUDE": -118.300906, "resource_type": "fire_ems", "source_status": "simulated_fallback_due_download_missing_or_unavailable", "data_use_note": "Fallback simulated point. Replace with real emergency resource GeoJSON if available."}, "geometry": {"type": "Point", "coordinates": [-118.300906, 34.363386]}}, {"type": "Feature", "properties": {"OBJECTID": 57, "NAME": "Fallback Fire/EMS Station 057", "FACILITY_NAME": "Fallback Fire/EMS Station 057", "CATEGORY": "Fire / EMS Station", "ADDRESS": "1871 Example Ave", "CITY": "Burbank", "STATE": "CA", "COUNTY": "Los Angeles", "ZIP": "93208", "LATITUDE": 33.964797, "LONGITUDE": -117.861104, "resource_type": "fire_ems", "source_status": "simulated_fallback_due_download_missing_or_unavailable", "data_use_note": "Fallback simulated point. Replace with real emergency resource GeoJSON if available."}, "geometry": {"type": "Point", "coordinates": [-117.861104, 33.964797]}}, {"type": "Feature", "properties": {"OBJECTID": 58, "NAME": "Fallback Fire/EMS Station 058", "FACILITY_NAME": "Fallback Fire/EMS Station 058", "CATEGORY": "Fire / EMS Station", "ADDRESS": "257 Example Ave", "CITY": "Santa Monica", "STATE": "CA", "COUNTY": "Los Angeles", "ZIP": "90887", "LATITUDE": 34.269249, "LONGITUDE": -118.304831, "resource_type": "fire_ems", "source_status": "simulated_fallback_due_download_missing_or_unavailable", "data_use_note": "Fallback simulated point. Replace with real emergency resource GeoJSON if available."}, "geometry": {"type": "Point", "coordinates": [-118.304831, 34.269249]}}, {"type": "Feature", "properties": {"OBJECTID": 59, "NAME": "Fallback Fire/EMS Station 059", "FACILITY_NAME": "Fallback Fire/EMS Station 059", "CATEGORY": "Fire / EMS Station", "ADDRESS": "2032 Example Ave", "CITY": "Pomona", "STATE": "CA", "COUNTY": "Los Angeles", "ZIP": "90867", "LATITUDE": 34.120313, "LONGITUDE": -117.793448, "resource_type": "fire_ems", "source_status": "simulated_fallback_due_download_missing_or_unavailable", "data_use_note": "Fallback simulated point. Replace with real emergency resource GeoJSON if available."}, "geometry": {"type": "Point", "coordinates": [-117.793448, 34.120313]}}, {"type": "Feature", "properties": {"OBJECTID": 60, "NAME": "Fallback Fire/EMS Station 060", "FACILITY_NAME": "Fallback Fire/EMS Station 060", "CATEGORY": "Fire / EMS Station", "ADDRESS": "8001 Example Ave", "CITY": "Lancaster", "STATE": "CA", "COUNTY": "Los Angeles", "ZIP": "90476", "LATITUDE": 34.417656, "LONGITUDE": -117.935995, "resource_type": "fire_ems", "source_status": "simulated_fallback_due_download_missing_or_unavailable", "data_use_note": "Fallback simulated point. Replace with real emergency resource GeoJSON if available."}, "geometry": {"type": "Point", "coordinates": [-117.935995, 34.417656]}}, {"type": "Feature", "properties": {"OBJECTID": 61, "NAME": "Fallback Fire/EMS Station 061", "FACILITY_NAME": "Fallback Fire/EMS Station 061", "CATEGORY": "Fire / EMS Station", "ADDRESS": "3127 Example Ave", "CITY": "Glendale", "STATE": "CA", "COUNTY": "Los Angeles", "ZIP": "90131", "LATITUDE": 33.815414, "LONGITUDE": -118.178546, "resource_type": "fire_ems", "source_status": "simulated_fallback_due_download_missing_or_unavailable", "data_use_note": "Fallback simulated point. Replace with real emergency resource GeoJSON if available."}, "geometry": {"type": "Point", "coordinates": [-118.178546, 33.815414]}}, {"type": "Feature", "properties": {"OBJECTID": 62, "NAME": "Fallback Fire/EMS Station 062", "FACILITY_NAME": "Fallback Fire/EMS Station 062", "CATEGORY": "Fire / EMS Station", "ADDRESS": "1752 Example Ave", "CITY": "Pomona", "STATE": "CA", "COUNTY": "Los Angeles", "ZIP": "92573", "LATITUDE": 34.48257, "LONGITUDE": -118.404945, "resource_type": "fire_ems", "source_status": "simulated_fallback_due_download_missing_or_unavailable", "data_use_note": "Fallback simulated point. Replace with real emergency resource GeoJSON if available."}, "geometry": {"type": "Point", "coordinates": [-118.404945, 34.48257]}}, {"type": "Feature", "properties": {"OBJECTID": 63, "NAME": "Fallback Fire/EMS Station 063", "FACILITY_NAME": "Fallback Fire/EMS Station 063", "CATEGORY": "Fire / EMS Station", "ADDRESS": "4316 Example Ave", "CITY": "Los Angeles", "STATE": "CA", "COUNTY": "Los Angeles", "ZIP": "92490", "LATITUDE": 34.504146, "LONGITUDE": -118.29133, "resource_type": "fire_ems", "source_status": "simulated_fallback_due_download_missing_or_unavailable", "data_use_note": "Fallback simulated point. Replace with real emergency resource GeoJSON if available."}, "geometry": {"type": "Point", "coordinates": [-118.29133, 34.504146]}}, {"type": "Feature", "properties": {"OBJECTID": 64, "NAME": "Fallback Fire/EMS Station 064", "FACILITY_NAME": "Fallback Fire/EMS Station 064", "CATEGORY": "Fire / EMS Station", "ADDRESS": "8426 Example Ave", "CITY": "Los Angeles", "STATE": "CA", "COUNTY": "Los Angeles", "ZIP": "91514", "LATITUDE": 34.120892, "LONGITUDE": -117.827631, "resource_type": "fire_ems", "source_status": "simulated_fallback_due_download_missing_or_unavailable", "data_use_note": "Fallback simulated point. Replace with real emergency resource GeoJSON if available."}, "geometry": {"type": "Point", "coordinates": [-117.827631, 34.120892]}}, {"type": "Feature", "properties": {"OBJECTID": 65, "NAME": "Fallback Fire/EMS Station 065", "FACILITY_NAME": "Fallback Fire/EMS Station 065", "CATEGORY": "Fire / EMS Station", "ADDRESS": "2806 Example Ave", "CITY": "Glendale", "STATE": "CA", "COUNTY": "Los Angeles", "ZIP": "92126", "LATITUDE": 34.22794, "LONGITUDE": -118.548794, "resource_type": "fire_ems", "source_status": "simulated_fallback_due_download_missing_or_unavailable", "data_use_note": "Fallback simulated point. Replace with real emergency resource GeoJSON if available."}, "geometry": {"type": "Point", "coordinates": [-118.548794, 34.22794]}}, {"type": "Feature", "properties": {"OBJECTID": 66, "NAME": "Fallback Fire/EMS Station 066", "FACILITY_NAME": "Fallback Fire/EMS Station 066", "CATEGORY": "Fire / EMS Station", "ADDRESS": "4346 Example Ave", "CITY": "Glendale", "STATE": "CA", "COUNTY": "Los Angeles", "ZIP": "91600", "LATITUDE": 34.418185, "LONGITUDE": -118.584921, "resource_type": "fire_ems", "source_status": "simulated_fallback_due_download_missing_or_unavailable", "data_use_note": "Fallback simulated point. Replace with real emergency resource GeoJSON if available."}, "geometry": {"type": "Point", "coordinates": [-118.584921, 34.418185]}}, {"type": "Feature", "properties": {"OBJECTID": 67, "NAME": "Fallback Fire/EMS Station 067", "FACILITY_NAME": "Fallback Fire/EMS Station 067", "CATEGORY": "Fire / EMS Station", "ADDRESS": "1405 Example Ave", "CITY": "Pasadena", "STATE": "CA", "COUNTY": "Los Angeles", "ZIP": "92114", "LATITUDE": 34.097315, "LONGITUDE": -118.325237, "resource_type": "fire_ems", "source_status": "simulated_fallback_due_download_missing_or_unavailable", "data_use_note": "Fallback simulated point. Replace with real emergency resource GeoJSON if available."}, "geometry": {"type": "Point", "coordinates": [-118.325237, 34.097315]}}, {"type": "Feature", "properties": {"OBJECTID": 68, "NAME": "Fallback Fire/EMS Station 068", "FACILITY_NAME": "Fallback Fire/EMS Station 068", "CATEGORY": "Fire / EMS Station", "ADDRESS": "248 Example Ave", "CITY": "Los Angeles", "STATE": "CA", "COUNTY": "Los Angeles", "ZIP": "90470", "LATITUDE": 33.7574, "LONGITUDE": -118.162736, "resource_type": "fire_ems", "source_status": "simulated_fallback_due_download_missing_or_unavailable", "data_use_note": "Fallback simulated point. Replace with real emergency resource GeoJSON if available."}, "geometry": {"type": "Point", "coordinates": [-118.162736, 33.7574]}}, {"type": "Feature", "properties": {"OBJECTID": 69, "NAME": "Fallback Fire/EMS Station 069", "FACILITY_NAME": "Fallback Fire/EMS Station 069", "CATEGORY": "Fire / EMS Station", "ADDRESS": "6170 Example Ave", "CITY": "Burbank", "STATE": "CA", "COUNTY": "Los Angeles", "ZIP": "92323", "LATITUDE": 34.07704, "LONGITUDE": -118.371457, "resource_type": "fire_ems", "source_status": "simulated_fallback_due_download_missing_or_unavailable", "data_use_note": "Fallback simulated point. Replace with real emergency resource GeoJSON if available."}, "geometry": {"type": "Point", "coordinates": [-118.371457, 34.07704]}}, {"type": "Feature", "properties": {"OBJECTID": 70, "NAME": "Fallback Fire/EMS Station 070", "FACILITY_NAME": "Fallback Fire/EMS Station 070", "CATEGORY": "Fire / EMS Station", "ADDRESS": "9212 Example Ave", "CITY": "Burbank", "STATE": "CA", "COUNTY": "Los Angeles", "ZIP": "91780", "LATITUDE": 33.833821, "LONGITUDE": -118.469088, "resource_type": "fire_ems", "source_status": "simulated_fallback_due_download_missing_or_unavailable", "data_use_note": "Fallback simulated point. Replace with real emergency resource GeoJSON if available."}, "geometry": {"type": "Point", "coordinates": [-118.469088, 33.833821]}}, {"type": "Feature", "properties": {"OBJECTID": 71, "NAME": "Fallback Fire/EMS Station 071", "FACILITY_NAME": "Fallback Fire/EMS Station 071", "CATEGORY": "Fire / EMS Station", "ADDRESS": "2014 Example Ave", "CITY": "Long Beach", "STATE": "CA", "COUNTY": "Los Angeles", "ZIP": "90599", "LATITUDE": 33.70512, "LONGITUDE": -118.310974, "resource_type": "fire_ems", "source_status": "simulated_fallback_due_download_missing_or_unavailable", "data_use_note": "Fallback simulated point. Replace with real emergency resource GeoJSON if available."}, "geometry": {"type": "Point", "coordinates": [-118.310974, 33.70512]}}, {"type": "Feature", "properties": {"OBJECTID": 72, "NAME": "Fallback Fire/EMS Station 072", "FACILITY_NAME": "Fallback Fire/EMS Station 072", "CATEGORY": "Fire / EMS Station", "ADDRESS": "6364 Example Ave", "CITY": "Burbank", "STATE": "CA", "COUNTY": "Los Angeles", "ZIP": "90317", "LATITUDE": 34.425885, "LONGITUDE": -117.949297, "resource_type": "fire_ems", "source_status": "simulated_fallback_due_download_missing_or_unavailable", "data_use_note": "Fallback simulated point. Replace with real emergency resource GeoJSON if available."}, "geometry": {"type": "Point", "coordinates": [-117.949297, 34.425885]}}, {"type": "Feature", "properties": {"OBJECTID": 73, "NAME": "Fallback Fire/EMS Station 073", "FACILITY_NAME": "Fallback Fire/EMS Station 073", "CATEGORY": "Fire / EMS Station", "ADDRESS": "2882 Example Ave", "CITY": "Los Angeles", "STATE": "CA", "COUNTY": "Los Angeles", "ZIP": "93574", "LATITUDE": 34.102922, "LONGITUDE": -118.114179, "resource_type": "fire_ems", "source_status": "simulated_fallback_due_download_missing_or_unavailable", "data_use_note": "Fallback simulated point. Replace with real emergency resource GeoJSON if available."}, "geometry": {"type": "Point", "coordinates": [-118.114179, 34.102922]}}, {"type": "Feature", "properties": {"OBJECTID": 74, "NAME": "Fallback Fire/EMS Station 074", "FACILITY_NAME": "Fallback Fire/EMS Station 074", "CATEGORY": "Fire / EMS Station", "ADDRESS": "8032 Example Ave", "CITY": "Pasadena", "STATE": "CA", "COUNTY": "Los Angeles", "ZIP": "90736", "LATITUDE": 34.021918, "LONGITUDE": -117.91665, "resource_type": "fire_ems", "source_status": "simulated_fallback_due_download_missing_or_unavailable", "data_use_note": "Fallback simulated point. Replace with real emergency resource GeoJSON if available."}, "geometry": {"type": "Point", "coordinates": [-117.91665, 34.021918]}}, {"type": "Feature", "properties": {"OBJECTID": 75, "NAME": "Fallback Fire/EMS Station 075", "FACILITY_NAME": "Fallback Fire/EMS Station 075", "CATEGORY": "Fire / EMS Station", "ADDRESS": "2407 Example Ave", "CITY": "Glendale", "STATE": "CA", "COUNTY": "Los Angeles", "ZIP": "91962", "LATITUDE": 34.062142, "LONGITUDE": -117.992767, "resource_type": "fire_ems", "source_status": "simulated_fallback_due_download_missing_or_unavailable", "data_use_note": "Fallback simulated point. Replace with real emergency resource GeoJSON if available."}, "geometry": {"type": "Point", "coordinates": [-117.992767, 34.062142]}}, {"type": "Feature", "properties": {"OBJECTID": 76, "NAME": "Fallback Fire/EMS Station 076", "FACILITY_NAME": "Fallback Fire/EMS Station 076", "CATEGORY": "Fire / EMS Station", "ADDRESS": "5947 Example Ave", "CITY": "Los Angeles", "STATE": "CA", "COUNTY": "Los Angeles", "ZIP": "91323", "LATITUDE": 34.256065, "LONGITUDE": -118.370721, "resource_type": "fire_ems", "source_status": "simulated_fallback_due_download_missing_or_unavailable", "data_use_note": "Fallback simulated point. Replace with real emergency resource GeoJSON if available."}, "geometry": {"type": "Point", "coordinates": [-118.370721, 34.256065]}}, {"type": "Feature", "properties": {"OBJECTID": 77, "NAME": "Fallback Fire/EMS Station 077", "FACILITY_NAME": "Fallback Fire/EMS Station 077", "CATEGORY": "Fire / EMS Station", "ADDRESS": "3397 Example Ave", "CITY": "Long Beach", "STATE": "CA", "COUNTY": "Los Angeles", "ZIP": "92637", "LATITUDE": 33.98607, "LONGITUDE": -118.087807, "resource_type": "fire_ems", "source_status": "simulated_fallback_due_download_missing_or_unavailable", "data_use_note": "Fallback simulated point. Replace with real emergency resource GeoJSON if available."}, "geometry": {"type": "Point", "coordinates": [-118.087807, 33.98607]}}, {"type": "Feature", "properties": {"OBJECTID": 78, "NAME": "Fallback Fire/EMS Station 078", "FACILITY_NAME": "Fallback Fire/EMS Station 078", "CATEGORY": "Fire / EMS Station", "ADDRESS": "2235 Example Ave", "CITY": "Pomona", "STATE": "CA", "COUNTY": "Los Angeles", "ZIP": "90751", "LATITUDE": 34.097732, "LONGITUDE": -118.182074, "resource_type": "fire_ems", "source_status": "simulated_fallback_due_download_missing_or_unavailable", "data_use_note": "Fallback simulated point. Replace with real emergency resource GeoJSON if available."}, "geometry": {"type": "Point", "coordinates": [-118.182074, 34.097732]}}, {"type": "Feature", "properties": {"OBJECTID": 79, "NAME": "Fallback Fire/EMS Station 079", "FACILITY_NAME": "Fallback Fire/EMS Station 079", "CATEGORY": "Fire / EMS Station", "ADDRESS": "575 Example Ave", "CITY": "Santa Monica", "STATE": "CA", "COUNTY": "Los Angeles", "ZIP": "93010", "LATITUDE": 34.260602, "LONGITUDE": -118.375041, "resource_type": "fire_ems", "source_status": "simulated_fallback_due_download_missing_or_unavailable", "data_use_note": "Fallback simulated point. Replace with real emergency resource GeoJSON if available."}, "geometry": {"type": "Point", "coordinates": [-118.375041, 34.260602]}}, {"type": "Feature", "properties": {"OBJECTID": 80, "NAME": "Fallback Fire/EMS Station 080", "FACILITY_NAME": "Fallback Fire/EMS Station 080", "CATEGORY": "Fire / EMS Station", "ADDRESS": "4809 Example Ave", "CITY": "Lancaster", "STATE": "CA", "COUNTY": "Los Angeles", "ZIP": "91743", "LATITUDE": 34.465559, "LONGITUDE": -118.368581, "resource_type": "fire_ems", "source_status": "simulated_fallback_due_download_missing_or_unavailable", "data_use_note": "Fallback simulated point. Replace with real emergency resource GeoJSON if available."}, "geometry": {"type": "Point", "coordinates": [-118.368581, 34.465559]}}, {"type": "Feature", "properties": {"OBJECTID": 81, "NAME": "Fallback Fire/EMS Station 081", "FACILITY_NAME": "Fallback Fire/EMS Station 081", "CATEGORY": "Fire / EMS Station", "ADDRESS": "9722 Example Ave", "CITY": "Burbank", "STATE": "CA", "COUNTY": "Los Angeles", "ZIP": "90464", "LATITUDE": 34.300215, "LONGITUDE": -118.040496, "resource_type": "fire_ems", "source_status": "simulated_fallback_due_download_missing_or_unavailable", "data_use_note": "Fallback simulated point. Replace with real emergency resource GeoJSON if available."}, "geometry": {"type": "Point", "coordinates": [-118.040496, 34.300215]}}, {"type": "Feature", "properties": {"OBJECTID": 82, "NAME": "Fallback Fire/EMS Station 082", "FACILITY_NAME": "Fallback Fire/EMS Station 082", "CATEGORY": "Fire / EMS Station", "ADDRESS": "868 Example Ave", "CITY": "Whittier", "STATE": "CA", "COUNTY": "Los Angeles", "ZIP": "92335", "LATITUDE": 34.310689, "LONGITUDE": -118.401901, "resource_type": "fire_ems", "source_status": "simulated_fallback_due_download_missing_or_unavailable", "data_use_note": "Fallback simulated point. Replace with real emergency resource GeoJSON if available."}, "geometry": {"type": "Point", "coordinates": [-118.401901, 34.310689]}}, {"type": "Feature", "properties": {"OBJECTID": 83, "NAME": "Fallback Fire/EMS Station 083", "FACILITY_NAME": "Fallback Fire/EMS Station 083", "CATEGORY": "Fire / EMS Station", "ADDRESS": "7774 Example Ave", "CITY": "Pasadena", "STATE": "CA", "COUNTY": "Los Angeles", "ZIP": "90644", "LATITUDE": 33.871139, "LONGITUDE": -118.322709, "resource_type": "fire_ems", "source_status": "simulated_fallback_due_download_missing_or_unavailable", "data_use_note": "Fallback simulated point. Replace with real emergency resource GeoJSON if available."}, "geometry": {"type": "Point", "coordinates": [-118.322709, 33.871139]}}, {"type": "Feature", "properties": {"OBJECTID": 84, "NAME": "Fallback Fire/EMS Station 084", "FACILITY_NAME": "Fallback Fire/EMS Station 084", "CATEGORY": "Fire / EMS Station", "ADDRESS": "1418 Example Ave", "CITY": "Pasadena", "STATE": "CA", "COUNTY": "Los Angeles", "ZIP": "90704", "LATITUDE": 34.329586, "LONGITUDE": -118.401603, "resource_type": "fire_ems", "source_status": "simulated_fallback_due_download_missing_or_unavailable", "data_use_note": "Fallback simulated point. Replace with real emergency resource GeoJSON if available."}, "geometry": {"type": "Point", "coordinates": [-118.401603, 34.329586]}}, {"type": "Feature", "properties": {"OBJECTID": 85, "NAME": "Fallback Fire/EMS Station 085", "FACILITY_NAME": "Fallback Fire/EMS Station 085", "CATEGORY": "Fire / EMS Station", "ADDRESS": "1862 Example Ave", "CITY": "Los Angeles", "STATE": "CA", "COUNTY": "Los Angeles", "ZIP": "92841", "LATITUDE": 34.281629, "LONGITUDE": -118.334214, "resource_type": "fire_ems", "source_status": "simulated_fallback_due_download_missing_or_unavailable", "data_use_note": "Fallback simulated point. Replace with real emergency resource GeoJSON if available."}, "geometry": {"type": "Point", "coordinates": [-118.334214, 34.281629]}}, {"type": "Feature", "properties": {"OBJECTID": 86, "NAME": "Fallback Fire/EMS Station 086", "FACILITY_NAME": "Fallback Fire/EMS Station 086", "CATEGORY": "Fire / EMS Station", "ADDRESS": "2084 Example Ave", "CITY": "Los Angeles", "STATE": "CA", "COUNTY": "Los Angeles", "ZIP": "90435", "LATITUDE": 33.742108, "LONGITUDE": -118.526726, "resource_type": "fire_ems", "source_status": "simulated_fallback_due_download_missing_or_unavailable", "data_use_note": "Fallback simulated point. Replace with real emergency resource GeoJSON if available."}, "geometry": {"type": "Point", "coordinates": [-118.526726, 33.742108]}}, {"type": "Feature", "properties": {"OBJECTID": 87, "NAME": "Fallback Fire/EMS Station 087", "FACILITY_NAME": "Fallback Fire/EMS Station 087", "CATEGORY": "Fire / EMS Station", "ADDRESS": "6198 Example Ave", "CITY": "Pasadena", "STATE": "CA", "COUNTY": "Los Angeles", "ZIP": "90797", "LATITUDE": 33.803276, "LONGITUDE": -117.918986, "resource_type": "fire_ems", "source_status": "simulated_fallback_due_download_missing_or_unavailable", "data_use_note": "Fallback simulated point. Replace with real emergency resource GeoJSON if available."}, "geometry": {"type": "Point", "coordinates": [-117.918986, 33.803276]}}, {"type": "Feature", "properties": {"OBJECTID": 88, "NAME": "Fallback Fire/EMS Station 088", "FACILITY_NAME": "Fallback Fire/EMS Station 088", "CATEGORY": "Fire / EMS Station", "ADDRESS": "9125 Example Ave", "CITY": "Los Angeles", "STATE": "CA", "COUNTY": "Los Angeles", "ZIP": "92532", "LATITUDE": 34.404143, "LONGITUDE": -118.005441, "resource_type": "fire_ems", "source_status": "simulated_fallback_due_download_missing_or_unavailable", "data_use_note": "Fallback simulated point. Replace with real emergency resource GeoJSON if available."}, "geometry": {"type": "Point", "coordinates": [-118.005441, 34.404143]}}, {"type": "Feature", "properties": {"OBJECTID": 89, "NAME": "Fallback Fire/EMS Station 089", "FACILITY_NAME": "Fallback Fire/EMS Station 089", "CATEGORY": "Fire / EMS Station", "ADDRESS": "297 Example Ave", "CITY": "Burbank", "STATE": "CA", "COUNTY": "Los Angeles", "ZIP": "92220", "LATITUDE": 34.184279, "LONGITUDE": -118.326827, "resource_type": "fire_ems", "source_status": "simulated_fallback_due_download_missing_or_unavailable", "data_use_note": "Fallback simulated point. Replace with real emergency resource GeoJSON if available."}, "geometry": {"type": "Point", "coordinates": [-118.326827, 34.184279]}}, {"type": "Feature", "properties": {"OBJECTID": 90, "NAME": "Fallback Fire/EMS Station 090", "FACILITY_NAME": "Fallback Fire/EMS Station 090", "CATEGORY": "Fire / EMS Station", "ADDRESS": "1698 Example Ave", "CITY": "Burbank", "STATE": "CA", "COUNTY": "Los Angeles", "ZIP": "92930", "LATITUDE": 34.49585, "LONGITUDE": -118.282564, "resource_type": "fire_ems", "source_status": "simulated_fallback_due_download_missing_or_unavailable", "data_use_note": "Fallback simulated point. Replace with real emergency resource GeoJSON if available."}, "geometry": {"type": "Point", "coordinates": [-118.282564, 34.49585]}}, {"type": "Feature", "properties": {"OBJECTID": 91, "NAME": "Fallback Fire/EMS Station 091", "FACILITY_NAME": "Fallback Fire/EMS Station 091", "CATEGORY": "Fire / EMS Station", "ADDRESS": "5978 Example Ave", "CITY": "Los Angeles", "STATE": "CA", "COUNTY": "Los Angeles", "ZIP": "92086", "LATITUDE": 33.887559, "LONGITUDE": -117.941264, "resource_type": "fire_ems", "source_status": "simulated_fallback_due_download_missing_or_unavailable", "data_use_note": "Fallback simulated point. Replace with real emergency resource GeoJSON if available."}, "geometry": {"type": "Point", "coordinates": [-117.941264, 33.887559]}}, {"type": "Feature", "properties": {"OBJECTID": 92, "NAME": "Fallback Fire/EMS Station 092", "FACILITY_NAME": "Fallback Fire/EMS Station 092", "CATEGORY": "Fire / EMS Station", "ADDRESS": "3931 Example Ave", "CITY": "Long Beach", "STATE": "CA", "COUNTY": "Los Angeles", "ZIP": "91026", "LATITUDE": 33.90195, "LONGITUDE": -118.547668, "resource_type": "fire_ems", "source_status": "simulated_fallback_due_download_missing_or_unavailable", "data_use_note": "Fallback simulated point. Replace with real emergency resource GeoJSON if available."}, "geometry": {"type": "Point", "coordinates": [-118.547668, 33.90195]}}, {"type": "Feature", "properties": {"OBJECTID": 93, "NAME": "Fallback Fire/EMS Station 093", "FACILITY_NAME": "Fallback Fire/EMS Station 093", "CATEGORY": "Fire / EMS Station", "ADDRESS": "3006 Example Ave", "CITY": "Glendale", "STATE": "CA", "COUNTY": "Los Angeles", "ZIP": "92658", "LATITUDE": 34.496321, "LONGITUDE": -118.293594, "resource_type": "fire_ems", "source_status": "simulated_fallback_due_download_missing_or_unavailable", "data_use_note": "Fallback simulated point. Replace with real emergency resource GeoJSON if available."}, "geometry": {"type": "Point", "coordinates": [-118.293594, 34.496321]}}, {"type": "Feature", "properties": {"OBJECTID": 94, "NAME": "Fallback Fire/EMS Station 094", "FACILITY_NAME": "Fallback Fire/EMS Station 094", "CATEGORY": "Fire / EMS Station", "ADDRESS": "1820 Example Ave", "CITY": "Lancaster", "STATE": "CA", "COUNTY": "Los Angeles", "ZIP": "90791", "LATITUDE": 34.385721, "LONGITUDE": -118.378036, "resource_type": "fire_ems", "source_status": "simulated_fallback_due_download_missing_or_unavailable", "data_use_note": "Fallback simulated point. Replace with real emergency resource GeoJSON if available."}, "geometry": {"type": "Point", "coordinates": [-118.378036, 34.385721]}}, {"type": "Feature", "properties": {"OBJECTID": 95, "NAME": "Fallback Fire/EMS Station 095", "FACILITY_NAME": "Fallback Fire/EMS Station 095", "CATEGORY": "Fire / EMS Station", "ADDRESS": "6761 Example Ave", "CITY": "Torrance", "STATE": "CA", "COUNTY": "Los Angeles", "ZIP": "91429", "LATITUDE": 34.104276, "LONGITUDE": -117.78993, "resource_type": "fire_ems", "source_status": "simulated_fallback_due_download_missing_or_unavailable", "data_use_note": "Fallback simulated point. Replace with real emergency resource GeoJSON if available."}, "geometry": {"type": "Point", "coordinates": [-117.78993, 34.104276]}}, {"type": "Feature", "properties": {"OBJECTID": 96, "NAME": "Fallback Fire/EMS Station 096", "FACILITY_NAME": "Fallback Fire/EMS Station 096", "CATEGORY": "Fire / EMS Station", "ADDRESS": "862 Example Ave", "CITY": "Los Angeles", "STATE": "CA", "COUNTY": "Los Angeles", "ZIP": "90286", "LATITUDE": 33.917289, "LONGITUDE": -117.848571, "resource_type": "fire_ems", "source_status": "simulated_fallback_due_download_missing_or_unavailable", "data_use_note": "Fallback simulated point. Replace with real emergency resource GeoJSON if available."}, "geometry": {"type": "Point", "coordinates": [-117.848571, 33.917289]}}, {"type": "Feature", "properties": {"OBJECTID": 97, "NAME": "Fallback Fire/EMS Station 097", "FACILITY_NAME": "Fallback Fire/EMS Station 097", "CATEGORY": "Fire / EMS Station", "ADDRESS": "5151 Example Ave", "CITY": "Lancaster", "STATE": "CA", "COUNTY": "Los Angeles", "ZIP": "92106", "LATITUDE": 33.705605, "LONGITUDE": -118.191093, "resource_type": "fire_ems", "source_status": "simulated_fallback_due_download_missing_or_unavailable", "data_use_note": "Fallback simulated point. Replace with real emergency resource GeoJSON if available."}, "geometry": {"type": "Point", "coordinates": [-118.191093, 33.705605]}}, {"type": "Feature", "properties": {"OBJECTID": 98, "NAME": "Fallback Fire/EMS Station 098", "FACILITY_NAME": "Fallback Fire/EMS Station 098", "CATEGORY": "Fire / EMS Station", "ADDRESS": "7820 Example Ave", "CITY": "Santa Monica", "STATE": "CA", "COUNTY": "Los Angeles", "ZIP": "93078", "LATITUDE": 33.992705, "LONGITUDE": -118.564219, "resource_type": "fire_ems", "source_status": "simulated_fallback_due_download_missing_or_unavailable", "data_use_note": "Fallback simulated point. Replace with real emergency resource GeoJSON if available."}, "geometry": {"type": "Point", "coordinates": [-118.564219, 33.992705]}}, {"type": "Feature", "properties": {"OBJECTID": 99, "NAME": "Fallback Fire/EMS Station 099", "FACILITY_NAME": "Fallback Fire/EMS Station 099", "CATEGORY": "Fire / EMS Station", "ADDRESS": "2479 Example Ave", "CITY": "Long Beach", "STATE": "CA", "COUNTY": "Los Angeles", "ZIP": "91204", "LATITUDE": 34.274163, "LONGITUDE": -118.028071, "resource_type": "fire_ems", "source_status": "simulated_fallback_due_download_missing_or_unavailable", "data_use_note": "Fallback simulated point. Replace with real emergency resource GeoJSON if available."}, "geometry": {"type": "Point", "coordinates": [-118.028071, 34.274163]}}, {"type": "Feature", "properties": {"OBJECTID": 100, "NAME": "Fallback Fire/EMS Station 100", "FACILITY_NAME": "Fallback Fire/EMS Station 100", "CATEGORY": "Fire / EMS Station", "ADDRESS": "4257 Example Ave", "CITY": "Santa Monica", "STATE": "CA", "COUNTY": "Los Angeles", "ZIP": "90290", "LATITUDE": 34.444309, "LONGITUDE": -118.103693, "resource_type": "fire_ems", "source_status": "simulated_fallback_due_download_missing_or_unavailable", "data_use_note": "Fallback simulated point. Replace with real emergency resource GeoJSON if available."}, "geometry": {"type": "Point", "coordinates": [-118.103693, 34.444309]}}, {"type": "Feature", "properties": {"OBJECTID": 101, "NAME": "Fallback Fire/EMS Station 101", "FACILITY_NAME": "Fallback Fire/EMS Station 101", "CATEGORY": "Fire / EMS Station", "ADDRESS": "1776 Example Ave", "CITY": "Whittier", "STATE": "CA", "COUNTY": "Los Angeles", "ZIP": "92588", "LATITUDE": 33.77352, "LONGITUDE": -118.387822, "resource_type": "fire_ems", "source_status": "simulated_fallback_due_download_missing_or_unavailable", "data_use_note": "Fallback simulated point. Replace with real emergency resource GeoJSON if available."}, "geometry": {"type": "Point", "coordinates": [-118.387822, 33.77352]}}, {"type": "Feature", "properties": {"OBJECTID": 102, "NAME": "Fallback Fire/EMS Station 102", "FACILITY_NAME": "Fallback Fire/EMS Station 102", "CATEGORY": "Fire / EMS Station", "ADDRESS": "4839 Example Ave", "CITY": "Pasadena", "STATE": "CA", "COUNTY": "Los Angeles", "ZIP": "91177", "LATITUDE": 34.246342, "LONGITUDE": -117.843181, "resource_type": "fire_ems", "source_status": "simulated_fallback_due_download_missing_or_unavailable", "data_use_note": "Fallback simulated point. Replace with real emergency resource GeoJSON if available."}, "geometry": {"type": "Point", "coordinates": [-117.843181, 34.246342]}}, {"type": "Feature", "properties": {"OBJECTID": 103, "NAME": "Fallback Fire/EMS Station 103", "FACILITY_NAME": "Fallback Fire/EMS Station 103", "CATEGORY": "Fire / EMS Station", "ADDRESS": "6972 Example Ave", "CITY": "Pasadena", "STATE": "CA", "COUNTY": "Los Angeles", "ZIP": "93209", "LATITUDE": 34.092471, "LONGITUDE": -118.325194, "resource_type": "fire_ems", "source_status": "simulated_fallback_due_download_missing_or_unavailable", "data_use_note": "Fallback simulated point. Replace with real emergency resource GeoJSON if available."}, "geometry": {"type": "Point", "coordinates": [-118.325194, 34.092471]}}, {"type": "Feature", "properties": {"OBJECTID": 104, "NAME": "Fallback Fire/EMS Station 104", "FACILITY_NAME": "Fallback Fire/EMS Station 104", "CATEGORY": "Fire / EMS Station", "ADDRESS": "5132 Example Ave", "CITY": "Whittier", "STATE": "CA", "COUNTY": "Los Angeles", "ZIP": "92807", "LATITUDE": 34.236628, "LONGITUDE": -117.881707, "resource_type": "fire_ems", "source_status": "simulated_fallback_due_download_missing_or_unavailable", "data_use_note": "Fallback simulated point. Replace with real emergency resource GeoJSON if available."}, "geometry": {"type": "Point", "coordinates": [-117.881707, 34.236628]}}, {"type": "Feature", "properties": {"OBJECTID": 105, "NAME": "Fallback Fire/EMS Station 105", "FACILITY_NAME": "Fallback Fire/EMS Station 105", "CATEGORY": "Fire / EMS Station", "ADDRESS": "2944 Example Ave", "CITY": "Santa Monica", "STATE": "CA", "COUNTY": "Los Angeles", "ZIP": "91866", "LATITUDE": 33.849267, "LONGITUDE": -118.396318, "resource_type": "fire_ems", "source_status": "simulated_fallback_due_download_missing_or_unavailable", "data_use_note": "Fallback simulated point. Replace with real emergency resource GeoJSON if available."}, "geometry": {"type": "Point", "coordinates": [-118.396318, 33.849267]}}, {"type": "Feature", "properties": {"OBJECTID": 106, "NAME": "Fallback Fire/EMS Station 106", "FACILITY_NAME": "Fallback Fire/EMS Station 106", "CATEGORY": "Fire / EMS Station", "ADDRESS": "7852 Example Ave", "CITY": "Pasadena", "STATE": "CA", "COUNTY": "Los Angeles", "ZIP": "92034", "LATITUDE": 34.411959, "LONGITUDE": -118.545554, "resource_type": "fire_ems", "source_status": "simulated_fallback_due_download_missing_or_unavailable", "data_use_note": "Fallback simulated point. Replace with real emergency resource GeoJSON if available."}, "geometry": {"type": "Point", "coordinates": [-118.545554, 34.411959]}}, {"type": "Feature", "properties": {"OBJECTID": 107, "NAME": "Fallback Fire/EMS Station 107", "FACILITY_NAME": "Fallback Fire/EMS Station 107", "CATEGORY": "Fire / EMS Station", "ADDRESS": "2744 Example Ave", "CITY": "Long Beach", "STATE": "CA", "COUNTY": "Los Angeles", "ZIP": "92287", "LATITUDE": 34.411417, "LONGITUDE": -117.963478, "resource_type": "fire_ems", "source_status": "simulated_fallback_due_download_missing_or_unavailable", "data_use_note": "Fallback simulated point. Replace with real emergency resource GeoJSON if available."}, "geometry": {"type": "Point", "coordinates": [-117.963478, 34.411417]}}, {"type": "Feature", "properties": {"OBJECTID": 108, "NAME": "Fallback Fire/EMS Station 108", "FACILITY_NAME": "Fallback Fire/EMS Station 108", "CATEGORY": "Fire / EMS Station", "ADDRESS": "7262 Example Ave", "CITY": "Long Beach", "STATE": "CA", "COUNTY": "Los Angeles", "ZIP": "92031", "LATITUDE": 34.246332, "LONGITUDE": -118.717553, "resource_type": "fire_ems", "source_status": "simulated_fallback_due_download_missing_or_unavailable", "data_use_note": "Fallback simulated point. Replace with real emergency resource GeoJSON if available."}, "geometry": {"type": "Point", "coordinates": [-118.717553, 34.246332]}}, {"type": "Feature", "properties": {"OBJECTID": 109, "NAME": "Fallback Fire/EMS Station 109", "FACILITY_NAME": "Fallback Fire/EMS Station 109", "CATEGORY": "Fire / EMS Station", "ADDRESS": "5771 Example Ave", "CITY": "Lancaster", "STATE": "CA", "COUNTY": "Los Angeles", "ZIP": "91554", "LATITUDE": 33.889636, "LONGITUDE": -118.068143, "resource_type": "fire_ems", "source_status": "simulated_fallback_due_download_missing_or_unavailable", "data_use_note": "Fallback simulated point. Replace with real emergency resource GeoJSON if available."}, "geometry": {"type": "Point", "coordinates": [-118.068143, 33.889636]}}, {"type": "Feature", "properties": {"OBJECTID": 110, "NAME": "Fallback Fire/EMS Station 110", "FACILITY_NAME": "Fallback Fire/EMS Station 110", "CATEGORY": "Fire / EMS Station", "ADDRESS": "6779 Example Ave", "CITY": "Los Angeles", "STATE": "CA", "COUNTY": "Los Angeles", "ZIP": "93468", "LATITUDE": 33.756405, "LONGITUDE": -118.611194, "resource_type": "fire_ems", "source_status": "simulated_fallback_due_download_missing_or_unavailable", "data_use_note": "Fallback simulated point. Replace with real emergency resource GeoJSON if available."}, "geometry": {"type": "Point", "coordinates": [-118.611194, 33.756405]}}, {"type": "Feature", "properties": {"OBJECTID": 111, "NAME": "Fallback Fire/EMS Station 111", "FACILITY_NAME": "Fallback Fire/EMS Station 111", "CATEGORY": "Fire / EMS Station", "ADDRESS": "2858 Example Ave", "CITY": "Pomona", "STATE": "CA", "COUNTY": "Los Angeles", "ZIP": "93159", "LATITUDE": 34.349581, "LONGITUDE": -118.334778, "resource_type": "fire_ems", "source_status": "simulated_fallback_due_download_missing_or_unavailable", "data_use_note": "Fallback simulated point. Replace with real emergency resource GeoJSON if available."}, "geometry": {"type": "Point", "coordinates": [-118.334778, 34.349581]}}, {"type": "Feature", "properties": {"OBJECTID": 112, "NAME": "Fallback Fire/EMS Station 112", "FACILITY_NAME": "Fallback Fire/EMS Station 112", "CATEGORY": "Fire / EMS Station", "ADDRESS": "554 Example Ave", "CITY": "Long Beach", "STATE": "CA", "COUNTY": "Los Angeles", "ZIP": "93561", "LATITUDE": 34.336442, "LONGITUDE": -118.5122, "resource_type": "fire_ems", "source_status": "simulated_fallback_due_download_missing_or_unavailable", "data_use_note": "Fallback simulated point. Replace with real emergency resource GeoJSON if available."}, "geometry": {"type": "Point", "coordinates": [-118.5122, 34.336442]}}, {"type": "Feature", "properties": {"OBJECTID": 113, "NAME": "Fallback Fire/EMS Station 113", "FACILITY_NAME": "Fallback Fire/EMS Station 113", "CATEGORY": "Fire / EMS Station", "ADDRESS": "7060 Example Ave", "CITY": "Long Beach", "STATE": "CA", "COUNTY": "Los Angeles", "ZIP": "92768", "LATITUDE": 34.459108, "LONGITUDE": -118.593626, "resource_type": "fire_ems", "source_status": "simulated_fallback_due_download_missing_or_unavailable", "data_use_note": "Fallback simulated point. Replace with real emergency resource GeoJSON if available."}, "geometry": {"type": "Point", "coordinates": [-118.593626, 34.459108]}}, {"type": "Feature", "properties": {"OBJECTID": 114, "NAME": "Fallback Fire/EMS Station 114", "FACILITY_NAME": "Fallback Fire/EMS Station 114", "CATEGORY": "Fire / EMS Station", "ADDRESS": "5841 Example Ave", "CITY": "Pomona", "STATE": "CA", "COUNTY": "Los Angeles", "ZIP": "90478", "LATITUDE": 33.747498, "LONGITUDE": -117.945642, "resource_type": "fire_ems", "source_status": "simulated_fallback_due_download_missing_or_unavailable", "data_use_note": "Fallback simulated point. Replace with real emergency resource GeoJSON if available."}, "geometry": {"type": "Point", "coordinates": [-117.945642, 33.747498]}}, {"type": "Feature", "properties": {"OBJECTID": 115, "NAME": "Fallback Fire/EMS Station 115", "FACILITY_NAME": "Fallback Fire/EMS Station 115", "CATEGORY": "Fire / EMS Station", "ADDRESS": "7565 Example Ave", "CITY": "Pomona", "STATE": "CA", "COUNTY": "Los Angeles", "ZIP": "91558", "LATITUDE": 33.805118, "LONGITUDE": -118.221634, "resource_type": "fire_ems", "source_status": "simulated_fallback_due_download_missing_or_unavailable", "data_use_note": "Fallback simulated point. Replace with real emergency resource GeoJSON if available."}, "geometry": {"type": "Point", "coordinates": [-118.221634, 33.805118]}}, {"type": "Feature", "properties": {"OBJECTID": 116, "NAME": "Fallback Fire/EMS Station 116", "FACILITY_NAME": "Fallback Fire/EMS Station 116", "CATEGORY": "Fire / EMS Station", "ADDRESS": "6305 Example Ave", "CITY": "Pomona", "STATE": "CA", "COUNTY": "Los Angeles", "ZIP": "92662", "LATITUDE": 34.325116, "LONGITUDE": -118.16479, "resource_type": "fire_ems", "source_status": "simulated_fallback_due_download_missing_or_unavailable", "data_use_note": "Fallback simulated point. Replace with real emergency resource GeoJSON if available."}, "geometry": {"type": "Point", "coordinates": [-118.16479, 34.325116]}}, {"type": "Feature", "properties": {"OBJECTID": 117, "NAME": "Fallback Fire/EMS Station 117", "FACILITY_NAME": "Fallback Fire/EMS Station 117", "CATEGORY": "Fire / EMS Station", "ADDRESS": "2040 Example Ave", "CITY": "Whittier", "STATE": "CA", "COUNTY": "Los Angeles", "ZIP": "91907", "LATITUDE": 34.147846, "LONGITUDE": -117.9028, "resource_type": "fire_ems", "source_status": "simulated_fallback_due_download_missing_or_unavailable", "data_use_note": "Fallback simulated point. Replace with real emergency resource GeoJSON if available."}, "geometry": {"type": "Point", "coordinates": [-117.9028, 34.147846]}}, {"type": "Feature", "properties": {"OBJECTID": 118, "NAME": "Fallback Fire/EMS Station 118", "FACILITY_NAME": "Fallback Fire/EMS Station 118", "CATEGORY": "Fire / EMS Station", "ADDRESS": "3452 Example Ave", "CITY": "Long Beach", "STATE": "CA", "COUNTY": "Los Angeles", "ZIP": "91743", "LATITUDE": 33.730384, "LONGITUDE": -118.713672, "resource_type": "fire_ems", "source_status": "simulated_fallback_due_download_missing_or_unavailable", "data_use_note": "Fallback simulated point. Replace with real emergency resource GeoJSON if available."}, "geometry": {"type": "Point", "coordinates": [-118.713672, 33.730384]}}, {"type": "Feature", "properties": {"OBJECTID": 119, "NAME": "Fallback Fire/EMS Station 119", "FACILITY_NAME": "Fallback Fire/EMS Station 119", "CATEGORY": "Fire / EMS Station", "ADDRESS": "765 Example Ave", "CITY": "Whittier", "STATE": "CA", "COUNTY": "Los Angeles", "ZIP": "92199", "LATITUDE": 34.104518, "LONGITUDE": -118.389135, "resource_type": "fire_ems", "source_status": "simulated_fallback_due_download_missing_or_unavailable", "data_use_note": "Fallback simulated point. Replace with real emergency resource GeoJSON if available."}, "geometry": {"type": "Point", "coordinates": [-118.389135, 34.104518]}}, {"type": "Feature", "properties": {"OBJECTID": 120, "NAME": "Fallback Fire/EMS Station 120", "FACILITY_NAME": "Fallback Fire/EMS Station 120", "CATEGORY": "Fire / EMS Station", "ADDRESS": "3682 Example Ave", "CITY": "Whittier", "STATE": "CA", "COUNTY": "Los Angeles", "ZIP": "91853", "LATITUDE": 34.170699, "LONGITUDE": -118.235823, "resource_type": "fire_ems", "source_status": "simulated_fallback_due_download_missing_or_unavailable", "data_use_note": "Fallback simulated point. Replace with real emergency resource GeoJSON if available."}, "geometry": {"type": "Point", "coordinates": [-118.235823, 34.170699]}}, {"type": "Feature", "properties": {"OBJECTID": 121, "NAME": "Fallback Fire/EMS Station 121", "FACILITY_NAME": "Fallback Fire/EMS Station 121", "CATEGORY": "Fire / EMS Station", "ADDRESS": "6378 Example Ave", "CITY": "Whittier", "STATE": "CA", "COUNTY": "Los Angeles", "ZIP": "92506", "LATITUDE": 34.373497, "LONGITUDE": -117.809975, "resource_type": "fire_ems", "source_status": "simulated_fallback_due_download_missing_or_unavailable", "data_use_note": "Fallback simulated point. Replace with real emergency resource GeoJSON if available."}, "geometry": {"type": "Point", "coordinates": [-117.809975, 34.373497]}}, {"type": "Feature", "properties": {"OBJECTID": 122, "NAME": "Fallback Fire/EMS Station 122", "FACILITY_NAME": "Fallback Fire/EMS Station 122", "CATEGORY": "Fire / EMS Station", "ADDRESS": "2486 Example Ave", "CITY": "Long Beach", "STATE": "CA", "COUNTY": "Los Angeles", "ZIP": "92342", "LATITUDE": 33.789567, "LONGITUDE": -118.069226, "resource_type": "fire_ems", "source_status": "simulated_fallback_due_download_missing_or_unavailable", "data_use_note": "Fallback simulated point. Replace with real emergency resource GeoJSON if available."}, "geometry": {"type": "Point", "coordinates": [-118.069226, 33.789567]}}, {"type": "Feature", "properties": {"OBJECTID": 123, "NAME": "Fallback Fire/EMS Station 123", "FACILITY_NAME": "Fallback Fire/EMS Station 123", "CATEGORY": "Fire / EMS Station", "ADDRESS": "1199 Example Ave", "CITY": "Long Beach", "STATE": "CA", "COUNTY": "Los Angeles", "ZIP": "90021", "LATITUDE": 33.730854, "LONGITUDE": -118.631734, "resource_type": "fire_ems", "source_status": "simulated_fallback_due_download_missing_or_unavailable", "data_use_note": "Fallback simulated point. Replace with real emergency resource GeoJSON if available."}, "geometry": {"type": "Point", "coordinates": [-118.631734, 33.730854]}}, {"type": "Feature", "properties": {"OBJECTID": 124, "NAME": "Fallback Fire/EMS Station 124", "FACILITY_NAME": "Fallback Fire/EMS Station 124", "CATEGORY": "Fire / EMS Station", "ADDRESS": "1931 Example Ave", "CITY": "Long Beach", "STATE": "CA", "COUNTY": "Los Angeles", "ZIP": "92434", "LATITUDE": 33.831889, "LONGITUDE": -118.467647, "resource_type": "fire_ems", "source_status": "simulated_fallback_due_download_missing_or_unavailable", "data_use_note": "Fallback simulated point. Replace with real emergency resource GeoJSON if available."}, "geometry": {"type": "Point", "coordinates": [-118.467647, 33.831889]}}, {"type": "Feature", "properties": {"OBJECTID": 125, "NAME": "Fallback Fire/EMS Station 125", "FACILITY_NAME": "Fallback Fire/EMS Station 125", "CATEGORY": "Fire / EMS Station", "ADDRESS": "603 Example Ave", "CITY": "Burbank", "STATE": "CA", "COUNTY": "Los Angeles", "ZIP": "93263", "LATITUDE": 34.122969, "LONGITUDE": -117.993779, "resource_type": "fire_ems", "source_status": "simulated_fallback_due_download_missing_or_unavailable", "data_use_note": "Fallback simulated point. Replace with real emergency resource GeoJSON if available."}, "geometry": {"type": "Point", "coordinates": [-117.993779, 34.122969]}}, {"type": "Feature", "properties": {"OBJECTID": 126, "NAME": "Fallback Fire/EMS Station 126", "FACILITY_NAME": "Fallback Fire/EMS Station 126", "CATEGORY": "Fire / EMS Station", "ADDRESS": "2333 Example Ave", "CITY": "Lancaster", "STATE": "CA", "COUNTY": "Los Angeles", "ZIP": "91262", "LATITUDE": 34.046991, "LONGITUDE": -118.311766, "resource_type": "fire_ems", "source_status": "simulated_fallback_due_download_missing_or_unavailable", "data_use_note": "Fallback simulated point. Replace with real emergency resource GeoJSON if available."}, "geometry": {"type": "Point", "coordinates": [-118.311766, 34.046991]}}, {"type": "Feature", "properties": {"OBJECTID": 127, "NAME": "Fallback Fire/EMS Station 127", "FACILITY_NAME": "Fallback Fire/EMS Station 127", "CATEGORY": "Fire / EMS Station", "ADDRESS": "9893 Example Ave", "CITY": "Lancaster", "STATE": "CA", "COUNTY": "Los Angeles", "ZIP": "90679", "LATITUDE": 34.492625, "LONGITUDE": -118.699931, "resource_type": "fire_ems", "source_status": "simulated_fallback_due_download_missing_or_unavailable", "data_use_note": "Fallback simulated point. Replace with real emergency resource GeoJSON if available."}, "geometry": {"type": "Point", "coordinates": [-118.699931, 34.492625]}}, {"type": "Feature", "properties": {"OBJECTID": 128, "NAME": "Fallback Fire/EMS Station 128", "FACILITY_NAME": "Fallback Fire/EMS Station 128", "CATEGORY": "Fire / EMS Station", "ADDRESS": "1968 Example Ave", "CITY": "Los Angeles", "STATE": "CA", "COUNTY": "Los Angeles", "ZIP": "91910", "LATITUDE": 33.757085, "LONGITUDE": -118.079623, "resource_type": "fire_ems", "source_status": "simulated_fallback_due_download_missing_or_unavailable", "data_use_note": "Fallback simulated point. Replace with real emergency resource GeoJSON if available."}, "geometry": {"type": "Point", "coordinates": [-118.079623, 33.757085]}}, {"type": "Feature", "properties": {"OBJECTID": 129, "NAME": "Fallback Fire/EMS Station 129", "FACILITY_NAME": "Fallback Fire/EMS Station 129", "CATEGORY": "Fire / EMS Station", "ADDRESS": "3841 Example Ave", "CITY": "Lancaster", "STATE": "CA", "COUNTY": "Los Angeles", "ZIP": "91408", "LATITUDE": 34.298598, "LONGITUDE": -118.515838, "resource_type": "fire_ems", "source_status": "simulated_fallback_due_download_missing_or_unavailable", "data_use_note": "Fallback simulated point. Replace with real emergency resource GeoJSON if available."}, "geometry": {"type": "Point", "coordinates": [-118.515838, 34.298598]}}, {"type": "Feature", "properties": {"OBJECTID": 130, "NAME": "Fallback Fire/EMS Station 130", "FACILITY_NAME": "Fallback Fire/EMS Station 130", "CATEGORY": "Fire / EMS Station", "ADDRESS": "9769 Example Ave", "CITY": "Lancaster", "STATE": "CA", "COUNTY": "Los Angeles", "ZIP": "90384", "LATITUDE": 33.974853, "LONGITUDE": -117.944491, "resource_type": "fire_ems", "source_status": "simulated_fallback_due_download_missing_or_unavailable", "data_use_note": "Fallback simulated point. Replace with real emergency resource GeoJSON if available."}, "geometry": {"type": "Point", "coordinates": [-117.944491, 33.974853]}}, {"type": "Feature", "properties": {"OBJECTID": 131, "NAME": "Fallback Fire/EMS Station 131", "FACILITY_NAME": "Fallback Fire/EMS Station 131", "CATEGORY": "Fire / EMS Station", "ADDRESS": "7629 Example Ave", "CITY": "Pasadena", "STATE": "CA", "COUNTY": "Los Angeles", "ZIP": "92228", "LATITUDE": 34.549018, "LONGITUDE": -117.794344, "resource_type": "fire_ems", "source_status": "simulated_fallback_due_download_missing_or_unavailable", "data_use_note": "Fallback simulated point. Replace with real emergency resource GeoJSON if available."}, "geometry": {"type": "Point", "coordinates": [-117.794344, 34.549018]}}, {"type": "Feature", "properties": {"OBJECTID": 132, "NAME": "Fallback Fire/EMS Station 132", "FACILITY_NAME": "Fallback Fire/EMS Station 132", "CATEGORY": "Fire / EMS Station", "ADDRESS": "6581 Example Ave", "CITY": "Santa Monica", "STATE": "CA", "COUNTY": "Los Angeles", "ZIP": "90705", "LATITUDE": 34.176244, "LONGITUDE": -117.820943, "resource_type": "fire_ems", "source_status": "simulated_fallback_due_download_missing_or_unavailable", "data_use_note": "Fallback simulated point. Replace with real emergency resource GeoJSON if available."}, "geometry": {"type": "Point", "coordinates": [-117.820943, 34.176244]}}, {"type": "Feature", "properties": {"OBJECTID": 133, "NAME": "Fallback Fire/EMS Station 133", "FACILITY_NAME": "Fallback Fire/EMS Station 133", "CATEGORY": "Fire / EMS Station", "ADDRESS": "9826 Example Ave", "CITY": "Pasadena", "STATE": "CA", "COUNTY": "Los Angeles", "ZIP": "90965", "LATITUDE": 34.312043, "LONGITUDE": -117.881266, "resource_type": "fire_ems", "source_status": "simulated_fallback_due_download_missing_or_unavailable", "data_use_note": "Fallback simulated point. Replace with real emergency resource GeoJSON if available."}, "geometry": {"type": "Point", "coordinates": [-117.881266, 34.312043]}}, {"type": "Feature", "properties": {"OBJECTID": 134, "NAME": "Fallback Fire/EMS Station 134", "FACILITY_NAME": "Fallback Fire/EMS Station 134", "CATEGORY": "Fire / EMS Station", "ADDRESS": "4596 Example Ave", "CITY": "Santa Monica", "STATE": "CA", "COUNTY": "Los Angeles", "ZIP": "92608", "LATITUDE": 33.890552, "LONGITUDE": -117.847238, "resource_type": "fire_ems", "source_status": "simulated_fallback_due_download_missing_or_unavailable", "data_use_note": "Fallback simulated point. Replace with real emergency resource GeoJSON if available."}, "geometry": {"type": "Point", "coordinates": [-117.847238, 33.890552]}}, {"type": "Feature", "properties": {"OBJECTID": 135, "NAME": "Fallback Fire/EMS Station 135", "FACILITY_NAME": "Fallback Fire/EMS Station 135", "CATEGORY": "Fire / EMS Station", "ADDRESS": "8882 Example Ave", "CITY": "Pomona", "STATE": "CA", "COUNTY": "Los Angeles", "ZIP": "90721", "LATITUDE": 34.265305, "LONGITUDE": -117.862833, "resource_type": "fire_ems", "source_status": "simulated_fallback_due_download_missing_or_unavailable", "data_use_note": "Fallback simulated point. Replace with real emergency resource GeoJSON if available."}, "geometry": {"type": "Point", "coordinates": [-117.862833, 34.265305]}}, {"type": "Feature", "properties": {"OBJECTID": 136, "NAME": "Fallback Fire/EMS Station 136", "FACILITY_NAME": "Fallback Fire/EMS Station 136", "CATEGORY": "Fire / EMS Station", "ADDRESS": "4905 Example Ave", "CITY": "Glendale", "STATE": "CA", "COUNTY": "Los Angeles", "ZIP": "91295", "LATITUDE": 34.050074, "LONGITUDE": -118.278988, "resource_type": "fire_ems", "source_status": "simulated_fallback_due_download_missing_or_unavailable", "data_use_note": "Fallback simulated point. Replace with real emergency resource GeoJSON if available."}, "geometry": {"type": "Point", "coordinates": [-118.278988, 34.050074]}}, {"type": "Feature", "properties": {"OBJECTID": 137, "NAME": "Fallback Fire/EMS Station 137", "FACILITY_NAME": "Fallback Fire/EMS Station 137", "CATEGORY": "Fire / EMS Station", "ADDRESS": "3461 Example Ave", "CITY": "Pasadena", "STATE": "CA", "COUNTY": "Los Angeles", "ZIP": "91123", "LATITUDE": 33.713507, "LONGITUDE": -118.474732, "resource_type": "fire_ems", "source_status": "simulated_fallback_due_download_missing_or_unavailable", "data_use_note": "Fallback simulated point. Replace with real emergency resource GeoJSON if available."}, "geometry": {"type": "Point", "coordinates": [-118.474732, 33.713507]}}, {"type": "Feature", "properties": {"OBJECTID": 138, "NAME": "Fallback Fire/EMS Station 138", "FACILITY_NAME": "Fallback Fire/EMS Station 138", "CATEGORY": "Fire / EMS Station", "ADDRESS": "255 Example Ave", "CITY": "Lancaster", "STATE": "CA", "COUNTY": "Los Angeles", "ZIP": "90662", "LATITUDE": 33.857301, "LONGITUDE": -118.427244, "resource_type": "fire_ems", "source_status": "simulated_fallback_due_download_missing_or_unavailable", "data_use_note": "Fallback simulated point. Replace with real emergency resource GeoJSON if available."}, "geometry": {"type": "Point", "coordinates": [-118.427244, 33.857301]}}, {"type": "Feature", "properties": {"OBJECTID": 139, "NAME": "Fallback Fire/EMS Station 139", "FACILITY_NAME": "Fallback Fire/EMS Station 139", "CATEGORY": "Fire / EMS Station", "ADDRESS": "8196 Example Ave", "CITY": "Whittier", "STATE": "CA", "COUNTY": "Los Angeles", "ZIP": "92480", "LATITUDE": 34.149738, "LONGITUDE": -118.693064, "resource_type": "fire_ems", "source_status": "simulated_fallback_due_download_missing_or_unavailable", "data_use_note": "Fallback simulated point. Replace with real emergency resource GeoJSON if available."}, "geometry": {"type": "Point", "coordinates": [-118.693064, 34.149738]}}, {"type": "Feature", "properties": {"OBJECTID": 140, "NAME": "Fallback Fire/EMS Station 140", "FACILITY_NAME": "Fallback Fire/EMS Station 140", "CATEGORY": "Fire / EMS Station", "ADDRESS": "4994 Example Ave", "CITY": "Santa Monica", "STATE": "CA", "COUNTY": "Los Angeles", "ZIP": "91691", "LATITUDE": 33.860075, "LONGITUDE": -118.239337, "resource_type": "fire_ems", "source_status": "simulated_fallback_due_download_missing_or_unavailable", "data_use_note": "Fallback simulated point. Replace with real emergency resource GeoJSON if available."}, "geometry": {"type": "Point", "coordinates": [-118.239337, 33.860075]}}, {"type": "Feature", "properties": {"OBJECTID": 141, "NAME": "Fallback Fire/EMS Station 141", "FACILITY_NAME": "Fallback Fire/EMS Station 141", "CATEGORY": "Fire / EMS Station", "ADDRESS": "9375 Example Ave", "CITY": "Whittier", "STATE": "CA", "COUNTY": "Los Angeles", "ZIP": "92085", "LATITUDE": 34.507243, "LONGITUDE": -117.872776, "resource_type": "fire_ems", "source_status": "simulated_fallback_due_download_missing_or_unavailable", "data_use_note": "Fallback simulated point. Replace with real emergency resource GeoJSON if available."}, "geometry": {"type": "Point", "coordinates": [-117.872776, 34.507243]}}, {"type": "Feature", "properties": {"OBJECTID": 142, "NAME": "Fallback Fire/EMS Station 142", "FACILITY_NAME": "Fallback Fire/EMS Station 142", "CATEGORY": "Fire / EMS Station", "ADDRESS": "2507 Example Ave", "CITY": "Los Angeles", "STATE": "CA", "COUNTY": "Los Angeles", "ZIP": "90512", "LATITUDE": 33.889201, "LONGITUDE": -118.43931, "resource_type": "fire_ems", "source_status": "simulated_fallback_due_download_missing_or_unavailable", "data_use_note": "Fallback simulated point. Replace with real emergency resource GeoJSON if available."}, "geometry": {"type": "Point", "coordinates": [-118.43931, 33.889201]}}, {"type": "Feature", "properties": {"OBJECTID": 143, "NAME": "Fallback Fire/EMS Station 143", "FACILITY_NAME": "Fallback Fire/EMS Station 143", "CATEGORY": "Fire / EMS Station", "ADDRESS": "6668 Example Ave", "CITY": "Glendale", "STATE": "CA", "COUNTY": "Los Angeles", "ZIP": "91220", "LATITUDE": 33.892491, "LONGITUDE": -117.867008, "resource_type": "fire_ems", "source_status": "simulated_fallback_due_download_missing_or_unavailable", "data_use_note": "Fallback simulated point. Replace with real emergency resource GeoJSON if available."}, "geometry": {"type": "Point", "coordinates": [-117.867008, 33.892491]}}, {"type": "Feature", "properties": {"OBJECTID": 144, "NAME": "Fallback Fire/EMS Station 144", "FACILITY_NAME": "Fallback Fire/EMS Station 144", "CATEGORY": "Fire / EMS Station", "ADDRESS": "5696 Example Ave", "CITY": "Whittier", "STATE": "CA", "COUNTY": "Los Angeles", "ZIP": "92447", "LATITUDE": 34.442677, "LONGITUDE": -118.673441, "resource_type": "fire_ems", "source_status": "simulated_fallback_due_download_missing_or_unavailable", "data_use_note": "Fallback simulated point. Replace with real emergency resource GeoJSON if available."}, "geometry": {"type": "Point", "coordinates": [-118.673441, 34.442677]}}, {"type": "Feature", "properties": {"OBJECTID": 145, "NAME": "Fallback Fire/EMS Station 145", "FACILITY_NAME": "Fallback Fire/EMS Station 145", "CATEGORY": "Fire / EMS Station", "ADDRESS": "3146 Example Ave", "CITY": "Santa Monica", "STATE": "CA", "COUNTY": "Los Angeles", "ZIP": "91546", "LATITUDE": 33.816084, "LONGITUDE": -117.764514, "resource_type": "fire_ems", "source_status": "simulated_fallback_due_download_missing_or_unavailable", "data_use_note": "Fallback simulated point. Replace with real emergency resource GeoJSON if available."}, "geometry": {"type": "Point", "coordinates": [-117.764514, 33.816084]}}, {"type": "Feature", "properties": {"OBJECTID": 146, "NAME": "Fallback Fire/EMS Station 146", "FACILITY_NAME": "Fallback Fire/EMS Station 146", "CATEGORY": "Fire / EMS Station", "ADDRESS": "9014 Example Ave", "CITY": "Pomona", "STATE": "CA", "COUNTY": "Los Angeles", "ZIP": "90022", "LATITUDE": 34.16002, "LONGITUDE": -118.688764, "resource_type": "fire_ems", "source_status": "simulated_fallback_due_download_missing_or_unavailable", "data_use_note": "Fallback simulated point. Replace with real emergency resource GeoJSON if available."}, "geometry": {"type": "Point", "coordinates": [-118.688764, 34.16002]}}, {"type": "Feature", "properties": {"OBJECTID": 147, "NAME": "Fallback Fire/EMS Station 147", "FACILITY_NAME": "Fallback Fire/EMS Station 147", "CATEGORY": "Fire / EMS Station", "ADDRESS": "5012 Example Ave", "CITY": "Torrance", "STATE": "CA", "COUNTY": "Los Angeles", "ZIP": "93178", "LATITUDE": 33.954348, "LONGITUDE": -118.049819, "resource_type": "fire_ems", "source_status": "simulated_fallback_due_download_missing_or_unavailable", "data_use_note": "Fallback simulated point. Replace with real emergency resource GeoJSON if available."}, "geometry": {"type": "Point", "coordinates": [-118.049819, 33.954348]}}, {"type": "Feature", "properties": {"OBJECTID": 148, "NAME": "Fallback Fire/EMS Station 148", "FACILITY_NAME": "Fallback Fire/EMS Station 148", "CATEGORY": "Fire / EMS Station", "ADDRESS": "955 Example Ave", "CITY": "Burbank", "STATE": "CA", "COUNTY": "Los Angeles", "ZIP": "90662", "LATITUDE": 34.374704, "LONGITUDE": -118.659495, "resource_type": "fire_ems", "source_status": "simulated_fallback_due_download_missing_or_unavailable", "data_use_note": "Fallback simulated point. Replace with real emergency resource GeoJSON if available."}, "geometry": {"type": "Point", "coordinates": [-118.659495, 34.374704]}}, {"type": "Feature", "properties": {"OBJECTID": 149, "NAME": "Fallback Fire/EMS Station 149", "FACILITY_NAME": "Fallback Fire/EMS Station 149", "CATEGORY": "Fire / EMS Station", "ADDRESS": "7180 Example Ave", "CITY": "Los Angeles", "STATE": "CA", "COUNTY": "Los Angeles", "ZIP": "93546", "LATITUDE": 34.403895, "LONGITUDE": -117.98261, "resource_type": "fire_ems", "source_status": "simulated_fallback_due_download_missing_or_unavailable", "data_use_note": "Fallback simulated point. Replace with real emergency resource GeoJSON if available."}, "geometry": {"type": "Point", "coordinates": [-117.98261, 34.403895]}}, {"type": "Feature", "properties": {"OBJECTID": 150, "NAME": "Fallback Fire/EMS Station 150", "FACILITY_NAME": "Fallback Fire/EMS Station 150", "CATEGORY": "Fire / EMS Station", "ADDRESS": "6145 Example Ave", "CITY": "Los Angeles", "STATE": "CA", "COUNTY": "Los Angeles", "ZIP": "90802", "LATITUDE": 33.855702, "LONGITUDE": -118.361964, "resource_type": "fire_ems", "source_status": "simulated_fallback_due_download_missing_or_unavailable", "data_use_note": "Fallback simulated point. Replace with real emergency resource GeoJSON if available."}, "geometry": {"type": "Point", "coordinates": [-118.361964, 33.855702]}}, {"type": "Feature", "properties": {"OBJECTID": 151, "NAME": "Fallback Fire/EMS Station 151", "FACILITY_NAME": "Fallback Fire/EMS Station 151", "CATEGORY": "Fire / EMS Station", "ADDRESS": "6078 Example Ave", "CITY": "Pomona", "STATE": "CA", "COUNTY": "Los Angeles", "ZIP": "91302", "LATITUDE": 34.220367, "LONGITUDE": -118.177695, "resource_type": "fire_ems", "source_status": "simulated_fallback_due_download_missing_or_unavailable", "data_use_note": "Fallback simulated point. Replace with real emergency resource GeoJSON if available."}, "geometry": {"type": "Point", "coordinates": [-118.177695, 34.220367]}}, {"type": "Feature", "properties": {"OBJECTID": 152, "NAME": "Fallback Fire/EMS Station 152", "FACILITY_NAME": "Fallback Fire/EMS Station 152", "CATEGORY": "Fire / EMS Station", "ADDRESS": "8762 Example Ave", "CITY": "Los Angeles", "STATE": "CA", "COUNTY": "Los Angeles", "ZIP": "93593", "LATITUDE": 34.05142, "LONGITUDE": -118.559634, "resource_type": "fire_ems", "source_status": "simulated_fallback_due_download_missing_or_unavailable", "data_use_note": "Fallback simulated point. Replace with real emergency resource GeoJSON if available."}, "geometry": {"type": "Point", "coordinates": [-118.559634, 34.05142]}}, {"type": "Feature", "properties": {"OBJECTID": 153, "NAME": "Fallback Fire/EMS Station 153", "FACILITY_NAME": "Fallback Fire/EMS Station 153", "CATEGORY": "Fire / EMS Station", "ADDRESS": "9923 Example Ave", "CITY": "Los Angeles", "STATE": "CA", "COUNTY": "Los Angeles", "ZIP": "92960", "LATITUDE": 34.434208, "LONGITUDE": -118.225014, "resource_type": "fire_ems", "source_status": "simulated_fallback_due_download_missing_or_unavailable", "data_use_note": "Fallback simulated point. Replace with real emergency resource GeoJSON if available."}, "geometry": {"type": "Point", "coordinates": [-118.225014, 34.434208]}}, {"type": "Feature", "properties": {"OBJECTID": 154, "NAME": "Fallback Fire/EMS Station 154", "FACILITY_NAME": "Fallback Fire/EMS Station 154", "CATEGORY": "Fire / EMS Station", "ADDRESS": "8056 Example Ave", "CITY": "Los Angeles", "STATE": "CA", "COUNTY": "Los Angeles", "ZIP": "93324", "LATITUDE": 34.319765, "LONGITUDE": -118.094658, "resource_type": "fire_ems", "source_status": "simulated_fallback_due_download_missing_or_unavailable", "data_use_note": "Fallback simulated point. Replace with real emergency resource GeoJSON if available."}, "geometry": {"type": "Point", "coordinates": [-118.094658, 34.319765]}}, {"type": "Feature", "properties": {"OBJECTID": 155, "NAME": "Fallback Fire/EMS Station 155", "FACILITY_NAME": "Fallback Fire/EMS Station 155", "CATEGORY": "Fire / EMS Station", "ADDRESS": "8643 Example Ave", "CITY": "Pomona", "STATE": "CA", "COUNTY": "Los Angeles", "ZIP": "91240", "LATITUDE": 34.032622, "LONGITUDE": -117.793055, "resource_type": "fire_ems", "source_status": "simulated_fallback_due_download_missing_or_unavailable", "data_use_note": "Fallback simulated point. Replace with real emergency resource GeoJSON if available."}, "geometry": {"type": "Point", "coordinates": [-117.793055, 34.032622]}}, {"type": "Feature", "properties": {"OBJECTID": 156, "NAME": "Fallback Fire/EMS Station 156", "FACILITY_NAME": "Fallback Fire/EMS Station 156", "CATEGORY": "Fire / EMS Station", "ADDRESS": "9802 Example Ave", "CITY": "Whittier", "STATE": "CA", "COUNTY": "Los Angeles", "ZIP": "91315", "LATITUDE": 34.534182, "LONGITUDE": -118.390177, "resource_type": "fire_ems", "source_status": "simulated_fallback_due_download_missing_or_unavailable", "data_use_note": "Fallback simulated point. Replace with real emergency resource GeoJSON if available."}, "geometry": {"type": "Point", "coordinates": [-118.390177, 34.534182]}}, {"type": "Feature", "properties": {"OBJECTID": 157, "NAME": "Fallback Fire/EMS Station 157", "FACILITY_NAME": "Fallback Fire/EMS Station 157", "CATEGORY": "Fire / EMS Station", "ADDRESS": "5640 Example Ave", "CITY": "Glendale", "STATE": "CA", "COUNTY": "Los Angeles", "ZIP": "92699", "LATITUDE": 33.708875, "LONGITUDE": -117.877569, "resource_type": "fire_ems", "source_status": "simulated_fallback_due_download_missing_or_unavailable", "data_use_note": "Fallback simulated point. Replace with real emergency resource GeoJSON if available."}, "geometry": {"type": "Point", "coordinates": [-117.877569, 33.708875]}}, {"type": "Feature", "properties": {"OBJECTID": 158, "NAME": "Fallback Fire/EMS Station 158", "FACILITY_NAME": "Fallback Fire/EMS Station 158", "CATEGORY": "Fire / EMS Station", "ADDRESS": "3106 Example Ave", "CITY": "Burbank", "STATE": "CA", "COUNTY": "Los Angeles", "ZIP": "92532", "LATITUDE": 34.119058, "LONGITUDE": -118.051147, "resource_type": "fire_ems", "source_status": "simulated_fallback_due_download_missing_or_unavailable", "data_use_note": "Fallback simulated point. Replace with real emergency resource GeoJSON if available."}, "geometry": {"type": "Point", "coordinates": [-118.051147, 34.119058]}}, {"type": "Feature", "properties": {"OBJECTID": 159, "NAME": "Fallback Fire/EMS Station 159", "FACILITY_NAME": "Fallback Fire/EMS Station 159", "CATEGORY": "Fire / EMS Station", "ADDRESS": "5368 Example Ave", "CITY": "Burbank", "STATE": "CA", "COUNTY": "Los Angeles", "ZIP": "92595", "LATITUDE": 34.494952, "LONGITUDE": -118.581375, "resource_type": "fire_ems", "source_status": "simulated_fallback_due_download_missing_or_unavailable", "data_use_note": "Fallback simulated point. Replace with real emergency resource GeoJSON if available."}, "geometry": {"type": "Point", "coordinates": [-118.581375, 34.494952]}}, {"type": "Feature", "properties": {"OBJECTID": 160, "NAME": "Fallback Fire/EMS Station 160", "FACILITY_NAME": "Fallback Fire/EMS Station 160", "CATEGORY": "Fire / EMS Station", "ADDRESS": "1457 Example Ave", "CITY": "Los Angeles", "STATE": "CA", "COUNTY": "Los Angeles", "ZIP": "90266", "LATITUDE": 34.233612, "LONGITUDE": -118.097055, "resource_type": "fire_ems", "source_status": "simulated_fallback_due_download_missing_or_unavailable", "data_use_note": "Fallback simulated point. Replace with real emergency resource GeoJSON if available."}, "geometry": {"type": "Point", "coordinates": [-118.097055, 34.233612]}}, {"type": "Feature", "properties": {"OBJECTID": 161, "NAME": "Fallback Fire/EMS Station 161", "FACILITY_NAME": "Fallback Fire/EMS Station 161", "CATEGORY": "Fire / EMS Station", "ADDRESS": "7092 Example Ave", "CITY": "Torrance", "STATE": "CA", "COUNTY": "Los Angeles", "ZIP": "90928", "LATITUDE": 33.772727, "LONGITUDE": -118.643926, "resource_type": "fire_ems", "source_status": "simulated_fallback_due_download_missing_or_unavailable", "data_use_note": "Fallback simulated point. Replace with real emergency resource GeoJSON if available."}, "geometry": {"type": "Point", "coordinates": [-118.643926, 33.772727]}}, {"type": "Feature", "properties": {"OBJECTID": 162, "NAME": "Fallback Fire/EMS Station 162", "FACILITY_NAME": "Fallback Fire/EMS Station 162", "CATEGORY": "Fire / EMS Station", "ADDRESS": "339 Example Ave", "CITY": "Long Beach", "STATE": "CA", "COUNTY": "Los Angeles", "ZIP": "91802", "LATITUDE": 34.449815, "LONGITUDE": -118.225707, "resource_type": "fire_ems", "source_status": "simulated_fallback_due_download_missing_or_unavailable", "data_use_note": "Fallback simulated point. Replace with real emergency resource GeoJSON if available."}, "geometry": {"type": "Point", "coordinates": [-118.225707, 34.449815]}}, {"type": "Feature", "properties": {"OBJECTID": 163, "NAME": "Fallback Fire/EMS Station 163", "FACILITY_NAME": "Fallback Fire/EMS Station 163", "CATEGORY": "Fire / EMS Station", "ADDRESS": "6144 Example Ave", "CITY": "Whittier", "STATE": "CA", "COUNTY": "Los Angeles", "ZIP": "91360", "LATITUDE": 33.964785, "LONGITUDE": -117.89935, "resource_type": "fire_ems", "source_status": "simulated_fallback_due_download_missing_or_unavailable", "data_use_note": "Fallback simulated point. Replace with real emergency resource GeoJSON if available."}, "geometry": {"type": "Point", "coordinates": [-117.89935, 33.964785]}}, {"type": "Feature", "properties": {"OBJECTID": 164, "NAME": "Fallback Fire/EMS Station 164", "FACILITY_NAME": "Fallback Fire/EMS Station 164", "CATEGORY": "Fire / EMS Station", "ADDRESS": "4335 Example Ave", "CITY": "Long Beach", "STATE": "CA", "COUNTY": "Los Angeles", "ZIP": "93156", "LATITUDE": 33.79661, "LONGITUDE": -117.770979, "resource_type": "fire_ems", "source_status": "simulated_fallback_due_download_missing_or_unavailable", "data_use_note": "Fallback simulated point. Replace with real emergency resource GeoJSON if available."}, "geometry": {"type": "Point", "coordinates": [-117.770979, 33.79661]}}, {"type": "Feature", "properties": {"OBJECTID": 165, "NAME": "Fallback Fire/EMS Station 165", "FACILITY_NAME": "Fallback Fire/EMS Station 165", "CATEGORY": "Fire / EMS Station", "ADDRESS": "4086 Example Ave", "CITY": "Glendale", "STATE": "CA", "COUNTY": "Los Angeles", "ZIP": "92623", "LATITUDE": 34.497628, "LONGITUDE": -117.768916, "resource_type": "fire_ems", "source_status": "simulated_fallback_due_download_missing_or_unavailable", "data_use_note": "Fallback simulated point. Replace with real emergency resource GeoJSON if available."}, "geometry": {"type": "Point", "coordinates": [-117.768916, 34.497628]}}, {"type": "Feature", "properties": {"OBJECTID": 166, "NAME": "Fallback Fire/EMS Station 166", "FACILITY_NAME": "Fallback Fire/EMS Station 166", "CATEGORY": "Fire / EMS Station", "ADDRESS": "2871 Example Ave", "CITY": "Long Beach", "STATE": "CA", "COUNTY": "Los Angeles", "ZIP": "90639", "LATITUDE": 33.951251, "LONGITUDE": -118.100591, "resource_type": "fire_ems", "source_status": "simulated_fallback_due_download_missing_or_unavailable", "data_use_note": "Fallback simulated point. Replace with real emergency resource GeoJSON if available."}, "geometry": {"type": "Point", "coordinates": [-118.100591, 33.951251]}}, {"type": "Feature", "properties": {"OBJECTID": 167, "NAME": "Fallback Fire/EMS Station 167", "FACILITY_NAME": "Fallback Fire/EMS Station 167", "CATEGORY": "Fire / EMS Station", "ADDRESS": "269 Example Ave", "CITY": "Lancaster", "STATE": "CA", "COUNTY": "Los Angeles", "ZIP": "92216", "LATITUDE": 34.316746, "LONGITUDE": -118.268906, "resource_type": "fire_ems", "source_status": "simulated_fallback_due_download_missing_or_unavailable", "data_use_note": "Fallback simulated point. Replace with real emergency resource GeoJSON if available."}, "geometry": {"type": "Point", "coordinates": [-118.268906, 34.316746]}}, {"type": "Feature", "properties": {"OBJECTID": 168, "NAME": "Fallback Fire/EMS Station 168", "FACILITY_NAME": "Fallback Fire/EMS Station 168", "CATEGORY": "Fire / EMS Station", "ADDRESS": "2832 Example Ave", "CITY": "Los Angeles", "STATE": "CA", "COUNTY": "Los Angeles", "ZIP": "90601", "LATITUDE": 34.447012, "LONGITUDE": -117.854897, "resource_type": "fire_ems", "source_status": "simulated_fallback_due_download_missing_or_unavailable", "data_use_note": "Fallback simulated point. Replace with real emergency resource GeoJSON if available."}, "geometry": {"type": "Point", "coordinates": [-117.854897, 34.447012]}}, {"type": "Feature", "properties": {"OBJECTID": 169, "NAME": "Fallback Fire/EMS Station 169", "FACILITY_NAME": "Fallback Fire/EMS Station 169", "CATEGORY": "Fire / EMS Station", "ADDRESS": "7673 Example Ave", "CITY": "Santa Monica", "STATE": "CA", "COUNTY": "Los Angeles", "ZIP": "90060", "LATITUDE": 34.099247, "LONGITUDE": -117.930502, "resource_type": "fire_ems", "source_status": "simulated_fallback_due_download_missing_or_unavailable", "data_use_note": "Fallback simulated point. Replace with real emergency resource GeoJSON if available."}, "geometry": {"type": "Point", "coordinates": [-117.930502, 34.099247]}}, {"type": "Feature", "properties": {"OBJECTID": 170, "NAME": "Fallback Fire/EMS Station 170", "FACILITY_NAME": "Fallback Fire/EMS Station 170", "CATEGORY": "Fire / EMS Station", "ADDRESS": "3133 Example Ave", "CITY": "Burbank", "STATE": "CA", "COUNTY": "Los Angeles", "ZIP": "93457", "LATITUDE": 33.845617, "LONGITUDE": -118.567099, "resource_type": "fire_ems", "source_status": "simulated_fallback_due_download_missing_or_unavailable", "data_use_note": "Fallback simulated point. Replace with real emergency resource GeoJSON if available."}, "geometry": {"type": "Point", "coordinates": [-118.567099, 33.845617]}}, {"type": "Feature", "properties": {"OBJECTID": 171, "NAME": "Fallback Fire/EMS Station 171", "FACILITY_NAME": "Fallback Fire/EMS Station 171", "CATEGORY": "Fire / EMS Station", "ADDRESS": "1119 Example Ave", "CITY": "Burbank", "STATE": "CA", "COUNTY": "Los Angeles", "ZIP": "92783", "LATITUDE": 34.239237, "LONGITUDE": -118.746744, "resource_type": "fire_ems", "source_status": "simulated_fallback_due_download_missing_or_unavailable", "data_use_note": "Fallback simulated point. Replace with real emergency resource GeoJSON if available."}, "geometry": {"type": "Point", "coordinates": [-118.746744, 34.239237]}}, {"type": "Feature", "properties": {"OBJECTID": 172, "NAME": "Fallback Fire/EMS Station 172", "FACILITY_NAME": "Fallback Fire/EMS Station 172", "CATEGORY": "Fire / EMS Station", "ADDRESS": "7233 Example Ave", "CITY": "Pomona", "STATE": "CA", "COUNTY": "Los Angeles", "ZIP": "91731", "LATITUDE": 34.10485, "LONGITUDE": -117.915583, "resource_type": "fire_ems", "source_status": "simulated_fallback_due_download_missing_or_unavailable", "data_use_note": "Fallback simulated point. Replace with real emergency resource GeoJSON if available."}, "geometry": {"type": "Point", "coordinates": [-117.915583, 34.10485]}}, {"type": "Feature", "properties": {"OBJECTID": 173, "NAME": "Fallback Fire/EMS Station 173", "FACILITY_NAME": "Fallback Fire/EMS Station 173", "CATEGORY": "Fire / EMS Station", "ADDRESS": "1171 Example Ave", "CITY": "Pasadena", "STATE": "CA", "COUNTY": "Los Angeles", "ZIP": "90941", "LATITUDE": 34.541764, "LONGITUDE": -118.171912, "resource_type": "fire_ems", "source_status": "simulated_fallback_due_download_missing_or_unavailable", "data_use_note": "Fallback simulated point. Replace with real emergency resource GeoJSON if available."}, "geometry": {"type": "Point", "coordinates": [-118.171912, 34.541764]}}, {"type": "Feature", "properties": {"OBJECTID": 174, "NAME": "Fallback Fire/EMS Station 174", "FACILITY_NAME": "Fallback Fire/EMS Station 174", "CATEGORY": "Fire / EMS Station", "ADDRESS": "8492 Example Ave", "CITY": "Long Beach", "STATE": "CA", "COUNTY": "Los Angeles", "ZIP": "93050", "LATITUDE": 34.130823, "LONGITUDE": -118.704432, "resource_type": "fire_ems", "source_status": "simulated_fallback_due_download_missing_or_unavailable", "data_use_note": "Fallback simulated point. Replace with real emergency resource GeoJSON if available."}, "geometry": {"type": "Point", "coordinates": [-118.704432, 34.130823]}}, {"type": "Feature", "properties": {"OBJECTID": 1, "NAME": "Fallback Hospital or Medical Center 001", "FACILITY_NAME": "Fallback Hospital or Medical Center 001", "CATEGORY": "Hospital / Medical Center", "ADDRESS": "1633 Example Ave", "CITY": "Burbank", "STATE": "CA", "COUNTY": "Los Angeles", "ZIP": "90504", "LATITUDE": 34.389791, "LONGITUDE": -118.659171, "resource_type": "hospital", "source_status": "simulated_fallback_due_download_missing_or_unavailable", "data_use_note": "Fallback simulated point. Replace with real emergency resource GeoJSON if available."}, "geometry": {"type": "Point", "coordinates": [-118.659171, 34.389791]}}, {"type": "Feature", "properties": {"OBJECTID": 2, "NAME": "Fallback Hospital or Medical Center 002", "FACILITY_NAME": "Fallback Hospital or Medical Center 002", "CATEGORY": "Hospital / Medical Center", "ADDRESS": "4309 Example Ave", "CITY": "Burbank", "STATE": "CA", "COUNTY": "Los Angeles", "ZIP": "91231", "LATITUDE": 33.951453, "LONGITUDE": -118.546981, "resource_type": "hospital", "source_status": "simulated_fallback_due_download_missing_or_unavailable", "data_use_note": "Fallback simulated point. Replace with real emergency resource GeoJSON if available."}, "geometry": {"type": "Point", "coordinates": [-118.546981, 33.951453]}}, {"type": "Feature", "properties": {"OBJECTID": 3, "NAME": "Fallback Hospital or Medical Center 003", "FACILITY_NAME": "Fallback Hospital or Medical Center 003", "CATEGORY": "Hospital / Medical Center", "ADDRESS": "9906 Example Ave", "CITY": "Burbank", "STATE": "CA", "COUNTY": "Los Angeles", "ZIP": "93025", "LATITUDE": 34.425078, "LONGITUDE": -117.865872, "resource_type": "hospital", "source_status": "simulated_fallback_due_download_missing_or_unavailable", "data_use_note": "Fallback simulated point. Replace with real emergency resource GeoJSON if available."}, "geometry": {"type": "Point", "coordinates": [-117.865872, 34.425078]}}, {"type": "Feature", "properties": {"OBJECTID": 4, "NAME": "Fallback Hospital or Medical Center 004", "FACILITY_NAME": "Fallback Hospital or Medical Center 004", "CATEGORY": "Hospital / Medical Center", "ADDRESS": "4699 Example Ave", "CITY": "Pasadena", "STATE": "CA", "COUNTY": "Los Angeles", "ZIP": "92775", "LATITUDE": 34.266546, "LONGITUDE": -118.692886, "resource_type": "hospital", "source_status": "simulated_fallback_due_download_missing_or_unavailable", "data_use_note": "Fallback simulated point. Replace with real emergency resource GeoJSON if available."}, "geometry": {"type": "Point", "coordinates": [-118.692886, 34.266546]}}, {"type": "Feature", "properties": {"OBJECTID": 5, "NAME": "Fallback Hospital or Medical Center 005", "FACILITY_NAME": "Fallback Hospital or Medical Center 005", "CATEGORY": "Hospital / Medical Center", "ADDRESS": "3201 Example Ave", "CITY": "Glendale", "STATE": "CA", "COUNTY": "Los Angeles", "ZIP": "92895", "LATITUDE": 33.795183, "LONGITUDE": -118.190198, "resource_type": "hospital", "source_status": "simulated_fallback_due_download_missing_or_unavailable", "data_use_note": "Fallback simulated point. Replace with real emergency resource GeoJSON if available."}, "geometry": {"type": "Point", "coordinates": [-118.190198, 33.795183]}}, {"type": "Feature", "properties": {"OBJECTID": 6, "NAME": "Fallback Hospital or Medical Center 006", "FACILITY_NAME": "Fallback Hospital or Medical Center 006", "CATEGORY": "Hospital / Medical Center", "ADDRESS": "7405 Example Ave", "CITY": "Pasadena", "STATE": "CA", "COUNTY": "Los Angeles", "ZIP": "93409", "LATITUDE": 33.708587, "LONGITUDE": -117.810014, "resource_type": "hospital", "source_status": "simulated_fallback_due_download_missing_or_unavailable", "data_use_note": "Fallback simulated point. Replace with real emergency resource GeoJSON if available."}, "geometry": {"type": "Point", "coordinates": [-117.810014, 33.708587]}}, {"type": "Feature", "properties": {"OBJECTID": 7, "NAME": "Fallback Hospital or Medical Center 007", "FACILITY_NAME": "Fallback Hospital or Medical Center 007", "CATEGORY": "Hospital / Medical Center", "ADDRESS": "3483 Example Ave", "CITY": "Burbank", "STATE": "CA", "COUNTY": "Los Angeles", "ZIP": "90760", "LATITUDE": 34.435282, "LONGITUDE": -117.808979, "resource_type": "hospital", "source_status": "simulated_fallback_due_download_missing_or_unavailable", "data_use_note": "Fallback simulated point. Replace with real emergency resource GeoJSON if available."}, "geometry": {"type": "Point", "coordinates": [-117.808979, 34.435282]}}, {"type": "Feature", "properties": {"OBJECTID": 8, "NAME": "Fallback Hospital or Medical Center 008", "FACILITY_NAME": "Fallback Hospital or Medical Center 008", "CATEGORY": "Hospital / Medical Center", "ADDRESS": "4088 Example Ave", "CITY": "Whittier", "STATE": "CA", "COUNTY": "Los Angeles", "ZIP": "93168", "LATITUDE": 33.702509, "LONGITUDE": -118.121838, "resource_type": "hospital", "source_status": "simulated_fallback_due_download_missing_or_unavailable", "data_use_note": "Fallback simulated point. Replace with real emergency resource GeoJSON if available."}, "geometry": {"type": "Point", "coordinates": [-118.121838, 33.702509]}}, {"type": "Feature", "properties": {"OBJECTID": 9, "NAME": "Fallback Hospital or Medical Center 009", "FACILITY_NAME": "Fallback Hospital or Medical Center 009", "CATEGORY": "Hospital / Medical Center", "ADDRESS": "9129 Example Ave", "CITY": "Glendale", "STATE": "CA", "COUNTY": "Los Angeles", "ZIP": "92342", "LATITUDE": 33.797996, "LONGITUDE": -117.959708, "resource_type": "hospital", "source_status": "simulated_fallback_due_download_missing_or_unavailable", "data_use_note": "Fallback simulated point. Replace with real emergency resource GeoJSON if available."}, "geometry": {"type": "Point", "coordinates": [-117.959708, 33.797996]}}, {"type": "Feature", "properties": {"OBJECTID": 10, "NAME": "Fallback Hospital or Medical Center 010", "FACILITY_NAME": "Fallback Hospital or Medical Center 010", "CATEGORY": "Hospital / Medical Center", "ADDRESS": "961 Example Ave", "CITY": "Lancaster", "STATE": "CA", "COUNTY": "Los Angeles", "ZIP": "92654", "LATITUDE": 33.866747, "LONGITUDE": -117.81505, "resource_type": "hospital", "source_status": "simulated_fallback_due_download_missing_or_unavailable", "data_use_note": "Fallback simulated point. Replace with real emergency resource GeoJSON if available."}, "geometry": {"type": "Point", "coordinates": [-117.81505, 33.866747]}}, {"type": "Feature", "properties": {"OBJECTID": 11, "NAME": "Fallback Hospital or Medical Center 011", "FACILITY_NAME": "Fallback Hospital or Medical Center 011", "CATEGORY": "Hospital / Medical Center", "ADDRESS": "2698 Example Ave", "CITY": "Pasadena", "STATE": "CA", "COUNTY": "Los Angeles", "ZIP": "92346", "LATITUDE": 34.228492, "LONGITUDE": -118.472748, "resource_type": "hospital", "source_status": "simulated_fallback_due_download_missing_or_unavailable", "data_use_note": "Fallback simulated point. Replace with real emergency resource GeoJSON if available."}, "geometry": {"type": "Point", "coordinates": [-118.472748, 34.228492]}}, {"type": "Feature", "properties": {"OBJECTID": 12, "NAME": "Fallback Hospital or Medical Center 012", "FACILITY_NAME": "Fallback Hospital or Medical Center 012", "CATEGORY": "Hospital / Medical Center", "ADDRESS": "7831 Example Ave", "CITY": "Santa Monica", "STATE": "CA", "COUNTY": "Los Angeles", "ZIP": "90417", "LATITUDE": 34.169837, "LONGITUDE": -117.865532, "resource_type": "hospital", "source_status": "simulated_fallback_due_download_missing_or_unavailable", "data_use_note": "Fallback simulated point. Replace with real emergency resource GeoJSON if available."}, "geometry": {"type": "Point", "coordinates": [-117.865532, 34.169837]}}, {"type": "Feature", "properties": {"OBJECTID": 13, "NAME": "Fallback Hospital or Medical Center 013", "FACILITY_NAME": "Fallback Hospital or Medical Center 013", "CATEGORY": "Hospital / Medical Center", "ADDRESS": "5251 Example Ave", "CITY": "Whittier", "STATE": "CA", "COUNTY": "Los Angeles", "ZIP": "91777", "LATITUDE": 33.751079, "LONGITUDE": -118.233753, "resource_type": "hospital", "source_status": "simulated_fallback_due_download_missing_or_unavailable", "data_use_note": "Fallback simulated point. Replace with real emergency resource GeoJSON if available."}, "geometry": {"type": "Point", "coordinates": [-118.233753, 33.751079]}}, {"type": "Feature", "properties": {"OBJECTID": 14, "NAME": "Fallback Hospital or Medical Center 014", "FACILITY_NAME": "Fallback Hospital or Medical Center 014", "CATEGORY": "Hospital / Medical Center", "ADDRESS": "511 Example Ave", "CITY": "Long Beach", "STATE": "CA", "COUNTY": "Los Angeles", "ZIP": "90841", "LATITUDE": 34.489422, "LONGITUDE": -118.122172, "resource_type": "hospital", "source_status": "simulated_fallback_due_download_missing_or_unavailable", "data_use_note": "Fallback simulated point. Replace with real emergency resource GeoJSON if available."}, "geometry": {"type": "Point", "coordinates": [-118.122172, 34.489422]}}, {"type": "Feature", "properties": {"OBJECTID": 15, "NAME": "Fallback Hospital or Medical Center 015", "FACILITY_NAME": "Fallback Hospital or Medical Center 015", "CATEGORY": "Hospital / Medical Center", "ADDRESS": "1485 Example Ave", "CITY": "Whittier", "STATE": "CA", "COUNTY": "Los Angeles", "ZIP": "91220", "LATITUDE": 34.24954, "LONGITUDE": -118.074935, "resource_type": "hospital", "source_status": "simulated_fallback_due_download_missing_or_unavailable", "data_use_note": "Fallback simulated point. Replace with real emergency resource GeoJSON if available."}, "geometry": {"type": "Point", "coordinates": [-118.074935, 34.24954]}}, {"type": "Feature", "properties": {"OBJECTID": 16, "NAME": "Fallback Hospital or Medical Center 016", "FACILITY_NAME": "Fallback Hospital or Medical Center 016", "CATEGORY": "Hospital / Medical Center", "ADDRESS": "3591 Example Ave", "CITY": "Torrance", "STATE": "CA", "COUNTY": "Los Angeles", "ZIP": "91461", "LATITUDE": 34.196979, "LONGITUDE": -118.719806, "resource_type": "hospital", "source_status": "simulated_fallback_due_download_missing_or_unavailable", "data_use_note": "Fallback simulated point. Replace with real emergency resource GeoJSON if available."}, "geometry": {"type": "Point", "coordinates": [-118.719806, 34.196979]}}, {"type": "Feature", "properties": {"OBJECTID": 17, "NAME": "Fallback Hospital or Medical Center 017", "FACILITY_NAME": "Fallback Hospital or Medical Center 017", "CATEGORY": "Hospital / Medical Center", "ADDRESS": "3157 Example Ave", "CITY": "Torrance", "STATE": "CA", "COUNTY": "Los Angeles", "ZIP": "92595", "LATITUDE": 33.867516, "LONGITUDE": -118.007378, "resource_type": "hospital", "source_status": "simulated_fallback_due_download_missing_or_unavailable", "data_use_note": "Fallback simulated point. Replace with real emergency resource GeoJSON if available."}, "geometry": {"type": "Point", "coordinates": [-118.007378, 33.867516]}}, {"type": "Feature", "properties": {"OBJECTID": 18, "NAME": "Fallback Hospital or Medical Center 018", "FACILITY_NAME": "Fallback Hospital or Medical Center 018", "CATEGORY": "Hospital / Medical Center", "ADDRESS": "2542 Example Ave", "CITY": "Pasadena", "STATE": "CA", "COUNTY": "Los Angeles", "ZIP": "90857", "LATITUDE": 34.34565, "LONGITUDE": -118.580988, "resource_type": "hospital", "source_status": "simulated_fallback_due_download_missing_or_unavailable", "data_use_note": "Fallback simulated point. Replace with real emergency resource GeoJSON if available."}, "geometry": {"type": "Point", "coordinates": [-118.580988, 34.34565]}}, {"type": "Feature", "properties": {"OBJECTID": 19, "NAME": "Fallback Hospital or Medical Center 019", "FACILITY_NAME": "Fallback Hospital or Medical Center 019", "CATEGORY": "Hospital / Medical Center", "ADDRESS": "6705 Example Ave", "CITY": "Pasadena", "STATE": "CA", "COUNTY": "Los Angeles", "ZIP": "93433", "LATITUDE": 34.47018, "LONGITUDE": -118.337225, "resource_type": "hospital", "source_status": "simulated_fallback_due_download_missing_or_unavailable", "data_use_note": "Fallback simulated point. Replace with real emergency resource GeoJSON if available."}, "geometry": {"type": "Point", "coordinates": [-118.337225, 34.47018]}}, {"type": "Feature", "properties": {"OBJECTID": 20, "NAME": "Fallback Hospital or Medical Center 020", "FACILITY_NAME": "Fallback Hospital or Medical Center 020", "CATEGORY": "Hospital / Medical Center", "ADDRESS": "4988 Example Ave", "CITY": "Burbank", "STATE": "CA", "COUNTY": "Los Angeles", "ZIP": "90336", "LATITUDE": 34.032844, "LONGITUDE": -118.459584, "resource_type": "hospital", "source_status": "simulated_fallback_due_download_missing_or_unavailable", "data_use_note": "Fallback simulated point. Replace with real emergency resource GeoJSON if available."}, "geometry": {"type": "Point", "coordinates": [-118.459584, 34.032844]}}, {"type": "Feature", "properties": {"OBJECTID": 21, "NAME": "Fallback Hospital or Medical Center 021", "FACILITY_NAME": "Fallback Hospital or Medical Center 021", "CATEGORY": "Hospital / Medical Center", "ADDRESS": "8781 Example Ave", "CITY": "Burbank", "STATE": "CA", "COUNTY": "Los Angeles", "ZIP": "93588", "LATITUDE": 33.99356, "LONGITUDE": -118.005706, "resource_type": "hospital", "source_status": "simulated_fallback_due_download_missing_or_unavailable", "data_use_note": "Fallback simulated point. Replace with real emergency resource GeoJSON if available."}, "geometry": {"type": "Point", "coordinates": [-118.005706, 33.99356]}}, {"type": "Feature", "properties": {"OBJECTID": 22, "NAME": "Fallback Hospital or Medical Center 022", "FACILITY_NAME": "Fallback Hospital or Medical Center 022", "CATEGORY": "Hospital / Medical Center", "ADDRESS": "8069 Example Ave", "CITY": "Pomona", "STATE": "CA", "COUNTY": "Los Angeles", "ZIP": "91021", "LATITUDE": 33.70575, "LONGITUDE": -118.7204, "resource_type": "hospital", "source_status": "simulated_fallback_due_download_missing_or_unavailable", "data_use_note": "Fallback simulated point. Replace with real emergency resource GeoJSON if available."}, "geometry": {"type": "Point", "coordinates": [-118.7204, 33.70575]}}, {"type": "Feature", "properties": {"OBJECTID": 23, "NAME": "Fallback Hospital or Medical Center 023", "FACILITY_NAME": "Fallback Hospital or Medical Center 023", "CATEGORY": "Hospital / Medical Center", "ADDRESS": "9332 Example Ave", "CITY": "Pasadena", "STATE": "CA", "COUNTY": "Los Angeles", "ZIP": "92499", "LATITUDE": 33.931059, "LONGITUDE": -118.505914, "resource_type": "hospital", "source_status": "simulated_fallback_due_download_missing_or_unavailable", "data_use_note": "Fallback simulated point. Replace with real emergency resource GeoJSON if available."}, "geometry": {"type": "Point", "coordinates": [-118.505914, 33.931059]}}, {"type": "Feature", "properties": {"OBJECTID": 24, "NAME": "Fallback Hospital or Medical Center 024", "FACILITY_NAME": "Fallback Hospital or Medical Center 024", "CATEGORY": "Hospital / Medical Center", "ADDRESS": "3162 Example Ave", "CITY": "Lancaster", "STATE": "CA", "COUNTY": "Los Angeles", "ZIP": "90774", "LATITUDE": 34.535301, "LONGITUDE": -118.564347, "resource_type": "hospital", "source_status": "simulated_fallback_due_download_missing_or_unavailable", "data_use_note": "Fallback simulated point. Replace with real emergency resource GeoJSON if available."}, "geometry": {"type": "Point", "coordinates": [-118.564347, 34.535301]}}, {"type": "Feature", "properties": {"OBJECTID": 25, "NAME": "Fallback Hospital or Medical Center 025", "FACILITY_NAME": "Fallback Hospital or Medical Center 025", "CATEGORY": "Hospital / Medical Center", "ADDRESS": "6708 Example Ave", "CITY": "Lancaster", "STATE": "CA", "COUNTY": "Los Angeles", "ZIP": "91182", "LATITUDE": 34.385454, "LONGITUDE": -117.935209, "resource_type": "hospital", "source_status": "simulated_fallback_due_download_missing_or_unavailable", "data_use_note": "Fallback simulated point. Replace with real emergency resource GeoJSON if available."}, "geometry": {"type": "Point", "coordinates": [-117.935209, 34.385454]}}, {"type": "Feature", "properties": {"OBJECTID": 26, "NAME": "Fallback Hospital or Medical Center 026", "FACILITY_NAME": "Fallback Hospital or Medical Center 026", "CATEGORY": "Hospital / Medical Center", "ADDRESS": "3432 Example Ave", "CITY": "Pomona", "STATE": "CA", "COUNTY": "Los Angeles", "ZIP": "91665", "LATITUDE": 33.964499, "LONGITUDE": -118.145451, "resource_type": "hospital", "source_status": "simulated_fallback_due_download_missing_or_unavailable", "data_use_note": "Fallback simulated point. Replace with real emergency resource GeoJSON if available."}, "geometry": {"type": "Point", "coordinates": [-118.145451, 33.964499]}}, {"type": "Feature", "properties": {"OBJECTID": 27, "NAME": "Fallback Hospital or Medical Center 027", "FACILITY_NAME": "Fallback Hospital or Medical Center 027", "CATEGORY": "Hospital / Medical Center", "ADDRESS": "205 Example Ave", "CITY": "Lancaster", "STATE": "CA", "COUNTY": "Los Angeles", "ZIP": "90710", "LATITUDE": 33.995882, "LONGITUDE": -117.762492, "resource_type": "hospital", "source_status": "simulated_fallback_due_download_missing_or_unavailable", "data_use_note": "Fallback simulated point. Replace with real emergency resource GeoJSON if available."}, "geometry": {"type": "Point", "coordinates": [-117.762492, 33.995882]}}, {"type": "Feature", "properties": {"OBJECTID": 28, "NAME": "Fallback Hospital or Medical Center 028", "FACILITY_NAME": "Fallback Hospital or Medical Center 028", "CATEGORY": "Hospital / Medical Center", "ADDRESS": "8239 Example Ave", "CITY": "Torrance", "STATE": "CA", "COUNTY": "Los Angeles", "ZIP": "92475", "LATITUDE": 34.009142, "LONGITUDE": -118.23203, "resource_type": "hospital", "source_status": "simulated_fallback_due_download_missing_or_unavailable", "data_use_note": "Fallback simulated point. Replace with real emergency resource GeoJSON if available."}, "geometry": {"type": "Point", "coordinates": [-118.23203, 34.009142]}}, {"type": "Feature", "properties": {"OBJECTID": 29, "NAME": "Fallback Hospital or Medical Center 029", "FACILITY_NAME": "Fallback Hospital or Medical Center 029", "CATEGORY": "Hospital / Medical Center", "ADDRESS": "1686 Example Ave", "CITY": "Pasadena", "STATE": "CA", "COUNTY": "Los Angeles", "ZIP": "90681", "LATITUDE": 34.043197, "LONGITUDE": -117.880961, "resource_type": "hospital", "source_status": "simulated_fallback_due_download_missing_or_unavailable", "data_use_note": "Fallback simulated point. Replace with real emergency resource GeoJSON if available."}, "geometry": {"type": "Point", "coordinates": [-117.880961, 34.043197]}}, {"type": "Feature", "properties": {"OBJECTID": 30, "NAME": "Fallback Hospital or Medical Center 030", "FACILITY_NAME": "Fallback Hospital or Medical Center 030", "CATEGORY": "Hospital / Medical Center", "ADDRESS": "6368 Example Ave", "CITY": "Whittier", "STATE": "CA", "COUNTY": "Los Angeles", "ZIP": "90772", "LATITUDE": 33.880095, "LONGITUDE": -118.651917, "resource_type": "hospital", "source_status": "simulated_fallback_due_download_missing_or_unavailable", "data_use_note": "Fallback simulated point. Replace with real emergency resource GeoJSON if available."}, "geometry": {"type": "Point", "coordinates": [-118.651917, 33.880095]}}, {"type": "Feature", "properties": {"OBJECTID": 31, "NAME": "Fallback Hospital or Medical Center 031", "FACILITY_NAME": "Fallback Hospital or Medical Center 031", "CATEGORY": "Hospital / Medical Center", "ADDRESS": "5278 Example Ave", "CITY": "Whittier", "STATE": "CA", "COUNTY": "Los Angeles", "ZIP": "93559", "LATITUDE": 33.855816, "LONGITUDE": -118.664552, "resource_type": "hospital", "source_status": "simulated_fallback_due_download_missing_or_unavailable", "data_use_note": "Fallback simulated point. Replace with real emergency resource GeoJSON if available."}, "geometry": {"type": "Point", "coordinates": [-118.664552, 33.855816]}}, {"type": "Feature", "properties": {"OBJECTID": 32, "NAME": "Fallback Hospital or Medical Center 032", "FACILITY_NAME": "Fallback Hospital or Medical Center 032", "CATEGORY": "Hospital / Medical Center", "ADDRESS": "4051 Example Ave", "CITY": "Pomona", "STATE": "CA", "COUNTY": "Los Angeles", "ZIP": "92818", "LATITUDE": 33.7135, "LONGITUDE": -117.853214, "resource_type": "hospital", "source_status": "simulated_fallback_due_download_missing_or_unavailable", "data_use_note": "Fallback simulated point. Replace with real emergency resource GeoJSON if available."}, "geometry": {"type": "Point", "coordinates": [-117.853214, 33.7135]}}, {"type": "Feature", "properties": {"OBJECTID": 33, "NAME": "Fallback Hospital or Medical Center 033", "FACILITY_NAME": "Fallback Hospital or Medical Center 033", "CATEGORY": "Hospital / Medical Center", "ADDRESS": "8183 Example Ave", "CITY": "Lancaster", "STATE": "CA", "COUNTY": "Los Angeles", "ZIP": "92976", "LATITUDE": 34.081015, "LONGITUDE": -118.620358, "resource_type": "hospital", "source_status": "simulated_fallback_due_download_missing_or_unavailable", "data_use_note": "Fallback simulated point. Replace with real emergency resource GeoJSON if available."}, "geometry": {"type": "Point", "coordinates": [-118.620358, 34.081015]}}, {"type": "Feature", "properties": {"OBJECTID": 34, "NAME": "Fallback Hospital or Medical Center 034", "FACILITY_NAME": "Fallback Hospital or Medical Center 034", "CATEGORY": "Hospital / Medical Center", "ADDRESS": "8728 Example Ave", "CITY": "Pasadena", "STATE": "CA", "COUNTY": "Los Angeles", "ZIP": "90102", "LATITUDE": 34.261025, "LONGITUDE": -118.227158, "resource_type": "hospital", "source_status": "simulated_fallback_due_download_missing_or_unavailable", "data_use_note": "Fallback simulated point. Replace with real emergency resource GeoJSON if available."}, "geometry": {"type": "Point", "coordinates": [-118.227158, 34.261025]}}, {"type": "Feature", "properties": {"OBJECTID": 35, "NAME": "Fallback Hospital or Medical Center 035", "FACILITY_NAME": "Fallback Hospital or Medical Center 035", "CATEGORY": "Hospital / Medical Center", "ADDRESS": "7168 Example Ave", "CITY": "Glendale", "STATE": "CA", "COUNTY": "Los Angeles", "ZIP": "92158", "LATITUDE": 34.279781, "LONGITUDE": -118.154423, "resource_type": "hospital", "source_status": "simulated_fallback_due_download_missing_or_unavailable", "data_use_note": "Fallback simulated point. Replace with real emergency resource GeoJSON if available."}, "geometry": {"type": "Point", "coordinates": [-118.154423, 34.279781]}}, {"type": "Feature", "properties": {"OBJECTID": 36, "NAME": "Fallback Hospital or Medical Center 036", "FACILITY_NAME": "Fallback Hospital or Medical Center 036", "CATEGORY": "Hospital / Medical Center", "ADDRESS": "7097 Example Ave", "CITY": "Santa Monica", "STATE": "CA", "COUNTY": "Los Angeles", "ZIP": "90729", "LATITUDE": 33.853409, "LONGITUDE": -117.755539, "resource_type": "hospital", "source_status": "simulated_fallback_due_download_missing_or_unavailable", "data_use_note": "Fallback simulated point. Replace with real emergency resource GeoJSON if available."}, "geometry": {"type": "Point", "coordinates": [-117.755539, 33.853409]}}, {"type": "Feature", "properties": {"OBJECTID": 37, "NAME": "Fallback Hospital or Medical Center 037", "FACILITY_NAME": "Fallback Hospital or Medical Center 037", "CATEGORY": "Hospital / Medical Center", "ADDRESS": "7926 Example Ave", "CITY": "Glendale", "STATE": "CA", "COUNTY": "Los Angeles", "ZIP": "90497", "LATITUDE": 34.37677, "LONGITUDE": -118.427076, "resource_type": "hospital", "source_status": "simulated_fallback_due_download_missing_or_unavailable", "data_use_note": "Fallback simulated point. Replace with real emergency resource GeoJSON if available."}, "geometry": {"type": "Point", "coordinates": [-118.427076, 34.37677]}}, {"type": "Feature", "properties": {"OBJECTID": 38, "NAME": "Fallback Hospital or Medical Center 038", "FACILITY_NAME": "Fallback Hospital or Medical Center 038", "CATEGORY": "Hospital / Medical Center", "ADDRESS": "4269 Example Ave", "CITY": "Burbank", "STATE": "CA", "COUNTY": "Los Angeles", "ZIP": "92469", "LATITUDE": 34.532493, "LONGITUDE": -118.551012, "resource_type": "hospital", "source_status": "simulated_fallback_due_download_missing_or_unavailable", "data_use_note": "Fallback simulated point. Replace with real emergency resource GeoJSON if available."}, "geometry": {"type": "Point", "coordinates": [-118.551012, 34.532493]}}, {"type": "Feature", "properties": {"OBJECTID": 39, "NAME": "Fallback Hospital or Medical Center 039", "FACILITY_NAME": "Fallback Hospital or Medical Center 039", "CATEGORY": "Hospital / Medical Center", "ADDRESS": "5523 Example Ave", "CITY": "Lancaster", "STATE": "CA", "COUNTY": "Los Angeles", "ZIP": "92557", "LATITUDE": 34.128722, "LONGITUDE": -118.528946, "resource_type": "hospital", "source_status": "simulated_fallback_due_download_missing_or_unavailable", "data_use_note": "Fallback simulated point. Replace with real emergency resource GeoJSON if available."}, "geometry": {"type": "Point", "coordinates": [-118.528946, 34.128722]}}, {"type": "Feature", "properties": {"OBJECTID": 40, "NAME": "Fallback Hospital or Medical Center 040", "FACILITY_NAME": "Fallback Hospital or Medical Center 040", "CATEGORY": "Hospital / Medical Center", "ADDRESS": "4403 Example Ave", "CITY": "Santa Monica", "STATE": "CA", "COUNTY": "Los Angeles", "ZIP": "91349", "LATITUDE": 34.389503, "LONGITUDE": -118.090632, "resource_type": "hospital", "source_status": "simulated_fallback_due_download_missing_or_unavailable", "data_use_note": "Fallback simulated point. Replace with real emergency resource GeoJSON if available."}, "geometry": {"type": "Point", "coordinates": [-118.090632, 34.389503]}}, {"type": "Feature", "properties": {"OBJECTID": 41, "NAME": "Fallback Hospital or Medical Center 041", "FACILITY_NAME": "Fallback Hospital or Medical Center 041", "CATEGORY": "Hospital / Medical Center", "ADDRESS": "4102 Example Ave", "CITY": "Pomona", "STATE": "CA", "COUNTY": "Los Angeles", "ZIP": "90506", "LATITUDE": 34.358742, "LONGITUDE": -118.104095, "resource_type": "hospital", "source_status": "simulated_fallback_due_download_missing_or_unavailable", "data_use_note": "Fallback simulated point. Replace with real emergency resource GeoJSON if available."}, "geometry": {"type": "Point", "coordinates": [-118.104095, 34.358742]}}, {"type": "Feature", "properties": {"OBJECTID": 42, "NAME": "Fallback Hospital or Medical Center 042", "FACILITY_NAME": "Fallback Hospital or Medical Center 042", "CATEGORY": "Hospital / Medical Center", "ADDRESS": "1242 Example Ave", "CITY": "Long Beach", "STATE": "CA", "COUNTY": "Los Angeles", "ZIP": "91926", "LATITUDE": 34.049322, "LONGITUDE": -118.059486, "resource_type": "hospital", "source_status": "simulated_fallback_due_download_missing_or_unavailable", "data_use_note": "Fallback simulated point. Replace with real emergency resource GeoJSON if available."}, "geometry": {"type": "Point", "coordinates": [-118.059486, 34.049322]}}, {"type": "Feature", "properties": {"OBJECTID": 43, "NAME": "Fallback Hospital or Medical Center 043", "FACILITY_NAME": "Fallback Hospital or Medical Center 043", "CATEGORY": "Hospital / Medical Center", "ADDRESS": "8529 Example Ave", "CITY": "Pasadena", "STATE": "CA", "COUNTY": "Los Angeles", "ZIP": "91633", "LATITUDE": 34.5221, "LONGITUDE": -118.030364, "resource_type": "hospital", "source_status": "simulated_fallback_due_download_missing_or_unavailable", "data_use_note": "Fallback simulated point. Replace with real emergency resource GeoJSON if available."}, "geometry": {"type": "Point", "coordinates": [-118.030364, 34.5221]}}, {"type": "Feature", "properties": {"OBJECTID": 44, "NAME": "Fallback Hospital or Medical Center 044", "FACILITY_NAME": "Fallback Hospital or Medical Center 044", "CATEGORY": "Hospital / Medical Center", "ADDRESS": "6577 Example Ave", "CITY": "Whittier", "STATE": "CA", "COUNTY": "Los Angeles", "ZIP": "91677", "LATITUDE": 34.520719, "LONGITUDE": -118.127408, "resource_type": "hospital", "source_status": "simulated_fallback_due_download_missing_or_unavailable", "data_use_note": "Fallback simulated point. Replace with real emergency resource GeoJSON if available."}, "geometry": {"type": "Point", "coordinates": [-118.127408, 34.520719]}}, {"type": "Feature", "properties": {"OBJECTID": 45, "NAME": "Fallback Hospital or Medical Center 045", "FACILITY_NAME": "Fallback Hospital or Medical Center 045", "CATEGORY": "Hospital / Medical Center", "ADDRESS": "7573 Example Ave", "CITY": "Pasadena", "STATE": "CA", "COUNTY": "Los Angeles", "ZIP": "92880", "LATITUDE": 34.475071, "LONGITUDE": -118.132889, "resource_type": "hospital", "source_status": "simulated_fallback_due_download_missing_or_unavailable", "data_use_note": "Fallback simulated point. Replace with real emergency resource GeoJSON if available."}, "geometry": {"type": "Point", "coordinates": [-118.132889, 34.475071]}}, {"type": "Feature", "properties": {"OBJECTID": 46, "NAME": "Fallback Hospital or Medical Center 046", "FACILITY_NAME": "Fallback Hospital or Medical Center 046", "CATEGORY": "Hospital / Medical Center", "ADDRESS": "5535 Example Ave", "CITY": "Pomona", "STATE": "CA", "COUNTY": "Los Angeles", "ZIP": "92657", "LATITUDE": 34.131021, "LONGITUDE": -118.511165, "resource_type": "hospital", "source_status": "simulated_fallback_due_download_missing_or_unavailable", "data_use_note": "Fallback simulated point. Replace with real emergency resource GeoJSON if available."}, "geometry": {"type": "Point", "coordinates": [-118.511165, 34.131021]}}, {"type": "Feature", "properties": {"OBJECTID": 47, "NAME": "Fallback Hospital or Medical Center 047", "FACILITY_NAME": "Fallback Hospital or Medical Center 047", "CATEGORY": "Hospital / Medical Center", "ADDRESS": "744 Example Ave", "CITY": "Pasadena", "STATE": "CA", "COUNTY": "Los Angeles", "ZIP": "90815", "LATITUDE": 33.746836, "LONGITUDE": -118.66902, "resource_type": "hospital", "source_status": "simulated_fallback_due_download_missing_or_unavailable", "data_use_note": "Fallback simulated point. Replace with real emergency resource GeoJSON if available."}, "geometry": {"type": "Point", "coordinates": [-118.66902, 33.746836]}}, {"type": "Feature", "properties": {"OBJECTID": 48, "NAME": "Fallback Hospital or Medical Center 048", "FACILITY_NAME": "Fallback Hospital or Medical Center 048", "CATEGORY": "Hospital / Medical Center", "ADDRESS": "3215 Example Ave", "CITY": "Burbank", "STATE": "CA", "COUNTY": "Los Angeles", "ZIP": "90241", "LATITUDE": 33.879906, "LONGITUDE": -118.596668, "resource_type": "hospital", "source_status": "simulated_fallback_due_download_missing_or_unavailable", "data_use_note": "Fallback simulated point. Replace with real emergency resource GeoJSON if available."}, "geometry": {"type": "Point", "coordinates": [-118.596668, 33.879906]}}, {"type": "Feature", "properties": {"OBJECTID": 49, "NAME": "Fallback Hospital or Medical Center 049", "FACILITY_NAME": "Fallback Hospital or Medical Center 049", "CATEGORY": "Hospital / Medical Center", "ADDRESS": "1889 Example Ave", "CITY": "Los Angeles", "STATE": "CA", "COUNTY": "Los Angeles", "ZIP": "92822", "LATITUDE": 34.372811, "LONGITUDE": -117.850721, "resource_type": "hospital", "source_status": "simulated_fallback_due_download_missing_or_unavailable", "data_use_note": "Fallback simulated point. Replace with real emergency resource GeoJSON if available."}, "geometry": {"type": "Point", "coordinates": [-117.850721, 34.372811]}}, {"type": "Feature", "properties": {"OBJECTID": 50, "NAME": "Fallback Hospital or Medical Center 050", "FACILITY_NAME": "Fallback Hospital or Medical Center 050", "CATEGORY": "Hospital / Medical Center", "ADDRESS": "6166 Example Ave", "CITY": "Pasadena", "STATE": "CA", "COUNTY": "Los Angeles", "ZIP": "91521", "LATITUDE": 34.425748, "LONGITUDE": -117.944662, "resource_type": "hospital", "source_status": "simulated_fallback_due_download_missing_or_unavailable", "data_use_note": "Fallback simulated point. Replace with real emergency resource GeoJSON if available."}, "geometry": {"type": "Point", "coordinates": [-117.944662, 34.425748]}}, {"type": "Feature", "properties": {"OBJECTID": 51, "NAME": "Fallback Hospital or Medical Center 051", "FACILITY_NAME": "Fallback Hospital or Medical Center 051", "CATEGORY": "Hospital / Medical Center", "ADDRESS": "2414 Example Ave", "CITY": "Torrance", "STATE": "CA", "COUNTY": "Los Angeles", "ZIP": "91194", "LATITUDE": 34.283554, "LONGITUDE": -118.227796, "resource_type": "hospital", "source_status": "simulated_fallback_due_download_missing_or_unavailable", "data_use_note": "Fallback simulated point. Replace with real emergency resource GeoJSON if available."}, "geometry": {"type": "Point", "coordinates": [-118.227796, 34.283554]}}, {"type": "Feature", "properties": {"OBJECTID": 52, "NAME": "Fallback Hospital or Medical Center 052", "FACILITY_NAME": "Fallback Hospital or Medical Center 052", "CATEGORY": "Hospital / Medical Center", "ADDRESS": "7482 Example Ave", "CITY": "Whittier", "STATE": "CA", "COUNTY": "Los Angeles", "ZIP": "90079", "LATITUDE": 33.851546, "LONGITUDE": -118.119691, "resource_type": "hospital", "source_status": "simulated_fallback_due_download_missing_or_unavailable", "data_use_note": "Fallback simulated point. Replace with real emergency resource GeoJSON if available."}, "geometry": {"type": "Point", "coordinates": [-118.119691, 33.851546]}}, {"type": "Feature", "properties": {"OBJECTID": 53, "NAME": "Fallback Hospital or Medical Center 053", "FACILITY_NAME": "Fallback Hospital or Medical Center 053", "CATEGORY": "Hospital / Medical Center", "ADDRESS": "7046 Example Ave", "CITY": "Los Angeles", "STATE": "CA", "COUNTY": "Los Angeles", "ZIP": "91838", "LATITUDE": 33.8934, "LONGITUDE": -117.87388, "resource_type": "hospital", "source_status": "simulated_fallback_due_download_missing_or_unavailable", "data_use_note": "Fallback simulated point. Replace with real emergency resource GeoJSON if available."}, "geometry": {"type": "Point", "coordinates": [-117.87388, 33.8934]}}, {"type": "Feature", "properties": {"OBJECTID": 54, "NAME": "Fallback Hospital or Medical Center 054", "FACILITY_NAME": "Fallback Hospital or Medical Center 054", "CATEGORY": "Hospital / Medical Center", "ADDRESS": "1888 Example Ave", "CITY": "Whittier", "STATE": "CA", "COUNTY": "Los Angeles", "ZIP": "91284", "LATITUDE": 34.545001, "LONGITUDE": -118.035338, "resource_type": "hospital", "source_status": "simulated_fallback_due_download_missing_or_unavailable", "data_use_note": "Fallback simulated point. Replace with real emergency resource GeoJSON if available."}, "geometry": {"type": "Point", "coordinates": [-118.035338, 34.545001]}}, {"type": "Feature", "properties": {"OBJECTID": 55, "NAME": "Fallback Hospital or Medical Center 055", "FACILITY_NAME": "Fallback Hospital or Medical Center 055", "CATEGORY": "Hospital / Medical Center", "ADDRESS": "8998 Example Ave", "CITY": "Torrance", "STATE": "CA", "COUNTY": "Los Angeles", "ZIP": "90033", "LATITUDE": 34.032871, "LONGITUDE": -118.491157, "resource_type": "hospital", "source_status": "simulated_fallback_due_download_missing_or_unavailable", "data_use_note": "Fallback simulated point. Replace with real emergency resource GeoJSON if available."}, "geometry": {"type": "Point", "coordinates": [-118.491157, 34.032871]}}, {"type": "Feature", "properties": {"OBJECTID": 56, "NAME": "Fallback Hospital or Medical Center 056", "FACILITY_NAME": "Fallback Hospital or Medical Center 056", "CATEGORY": "Hospital / Medical Center", "ADDRESS": "6603 Example Ave", "CITY": "Torrance", "STATE": "CA", "COUNTY": "Los Angeles", "ZIP": "93357", "LATITUDE": 33.99769, "LONGITUDE": -117.998521, "resource_type": "hospital", "source_status": "simulated_fallback_due_download_missing_or_unavailable", "data_use_note": "Fallback simulated point. Replace with real emergency resource GeoJSON if available."}, "geometry": {"type": "Point", "coordinates": [-117.998521, 33.99769]}}, {"type": "Feature", "properties": {"OBJECTID": 57, "NAME": "Fallback Hospital or Medical Center 057", "FACILITY_NAME": "Fallback Hospital or Medical Center 057", "CATEGORY": "Hospital / Medical Center", "ADDRESS": "7676 Example Ave", "CITY": "Glendale", "STATE": "CA", "COUNTY": "Los Angeles", "ZIP": "91207", "LATITUDE": 34.205659, "LONGITUDE": -117.765259, "resource_type": "hospital", "source_status": "simulated_fallback_due_download_missing_or_unavailable", "data_use_note": "Fallback simulated point. Replace with real emergency resource GeoJSON if available."}, "geometry": {"type": "Point", "coordinates": [-117.765259, 34.205659]}}, {"type": "Feature", "properties": {"OBJECTID": 58, "NAME": "Fallback Hospital or Medical Center 058", "FACILITY_NAME": "Fallback Hospital or Medical Center 058", "CATEGORY": "Hospital / Medical Center", "ADDRESS": "412 Example Ave", "CITY": "Los Angeles", "STATE": "CA", "COUNTY": "Los Angeles", "ZIP": "93502", "LATITUDE": 33.70383, "LONGITUDE": -118.323228, "resource_type": "hospital", "source_status": "simulated_fallback_due_download_missing_or_unavailable", "data_use_note": "Fallback simulated point. Replace with real emergency resource GeoJSON if available."}, "geometry": {"type": "Point", "coordinates": [-118.323228, 33.70383]}}, {"type": "Feature", "properties": {"OBJECTID": 59, "NAME": "Fallback Hospital or Medical Center 059", "FACILITY_NAME": "Fallback Hospital or Medical Center 059", "CATEGORY": "Hospital / Medical Center", "ADDRESS": "5295 Example Ave", "CITY": "Burbank", "STATE": "CA", "COUNTY": "Los Angeles", "ZIP": "92986", "LATITUDE": 34.422006, "LONGITUDE": -118.507175, "resource_type": "hospital", "source_status": "simulated_fallback_due_download_missing_or_unavailable", "data_use_note": "Fallback simulated point. Replace with real emergency resource GeoJSON if available."}, "geometry": {"type": "Point", "coordinates": [-118.507175, 34.422006]}}, {"type": "Feature", "properties": {"OBJECTID": 60, "NAME": "Fallback Hospital or Medical Center 060", "FACILITY_NAME": "Fallback Hospital or Medical Center 060", "CATEGORY": "Hospital / Medical Center", "ADDRESS": "4753 Example Ave", "CITY": "Lancaster", "STATE": "CA", "COUNTY": "Los Angeles", "ZIP": "90346", "LATITUDE": 34.445114, "LONGITUDE": -118.729513, "resource_type": "hospital", "source_status": "simulated_fallback_due_download_missing_or_unavailable", "data_use_note": "Fallback simulated point. Replace with real emergency resource GeoJSON if available."}, "geometry": {"type": "Point", "coordinates": [-118.729513, 34.445114]}}, {"type": "Feature", "properties": {"OBJECTID": 61, "NAME": "Fallback Hospital or Medical Center 061", "FACILITY_NAME": "Fallback Hospital or Medical Center 061", "CATEGORY": "Hospital / Medical Center", "ADDRESS": "8624 Example Ave", "CITY": "Los Angeles", "STATE": "CA", "COUNTY": "Los Angeles", "ZIP": "91385", "LATITUDE": 34.058457, "LONGITUDE": -117.86833, "resource_type": "hospital", "source_status": "simulated_fallback_due_download_missing_or_unavailable", "data_use_note": "Fallback simulated point. Replace with real emergency resource GeoJSON if available."}, "geometry": {"type": "Point", "coordinates": [-117.86833, 34.058457]}}, {"type": "Feature", "properties": {"OBJECTID": 62, "NAME": "Fallback Hospital or Medical Center 062", "FACILITY_NAME": "Fallback Hospital or Medical Center 062", "CATEGORY": "Hospital / Medical Center", "ADDRESS": "278 Example Ave", "CITY": "Pasadena", "STATE": "CA", "COUNTY": "Los Angeles", "ZIP": "90648", "LATITUDE": 33.870415, "LONGITUDE": -117.78113, "resource_type": "hospital", "source_status": "simulated_fallback_due_download_missing_or_unavailable", "data_use_note": "Fallback simulated point. Replace with real emergency resource GeoJSON if available."}, "geometry": {"type": "Point", "coordinates": [-117.78113, 33.870415]}}, {"type": "Feature", "properties": {"OBJECTID": 63, "NAME": "Fallback Hospital or Medical Center 063", "FACILITY_NAME": "Fallback Hospital or Medical Center 063", "CATEGORY": "Hospital / Medical Center", "ADDRESS": "133 Example Ave", "CITY": "Lancaster", "STATE": "CA", "COUNTY": "Los Angeles", "ZIP": "90697", "LATITUDE": 34.239043, "LONGITUDE": -118.360756, "resource_type": "hospital", "source_status": "simulated_fallback_due_download_missing_or_unavailable", "data_use_note": "Fallback simulated point. Replace with real emergency resource GeoJSON if available."}, "geometry": {"type": "Point", "coordinates": [-118.360756, 34.239043]}}, {"type": "Feature", "properties": {"OBJECTID": 64, "NAME": "Fallback Hospital or Medical Center 064", "FACILITY_NAME": "Fallback Hospital or Medical Center 064", "CATEGORY": "Hospital / Medical Center", "ADDRESS": "5899 Example Ave", "CITY": "Pasadena", "STATE": "CA", "COUNTY": "Los Angeles", "ZIP": "93171", "LATITUDE": 34.08684, "LONGITUDE": -117.797781, "resource_type": "hospital", "source_status": "simulated_fallback_due_download_missing_or_unavailable", "data_use_note": "Fallback simulated point. Replace with real emergency resource GeoJSON if available."}, "geometry": {"type": "Point", "coordinates": [-117.797781, 34.08684]}}, {"type": "Feature", "properties": {"OBJECTID": 65, "NAME": "Fallback Hospital or Medical Center 065", "FACILITY_NAME": "Fallback Hospital or Medical Center 065", "CATEGORY": "Hospital / Medical Center", "ADDRESS": "5082 Example Ave", "CITY": "Pasadena", "STATE": "CA", "COUNTY": "Los Angeles", "ZIP": "93496", "LATITUDE": 33.721599, "LONGITUDE": -118.453111, "resource_type": "hospital", "source_status": "simulated_fallback_due_download_missing_or_unavailable", "data_use_note": "Fallback simulated point. Replace with real emergency resource GeoJSON if available."}, "geometry": {"type": "Point", "coordinates": [-118.453111, 33.721599]}}, {"type": "Feature", "properties": {"OBJECTID": 66, "NAME": "Fallback Hospital or Medical Center 066", "FACILITY_NAME": "Fallback Hospital or Medical Center 066", "CATEGORY": "Hospital / Medical Center", "ADDRESS": "4458 Example Ave", "CITY": "Burbank", "STATE": "CA", "COUNTY": "Los Angeles", "ZIP": "90408", "LATITUDE": 33.875304, "LONGITUDE": -117.992949, "resource_type": "hospital", "source_status": "simulated_fallback_due_download_missing_or_unavailable", "data_use_note": "Fallback simulated point. Replace with real emergency resource GeoJSON if available."}, "geometry": {"type": "Point", "coordinates": [-117.992949, 33.875304]}}, {"type": "Feature", "properties": {"OBJECTID": 67, "NAME": "Fallback Hospital or Medical Center 067", "FACILITY_NAME": "Fallback Hospital or Medical Center 067", "CATEGORY": "Hospital / Medical Center", "ADDRESS": "8197 Example Ave", "CITY": "Lancaster", "STATE": "CA", "COUNTY": "Los Angeles", "ZIP": "91803", "LATITUDE": 33.989138, "LONGITUDE": -118.18453, "resource_type": "hospital", "source_status": "simulated_fallback_due_download_missing_or_unavailable", "data_use_note": "Fallback simulated point. Replace with real emergency resource GeoJSON if available."}, "geometry": {"type": "Point", "coordinates": [-118.18453, 33.989138]}}, {"type": "Feature", "properties": {"OBJECTID": 68, "NAME": "Fallback Hospital or Medical Center 068", "FACILITY_NAME": "Fallback Hospital or Medical Center 068", "CATEGORY": "Hospital / Medical Center", "ADDRESS": "3057 Example Ave", "CITY": "Whittier", "STATE": "CA", "COUNTY": "Los Angeles", "ZIP": "93280", "LATITUDE": 33.715562, "LONGITUDE": -118.652638, "resource_type": "hospital", "source_status": "simulated_fallback_due_download_missing_or_unavailable", "data_use_note": "Fallback simulated point. Replace with real emergency resource GeoJSON if available."}, "geometry": {"type": "Point", "coordinates": [-118.652638, 33.715562]}}, {"type": "Feature", "properties": {"OBJECTID": 69, "NAME": "Fallback Hospital or Medical Center 069", "FACILITY_NAME": "Fallback Hospital or Medical Center 069", "CATEGORY": "Hospital / Medical Center", "ADDRESS": "9846 Example Ave", "CITY": "Lancaster", "STATE": "CA", "COUNTY": "Los Angeles", "ZIP": "93511", "LATITUDE": 34.342459, "LONGITUDE": -118.326911, "resource_type": "hospital", "source_status": "simulated_fallback_due_download_missing_or_unavailable", "data_use_note": "Fallback simulated point. Replace with real emergency resource GeoJSON if available."}, "geometry": {"type": "Point", "coordinates": [-118.326911, 34.342459]}}, {"type": "Feature", "properties": {"OBJECTID": 70, "NAME": "Fallback Hospital or Medical Center 070", "FACILITY_NAME": "Fallback Hospital or Medical Center 070", "CATEGORY": "Hospital / Medical Center", "ADDRESS": "9428 Example Ave", "CITY": "Torrance", "STATE": "CA", "COUNTY": "Los Angeles", "ZIP": "91844", "LATITUDE": 33.742122, "LONGITUDE": -118.727337, "resource_type": "hospital", "source_status": "simulated_fallback_due_download_missing_or_unavailable", "data_use_note": "Fallback simulated point. Replace with real emergency resource GeoJSON if available."}, "geometry": {"type": "Point", "coordinates": [-118.727337, 33.742122]}}, {"type": "Feature", "properties": {"OBJECTID": 71, "NAME": "Fallback Hospital or Medical Center 071", "FACILITY_NAME": "Fallback Hospital or Medical Center 071", "CATEGORY": "Hospital / Medical Center", "ADDRESS": "2475 Example Ave", "CITY": "Glendale", "STATE": "CA", "COUNTY": "Los Angeles", "ZIP": "93448", "LATITUDE": 33.787912, "LONGITUDE": -117.948026, "resource_type": "hospital", "source_status": "simulated_fallback_due_download_missing_or_unavailable", "data_use_note": "Fallback simulated point. Replace with real emergency resource GeoJSON if available."}, "geometry": {"type": "Point", "coordinates": [-117.948026, 33.787912]}}, {"type": "Feature", "properties": {"OBJECTID": 72, "NAME": "Fallback Hospital or Medical Center 072", "FACILITY_NAME": "Fallback Hospital or Medical Center 072", "CATEGORY": "Hospital / Medical Center", "ADDRESS": "2139 Example Ave", "CITY": "Torrance", "STATE": "CA", "COUNTY": "Los Angeles", "ZIP": "92222", "LATITUDE": 33.79358, "LONGITUDE": -118.304348, "resource_type": "hospital", "source_status": "simulated_fallback_due_download_missing_or_unavailable", "data_use_note": "Fallback simulated point. Replace with real emergency resource GeoJSON if available."}, "geometry": {"type": "Point", "coordinates": [-118.304348, 33.79358]}}, {"type": "Feature", "properties": {"OBJECTID": 73, "NAME": "Fallback Hospital or Medical Center 073", "FACILITY_NAME": "Fallback Hospital or Medical Center 073", "CATEGORY": "Hospital / Medical Center", "ADDRESS": "3892 Example Ave", "CITY": "Pasadena", "STATE": "CA", "COUNTY": "Los Angeles", "ZIP": "90729", "LATITUDE": 34.368458, "LONGITUDE": -118.666523, "resource_type": "hospital", "source_status": "simulated_fallback_due_download_missing_or_unavailable", "data_use_note": "Fallback simulated point. Replace with real emergency resource GeoJSON if available."}, "geometry": {"type": "Point", "coordinates": [-118.666523, 34.368458]}}, {"type": "Feature", "properties": {"OBJECTID": 74, "NAME": "Fallback Hospital or Medical Center 074", "FACILITY_NAME": "Fallback Hospital or Medical Center 074", "CATEGORY": "Hospital / Medical Center", "ADDRESS": "7825 Example Ave", "CITY": "Lancaster", "STATE": "CA", "COUNTY": "Los Angeles", "ZIP": "93182", "LATITUDE": 34.238961, "LONGITUDE": -118.436424, "resource_type": "hospital", "source_status": "simulated_fallback_due_download_missing_or_unavailable", "data_use_note": "Fallback simulated point. Replace with real emergency resource GeoJSON if available."}, "geometry": {"type": "Point", "coordinates": [-118.436424, 34.238961]}}, {"type": "Feature", "properties": {"OBJECTID": 75, "NAME": "Fallback Hospital or Medical Center 075", "FACILITY_NAME": "Fallback Hospital or Medical Center 075", "CATEGORY": "Hospital / Medical Center", "ADDRESS": "7846 Example Ave", "CITY": "Long Beach", "STATE": "CA", "COUNTY": "Los Angeles", "ZIP": "93087", "LATITUDE": 33.769453, "LONGITUDE": -118.716926, "resource_type": "hospital", "source_status": "simulated_fallback_due_download_missing_or_unavailable", "data_use_note": "Fallback simulated point. Replace with real emergency resource GeoJSON if available."}, "geometry": {"type": "Point", "coordinates": [-118.716926, 33.769453]}}, {"type": "Feature", "properties": {"OBJECTID": 76, "NAME": "Fallback Hospital or Medical Center 076", "FACILITY_NAME": "Fallback Hospital or Medical Center 076", "CATEGORY": "Hospital / Medical Center", "ADDRESS": "6539 Example Ave", "CITY": "Pomona", "STATE": "CA", "COUNTY": "Los Angeles", "ZIP": "91740", "LATITUDE": 34.264646, "LONGITUDE": -118.168306, "resource_type": "hospital", "source_status": "simulated_fallback_due_download_missing_or_unavailable", "data_use_note": "Fallback simulated point. Replace with real emergency resource GeoJSON if available."}, "geometry": {"type": "Point", "coordinates": [-118.168306, 34.264646]}}, {"type": "Feature", "properties": {"OBJECTID": 77, "NAME": "Fallback Hospital or Medical Center 077", "FACILITY_NAME": "Fallback Hospital or Medical Center 077", "CATEGORY": "Hospital / Medical Center", "ADDRESS": "3928 Example Ave", "CITY": "Whittier", "STATE": "CA", "COUNTY": "Los Angeles", "ZIP": "93017", "LATITUDE": 34.295155, "LONGITUDE": -117.993803, "resource_type": "hospital", "source_status": "simulated_fallback_due_download_missing_or_unavailable", "data_use_note": "Fallback simulated point. Replace with real emergency resource GeoJSON if available."}, "geometry": {"type": "Point", "coordinates": [-117.993803, 34.295155]}}, {"type": "Feature", "properties": {"OBJECTID": 78, "NAME": "Fallback Hospital or Medical Center 078", "FACILITY_NAME": "Fallback Hospital or Medical Center 078", "CATEGORY": "Hospital / Medical Center", "ADDRESS": "9706 Example Ave", "CITY": "Long Beach", "STATE": "CA", "COUNTY": "Los Angeles", "ZIP": "92539", "LATITUDE": 33.971012, "LONGITUDE": -118.056004, "resource_type": "hospital", "source_status": "simulated_fallback_due_download_missing_or_unavailable", "data_use_note": "Fallback simulated point. Replace with real emergency resource GeoJSON if available."}, "geometry": {"type": "Point", "coordinates": [-118.056004, 33.971012]}}, {"type": "Feature", "properties": {"OBJECTID": 79, "NAME": "Fallback Hospital or Medical Center 079", "FACILITY_NAME": "Fallback Hospital or Medical Center 079", "CATEGORY": "Hospital / Medical Center", "ADDRESS": "2728 Example Ave", "CITY": "Whittier", "STATE": "CA", "COUNTY": "Los Angeles", "ZIP": "93084", "LATITUDE": 33.80108, "LONGITUDE": -118.555213, "resource_type": "hospital", "source_status": "simulated_fallback_due_download_missing_or_unavailable", "data_use_note": "Fallback simulated point. Replace with real emergency resource GeoJSON if available."}, "geometry": {"type": "Point", "coordinates": [-118.555213, 33.80108]}}, {"type": "Feature", "properties": {"OBJECTID": 80, "NAME": "Fallback Hospital or Medical Center 080", "FACILITY_NAME": "Fallback Hospital or Medical Center 080", "CATEGORY": "Hospital / Medical Center", "ADDRESS": "7828 Example Ave", "CITY": "Santa Monica", "STATE": "CA", "COUNTY": "Los Angeles", "ZIP": "90368", "LATITUDE": 34.385148, "LONGITUDE": -117.779326, "resource_type": "hospital", "source_status": "simulated_fallback_due_download_missing_or_unavailable", "data_use_note": "Fallback simulated point. Replace with real emergency resource GeoJSON if available."}, "geometry": {"type": "Point", "coordinates": [-117.779326, 34.385148]}}, {"type": "Feature", "properties": {"OBJECTID": 81, "NAME": "Fallback Hospital or Medical Center 081", "FACILITY_NAME": "Fallback Hospital or Medical Center 081", "CATEGORY": "Hospital / Medical Center", "ADDRESS": "8432 Example Ave", "CITY": "Pomona", "STATE": "CA", "COUNTY": "Los Angeles", "ZIP": "93265", "LATITUDE": 33.78664, "LONGITUDE": -118.185721, "resource_type": "hospital", "source_status": "simulated_fallback_due_download_missing_or_unavailable", "data_use_note": "Fallback simulated point. Replace with real emergency resource GeoJSON if available."}, "geometry": {"type": "Point", "coordinates": [-118.185721, 33.78664]}}, {"type": "Feature", "properties": {"OBJECTID": 82, "NAME": "Fallback Hospital or Medical Center 082", "FACILITY_NAME": "Fallback Hospital or Medical Center 082", "CATEGORY": "Hospital / Medical Center", "ADDRESS": "8635 Example Ave", "CITY": "Glendale", "STATE": "CA", "COUNTY": "Los Angeles", "ZIP": "92830", "LATITUDE": 34.365862, "LONGITUDE": -118.491946, "resource_type": "hospital", "source_status": "simulated_fallback_due_download_missing_or_unavailable", "data_use_note": "Fallback simulated point. Replace with real emergency resource GeoJSON if available."}, "geometry": {"type": "Point", "coordinates": [-118.491946, 34.365862]}}, {"type": "Feature", "properties": {"OBJECTID": 83, "NAME": "Fallback Hospital or Medical Center 083", "FACILITY_NAME": "Fallback Hospital or Medical Center 083", "CATEGORY": "Hospital / Medical Center", "ADDRESS": "439 Example Ave", "CITY": "Pasadena", "STATE": "CA", "COUNTY": "Los Angeles", "ZIP": "92675", "LATITUDE": 34.437519, "LONGITUDE": -118.584062, "resource_type": "hospital", "source_status": "simulated_fallback_due_download_missing_or_unavailable", "data_use_note": "Fallback simulated point. Replace with real emergency resource GeoJSON if available."}, "geometry": {"type": "Point", "coordinates": [-118.584062, 34.437519]}}, {"type": "Feature", "properties": {"OBJECTID": 84, "NAME": "Fallback Hospital or Medical Center 084", "FACILITY_NAME": "Fallback Hospital or Medical Center 084", "CATEGORY": "Hospital / Medical Center", "ADDRESS": "9950 Example Ave", "CITY": "Long Beach", "STATE": "CA", "COUNTY": "Los Angeles", "ZIP": "90762", "LATITUDE": 33.984069, "LONGITUDE": -118.082081, "resource_type": "hospital", "source_status": "simulated_fallback_due_download_missing_or_unavailable", "data_use_note": "Fallback simulated point. Replace with real emergency resource GeoJSON if available."}, "geometry": {"type": "Point", "coordinates": [-118.082081, 33.984069]}}, {"type": "Feature", "properties": {"OBJECTID": 85, "NAME": "Fallback Hospital or Medical Center 085", "FACILITY_NAME": "Fallback Hospital or Medical Center 085", "CATEGORY": "Hospital / Medical Center", "ADDRESS": "9364 Example Ave", "CITY": "Pasadena", "STATE": "CA", "COUNTY": "Los Angeles", "ZIP": "90682", "LATITUDE": 33.957064, "LONGITUDE": -118.516752, "resource_type": "hospital", "source_status": "simulated_fallback_due_download_missing_or_unavailable", "data_use_note": "Fallback simulated point. Replace with real emergency resource GeoJSON if available."}, "geometry": {"type": "Point", "coordinates": [-118.516752, 33.957064]}}, {"type": "Feature", "properties": {"OBJECTID": 86, "NAME": "Fallback Hospital or Medical Center 086", "FACILITY_NAME": "Fallback Hospital or Medical Center 086", "CATEGORY": "Hospital / Medical Center", "ADDRESS": "4214 Example Ave", "CITY": "Glendale", "STATE": "CA", "COUNTY": "Los Angeles", "ZIP": "92063", "LATITUDE": 34.135475, "LONGITUDE": -118.552255, "resource_type": "hospital", "source_status": "simulated_fallback_due_download_missing_or_unavailable", "data_use_note": "Fallback simulated point. Replace with real emergency resource GeoJSON if available."}, "geometry": {"type": "Point", "coordinates": [-118.552255, 34.135475]}}, {"type": "Feature", "properties": {"OBJECTID": 87, "NAME": "Fallback Hospital or Medical Center 087", "FACILITY_NAME": "Fallback Hospital or Medical Center 087", "CATEGORY": "Hospital / Medical Center", "ADDRESS": "791 Example Ave", "CITY": "Lancaster", "STATE": "CA", "COUNTY": "Los Angeles", "ZIP": "90067", "LATITUDE": 34.085678, "LONGITUDE": -118.377696, "resource_type": "hospital", "source_status": "simulated_fallback_due_download_missing_or_unavailable", "data_use_note": "Fallback simulated point. Replace with real emergency resource GeoJSON if available."}, "geometry": {"type": "Point", "coordinates": [-118.377696, 34.085678]}}, {"type": "Feature", "properties": {"OBJECTID": 88, "NAME": "Fallback Hospital or Medical Center 088", "FACILITY_NAME": "Fallback Hospital or Medical Center 088", "CATEGORY": "Hospital / Medical Center", "ADDRESS": "4624 Example Ave", "CITY": "Lancaster", "STATE": "CA", "COUNTY": "Los Angeles", "ZIP": "91710", "LATITUDE": 34.489004, "LONGITUDE": -118.506333, "resource_type": "hospital", "source_status": "simulated_fallback_due_download_missing_or_unavailable", "data_use_note": "Fallback simulated point. Replace with real emergency resource GeoJSON if available."}, "geometry": {"type": "Point", "coordinates": [-118.506333, 34.489004]}}, {"type": "Feature", "properties": {"OBJECTID": 89, "NAME": "Fallback Hospital or Medical Center 089", "FACILITY_NAME": "Fallback Hospital or Medical Center 089", "CATEGORY": "Hospital / Medical Center", "ADDRESS": "8373 Example Ave", "CITY": "Lancaster", "STATE": "CA", "COUNTY": "Los Angeles", "ZIP": "93372", "LATITUDE": 34.333898, "LONGITUDE": -118.46657, "resource_type": "hospital", "source_status": "simulated_fallback_due_download_missing_or_unavailable", "data_use_note": "Fallback simulated point. Replace with real emergency resource GeoJSON if available."}, "geometry": {"type": "Point", "coordinates": [-118.46657, 34.333898]}}, {"type": "Feature", "properties": {"OBJECTID": 90, "NAME": "Fallback Hospital or Medical Center 090", "FACILITY_NAME": "Fallback Hospital or Medical Center 090", "CATEGORY": "Hospital / Medical Center", "ADDRESS": "9491 Example Ave", "CITY": "Lancaster", "STATE": "CA", "COUNTY": "Los Angeles", "ZIP": "93464", "LATITUDE": 34.465368, "LONGITUDE": -118.633939, "resource_type": "hospital", "source_status": "simulated_fallback_due_download_missing_or_unavailable", "data_use_note": "Fallback simulated point. Replace with real emergency resource GeoJSON if available."}, "geometry": {"type": "Point", "coordinates": [-118.633939, 34.465368]}}, {"type": "Feature", "properties": {"OBJECTID": 91, "NAME": "Fallback Hospital or Medical Center 091", "FACILITY_NAME": "Fallback Hospital or Medical Center 091", "CATEGORY": "Hospital / Medical Center", "ADDRESS": "653 Example Ave", "CITY": "Pomona", "STATE": "CA", "COUNTY": "Los Angeles", "ZIP": "92817", "LATITUDE": 33.855721, "LONGITUDE": -118.268088, "resource_type": "hospital", "source_status": "simulated_fallback_due_download_missing_or_unavailable", "data_use_note": "Fallback simulated point. Replace with real emergency resource GeoJSON if available."}, "geometry": {"type": "Point", "coordinates": [-118.268088, 33.855721]}}, {"type": "Feature", "properties": {"OBJECTID": 92, "NAME": "Fallback Hospital or Medical Center 092", "FACILITY_NAME": "Fallback Hospital or Medical Center 092", "CATEGORY": "Hospital / Medical Center", "ADDRESS": "5507 Example Ave", "CITY": "Torrance", "STATE": "CA", "COUNTY": "Los Angeles", "ZIP": "91376", "LATITUDE": 34.424903, "LONGITUDE": -118.530491, "resource_type": "hospital", "source_status": "simulated_fallback_due_download_missing_or_unavailable", "data_use_note": "Fallback simulated point. Replace with real emergency resource GeoJSON if available."}, "geometry": {"type": "Point", "coordinates": [-118.530491, 34.424903]}}, {"type": "Feature", "properties": {"OBJECTID": 93, "NAME": "Fallback Hospital or Medical Center 093", "FACILITY_NAME": "Fallback Hospital or Medical Center 093", "CATEGORY": "Hospital / Medical Center", "ADDRESS": "838 Example Ave", "CITY": "Los Angeles", "STATE": "CA", "COUNTY": "Los Angeles", "ZIP": "93390", "LATITUDE": 33.886149, "LONGITUDE": -118.124757, "resource_type": "hospital", "source_status": "simulated_fallback_due_download_missing_or_unavailable", "data_use_note": "Fallback simulated point. Replace with real emergency resource GeoJSON if available."}, "geometry": {"type": "Point", "coordinates": [-118.124757, 33.886149]}}, {"type": "Feature", "properties": {"OBJECTID": 94, "NAME": "Fallback Hospital or Medical Center 094", "FACILITY_NAME": "Fallback Hospital or Medical Center 094", "CATEGORY": "Hospital / Medical Center", "ADDRESS": "6015 Example Ave", "CITY": "Los Angeles", "STATE": "CA", "COUNTY": "Los Angeles", "ZIP": "93381", "LATITUDE": 33.700516, "LONGITUDE": -118.064986, "resource_type": "hospital", "source_status": "simulated_fallback_due_download_missing_or_unavailable", "data_use_note": "Fallback simulated point. Replace with real emergency resource GeoJSON if available."}, "geometry": {"type": "Point", "coordinates": [-118.064986, 33.700516]}}, {"type": "Feature", "properties": {"OBJECTID": 95, "NAME": "Fallback Hospital or Medical Center 095", "FACILITY_NAME": "Fallback Hospital or Medical Center 095", "CATEGORY": "Hospital / Medical Center", "ADDRESS": "3868 Example Ave", "CITY": "Glendale", "STATE": "CA", "COUNTY": "Los Angeles", "ZIP": "90633", "LATITUDE": 34.11248, "LONGITUDE": -118.111317, "resource_type": "hospital", "source_status": "simulated_fallback_due_download_missing_or_unavailable", "data_use_note": "Fallback simulated point. Replace with real emergency resource GeoJSON if available."}, "geometry": {"type": "Point", "coordinates": [-118.111317, 34.11248]}}, {"type": "Feature", "properties": {"OBJECTID": 96, "NAME": "Fallback Hospital or Medical Center 096", "FACILITY_NAME": "Fallback Hospital or Medical Center 096", "CATEGORY": "Hospital / Medical Center", "ADDRESS": "6981 Example Ave", "CITY": "Pomona", "STATE": "CA", "COUNTY": "Los Angeles", "ZIP": "92851", "LATITUDE": 34.358794, "LONGITUDE": -118.315353, "resource_type": "hospital", "source_status": "simulated_fallback_due_download_missing_or_unavailable", "data_use_note": "Fallback simulated point. Replace with real emergency resource GeoJSON if available."}, "geometry": {"type": "Point", "coordinates": [-118.315353, 34.358794]}}, {"type": "Feature", "properties": {"OBJECTID": 97, "NAME": "Fallback Hospital or Medical Center 097", "FACILITY_NAME": "Fallback Hospital or Medical Center 097", "CATEGORY": "Hospital / Medical Center", "ADDRESS": "1030 Example Ave", "CITY": "Glendale", "STATE": "CA", "COUNTY": "Los Angeles", "ZIP": "91372", "LATITUDE": 34.155883, "LONGITUDE": -118.737266, "resource_type": "hospital", "source_status": "simulated_fallback_due_download_missing_or_unavailable", "data_use_note": "Fallback simulated point. Replace with real emergency resource GeoJSON if available."}, "geometry": {"type": "Point", "coordinates": [-118.737266, 34.155883]}}, {"type": "Feature", "properties": {"OBJECTID": 98, "NAME": "Fallback Hospital or Medical Center 098", "FACILITY_NAME": "Fallback Hospital or Medical Center 098", "CATEGORY": "Hospital / Medical Center", "ADDRESS": "6113 Example Ave", "CITY": "Lancaster", "STATE": "CA", "COUNTY": "Los Angeles", "ZIP": "93085", "LATITUDE": 33.888045, "LONGITUDE": -118.18815, "resource_type": "hospital", "source_status": "simulated_fallback_due_download_missing_or_unavailable", "data_use_note": "Fallback simulated point. Replace with real emergency resource GeoJSON if available."}, "geometry": {"type": "Point", "coordinates": [-118.18815, 33.888045]}}, {"type": "Feature", "properties": {"OBJECTID": 99, "NAME": "Fallback Hospital or Medical Center 099", "FACILITY_NAME": "Fallback Hospital or Medical Center 099", "CATEGORY": "Hospital / Medical Center", "ADDRESS": "553 Example Ave", "CITY": "Lancaster", "STATE": "CA", "COUNTY": "Los Angeles", "ZIP": "91531", "LATITUDE": 34.277104, "LONGITUDE": -118.086922, "resource_type": "hospital", "source_status": "simulated_fallback_due_download_missing_or_unavailable", "data_use_note": "Fallback simulated point. Replace with real emergency resource GeoJSON if available."}, "geometry": {"type": "Point", "coordinates": [-118.086922, 34.277104]}}, {"type": "Feature", "properties": {"OBJECTID": 100, "NAME": "Fallback Hospital or Medical Center 100", "FACILITY_NAME": "Fallback Hospital or Medical Center 100", "CATEGORY": "Hospital / Medical Center", "ADDRESS": "6773 Example Ave", "CITY": "Burbank", "STATE": "CA", "COUNTY": "Los Angeles", "ZIP": "91279", "LATITUDE": 34.342231, "LONGITUDE": -117.991857, "resource_type": "hospital", "source_status": "simulated_fallback_due_download_missing_or_unavailable", "data_use_note": "Fallback simulated point. Replace with real emergency resource GeoJSON if available."}, "geometry": {"type": "Point", "coordinates": [-117.991857, 34.342231]}}, {"type": "Feature", "properties": {"OBJECTID": 101, "NAME": "Fallback Hospital or Medical Center 101", "FACILITY_NAME": "Fallback Hospital or Medical Center 101", "CATEGORY": "Hospital / Medical Center", "ADDRESS": "4427 Example Ave", "CITY": "Torrance", "STATE": "CA", "COUNTY": "Los Angeles", "ZIP": "93470", "LATITUDE": 34.479621, "LONGITUDE": -117.7639, "resource_type": "hospital", "source_status": "simulated_fallback_due_download_missing_or_unavailable", "data_use_note": "Fallback simulated point. Replace with real emergency resource GeoJSON if available."}, "geometry": {"type": "Point", "coordinates": [-117.7639, 34.479621]}}, {"type": "Feature", "properties": {"OBJECTID": 102, "NAME": "Fallback Hospital or Medical Center 102", "FACILITY_NAME": "Fallback Hospital or Medical Center 102", "CATEGORY": "Hospital / Medical Center", "ADDRESS": "3523 Example Ave", "CITY": "Los Angeles", "STATE": "CA", "COUNTY": "Los Angeles", "ZIP": "93155", "LATITUDE": 34.517795, "LONGITUDE": -118.45394, "resource_type": "hospital", "source_status": "simulated_fallback_due_download_missing_or_unavailable", "data_use_note": "Fallback simulated point. Replace with real emergency resource GeoJSON if available."}, "geometry": {"type": "Point", "coordinates": [-118.45394, 34.517795]}}, {"type": "Feature", "properties": {"OBJECTID": 103, "NAME": "Fallback Hospital or Medical Center 103", "FACILITY_NAME": "Fallback Hospital or Medical Center 103", "CATEGORY": "Hospital / Medical Center", "ADDRESS": "5379 Example Ave", "CITY": "Whittier", "STATE": "CA", "COUNTY": "Los Angeles", "ZIP": "92281", "LATITUDE": 33.75878, "LONGITUDE": -117.803918, "resource_type": "hospital", "source_status": "simulated_fallback_due_download_missing_or_unavailable", "data_use_note": "Fallback simulated point. Replace with real emergency resource GeoJSON if available."}, "geometry": {"type": "Point", "coordinates": [-117.803918, 33.75878]}}, {"type": "Feature", "properties": {"OBJECTID": 104, "NAME": "Fallback Hospital or Medical Center 104", "FACILITY_NAME": "Fallback Hospital or Medical Center 104", "CATEGORY": "Hospital / Medical Center", "ADDRESS": "5281 Example Ave", "CITY": "Burbank", "STATE": "CA", "COUNTY": "Los Angeles", "ZIP": "92914", "LATITUDE": 34.073312, "LONGITUDE": -118.635722, "resource_type": "hospital", "source_status": "simulated_fallback_due_download_missing_or_unavailable", "data_use_note": "Fallback simulated point. Replace with real emergency resource GeoJSON if available."}, "geometry": {"type": "Point", "coordinates": [-118.635722, 34.073312]}}, {"type": "Feature", "properties": {"OBJECTID": 105, "NAME": "Fallback Hospital or Medical Center 105", "FACILITY_NAME": "Fallback Hospital or Medical Center 105", "CATEGORY": "Hospital / Medical Center", "ADDRESS": "4623 Example Ave", "CITY": "Pasadena", "STATE": "CA", "COUNTY": "Los Angeles", "ZIP": "90302", "LATITUDE": 34.165712, "LONGITUDE": -118.591609, "resource_type": "hospital", "source_status": "simulated_fallback_due_download_missing_or_unavailable", "data_use_note": "Fallback simulated point. Replace with real emergency resource GeoJSON if available."}, "geometry": {"type": "Point", "coordinates": [-118.591609, 34.165712]}}, {"type": "Feature", "properties": {"OBJECTID": 106, "NAME": "Fallback Hospital or Medical Center 106", "FACILITY_NAME": "Fallback Hospital or Medical Center 106", "CATEGORY": "Hospital / Medical Center", "ADDRESS": "1668 Example Ave", "CITY": "Glendale", "STATE": "CA", "COUNTY": "Los Angeles", "ZIP": "91278", "LATITUDE": 34.278249, "LONGITUDE": -118.02468, "resource_type": "hospital", "source_status": "simulated_fallback_due_download_missing_or_unavailable", "data_use_note": "Fallback simulated point. Replace with real emergency resource GeoJSON if available."}, "geometry": {"type": "Point", "coordinates": [-118.02468, 34.278249]}}, {"type": "Feature", "properties": {"OBJECTID": 107, "NAME": "Fallback Hospital or Medical Center 107", "FACILITY_NAME": "Fallback Hospital or Medical Center 107", "CATEGORY": "Hospital / Medical Center", "ADDRESS": "3101 Example Ave", "CITY": "Torrance", "STATE": "CA", "COUNTY": "Los Angeles", "ZIP": "91166", "LATITUDE": 34.010235, "LONGITUDE": -118.709216, "resource_type": "hospital", "source_status": "simulated_fallback_due_download_missing_or_unavailable", "data_use_note": "Fallback simulated point. Replace with real emergency resource GeoJSON if available."}, "geometry": {"type": "Point", "coordinates": [-118.709216, 34.010235]}}, {"type": "Feature", "properties": {"OBJECTID": 108, "NAME": "Fallback Hospital or Medical Center 108", "FACILITY_NAME": "Fallback Hospital or Medical Center 108", "CATEGORY": "Hospital / Medical Center", "ADDRESS": "8428 Example Ave", "CITY": "Burbank", "STATE": "CA", "COUNTY": "Los Angeles", "ZIP": "91409", "LATITUDE": 34.346194, "LONGITUDE": -118.339673, "resource_type": "hospital", "source_status": "simulated_fallback_due_download_missing_or_unavailable", "data_use_note": "Fallback simulated point. Replace with real emergency resource GeoJSON if available."}, "geometry": {"type": "Point", "coordinates": [-118.339673, 34.346194]}}, {"type": "Feature", "properties": {"OBJECTID": 109, "NAME": "Fallback Hospital or Medical Center 109", "FACILITY_NAME": "Fallback Hospital or Medical Center 109", "CATEGORY": "Hospital / Medical Center", "ADDRESS": "9916 Example Ave", "CITY": "Whittier", "STATE": "CA", "COUNTY": "Los Angeles", "ZIP": "92016", "LATITUDE": 33.895441, "LONGITUDE": -118.185118, "resource_type": "hospital", "source_status": "simulated_fallback_due_download_missing_or_unavailable", "data_use_note": "Fallback simulated point. Replace with real emergency resource GeoJSON if available."}, "geometry": {"type": "Point", "coordinates": [-118.185118, 33.895441]}}, {"type": "Feature", "properties": {"OBJECTID": 110, "NAME": "Fallback Hospital or Medical Center 110", "FACILITY_NAME": "Fallback Hospital or Medical Center 110", "CATEGORY": "Hospital / Medical Center", "ADDRESS": "3859 Example Ave", "CITY": "Pasadena", "STATE": "CA", "COUNTY": "Los Angeles", "ZIP": "91850", "LATITUDE": 34.483231, "LONGITUDE": -118.304971, "resource_type": "hospital", "source_status": "simulated_fallback_due_download_missing_or_unavailable", "data_use_note": "Fallback simulated point. Replace with real emergency resource GeoJSON if available."}, "geometry": {"type": "Point", "coordinates": [-118.304971, 34.483231]}}, {"type": "Feature", "properties": {"OBJECTID": 111, "NAME": "Fallback Hospital or Medical Center 111", "FACILITY_NAME": "Fallback Hospital or Medical Center 111", "CATEGORY": "Hospital / Medical Center", "ADDRESS": "1399 Example Ave", "CITY": "Santa Monica", "STATE": "CA", "COUNTY": "Los Angeles", "ZIP": "93292", "LATITUDE": 34.32185, "LONGITUDE": -118.151497, "resource_type": "hospital", "source_status": "simulated_fallback_due_download_missing_or_unavailable", "data_use_note": "Fallback simulated point. Replace with real emergency resource GeoJSON if available."}, "geometry": {"type": "Point", "coordinates": [-118.151497, 34.32185]}}, {"type": "Feature", "properties": {"OBJECTID": 112, "NAME": "Fallback Hospital or Medical Center 112", "FACILITY_NAME": "Fallback Hospital or Medical Center 112", "CATEGORY": "Hospital / Medical Center", "ADDRESS": "2648 Example Ave", "CITY": "Los Angeles", "STATE": "CA", "COUNTY": "Los Angeles", "ZIP": "90972", "LATITUDE": 34.389067, "LONGITUDE": -118.37469, "resource_type": "hospital", "source_status": "simulated_fallback_due_download_missing_or_unavailable", "data_use_note": "Fallback simulated point. Replace with real emergency resource GeoJSON if available."}, "geometry": {"type": "Point", "coordinates": [-118.37469, 34.389067]}}, {"type": "Feature", "properties": {"OBJECTID": 113, "NAME": "Fallback Hospital or Medical Center 113", "FACILITY_NAME": "Fallback Hospital or Medical Center 113", "CATEGORY": "Hospital / Medical Center", "ADDRESS": "4538 Example Ave", "CITY": "Long Beach", "STATE": "CA", "COUNTY": "Los Angeles", "ZIP": "93552", "LATITUDE": 34.360999, "LONGITUDE": -118.317985, "resource_type": "hospital", "source_status": "simulated_fallback_due_download_missing_or_unavailable", "data_use_note": "Fallback simulated point. Replace with real emergency resource GeoJSON if available."}, "geometry": {"type": "Point", "coordinates": [-118.317985, 34.360999]}}, {"type": "Feature", "properties": {"OBJECTID": 114, "NAME": "Fallback Hospital or Medical Center 114", "FACILITY_NAME": "Fallback Hospital or Medical Center 114", "CATEGORY": "Hospital / Medical Center", "ADDRESS": "3215 Example Ave", "CITY": "Pasadena", "STATE": "CA", "COUNTY": "Los Angeles", "ZIP": "92198", "LATITUDE": 34.349107, "LONGITUDE": -118.727047, "resource_type": "hospital", "source_status": "simulated_fallback_due_download_missing_or_unavailable", "data_use_note": "Fallback simulated point. Replace with real emergency resource GeoJSON if available."}, "geometry": {"type": "Point", "coordinates": [-118.727047, 34.349107]}}, {"type": "Feature", "properties": {"OBJECTID": 115, "NAME": "Fallback Hospital or Medical Center 115", "FACILITY_NAME": "Fallback Hospital or Medical Center 115", "CATEGORY": "Hospital / Medical Center", "ADDRESS": "2713 Example Ave", "CITY": "Lancaster", "STATE": "CA", "COUNTY": "Los Angeles", "ZIP": "92738", "LATITUDE": 34.291825, "LONGITUDE": -118.567978, "resource_type": "hospital", "source_status": "simulated_fallback_due_download_missing_or_unavailable", "data_use_note": "Fallback simulated point. Replace with real emergency resource GeoJSON if available."}, "geometry": {"type": "Point", "coordinates": [-118.567978, 34.291825]}}, {"type": "Feature", "properties": {"OBJECTID": 116, "NAME": "Fallback Hospital or Medical Center 116", "FACILITY_NAME": "Fallback Hospital or Medical Center 116", "CATEGORY": "Hospital / Medical Center", "ADDRESS": "7705 Example Ave", "CITY": "Pomona", "STATE": "CA", "COUNTY": "Los Angeles", "ZIP": "92864", "LATITUDE": 34.444313, "LONGITUDE": -117.847574, "resource_type": "hospital", "source_status": "simulated_fallback_due_download_missing_or_unavailable", "data_use_note": "Fallback simulated point. Replace with real emergency resource GeoJSON if available."}, "geometry": {"type": "Point", "coordinates": [-117.847574, 34.444313]}}, {"type": "Feature", "properties": {"OBJECTID": 117, "NAME": "Fallback Hospital or Medical Center 117", "FACILITY_NAME": "Fallback Hospital or Medical Center 117", "CATEGORY": "Hospital / Medical Center", "ADDRESS": "5995 Example Ave", "CITY": "Burbank", "STATE": "CA", "COUNTY": "Los Angeles", "ZIP": "92244", "LATITUDE": 33.740236, "LONGITUDE": -117.94546, "resource_type": "hospital", "source_status": "simulated_fallback_due_download_missing_or_unavailable", "data_use_note": "Fallback simulated point. Replace with real emergency resource GeoJSON if available."}, "geometry": {"type": "Point", "coordinates": [-117.94546, 33.740236]}}, {"type": "Feature", "properties": {"OBJECTID": 118, "NAME": "Fallback Hospital or Medical Center 118", "FACILITY_NAME": "Fallback Hospital or Medical Center 118", "CATEGORY": "Hospital / Medical Center", "ADDRESS": "1166 Example Ave", "CITY": "Torrance", "STATE": "CA", "COUNTY": "Los Angeles", "ZIP": "91572", "LATITUDE": 34.080394, "LONGITUDE": -117.854965, "resource_type": "hospital", "source_status": "simulated_fallback_due_download_missing_or_unavailable", "data_use_note": "Fallback simulated point. Replace with real emergency resource GeoJSON if available."}, "geometry": {"type": "Point", "coordinates": [-117.854965, 34.080394]}}, {"type": "Feature", "properties": {"OBJECTID": 119, "NAME": "Fallback Hospital or Medical Center 119", "FACILITY_NAME": "Fallback Hospital or Medical Center 119", "CATEGORY": "Hospital / Medical Center", "ADDRESS": "8010 Example Ave", "CITY": "Glendale", "STATE": "CA", "COUNTY": "Los Angeles", "ZIP": "92764", "LATITUDE": 34.08197, "LONGITUDE": -118.324431, "resource_type": "hospital", "source_status": "simulated_fallback_due_download_missing_or_unavailable", "data_use_note": "Fallback simulated point. Replace with real emergency resource GeoJSON if available."}, "geometry": {"type": "Point", "coordinates": [-118.324431, 34.08197]}}, {"type": "Feature", "properties": {"OBJECTID": 120, "NAME": "Fallback Hospital or Medical Center 120", "FACILITY_NAME": "Fallback Hospital or Medical Center 120", "CATEGORY": "Hospital / Medical Center", "ADDRESS": "5119 Example Ave", "CITY": "Lancaster", "STATE": "CA", "COUNTY": "Los Angeles", "ZIP": "92987", "LATITUDE": 34.154875, "LONGITUDE": -118.546164, "resource_type": "hospital", "source_status": "simulated_fallback_due_download_missing_or_unavailable", "data_use_note": "Fallback simulated point. Replace with real emergency resource GeoJSON if available."}, "geometry": {"type": "Point", "coordinates": [-118.546164, 34.154875]}}, {"type": "Feature", "properties": {"OBJECTID": 121, "NAME": "Fallback Hospital or Medical Center 121", "FACILITY_NAME": "Fallback Hospital or Medical Center 121", "CATEGORY": "Hospital / Medical Center", "ADDRESS": "1547 Example Ave", "CITY": "Santa Monica", "STATE": "CA", "COUNTY": "Los Angeles", "ZIP": "92593", "LATITUDE": 34.263587, "LONGITUDE": -118.512908, "resource_type": "hospital", "source_status": "simulated_fallback_due_download_missing_or_unavailable", "data_use_note": "Fallback simulated point. Replace with real emergency resource GeoJSON if available."}, "geometry": {"type": "Point", "coordinates": [-118.512908, 34.263587]}}, {"type": "Feature", "properties": {"OBJECTID": 122, "NAME": "Fallback Hospital or Medical Center 122", "FACILITY_NAME": "Fallback Hospital or Medical Center 122", "CATEGORY": "Hospital / Medical Center", "ADDRESS": "9841 Example Ave", "CITY": "Long Beach", "STATE": "CA", "COUNTY": "Los Angeles", "ZIP": "93412", "LATITUDE": 34.153545, "LONGITUDE": -118.557126, "resource_type": "hospital", "source_status": "simulated_fallback_due_download_missing_or_unavailable", "data_use_note": "Fallback simulated point. Replace with real emergency resource GeoJSON if available."}, "geometry": {"type": "Point", "coordinates": [-118.557126, 34.153545]}}, {"type": "Feature", "properties": {"OBJECTID": 123, "NAME": "Fallback Hospital or Medical Center 123", "FACILITY_NAME": "Fallback Hospital or Medical Center 123", "CATEGORY": "Hospital / Medical Center", "ADDRESS": "5241 Example Ave", "CITY": "Pomona", "STATE": "CA", "COUNTY": "Los Angeles", "ZIP": "93452", "LATITUDE": 33.901136, "LONGITUDE": -118.735596, "resource_type": "hospital", "source_status": "simulated_fallback_due_download_missing_or_unavailable", "data_use_note": "Fallback simulated point. Replace with real emergency resource GeoJSON if available."}, "geometry": {"type": "Point", "coordinates": [-118.735596, 33.901136]}}, {"type": "Feature", "properties": {"OBJECTID": 124, "NAME": "Fallback Hospital or Medical Center 124", "FACILITY_NAME": "Fallback Hospital or Medical Center 124", "CATEGORY": "Hospital / Medical Center", "ADDRESS": "6860 Example Ave", "CITY": "Torrance", "STATE": "CA", "COUNTY": "Los Angeles", "ZIP": "91466", "LATITUDE": 33.804606, "LONGITUDE": -118.106841, "resource_type": "hospital", "source_status": "simulated_fallback_due_download_missing_or_unavailable", "data_use_note": "Fallback simulated point. Replace with real emergency resource GeoJSON if available."}, "geometry": {"type": "Point", "coordinates": [-118.106841, 33.804606]}}, {"type": "Feature", "properties": {"OBJECTID": 125, "NAME": "Fallback Hospital or Medical Center 125", "FACILITY_NAME": "Fallback Hospital or Medical Center 125", "CATEGORY": "Hospital / Medical Center", "ADDRESS": "1735 Example Ave", "CITY": "Santa Monica", "STATE": "CA", "COUNTY": "Los Angeles", "ZIP": "90901", "LATITUDE": 33.724094, "LONGITUDE": -118.692854, "resource_type": "hospital", "source_status": "simulated_fallback_due_download_missing_or_unavailable", "data_use_note": "Fallback simulated point. Replace with real emergency resource GeoJSON if available."}, "geometry": {"type": "Point", "coordinates": [-118.692854, 33.724094]}}, {"type": "Feature", "properties": {"OBJECTID": 126, "NAME": "Fallback Hospital or Medical Center 126", "FACILITY_NAME": "Fallback Hospital or Medical Center 126", "CATEGORY": "Hospital / Medical Center", "ADDRESS": "3143 Example Ave", "CITY": "Santa Monica", "STATE": "CA", "COUNTY": "Los Angeles", "ZIP": "90540", "LATITUDE": 34.225174, "LONGITUDE": -118.749293, "resource_type": "hospital", "source_status": "simulated_fallback_due_download_missing_or_unavailable", "data_use_note": "Fallback simulated point. Replace with real emergency resource GeoJSON if available."}, "geometry": {"type": "Point", "coordinates": [-118.749293, 34.225174]}}, {"type": "Feature", "properties": {"OBJECTID": 127, "NAME": "Fallback Hospital or Medical Center 127", "FACILITY_NAME": "Fallback Hospital or Medical Center 127", "CATEGORY": "Hospital / Medical Center", "ADDRESS": "1837 Example Ave", "CITY": "Glendale", "STATE": "CA", "COUNTY": "Los Angeles", "ZIP": "93511", "LATITUDE": 34.078919, "LONGITUDE": -118.634635, "resource_type": "hospital", "source_status": "simulated_fallback_due_download_missing_or_unavailable", "data_use_note": "Fallback simulated point. Replace with real emergency resource GeoJSON if available."}, "geometry": {"type": "Point", "coordinates": [-118.634635, 34.078919]}}, {"type": "Feature", "properties": {"OBJECTID": 128, "NAME": "Fallback Hospital or Medical Center 128", "FACILITY_NAME": "Fallback Hospital or Medical Center 128", "CATEGORY": "Hospital / Medical Center", "ADDRESS": "2093 Example Ave", "CITY": "Whittier", "STATE": "CA", "COUNTY": "Los Angeles", "ZIP": "90621", "LATITUDE": 34.421175, "LONGITUDE": -118.638444, "resource_type": "hospital", "source_status": "simulated_fallback_due_download_missing_or_unavailable", "data_use_note": "Fallback simulated point. Replace with real emergency resource GeoJSON if available."}, "geometry": {"type": "Point", "coordinates": [-118.638444, 34.421175]}}, {"type": "Feature", "properties": {"OBJECTID": 129, "NAME": "Fallback Hospital or Medical Center 129", "FACILITY_NAME": "Fallback Hospital or Medical Center 129", "CATEGORY": "Hospital / Medical Center", "ADDRESS": "5842 Example Ave", "CITY": "Pasadena", "STATE": "CA", "COUNTY": "Los Angeles", "ZIP": "91558", "LATITUDE": 34.032389, "LONGITUDE": -118.093908, "resource_type": "hospital", "source_status": "simulated_fallback_due_download_missing_or_unavailable", "data_use_note": "Fallback simulated point. Replace with real emergency resource GeoJSON if available."}, "geometry": {"type": "Point", "coordinates": [-118.093908, 34.032389]}}, {"type": "Feature", "properties": {"OBJECTID": 130, "NAME": "Fallback Hospital or Medical Center 130", "FACILITY_NAME": "Fallback Hospital or Medical Center 130", "CATEGORY": "Hospital / Medical Center", "ADDRESS": "6513 Example Ave", "CITY": "Long Beach", "STATE": "CA", "COUNTY": "Los Angeles", "ZIP": "90306", "LATITUDE": 33.857116, "LONGITUDE": -117.941311, "resource_type": "hospital", "source_status": "simulated_fallback_due_download_missing_or_unavailable", "data_use_note": "Fallback simulated point. Replace with real emergency resource GeoJSON if available."}, "geometry": {"type": "Point", "coordinates": [-117.941311, 33.857116]}}, {"type": "Feature", "properties": {"OBJECTID": 131, "NAME": "Fallback Hospital or Medical Center 131", "FACILITY_NAME": "Fallback Hospital or Medical Center 131", "CATEGORY": "Hospital / Medical Center", "ADDRESS": "8392 Example Ave", "CITY": "Lancaster", "STATE": "CA", "COUNTY": "Los Angeles", "ZIP": "93115", "LATITUDE": 33.879103, "LONGITUDE": -118.542171, "resource_type": "hospital", "source_status": "simulated_fallback_due_download_missing_or_unavailable", "data_use_note": "Fallback simulated point. Replace with real emergency resource GeoJSON if available."}, "geometry": {"type": "Point", "coordinates": [-118.542171, 33.879103]}}, {"type": "Feature", "properties": {"OBJECTID": 132, "NAME": "Fallback Hospital or Medical Center 132", "FACILITY_NAME": "Fallback Hospital or Medical Center 132", "CATEGORY": "Hospital / Medical Center", "ADDRESS": "1652 Example Ave", "CITY": "Los Angeles", "STATE": "CA", "COUNTY": "Los Angeles", "ZIP": "90752", "LATITUDE": 33.894308, "LONGITUDE": -117.97561, "resource_type": "hospital", "source_status": "simulated_fallback_due_download_missing_or_unavailable", "data_use_note": "Fallback simulated point. Replace with real emergency resource GeoJSON if available."}, "geometry": {"type": "Point", "coordinates": [-117.97561, 33.894308]}}, {"type": "Feature", "properties": {"OBJECTID": 133, "NAME": "Fallback Hospital or Medical Center 133", "FACILITY_NAME": "Fallback Hospital or Medical Center 133", "CATEGORY": "Hospital / Medical Center", "ADDRESS": "3540 Example Ave", "CITY": "Lancaster", "STATE": "CA", "COUNTY": "Los Angeles", "ZIP": "92863", "LATITUDE": 34.303748, "LONGITUDE": -118.124488, "resource_type": "hospital", "source_status": "simulated_fallback_due_download_missing_or_unavailable", "data_use_note": "Fallback simulated point. Replace with real emergency resource GeoJSON if available."}, "geometry": {"type": "Point", "coordinates": [-118.124488, 34.303748]}}, {"type": "Feature", "properties": {"OBJECTID": 134, "NAME": "Fallback Hospital or Medical Center 134", "FACILITY_NAME": "Fallback Hospital or Medical Center 134", "CATEGORY": "Hospital / Medical Center", "ADDRESS": "3946 Example Ave", "CITY": "Burbank", "STATE": "CA", "COUNTY": "Los Angeles", "ZIP": "93119", "LATITUDE": 34.116366, "LONGITUDE": -117.794466, "resource_type": "hospital", "source_status": "simulated_fallback_due_download_missing_or_unavailable", "data_use_note": "Fallback simulated point. Replace with real emergency resource GeoJSON if available."}, "geometry": {"type": "Point", "coordinates": [-117.794466, 34.116366]}}, {"type": "Feature", "properties": {"OBJECTID": 135, "NAME": "Fallback Hospital or Medical Center 135", "FACILITY_NAME": "Fallback Hospital or Medical Center 135", "CATEGORY": "Hospital / Medical Center", "ADDRESS": "8045 Example Ave", "CITY": "Lancaster", "STATE": "CA", "COUNTY": "Los Angeles", "ZIP": "92686", "LATITUDE": 34.109701, "LONGITUDE": -118.00155, "resource_type": "hospital", "source_status": "simulated_fallback_due_download_missing_or_unavailable", "data_use_note": "Fallback simulated point. Replace with real emergency resource GeoJSON if available."}, "geometry": {"type": "Point", "coordinates": [-118.00155, 34.109701]}}, {"type": "Feature", "properties": {"OBJECTID": 136, "NAME": "Fallback Hospital or Medical Center 136", "FACILITY_NAME": "Fallback Hospital or Medical Center 136", "CATEGORY": "Hospital / Medical Center", "ADDRESS": "6552 Example Ave", "CITY": "Torrance", "STATE": "CA", "COUNTY": "Los Angeles", "ZIP": "91944", "LATITUDE": 33.755602, "LONGITUDE": -118.269987, "resource_type": "hospital", "source_status": "simulated_fallback_due_download_missing_or_unavailable", "data_use_note": "Fallback simulated point. Replace with real emergency resource GeoJSON if available."}, "geometry": {"type": "Point", "coordinates": [-118.269987, 33.755602]}}, {"type": "Feature", "properties": {"OBJECTID": 137, "NAME": "Fallback Hospital or Medical Center 137", "FACILITY_NAME": "Fallback Hospital or Medical Center 137", "CATEGORY": "Hospital / Medical Center", "ADDRESS": "7388 Example Ave", "CITY": "Pasadena", "STATE": "CA", "COUNTY": "Los Angeles", "ZIP": "91951", "LATITUDE": 33.918386, "LONGITUDE": -118.383439, "resource_type": "hospital", "source_status": "simulated_fallback_due_download_missing_or_unavailable", "data_use_note": "Fallback simulated point. Replace with real emergency resource GeoJSON if available."}, "geometry": {"type": "Point", "coordinates": [-118.383439, 33.918386]}}, {"type": "Feature", "properties": {"OBJECTID": 138, "NAME": "Fallback Hospital or Medical Center 138", "FACILITY_NAME": "Fallback Hospital or Medical Center 138", "CATEGORY": "Hospital / Medical Center", "ADDRESS": "6947 Example Ave", "CITY": "Pasadena", "STATE": "CA", "COUNTY": "Los Angeles", "ZIP": "90180", "LATITUDE": 33.754834, "LONGITUDE": -118.499097, "resource_type": "hospital", "source_status": "simulated_fallback_due_download_missing_or_unavailable", "data_use_note": "Fallback simulated point. Replace with real emergency resource GeoJSON if available."}, "geometry": {"type": "Point", "coordinates": [-118.499097, 33.754834]}}, {"type": "Feature", "properties": {"OBJECTID": 139, "NAME": "Fallback Hospital or Medical Center 139", "FACILITY_NAME": "Fallback Hospital or Medical Center 139", "CATEGORY": "Hospital / Medical Center", "ADDRESS": "8537 Example Ave", "CITY": "Whittier", "STATE": "CA", "COUNTY": "Los Angeles", "ZIP": "90998", "LATITUDE": 33.874832, "LONGITUDE": -118.569045, "resource_type": "hospital", "source_status": "simulated_fallback_due_download_missing_or_unavailable", "data_use_note": "Fallback simulated point. Replace with real emergency resource GeoJSON if available."}, "geometry": {"type": "Point", "coordinates": [-118.569045, 33.874832]}}, {"type": "Feature", "properties": {"OBJECTID": 140, "NAME": "Fallback Hospital or Medical Center 140", "FACILITY_NAME": "Fallback Hospital or Medical Center 140", "CATEGORY": "Hospital / Medical Center", "ADDRESS": "8214 Example Ave", "CITY": "Lancaster", "STATE": "CA", "COUNTY": "Los Angeles", "ZIP": "90642", "LATITUDE": 33.752403, "LONGITUDE": -117.969511, "resource_type": "hospital", "source_status": "simulated_fallback_due_download_missing_or_unavailable", "data_use_note": "Fallback simulated point. Replace with real emergency resource GeoJSON if available."}, "geometry": {"type": "Point", "coordinates": [-117.969511, 33.752403]}}, {"type": "Feature", "properties": {"OBJECTID": 141, "NAME": "Fallback Hospital or Medical Center 141", "FACILITY_NAME": "Fallback Hospital or Medical Center 141", "CATEGORY": "Hospital / Medical Center", "ADDRESS": "3355 Example Ave", "CITY": "Glendale", "STATE": "CA", "COUNTY": "Los Angeles", "ZIP": "92110", "LATITUDE": 34.171062, "LONGITUDE": -118.584475, "resource_type": "hospital", "source_status": "simulated_fallback_due_download_missing_or_unavailable", "data_use_note": "Fallback simulated point. Replace with real emergency resource GeoJSON if available."}, "geometry": {"type": "Point", "coordinates": [-118.584475, 34.171062]}}, {"type": "Feature", "properties": {"OBJECTID": 142, "NAME": "Fallback Hospital or Medical Center 142", "FACILITY_NAME": "Fallback Hospital or Medical Center 142", "CATEGORY": "Hospital / Medical Center", "ADDRESS": "8766 Example Ave", "CITY": "Long Beach", "STATE": "CA", "COUNTY": "Los Angeles", "ZIP": "91198", "LATITUDE": 33.897278, "LONGITUDE": -118.158186, "resource_type": "hospital", "source_status": "simulated_fallback_due_download_missing_or_unavailable", "data_use_note": "Fallback simulated point. Replace with real emergency resource GeoJSON if available."}, "geometry": {"type": "Point", "coordinates": [-118.158186, 33.897278]}}, {"type": "Feature", "properties": {"OBJECTID": 143, "NAME": "Fallback Hospital or Medical Center 143", "FACILITY_NAME": "Fallback Hospital or Medical Center 143", "CATEGORY": "Hospital / Medical Center", "ADDRESS": "1169 Example Ave", "CITY": "Pomona", "STATE": "CA", "COUNTY": "Los Angeles", "ZIP": "91552", "LATITUDE": 33.927612, "LONGITUDE": -118.132524, "resource_type": "hospital", "source_status": "simulated_fallback_due_download_missing_or_unavailable", "data_use_note": "Fallback simulated point. Replace with real emergency resource GeoJSON if available."}, "geometry": {"type": "Point", "coordinates": [-118.132524, 33.927612]}}, {"type": "Feature", "properties": {"OBJECTID": 144, "NAME": "Fallback Hospital or Medical Center 144", "FACILITY_NAME": "Fallback Hospital or Medical Center 144", "CATEGORY": "Hospital / Medical Center", "ADDRESS": "5779 Example Ave", "CITY": "Glendale", "STATE": "CA", "COUNTY": "Los Angeles", "ZIP": "92330", "LATITUDE": 34.264991, "LONGITUDE": -117.809914, "resource_type": "hospital", "source_status": "simulated_fallback_due_download_missing_or_unavailable", "data_use_note": "Fallback simulated point. Replace with real emergency resource GeoJSON if available."}, "geometry": {"type": "Point", "coordinates": [-117.809914, 34.264991]}}, {"type": "Feature", "properties": {"OBJECTID": 145, "NAME": "Fallback Hospital or Medical Center 145", "FACILITY_NAME": "Fallback Hospital or Medical Center 145", "CATEGORY": "Hospital / Medical Center", "ADDRESS": "5833 Example Ave", "CITY": "Santa Monica", "STATE": "CA", "COUNTY": "Los Angeles", "ZIP": "90691", "LATITUDE": 34.210814, "LONGITUDE": -118.49231, "resource_type": "hospital", "source_status": "simulated_fallback_due_download_missing_or_unavailable", "data_use_note": "Fallback simulated point. Replace with real emergency resource GeoJSON if available."}, "geometry": {"type": "Point", "coordinates": [-118.49231, 34.210814]}}, {"type": "Feature", "properties": {"OBJECTID": 146, "NAME": "Fallback Hospital or Medical Center 146", "FACILITY_NAME": "Fallback Hospital or Medical Center 146", "CATEGORY": "Hospital / Medical Center", "ADDRESS": "7816 Example Ave", "CITY": "Los Angeles", "STATE": "CA", "COUNTY": "Los Angeles", "ZIP": "90486", "LATITUDE": 33.776513, "LONGITUDE": -118.542097, "resource_type": "hospital", "source_status": "simulated_fallback_due_download_missing_or_unavailable", "data_use_note": "Fallback simulated point. Replace with real emergency resource GeoJSON if available."}, "geometry": {"type": "Point", "coordinates": [-118.542097, 33.776513]}}, {"type": "Feature", "properties": {"OBJECTID": 147, "NAME": "Fallback Hospital or Medical Center 147", "FACILITY_NAME": "Fallback Hospital or Medical Center 147", "CATEGORY": "Hospital / Medical Center", "ADDRESS": "1507 Example Ave", "CITY": "Santa Monica", "STATE": "CA", "COUNTY": "Los Angeles", "ZIP": "92080", "LATITUDE": 34.336661, "LONGITUDE": -118.350385, "resource_type": "hospital", "source_status": "simulated_fallback_due_download_missing_or_unavailable", "data_use_note": "Fallback simulated point. Replace with real emergency resource GeoJSON if available."}, "geometry": {"type": "Point", "coordinates": [-118.350385, 34.336661]}}, {"type": "Feature", "properties": {"OBJECTID": 148, "NAME": "Fallback Hospital or Medical Center 148", "FACILITY_NAME": "Fallback Hospital or Medical Center 148", "CATEGORY": "Hospital / Medical Center", "ADDRESS": "9579 Example Ave", "CITY": "Torrance", "STATE": "CA", "COUNTY": "Los Angeles", "ZIP": "92937", "LATITUDE": 34.104453, "LONGITUDE": -118.211789, "resource_type": "hospital", "source_status": "simulated_fallback_due_download_missing_or_unavailable", "data_use_note": "Fallback simulated point. Replace with real emergency resource GeoJSON if available."}, "geometry": {"type": "Point", "coordinates": [-118.211789, 34.104453]}}, {"type": "Feature", "properties": {"OBJECTID": 149, "NAME": "Fallback Hospital or Medical Center 149", "FACILITY_NAME": "Fallback Hospital or Medical Center 149", "CATEGORY": "Hospital / Medical Center", "ADDRESS": "8893 Example Ave", "CITY": "Pasadena", "STATE": "CA", "COUNTY": "Los Angeles", "ZIP": "92342", "LATITUDE": 34.207909, "LONGITUDE": -118.749366, "resource_type": "hospital", "source_status": "simulated_fallback_due_download_missing_or_unavailable", "data_use_note": "Fallback simulated point. Replace with real emergency resource GeoJSON if available."}, "geometry": {"type": "Point", "coordinates": [-118.749366, 34.207909]}}, {"type": "Feature", "properties": {"OBJECTID": 150, "NAME": "Fallback Hospital or Medical Center 150", "FACILITY_NAME": "Fallback Hospital or Medical Center 150", "CATEGORY": "Hospital / Medical Center", "ADDRESS": "2609 Example Ave", "CITY": "Pasadena", "STATE": "CA", "COUNTY": "Los Angeles", "ZIP": "93511", "LATITUDE": 34.173093, "LONGITUDE": -117.807712, "resource_type": "hospital", "source_status": "simulated_fallback_due_download_missing_or_unavailable", "data_use_note": "Fallback simulated point. Replace with real emergency resource GeoJSON if available."}, "geometry": {"type": "Point", "coordinates": [-117.807712, 34.173093]}}, {"type": "Feature", "properties": {"OBJECTID": 151, "NAME": "Fallback Hospital or Medical Center 151", "FACILITY_NAME": "Fallback Hospital or Medical Center 151", "CATEGORY": "Hospital / Medical Center", "ADDRESS": "7123 Example Ave", "CITY": "Lancaster", "STATE": "CA", "COUNTY": "Los Angeles", "ZIP": "92643", "LATITUDE": 34.431269, "LONGITUDE": -118.560203, "resource_type": "hospital", "source_status": "simulated_fallback_due_download_missing_or_unavailable", "data_use_note": "Fallback simulated point. Replace with real emergency resource GeoJSON if available."}, "geometry": {"type": "Point", "coordinates": [-118.560203, 34.431269]}}, {"type": "Feature", "properties": {"OBJECTID": 152, "NAME": "Fallback Hospital or Medical Center 152", "FACILITY_NAME": "Fallback Hospital or Medical Center 152", "CATEGORY": "Hospital / Medical Center", "ADDRESS": "3891 Example Ave", "CITY": "Pasadena", "STATE": "CA", "COUNTY": "Los Angeles", "ZIP": "93179", "LATITUDE": 34.429789, "LONGITUDE": -117.75343, "resource_type": "hospital", "source_status": "simulated_fallback_due_download_missing_or_unavailable", "data_use_note": "Fallback simulated point. Replace with real emergency resource GeoJSON if available."}, "geometry": {"type": "Point", "coordinates": [-117.75343, 34.429789]}}, {"type": "Feature", "properties": {"OBJECTID": 153, "NAME": "Fallback Hospital or Medical Center 153", "FACILITY_NAME": "Fallback Hospital or Medical Center 153", "CATEGORY": "Hospital / Medical Center", "ADDRESS": "519 Example Ave", "CITY": "Glendale", "STATE": "CA", "COUNTY": "Los Angeles", "ZIP": "90301", "LATITUDE": 34.20592, "LONGITUDE": -118.281353, "resource_type": "hospital", "source_status": "simulated_fallback_due_download_missing_or_unavailable", "data_use_note": "Fallback simulated point. Replace with real emergency resource GeoJSON if available."}, "geometry": {"type": "Point", "coordinates": [-118.281353, 34.20592]}}, {"type": "Feature", "properties": {"OBJECTID": 154, "NAME": "Fallback Hospital or Medical Center 154", "FACILITY_NAME": "Fallback Hospital or Medical Center 154", "CATEGORY": "Hospital / Medical Center", "ADDRESS": "2015 Example Ave", "CITY": "Burbank", "STATE": "CA", "COUNTY": "Los Angeles", "ZIP": "91986", "LATITUDE": 34.359314, "LONGITUDE": -118.646233, "resource_type": "hospital", "source_status": "simulated_fallback_due_download_missing_or_unavailable", "data_use_note": "Fallback simulated point. Replace with real emergency resource GeoJSON if available."}, "geometry": {"type": "Point", "coordinates": [-118.646233, 34.359314]}}, {"type": "Feature", "properties": {"OBJECTID": 155, "NAME": "Fallback Hospital or Medical Center 155", "FACILITY_NAME": "Fallback Hospital or Medical Center 155", "CATEGORY": "Hospital / Medical Center", "ADDRESS": "6785 Example Ave", "CITY": "Whittier", "STATE": "CA", "COUNTY": "Los Angeles", "ZIP": "92569", "LATITUDE": 33.756738, "LONGITUDE": -118.663692, "resource_type": "hospital", "source_status": "simulated_fallback_due_download_missing_or_unavailable", "data_use_note": "Fallback simulated point. Replace with real emergency resource GeoJSON if available."}, "geometry": {"type": "Point", "coordinates": [-118.663692, 33.756738]}}, {"type": "Feature", "properties": {"OBJECTID": 156, "NAME": "Fallback Hospital or Medical Center 156", "FACILITY_NAME": "Fallback Hospital or Medical Center 156", "CATEGORY": "Hospital / Medical Center", "ADDRESS": "4478 Example Ave", "CITY": "Whittier", "STATE": "CA", "COUNTY": "Los Angeles", "ZIP": "91862", "LATITUDE": 33.753859, "LONGITUDE": -117.79142, "resource_type": "hospital", "source_status": "simulated_fallback_due_download_missing_or_unavailable", "data_use_note": "Fallback simulated point. Replace with real emergency resource GeoJSON if available."}, "geometry": {"type": "Point", "coordinates": [-117.79142, 33.753859]}}, {"type": "Feature", "properties": {"OBJECTID": 157, "NAME": "Fallback Hospital or Medical Center 157", "FACILITY_NAME": "Fallback Hospital or Medical Center 157", "CATEGORY": "Hospital / Medical Center", "ADDRESS": "8545 Example Ave", "CITY": "Torrance", "STATE": "CA", "COUNTY": "Los Angeles", "ZIP": "93383", "LATITUDE": 34.485703, "LONGITUDE": -118.715607, "resource_type": "hospital", "source_status": "simulated_fallback_due_download_missing_or_unavailable", "data_use_note": "Fallback simulated point. Replace with real emergency resource GeoJSON if available."}, "geometry": {"type": "Point", "coordinates": [-118.715607, 34.485703]}}, {"type": "Feature", "properties": {"OBJECTID": 158, "NAME": "Fallback Hospital or Medical Center 158", "FACILITY_NAME": "Fallback Hospital or Medical Center 158", "CATEGORY": "Hospital / Medical Center", "ADDRESS": "7418 Example Ave", "CITY": "Los Angeles", "STATE": "CA", "COUNTY": "Los Angeles", "ZIP": "93407", "LATITUDE": 34.414244, "LONGITUDE": -118.565451, "resource_type": "hospital", "source_status": "simulated_fallback_due_download_missing_or_unavailable", "data_use_note": "Fallback simulated point. Replace with real emergency resource GeoJSON if available."}, "geometry": {"type": "Point", "coordinates": [-118.565451, 34.414244]}}, {"type": "Feature", "properties": {"OBJECTID": 159, "NAME": "Fallback Hospital or Medical Center 159", "FACILITY_NAME": "Fallback Hospital or Medical Center 159", "CATEGORY": "Hospital / Medical Center", "ADDRESS": "6177 Example Ave", "CITY": "Glendale", "STATE": "CA", "COUNTY": "Los Angeles", "ZIP": "91656", "LATITUDE": 34.443879, "LONGITUDE": -118.606307, "resource_type": "hospital", "source_status": "simulated_fallback_due_download_missing_or_unavailable", "data_use_note": "Fallback simulated point. Replace with real emergency resource GeoJSON if available."}, "geometry": {"type": "Point", "coordinates": [-118.606307, 34.443879]}}, {"type": "Feature", "properties": {"OBJECTID": 160, "NAME": "Fallback Hospital or Medical Center 160", "FACILITY_NAME": "Fallback Hospital or Medical Center 160", "CATEGORY": "Hospital / Medical Center", "ADDRESS": "3535 Example Ave", "CITY": "Whittier", "STATE": "CA", "COUNTY": "Los Angeles", "ZIP": "92682", "LATITUDE": 34.112574, "LONGITUDE": -118.700427, "resource_type": "hospital", "source_status": "simulated_fallback_due_download_missing_or_unavailable", "data_use_note": "Fallback simulated point. Replace with real emergency resource GeoJSON if available."}, "geometry": {"type": "Point", "coordinates": [-118.700427, 34.112574]}}, {"type": "Feature", "properties": {"OBJECTID": 161, "NAME": "Fallback Hospital or Medical Center 161", "FACILITY_NAME": "Fallback Hospital or Medical Center 161", "CATEGORY": "Hospital / Medical Center", "ADDRESS": "3910 Example Ave", "CITY": "Whittier", "STATE": "CA", "COUNTY": "Los Angeles", "ZIP": "92156", "LATITUDE": 34.115184, "LONGITUDE": -117.880466, "resource_type": "hospital", "source_status": "simulated_fallback_due_download_missing_or_unavailable", "data_use_note": "Fallback simulated point. Replace with real emergency resource GeoJSON if available."}, "geometry": {"type": "Point", "coordinates": [-117.880466, 34.115184]}}, {"type": "Feature", "properties": {"OBJECTID": 162, "NAME": "Fallback Hospital or Medical Center 162", "FACILITY_NAME": "Fallback Hospital or Medical Center 162", "CATEGORY": "Hospital / Medical Center", "ADDRESS": "5650 Example Ave", "CITY": "Burbank", "STATE": "CA", "COUNTY": "Los Angeles", "ZIP": "91117", "LATITUDE": 33.904365, "LONGITUDE": -117.967143, "resource_type": "hospital", "source_status": "simulated_fallback_due_download_missing_or_unavailable", "data_use_note": "Fallback simulated point. Replace with real emergency resource GeoJSON if available."}, "geometry": {"type": "Point", "coordinates": [-117.967143, 33.904365]}}, {"type": "Feature", "properties": {"OBJECTID": 163, "NAME": "Fallback Hospital or Medical Center 163", "FACILITY_NAME": "Fallback Hospital or Medical Center 163", "CATEGORY": "Hospital / Medical Center", "ADDRESS": "2993 Example Ave", "CITY": "Long Beach", "STATE": "CA", "COUNTY": "Los Angeles", "ZIP": "93581", "LATITUDE": 34.073246, "LONGITUDE": -118.447366, "resource_type": "hospital", "source_status": "simulated_fallback_due_download_missing_or_unavailable", "data_use_note": "Fallback simulated point. Replace with real emergency resource GeoJSON if available."}, "geometry": {"type": "Point", "coordinates": [-118.447366, 34.073246]}}, {"type": "Feature", "properties": {"OBJECTID": 164, "NAME": "Fallback Hospital or Medical Center 164", "FACILITY_NAME": "Fallback Hospital or Medical Center 164", "CATEGORY": "Hospital / Medical Center", "ADDRESS": "2678 Example Ave", "CITY": "Santa Monica", "STATE": "CA", "COUNTY": "Los Angeles", "ZIP": "90285", "LATITUDE": 33.836654, "LONGITUDE": -118.358217, "resource_type": "hospital", "source_status": "simulated_fallback_due_download_missing_or_unavailable", "data_use_note": "Fallback simulated point. Replace with real emergency resource GeoJSON if available."}, "geometry": {"type": "Point", "coordinates": [-118.358217, 33.836654]}}, {"type": "Feature", "properties": {"OBJECTID": 165, "NAME": "Fallback Hospital or Medical Center 165", "FACILITY_NAME": "Fallback Hospital or Medical Center 165", "CATEGORY": "Hospital / Medical Center", "ADDRESS": "7265 Example Ave", "CITY": "Whittier", "STATE": "CA", "COUNTY": "Los Angeles", "ZIP": "92445", "LATITUDE": 34.045919, "LONGITUDE": -118.372868, "resource_type": "hospital", "source_status": "simulated_fallback_due_download_missing_or_unavailable", "data_use_note": "Fallback simulated point. Replace with real emergency resource GeoJSON if available."}, "geometry": {"type": "Point", "coordinates": [-118.372868, 34.045919]}}, {"type": "Feature", "properties": {"OBJECTID": 166, "NAME": "Fallback Hospital or Medical Center 166", "FACILITY_NAME": "Fallback Hospital or Medical Center 166", "CATEGORY": "Hospital / Medical Center", "ADDRESS": "820 Example Ave", "CITY": "Glendale", "STATE": "CA", "COUNTY": "Los Angeles", "ZIP": "91797", "LATITUDE": 33.796878, "LONGITUDE": -118.749419, "resource_type": "hospital", "source_status": "simulated_fallback_due_download_missing_or_unavailable", "data_use_note": "Fallback simulated point. Replace with real emergency resource GeoJSON if available."}, "geometry": {"type": "Point", "coordinates": [-118.749419, 33.796878]}}, {"type": "Feature", "properties": {"OBJECTID": 167, "NAME": "Fallback Hospital or Medical Center 167", "FACILITY_NAME": "Fallback Hospital or Medical Center 167", "CATEGORY": "Hospital / Medical Center", "ADDRESS": "6444 Example Ave", "CITY": "Glendale", "STATE": "CA", "COUNTY": "Los Angeles", "ZIP": "90961", "LATITUDE": 34.401137, "LONGITUDE": -118.226811, "resource_type": "hospital", "source_status": "simulated_fallback_due_download_missing_or_unavailable", "data_use_note": "Fallback simulated point. Replace with real emergency resource GeoJSON if available."}, "geometry": {"type": "Point", "coordinates": [-118.226811, 34.401137]}}, {"type": "Feature", "properties": {"OBJECTID": 168, "NAME": "Fallback Hospital or Medical Center 168", "FACILITY_NAME": "Fallback Hospital or Medical Center 168", "CATEGORY": "Hospital / Medical Center", "ADDRESS": "5345 Example Ave", "CITY": "Lancaster", "STATE": "CA", "COUNTY": "Los Angeles", "ZIP": "93549", "LATITUDE": 34.475498, "LONGITUDE": -118.708258, "resource_type": "hospital", "source_status": "simulated_fallback_due_download_missing_or_unavailable", "data_use_note": "Fallback simulated point. Replace with real emergency resource GeoJSON if available."}, "geometry": {"type": "Point", "coordinates": [-118.708258, 34.475498]}}, {"type": "Feature", "properties": {"OBJECTID": 169, "NAME": "Fallback Hospital or Medical Center 169", "FACILITY_NAME": "Fallback Hospital or Medical Center 169", "CATEGORY": "Hospital / Medical Center", "ADDRESS": "9146 Example Ave", "CITY": "Glendale", "STATE": "CA", "COUNTY": "Los Angeles", "ZIP": "92089", "LATITUDE": 33.833985, "LONGITUDE": -117.94996, "resource_type": "hospital", "source_status": "simulated_fallback_due_download_missing_or_unavailable", "data_use_note": "Fallback simulated point. Replace with real emergency resource GeoJSON if available."}, "geometry": {"type": "Point", "coordinates": [-117.94996, 33.833985]}}, {"type": "Feature", "properties": {"OBJECTID": 170, "NAME": "Fallback Hospital or Medical Center 170", "FACILITY_NAME": "Fallback Hospital or Medical Center 170", "CATEGORY": "Hospital / Medical Center", "ADDRESS": "1981 Example Ave", "CITY": "Santa Monica", "STATE": "CA", "COUNTY": "Los Angeles", "ZIP": "92141", "LATITUDE": 33.845548, "LONGITUDE": -117.85518, "resource_type": "hospital", "source_status": "simulated_fallback_due_download_missing_or_unavailable", "data_use_note": "Fallback simulated point. Replace with real emergency resource GeoJSON if available."}, "geometry": {"type": "Point", "coordinates": [-117.85518, 33.845548]}}, {"type": "Feature", "properties": {"OBJECTID": 171, "NAME": "Fallback Hospital or Medical Center 171", "FACILITY_NAME": "Fallback Hospital or Medical Center 171", "CATEGORY": "Hospital / Medical Center", "ADDRESS": "5682 Example Ave", "CITY": "Pasadena", "STATE": "CA", "COUNTY": "Los Angeles", "ZIP": "92506", "LATITUDE": 33.959286, "LONGITUDE": -117.871461, "resource_type": "hospital", "source_status": "simulated_fallback_due_download_missing_or_unavailable", "data_use_note": "Fallback simulated point. Replace with real emergency resource GeoJSON if available."}, "geometry": {"type": "Point", "coordinates": [-117.871461, 33.959286]}}, {"type": "Feature", "properties": {"OBJECTID": 172, "NAME": "Fallback Hospital or Medical Center 172", "FACILITY_NAME": "Fallback Hospital or Medical Center 172", "CATEGORY": "Hospital / Medical Center", "ADDRESS": "5267 Example Ave", "CITY": "Burbank", "STATE": "CA", "COUNTY": "Los Angeles", "ZIP": "90151", "LATITUDE": 33.912539, "LONGITUDE": -118.075371, "resource_type": "hospital", "source_status": "simulated_fallback_due_download_missing_or_unavailable", "data_use_note": "Fallback simulated point. Replace with real emergency resource GeoJSON if available."}, "geometry": {"type": "Point", "coordinates": [-118.075371, 33.912539]}}, {"type": "Feature", "properties": {"OBJECTID": 173, "NAME": "Fallback Hospital or Medical Center 173", "FACILITY_NAME": "Fallback Hospital or Medical Center 173", "CATEGORY": "Hospital / Medical Center", "ADDRESS": "1313 Example Ave", "CITY": "Long Beach", "STATE": "CA", "COUNTY": "Los Angeles", "ZIP": "91472", "LATITUDE": 34.083064, "LONGITUDE": -118.493908, "resource_type": "hospital", "source_status": "simulated_fallback_due_download_missing_or_unavailable", "data_use_note": "Fallback simulated point. Replace with real emergency resource GeoJSON if available."}, "geometry": {"type": "Point", "coordinates": [-118.493908, 34.083064]}}, {"type": "Feature", "properties": {"OBJECTID": 174, "NAME": "Fallback Hospital or Medical Center 174", "FACILITY_NAME": "Fallback Hospital or Medical Center 174", "CATEGORY": "Hospital / Medical Center", "ADDRESS": "2685 Example Ave", "CITY": "Whittier", "STATE": "CA", "COUNTY": "Los Angeles", "ZIP": "91874", "LATITUDE": 34.069716, "LONGITUDE": -118.077362, "resource_type": "hospital", "source_status": "simulated_fallback_due_download_missing_or_unavailable", "data_use_note": "Fallback simulated point. Replace with real emergency resource GeoJSON if available."}, "geometry": {"type": "Point", "coordinates": [-118.077362, 34.069716]}}, {"type": "Feature", "properties": {"OBJECTID": 175, "NAME": "Fallback Hospital or Medical Center 175", "FACILITY_NAME": "Fallback Hospital or Medical Center 175", "CATEGORY": "Hospital / Medical Center", "ADDRESS": "5891 Example Ave", "CITY": "Long Beach", "STATE": "CA", "COUNTY": "Los Angeles", "ZIP": "91066", "LATITUDE": 34.282119, "LONGITUDE": -118.282235, "resource_type": "hospital", "source_status": "simulated_fallback_due_download_missing_or_unavailable", "data_use_note": "Fallback simulated point. Replace with real emergency resource GeoJSON if available."}, "geometry": {"type": "Point", "coordinates": [-118.282235, 34.282119]}}, {"type": "Feature", "properties": {"OBJECTID": 176, "NAME": "Fallback Hospital or Medical Center 176", "FACILITY_NAME": "Fallback Hospital or Medical Center 176", "CATEGORY": "Hospital / Medical Center", "ADDRESS": "8045 Example Ave", "CITY": "Pasadena", "STATE": "CA", "COUNTY": "Los Angeles", "ZIP": "93510", "LATITUDE": 33.774091, "LONGITUDE": -118.139127, "resource_type": "hospital", "source_status": "simulated_fallback_due_download_missing_or_unavailable", "data_use_note": "Fallback simulated point. Replace with real emergency resource GeoJSON if available."}, "geometry": {"type": "Point", "coordinates": [-118.139127, 33.774091]}}, {"type": "Feature", "properties": {"OBJECTID": 177, "NAME": "Fallback Hospital or Medical Center 177", "FACILITY_NAME": "Fallback Hospital or Medical Center 177", "CATEGORY": "Hospital / Medical Center", "ADDRESS": "6839 Example Ave", "CITY": "Glendale", "STATE": "CA", "COUNTY": "Los Angeles", "ZIP": "93052", "LATITUDE": 34.152072, "LONGITUDE": -118.104748, "resource_type": "hospital", "source_status": "simulated_fallback_due_download_missing_or_unavailable", "data_use_note": "Fallback simulated point. Replace with real emergency resource GeoJSON if available."}, "geometry": {"type": "Point", "coordinates": [-118.104748, 34.152072]}}, {"type": "Feature", "properties": {"OBJECTID": 178, "NAME": "Fallback Hospital or Medical Center 178", "FACILITY_NAME": "Fallback Hospital or Medical Center 178", "CATEGORY": "Hospital / Medical Center", "ADDRESS": "4545 Example Ave", "CITY": "Lancaster", "STATE": "CA", "COUNTY": "Los Angeles", "ZIP": "91646", "LATITUDE": 34.210702, "LONGITUDE": -118.648373, "resource_type": "hospital", "source_status": "simulated_fallback_due_download_missing_or_unavailable", "data_use_note": "Fallback simulated point. Replace with real emergency resource GeoJSON if available."}, "geometry": {"type": "Point", "coordinates": [-118.648373, 34.210702]}}, {"type": "Feature", "properties": {"OBJECTID": 179, "NAME": "Fallback Hospital or Medical Center 179", "FACILITY_NAME": "Fallback Hospital or Medical Center 179", "CATEGORY": "Hospital / Medical Center", "ADDRESS": "5356 Example Ave", "CITY": "Burbank", "STATE": "CA", "COUNTY": "Los Angeles", "ZIP": "91700", "LATITUDE": 33.904212, "LONGITUDE": -117.992857, "resource_type": "hospital", "source_status": "simulated_fallback_due_download_missing_or_unavailable", "data_use_note": "Fallback simulated point. Replace with real emergency resource GeoJSON if available."}, "geometry": {"type": "Point", "coordinates": [-117.992857, 33.904212]}}, {"type": "Feature", "properties": {"OBJECTID": 180, "NAME": "Fallback Hospital or Medical Center 180", "FACILITY_NAME": "Fallback Hospital or Medical Center 180", "CATEGORY": "Hospital / Medical Center", "ADDRESS": "9948 Example Ave", "CITY": "Los Angeles", "STATE": "CA", "COUNTY": "Los Angeles", "ZIP": "90229", "LATITUDE": 34.358284, "LONGITUDE": -118.606074, "resource_type": "hospital", "source_status": "simulated_fallback_due_download_missing_or_unavailable", "data_use_note": "Fallback simulated point. Replace with real emergency resource GeoJSON if available."}, "geometry": {"type": "Point", "coordinates": [-118.606074, 34.358284]}}, {"type": "Feature", "properties": {"OBJECTID": 181, "NAME": "Fallback Hospital or Medical Center 181", "FACILITY_NAME": "Fallback Hospital or Medical Center 181", "CATEGORY": "Hospital / Medical Center", "ADDRESS": "4919 Example Ave", "CITY": "Lancaster", "STATE": "CA", "COUNTY": "Los Angeles", "ZIP": "91139", "LATITUDE": 34.477042, "LONGITUDE": -118.433159, "resource_type": "hospital", "source_status": "simulated_fallback_due_download_missing_or_unavailable", "data_use_note": "Fallback simulated point. Replace with real emergency resource GeoJSON if available."}, "geometry": {"type": "Point", "coordinates": [-118.433159, 34.477042]}}, {"type": "Feature", "properties": {"OBJECTID": 182, "NAME": "Fallback Hospital or Medical Center 182", "FACILITY_NAME": "Fallback Hospital or Medical Center 182", "CATEGORY": "Hospital / Medical Center", "ADDRESS": "4137 Example Ave", "CITY": "Torrance", "STATE": "CA", "COUNTY": "Los Angeles", "ZIP": "93175", "LATITUDE": 34.170371, "LONGITUDE": -118.266385, "resource_type": "hospital", "source_status": "simulated_fallback_due_download_missing_or_unavailable", "data_use_note": "Fallback simulated point. Replace with real emergency resource GeoJSON if available."}, "geometry": {"type": "Point", "coordinates": [-118.266385, 34.170371]}}, {"type": "Feature", "properties": {"OBJECTID": 183, "NAME": "Fallback Hospital or Medical Center 183", "FACILITY_NAME": "Fallback Hospital or Medical Center 183", "CATEGORY": "Hospital / Medical Center", "ADDRESS": "9902 Example Ave", "CITY": "Glendale", "STATE": "CA", "COUNTY": "Los Angeles", "ZIP": "92373", "LATITUDE": 33.820053, "LONGITUDE": -118.662157, "resource_type": "hospital", "source_status": "simulated_fallback_due_download_missing_or_unavailable", "data_use_note": "Fallback simulated point. Replace with real emergency resource GeoJSON if available."}, "geometry": {"type": "Point", "coordinates": [-118.662157, 33.820053]}}, {"type": "Feature", "properties": {"OBJECTID": 184, "NAME": "Fallback Hospital or Medical Center 184", "FACILITY_NAME": "Fallback Hospital or Medical Center 184", "CATEGORY": "Hospital / Medical Center", "ADDRESS": "8366 Example Ave", "CITY": "Santa Monica", "STATE": "CA", "COUNTY": "Los Angeles", "ZIP": "91388", "LATITUDE": 34.465221, "LONGITUDE": -118.582751, "resource_type": "hospital", "source_status": "simulated_fallback_due_download_missing_or_unavailable", "data_use_note": "Fallback simulated point. Replace with real emergency resource GeoJSON if available."}, "geometry": {"type": "Point", "coordinates": [-118.582751, 34.465221]}}, {"type": "Feature", "properties": {"OBJECTID": 185, "NAME": "Fallback Hospital or Medical Center 185", "FACILITY_NAME": "Fallback Hospital or Medical Center 185", "CATEGORY": "Hospital / Medical Center", "ADDRESS": "6749 Example Ave", "CITY": "Long Beach", "STATE": "CA", "COUNTY": "Los Angeles", "ZIP": "90205", "LATITUDE": 34.344764, "LONGITUDE": -118.318242, "resource_type": "hospital", "source_status": "simulated_fallback_due_download_missing_or_unavailable", "data_use_note": "Fallback simulated point. Replace with real emergency resource GeoJSON if available."}, "geometry": {"type": "Point", "coordinates": [-118.318242, 34.344764]}}, {"type": "Feature", "properties": {"OBJECTID": 186, "NAME": "Fallback Hospital or Medical Center 186", "FACILITY_NAME": "Fallback Hospital or Medical Center 186", "CATEGORY": "Hospital / Medical Center", "ADDRESS": "6177 Example Ave", "CITY": "Glendale", "STATE": "CA", "COUNTY": "Los Angeles", "ZIP": "91910", "LATITUDE": 34.404915, "LONGITUDE": -118.661473, "resource_type": "hospital", "source_status": "simulated_fallback_due_download_missing_or_unavailable", "data_use_note": "Fallback simulated point. Replace with real emergency resource GeoJSON if available."}, "geometry": {"type": "Point", "coordinates": [-118.661473, 34.404915]}}, {"type": "Feature", "properties": {"OBJECTID": 187, "NAME": "Fallback Hospital or Medical Center 187", "FACILITY_NAME": "Fallback Hospital or Medical Center 187", "CATEGORY": "Hospital / Medical Center", "ADDRESS": "6197 Example Ave", "CITY": "Los Angeles", "STATE": "CA", "COUNTY": "Los Angeles", "ZIP": "90502", "LATITUDE": 34.149866, "LONGITUDE": -118.504095, "resource_type": "hospital", "source_status": "simulated_fallback_due_download_missing_or_unavailable", "data_use_note": "Fallback simulated point. Replace with real emergency resource GeoJSON if available."}, "geometry": {"type": "Point", "coordinates": [-118.504095, 34.149866]}}, {"type": "Feature", "properties": {"OBJECTID": 188, "NAME": "Fallback Hospital or Medical Center 188", "FACILITY_NAME": "Fallback Hospital or Medical Center 188", "CATEGORY": "Hospital / Medical Center", "ADDRESS": "4781 Example Ave", "CITY": "Glendale", "STATE": "CA", "COUNTY": "Los Angeles", "ZIP": "90675", "LATITUDE": 33.716749, "LONGITUDE": -118.359102, "resource_type": "hospital", "source_status": "simulated_fallback_due_download_missing_or_unavailable", "data_use_note": "Fallback simulated point. Replace with real emergency resource GeoJSON if available."}, "geometry": {"type": "Point", "coordinates": [-118.359102, 33.716749]}}, {"type": "Feature", "properties": {"OBJECTID": 189, "NAME": "Fallback Hospital or Medical Center 189", "FACILITY_NAME": "Fallback Hospital or Medical Center 189", "CATEGORY": "Hospital / Medical Center", "ADDRESS": "1335 Example Ave", "CITY": "Lancaster", "STATE": "CA", "COUNTY": "Los Angeles", "ZIP": "90579", "LATITUDE": 33.770709, "LONGITUDE": -118.08626, "resource_type": "hospital", "source_status": "simulated_fallback_due_download_missing_or_unavailable", "data_use_note": "Fallback simulated point. Replace with real emergency resource GeoJSON if available."}, "geometry": {"type": "Point", "coordinates": [-118.08626, 33.770709]}}, {"type": "Feature", "properties": {"OBJECTID": 190, "NAME": "Fallback Hospital or Medical Center 190", "FACILITY_NAME": "Fallback Hospital or Medical Center 190", "CATEGORY": "Hospital / Medical Center", "ADDRESS": "1819 Example Ave", "CITY": "Burbank", "STATE": "CA", "COUNTY": "Los Angeles", "ZIP": "92819", "LATITUDE": 34.040172, "LONGITUDE": -118.442184, "resource_type": "hospital", "source_status": "simulated_fallback_due_download_missing_or_unavailable", "data_use_note": "Fallback simulated point. Replace with real emergency resource GeoJSON if available."}, "geometry": {"type": "Point", "coordinates": [-118.442184, 34.040172]}}, {"type": "Feature", "properties": {"OBJECTID": 191, "NAME": "Fallback Hospital or Medical Center 191", "FACILITY_NAME": "Fallback Hospital or Medical Center 191", "CATEGORY": "Hospital / Medical Center", "ADDRESS": "6540 Example Ave", "CITY": "Lancaster", "STATE": "CA", "COUNTY": "Los Angeles", "ZIP": "92732", "LATITUDE": 34.113346, "LONGITUDE": -118.188593, "resource_type": "hospital", "source_status": "simulated_fallback_due_download_missing_or_unavailable", "data_use_note": "Fallback simulated point. Replace with real emergency resource GeoJSON if available."}, "geometry": {"type": "Point", "coordinates": [-118.188593, 34.113346]}}, {"type": "Feature", "properties": {"OBJECTID": 192, "NAME": "Fallback Hospital or Medical Center 192", "FACILITY_NAME": "Fallback Hospital or Medical Center 192", "CATEGORY": "Hospital / Medical Center", "ADDRESS": "877 Example Ave", "CITY": "Whittier", "STATE": "CA", "COUNTY": "Los Angeles", "ZIP": "92665", "LATITUDE": 33.986322, "LONGITUDE": -117.926302, "resource_type": "hospital", "source_status": "simulated_fallback_due_download_missing_or_unavailable", "data_use_note": "Fallback simulated point. Replace with real emergency resource GeoJSON if available."}, "geometry": {"type": "Point", "coordinates": [-117.926302, 33.986322]}}, {"type": "Feature", "properties": {"OBJECTID": 193, "NAME": "Fallback Hospital or Medical Center 193", "FACILITY_NAME": "Fallback Hospital or Medical Center 193", "CATEGORY": "Hospital / Medical Center", "ADDRESS": "5508 Example Ave", "CITY": "Lancaster", "STATE": "CA", "COUNTY": "Los Angeles", "ZIP": "92634", "LATITUDE": 33.730674, "LONGITUDE": -118.560778, "resource_type": "hospital", "source_status": "simulated_fallback_due_download_missing_or_unavailable", "data_use_note": "Fallback simulated point. Replace with real emergency resource GeoJSON if available."}, "geometry": {"type": "Point", "coordinates": [-118.560778, 33.730674]}}, {"type": "Feature", "properties": {"OBJECTID": 194, "NAME": "Fallback Hospital or Medical Center 194", "FACILITY_NAME": "Fallback Hospital or Medical Center 194", "CATEGORY": "Hospital / Medical Center", "ADDRESS": "1208 Example Ave", "CITY": "Burbank", "STATE": "CA", "COUNTY": "Los Angeles", "ZIP": "92762", "LATITUDE": 34.493427, "LONGITUDE": -118.639202, "resource_type": "hospital", "source_status": "simulated_fallback_due_download_missing_or_unavailable", "data_use_note": "Fallback simulated point. Replace with real emergency resource GeoJSON if available."}, "geometry": {"type": "Point", "coordinates": [-118.639202, 34.493427]}}, {"type": "Feature", "properties": {"OBJECTID": 195, "NAME": "Fallback Hospital or Medical Center 195", "FACILITY_NAME": "Fallback Hospital or Medical Center 195", "CATEGORY": "Hospital / Medical Center", "ADDRESS": "1033 Example Ave", "CITY": "Glendale", "STATE": "CA", "COUNTY": "Los Angeles", "ZIP": "90811", "LATITUDE": 34.300968, "LONGITUDE": -118.10007, "resource_type": "hospital", "source_status": "simulated_fallback_due_download_missing_or_unavailable", "data_use_note": "Fallback simulated point. Replace with real emergency resource GeoJSON if available."}, "geometry": {"type": "Point", "coordinates": [-118.10007, 34.300968]}}, {"type": "Feature", "properties": {"OBJECTID": 196, "NAME": "Fallback Hospital or Medical Center 196", "FACILITY_NAME": "Fallback Hospital or Medical Center 196", "CATEGORY": "Hospital / Medical Center", "ADDRESS": "6909 Example Ave", "CITY": "Glendale", "STATE": "CA", "COUNTY": "Los Angeles", "ZIP": "91983", "LATITUDE": 33.994646, "LONGITUDE": -118.007874, "resource_type": "hospital", "source_status": "simulated_fallback_due_download_missing_or_unavailable", "data_use_note": "Fallback simulated point. Replace with real emergency resource GeoJSON if available."}, "geometry": {"type": "Point", "coordinates": [-118.007874, 33.994646]}}, {"type": "Feature", "properties": {"OBJECTID": 197, "NAME": "Fallback Hospital or Medical Center 197", "FACILITY_NAME": "Fallback Hospital or Medical Center 197", "CATEGORY": "Hospital / Medical Center", "ADDRESS": "9211 Example Ave", "CITY": "Glendale", "STATE": "CA", "COUNTY": "Los Angeles", "ZIP": "90844", "LATITUDE": 33.904647, "LONGITUDE": -118.030262, "resource_type": "hospital", "source_status": "simulated_fallback_due_download_missing_or_unavailable", "data_use_note": "Fallback simulated point. Replace with real emergency resource GeoJSON if available."}, "geometry": {"type": "Point", "coordinates": [-118.030262, 33.904647]}}, {"type": "Feature", "properties": {"OBJECTID": 198, "NAME": "Fallback Hospital or Medical Center 198", "FACILITY_NAME": "Fallback Hospital or Medical Center 198", "CATEGORY": "Hospital / Medical Center", "ADDRESS": "5008 Example Ave", "CITY": "Lancaster", "STATE": "CA", "COUNTY": "Los Angeles", "ZIP": "90823", "LATITUDE": 33.964462, "LONGITUDE": -117.780241, "resource_type": "hospital", "source_status": "simulated_fallback_due_download_missing_or_unavailable", "data_use_note": "Fallback simulated point. Replace with real emergency resource GeoJSON if available."}, "geometry": {"type": "Point", "coordinates": [-117.780241, 33.964462]}}, {"type": "Feature", "properties": {"OBJECTID": 199, "NAME": "Fallback Hospital or Medical Center 199", "FACILITY_NAME": "Fallback Hospital or Medical Center 199", "CATEGORY": "Hospital / Medical Center", "ADDRESS": "1091 Example Ave", "CITY": "Pomona", "STATE": "CA", "COUNTY": "Los Angeles", "ZIP": "90152", "LATITUDE": 33.975366, "LONGITUDE": -118.472494, "resource_type": "hospital", "source_status": "simulated_fallback_due_download_missing_or_unavailable", "data_use_note": "Fallback simulated point. Replace with real emergency resource GeoJSON if available."}, "geometry": {"type": "Point", "coordinates": [-118.472494, 33.975366]}}, {"type": "Feature", "properties": {"OBJECTID": 200, "NAME": "Fallback Hospital or Medical Center 200", "FACILITY_NAME": "Fallback Hospital or Medical Center 200", "CATEGORY": "Hospital / Medical Center", "ADDRESS": "9512 Example Ave", "CITY": "Glendale", "STATE": "CA", "COUNTY": "Los Angeles", "ZIP": "90102", "LATITUDE": 33.86044, "LONGITUDE": -118.542139, "resource_type": "hospital", "source_status": "simulated_fallback_due_download_missing_or_unavailable", "data_use_note": "Fallback simulated point. Replace with real emergency resource GeoJSON if available."}, "geometry": {"type": "Point", "coordinates": [-118.542139, 33.86044]}}, {"type": "Feature", "properties": {"OBJECTID": 201, "NAME": "Fallback Hospital or Medical Center 201", "FACILITY_NAME": "Fallback Hospital or Medical Center 201", "CATEGORY": "Hospital / Medical Center", "ADDRESS": "7187 Example Ave", "CITY": "Burbank", "STATE": "CA", "COUNTY": "Los Angeles", "ZIP": "92664", "LATITUDE": 33.770931, "LONGITUDE": -118.259576, "resource_type": "hospital", "source_status": "simulated_fallback_due_download_missing_or_unavailable", "data_use_note": "Fallback simulated point. Replace with real emergency resource GeoJSON if available."}, "geometry": {"type": "Point", "coordinates": [-118.259576, 33.770931]}}, {"type": "Feature", "properties": {"OBJECTID": 202, "NAME": "Fallback Hospital or Medical Center 202", "FACILITY_NAME": "Fallback Hospital or Medical Center 202", "CATEGORY": "Hospital / Medical Center", "ADDRESS": "6976 Example Ave", "CITY": "Pasadena", "STATE": "CA", "COUNTY": "Los Angeles", "ZIP": "91320", "LATITUDE": 33.812839, "LONGITUDE": -117.865831, "resource_type": "hospital", "source_status": "simulated_fallback_due_download_missing_or_unavailable", "data_use_note": "Fallback simulated point. Replace with real emergency resource GeoJSON if available."}, "geometry": {"type": "Point", "coordinates": [-117.865831, 33.812839]}}, {"type": "Feature", "properties": {"OBJECTID": 203, "NAME": "Fallback Hospital or Medical Center 203", "FACILITY_NAME": "Fallback Hospital or Medical Center 203", "CATEGORY": "Hospital / Medical Center", "ADDRESS": "7354 Example Ave", "CITY": "Santa Monica", "STATE": "CA", "COUNTY": "Los Angeles", "ZIP": "93169", "LATITUDE": 33.822038, "LONGITUDE": -118.706557, "resource_type": "hospital", "source_status": "simulated_fallback_due_download_missing_or_unavailable", "data_use_note": "Fallback simulated point. Replace with real emergency resource GeoJSON if available."}, "geometry": {"type": "Point", "coordinates": [-118.706557, 33.822038]}}, {"type": "Feature", "properties": {"OBJECTID": 204, "NAME": "Fallback Hospital or Medical Center 204", "FACILITY_NAME": "Fallback Hospital or Medical Center 204", "CATEGORY": "Hospital / Medical Center", "ADDRESS": "9533 Example Ave", "CITY": "Los Angeles", "STATE": "CA", "COUNTY": "Los Angeles", "ZIP": "90340", "LATITUDE": 34.154391, "LONGITUDE": -118.670732, "resource_type": "hospital", "source_status": "simulated_fallback_due_download_missing_or_unavailable", "data_use_note": "Fallback simulated point. Replace with real emergency resource GeoJSON if available."}, "geometry": {"type": "Point", "coordinates": [-118.670732, 34.154391]}}, {"type": "Feature", "properties": {"OBJECTID": 205, "NAME": "Fallback Hospital or Medical Center 205", "FACILITY_NAME": "Fallback Hospital or Medical Center 205", "CATEGORY": "Hospital / Medical Center", "ADDRESS": "3785 Example Ave", "CITY": "Los Angeles", "STATE": "CA", "COUNTY": "Los Angeles", "ZIP": "93587", "LATITUDE": 34.484764, "LONGITUDE": -117.916268, "resource_type": "hospital", "source_status": "simulated_fallback_due_download_missing_or_unavailable", "data_use_note": "Fallback simulated point. Replace with real emergency resource GeoJSON if available."}, "geometry": {"type": "Point", "coordinates": [-117.916268, 34.484764]}}, {"type": "Feature", "properties": {"OBJECTID": 206, "NAME": "Fallback Hospital or Medical Center 206", "FACILITY_NAME": "Fallback Hospital or Medical Center 206", "CATEGORY": "Hospital / Medical Center", "ADDRESS": "4366 Example Ave", "CITY": "Los Angeles", "STATE": "CA", "COUNTY": "Los Angeles", "ZIP": "92398", "LATITUDE": 34.319533, "LONGITUDE": -118.48283, "resource_type": "hospital", "source_status": "simulated_fallback_due_download_missing_or_unavailable", "data_use_note": "Fallback simulated point. Replace with real emergency resource GeoJSON if available."}, "geometry": {"type": "Point", "coordinates": [-118.48283, 34.319533]}}, {"type": "Feature", "properties": {"OBJECTID": 207, "NAME": "Fallback Hospital or Medical Center 207", "FACILITY_NAME": "Fallback Hospital or Medical Center 207", "CATEGORY": "Hospital / Medical Center", "ADDRESS": "8005 Example Ave", "CITY": "Torrance", "STATE": "CA", "COUNTY": "Los Angeles", "ZIP": "93188", "LATITUDE": 33.892898, "LONGITUDE": -118.720763, "resource_type": "hospital", "source_status": "simulated_fallback_due_download_missing_or_unavailable", "data_use_note": "Fallback simulated point. Replace with real emergency resource GeoJSON if available."}, "geometry": {"type": "Point", "coordinates": [-118.720763, 33.892898]}}, {"type": "Feature", "properties": {"OBJECTID": 208, "NAME": "Fallback Hospital or Medical Center 208", "FACILITY_NAME": "Fallback Hospital or Medical Center 208", "CATEGORY": "Hospital / Medical Center", "ADDRESS": "533 Example Ave", "CITY": "Long Beach", "STATE": "CA", "COUNTY": "Los Angeles", "ZIP": "92745", "LATITUDE": 34.083411, "LONGITUDE": -118.725676, "resource_type": "hospital", "source_status": "simulated_fallback_due_download_missing_or_unavailable", "data_use_note": "Fallback simulated point. Replace with real emergency resource GeoJSON if available."}, "geometry": {"type": "Point", "coordinates": [-118.725676, 34.083411]}}, {"type": "Feature", "properties": {"OBJECTID": 209, "NAME": "Fallback Hospital or Medical Center 209", "FACILITY_NAME": "Fallback Hospital or Medical Center 209", "CATEGORY": "Hospital / Medical Center", "ADDRESS": "5183 Example Ave", "CITY": "Long Beach", "STATE": "CA", "COUNTY": "Los Angeles", "ZIP": "91326", "LATITUDE": 33.836202, "LONGITUDE": -118.037715, "resource_type": "hospital", "source_status": "simulated_fallback_due_download_missing_or_unavailable", "data_use_note": "Fallback simulated point. Replace with real emergency resource GeoJSON if available."}, "geometry": {"type": "Point", "coordinates": [-118.037715, 33.836202]}}, {"type": "Feature", "properties": {"OBJECTID": 210, "NAME": "Fallback Hospital or Medical Center 210", "FACILITY_NAME": "Fallback Hospital or Medical Center 210", "CATEGORY": "Hospital / Medical Center", "ADDRESS": "1746 Example Ave", "CITY": "Long Beach", "STATE": "CA", "COUNTY": "Los Angeles", "ZIP": "93233", "LATITUDE": 34.366085, "LONGITUDE": -118.452405, "resource_type": "hospital", "source_status": "simulated_fallback_due_download_missing_or_unavailable", "data_use_note": "Fallback simulated point. Replace with real emergency resource GeoJSON if available."}, "geometry": {"type": "Point", "coordinates": [-118.452405, 34.366085]}}, {"type": "Feature", "properties": {"OBJECTID": 211, "NAME": "Fallback Hospital or Medical Center 211", "FACILITY_NAME": "Fallback Hospital or Medical Center 211", "CATEGORY": "Hospital / Medical Center", "ADDRESS": "500 Example Ave", "CITY": "Torrance", "STATE": "CA", "COUNTY": "Los Angeles", "ZIP": "90693", "LATITUDE": 34.036819, "LONGITUDE": -118.29347, "resource_type": "hospital", "source_status": "simulated_fallback_due_download_missing_or_unavailable", "data_use_note": "Fallback simulated point. Replace with real emergency resource GeoJSON if available."}, "geometry": {"type": "Point", "coordinates": [-118.29347, 34.036819]}}, {"type": "Feature", "properties": {"OBJECTID": 212, "NAME": "Fallback Hospital or Medical Center 212", "FACILITY_NAME": "Fallback Hospital or Medical Center 212", "CATEGORY": "Hospital / Medical Center", "ADDRESS": "9528 Example Ave", "CITY": "Whittier", "STATE": "CA", "COUNTY": "Los Angeles", "ZIP": "91280", "LATITUDE": 33.742942, "LONGITUDE": -118.535595, "resource_type": "hospital", "source_status": "simulated_fallback_due_download_missing_or_unavailable", "data_use_note": "Fallback simulated point. Replace with real emergency resource GeoJSON if available."}, "geometry": {"type": "Point", "coordinates": [-118.535595, 33.742942]}}, {"type": "Feature", "properties": {"OBJECTID": 213, "NAME": "Fallback Hospital or Medical Center 213", "FACILITY_NAME": "Fallback Hospital or Medical Center 213", "CATEGORY": "Hospital / Medical Center", "ADDRESS": "2008 Example Ave", "CITY": "Long Beach", "STATE": "CA", "COUNTY": "Los Angeles", "ZIP": "92392", "LATITUDE": 34.464099, "LONGITUDE": -118.696721, "resource_type": "hospital", "source_status": "simulated_fallback_due_download_missing_or_unavailable", "data_use_note": "Fallback simulated point. Replace with real emergency resource GeoJSON if available."}, "geometry": {"type": "Point", "coordinates": [-118.696721, 34.464099]}}, {"type": "Feature", "properties": {"OBJECTID": 214, "NAME": "Fallback Hospital or Medical Center 214", "FACILITY_NAME": "Fallback Hospital or Medical Center 214", "CATEGORY": "Hospital / Medical Center", "ADDRESS": "384 Example Ave", "CITY": "Pomona", "STATE": "CA", "COUNTY": "Los Angeles", "ZIP": "93077", "LATITUDE": 33.900147, "LONGITUDE": -118.706298, "resource_type": "hospital", "source_status": "simulated_fallback_due_download_missing_or_unavailable", "data_use_note": "Fallback simulated point. Replace with real emergency resource GeoJSON if available."}, "geometry": {"type": "Point", "coordinates": [-118.706298, 33.900147]}}, {"type": "Feature", "properties": {"OBJECTID": 215, "NAME": "Fallback Hospital or Medical Center 215", "FACILITY_NAME": "Fallback Hospital or Medical Center 215", "CATEGORY": "Hospital / Medical Center", "ADDRESS": "8138 Example Ave", "CITY": "Los Angeles", "STATE": "CA", "COUNTY": "Los Angeles", "ZIP": "92912", "LATITUDE": 33.762469, "LONGITUDE": -117.819013, "resource_type": "hospital", "source_status": "simulated_fallback_due_download_missing_or_unavailable", "data_use_note": "Fallback simulated point. Replace with real emergency resource GeoJSON if available."}, "geometry": {"type": "Point", "coordinates": [-117.819013, 33.762469]}}, {"type": "Feature", "properties": {"OBJECTID": 216, "NAME": "Fallback Hospital or Medical Center 216", "FACILITY_NAME": "Fallback Hospital or Medical Center 216", "CATEGORY": "Hospital / Medical Center", "ADDRESS": "6330 Example Ave", "CITY": "Glendale", "STATE": "CA", "COUNTY": "Los Angeles", "ZIP": "90588", "LATITUDE": 34.304821, "LONGITUDE": -118.182824, "resource_type": "hospital", "source_status": "simulated_fallback_due_download_missing_or_unavailable", "data_use_note": "Fallback simulated point. Replace with real emergency resource GeoJSON if available."}, "geometry": {"type": "Point", "coordinates": [-118.182824, 34.304821]}}, {"type": "Feature", "properties": {"OBJECTID": 217, "NAME": "Fallback Hospital or Medical Center 217", "FACILITY_NAME": "Fallback Hospital or Medical Center 217", "CATEGORY": "Hospital / Medical Center", "ADDRESS": "2262 Example Ave", "CITY": "Los Angeles", "STATE": "CA", "COUNTY": "Los Angeles", "ZIP": "91125", "LATITUDE": 33.713217, "LONGITUDE": -118.570326, "resource_type": "hospital", "source_status": "simulated_fallback_due_download_missing_or_unavailable", "data_use_note": "Fallback simulated point. Replace with real emergency resource GeoJSON if available."}, "geometry": {"type": "Point", "coordinates": [-118.570326, 33.713217]}}, {"type": "Feature", "properties": {"OBJECTID": 218, "NAME": "Fallback Hospital or Medical Center 218", "FACILITY_NAME": "Fallback Hospital or Medical Center 218", "CATEGORY": "Hospital / Medical Center", "ADDRESS": "2267 Example Ave", "CITY": "Glendale", "STATE": "CA", "COUNTY": "Los Angeles", "ZIP": "90918", "LATITUDE": 34.10227, "LONGITUDE": -118.235071, "resource_type": "hospital", "source_status": "simulated_fallback_due_download_missing_or_unavailable", "data_use_note": "Fallback simulated point. Replace with real emergency resource GeoJSON if available."}, "geometry": {"type": "Point", "coordinates": [-118.235071, 34.10227]}}, {"type": "Feature", "properties": {"OBJECTID": 219, "NAME": "Fallback Hospital or Medical Center 219", "FACILITY_NAME": "Fallback Hospital or Medical Center 219", "CATEGORY": "Hospital / Medical Center", "ADDRESS": "2650 Example Ave", "CITY": "Lancaster", "STATE": "CA", "COUNTY": "Los Angeles", "ZIP": "92561", "LATITUDE": 34.349936, "LONGITUDE": -118.669892, "resource_type": "hospital", "source_status": "simulated_fallback_due_download_missing_or_unavailable", "data_use_note": "Fallback simulated point. Replace with real emergency resource GeoJSON if available."}, "geometry": {"type": "Point", "coordinates": [-118.669892, 34.349936]}}, {"type": "Feature", "properties": {"OBJECTID": 220, "NAME": "Fallback Hospital or Medical Center 220", "FACILITY_NAME": "Fallback Hospital or Medical Center 220", "CATEGORY": "Hospital / Medical Center", "ADDRESS": "2750 Example Ave", "CITY": "Lancaster", "STATE": "CA", "COUNTY": "Los Angeles", "ZIP": "91088", "LATITUDE": 34.165708, "LONGITUDE": -118.330827, "resource_type": "hospital", "source_status": "simulated_fallback_due_download_missing_or_unavailable", "data_use_note": "Fallback simulated point. Replace with real emergency resource GeoJSON if available."}, "geometry": {"type": "Point", "coordinates": [-118.330827, 34.165708]}}, {"type": "Feature", "properties": {"OBJECTID": 221, "NAME": "Fallback Hospital or Medical Center 221", "FACILITY_NAME": "Fallback Hospital or Medical Center 221", "CATEGORY": "Hospital / Medical Center", "ADDRESS": "7864 Example Ave", "CITY": "Pasadena", "STATE": "CA", "COUNTY": "Los Angeles", "ZIP": "90164", "LATITUDE": 33.774895, "LONGITUDE": -118.02738, "resource_type": "hospital", "source_status": "simulated_fallback_due_download_missing_or_unavailable", "data_use_note": "Fallback simulated point. Replace with real emergency resource GeoJSON if available."}, "geometry": {"type": "Point", "coordinates": [-118.02738, 33.774895]}}, {"type": "Feature", "properties": {"OBJECTID": 222, "NAME": "Fallback Hospital or Medical Center 222", "FACILITY_NAME": "Fallback Hospital or Medical Center 222", "CATEGORY": "Hospital / Medical Center", "ADDRESS": "9990 Example Ave", "CITY": "Los Angeles", "STATE": "CA", "COUNTY": "Los Angeles", "ZIP": "91142", "LATITUDE": 33.856057, "LONGITUDE": -118.442301, "resource_type": "hospital", "source_status": "simulated_fallback_due_download_missing_or_unavailable", "data_use_note": "Fallback simulated point. Replace with real emergency resource GeoJSON if available."}, "geometry": {"type": "Point", "coordinates": [-118.442301, 33.856057]}}, {"type": "Feature", "properties": {"OBJECTID": 223, "NAME": "Fallback Hospital or Medical Center 223", "FACILITY_NAME": "Fallback Hospital or Medical Center 223", "CATEGORY": "Hospital / Medical Center", "ADDRESS": "6633 Example Ave", "CITY": "Burbank", "STATE": "CA", "COUNTY": "Los Angeles", "ZIP": "92230", "LATITUDE": 34.105738, "LONGITUDE": -118.461048, "resource_type": "hospital", "source_status": "simulated_fallback_due_download_missing_or_unavailable", "data_use_note": "Fallback simulated point. Replace with real emergency resource GeoJSON if available."}, "geometry": {"type": "Point", "coordinates": [-118.461048, 34.105738]}}, {"type": "Feature", "properties": {"OBJECTID": 224, "NAME": "Fallback Hospital or Medical Center 224", "FACILITY_NAME": "Fallback Hospital or Medical Center 224", "CATEGORY": "Hospital / Medical Center", "ADDRESS": "4091 Example Ave", "CITY": "Lancaster", "STATE": "CA", "COUNTY": "Los Angeles", "ZIP": "93134", "LATITUDE": 33.827236, "LONGITUDE": -118.35618, "resource_type": "hospital", "source_status": "simulated_fallback_due_download_missing_or_unavailable", "data_use_note": "Fallback simulated point. Replace with real emergency resource GeoJSON if available."}, "geometry": {"type": "Point", "coordinates": [-118.35618, 33.827236]}}, {"type": "Feature", "properties": {"OBJECTID": 225, "NAME": "Fallback Hospital or Medical Center 225", "FACILITY_NAME": "Fallback Hospital or Medical Center 225", "CATEGORY": "Hospital / Medical Center", "ADDRESS": "6232 Example Ave", "CITY": "Lancaster", "STATE": "CA", "COUNTY": "Los Angeles", "ZIP": "91260", "LATITUDE": 34.000926, "LONGITUDE": -118.382851, "resource_type": "hospital", "source_status": "simulated_fallback_due_download_missing_or_unavailable", "data_use_note": "Fallback simulated point. Replace with real emergency resource GeoJSON if available."}, "geometry": {"type": "Point", "coordinates": [-118.382851, 34.000926]}}, {"type": "Feature", "properties": {"OBJECTID": 226, "NAME": "Fallback Hospital or Medical Center 226", "FACILITY_NAME": "Fallback Hospital or Medical Center 226", "CATEGORY": "Hospital / Medical Center", "ADDRESS": "6618 Example Ave", "CITY": "Burbank", "STATE": "CA", "COUNTY": "Los Angeles", "ZIP": "91178", "LATITUDE": 34.174545, "LONGITUDE": -117.809328, "resource_type": "hospital", "source_status": "simulated_fallback_due_download_missing_or_unavailable", "data_use_note": "Fallback simulated point. Replace with real emergency resource GeoJSON if available."}, "geometry": {"type": "Point", "coordinates": [-117.809328, 34.174545]}}, {"type": "Feature", "properties": {"OBJECTID": 227, "NAME": "Fallback Hospital or Medical Center 227", "FACILITY_NAME": "Fallback Hospital or Medical Center 227", "CATEGORY": "Hospital / Medical Center", "ADDRESS": "2062 Example Ave", "CITY": "Burbank", "STATE": "CA", "COUNTY": "Los Angeles", "ZIP": "92461", "LATITUDE": 33.743775, "LONGITUDE": -117.97635, "resource_type": "hospital", "source_status": "simulated_fallback_due_download_missing_or_unavailable", "data_use_note": "Fallback simulated point. Replace with real emergency resource GeoJSON if available."}, "geometry": {"type": "Point", "coordinates": [-117.97635, 33.743775]}}, {"type": "Feature", "properties": {"OBJECTID": 228, "NAME": "Fallback Hospital or Medical Center 228", "FACILITY_NAME": "Fallback Hospital or Medical Center 228", "CATEGORY": "Hospital / Medical Center", "ADDRESS": "3310 Example Ave", "CITY": "Torrance", "STATE": "CA", "COUNTY": "Los Angeles", "ZIP": "93480", "LATITUDE": 33.98706, "LONGITUDE": -118.639461, "resource_type": "hospital", "source_status": "simulated_fallback_due_download_missing_or_unavailable", "data_use_note": "Fallback simulated point. Replace with real emergency resource GeoJSON if available."}, "geometry": {"type": "Point", "coordinates": [-118.639461, 33.98706]}}, {"type": "Feature", "properties": {"OBJECTID": 229, "NAME": "Fallback Hospital or Medical Center 229", "FACILITY_NAME": "Fallback Hospital or Medical Center 229", "CATEGORY": "Hospital / Medical Center", "ADDRESS": "5750 Example Ave", "CITY": "Los Angeles", "STATE": "CA", "COUNTY": "Los Angeles", "ZIP": "93004", "LATITUDE": 34.337436, "LONGITUDE": -118.018137, "resource_type": "hospital", "source_status": "simulated_fallback_due_download_missing_or_unavailable", "data_use_note": "Fallback simulated point. Replace with real emergency resource GeoJSON if available."}, "geometry": {"type": "Point", "coordinates": [-118.018137, 34.337436]}}, {"type": "Feature", "properties": {"OBJECTID": 230, "NAME": "Fallback Hospital or Medical Center 230", "FACILITY_NAME": "Fallback Hospital or Medical Center 230", "CATEGORY": "Hospital / Medical Center", "ADDRESS": "9431 Example Ave", "CITY": "Torrance", "STATE": "CA", "COUNTY": "Los Angeles", "ZIP": "92162", "LATITUDE": 34.305468, "LONGITUDE": -118.519429, "resource_type": "hospital", "source_status": "simulated_fallback_due_download_missing_or_unavailable", "data_use_note": "Fallback simulated point. Replace with real emergency resource GeoJSON if available."}, "geometry": {"type": "Point", "coordinates": [-118.519429, 34.305468]}}, {"type": "Feature", "properties": {"OBJECTID": 231, "NAME": "Fallback Hospital or Medical Center 231", "FACILITY_NAME": "Fallback Hospital or Medical Center 231", "CATEGORY": "Hospital / Medical Center", "ADDRESS": "5169 Example Ave", "CITY": "Santa Monica", "STATE": "CA", "COUNTY": "Los Angeles", "ZIP": "93181", "LATITUDE": 34.509693, "LONGITUDE": -118.552246, "resource_type": "hospital", "source_status": "simulated_fallback_due_download_missing_or_unavailable", "data_use_note": "Fallback simulated point. Replace with real emergency resource GeoJSON if available."}, "geometry": {"type": "Point", "coordinates": [-118.552246, 34.509693]}}, {"type": "Feature", "properties": {"OBJECTID": 232, "NAME": "Fallback Hospital or Medical Center 232", "FACILITY_NAME": "Fallback Hospital or Medical Center 232", "CATEGORY": "Hospital / Medical Center", "ADDRESS": "4780 Example Ave", "CITY": "Long Beach", "STATE": "CA", "COUNTY": "Los Angeles", "ZIP": "91887", "LATITUDE": 34.390198, "LONGITUDE": -117.818591, "resource_type": "hospital", "source_status": "simulated_fallback_due_download_missing_or_unavailable", "data_use_note": "Fallback simulated point. Replace with real emergency resource GeoJSON if available."}, "geometry": {"type": "Point", "coordinates": [-117.818591, 34.390198]}}, {"type": "Feature", "properties": {"OBJECTID": 233, "NAME": "Fallback Hospital or Medical Center 233", "FACILITY_NAME": "Fallback Hospital or Medical Center 233", "CATEGORY": "Hospital / Medical Center", "ADDRESS": "3394 Example Ave", "CITY": "Santa Monica", "STATE": "CA", "COUNTY": "Los Angeles", "ZIP": "91336", "LATITUDE": 34.458037, "LONGITUDE": -118.145539, "resource_type": "hospital", "source_status": "simulated_fallback_due_download_missing_or_unavailable", "data_use_note": "Fallback simulated point. Replace with real emergency resource GeoJSON if available."}, "geometry": {"type": "Point", "coordinates": [-118.145539, 34.458037]}}, {"type": "Feature", "properties": {"OBJECTID": 234, "NAME": "Fallback Hospital or Medical Center 234", "FACILITY_NAME": "Fallback Hospital or Medical Center 234", "CATEGORY": "Hospital / Medical Center", "ADDRESS": "7899 Example Ave", "CITY": "Long Beach", "STATE": "CA", "COUNTY": "Los Angeles", "ZIP": "92260", "LATITUDE": 34.251542, "LONGITUDE": -118.057208, "resource_type": "hospital", "source_status": "simulated_fallback_due_download_missing_or_unavailable", "data_use_note": "Fallback simulated point. Replace with real emergency resource GeoJSON if available."}, "geometry": {"type": "Point", "coordinates": [-118.057208, 34.251542]}}, {"type": "Feature", "properties": {"OBJECTID": 235, "NAME": "Fallback Hospital or Medical Center 235", "FACILITY_NAME": "Fallback Hospital or Medical Center 235", "CATEGORY": "Hospital / Medical Center", "ADDRESS": "895 Example Ave", "CITY": "Long Beach", "STATE": "CA", "COUNTY": "Los Angeles", "ZIP": "91637", "LATITUDE": 33.917593, "LONGITUDE": -117.954593, "resource_type": "hospital", "source_status": "simulated_fallback_due_download_missing_or_unavailable", "data_use_note": "Fallback simulated point. Replace with real emergency resource GeoJSON if available."}, "geometry": {"type": "Point", "coordinates": [-117.954593, 33.917593]}}, {"type": "Feature", "properties": {"OBJECTID": 236, "NAME": "Fallback Hospital or Medical Center 236", "FACILITY_NAME": "Fallback Hospital or Medical Center 236", "CATEGORY": "Hospital / Medical Center", "ADDRESS": "8601 Example Ave", "CITY": "Whittier", "STATE": "CA", "COUNTY": "Los Angeles", "ZIP": "91909", "LATITUDE": 34.317525, "LONGITUDE": -118.381859, "resource_type": "hospital", "source_status": "simulated_fallback_due_download_missing_or_unavailable", "data_use_note": "Fallback simulated point. Replace with real emergency resource GeoJSON if available."}, "geometry": {"type": "Point", "coordinates": [-118.381859, 34.317525]}}, {"type": "Feature", "properties": {"OBJECTID": 237, "NAME": "Fallback Hospital or Medical Center 237", "FACILITY_NAME": "Fallback Hospital or Medical Center 237", "CATEGORY": "Hospital / Medical Center", "ADDRESS": "1036 Example Ave", "CITY": "Pasadena", "STATE": "CA", "COUNTY": "Los Angeles", "ZIP": "92184", "LATITUDE": 34.470797, "LONGITUDE": -118.088157, "resource_type": "hospital", "source_status": "simulated_fallback_due_download_missing_or_unavailable", "data_use_note": "Fallback simulated point. Replace with real emergency resource GeoJSON if available."}, "geometry": {"type": "Point", "coordinates": [-118.088157, 34.470797]}}, {"type": "Feature", "properties": {"OBJECTID": 238, "NAME": "Fallback Hospital or Medical Center 238", "FACILITY_NAME": "Fallback Hospital or Medical Center 238", "CATEGORY": "Hospital / Medical Center", "ADDRESS": "1682 Example Ave", "CITY": "Pomona", "STATE": "CA", "COUNTY": "Los Angeles", "ZIP": "90419", "LATITUDE": 33.735745, "LONGITUDE": -118.41467, "resource_type": "hospital", "source_status": "simulated_fallback_due_download_missing_or_unavailable", "data_use_note": "Fallback simulated point. Replace with real emergency resource GeoJSON if available."}, "geometry": {"type": "Point", "coordinates": [-118.41467, 33.735745]}}, {"type": "Feature", "properties": {"OBJECTID": 239, "NAME": "Fallback Hospital or Medical Center 239", "FACILITY_NAME": "Fallback Hospital or Medical Center 239", "CATEGORY": "Hospital / Medical Center", "ADDRESS": "5469 Example Ave", "CITY": "Pomona", "STATE": "CA", "COUNTY": "Los Angeles", "ZIP": "91754", "LATITUDE": 34.46033, "LONGITUDE": -118.451703, "resource_type": "hospital", "source_status": "simulated_fallback_due_download_missing_or_unavailable", "data_use_note": "Fallback simulated point. Replace with real emergency resource GeoJSON if available."}, "geometry": {"type": "Point", "coordinates": [-118.451703, 34.46033]}}, {"type": "Feature", "properties": {"OBJECTID": 240, "NAME": "Fallback Hospital or Medical Center 240", "FACILITY_NAME": "Fallback Hospital or Medical Center 240", "CATEGORY": "Hospital / Medical Center", "ADDRESS": "7051 Example Ave", "CITY": "Santa Monica", "STATE": "CA", "COUNTY": "Los Angeles", "ZIP": "91454", "LATITUDE": 34.401411, "LONGITUDE": -118.176073, "resource_type": "hospital", "source_status": "simulated_fallback_due_download_missing_or_unavailable", "data_use_note": "Fallback simulated point. Replace with real emergency resource GeoJSON if available."}, "geometry": {"type": "Point", "coordinates": [-118.176073, 34.401411]}}, {"type": "Feature", "properties": {"OBJECTID": 241, "NAME": "Fallback Hospital or Medical Center 241", "FACILITY_NAME": "Fallback Hospital or Medical Center 241", "CATEGORY": "Hospital / Medical Center", "ADDRESS": "8542 Example Ave", "CITY": "Burbank", "STATE": "CA", "COUNTY": "Los Angeles", "ZIP": "90679", "LATITUDE": 33.966316, "LONGITUDE": -118.718258, "resource_type": "hospital", "source_status": "simulated_fallback_due_download_missing_or_unavailable", "data_use_note": "Fallback simulated point. Replace with real emergency resource GeoJSON if available."}, "geometry": {"type": "Point", "coordinates": [-118.718258, 33.966316]}}, {"type": "Feature", "properties": {"OBJECTID": 242, "NAME": "Fallback Hospital or Medical Center 242", "FACILITY_NAME": "Fallback Hospital or Medical Center 242", "CATEGORY": "Hospital / Medical Center", "ADDRESS": "2686 Example Ave", "CITY": "Glendale", "STATE": "CA", "COUNTY": "Los Angeles", "ZIP": "91394", "LATITUDE": 34.478294, "LONGITUDE": -118.667448, "resource_type": "hospital", "source_status": "simulated_fallback_due_download_missing_or_unavailable", "data_use_note": "Fallback simulated point. Replace with real emergency resource GeoJSON if available."}, "geometry": {"type": "Point", "coordinates": [-118.667448, 34.478294]}}, {"type": "Feature", "properties": {"OBJECTID": 243, "NAME": "Fallback Hospital or Medical Center 243", "FACILITY_NAME": "Fallback Hospital or Medical Center 243", "CATEGORY": "Hospital / Medical Center", "ADDRESS": "8923 Example Ave", "CITY": "Long Beach", "STATE": "CA", "COUNTY": "Los Angeles", "ZIP": "92917", "LATITUDE": 33.985711, "LONGITUDE": -118.398364, "resource_type": "hospital", "source_status": "simulated_fallback_due_download_missing_or_unavailable", "data_use_note": "Fallback simulated point. Replace with real emergency resource GeoJSON if available."}, "geometry": {"type": "Point", "coordinates": [-118.398364, 33.985711]}}, {"type": "Feature", "properties": {"OBJECTID": 244, "NAME": "Fallback Hospital or Medical Center 244", "FACILITY_NAME": "Fallback Hospital or Medical Center 244", "CATEGORY": "Hospital / Medical Center", "ADDRESS": "4318 Example Ave", "CITY": "Pomona", "STATE": "CA", "COUNTY": "Los Angeles", "ZIP": "91730", "LATITUDE": 33.826473, "LONGITUDE": -118.115312, "resource_type": "hospital", "source_status": "simulated_fallback_due_download_missing_or_unavailable", "data_use_note": "Fallback simulated point. Replace with real emergency resource GeoJSON if available."}, "geometry": {"type": "Point", "coordinates": [-118.115312, 33.826473]}}, {"type": "Feature", "properties": {"OBJECTID": 245, "NAME": "Fallback Hospital or Medical Center 245", "FACILITY_NAME": "Fallback Hospital or Medical Center 245", "CATEGORY": "Hospital / Medical Center", "ADDRESS": "1285 Example Ave", "CITY": "Long Beach", "STATE": "CA", "COUNTY": "Los Angeles", "ZIP": "93244", "LATITUDE": 34.527937, "LONGITUDE": -118.727928, "resource_type": "hospital", "source_status": "simulated_fallback_due_download_missing_or_unavailable", "data_use_note": "Fallback simulated point. Replace with real emergency resource GeoJSON if available."}, "geometry": {"type": "Point", "coordinates": [-118.727928, 34.527937]}}, {"type": "Feature", "properties": {"OBJECTID": 246, "NAME": "Fallback Hospital or Medical Center 246", "FACILITY_NAME": "Fallback Hospital or Medical Center 246", "CATEGORY": "Hospital / Medical Center", "ADDRESS": "8300 Example Ave", "CITY": "Los Angeles", "STATE": "CA", "COUNTY": "Los Angeles", "ZIP": "91789", "LATITUDE": 34.169392, "LONGITUDE": -118.353102, "resource_type": "hospital", "source_status": "simulated_fallback_due_download_missing_or_unavailable", "data_use_note": "Fallback simulated point. Replace with real emergency resource GeoJSON if available."}, "geometry": {"type": "Point", "coordinates": [-118.353102, 34.169392]}}, {"type": "Feature", "properties": {"OBJECTID": 247, "NAME": "Fallback Hospital or Medical Center 247", "FACILITY_NAME": "Fallback Hospital or Medical Center 247", "CATEGORY": "Hospital / Medical Center", "ADDRESS": "7131 Example Ave", "CITY": "Whittier", "STATE": "CA", "COUNTY": "Los Angeles", "ZIP": "93222", "LATITUDE": 34.276496, "LONGITUDE": -117.776272, "resource_type": "hospital", "source_status": "simulated_fallback_due_download_missing_or_unavailable", "data_use_note": "Fallback simulated point. Replace with real emergency resource GeoJSON if available."}, "geometry": {"type": "Point", "coordinates": [-117.776272, 34.276496]}}, {"type": "Feature", "properties": {"OBJECTID": 248, "NAME": "Fallback Hospital or Medical Center 248", "FACILITY_NAME": "Fallback Hospital or Medical Center 248", "CATEGORY": "Hospital / Medical Center", "ADDRESS": "2030 Example Ave", "CITY": "Pasadena", "STATE": "CA", "COUNTY": "Los Angeles", "ZIP": "90793", "LATITUDE": 34.495628, "LONGITUDE": -118.462874, "resource_type": "hospital", "source_status": "simulated_fallback_due_download_missing_or_unavailable", "data_use_note": "Fallback simulated point. Replace with real emergency resource GeoJSON if available."}, "geometry": {"type": "Point", "coordinates": [-118.462874, 34.495628]}}, {"type": "Feature", "properties": {"OBJECTID": 249, "NAME": "Fallback Hospital or Medical Center 249", "FACILITY_NAME": "Fallback Hospital or Medical Center 249", "CATEGORY": "Hospital / Medical Center", "ADDRESS": "7964 Example Ave", "CITY": "Pomona", "STATE": "CA", "COUNTY": "Los Angeles", "ZIP": "93569", "LATITUDE": 34.516312, "LONGITUDE": -118.457441, "resource_type": "hospital", "source_status": "simulated_fallback_due_download_missing_or_unavailable", "data_use_note": "Fallback simulated point. Replace with real emergency resource GeoJSON if available."}, "geometry": {"type": "Point", "coordinates": [-118.457441, 34.516312]}}, {"type": "Feature", "properties": {"OBJECTID": 250, "NAME": "Fallback Hospital or Medical Center 250", "FACILITY_NAME": "Fallback Hospital or Medical Center 250", "CATEGORY": "Hospital / Medical Center", "ADDRESS": "5200 Example Ave", "CITY": "Glendale", "STATE": "CA", "COUNTY": "Los Angeles", "ZIP": "92360", "LATITUDE": 34.382759, "LONGITUDE": -118.421925, "resource_type": "hospital", "source_status": "simulated_fallback_due_download_missing_or_unavailable", "data_use_note": "Fallback simulated point. Replace with real emergency resource GeoJSON if available."}, "geometry": {"type": "Point", "coordinates": [-118.421925, 34.382759]}}, {"type": "Feature", "properties": {"OBJECTID": 251, "NAME": "Fallback Hospital or Medical Center 251", "FACILITY_NAME": "Fallback Hospital or Medical Center 251", "CATEGORY": "Hospital / Medical Center", "ADDRESS": "4678 Example Ave", "CITY": "Long Beach", "STATE": "CA", "COUNTY": "Los Angeles", "ZIP": "90455", "LATITUDE": 33.947023, "LONGITUDE": -118.041194, "resource_type": "hospital", "source_status": "simulated_fallback_due_download_missing_or_unavailable", "data_use_note": "Fallback simulated point. Replace with real emergency resource GeoJSON if available."}, "geometry": {"type": "Point", "coordinates": [-118.041194, 33.947023]}}, {"type": "Feature", "properties": {"OBJECTID": 252, "NAME": "Fallback Hospital or Medical Center 252", "FACILITY_NAME": "Fallback Hospital or Medical Center 252", "CATEGORY": "Hospital / Medical Center", "ADDRESS": "1224 Example Ave", "CITY": "Whittier", "STATE": "CA", "COUNTY": "Los Angeles", "ZIP": "91940", "LATITUDE": 33.724782, "LONGITUDE": -117.926795, "resource_type": "hospital", "source_status": "simulated_fallback_due_download_missing_or_unavailable", "data_use_note": "Fallback simulated point. Replace with real emergency resource GeoJSON if available."}, "geometry": {"type": "Point", "coordinates": [-117.926795, 33.724782]}}, {"type": "Feature", "properties": {"OBJECTID": 253, "NAME": "Fallback Hospital or Medical Center 253", "FACILITY_NAME": "Fallback Hospital or Medical Center 253", "CATEGORY": "Hospital / Medical Center", "ADDRESS": "3518 Example Ave", "CITY": "Whittier", "STATE": "CA", "COUNTY": "Los Angeles", "ZIP": "90390", "LATITUDE": 33.902799, "LONGITUDE": -117.769643, "resource_type": "hospital", "source_status": "simulated_fallback_due_download_missing_or_unavailable", "data_use_note": "Fallback simulated point. Replace with real emergency resource GeoJSON if available."}, "geometry": {"type": "Point", "coordinates": [-117.769643, 33.902799]}}, {"type": "Feature", "properties": {"OBJECTID": 254, "NAME": "Fallback Hospital or Medical Center 254", "FACILITY_NAME": "Fallback Hospital or Medical Center 254", "CATEGORY": "Hospital / Medical Center", "ADDRESS": "2644 Example Ave", "CITY": "Long Beach", "STATE": "CA", "COUNTY": "Los Angeles", "ZIP": "91116", "LATITUDE": 33.719996, "LONGITUDE": -117.959351, "resource_type": "hospital", "source_status": "simulated_fallback_due_download_missing_or_unavailable", "data_use_note": "Fallback simulated point. Replace with real emergency resource GeoJSON if available."}, "geometry": {"type": "Point", "coordinates": [-117.959351, 33.719996]}}, {"type": "Feature", "properties": {"OBJECTID": 255, "NAME": "Fallback Hospital or Medical Center 255", "FACILITY_NAME": "Fallback Hospital or Medical Center 255", "CATEGORY": "Hospital / Medical Center", "ADDRESS": "855 Example Ave", "CITY": "Long Beach", "STATE": "CA", "COUNTY": "Los Angeles", "ZIP": "90257", "LATITUDE": 34.166169, "LONGITUDE": -118.743061, "resource_type": "hospital", "source_status": "simulated_fallback_due_download_missing_or_unavailable", "data_use_note": "Fallback simulated point. Replace with real emergency resource GeoJSON if available."}, "geometry": {"type": "Point", "coordinates": [-118.743061, 34.166169]}}, {"type": "Feature", "properties": {"OBJECTID": 256, "NAME": "Fallback Hospital or Medical Center 256", "FACILITY_NAME": "Fallback Hospital or Medical Center 256", "CATEGORY": "Hospital / Medical Center", "ADDRESS": "4197 Example Ave", "CITY": "Glendale", "STATE": "CA", "COUNTY": "Los Angeles", "ZIP": "90837", "LATITUDE": 33.74767, "LONGITUDE": -118.500614, "resource_type": "hospital", "source_status": "simulated_fallback_due_download_missing_or_unavailable", "data_use_note": "Fallback simulated point. Replace with real emergency resource GeoJSON if available."}, "geometry": {"type": "Point", "coordinates": [-118.500614, 33.74767]}}, {"type": "Feature", "properties": {"OBJECTID": 257, "NAME": "Fallback Hospital or Medical Center 257", "FACILITY_NAME": "Fallback Hospital or Medical Center 257", "CATEGORY": "Hospital / Medical Center", "ADDRESS": "245 Example Ave", "CITY": "Los Angeles", "STATE": "CA", "COUNTY": "Los Angeles", "ZIP": "90610", "LATITUDE": 34.533404, "LONGITUDE": -117.839012, "resource_type": "hospital", "source_status": "simulated_fallback_due_download_missing_or_unavailable", "data_use_note": "Fallback simulated point. Replace with real emergency resource GeoJSON if available."}, "geometry": {"type": "Point", "coordinates": [-117.839012, 34.533404]}}, {"type": "Feature", "properties": {"OBJECTID": 258, "NAME": "Fallback Hospital or Medical Center 258", "FACILITY_NAME": "Fallback Hospital or Medical Center 258", "CATEGORY": "Hospital / Medical Center", "ADDRESS": "2085 Example Ave", "CITY": "Torrance", "STATE": "CA", "COUNTY": "Los Angeles", "ZIP": "90266", "LATITUDE": 34.262371, "LONGITUDE": -117.900149, "resource_type": "hospital", "source_status": "simulated_fallback_due_download_missing_or_unavailable", "data_use_note": "Fallback simulated point. Replace with real emergency resource GeoJSON if available."}, "geometry": {"type": "Point", "coordinates": [-117.900149, 34.262371]}}, {"type": "Feature", "properties": {"OBJECTID": 259, "NAME": "Fallback Hospital or Medical Center 259", "FACILITY_NAME": "Fallback Hospital or Medical Center 259", "CATEGORY": "Hospital / Medical Center", "ADDRESS": "662 Example Ave", "CITY": "Pasadena", "STATE": "CA", "COUNTY": "Los Angeles", "ZIP": "92738", "LATITUDE": 34.236945, "LONGITUDE": -117.983867, "resource_type": "hospital", "source_status": "simulated_fallback_due_download_missing_or_unavailable", "data_use_note": "Fallback simulated point. Replace with real emergency resource GeoJSON if available."}, "geometry": {"type": "Point", "coordinates": [-117.983867, 34.236945]}}, {"type": "Feature", "properties": {"OBJECTID": 260, "NAME": "Fallback Hospital or Medical Center 260", "FACILITY_NAME": "Fallback Hospital or Medical Center 260", "CATEGORY": "Hospital / Medical Center", "ADDRESS": "7762 Example Ave", "CITY": "Lancaster", "STATE": "CA", "COUNTY": "Los Angeles", "ZIP": "93388", "LATITUDE": 34.447219, "LONGITUDE": -117.858242, "resource_type": "hospital", "source_status": "simulated_fallback_due_download_missing_or_unavailable", "data_use_note": "Fallback simulated point. Replace with real emergency resource GeoJSON if available."}, "geometry": {"type": "Point", "coordinates": [-117.858242, 34.447219]}}, {"type": "Feature", "properties": {"OBJECTID": 261, "NAME": "Fallback Hospital or Medical Center 261", "FACILITY_NAME": "Fallback Hospital or Medical Center 261", "CATEGORY": "Hospital / Medical Center", "ADDRESS": "6891 Example Ave", "CITY": "Pomona", "STATE": "CA", "COUNTY": "Los Angeles", "ZIP": "93523", "LATITUDE": 33.804538, "LONGITUDE": -118.277359, "resource_type": "hospital", "source_status": "simulated_fallback_due_download_missing_or_unavailable", "data_use_note": "Fallback simulated point. Replace with real emergency resource GeoJSON if available."}, "geometry": {"type": "Point", "coordinates": [-118.277359, 33.804538]}}, {"type": "Feature", "properties": {"OBJECTID": 262, "NAME": "Fallback Hospital or Medical Center 262", "FACILITY_NAME": "Fallback Hospital or Medical Center 262", "CATEGORY": "Hospital / Medical Center", "ADDRESS": "281 Example Ave", "CITY": "Los Angeles", "STATE": "CA", "COUNTY": "Los Angeles", "ZIP": "93227", "LATITUDE": 34.41893, "LONGITUDE": -117.822099, "resource_type": "hospital", "source_status": "simulated_fallback_due_download_missing_or_unavailable", "data_use_note": "Fallback simulated point. Replace with real emergency resource GeoJSON if available."}, "geometry": {"type": "Point", "coordinates": [-117.822099, 34.41893]}}, {"type": "Feature", "properties": {"OBJECTID": 263, "NAME": "Fallback Hospital or Medical Center 263", "FACILITY_NAME": "Fallback Hospital or Medical Center 263", "CATEGORY": "Hospital / Medical Center", "ADDRESS": "6006 Example Ave", "CITY": "Glendale", "STATE": "CA", "COUNTY": "Los Angeles", "ZIP": "92590", "LATITUDE": 34.477347, "LONGITUDE": -117.868889, "resource_type": "hospital", "source_status": "simulated_fallback_due_download_missing_or_unavailable", "data_use_note": "Fallback simulated point. Replace with real emergency resource GeoJSON if available."}, "geometry": {"type": "Point", "coordinates": [-117.868889, 34.477347]}}, {"type": "Feature", "properties": {"OBJECTID": 264, "NAME": "Fallback Hospital or Medical Center 264", "FACILITY_NAME": "Fallback Hospital or Medical Center 264", "CATEGORY": "Hospital / Medical Center", "ADDRESS": "5035 Example Ave", "CITY": "Santa Monica", "STATE": "CA", "COUNTY": "Los Angeles", "ZIP": "91767", "LATITUDE": 33.85493, "LONGITUDE": -118.303947, "resource_type": "hospital", "source_status": "simulated_fallback_due_download_missing_or_unavailable", "data_use_note": "Fallback simulated point. Replace with real emergency resource GeoJSON if available."}, "geometry": {"type": "Point", "coordinates": [-118.303947, 33.85493]}}, {"type": "Feature", "properties": {"OBJECTID": 265, "NAME": "Fallback Hospital or Medical Center 265", "FACILITY_NAME": "Fallback Hospital or Medical Center 265", "CATEGORY": "Hospital / Medical Center", "ADDRESS": "7458 Example Ave", "CITY": "Long Beach", "STATE": "CA", "COUNTY": "Los Angeles", "ZIP": "90727", "LATITUDE": 34.107783, "LONGITUDE": -118.253721, "resource_type": "hospital", "source_status": "simulated_fallback_due_download_missing_or_unavailable", "data_use_note": "Fallback simulated point. Replace with real emergency resource GeoJSON if available."}, "geometry": {"type": "Point", "coordinates": [-118.253721, 34.107783]}}, {"type": "Feature", "properties": {"OBJECTID": 266, "NAME": "Fallback Hospital or Medical Center 266", "FACILITY_NAME": "Fallback Hospital or Medical Center 266", "CATEGORY": "Hospital / Medical Center", "ADDRESS": "5833 Example Ave", "CITY": "Lancaster", "STATE": "CA", "COUNTY": "Los Angeles", "ZIP": "93023", "LATITUDE": 33.979052, "LONGITUDE": -118.08516, "resource_type": "hospital", "source_status": "simulated_fallback_due_download_missing_or_unavailable", "data_use_note": "Fallback simulated point. Replace with real emergency resource GeoJSON if available."}, "geometry": {"type": "Point", "coordinates": [-118.08516, 33.979052]}}, {"type": "Feature", "properties": {"OBJECTID": 267, "NAME": "Fallback Hospital or Medical Center 267", "FACILITY_NAME": "Fallback Hospital or Medical Center 267", "CATEGORY": "Hospital / Medical Center", "ADDRESS": "743 Example Ave", "CITY": "Glendale", "STATE": "CA", "COUNTY": "Los Angeles", "ZIP": "91615", "LATITUDE": 33.769333, "LONGITUDE": -118.655694, "resource_type": "hospital", "source_status": "simulated_fallback_due_download_missing_or_unavailable", "data_use_note": "Fallback simulated point. Replace with real emergency resource GeoJSON if available."}, "geometry": {"type": "Point", "coordinates": [-118.655694, 33.769333]}}, {"type": "Feature", "properties": {"OBJECTID": 268, "NAME": "Fallback Hospital or Medical Center 268", "FACILITY_NAME": "Fallback Hospital or Medical Center 268", "CATEGORY": "Hospital / Medical Center", "ADDRESS": "8498 Example Ave", "CITY": "Burbank", "STATE": "CA", "COUNTY": "Los Angeles", "ZIP": "90806", "LATITUDE": 33.91511, "LONGITUDE": -118.318297, "resource_type": "hospital", "source_status": "simulated_fallback_due_download_missing_or_unavailable", "data_use_note": "Fallback simulated point. Replace with real emergency resource GeoJSON if available."}, "geometry": {"type": "Point", "coordinates": [-118.318297, 33.91511]}}, {"type": "Feature", "properties": {"OBJECTID": 269, "NAME": "Fallback Hospital or Medical Center 269", "FACILITY_NAME": "Fallback Hospital or Medical Center 269", "CATEGORY": "Hospital / Medical Center", "ADDRESS": "3287 Example Ave", "CITY": "Lancaster", "STATE": "CA", "COUNTY": "Los Angeles", "ZIP": "91553", "LATITUDE": 34.036093, "LONGITUDE": -118.721883, "resource_type": "hospital", "source_status": "simulated_fallback_due_download_missing_or_unavailable", "data_use_note": "Fallback simulated point. Replace with real emergency resource GeoJSON if available."}, "geometry": {"type": "Point", "coordinates": [-118.721883, 34.036093]}}, {"type": "Feature", "properties": {"OBJECTID": 270, "NAME": "Fallback Hospital or Medical Center 270", "FACILITY_NAME": "Fallback Hospital or Medical Center 270", "CATEGORY": "Hospital / Medical Center", "ADDRESS": "6723 Example Ave", "CITY": "Glendale", "STATE": "CA", "COUNTY": "Los Angeles", "ZIP": "90889", "LATITUDE": 33.781326, "LONGITUDE": -118.315687, "resource_type": "hospital", "source_status": "simulated_fallback_due_download_missing_or_unavailable", "data_use_note": "Fallback simulated point. Replace with real emergency resource GeoJSON if available."}, "geometry": {"type": "Point", "coordinates": [-118.315687, 33.781326]}}, {"type": "Feature", "properties": {"OBJECTID": 271, "NAME": "Fallback Hospital or Medical Center 271", "FACILITY_NAME": "Fallback Hospital or Medical Center 271", "CATEGORY": "Hospital / Medical Center", "ADDRESS": "1828 Example Ave", "CITY": "Whittier", "STATE": "CA", "COUNTY": "Los Angeles", "ZIP": "93356", "LATITUDE": 34.528299, "LONGITUDE": -117.850331, "resource_type": "hospital", "source_status": "simulated_fallback_due_download_missing_or_unavailable", "data_use_note": "Fallback simulated point. Replace with real emergency resource GeoJSON if available."}, "geometry": {"type": "Point", "coordinates": [-117.850331, 34.528299]}}, {"type": "Feature", "properties": {"OBJECTID": 272, "NAME": "Fallback Hospital or Medical Center 272", "FACILITY_NAME": "Fallback Hospital or Medical Center 272", "CATEGORY": "Hospital / Medical Center", "ADDRESS": "288 Example Ave", "CITY": "Torrance", "STATE": "CA", "COUNTY": "Los Angeles", "ZIP": "90456", "LATITUDE": 33.832973, "LONGITUDE": -117.812407, "resource_type": "hospital", "source_status": "simulated_fallback_due_download_missing_or_unavailable", "data_use_note": "Fallback simulated point. Replace with real emergency resource GeoJSON if available."}, "geometry": {"type": "Point", "coordinates": [-117.812407, 33.832973]}}, {"type": "Feature", "properties": {"OBJECTID": 273, "NAME": "Fallback Hospital or Medical Center 273", "FACILITY_NAME": "Fallback Hospital or Medical Center 273", "CATEGORY": "Hospital / Medical Center", "ADDRESS": "7588 Example Ave", "CITY": "Whittier", "STATE": "CA", "COUNTY": "Los Angeles", "ZIP": "93459", "LATITUDE": 34.001061, "LONGITUDE": -118.429821, "resource_type": "hospital", "source_status": "simulated_fallback_due_download_missing_or_unavailable", "data_use_note": "Fallback simulated point. Replace with real emergency resource GeoJSON if available."}, "geometry": {"type": "Point", "coordinates": [-118.429821, 34.001061]}}, {"type": "Feature", "properties": {"OBJECTID": 274, "NAME": "Fallback Hospital or Medical Center 274", "FACILITY_NAME": "Fallback Hospital or Medical Center 274", "CATEGORY": "Hospital / Medical Center", "ADDRESS": "9478 Example Ave", "CITY": "Whittier", "STATE": "CA", "COUNTY": "Los Angeles", "ZIP": "90524", "LATITUDE": 34.294141, "LONGITUDE": -118.395359, "resource_type": "hospital", "source_status": "simulated_fallback_due_download_missing_or_unavailable", "data_use_note": "Fallback simulated point. Replace with real emergency resource GeoJSON if available."}, "geometry": {"type": "Point", "coordinates": [-118.395359, 34.294141]}}, {"type": "Feature", "properties": {"OBJECTID": 275, "NAME": "Fallback Hospital or Medical Center 275", "FACILITY_NAME": "Fallback Hospital or Medical Center 275", "CATEGORY": "Hospital / Medical Center", "ADDRESS": "4447 Example Ave", "CITY": "Long Beach", "STATE": "CA", "COUNTY": "Los Angeles", "ZIP": "90843", "LATITUDE": 34.415868, "LONGITUDE": -118.453047, "resource_type": "hospital", "source_status": "simulated_fallback_due_download_missing_or_unavailable", "data_use_note": "Fallback simulated point. Replace with real emergency resource GeoJSON if available."}, "geometry": {"type": "Point", "coordinates": [-118.453047, 34.415868]}}, {"type": "Feature", "properties": {"OBJECTID": 276, "NAME": "Fallback Hospital or Medical Center 276", "FACILITY_NAME": "Fallback Hospital or Medical Center 276", "CATEGORY": "Hospital / Medical Center", "ADDRESS": "3471 Example Ave", "CITY": "Los Angeles", "STATE": "CA", "COUNTY": "Los Angeles", "ZIP": "92395", "LATITUDE": 34.081835, "LONGITUDE": -118.135824, "resource_type": "hospital", "source_status": "simulated_fallback_due_download_missing_or_unavailable", "data_use_note": "Fallback simulated point. Replace with real emergency resource GeoJSON if available."}, "geometry": {"type": "Point", "coordinates": [-118.135824, 34.081835]}}, {"type": "Feature", "properties": {"OBJECTID": 277, "NAME": "Fallback Hospital or Medical Center 277", "FACILITY_NAME": "Fallback Hospital or Medical Center 277", "CATEGORY": "Hospital / Medical Center", "ADDRESS": "7185 Example Ave", "CITY": "Burbank", "STATE": "CA", "COUNTY": "Los Angeles", "ZIP": "90016", "LATITUDE": 33.864389, "LONGITUDE": -118.51353, "resource_type": "hospital", "source_status": "simulated_fallback_due_download_missing_or_unavailable", "data_use_note": "Fallback simulated point. Replace with real emergency resource GeoJSON if available."}, "geometry": {"type": "Point", "coordinates": [-118.51353, 33.864389]}}, {"type": "Feature", "properties": {"OBJECTID": 278, "NAME": "Fallback Hospital or Medical Center 278", "FACILITY_NAME": "Fallback Hospital or Medical Center 278", "CATEGORY": "Hospital / Medical Center", "ADDRESS": "4408 Example Ave", "CITY": "Long Beach", "STATE": "CA", "COUNTY": "Los Angeles", "ZIP": "92784", "LATITUDE": 34.183027, "LONGITUDE": -118.408423, "resource_type": "hospital", "source_status": "simulated_fallback_due_download_missing_or_unavailable", "data_use_note": "Fallback simulated point. Replace with real emergency resource GeoJSON if available."}, "geometry": {"type": "Point", "coordinates": [-118.408423, 34.183027]}}, {"type": "Feature", "properties": {"OBJECTID": 279, "NAME": "Fallback Hospital or Medical Center 279", "FACILITY_NAME": "Fallback Hospital or Medical Center 279", "CATEGORY": "Hospital / Medical Center", "ADDRESS": "6486 Example Ave", "CITY": "Glendale", "STATE": "CA", "COUNTY": "Los Angeles", "ZIP": "92130", "LATITUDE": 34.089718, "LONGITUDE": -118.333173, "resource_type": "hospital", "source_status": "simulated_fallback_due_download_missing_or_unavailable", "data_use_note": "Fallback simulated point. Replace with real emergency resource GeoJSON if available."}, "geometry": {"type": "Point", "coordinates": [-118.333173, 34.089718]}}, {"type": "Feature", "properties": {"OBJECTID": 280, "NAME": "Fallback Hospital or Medical Center 280", "FACILITY_NAME": "Fallback Hospital or Medical Center 280", "CATEGORY": "Hospital / Medical Center", "ADDRESS": "8202 Example Ave", "CITY": "Lancaster", "STATE": "CA", "COUNTY": "Los Angeles", "ZIP": "93312", "LATITUDE": 33.711757, "LONGITUDE": -118.09153, "resource_type": "hospital", "source_status": "simulated_fallback_due_download_missing_or_unavailable", "data_use_note": "Fallback simulated point. Replace with real emergency resource GeoJSON if available."}, "geometry": {"type": "Point", "coordinates": [-118.09153, 33.711757]}}, {"type": "Feature", "properties": {"OBJECTID": 281, "NAME": "Fallback Hospital or Medical Center 281", "FACILITY_NAME": "Fallback Hospital or Medical Center 281", "CATEGORY": "Hospital / Medical Center", "ADDRESS": "6160 Example Ave", "CITY": "Los Angeles", "STATE": "CA", "COUNTY": "Los Angeles", "ZIP": "90961", "LATITUDE": 34.200844, "LONGITUDE": -118.431344, "resource_type": "hospital", "source_status": "simulated_fallback_due_download_missing_or_unavailable", "data_use_note": "Fallback simulated point. Replace with real emergency resource GeoJSON if available."}, "geometry": {"type": "Point", "coordinates": [-118.431344, 34.200844]}}]}